2024-05-15 12:41:13 INFO  Aplicacion:99 - Arrancando EPIDAT...
2024-05-15 12:41:13 INFO  Aplicacion:222 - 





2024-05-15 12:41:13 INFO  Aplicacion:223 - --------------------------------------------------------
2024-05-15 12:41:13 INFO  Aplicacion:224 - EPIDAT v4.2
2024-05-15 12:41:13 INFO  Aplicacion:225 - 		Fecha de arranque: 15-may-2024 12:41:13
2024-05-15 12:41:13 INFO  Aplicacion:226 - 		Idioma: ES
2024-05-15 12:41:13 INFO  Aplicacion:227 - --------------------------------------------------------
2024-05-15 12:41:13 INFO  Aplicacion:228 - 

2024-05-15 12:41:13 DEBUG LeerPlugins:43 - Directorio Base:.\bin
2024-05-15 12:41:13 DEBUG LeerPlugins:71 - AjusteDeTasas.xml: Plugin 'ajusteDeTasas - 1.0 (indice 8)'
2024-05-15 12:41:13 DEBUG LeerPlugins:75 - 	Creada opción de menú 'Módulos/Ajuste de tasas/Método directo' con accion 'ajusteTasas.interfaz.AccionAjusteTasasDirecto'
2024-05-15 12:41:13 DEBUG LeerPlugins:75 - 	Creada opción de menú 'Módulos/Ajuste de tasas/Método indirecto' con accion 'ajusteTasas.interfaz.AccionAjusteTasasIndirecto'
2024-05-15 12:41:14 DEBUG LeerPlugins:71 - AnalisisBayesiano.xml: Plugin 'analisisBayesiano - 1.0 (indice 14)'
2024-05-15 12:41:14 DEBUG LeerPlugins:75 - 	Creada opción de menú 'Módulos/Análisis bayesiano/Teorema de Bayes' con accion 'analisisBayesiano.interfaz.ABTeoremaPlugin'
2024-05-15 12:41:14 DEBUG LeerPlugins:75 - 	Creada opción de menú 'Módulos/Análisis bayesiano/Odds ratio' con accion 'analisisBayesiano.interfaz.ABOddsRatioPlugin'
2024-05-15 12:41:14 DEBUG LeerPlugins:75 - 	Creada opción de menú 'Módulos/Análisis bayesiano/Proporción/Una población/Estimación de una proporción' con accion 'analisisBayesiano.interfaz.ABProporcionUnaEstimacionPlugin'
2024-05-15 12:41:14 DEBUG LeerPlugins:75 - 	Creada opción de menú 'Módulos/Análisis bayesiano/Proporción/Una población/Valoración de hipótesis' con accion 'analisisBayesiano.interfaz.ABProporcionUnaValoracionPlugin'
2024-05-15 12:41:14 DEBUG LeerPlugins:75 - 	Creada opción de menú 'Módulos/Análisis bayesiano/Proporción/Dos poblaciones/Estimación de efectos' con accion 'analisisBayesiano.interfaz.ABProporcionDosEstimacionPlugin'
2024-05-15 12:41:14 DEBUG LeerPlugins:75 - 	Creada opción de menú 'Módulos/Análisis bayesiano/Proporción/Dos poblaciones/Valoración de hipótesis' con accion 'analisisBayesiano.interfaz.ABProporcionDosValoracionPlugin'
2024-05-15 12:41:14 DEBUG LeerPlugins:75 - 	Creada opción de menú 'Módulos/Análisis bayesiano/Media/Una población/Estimación de una media' con accion 'analisisBayesiano.interfaz.ABMediaUnaEstimacionPlugin'
2024-05-15 12:41:14 DEBUG LeerPlugins:75 - 	Creada opción de menú 'Módulos/Análisis bayesiano/Media/Una población/Valoración de hipótesis' con accion 'analisisBayesiano.interfaz.ABMediaUnaValoracionPlugin'
2024-05-15 12:41:14 DEBUG LeerPlugins:75 - 	Creada opción de menú 'Módulos/Análisis bayesiano/Media/Dos poblaciones/Estimación de una diferencia' con accion 'analisisBayesiano.interfaz.ABMediaDosEstimacionPlugin'
2024-05-15 12:41:14 DEBUG LeerPlugins:75 - 	Creada opción de menú 'Módulos/Análisis bayesiano/Media/Dos poblaciones/Valoración de hipótesis' con accion 'analisisBayesiano.interfaz.ABMediaDosValoracionPlugin'
2024-05-15 12:41:14 DEBUG LeerPlugins:75 - 	Creada opción de menú 'Módulos/Análisis bayesiano/Valoración de pruebas convencionales' con accion 'analisisBayesiano.interfaz.ABValoracionPlugin'
2024-05-15 12:41:14 DEBUG LeerPlugins:71 - AnalisisDescriptivo.xml: Plugin 'Plugin - 1.0 (indice 0)'
2024-05-15 12:41:14 DEBUG LeerPlugins:75 - 	Creada opción de menú 'Módulos/Análisis descriptivo/Tablas de frecuencias' con accion 'analisisDescriptivo.interfaz.TablasFrecuenciaAccionPlugin'
2024-05-15 12:41:14 DEBUG LeerPlugins:75 - 	Creada opción de menú 'Módulos/Análisis descriptivo/Tablas de contingencia' con accion 'analisisDescriptivo.interfaz.TablasContingenciaAccionPlugin'
2024-05-15 12:41:14 DEBUG LeerPlugins:75 - 	Creada opción de menú 'Módulos/Análisis descriptivo/Estadísticos descriptivos' con accion 'analisisDescriptivo.interfaz.EstadisticosDescriptivosAccionPlugin'
2024-05-15 12:41:14 DEBUG LeerPlugins:75 - 	Creada opción de menú 'Módulos/Análisis descriptivo/Correlación' con accion 'analisisDescriptivo.interfaz.CorrelacionAccionPlugin'
2024-05-15 12:41:14 DEBUG LeerPlugins:75 - 	Creada opción de menú 'Módulos/Análisis descriptivo/Gráficos/Barras' con accion 'analisisDescriptivo.interfaz.GraficosBarrasAccionPlugin'
2024-05-15 12:41:14 DEBUG LeerPlugins:75 - 	Creada opción de menú 'Módulos/Análisis descriptivo/Gráficos/Sectores' con accion 'analisisDescriptivo.interfaz.GraficosSectoresAccionPlugin'
2024-05-15 12:41:14 DEBUG LeerPlugins:75 - 	Creada opción de menú 'Módulos/Análisis descriptivo/Gráficos/Líneas' con accion 'analisisDescriptivo.interfaz.GraficosLineasAccionPlugin'
2024-05-15 12:41:14 DEBUG LeerPlugins:75 - 	Creada opción de menú 'Módulos/Análisis descriptivo/Gráficos/Dispersión' con accion 'analisisDescriptivo.interfaz.GraficosDispersionAccionPlugin'
2024-05-15 12:41:14 DEBUG LeerPlugins:75 - 	Creada opción de menú 'Módulos/Análisis descriptivo/Gráficos/Histograma' con accion 'analisisDescriptivo.interfaz.GraficosHistogramaAccionPlugin'
2024-05-15 12:41:14 DEBUG LeerPlugins:75 - 	Creada opción de menú 'Módulos/Análisis descriptivo/Gráficos/Diagrama de cajas' con accion 'analisisDescriptivo.interfaz.GraficosDiagramaCajasAccionPlugin'
2024-05-15 12:41:14 DEBUG LeerPlugins:75 - 	Creada opción de menú 'Módulos/Análisis descriptivo/Gráficos/Intervalos de confianza' con accion 'analisisDescriptivo.interfaz.GraficosIntervalosConfianzaAccionPlugin'
2024-05-15 12:41:14 DEBUG LeerPlugins:71 - ConcordanciaYConsistencia.xml: Plugin 'ConcordanciaYConsistencia - 1.0 (indice 6)'
2024-05-15 12:41:14 DEBUG LeerPlugins:75 - 	Creada opción de menú 'Módulos/Concordancia y consistencia/Concordancia/2 Observadores' con accion 'concordanciaYConsistencia.interfaz.Concordancia2ObsAccionPlugin'
2024-05-15 12:41:14 DEBUG LeerPlugins:75 - 	Creada opción de menú 'Módulos/Concordancia y consistencia/Concordancia/3 o más observadores/2 categorías' con accion 'concordanciaYConsistencia.interfaz.Concordancia3_2CatAccionPlugin'
2024-05-15 12:41:14 DEBUG LeerPlugins:75 - 	Creada opción de menú 'Módulos/Concordancia y consistencia/Concordancia/3 o más observadores/3 ó más categorías' con accion 'concordanciaYConsistencia.interfaz.Concordancia3_3CatAccionPlugin'
2024-05-15 12:41:14 DEBUG LeerPlugins:75 - 	Creada opción de menú 'Módulos/Concordancia y consistencia/Concordancia/Comparación de kappas' con accion 'concordanciaYConsistencia.interfaz.ComparacionKappasAccionPlugin'
2024-05-15 12:41:14 DEBUG LeerPlugins:75 - 	Creada opción de menú 'Módulos/Concordancia y consistencia/Concordancia/Coeficiente de correlación intraclase' con accion 'concordanciaYConsistencia.interfaz.CorrelacionIntraclaseAccionPlugin'
2024-05-15 12:41:14 DEBUG LeerPlugins:75 - 	Creada opción de menú 'Módulos/Concordancia y consistencia/Concordancia/Método de Bland y Altman' con accion 'concordanciaYConsistencia.interfaz.BlandYAltmanAccionPlugin'
2024-05-15 12:41:14 DEBUG LeerPlugins:75 - 	Creada opción de menú 'Módulos/Concordancia y consistencia/Consistencia/Alpha de Cronbach' con accion 'concordanciaYConsistencia.interfaz.AlphaCronbachAccionPlugin'
2024-05-15 12:41:14 DEBUG LeerPlugins:71 - Demografia.xml: Plugin 'Demografía - 2.0 (indice 9)'
2024-05-15 12:41:14 DEBUG LeerPlugins:75 - 	Creada opción de menú 'Módulos/Demografía/Pirámides e indicadores/Pirámides de población' con accion 'demografia.interfaz.PiramidesAccionPlugin'
2024-05-15 12:41:14 DEBUG LeerPlugins:75 - 	Creada opción de menú 'Módulos/Demografía/Pirámides e indicadores/Indicadores de estructura' con accion 'demografia.interfaz.IndicadoresEstructuraAccionPlugin'
2024-05-15 12:41:14 DEBUG LeerPlugins:75 - 	Creada opción de menú 'Módulos/Demografía/Pirámides e indicadores/Indicadores de fecundidad' con accion 'demografia.interfaz.IndicadoresFecundidadAccionPlugin'
2024-05-15 12:41:14 DEBUG LeerPlugins:75 - 	Creada opción de menú 'Módulos/Demografía/Tablas de mortalidad' con accion 'demografia.interfaz.TablasMortalidadAccionPlugin'
2024-05-15 12:41:14 DEBUG LeerPlugins:75 - 	Creada opción de menú 'Módulos/Demografía/Expectativas de salud' con accion 'demografia.interfaz.ExpectativasSaludAccionPlugin'
2024-05-15 12:41:14 DEBUG LeerPlugins:75 - 	Creada opción de menú 'Módulos/Demografía/Años potenciales de vida perdidos/APVP y tasa bruta/Una causa y varias poblaciones' con accion 'demografia.interfaz.APVPYTasaBrutaUnaCausaAccionPlugin'
2024-05-15 12:41:14 DEBUG LeerPlugins:75 - 	Creada opción de menú 'Módulos/Demografía/Años potenciales de vida perdidos/APVP y tasa bruta/Varias causas y una población' con accion 'demografia.interfaz.APVPYTasaBrutaVariasCausasAccionPlugin'
2024-05-15 12:41:14 DEBUG LeerPlugins:75 - 	Creada opción de menú 'Módulos/Demografía/Años potenciales de vida perdidos/Tasa de APVP ajustada' con accion 'demografia.interfaz.TasaAPVPAjustadaAccionPlugin'
2024-05-15 12:41:14 DEBUG LeerPlugins:75 - 	Creada opción de menú 'Módulos/Demografía/Descomposición del cambio en la EV' con accion 'demografia.interfaz.DescomposicionCambioEVAccionPlugin'
2024-05-15 12:41:14 DEBUG LeerPlugins:75 - 	Creada opción de menú 'Módulos/Demografía/Años de esperanza de vida perdidos/Un período' con accion 'demografia.interfaz.AnosVidaPerdidosUnPeriodoAccionPlugin'
2024-05-15 12:41:14 DEBUG LeerPlugins:75 - 	Creada opción de menú 'Módulos/Demografía/Años de esperanza de vida perdidos/Comparación de dos períodos' con accion 'demografia.interfaz.AnosVidaPerdidosComparacionPeriodosAccionPlugin'
2024-05-15 12:41:14 DEBUG LeerPlugins:71 - DialogoAcercade.xml: Plugin 'Dialogo Acerca de ... - 1.0 (indice 5)'
2024-05-15 12:41:14 DEBUG LeerPlugins:75 - 	Creada opción de menú 'Ayuda/Acerca de' con accion 'dialogoacercade.interfaz.DialogoAcercaDeAccionPlugin'
2024-05-15 12:41:14 DEBUG LeerPlugins:71 - EstimacionMortalidad.xml: Plugin 'modulo - 1.0 (indice 10)'
2024-05-15 12:41:14 DEBUG LeerPlugins:75 - 	Creada opción de menú 'Módulos/Estimacion de la mortalidad atribuida/Al consumo de tabaco/Método dependiente de prevalencia/Riesgos del estudio CPSII' con accion 'estimacionMortalidad.interfaz.RiesgosCPSIIDependienteAccionPlugin'
2024-05-15 12:41:14 DEBUG LeerPlugins:75 - 	Creada opción de menú 'Módulos/Estimacion de la mortalidad atribuida/Al consumo de tabaco/Método dependiente de prevalencia/Riesgos de un estudio de cohortes' con accion 'estimacionMortalidad.interfaz.RiesgosCohortesDependienteAccionPlugin'
2024-05-15 12:41:14 DEBUG LeerPlugins:75 - 	Creada opción de menú 'Módulos/Estimacion de la mortalidad atribuida/Al consumo de tabaco/Método dependiente de prevalencia/Riesgos de un estudio de casos y controles' con accion 'estimacionMortalidad.interfaz.RiesgosCasosyControlesAccionPlugin'
2024-05-15 12:41:14 DEBUG LeerPlugins:75 - 	Creada opción de menú 'Módulos/Estimacion de la mortalidad atribuida/Al consumo de tabaco/Método independiente de prevalencia/Riesgos del estudio CPSII' con accion 'estimacionMortalidad.interfaz.RiesgosCPSIIIndependienteAccionPlugin'
2024-05-15 12:41:14 DEBUG LeerPlugins:75 - 	Creada opción de menú 'Módulos/Estimacion de la mortalidad atribuida/Al consumo de tabaco/Método independiente de prevalencia/Riesgos de un estudio de cohortes' con accion 'estimacionMortalidad.interfaz.RiesgosCohortesIndependienteAccionPlugin'
2024-05-15 12:41:14 DEBUG LeerPlugins:75 - 	Creada opción de menú 'Módulos/Estimacion de la mortalidad atribuida/A otro factor de riesgo/Riesgos de un estudio de cohortes' con accion 'estimacionMortalidad.interfaz.RiesgosCohortesDependiente2AccionPlugin'
2024-05-15 12:41:14 DEBUG LeerPlugins:75 - 	Creada opción de menú 'Módulos/Estimacion de la mortalidad atribuida/A otro factor de riesgo/Riesgos de un estudio de casos y controles' con accion 'estimacionMortalidad.interfaz.RiesgosCasosyControles2AccionPlugin'
2024-05-15 12:41:14 DEBUG LeerPlugins:71 - Herramientas.xml: Plugin 'Herramientas - 1.0 (indice 5)'
2024-05-15 12:41:14 DEBUG LeerPlugins:75 - 	Creada opción de menú 'Herramientas/Opciones' con accion 'herramientas.interfaz.OpcionesGraficasAccionPlugin'
2024-05-15 12:41:14 DEBUG LeerPlugins:71 - InferenciaSobreParametros.xml: Plugin 'inferenciasobreparametros - 1.0 (indice 5)'
2024-05-15 12:41:14 DEBUG LeerPlugins:75 - 	Creada opción de menú 'Módulos/Inferencia sobre parámetros/Una población/Media' con accion 'inferenciasobreparametros.interfaz.IPUnaPoblacionMediaAccionPlugin'
2024-05-15 12:41:14 DEBUG LeerPlugins:75 - 	Creada opción de menú 'Módulos/Inferencia sobre parámetros/Una población/Proporción' con accion 'inferenciasobreparametros.interfaz.IPUnaPoblacionProporcionAccionPlugin'
2024-05-15 12:41:14 DEBUG LeerPlugins:75 - 	Creada opción de menú 'Módulos/Inferencia sobre parámetros/Una población/Percentiles' con accion 'inferenciasobreparametros.interfaz.IPUnaPoblacionPercentilesAccionPlugin'
2024-05-15 12:41:14 DEBUG LeerPlugins:75 - 	Creada opción de menú 'Módulos/Inferencia sobre parámetros/Una población/Correlación' con accion 'inferenciasobreparametros.interfaz.IPUnaPoblacionCorrelacionAccionPlugin'
2024-05-15 12:41:14 DEBUG LeerPlugins:75 - 	Creada opción de menú 'Módulos/Inferencia sobre parámetros/Una población/Tasa de incidencia' con accion 'inferenciasobreparametros.interfaz.IPUnaPoblacionTasaIncidenciaAccionPlugin'
2024-05-15 12:41:14 DEBUG LeerPlugins:75 - 	Creada opción de menú 'Módulos/Inferencia sobre parámetros/Una población/Índice de posición' con accion 'inferenciasobreparametros.interfaz.IPUnaPoblacionIndicePosicionAccionPlugin'
2024-05-15 12:41:14 DEBUG LeerPlugins:75 - 	Creada opción de menú 'Módulos/Inferencia sobre parámetros/Dos poblaciones/Medias independientes' con accion 'inferenciasobreparametros.interfaz.IPDosPoblacionesMediasIndependientesAccionPlugin'
2024-05-15 12:41:14 DEBUG LeerPlugins:75 - 	Creada opción de menú 'Módulos/Inferencia sobre parámetros/Dos poblaciones/Medias emparejadas' con accion 'inferenciasobreparametros.interfaz.IPDosPoblacionesMediasEmparejadasAccionPlugin'
2024-05-15 12:41:14 DEBUG LeerPlugins:75 - 	Creada opción de menú 'Módulos/Inferencia sobre parámetros/Dos poblaciones/Proporciones independientes' con accion 'inferenciasobreparametros.interfaz.IPDosPoblacionesProporcionesIndependientesAccionPlugin'
2024-05-15 12:41:14 DEBUG LeerPlugins:75 - 	Creada opción de menú 'Módulos/Inferencia sobre parámetros/Dos poblaciones/Proporciones emparejadas' con accion 'inferenciasobreparametros.interfaz.IPDosPoblacionesProporcionesEmparejadasAccionPlugin'
2024-05-15 12:41:14 DEBUG LeerPlugins:75 - 	Creada opción de menú 'Módulos/Inferencia sobre parámetros/Dos poblaciones/Tasas de incidencia' con accion 'inferenciasobreparametros.interfaz.IPDosPoblacionesTasasIncidenciasAccionPlugin'
2024-05-15 12:41:14 DEBUG LeerPlugins:75 - 	Creada opción de menú 'Módulos/Inferencia sobre parámetros/Comparación no paramétrica/Medias independientes' con accion 'inferenciasobreparametros.interfaz.IPNoParametricaMediasIndependientesAccionPlugin'
2024-05-15 12:41:14 DEBUG LeerPlugins:75 - 	Creada opción de menú 'Módulos/Inferencia sobre parámetros/Comparación no paramétrica/Medias emparejadas' con accion 'inferenciasobreparametros.interfaz.IPNoParametricaMediasEmparejadasAccionPlugin'
2024-05-15 12:41:14 DEBUG LeerPlugins:75 - 	Creada opción de menú 'Módulos/Inferencia sobre parámetros/Contraste de normalidad' con accion 'inferenciasobreparametros.interfaz.IPContrasteNormalidadAccionPlugin'
2024-05-15 12:41:14 DEBUG LeerPlugins:71 - Internacionalizacion.xml: Plugin 'Herramientas - 1.0 (indice 5)'
2024-05-15 12:41:14 DEBUG LeerPlugins:75 - 	Creada opción de menú 'Herramientas/Idioma' con accion 'com.epidat.internacionalizacion.interfaz.CambiarIdiomaMenuItem'
2024-05-15 12:41:14 DEBUG LeerPlugins:71 - MedicionEnDesigualdadesEnSalud.xml: Plugin 'Medición de Desigualdades - 2.0 (indice 18)'
2024-05-15 12:41:14 DEBUG LeerPlugins:75 - 	Creada opción de menú 'Módulos/Medición de desigualdades en salud/Índices para categorías ordenadas/Índices basados en comparaciones dos a dos' con accion 'medicionDesigualdadesSalud.interfaz.Comparacion2a2VarOrdenadasAccionPlugin'
2024-05-15 12:41:14 DEBUG LeerPlugins:75 - 	Creada opción de menú 'Módulos/Medición de desigualdades en salud/Índices para categorías ordenadas/Índices basados en el modelo de regresión' con accion 'medicionDesigualdadesSalud.interfaz.IndicesDesigualdadAccionPlugin'
2024-05-15 12:41:14 DEBUG LeerPlugins:75 - 	Creada opción de menú 'Módulos/Medición de desigualdades en salud/Índices para categorías ordenadas/Índice de Gini e índice de concentración/Índice de Gini y curva de Lorenz' con accion 'medicionDesigualdadesSalud.interfaz.IndiceGiniCurvaLorenzAccionPlugin'
2024-05-15 12:41:14 DEBUG LeerPlugins:75 - 	Creada opción de menú 'Módulos/Medición de desigualdades en salud/Índices para categorías ordenadas/Índice de Gini e índice de concentración/Índice y curva de concentración' con accion 'medicionDesigualdadesSalud.interfaz.IndiceCurvaConcentracionAccionPlugin'
2024-05-15 12:41:14 DEBUG LeerPlugins:75 - 	Creada opción de menú 'Módulos/Medición de desigualdades en salud/Índices para categorías no ordenadas/Índices basados en comparaciones dos a dos' con accion 'medicionDesigualdadesSalud.interfaz.Comparacion2a2VarDesordenadasAccionPlugin'
2024-05-15 12:41:14 DEBUG LeerPlugins:75 - 	Creada opción de menú 'Módulos/Medición de desigualdades en salud/Índices para categorías no ordenadas/Índices de dispersión' con accion 'medicionDesigualdadesSalud.interfaz.IndicesDeDispersionAccionPlugin'
2024-05-15 12:41:14 DEBUG LeerPlugins:75 - 	Creada opción de menú 'Módulos/Medición de desigualdades en salud/Índices para categorías no ordenadas/Índices basados en la comparación de distribuciones de probabilidad' con accion 'medicionDesigualdadesSalud.interfaz.IndicesBasadosComparacionDistProbabilidadAccionPlugin'
2024-05-15 12:41:14 DEBUG LeerPlugins:75 - 	Creada opción de menú 'Módulos/Medición de desigualdades en salud/Índice de efecto' con accion 'medicionDesigualdadesSalud.interfaz.IndiceEfectoAccionPlugin'
2024-05-15 12:41:14 DEBUG LeerPlugins:71 - ModulosFaltantes.xml: Plugin 'modulosFaltantes - 1.0 (indice 1)'
2024-05-15 12:41:14 DEBUG LeerPlugins:75 - 	Creada opción de menú 'Ayuda/Módulos aún no implementados' con accion 'modulosFaltantes.interfaz.AyudaPlugin'
2024-05-15 12:41:14 DEBUG LeerPlugins:71 - MuestreoSeleccionYEstimacion.xml: Plugin 'Muestreo 2 - 1.0 (indice 3)'
2024-05-15 12:41:14 DEBUG LeerPlugins:75 - 	Creada opción de menú 'Módulos/Muestreo/Selección de muestras/Muestreo simple aleatorio' con accion 'seleccionMuestras.interfaz.MuestreoSimpleAleatorioAccionPlugin'
2024-05-15 12:41:14 DEBUG LeerPlugins:75 - 	Creada opción de menú 'Módulos/Muestreo/Selección de muestras/Muestreo sistemático' con accion 'seleccionMuestras.interfaz.MuestreoSistematicoAccionPlugin'
2024-05-15 12:41:14 DEBUG LeerPlugins:75 - 	Creada opción de menú 'Módulos/Muestreo/Selección de muestras/Muestreo aleatorio estratificado' con accion 'seleccionMuestras.interfaz.MuestreoAleatorioEstratificadoAccionPlugin'
2024-05-15 12:41:14 DEBUG LeerPlugins:75 - 	Creada opción de menú 'Módulos/Muestreo/Selección de muestras/Muestreo por conglomerados monoetápico' con accion 'seleccionMuestras.interfaz.MuestreoConglomeradosMonoAccionPlugin'
2024-05-15 12:41:14 DEBUG LeerPlugins:75 - 	Creada opción de menú 'Módulos/Muestreo/Selección de muestras/Muestreo por conglomerados bietápico' con accion 'seleccionMuestras.interfaz.MuestreoConglomeradosBiAccionPlugin'
2024-05-15 12:41:14 DEBUG LeerPlugins:75 - 	Creada opción de menú 'Módulos/Muestreo/Selección de muestras/Muestreo por conglomerados monoetápico estratificado' con accion 'seleccionMuestras.interfaz.MuestreoConglMonoEstratAccionPlugin'
2024-05-15 12:41:14 DEBUG LeerPlugins:75 - 	Creada opción de menú 'Módulos/Muestreo/Selección de muestras/Muestreo por conglomerados bietápico estratificado' con accion 'seleccionMuestras.interfaz.MuestreoConglBiEstratAccionPlugin'
2024-05-15 12:41:14 DEBUG LeerPlugins:75 - 	Creada opción de menú 'Módulos/Muestreo/Asignación de sujetos a tratamientos' con accion 'seleccionMuestras.interfaz.AsignacionSujetosTratamientosAccionPlugin'
2024-05-15 12:41:14 DEBUG LeerPlugins:75 - 	Creada opción de menú 'Módulos/Muestreo/Estimación con muestras complejas' con accion 'emuco.interfaz.EmucoAccionPlugin'
2024-05-15 12:41:14 DEBUG LeerPlugins:71 - MuestreoTamanosDeMuestra.xml: Plugin 'Muestreo 1 - 1.0 (indice 2)'
2024-05-15 12:41:14 DEBUG LeerPlugins:75 - 	Creada opción de menú 'Módulos/Muestreo/Cálculo de tamaños de muestra/Intervalos de confianza/Media' con accion 'tamsMuestra.intervalosConfianza.interfaz.MediaAccionPlugin'
2024-05-15 12:41:14 DEBUG LeerPlugins:75 - 	Creada opción de menú 'Módulos/Muestreo/Cálculo de tamaños de muestra/Intervalos de confianza/Proporción' con accion 'tamsMuestra.intervalosConfianza.interfaz.ProporcionAccionPlugin'
2024-05-15 12:41:14 DEBUG LeerPlugins:75 - 	Creada opción de menú 'Módulos/Muestreo/Cálculo de tamaños de muestra/Intervalos de confianza/Odds ratio' con accion 'tamsMuestra.intervalosConfianza.interfaz.OddsRatioAccionPlugin'
2024-05-15 12:41:14 DEBUG LeerPlugins:75 - 	Creada opción de menú 'Módulos/Muestreo/Cálculo de tamaños de muestra/Intervalos de confianza/Riesgo relativo' con accion 'tamsMuestra.intervalosConfianza.interfaz.RiesgoRelativoAccionPlugin'
2024-05-15 12:41:14 DEBUG LeerPlugins:75 - 	Creada opción de menú 'Módulos/Muestreo/Cálculo de tamaños de muestra/Intervalos de confianza/Concordancia' con accion 'tamsMuestra.intervalosConfianza.interfaz.ConcordanciaAccionPlugin'
2024-05-15 12:41:14 DEBUG LeerPlugins:75 - 	Creada opción de menú 'Módulos/Muestreo/Cálculo de tamaños de muestra/Intervalos de confianza/Pruebas diagnósticas' con accion 'tamsMuestra.intervalosConfianza.interfaz.SensibilidadYEspecificidadAccionPlugin'
2024-05-15 12:41:14 DEBUG LeerPlugins:75 - 	Creada opción de menú 'Módulos/Muestreo/Cálculo de tamaños de muestra/Contraste de hipótesis/Comparación de medias/Grupos independientes' con accion 'tamsMuestra.contrastesHipotesis.interfaz.ComparacionMediasIndependientesAccionPlugin'
2024-05-15 12:41:14 DEBUG LeerPlugins:75 - 	Creada opción de menú 'Módulos/Muestreo/Cálculo de tamaños de muestra/Contraste de hipótesis/Comparación de medias/Grupos emparejados' con accion 'tamsMuestra.contrastesHipotesis.interfaz.ComparacionMediasEmparejadasAccionPlugin'
2024-05-15 12:41:14 DEBUG LeerPlugins:75 - 	Creada opción de menú 'Módulos/Muestreo/Cálculo de tamaños de muestra/Contraste de hipótesis/Comparación de proporciones/Grupos independientes' con accion 'tamsMuestra.contrastesHipotesis.interfaz.ComparacionProporcionesIndependientesAccionPlugin'
2024-05-15 12:41:14 DEBUG LeerPlugins:75 - 	Creada opción de menú 'Módulos/Muestreo/Cálculo de tamaños de muestra/Contraste de hipótesis/Comparación de proporciones/Grupos emparejados' con accion 'tamsMuestra.contrastesHipotesis.interfaz.ComparacionProporcionesEmparejadasAccionPlugin'
2024-05-15 12:41:14 DEBUG LeerPlugins:75 - 	Creada opción de menú 'Módulos/Muestreo/Cálculo de tamaños de muestra/Contraste de hipótesis/Estudios de casos y controles/Grupos independientes' con accion 'tamsMuestra.contrastesHipotesis.interfaz.EstudiosCasosIndependientesAccionPlugin'
2024-05-15 12:41:14 DEBUG LeerPlugins:75 - 	Creada opción de menú 'Módulos/Muestreo/Cálculo de tamaños de muestra/Contraste de hipótesis/Estudios de cohorte' con accion 'tamsMuestra.contrastesHipotesis.interfaz.EstudiosCohorteAccionPlugin'
2024-05-15 12:41:14 DEBUG LeerPlugins:75 - 	Creada opción de menú 'Módulos/Muestreo/Cálculo de tamaños de muestra/Contraste de hipótesis/Estudios de casos y controles/Grupos emparejados' con accion 'tamsMuestra.contrastesHipotesis.interfaz.EstudiosCasosEmparejadosAccionPlugin'
2024-05-15 12:41:14 DEBUG LeerPlugins:75 - 	Creada opción de menú 'Módulos/Muestreo/Cálculo de tamaños de muestra/Contraste de hipótesis/Estudios de equivalencia/Equivalencia de medias' con accion 'tamsMuestra.contrastesHipotesis.interfaz.EquivalenciaMediasAccionPlugin'
2024-05-15 12:41:14 DEBUG LeerPlugins:75 - 	Creada opción de menú 'Módulos/Muestreo/Cálculo de tamaños de muestra/Contraste de hipótesis/Estudios de equivalencia/Equivalencia de proporciones' con accion 'tamsMuestra.contrastesHipotesis.interfaz.EquivalenciaProporcionesAccionPlugin'
2024-05-15 12:41:14 DEBUG LeerPlugins:75 - 	Creada opción de menú 'Módulos/Muestreo/Cálculo de tamaños de muestra/Contraste de hipótesis/Pruebas diagnósticas/Grupos independientes' con accion 'tamsMuestra.contrastesHipotesis.interfaz.PruebasDxGIAccionPlugin'
2024-05-15 12:41:14 DEBUG LeerPlugins:75 - 	Creada opción de menú 'Módulos/Muestreo/Cálculo de tamaños de muestra/Contraste de hipótesis/Pruebas diagnósticas/Grupos emparejados' con accion 'tamsMuestra.contrastesHipotesis.interfaz.PruebasDxGEAccionPlugin'
2024-05-15 12:41:14 DEBUG LeerPlugins:75 - 	Creada opción de menú 'Módulos/Muestreo/Cálculo de tamaños de muestra/Contraste de hipótesis/Calidad de lotes' con accion 'tamsMuestra.contrastesHipotesis.interfaz.CalidadLotesAccionPlugin'
2024-05-15 12:41:14 DEBUG LeerPlugins:75 - 	Creada opción de menú 'Módulos/Muestreo/Cálculo de tamaños de muestra/Contraste de hipótesis/Supervivencia' con accion 'tamsMuestra.contrastesHipotesis.interfaz.SupervivenciaAccionPlugin'
2024-05-15 12:41:14 DEBUG LeerPlugins:75 - 	Creada opción de menú 'Módulos/Muestreo/Cálculo de tamaños de muestra/Contraste de hipótesis/Coeficiente de correlación' con accion 'tamsMuestra.contrastesHipotesis.interfaz.CorrelacionAccionPlugin'
2024-05-15 12:41:14 DEBUG LeerPlugins:71 - Privaciones.xml: Plugin 'privaciones - 1.0 (indice 16)'
2024-05-15 12:41:14 DEBUG LeerPlugins:75 - 	Creada opción de menú 'Módulos/Índices de desarrollo o privación/Índice de desarrollo humano (IDH)' con accion 'privaciones.interfaz.Privations_Pluggin_AE_IDH'
2024-05-15 12:41:14 DEBUG LeerPlugins:75 - 	Creada opción de menú 'Módulos/Índices de desarrollo o privación/Índice de desarrollo humano corregido para desigualdad de género (IDHG)' con accion 'privaciones.interfaz.Privations_Pluggin_AE_IDHG'
2024-05-15 12:41:14 DEBUG LeerPlugins:75 - 	Creada opción de menú 'Módulos/Índices de desarrollo o privación/Índice de Pobreza 1 (IP1)' con accion 'privaciones.interfaz.Privations_Pluggin_AE_IP1'
2024-05-15 12:41:14 DEBUG LeerPlugins:75 - 	Creada opción de menú 'Módulos/Índices de desarrollo o privación/Índice de Pobreza 2 (IP2)' con accion 'privaciones.interfaz.Privations_Pluggin_AE_IP2'
2024-05-15 12:41:14 DEBUG LeerPlugins:75 - 	Creada opción de menú 'Módulos/Índices de desarrollo o privación/Índice de pobreza multidimensional (IPM)' con accion 'privaciones.interfaz.Privations_Pluggin_AE_IPM'
2024-05-15 12:41:14 DEBUG LeerPlugins:75 - 	Creada opción de menú 'Módulos/Índices de desarrollo o privación/Índice de desarrollo de la niñez (IDN)' con accion 'privaciones.interfaz.Privations_Pluggin_AE_IDN'
2024-05-15 12:41:14 DEBUG LeerPlugins:75 - 	Creada opción de menú 'Módulos/Índices de desarrollo o privación/Índice de oportunidades en la niñez (ION)' con accion 'privaciones.interfaz.Privations_Pluggin_AE_ION'
2024-05-15 12:41:14 DEBUG LeerPlugins:71 - Probabilidades.xml: Plugin 'Distribuciones de probabilidad - 2.0 (indice 13)'
2024-05-15 12:41:14 DEBUG LeerPlugins:75 - 	Creada opción de menú 'Módulos/Distribuciones de probabilidad/Cálculo de probabilidades/Distribuciones discretas' con accion 'probabilidades.interfaz.ProbabilidadCalcDiscretasAccionPlugin'
2024-05-15 12:41:14 DEBUG LeerPlugins:75 - 	Creada opción de menú 'Módulos/Distribuciones de probabilidad/Cálculo de probabilidades/Distribuciones continuas' con accion 'probabilidades.interfaz.ProbabilidadCalcContinuasAccionPlugin'
2024-05-15 12:41:14 DEBUG LeerPlugins:75 - 	Creada opción de menú 'Módulos/Distribuciones de probabilidad/Generación de distribuciones/Distribuciones discretas' con accion 'probabilidades.interfaz.ProbabilidadGenDiscretasAccionPlugin'
2024-05-15 12:41:14 DEBUG LeerPlugins:75 - 	Creada opción de menú 'Módulos/Distribuciones de probabilidad/Generación de distribuciones/Distribuciones continuas' con accion 'probabilidades.interfaz.ProbabilidadGenContinuasAccionPlugin'
2024-05-15 12:41:14 DEBUG LeerPlugins:71 - RegresionLogistica.xml: Plugin 'regresion - 1.0 (indice 11)'
2024-05-15 12:41:14 DEBUG LeerPlugins:75 - 	Creada opción de menú 'Módulos/Regresión logística/Regresión logística' con accion 'regresion.interfaz.Regression_Pluggin_AE'
2024-05-15 12:41:14 INFO  Aplicacion:370 - Se ha leído el archivo de recientes
2024-05-15 12:41:15 WARN  StandardResourceBundle:33 - El bundle creado por 'EntornoEpidatBundle' no ha encontrado la clave 'EpidatForm.nomArchivoOculto.AccessibleContext.accessibleName' o es vacía.
2024-05-15 12:41:15 WARN  StandardResourceBundle:33 - El bundle creado por 'EntornoEpidatBundle' no ha encontrado la clave 'EpidatForm.nomArchivoOculto.AccessibleContext.accessibleDescription' o es vacía.
2024-05-15 12:41:15 WARN  StandardResourceBundle:33 - El bundle creado por 'EntornoEpidatBundle' no ha encontrado la clave 'EpidatForm.text' o es vacía.
2024-05-15 12:41:15 WARN  StandardResourceBundle:33 - El bundle creado por 'EntornoEpidatBundle' no ha encontrado la clave 'EpidatForm.text' o es vacía.
2024-05-15 12:41:15 WARN  StandardResourceBundle:33 - El bundle creado por 'EntornoEpidatBundle' no ha encontrado la clave 'EpidatForm.text' o es vacía.
2024-05-15 12:41:15 WARN  StandardResourceBundle:33 - El bundle creado por 'EntornoEpidatBundle' no ha encontrado la clave 'EpidatForm.botonColor.text' o es vacía.
2024-05-15 12:41:15 WARN  StandardResourceBundle:33 - El bundle creado por 'EntornoEpidatBundle' no ha encontrado la clave 'EpidatForm.botonAlineaI.text' o es vacía.
2024-05-15 12:41:15 WARN  StandardResourceBundle:33 - El bundle creado por 'EntornoEpidatBundle' no ha encontrado la clave 'EpidatForm.botonAlineaC.text' o es vacía.
2024-05-15 12:41:15 WARN  StandardResourceBundle:33 - El bundle creado por 'EntornoEpidatBundle' no ha encontrado la clave 'EpidatForm.botonAlineaD.text' o es vacía.
2024-05-15 12:41:15 WARN  StandardResourceBundle:33 - El bundle creado por 'EntornoEpidatBundle' no ha encontrado la clave 'EpidatForm.botonAlineaJ.text' o es vacía.
2024-05-15 12:41:15 WARN  StandardResourceBundle:33 - El bundle creado por 'EntornoEpidatBundle' no ha encontrado la clave 'EpidatForm.nomArchivoPresentado.text' o es vacía.
2024-05-15 12:41:15 WARN  StandardResourceBundle:33 - El bundle creado por 'EntornoEpidatBundle' no ha encontrado la clave 'EpidatForm.labelProgreso.text' o es vacía.
2024-05-15 12:41:15 DEBUG PluginEstandar:42 - Aplicando cambios de plugin 'Plugin'...
2024-05-15 12:41:15 DEBUG CambioUIMenu:104 - Insertando item de menú 'Análisis descriptivo' en posicion 0
2024-05-15 12:41:15 DEBUG CambioUIMenu:113 - Insertando item de menú 'Tablas de frecuencias' en posicion 0
2024-05-15 12:41:15 DEBUG CambioUIMenu:113 - Insertando item de menú 'Tablas de contingencia' en posicion 1
2024-05-15 12:41:15 DEBUG CambioUIMenu:113 - Insertando item de menú 'Estadísticos descriptivos' en posicion 2
2024-05-15 12:41:15 DEBUG CambioUIMenu:113 - Insertando item de menú 'Correlación' en posicion 3
2024-05-15 12:41:15 DEBUG CambioUIMenu:104 - Insertando item de menú 'Gráficos' en posicion 4
2024-05-15 12:41:15 DEBUG CambioUIMenu:113 - Insertando item de menú 'Barras' en posicion 0
2024-05-15 12:41:15 DEBUG CambioUIMenu:113 - Insertando item de menú 'Sectores' en posicion 1
2024-05-15 12:41:15 DEBUG CambioUIMenu:113 - Insertando item de menú 'Líneas' en posicion 2
2024-05-15 12:41:15 DEBUG CambioUIMenu:113 - Insertando item de menú 'Dispersión' en posicion 3
2024-05-15 12:41:15 DEBUG CambioUIMenu:113 - Insertando item de menú 'Histograma' en posicion 4
2024-05-15 12:41:15 DEBUG CambioUIMenu:113 - Insertando item de menú 'Diagrama de cajas' en posicion 5
2024-05-15 12:41:15 DEBUG CambioUIMenu:113 - Insertando item de menú 'Intervalos de confianza' en posicion 6
2024-05-15 12:41:15 DEBUG PluginEstandar:42 - Aplicando cambios de plugin 'modulosFaltantes'...
2024-05-15 12:41:16 DEBUG CambioUIMenu:113 - Insertando item de menú 'Módulos aún no implementados' en posicion 2
2024-05-15 12:41:16 DEBUG PluginEstandar:42 - Aplicando cambios de plugin 'Muestreo 1'...
2024-05-15 12:41:16 DEBUG CambioUIMenu:104 - Insertando item de menú 'Muestreo' en posicion 1
2024-05-15 12:41:16 DEBUG CambioUIMenu:104 - Insertando item de menú 'Cálculo de tamaños de muestra' en posicion 0
2024-05-15 12:41:16 DEBUG CambioUIMenu:104 - Insertando item de menú 'Intervalos de confianza' en posicion 0
2024-05-15 12:41:16 DEBUG CambioUIMenu:113 - Insertando item de menú 'Media' en posicion 0
2024-05-15 12:41:16 DEBUG CambioUIMenu:113 - Insertando item de menú 'Proporción' en posicion 1
2024-05-15 12:41:16 DEBUG CambioUIMenu:113 - Insertando item de menú 'Odds ratio' en posicion 2
2024-05-15 12:41:16 DEBUG CambioUIMenu:113 - Insertando item de menú 'Riesgo relativo' en posicion 3
2024-05-15 12:41:16 DEBUG CambioUIMenu:113 - Insertando item de menú 'Concordancia' en posicion 4
2024-05-15 12:41:16 DEBUG CambioUIMenu:113 - Insertando item de menú 'Pruebas diagnósticas' en posicion 5
2024-05-15 12:41:16 DEBUG CambioUIMenu:104 - Insertando item de menú 'Contraste de hipótesis' en posicion 1
2024-05-15 12:41:16 DEBUG CambioUIMenu:104 - Insertando item de menú 'Comparación de medias' en posicion 0
2024-05-15 12:41:16 DEBUG CambioUIMenu:113 - Insertando item de menú 'Grupos independientes' en posicion 0
2024-05-15 12:41:16 DEBUG CambioUIMenu:113 - Insertando item de menú 'Grupos emparejados' en posicion 1
2024-05-15 12:41:16 DEBUG CambioUIMenu:104 - Insertando item de menú 'Comparación de proporciones' en posicion 1
2024-05-15 12:41:16 DEBUG CambioUIMenu:113 - Insertando item de menú 'Grupos independientes' en posicion 0
2024-05-15 12:41:16 DEBUG CambioUIMenu:113 - Insertando item de menú 'Grupos emparejados' en posicion 1
2024-05-15 12:41:16 DEBUG CambioUIMenu:104 - Insertando item de menú 'Estudios de casos y controles' en posicion 2
2024-05-15 12:41:16 DEBUG CambioUIMenu:113 - Insertando item de menú 'Grupos independientes' en posicion 0
2024-05-15 12:41:16 DEBUG CambioUIMenu:113 - Insertando item de menú 'Estudios de cohorte' en posicion 3
2024-05-15 12:41:16 DEBUG CambioUIMenu:113 - Insertando item de menú 'Grupos emparejados' en posicion 1
2024-05-15 12:41:16 DEBUG CambioUIMenu:104 - Insertando item de menú 'Estudios de equivalencia' en posicion 4
2024-05-15 12:41:16 DEBUG CambioUIMenu:113 - Insertando item de menú 'Equivalencia de medias' en posicion 0
2024-05-15 12:41:16 DEBUG CambioUIMenu:113 - Insertando item de menú 'Equivalencia de proporciones' en posicion 1
2024-05-15 12:41:16 DEBUG CambioUIMenu:104 - Insertando item de menú 'Pruebas diagnósticas' en posicion 5
2024-05-15 12:41:16 DEBUG CambioUIMenu:113 - Insertando item de menú 'Grupos independientes' en posicion 0
2024-05-15 12:41:16 DEBUG CambioUIMenu:113 - Insertando item de menú 'Grupos emparejados' en posicion 1
2024-05-15 12:41:16 DEBUG CambioUIMenu:113 - Insertando item de menú 'Calidad de lotes' en posicion 6
2024-05-15 12:41:16 DEBUG CambioUIMenu:113 - Insertando item de menú 'Supervivencia' en posicion 7
2024-05-15 12:41:16 DEBUG CambioUIMenu:113 - Insertando item de menú 'Coeficiente de correlación' en posicion 8
2024-05-15 12:41:16 DEBUG PluginEstandar:42 - Aplicando cambios de plugin 'Muestreo 2'...
2024-05-15 12:41:16 DEBUG CambioUIMenu:104 - Insertando item de menú 'Selección de muestras' en posicion 1
2024-05-15 12:41:16 DEBUG CambioUIMenu:113 - Insertando item de menú 'Muestreo simple aleatorio' en posicion 0
2024-05-15 12:41:16 DEBUG CambioUIMenu:113 - Insertando item de menú 'Muestreo sistemático' en posicion 1
2024-05-15 12:41:16 DEBUG CambioUIMenu:113 - Insertando item de menú 'Muestreo aleatorio estratificado' en posicion 2
2024-05-15 12:41:16 DEBUG CambioUIMenu:113 - Insertando item de menú 'Muestreo por conglomerados monoetápico' en posicion 3
2024-05-15 12:41:16 DEBUG CambioUIMenu:113 - Insertando item de menú 'Muestreo por conglomerados bietápico' en posicion 4
2024-05-15 12:41:16 DEBUG CambioUIMenu:113 - Insertando item de menú 'Muestreo por conglomerados monoetápico estratificado' en posicion 5
2024-05-15 12:41:16 DEBUG CambioUIMenu:113 - Insertando item de menú 'Muestreo por conglomerados bietápico estratificado' en posicion 6
2024-05-15 12:41:16 DEBUG CambioUIMenu:113 - Insertando item de menú 'Asignación de sujetos a tratamientos' en posicion 2
2024-05-15 12:41:16 DEBUG CambioUIMenu:113 - Insertando item de menú 'Estimación con muestras complejas' en posicion 3
2024-05-15 12:41:16 DEBUG PluginEstandar:42 - Aplicando cambios de plugin 'Dialogo Acerca de ...'...
2024-05-15 12:41:16 DEBUG CambioUIMenu:113 - Insertando item de menú 'Acerca de' en posicion 3
2024-05-15 12:41:16 DEBUG PluginEstandar:42 - Aplicando cambios de plugin 'Herramientas'...
2024-05-15 12:41:16 DEBUG CambioUIMenu:113 - Insertando item de menú 'Opciones' en posicion 0
2024-05-15 12:41:16 DEBUG PluginEstandar:42 - Aplicando cambios de plugin 'inferenciasobreparametros'...
2024-05-15 12:41:16 DEBUG CambioUIMenu:104 - Insertando item de menú 'Inferencia sobre parámetros' en posicion 2
2024-05-15 12:41:16 DEBUG CambioUIMenu:104 - Insertando item de menú 'Una población' en posicion 0
2024-05-15 12:41:16 DEBUG CambioUIMenu:113 - Insertando item de menú 'Media' en posicion 0
2024-05-15 12:41:16 DEBUG CambioUIMenu:113 - Insertando item de menú 'Proporción' en posicion 1
2024-05-15 12:41:16 DEBUG CambioUIMenu:113 - Insertando item de menú 'Percentiles' en posicion 2
2024-05-15 12:41:16 DEBUG CambioUIMenu:113 - Insertando item de menú 'Correlación' en posicion 3
2024-05-15 12:41:16 DEBUG CambioUIMenu:113 - Insertando item de menú 'Tasa de incidencia' en posicion 4
2024-05-15 12:41:16 DEBUG CambioUIMenu:113 - Insertando item de menú 'Índice de posición' en posicion 5
2024-05-15 12:41:16 DEBUG CambioUIMenu:104 - Insertando item de menú 'Dos poblaciones' en posicion 1
2024-05-15 12:41:16 DEBUG CambioUIMenu:113 - Insertando item de menú 'Medias independientes' en posicion 0
2024-05-15 12:41:16 DEBUG CambioUIMenu:113 - Insertando item de menú 'Medias emparejadas' en posicion 1
2024-05-15 12:41:16 DEBUG CambioUIMenu:113 - Insertando item de menú 'Proporciones independientes' en posicion 2
2024-05-15 12:41:16 DEBUG CambioUIMenu:113 - Insertando item de menú 'Proporciones emparejadas' en posicion 3
2024-05-15 12:41:16 DEBUG CambioUIMenu:113 - Insertando item de menú 'Tasas de incidencia' en posicion 4
2024-05-15 12:41:16 DEBUG CambioUIMenu:104 - Insertando item de menú 'Comparación no paramétrica' en posicion 2
2024-05-15 12:41:16 DEBUG CambioUIMenu:113 - Insertando item de menú 'Medias independientes' en posicion 0
2024-05-15 12:41:16 DEBUG CambioUIMenu:113 - Insertando item de menú 'Medias emparejadas' en posicion 1
2024-05-15 12:41:16 DEBUG CambioUIMenu:113 - Insertando item de menú 'Contraste de normalidad' en posicion 3
2024-05-15 12:41:16 DEBUG PluginEstandar:42 - Aplicando cambios de plugin 'Herramientas'...
2024-05-15 12:41:16 DEBUG CambioUIMenu:113 - Insertando item de menú 'Idioma' en posicion 1
2024-05-15 12:41:16 DEBUG PluginEstandar:42 - Aplicando cambios de plugin 'ConcordanciaYConsistencia'...
2024-05-15 12:41:16 DEBUG CambioUIMenu:104 - Insertando item de menú 'Concordancia y consistencia' en posicion 3
2024-05-15 12:41:16 DEBUG CambioUIMenu:104 - Insertando item de menú 'Concordancia' en posicion 0
2024-05-15 12:41:16 DEBUG CambioUIMenu:113 - Insertando item de menú '2 Observadores' en posicion 0
2024-05-15 12:41:16 DEBUG CambioUIMenu:104 - Insertando item de menú '3 o más observadores' en posicion 1
2024-05-15 12:41:16 DEBUG CambioUIMenu:113 - Insertando item de menú '2 categorías' en posicion 0
2024-05-15 12:41:16 DEBUG CambioUIMenu:113 - Insertando item de menú '3 ó más categorías' en posicion 1
2024-05-15 12:41:16 DEBUG CambioUIMenu:113 - Insertando item de menú 'Comparación de kappas' en posicion 2
2024-05-15 12:41:16 DEBUG CambioUIMenu:113 - Insertando item de menú 'Coeficiente de correlación intraclase' en posicion 3
2024-05-15 12:41:16 DEBUG CambioUIMenu:113 - Insertando item de menú 'Método de Bland y Altman' en posicion 4
2024-05-15 12:41:16 DEBUG CambioUIMenu:104 - Insertando item de menú 'Consistencia' en posicion 1
2024-05-15 12:41:16 DEBUG CambioUIMenu:113 - Insertando item de menú 'Alpha de Cronbach' en posicion 0
2024-05-15 12:41:16 DEBUG PluginEstandar:42 - Aplicando cambios de plugin 'ajusteDeTasas'...
2024-05-15 12:41:16 DEBUG CambioUIMenu:104 - Insertando item de menú 'Ajuste de tasas' en posicion 4
2024-05-15 12:41:16 DEBUG CambioUIMenu:113 - Insertando item de menú 'Método directo' en posicion 0
2024-05-15 12:41:16 DEBUG CambioUIMenu:113 - Insertando item de menú 'Método indirecto' en posicion 1
2024-05-15 12:41:16 DEBUG PluginEstandar:42 - Aplicando cambios de plugin 'Demografía'...
2024-05-15 12:41:16 DEBUG CambioUIMenu:104 - Insertando item de menú 'Demografía' en posicion 5
2024-05-15 12:41:16 DEBUG CambioUIMenu:104 - Insertando item de menú 'Pirámides e indicadores' en posicion 0
2024-05-15 12:41:16 DEBUG CambioUIMenu:113 - Insertando item de menú 'Pirámides de población' en posicion 0
2024-05-15 12:41:16 DEBUG CambioUIMenu:113 - Insertando item de menú 'Indicadores de estructura' en posicion 1
2024-05-15 12:41:16 DEBUG CambioUIMenu:113 - Insertando item de menú 'Indicadores de fecundidad' en posicion 2
2024-05-15 12:41:16 DEBUG CambioUIMenu:113 - Insertando item de menú 'Tablas de mortalidad' en posicion 1
2024-05-15 12:41:16 DEBUG CambioUIMenu:113 - Insertando item de menú 'Expectativas de salud' en posicion 2
2024-05-15 12:41:16 DEBUG CambioUIMenu:104 - Insertando item de menú 'Años potenciales de vida perdidos' en posicion 3
2024-05-15 12:41:16 DEBUG CambioUIMenu:104 - Insertando item de menú 'APVP y tasa bruta' en posicion 0
2024-05-15 12:41:16 DEBUG CambioUIMenu:113 - Insertando item de menú 'Una causa y varias poblaciones' en posicion 0
2024-05-15 12:41:16 DEBUG CambioUIMenu:113 - Insertando item de menú 'Varias causas y una población' en posicion 1
2024-05-15 12:41:16 DEBUG CambioUIMenu:113 - Insertando item de menú 'Tasa de APVP ajustada' en posicion 1
2024-05-15 12:41:16 DEBUG CambioUIMenu:113 - Insertando item de menú 'Descomposición del cambio en la EV' en posicion 4
2024-05-15 12:41:16 DEBUG CambioUIMenu:104 - Insertando item de menú 'Años de esperanza de vida perdidos' en posicion 5
2024-05-15 12:41:16 DEBUG CambioUIMenu:113 - Insertando item de menú 'Un período' en posicion 0
2024-05-15 12:41:16 DEBUG CambioUIMenu:113 - Insertando item de menú 'Comparación de dos períodos' en posicion 1
2024-05-15 12:41:16 DEBUG PluginEstandar:42 - Aplicando cambios de plugin 'modulo'...
2024-05-15 12:41:16 DEBUG CambioUIMenu:104 - Insertando item de menú 'Estimacion de la mortalidad atribuida' en posicion 6
2024-05-15 12:41:16 DEBUG CambioUIMenu:104 - Insertando item de menú 'Al consumo de tabaco' en posicion 0
2024-05-15 12:41:16 DEBUG CambioUIMenu:104 - Insertando item de menú 'Método dependiente de prevalencia' en posicion 0
2024-05-15 12:41:16 DEBUG CambioUIMenu:113 - Insertando item de menú 'Riesgos del estudio CPSII' en posicion 0
2024-05-15 12:41:16 DEBUG CambioUIMenu:113 - Insertando item de menú 'Riesgos de un estudio de cohortes' en posicion 1
2024-05-15 12:41:16 DEBUG CambioUIMenu:113 - Insertando item de menú 'Riesgos de un estudio de casos y controles' en posicion 2
2024-05-15 12:41:16 DEBUG CambioUIMenu:104 - Insertando item de menú 'Método independiente de prevalencia' en posicion 1
2024-05-15 12:41:16 DEBUG CambioUIMenu:113 - Insertando item de menú 'Riesgos del estudio CPSII' en posicion 0
2024-05-15 12:41:16 DEBUG CambioUIMenu:113 - Insertando item de menú 'Riesgos de un estudio de cohortes' en posicion 1
2024-05-15 12:41:16 DEBUG CambioUIMenu:104 - Insertando item de menú 'A otro factor de riesgo' en posicion 1
2024-05-15 12:41:16 DEBUG CambioUIMenu:113 - Insertando item de menú 'Riesgos de un estudio de cohortes' en posicion 0
2024-05-15 12:41:16 DEBUG CambioUIMenu:113 - Insertando item de menú 'Riesgos de un estudio de casos y controles' en posicion 1
2024-05-15 12:41:16 DEBUG PluginEstandar:42 - Aplicando cambios de plugin 'regresion'...
2024-05-15 12:41:16 DEBUG CambioUIMenu:104 - Insertando item de menú 'Regresión logística' en posicion 7
2024-05-15 12:41:16 DEBUG CambioUIMenu:113 - Insertando item de menú 'Regresión logística' en posicion 0
2024-05-15 12:41:16 DEBUG PluginEstandar:42 - Aplicando cambios de plugin 'Distribuciones de probabilidad'...
2024-05-15 12:41:16 DEBUG CambioUIMenu:104 - Insertando item de menú 'Distribuciones de probabilidad' en posicion 8
2024-05-15 12:41:16 DEBUG CambioUIMenu:104 - Insertando item de menú 'Cálculo de probabilidades' en posicion 0
2024-05-15 12:41:16 DEBUG CambioUIMenu:113 - Insertando item de menú 'Distribuciones discretas' en posicion 0
2024-05-15 12:41:16 DEBUG CambioUIMenu:113 - Insertando item de menú 'Distribuciones continuas' en posicion 1
2024-05-15 12:41:16 DEBUG CambioUIMenu:104 - Insertando item de menú 'Generación de distribuciones' en posicion 1
2024-05-15 12:41:16 DEBUG CambioUIMenu:113 - Insertando item de menú 'Distribuciones discretas' en posicion 0
2024-05-15 12:41:16 DEBUG CambioUIMenu:113 - Insertando item de menú 'Distribuciones continuas' en posicion 1
2024-05-15 12:41:16 DEBUG PluginEstandar:42 - Aplicando cambios de plugin 'analisisBayesiano'...
2024-05-15 12:41:16 DEBUG CambioUIMenu:104 - Insertando item de menú 'Análisis bayesiano' en posicion 9
2024-05-15 12:41:16 DEBUG CambioUIMenu:113 - Insertando item de menú 'Teorema de Bayes' en posicion 0
2024-05-15 12:41:16 DEBUG CambioUIMenu:113 - Insertando item de menú 'Odds ratio' en posicion 1
2024-05-15 12:41:16 DEBUG CambioUIMenu:104 - Insertando item de menú 'Proporción' en posicion 2
2024-05-15 12:41:16 DEBUG CambioUIMenu:104 - Insertando item de menú 'Una población' en posicion 0
2024-05-15 12:41:16 DEBUG CambioUIMenu:113 - Insertando item de menú 'Estimación de una proporción' en posicion 0
2024-05-15 12:41:16 DEBUG CambioUIMenu:113 - Insertando item de menú 'Valoración de hipótesis' en posicion 1
2024-05-15 12:41:16 DEBUG CambioUIMenu:104 - Insertando item de menú 'Dos poblaciones' en posicion 1
2024-05-15 12:41:16 DEBUG CambioUIMenu:113 - Insertando item de menú 'Estimación de efectos' en posicion 0
2024-05-15 12:41:16 DEBUG CambioUIMenu:113 - Insertando item de menú 'Valoración de hipótesis' en posicion 1
2024-05-15 12:41:16 DEBUG CambioUIMenu:104 - Insertando item de menú 'Media' en posicion 3
2024-05-15 12:41:16 DEBUG CambioUIMenu:104 - Insertando item de menú 'Una población' en posicion 0
2024-05-15 12:41:16 DEBUG CambioUIMenu:113 - Insertando item de menú 'Estimación de una media' en posicion 0
2024-05-15 12:41:16 DEBUG CambioUIMenu:113 - Insertando item de menú 'Valoración de hipótesis' en posicion 1
2024-05-15 12:41:16 DEBUG CambioUIMenu:104 - Insertando item de menú 'Dos poblaciones' en posicion 1
2024-05-15 12:41:16 DEBUG CambioUIMenu:113 - Insertando item de menú 'Estimación de una diferencia' en posicion 0
2024-05-15 12:41:16 DEBUG CambioUIMenu:113 - Insertando item de menú 'Valoración de hipótesis' en posicion 1
2024-05-15 12:41:16 DEBUG CambioUIMenu:113 - Insertando item de menú 'Valoración de pruebas convencionales' en posicion 4
2024-05-15 12:41:16 DEBUG PluginEstandar:42 - Aplicando cambios de plugin 'privaciones'...
2024-05-15 12:41:16 DEBUG CambioUIMenu:104 - Insertando item de menú 'Índices de desarrollo o privación' en posicion 10
2024-05-15 12:41:16 DEBUG CambioUIMenu:113 - Insertando item de menú 'Índice de desarrollo humano (IDH)' en posicion 0
2024-05-15 12:41:16 DEBUG CambioUIMenu:113 - Insertando item de menú 'Índice de desarrollo humano corregido para desigualdad de género (IDHG)' en posicion 1
2024-05-15 12:41:16 DEBUG CambioUIMenu:113 - Insertando item de menú 'Índice de Pobreza 1 (IP1)' en posicion 2
2024-05-15 12:41:16 DEBUG CambioUIMenu:113 - Insertando item de menú 'Índice de Pobreza 2 (IP2)' en posicion 3
2024-05-15 12:41:16 DEBUG CambioUIMenu:113 - Insertando item de menú 'Índice de pobreza multidimensional (IPM)' en posicion 4
2024-05-15 12:41:16 DEBUG CambioUIMenu:113 - Insertando item de menú 'Índice de desarrollo de la niñez (IDN)' en posicion 5
2024-05-15 12:41:16 DEBUG CambioUIMenu:113 - Insertando item de menú 'Índice de oportunidades en la niñez (ION)' en posicion 6
2024-05-15 12:41:16 DEBUG PluginEstandar:42 - Aplicando cambios de plugin 'Medición de Desigualdades'...
2024-05-15 12:41:16 DEBUG CambioUIMenu:104 - Insertando item de menú 'Medición de desigualdades en salud' en posicion 11
2024-05-15 12:41:16 DEBUG CambioUIMenu:104 - Insertando item de menú 'Índices para categorías ordenadas' en posicion 0
2024-05-15 12:41:16 DEBUG CambioUIMenu:113 - Insertando item de menú 'Índices basados en comparaciones dos a dos' en posicion 0
2024-05-15 12:41:16 DEBUG CambioUIMenu:113 - Insertando item de menú 'Índices basados en el modelo de regresión' en posicion 1
2024-05-15 12:41:16 DEBUG CambioUIMenu:104 - Insertando item de menú 'Índice de Gini e índice de concentración' en posicion 2
2024-05-15 12:41:16 DEBUG CambioUIMenu:113 - Insertando item de menú 'Índice de Gini y curva de Lorenz' en posicion 0
2024-05-15 12:41:16 DEBUG CambioUIMenu:113 - Insertando item de menú 'Índice y curva de concentración' en posicion 1
2024-05-15 12:41:16 DEBUG CambioUIMenu:104 - Insertando item de menú 'Índices para categorías no ordenadas' en posicion 1
2024-05-15 12:41:16 DEBUG CambioUIMenu:113 - Insertando item de menú 'Índices basados en comparaciones dos a dos' en posicion 0
2024-05-15 12:41:16 DEBUG CambioUIMenu:113 - Insertando item de menú 'Índices de dispersión' en posicion 1
2024-05-15 12:41:16 DEBUG CambioUIMenu:113 - Insertando item de menú 'Índices basados en la comparación de distribuciones de probabilidad' en posicion 2
2024-05-15 12:41:16 DEBUG CambioUIMenu:113 - Insertando item de menú 'Índice de efecto' en posicion 2
2024-05-15 12:44:24 INFO  Aplicacion:99 - Arrancando EPIDAT...
2024-05-15 12:44:24 INFO  Aplicacion:222 - 





2024-05-15 12:44:24 INFO  Aplicacion:223 - --------------------------------------------------------
2024-05-15 12:44:24 INFO  Aplicacion:224 - EPIDAT v4.2
2024-05-15 12:44:24 INFO  Aplicacion:225 - 		Fecha de arranque: 15-may-2024 12:44:24
2024-05-15 12:44:24 INFO  Aplicacion:226 - 		Idioma: ES
2024-05-15 12:44:24 INFO  Aplicacion:227 - --------------------------------------------------------
2024-05-15 12:44:24 INFO  Aplicacion:228 - 

2024-05-15 12:44:24 DEBUG LeerPlugins:43 - Directorio Base:.\bin
2024-05-15 12:44:25 DEBUG LeerPlugins:71 - AjusteDeTasas.xml: Plugin 'ajusteDeTasas - 1.0 (indice 8)'
2024-05-15 12:44:25 DEBUG LeerPlugins:75 - 	Creada opción de menú 'Módulos/Ajuste de tasas/Método directo' con accion 'ajusteTasas.interfaz.AccionAjusteTasasDirecto'
2024-05-15 12:44:25 DEBUG LeerPlugins:75 - 	Creada opción de menú 'Módulos/Ajuste de tasas/Método indirecto' con accion 'ajusteTasas.interfaz.AccionAjusteTasasIndirecto'
2024-05-15 12:44:25 DEBUG LeerPlugins:71 - AnalisisBayesiano.xml: Plugin 'analisisBayesiano - 1.0 (indice 14)'
2024-05-15 12:44:25 DEBUG LeerPlugins:75 - 	Creada opción de menú 'Módulos/Análisis bayesiano/Teorema de Bayes' con accion 'analisisBayesiano.interfaz.ABTeoremaPlugin'
2024-05-15 12:44:25 DEBUG LeerPlugins:75 - 	Creada opción de menú 'Módulos/Análisis bayesiano/Odds ratio' con accion 'analisisBayesiano.interfaz.ABOddsRatioPlugin'
2024-05-15 12:44:25 DEBUG LeerPlugins:75 - 	Creada opción de menú 'Módulos/Análisis bayesiano/Proporción/Una población/Estimación de una proporción' con accion 'analisisBayesiano.interfaz.ABProporcionUnaEstimacionPlugin'
2024-05-15 12:44:25 DEBUG LeerPlugins:75 - 	Creada opción de menú 'Módulos/Análisis bayesiano/Proporción/Una población/Valoración de hipótesis' con accion 'analisisBayesiano.interfaz.ABProporcionUnaValoracionPlugin'
2024-05-15 12:44:25 DEBUG LeerPlugins:75 - 	Creada opción de menú 'Módulos/Análisis bayesiano/Proporción/Dos poblaciones/Estimación de efectos' con accion 'analisisBayesiano.interfaz.ABProporcionDosEstimacionPlugin'
2024-05-15 12:44:25 DEBUG LeerPlugins:75 - 	Creada opción de menú 'Módulos/Análisis bayesiano/Proporción/Dos poblaciones/Valoración de hipótesis' con accion 'analisisBayesiano.interfaz.ABProporcionDosValoracionPlugin'
2024-05-15 12:44:25 DEBUG LeerPlugins:75 - 	Creada opción de menú 'Módulos/Análisis bayesiano/Media/Una población/Estimación de una media' con accion 'analisisBayesiano.interfaz.ABMediaUnaEstimacionPlugin'
2024-05-15 12:44:25 DEBUG LeerPlugins:75 - 	Creada opción de menú 'Módulos/Análisis bayesiano/Media/Una población/Valoración de hipótesis' con accion 'analisisBayesiano.interfaz.ABMediaUnaValoracionPlugin'
2024-05-15 12:44:25 DEBUG LeerPlugins:75 - 	Creada opción de menú 'Módulos/Análisis bayesiano/Media/Dos poblaciones/Estimación de una diferencia' con accion 'analisisBayesiano.interfaz.ABMediaDosEstimacionPlugin'
2024-05-15 12:44:25 DEBUG LeerPlugins:75 - 	Creada opción de menú 'Módulos/Análisis bayesiano/Media/Dos poblaciones/Valoración de hipótesis' con accion 'analisisBayesiano.interfaz.ABMediaDosValoracionPlugin'
2024-05-15 12:44:25 DEBUG LeerPlugins:75 - 	Creada opción de menú 'Módulos/Análisis bayesiano/Valoración de pruebas convencionales' con accion 'analisisBayesiano.interfaz.ABValoracionPlugin'
2024-05-15 12:44:25 DEBUG LeerPlugins:71 - AnalisisDescriptivo.xml: Plugin 'Plugin - 1.0 (indice 0)'
2024-05-15 12:44:25 DEBUG LeerPlugins:75 - 	Creada opción de menú 'Módulos/Análisis descriptivo/Tablas de frecuencias' con accion 'analisisDescriptivo.interfaz.TablasFrecuenciaAccionPlugin'
2024-05-15 12:44:25 DEBUG LeerPlugins:75 - 	Creada opción de menú 'Módulos/Análisis descriptivo/Tablas de contingencia' con accion 'analisisDescriptivo.interfaz.TablasContingenciaAccionPlugin'
2024-05-15 12:44:25 DEBUG LeerPlugins:75 - 	Creada opción de menú 'Módulos/Análisis descriptivo/Estadísticos descriptivos' con accion 'analisisDescriptivo.interfaz.EstadisticosDescriptivosAccionPlugin'
2024-05-15 12:44:25 DEBUG LeerPlugins:75 - 	Creada opción de menú 'Módulos/Análisis descriptivo/Correlación' con accion 'analisisDescriptivo.interfaz.CorrelacionAccionPlugin'
2024-05-15 12:44:25 DEBUG LeerPlugins:75 - 	Creada opción de menú 'Módulos/Análisis descriptivo/Gráficos/Barras' con accion 'analisisDescriptivo.interfaz.GraficosBarrasAccionPlugin'
2024-05-15 12:44:25 DEBUG LeerPlugins:75 - 	Creada opción de menú 'Módulos/Análisis descriptivo/Gráficos/Sectores' con accion 'analisisDescriptivo.interfaz.GraficosSectoresAccionPlugin'
2024-05-15 12:44:25 DEBUG LeerPlugins:75 - 	Creada opción de menú 'Módulos/Análisis descriptivo/Gráficos/Líneas' con accion 'analisisDescriptivo.interfaz.GraficosLineasAccionPlugin'
2024-05-15 12:44:25 DEBUG LeerPlugins:75 - 	Creada opción de menú 'Módulos/Análisis descriptivo/Gráficos/Dispersión' con accion 'analisisDescriptivo.interfaz.GraficosDispersionAccionPlugin'
2024-05-15 12:44:25 DEBUG LeerPlugins:75 - 	Creada opción de menú 'Módulos/Análisis descriptivo/Gráficos/Histograma' con accion 'analisisDescriptivo.interfaz.GraficosHistogramaAccionPlugin'
2024-05-15 12:44:25 DEBUG LeerPlugins:75 - 	Creada opción de menú 'Módulos/Análisis descriptivo/Gráficos/Diagrama de cajas' con accion 'analisisDescriptivo.interfaz.GraficosDiagramaCajasAccionPlugin'
2024-05-15 12:44:25 DEBUG LeerPlugins:75 - 	Creada opción de menú 'Módulos/Análisis descriptivo/Gráficos/Intervalos de confianza' con accion 'analisisDescriptivo.interfaz.GraficosIntervalosConfianzaAccionPlugin'
2024-05-15 12:44:25 DEBUG LeerPlugins:71 - ConcordanciaYConsistencia.xml: Plugin 'ConcordanciaYConsistencia - 1.0 (indice 6)'
2024-05-15 12:44:25 DEBUG LeerPlugins:75 - 	Creada opción de menú 'Módulos/Concordancia y consistencia/Concordancia/2 Observadores' con accion 'concordanciaYConsistencia.interfaz.Concordancia2ObsAccionPlugin'
2024-05-15 12:44:25 DEBUG LeerPlugins:75 - 	Creada opción de menú 'Módulos/Concordancia y consistencia/Concordancia/3 o más observadores/2 categorías' con accion 'concordanciaYConsistencia.interfaz.Concordancia3_2CatAccionPlugin'
2024-05-15 12:44:25 DEBUG LeerPlugins:75 - 	Creada opción de menú 'Módulos/Concordancia y consistencia/Concordancia/3 o más observadores/3 ó más categorías' con accion 'concordanciaYConsistencia.interfaz.Concordancia3_3CatAccionPlugin'
2024-05-15 12:44:25 DEBUG LeerPlugins:75 - 	Creada opción de menú 'Módulos/Concordancia y consistencia/Concordancia/Comparación de kappas' con accion 'concordanciaYConsistencia.interfaz.ComparacionKappasAccionPlugin'
2024-05-15 12:44:25 DEBUG LeerPlugins:75 - 	Creada opción de menú 'Módulos/Concordancia y consistencia/Concordancia/Coeficiente de correlación intraclase' con accion 'concordanciaYConsistencia.interfaz.CorrelacionIntraclaseAccionPlugin'
2024-05-15 12:44:25 DEBUG LeerPlugins:75 - 	Creada opción de menú 'Módulos/Concordancia y consistencia/Concordancia/Método de Bland y Altman' con accion 'concordanciaYConsistencia.interfaz.BlandYAltmanAccionPlugin'
2024-05-15 12:44:25 DEBUG LeerPlugins:75 - 	Creada opción de menú 'Módulos/Concordancia y consistencia/Consistencia/Alpha de Cronbach' con accion 'concordanciaYConsistencia.interfaz.AlphaCronbachAccionPlugin'
2024-05-15 12:44:25 DEBUG LeerPlugins:71 - Demografia.xml: Plugin 'Demografía - 2.0 (indice 9)'
2024-05-15 12:44:25 DEBUG LeerPlugins:75 - 	Creada opción de menú 'Módulos/Demografía/Pirámides e indicadores/Pirámides de población' con accion 'demografia.interfaz.PiramidesAccionPlugin'
2024-05-15 12:44:25 DEBUG LeerPlugins:75 - 	Creada opción de menú 'Módulos/Demografía/Pirámides e indicadores/Indicadores de estructura' con accion 'demografia.interfaz.IndicadoresEstructuraAccionPlugin'
2024-05-15 12:44:25 DEBUG LeerPlugins:75 - 	Creada opción de menú 'Módulos/Demografía/Pirámides e indicadores/Indicadores de fecundidad' con accion 'demografia.interfaz.IndicadoresFecundidadAccionPlugin'
2024-05-15 12:44:25 DEBUG LeerPlugins:75 - 	Creada opción de menú 'Módulos/Demografía/Tablas de mortalidad' con accion 'demografia.interfaz.TablasMortalidadAccionPlugin'
2024-05-15 12:44:25 DEBUG LeerPlugins:75 - 	Creada opción de menú 'Módulos/Demografía/Expectativas de salud' con accion 'demografia.interfaz.ExpectativasSaludAccionPlugin'
2024-05-15 12:44:25 DEBUG LeerPlugins:75 - 	Creada opción de menú 'Módulos/Demografía/Años potenciales de vida perdidos/APVP y tasa bruta/Una causa y varias poblaciones' con accion 'demografia.interfaz.APVPYTasaBrutaUnaCausaAccionPlugin'
2024-05-15 12:44:25 DEBUG LeerPlugins:75 - 	Creada opción de menú 'Módulos/Demografía/Años potenciales de vida perdidos/APVP y tasa bruta/Varias causas y una población' con accion 'demografia.interfaz.APVPYTasaBrutaVariasCausasAccionPlugin'
2024-05-15 12:44:25 DEBUG LeerPlugins:75 - 	Creada opción de menú 'Módulos/Demografía/Años potenciales de vida perdidos/Tasa de APVP ajustada' con accion 'demografia.interfaz.TasaAPVPAjustadaAccionPlugin'
2024-05-15 12:44:25 DEBUG LeerPlugins:75 - 	Creada opción de menú 'Módulos/Demografía/Descomposición del cambio en la EV' con accion 'demografia.interfaz.DescomposicionCambioEVAccionPlugin'
2024-05-15 12:44:25 DEBUG LeerPlugins:75 - 	Creada opción de menú 'Módulos/Demografía/Años de esperanza de vida perdidos/Un período' con accion 'demografia.interfaz.AnosVidaPerdidosUnPeriodoAccionPlugin'
2024-05-15 12:44:25 DEBUG LeerPlugins:75 - 	Creada opción de menú 'Módulos/Demografía/Años de esperanza de vida perdidos/Comparación de dos períodos' con accion 'demografia.interfaz.AnosVidaPerdidosComparacionPeriodosAccionPlugin'
2024-05-15 12:44:25 DEBUG LeerPlugins:71 - DialogoAcercade.xml: Plugin 'Dialogo Acerca de ... - 1.0 (indice 5)'
2024-05-15 12:44:25 DEBUG LeerPlugins:75 - 	Creada opción de menú 'Ayuda/Acerca de' con accion 'dialogoacercade.interfaz.DialogoAcercaDeAccionPlugin'
2024-05-15 12:44:25 DEBUG LeerPlugins:71 - EstimacionMortalidad.xml: Plugin 'modulo - 1.0 (indice 10)'
2024-05-15 12:44:25 DEBUG LeerPlugins:75 - 	Creada opción de menú 'Módulos/Estimacion de la mortalidad atribuida/Al consumo de tabaco/Método dependiente de prevalencia/Riesgos del estudio CPSII' con accion 'estimacionMortalidad.interfaz.RiesgosCPSIIDependienteAccionPlugin'
2024-05-15 12:44:25 DEBUG LeerPlugins:75 - 	Creada opción de menú 'Módulos/Estimacion de la mortalidad atribuida/Al consumo de tabaco/Método dependiente de prevalencia/Riesgos de un estudio de cohortes' con accion 'estimacionMortalidad.interfaz.RiesgosCohortesDependienteAccionPlugin'
2024-05-15 12:44:25 DEBUG LeerPlugins:75 - 	Creada opción de menú 'Módulos/Estimacion de la mortalidad atribuida/Al consumo de tabaco/Método dependiente de prevalencia/Riesgos de un estudio de casos y controles' con accion 'estimacionMortalidad.interfaz.RiesgosCasosyControlesAccionPlugin'
2024-05-15 12:44:25 DEBUG LeerPlugins:75 - 	Creada opción de menú 'Módulos/Estimacion de la mortalidad atribuida/Al consumo de tabaco/Método independiente de prevalencia/Riesgos del estudio CPSII' con accion 'estimacionMortalidad.interfaz.RiesgosCPSIIIndependienteAccionPlugin'
2024-05-15 12:44:25 DEBUG LeerPlugins:75 - 	Creada opción de menú 'Módulos/Estimacion de la mortalidad atribuida/Al consumo de tabaco/Método independiente de prevalencia/Riesgos de un estudio de cohortes' con accion 'estimacionMortalidad.interfaz.RiesgosCohortesIndependienteAccionPlugin'
2024-05-15 12:44:25 DEBUG LeerPlugins:75 - 	Creada opción de menú 'Módulos/Estimacion de la mortalidad atribuida/A otro factor de riesgo/Riesgos de un estudio de cohortes' con accion 'estimacionMortalidad.interfaz.RiesgosCohortesDependiente2AccionPlugin'
2024-05-15 12:44:25 DEBUG LeerPlugins:75 - 	Creada opción de menú 'Módulos/Estimacion de la mortalidad atribuida/A otro factor de riesgo/Riesgos de un estudio de casos y controles' con accion 'estimacionMortalidad.interfaz.RiesgosCasosyControles2AccionPlugin'
2024-05-15 12:44:25 DEBUG LeerPlugins:71 - Herramientas.xml: Plugin 'Herramientas - 1.0 (indice 5)'
2024-05-15 12:44:25 DEBUG LeerPlugins:75 - 	Creada opción de menú 'Herramientas/Opciones' con accion 'herramientas.interfaz.OpcionesGraficasAccionPlugin'
2024-05-15 12:44:25 DEBUG LeerPlugins:71 - InferenciaSobreParametros.xml: Plugin 'inferenciasobreparametros - 1.0 (indice 5)'
2024-05-15 12:44:25 DEBUG LeerPlugins:75 - 	Creada opción de menú 'Módulos/Inferencia sobre parámetros/Una población/Media' con accion 'inferenciasobreparametros.interfaz.IPUnaPoblacionMediaAccionPlugin'
2024-05-15 12:44:25 DEBUG LeerPlugins:75 - 	Creada opción de menú 'Módulos/Inferencia sobre parámetros/Una población/Proporción' con accion 'inferenciasobreparametros.interfaz.IPUnaPoblacionProporcionAccionPlugin'
2024-05-15 12:44:25 DEBUG LeerPlugins:75 - 	Creada opción de menú 'Módulos/Inferencia sobre parámetros/Una población/Percentiles' con accion 'inferenciasobreparametros.interfaz.IPUnaPoblacionPercentilesAccionPlugin'
2024-05-15 12:44:25 DEBUG LeerPlugins:75 - 	Creada opción de menú 'Módulos/Inferencia sobre parámetros/Una población/Correlación' con accion 'inferenciasobreparametros.interfaz.IPUnaPoblacionCorrelacionAccionPlugin'
2024-05-15 12:44:25 DEBUG LeerPlugins:75 - 	Creada opción de menú 'Módulos/Inferencia sobre parámetros/Una población/Tasa de incidencia' con accion 'inferenciasobreparametros.interfaz.IPUnaPoblacionTasaIncidenciaAccionPlugin'
2024-05-15 12:44:25 DEBUG LeerPlugins:75 - 	Creada opción de menú 'Módulos/Inferencia sobre parámetros/Una población/Índice de posición' con accion 'inferenciasobreparametros.interfaz.IPUnaPoblacionIndicePosicionAccionPlugin'
2024-05-15 12:44:25 DEBUG LeerPlugins:75 - 	Creada opción de menú 'Módulos/Inferencia sobre parámetros/Dos poblaciones/Medias independientes' con accion 'inferenciasobreparametros.interfaz.IPDosPoblacionesMediasIndependientesAccionPlugin'
2024-05-15 12:44:25 DEBUG LeerPlugins:75 - 	Creada opción de menú 'Módulos/Inferencia sobre parámetros/Dos poblaciones/Medias emparejadas' con accion 'inferenciasobreparametros.interfaz.IPDosPoblacionesMediasEmparejadasAccionPlugin'
2024-05-15 12:44:25 DEBUG LeerPlugins:75 - 	Creada opción de menú 'Módulos/Inferencia sobre parámetros/Dos poblaciones/Proporciones independientes' con accion 'inferenciasobreparametros.interfaz.IPDosPoblacionesProporcionesIndependientesAccionPlugin'
2024-05-15 12:44:25 DEBUG LeerPlugins:75 - 	Creada opción de menú 'Módulos/Inferencia sobre parámetros/Dos poblaciones/Proporciones emparejadas' con accion 'inferenciasobreparametros.interfaz.IPDosPoblacionesProporcionesEmparejadasAccionPlugin'
2024-05-15 12:44:25 DEBUG LeerPlugins:75 - 	Creada opción de menú 'Módulos/Inferencia sobre parámetros/Dos poblaciones/Tasas de incidencia' con accion 'inferenciasobreparametros.interfaz.IPDosPoblacionesTasasIncidenciasAccionPlugin'
2024-05-15 12:44:25 DEBUG LeerPlugins:75 - 	Creada opción de menú 'Módulos/Inferencia sobre parámetros/Comparación no paramétrica/Medias independientes' con accion 'inferenciasobreparametros.interfaz.IPNoParametricaMediasIndependientesAccionPlugin'
2024-05-15 12:44:25 DEBUG LeerPlugins:75 - 	Creada opción de menú 'Módulos/Inferencia sobre parámetros/Comparación no paramétrica/Medias emparejadas' con accion 'inferenciasobreparametros.interfaz.IPNoParametricaMediasEmparejadasAccionPlugin'
2024-05-15 12:44:25 DEBUG LeerPlugins:75 - 	Creada opción de menú 'Módulos/Inferencia sobre parámetros/Contraste de normalidad' con accion 'inferenciasobreparametros.interfaz.IPContrasteNormalidadAccionPlugin'
2024-05-15 12:44:25 DEBUG LeerPlugins:71 - Internacionalizacion.xml: Plugin 'Herramientas - 1.0 (indice 5)'
2024-05-15 12:44:25 DEBUG LeerPlugins:75 - 	Creada opción de menú 'Herramientas/Idioma' con accion 'com.epidat.internacionalizacion.interfaz.CambiarIdiomaMenuItem'
2024-05-15 12:44:25 DEBUG LeerPlugins:71 - MedicionEnDesigualdadesEnSalud.xml: Plugin 'Medición de Desigualdades - 2.0 (indice 18)'
2024-05-15 12:44:25 DEBUG LeerPlugins:75 - 	Creada opción de menú 'Módulos/Medición de desigualdades en salud/Índices para categorías ordenadas/Índices basados en comparaciones dos a dos' con accion 'medicionDesigualdadesSalud.interfaz.Comparacion2a2VarOrdenadasAccionPlugin'
2024-05-15 12:44:25 DEBUG LeerPlugins:75 - 	Creada opción de menú 'Módulos/Medición de desigualdades en salud/Índices para categorías ordenadas/Índices basados en el modelo de regresión' con accion 'medicionDesigualdadesSalud.interfaz.IndicesDesigualdadAccionPlugin'
2024-05-15 12:44:25 DEBUG LeerPlugins:75 - 	Creada opción de menú 'Módulos/Medición de desigualdades en salud/Índices para categorías ordenadas/Índice de Gini e índice de concentración/Índice de Gini y curva de Lorenz' con accion 'medicionDesigualdadesSalud.interfaz.IndiceGiniCurvaLorenzAccionPlugin'
2024-05-15 12:44:25 DEBUG LeerPlugins:75 - 	Creada opción de menú 'Módulos/Medición de desigualdades en salud/Índices para categorías ordenadas/Índice de Gini e índice de concentración/Índice y curva de concentración' con accion 'medicionDesigualdadesSalud.interfaz.IndiceCurvaConcentracionAccionPlugin'
2024-05-15 12:44:25 DEBUG LeerPlugins:75 - 	Creada opción de menú 'Módulos/Medición de desigualdades en salud/Índices para categorías no ordenadas/Índices basados en comparaciones dos a dos' con accion 'medicionDesigualdadesSalud.interfaz.Comparacion2a2VarDesordenadasAccionPlugin'
2024-05-15 12:44:25 DEBUG LeerPlugins:75 - 	Creada opción de menú 'Módulos/Medición de desigualdades en salud/Índices para categorías no ordenadas/Índices de dispersión' con accion 'medicionDesigualdadesSalud.interfaz.IndicesDeDispersionAccionPlugin'
2024-05-15 12:44:25 DEBUG LeerPlugins:75 - 	Creada opción de menú 'Módulos/Medición de desigualdades en salud/Índices para categorías no ordenadas/Índices basados en la comparación de distribuciones de probabilidad' con accion 'medicionDesigualdadesSalud.interfaz.IndicesBasadosComparacionDistProbabilidadAccionPlugin'
2024-05-15 12:44:25 DEBUG LeerPlugins:75 - 	Creada opción de menú 'Módulos/Medición de desigualdades en salud/Índice de efecto' con accion 'medicionDesigualdadesSalud.interfaz.IndiceEfectoAccionPlugin'
2024-05-15 12:44:25 DEBUG LeerPlugins:71 - ModulosFaltantes.xml: Plugin 'modulosFaltantes - 1.0 (indice 1)'
2024-05-15 12:44:25 DEBUG LeerPlugins:75 - 	Creada opción de menú 'Ayuda/Módulos aún no implementados' con accion 'modulosFaltantes.interfaz.AyudaPlugin'
2024-05-15 12:44:25 DEBUG LeerPlugins:71 - MuestreoSeleccionYEstimacion.xml: Plugin 'Muestreo 2 - 1.0 (indice 3)'
2024-05-15 12:44:25 DEBUG LeerPlugins:75 - 	Creada opción de menú 'Módulos/Muestreo/Selección de muestras/Muestreo simple aleatorio' con accion 'seleccionMuestras.interfaz.MuestreoSimpleAleatorioAccionPlugin'
2024-05-15 12:44:25 DEBUG LeerPlugins:75 - 	Creada opción de menú 'Módulos/Muestreo/Selección de muestras/Muestreo sistemático' con accion 'seleccionMuestras.interfaz.MuestreoSistematicoAccionPlugin'
2024-05-15 12:44:25 DEBUG LeerPlugins:75 - 	Creada opción de menú 'Módulos/Muestreo/Selección de muestras/Muestreo aleatorio estratificado' con accion 'seleccionMuestras.interfaz.MuestreoAleatorioEstratificadoAccionPlugin'
2024-05-15 12:44:25 DEBUG LeerPlugins:75 - 	Creada opción de menú 'Módulos/Muestreo/Selección de muestras/Muestreo por conglomerados monoetápico' con accion 'seleccionMuestras.interfaz.MuestreoConglomeradosMonoAccionPlugin'
2024-05-15 12:44:25 DEBUG LeerPlugins:75 - 	Creada opción de menú 'Módulos/Muestreo/Selección de muestras/Muestreo por conglomerados bietápico' con accion 'seleccionMuestras.interfaz.MuestreoConglomeradosBiAccionPlugin'
2024-05-15 12:44:25 DEBUG LeerPlugins:75 - 	Creada opción de menú 'Módulos/Muestreo/Selección de muestras/Muestreo por conglomerados monoetápico estratificado' con accion 'seleccionMuestras.interfaz.MuestreoConglMonoEstratAccionPlugin'
2024-05-15 12:44:25 DEBUG LeerPlugins:75 - 	Creada opción de menú 'Módulos/Muestreo/Selección de muestras/Muestreo por conglomerados bietápico estratificado' con accion 'seleccionMuestras.interfaz.MuestreoConglBiEstratAccionPlugin'
2024-05-15 12:44:25 DEBUG LeerPlugins:75 - 	Creada opción de menú 'Módulos/Muestreo/Asignación de sujetos a tratamientos' con accion 'seleccionMuestras.interfaz.AsignacionSujetosTratamientosAccionPlugin'
2024-05-15 12:44:25 DEBUG LeerPlugins:75 - 	Creada opción de menú 'Módulos/Muestreo/Estimación con muestras complejas' con accion 'emuco.interfaz.EmucoAccionPlugin'
2024-05-15 12:44:25 DEBUG LeerPlugins:71 - MuestreoTamanosDeMuestra.xml: Plugin 'Muestreo 1 - 1.0 (indice 2)'
2024-05-15 12:44:25 DEBUG LeerPlugins:75 - 	Creada opción de menú 'Módulos/Muestreo/Cálculo de tamaños de muestra/Intervalos de confianza/Media' con accion 'tamsMuestra.intervalosConfianza.interfaz.MediaAccionPlugin'
2024-05-15 12:44:25 DEBUG LeerPlugins:75 - 	Creada opción de menú 'Módulos/Muestreo/Cálculo de tamaños de muestra/Intervalos de confianza/Proporción' con accion 'tamsMuestra.intervalosConfianza.interfaz.ProporcionAccionPlugin'
2024-05-15 12:44:25 DEBUG LeerPlugins:75 - 	Creada opción de menú 'Módulos/Muestreo/Cálculo de tamaños de muestra/Intervalos de confianza/Odds ratio' con accion 'tamsMuestra.intervalosConfianza.interfaz.OddsRatioAccionPlugin'
2024-05-15 12:44:25 DEBUG LeerPlugins:75 - 	Creada opción de menú 'Módulos/Muestreo/Cálculo de tamaños de muestra/Intervalos de confianza/Riesgo relativo' con accion 'tamsMuestra.intervalosConfianza.interfaz.RiesgoRelativoAccionPlugin'
2024-05-15 12:44:25 DEBUG LeerPlugins:75 - 	Creada opción de menú 'Módulos/Muestreo/Cálculo de tamaños de muestra/Intervalos de confianza/Concordancia' con accion 'tamsMuestra.intervalosConfianza.interfaz.ConcordanciaAccionPlugin'
2024-05-15 12:44:25 DEBUG LeerPlugins:75 - 	Creada opción de menú 'Módulos/Muestreo/Cálculo de tamaños de muestra/Intervalos de confianza/Pruebas diagnósticas' con accion 'tamsMuestra.intervalosConfianza.interfaz.SensibilidadYEspecificidadAccionPlugin'
2024-05-15 12:44:25 DEBUG LeerPlugins:75 - 	Creada opción de menú 'Módulos/Muestreo/Cálculo de tamaños de muestra/Contraste de hipótesis/Comparación de medias/Grupos independientes' con accion 'tamsMuestra.contrastesHipotesis.interfaz.ComparacionMediasIndependientesAccionPlugin'
2024-05-15 12:44:25 DEBUG LeerPlugins:75 - 	Creada opción de menú 'Módulos/Muestreo/Cálculo de tamaños de muestra/Contraste de hipótesis/Comparación de medias/Grupos emparejados' con accion 'tamsMuestra.contrastesHipotesis.interfaz.ComparacionMediasEmparejadasAccionPlugin'
2024-05-15 12:44:25 DEBUG LeerPlugins:75 - 	Creada opción de menú 'Módulos/Muestreo/Cálculo de tamaños de muestra/Contraste de hipótesis/Comparación de proporciones/Grupos independientes' con accion 'tamsMuestra.contrastesHipotesis.interfaz.ComparacionProporcionesIndependientesAccionPlugin'
2024-05-15 12:44:25 DEBUG LeerPlugins:75 - 	Creada opción de menú 'Módulos/Muestreo/Cálculo de tamaños de muestra/Contraste de hipótesis/Comparación de proporciones/Grupos emparejados' con accion 'tamsMuestra.contrastesHipotesis.interfaz.ComparacionProporcionesEmparejadasAccionPlugin'
2024-05-15 12:44:25 DEBUG LeerPlugins:75 - 	Creada opción de menú 'Módulos/Muestreo/Cálculo de tamaños de muestra/Contraste de hipótesis/Estudios de casos y controles/Grupos independientes' con accion 'tamsMuestra.contrastesHipotesis.interfaz.EstudiosCasosIndependientesAccionPlugin'
2024-05-15 12:44:25 DEBUG LeerPlugins:75 - 	Creada opción de menú 'Módulos/Muestreo/Cálculo de tamaños de muestra/Contraste de hipótesis/Estudios de cohorte' con accion 'tamsMuestra.contrastesHipotesis.interfaz.EstudiosCohorteAccionPlugin'
2024-05-15 12:44:25 DEBUG LeerPlugins:75 - 	Creada opción de menú 'Módulos/Muestreo/Cálculo de tamaños de muestra/Contraste de hipótesis/Estudios de casos y controles/Grupos emparejados' con accion 'tamsMuestra.contrastesHipotesis.interfaz.EstudiosCasosEmparejadosAccionPlugin'
2024-05-15 12:44:25 DEBUG LeerPlugins:75 - 	Creada opción de menú 'Módulos/Muestreo/Cálculo de tamaños de muestra/Contraste de hipótesis/Estudios de equivalencia/Equivalencia de medias' con accion 'tamsMuestra.contrastesHipotesis.interfaz.EquivalenciaMediasAccionPlugin'
2024-05-15 12:44:25 DEBUG LeerPlugins:75 - 	Creada opción de menú 'Módulos/Muestreo/Cálculo de tamaños de muestra/Contraste de hipótesis/Estudios de equivalencia/Equivalencia de proporciones' con accion 'tamsMuestra.contrastesHipotesis.interfaz.EquivalenciaProporcionesAccionPlugin'
2024-05-15 12:44:25 DEBUG LeerPlugins:75 - 	Creada opción de menú 'Módulos/Muestreo/Cálculo de tamaños de muestra/Contraste de hipótesis/Pruebas diagnósticas/Grupos independientes' con accion 'tamsMuestra.contrastesHipotesis.interfaz.PruebasDxGIAccionPlugin'
2024-05-15 12:44:25 DEBUG LeerPlugins:75 - 	Creada opción de menú 'Módulos/Muestreo/Cálculo de tamaños de muestra/Contraste de hipótesis/Pruebas diagnósticas/Grupos emparejados' con accion 'tamsMuestra.contrastesHipotesis.interfaz.PruebasDxGEAccionPlugin'
2024-05-15 12:44:25 DEBUG LeerPlugins:75 - 	Creada opción de menú 'Módulos/Muestreo/Cálculo de tamaños de muestra/Contraste de hipótesis/Calidad de lotes' con accion 'tamsMuestra.contrastesHipotesis.interfaz.CalidadLotesAccionPlugin'
2024-05-15 12:44:25 DEBUG LeerPlugins:75 - 	Creada opción de menú 'Módulos/Muestreo/Cálculo de tamaños de muestra/Contraste de hipótesis/Supervivencia' con accion 'tamsMuestra.contrastesHipotesis.interfaz.SupervivenciaAccionPlugin'
2024-05-15 12:44:25 DEBUG LeerPlugins:75 - 	Creada opción de menú 'Módulos/Muestreo/Cálculo de tamaños de muestra/Contraste de hipótesis/Coeficiente de correlación' con accion 'tamsMuestra.contrastesHipotesis.interfaz.CorrelacionAccionPlugin'
2024-05-15 12:44:25 DEBUG LeerPlugins:71 - Privaciones.xml: Plugin 'privaciones - 1.0 (indice 16)'
2024-05-15 12:44:25 DEBUG LeerPlugins:75 - 	Creada opción de menú 'Módulos/Índices de desarrollo o privación/Índice de desarrollo humano (IDH)' con accion 'privaciones.interfaz.Privations_Pluggin_AE_IDH'
2024-05-15 12:44:25 DEBUG LeerPlugins:75 - 	Creada opción de menú 'Módulos/Índices de desarrollo o privación/Índice de desarrollo humano corregido para desigualdad de género (IDHG)' con accion 'privaciones.interfaz.Privations_Pluggin_AE_IDHG'
2024-05-15 12:44:25 DEBUG LeerPlugins:75 - 	Creada opción de menú 'Módulos/Índices de desarrollo o privación/Índice de Pobreza 1 (IP1)' con accion 'privaciones.interfaz.Privations_Pluggin_AE_IP1'
2024-05-15 12:44:25 DEBUG LeerPlugins:75 - 	Creada opción de menú 'Módulos/Índices de desarrollo o privación/Índice de Pobreza 2 (IP2)' con accion 'privaciones.interfaz.Privations_Pluggin_AE_IP2'
2024-05-15 12:44:25 DEBUG LeerPlugins:75 - 	Creada opción de menú 'Módulos/Índices de desarrollo o privación/Índice de pobreza multidimensional (IPM)' con accion 'privaciones.interfaz.Privations_Pluggin_AE_IPM'
2024-05-15 12:44:25 DEBUG LeerPlugins:75 - 	Creada opción de menú 'Módulos/Índices de desarrollo o privación/Índice de desarrollo de la niñez (IDN)' con accion 'privaciones.interfaz.Privations_Pluggin_AE_IDN'
2024-05-15 12:44:25 DEBUG LeerPlugins:75 - 	Creada opción de menú 'Módulos/Índices de desarrollo o privación/Índice de oportunidades en la niñez (ION)' con accion 'privaciones.interfaz.Privations_Pluggin_AE_ION'
2024-05-15 12:44:26 DEBUG LeerPlugins:71 - Probabilidades.xml: Plugin 'Distribuciones de probabilidad - 2.0 (indice 13)'
2024-05-15 12:44:26 DEBUG LeerPlugins:75 - 	Creada opción de menú 'Módulos/Distribuciones de probabilidad/Cálculo de probabilidades/Distribuciones discretas' con accion 'probabilidades.interfaz.ProbabilidadCalcDiscretasAccionPlugin'
2024-05-15 12:44:26 DEBUG LeerPlugins:75 - 	Creada opción de menú 'Módulos/Distribuciones de probabilidad/Cálculo de probabilidades/Distribuciones continuas' con accion 'probabilidades.interfaz.ProbabilidadCalcContinuasAccionPlugin'
2024-05-15 12:44:26 DEBUG LeerPlugins:75 - 	Creada opción de menú 'Módulos/Distribuciones de probabilidad/Generación de distribuciones/Distribuciones discretas' con accion 'probabilidades.interfaz.ProbabilidadGenDiscretasAccionPlugin'
2024-05-15 12:44:26 DEBUG LeerPlugins:75 - 	Creada opción de menú 'Módulos/Distribuciones de probabilidad/Generación de distribuciones/Distribuciones continuas' con accion 'probabilidades.interfaz.ProbabilidadGenContinuasAccionPlugin'
2024-05-15 12:44:26 DEBUG LeerPlugins:71 - RegresionLogistica.xml: Plugin 'regresion - 1.0 (indice 11)'
2024-05-15 12:44:26 DEBUG LeerPlugins:75 - 	Creada opción de menú 'Módulos/Regresión logística/Regresión logística' con accion 'regresion.interfaz.Regression_Pluggin_AE'
2024-05-15 12:44:26 INFO  Aplicacion:370 - Se ha leído el archivo de recientes
2024-05-15 12:44:26 WARN  StandardResourceBundle:33 - El bundle creado por 'EntornoEpidatBundle' no ha encontrado la clave 'EpidatForm.nomArchivoOculto.AccessibleContext.accessibleName' o es vacía.
2024-05-15 12:44:26 WARN  StandardResourceBundle:33 - El bundle creado por 'EntornoEpidatBundle' no ha encontrado la clave 'EpidatForm.nomArchivoOculto.AccessibleContext.accessibleDescription' o es vacía.
2024-05-15 12:44:26 WARN  StandardResourceBundle:33 - El bundle creado por 'EntornoEpidatBundle' no ha encontrado la clave 'EpidatForm.text' o es vacía.
2024-05-15 12:44:26 WARN  StandardResourceBundle:33 - El bundle creado por 'EntornoEpidatBundle' no ha encontrado la clave 'EpidatForm.text' o es vacía.
2024-05-15 12:44:26 WARN  StandardResourceBundle:33 - El bundle creado por 'EntornoEpidatBundle' no ha encontrado la clave 'EpidatForm.text' o es vacía.
2024-05-15 12:44:26 WARN  StandardResourceBundle:33 - El bundle creado por 'EntornoEpidatBundle' no ha encontrado la clave 'EpidatForm.botonColor.text' o es vacía.
2024-05-15 12:44:26 WARN  StandardResourceBundle:33 - El bundle creado por 'EntornoEpidatBundle' no ha encontrado la clave 'EpidatForm.botonAlineaI.text' o es vacía.
2024-05-15 12:44:26 WARN  StandardResourceBundle:33 - El bundle creado por 'EntornoEpidatBundle' no ha encontrado la clave 'EpidatForm.botonAlineaC.text' o es vacía.
2024-05-15 12:44:26 WARN  StandardResourceBundle:33 - El bundle creado por 'EntornoEpidatBundle' no ha encontrado la clave 'EpidatForm.botonAlineaD.text' o es vacía.
2024-05-15 12:44:26 WARN  StandardResourceBundle:33 - El bundle creado por 'EntornoEpidatBundle' no ha encontrado la clave 'EpidatForm.botonAlineaJ.text' o es vacía.
2024-05-15 12:44:26 WARN  StandardResourceBundle:33 - El bundle creado por 'EntornoEpidatBundle' no ha encontrado la clave 'EpidatForm.nomArchivoPresentado.text' o es vacía.
2024-05-15 12:44:26 WARN  StandardResourceBundle:33 - El bundle creado por 'EntornoEpidatBundle' no ha encontrado la clave 'EpidatForm.labelProgreso.text' o es vacía.
2024-05-15 12:44:27 DEBUG PluginEstandar:42 - Aplicando cambios de plugin 'Plugin'...
2024-05-15 12:44:27 DEBUG CambioUIMenu:104 - Insertando item de menú 'Análisis descriptivo' en posicion 0
2024-05-15 12:44:27 DEBUG CambioUIMenu:113 - Insertando item de menú 'Tablas de frecuencias' en posicion 0
2024-05-15 12:44:27 DEBUG CambioUIMenu:113 - Insertando item de menú 'Tablas de contingencia' en posicion 1
2024-05-15 12:44:27 DEBUG CambioUIMenu:113 - Insertando item de menú 'Estadísticos descriptivos' en posicion 2
2024-05-15 12:44:27 DEBUG CambioUIMenu:113 - Insertando item de menú 'Correlación' en posicion 3
2024-05-15 12:44:27 DEBUG CambioUIMenu:104 - Insertando item de menú 'Gráficos' en posicion 4
2024-05-15 12:44:27 DEBUG CambioUIMenu:113 - Insertando item de menú 'Barras' en posicion 0
2024-05-15 12:44:27 DEBUG CambioUIMenu:113 - Insertando item de menú 'Sectores' en posicion 1
2024-05-15 12:44:27 DEBUG CambioUIMenu:113 - Insertando item de menú 'Líneas' en posicion 2
2024-05-15 12:44:27 DEBUG CambioUIMenu:113 - Insertando item de menú 'Dispersión' en posicion 3
2024-05-15 12:44:27 DEBUG CambioUIMenu:113 - Insertando item de menú 'Histograma' en posicion 4
2024-05-15 12:44:27 DEBUG CambioUIMenu:113 - Insertando item de menú 'Diagrama de cajas' en posicion 5
2024-05-15 12:44:27 DEBUG CambioUIMenu:113 - Insertando item de menú 'Intervalos de confianza' en posicion 6
2024-05-15 12:44:27 DEBUG PluginEstandar:42 - Aplicando cambios de plugin 'modulosFaltantes'...
2024-05-15 12:44:27 DEBUG CambioUIMenu:113 - Insertando item de menú 'Módulos aún no implementados' en posicion 2
2024-05-15 12:44:27 DEBUG PluginEstandar:42 - Aplicando cambios de plugin 'Muestreo 1'...
2024-05-15 12:44:27 DEBUG CambioUIMenu:104 - Insertando item de menú 'Muestreo' en posicion 1
2024-05-15 12:44:27 DEBUG CambioUIMenu:104 - Insertando item de menú 'Cálculo de tamaños de muestra' en posicion 0
2024-05-15 12:44:27 DEBUG CambioUIMenu:104 - Insertando item de menú 'Intervalos de confianza' en posicion 0
2024-05-15 12:44:27 DEBUG CambioUIMenu:113 - Insertando item de menú 'Media' en posicion 0
2024-05-15 12:44:27 DEBUG CambioUIMenu:113 - Insertando item de menú 'Proporción' en posicion 1
2024-05-15 12:44:27 DEBUG CambioUIMenu:113 - Insertando item de menú 'Odds ratio' en posicion 2
2024-05-15 12:44:27 DEBUG CambioUIMenu:113 - Insertando item de menú 'Riesgo relativo' en posicion 3
2024-05-15 12:44:27 DEBUG CambioUIMenu:113 - Insertando item de menú 'Concordancia' en posicion 4
2024-05-15 12:44:27 DEBUG CambioUIMenu:113 - Insertando item de menú 'Pruebas diagnósticas' en posicion 5
2024-05-15 12:44:27 DEBUG CambioUIMenu:104 - Insertando item de menú 'Contraste de hipótesis' en posicion 1
2024-05-15 12:44:27 DEBUG CambioUIMenu:104 - Insertando item de menú 'Comparación de medias' en posicion 0
2024-05-15 12:44:27 DEBUG CambioUIMenu:113 - Insertando item de menú 'Grupos independientes' en posicion 0
2024-05-15 12:44:27 DEBUG CambioUIMenu:113 - Insertando item de menú 'Grupos emparejados' en posicion 1
2024-05-15 12:44:27 DEBUG CambioUIMenu:104 - Insertando item de menú 'Comparación de proporciones' en posicion 1
2024-05-15 12:44:27 DEBUG CambioUIMenu:113 - Insertando item de menú 'Grupos independientes' en posicion 0
2024-05-15 12:44:27 DEBUG CambioUIMenu:113 - Insertando item de menú 'Grupos emparejados' en posicion 1
2024-05-15 12:44:27 DEBUG CambioUIMenu:104 - Insertando item de menú 'Estudios de casos y controles' en posicion 2
2024-05-15 12:44:27 DEBUG CambioUIMenu:113 - Insertando item de menú 'Grupos independientes' en posicion 0
2024-05-15 12:44:27 DEBUG CambioUIMenu:113 - Insertando item de menú 'Estudios de cohorte' en posicion 3
2024-05-15 12:44:27 DEBUG CambioUIMenu:113 - Insertando item de menú 'Grupos emparejados' en posicion 1
2024-05-15 12:44:27 DEBUG CambioUIMenu:104 - Insertando item de menú 'Estudios de equivalencia' en posicion 4
2024-05-15 12:44:27 DEBUG CambioUIMenu:113 - Insertando item de menú 'Equivalencia de medias' en posicion 0
2024-05-15 12:44:27 DEBUG CambioUIMenu:113 - Insertando item de menú 'Equivalencia de proporciones' en posicion 1
2024-05-15 12:44:27 DEBUG CambioUIMenu:104 - Insertando item de menú 'Pruebas diagnósticas' en posicion 5
2024-05-15 12:44:27 DEBUG CambioUIMenu:113 - Insertando item de menú 'Grupos independientes' en posicion 0
2024-05-15 12:44:27 DEBUG CambioUIMenu:113 - Insertando item de menú 'Grupos emparejados' en posicion 1
2024-05-15 12:44:27 DEBUG CambioUIMenu:113 - Insertando item de menú 'Calidad de lotes' en posicion 6
2024-05-15 12:44:27 DEBUG CambioUIMenu:113 - Insertando item de menú 'Supervivencia' en posicion 7
2024-05-15 12:44:27 DEBUG CambioUIMenu:113 - Insertando item de menú 'Coeficiente de correlación' en posicion 8
2024-05-15 12:44:27 DEBUG PluginEstandar:42 - Aplicando cambios de plugin 'Muestreo 2'...
2024-05-15 12:44:27 DEBUG CambioUIMenu:104 - Insertando item de menú 'Selección de muestras' en posicion 1
2024-05-15 12:44:27 DEBUG CambioUIMenu:113 - Insertando item de menú 'Muestreo simple aleatorio' en posicion 0
2024-05-15 12:44:27 DEBUG CambioUIMenu:113 - Insertando item de menú 'Muestreo sistemático' en posicion 1
2024-05-15 12:44:27 DEBUG CambioUIMenu:113 - Insertando item de menú 'Muestreo aleatorio estratificado' en posicion 2
2024-05-15 12:44:27 DEBUG CambioUIMenu:113 - Insertando item de menú 'Muestreo por conglomerados monoetápico' en posicion 3
2024-05-15 12:44:27 DEBUG CambioUIMenu:113 - Insertando item de menú 'Muestreo por conglomerados bietápico' en posicion 4
2024-05-15 12:44:27 DEBUG CambioUIMenu:113 - Insertando item de menú 'Muestreo por conglomerados monoetápico estratificado' en posicion 5
2024-05-15 12:44:27 DEBUG CambioUIMenu:113 - Insertando item de menú 'Muestreo por conglomerados bietápico estratificado' en posicion 6
2024-05-15 12:44:27 DEBUG CambioUIMenu:113 - Insertando item de menú 'Asignación de sujetos a tratamientos' en posicion 2
2024-05-15 12:44:27 DEBUG CambioUIMenu:113 - Insertando item de menú 'Estimación con muestras complejas' en posicion 3
2024-05-15 12:44:27 DEBUG PluginEstandar:42 - Aplicando cambios de plugin 'Dialogo Acerca de ...'...
2024-05-15 12:44:27 DEBUG CambioUIMenu:113 - Insertando item de menú 'Acerca de' en posicion 3
2024-05-15 12:44:27 DEBUG PluginEstandar:42 - Aplicando cambios de plugin 'Herramientas'...
2024-05-15 12:44:27 DEBUG CambioUIMenu:113 - Insertando item de menú 'Opciones' en posicion 0
2024-05-15 12:44:27 DEBUG PluginEstandar:42 - Aplicando cambios de plugin 'inferenciasobreparametros'...
2024-05-15 12:44:27 DEBUG CambioUIMenu:104 - Insertando item de menú 'Inferencia sobre parámetros' en posicion 2
2024-05-15 12:44:27 DEBUG CambioUIMenu:104 - Insertando item de menú 'Una población' en posicion 0
2024-05-15 12:44:27 DEBUG CambioUIMenu:113 - Insertando item de menú 'Media' en posicion 0
2024-05-15 12:44:27 DEBUG CambioUIMenu:113 - Insertando item de menú 'Proporción' en posicion 1
2024-05-15 12:44:27 DEBUG CambioUIMenu:113 - Insertando item de menú 'Percentiles' en posicion 2
2024-05-15 12:44:27 DEBUG CambioUIMenu:113 - Insertando item de menú 'Correlación' en posicion 3
2024-05-15 12:44:27 DEBUG CambioUIMenu:113 - Insertando item de menú 'Tasa de incidencia' en posicion 4
2024-05-15 12:44:27 DEBUG CambioUIMenu:113 - Insertando item de menú 'Índice de posición' en posicion 5
2024-05-15 12:44:27 DEBUG CambioUIMenu:104 - Insertando item de menú 'Dos poblaciones' en posicion 1
2024-05-15 12:44:27 DEBUG CambioUIMenu:113 - Insertando item de menú 'Medias independientes' en posicion 0
2024-05-15 12:44:27 DEBUG CambioUIMenu:113 - Insertando item de menú 'Medias emparejadas' en posicion 1
2024-05-15 12:44:27 DEBUG CambioUIMenu:113 - Insertando item de menú 'Proporciones independientes' en posicion 2
2024-05-15 12:44:27 DEBUG CambioUIMenu:113 - Insertando item de menú 'Proporciones emparejadas' en posicion 3
2024-05-15 12:44:27 DEBUG CambioUIMenu:113 - Insertando item de menú 'Tasas de incidencia' en posicion 4
2024-05-15 12:44:27 DEBUG CambioUIMenu:104 - Insertando item de menú 'Comparación no paramétrica' en posicion 2
2024-05-15 12:44:27 DEBUG CambioUIMenu:113 - Insertando item de menú 'Medias independientes' en posicion 0
2024-05-15 12:44:27 DEBUG CambioUIMenu:113 - Insertando item de menú 'Medias emparejadas' en posicion 1
2024-05-15 12:44:27 DEBUG CambioUIMenu:113 - Insertando item de menú 'Contraste de normalidad' en posicion 3
2024-05-15 12:44:27 DEBUG PluginEstandar:42 - Aplicando cambios de plugin 'Herramientas'...
2024-05-15 12:44:27 DEBUG CambioUIMenu:113 - Insertando item de menú 'Idioma' en posicion 1
2024-05-15 12:44:27 DEBUG PluginEstandar:42 - Aplicando cambios de plugin 'ConcordanciaYConsistencia'...
2024-05-15 12:44:27 DEBUG CambioUIMenu:104 - Insertando item de menú 'Concordancia y consistencia' en posicion 3
2024-05-15 12:44:27 DEBUG CambioUIMenu:104 - Insertando item de menú 'Concordancia' en posicion 0
2024-05-15 12:44:27 DEBUG CambioUIMenu:113 - Insertando item de menú '2 Observadores' en posicion 0
2024-05-15 12:44:27 DEBUG CambioUIMenu:104 - Insertando item de menú '3 o más observadores' en posicion 1
2024-05-15 12:44:27 DEBUG CambioUIMenu:113 - Insertando item de menú '2 categorías' en posicion 0
2024-05-15 12:44:27 DEBUG CambioUIMenu:113 - Insertando item de menú '3 ó más categorías' en posicion 1
2024-05-15 12:44:27 DEBUG CambioUIMenu:113 - Insertando item de menú 'Comparación de kappas' en posicion 2
2024-05-15 12:44:27 DEBUG CambioUIMenu:113 - Insertando item de menú 'Coeficiente de correlación intraclase' en posicion 3
2024-05-15 12:44:27 DEBUG CambioUIMenu:113 - Insertando item de menú 'Método de Bland y Altman' en posicion 4
2024-05-15 12:44:27 DEBUG CambioUIMenu:104 - Insertando item de menú 'Consistencia' en posicion 1
2024-05-15 12:44:27 DEBUG CambioUIMenu:113 - Insertando item de menú 'Alpha de Cronbach' en posicion 0
2024-05-15 12:44:27 DEBUG PluginEstandar:42 - Aplicando cambios de plugin 'ajusteDeTasas'...
2024-05-15 12:44:27 DEBUG CambioUIMenu:104 - Insertando item de menú 'Ajuste de tasas' en posicion 4
2024-05-15 12:44:27 DEBUG CambioUIMenu:113 - Insertando item de menú 'Método directo' en posicion 0
2024-05-15 12:44:27 DEBUG CambioUIMenu:113 - Insertando item de menú 'Método indirecto' en posicion 1
2024-05-15 12:44:27 DEBUG PluginEstandar:42 - Aplicando cambios de plugin 'Demografía'...
2024-05-15 12:44:27 DEBUG CambioUIMenu:104 - Insertando item de menú 'Demografía' en posicion 5
2024-05-15 12:44:27 DEBUG CambioUIMenu:104 - Insertando item de menú 'Pirámides e indicadores' en posicion 0
2024-05-15 12:44:27 DEBUG CambioUIMenu:113 - Insertando item de menú 'Pirámides de población' en posicion 0
2024-05-15 12:44:27 DEBUG CambioUIMenu:113 - Insertando item de menú 'Indicadores de estructura' en posicion 1
2024-05-15 12:44:27 DEBUG CambioUIMenu:113 - Insertando item de menú 'Indicadores de fecundidad' en posicion 2
2024-05-15 12:44:27 DEBUG CambioUIMenu:113 - Insertando item de menú 'Tablas de mortalidad' en posicion 1
2024-05-15 12:44:27 DEBUG CambioUIMenu:113 - Insertando item de menú 'Expectativas de salud' en posicion 2
2024-05-15 12:44:27 DEBUG CambioUIMenu:104 - Insertando item de menú 'Años potenciales de vida perdidos' en posicion 3
2024-05-15 12:44:27 DEBUG CambioUIMenu:104 - Insertando item de menú 'APVP y tasa bruta' en posicion 0
2024-05-15 12:44:27 DEBUG CambioUIMenu:113 - Insertando item de menú 'Una causa y varias poblaciones' en posicion 0
2024-05-15 12:44:27 DEBUG CambioUIMenu:113 - Insertando item de menú 'Varias causas y una población' en posicion 1
2024-05-15 12:44:27 DEBUG CambioUIMenu:113 - Insertando item de menú 'Tasa de APVP ajustada' en posicion 1
2024-05-15 12:44:27 DEBUG CambioUIMenu:113 - Insertando item de menú 'Descomposición del cambio en la EV' en posicion 4
2024-05-15 12:44:27 DEBUG CambioUIMenu:104 - Insertando item de menú 'Años de esperanza de vida perdidos' en posicion 5
2024-05-15 12:44:27 DEBUG CambioUIMenu:113 - Insertando item de menú 'Un período' en posicion 0
2024-05-15 12:44:27 DEBUG CambioUIMenu:113 - Insertando item de menú 'Comparación de dos períodos' en posicion 1
2024-05-15 12:44:27 DEBUG PluginEstandar:42 - Aplicando cambios de plugin 'modulo'...
2024-05-15 12:44:27 DEBUG CambioUIMenu:104 - Insertando item de menú 'Estimacion de la mortalidad atribuida' en posicion 6
2024-05-15 12:44:27 DEBUG CambioUIMenu:104 - Insertando item de menú 'Al consumo de tabaco' en posicion 0
2024-05-15 12:44:27 DEBUG CambioUIMenu:104 - Insertando item de menú 'Método dependiente de prevalencia' en posicion 0
2024-05-15 12:44:27 DEBUG CambioUIMenu:113 - Insertando item de menú 'Riesgos del estudio CPSII' en posicion 0
2024-05-15 12:44:27 DEBUG CambioUIMenu:113 - Insertando item de menú 'Riesgos de un estudio de cohortes' en posicion 1
2024-05-15 12:44:27 DEBUG CambioUIMenu:113 - Insertando item de menú 'Riesgos de un estudio de casos y controles' en posicion 2
2024-05-15 12:44:27 DEBUG CambioUIMenu:104 - Insertando item de menú 'Método independiente de prevalencia' en posicion 1
2024-05-15 12:44:27 DEBUG CambioUIMenu:113 - Insertando item de menú 'Riesgos del estudio CPSII' en posicion 0
2024-05-15 12:44:27 DEBUG CambioUIMenu:113 - Insertando item de menú 'Riesgos de un estudio de cohortes' en posicion 1
2024-05-15 12:44:27 DEBUG CambioUIMenu:104 - Insertando item de menú 'A otro factor de riesgo' en posicion 1
2024-05-15 12:44:27 DEBUG CambioUIMenu:113 - Insertando item de menú 'Riesgos de un estudio de cohortes' en posicion 0
2024-05-15 12:44:27 DEBUG CambioUIMenu:113 - Insertando item de menú 'Riesgos de un estudio de casos y controles' en posicion 1
2024-05-15 12:44:27 DEBUG PluginEstandar:42 - Aplicando cambios de plugin 'regresion'...
2024-05-15 12:44:27 DEBUG CambioUIMenu:104 - Insertando item de menú 'Regresión logística' en posicion 7
2024-05-15 12:44:27 DEBUG CambioUIMenu:113 - Insertando item de menú 'Regresión logística' en posicion 0
2024-05-15 12:44:27 DEBUG PluginEstandar:42 - Aplicando cambios de plugin 'Distribuciones de probabilidad'...
2024-05-15 12:44:27 DEBUG CambioUIMenu:104 - Insertando item de menú 'Distribuciones de probabilidad' en posicion 8
2024-05-15 12:44:27 DEBUG CambioUIMenu:104 - Insertando item de menú 'Cálculo de probabilidades' en posicion 0
2024-05-15 12:44:27 DEBUG CambioUIMenu:113 - Insertando item de menú 'Distribuciones discretas' en posicion 0
2024-05-15 12:44:27 DEBUG CambioUIMenu:113 - Insertando item de menú 'Distribuciones continuas' en posicion 1
2024-05-15 12:44:27 DEBUG CambioUIMenu:104 - Insertando item de menú 'Generación de distribuciones' en posicion 1
2024-05-15 12:44:27 DEBUG CambioUIMenu:113 - Insertando item de menú 'Distribuciones discretas' en posicion 0
2024-05-15 12:44:27 DEBUG CambioUIMenu:113 - Insertando item de menú 'Distribuciones continuas' en posicion 1
2024-05-15 12:44:27 DEBUG PluginEstandar:42 - Aplicando cambios de plugin 'analisisBayesiano'...
2024-05-15 12:44:27 DEBUG CambioUIMenu:104 - Insertando item de menú 'Análisis bayesiano' en posicion 9
2024-05-15 12:44:27 DEBUG CambioUIMenu:113 - Insertando item de menú 'Teorema de Bayes' en posicion 0
2024-05-15 12:44:27 DEBUG CambioUIMenu:113 - Insertando item de menú 'Odds ratio' en posicion 1
2024-05-15 12:44:27 DEBUG CambioUIMenu:104 - Insertando item de menú 'Proporción' en posicion 2
2024-05-15 12:44:27 DEBUG CambioUIMenu:104 - Insertando item de menú 'Una población' en posicion 0
2024-05-15 12:44:27 DEBUG CambioUIMenu:113 - Insertando item de menú 'Estimación de una proporción' en posicion 0
2024-05-15 12:44:27 DEBUG CambioUIMenu:113 - Insertando item de menú 'Valoración de hipótesis' en posicion 1
2024-05-15 12:44:27 DEBUG CambioUIMenu:104 - Insertando item de menú 'Dos poblaciones' en posicion 1
2024-05-15 12:44:27 DEBUG CambioUIMenu:113 - Insertando item de menú 'Estimación de efectos' en posicion 0
2024-05-15 12:44:27 DEBUG CambioUIMenu:113 - Insertando item de menú 'Valoración de hipótesis' en posicion 1
2024-05-15 12:44:27 DEBUG CambioUIMenu:104 - Insertando item de menú 'Media' en posicion 3
2024-05-15 12:44:27 DEBUG CambioUIMenu:104 - Insertando item de menú 'Una población' en posicion 0
2024-05-15 12:44:27 DEBUG CambioUIMenu:113 - Insertando item de menú 'Estimación de una media' en posicion 0
2024-05-15 12:44:27 DEBUG CambioUIMenu:113 - Insertando item de menú 'Valoración de hipótesis' en posicion 1
2024-05-15 12:44:27 DEBUG CambioUIMenu:104 - Insertando item de menú 'Dos poblaciones' en posicion 1
2024-05-15 12:44:27 DEBUG CambioUIMenu:113 - Insertando item de menú 'Estimación de una diferencia' en posicion 0
2024-05-15 12:44:27 DEBUG CambioUIMenu:113 - Insertando item de menú 'Valoración de hipótesis' en posicion 1
2024-05-15 12:44:27 DEBUG CambioUIMenu:113 - Insertando item de menú 'Valoración de pruebas convencionales' en posicion 4
2024-05-15 12:44:27 DEBUG PluginEstandar:42 - Aplicando cambios de plugin 'privaciones'...
2024-05-15 12:44:27 DEBUG CambioUIMenu:104 - Insertando item de menú 'Índices de desarrollo o privación' en posicion 10
2024-05-15 12:44:27 DEBUG CambioUIMenu:113 - Insertando item de menú 'Índice de desarrollo humano (IDH)' en posicion 0
2024-05-15 12:44:27 DEBUG CambioUIMenu:113 - Insertando item de menú 'Índice de desarrollo humano corregido para desigualdad de género (IDHG)' en posicion 1
2024-05-15 12:44:27 DEBUG CambioUIMenu:113 - Insertando item de menú 'Índice de Pobreza 1 (IP1)' en posicion 2
2024-05-15 12:44:27 DEBUG CambioUIMenu:113 - Insertando item de menú 'Índice de Pobreza 2 (IP2)' en posicion 3
2024-05-15 12:44:27 DEBUG CambioUIMenu:113 - Insertando item de menú 'Índice de pobreza multidimensional (IPM)' en posicion 4
2024-05-15 12:44:27 DEBUG CambioUIMenu:113 - Insertando item de menú 'Índice de desarrollo de la niñez (IDN)' en posicion 5
2024-05-15 12:44:27 DEBUG CambioUIMenu:113 - Insertando item de menú 'Índice de oportunidades en la niñez (ION)' en posicion 6
2024-05-15 12:44:27 DEBUG PluginEstandar:42 - Aplicando cambios de plugin 'Medición de Desigualdades'...
2024-05-15 12:44:27 DEBUG CambioUIMenu:104 - Insertando item de menú 'Medición de desigualdades en salud' en posicion 11
2024-05-15 12:44:27 DEBUG CambioUIMenu:104 - Insertando item de menú 'Índices para categorías ordenadas' en posicion 0
2024-05-15 12:44:27 DEBUG CambioUIMenu:113 - Insertando item de menú 'Índices basados en comparaciones dos a dos' en posicion 0
2024-05-15 12:44:27 DEBUG CambioUIMenu:113 - Insertando item de menú 'Índices basados en el modelo de regresión' en posicion 1
2024-05-15 12:44:27 DEBUG CambioUIMenu:104 - Insertando item de menú 'Índice de Gini e índice de concentración' en posicion 2
2024-05-15 12:44:27 DEBUG CambioUIMenu:113 - Insertando item de menú 'Índice de Gini y curva de Lorenz' en posicion 0
2024-05-15 12:44:27 DEBUG CambioUIMenu:113 - Insertando item de menú 'Índice y curva de concentración' en posicion 1
2024-05-15 12:44:27 DEBUG CambioUIMenu:104 - Insertando item de menú 'Índices para categorías no ordenadas' en posicion 1
2024-05-15 12:44:27 DEBUG CambioUIMenu:113 - Insertando item de menú 'Índices basados en comparaciones dos a dos' en posicion 0
2024-05-15 12:44:27 DEBUG CambioUIMenu:113 - Insertando item de menú 'Índices de dispersión' en posicion 1
2024-05-15 12:44:27 DEBUG CambioUIMenu:113 - Insertando item de menú 'Índices basados en la comparación de distribuciones de probabilidad' en posicion 2
2024-05-15 12:44:27 DEBUG CambioUIMenu:113 - Insertando item de menú 'Índice de efecto' en posicion 2
2024-05-15 12:48:33 WARN  StandardResourceBundle:33 - El bundle creado por 'EntornoEpidatBundle' no ha encontrado la clave 'calcular' o es vacía.
2024-05-15 12:48:33 WARN  StandardResourceBundle:33 - El bundle creado por 'EntornoEpidatBundle' no ha encontrado la clave 'ocultar' o es vacía.
2024-05-15 12:48:33 WARN  StandardResourceBundle:33 - El bundle creado por 'EntornoEpidatBundle' no ha encontrado la clave 'limpiar' o es vacía.
2024-05-15 12:48:33 WARN  StandardResourceBundle:33 - El bundle creado por 'EntornoEpidatBundle' no ha encontrado la clave 'generar.grafico' o es vacía.
2024-05-15 12:48:33 WARN  StandardResourceBundle:33 - El bundle creado por 'EntornoEpidatBundle' no ha encontrado la clave 'calcular' o es vacía.
2024-05-15 12:48:33 WARN  StandardResourceBundle:33 - El bundle creado por 'EntornoEpidatBundle' no ha encontrado la clave 'ocultar' o es vacía.
2024-05-15 12:48:33 WARN  StandardResourceBundle:33 - El bundle creado por 'EntornoEpidatBundle' no ha encontrado la clave 'limpiar' o es vacía.
2024-05-15 12:48:33 WARN  StandardResourceBundle:33 - El bundle creado por 'EntornoEpidatBundle' no ha encontrado la clave 'generar.grafico' o es vacía.
2024-05-15 12:48:33 WARN  StandardResourceBundle:33 - El bundle creado por 'EntornoEpidatBundle' no ha encontrado la clave 'calcular' o es vacía.
2024-05-15 12:48:33 WARN  StandardResourceBundle:33 - El bundle creado por 'EntornoEpidatBundle' no ha encontrado la clave 'ocultar' o es vacía.
2024-05-15 12:48:33 WARN  StandardResourceBundle:33 - El bundle creado por 'EntornoEpidatBundle' no ha encontrado la clave 'limpiar' o es vacía.
2024-05-15 12:48:33 WARN  StandardResourceBundle:33 - El bundle creado por 'EntornoEpidatBundle' no ha encontrado la clave 'generar.grafico' o es vacía.
2024-05-15 12:48:33 WARN  StandardResourceBundle:33 - El bundle creado por 'EntornoEpidatBundle' no ha encontrado la clave 'calcular' o es vacía.
2024-05-15 12:48:33 WARN  StandardResourceBundle:33 - El bundle creado por 'EntornoEpidatBundle' no ha encontrado la clave 'ocultar' o es vacía.
2024-05-15 12:48:33 WARN  StandardResourceBundle:33 - El bundle creado por 'EntornoEpidatBundle' no ha encontrado la clave 'limpiar' o es vacía.
2024-05-15 12:48:33 WARN  StandardResourceBundle:33 - El bundle creado por 'EntornoEpidatBundle' no ha encontrado la clave 'generar.grafico' o es vacía.
2024-05-15 13:06:10 WARN  StandardResourceBundle:33 - El bundle creado por 'EntornoEpidatBundle' no ha encontrado la clave 'calcular' o es vacía.
2024-05-15 13:06:10 WARN  StandardResourceBundle:33 - El bundle creado por 'EntornoEpidatBundle' no ha encontrado la clave 'ocultar' o es vacía.
2024-05-15 13:06:10 WARN  StandardResourceBundle:33 - El bundle creado por 'EntornoEpidatBundle' no ha encontrado la clave 'limpiar' o es vacía.
2024-05-15 13:06:10 WARN  StandardResourceBundle:33 - El bundle creado por 'EntornoEpidatBundle' no ha encontrado la clave 'generar.grafico' o es vacía.
2024-05-15 13:06:10 WARN  StandardResourceBundle:33 - El bundle creado por 'EntornoEpidatBundle' no ha encontrado la clave 'calcular' o es vacía.
2024-05-15 13:06:10 WARN  StandardResourceBundle:33 - El bundle creado por 'EntornoEpidatBundle' no ha encontrado la clave 'ocultar' o es vacía.
2024-05-15 13:06:10 WARN  StandardResourceBundle:33 - El bundle creado por 'EntornoEpidatBundle' no ha encontrado la clave 'limpiar' o es vacía.
2024-05-15 13:06:10 WARN  StandardResourceBundle:33 - El bundle creado por 'EntornoEpidatBundle' no ha encontrado la clave 'generar.grafico' o es vacía.
2024-05-15 13:06:10 WARN  StandardResourceBundle:33 - El bundle creado por 'EntornoEpidatBundle' no ha encontrado la clave 'calcular' o es vacía.
2024-05-15 13:06:10 WARN  StandardResourceBundle:33 - El bundle creado por 'EntornoEpidatBundle' no ha encontrado la clave 'ocultar' o es vacía.
2024-05-15 13:06:10 WARN  StandardResourceBundle:33 - El bundle creado por 'EntornoEpidatBundle' no ha encontrado la clave 'limpiar' o es vacía.
2024-05-15 13:06:10 WARN  StandardResourceBundle:33 - El bundle creado por 'EntornoEpidatBundle' no ha encontrado la clave 'generar.grafico' o es vacía.
2024-05-15 13:06:10 WARN  StandardResourceBundle:33 - El bundle creado por 'EntornoEpidatBundle' no ha encontrado la clave 'calcular' o es vacía.
2024-05-15 13:06:10 WARN  StandardResourceBundle:33 - El bundle creado por 'EntornoEpidatBundle' no ha encontrado la clave 'ocultar' o es vacía.
2024-05-15 13:06:10 WARN  StandardResourceBundle:33 - El bundle creado por 'EntornoEpidatBundle' no ha encontrado la clave 'limpiar' o es vacía.
2024-05-15 13:06:10 WARN  StandardResourceBundle:33 - El bundle creado por 'EntornoEpidatBundle' no ha encontrado la clave 'generar.grafico' o es vacía.
2024-05-26 18:22:50 INFO  Aplicacion:99 - Arrancando EPIDAT...
2024-05-26 18:22:50 INFO  Aplicacion:222 - 





2024-05-26 18:22:50 INFO  Aplicacion:223 - --------------------------------------------------------
2024-05-26 18:22:50 INFO  Aplicacion:224 - EPIDAT v4.2
2024-05-26 18:22:50 INFO  Aplicacion:225 - 		Fecha de arranque: 26-may-2024 18:22:50
2024-05-26 18:22:50 INFO  Aplicacion:226 - 		Idioma: ES
2024-05-26 18:22:50 INFO  Aplicacion:227 - --------------------------------------------------------
2024-05-26 18:22:50 INFO  Aplicacion:228 - 

2024-05-26 18:22:50 DEBUG LeerPlugins:43 - Directorio Base:.\bin
2024-05-26 18:22:50 DEBUG LeerPlugins:71 - AjusteDeTasas.xml: Plugin 'ajusteDeTasas - 1.0 (indice 8)'
2024-05-26 18:22:50 DEBUG LeerPlugins:75 - 	Creada opción de menú 'Módulos/Ajuste de tasas/Método directo' con accion 'ajusteTasas.interfaz.AccionAjusteTasasDirecto'
2024-05-26 18:22:50 DEBUG LeerPlugins:75 - 	Creada opción de menú 'Módulos/Ajuste de tasas/Método indirecto' con accion 'ajusteTasas.interfaz.AccionAjusteTasasIndirecto'
2024-05-26 18:22:51 DEBUG LeerPlugins:71 - AnalisisBayesiano.xml: Plugin 'analisisBayesiano - 1.0 (indice 14)'
2024-05-26 18:22:51 DEBUG LeerPlugins:75 - 	Creada opción de menú 'Módulos/Análisis bayesiano/Teorema de Bayes' con accion 'analisisBayesiano.interfaz.ABTeoremaPlugin'
2024-05-26 18:22:51 DEBUG LeerPlugins:75 - 	Creada opción de menú 'Módulos/Análisis bayesiano/Odds ratio' con accion 'analisisBayesiano.interfaz.ABOddsRatioPlugin'
2024-05-26 18:22:51 DEBUG LeerPlugins:75 - 	Creada opción de menú 'Módulos/Análisis bayesiano/Proporción/Una población/Estimación de una proporción' con accion 'analisisBayesiano.interfaz.ABProporcionUnaEstimacionPlugin'
2024-05-26 18:22:51 DEBUG LeerPlugins:75 - 	Creada opción de menú 'Módulos/Análisis bayesiano/Proporción/Una población/Valoración de hipótesis' con accion 'analisisBayesiano.interfaz.ABProporcionUnaValoracionPlugin'
2024-05-26 18:22:51 DEBUG LeerPlugins:75 - 	Creada opción de menú 'Módulos/Análisis bayesiano/Proporción/Dos poblaciones/Estimación de efectos' con accion 'analisisBayesiano.interfaz.ABProporcionDosEstimacionPlugin'
2024-05-26 18:22:51 DEBUG LeerPlugins:75 - 	Creada opción de menú 'Módulos/Análisis bayesiano/Proporción/Dos poblaciones/Valoración de hipótesis' con accion 'analisisBayesiano.interfaz.ABProporcionDosValoracionPlugin'
2024-05-26 18:22:51 DEBUG LeerPlugins:75 - 	Creada opción de menú 'Módulos/Análisis bayesiano/Media/Una población/Estimación de una media' con accion 'analisisBayesiano.interfaz.ABMediaUnaEstimacionPlugin'
2024-05-26 18:22:51 DEBUG LeerPlugins:75 - 	Creada opción de menú 'Módulos/Análisis bayesiano/Media/Una población/Valoración de hipótesis' con accion 'analisisBayesiano.interfaz.ABMediaUnaValoracionPlugin'
2024-05-26 18:22:51 DEBUG LeerPlugins:75 - 	Creada opción de menú 'Módulos/Análisis bayesiano/Media/Dos poblaciones/Estimación de una diferencia' con accion 'analisisBayesiano.interfaz.ABMediaDosEstimacionPlugin'
2024-05-26 18:22:51 DEBUG LeerPlugins:75 - 	Creada opción de menú 'Módulos/Análisis bayesiano/Media/Dos poblaciones/Valoración de hipótesis' con accion 'analisisBayesiano.interfaz.ABMediaDosValoracionPlugin'
2024-05-26 18:22:51 DEBUG LeerPlugins:75 - 	Creada opción de menú 'Módulos/Análisis bayesiano/Valoración de pruebas convencionales' con accion 'analisisBayesiano.interfaz.ABValoracionPlugin'
2024-05-26 18:22:51 DEBUG LeerPlugins:71 - AnalisisDescriptivo.xml: Plugin 'Plugin - 1.0 (indice 0)'
2024-05-26 18:22:51 DEBUG LeerPlugins:75 - 	Creada opción de menú 'Módulos/Análisis descriptivo/Tablas de frecuencias' con accion 'analisisDescriptivo.interfaz.TablasFrecuenciaAccionPlugin'
2024-05-26 18:22:51 DEBUG LeerPlugins:75 - 	Creada opción de menú 'Módulos/Análisis descriptivo/Tablas de contingencia' con accion 'analisisDescriptivo.interfaz.TablasContingenciaAccionPlugin'
2024-05-26 18:22:51 DEBUG LeerPlugins:75 - 	Creada opción de menú 'Módulos/Análisis descriptivo/Estadísticos descriptivos' con accion 'analisisDescriptivo.interfaz.EstadisticosDescriptivosAccionPlugin'
2024-05-26 18:22:51 DEBUG LeerPlugins:75 - 	Creada opción de menú 'Módulos/Análisis descriptivo/Correlación' con accion 'analisisDescriptivo.interfaz.CorrelacionAccionPlugin'
2024-05-26 18:22:51 DEBUG LeerPlugins:75 - 	Creada opción de menú 'Módulos/Análisis descriptivo/Gráficos/Barras' con accion 'analisisDescriptivo.interfaz.GraficosBarrasAccionPlugin'
2024-05-26 18:22:51 DEBUG LeerPlugins:75 - 	Creada opción de menú 'Módulos/Análisis descriptivo/Gráficos/Sectores' con accion 'analisisDescriptivo.interfaz.GraficosSectoresAccionPlugin'
2024-05-26 18:22:51 DEBUG LeerPlugins:75 - 	Creada opción de menú 'Módulos/Análisis descriptivo/Gráficos/Líneas' con accion 'analisisDescriptivo.interfaz.GraficosLineasAccionPlugin'
2024-05-26 18:22:51 DEBUG LeerPlugins:75 - 	Creada opción de menú 'Módulos/Análisis descriptivo/Gráficos/Dispersión' con accion 'analisisDescriptivo.interfaz.GraficosDispersionAccionPlugin'
2024-05-26 18:22:51 DEBUG LeerPlugins:75 - 	Creada opción de menú 'Módulos/Análisis descriptivo/Gráficos/Histograma' con accion 'analisisDescriptivo.interfaz.GraficosHistogramaAccionPlugin'
2024-05-26 18:22:51 DEBUG LeerPlugins:75 - 	Creada opción de menú 'Módulos/Análisis descriptivo/Gráficos/Diagrama de cajas' con accion 'analisisDescriptivo.interfaz.GraficosDiagramaCajasAccionPlugin'
2024-05-26 18:22:51 DEBUG LeerPlugins:75 - 	Creada opción de menú 'Módulos/Análisis descriptivo/Gráficos/Intervalos de confianza' con accion 'analisisDescriptivo.interfaz.GraficosIntervalosConfianzaAccionPlugin'
2024-05-26 18:22:51 DEBUG LeerPlugins:71 - ConcordanciaYConsistencia.xml: Plugin 'ConcordanciaYConsistencia - 1.0 (indice 6)'
2024-05-26 18:22:51 DEBUG LeerPlugins:75 - 	Creada opción de menú 'Módulos/Concordancia y consistencia/Concordancia/2 Observadores' con accion 'concordanciaYConsistencia.interfaz.Concordancia2ObsAccionPlugin'
2024-05-26 18:22:51 DEBUG LeerPlugins:75 - 	Creada opción de menú 'Módulos/Concordancia y consistencia/Concordancia/3 o más observadores/2 categorías' con accion 'concordanciaYConsistencia.interfaz.Concordancia3_2CatAccionPlugin'
2024-05-26 18:22:51 DEBUG LeerPlugins:75 - 	Creada opción de menú 'Módulos/Concordancia y consistencia/Concordancia/3 o más observadores/3 ó más categorías' con accion 'concordanciaYConsistencia.interfaz.Concordancia3_3CatAccionPlugin'
2024-05-26 18:22:51 DEBUG LeerPlugins:75 - 	Creada opción de menú 'Módulos/Concordancia y consistencia/Concordancia/Comparación de kappas' con accion 'concordanciaYConsistencia.interfaz.ComparacionKappasAccionPlugin'
2024-05-26 18:22:51 DEBUG LeerPlugins:75 - 	Creada opción de menú 'Módulos/Concordancia y consistencia/Concordancia/Coeficiente de correlación intraclase' con accion 'concordanciaYConsistencia.interfaz.CorrelacionIntraclaseAccionPlugin'
2024-05-26 18:22:51 DEBUG LeerPlugins:75 - 	Creada opción de menú 'Módulos/Concordancia y consistencia/Concordancia/Método de Bland y Altman' con accion 'concordanciaYConsistencia.interfaz.BlandYAltmanAccionPlugin'
2024-05-26 18:22:51 DEBUG LeerPlugins:75 - 	Creada opción de menú 'Módulos/Concordancia y consistencia/Consistencia/Alpha de Cronbach' con accion 'concordanciaYConsistencia.interfaz.AlphaCronbachAccionPlugin'
2024-05-26 18:22:51 DEBUG LeerPlugins:71 - Demografia.xml: Plugin 'Demografía - 2.0 (indice 9)'
2024-05-26 18:22:51 DEBUG LeerPlugins:75 - 	Creada opción de menú 'Módulos/Demografía/Pirámides e indicadores/Pirámides de población' con accion 'demografia.interfaz.PiramidesAccionPlugin'
2024-05-26 18:22:51 DEBUG LeerPlugins:75 - 	Creada opción de menú 'Módulos/Demografía/Pirámides e indicadores/Indicadores de estructura' con accion 'demografia.interfaz.IndicadoresEstructuraAccionPlugin'
2024-05-26 18:22:51 DEBUG LeerPlugins:75 - 	Creada opción de menú 'Módulos/Demografía/Pirámides e indicadores/Indicadores de fecundidad' con accion 'demografia.interfaz.IndicadoresFecundidadAccionPlugin'
2024-05-26 18:22:51 DEBUG LeerPlugins:75 - 	Creada opción de menú 'Módulos/Demografía/Tablas de mortalidad' con accion 'demografia.interfaz.TablasMortalidadAccionPlugin'
2024-05-26 18:22:51 DEBUG LeerPlugins:75 - 	Creada opción de menú 'Módulos/Demografía/Expectativas de salud' con accion 'demografia.interfaz.ExpectativasSaludAccionPlugin'
2024-05-26 18:22:51 DEBUG LeerPlugins:75 - 	Creada opción de menú 'Módulos/Demografía/Años potenciales de vida perdidos/APVP y tasa bruta/Una causa y varias poblaciones' con accion 'demografia.interfaz.APVPYTasaBrutaUnaCausaAccionPlugin'
2024-05-26 18:22:51 DEBUG LeerPlugins:75 - 	Creada opción de menú 'Módulos/Demografía/Años potenciales de vida perdidos/APVP y tasa bruta/Varias causas y una población' con accion 'demografia.interfaz.APVPYTasaBrutaVariasCausasAccionPlugin'
2024-05-26 18:22:51 DEBUG LeerPlugins:75 - 	Creada opción de menú 'Módulos/Demografía/Años potenciales de vida perdidos/Tasa de APVP ajustada' con accion 'demografia.interfaz.TasaAPVPAjustadaAccionPlugin'
2024-05-26 18:22:51 DEBUG LeerPlugins:75 - 	Creada opción de menú 'Módulos/Demografía/Descomposición del cambio en la EV' con accion 'demografia.interfaz.DescomposicionCambioEVAccionPlugin'
2024-05-26 18:22:51 DEBUG LeerPlugins:75 - 	Creada opción de menú 'Módulos/Demografía/Años de esperanza de vida perdidos/Un período' con accion 'demografia.interfaz.AnosVidaPerdidosUnPeriodoAccionPlugin'
2024-05-26 18:22:51 DEBUG LeerPlugins:75 - 	Creada opción de menú 'Módulos/Demografía/Años de esperanza de vida perdidos/Comparación de dos períodos' con accion 'demografia.interfaz.AnosVidaPerdidosComparacionPeriodosAccionPlugin'
2024-05-26 18:22:51 DEBUG LeerPlugins:71 - DialogoAcercade.xml: Plugin 'Dialogo Acerca de ... - 1.0 (indice 5)'
2024-05-26 18:22:51 DEBUG LeerPlugins:75 - 	Creada opción de menú 'Ayuda/Acerca de' con accion 'dialogoacercade.interfaz.DialogoAcercaDeAccionPlugin'
2024-05-26 18:22:51 DEBUG LeerPlugins:71 - EstimacionMortalidad.xml: Plugin 'modulo - 1.0 (indice 10)'
2024-05-26 18:22:51 DEBUG LeerPlugins:75 - 	Creada opción de menú 'Módulos/Estimacion de la mortalidad atribuida/Al consumo de tabaco/Método dependiente de prevalencia/Riesgos del estudio CPSII' con accion 'estimacionMortalidad.interfaz.RiesgosCPSIIDependienteAccionPlugin'
2024-05-26 18:22:51 DEBUG LeerPlugins:75 - 	Creada opción de menú 'Módulos/Estimacion de la mortalidad atribuida/Al consumo de tabaco/Método dependiente de prevalencia/Riesgos de un estudio de cohortes' con accion 'estimacionMortalidad.interfaz.RiesgosCohortesDependienteAccionPlugin'
2024-05-26 18:22:51 DEBUG LeerPlugins:75 - 	Creada opción de menú 'Módulos/Estimacion de la mortalidad atribuida/Al consumo de tabaco/Método dependiente de prevalencia/Riesgos de un estudio de casos y controles' con accion 'estimacionMortalidad.interfaz.RiesgosCasosyControlesAccionPlugin'
2024-05-26 18:22:51 DEBUG LeerPlugins:75 - 	Creada opción de menú 'Módulos/Estimacion de la mortalidad atribuida/Al consumo de tabaco/Método independiente de prevalencia/Riesgos del estudio CPSII' con accion 'estimacionMortalidad.interfaz.RiesgosCPSIIIndependienteAccionPlugin'
2024-05-26 18:22:51 DEBUG LeerPlugins:75 - 	Creada opción de menú 'Módulos/Estimacion de la mortalidad atribuida/Al consumo de tabaco/Método independiente de prevalencia/Riesgos de un estudio de cohortes' con accion 'estimacionMortalidad.interfaz.RiesgosCohortesIndependienteAccionPlugin'
2024-05-26 18:22:51 DEBUG LeerPlugins:75 - 	Creada opción de menú 'Módulos/Estimacion de la mortalidad atribuida/A otro factor de riesgo/Riesgos de un estudio de cohortes' con accion 'estimacionMortalidad.interfaz.RiesgosCohortesDependiente2AccionPlugin'
2024-05-26 18:22:51 DEBUG LeerPlugins:75 - 	Creada opción de menú 'Módulos/Estimacion de la mortalidad atribuida/A otro factor de riesgo/Riesgos de un estudio de casos y controles' con accion 'estimacionMortalidad.interfaz.RiesgosCasosyControles2AccionPlugin'
2024-05-26 18:22:51 DEBUG LeerPlugins:71 - Herramientas.xml: Plugin 'Herramientas - 1.0 (indice 5)'
2024-05-26 18:22:51 DEBUG LeerPlugins:75 - 	Creada opción de menú 'Herramientas/Opciones' con accion 'herramientas.interfaz.OpcionesGraficasAccionPlugin'
2024-05-26 18:22:51 DEBUG LeerPlugins:71 - InferenciaSobreParametros.xml: Plugin 'inferenciasobreparametros - 1.0 (indice 5)'
2024-05-26 18:22:51 DEBUG LeerPlugins:75 - 	Creada opción de menú 'Módulos/Inferencia sobre parámetros/Una población/Media' con accion 'inferenciasobreparametros.interfaz.IPUnaPoblacionMediaAccionPlugin'
2024-05-26 18:22:51 DEBUG LeerPlugins:75 - 	Creada opción de menú 'Módulos/Inferencia sobre parámetros/Una población/Proporción' con accion 'inferenciasobreparametros.interfaz.IPUnaPoblacionProporcionAccionPlugin'
2024-05-26 18:22:51 DEBUG LeerPlugins:75 - 	Creada opción de menú 'Módulos/Inferencia sobre parámetros/Una población/Percentiles' con accion 'inferenciasobreparametros.interfaz.IPUnaPoblacionPercentilesAccionPlugin'
2024-05-26 18:22:51 DEBUG LeerPlugins:75 - 	Creada opción de menú 'Módulos/Inferencia sobre parámetros/Una población/Correlación' con accion 'inferenciasobreparametros.interfaz.IPUnaPoblacionCorrelacionAccionPlugin'
2024-05-26 18:22:51 DEBUG LeerPlugins:75 - 	Creada opción de menú 'Módulos/Inferencia sobre parámetros/Una población/Tasa de incidencia' con accion 'inferenciasobreparametros.interfaz.IPUnaPoblacionTasaIncidenciaAccionPlugin'
2024-05-26 18:22:51 DEBUG LeerPlugins:75 - 	Creada opción de menú 'Módulos/Inferencia sobre parámetros/Una población/Índice de posición' con accion 'inferenciasobreparametros.interfaz.IPUnaPoblacionIndicePosicionAccionPlugin'
2024-05-26 18:22:51 DEBUG LeerPlugins:75 - 	Creada opción de menú 'Módulos/Inferencia sobre parámetros/Dos poblaciones/Medias independientes' con accion 'inferenciasobreparametros.interfaz.IPDosPoblacionesMediasIndependientesAccionPlugin'
2024-05-26 18:22:51 DEBUG LeerPlugins:75 - 	Creada opción de menú 'Módulos/Inferencia sobre parámetros/Dos poblaciones/Medias emparejadas' con accion 'inferenciasobreparametros.interfaz.IPDosPoblacionesMediasEmparejadasAccionPlugin'
2024-05-26 18:22:51 DEBUG LeerPlugins:75 - 	Creada opción de menú 'Módulos/Inferencia sobre parámetros/Dos poblaciones/Proporciones independientes' con accion 'inferenciasobreparametros.interfaz.IPDosPoblacionesProporcionesIndependientesAccionPlugin'
2024-05-26 18:22:51 DEBUG LeerPlugins:75 - 	Creada opción de menú 'Módulos/Inferencia sobre parámetros/Dos poblaciones/Proporciones emparejadas' con accion 'inferenciasobreparametros.interfaz.IPDosPoblacionesProporcionesEmparejadasAccionPlugin'
2024-05-26 18:22:51 DEBUG LeerPlugins:75 - 	Creada opción de menú 'Módulos/Inferencia sobre parámetros/Dos poblaciones/Tasas de incidencia' con accion 'inferenciasobreparametros.interfaz.IPDosPoblacionesTasasIncidenciasAccionPlugin'
2024-05-26 18:22:51 DEBUG LeerPlugins:75 - 	Creada opción de menú 'Módulos/Inferencia sobre parámetros/Comparación no paramétrica/Medias independientes' con accion 'inferenciasobreparametros.interfaz.IPNoParametricaMediasIndependientesAccionPlugin'
2024-05-26 18:22:51 DEBUG LeerPlugins:75 - 	Creada opción de menú 'Módulos/Inferencia sobre parámetros/Comparación no paramétrica/Medias emparejadas' con accion 'inferenciasobreparametros.interfaz.IPNoParametricaMediasEmparejadasAccionPlugin'
2024-05-26 18:22:51 DEBUG LeerPlugins:75 - 	Creada opción de menú 'Módulos/Inferencia sobre parámetros/Contraste de normalidad' con accion 'inferenciasobreparametros.interfaz.IPContrasteNormalidadAccionPlugin'
2024-05-26 18:22:51 DEBUG LeerPlugins:71 - Internacionalizacion.xml: Plugin 'Herramientas - 1.0 (indice 5)'
2024-05-26 18:22:51 DEBUG LeerPlugins:75 - 	Creada opción de menú 'Herramientas/Idioma' con accion 'com.epidat.internacionalizacion.interfaz.CambiarIdiomaMenuItem'
2024-05-26 18:22:51 DEBUG LeerPlugins:71 - MedicionEnDesigualdadesEnSalud.xml: Plugin 'Medición de Desigualdades - 2.0 (indice 18)'
2024-05-26 18:22:51 DEBUG LeerPlugins:75 - 	Creada opción de menú 'Módulos/Medición de desigualdades en salud/Índices para categorías ordenadas/Índices basados en comparaciones dos a dos' con accion 'medicionDesigualdadesSalud.interfaz.Comparacion2a2VarOrdenadasAccionPlugin'
2024-05-26 18:22:51 DEBUG LeerPlugins:75 - 	Creada opción de menú 'Módulos/Medición de desigualdades en salud/Índices para categorías ordenadas/Índices basados en el modelo de regresión' con accion 'medicionDesigualdadesSalud.interfaz.IndicesDesigualdadAccionPlugin'
2024-05-26 18:22:51 DEBUG LeerPlugins:75 - 	Creada opción de menú 'Módulos/Medición de desigualdades en salud/Índices para categorías ordenadas/Índice de Gini e índice de concentración/Índice de Gini y curva de Lorenz' con accion 'medicionDesigualdadesSalud.interfaz.IndiceGiniCurvaLorenzAccionPlugin'
2024-05-26 18:22:51 DEBUG LeerPlugins:75 - 	Creada opción de menú 'Módulos/Medición de desigualdades en salud/Índices para categorías ordenadas/Índice de Gini e índice de concentración/Índice y curva de concentración' con accion 'medicionDesigualdadesSalud.interfaz.IndiceCurvaConcentracionAccionPlugin'
2024-05-26 18:22:51 DEBUG LeerPlugins:75 - 	Creada opción de menú 'Módulos/Medición de desigualdades en salud/Índices para categorías no ordenadas/Índices basados en comparaciones dos a dos' con accion 'medicionDesigualdadesSalud.interfaz.Comparacion2a2VarDesordenadasAccionPlugin'
2024-05-26 18:22:51 DEBUG LeerPlugins:75 - 	Creada opción de menú 'Módulos/Medición de desigualdades en salud/Índices para categorías no ordenadas/Índices de dispersión' con accion 'medicionDesigualdadesSalud.interfaz.IndicesDeDispersionAccionPlugin'
2024-05-26 18:22:51 DEBUG LeerPlugins:75 - 	Creada opción de menú 'Módulos/Medición de desigualdades en salud/Índices para categorías no ordenadas/Índices basados en la comparación de distribuciones de probabilidad' con accion 'medicionDesigualdadesSalud.interfaz.IndicesBasadosComparacionDistProbabilidadAccionPlugin'
2024-05-26 18:22:51 DEBUG LeerPlugins:75 - 	Creada opción de menú 'Módulos/Medición de desigualdades en salud/Índice de efecto' con accion 'medicionDesigualdadesSalud.interfaz.IndiceEfectoAccionPlugin'
2024-05-26 18:22:51 DEBUG LeerPlugins:71 - ModulosFaltantes.xml: Plugin 'modulosFaltantes - 1.0 (indice 1)'
2024-05-26 18:22:51 DEBUG LeerPlugins:75 - 	Creada opción de menú 'Ayuda/Módulos aún no implementados' con accion 'modulosFaltantes.interfaz.AyudaPlugin'
2024-05-26 18:22:51 DEBUG LeerPlugins:71 - MuestreoSeleccionYEstimacion.xml: Plugin 'Muestreo 2 - 1.0 (indice 3)'
2024-05-26 18:22:51 DEBUG LeerPlugins:75 - 	Creada opción de menú 'Módulos/Muestreo/Selección de muestras/Muestreo simple aleatorio' con accion 'seleccionMuestras.interfaz.MuestreoSimpleAleatorioAccionPlugin'
2024-05-26 18:22:51 DEBUG LeerPlugins:75 - 	Creada opción de menú 'Módulos/Muestreo/Selección de muestras/Muestreo sistemático' con accion 'seleccionMuestras.interfaz.MuestreoSistematicoAccionPlugin'
2024-05-26 18:22:51 DEBUG LeerPlugins:75 - 	Creada opción de menú 'Módulos/Muestreo/Selección de muestras/Muestreo aleatorio estratificado' con accion 'seleccionMuestras.interfaz.MuestreoAleatorioEstratificadoAccionPlugin'
2024-05-26 18:22:51 DEBUG LeerPlugins:75 - 	Creada opción de menú 'Módulos/Muestreo/Selección de muestras/Muestreo por conglomerados monoetápico' con accion 'seleccionMuestras.interfaz.MuestreoConglomeradosMonoAccionPlugin'
2024-05-26 18:22:51 DEBUG LeerPlugins:75 - 	Creada opción de menú 'Módulos/Muestreo/Selección de muestras/Muestreo por conglomerados bietápico' con accion 'seleccionMuestras.interfaz.MuestreoConglomeradosBiAccionPlugin'
2024-05-26 18:22:51 DEBUG LeerPlugins:75 - 	Creada opción de menú 'Módulos/Muestreo/Selección de muestras/Muestreo por conglomerados monoetápico estratificado' con accion 'seleccionMuestras.interfaz.MuestreoConglMonoEstratAccionPlugin'
2024-05-26 18:22:51 DEBUG LeerPlugins:75 - 	Creada opción de menú 'Módulos/Muestreo/Selección de muestras/Muestreo por conglomerados bietápico estratificado' con accion 'seleccionMuestras.interfaz.MuestreoConglBiEstratAccionPlugin'
2024-05-26 18:22:51 DEBUG LeerPlugins:75 - 	Creada opción de menú 'Módulos/Muestreo/Asignación de sujetos a tratamientos' con accion 'seleccionMuestras.interfaz.AsignacionSujetosTratamientosAccionPlugin'
2024-05-26 18:22:51 DEBUG LeerPlugins:75 - 	Creada opción de menú 'Módulos/Muestreo/Estimación con muestras complejas' con accion 'emuco.interfaz.EmucoAccionPlugin'
2024-05-26 18:22:51 DEBUG LeerPlugins:71 - MuestreoTamanosDeMuestra.xml: Plugin 'Muestreo 1 - 1.0 (indice 2)'
2024-05-26 18:22:51 DEBUG LeerPlugins:75 - 	Creada opción de menú 'Módulos/Muestreo/Cálculo de tamaños de muestra/Intervalos de confianza/Media' con accion 'tamsMuestra.intervalosConfianza.interfaz.MediaAccionPlugin'
2024-05-26 18:22:51 DEBUG LeerPlugins:75 - 	Creada opción de menú 'Módulos/Muestreo/Cálculo de tamaños de muestra/Intervalos de confianza/Proporción' con accion 'tamsMuestra.intervalosConfianza.interfaz.ProporcionAccionPlugin'
2024-05-26 18:22:51 DEBUG LeerPlugins:75 - 	Creada opción de menú 'Módulos/Muestreo/Cálculo de tamaños de muestra/Intervalos de confianza/Odds ratio' con accion 'tamsMuestra.intervalosConfianza.interfaz.OddsRatioAccionPlugin'
2024-05-26 18:22:51 DEBUG LeerPlugins:75 - 	Creada opción de menú 'Módulos/Muestreo/Cálculo de tamaños de muestra/Intervalos de confianza/Riesgo relativo' con accion 'tamsMuestra.intervalosConfianza.interfaz.RiesgoRelativoAccionPlugin'
2024-05-26 18:22:51 DEBUG LeerPlugins:75 - 	Creada opción de menú 'Módulos/Muestreo/Cálculo de tamaños de muestra/Intervalos de confianza/Concordancia' con accion 'tamsMuestra.intervalosConfianza.interfaz.ConcordanciaAccionPlugin'
2024-05-26 18:22:51 DEBUG LeerPlugins:75 - 	Creada opción de menú 'Módulos/Muestreo/Cálculo de tamaños de muestra/Intervalos de confianza/Pruebas diagnósticas' con accion 'tamsMuestra.intervalosConfianza.interfaz.SensibilidadYEspecificidadAccionPlugin'
2024-05-26 18:22:51 DEBUG LeerPlugins:75 - 	Creada opción de menú 'Módulos/Muestreo/Cálculo de tamaños de muestra/Contraste de hipótesis/Comparación de medias/Grupos independientes' con accion 'tamsMuestra.contrastesHipotesis.interfaz.ComparacionMediasIndependientesAccionPlugin'
2024-05-26 18:22:51 DEBUG LeerPlugins:75 - 	Creada opción de menú 'Módulos/Muestreo/Cálculo de tamaños de muestra/Contraste de hipótesis/Comparación de medias/Grupos emparejados' con accion 'tamsMuestra.contrastesHipotesis.interfaz.ComparacionMediasEmparejadasAccionPlugin'
2024-05-26 18:22:51 DEBUG LeerPlugins:75 - 	Creada opción de menú 'Módulos/Muestreo/Cálculo de tamaños de muestra/Contraste de hipótesis/Comparación de proporciones/Grupos independientes' con accion 'tamsMuestra.contrastesHipotesis.interfaz.ComparacionProporcionesIndependientesAccionPlugin'
2024-05-26 18:22:51 DEBUG LeerPlugins:75 - 	Creada opción de menú 'Módulos/Muestreo/Cálculo de tamaños de muestra/Contraste de hipótesis/Comparación de proporciones/Grupos emparejados' con accion 'tamsMuestra.contrastesHipotesis.interfaz.ComparacionProporcionesEmparejadasAccionPlugin'
2024-05-26 18:22:51 DEBUG LeerPlugins:75 - 	Creada opción de menú 'Módulos/Muestreo/Cálculo de tamaños de muestra/Contraste de hipótesis/Estudios de casos y controles/Grupos independientes' con accion 'tamsMuestra.contrastesHipotesis.interfaz.EstudiosCasosIndependientesAccionPlugin'
2024-05-26 18:22:51 DEBUG LeerPlugins:75 - 	Creada opción de menú 'Módulos/Muestreo/Cálculo de tamaños de muestra/Contraste de hipótesis/Estudios de cohorte' con accion 'tamsMuestra.contrastesHipotesis.interfaz.EstudiosCohorteAccionPlugin'
2024-05-26 18:22:51 DEBUG LeerPlugins:75 - 	Creada opción de menú 'Módulos/Muestreo/Cálculo de tamaños de muestra/Contraste de hipótesis/Estudios de casos y controles/Grupos emparejados' con accion 'tamsMuestra.contrastesHipotesis.interfaz.EstudiosCasosEmparejadosAccionPlugin'
2024-05-26 18:22:51 DEBUG LeerPlugins:75 - 	Creada opción de menú 'Módulos/Muestreo/Cálculo de tamaños de muestra/Contraste de hipótesis/Estudios de equivalencia/Equivalencia de medias' con accion 'tamsMuestra.contrastesHipotesis.interfaz.EquivalenciaMediasAccionPlugin'
2024-05-26 18:22:51 DEBUG LeerPlugins:75 - 	Creada opción de menú 'Módulos/Muestreo/Cálculo de tamaños de muestra/Contraste de hipótesis/Estudios de equivalencia/Equivalencia de proporciones' con accion 'tamsMuestra.contrastesHipotesis.interfaz.EquivalenciaProporcionesAccionPlugin'
2024-05-26 18:22:51 DEBUG LeerPlugins:75 - 	Creada opción de menú 'Módulos/Muestreo/Cálculo de tamaños de muestra/Contraste de hipótesis/Pruebas diagnósticas/Grupos independientes' con accion 'tamsMuestra.contrastesHipotesis.interfaz.PruebasDxGIAccionPlugin'
2024-05-26 18:22:51 DEBUG LeerPlugins:75 - 	Creada opción de menú 'Módulos/Muestreo/Cálculo de tamaños de muestra/Contraste de hipótesis/Pruebas diagnósticas/Grupos emparejados' con accion 'tamsMuestra.contrastesHipotesis.interfaz.PruebasDxGEAccionPlugin'
2024-05-26 18:22:51 DEBUG LeerPlugins:75 - 	Creada opción de menú 'Módulos/Muestreo/Cálculo de tamaños de muestra/Contraste de hipótesis/Calidad de lotes' con accion 'tamsMuestra.contrastesHipotesis.interfaz.CalidadLotesAccionPlugin'
2024-05-26 18:22:51 DEBUG LeerPlugins:75 - 	Creada opción de menú 'Módulos/Muestreo/Cálculo de tamaños de muestra/Contraste de hipótesis/Supervivencia' con accion 'tamsMuestra.contrastesHipotesis.interfaz.SupervivenciaAccionPlugin'
2024-05-26 18:22:51 DEBUG LeerPlugins:75 - 	Creada opción de menú 'Módulos/Muestreo/Cálculo de tamaños de muestra/Contraste de hipótesis/Coeficiente de correlación' con accion 'tamsMuestra.contrastesHipotesis.interfaz.CorrelacionAccionPlugin'
2024-05-26 18:22:52 DEBUG LeerPlugins:71 - Privaciones.xml: Plugin 'privaciones - 1.0 (indice 16)'
2024-05-26 18:22:52 DEBUG LeerPlugins:75 - 	Creada opción de menú 'Módulos/Índices de desarrollo o privación/Índice de desarrollo humano (IDH)' con accion 'privaciones.interfaz.Privations_Pluggin_AE_IDH'
2024-05-26 18:22:52 DEBUG LeerPlugins:75 - 	Creada opción de menú 'Módulos/Índices de desarrollo o privación/Índice de desarrollo humano corregido para desigualdad de género (IDHG)' con accion 'privaciones.interfaz.Privations_Pluggin_AE_IDHG'
2024-05-26 18:22:52 DEBUG LeerPlugins:75 - 	Creada opción de menú 'Módulos/Índices de desarrollo o privación/Índice de Pobreza 1 (IP1)' con accion 'privaciones.interfaz.Privations_Pluggin_AE_IP1'
2024-05-26 18:22:52 DEBUG LeerPlugins:75 - 	Creada opción de menú 'Módulos/Índices de desarrollo o privación/Índice de Pobreza 2 (IP2)' con accion 'privaciones.interfaz.Privations_Pluggin_AE_IP2'
2024-05-26 18:22:52 DEBUG LeerPlugins:75 - 	Creada opción de menú 'Módulos/Índices de desarrollo o privación/Índice de pobreza multidimensional (IPM)' con accion 'privaciones.interfaz.Privations_Pluggin_AE_IPM'
2024-05-26 18:22:52 DEBUG LeerPlugins:75 - 	Creada opción de menú 'Módulos/Índices de desarrollo o privación/Índice de desarrollo de la niñez (IDN)' con accion 'privaciones.interfaz.Privations_Pluggin_AE_IDN'
2024-05-26 18:22:52 DEBUG LeerPlugins:75 - 	Creada opción de menú 'Módulos/Índices de desarrollo o privación/Índice de oportunidades en la niñez (ION)' con accion 'privaciones.interfaz.Privations_Pluggin_AE_ION'
2024-05-26 18:22:52 DEBUG LeerPlugins:71 - Probabilidades.xml: Plugin 'Distribuciones de probabilidad - 2.0 (indice 13)'
2024-05-26 18:22:52 DEBUG LeerPlugins:75 - 	Creada opción de menú 'Módulos/Distribuciones de probabilidad/Cálculo de probabilidades/Distribuciones discretas' con accion 'probabilidades.interfaz.ProbabilidadCalcDiscretasAccionPlugin'
2024-05-26 18:22:52 DEBUG LeerPlugins:75 - 	Creada opción de menú 'Módulos/Distribuciones de probabilidad/Cálculo de probabilidades/Distribuciones continuas' con accion 'probabilidades.interfaz.ProbabilidadCalcContinuasAccionPlugin'
2024-05-26 18:22:52 DEBUG LeerPlugins:75 - 	Creada opción de menú 'Módulos/Distribuciones de probabilidad/Generación de distribuciones/Distribuciones discretas' con accion 'probabilidades.interfaz.ProbabilidadGenDiscretasAccionPlugin'
2024-05-26 18:22:52 DEBUG LeerPlugins:75 - 	Creada opción de menú 'Módulos/Distribuciones de probabilidad/Generación de distribuciones/Distribuciones continuas' con accion 'probabilidades.interfaz.ProbabilidadGenContinuasAccionPlugin'
2024-05-26 18:22:52 DEBUG LeerPlugins:71 - RegresionLogistica.xml: Plugin 'regresion - 1.0 (indice 11)'
2024-05-26 18:22:52 DEBUG LeerPlugins:75 - 	Creada opción de menú 'Módulos/Regresión logística/Regresión logística' con accion 'regresion.interfaz.Regression_Pluggin_AE'
2024-05-26 18:22:52 INFO  Aplicacion:370 - Se ha leído el archivo de recientes
2024-05-26 18:22:52 WARN  StandardResourceBundle:33 - El bundle creado por 'EntornoEpidatBundle' no ha encontrado la clave 'EpidatForm.nomArchivoOculto.AccessibleContext.accessibleName' o es vacía.
2024-05-26 18:22:52 WARN  StandardResourceBundle:33 - El bundle creado por 'EntornoEpidatBundle' no ha encontrado la clave 'EpidatForm.nomArchivoOculto.AccessibleContext.accessibleDescription' o es vacía.
2024-05-26 18:22:53 WARN  StandardResourceBundle:33 - El bundle creado por 'EntornoEpidatBundle' no ha encontrado la clave 'EpidatForm.text' o es vacía.
2024-05-26 18:22:53 WARN  StandardResourceBundle:33 - El bundle creado por 'EntornoEpidatBundle' no ha encontrado la clave 'EpidatForm.text' o es vacía.
2024-05-26 18:22:53 WARN  StandardResourceBundle:33 - El bundle creado por 'EntornoEpidatBundle' no ha encontrado la clave 'EpidatForm.text' o es vacía.
2024-05-26 18:22:53 WARN  StandardResourceBundle:33 - El bundle creado por 'EntornoEpidatBundle' no ha encontrado la clave 'EpidatForm.botonColor.text' o es vacía.
2024-05-26 18:22:53 WARN  StandardResourceBundle:33 - El bundle creado por 'EntornoEpidatBundle' no ha encontrado la clave 'EpidatForm.botonAlineaI.text' o es vacía.
2024-05-26 18:22:53 WARN  StandardResourceBundle:33 - El bundle creado por 'EntornoEpidatBundle' no ha encontrado la clave 'EpidatForm.botonAlineaC.text' o es vacía.
2024-05-26 18:22:53 WARN  StandardResourceBundle:33 - El bundle creado por 'EntornoEpidatBundle' no ha encontrado la clave 'EpidatForm.botonAlineaD.text' o es vacía.
2024-05-26 18:22:53 WARN  StandardResourceBundle:33 - El bundle creado por 'EntornoEpidatBundle' no ha encontrado la clave 'EpidatForm.botonAlineaJ.text' o es vacía.
2024-05-26 18:22:53 WARN  StandardResourceBundle:33 - El bundle creado por 'EntornoEpidatBundle' no ha encontrado la clave 'EpidatForm.nomArchivoPresentado.text' o es vacía.
2024-05-26 18:22:53 WARN  StandardResourceBundle:33 - El bundle creado por 'EntornoEpidatBundle' no ha encontrado la clave 'EpidatForm.labelProgreso.text' o es vacía.
2024-05-26 18:22:53 DEBUG PluginEstandar:42 - Aplicando cambios de plugin 'Plugin'...
2024-05-26 18:22:53 DEBUG CambioUIMenu:104 - Insertando item de menú 'Análisis descriptivo' en posicion 0
2024-05-26 18:22:53 DEBUG CambioUIMenu:113 - Insertando item de menú 'Tablas de frecuencias' en posicion 0
2024-05-26 18:22:53 DEBUG CambioUIMenu:113 - Insertando item de menú 'Tablas de contingencia' en posicion 1
2024-05-26 18:22:53 DEBUG CambioUIMenu:113 - Insertando item de menú 'Estadísticos descriptivos' en posicion 2
2024-05-26 18:22:53 DEBUG CambioUIMenu:113 - Insertando item de menú 'Correlación' en posicion 3
2024-05-26 18:22:53 DEBUG CambioUIMenu:104 - Insertando item de menú 'Gráficos' en posicion 4
2024-05-26 18:22:53 DEBUG CambioUIMenu:113 - Insertando item de menú 'Barras' en posicion 0
2024-05-26 18:22:53 DEBUG CambioUIMenu:113 - Insertando item de menú 'Sectores' en posicion 1
2024-05-26 18:22:53 DEBUG CambioUIMenu:113 - Insertando item de menú 'Líneas' en posicion 2
2024-05-26 18:22:53 DEBUG CambioUIMenu:113 - Insertando item de menú 'Dispersión' en posicion 3
2024-05-26 18:22:53 DEBUG CambioUIMenu:113 - Insertando item de menú 'Histograma' en posicion 4
2024-05-26 18:22:53 DEBUG CambioUIMenu:113 - Insertando item de menú 'Diagrama de cajas' en posicion 5
2024-05-26 18:22:53 DEBUG CambioUIMenu:113 - Insertando item de menú 'Intervalos de confianza' en posicion 6
2024-05-26 18:22:53 DEBUG PluginEstandar:42 - Aplicando cambios de plugin 'modulosFaltantes'...
2024-05-26 18:22:53 DEBUG CambioUIMenu:113 - Insertando item de menú 'Módulos aún no implementados' en posicion 2
2024-05-26 18:22:53 DEBUG PluginEstandar:42 - Aplicando cambios de plugin 'Muestreo 1'...
2024-05-26 18:22:53 DEBUG CambioUIMenu:104 - Insertando item de menú 'Muestreo' en posicion 1
2024-05-26 18:22:53 DEBUG CambioUIMenu:104 - Insertando item de menú 'Cálculo de tamaños de muestra' en posicion 0
2024-05-26 18:22:53 DEBUG CambioUIMenu:104 - Insertando item de menú 'Intervalos de confianza' en posicion 0
2024-05-26 18:22:53 DEBUG CambioUIMenu:113 - Insertando item de menú 'Media' en posicion 0
2024-05-26 18:22:53 DEBUG CambioUIMenu:113 - Insertando item de menú 'Proporción' en posicion 1
2024-05-26 18:22:53 DEBUG CambioUIMenu:113 - Insertando item de menú 'Odds ratio' en posicion 2
2024-05-26 18:22:53 DEBUG CambioUIMenu:113 - Insertando item de menú 'Riesgo relativo' en posicion 3
2024-05-26 18:22:53 DEBUG CambioUIMenu:113 - Insertando item de menú 'Concordancia' en posicion 4
2024-05-26 18:22:53 DEBUG CambioUIMenu:113 - Insertando item de menú 'Pruebas diagnósticas' en posicion 5
2024-05-26 18:22:53 DEBUG CambioUIMenu:104 - Insertando item de menú 'Contraste de hipótesis' en posicion 1
2024-05-26 18:22:53 DEBUG CambioUIMenu:104 - Insertando item de menú 'Comparación de medias' en posicion 0
2024-05-26 18:22:53 DEBUG CambioUIMenu:113 - Insertando item de menú 'Grupos independientes' en posicion 0
2024-05-26 18:22:53 DEBUG CambioUIMenu:113 - Insertando item de menú 'Grupos emparejados' en posicion 1
2024-05-26 18:22:53 DEBUG CambioUIMenu:104 - Insertando item de menú 'Comparación de proporciones' en posicion 1
2024-05-26 18:22:53 DEBUG CambioUIMenu:113 - Insertando item de menú 'Grupos independientes' en posicion 0
2024-05-26 18:22:53 DEBUG CambioUIMenu:113 - Insertando item de menú 'Grupos emparejados' en posicion 1
2024-05-26 18:22:53 DEBUG CambioUIMenu:104 - Insertando item de menú 'Estudios de casos y controles' en posicion 2
2024-05-26 18:22:53 DEBUG CambioUIMenu:113 - Insertando item de menú 'Grupos independientes' en posicion 0
2024-05-26 18:22:53 DEBUG CambioUIMenu:113 - Insertando item de menú 'Estudios de cohorte' en posicion 3
2024-05-26 18:22:53 DEBUG CambioUIMenu:113 - Insertando item de menú 'Grupos emparejados' en posicion 1
2024-05-26 18:22:53 DEBUG CambioUIMenu:104 - Insertando item de menú 'Estudios de equivalencia' en posicion 4
2024-05-26 18:22:53 DEBUG CambioUIMenu:113 - Insertando item de menú 'Equivalencia de medias' en posicion 0
2024-05-26 18:22:53 DEBUG CambioUIMenu:113 - Insertando item de menú 'Equivalencia de proporciones' en posicion 1
2024-05-26 18:22:53 DEBUG CambioUIMenu:104 - Insertando item de menú 'Pruebas diagnósticas' en posicion 5
2024-05-26 18:22:53 DEBUG CambioUIMenu:113 - Insertando item de menú 'Grupos independientes' en posicion 0
2024-05-26 18:22:53 DEBUG CambioUIMenu:113 - Insertando item de menú 'Grupos emparejados' en posicion 1
2024-05-26 18:22:53 DEBUG CambioUIMenu:113 - Insertando item de menú 'Calidad de lotes' en posicion 6
2024-05-26 18:22:53 DEBUG CambioUIMenu:113 - Insertando item de menú 'Supervivencia' en posicion 7
2024-05-26 18:22:53 DEBUG CambioUIMenu:113 - Insertando item de menú 'Coeficiente de correlación' en posicion 8
2024-05-26 18:22:53 DEBUG PluginEstandar:42 - Aplicando cambios de plugin 'Muestreo 2'...
2024-05-26 18:22:53 DEBUG CambioUIMenu:104 - Insertando item de menú 'Selección de muestras' en posicion 1
2024-05-26 18:22:53 DEBUG CambioUIMenu:113 - Insertando item de menú 'Muestreo simple aleatorio' en posicion 0
2024-05-26 18:22:53 DEBUG CambioUIMenu:113 - Insertando item de menú 'Muestreo sistemático' en posicion 1
2024-05-26 18:22:53 DEBUG CambioUIMenu:113 - Insertando item de menú 'Muestreo aleatorio estratificado' en posicion 2
2024-05-26 18:22:53 DEBUG CambioUIMenu:113 - Insertando item de menú 'Muestreo por conglomerados monoetápico' en posicion 3
2024-05-26 18:22:53 DEBUG CambioUIMenu:113 - Insertando item de menú 'Muestreo por conglomerados bietápico' en posicion 4
2024-05-26 18:22:53 DEBUG CambioUIMenu:113 - Insertando item de menú 'Muestreo por conglomerados monoetápico estratificado' en posicion 5
2024-05-26 18:22:53 DEBUG CambioUIMenu:113 - Insertando item de menú 'Muestreo por conglomerados bietápico estratificado' en posicion 6
2024-05-26 18:22:53 DEBUG CambioUIMenu:113 - Insertando item de menú 'Asignación de sujetos a tratamientos' en posicion 2
2024-05-26 18:22:53 DEBUG CambioUIMenu:113 - Insertando item de menú 'Estimación con muestras complejas' en posicion 3
2024-05-26 18:22:53 DEBUG PluginEstandar:42 - Aplicando cambios de plugin 'Dialogo Acerca de ...'...
2024-05-26 18:22:53 DEBUG CambioUIMenu:113 - Insertando item de menú 'Acerca de' en posicion 3
2024-05-26 18:22:53 DEBUG PluginEstandar:42 - Aplicando cambios de plugin 'Herramientas'...
2024-05-26 18:22:53 DEBUG CambioUIMenu:113 - Insertando item de menú 'Opciones' en posicion 0
2024-05-26 18:22:53 DEBUG PluginEstandar:42 - Aplicando cambios de plugin 'inferenciasobreparametros'...
2024-05-26 18:22:53 DEBUG CambioUIMenu:104 - Insertando item de menú 'Inferencia sobre parámetros' en posicion 2
2024-05-26 18:22:53 DEBUG CambioUIMenu:104 - Insertando item de menú 'Una población' en posicion 0
2024-05-26 18:22:53 DEBUG CambioUIMenu:113 - Insertando item de menú 'Media' en posicion 0
2024-05-26 18:22:53 DEBUG CambioUIMenu:113 - Insertando item de menú 'Proporción' en posicion 1
2024-05-26 18:22:53 DEBUG CambioUIMenu:113 - Insertando item de menú 'Percentiles' en posicion 2
2024-05-26 18:22:53 DEBUG CambioUIMenu:113 - Insertando item de menú 'Correlación' en posicion 3
2024-05-26 18:22:53 DEBUG CambioUIMenu:113 - Insertando item de menú 'Tasa de incidencia' en posicion 4
2024-05-26 18:22:53 DEBUG CambioUIMenu:113 - Insertando item de menú 'Índice de posición' en posicion 5
2024-05-26 18:22:53 DEBUG CambioUIMenu:104 - Insertando item de menú 'Dos poblaciones' en posicion 1
2024-05-26 18:22:53 DEBUG CambioUIMenu:113 - Insertando item de menú 'Medias independientes' en posicion 0
2024-05-26 18:22:53 DEBUG CambioUIMenu:113 - Insertando item de menú 'Medias emparejadas' en posicion 1
2024-05-26 18:22:53 DEBUG CambioUIMenu:113 - Insertando item de menú 'Proporciones independientes' en posicion 2
2024-05-26 18:22:53 DEBUG CambioUIMenu:113 - Insertando item de menú 'Proporciones emparejadas' en posicion 3
2024-05-26 18:22:53 DEBUG CambioUIMenu:113 - Insertando item de menú 'Tasas de incidencia' en posicion 4
2024-05-26 18:22:53 DEBUG CambioUIMenu:104 - Insertando item de menú 'Comparación no paramétrica' en posicion 2
2024-05-26 18:22:53 DEBUG CambioUIMenu:113 - Insertando item de menú 'Medias independientes' en posicion 0
2024-05-26 18:22:53 DEBUG CambioUIMenu:113 - Insertando item de menú 'Medias emparejadas' en posicion 1
2024-05-26 18:22:53 DEBUG CambioUIMenu:113 - Insertando item de menú 'Contraste de normalidad' en posicion 3
2024-05-26 18:22:53 DEBUG PluginEstandar:42 - Aplicando cambios de plugin 'Herramientas'...
2024-05-26 18:22:53 DEBUG CambioUIMenu:113 - Insertando item de menú 'Idioma' en posicion 1
2024-05-26 18:22:53 DEBUG PluginEstandar:42 - Aplicando cambios de plugin 'ConcordanciaYConsistencia'...
2024-05-26 18:22:53 DEBUG CambioUIMenu:104 - Insertando item de menú 'Concordancia y consistencia' en posicion 3
2024-05-26 18:22:53 DEBUG CambioUIMenu:104 - Insertando item de menú 'Concordancia' en posicion 0
2024-05-26 18:22:53 DEBUG CambioUIMenu:113 - Insertando item de menú '2 Observadores' en posicion 0
2024-05-26 18:22:53 DEBUG CambioUIMenu:104 - Insertando item de menú '3 o más observadores' en posicion 1
2024-05-26 18:22:53 DEBUG CambioUIMenu:113 - Insertando item de menú '2 categorías' en posicion 0
2024-05-26 18:22:53 DEBUG CambioUIMenu:113 - Insertando item de menú '3 ó más categorías' en posicion 1
2024-05-26 18:22:53 DEBUG CambioUIMenu:113 - Insertando item de menú 'Comparación de kappas' en posicion 2
2024-05-26 18:22:53 DEBUG CambioUIMenu:113 - Insertando item de menú 'Coeficiente de correlación intraclase' en posicion 3
2024-05-26 18:22:53 DEBUG CambioUIMenu:113 - Insertando item de menú 'Método de Bland y Altman' en posicion 4
2024-05-26 18:22:53 DEBUG CambioUIMenu:104 - Insertando item de menú 'Consistencia' en posicion 1
2024-05-26 18:22:53 DEBUG CambioUIMenu:113 - Insertando item de menú 'Alpha de Cronbach' en posicion 0
2024-05-26 18:22:53 DEBUG PluginEstandar:42 - Aplicando cambios de plugin 'ajusteDeTasas'...
2024-05-26 18:22:53 DEBUG CambioUIMenu:104 - Insertando item de menú 'Ajuste de tasas' en posicion 4
2024-05-26 18:22:53 DEBUG CambioUIMenu:113 - Insertando item de menú 'Método directo' en posicion 0
2024-05-26 18:22:53 DEBUG CambioUIMenu:113 - Insertando item de menú 'Método indirecto' en posicion 1
2024-05-26 18:22:53 DEBUG PluginEstandar:42 - Aplicando cambios de plugin 'Demografía'...
2024-05-26 18:22:53 DEBUG CambioUIMenu:104 - Insertando item de menú 'Demografía' en posicion 5
2024-05-26 18:22:53 DEBUG CambioUIMenu:104 - Insertando item de menú 'Pirámides e indicadores' en posicion 0
2024-05-26 18:22:53 DEBUG CambioUIMenu:113 - Insertando item de menú 'Pirámides de población' en posicion 0
2024-05-26 18:22:53 DEBUG CambioUIMenu:113 - Insertando item de menú 'Indicadores de estructura' en posicion 1
2024-05-26 18:22:53 DEBUG CambioUIMenu:113 - Insertando item de menú 'Indicadores de fecundidad' en posicion 2
2024-05-26 18:22:53 DEBUG CambioUIMenu:113 - Insertando item de menú 'Tablas de mortalidad' en posicion 1
2024-05-26 18:22:53 DEBUG CambioUIMenu:113 - Insertando item de menú 'Expectativas de salud' en posicion 2
2024-05-26 18:22:53 DEBUG CambioUIMenu:104 - Insertando item de menú 'Años potenciales de vida perdidos' en posicion 3
2024-05-26 18:22:53 DEBUG CambioUIMenu:104 - Insertando item de menú 'APVP y tasa bruta' en posicion 0
2024-05-26 18:22:53 DEBUG CambioUIMenu:113 - Insertando item de menú 'Una causa y varias poblaciones' en posicion 0
2024-05-26 18:22:53 DEBUG CambioUIMenu:113 - Insertando item de menú 'Varias causas y una población' en posicion 1
2024-05-26 18:22:53 DEBUG CambioUIMenu:113 - Insertando item de menú 'Tasa de APVP ajustada' en posicion 1
2024-05-26 18:22:53 DEBUG CambioUIMenu:113 - Insertando item de menú 'Descomposición del cambio en la EV' en posicion 4
2024-05-26 18:22:53 DEBUG CambioUIMenu:104 - Insertando item de menú 'Años de esperanza de vida perdidos' en posicion 5
2024-05-26 18:22:53 DEBUG CambioUIMenu:113 - Insertando item de menú 'Un período' en posicion 0
2024-05-26 18:22:53 DEBUG CambioUIMenu:113 - Insertando item de menú 'Comparación de dos períodos' en posicion 1
2024-05-26 18:22:53 DEBUG PluginEstandar:42 - Aplicando cambios de plugin 'modulo'...
2024-05-26 18:22:53 DEBUG CambioUIMenu:104 - Insertando item de menú 'Estimacion de la mortalidad atribuida' en posicion 6
2024-05-26 18:22:53 DEBUG CambioUIMenu:104 - Insertando item de menú 'Al consumo de tabaco' en posicion 0
2024-05-26 18:22:53 DEBUG CambioUIMenu:104 - Insertando item de menú 'Método dependiente de prevalencia' en posicion 0
2024-05-26 18:22:53 DEBUG CambioUIMenu:113 - Insertando item de menú 'Riesgos del estudio CPSII' en posicion 0
2024-05-26 18:22:53 DEBUG CambioUIMenu:113 - Insertando item de menú 'Riesgos de un estudio de cohortes' en posicion 1
2024-05-26 18:22:53 DEBUG CambioUIMenu:113 - Insertando item de menú 'Riesgos de un estudio de casos y controles' en posicion 2
2024-05-26 18:22:53 DEBUG CambioUIMenu:104 - Insertando item de menú 'Método independiente de prevalencia' en posicion 1
2024-05-26 18:22:53 DEBUG CambioUIMenu:113 - Insertando item de menú 'Riesgos del estudio CPSII' en posicion 0
2024-05-26 18:22:53 DEBUG CambioUIMenu:113 - Insertando item de menú 'Riesgos de un estudio de cohortes' en posicion 1
2024-05-26 18:22:53 DEBUG CambioUIMenu:104 - Insertando item de menú 'A otro factor de riesgo' en posicion 1
2024-05-26 18:22:53 DEBUG CambioUIMenu:113 - Insertando item de menú 'Riesgos de un estudio de cohortes' en posicion 0
2024-05-26 18:22:53 DEBUG CambioUIMenu:113 - Insertando item de menú 'Riesgos de un estudio de casos y controles' en posicion 1
2024-05-26 18:22:53 DEBUG PluginEstandar:42 - Aplicando cambios de plugin 'regresion'...
2024-05-26 18:22:53 DEBUG CambioUIMenu:104 - Insertando item de menú 'Regresión logística' en posicion 7
2024-05-26 18:22:53 DEBUG CambioUIMenu:113 - Insertando item de menú 'Regresión logística' en posicion 0
2024-05-26 18:22:53 DEBUG PluginEstandar:42 - Aplicando cambios de plugin 'Distribuciones de probabilidad'...
2024-05-26 18:22:53 DEBUG CambioUIMenu:104 - Insertando item de menú 'Distribuciones de probabilidad' en posicion 8
2024-05-26 18:22:53 DEBUG CambioUIMenu:104 - Insertando item de menú 'Cálculo de probabilidades' en posicion 0
2024-05-26 18:22:53 DEBUG CambioUIMenu:113 - Insertando item de menú 'Distribuciones discretas' en posicion 0
2024-05-26 18:22:53 DEBUG CambioUIMenu:113 - Insertando item de menú 'Distribuciones continuas' en posicion 1
2024-05-26 18:22:53 DEBUG CambioUIMenu:104 - Insertando item de menú 'Generación de distribuciones' en posicion 1
2024-05-26 18:22:53 DEBUG CambioUIMenu:113 - Insertando item de menú 'Distribuciones discretas' en posicion 0
2024-05-26 18:22:53 DEBUG CambioUIMenu:113 - Insertando item de menú 'Distribuciones continuas' en posicion 1
2024-05-26 18:22:53 DEBUG PluginEstandar:42 - Aplicando cambios de plugin 'analisisBayesiano'...
2024-05-26 18:22:53 DEBUG CambioUIMenu:104 - Insertando item de menú 'Análisis bayesiano' en posicion 9
2024-05-26 18:22:53 DEBUG CambioUIMenu:113 - Insertando item de menú 'Teorema de Bayes' en posicion 0
2024-05-26 18:22:53 DEBUG CambioUIMenu:113 - Insertando item de menú 'Odds ratio' en posicion 1
2024-05-26 18:22:53 DEBUG CambioUIMenu:104 - Insertando item de menú 'Proporción' en posicion 2
2024-05-26 18:22:53 DEBUG CambioUIMenu:104 - Insertando item de menú 'Una población' en posicion 0
2024-05-26 18:22:53 DEBUG CambioUIMenu:113 - Insertando item de menú 'Estimación de una proporción' en posicion 0
2024-05-26 18:22:53 DEBUG CambioUIMenu:113 - Insertando item de menú 'Valoración de hipótesis' en posicion 1
2024-05-26 18:22:53 DEBUG CambioUIMenu:104 - Insertando item de menú 'Dos poblaciones' en posicion 1
2024-05-26 18:22:53 DEBUG CambioUIMenu:113 - Insertando item de menú 'Estimación de efectos' en posicion 0
2024-05-26 18:22:53 DEBUG CambioUIMenu:113 - Insertando item de menú 'Valoración de hipótesis' en posicion 1
2024-05-26 18:22:53 DEBUG CambioUIMenu:104 - Insertando item de menú 'Media' en posicion 3
2024-05-26 18:22:53 DEBUG CambioUIMenu:104 - Insertando item de menú 'Una población' en posicion 0
2024-05-26 18:22:53 DEBUG CambioUIMenu:113 - Insertando item de menú 'Estimación de una media' en posicion 0
2024-05-26 18:22:53 DEBUG CambioUIMenu:113 - Insertando item de menú 'Valoración de hipótesis' en posicion 1
2024-05-26 18:22:53 DEBUG CambioUIMenu:104 - Insertando item de menú 'Dos poblaciones' en posicion 1
2024-05-26 18:22:53 DEBUG CambioUIMenu:113 - Insertando item de menú 'Estimación de una diferencia' en posicion 0
2024-05-26 18:22:53 DEBUG CambioUIMenu:113 - Insertando item de menú 'Valoración de hipótesis' en posicion 1
2024-05-26 18:22:53 DEBUG CambioUIMenu:113 - Insertando item de menú 'Valoración de pruebas convencionales' en posicion 4
2024-05-26 18:22:53 DEBUG PluginEstandar:42 - Aplicando cambios de plugin 'privaciones'...
2024-05-26 18:22:53 DEBUG CambioUIMenu:104 - Insertando item de menú 'Índices de desarrollo o privación' en posicion 10
2024-05-26 18:22:53 DEBUG CambioUIMenu:113 - Insertando item de menú 'Índice de desarrollo humano (IDH)' en posicion 0
2024-05-26 18:22:53 DEBUG CambioUIMenu:113 - Insertando item de menú 'Índice de desarrollo humano corregido para desigualdad de género (IDHG)' en posicion 1
2024-05-26 18:22:53 DEBUG CambioUIMenu:113 - Insertando item de menú 'Índice de Pobreza 1 (IP1)' en posicion 2
2024-05-26 18:22:53 DEBUG CambioUIMenu:113 - Insertando item de menú 'Índice de Pobreza 2 (IP2)' en posicion 3
2024-05-26 18:22:53 DEBUG CambioUIMenu:113 - Insertando item de menú 'Índice de pobreza multidimensional (IPM)' en posicion 4
2024-05-26 18:22:53 DEBUG CambioUIMenu:113 - Insertando item de menú 'Índice de desarrollo de la niñez (IDN)' en posicion 5
2024-05-26 18:22:53 DEBUG CambioUIMenu:113 - Insertando item de menú 'Índice de oportunidades en la niñez (ION)' en posicion 6
2024-05-26 18:22:53 DEBUG PluginEstandar:42 - Aplicando cambios de plugin 'Medición de Desigualdades'...
2024-05-26 18:22:53 DEBUG CambioUIMenu:104 - Insertando item de menú 'Medición de desigualdades en salud' en posicion 11
2024-05-26 18:22:53 DEBUG CambioUIMenu:104 - Insertando item de menú 'Índices para categorías ordenadas' en posicion 0
2024-05-26 18:22:53 DEBUG CambioUIMenu:113 - Insertando item de menú 'Índices basados en comparaciones dos a dos' en posicion 0
2024-05-26 18:22:53 DEBUG CambioUIMenu:113 - Insertando item de menú 'Índices basados en el modelo de regresión' en posicion 1
2024-05-26 18:22:53 DEBUG CambioUIMenu:104 - Insertando item de menú 'Índice de Gini e índice de concentración' en posicion 2
2024-05-26 18:22:53 DEBUG CambioUIMenu:113 - Insertando item de menú 'Índice de Gini y curva de Lorenz' en posicion 0
2024-05-26 18:22:53 DEBUG CambioUIMenu:113 - Insertando item de menú 'Índice y curva de concentración' en posicion 1
2024-05-26 18:22:53 DEBUG CambioUIMenu:104 - Insertando item de menú 'Índices para categorías no ordenadas' en posicion 1
2024-05-26 18:22:53 DEBUG CambioUIMenu:113 - Insertando item de menú 'Índices basados en comparaciones dos a dos' en posicion 0
2024-05-26 18:22:53 DEBUG CambioUIMenu:113 - Insertando item de menú 'Índices de dispersión' en posicion 1
2024-05-26 18:22:53 DEBUG CambioUIMenu:113 - Insertando item de menú 'Índices basados en la comparación de distribuciones de probabilidad' en posicion 2
2024-05-26 18:22:53 DEBUG CambioUIMenu:113 - Insertando item de menú 'Índice de efecto' en posicion 2
2024-05-26 18:23:26 WARN  StandardResourceBundle:33 - El bundle creado por 'EntornoEpidatBundle' no ha encontrado la clave 'calcular' o es vacía.
2024-05-26 18:23:26 WARN  StandardResourceBundle:33 - El bundle creado por 'EntornoEpidatBundle' no ha encontrado la clave 'ocultar' o es vacía.
2024-05-26 18:23:26 WARN  StandardResourceBundle:33 - El bundle creado por 'EntornoEpidatBundle' no ha encontrado la clave 'limpiar' o es vacía.
2024-05-26 18:23:26 WARN  StandardResourceBundle:33 - El bundle creado por 'EntornoEpidatBundle' no ha encontrado la clave 'generar.grafico' o es vacía.
2024-05-26 18:23:26 WARN  StandardResourceBundle:33 - El bundle creado por 'EntornoEpidatBundle' no ha encontrado la clave 'calcular' o es vacía.
2024-05-26 18:23:26 WARN  StandardResourceBundle:33 - El bundle creado por 'EntornoEpidatBundle' no ha encontrado la clave 'ocultar' o es vacía.
2024-05-26 18:23:26 WARN  StandardResourceBundle:33 - El bundle creado por 'EntornoEpidatBundle' no ha encontrado la clave 'limpiar' o es vacía.
2024-05-26 18:23:26 WARN  StandardResourceBundle:33 - El bundle creado por 'EntornoEpidatBundle' no ha encontrado la clave 'generar.grafico' o es vacía.
2024-05-26 18:23:26 WARN  StandardResourceBundle:33 - El bundle creado por 'EntornoEpidatBundle' no ha encontrado la clave 'calcular' o es vacía.
2024-05-26 18:23:26 WARN  StandardResourceBundle:33 - El bundle creado por 'EntornoEpidatBundle' no ha encontrado la clave 'ocultar' o es vacía.
2024-05-26 18:23:26 WARN  StandardResourceBundle:33 - El bundle creado por 'EntornoEpidatBundle' no ha encontrado la clave 'limpiar' o es vacía.
2024-05-26 18:23:26 WARN  StandardResourceBundle:33 - El bundle creado por 'EntornoEpidatBundle' no ha encontrado la clave 'generar.grafico' o es vacía.
2024-05-26 18:23:26 WARN  StandardResourceBundle:33 - El bundle creado por 'EntornoEpidatBundle' no ha encontrado la clave 'calcular' o es vacía.
2024-05-26 18:23:26 WARN  StandardResourceBundle:33 - El bundle creado por 'EntornoEpidatBundle' no ha encontrado la clave 'ocultar' o es vacía.
2024-05-26 18:23:26 WARN  StandardResourceBundle:33 - El bundle creado por 'EntornoEpidatBundle' no ha encontrado la clave 'limpiar' o es vacía.
2024-05-26 18:23:26 WARN  StandardResourceBundle:33 - El bundle creado por 'EntornoEpidatBundle' no ha encontrado la clave 'generar.grafico' o es vacía.
2024-05-26 18:23:58 WARN  StandardResourceBundle:33 - El bundle creado por 'EntornoEpidatBundle' no ha encontrado la clave 'calcular' o es vacía.
2024-05-26 18:23:58 WARN  StandardResourceBundle:33 - El bundle creado por 'EntornoEpidatBundle' no ha encontrado la clave 'ocultar' o es vacía.
2024-05-26 18:23:58 WARN  StandardResourceBundle:33 - El bundle creado por 'EntornoEpidatBundle' no ha encontrado la clave 'limpiar' o es vacía.
2024-05-26 18:23:58 WARN  StandardResourceBundle:33 - El bundle creado por 'EntornoEpidatBundle' no ha encontrado la clave 'generar.grafico' o es vacía.
2024-05-26 18:23:58 WARN  StandardResourceBundle:33 - El bundle creado por 'EntornoEpidatBundle' no ha encontrado la clave 'calcular' o es vacía.
2024-05-26 18:23:58 WARN  StandardResourceBundle:33 - El bundle creado por 'EntornoEpidatBundle' no ha encontrado la clave 'ocultar' o es vacía.
2024-05-26 18:23:58 WARN  StandardResourceBundle:33 - El bundle creado por 'EntornoEpidatBundle' no ha encontrado la clave 'limpiar' o es vacía.
2024-05-26 18:23:58 WARN  StandardResourceBundle:33 - El bundle creado por 'EntornoEpidatBundle' no ha encontrado la clave 'generar.grafico' o es vacía.
2024-05-26 18:23:58 WARN  StandardResourceBundle:33 - El bundle creado por 'EntornoEpidatBundle' no ha encontrado la clave 'calcular' o es vacía.
2024-05-26 18:23:58 WARN  StandardResourceBundle:33 - El bundle creado por 'EntornoEpidatBundle' no ha encontrado la clave 'ocultar' o es vacía.
2024-05-26 18:23:58 WARN  StandardResourceBundle:33 - El bundle creado por 'EntornoEpidatBundle' no ha encontrado la clave 'limpiar' o es vacía.
2024-05-26 18:23:58 WARN  StandardResourceBundle:33 - El bundle creado por 'EntornoEpidatBundle' no ha encontrado la clave 'generar.grafico' o es vacía.
2024-05-26 18:23:58 WARN  StandardResourceBundle:33 - El bundle creado por 'EntornoEpidatBundle' no ha encontrado la clave 'calcular' o es vacía.
2024-05-26 18:23:58 WARN  StandardResourceBundle:33 - El bundle creado por 'EntornoEpidatBundle' no ha encontrado la clave 'ocultar' o es vacía.
2024-05-26 18:23:58 WARN  StandardResourceBundle:33 - El bundle creado por 'EntornoEpidatBundle' no ha encontrado la clave 'limpiar' o es vacía.
2024-05-26 18:23:58 WARN  StandardResourceBundle:33 - El bundle creado por 'EntornoEpidatBundle' no ha encontrado la clave 'generar.grafico' o es vacía.
2024-05-26 18:25:21 WARN  StandardResourceBundle:33 - El bundle creado por 'EntornoEpidatBundle' no ha encontrado la clave 'calcular' o es vacía.
2024-05-26 18:25:21 WARN  StandardResourceBundle:33 - El bundle creado por 'EntornoEpidatBundle' no ha encontrado la clave 'ocultar' o es vacía.
2024-05-26 18:25:21 WARN  StandardResourceBundle:33 - El bundle creado por 'EntornoEpidatBundle' no ha encontrado la clave 'limpiar' o es vacía.
2024-05-26 18:25:21 WARN  StandardResourceBundle:33 - El bundle creado por 'EntornoEpidatBundle' no ha encontrado la clave 'generar.grafico' o es vacía.
2024-05-26 18:25:21 WARN  StandardResourceBundle:33 - El bundle creado por 'EntornoEpidatBundle' no ha encontrado la clave 'calcular' o es vacía.
2024-05-26 18:25:21 WARN  StandardResourceBundle:33 - El bundle creado por 'EntornoEpidatBundle' no ha encontrado la clave 'ocultar' o es vacía.
2024-05-26 18:25:21 WARN  StandardResourceBundle:33 - El bundle creado por 'EntornoEpidatBundle' no ha encontrado la clave 'limpiar' o es vacía.
2024-05-26 18:25:21 WARN  StandardResourceBundle:33 - El bundle creado por 'EntornoEpidatBundle' no ha encontrado la clave 'generar.grafico' o es vacía.
2024-05-26 18:25:21 WARN  StandardResourceBundle:33 - El bundle creado por 'EntornoEpidatBundle' no ha encontrado la clave 'calcular' o es vacía.
2024-05-26 18:25:21 WARN  StandardResourceBundle:33 - El bundle creado por 'EntornoEpidatBundle' no ha encontrado la clave 'ocultar' o es vacía.
2024-05-26 18:25:21 WARN  StandardResourceBundle:33 - El bundle creado por 'EntornoEpidatBundle' no ha encontrado la clave 'limpiar' o es vacía.
2024-05-26 18:25:21 WARN  StandardResourceBundle:33 - El bundle creado por 'EntornoEpidatBundle' no ha encontrado la clave 'generar.grafico' o es vacía.
2024-05-26 18:25:21 WARN  StandardResourceBundle:33 - El bundle creado por 'EntornoEpidatBundle' no ha encontrado la clave 'calcular' o es vacía.
2024-05-26 18:25:21 WARN  StandardResourceBundle:33 - El bundle creado por 'EntornoEpidatBundle' no ha encontrado la clave 'ocultar' o es vacía.
2024-05-26 18:25:21 WARN  StandardResourceBundle:33 - El bundle creado por 'EntornoEpidatBundle' no ha encontrado la clave 'limpiar' o es vacía.
2024-05-26 18:25:21 WARN  StandardResourceBundle:33 - El bundle creado por 'EntornoEpidatBundle' no ha encontrado la clave 'generar.grafico' o es vacía.
2024-06-03 15:30:30 INFO  Aplicacion:99 - Arrancando EPIDAT...
2024-06-03 15:30:30 INFO  Aplicacion:222 - 





2024-06-03 15:30:30 INFO  Aplicacion:223 - --------------------------------------------------------
2024-06-03 15:30:30 INFO  Aplicacion:224 - EPIDAT v4.2
2024-06-03 15:30:30 INFO  Aplicacion:225 - 		Fecha de arranque: 03-jun-2024 15:30:30
2024-06-03 15:30:30 INFO  Aplicacion:226 - 		Idioma: ES
2024-06-03 15:30:30 INFO  Aplicacion:227 - --------------------------------------------------------
2024-06-03 15:30:30 INFO  Aplicacion:228 - 

2024-06-03 15:30:30 DEBUG LeerPlugins:43 - Directorio Base:.\bin
2024-06-03 15:30:31 DEBUG LeerPlugins:71 - AjusteDeTasas.xml: Plugin 'ajusteDeTasas - 1.0 (indice 8)'
2024-06-03 15:30:31 DEBUG LeerPlugins:75 - 	Creada opción de menú 'Módulos/Ajuste de tasas/Método directo' con accion 'ajusteTasas.interfaz.AccionAjusteTasasDirecto'
2024-06-03 15:30:31 DEBUG LeerPlugins:75 - 	Creada opción de menú 'Módulos/Ajuste de tasas/Método indirecto' con accion 'ajusteTasas.interfaz.AccionAjusteTasasIndirecto'
2024-06-03 15:30:31 DEBUG LeerPlugins:71 - AnalisisBayesiano.xml: Plugin 'analisisBayesiano - 1.0 (indice 14)'
2024-06-03 15:30:31 DEBUG LeerPlugins:75 - 	Creada opción de menú 'Módulos/Análisis bayesiano/Teorema de Bayes' con accion 'analisisBayesiano.interfaz.ABTeoremaPlugin'
2024-06-03 15:30:31 DEBUG LeerPlugins:75 - 	Creada opción de menú 'Módulos/Análisis bayesiano/Odds ratio' con accion 'analisisBayesiano.interfaz.ABOddsRatioPlugin'
2024-06-03 15:30:31 DEBUG LeerPlugins:75 - 	Creada opción de menú 'Módulos/Análisis bayesiano/Proporción/Una población/Estimación de una proporción' con accion 'analisisBayesiano.interfaz.ABProporcionUnaEstimacionPlugin'
2024-06-03 15:30:31 DEBUG LeerPlugins:75 - 	Creada opción de menú 'Módulos/Análisis bayesiano/Proporción/Una población/Valoración de hipótesis' con accion 'analisisBayesiano.interfaz.ABProporcionUnaValoracionPlugin'
2024-06-03 15:30:31 DEBUG LeerPlugins:75 - 	Creada opción de menú 'Módulos/Análisis bayesiano/Proporción/Dos poblaciones/Estimación de efectos' con accion 'analisisBayesiano.interfaz.ABProporcionDosEstimacionPlugin'
2024-06-03 15:30:31 DEBUG LeerPlugins:75 - 	Creada opción de menú 'Módulos/Análisis bayesiano/Proporción/Dos poblaciones/Valoración de hipótesis' con accion 'analisisBayesiano.interfaz.ABProporcionDosValoracionPlugin'
2024-06-03 15:30:31 DEBUG LeerPlugins:75 - 	Creada opción de menú 'Módulos/Análisis bayesiano/Media/Una población/Estimación de una media' con accion 'analisisBayesiano.interfaz.ABMediaUnaEstimacionPlugin'
2024-06-03 15:30:31 DEBUG LeerPlugins:75 - 	Creada opción de menú 'Módulos/Análisis bayesiano/Media/Una población/Valoración de hipótesis' con accion 'analisisBayesiano.interfaz.ABMediaUnaValoracionPlugin'
2024-06-03 15:30:31 DEBUG LeerPlugins:75 - 	Creada opción de menú 'Módulos/Análisis bayesiano/Media/Dos poblaciones/Estimación de una diferencia' con accion 'analisisBayesiano.interfaz.ABMediaDosEstimacionPlugin'
2024-06-03 15:30:31 DEBUG LeerPlugins:75 - 	Creada opción de menú 'Módulos/Análisis bayesiano/Media/Dos poblaciones/Valoración de hipótesis' con accion 'analisisBayesiano.interfaz.ABMediaDosValoracionPlugin'
2024-06-03 15:30:31 DEBUG LeerPlugins:75 - 	Creada opción de menú 'Módulos/Análisis bayesiano/Valoración de pruebas convencionales' con accion 'analisisBayesiano.interfaz.ABValoracionPlugin'
2024-06-03 15:30:31 DEBUG LeerPlugins:71 - AnalisisDescriptivo.xml: Plugin 'Plugin - 1.0 (indice 0)'
2024-06-03 15:30:31 DEBUG LeerPlugins:75 - 	Creada opción de menú 'Módulos/Análisis descriptivo/Tablas de frecuencias' con accion 'analisisDescriptivo.interfaz.TablasFrecuenciaAccionPlugin'
2024-06-03 15:30:31 DEBUG LeerPlugins:75 - 	Creada opción de menú 'Módulos/Análisis descriptivo/Tablas de contingencia' con accion 'analisisDescriptivo.interfaz.TablasContingenciaAccionPlugin'
2024-06-03 15:30:31 DEBUG LeerPlugins:75 - 	Creada opción de menú 'Módulos/Análisis descriptivo/Estadísticos descriptivos' con accion 'analisisDescriptivo.interfaz.EstadisticosDescriptivosAccionPlugin'
2024-06-03 15:30:31 DEBUG LeerPlugins:75 - 	Creada opción de menú 'Módulos/Análisis descriptivo/Correlación' con accion 'analisisDescriptivo.interfaz.CorrelacionAccionPlugin'
2024-06-03 15:30:31 DEBUG LeerPlugins:75 - 	Creada opción de menú 'Módulos/Análisis descriptivo/Gráficos/Barras' con accion 'analisisDescriptivo.interfaz.GraficosBarrasAccionPlugin'
2024-06-03 15:30:31 DEBUG LeerPlugins:75 - 	Creada opción de menú 'Módulos/Análisis descriptivo/Gráficos/Sectores' con accion 'analisisDescriptivo.interfaz.GraficosSectoresAccionPlugin'
2024-06-03 15:30:31 DEBUG LeerPlugins:75 - 	Creada opción de menú 'Módulos/Análisis descriptivo/Gráficos/Líneas' con accion 'analisisDescriptivo.interfaz.GraficosLineasAccionPlugin'
2024-06-03 15:30:31 DEBUG LeerPlugins:75 - 	Creada opción de menú 'Módulos/Análisis descriptivo/Gráficos/Dispersión' con accion 'analisisDescriptivo.interfaz.GraficosDispersionAccionPlugin'
2024-06-03 15:30:31 DEBUG LeerPlugins:75 - 	Creada opción de menú 'Módulos/Análisis descriptivo/Gráficos/Histograma' con accion 'analisisDescriptivo.interfaz.GraficosHistogramaAccionPlugin'
2024-06-03 15:30:31 DEBUG LeerPlugins:75 - 	Creada opción de menú 'Módulos/Análisis descriptivo/Gráficos/Diagrama de cajas' con accion 'analisisDescriptivo.interfaz.GraficosDiagramaCajasAccionPlugin'
2024-06-03 15:30:31 DEBUG LeerPlugins:75 - 	Creada opción de menú 'Módulos/Análisis descriptivo/Gráficos/Intervalos de confianza' con accion 'analisisDescriptivo.interfaz.GraficosIntervalosConfianzaAccionPlugin'
2024-06-03 15:30:31 DEBUG LeerPlugins:71 - ConcordanciaYConsistencia.xml: Plugin 'ConcordanciaYConsistencia - 1.0 (indice 6)'
2024-06-03 15:30:31 DEBUG LeerPlugins:75 - 	Creada opción de menú 'Módulos/Concordancia y consistencia/Concordancia/2 Observadores' con accion 'concordanciaYConsistencia.interfaz.Concordancia2ObsAccionPlugin'
2024-06-03 15:30:31 DEBUG LeerPlugins:75 - 	Creada opción de menú 'Módulos/Concordancia y consistencia/Concordancia/3 o más observadores/2 categorías' con accion 'concordanciaYConsistencia.interfaz.Concordancia3_2CatAccionPlugin'
2024-06-03 15:30:31 DEBUG LeerPlugins:75 - 	Creada opción de menú 'Módulos/Concordancia y consistencia/Concordancia/3 o más observadores/3 ó más categorías' con accion 'concordanciaYConsistencia.interfaz.Concordancia3_3CatAccionPlugin'
2024-06-03 15:30:31 DEBUG LeerPlugins:75 - 	Creada opción de menú 'Módulos/Concordancia y consistencia/Concordancia/Comparación de kappas' con accion 'concordanciaYConsistencia.interfaz.ComparacionKappasAccionPlugin'
2024-06-03 15:30:31 DEBUG LeerPlugins:75 - 	Creada opción de menú 'Módulos/Concordancia y consistencia/Concordancia/Coeficiente de correlación intraclase' con accion 'concordanciaYConsistencia.interfaz.CorrelacionIntraclaseAccionPlugin'
2024-06-03 15:30:31 DEBUG LeerPlugins:75 - 	Creada opción de menú 'Módulos/Concordancia y consistencia/Concordancia/Método de Bland y Altman' con accion 'concordanciaYConsistencia.interfaz.BlandYAltmanAccionPlugin'
2024-06-03 15:30:31 DEBUG LeerPlugins:75 - 	Creada opción de menú 'Módulos/Concordancia y consistencia/Consistencia/Alpha de Cronbach' con accion 'concordanciaYConsistencia.interfaz.AlphaCronbachAccionPlugin'
2024-06-03 15:30:31 DEBUG LeerPlugins:71 - Demografia.xml: Plugin 'Demografía - 2.0 (indice 9)'
2024-06-03 15:30:31 DEBUG LeerPlugins:75 - 	Creada opción de menú 'Módulos/Demografía/Pirámides e indicadores/Pirámides de población' con accion 'demografia.interfaz.PiramidesAccionPlugin'
2024-06-03 15:30:31 DEBUG LeerPlugins:75 - 	Creada opción de menú 'Módulos/Demografía/Pirámides e indicadores/Indicadores de estructura' con accion 'demografia.interfaz.IndicadoresEstructuraAccionPlugin'
2024-06-03 15:30:31 DEBUG LeerPlugins:75 - 	Creada opción de menú 'Módulos/Demografía/Pirámides e indicadores/Indicadores de fecundidad' con accion 'demografia.interfaz.IndicadoresFecundidadAccionPlugin'
2024-06-03 15:30:31 DEBUG LeerPlugins:75 - 	Creada opción de menú 'Módulos/Demografía/Tablas de mortalidad' con accion 'demografia.interfaz.TablasMortalidadAccionPlugin'
2024-06-03 15:30:31 DEBUG LeerPlugins:75 - 	Creada opción de menú 'Módulos/Demografía/Expectativas de salud' con accion 'demografia.interfaz.ExpectativasSaludAccionPlugin'
2024-06-03 15:30:31 DEBUG LeerPlugins:75 - 	Creada opción de menú 'Módulos/Demografía/Años potenciales de vida perdidos/APVP y tasa bruta/Una causa y varias poblaciones' con accion 'demografia.interfaz.APVPYTasaBrutaUnaCausaAccionPlugin'
2024-06-03 15:30:31 DEBUG LeerPlugins:75 - 	Creada opción de menú 'Módulos/Demografía/Años potenciales de vida perdidos/APVP y tasa bruta/Varias causas y una población' con accion 'demografia.interfaz.APVPYTasaBrutaVariasCausasAccionPlugin'
2024-06-03 15:30:31 DEBUG LeerPlugins:75 - 	Creada opción de menú 'Módulos/Demografía/Años potenciales de vida perdidos/Tasa de APVP ajustada' con accion 'demografia.interfaz.TasaAPVPAjustadaAccionPlugin'
2024-06-03 15:30:31 DEBUG LeerPlugins:75 - 	Creada opción de menú 'Módulos/Demografía/Descomposición del cambio en la EV' con accion 'demografia.interfaz.DescomposicionCambioEVAccionPlugin'
2024-06-03 15:30:31 DEBUG LeerPlugins:75 - 	Creada opción de menú 'Módulos/Demografía/Años de esperanza de vida perdidos/Un período' con accion 'demografia.interfaz.AnosVidaPerdidosUnPeriodoAccionPlugin'
2024-06-03 15:30:31 DEBUG LeerPlugins:75 - 	Creada opción de menú 'Módulos/Demografía/Años de esperanza de vida perdidos/Comparación de dos períodos' con accion 'demografia.interfaz.AnosVidaPerdidosComparacionPeriodosAccionPlugin'
2024-06-03 15:30:31 DEBUG LeerPlugins:71 - DialogoAcercade.xml: Plugin 'Dialogo Acerca de ... - 1.0 (indice 5)'
2024-06-03 15:30:31 DEBUG LeerPlugins:75 - 	Creada opción de menú 'Ayuda/Acerca de' con accion 'dialogoacercade.interfaz.DialogoAcercaDeAccionPlugin'
2024-06-03 15:30:31 DEBUG LeerPlugins:71 - EstimacionMortalidad.xml: Plugin 'modulo - 1.0 (indice 10)'
2024-06-03 15:30:31 DEBUG LeerPlugins:75 - 	Creada opción de menú 'Módulos/Estimacion de la mortalidad atribuida/Al consumo de tabaco/Método dependiente de prevalencia/Riesgos del estudio CPSII' con accion 'estimacionMortalidad.interfaz.RiesgosCPSIIDependienteAccionPlugin'
2024-06-03 15:30:31 DEBUG LeerPlugins:75 - 	Creada opción de menú 'Módulos/Estimacion de la mortalidad atribuida/Al consumo de tabaco/Método dependiente de prevalencia/Riesgos de un estudio de cohortes' con accion 'estimacionMortalidad.interfaz.RiesgosCohortesDependienteAccionPlugin'
2024-06-03 15:30:31 DEBUG LeerPlugins:75 - 	Creada opción de menú 'Módulos/Estimacion de la mortalidad atribuida/Al consumo de tabaco/Método dependiente de prevalencia/Riesgos de un estudio de casos y controles' con accion 'estimacionMortalidad.interfaz.RiesgosCasosyControlesAccionPlugin'
2024-06-03 15:30:31 DEBUG LeerPlugins:75 - 	Creada opción de menú 'Módulos/Estimacion de la mortalidad atribuida/Al consumo de tabaco/Método independiente de prevalencia/Riesgos del estudio CPSII' con accion 'estimacionMortalidad.interfaz.RiesgosCPSIIIndependienteAccionPlugin'
2024-06-03 15:30:31 DEBUG LeerPlugins:75 - 	Creada opción de menú 'Módulos/Estimacion de la mortalidad atribuida/Al consumo de tabaco/Método independiente de prevalencia/Riesgos de un estudio de cohortes' con accion 'estimacionMortalidad.interfaz.RiesgosCohortesIndependienteAccionPlugin'
2024-06-03 15:30:31 DEBUG LeerPlugins:75 - 	Creada opción de menú 'Módulos/Estimacion de la mortalidad atribuida/A otro factor de riesgo/Riesgos de un estudio de cohortes' con accion 'estimacionMortalidad.interfaz.RiesgosCohortesDependiente2AccionPlugin'
2024-06-03 15:30:31 DEBUG LeerPlugins:75 - 	Creada opción de menú 'Módulos/Estimacion de la mortalidad atribuida/A otro factor de riesgo/Riesgos de un estudio de casos y controles' con accion 'estimacionMortalidad.interfaz.RiesgosCasosyControles2AccionPlugin'
2024-06-03 15:30:31 DEBUG LeerPlugins:71 - Herramientas.xml: Plugin 'Herramientas - 1.0 (indice 5)'
2024-06-03 15:30:31 DEBUG LeerPlugins:75 - 	Creada opción de menú 'Herramientas/Opciones' con accion 'herramientas.interfaz.OpcionesGraficasAccionPlugin'
2024-06-03 15:30:31 DEBUG LeerPlugins:71 - InferenciaSobreParametros.xml: Plugin 'inferenciasobreparametros - 1.0 (indice 5)'
2024-06-03 15:30:31 DEBUG LeerPlugins:75 - 	Creada opción de menú 'Módulos/Inferencia sobre parámetros/Una población/Media' con accion 'inferenciasobreparametros.interfaz.IPUnaPoblacionMediaAccionPlugin'
2024-06-03 15:30:31 DEBUG LeerPlugins:75 - 	Creada opción de menú 'Módulos/Inferencia sobre parámetros/Una población/Proporción' con accion 'inferenciasobreparametros.interfaz.IPUnaPoblacionProporcionAccionPlugin'
2024-06-03 15:30:31 DEBUG LeerPlugins:75 - 	Creada opción de menú 'Módulos/Inferencia sobre parámetros/Una población/Percentiles' con accion 'inferenciasobreparametros.interfaz.IPUnaPoblacionPercentilesAccionPlugin'
2024-06-03 15:30:31 DEBUG LeerPlugins:75 - 	Creada opción de menú 'Módulos/Inferencia sobre parámetros/Una población/Correlación' con accion 'inferenciasobreparametros.interfaz.IPUnaPoblacionCorrelacionAccionPlugin'
2024-06-03 15:30:31 DEBUG LeerPlugins:75 - 	Creada opción de menú 'Módulos/Inferencia sobre parámetros/Una población/Tasa de incidencia' con accion 'inferenciasobreparametros.interfaz.IPUnaPoblacionTasaIncidenciaAccionPlugin'
2024-06-03 15:30:31 DEBUG LeerPlugins:75 - 	Creada opción de menú 'Módulos/Inferencia sobre parámetros/Una población/Índice de posición' con accion 'inferenciasobreparametros.interfaz.IPUnaPoblacionIndicePosicionAccionPlugin'
2024-06-03 15:30:31 DEBUG LeerPlugins:75 - 	Creada opción de menú 'Módulos/Inferencia sobre parámetros/Dos poblaciones/Medias independientes' con accion 'inferenciasobreparametros.interfaz.IPDosPoblacionesMediasIndependientesAccionPlugin'
2024-06-03 15:30:31 DEBUG LeerPlugins:75 - 	Creada opción de menú 'Módulos/Inferencia sobre parámetros/Dos poblaciones/Medias emparejadas' con accion 'inferenciasobreparametros.interfaz.IPDosPoblacionesMediasEmparejadasAccionPlugin'
2024-06-03 15:30:31 DEBUG LeerPlugins:75 - 	Creada opción de menú 'Módulos/Inferencia sobre parámetros/Dos poblaciones/Proporciones independientes' con accion 'inferenciasobreparametros.interfaz.IPDosPoblacionesProporcionesIndependientesAccionPlugin'
2024-06-03 15:30:31 DEBUG LeerPlugins:75 - 	Creada opción de menú 'Módulos/Inferencia sobre parámetros/Dos poblaciones/Proporciones emparejadas' con accion 'inferenciasobreparametros.interfaz.IPDosPoblacionesProporcionesEmparejadasAccionPlugin'
2024-06-03 15:30:31 DEBUG LeerPlugins:75 - 	Creada opción de menú 'Módulos/Inferencia sobre parámetros/Dos poblaciones/Tasas de incidencia' con accion 'inferenciasobreparametros.interfaz.IPDosPoblacionesTasasIncidenciasAccionPlugin'
2024-06-03 15:30:31 DEBUG LeerPlugins:75 - 	Creada opción de menú 'Módulos/Inferencia sobre parámetros/Comparación no paramétrica/Medias independientes' con accion 'inferenciasobreparametros.interfaz.IPNoParametricaMediasIndependientesAccionPlugin'
2024-06-03 15:30:31 DEBUG LeerPlugins:75 - 	Creada opción de menú 'Módulos/Inferencia sobre parámetros/Comparación no paramétrica/Medias emparejadas' con accion 'inferenciasobreparametros.interfaz.IPNoParametricaMediasEmparejadasAccionPlugin'
2024-06-03 15:30:31 DEBUG LeerPlugins:75 - 	Creada opción de menú 'Módulos/Inferencia sobre parámetros/Contraste de normalidad' con accion 'inferenciasobreparametros.interfaz.IPContrasteNormalidadAccionPlugin'
2024-06-03 15:30:31 DEBUG LeerPlugins:71 - Internacionalizacion.xml: Plugin 'Herramientas - 1.0 (indice 5)'
2024-06-03 15:30:31 DEBUG LeerPlugins:75 - 	Creada opción de menú 'Herramientas/Idioma' con accion 'com.epidat.internacionalizacion.interfaz.CambiarIdiomaMenuItem'
2024-06-03 15:30:31 DEBUG LeerPlugins:71 - MedicionEnDesigualdadesEnSalud.xml: Plugin 'Medición de Desigualdades - 2.0 (indice 18)'
2024-06-03 15:30:31 DEBUG LeerPlugins:75 - 	Creada opción de menú 'Módulos/Medición de desigualdades en salud/Índices para categorías ordenadas/Índices basados en comparaciones dos a dos' con accion 'medicionDesigualdadesSalud.interfaz.Comparacion2a2VarOrdenadasAccionPlugin'
2024-06-03 15:30:31 DEBUG LeerPlugins:75 - 	Creada opción de menú 'Módulos/Medición de desigualdades en salud/Índices para categorías ordenadas/Índices basados en el modelo de regresión' con accion 'medicionDesigualdadesSalud.interfaz.IndicesDesigualdadAccionPlugin'
2024-06-03 15:30:31 DEBUG LeerPlugins:75 - 	Creada opción de menú 'Módulos/Medición de desigualdades en salud/Índices para categorías ordenadas/Índice de Gini e índice de concentración/Índice de Gini y curva de Lorenz' con accion 'medicionDesigualdadesSalud.interfaz.IndiceGiniCurvaLorenzAccionPlugin'
2024-06-03 15:30:31 DEBUG LeerPlugins:75 - 	Creada opción de menú 'Módulos/Medición de desigualdades en salud/Índices para categorías ordenadas/Índice de Gini e índice de concentración/Índice y curva de concentración' con accion 'medicionDesigualdadesSalud.interfaz.IndiceCurvaConcentracionAccionPlugin'
2024-06-03 15:30:31 DEBUG LeerPlugins:75 - 	Creada opción de menú 'Módulos/Medición de desigualdades en salud/Índices para categorías no ordenadas/Índices basados en comparaciones dos a dos' con accion 'medicionDesigualdadesSalud.interfaz.Comparacion2a2VarDesordenadasAccionPlugin'
2024-06-03 15:30:31 DEBUG LeerPlugins:75 - 	Creada opción de menú 'Módulos/Medición de desigualdades en salud/Índices para categorías no ordenadas/Índices de dispersión' con accion 'medicionDesigualdadesSalud.interfaz.IndicesDeDispersionAccionPlugin'
2024-06-03 15:30:31 DEBUG LeerPlugins:75 - 	Creada opción de menú 'Módulos/Medición de desigualdades en salud/Índices para categorías no ordenadas/Índices basados en la comparación de distribuciones de probabilidad' con accion 'medicionDesigualdadesSalud.interfaz.IndicesBasadosComparacionDistProbabilidadAccionPlugin'
2024-06-03 15:30:31 DEBUG LeerPlugins:75 - 	Creada opción de menú 'Módulos/Medición de desigualdades en salud/Índice de efecto' con accion 'medicionDesigualdadesSalud.interfaz.IndiceEfectoAccionPlugin'
2024-06-03 15:30:31 DEBUG LeerPlugins:71 - ModulosFaltantes.xml: Plugin 'modulosFaltantes - 1.0 (indice 1)'
2024-06-03 15:30:31 DEBUG LeerPlugins:75 - 	Creada opción de menú 'Ayuda/Módulos aún no implementados' con accion 'modulosFaltantes.interfaz.AyudaPlugin'
2024-06-03 15:30:32 DEBUG LeerPlugins:71 - MuestreoSeleccionYEstimacion.xml: Plugin 'Muestreo 2 - 1.0 (indice 3)'
2024-06-03 15:30:32 DEBUG LeerPlugins:75 - 	Creada opción de menú 'Módulos/Muestreo/Selección de muestras/Muestreo simple aleatorio' con accion 'seleccionMuestras.interfaz.MuestreoSimpleAleatorioAccionPlugin'
2024-06-03 15:30:32 DEBUG LeerPlugins:75 - 	Creada opción de menú 'Módulos/Muestreo/Selección de muestras/Muestreo sistemático' con accion 'seleccionMuestras.interfaz.MuestreoSistematicoAccionPlugin'
2024-06-03 15:30:32 DEBUG LeerPlugins:75 - 	Creada opción de menú 'Módulos/Muestreo/Selección de muestras/Muestreo aleatorio estratificado' con accion 'seleccionMuestras.interfaz.MuestreoAleatorioEstratificadoAccionPlugin'
2024-06-03 15:30:32 DEBUG LeerPlugins:75 - 	Creada opción de menú 'Módulos/Muestreo/Selección de muestras/Muestreo por conglomerados monoetápico' con accion 'seleccionMuestras.interfaz.MuestreoConglomeradosMonoAccionPlugin'
2024-06-03 15:30:32 DEBUG LeerPlugins:75 - 	Creada opción de menú 'Módulos/Muestreo/Selección de muestras/Muestreo por conglomerados bietápico' con accion 'seleccionMuestras.interfaz.MuestreoConglomeradosBiAccionPlugin'
2024-06-03 15:30:32 DEBUG LeerPlugins:75 - 	Creada opción de menú 'Módulos/Muestreo/Selección de muestras/Muestreo por conglomerados monoetápico estratificado' con accion 'seleccionMuestras.interfaz.MuestreoConglMonoEstratAccionPlugin'
2024-06-03 15:30:32 DEBUG LeerPlugins:75 - 	Creada opción de menú 'Módulos/Muestreo/Selección de muestras/Muestreo por conglomerados bietápico estratificado' con accion 'seleccionMuestras.interfaz.MuestreoConglBiEstratAccionPlugin'
2024-06-03 15:30:32 DEBUG LeerPlugins:75 - 	Creada opción de menú 'Módulos/Muestreo/Asignación de sujetos a tratamientos' con accion 'seleccionMuestras.interfaz.AsignacionSujetosTratamientosAccionPlugin'
2024-06-03 15:30:32 DEBUG LeerPlugins:75 - 	Creada opción de menú 'Módulos/Muestreo/Estimación con muestras complejas' con accion 'emuco.interfaz.EmucoAccionPlugin'
2024-06-03 15:30:32 DEBUG LeerPlugins:71 - MuestreoTamanosDeMuestra.xml: Plugin 'Muestreo 1 - 1.0 (indice 2)'
2024-06-03 15:30:32 DEBUG LeerPlugins:75 - 	Creada opción de menú 'Módulos/Muestreo/Cálculo de tamaños de muestra/Intervalos de confianza/Media' con accion 'tamsMuestra.intervalosConfianza.interfaz.MediaAccionPlugin'
2024-06-03 15:30:32 DEBUG LeerPlugins:75 - 	Creada opción de menú 'Módulos/Muestreo/Cálculo de tamaños de muestra/Intervalos de confianza/Proporción' con accion 'tamsMuestra.intervalosConfianza.interfaz.ProporcionAccionPlugin'
2024-06-03 15:30:32 DEBUG LeerPlugins:75 - 	Creada opción de menú 'Módulos/Muestreo/Cálculo de tamaños de muestra/Intervalos de confianza/Odds ratio' con accion 'tamsMuestra.intervalosConfianza.interfaz.OddsRatioAccionPlugin'
2024-06-03 15:30:32 DEBUG LeerPlugins:75 - 	Creada opción de menú 'Módulos/Muestreo/Cálculo de tamaños de muestra/Intervalos de confianza/Riesgo relativo' con accion 'tamsMuestra.intervalosConfianza.interfaz.RiesgoRelativoAccionPlugin'
2024-06-03 15:30:32 DEBUG LeerPlugins:75 - 	Creada opción de menú 'Módulos/Muestreo/Cálculo de tamaños de muestra/Intervalos de confianza/Concordancia' con accion 'tamsMuestra.intervalosConfianza.interfaz.ConcordanciaAccionPlugin'
2024-06-03 15:30:32 DEBUG LeerPlugins:75 - 	Creada opción de menú 'Módulos/Muestreo/Cálculo de tamaños de muestra/Intervalos de confianza/Pruebas diagnósticas' con accion 'tamsMuestra.intervalosConfianza.interfaz.SensibilidadYEspecificidadAccionPlugin'
2024-06-03 15:30:32 DEBUG LeerPlugins:75 - 	Creada opción de menú 'Módulos/Muestreo/Cálculo de tamaños de muestra/Contraste de hipótesis/Comparación de medias/Grupos independientes' con accion 'tamsMuestra.contrastesHipotesis.interfaz.ComparacionMediasIndependientesAccionPlugin'
2024-06-03 15:30:32 DEBUG LeerPlugins:75 - 	Creada opción de menú 'Módulos/Muestreo/Cálculo de tamaños de muestra/Contraste de hipótesis/Comparación de medias/Grupos emparejados' con accion 'tamsMuestra.contrastesHipotesis.interfaz.ComparacionMediasEmparejadasAccionPlugin'
2024-06-03 15:30:32 DEBUG LeerPlugins:75 - 	Creada opción de menú 'Módulos/Muestreo/Cálculo de tamaños de muestra/Contraste de hipótesis/Comparación de proporciones/Grupos independientes' con accion 'tamsMuestra.contrastesHipotesis.interfaz.ComparacionProporcionesIndependientesAccionPlugin'
2024-06-03 15:30:32 DEBUG LeerPlugins:75 - 	Creada opción de menú 'Módulos/Muestreo/Cálculo de tamaños de muestra/Contraste de hipótesis/Comparación de proporciones/Grupos emparejados' con accion 'tamsMuestra.contrastesHipotesis.interfaz.ComparacionProporcionesEmparejadasAccionPlugin'
2024-06-03 15:30:32 DEBUG LeerPlugins:75 - 	Creada opción de menú 'Módulos/Muestreo/Cálculo de tamaños de muestra/Contraste de hipótesis/Estudios de casos y controles/Grupos independientes' con accion 'tamsMuestra.contrastesHipotesis.interfaz.EstudiosCasosIndependientesAccionPlugin'
2024-06-03 15:30:32 DEBUG LeerPlugins:75 - 	Creada opción de menú 'Módulos/Muestreo/Cálculo de tamaños de muestra/Contraste de hipótesis/Estudios de cohorte' con accion 'tamsMuestra.contrastesHipotesis.interfaz.EstudiosCohorteAccionPlugin'
2024-06-03 15:30:32 DEBUG LeerPlugins:75 - 	Creada opción de menú 'Módulos/Muestreo/Cálculo de tamaños de muestra/Contraste de hipótesis/Estudios de casos y controles/Grupos emparejados' con accion 'tamsMuestra.contrastesHipotesis.interfaz.EstudiosCasosEmparejadosAccionPlugin'
2024-06-03 15:30:32 DEBUG LeerPlugins:75 - 	Creada opción de menú 'Módulos/Muestreo/Cálculo de tamaños de muestra/Contraste de hipótesis/Estudios de equivalencia/Equivalencia de medias' con accion 'tamsMuestra.contrastesHipotesis.interfaz.EquivalenciaMediasAccionPlugin'
2024-06-03 15:30:32 DEBUG LeerPlugins:75 - 	Creada opción de menú 'Módulos/Muestreo/Cálculo de tamaños de muestra/Contraste de hipótesis/Estudios de equivalencia/Equivalencia de proporciones' con accion 'tamsMuestra.contrastesHipotesis.interfaz.EquivalenciaProporcionesAccionPlugin'
2024-06-03 15:30:32 DEBUG LeerPlugins:75 - 	Creada opción de menú 'Módulos/Muestreo/Cálculo de tamaños de muestra/Contraste de hipótesis/Pruebas diagnósticas/Grupos independientes' con accion 'tamsMuestra.contrastesHipotesis.interfaz.PruebasDxGIAccionPlugin'
2024-06-03 15:30:32 DEBUG LeerPlugins:75 - 	Creada opción de menú 'Módulos/Muestreo/Cálculo de tamaños de muestra/Contraste de hipótesis/Pruebas diagnósticas/Grupos emparejados' con accion 'tamsMuestra.contrastesHipotesis.interfaz.PruebasDxGEAccionPlugin'
2024-06-03 15:30:32 DEBUG LeerPlugins:75 - 	Creada opción de menú 'Módulos/Muestreo/Cálculo de tamaños de muestra/Contraste de hipótesis/Calidad de lotes' con accion 'tamsMuestra.contrastesHipotesis.interfaz.CalidadLotesAccionPlugin'
2024-06-03 15:30:32 DEBUG LeerPlugins:75 - 	Creada opción de menú 'Módulos/Muestreo/Cálculo de tamaños de muestra/Contraste de hipótesis/Supervivencia' con accion 'tamsMuestra.contrastesHipotesis.interfaz.SupervivenciaAccionPlugin'
2024-06-03 15:30:32 DEBUG LeerPlugins:75 - 	Creada opción de menú 'Módulos/Muestreo/Cálculo de tamaños de muestra/Contraste de hipótesis/Coeficiente de correlación' con accion 'tamsMuestra.contrastesHipotesis.interfaz.CorrelacionAccionPlugin'
2024-06-03 15:30:32 DEBUG LeerPlugins:71 - Privaciones.xml: Plugin 'privaciones - 1.0 (indice 16)'
2024-06-03 15:30:32 DEBUG LeerPlugins:75 - 	Creada opción de menú 'Módulos/Índices de desarrollo o privación/Índice de desarrollo humano (IDH)' con accion 'privaciones.interfaz.Privations_Pluggin_AE_IDH'
2024-06-03 15:30:32 DEBUG LeerPlugins:75 - 	Creada opción de menú 'Módulos/Índices de desarrollo o privación/Índice de desarrollo humano corregido para desigualdad de género (IDHG)' con accion 'privaciones.interfaz.Privations_Pluggin_AE_IDHG'
2024-06-03 15:30:32 DEBUG LeerPlugins:75 - 	Creada opción de menú 'Módulos/Índices de desarrollo o privación/Índice de Pobreza 1 (IP1)' con accion 'privaciones.interfaz.Privations_Pluggin_AE_IP1'
2024-06-03 15:30:32 DEBUG LeerPlugins:75 - 	Creada opción de menú 'Módulos/Índices de desarrollo o privación/Índice de Pobreza 2 (IP2)' con accion 'privaciones.interfaz.Privations_Pluggin_AE_IP2'
2024-06-03 15:30:32 DEBUG LeerPlugins:75 - 	Creada opción de menú 'Módulos/Índices de desarrollo o privación/Índice de pobreza multidimensional (IPM)' con accion 'privaciones.interfaz.Privations_Pluggin_AE_IPM'
2024-06-03 15:30:32 DEBUG LeerPlugins:75 - 	Creada opción de menú 'Módulos/Índices de desarrollo o privación/Índice de desarrollo de la niñez (IDN)' con accion 'privaciones.interfaz.Privations_Pluggin_AE_IDN'
2024-06-03 15:30:32 DEBUG LeerPlugins:75 - 	Creada opción de menú 'Módulos/Índices de desarrollo o privación/Índice de oportunidades en la niñez (ION)' con accion 'privaciones.interfaz.Privations_Pluggin_AE_ION'
2024-06-03 15:30:32 DEBUG LeerPlugins:71 - Probabilidades.xml: Plugin 'Distribuciones de probabilidad - 2.0 (indice 13)'
2024-06-03 15:30:32 DEBUG LeerPlugins:75 - 	Creada opción de menú 'Módulos/Distribuciones de probabilidad/Cálculo de probabilidades/Distribuciones discretas' con accion 'probabilidades.interfaz.ProbabilidadCalcDiscretasAccionPlugin'
2024-06-03 15:30:32 DEBUG LeerPlugins:75 - 	Creada opción de menú 'Módulos/Distribuciones de probabilidad/Cálculo de probabilidades/Distribuciones continuas' con accion 'probabilidades.interfaz.ProbabilidadCalcContinuasAccionPlugin'
2024-06-03 15:30:32 DEBUG LeerPlugins:75 - 	Creada opción de menú 'Módulos/Distribuciones de probabilidad/Generación de distribuciones/Distribuciones discretas' con accion 'probabilidades.interfaz.ProbabilidadGenDiscretasAccionPlugin'
2024-06-03 15:30:32 DEBUG LeerPlugins:75 - 	Creada opción de menú 'Módulos/Distribuciones de probabilidad/Generación de distribuciones/Distribuciones continuas' con accion 'probabilidades.interfaz.ProbabilidadGenContinuasAccionPlugin'
2024-06-03 15:30:32 DEBUG LeerPlugins:71 - RegresionLogistica.xml: Plugin 'regresion - 1.0 (indice 11)'
2024-06-03 15:30:32 DEBUG LeerPlugins:75 - 	Creada opción de menú 'Módulos/Regresión logística/Regresión logística' con accion 'regresion.interfaz.Regression_Pluggin_AE'
2024-06-03 15:30:32 INFO  Aplicacion:370 - Se ha leído el archivo de recientes
2024-06-03 15:30:33 WARN  StandardResourceBundle:33 - El bundle creado por 'EntornoEpidatBundle' no ha encontrado la clave 'EpidatForm.nomArchivoOculto.AccessibleContext.accessibleName' o es vacía.
2024-06-03 15:30:33 WARN  StandardResourceBundle:33 - El bundle creado por 'EntornoEpidatBundle' no ha encontrado la clave 'EpidatForm.nomArchivoOculto.AccessibleContext.accessibleDescription' o es vacía.
2024-06-03 15:30:33 WARN  StandardResourceBundle:33 - El bundle creado por 'EntornoEpidatBundle' no ha encontrado la clave 'EpidatForm.text' o es vacía.
2024-06-03 15:30:33 WARN  StandardResourceBundle:33 - El bundle creado por 'EntornoEpidatBundle' no ha encontrado la clave 'EpidatForm.text' o es vacía.
2024-06-03 15:30:33 WARN  StandardResourceBundle:33 - El bundle creado por 'EntornoEpidatBundle' no ha encontrado la clave 'EpidatForm.text' o es vacía.
2024-06-03 15:30:33 WARN  StandardResourceBundle:33 - El bundle creado por 'EntornoEpidatBundle' no ha encontrado la clave 'EpidatForm.botonColor.text' o es vacía.
2024-06-03 15:30:33 WARN  StandardResourceBundle:33 - El bundle creado por 'EntornoEpidatBundle' no ha encontrado la clave 'EpidatForm.botonAlineaI.text' o es vacía.
2024-06-03 15:30:33 WARN  StandardResourceBundle:33 - El bundle creado por 'EntornoEpidatBundle' no ha encontrado la clave 'EpidatForm.botonAlineaC.text' o es vacía.
2024-06-03 15:30:33 WARN  StandardResourceBundle:33 - El bundle creado por 'EntornoEpidatBundle' no ha encontrado la clave 'EpidatForm.botonAlineaD.text' o es vacía.
2024-06-03 15:30:33 WARN  StandardResourceBundle:33 - El bundle creado por 'EntornoEpidatBundle' no ha encontrado la clave 'EpidatForm.botonAlineaJ.text' o es vacía.
2024-06-03 15:30:33 WARN  StandardResourceBundle:33 - El bundle creado por 'EntornoEpidatBundle' no ha encontrado la clave 'EpidatForm.nomArchivoPresentado.text' o es vacía.
2024-06-03 15:30:33 WARN  StandardResourceBundle:33 - El bundle creado por 'EntornoEpidatBundle' no ha encontrado la clave 'EpidatForm.labelProgreso.text' o es vacía.
2024-06-03 15:30:33 DEBUG PluginEstandar:42 - Aplicando cambios de plugin 'Plugin'...
2024-06-03 15:30:33 DEBUG CambioUIMenu:104 - Insertando item de menú 'Análisis descriptivo' en posicion 0
2024-06-03 15:30:33 DEBUG CambioUIMenu:113 - Insertando item de menú 'Tablas de frecuencias' en posicion 0
2024-06-03 15:30:33 DEBUG CambioUIMenu:113 - Insertando item de menú 'Tablas de contingencia' en posicion 1
2024-06-03 15:30:33 DEBUG CambioUIMenu:113 - Insertando item de menú 'Estadísticos descriptivos' en posicion 2
2024-06-03 15:30:33 DEBUG CambioUIMenu:113 - Insertando item de menú 'Correlación' en posicion 3
2024-06-03 15:30:33 DEBUG CambioUIMenu:104 - Insertando item de menú 'Gráficos' en posicion 4
2024-06-03 15:30:33 DEBUG CambioUIMenu:113 - Insertando item de menú 'Barras' en posicion 0
2024-06-03 15:30:33 DEBUG CambioUIMenu:113 - Insertando item de menú 'Sectores' en posicion 1
2024-06-03 15:30:33 DEBUG CambioUIMenu:113 - Insertando item de menú 'Líneas' en posicion 2
2024-06-03 15:30:33 DEBUG CambioUIMenu:113 - Insertando item de menú 'Dispersión' en posicion 3
2024-06-03 15:30:33 DEBUG CambioUIMenu:113 - Insertando item de menú 'Histograma' en posicion 4
2024-06-03 15:30:33 DEBUG CambioUIMenu:113 - Insertando item de menú 'Diagrama de cajas' en posicion 5
2024-06-03 15:30:33 DEBUG CambioUIMenu:113 - Insertando item de menú 'Intervalos de confianza' en posicion 6
2024-06-03 15:30:33 DEBUG PluginEstandar:42 - Aplicando cambios de plugin 'modulosFaltantes'...
2024-06-03 15:30:33 DEBUG CambioUIMenu:113 - Insertando item de menú 'Módulos aún no implementados' en posicion 2
2024-06-03 15:30:33 DEBUG PluginEstandar:42 - Aplicando cambios de plugin 'Muestreo 1'...
2024-06-03 15:30:33 DEBUG CambioUIMenu:104 - Insertando item de menú 'Muestreo' en posicion 1
2024-06-03 15:30:33 DEBUG CambioUIMenu:104 - Insertando item de menú 'Cálculo de tamaños de muestra' en posicion 0
2024-06-03 15:30:33 DEBUG CambioUIMenu:104 - Insertando item de menú 'Intervalos de confianza' en posicion 0
2024-06-03 15:30:33 DEBUG CambioUIMenu:113 - Insertando item de menú 'Media' en posicion 0
2024-06-03 15:30:33 DEBUG CambioUIMenu:113 - Insertando item de menú 'Proporción' en posicion 1
2024-06-03 15:30:33 DEBUG CambioUIMenu:113 - Insertando item de menú 'Odds ratio' en posicion 2
2024-06-03 15:30:33 DEBUG CambioUIMenu:113 - Insertando item de menú 'Riesgo relativo' en posicion 3
2024-06-03 15:30:33 DEBUG CambioUIMenu:113 - Insertando item de menú 'Concordancia' en posicion 4
2024-06-03 15:30:33 DEBUG CambioUIMenu:113 - Insertando item de menú 'Pruebas diagnósticas' en posicion 5
2024-06-03 15:30:33 DEBUG CambioUIMenu:104 - Insertando item de menú 'Contraste de hipótesis' en posicion 1
2024-06-03 15:30:33 DEBUG CambioUIMenu:104 - Insertando item de menú 'Comparación de medias' en posicion 0
2024-06-03 15:30:33 DEBUG CambioUIMenu:113 - Insertando item de menú 'Grupos independientes' en posicion 0
2024-06-03 15:30:33 DEBUG CambioUIMenu:113 - Insertando item de menú 'Grupos emparejados' en posicion 1
2024-06-03 15:30:33 DEBUG CambioUIMenu:104 - Insertando item de menú 'Comparación de proporciones' en posicion 1
2024-06-03 15:30:33 DEBUG CambioUIMenu:113 - Insertando item de menú 'Grupos independientes' en posicion 0
2024-06-03 15:30:33 DEBUG CambioUIMenu:113 - Insertando item de menú 'Grupos emparejados' en posicion 1
2024-06-03 15:30:33 DEBUG CambioUIMenu:104 - Insertando item de menú 'Estudios de casos y controles' en posicion 2
2024-06-03 15:30:33 DEBUG CambioUIMenu:113 - Insertando item de menú 'Grupos independientes' en posicion 0
2024-06-03 15:30:33 DEBUG CambioUIMenu:113 - Insertando item de menú 'Estudios de cohorte' en posicion 3
2024-06-03 15:30:33 DEBUG CambioUIMenu:113 - Insertando item de menú 'Grupos emparejados' en posicion 1
2024-06-03 15:30:33 DEBUG CambioUIMenu:104 - Insertando item de menú 'Estudios de equivalencia' en posicion 4
2024-06-03 15:30:33 DEBUG CambioUIMenu:113 - Insertando item de menú 'Equivalencia de medias' en posicion 0
2024-06-03 15:30:33 DEBUG CambioUIMenu:113 - Insertando item de menú 'Equivalencia de proporciones' en posicion 1
2024-06-03 15:30:33 DEBUG CambioUIMenu:104 - Insertando item de menú 'Pruebas diagnósticas' en posicion 5
2024-06-03 15:30:33 DEBUG CambioUIMenu:113 - Insertando item de menú 'Grupos independientes' en posicion 0
2024-06-03 15:30:33 DEBUG CambioUIMenu:113 - Insertando item de menú 'Grupos emparejados' en posicion 1
2024-06-03 15:30:33 DEBUG CambioUIMenu:113 - Insertando item de menú 'Calidad de lotes' en posicion 6
2024-06-03 15:30:33 DEBUG CambioUIMenu:113 - Insertando item de menú 'Supervivencia' en posicion 7
2024-06-03 15:30:33 DEBUG CambioUIMenu:113 - Insertando item de menú 'Coeficiente de correlación' en posicion 8
2024-06-03 15:30:33 DEBUG PluginEstandar:42 - Aplicando cambios de plugin 'Muestreo 2'...
2024-06-03 15:30:33 DEBUG CambioUIMenu:104 - Insertando item de menú 'Selección de muestras' en posicion 1
2024-06-03 15:30:33 DEBUG CambioUIMenu:113 - Insertando item de menú 'Muestreo simple aleatorio' en posicion 0
2024-06-03 15:30:33 DEBUG CambioUIMenu:113 - Insertando item de menú 'Muestreo sistemático' en posicion 1
2024-06-03 15:30:33 DEBUG CambioUIMenu:113 - Insertando item de menú 'Muestreo aleatorio estratificado' en posicion 2
2024-06-03 15:30:33 DEBUG CambioUIMenu:113 - Insertando item de menú 'Muestreo por conglomerados monoetápico' en posicion 3
2024-06-03 15:30:33 DEBUG CambioUIMenu:113 - Insertando item de menú 'Muestreo por conglomerados bietápico' en posicion 4
2024-06-03 15:30:33 DEBUG CambioUIMenu:113 - Insertando item de menú 'Muestreo por conglomerados monoetápico estratificado' en posicion 5
2024-06-03 15:30:33 DEBUG CambioUIMenu:113 - Insertando item de menú 'Muestreo por conglomerados bietápico estratificado' en posicion 6
2024-06-03 15:30:33 DEBUG CambioUIMenu:113 - Insertando item de menú 'Asignación de sujetos a tratamientos' en posicion 2
2024-06-03 15:30:33 DEBUG CambioUIMenu:113 - Insertando item de menú 'Estimación con muestras complejas' en posicion 3
2024-06-03 15:30:33 DEBUG PluginEstandar:42 - Aplicando cambios de plugin 'Dialogo Acerca de ...'...
2024-06-03 15:30:33 DEBUG CambioUIMenu:113 - Insertando item de menú 'Acerca de' en posicion 3
2024-06-03 15:30:33 DEBUG PluginEstandar:42 - Aplicando cambios de plugin 'Herramientas'...
2024-06-03 15:30:33 DEBUG CambioUIMenu:113 - Insertando item de menú 'Opciones' en posicion 0
2024-06-03 15:30:33 DEBUG PluginEstandar:42 - Aplicando cambios de plugin 'inferenciasobreparametros'...
2024-06-03 15:30:33 DEBUG CambioUIMenu:104 - Insertando item de menú 'Inferencia sobre parámetros' en posicion 2
2024-06-03 15:30:33 DEBUG CambioUIMenu:104 - Insertando item de menú 'Una población' en posicion 0
2024-06-03 15:30:33 DEBUG CambioUIMenu:113 - Insertando item de menú 'Media' en posicion 0
2024-06-03 15:30:33 DEBUG CambioUIMenu:113 - Insertando item de menú 'Proporción' en posicion 1
2024-06-03 15:30:33 DEBUG CambioUIMenu:113 - Insertando item de menú 'Percentiles' en posicion 2
2024-06-03 15:30:33 DEBUG CambioUIMenu:113 - Insertando item de menú 'Correlación' en posicion 3
2024-06-03 15:30:33 DEBUG CambioUIMenu:113 - Insertando item de menú 'Tasa de incidencia' en posicion 4
2024-06-03 15:30:33 DEBUG CambioUIMenu:113 - Insertando item de menú 'Índice de posición' en posicion 5
2024-06-03 15:30:33 DEBUG CambioUIMenu:104 - Insertando item de menú 'Dos poblaciones' en posicion 1
2024-06-03 15:30:33 DEBUG CambioUIMenu:113 - Insertando item de menú 'Medias independientes' en posicion 0
2024-06-03 15:30:33 DEBUG CambioUIMenu:113 - Insertando item de menú 'Medias emparejadas' en posicion 1
2024-06-03 15:30:33 DEBUG CambioUIMenu:113 - Insertando item de menú 'Proporciones independientes' en posicion 2
2024-06-03 15:30:33 DEBUG CambioUIMenu:113 - Insertando item de menú 'Proporciones emparejadas' en posicion 3
2024-06-03 15:30:33 DEBUG CambioUIMenu:113 - Insertando item de menú 'Tasas de incidencia' en posicion 4
2024-06-03 15:30:33 DEBUG CambioUIMenu:104 - Insertando item de menú 'Comparación no paramétrica' en posicion 2
2024-06-03 15:30:33 DEBUG CambioUIMenu:113 - Insertando item de menú 'Medias independientes' en posicion 0
2024-06-03 15:30:33 DEBUG CambioUIMenu:113 - Insertando item de menú 'Medias emparejadas' en posicion 1
2024-06-03 15:30:33 DEBUG CambioUIMenu:113 - Insertando item de menú 'Contraste de normalidad' en posicion 3
2024-06-03 15:30:33 DEBUG PluginEstandar:42 - Aplicando cambios de plugin 'Herramientas'...
2024-06-03 15:30:34 DEBUG CambioUIMenu:113 - Insertando item de menú 'Idioma' en posicion 1
2024-06-03 15:30:34 DEBUG PluginEstandar:42 - Aplicando cambios de plugin 'ConcordanciaYConsistencia'...
2024-06-03 15:30:34 DEBUG CambioUIMenu:104 - Insertando item de menú 'Concordancia y consistencia' en posicion 3
2024-06-03 15:30:34 DEBUG CambioUIMenu:104 - Insertando item de menú 'Concordancia' en posicion 0
2024-06-03 15:30:34 DEBUG CambioUIMenu:113 - Insertando item de menú '2 Observadores' en posicion 0
2024-06-03 15:30:34 DEBUG CambioUIMenu:104 - Insertando item de menú '3 o más observadores' en posicion 1
2024-06-03 15:30:34 DEBUG CambioUIMenu:113 - Insertando item de menú '2 categorías' en posicion 0
2024-06-03 15:30:34 DEBUG CambioUIMenu:113 - Insertando item de menú '3 ó más categorías' en posicion 1
2024-06-03 15:30:34 DEBUG CambioUIMenu:113 - Insertando item de menú 'Comparación de kappas' en posicion 2
2024-06-03 15:30:34 DEBUG CambioUIMenu:113 - Insertando item de menú 'Coeficiente de correlación intraclase' en posicion 3
2024-06-03 15:30:34 DEBUG CambioUIMenu:113 - Insertando item de menú 'Método de Bland y Altman' en posicion 4
2024-06-03 15:30:34 DEBUG CambioUIMenu:104 - Insertando item de menú 'Consistencia' en posicion 1
2024-06-03 15:30:34 DEBUG CambioUIMenu:113 - Insertando item de menú 'Alpha de Cronbach' en posicion 0
2024-06-03 15:30:34 DEBUG PluginEstandar:42 - Aplicando cambios de plugin 'ajusteDeTasas'...
2024-06-03 15:30:34 DEBUG CambioUIMenu:104 - Insertando item de menú 'Ajuste de tasas' en posicion 4
2024-06-03 15:30:34 DEBUG CambioUIMenu:113 - Insertando item de menú 'Método directo' en posicion 0
2024-06-03 15:30:34 DEBUG CambioUIMenu:113 - Insertando item de menú 'Método indirecto' en posicion 1
2024-06-03 15:30:34 DEBUG PluginEstandar:42 - Aplicando cambios de plugin 'Demografía'...
2024-06-03 15:30:34 DEBUG CambioUIMenu:104 - Insertando item de menú 'Demografía' en posicion 5
2024-06-03 15:30:34 DEBUG CambioUIMenu:104 - Insertando item de menú 'Pirámides e indicadores' en posicion 0
2024-06-03 15:30:34 DEBUG CambioUIMenu:113 - Insertando item de menú 'Pirámides de población' en posicion 0
2024-06-03 15:30:34 DEBUG CambioUIMenu:113 - Insertando item de menú 'Indicadores de estructura' en posicion 1
2024-06-03 15:30:34 DEBUG CambioUIMenu:113 - Insertando item de menú 'Indicadores de fecundidad' en posicion 2
2024-06-03 15:30:34 DEBUG CambioUIMenu:113 - Insertando item de menú 'Tablas de mortalidad' en posicion 1
2024-06-03 15:30:34 DEBUG CambioUIMenu:113 - Insertando item de menú 'Expectativas de salud' en posicion 2
2024-06-03 15:30:34 DEBUG CambioUIMenu:104 - Insertando item de menú 'Años potenciales de vida perdidos' en posicion 3
2024-06-03 15:30:34 DEBUG CambioUIMenu:104 - Insertando item de menú 'APVP y tasa bruta' en posicion 0
2024-06-03 15:30:34 DEBUG CambioUIMenu:113 - Insertando item de menú 'Una causa y varias poblaciones' en posicion 0
2024-06-03 15:30:34 DEBUG CambioUIMenu:113 - Insertando item de menú 'Varias causas y una población' en posicion 1
2024-06-03 15:30:34 DEBUG CambioUIMenu:113 - Insertando item de menú 'Tasa de APVP ajustada' en posicion 1
2024-06-03 15:30:34 DEBUG CambioUIMenu:113 - Insertando item de menú 'Descomposición del cambio en la EV' en posicion 4
2024-06-03 15:30:34 DEBUG CambioUIMenu:104 - Insertando item de menú 'Años de esperanza de vida perdidos' en posicion 5
2024-06-03 15:30:34 DEBUG CambioUIMenu:113 - Insertando item de menú 'Un período' en posicion 0
2024-06-03 15:30:34 DEBUG CambioUIMenu:113 - Insertando item de menú 'Comparación de dos períodos' en posicion 1
2024-06-03 15:30:34 DEBUG PluginEstandar:42 - Aplicando cambios de plugin 'modulo'...
2024-06-03 15:30:34 DEBUG CambioUIMenu:104 - Insertando item de menú 'Estimacion de la mortalidad atribuida' en posicion 6
2024-06-03 15:30:34 DEBUG CambioUIMenu:104 - Insertando item de menú 'Al consumo de tabaco' en posicion 0
2024-06-03 15:30:34 DEBUG CambioUIMenu:104 - Insertando item de menú 'Método dependiente de prevalencia' en posicion 0
2024-06-03 15:30:34 DEBUG CambioUIMenu:113 - Insertando item de menú 'Riesgos del estudio CPSII' en posicion 0
2024-06-03 15:30:34 DEBUG CambioUIMenu:113 - Insertando item de menú 'Riesgos de un estudio de cohortes' en posicion 1
2024-06-03 15:30:34 DEBUG CambioUIMenu:113 - Insertando item de menú 'Riesgos de un estudio de casos y controles' en posicion 2
2024-06-03 15:30:34 DEBUG CambioUIMenu:104 - Insertando item de menú 'Método independiente de prevalencia' en posicion 1
2024-06-03 15:30:34 DEBUG CambioUIMenu:113 - Insertando item de menú 'Riesgos del estudio CPSII' en posicion 0
2024-06-03 15:30:34 DEBUG CambioUIMenu:113 - Insertando item de menú 'Riesgos de un estudio de cohortes' en posicion 1
2024-06-03 15:30:34 DEBUG CambioUIMenu:104 - Insertando item de menú 'A otro factor de riesgo' en posicion 1
2024-06-03 15:30:34 DEBUG CambioUIMenu:113 - Insertando item de menú 'Riesgos de un estudio de cohortes' en posicion 0
2024-06-03 15:30:34 DEBUG CambioUIMenu:113 - Insertando item de menú 'Riesgos de un estudio de casos y controles' en posicion 1
2024-06-03 15:30:34 DEBUG PluginEstandar:42 - Aplicando cambios de plugin 'regresion'...
2024-06-03 15:30:34 DEBUG CambioUIMenu:104 - Insertando item de menú 'Regresión logística' en posicion 7
2024-06-03 15:30:34 DEBUG CambioUIMenu:113 - Insertando item de menú 'Regresión logística' en posicion 0
2024-06-03 15:30:34 DEBUG PluginEstandar:42 - Aplicando cambios de plugin 'Distribuciones de probabilidad'...
2024-06-03 15:30:34 DEBUG CambioUIMenu:104 - Insertando item de menú 'Distribuciones de probabilidad' en posicion 8
2024-06-03 15:30:34 DEBUG CambioUIMenu:104 - Insertando item de menú 'Cálculo de probabilidades' en posicion 0
2024-06-03 15:30:34 DEBUG CambioUIMenu:113 - Insertando item de menú 'Distribuciones discretas' en posicion 0
2024-06-03 15:30:34 DEBUG CambioUIMenu:113 - Insertando item de menú 'Distribuciones continuas' en posicion 1
2024-06-03 15:30:34 DEBUG CambioUIMenu:104 - Insertando item de menú 'Generación de distribuciones' en posicion 1
2024-06-03 15:30:34 DEBUG CambioUIMenu:113 - Insertando item de menú 'Distribuciones discretas' en posicion 0
2024-06-03 15:30:34 DEBUG CambioUIMenu:113 - Insertando item de menú 'Distribuciones continuas' en posicion 1
2024-06-03 15:30:34 DEBUG PluginEstandar:42 - Aplicando cambios de plugin 'analisisBayesiano'...
2024-06-03 15:30:34 DEBUG CambioUIMenu:104 - Insertando item de menú 'Análisis bayesiano' en posicion 9
2024-06-03 15:30:34 DEBUG CambioUIMenu:113 - Insertando item de menú 'Teorema de Bayes' en posicion 0
2024-06-03 15:30:34 DEBUG CambioUIMenu:113 - Insertando item de menú 'Odds ratio' en posicion 1
2024-06-03 15:30:34 DEBUG CambioUIMenu:104 - Insertando item de menú 'Proporción' en posicion 2
2024-06-03 15:30:34 DEBUG CambioUIMenu:104 - Insertando item de menú 'Una población' en posicion 0
2024-06-03 15:30:34 DEBUG CambioUIMenu:113 - Insertando item de menú 'Estimación de una proporción' en posicion 0
2024-06-03 15:30:34 DEBUG CambioUIMenu:113 - Insertando item de menú 'Valoración de hipótesis' en posicion 1
2024-06-03 15:30:34 DEBUG CambioUIMenu:104 - Insertando item de menú 'Dos poblaciones' en posicion 1
2024-06-03 15:30:34 DEBUG CambioUIMenu:113 - Insertando item de menú 'Estimación de efectos' en posicion 0
2024-06-03 15:30:34 DEBUG CambioUIMenu:113 - Insertando item de menú 'Valoración de hipótesis' en posicion 1
2024-06-03 15:30:34 DEBUG CambioUIMenu:104 - Insertando item de menú 'Media' en posicion 3
2024-06-03 15:30:34 DEBUG CambioUIMenu:104 - Insertando item de menú 'Una población' en posicion 0
2024-06-03 15:30:34 DEBUG CambioUIMenu:113 - Insertando item de menú 'Estimación de una media' en posicion 0
2024-06-03 15:30:34 DEBUG CambioUIMenu:113 - Insertando item de menú 'Valoración de hipótesis' en posicion 1
2024-06-03 15:30:34 DEBUG CambioUIMenu:104 - Insertando item de menú 'Dos poblaciones' en posicion 1
2024-06-03 15:30:34 DEBUG CambioUIMenu:113 - Insertando item de menú 'Estimación de una diferencia' en posicion 0
2024-06-03 15:30:34 DEBUG CambioUIMenu:113 - Insertando item de menú 'Valoración de hipótesis' en posicion 1
2024-06-03 15:30:34 DEBUG CambioUIMenu:113 - Insertando item de menú 'Valoración de pruebas convencionales' en posicion 4
2024-06-03 15:30:34 DEBUG PluginEstandar:42 - Aplicando cambios de plugin 'privaciones'...
2024-06-03 15:30:34 DEBUG CambioUIMenu:104 - Insertando item de menú 'Índices de desarrollo o privación' en posicion 10
2024-06-03 15:30:34 DEBUG CambioUIMenu:113 - Insertando item de menú 'Índice de desarrollo humano (IDH)' en posicion 0
2024-06-03 15:30:34 DEBUG CambioUIMenu:113 - Insertando item de menú 'Índice de desarrollo humano corregido para desigualdad de género (IDHG)' en posicion 1
2024-06-03 15:30:34 DEBUG CambioUIMenu:113 - Insertando item de menú 'Índice de Pobreza 1 (IP1)' en posicion 2
2024-06-03 15:30:34 DEBUG CambioUIMenu:113 - Insertando item de menú 'Índice de Pobreza 2 (IP2)' en posicion 3
2024-06-03 15:30:34 DEBUG CambioUIMenu:113 - Insertando item de menú 'Índice de pobreza multidimensional (IPM)' en posicion 4
2024-06-03 15:30:34 DEBUG CambioUIMenu:113 - Insertando item de menú 'Índice de desarrollo de la niñez (IDN)' en posicion 5
2024-06-03 15:30:34 DEBUG CambioUIMenu:113 - Insertando item de menú 'Índice de oportunidades en la niñez (ION)' en posicion 6
2024-06-03 15:30:34 DEBUG PluginEstandar:42 - Aplicando cambios de plugin 'Medición de Desigualdades'...
2024-06-03 15:30:34 DEBUG CambioUIMenu:104 - Insertando item de menú 'Medición de desigualdades en salud' en posicion 11
2024-06-03 15:30:34 DEBUG CambioUIMenu:104 - Insertando item de menú 'Índices para categorías ordenadas' en posicion 0
2024-06-03 15:30:34 DEBUG CambioUIMenu:113 - Insertando item de menú 'Índices basados en comparaciones dos a dos' en posicion 0
2024-06-03 15:30:34 DEBUG CambioUIMenu:113 - Insertando item de menú 'Índices basados en el modelo de regresión' en posicion 1
2024-06-03 15:30:34 DEBUG CambioUIMenu:104 - Insertando item de menú 'Índice de Gini e índice de concentración' en posicion 2
2024-06-03 15:30:34 DEBUG CambioUIMenu:113 - Insertando item de menú 'Índice de Gini y curva de Lorenz' en posicion 0
2024-06-03 15:30:34 DEBUG CambioUIMenu:113 - Insertando item de menú 'Índice y curva de concentración' en posicion 1
2024-06-03 15:30:34 DEBUG CambioUIMenu:104 - Insertando item de menú 'Índices para categorías no ordenadas' en posicion 1
2024-06-03 15:30:34 DEBUG CambioUIMenu:113 - Insertando item de menú 'Índices basados en comparaciones dos a dos' en posicion 0
2024-06-03 15:30:34 DEBUG CambioUIMenu:113 - Insertando item de menú 'Índices de dispersión' en posicion 1
2024-06-03 15:30:34 DEBUG CambioUIMenu:113 - Insertando item de menú 'Índices basados en la comparación de distribuciones de probabilidad' en posicion 2
2024-06-03 15:30:34 DEBUG CambioUIMenu:113 - Insertando item de menú 'Índice de efecto' en posicion 2
2024-06-03 15:34:46 ERROR LibroDatos:125 - Ha ocurrido un error al cerrar el excel
java.io.FileNotFoundException: C:\Users\danfe\Dropbox\Proyectos Daniel\INVESTIGACIÓN\Publicaciones - Proyectos\Proyectos\Proyectos Neumocenter\Otros\ANEXO 6A - CORTE 01 - 03 - 2024 - REPORTE.xlsx (El proceso no tiene acceso al archivo porque está siendo utilizado por otro proceso)
	at java.io.FileOutputStream.open0(Native Method)
	at java.io.FileOutputStream.open(Unknown Source)
	at java.io.FileOutputStream.<init>(Unknown Source)
	at java.io.FileOutputStream.<init>(Unknown Source)
	at org.apache.poi.openxml4j.opc.internal.FileHelper.copyFile(FileHelper.java:68)
	at org.apache.poi.openxml4j.opc.ZipPackage.closeImpl(ZipPackage.java:300)
	at org.apache.poi.openxml4j.opc.OPCPackage.close(OPCPackage.java:366)
	at utils.almacenamiento.LibroDatos.close(LibroDatos.java:123)
	at asistente.vistas.ControladorAsistente$CargarDatosFuenteExternaTarea.doInBackground(ControladorAsistente.java:876)
	at asistente.vistas.ControladorAsistente$CargarDatosFuenteExternaTarea.doInBackground(ControladorAsistente.java:817)
	at javax.swing.SwingWorker$1.call(Unknown Source)
	at java.util.concurrent.FutureTask.run(Unknown Source)
	at javax.swing.SwingWorker.run(Unknown Source)
	at java.util.concurrent.ThreadPoolExecutor.runWorker(Unknown Source)
	at java.util.concurrent.ThreadPoolExecutor$Worker.run(Unknown Source)
	at java.lang.Thread.run(Unknown Source)
2024-06-03 15:35:01 INFO  ValidarPanelEntradaDatos:28 - Validando entrada de datos automática para campo 'Conglomerados'
2024-06-03 15:38:30 ERROR LibroDatos:125 - Ha ocurrido un error al cerrar el excel
java.io.FileNotFoundException: C:\Users\danfe\Dropbox\Proyectos Daniel\INVESTIGACIÓN\Publicaciones - Proyectos\Proyectos\Proyectos Neumocenter\Otros\ANEXO 6A - CORTE 01 - 03 - 2024 - REPORTE.xlsx (El proceso no tiene acceso al archivo porque está siendo utilizado por otro proceso)
	at java.io.FileOutputStream.open0(Native Method)
	at java.io.FileOutputStream.open(Unknown Source)
	at java.io.FileOutputStream.<init>(Unknown Source)
	at java.io.FileOutputStream.<init>(Unknown Source)
	at org.apache.poi.openxml4j.opc.internal.FileHelper.copyFile(FileHelper.java:68)
	at org.apache.poi.openxml4j.opc.ZipPackage.closeImpl(ZipPackage.java:300)
	at org.apache.poi.openxml4j.opc.OPCPackage.close(OPCPackage.java:366)
	at utils.almacenamiento.LibroDatos.close(LibroDatos.java:123)
	at asistente.vistas.ControladorAsistente$CargarDatosFuenteExternaTarea.doInBackground(ControladorAsistente.java:876)
	at asistente.vistas.ControladorAsistente$CargarDatosFuenteExternaTarea.doInBackground(ControladorAsistente.java:817)
	at javax.swing.SwingWorker$1.call(Unknown Source)
	at java.util.concurrent.FutureTask.run(Unknown Source)
	at javax.swing.SwingWorker.run(Unknown Source)
	at java.util.concurrent.ThreadPoolExecutor.runWorker(Unknown Source)
	at java.util.concurrent.ThreadPoolExecutor$Worker.run(Unknown Source)
	at java.lang.Thread.run(Unknown Source)
2024-06-03 15:38:42 INFO  ValidarPanelEntradaDatos:28 - Validando entrada de datos automática para campo 'Conglomerados'
2024-06-03 15:38:42 INFO  ValidarPanelEntradaDatos:28 - Validando entrada de datos automática para campo 'Tamaño de los conglomerados'
2024-06-03 15:38:42 INFO  ValidarPanelEntradaDatos:31 - Validando 'Tamaño de los conglomerados' como numérica de multiplicidad 1
2024-06-03 15:38:42 INFO  ValidarPanelEntradaDatos:28 - Validando entrada de datos automática para campo 'Tamaño muestral (opcional)'
2024-06-03 15:38:42 INFO  ValidarPanelEntradaDatos:31 - Validando 'Tamaño muestral (opcional)' como numérica de multiplicidad 1
2024-06-03 15:49:13 WARN  StandardResourceBundle:33 - El bundle creado por 'EntornoEpidatBundle' no ha encontrado la clave 'calcular' o es vacía.
2024-06-03 15:49:13 WARN  StandardResourceBundle:33 - El bundle creado por 'EntornoEpidatBundle' no ha encontrado la clave 'ocultar' o es vacía.
2024-06-03 15:49:13 WARN  StandardResourceBundle:33 - El bundle creado por 'EntornoEpidatBundle' no ha encontrado la clave 'limpiar' o es vacía.
2024-06-03 15:49:13 WARN  StandardResourceBundle:33 - El bundle creado por 'EntornoEpidatBundle' no ha encontrado la clave 'generar.grafico' o es vacía.
2024-06-03 15:49:13 WARN  StandardResourceBundle:33 - El bundle creado por 'EntornoEpidatBundle' no ha encontrado la clave 'calcular' o es vacía.
2024-06-03 15:49:13 WARN  StandardResourceBundle:33 - El bundle creado por 'EntornoEpidatBundle' no ha encontrado la clave 'ocultar' o es vacía.
2024-06-03 15:49:13 WARN  StandardResourceBundle:33 - El bundle creado por 'EntornoEpidatBundle' no ha encontrado la clave 'limpiar' o es vacía.
2024-06-03 15:49:13 WARN  StandardResourceBundle:33 - El bundle creado por 'EntornoEpidatBundle' no ha encontrado la clave 'generar.grafico' o es vacía.
2024-06-03 15:49:13 WARN  StandardResourceBundle:33 - El bundle creado por 'EntornoEpidatBundle' no ha encontrado la clave 'calcular' o es vacía.
2024-06-03 15:49:13 WARN  StandardResourceBundle:33 - El bundle creado por 'EntornoEpidatBundle' no ha encontrado la clave 'ocultar' o es vacía.
2024-06-03 15:49:13 WARN  StandardResourceBundle:33 - El bundle creado por 'EntornoEpidatBundle' no ha encontrado la clave 'limpiar' o es vacía.
2024-06-03 15:49:13 WARN  StandardResourceBundle:33 - El bundle creado por 'EntornoEpidatBundle' no ha encontrado la clave 'generar.grafico' o es vacía.
2024-06-03 15:49:13 WARN  StandardResourceBundle:33 - El bundle creado por 'EntornoEpidatBundle' no ha encontrado la clave 'calcular' o es vacía.
2024-06-03 15:49:13 WARN  StandardResourceBundle:33 - El bundle creado por 'EntornoEpidatBundle' no ha encontrado la clave 'ocultar' o es vacía.
2024-06-03 15:49:13 WARN  StandardResourceBundle:33 - El bundle creado por 'EntornoEpidatBundle' no ha encontrado la clave 'limpiar' o es vacía.
2024-06-03 15:49:13 WARN  StandardResourceBundle:33 - El bundle creado por 'EntornoEpidatBundle' no ha encontrado la clave 'generar.grafico' o es vacía.
2024-06-03 15:49:13 WARN  StandardResourceBundle:33 - El bundle creado por 'EntornoEpidatBundle' no ha encontrado la clave 'calcular' o es vacía.
2024-06-03 15:49:13 WARN  StandardResourceBundle:33 - El bundle creado por 'EntornoEpidatBundle' no ha encontrado la clave 'ocultar' o es vacía.
2024-06-03 15:49:13 WARN  StandardResourceBundle:33 - El bundle creado por 'EntornoEpidatBundle' no ha encontrado la clave 'limpiar' o es vacía.
2024-06-03 15:49:13 WARN  StandardResourceBundle:33 - El bundle creado por 'EntornoEpidatBundle' no ha encontrado la clave 'generar.grafico' o es vacía.
2024-06-03 15:57:15 WARN  StandardResourceBundle:33 - El bundle creado por 'EntornoEpidatBundle' no ha encontrado la clave 'calcular' o es vacía.
2024-06-03 15:57:15 WARN  StandardResourceBundle:33 - El bundle creado por 'EntornoEpidatBundle' no ha encontrado la clave 'ocultar' o es vacía.
2024-06-03 15:57:15 WARN  StandardResourceBundle:33 - El bundle creado por 'EntornoEpidatBundle' no ha encontrado la clave 'limpiar' o es vacía.
2024-06-03 15:57:15 WARN  StandardResourceBundle:33 - El bundle creado por 'EntornoEpidatBundle' no ha encontrado la clave 'generar.grafico' o es vacía.
2024-06-03 15:57:15 WARN  StandardResourceBundle:33 - El bundle creado por 'EntornoEpidatBundle' no ha encontrado la clave 'calcular' o es vacía.
2024-06-03 15:57:15 WARN  StandardResourceBundle:33 - El bundle creado por 'EntornoEpidatBundle' no ha encontrado la clave 'ocultar' o es vacía.
2024-06-03 15:57:15 WARN  StandardResourceBundle:33 - El bundle creado por 'EntornoEpidatBundle' no ha encontrado la clave 'limpiar' o es vacía.
2024-06-03 15:57:15 WARN  StandardResourceBundle:33 - El bundle creado por 'EntornoEpidatBundle' no ha encontrado la clave 'generar.grafico' o es vacía.
2024-06-03 15:57:15 WARN  StandardResourceBundle:33 - El bundle creado por 'EntornoEpidatBundle' no ha encontrado la clave 'calcular' o es vacía.
2024-06-03 15:57:15 WARN  StandardResourceBundle:33 - El bundle creado por 'EntornoEpidatBundle' no ha encontrado la clave 'ocultar' o es vacía.
2024-06-03 15:57:15 WARN  StandardResourceBundle:33 - El bundle creado por 'EntornoEpidatBundle' no ha encontrado la clave 'limpiar' o es vacía.
2024-06-03 15:57:15 WARN  StandardResourceBundle:33 - El bundle creado por 'EntornoEpidatBundle' no ha encontrado la clave 'generar.grafico' o es vacía.
2024-06-03 15:57:15 WARN  StandardResourceBundle:33 - El bundle creado por 'EntornoEpidatBundle' no ha encontrado la clave 'calcular' o es vacía.
2024-06-03 15:57:15 WARN  StandardResourceBundle:33 - El bundle creado por 'EntornoEpidatBundle' no ha encontrado la clave 'ocultar' o es vacía.
2024-06-03 15:57:15 WARN  StandardResourceBundle:33 - El bundle creado por 'EntornoEpidatBundle' no ha encontrado la clave 'limpiar' o es vacía.
2024-06-03 15:57:15 WARN  StandardResourceBundle:33 - El bundle creado por 'EntornoEpidatBundle' no ha encontrado la clave 'generar.grafico' o es vacía.
2024-06-03 15:57:15 WARN  StandardResourceBundle:33 - El bundle creado por 'EntornoEpidatBundle' no ha encontrado la clave 'calcular' o es vacía.
2024-06-03 15:57:15 WARN  StandardResourceBundle:33 - El bundle creado por 'EntornoEpidatBundle' no ha encontrado la clave 'ocultar' o es vacía.
2024-06-03 15:57:15 WARN  StandardResourceBundle:33 - El bundle creado por 'EntornoEpidatBundle' no ha encontrado la clave 'limpiar' o es vacía.
2024-06-03 15:57:15 WARN  StandardResourceBundle:33 - El bundle creado por 'EntornoEpidatBundle' no ha encontrado la clave 'generar.grafico' o es vacía.
2024-06-03 15:57:53 WARN  StandardResourceBundle:33 - El bundle creado por 'EntornoEpidatBundle' no ha encontrado la clave 'calcular' o es vacía.
2024-06-03 15:57:53 WARN  StandardResourceBundle:33 - El bundle creado por 'EntornoEpidatBundle' no ha encontrado la clave 'ocultar' o es vacía.
2024-06-03 15:57:53 WARN  StandardResourceBundle:33 - El bundle creado por 'EntornoEpidatBundle' no ha encontrado la clave 'limpiar' o es vacía.
2024-06-03 15:57:53 WARN  StandardResourceBundle:33 - El bundle creado por 'EntornoEpidatBundle' no ha encontrado la clave 'generar.grafico' o es vacía.
2024-06-03 15:57:53 WARN  StandardResourceBundle:33 - El bundle creado por 'EntornoEpidatBundle' no ha encontrado la clave 'calcular' o es vacía.
2024-06-03 15:57:53 WARN  StandardResourceBundle:33 - El bundle creado por 'EntornoEpidatBundle' no ha encontrado la clave 'ocultar' o es vacía.
2024-06-03 15:57:53 WARN  StandardResourceBundle:33 - El bundle creado por 'EntornoEpidatBundle' no ha encontrado la clave 'limpiar' o es vacía.
2024-06-03 15:57:53 WARN  StandardResourceBundle:33 - El bundle creado por 'EntornoEpidatBundle' no ha encontrado la clave 'generar.grafico' o es vacía.
2024-06-03 15:57:53 WARN  StandardResourceBundle:33 - El bundle creado por 'EntornoEpidatBundle' no ha encontrado la clave 'calcular' o es vacía.
2024-06-03 15:57:53 WARN  StandardResourceBundle:33 - El bundle creado por 'EntornoEpidatBundle' no ha encontrado la clave 'ocultar' o es vacía.
2024-06-03 15:57:53 WARN  StandardResourceBundle:33 - El bundle creado por 'EntornoEpidatBundle' no ha encontrado la clave 'limpiar' o es vacía.
2024-06-03 15:57:53 WARN  StandardResourceBundle:33 - El bundle creado por 'EntornoEpidatBundle' no ha encontrado la clave 'generar.grafico' o es vacía.
2024-06-03 15:57:53 WARN  StandardResourceBundle:33 - El bundle creado por 'EntornoEpidatBundle' no ha encontrado la clave 'calcular' o es vacía.
2024-06-03 15:57:53 WARN  StandardResourceBundle:33 - El bundle creado por 'EntornoEpidatBundle' no ha encontrado la clave 'ocultar' o es vacía.
2024-06-03 15:57:53 WARN  StandardResourceBundle:33 - El bundle creado por 'EntornoEpidatBundle' no ha encontrado la clave 'limpiar' o es vacía.
2024-06-03 15:57:53 WARN  StandardResourceBundle:33 - El bundle creado por 'EntornoEpidatBundle' no ha encontrado la clave 'generar.grafico' o es vacía.
2024-06-03 15:57:53 WARN  StandardResourceBundle:33 - El bundle creado por 'EntornoEpidatBundle' no ha encontrado la clave 'calcular' o es vacía.
2024-06-03 15:57:53 WARN  StandardResourceBundle:33 - El bundle creado por 'EntornoEpidatBundle' no ha encontrado la clave 'ocultar' o es vacía.
2024-06-03 15:57:53 WARN  StandardResourceBundle:33 - El bundle creado por 'EntornoEpidatBundle' no ha encontrado la clave 'limpiar' o es vacía.
2024-06-03 15:57:53 WARN  StandardResourceBundle:33 - El bundle creado por 'EntornoEpidatBundle' no ha encontrado la clave 'generar.grafico' o es vacía.
2024-06-03 16:02:25 WARN  StandardResourceBundle:33 - El bundle creado por 'EntornoEpidatBundle' no ha encontrado la clave 'calcular' o es vacía.
2024-06-03 16:02:25 WARN  StandardResourceBundle:33 - El bundle creado por 'EntornoEpidatBundle' no ha encontrado la clave 'ocultar' o es vacía.
2024-06-03 16:02:25 WARN  StandardResourceBundle:33 - El bundle creado por 'EntornoEpidatBundle' no ha encontrado la clave 'limpiar' o es vacía.
2024-06-03 16:02:25 WARN  StandardResourceBundle:33 - El bundle creado por 'EntornoEpidatBundle' no ha encontrado la clave 'generar.grafico' o es vacía.
2024-06-03 16:02:25 WARN  StandardResourceBundle:33 - El bundle creado por 'EntornoEpidatBundle' no ha encontrado la clave 'calcular' o es vacía.
2024-06-03 16:02:25 WARN  StandardResourceBundle:33 - El bundle creado por 'EntornoEpidatBundle' no ha encontrado la clave 'ocultar' o es vacía.
2024-06-03 16:02:25 WARN  StandardResourceBundle:33 - El bundle creado por 'EntornoEpidatBundle' no ha encontrado la clave 'limpiar' o es vacía.
2024-06-03 16:02:25 WARN  StandardResourceBundle:33 - El bundle creado por 'EntornoEpidatBundle' no ha encontrado la clave 'generar.grafico' o es vacía.
2024-06-03 16:02:25 WARN  StandardResourceBundle:33 - El bundle creado por 'EntornoEpidatBundle' no ha encontrado la clave 'calcular' o es vacía.
2024-06-03 16:02:25 WARN  StandardResourceBundle:33 - El bundle creado por 'EntornoEpidatBundle' no ha encontrado la clave 'ocultar' o es vacía.
2024-06-03 16:02:25 WARN  StandardResourceBundle:33 - El bundle creado por 'EntornoEpidatBundle' no ha encontrado la clave 'limpiar' o es vacía.
2024-06-03 16:02:25 WARN  StandardResourceBundle:33 - El bundle creado por 'EntornoEpidatBundle' no ha encontrado la clave 'generar.grafico' o es vacía.
2024-06-03 16:02:25 WARN  StandardResourceBundle:33 - El bundle creado por 'EntornoEpidatBundle' no ha encontrado la clave 'calcular' o es vacía.
2024-06-03 16:02:25 WARN  StandardResourceBundle:33 - El bundle creado por 'EntornoEpidatBundle' no ha encontrado la clave 'ocultar' o es vacía.
2024-06-03 16:02:25 WARN  StandardResourceBundle:33 - El bundle creado por 'EntornoEpidatBundle' no ha encontrado la clave 'limpiar' o es vacía.
2024-06-03 16:02:25 WARN  StandardResourceBundle:33 - El bundle creado por 'EntornoEpidatBundle' no ha encontrado la clave 'generar.grafico' o es vacía.
2024-06-03 16:03:51 WARN  StandardResourceBundle:33 - El bundle creado por 'EntornoEpidatBundle' no ha encontrado la clave 'calcular' o es vacía.
2024-06-03 16:03:51 WARN  StandardResourceBundle:33 - El bundle creado por 'EntornoEpidatBundle' no ha encontrado la clave 'ocultar' o es vacía.
2024-06-03 16:03:51 WARN  StandardResourceBundle:33 - El bundle creado por 'EntornoEpidatBundle' no ha encontrado la clave 'limpiar' o es vacía.
2024-06-03 16:03:51 WARN  StandardResourceBundle:33 - El bundle creado por 'EntornoEpidatBundle' no ha encontrado la clave 'generar.grafico' o es vacía.
2024-06-03 16:03:51 WARN  StandardResourceBundle:33 - El bundle creado por 'EntornoEpidatBundle' no ha encontrado la clave 'calcular' o es vacía.
2024-06-03 16:03:51 WARN  StandardResourceBundle:33 - El bundle creado por 'EntornoEpidatBundle' no ha encontrado la clave 'ocultar' o es vacía.
2024-06-03 16:03:51 WARN  StandardResourceBundle:33 - El bundle creado por 'EntornoEpidatBundle' no ha encontrado la clave 'limpiar' o es vacía.
2024-06-03 16:03:51 WARN  StandardResourceBundle:33 - El bundle creado por 'EntornoEpidatBundle' no ha encontrado la clave 'generar.grafico' o es vacía.
2024-06-03 16:03:51 WARN  StandardResourceBundle:33 - El bundle creado por 'EntornoEpidatBundle' no ha encontrado la clave 'calcular' o es vacía.
2024-06-03 16:03:51 WARN  StandardResourceBundle:33 - El bundle creado por 'EntornoEpidatBundle' no ha encontrado la clave 'ocultar' o es vacía.
2024-06-03 16:03:51 WARN  StandardResourceBundle:33 - El bundle creado por 'EntornoEpidatBundle' no ha encontrado la clave 'limpiar' o es vacía.
2024-06-03 16:03:51 WARN  StandardResourceBundle:33 - El bundle creado por 'EntornoEpidatBundle' no ha encontrado la clave 'generar.grafico' o es vacía.
2024-06-03 16:03:51 WARN  StandardResourceBundle:33 - El bundle creado por 'EntornoEpidatBundle' no ha encontrado la clave 'calcular' o es vacía.
2024-06-03 16:03:51 WARN  StandardResourceBundle:33 - El bundle creado por 'EntornoEpidatBundle' no ha encontrado la clave 'ocultar' o es vacía.
2024-06-03 16:03:51 WARN  StandardResourceBundle:33 - El bundle creado por 'EntornoEpidatBundle' no ha encontrado la clave 'limpiar' o es vacía.
2024-06-03 16:03:51 WARN  StandardResourceBundle:33 - El bundle creado por 'EntornoEpidatBundle' no ha encontrado la clave 'generar.grafico' o es vacía.
2024-06-03 16:04:15 WARN  StandardResourceBundle:33 - El bundle creado por 'EntornoEpidatBundle' no ha encontrado la clave 'calcular' o es vacía.
2024-06-03 16:04:15 WARN  StandardResourceBundle:33 - El bundle creado por 'EntornoEpidatBundle' no ha encontrado la clave 'ocultar' o es vacía.
2024-06-03 16:04:15 WARN  StandardResourceBundle:33 - El bundle creado por 'EntornoEpidatBundle' no ha encontrado la clave 'limpiar' o es vacía.
2024-06-03 16:04:15 WARN  StandardResourceBundle:33 - El bundle creado por 'EntornoEpidatBundle' no ha encontrado la clave 'generar.grafico' o es vacía.
2024-06-03 16:04:15 WARN  StandardResourceBundle:33 - El bundle creado por 'EntornoEpidatBundle' no ha encontrado la clave 'calcular' o es vacía.
2024-06-03 16:04:15 WARN  StandardResourceBundle:33 - El bundle creado por 'EntornoEpidatBundle' no ha encontrado la clave 'ocultar' o es vacía.
2024-06-03 16:04:15 WARN  StandardResourceBundle:33 - El bundle creado por 'EntornoEpidatBundle' no ha encontrado la clave 'limpiar' o es vacía.
2024-06-03 16:04:15 WARN  StandardResourceBundle:33 - El bundle creado por 'EntornoEpidatBundle' no ha encontrado la clave 'generar.grafico' o es vacía.
2024-06-03 16:04:15 WARN  StandardResourceBundle:33 - El bundle creado por 'EntornoEpidatBundle' no ha encontrado la clave 'calcular' o es vacía.
2024-06-03 16:04:15 WARN  StandardResourceBundle:33 - El bundle creado por 'EntornoEpidatBundle' no ha encontrado la clave 'ocultar' o es vacía.
2024-06-03 16:04:15 WARN  StandardResourceBundle:33 - El bundle creado por 'EntornoEpidatBundle' no ha encontrado la clave 'limpiar' o es vacía.
2024-06-03 16:04:15 WARN  StandardResourceBundle:33 - El bundle creado por 'EntornoEpidatBundle' no ha encontrado la clave 'generar.grafico' o es vacía.
2024-06-03 16:04:15 WARN  StandardResourceBundle:33 - El bundle creado por 'EntornoEpidatBundle' no ha encontrado la clave 'calcular' o es vacía.
2024-06-03 16:04:15 WARN  StandardResourceBundle:33 - El bundle creado por 'EntornoEpidatBundle' no ha encontrado la clave 'ocultar' o es vacía.
2024-06-03 16:04:15 WARN  StandardResourceBundle:33 - El bundle creado por 'EntornoEpidatBundle' no ha encontrado la clave 'limpiar' o es vacía.
2024-06-03 16:04:15 WARN  StandardResourceBundle:33 - El bundle creado por 'EntornoEpidatBundle' no ha encontrado la clave 'generar.grafico' o es vacía.
2024-06-03 16:05:17 WARN  StandardResourceBundle:33 - El bundle creado por 'EntornoEpidatBundle' no ha encontrado la clave 'calcular' o es vacía.
2024-06-03 16:05:17 WARN  StandardResourceBundle:33 - El bundle creado por 'EntornoEpidatBundle' no ha encontrado la clave 'ocultar' o es vacía.
2024-06-03 16:05:17 WARN  StandardResourceBundle:33 - El bundle creado por 'EntornoEpidatBundle' no ha encontrado la clave 'limpiar' o es vacía.
2024-06-03 16:05:17 WARN  StandardResourceBundle:33 - El bundle creado por 'EntornoEpidatBundle' no ha encontrado la clave 'generar.grafico' o es vacía.
2024-06-03 16:05:17 WARN  StandardResourceBundle:33 - El bundle creado por 'EntornoEpidatBundle' no ha encontrado la clave 'calcular' o es vacía.
2024-06-03 16:05:17 WARN  StandardResourceBundle:33 - El bundle creado por 'EntornoEpidatBundle' no ha encontrado la clave 'ocultar' o es vacía.
2024-06-03 16:05:17 WARN  StandardResourceBundle:33 - El bundle creado por 'EntornoEpidatBundle' no ha encontrado la clave 'limpiar' o es vacía.
2024-06-03 16:05:17 WARN  StandardResourceBundle:33 - El bundle creado por 'EntornoEpidatBundle' no ha encontrado la clave 'generar.grafico' o es vacía.
2024-06-03 16:05:17 WARN  StandardResourceBundle:33 - El bundle creado por 'EntornoEpidatBundle' no ha encontrado la clave 'calcular' o es vacía.
2024-06-03 16:05:17 WARN  StandardResourceBundle:33 - El bundle creado por 'EntornoEpidatBundle' no ha encontrado la clave 'ocultar' o es vacía.
2024-06-03 16:05:17 WARN  StandardResourceBundle:33 - El bundle creado por 'EntornoEpidatBundle' no ha encontrado la clave 'limpiar' o es vacía.
2024-06-03 16:05:17 WARN  StandardResourceBundle:33 - El bundle creado por 'EntornoEpidatBundle' no ha encontrado la clave 'generar.grafico' o es vacía.
2024-06-03 16:05:17 WARN  StandardResourceBundle:33 - El bundle creado por 'EntornoEpidatBundle' no ha encontrado la clave 'calcular' o es vacía.
2024-06-03 16:05:17 WARN  StandardResourceBundle:33 - El bundle creado por 'EntornoEpidatBundle' no ha encontrado la clave 'ocultar' o es vacía.
2024-06-03 16:05:17 WARN  StandardResourceBundle:33 - El bundle creado por 'EntornoEpidatBundle' no ha encontrado la clave 'limpiar' o es vacía.
2024-06-03 16:05:17 WARN  StandardResourceBundle:33 - El bundle creado por 'EntornoEpidatBundle' no ha encontrado la clave 'generar.grafico' o es vacía.
2024-06-03 16:06:02 ERROR LibroDatos:125 - Ha ocurrido un error al cerrar el excel
java.io.FileNotFoundException: C:\Users\danfe\Dropbox\Proyectos Daniel\INVESTIGACIÓN\Publicaciones - Proyectos\Proyectos\Proyectos Neumocenter\Otros\ANEXO 6A - CORTE 01 - 03 - 2024 - REPORTE.xlsx (El proceso no tiene acceso al archivo porque está siendo utilizado por otro proceso)
	at java.io.FileOutputStream.open0(Native Method)
	at java.io.FileOutputStream.open(Unknown Source)
	at java.io.FileOutputStream.<init>(Unknown Source)
	at java.io.FileOutputStream.<init>(Unknown Source)
	at org.apache.poi.openxml4j.opc.internal.FileHelper.copyFile(FileHelper.java:68)
	at org.apache.poi.openxml4j.opc.ZipPackage.closeImpl(ZipPackage.java:300)
	at org.apache.poi.openxml4j.opc.OPCPackage.close(OPCPackage.java:366)
	at utils.almacenamiento.LibroDatos.close(LibroDatos.java:123)
	at asistente.vistas.ControladorAsistente$CargarDatosFuenteExternaTarea.doInBackground(ControladorAsistente.java:876)
	at asistente.vistas.ControladorAsistente$CargarDatosFuenteExternaTarea.doInBackground(ControladorAsistente.java:817)
	at javax.swing.SwingWorker$1.call(Unknown Source)
	at java.util.concurrent.FutureTask.run(Unknown Source)
	at javax.swing.SwingWorker.run(Unknown Source)
	at java.util.concurrent.ThreadPoolExecutor.runWorker(Unknown Source)
	at java.util.concurrent.ThreadPoolExecutor$Worker.run(Unknown Source)
	at java.lang.Thread.run(Unknown Source)
2024-06-03 16:06:11 INFO  ValidarPanelEntradaDatos:28 - Validando entrada de datos automática para campo 'Conglomerados'
2024-06-03 16:06:11 INFO  ValidarPanelEntradaDatos:28 - Validando entrada de datos automática para campo 'Tamaño de los conglomerados'
2024-06-03 16:06:11 INFO  ValidarPanelEntradaDatos:31 - Validando 'Tamaño de los conglomerados' como numérica de multiplicidad 1
2024-06-03 16:06:11 INFO  ValidarPanelEntradaDatos:28 - Validando entrada de datos automática para campo 'Tamaño muestral (opcional)'
2024-06-03 16:06:11 INFO  ValidarPanelEntradaDatos:31 - Validando 'Tamaño muestral (opcional)' como numérica de multiplicidad 1
2024-06-03 16:06:46 WARN  StandardResourceBundle:33 - El bundle creado por 'EntornoEpidatBundle' no ha encontrado la clave 'calcular' o es vacía.
2024-06-03 16:06:46 WARN  StandardResourceBundle:33 - El bundle creado por 'EntornoEpidatBundle' no ha encontrado la clave 'ocultar' o es vacía.
2024-06-03 16:06:46 WARN  StandardResourceBundle:33 - El bundle creado por 'EntornoEpidatBundle' no ha encontrado la clave 'limpiar' o es vacía.
2024-06-03 16:06:46 WARN  StandardResourceBundle:33 - El bundle creado por 'EntornoEpidatBundle' no ha encontrado la clave 'generar.grafico' o es vacía.
2024-06-03 16:06:46 WARN  StandardResourceBundle:33 - El bundle creado por 'EntornoEpidatBundle' no ha encontrado la clave 'calcular' o es vacía.
2024-06-03 16:06:46 WARN  StandardResourceBundle:33 - El bundle creado por 'EntornoEpidatBundle' no ha encontrado la clave 'ocultar' o es vacía.
2024-06-03 16:06:46 WARN  StandardResourceBundle:33 - El bundle creado por 'EntornoEpidatBundle' no ha encontrado la clave 'limpiar' o es vacía.
2024-06-03 16:06:46 WARN  StandardResourceBundle:33 - El bundle creado por 'EntornoEpidatBundle' no ha encontrado la clave 'generar.grafico' o es vacía.
2024-06-03 16:06:46 WARN  StandardResourceBundle:33 - El bundle creado por 'EntornoEpidatBundle' no ha encontrado la clave 'calcular' o es vacía.
2024-06-03 16:06:46 WARN  StandardResourceBundle:33 - El bundle creado por 'EntornoEpidatBundle' no ha encontrado la clave 'ocultar' o es vacía.
2024-06-03 16:06:46 WARN  StandardResourceBundle:33 - El bundle creado por 'EntornoEpidatBundle' no ha encontrado la clave 'limpiar' o es vacía.
2024-06-03 16:06:46 WARN  StandardResourceBundle:33 - El bundle creado por 'EntornoEpidatBundle' no ha encontrado la clave 'generar.grafico' o es vacía.
2024-06-03 16:06:46 WARN  StandardResourceBundle:33 - El bundle creado por 'EntornoEpidatBundle' no ha encontrado la clave 'calcular' o es vacía.
2024-06-03 16:06:46 WARN  StandardResourceBundle:33 - El bundle creado por 'EntornoEpidatBundle' no ha encontrado la clave 'ocultar' o es vacía.
2024-06-03 16:06:46 WARN  StandardResourceBundle:33 - El bundle creado por 'EntornoEpidatBundle' no ha encontrado la clave 'limpiar' o es vacía.
2024-06-03 16:06:46 WARN  StandardResourceBundle:33 - El bundle creado por 'EntornoEpidatBundle' no ha encontrado la clave 'generar.grafico' o es vacía.
2024-06-03 16:06:46 WARN  StandardResourceBundle:33 - El bundle creado por 'EntornoEpidatBundle' no ha encontrado la clave 'calcular' o es vacía.
2024-06-03 16:06:46 WARN  StandardResourceBundle:33 - El bundle creado por 'EntornoEpidatBundle' no ha encontrado la clave 'ocultar' o es vacía.
2024-06-03 16:06:46 WARN  StandardResourceBundle:33 - El bundle creado por 'EntornoEpidatBundle' no ha encontrado la clave 'limpiar' o es vacía.
2024-06-03 16:06:46 WARN  StandardResourceBundle:33 - El bundle creado por 'EntornoEpidatBundle' no ha encontrado la clave 'generar.grafico' o es vacía.
2024-06-17 17:35:18 INFO  Aplicacion:99 - Arrancando EPIDAT...
2024-06-17 17:35:18 INFO  Aplicacion:222 - 





2024-06-17 17:35:18 INFO  Aplicacion:223 - --------------------------------------------------------
2024-06-17 17:35:18 INFO  Aplicacion:224 - EPIDAT v4.2
2024-06-17 17:35:18 INFO  Aplicacion:225 - 		Fecha de arranque: 17-jun-2024 17:35:18
2024-06-17 17:35:18 INFO  Aplicacion:226 - 		Idioma: ES
2024-06-17 17:35:18 INFO  Aplicacion:227 - --------------------------------------------------------
2024-06-17 17:35:18 INFO  Aplicacion:228 - 

2024-06-17 17:35:18 DEBUG LeerPlugins:43 - Directorio Base:.\bin
2024-06-17 17:35:19 DEBUG LeerPlugins:71 - AjusteDeTasas.xml: Plugin 'ajusteDeTasas - 1.0 (indice 8)'
2024-06-17 17:35:19 DEBUG LeerPlugins:75 - 	Creada opción de menú 'Módulos/Ajuste de tasas/Método directo' con accion 'ajusteTasas.interfaz.AccionAjusteTasasDirecto'
2024-06-17 17:35:19 DEBUG LeerPlugins:75 - 	Creada opción de menú 'Módulos/Ajuste de tasas/Método indirecto' con accion 'ajusteTasas.interfaz.AccionAjusteTasasIndirecto'
2024-06-17 17:35:19 DEBUG LeerPlugins:71 - AnalisisBayesiano.xml: Plugin 'analisisBayesiano - 1.0 (indice 14)'
2024-06-17 17:35:19 DEBUG LeerPlugins:75 - 	Creada opción de menú 'Módulos/Análisis bayesiano/Teorema de Bayes' con accion 'analisisBayesiano.interfaz.ABTeoremaPlugin'
2024-06-17 17:35:19 DEBUG LeerPlugins:75 - 	Creada opción de menú 'Módulos/Análisis bayesiano/Odds ratio' con accion 'analisisBayesiano.interfaz.ABOddsRatioPlugin'
2024-06-17 17:35:19 DEBUG LeerPlugins:75 - 	Creada opción de menú 'Módulos/Análisis bayesiano/Proporción/Una población/Estimación de una proporción' con accion 'analisisBayesiano.interfaz.ABProporcionUnaEstimacionPlugin'
2024-06-17 17:35:19 DEBUG LeerPlugins:75 - 	Creada opción de menú 'Módulos/Análisis bayesiano/Proporción/Una población/Valoración de hipótesis' con accion 'analisisBayesiano.interfaz.ABProporcionUnaValoracionPlugin'
2024-06-17 17:35:19 DEBUG LeerPlugins:75 - 	Creada opción de menú 'Módulos/Análisis bayesiano/Proporción/Dos poblaciones/Estimación de efectos' con accion 'analisisBayesiano.interfaz.ABProporcionDosEstimacionPlugin'
2024-06-17 17:35:19 DEBUG LeerPlugins:75 - 	Creada opción de menú 'Módulos/Análisis bayesiano/Proporción/Dos poblaciones/Valoración de hipótesis' con accion 'analisisBayesiano.interfaz.ABProporcionDosValoracionPlugin'
2024-06-17 17:35:19 DEBUG LeerPlugins:75 - 	Creada opción de menú 'Módulos/Análisis bayesiano/Media/Una población/Estimación de una media' con accion 'analisisBayesiano.interfaz.ABMediaUnaEstimacionPlugin'
2024-06-17 17:35:19 DEBUG LeerPlugins:75 - 	Creada opción de menú 'Módulos/Análisis bayesiano/Media/Una población/Valoración de hipótesis' con accion 'analisisBayesiano.interfaz.ABMediaUnaValoracionPlugin'
2024-06-17 17:35:19 DEBUG LeerPlugins:75 - 	Creada opción de menú 'Módulos/Análisis bayesiano/Media/Dos poblaciones/Estimación de una diferencia' con accion 'analisisBayesiano.interfaz.ABMediaDosEstimacionPlugin'
2024-06-17 17:35:19 DEBUG LeerPlugins:75 - 	Creada opción de menú 'Módulos/Análisis bayesiano/Media/Dos poblaciones/Valoración de hipótesis' con accion 'analisisBayesiano.interfaz.ABMediaDosValoracionPlugin'
2024-06-17 17:35:19 DEBUG LeerPlugins:75 - 	Creada opción de menú 'Módulos/Análisis bayesiano/Valoración de pruebas convencionales' con accion 'analisisBayesiano.interfaz.ABValoracionPlugin'
2024-06-17 17:35:19 DEBUG LeerPlugins:71 - AnalisisDescriptivo.xml: Plugin 'Plugin - 1.0 (indice 0)'
2024-06-17 17:35:19 DEBUG LeerPlugins:75 - 	Creada opción de menú 'Módulos/Análisis descriptivo/Tablas de frecuencias' con accion 'analisisDescriptivo.interfaz.TablasFrecuenciaAccionPlugin'
2024-06-17 17:35:19 DEBUG LeerPlugins:75 - 	Creada opción de menú 'Módulos/Análisis descriptivo/Tablas de contingencia' con accion 'analisisDescriptivo.interfaz.TablasContingenciaAccionPlugin'
2024-06-17 17:35:19 DEBUG LeerPlugins:75 - 	Creada opción de menú 'Módulos/Análisis descriptivo/Estadísticos descriptivos' con accion 'analisisDescriptivo.interfaz.EstadisticosDescriptivosAccionPlugin'
2024-06-17 17:35:19 DEBUG LeerPlugins:75 - 	Creada opción de menú 'Módulos/Análisis descriptivo/Correlación' con accion 'analisisDescriptivo.interfaz.CorrelacionAccionPlugin'
2024-06-17 17:35:19 DEBUG LeerPlugins:75 - 	Creada opción de menú 'Módulos/Análisis descriptivo/Gráficos/Barras' con accion 'analisisDescriptivo.interfaz.GraficosBarrasAccionPlugin'
2024-06-17 17:35:19 DEBUG LeerPlugins:75 - 	Creada opción de menú 'Módulos/Análisis descriptivo/Gráficos/Sectores' con accion 'analisisDescriptivo.interfaz.GraficosSectoresAccionPlugin'
2024-06-17 17:35:19 DEBUG LeerPlugins:75 - 	Creada opción de menú 'Módulos/Análisis descriptivo/Gráficos/Líneas' con accion 'analisisDescriptivo.interfaz.GraficosLineasAccionPlugin'
2024-06-17 17:35:19 DEBUG LeerPlugins:75 - 	Creada opción de menú 'Módulos/Análisis descriptivo/Gráficos/Dispersión' con accion 'analisisDescriptivo.interfaz.GraficosDispersionAccionPlugin'
2024-06-17 17:35:19 DEBUG LeerPlugins:75 - 	Creada opción de menú 'Módulos/Análisis descriptivo/Gráficos/Histograma' con accion 'analisisDescriptivo.interfaz.GraficosHistogramaAccionPlugin'
2024-06-17 17:35:19 DEBUG LeerPlugins:75 - 	Creada opción de menú 'Módulos/Análisis descriptivo/Gráficos/Diagrama de cajas' con accion 'analisisDescriptivo.interfaz.GraficosDiagramaCajasAccionPlugin'
2024-06-17 17:35:19 DEBUG LeerPlugins:75 - 	Creada opción de menú 'Módulos/Análisis descriptivo/Gráficos/Intervalos de confianza' con accion 'analisisDescriptivo.interfaz.GraficosIntervalosConfianzaAccionPlugin'
2024-06-17 17:35:19 DEBUG LeerPlugins:71 - ConcordanciaYConsistencia.xml: Plugin 'ConcordanciaYConsistencia - 1.0 (indice 6)'
2024-06-17 17:35:19 DEBUG LeerPlugins:75 - 	Creada opción de menú 'Módulos/Concordancia y consistencia/Concordancia/2 Observadores' con accion 'concordanciaYConsistencia.interfaz.Concordancia2ObsAccionPlugin'
2024-06-17 17:35:19 DEBUG LeerPlugins:75 - 	Creada opción de menú 'Módulos/Concordancia y consistencia/Concordancia/3 o más observadores/2 categorías' con accion 'concordanciaYConsistencia.interfaz.Concordancia3_2CatAccionPlugin'
2024-06-17 17:35:19 DEBUG LeerPlugins:75 - 	Creada opción de menú 'Módulos/Concordancia y consistencia/Concordancia/3 o más observadores/3 ó más categorías' con accion 'concordanciaYConsistencia.interfaz.Concordancia3_3CatAccionPlugin'
2024-06-17 17:35:19 DEBUG LeerPlugins:75 - 	Creada opción de menú 'Módulos/Concordancia y consistencia/Concordancia/Comparación de kappas' con accion 'concordanciaYConsistencia.interfaz.ComparacionKappasAccionPlugin'
2024-06-17 17:35:19 DEBUG LeerPlugins:75 - 	Creada opción de menú 'Módulos/Concordancia y consistencia/Concordancia/Coeficiente de correlación intraclase' con accion 'concordanciaYConsistencia.interfaz.CorrelacionIntraclaseAccionPlugin'
2024-06-17 17:35:19 DEBUG LeerPlugins:75 - 	Creada opción de menú 'Módulos/Concordancia y consistencia/Concordancia/Método de Bland y Altman' con accion 'concordanciaYConsistencia.interfaz.BlandYAltmanAccionPlugin'
2024-06-17 17:35:19 DEBUG LeerPlugins:75 - 	Creada opción de menú 'Módulos/Concordancia y consistencia/Consistencia/Alpha de Cronbach' con accion 'concordanciaYConsistencia.interfaz.AlphaCronbachAccionPlugin'
2024-06-17 17:35:20 DEBUG LeerPlugins:71 - Demografia.xml: Plugin 'Demografía - 2.0 (indice 9)'
2024-06-17 17:35:20 DEBUG LeerPlugins:75 - 	Creada opción de menú 'Módulos/Demografía/Pirámides e indicadores/Pirámides de población' con accion 'demografia.interfaz.PiramidesAccionPlugin'
2024-06-17 17:35:20 DEBUG LeerPlugins:75 - 	Creada opción de menú 'Módulos/Demografía/Pirámides e indicadores/Indicadores de estructura' con accion 'demografia.interfaz.IndicadoresEstructuraAccionPlugin'
2024-06-17 17:35:20 DEBUG LeerPlugins:75 - 	Creada opción de menú 'Módulos/Demografía/Pirámides e indicadores/Indicadores de fecundidad' con accion 'demografia.interfaz.IndicadoresFecundidadAccionPlugin'
2024-06-17 17:35:20 DEBUG LeerPlugins:75 - 	Creada opción de menú 'Módulos/Demografía/Tablas de mortalidad' con accion 'demografia.interfaz.TablasMortalidadAccionPlugin'
2024-06-17 17:35:20 DEBUG LeerPlugins:75 - 	Creada opción de menú 'Módulos/Demografía/Expectativas de salud' con accion 'demografia.interfaz.ExpectativasSaludAccionPlugin'
2024-06-17 17:35:20 DEBUG LeerPlugins:75 - 	Creada opción de menú 'Módulos/Demografía/Años potenciales de vida perdidos/APVP y tasa bruta/Una causa y varias poblaciones' con accion 'demografia.interfaz.APVPYTasaBrutaUnaCausaAccionPlugin'
2024-06-17 17:35:20 DEBUG LeerPlugins:75 - 	Creada opción de menú 'Módulos/Demografía/Años potenciales de vida perdidos/APVP y tasa bruta/Varias causas y una población' con accion 'demografia.interfaz.APVPYTasaBrutaVariasCausasAccionPlugin'
2024-06-17 17:35:20 DEBUG LeerPlugins:75 - 	Creada opción de menú 'Módulos/Demografía/Años potenciales de vida perdidos/Tasa de APVP ajustada' con accion 'demografia.interfaz.TasaAPVPAjustadaAccionPlugin'
2024-06-17 17:35:20 DEBUG LeerPlugins:75 - 	Creada opción de menú 'Módulos/Demografía/Descomposición del cambio en la EV' con accion 'demografia.interfaz.DescomposicionCambioEVAccionPlugin'
2024-06-17 17:35:20 DEBUG LeerPlugins:75 - 	Creada opción de menú 'Módulos/Demografía/Años de esperanza de vida perdidos/Un período' con accion 'demografia.interfaz.AnosVidaPerdidosUnPeriodoAccionPlugin'
2024-06-17 17:35:20 DEBUG LeerPlugins:75 - 	Creada opción de menú 'Módulos/Demografía/Años de esperanza de vida perdidos/Comparación de dos períodos' con accion 'demografia.interfaz.AnosVidaPerdidosComparacionPeriodosAccionPlugin'
2024-06-17 17:35:20 DEBUG LeerPlugins:71 - DialogoAcercade.xml: Plugin 'Dialogo Acerca de ... - 1.0 (indice 5)'
2024-06-17 17:35:20 DEBUG LeerPlugins:75 - 	Creada opción de menú 'Ayuda/Acerca de' con accion 'dialogoacercade.interfaz.DialogoAcercaDeAccionPlugin'
2024-06-17 17:35:20 DEBUG LeerPlugins:71 - EstimacionMortalidad.xml: Plugin 'modulo - 1.0 (indice 10)'
2024-06-17 17:35:20 DEBUG LeerPlugins:75 - 	Creada opción de menú 'Módulos/Estimacion de la mortalidad atribuida/Al consumo de tabaco/Método dependiente de prevalencia/Riesgos del estudio CPSII' con accion 'estimacionMortalidad.interfaz.RiesgosCPSIIDependienteAccionPlugin'
2024-06-17 17:35:20 DEBUG LeerPlugins:75 - 	Creada opción de menú 'Módulos/Estimacion de la mortalidad atribuida/Al consumo de tabaco/Método dependiente de prevalencia/Riesgos de un estudio de cohortes' con accion 'estimacionMortalidad.interfaz.RiesgosCohortesDependienteAccionPlugin'
2024-06-17 17:35:20 DEBUG LeerPlugins:75 - 	Creada opción de menú 'Módulos/Estimacion de la mortalidad atribuida/Al consumo de tabaco/Método dependiente de prevalencia/Riesgos de un estudio de casos y controles' con accion 'estimacionMortalidad.interfaz.RiesgosCasosyControlesAccionPlugin'
2024-06-17 17:35:20 DEBUG LeerPlugins:75 - 	Creada opción de menú 'Módulos/Estimacion de la mortalidad atribuida/Al consumo de tabaco/Método independiente de prevalencia/Riesgos del estudio CPSII' con accion 'estimacionMortalidad.interfaz.RiesgosCPSIIIndependienteAccionPlugin'
2024-06-17 17:35:20 DEBUG LeerPlugins:75 - 	Creada opción de menú 'Módulos/Estimacion de la mortalidad atribuida/Al consumo de tabaco/Método independiente de prevalencia/Riesgos de un estudio de cohortes' con accion 'estimacionMortalidad.interfaz.RiesgosCohortesIndependienteAccionPlugin'
2024-06-17 17:35:20 DEBUG LeerPlugins:75 - 	Creada opción de menú 'Módulos/Estimacion de la mortalidad atribuida/A otro factor de riesgo/Riesgos de un estudio de cohortes' con accion 'estimacionMortalidad.interfaz.RiesgosCohortesDependiente2AccionPlugin'
2024-06-17 17:35:20 DEBUG LeerPlugins:75 - 	Creada opción de menú 'Módulos/Estimacion de la mortalidad atribuida/A otro factor de riesgo/Riesgos de un estudio de casos y controles' con accion 'estimacionMortalidad.interfaz.RiesgosCasosyControles2AccionPlugin'
2024-06-17 17:35:20 DEBUG LeerPlugins:71 - Herramientas.xml: Plugin 'Herramientas - 1.0 (indice 5)'
2024-06-17 17:35:20 DEBUG LeerPlugins:75 - 	Creada opción de menú 'Herramientas/Opciones' con accion 'herramientas.interfaz.OpcionesGraficasAccionPlugin'
2024-06-17 17:35:20 DEBUG LeerPlugins:71 - InferenciaSobreParametros.xml: Plugin 'inferenciasobreparametros - 1.0 (indice 5)'
2024-06-17 17:35:20 DEBUG LeerPlugins:75 - 	Creada opción de menú 'Módulos/Inferencia sobre parámetros/Una población/Media' con accion 'inferenciasobreparametros.interfaz.IPUnaPoblacionMediaAccionPlugin'
2024-06-17 17:35:20 DEBUG LeerPlugins:75 - 	Creada opción de menú 'Módulos/Inferencia sobre parámetros/Una población/Proporción' con accion 'inferenciasobreparametros.interfaz.IPUnaPoblacionProporcionAccionPlugin'
2024-06-17 17:35:20 DEBUG LeerPlugins:75 - 	Creada opción de menú 'Módulos/Inferencia sobre parámetros/Una población/Percentiles' con accion 'inferenciasobreparametros.interfaz.IPUnaPoblacionPercentilesAccionPlugin'
2024-06-17 17:35:20 DEBUG LeerPlugins:75 - 	Creada opción de menú 'Módulos/Inferencia sobre parámetros/Una población/Correlación' con accion 'inferenciasobreparametros.interfaz.IPUnaPoblacionCorrelacionAccionPlugin'
2024-06-17 17:35:20 DEBUG LeerPlugins:75 - 	Creada opción de menú 'Módulos/Inferencia sobre parámetros/Una población/Tasa de incidencia' con accion 'inferenciasobreparametros.interfaz.IPUnaPoblacionTasaIncidenciaAccionPlugin'
2024-06-17 17:35:20 DEBUG LeerPlugins:75 - 	Creada opción de menú 'Módulos/Inferencia sobre parámetros/Una población/Índice de posición' con accion 'inferenciasobreparametros.interfaz.IPUnaPoblacionIndicePosicionAccionPlugin'
2024-06-17 17:35:20 DEBUG LeerPlugins:75 - 	Creada opción de menú 'Módulos/Inferencia sobre parámetros/Dos poblaciones/Medias independientes' con accion 'inferenciasobreparametros.interfaz.IPDosPoblacionesMediasIndependientesAccionPlugin'
2024-06-17 17:35:20 DEBUG LeerPlugins:75 - 	Creada opción de menú 'Módulos/Inferencia sobre parámetros/Dos poblaciones/Medias emparejadas' con accion 'inferenciasobreparametros.interfaz.IPDosPoblacionesMediasEmparejadasAccionPlugin'
2024-06-17 17:35:20 DEBUG LeerPlugins:75 - 	Creada opción de menú 'Módulos/Inferencia sobre parámetros/Dos poblaciones/Proporciones independientes' con accion 'inferenciasobreparametros.interfaz.IPDosPoblacionesProporcionesIndependientesAccionPlugin'
2024-06-17 17:35:20 DEBUG LeerPlugins:75 - 	Creada opción de menú 'Módulos/Inferencia sobre parámetros/Dos poblaciones/Proporciones emparejadas' con accion 'inferenciasobreparametros.interfaz.IPDosPoblacionesProporcionesEmparejadasAccionPlugin'
2024-06-17 17:35:20 DEBUG LeerPlugins:75 - 	Creada opción de menú 'Módulos/Inferencia sobre parámetros/Dos poblaciones/Tasas de incidencia' con accion 'inferenciasobreparametros.interfaz.IPDosPoblacionesTasasIncidenciasAccionPlugin'
2024-06-17 17:35:20 DEBUG LeerPlugins:75 - 	Creada opción de menú 'Módulos/Inferencia sobre parámetros/Comparación no paramétrica/Medias independientes' con accion 'inferenciasobreparametros.interfaz.IPNoParametricaMediasIndependientesAccionPlugin'
2024-06-17 17:35:20 DEBUG LeerPlugins:75 - 	Creada opción de menú 'Módulos/Inferencia sobre parámetros/Comparación no paramétrica/Medias emparejadas' con accion 'inferenciasobreparametros.interfaz.IPNoParametricaMediasEmparejadasAccionPlugin'
2024-06-17 17:35:20 DEBUG LeerPlugins:75 - 	Creada opción de menú 'Módulos/Inferencia sobre parámetros/Contraste de normalidad' con accion 'inferenciasobreparametros.interfaz.IPContrasteNormalidadAccionPlugin'
2024-06-17 17:35:20 DEBUG LeerPlugins:71 - Internacionalizacion.xml: Plugin 'Herramientas - 1.0 (indice 5)'
2024-06-17 17:35:20 DEBUG LeerPlugins:75 - 	Creada opción de menú 'Herramientas/Idioma' con accion 'com.epidat.internacionalizacion.interfaz.CambiarIdiomaMenuItem'
2024-06-17 17:35:20 DEBUG LeerPlugins:71 - MedicionEnDesigualdadesEnSalud.xml: Plugin 'Medición de Desigualdades - 2.0 (indice 18)'
2024-06-17 17:35:20 DEBUG LeerPlugins:75 - 	Creada opción de menú 'Módulos/Medición de desigualdades en salud/Índices para categorías ordenadas/Índices basados en comparaciones dos a dos' con accion 'medicionDesigualdadesSalud.interfaz.Comparacion2a2VarOrdenadasAccionPlugin'
2024-06-17 17:35:20 DEBUG LeerPlugins:75 - 	Creada opción de menú 'Módulos/Medición de desigualdades en salud/Índices para categorías ordenadas/Índices basados en el modelo de regresión' con accion 'medicionDesigualdadesSalud.interfaz.IndicesDesigualdadAccionPlugin'
2024-06-17 17:35:20 DEBUG LeerPlugins:75 - 	Creada opción de menú 'Módulos/Medición de desigualdades en salud/Índices para categorías ordenadas/Índice de Gini e índice de concentración/Índice de Gini y curva de Lorenz' con accion 'medicionDesigualdadesSalud.interfaz.IndiceGiniCurvaLorenzAccionPlugin'
2024-06-17 17:35:20 DEBUG LeerPlugins:75 - 	Creada opción de menú 'Módulos/Medición de desigualdades en salud/Índices para categorías ordenadas/Índice de Gini e índice de concentración/Índice y curva de concentración' con accion 'medicionDesigualdadesSalud.interfaz.IndiceCurvaConcentracionAccionPlugin'
2024-06-17 17:35:20 DEBUG LeerPlugins:75 - 	Creada opción de menú 'Módulos/Medición de desigualdades en salud/Índices para categorías no ordenadas/Índices basados en comparaciones dos a dos' con accion 'medicionDesigualdadesSalud.interfaz.Comparacion2a2VarDesordenadasAccionPlugin'
2024-06-17 17:35:20 DEBUG LeerPlugins:75 - 	Creada opción de menú 'Módulos/Medición de desigualdades en salud/Índices para categorías no ordenadas/Índices de dispersión' con accion 'medicionDesigualdadesSalud.interfaz.IndicesDeDispersionAccionPlugin'
2024-06-17 17:35:20 DEBUG LeerPlugins:75 - 	Creada opción de menú 'Módulos/Medición de desigualdades en salud/Índices para categorías no ordenadas/Índices basados en la comparación de distribuciones de probabilidad' con accion 'medicionDesigualdadesSalud.interfaz.IndicesBasadosComparacionDistProbabilidadAccionPlugin'
2024-06-17 17:35:20 DEBUG LeerPlugins:75 - 	Creada opción de menú 'Módulos/Medición de desigualdades en salud/Índice de efecto' con accion 'medicionDesigualdadesSalud.interfaz.IndiceEfectoAccionPlugin'
2024-06-17 17:35:20 DEBUG LeerPlugins:71 - ModulosFaltantes.xml: Plugin 'modulosFaltantes - 1.0 (indice 1)'
2024-06-17 17:35:20 DEBUG LeerPlugins:75 - 	Creada opción de menú 'Ayuda/Módulos aún no implementados' con accion 'modulosFaltantes.interfaz.AyudaPlugin'
2024-06-17 17:35:20 DEBUG LeerPlugins:71 - MuestreoSeleccionYEstimacion.xml: Plugin 'Muestreo 2 - 1.0 (indice 3)'
2024-06-17 17:35:20 DEBUG LeerPlugins:75 - 	Creada opción de menú 'Módulos/Muestreo/Selección de muestras/Muestreo simple aleatorio' con accion 'seleccionMuestras.interfaz.MuestreoSimpleAleatorioAccionPlugin'
2024-06-17 17:35:20 DEBUG LeerPlugins:75 - 	Creada opción de menú 'Módulos/Muestreo/Selección de muestras/Muestreo sistemático' con accion 'seleccionMuestras.interfaz.MuestreoSistematicoAccionPlugin'
2024-06-17 17:35:20 DEBUG LeerPlugins:75 - 	Creada opción de menú 'Módulos/Muestreo/Selección de muestras/Muestreo aleatorio estratificado' con accion 'seleccionMuestras.interfaz.MuestreoAleatorioEstratificadoAccionPlugin'
2024-06-17 17:35:20 DEBUG LeerPlugins:75 - 	Creada opción de menú 'Módulos/Muestreo/Selección de muestras/Muestreo por conglomerados monoetápico' con accion 'seleccionMuestras.interfaz.MuestreoConglomeradosMonoAccionPlugin'
2024-06-17 17:35:20 DEBUG LeerPlugins:75 - 	Creada opción de menú 'Módulos/Muestreo/Selección de muestras/Muestreo por conglomerados bietápico' con accion 'seleccionMuestras.interfaz.MuestreoConglomeradosBiAccionPlugin'
2024-06-17 17:35:20 DEBUG LeerPlugins:75 - 	Creada opción de menú 'Módulos/Muestreo/Selección de muestras/Muestreo por conglomerados monoetápico estratificado' con accion 'seleccionMuestras.interfaz.MuestreoConglMonoEstratAccionPlugin'
2024-06-17 17:35:20 DEBUG LeerPlugins:75 - 	Creada opción de menú 'Módulos/Muestreo/Selección de muestras/Muestreo por conglomerados bietápico estratificado' con accion 'seleccionMuestras.interfaz.MuestreoConglBiEstratAccionPlugin'
2024-06-17 17:35:20 DEBUG LeerPlugins:75 - 	Creada opción de menú 'Módulos/Muestreo/Asignación de sujetos a tratamientos' con accion 'seleccionMuestras.interfaz.AsignacionSujetosTratamientosAccionPlugin'
2024-06-17 17:35:20 DEBUG LeerPlugins:75 - 	Creada opción de menú 'Módulos/Muestreo/Estimación con muestras complejas' con accion 'emuco.interfaz.EmucoAccionPlugin'
2024-06-17 17:35:20 DEBUG LeerPlugins:71 - MuestreoTamanosDeMuestra.xml: Plugin 'Muestreo 1 - 1.0 (indice 2)'
2024-06-17 17:35:20 DEBUG LeerPlugins:75 - 	Creada opción de menú 'Módulos/Muestreo/Cálculo de tamaños de muestra/Intervalos de confianza/Media' con accion 'tamsMuestra.intervalosConfianza.interfaz.MediaAccionPlugin'
2024-06-17 17:35:20 DEBUG LeerPlugins:75 - 	Creada opción de menú 'Módulos/Muestreo/Cálculo de tamaños de muestra/Intervalos de confianza/Proporción' con accion 'tamsMuestra.intervalosConfianza.interfaz.ProporcionAccionPlugin'
2024-06-17 17:35:20 DEBUG LeerPlugins:75 - 	Creada opción de menú 'Módulos/Muestreo/Cálculo de tamaños de muestra/Intervalos de confianza/Odds ratio' con accion 'tamsMuestra.intervalosConfianza.interfaz.OddsRatioAccionPlugin'
2024-06-17 17:35:20 DEBUG LeerPlugins:75 - 	Creada opción de menú 'Módulos/Muestreo/Cálculo de tamaños de muestra/Intervalos de confianza/Riesgo relativo' con accion 'tamsMuestra.intervalosConfianza.interfaz.RiesgoRelativoAccionPlugin'
2024-06-17 17:35:20 DEBUG LeerPlugins:75 - 	Creada opción de menú 'Módulos/Muestreo/Cálculo de tamaños de muestra/Intervalos de confianza/Concordancia' con accion 'tamsMuestra.intervalosConfianza.interfaz.ConcordanciaAccionPlugin'
2024-06-17 17:35:20 DEBUG LeerPlugins:75 - 	Creada opción de menú 'Módulos/Muestreo/Cálculo de tamaños de muestra/Intervalos de confianza/Pruebas diagnósticas' con accion 'tamsMuestra.intervalosConfianza.interfaz.SensibilidadYEspecificidadAccionPlugin'
2024-06-17 17:35:20 DEBUG LeerPlugins:75 - 	Creada opción de menú 'Módulos/Muestreo/Cálculo de tamaños de muestra/Contraste de hipótesis/Comparación de medias/Grupos independientes' con accion 'tamsMuestra.contrastesHipotesis.interfaz.ComparacionMediasIndependientesAccionPlugin'
2024-06-17 17:35:20 DEBUG LeerPlugins:75 - 	Creada opción de menú 'Módulos/Muestreo/Cálculo de tamaños de muestra/Contraste de hipótesis/Comparación de medias/Grupos emparejados' con accion 'tamsMuestra.contrastesHipotesis.interfaz.ComparacionMediasEmparejadasAccionPlugin'
2024-06-17 17:35:20 DEBUG LeerPlugins:75 - 	Creada opción de menú 'Módulos/Muestreo/Cálculo de tamaños de muestra/Contraste de hipótesis/Comparación de proporciones/Grupos independientes' con accion 'tamsMuestra.contrastesHipotesis.interfaz.ComparacionProporcionesIndependientesAccionPlugin'
2024-06-17 17:35:20 DEBUG LeerPlugins:75 - 	Creada opción de menú 'Módulos/Muestreo/Cálculo de tamaños de muestra/Contraste de hipótesis/Comparación de proporciones/Grupos emparejados' con accion 'tamsMuestra.contrastesHipotesis.interfaz.ComparacionProporcionesEmparejadasAccionPlugin'
2024-06-17 17:35:20 DEBUG LeerPlugins:75 - 	Creada opción de menú 'Módulos/Muestreo/Cálculo de tamaños de muestra/Contraste de hipótesis/Estudios de casos y controles/Grupos independientes' con accion 'tamsMuestra.contrastesHipotesis.interfaz.EstudiosCasosIndependientesAccionPlugin'
2024-06-17 17:35:20 DEBUG LeerPlugins:75 - 	Creada opción de menú 'Módulos/Muestreo/Cálculo de tamaños de muestra/Contraste de hipótesis/Estudios de cohorte' con accion 'tamsMuestra.contrastesHipotesis.interfaz.EstudiosCohorteAccionPlugin'
2024-06-17 17:35:20 DEBUG LeerPlugins:75 - 	Creada opción de menú 'Módulos/Muestreo/Cálculo de tamaños de muestra/Contraste de hipótesis/Estudios de casos y controles/Grupos emparejados' con accion 'tamsMuestra.contrastesHipotesis.interfaz.EstudiosCasosEmparejadosAccionPlugin'
2024-06-17 17:35:20 DEBUG LeerPlugins:75 - 	Creada opción de menú 'Módulos/Muestreo/Cálculo de tamaños de muestra/Contraste de hipótesis/Estudios de equivalencia/Equivalencia de medias' con accion 'tamsMuestra.contrastesHipotesis.interfaz.EquivalenciaMediasAccionPlugin'
2024-06-17 17:35:20 DEBUG LeerPlugins:75 - 	Creada opción de menú 'Módulos/Muestreo/Cálculo de tamaños de muestra/Contraste de hipótesis/Estudios de equivalencia/Equivalencia de proporciones' con accion 'tamsMuestra.contrastesHipotesis.interfaz.EquivalenciaProporcionesAccionPlugin'
2024-06-17 17:35:20 DEBUG LeerPlugins:75 - 	Creada opción de menú 'Módulos/Muestreo/Cálculo de tamaños de muestra/Contraste de hipótesis/Pruebas diagnósticas/Grupos independientes' con accion 'tamsMuestra.contrastesHipotesis.interfaz.PruebasDxGIAccionPlugin'
2024-06-17 17:35:20 DEBUG LeerPlugins:75 - 	Creada opción de menú 'Módulos/Muestreo/Cálculo de tamaños de muestra/Contraste de hipótesis/Pruebas diagnósticas/Grupos emparejados' con accion 'tamsMuestra.contrastesHipotesis.interfaz.PruebasDxGEAccionPlugin'
2024-06-17 17:35:20 DEBUG LeerPlugins:75 - 	Creada opción de menú 'Módulos/Muestreo/Cálculo de tamaños de muestra/Contraste de hipótesis/Calidad de lotes' con accion 'tamsMuestra.contrastesHipotesis.interfaz.CalidadLotesAccionPlugin'
2024-06-17 17:35:20 DEBUG LeerPlugins:75 - 	Creada opción de menú 'Módulos/Muestreo/Cálculo de tamaños de muestra/Contraste de hipótesis/Supervivencia' con accion 'tamsMuestra.contrastesHipotesis.interfaz.SupervivenciaAccionPlugin'
2024-06-17 17:35:20 DEBUG LeerPlugins:75 - 	Creada opción de menú 'Módulos/Muestreo/Cálculo de tamaños de muestra/Contraste de hipótesis/Coeficiente de correlación' con accion 'tamsMuestra.contrastesHipotesis.interfaz.CorrelacionAccionPlugin'
2024-06-17 17:35:21 DEBUG LeerPlugins:71 - Privaciones.xml: Plugin 'privaciones - 1.0 (indice 16)'
2024-06-17 17:35:21 DEBUG LeerPlugins:75 - 	Creada opción de menú 'Módulos/Índices de desarrollo o privación/Índice de desarrollo humano (IDH)' con accion 'privaciones.interfaz.Privations_Pluggin_AE_IDH'
2024-06-17 17:35:21 DEBUG LeerPlugins:75 - 	Creada opción de menú 'Módulos/Índices de desarrollo o privación/Índice de desarrollo humano corregido para desigualdad de género (IDHG)' con accion 'privaciones.interfaz.Privations_Pluggin_AE_IDHG'
2024-06-17 17:35:21 DEBUG LeerPlugins:75 - 	Creada opción de menú 'Módulos/Índices de desarrollo o privación/Índice de Pobreza 1 (IP1)' con accion 'privaciones.interfaz.Privations_Pluggin_AE_IP1'
2024-06-17 17:35:21 DEBUG LeerPlugins:75 - 	Creada opción de menú 'Módulos/Índices de desarrollo o privación/Índice de Pobreza 2 (IP2)' con accion 'privaciones.interfaz.Privations_Pluggin_AE_IP2'
2024-06-17 17:35:21 DEBUG LeerPlugins:75 - 	Creada opción de menú 'Módulos/Índices de desarrollo o privación/Índice de pobreza multidimensional (IPM)' con accion 'privaciones.interfaz.Privations_Pluggin_AE_IPM'
2024-06-17 17:35:21 DEBUG LeerPlugins:75 - 	Creada opción de menú 'Módulos/Índices de desarrollo o privación/Índice de desarrollo de la niñez (IDN)' con accion 'privaciones.interfaz.Privations_Pluggin_AE_IDN'
2024-06-17 17:35:21 DEBUG LeerPlugins:75 - 	Creada opción de menú 'Módulos/Índices de desarrollo o privación/Índice de oportunidades en la niñez (ION)' con accion 'privaciones.interfaz.Privations_Pluggin_AE_ION'
2024-06-17 17:35:21 DEBUG LeerPlugins:71 - Probabilidades.xml: Plugin 'Distribuciones de probabilidad - 2.0 (indice 13)'
2024-06-17 17:35:21 DEBUG LeerPlugins:75 - 	Creada opción de menú 'Módulos/Distribuciones de probabilidad/Cálculo de probabilidades/Distribuciones discretas' con accion 'probabilidades.interfaz.ProbabilidadCalcDiscretasAccionPlugin'
2024-06-17 17:35:21 DEBUG LeerPlugins:75 - 	Creada opción de menú 'Módulos/Distribuciones de probabilidad/Cálculo de probabilidades/Distribuciones continuas' con accion 'probabilidades.interfaz.ProbabilidadCalcContinuasAccionPlugin'
2024-06-17 17:35:21 DEBUG LeerPlugins:75 - 	Creada opción de menú 'Módulos/Distribuciones de probabilidad/Generación de distribuciones/Distribuciones discretas' con accion 'probabilidades.interfaz.ProbabilidadGenDiscretasAccionPlugin'
2024-06-17 17:35:21 DEBUG LeerPlugins:75 - 	Creada opción de menú 'Módulos/Distribuciones de probabilidad/Generación de distribuciones/Distribuciones continuas' con accion 'probabilidades.interfaz.ProbabilidadGenContinuasAccionPlugin'
2024-06-17 17:35:21 DEBUG LeerPlugins:71 - RegresionLogistica.xml: Plugin 'regresion - 1.0 (indice 11)'
2024-06-17 17:35:21 DEBUG LeerPlugins:75 - 	Creada opción de menú 'Módulos/Regresión logística/Regresión logística' con accion 'regresion.interfaz.Regression_Pluggin_AE'
2024-06-17 17:35:22 WARN  StandardResourceBundle:33 - El bundle creado por 'EntornoEpidatBundle' no ha encontrado la clave 'EpidatForm.nomArchivoOculto.AccessibleContext.accessibleName' o es vacía.
2024-06-17 17:35:22 WARN  StandardResourceBundle:33 - El bundle creado por 'EntornoEpidatBundle' no ha encontrado la clave 'EpidatForm.nomArchivoOculto.AccessibleContext.accessibleDescription' o es vacía.
2024-06-17 17:35:22 WARN  StandardResourceBundle:33 - El bundle creado por 'EntornoEpidatBundle' no ha encontrado la clave 'EpidatForm.text' o es vacía.
2024-06-17 17:35:22 WARN  StandardResourceBundle:33 - El bundle creado por 'EntornoEpidatBundle' no ha encontrado la clave 'EpidatForm.text' o es vacía.
2024-06-17 17:35:22 WARN  StandardResourceBundle:33 - El bundle creado por 'EntornoEpidatBundle' no ha encontrado la clave 'EpidatForm.text' o es vacía.
2024-06-17 17:35:22 WARN  StandardResourceBundle:33 - El bundle creado por 'EntornoEpidatBundle' no ha encontrado la clave 'EpidatForm.botonColor.text' o es vacía.
2024-06-17 17:35:22 WARN  StandardResourceBundle:33 - El bundle creado por 'EntornoEpidatBundle' no ha encontrado la clave 'EpidatForm.botonAlineaI.text' o es vacía.
2024-06-17 17:35:22 WARN  StandardResourceBundle:33 - El bundle creado por 'EntornoEpidatBundle' no ha encontrado la clave 'EpidatForm.botonAlineaC.text' o es vacía.
2024-06-17 17:35:22 WARN  StandardResourceBundle:33 - El bundle creado por 'EntornoEpidatBundle' no ha encontrado la clave 'EpidatForm.botonAlineaD.text' o es vacía.
2024-06-17 17:35:22 WARN  StandardResourceBundle:33 - El bundle creado por 'EntornoEpidatBundle' no ha encontrado la clave 'EpidatForm.botonAlineaJ.text' o es vacía.
2024-06-17 17:35:23 WARN  StandardResourceBundle:33 - El bundle creado por 'EntornoEpidatBundle' no ha encontrado la clave 'EpidatForm.nomArchivoPresentado.text' o es vacía.
2024-06-17 17:35:23 WARN  StandardResourceBundle:33 - El bundle creado por 'EntornoEpidatBundle' no ha encontrado la clave 'EpidatForm.labelProgreso.text' o es vacía.
2024-06-17 17:35:23 DEBUG PluginEstandar:42 - Aplicando cambios de plugin 'Plugin'...
2024-06-17 17:35:23 DEBUG CambioUIMenu:104 - Insertando item de menú 'Análisis descriptivo' en posicion 0
2024-06-17 17:35:23 DEBUG CambioUIMenu:113 - Insertando item de menú 'Tablas de frecuencias' en posicion 0
2024-06-17 17:35:23 DEBUG CambioUIMenu:113 - Insertando item de menú 'Tablas de contingencia' en posicion 1
2024-06-17 17:35:23 DEBUG CambioUIMenu:113 - Insertando item de menú 'Estadísticos descriptivos' en posicion 2
2024-06-17 17:35:23 DEBUG CambioUIMenu:113 - Insertando item de menú 'Correlación' en posicion 3
2024-06-17 17:35:23 DEBUG CambioUIMenu:104 - Insertando item de menú 'Gráficos' en posicion 4
2024-06-17 17:35:23 DEBUG CambioUIMenu:113 - Insertando item de menú 'Barras' en posicion 0
2024-06-17 17:35:23 DEBUG CambioUIMenu:113 - Insertando item de menú 'Sectores' en posicion 1
2024-06-17 17:35:23 DEBUG CambioUIMenu:113 - Insertando item de menú 'Líneas' en posicion 2
2024-06-17 17:35:23 DEBUG CambioUIMenu:113 - Insertando item de menú 'Dispersión' en posicion 3
2024-06-17 17:35:23 DEBUG CambioUIMenu:113 - Insertando item de menú 'Histograma' en posicion 4
2024-06-17 17:35:23 DEBUG CambioUIMenu:113 - Insertando item de menú 'Diagrama de cajas' en posicion 5
2024-06-17 17:35:23 DEBUG CambioUIMenu:113 - Insertando item de menú 'Intervalos de confianza' en posicion 6
2024-06-17 17:35:23 DEBUG PluginEstandar:42 - Aplicando cambios de plugin 'modulosFaltantes'...
2024-06-17 17:35:23 DEBUG CambioUIMenu:113 - Insertando item de menú 'Módulos aún no implementados' en posicion 2
2024-06-17 17:35:23 DEBUG PluginEstandar:42 - Aplicando cambios de plugin 'Muestreo 1'...
2024-06-17 17:35:23 DEBUG CambioUIMenu:104 - Insertando item de menú 'Muestreo' en posicion 1
2024-06-17 17:35:23 DEBUG CambioUIMenu:104 - Insertando item de menú 'Cálculo de tamaños de muestra' en posicion 0
2024-06-17 17:35:23 DEBUG CambioUIMenu:104 - Insertando item de menú 'Intervalos de confianza' en posicion 0
2024-06-17 17:35:23 DEBUG CambioUIMenu:113 - Insertando item de menú 'Media' en posicion 0
2024-06-17 17:35:23 DEBUG CambioUIMenu:113 - Insertando item de menú 'Proporción' en posicion 1
2024-06-17 17:35:23 DEBUG CambioUIMenu:113 - Insertando item de menú 'Odds ratio' en posicion 2
2024-06-17 17:35:23 DEBUG CambioUIMenu:113 - Insertando item de menú 'Riesgo relativo' en posicion 3
2024-06-17 17:35:23 DEBUG CambioUIMenu:113 - Insertando item de menú 'Concordancia' en posicion 4
2024-06-17 17:35:23 DEBUG CambioUIMenu:113 - Insertando item de menú 'Pruebas diagnósticas' en posicion 5
2024-06-17 17:35:23 DEBUG CambioUIMenu:104 - Insertando item de menú 'Contraste de hipótesis' en posicion 1
2024-06-17 17:35:23 DEBUG CambioUIMenu:104 - Insertando item de menú 'Comparación de medias' en posicion 0
2024-06-17 17:35:23 DEBUG CambioUIMenu:113 - Insertando item de menú 'Grupos independientes' en posicion 0
2024-06-17 17:35:23 DEBUG CambioUIMenu:113 - Insertando item de menú 'Grupos emparejados' en posicion 1
2024-06-17 17:35:23 DEBUG CambioUIMenu:104 - Insertando item de menú 'Comparación de proporciones' en posicion 1
2024-06-17 17:35:23 DEBUG CambioUIMenu:113 - Insertando item de menú 'Grupos independientes' en posicion 0
2024-06-17 17:35:23 DEBUG CambioUIMenu:113 - Insertando item de menú 'Grupos emparejados' en posicion 1
2024-06-17 17:35:23 DEBUG CambioUIMenu:104 - Insertando item de menú 'Estudios de casos y controles' en posicion 2
2024-06-17 17:35:23 DEBUG CambioUIMenu:113 - Insertando item de menú 'Grupos independientes' en posicion 0
2024-06-17 17:35:23 DEBUG CambioUIMenu:113 - Insertando item de menú 'Estudios de cohorte' en posicion 3
2024-06-17 17:35:23 DEBUG CambioUIMenu:113 - Insertando item de menú 'Grupos emparejados' en posicion 1
2024-06-17 17:35:23 DEBUG CambioUIMenu:104 - Insertando item de menú 'Estudios de equivalencia' en posicion 4
2024-06-17 17:35:23 DEBUG CambioUIMenu:113 - Insertando item de menú 'Equivalencia de medias' en posicion 0
2024-06-17 17:35:23 DEBUG CambioUIMenu:113 - Insertando item de menú 'Equivalencia de proporciones' en posicion 1
2024-06-17 17:35:23 DEBUG CambioUIMenu:104 - Insertando item de menú 'Pruebas diagnósticas' en posicion 5
2024-06-17 17:35:23 DEBUG CambioUIMenu:113 - Insertando item de menú 'Grupos independientes' en posicion 0
2024-06-17 17:35:23 DEBUG CambioUIMenu:113 - Insertando item de menú 'Grupos emparejados' en posicion 1
2024-06-17 17:35:23 DEBUG CambioUIMenu:113 - Insertando item de menú 'Calidad de lotes' en posicion 6
2024-06-17 17:35:23 DEBUG CambioUIMenu:113 - Insertando item de menú 'Supervivencia' en posicion 7
2024-06-17 17:35:23 DEBUG CambioUIMenu:113 - Insertando item de menú 'Coeficiente de correlación' en posicion 8
2024-06-17 17:35:23 DEBUG PluginEstandar:42 - Aplicando cambios de plugin 'Muestreo 2'...
2024-06-17 17:35:23 DEBUG CambioUIMenu:104 - Insertando item de menú 'Selección de muestras' en posicion 1
2024-06-17 17:35:23 DEBUG CambioUIMenu:113 - Insertando item de menú 'Muestreo simple aleatorio' en posicion 0
2024-06-17 17:35:23 DEBUG CambioUIMenu:113 - Insertando item de menú 'Muestreo sistemático' en posicion 1
2024-06-17 17:35:23 DEBUG CambioUIMenu:113 - Insertando item de menú 'Muestreo aleatorio estratificado' en posicion 2
2024-06-17 17:35:23 DEBUG CambioUIMenu:113 - Insertando item de menú 'Muestreo por conglomerados monoetápico' en posicion 3
2024-06-17 17:35:23 DEBUG CambioUIMenu:113 - Insertando item de menú 'Muestreo por conglomerados bietápico' en posicion 4
2024-06-17 17:35:23 DEBUG CambioUIMenu:113 - Insertando item de menú 'Muestreo por conglomerados monoetápico estratificado' en posicion 5
2024-06-17 17:35:23 DEBUG CambioUIMenu:113 - Insertando item de menú 'Muestreo por conglomerados bietápico estratificado' en posicion 6
2024-06-17 17:35:23 DEBUG CambioUIMenu:113 - Insertando item de menú 'Asignación de sujetos a tratamientos' en posicion 2
2024-06-17 17:35:23 DEBUG CambioUIMenu:113 - Insertando item de menú 'Estimación con muestras complejas' en posicion 3
2024-06-17 17:35:23 DEBUG PluginEstandar:42 - Aplicando cambios de plugin 'Dialogo Acerca de ...'...
2024-06-17 17:35:23 DEBUG CambioUIMenu:113 - Insertando item de menú 'Acerca de' en posicion 3
2024-06-17 17:35:23 DEBUG PluginEstandar:42 - Aplicando cambios de plugin 'Herramientas'...
2024-06-17 17:35:23 DEBUG CambioUIMenu:113 - Insertando item de menú 'Opciones' en posicion 0
2024-06-17 17:35:23 DEBUG PluginEstandar:42 - Aplicando cambios de plugin 'inferenciasobreparametros'...
2024-06-17 17:35:23 DEBUG CambioUIMenu:104 - Insertando item de menú 'Inferencia sobre parámetros' en posicion 2
2024-06-17 17:35:23 DEBUG CambioUIMenu:104 - Insertando item de menú 'Una población' en posicion 0
2024-06-17 17:35:23 DEBUG CambioUIMenu:113 - Insertando item de menú 'Media' en posicion 0
2024-06-17 17:35:23 DEBUG CambioUIMenu:113 - Insertando item de menú 'Proporción' en posicion 1
2024-06-17 17:35:23 DEBUG CambioUIMenu:113 - Insertando item de menú 'Percentiles' en posicion 2
2024-06-17 17:35:23 DEBUG CambioUIMenu:113 - Insertando item de menú 'Correlación' en posicion 3
2024-06-17 17:35:23 DEBUG CambioUIMenu:113 - Insertando item de menú 'Tasa de incidencia' en posicion 4
2024-06-17 17:35:23 DEBUG CambioUIMenu:113 - Insertando item de menú 'Índice de posición' en posicion 5
2024-06-17 17:35:23 DEBUG CambioUIMenu:104 - Insertando item de menú 'Dos poblaciones' en posicion 1
2024-06-17 17:35:23 DEBUG CambioUIMenu:113 - Insertando item de menú 'Medias independientes' en posicion 0
2024-06-17 17:35:23 DEBUG CambioUIMenu:113 - Insertando item de menú 'Medias emparejadas' en posicion 1
2024-06-17 17:35:23 DEBUG CambioUIMenu:113 - Insertando item de menú 'Proporciones independientes' en posicion 2
2024-06-17 17:35:23 DEBUG CambioUIMenu:113 - Insertando item de menú 'Proporciones emparejadas' en posicion 3
2024-06-17 17:35:23 DEBUG CambioUIMenu:113 - Insertando item de menú 'Tasas de incidencia' en posicion 4
2024-06-17 17:35:23 DEBUG CambioUIMenu:104 - Insertando item de menú 'Comparación no paramétrica' en posicion 2
2024-06-17 17:35:23 DEBUG CambioUIMenu:113 - Insertando item de menú 'Medias independientes' en posicion 0
2024-06-17 17:35:23 DEBUG CambioUIMenu:113 - Insertando item de menú 'Medias emparejadas' en posicion 1
2024-06-17 17:35:23 DEBUG CambioUIMenu:113 - Insertando item de menú 'Contraste de normalidad' en posicion 3
2024-06-17 17:35:23 DEBUG PluginEstandar:42 - Aplicando cambios de plugin 'Herramientas'...
2024-06-17 17:35:23 DEBUG CambioUIMenu:113 - Insertando item de menú 'Idioma' en posicion 1
2024-06-17 17:35:23 DEBUG PluginEstandar:42 - Aplicando cambios de plugin 'ConcordanciaYConsistencia'...
2024-06-17 17:35:23 DEBUG CambioUIMenu:104 - Insertando item de menú 'Concordancia y consistencia' en posicion 3
2024-06-17 17:35:23 DEBUG CambioUIMenu:104 - Insertando item de menú 'Concordancia' en posicion 0
2024-06-17 17:35:23 DEBUG CambioUIMenu:113 - Insertando item de menú '2 Observadores' en posicion 0
2024-06-17 17:35:23 DEBUG CambioUIMenu:104 - Insertando item de menú '3 o más observadores' en posicion 1
2024-06-17 17:35:23 DEBUG CambioUIMenu:113 - Insertando item de menú '2 categorías' en posicion 0
2024-06-17 17:35:23 DEBUG CambioUIMenu:113 - Insertando item de menú '3 ó más categorías' en posicion 1
2024-06-17 17:35:23 DEBUG CambioUIMenu:113 - Insertando item de menú 'Comparación de kappas' en posicion 2
2024-06-17 17:35:23 DEBUG CambioUIMenu:113 - Insertando item de menú 'Coeficiente de correlación intraclase' en posicion 3
2024-06-17 17:35:23 DEBUG CambioUIMenu:113 - Insertando item de menú 'Método de Bland y Altman' en posicion 4
2024-06-17 17:35:23 DEBUG CambioUIMenu:104 - Insertando item de menú 'Consistencia' en posicion 1
2024-06-17 17:35:23 DEBUG CambioUIMenu:113 - Insertando item de menú 'Alpha de Cronbach' en posicion 0
2024-06-17 17:35:23 DEBUG PluginEstandar:42 - Aplicando cambios de plugin 'ajusteDeTasas'...
2024-06-17 17:35:23 DEBUG CambioUIMenu:104 - Insertando item de menú 'Ajuste de tasas' en posicion 4
2024-06-17 17:35:23 DEBUG CambioUIMenu:113 - Insertando item de menú 'Método directo' en posicion 0
2024-06-17 17:35:23 DEBUG CambioUIMenu:113 - Insertando item de menú 'Método indirecto' en posicion 1
2024-06-17 17:35:23 DEBUG PluginEstandar:42 - Aplicando cambios de plugin 'Demografía'...
2024-06-17 17:35:23 DEBUG CambioUIMenu:104 - Insertando item de menú 'Demografía' en posicion 5
2024-06-17 17:35:23 DEBUG CambioUIMenu:104 - Insertando item de menú 'Pirámides e indicadores' en posicion 0
2024-06-17 17:35:23 DEBUG CambioUIMenu:113 - Insertando item de menú 'Pirámides de población' en posicion 0
2024-06-17 17:35:23 DEBUG CambioUIMenu:113 - Insertando item de menú 'Indicadores de estructura' en posicion 1
2024-06-17 17:35:23 DEBUG CambioUIMenu:113 - Insertando item de menú 'Indicadores de fecundidad' en posicion 2
2024-06-17 17:35:23 DEBUG CambioUIMenu:113 - Insertando item de menú 'Tablas de mortalidad' en posicion 1
2024-06-17 17:35:23 DEBUG CambioUIMenu:113 - Insertando item de menú 'Expectativas de salud' en posicion 2
2024-06-17 17:35:23 DEBUG CambioUIMenu:104 - Insertando item de menú 'Años potenciales de vida perdidos' en posicion 3
2024-06-17 17:35:23 DEBUG CambioUIMenu:104 - Insertando item de menú 'APVP y tasa bruta' en posicion 0
2024-06-17 17:35:23 DEBUG CambioUIMenu:113 - Insertando item de menú 'Una causa y varias poblaciones' en posicion 0
2024-06-17 17:35:23 DEBUG CambioUIMenu:113 - Insertando item de menú 'Varias causas y una población' en posicion 1
2024-06-17 17:35:23 DEBUG CambioUIMenu:113 - Insertando item de menú 'Tasa de APVP ajustada' en posicion 1
2024-06-17 17:35:23 DEBUG CambioUIMenu:113 - Insertando item de menú 'Descomposición del cambio en la EV' en posicion 4
2024-06-17 17:35:23 DEBUG CambioUIMenu:104 - Insertando item de menú 'Años de esperanza de vida perdidos' en posicion 5
2024-06-17 17:35:23 DEBUG CambioUIMenu:113 - Insertando item de menú 'Un período' en posicion 0
2024-06-17 17:35:23 DEBUG CambioUIMenu:113 - Insertando item de menú 'Comparación de dos períodos' en posicion 1
2024-06-17 17:35:23 DEBUG PluginEstandar:42 - Aplicando cambios de plugin 'modulo'...
2024-06-17 17:35:23 DEBUG CambioUIMenu:104 - Insertando item de menú 'Estimacion de la mortalidad atribuida' en posicion 6
2024-06-17 17:35:23 DEBUG CambioUIMenu:104 - Insertando item de menú 'Al consumo de tabaco' en posicion 0
2024-06-17 17:35:23 DEBUG CambioUIMenu:104 - Insertando item de menú 'Método dependiente de prevalencia' en posicion 0
2024-06-17 17:35:23 DEBUG CambioUIMenu:113 - Insertando item de menú 'Riesgos del estudio CPSII' en posicion 0
2024-06-17 17:35:23 DEBUG CambioUIMenu:113 - Insertando item de menú 'Riesgos de un estudio de cohortes' en posicion 1
2024-06-17 17:35:23 DEBUG CambioUIMenu:113 - Insertando item de menú 'Riesgos de un estudio de casos y controles' en posicion 2
2024-06-17 17:35:23 DEBUG CambioUIMenu:104 - Insertando item de menú 'Método independiente de prevalencia' en posicion 1
2024-06-17 17:35:23 DEBUG CambioUIMenu:113 - Insertando item de menú 'Riesgos del estudio CPSII' en posicion 0
2024-06-17 17:35:23 DEBUG CambioUIMenu:113 - Insertando item de menú 'Riesgos de un estudio de cohortes' en posicion 1
2024-06-17 17:35:23 DEBUG CambioUIMenu:104 - Insertando item de menú 'A otro factor de riesgo' en posicion 1
2024-06-17 17:35:23 DEBUG CambioUIMenu:113 - Insertando item de menú 'Riesgos de un estudio de cohortes' en posicion 0
2024-06-17 17:35:23 DEBUG CambioUIMenu:113 - Insertando item de menú 'Riesgos de un estudio de casos y controles' en posicion 1
2024-06-17 17:35:23 DEBUG PluginEstandar:42 - Aplicando cambios de plugin 'regresion'...
2024-06-17 17:35:23 DEBUG CambioUIMenu:104 - Insertando item de menú 'Regresión logística' en posicion 7
2024-06-17 17:35:23 DEBUG CambioUIMenu:113 - Insertando item de menú 'Regresión logística' en posicion 0
2024-06-17 17:35:23 DEBUG PluginEstandar:42 - Aplicando cambios de plugin 'Distribuciones de probabilidad'...
2024-06-17 17:35:23 DEBUG CambioUIMenu:104 - Insertando item de menú 'Distribuciones de probabilidad' en posicion 8
2024-06-17 17:35:23 DEBUG CambioUIMenu:104 - Insertando item de menú 'Cálculo de probabilidades' en posicion 0
2024-06-17 17:35:23 DEBUG CambioUIMenu:113 - Insertando item de menú 'Distribuciones discretas' en posicion 0
2024-06-17 17:35:23 DEBUG CambioUIMenu:113 - Insertando item de menú 'Distribuciones continuas' en posicion 1
2024-06-17 17:35:23 DEBUG CambioUIMenu:104 - Insertando item de menú 'Generación de distribuciones' en posicion 1
2024-06-17 17:35:23 DEBUG CambioUIMenu:113 - Insertando item de menú 'Distribuciones discretas' en posicion 0
2024-06-17 17:35:23 DEBUG CambioUIMenu:113 - Insertando item de menú 'Distribuciones continuas' en posicion 1
2024-06-17 17:35:23 DEBUG PluginEstandar:42 - Aplicando cambios de plugin 'analisisBayesiano'...
2024-06-17 17:35:23 DEBUG CambioUIMenu:104 - Insertando item de menú 'Análisis bayesiano' en posicion 9
2024-06-17 17:35:23 DEBUG CambioUIMenu:113 - Insertando item de menú 'Teorema de Bayes' en posicion 0
2024-06-17 17:35:23 DEBUG CambioUIMenu:113 - Insertando item de menú 'Odds ratio' en posicion 1
2024-06-17 17:35:23 DEBUG CambioUIMenu:104 - Insertando item de menú 'Proporción' en posicion 2
2024-06-17 17:35:23 DEBUG CambioUIMenu:104 - Insertando item de menú 'Una población' en posicion 0
2024-06-17 17:35:23 DEBUG CambioUIMenu:113 - Insertando item de menú 'Estimación de una proporción' en posicion 0
2024-06-17 17:35:23 DEBUG CambioUIMenu:113 - Insertando item de menú 'Valoración de hipótesis' en posicion 1
2024-06-17 17:35:23 DEBUG CambioUIMenu:104 - Insertando item de menú 'Dos poblaciones' en posicion 1
2024-06-17 17:35:23 DEBUG CambioUIMenu:113 - Insertando item de menú 'Estimación de efectos' en posicion 0
2024-06-17 17:35:23 DEBUG CambioUIMenu:113 - Insertando item de menú 'Valoración de hipótesis' en posicion 1
2024-06-17 17:35:23 DEBUG CambioUIMenu:104 - Insertando item de menú 'Media' en posicion 3
2024-06-17 17:35:23 DEBUG CambioUIMenu:104 - Insertando item de menú 'Una población' en posicion 0
2024-06-17 17:35:23 DEBUG CambioUIMenu:113 - Insertando item de menú 'Estimación de una media' en posicion 0
2024-06-17 17:35:23 DEBUG CambioUIMenu:113 - Insertando item de menú 'Valoración de hipótesis' en posicion 1
2024-06-17 17:35:23 DEBUG CambioUIMenu:104 - Insertando item de menú 'Dos poblaciones' en posicion 1
2024-06-17 17:35:23 DEBUG CambioUIMenu:113 - Insertando item de menú 'Estimación de una diferencia' en posicion 0
2024-06-17 17:35:23 DEBUG CambioUIMenu:113 - Insertando item de menú 'Valoración de hipótesis' en posicion 1
2024-06-17 17:35:23 DEBUG CambioUIMenu:113 - Insertando item de menú 'Valoración de pruebas convencionales' en posicion 4
2024-06-17 17:35:23 DEBUG PluginEstandar:42 - Aplicando cambios de plugin 'privaciones'...
2024-06-17 17:35:23 DEBUG CambioUIMenu:104 - Insertando item de menú 'Índices de desarrollo o privación' en posicion 10
2024-06-17 17:35:23 DEBUG CambioUIMenu:113 - Insertando item de menú 'Índice de desarrollo humano (IDH)' en posicion 0
2024-06-17 17:35:23 DEBUG CambioUIMenu:113 - Insertando item de menú 'Índice de desarrollo humano corregido para desigualdad de género (IDHG)' en posicion 1
2024-06-17 17:35:23 DEBUG CambioUIMenu:113 - Insertando item de menú 'Índice de Pobreza 1 (IP1)' en posicion 2
2024-06-17 17:35:23 DEBUG CambioUIMenu:113 - Insertando item de menú 'Índice de Pobreza 2 (IP2)' en posicion 3
2024-06-17 17:35:23 DEBUG CambioUIMenu:113 - Insertando item de menú 'Índice de pobreza multidimensional (IPM)' en posicion 4
2024-06-17 17:35:23 DEBUG CambioUIMenu:113 - Insertando item de menú 'Índice de desarrollo de la niñez (IDN)' en posicion 5
2024-06-17 17:35:23 DEBUG CambioUIMenu:113 - Insertando item de menú 'Índice de oportunidades en la niñez (ION)' en posicion 6
2024-06-17 17:35:23 DEBUG PluginEstandar:42 - Aplicando cambios de plugin 'Medición de Desigualdades'...
2024-06-17 17:35:23 DEBUG CambioUIMenu:104 - Insertando item de menú 'Medición de desigualdades en salud' en posicion 11
2024-06-17 17:35:23 DEBUG CambioUIMenu:104 - Insertando item de menú 'Índices para categorías ordenadas' en posicion 0
2024-06-17 17:35:23 DEBUG CambioUIMenu:113 - Insertando item de menú 'Índices basados en comparaciones dos a dos' en posicion 0
2024-06-17 17:35:23 DEBUG CambioUIMenu:113 - Insertando item de menú 'Índices basados en el modelo de regresión' en posicion 1
2024-06-17 17:35:23 DEBUG CambioUIMenu:104 - Insertando item de menú 'Índice de Gini e índice de concentración' en posicion 2
2024-06-17 17:35:23 DEBUG CambioUIMenu:113 - Insertando item de menú 'Índice de Gini y curva de Lorenz' en posicion 0
2024-06-17 17:35:23 DEBUG CambioUIMenu:113 - Insertando item de menú 'Índice y curva de concentración' en posicion 1
2024-06-17 17:35:23 DEBUG CambioUIMenu:104 - Insertando item de menú 'Índices para categorías no ordenadas' en posicion 1
2024-06-17 17:35:23 DEBUG CambioUIMenu:113 - Insertando item de menú 'Índices basados en comparaciones dos a dos' en posicion 0
2024-06-17 17:35:23 DEBUG CambioUIMenu:113 - Insertando item de menú 'Índices de dispersión' en posicion 1
2024-06-17 17:35:23 DEBUG CambioUIMenu:113 - Insertando item de menú 'Índices basados en la comparación de distribuciones de probabilidad' en posicion 2
2024-06-17 17:35:23 DEBUG CambioUIMenu:113 - Insertando item de menú 'Índice de efecto' en posicion 2
2024-06-17 17:47:59 WARN  StandardResourceBundle:33 - El bundle creado por 'EntornoEpidatBundle' no ha encontrado la clave 'calcular' o es vacía.
2024-06-17 17:47:59 WARN  StandardResourceBundle:33 - El bundle creado por 'EntornoEpidatBundle' no ha encontrado la clave 'ocultar' o es vacía.
2024-06-17 17:47:59 WARN  StandardResourceBundle:33 - El bundle creado por 'EntornoEpidatBundle' no ha encontrado la clave 'limpiar' o es vacía.
2024-06-17 17:47:59 WARN  StandardResourceBundle:33 - El bundle creado por 'EntornoEpidatBundle' no ha encontrado la clave 'generar.grafico' o es vacía.
2024-06-17 17:47:59 WARN  StandardResourceBundle:33 - El bundle creado por 'EntornoEpidatBundle' no ha encontrado la clave 'calcular' o es vacía.
2024-06-17 17:47:59 WARN  StandardResourceBundle:33 - El bundle creado por 'EntornoEpidatBundle' no ha encontrado la clave 'ocultar' o es vacía.
2024-06-17 17:47:59 WARN  StandardResourceBundle:33 - El bundle creado por 'EntornoEpidatBundle' no ha encontrado la clave 'limpiar' o es vacía.
2024-06-17 17:47:59 WARN  StandardResourceBundle:33 - El bundle creado por 'EntornoEpidatBundle' no ha encontrado la clave 'generar.grafico' o es vacía.
2024-06-17 17:47:59 WARN  StandardResourceBundle:33 - El bundle creado por 'EntornoEpidatBundle' no ha encontrado la clave 'calcular' o es vacía.
2024-06-17 17:47:59 WARN  StandardResourceBundle:33 - El bundle creado por 'EntornoEpidatBundle' no ha encontrado la clave 'ocultar' o es vacía.
2024-06-17 17:47:59 WARN  StandardResourceBundle:33 - El bundle creado por 'EntornoEpidatBundle' no ha encontrado la clave 'limpiar' o es vacía.
2024-06-17 17:47:59 WARN  StandardResourceBundle:33 - El bundle creado por 'EntornoEpidatBundle' no ha encontrado la clave 'generar.grafico' o es vacía.
2024-06-17 17:47:59 WARN  StandardResourceBundle:33 - El bundle creado por 'EntornoEpidatBundle' no ha encontrado la clave 'calcular' o es vacía.
2024-06-17 17:47:59 WARN  StandardResourceBundle:33 - El bundle creado por 'EntornoEpidatBundle' no ha encontrado la clave 'ocultar' o es vacía.
2024-06-17 17:47:59 WARN  StandardResourceBundle:33 - El bundle creado por 'EntornoEpidatBundle' no ha encontrado la clave 'limpiar' o es vacía.
2024-06-17 17:47:59 WARN  StandardResourceBundle:33 - El bundle creado por 'EntornoEpidatBundle' no ha encontrado la clave 'generar.grafico' o es vacía.
2024-06-17 17:48:25 WARN  StandardResourceBundle:33 - El bundle creado por 'EntornoEpidatBundle' no ha encontrado la clave 'calcular' o es vacía.
2024-06-17 17:48:25 WARN  StandardResourceBundle:33 - El bundle creado por 'EntornoEpidatBundle' no ha encontrado la clave 'ocultar' o es vacía.
2024-06-17 17:48:25 WARN  StandardResourceBundle:33 - El bundle creado por 'EntornoEpidatBundle' no ha encontrado la clave 'limpiar' o es vacía.
2024-06-17 17:48:25 WARN  StandardResourceBundle:33 - El bundle creado por 'EntornoEpidatBundle' no ha encontrado la clave 'generar.grafico' o es vacía.
2024-06-17 17:48:25 WARN  StandardResourceBundle:33 - El bundle creado por 'EntornoEpidatBundle' no ha encontrado la clave 'calcular' o es vacía.
2024-06-17 17:48:25 WARN  StandardResourceBundle:33 - El bundle creado por 'EntornoEpidatBundle' no ha encontrado la clave 'ocultar' o es vacía.
2024-06-17 17:48:25 WARN  StandardResourceBundle:33 - El bundle creado por 'EntornoEpidatBundle' no ha encontrado la clave 'limpiar' o es vacía.
2024-06-17 17:48:25 WARN  StandardResourceBundle:33 - El bundle creado por 'EntornoEpidatBundle' no ha encontrado la clave 'generar.grafico' o es vacía.
2024-06-17 17:48:25 WARN  StandardResourceBundle:33 - El bundle creado por 'EntornoEpidatBundle' no ha encontrado la clave 'calcular' o es vacía.
2024-06-17 17:48:25 WARN  StandardResourceBundle:33 - El bundle creado por 'EntornoEpidatBundle' no ha encontrado la clave 'ocultar' o es vacía.
2024-06-17 17:48:25 WARN  StandardResourceBundle:33 - El bundle creado por 'EntornoEpidatBundle' no ha encontrado la clave 'limpiar' o es vacía.
2024-06-17 17:48:25 WARN  StandardResourceBundle:33 - El bundle creado por 'EntornoEpidatBundle' no ha encontrado la clave 'generar.grafico' o es vacía.
2024-06-17 17:48:25 WARN  StandardResourceBundle:33 - El bundle creado por 'EntornoEpidatBundle' no ha encontrado la clave 'calcular' o es vacía.
2024-06-17 17:48:25 WARN  StandardResourceBundle:33 - El bundle creado por 'EntornoEpidatBundle' no ha encontrado la clave 'ocultar' o es vacía.
2024-06-17 17:48:25 WARN  StandardResourceBundle:33 - El bundle creado por 'EntornoEpidatBundle' no ha encontrado la clave 'limpiar' o es vacía.
2024-06-17 17:48:25 WARN  StandardResourceBundle:33 - El bundle creado por 'EntornoEpidatBundle' no ha encontrado la clave 'generar.grafico' o es vacía.
2024-09-17 17:13:31 INFO  Aplicacion:99 - Arrancando EPIDAT...
2024-09-17 17:13:31 INFO  Aplicacion:222 - 





2024-09-17 17:13:31 INFO  Aplicacion:223 - --------------------------------------------------------
2024-09-17 17:13:31 INFO  Aplicacion:224 - EPIDAT v4.2
2024-09-17 17:13:31 INFO  Aplicacion:225 - 		Fecha de arranque: 17-sep-2024 17:13:31
2024-09-17 17:13:31 INFO  Aplicacion:226 - 		Idioma: ES
2024-09-17 17:13:31 INFO  Aplicacion:227 - --------------------------------------------------------
2024-09-17 17:13:31 INFO  Aplicacion:228 - 

2024-09-17 17:13:31 DEBUG LeerPlugins:43 - Directorio Base:.\bin
2024-09-17 17:13:32 DEBUG LeerPlugins:71 - AjusteDeTasas.xml: Plugin 'ajusteDeTasas - 1.0 (indice 8)'
2024-09-17 17:13:32 DEBUG LeerPlugins:75 - 	Creada opción de menú 'Módulos/Ajuste de tasas/Método directo' con accion 'ajusteTasas.interfaz.AccionAjusteTasasDirecto'
2024-09-17 17:13:32 DEBUG LeerPlugins:75 - 	Creada opción de menú 'Módulos/Ajuste de tasas/Método indirecto' con accion 'ajusteTasas.interfaz.AccionAjusteTasasIndirecto'
2024-09-17 17:13:32 DEBUG LeerPlugins:71 - AnalisisBayesiano.xml: Plugin 'analisisBayesiano - 1.0 (indice 14)'
2024-09-17 17:13:32 DEBUG LeerPlugins:75 - 	Creada opción de menú 'Módulos/Análisis bayesiano/Teorema de Bayes' con accion 'analisisBayesiano.interfaz.ABTeoremaPlugin'
2024-09-17 17:13:32 DEBUG LeerPlugins:75 - 	Creada opción de menú 'Módulos/Análisis bayesiano/Odds ratio' con accion 'analisisBayesiano.interfaz.ABOddsRatioPlugin'
2024-09-17 17:13:32 DEBUG LeerPlugins:75 - 	Creada opción de menú 'Módulos/Análisis bayesiano/Proporción/Una población/Estimación de una proporción' con accion 'analisisBayesiano.interfaz.ABProporcionUnaEstimacionPlugin'
2024-09-17 17:13:32 DEBUG LeerPlugins:75 - 	Creada opción de menú 'Módulos/Análisis bayesiano/Proporción/Una población/Valoración de hipótesis' con accion 'analisisBayesiano.interfaz.ABProporcionUnaValoracionPlugin'
2024-09-17 17:13:32 DEBUG LeerPlugins:75 - 	Creada opción de menú 'Módulos/Análisis bayesiano/Proporción/Dos poblaciones/Estimación de efectos' con accion 'analisisBayesiano.interfaz.ABProporcionDosEstimacionPlugin'
2024-09-17 17:13:32 DEBUG LeerPlugins:75 - 	Creada opción de menú 'Módulos/Análisis bayesiano/Proporción/Dos poblaciones/Valoración de hipótesis' con accion 'analisisBayesiano.interfaz.ABProporcionDosValoracionPlugin'
2024-09-17 17:13:32 DEBUG LeerPlugins:75 - 	Creada opción de menú 'Módulos/Análisis bayesiano/Media/Una población/Estimación de una media' con accion 'analisisBayesiano.interfaz.ABMediaUnaEstimacionPlugin'
2024-09-17 17:13:32 DEBUG LeerPlugins:75 - 	Creada opción de menú 'Módulos/Análisis bayesiano/Media/Una población/Valoración de hipótesis' con accion 'analisisBayesiano.interfaz.ABMediaUnaValoracionPlugin'
2024-09-17 17:13:32 DEBUG LeerPlugins:75 - 	Creada opción de menú 'Módulos/Análisis bayesiano/Media/Dos poblaciones/Estimación de una diferencia' con accion 'analisisBayesiano.interfaz.ABMediaDosEstimacionPlugin'
2024-09-17 17:13:32 DEBUG LeerPlugins:75 - 	Creada opción de menú 'Módulos/Análisis bayesiano/Media/Dos poblaciones/Valoración de hipótesis' con accion 'analisisBayesiano.interfaz.ABMediaDosValoracionPlugin'
2024-09-17 17:13:32 DEBUG LeerPlugins:75 - 	Creada opción de menú 'Módulos/Análisis bayesiano/Valoración de pruebas convencionales' con accion 'analisisBayesiano.interfaz.ABValoracionPlugin'
2024-09-17 17:13:32 DEBUG LeerPlugins:71 - AnalisisDescriptivo.xml: Plugin 'Plugin - 1.0 (indice 0)'
2024-09-17 17:13:32 DEBUG LeerPlugins:75 - 	Creada opción de menú 'Módulos/Análisis descriptivo/Tablas de frecuencias' con accion 'analisisDescriptivo.interfaz.TablasFrecuenciaAccionPlugin'
2024-09-17 17:13:32 DEBUG LeerPlugins:75 - 	Creada opción de menú 'Módulos/Análisis descriptivo/Tablas de contingencia' con accion 'analisisDescriptivo.interfaz.TablasContingenciaAccionPlugin'
2024-09-17 17:13:32 DEBUG LeerPlugins:75 - 	Creada opción de menú 'Módulos/Análisis descriptivo/Estadísticos descriptivos' con accion 'analisisDescriptivo.interfaz.EstadisticosDescriptivosAccionPlugin'
2024-09-17 17:13:32 DEBUG LeerPlugins:75 - 	Creada opción de menú 'Módulos/Análisis descriptivo/Correlación' con accion 'analisisDescriptivo.interfaz.CorrelacionAccionPlugin'
2024-09-17 17:13:32 DEBUG LeerPlugins:75 - 	Creada opción de menú 'Módulos/Análisis descriptivo/Gráficos/Barras' con accion 'analisisDescriptivo.interfaz.GraficosBarrasAccionPlugin'
2024-09-17 17:13:32 DEBUG LeerPlugins:75 - 	Creada opción de menú 'Módulos/Análisis descriptivo/Gráficos/Sectores' con accion 'analisisDescriptivo.interfaz.GraficosSectoresAccionPlugin'
2024-09-17 17:13:32 DEBUG LeerPlugins:75 - 	Creada opción de menú 'Módulos/Análisis descriptivo/Gráficos/Líneas' con accion 'analisisDescriptivo.interfaz.GraficosLineasAccionPlugin'
2024-09-17 17:13:32 DEBUG LeerPlugins:75 - 	Creada opción de menú 'Módulos/Análisis descriptivo/Gráficos/Dispersión' con accion 'analisisDescriptivo.interfaz.GraficosDispersionAccionPlugin'
2024-09-17 17:13:32 DEBUG LeerPlugins:75 - 	Creada opción de menú 'Módulos/Análisis descriptivo/Gráficos/Histograma' con accion 'analisisDescriptivo.interfaz.GraficosHistogramaAccionPlugin'
2024-09-17 17:13:32 DEBUG LeerPlugins:75 - 	Creada opción de menú 'Módulos/Análisis descriptivo/Gráficos/Diagrama de cajas' con accion 'analisisDescriptivo.interfaz.GraficosDiagramaCajasAccionPlugin'
2024-09-17 17:13:32 DEBUG LeerPlugins:75 - 	Creada opción de menú 'Módulos/Análisis descriptivo/Gráficos/Intervalos de confianza' con accion 'analisisDescriptivo.interfaz.GraficosIntervalosConfianzaAccionPlugin'
2024-09-17 17:13:32 DEBUG LeerPlugins:71 - ConcordanciaYConsistencia.xml: Plugin 'ConcordanciaYConsistencia - 1.0 (indice 6)'
2024-09-17 17:13:32 DEBUG LeerPlugins:75 - 	Creada opción de menú 'Módulos/Concordancia y consistencia/Concordancia/2 Observadores' con accion 'concordanciaYConsistencia.interfaz.Concordancia2ObsAccionPlugin'
2024-09-17 17:13:32 DEBUG LeerPlugins:75 - 	Creada opción de menú 'Módulos/Concordancia y consistencia/Concordancia/3 o más observadores/2 categorías' con accion 'concordanciaYConsistencia.interfaz.Concordancia3_2CatAccionPlugin'
2024-09-17 17:13:32 DEBUG LeerPlugins:75 - 	Creada opción de menú 'Módulos/Concordancia y consistencia/Concordancia/3 o más observadores/3 ó más categorías' con accion 'concordanciaYConsistencia.interfaz.Concordancia3_3CatAccionPlugin'
2024-09-17 17:13:32 DEBUG LeerPlugins:75 - 	Creada opción de menú 'Módulos/Concordancia y consistencia/Concordancia/Comparación de kappas' con accion 'concordanciaYConsistencia.interfaz.ComparacionKappasAccionPlugin'
2024-09-17 17:13:32 DEBUG LeerPlugins:75 - 	Creada opción de menú 'Módulos/Concordancia y consistencia/Concordancia/Coeficiente de correlación intraclase' con accion 'concordanciaYConsistencia.interfaz.CorrelacionIntraclaseAccionPlugin'
2024-09-17 17:13:32 DEBUG LeerPlugins:75 - 	Creada opción de menú 'Módulos/Concordancia y consistencia/Concordancia/Método de Bland y Altman' con accion 'concordanciaYConsistencia.interfaz.BlandYAltmanAccionPlugin'
2024-09-17 17:13:32 DEBUG LeerPlugins:75 - 	Creada opción de menú 'Módulos/Concordancia y consistencia/Consistencia/Alpha de Cronbach' con accion 'concordanciaYConsistencia.interfaz.AlphaCronbachAccionPlugin'
2024-09-17 17:13:32 DEBUG LeerPlugins:71 - Demografia.xml: Plugin 'Demografía - 2.0 (indice 9)'
2024-09-17 17:13:32 DEBUG LeerPlugins:75 - 	Creada opción de menú 'Módulos/Demografía/Pirámides e indicadores/Pirámides de población' con accion 'demografia.interfaz.PiramidesAccionPlugin'
2024-09-17 17:13:32 DEBUG LeerPlugins:75 - 	Creada opción de menú 'Módulos/Demografía/Pirámides e indicadores/Indicadores de estructura' con accion 'demografia.interfaz.IndicadoresEstructuraAccionPlugin'
2024-09-17 17:13:32 DEBUG LeerPlugins:75 - 	Creada opción de menú 'Módulos/Demografía/Pirámides e indicadores/Indicadores de fecundidad' con accion 'demografia.interfaz.IndicadoresFecundidadAccionPlugin'
2024-09-17 17:13:32 DEBUG LeerPlugins:75 - 	Creada opción de menú 'Módulos/Demografía/Tablas de mortalidad' con accion 'demografia.interfaz.TablasMortalidadAccionPlugin'
2024-09-17 17:13:32 DEBUG LeerPlugins:75 - 	Creada opción de menú 'Módulos/Demografía/Expectativas de salud' con accion 'demografia.interfaz.ExpectativasSaludAccionPlugin'
2024-09-17 17:13:32 DEBUG LeerPlugins:75 - 	Creada opción de menú 'Módulos/Demografía/Años potenciales de vida perdidos/APVP y tasa bruta/Una causa y varias poblaciones' con accion 'demografia.interfaz.APVPYTasaBrutaUnaCausaAccionPlugin'
2024-09-17 17:13:32 DEBUG LeerPlugins:75 - 	Creada opción de menú 'Módulos/Demografía/Años potenciales de vida perdidos/APVP y tasa bruta/Varias causas y una población' con accion 'demografia.interfaz.APVPYTasaBrutaVariasCausasAccionPlugin'
2024-09-17 17:13:32 DEBUG LeerPlugins:75 - 	Creada opción de menú 'Módulos/Demografía/Años potenciales de vida perdidos/Tasa de APVP ajustada' con accion 'demografia.interfaz.TasaAPVPAjustadaAccionPlugin'
2024-09-17 17:13:32 DEBUG LeerPlugins:75 - 	Creada opción de menú 'Módulos/Demografía/Descomposición del cambio en la EV' con accion 'demografia.interfaz.DescomposicionCambioEVAccionPlugin'
2024-09-17 17:13:32 DEBUG LeerPlugins:75 - 	Creada opción de menú 'Módulos/Demografía/Años de esperanza de vida perdidos/Un período' con accion 'demografia.interfaz.AnosVidaPerdidosUnPeriodoAccionPlugin'
2024-09-17 17:13:32 DEBUG LeerPlugins:75 - 	Creada opción de menú 'Módulos/Demografía/Años de esperanza de vida perdidos/Comparación de dos períodos' con accion 'demografia.interfaz.AnosVidaPerdidosComparacionPeriodosAccionPlugin'
2024-09-17 17:13:32 DEBUG LeerPlugins:71 - DialogoAcercade.xml: Plugin 'Dialogo Acerca de ... - 1.0 (indice 5)'
2024-09-17 17:13:32 DEBUG LeerPlugins:75 - 	Creada opción de menú 'Ayuda/Acerca de' con accion 'dialogoacercade.interfaz.DialogoAcercaDeAccionPlugin'
2024-09-17 17:13:32 DEBUG LeerPlugins:71 - EstimacionMortalidad.xml: Plugin 'modulo - 1.0 (indice 10)'
2024-09-17 17:13:32 DEBUG LeerPlugins:75 - 	Creada opción de menú 'Módulos/Estimacion de la mortalidad atribuida/Al consumo de tabaco/Método dependiente de prevalencia/Riesgos del estudio CPSII' con accion 'estimacionMortalidad.interfaz.RiesgosCPSIIDependienteAccionPlugin'
2024-09-17 17:13:32 DEBUG LeerPlugins:75 - 	Creada opción de menú 'Módulos/Estimacion de la mortalidad atribuida/Al consumo de tabaco/Método dependiente de prevalencia/Riesgos de un estudio de cohortes' con accion 'estimacionMortalidad.interfaz.RiesgosCohortesDependienteAccionPlugin'
2024-09-17 17:13:32 DEBUG LeerPlugins:75 - 	Creada opción de menú 'Módulos/Estimacion de la mortalidad atribuida/Al consumo de tabaco/Método dependiente de prevalencia/Riesgos de un estudio de casos y controles' con accion 'estimacionMortalidad.interfaz.RiesgosCasosyControlesAccionPlugin'
2024-09-17 17:13:32 DEBUG LeerPlugins:75 - 	Creada opción de menú 'Módulos/Estimacion de la mortalidad atribuida/Al consumo de tabaco/Método independiente de prevalencia/Riesgos del estudio CPSII' con accion 'estimacionMortalidad.interfaz.RiesgosCPSIIIndependienteAccionPlugin'
2024-09-17 17:13:32 DEBUG LeerPlugins:75 - 	Creada opción de menú 'Módulos/Estimacion de la mortalidad atribuida/Al consumo de tabaco/Método independiente de prevalencia/Riesgos de un estudio de cohortes' con accion 'estimacionMortalidad.interfaz.RiesgosCohortesIndependienteAccionPlugin'
2024-09-17 17:13:32 DEBUG LeerPlugins:75 - 	Creada opción de menú 'Módulos/Estimacion de la mortalidad atribuida/A otro factor de riesgo/Riesgos de un estudio de cohortes' con accion 'estimacionMortalidad.interfaz.RiesgosCohortesDependiente2AccionPlugin'
2024-09-17 17:13:32 DEBUG LeerPlugins:75 - 	Creada opción de menú 'Módulos/Estimacion de la mortalidad atribuida/A otro factor de riesgo/Riesgos de un estudio de casos y controles' con accion 'estimacionMortalidad.interfaz.RiesgosCasosyControles2AccionPlugin'
2024-09-17 17:13:32 DEBUG LeerPlugins:71 - Herramientas.xml: Plugin 'Herramientas - 1.0 (indice 5)'
2024-09-17 17:13:32 DEBUG LeerPlugins:75 - 	Creada opción de menú 'Herramientas/Opciones' con accion 'herramientas.interfaz.OpcionesGraficasAccionPlugin'
2024-09-17 17:13:32 DEBUG LeerPlugins:71 - InferenciaSobreParametros.xml: Plugin 'inferenciasobreparametros - 1.0 (indice 5)'
2024-09-17 17:13:32 DEBUG LeerPlugins:75 - 	Creada opción de menú 'Módulos/Inferencia sobre parámetros/Una población/Media' con accion 'inferenciasobreparametros.interfaz.IPUnaPoblacionMediaAccionPlugin'
2024-09-17 17:13:32 DEBUG LeerPlugins:75 - 	Creada opción de menú 'Módulos/Inferencia sobre parámetros/Una población/Proporción' con accion 'inferenciasobreparametros.interfaz.IPUnaPoblacionProporcionAccionPlugin'
2024-09-17 17:13:32 DEBUG LeerPlugins:75 - 	Creada opción de menú 'Módulos/Inferencia sobre parámetros/Una población/Percentiles' con accion 'inferenciasobreparametros.interfaz.IPUnaPoblacionPercentilesAccionPlugin'
2024-09-17 17:13:32 DEBUG LeerPlugins:75 - 	Creada opción de menú 'Módulos/Inferencia sobre parámetros/Una población/Correlación' con accion 'inferenciasobreparametros.interfaz.IPUnaPoblacionCorrelacionAccionPlugin'
2024-09-17 17:13:32 DEBUG LeerPlugins:75 - 	Creada opción de menú 'Módulos/Inferencia sobre parámetros/Una población/Tasa de incidencia' con accion 'inferenciasobreparametros.interfaz.IPUnaPoblacionTasaIncidenciaAccionPlugin'
2024-09-17 17:13:32 DEBUG LeerPlugins:75 - 	Creada opción de menú 'Módulos/Inferencia sobre parámetros/Una población/Índice de posición' con accion 'inferenciasobreparametros.interfaz.IPUnaPoblacionIndicePosicionAccionPlugin'
2024-09-17 17:13:32 DEBUG LeerPlugins:75 - 	Creada opción de menú 'Módulos/Inferencia sobre parámetros/Dos poblaciones/Medias independientes' con accion 'inferenciasobreparametros.interfaz.IPDosPoblacionesMediasIndependientesAccionPlugin'
2024-09-17 17:13:32 DEBUG LeerPlugins:75 - 	Creada opción de menú 'Módulos/Inferencia sobre parámetros/Dos poblaciones/Medias emparejadas' con accion 'inferenciasobreparametros.interfaz.IPDosPoblacionesMediasEmparejadasAccionPlugin'
2024-09-17 17:13:32 DEBUG LeerPlugins:75 - 	Creada opción de menú 'Módulos/Inferencia sobre parámetros/Dos poblaciones/Proporciones independientes' con accion 'inferenciasobreparametros.interfaz.IPDosPoblacionesProporcionesIndependientesAccionPlugin'
2024-09-17 17:13:32 DEBUG LeerPlugins:75 - 	Creada opción de menú 'Módulos/Inferencia sobre parámetros/Dos poblaciones/Proporciones emparejadas' con accion 'inferenciasobreparametros.interfaz.IPDosPoblacionesProporcionesEmparejadasAccionPlugin'
2024-09-17 17:13:32 DEBUG LeerPlugins:75 - 	Creada opción de menú 'Módulos/Inferencia sobre parámetros/Dos poblaciones/Tasas de incidencia' con accion 'inferenciasobreparametros.interfaz.IPDosPoblacionesTasasIncidenciasAccionPlugin'
2024-09-17 17:13:32 DEBUG LeerPlugins:75 - 	Creada opción de menú 'Módulos/Inferencia sobre parámetros/Comparación no paramétrica/Medias independientes' con accion 'inferenciasobreparametros.interfaz.IPNoParametricaMediasIndependientesAccionPlugin'
2024-09-17 17:13:32 DEBUG LeerPlugins:75 - 	Creada opción de menú 'Módulos/Inferencia sobre parámetros/Comparación no paramétrica/Medias emparejadas' con accion 'inferenciasobreparametros.interfaz.IPNoParametricaMediasEmparejadasAccionPlugin'
2024-09-17 17:13:32 DEBUG LeerPlugins:75 - 	Creada opción de menú 'Módulos/Inferencia sobre parámetros/Contraste de normalidad' con accion 'inferenciasobreparametros.interfaz.IPContrasteNormalidadAccionPlugin'
2024-09-17 17:13:32 DEBUG LeerPlugins:71 - Internacionalizacion.xml: Plugin 'Herramientas - 1.0 (indice 5)'
2024-09-17 17:13:32 DEBUG LeerPlugins:75 - 	Creada opción de menú 'Herramientas/Idioma' con accion 'com.epidat.internacionalizacion.interfaz.CambiarIdiomaMenuItem'
2024-09-17 17:13:33 DEBUG LeerPlugins:71 - MedicionEnDesigualdadesEnSalud.xml: Plugin 'Medición de Desigualdades - 2.0 (indice 18)'
2024-09-17 17:13:33 DEBUG LeerPlugins:75 - 	Creada opción de menú 'Módulos/Medición de desigualdades en salud/Índices para categorías ordenadas/Índices basados en comparaciones dos a dos' con accion 'medicionDesigualdadesSalud.interfaz.Comparacion2a2VarOrdenadasAccionPlugin'
2024-09-17 17:13:33 DEBUG LeerPlugins:75 - 	Creada opción de menú 'Módulos/Medición de desigualdades en salud/Índices para categorías ordenadas/Índices basados en el modelo de regresión' con accion 'medicionDesigualdadesSalud.interfaz.IndicesDesigualdadAccionPlugin'
2024-09-17 17:13:33 DEBUG LeerPlugins:75 - 	Creada opción de menú 'Módulos/Medición de desigualdades en salud/Índices para categorías ordenadas/Índice de Gini e índice de concentración/Índice de Gini y curva de Lorenz' con accion 'medicionDesigualdadesSalud.interfaz.IndiceGiniCurvaLorenzAccionPlugin'
2024-09-17 17:13:33 DEBUG LeerPlugins:75 - 	Creada opción de menú 'Módulos/Medición de desigualdades en salud/Índices para categorías ordenadas/Índice de Gini e índice de concentración/Índice y curva de concentración' con accion 'medicionDesigualdadesSalud.interfaz.IndiceCurvaConcentracionAccionPlugin'
2024-09-17 17:13:33 DEBUG LeerPlugins:75 - 	Creada opción de menú 'Módulos/Medición de desigualdades en salud/Índices para categorías no ordenadas/Índices basados en comparaciones dos a dos' con accion 'medicionDesigualdadesSalud.interfaz.Comparacion2a2VarDesordenadasAccionPlugin'
2024-09-17 17:13:33 DEBUG LeerPlugins:75 - 	Creada opción de menú 'Módulos/Medición de desigualdades en salud/Índices para categorías no ordenadas/Índices de dispersión' con accion 'medicionDesigualdadesSalud.interfaz.IndicesDeDispersionAccionPlugin'
2024-09-17 17:13:33 DEBUG LeerPlugins:75 - 	Creada opción de menú 'Módulos/Medición de desigualdades en salud/Índices para categorías no ordenadas/Índices basados en la comparación de distribuciones de probabilidad' con accion 'medicionDesigualdadesSalud.interfaz.IndicesBasadosComparacionDistProbabilidadAccionPlugin'
2024-09-17 17:13:33 DEBUG LeerPlugins:75 - 	Creada opción de menú 'Módulos/Medición de desigualdades en salud/Índice de efecto' con accion 'medicionDesigualdadesSalud.interfaz.IndiceEfectoAccionPlugin'
2024-09-17 17:13:33 DEBUG LeerPlugins:71 - ModulosFaltantes.xml: Plugin 'modulosFaltantes - 1.0 (indice 1)'
2024-09-17 17:13:33 DEBUG LeerPlugins:75 - 	Creada opción de menú 'Ayuda/Módulos aún no implementados' con accion 'modulosFaltantes.interfaz.AyudaPlugin'
2024-09-17 17:13:33 DEBUG LeerPlugins:71 - MuestreoSeleccionYEstimacion.xml: Plugin 'Muestreo 2 - 1.0 (indice 3)'
2024-09-17 17:13:33 DEBUG LeerPlugins:75 - 	Creada opción de menú 'Módulos/Muestreo/Selección de muestras/Muestreo simple aleatorio' con accion 'seleccionMuestras.interfaz.MuestreoSimpleAleatorioAccionPlugin'
2024-09-17 17:13:33 DEBUG LeerPlugins:75 - 	Creada opción de menú 'Módulos/Muestreo/Selección de muestras/Muestreo sistemático' con accion 'seleccionMuestras.interfaz.MuestreoSistematicoAccionPlugin'
2024-09-17 17:13:33 DEBUG LeerPlugins:75 - 	Creada opción de menú 'Módulos/Muestreo/Selección de muestras/Muestreo aleatorio estratificado' con accion 'seleccionMuestras.interfaz.MuestreoAleatorioEstratificadoAccionPlugin'
2024-09-17 17:13:33 DEBUG LeerPlugins:75 - 	Creada opción de menú 'Módulos/Muestreo/Selección de muestras/Muestreo por conglomerados monoetápico' con accion 'seleccionMuestras.interfaz.MuestreoConglomeradosMonoAccionPlugin'
2024-09-17 17:13:33 DEBUG LeerPlugins:75 - 	Creada opción de menú 'Módulos/Muestreo/Selección de muestras/Muestreo por conglomerados bietápico' con accion 'seleccionMuestras.interfaz.MuestreoConglomeradosBiAccionPlugin'
2024-09-17 17:13:33 DEBUG LeerPlugins:75 - 	Creada opción de menú 'Módulos/Muestreo/Selección de muestras/Muestreo por conglomerados monoetápico estratificado' con accion 'seleccionMuestras.interfaz.MuestreoConglMonoEstratAccionPlugin'
2024-09-17 17:13:33 DEBUG LeerPlugins:75 - 	Creada opción de menú 'Módulos/Muestreo/Selección de muestras/Muestreo por conglomerados bietápico estratificado' con accion 'seleccionMuestras.interfaz.MuestreoConglBiEstratAccionPlugin'
2024-09-17 17:13:33 DEBUG LeerPlugins:75 - 	Creada opción de menú 'Módulos/Muestreo/Asignación de sujetos a tratamientos' con accion 'seleccionMuestras.interfaz.AsignacionSujetosTratamientosAccionPlugin'
2024-09-17 17:13:33 DEBUG LeerPlugins:75 - 	Creada opción de menú 'Módulos/Muestreo/Estimación con muestras complejas' con accion 'emuco.interfaz.EmucoAccionPlugin'
2024-09-17 17:13:33 DEBUG LeerPlugins:71 - MuestreoTamanosDeMuestra.xml: Plugin 'Muestreo 1 - 1.0 (indice 2)'
2024-09-17 17:13:33 DEBUG LeerPlugins:75 - 	Creada opción de menú 'Módulos/Muestreo/Cálculo de tamaños de muestra/Intervalos de confianza/Media' con accion 'tamsMuestra.intervalosConfianza.interfaz.MediaAccionPlugin'
2024-09-17 17:13:33 DEBUG LeerPlugins:75 - 	Creada opción de menú 'Módulos/Muestreo/Cálculo de tamaños de muestra/Intervalos de confianza/Proporción' con accion 'tamsMuestra.intervalosConfianza.interfaz.ProporcionAccionPlugin'
2024-09-17 17:13:33 DEBUG LeerPlugins:75 - 	Creada opción de menú 'Módulos/Muestreo/Cálculo de tamaños de muestra/Intervalos de confianza/Odds ratio' con accion 'tamsMuestra.intervalosConfianza.interfaz.OddsRatioAccionPlugin'
2024-09-17 17:13:33 DEBUG LeerPlugins:75 - 	Creada opción de menú 'Módulos/Muestreo/Cálculo de tamaños de muestra/Intervalos de confianza/Riesgo relativo' con accion 'tamsMuestra.intervalosConfianza.interfaz.RiesgoRelativoAccionPlugin'
2024-09-17 17:13:33 DEBUG LeerPlugins:75 - 	Creada opción de menú 'Módulos/Muestreo/Cálculo de tamaños de muestra/Intervalos de confianza/Concordancia' con accion 'tamsMuestra.intervalosConfianza.interfaz.ConcordanciaAccionPlugin'
2024-09-17 17:13:33 DEBUG LeerPlugins:75 - 	Creada opción de menú 'Módulos/Muestreo/Cálculo de tamaños de muestra/Intervalos de confianza/Pruebas diagnósticas' con accion 'tamsMuestra.intervalosConfianza.interfaz.SensibilidadYEspecificidadAccionPlugin'
2024-09-17 17:13:33 DEBUG LeerPlugins:75 - 	Creada opción de menú 'Módulos/Muestreo/Cálculo de tamaños de muestra/Contraste de hipótesis/Comparación de medias/Grupos independientes' con accion 'tamsMuestra.contrastesHipotesis.interfaz.ComparacionMediasIndependientesAccionPlugin'
2024-09-17 17:13:33 DEBUG LeerPlugins:75 - 	Creada opción de menú 'Módulos/Muestreo/Cálculo de tamaños de muestra/Contraste de hipótesis/Comparación de medias/Grupos emparejados' con accion 'tamsMuestra.contrastesHipotesis.interfaz.ComparacionMediasEmparejadasAccionPlugin'
2024-09-17 17:13:33 DEBUG LeerPlugins:75 - 	Creada opción de menú 'Módulos/Muestreo/Cálculo de tamaños de muestra/Contraste de hipótesis/Comparación de proporciones/Grupos independientes' con accion 'tamsMuestra.contrastesHipotesis.interfaz.ComparacionProporcionesIndependientesAccionPlugin'
2024-09-17 17:13:33 DEBUG LeerPlugins:75 - 	Creada opción de menú 'Módulos/Muestreo/Cálculo de tamaños de muestra/Contraste de hipótesis/Comparación de proporciones/Grupos emparejados' con accion 'tamsMuestra.contrastesHipotesis.interfaz.ComparacionProporcionesEmparejadasAccionPlugin'
2024-09-17 17:13:33 DEBUG LeerPlugins:75 - 	Creada opción de menú 'Módulos/Muestreo/Cálculo de tamaños de muestra/Contraste de hipótesis/Estudios de casos y controles/Grupos independientes' con accion 'tamsMuestra.contrastesHipotesis.interfaz.EstudiosCasosIndependientesAccionPlugin'
2024-09-17 17:13:33 DEBUG LeerPlugins:75 - 	Creada opción de menú 'Módulos/Muestreo/Cálculo de tamaños de muestra/Contraste de hipótesis/Estudios de cohorte' con accion 'tamsMuestra.contrastesHipotesis.interfaz.EstudiosCohorteAccionPlugin'
2024-09-17 17:13:33 DEBUG LeerPlugins:75 - 	Creada opción de menú 'Módulos/Muestreo/Cálculo de tamaños de muestra/Contraste de hipótesis/Estudios de casos y controles/Grupos emparejados' con accion 'tamsMuestra.contrastesHipotesis.interfaz.EstudiosCasosEmparejadosAccionPlugin'
2024-09-17 17:13:33 DEBUG LeerPlugins:75 - 	Creada opción de menú 'Módulos/Muestreo/Cálculo de tamaños de muestra/Contraste de hipótesis/Estudios de equivalencia/Equivalencia de medias' con accion 'tamsMuestra.contrastesHipotesis.interfaz.EquivalenciaMediasAccionPlugin'
2024-09-17 17:13:33 DEBUG LeerPlugins:75 - 	Creada opción de menú 'Módulos/Muestreo/Cálculo de tamaños de muestra/Contraste de hipótesis/Estudios de equivalencia/Equivalencia de proporciones' con accion 'tamsMuestra.contrastesHipotesis.interfaz.EquivalenciaProporcionesAccionPlugin'
2024-09-17 17:13:33 DEBUG LeerPlugins:75 - 	Creada opción de menú 'Módulos/Muestreo/Cálculo de tamaños de muestra/Contraste de hipótesis/Pruebas diagnósticas/Grupos independientes' con accion 'tamsMuestra.contrastesHipotesis.interfaz.PruebasDxGIAccionPlugin'
2024-09-17 17:13:33 DEBUG LeerPlugins:75 - 	Creada opción de menú 'Módulos/Muestreo/Cálculo de tamaños de muestra/Contraste de hipótesis/Pruebas diagnósticas/Grupos emparejados' con accion 'tamsMuestra.contrastesHipotesis.interfaz.PruebasDxGEAccionPlugin'
2024-09-17 17:13:33 DEBUG LeerPlugins:75 - 	Creada opción de menú 'Módulos/Muestreo/Cálculo de tamaños de muestra/Contraste de hipótesis/Calidad de lotes' con accion 'tamsMuestra.contrastesHipotesis.interfaz.CalidadLotesAccionPlugin'
2024-09-17 17:13:33 DEBUG LeerPlugins:75 - 	Creada opción de menú 'Módulos/Muestreo/Cálculo de tamaños de muestra/Contraste de hipótesis/Supervivencia' con accion 'tamsMuestra.contrastesHipotesis.interfaz.SupervivenciaAccionPlugin'
2024-09-17 17:13:33 DEBUG LeerPlugins:75 - 	Creada opción de menú 'Módulos/Muestreo/Cálculo de tamaños de muestra/Contraste de hipótesis/Coeficiente de correlación' con accion 'tamsMuestra.contrastesHipotesis.interfaz.CorrelacionAccionPlugin'
2024-09-17 17:13:33 DEBUG LeerPlugins:71 - Privaciones.xml: Plugin 'privaciones - 1.0 (indice 16)'
2024-09-17 17:13:33 DEBUG LeerPlugins:75 - 	Creada opción de menú 'Módulos/Índices de desarrollo o privación/Índice de desarrollo humano (IDH)' con accion 'privaciones.interfaz.Privations_Pluggin_AE_IDH'
2024-09-17 17:13:33 DEBUG LeerPlugins:75 - 	Creada opción de menú 'Módulos/Índices de desarrollo o privación/Índice de desarrollo humano corregido para desigualdad de género (IDHG)' con accion 'privaciones.interfaz.Privations_Pluggin_AE_IDHG'
2024-09-17 17:13:33 DEBUG LeerPlugins:75 - 	Creada opción de menú 'Módulos/Índices de desarrollo o privación/Índice de Pobreza 1 (IP1)' con accion 'privaciones.interfaz.Privations_Pluggin_AE_IP1'
2024-09-17 17:13:33 DEBUG LeerPlugins:75 - 	Creada opción de menú 'Módulos/Índices de desarrollo o privación/Índice de Pobreza 2 (IP2)' con accion 'privaciones.interfaz.Privations_Pluggin_AE_IP2'
2024-09-17 17:13:33 DEBUG LeerPlugins:75 - 	Creada opción de menú 'Módulos/Índices de desarrollo o privación/Índice de pobreza multidimensional (IPM)' con accion 'privaciones.interfaz.Privations_Pluggin_AE_IPM'
2024-09-17 17:13:33 DEBUG LeerPlugins:75 - 	Creada opción de menú 'Módulos/Índices de desarrollo o privación/Índice de desarrollo de la niñez (IDN)' con accion 'privaciones.interfaz.Privations_Pluggin_AE_IDN'
2024-09-17 17:13:33 DEBUG LeerPlugins:75 - 	Creada opción de menú 'Módulos/Índices de desarrollo o privación/Índice de oportunidades en la niñez (ION)' con accion 'privaciones.interfaz.Privations_Pluggin_AE_ION'
2024-09-17 17:13:33 DEBUG LeerPlugins:71 - Probabilidades.xml: Plugin 'Distribuciones de probabilidad - 2.0 (indice 13)'
2024-09-17 17:13:33 DEBUG LeerPlugins:75 - 	Creada opción de menú 'Módulos/Distribuciones de probabilidad/Cálculo de probabilidades/Distribuciones discretas' con accion 'probabilidades.interfaz.ProbabilidadCalcDiscretasAccionPlugin'
2024-09-17 17:13:33 DEBUG LeerPlugins:75 - 	Creada opción de menú 'Módulos/Distribuciones de probabilidad/Cálculo de probabilidades/Distribuciones continuas' con accion 'probabilidades.interfaz.ProbabilidadCalcContinuasAccionPlugin'
2024-09-17 17:13:33 DEBUG LeerPlugins:75 - 	Creada opción de menú 'Módulos/Distribuciones de probabilidad/Generación de distribuciones/Distribuciones discretas' con accion 'probabilidades.interfaz.ProbabilidadGenDiscretasAccionPlugin'
2024-09-17 17:13:33 DEBUG LeerPlugins:75 - 	Creada opción de menú 'Módulos/Distribuciones de probabilidad/Generación de distribuciones/Distribuciones continuas' con accion 'probabilidades.interfaz.ProbabilidadGenContinuasAccionPlugin'
2024-09-17 17:13:33 DEBUG LeerPlugins:71 - RegresionLogistica.xml: Plugin 'regresion - 1.0 (indice 11)'
2024-09-17 17:13:33 DEBUG LeerPlugins:75 - 	Creada opción de menú 'Módulos/Regresión logística/Regresión logística' con accion 'regresion.interfaz.Regression_Pluggin_AE'
2024-09-17 17:13:34 WARN  StandardResourceBundle:33 - El bundle creado por 'EntornoEpidatBundle' no ha encontrado la clave 'EpidatForm.nomArchivoOculto.AccessibleContext.accessibleName' o es vacía.
2024-09-17 17:13:34 WARN  StandardResourceBundle:33 - El bundle creado por 'EntornoEpidatBundle' no ha encontrado la clave 'EpidatForm.nomArchivoOculto.AccessibleContext.accessibleDescription' o es vacía.
2024-09-17 17:13:34 WARN  StandardResourceBundle:33 - El bundle creado por 'EntornoEpidatBundle' no ha encontrado la clave 'EpidatForm.text' o es vacía.
2024-09-17 17:13:34 WARN  StandardResourceBundle:33 - El bundle creado por 'EntornoEpidatBundle' no ha encontrado la clave 'EpidatForm.text' o es vacía.
2024-09-17 17:13:34 WARN  StandardResourceBundle:33 - El bundle creado por 'EntornoEpidatBundle' no ha encontrado la clave 'EpidatForm.text' o es vacía.
2024-09-17 17:13:34 WARN  StandardResourceBundle:33 - El bundle creado por 'EntornoEpidatBundle' no ha encontrado la clave 'EpidatForm.botonColor.text' o es vacía.
2024-09-17 17:13:34 WARN  StandardResourceBundle:33 - El bundle creado por 'EntornoEpidatBundle' no ha encontrado la clave 'EpidatForm.botonAlineaI.text' o es vacía.
2024-09-17 17:13:34 WARN  StandardResourceBundle:33 - El bundle creado por 'EntornoEpidatBundle' no ha encontrado la clave 'EpidatForm.botonAlineaC.text' o es vacía.
2024-09-17 17:13:34 WARN  StandardResourceBundle:33 - El bundle creado por 'EntornoEpidatBundle' no ha encontrado la clave 'EpidatForm.botonAlineaD.text' o es vacía.
2024-09-17 17:13:34 WARN  StandardResourceBundle:33 - El bundle creado por 'EntornoEpidatBundle' no ha encontrado la clave 'EpidatForm.botonAlineaJ.text' o es vacía.
2024-09-17 17:13:34 WARN  StandardResourceBundle:33 - El bundle creado por 'EntornoEpidatBundle' no ha encontrado la clave 'EpidatForm.nomArchivoPresentado.text' o es vacía.
2024-09-17 17:13:34 WARN  StandardResourceBundle:33 - El bundle creado por 'EntornoEpidatBundle' no ha encontrado la clave 'EpidatForm.labelProgreso.text' o es vacía.
2024-09-17 17:13:34 DEBUG PluginEstandar:42 - Aplicando cambios de plugin 'Plugin'...
2024-09-17 17:13:34 DEBUG CambioUIMenu:104 - Insertando item de menú 'Análisis descriptivo' en posicion 0
2024-09-17 17:13:34 DEBUG CambioUIMenu:113 - Insertando item de menú 'Tablas de frecuencias' en posicion 0
2024-09-17 17:13:34 DEBUG CambioUIMenu:113 - Insertando item de menú 'Tablas de contingencia' en posicion 1
2024-09-17 17:13:34 DEBUG CambioUIMenu:113 - Insertando item de menú 'Estadísticos descriptivos' en posicion 2
2024-09-17 17:13:34 DEBUG CambioUIMenu:113 - Insertando item de menú 'Correlación' en posicion 3
2024-09-17 17:13:34 DEBUG CambioUIMenu:104 - Insertando item de menú 'Gráficos' en posicion 4
2024-09-17 17:13:34 DEBUG CambioUIMenu:113 - Insertando item de menú 'Barras' en posicion 0
2024-09-17 17:13:34 DEBUG CambioUIMenu:113 - Insertando item de menú 'Sectores' en posicion 1
2024-09-17 17:13:34 DEBUG CambioUIMenu:113 - Insertando item de menú 'Líneas' en posicion 2
2024-09-17 17:13:34 DEBUG CambioUIMenu:113 - Insertando item de menú 'Dispersión' en posicion 3
2024-09-17 17:13:34 DEBUG CambioUIMenu:113 - Insertando item de menú 'Histograma' en posicion 4
2024-09-17 17:13:34 DEBUG CambioUIMenu:113 - Insertando item de menú 'Diagrama de cajas' en posicion 5
2024-09-17 17:13:34 DEBUG CambioUIMenu:113 - Insertando item de menú 'Intervalos de confianza' en posicion 6
2024-09-17 17:13:34 DEBUG PluginEstandar:42 - Aplicando cambios de plugin 'modulosFaltantes'...
2024-09-17 17:13:34 DEBUG CambioUIMenu:113 - Insertando item de menú 'Módulos aún no implementados' en posicion 2
2024-09-17 17:13:34 DEBUG PluginEstandar:42 - Aplicando cambios de plugin 'Muestreo 1'...
2024-09-17 17:13:34 DEBUG CambioUIMenu:104 - Insertando item de menú 'Muestreo' en posicion 1
2024-09-17 17:13:34 DEBUG CambioUIMenu:104 - Insertando item de menú 'Cálculo de tamaños de muestra' en posicion 0
2024-09-17 17:13:34 DEBUG CambioUIMenu:104 - Insertando item de menú 'Intervalos de confianza' en posicion 0
2024-09-17 17:13:34 DEBUG CambioUIMenu:113 - Insertando item de menú 'Media' en posicion 0
2024-09-17 17:13:34 DEBUG CambioUIMenu:113 - Insertando item de menú 'Proporción' en posicion 1
2024-09-17 17:13:34 DEBUG CambioUIMenu:113 - Insertando item de menú 'Odds ratio' en posicion 2
2024-09-17 17:13:34 DEBUG CambioUIMenu:113 - Insertando item de menú 'Riesgo relativo' en posicion 3
2024-09-17 17:13:34 DEBUG CambioUIMenu:113 - Insertando item de menú 'Concordancia' en posicion 4
2024-09-17 17:13:34 DEBUG CambioUIMenu:113 - Insertando item de menú 'Pruebas diagnósticas' en posicion 5
2024-09-17 17:13:34 DEBUG CambioUIMenu:104 - Insertando item de menú 'Contraste de hipótesis' en posicion 1
2024-09-17 17:13:34 DEBUG CambioUIMenu:104 - Insertando item de menú 'Comparación de medias' en posicion 0
2024-09-17 17:13:34 DEBUG CambioUIMenu:113 - Insertando item de menú 'Grupos independientes' en posicion 0
2024-09-17 17:13:34 DEBUG CambioUIMenu:113 - Insertando item de menú 'Grupos emparejados' en posicion 1
2024-09-17 17:13:34 DEBUG CambioUIMenu:104 - Insertando item de menú 'Comparación de proporciones' en posicion 1
2024-09-17 17:13:34 DEBUG CambioUIMenu:113 - Insertando item de menú 'Grupos independientes' en posicion 0
2024-09-17 17:13:34 DEBUG CambioUIMenu:113 - Insertando item de menú 'Grupos emparejados' en posicion 1
2024-09-17 17:13:34 DEBUG CambioUIMenu:104 - Insertando item de menú 'Estudios de casos y controles' en posicion 2
2024-09-17 17:13:34 DEBUG CambioUIMenu:113 - Insertando item de menú 'Grupos independientes' en posicion 0
2024-09-17 17:13:34 DEBUG CambioUIMenu:113 - Insertando item de menú 'Estudios de cohorte' en posicion 3
2024-09-17 17:13:34 DEBUG CambioUIMenu:113 - Insertando item de menú 'Grupos emparejados' en posicion 1
2024-09-17 17:13:34 DEBUG CambioUIMenu:104 - Insertando item de menú 'Estudios de equivalencia' en posicion 4
2024-09-17 17:13:34 DEBUG CambioUIMenu:113 - Insertando item de menú 'Equivalencia de medias' en posicion 0
2024-09-17 17:13:34 DEBUG CambioUIMenu:113 - Insertando item de menú 'Equivalencia de proporciones' en posicion 1
2024-09-17 17:13:34 DEBUG CambioUIMenu:104 - Insertando item de menú 'Pruebas diagnósticas' en posicion 5
2024-09-17 17:13:34 DEBUG CambioUIMenu:113 - Insertando item de menú 'Grupos independientes' en posicion 0
2024-09-17 17:13:34 DEBUG CambioUIMenu:113 - Insertando item de menú 'Grupos emparejados' en posicion 1
2024-09-17 17:13:34 DEBUG CambioUIMenu:113 - Insertando item de menú 'Calidad de lotes' en posicion 6
2024-09-17 17:13:34 DEBUG CambioUIMenu:113 - Insertando item de menú 'Supervivencia' en posicion 7
2024-09-17 17:13:34 DEBUG CambioUIMenu:113 - Insertando item de menú 'Coeficiente de correlación' en posicion 8
2024-09-17 17:13:34 DEBUG PluginEstandar:42 - Aplicando cambios de plugin 'Muestreo 2'...
2024-09-17 17:13:34 DEBUG CambioUIMenu:104 - Insertando item de menú 'Selección de muestras' en posicion 1
2024-09-17 17:13:34 DEBUG CambioUIMenu:113 - Insertando item de menú 'Muestreo simple aleatorio' en posicion 0
2024-09-17 17:13:34 DEBUG CambioUIMenu:113 - Insertando item de menú 'Muestreo sistemático' en posicion 1
2024-09-17 17:13:34 DEBUG CambioUIMenu:113 - Insertando item de menú 'Muestreo aleatorio estratificado' en posicion 2
2024-09-17 17:13:34 DEBUG CambioUIMenu:113 - Insertando item de menú 'Muestreo por conglomerados monoetápico' en posicion 3
2024-09-17 17:13:34 DEBUG CambioUIMenu:113 - Insertando item de menú 'Muestreo por conglomerados bietápico' en posicion 4
2024-09-17 17:13:34 DEBUG CambioUIMenu:113 - Insertando item de menú 'Muestreo por conglomerados monoetápico estratificado' en posicion 5
2024-09-17 17:13:34 DEBUG CambioUIMenu:113 - Insertando item de menú 'Muestreo por conglomerados bietápico estratificado' en posicion 6
2024-09-17 17:13:34 DEBUG CambioUIMenu:113 - Insertando item de menú 'Asignación de sujetos a tratamientos' en posicion 2
2024-09-17 17:13:34 DEBUG CambioUIMenu:113 - Insertando item de menú 'Estimación con muestras complejas' en posicion 3
2024-09-17 17:13:34 DEBUG PluginEstandar:42 - Aplicando cambios de plugin 'Dialogo Acerca de ...'...
2024-09-17 17:13:34 DEBUG CambioUIMenu:113 - Insertando item de menú 'Acerca de' en posicion 3
2024-09-17 17:13:34 DEBUG PluginEstandar:42 - Aplicando cambios de plugin 'Herramientas'...
2024-09-17 17:13:34 DEBUG CambioUIMenu:113 - Insertando item de menú 'Opciones' en posicion 0
2024-09-17 17:13:34 DEBUG PluginEstandar:42 - Aplicando cambios de plugin 'inferenciasobreparametros'...
2024-09-17 17:13:34 DEBUG CambioUIMenu:104 - Insertando item de menú 'Inferencia sobre parámetros' en posicion 2
2024-09-17 17:13:34 DEBUG CambioUIMenu:104 - Insertando item de menú 'Una población' en posicion 0
2024-09-17 17:13:34 DEBUG CambioUIMenu:113 - Insertando item de menú 'Media' en posicion 0
2024-09-17 17:13:34 DEBUG CambioUIMenu:113 - Insertando item de menú 'Proporción' en posicion 1
2024-09-17 17:13:34 DEBUG CambioUIMenu:113 - Insertando item de menú 'Percentiles' en posicion 2
2024-09-17 17:13:34 DEBUG CambioUIMenu:113 - Insertando item de menú 'Correlación' en posicion 3
2024-09-17 17:13:34 DEBUG CambioUIMenu:113 - Insertando item de menú 'Tasa de incidencia' en posicion 4
2024-09-17 17:13:34 DEBUG CambioUIMenu:113 - Insertando item de menú 'Índice de posición' en posicion 5
2024-09-17 17:13:34 DEBUG CambioUIMenu:104 - Insertando item de menú 'Dos poblaciones' en posicion 1
2024-09-17 17:13:34 DEBUG CambioUIMenu:113 - Insertando item de menú 'Medias independientes' en posicion 0
2024-09-17 17:13:34 DEBUG CambioUIMenu:113 - Insertando item de menú 'Medias emparejadas' en posicion 1
2024-09-17 17:13:34 DEBUG CambioUIMenu:113 - Insertando item de menú 'Proporciones independientes' en posicion 2
2024-09-17 17:13:34 DEBUG CambioUIMenu:113 - Insertando item de menú 'Proporciones emparejadas' en posicion 3
2024-09-17 17:13:34 DEBUG CambioUIMenu:113 - Insertando item de menú 'Tasas de incidencia' en posicion 4
2024-09-17 17:13:34 DEBUG CambioUIMenu:104 - Insertando item de menú 'Comparación no paramétrica' en posicion 2
2024-09-17 17:13:34 DEBUG CambioUIMenu:113 - Insertando item de menú 'Medias independientes' en posicion 0
2024-09-17 17:13:34 DEBUG CambioUIMenu:113 - Insertando item de menú 'Medias emparejadas' en posicion 1
2024-09-17 17:13:34 DEBUG CambioUIMenu:113 - Insertando item de menú 'Contraste de normalidad' en posicion 3
2024-09-17 17:13:34 DEBUG PluginEstandar:42 - Aplicando cambios de plugin 'Herramientas'...
2024-09-17 17:13:34 DEBUG CambioUIMenu:113 - Insertando item de menú 'Idioma' en posicion 1
2024-09-17 17:13:34 DEBUG PluginEstandar:42 - Aplicando cambios de plugin 'ConcordanciaYConsistencia'...
2024-09-17 17:13:34 DEBUG CambioUIMenu:104 - Insertando item de menú 'Concordancia y consistencia' en posicion 3
2024-09-17 17:13:34 DEBUG CambioUIMenu:104 - Insertando item de menú 'Concordancia' en posicion 0
2024-09-17 17:13:34 DEBUG CambioUIMenu:113 - Insertando item de menú '2 Observadores' en posicion 0
2024-09-17 17:13:34 DEBUG CambioUIMenu:104 - Insertando item de menú '3 o más observadores' en posicion 1
2024-09-17 17:13:34 DEBUG CambioUIMenu:113 - Insertando item de menú '2 categorías' en posicion 0
2024-09-17 17:13:34 DEBUG CambioUIMenu:113 - Insertando item de menú '3 ó más categorías' en posicion 1
2024-09-17 17:13:34 DEBUG CambioUIMenu:113 - Insertando item de menú 'Comparación de kappas' en posicion 2
2024-09-17 17:13:34 DEBUG CambioUIMenu:113 - Insertando item de menú 'Coeficiente de correlación intraclase' en posicion 3
2024-09-17 17:13:34 DEBUG CambioUIMenu:113 - Insertando item de menú 'Método de Bland y Altman' en posicion 4
2024-09-17 17:13:34 DEBUG CambioUIMenu:104 - Insertando item de menú 'Consistencia' en posicion 1
2024-09-17 17:13:34 DEBUG CambioUIMenu:113 - Insertando item de menú 'Alpha de Cronbach' en posicion 0
2024-09-17 17:13:34 DEBUG PluginEstandar:42 - Aplicando cambios de plugin 'ajusteDeTasas'...
2024-09-17 17:13:34 DEBUG CambioUIMenu:104 - Insertando item de menú 'Ajuste de tasas' en posicion 4
2024-09-17 17:13:34 DEBUG CambioUIMenu:113 - Insertando item de menú 'Método directo' en posicion 0
2024-09-17 17:13:34 DEBUG CambioUIMenu:113 - Insertando item de menú 'Método indirecto' en posicion 1
2024-09-17 17:13:34 DEBUG PluginEstandar:42 - Aplicando cambios de plugin 'Demografía'...
2024-09-17 17:13:34 DEBUG CambioUIMenu:104 - Insertando item de menú 'Demografía' en posicion 5
2024-09-17 17:13:34 DEBUG CambioUIMenu:104 - Insertando item de menú 'Pirámides e indicadores' en posicion 0
2024-09-17 17:13:34 DEBUG CambioUIMenu:113 - Insertando item de menú 'Pirámides de población' en posicion 0
2024-09-17 17:13:34 DEBUG CambioUIMenu:113 - Insertando item de menú 'Indicadores de estructura' en posicion 1
2024-09-17 17:13:34 DEBUG CambioUIMenu:113 - Insertando item de menú 'Indicadores de fecundidad' en posicion 2
2024-09-17 17:13:34 DEBUG CambioUIMenu:113 - Insertando item de menú 'Tablas de mortalidad' en posicion 1
2024-09-17 17:13:34 DEBUG CambioUIMenu:113 - Insertando item de menú 'Expectativas de salud' en posicion 2
2024-09-17 17:13:34 DEBUG CambioUIMenu:104 - Insertando item de menú 'Años potenciales de vida perdidos' en posicion 3
2024-09-17 17:13:34 DEBUG CambioUIMenu:104 - Insertando item de menú 'APVP y tasa bruta' en posicion 0
2024-09-17 17:13:34 DEBUG CambioUIMenu:113 - Insertando item de menú 'Una causa y varias poblaciones' en posicion 0
2024-09-17 17:13:34 DEBUG CambioUIMenu:113 - Insertando item de menú 'Varias causas y una población' en posicion 1
2024-09-17 17:13:34 DEBUG CambioUIMenu:113 - Insertando item de menú 'Tasa de APVP ajustada' en posicion 1
2024-09-17 17:13:34 DEBUG CambioUIMenu:113 - Insertando item de menú 'Descomposición del cambio en la EV' en posicion 4
2024-09-17 17:13:34 DEBUG CambioUIMenu:104 - Insertando item de menú 'Años de esperanza de vida perdidos' en posicion 5
2024-09-17 17:13:34 DEBUG CambioUIMenu:113 - Insertando item de menú 'Un período' en posicion 0
2024-09-17 17:13:34 DEBUG CambioUIMenu:113 - Insertando item de menú 'Comparación de dos períodos' en posicion 1
2024-09-17 17:13:34 DEBUG PluginEstandar:42 - Aplicando cambios de plugin 'modulo'...
2024-09-17 17:13:34 DEBUG CambioUIMenu:104 - Insertando item de menú 'Estimacion de la mortalidad atribuida' en posicion 6
2024-09-17 17:13:34 DEBUG CambioUIMenu:104 - Insertando item de menú 'Al consumo de tabaco' en posicion 0
2024-09-17 17:13:34 DEBUG CambioUIMenu:104 - Insertando item de menú 'Método dependiente de prevalencia' en posicion 0
2024-09-17 17:13:34 DEBUG CambioUIMenu:113 - Insertando item de menú 'Riesgos del estudio CPSII' en posicion 0
2024-09-17 17:13:34 DEBUG CambioUIMenu:113 - Insertando item de menú 'Riesgos de un estudio de cohortes' en posicion 1
2024-09-17 17:13:34 DEBUG CambioUIMenu:113 - Insertando item de menú 'Riesgos de un estudio de casos y controles' en posicion 2
2024-09-17 17:13:34 DEBUG CambioUIMenu:104 - Insertando item de menú 'Método independiente de prevalencia' en posicion 1
2024-09-17 17:13:34 DEBUG CambioUIMenu:113 - Insertando item de menú 'Riesgos del estudio CPSII' en posicion 0
2024-09-17 17:13:34 DEBUG CambioUIMenu:113 - Insertando item de menú 'Riesgos de un estudio de cohortes' en posicion 1
2024-09-17 17:13:34 DEBUG CambioUIMenu:104 - Insertando item de menú 'A otro factor de riesgo' en posicion 1
2024-09-17 17:13:34 DEBUG CambioUIMenu:113 - Insertando item de menú 'Riesgos de un estudio de cohortes' en posicion 0
2024-09-17 17:13:34 DEBUG CambioUIMenu:113 - Insertando item de menú 'Riesgos de un estudio de casos y controles' en posicion 1
2024-09-17 17:13:34 DEBUG PluginEstandar:42 - Aplicando cambios de plugin 'regresion'...
2024-09-17 17:13:34 DEBUG CambioUIMenu:104 - Insertando item de menú 'Regresión logística' en posicion 7
2024-09-17 17:13:34 DEBUG CambioUIMenu:113 - Insertando item de menú 'Regresión logística' en posicion 0
2024-09-17 17:13:34 DEBUG PluginEstandar:42 - Aplicando cambios de plugin 'Distribuciones de probabilidad'...
2024-09-17 17:13:34 DEBUG CambioUIMenu:104 - Insertando item de menú 'Distribuciones de probabilidad' en posicion 8
2024-09-17 17:13:34 DEBUG CambioUIMenu:104 - Insertando item de menú 'Cálculo de probabilidades' en posicion 0
2024-09-17 17:13:34 DEBUG CambioUIMenu:113 - Insertando item de menú 'Distribuciones discretas' en posicion 0
2024-09-17 17:13:34 DEBUG CambioUIMenu:113 - Insertando item de menú 'Distribuciones continuas' en posicion 1
2024-09-17 17:13:34 DEBUG CambioUIMenu:104 - Insertando item de menú 'Generación de distribuciones' en posicion 1
2024-09-17 17:13:34 DEBUG CambioUIMenu:113 - Insertando item de menú 'Distribuciones discretas' en posicion 0
2024-09-17 17:13:34 DEBUG CambioUIMenu:113 - Insertando item de menú 'Distribuciones continuas' en posicion 1
2024-09-17 17:13:34 DEBUG PluginEstandar:42 - Aplicando cambios de plugin 'analisisBayesiano'...
2024-09-17 17:13:34 DEBUG CambioUIMenu:104 - Insertando item de menú 'Análisis bayesiano' en posicion 9
2024-09-17 17:13:34 DEBUG CambioUIMenu:113 - Insertando item de menú 'Teorema de Bayes' en posicion 0
2024-09-17 17:13:34 DEBUG CambioUIMenu:113 - Insertando item de menú 'Odds ratio' en posicion 1
2024-09-17 17:13:34 DEBUG CambioUIMenu:104 - Insertando item de menú 'Proporción' en posicion 2
2024-09-17 17:13:34 DEBUG CambioUIMenu:104 - Insertando item de menú 'Una población' en posicion 0
2024-09-17 17:13:34 DEBUG CambioUIMenu:113 - Insertando item de menú 'Estimación de una proporción' en posicion 0
2024-09-17 17:13:34 DEBUG CambioUIMenu:113 - Insertando item de menú 'Valoración de hipótesis' en posicion 1
2024-09-17 17:13:34 DEBUG CambioUIMenu:104 - Insertando item de menú 'Dos poblaciones' en posicion 1
2024-09-17 17:13:34 DEBUG CambioUIMenu:113 - Insertando item de menú 'Estimación de efectos' en posicion 0
2024-09-17 17:13:34 DEBUG CambioUIMenu:113 - Insertando item de menú 'Valoración de hipótesis' en posicion 1
2024-09-17 17:13:34 DEBUG CambioUIMenu:104 - Insertando item de menú 'Media' en posicion 3
2024-09-17 17:13:34 DEBUG CambioUIMenu:104 - Insertando item de menú 'Una población' en posicion 0
2024-09-17 17:13:34 DEBUG CambioUIMenu:113 - Insertando item de menú 'Estimación de una media' en posicion 0
2024-09-17 17:13:34 DEBUG CambioUIMenu:113 - Insertando item de menú 'Valoración de hipótesis' en posicion 1
2024-09-17 17:13:34 DEBUG CambioUIMenu:104 - Insertando item de menú 'Dos poblaciones' en posicion 1
2024-09-17 17:13:34 DEBUG CambioUIMenu:113 - Insertando item de menú 'Estimación de una diferencia' en posicion 0
2024-09-17 17:13:34 DEBUG CambioUIMenu:113 - Insertando item de menú 'Valoración de hipótesis' en posicion 1
2024-09-17 17:13:34 DEBUG CambioUIMenu:113 - Insertando item de menú 'Valoración de pruebas convencionales' en posicion 4
2024-09-17 17:13:34 DEBUG PluginEstandar:42 - Aplicando cambios de plugin 'privaciones'...
2024-09-17 17:13:34 DEBUG CambioUIMenu:104 - Insertando item de menú 'Índices de desarrollo o privación' en posicion 10
2024-09-17 17:13:34 DEBUG CambioUIMenu:113 - Insertando item de menú 'Índice de desarrollo humano (IDH)' en posicion 0
2024-09-17 17:13:34 DEBUG CambioUIMenu:113 - Insertando item de menú 'Índice de desarrollo humano corregido para desigualdad de género (IDHG)' en posicion 1
2024-09-17 17:13:34 DEBUG CambioUIMenu:113 - Insertando item de menú 'Índice de Pobreza 1 (IP1)' en posicion 2
2024-09-17 17:13:34 DEBUG CambioUIMenu:113 - Insertando item de menú 'Índice de Pobreza 2 (IP2)' en posicion 3
2024-09-17 17:13:34 DEBUG CambioUIMenu:113 - Insertando item de menú 'Índice de pobreza multidimensional (IPM)' en posicion 4
2024-09-17 17:13:34 DEBUG CambioUIMenu:113 - Insertando item de menú 'Índice de desarrollo de la niñez (IDN)' en posicion 5
2024-09-17 17:13:34 DEBUG CambioUIMenu:113 - Insertando item de menú 'Índice de oportunidades en la niñez (ION)' en posicion 6
2024-09-17 17:13:34 DEBUG PluginEstandar:42 - Aplicando cambios de plugin 'Medición de Desigualdades'...
2024-09-17 17:13:34 DEBUG CambioUIMenu:104 - Insertando item de menú 'Medición de desigualdades en salud' en posicion 11
2024-09-17 17:13:34 DEBUG CambioUIMenu:104 - Insertando item de menú 'Índices para categorías ordenadas' en posicion 0
2024-09-17 17:13:34 DEBUG CambioUIMenu:113 - Insertando item de menú 'Índices basados en comparaciones dos a dos' en posicion 0
2024-09-17 17:13:34 DEBUG CambioUIMenu:113 - Insertando item de menú 'Índices basados en el modelo de regresión' en posicion 1
2024-09-17 17:13:34 DEBUG CambioUIMenu:104 - Insertando item de menú 'Índice de Gini e índice de concentración' en posicion 2
2024-09-17 17:13:34 DEBUG CambioUIMenu:113 - Insertando item de menú 'Índice de Gini y curva de Lorenz' en posicion 0
2024-09-17 17:13:34 DEBUG CambioUIMenu:113 - Insertando item de menú 'Índice y curva de concentración' en posicion 1
2024-09-17 17:13:34 DEBUG CambioUIMenu:104 - Insertando item de menú 'Índices para categorías no ordenadas' en posicion 1
2024-09-17 17:13:34 DEBUG CambioUIMenu:113 - Insertando item de menú 'Índices basados en comparaciones dos a dos' en posicion 0
2024-09-17 17:13:34 DEBUG CambioUIMenu:113 - Insertando item de menú 'Índices de dispersión' en posicion 1
2024-09-17 17:13:34 DEBUG CambioUIMenu:113 - Insertando item de menú 'Índices basados en la comparación de distribuciones de probabilidad' en posicion 2
2024-09-17 17:13:34 DEBUG CambioUIMenu:113 - Insertando item de menú 'Índice de efecto' en posicion 2
2024-09-17 17:15:08 WARN  StandardResourceBundle:33 - El bundle creado por 'EntornoEpidatBundle' no ha encontrado la clave 'calcular' o es vacía.
2024-09-17 17:15:08 WARN  StandardResourceBundle:33 - El bundle creado por 'EntornoEpidatBundle' no ha encontrado la clave 'ocultar' o es vacía.
2024-09-17 17:15:08 WARN  StandardResourceBundle:33 - El bundle creado por 'EntornoEpidatBundle' no ha encontrado la clave 'limpiar' o es vacía.
2024-09-17 17:15:08 WARN  StandardResourceBundle:33 - El bundle creado por 'EntornoEpidatBundle' no ha encontrado la clave 'generar.grafico' o es vacía.
2024-09-17 17:15:08 WARN  StandardResourceBundle:33 - El bundle creado por 'EntornoEpidatBundle' no ha encontrado la clave 'calcular' o es vacía.
2024-09-17 17:15:08 WARN  StandardResourceBundle:33 - El bundle creado por 'EntornoEpidatBundle' no ha encontrado la clave 'ocultar' o es vacía.
2024-09-17 17:15:08 WARN  StandardResourceBundle:33 - El bundle creado por 'EntornoEpidatBundle' no ha encontrado la clave 'limpiar' o es vacía.
2024-09-17 17:15:08 WARN  StandardResourceBundle:33 - El bundle creado por 'EntornoEpidatBundle' no ha encontrado la clave 'generar.grafico' o es vacía.
2024-09-17 17:15:08 WARN  StandardResourceBundle:33 - El bundle creado por 'EntornoEpidatBundle' no ha encontrado la clave 'calcular' o es vacía.
2024-09-17 17:15:08 WARN  StandardResourceBundle:33 - El bundle creado por 'EntornoEpidatBundle' no ha encontrado la clave 'ocultar' o es vacía.
2024-09-17 17:15:08 WARN  StandardResourceBundle:33 - El bundle creado por 'EntornoEpidatBundle' no ha encontrado la clave 'limpiar' o es vacía.
2024-09-17 17:15:08 WARN  StandardResourceBundle:33 - El bundle creado por 'EntornoEpidatBundle' no ha encontrado la clave 'generar.grafico' o es vacía.
2024-09-17 17:15:08 WARN  StandardResourceBundle:33 - El bundle creado por 'EntornoEpidatBundle' no ha encontrado la clave 'calcular' o es vacía.
2024-09-17 17:15:08 WARN  StandardResourceBundle:33 - El bundle creado por 'EntornoEpidatBundle' no ha encontrado la clave 'ocultar' o es vacía.
2024-09-17 17:15:08 WARN  StandardResourceBundle:33 - El bundle creado por 'EntornoEpidatBundle' no ha encontrado la clave 'limpiar' o es vacía.
2024-09-17 17:15:08 WARN  StandardResourceBundle:33 - El bundle creado por 'EntornoEpidatBundle' no ha encontrado la clave 'generar.grafico' o es vacía.
2024-09-17 17:16:05 WARN  StandardResourceBundle:33 - El bundle creado por 'EntornoEpidatBundle' no ha encontrado la clave 'calcular' o es vacía.
2024-09-17 17:16:05 WARN  StandardResourceBundle:33 - El bundle creado por 'EntornoEpidatBundle' no ha encontrado la clave 'ocultar' o es vacía.
2024-09-17 17:16:05 WARN  StandardResourceBundle:33 - El bundle creado por 'EntornoEpidatBundle' no ha encontrado la clave 'limpiar' o es vacía.
2024-09-17 17:16:05 WARN  StandardResourceBundle:33 - El bundle creado por 'EntornoEpidatBundle' no ha encontrado la clave 'generar.grafico' o es vacía.
2024-09-17 17:16:05 WARN  StandardResourceBundle:33 - El bundle creado por 'EntornoEpidatBundle' no ha encontrado la clave 'calcular' o es vacía.
2024-09-17 17:16:05 WARN  StandardResourceBundle:33 - El bundle creado por 'EntornoEpidatBundle' no ha encontrado la clave 'ocultar' o es vacía.
2024-09-17 17:16:05 WARN  StandardResourceBundle:33 - El bundle creado por 'EntornoEpidatBundle' no ha encontrado la clave 'limpiar' o es vacía.
2024-09-17 17:16:05 WARN  StandardResourceBundle:33 - El bundle creado por 'EntornoEpidatBundle' no ha encontrado la clave 'generar.grafico' o es vacía.
2024-09-17 17:16:05 WARN  StandardResourceBundle:33 - El bundle creado por 'EntornoEpidatBundle' no ha encontrado la clave 'calcular' o es vacía.
2024-09-17 17:16:05 WARN  StandardResourceBundle:33 - El bundle creado por 'EntornoEpidatBundle' no ha encontrado la clave 'ocultar' o es vacía.
2024-09-17 17:16:05 WARN  StandardResourceBundle:33 - El bundle creado por 'EntornoEpidatBundle' no ha encontrado la clave 'limpiar' o es vacía.
2024-09-17 17:16:05 WARN  StandardResourceBundle:33 - El bundle creado por 'EntornoEpidatBundle' no ha encontrado la clave 'generar.grafico' o es vacía.
2024-09-17 17:16:05 WARN  StandardResourceBundle:33 - El bundle creado por 'EntornoEpidatBundle' no ha encontrado la clave 'calcular' o es vacía.
2024-09-17 17:16:05 WARN  StandardResourceBundle:33 - El bundle creado por 'EntornoEpidatBundle' no ha encontrado la clave 'ocultar' o es vacía.
2024-09-17 17:16:05 WARN  StandardResourceBundle:33 - El bundle creado por 'EntornoEpidatBundle' no ha encontrado la clave 'limpiar' o es vacía.
2024-09-17 17:16:05 WARN  StandardResourceBundle:33 - El bundle creado por 'EntornoEpidatBundle' no ha encontrado la clave 'generar.grafico' o es vacía.
2024-12-21 21:07:57 INFO  Aplicacion:99 - Arrancando EPIDAT...
2024-12-21 21:07:57 INFO  Aplicacion:222 - 





2024-12-21 21:07:57 INFO  Aplicacion:223 - --------------------------------------------------------
2024-12-21 21:07:57 INFO  Aplicacion:224 - EPIDAT v4.2
2024-12-21 21:07:57 INFO  Aplicacion:225 - 		Fecha de arranque: 21-dic-2024 21:07:57
2024-12-21 21:07:57 INFO  Aplicacion:226 - 		Idioma: ES
2024-12-21 21:07:57 INFO  Aplicacion:227 - --------------------------------------------------------
2024-12-21 21:07:57 INFO  Aplicacion:228 - 

2024-12-21 21:07:58 DEBUG LeerPlugins:43 - Directorio Base:.\bin
2024-12-21 21:07:58 DEBUG LeerPlugins:71 - AjusteDeTasas.xml: Plugin 'ajusteDeTasas - 1.0 (indice 8)'
2024-12-21 21:07:58 DEBUG LeerPlugins:75 - 	Creada opción de menú 'Módulos/Ajuste de tasas/Método directo' con accion 'ajusteTasas.interfaz.AccionAjusteTasasDirecto'
2024-12-21 21:07:58 DEBUG LeerPlugins:75 - 	Creada opción de menú 'Módulos/Ajuste de tasas/Método indirecto' con accion 'ajusteTasas.interfaz.AccionAjusteTasasIndirecto'
2024-12-21 21:07:58 DEBUG LeerPlugins:71 - AnalisisBayesiano.xml: Plugin 'analisisBayesiano - 1.0 (indice 14)'
2024-12-21 21:07:58 DEBUG LeerPlugins:75 - 	Creada opción de menú 'Módulos/Análisis bayesiano/Teorema de Bayes' con accion 'analisisBayesiano.interfaz.ABTeoremaPlugin'
2024-12-21 21:07:58 DEBUG LeerPlugins:75 - 	Creada opción de menú 'Módulos/Análisis bayesiano/Odds ratio' con accion 'analisisBayesiano.interfaz.ABOddsRatioPlugin'
2024-12-21 21:07:58 DEBUG LeerPlugins:75 - 	Creada opción de menú 'Módulos/Análisis bayesiano/Proporción/Una población/Estimación de una proporción' con accion 'analisisBayesiano.interfaz.ABProporcionUnaEstimacionPlugin'
2024-12-21 21:07:58 DEBUG LeerPlugins:75 - 	Creada opción de menú 'Módulos/Análisis bayesiano/Proporción/Una población/Valoración de hipótesis' con accion 'analisisBayesiano.interfaz.ABProporcionUnaValoracionPlugin'
2024-12-21 21:07:58 DEBUG LeerPlugins:75 - 	Creada opción de menú 'Módulos/Análisis bayesiano/Proporción/Dos poblaciones/Estimación de efectos' con accion 'analisisBayesiano.interfaz.ABProporcionDosEstimacionPlugin'
2024-12-21 21:07:58 DEBUG LeerPlugins:75 - 	Creada opción de menú 'Módulos/Análisis bayesiano/Proporción/Dos poblaciones/Valoración de hipótesis' con accion 'analisisBayesiano.interfaz.ABProporcionDosValoracionPlugin'
2024-12-21 21:07:58 DEBUG LeerPlugins:75 - 	Creada opción de menú 'Módulos/Análisis bayesiano/Media/Una población/Estimación de una media' con accion 'analisisBayesiano.interfaz.ABMediaUnaEstimacionPlugin'
2024-12-21 21:07:58 DEBUG LeerPlugins:75 - 	Creada opción de menú 'Módulos/Análisis bayesiano/Media/Una población/Valoración de hipótesis' con accion 'analisisBayesiano.interfaz.ABMediaUnaValoracionPlugin'
2024-12-21 21:07:58 DEBUG LeerPlugins:75 - 	Creada opción de menú 'Módulos/Análisis bayesiano/Media/Dos poblaciones/Estimación de una diferencia' con accion 'analisisBayesiano.interfaz.ABMediaDosEstimacionPlugin'
2024-12-21 21:07:58 DEBUG LeerPlugins:75 - 	Creada opción de menú 'Módulos/Análisis bayesiano/Media/Dos poblaciones/Valoración de hipótesis' con accion 'analisisBayesiano.interfaz.ABMediaDosValoracionPlugin'
2024-12-21 21:07:58 DEBUG LeerPlugins:75 - 	Creada opción de menú 'Módulos/Análisis bayesiano/Valoración de pruebas convencionales' con accion 'analisisBayesiano.interfaz.ABValoracionPlugin'
2024-12-21 21:07:58 DEBUG LeerPlugins:71 - AnalisisDescriptivo.xml: Plugin 'Plugin - 1.0 (indice 0)'
2024-12-21 21:07:58 DEBUG LeerPlugins:75 - 	Creada opción de menú 'Módulos/Análisis descriptivo/Tablas de frecuencias' con accion 'analisisDescriptivo.interfaz.TablasFrecuenciaAccionPlugin'
2024-12-21 21:07:58 DEBUG LeerPlugins:75 - 	Creada opción de menú 'Módulos/Análisis descriptivo/Tablas de contingencia' con accion 'analisisDescriptivo.interfaz.TablasContingenciaAccionPlugin'
2024-12-21 21:07:58 DEBUG LeerPlugins:75 - 	Creada opción de menú 'Módulos/Análisis descriptivo/Estadísticos descriptivos' con accion 'analisisDescriptivo.interfaz.EstadisticosDescriptivosAccionPlugin'
2024-12-21 21:07:58 DEBUG LeerPlugins:75 - 	Creada opción de menú 'Módulos/Análisis descriptivo/Correlación' con accion 'analisisDescriptivo.interfaz.CorrelacionAccionPlugin'
2024-12-21 21:07:58 DEBUG LeerPlugins:75 - 	Creada opción de menú 'Módulos/Análisis descriptivo/Gráficos/Barras' con accion 'analisisDescriptivo.interfaz.GraficosBarrasAccionPlugin'
2024-12-21 21:07:58 DEBUG LeerPlugins:75 - 	Creada opción de menú 'Módulos/Análisis descriptivo/Gráficos/Sectores' con accion 'analisisDescriptivo.interfaz.GraficosSectoresAccionPlugin'
2024-12-21 21:07:58 DEBUG LeerPlugins:75 - 	Creada opción de menú 'Módulos/Análisis descriptivo/Gráficos/Líneas' con accion 'analisisDescriptivo.interfaz.GraficosLineasAccionPlugin'
2024-12-21 21:07:58 DEBUG LeerPlugins:75 - 	Creada opción de menú 'Módulos/Análisis descriptivo/Gráficos/Dispersión' con accion 'analisisDescriptivo.interfaz.GraficosDispersionAccionPlugin'
2024-12-21 21:07:58 DEBUG LeerPlugins:75 - 	Creada opción de menú 'Módulos/Análisis descriptivo/Gráficos/Histograma' con accion 'analisisDescriptivo.interfaz.GraficosHistogramaAccionPlugin'
2024-12-21 21:07:58 DEBUG LeerPlugins:75 - 	Creada opción de menú 'Módulos/Análisis descriptivo/Gráficos/Diagrama de cajas' con accion 'analisisDescriptivo.interfaz.GraficosDiagramaCajasAccionPlugin'
2024-12-21 21:07:58 DEBUG LeerPlugins:75 - 	Creada opción de menú 'Módulos/Análisis descriptivo/Gráficos/Intervalos de confianza' con accion 'analisisDescriptivo.interfaz.GraficosIntervalosConfianzaAccionPlugin'
2024-12-21 21:07:58 DEBUG LeerPlugins:71 - ConcordanciaYConsistencia.xml: Plugin 'ConcordanciaYConsistencia - 1.0 (indice 6)'
2024-12-21 21:07:58 DEBUG LeerPlugins:75 - 	Creada opción de menú 'Módulos/Concordancia y consistencia/Concordancia/2 Observadores' con accion 'concordanciaYConsistencia.interfaz.Concordancia2ObsAccionPlugin'
2024-12-21 21:07:58 DEBUG LeerPlugins:75 - 	Creada opción de menú 'Módulos/Concordancia y consistencia/Concordancia/3 o más observadores/2 categorías' con accion 'concordanciaYConsistencia.interfaz.Concordancia3_2CatAccionPlugin'
2024-12-21 21:07:58 DEBUG LeerPlugins:75 - 	Creada opción de menú 'Módulos/Concordancia y consistencia/Concordancia/3 o más observadores/3 ó más categorías' con accion 'concordanciaYConsistencia.interfaz.Concordancia3_3CatAccionPlugin'
2024-12-21 21:07:58 DEBUG LeerPlugins:75 - 	Creada opción de menú 'Módulos/Concordancia y consistencia/Concordancia/Comparación de kappas' con accion 'concordanciaYConsistencia.interfaz.ComparacionKappasAccionPlugin'
2024-12-21 21:07:58 DEBUG LeerPlugins:75 - 	Creada opción de menú 'Módulos/Concordancia y consistencia/Concordancia/Coeficiente de correlación intraclase' con accion 'concordanciaYConsistencia.interfaz.CorrelacionIntraclaseAccionPlugin'
2024-12-21 21:07:58 DEBUG LeerPlugins:75 - 	Creada opción de menú 'Módulos/Concordancia y consistencia/Concordancia/Método de Bland y Altman' con accion 'concordanciaYConsistencia.interfaz.BlandYAltmanAccionPlugin'
2024-12-21 21:07:58 DEBUG LeerPlugins:75 - 	Creada opción de menú 'Módulos/Concordancia y consistencia/Consistencia/Alpha de Cronbach' con accion 'concordanciaYConsistencia.interfaz.AlphaCronbachAccionPlugin'
2024-12-21 21:07:58 DEBUG LeerPlugins:71 - Demografia.xml: Plugin 'Demografía - 2.0 (indice 9)'
2024-12-21 21:07:58 DEBUG LeerPlugins:75 - 	Creada opción de menú 'Módulos/Demografía/Pirámides e indicadores/Pirámides de población' con accion 'demografia.interfaz.PiramidesAccionPlugin'
2024-12-21 21:07:58 DEBUG LeerPlugins:75 - 	Creada opción de menú 'Módulos/Demografía/Pirámides e indicadores/Indicadores de estructura' con accion 'demografia.interfaz.IndicadoresEstructuraAccionPlugin'
2024-12-21 21:07:58 DEBUG LeerPlugins:75 - 	Creada opción de menú 'Módulos/Demografía/Pirámides e indicadores/Indicadores de fecundidad' con accion 'demografia.interfaz.IndicadoresFecundidadAccionPlugin'
2024-12-21 21:07:58 DEBUG LeerPlugins:75 - 	Creada opción de menú 'Módulos/Demografía/Tablas de mortalidad' con accion 'demografia.interfaz.TablasMortalidadAccionPlugin'
2024-12-21 21:07:58 DEBUG LeerPlugins:75 - 	Creada opción de menú 'Módulos/Demografía/Expectativas de salud' con accion 'demografia.interfaz.ExpectativasSaludAccionPlugin'
2024-12-21 21:07:58 DEBUG LeerPlugins:75 - 	Creada opción de menú 'Módulos/Demografía/Años potenciales de vida perdidos/APVP y tasa bruta/Una causa y varias poblaciones' con accion 'demografia.interfaz.APVPYTasaBrutaUnaCausaAccionPlugin'
2024-12-21 21:07:58 DEBUG LeerPlugins:75 - 	Creada opción de menú 'Módulos/Demografía/Años potenciales de vida perdidos/APVP y tasa bruta/Varias causas y una población' con accion 'demografia.interfaz.APVPYTasaBrutaVariasCausasAccionPlugin'
2024-12-21 21:07:58 DEBUG LeerPlugins:75 - 	Creada opción de menú 'Módulos/Demografía/Años potenciales de vida perdidos/Tasa de APVP ajustada' con accion 'demografia.interfaz.TasaAPVPAjustadaAccionPlugin'
2024-12-21 21:07:58 DEBUG LeerPlugins:75 - 	Creada opción de menú 'Módulos/Demografía/Descomposición del cambio en la EV' con accion 'demografia.interfaz.DescomposicionCambioEVAccionPlugin'
2024-12-21 21:07:58 DEBUG LeerPlugins:75 - 	Creada opción de menú 'Módulos/Demografía/Años de esperanza de vida perdidos/Un período' con accion 'demografia.interfaz.AnosVidaPerdidosUnPeriodoAccionPlugin'
2024-12-21 21:07:58 DEBUG LeerPlugins:75 - 	Creada opción de menú 'Módulos/Demografía/Años de esperanza de vida perdidos/Comparación de dos períodos' con accion 'demografia.interfaz.AnosVidaPerdidosComparacionPeriodosAccionPlugin'
2024-12-21 21:07:58 DEBUG LeerPlugins:71 - DialogoAcercade.xml: Plugin 'Dialogo Acerca de ... - 1.0 (indice 5)'
2024-12-21 21:07:58 DEBUG LeerPlugins:75 - 	Creada opción de menú 'Ayuda/Acerca de' con accion 'dialogoacercade.interfaz.DialogoAcercaDeAccionPlugin'
2024-12-21 21:07:58 DEBUG LeerPlugins:71 - EstimacionMortalidad.xml: Plugin 'modulo - 1.0 (indice 10)'
2024-12-21 21:07:58 DEBUG LeerPlugins:75 - 	Creada opción de menú 'Módulos/Estimacion de la mortalidad atribuida/Al consumo de tabaco/Método dependiente de prevalencia/Riesgos del estudio CPSII' con accion 'estimacionMortalidad.interfaz.RiesgosCPSIIDependienteAccionPlugin'
2024-12-21 21:07:58 DEBUG LeerPlugins:75 - 	Creada opción de menú 'Módulos/Estimacion de la mortalidad atribuida/Al consumo de tabaco/Método dependiente de prevalencia/Riesgos de un estudio de cohortes' con accion 'estimacionMortalidad.interfaz.RiesgosCohortesDependienteAccionPlugin'
2024-12-21 21:07:58 DEBUG LeerPlugins:75 - 	Creada opción de menú 'Módulos/Estimacion de la mortalidad atribuida/Al consumo de tabaco/Método dependiente de prevalencia/Riesgos de un estudio de casos y controles' con accion 'estimacionMortalidad.interfaz.RiesgosCasosyControlesAccionPlugin'
2024-12-21 21:07:58 DEBUG LeerPlugins:75 - 	Creada opción de menú 'Módulos/Estimacion de la mortalidad atribuida/Al consumo de tabaco/Método independiente de prevalencia/Riesgos del estudio CPSII' con accion 'estimacionMortalidad.interfaz.RiesgosCPSIIIndependienteAccionPlugin'
2024-12-21 21:07:58 DEBUG LeerPlugins:75 - 	Creada opción de menú 'Módulos/Estimacion de la mortalidad atribuida/Al consumo de tabaco/Método independiente de prevalencia/Riesgos de un estudio de cohortes' con accion 'estimacionMortalidad.interfaz.RiesgosCohortesIndependienteAccionPlugin'
2024-12-21 21:07:58 DEBUG LeerPlugins:75 - 	Creada opción de menú 'Módulos/Estimacion de la mortalidad atribuida/A otro factor de riesgo/Riesgos de un estudio de cohortes' con accion 'estimacionMortalidad.interfaz.RiesgosCohortesDependiente2AccionPlugin'
2024-12-21 21:07:58 DEBUG LeerPlugins:75 - 	Creada opción de menú 'Módulos/Estimacion de la mortalidad atribuida/A otro factor de riesgo/Riesgos de un estudio de casos y controles' con accion 'estimacionMortalidad.interfaz.RiesgosCasosyControles2AccionPlugin'
2024-12-21 21:07:59 DEBUG LeerPlugins:71 - Herramientas.xml: Plugin 'Herramientas - 1.0 (indice 5)'
2024-12-21 21:07:59 DEBUG LeerPlugins:75 - 	Creada opción de menú 'Herramientas/Opciones' con accion 'herramientas.interfaz.OpcionesGraficasAccionPlugin'
2024-12-21 21:07:59 DEBUG LeerPlugins:71 - InferenciaSobreParametros.xml: Plugin 'inferenciasobreparametros - 1.0 (indice 5)'
2024-12-21 21:07:59 DEBUG LeerPlugins:75 - 	Creada opción de menú 'Módulos/Inferencia sobre parámetros/Una población/Media' con accion 'inferenciasobreparametros.interfaz.IPUnaPoblacionMediaAccionPlugin'
2024-12-21 21:07:59 DEBUG LeerPlugins:75 - 	Creada opción de menú 'Módulos/Inferencia sobre parámetros/Una población/Proporción' con accion 'inferenciasobreparametros.interfaz.IPUnaPoblacionProporcionAccionPlugin'
2024-12-21 21:07:59 DEBUG LeerPlugins:75 - 	Creada opción de menú 'Módulos/Inferencia sobre parámetros/Una población/Percentiles' con accion 'inferenciasobreparametros.interfaz.IPUnaPoblacionPercentilesAccionPlugin'
2024-12-21 21:07:59 DEBUG LeerPlugins:75 - 	Creada opción de menú 'Módulos/Inferencia sobre parámetros/Una población/Correlación' con accion 'inferenciasobreparametros.interfaz.IPUnaPoblacionCorrelacionAccionPlugin'
2024-12-21 21:07:59 DEBUG LeerPlugins:75 - 	Creada opción de menú 'Módulos/Inferencia sobre parámetros/Una población/Tasa de incidencia' con accion 'inferenciasobreparametros.interfaz.IPUnaPoblacionTasaIncidenciaAccionPlugin'
2024-12-21 21:07:59 DEBUG LeerPlugins:75 - 	Creada opción de menú 'Módulos/Inferencia sobre parámetros/Una población/Índice de posición' con accion 'inferenciasobreparametros.interfaz.IPUnaPoblacionIndicePosicionAccionPlugin'
2024-12-21 21:07:59 DEBUG LeerPlugins:75 - 	Creada opción de menú 'Módulos/Inferencia sobre parámetros/Dos poblaciones/Medias independientes' con accion 'inferenciasobreparametros.interfaz.IPDosPoblacionesMediasIndependientesAccionPlugin'
2024-12-21 21:07:59 DEBUG LeerPlugins:75 - 	Creada opción de menú 'Módulos/Inferencia sobre parámetros/Dos poblaciones/Medias emparejadas' con accion 'inferenciasobreparametros.interfaz.IPDosPoblacionesMediasEmparejadasAccionPlugin'
2024-12-21 21:07:59 DEBUG LeerPlugins:75 - 	Creada opción de menú 'Módulos/Inferencia sobre parámetros/Dos poblaciones/Proporciones independientes' con accion 'inferenciasobreparametros.interfaz.IPDosPoblacionesProporcionesIndependientesAccionPlugin'
2024-12-21 21:07:59 DEBUG LeerPlugins:75 - 	Creada opción de menú 'Módulos/Inferencia sobre parámetros/Dos poblaciones/Proporciones emparejadas' con accion 'inferenciasobreparametros.interfaz.IPDosPoblacionesProporcionesEmparejadasAccionPlugin'
2024-12-21 21:07:59 DEBUG LeerPlugins:75 - 	Creada opción de menú 'Módulos/Inferencia sobre parámetros/Dos poblaciones/Tasas de incidencia' con accion 'inferenciasobreparametros.interfaz.IPDosPoblacionesTasasIncidenciasAccionPlugin'
2024-12-21 21:07:59 DEBUG LeerPlugins:75 - 	Creada opción de menú 'Módulos/Inferencia sobre parámetros/Comparación no paramétrica/Medias independientes' con accion 'inferenciasobreparametros.interfaz.IPNoParametricaMediasIndependientesAccionPlugin'
2024-12-21 21:07:59 DEBUG LeerPlugins:75 - 	Creada opción de menú 'Módulos/Inferencia sobre parámetros/Comparación no paramétrica/Medias emparejadas' con accion 'inferenciasobreparametros.interfaz.IPNoParametricaMediasEmparejadasAccionPlugin'
2024-12-21 21:07:59 DEBUG LeerPlugins:75 - 	Creada opción de menú 'Módulos/Inferencia sobre parámetros/Contraste de normalidad' con accion 'inferenciasobreparametros.interfaz.IPContrasteNormalidadAccionPlugin'
2024-12-21 21:07:59 DEBUG LeerPlugins:71 - Internacionalizacion.xml: Plugin 'Herramientas - 1.0 (indice 5)'
2024-12-21 21:07:59 DEBUG LeerPlugins:75 - 	Creada opción de menú 'Herramientas/Idioma' con accion 'com.epidat.internacionalizacion.interfaz.CambiarIdiomaMenuItem'
2024-12-21 21:07:59 DEBUG LeerPlugins:71 - MedicionEnDesigualdadesEnSalud.xml: Plugin 'Medición de Desigualdades - 2.0 (indice 18)'
2024-12-21 21:07:59 DEBUG LeerPlugins:75 - 	Creada opción de menú 'Módulos/Medición de desigualdades en salud/Índices para categorías ordenadas/Índices basados en comparaciones dos a dos' con accion 'medicionDesigualdadesSalud.interfaz.Comparacion2a2VarOrdenadasAccionPlugin'
2024-12-21 21:07:59 DEBUG LeerPlugins:75 - 	Creada opción de menú 'Módulos/Medición de desigualdades en salud/Índices para categorías ordenadas/Índices basados en el modelo de regresión' con accion 'medicionDesigualdadesSalud.interfaz.IndicesDesigualdadAccionPlugin'
2024-12-21 21:07:59 DEBUG LeerPlugins:75 - 	Creada opción de menú 'Módulos/Medición de desigualdades en salud/Índices para categorías ordenadas/Índice de Gini e índice de concentración/Índice de Gini y curva de Lorenz' con accion 'medicionDesigualdadesSalud.interfaz.IndiceGiniCurvaLorenzAccionPlugin'
2024-12-21 21:07:59 DEBUG LeerPlugins:75 - 	Creada opción de menú 'Módulos/Medición de desigualdades en salud/Índices para categorías ordenadas/Índice de Gini e índice de concentración/Índice y curva de concentración' con accion 'medicionDesigualdadesSalud.interfaz.IndiceCurvaConcentracionAccionPlugin'
2024-12-21 21:07:59 DEBUG LeerPlugins:75 - 	Creada opción de menú 'Módulos/Medición de desigualdades en salud/Índices para categorías no ordenadas/Índices basados en comparaciones dos a dos' con accion 'medicionDesigualdadesSalud.interfaz.Comparacion2a2VarDesordenadasAccionPlugin'
2024-12-21 21:07:59 DEBUG LeerPlugins:75 - 	Creada opción de menú 'Módulos/Medición de desigualdades en salud/Índices para categorías no ordenadas/Índices de dispersión' con accion 'medicionDesigualdadesSalud.interfaz.IndicesDeDispersionAccionPlugin'
2024-12-21 21:07:59 DEBUG LeerPlugins:75 - 	Creada opción de menú 'Módulos/Medición de desigualdades en salud/Índices para categorías no ordenadas/Índices basados en la comparación de distribuciones de probabilidad' con accion 'medicionDesigualdadesSalud.interfaz.IndicesBasadosComparacionDistProbabilidadAccionPlugin'
2024-12-21 21:07:59 DEBUG LeerPlugins:75 - 	Creada opción de menú 'Módulos/Medición de desigualdades en salud/Índice de efecto' con accion 'medicionDesigualdadesSalud.interfaz.IndiceEfectoAccionPlugin'
2024-12-21 21:07:59 DEBUG LeerPlugins:71 - ModulosFaltantes.xml: Plugin 'modulosFaltantes - 1.0 (indice 1)'
2024-12-21 21:07:59 DEBUG LeerPlugins:75 - 	Creada opción de menú 'Ayuda/Módulos aún no implementados' con accion 'modulosFaltantes.interfaz.AyudaPlugin'
2024-12-21 21:07:59 DEBUG LeerPlugins:71 - MuestreoSeleccionYEstimacion.xml: Plugin 'Muestreo 2 - 1.0 (indice 3)'
2024-12-21 21:07:59 DEBUG LeerPlugins:75 - 	Creada opción de menú 'Módulos/Muestreo/Selección de muestras/Muestreo simple aleatorio' con accion 'seleccionMuestras.interfaz.MuestreoSimpleAleatorioAccionPlugin'
2024-12-21 21:07:59 DEBUG LeerPlugins:75 - 	Creada opción de menú 'Módulos/Muestreo/Selección de muestras/Muestreo sistemático' con accion 'seleccionMuestras.interfaz.MuestreoSistematicoAccionPlugin'
2024-12-21 21:07:59 DEBUG LeerPlugins:75 - 	Creada opción de menú 'Módulos/Muestreo/Selección de muestras/Muestreo aleatorio estratificado' con accion 'seleccionMuestras.interfaz.MuestreoAleatorioEstratificadoAccionPlugin'
2024-12-21 21:07:59 DEBUG LeerPlugins:75 - 	Creada opción de menú 'Módulos/Muestreo/Selección de muestras/Muestreo por conglomerados monoetápico' con accion 'seleccionMuestras.interfaz.MuestreoConglomeradosMonoAccionPlugin'
2024-12-21 21:07:59 DEBUG LeerPlugins:75 - 	Creada opción de menú 'Módulos/Muestreo/Selección de muestras/Muestreo por conglomerados bietápico' con accion 'seleccionMuestras.interfaz.MuestreoConglomeradosBiAccionPlugin'
2024-12-21 21:07:59 DEBUG LeerPlugins:75 - 	Creada opción de menú 'Módulos/Muestreo/Selección de muestras/Muestreo por conglomerados monoetápico estratificado' con accion 'seleccionMuestras.interfaz.MuestreoConglMonoEstratAccionPlugin'
2024-12-21 21:07:59 DEBUG LeerPlugins:75 - 	Creada opción de menú 'Módulos/Muestreo/Selección de muestras/Muestreo por conglomerados bietápico estratificado' con accion 'seleccionMuestras.interfaz.MuestreoConglBiEstratAccionPlugin'
2024-12-21 21:07:59 DEBUG LeerPlugins:75 - 	Creada opción de menú 'Módulos/Muestreo/Asignación de sujetos a tratamientos' con accion 'seleccionMuestras.interfaz.AsignacionSujetosTratamientosAccionPlugin'
2024-12-21 21:07:59 DEBUG LeerPlugins:75 - 	Creada opción de menú 'Módulos/Muestreo/Estimación con muestras complejas' con accion 'emuco.interfaz.EmucoAccionPlugin'
2024-12-21 21:07:59 DEBUG LeerPlugins:71 - MuestreoTamanosDeMuestra.xml: Plugin 'Muestreo 1 - 1.0 (indice 2)'
2024-12-21 21:07:59 DEBUG LeerPlugins:75 - 	Creada opción de menú 'Módulos/Muestreo/Cálculo de tamaños de muestra/Intervalos de confianza/Media' con accion 'tamsMuestra.intervalosConfianza.interfaz.MediaAccionPlugin'
2024-12-21 21:07:59 DEBUG LeerPlugins:75 - 	Creada opción de menú 'Módulos/Muestreo/Cálculo de tamaños de muestra/Intervalos de confianza/Proporción' con accion 'tamsMuestra.intervalosConfianza.interfaz.ProporcionAccionPlugin'
2024-12-21 21:07:59 DEBUG LeerPlugins:75 - 	Creada opción de menú 'Módulos/Muestreo/Cálculo de tamaños de muestra/Intervalos de confianza/Odds ratio' con accion 'tamsMuestra.intervalosConfianza.interfaz.OddsRatioAccionPlugin'
2024-12-21 21:07:59 DEBUG LeerPlugins:75 - 	Creada opción de menú 'Módulos/Muestreo/Cálculo de tamaños de muestra/Intervalos de confianza/Riesgo relativo' con accion 'tamsMuestra.intervalosConfianza.interfaz.RiesgoRelativoAccionPlugin'
2024-12-21 21:07:59 DEBUG LeerPlugins:75 - 	Creada opción de menú 'Módulos/Muestreo/Cálculo de tamaños de muestra/Intervalos de confianza/Concordancia' con accion 'tamsMuestra.intervalosConfianza.interfaz.ConcordanciaAccionPlugin'
2024-12-21 21:07:59 DEBUG LeerPlugins:75 - 	Creada opción de menú 'Módulos/Muestreo/Cálculo de tamaños de muestra/Intervalos de confianza/Pruebas diagnósticas' con accion 'tamsMuestra.intervalosConfianza.interfaz.SensibilidadYEspecificidadAccionPlugin'
2024-12-21 21:07:59 DEBUG LeerPlugins:75 - 	Creada opción de menú 'Módulos/Muestreo/Cálculo de tamaños de muestra/Contraste de hipótesis/Comparación de medias/Grupos independientes' con accion 'tamsMuestra.contrastesHipotesis.interfaz.ComparacionMediasIndependientesAccionPlugin'
2024-12-21 21:07:59 DEBUG LeerPlugins:75 - 	Creada opción de menú 'Módulos/Muestreo/Cálculo de tamaños de muestra/Contraste de hipótesis/Comparación de medias/Grupos emparejados' con accion 'tamsMuestra.contrastesHipotesis.interfaz.ComparacionMediasEmparejadasAccionPlugin'
2024-12-21 21:07:59 DEBUG LeerPlugins:75 - 	Creada opción de menú 'Módulos/Muestreo/Cálculo de tamaños de muestra/Contraste de hipótesis/Comparación de proporciones/Grupos independientes' con accion 'tamsMuestra.contrastesHipotesis.interfaz.ComparacionProporcionesIndependientesAccionPlugin'
2024-12-21 21:07:59 DEBUG LeerPlugins:75 - 	Creada opción de menú 'Módulos/Muestreo/Cálculo de tamaños de muestra/Contraste de hipótesis/Comparación de proporciones/Grupos emparejados' con accion 'tamsMuestra.contrastesHipotesis.interfaz.ComparacionProporcionesEmparejadasAccionPlugin'
2024-12-21 21:07:59 DEBUG LeerPlugins:75 - 	Creada opción de menú 'Módulos/Muestreo/Cálculo de tamaños de muestra/Contraste de hipótesis/Estudios de casos y controles/Grupos independientes' con accion 'tamsMuestra.contrastesHipotesis.interfaz.EstudiosCasosIndependientesAccionPlugin'
2024-12-21 21:07:59 DEBUG LeerPlugins:75 - 	Creada opción de menú 'Módulos/Muestreo/Cálculo de tamaños de muestra/Contraste de hipótesis/Estudios de cohorte' con accion 'tamsMuestra.contrastesHipotesis.interfaz.EstudiosCohorteAccionPlugin'
2024-12-21 21:07:59 DEBUG LeerPlugins:75 - 	Creada opción de menú 'Módulos/Muestreo/Cálculo de tamaños de muestra/Contraste de hipótesis/Estudios de casos y controles/Grupos emparejados' con accion 'tamsMuestra.contrastesHipotesis.interfaz.EstudiosCasosEmparejadosAccionPlugin'
2024-12-21 21:07:59 DEBUG LeerPlugins:75 - 	Creada opción de menú 'Módulos/Muestreo/Cálculo de tamaños de muestra/Contraste de hipótesis/Estudios de equivalencia/Equivalencia de medias' con accion 'tamsMuestra.contrastesHipotesis.interfaz.EquivalenciaMediasAccionPlugin'
2024-12-21 21:07:59 DEBUG LeerPlugins:75 - 	Creada opción de menú 'Módulos/Muestreo/Cálculo de tamaños de muestra/Contraste de hipótesis/Estudios de equivalencia/Equivalencia de proporciones' con accion 'tamsMuestra.contrastesHipotesis.interfaz.EquivalenciaProporcionesAccionPlugin'
2024-12-21 21:07:59 DEBUG LeerPlugins:75 - 	Creada opción de menú 'Módulos/Muestreo/Cálculo de tamaños de muestra/Contraste de hipótesis/Pruebas diagnósticas/Grupos independientes' con accion 'tamsMuestra.contrastesHipotesis.interfaz.PruebasDxGIAccionPlugin'
2024-12-21 21:07:59 DEBUG LeerPlugins:75 - 	Creada opción de menú 'Módulos/Muestreo/Cálculo de tamaños de muestra/Contraste de hipótesis/Pruebas diagnósticas/Grupos emparejados' con accion 'tamsMuestra.contrastesHipotesis.interfaz.PruebasDxGEAccionPlugin'
2024-12-21 21:07:59 DEBUG LeerPlugins:75 - 	Creada opción de menú 'Módulos/Muestreo/Cálculo de tamaños de muestra/Contraste de hipótesis/Calidad de lotes' con accion 'tamsMuestra.contrastesHipotesis.interfaz.CalidadLotesAccionPlugin'
2024-12-21 21:07:59 DEBUG LeerPlugins:75 - 	Creada opción de menú 'Módulos/Muestreo/Cálculo de tamaños de muestra/Contraste de hipótesis/Supervivencia' con accion 'tamsMuestra.contrastesHipotesis.interfaz.SupervivenciaAccionPlugin'
2024-12-21 21:07:59 DEBUG LeerPlugins:75 - 	Creada opción de menú 'Módulos/Muestreo/Cálculo de tamaños de muestra/Contraste de hipótesis/Coeficiente de correlación' con accion 'tamsMuestra.contrastesHipotesis.interfaz.CorrelacionAccionPlugin'
2024-12-21 21:07:59 DEBUG LeerPlugins:71 - Privaciones.xml: Plugin 'privaciones - 1.0 (indice 16)'
2024-12-21 21:07:59 DEBUG LeerPlugins:75 - 	Creada opción de menú 'Módulos/Índices de desarrollo o privación/Índice de desarrollo humano (IDH)' con accion 'privaciones.interfaz.Privations_Pluggin_AE_IDH'
2024-12-21 21:07:59 DEBUG LeerPlugins:75 - 	Creada opción de menú 'Módulos/Índices de desarrollo o privación/Índice de desarrollo humano corregido para desigualdad de género (IDHG)' con accion 'privaciones.interfaz.Privations_Pluggin_AE_IDHG'
2024-12-21 21:07:59 DEBUG LeerPlugins:75 - 	Creada opción de menú 'Módulos/Índices de desarrollo o privación/Índice de Pobreza 1 (IP1)' con accion 'privaciones.interfaz.Privations_Pluggin_AE_IP1'
2024-12-21 21:07:59 DEBUG LeerPlugins:75 - 	Creada opción de menú 'Módulos/Índices de desarrollo o privación/Índice de Pobreza 2 (IP2)' con accion 'privaciones.interfaz.Privations_Pluggin_AE_IP2'
2024-12-21 21:07:59 DEBUG LeerPlugins:75 - 	Creada opción de menú 'Módulos/Índices de desarrollo o privación/Índice de pobreza multidimensional (IPM)' con accion 'privaciones.interfaz.Privations_Pluggin_AE_IPM'
2024-12-21 21:07:59 DEBUG LeerPlugins:75 - 	Creada opción de menú 'Módulos/Índices de desarrollo o privación/Índice de desarrollo de la niñez (IDN)' con accion 'privaciones.interfaz.Privations_Pluggin_AE_IDN'
2024-12-21 21:07:59 DEBUG LeerPlugins:75 - 	Creada opción de menú 'Módulos/Índices de desarrollo o privación/Índice de oportunidades en la niñez (ION)' con accion 'privaciones.interfaz.Privations_Pluggin_AE_ION'
2024-12-21 21:07:59 DEBUG LeerPlugins:71 - Probabilidades.xml: Plugin 'Distribuciones de probabilidad - 2.0 (indice 13)'
2024-12-21 21:07:59 DEBUG LeerPlugins:75 - 	Creada opción de menú 'Módulos/Distribuciones de probabilidad/Cálculo de probabilidades/Distribuciones discretas' con accion 'probabilidades.interfaz.ProbabilidadCalcDiscretasAccionPlugin'
2024-12-21 21:07:59 DEBUG LeerPlugins:75 - 	Creada opción de menú 'Módulos/Distribuciones de probabilidad/Cálculo de probabilidades/Distribuciones continuas' con accion 'probabilidades.interfaz.ProbabilidadCalcContinuasAccionPlugin'
2024-12-21 21:07:59 DEBUG LeerPlugins:75 - 	Creada opción de menú 'Módulos/Distribuciones de probabilidad/Generación de distribuciones/Distribuciones discretas' con accion 'probabilidades.interfaz.ProbabilidadGenDiscretasAccionPlugin'
2024-12-21 21:07:59 DEBUG LeerPlugins:75 - 	Creada opción de menú 'Módulos/Distribuciones de probabilidad/Generación de distribuciones/Distribuciones continuas' con accion 'probabilidades.interfaz.ProbabilidadGenContinuasAccionPlugin'
2024-12-21 21:07:59 DEBUG LeerPlugins:71 - RegresionLogistica.xml: Plugin 'regresion - 1.0 (indice 11)'
2024-12-21 21:07:59 DEBUG LeerPlugins:75 - 	Creada opción de menú 'Módulos/Regresión logística/Regresión logística' con accion 'regresion.interfaz.Regression_Pluggin_AE'
2024-12-21 21:08:00 WARN  StandardResourceBundle:33 - El bundle creado por 'EntornoEpidatBundle' no ha encontrado la clave 'EpidatForm.nomArchivoOculto.AccessibleContext.accessibleName' o es vacía.
2024-12-21 21:08:00 WARN  StandardResourceBundle:33 - El bundle creado por 'EntornoEpidatBundle' no ha encontrado la clave 'EpidatForm.nomArchivoOculto.AccessibleContext.accessibleDescription' o es vacía.
2024-12-21 21:08:00 WARN  StandardResourceBundle:33 - El bundle creado por 'EntornoEpidatBundle' no ha encontrado la clave 'EpidatForm.text' o es vacía.
2024-12-21 21:08:00 WARN  StandardResourceBundle:33 - El bundle creado por 'EntornoEpidatBundle' no ha encontrado la clave 'EpidatForm.text' o es vacía.
2024-12-21 21:08:00 WARN  StandardResourceBundle:33 - El bundle creado por 'EntornoEpidatBundle' no ha encontrado la clave 'EpidatForm.text' o es vacía.
2024-12-21 21:08:00 WARN  StandardResourceBundle:33 - El bundle creado por 'EntornoEpidatBundle' no ha encontrado la clave 'EpidatForm.botonColor.text' o es vacía.
2024-12-21 21:08:00 WARN  StandardResourceBundle:33 - El bundle creado por 'EntornoEpidatBundle' no ha encontrado la clave 'EpidatForm.botonAlineaI.text' o es vacía.
2024-12-21 21:08:00 WARN  StandardResourceBundle:33 - El bundle creado por 'EntornoEpidatBundle' no ha encontrado la clave 'EpidatForm.botonAlineaC.text' o es vacía.
2024-12-21 21:08:00 WARN  StandardResourceBundle:33 - El bundle creado por 'EntornoEpidatBundle' no ha encontrado la clave 'EpidatForm.botonAlineaD.text' o es vacía.
2024-12-21 21:08:00 WARN  StandardResourceBundle:33 - El bundle creado por 'EntornoEpidatBundle' no ha encontrado la clave 'EpidatForm.botonAlineaJ.text' o es vacía.
2024-12-21 21:08:00 WARN  StandardResourceBundle:33 - El bundle creado por 'EntornoEpidatBundle' no ha encontrado la clave 'EpidatForm.nomArchivoPresentado.text' o es vacía.
2024-12-21 21:08:00 WARN  StandardResourceBundle:33 - El bundle creado por 'EntornoEpidatBundle' no ha encontrado la clave 'EpidatForm.labelProgreso.text' o es vacía.
2024-12-21 21:08:00 DEBUG PluginEstandar:42 - Aplicando cambios de plugin 'Plugin'...
2024-12-21 21:08:00 DEBUG CambioUIMenu:104 - Insertando item de menú 'Análisis descriptivo' en posicion 0
2024-12-21 21:08:00 DEBUG CambioUIMenu:113 - Insertando item de menú 'Tablas de frecuencias' en posicion 0
2024-12-21 21:08:00 DEBUG CambioUIMenu:113 - Insertando item de menú 'Tablas de contingencia' en posicion 1
2024-12-21 21:08:00 DEBUG CambioUIMenu:113 - Insertando item de menú 'Estadísticos descriptivos' en posicion 2
2024-12-21 21:08:00 DEBUG CambioUIMenu:113 - Insertando item de menú 'Correlación' en posicion 3
2024-12-21 21:08:00 DEBUG CambioUIMenu:104 - Insertando item de menú 'Gráficos' en posicion 4
2024-12-21 21:08:00 DEBUG CambioUIMenu:113 - Insertando item de menú 'Barras' en posicion 0
2024-12-21 21:08:00 DEBUG CambioUIMenu:113 - Insertando item de menú 'Sectores' en posicion 1
2024-12-21 21:08:00 DEBUG CambioUIMenu:113 - Insertando item de menú 'Líneas' en posicion 2
2024-12-21 21:08:00 DEBUG CambioUIMenu:113 - Insertando item de menú 'Dispersión' en posicion 3
2024-12-21 21:08:00 DEBUG CambioUIMenu:113 - Insertando item de menú 'Histograma' en posicion 4
2024-12-21 21:08:00 DEBUG CambioUIMenu:113 - Insertando item de menú 'Diagrama de cajas' en posicion 5
2024-12-21 21:08:00 DEBUG CambioUIMenu:113 - Insertando item de menú 'Intervalos de confianza' en posicion 6
2024-12-21 21:08:00 DEBUG PluginEstandar:42 - Aplicando cambios de plugin 'modulosFaltantes'...
2024-12-21 21:08:01 DEBUG CambioUIMenu:113 - Insertando item de menú 'Módulos aún no implementados' en posicion 2
2024-12-21 21:08:01 DEBUG PluginEstandar:42 - Aplicando cambios de plugin 'Muestreo 1'...
2024-12-21 21:08:01 DEBUG CambioUIMenu:104 - Insertando item de menú 'Muestreo' en posicion 1
2024-12-21 21:08:01 DEBUG CambioUIMenu:104 - Insertando item de menú 'Cálculo de tamaños de muestra' en posicion 0
2024-12-21 21:08:01 DEBUG CambioUIMenu:104 - Insertando item de menú 'Intervalos de confianza' en posicion 0
2024-12-21 21:08:01 DEBUG CambioUIMenu:113 - Insertando item de menú 'Media' en posicion 0
2024-12-21 21:08:01 DEBUG CambioUIMenu:113 - Insertando item de menú 'Proporción' en posicion 1
2024-12-21 21:08:01 DEBUG CambioUIMenu:113 - Insertando item de menú 'Odds ratio' en posicion 2
2024-12-21 21:08:01 DEBUG CambioUIMenu:113 - Insertando item de menú 'Riesgo relativo' en posicion 3
2024-12-21 21:08:01 DEBUG CambioUIMenu:113 - Insertando item de menú 'Concordancia' en posicion 4
2024-12-21 21:08:01 DEBUG CambioUIMenu:113 - Insertando item de menú 'Pruebas diagnósticas' en posicion 5
2024-12-21 21:08:01 DEBUG CambioUIMenu:104 - Insertando item de menú 'Contraste de hipótesis' en posicion 1
2024-12-21 21:08:01 DEBUG CambioUIMenu:104 - Insertando item de menú 'Comparación de medias' en posicion 0
2024-12-21 21:08:01 DEBUG CambioUIMenu:113 - Insertando item de menú 'Grupos independientes' en posicion 0
2024-12-21 21:08:01 DEBUG CambioUIMenu:113 - Insertando item de menú 'Grupos emparejados' en posicion 1
2024-12-21 21:08:01 DEBUG CambioUIMenu:104 - Insertando item de menú 'Comparación de proporciones' en posicion 1
2024-12-21 21:08:01 DEBUG CambioUIMenu:113 - Insertando item de menú 'Grupos independientes' en posicion 0
2024-12-21 21:08:01 DEBUG CambioUIMenu:113 - Insertando item de menú 'Grupos emparejados' en posicion 1
2024-12-21 21:08:01 DEBUG CambioUIMenu:104 - Insertando item de menú 'Estudios de casos y controles' en posicion 2
2024-12-21 21:08:01 DEBUG CambioUIMenu:113 - Insertando item de menú 'Grupos independientes' en posicion 0
2024-12-21 21:08:01 DEBUG CambioUIMenu:113 - Insertando item de menú 'Estudios de cohorte' en posicion 3
2024-12-21 21:08:01 DEBUG CambioUIMenu:113 - Insertando item de menú 'Grupos emparejados' en posicion 1
2024-12-21 21:08:01 DEBUG CambioUIMenu:104 - Insertando item de menú 'Estudios de equivalencia' en posicion 4
2024-12-21 21:08:01 DEBUG CambioUIMenu:113 - Insertando item de menú 'Equivalencia de medias' en posicion 0
2024-12-21 21:08:01 DEBUG CambioUIMenu:113 - Insertando item de menú 'Equivalencia de proporciones' en posicion 1
2024-12-21 21:08:01 DEBUG CambioUIMenu:104 - Insertando item de menú 'Pruebas diagnósticas' en posicion 5
2024-12-21 21:08:01 DEBUG CambioUIMenu:113 - Insertando item de menú 'Grupos independientes' en posicion 0
2024-12-21 21:08:01 DEBUG CambioUIMenu:113 - Insertando item de menú 'Grupos emparejados' en posicion 1
2024-12-21 21:08:01 DEBUG CambioUIMenu:113 - Insertando item de menú 'Calidad de lotes' en posicion 6
2024-12-21 21:08:01 DEBUG CambioUIMenu:113 - Insertando item de menú 'Supervivencia' en posicion 7
2024-12-21 21:08:01 DEBUG CambioUIMenu:113 - Insertando item de menú 'Coeficiente de correlación' en posicion 8
2024-12-21 21:08:01 DEBUG PluginEstandar:42 - Aplicando cambios de plugin 'Muestreo 2'...
2024-12-21 21:08:01 DEBUG CambioUIMenu:104 - Insertando item de menú 'Selección de muestras' en posicion 1
2024-12-21 21:08:01 DEBUG CambioUIMenu:113 - Insertando item de menú 'Muestreo simple aleatorio' en posicion 0
2024-12-21 21:08:01 DEBUG CambioUIMenu:113 - Insertando item de menú 'Muestreo sistemático' en posicion 1
2024-12-21 21:08:01 DEBUG CambioUIMenu:113 - Insertando item de menú 'Muestreo aleatorio estratificado' en posicion 2
2024-12-21 21:08:01 DEBUG CambioUIMenu:113 - Insertando item de menú 'Muestreo por conglomerados monoetápico' en posicion 3
2024-12-21 21:08:01 DEBUG CambioUIMenu:113 - Insertando item de menú 'Muestreo por conglomerados bietápico' en posicion 4
2024-12-21 21:08:01 DEBUG CambioUIMenu:113 - Insertando item de menú 'Muestreo por conglomerados monoetápico estratificado' en posicion 5
2024-12-21 21:08:01 DEBUG CambioUIMenu:113 - Insertando item de menú 'Muestreo por conglomerados bietápico estratificado' en posicion 6
2024-12-21 21:08:01 DEBUG CambioUIMenu:113 - Insertando item de menú 'Asignación de sujetos a tratamientos' en posicion 2
2024-12-21 21:08:01 DEBUG CambioUIMenu:113 - Insertando item de menú 'Estimación con muestras complejas' en posicion 3
2024-12-21 21:08:01 DEBUG PluginEstandar:42 - Aplicando cambios de plugin 'Dialogo Acerca de ...'...
2024-12-21 21:08:01 DEBUG CambioUIMenu:113 - Insertando item de menú 'Acerca de' en posicion 3
2024-12-21 21:08:01 DEBUG PluginEstandar:42 - Aplicando cambios de plugin 'Herramientas'...
2024-12-21 21:08:01 DEBUG CambioUIMenu:113 - Insertando item de menú 'Opciones' en posicion 0
2024-12-21 21:08:01 DEBUG PluginEstandar:42 - Aplicando cambios de plugin 'inferenciasobreparametros'...
2024-12-21 21:08:01 DEBUG CambioUIMenu:104 - Insertando item de menú 'Inferencia sobre parámetros' en posicion 2
2024-12-21 21:08:01 DEBUG CambioUIMenu:104 - Insertando item de menú 'Una población' en posicion 0
2024-12-21 21:08:01 DEBUG CambioUIMenu:113 - Insertando item de menú 'Media' en posicion 0
2024-12-21 21:08:01 DEBUG CambioUIMenu:113 - Insertando item de menú 'Proporción' en posicion 1
2024-12-21 21:08:01 DEBUG CambioUIMenu:113 - Insertando item de menú 'Percentiles' en posicion 2
2024-12-21 21:08:01 DEBUG CambioUIMenu:113 - Insertando item de menú 'Correlación' en posicion 3
2024-12-21 21:08:01 DEBUG CambioUIMenu:113 - Insertando item de menú 'Tasa de incidencia' en posicion 4
2024-12-21 21:08:01 DEBUG CambioUIMenu:113 - Insertando item de menú 'Índice de posición' en posicion 5
2024-12-21 21:08:01 DEBUG CambioUIMenu:104 - Insertando item de menú 'Dos poblaciones' en posicion 1
2024-12-21 21:08:01 DEBUG CambioUIMenu:113 - Insertando item de menú 'Medias independientes' en posicion 0
2024-12-21 21:08:01 DEBUG CambioUIMenu:113 - Insertando item de menú 'Medias emparejadas' en posicion 1
2024-12-21 21:08:01 DEBUG CambioUIMenu:113 - Insertando item de menú 'Proporciones independientes' en posicion 2
2024-12-21 21:08:01 DEBUG CambioUIMenu:113 - Insertando item de menú 'Proporciones emparejadas' en posicion 3
2024-12-21 21:08:01 DEBUG CambioUIMenu:113 - Insertando item de menú 'Tasas de incidencia' en posicion 4
2024-12-21 21:08:01 DEBUG CambioUIMenu:104 - Insertando item de menú 'Comparación no paramétrica' en posicion 2
2024-12-21 21:08:01 DEBUG CambioUIMenu:113 - Insertando item de menú 'Medias independientes' en posicion 0
2024-12-21 21:08:01 DEBUG CambioUIMenu:113 - Insertando item de menú 'Medias emparejadas' en posicion 1
2024-12-21 21:08:01 DEBUG CambioUIMenu:113 - Insertando item de menú 'Contraste de normalidad' en posicion 3
2024-12-21 21:08:01 DEBUG PluginEstandar:42 - Aplicando cambios de plugin 'Herramientas'...
2024-12-21 21:08:01 DEBUG CambioUIMenu:113 - Insertando item de menú 'Idioma' en posicion 1
2024-12-21 21:08:01 DEBUG PluginEstandar:42 - Aplicando cambios de plugin 'ConcordanciaYConsistencia'...
2024-12-21 21:08:01 DEBUG CambioUIMenu:104 - Insertando item de menú 'Concordancia y consistencia' en posicion 3
2024-12-21 21:08:01 DEBUG CambioUIMenu:104 - Insertando item de menú 'Concordancia' en posicion 0
2024-12-21 21:08:01 DEBUG CambioUIMenu:113 - Insertando item de menú '2 Observadores' en posicion 0
2024-12-21 21:08:01 DEBUG CambioUIMenu:104 - Insertando item de menú '3 o más observadores' en posicion 1
2024-12-21 21:08:01 DEBUG CambioUIMenu:113 - Insertando item de menú '2 categorías' en posicion 0
2024-12-21 21:08:01 DEBUG CambioUIMenu:113 - Insertando item de menú '3 ó más categorías' en posicion 1
2024-12-21 21:08:01 DEBUG CambioUIMenu:113 - Insertando item de menú 'Comparación de kappas' en posicion 2
2024-12-21 21:08:01 DEBUG CambioUIMenu:113 - Insertando item de menú 'Coeficiente de correlación intraclase' en posicion 3
2024-12-21 21:08:01 DEBUG CambioUIMenu:113 - Insertando item de menú 'Método de Bland y Altman' en posicion 4
2024-12-21 21:08:01 DEBUG CambioUIMenu:104 - Insertando item de menú 'Consistencia' en posicion 1
2024-12-21 21:08:01 DEBUG CambioUIMenu:113 - Insertando item de menú 'Alpha de Cronbach' en posicion 0
2024-12-21 21:08:01 DEBUG PluginEstandar:42 - Aplicando cambios de plugin 'ajusteDeTasas'...
2024-12-21 21:08:01 DEBUG CambioUIMenu:104 - Insertando item de menú 'Ajuste de tasas' en posicion 4
2024-12-21 21:08:01 DEBUG CambioUIMenu:113 - Insertando item de menú 'Método directo' en posicion 0
2024-12-21 21:08:01 DEBUG CambioUIMenu:113 - Insertando item de menú 'Método indirecto' en posicion 1
2024-12-21 21:08:01 DEBUG PluginEstandar:42 - Aplicando cambios de plugin 'Demografía'...
2024-12-21 21:08:01 DEBUG CambioUIMenu:104 - Insertando item de menú 'Demografía' en posicion 5
2024-12-21 21:08:01 DEBUG CambioUIMenu:104 - Insertando item de menú 'Pirámides e indicadores' en posicion 0
2024-12-21 21:08:01 DEBUG CambioUIMenu:113 - Insertando item de menú 'Pirámides de población' en posicion 0
2024-12-21 21:08:01 DEBUG CambioUIMenu:113 - Insertando item de menú 'Indicadores de estructura' en posicion 1
2024-12-21 21:08:01 DEBUG CambioUIMenu:113 - Insertando item de menú 'Indicadores de fecundidad' en posicion 2
2024-12-21 21:08:01 DEBUG CambioUIMenu:113 - Insertando item de menú 'Tablas de mortalidad' en posicion 1
2024-12-21 21:08:01 DEBUG CambioUIMenu:113 - Insertando item de menú 'Expectativas de salud' en posicion 2
2024-12-21 21:08:01 DEBUG CambioUIMenu:104 - Insertando item de menú 'Años potenciales de vida perdidos' en posicion 3
2024-12-21 21:08:01 DEBUG CambioUIMenu:104 - Insertando item de menú 'APVP y tasa bruta' en posicion 0
2024-12-21 21:08:01 DEBUG CambioUIMenu:113 - Insertando item de menú 'Una causa y varias poblaciones' en posicion 0
2024-12-21 21:08:01 DEBUG CambioUIMenu:113 - Insertando item de menú 'Varias causas y una población' en posicion 1
2024-12-21 21:08:01 DEBUG CambioUIMenu:113 - Insertando item de menú 'Tasa de APVP ajustada' en posicion 1
2024-12-21 21:08:01 DEBUG CambioUIMenu:113 - Insertando item de menú 'Descomposición del cambio en la EV' en posicion 4
2024-12-21 21:08:01 DEBUG CambioUIMenu:104 - Insertando item de menú 'Años de esperanza de vida perdidos' en posicion 5
2024-12-21 21:08:01 DEBUG CambioUIMenu:113 - Insertando item de menú 'Un período' en posicion 0
2024-12-21 21:08:01 DEBUG CambioUIMenu:113 - Insertando item de menú 'Comparación de dos períodos' en posicion 1
2024-12-21 21:08:01 DEBUG PluginEstandar:42 - Aplicando cambios de plugin 'modulo'...
2024-12-21 21:08:01 DEBUG CambioUIMenu:104 - Insertando item de menú 'Estimacion de la mortalidad atribuida' en posicion 6
2024-12-21 21:08:01 DEBUG CambioUIMenu:104 - Insertando item de menú 'Al consumo de tabaco' en posicion 0
2024-12-21 21:08:01 DEBUG CambioUIMenu:104 - Insertando item de menú 'Método dependiente de prevalencia' en posicion 0
2024-12-21 21:08:01 DEBUG CambioUIMenu:113 - Insertando item de menú 'Riesgos del estudio CPSII' en posicion 0
2024-12-21 21:08:01 DEBUG CambioUIMenu:113 - Insertando item de menú 'Riesgos de un estudio de cohortes' en posicion 1
2024-12-21 21:08:01 DEBUG CambioUIMenu:113 - Insertando item de menú 'Riesgos de un estudio de casos y controles' en posicion 2
2024-12-21 21:08:01 DEBUG CambioUIMenu:104 - Insertando item de menú 'Método independiente de prevalencia' en posicion 1
2024-12-21 21:08:01 DEBUG CambioUIMenu:113 - Insertando item de menú 'Riesgos del estudio CPSII' en posicion 0
2024-12-21 21:08:01 DEBUG CambioUIMenu:113 - Insertando item de menú 'Riesgos de un estudio de cohortes' en posicion 1
2024-12-21 21:08:01 DEBUG CambioUIMenu:104 - Insertando item de menú 'A otro factor de riesgo' en posicion 1
2024-12-21 21:08:01 DEBUG CambioUIMenu:113 - Insertando item de menú 'Riesgos de un estudio de cohortes' en posicion 0
2024-12-21 21:08:01 DEBUG CambioUIMenu:113 - Insertando item de menú 'Riesgos de un estudio de casos y controles' en posicion 1
2024-12-21 21:08:01 DEBUG PluginEstandar:42 - Aplicando cambios de plugin 'regresion'...
2024-12-21 21:08:01 DEBUG CambioUIMenu:104 - Insertando item de menú 'Regresión logística' en posicion 7
2024-12-21 21:08:01 DEBUG CambioUIMenu:113 - Insertando item de menú 'Regresión logística' en posicion 0
2024-12-21 21:08:01 DEBUG PluginEstandar:42 - Aplicando cambios de plugin 'Distribuciones de probabilidad'...
2024-12-21 21:08:01 DEBUG CambioUIMenu:104 - Insertando item de menú 'Distribuciones de probabilidad' en posicion 8
2024-12-21 21:08:01 DEBUG CambioUIMenu:104 - Insertando item de menú 'Cálculo de probabilidades' en posicion 0
2024-12-21 21:08:01 DEBUG CambioUIMenu:113 - Insertando item de menú 'Distribuciones discretas' en posicion 0
2024-12-21 21:08:01 DEBUG CambioUIMenu:113 - Insertando item de menú 'Distribuciones continuas' en posicion 1
2024-12-21 21:08:01 DEBUG CambioUIMenu:104 - Insertando item de menú 'Generación de distribuciones' en posicion 1
2024-12-21 21:08:01 DEBUG CambioUIMenu:113 - Insertando item de menú 'Distribuciones discretas' en posicion 0
2024-12-21 21:08:01 DEBUG CambioUIMenu:113 - Insertando item de menú 'Distribuciones continuas' en posicion 1
2024-12-21 21:08:01 DEBUG PluginEstandar:42 - Aplicando cambios de plugin 'analisisBayesiano'...
2024-12-21 21:08:01 DEBUG CambioUIMenu:104 - Insertando item de menú 'Análisis bayesiano' en posicion 9
2024-12-21 21:08:01 DEBUG CambioUIMenu:113 - Insertando item de menú 'Teorema de Bayes' en posicion 0
2024-12-21 21:08:01 DEBUG CambioUIMenu:113 - Insertando item de menú 'Odds ratio' en posicion 1
2024-12-21 21:08:01 DEBUG CambioUIMenu:104 - Insertando item de menú 'Proporción' en posicion 2
2024-12-21 21:08:01 DEBUG CambioUIMenu:104 - Insertando item de menú 'Una población' en posicion 0
2024-12-21 21:08:01 DEBUG CambioUIMenu:113 - Insertando item de menú 'Estimación de una proporción' en posicion 0
2024-12-21 21:08:01 DEBUG CambioUIMenu:113 - Insertando item de menú 'Valoración de hipótesis' en posicion 1
2024-12-21 21:08:01 DEBUG CambioUIMenu:104 - Insertando item de menú 'Dos poblaciones' en posicion 1
2024-12-21 21:08:01 DEBUG CambioUIMenu:113 - Insertando item de menú 'Estimación de efectos' en posicion 0
2024-12-21 21:08:01 DEBUG CambioUIMenu:113 - Insertando item de menú 'Valoración de hipótesis' en posicion 1
2024-12-21 21:08:01 DEBUG CambioUIMenu:104 - Insertando item de menú 'Media' en posicion 3
2024-12-21 21:08:01 DEBUG CambioUIMenu:104 - Insertando item de menú 'Una población' en posicion 0
2024-12-21 21:08:01 DEBUG CambioUIMenu:113 - Insertando item de menú 'Estimación de una media' en posicion 0
2024-12-21 21:08:01 DEBUG CambioUIMenu:113 - Insertando item de menú 'Valoración de hipótesis' en posicion 1
2024-12-21 21:08:01 DEBUG CambioUIMenu:104 - Insertando item de menú 'Dos poblaciones' en posicion 1
2024-12-21 21:08:01 DEBUG CambioUIMenu:113 - Insertando item de menú 'Estimación de una diferencia' en posicion 0
2024-12-21 21:08:01 DEBUG CambioUIMenu:113 - Insertando item de menú 'Valoración de hipótesis' en posicion 1
2024-12-21 21:08:01 DEBUG CambioUIMenu:113 - Insertando item de menú 'Valoración de pruebas convencionales' en posicion 4
2024-12-21 21:08:01 DEBUG PluginEstandar:42 - Aplicando cambios de plugin 'privaciones'...
2024-12-21 21:08:01 DEBUG CambioUIMenu:104 - Insertando item de menú 'Índices de desarrollo o privación' en posicion 10
2024-12-21 21:08:01 DEBUG CambioUIMenu:113 - Insertando item de menú 'Índice de desarrollo humano (IDH)' en posicion 0
2024-12-21 21:08:01 DEBUG CambioUIMenu:113 - Insertando item de menú 'Índice de desarrollo humano corregido para desigualdad de género (IDHG)' en posicion 1
2024-12-21 21:08:01 DEBUG CambioUIMenu:113 - Insertando item de menú 'Índice de Pobreza 1 (IP1)' en posicion 2
2024-12-21 21:08:01 DEBUG CambioUIMenu:113 - Insertando item de menú 'Índice de Pobreza 2 (IP2)' en posicion 3
2024-12-21 21:08:01 DEBUG CambioUIMenu:113 - Insertando item de menú 'Índice de pobreza multidimensional (IPM)' en posicion 4
2024-12-21 21:08:01 DEBUG CambioUIMenu:113 - Insertando item de menú 'Índice de desarrollo de la niñez (IDN)' en posicion 5
2024-12-21 21:08:01 DEBUG CambioUIMenu:113 - Insertando item de menú 'Índice de oportunidades en la niñez (ION)' en posicion 6
2024-12-21 21:08:01 DEBUG PluginEstandar:42 - Aplicando cambios de plugin 'Medición de Desigualdades'...
2024-12-21 21:08:01 DEBUG CambioUIMenu:104 - Insertando item de menú 'Medición de desigualdades en salud' en posicion 11
2024-12-21 21:08:01 DEBUG CambioUIMenu:104 - Insertando item de menú 'Índices para categorías ordenadas' en posicion 0
2024-12-21 21:08:01 DEBUG CambioUIMenu:113 - Insertando item de menú 'Índices basados en comparaciones dos a dos' en posicion 0
2024-12-21 21:08:01 DEBUG CambioUIMenu:113 - Insertando item de menú 'Índices basados en el modelo de regresión' en posicion 1
2024-12-21 21:08:01 DEBUG CambioUIMenu:104 - Insertando item de menú 'Índice de Gini e índice de concentración' en posicion 2
2024-12-21 21:08:01 DEBUG CambioUIMenu:113 - Insertando item de menú 'Índice de Gini y curva de Lorenz' en posicion 0
2024-12-21 21:08:01 DEBUG CambioUIMenu:113 - Insertando item de menú 'Índice y curva de concentración' en posicion 1
2024-12-21 21:08:01 DEBUG CambioUIMenu:104 - Insertando item de menú 'Índices para categorías no ordenadas' en posicion 1
2024-12-21 21:08:01 DEBUG CambioUIMenu:113 - Insertando item de menú 'Índices basados en comparaciones dos a dos' en posicion 0
2024-12-21 21:08:01 DEBUG CambioUIMenu:113 - Insertando item de menú 'Índices de dispersión' en posicion 1
2024-12-21 21:08:01 DEBUG CambioUIMenu:113 - Insertando item de menú 'Índices basados en la comparación de distribuciones de probabilidad' en posicion 2
2024-12-21 21:08:01 DEBUG CambioUIMenu:113 - Insertando item de menú 'Índice de efecto' en posicion 2
2024-12-21 21:11:23 WARN  StandardResourceBundle:33 - El bundle creado por 'EntornoEpidatBundle' no ha encontrado la clave 'calcular' o es vacía.
2024-12-21 21:11:23 WARN  StandardResourceBundle:33 - El bundle creado por 'EntornoEpidatBundle' no ha encontrado la clave 'ocultar' o es vacía.
2024-12-21 21:11:23 WARN  StandardResourceBundle:33 - El bundle creado por 'EntornoEpidatBundle' no ha encontrado la clave 'limpiar' o es vacía.
2024-12-21 21:11:23 WARN  StandardResourceBundle:33 - El bundle creado por 'EntornoEpidatBundle' no ha encontrado la clave 'generar.grafico' o es vacía.
2024-12-21 21:11:23 WARN  StandardResourceBundle:33 - El bundle creado por 'EntornoEpidatBundle' no ha encontrado la clave 'calcular' o es vacía.
2024-12-21 21:11:23 WARN  StandardResourceBundle:33 - El bundle creado por 'EntornoEpidatBundle' no ha encontrado la clave 'ocultar' o es vacía.
2024-12-21 21:11:23 WARN  StandardResourceBundle:33 - El bundle creado por 'EntornoEpidatBundle' no ha encontrado la clave 'limpiar' o es vacía.
2024-12-21 21:11:23 WARN  StandardResourceBundle:33 - El bundle creado por 'EntornoEpidatBundle' no ha encontrado la clave 'generar.grafico' o es vacía.
2024-12-21 21:11:23 WARN  StandardResourceBundle:33 - El bundle creado por 'EntornoEpidatBundle' no ha encontrado la clave 'calcular' o es vacía.
2024-12-21 21:11:23 WARN  StandardResourceBundle:33 - El bundle creado por 'EntornoEpidatBundle' no ha encontrado la clave 'ocultar' o es vacía.
2024-12-21 21:11:23 WARN  StandardResourceBundle:33 - El bundle creado por 'EntornoEpidatBundle' no ha encontrado la clave 'limpiar' o es vacía.
2024-12-21 21:11:23 WARN  StandardResourceBundle:33 - El bundle creado por 'EntornoEpidatBundle' no ha encontrado la clave 'generar.grafico' o es vacía.
2024-12-21 21:11:23 WARN  StandardResourceBundle:33 - El bundle creado por 'EntornoEpidatBundle' no ha encontrado la clave 'calcular' o es vacía.
2024-12-21 21:11:23 WARN  StandardResourceBundle:33 - El bundle creado por 'EntornoEpidatBundle' no ha encontrado la clave 'ocultar' o es vacía.
2024-12-21 21:11:23 WARN  StandardResourceBundle:33 - El bundle creado por 'EntornoEpidatBundle' no ha encontrado la clave 'limpiar' o es vacía.
2024-12-21 21:11:23 WARN  StandardResourceBundle:33 - El bundle creado por 'EntornoEpidatBundle' no ha encontrado la clave 'generar.grafico' o es vacía.
2024-12-21 21:13:59 WARN  StandardResourceBundle:33 - El bundle creado por 'EntornoEpidatBundle' no ha encontrado la clave 'calcular' o es vacía.
2024-12-21 21:13:59 WARN  StandardResourceBundle:33 - El bundle creado por 'EntornoEpidatBundle' no ha encontrado la clave 'ocultar' o es vacía.
2024-12-21 21:13:59 WARN  StandardResourceBundle:33 - El bundle creado por 'EntornoEpidatBundle' no ha encontrado la clave 'limpiar' o es vacía.
2024-12-21 21:13:59 WARN  StandardResourceBundle:33 - El bundle creado por 'EntornoEpidatBundle' no ha encontrado la clave 'generar.grafico' o es vacía.
2024-12-21 21:13:59 WARN  StandardResourceBundle:33 - El bundle creado por 'EntornoEpidatBundle' no ha encontrado la clave 'calcular' o es vacía.
2024-12-21 21:13:59 WARN  StandardResourceBundle:33 - El bundle creado por 'EntornoEpidatBundle' no ha encontrado la clave 'ocultar' o es vacía.
2024-12-21 21:13:59 WARN  StandardResourceBundle:33 - El bundle creado por 'EntornoEpidatBundle' no ha encontrado la clave 'limpiar' o es vacía.
2024-12-21 21:13:59 WARN  StandardResourceBundle:33 - El bundle creado por 'EntornoEpidatBundle' no ha encontrado la clave 'generar.grafico' o es vacía.
2024-12-21 21:13:59 WARN  StandardResourceBundle:33 - El bundle creado por 'EntornoEpidatBundle' no ha encontrado la clave 'calcular' o es vacía.
2024-12-21 21:13:59 WARN  StandardResourceBundle:33 - El bundle creado por 'EntornoEpidatBundle' no ha encontrado la clave 'ocultar' o es vacía.
2024-12-21 21:13:59 WARN  StandardResourceBundle:33 - El bundle creado por 'EntornoEpidatBundle' no ha encontrado la clave 'limpiar' o es vacía.
2024-12-21 21:13:59 WARN  StandardResourceBundle:33 - El bundle creado por 'EntornoEpidatBundle' no ha encontrado la clave 'generar.grafico' o es vacía.
2024-12-21 21:13:59 WARN  StandardResourceBundle:33 - El bundle creado por 'EntornoEpidatBundle' no ha encontrado la clave 'calcular' o es vacía.
2024-12-21 21:13:59 WARN  StandardResourceBundle:33 - El bundle creado por 'EntornoEpidatBundle' no ha encontrado la clave 'ocultar' o es vacía.
2024-12-21 21:13:59 WARN  StandardResourceBundle:33 - El bundle creado por 'EntornoEpidatBundle' no ha encontrado la clave 'limpiar' o es vacía.
2024-12-21 21:13:59 WARN  StandardResourceBundle:33 - El bundle creado por 'EntornoEpidatBundle' no ha encontrado la clave 'generar.grafico' o es vacía.
2025-02-12 16:27:56 INFO  Aplicacion:99 - Arrancando EPIDAT...
2025-02-12 16:27:57 INFO  Aplicacion:222 - 





2025-02-12 16:27:57 INFO  Aplicacion:223 - --------------------------------------------------------
2025-02-12 16:27:57 INFO  Aplicacion:224 - EPIDAT v4.2
2025-02-12 16:27:57 INFO  Aplicacion:225 - 		Fecha de arranque: 12-feb-2025 16:27:57
2025-02-12 16:27:57 INFO  Aplicacion:226 - 		Idioma: ES
2025-02-12 16:27:57 INFO  Aplicacion:227 - --------------------------------------------------------
2025-02-12 16:27:57 INFO  Aplicacion:228 - 

2025-02-12 16:27:57 DEBUG LeerPlugins:43 - Directorio Base:.\bin
2025-02-12 16:27:57 DEBUG LeerPlugins:71 - AjusteDeTasas.xml: Plugin 'ajusteDeTasas - 1.0 (indice 8)'
2025-02-12 16:27:57 DEBUG LeerPlugins:75 - 	Creada opción de menú 'Módulos/Ajuste de tasas/Método directo' con accion 'ajusteTasas.interfaz.AccionAjusteTasasDirecto'
2025-02-12 16:27:57 DEBUG LeerPlugins:75 - 	Creada opción de menú 'Módulos/Ajuste de tasas/Método indirecto' con accion 'ajusteTasas.interfaz.AccionAjusteTasasIndirecto'
2025-02-12 16:27:57 DEBUG LeerPlugins:71 - AnalisisBayesiano.xml: Plugin 'analisisBayesiano - 1.0 (indice 14)'
2025-02-12 16:27:57 DEBUG LeerPlugins:75 - 	Creada opción de menú 'Módulos/Análisis bayesiano/Teorema de Bayes' con accion 'analisisBayesiano.interfaz.ABTeoremaPlugin'
2025-02-12 16:27:57 DEBUG LeerPlugins:75 - 	Creada opción de menú 'Módulos/Análisis bayesiano/Odds ratio' con accion 'analisisBayesiano.interfaz.ABOddsRatioPlugin'
2025-02-12 16:27:57 DEBUG LeerPlugins:75 - 	Creada opción de menú 'Módulos/Análisis bayesiano/Proporción/Una población/Estimación de una proporción' con accion 'analisisBayesiano.interfaz.ABProporcionUnaEstimacionPlugin'
2025-02-12 16:27:57 DEBUG LeerPlugins:75 - 	Creada opción de menú 'Módulos/Análisis bayesiano/Proporción/Una población/Valoración de hipótesis' con accion 'analisisBayesiano.interfaz.ABProporcionUnaValoracionPlugin'
2025-02-12 16:27:57 DEBUG LeerPlugins:75 - 	Creada opción de menú 'Módulos/Análisis bayesiano/Proporción/Dos poblaciones/Estimación de efectos' con accion 'analisisBayesiano.interfaz.ABProporcionDosEstimacionPlugin'
2025-02-12 16:27:57 DEBUG LeerPlugins:75 - 	Creada opción de menú 'Módulos/Análisis bayesiano/Proporción/Dos poblaciones/Valoración de hipótesis' con accion 'analisisBayesiano.interfaz.ABProporcionDosValoracionPlugin'
2025-02-12 16:27:57 DEBUG LeerPlugins:75 - 	Creada opción de menú 'Módulos/Análisis bayesiano/Media/Una población/Estimación de una media' con accion 'analisisBayesiano.interfaz.ABMediaUnaEstimacionPlugin'
2025-02-12 16:27:57 DEBUG LeerPlugins:75 - 	Creada opción de menú 'Módulos/Análisis bayesiano/Media/Una población/Valoración de hipótesis' con accion 'analisisBayesiano.interfaz.ABMediaUnaValoracionPlugin'
2025-02-12 16:27:57 DEBUG LeerPlugins:75 - 	Creada opción de menú 'Módulos/Análisis bayesiano/Media/Dos poblaciones/Estimación de una diferencia' con accion 'analisisBayesiano.interfaz.ABMediaDosEstimacionPlugin'
2025-02-12 16:27:57 DEBUG LeerPlugins:75 - 	Creada opción de menú 'Módulos/Análisis bayesiano/Media/Dos poblaciones/Valoración de hipótesis' con accion 'analisisBayesiano.interfaz.ABMediaDosValoracionPlugin'
2025-02-12 16:27:57 DEBUG LeerPlugins:75 - 	Creada opción de menú 'Módulos/Análisis bayesiano/Valoración de pruebas convencionales' con accion 'analisisBayesiano.interfaz.ABValoracionPlugin'
2025-02-12 16:27:57 DEBUG LeerPlugins:71 - AnalisisDescriptivo.xml: Plugin 'Plugin - 1.0 (indice 0)'
2025-02-12 16:27:57 DEBUG LeerPlugins:75 - 	Creada opción de menú 'Módulos/Análisis descriptivo/Tablas de frecuencias' con accion 'analisisDescriptivo.interfaz.TablasFrecuenciaAccionPlugin'
2025-02-12 16:27:57 DEBUG LeerPlugins:75 - 	Creada opción de menú 'Módulos/Análisis descriptivo/Tablas de contingencia' con accion 'analisisDescriptivo.interfaz.TablasContingenciaAccionPlugin'
2025-02-12 16:27:57 DEBUG LeerPlugins:75 - 	Creada opción de menú 'Módulos/Análisis descriptivo/Estadísticos descriptivos' con accion 'analisisDescriptivo.interfaz.EstadisticosDescriptivosAccionPlugin'
2025-02-12 16:27:57 DEBUG LeerPlugins:75 - 	Creada opción de menú 'Módulos/Análisis descriptivo/Correlación' con accion 'analisisDescriptivo.interfaz.CorrelacionAccionPlugin'
2025-02-12 16:27:57 DEBUG LeerPlugins:75 - 	Creada opción de menú 'Módulos/Análisis descriptivo/Gráficos/Barras' con accion 'analisisDescriptivo.interfaz.GraficosBarrasAccionPlugin'
2025-02-12 16:27:57 DEBUG LeerPlugins:75 - 	Creada opción de menú 'Módulos/Análisis descriptivo/Gráficos/Sectores' con accion 'analisisDescriptivo.interfaz.GraficosSectoresAccionPlugin'
2025-02-12 16:27:57 DEBUG LeerPlugins:75 - 	Creada opción de menú 'Módulos/Análisis descriptivo/Gráficos/Líneas' con accion 'analisisDescriptivo.interfaz.GraficosLineasAccionPlugin'
2025-02-12 16:27:57 DEBUG LeerPlugins:75 - 	Creada opción de menú 'Módulos/Análisis descriptivo/Gráficos/Dispersión' con accion 'analisisDescriptivo.interfaz.GraficosDispersionAccionPlugin'
2025-02-12 16:27:57 DEBUG LeerPlugins:75 - 	Creada opción de menú 'Módulos/Análisis descriptivo/Gráficos/Histograma' con accion 'analisisDescriptivo.interfaz.GraficosHistogramaAccionPlugin'
2025-02-12 16:27:57 DEBUG LeerPlugins:75 - 	Creada opción de menú 'Módulos/Análisis descriptivo/Gráficos/Diagrama de cajas' con accion 'analisisDescriptivo.interfaz.GraficosDiagramaCajasAccionPlugin'
2025-02-12 16:27:57 DEBUG LeerPlugins:75 - 	Creada opción de menú 'Módulos/Análisis descriptivo/Gráficos/Intervalos de confianza' con accion 'analisisDescriptivo.interfaz.GraficosIntervalosConfianzaAccionPlugin'
2025-02-12 16:27:58 DEBUG LeerPlugins:71 - ConcordanciaYConsistencia.xml: Plugin 'ConcordanciaYConsistencia - 1.0 (indice 6)'
2025-02-12 16:27:58 DEBUG LeerPlugins:75 - 	Creada opción de menú 'Módulos/Concordancia y consistencia/Concordancia/2 Observadores' con accion 'concordanciaYConsistencia.interfaz.Concordancia2ObsAccionPlugin'
2025-02-12 16:27:58 DEBUG LeerPlugins:75 - 	Creada opción de menú 'Módulos/Concordancia y consistencia/Concordancia/3 o más observadores/2 categorías' con accion 'concordanciaYConsistencia.interfaz.Concordancia3_2CatAccionPlugin'
2025-02-12 16:27:58 DEBUG LeerPlugins:75 - 	Creada opción de menú 'Módulos/Concordancia y consistencia/Concordancia/3 o más observadores/3 ó más categorías' con accion 'concordanciaYConsistencia.interfaz.Concordancia3_3CatAccionPlugin'
2025-02-12 16:27:58 DEBUG LeerPlugins:75 - 	Creada opción de menú 'Módulos/Concordancia y consistencia/Concordancia/Comparación de kappas' con accion 'concordanciaYConsistencia.interfaz.ComparacionKappasAccionPlugin'
2025-02-12 16:27:58 DEBUG LeerPlugins:75 - 	Creada opción de menú 'Módulos/Concordancia y consistencia/Concordancia/Coeficiente de correlación intraclase' con accion 'concordanciaYConsistencia.interfaz.CorrelacionIntraclaseAccionPlugin'
2025-02-12 16:27:58 DEBUG LeerPlugins:75 - 	Creada opción de menú 'Módulos/Concordancia y consistencia/Concordancia/Método de Bland y Altman' con accion 'concordanciaYConsistencia.interfaz.BlandYAltmanAccionPlugin'
2025-02-12 16:27:58 DEBUG LeerPlugins:75 - 	Creada opción de menú 'Módulos/Concordancia y consistencia/Consistencia/Alpha de Cronbach' con accion 'concordanciaYConsistencia.interfaz.AlphaCronbachAccionPlugin'
2025-02-12 16:27:58 DEBUG LeerPlugins:71 - Demografia.xml: Plugin 'Demografía - 2.0 (indice 9)'
2025-02-12 16:27:58 DEBUG LeerPlugins:75 - 	Creada opción de menú 'Módulos/Demografía/Pirámides e indicadores/Pirámides de población' con accion 'demografia.interfaz.PiramidesAccionPlugin'
2025-02-12 16:27:58 DEBUG LeerPlugins:75 - 	Creada opción de menú 'Módulos/Demografía/Pirámides e indicadores/Indicadores de estructura' con accion 'demografia.interfaz.IndicadoresEstructuraAccionPlugin'
2025-02-12 16:27:58 DEBUG LeerPlugins:75 - 	Creada opción de menú 'Módulos/Demografía/Pirámides e indicadores/Indicadores de fecundidad' con accion 'demografia.interfaz.IndicadoresFecundidadAccionPlugin'
2025-02-12 16:27:58 DEBUG LeerPlugins:75 - 	Creada opción de menú 'Módulos/Demografía/Tablas de mortalidad' con accion 'demografia.interfaz.TablasMortalidadAccionPlugin'
2025-02-12 16:27:58 DEBUG LeerPlugins:75 - 	Creada opción de menú 'Módulos/Demografía/Expectativas de salud' con accion 'demografia.interfaz.ExpectativasSaludAccionPlugin'
2025-02-12 16:27:58 DEBUG LeerPlugins:75 - 	Creada opción de menú 'Módulos/Demografía/Años potenciales de vida perdidos/APVP y tasa bruta/Una causa y varias poblaciones' con accion 'demografia.interfaz.APVPYTasaBrutaUnaCausaAccionPlugin'
2025-02-12 16:27:58 DEBUG LeerPlugins:75 - 	Creada opción de menú 'Módulos/Demografía/Años potenciales de vida perdidos/APVP y tasa bruta/Varias causas y una población' con accion 'demografia.interfaz.APVPYTasaBrutaVariasCausasAccionPlugin'
2025-02-12 16:27:58 DEBUG LeerPlugins:75 - 	Creada opción de menú 'Módulos/Demografía/Años potenciales de vida perdidos/Tasa de APVP ajustada' con accion 'demografia.interfaz.TasaAPVPAjustadaAccionPlugin'
2025-02-12 16:27:58 DEBUG LeerPlugins:75 - 	Creada opción de menú 'Módulos/Demografía/Descomposición del cambio en la EV' con accion 'demografia.interfaz.DescomposicionCambioEVAccionPlugin'
2025-02-12 16:27:58 DEBUG LeerPlugins:75 - 	Creada opción de menú 'Módulos/Demografía/Años de esperanza de vida perdidos/Un período' con accion 'demografia.interfaz.AnosVidaPerdidosUnPeriodoAccionPlugin'
2025-02-12 16:27:58 DEBUG LeerPlugins:75 - 	Creada opción de menú 'Módulos/Demografía/Años de esperanza de vida perdidos/Comparación de dos períodos' con accion 'demografia.interfaz.AnosVidaPerdidosComparacionPeriodosAccionPlugin'
2025-02-12 16:27:58 DEBUG LeerPlugins:71 - DialogoAcercade.xml: Plugin 'Dialogo Acerca de ... - 1.0 (indice 5)'
2025-02-12 16:27:58 DEBUG LeerPlugins:75 - 	Creada opción de menú 'Ayuda/Acerca de' con accion 'dialogoacercade.interfaz.DialogoAcercaDeAccionPlugin'
2025-02-12 16:27:58 DEBUG LeerPlugins:71 - EstimacionMortalidad.xml: Plugin 'modulo - 1.0 (indice 10)'
2025-02-12 16:27:58 DEBUG LeerPlugins:75 - 	Creada opción de menú 'Módulos/Estimacion de la mortalidad atribuida/Al consumo de tabaco/Método dependiente de prevalencia/Riesgos del estudio CPSII' con accion 'estimacionMortalidad.interfaz.RiesgosCPSIIDependienteAccionPlugin'
2025-02-12 16:27:58 DEBUG LeerPlugins:75 - 	Creada opción de menú 'Módulos/Estimacion de la mortalidad atribuida/Al consumo de tabaco/Método dependiente de prevalencia/Riesgos de un estudio de cohortes' con accion 'estimacionMortalidad.interfaz.RiesgosCohortesDependienteAccionPlugin'
2025-02-12 16:27:58 DEBUG LeerPlugins:75 - 	Creada opción de menú 'Módulos/Estimacion de la mortalidad atribuida/Al consumo de tabaco/Método dependiente de prevalencia/Riesgos de un estudio de casos y controles' con accion 'estimacionMortalidad.interfaz.RiesgosCasosyControlesAccionPlugin'
2025-02-12 16:27:58 DEBUG LeerPlugins:75 - 	Creada opción de menú 'Módulos/Estimacion de la mortalidad atribuida/Al consumo de tabaco/Método independiente de prevalencia/Riesgos del estudio CPSII' con accion 'estimacionMortalidad.interfaz.RiesgosCPSIIIndependienteAccionPlugin'
2025-02-12 16:27:58 DEBUG LeerPlugins:75 - 	Creada opción de menú 'Módulos/Estimacion de la mortalidad atribuida/Al consumo de tabaco/Método independiente de prevalencia/Riesgos de un estudio de cohortes' con accion 'estimacionMortalidad.interfaz.RiesgosCohortesIndependienteAccionPlugin'
2025-02-12 16:27:58 DEBUG LeerPlugins:75 - 	Creada opción de menú 'Módulos/Estimacion de la mortalidad atribuida/A otro factor de riesgo/Riesgos de un estudio de cohortes' con accion 'estimacionMortalidad.interfaz.RiesgosCohortesDependiente2AccionPlugin'
2025-02-12 16:27:58 DEBUG LeerPlugins:75 - 	Creada opción de menú 'Módulos/Estimacion de la mortalidad atribuida/A otro factor de riesgo/Riesgos de un estudio de casos y controles' con accion 'estimacionMortalidad.interfaz.RiesgosCasosyControles2AccionPlugin'
2025-02-12 16:27:58 DEBUG LeerPlugins:71 - Herramientas.xml: Plugin 'Herramientas - 1.0 (indice 5)'
2025-02-12 16:27:58 DEBUG LeerPlugins:75 - 	Creada opción de menú 'Herramientas/Opciones' con accion 'herramientas.interfaz.OpcionesGraficasAccionPlugin'
2025-02-12 16:27:58 DEBUG LeerPlugins:71 - InferenciaSobreParametros.xml: Plugin 'inferenciasobreparametros - 1.0 (indice 5)'
2025-02-12 16:27:58 DEBUG LeerPlugins:75 - 	Creada opción de menú 'Módulos/Inferencia sobre parámetros/Una población/Media' con accion 'inferenciasobreparametros.interfaz.IPUnaPoblacionMediaAccionPlugin'
2025-02-12 16:27:58 DEBUG LeerPlugins:75 - 	Creada opción de menú 'Módulos/Inferencia sobre parámetros/Una población/Proporción' con accion 'inferenciasobreparametros.interfaz.IPUnaPoblacionProporcionAccionPlugin'
2025-02-12 16:27:58 DEBUG LeerPlugins:75 - 	Creada opción de menú 'Módulos/Inferencia sobre parámetros/Una población/Percentiles' con accion 'inferenciasobreparametros.interfaz.IPUnaPoblacionPercentilesAccionPlugin'
2025-02-12 16:27:58 DEBUG LeerPlugins:75 - 	Creada opción de menú 'Módulos/Inferencia sobre parámetros/Una población/Correlación' con accion 'inferenciasobreparametros.interfaz.IPUnaPoblacionCorrelacionAccionPlugin'
2025-02-12 16:27:58 DEBUG LeerPlugins:75 - 	Creada opción de menú 'Módulos/Inferencia sobre parámetros/Una población/Tasa de incidencia' con accion 'inferenciasobreparametros.interfaz.IPUnaPoblacionTasaIncidenciaAccionPlugin'
2025-02-12 16:27:58 DEBUG LeerPlugins:75 - 	Creada opción de menú 'Módulos/Inferencia sobre parámetros/Una población/Índice de posición' con accion 'inferenciasobreparametros.interfaz.IPUnaPoblacionIndicePosicionAccionPlugin'
2025-02-12 16:27:58 DEBUG LeerPlugins:75 - 	Creada opción de menú 'Módulos/Inferencia sobre parámetros/Dos poblaciones/Medias independientes' con accion 'inferenciasobreparametros.interfaz.IPDosPoblacionesMediasIndependientesAccionPlugin'
2025-02-12 16:27:58 DEBUG LeerPlugins:75 - 	Creada opción de menú 'Módulos/Inferencia sobre parámetros/Dos poblaciones/Medias emparejadas' con accion 'inferenciasobreparametros.interfaz.IPDosPoblacionesMediasEmparejadasAccionPlugin'
2025-02-12 16:27:58 DEBUG LeerPlugins:75 - 	Creada opción de menú 'Módulos/Inferencia sobre parámetros/Dos poblaciones/Proporciones independientes' con accion 'inferenciasobreparametros.interfaz.IPDosPoblacionesProporcionesIndependientesAccionPlugin'
2025-02-12 16:27:58 DEBUG LeerPlugins:75 - 	Creada opción de menú 'Módulos/Inferencia sobre parámetros/Dos poblaciones/Proporciones emparejadas' con accion 'inferenciasobreparametros.interfaz.IPDosPoblacionesProporcionesEmparejadasAccionPlugin'
2025-02-12 16:27:58 DEBUG LeerPlugins:75 - 	Creada opción de menú 'Módulos/Inferencia sobre parámetros/Dos poblaciones/Tasas de incidencia' con accion 'inferenciasobreparametros.interfaz.IPDosPoblacionesTasasIncidenciasAccionPlugin'
2025-02-12 16:27:58 DEBUG LeerPlugins:75 - 	Creada opción de menú 'Módulos/Inferencia sobre parámetros/Comparación no paramétrica/Medias independientes' con accion 'inferenciasobreparametros.interfaz.IPNoParametricaMediasIndependientesAccionPlugin'
2025-02-12 16:27:58 DEBUG LeerPlugins:75 - 	Creada opción de menú 'Módulos/Inferencia sobre parámetros/Comparación no paramétrica/Medias emparejadas' con accion 'inferenciasobreparametros.interfaz.IPNoParametricaMediasEmparejadasAccionPlugin'
2025-02-12 16:27:58 DEBUG LeerPlugins:75 - 	Creada opción de menú 'Módulos/Inferencia sobre parámetros/Contraste de normalidad' con accion 'inferenciasobreparametros.interfaz.IPContrasteNormalidadAccionPlugin'
2025-02-12 16:27:58 DEBUG LeerPlugins:71 - Internacionalizacion.xml: Plugin 'Herramientas - 1.0 (indice 5)'
2025-02-12 16:27:58 DEBUG LeerPlugins:75 - 	Creada opción de menú 'Herramientas/Idioma' con accion 'com.epidat.internacionalizacion.interfaz.CambiarIdiomaMenuItem'
2025-02-12 16:27:58 DEBUG LeerPlugins:71 - MedicionEnDesigualdadesEnSalud.xml: Plugin 'Medición de Desigualdades - 2.0 (indice 18)'
2025-02-12 16:27:58 DEBUG LeerPlugins:75 - 	Creada opción de menú 'Módulos/Medición de desigualdades en salud/Índices para categorías ordenadas/Índices basados en comparaciones dos a dos' con accion 'medicionDesigualdadesSalud.interfaz.Comparacion2a2VarOrdenadasAccionPlugin'
2025-02-12 16:27:58 DEBUG LeerPlugins:75 - 	Creada opción de menú 'Módulos/Medición de desigualdades en salud/Índices para categorías ordenadas/Índices basados en el modelo de regresión' con accion 'medicionDesigualdadesSalud.interfaz.IndicesDesigualdadAccionPlugin'
2025-02-12 16:27:58 DEBUG LeerPlugins:75 - 	Creada opción de menú 'Módulos/Medición de desigualdades en salud/Índices para categorías ordenadas/Índice de Gini e índice de concentración/Índice de Gini y curva de Lorenz' con accion 'medicionDesigualdadesSalud.interfaz.IndiceGiniCurvaLorenzAccionPlugin'
2025-02-12 16:27:58 DEBUG LeerPlugins:75 - 	Creada opción de menú 'Módulos/Medición de desigualdades en salud/Índices para categorías ordenadas/Índice de Gini e índice de concentración/Índice y curva de concentración' con accion 'medicionDesigualdadesSalud.interfaz.IndiceCurvaConcentracionAccionPlugin'
2025-02-12 16:27:58 DEBUG LeerPlugins:75 - 	Creada opción de menú 'Módulos/Medición de desigualdades en salud/Índices para categorías no ordenadas/Índices basados en comparaciones dos a dos' con accion 'medicionDesigualdadesSalud.interfaz.Comparacion2a2VarDesordenadasAccionPlugin'
2025-02-12 16:27:58 DEBUG LeerPlugins:75 - 	Creada opción de menú 'Módulos/Medición de desigualdades en salud/Índices para categorías no ordenadas/Índices de dispersión' con accion 'medicionDesigualdadesSalud.interfaz.IndicesDeDispersionAccionPlugin'
2025-02-12 16:27:58 DEBUG LeerPlugins:75 - 	Creada opción de menú 'Módulos/Medición de desigualdades en salud/Índices para categorías no ordenadas/Índices basados en la comparación de distribuciones de probabilidad' con accion 'medicionDesigualdadesSalud.interfaz.IndicesBasadosComparacionDistProbabilidadAccionPlugin'
2025-02-12 16:27:58 DEBUG LeerPlugins:75 - 	Creada opción de menú 'Módulos/Medición de desigualdades en salud/Índice de efecto' con accion 'medicionDesigualdadesSalud.interfaz.IndiceEfectoAccionPlugin'
2025-02-12 16:27:58 DEBUG LeerPlugins:71 - ModulosFaltantes.xml: Plugin 'modulosFaltantes - 1.0 (indice 1)'
2025-02-12 16:27:58 DEBUG LeerPlugins:75 - 	Creada opción de menú 'Ayuda/Módulos aún no implementados' con accion 'modulosFaltantes.interfaz.AyudaPlugin'
2025-02-12 16:27:58 DEBUG LeerPlugins:71 - MuestreoSeleccionYEstimacion.xml: Plugin 'Muestreo 2 - 1.0 (indice 3)'
2025-02-12 16:27:58 DEBUG LeerPlugins:75 - 	Creada opción de menú 'Módulos/Muestreo/Selección de muestras/Muestreo simple aleatorio' con accion 'seleccionMuestras.interfaz.MuestreoSimpleAleatorioAccionPlugin'
2025-02-12 16:27:58 DEBUG LeerPlugins:75 - 	Creada opción de menú 'Módulos/Muestreo/Selección de muestras/Muestreo sistemático' con accion 'seleccionMuestras.interfaz.MuestreoSistematicoAccionPlugin'
2025-02-12 16:27:58 DEBUG LeerPlugins:75 - 	Creada opción de menú 'Módulos/Muestreo/Selección de muestras/Muestreo aleatorio estratificado' con accion 'seleccionMuestras.interfaz.MuestreoAleatorioEstratificadoAccionPlugin'
2025-02-12 16:27:58 DEBUG LeerPlugins:75 - 	Creada opción de menú 'Módulos/Muestreo/Selección de muestras/Muestreo por conglomerados monoetápico' con accion 'seleccionMuestras.interfaz.MuestreoConglomeradosMonoAccionPlugin'
2025-02-12 16:27:58 DEBUG LeerPlugins:75 - 	Creada opción de menú 'Módulos/Muestreo/Selección de muestras/Muestreo por conglomerados bietápico' con accion 'seleccionMuestras.interfaz.MuestreoConglomeradosBiAccionPlugin'
2025-02-12 16:27:58 DEBUG LeerPlugins:75 - 	Creada opción de menú 'Módulos/Muestreo/Selección de muestras/Muestreo por conglomerados monoetápico estratificado' con accion 'seleccionMuestras.interfaz.MuestreoConglMonoEstratAccionPlugin'
2025-02-12 16:27:58 DEBUG LeerPlugins:75 - 	Creada opción de menú 'Módulos/Muestreo/Selección de muestras/Muestreo por conglomerados bietápico estratificado' con accion 'seleccionMuestras.interfaz.MuestreoConglBiEstratAccionPlugin'
2025-02-12 16:27:58 DEBUG LeerPlugins:75 - 	Creada opción de menú 'Módulos/Muestreo/Asignación de sujetos a tratamientos' con accion 'seleccionMuestras.interfaz.AsignacionSujetosTratamientosAccionPlugin'
2025-02-12 16:27:58 DEBUG LeerPlugins:75 - 	Creada opción de menú 'Módulos/Muestreo/Estimación con muestras complejas' con accion 'emuco.interfaz.EmucoAccionPlugin'
2025-02-12 16:27:58 DEBUG LeerPlugins:71 - MuestreoTamanosDeMuestra.xml: Plugin 'Muestreo 1 - 1.0 (indice 2)'
2025-02-12 16:27:58 DEBUG LeerPlugins:75 - 	Creada opción de menú 'Módulos/Muestreo/Cálculo de tamaños de muestra/Intervalos de confianza/Media' con accion 'tamsMuestra.intervalosConfianza.interfaz.MediaAccionPlugin'
2025-02-12 16:27:58 DEBUG LeerPlugins:75 - 	Creada opción de menú 'Módulos/Muestreo/Cálculo de tamaños de muestra/Intervalos de confianza/Proporción' con accion 'tamsMuestra.intervalosConfianza.interfaz.ProporcionAccionPlugin'
2025-02-12 16:27:58 DEBUG LeerPlugins:75 - 	Creada opción de menú 'Módulos/Muestreo/Cálculo de tamaños de muestra/Intervalos de confianza/Odds ratio' con accion 'tamsMuestra.intervalosConfianza.interfaz.OddsRatioAccionPlugin'
2025-02-12 16:27:58 DEBUG LeerPlugins:75 - 	Creada opción de menú 'Módulos/Muestreo/Cálculo de tamaños de muestra/Intervalos de confianza/Riesgo relativo' con accion 'tamsMuestra.intervalosConfianza.interfaz.RiesgoRelativoAccionPlugin'
2025-02-12 16:27:58 DEBUG LeerPlugins:75 - 	Creada opción de menú 'Módulos/Muestreo/Cálculo de tamaños de muestra/Intervalos de confianza/Concordancia' con accion 'tamsMuestra.intervalosConfianza.interfaz.ConcordanciaAccionPlugin'
2025-02-12 16:27:58 DEBUG LeerPlugins:75 - 	Creada opción de menú 'Módulos/Muestreo/Cálculo de tamaños de muestra/Intervalos de confianza/Pruebas diagnósticas' con accion 'tamsMuestra.intervalosConfianza.interfaz.SensibilidadYEspecificidadAccionPlugin'
2025-02-12 16:27:58 DEBUG LeerPlugins:75 - 	Creada opción de menú 'Módulos/Muestreo/Cálculo de tamaños de muestra/Contraste de hipótesis/Comparación de medias/Grupos independientes' con accion 'tamsMuestra.contrastesHipotesis.interfaz.ComparacionMediasIndependientesAccionPlugin'
2025-02-12 16:27:58 DEBUG LeerPlugins:75 - 	Creada opción de menú 'Módulos/Muestreo/Cálculo de tamaños de muestra/Contraste de hipótesis/Comparación de medias/Grupos emparejados' con accion 'tamsMuestra.contrastesHipotesis.interfaz.ComparacionMediasEmparejadasAccionPlugin'
2025-02-12 16:27:58 DEBUG LeerPlugins:75 - 	Creada opción de menú 'Módulos/Muestreo/Cálculo de tamaños de muestra/Contraste de hipótesis/Comparación de proporciones/Grupos independientes' con accion 'tamsMuestra.contrastesHipotesis.interfaz.ComparacionProporcionesIndependientesAccionPlugin'
2025-02-12 16:27:58 DEBUG LeerPlugins:75 - 	Creada opción de menú 'Módulos/Muestreo/Cálculo de tamaños de muestra/Contraste de hipótesis/Comparación de proporciones/Grupos emparejados' con accion 'tamsMuestra.contrastesHipotesis.interfaz.ComparacionProporcionesEmparejadasAccionPlugin'
2025-02-12 16:27:58 DEBUG LeerPlugins:75 - 	Creada opción de menú 'Módulos/Muestreo/Cálculo de tamaños de muestra/Contraste de hipótesis/Estudios de casos y controles/Grupos independientes' con accion 'tamsMuestra.contrastesHipotesis.interfaz.EstudiosCasosIndependientesAccionPlugin'
2025-02-12 16:27:58 DEBUG LeerPlugins:75 - 	Creada opción de menú 'Módulos/Muestreo/Cálculo de tamaños de muestra/Contraste de hipótesis/Estudios de cohorte' con accion 'tamsMuestra.contrastesHipotesis.interfaz.EstudiosCohorteAccionPlugin'
2025-02-12 16:27:58 DEBUG LeerPlugins:75 - 	Creada opción de menú 'Módulos/Muestreo/Cálculo de tamaños de muestra/Contraste de hipótesis/Estudios de casos y controles/Grupos emparejados' con accion 'tamsMuestra.contrastesHipotesis.interfaz.EstudiosCasosEmparejadosAccionPlugin'
2025-02-12 16:27:58 DEBUG LeerPlugins:75 - 	Creada opción de menú 'Módulos/Muestreo/Cálculo de tamaños de muestra/Contraste de hipótesis/Estudios de equivalencia/Equivalencia de medias' con accion 'tamsMuestra.contrastesHipotesis.interfaz.EquivalenciaMediasAccionPlugin'
2025-02-12 16:27:58 DEBUG LeerPlugins:75 - 	Creada opción de menú 'Módulos/Muestreo/Cálculo de tamaños de muestra/Contraste de hipótesis/Estudios de equivalencia/Equivalencia de proporciones' con accion 'tamsMuestra.contrastesHipotesis.interfaz.EquivalenciaProporcionesAccionPlugin'
2025-02-12 16:27:58 DEBUG LeerPlugins:75 - 	Creada opción de menú 'Módulos/Muestreo/Cálculo de tamaños de muestra/Contraste de hipótesis/Pruebas diagnósticas/Grupos independientes' con accion 'tamsMuestra.contrastesHipotesis.interfaz.PruebasDxGIAccionPlugin'
2025-02-12 16:27:58 DEBUG LeerPlugins:75 - 	Creada opción de menú 'Módulos/Muestreo/Cálculo de tamaños de muestra/Contraste de hipótesis/Pruebas diagnósticas/Grupos emparejados' con accion 'tamsMuestra.contrastesHipotesis.interfaz.PruebasDxGEAccionPlugin'
2025-02-12 16:27:58 DEBUG LeerPlugins:75 - 	Creada opción de menú 'Módulos/Muestreo/Cálculo de tamaños de muestra/Contraste de hipótesis/Calidad de lotes' con accion 'tamsMuestra.contrastesHipotesis.interfaz.CalidadLotesAccionPlugin'
2025-02-12 16:27:58 DEBUG LeerPlugins:75 - 	Creada opción de menú 'Módulos/Muestreo/Cálculo de tamaños de muestra/Contraste de hipótesis/Supervivencia' con accion 'tamsMuestra.contrastesHipotesis.interfaz.SupervivenciaAccionPlugin'
2025-02-12 16:27:58 DEBUG LeerPlugins:75 - 	Creada opción de menú 'Módulos/Muestreo/Cálculo de tamaños de muestra/Contraste de hipótesis/Coeficiente de correlación' con accion 'tamsMuestra.contrastesHipotesis.interfaz.CorrelacionAccionPlugin'
2025-02-12 16:27:58 DEBUG LeerPlugins:71 - Privaciones.xml: Plugin 'privaciones - 1.0 (indice 16)'
2025-02-12 16:27:58 DEBUG LeerPlugins:75 - 	Creada opción de menú 'Módulos/Índices de desarrollo o privación/Índice de desarrollo humano (IDH)' con accion 'privaciones.interfaz.Privations_Pluggin_AE_IDH'
2025-02-12 16:27:58 DEBUG LeerPlugins:75 - 	Creada opción de menú 'Módulos/Índices de desarrollo o privación/Índice de desarrollo humano corregido para desigualdad de género (IDHG)' con accion 'privaciones.interfaz.Privations_Pluggin_AE_IDHG'
2025-02-12 16:27:58 DEBUG LeerPlugins:75 - 	Creada opción de menú 'Módulos/Índices de desarrollo o privación/Índice de Pobreza 1 (IP1)' con accion 'privaciones.interfaz.Privations_Pluggin_AE_IP1'
2025-02-12 16:27:58 DEBUG LeerPlugins:75 - 	Creada opción de menú 'Módulos/Índices de desarrollo o privación/Índice de Pobreza 2 (IP2)' con accion 'privaciones.interfaz.Privations_Pluggin_AE_IP2'
2025-02-12 16:27:58 DEBUG LeerPlugins:75 - 	Creada opción de menú 'Módulos/Índices de desarrollo o privación/Índice de pobreza multidimensional (IPM)' con accion 'privaciones.interfaz.Privations_Pluggin_AE_IPM'
2025-02-12 16:27:58 DEBUG LeerPlugins:75 - 	Creada opción de menú 'Módulos/Índices de desarrollo o privación/Índice de desarrollo de la niñez (IDN)' con accion 'privaciones.interfaz.Privations_Pluggin_AE_IDN'
2025-02-12 16:27:58 DEBUG LeerPlugins:75 - 	Creada opción de menú 'Módulos/Índices de desarrollo o privación/Índice de oportunidades en la niñez (ION)' con accion 'privaciones.interfaz.Privations_Pluggin_AE_ION'
2025-02-12 16:27:58 DEBUG LeerPlugins:71 - Probabilidades.xml: Plugin 'Distribuciones de probabilidad - 2.0 (indice 13)'
2025-02-12 16:27:58 DEBUG LeerPlugins:75 - 	Creada opción de menú 'Módulos/Distribuciones de probabilidad/Cálculo de probabilidades/Distribuciones discretas' con accion 'probabilidades.interfaz.ProbabilidadCalcDiscretasAccionPlugin'
2025-02-12 16:27:58 DEBUG LeerPlugins:75 - 	Creada opción de menú 'Módulos/Distribuciones de probabilidad/Cálculo de probabilidades/Distribuciones continuas' con accion 'probabilidades.interfaz.ProbabilidadCalcContinuasAccionPlugin'
2025-02-12 16:27:58 DEBUG LeerPlugins:75 - 	Creada opción de menú 'Módulos/Distribuciones de probabilidad/Generación de distribuciones/Distribuciones discretas' con accion 'probabilidades.interfaz.ProbabilidadGenDiscretasAccionPlugin'
2025-02-12 16:27:58 DEBUG LeerPlugins:75 - 	Creada opción de menú 'Módulos/Distribuciones de probabilidad/Generación de distribuciones/Distribuciones continuas' con accion 'probabilidades.interfaz.ProbabilidadGenContinuasAccionPlugin'
2025-02-12 16:27:58 DEBUG LeerPlugins:71 - RegresionLogistica.xml: Plugin 'regresion - 1.0 (indice 11)'
2025-02-12 16:27:58 DEBUG LeerPlugins:75 - 	Creada opción de menú 'Módulos/Regresión logística/Regresión logística' con accion 'regresion.interfaz.Regression_Pluggin_AE'
2025-02-12 16:27:59 WARN  StandardResourceBundle:33 - El bundle creado por 'EntornoEpidatBundle' no ha encontrado la clave 'EpidatForm.nomArchivoOculto.AccessibleContext.accessibleName' o es vacía.
2025-02-12 16:27:59 WARN  StandardResourceBundle:33 - El bundle creado por 'EntornoEpidatBundle' no ha encontrado la clave 'EpidatForm.nomArchivoOculto.AccessibleContext.accessibleDescription' o es vacía.
2025-02-12 16:27:59 WARN  StandardResourceBundle:33 - El bundle creado por 'EntornoEpidatBundle' no ha encontrado la clave 'EpidatForm.text' o es vacía.
2025-02-12 16:28:00 WARN  StandardResourceBundle:33 - El bundle creado por 'EntornoEpidatBundle' no ha encontrado la clave 'EpidatForm.text' o es vacía.
2025-02-12 16:28:00 WARN  StandardResourceBundle:33 - El bundle creado por 'EntornoEpidatBundle' no ha encontrado la clave 'EpidatForm.text' o es vacía.
2025-02-12 16:28:00 WARN  StandardResourceBundle:33 - El bundle creado por 'EntornoEpidatBundle' no ha encontrado la clave 'EpidatForm.botonColor.text' o es vacía.
2025-02-12 16:28:00 WARN  StandardResourceBundle:33 - El bundle creado por 'EntornoEpidatBundle' no ha encontrado la clave 'EpidatForm.botonAlineaI.text' o es vacía.
2025-02-12 16:28:00 WARN  StandardResourceBundle:33 - El bundle creado por 'EntornoEpidatBundle' no ha encontrado la clave 'EpidatForm.botonAlineaC.text' o es vacía.
2025-02-12 16:28:00 WARN  StandardResourceBundle:33 - El bundle creado por 'EntornoEpidatBundle' no ha encontrado la clave 'EpidatForm.botonAlineaD.text' o es vacía.
2025-02-12 16:28:00 WARN  StandardResourceBundle:33 - El bundle creado por 'EntornoEpidatBundle' no ha encontrado la clave 'EpidatForm.botonAlineaJ.text' o es vacía.
2025-02-12 16:28:00 WARN  StandardResourceBundle:33 - El bundle creado por 'EntornoEpidatBundle' no ha encontrado la clave 'EpidatForm.nomArchivoPresentado.text' o es vacía.
2025-02-12 16:28:00 WARN  StandardResourceBundle:33 - El bundle creado por 'EntornoEpidatBundle' no ha encontrado la clave 'EpidatForm.labelProgreso.text' o es vacía.
2025-02-12 16:28:00 DEBUG PluginEstandar:42 - Aplicando cambios de plugin 'Plugin'...
2025-02-12 16:28:00 DEBUG CambioUIMenu:104 - Insertando item de menú 'Análisis descriptivo' en posicion 0
2025-02-12 16:28:00 DEBUG CambioUIMenu:113 - Insertando item de menú 'Tablas de frecuencias' en posicion 0
2025-02-12 16:28:00 DEBUG CambioUIMenu:113 - Insertando item de menú 'Tablas de contingencia' en posicion 1
2025-02-12 16:28:00 DEBUG CambioUIMenu:113 - Insertando item de menú 'Estadísticos descriptivos' en posicion 2
2025-02-12 16:28:00 DEBUG CambioUIMenu:113 - Insertando item de menú 'Correlación' en posicion 3
2025-02-12 16:28:00 DEBUG CambioUIMenu:104 - Insertando item de menú 'Gráficos' en posicion 4
2025-02-12 16:28:00 DEBUG CambioUIMenu:113 - Insertando item de menú 'Barras' en posicion 0
2025-02-12 16:28:00 DEBUG CambioUIMenu:113 - Insertando item de menú 'Sectores' en posicion 1
2025-02-12 16:28:00 DEBUG CambioUIMenu:113 - Insertando item de menú 'Líneas' en posicion 2
2025-02-12 16:28:00 DEBUG CambioUIMenu:113 - Insertando item de menú 'Dispersión' en posicion 3
2025-02-12 16:28:00 DEBUG CambioUIMenu:113 - Insertando item de menú 'Histograma' en posicion 4
2025-02-12 16:28:00 DEBUG CambioUIMenu:113 - Insertando item de menú 'Diagrama de cajas' en posicion 5
2025-02-12 16:28:00 DEBUG CambioUIMenu:113 - Insertando item de menú 'Intervalos de confianza' en posicion 6
2025-02-12 16:28:00 DEBUG PluginEstandar:42 - Aplicando cambios de plugin 'modulosFaltantes'...
2025-02-12 16:28:00 DEBUG CambioUIMenu:113 - Insertando item de menú 'Módulos aún no implementados' en posicion 2
2025-02-12 16:28:00 DEBUG PluginEstandar:42 - Aplicando cambios de plugin 'Muestreo 1'...
2025-02-12 16:28:00 DEBUG CambioUIMenu:104 - Insertando item de menú 'Muestreo' en posicion 1
2025-02-12 16:28:00 DEBUG CambioUIMenu:104 - Insertando item de menú 'Cálculo de tamaños de muestra' en posicion 0
2025-02-12 16:28:00 DEBUG CambioUIMenu:104 - Insertando item de menú 'Intervalos de confianza' en posicion 0
2025-02-12 16:28:00 DEBUG CambioUIMenu:113 - Insertando item de menú 'Media' en posicion 0
2025-02-12 16:28:00 DEBUG CambioUIMenu:113 - Insertando item de menú 'Proporción' en posicion 1
2025-02-12 16:28:00 DEBUG CambioUIMenu:113 - Insertando item de menú 'Odds ratio' en posicion 2
2025-02-12 16:28:00 DEBUG CambioUIMenu:113 - Insertando item de menú 'Riesgo relativo' en posicion 3
2025-02-12 16:28:00 DEBUG CambioUIMenu:113 - Insertando item de menú 'Concordancia' en posicion 4
2025-02-12 16:28:00 DEBUG CambioUIMenu:113 - Insertando item de menú 'Pruebas diagnósticas' en posicion 5
2025-02-12 16:28:00 DEBUG CambioUIMenu:104 - Insertando item de menú 'Contraste de hipótesis' en posicion 1
2025-02-12 16:28:00 DEBUG CambioUIMenu:104 - Insertando item de menú 'Comparación de medias' en posicion 0
2025-02-12 16:28:00 DEBUG CambioUIMenu:113 - Insertando item de menú 'Grupos independientes' en posicion 0
2025-02-12 16:28:00 DEBUG CambioUIMenu:113 - Insertando item de menú 'Grupos emparejados' en posicion 1
2025-02-12 16:28:00 DEBUG CambioUIMenu:104 - Insertando item de menú 'Comparación de proporciones' en posicion 1
2025-02-12 16:28:00 DEBUG CambioUIMenu:113 - Insertando item de menú 'Grupos independientes' en posicion 0
2025-02-12 16:28:00 DEBUG CambioUIMenu:113 - Insertando item de menú 'Grupos emparejados' en posicion 1
2025-02-12 16:28:00 DEBUG CambioUIMenu:104 - Insertando item de menú 'Estudios de casos y controles' en posicion 2
2025-02-12 16:28:00 DEBUG CambioUIMenu:113 - Insertando item de menú 'Grupos independientes' en posicion 0
2025-02-12 16:28:00 DEBUG CambioUIMenu:113 - Insertando item de menú 'Estudios de cohorte' en posicion 3
2025-02-12 16:28:00 DEBUG CambioUIMenu:113 - Insertando item de menú 'Grupos emparejados' en posicion 1
2025-02-12 16:28:00 DEBUG CambioUIMenu:104 - Insertando item de menú 'Estudios de equivalencia' en posicion 4
2025-02-12 16:28:00 DEBUG CambioUIMenu:113 - Insertando item de menú 'Equivalencia de medias' en posicion 0
2025-02-12 16:28:00 DEBUG CambioUIMenu:113 - Insertando item de menú 'Equivalencia de proporciones' en posicion 1
2025-02-12 16:28:00 DEBUG CambioUIMenu:104 - Insertando item de menú 'Pruebas diagnósticas' en posicion 5
2025-02-12 16:28:00 DEBUG CambioUIMenu:113 - Insertando item de menú 'Grupos independientes' en posicion 0
2025-02-12 16:28:00 DEBUG CambioUIMenu:113 - Insertando item de menú 'Grupos emparejados' en posicion 1
2025-02-12 16:28:00 DEBUG CambioUIMenu:113 - Insertando item de menú 'Calidad de lotes' en posicion 6
2025-02-12 16:28:00 DEBUG CambioUIMenu:113 - Insertando item de menú 'Supervivencia' en posicion 7
2025-02-12 16:28:00 DEBUG CambioUIMenu:113 - Insertando item de menú 'Coeficiente de correlación' en posicion 8
2025-02-12 16:28:00 DEBUG PluginEstandar:42 - Aplicando cambios de plugin 'Muestreo 2'...
2025-02-12 16:28:00 DEBUG CambioUIMenu:104 - Insertando item de menú 'Selección de muestras' en posicion 1
2025-02-12 16:28:00 DEBUG CambioUIMenu:113 - Insertando item de menú 'Muestreo simple aleatorio' en posicion 0
2025-02-12 16:28:00 DEBUG CambioUIMenu:113 - Insertando item de menú 'Muestreo sistemático' en posicion 1
2025-02-12 16:28:00 DEBUG CambioUIMenu:113 - Insertando item de menú 'Muestreo aleatorio estratificado' en posicion 2
2025-02-12 16:28:00 DEBUG CambioUIMenu:113 - Insertando item de menú 'Muestreo por conglomerados monoetápico' en posicion 3
2025-02-12 16:28:00 DEBUG CambioUIMenu:113 - Insertando item de menú 'Muestreo por conglomerados bietápico' en posicion 4
2025-02-12 16:28:00 DEBUG CambioUIMenu:113 - Insertando item de menú 'Muestreo por conglomerados monoetápico estratificado' en posicion 5
2025-02-12 16:28:00 DEBUG CambioUIMenu:113 - Insertando item de menú 'Muestreo por conglomerados bietápico estratificado' en posicion 6
2025-02-12 16:28:00 DEBUG CambioUIMenu:113 - Insertando item de menú 'Asignación de sujetos a tratamientos' en posicion 2
2025-02-12 16:28:00 DEBUG CambioUIMenu:113 - Insertando item de menú 'Estimación con muestras complejas' en posicion 3
2025-02-12 16:28:00 DEBUG PluginEstandar:42 - Aplicando cambios de plugin 'Dialogo Acerca de ...'...
2025-02-12 16:28:00 DEBUG CambioUIMenu:113 - Insertando item de menú 'Acerca de' en posicion 3
2025-02-12 16:28:00 DEBUG PluginEstandar:42 - Aplicando cambios de plugin 'Herramientas'...
2025-02-12 16:28:00 DEBUG CambioUIMenu:113 - Insertando item de menú 'Opciones' en posicion 0
2025-02-12 16:28:00 DEBUG PluginEstandar:42 - Aplicando cambios de plugin 'inferenciasobreparametros'...
2025-02-12 16:28:00 DEBUG CambioUIMenu:104 - Insertando item de menú 'Inferencia sobre parámetros' en posicion 2
2025-02-12 16:28:00 DEBUG CambioUIMenu:104 - Insertando item de menú 'Una población' en posicion 0
2025-02-12 16:28:00 DEBUG CambioUIMenu:113 - Insertando item de menú 'Media' en posicion 0
2025-02-12 16:28:00 DEBUG CambioUIMenu:113 - Insertando item de menú 'Proporción' en posicion 1
2025-02-12 16:28:00 DEBUG CambioUIMenu:113 - Insertando item de menú 'Percentiles' en posicion 2
2025-02-12 16:28:00 DEBUG CambioUIMenu:113 - Insertando item de menú 'Correlación' en posicion 3
2025-02-12 16:28:00 DEBUG CambioUIMenu:113 - Insertando item de menú 'Tasa de incidencia' en posicion 4
2025-02-12 16:28:00 DEBUG CambioUIMenu:113 - Insertando item de menú 'Índice de posición' en posicion 5
2025-02-12 16:28:00 DEBUG CambioUIMenu:104 - Insertando item de menú 'Dos poblaciones' en posicion 1
2025-02-12 16:28:00 DEBUG CambioUIMenu:113 - Insertando item de menú 'Medias independientes' en posicion 0
2025-02-12 16:28:00 DEBUG CambioUIMenu:113 - Insertando item de menú 'Medias emparejadas' en posicion 1
2025-02-12 16:28:00 DEBUG CambioUIMenu:113 - Insertando item de menú 'Proporciones independientes' en posicion 2
2025-02-12 16:28:00 DEBUG CambioUIMenu:113 - Insertando item de menú 'Proporciones emparejadas' en posicion 3
2025-02-12 16:28:00 DEBUG CambioUIMenu:113 - Insertando item de menú 'Tasas de incidencia' en posicion 4
2025-02-12 16:28:00 DEBUG CambioUIMenu:104 - Insertando item de menú 'Comparación no paramétrica' en posicion 2
2025-02-12 16:28:00 DEBUG CambioUIMenu:113 - Insertando item de menú 'Medias independientes' en posicion 0
2025-02-12 16:28:00 DEBUG CambioUIMenu:113 - Insertando item de menú 'Medias emparejadas' en posicion 1
2025-02-12 16:28:00 DEBUG CambioUIMenu:113 - Insertando item de menú 'Contraste de normalidad' en posicion 3
2025-02-12 16:28:00 DEBUG PluginEstandar:42 - Aplicando cambios de plugin 'Herramientas'...
2025-02-12 16:28:00 DEBUG CambioUIMenu:113 - Insertando item de menú 'Idioma' en posicion 1
2025-02-12 16:28:00 DEBUG PluginEstandar:42 - Aplicando cambios de plugin 'ConcordanciaYConsistencia'...
2025-02-12 16:28:00 DEBUG CambioUIMenu:104 - Insertando item de menú 'Concordancia y consistencia' en posicion 3
2025-02-12 16:28:00 DEBUG CambioUIMenu:104 - Insertando item de menú 'Concordancia' en posicion 0
2025-02-12 16:28:00 DEBUG CambioUIMenu:113 - Insertando item de menú '2 Observadores' en posicion 0
2025-02-12 16:28:00 DEBUG CambioUIMenu:104 - Insertando item de menú '3 o más observadores' en posicion 1
2025-02-12 16:28:00 DEBUG CambioUIMenu:113 - Insertando item de menú '2 categorías' en posicion 0
2025-02-12 16:28:00 DEBUG CambioUIMenu:113 - Insertando item de menú '3 ó más categorías' en posicion 1
2025-02-12 16:28:00 DEBUG CambioUIMenu:113 - Insertando item de menú 'Comparación de kappas' en posicion 2
2025-02-12 16:28:00 DEBUG CambioUIMenu:113 - Insertando item de menú 'Coeficiente de correlación intraclase' en posicion 3
2025-02-12 16:28:00 DEBUG CambioUIMenu:113 - Insertando item de menú 'Método de Bland y Altman' en posicion 4
2025-02-12 16:28:00 DEBUG CambioUIMenu:104 - Insertando item de menú 'Consistencia' en posicion 1
2025-02-12 16:28:00 DEBUG CambioUIMenu:113 - Insertando item de menú 'Alpha de Cronbach' en posicion 0
2025-02-12 16:28:00 DEBUG PluginEstandar:42 - Aplicando cambios de plugin 'ajusteDeTasas'...
2025-02-12 16:28:00 DEBUG CambioUIMenu:104 - Insertando item de menú 'Ajuste de tasas' en posicion 4
2025-02-12 16:28:00 DEBUG CambioUIMenu:113 - Insertando item de menú 'Método directo' en posicion 0
2025-02-12 16:28:00 DEBUG CambioUIMenu:113 - Insertando item de menú 'Método indirecto' en posicion 1
2025-02-12 16:28:00 DEBUG PluginEstandar:42 - Aplicando cambios de plugin 'Demografía'...
2025-02-12 16:28:00 DEBUG CambioUIMenu:104 - Insertando item de menú 'Demografía' en posicion 5
2025-02-12 16:28:00 DEBUG CambioUIMenu:104 - Insertando item de menú 'Pirámides e indicadores' en posicion 0
2025-02-12 16:28:00 DEBUG CambioUIMenu:113 - Insertando item de menú 'Pirámides de población' en posicion 0
2025-02-12 16:28:00 DEBUG CambioUIMenu:113 - Insertando item de menú 'Indicadores de estructura' en posicion 1
2025-02-12 16:28:00 DEBUG CambioUIMenu:113 - Insertando item de menú 'Indicadores de fecundidad' en posicion 2
2025-02-12 16:28:00 DEBUG CambioUIMenu:113 - Insertando item de menú 'Tablas de mortalidad' en posicion 1
2025-02-12 16:28:00 DEBUG CambioUIMenu:113 - Insertando item de menú 'Expectativas de salud' en posicion 2
2025-02-12 16:28:00 DEBUG CambioUIMenu:104 - Insertando item de menú 'Años potenciales de vida perdidos' en posicion 3
2025-02-12 16:28:00 DEBUG CambioUIMenu:104 - Insertando item de menú 'APVP y tasa bruta' en posicion 0
2025-02-12 16:28:00 DEBUG CambioUIMenu:113 - Insertando item de menú 'Una causa y varias poblaciones' en posicion 0
2025-02-12 16:28:00 DEBUG CambioUIMenu:113 - Insertando item de menú 'Varias causas y una población' en posicion 1
2025-02-12 16:28:00 DEBUG CambioUIMenu:113 - Insertando item de menú 'Tasa de APVP ajustada' en posicion 1
2025-02-12 16:28:00 DEBUG CambioUIMenu:113 - Insertando item de menú 'Descomposición del cambio en la EV' en posicion 4
2025-02-12 16:28:00 DEBUG CambioUIMenu:104 - Insertando item de menú 'Años de esperanza de vida perdidos' en posicion 5
2025-02-12 16:28:00 DEBUG CambioUIMenu:113 - Insertando item de menú 'Un período' en posicion 0
2025-02-12 16:28:00 DEBUG CambioUIMenu:113 - Insertando item de menú 'Comparación de dos períodos' en posicion 1
2025-02-12 16:28:00 DEBUG PluginEstandar:42 - Aplicando cambios de plugin 'modulo'...
2025-02-12 16:28:00 DEBUG CambioUIMenu:104 - Insertando item de menú 'Estimacion de la mortalidad atribuida' en posicion 6
2025-02-12 16:28:00 DEBUG CambioUIMenu:104 - Insertando item de menú 'Al consumo de tabaco' en posicion 0
2025-02-12 16:28:00 DEBUG CambioUIMenu:104 - Insertando item de menú 'Método dependiente de prevalencia' en posicion 0
2025-02-12 16:28:00 DEBUG CambioUIMenu:113 - Insertando item de menú 'Riesgos del estudio CPSII' en posicion 0
2025-02-12 16:28:00 DEBUG CambioUIMenu:113 - Insertando item de menú 'Riesgos de un estudio de cohortes' en posicion 1
2025-02-12 16:28:00 DEBUG CambioUIMenu:113 - Insertando item de menú 'Riesgos de un estudio de casos y controles' en posicion 2
2025-02-12 16:28:00 DEBUG CambioUIMenu:104 - Insertando item de menú 'Método independiente de prevalencia' en posicion 1
2025-02-12 16:28:00 DEBUG CambioUIMenu:113 - Insertando item de menú 'Riesgos del estudio CPSII' en posicion 0
2025-02-12 16:28:00 DEBUG CambioUIMenu:113 - Insertando item de menú 'Riesgos de un estudio de cohortes' en posicion 1
2025-02-12 16:28:00 DEBUG CambioUIMenu:104 - Insertando item de menú 'A otro factor de riesgo' en posicion 1
2025-02-12 16:28:00 DEBUG CambioUIMenu:113 - Insertando item de menú 'Riesgos de un estudio de cohortes' en posicion 0
2025-02-12 16:28:00 DEBUG CambioUIMenu:113 - Insertando item de menú 'Riesgos de un estudio de casos y controles' en posicion 1
2025-02-12 16:28:00 DEBUG PluginEstandar:42 - Aplicando cambios de plugin 'regresion'...
2025-02-12 16:28:00 DEBUG CambioUIMenu:104 - Insertando item de menú 'Regresión logística' en posicion 7
2025-02-12 16:28:00 DEBUG CambioUIMenu:113 - Insertando item de menú 'Regresión logística' en posicion 0
2025-02-12 16:28:00 DEBUG PluginEstandar:42 - Aplicando cambios de plugin 'Distribuciones de probabilidad'...
2025-02-12 16:28:00 DEBUG CambioUIMenu:104 - Insertando item de menú 'Distribuciones de probabilidad' en posicion 8
2025-02-12 16:28:00 DEBUG CambioUIMenu:104 - Insertando item de menú 'Cálculo de probabilidades' en posicion 0
2025-02-12 16:28:00 DEBUG CambioUIMenu:113 - Insertando item de menú 'Distribuciones discretas' en posicion 0
2025-02-12 16:28:00 DEBUG CambioUIMenu:113 - Insertando item de menú 'Distribuciones continuas' en posicion 1
2025-02-12 16:28:00 DEBUG CambioUIMenu:104 - Insertando item de menú 'Generación de distribuciones' en posicion 1
2025-02-12 16:28:00 DEBUG CambioUIMenu:113 - Insertando item de menú 'Distribuciones discretas' en posicion 0
2025-02-12 16:28:00 DEBUG CambioUIMenu:113 - Insertando item de menú 'Distribuciones continuas' en posicion 1
2025-02-12 16:28:00 DEBUG PluginEstandar:42 - Aplicando cambios de plugin 'analisisBayesiano'...
2025-02-12 16:28:00 DEBUG CambioUIMenu:104 - Insertando item de menú 'Análisis bayesiano' en posicion 9
2025-02-12 16:28:00 DEBUG CambioUIMenu:113 - Insertando item de menú 'Teorema de Bayes' en posicion 0
2025-02-12 16:28:00 DEBUG CambioUIMenu:113 - Insertando item de menú 'Odds ratio' en posicion 1
2025-02-12 16:28:00 DEBUG CambioUIMenu:104 - Insertando item de menú 'Proporción' en posicion 2
2025-02-12 16:28:00 DEBUG CambioUIMenu:104 - Insertando item de menú 'Una población' en posicion 0
2025-02-12 16:28:00 DEBUG CambioUIMenu:113 - Insertando item de menú 'Estimación de una proporción' en posicion 0
2025-02-12 16:28:00 DEBUG CambioUIMenu:113 - Insertando item de menú 'Valoración de hipótesis' en posicion 1
2025-02-12 16:28:00 DEBUG CambioUIMenu:104 - Insertando item de menú 'Dos poblaciones' en posicion 1
2025-02-12 16:28:00 DEBUG CambioUIMenu:113 - Insertando item de menú 'Estimación de efectos' en posicion 0
2025-02-12 16:28:00 DEBUG CambioUIMenu:113 - Insertando item de menú 'Valoración de hipótesis' en posicion 1
2025-02-12 16:28:00 DEBUG CambioUIMenu:104 - Insertando item de menú 'Media' en posicion 3
2025-02-12 16:28:00 DEBUG CambioUIMenu:104 - Insertando item de menú 'Una población' en posicion 0
2025-02-12 16:28:00 DEBUG CambioUIMenu:113 - Insertando item de menú 'Estimación de una media' en posicion 0
2025-02-12 16:28:00 DEBUG CambioUIMenu:113 - Insertando item de menú 'Valoración de hipótesis' en posicion 1
2025-02-12 16:28:00 DEBUG CambioUIMenu:104 - Insertando item de menú 'Dos poblaciones' en posicion 1
2025-02-12 16:28:00 DEBUG CambioUIMenu:113 - Insertando item de menú 'Estimación de una diferencia' en posicion 0
2025-02-12 16:28:00 DEBUG CambioUIMenu:113 - Insertando item de menú 'Valoración de hipótesis' en posicion 1
2025-02-12 16:28:00 DEBUG CambioUIMenu:113 - Insertando item de menú 'Valoración de pruebas convencionales' en posicion 4
2025-02-12 16:28:00 DEBUG PluginEstandar:42 - Aplicando cambios de plugin 'privaciones'...
2025-02-12 16:28:00 DEBUG CambioUIMenu:104 - Insertando item de menú 'Índices de desarrollo o privación' en posicion 10
2025-02-12 16:28:00 DEBUG CambioUIMenu:113 - Insertando item de menú 'Índice de desarrollo humano (IDH)' en posicion 0
2025-02-12 16:28:00 DEBUG CambioUIMenu:113 - Insertando item de menú 'Índice de desarrollo humano corregido para desigualdad de género (IDHG)' en posicion 1
2025-02-12 16:28:00 DEBUG CambioUIMenu:113 - Insertando item de menú 'Índice de Pobreza 1 (IP1)' en posicion 2
2025-02-12 16:28:00 DEBUG CambioUIMenu:113 - Insertando item de menú 'Índice de Pobreza 2 (IP2)' en posicion 3
2025-02-12 16:28:00 DEBUG CambioUIMenu:113 - Insertando item de menú 'Índice de pobreza multidimensional (IPM)' en posicion 4
2025-02-12 16:28:00 DEBUG CambioUIMenu:113 - Insertando item de menú 'Índice de desarrollo de la niñez (IDN)' en posicion 5
2025-02-12 16:28:00 DEBUG CambioUIMenu:113 - Insertando item de menú 'Índice de oportunidades en la niñez (ION)' en posicion 6
2025-02-12 16:28:00 DEBUG PluginEstandar:42 - Aplicando cambios de plugin 'Medición de Desigualdades'...
2025-02-12 16:28:00 DEBUG CambioUIMenu:104 - Insertando item de menú 'Medición de desigualdades en salud' en posicion 11
2025-02-12 16:28:00 DEBUG CambioUIMenu:104 - Insertando item de menú 'Índices para categorías ordenadas' en posicion 0
2025-02-12 16:28:00 DEBUG CambioUIMenu:113 - Insertando item de menú 'Índices basados en comparaciones dos a dos' en posicion 0
2025-02-12 16:28:00 DEBUG CambioUIMenu:113 - Insertando item de menú 'Índices basados en el modelo de regresión' en posicion 1
2025-02-12 16:28:00 DEBUG CambioUIMenu:104 - Insertando item de menú 'Índice de Gini e índice de concentración' en posicion 2
2025-02-12 16:28:00 DEBUG CambioUIMenu:113 - Insertando item de menú 'Índice de Gini y curva de Lorenz' en posicion 0
2025-02-12 16:28:00 DEBUG CambioUIMenu:113 - Insertando item de menú 'Índice y curva de concentración' en posicion 1
2025-02-12 16:28:00 DEBUG CambioUIMenu:104 - Insertando item de menú 'Índices para categorías no ordenadas' en posicion 1
2025-02-12 16:28:00 DEBUG CambioUIMenu:113 - Insertando item de menú 'Índices basados en comparaciones dos a dos' en posicion 0
2025-02-12 16:28:00 DEBUG CambioUIMenu:113 - Insertando item de menú 'Índices de dispersión' en posicion 1
2025-02-12 16:28:00 DEBUG CambioUIMenu:113 - Insertando item de menú 'Índices basados en la comparación de distribuciones de probabilidad' en posicion 2
2025-02-12 16:28:00 DEBUG CambioUIMenu:113 - Insertando item de menú 'Índice de efecto' en posicion 2
2025-02-12 16:35:45 WARN  StandardResourceBundle:33 - El bundle creado por 'EntornoEpidatBundle' no ha encontrado la clave 'calcular' o es vacía.
2025-02-12 16:35:45 WARN  StandardResourceBundle:33 - El bundle creado por 'EntornoEpidatBundle' no ha encontrado la clave 'ocultar' o es vacía.
2025-02-12 16:35:45 WARN  StandardResourceBundle:33 - El bundle creado por 'EntornoEpidatBundle' no ha encontrado la clave 'limpiar' o es vacía.
2025-02-12 16:35:45 WARN  StandardResourceBundle:33 - El bundle creado por 'EntornoEpidatBundle' no ha encontrado la clave 'generar.grafico' o es vacía.
2025-02-12 16:35:45 WARN  StandardResourceBundle:33 - El bundle creado por 'EntornoEpidatBundle' no ha encontrado la clave 'calcular' o es vacía.
2025-02-12 16:35:45 WARN  StandardResourceBundle:33 - El bundle creado por 'EntornoEpidatBundle' no ha encontrado la clave 'ocultar' o es vacía.
2025-02-12 16:35:45 WARN  StandardResourceBundle:33 - El bundle creado por 'EntornoEpidatBundle' no ha encontrado la clave 'limpiar' o es vacía.
2025-02-12 16:35:45 WARN  StandardResourceBundle:33 - El bundle creado por 'EntornoEpidatBundle' no ha encontrado la clave 'generar.grafico' o es vacía.
2025-02-12 16:35:45 WARN  StandardResourceBundle:33 - El bundle creado por 'EntornoEpidatBundle' no ha encontrado la clave 'calcular' o es vacía.
2025-02-12 16:35:45 WARN  StandardResourceBundle:33 - El bundle creado por 'EntornoEpidatBundle' no ha encontrado la clave 'ocultar' o es vacía.
2025-02-12 16:35:45 WARN  StandardResourceBundle:33 - El bundle creado por 'EntornoEpidatBundle' no ha encontrado la clave 'limpiar' o es vacía.
2025-02-12 16:35:45 WARN  StandardResourceBundle:33 - El bundle creado por 'EntornoEpidatBundle' no ha encontrado la clave 'generar.grafico' o es vacía.
2025-02-12 16:35:45 WARN  StandardResourceBundle:33 - El bundle creado por 'EntornoEpidatBundle' no ha encontrado la clave 'calcular' o es vacía.
2025-02-12 16:35:45 WARN  StandardResourceBundle:33 - El bundle creado por 'EntornoEpidatBundle' no ha encontrado la clave 'ocultar' o es vacía.
2025-02-12 16:35:45 WARN  StandardResourceBundle:33 - El bundle creado por 'EntornoEpidatBundle' no ha encontrado la clave 'limpiar' o es vacía.
2025-02-12 16:35:45 WARN  StandardResourceBundle:33 - El bundle creado por 'EntornoEpidatBundle' no ha encontrado la clave 'generar.grafico' o es vacía.
2025-04-20 12:00:36 INFO  Aplicacion:99 - Arrancando EPIDAT...
2025-04-20 12:00:36 INFO  Aplicacion:222 - 





2025-04-20 12:00:36 INFO  Aplicacion:223 - --------------------------------------------------------
2025-04-20 12:00:36 INFO  Aplicacion:224 - EPIDAT v4.2
2025-04-20 12:00:36 INFO  Aplicacion:225 - 		Fecha de arranque: 20-abr-2025 12:00:36
2025-04-20 12:00:36 INFO  Aplicacion:226 - 		Idioma: ES
2025-04-20 12:00:36 INFO  Aplicacion:227 - --------------------------------------------------------
2025-04-20 12:00:36 INFO  Aplicacion:228 - 

2025-04-20 12:00:36 DEBUG LeerPlugins:43 - Directorio Base:.\bin
2025-04-20 12:00:37 DEBUG LeerPlugins:71 - AjusteDeTasas.xml: Plugin 'ajusteDeTasas - 1.0 (indice 8)'
2025-04-20 12:00:37 DEBUG LeerPlugins:75 - 	Creada opción de menú 'Módulos/Ajuste de tasas/Método directo' con accion 'ajusteTasas.interfaz.AccionAjusteTasasDirecto'
2025-04-20 12:00:37 DEBUG LeerPlugins:75 - 	Creada opción de menú 'Módulos/Ajuste de tasas/Método indirecto' con accion 'ajusteTasas.interfaz.AccionAjusteTasasIndirecto'
2025-04-20 12:00:37 DEBUG LeerPlugins:71 - AnalisisBayesiano.xml: Plugin 'analisisBayesiano - 1.0 (indice 14)'
2025-04-20 12:00:37 DEBUG LeerPlugins:75 - 	Creada opción de menú 'Módulos/Análisis bayesiano/Teorema de Bayes' con accion 'analisisBayesiano.interfaz.ABTeoremaPlugin'
2025-04-20 12:00:37 DEBUG LeerPlugins:75 - 	Creada opción de menú 'Módulos/Análisis bayesiano/Odds ratio' con accion 'analisisBayesiano.interfaz.ABOddsRatioPlugin'
2025-04-20 12:00:37 DEBUG LeerPlugins:75 - 	Creada opción de menú 'Módulos/Análisis bayesiano/Proporción/Una población/Estimación de una proporción' con accion 'analisisBayesiano.interfaz.ABProporcionUnaEstimacionPlugin'
2025-04-20 12:00:37 DEBUG LeerPlugins:75 - 	Creada opción de menú 'Módulos/Análisis bayesiano/Proporción/Una población/Valoración de hipótesis' con accion 'analisisBayesiano.interfaz.ABProporcionUnaValoracionPlugin'
2025-04-20 12:00:37 DEBUG LeerPlugins:75 - 	Creada opción de menú 'Módulos/Análisis bayesiano/Proporción/Dos poblaciones/Estimación de efectos' con accion 'analisisBayesiano.interfaz.ABProporcionDosEstimacionPlugin'
2025-04-20 12:00:37 DEBUG LeerPlugins:75 - 	Creada opción de menú 'Módulos/Análisis bayesiano/Proporción/Dos poblaciones/Valoración de hipótesis' con accion 'analisisBayesiano.interfaz.ABProporcionDosValoracionPlugin'
2025-04-20 12:00:37 DEBUG LeerPlugins:75 - 	Creada opción de menú 'Módulos/Análisis bayesiano/Media/Una población/Estimación de una media' con accion 'analisisBayesiano.interfaz.ABMediaUnaEstimacionPlugin'
2025-04-20 12:00:37 DEBUG LeerPlugins:75 - 	Creada opción de menú 'Módulos/Análisis bayesiano/Media/Una población/Valoración de hipótesis' con accion 'analisisBayesiano.interfaz.ABMediaUnaValoracionPlugin'
2025-04-20 12:00:37 DEBUG LeerPlugins:75 - 	Creada opción de menú 'Módulos/Análisis bayesiano/Media/Dos poblaciones/Estimación de una diferencia' con accion 'analisisBayesiano.interfaz.ABMediaDosEstimacionPlugin'
2025-04-20 12:00:37 DEBUG LeerPlugins:75 - 	Creada opción de menú 'Módulos/Análisis bayesiano/Media/Dos poblaciones/Valoración de hipótesis' con accion 'analisisBayesiano.interfaz.ABMediaDosValoracionPlugin'
2025-04-20 12:00:37 DEBUG LeerPlugins:75 - 	Creada opción de menú 'Módulos/Análisis bayesiano/Valoración de pruebas convencionales' con accion 'analisisBayesiano.interfaz.ABValoracionPlugin'
2025-04-20 12:00:37 DEBUG LeerPlugins:71 - AnalisisDescriptivo.xml: Plugin 'Plugin - 1.0 (indice 0)'
2025-04-20 12:00:37 DEBUG LeerPlugins:75 - 	Creada opción de menú 'Módulos/Análisis descriptivo/Tablas de frecuencias' con accion 'analisisDescriptivo.interfaz.TablasFrecuenciaAccionPlugin'
2025-04-20 12:00:37 DEBUG LeerPlugins:75 - 	Creada opción de menú 'Módulos/Análisis descriptivo/Tablas de contingencia' con accion 'analisisDescriptivo.interfaz.TablasContingenciaAccionPlugin'
2025-04-20 12:00:37 DEBUG LeerPlugins:75 - 	Creada opción de menú 'Módulos/Análisis descriptivo/Estadísticos descriptivos' con accion 'analisisDescriptivo.interfaz.EstadisticosDescriptivosAccionPlugin'
2025-04-20 12:00:37 DEBUG LeerPlugins:75 - 	Creada opción de menú 'Módulos/Análisis descriptivo/Correlación' con accion 'analisisDescriptivo.interfaz.CorrelacionAccionPlugin'
2025-04-20 12:00:37 DEBUG LeerPlugins:75 - 	Creada opción de menú 'Módulos/Análisis descriptivo/Gráficos/Barras' con accion 'analisisDescriptivo.interfaz.GraficosBarrasAccionPlugin'
2025-04-20 12:00:37 DEBUG LeerPlugins:75 - 	Creada opción de menú 'Módulos/Análisis descriptivo/Gráficos/Sectores' con accion 'analisisDescriptivo.interfaz.GraficosSectoresAccionPlugin'
2025-04-20 12:00:37 DEBUG LeerPlugins:75 - 	Creada opción de menú 'Módulos/Análisis descriptivo/Gráficos/Líneas' con accion 'analisisDescriptivo.interfaz.GraficosLineasAccionPlugin'
2025-04-20 12:00:37 DEBUG LeerPlugins:75 - 	Creada opción de menú 'Módulos/Análisis descriptivo/Gráficos/Dispersión' con accion 'analisisDescriptivo.interfaz.GraficosDispersionAccionPlugin'
2025-04-20 12:00:37 DEBUG LeerPlugins:75 - 	Creada opción de menú 'Módulos/Análisis descriptivo/Gráficos/Histograma' con accion 'analisisDescriptivo.interfaz.GraficosHistogramaAccionPlugin'
2025-04-20 12:00:37 DEBUG LeerPlugins:75 - 	Creada opción de menú 'Módulos/Análisis descriptivo/Gráficos/Diagrama de cajas' con accion 'analisisDescriptivo.interfaz.GraficosDiagramaCajasAccionPlugin'
2025-04-20 12:00:37 DEBUG LeerPlugins:75 - 	Creada opción de menú 'Módulos/Análisis descriptivo/Gráficos/Intervalos de confianza' con accion 'analisisDescriptivo.interfaz.GraficosIntervalosConfianzaAccionPlugin'
2025-04-20 12:00:37 DEBUG LeerPlugins:71 - ConcordanciaYConsistencia.xml: Plugin 'ConcordanciaYConsistencia - 1.0 (indice 6)'
2025-04-20 12:00:37 DEBUG LeerPlugins:75 - 	Creada opción de menú 'Módulos/Concordancia y consistencia/Concordancia/2 Observadores' con accion 'concordanciaYConsistencia.interfaz.Concordancia2ObsAccionPlugin'
2025-04-20 12:00:37 DEBUG LeerPlugins:75 - 	Creada opción de menú 'Módulos/Concordancia y consistencia/Concordancia/3 o más observadores/2 categorías' con accion 'concordanciaYConsistencia.interfaz.Concordancia3_2CatAccionPlugin'
2025-04-20 12:00:37 DEBUG LeerPlugins:75 - 	Creada opción de menú 'Módulos/Concordancia y consistencia/Concordancia/3 o más observadores/3 ó más categorías' con accion 'concordanciaYConsistencia.interfaz.Concordancia3_3CatAccionPlugin'
2025-04-20 12:00:37 DEBUG LeerPlugins:75 - 	Creada opción de menú 'Módulos/Concordancia y consistencia/Concordancia/Comparación de kappas' con accion 'concordanciaYConsistencia.interfaz.ComparacionKappasAccionPlugin'
2025-04-20 12:00:37 DEBUG LeerPlugins:75 - 	Creada opción de menú 'Módulos/Concordancia y consistencia/Concordancia/Coeficiente de correlación intraclase' con accion 'concordanciaYConsistencia.interfaz.CorrelacionIntraclaseAccionPlugin'
2025-04-20 12:00:37 DEBUG LeerPlugins:75 - 	Creada opción de menú 'Módulos/Concordancia y consistencia/Concordancia/Método de Bland y Altman' con accion 'concordanciaYConsistencia.interfaz.BlandYAltmanAccionPlugin'
2025-04-20 12:00:37 DEBUG LeerPlugins:75 - 	Creada opción de menú 'Módulos/Concordancia y consistencia/Consistencia/Alpha de Cronbach' con accion 'concordanciaYConsistencia.interfaz.AlphaCronbachAccionPlugin'
2025-04-20 12:00:37 DEBUG LeerPlugins:71 - Demografia.xml: Plugin 'Demografía - 2.0 (indice 9)'
2025-04-20 12:00:37 DEBUG LeerPlugins:75 - 	Creada opción de menú 'Módulos/Demografía/Pirámides e indicadores/Pirámides de población' con accion 'demografia.interfaz.PiramidesAccionPlugin'
2025-04-20 12:00:37 DEBUG LeerPlugins:75 - 	Creada opción de menú 'Módulos/Demografía/Pirámides e indicadores/Indicadores de estructura' con accion 'demografia.interfaz.IndicadoresEstructuraAccionPlugin'
2025-04-20 12:00:37 DEBUG LeerPlugins:75 - 	Creada opción de menú 'Módulos/Demografía/Pirámides e indicadores/Indicadores de fecundidad' con accion 'demografia.interfaz.IndicadoresFecundidadAccionPlugin'
2025-04-20 12:00:37 DEBUG LeerPlugins:75 - 	Creada opción de menú 'Módulos/Demografía/Tablas de mortalidad' con accion 'demografia.interfaz.TablasMortalidadAccionPlugin'
2025-04-20 12:00:37 DEBUG LeerPlugins:75 - 	Creada opción de menú 'Módulos/Demografía/Expectativas de salud' con accion 'demografia.interfaz.ExpectativasSaludAccionPlugin'
2025-04-20 12:00:37 DEBUG LeerPlugins:75 - 	Creada opción de menú 'Módulos/Demografía/Años potenciales de vida perdidos/APVP y tasa bruta/Una causa y varias poblaciones' con accion 'demografia.interfaz.APVPYTasaBrutaUnaCausaAccionPlugin'
2025-04-20 12:00:37 DEBUG LeerPlugins:75 - 	Creada opción de menú 'Módulos/Demografía/Años potenciales de vida perdidos/APVP y tasa bruta/Varias causas y una población' con accion 'demografia.interfaz.APVPYTasaBrutaVariasCausasAccionPlugin'
2025-04-20 12:00:37 DEBUG LeerPlugins:75 - 	Creada opción de menú 'Módulos/Demografía/Años potenciales de vida perdidos/Tasa de APVP ajustada' con accion 'demografia.interfaz.TasaAPVPAjustadaAccionPlugin'
2025-04-20 12:00:37 DEBUG LeerPlugins:75 - 	Creada opción de menú 'Módulos/Demografía/Descomposición del cambio en la EV' con accion 'demografia.interfaz.DescomposicionCambioEVAccionPlugin'
2025-04-20 12:00:37 DEBUG LeerPlugins:75 - 	Creada opción de menú 'Módulos/Demografía/Años de esperanza de vida perdidos/Un período' con accion 'demografia.interfaz.AnosVidaPerdidosUnPeriodoAccionPlugin'
2025-04-20 12:00:37 DEBUG LeerPlugins:75 - 	Creada opción de menú 'Módulos/Demografía/Años de esperanza de vida perdidos/Comparación de dos períodos' con accion 'demografia.interfaz.AnosVidaPerdidosComparacionPeriodosAccionPlugin'
2025-04-20 12:00:37 DEBUG LeerPlugins:71 - DialogoAcercade.xml: Plugin 'Dialogo Acerca de ... - 1.0 (indice 5)'
2025-04-20 12:00:37 DEBUG LeerPlugins:75 - 	Creada opción de menú 'Ayuda/Acerca de' con accion 'dialogoacercade.interfaz.DialogoAcercaDeAccionPlugin'
2025-04-20 12:00:37 DEBUG LeerPlugins:71 - EstimacionMortalidad.xml: Plugin 'modulo - 1.0 (indice 10)'
2025-04-20 12:00:37 DEBUG LeerPlugins:75 - 	Creada opción de menú 'Módulos/Estimacion de la mortalidad atribuida/Al consumo de tabaco/Método dependiente de prevalencia/Riesgos del estudio CPSII' con accion 'estimacionMortalidad.interfaz.RiesgosCPSIIDependienteAccionPlugin'
2025-04-20 12:00:37 DEBUG LeerPlugins:75 - 	Creada opción de menú 'Módulos/Estimacion de la mortalidad atribuida/Al consumo de tabaco/Método dependiente de prevalencia/Riesgos de un estudio de cohortes' con accion 'estimacionMortalidad.interfaz.RiesgosCohortesDependienteAccionPlugin'
2025-04-20 12:00:37 DEBUG LeerPlugins:75 - 	Creada opción de menú 'Módulos/Estimacion de la mortalidad atribuida/Al consumo de tabaco/Método dependiente de prevalencia/Riesgos de un estudio de casos y controles' con accion 'estimacionMortalidad.interfaz.RiesgosCasosyControlesAccionPlugin'
2025-04-20 12:00:37 DEBUG LeerPlugins:75 - 	Creada opción de menú 'Módulos/Estimacion de la mortalidad atribuida/Al consumo de tabaco/Método independiente de prevalencia/Riesgos del estudio CPSII' con accion 'estimacionMortalidad.interfaz.RiesgosCPSIIIndependienteAccionPlugin'
2025-04-20 12:00:37 DEBUG LeerPlugins:75 - 	Creada opción de menú 'Módulos/Estimacion de la mortalidad atribuida/Al consumo de tabaco/Método independiente de prevalencia/Riesgos de un estudio de cohortes' con accion 'estimacionMortalidad.interfaz.RiesgosCohortesIndependienteAccionPlugin'
2025-04-20 12:00:37 DEBUG LeerPlugins:75 - 	Creada opción de menú 'Módulos/Estimacion de la mortalidad atribuida/A otro factor de riesgo/Riesgos de un estudio de cohortes' con accion 'estimacionMortalidad.interfaz.RiesgosCohortesDependiente2AccionPlugin'
2025-04-20 12:00:37 DEBUG LeerPlugins:75 - 	Creada opción de menú 'Módulos/Estimacion de la mortalidad atribuida/A otro factor de riesgo/Riesgos de un estudio de casos y controles' con accion 'estimacionMortalidad.interfaz.RiesgosCasosyControles2AccionPlugin'
2025-04-20 12:00:37 DEBUG LeerPlugins:71 - Herramientas.xml: Plugin 'Herramientas - 1.0 (indice 5)'
2025-04-20 12:00:37 DEBUG LeerPlugins:75 - 	Creada opción de menú 'Herramientas/Opciones' con accion 'herramientas.interfaz.OpcionesGraficasAccionPlugin'
2025-04-20 12:00:37 DEBUG LeerPlugins:71 - InferenciaSobreParametros.xml: Plugin 'inferenciasobreparametros - 1.0 (indice 5)'
2025-04-20 12:00:37 DEBUG LeerPlugins:75 - 	Creada opción de menú 'Módulos/Inferencia sobre parámetros/Una población/Media' con accion 'inferenciasobreparametros.interfaz.IPUnaPoblacionMediaAccionPlugin'
2025-04-20 12:00:37 DEBUG LeerPlugins:75 - 	Creada opción de menú 'Módulos/Inferencia sobre parámetros/Una población/Proporción' con accion 'inferenciasobreparametros.interfaz.IPUnaPoblacionProporcionAccionPlugin'
2025-04-20 12:00:37 DEBUG LeerPlugins:75 - 	Creada opción de menú 'Módulos/Inferencia sobre parámetros/Una población/Percentiles' con accion 'inferenciasobreparametros.interfaz.IPUnaPoblacionPercentilesAccionPlugin'
2025-04-20 12:00:37 DEBUG LeerPlugins:75 - 	Creada opción de menú 'Módulos/Inferencia sobre parámetros/Una población/Correlación' con accion 'inferenciasobreparametros.interfaz.IPUnaPoblacionCorrelacionAccionPlugin'
2025-04-20 12:00:37 DEBUG LeerPlugins:75 - 	Creada opción de menú 'Módulos/Inferencia sobre parámetros/Una población/Tasa de incidencia' con accion 'inferenciasobreparametros.interfaz.IPUnaPoblacionTasaIncidenciaAccionPlugin'
2025-04-20 12:00:37 DEBUG LeerPlugins:75 - 	Creada opción de menú 'Módulos/Inferencia sobre parámetros/Una población/Índice de posición' con accion 'inferenciasobreparametros.interfaz.IPUnaPoblacionIndicePosicionAccionPlugin'
2025-04-20 12:00:37 DEBUG LeerPlugins:75 - 	Creada opción de menú 'Módulos/Inferencia sobre parámetros/Dos poblaciones/Medias independientes' con accion 'inferenciasobreparametros.interfaz.IPDosPoblacionesMediasIndependientesAccionPlugin'
2025-04-20 12:00:37 DEBUG LeerPlugins:75 - 	Creada opción de menú 'Módulos/Inferencia sobre parámetros/Dos poblaciones/Medias emparejadas' con accion 'inferenciasobreparametros.interfaz.IPDosPoblacionesMediasEmparejadasAccionPlugin'
2025-04-20 12:00:37 DEBUG LeerPlugins:75 - 	Creada opción de menú 'Módulos/Inferencia sobre parámetros/Dos poblaciones/Proporciones independientes' con accion 'inferenciasobreparametros.interfaz.IPDosPoblacionesProporcionesIndependientesAccionPlugin'
2025-04-20 12:00:37 DEBUG LeerPlugins:75 - 	Creada opción de menú 'Módulos/Inferencia sobre parámetros/Dos poblaciones/Proporciones emparejadas' con accion 'inferenciasobreparametros.interfaz.IPDosPoblacionesProporcionesEmparejadasAccionPlugin'
2025-04-20 12:00:37 DEBUG LeerPlugins:75 - 	Creada opción de menú 'Módulos/Inferencia sobre parámetros/Dos poblaciones/Tasas de incidencia' con accion 'inferenciasobreparametros.interfaz.IPDosPoblacionesTasasIncidenciasAccionPlugin'
2025-04-20 12:00:37 DEBUG LeerPlugins:75 - 	Creada opción de menú 'Módulos/Inferencia sobre parámetros/Comparación no paramétrica/Medias independientes' con accion 'inferenciasobreparametros.interfaz.IPNoParametricaMediasIndependientesAccionPlugin'
2025-04-20 12:00:37 DEBUG LeerPlugins:75 - 	Creada opción de menú 'Módulos/Inferencia sobre parámetros/Comparación no paramétrica/Medias emparejadas' con accion 'inferenciasobreparametros.interfaz.IPNoParametricaMediasEmparejadasAccionPlugin'
2025-04-20 12:00:37 DEBUG LeerPlugins:75 - 	Creada opción de menú 'Módulos/Inferencia sobre parámetros/Contraste de normalidad' con accion 'inferenciasobreparametros.interfaz.IPContrasteNormalidadAccionPlugin'
2025-04-20 12:00:37 DEBUG LeerPlugins:71 - Internacionalizacion.xml: Plugin 'Herramientas - 1.0 (indice 5)'
2025-04-20 12:00:37 DEBUG LeerPlugins:75 - 	Creada opción de menú 'Herramientas/Idioma' con accion 'com.epidat.internacionalizacion.interfaz.CambiarIdiomaMenuItem'
2025-04-20 12:00:38 DEBUG LeerPlugins:71 - MedicionEnDesigualdadesEnSalud.xml: Plugin 'Medición de Desigualdades - 2.0 (indice 18)'
2025-04-20 12:00:38 DEBUG LeerPlugins:75 - 	Creada opción de menú 'Módulos/Medición de desigualdades en salud/Índices para categorías ordenadas/Índices basados en comparaciones dos a dos' con accion 'medicionDesigualdadesSalud.interfaz.Comparacion2a2VarOrdenadasAccionPlugin'
2025-04-20 12:00:38 DEBUG LeerPlugins:75 - 	Creada opción de menú 'Módulos/Medición de desigualdades en salud/Índices para categorías ordenadas/Índices basados en el modelo de regresión' con accion 'medicionDesigualdadesSalud.interfaz.IndicesDesigualdadAccionPlugin'
2025-04-20 12:00:38 DEBUG LeerPlugins:75 - 	Creada opción de menú 'Módulos/Medición de desigualdades en salud/Índices para categorías ordenadas/Índice de Gini e índice de concentración/Índice de Gini y curva de Lorenz' con accion 'medicionDesigualdadesSalud.interfaz.IndiceGiniCurvaLorenzAccionPlugin'
2025-04-20 12:00:38 DEBUG LeerPlugins:75 - 	Creada opción de menú 'Módulos/Medición de desigualdades en salud/Índices para categorías ordenadas/Índice de Gini e índice de concentración/Índice y curva de concentración' con accion 'medicionDesigualdadesSalud.interfaz.IndiceCurvaConcentracionAccionPlugin'
2025-04-20 12:00:38 DEBUG LeerPlugins:75 - 	Creada opción de menú 'Módulos/Medición de desigualdades en salud/Índices para categorías no ordenadas/Índices basados en comparaciones dos a dos' con accion 'medicionDesigualdadesSalud.interfaz.Comparacion2a2VarDesordenadasAccionPlugin'
2025-04-20 12:00:38 DEBUG LeerPlugins:75 - 	Creada opción de menú 'Módulos/Medición de desigualdades en salud/Índices para categorías no ordenadas/Índices de dispersión' con accion 'medicionDesigualdadesSalud.interfaz.IndicesDeDispersionAccionPlugin'
2025-04-20 12:00:38 DEBUG LeerPlugins:75 - 	Creada opción de menú 'Módulos/Medición de desigualdades en salud/Índices para categorías no ordenadas/Índices basados en la comparación de distribuciones de probabilidad' con accion 'medicionDesigualdadesSalud.interfaz.IndicesBasadosComparacionDistProbabilidadAccionPlugin'
2025-04-20 12:00:38 DEBUG LeerPlugins:75 - 	Creada opción de menú 'Módulos/Medición de desigualdades en salud/Índice de efecto' con accion 'medicionDesigualdadesSalud.interfaz.IndiceEfectoAccionPlugin'
2025-04-20 12:00:38 DEBUG LeerPlugins:71 - ModulosFaltantes.xml: Plugin 'modulosFaltantes - 1.0 (indice 1)'
2025-04-20 12:00:38 DEBUG LeerPlugins:75 - 	Creada opción de menú 'Ayuda/Módulos aún no implementados' con accion 'modulosFaltantes.interfaz.AyudaPlugin'
2025-04-20 12:00:38 DEBUG LeerPlugins:71 - MuestreoSeleccionYEstimacion.xml: Plugin 'Muestreo 2 - 1.0 (indice 3)'
2025-04-20 12:00:38 DEBUG LeerPlugins:75 - 	Creada opción de menú 'Módulos/Muestreo/Selección de muestras/Muestreo simple aleatorio' con accion 'seleccionMuestras.interfaz.MuestreoSimpleAleatorioAccionPlugin'
2025-04-20 12:00:38 DEBUG LeerPlugins:75 - 	Creada opción de menú 'Módulos/Muestreo/Selección de muestras/Muestreo sistemático' con accion 'seleccionMuestras.interfaz.MuestreoSistematicoAccionPlugin'
2025-04-20 12:00:38 DEBUG LeerPlugins:75 - 	Creada opción de menú 'Módulos/Muestreo/Selección de muestras/Muestreo aleatorio estratificado' con accion 'seleccionMuestras.interfaz.MuestreoAleatorioEstratificadoAccionPlugin'
2025-04-20 12:00:38 DEBUG LeerPlugins:75 - 	Creada opción de menú 'Módulos/Muestreo/Selección de muestras/Muestreo por conglomerados monoetápico' con accion 'seleccionMuestras.interfaz.MuestreoConglomeradosMonoAccionPlugin'
2025-04-20 12:00:38 DEBUG LeerPlugins:75 - 	Creada opción de menú 'Módulos/Muestreo/Selección de muestras/Muestreo por conglomerados bietápico' con accion 'seleccionMuestras.interfaz.MuestreoConglomeradosBiAccionPlugin'
2025-04-20 12:00:38 DEBUG LeerPlugins:75 - 	Creada opción de menú 'Módulos/Muestreo/Selección de muestras/Muestreo por conglomerados monoetápico estratificado' con accion 'seleccionMuestras.interfaz.MuestreoConglMonoEstratAccionPlugin'
2025-04-20 12:00:38 DEBUG LeerPlugins:75 - 	Creada opción de menú 'Módulos/Muestreo/Selección de muestras/Muestreo por conglomerados bietápico estratificado' con accion 'seleccionMuestras.interfaz.MuestreoConglBiEstratAccionPlugin'
2025-04-20 12:00:38 DEBUG LeerPlugins:75 - 	Creada opción de menú 'Módulos/Muestreo/Asignación de sujetos a tratamientos' con accion 'seleccionMuestras.interfaz.AsignacionSujetosTratamientosAccionPlugin'
2025-04-20 12:00:38 DEBUG LeerPlugins:75 - 	Creada opción de menú 'Módulos/Muestreo/Estimación con muestras complejas' con accion 'emuco.interfaz.EmucoAccionPlugin'
2025-04-20 12:00:38 DEBUG LeerPlugins:71 - MuestreoTamanosDeMuestra.xml: Plugin 'Muestreo 1 - 1.0 (indice 2)'
2025-04-20 12:00:38 DEBUG LeerPlugins:75 - 	Creada opción de menú 'Módulos/Muestreo/Cálculo de tamaños de muestra/Intervalos de confianza/Media' con accion 'tamsMuestra.intervalosConfianza.interfaz.MediaAccionPlugin'
2025-04-20 12:00:38 DEBUG LeerPlugins:75 - 	Creada opción de menú 'Módulos/Muestreo/Cálculo de tamaños de muestra/Intervalos de confianza/Proporción' con accion 'tamsMuestra.intervalosConfianza.interfaz.ProporcionAccionPlugin'
2025-04-20 12:00:38 DEBUG LeerPlugins:75 - 	Creada opción de menú 'Módulos/Muestreo/Cálculo de tamaños de muestra/Intervalos de confianza/Odds ratio' con accion 'tamsMuestra.intervalosConfianza.interfaz.OddsRatioAccionPlugin'
2025-04-20 12:00:38 DEBUG LeerPlugins:75 - 	Creada opción de menú 'Módulos/Muestreo/Cálculo de tamaños de muestra/Intervalos de confianza/Riesgo relativo' con accion 'tamsMuestra.intervalosConfianza.interfaz.RiesgoRelativoAccionPlugin'
2025-04-20 12:00:38 DEBUG LeerPlugins:75 - 	Creada opción de menú 'Módulos/Muestreo/Cálculo de tamaños de muestra/Intervalos de confianza/Concordancia' con accion 'tamsMuestra.intervalosConfianza.interfaz.ConcordanciaAccionPlugin'
2025-04-20 12:00:38 DEBUG LeerPlugins:75 - 	Creada opción de menú 'Módulos/Muestreo/Cálculo de tamaños de muestra/Intervalos de confianza/Pruebas diagnósticas' con accion 'tamsMuestra.intervalosConfianza.interfaz.SensibilidadYEspecificidadAccionPlugin'
2025-04-20 12:00:38 DEBUG LeerPlugins:75 - 	Creada opción de menú 'Módulos/Muestreo/Cálculo de tamaños de muestra/Contraste de hipótesis/Comparación de medias/Grupos independientes' con accion 'tamsMuestra.contrastesHipotesis.interfaz.ComparacionMediasIndependientesAccionPlugin'
2025-04-20 12:00:38 DEBUG LeerPlugins:75 - 	Creada opción de menú 'Módulos/Muestreo/Cálculo de tamaños de muestra/Contraste de hipótesis/Comparación de medias/Grupos emparejados' con accion 'tamsMuestra.contrastesHipotesis.interfaz.ComparacionMediasEmparejadasAccionPlugin'
2025-04-20 12:00:38 DEBUG LeerPlugins:75 - 	Creada opción de menú 'Módulos/Muestreo/Cálculo de tamaños de muestra/Contraste de hipótesis/Comparación de proporciones/Grupos independientes' con accion 'tamsMuestra.contrastesHipotesis.interfaz.ComparacionProporcionesIndependientesAccionPlugin'
2025-04-20 12:00:38 DEBUG LeerPlugins:75 - 	Creada opción de menú 'Módulos/Muestreo/Cálculo de tamaños de muestra/Contraste de hipótesis/Comparación de proporciones/Grupos emparejados' con accion 'tamsMuestra.contrastesHipotesis.interfaz.ComparacionProporcionesEmparejadasAccionPlugin'
2025-04-20 12:00:38 DEBUG LeerPlugins:75 - 	Creada opción de menú 'Módulos/Muestreo/Cálculo de tamaños de muestra/Contraste de hipótesis/Estudios de casos y controles/Grupos independientes' con accion 'tamsMuestra.contrastesHipotesis.interfaz.EstudiosCasosIndependientesAccionPlugin'
2025-04-20 12:00:38 DEBUG LeerPlugins:75 - 	Creada opción de menú 'Módulos/Muestreo/Cálculo de tamaños de muestra/Contraste de hipótesis/Estudios de cohorte' con accion 'tamsMuestra.contrastesHipotesis.interfaz.EstudiosCohorteAccionPlugin'
2025-04-20 12:00:38 DEBUG LeerPlugins:75 - 	Creada opción de menú 'Módulos/Muestreo/Cálculo de tamaños de muestra/Contraste de hipótesis/Estudios de casos y controles/Grupos emparejados' con accion 'tamsMuestra.contrastesHipotesis.interfaz.EstudiosCasosEmparejadosAccionPlugin'
2025-04-20 12:00:38 DEBUG LeerPlugins:75 - 	Creada opción de menú 'Módulos/Muestreo/Cálculo de tamaños de muestra/Contraste de hipótesis/Estudios de equivalencia/Equivalencia de medias' con accion 'tamsMuestra.contrastesHipotesis.interfaz.EquivalenciaMediasAccionPlugin'
2025-04-20 12:00:38 DEBUG LeerPlugins:75 - 	Creada opción de menú 'Módulos/Muestreo/Cálculo de tamaños de muestra/Contraste de hipótesis/Estudios de equivalencia/Equivalencia de proporciones' con accion 'tamsMuestra.contrastesHipotesis.interfaz.EquivalenciaProporcionesAccionPlugin'
2025-04-20 12:00:38 DEBUG LeerPlugins:75 - 	Creada opción de menú 'Módulos/Muestreo/Cálculo de tamaños de muestra/Contraste de hipótesis/Pruebas diagnósticas/Grupos independientes' con accion 'tamsMuestra.contrastesHipotesis.interfaz.PruebasDxGIAccionPlugin'
2025-04-20 12:00:38 DEBUG LeerPlugins:75 - 	Creada opción de menú 'Módulos/Muestreo/Cálculo de tamaños de muestra/Contraste de hipótesis/Pruebas diagnósticas/Grupos emparejados' con accion 'tamsMuestra.contrastesHipotesis.interfaz.PruebasDxGEAccionPlugin'
2025-04-20 12:00:38 DEBUG LeerPlugins:75 - 	Creada opción de menú 'Módulos/Muestreo/Cálculo de tamaños de muestra/Contraste de hipótesis/Calidad de lotes' con accion 'tamsMuestra.contrastesHipotesis.interfaz.CalidadLotesAccionPlugin'
2025-04-20 12:00:38 DEBUG LeerPlugins:75 - 	Creada opción de menú 'Módulos/Muestreo/Cálculo de tamaños de muestra/Contraste de hipótesis/Supervivencia' con accion 'tamsMuestra.contrastesHipotesis.interfaz.SupervivenciaAccionPlugin'
2025-04-20 12:00:38 DEBUG LeerPlugins:75 - 	Creada opción de menú 'Módulos/Muestreo/Cálculo de tamaños de muestra/Contraste de hipótesis/Coeficiente de correlación' con accion 'tamsMuestra.contrastesHipotesis.interfaz.CorrelacionAccionPlugin'
2025-04-20 12:00:38 DEBUG LeerPlugins:71 - Privaciones.xml: Plugin 'privaciones - 1.0 (indice 16)'
2025-04-20 12:00:38 DEBUG LeerPlugins:75 - 	Creada opción de menú 'Módulos/Índices de desarrollo o privación/Índice de desarrollo humano (IDH)' con accion 'privaciones.interfaz.Privations_Pluggin_AE_IDH'
2025-04-20 12:00:38 DEBUG LeerPlugins:75 - 	Creada opción de menú 'Módulos/Índices de desarrollo o privación/Índice de desarrollo humano corregido para desigualdad de género (IDHG)' con accion 'privaciones.interfaz.Privations_Pluggin_AE_IDHG'
2025-04-20 12:00:38 DEBUG LeerPlugins:75 - 	Creada opción de menú 'Módulos/Índices de desarrollo o privación/Índice de Pobreza 1 (IP1)' con accion 'privaciones.interfaz.Privations_Pluggin_AE_IP1'
2025-04-20 12:00:38 DEBUG LeerPlugins:75 - 	Creada opción de menú 'Módulos/Índices de desarrollo o privación/Índice de Pobreza 2 (IP2)' con accion 'privaciones.interfaz.Privations_Pluggin_AE_IP2'
2025-04-20 12:00:38 DEBUG LeerPlugins:75 - 	Creada opción de menú 'Módulos/Índices de desarrollo o privación/Índice de pobreza multidimensional (IPM)' con accion 'privaciones.interfaz.Privations_Pluggin_AE_IPM'
2025-04-20 12:00:38 DEBUG LeerPlugins:75 - 	Creada opción de menú 'Módulos/Índices de desarrollo o privación/Índice de desarrollo de la niñez (IDN)' con accion 'privaciones.interfaz.Privations_Pluggin_AE_IDN'
2025-04-20 12:00:38 DEBUG LeerPlugins:75 - 	Creada opción de menú 'Módulos/Índices de desarrollo o privación/Índice de oportunidades en la niñez (ION)' con accion 'privaciones.interfaz.Privations_Pluggin_AE_ION'
2025-04-20 12:00:38 DEBUG LeerPlugins:71 - Probabilidades.xml: Plugin 'Distribuciones de probabilidad - 2.0 (indice 13)'
2025-04-20 12:00:38 DEBUG LeerPlugins:75 - 	Creada opción de menú 'Módulos/Distribuciones de probabilidad/Cálculo de probabilidades/Distribuciones discretas' con accion 'probabilidades.interfaz.ProbabilidadCalcDiscretasAccionPlugin'
2025-04-20 12:00:38 DEBUG LeerPlugins:75 - 	Creada opción de menú 'Módulos/Distribuciones de probabilidad/Cálculo de probabilidades/Distribuciones continuas' con accion 'probabilidades.interfaz.ProbabilidadCalcContinuasAccionPlugin'
2025-04-20 12:00:38 DEBUG LeerPlugins:75 - 	Creada opción de menú 'Módulos/Distribuciones de probabilidad/Generación de distribuciones/Distribuciones discretas' con accion 'probabilidades.interfaz.ProbabilidadGenDiscretasAccionPlugin'
2025-04-20 12:00:38 DEBUG LeerPlugins:75 - 	Creada opción de menú 'Módulos/Distribuciones de probabilidad/Generación de distribuciones/Distribuciones continuas' con accion 'probabilidades.interfaz.ProbabilidadGenContinuasAccionPlugin'
2025-04-20 12:00:38 DEBUG LeerPlugins:71 - RegresionLogistica.xml: Plugin 'regresion - 1.0 (indice 11)'
2025-04-20 12:00:38 DEBUG LeerPlugins:75 - 	Creada opción de menú 'Módulos/Regresión logística/Regresión logística' con accion 'regresion.interfaz.Regression_Pluggin_AE'
2025-04-20 12:00:39 WARN  StandardResourceBundle:33 - El bundle creado por 'EntornoEpidatBundle' no ha encontrado la clave 'EpidatForm.nomArchivoOculto.AccessibleContext.accessibleName' o es vacía.
2025-04-20 12:00:39 WARN  StandardResourceBundle:33 - El bundle creado por 'EntornoEpidatBundle' no ha encontrado la clave 'EpidatForm.nomArchivoOculto.AccessibleContext.accessibleDescription' o es vacía.
2025-04-20 12:00:39 WARN  StandardResourceBundle:33 - El bundle creado por 'EntornoEpidatBundle' no ha encontrado la clave 'EpidatForm.text' o es vacía.
2025-04-20 12:00:39 WARN  StandardResourceBundle:33 - El bundle creado por 'EntornoEpidatBundle' no ha encontrado la clave 'EpidatForm.text' o es vacía.
2025-04-20 12:00:39 WARN  StandardResourceBundle:33 - El bundle creado por 'EntornoEpidatBundle' no ha encontrado la clave 'EpidatForm.text' o es vacía.
2025-04-20 12:00:39 WARN  StandardResourceBundle:33 - El bundle creado por 'EntornoEpidatBundle' no ha encontrado la clave 'EpidatForm.botonColor.text' o es vacía.
2025-04-20 12:00:39 WARN  StandardResourceBundle:33 - El bundle creado por 'EntornoEpidatBundle' no ha encontrado la clave 'EpidatForm.botonAlineaI.text' o es vacía.
2025-04-20 12:00:39 WARN  StandardResourceBundle:33 - El bundle creado por 'EntornoEpidatBundle' no ha encontrado la clave 'EpidatForm.botonAlineaC.text' o es vacía.
2025-04-20 12:00:39 WARN  StandardResourceBundle:33 - El bundle creado por 'EntornoEpidatBundle' no ha encontrado la clave 'EpidatForm.botonAlineaD.text' o es vacía.
2025-04-20 12:00:39 WARN  StandardResourceBundle:33 - El bundle creado por 'EntornoEpidatBundle' no ha encontrado la clave 'EpidatForm.botonAlineaJ.text' o es vacía.
2025-04-20 12:00:39 WARN  StandardResourceBundle:33 - El bundle creado por 'EntornoEpidatBundle' no ha encontrado la clave 'EpidatForm.nomArchivoPresentado.text' o es vacía.
2025-04-20 12:00:39 WARN  StandardResourceBundle:33 - El bundle creado por 'EntornoEpidatBundle' no ha encontrado la clave 'EpidatForm.labelProgreso.text' o es vacía.
2025-04-20 12:00:39 DEBUG PluginEstandar:42 - Aplicando cambios de plugin 'Plugin'...
2025-04-20 12:00:39 DEBUG CambioUIMenu:104 - Insertando item de menú 'Análisis descriptivo' en posicion 0
2025-04-20 12:00:39 DEBUG CambioUIMenu:113 - Insertando item de menú 'Tablas de frecuencias' en posicion 0
2025-04-20 12:00:39 DEBUG CambioUIMenu:113 - Insertando item de menú 'Tablas de contingencia' en posicion 1
2025-04-20 12:00:39 DEBUG CambioUIMenu:113 - Insertando item de menú 'Estadísticos descriptivos' en posicion 2
2025-04-20 12:00:39 DEBUG CambioUIMenu:113 - Insertando item de menú 'Correlación' en posicion 3
2025-04-20 12:00:39 DEBUG CambioUIMenu:104 - Insertando item de menú 'Gráficos' en posicion 4
2025-04-20 12:00:39 DEBUG CambioUIMenu:113 - Insertando item de menú 'Barras' en posicion 0
2025-04-20 12:00:39 DEBUG CambioUIMenu:113 - Insertando item de menú 'Sectores' en posicion 1
2025-04-20 12:00:39 DEBUG CambioUIMenu:113 - Insertando item de menú 'Líneas' en posicion 2
2025-04-20 12:00:39 DEBUG CambioUIMenu:113 - Insertando item de menú 'Dispersión' en posicion 3
2025-04-20 12:00:39 DEBUG CambioUIMenu:113 - Insertando item de menú 'Histograma' en posicion 4
2025-04-20 12:00:39 DEBUG CambioUIMenu:113 - Insertando item de menú 'Diagrama de cajas' en posicion 5
2025-04-20 12:00:39 DEBUG CambioUIMenu:113 - Insertando item de menú 'Intervalos de confianza' en posicion 6
2025-04-20 12:00:39 DEBUG PluginEstandar:42 - Aplicando cambios de plugin 'modulosFaltantes'...
2025-04-20 12:00:39 DEBUG CambioUIMenu:113 - Insertando item de menú 'Módulos aún no implementados' en posicion 2
2025-04-20 12:00:39 DEBUG PluginEstandar:42 - Aplicando cambios de plugin 'Muestreo 1'...
2025-04-20 12:00:39 DEBUG CambioUIMenu:104 - Insertando item de menú 'Muestreo' en posicion 1
2025-04-20 12:00:39 DEBUG CambioUIMenu:104 - Insertando item de menú 'Cálculo de tamaños de muestra' en posicion 0
2025-04-20 12:00:39 DEBUG CambioUIMenu:104 - Insertando item de menú 'Intervalos de confianza' en posicion 0
2025-04-20 12:00:39 DEBUG CambioUIMenu:113 - Insertando item de menú 'Media' en posicion 0
2025-04-20 12:00:39 DEBUG CambioUIMenu:113 - Insertando item de menú 'Proporción' en posicion 1
2025-04-20 12:00:39 DEBUG CambioUIMenu:113 - Insertando item de menú 'Odds ratio' en posicion 2
2025-04-20 12:00:39 DEBUG CambioUIMenu:113 - Insertando item de menú 'Riesgo relativo' en posicion 3
2025-04-20 12:00:39 DEBUG CambioUIMenu:113 - Insertando item de menú 'Concordancia' en posicion 4
2025-04-20 12:00:39 DEBUG CambioUIMenu:113 - Insertando item de menú 'Pruebas diagnósticas' en posicion 5
2025-04-20 12:00:39 DEBUG CambioUIMenu:104 - Insertando item de menú 'Contraste de hipótesis' en posicion 1
2025-04-20 12:00:39 DEBUG CambioUIMenu:104 - Insertando item de menú 'Comparación de medias' en posicion 0
2025-04-20 12:00:39 DEBUG CambioUIMenu:113 - Insertando item de menú 'Grupos independientes' en posicion 0
2025-04-20 12:00:39 DEBUG CambioUIMenu:113 - Insertando item de menú 'Grupos emparejados' en posicion 1
2025-04-20 12:00:39 DEBUG CambioUIMenu:104 - Insertando item de menú 'Comparación de proporciones' en posicion 1
2025-04-20 12:00:39 DEBUG CambioUIMenu:113 - Insertando item de menú 'Grupos independientes' en posicion 0
2025-04-20 12:00:39 DEBUG CambioUIMenu:113 - Insertando item de menú 'Grupos emparejados' en posicion 1
2025-04-20 12:00:39 DEBUG CambioUIMenu:104 - Insertando item de menú 'Estudios de casos y controles' en posicion 2
2025-04-20 12:00:39 DEBUG CambioUIMenu:113 - Insertando item de menú 'Grupos independientes' en posicion 0
2025-04-20 12:00:39 DEBUG CambioUIMenu:113 - Insertando item de menú 'Estudios de cohorte' en posicion 3
2025-04-20 12:00:39 DEBUG CambioUIMenu:113 - Insertando item de menú 'Grupos emparejados' en posicion 1
2025-04-20 12:00:39 DEBUG CambioUIMenu:104 - Insertando item de menú 'Estudios de equivalencia' en posicion 4
2025-04-20 12:00:39 DEBUG CambioUIMenu:113 - Insertando item de menú 'Equivalencia de medias' en posicion 0
2025-04-20 12:00:39 DEBUG CambioUIMenu:113 - Insertando item de menú 'Equivalencia de proporciones' en posicion 1
2025-04-20 12:00:39 DEBUG CambioUIMenu:104 - Insertando item de menú 'Pruebas diagnósticas' en posicion 5
2025-04-20 12:00:39 DEBUG CambioUIMenu:113 - Insertando item de menú 'Grupos independientes' en posicion 0
2025-04-20 12:00:39 DEBUG CambioUIMenu:113 - Insertando item de menú 'Grupos emparejados' en posicion 1
2025-04-20 12:00:39 DEBUG CambioUIMenu:113 - Insertando item de menú 'Calidad de lotes' en posicion 6
2025-04-20 12:00:39 DEBUG CambioUIMenu:113 - Insertando item de menú 'Supervivencia' en posicion 7
2025-04-20 12:00:39 DEBUG CambioUIMenu:113 - Insertando item de menú 'Coeficiente de correlación' en posicion 8
2025-04-20 12:00:39 DEBUG PluginEstandar:42 - Aplicando cambios de plugin 'Muestreo 2'...
2025-04-20 12:00:39 DEBUG CambioUIMenu:104 - Insertando item de menú 'Selección de muestras' en posicion 1
2025-04-20 12:00:39 DEBUG CambioUIMenu:113 - Insertando item de menú 'Muestreo simple aleatorio' en posicion 0
2025-04-20 12:00:39 DEBUG CambioUIMenu:113 - Insertando item de menú 'Muestreo sistemático' en posicion 1
2025-04-20 12:00:39 DEBUG CambioUIMenu:113 - Insertando item de menú 'Muestreo aleatorio estratificado' en posicion 2
2025-04-20 12:00:39 DEBUG CambioUIMenu:113 - Insertando item de menú 'Muestreo por conglomerados monoetápico' en posicion 3
2025-04-20 12:00:39 DEBUG CambioUIMenu:113 - Insertando item de menú 'Muestreo por conglomerados bietápico' en posicion 4
2025-04-20 12:00:39 DEBUG CambioUIMenu:113 - Insertando item de menú 'Muestreo por conglomerados monoetápico estratificado' en posicion 5
2025-04-20 12:00:39 DEBUG CambioUIMenu:113 - Insertando item de menú 'Muestreo por conglomerados bietápico estratificado' en posicion 6
2025-04-20 12:00:39 DEBUG CambioUIMenu:113 - Insertando item de menú 'Asignación de sujetos a tratamientos' en posicion 2
2025-04-20 12:00:39 DEBUG CambioUIMenu:113 - Insertando item de menú 'Estimación con muestras complejas' en posicion 3
2025-04-20 12:00:39 DEBUG PluginEstandar:42 - Aplicando cambios de plugin 'Dialogo Acerca de ...'...
2025-04-20 12:00:39 DEBUG CambioUIMenu:113 - Insertando item de menú 'Acerca de' en posicion 3
2025-04-20 12:00:39 DEBUG PluginEstandar:42 - Aplicando cambios de plugin 'Herramientas'...
2025-04-20 12:00:39 DEBUG CambioUIMenu:113 - Insertando item de menú 'Opciones' en posicion 0
2025-04-20 12:00:39 DEBUG PluginEstandar:42 - Aplicando cambios de plugin 'inferenciasobreparametros'...
2025-04-20 12:00:39 DEBUG CambioUIMenu:104 - Insertando item de menú 'Inferencia sobre parámetros' en posicion 2
2025-04-20 12:00:39 DEBUG CambioUIMenu:104 - Insertando item de menú 'Una población' en posicion 0
2025-04-20 12:00:39 DEBUG CambioUIMenu:113 - Insertando item de menú 'Media' en posicion 0
2025-04-20 12:00:39 DEBUG CambioUIMenu:113 - Insertando item de menú 'Proporción' en posicion 1
2025-04-20 12:00:39 DEBUG CambioUIMenu:113 - Insertando item de menú 'Percentiles' en posicion 2
2025-04-20 12:00:39 DEBUG CambioUIMenu:113 - Insertando item de menú 'Correlación' en posicion 3
2025-04-20 12:00:39 DEBUG CambioUIMenu:113 - Insertando item de menú 'Tasa de incidencia' en posicion 4
2025-04-20 12:00:39 DEBUG CambioUIMenu:113 - Insertando item de menú 'Índice de posición' en posicion 5
2025-04-20 12:00:39 DEBUG CambioUIMenu:104 - Insertando item de menú 'Dos poblaciones' en posicion 1
2025-04-20 12:00:39 DEBUG CambioUIMenu:113 - Insertando item de menú 'Medias independientes' en posicion 0
2025-04-20 12:00:39 DEBUG CambioUIMenu:113 - Insertando item de menú 'Medias emparejadas' en posicion 1
2025-04-20 12:00:39 DEBUG CambioUIMenu:113 - Insertando item de menú 'Proporciones independientes' en posicion 2
2025-04-20 12:00:39 DEBUG CambioUIMenu:113 - Insertando item de menú 'Proporciones emparejadas' en posicion 3
2025-04-20 12:00:39 DEBUG CambioUIMenu:113 - Insertando item de menú 'Tasas de incidencia' en posicion 4
2025-04-20 12:00:39 DEBUG CambioUIMenu:104 - Insertando item de menú 'Comparación no paramétrica' en posicion 2
2025-04-20 12:00:39 DEBUG CambioUIMenu:113 - Insertando item de menú 'Medias independientes' en posicion 0
2025-04-20 12:00:39 DEBUG CambioUIMenu:113 - Insertando item de menú 'Medias emparejadas' en posicion 1
2025-04-20 12:00:39 DEBUG CambioUIMenu:113 - Insertando item de menú 'Contraste de normalidad' en posicion 3
2025-04-20 12:00:39 DEBUG PluginEstandar:42 - Aplicando cambios de plugin 'Herramientas'...
2025-04-20 12:00:40 DEBUG CambioUIMenu:113 - Insertando item de menú 'Idioma' en posicion 1
2025-04-20 12:00:40 DEBUG PluginEstandar:42 - Aplicando cambios de plugin 'ConcordanciaYConsistencia'...
2025-04-20 12:00:40 DEBUG CambioUIMenu:104 - Insertando item de menú 'Concordancia y consistencia' en posicion 3
2025-04-20 12:00:40 DEBUG CambioUIMenu:104 - Insertando item de menú 'Concordancia' en posicion 0
2025-04-20 12:00:40 DEBUG CambioUIMenu:113 - Insertando item de menú '2 Observadores' en posicion 0
2025-04-20 12:00:40 DEBUG CambioUIMenu:104 - Insertando item de menú '3 o más observadores' en posicion 1
2025-04-20 12:00:40 DEBUG CambioUIMenu:113 - Insertando item de menú '2 categorías' en posicion 0
2025-04-20 12:00:40 DEBUG CambioUIMenu:113 - Insertando item de menú '3 ó más categorías' en posicion 1
2025-04-20 12:00:40 DEBUG CambioUIMenu:113 - Insertando item de menú 'Comparación de kappas' en posicion 2
2025-04-20 12:00:40 DEBUG CambioUIMenu:113 - Insertando item de menú 'Coeficiente de correlación intraclase' en posicion 3
2025-04-20 12:00:40 DEBUG CambioUIMenu:113 - Insertando item de menú 'Método de Bland y Altman' en posicion 4
2025-04-20 12:00:40 DEBUG CambioUIMenu:104 - Insertando item de menú 'Consistencia' en posicion 1
2025-04-20 12:00:40 DEBUG CambioUIMenu:113 - Insertando item de menú 'Alpha de Cronbach' en posicion 0
2025-04-20 12:00:40 DEBUG PluginEstandar:42 - Aplicando cambios de plugin 'ajusteDeTasas'...
2025-04-20 12:00:40 DEBUG CambioUIMenu:104 - Insertando item de menú 'Ajuste de tasas' en posicion 4
2025-04-20 12:00:40 DEBUG CambioUIMenu:113 - Insertando item de menú 'Método directo' en posicion 0
2025-04-20 12:00:40 DEBUG CambioUIMenu:113 - Insertando item de menú 'Método indirecto' en posicion 1
2025-04-20 12:00:40 DEBUG PluginEstandar:42 - Aplicando cambios de plugin 'Demografía'...
2025-04-20 12:00:40 DEBUG CambioUIMenu:104 - Insertando item de menú 'Demografía' en posicion 5
2025-04-20 12:00:40 DEBUG CambioUIMenu:104 - Insertando item de menú 'Pirámides e indicadores' en posicion 0
2025-04-20 12:00:40 DEBUG CambioUIMenu:113 - Insertando item de menú 'Pirámides de población' en posicion 0
2025-04-20 12:00:40 DEBUG CambioUIMenu:113 - Insertando item de menú 'Indicadores de estructura' en posicion 1
2025-04-20 12:00:40 DEBUG CambioUIMenu:113 - Insertando item de menú 'Indicadores de fecundidad' en posicion 2
2025-04-20 12:00:40 DEBUG CambioUIMenu:113 - Insertando item de menú 'Tablas de mortalidad' en posicion 1
2025-04-20 12:00:40 DEBUG CambioUIMenu:113 - Insertando item de menú 'Expectativas de salud' en posicion 2
2025-04-20 12:00:40 DEBUG CambioUIMenu:104 - Insertando item de menú 'Años potenciales de vida perdidos' en posicion 3
2025-04-20 12:00:40 DEBUG CambioUIMenu:104 - Insertando item de menú 'APVP y tasa bruta' en posicion 0
2025-04-20 12:00:40 DEBUG CambioUIMenu:113 - Insertando item de menú 'Una causa y varias poblaciones' en posicion 0
2025-04-20 12:00:40 DEBUG CambioUIMenu:113 - Insertando item de menú 'Varias causas y una población' en posicion 1
2025-04-20 12:00:40 DEBUG CambioUIMenu:113 - Insertando item de menú 'Tasa de APVP ajustada' en posicion 1
2025-04-20 12:00:40 DEBUG CambioUIMenu:113 - Insertando item de menú 'Descomposición del cambio en la EV' en posicion 4
2025-04-20 12:00:40 DEBUG CambioUIMenu:104 - Insertando item de menú 'Años de esperanza de vida perdidos' en posicion 5
2025-04-20 12:00:40 DEBUG CambioUIMenu:113 - Insertando item de menú 'Un período' en posicion 0
2025-04-20 12:00:40 DEBUG CambioUIMenu:113 - Insertando item de menú 'Comparación de dos períodos' en posicion 1
2025-04-20 12:00:40 DEBUG PluginEstandar:42 - Aplicando cambios de plugin 'modulo'...
2025-04-20 12:00:40 DEBUG CambioUIMenu:104 - Insertando item de menú 'Estimacion de la mortalidad atribuida' en posicion 6
2025-04-20 12:00:40 DEBUG CambioUIMenu:104 - Insertando item de menú 'Al consumo de tabaco' en posicion 0
2025-04-20 12:00:40 DEBUG CambioUIMenu:104 - Insertando item de menú 'Método dependiente de prevalencia' en posicion 0
2025-04-20 12:00:40 DEBUG CambioUIMenu:113 - Insertando item de menú 'Riesgos del estudio CPSII' en posicion 0
2025-04-20 12:00:40 DEBUG CambioUIMenu:113 - Insertando item de menú 'Riesgos de un estudio de cohortes' en posicion 1
2025-04-20 12:00:40 DEBUG CambioUIMenu:113 - Insertando item de menú 'Riesgos de un estudio de casos y controles' en posicion 2
2025-04-20 12:00:40 DEBUG CambioUIMenu:104 - Insertando item de menú 'Método independiente de prevalencia' en posicion 1
2025-04-20 12:00:40 DEBUG CambioUIMenu:113 - Insertando item de menú 'Riesgos del estudio CPSII' en posicion 0
2025-04-20 12:00:40 DEBUG CambioUIMenu:113 - Insertando item de menú 'Riesgos de un estudio de cohortes' en posicion 1
2025-04-20 12:00:40 DEBUG CambioUIMenu:104 - Insertando item de menú 'A otro factor de riesgo' en posicion 1
2025-04-20 12:00:40 DEBUG CambioUIMenu:113 - Insertando item de menú 'Riesgos de un estudio de cohortes' en posicion 0
2025-04-20 12:00:40 DEBUG CambioUIMenu:113 - Insertando item de menú 'Riesgos de un estudio de casos y controles' en posicion 1
2025-04-20 12:00:40 DEBUG PluginEstandar:42 - Aplicando cambios de plugin 'regresion'...
2025-04-20 12:00:40 DEBUG CambioUIMenu:104 - Insertando item de menú 'Regresión logística' en posicion 7
2025-04-20 12:00:40 DEBUG CambioUIMenu:113 - Insertando item de menú 'Regresión logística' en posicion 0
2025-04-20 12:00:40 DEBUG PluginEstandar:42 - Aplicando cambios de plugin 'Distribuciones de probabilidad'...
2025-04-20 12:00:40 DEBUG CambioUIMenu:104 - Insertando item de menú 'Distribuciones de probabilidad' en posicion 8
2025-04-20 12:00:40 DEBUG CambioUIMenu:104 - Insertando item de menú 'Cálculo de probabilidades' en posicion 0
2025-04-20 12:00:40 DEBUG CambioUIMenu:113 - Insertando item de menú 'Distribuciones discretas' en posicion 0
2025-04-20 12:00:40 DEBUG CambioUIMenu:113 - Insertando item de menú 'Distribuciones continuas' en posicion 1
2025-04-20 12:00:40 DEBUG CambioUIMenu:104 - Insertando item de menú 'Generación de distribuciones' en posicion 1
2025-04-20 12:00:40 DEBUG CambioUIMenu:113 - Insertando item de menú 'Distribuciones discretas' en posicion 0
2025-04-20 12:00:40 DEBUG CambioUIMenu:113 - Insertando item de menú 'Distribuciones continuas' en posicion 1
2025-04-20 12:00:40 DEBUG PluginEstandar:42 - Aplicando cambios de plugin 'analisisBayesiano'...
2025-04-20 12:00:40 DEBUG CambioUIMenu:104 - Insertando item de menú 'Análisis bayesiano' en posicion 9
2025-04-20 12:00:40 DEBUG CambioUIMenu:113 - Insertando item de menú 'Teorema de Bayes' en posicion 0
2025-04-20 12:00:40 DEBUG CambioUIMenu:113 - Insertando item de menú 'Odds ratio' en posicion 1
2025-04-20 12:00:40 DEBUG CambioUIMenu:104 - Insertando item de menú 'Proporción' en posicion 2
2025-04-20 12:00:40 DEBUG CambioUIMenu:104 - Insertando item de menú 'Una población' en posicion 0
2025-04-20 12:00:40 DEBUG CambioUIMenu:113 - Insertando item de menú 'Estimación de una proporción' en posicion 0
2025-04-20 12:00:40 DEBUG CambioUIMenu:113 - Insertando item de menú 'Valoración de hipótesis' en posicion 1
2025-04-20 12:00:40 DEBUG CambioUIMenu:104 - Insertando item de menú 'Dos poblaciones' en posicion 1
2025-04-20 12:00:40 DEBUG CambioUIMenu:113 - Insertando item de menú 'Estimación de efectos' en posicion 0
2025-04-20 12:00:40 DEBUG CambioUIMenu:113 - Insertando item de menú 'Valoración de hipótesis' en posicion 1
2025-04-20 12:00:40 DEBUG CambioUIMenu:104 - Insertando item de menú 'Media' en posicion 3
2025-04-20 12:00:40 DEBUG CambioUIMenu:104 - Insertando item de menú 'Una población' en posicion 0
2025-04-20 12:00:40 DEBUG CambioUIMenu:113 - Insertando item de menú 'Estimación de una media' en posicion 0
2025-04-20 12:00:40 DEBUG CambioUIMenu:113 - Insertando item de menú 'Valoración de hipótesis' en posicion 1
2025-04-20 12:00:40 DEBUG CambioUIMenu:104 - Insertando item de menú 'Dos poblaciones' en posicion 1
2025-04-20 12:00:40 DEBUG CambioUIMenu:113 - Insertando item de menú 'Estimación de una diferencia' en posicion 0
2025-04-20 12:00:40 DEBUG CambioUIMenu:113 - Insertando item de menú 'Valoración de hipótesis' en posicion 1
2025-04-20 12:00:40 DEBUG CambioUIMenu:113 - Insertando item de menú 'Valoración de pruebas convencionales' en posicion 4
2025-04-20 12:00:40 DEBUG PluginEstandar:42 - Aplicando cambios de plugin 'privaciones'...
2025-04-20 12:00:40 DEBUG CambioUIMenu:104 - Insertando item de menú 'Índices de desarrollo o privación' en posicion 10
2025-04-20 12:00:40 DEBUG CambioUIMenu:113 - Insertando item de menú 'Índice de desarrollo humano (IDH)' en posicion 0
2025-04-20 12:00:40 DEBUG CambioUIMenu:113 - Insertando item de menú 'Índice de desarrollo humano corregido para desigualdad de género (IDHG)' en posicion 1
2025-04-20 12:00:40 DEBUG CambioUIMenu:113 - Insertando item de menú 'Índice de Pobreza 1 (IP1)' en posicion 2
2025-04-20 12:00:40 DEBUG CambioUIMenu:113 - Insertando item de menú 'Índice de Pobreza 2 (IP2)' en posicion 3
2025-04-20 12:00:40 DEBUG CambioUIMenu:113 - Insertando item de menú 'Índice de pobreza multidimensional (IPM)' en posicion 4
2025-04-20 12:00:40 DEBUG CambioUIMenu:113 - Insertando item de menú 'Índice de desarrollo de la niñez (IDN)' en posicion 5
2025-04-20 12:00:40 DEBUG CambioUIMenu:113 - Insertando item de menú 'Índice de oportunidades en la niñez (ION)' en posicion 6
2025-04-20 12:00:40 DEBUG PluginEstandar:42 - Aplicando cambios de plugin 'Medición de Desigualdades'...
2025-04-20 12:00:40 DEBUG CambioUIMenu:104 - Insertando item de menú 'Medición de desigualdades en salud' en posicion 11
2025-04-20 12:00:40 DEBUG CambioUIMenu:104 - Insertando item de menú 'Índices para categorías ordenadas' en posicion 0
2025-04-20 12:00:40 DEBUG CambioUIMenu:113 - Insertando item de menú 'Índices basados en comparaciones dos a dos' en posicion 0
2025-04-20 12:00:40 DEBUG CambioUIMenu:113 - Insertando item de menú 'Índices basados en el modelo de regresión' en posicion 1
2025-04-20 12:00:40 DEBUG CambioUIMenu:104 - Insertando item de menú 'Índice de Gini e índice de concentración' en posicion 2
2025-04-20 12:00:40 DEBUG CambioUIMenu:113 - Insertando item de menú 'Índice de Gini y curva de Lorenz' en posicion 0
2025-04-20 12:00:40 DEBUG CambioUIMenu:113 - Insertando item de menú 'Índice y curva de concentración' en posicion 1
2025-04-20 12:00:40 DEBUG CambioUIMenu:104 - Insertando item de menú 'Índices para categorías no ordenadas' en posicion 1
2025-04-20 12:00:40 DEBUG CambioUIMenu:113 - Insertando item de menú 'Índices basados en comparaciones dos a dos' en posicion 0
2025-04-20 12:00:40 DEBUG CambioUIMenu:113 - Insertando item de menú 'Índices de dispersión' en posicion 1
2025-04-20 12:00:40 DEBUG CambioUIMenu:113 - Insertando item de menú 'Índices basados en la comparación de distribuciones de probabilidad' en posicion 2
2025-04-20 12:00:40 DEBUG CambioUIMenu:113 - Insertando item de menú 'Índice de efecto' en posicion 2
2025-04-20 12:01:39 WARN  StandardResourceBundle:33 - El bundle creado por 'EntornoEpidatBundle' no ha encontrado la clave 'calcular' o es vacía.
2025-04-20 12:01:39 WARN  StandardResourceBundle:33 - El bundle creado por 'EntornoEpidatBundle' no ha encontrado la clave 'ocultar' o es vacía.
2025-04-20 12:01:39 WARN  StandardResourceBundle:33 - El bundle creado por 'EntornoEpidatBundle' no ha encontrado la clave 'limpiar' o es vacía.
2025-04-20 12:01:39 WARN  StandardResourceBundle:33 - El bundle creado por 'EntornoEpidatBundle' no ha encontrado la clave 'generar.grafico' o es vacía.
2025-04-20 12:01:39 WARN  StandardResourceBundle:33 - El bundle creado por 'EntornoEpidatBundle' no ha encontrado la clave 'calcular' o es vacía.
2025-04-20 12:01:39 WARN  StandardResourceBundle:33 - El bundle creado por 'EntornoEpidatBundle' no ha encontrado la clave 'ocultar' o es vacía.
2025-04-20 12:01:39 WARN  StandardResourceBundle:33 - El bundle creado por 'EntornoEpidatBundle' no ha encontrado la clave 'limpiar' o es vacía.
2025-04-20 12:01:39 WARN  StandardResourceBundle:33 - El bundle creado por 'EntornoEpidatBundle' no ha encontrado la clave 'generar.grafico' o es vacía.
2025-04-20 12:01:39 WARN  StandardResourceBundle:33 - El bundle creado por 'EntornoEpidatBundle' no ha encontrado la clave 'calcular' o es vacía.
2025-04-20 12:01:39 WARN  StandardResourceBundle:33 - El bundle creado por 'EntornoEpidatBundle' no ha encontrado la clave 'ocultar' o es vacía.
2025-04-20 12:01:39 WARN  StandardResourceBundle:33 - El bundle creado por 'EntornoEpidatBundle' no ha encontrado la clave 'limpiar' o es vacía.
2025-04-20 12:01:39 WARN  StandardResourceBundle:33 - El bundle creado por 'EntornoEpidatBundle' no ha encontrado la clave 'generar.grafico' o es vacía.
2025-04-20 12:01:39 WARN  StandardResourceBundle:33 - El bundle creado por 'EntornoEpidatBundle' no ha encontrado la clave 'calcular' o es vacía.
2025-04-20 12:01:39 WARN  StandardResourceBundle:33 - El bundle creado por 'EntornoEpidatBundle' no ha encontrado la clave 'ocultar' o es vacía.
2025-04-20 12:01:39 WARN  StandardResourceBundle:33 - El bundle creado por 'EntornoEpidatBundle' no ha encontrado la clave 'limpiar' o es vacía.
2025-04-20 12:01:39 WARN  StandardResourceBundle:33 - El bundle creado por 'EntornoEpidatBundle' no ha encontrado la clave 'generar.grafico' o es vacía.
2025-04-20 12:01:55 WARN  StandardResourceBundle:33 - El bundle creado por 'EntornoEpidatBundle' no ha encontrado la clave 'calcular' o es vacía.
2025-04-20 12:01:55 WARN  StandardResourceBundle:33 - El bundle creado por 'EntornoEpidatBundle' no ha encontrado la clave 'ocultar' o es vacía.
2025-04-20 12:01:55 WARN  StandardResourceBundle:33 - El bundle creado por 'EntornoEpidatBundle' no ha encontrado la clave 'limpiar' o es vacía.
2025-04-20 12:01:55 WARN  StandardResourceBundle:33 - El bundle creado por 'EntornoEpidatBundle' no ha encontrado la clave 'generar.grafico' o es vacía.
2025-04-20 12:01:55 WARN  StandardResourceBundle:33 - El bundle creado por 'EntornoEpidatBundle' no ha encontrado la clave 'calcular' o es vacía.
2025-04-20 12:01:55 WARN  StandardResourceBundle:33 - El bundle creado por 'EntornoEpidatBundle' no ha encontrado la clave 'ocultar' o es vacía.
2025-04-20 12:01:55 WARN  StandardResourceBundle:33 - El bundle creado por 'EntornoEpidatBundle' no ha encontrado la clave 'limpiar' o es vacía.
2025-04-20 12:01:55 WARN  StandardResourceBundle:33 - El bundle creado por 'EntornoEpidatBundle' no ha encontrado la clave 'generar.grafico' o es vacía.
2025-04-20 12:01:55 WARN  StandardResourceBundle:33 - El bundle creado por 'EntornoEpidatBundle' no ha encontrado la clave 'calcular' o es vacía.
2025-04-20 12:01:55 WARN  StandardResourceBundle:33 - El bundle creado por 'EntornoEpidatBundle' no ha encontrado la clave 'ocultar' o es vacía.
2025-04-20 12:01:55 WARN  StandardResourceBundle:33 - El bundle creado por 'EntornoEpidatBundle' no ha encontrado la clave 'limpiar' o es vacía.
2025-04-20 12:01:55 WARN  StandardResourceBundle:33 - El bundle creado por 'EntornoEpidatBundle' no ha encontrado la clave 'generar.grafico' o es vacía.
2025-04-20 12:01:55 WARN  StandardResourceBundle:33 - El bundle creado por 'EntornoEpidatBundle' no ha encontrado la clave 'calcular' o es vacía.
2025-04-20 12:01:55 WARN  StandardResourceBundle:33 - El bundle creado por 'EntornoEpidatBundle' no ha encontrado la clave 'ocultar' o es vacía.
2025-04-20 12:01:55 WARN  StandardResourceBundle:33 - El bundle creado por 'EntornoEpidatBundle' no ha encontrado la clave 'limpiar' o es vacía.
2025-04-20 12:01:55 WARN  StandardResourceBundle:33 - El bundle creado por 'EntornoEpidatBundle' no ha encontrado la clave 'generar.grafico' o es vacía.
2025-04-20 12:02:02 WARN  StandardResourceBundle:33 - El bundle creado por 'EntornoEpidatBundle' no ha encontrado la clave 'calcular' o es vacía.
2025-04-20 12:02:02 WARN  StandardResourceBundle:33 - El bundle creado por 'EntornoEpidatBundle' no ha encontrado la clave 'ocultar' o es vacía.
2025-04-20 12:02:02 WARN  StandardResourceBundle:33 - El bundle creado por 'EntornoEpidatBundle' no ha encontrado la clave 'limpiar' o es vacía.
2025-04-20 12:02:02 WARN  StandardResourceBundle:33 - El bundle creado por 'EntornoEpidatBundle' no ha encontrado la clave 'generar.grafico' o es vacía.
2025-04-20 12:02:02 WARN  StandardResourceBundle:33 - El bundle creado por 'EntornoEpidatBundle' no ha encontrado la clave 'calcular' o es vacía.
2025-04-20 12:02:02 WARN  StandardResourceBundle:33 - El bundle creado por 'EntornoEpidatBundle' no ha encontrado la clave 'ocultar' o es vacía.
2025-04-20 12:02:02 WARN  StandardResourceBundle:33 - El bundle creado por 'EntornoEpidatBundle' no ha encontrado la clave 'limpiar' o es vacía.
2025-04-20 12:02:02 WARN  StandardResourceBundle:33 - El bundle creado por 'EntornoEpidatBundle' no ha encontrado la clave 'generar.grafico' o es vacía.
2025-04-20 12:02:02 WARN  StandardResourceBundle:33 - El bundle creado por 'EntornoEpidatBundle' no ha encontrado la clave 'calcular' o es vacía.
2025-04-20 12:02:02 WARN  StandardResourceBundle:33 - El bundle creado por 'EntornoEpidatBundle' no ha encontrado la clave 'ocultar' o es vacía.
2025-04-20 12:02:02 WARN  StandardResourceBundle:33 - El bundle creado por 'EntornoEpidatBundle' no ha encontrado la clave 'limpiar' o es vacía.
2025-04-20 12:02:02 WARN  StandardResourceBundle:33 - El bundle creado por 'EntornoEpidatBundle' no ha encontrado la clave 'generar.grafico' o es vacía.
2025-04-20 12:02:02 WARN  StandardResourceBundle:33 - El bundle creado por 'EntornoEpidatBundle' no ha encontrado la clave 'calcular' o es vacía.
2025-04-20 12:02:02 WARN  StandardResourceBundle:33 - El bundle creado por 'EntornoEpidatBundle' no ha encontrado la clave 'ocultar' o es vacía.
2025-04-20 12:02:02 WARN  StandardResourceBundle:33 - El bundle creado por 'EntornoEpidatBundle' no ha encontrado la clave 'limpiar' o es vacía.
2025-04-20 12:02:02 WARN  StandardResourceBundle:33 - El bundle creado por 'EntornoEpidatBundle' no ha encontrado la clave 'generar.grafico' o es vacía.
2025-04-25 23:21:00 INFO  Aplicacion:99 - Arrancando EPIDAT...
2025-04-25 23:21:00 INFO  Aplicacion:222 - 





2025-04-25 23:21:00 INFO  Aplicacion:223 - --------------------------------------------------------
2025-04-25 23:21:00 INFO  Aplicacion:224 - EPIDAT v4.2
2025-04-25 23:21:00 INFO  Aplicacion:225 - 		Fecha de arranque: 25-abr-2025 23:21:00
2025-04-25 23:21:00 INFO  Aplicacion:226 - 		Idioma: ES
2025-04-25 23:21:00 INFO  Aplicacion:227 - --------------------------------------------------------
2025-04-25 23:21:00 INFO  Aplicacion:228 - 

2025-04-25 23:21:01 DEBUG LeerPlugins:43 - Directorio Base:.\bin
2025-04-25 23:21:01 DEBUG LeerPlugins:71 - AjusteDeTasas.xml: Plugin 'ajusteDeTasas - 1.0 (indice 8)'
2025-04-25 23:21:01 DEBUG LeerPlugins:75 - 	Creada opción de menú 'Módulos/Ajuste de tasas/Método directo' con accion 'ajusteTasas.interfaz.AccionAjusteTasasDirecto'
2025-04-25 23:21:01 DEBUG LeerPlugins:75 - 	Creada opción de menú 'Módulos/Ajuste de tasas/Método indirecto' con accion 'ajusteTasas.interfaz.AccionAjusteTasasIndirecto'
2025-04-25 23:21:01 DEBUG LeerPlugins:71 - AnalisisBayesiano.xml: Plugin 'analisisBayesiano - 1.0 (indice 14)'
2025-04-25 23:21:01 DEBUG LeerPlugins:75 - 	Creada opción de menú 'Módulos/Análisis bayesiano/Teorema de Bayes' con accion 'analisisBayesiano.interfaz.ABTeoremaPlugin'
2025-04-25 23:21:01 DEBUG LeerPlugins:75 - 	Creada opción de menú 'Módulos/Análisis bayesiano/Odds ratio' con accion 'analisisBayesiano.interfaz.ABOddsRatioPlugin'
2025-04-25 23:21:01 DEBUG LeerPlugins:75 - 	Creada opción de menú 'Módulos/Análisis bayesiano/Proporción/Una población/Estimación de una proporción' con accion 'analisisBayesiano.interfaz.ABProporcionUnaEstimacionPlugin'
2025-04-25 23:21:01 DEBUG LeerPlugins:75 - 	Creada opción de menú 'Módulos/Análisis bayesiano/Proporción/Una población/Valoración de hipótesis' con accion 'analisisBayesiano.interfaz.ABProporcionUnaValoracionPlugin'
2025-04-25 23:21:01 DEBUG LeerPlugins:75 - 	Creada opción de menú 'Módulos/Análisis bayesiano/Proporción/Dos poblaciones/Estimación de efectos' con accion 'analisisBayesiano.interfaz.ABProporcionDosEstimacionPlugin'
2025-04-25 23:21:01 DEBUG LeerPlugins:75 - 	Creada opción de menú 'Módulos/Análisis bayesiano/Proporción/Dos poblaciones/Valoración de hipótesis' con accion 'analisisBayesiano.interfaz.ABProporcionDosValoracionPlugin'
2025-04-25 23:21:01 DEBUG LeerPlugins:75 - 	Creada opción de menú 'Módulos/Análisis bayesiano/Media/Una población/Estimación de una media' con accion 'analisisBayesiano.interfaz.ABMediaUnaEstimacionPlugin'
2025-04-25 23:21:01 DEBUG LeerPlugins:75 - 	Creada opción de menú 'Módulos/Análisis bayesiano/Media/Una población/Valoración de hipótesis' con accion 'analisisBayesiano.interfaz.ABMediaUnaValoracionPlugin'
2025-04-25 23:21:01 DEBUG LeerPlugins:75 - 	Creada opción de menú 'Módulos/Análisis bayesiano/Media/Dos poblaciones/Estimación de una diferencia' con accion 'analisisBayesiano.interfaz.ABMediaDosEstimacionPlugin'
2025-04-25 23:21:01 DEBUG LeerPlugins:75 - 	Creada opción de menú 'Módulos/Análisis bayesiano/Media/Dos poblaciones/Valoración de hipótesis' con accion 'analisisBayesiano.interfaz.ABMediaDosValoracionPlugin'
2025-04-25 23:21:01 DEBUG LeerPlugins:75 - 	Creada opción de menú 'Módulos/Análisis bayesiano/Valoración de pruebas convencionales' con accion 'analisisBayesiano.interfaz.ABValoracionPlugin'
2025-04-25 23:21:01 DEBUG LeerPlugins:71 - AnalisisDescriptivo.xml: Plugin 'Plugin - 1.0 (indice 0)'
2025-04-25 23:21:01 DEBUG LeerPlugins:75 - 	Creada opción de menú 'Módulos/Análisis descriptivo/Tablas de frecuencias' con accion 'analisisDescriptivo.interfaz.TablasFrecuenciaAccionPlugin'
2025-04-25 23:21:01 DEBUG LeerPlugins:75 - 	Creada opción de menú 'Módulos/Análisis descriptivo/Tablas de contingencia' con accion 'analisisDescriptivo.interfaz.TablasContingenciaAccionPlugin'
2025-04-25 23:21:01 DEBUG LeerPlugins:75 - 	Creada opción de menú 'Módulos/Análisis descriptivo/Estadísticos descriptivos' con accion 'analisisDescriptivo.interfaz.EstadisticosDescriptivosAccionPlugin'
2025-04-25 23:21:01 DEBUG LeerPlugins:75 - 	Creada opción de menú 'Módulos/Análisis descriptivo/Correlación' con accion 'analisisDescriptivo.interfaz.CorrelacionAccionPlugin'
2025-04-25 23:21:01 DEBUG LeerPlugins:75 - 	Creada opción de menú 'Módulos/Análisis descriptivo/Gráficos/Barras' con accion 'analisisDescriptivo.interfaz.GraficosBarrasAccionPlugin'
2025-04-25 23:21:01 DEBUG LeerPlugins:75 - 	Creada opción de menú 'Módulos/Análisis descriptivo/Gráficos/Sectores' con accion 'analisisDescriptivo.interfaz.GraficosSectoresAccionPlugin'
2025-04-25 23:21:01 DEBUG LeerPlugins:75 - 	Creada opción de menú 'Módulos/Análisis descriptivo/Gráficos/Líneas' con accion 'analisisDescriptivo.interfaz.GraficosLineasAccionPlugin'
2025-04-25 23:21:01 DEBUG LeerPlugins:75 - 	Creada opción de menú 'Módulos/Análisis descriptivo/Gráficos/Dispersión' con accion 'analisisDescriptivo.interfaz.GraficosDispersionAccionPlugin'
2025-04-25 23:21:01 DEBUG LeerPlugins:75 - 	Creada opción de menú 'Módulos/Análisis descriptivo/Gráficos/Histograma' con accion 'analisisDescriptivo.interfaz.GraficosHistogramaAccionPlugin'
2025-04-25 23:21:01 DEBUG LeerPlugins:75 - 	Creada opción de menú 'Módulos/Análisis descriptivo/Gráficos/Diagrama de cajas' con accion 'analisisDescriptivo.interfaz.GraficosDiagramaCajasAccionPlugin'
2025-04-25 23:21:01 DEBUG LeerPlugins:75 - 	Creada opción de menú 'Módulos/Análisis descriptivo/Gráficos/Intervalos de confianza' con accion 'analisisDescriptivo.interfaz.GraficosIntervalosConfianzaAccionPlugin'
2025-04-25 23:21:01 DEBUG LeerPlugins:71 - ConcordanciaYConsistencia.xml: Plugin 'ConcordanciaYConsistencia - 1.0 (indice 6)'
2025-04-25 23:21:01 DEBUG LeerPlugins:75 - 	Creada opción de menú 'Módulos/Concordancia y consistencia/Concordancia/2 Observadores' con accion 'concordanciaYConsistencia.interfaz.Concordancia2ObsAccionPlugin'
2025-04-25 23:21:01 DEBUG LeerPlugins:75 - 	Creada opción de menú 'Módulos/Concordancia y consistencia/Concordancia/3 o más observadores/2 categorías' con accion 'concordanciaYConsistencia.interfaz.Concordancia3_2CatAccionPlugin'
2025-04-25 23:21:01 DEBUG LeerPlugins:75 - 	Creada opción de menú 'Módulos/Concordancia y consistencia/Concordancia/3 o más observadores/3 ó más categorías' con accion 'concordanciaYConsistencia.interfaz.Concordancia3_3CatAccionPlugin'
2025-04-25 23:21:01 DEBUG LeerPlugins:75 - 	Creada opción de menú 'Módulos/Concordancia y consistencia/Concordancia/Comparación de kappas' con accion 'concordanciaYConsistencia.interfaz.ComparacionKappasAccionPlugin'
2025-04-25 23:21:01 DEBUG LeerPlugins:75 - 	Creada opción de menú 'Módulos/Concordancia y consistencia/Concordancia/Coeficiente de correlación intraclase' con accion 'concordanciaYConsistencia.interfaz.CorrelacionIntraclaseAccionPlugin'
2025-04-25 23:21:01 DEBUG LeerPlugins:75 - 	Creada opción de menú 'Módulos/Concordancia y consistencia/Concordancia/Método de Bland y Altman' con accion 'concordanciaYConsistencia.interfaz.BlandYAltmanAccionPlugin'
2025-04-25 23:21:01 DEBUG LeerPlugins:75 - 	Creada opción de menú 'Módulos/Concordancia y consistencia/Consistencia/Alpha de Cronbach' con accion 'concordanciaYConsistencia.interfaz.AlphaCronbachAccionPlugin'
2025-04-25 23:21:01 DEBUG LeerPlugins:71 - Demografia.xml: Plugin 'Demografía - 2.0 (indice 9)'
2025-04-25 23:21:01 DEBUG LeerPlugins:75 - 	Creada opción de menú 'Módulos/Demografía/Pirámides e indicadores/Pirámides de población' con accion 'demografia.interfaz.PiramidesAccionPlugin'
2025-04-25 23:21:01 DEBUG LeerPlugins:75 - 	Creada opción de menú 'Módulos/Demografía/Pirámides e indicadores/Indicadores de estructura' con accion 'demografia.interfaz.IndicadoresEstructuraAccionPlugin'
2025-04-25 23:21:01 DEBUG LeerPlugins:75 - 	Creada opción de menú 'Módulos/Demografía/Pirámides e indicadores/Indicadores de fecundidad' con accion 'demografia.interfaz.IndicadoresFecundidadAccionPlugin'
2025-04-25 23:21:01 DEBUG LeerPlugins:75 - 	Creada opción de menú 'Módulos/Demografía/Tablas de mortalidad' con accion 'demografia.interfaz.TablasMortalidadAccionPlugin'
2025-04-25 23:21:01 DEBUG LeerPlugins:75 - 	Creada opción de menú 'Módulos/Demografía/Expectativas de salud' con accion 'demografia.interfaz.ExpectativasSaludAccionPlugin'
2025-04-25 23:21:01 DEBUG LeerPlugins:75 - 	Creada opción de menú 'Módulos/Demografía/Años potenciales de vida perdidos/APVP y tasa bruta/Una causa y varias poblaciones' con accion 'demografia.interfaz.APVPYTasaBrutaUnaCausaAccionPlugin'
2025-04-25 23:21:01 DEBUG LeerPlugins:75 - 	Creada opción de menú 'Módulos/Demografía/Años potenciales de vida perdidos/APVP y tasa bruta/Varias causas y una población' con accion 'demografia.interfaz.APVPYTasaBrutaVariasCausasAccionPlugin'
2025-04-25 23:21:01 DEBUG LeerPlugins:75 - 	Creada opción de menú 'Módulos/Demografía/Años potenciales de vida perdidos/Tasa de APVP ajustada' con accion 'demografia.interfaz.TasaAPVPAjustadaAccionPlugin'
2025-04-25 23:21:01 DEBUG LeerPlugins:75 - 	Creada opción de menú 'Módulos/Demografía/Descomposición del cambio en la EV' con accion 'demografia.interfaz.DescomposicionCambioEVAccionPlugin'
2025-04-25 23:21:01 DEBUG LeerPlugins:75 - 	Creada opción de menú 'Módulos/Demografía/Años de esperanza de vida perdidos/Un período' con accion 'demografia.interfaz.AnosVidaPerdidosUnPeriodoAccionPlugin'
2025-04-25 23:21:01 DEBUG LeerPlugins:75 - 	Creada opción de menú 'Módulos/Demografía/Años de esperanza de vida perdidos/Comparación de dos períodos' con accion 'demografia.interfaz.AnosVidaPerdidosComparacionPeriodosAccionPlugin'
2025-04-25 23:21:02 DEBUG LeerPlugins:71 - DialogoAcercade.xml: Plugin 'Dialogo Acerca de ... - 1.0 (indice 5)'
2025-04-25 23:21:02 DEBUG LeerPlugins:75 - 	Creada opción de menú 'Ayuda/Acerca de' con accion 'dialogoacercade.interfaz.DialogoAcercaDeAccionPlugin'
2025-04-25 23:21:02 DEBUG LeerPlugins:71 - EstimacionMortalidad.xml: Plugin 'modulo - 1.0 (indice 10)'
2025-04-25 23:21:02 DEBUG LeerPlugins:75 - 	Creada opción de menú 'Módulos/Estimacion de la mortalidad atribuida/Al consumo de tabaco/Método dependiente de prevalencia/Riesgos del estudio CPSII' con accion 'estimacionMortalidad.interfaz.RiesgosCPSIIDependienteAccionPlugin'
2025-04-25 23:21:02 DEBUG LeerPlugins:75 - 	Creada opción de menú 'Módulos/Estimacion de la mortalidad atribuida/Al consumo de tabaco/Método dependiente de prevalencia/Riesgos de un estudio de cohortes' con accion 'estimacionMortalidad.interfaz.RiesgosCohortesDependienteAccionPlugin'
2025-04-25 23:21:02 DEBUG LeerPlugins:75 - 	Creada opción de menú 'Módulos/Estimacion de la mortalidad atribuida/Al consumo de tabaco/Método dependiente de prevalencia/Riesgos de un estudio de casos y controles' con accion 'estimacionMortalidad.interfaz.RiesgosCasosyControlesAccionPlugin'
2025-04-25 23:21:02 DEBUG LeerPlugins:75 - 	Creada opción de menú 'Módulos/Estimacion de la mortalidad atribuida/Al consumo de tabaco/Método independiente de prevalencia/Riesgos del estudio CPSII' con accion 'estimacionMortalidad.interfaz.RiesgosCPSIIIndependienteAccionPlugin'
2025-04-25 23:21:02 DEBUG LeerPlugins:75 - 	Creada opción de menú 'Módulos/Estimacion de la mortalidad atribuida/Al consumo de tabaco/Método independiente de prevalencia/Riesgos de un estudio de cohortes' con accion 'estimacionMortalidad.interfaz.RiesgosCohortesIndependienteAccionPlugin'
2025-04-25 23:21:02 DEBUG LeerPlugins:75 - 	Creada opción de menú 'Módulos/Estimacion de la mortalidad atribuida/A otro factor de riesgo/Riesgos de un estudio de cohortes' con accion 'estimacionMortalidad.interfaz.RiesgosCohortesDependiente2AccionPlugin'
2025-04-25 23:21:02 DEBUG LeerPlugins:75 - 	Creada opción de menú 'Módulos/Estimacion de la mortalidad atribuida/A otro factor de riesgo/Riesgos de un estudio de casos y controles' con accion 'estimacionMortalidad.interfaz.RiesgosCasosyControles2AccionPlugin'
2025-04-25 23:21:02 DEBUG LeerPlugins:71 - Herramientas.xml: Plugin 'Herramientas - 1.0 (indice 5)'
2025-04-25 23:21:02 DEBUG LeerPlugins:75 - 	Creada opción de menú 'Herramientas/Opciones' con accion 'herramientas.interfaz.OpcionesGraficasAccionPlugin'
2025-04-25 23:21:02 DEBUG LeerPlugins:71 - InferenciaSobreParametros.xml: Plugin 'inferenciasobreparametros - 1.0 (indice 5)'
2025-04-25 23:21:02 DEBUG LeerPlugins:75 - 	Creada opción de menú 'Módulos/Inferencia sobre parámetros/Una población/Media' con accion 'inferenciasobreparametros.interfaz.IPUnaPoblacionMediaAccionPlugin'
2025-04-25 23:21:02 DEBUG LeerPlugins:75 - 	Creada opción de menú 'Módulos/Inferencia sobre parámetros/Una población/Proporción' con accion 'inferenciasobreparametros.interfaz.IPUnaPoblacionProporcionAccionPlugin'
2025-04-25 23:21:02 DEBUG LeerPlugins:75 - 	Creada opción de menú 'Módulos/Inferencia sobre parámetros/Una población/Percentiles' con accion 'inferenciasobreparametros.interfaz.IPUnaPoblacionPercentilesAccionPlugin'
2025-04-25 23:21:02 DEBUG LeerPlugins:75 - 	Creada opción de menú 'Módulos/Inferencia sobre parámetros/Una población/Correlación' con accion 'inferenciasobreparametros.interfaz.IPUnaPoblacionCorrelacionAccionPlugin'
2025-04-25 23:21:02 DEBUG LeerPlugins:75 - 	Creada opción de menú 'Módulos/Inferencia sobre parámetros/Una población/Tasa de incidencia' con accion 'inferenciasobreparametros.interfaz.IPUnaPoblacionTasaIncidenciaAccionPlugin'
2025-04-25 23:21:02 DEBUG LeerPlugins:75 - 	Creada opción de menú 'Módulos/Inferencia sobre parámetros/Una población/Índice de posición' con accion 'inferenciasobreparametros.interfaz.IPUnaPoblacionIndicePosicionAccionPlugin'
2025-04-25 23:21:02 DEBUG LeerPlugins:75 - 	Creada opción de menú 'Módulos/Inferencia sobre parámetros/Dos poblaciones/Medias independientes' con accion 'inferenciasobreparametros.interfaz.IPDosPoblacionesMediasIndependientesAccionPlugin'
2025-04-25 23:21:02 DEBUG LeerPlugins:75 - 	Creada opción de menú 'Módulos/Inferencia sobre parámetros/Dos poblaciones/Medias emparejadas' con accion 'inferenciasobreparametros.interfaz.IPDosPoblacionesMediasEmparejadasAccionPlugin'
2025-04-25 23:21:02 DEBUG LeerPlugins:75 - 	Creada opción de menú 'Módulos/Inferencia sobre parámetros/Dos poblaciones/Proporciones independientes' con accion 'inferenciasobreparametros.interfaz.IPDosPoblacionesProporcionesIndependientesAccionPlugin'
2025-04-25 23:21:02 DEBUG LeerPlugins:75 - 	Creada opción de menú 'Módulos/Inferencia sobre parámetros/Dos poblaciones/Proporciones emparejadas' con accion 'inferenciasobreparametros.interfaz.IPDosPoblacionesProporcionesEmparejadasAccionPlugin'
2025-04-25 23:21:02 DEBUG LeerPlugins:75 - 	Creada opción de menú 'Módulos/Inferencia sobre parámetros/Dos poblaciones/Tasas de incidencia' con accion 'inferenciasobreparametros.interfaz.IPDosPoblacionesTasasIncidenciasAccionPlugin'
2025-04-25 23:21:02 DEBUG LeerPlugins:75 - 	Creada opción de menú 'Módulos/Inferencia sobre parámetros/Comparación no paramétrica/Medias independientes' con accion 'inferenciasobreparametros.interfaz.IPNoParametricaMediasIndependientesAccionPlugin'
2025-04-25 23:21:02 DEBUG LeerPlugins:75 - 	Creada opción de menú 'Módulos/Inferencia sobre parámetros/Comparación no paramétrica/Medias emparejadas' con accion 'inferenciasobreparametros.interfaz.IPNoParametricaMediasEmparejadasAccionPlugin'
2025-04-25 23:21:02 DEBUG LeerPlugins:75 - 	Creada opción de menú 'Módulos/Inferencia sobre parámetros/Contraste de normalidad' con accion 'inferenciasobreparametros.interfaz.IPContrasteNormalidadAccionPlugin'
2025-04-25 23:21:02 DEBUG LeerPlugins:71 - Internacionalizacion.xml: Plugin 'Herramientas - 1.0 (indice 5)'
2025-04-25 23:21:02 DEBUG LeerPlugins:75 - 	Creada opción de menú 'Herramientas/Idioma' con accion 'com.epidat.internacionalizacion.interfaz.CambiarIdiomaMenuItem'
2025-04-25 23:21:02 DEBUG LeerPlugins:71 - MedicionEnDesigualdadesEnSalud.xml: Plugin 'Medición de Desigualdades - 2.0 (indice 18)'
2025-04-25 23:21:02 DEBUG LeerPlugins:75 - 	Creada opción de menú 'Módulos/Medición de desigualdades en salud/Índices para categorías ordenadas/Índices basados en comparaciones dos a dos' con accion 'medicionDesigualdadesSalud.interfaz.Comparacion2a2VarOrdenadasAccionPlugin'
2025-04-25 23:21:02 DEBUG LeerPlugins:75 - 	Creada opción de menú 'Módulos/Medición de desigualdades en salud/Índices para categorías ordenadas/Índices basados en el modelo de regresión' con accion 'medicionDesigualdadesSalud.interfaz.IndicesDesigualdadAccionPlugin'
2025-04-25 23:21:02 DEBUG LeerPlugins:75 - 	Creada opción de menú 'Módulos/Medición de desigualdades en salud/Índices para categorías ordenadas/Índice de Gini e índice de concentración/Índice de Gini y curva de Lorenz' con accion 'medicionDesigualdadesSalud.interfaz.IndiceGiniCurvaLorenzAccionPlugin'
2025-04-25 23:21:02 DEBUG LeerPlugins:75 - 	Creada opción de menú 'Módulos/Medición de desigualdades en salud/Índices para categorías ordenadas/Índice de Gini e índice de concentración/Índice y curva de concentración' con accion 'medicionDesigualdadesSalud.interfaz.IndiceCurvaConcentracionAccionPlugin'
2025-04-25 23:21:02 DEBUG LeerPlugins:75 - 	Creada opción de menú 'Módulos/Medición de desigualdades en salud/Índices para categorías no ordenadas/Índices basados en comparaciones dos a dos' con accion 'medicionDesigualdadesSalud.interfaz.Comparacion2a2VarDesordenadasAccionPlugin'
2025-04-25 23:21:02 DEBUG LeerPlugins:75 - 	Creada opción de menú 'Módulos/Medición de desigualdades en salud/Índices para categorías no ordenadas/Índices de dispersión' con accion 'medicionDesigualdadesSalud.interfaz.IndicesDeDispersionAccionPlugin'
2025-04-25 23:21:02 DEBUG LeerPlugins:75 - 	Creada opción de menú 'Módulos/Medición de desigualdades en salud/Índices para categorías no ordenadas/Índices basados en la comparación de distribuciones de probabilidad' con accion 'medicionDesigualdadesSalud.interfaz.IndicesBasadosComparacionDistProbabilidadAccionPlugin'
2025-04-25 23:21:02 DEBUG LeerPlugins:75 - 	Creada opción de menú 'Módulos/Medición de desigualdades en salud/Índice de efecto' con accion 'medicionDesigualdadesSalud.interfaz.IndiceEfectoAccionPlugin'
2025-04-25 23:21:02 DEBUG LeerPlugins:71 - ModulosFaltantes.xml: Plugin 'modulosFaltantes - 1.0 (indice 1)'
2025-04-25 23:21:02 DEBUG LeerPlugins:75 - 	Creada opción de menú 'Ayuda/Módulos aún no implementados' con accion 'modulosFaltantes.interfaz.AyudaPlugin'
2025-04-25 23:21:02 DEBUG LeerPlugins:71 - MuestreoSeleccionYEstimacion.xml: Plugin 'Muestreo 2 - 1.0 (indice 3)'
2025-04-25 23:21:02 DEBUG LeerPlugins:75 - 	Creada opción de menú 'Módulos/Muestreo/Selección de muestras/Muestreo simple aleatorio' con accion 'seleccionMuestras.interfaz.MuestreoSimpleAleatorioAccionPlugin'
2025-04-25 23:21:02 DEBUG LeerPlugins:75 - 	Creada opción de menú 'Módulos/Muestreo/Selección de muestras/Muestreo sistemático' con accion 'seleccionMuestras.interfaz.MuestreoSistematicoAccionPlugin'
2025-04-25 23:21:02 DEBUG LeerPlugins:75 - 	Creada opción de menú 'Módulos/Muestreo/Selección de muestras/Muestreo aleatorio estratificado' con accion 'seleccionMuestras.interfaz.MuestreoAleatorioEstratificadoAccionPlugin'
2025-04-25 23:21:02 DEBUG LeerPlugins:75 - 	Creada opción de menú 'Módulos/Muestreo/Selección de muestras/Muestreo por conglomerados monoetápico' con accion 'seleccionMuestras.interfaz.MuestreoConglomeradosMonoAccionPlugin'
2025-04-25 23:21:02 DEBUG LeerPlugins:75 - 	Creada opción de menú 'Módulos/Muestreo/Selección de muestras/Muestreo por conglomerados bietápico' con accion 'seleccionMuestras.interfaz.MuestreoConglomeradosBiAccionPlugin'
2025-04-25 23:21:02 DEBUG LeerPlugins:75 - 	Creada opción de menú 'Módulos/Muestreo/Selección de muestras/Muestreo por conglomerados monoetápico estratificado' con accion 'seleccionMuestras.interfaz.MuestreoConglMonoEstratAccionPlugin'
2025-04-25 23:21:02 DEBUG LeerPlugins:75 - 	Creada opción de menú 'Módulos/Muestreo/Selección de muestras/Muestreo por conglomerados bietápico estratificado' con accion 'seleccionMuestras.interfaz.MuestreoConglBiEstratAccionPlugin'
2025-04-25 23:21:02 DEBUG LeerPlugins:75 - 	Creada opción de menú 'Módulos/Muestreo/Asignación de sujetos a tratamientos' con accion 'seleccionMuestras.interfaz.AsignacionSujetosTratamientosAccionPlugin'
2025-04-25 23:21:02 DEBUG LeerPlugins:75 - 	Creada opción de menú 'Módulos/Muestreo/Estimación con muestras complejas' con accion 'emuco.interfaz.EmucoAccionPlugin'
2025-04-25 23:21:02 DEBUG LeerPlugins:71 - MuestreoTamanosDeMuestra.xml: Plugin 'Muestreo 1 - 1.0 (indice 2)'
2025-04-25 23:21:02 DEBUG LeerPlugins:75 - 	Creada opción de menú 'Módulos/Muestreo/Cálculo de tamaños de muestra/Intervalos de confianza/Media' con accion 'tamsMuestra.intervalosConfianza.interfaz.MediaAccionPlugin'
2025-04-25 23:21:02 DEBUG LeerPlugins:75 - 	Creada opción de menú 'Módulos/Muestreo/Cálculo de tamaños de muestra/Intervalos de confianza/Proporción' con accion 'tamsMuestra.intervalosConfianza.interfaz.ProporcionAccionPlugin'
2025-04-25 23:21:02 DEBUG LeerPlugins:75 - 	Creada opción de menú 'Módulos/Muestreo/Cálculo de tamaños de muestra/Intervalos de confianza/Odds ratio' con accion 'tamsMuestra.intervalosConfianza.interfaz.OddsRatioAccionPlugin'
2025-04-25 23:21:02 DEBUG LeerPlugins:75 - 	Creada opción de menú 'Módulos/Muestreo/Cálculo de tamaños de muestra/Intervalos de confianza/Riesgo relativo' con accion 'tamsMuestra.intervalosConfianza.interfaz.RiesgoRelativoAccionPlugin'
2025-04-25 23:21:02 DEBUG LeerPlugins:75 - 	Creada opción de menú 'Módulos/Muestreo/Cálculo de tamaños de muestra/Intervalos de confianza/Concordancia' con accion 'tamsMuestra.intervalosConfianza.interfaz.ConcordanciaAccionPlugin'
2025-04-25 23:21:02 DEBUG LeerPlugins:75 - 	Creada opción de menú 'Módulos/Muestreo/Cálculo de tamaños de muestra/Intervalos de confianza/Pruebas diagnósticas' con accion 'tamsMuestra.intervalosConfianza.interfaz.SensibilidadYEspecificidadAccionPlugin'
2025-04-25 23:21:02 DEBUG LeerPlugins:75 - 	Creada opción de menú 'Módulos/Muestreo/Cálculo de tamaños de muestra/Contraste de hipótesis/Comparación de medias/Grupos independientes' con accion 'tamsMuestra.contrastesHipotesis.interfaz.ComparacionMediasIndependientesAccionPlugin'
2025-04-25 23:21:02 DEBUG LeerPlugins:75 - 	Creada opción de menú 'Módulos/Muestreo/Cálculo de tamaños de muestra/Contraste de hipótesis/Comparación de medias/Grupos emparejados' con accion 'tamsMuestra.contrastesHipotesis.interfaz.ComparacionMediasEmparejadasAccionPlugin'
2025-04-25 23:21:02 DEBUG LeerPlugins:75 - 	Creada opción de menú 'Módulos/Muestreo/Cálculo de tamaños de muestra/Contraste de hipótesis/Comparación de proporciones/Grupos independientes' con accion 'tamsMuestra.contrastesHipotesis.interfaz.ComparacionProporcionesIndependientesAccionPlugin'
2025-04-25 23:21:02 DEBUG LeerPlugins:75 - 	Creada opción de menú 'Módulos/Muestreo/Cálculo de tamaños de muestra/Contraste de hipótesis/Comparación de proporciones/Grupos emparejados' con accion 'tamsMuestra.contrastesHipotesis.interfaz.ComparacionProporcionesEmparejadasAccionPlugin'
2025-04-25 23:21:02 DEBUG LeerPlugins:75 - 	Creada opción de menú 'Módulos/Muestreo/Cálculo de tamaños de muestra/Contraste de hipótesis/Estudios de casos y controles/Grupos independientes' con accion 'tamsMuestra.contrastesHipotesis.interfaz.EstudiosCasosIndependientesAccionPlugin'
2025-04-25 23:21:02 DEBUG LeerPlugins:75 - 	Creada opción de menú 'Módulos/Muestreo/Cálculo de tamaños de muestra/Contraste de hipótesis/Estudios de cohorte' con accion 'tamsMuestra.contrastesHipotesis.interfaz.EstudiosCohorteAccionPlugin'
2025-04-25 23:21:02 DEBUG LeerPlugins:75 - 	Creada opción de menú 'Módulos/Muestreo/Cálculo de tamaños de muestra/Contraste de hipótesis/Estudios de casos y controles/Grupos emparejados' con accion 'tamsMuestra.contrastesHipotesis.interfaz.EstudiosCasosEmparejadosAccionPlugin'
2025-04-25 23:21:02 DEBUG LeerPlugins:75 - 	Creada opción de menú 'Módulos/Muestreo/Cálculo de tamaños de muestra/Contraste de hipótesis/Estudios de equivalencia/Equivalencia de medias' con accion 'tamsMuestra.contrastesHipotesis.interfaz.EquivalenciaMediasAccionPlugin'
2025-04-25 23:21:02 DEBUG LeerPlugins:75 - 	Creada opción de menú 'Módulos/Muestreo/Cálculo de tamaños de muestra/Contraste de hipótesis/Estudios de equivalencia/Equivalencia de proporciones' con accion 'tamsMuestra.contrastesHipotesis.interfaz.EquivalenciaProporcionesAccionPlugin'
2025-04-25 23:21:02 DEBUG LeerPlugins:75 - 	Creada opción de menú 'Módulos/Muestreo/Cálculo de tamaños de muestra/Contraste de hipótesis/Pruebas diagnósticas/Grupos independientes' con accion 'tamsMuestra.contrastesHipotesis.interfaz.PruebasDxGIAccionPlugin'
2025-04-25 23:21:02 DEBUG LeerPlugins:75 - 	Creada opción de menú 'Módulos/Muestreo/Cálculo de tamaños de muestra/Contraste de hipótesis/Pruebas diagnósticas/Grupos emparejados' con accion 'tamsMuestra.contrastesHipotesis.interfaz.PruebasDxGEAccionPlugin'
2025-04-25 23:21:02 DEBUG LeerPlugins:75 - 	Creada opción de menú 'Módulos/Muestreo/Cálculo de tamaños de muestra/Contraste de hipótesis/Calidad de lotes' con accion 'tamsMuestra.contrastesHipotesis.interfaz.CalidadLotesAccionPlugin'
2025-04-25 23:21:02 DEBUG LeerPlugins:75 - 	Creada opción de menú 'Módulos/Muestreo/Cálculo de tamaños de muestra/Contraste de hipótesis/Supervivencia' con accion 'tamsMuestra.contrastesHipotesis.interfaz.SupervivenciaAccionPlugin'
2025-04-25 23:21:02 DEBUG LeerPlugins:75 - 	Creada opción de menú 'Módulos/Muestreo/Cálculo de tamaños de muestra/Contraste de hipótesis/Coeficiente de correlación' con accion 'tamsMuestra.contrastesHipotesis.interfaz.CorrelacionAccionPlugin'
2025-04-25 23:21:02 DEBUG LeerPlugins:71 - Privaciones.xml: Plugin 'privaciones - 1.0 (indice 16)'
2025-04-25 23:21:02 DEBUG LeerPlugins:75 - 	Creada opción de menú 'Módulos/Índices de desarrollo o privación/Índice de desarrollo humano (IDH)' con accion 'privaciones.interfaz.Privations_Pluggin_AE_IDH'
2025-04-25 23:21:02 DEBUG LeerPlugins:75 - 	Creada opción de menú 'Módulos/Índices de desarrollo o privación/Índice de desarrollo humano corregido para desigualdad de género (IDHG)' con accion 'privaciones.interfaz.Privations_Pluggin_AE_IDHG'
2025-04-25 23:21:02 DEBUG LeerPlugins:75 - 	Creada opción de menú 'Módulos/Índices de desarrollo o privación/Índice de Pobreza 1 (IP1)' con accion 'privaciones.interfaz.Privations_Pluggin_AE_IP1'
2025-04-25 23:21:02 DEBUG LeerPlugins:75 - 	Creada opción de menú 'Módulos/Índices de desarrollo o privación/Índice de Pobreza 2 (IP2)' con accion 'privaciones.interfaz.Privations_Pluggin_AE_IP2'
2025-04-25 23:21:02 DEBUG LeerPlugins:75 - 	Creada opción de menú 'Módulos/Índices de desarrollo o privación/Índice de pobreza multidimensional (IPM)' con accion 'privaciones.interfaz.Privations_Pluggin_AE_IPM'
2025-04-25 23:21:02 DEBUG LeerPlugins:75 - 	Creada opción de menú 'Módulos/Índices de desarrollo o privación/Índice de desarrollo de la niñez (IDN)' con accion 'privaciones.interfaz.Privations_Pluggin_AE_IDN'
2025-04-25 23:21:02 DEBUG LeerPlugins:75 - 	Creada opción de menú 'Módulos/Índices de desarrollo o privación/Índice de oportunidades en la niñez (ION)' con accion 'privaciones.interfaz.Privations_Pluggin_AE_ION'
2025-04-25 23:21:02 DEBUG LeerPlugins:71 - Probabilidades.xml: Plugin 'Distribuciones de probabilidad - 2.0 (indice 13)'
2025-04-25 23:21:02 DEBUG LeerPlugins:75 - 	Creada opción de menú 'Módulos/Distribuciones de probabilidad/Cálculo de probabilidades/Distribuciones discretas' con accion 'probabilidades.interfaz.ProbabilidadCalcDiscretasAccionPlugin'
2025-04-25 23:21:02 DEBUG LeerPlugins:75 - 	Creada opción de menú 'Módulos/Distribuciones de probabilidad/Cálculo de probabilidades/Distribuciones continuas' con accion 'probabilidades.interfaz.ProbabilidadCalcContinuasAccionPlugin'
2025-04-25 23:21:02 DEBUG LeerPlugins:75 - 	Creada opción de menú 'Módulos/Distribuciones de probabilidad/Generación de distribuciones/Distribuciones discretas' con accion 'probabilidades.interfaz.ProbabilidadGenDiscretasAccionPlugin'
2025-04-25 23:21:02 DEBUG LeerPlugins:75 - 	Creada opción de menú 'Módulos/Distribuciones de probabilidad/Generación de distribuciones/Distribuciones continuas' con accion 'probabilidades.interfaz.ProbabilidadGenContinuasAccionPlugin'
2025-04-25 23:21:02 DEBUG LeerPlugins:71 - RegresionLogistica.xml: Plugin 'regresion - 1.0 (indice 11)'
2025-04-25 23:21:02 DEBUG LeerPlugins:75 - 	Creada opción de menú 'Módulos/Regresión logística/Regresión logística' con accion 'regresion.interfaz.Regression_Pluggin_AE'
2025-04-25 23:21:03 WARN  StandardResourceBundle:33 - El bundle creado por 'EntornoEpidatBundle' no ha encontrado la clave 'EpidatForm.nomArchivoOculto.AccessibleContext.accessibleName' o es vacía.
2025-04-25 23:21:03 WARN  StandardResourceBundle:33 - El bundle creado por 'EntornoEpidatBundle' no ha encontrado la clave 'EpidatForm.nomArchivoOculto.AccessibleContext.accessibleDescription' o es vacía.
2025-04-25 23:21:04 WARN  StandardResourceBundle:33 - El bundle creado por 'EntornoEpidatBundle' no ha encontrado la clave 'EpidatForm.text' o es vacía.
2025-04-25 23:21:04 WARN  StandardResourceBundle:33 - El bundle creado por 'EntornoEpidatBundle' no ha encontrado la clave 'EpidatForm.text' o es vacía.
2025-04-25 23:21:04 WARN  StandardResourceBundle:33 - El bundle creado por 'EntornoEpidatBundle' no ha encontrado la clave 'EpidatForm.text' o es vacía.
2025-04-25 23:21:04 WARN  StandardResourceBundle:33 - El bundle creado por 'EntornoEpidatBundle' no ha encontrado la clave 'EpidatForm.botonColor.text' o es vacía.
2025-04-25 23:21:04 WARN  StandardResourceBundle:33 - El bundle creado por 'EntornoEpidatBundle' no ha encontrado la clave 'EpidatForm.botonAlineaI.text' o es vacía.
2025-04-25 23:21:04 WARN  StandardResourceBundle:33 - El bundle creado por 'EntornoEpidatBundle' no ha encontrado la clave 'EpidatForm.botonAlineaC.text' o es vacía.
2025-04-25 23:21:04 WARN  StandardResourceBundle:33 - El bundle creado por 'EntornoEpidatBundle' no ha encontrado la clave 'EpidatForm.botonAlineaD.text' o es vacía.
2025-04-25 23:21:04 WARN  StandardResourceBundle:33 - El bundle creado por 'EntornoEpidatBundle' no ha encontrado la clave 'EpidatForm.botonAlineaJ.text' o es vacía.
2025-04-25 23:21:04 WARN  StandardResourceBundle:33 - El bundle creado por 'EntornoEpidatBundle' no ha encontrado la clave 'EpidatForm.nomArchivoPresentado.text' o es vacía.
2025-04-25 23:21:04 WARN  StandardResourceBundle:33 - El bundle creado por 'EntornoEpidatBundle' no ha encontrado la clave 'EpidatForm.labelProgreso.text' o es vacía.
2025-04-25 23:21:04 DEBUG PluginEstandar:42 - Aplicando cambios de plugin 'Plugin'...
2025-04-25 23:21:04 DEBUG CambioUIMenu:104 - Insertando item de menú 'Análisis descriptivo' en posicion 0
2025-04-25 23:21:04 DEBUG CambioUIMenu:113 - Insertando item de menú 'Tablas de frecuencias' en posicion 0
2025-04-25 23:21:04 DEBUG CambioUIMenu:113 - Insertando item de menú 'Tablas de contingencia' en posicion 1
2025-04-25 23:21:04 DEBUG CambioUIMenu:113 - Insertando item de menú 'Estadísticos descriptivos' en posicion 2
2025-04-25 23:21:04 DEBUG CambioUIMenu:113 - Insertando item de menú 'Correlación' en posicion 3
2025-04-25 23:21:04 DEBUG CambioUIMenu:104 - Insertando item de menú 'Gráficos' en posicion 4
2025-04-25 23:21:04 DEBUG CambioUIMenu:113 - Insertando item de menú 'Barras' en posicion 0
2025-04-25 23:21:04 DEBUG CambioUIMenu:113 - Insertando item de menú 'Sectores' en posicion 1
2025-04-25 23:21:04 DEBUG CambioUIMenu:113 - Insertando item de menú 'Líneas' en posicion 2
2025-04-25 23:21:04 DEBUG CambioUIMenu:113 - Insertando item de menú 'Dispersión' en posicion 3
2025-04-25 23:21:04 DEBUG CambioUIMenu:113 - Insertando item de menú 'Histograma' en posicion 4
2025-04-25 23:21:04 DEBUG CambioUIMenu:113 - Insertando item de menú 'Diagrama de cajas' en posicion 5
2025-04-25 23:21:04 DEBUG CambioUIMenu:113 - Insertando item de menú 'Intervalos de confianza' en posicion 6
2025-04-25 23:21:04 DEBUG PluginEstandar:42 - Aplicando cambios de plugin 'modulosFaltantes'...
2025-04-25 23:21:04 DEBUG CambioUIMenu:113 - Insertando item de menú 'Módulos aún no implementados' en posicion 2
2025-04-25 23:21:04 DEBUG PluginEstandar:42 - Aplicando cambios de plugin 'Muestreo 1'...
2025-04-25 23:21:04 DEBUG CambioUIMenu:104 - Insertando item de menú 'Muestreo' en posicion 1
2025-04-25 23:21:04 DEBUG CambioUIMenu:104 - Insertando item de menú 'Cálculo de tamaños de muestra' en posicion 0
2025-04-25 23:21:04 DEBUG CambioUIMenu:104 - Insertando item de menú 'Intervalos de confianza' en posicion 0
2025-04-25 23:21:04 DEBUG CambioUIMenu:113 - Insertando item de menú 'Media' en posicion 0
2025-04-25 23:21:04 DEBUG CambioUIMenu:113 - Insertando item de menú 'Proporción' en posicion 1
2025-04-25 23:21:04 DEBUG CambioUIMenu:113 - Insertando item de menú 'Odds ratio' en posicion 2
2025-04-25 23:21:04 DEBUG CambioUIMenu:113 - Insertando item de menú 'Riesgo relativo' en posicion 3
2025-04-25 23:21:04 DEBUG CambioUIMenu:113 - Insertando item de menú 'Concordancia' en posicion 4
2025-04-25 23:21:04 DEBUG CambioUIMenu:113 - Insertando item de menú 'Pruebas diagnósticas' en posicion 5
2025-04-25 23:21:04 DEBUG CambioUIMenu:104 - Insertando item de menú 'Contraste de hipótesis' en posicion 1
2025-04-25 23:21:04 DEBUG CambioUIMenu:104 - Insertando item de menú 'Comparación de medias' en posicion 0
2025-04-25 23:21:04 DEBUG CambioUIMenu:113 - Insertando item de menú 'Grupos independientes' en posicion 0
2025-04-25 23:21:04 DEBUG CambioUIMenu:113 - Insertando item de menú 'Grupos emparejados' en posicion 1
2025-04-25 23:21:04 DEBUG CambioUIMenu:104 - Insertando item de menú 'Comparación de proporciones' en posicion 1
2025-04-25 23:21:04 DEBUG CambioUIMenu:113 - Insertando item de menú 'Grupos independientes' en posicion 0
2025-04-25 23:21:04 DEBUG CambioUIMenu:113 - Insertando item de menú 'Grupos emparejados' en posicion 1
2025-04-25 23:21:04 DEBUG CambioUIMenu:104 - Insertando item de menú 'Estudios de casos y controles' en posicion 2
2025-04-25 23:21:04 DEBUG CambioUIMenu:113 - Insertando item de menú 'Grupos independientes' en posicion 0
2025-04-25 23:21:04 DEBUG CambioUIMenu:113 - Insertando item de menú 'Estudios de cohorte' en posicion 3
2025-04-25 23:21:04 DEBUG CambioUIMenu:113 - Insertando item de menú 'Grupos emparejados' en posicion 1
2025-04-25 23:21:04 DEBUG CambioUIMenu:104 - Insertando item de menú 'Estudios de equivalencia' en posicion 4
2025-04-25 23:21:04 DEBUG CambioUIMenu:113 - Insertando item de menú 'Equivalencia de medias' en posicion 0
2025-04-25 23:21:04 DEBUG CambioUIMenu:113 - Insertando item de menú 'Equivalencia de proporciones' en posicion 1
2025-04-25 23:21:04 DEBUG CambioUIMenu:104 - Insertando item de menú 'Pruebas diagnósticas' en posicion 5
2025-04-25 23:21:04 DEBUG CambioUIMenu:113 - Insertando item de menú 'Grupos independientes' en posicion 0
2025-04-25 23:21:04 DEBUG CambioUIMenu:113 - Insertando item de menú 'Grupos emparejados' en posicion 1
2025-04-25 23:21:04 DEBUG CambioUIMenu:113 - Insertando item de menú 'Calidad de lotes' en posicion 6
2025-04-25 23:21:04 DEBUG CambioUIMenu:113 - Insertando item de menú 'Supervivencia' en posicion 7
2025-04-25 23:21:04 DEBUG CambioUIMenu:113 - Insertando item de menú 'Coeficiente de correlación' en posicion 8
2025-04-25 23:21:04 DEBUG PluginEstandar:42 - Aplicando cambios de plugin 'Muestreo 2'...
2025-04-25 23:21:04 DEBUG CambioUIMenu:104 - Insertando item de menú 'Selección de muestras' en posicion 1
2025-04-25 23:21:04 DEBUG CambioUIMenu:113 - Insertando item de menú 'Muestreo simple aleatorio' en posicion 0
2025-04-25 23:21:04 DEBUG CambioUIMenu:113 - Insertando item de menú 'Muestreo sistemático' en posicion 1
2025-04-25 23:21:04 DEBUG CambioUIMenu:113 - Insertando item de menú 'Muestreo aleatorio estratificado' en posicion 2
2025-04-25 23:21:04 DEBUG CambioUIMenu:113 - Insertando item de menú 'Muestreo por conglomerados monoetápico' en posicion 3
2025-04-25 23:21:04 DEBUG CambioUIMenu:113 - Insertando item de menú 'Muestreo por conglomerados bietápico' en posicion 4
2025-04-25 23:21:04 DEBUG CambioUIMenu:113 - Insertando item de menú 'Muestreo por conglomerados monoetápico estratificado' en posicion 5
2025-04-25 23:21:04 DEBUG CambioUIMenu:113 - Insertando item de menú 'Muestreo por conglomerados bietápico estratificado' en posicion 6
2025-04-25 23:21:04 DEBUG CambioUIMenu:113 - Insertando item de menú 'Asignación de sujetos a tratamientos' en posicion 2
2025-04-25 23:21:04 DEBUG CambioUIMenu:113 - Insertando item de menú 'Estimación con muestras complejas' en posicion 3
2025-04-25 23:21:04 DEBUG PluginEstandar:42 - Aplicando cambios de plugin 'Dialogo Acerca de ...'...
2025-04-25 23:21:04 DEBUG CambioUIMenu:113 - Insertando item de menú 'Acerca de' en posicion 3
2025-04-25 23:21:04 DEBUG PluginEstandar:42 - Aplicando cambios de plugin 'Herramientas'...
2025-04-25 23:21:04 DEBUG CambioUIMenu:113 - Insertando item de menú 'Opciones' en posicion 0
2025-04-25 23:21:04 DEBUG PluginEstandar:42 - Aplicando cambios de plugin 'inferenciasobreparametros'...
2025-04-25 23:21:04 DEBUG CambioUIMenu:104 - Insertando item de menú 'Inferencia sobre parámetros' en posicion 2
2025-04-25 23:21:04 DEBUG CambioUIMenu:104 - Insertando item de menú 'Una población' en posicion 0
2025-04-25 23:21:04 DEBUG CambioUIMenu:113 - Insertando item de menú 'Media' en posicion 0
2025-04-25 23:21:04 DEBUG CambioUIMenu:113 - Insertando item de menú 'Proporción' en posicion 1
2025-04-25 23:21:04 DEBUG CambioUIMenu:113 - Insertando item de menú 'Percentiles' en posicion 2
2025-04-25 23:21:04 DEBUG CambioUIMenu:113 - Insertando item de menú 'Correlación' en posicion 3
2025-04-25 23:21:04 DEBUG CambioUIMenu:113 - Insertando item de menú 'Tasa de incidencia' en posicion 4
2025-04-25 23:21:04 DEBUG CambioUIMenu:113 - Insertando item de menú 'Índice de posición' en posicion 5
2025-04-25 23:21:04 DEBUG CambioUIMenu:104 - Insertando item de menú 'Dos poblaciones' en posicion 1
2025-04-25 23:21:04 DEBUG CambioUIMenu:113 - Insertando item de menú 'Medias independientes' en posicion 0
2025-04-25 23:21:04 DEBUG CambioUIMenu:113 - Insertando item de menú 'Medias emparejadas' en posicion 1
2025-04-25 23:21:04 DEBUG CambioUIMenu:113 - Insertando item de menú 'Proporciones independientes' en posicion 2
2025-04-25 23:21:04 DEBUG CambioUIMenu:113 - Insertando item de menú 'Proporciones emparejadas' en posicion 3
2025-04-25 23:21:04 DEBUG CambioUIMenu:113 - Insertando item de menú 'Tasas de incidencia' en posicion 4
2025-04-25 23:21:04 DEBUG CambioUIMenu:104 - Insertando item de menú 'Comparación no paramétrica' en posicion 2
2025-04-25 23:21:04 DEBUG CambioUIMenu:113 - Insertando item de menú 'Medias independientes' en posicion 0
2025-04-25 23:21:04 DEBUG CambioUIMenu:113 - Insertando item de menú 'Medias emparejadas' en posicion 1
2025-04-25 23:21:04 DEBUG CambioUIMenu:113 - Insertando item de menú 'Contraste de normalidad' en posicion 3
2025-04-25 23:21:04 DEBUG PluginEstandar:42 - Aplicando cambios de plugin 'Herramientas'...
2025-04-25 23:21:04 DEBUG CambioUIMenu:113 - Insertando item de menú 'Idioma' en posicion 1
2025-04-25 23:21:04 DEBUG PluginEstandar:42 - Aplicando cambios de plugin 'ConcordanciaYConsistencia'...
2025-04-25 23:21:04 DEBUG CambioUIMenu:104 - Insertando item de menú 'Concordancia y consistencia' en posicion 3
2025-04-25 23:21:04 DEBUG CambioUIMenu:104 - Insertando item de menú 'Concordancia' en posicion 0
2025-04-25 23:21:04 DEBUG CambioUIMenu:113 - Insertando item de menú '2 Observadores' en posicion 0
2025-04-25 23:21:04 DEBUG CambioUIMenu:104 - Insertando item de menú '3 o más observadores' en posicion 1
2025-04-25 23:21:04 DEBUG CambioUIMenu:113 - Insertando item de menú '2 categorías' en posicion 0
2025-04-25 23:21:04 DEBUG CambioUIMenu:113 - Insertando item de menú '3 ó más categorías' en posicion 1
2025-04-25 23:21:04 DEBUG CambioUIMenu:113 - Insertando item de menú 'Comparación de kappas' en posicion 2
2025-04-25 23:21:04 DEBUG CambioUIMenu:113 - Insertando item de menú 'Coeficiente de correlación intraclase' en posicion 3
2025-04-25 23:21:04 DEBUG CambioUIMenu:113 - Insertando item de menú 'Método de Bland y Altman' en posicion 4
2025-04-25 23:21:04 DEBUG CambioUIMenu:104 - Insertando item de menú 'Consistencia' en posicion 1
2025-04-25 23:21:04 DEBUG CambioUIMenu:113 - Insertando item de menú 'Alpha de Cronbach' en posicion 0
2025-04-25 23:21:04 DEBUG PluginEstandar:42 - Aplicando cambios de plugin 'ajusteDeTasas'...
2025-04-25 23:21:04 DEBUG CambioUIMenu:104 - Insertando item de menú 'Ajuste de tasas' en posicion 4
2025-04-25 23:21:04 DEBUG CambioUIMenu:113 - Insertando item de menú 'Método directo' en posicion 0
2025-04-25 23:21:04 DEBUG CambioUIMenu:113 - Insertando item de menú 'Método indirecto' en posicion 1
2025-04-25 23:21:04 DEBUG PluginEstandar:42 - Aplicando cambios de plugin 'Demografía'...
2025-04-25 23:21:04 DEBUG CambioUIMenu:104 - Insertando item de menú 'Demografía' en posicion 5
2025-04-25 23:21:04 DEBUG CambioUIMenu:104 - Insertando item de menú 'Pirámides e indicadores' en posicion 0
2025-04-25 23:21:04 DEBUG CambioUIMenu:113 - Insertando item de menú 'Pirámides de población' en posicion 0
2025-04-25 23:21:04 DEBUG CambioUIMenu:113 - Insertando item de menú 'Indicadores de estructura' en posicion 1
2025-04-25 23:21:04 DEBUG CambioUIMenu:113 - Insertando item de menú 'Indicadores de fecundidad' en posicion 2
2025-04-25 23:21:04 DEBUG CambioUIMenu:113 - Insertando item de menú 'Tablas de mortalidad' en posicion 1
2025-04-25 23:21:04 DEBUG CambioUIMenu:113 - Insertando item de menú 'Expectativas de salud' en posicion 2
2025-04-25 23:21:04 DEBUG CambioUIMenu:104 - Insertando item de menú 'Años potenciales de vida perdidos' en posicion 3
2025-04-25 23:21:04 DEBUG CambioUIMenu:104 - Insertando item de menú 'APVP y tasa bruta' en posicion 0
2025-04-25 23:21:04 DEBUG CambioUIMenu:113 - Insertando item de menú 'Una causa y varias poblaciones' en posicion 0
2025-04-25 23:21:04 DEBUG CambioUIMenu:113 - Insertando item de menú 'Varias causas y una población' en posicion 1
2025-04-25 23:21:04 DEBUG CambioUIMenu:113 - Insertando item de menú 'Tasa de APVP ajustada' en posicion 1
2025-04-25 23:21:04 DEBUG CambioUIMenu:113 - Insertando item de menú 'Descomposición del cambio en la EV' en posicion 4
2025-04-25 23:21:04 DEBUG CambioUIMenu:104 - Insertando item de menú 'Años de esperanza de vida perdidos' en posicion 5
2025-04-25 23:21:04 DEBUG CambioUIMenu:113 - Insertando item de menú 'Un período' en posicion 0
2025-04-25 23:21:04 DEBUG CambioUIMenu:113 - Insertando item de menú 'Comparación de dos períodos' en posicion 1
2025-04-25 23:21:04 DEBUG PluginEstandar:42 - Aplicando cambios de plugin 'modulo'...
2025-04-25 23:21:04 DEBUG CambioUIMenu:104 - Insertando item de menú 'Estimacion de la mortalidad atribuida' en posicion 6
2025-04-25 23:21:04 DEBUG CambioUIMenu:104 - Insertando item de menú 'Al consumo de tabaco' en posicion 0
2025-04-25 23:21:04 DEBUG CambioUIMenu:104 - Insertando item de menú 'Método dependiente de prevalencia' en posicion 0
2025-04-25 23:21:04 DEBUG CambioUIMenu:113 - Insertando item de menú 'Riesgos del estudio CPSII' en posicion 0
2025-04-25 23:21:04 DEBUG CambioUIMenu:113 - Insertando item de menú 'Riesgos de un estudio de cohortes' en posicion 1
2025-04-25 23:21:04 DEBUG CambioUIMenu:113 - Insertando item de menú 'Riesgos de un estudio de casos y controles' en posicion 2
2025-04-25 23:21:04 DEBUG CambioUIMenu:104 - Insertando item de menú 'Método independiente de prevalencia' en posicion 1
2025-04-25 23:21:04 DEBUG CambioUIMenu:113 - Insertando item de menú 'Riesgos del estudio CPSII' en posicion 0
2025-04-25 23:21:04 DEBUG CambioUIMenu:113 - Insertando item de menú 'Riesgos de un estudio de cohortes' en posicion 1
2025-04-25 23:21:04 DEBUG CambioUIMenu:104 - Insertando item de menú 'A otro factor de riesgo' en posicion 1
2025-04-25 23:21:04 DEBUG CambioUIMenu:113 - Insertando item de menú 'Riesgos de un estudio de cohortes' en posicion 0
2025-04-25 23:21:04 DEBUG CambioUIMenu:113 - Insertando item de menú 'Riesgos de un estudio de casos y controles' en posicion 1
2025-04-25 23:21:04 DEBUG PluginEstandar:42 - Aplicando cambios de plugin 'regresion'...
2025-04-25 23:21:04 DEBUG CambioUIMenu:104 - Insertando item de menú 'Regresión logística' en posicion 7
2025-04-25 23:21:04 DEBUG CambioUIMenu:113 - Insertando item de menú 'Regresión logística' en posicion 0
2025-04-25 23:21:04 DEBUG PluginEstandar:42 - Aplicando cambios de plugin 'Distribuciones de probabilidad'...
2025-04-25 23:21:04 DEBUG CambioUIMenu:104 - Insertando item de menú 'Distribuciones de probabilidad' en posicion 8
2025-04-25 23:21:04 DEBUG CambioUIMenu:104 - Insertando item de menú 'Cálculo de probabilidades' en posicion 0
2025-04-25 23:21:04 DEBUG CambioUIMenu:113 - Insertando item de menú 'Distribuciones discretas' en posicion 0
2025-04-25 23:21:04 DEBUG CambioUIMenu:113 - Insertando item de menú 'Distribuciones continuas' en posicion 1
2025-04-25 23:21:04 DEBUG CambioUIMenu:104 - Insertando item de menú 'Generación de distribuciones' en posicion 1
2025-04-25 23:21:04 DEBUG CambioUIMenu:113 - Insertando item de menú 'Distribuciones discretas' en posicion 0
2025-04-25 23:21:04 DEBUG CambioUIMenu:113 - Insertando item de menú 'Distribuciones continuas' en posicion 1
2025-04-25 23:21:04 DEBUG PluginEstandar:42 - Aplicando cambios de plugin 'analisisBayesiano'...
2025-04-25 23:21:04 DEBUG CambioUIMenu:104 - Insertando item de menú 'Análisis bayesiano' en posicion 9
2025-04-25 23:21:04 DEBUG CambioUIMenu:113 - Insertando item de menú 'Teorema de Bayes' en posicion 0
2025-04-25 23:21:04 DEBUG CambioUIMenu:113 - Insertando item de menú 'Odds ratio' en posicion 1
2025-04-25 23:21:04 DEBUG CambioUIMenu:104 - Insertando item de menú 'Proporción' en posicion 2
2025-04-25 23:21:04 DEBUG CambioUIMenu:104 - Insertando item de menú 'Una población' en posicion 0
2025-04-25 23:21:04 DEBUG CambioUIMenu:113 - Insertando item de menú 'Estimación de una proporción' en posicion 0
2025-04-25 23:21:04 DEBUG CambioUIMenu:113 - Insertando item de menú 'Valoración de hipótesis' en posicion 1
2025-04-25 23:21:04 DEBUG CambioUIMenu:104 - Insertando item de menú 'Dos poblaciones' en posicion 1
2025-04-25 23:21:04 DEBUG CambioUIMenu:113 - Insertando item de menú 'Estimación de efectos' en posicion 0
2025-04-25 23:21:04 DEBUG CambioUIMenu:113 - Insertando item de menú 'Valoración de hipótesis' en posicion 1
2025-04-25 23:21:04 DEBUG CambioUIMenu:104 - Insertando item de menú 'Media' en posicion 3
2025-04-25 23:21:04 DEBUG CambioUIMenu:104 - Insertando item de menú 'Una población' en posicion 0
2025-04-25 23:21:04 DEBUG CambioUIMenu:113 - Insertando item de menú 'Estimación de una media' en posicion 0
2025-04-25 23:21:04 DEBUG CambioUIMenu:113 - Insertando item de menú 'Valoración de hipótesis' en posicion 1
2025-04-25 23:21:04 DEBUG CambioUIMenu:104 - Insertando item de menú 'Dos poblaciones' en posicion 1
2025-04-25 23:21:04 DEBUG CambioUIMenu:113 - Insertando item de menú 'Estimación de una diferencia' en posicion 0
2025-04-25 23:21:04 DEBUG CambioUIMenu:113 - Insertando item de menú 'Valoración de hipótesis' en posicion 1
2025-04-25 23:21:04 DEBUG CambioUIMenu:113 - Insertando item de menú 'Valoración de pruebas convencionales' en posicion 4
2025-04-25 23:21:04 DEBUG PluginEstandar:42 - Aplicando cambios de plugin 'privaciones'...
2025-04-25 23:21:04 DEBUG CambioUIMenu:104 - Insertando item de menú 'Índices de desarrollo o privación' en posicion 10
2025-04-25 23:21:04 DEBUG CambioUIMenu:113 - Insertando item de menú 'Índice de desarrollo humano (IDH)' en posicion 0
2025-04-25 23:21:04 DEBUG CambioUIMenu:113 - Insertando item de menú 'Índice de desarrollo humano corregido para desigualdad de género (IDHG)' en posicion 1
2025-04-25 23:21:04 DEBUG CambioUIMenu:113 - Insertando item de menú 'Índice de Pobreza 1 (IP1)' en posicion 2
2025-04-25 23:21:04 DEBUG CambioUIMenu:113 - Insertando item de menú 'Índice de Pobreza 2 (IP2)' en posicion 3
2025-04-25 23:21:04 DEBUG CambioUIMenu:113 - Insertando item de menú 'Índice de pobreza multidimensional (IPM)' en posicion 4
2025-04-25 23:21:04 DEBUG CambioUIMenu:113 - Insertando item de menú 'Índice de desarrollo de la niñez (IDN)' en posicion 5
2025-04-25 23:21:04 DEBUG CambioUIMenu:113 - Insertando item de menú 'Índice de oportunidades en la niñez (ION)' en posicion 6
2025-04-25 23:21:04 DEBUG PluginEstandar:42 - Aplicando cambios de plugin 'Medición de Desigualdades'...
2025-04-25 23:21:04 DEBUG CambioUIMenu:104 - Insertando item de menú 'Medición de desigualdades en salud' en posicion 11
2025-04-25 23:21:04 DEBUG CambioUIMenu:104 - Insertando item de menú 'Índices para categorías ordenadas' en posicion 0
2025-04-25 23:21:04 DEBUG CambioUIMenu:113 - Insertando item de menú 'Índices basados en comparaciones dos a dos' en posicion 0
2025-04-25 23:21:04 DEBUG CambioUIMenu:113 - Insertando item de menú 'Índices basados en el modelo de regresión' en posicion 1
2025-04-25 23:21:04 DEBUG CambioUIMenu:104 - Insertando item de menú 'Índice de Gini e índice de concentración' en posicion 2
2025-04-25 23:21:04 DEBUG CambioUIMenu:113 - Insertando item de menú 'Índice de Gini y curva de Lorenz' en posicion 0
2025-04-25 23:21:04 DEBUG CambioUIMenu:113 - Insertando item de menú 'Índice y curva de concentración' en posicion 1
2025-04-25 23:21:04 DEBUG CambioUIMenu:104 - Insertando item de menú 'Índices para categorías no ordenadas' en posicion 1
2025-04-25 23:21:04 DEBUG CambioUIMenu:113 - Insertando item de menú 'Índices basados en comparaciones dos a dos' en posicion 0
2025-04-25 23:21:04 DEBUG CambioUIMenu:113 - Insertando item de menú 'Índices de dispersión' en posicion 1
2025-04-25 23:21:04 DEBUG CambioUIMenu:113 - Insertando item de menú 'Índices basados en la comparación de distribuciones de probabilidad' en posicion 2
2025-04-25 23:21:04 DEBUG CambioUIMenu:113 - Insertando item de menú 'Índice de efecto' en posicion 2
2025-04-25 23:27:42 WARN  StandardResourceBundle:33 - El bundle creado por 'EntornoEpidatBundle' no ha encontrado la clave 'calcular' o es vacía.
2025-04-25 23:27:42 WARN  StandardResourceBundle:33 - El bundle creado por 'EntornoEpidatBundle' no ha encontrado la clave 'ocultar' o es vacía.
2025-04-25 23:27:42 WARN  StandardResourceBundle:33 - El bundle creado por 'EntornoEpidatBundle' no ha encontrado la clave 'limpiar' o es vacía.
2025-04-25 23:27:42 WARN  StandardResourceBundle:33 - El bundle creado por 'EntornoEpidatBundle' no ha encontrado la clave 'generar.grafico' o es vacía.
2025-04-25 23:27:42 WARN  StandardResourceBundle:33 - El bundle creado por 'EntornoEpidatBundle' no ha encontrado la clave 'calcular' o es vacía.
2025-04-25 23:27:42 WARN  StandardResourceBundle:33 - El bundle creado por 'EntornoEpidatBundle' no ha encontrado la clave 'ocultar' o es vacía.
2025-04-25 23:27:42 WARN  StandardResourceBundle:33 - El bundle creado por 'EntornoEpidatBundle' no ha encontrado la clave 'limpiar' o es vacía.
2025-04-25 23:27:42 WARN  StandardResourceBundle:33 - El bundle creado por 'EntornoEpidatBundle' no ha encontrado la clave 'generar.grafico' o es vacía.
2025-04-25 23:27:42 WARN  StandardResourceBundle:33 - El bundle creado por 'EntornoEpidatBundle' no ha encontrado la clave 'calcular' o es vacía.
2025-04-25 23:27:42 WARN  StandardResourceBundle:33 - El bundle creado por 'EntornoEpidatBundle' no ha encontrado la clave 'ocultar' o es vacía.
2025-04-25 23:27:42 WARN  StandardResourceBundle:33 - El bundle creado por 'EntornoEpidatBundle' no ha encontrado la clave 'limpiar' o es vacía.
2025-04-25 23:27:42 WARN  StandardResourceBundle:33 - El bundle creado por 'EntornoEpidatBundle' no ha encontrado la clave 'generar.grafico' o es vacía.
2025-04-25 23:27:42 WARN  StandardResourceBundle:33 - El bundle creado por 'EntornoEpidatBundle' no ha encontrado la clave 'calcular' o es vacía.
2025-04-25 23:27:42 WARN  StandardResourceBundle:33 - El bundle creado por 'EntornoEpidatBundle' no ha encontrado la clave 'ocultar' o es vacía.
2025-04-25 23:27:42 WARN  StandardResourceBundle:33 - El bundle creado por 'EntornoEpidatBundle' no ha encontrado la clave 'limpiar' o es vacía.
2025-04-25 23:27:42 WARN  StandardResourceBundle:33 - El bundle creado por 'EntornoEpidatBundle' no ha encontrado la clave 'generar.grafico' o es vacía.
2025-04-25 23:29:12 WARN  StandardResourceBundle:33 - El bundle creado por 'EntornoEpidatBundle' no ha encontrado la clave 'calcular' o es vacía.
2025-04-25 23:29:12 WARN  StandardResourceBundle:33 - El bundle creado por 'EntornoEpidatBundle' no ha encontrado la clave 'ocultar' o es vacía.
2025-04-25 23:29:12 WARN  StandardResourceBundle:33 - El bundle creado por 'EntornoEpidatBundle' no ha encontrado la clave 'limpiar' o es vacía.
2025-04-25 23:29:12 WARN  StandardResourceBundle:33 - El bundle creado por 'EntornoEpidatBundle' no ha encontrado la clave 'generar.grafico' o es vacía.
2025-04-25 23:29:12 WARN  StandardResourceBundle:33 - El bundle creado por 'EntornoEpidatBundle' no ha encontrado la clave 'calcular' o es vacía.
2025-04-25 23:29:12 WARN  StandardResourceBundle:33 - El bundle creado por 'EntornoEpidatBundle' no ha encontrado la clave 'ocultar' o es vacía.
2025-04-25 23:29:12 WARN  StandardResourceBundle:33 - El bundle creado por 'EntornoEpidatBundle' no ha encontrado la clave 'limpiar' o es vacía.
2025-04-25 23:29:12 WARN  StandardResourceBundle:33 - El bundle creado por 'EntornoEpidatBundle' no ha encontrado la clave 'generar.grafico' o es vacía.
2025-04-25 23:29:12 WARN  StandardResourceBundle:33 - El bundle creado por 'EntornoEpidatBundle' no ha encontrado la clave 'calcular' o es vacía.
2025-04-25 23:29:12 WARN  StandardResourceBundle:33 - El bundle creado por 'EntornoEpidatBundle' no ha encontrado la clave 'ocultar' o es vacía.
2025-04-25 23:29:12 WARN  StandardResourceBundle:33 - El bundle creado por 'EntornoEpidatBundle' no ha encontrado la clave 'limpiar' o es vacía.
2025-04-25 23:29:12 WARN  StandardResourceBundle:33 - El bundle creado por 'EntornoEpidatBundle' no ha encontrado la clave 'generar.grafico' o es vacía.
2025-04-25 23:29:12 WARN  StandardResourceBundle:33 - El bundle creado por 'EntornoEpidatBundle' no ha encontrado la clave 'calcular' o es vacía.
2025-04-25 23:29:12 WARN  StandardResourceBundle:33 - El bundle creado por 'EntornoEpidatBundle' no ha encontrado la clave 'ocultar' o es vacía.
2025-04-25 23:29:12 WARN  StandardResourceBundle:33 - El bundle creado por 'EntornoEpidatBundle' no ha encontrado la clave 'limpiar' o es vacía.
2025-04-25 23:29:12 WARN  StandardResourceBundle:33 - El bundle creado por 'EntornoEpidatBundle' no ha encontrado la clave 'generar.grafico' o es vacía.
2025-06-22 20:33:57 INFO  Aplicacion:99 - Arrancando EPIDAT...
2025-06-22 20:33:57 INFO  Aplicacion:222 - 





2025-06-22 20:33:57 INFO  Aplicacion:223 - --------------------------------------------------------
2025-06-22 20:33:57 INFO  Aplicacion:224 - EPIDAT v4.2
2025-06-22 20:33:57 INFO  Aplicacion:225 - 		Fecha de arranque: 22-jun-2025 20:33:57
2025-06-22 20:33:57 INFO  Aplicacion:226 - 		Idioma: ES
2025-06-22 20:33:57 INFO  Aplicacion:227 - --------------------------------------------------------
2025-06-22 20:33:57 INFO  Aplicacion:228 - 

2025-06-22 20:33:58 DEBUG LeerPlugins:43 - Directorio Base:.\bin
2025-06-22 20:34:01 DEBUG LeerPlugins:71 - AjusteDeTasas.xml: Plugin 'ajusteDeTasas - 1.0 (indice 8)'
2025-06-22 20:34:01 DEBUG LeerPlugins:75 - 	Creada opción de menú 'Módulos/Ajuste de tasas/Método directo' con accion 'ajusteTasas.interfaz.AccionAjusteTasasDirecto'
2025-06-22 20:34:01 DEBUG LeerPlugins:75 - 	Creada opción de menú 'Módulos/Ajuste de tasas/Método indirecto' con accion 'ajusteTasas.interfaz.AccionAjusteTasasIndirecto'
2025-06-22 20:34:01 DEBUG LeerPlugins:71 - AnalisisBayesiano.xml: Plugin 'analisisBayesiano - 1.0 (indice 14)'
2025-06-22 20:34:01 DEBUG LeerPlugins:75 - 	Creada opción de menú 'Módulos/Análisis bayesiano/Teorema de Bayes' con accion 'analisisBayesiano.interfaz.ABTeoremaPlugin'
2025-06-22 20:34:01 DEBUG LeerPlugins:75 - 	Creada opción de menú 'Módulos/Análisis bayesiano/Odds ratio' con accion 'analisisBayesiano.interfaz.ABOddsRatioPlugin'
2025-06-22 20:34:01 DEBUG LeerPlugins:75 - 	Creada opción de menú 'Módulos/Análisis bayesiano/Proporción/Una población/Estimación de una proporción' con accion 'analisisBayesiano.interfaz.ABProporcionUnaEstimacionPlugin'
2025-06-22 20:34:01 DEBUG LeerPlugins:75 - 	Creada opción de menú 'Módulos/Análisis bayesiano/Proporción/Una población/Valoración de hipótesis' con accion 'analisisBayesiano.interfaz.ABProporcionUnaValoracionPlugin'
2025-06-22 20:34:01 DEBUG LeerPlugins:75 - 	Creada opción de menú 'Módulos/Análisis bayesiano/Proporción/Dos poblaciones/Estimación de efectos' con accion 'analisisBayesiano.interfaz.ABProporcionDosEstimacionPlugin'
2025-06-22 20:34:01 DEBUG LeerPlugins:75 - 	Creada opción de menú 'Módulos/Análisis bayesiano/Proporción/Dos poblaciones/Valoración de hipótesis' con accion 'analisisBayesiano.interfaz.ABProporcionDosValoracionPlugin'
2025-06-22 20:34:01 DEBUG LeerPlugins:75 - 	Creada opción de menú 'Módulos/Análisis bayesiano/Media/Una población/Estimación de una media' con accion 'analisisBayesiano.interfaz.ABMediaUnaEstimacionPlugin'
2025-06-22 20:34:01 DEBUG LeerPlugins:75 - 	Creada opción de menú 'Módulos/Análisis bayesiano/Media/Una población/Valoración de hipótesis' con accion 'analisisBayesiano.interfaz.ABMediaUnaValoracionPlugin'
2025-06-22 20:34:01 DEBUG LeerPlugins:75 - 	Creada opción de menú 'Módulos/Análisis bayesiano/Media/Dos poblaciones/Estimación de una diferencia' con accion 'analisisBayesiano.interfaz.ABMediaDosEstimacionPlugin'
2025-06-22 20:34:01 DEBUG LeerPlugins:75 - 	Creada opción de menú 'Módulos/Análisis bayesiano/Media/Dos poblaciones/Valoración de hipótesis' con accion 'analisisBayesiano.interfaz.ABMediaDosValoracionPlugin'
2025-06-22 20:34:01 DEBUG LeerPlugins:75 - 	Creada opción de menú 'Módulos/Análisis bayesiano/Valoración de pruebas convencionales' con accion 'analisisBayesiano.interfaz.ABValoracionPlugin'
2025-06-22 20:34:01 DEBUG LeerPlugins:71 - AnalisisDescriptivo.xml: Plugin 'Plugin - 1.0 (indice 0)'
2025-06-22 20:34:01 DEBUG LeerPlugins:75 - 	Creada opción de menú 'Módulos/Análisis descriptivo/Tablas de frecuencias' con accion 'analisisDescriptivo.interfaz.TablasFrecuenciaAccionPlugin'
2025-06-22 20:34:01 DEBUG LeerPlugins:75 - 	Creada opción de menú 'Módulos/Análisis descriptivo/Tablas de contingencia' con accion 'analisisDescriptivo.interfaz.TablasContingenciaAccionPlugin'
2025-06-22 20:34:01 DEBUG LeerPlugins:75 - 	Creada opción de menú 'Módulos/Análisis descriptivo/Estadísticos descriptivos' con accion 'analisisDescriptivo.interfaz.EstadisticosDescriptivosAccionPlugin'
2025-06-22 20:34:01 DEBUG LeerPlugins:75 - 	Creada opción de menú 'Módulos/Análisis descriptivo/Correlación' con accion 'analisisDescriptivo.interfaz.CorrelacionAccionPlugin'
2025-06-22 20:34:01 DEBUG LeerPlugins:75 - 	Creada opción de menú 'Módulos/Análisis descriptivo/Gráficos/Barras' con accion 'analisisDescriptivo.interfaz.GraficosBarrasAccionPlugin'
2025-06-22 20:34:01 DEBUG LeerPlugins:75 - 	Creada opción de menú 'Módulos/Análisis descriptivo/Gráficos/Sectores' con accion 'analisisDescriptivo.interfaz.GraficosSectoresAccionPlugin'
2025-06-22 20:34:01 DEBUG LeerPlugins:75 - 	Creada opción de menú 'Módulos/Análisis descriptivo/Gráficos/Líneas' con accion 'analisisDescriptivo.interfaz.GraficosLineasAccionPlugin'
2025-06-22 20:34:01 DEBUG LeerPlugins:75 - 	Creada opción de menú 'Módulos/Análisis descriptivo/Gráficos/Dispersión' con accion 'analisisDescriptivo.interfaz.GraficosDispersionAccionPlugin'
2025-06-22 20:34:01 DEBUG LeerPlugins:75 - 	Creada opción de menú 'Módulos/Análisis descriptivo/Gráficos/Histograma' con accion 'analisisDescriptivo.interfaz.GraficosHistogramaAccionPlugin'
2025-06-22 20:34:01 DEBUG LeerPlugins:75 - 	Creada opción de menú 'Módulos/Análisis descriptivo/Gráficos/Diagrama de cajas' con accion 'analisisDescriptivo.interfaz.GraficosDiagramaCajasAccionPlugin'
2025-06-22 20:34:01 DEBUG LeerPlugins:75 - 	Creada opción de menú 'Módulos/Análisis descriptivo/Gráficos/Intervalos de confianza' con accion 'analisisDescriptivo.interfaz.GraficosIntervalosConfianzaAccionPlugin'
2025-06-22 20:34:02 DEBUG LeerPlugins:71 - ConcordanciaYConsistencia.xml: Plugin 'ConcordanciaYConsistencia - 1.0 (indice 6)'
2025-06-22 20:34:02 DEBUG LeerPlugins:75 - 	Creada opción de menú 'Módulos/Concordancia y consistencia/Concordancia/2 Observadores' con accion 'concordanciaYConsistencia.interfaz.Concordancia2ObsAccionPlugin'
2025-06-22 20:34:02 DEBUG LeerPlugins:75 - 	Creada opción de menú 'Módulos/Concordancia y consistencia/Concordancia/3 o más observadores/2 categorías' con accion 'concordanciaYConsistencia.interfaz.Concordancia3_2CatAccionPlugin'
2025-06-22 20:34:02 DEBUG LeerPlugins:75 - 	Creada opción de menú 'Módulos/Concordancia y consistencia/Concordancia/3 o más observadores/3 ó más categorías' con accion 'concordanciaYConsistencia.interfaz.Concordancia3_3CatAccionPlugin'
2025-06-22 20:34:02 DEBUG LeerPlugins:75 - 	Creada opción de menú 'Módulos/Concordancia y consistencia/Concordancia/Comparación de kappas' con accion 'concordanciaYConsistencia.interfaz.ComparacionKappasAccionPlugin'
2025-06-22 20:34:02 DEBUG LeerPlugins:75 - 	Creada opción de menú 'Módulos/Concordancia y consistencia/Concordancia/Coeficiente de correlación intraclase' con accion 'concordanciaYConsistencia.interfaz.CorrelacionIntraclaseAccionPlugin'
2025-06-22 20:34:02 DEBUG LeerPlugins:75 - 	Creada opción de menú 'Módulos/Concordancia y consistencia/Concordancia/Método de Bland y Altman' con accion 'concordanciaYConsistencia.interfaz.BlandYAltmanAccionPlugin'
2025-06-22 20:34:02 DEBUG LeerPlugins:75 - 	Creada opción de menú 'Módulos/Concordancia y consistencia/Consistencia/Alpha de Cronbach' con accion 'concordanciaYConsistencia.interfaz.AlphaCronbachAccionPlugin'
2025-06-22 20:34:02 DEBUG LeerPlugins:71 - Demografia.xml: Plugin 'Demografía - 2.0 (indice 9)'
2025-06-22 20:34:02 DEBUG LeerPlugins:75 - 	Creada opción de menú 'Módulos/Demografía/Pirámides e indicadores/Pirámides de población' con accion 'demografia.interfaz.PiramidesAccionPlugin'
2025-06-22 20:34:02 DEBUG LeerPlugins:75 - 	Creada opción de menú 'Módulos/Demografía/Pirámides e indicadores/Indicadores de estructura' con accion 'demografia.interfaz.IndicadoresEstructuraAccionPlugin'
2025-06-22 20:34:02 DEBUG LeerPlugins:75 - 	Creada opción de menú 'Módulos/Demografía/Pirámides e indicadores/Indicadores de fecundidad' con accion 'demografia.interfaz.IndicadoresFecundidadAccionPlugin'
2025-06-22 20:34:02 DEBUG LeerPlugins:75 - 	Creada opción de menú 'Módulos/Demografía/Tablas de mortalidad' con accion 'demografia.interfaz.TablasMortalidadAccionPlugin'
2025-06-22 20:34:02 DEBUG LeerPlugins:75 - 	Creada opción de menú 'Módulos/Demografía/Expectativas de salud' con accion 'demografia.interfaz.ExpectativasSaludAccionPlugin'
2025-06-22 20:34:02 DEBUG LeerPlugins:75 - 	Creada opción de menú 'Módulos/Demografía/Años potenciales de vida perdidos/APVP y tasa bruta/Una causa y varias poblaciones' con accion 'demografia.interfaz.APVPYTasaBrutaUnaCausaAccionPlugin'
2025-06-22 20:34:02 DEBUG LeerPlugins:75 - 	Creada opción de menú 'Módulos/Demografía/Años potenciales de vida perdidos/APVP y tasa bruta/Varias causas y una población' con accion 'demografia.interfaz.APVPYTasaBrutaVariasCausasAccionPlugin'
2025-06-22 20:34:02 DEBUG LeerPlugins:75 - 	Creada opción de menú 'Módulos/Demografía/Años potenciales de vida perdidos/Tasa de APVP ajustada' con accion 'demografia.interfaz.TasaAPVPAjustadaAccionPlugin'
2025-06-22 20:34:02 DEBUG LeerPlugins:75 - 	Creada opción de menú 'Módulos/Demografía/Descomposición del cambio en la EV' con accion 'demografia.interfaz.DescomposicionCambioEVAccionPlugin'
2025-06-22 20:34:02 DEBUG LeerPlugins:75 - 	Creada opción de menú 'Módulos/Demografía/Años de esperanza de vida perdidos/Un período' con accion 'demografia.interfaz.AnosVidaPerdidosUnPeriodoAccionPlugin'
2025-06-22 20:34:02 DEBUG LeerPlugins:75 - 	Creada opción de menú 'Módulos/Demografía/Años de esperanza de vida perdidos/Comparación de dos períodos' con accion 'demografia.interfaz.AnosVidaPerdidosComparacionPeriodosAccionPlugin'
2025-06-22 20:34:02 DEBUG LeerPlugins:71 - DialogoAcercade.xml: Plugin 'Dialogo Acerca de ... - 1.0 (indice 5)'
2025-06-22 20:34:02 DEBUG LeerPlugins:75 - 	Creada opción de menú 'Ayuda/Acerca de' con accion 'dialogoacercade.interfaz.DialogoAcercaDeAccionPlugin'
2025-06-22 20:34:03 DEBUG LeerPlugins:71 - EstimacionMortalidad.xml: Plugin 'modulo - 1.0 (indice 10)'
2025-06-22 20:34:03 DEBUG LeerPlugins:75 - 	Creada opción de menú 'Módulos/Estimacion de la mortalidad atribuida/Al consumo de tabaco/Método dependiente de prevalencia/Riesgos del estudio CPSII' con accion 'estimacionMortalidad.interfaz.RiesgosCPSIIDependienteAccionPlugin'
2025-06-22 20:34:03 DEBUG LeerPlugins:75 - 	Creada opción de menú 'Módulos/Estimacion de la mortalidad atribuida/Al consumo de tabaco/Método dependiente de prevalencia/Riesgos de un estudio de cohortes' con accion 'estimacionMortalidad.interfaz.RiesgosCohortesDependienteAccionPlugin'
2025-06-22 20:34:03 DEBUG LeerPlugins:75 - 	Creada opción de menú 'Módulos/Estimacion de la mortalidad atribuida/Al consumo de tabaco/Método dependiente de prevalencia/Riesgos de un estudio de casos y controles' con accion 'estimacionMortalidad.interfaz.RiesgosCasosyControlesAccionPlugin'
2025-06-22 20:34:03 DEBUG LeerPlugins:75 - 	Creada opción de menú 'Módulos/Estimacion de la mortalidad atribuida/Al consumo de tabaco/Método independiente de prevalencia/Riesgos del estudio CPSII' con accion 'estimacionMortalidad.interfaz.RiesgosCPSIIIndependienteAccionPlugin'
2025-06-22 20:34:03 DEBUG LeerPlugins:75 - 	Creada opción de menú 'Módulos/Estimacion de la mortalidad atribuida/Al consumo de tabaco/Método independiente de prevalencia/Riesgos de un estudio de cohortes' con accion 'estimacionMortalidad.interfaz.RiesgosCohortesIndependienteAccionPlugin'
2025-06-22 20:34:03 DEBUG LeerPlugins:75 - 	Creada opción de menú 'Módulos/Estimacion de la mortalidad atribuida/A otro factor de riesgo/Riesgos de un estudio de cohortes' con accion 'estimacionMortalidad.interfaz.RiesgosCohortesDependiente2AccionPlugin'
2025-06-22 20:34:03 DEBUG LeerPlugins:75 - 	Creada opción de menú 'Módulos/Estimacion de la mortalidad atribuida/A otro factor de riesgo/Riesgos de un estudio de casos y controles' con accion 'estimacionMortalidad.interfaz.RiesgosCasosyControles2AccionPlugin'
2025-06-22 20:34:03 DEBUG LeerPlugins:71 - Herramientas.xml: Plugin 'Herramientas - 1.0 (indice 5)'
2025-06-22 20:34:03 DEBUG LeerPlugins:75 - 	Creada opción de menú 'Herramientas/Opciones' con accion 'herramientas.interfaz.OpcionesGraficasAccionPlugin'
2025-06-22 20:34:03 DEBUG LeerPlugins:71 - InferenciaSobreParametros.xml: Plugin 'inferenciasobreparametros - 1.0 (indice 5)'
2025-06-22 20:34:03 DEBUG LeerPlugins:75 - 	Creada opción de menú 'Módulos/Inferencia sobre parámetros/Una población/Media' con accion 'inferenciasobreparametros.interfaz.IPUnaPoblacionMediaAccionPlugin'
2025-06-22 20:34:03 DEBUG LeerPlugins:75 - 	Creada opción de menú 'Módulos/Inferencia sobre parámetros/Una población/Proporción' con accion 'inferenciasobreparametros.interfaz.IPUnaPoblacionProporcionAccionPlugin'
2025-06-22 20:34:03 DEBUG LeerPlugins:75 - 	Creada opción de menú 'Módulos/Inferencia sobre parámetros/Una población/Percentiles' con accion 'inferenciasobreparametros.interfaz.IPUnaPoblacionPercentilesAccionPlugin'
2025-06-22 20:34:03 DEBUG LeerPlugins:75 - 	Creada opción de menú 'Módulos/Inferencia sobre parámetros/Una población/Correlación' con accion 'inferenciasobreparametros.interfaz.IPUnaPoblacionCorrelacionAccionPlugin'
2025-06-22 20:34:03 DEBUG LeerPlugins:75 - 	Creada opción de menú 'Módulos/Inferencia sobre parámetros/Una población/Tasa de incidencia' con accion 'inferenciasobreparametros.interfaz.IPUnaPoblacionTasaIncidenciaAccionPlugin'
2025-06-22 20:34:03 DEBUG LeerPlugins:75 - 	Creada opción de menú 'Módulos/Inferencia sobre parámetros/Una población/Índice de posición' con accion 'inferenciasobreparametros.interfaz.IPUnaPoblacionIndicePosicionAccionPlugin'
2025-06-22 20:34:03 DEBUG LeerPlugins:75 - 	Creada opción de menú 'Módulos/Inferencia sobre parámetros/Dos poblaciones/Medias independientes' con accion 'inferenciasobreparametros.interfaz.IPDosPoblacionesMediasIndependientesAccionPlugin'
2025-06-22 20:34:03 DEBUG LeerPlugins:75 - 	Creada opción de menú 'Módulos/Inferencia sobre parámetros/Dos poblaciones/Medias emparejadas' con accion 'inferenciasobreparametros.interfaz.IPDosPoblacionesMediasEmparejadasAccionPlugin'
2025-06-22 20:34:03 DEBUG LeerPlugins:75 - 	Creada opción de menú 'Módulos/Inferencia sobre parámetros/Dos poblaciones/Proporciones independientes' con accion 'inferenciasobreparametros.interfaz.IPDosPoblacionesProporcionesIndependientesAccionPlugin'
2025-06-22 20:34:03 DEBUG LeerPlugins:75 - 	Creada opción de menú 'Módulos/Inferencia sobre parámetros/Dos poblaciones/Proporciones emparejadas' con accion 'inferenciasobreparametros.interfaz.IPDosPoblacionesProporcionesEmparejadasAccionPlugin'
2025-06-22 20:34:03 DEBUG LeerPlugins:75 - 	Creada opción de menú 'Módulos/Inferencia sobre parámetros/Dos poblaciones/Tasas de incidencia' con accion 'inferenciasobreparametros.interfaz.IPDosPoblacionesTasasIncidenciasAccionPlugin'
2025-06-22 20:34:03 DEBUG LeerPlugins:75 - 	Creada opción de menú 'Módulos/Inferencia sobre parámetros/Comparación no paramétrica/Medias independientes' con accion 'inferenciasobreparametros.interfaz.IPNoParametricaMediasIndependientesAccionPlugin'
2025-06-22 20:34:03 DEBUG LeerPlugins:75 - 	Creada opción de menú 'Módulos/Inferencia sobre parámetros/Comparación no paramétrica/Medias emparejadas' con accion 'inferenciasobreparametros.interfaz.IPNoParametricaMediasEmparejadasAccionPlugin'
2025-06-22 20:34:03 DEBUG LeerPlugins:75 - 	Creada opción de menú 'Módulos/Inferencia sobre parámetros/Contraste de normalidad' con accion 'inferenciasobreparametros.interfaz.IPContrasteNormalidadAccionPlugin'
2025-06-22 20:34:03 DEBUG LeerPlugins:71 - Internacionalizacion.xml: Plugin 'Herramientas - 1.0 (indice 5)'
2025-06-22 20:34:03 DEBUG LeerPlugins:75 - 	Creada opción de menú 'Herramientas/Idioma' con accion 'com.epidat.internacionalizacion.interfaz.CambiarIdiomaMenuItem'
2025-06-22 20:34:04 DEBUG LeerPlugins:71 - MedicionEnDesigualdadesEnSalud.xml: Plugin 'Medición de Desigualdades - 2.0 (indice 18)'
2025-06-22 20:34:04 DEBUG LeerPlugins:75 - 	Creada opción de menú 'Módulos/Medición de desigualdades en salud/Índices para categorías ordenadas/Índices basados en comparaciones dos a dos' con accion 'medicionDesigualdadesSalud.interfaz.Comparacion2a2VarOrdenadasAccionPlugin'
2025-06-22 20:34:04 DEBUG LeerPlugins:75 - 	Creada opción de menú 'Módulos/Medición de desigualdades en salud/Índices para categorías ordenadas/Índices basados en el modelo de regresión' con accion 'medicionDesigualdadesSalud.interfaz.IndicesDesigualdadAccionPlugin'
2025-06-22 20:34:04 DEBUG LeerPlugins:75 - 	Creada opción de menú 'Módulos/Medición de desigualdades en salud/Índices para categorías ordenadas/Índice de Gini e índice de concentración/Índice de Gini y curva de Lorenz' con accion 'medicionDesigualdadesSalud.interfaz.IndiceGiniCurvaLorenzAccionPlugin'
2025-06-22 20:34:04 DEBUG LeerPlugins:75 - 	Creada opción de menú 'Módulos/Medición de desigualdades en salud/Índices para categorías ordenadas/Índice de Gini e índice de concentración/Índice y curva de concentración' con accion 'medicionDesigualdadesSalud.interfaz.IndiceCurvaConcentracionAccionPlugin'
2025-06-22 20:34:04 DEBUG LeerPlugins:75 - 	Creada opción de menú 'Módulos/Medición de desigualdades en salud/Índices para categorías no ordenadas/Índices basados en comparaciones dos a dos' con accion 'medicionDesigualdadesSalud.interfaz.Comparacion2a2VarDesordenadasAccionPlugin'
2025-06-22 20:34:04 DEBUG LeerPlugins:75 - 	Creada opción de menú 'Módulos/Medición de desigualdades en salud/Índices para categorías no ordenadas/Índices de dispersión' con accion 'medicionDesigualdadesSalud.interfaz.IndicesDeDispersionAccionPlugin'
2025-06-22 20:34:04 DEBUG LeerPlugins:75 - 	Creada opción de menú 'Módulos/Medición de desigualdades en salud/Índices para categorías no ordenadas/Índices basados en la comparación de distribuciones de probabilidad' con accion 'medicionDesigualdadesSalud.interfaz.IndicesBasadosComparacionDistProbabilidadAccionPlugin'
2025-06-22 20:34:04 DEBUG LeerPlugins:75 - 	Creada opción de menú 'Módulos/Medición de desigualdades en salud/Índice de efecto' con accion 'medicionDesigualdadesSalud.interfaz.IndiceEfectoAccionPlugin'
2025-06-22 20:34:04 DEBUG LeerPlugins:71 - ModulosFaltantes.xml: Plugin 'modulosFaltantes - 1.0 (indice 1)'
2025-06-22 20:34:04 DEBUG LeerPlugins:75 - 	Creada opción de menú 'Ayuda/Módulos aún no implementados' con accion 'modulosFaltantes.interfaz.AyudaPlugin'
2025-06-22 20:34:04 DEBUG LeerPlugins:71 - MuestreoSeleccionYEstimacion.xml: Plugin 'Muestreo 2 - 1.0 (indice 3)'
2025-06-22 20:34:04 DEBUG LeerPlugins:75 - 	Creada opción de menú 'Módulos/Muestreo/Selección de muestras/Muestreo simple aleatorio' con accion 'seleccionMuestras.interfaz.MuestreoSimpleAleatorioAccionPlugin'
2025-06-22 20:34:04 DEBUG LeerPlugins:75 - 	Creada opción de menú 'Módulos/Muestreo/Selección de muestras/Muestreo sistemático' con accion 'seleccionMuestras.interfaz.MuestreoSistematicoAccionPlugin'
2025-06-22 20:34:04 DEBUG LeerPlugins:75 - 	Creada opción de menú 'Módulos/Muestreo/Selección de muestras/Muestreo aleatorio estratificado' con accion 'seleccionMuestras.interfaz.MuestreoAleatorioEstratificadoAccionPlugin'
2025-06-22 20:34:04 DEBUG LeerPlugins:75 - 	Creada opción de menú 'Módulos/Muestreo/Selección de muestras/Muestreo por conglomerados monoetápico' con accion 'seleccionMuestras.interfaz.MuestreoConglomeradosMonoAccionPlugin'
2025-06-22 20:34:04 DEBUG LeerPlugins:75 - 	Creada opción de menú 'Módulos/Muestreo/Selección de muestras/Muestreo por conglomerados bietápico' con accion 'seleccionMuestras.interfaz.MuestreoConglomeradosBiAccionPlugin'
2025-06-22 20:34:04 DEBUG LeerPlugins:75 - 	Creada opción de menú 'Módulos/Muestreo/Selección de muestras/Muestreo por conglomerados monoetápico estratificado' con accion 'seleccionMuestras.interfaz.MuestreoConglMonoEstratAccionPlugin'
2025-06-22 20:34:04 DEBUG LeerPlugins:75 - 	Creada opción de menú 'Módulos/Muestreo/Selección de muestras/Muestreo por conglomerados bietápico estratificado' con accion 'seleccionMuestras.interfaz.MuestreoConglBiEstratAccionPlugin'
2025-06-22 20:34:04 DEBUG LeerPlugins:75 - 	Creada opción de menú 'Módulos/Muestreo/Asignación de sujetos a tratamientos' con accion 'seleccionMuestras.interfaz.AsignacionSujetosTratamientosAccionPlugin'
2025-06-22 20:34:04 DEBUG LeerPlugins:75 - 	Creada opción de menú 'Módulos/Muestreo/Estimación con muestras complejas' con accion 'emuco.interfaz.EmucoAccionPlugin'
2025-06-22 20:34:05 DEBUG LeerPlugins:71 - MuestreoTamanosDeMuestra.xml: Plugin 'Muestreo 1 - 1.0 (indice 2)'
2025-06-22 20:34:05 DEBUG LeerPlugins:75 - 	Creada opción de menú 'Módulos/Muestreo/Cálculo de tamaños de muestra/Intervalos de confianza/Media' con accion 'tamsMuestra.intervalosConfianza.interfaz.MediaAccionPlugin'
2025-06-22 20:34:05 DEBUG LeerPlugins:75 - 	Creada opción de menú 'Módulos/Muestreo/Cálculo de tamaños de muestra/Intervalos de confianza/Proporción' con accion 'tamsMuestra.intervalosConfianza.interfaz.ProporcionAccionPlugin'
2025-06-22 20:34:05 DEBUG LeerPlugins:75 - 	Creada opción de menú 'Módulos/Muestreo/Cálculo de tamaños de muestra/Intervalos de confianza/Odds ratio' con accion 'tamsMuestra.intervalosConfianza.interfaz.OddsRatioAccionPlugin'
2025-06-22 20:34:05 DEBUG LeerPlugins:75 - 	Creada opción de menú 'Módulos/Muestreo/Cálculo de tamaños de muestra/Intervalos de confianza/Riesgo relativo' con accion 'tamsMuestra.intervalosConfianza.interfaz.RiesgoRelativoAccionPlugin'
2025-06-22 20:34:05 DEBUG LeerPlugins:75 - 	Creada opción de menú 'Módulos/Muestreo/Cálculo de tamaños de muestra/Intervalos de confianza/Concordancia' con accion 'tamsMuestra.intervalosConfianza.interfaz.ConcordanciaAccionPlugin'
2025-06-22 20:34:05 DEBUG LeerPlugins:75 - 	Creada opción de menú 'Módulos/Muestreo/Cálculo de tamaños de muestra/Intervalos de confianza/Pruebas diagnósticas' con accion 'tamsMuestra.intervalosConfianza.interfaz.SensibilidadYEspecificidadAccionPlugin'
2025-06-22 20:34:05 DEBUG LeerPlugins:75 - 	Creada opción de menú 'Módulos/Muestreo/Cálculo de tamaños de muestra/Contraste de hipótesis/Comparación de medias/Grupos independientes' con accion 'tamsMuestra.contrastesHipotesis.interfaz.ComparacionMediasIndependientesAccionPlugin'
2025-06-22 20:34:05 DEBUG LeerPlugins:75 - 	Creada opción de menú 'Módulos/Muestreo/Cálculo de tamaños de muestra/Contraste de hipótesis/Comparación de medias/Grupos emparejados' con accion 'tamsMuestra.contrastesHipotesis.interfaz.ComparacionMediasEmparejadasAccionPlugin'
2025-06-22 20:34:05 DEBUG LeerPlugins:75 - 	Creada opción de menú 'Módulos/Muestreo/Cálculo de tamaños de muestra/Contraste de hipótesis/Comparación de proporciones/Grupos independientes' con accion 'tamsMuestra.contrastesHipotesis.interfaz.ComparacionProporcionesIndependientesAccionPlugin'
2025-06-22 20:34:05 DEBUG LeerPlugins:75 - 	Creada opción de menú 'Módulos/Muestreo/Cálculo de tamaños de muestra/Contraste de hipótesis/Comparación de proporciones/Grupos emparejados' con accion 'tamsMuestra.contrastesHipotesis.interfaz.ComparacionProporcionesEmparejadasAccionPlugin'
2025-06-22 20:34:05 DEBUG LeerPlugins:75 - 	Creada opción de menú 'Módulos/Muestreo/Cálculo de tamaños de muestra/Contraste de hipótesis/Estudios de casos y controles/Grupos independientes' con accion 'tamsMuestra.contrastesHipotesis.interfaz.EstudiosCasosIndependientesAccionPlugin'
2025-06-22 20:34:05 DEBUG LeerPlugins:75 - 	Creada opción de menú 'Módulos/Muestreo/Cálculo de tamaños de muestra/Contraste de hipótesis/Estudios de cohorte' con accion 'tamsMuestra.contrastesHipotesis.interfaz.EstudiosCohorteAccionPlugin'
2025-06-22 20:34:05 DEBUG LeerPlugins:75 - 	Creada opción de menú 'Módulos/Muestreo/Cálculo de tamaños de muestra/Contraste de hipótesis/Estudios de casos y controles/Grupos emparejados' con accion 'tamsMuestra.contrastesHipotesis.interfaz.EstudiosCasosEmparejadosAccionPlugin'
2025-06-22 20:34:05 DEBUG LeerPlugins:75 - 	Creada opción de menú 'Módulos/Muestreo/Cálculo de tamaños de muestra/Contraste de hipótesis/Estudios de equivalencia/Equivalencia de medias' con accion 'tamsMuestra.contrastesHipotesis.interfaz.EquivalenciaMediasAccionPlugin'
2025-06-22 20:34:05 DEBUG LeerPlugins:75 - 	Creada opción de menú 'Módulos/Muestreo/Cálculo de tamaños de muestra/Contraste de hipótesis/Estudios de equivalencia/Equivalencia de proporciones' con accion 'tamsMuestra.contrastesHipotesis.interfaz.EquivalenciaProporcionesAccionPlugin'
2025-06-22 20:34:05 DEBUG LeerPlugins:75 - 	Creada opción de menú 'Módulos/Muestreo/Cálculo de tamaños de muestra/Contraste de hipótesis/Pruebas diagnósticas/Grupos independientes' con accion 'tamsMuestra.contrastesHipotesis.interfaz.PruebasDxGIAccionPlugin'
2025-06-22 20:34:05 DEBUG LeerPlugins:75 - 	Creada opción de menú 'Módulos/Muestreo/Cálculo de tamaños de muestra/Contraste de hipótesis/Pruebas diagnósticas/Grupos emparejados' con accion 'tamsMuestra.contrastesHipotesis.interfaz.PruebasDxGEAccionPlugin'
2025-06-22 20:34:05 DEBUG LeerPlugins:75 - 	Creada opción de menú 'Módulos/Muestreo/Cálculo de tamaños de muestra/Contraste de hipótesis/Calidad de lotes' con accion 'tamsMuestra.contrastesHipotesis.interfaz.CalidadLotesAccionPlugin'
2025-06-22 20:34:05 DEBUG LeerPlugins:75 - 	Creada opción de menú 'Módulos/Muestreo/Cálculo de tamaños de muestra/Contraste de hipótesis/Supervivencia' con accion 'tamsMuestra.contrastesHipotesis.interfaz.SupervivenciaAccionPlugin'
2025-06-22 20:34:05 DEBUG LeerPlugins:75 - 	Creada opción de menú 'Módulos/Muestreo/Cálculo de tamaños de muestra/Contraste de hipótesis/Coeficiente de correlación' con accion 'tamsMuestra.contrastesHipotesis.interfaz.CorrelacionAccionPlugin'
2025-06-22 20:34:05 DEBUG LeerPlugins:71 - Privaciones.xml: Plugin 'privaciones - 1.0 (indice 16)'
2025-06-22 20:34:05 DEBUG LeerPlugins:75 - 	Creada opción de menú 'Módulos/Índices de desarrollo o privación/Índice de desarrollo humano (IDH)' con accion 'privaciones.interfaz.Privations_Pluggin_AE_IDH'
2025-06-22 20:34:05 DEBUG LeerPlugins:75 - 	Creada opción de menú 'Módulos/Índices de desarrollo o privación/Índice de desarrollo humano corregido para desigualdad de género (IDHG)' con accion 'privaciones.interfaz.Privations_Pluggin_AE_IDHG'
2025-06-22 20:34:05 DEBUG LeerPlugins:75 - 	Creada opción de menú 'Módulos/Índices de desarrollo o privación/Índice de Pobreza 1 (IP1)' con accion 'privaciones.interfaz.Privations_Pluggin_AE_IP1'
2025-06-22 20:34:05 DEBUG LeerPlugins:75 - 	Creada opción de menú 'Módulos/Índices de desarrollo o privación/Índice de Pobreza 2 (IP2)' con accion 'privaciones.interfaz.Privations_Pluggin_AE_IP2'
2025-06-22 20:34:05 DEBUG LeerPlugins:75 - 	Creada opción de menú 'Módulos/Índices de desarrollo o privación/Índice de pobreza multidimensional (IPM)' con accion 'privaciones.interfaz.Privations_Pluggin_AE_IPM'
2025-06-22 20:34:05 DEBUG LeerPlugins:75 - 	Creada opción de menú 'Módulos/Índices de desarrollo o privación/Índice de desarrollo de la niñez (IDN)' con accion 'privaciones.interfaz.Privations_Pluggin_AE_IDN'
2025-06-22 20:34:05 DEBUG LeerPlugins:75 - 	Creada opción de menú 'Módulos/Índices de desarrollo o privación/Índice de oportunidades en la niñez (ION)' con accion 'privaciones.interfaz.Privations_Pluggin_AE_ION'
2025-06-22 20:34:05 DEBUG LeerPlugins:71 - Probabilidades.xml: Plugin 'Distribuciones de probabilidad - 2.0 (indice 13)'
2025-06-22 20:34:05 DEBUG LeerPlugins:75 - 	Creada opción de menú 'Módulos/Distribuciones de probabilidad/Cálculo de probabilidades/Distribuciones discretas' con accion 'probabilidades.interfaz.ProbabilidadCalcDiscretasAccionPlugin'
2025-06-22 20:34:05 DEBUG LeerPlugins:75 - 	Creada opción de menú 'Módulos/Distribuciones de probabilidad/Cálculo de probabilidades/Distribuciones continuas' con accion 'probabilidades.interfaz.ProbabilidadCalcContinuasAccionPlugin'
2025-06-22 20:34:05 DEBUG LeerPlugins:75 - 	Creada opción de menú 'Módulos/Distribuciones de probabilidad/Generación de distribuciones/Distribuciones discretas' con accion 'probabilidades.interfaz.ProbabilidadGenDiscretasAccionPlugin'
2025-06-22 20:34:05 DEBUG LeerPlugins:75 - 	Creada opción de menú 'Módulos/Distribuciones de probabilidad/Generación de distribuciones/Distribuciones continuas' con accion 'probabilidades.interfaz.ProbabilidadGenContinuasAccionPlugin'
2025-06-22 20:34:06 DEBUG LeerPlugins:71 - RegresionLogistica.xml: Plugin 'regresion - 1.0 (indice 11)'
2025-06-22 20:34:06 DEBUG LeerPlugins:75 - 	Creada opción de menú 'Módulos/Regresión logística/Regresión logística' con accion 'regresion.interfaz.Regression_Pluggin_AE'
2025-06-22 20:34:09 WARN  StandardResourceBundle:33 - El bundle creado por 'EntornoEpidatBundle' no ha encontrado la clave 'EpidatForm.nomArchivoOculto.AccessibleContext.accessibleName' o es vacía.
2025-06-22 20:34:09 WARN  StandardResourceBundle:33 - El bundle creado por 'EntornoEpidatBundle' no ha encontrado la clave 'EpidatForm.nomArchivoOculto.AccessibleContext.accessibleDescription' o es vacía.
2025-06-22 20:34:09 WARN  StandardResourceBundle:33 - El bundle creado por 'EntornoEpidatBundle' no ha encontrado la clave 'EpidatForm.text' o es vacía.
2025-06-22 20:34:10 WARN  StandardResourceBundle:33 - El bundle creado por 'EntornoEpidatBundle' no ha encontrado la clave 'EpidatForm.text' o es vacía.
2025-06-22 20:34:10 WARN  StandardResourceBundle:33 - El bundle creado por 'EntornoEpidatBundle' no ha encontrado la clave 'EpidatForm.text' o es vacía.
2025-06-22 20:34:10 WARN  StandardResourceBundle:33 - El bundle creado por 'EntornoEpidatBundle' no ha encontrado la clave 'EpidatForm.botonColor.text' o es vacía.
2025-06-22 20:34:10 WARN  StandardResourceBundle:33 - El bundle creado por 'EntornoEpidatBundle' no ha encontrado la clave 'EpidatForm.botonAlineaI.text' o es vacía.
2025-06-22 20:34:10 WARN  StandardResourceBundle:33 - El bundle creado por 'EntornoEpidatBundle' no ha encontrado la clave 'EpidatForm.botonAlineaC.text' o es vacía.
2025-06-22 20:34:10 WARN  StandardResourceBundle:33 - El bundle creado por 'EntornoEpidatBundle' no ha encontrado la clave 'EpidatForm.botonAlineaD.text' o es vacía.
2025-06-22 20:34:10 WARN  StandardResourceBundle:33 - El bundle creado por 'EntornoEpidatBundle' no ha encontrado la clave 'EpidatForm.botonAlineaJ.text' o es vacía.
2025-06-22 20:34:10 WARN  StandardResourceBundle:33 - El bundle creado por 'EntornoEpidatBundle' no ha encontrado la clave 'EpidatForm.nomArchivoPresentado.text' o es vacía.
2025-06-22 20:34:10 WARN  StandardResourceBundle:33 - El bundle creado por 'EntornoEpidatBundle' no ha encontrado la clave 'EpidatForm.labelProgreso.text' o es vacía.
2025-06-22 20:34:11 DEBUG PluginEstandar:42 - Aplicando cambios de plugin 'Plugin'...
2025-06-22 20:34:11 DEBUG CambioUIMenu:104 - Insertando item de menú 'Análisis descriptivo' en posicion 0
2025-06-22 20:34:11 DEBUG CambioUIMenu:113 - Insertando item de menú 'Tablas de frecuencias' en posicion 0
2025-06-22 20:34:11 DEBUG CambioUIMenu:113 - Insertando item de menú 'Tablas de contingencia' en posicion 1
2025-06-22 20:34:11 DEBUG CambioUIMenu:113 - Insertando item de menú 'Estadísticos descriptivos' en posicion 2
2025-06-22 20:34:11 DEBUG CambioUIMenu:113 - Insertando item de menú 'Correlación' en posicion 3
2025-06-22 20:34:11 DEBUG CambioUIMenu:104 - Insertando item de menú 'Gráficos' en posicion 4
2025-06-22 20:34:11 DEBUG CambioUIMenu:113 - Insertando item de menú 'Barras' en posicion 0
2025-06-22 20:34:11 DEBUG CambioUIMenu:113 - Insertando item de menú 'Sectores' en posicion 1
2025-06-22 20:34:11 DEBUG CambioUIMenu:113 - Insertando item de menú 'Líneas' en posicion 2
2025-06-22 20:34:11 DEBUG CambioUIMenu:113 - Insertando item de menú 'Dispersión' en posicion 3
2025-06-22 20:34:11 DEBUG CambioUIMenu:113 - Insertando item de menú 'Histograma' en posicion 4
2025-06-22 20:34:11 DEBUG CambioUIMenu:113 - Insertando item de menú 'Diagrama de cajas' en posicion 5
2025-06-22 20:34:11 DEBUG CambioUIMenu:113 - Insertando item de menú 'Intervalos de confianza' en posicion 6
2025-06-22 20:34:11 DEBUG PluginEstandar:42 - Aplicando cambios de plugin 'modulosFaltantes'...
2025-06-22 20:34:11 DEBUG CambioUIMenu:113 - Insertando item de menú 'Módulos aún no implementados' en posicion 2
2025-06-22 20:34:11 DEBUG PluginEstandar:42 - Aplicando cambios de plugin 'Muestreo 1'...
2025-06-22 20:34:11 DEBUG CambioUIMenu:104 - Insertando item de menú 'Muestreo' en posicion 1
2025-06-22 20:34:11 DEBUG CambioUIMenu:104 - Insertando item de menú 'Cálculo de tamaños de muestra' en posicion 0
2025-06-22 20:34:11 DEBUG CambioUIMenu:104 - Insertando item de menú 'Intervalos de confianza' en posicion 0
2025-06-22 20:34:11 DEBUG CambioUIMenu:113 - Insertando item de menú 'Media' en posicion 0
2025-06-22 20:34:11 DEBUG CambioUIMenu:113 - Insertando item de menú 'Proporción' en posicion 1
2025-06-22 20:34:11 DEBUG CambioUIMenu:113 - Insertando item de menú 'Odds ratio' en posicion 2
2025-06-22 20:34:11 DEBUG CambioUIMenu:113 - Insertando item de menú 'Riesgo relativo' en posicion 3
2025-06-22 20:34:11 DEBUG CambioUIMenu:113 - Insertando item de menú 'Concordancia' en posicion 4
2025-06-22 20:34:11 DEBUG CambioUIMenu:113 - Insertando item de menú 'Pruebas diagnósticas' en posicion 5
2025-06-22 20:34:11 DEBUG CambioUIMenu:104 - Insertando item de menú 'Contraste de hipótesis' en posicion 1
2025-06-22 20:34:11 DEBUG CambioUIMenu:104 - Insertando item de menú 'Comparación de medias' en posicion 0
2025-06-22 20:34:11 DEBUG CambioUIMenu:113 - Insertando item de menú 'Grupos independientes' en posicion 0
2025-06-22 20:34:11 DEBUG CambioUIMenu:113 - Insertando item de menú 'Grupos emparejados' en posicion 1
2025-06-22 20:34:11 DEBUG CambioUIMenu:104 - Insertando item de menú 'Comparación de proporciones' en posicion 1
2025-06-22 20:34:11 DEBUG CambioUIMenu:113 - Insertando item de menú 'Grupos independientes' en posicion 0
2025-06-22 20:34:11 DEBUG CambioUIMenu:113 - Insertando item de menú 'Grupos emparejados' en posicion 1
2025-06-22 20:34:11 DEBUG CambioUIMenu:104 - Insertando item de menú 'Estudios de casos y controles' en posicion 2
2025-06-22 20:34:11 DEBUG CambioUIMenu:113 - Insertando item de menú 'Grupos independientes' en posicion 0
2025-06-22 20:34:11 DEBUG CambioUIMenu:113 - Insertando item de menú 'Estudios de cohorte' en posicion 3
2025-06-22 20:34:11 DEBUG CambioUIMenu:113 - Insertando item de menú 'Grupos emparejados' en posicion 1
2025-06-22 20:34:11 DEBUG CambioUIMenu:104 - Insertando item de menú 'Estudios de equivalencia' en posicion 4
2025-06-22 20:34:11 DEBUG CambioUIMenu:113 - Insertando item de menú 'Equivalencia de medias' en posicion 0
2025-06-22 20:34:11 DEBUG CambioUIMenu:113 - Insertando item de menú 'Equivalencia de proporciones' en posicion 1
2025-06-22 20:34:11 DEBUG CambioUIMenu:104 - Insertando item de menú 'Pruebas diagnósticas' en posicion 5
2025-06-22 20:34:11 DEBUG CambioUIMenu:113 - Insertando item de menú 'Grupos independientes' en posicion 0
2025-06-22 20:34:11 DEBUG CambioUIMenu:113 - Insertando item de menú 'Grupos emparejados' en posicion 1
2025-06-22 20:34:11 DEBUG CambioUIMenu:113 - Insertando item de menú 'Calidad de lotes' en posicion 6
2025-06-22 20:34:11 DEBUG CambioUIMenu:113 - Insertando item de menú 'Supervivencia' en posicion 7
2025-06-22 20:34:11 DEBUG CambioUIMenu:113 - Insertando item de menú 'Coeficiente de correlación' en posicion 8
2025-06-22 20:34:11 DEBUG PluginEstandar:42 - Aplicando cambios de plugin 'Muestreo 2'...
2025-06-22 20:34:11 DEBUG CambioUIMenu:104 - Insertando item de menú 'Selección de muestras' en posicion 1
2025-06-22 20:34:11 DEBUG CambioUIMenu:113 - Insertando item de menú 'Muestreo simple aleatorio' en posicion 0
2025-06-22 20:34:11 DEBUG CambioUIMenu:113 - Insertando item de menú 'Muestreo sistemático' en posicion 1
2025-06-22 20:34:11 DEBUG CambioUIMenu:113 - Insertando item de menú 'Muestreo aleatorio estratificado' en posicion 2
2025-06-22 20:34:11 DEBUG CambioUIMenu:113 - Insertando item de menú 'Muestreo por conglomerados monoetápico' en posicion 3
2025-06-22 20:34:11 DEBUG CambioUIMenu:113 - Insertando item de menú 'Muestreo por conglomerados bietápico' en posicion 4
2025-06-22 20:34:11 DEBUG CambioUIMenu:113 - Insertando item de menú 'Muestreo por conglomerados monoetápico estratificado' en posicion 5
2025-06-22 20:34:11 DEBUG CambioUIMenu:113 - Insertando item de menú 'Muestreo por conglomerados bietápico estratificado' en posicion 6
2025-06-22 20:34:11 DEBUG CambioUIMenu:113 - Insertando item de menú 'Asignación de sujetos a tratamientos' en posicion 2
2025-06-22 20:34:11 DEBUG CambioUIMenu:113 - Insertando item de menú 'Estimación con muestras complejas' en posicion 3
2025-06-22 20:34:11 DEBUG PluginEstandar:42 - Aplicando cambios de plugin 'Dialogo Acerca de ...'...
2025-06-22 20:34:11 DEBUG CambioUIMenu:113 - Insertando item de menú 'Acerca de' en posicion 3
2025-06-22 20:34:11 DEBUG PluginEstandar:42 - Aplicando cambios de plugin 'Herramientas'...
2025-06-22 20:34:11 DEBUG CambioUIMenu:113 - Insertando item de menú 'Opciones' en posicion 0
2025-06-22 20:34:11 DEBUG PluginEstandar:42 - Aplicando cambios de plugin 'inferenciasobreparametros'...
2025-06-22 20:34:11 DEBUG CambioUIMenu:104 - Insertando item de menú 'Inferencia sobre parámetros' en posicion 2
2025-06-22 20:34:11 DEBUG CambioUIMenu:104 - Insertando item de menú 'Una población' en posicion 0
2025-06-22 20:34:11 DEBUG CambioUIMenu:113 - Insertando item de menú 'Media' en posicion 0
2025-06-22 20:34:11 DEBUG CambioUIMenu:113 - Insertando item de menú 'Proporción' en posicion 1
2025-06-22 20:34:11 DEBUG CambioUIMenu:113 - Insertando item de menú 'Percentiles' en posicion 2
2025-06-22 20:34:11 DEBUG CambioUIMenu:113 - Insertando item de menú 'Correlación' en posicion 3
2025-06-22 20:34:11 DEBUG CambioUIMenu:113 - Insertando item de menú 'Tasa de incidencia' en posicion 4
2025-06-22 20:34:11 DEBUG CambioUIMenu:113 - Insertando item de menú 'Índice de posición' en posicion 5
2025-06-22 20:34:11 DEBUG CambioUIMenu:104 - Insertando item de menú 'Dos poblaciones' en posicion 1
2025-06-22 20:34:11 DEBUG CambioUIMenu:113 - Insertando item de menú 'Medias independientes' en posicion 0
2025-06-22 20:34:11 DEBUG CambioUIMenu:113 - Insertando item de menú 'Medias emparejadas' en posicion 1
2025-06-22 20:34:11 DEBUG CambioUIMenu:113 - Insertando item de menú 'Proporciones independientes' en posicion 2
2025-06-22 20:34:11 DEBUG CambioUIMenu:113 - Insertando item de menú 'Proporciones emparejadas' en posicion 3
2025-06-22 20:34:11 DEBUG CambioUIMenu:113 - Insertando item de menú 'Tasas de incidencia' en posicion 4
2025-06-22 20:34:11 DEBUG CambioUIMenu:104 - Insertando item de menú 'Comparación no paramétrica' en posicion 2
2025-06-22 20:34:11 DEBUG CambioUIMenu:113 - Insertando item de menú 'Medias independientes' en posicion 0
2025-06-22 20:34:11 DEBUG CambioUIMenu:113 - Insertando item de menú 'Medias emparejadas' en posicion 1
2025-06-22 20:34:11 DEBUG CambioUIMenu:113 - Insertando item de menú 'Contraste de normalidad' en posicion 3
2025-06-22 20:34:11 DEBUG PluginEstandar:42 - Aplicando cambios de plugin 'Herramientas'...
2025-06-22 20:34:12 DEBUG CambioUIMenu:113 - Insertando item de menú 'Idioma' en posicion 1
2025-06-22 20:34:12 DEBUG PluginEstandar:42 - Aplicando cambios de plugin 'ConcordanciaYConsistencia'...
2025-06-22 20:34:12 DEBUG CambioUIMenu:104 - Insertando item de menú 'Concordancia y consistencia' en posicion 3
2025-06-22 20:34:12 DEBUG CambioUIMenu:104 - Insertando item de menú 'Concordancia' en posicion 0
2025-06-22 20:34:12 DEBUG CambioUIMenu:113 - Insertando item de menú '2 Observadores' en posicion 0
2025-06-22 20:34:12 DEBUG CambioUIMenu:104 - Insertando item de menú '3 o más observadores' en posicion 1
2025-06-22 20:34:12 DEBUG CambioUIMenu:113 - Insertando item de menú '2 categorías' en posicion 0
2025-06-22 20:34:12 DEBUG CambioUIMenu:113 - Insertando item de menú '3 ó más categorías' en posicion 1
2025-06-22 20:34:12 DEBUG CambioUIMenu:113 - Insertando item de menú 'Comparación de kappas' en posicion 2
2025-06-22 20:34:12 DEBUG CambioUIMenu:113 - Insertando item de menú 'Coeficiente de correlación intraclase' en posicion 3
2025-06-22 20:34:12 DEBUG CambioUIMenu:113 - Insertando item de menú 'Método de Bland y Altman' en posicion 4
2025-06-22 20:34:12 DEBUG CambioUIMenu:104 - Insertando item de menú 'Consistencia' en posicion 1
2025-06-22 20:34:12 DEBUG CambioUIMenu:113 - Insertando item de menú 'Alpha de Cronbach' en posicion 0
2025-06-22 20:34:12 DEBUG PluginEstandar:42 - Aplicando cambios de plugin 'ajusteDeTasas'...
2025-06-22 20:34:12 DEBUG CambioUIMenu:104 - Insertando item de menú 'Ajuste de tasas' en posicion 4
2025-06-22 20:34:12 DEBUG CambioUIMenu:113 - Insertando item de menú 'Método directo' en posicion 0
2025-06-22 20:34:12 DEBUG CambioUIMenu:113 - Insertando item de menú 'Método indirecto' en posicion 1
2025-06-22 20:34:12 DEBUG PluginEstandar:42 - Aplicando cambios de plugin 'Demografía'...
2025-06-22 20:34:12 DEBUG CambioUIMenu:104 - Insertando item de menú 'Demografía' en posicion 5
2025-06-22 20:34:12 DEBUG CambioUIMenu:104 - Insertando item de menú 'Pirámides e indicadores' en posicion 0
2025-06-22 20:34:12 DEBUG CambioUIMenu:113 - Insertando item de menú 'Pirámides de población' en posicion 0
2025-06-22 20:34:12 DEBUG CambioUIMenu:113 - Insertando item de menú 'Indicadores de estructura' en posicion 1
2025-06-22 20:34:12 DEBUG CambioUIMenu:113 - Insertando item de menú 'Indicadores de fecundidad' en posicion 2
2025-06-22 20:34:12 DEBUG CambioUIMenu:113 - Insertando item de menú 'Tablas de mortalidad' en posicion 1
2025-06-22 20:34:12 DEBUG CambioUIMenu:113 - Insertando item de menú 'Expectativas de salud' en posicion 2
2025-06-22 20:34:12 DEBUG CambioUIMenu:104 - Insertando item de menú 'Años potenciales de vida perdidos' en posicion 3
2025-06-22 20:34:12 DEBUG CambioUIMenu:104 - Insertando item de menú 'APVP y tasa bruta' en posicion 0
2025-06-22 20:34:12 DEBUG CambioUIMenu:113 - Insertando item de menú 'Una causa y varias poblaciones' en posicion 0
2025-06-22 20:34:12 DEBUG CambioUIMenu:113 - Insertando item de menú 'Varias causas y una población' en posicion 1
2025-06-22 20:34:12 DEBUG CambioUIMenu:113 - Insertando item de menú 'Tasa de APVP ajustada' en posicion 1
2025-06-22 20:34:12 DEBUG CambioUIMenu:113 - Insertando item de menú 'Descomposición del cambio en la EV' en posicion 4
2025-06-22 20:34:12 DEBUG CambioUIMenu:104 - Insertando item de menú 'Años de esperanza de vida perdidos' en posicion 5
2025-06-22 20:34:12 DEBUG CambioUIMenu:113 - Insertando item de menú 'Un período' en posicion 0
2025-06-22 20:34:12 DEBUG CambioUIMenu:113 - Insertando item de menú 'Comparación de dos períodos' en posicion 1
2025-06-22 20:34:12 DEBUG PluginEstandar:42 - Aplicando cambios de plugin 'modulo'...
2025-06-22 20:34:12 DEBUG CambioUIMenu:104 - Insertando item de menú 'Estimacion de la mortalidad atribuida' en posicion 6
2025-06-22 20:34:12 DEBUG CambioUIMenu:104 - Insertando item de menú 'Al consumo de tabaco' en posicion 0
2025-06-22 20:34:12 DEBUG CambioUIMenu:104 - Insertando item de menú 'Método dependiente de prevalencia' en posicion 0
2025-06-22 20:34:12 DEBUG CambioUIMenu:113 - Insertando item de menú 'Riesgos del estudio CPSII' en posicion 0
2025-06-22 20:34:12 DEBUG CambioUIMenu:113 - Insertando item de menú 'Riesgos de un estudio de cohortes' en posicion 1
2025-06-22 20:34:12 DEBUG CambioUIMenu:113 - Insertando item de menú 'Riesgos de un estudio de casos y controles' en posicion 2
2025-06-22 20:34:12 DEBUG CambioUIMenu:104 - Insertando item de menú 'Método independiente de prevalencia' en posicion 1
2025-06-22 20:34:12 DEBUG CambioUIMenu:113 - Insertando item de menú 'Riesgos del estudio CPSII' en posicion 0
2025-06-22 20:34:12 DEBUG CambioUIMenu:113 - Insertando item de menú 'Riesgos de un estudio de cohortes' en posicion 1
2025-06-22 20:34:12 DEBUG CambioUIMenu:104 - Insertando item de menú 'A otro factor de riesgo' en posicion 1
2025-06-22 20:34:12 DEBUG CambioUIMenu:113 - Insertando item de menú 'Riesgos de un estudio de cohortes' en posicion 0
2025-06-22 20:34:12 DEBUG CambioUIMenu:113 - Insertando item de menú 'Riesgos de un estudio de casos y controles' en posicion 1
2025-06-22 20:34:12 DEBUG PluginEstandar:42 - Aplicando cambios de plugin 'regresion'...
2025-06-22 20:34:12 DEBUG CambioUIMenu:104 - Insertando item de menú 'Regresión logística' en posicion 7
2025-06-22 20:34:12 DEBUG CambioUIMenu:113 - Insertando item de menú 'Regresión logística' en posicion 0
2025-06-22 20:34:12 DEBUG PluginEstandar:42 - Aplicando cambios de plugin 'Distribuciones de probabilidad'...
2025-06-22 20:34:12 DEBUG CambioUIMenu:104 - Insertando item de menú 'Distribuciones de probabilidad' en posicion 8
2025-06-22 20:34:12 DEBUG CambioUIMenu:104 - Insertando item de menú 'Cálculo de probabilidades' en posicion 0
2025-06-22 20:34:12 DEBUG CambioUIMenu:113 - Insertando item de menú 'Distribuciones discretas' en posicion 0
2025-06-22 20:34:12 DEBUG CambioUIMenu:113 - Insertando item de menú 'Distribuciones continuas' en posicion 1
2025-06-22 20:34:12 DEBUG CambioUIMenu:104 - Insertando item de menú 'Generación de distribuciones' en posicion 1
2025-06-22 20:34:12 DEBUG CambioUIMenu:113 - Insertando item de menú 'Distribuciones discretas' en posicion 0
2025-06-22 20:34:12 DEBUG CambioUIMenu:113 - Insertando item de menú 'Distribuciones continuas' en posicion 1
2025-06-22 20:34:12 DEBUG PluginEstandar:42 - Aplicando cambios de plugin 'analisisBayesiano'...
2025-06-22 20:34:12 DEBUG CambioUIMenu:104 - Insertando item de menú 'Análisis bayesiano' en posicion 9
2025-06-22 20:34:12 DEBUG CambioUIMenu:113 - Insertando item de menú 'Teorema de Bayes' en posicion 0
2025-06-22 20:34:12 DEBUG CambioUIMenu:113 - Insertando item de menú 'Odds ratio' en posicion 1
2025-06-22 20:34:12 DEBUG CambioUIMenu:104 - Insertando item de menú 'Proporción' en posicion 2
2025-06-22 20:34:12 DEBUG CambioUIMenu:104 - Insertando item de menú 'Una población' en posicion 0
2025-06-22 20:34:12 DEBUG CambioUIMenu:113 - Insertando item de menú 'Estimación de una proporción' en posicion 0
2025-06-22 20:34:12 DEBUG CambioUIMenu:113 - Insertando item de menú 'Valoración de hipótesis' en posicion 1
2025-06-22 20:34:12 DEBUG CambioUIMenu:104 - Insertando item de menú 'Dos poblaciones' en posicion 1
2025-06-22 20:34:12 DEBUG CambioUIMenu:113 - Insertando item de menú 'Estimación de efectos' en posicion 0
2025-06-22 20:34:12 DEBUG CambioUIMenu:113 - Insertando item de menú 'Valoración de hipótesis' en posicion 1
2025-06-22 20:34:12 DEBUG CambioUIMenu:104 - Insertando item de menú 'Media' en posicion 3
2025-06-22 20:34:12 DEBUG CambioUIMenu:104 - Insertando item de menú 'Una población' en posicion 0
2025-06-22 20:34:12 DEBUG CambioUIMenu:113 - Insertando item de menú 'Estimación de una media' en posicion 0
2025-06-22 20:34:12 DEBUG CambioUIMenu:113 - Insertando item de menú 'Valoración de hipótesis' en posicion 1
2025-06-22 20:34:12 DEBUG CambioUIMenu:104 - Insertando item de menú 'Dos poblaciones' en posicion 1
2025-06-22 20:34:12 DEBUG CambioUIMenu:113 - Insertando item de menú 'Estimación de una diferencia' en posicion 0
2025-06-22 20:34:12 DEBUG CambioUIMenu:113 - Insertando item de menú 'Valoración de hipótesis' en posicion 1
2025-06-22 20:34:12 DEBUG CambioUIMenu:113 - Insertando item de menú 'Valoración de pruebas convencionales' en posicion 4
2025-06-22 20:34:12 DEBUG PluginEstandar:42 - Aplicando cambios de plugin 'privaciones'...
2025-06-22 20:34:12 DEBUG CambioUIMenu:104 - Insertando item de menú 'Índices de desarrollo o privación' en posicion 10
2025-06-22 20:34:12 DEBUG CambioUIMenu:113 - Insertando item de menú 'Índice de desarrollo humano (IDH)' en posicion 0
2025-06-22 20:34:12 DEBUG CambioUIMenu:113 - Insertando item de menú 'Índice de desarrollo humano corregido para desigualdad de género (IDHG)' en posicion 1
2025-06-22 20:34:12 DEBUG CambioUIMenu:113 - Insertando item de menú 'Índice de Pobreza 1 (IP1)' en posicion 2
2025-06-22 20:34:12 DEBUG CambioUIMenu:113 - Insertando item de menú 'Índice de Pobreza 2 (IP2)' en posicion 3
2025-06-22 20:34:12 DEBUG CambioUIMenu:113 - Insertando item de menú 'Índice de pobreza multidimensional (IPM)' en posicion 4
2025-06-22 20:34:12 DEBUG CambioUIMenu:113 - Insertando item de menú 'Índice de desarrollo de la niñez (IDN)' en posicion 5
2025-06-22 20:34:12 DEBUG CambioUIMenu:113 - Insertando item de menú 'Índice de oportunidades en la niñez (ION)' en posicion 6
2025-06-22 20:34:12 DEBUG PluginEstandar:42 - Aplicando cambios de plugin 'Medición de Desigualdades'...
2025-06-22 20:34:12 DEBUG CambioUIMenu:104 - Insertando item de menú 'Medición de desigualdades en salud' en posicion 11
2025-06-22 20:34:12 DEBUG CambioUIMenu:104 - Insertando item de menú 'Índices para categorías ordenadas' en posicion 0
2025-06-22 20:34:12 DEBUG CambioUIMenu:113 - Insertando item de menú 'Índices basados en comparaciones dos a dos' en posicion 0
2025-06-22 20:34:12 DEBUG CambioUIMenu:113 - Insertando item de menú 'Índices basados en el modelo de regresión' en posicion 1
2025-06-22 20:34:12 DEBUG CambioUIMenu:104 - Insertando item de menú 'Índice de Gini e índice de concentración' en posicion 2
2025-06-22 20:34:12 DEBUG CambioUIMenu:113 - Insertando item de menú 'Índice de Gini y curva de Lorenz' en posicion 0
2025-06-22 20:34:12 DEBUG CambioUIMenu:113 - Insertando item de menú 'Índice y curva de concentración' en posicion 1
2025-06-22 20:34:12 DEBUG CambioUIMenu:104 - Insertando item de menú 'Índices para categorías no ordenadas' en posicion 1
2025-06-22 20:34:12 DEBUG CambioUIMenu:113 - Insertando item de menú 'Índices basados en comparaciones dos a dos' en posicion 0
2025-06-22 20:34:12 DEBUG CambioUIMenu:113 - Insertando item de menú 'Índices de dispersión' en posicion 1
2025-06-22 20:34:12 DEBUG CambioUIMenu:113 - Insertando item de menú 'Índices basados en la comparación de distribuciones de probabilidad' en posicion 2
2025-06-22 20:34:12 DEBUG CambioUIMenu:113 - Insertando item de menú 'Índice de efecto' en posicion 2
2025-06-22 20:37:31 WARN  StandardResourceBundle:33 - El bundle creado por 'EntornoEpidatBundle' no ha encontrado la clave 'calcular' o es vacía.
2025-06-22 20:37:31 WARN  StandardResourceBundle:33 - El bundle creado por 'EntornoEpidatBundle' no ha encontrado la clave 'ocultar' o es vacía.
2025-06-22 20:37:31 WARN  StandardResourceBundle:33 - El bundle creado por 'EntornoEpidatBundle' no ha encontrado la clave 'limpiar' o es vacía.
2025-06-22 20:37:31 WARN  StandardResourceBundle:33 - El bundle creado por 'EntornoEpidatBundle' no ha encontrado la clave 'generar.grafico' o es vacía.
2025-06-22 20:37:31 WARN  StandardResourceBundle:33 - El bundle creado por 'EntornoEpidatBundle' no ha encontrado la clave 'calcular' o es vacía.
2025-06-22 20:37:31 WARN  StandardResourceBundle:33 - El bundle creado por 'EntornoEpidatBundle' no ha encontrado la clave 'ocultar' o es vacía.
2025-06-22 20:37:31 WARN  StandardResourceBundle:33 - El bundle creado por 'EntornoEpidatBundle' no ha encontrado la clave 'limpiar' o es vacía.
2025-06-22 20:37:31 WARN  StandardResourceBundle:33 - El bundle creado por 'EntornoEpidatBundle' no ha encontrado la clave 'generar.grafico' o es vacía.
2025-06-22 20:37:31 WARN  StandardResourceBundle:33 - El bundle creado por 'EntornoEpidatBundle' no ha encontrado la clave 'calcular' o es vacía.
2025-06-22 20:37:31 WARN  StandardResourceBundle:33 - El bundle creado por 'EntornoEpidatBundle' no ha encontrado la clave 'ocultar' o es vacía.
2025-06-22 20:37:31 WARN  StandardResourceBundle:33 - El bundle creado por 'EntornoEpidatBundle' no ha encontrado la clave 'limpiar' o es vacía.
2025-06-22 20:37:31 WARN  StandardResourceBundle:33 - El bundle creado por 'EntornoEpidatBundle' no ha encontrado la clave 'generar.grafico' o es vacía.
2025-06-22 20:37:31 WARN  StandardResourceBundle:33 - El bundle creado por 'EntornoEpidatBundle' no ha encontrado la clave 'calcular' o es vacía.
2025-06-22 20:37:31 WARN  StandardResourceBundle:33 - El bundle creado por 'EntornoEpidatBundle' no ha encontrado la clave 'ocultar' o es vacía.
2025-06-22 20:37:31 WARN  StandardResourceBundle:33 - El bundle creado por 'EntornoEpidatBundle' no ha encontrado la clave 'limpiar' o es vacía.
2025-06-22 20:37:31 WARN  StandardResourceBundle:33 - El bundle creado por 'EntornoEpidatBundle' no ha encontrado la clave 'generar.grafico' o es vacía.
2025-06-22 20:39:02 WARN  StandardResourceBundle:33 - El bundle creado por 'EntornoEpidatBundle' no ha encontrado la clave 'calcular' o es vacía.
2025-06-22 20:39:02 WARN  StandardResourceBundle:33 - El bundle creado por 'EntornoEpidatBundle' no ha encontrado la clave 'ocultar' o es vacía.
2025-06-22 20:39:02 WARN  StandardResourceBundle:33 - El bundle creado por 'EntornoEpidatBundle' no ha encontrado la clave 'limpiar' o es vacía.
2025-06-22 20:39:02 WARN  StandardResourceBundle:33 - El bundle creado por 'EntornoEpidatBundle' no ha encontrado la clave 'generar.grafico' o es vacía.
2025-06-22 20:39:02 WARN  StandardResourceBundle:33 - El bundle creado por 'EntornoEpidatBundle' no ha encontrado la clave 'calcular' o es vacía.
2025-06-22 20:39:02 WARN  StandardResourceBundle:33 - El bundle creado por 'EntornoEpidatBundle' no ha encontrado la clave 'ocultar' o es vacía.
2025-06-22 20:39:02 WARN  StandardResourceBundle:33 - El bundle creado por 'EntornoEpidatBundle' no ha encontrado la clave 'limpiar' o es vacía.
2025-06-22 20:39:02 WARN  StandardResourceBundle:33 - El bundle creado por 'EntornoEpidatBundle' no ha encontrado la clave 'generar.grafico' o es vacía.
2025-06-22 20:39:02 WARN  StandardResourceBundle:33 - El bundle creado por 'EntornoEpidatBundle' no ha encontrado la clave 'calcular' o es vacía.
2025-06-22 20:39:02 WARN  StandardResourceBundle:33 - El bundle creado por 'EntornoEpidatBundle' no ha encontrado la clave 'ocultar' o es vacía.
2025-06-22 20:39:02 WARN  StandardResourceBundle:33 - El bundle creado por 'EntornoEpidatBundle' no ha encontrado la clave 'limpiar' o es vacía.
2025-06-22 20:39:02 WARN  StandardResourceBundle:33 - El bundle creado por 'EntornoEpidatBundle' no ha encontrado la clave 'generar.grafico' o es vacía.
2025-06-22 20:39:02 WARN  StandardResourceBundle:33 - El bundle creado por 'EntornoEpidatBundle' no ha encontrado la clave 'calcular' o es vacía.
2025-06-22 20:39:02 WARN  StandardResourceBundle:33 - El bundle creado por 'EntornoEpidatBundle' no ha encontrado la clave 'ocultar' o es vacía.
2025-06-22 20:39:02 WARN  StandardResourceBundle:33 - El bundle creado por 'EntornoEpidatBundle' no ha encontrado la clave 'limpiar' o es vacía.
2025-06-22 20:39:02 WARN  StandardResourceBundle:33 - El bundle creado por 'EntornoEpidatBundle' no ha encontrado la clave 'generar.grafico' o es vacía.
2025-06-22 20:44:33 WARN  StandardResourceBundle:33 - El bundle creado por 'EntornoEpidatBundle' no ha encontrado la clave 'calcular' o es vacía.
2025-06-22 20:44:33 WARN  StandardResourceBundle:33 - El bundle creado por 'EntornoEpidatBundle' no ha encontrado la clave 'ocultar' o es vacía.
2025-06-22 20:44:33 WARN  StandardResourceBundle:33 - El bundle creado por 'EntornoEpidatBundle' no ha encontrado la clave 'limpiar' o es vacía.
2025-06-22 20:44:33 WARN  StandardResourceBundle:33 - El bundle creado por 'EntornoEpidatBundle' no ha encontrado la clave 'generar.grafico' o es vacía.
2025-06-22 20:44:33 WARN  StandardResourceBundle:33 - El bundle creado por 'EntornoEpidatBundle' no ha encontrado la clave 'calcular' o es vacía.
2025-06-22 20:44:33 WARN  StandardResourceBundle:33 - El bundle creado por 'EntornoEpidatBundle' no ha encontrado la clave 'ocultar' o es vacía.
2025-06-22 20:44:33 WARN  StandardResourceBundle:33 - El bundle creado por 'EntornoEpidatBundle' no ha encontrado la clave 'limpiar' o es vacía.
2025-06-22 20:44:33 WARN  StandardResourceBundle:33 - El bundle creado por 'EntornoEpidatBundle' no ha encontrado la clave 'generar.grafico' o es vacía.
2025-06-22 20:44:33 WARN  StandardResourceBundle:33 - El bundle creado por 'EntornoEpidatBundle' no ha encontrado la clave 'calcular' o es vacía.
2025-06-22 20:44:33 WARN  StandardResourceBundle:33 - El bundle creado por 'EntornoEpidatBundle' no ha encontrado la clave 'ocultar' o es vacía.
2025-06-22 20:44:33 WARN  StandardResourceBundle:33 - El bundle creado por 'EntornoEpidatBundle' no ha encontrado la clave 'limpiar' o es vacía.
2025-06-22 20:44:33 WARN  StandardResourceBundle:33 - El bundle creado por 'EntornoEpidatBundle' no ha encontrado la clave 'generar.grafico' o es vacía.
2025-06-22 20:44:33 WARN  StandardResourceBundle:33 - El bundle creado por 'EntornoEpidatBundle' no ha encontrado la clave 'calcular' o es vacía.
2025-06-22 20:44:33 WARN  StandardResourceBundle:33 - El bundle creado por 'EntornoEpidatBundle' no ha encontrado la clave 'ocultar' o es vacía.
2025-06-22 20:44:33 WARN  StandardResourceBundle:33 - El bundle creado por 'EntornoEpidatBundle' no ha encontrado la clave 'limpiar' o es vacía.
2025-06-22 20:44:33 WARN  StandardResourceBundle:33 - El bundle creado por 'EntornoEpidatBundle' no ha encontrado la clave 'generar.grafico' o es vacía.
2025-06-22 20:47:33 WARN  StandardResourceBundle:33 - El bundle creado por 'EntornoEpidatBundle' no ha encontrado la clave 'calcular' o es vacía.
2025-06-22 20:47:33 WARN  StandardResourceBundle:33 - El bundle creado por 'EntornoEpidatBundle' no ha encontrado la clave 'ocultar' o es vacía.
2025-06-22 20:47:33 WARN  StandardResourceBundle:33 - El bundle creado por 'EntornoEpidatBundle' no ha encontrado la clave 'limpiar' o es vacía.
2025-06-22 20:47:33 WARN  StandardResourceBundle:33 - El bundle creado por 'EntornoEpidatBundle' no ha encontrado la clave 'generar.grafico' o es vacía.
2025-06-22 20:47:33 WARN  StandardResourceBundle:33 - El bundle creado por 'EntornoEpidatBundle' no ha encontrado la clave 'calcular' o es vacía.
2025-06-22 20:47:33 WARN  StandardResourceBundle:33 - El bundle creado por 'EntornoEpidatBundle' no ha encontrado la clave 'ocultar' o es vacía.
2025-06-22 20:47:33 WARN  StandardResourceBundle:33 - El bundle creado por 'EntornoEpidatBundle' no ha encontrado la clave 'limpiar' o es vacía.
2025-06-22 20:47:33 WARN  StandardResourceBundle:33 - El bundle creado por 'EntornoEpidatBundle' no ha encontrado la clave 'generar.grafico' o es vacía.
2025-06-22 20:47:33 WARN  StandardResourceBundle:33 - El bundle creado por 'EntornoEpidatBundle' no ha encontrado la clave 'calcular' o es vacía.
2025-06-22 20:47:33 WARN  StandardResourceBundle:33 - El bundle creado por 'EntornoEpidatBundle' no ha encontrado la clave 'ocultar' o es vacía.
2025-06-22 20:47:33 WARN  StandardResourceBundle:33 - El bundle creado por 'EntornoEpidatBundle' no ha encontrado la clave 'limpiar' o es vacía.
2025-06-22 20:47:33 WARN  StandardResourceBundle:33 - El bundle creado por 'EntornoEpidatBundle' no ha encontrado la clave 'generar.grafico' o es vacía.
2025-06-22 20:47:33 WARN  StandardResourceBundle:33 - El bundle creado por 'EntornoEpidatBundle' no ha encontrado la clave 'calcular' o es vacía.
2025-06-22 20:47:33 WARN  StandardResourceBundle:33 - El bundle creado por 'EntornoEpidatBundle' no ha encontrado la clave 'ocultar' o es vacía.
2025-06-22 20:47:33 WARN  StandardResourceBundle:33 - El bundle creado por 'EntornoEpidatBundle' no ha encontrado la clave 'limpiar' o es vacía.
2025-06-22 20:47:33 WARN  StandardResourceBundle:33 - El bundle creado por 'EntornoEpidatBundle' no ha encontrado la clave 'generar.grafico' o es vacía.
2025-06-22 20:48:24 WARN  StandardResourceBundle:33 - El bundle creado por 'EntornoEpidatBundle' no ha encontrado la clave 'calcular' o es vacía.
2025-06-22 20:48:24 WARN  StandardResourceBundle:33 - El bundle creado por 'EntornoEpidatBundle' no ha encontrado la clave 'ocultar' o es vacía.
2025-06-22 20:48:24 WARN  StandardResourceBundle:33 - El bundle creado por 'EntornoEpidatBundle' no ha encontrado la clave 'limpiar' o es vacía.
2025-06-22 20:48:24 WARN  StandardResourceBundle:33 - El bundle creado por 'EntornoEpidatBundle' no ha encontrado la clave 'generar.grafico' o es vacía.
2025-06-22 20:48:24 WARN  StandardResourceBundle:33 - El bundle creado por 'EntornoEpidatBundle' no ha encontrado la clave 'calcular' o es vacía.
2025-06-22 20:48:24 WARN  StandardResourceBundle:33 - El bundle creado por 'EntornoEpidatBundle' no ha encontrado la clave 'ocultar' o es vacía.
2025-06-22 20:48:24 WARN  StandardResourceBundle:33 - El bundle creado por 'EntornoEpidatBundle' no ha encontrado la clave 'limpiar' o es vacía.
2025-06-22 20:48:24 WARN  StandardResourceBundle:33 - El bundle creado por 'EntornoEpidatBundle' no ha encontrado la clave 'generar.grafico' o es vacía.
2025-06-22 20:48:24 WARN  StandardResourceBundle:33 - El bundle creado por 'EntornoEpidatBundle' no ha encontrado la clave 'calcular' o es vacía.
2025-06-22 20:48:24 WARN  StandardResourceBundle:33 - El bundle creado por 'EntornoEpidatBundle' no ha encontrado la clave 'ocultar' o es vacía.
2025-06-22 20:48:24 WARN  StandardResourceBundle:33 - El bundle creado por 'EntornoEpidatBundle' no ha encontrado la clave 'limpiar' o es vacía.
2025-06-22 20:48:24 WARN  StandardResourceBundle:33 - El bundle creado por 'EntornoEpidatBundle' no ha encontrado la clave 'generar.grafico' o es vacía.
2025-06-22 20:48:24 WARN  StandardResourceBundle:33 - El bundle creado por 'EntornoEpidatBundle' no ha encontrado la clave 'calcular' o es vacía.
2025-06-22 20:48:24 WARN  StandardResourceBundle:33 - El bundle creado por 'EntornoEpidatBundle' no ha encontrado la clave 'ocultar' o es vacía.
2025-06-22 20:48:24 WARN  StandardResourceBundle:33 - El bundle creado por 'EntornoEpidatBundle' no ha encontrado la clave 'limpiar' o es vacía.
2025-06-22 20:48:24 WARN  StandardResourceBundle:33 - El bundle creado por 'EntornoEpidatBundle' no ha encontrado la clave 'generar.grafico' o es vacía.
2025-06-22 20:50:00 WARN  StandardResourceBundle:33 - El bundle creado por 'EntornoEpidatBundle' no ha encontrado la clave 'calcular' o es vacía.
2025-06-22 20:50:00 WARN  StandardResourceBundle:33 - El bundle creado por 'EntornoEpidatBundle' no ha encontrado la clave 'ocultar' o es vacía.
2025-06-22 20:50:00 WARN  StandardResourceBundle:33 - El bundle creado por 'EntornoEpidatBundle' no ha encontrado la clave 'limpiar' o es vacía.
2025-06-22 20:50:00 WARN  StandardResourceBundle:33 - El bundle creado por 'EntornoEpidatBundle' no ha encontrado la clave 'generar.grafico' o es vacía.
2025-06-22 20:50:00 WARN  StandardResourceBundle:33 - El bundle creado por 'EntornoEpidatBundle' no ha encontrado la clave 'calcular' o es vacía.
2025-06-22 20:50:00 WARN  StandardResourceBundle:33 - El bundle creado por 'EntornoEpidatBundle' no ha encontrado la clave 'ocultar' o es vacía.
2025-06-22 20:50:00 WARN  StandardResourceBundle:33 - El bundle creado por 'EntornoEpidatBundle' no ha encontrado la clave 'limpiar' o es vacía.
2025-06-22 20:50:00 WARN  StandardResourceBundle:33 - El bundle creado por 'EntornoEpidatBundle' no ha encontrado la clave 'generar.grafico' o es vacía.
2025-06-22 20:50:00 WARN  StandardResourceBundle:33 - El bundle creado por 'EntornoEpidatBundle' no ha encontrado la clave 'calcular' o es vacía.
2025-06-22 20:50:00 WARN  StandardResourceBundle:33 - El bundle creado por 'EntornoEpidatBundle' no ha encontrado la clave 'ocultar' o es vacía.
2025-06-22 20:50:00 WARN  StandardResourceBundle:33 - El bundle creado por 'EntornoEpidatBundle' no ha encontrado la clave 'limpiar' o es vacía.
2025-06-22 20:50:00 WARN  StandardResourceBundle:33 - El bundle creado por 'EntornoEpidatBundle' no ha encontrado la clave 'generar.grafico' o es vacía.
2025-06-22 20:50:00 WARN  StandardResourceBundle:33 - El bundle creado por 'EntornoEpidatBundle' no ha encontrado la clave 'calcular' o es vacía.
2025-06-22 20:50:00 WARN  StandardResourceBundle:33 - El bundle creado por 'EntornoEpidatBundle' no ha encontrado la clave 'ocultar' o es vacía.
2025-06-22 20:50:00 WARN  StandardResourceBundle:33 - El bundle creado por 'EntornoEpidatBundle' no ha encontrado la clave 'limpiar' o es vacía.
2025-06-22 20:50:00 WARN  StandardResourceBundle:33 - El bundle creado por 'EntornoEpidatBundle' no ha encontrado la clave 'generar.grafico' o es vacía.
2025-06-22 20:50:52 WARN  StandardResourceBundle:33 - El bundle creado por 'EntornoEpidatBundle' no ha encontrado la clave 'calcular' o es vacía.
2025-06-22 20:50:52 WARN  StandardResourceBundle:33 - El bundle creado por 'EntornoEpidatBundle' no ha encontrado la clave 'ocultar' o es vacía.
2025-06-22 20:50:52 WARN  StandardResourceBundle:33 - El bundle creado por 'EntornoEpidatBundle' no ha encontrado la clave 'limpiar' o es vacía.
2025-06-22 20:50:52 WARN  StandardResourceBundle:33 - El bundle creado por 'EntornoEpidatBundle' no ha encontrado la clave 'generar.grafico' o es vacía.
2025-06-22 20:50:52 WARN  StandardResourceBundle:33 - El bundle creado por 'EntornoEpidatBundle' no ha encontrado la clave 'calcular' o es vacía.
2025-06-22 20:50:52 WARN  StandardResourceBundle:33 - El bundle creado por 'EntornoEpidatBundle' no ha encontrado la clave 'ocultar' o es vacía.
2025-06-22 20:50:52 WARN  StandardResourceBundle:33 - El bundle creado por 'EntornoEpidatBundle' no ha encontrado la clave 'limpiar' o es vacía.
2025-06-22 20:50:52 WARN  StandardResourceBundle:33 - El bundle creado por 'EntornoEpidatBundle' no ha encontrado la clave 'generar.grafico' o es vacía.
2025-06-22 20:50:52 WARN  StandardResourceBundle:33 - El bundle creado por 'EntornoEpidatBundle' no ha encontrado la clave 'calcular' o es vacía.
2025-06-22 20:50:52 WARN  StandardResourceBundle:33 - El bundle creado por 'EntornoEpidatBundle' no ha encontrado la clave 'ocultar' o es vacía.
2025-06-22 20:50:52 WARN  StandardResourceBundle:33 - El bundle creado por 'EntornoEpidatBundle' no ha encontrado la clave 'limpiar' o es vacía.
2025-06-22 20:50:52 WARN  StandardResourceBundle:33 - El bundle creado por 'EntornoEpidatBundle' no ha encontrado la clave 'generar.grafico' o es vacía.
2025-06-22 20:50:52 WARN  StandardResourceBundle:33 - El bundle creado por 'EntornoEpidatBundle' no ha encontrado la clave 'calcular' o es vacía.
2025-06-22 20:50:52 WARN  StandardResourceBundle:33 - El bundle creado por 'EntornoEpidatBundle' no ha encontrado la clave 'ocultar' o es vacía.
2025-06-22 20:50:52 WARN  StandardResourceBundle:33 - El bundle creado por 'EntornoEpidatBundle' no ha encontrado la clave 'limpiar' o es vacía.
2025-06-22 20:50:52 WARN  StandardResourceBundle:33 - El bundle creado por 'EntornoEpidatBundle' no ha encontrado la clave 'generar.grafico' o es vacía.
2025-06-22 20:52:00 WARN  StandardResourceBundle:33 - El bundle creado por 'EntornoEpidatBundle' no ha encontrado la clave 'calcular' o es vacía.
2025-06-22 20:52:00 WARN  StandardResourceBundle:33 - El bundle creado por 'EntornoEpidatBundle' no ha encontrado la clave 'ocultar' o es vacía.
2025-06-22 20:52:00 WARN  StandardResourceBundle:33 - El bundle creado por 'EntornoEpidatBundle' no ha encontrado la clave 'limpiar' o es vacía.
2025-06-22 20:52:00 WARN  StandardResourceBundle:33 - El bundle creado por 'EntornoEpidatBundle' no ha encontrado la clave 'generar.grafico' o es vacía.
2025-06-22 20:52:00 WARN  StandardResourceBundle:33 - El bundle creado por 'EntornoEpidatBundle' no ha encontrado la clave 'calcular' o es vacía.
2025-06-22 20:52:00 WARN  StandardResourceBundle:33 - El bundle creado por 'EntornoEpidatBundle' no ha encontrado la clave 'ocultar' o es vacía.
2025-06-22 20:52:00 WARN  StandardResourceBundle:33 - El bundle creado por 'EntornoEpidatBundle' no ha encontrado la clave 'limpiar' o es vacía.
2025-06-22 20:52:00 WARN  StandardResourceBundle:33 - El bundle creado por 'EntornoEpidatBundle' no ha encontrado la clave 'generar.grafico' o es vacía.
2025-06-22 20:52:00 WARN  StandardResourceBundle:33 - El bundle creado por 'EntornoEpidatBundle' no ha encontrado la clave 'calcular' o es vacía.
2025-06-22 20:52:00 WARN  StandardResourceBundle:33 - El bundle creado por 'EntornoEpidatBundle' no ha encontrado la clave 'ocultar' o es vacía.
2025-06-22 20:52:00 WARN  StandardResourceBundle:33 - El bundle creado por 'EntornoEpidatBundle' no ha encontrado la clave 'limpiar' o es vacía.
2025-06-22 20:52:00 WARN  StandardResourceBundle:33 - El bundle creado por 'EntornoEpidatBundle' no ha encontrado la clave 'generar.grafico' o es vacía.
2025-06-22 20:52:00 WARN  StandardResourceBundle:33 - El bundle creado por 'EntornoEpidatBundle' no ha encontrado la clave 'calcular' o es vacía.
2025-06-22 20:52:00 WARN  StandardResourceBundle:33 - El bundle creado por 'EntornoEpidatBundle' no ha encontrado la clave 'ocultar' o es vacía.
2025-06-22 20:52:00 WARN  StandardResourceBundle:33 - El bundle creado por 'EntornoEpidatBundle' no ha encontrado la clave 'limpiar' o es vacía.
2025-06-22 20:52:00 WARN  StandardResourceBundle:33 - El bundle creado por 'EntornoEpidatBundle' no ha encontrado la clave 'generar.grafico' o es vacía.
2025-11-08 08:57:00 INFO  Aplicacion:99 - Arrancando EPIDAT...
2025-11-08 08:57:01 INFO  Aplicacion:222 - 





2025-11-08 08:57:01 INFO  Aplicacion:223 - --------------------------------------------------------
2025-11-08 08:57:01 INFO  Aplicacion:224 - EPIDAT v4.2
2025-11-08 08:57:01 INFO  Aplicacion:225 - 		Fecha de arranque: 08-nov-2025 8:57:01
2025-11-08 08:57:01 INFO  Aplicacion:226 - 		Idioma: ES
2025-11-08 08:57:01 INFO  Aplicacion:227 - --------------------------------------------------------
2025-11-08 08:57:01 INFO  Aplicacion:228 - 

2025-11-08 08:57:01 DEBUG LeerPlugins:43 - Directorio Base:.\bin
2025-11-08 08:57:02 DEBUG LeerPlugins:71 - AjusteDeTasas.xml: Plugin 'ajusteDeTasas - 1.0 (indice 8)'
2025-11-08 08:57:02 DEBUG LeerPlugins:75 - 	Creada opción de menú 'Módulos/Ajuste de tasas/Método directo' con accion 'ajusteTasas.interfaz.AccionAjusteTasasDirecto'
2025-11-08 08:57:02 DEBUG LeerPlugins:75 - 	Creada opción de menú 'Módulos/Ajuste de tasas/Método indirecto' con accion 'ajusteTasas.interfaz.AccionAjusteTasasIndirecto'
2025-11-08 08:57:02 DEBUG LeerPlugins:71 - AnalisisBayesiano.xml: Plugin 'analisisBayesiano - 1.0 (indice 14)'
2025-11-08 08:57:02 DEBUG LeerPlugins:75 - 	Creada opción de menú 'Módulos/Análisis bayesiano/Teorema de Bayes' con accion 'analisisBayesiano.interfaz.ABTeoremaPlugin'
2025-11-08 08:57:02 DEBUG LeerPlugins:75 - 	Creada opción de menú 'Módulos/Análisis bayesiano/Odds ratio' con accion 'analisisBayesiano.interfaz.ABOddsRatioPlugin'
2025-11-08 08:57:02 DEBUG LeerPlugins:75 - 	Creada opción de menú 'Módulos/Análisis bayesiano/Proporción/Una población/Estimación de una proporción' con accion 'analisisBayesiano.interfaz.ABProporcionUnaEstimacionPlugin'
2025-11-08 08:57:02 DEBUG LeerPlugins:75 - 	Creada opción de menú 'Módulos/Análisis bayesiano/Proporción/Una población/Valoración de hipótesis' con accion 'analisisBayesiano.interfaz.ABProporcionUnaValoracionPlugin'
2025-11-08 08:57:02 DEBUG LeerPlugins:75 - 	Creada opción de menú 'Módulos/Análisis bayesiano/Proporción/Dos poblaciones/Estimación de efectos' con accion 'analisisBayesiano.interfaz.ABProporcionDosEstimacionPlugin'
2025-11-08 08:57:02 DEBUG LeerPlugins:75 - 	Creada opción de menú 'Módulos/Análisis bayesiano/Proporción/Dos poblaciones/Valoración de hipótesis' con accion 'analisisBayesiano.interfaz.ABProporcionDosValoracionPlugin'
2025-11-08 08:57:02 DEBUG LeerPlugins:75 - 	Creada opción de menú 'Módulos/Análisis bayesiano/Media/Una población/Estimación de una media' con accion 'analisisBayesiano.interfaz.ABMediaUnaEstimacionPlugin'
2025-11-08 08:57:02 DEBUG LeerPlugins:75 - 	Creada opción de menú 'Módulos/Análisis bayesiano/Media/Una población/Valoración de hipótesis' con accion 'analisisBayesiano.interfaz.ABMediaUnaValoracionPlugin'
2025-11-08 08:57:02 DEBUG LeerPlugins:75 - 	Creada opción de menú 'Módulos/Análisis bayesiano/Media/Dos poblaciones/Estimación de una diferencia' con accion 'analisisBayesiano.interfaz.ABMediaDosEstimacionPlugin'
2025-11-08 08:57:02 DEBUG LeerPlugins:75 - 	Creada opción de menú 'Módulos/Análisis bayesiano/Media/Dos poblaciones/Valoración de hipótesis' con accion 'analisisBayesiano.interfaz.ABMediaDosValoracionPlugin'
2025-11-08 08:57:02 DEBUG LeerPlugins:75 - 	Creada opción de menú 'Módulos/Análisis bayesiano/Valoración de pruebas convencionales' con accion 'analisisBayesiano.interfaz.ABValoracionPlugin'
2025-11-08 08:57:02 DEBUG LeerPlugins:71 - AnalisisDescriptivo.xml: Plugin 'Plugin - 1.0 (indice 0)'
2025-11-08 08:57:02 DEBUG LeerPlugins:75 - 	Creada opción de menú 'Módulos/Análisis descriptivo/Tablas de frecuencias' con accion 'analisisDescriptivo.interfaz.TablasFrecuenciaAccionPlugin'
2025-11-08 08:57:02 DEBUG LeerPlugins:75 - 	Creada opción de menú 'Módulos/Análisis descriptivo/Tablas de contingencia' con accion 'analisisDescriptivo.interfaz.TablasContingenciaAccionPlugin'
2025-11-08 08:57:02 DEBUG LeerPlugins:75 - 	Creada opción de menú 'Módulos/Análisis descriptivo/Estadísticos descriptivos' con accion 'analisisDescriptivo.interfaz.EstadisticosDescriptivosAccionPlugin'
2025-11-08 08:57:02 DEBUG LeerPlugins:75 - 	Creada opción de menú 'Módulos/Análisis descriptivo/Correlación' con accion 'analisisDescriptivo.interfaz.CorrelacionAccionPlugin'
2025-11-08 08:57:02 DEBUG LeerPlugins:75 - 	Creada opción de menú 'Módulos/Análisis descriptivo/Gráficos/Barras' con accion 'analisisDescriptivo.interfaz.GraficosBarrasAccionPlugin'
2025-11-08 08:57:02 DEBUG LeerPlugins:75 - 	Creada opción de menú 'Módulos/Análisis descriptivo/Gráficos/Sectores' con accion 'analisisDescriptivo.interfaz.GraficosSectoresAccionPlugin'
2025-11-08 08:57:02 DEBUG LeerPlugins:75 - 	Creada opción de menú 'Módulos/Análisis descriptivo/Gráficos/Líneas' con accion 'analisisDescriptivo.interfaz.GraficosLineasAccionPlugin'
2025-11-08 08:57:02 DEBUG LeerPlugins:75 - 	Creada opción de menú 'Módulos/Análisis descriptivo/Gráficos/Dispersión' con accion 'analisisDescriptivo.interfaz.GraficosDispersionAccionPlugin'
2025-11-08 08:57:02 DEBUG LeerPlugins:75 - 	Creada opción de menú 'Módulos/Análisis descriptivo/Gráficos/Histograma' con accion 'analisisDescriptivo.interfaz.GraficosHistogramaAccionPlugin'
2025-11-08 08:57:02 DEBUG LeerPlugins:75 - 	Creada opción de menú 'Módulos/Análisis descriptivo/Gráficos/Diagrama de cajas' con accion 'analisisDescriptivo.interfaz.GraficosDiagramaCajasAccionPlugin'
2025-11-08 08:57:02 DEBUG LeerPlugins:75 - 	Creada opción de menú 'Módulos/Análisis descriptivo/Gráficos/Intervalos de confianza' con accion 'analisisDescriptivo.interfaz.GraficosIntervalosConfianzaAccionPlugin'
2025-11-08 08:57:02 DEBUG LeerPlugins:71 - ConcordanciaYConsistencia.xml: Plugin 'ConcordanciaYConsistencia - 1.0 (indice 6)'
2025-11-08 08:57:02 DEBUG LeerPlugins:75 - 	Creada opción de menú 'Módulos/Concordancia y consistencia/Concordancia/2 Observadores' con accion 'concordanciaYConsistencia.interfaz.Concordancia2ObsAccionPlugin'
2025-11-08 08:57:02 DEBUG LeerPlugins:75 - 	Creada opción de menú 'Módulos/Concordancia y consistencia/Concordancia/3 o más observadores/2 categorías' con accion 'concordanciaYConsistencia.interfaz.Concordancia3_2CatAccionPlugin'
2025-11-08 08:57:02 DEBUG LeerPlugins:75 - 	Creada opción de menú 'Módulos/Concordancia y consistencia/Concordancia/3 o más observadores/3 ó más categorías' con accion 'concordanciaYConsistencia.interfaz.Concordancia3_3CatAccionPlugin'
2025-11-08 08:57:02 DEBUG LeerPlugins:75 - 	Creada opción de menú 'Módulos/Concordancia y consistencia/Concordancia/Comparación de kappas' con accion 'concordanciaYConsistencia.interfaz.ComparacionKappasAccionPlugin'
2025-11-08 08:57:02 DEBUG LeerPlugins:75 - 	Creada opción de menú 'Módulos/Concordancia y consistencia/Concordancia/Coeficiente de correlación intraclase' con accion 'concordanciaYConsistencia.interfaz.CorrelacionIntraclaseAccionPlugin'
2025-11-08 08:57:02 DEBUG LeerPlugins:75 - 	Creada opción de menú 'Módulos/Concordancia y consistencia/Concordancia/Método de Bland y Altman' con accion 'concordanciaYConsistencia.interfaz.BlandYAltmanAccionPlugin'
2025-11-08 08:57:02 DEBUG LeerPlugins:75 - 	Creada opción de menú 'Módulos/Concordancia y consistencia/Consistencia/Alpha de Cronbach' con accion 'concordanciaYConsistencia.interfaz.AlphaCronbachAccionPlugin'
2025-11-08 08:57:02 DEBUG LeerPlugins:71 - Demografia.xml: Plugin 'Demografía - 2.0 (indice 9)'
2025-11-08 08:57:02 DEBUG LeerPlugins:75 - 	Creada opción de menú 'Módulos/Demografía/Pirámides e indicadores/Pirámides de población' con accion 'demografia.interfaz.PiramidesAccionPlugin'
2025-11-08 08:57:02 DEBUG LeerPlugins:75 - 	Creada opción de menú 'Módulos/Demografía/Pirámides e indicadores/Indicadores de estructura' con accion 'demografia.interfaz.IndicadoresEstructuraAccionPlugin'
2025-11-08 08:57:02 DEBUG LeerPlugins:75 - 	Creada opción de menú 'Módulos/Demografía/Pirámides e indicadores/Indicadores de fecundidad' con accion 'demografia.interfaz.IndicadoresFecundidadAccionPlugin'
2025-11-08 08:57:02 DEBUG LeerPlugins:75 - 	Creada opción de menú 'Módulos/Demografía/Tablas de mortalidad' con accion 'demografia.interfaz.TablasMortalidadAccionPlugin'
2025-11-08 08:57:02 DEBUG LeerPlugins:75 - 	Creada opción de menú 'Módulos/Demografía/Expectativas de salud' con accion 'demografia.interfaz.ExpectativasSaludAccionPlugin'
2025-11-08 08:57:02 DEBUG LeerPlugins:75 - 	Creada opción de menú 'Módulos/Demografía/Años potenciales de vida perdidos/APVP y tasa bruta/Una causa y varias poblaciones' con accion 'demografia.interfaz.APVPYTasaBrutaUnaCausaAccionPlugin'
2025-11-08 08:57:02 DEBUG LeerPlugins:75 - 	Creada opción de menú 'Módulos/Demografía/Años potenciales de vida perdidos/APVP y tasa bruta/Varias causas y una población' con accion 'demografia.interfaz.APVPYTasaBrutaVariasCausasAccionPlugin'
2025-11-08 08:57:02 DEBUG LeerPlugins:75 - 	Creada opción de menú 'Módulos/Demografía/Años potenciales de vida perdidos/Tasa de APVP ajustada' con accion 'demografia.interfaz.TasaAPVPAjustadaAccionPlugin'
2025-11-08 08:57:02 DEBUG LeerPlugins:75 - 	Creada opción de menú 'Módulos/Demografía/Descomposición del cambio en la EV' con accion 'demografia.interfaz.DescomposicionCambioEVAccionPlugin'
2025-11-08 08:57:02 DEBUG LeerPlugins:75 - 	Creada opción de menú 'Módulos/Demografía/Años de esperanza de vida perdidos/Un período' con accion 'demografia.interfaz.AnosVidaPerdidosUnPeriodoAccionPlugin'
2025-11-08 08:57:02 DEBUG LeerPlugins:75 - 	Creada opción de menú 'Módulos/Demografía/Años de esperanza de vida perdidos/Comparación de dos períodos' con accion 'demografia.interfaz.AnosVidaPerdidosComparacionPeriodosAccionPlugin'
2025-11-08 08:57:02 DEBUG LeerPlugins:71 - DialogoAcercade.xml: Plugin 'Dialogo Acerca de ... - 1.0 (indice 5)'
2025-11-08 08:57:02 DEBUG LeerPlugins:75 - 	Creada opción de menú 'Ayuda/Acerca de' con accion 'dialogoacercade.interfaz.DialogoAcercaDeAccionPlugin'
2025-11-08 08:57:02 DEBUG LeerPlugins:71 - EstimacionMortalidad.xml: Plugin 'modulo - 1.0 (indice 10)'
2025-11-08 08:57:02 DEBUG LeerPlugins:75 - 	Creada opción de menú 'Módulos/Estimacion de la mortalidad atribuida/Al consumo de tabaco/Método dependiente de prevalencia/Riesgos del estudio CPSII' con accion 'estimacionMortalidad.interfaz.RiesgosCPSIIDependienteAccionPlugin'
2025-11-08 08:57:02 DEBUG LeerPlugins:75 - 	Creada opción de menú 'Módulos/Estimacion de la mortalidad atribuida/Al consumo de tabaco/Método dependiente de prevalencia/Riesgos de un estudio de cohortes' con accion 'estimacionMortalidad.interfaz.RiesgosCohortesDependienteAccionPlugin'
2025-11-08 08:57:02 DEBUG LeerPlugins:75 - 	Creada opción de menú 'Módulos/Estimacion de la mortalidad atribuida/Al consumo de tabaco/Método dependiente de prevalencia/Riesgos de un estudio de casos y controles' con accion 'estimacionMortalidad.interfaz.RiesgosCasosyControlesAccionPlugin'
2025-11-08 08:57:02 DEBUG LeerPlugins:75 - 	Creada opción de menú 'Módulos/Estimacion de la mortalidad atribuida/Al consumo de tabaco/Método independiente de prevalencia/Riesgos del estudio CPSII' con accion 'estimacionMortalidad.interfaz.RiesgosCPSIIIndependienteAccionPlugin'
2025-11-08 08:57:02 DEBUG LeerPlugins:75 - 	Creada opción de menú 'Módulos/Estimacion de la mortalidad atribuida/Al consumo de tabaco/Método independiente de prevalencia/Riesgos de un estudio de cohortes' con accion 'estimacionMortalidad.interfaz.RiesgosCohortesIndependienteAccionPlugin'
2025-11-08 08:57:02 DEBUG LeerPlugins:75 - 	Creada opción de menú 'Módulos/Estimacion de la mortalidad atribuida/A otro factor de riesgo/Riesgos de un estudio de cohortes' con accion 'estimacionMortalidad.interfaz.RiesgosCohortesDependiente2AccionPlugin'
2025-11-08 08:57:02 DEBUG LeerPlugins:75 - 	Creada opción de menú 'Módulos/Estimacion de la mortalidad atribuida/A otro factor de riesgo/Riesgos de un estudio de casos y controles' con accion 'estimacionMortalidad.interfaz.RiesgosCasosyControles2AccionPlugin'
2025-11-08 08:57:02 DEBUG LeerPlugins:71 - Herramientas.xml: Plugin 'Herramientas - 1.0 (indice 5)'
2025-11-08 08:57:02 DEBUG LeerPlugins:75 - 	Creada opción de menú 'Herramientas/Opciones' con accion 'herramientas.interfaz.OpcionesGraficasAccionPlugin'
2025-11-08 08:57:03 DEBUG LeerPlugins:71 - InferenciaSobreParametros.xml: Plugin 'inferenciasobreparametros - 1.0 (indice 5)'
2025-11-08 08:57:03 DEBUG LeerPlugins:75 - 	Creada opción de menú 'Módulos/Inferencia sobre parámetros/Una población/Media' con accion 'inferenciasobreparametros.interfaz.IPUnaPoblacionMediaAccionPlugin'
2025-11-08 08:57:03 DEBUG LeerPlugins:75 - 	Creada opción de menú 'Módulos/Inferencia sobre parámetros/Una población/Proporción' con accion 'inferenciasobreparametros.interfaz.IPUnaPoblacionProporcionAccionPlugin'
2025-11-08 08:57:03 DEBUG LeerPlugins:75 - 	Creada opción de menú 'Módulos/Inferencia sobre parámetros/Una población/Percentiles' con accion 'inferenciasobreparametros.interfaz.IPUnaPoblacionPercentilesAccionPlugin'
2025-11-08 08:57:03 DEBUG LeerPlugins:75 - 	Creada opción de menú 'Módulos/Inferencia sobre parámetros/Una población/Correlación' con accion 'inferenciasobreparametros.interfaz.IPUnaPoblacionCorrelacionAccionPlugin'
2025-11-08 08:57:03 DEBUG LeerPlugins:75 - 	Creada opción de menú 'Módulos/Inferencia sobre parámetros/Una población/Tasa de incidencia' con accion 'inferenciasobreparametros.interfaz.IPUnaPoblacionTasaIncidenciaAccionPlugin'
2025-11-08 08:57:03 DEBUG LeerPlugins:75 - 	Creada opción de menú 'Módulos/Inferencia sobre parámetros/Una población/Índice de posición' con accion 'inferenciasobreparametros.interfaz.IPUnaPoblacionIndicePosicionAccionPlugin'
2025-11-08 08:57:03 DEBUG LeerPlugins:75 - 	Creada opción de menú 'Módulos/Inferencia sobre parámetros/Dos poblaciones/Medias independientes' con accion 'inferenciasobreparametros.interfaz.IPDosPoblacionesMediasIndependientesAccionPlugin'
2025-11-08 08:57:03 DEBUG LeerPlugins:75 - 	Creada opción de menú 'Módulos/Inferencia sobre parámetros/Dos poblaciones/Medias emparejadas' con accion 'inferenciasobreparametros.interfaz.IPDosPoblacionesMediasEmparejadasAccionPlugin'
2025-11-08 08:57:03 DEBUG LeerPlugins:75 - 	Creada opción de menú 'Módulos/Inferencia sobre parámetros/Dos poblaciones/Proporciones independientes' con accion 'inferenciasobreparametros.interfaz.IPDosPoblacionesProporcionesIndependientesAccionPlugin'
2025-11-08 08:57:03 DEBUG LeerPlugins:75 - 	Creada opción de menú 'Módulos/Inferencia sobre parámetros/Dos poblaciones/Proporciones emparejadas' con accion 'inferenciasobreparametros.interfaz.IPDosPoblacionesProporcionesEmparejadasAccionPlugin'
2025-11-08 08:57:03 DEBUG LeerPlugins:75 - 	Creada opción de menú 'Módulos/Inferencia sobre parámetros/Dos poblaciones/Tasas de incidencia' con accion 'inferenciasobreparametros.interfaz.IPDosPoblacionesTasasIncidenciasAccionPlugin'
2025-11-08 08:57:03 DEBUG LeerPlugins:75 - 	Creada opción de menú 'Módulos/Inferencia sobre parámetros/Comparación no paramétrica/Medias independientes' con accion 'inferenciasobreparametros.interfaz.IPNoParametricaMediasIndependientesAccionPlugin'
2025-11-08 08:57:03 DEBUG LeerPlugins:75 - 	Creada opción de menú 'Módulos/Inferencia sobre parámetros/Comparación no paramétrica/Medias emparejadas' con accion 'inferenciasobreparametros.interfaz.IPNoParametricaMediasEmparejadasAccionPlugin'
2025-11-08 08:57:03 DEBUG LeerPlugins:75 - 	Creada opción de menú 'Módulos/Inferencia sobre parámetros/Contraste de normalidad' con accion 'inferenciasobreparametros.interfaz.IPContrasteNormalidadAccionPlugin'
2025-11-08 08:57:03 DEBUG LeerPlugins:71 - Internacionalizacion.xml: Plugin 'Herramientas - 1.0 (indice 5)'
2025-11-08 08:57:03 DEBUG LeerPlugins:75 - 	Creada opción de menú 'Herramientas/Idioma' con accion 'com.epidat.internacionalizacion.interfaz.CambiarIdiomaMenuItem'
2025-11-08 08:57:03 DEBUG LeerPlugins:71 - MedicionEnDesigualdadesEnSalud.xml: Plugin 'Medición de Desigualdades - 2.0 (indice 18)'
2025-11-08 08:57:03 DEBUG LeerPlugins:75 - 	Creada opción de menú 'Módulos/Medición de desigualdades en salud/Índices para categorías ordenadas/Índices basados en comparaciones dos a dos' con accion 'medicionDesigualdadesSalud.interfaz.Comparacion2a2VarOrdenadasAccionPlugin'
2025-11-08 08:57:03 DEBUG LeerPlugins:75 - 	Creada opción de menú 'Módulos/Medición de desigualdades en salud/Índices para categorías ordenadas/Índices basados en el modelo de regresión' con accion 'medicionDesigualdadesSalud.interfaz.IndicesDesigualdadAccionPlugin'
2025-11-08 08:57:03 DEBUG LeerPlugins:75 - 	Creada opción de menú 'Módulos/Medición de desigualdades en salud/Índices para categorías ordenadas/Índice de Gini e índice de concentración/Índice de Gini y curva de Lorenz' con accion 'medicionDesigualdadesSalud.interfaz.IndiceGiniCurvaLorenzAccionPlugin'
2025-11-08 08:57:03 DEBUG LeerPlugins:75 - 	Creada opción de menú 'Módulos/Medición de desigualdades en salud/Índices para categorías ordenadas/Índice de Gini e índice de concentración/Índice y curva de concentración' con accion 'medicionDesigualdadesSalud.interfaz.IndiceCurvaConcentracionAccionPlugin'
2025-11-08 08:57:03 DEBUG LeerPlugins:75 - 	Creada opción de menú 'Módulos/Medición de desigualdades en salud/Índices para categorías no ordenadas/Índices basados en comparaciones dos a dos' con accion 'medicionDesigualdadesSalud.interfaz.Comparacion2a2VarDesordenadasAccionPlugin'
2025-11-08 08:57:03 DEBUG LeerPlugins:75 - 	Creada opción de menú 'Módulos/Medición de desigualdades en salud/Índices para categorías no ordenadas/Índices de dispersión' con accion 'medicionDesigualdadesSalud.interfaz.IndicesDeDispersionAccionPlugin'
2025-11-08 08:57:03 DEBUG LeerPlugins:75 - 	Creada opción de menú 'Módulos/Medición de desigualdades en salud/Índices para categorías no ordenadas/Índices basados en la comparación de distribuciones de probabilidad' con accion 'medicionDesigualdadesSalud.interfaz.IndicesBasadosComparacionDistProbabilidadAccionPlugin'
2025-11-08 08:57:03 DEBUG LeerPlugins:75 - 	Creada opción de menú 'Módulos/Medición de desigualdades en salud/Índice de efecto' con accion 'medicionDesigualdadesSalud.interfaz.IndiceEfectoAccionPlugin'
2025-11-08 08:57:03 DEBUG LeerPlugins:71 - ModulosFaltantes.xml: Plugin 'modulosFaltantes - 1.0 (indice 1)'
2025-11-08 08:57:03 DEBUG LeerPlugins:75 - 	Creada opción de menú 'Ayuda/Módulos aún no implementados' con accion 'modulosFaltantes.interfaz.AyudaPlugin'
2025-11-08 08:57:03 DEBUG LeerPlugins:71 - MuestreoSeleccionYEstimacion.xml: Plugin 'Muestreo 2 - 1.0 (indice 3)'
2025-11-08 08:57:03 DEBUG LeerPlugins:75 - 	Creada opción de menú 'Módulos/Muestreo/Selección de muestras/Muestreo simple aleatorio' con accion 'seleccionMuestras.interfaz.MuestreoSimpleAleatorioAccionPlugin'
2025-11-08 08:57:03 DEBUG LeerPlugins:75 - 	Creada opción de menú 'Módulos/Muestreo/Selección de muestras/Muestreo sistemático' con accion 'seleccionMuestras.interfaz.MuestreoSistematicoAccionPlugin'
2025-11-08 08:57:03 DEBUG LeerPlugins:75 - 	Creada opción de menú 'Módulos/Muestreo/Selección de muestras/Muestreo aleatorio estratificado' con accion 'seleccionMuestras.interfaz.MuestreoAleatorioEstratificadoAccionPlugin'
2025-11-08 08:57:03 DEBUG LeerPlugins:75 - 	Creada opción de menú 'Módulos/Muestreo/Selección de muestras/Muestreo por conglomerados monoetápico' con accion 'seleccionMuestras.interfaz.MuestreoConglomeradosMonoAccionPlugin'
2025-11-08 08:57:03 DEBUG LeerPlugins:75 - 	Creada opción de menú 'Módulos/Muestreo/Selección de muestras/Muestreo por conglomerados bietápico' con accion 'seleccionMuestras.interfaz.MuestreoConglomeradosBiAccionPlugin'
2025-11-08 08:57:03 DEBUG LeerPlugins:75 - 	Creada opción de menú 'Módulos/Muestreo/Selección de muestras/Muestreo por conglomerados monoetápico estratificado' con accion 'seleccionMuestras.interfaz.MuestreoConglMonoEstratAccionPlugin'
2025-11-08 08:57:03 DEBUG LeerPlugins:75 - 	Creada opción de menú 'Módulos/Muestreo/Selección de muestras/Muestreo por conglomerados bietápico estratificado' con accion 'seleccionMuestras.interfaz.MuestreoConglBiEstratAccionPlugin'
2025-11-08 08:57:03 DEBUG LeerPlugins:75 - 	Creada opción de menú 'Módulos/Muestreo/Asignación de sujetos a tratamientos' con accion 'seleccionMuestras.interfaz.AsignacionSujetosTratamientosAccionPlugin'
2025-11-08 08:57:03 DEBUG LeerPlugins:75 - 	Creada opción de menú 'Módulos/Muestreo/Estimación con muestras complejas' con accion 'emuco.interfaz.EmucoAccionPlugin'
2025-11-08 08:57:03 DEBUG LeerPlugins:71 - MuestreoTamanosDeMuestra.xml: Plugin 'Muestreo 1 - 1.0 (indice 2)'
2025-11-08 08:57:03 DEBUG LeerPlugins:75 - 	Creada opción de menú 'Módulos/Muestreo/Cálculo de tamaños de muestra/Intervalos de confianza/Media' con accion 'tamsMuestra.intervalosConfianza.interfaz.MediaAccionPlugin'
2025-11-08 08:57:03 DEBUG LeerPlugins:75 - 	Creada opción de menú 'Módulos/Muestreo/Cálculo de tamaños de muestra/Intervalos de confianza/Proporción' con accion 'tamsMuestra.intervalosConfianza.interfaz.ProporcionAccionPlugin'
2025-11-08 08:57:03 DEBUG LeerPlugins:75 - 	Creada opción de menú 'Módulos/Muestreo/Cálculo de tamaños de muestra/Intervalos de confianza/Odds ratio' con accion 'tamsMuestra.intervalosConfianza.interfaz.OddsRatioAccionPlugin'
2025-11-08 08:57:03 DEBUG LeerPlugins:75 - 	Creada opción de menú 'Módulos/Muestreo/Cálculo de tamaños de muestra/Intervalos de confianza/Riesgo relativo' con accion 'tamsMuestra.intervalosConfianza.interfaz.RiesgoRelativoAccionPlugin'
2025-11-08 08:57:03 DEBUG LeerPlugins:75 - 	Creada opción de menú 'Módulos/Muestreo/Cálculo de tamaños de muestra/Intervalos de confianza/Concordancia' con accion 'tamsMuestra.intervalosConfianza.interfaz.ConcordanciaAccionPlugin'
2025-11-08 08:57:03 DEBUG LeerPlugins:75 - 	Creada opción de menú 'Módulos/Muestreo/Cálculo de tamaños de muestra/Intervalos de confianza/Pruebas diagnósticas' con accion 'tamsMuestra.intervalosConfianza.interfaz.SensibilidadYEspecificidadAccionPlugin'
2025-11-08 08:57:03 DEBUG LeerPlugins:75 - 	Creada opción de menú 'Módulos/Muestreo/Cálculo de tamaños de muestra/Contraste de hipótesis/Comparación de medias/Grupos independientes' con accion 'tamsMuestra.contrastesHipotesis.interfaz.ComparacionMediasIndependientesAccionPlugin'
2025-11-08 08:57:03 DEBUG LeerPlugins:75 - 	Creada opción de menú 'Módulos/Muestreo/Cálculo de tamaños de muestra/Contraste de hipótesis/Comparación de medias/Grupos emparejados' con accion 'tamsMuestra.contrastesHipotesis.interfaz.ComparacionMediasEmparejadasAccionPlugin'
2025-11-08 08:57:03 DEBUG LeerPlugins:75 - 	Creada opción de menú 'Módulos/Muestreo/Cálculo de tamaños de muestra/Contraste de hipótesis/Comparación de proporciones/Grupos independientes' con accion 'tamsMuestra.contrastesHipotesis.interfaz.ComparacionProporcionesIndependientesAccionPlugin'
2025-11-08 08:57:03 DEBUG LeerPlugins:75 - 	Creada opción de menú 'Módulos/Muestreo/Cálculo de tamaños de muestra/Contraste de hipótesis/Comparación de proporciones/Grupos emparejados' con accion 'tamsMuestra.contrastesHipotesis.interfaz.ComparacionProporcionesEmparejadasAccionPlugin'
2025-11-08 08:57:03 DEBUG LeerPlugins:75 - 	Creada opción de menú 'Módulos/Muestreo/Cálculo de tamaños de muestra/Contraste de hipótesis/Estudios de casos y controles/Grupos independientes' con accion 'tamsMuestra.contrastesHipotesis.interfaz.EstudiosCasosIndependientesAccionPlugin'
2025-11-08 08:57:03 DEBUG LeerPlugins:75 - 	Creada opción de menú 'Módulos/Muestreo/Cálculo de tamaños de muestra/Contraste de hipótesis/Estudios de cohorte' con accion 'tamsMuestra.contrastesHipotesis.interfaz.EstudiosCohorteAccionPlugin'
2025-11-08 08:57:03 DEBUG LeerPlugins:75 - 	Creada opción de menú 'Módulos/Muestreo/Cálculo de tamaños de muestra/Contraste de hipótesis/Estudios de casos y controles/Grupos emparejados' con accion 'tamsMuestra.contrastesHipotesis.interfaz.EstudiosCasosEmparejadosAccionPlugin'
2025-11-08 08:57:03 DEBUG LeerPlugins:75 - 	Creada opción de menú 'Módulos/Muestreo/Cálculo de tamaños de muestra/Contraste de hipótesis/Estudios de equivalencia/Equivalencia de medias' con accion 'tamsMuestra.contrastesHipotesis.interfaz.EquivalenciaMediasAccionPlugin'
2025-11-08 08:57:03 DEBUG LeerPlugins:75 - 	Creada opción de menú 'Módulos/Muestreo/Cálculo de tamaños de muestra/Contraste de hipótesis/Estudios de equivalencia/Equivalencia de proporciones' con accion 'tamsMuestra.contrastesHipotesis.interfaz.EquivalenciaProporcionesAccionPlugin'
2025-11-08 08:57:03 DEBUG LeerPlugins:75 - 	Creada opción de menú 'Módulos/Muestreo/Cálculo de tamaños de muestra/Contraste de hipótesis/Pruebas diagnósticas/Grupos independientes' con accion 'tamsMuestra.contrastesHipotesis.interfaz.PruebasDxGIAccionPlugin'
2025-11-08 08:57:03 DEBUG LeerPlugins:75 - 	Creada opción de menú 'Módulos/Muestreo/Cálculo de tamaños de muestra/Contraste de hipótesis/Pruebas diagnósticas/Grupos emparejados' con accion 'tamsMuestra.contrastesHipotesis.interfaz.PruebasDxGEAccionPlugin'
2025-11-08 08:57:03 DEBUG LeerPlugins:75 - 	Creada opción de menú 'Módulos/Muestreo/Cálculo de tamaños de muestra/Contraste de hipótesis/Calidad de lotes' con accion 'tamsMuestra.contrastesHipotesis.interfaz.CalidadLotesAccionPlugin'
2025-11-08 08:57:03 DEBUG LeerPlugins:75 - 	Creada opción de menú 'Módulos/Muestreo/Cálculo de tamaños de muestra/Contraste de hipótesis/Supervivencia' con accion 'tamsMuestra.contrastesHipotesis.interfaz.SupervivenciaAccionPlugin'
2025-11-08 08:57:03 DEBUG LeerPlugins:75 - 	Creada opción de menú 'Módulos/Muestreo/Cálculo de tamaños de muestra/Contraste de hipótesis/Coeficiente de correlación' con accion 'tamsMuestra.contrastesHipotesis.interfaz.CorrelacionAccionPlugin'
2025-11-08 08:57:03 DEBUG LeerPlugins:71 - Privaciones.xml: Plugin 'privaciones - 1.0 (indice 16)'
2025-11-08 08:57:03 DEBUG LeerPlugins:75 - 	Creada opción de menú 'Módulos/Índices de desarrollo o privación/Índice de desarrollo humano (IDH)' con accion 'privaciones.interfaz.Privations_Pluggin_AE_IDH'
2025-11-08 08:57:03 DEBUG LeerPlugins:75 - 	Creada opción de menú 'Módulos/Índices de desarrollo o privación/Índice de desarrollo humano corregido para desigualdad de género (IDHG)' con accion 'privaciones.interfaz.Privations_Pluggin_AE_IDHG'
2025-11-08 08:57:03 DEBUG LeerPlugins:75 - 	Creada opción de menú 'Módulos/Índices de desarrollo o privación/Índice de Pobreza 1 (IP1)' con accion 'privaciones.interfaz.Privations_Pluggin_AE_IP1'
2025-11-08 08:57:03 DEBUG LeerPlugins:75 - 	Creada opción de menú 'Módulos/Índices de desarrollo o privación/Índice de Pobreza 2 (IP2)' con accion 'privaciones.interfaz.Privations_Pluggin_AE_IP2'
2025-11-08 08:57:03 DEBUG LeerPlugins:75 - 	Creada opción de menú 'Módulos/Índices de desarrollo o privación/Índice de pobreza multidimensional (IPM)' con accion 'privaciones.interfaz.Privations_Pluggin_AE_IPM'
2025-11-08 08:57:03 DEBUG LeerPlugins:75 - 	Creada opción de menú 'Módulos/Índices de desarrollo o privación/Índice de desarrollo de la niñez (IDN)' con accion 'privaciones.interfaz.Privations_Pluggin_AE_IDN'
2025-11-08 08:57:03 DEBUG LeerPlugins:75 - 	Creada opción de menú 'Módulos/Índices de desarrollo o privación/Índice de oportunidades en la niñez (ION)' con accion 'privaciones.interfaz.Privations_Pluggin_AE_ION'
2025-11-08 08:57:03 DEBUG LeerPlugins:71 - Probabilidades.xml: Plugin 'Distribuciones de probabilidad - 2.0 (indice 13)'
2025-11-08 08:57:03 DEBUG LeerPlugins:75 - 	Creada opción de menú 'Módulos/Distribuciones de probabilidad/Cálculo de probabilidades/Distribuciones discretas' con accion 'probabilidades.interfaz.ProbabilidadCalcDiscretasAccionPlugin'
2025-11-08 08:57:03 DEBUG LeerPlugins:75 - 	Creada opción de menú 'Módulos/Distribuciones de probabilidad/Cálculo de probabilidades/Distribuciones continuas' con accion 'probabilidades.interfaz.ProbabilidadCalcContinuasAccionPlugin'
2025-11-08 08:57:03 DEBUG LeerPlugins:75 - 	Creada opción de menú 'Módulos/Distribuciones de probabilidad/Generación de distribuciones/Distribuciones discretas' con accion 'probabilidades.interfaz.ProbabilidadGenDiscretasAccionPlugin'
2025-11-08 08:57:03 DEBUG LeerPlugins:75 - 	Creada opción de menú 'Módulos/Distribuciones de probabilidad/Generación de distribuciones/Distribuciones continuas' con accion 'probabilidades.interfaz.ProbabilidadGenContinuasAccionPlugin'
2025-11-08 08:57:03 DEBUG LeerPlugins:71 - RegresionLogistica.xml: Plugin 'regresion - 1.0 (indice 11)'
2025-11-08 08:57:03 DEBUG LeerPlugins:75 - 	Creada opción de menú 'Módulos/Regresión logística/Regresión logística' con accion 'regresion.interfaz.Regression_Pluggin_AE'
2025-11-08 08:57:04 WARN  StandardResourceBundle:33 - El bundle creado por 'EntornoEpidatBundle' no ha encontrado la clave 'EpidatForm.nomArchivoOculto.AccessibleContext.accessibleName' o es vacía.
2025-11-08 08:57:04 WARN  StandardResourceBundle:33 - El bundle creado por 'EntornoEpidatBundle' no ha encontrado la clave 'EpidatForm.nomArchivoOculto.AccessibleContext.accessibleDescription' o es vacía.
2025-11-08 08:57:05 WARN  StandardResourceBundle:33 - El bundle creado por 'EntornoEpidatBundle' no ha encontrado la clave 'EpidatForm.text' o es vacía.
2025-11-08 08:57:05 WARN  StandardResourceBundle:33 - El bundle creado por 'EntornoEpidatBundle' no ha encontrado la clave 'EpidatForm.text' o es vacía.
2025-11-08 08:57:05 WARN  StandardResourceBundle:33 - El bundle creado por 'EntornoEpidatBundle' no ha encontrado la clave 'EpidatForm.text' o es vacía.
2025-11-08 08:57:05 WARN  StandardResourceBundle:33 - El bundle creado por 'EntornoEpidatBundle' no ha encontrado la clave 'EpidatForm.botonColor.text' o es vacía.
2025-11-08 08:57:05 WARN  StandardResourceBundle:33 - El bundle creado por 'EntornoEpidatBundle' no ha encontrado la clave 'EpidatForm.botonAlineaI.text' o es vacía.
2025-11-08 08:57:05 WARN  StandardResourceBundle:33 - El bundle creado por 'EntornoEpidatBundle' no ha encontrado la clave 'EpidatForm.botonAlineaC.text' o es vacía.
2025-11-08 08:57:05 WARN  StandardResourceBundle:33 - El bundle creado por 'EntornoEpidatBundle' no ha encontrado la clave 'EpidatForm.botonAlineaD.text' o es vacía.
2025-11-08 08:57:05 WARN  StandardResourceBundle:33 - El bundle creado por 'EntornoEpidatBundle' no ha encontrado la clave 'EpidatForm.botonAlineaJ.text' o es vacía.
2025-11-08 08:57:05 WARN  StandardResourceBundle:33 - El bundle creado por 'EntornoEpidatBundle' no ha encontrado la clave 'EpidatForm.nomArchivoPresentado.text' o es vacía.
2025-11-08 08:57:05 WARN  StandardResourceBundle:33 - El bundle creado por 'EntornoEpidatBundle' no ha encontrado la clave 'EpidatForm.labelProgreso.text' o es vacía.
2025-11-08 08:57:05 DEBUG PluginEstandar:42 - Aplicando cambios de plugin 'Plugin'...
2025-11-08 08:57:05 DEBUG CambioUIMenu:104 - Insertando item de menú 'Análisis descriptivo' en posicion 0
2025-11-08 08:57:05 DEBUG CambioUIMenu:113 - Insertando item de menú 'Tablas de frecuencias' en posicion 0
2025-11-08 08:57:05 DEBUG CambioUIMenu:113 - Insertando item de menú 'Tablas de contingencia' en posicion 1
2025-11-08 08:57:05 DEBUG CambioUIMenu:113 - Insertando item de menú 'Estadísticos descriptivos' en posicion 2
2025-11-08 08:57:05 DEBUG CambioUIMenu:113 - Insertando item de menú 'Correlación' en posicion 3
2025-11-08 08:57:05 DEBUG CambioUIMenu:104 - Insertando item de menú 'Gráficos' en posicion 4
2025-11-08 08:57:05 DEBUG CambioUIMenu:113 - Insertando item de menú 'Barras' en posicion 0
2025-11-08 08:57:05 DEBUG CambioUIMenu:113 - Insertando item de menú 'Sectores' en posicion 1
2025-11-08 08:57:05 DEBUG CambioUIMenu:113 - Insertando item de menú 'Líneas' en posicion 2
2025-11-08 08:57:05 DEBUG CambioUIMenu:113 - Insertando item de menú 'Dispersión' en posicion 3
2025-11-08 08:57:05 DEBUG CambioUIMenu:113 - Insertando item de menú 'Histograma' en posicion 4
2025-11-08 08:57:05 DEBUG CambioUIMenu:113 - Insertando item de menú 'Diagrama de cajas' en posicion 5
2025-11-08 08:57:05 DEBUG CambioUIMenu:113 - Insertando item de menú 'Intervalos de confianza' en posicion 6
2025-11-08 08:57:05 DEBUG PluginEstandar:42 - Aplicando cambios de plugin 'modulosFaltantes'...
2025-11-08 08:57:05 DEBUG CambioUIMenu:113 - Insertando item de menú 'Módulos aún no implementados' en posicion 2
2025-11-08 08:57:05 DEBUG PluginEstandar:42 - Aplicando cambios de plugin 'Muestreo 1'...
2025-11-08 08:57:05 DEBUG CambioUIMenu:104 - Insertando item de menú 'Muestreo' en posicion 1
2025-11-08 08:57:05 DEBUG CambioUIMenu:104 - Insertando item de menú 'Cálculo de tamaños de muestra' en posicion 0
2025-11-08 08:57:05 DEBUG CambioUIMenu:104 - Insertando item de menú 'Intervalos de confianza' en posicion 0
2025-11-08 08:57:05 DEBUG CambioUIMenu:113 - Insertando item de menú 'Media' en posicion 0
2025-11-08 08:57:05 DEBUG CambioUIMenu:113 - Insertando item de menú 'Proporción' en posicion 1
2025-11-08 08:57:05 DEBUG CambioUIMenu:113 - Insertando item de menú 'Odds ratio' en posicion 2
2025-11-08 08:57:05 DEBUG CambioUIMenu:113 - Insertando item de menú 'Riesgo relativo' en posicion 3
2025-11-08 08:57:05 DEBUG CambioUIMenu:113 - Insertando item de menú 'Concordancia' en posicion 4
2025-11-08 08:57:05 DEBUG CambioUIMenu:113 - Insertando item de menú 'Pruebas diagnósticas' en posicion 5
2025-11-08 08:57:05 DEBUG CambioUIMenu:104 - Insertando item de menú 'Contraste de hipótesis' en posicion 1
2025-11-08 08:57:05 DEBUG CambioUIMenu:104 - Insertando item de menú 'Comparación de medias' en posicion 0
2025-11-08 08:57:05 DEBUG CambioUIMenu:113 - Insertando item de menú 'Grupos independientes' en posicion 0
2025-11-08 08:57:05 DEBUG CambioUIMenu:113 - Insertando item de menú 'Grupos emparejados' en posicion 1
2025-11-08 08:57:05 DEBUG CambioUIMenu:104 - Insertando item de menú 'Comparación de proporciones' en posicion 1
2025-11-08 08:57:05 DEBUG CambioUIMenu:113 - Insertando item de menú 'Grupos independientes' en posicion 0
2025-11-08 08:57:05 DEBUG CambioUIMenu:113 - Insertando item de menú 'Grupos emparejados' en posicion 1
2025-11-08 08:57:05 DEBUG CambioUIMenu:104 - Insertando item de menú 'Estudios de casos y controles' en posicion 2
2025-11-08 08:57:05 DEBUG CambioUIMenu:113 - Insertando item de menú 'Grupos independientes' en posicion 0
2025-11-08 08:57:05 DEBUG CambioUIMenu:113 - Insertando item de menú 'Estudios de cohorte' en posicion 3
2025-11-08 08:57:05 DEBUG CambioUIMenu:113 - Insertando item de menú 'Grupos emparejados' en posicion 1
2025-11-08 08:57:05 DEBUG CambioUIMenu:104 - Insertando item de menú 'Estudios de equivalencia' en posicion 4
2025-11-08 08:57:05 DEBUG CambioUIMenu:113 - Insertando item de menú 'Equivalencia de medias' en posicion 0
2025-11-08 08:57:05 DEBUG CambioUIMenu:113 - Insertando item de menú 'Equivalencia de proporciones' en posicion 1
2025-11-08 08:57:05 DEBUG CambioUIMenu:104 - Insertando item de menú 'Pruebas diagnósticas' en posicion 5
2025-11-08 08:57:05 DEBUG CambioUIMenu:113 - Insertando item de menú 'Grupos independientes' en posicion 0
2025-11-08 08:57:05 DEBUG CambioUIMenu:113 - Insertando item de menú 'Grupos emparejados' en posicion 1
2025-11-08 08:57:05 DEBUG CambioUIMenu:113 - Insertando item de menú 'Calidad de lotes' en posicion 6
2025-11-08 08:57:05 DEBUG CambioUIMenu:113 - Insertando item de menú 'Supervivencia' en posicion 7
2025-11-08 08:57:05 DEBUG CambioUIMenu:113 - Insertando item de menú 'Coeficiente de correlación' en posicion 8
2025-11-08 08:57:05 DEBUG PluginEstandar:42 - Aplicando cambios de plugin 'Muestreo 2'...
2025-11-08 08:57:05 DEBUG CambioUIMenu:104 - Insertando item de menú 'Selección de muestras' en posicion 1
2025-11-08 08:57:05 DEBUG CambioUIMenu:113 - Insertando item de menú 'Muestreo simple aleatorio' en posicion 0
2025-11-08 08:57:05 DEBUG CambioUIMenu:113 - Insertando item de menú 'Muestreo sistemático' en posicion 1
2025-11-08 08:57:05 DEBUG CambioUIMenu:113 - Insertando item de menú 'Muestreo aleatorio estratificado' en posicion 2
2025-11-08 08:57:05 DEBUG CambioUIMenu:113 - Insertando item de menú 'Muestreo por conglomerados monoetápico' en posicion 3
2025-11-08 08:57:05 DEBUG CambioUIMenu:113 - Insertando item de menú 'Muestreo por conglomerados bietápico' en posicion 4
2025-11-08 08:57:05 DEBUG CambioUIMenu:113 - Insertando item de menú 'Muestreo por conglomerados monoetápico estratificado' en posicion 5
2025-11-08 08:57:05 DEBUG CambioUIMenu:113 - Insertando item de menú 'Muestreo por conglomerados bietápico estratificado' en posicion 6
2025-11-08 08:57:05 DEBUG CambioUIMenu:113 - Insertando item de menú 'Asignación de sujetos a tratamientos' en posicion 2
2025-11-08 08:57:05 DEBUG CambioUIMenu:113 - Insertando item de menú 'Estimación con muestras complejas' en posicion 3
2025-11-08 08:57:05 DEBUG PluginEstandar:42 - Aplicando cambios de plugin 'Dialogo Acerca de ...'...
2025-11-08 08:57:05 DEBUG CambioUIMenu:113 - Insertando item de menú 'Acerca de' en posicion 3
2025-11-08 08:57:05 DEBUG PluginEstandar:42 - Aplicando cambios de plugin 'Herramientas'...
2025-11-08 08:57:05 DEBUG CambioUIMenu:113 - Insertando item de menú 'Opciones' en posicion 0
2025-11-08 08:57:05 DEBUG PluginEstandar:42 - Aplicando cambios de plugin 'inferenciasobreparametros'...
2025-11-08 08:57:05 DEBUG CambioUIMenu:104 - Insertando item de menú 'Inferencia sobre parámetros' en posicion 2
2025-11-08 08:57:05 DEBUG CambioUIMenu:104 - Insertando item de menú 'Una población' en posicion 0
2025-11-08 08:57:05 DEBUG CambioUIMenu:113 - Insertando item de menú 'Media' en posicion 0
2025-11-08 08:57:05 DEBUG CambioUIMenu:113 - Insertando item de menú 'Proporción' en posicion 1
2025-11-08 08:57:05 DEBUG CambioUIMenu:113 - Insertando item de menú 'Percentiles' en posicion 2
2025-11-08 08:57:05 DEBUG CambioUIMenu:113 - Insertando item de menú 'Correlación' en posicion 3
2025-11-08 08:57:05 DEBUG CambioUIMenu:113 - Insertando item de menú 'Tasa de incidencia' en posicion 4
2025-11-08 08:57:05 DEBUG CambioUIMenu:113 - Insertando item de menú 'Índice de posición' en posicion 5
2025-11-08 08:57:05 DEBUG CambioUIMenu:104 - Insertando item de menú 'Dos poblaciones' en posicion 1
2025-11-08 08:57:05 DEBUG CambioUIMenu:113 - Insertando item de menú 'Medias independientes' en posicion 0
2025-11-08 08:57:05 DEBUG CambioUIMenu:113 - Insertando item de menú 'Medias emparejadas' en posicion 1
2025-11-08 08:57:05 DEBUG CambioUIMenu:113 - Insertando item de menú 'Proporciones independientes' en posicion 2
2025-11-08 08:57:05 DEBUG CambioUIMenu:113 - Insertando item de menú 'Proporciones emparejadas' en posicion 3
2025-11-08 08:57:05 DEBUG CambioUIMenu:113 - Insertando item de menú 'Tasas de incidencia' en posicion 4
2025-11-08 08:57:05 DEBUG CambioUIMenu:104 - Insertando item de menú 'Comparación no paramétrica' en posicion 2
2025-11-08 08:57:05 DEBUG CambioUIMenu:113 - Insertando item de menú 'Medias independientes' en posicion 0
2025-11-08 08:57:05 DEBUG CambioUIMenu:113 - Insertando item de menú 'Medias emparejadas' en posicion 1
2025-11-08 08:57:05 DEBUG CambioUIMenu:113 - Insertando item de menú 'Contraste de normalidad' en posicion 3
2025-11-08 08:57:05 DEBUG PluginEstandar:42 - Aplicando cambios de plugin 'Herramientas'...
2025-11-08 08:57:05 DEBUG CambioUIMenu:113 - Insertando item de menú 'Idioma' en posicion 1
2025-11-08 08:57:05 DEBUG PluginEstandar:42 - Aplicando cambios de plugin 'ConcordanciaYConsistencia'...
2025-11-08 08:57:05 DEBUG CambioUIMenu:104 - Insertando item de menú 'Concordancia y consistencia' en posicion 3
2025-11-08 08:57:05 DEBUG CambioUIMenu:104 - Insertando item de menú 'Concordancia' en posicion 0
2025-11-08 08:57:05 DEBUG CambioUIMenu:113 - Insertando item de menú '2 Observadores' en posicion 0
2025-11-08 08:57:05 DEBUG CambioUIMenu:104 - Insertando item de menú '3 o más observadores' en posicion 1
2025-11-08 08:57:05 DEBUG CambioUIMenu:113 - Insertando item de menú '2 categorías' en posicion 0
2025-11-08 08:57:05 DEBUG CambioUIMenu:113 - Insertando item de menú '3 ó más categorías' en posicion 1
2025-11-08 08:57:05 DEBUG CambioUIMenu:113 - Insertando item de menú 'Comparación de kappas' en posicion 2
2025-11-08 08:57:05 DEBUG CambioUIMenu:113 - Insertando item de menú 'Coeficiente de correlación intraclase' en posicion 3
2025-11-08 08:57:05 DEBUG CambioUIMenu:113 - Insertando item de menú 'Método de Bland y Altman' en posicion 4
2025-11-08 08:57:05 DEBUG CambioUIMenu:104 - Insertando item de menú 'Consistencia' en posicion 1
2025-11-08 08:57:05 DEBUG CambioUIMenu:113 - Insertando item de menú 'Alpha de Cronbach' en posicion 0
2025-11-08 08:57:05 DEBUG PluginEstandar:42 - Aplicando cambios de plugin 'ajusteDeTasas'...
2025-11-08 08:57:05 DEBUG CambioUIMenu:104 - Insertando item de menú 'Ajuste de tasas' en posicion 4
2025-11-08 08:57:05 DEBUG CambioUIMenu:113 - Insertando item de menú 'Método directo' en posicion 0
2025-11-08 08:57:05 DEBUG CambioUIMenu:113 - Insertando item de menú 'Método indirecto' en posicion 1
2025-11-08 08:57:05 DEBUG PluginEstandar:42 - Aplicando cambios de plugin 'Demografía'...
2025-11-08 08:57:05 DEBUG CambioUIMenu:104 - Insertando item de menú 'Demografía' en posicion 5
2025-11-08 08:57:05 DEBUG CambioUIMenu:104 - Insertando item de menú 'Pirámides e indicadores' en posicion 0
2025-11-08 08:57:05 DEBUG CambioUIMenu:113 - Insertando item de menú 'Pirámides de población' en posicion 0
2025-11-08 08:57:05 DEBUG CambioUIMenu:113 - Insertando item de menú 'Indicadores de estructura' en posicion 1
2025-11-08 08:57:05 DEBUG CambioUIMenu:113 - Insertando item de menú 'Indicadores de fecundidad' en posicion 2
2025-11-08 08:57:05 DEBUG CambioUIMenu:113 - Insertando item de menú 'Tablas de mortalidad' en posicion 1
2025-11-08 08:57:05 DEBUG CambioUIMenu:113 - Insertando item de menú 'Expectativas de salud' en posicion 2
2025-11-08 08:57:05 DEBUG CambioUIMenu:104 - Insertando item de menú 'Años potenciales de vida perdidos' en posicion 3
2025-11-08 08:57:05 DEBUG CambioUIMenu:104 - Insertando item de menú 'APVP y tasa bruta' en posicion 0
2025-11-08 08:57:05 DEBUG CambioUIMenu:113 - Insertando item de menú 'Una causa y varias poblaciones' en posicion 0
2025-11-08 08:57:05 DEBUG CambioUIMenu:113 - Insertando item de menú 'Varias causas y una población' en posicion 1
2025-11-08 08:57:05 DEBUG CambioUIMenu:113 - Insertando item de menú 'Tasa de APVP ajustada' en posicion 1
2025-11-08 08:57:05 DEBUG CambioUIMenu:113 - Insertando item de menú 'Descomposición del cambio en la EV' en posicion 4
2025-11-08 08:57:05 DEBUG CambioUIMenu:104 - Insertando item de menú 'Años de esperanza de vida perdidos' en posicion 5
2025-11-08 08:57:05 DEBUG CambioUIMenu:113 - Insertando item de menú 'Un período' en posicion 0
2025-11-08 08:57:05 DEBUG CambioUIMenu:113 - Insertando item de menú 'Comparación de dos períodos' en posicion 1
2025-11-08 08:57:05 DEBUG PluginEstandar:42 - Aplicando cambios de plugin 'modulo'...
2025-11-08 08:57:05 DEBUG CambioUIMenu:104 - Insertando item de menú 'Estimacion de la mortalidad atribuida' en posicion 6
2025-11-08 08:57:05 DEBUG CambioUIMenu:104 - Insertando item de menú 'Al consumo de tabaco' en posicion 0
2025-11-08 08:57:05 DEBUG CambioUIMenu:104 - Insertando item de menú 'Método dependiente de prevalencia' en posicion 0
2025-11-08 08:57:05 DEBUG CambioUIMenu:113 - Insertando item de menú 'Riesgos del estudio CPSII' en posicion 0
2025-11-08 08:57:05 DEBUG CambioUIMenu:113 - Insertando item de menú 'Riesgos de un estudio de cohortes' en posicion 1
2025-11-08 08:57:05 DEBUG CambioUIMenu:113 - Insertando item de menú 'Riesgos de un estudio de casos y controles' en posicion 2
2025-11-08 08:57:05 DEBUG CambioUIMenu:104 - Insertando item de menú 'Método independiente de prevalencia' en posicion 1
2025-11-08 08:57:05 DEBUG CambioUIMenu:113 - Insertando item de menú 'Riesgos del estudio CPSII' en posicion 0
2025-11-08 08:57:05 DEBUG CambioUIMenu:113 - Insertando item de menú 'Riesgos de un estudio de cohortes' en posicion 1
2025-11-08 08:57:05 DEBUG CambioUIMenu:104 - Insertando item de menú 'A otro factor de riesgo' en posicion 1
2025-11-08 08:57:05 DEBUG CambioUIMenu:113 - Insertando item de menú 'Riesgos de un estudio de cohortes' en posicion 0
2025-11-08 08:57:05 DEBUG CambioUIMenu:113 - Insertando item de menú 'Riesgos de un estudio de casos y controles' en posicion 1
2025-11-08 08:57:05 DEBUG PluginEstandar:42 - Aplicando cambios de plugin 'regresion'...
2025-11-08 08:57:05 DEBUG CambioUIMenu:104 - Insertando item de menú 'Regresión logística' en posicion 7
2025-11-08 08:57:05 DEBUG CambioUIMenu:113 - Insertando item de menú 'Regresión logística' en posicion 0
2025-11-08 08:57:05 DEBUG PluginEstandar:42 - Aplicando cambios de plugin 'Distribuciones de probabilidad'...
2025-11-08 08:57:05 DEBUG CambioUIMenu:104 - Insertando item de menú 'Distribuciones de probabilidad' en posicion 8
2025-11-08 08:57:05 DEBUG CambioUIMenu:104 - Insertando item de menú 'Cálculo de probabilidades' en posicion 0
2025-11-08 08:57:05 DEBUG CambioUIMenu:113 - Insertando item de menú 'Distribuciones discretas' en posicion 0
2025-11-08 08:57:05 DEBUG CambioUIMenu:113 - Insertando item de menú 'Distribuciones continuas' en posicion 1
2025-11-08 08:57:05 DEBUG CambioUIMenu:104 - Insertando item de menú 'Generación de distribuciones' en posicion 1
2025-11-08 08:57:05 DEBUG CambioUIMenu:113 - Insertando item de menú 'Distribuciones discretas' en posicion 0
2025-11-08 08:57:05 DEBUG CambioUIMenu:113 - Insertando item de menú 'Distribuciones continuas' en posicion 1
2025-11-08 08:57:05 DEBUG PluginEstandar:42 - Aplicando cambios de plugin 'analisisBayesiano'...
2025-11-08 08:57:05 DEBUG CambioUIMenu:104 - Insertando item de menú 'Análisis bayesiano' en posicion 9
2025-11-08 08:57:05 DEBUG CambioUIMenu:113 - Insertando item de menú 'Teorema de Bayes' en posicion 0
2025-11-08 08:57:05 DEBUG CambioUIMenu:113 - Insertando item de menú 'Odds ratio' en posicion 1
2025-11-08 08:57:05 DEBUG CambioUIMenu:104 - Insertando item de menú 'Proporción' en posicion 2
2025-11-08 08:57:05 DEBUG CambioUIMenu:104 - Insertando item de menú 'Una población' en posicion 0
2025-11-08 08:57:05 DEBUG CambioUIMenu:113 - Insertando item de menú 'Estimación de una proporción' en posicion 0
2025-11-08 08:57:05 DEBUG CambioUIMenu:113 - Insertando item de menú 'Valoración de hipótesis' en posicion 1
2025-11-08 08:57:05 DEBUG CambioUIMenu:104 - Insertando item de menú 'Dos poblaciones' en posicion 1
2025-11-08 08:57:05 DEBUG CambioUIMenu:113 - Insertando item de menú 'Estimación de efectos' en posicion 0
2025-11-08 08:57:05 DEBUG CambioUIMenu:113 - Insertando item de menú 'Valoración de hipótesis' en posicion 1
2025-11-08 08:57:05 DEBUG CambioUIMenu:104 - Insertando item de menú 'Media' en posicion 3
2025-11-08 08:57:05 DEBUG CambioUIMenu:104 - Insertando item de menú 'Una población' en posicion 0
2025-11-08 08:57:05 DEBUG CambioUIMenu:113 - Insertando item de menú 'Estimación de una media' en posicion 0
2025-11-08 08:57:05 DEBUG CambioUIMenu:113 - Insertando item de menú 'Valoración de hipótesis' en posicion 1
2025-11-08 08:57:05 DEBUG CambioUIMenu:104 - Insertando item de menú 'Dos poblaciones' en posicion 1
2025-11-08 08:57:05 DEBUG CambioUIMenu:113 - Insertando item de menú 'Estimación de una diferencia' en posicion 0
2025-11-08 08:57:05 DEBUG CambioUIMenu:113 - Insertando item de menú 'Valoración de hipótesis' en posicion 1
2025-11-08 08:57:05 DEBUG CambioUIMenu:113 - Insertando item de menú 'Valoración de pruebas convencionales' en posicion 4
2025-11-08 08:57:05 DEBUG PluginEstandar:42 - Aplicando cambios de plugin 'privaciones'...
2025-11-08 08:57:05 DEBUG CambioUIMenu:104 - Insertando item de menú 'Índices de desarrollo o privación' en posicion 10
2025-11-08 08:57:05 DEBUG CambioUIMenu:113 - Insertando item de menú 'Índice de desarrollo humano (IDH)' en posicion 0
2025-11-08 08:57:05 DEBUG CambioUIMenu:113 - Insertando item de menú 'Índice de desarrollo humano corregido para desigualdad de género (IDHG)' en posicion 1
2025-11-08 08:57:05 DEBUG CambioUIMenu:113 - Insertando item de menú 'Índice de Pobreza 1 (IP1)' en posicion 2
2025-11-08 08:57:05 DEBUG CambioUIMenu:113 - Insertando item de menú 'Índice de Pobreza 2 (IP2)' en posicion 3
2025-11-08 08:57:05 DEBUG CambioUIMenu:113 - Insertando item de menú 'Índice de pobreza multidimensional (IPM)' en posicion 4
2025-11-08 08:57:05 DEBUG CambioUIMenu:113 - Insertando item de menú 'Índice de desarrollo de la niñez (IDN)' en posicion 5
2025-11-08 08:57:05 DEBUG CambioUIMenu:113 - Insertando item de menú 'Índice de oportunidades en la niñez (ION)' en posicion 6
2025-11-08 08:57:05 DEBUG PluginEstandar:42 - Aplicando cambios de plugin 'Medición de Desigualdades'...
2025-11-08 08:57:05 DEBUG CambioUIMenu:104 - Insertando item de menú 'Medición de desigualdades en salud' en posicion 11
2025-11-08 08:57:05 DEBUG CambioUIMenu:104 - Insertando item de menú 'Índices para categorías ordenadas' en posicion 0
2025-11-08 08:57:05 DEBUG CambioUIMenu:113 - Insertando item de menú 'Índices basados en comparaciones dos a dos' en posicion 0
2025-11-08 08:57:05 DEBUG CambioUIMenu:113 - Insertando item de menú 'Índices basados en el modelo de regresión' en posicion 1
2025-11-08 08:57:05 DEBUG CambioUIMenu:104 - Insertando item de menú 'Índice de Gini e índice de concentración' en posicion 2
2025-11-08 08:57:05 DEBUG CambioUIMenu:113 - Insertando item de menú 'Índice de Gini y curva de Lorenz' en posicion 0
2025-11-08 08:57:05 DEBUG CambioUIMenu:113 - Insertando item de menú 'Índice y curva de concentración' en posicion 1
2025-11-08 08:57:05 DEBUG CambioUIMenu:104 - Insertando item de menú 'Índices para categorías no ordenadas' en posicion 1
2025-11-08 08:57:05 DEBUG CambioUIMenu:113 - Insertando item de menú 'Índices basados en comparaciones dos a dos' en posicion 0
2025-11-08 08:57:05 DEBUG CambioUIMenu:113 - Insertando item de menú 'Índices de dispersión' en posicion 1
2025-11-08 08:57:05 DEBUG CambioUIMenu:113 - Insertando item de menú 'Índices basados en la comparación de distribuciones de probabilidad' en posicion 2
2025-11-08 08:57:05 DEBUG CambioUIMenu:113 - Insertando item de menú 'Índice de efecto' en posicion 2
2025-11-08 09:00:13 WARN  StandardResourceBundle:33 - El bundle creado por 'EntornoEpidatBundle' no ha encontrado la clave 'calcular' o es vacía.
2025-11-08 09:00:13 WARN  StandardResourceBundle:33 - El bundle creado por 'EntornoEpidatBundle' no ha encontrado la clave 'ocultar' o es vacía.
2025-11-08 09:00:13 WARN  StandardResourceBundle:33 - El bundle creado por 'EntornoEpidatBundle' no ha encontrado la clave 'limpiar' o es vacía.
2025-11-08 09:00:13 WARN  StandardResourceBundle:33 - El bundle creado por 'EntornoEpidatBundle' no ha encontrado la clave 'generar.grafico' o es vacía.
2025-11-08 09:00:13 WARN  StandardResourceBundle:33 - El bundle creado por 'EntornoEpidatBundle' no ha encontrado la clave 'calcular' o es vacía.
2025-11-08 09:00:13 WARN  StandardResourceBundle:33 - El bundle creado por 'EntornoEpidatBundle' no ha encontrado la clave 'ocultar' o es vacía.
2025-11-08 09:00:13 WARN  StandardResourceBundle:33 - El bundle creado por 'EntornoEpidatBundle' no ha encontrado la clave 'limpiar' o es vacía.
2025-11-08 09:00:13 WARN  StandardResourceBundle:33 - El bundle creado por 'EntornoEpidatBundle' no ha encontrado la clave 'generar.grafico' o es vacía.
2025-11-08 09:00:13 WARN  StandardResourceBundle:33 - El bundle creado por 'EntornoEpidatBundle' no ha encontrado la clave 'calcular' o es vacía.
2025-11-08 09:00:13 WARN  StandardResourceBundle:33 - El bundle creado por 'EntornoEpidatBundle' no ha encontrado la clave 'ocultar' o es vacía.
2025-11-08 09:00:13 WARN  StandardResourceBundle:33 - El bundle creado por 'EntornoEpidatBundle' no ha encontrado la clave 'limpiar' o es vacía.
2025-11-08 09:00:13 WARN  StandardResourceBundle:33 - El bundle creado por 'EntornoEpidatBundle' no ha encontrado la clave 'generar.grafico' o es vacía.
2025-11-08 09:00:13 WARN  StandardResourceBundle:33 - El bundle creado por 'EntornoEpidatBundle' no ha encontrado la clave 'calcular' o es vacía.
2025-11-08 09:00:13 WARN  StandardResourceBundle:33 - El bundle creado por 'EntornoEpidatBundle' no ha encontrado la clave 'ocultar' o es vacía.
2025-11-08 09:00:13 WARN  StandardResourceBundle:33 - El bundle creado por 'EntornoEpidatBundle' no ha encontrado la clave 'limpiar' o es vacía.
2025-11-08 09:00:13 WARN  StandardResourceBundle:33 - El bundle creado por 'EntornoEpidatBundle' no ha encontrado la clave 'generar.grafico' o es vacía.
2025-11-08 09:00:43 WARN  StandardResourceBundle:33 - El bundle creado por 'EntornoEpidatBundle' no ha encontrado la clave 'calcular' o es vacía.
2025-11-08 09:00:43 WARN  StandardResourceBundle:33 - El bundle creado por 'EntornoEpidatBundle' no ha encontrado la clave 'ocultar' o es vacía.
2025-11-08 09:00:43 WARN  StandardResourceBundle:33 - El bundle creado por 'EntornoEpidatBundle' no ha encontrado la clave 'limpiar' o es vacía.
2025-11-08 09:00:43 WARN  StandardResourceBundle:33 - El bundle creado por 'EntornoEpidatBundle' no ha encontrado la clave 'generar.grafico' o es vacía.
2025-11-08 09:00:43 WARN  StandardResourceBundle:33 - El bundle creado por 'EntornoEpidatBundle' no ha encontrado la clave 'calcular' o es vacía.
2025-11-08 09:00:43 WARN  StandardResourceBundle:33 - El bundle creado por 'EntornoEpidatBundle' no ha encontrado la clave 'ocultar' o es vacía.
2025-11-08 09:00:43 WARN  StandardResourceBundle:33 - El bundle creado por 'EntornoEpidatBundle' no ha encontrado la clave 'limpiar' o es vacía.
2025-11-08 09:00:43 WARN  StandardResourceBundle:33 - El bundle creado por 'EntornoEpidatBundle' no ha encontrado la clave 'generar.grafico' o es vacía.
2025-11-08 09:00:43 WARN  StandardResourceBundle:33 - El bundle creado por 'EntornoEpidatBundle' no ha encontrado la clave 'calcular' o es vacía.
2025-11-08 09:00:43 WARN  StandardResourceBundle:33 - El bundle creado por 'EntornoEpidatBundle' no ha encontrado la clave 'ocultar' o es vacía.
2025-11-08 09:00:43 WARN  StandardResourceBundle:33 - El bundle creado por 'EntornoEpidatBundle' no ha encontrado la clave 'limpiar' o es vacía.
2025-11-08 09:00:43 WARN  StandardResourceBundle:33 - El bundle creado por 'EntornoEpidatBundle' no ha encontrado la clave 'generar.grafico' o es vacía.
2025-11-08 09:00:43 WARN  StandardResourceBundle:33 - El bundle creado por 'EntornoEpidatBundle' no ha encontrado la clave 'calcular' o es vacía.
2025-11-08 09:00:43 WARN  StandardResourceBundle:33 - El bundle creado por 'EntornoEpidatBundle' no ha encontrado la clave 'ocultar' o es vacía.
2025-11-08 09:00:43 WARN  StandardResourceBundle:33 - El bundle creado por 'EntornoEpidatBundle' no ha encontrado la clave 'limpiar' o es vacía.
2025-11-08 09:00:43 WARN  StandardResourceBundle:33 - El bundle creado por 'EntornoEpidatBundle' no ha encontrado la clave 'generar.grafico' o es vacía.
2025-11-08 09:02:20 WARN  StandardResourceBundle:33 - El bundle creado por 'EntornoEpidatBundle' no ha encontrado la clave 'calcular' o es vacía.
2025-11-08 09:02:20 WARN  StandardResourceBundle:33 - El bundle creado por 'EntornoEpidatBundle' no ha encontrado la clave 'ocultar' o es vacía.
2025-11-08 09:02:20 WARN  StandardResourceBundle:33 - El bundle creado por 'EntornoEpidatBundle' no ha encontrado la clave 'limpiar' o es vacía.
2025-11-08 09:02:20 WARN  StandardResourceBundle:33 - El bundle creado por 'EntornoEpidatBundle' no ha encontrado la clave 'generar.grafico' o es vacía.
2025-11-08 09:02:20 WARN  StandardResourceBundle:33 - El bundle creado por 'EntornoEpidatBundle' no ha encontrado la clave 'calcular' o es vacía.
2025-11-08 09:02:20 WARN  StandardResourceBundle:33 - El bundle creado por 'EntornoEpidatBundle' no ha encontrado la clave 'ocultar' o es vacía.
2025-11-08 09:02:20 WARN  StandardResourceBundle:33 - El bundle creado por 'EntornoEpidatBundle' no ha encontrado la clave 'limpiar' o es vacía.
2025-11-08 09:02:20 WARN  StandardResourceBundle:33 - El bundle creado por 'EntornoEpidatBundle' no ha encontrado la clave 'generar.grafico' o es vacía.
2025-11-08 09:02:20 WARN  StandardResourceBundle:33 - El bundle creado por 'EntornoEpidatBundle' no ha encontrado la clave 'calcular' o es vacía.
2025-11-08 09:02:20 WARN  StandardResourceBundle:33 - El bundle creado por 'EntornoEpidatBundle' no ha encontrado la clave 'ocultar' o es vacía.
2025-11-08 09:02:20 WARN  StandardResourceBundle:33 - El bundle creado por 'EntornoEpidatBundle' no ha encontrado la clave 'limpiar' o es vacía.
2025-11-08 09:02:20 WARN  StandardResourceBundle:33 - El bundle creado por 'EntornoEpidatBundle' no ha encontrado la clave 'generar.grafico' o es vacía.
2025-11-08 09:02:20 WARN  StandardResourceBundle:33 - El bundle creado por 'EntornoEpidatBundle' no ha encontrado la clave 'calcular' o es vacía.
2025-11-08 09:02:20 WARN  StandardResourceBundle:33 - El bundle creado por 'EntornoEpidatBundle' no ha encontrado la clave 'ocultar' o es vacía.
2025-11-08 09:02:20 WARN  StandardResourceBundle:33 - El bundle creado por 'EntornoEpidatBundle' no ha encontrado la clave 'limpiar' o es vacía.
2025-11-08 09:02:20 WARN  StandardResourceBundle:33 - El bundle creado por 'EntornoEpidatBundle' no ha encontrado la clave 'generar.grafico' o es vacía.
2025-11-08 09:02:49 WARN  StandardResourceBundle:33 - El bundle creado por 'EntornoEpidatBundle' no ha encontrado la clave 'calcular' o es vacía.
2025-11-08 09:02:49 WARN  StandardResourceBundle:33 - El bundle creado por 'EntornoEpidatBundle' no ha encontrado la clave 'ocultar' o es vacía.
2025-11-08 09:02:49 WARN  StandardResourceBundle:33 - El bundle creado por 'EntornoEpidatBundle' no ha encontrado la clave 'limpiar' o es vacía.
2025-11-08 09:02:49 WARN  StandardResourceBundle:33 - El bundle creado por 'EntornoEpidatBundle' no ha encontrado la clave 'generar.grafico' o es vacía.
2025-11-08 09:02:49 WARN  StandardResourceBundle:33 - El bundle creado por 'EntornoEpidatBundle' no ha encontrado la clave 'calcular' o es vacía.
2025-11-08 09:02:49 WARN  StandardResourceBundle:33 - El bundle creado por 'EntornoEpidatBundle' no ha encontrado la clave 'ocultar' o es vacía.
2025-11-08 09:02:49 WARN  StandardResourceBundle:33 - El bundle creado por 'EntornoEpidatBundle' no ha encontrado la clave 'limpiar' o es vacía.
2025-11-08 09:02:49 WARN  StandardResourceBundle:33 - El bundle creado por 'EntornoEpidatBundle' no ha encontrado la clave 'generar.grafico' o es vacía.
2025-11-08 09:02:49 WARN  StandardResourceBundle:33 - El bundle creado por 'EntornoEpidatBundle' no ha encontrado la clave 'calcular' o es vacía.
2025-11-08 09:02:49 WARN  StandardResourceBundle:33 - El bundle creado por 'EntornoEpidatBundle' no ha encontrado la clave 'ocultar' o es vacía.
2025-11-08 09:02:49 WARN  StandardResourceBundle:33 - El bundle creado por 'EntornoEpidatBundle' no ha encontrado la clave 'limpiar' o es vacía.
2025-11-08 09:02:49 WARN  StandardResourceBundle:33 - El bundle creado por 'EntornoEpidatBundle' no ha encontrado la clave 'generar.grafico' o es vacía.
2025-11-08 09:02:49 WARN  StandardResourceBundle:33 - El bundle creado por 'EntornoEpidatBundle' no ha encontrado la clave 'calcular' o es vacía.
2025-11-08 09:02:49 WARN  StandardResourceBundle:33 - El bundle creado por 'EntornoEpidatBundle' no ha encontrado la clave 'ocultar' o es vacía.
2025-11-08 09:02:49 WARN  StandardResourceBundle:33 - El bundle creado por 'EntornoEpidatBundle' no ha encontrado la clave 'limpiar' o es vacía.
2025-11-08 09:02:49 WARN  StandardResourceBundle:33 - El bundle creado por 'EntornoEpidatBundle' no ha encontrado la clave 'generar.grafico' o es vacía.
2025-11-08 09:05:37 WARN  StandardResourceBundle:33 - El bundle creado por 'EntornoEpidatBundle' no ha encontrado la clave 'calcular' o es vacía.
2025-11-08 09:05:37 WARN  StandardResourceBundle:33 - El bundle creado por 'EntornoEpidatBundle' no ha encontrado la clave 'ocultar' o es vacía.
2025-11-08 09:05:37 WARN  StandardResourceBundle:33 - El bundle creado por 'EntornoEpidatBundle' no ha encontrado la clave 'limpiar' o es vacía.
2025-11-08 09:05:37 WARN  StandardResourceBundle:33 - El bundle creado por 'EntornoEpidatBundle' no ha encontrado la clave 'generar.grafico' o es vacía.
2025-11-08 09:05:37 WARN  StandardResourceBundle:33 - El bundle creado por 'EntornoEpidatBundle' no ha encontrado la clave 'calcular' o es vacía.
2025-11-08 09:05:37 WARN  StandardResourceBundle:33 - El bundle creado por 'EntornoEpidatBundle' no ha encontrado la clave 'ocultar' o es vacía.
2025-11-08 09:05:37 WARN  StandardResourceBundle:33 - El bundle creado por 'EntornoEpidatBundle' no ha encontrado la clave 'limpiar' o es vacía.
2025-11-08 09:05:37 WARN  StandardResourceBundle:33 - El bundle creado por 'EntornoEpidatBundle' no ha encontrado la clave 'generar.grafico' o es vacía.
2025-11-08 09:05:37 WARN  StandardResourceBundle:33 - El bundle creado por 'EntornoEpidatBundle' no ha encontrado la clave 'calcular' o es vacía.
2025-11-08 09:05:37 WARN  StandardResourceBundle:33 - El bundle creado por 'EntornoEpidatBundle' no ha encontrado la clave 'ocultar' o es vacía.
2025-11-08 09:05:37 WARN  StandardResourceBundle:33 - El bundle creado por 'EntornoEpidatBundle' no ha encontrado la clave 'limpiar' o es vacía.
2025-11-08 09:05:37 WARN  StandardResourceBundle:33 - El bundle creado por 'EntornoEpidatBundle' no ha encontrado la clave 'generar.grafico' o es vacía.
2025-11-08 09:05:37 WARN  StandardResourceBundle:33 - El bundle creado por 'EntornoEpidatBundle' no ha encontrado la clave 'calcular' o es vacía.
2025-11-08 09:05:37 WARN  StandardResourceBundle:33 - El bundle creado por 'EntornoEpidatBundle' no ha encontrado la clave 'ocultar' o es vacía.
2025-11-08 09:05:37 WARN  StandardResourceBundle:33 - El bundle creado por 'EntornoEpidatBundle' no ha encontrado la clave 'limpiar' o es vacía.
2025-11-08 09:05:37 WARN  StandardResourceBundle:33 - El bundle creado por 'EntornoEpidatBundle' no ha encontrado la clave 'generar.grafico' o es vacía.
2025-11-08 09:06:32 WARN  StandardResourceBundle:33 - El bundle creado por 'EntornoEpidatBundle' no ha encontrado la clave 'calcular' o es vacía.
2025-11-08 09:06:32 WARN  StandardResourceBundle:33 - El bundle creado por 'EntornoEpidatBundle' no ha encontrado la clave 'ocultar' o es vacía.
2025-11-08 09:06:32 WARN  StandardResourceBundle:33 - El bundle creado por 'EntornoEpidatBundle' no ha encontrado la clave 'limpiar' o es vacía.
2025-11-08 09:06:32 WARN  StandardResourceBundle:33 - El bundle creado por 'EntornoEpidatBundle' no ha encontrado la clave 'generar.grafico' o es vacía.
2025-11-08 09:06:32 WARN  StandardResourceBundle:33 - El bundle creado por 'EntornoEpidatBundle' no ha encontrado la clave 'calcular' o es vacía.
2025-11-08 09:06:32 WARN  StandardResourceBundle:33 - El bundle creado por 'EntornoEpidatBundle' no ha encontrado la clave 'ocultar' o es vacía.
2025-11-08 09:06:32 WARN  StandardResourceBundle:33 - El bundle creado por 'EntornoEpidatBundle' no ha encontrado la clave 'limpiar' o es vacía.
2025-11-08 09:06:32 WARN  StandardResourceBundle:33 - El bundle creado por 'EntornoEpidatBundle' no ha encontrado la clave 'generar.grafico' o es vacía.
2025-11-08 09:06:32 WARN  StandardResourceBundle:33 - El bundle creado por 'EntornoEpidatBundle' no ha encontrado la clave 'calcular' o es vacía.
2025-11-08 09:06:32 WARN  StandardResourceBundle:33 - El bundle creado por 'EntornoEpidatBundle' no ha encontrado la clave 'ocultar' o es vacía.
2025-11-08 09:06:32 WARN  StandardResourceBundle:33 - El bundle creado por 'EntornoEpidatBundle' no ha encontrado la clave 'limpiar' o es vacía.
2025-11-08 09:06:32 WARN  StandardResourceBundle:33 - El bundle creado por 'EntornoEpidatBundle' no ha encontrado la clave 'generar.grafico' o es vacía.
2025-11-08 09:06:32 WARN  StandardResourceBundle:33 - El bundle creado por 'EntornoEpidatBundle' no ha encontrado la clave 'calcular' o es vacía.
2025-11-08 09:06:32 WARN  StandardResourceBundle:33 - El bundle creado por 'EntornoEpidatBundle' no ha encontrado la clave 'ocultar' o es vacía.
2025-11-08 09:06:32 WARN  StandardResourceBundle:33 - El bundle creado por 'EntornoEpidatBundle' no ha encontrado la clave 'limpiar' o es vacía.
2025-11-08 09:06:32 WARN  StandardResourceBundle:33 - El bundle creado por 'EntornoEpidatBundle' no ha encontrado la clave 'generar.grafico' o es vacía.
2025-11-08 09:25:18 WARN  StandardResourceBundle:33 - El bundle creado por 'EntornoEpidatBundle' no ha encontrado la clave 'calcular' o es vacía.
2025-11-08 09:25:18 WARN  StandardResourceBundle:33 - El bundle creado por 'EntornoEpidatBundle' no ha encontrado la clave 'ocultar' o es vacía.
2025-11-08 09:25:18 WARN  StandardResourceBundle:33 - El bundle creado por 'EntornoEpidatBundle' no ha encontrado la clave 'limpiar' o es vacía.
2025-11-08 09:25:18 WARN  StandardResourceBundle:33 - El bundle creado por 'EntornoEpidatBundle' no ha encontrado la clave 'generar.grafico' o es vacía.
2025-11-08 09:25:18 WARN  StandardResourceBundle:33 - El bundle creado por 'EntornoEpidatBundle' no ha encontrado la clave 'calcular' o es vacía.
2025-11-08 09:25:18 WARN  StandardResourceBundle:33 - El bundle creado por 'EntornoEpidatBundle' no ha encontrado la clave 'ocultar' o es vacía.
2025-11-08 09:25:18 WARN  StandardResourceBundle:33 - El bundle creado por 'EntornoEpidatBundle' no ha encontrado la clave 'limpiar' o es vacía.
2025-11-08 09:25:18 WARN  StandardResourceBundle:33 - El bundle creado por 'EntornoEpidatBundle' no ha encontrado la clave 'generar.grafico' o es vacía.
2025-11-08 09:25:18 WARN  StandardResourceBundle:33 - El bundle creado por 'EntornoEpidatBundle' no ha encontrado la clave 'calcular' o es vacía.
2025-11-08 09:25:18 WARN  StandardResourceBundle:33 - El bundle creado por 'EntornoEpidatBundle' no ha encontrado la clave 'ocultar' o es vacía.
2025-11-08 09:25:18 WARN  StandardResourceBundle:33 - El bundle creado por 'EntornoEpidatBundle' no ha encontrado la clave 'limpiar' o es vacía.
2025-11-08 09:25:18 WARN  StandardResourceBundle:33 - El bundle creado por 'EntornoEpidatBundle' no ha encontrado la clave 'generar.grafico' o es vacía.
2025-11-08 09:25:18 WARN  StandardResourceBundle:33 - El bundle creado por 'EntornoEpidatBundle' no ha encontrado la clave 'calcular' o es vacía.
2025-11-08 09:25:18 WARN  StandardResourceBundle:33 - El bundle creado por 'EntornoEpidatBundle' no ha encontrado la clave 'ocultar' o es vacía.
2025-11-08 09:25:18 WARN  StandardResourceBundle:33 - El bundle creado por 'EntornoEpidatBundle' no ha encontrado la clave 'limpiar' o es vacía.
2025-11-08 09:25:18 WARN  StandardResourceBundle:33 - El bundle creado por 'EntornoEpidatBundle' no ha encontrado la clave 'generar.grafico' o es vacía.
2025-11-08 09:25:47 WARN  StandardResourceBundle:33 - El bundle creado por 'EntornoEpidatBundle' no ha encontrado la clave 'calcular' o es vacía.
2025-11-08 09:25:47 WARN  StandardResourceBundle:33 - El bundle creado por 'EntornoEpidatBundle' no ha encontrado la clave 'ocultar' o es vacía.
2025-11-08 09:25:47 WARN  StandardResourceBundle:33 - El bundle creado por 'EntornoEpidatBundle' no ha encontrado la clave 'limpiar' o es vacía.
2025-11-08 09:25:47 WARN  StandardResourceBundle:33 - El bundle creado por 'EntornoEpidatBundle' no ha encontrado la clave 'generar.grafico' o es vacía.
2025-11-08 09:25:47 WARN  StandardResourceBundle:33 - El bundle creado por 'EntornoEpidatBundle' no ha encontrado la clave 'calcular' o es vacía.
2025-11-08 09:25:47 WARN  StandardResourceBundle:33 - El bundle creado por 'EntornoEpidatBundle' no ha encontrado la clave 'ocultar' o es vacía.
2025-11-08 09:25:47 WARN  StandardResourceBundle:33 - El bundle creado por 'EntornoEpidatBundle' no ha encontrado la clave 'limpiar' o es vacía.
2025-11-08 09:25:47 WARN  StandardResourceBundle:33 - El bundle creado por 'EntornoEpidatBundle' no ha encontrado la clave 'generar.grafico' o es vacía.
2025-11-08 09:25:47 WARN  StandardResourceBundle:33 - El bundle creado por 'EntornoEpidatBundle' no ha encontrado la clave 'calcular' o es vacía.
2025-11-08 09:25:47 WARN  StandardResourceBundle:33 - El bundle creado por 'EntornoEpidatBundle' no ha encontrado la clave 'ocultar' o es vacía.
2025-11-08 09:25:47 WARN  StandardResourceBundle:33 - El bundle creado por 'EntornoEpidatBundle' no ha encontrado la clave 'limpiar' o es vacía.
2025-11-08 09:25:47 WARN  StandardResourceBundle:33 - El bundle creado por 'EntornoEpidatBundle' no ha encontrado la clave 'generar.grafico' o es vacía.
2025-11-08 09:25:47 WARN  StandardResourceBundle:33 - El bundle creado por 'EntornoEpidatBundle' no ha encontrado la clave 'calcular' o es vacía.
2025-11-08 09:25:47 WARN  StandardResourceBundle:33 - El bundle creado por 'EntornoEpidatBundle' no ha encontrado la clave 'ocultar' o es vacía.
2025-11-08 09:25:47 WARN  StandardResourceBundle:33 - El bundle creado por 'EntornoEpidatBundle' no ha encontrado la clave 'limpiar' o es vacía.
2025-11-08 09:25:47 WARN  StandardResourceBundle:33 - El bundle creado por 'EntornoEpidatBundle' no ha encontrado la clave 'generar.grafico' o es vacía.
