id,edad,sexo,hba1c,pas,tfg_basal,uacr_basal,ecv,isglt2,delta_lnuacr,uacr_6m,pas_6m,pendiente_tfg,tiempo_meses,evento
1,55,Hombre,6.4,132,44.5,87,0,1,-0.226,69,108,-1.19,36,0
2,57,Mujer,11.1,134,61.3,60,0,0,0.508,100,134,-3.92,36,0
3,59,Hombre,7.3,143,48.2,76,1,0,0.129,86,143,-3,36,0
4,72,Hombre,8.9,129,34.3,97,1,0,0.131,111,134,-4.95,36,0
5,83,Hombre,8.9,147,32.4,175,1,0,0.723,361,134,-5.18,36,0
6,72,Hombre,7.3,154,50.3,238,0,0,-0.127,210,153,-4.11,36,0
7,53,Hombre,8.3,104,46.7,90,0,1,-0.793,41,98,0.91,36,0
8,58,Hombre,7.6,131,58.4,75,0,0,0.031,77,121,0.69,36,0
9,48,Hombre,6.2,144,51,27,0,0,0.051,28,151,-2.11,36,0
10,57,Hombre,7.6,145,51,36,0,0,0.522,61,132,-1.9,36,0
11,50,Hombre,5.5,159,52.3,100,0,1,-0.336,71,156,0.35,36,0
12,59,Hombre,8.1,141,55,118,1,1,0.251,152,143,-1.99,36,0
13,70,Mujer,7.6,142,38,942,0,1,-1.323,251,133,-0.04,36,0
14,76,Hombre,8.6,142,51.6,1246,1,0,0.311,1700,149,-5.05,36,0
15,62,Mujer,7.5,134,51.7,91,0,0,0.567,160,127,-2.95,36,0
16,51,Hombre,8.3,117,58,127,0,1,0.258,164,119,-1.96,36,0
17,74,Mujer,8.3,152,43.5,1119,0,1,-0.295,833,146,-2.41,36,0
18,65,Hombre,7.7,137,48.4,41,0,0,0.439,64,126,-3.61,36,0
19,65,Hombre,6.1,123,49.4,80,1,1,-0.541,47,119,1.07,36,0
20,86,Hombre,7.1,112,36.8,122,0,0,0.722,251,111,-3.93,36,0
21,76,Hombre,8.6,150,36.6,253,1,1,-0.641,133,130,-2.66,36,0
22,66,Mujer,8.2,129,45.1,205,0,1,-0.556,118,139,-1.21,36,0
23,67,Mujer,7.2,155,43,297,0,0,0.266,388,145,-4.47,36,0
24,52,Mujer,7.3,124,59.7,197,0,0,0.422,300,123,-2.99,36,0
25,76,Mujer,8.5,155,47,290,0,0,-0.655,151,158,-3.01,36,0
26,79,Hombre,7.1,142,59.8,452,1,1,-0.946,175,142,0.73,36,0
27,51,Hombre,7.5,133,41.5,44,0,0,0.133,50,132,0.8,36,0
28,67,Mujer,8.6,145,38.1,296,0,1,-0.967,113,140,-1.33,36,0
29,66,Hombre,8.4,129,28.4,234,0,0,-0.22,188,109,-2.69,36,0
30,71,Mujer,8.8,145,62.3,245,1,1,0.015,249,146,-2.61,36,0
31,83,Hombre,6.4,125,27.4,1049,0,0,-0.629,559,112,-2.56,36,0
32,76,Hombre,9.7,128,27.2,182,1,1,-0.408,121,130,-3.11,31.18,1
33,63,Mujer,7.8,115,45.3,398,0,0,-0.016,392,105,-1.34,36,0
34,69,Hombre,9.3,152,49.7,141,0,1,0.81,317,149,-3.33,36,0
35,71,Mujer,9.3,135,56,20,0,0,0.402,30,130,-3.56,36,0
36,56,Hombre,7.5,130,63.9,19,0,0,-0.273,14,115,-1.33,36,0
37,70,Mujer,9.6,144,54,638,0,1,0.013,646,143,-3.76,36,0
38,70,Mujer,7.4,147,47.6,25,1,0,0.132,29,151,-2.95,36,0
39,66,Mujer,8.4,115,43.4,129,0,0,0.699,260,111,-3.84,36,0
40,64,Mujer,6.6,122,34.4,81,1,0,-0.589,45,117,-3.02,36,0
41,71,Hombre,9,121,27.4,38,0,0,-0.08,35,120,-1.65,36,0
42,59,Hombre,6.8,117,69,16,0,0,-0.34,11,116,0.21,36,0
43,61,Hombre,7.5,116,60.4,36,0,0,1.427,150,113,-1.57,36,0
44,69,Hombre,8,147,52.3,115,1,1,0.43,177,143,-2.27,36,0
45,64,Mujer,6.6,117,53.8,19,0,0,0.753,40,113,-1.59,36,0
46,71,Hombre,6.1,124,45.4,238,0,1,-1.142,76,116,0.7,36,0
47,72,Hombre,7.3,162,55,50,1,1,-0.288,38,164,-0.6,36,0
48,90,Hombre,8,139,36.5,252,0,0,-0.384,172,147,-2.29,36,0
49,71,Hombre,6.4,139,35.9,544,0,0,-0.197,447,129,-3.96,36,0
50,71,Mujer,9.5,141,47.9,53,1,0,0.697,106,132,-5.2,36,0
51,52,Hombre,7.2,134,34.1,55,1,0,0.958,143,136,-3.84,32.23,1
52,52,Hombre,7.9,105,45.1,556,0,0,0.352,790,108,-2.56,36,0
53,70,Mujer,8.4,154,41.6,184,0,1,-0.488,113,156,-2.22,36,0
54,50,Mujer,6.2,118,32,40,0,1,-1.177,12,116,3.02,36,0
55,51,Hombre,7.7,141,43.7,123,0,0,0.832,283,150,-1.46,36,0
56,62,Mujer,10,123,45.2,201,0,1,-0.453,128,130,0.56,36,0
57,57,Hombre,8.7,142,60.1,295,0,1,-0.309,217,144,-1.9,36,0
58,47,Hombre,8.1,131,42,333,0,0,0.297,448,128,-0.24,36,0
59,59,Mujer,9.1,135,46.4,172,0,0,0.002,172,130,-3.63,36,0
60,76,Mujer,5.7,143,34.7,407,0,0,0.59,734,139,-4.17,36,0
61,69,Hombre,9.4,163,42.8,101,0,0,0.026,104,168,-2.32,36,0
62,60,Mujer,6.4,106,50.4,61,0,0,-0.264,47,92,-1.89,36,0
63,53,Mujer,6.9,131,49.3,60,0,0,0.342,84,124,-1.46,36,0
64,50,Mujer,8.5,152,40.5,61,0,1,-0.056,58,149,0.74,36,0
65,58,Hombre,8.4,143,50.5,148,0,1,-0.171,125,137,-0.05,36,0
66,64,Hombre,7,129,56.1,7,1,1,-0.232,6,140,-0.76,36,0
67,61,Mujer,8.9,130,55.9,55,0,0,0.949,142,134,-4.95,36,0
68,72,Mujer,9.8,129,39.3,600,0,0,-0.374,413,122,-2.61,36,0
69,82,Hombre,7,160,46.1,89,0,0,0.277,117,163,-1.58,36,0
70,63,Mujer,6.9,136,54.9,131,0,0,0.842,304,144,-2.61,36,0
71,63,Hombre,7.9,134,40.7,747,1,1,0.39,1103,132,-4.6,2.24,1
72,56,Hombre,9.5,146,49,112,1,1,0.176,133,147,-4.12,36,0
73,47,Hombre,6.5,104,56.4,112,1,1,-0.478,69,102,2.76,36,0
74,79,Mujer,9.5,128,43.7,398,1,0,0.729,825,124,-4.97,36,0
75,76,Hombre,6.2,137,31.8,65,1,0,0.706,132,148,-5.07,36,0
76,66,Hombre,6.7,139,48.8,52,0,1,-0.457,33,133,-1.58,36,0
77,63,Mujer,7.3,118,48.5,27,0,0,0.392,40,120,-0.91,36,0
78,45,Hombre,7.2,146,59.5,60,0,0,0.825,137,156,-2.57,36,0
79,79,Hombre,7.2,130,51.2,57,0,0,-0.17,48,131,-1.9,36,0
80,56,Hombre,7.7,137,40.7,33,0,0,-0.513,20,148,-1.94,36,0
81,38,Mujer,9.7,130,39.5,198,0,1,0.051,208,121,-3.13,36,0
82,70,Hombre,6.8,139,50.8,141,0,0,0.699,284,147,-2.32,36,0
83,66,Mujer,7.6,147,54.2,40,1,1,-0.03,39,140,-2.21,36,0
84,63,Hombre,7.2,115,56.1,244,0,0,0.135,279,118,-2.04,36,0
85,68,Mujer,6.8,145,49.5,320,0,1,-0.274,243,145,-0.32,36,0
86,71,Mujer,9.1,141,47.4,68,0,0,0.1,75,139,-2.28,36,0
87,55,Hombre,5.9,156,44.5,16,1,0,0.366,23,148,-2.89,36,0
88,84,Hombre,5.5,154,32.8,113,0,0,0.154,132,155,-3.35,36,0
89,54,Hombre,9.5,143,62.4,361,0,1,-0.027,351,147,-2.04,36,0
90,80,Hombre,9.4,155,42.7,303,0,0,0.382,444,143,-2.74,36,0
91,67,Mujer,7.7,113,36.4,173,1,0,0.471,277,100,-3.36,36,0
92,57,Mujer,8.5,127,40.9,344,0,1,-0.683,174,114,-0.77,36,0
93,69,Hombre,6.1,154,54.2,290,0,1,-0.012,287,139,-2.8,36,0
94,57,Mujer,8.5,112,41.2,175,0,1,-0.653,91,102,1.61,36,0
95,54,Mujer,7.5,117,62,10,0,0,0.037,10,120,0.9,36,0
96,66,Hombre,9.9,118,59.2,95,0,1,0.109,106,104,-2.16,36,0
97,57,Hombre,7.8,128,53.8,285,0,1,-0.53,168,121,0.22,36,0
98,58,Hombre,9.2,122,60.5,326,0,1,-0.46,206,131,-0.18,36,0
99,54,Hombre,7.4,140,55.7,133,1,0,0.348,188,147,-2.68,36,0
100,49,Hombre,8.8,128,52.7,70,0,1,1.022,194,121,-3.81,36,0
101,77,Mujer,7.8,156,38.3,107,0,0,-0.062,101,157,-3.35,36,0
102,69,Hombre,8.2,135,34.3,130,0,0,-0.106,117,133,-3.18,35.36,1
103,71,Hombre,8.8,152,57.4,40,1,0,-0.497,24,151,-1.2,36,0
104,74,Hombre,7.2,136,46.1,62,0,0,-0.688,31,128,-2.55,36,0
105,58,Hombre,8.4,142,49.2,129,0,1,0.433,199,138,-5.59,36,0
106,61,Hombre,7.6,143,48.1,172,0,0,0.795,381,140,-2,36,0
107,41,Mujer,6.8,108,62.8,37,0,1,-0.549,21,94,2.47,36,0
108,64,Hombre,5.7,141,46.8,223,0,1,-0.728,108,135,-1.61,36,0
109,63,Hombre,5.5,104,48.2,113,0,0,-0.116,101,103,-1.54,36,0
110,74,Hombre,5.5,148,42.9,48,0,0,0.588,86,143,-3.86,36,0
111,78,Mujer,9,143,57.6,34,1,1,0.085,37,141,-2.64,36,0
112,66,Hombre,8.3,126,39.4,40,1,0,-0.065,37,119,-1.45,36,0
113,70,Mujer,7.6,167,47.7,108,0,0,-0.308,79,168,-3.9,36,0
114,54,Mujer,8.1,132,54.6,278,0,1,-0.198,228,119,-1.8,36,0
115,60,Hombre,7.4,126,35.4,204,0,0,0.767,439,110,-4.99,36,0
116,74,Mujer,7.9,153,29.2,390,0,0,1.101,1173,143,-6.1,3.45,1
117,64,Hombre,8,142,48.1,266,0,1,0.043,278,147,-1.6,36,0
118,55,Mujer,7.3,122,58.3,89,1,1,-0.765,41,112,0.6,36,0
119,75,Mujer,9,115,33.6,24,0,0,0.399,36,116,-1.79,36,0
120,63,Mujer,8.1,137,60.9,195,0,1,-1.102,65,133,1.36,36,0
121,66,Hombre,6.4,140,34.6,181,1,0,-0.152,155,129,-3.92,36,0
122,58,Mujer,7.3,137,52,298,0,1,0.192,361,126,-4.44,36,0
123,54,Hombre,8.5,132,28.5,243,0,1,0.869,580,126,-5.21,9.6,1
124,77,Hombre,7.2,121,20,88,0,0,-0.078,81,118,-3.84,35.83,1
125,61,Hombre,11.5,122,45.2,1279,0,0,-0.038,1232,129,-4.98,30.8,1
126,66,Hombre,8.2,125,51.9,49,0,0,-0.307,36,135,-2.26,36,0
127,80,Mujer,6.6,159,31.6,226,0,0,-0.134,198,154,-3.9,31.69,1
128,59,Mujer,5.8,127,46.3,4,0,0,-0.026,4,122,0.83,36,0
129,59,Hombre,7.2,135,46.4,260,0,1,-1.261,74,121,1.42,36,0
130,44,Hombre,9.8,95,30.6,1089,0,0,0.616,2016,97,-4.17,36,0
131,64,Mujer,9.7,132,32.3,174,0,0,0.169,206,131,-3.06,36,0
132,58,Hombre,8,157,44.5,2811,0,0,0.082,3051,159,-5.22,14.34,1
133,62,Hombre,8.4,108,44.9,128,0,0,-0.925,51,100,-0.39,36,0
134,51,Mujer,7.5,142,40.8,128,0,0,-0.189,106,144,-1.82,36,0
135,61,Mujer,6.2,116,49.8,65,0,1,-0.086,60,111,-1.68,36,0
136,71,Mujer,9.2,131,43.8,784,1,0,0.33,1091,133,-4.69,36,0
137,66,Mujer,6.9,137,45.7,473,0,1,-0.104,426,139,-1.51,36,0
138,54,Mujer,8.4,128,41.2,94,0,0,0.126,107,132,-1.69,36,0
139,64,Mujer,8.1,126,44.2,296,0,0,0.106,329,117,-2.84,36,0
140,71,Mujer,8.4,156,42.9,193,0,0,-0.001,193,157,-3.67,36,0
141,57,Mujer,7.9,136,58.5,52,0,1,-0.382,35,140,-0.16,36,0
142,71,Mujer,8.4,155,34.3,24,0,1,0.15,28,152,-1.92,36,0
143,59,Hombre,8,132,52.2,37,1,1,-0.434,24,125,-0.99,36,0
144,69,Hombre,7.3,159,53.4,542,0,1,-0.012,536,145,-4.32,4.49,1
145,66,Hombre,8.3,112,44.6,10,1,0,-0.79,5,125,-1.68,36,0
146,57,Mujer,7,113,48.9,125,0,0,0.141,144,109,-1.4,36,0
147,74,Mujer,8.3,106,20,86,1,1,0.035,89,88,-2.84,36,0
148,61,Mujer,7.8,136,31.3,110,1,0,-0.527,65,141,-1.15,36,0
149,86,Hombre,8.5,120,36.1,58,1,0,0.814,131,107,-3.5,7.75,1
150,69,Mujer,8.2,147,50.6,35,1,0,0.72,72,135,-4.73,36,0
151,58,Hombre,7.7,129,36.4,143,0,0,0.29,191,136,-2.43,36,0
152,56,Hombre,8.6,113,28.5,69,0,0,0.024,71,126,-3.1,36,0
153,81,Mujer,7.6,117,37,301,0,1,-0.297,224,115,-1.11,36,0
154,63,Hombre,8.7,134,52.2,53,1,1,-0.089,49,112,-2.75,36,0
155,74,Mujer,6.7,110,22.6,457,0,0,-0.422,300,110,-1.32,36,0
156,69,Mujer,5.5,132,29.7,280,0,1,-0.373,193,136,-1.07,36,0
157,68,Hombre,7.8,131,29.8,293,0,0,0.027,301,127,-5.19,36,0
158,67,Mujer,9.4,127,63.2,169,1,1,0.462,268,123,-1.61,36,0
159,59,Mujer,5.5,129,49.3,26,1,0,-0.037,25,140,-0.94,36,0
160,40,Mujer,8.6,128,57.7,17,0,1,-0.013,17,126,0.94,36,0
161,57,Hombre,7.6,144,53.7,45,0,0,0.363,65,132,-2.15,36,0
162,63,Mujer,8.1,143,40.6,270,0,1,-0.266,207,147,-1.78,36,0
163,64,Mujer,9.9,145,42.1,92,0,0,0.584,165,149,-3.16,36,0
164,64,Hombre,8.5,120,41.9,65,0,0,0.394,96,126,-2.24,36,0
165,62,Mujer,8.3,152,52.1,116,0,1,-0.105,104,139,-0.62,36,0
166,70,Mujer,8.6,154,25.9,888,1,1,-0.71,436,154,-2.15,36,0
167,66,Hombre,9.7,153,52.6,202,1,0,0.403,302,154,-2.19,36,0
168,56,Hombre,8.9,137,59.2,413,1,0,1.132,1280,139,-3.61,36,0
169,69,Hombre,8.4,113,40.6,187,0,0,-0.517,112,130,-2.08,36,0
170,66,Hombre,8.1,131,37.8,137,0,0,-0.59,76,133,-0.97,36,0
171,62,Mujer,7.3,126,56,64,0,0,0.084,70,118,-1.05,36,0
172,60,Mujer,10.5,132,52.1,113,0,1,0.217,140,130,-3.59,36,0
173,60,Mujer,7.3,110,50.3,51,0,1,-0.308,37,103,1.04,36,0
174,74,Mujer,7,173,45.3,536,0,1,0.502,886,161,-4,36,0
175,59,Mujer,7.9,153,40.1,85,1,0,0.148,99,148,-1.86,36,0
176,56,Mujer,8,147,38.8,155,1,0,0.322,214,150,-2.48,36,0
177,65,Hombre,6.4,123,40.1,44,0,0,0.199,54,115,-2.93,36,0
178,70,Hombre,8.6,148,49.6,438,0,0,0.366,632,149,-5.26,36,0
179,50,Mujer,7.8,104,39.9,131,0,0,-0.11,117,110,-0.09,36,0
180,57,Hombre,5.5,132,47.4,92,0,0,-0.087,84,144,-0.12,36,0
181,74,Hombre,6.3,138,50,55,0,0,0.431,85,131,-1.44,36,0
182,62,Hombre,6,147,30.6,5,0,0,0.45,8,155,-3.39,36,0
183,65,Mujer,8.3,128,43,80,0,0,-0.25,62,120,-0.78,36,0
184,53,Mujer,7.9,138,41.3,194,0,1,0.502,321,134,-2.31,36,0
185,57,Mujer,6.1,141,34.2,223,0,0,-0.038,215,139,-3.68,36,0
186,57,Hombre,7.4,98,43.4,41,0,0,1.069,119,86,-2.11,36,0
187,68,Hombre,8,113,57.1,166,0,0,-0.612,90,113,-1.94,36,0
188,56,Hombre,6.5,154,50.3,21,1,1,-0.692,11,152,1.37,36,0
189,59,Hombre,7.7,120,32.8,179,0,0,-0.931,71,128,-0.5,36,0
190,40,Hombre,8.2,109,49.3,33,0,0,-0.102,30,119,-0.24,36,0
191,90,Hombre,9.2,132,21.1,1673,1,1,-0.42,1099,125,-3.68,36,0
192,70,Hombre,7.3,107,39.8,31,0,1,-0.28,23,104,-0.01,36,0
193,65,Hombre,5.5,132,51.8,51,1,1,-0.676,26,132,0.19,36,0
194,43,Mujer,8.3,143,33.6,103,0,0,-0.062,97,130,-0.81,36,0
195,68,Hombre,7.1,139,52.7,129,0,0,-0.388,88,139,-0.16,36,0
196,70,Hombre,8.8,150,26.8,102,0,0,0.32,140,147,-3.39,36,0
197,51,Mujer,7.8,157,49.8,77,0,0,-0.559,44,169,-1.75,36,0
198,66,Mujer,7.1,143,51.8,46,0,0,-0.353,32,152,-1.26,36,0
199,66,Mujer,8.8,149,48.2,1217,1,1,-0.58,681,146,-2.63,36,0
200,67,Mujer,7.6,109,57.3,30,0,1,-0.145,26,112,1.24,36,0
201,61,Hombre,7.4,136,59.2,19,1,1,-0.03,18,117,-1.14,36,0
202,68,Mujer,7.5,120,31.7,81,1,0,0.004,81,106,-0.11,36,0
203,63,Mujer,8.2,146,49.9,643,0,0,0.317,883,145,-4.36,36,0
204,59,Hombre,6.5,127,52.9,108,0,1,-0.171,91,122,-0.31,36,0
205,72,Mujer,7.4,138,34,128,0,0,0.987,343,122,-6.1,36,0
206,66,Hombre,10,120,51.1,126,1,1,-0.038,121,121,-1.97,36,0
207,63,Mujer,8,145,37.7,78,0,0,0.519,131,140,-2.8,18.48,1
208,56,Hombre,8.1,143,44,24,1,1,-0.72,12,133,-0.06,36,0
209,55,Mujer,8.6,144,48.5,315,0,0,0.167,372,138,-2.85,36,0
210,64,Hombre,8.2,135,46.6,85,0,0,1.003,232,134,-4.04,36,0
211,66,Hombre,7.8,120,45.3,422,0,0,0.425,646,116,-4.62,36,0
212,72,Hombre,7.8,110,46,68,1,0,0.375,99,122,-4.27,36,0
213,65,Hombre,8.4,131,58.9,103,0,0,0.559,180,134,-1.76,36,0
214,54,Mujer,9.6,134,51.3,326,0,1,0.077,352,128,-3.67,36,0
215,45,Mujer,7,124,37.5,24,0,0,-0.73,12,141,0.42,36,0
216,57,Hombre,9.3,103,38.1,409,0,0,-0.113,365,107,-2.58,36,0
217,61,Hombre,5.5,139,54.1,29,0,1,-0.554,17,131,1.23,36,0
218,49,Hombre,6.6,130,53.4,43,0,1,0.067,46,115,-0.35,36,0
219,80,Hombre,5.9,112,45.5,347,1,1,-0.756,163,103,0.22,36,0
220,65,Hombre,8.2,130,55.1,15,1,0,0.495,25,132,-2.55,36,0
221,70,Hombre,6.6,154,39.1,771,0,1,-0.245,603,151,-3.2,36,0
222,53,Mujer,8.3,119,46.2,44,0,1,0.439,68,96,-1.73,36,0
223,76,Mujer,8,139,26.1,1180,0,1,-0.462,744,127,-2.97,36,0
224,67,Hombre,7.7,150,52.6,7,0,0,0.028,7,146,-0.68,36,0
225,69,Mujer,6.3,122,50.2,367,1,1,-0.921,146,117,0.6,36,0
226,65,Hombre,6.7,138,35.2,48,1,0,-0.356,34,156,-1.8,36,0
227,78,Mujer,9.5,141,34.9,1317,0,0,-0.324,952,142,-4.92,0.64,1
228,66,Hombre,7.7,145,42.4,87,0,0,0.236,110,144,-3.78,36,0
229,63,Hombre,8.5,145,42.2,31,0,1,-0.28,23,132,-1.66,36,0
230,53,Mujer,7.7,139,45.5,322,0,1,0.079,349,135,-2.36,36,0
231,60,Mujer,7.4,104,49.6,22,0,0,0.221,27,94,-1.06,36,0
232,79,Mujer,7.6,125,43.3,460,0,1,-0.493,281,113,-1.74,36,0
233,54,Hombre,6.3,156,49.5,137,0,0,0.502,226,151,-3.45,36,0
234,61,Hombre,9,121,47.4,372,0,1,-1.015,135,113,-0.83,36,0
235,61,Mujer,8.4,148,53.6,103,0,0,0.128,117,142,-4.4,36,0
236,69,Mujer,8.5,148,59.6,32,1,0,-0.282,24,144,-2.61,36,0
237,62,Hombre,7.8,121,40.3,297,0,0,-0.04,285,124,-1.81,36,0
238,57,Mujer,7.5,153,31.3,364,1,1,-1.264,103,137,0.36,36,0
239,58,Mujer,7,154,66.5,93,0,1,0.286,124,160,-2.02,36,0
240,54,Hombre,6.9,119,44.5,72,0,0,-0.094,66,122,-0.89,36,0
241,56,Mujer,8.9,107,40.7,272,0,0,-0.702,135,99,-3.09,36,0
242,74,Mujer,6.4,165,56.5,188,0,1,-0.263,144,158,-2.06,36,0
243,89,Hombre,8.9,125,54,300,0,0,0.058,318,121,-4.75,36,0
244,39,Hombre,6.2,125,40.6,40,0,0,-0.746,19,113,0.94,36,0
245,52,Hombre,7.7,122,57,805,0,0,-0.484,496,114,-1.64,36,0
246,66,Mujer,8.1,153,34.7,131,0,1,-0.321,95,138,-2.34,36,0
247,68,Mujer,8.2,128,41.8,108,0,0,-0.448,69,128,-0.74,36,0
248,76,Hombre,7.6,120,35,335,1,1,-1.145,107,107,-0.4,36,0
249,67,Hombre,6.2,139,54.1,178,1,0,0.676,350,142,-4.03,36,0
250,63,Hombre,11.5,157,60.1,378,1,1,-0.804,169,160,-1.82,36,0
251,63,Hombre,9,151,42.8,254,1,1,0.24,323,146,-4.61,4.75,1
252,67,Hombre,8.9,159,45.7,78,1,1,0.218,97,157,-3.44,36,0
253,82,Hombre,7.4,128,40.5,248,0,0,-0.414,164,119,-4.14,18.44,1
254,58,Hombre,8.1,113,44,52,0,0,0.723,107,112,-2.56,36,0
255,69,Hombre,8.2,140,41.7,155,0,1,-0.782,71,127,-0.58,36,0
256,70,Hombre,6.6,127,38.5,55,0,0,-0.276,42,125,-2.03,36,0
257,55,Mujer,8.4,118,26.9,159,0,1,-0.194,131,119,-1.31,36,0
258,61,Hombre,7.3,126,63,54,0,1,-0.306,40,119,-0.32,36,0
259,64,Hombre,7.3,135,53.7,158,0,0,0.961,413,135,-3.3,36,0
260,64,Hombre,9.3,139,53.2,753,0,1,-0.344,534,139,-1.64,36,0
261,75,Hombre,6.3,153,39.9,26,1,0,0.226,33,152,-1.53,36,0
262,82,Mujer,9.2,134,41.3,147,1,0,0.315,201,144,-5.58,36,0
263,62,Mujer,9.1,124,41.6,42,0,1,-0.215,34,117,-1.41,36,0
264,70,Hombre,7.5,117,48.4,363,0,1,-0.403,243,112,-0.44,36,0
265,57,Mujer,7.9,115,58.9,34,0,0,-0.076,32,110,0.51,36,0
266,61,Hombre,8.5,160,50.7,42,0,1,-0.295,31,148,-0.98,36,0
267,64,Hombre,6.8,141,43.8,115,0,1,0.612,212,142,-5.32,36,0
268,69,Hombre,7.2,134,46.4,568,0,0,0.366,819,134,-4.56,36,0
269,64,Hombre,7,153,36.8,393,1,0,-0.45,251,152,-3.27,36,0
270,80,Hombre,5.5,137,34.9,99,0,0,0.177,118,148,-3.32,36,0
271,72,Hombre,8.6,136,54.8,58,1,0,0.046,61,125,-2.93,36,0
272,72,Hombre,7.5,133,61.1,25,0,0,-0.056,24,140,-1.61,36,0
273,55,Mujer,6.6,117,50.1,29,0,1,-0.135,25,118,2.47,36,0
274,57,Mujer,11.2,123,42.9,597,0,1,-0.205,486,128,-1.2,36,0
275,60,Mujer,6.2,139,40.4,35,0,0,0.249,45,132,-1.16,36,0
276,67,Mujer,5.5,127,51.5,73,0,0,-0.064,69,144,-2.74,36,0
277,67,Mujer,8.2,95,55.5,38,0,1,-0.237,30,98,1.57,36,0
278,56,Hombre,6.9,108,45.6,8,0,0,0.65,15,111,-0.8,36,0
279,78,Hombre,6.5,164,35.8,80,0,0,0.331,111,177,-4.7,36,0
280,72,Mujer,7.4,139,39.4,267,0,1,-0.007,265,142,-2.54,36,0
281,63,Mujer,7.7,111,46.4,126,0,1,-0.947,49,102,1.69,36,0
282,73,Mujer,7.4,124,25.9,23,0,0,0.628,43,127,-3.29,36,0
283,70,Mujer,6.6,128,44.3,59,0,0,0.583,106,139,-3.02,36,0
284,72,Hombre,8.7,134,40.3,597,1,0,-0.253,464,133,-4.96,36,0
285,75,Hombre,5.5,145,34.6,27,1,0,0.105,30,149,-2.8,36,0
286,42,Mujer,7.2,107,55.7,45,0,0,0.059,48,111,-0.24,36,0
287,64,Mujer,10,135,27.9,722,0,1,0.304,979,127,-3.54,36,0
288,73,Mujer,6.9,111,41.1,65,0,0,0.204,80,105,-0.33,36,0
289,48,Hombre,9,125,49.9,71,0,1,0.51,118,133,-2.24,30.95,1
290,74,Hombre,9.7,150,54.4,136,1,0,0.53,231,151,-5.61,36,0
291,66,Hombre,7,149,51.2,338,0,1,-0.141,293,153,-1.14,36,0
292,63,Mujer,7.4,143,50.5,78,0,1,-0.24,61,125,-0.41,36,0
293,63,Mujer,5.7,147,51,331,0,0,0.809,743,155,-2.15,36,0
294,56,Mujer,6.8,134,52.7,66,0,0,0.218,82,135,-2.64,36,0
295,65,Hombre,7.4,149,34.3,53,1,1,-1.201,16,149,-0.21,36,0
296,86,Hombre,6,144,35.1,196,0,0,0.038,204,147,-5.57,36,0
297,72,Hombre,5.9,107,38,55,0,1,-0.231,44,94,-0.3,36,0
298,58,Hombre,8.1,145,42.4,763,0,0,-0.339,544,153,-2.46,36,0
299,59,Mujer,7.2,125,39.8,60,1,0,-0.413,40,129,-1.63,36,0
300,46,Mujer,7.4,133,47.2,718,0,1,-0.844,309,124,-0.51,36,0
301,44,Hombre,7.5,136,47.8,313,0,0,0.15,364,135,-1.85,36,0
302,41,Hombre,9.3,103,51.1,311,0,1,-0.405,208,101,0.17,36,0
303,60,Hombre,5.5,152,42.7,328,0,1,0.349,465,145,-0.81,36,0
304,58,Hombre,8,136,70.2,160,0,1,-0.398,107,119,0.66,36,0
305,70,Hombre,8.3,137,54.4,395,0,0,0.397,587,130,-4.03,36,0
306,68,Mujer,7.9,134,52.9,109,0,0,-0.484,67,129,-0.7,36,0
307,51,Hombre,8,118,43.8,40,0,1,0.483,65,115,-2.35,25.22,1
308,78,Hombre,7.8,149,35.9,82,0,0,-0.512,49,163,-1.85,36,0
309,62,Hombre,9.3,130,58.4,86,0,1,1.035,242,117,-3.58,36,0
310,57,Hombre,8.8,125,49.1,120,1,1,0.278,158,123,-3.81,36,0
311,53,Hombre,9.4,115,65.4,251,0,1,0.153,292,125,-0.96,19.01,1
312,76,Hombre,10.7,156,33.4,170,1,0,-0.296,126,160,-4.26,11.55,1
313,58,Mujer,6.6,138,68.8,68,0,1,-0.48,42,132,1.43,36,0
314,54,Hombre,6.1,168,32.3,51,0,0,-0.002,51,171,-1.9,4.58,1
315,71,Mujer,8.1,121,40.7,43,0,0,-0.011,43,115,-2.12,36,0
316,74,Hombre,7.7,152,47.9,234,0,1,-0.072,218,155,-3.02,36,0
317,58,Mujer,8.4,123,50.7,18,0,0,-0.715,9,115,0.55,36,0
318,51,Hombre,8.5,110,68.5,190,0,1,-1.135,61,111,2.11,36,0
319,65,Mujer,9.3,135,44.6,119,0,1,-0.148,103,121,-1.34,36,0
320,67,Hombre,9.6,119,39.5,313,0,0,-0.501,190,121,-2.38,36,0
321,68,Hombre,5.5,142,41,230,0,0,0.419,350,150,-2.01,36,0
322,64,Mujer,6.5,131,60.4,135,0,1,-0.283,102,128,-0.85,36,0
323,77,Hombre,6.5,133,40.9,159,0,0,-0.255,123,126,-1.85,36,0
324,58,Mujer,7.4,139,33.8,64,0,0,0.137,73,137,-2.99,36,0
325,61,Hombre,10,141,37.6,153,0,1,-0.332,110,142,-2.4,36,0
326,63,Hombre,5.8,158,43.1,467,0,1,0.092,512,149,-1.87,36,0
327,53,Mujer,7,152,40.9,215,1,1,-0.557,123,151,0.66,36,0
328,75,Hombre,8.2,146,55.3,67,0,0,0.055,71,139,-2.69,36,0
329,58,Hombre,8,128,49.1,110,0,1,-0.175,92,128,-1.54,36,0
330,37,Mujer,7.4,134,49.7,93,0,1,0.445,145,138,-0.87,36,0
331,68,Mujer,7.4,128,34.9,195,0,0,0.126,221,124,-4.41,36,0
332,76,Hombre,6.6,146,45.9,13,0,0,0.663,25,141,-3.34,36,0
333,66,Hombre,8.6,108,49.4,44,0,1,-0.434,29,106,0.79,36,0
334,44,Mujer,9.2,144,41.3,46,0,1,-0.333,33,133,-0.42,36,0
335,68,Hombre,8.3,158,40.9,263,0,0,-0.226,210,146,-4.79,36,0
336,66,Mujer,7,153,40.7,76,1,0,-0.678,39,144,-2.26,36,0
337,79,Hombre,7.4,147,38.3,154,0,1,-0.12,137,135,-1.86,36,0
338,65,Mujer,8.4,130,43.6,128,1,1,-0.782,59,125,-1.83,36,0
339,47,Mujer,8.8,107,47.1,234,0,1,-0.259,181,104,-1.48,36,0
340,80,Hombre,6.8,131,44.1,111,0,0,0.075,120,131,-2.4,36,0
341,70,Mujer,7.2,147,45,559,0,1,-1.097,187,138,-1.76,36,0
342,73,Mujer,7.6,172,45,324,1,0,-0.297,241,179,-3.59,36,0
343,56,Hombre,9,139,50.8,94,1,1,0.279,124,144,-3.62,36,0
344,46,Hombre,6.9,140,42.1,126,0,0,0.388,186,132,-1.9,36,0
345,39,Mujer,6.6,137,32.9,39,0,1,0.237,49,148,-1.51,36,0
346,48,Hombre,6.7,118,53.2,64,0,1,-0.342,45,122,-0.79,36,0
347,79,Hombre,6.1,131,44,705,0,0,0.056,746,134,-4.1,8.49,1
348,63,Mujer,7.8,119,68.2,44,0,0,0.226,55,115,-3.19,36,0
349,61,Mujer,6.5,116,49.7,33,0,0,0.361,47,116,-2.66,36,0
350,60,Mujer,8,144,35.7,153,0,0,-0.435,99,125,-2.46,36,0
351,50,Hombre,5.5,148,57.2,551,0,1,-0.107,495,132,-0.99,36,0
352,70,Hombre,8,161,28.8,154,0,0,0.57,272,169,-4.65,36,0
353,73,Mujer,9.2,129,26.1,147,0,0,0.237,186,117,-5.76,36,0
354,63,Hombre,6.8,153,34.6,21,0,0,0.702,42,150,-2.09,36,0
355,57,Mujer,7.6,118,43.4,52,1,0,-0.184,43,109,-2,36,0
356,69,Mujer,7.2,106,30.4,83,0,0,-0.207,67,106,-2.25,36,0
357,62,Hombre,6.8,154,42.8,67,0,1,-0.626,36,148,1.1,36,0
358,72,Mujer,9.6,119,43.4,252,0,0,0.542,433,97,-4.61,36,0
359,83,Hombre,6.1,137,38.4,220,1,1,-0.481,136,131,-0.28,36,0
360,65,Hombre,5.5,135,42.8,35,0,0,0.081,38,132,-2.1,36,0
361,70,Mujer,5.7,143,49.4,164,1,1,-0.073,152,146,-2.55,36,0
362,60,Hombre,9.2,137,21.1,352,1,0,0.195,428,136,-2.75,36,0
363,43,Hombre,5.8,116,48.2,107,0,0,-0.583,60,131,0.8,36,0
364,81,Hombre,6.9,137,45.1,80,1,0,-0.047,76,143,-3.17,36,0
365,71,Hombre,6.6,142,36.2,10,1,0,0.076,11,149,-1.04,36,0
366,52,Mujer,7,139,39.9,82,0,1,0.288,109,133,-0.73,18.55,1
367,77,Hombre,5.5,114,42.9,78,0,0,0.418,119,95,-0.11,36,0
368,68,Hombre,6.2,124,47,20,0,0,0.246,26,123,-2.5,36,0
369,50,Mujer,8.1,130,53.7,61,0,0,0.027,63,122,-3.68,36,0
370,62,Mujer,8.5,138,64.2,222,0,0,-0.552,128,138,-1.24,36,0
371,72,Hombre,8.7,149,46.5,26,0,0,0.195,32,127,-3.32,36,0
372,51,Hombre,9.4,133,45.7,257,0,1,-0.321,186,131,-1.24,36,0
373,73,Mujer,7.1,142,39.6,85,0,0,-0.522,50,143,-2.23,36,0
374,65,Hombre,7.7,145,57.7,49,0,1,-0.056,46,131,-0.99,36,0
375,77,Mujer,8.1,124,37.4,62,0,0,-0.342,44,135,-1.36,36,0
376,54,Mujer,8.7,158,36.1,314,0,0,-0.064,295,149,-4.25,36,0
377,59,Hombre,8.2,124,35.7,68,1,0,-1.144,22,119,-1.55,36,0
378,58,Mujer,7.1,109,53.5,189,0,0,0.282,250,109,-0.98,36,0
379,67,Mujer,9.4,144,64.8,125,1,1,0.581,223,132,-4.2,36,0
380,58,Hombre,9.6,126,36.1,118,0,0,0.432,182,126,-3.5,36,0
381,69,Mujer,7.1,101,41,83,0,1,-0.729,40,98,1.1,36,0
382,65,Hombre,8.8,132,44.2,209,1,1,0.384,307,127,-1.37,36,0
383,46,Mujer,8.8,138,60.9,249,0,0,0.722,513,130,-3.42,36,0
384,69,Hombre,7.7,134,39,111,0,0,-0.245,87,122,-2.19,36,0
385,74,Hombre,6.3,149,40.2,124,0,1,0.244,158,146,-3.06,36,0
386,68,Hombre,7,155,39.2,124,1,1,0.053,131,144,-2.19,36,0
387,68,Hombre,6.9,135,29.3,66,0,0,0.481,107,138,-2.43,36,0
388,72,Mujer,6.5,147,59.5,528,0,1,-1.055,184,123,-0.38,36,0
389,59,Mujer,5.5,115,59.4,37,0,1,-0.137,32,111,-0.67,36,0
390,76,Hombre,8.1,147,44.1,157,1,0,0.443,244,159,-3.32,36,0
391,62,Hombre,8.8,145,51.8,572,1,0,0.4,853,141,-4.72,20.78,1
392,71,Hombre,8.3,120,36.9,19,0,0,-0.36,13,118,-1.86,36,0
393,69,Hombre,8.9,140,33.8,471,0,0,0.41,710,140,-3.64,36,0
394,69,Mujer,8.7,157,43.6,334,1,1,-0.614,181,148,-2.86,36,0
395,82,Mujer,6.9,136,28.2,19,0,0,-0.213,15,139,-1.09,36,0
396,70,Hombre,7.4,147,42.6,95,1,0,0.408,143,153,-4.25,36,0
397,88,Hombre,7.2,148,41.4,19,0,0,0.325,26,156,-1.69,31.08,1
398,67,Hombre,7.4,148,31.2,293,1,0,-0.215,236,131,-3.84,24.47,1
399,61,Hombre,8.6,139,40,466,0,0,1.077,1369,136,-4.24,36,0
400,73,Hombre,7.8,118,32.9,219,0,0,0.761,469,125,-3.66,36,0
401,75,Mujer,9.4,125,53.3,469,1,0,-0.373,323,123,-2.34,36,0
402,51,Mujer,8.2,130,52.3,24,0,0,-0.008,24,122,-1.54,36,0
403,82,Mujer,6.3,111,36.9,102,0,0,-0.306,75,105,-0.93,36,0
404,58,Hombre,6.9,173,42.9,96,0,0,0.798,213,184,-1.79,36,0
405,61,Mujer,9.1,140,58.1,212,0,0,-0.554,122,146,-1.78,14.8,1
406,60,Mujer,7.8,173,49.5,180,0,1,-0.683,91,166,1.03,36,0
407,60,Hombre,5.5,136,48.6,117,1,0,-0.277,89,135,-2.83,36,0
408,56,Mujer,7.3,148,56.8,42,1,1,0.211,52,134,-1.06,36,0
409,74,Mujer,6.7,146,39.8,190,0,0,-0.488,117,148,-2.03,36,0
410,75,Mujer,6.6,126,39.3,27,1,1,0.692,54,123,-3.52,36,0
411,63,Hombre,7.5,133,44.7,26,0,0,1.223,88,148,-2.59,36,0
412,66,Hombre,6.7,148,40.4,12,0,0,0.34,17,163,-1.75,36,0
413,80,Mujer,7.3,132,48.6,84,1,0,0.258,109,139,-4.69,36,0
414,68,Mujer,9.6,148,39.1,305,0,0,-0.447,195,146,-3.44,36,0
415,65,Mujer,6.6,127,43.6,91,0,0,0.324,126,130,-2.41,36,0
416,75,Mujer,7.6,135,44,45,0,0,0.491,74,148,-1.27,36,0
417,61,Mujer,7.8,130,53,1150,1,1,-0.701,570,127,-1.74,36,0
418,70,Hombre,5.8,117,40.2,313,0,0,-0.653,163,122,-1.05,36,0
419,60,Hombre,9.1,129,46.1,46,1,1,0.149,53,118,-3.24,36,0
420,63,Hombre,5.5,142,50.1,301,0,0,0.33,419,156,-3.55,36,0
421,65,Hombre,8,130,51,377,1,1,0.066,403,139,-3.76,36,0
422,69,Mujer,8.9,155,34.1,454,0,0,-0.784,207,144,-2.84,32.74,1
423,64,Mujer,8.4,132,56.1,479,1,1,-1.086,162,117,-1.32,36,0
424,73,Mujer,7.1,157,44.8,54,0,0,-0.051,51,177,-4.04,36,0
425,64,Mujer,6.3,132,32.6,244,0,1,-0.129,215,119,-1.31,36,0
426,56,Mujer,9,152,56,315,0,1,-0.862,133,148,0.26,36,0
427,64,Hombre,8.8,144,41.7,113,0,1,0.001,113,148,-3,36,0
428,72,Hombre,8.4,129,26.2,475,1,0,-0.302,351,131,-4.58,36,0
429,64,Hombre,7.8,132,49.5,50,1,0,0.63,94,129,-3.33,36,0
430,58,Hombre,6.6,134,54.3,101,0,1,-0.286,76,130,-0.44,36,0
431,64,Hombre,9.2,158,41.9,427,0,0,-0.104,385,163,-4.14,17.25,1
432,50,Hombre,9.8,130,52.6,757,0,1,-0.861,320,115,-2.02,36,0
433,73,Hombre,9,141,45.9,258,0,0,0.15,300,135,-4.66,36,0
434,76,Mujer,7.8,156,41.6,634,1,0,0.396,942,161,-3.85,36,0
435,47,Hombre,8.2,142,46.7,137,0,0,-0.126,121,148,-2.05,5.45,1
436,48,Mujer,8,121,49.1,74,0,0,-0.311,54,120,-2.58,36,0
437,47,Hombre,8.4,131,59.6,62,1,1,0.044,65,128,-1.19,36,0
438,51,Hombre,7.7,147,47.1,204,0,1,0.103,226,133,-2.56,36,0
439,61,Mujer,5.5,136,51.7,66,0,0,0.614,122,118,-1.29,36,0
440,54,Hombre,6.6,170,69.4,234,1,1,-0.057,221,167,-1.31,36,0
441,48,Mujer,10.7,129,46.5,448,0,1,-0.129,394,119,-0.67,36,0
442,54,Hombre,8.6,140,54.3,973,0,1,-0.415,643,135,-0.91,36,0
443,54,Hombre,8.8,145,37.1,820,1,1,-1.217,243,153,-1.21,36,0
444,70,Mujer,7.3,139,26.7,267,1,0,0.31,364,134,-4.04,36,0
445,76,Hombre,5.5,138,35.1,101,1,0,0.544,174,132,-4,36,0
446,63,Mujer,5.8,135,50.7,192,0,1,-0.961,73,128,0.93,36,0
447,60,Hombre,8.2,133,58.9,147,0,1,-0.278,111,121,-0.24,36,0
448,56,Hombre,7.8,123,39.7,74,0,0,0.155,86,122,-4.17,36,0
449,54,Mujer,7.7,126,50.9,114,0,1,-0.266,87,124,1.54,36,0
450,61,Hombre,8.5,145,40.7,322,0,1,0.023,329,134,-4.31,36,0
451,75,Hombre,7.3,116,37.8,57,0,0,-0.636,30,127,-1.84,36,0
452,61,Hombre,8.4,125,30.6,265,1,0,-0.423,174,140,-3.04,36,0
453,51,Hombre,9.5,132,55.9,269,0,1,0.041,280,120,-1.62,36,0
454,62,Hombre,8.7,154,43.4,169,0,1,0.505,280,157,-4.78,36,0
455,67,Mujer,9.6,125,41.3,113,0,0,-0.252,88,125,-2.54,36,0
456,67,Mujer,8.5,103,64,58,0,0,-0.279,44,86,0.76,36,0
457,56,Mujer,7.5,102,69.9,17,0,0,0.472,27,89,-0.77,36,0
458,69,Hombre,7.8,125,57.1,60,1,0,0.521,101,120,-2.13,36,0
459,59,Mujer,9.6,118,36.8,107,0,1,-0.789,49,114,-0.8,36,0
460,67,Mujer,6.2,144,43.7,334,0,1,-0.39,226,137,-0.96,36,0
461,66,Mujer,6.9,106,38.2,111,1,0,0.053,117,98,-2.56,36,0
462,62,Hombre,9.1,160,44.2,124,0,1,-0.167,105,167,-2.47,36,0
463,57,Mujer,8.6,137,48.8,109,0,1,0.107,121,129,-1.64,36,0
464,64,Mujer,8.4,169,41.3,22,1,0,0.64,42,171,-3.93,36,0
465,58,Hombre,8.6,135,55.8,26,1,1,-0.171,22,132,1.36,36,0
466,49,Mujer,5.5,136,55.7,19,0,1,-0.734,9,146,2.24,36,0
467,55,Hombre,7.3,135,57.9,195,0,0,0.009,197,149,-1.67,36,0
468,59,Hombre,7.4,144,54.8,82,1,1,0.17,97,136,-0.6,36,0
469,60,Mujer,8.6,145,36.6,481,0,1,-0.576,270,126,-1.41,36,0
470,88,Hombre,8.7,151,33.3,327,1,0,-0.039,314,147,-4.63,36,0
471,80,Hombre,7.3,135,52.6,84,1,0,0.025,86,139,-2.48,36,0
472,66,Mujer,10.4,131,42.2,182,1,1,-0.122,161,138,-2.79,36,0
473,70,Hombre,8.7,148,41,107,0,0,-0.164,91,153,-2.11,14.1,1
474,64,Hombre,8,148,58,26,1,0,0.255,34,140,-2.79,36,0
475,69,Hombre,7.9,147,31.6,46,0,0,0.146,53,138,-2.87,36,0
476,68,Hombre,6.6,123,42.7,128,1,0,0.333,179,129,-4.19,36,0
477,65,Hombre,9.6,163,56.7,127,1,1,0.32,175,163,-1.86,36,0
478,55,Hombre,7.9,137,37.4,68,0,1,-0.18,57,130,0.21,36,0
479,58,Hombre,5.5,139,61.4,68,0,1,-0.804,30,138,2.22,36,0
480,70,Mujer,7.6,155,39.8,240,1,0,0.266,313,161,-4.12,36,0
481,61,Hombre,6.9,176,45.2,80,0,0,1.656,419,182,-4.89,36,0
482,73,Mujer,7.8,102,48.8,56,1,0,-0.742,27,109,-1.61,36,0
483,60,Hombre,6.1,177,56.7,97,0,0,0.599,177,162,-3.91,0.44,1
484,68,Mujer,6.1,129,53.6,72,0,0,-0.053,68,129,-1.31,36,0
485,61,Mujer,7.1,153,50.4,301,1,1,-0.33,216,165,-2.09,36,0
486,68,Mujer,8.7,134,39,244,0,1,-0.197,200,121,-0.35,36,0
487,52,Hombre,6.7,127,48.6,38,0,1,-0.398,26,114,0.76,36,0
488,63,Mujer,7.4,132,54.2,801,0,1,-0.59,444,111,-0.59,36,0
489,60,Hombre,9.7,131,41.3,708,0,1,-0.143,614,124,-3.06,36,0
490,61,Hombre,7.3,146,48.8,8,0,0,0.6,15,155,0.24,36,0
491,86,Hombre,7.8,176,30.4,32,0,0,0.236,41,183,-3.23,36,0
492,64,Hombre,8,141,39.6,1071,0,0,-0.84,462,150,-3.88,36,0
493,60,Hombre,10.4,141,39.3,798,0,1,-0.264,613,131,-3.15,36,0
494,42,Hombre,6.8,103,54.4,13,1,1,-1.276,4,97,2.66,36,0
495,61,Hombre,10.3,133,54.6,46,1,0,-0,46,137,-2.87,36,0
496,72,Hombre,6.2,172,48.7,393,1,1,-0.576,221,177,-3.66,36,0
497,82,Hombre,9.9,143,30,124,0,0,0.163,146,137,-4.76,0.41,1
498,61,Mujer,9.6,143,40.9,491,0,0,-0.129,432,143,-4.33,36,0
499,70,Mujer,9.1,133,48.2,11,0,1,0.171,13,122,-2.17,36,0
500,70,Mujer,10.6,127,33.9,232,1,1,-0.644,122,137,-1.96,36,0
501,55,Mujer,9.3,121,52.6,65,0,1,0.326,90,108,-0.39,36,0
502,56,Mujer,9.4,161,53.1,1610,0,1,0.51,2680,159,-4.16,36,0
503,57,Hombre,6.1,139,35.9,338,1,0,-0.283,255,138,-2.59,36,0
504,81,Hombre,10.5,151,66.2,105,0,0,0.735,219,149,-6.1,36,0
505,72,Hombre,6.5,136,38.4,8,0,0,-0.204,7,131,-0.5,36,0
506,62,Hombre,8.3,110,48.3,72,0,1,0.364,104,97,-3.76,36,0
507,81,Hombre,7.8,163,29.4,429,0,0,0.451,674,156,-7.63,0.68,1
508,72,Hombre,7.1,150,33.4,27,1,0,-0.136,24,156,-2.48,36,0
509,56,Hombre,7.3,149,46.3,471,1,1,-0.473,294,164,-2.24,36,0
510,73,Hombre,6.8,141,55,33,0,0,0.397,49,140,-2.01,36,0
511,65,Hombre,6.8,140,41.6,486,0,0,-0.982,182,135,-0.26,36,0
512,58,Hombre,7.8,125,54.3,32,0,0,1.033,90,125,-1.52,36,0
513,78,Mujer,7.6,112,37.5,182,1,0,-0.287,137,111,-3.71,36,0
514,64,Hombre,8.4,136,43,26,0,1,0.3,35,134,-3.53,36,0
515,60,Hombre,9.1,152,49.1,29,1,0,1.145,91,149,-3.41,36,0
516,63,Hombre,7.9,139,30.8,63,0,0,0.126,71,129,-2.25,36,0
517,61,Hombre,8.9,136,50.1,670,1,1,-1.132,216,141,0.02,36,0
518,82,Mujer,6.3,123,44.2,14,0,0,-0.23,11,139,-3.59,36,0
519,52,Mujer,7.7,129,52.1,100,0,0,0.719,205,140,-2.78,3.68,1
520,66,Mujer,6.1,128,41,307,0,1,-0.932,121,123,0.69,36,0
521,58,Mujer,7.2,123,31.8,33,0,1,-0.626,18,131,0.03,36,0
522,71,Hombre,6.5,125,46.7,13,1,0,0.358,19,114,-1.76,36,0
523,69,Mujer,7.6,125,54,43,0,0,-0.029,42,124,-2.38,36,0
524,71,Mujer,8.5,136,38.2,185,0,0,-0.362,129,124,-3.13,36,0
525,53,Mujer,5.8,146,51.7,18,0,0,0.144,21,139,0.05,36,0
526,71,Hombre,7.1,136,34.3,76,1,0,-0.057,72,135,-2.64,36,0
527,67,Mujer,10.5,148,35.9,94,1,1,0.36,135,147,-3.07,36,0
528,62,Mujer,7.7,146,38.2,175,0,0,-0.032,170,148,-2.98,36,0
529,52,Mujer,7.9,145,38.6,440,0,1,0.155,514,147,-1.98,36,0
530,53,Hombre,9.3,114,46.1,215,0,1,-0.521,128,101,1.48,36,0
531,63,Mujer,9.4,151,47.5,163,0,1,0.018,166,144,-4.5,36,0
532,57,Mujer,5.5,127,53.3,17,0,0,1.282,61,133,-2.44,36,0
533,75,Hombre,6.7,162,34.4,1646,1,0,-0.388,1117,174,-2.41,30.3,1
534,75,Mujer,9.7,145,51.6,263,0,0,-0.328,189,143,-2.54,36,0
535,67,Hombre,8.8,134,51.7,184,0,0,-0.171,155,148,-0.73,36,0
536,68,Mujer,7.9,112,39.6,22,0,0,-0.186,18,104,-1.38,36,0
537,57,Hombre,8.7,137,46.7,220,0,1,-0.352,155,131,-1.12,36,0
538,64,Hombre,7.5,123,52.7,67,1,0,-0.69,34,139,-1.13,36,0
539,67,Hombre,7,127,28.2,352,0,0,-0.083,324,139,-2.52,20.43,1
540,70,Hombre,8.5,124,39.1,1685,1,1,-0.335,1206,121,-5.59,36,0
541,69,Hombre,6.3,139,58.7,14,0,0,0.57,25,141,-3.22,36,0
542,44,Hombre,7.1,173,64.2,337,0,1,-0.56,192,157,-1.11,36,0
543,39,Hombre,6.8,124,61.8,25,0,1,-0.027,24,111,-0.58,36,0
544,66,Hombre,8.2,155,48.5,290,1,0,0.234,366,151,-4.16,36,0
545,77,Hombre,6.6,154,51.5,134,1,1,-0.513,80,152,-0.93,36,0
546,80,Hombre,8.7,156,43.9,116,0,1,0.557,202,142,-4.24,36,0
547,64,Hombre,8.2,140,48.2,123,1,0,0.158,144,136,-3.41,36,0
548,67,Mujer,9.2,151,49,230,0,0,0.096,253,147,-2.57,36,0
549,67,Hombre,10.2,120,36.5,211,0,0,0.588,380,120,-3.55,36,0
550,43,Mujer,8.3,146,43.7,60,0,0,0.372,87,145,-1.27,36,0
551,63,Mujer,5.6,143,53.6,197,0,1,-0.219,158,130,-2.27,36,0
552,64,Hombre,6.4,132,49.5,109,1,1,-0.807,49,124,0.64,36,0
553,63,Mujer,7.6,156,54.9,170,1,0,0.962,445,172,-5.17,36,0
554,70,Hombre,6.2,136,54.4,88,0,1,-1.363,23,139,4,36,0
555,57,Hombre,7.7,128,48.1,281,0,0,0.82,638,129,-3.52,21.76,1
556,53,Hombre,7,134,46.2,34,0,0,-0.882,14,147,-0.81,36,0
557,65,Hombre,6.1,150,43.2,47,0,0,0.212,58,129,-1.85,36,0
558,60,Hombre,9,149,45.1,141,0,0,-0.32,102,142,-2.25,36,0
559,49,Mujer,9.1,118,35.2,233,1,0,0.618,432,94,-2.61,36,0
560,73,Hombre,7.4,152,47.7,146,1,0,-0.291,109,149,-2.79,36,0
561,72,Hombre,6.8,143,40.8,64,1,0,0.556,112,142,-1.76,36,0
562,76,Hombre,7.7,160,40.7,64,0,1,-0.297,48,154,-0.74,36,0
563,62,Mujer,6,142,42,21,1,0,0.36,30,144,-3.76,36,0
564,66,Hombre,8.7,150,57.8,40,1,0,0.505,66,144,-4.56,36,0
565,58,Hombre,6.6,125,57.9,248,1,0,-0.02,243,118,-3.1,36,0
566,62,Mujer,6.7,118,29,45,0,0,0.184,54,119,-1.06,36,0
567,64,Mujer,6.7,122,57.2,37,0,0,0.407,56,123,-1.03,36,0
568,86,Hombre,5.5,168,45,147,0,0,0.82,334,163,-4.18,36,0
569,67,Mujer,6.9,119,46.2,43,0,0,0.57,76,104,-3.5,4.38,1
570,60,Mujer,8.8,170,66.6,126,1,1,0.721,259,154,-4.33,36,0
571,64,Hombre,5.6,103,40.7,243,0,1,-0.184,202,96,0.98,36,0
572,60,Mujer,7.3,134,34.7,32,0,0,0.047,34,116,-1.95,36,0
573,59,Hombre,6.1,129,40,9,0,0,-0.143,8,126,-0.99,36,0
574,69,Hombre,7,141,46.8,36,0,0,0.666,70,137,-3.17,36,0
575,41,Mujer,8.2,134,48.2,208,0,1,-0.67,106,137,1.31,36,0
576,71,Hombre,6.5,131,47.5,183,1,0,-0.085,168,128,-1.73,36,0
577,63,Mujer,7,123,45,131,1,0,0.637,248,124,-3.02,36,0
578,73,Hombre,8.1,120,41.7,204,0,0,0.406,306,131,-3.38,36,0
579,76,Hombre,7.7,148,42.9,69,1,1,-0.559,39,137,-1.81,36,0
580,65,Hombre,6.1,118,43.3,68,1,0,-0.691,34,116,-0.21,36,0
581,65,Mujer,7.7,142,50.1,52,0,0,0.124,59,144,-3.13,36,0
582,44,Hombre,9,95,39.6,51,0,0,0.003,51,102,-0.62,36,0
583,87,Hombre,7.1,151,50.8,218,0,0,0.432,336,148,-4.73,36,0
584,85,Mujer,7.5,129,20,77,0,0,-0.543,45,125,-4.71,36,0
585,58,Mujer,6.2,163,52.7,38,1,0,0.563,67,152,-2.6,9.51,1
586,46,Mujer,8,134,59.3,50,0,1,-0.234,40,130,0.09,36,0
587,78,Mujer,9.5,148,45.3,490,0,1,0.228,615,136,-4.68,36,0
588,75,Hombre,7.6,142,46.3,135,1,0,0.013,137,150,-4.99,36,0
589,63,Hombre,9.1,149,40.9,511,1,1,-0.268,391,151,-1.57,36,0
590,68,Hombre,6.9,131,47.5,130,0,0,-0.256,101,134,-2.73,36,0
591,77,Hombre,7.4,147,59.7,104,0,0,-0.746,49,135,-1.3,36,0
592,80,Hombre,7.8,149,49.5,113,1,1,-0.1,102,133,-4.06,36,0
593,57,Hombre,8.8,127,59.8,92,1,1,-0.175,77,117,-2.07,21.48,1
594,64,Hombre,10.2,131,44.6,170,0,1,-0.807,76,139,-0.87,36,0
595,68,Hombre,5.7,175,32.3,28,0,0,0.725,58,169,-3.44,36,0
596,48,Hombre,7.8,154,60.3,108,0,1,-0.549,62,150,-0.45,36,0
597,78,Mujer,7,120,43.5,142,0,0,0.702,287,123,-3.01,36,0
598,56,Hombre,8.8,115,51.7,60,0,1,-1.134,19,103,2.8,36,0
599,71,Mujer,10,107,55.2,32,0,0,0.39,47,104,0.48,36,0
600,56,Hombre,9.8,146,49.8,338,1,1,-0.48,209,142,0.12,36,0
601,73,Hombre,6.2,133,35.8,145,1,0,0.465,231,138,-2.93,36,0
602,63,Hombre,8.8,136,50.3,42,1,1,0.494,69,136,-1.79,36,0
603,59,Mujer,8.4,149,39.9,125,0,1,0.328,174,133,-3.83,36,0
604,65,Mujer,7.8,129,28.3,695,1,0,-0.826,304,129,-3.63,36,0
605,64,Mujer,6.8,134,32.2,1300,1,1,-1.249,373,132,-0.96,36,0
606,78,Mujer,7.3,116,34.7,142,0,1,-0.542,83,100,1.21,36,0
607,56,Hombre,9.2,147,49.3,130,0,1,-0.344,92,143,-0.98,36,0
608,61,Mujer,6.4,146,75,59,1,0,-0.295,44,151,-1.56,36,0
609,69,Hombre,9,128,42.6,132,1,0,1.135,411,134,-4.12,36,0
610,74,Mujer,7.6,132,32.6,175,0,0,0.015,178,134,-2.99,36,0
611,66,Hombre,6.7,164,37.5,26,0,0,0.685,52,181,-1.41,36,0
612,64,Hombre,8.2,134,57.6,204,0,0,-0.176,171,136,-2.47,36,0
613,57,Hombre,9.1,123,43.2,982,0,1,-0.938,384,124,0.79,36,0
614,68,Hombre,9.1,115,45.5,837,1,0,-0.213,677,99,-3.24,36,0
615,63,Mujer,6.3,113,55.2,96,0,0,0.547,166,110,-0.91,36,0
616,73,Hombre,5.8,120,31.8,114,1,1,-0.795,51,124,-0.55,36,0
617,75,Hombre,7.2,138,39.2,54,0,0,0.448,84,136,-2.48,36,0
618,78,Mujer,6.7,143,44.9,148,0,1,-0.142,128,144,-1.54,36,0
619,54,Hombre,6.7,100,42,128,0,0,-0.925,51,115,1.47,36,0
620,67,Hombre,7.4,163,47.7,211,0,1,-0.444,135,159,-1.1,36,0
621,50,Mujer,7.2,109,68.7,126,1,1,-0.32,91,100,0.87,36,0
622,68,Hombre,8.6,152,37.9,38,0,0,0.797,84,146,-5.23,36,0
623,50,Hombre,8.3,138,63.3,242,0,1,0.648,463,130,-2.18,36,0
624,60,Mujer,8,140,41.2,96,0,0,0.958,250,127,-4.43,36,0
625,71,Mujer,8.2,127,44.3,699,0,0,0.085,761,126,-3.3,36,0
626,68,Mujer,8.5,138,28.2,218,0,0,-0.751,103,151,-1.69,36,0
627,48,Mujer,7.3,139,50.6,81,0,1,-1.133,26,132,4.13,36,0
628,72,Hombre,8.6,149,54.7,465,0,1,-0.376,319,153,-0.84,36,0
629,57,Hombre,11.2,156,43.1,305,0,1,0.104,338,154,-4.18,36,0
630,69,Hombre,6.9,118,35.6,501,1,0,-0.099,454,120,-2.88,36,0
631,56,Hombre,5.5,130,28.4,253,0,0,-0.877,105,131,-0.19,36,0
632,45,Hombre,9.8,147,52.8,209,0,1,-0.145,181,149,-1.69,36,0
633,70,Hombre,7.5,135,56.8,171,1,1,-0.475,106,128,-1.3,36,0
634,88,Hombre,8.1,133,26.8,105,0,0,0.176,125,142,-3.76,36,0
635,71,Hombre,7.2,147,60.9,32,0,0,0.239,41,158,-3.51,36,0
636,47,Mujer,6.9,121,56.2,102,0,1,-0.386,69,105,-0.74,36,0
637,55,Mujer,9.4,102,52.2,86,0,0,0.023,88,85,-1.9,36,0
638,50,Mujer,7.9,144,61.4,36,1,1,-0.617,19,139,-1.15,36,0
639,62,Hombre,8.8,160,40.7,45,0,0,-0.096,41,154,-2.79,28.83,1
640,48,Mujer,6.9,152,47.2,239,0,1,-0.612,130,151,-0.61,36,0
641,57,Hombre,8.3,137,57.4,184,0,1,-0.201,151,126,-3,36,0
642,68,Hombre,8.5,148,37.4,379,1,0,1.145,1192,144,-5.33,31.42,1
643,65,Hombre,8.2,134,44.4,606,0,0,0.057,641,137,-2.74,36,0
644,59,Hombre,7.1,157,46.6,47,0,0,0.718,96,140,-3.27,13.06,1
645,59,Hombre,6.8,144,65,83,0,0,1.304,306,161,-4.49,36,0
646,64,Mujer,8.9,133,47.3,148,0,1,-0.937,58,129,-0.93,36,0
647,59,Mujer,8.4,141,58.5,91,0,1,-0.704,45,149,-0.29,36,0
648,65,Mujer,10.3,148,44.2,402,1,1,-0.485,247,144,-1.82,36,0
649,55,Mujer,6.2,131,36.2,94,0,0,-0.408,63,127,-0.75,36,0
650,61,Hombre,7.8,133,39.2,64,0,0,-0.004,64,141,-1.3,36,0
651,57,Mujer,9.8,146,51,179,0,1,0.62,333,143,-1.41,36,0
652,63,Mujer,7.2,128,62.4,18,0,1,-0.419,12,115,1.23,36,0
653,69,Mujer,9,150,57.4,50,0,0,1.144,157,149,-4.26,24.18,1
654,80,Hombre,8.6,148,32.7,261,0,0,0.237,331,138,-3.69,36,0
655,60,Hombre,6.2,147,51.2,64,1,0,0.85,150,151,-3.28,36,0
656,46,Hombre,9.2,120,54.4,89,0,1,-0.162,76,122,-0.71,36,0
657,86,Hombre,6.5,164,35.3,180,1,0,-0.373,124,164,-3.38,36,0
658,52,Hombre,5.5,150,56.8,112,0,1,-0.332,80,136,-0.29,36,0
659,56,Mujer,9.4,132,56.6,85,1,1,-0.551,49,125,-0.01,2.91,1
660,56,Hombre,7.3,138,40.8,64,0,0,0.403,96,126,-2.51,36,0
661,65,Hombre,8.4,132,42.8,63,0,0,-0.489,39,126,-2.67,36,0
662,61,Hombre,5.9,135,51,23,0,1,-0.507,14,129,0.54,36,0
663,63,Hombre,8.1,122,71.7,20,0,1,-0.394,13,126,1.37,36,0
664,68,Mujer,9.7,109,51,297,0,0,-0.165,252,119,-2.72,36,0
665,52,Hombre,5.5,139,50.1,25,1,0,0.703,50,138,-1.48,36,0
666,83,Mujer,8,134,47.3,672,0,0,0.656,1295,130,-6.26,36,0
667,72,Hombre,8,163,46.8,73,1,0,-0.386,50,157,-2.08,36,0
668,49,Mujer,8.6,141,39.8,83,1,1,-0.955,32,133,-0,36,0
669,64,Hombre,8.1,141,49,102,1,1,-0.119,91,129,-2.57,36,0
670,62,Hombre,6.7,156,37.6,150,1,0,-0.296,112,153,0.19,36,0
671,79,Hombre,9.4,126,51.1,83,0,0,0.501,137,123,-3.56,36,0
672,30,Mujer,8.8,135,67.7,1392,0,1,-0.586,775,136,-2.61,36,0
673,68,Hombre,7.6,146,48.6,975,1,1,-0.856,414,141,-1.76,36,0
674,81,Hombre,7.1,138,32.9,129,1,0,0.081,140,133,-3.76,36,0
675,56,Hombre,9.9,105,41.5,168,0,1,-0.87,70,98,0.38,36,0
676,75,Hombre,9.9,158,35,3559,0,0,-0.895,1454,157,-2.29,36,0
677,63,Hombre,7.4,122,44.2,160,0,1,-0.895,65,119,1.28,36,0
678,73,Mujer,8.2,156,54.3,154,0,0,-0.63,82,153,-1.75,36,0
679,58,Mujer,5.5,113,52,15,1,1,-0.245,12,99,-0.01,36,0
680,61,Hombre,6.2,134,50,100,0,1,0.173,119,117,-1.36,36,0
681,72,Mujer,8.4,147,50,365,1,1,-0.518,217,150,-1.61,36,0
682,73,Mujer,7.1,140,25.1,538,1,0,0.376,784,137,-3.99,36,0
683,66,Hombre,7.3,123,41.4,141,1,0,0.402,211,122,-2.61,36,0
684,67,Mujer,6.3,155,42.6,29,0,0,-0.407,19,140,-1.12,36,0
685,67,Hombre,6.7,117,53.6,23,0,0,-0.691,12,108,-0.14,36,0
686,71,Hombre,7.9,139,31.3,136,1,1,0.178,163,125,-3.62,36,0
687,76,Hombre,7.8,148,47,86,1,0,0.216,107,154,-4.06,36,0
688,63,Hombre,8.5,138,38.6,639,0,0,0.074,688,119,-3.83,36,0
689,75,Hombre,7.5,107,36.6,174,0,1,-0.719,85,106,-0.1,36,0
690,75,Hombre,5.8,130,29.6,22,1,0,1.114,67,127,-4.53,36,0
691,74,Mujer,5.5,177,46.1,86,0,0,0.058,91,181,-3.46,36,0
692,55,Hombre,6.4,150,23.7,318,1,0,-0.009,315,152,-4.06,36,0
693,61,Hombre,7.1,122,47.9,189,1,0,0.544,326,110,-3.51,36,0
694,63,Mujer,8.5,128,37.1,130,0,0,0.457,205,131,-1.58,36,0
695,48,Mujer,6.9,130,44.2,78,0,0,0.038,81,145,-0.49,36,0
696,73,Hombre,6.8,148,45.3,98,0,1,-0.017,96,132,-3.06,36,0
697,58,Hombre,8.2,128,55.4,46,0,0,0.423,70,138,-1.98,36,0
698,58,Mujer,7.1,123,45,105,0,1,-1.189,32,109,2.97,36,0
699,57,Mujer,7.2,155,53.3,169,0,0,0.545,292,153,-3.06,36,0
700,61,Hombre,7.5,128,37.4,98,0,0,-0.154,84,125,-3.15,36,0
701,81,Mujer,8.2,147,34.5,184,0,0,-0.168,156,158,-3.42,36,0
702,65,Hombre,7.2,130,60,189,1,1,-1,70,129,1.76,36,0
703,61,Hombre,7.9,145,59.3,70,0,0,0.816,158,159,-3.28,36,0
704,57,Hombre,8.4,128,54.2,227,0,1,-0.082,209,132,-1.47,36,0
705,63,Hombre,8.9,148,39.2,76,1,1,0.395,113,149,-4.1,36,0
706,81,Hombre,7.4,158,30.5,189,1,0,0.379,276,154,-4.93,36,0
707,79,Hombre,7.6,145,43.8,151,0,0,-0.464,95,152,-2.31,36,0
708,64,Hombre,6.1,163,48,91,0,0,0.012,92,164,-2.64,36,0
709,63,Hombre,7.2,124,41.1,360,0,1,-0.727,174,113,0.11,36,0
710,52,Hombre,7,141,54.6,82,0,1,0.918,205,142,-3.02,36,0
711,60,Mujer,5.5,144,31.4,767,0,0,0.634,1446,147,-4.02,36,0
712,68,Hombre,7.1,137,25.3,220,1,0,-0.514,132,135,-1.63,36,0
713,73,Hombre,6.6,145,50.7,75,0,1,-0.386,51,142,-0.67,36,0
714,89,Hombre,6.5,139,20,601,1,0,0.337,842,146,-6.53,36,0
715,76,Mujer,6.7,143,49.1,17,1,0,0.911,42,135,-3.95,36,0
716,67,Hombre,7.4,139,36.7,875,0,0,0.122,989,137,-4.07,36,0
717,71,Mujer,7.9,153,58.4,49,1,0,0.38,72,148,-4.28,36,0
718,53,Mujer,7.3,129,55.9,395,0,0,-0.375,272,151,-2.82,36,0
719,65,Mujer,9.4,150,62.3,218,0,1,-0.131,191,143,-1.99,36,0
720,56,Hombre,8.5,140,29.5,87,0,1,0.37,126,139,-2.23,0.23,1
721,60,Mujer,5.7,125,31.6,45,1,1,-0.389,30,116,0.58,36,0
722,49,Hombre,9.2,133,59.7,236,0,1,-0.363,164,122,-1.99,36,0
723,78,Hombre,7.5,132,41.5,184,1,0,-0.108,165,131,-3.71,36,0
724,78,Hombre,7.8,127,60.5,47,0,0,-0.033,45,125,-1.07,16.75,1
725,64,Mujer,8.6,136,41.5,78,0,0,-0.499,47,134,-2.3,36,0
726,58,Mujer,9.2,125,41.7,165,0,1,-0.385,112,106,-0.7,36,0
727,34,Mujer,11.4,145,41.1,418,0,1,0.218,520,145,-3.23,36,0
728,84,Hombre,8.4,150,30.7,836,0,0,0.375,1216,145,-5.76,36,0
729,67,Mujer,7.7,134,28,86,0,0,-0.531,51,125,-2.14,36,0
730,67,Mujer,9.4,134,43.3,779,0,1,-1.013,283,130,0.14,36,0
731,52,Mujer,6.1,139,62.8,19,0,0,-0.865,8,136,1.59,36,0
732,53,Hombre,7.8,108,45.5,97,0,0,-0.918,39,119,-0.21,36,0
733,70,Mujer,8.5,138,51.8,192,0,1,-0.707,95,124,1.07,36,0
734,68,Mujer,9.1,151,29.8,932,1,0,0.331,1297,147,-6.82,2.06,1
735,69,Hombre,8.3,100,49.8,94,0,0,-0.044,90,103,-1.62,36,0
736,53,Mujer,7.9,172,31.8,948,0,1,-0.405,632,185,-1.99,36,0
737,58,Mujer,6.1,144,54.2,130,0,0,0.838,300,137,-4.47,36,0
738,75,Hombre,11,130,30.8,236,0,1,0.207,290,131,-4.19,36,0
739,65,Hombre,6.2,117,54.3,70,0,0,-0.799,31,130,-0.99,36,0
740,80,Mujer,8.5,147,53.5,64,0,0,-0.029,62,140,-2.4,36,0
741,71,Mujer,6.6,142,52.3,120,0,0,0.263,156,151,-3.49,36,0
742,73,Hombre,5.9,137,31,83,1,0,0.539,142,133,-4.5,36,0
743,52,Hombre,8.8,160,60.6,15,1,0,0.589,27,158,-1.93,36,0
744,78,Mujer,8.9,111,38.6,46,0,0,0.637,87,106,-2.53,36,0
745,63,Hombre,6.9,124,36.7,41,1,0,0.084,45,133,-1.75,36,0
746,55,Hombre,10.1,121,39,50,0,0,-0.307,37,139,-3.62,36,0
747,63,Mujer,7,151,42.3,473,0,1,-0.223,378,143,-1.14,7.57,1
748,67,Hombre,7.9,123,21.6,107,0,0,-0.036,103,132,-3.26,36,0
749,67,Hombre,8.8,123,46.3,91,0,0,0.536,155,106,-4.43,36,0
750,52,Hombre,8.8,149,50.6,27,0,0,-0.307,20,144,-2.3,36,0
751,67,Mujer,6.6,130,44.7,91,1,0,-0.917,36,136,0.61,36,0
752,58,Hombre,6.1,167,52.1,14,0,0,0.132,16,152,-4.1,36,0
753,69,Hombre,8.4,151,36.1,311,0,0,0.769,671,133,-5.2,36,0
754,71,Mujer,7.6,110,41.9,94,0,0,0.073,101,120,-1.28,36,0
755,50,Hombre,7.8,153,45.8,433,1,1,-1.164,135,139,-1.27,36,0
756,72,Mujer,6.2,148,37.2,28,0,0,0.216,35,155,-3.31,36,0
757,69,Hombre,6.5,116,47.4,34,1,0,-0.062,32,119,-0.78,36,0
758,66,Hombre,8.8,127,52.4,47,0,0,0.468,75,131,-2.86,36,0
759,77,Hombre,6.6,139,57.5,93,1,0,-0.059,88,145,-0.28,36,0
760,49,Hombre,7.9,112,48.5,14,0,1,0.303,19,110,-0.44,36,0
761,69,Hombre,6.4,144,52.4,239,0,0,0.805,535,151,-2.95,36,0
762,69,Mujer,9.2,139,29.2,63,0,0,0.074,68,148,-4.21,1.22,1
763,67,Hombre,6.6,115,63.2,36,0,0,-0.089,33,124,1.79,36,0
764,71,Hombre,7.1,114,42.5,375,0,0,-0.358,262,112,-1.5,36,0
765,58,Hombre,7.9,137,46.8,206,0,1,-1.049,72,126,-0.44,36,0
766,78,Mujer,8.5,133,40.6,209,0,0,0.032,216,140,-2.2,36,0
767,74,Mujer,6.7,165,44.6,11,0,0,0.517,18,175,-2.83,36,0
768,65,Mujer,7.9,137,49.7,164,0,0,0.383,241,124,-3.16,36,0
769,59,Hombre,7.1,128,32.1,224,0,1,-0.08,207,131,-2.88,36,0
770,61,Mujer,7.5,137,47.7,151,0,0,-0.065,141,139,-2.24,36,0
771,71,Mujer,8.3,137,56.2,112,0,1,-0.583,63,138,-0.21,36,0
772,68,Mujer,5.8,127,51.2,710,0,0,0.491,1160,115,-2.31,36,0
773,70,Mujer,9,148,53.9,15,0,0,0.372,22,152,-1.87,36,0
774,58,Mujer,6.6,154,55,224,0,1,-0.144,194,171,-2.56,36,0
775,58,Hombre,8.6,154,32.8,419,0,1,-0.246,328,156,-3.01,36,0
776,63,Hombre,7.8,112,63.4,117,0,1,-0.482,72,112,1.93,36,0
777,61,Hombre,9.3,150,46.9,29,0,1,0.485,47,139,-2.8,36,0
778,60,Hombre,5.9,130,53.9,13,1,0,0.044,14,126,0.28,36,0
779,69,Mujer,8.8,159,39.7,574,0,0,0.199,700,176,-3.23,36,0
780,54,Mujer,8.1,136,49.6,479,1,1,-0.431,311,130,-1.82,36,0
781,79,Hombre,7,135,31.9,203,0,0,-0.926,80,147,-2.81,36,0
782,49,Mujer,6.4,118,50.6,131,0,1,-0.609,71,120,-0.1,36,0
783,70,Hombre,7.1,114,43.3,317,0,1,-0.49,194,105,-1.11,36,0
784,61,Hombre,9,128,30.4,254,0,0,0.368,367,126,-3.05,36,0
785,72,Hombre,8.8,123,49.9,1153,0,1,-0.045,1102,108,-3.44,36,0
786,80,Hombre,7.5,122,34.4,106,1,0,-0.081,98,104,-3.22,36,0
787,67,Mujer,8.6,119,42.6,657,0,0,-0.815,291,122,-1.71,36,0
788,52,Hombre,8.2,133,50.9,122,0,1,-0.138,106,120,-0.56,36,0
789,69,Mujer,8.6,121,41.3,41,0,1,-0.364,28,113,0.15,36,0
790,68,Hombre,8.1,119,42.4,1336,1,0,-0.369,923,128,-2.69,36,0
791,87,Hombre,6.5,141,42.6,267,0,0,-0.301,198,141,-3.72,36,0
792,77,Mujer,6.2,122,48.3,164,1,0,-0.623,88,121,-2.32,36,0
793,57,Mujer,7.8,136,43.6,277,0,1,-0.945,108,130,0.33,36,0
794,54,Hombre,9.4,135,40.9,23,0,0,0.294,31,139,-1.65,36,0
795,57,Hombre,7.7,147,51.7,77,0,1,-0.436,50,134,0.52,36,0
796,75,Hombre,7.5,123,46.2,564,0,1,-0.112,504,127,-2.07,36,0
797,64,Hombre,7.3,153,52.5,94,1,0,0.122,106,151,-3.25,36,0
798,67,Hombre,6.6,121,58.1,47,1,0,0.904,116,124,-1.54,36,0
799,57,Hombre,7.1,146,47,655,1,1,-0.163,556,144,-2.32,36,0
800,70,Hombre,8.3,107,28.7,294,1,0,0.62,546,95,-6.23,36,0
801,58,Mujer,7.5,154,40.1,150,0,1,-0.439,97,146,-1.7,36,0
802,53,Hombre,6.8,150,44.6,90,0,1,0.255,116,145,-2.87,36,0
803,69,Hombre,6.6,131,36.4,147,0,0,0.245,188,137,-2.76,36,0
804,59,Hombre,5.9,107,47.1,57,0,0,-0.389,39,101,-0.03,36,0
805,80,Hombre,8.4,138,43.5,113,0,0,0.021,115,130,-1.38,36,0
806,60,Hombre,7.5,144,37.3,78,0,1,-0.148,67,157,-0.37,36,0
807,71,Hombre,7.4,116,33.5,508,1,0,0.24,646,109,-3.72,36,0
808,44,Mujer,7.1,131,45.8,218,0,1,-0.192,180,117,-1.54,36,0
809,83,Hombre,11.2,137,50.6,1029,1,1,0.149,1194,124,-2.26,19.09,1
810,63,Hombre,10,103,32.2,1653,0,0,0.19,2000,104,-4.66,36,0
811,57,Hombre,6.6,174,45.3,41,0,1,-0.064,38,162,-1.21,36,0
812,70,Mujer,6.7,129,30.6,71,0,0,0.64,135,121,-2.45,36,0
813,45,Mujer,9.1,137,39.8,17,0,1,0.193,21,128,-2.5,36,0
814,63,Hombre,6.6,157,25,212,1,0,-0.183,176,150,-1.15,36,0
815,62,Mujer,9.7,132,55.5,705,1,1,0.437,1091,121,-2.09,36,0
816,56,Hombre,9.1,136,49.5,63,0,0,0.2,77,126,-2.7,36,0
817,68,Mujer,6.6,124,41.4,176,0,0,-0.073,164,125,-2.02,36,0
818,53,Hombre,6.6,117,36.4,55,0,1,-1.16,17,113,1.7,36,0
819,69,Hombre,8.5,130,44.7,26,0,0,0.286,35,139,-2.9,36,0
820,72,Hombre,6.6,131,54.4,86,0,0,-0.331,62,147,-1.73,36,0
821,67,Mujer,6.2,151,54.5,208,0,1,-1.052,73,149,1.75,36,0
822,86,Hombre,5.5,118,40.3,78,1,0,-0.66,40,133,-1.96,36,0
823,61,Mujer,9.4,138,50,364,0,1,-0.188,302,122,-0.6,36,0
824,57,Hombre,7.3,119,33.5,86,1,0,0.069,92,124,-1.92,36,0
825,69,Mujer,6.9,158,37.7,234,0,0,-0.478,145,161,-2.05,36,0
826,55,Hombre,7.3,143,55.2,69,0,1,-0.209,56,131,-0.35,36,0
827,42,Hombre,7,130,48.8,18,1,1,-0.254,14,127,0.12,36,0
828,76,Hombre,6.2,128,38.4,300,0,0,0.064,320,111,-2.03,36,0
829,70,Mujer,7.7,147,21.8,43,1,0,0.161,51,151,-5.03,36,0
830,59,Hombre,6.7,119,47.7,1243,0,0,0.019,1267,112,-2.55,36,0
831,63,Hombre,8.1,162,51.7,122,0,1,-0.109,109,149,-1.56,36,0
832,77,Mujer,8.7,165,52.9,75,1,0,0.377,109,149,-4.32,36,0
833,61,Mujer,8.4,120,52.9,162,1,1,-0.334,116,107,-2.43,36,0
834,68,Mujer,11.6,126,42.5,1575,0,0,0.029,1622,112,-5.17,36,0
835,84,Mujer,10.4,161,35.2,796,0,0,0.301,1076,154,-6.46,22.95,1
836,53,Hombre,7.6,145,43.9,229,0,1,-0.573,129,134,-1.14,36,0
837,54,Mujer,9.4,134,50.2,286,0,1,-0.339,204,127,-2.32,36,0
838,55,Mujer,6.4,106,55,251,0,1,0.285,334,110,-0.57,4.74,1
839,66,Mujer,9.1,150,42.7,283,0,0,-0.246,221,153,-1.58,36,0
840,73,Hombre,11.5,144,30.3,101,1,1,0.286,134,136,-6.53,36,0
841,57,Hombre,9.9,138,53.6,46,0,0,-0.293,34,156,-2.36,36,0
842,54,Mujer,6.4,136,47.9,102,0,1,-0.603,56,126,0.45,36,0
843,71,Mujer,8.2,133,50.9,303,1,1,-0.758,142,119,-1.78,36,0
844,82,Hombre,9.2,131,41.7,1319,1,0,-0.527,779,136,-2.76,36,0
845,57,Hombre,10.1,140,52.6,327,0,0,-0.308,240,144,-1.79,36,0
846,61,Hombre,7.3,102,41.5,93,0,0,-0.572,52,110,-0.49,36,0
847,59,Hombre,5.7,128,34.2,66,0,1,-0.01,65,127,-0.61,36,0
848,56,Mujer,8.7,165,58.9,43,0,1,-0.443,28,152,0.5,36,0
849,55,Mujer,5.8,154,37.4,55,0,0,0.375,80,160,-4.2,36,0
850,65,Hombre,7.5,128,57.4,116,1,1,0.282,154,123,-1.38,36,0
851,67,Mujer,7.9,142,38.5,102,0,0,-0.427,67,148,-3.79,36,0
852,69,Mujer,8.2,147,38.5,33,0,0,0.797,73,146,-2.4,36,0
853,61,Hombre,9.6,127,52.2,41,0,1,0.41,62,136,-2.38,36,0
854,65,Mujer,7.7,149,63.6,136,0,1,0.031,140,136,-1.41,36,0
855,80,Hombre,8.2,149,36,335,1,0,0.287,446,167,-4.49,36,0
856,59,Hombre,7.2,136,57.4,19,0,1,-0.479,12,149,0.37,36,0
857,45,Hombre,6.7,142,41.2,38,0,1,0.289,51,125,-1.62,36,0
858,59,Mujer,7.7,113,51.5,110,1,0,0.23,138,109,-1.65,36,0
859,63,Hombre,6.1,130,57.4,83,0,0,0.084,90,134,-3.54,36,0
860,49,Mujer,7,149,35,123,0,1,-0.167,104,142,-0.44,36,0
861,69,Hombre,6.4,182,57,96,0,1,-0.496,58,180,-2.21,36,0
862,56,Mujer,8,113,54.8,124,0,0,-0.217,100,123,-0.91,36,0
863,75,Mujer,9.4,133,34.8,218,1,0,0.148,253,124,-4.11,36,0
864,49,Mujer,6.2,120,69,15,0,1,-0.233,12,108,1.72,36,0
865,74,Mujer,7.5,139,36.2,110,0,0,0.342,155,131,-3.13,36,0
866,51,Hombre,7.4,120,63.6,19,0,1,-0.123,17,123,0.11,36,0
867,50,Mujer,6.9,134,55.9,163,0,1,-0.074,151,130,-1.02,36,0
868,55,Mujer,8.9,138,39.3,209,0,1,0.185,252,140,-1.71,36,0
869,58,Hombre,7.1,142,39.3,57,0,0,-0.285,43,141,-1.05,36,0
870,78,Mujer,8,158,37.8,239,0,0,-0.146,206,153,-2.6,27.92,1
871,51,Hombre,8.3,149,64.3,2011,0,1,-0.862,850,141,-2.46,36,0
872,61,Hombre,6.8,129,43.1,953,0,0,-0.466,598,136,-3.16,36,0
873,66,Mujer,7.8,136,41.7,158,0,0,-0.143,137,130,-2.87,36,0
874,65,Mujer,9.7,127,43.5,60,0,1,-0.435,39,127,-1.18,36,0
875,66,Hombre,10.7,156,52.8,98,0,1,0.063,104,151,-0.77,36,0
876,62,Hombre,8.2,141,46.9,126,1,1,0.058,134,141,-1.97,36,0
877,65,Mujer,7,124,48.4,118,0,0,0.132,135,120,-0.3,36,0
878,54,Hombre,7.6,158,42.8,600,1,1,0.009,606,149,-3.17,36,0
879,88,Hombre,6,131,30,104,1,1,-0.196,85,116,-2.21,36,0
880,67,Mujer,7.6,135,48.4,146,0,1,-0.067,136,132,-0.22,36,0
881,30,Mujer,8.6,135,47.3,303,0,1,0.355,432,144,-1.21,36,0
882,73,Mujer,7.6,130,47.6,192,0,1,0.224,240,116,0.36,36,0
883,57,Hombre,8.2,148,53.7,233,0,1,-1.015,84,129,-0.28,36,0
884,69,Hombre,8.8,128,48.6,77,0,1,0.035,80,111,-2.02,36,0
885,55,Hombre,8.7,137,57.2,202,0,1,0.308,275,122,-4.14,36,0
886,80,Mujer,6.7,130,42.9,147,0,0,-0.36,103,122,-1.14,36,0
887,68,Hombre,6.9,148,53.5,61,1,0,-0.216,49,130,-1.65,36,0
888,37,Mujer,9.3,126,58,119,0,1,0.832,273,114,-2.62,36,0
889,53,Hombre,9.6,122,38.1,71,0,0,-0.536,42,122,-0.49,6.63,1
890,71,Mujer,8.4,130,59.3,69,0,1,-0.24,54,118,-2.1,36,0
891,59,Hombre,6.9,124,51.1,70,0,0,0.473,112,126,-2.99,36,0
892,51,Hombre,8.8,153,60.3,128,0,0,-0.429,83,144,-0.92,36,0
893,59,Hombre,8.1,110,56,123,0,1,-0.327,89,103,0.2,36,0
894,53,Hombre,6.9,134,53.8,72,1,1,0.247,92,120,-2.06,36,0
895,61,Hombre,6.2,118,42.8,80,0,1,-0.156,68,98,0.03,36,0
896,69,Mujer,7.5,147,49.7,415,0,1,-0.674,212,141,-0.34,36,0
897,80,Mujer,8.7,161,37.4,216,0,1,0.318,297,154,-3.54,36,0
898,62,Mujer,7,133,46.6,160,0,0,0.43,246,133,-2.93,36,0
899,54,Hombre,7.4,152,61.5,21,0,0,0.18,25,145,-2.85,36,0
900,63,Hombre,10.1,146,36.9,324,0,1,-0.467,203,144,-3.28,34.49,1
901,62,Hombre,6.9,146,40.9,1871,0,1,-0.553,1076,138,-1.05,36,0
902,72,Hombre,8.5,133,39.2,51,1,0,-0.69,26,145,-0.26,36,0
903,64,Mujer,8.7,145,44.2,235,0,0,1.272,838,144,-5.68,36,0
904,73,Hombre,8.2,136,37.2,343,0,0,-0.248,268,132,-2.93,36,0
905,63,Hombre,6.8,127,32.1,51,1,0,0.244,65,133,-3.08,36,0
906,77,Mujer,7.2,131,35.8,20,1,1,0.173,24,125,-2.54,36,0
907,71,Hombre,8,162,46.6,1167,0,1,-0.655,606,154,-1.03,36,0
908,65,Hombre,5.7,160,42.4,322,1,0,0.235,407,149,-3.34,36,0
909,55,Mujer,8.5,115,36.4,106,0,1,-0.032,103,109,-1.42,36,0
910,67,Hombre,6.2,162,43,304,0,0,-0.088,278,145,-2.25,36,0
911,64,Mujer,7.1,143,47.4,33,1,0,-0.17,28,144,-1.85,36,0
912,55,Mujer,6.8,155,54.6,115,1,0,0.067,123,171,-2.26,36,0
913,49,Hombre,7.6,127,43.2,59,0,0,0.555,103,124,-2.59,36,0
914,65,Mujer,8,125,47.5,164,0,0,-0.281,124,119,-2.57,36,0
915,90,Hombre,6.9,167,50.5,520,0,0,-0.007,517,157,-3.32,18.4,1
916,90,Hombre,9.4,145,35,372,0,0,0.391,550,147,-6.92,36,0
917,52,Hombre,6.6,117,65.1,55,0,1,-0.602,30,116,0.69,36,0
918,83,Mujer,7.4,149,48.5,29,0,1,-0.193,24,154,-1.68,36,0
919,60,Mujer,9.1,128,50.9,190,0,0,0.324,263,127,-2.34,36,0
920,74,Mujer,8.3,142,38.2,261,0,0,0.284,347,142,-3.52,36,0
921,67,Hombre,6.6,161,29.1,336,1,1,-0.636,178,152,-1.96,36,0
922,65,Hombre,8.2,122,39.2,311,1,1,-0.234,246,115,-0.85,36,0
923,70,Mujer,7.8,133,32.5,91,1,0,-0.445,58,149,-2.55,36,0
924,72,Hombre,7,144,46.6,96,0,0,0.704,194,147,-2.11,36,0
925,90,Hombre,8.3,95,51.2,94,0,0,-0.067,88,103,-1.66,36,0
926,61,Hombre,7.8,122,56.1,220,1,1,-0.523,130,113,-0.81,36,0
927,59,Mujer,8,150,45.5,760,0,0,-0.851,324,161,-2.19,36,0
928,74,Mujer,7.3,149,28.5,235,0,0,0.61,433,149,-5.16,27.82,1
929,61,Hombre,7,122,41.5,105,1,1,0.018,107,106,-1.85,36,0
930,65,Mujer,9.8,122,56.6,62,0,0,-0.565,35,117,-1.49,36,0
931,60,Hombre,8.5,122,44,77,1,0,0.779,168,115,-4.05,34.53,1
932,73,Mujer,8.3,116,34.6,72,1,1,-0.511,43,121,-0.87,36,0
933,57,Hombre,8.7,165,40.4,410,0,0,-0.286,308,161,-3.04,36,0
934,57,Hombre,7.2,122,68.5,98,0,1,-0.747,46,119,0.97,36,0
935,65,Hombre,9.3,136,42.2,57,0,0,0.408,86,142,-3.6,36,0
936,64,Mujer,6.9,152,56.4,9,0,0,0.469,14,150,-0.94,1.92,1
937,52,Hombre,7.9,109,47,61,0,1,0.347,86,106,-0.11,36,0
938,66,Hombre,7.3,146,52.8,116,0,0,0.51,193,143,-4.06,36,0
939,78,Hombre,8.3,144,46.8,946,0,1,-0.633,502,142,-1.88,36,0
940,67,Mujer,7.2,135,50.1,376,0,0,0.689,749,127,-1.92,36,0
941,89,Mujer,7.3,142,31.5,128,1,0,-0.416,84,147,-4.28,36,0
942,49,Hombre,8.5,128,40.3,135,0,0,0.669,264,128,-3.23,36,0
943,70,Hombre,9.5,135,50,81,0,1,-0.114,72,132,-1.94,36,0
944,63,Hombre,6.7,140,37.9,538,1,0,0.2,657,133,-4.49,36,0
945,88,Mujer,9.6,131,41.7,45,1,0,-0.451,29,125,-4.74,36,0
946,63,Mujer,8.1,154,40.4,324,0,0,0.008,327,161,-2.98,36,0
947,59,Mujer,7.1,132,61.8,5,0,0,0.081,5,131,-0.06,36,0
948,57,Hombre,7.5,132,56.5,261,0,1,-0.156,223,126,-1.95,36,0
949,47,Hombre,7.4,141,50.7,113,0,1,0.227,142,126,-4.58,36,0
950,76,Mujer,5.9,144,47.9,20,1,1,0.292,27,140,-1.68,36,0
951,64,Hombre,7.2,125,50.8,242,0,0,-0.036,234,128,-0.79,36,0
952,52,Mujer,9.6,153,56.4,78,0,1,0.287,104,149,-3.64,36,0
953,66,Hombre,9.3,125,38.3,184,0,0,-0.103,166,121,-2.96,36,0
954,72,Mujer,7.8,135,44.8,17,1,0,-0.252,13,120,-3.27,36,0
955,50,Hombre,6.5,132,45.8,119,0,0,0.754,253,131,-3.34,36,0
956,79,Mujer,6.4,146,52.5,152,0,0,1.113,462,144,-3,36,0
957,79,Hombre,5.5,132,44.6,229,1,0,0.604,419,133,-3,36,0
958,67,Hombre,8,146,58.8,193,1,1,0.134,221,140,-3.4,36,0
959,72,Mujer,8.7,119,38.7,493,1,1,-0.063,463,107,-1.43,36,0
960,66,Mujer,6.6,117,51.6,71,0,0,0.319,98,118,-1.71,36,0
961,64,Hombre,9.1,163,49,99,1,0,0.425,151,162,-4.77,36,0
962,73,Mujer,7.1,148,42.2,539,1,0,0.161,633,149,-3.24,36,0
963,58,Hombre,6.2,137,38.9,109,0,0,-0.048,104,149,-1.07,36,0
964,82,Hombre,8.4,135,41.6,152,0,0,0.657,293,135,-3.22,36,0
965,54,Hombre,8,117,36.8,39,0,1,-0.013,39,114,-0.19,36,0
966,72,Mujer,6.9,127,39.5,147,0,1,-0.792,67,123,-3.3,36,0
967,54,Hombre,9.8,110,41.6,103,1,0,-0.789,47,113,-1.68,36,0
968,58,Mujer,7.5,134,46.6,93,0,0,-0.016,92,142,-2.95,36,0
969,66,Mujer,8.6,115,39.2,250,0,0,-0.727,121,119,-0.33,36,0
970,59,Hombre,9.2,145,41.5,53,1,0,0.561,93,148,-1.97,36,0
971,69,Hombre,6.6,140,34.8,88,0,0,0.533,150,138,-3.03,36,0
972,54,Mujer,8.3,119,63.3,204,0,0,0.221,255,123,-1.58,36,0
973,73,Mujer,7.5,166,42.3,303,0,1,-0.063,285,156,-2.82,36,0
974,83,Mujer,5.8,115,44.8,368,1,0,0.234,465,111,-3.61,36,0
975,46,Mujer,9.4,131,42.5,551,1,1,-0.673,281,140,-2.01,36,0
976,44,Hombre,9.8,133,40.6,1331,0,1,0.23,1676,133,-3.7,1.37,1
977,74,Hombre,7,165,33.6,130,0,1,-0.896,53,151,-0.93,36,0
978,72,Hombre,6.9,151,39.3,82,1,0,-0.629,44,147,-1.83,36,0
979,46,Mujer,8.3,146,50.4,380,0,1,-0.941,148,140,-0.09,36,0
980,44,Hombre,6.9,141,34.1,64,0,0,0.048,67,139,-2.72,36,0
981,60,Mujer,8.2,160,43.6,238,0,1,-0.264,183,157,-2.55,36,0
982,67,Hombre,6.7,150,48.6,75,1,0,0.514,125,160,-4.42,36,0
983,58,Hombre,8.1,107,58.2,121,0,1,0.163,142,110,-0.87,36,0
984,57,Hombre,6,173,68.5,24,0,0,-0.489,15,165,-1.12,36,0
985,73,Hombre,9.2,135,43.9,230,0,0,0.384,338,141,-3.16,36,0
986,70,Mujer,7.5,155,38.6,39,1,0,0.121,44,155,-3.48,36,0
987,63,Hombre,10.8,136,58.7,154,1,1,-0.272,117,129,-2.49,36,0
988,59,Mujer,5.7,121,60.6,34,0,0,0.354,48,119,-2.33,36,0
989,59,Mujer,8.4,141,25.6,25,1,1,-0.331,18,122,-1.68,36,0
990,83,Mujer,7.7,143,30.2,111,0,0,0.22,138,132,-1.88,36,0
991,58,Mujer,8.1,136,44.6,70,0,1,0.29,94,127,-1.83,36,0
992,63,Hombre,8,159,57.8,63,0,0,0.055,67,158,-2.91,36,0
993,47,Hombre,7,113,45.6,277,0,1,-0.486,170,108,0.72,36,0
994,52,Mujer,7.7,106,42.6,138,0,0,0.101,153,98,-2.63,36,0
995,62,Mujer,9.6,140,41.5,780,0,1,-0.004,777,128,-2.7,3.11,1
996,50,Hombre,6.9,147,50.6,20,0,1,0.012,20,133,0.27,36,0
997,59,Hombre,8.4,126,55.8,464,1,1,0.027,477,123,-2.94,36,0
998,57,Mujer,6.8,147,41.8,181,0,0,0.022,185,144,-3.06,36,0
999,60,Mujer,7,141,37,52,0,0,1.208,174,157,-2.74,36,0
1000,68,Hombre,7.7,170,39.8,214,0,1,0.113,240,166,-3.73,36,0
1001,65,Hombre,8,124,44,113,1,0,0.187,136,127,-3.16,36,0
1002,77,Mujer,8.9,130,42.1,186,0,0,0.052,196,139,-4.38,36,0
1003,66,Hombre,7.7,127,34.5,274,0,0,0.379,400,135,-4.63,36,0
1004,69,Hombre,7.9,122,41.3,95,1,0,0.74,199,123,-3.46,36,0
1005,80,Mujer,9.2,123,57.6,100,0,1,-0.369,69,116,-0.83,36,0
1006,72,Hombre,6.8,136,43,206,0,1,-0.554,118,117,-0.35,36,0
1007,56,Mujer,8.6,139,59.9,177,0,1,0.003,177,131,-1.16,36,0
1008,63,Mujer,7.8,133,46.9,302,1,0,-0.031,293,145,-2.54,36,0
1009,53,Hombre,9.8,112,36.4,112,0,1,0.271,147,107,-2.66,36,0
1010,52,Mujer,8.5,107,51.9,50,0,0,0.225,63,108,-2.41,36,0
1011,70,Mujer,7.4,133,45.5,46,0,0,0.125,52,130,-2.91,36,0
1012,72,Hombre,8,112,29.3,1269,0,0,-0.085,1165,129,-4.85,36,0
1013,56,Hombre,8.2,130,39.1,333,0,0,-0.31,244,140,-3.29,36,0
1014,56,Hombre,6.3,108,55,39,1,0,0.636,74,108,-0.95,36,0
1015,64,Hombre,8.2,147,45.3,169,0,0,0.17,200,140,-2.74,36,0
1016,70,Mujer,8.3,179,50.3,217,0,1,0.22,270,178,-3.4,36,0
1017,65,Hombre,6.8,131,39.6,372,0,1,0.206,457,102,-3.19,36,0
1018,43,Hombre,10.1,125,55.6,20,0,0,0.943,51,132,-2.94,36,0
1019,80,Mujer,8.4,133,41.3,43,0,0,0.573,76,137,-3.93,36,0
1020,65,Mujer,9.1,118,45.7,25,0,0,0.336,35,126,-2.77,36,0
1021,71,Mujer,5.9,155,51,40,1,0,0.167,47,166,-1.33,36,0
1022,71,Hombre,9.7,143,37.3,68,0,0,-0.105,61,150,-3.35,29.56,1
1023,74,Hombre,6.4,152,37.4,59,1,0,0.284,78,153,-2.34,36,0
1024,74,Mujer,6.6,155,39.7,38,0,0,-0.339,27,159,-2.24,36,0
1025,65,Hombre,7.2,147,33.9,149,0,0,0.855,350,143,-3.73,36,0
1026,59,Mujer,5.5,126,31.6,1842,0,0,-0.45,1175,125,-2.27,36,0
1027,64,Mujer,6.9,115,53.8,180,0,1,-0.327,130,111,-0.57,36,0
1028,66,Hombre,7.3,165,49.3,27,0,1,-0.975,10,156,0.52,36,0
1029,68,Hombre,6.7,133,57.2,19,0,0,-0.458,12,131,-1.06,36,0
1030,50,Mujer,6.5,116,41.7,182,0,1,-0.977,69,113,2.92,36,0
1031,64,Hombre,7.8,148,44,10,1,0,0.383,15,144,-2.01,36,0
1032,75,Hombre,5.6,151,38.4,321,1,1,0.358,459,134,-4.24,36,0
1033,58,Mujer,8.5,135,45.8,83,0,1,-0.952,32,142,0.61,36,0
1034,76,Mujer,7.8,141,28.6,543,0,0,-0.509,326,132,-2.84,36,0
1035,57,Mujer,8.1,161,38.8,51,0,1,0.064,54,142,-0.1,36,0
1036,61,Hombre,7.4,148,39.3,331,1,1,-0.242,260,144,-2.42,36,0
1037,59,Mujer,8.9,132,67,117,0,0,-0.048,112,128,-1.4,36,0
1038,51,Mujer,8.4,133,37.8,95,0,0,-0.232,75,135,-2.21,36,0
1039,60,Mujer,7.1,117,52.4,70,0,0,-0.496,43,120,-0.95,36,0
1040,50,Mujer,6.2,112,59.4,323,0,1,-0.202,264,111,-0.26,36,0
1041,66,Mujer,6.4,148,53.1,49,0,0,0.026,50,148,-4,36,0
1042,79,Hombre,9.4,144,49.9,62,1,0,0.073,67,136,-2.71,36,0
1043,56,Mujer,8.3,116,23.1,126,0,1,0.893,308,106,-5.07,24.33,1
1044,62,Hombre,7,147,41.9,80,0,0,0.392,118,159,-2.01,23.15,1
1045,70,Hombre,9.1,159,28.8,513,0,1,-1.44,121,156,-1,36,0
1046,73,Mujer,8.5,146,41.3,30,0,0,0.307,41,138,-2.21,36,0
1047,44,Mujer,6.1,120,62.3,11,1,0,0.365,16,119,-0.34,36,0
1048,56,Hombre,8,157,59,89,1,1,1.021,247,153,-3.49,36,0
1049,55,Mujer,5.5,111,52,10,0,0,-0.164,8,121,1.67,36,0
1050,64,Mujer,6.1,144,40.2,97,1,1,0.39,143,135,-2.37,36,0
1051,72,Mujer,7.2,138,49.3,264,0,0,0.417,401,141,-0.9,35.18,1
1052,87,Mujer,7.9,124,46.2,444,0,1,-0.6,244,118,-1.85,36,0
1053,46,Mujer,7,104,45.7,194,0,1,-0.866,82,93,1.31,36,0
1054,57,Mujer,7,132,42.1,21,0,1,-0.291,16,128,1.4,15.67,1
1055,52,Hombre,6.2,141,49.3,260,0,0,0.542,447,135,-3.46,36,0
1056,54,Hombre,6.7,171,49,9,0,0,0.296,12,176,-3.19,36,0
1057,61,Hombre,9,154,58.9,63,0,1,-0.205,51,153,-0.67,36,0
1058,46,Hombre,8.7,120,62.6,100,0,1,0.127,114,105,0.07,36,0
1059,76,Hombre,8.6,166,35,761,0,0,-0.369,526,176,-4.26,36,0
1060,70,Mujer,8,117,43.4,1160,0,1,-2.019,154,105,1.96,36,0
1061,66,Mujer,5.8,140,57.3,46,0,0,0.159,54,142,-2.3,36,0
1062,59,Mujer,8.1,137,47.5,180,0,1,0.307,245,125,-2.81,36,0
1063,78,Hombre,10.4,136,37.9,106,0,0,-0.015,104,132,-3.71,36,0
1064,64,Hombre,9.3,129,43.8,56,1,0,-0.296,42,128,-1.75,36,0
1065,60,Hombre,8.3,132,50.8,92,0,1,0.295,124,130,-1.38,36,0
1066,61,Mujer,7.1,151,59.3,103,0,1,0.167,122,144,-1.61,36,0
1067,55,Hombre,7.2,127,36.6,199,1,0,-0.146,172,128,-2.05,36,0
1068,52,Hombre,11.8,123,52.5,315,0,0,-0.102,284,116,-2.3,36,0
1069,68,Hombre,8.3,126,61.9,134,1,1,-0.979,50,111,1.71,36,0
1070,56,Mujer,7.6,142,52.5,412,0,1,0.04,429,138,-2.35,36,0
1071,52,Hombre,9,145,39.9,164,1,1,-0.394,111,139,-1.57,36,0
1072,48,Hombre,6.7,116,60.1,37,0,1,0.305,50,111,-0.66,36,0
1073,62,Mujer,7.5,120,56.1,73,0,0,0.286,97,120,-2.33,36,0
1074,69,Mujer,8,138,35.1,116,0,0,0.213,144,134,-2.33,36,0
1075,64,Hombre,7.9,146,42.7,634,0,0,0.272,832,143,-3.14,36,0
1076,66,Mujer,6,113,54.3,134,0,0,-0.085,123,100,-1.21,36,0
1077,62,Hombre,7.8,148,37.3,89,0,0,0.374,129,137,-2.5,36,0
1078,77,Hombre,5.5,134,52.2,11,1,0,-0.417,7,133,0.51,36,0
1079,76,Mujer,7.9,153,40.5,390,0,0,0.14,449,148,-3.78,36,0
1080,73,Mujer,5.5,122,37.2,39,0,0,0.632,73,111,-2.22,36,0
1081,79,Mujer,9.4,133,46.3,132,0,1,0.423,202,122,-3.04,36,0
1082,51,Mujer,9,115,51.1,73,0,1,-0.762,34,102,1.04,36,0
1083,48,Mujer,8.7,150,39.3,136,1,1,-0.434,88,141,-0.8,36,0
1084,55,Mujer,9.9,136,39,118,0,0,0.301,159,131,-4.19,36,0
1085,37,Mujer,5.5,112,75,48,0,1,0.267,63,92,1.54,36,0
1086,64,Mujer,6.7,122,64.4,60,0,0,0.315,82,136,-2.9,36,0
1087,81,Mujer,7.8,136,43.2,193,0,0,0.096,213,131,-4.03,36,0
1088,77,Mujer,9.4,127,38.9,25,0,0,0.754,53,123,-1.91,36,0
1089,52,Mujer,7,135,62,20,0,1,0.064,21,120,0.82,17.73,1
1090,73,Hombre,7.6,139,45.2,93,1,1,-0.374,64,115,-1.05,36,0
1091,55,Mujer,8.6,124,53.8,46,1,1,0.34,65,136,-1.79,36,0
1092,75,Mujer,7,131,45.6,143,0,0,-0.746,68,133,-1.91,36,0
1093,67,Hombre,8.5,95,40,75,1,0,-0.109,67,110,-1.08,36,0
1094,57,Mujer,7,147,34.9,99,1,0,0.224,124,156,-2.86,14.02,1
1095,64,Mujer,8.1,145,42.6,30,0,0,-0.11,27,146,-1.42,6.06,1
1096,52,Mujer,7.9,145,49.5,621,0,0,-0.343,441,136,-2.72,36,0
1097,48,Hombre,10.7,143,38.4,201,0,1,-0.502,122,134,-2.56,36,0
1098,74,Mujer,7.8,142,38.6,463,1,0,-0.891,190,141,-2.32,28.72,1
1099,68,Hombre,8.4,105,61.5,204,0,0,0.441,317,105,-3.64,36,0
1100,49,Hombre,6,118,52.8,28,0,0,-0.51,17,109,0.85,36,0
1101,40,Mujer,8.1,119,62.2,27,0,1,0.404,40,109,-0.81,36,0
1102,68,Hombre,6.1,137,54.5,13,1,1,0.829,30,129,-3.26,36,0
1103,63,Mujer,8.7,142,51.1,48,0,0,-0.124,42,136,-0.5,36,0
1104,56,Hombre,7.3,139,54.8,91,0,0,0.044,95,149,-2.21,36,0
1105,73,Hombre,5.5,161,36,30,0,0,0.217,37,165,-2.24,36,0
1106,57,Hombre,8.2,129,51.5,332,0,0,0.289,443,120,-4.85,36,0
1107,58,Hombre,5.5,132,49.3,22,1,1,-0.911,9,140,3.96,36,0
1108,52,Hombre,6.2,121,50.7,18,0,0,0.348,25,120,-0.5,36,0
1109,41,Mujer,8.1,149,55.3,87,0,1,-0.019,85,144,-1.19,36,0
1110,76,Hombre,6.9,118,40.1,63,0,0,0.237,80,117,-2.38,11.37,1
1111,58,Hombre,9.8,139,39.7,484,0,0,0.105,537,141,-4.69,36,0
1112,60,Mujer,7.3,125,51.7,15,0,1,-0.274,11,127,-0.97,36,0
1113,37,Hombre,8.9,100,42,19,0,0,0.965,50,107,-2.31,36,0
1114,57,Hombre,6.9,101,52.2,38,0,1,-0.066,36,96,0.79,36,0
1115,43,Mujer,7.4,135,55.4,147,0,1,0.086,160,121,-1.22,36,0
1116,68,Hombre,6,169,55.6,17,1,0,0.128,19,179,-2.39,36,0
1117,70,Hombre,9.9,140,67.4,2994,0,1,-0.853,1276,123,-2.09,36,0
1118,64,Hombre,7.3,149,51,1267,0,1,-0.009,1256,155,-2.28,36,0
1119,75,Mujer,7.4,156,45.5,184,1,1,-1.235,53,147,-1.98,36,0
1120,55,Hombre,8.6,150,46.8,306,0,0,0.134,350,152,-3.06,36,0
1121,67,Hombre,6.8,130,45.4,106,0,1,0.383,155,130,-1.54,4.66,1
1122,60,Hombre,7.7,112,56.4,28,1,1,-0.249,22,97,-0.85,36,0
1123,71,Mujer,6.4,102,38.7,18,1,0,0.927,45,94,-5.07,27.75,1
1124,68,Mujer,8.4,114,29.9,158,1,0,-0.448,101,101,-2.49,36,0
1125,58,Hombre,6.7,152,64.1,159,0,0,-0.987,59,156,-1.6,36,0
1126,77,Hombre,8.1,166,37.7,200,0,0,0.216,248,152,-5.34,16.3,1
1127,53,Mujer,5.5,153,53.9,73,0,1,-0.637,39,136,1.12,36,0
1128,66,Hombre,8.3,153,32.5,104,0,1,0.361,149,146,-4.71,36,0
1129,76,Hombre,6.1,164,20,280,0,0,0.06,297,177,-3.75,17.97,1
1130,72,Hombre,6.8,151,51.3,75,0,0,-0.15,65,149,-1.1,36,0
1131,62,Hombre,7.9,140,54.2,156,0,1,-0.636,83,141,0.77,36,0
1132,73,Mujer,9.2,141,39.5,69,0,0,0.325,95,146,-3.29,36,0
1133,66,Mujer,6.5,159,36,24,0,0,0.306,33,171,-3.15,36,0
1134,57,Mujer,7.3,143,42.7,454,1,1,-0.547,263,141,-0.21,36,0
1135,68,Hombre,9.5,105,35.6,50,0,0,-0.114,45,99,-3.4,36,0
1136,68,Mujer,7.2,151,51.8,178,0,1,-0.696,89,143,-1.53,14.48,1
1137,58,Mujer,8.2,153,47.5,172,1,0,0.553,299,160,-4.85,36,0
1138,67,Hombre,7.3,153,40.9,41,1,0,-0.371,28,158,-1.18,36,0
1139,74,Mujer,5.5,149,51.2,64,0,1,-0.412,42,137,0.38,36,0
1140,76,Hombre,7.2,127,34.3,205,1,0,0.111,229,140,-4.19,36,0
1141,63,Mujer,8.4,128,54.3,342,0,1,-0.259,264,126,-1.93,36,0
1142,72,Hombre,8,136,38.3,50,0,0,0.655,96,145,-2.43,9.29,1
1143,66,Hombre,8.7,136,58.3,1074,1,1,-0.958,412,125,0.11,36,0
1144,68,Mujer,8.6,160,58.6,240,0,0,-0.177,201,167,-2.67,36,0
1145,71,Mujer,7.6,149,38.6,151,0,0,-0.07,141,153,-2.95,36,0
1146,61,Hombre,10,129,55.5,74,0,1,-0.232,59,126,-1.49,36,0
1147,82,Hombre,7.5,137,40.7,602,0,0,-0.482,372,126,-1.44,35.84,1
1148,69,Hombre,8.6,138,45.6,350,0,0,-0.165,297,135,-2.13,36,0
1149,64,Mujer,8,132,46.9,97,1,0,0.408,146,137,-2.46,36,0
1150,45,Hombre,8.5,129,37.5,80,0,0,-0.073,74,129,-1.25,36,0
1151,68,Mujer,8,106,45.4,53,0,1,-0.573,30,100,0.47,36,0
1152,60,Hombre,5.5,140,61.4,33,1,1,-0.21,27,134,0.05,36,0
1153,70,Hombre,6.4,113,54.1,73,1,0,-0.171,62,110,-1,36,0
1154,60,Hombre,7.9,146,59.2,70,0,0,-0.082,64,140,-3.27,36,0
1155,52,Mujer,9.1,129,44.6,100,0,1,-1.623,20,119,2.91,36,0
1156,55,Hombre,8.2,126,58.8,95,1,1,0.452,149,109,-2.14,36,0
1157,64,Hombre,8.6,149,55.1,263,1,1,-0.546,152,143,-0.56,36,0
1158,75,Hombre,7.8,153,49.3,23,1,0,0.046,24,142,-1.8,30.96,1
1159,68,Mujer,8.3,129,45.9,293,0,1,-0.421,192,121,-2.21,31.4,1
1160,68,Mujer,7.2,166,60.5,16,0,0,0.215,20,145,-1.58,36,0
1161,71,Hombre,8.1,153,35,932,0,1,-0.568,528,141,-0.98,36,0
1162,65,Mujer,6.9,124,62.8,13,0,1,-0.018,13,120,0.83,36,0
1163,63,Hombre,7.8,128,35.1,26,0,0,0.005,26,107,-2.61,36,0
1164,59,Mujer,8.3,119,64.9,106,0,1,0.175,126,107,0.89,36,0
1165,69,Hombre,9.1,129,30.2,48,0,0,0.166,57,131,-2.29,36,0
1166,46,Hombre,9.4,121,36.9,292,0,0,-0.289,219,122,-2.24,36,0
1167,75,Hombre,9,125,38.4,76,0,0,0.586,137,134,-4.52,36,0
1168,55,Hombre,7.5,123,47,96,0,1,-0.362,67,122,-0.67,36,0
1169,76,Mujer,9.3,142,38.6,105,0,0,0.424,160,132,-2.78,36,0
1170,51,Hombre,6.2,149,52.2,24,0,0,0.541,41,146,-1.77,36,0
1171,69,Hombre,9,141,42.1,133,0,1,0.238,169,138,-2.23,36,0
1172,79,Hombre,7.6,169,41.3,396,0,0,0.166,468,168,-3.87,36,0
1173,70,Hombre,9.7,140,54,395,1,1,-0.113,353,130,-2.92,36,0
1174,67,Hombre,7.9,118,39,90,1,0,0.284,120,111,-4.11,36,0
1175,52,Hombre,7.4,117,25.3,47,0,1,-0.082,43,121,-0.46,1.69,1
1176,64,Hombre,6.7,155,53,71,0,0,0.633,134,172,-4.5,36,0
1177,87,Mujer,9,149,28.8,227,1,1,0.124,257,141,-2.34,36,0
1178,71,Hombre,11.2,133,44.9,337,1,1,0.142,388,126,-5.9,36,0
1179,61,Hombre,5.7,143,35.1,394,0,1,-0.881,163,130,-0.47,36,0
1180,83,Hombre,9,152,36.9,581,1,1,-0.743,276,149,-2.22,36,0
1181,51,Mujer,8.5,135,26.5,350,0,1,0.025,359,126,-2.51,36,0
1182,62,Hombre,9.4,149,32.4,324,1,0,0.269,424,136,-7.57,27.28,1
1183,50,Mujer,8.9,147,55.5,603,0,1,-0.411,400,143,0.64,36,0
1184,58,Hombre,7,143,47.1,373,0,1,0.201,456,153,-1.97,36,0
1185,67,Mujer,7.9,137,47,212,0,1,0.107,236,132,-3.84,36,0
1186,71,Hombre,6.5,131,63.7,21,1,0,0.006,21,127,-1.91,36,0
1187,60,Mujer,7.8,135,60.3,597,0,1,0.07,640,123,-3.05,31.27,1
1188,54,Hombre,7.8,134,47.7,746,0,1,-1.325,198,110,0.13,36,0
1189,87,Hombre,7,124,54.3,63,0,0,0.023,64,123,-1.67,36,0
1190,70,Hombre,6.7,153,33.3,71,0,0,0.42,108,141,-2.99,36,0
1191,61,Hombre,6.9,102,44.8,76,0,0,0.09,83,96,0.36,20.28,1
1192,77,Hombre,9.2,148,37.9,430,0,0,-0.398,289,142,-4,36,0
1193,59,Hombre,7.2,124,52.7,110,0,0,-0.535,64,124,-2.81,36,0
1194,69,Hombre,7.9,106,50.8,39,1,0,0.66,75,115,-4.06,36,0
1195,54,Mujer,8,142,42.2,88,0,1,-0.204,72,137,-0.97,36,0
1196,71,Mujer,9,136,33.8,296,1,1,-0.777,136,126,-1.6,36,0
1197,65,Hombre,5.5,128,40.7,164,0,0,-0.686,83,127,-1.22,36,0
1198,63,Hombre,6.4,118,34.6,129,0,0,-0.263,99,110,-4.01,36,0
1199,59,Mujer,9.8,139,61.3,35,0,1,-0.124,31,135,-1.13,36,0
1200,71,Hombre,9.7,160,42.4,137,0,0,-0.657,71,157,-1.22,36,0
1201,61,Hombre,10.1,119,58.1,56,1,0,0.512,93,121,-5.22,36,0
1202,52,Hombre,6.7,153,38.2,78,0,1,0.421,119,155,-0.41,36,0
1203,66,Hombre,7.7,148,51,32,1,0,0.378,47,147,-2.07,36,0
1204,72,Mujer,9.4,130,30.5,135,1,0,0.461,214,130,-4.87,36,0
1205,67,Mujer,9.1,138,43.7,1076,0,1,-0.879,447,132,-2.3,36,0
1206,51,Mujer,9.2,127,51.6,61,0,1,-0.533,36,109,0.55,36,0
1207,65,Mujer,7.2,128,57.4,97,0,1,-0.517,58,128,-0.5,36,0
1208,55,Hombre,7,147,53.4,113,0,0,1.093,337,141,-3.59,36,0
1209,68,Mujer,8.8,148,44.8,86,0,1,-0.225,69,148,-2.46,36,0
1210,59,Hombre,8.4,138,44.9,189,1,1,-0.337,135,130,-3.6,36,0
1211,58,Mujer,5.8,140,39,549,1,1,0.458,868,132,-4.1,36,0
1212,60,Hombre,8.8,161,46.6,362,0,0,0.588,652,157,-4.82,36,0
1213,70,Hombre,8.8,171,49,45,0,1,0.485,73,164,-5,36,0
1214,75,Mujer,6.6,159,53.8,479,1,1,-0.147,413,159,-4.45,36,0
1215,73,Hombre,6.9,140,34.9,179,0,0,-0.018,176,140,-1.68,30.98,1
1216,70,Mujer,6.4,122,32.1,93,0,0,0.367,134,115,-3.66,36,0
1217,65,Hombre,6.2,141,44.2,93,1,1,-0.226,74,136,-1.49,36,0
1218,40,Mujer,9.2,149,38.5,191,0,1,-0.941,75,129,-1.96,36,0
1219,74,Hombre,6.2,143,46.6,70,0,1,-0.549,40,138,-0.85,36,0
1220,64,Mujer,8,107,54.5,83,0,1,-0.736,40,107,-0.1,36,0
1221,77,Hombre,9.5,150,36.4,232,1,0,-0.009,230,163,-5.61,36,0
1222,76,Hombre,8.3,117,37,206,1,1,-0.583,115,98,-0.64,36,0
1223,57,Mujer,7.6,104,53.9,149,0,0,0.722,307,104,-1.85,36,0
1224,51,Mujer,9.2,168,50.8,255,0,0,0.343,359,167,-2.43,36,0
1225,63,Mujer,7.6,140,48.7,1101,0,1,-0.848,472,138,-1.74,36,0
1226,56,Mujer,7,129,53,240,0,0,0.42,365,136,-3.44,14.13,1
1227,55,Hombre,7.1,162,62.7,54,0,0,0.658,104,168,-4.64,36,0
1228,69,Hombre,8.6,144,42.8,75,0,0,0.288,100,140,-2.68,36,0
1229,68,Mujer,6.7,156,53.9,182,0,0,-0.043,174,155,-1.54,36,0
1230,67,Hombre,7.7,145,45.9,72,1,0,0.551,125,146,-4.62,36,0
1231,75,Mujer,6.7,103,50.6,100,1,1,-0.075,93,110,-0.68,36,0
1232,55,Mujer,8,148,52.9,105,0,0,0.475,169,142,-2.65,36,0
1233,73,Mujer,7.2,99,44.8,233,1,0,0.707,472,90,-4.14,36,0
1234,63,Hombre,10.1,155,37.4,72,0,0,0.198,88,166,-3.26,36,0
1235,54,Mujer,6.4,126,50.4,87,0,0,0.086,95,132,-1.37,36,0
1236,71,Mujer,7.2,141,45,50,1,1,-0.072,47,132,-1.86,36,0
1237,58,Hombre,8.4,118,33.9,91,0,0,-0.186,76,123,-1.81,36,0
1238,71,Hombre,8,130,49.7,64,1,0,0.191,77,129,-2.53,36,0
1239,63,Hombre,9.4,142,50.6,370,1,1,-0.212,299,151,-3.43,36,0
1240,68,Hombre,9.6,115,36,237,0,0,-0.342,168,95,-3.39,36,0
1241,57,Hombre,8.2,116,49.5,54,0,0,-0.55,31,120,-1.48,36,0
1242,66,Hombre,6.7,132,57.7,90,0,0,0.464,143,126,-2.86,36,0
1243,56,Mujer,8.1,134,44.5,36,0,0,0.767,78,131,-2.34,36,0
1244,59,Mujer,10.2,155,41.6,708,0,1,-1.103,235,155,0.03,36,0
1245,73,Hombre,6.1,126,55.9,17,0,1,-0.12,15,110,0.52,36,0
1246,59,Hombre,9.5,133,55.6,625,0,1,-0.438,403,119,0.29,36,0
1247,61,Hombre,7.5,143,64,107,1,1,-0.062,101,139,-0.35,36,0
1248,71,Hombre,5.5,171,60,49,0,0,0.186,59,158,-1.95,36,0
1249,69,Hombre,6,158,54.6,42,0,0,-0.294,31,161,-0.68,36,0
1250,56,Mujer,5.5,116,51.1,34,0,1,-0.451,22,102,2.18,36,0
1251,90,Hombre,7.6,133,45.4,14,0,0,0.267,18,141,-2.41,36,0
1252,67,Hombre,7.6,175,53.9,81,0,0,0.349,115,166,-3.8,36,0
1253,61,Mujer,7.8,136,60.6,29,1,0,0.161,34,139,-2.08,36,0
1254,59,Mujer,8.6,152,52.7,28,0,0,1.346,108,164,-4.25,36,0
1255,58,Mujer,7.5,115,59.2,70,0,0,0.347,99,106,-1.64,36,0
1256,68,Mujer,8.8,150,41.7,73,0,1,0.026,75,142,-2.1,36,0
1257,62,Mujer,10.5,108,41.9,44,0,0,0.616,81,110,-1.63,36,0
1258,59,Hombre,7.7,146,40.9,178,1,1,-0.136,155,133,-3.22,36,0
1259,69,Mujer,8.4,123,50.3,51,0,0,0.16,60,127,-3.29,36,0
1260,62,Hombre,8.8,151,53.6,198,0,1,-0.062,186,147,-1.84,25.05,1
1261,68,Hombre,5.5,155,55.5,219,0,1,-0.659,113,149,-0.77,36,0
1262,74,Mujer,7.3,112,46,105,1,1,-0.271,80,107,-1.13,36,0
1263,44,Hombre,8.3,130,65.8,118,0,1,-0.854,50,115,1.11,36,0
1264,76,Mujer,10.8,139,44.2,233,0,0,0.075,251,137,-4.69,36,0
1265,55,Hombre,8.3,134,49.5,279,1,1,0.531,475,115,-2.62,36,0
1266,78,Mujer,8.5,129,46.9,14,1,0,-0.125,12,137,-1.35,36,0
1267,72,Mujer,6.2,141,52.7,41,1,0,0.197,50,148,-1.49,36,0
1268,54,Mujer,7.7,137,49.9,28,1,1,-0.043,27,124,-0.2,36,0
1269,62,Mujer,9.4,124,34.7,253,0,1,-0.145,219,106,-1.07,36,0
1270,78,Mujer,9.5,142,46.5,169,0,1,-0.974,64,124,-0.97,36,0
1271,51,Hombre,8.9,119,58.4,35,0,1,-0.026,34,115,-1.02,36,0
1272,82,Mujer,8,138,47.9,17,1,0,0.907,42,147,-4.12,36,0
1273,55,Hombre,6.9,122,44.5,12,0,0,0.19,15,126,-0.89,36,0
1274,58,Hombre,7.2,121,53.5,32,0,0,-0.827,14,126,0.4,36,0
1275,63,Hombre,5.8,121,49.6,106,0,0,-1.092,36,116,0.32,36,0
1276,70,Mujer,7.8,135,33.6,14,1,0,0.026,14,141,-2.42,36,0
1277,65,Mujer,7.8,136,49.6,164,0,0,0.238,208,139,-3.95,36,0
1278,52,Mujer,6,125,36.6,76,0,1,-0.04,73,110,0.11,36,0
1279,67,Hombre,9.4,145,40.3,911,0,0,0.214,1128,147,-5.35,36,0
1280,65,Hombre,7.3,133,35.5,24,1,0,0.006,24,132,-1.33,36,0
1281,45,Mujer,7,137,61.1,59,0,1,-1.079,20,129,3.2,36,0
1282,52,Hombre,5.5,131,53.2,54,0,0,0.076,58,130,-2.04,36,0
1283,75,Mujer,9.3,129,38.4,83,0,1,-0.275,63,139,-1.48,36,0
1284,69,Hombre,7.5,126,45.2,25,0,0,0.446,39,134,-2.77,36,0
1285,61,Hombre,6.2,151,49.9,468,0,1,0.176,558,157,-4.44,36,0
1286,55,Hombre,5.6,124,57.1,31,1,0,-0.39,21,109,-1.82,36,0
1287,61,Mujer,8.2,147,39.2,242,1,0,-0.348,171,143,-2.21,36,0
1288,71,Hombre,9.1,120,49.5,45,0,0,0.332,63,123,-1.43,36,0
1289,68,Hombre,8.6,140,51.3,271,1,0,0.476,436,147,-4.99,36,0
1290,61,Hombre,7.7,135,41.4,46,0,1,-0.067,43,116,-1.37,36,0
1291,74,Mujer,8.5,131,34,26,0,0,0.38,38,135,-2.59,36,0
1292,62,Hombre,6.6,161,48.7,117,1,0,0.681,231,163,-5.72,6.57,1
1293,60,Hombre,7.3,144,52.2,83,0,0,0.1,92,152,-1.63,36,0
1294,43,Hombre,8.8,138,50.3,66,1,1,-0.187,55,132,-2.24,36,0
1295,55,Hombre,6.9,132,58.2,35,1,1,-0.423,23,126,-1.04,36,0
1296,65,Mujer,6.3,132,55.3,56,0,0,-0.308,41,121,-0.35,36,0
1297,66,Hombre,8,140,39.5,47,0,0,0.241,60,133,-2.41,36,0
1298,74,Hombre,7.6,165,41.3,456,0,0,0.218,567,173,-3.95,36,0
1299,52,Hombre,5.5,132,33.2,81,0,0,-0.071,75,126,-2.54,36,0
1300,73,Mujer,8.9,130,42.5,460,0,0,0.613,849,138,-5.03,36,0
1301,57,Mujer,10,141,37.2,507,1,1,0.038,527,140,-3.98,36,0
1302,63,Mujer,6.1,112,55.1,186,0,0,-0.456,118,110,-0.64,36,0
1303,56,Mujer,5.5,118,44.9,28,0,0,0.051,29,131,-2.97,36,0
1304,61,Hombre,6.8,109,46.4,23,1,1,-1.008,8,107,2.67,36,0
1305,63,Hombre,7,125,52,30,1,0,-0.207,24,135,0.12,36,0
1306,69,Hombre,9.3,126,36.8,738,0,1,-0.376,506,137,0.22,32.57,1
1307,68,Mujer,10.8,122,53.6,211,0,0,0.308,287,124,-3.13,36,0
1308,86,Mujer,8.2,112,44.8,110,1,0,0.231,139,122,-4.56,36,0
1309,64,Hombre,6.7,143,47.5,116,1,0,0.433,179,142,-4.64,36,0
1310,67,Mujer,8,146,30.7,131,1,1,0.593,237,143,-3.53,36,0
1311,70,Hombre,6.8,114,49.7,71,0,1,-0.158,61,112,-2.39,36,0
1312,81,Hombre,7.4,154,32.4,82,1,0,-0.264,63,163,-4.41,36,0
1313,69,Mujer,7.3,138,50,89,0,0,0.475,143,143,-6.06,36,0
1314,45,Hombre,6.5,131,52.5,95,0,1,0.279,126,116,-2.33,5.8,1
1315,68,Mujer,5.7,97,45.2,6,1,0,1.184,20,90,-1.93,36,0
1316,84,Hombre,6.9,143,55.3,90,0,1,-0.858,38,142,0.78,36,0
1317,42,Mujer,8.6,131,42.8,16,0,0,-0.169,14,122,-1.61,36,0
1318,67,Mujer,7.2,162,53.9,49,1,0,1.164,157,167,-3.66,36,0
1319,72,Mujer,11.1,163,49.4,578,1,0,-0.47,361,161,-3.44,36,0
1320,73,Mujer,8.9,130,50,72,1,0,-0.099,65,132,-2.09,36,0
1321,66,Mujer,10.7,133,58.5,106,0,1,-0.988,39,120,0.95,36,0
1322,65,Hombre,8.5,113,48.9,27,1,1,-0.388,18,111,1.56,36,0
1323,34,Hombre,8.4,120,72.7,76,0,1,-0.096,69,112,0.77,36,0
1324,78,Hombre,7.4,123,41.8,265,0,0,0.069,284,139,-2.78,36,0
1325,44,Mujer,7.6,127,59.1,110,0,0,-0.819,48,122,-0.14,36,0
1326,69,Mujer,6.1,132,46.9,32,0,0,0.007,32,137,-3.05,36,0
1327,52,Mujer,7.4,121,48.1,94,1,0,0.51,156,114,-3.59,36,0
1328,71,Hombre,6.1,148,28.6,382,0,0,0.047,400,156,-2.69,36,0
1329,53,Mujer,5.5,120,53.8,66,0,0,-0.472,41,115,0.95,36,0
1330,43,Hombre,9.1,151,40.5,194,0,1,-0.512,116,135,-1.8,36,0
1331,56,Mujer,9.4,125,44.6,82,0,1,0.071,88,114,0.1,36,0
1332,56,Hombre,9.6,116,47.3,279,0,1,-0.041,268,91,-2.08,36,0
1333,42,Mujer,7.6,130,56.7,529,0,0,-0.559,303,142,-1.67,36,0
1334,69,Mujer,7.9,132,44.8,676,1,1,-1.197,204,123,-2.31,36,0
1335,73,Mujer,7.5,130,53.2,316,0,0,0.395,469,116,-3.49,36,0
1336,61,Hombre,9,139,55.5,292,0,1,-0.76,137,125,-0.37,36,0
1337,66,Hombre,5.5,118,44.1,198,0,0,-0.103,179,128,0.75,36,0
1338,77,Hombre,6.7,144,52.5,256,1,1,-0.581,143,130,-1.98,36,0
1339,58,Mujer,6.1,127,60.8,134,1,1,-1.187,41,121,3.35,36,0
1340,59,Hombre,6.4,116,52.7,48,0,0,-0.251,37,126,-1.97,36,0
1341,56,Mujer,8.9,106,43.8,101,0,1,-1.073,35,113,0.15,36,0
1342,73,Hombre,7.6,144,41.1,42,1,0,0.18,50,150,-4.4,36,0
1343,66,Hombre,8.4,113,39.9,75,1,0,0.809,168,116,-5.25,36,0
1344,52,Mujer,5.9,134,60.2,231,0,1,-0.016,227,118,0.81,36,0
1345,54,Mujer,8.3,129,47.4,857,0,1,0.108,954,135,-2.68,36,0
1346,78,Mujer,6.8,138,55.1,85,1,0,-0.017,84,141,-2.84,36,0
1347,70,Hombre,7.2,123,64.2,249,1,1,0.095,274,105,-1.67,36,0
1348,62,Hombre,7.6,125,48.5,168,0,0,-0.594,93,132,-2.42,36,0
1349,61,Hombre,8.7,146,40.1,453,0,1,-1.315,122,133,1.79,36,0
1350,64,Mujer,7.7,160,48.5,188,0,0,0.706,381,146,-2.71,36,0
1351,64,Mujer,8.6,130,47.3,104,0,0,0.057,110,127,-1.28,36,0
1352,56,Mujer,10.2,136,29.5,103,0,1,-0.933,41,137,0.21,36,0
1353,57,Mujer,6.7,115,50.1,61,0,0,0.324,84,118,-1.54,36,0
1354,71,Mujer,8,134,41.7,106,0,0,0.144,122,131,-3.08,36,0
1355,67,Hombre,8.5,122,46.6,100,0,1,0.353,142,117,-1.69,36,0
1356,70,Mujer,7,138,43.5,78,0,0,-0.703,39,132,-0,36,0
1357,78,Hombre,6,130,22.6,187,0,0,0.262,243,131,-3.56,36,0
1358,71,Mujer,9,156,54.1,675,0,1,-0.321,490,142,-2.51,36,0
1359,58,Hombre,8.1,102,65.6,90,0,1,-0.518,54,105,0.66,36,0
1360,72,Hombre,7.9,160,47,463,1,1,-0.419,305,151,-3.63,36,0
1361,67,Mujer,8.2,111,49.8,210,0,1,-1.125,68,111,0.12,36,0
1362,64,Hombre,7.5,124,44.4,26,0,0,1.24,90,119,-3.46,36,0
1363,67,Mujer,7.6,131,55,198,1,0,0.017,201,126,-1.05,36,0
1364,59,Mujer,7.5,116,41.4,170,0,0,0.61,313,117,-3.4,36,0
1365,62,Mujer,6.6,116,50.9,41,0,0,0.019,42,112,0.13,36,0
1366,60,Mujer,7.8,148,26.7,508,1,0,0.464,808,139,-5.74,36,0
1367,52,Hombre,8.5,129,44.3,58,0,0,1.401,236,122,-2.54,7.89,1
1368,59,Mujer,8.4,155,44.7,275,0,0,0.055,291,160,-4.06,36,0
1369,50,Hombre,9.9,106,44.7,57,0,0,0.131,65,116,-1.79,36,0
1370,65,Mujer,8.4,119,40.4,170,0,0,-0.329,122,130,-2.63,36,0
1371,70,Hombre,9.5,145,45,176,0,0,0.254,227,148,-3.09,36,0
1372,58,Hombre,7.1,134,30.7,68,0,1,-1.265,19,136,1.6,36,0
1373,54,Mujer,9.4,124,43.9,217,0,1,-0.854,92,122,-0.1,36,0
1374,52,Hombre,6.8,126,61.2,49,0,1,0.167,58,130,1.08,36,0
1375,50,Hombre,7.1,128,39.8,185,1,1,-0.402,124,120,-2.48,36,0
1376,48,Hombre,8.7,134,42.1,38,0,1,-0.017,37,127,-2.03,36,0
1377,66,Hombre,6,131,52.4,118,0,1,-1.07,40,116,2.63,36,0
1378,56,Mujer,8.6,136,66,77,0,0,-0.205,63,140,-1.52,36,0
1379,49,Hombre,9,147,54.7,139,0,1,1.029,389,129,-2.43,36,0
1380,63,Hombre,9.1,153,39.4,211,0,0,-0.044,202,148,-2.78,9.33,1
1381,78,Hombre,10,144,47.7,470,0,0,-0.119,417,146,-6.2,36,0
1382,71,Hombre,9.6,121,32.7,522,1,1,-0.504,315,114,-1.74,36,0
1383,71,Hombre,8.3,132,58.1,269,0,0,0.276,354,135,-3.54,36,0
1384,76,Hombre,7.5,142,53.7,122,0,0,-0.673,62,152,-2.09,36,0
1385,69,Hombre,10.3,130,57.3,213,1,1,-0.658,110,139,-2.66,36,0
1386,56,Mujer,8.7,131,45.6,313,0,1,0.094,344,121,-2.02,36,0
1387,54,Mujer,6.9,95,47.3,4,0,1,-0.297,3,81,3.05,36,0
1388,72,Mujer,8.2,126,56.7,89,0,0,0.333,124,127,-2.41,36,0
1389,69,Hombre,7.6,131,42.8,272,1,0,-0.52,162,128,-2.99,36,0
1390,69,Mujer,8.6,128,52.6,625,0,1,-0.134,547,132,-3.55,36,0
1391,52,Hombre,7,137,41.7,90,0,0,-0.236,71,144,-0.85,36,0
1392,58,Hombre,8.9,165,43.8,44,0,0,0.514,74,153,-3.89,36,0
1393,58,Mujer,8,110,72.7,42,0,0,0.254,54,109,-0.15,36,0
1394,53,Mujer,8.8,160,58.6,144,0,1,0.256,186,147,-5.25,36,0
1395,64,Hombre,6.6,126,48.8,31,0,0,0.433,48,141,-0.28,36,0
1396,59,Mujer,9.4,137,26.5,55,0,0,-0.319,40,130,-3.4,36,0
1397,63,Mujer,8.4,139,40.8,94,0,0,0.158,110,144,-2.63,36,0
1398,56,Hombre,9,126,54.5,14,0,0,-0.55,8,129,0.51,36,0
1399,59,Mujer,8.1,142,63.2,510,0,1,-0.1,462,139,0.05,36,0
1400,58,Hombre,7.5,140,32,221,0,0,-0.59,123,152,-3.08,36,0
1401,71,Hombre,7.6,120,51.3,60,0,0,0.556,105,116,-2.63,36,0
1402,61,Hombre,9.5,117,48.5,100,0,1,-0.014,99,105,-1.55,36,0
1403,44,Hombre,7.1,149,50.5,59,0,0,0.529,100,147,-2.42,36,0
1404,64,Hombre,8,132,33.4,696,1,1,-1.14,223,129,0.36,36,0
1405,58,Hombre,9.5,137,49.1,17,0,0,0.28,22,138,-2.01,36,0
1406,56,Mujer,7.9,139,61.3,51,0,1,0.01,52,131,-1.93,36,0
1407,70,Mujer,8.1,120,28.2,125,0,0,0.069,134,114,-2.59,36,0
1408,59,Mujer,6,121,44.1,112,1,1,-1.403,28,110,1.48,36,0
1409,67,Mujer,5.9,131,39.7,7,1,0,0.52,12,123,-4.11,36,0
1410,64,Mujer,7.7,136,43.4,86,0,1,0.129,98,125,-0.72,36,0
1411,69,Mujer,8.7,135,30.7,506,1,1,-0.592,280,126,-3.31,36,0
1412,67,Hombre,7.6,139,52.3,246,0,1,-0.333,176,123,-0.38,36,0
1413,54,Hombre,9.7,139,49.9,80,1,1,0.133,91,137,-2.05,36,0
1414,59,Hombre,6.6,131,32.2,272,1,0,-0.85,116,133,-1.31,36,0
1415,77,Hombre,8.7,142,29.7,236,0,0,-0.658,122,148,-3.6,36,0
1416,61,Mujer,6,148,46.9,86,0,0,-0.125,76,148,-1.17,36,0
1417,56,Mujer,6.3,136,58.5,57,0,1,0.062,61,129,0.33,36,0
1418,55,Mujer,8.3,147,50,100,1,1,-0.555,57,146,0.09,36,0
1419,55,Hombre,7.7,132,46.5,232,0,1,-0.316,169,117,-0.19,36,0
1420,60,Hombre,7.9,125,64.8,40,0,1,-0.684,20,113,0.7,36,0
1421,77,Hombre,7.1,95,47.2,40,0,1,-0.43,26,99,0.95,36,0
1422,66,Mujer,7.7,142,50.8,169,0,1,-0.314,123,124,-1.43,36,0
1423,57,Hombre,7.9,126,48.8,19,0,0,0.341,27,135,-1.26,36,0
1424,71,Hombre,6.9,130,37.7,28,1,0,-0.153,24,129,-3.03,36,0
1425,69,Hombre,6.7,125,32.3,104,1,0,0.506,173,131,-3.97,36,0
1426,49,Mujer,6.7,148,51.9,28,0,1,-0.158,24,147,0.63,36,0
1427,65,Hombre,8.4,147,45.3,457,0,1,0.398,680,133,-3.75,36,0
1428,43,Hombre,7.6,116,47.7,148,0,1,0.668,289,112,-2.78,36,0
1429,68,Hombre,6.3,149,31.7,67,0,1,-0.897,27,168,1.43,36,0
1430,63,Mujer,8.8,139,43.5,114,1,1,0.429,175,126,-3.29,36,0
1431,76,Mujer,7.2,146,36.3,333,0,0,-0.301,246,157,-1.89,36,0
1432,77,Mujer,5.5,135,62.7,197,0,0,0.446,308,145,-3.57,36,0
1433,47,Mujer,10.2,155,62.9,381,0,1,0.424,582,146,-3.78,36,0
1434,73,Hombre,8.8,167,39.2,832,1,1,0.327,1153,159,-5.89,7.07,1
1435,53,Mujer,9,162,43.1,206,0,1,-0.442,132,152,-2.47,36,0
1436,57,Hombre,7.1,141,43.2,83,0,0,-0.852,35,134,-0.64,36,0
1437,85,Mujer,8.7,148,43.4,1084,0,0,-0.09,990,146,-5.94,36,0
1438,76,Mujer,6.9,119,26.5,213,0,0,0.312,291,122,-3.63,36,0
1439,35,Mujer,7,120,63.9,46,0,0,-0.354,32,109,0.09,36,0
1440,53,Hombre,6.4,152,53.5,305,0,1,0.17,361,147,-3.11,36,0
1441,46,Mujer,9.6,116,58.3,189,0,0,0.318,260,133,-2.85,36,0
1442,69,Mujer,7.5,134,26.4,156,1,1,-0.008,155,125,-2.75,36,0
1443,58,Mujer,6.6,121,39.6,54,0,1,-0.515,32,116,-0.07,36,0
1444,71,Hombre,8.4,140,62.6,159,0,1,-0.291,119,132,-1.11,36,0
1445,67,Hombre,5.6,142,46.6,57,0,0,0.293,76,141,-2.92,36,0
1446,81,Mujer,7.2,120,35.4,70,1,0,-0.014,69,103,-2.71,36,0
1447,65,Hombre,7.8,167,45.2,337,0,1,0.076,364,159,-4.33,36,0
1448,71,Mujer,8.4,123,52.9,379,0,1,-0.347,268,126,-3.51,36,0
1449,59,Mujer,8.7,145,31,169,0,1,0.13,192,144,-3.38,36,0
1450,75,Hombre,7.4,111,39,33,1,0,-0.343,23,112,-2.86,36,0
1451,70,Hombre,6.7,152,56.2,192,0,0,0.103,213,165,-3.66,36,0
1452,64,Mujer,7.3,120,55.2,200,1,1,0.282,265,118,-2.29,36,0
1453,79,Hombre,8.2,136,33.8,87,1,1,-0.061,82,127,-2.5,36,0
1454,67,Mujer,8.6,132,47.1,131,0,0,0.07,141,123,-5.44,36,0
1455,55,Hombre,8,140,54.5,50,0,1,-0.484,31,137,0.04,36,0
1456,64,Hombre,10.6,144,38.1,190,0,0,-0.12,168,168,-3.18,30.18,1
1457,57,Mujer,8.7,141,58.2,299,0,1,0.17,354,132,-5.31,36,0
1458,52,Mujer,8.2,133,44.8,347,0,1,0.419,528,128,-2.91,36,0
1459,66,Mujer,8.3,146,49.5,47,0,0,0.388,69,154,-4.59,36,0
1460,55,Hombre,7.3,139,37.5,17,0,0,0.912,42,150,-4.67,36,0
1461,50,Hombre,8.3,159,51.9,1674,0,1,-0.044,1603,160,-1.82,36,0
1462,59,Mujer,7.4,144,48.9,228,1,1,0.629,427,145,-2.48,36,0
1463,60,Mujer,6.2,150,47.7,42,0,1,-0.229,33,136,-1.33,36,0
1464,52,Hombre,9.1,148,48.1,456,0,0,-0.197,374,143,-2.47,36,0
1465,46,Hombre,7.4,146,33.4,22,0,1,-0.359,15,134,1.08,36,0
1466,61,Hombre,8.1,107,34.4,213,0,0,-0.09,195,101,-2.32,36,0
1467,86,Mujer,9.3,154,37.2,621,1,0,0.054,656,154,-6.14,5.12,1
1468,57,Hombre,8.7,119,43.3,63,0,1,-0.166,53,114,-1.22,36,0
1469,72,Mujer,7.9,140,52.9,47,0,0,0.208,58,145,-3.61,36,0
1470,44,Hombre,11.9,145,57.8,79,0,1,-0.505,48,131,-1.46,36,0
1471,77,Hombre,9.3,121,49.1,351,0,0,0.302,475,132,-3.07,5.26,1
1472,74,Mujer,10,143,25.6,496,0,0,-0.044,475,157,-2.78,36,0
1473,65,Mujer,8.3,119,45.9,602,1,1,-0.323,436,124,0.37,29.56,1
1474,52,Hombre,8.3,99,42.8,51,1,0,-0.344,36,98,-0.44,36,0
1475,74,Mujer,8.3,143,43.7,120,0,1,-0.57,68,127,0.25,36,0
1476,68,Mujer,8.4,111,42.3,318,0,0,0.25,408,107,-2.88,36,0
1477,66,Hombre,9.2,116,26.5,150,0,0,-0.096,136,112,-2.33,36,0
1478,48,Hombre,7,132,42.1,27,0,1,-0.249,21,121,-0.18,36,0
1479,74,Mujer,8.2,120,42.1,20,1,0,0.106,22,120,-1.22,36,0
1480,72,Mujer,6.8,142,39,49,1,0,0.695,98,152,-4.33,36,0
1481,47,Hombre,7.1,135,43,58,0,0,0.465,92,134,-0.56,36,0
1482,72,Mujer,7.2,119,42.7,6,0,0,-0.28,5,128,-1.68,36,0
1483,62,Mujer,8,123,45,40,0,1,-0.793,18,111,0.77,36,0
1484,84,Mujer,8,142,55.9,28,0,1,0.039,29,132,-0.91,36,0
1485,76,Mujer,11.2,140,29.7,42,1,0,0.391,62,138,-5.88,36,0
1486,42,Hombre,6.3,115,42.9,297,0,1,0.191,360,112,-0.64,36,0
1487,72,Mujer,7.7,140,56.7,40,0,0,0.676,79,141,-2.69,36,0
1488,73,Mujer,8.8,132,43.9,366,1,1,-1.233,107,123,-0.4,36,0
1489,90,Hombre,7.9,155,21.9,122,1,0,0.023,125,157,-4.23,36,0
1490,63,Mujer,8,161,57,398,0,1,-0.076,369,167,-1.32,36,0
1491,59,Hombre,7.7,121,41.4,316,0,1,-0.635,167,116,0.43,36,0
1492,79,Hombre,6.6,133,43.9,55,0,0,0.788,121,129,-2.38,36,0
1493,78,Mujer,8.2,143,43.8,177,1,1,-0.697,88,138,-1.53,36,0
1494,67,Hombre,8.5,137,53.3,157,1,1,-1.017,57,136,-0.9,36,0
1495,46,Mujer,10.2,132,42.3,50,0,1,-0.049,48,123,-0.75,36,0
1496,77,Mujer,6.7,169,33.3,514,1,0,0.583,920,166,-5.11,29.09,1
1497,59,Hombre,9.2,119,41.1,132,0,1,0.17,157,112,-3.43,36,0
1498,76,Mujer,6.6,146,32.9,338,0,0,-0.258,261,154,-3.23,36,0
1499,54,Hombre,7.2,147,56.2,116,0,0,0.527,197,135,-2.65,36,0
1500,67,Mujer,5.5,147,51.2,88,0,0,0.041,92,131,-3.14,36,0
1501,75,Mujer,7.2,133,43.3,79,0,0,-0.149,68,141,-3.21,36,0
1502,55,Mujer,6.4,142,48.9,188,1,1,0.244,240,140,-1.74,36,0
1503,61,Hombre,7.6,138,50.4,27,0,1,-0.375,19,130,-1.08,36,0
1504,50,Mujer,7,159,55.2,95,0,1,-0.289,71,147,-0.56,36,0
1505,83,Hombre,8.9,153,34.1,129,1,0,0.304,175,151,-4.13,36,0
1506,67,Hombre,5.5,111,38.4,85,0,1,-0.601,47,102,0.89,36,0
1507,77,Mujer,9.1,131,44.1,217,0,0,0.548,375,133,-3.19,36,0
1508,57,Hombre,7.7,138,40.1,46,0,0,-0.321,33,142,-0.78,36,0
1509,67,Mujer,5.9,148,49.1,67,0,1,0.116,75,142,-4.12,36,0
1510,60,Mujer,9.4,148,37.7,255,0,1,-0.081,235,148,-4.8,36,0
1511,64,Mujer,5.8,112,50.2,77,0,0,-0.576,43,124,-0.98,36,0
1512,63,Mujer,7,130,51.7,104,0,1,-0.968,40,130,1.55,36,0
1513,60,Mujer,7.8,137,54.4,97,0,0,-0.008,96,130,-1.3,36,0
1514,69,Hombre,8.7,126,53.8,158,1,1,0.571,280,125,-2.42,36,0
1515,72,Hombre,6.4,149,31.5,295,0,0,0.466,470,166,-2.98,36,0
1516,57,Hombre,8.8,113,41.2,23,0,0,-1.066,8,111,1.07,36,0
1517,70,Hombre,8.2,144,60.5,351,1,1,-0.391,237,151,-0.77,36,0
1518,72,Mujer,9.1,135,43,791,0,0,-0.549,457,127,-0.11,36,0
1519,62,Hombre,9.7,110,53.2,144,0,1,-0.176,121,117,-1.01,36,0
1520,63,Mujer,7.8,115,49.6,100,0,0,-0.548,58,128,-2.46,36,0
1521,61,Hombre,7.3,153,51.7,59,1,1,-0.282,45,152,-2.26,36,0
1522,60,Mujer,7.9,146,60.5,178,0,1,0.063,190,148,0.5,36,0
1523,60,Hombre,6.4,137,34.6,411,0,1,0.026,422,126,-0.28,36,0
1524,75,Mujer,8.1,114,39.4,54,0,0,0.146,63,108,-2.28,36,0
1525,63,Mujer,6.8,124,59.6,409,0,1,-0.323,296,115,-2.1,36,0
1526,45,Mujer,6.7,125,40.3,182,0,1,-0.811,81,118,1.51,36,0
1527,55,Mujer,7.6,125,61,51,1,0,-0.729,25,130,-1.25,36,0
1528,67,Hombre,7.4,144,59.5,130,0,0,-0.178,109,150,-1.99,36,0
1529,78,Hombre,8.7,117,41.2,869,0,0,0.218,1081,116,-5.41,36,0
1530,74,Hombre,6.7,125,48.1,597,1,0,-0.431,388,125,-3.27,36,0
1531,82,Hombre,9.3,137,56.9,448,0,1,0.073,482,132,-4.03,18.65,1
1532,79,Hombre,7.8,159,51,29,0,0,0.97,76,145,-2.36,36,0
1533,68,Mujer,8.3,124,51.8,111,0,1,0.483,180,121,-3.36,36,0
1534,71,Hombre,7.5,154,42.5,406,1,1,0.281,538,145,-5.93,36,0
1535,53,Mujer,7.2,159,49.5,74,0,1,-0.297,55,165,-1.55,36,0
1536,48,Hombre,8.5,119,47.4,26,0,0,0.524,44,121,-2.02,36,0
1537,45,Hombre,8.7,157,53.1,167,0,0,0.739,350,150,-4.91,36,0
1538,54,Mujer,7.8,124,53.2,385,0,1,-0.174,323,113,-1.28,36,0
1539,69,Hombre,7.8,147,38.7,54,0,1,-0.33,39,146,-2.44,36,0
1540,73,Mujer,7.1,137,41.6,18,0,0,-0.336,13,151,-1.86,36,0
1541,65,Hombre,8.1,117,55.4,72,0,0,0.691,144,122,-3.57,36,0
1542,59,Mujer,6.5,140,44.7,99,0,1,-0.29,74,141,-0.83,36,0
1543,55,Hombre,7.8,133,53.6,89,0,1,0.126,101,139,-1.38,36,0
1544,55,Hombre,5.5,129,28.9,127,0,0,0.116,143,134,-1.79,36,0
1545,64,Mujer,6.4,122,35.3,74,0,0,-0.245,58,120,-1.31,36,0
1546,56,Mujer,6.5,135,55.5,146,1,1,0.453,230,136,-3.5,36,0
1547,74,Hombre,7.1,136,59,130,0,1,0.28,172,130,-0.77,36,0
1548,60,Mujer,8,120,49.2,35,0,1,0.285,47,115,-0.15,36,0
1549,55,Mujer,8.1,110,44.8,131,0,0,0.21,162,103,-0.63,36,0
1550,69,Mujer,7.2,146,55.8,157,0,1,-0.025,153,148,-0.56,36,0
1551,62,Hombre,9.2,145,42.1,329,0,0,0.119,370,134,-3.21,36,0
1552,68,Mujer,7.3,140,37.1,116,0,0,0.727,240,142,-4.65,36,0
1553,79,Mujer,10.4,121,44.1,1308,0,0,-0.358,915,121,-2.77,36,0
1554,61,Mujer,7.2,136,35.9,138,1,1,-0.027,134,118,-0.61,36,0
1555,56,Hombre,6.2,138,55.6,123,1,1,-0.125,109,124,-1.93,36,0
1556,58,Mujer,6.1,104,45.9,106,0,0,-0.039,102,118,-2.14,36,0
1557,70,Hombre,9.1,134,36.6,866,1,0,-0.554,498,148,-4.78,36,0
1558,87,Mujer,8,165,35,322,0,0,0.461,511,165,-5.84,33.02,1
1559,73,Hombre,6.4,138,32.6,16,0,0,-0.621,9,149,-1.47,36,0
1560,63,Mujer,10.4,133,36.2,311,0,1,0.219,387,120,-4,36,0
1561,53,Hombre,7,124,50,66,0,0,0.244,84,112,-0.52,36,0
1562,40,Hombre,6.9,119,67.9,122,0,1,-1.178,38,123,4.83,36,0
1563,60,Hombre,6.9,113,47.8,68,0,0,-0.047,65,114,-1.47,36,0
1564,64,Hombre,7.3,146,49.7,76,1,0,1.009,208,164,-4,36,0
1565,45,Hombre,8,95,50.3,256,1,1,-0.355,180,103,0.77,36,0
1566,67,Hombre,7.3,169,51.3,68,0,1,-0.184,57,166,-4.09,36,0
1567,57,Hombre,6.2,111,44,10,0,0,0.295,13,98,-1.37,36,0
1568,80,Mujer,7.8,128,43.3,114,1,1,0.115,128,114,-1.36,36,0
1569,57,Hombre,8,140,42.9,25,0,0,0.523,42,147,-2.94,36,0
1570,61,Mujer,8.2,142,47.9,147,0,1,-0.588,82,146,-2.04,36,0
1571,46,Hombre,9.2,155,35.8,326,0,1,0.184,392,149,-2.19,36,0
1572,70,Mujer,7.9,141,54.8,242,1,0,-0.218,195,125,-1.99,36,0
1573,58,Mujer,9.1,143,54.1,197,0,1,0.634,371,132,-3.73,36,0
1574,69,Hombre,8.8,112,60.6,411,1,1,-0.713,201,106,-0.36,36,0
1575,72,Hombre,8.2,124,28,156,0,0,-0.987,58,137,-0.17,36,0
1576,59,Hombre,8.6,142,46.8,141,0,1,-0.916,56,131,0.1,36,0
1577,69,Hombre,5.8,139,45.9,453,0,0,-0.133,397,139,-4.36,36,0
1578,51,Hombre,9.3,136,41.7,388,1,1,-0.582,217,135,-1.83,36,0
1579,50,Mujer,9.4,142,44.7,220,1,0,-0.154,189,146,-2.44,36,0
1580,55,Mujer,8.9,137,42.5,411,0,1,-0.174,345,118,-2.65,36,0
1581,87,Hombre,7.1,144,36.9,59,1,0,0.351,84,126,-4.37,36,0
1582,61,Hombre,7.9,141,33.2,12,0,0,0.003,12,151,-0.88,36,0
1583,74,Hombre,6.6,159,48.2,454,0,0,-0.201,371,158,-4.03,36,0
1584,69,Hombre,7.7,148,49.8,125,0,0,0.54,215,142,-1.8,36,0
1585,49,Mujer,9.2,137,28,192,0,0,-0.048,183,149,-1.56,2.64,1
1586,47,Mujer,6.9,114,49.1,437,0,1,-0.169,369,115,-1.14,36,0
1587,63,Hombre,7.6,147,34.5,107,0,0,0.194,130,140,-2.27,36,0
1588,56,Mujer,8.7,150,37.7,95,0,0,0.223,119,163,-3.4,36,0
1589,73,Mujer,6.7,141,42.5,55,0,0,0.076,59,124,-4.42,36,0
1590,62,Hombre,8.1,132,43.3,564,0,1,-1.1,188,129,1.31,36,0
1591,61,Mujer,6.7,135,36.8,10,0,0,-0.265,8,139,-0.66,36,0
1592,62,Hombre,7,139,56,494,0,1,-0.269,378,126,-2.41,36,0
1593,67,Mujer,8.9,147,46.2,292,0,0,0.545,504,158,-2.95,36,0
1594,53,Hombre,6.3,152,40.8,86,1,0,0.124,97,158,-2.67,36,0
1595,85,Hombre,8.6,139,49.9,63,1,0,0.216,78,143,-2.26,36,0
1596,72,Mujer,6.7,121,27.6,382,0,0,-0.156,327,111,-2.54,36,0
1597,63,Hombre,7.2,134,42.6,192,1,0,-0.173,162,128,-2.77,2.43,1
1598,69,Mujer,7.5,168,37.1,355,0,0,-0.029,345,184,-4.24,36,0
1599,66,Hombre,5.9,141,59.5,35,0,1,-0.758,16,136,0.51,36,0
1600,60,Mujer,7.7,134,35.8,546,1,1,-0.568,310,140,-2.78,36,0
1601,57,Mujer,6.2,135,61,28,0,1,0.518,47,137,-1.3,36,0
1602,60,Hombre,7.6,121,49.2,122,0,1,0.325,169,109,-0.87,36,0
1603,61,Mujer,8.8,140,59.4,142,0,1,0.399,212,134,-1.16,36,0
1604,69,Mujer,8.2,142,39.5,83,0,0,-0.249,65,138,-2.8,36,0
1605,41,Hombre,7.8,156,50.8,218,0,1,0.163,256,150,-2.27,36,0
1606,59,Mujer,8.4,127,52.7,89,0,0,-0.14,77,128,-1.63,36,0
1607,60,Hombre,7.8,144,46.3,15,0,0,1.233,51,141,-2.98,22.29,1
1608,57,Hombre,5.5,139,43,31,0,0,-0.293,23,130,-2.5,36,0
1609,88,Hombre,6,125,27.4,38,0,0,-0.368,26,119,-1.54,36,0
1610,71,Mujer,9.1,134,35.5,132,0,1,0.503,218,134,-4.85,36,0
1611,57,Mujer,9.3,146,56.2,220,0,0,-0.771,102,157,-2.57,36,0
1612,60,Hombre,7.3,128,48.8,221,0,1,-1.134,71,107,2.97,36,0
1613,60,Mujer,8.5,128,44.3,175,1,1,-0.39,119,118,-1.61,36,0
1614,66,Hombre,8.8,139,53.9,345,1,1,-0.528,204,129,-2.26,36,0
1615,83,Hombre,8.3,121,33.6,572,0,0,0.188,690,115,-4.54,36,0
1616,62,Mujer,8.5,135,41.4,297,0,0,-0.504,179,131,-1.12,36,0
1617,68,Hombre,9.2,101,37.7,661,0,0,0.721,1359,99,-3.25,36,0
1618,72,Hombre,8.2,135,49.6,59,0,1,-0.186,49,136,-0.91,36,0
1619,60,Hombre,7.7,126,54,190,0,1,-0.558,109,128,1.31,36,0
1620,52,Hombre,7.8,151,42.3,56,0,0,0.121,63,156,-0.93,36,0
1621,55,Hombre,7,134,33.9,96,0,0,-0.165,81,136,-2.25,36,0
1622,64,Mujer,6.1,142,41.9,78,0,0,0.082,85,144,-4.31,36,0
1623,58,Hombre,7.5,142,54.3,53,0,0,-0.31,39,132,-0.2,36,0
1624,71,Hombre,6,151,38.7,55,0,0,-0.245,43,147,-0.9,36,0
1625,64,Mujer,7.6,135,43,45,1,1,0.351,64,146,-4.23,36,0
1626,76,Mujer,7.3,143,45.2,595,1,0,-0.007,591,154,-3.08,36,0
1627,75,Hombre,8.2,178,39.9,2185,1,1,-0.607,1191,181,-2.85,36,0
1628,46,Mujer,9.1,126,44.3,797,0,1,-0.279,603,116,-2.47,36,0
1629,64,Mujer,9.1,136,31.8,658,1,1,0.197,801,133,-3.04,36,0
1630,56,Mujer,9.3,119,45.4,234,0,1,-0.681,118,113,-1.78,36,0
1631,69,Mujer,7.5,142,43.3,108,0,0,-0.344,77,155,-4.7,36,0
1632,70,Mujer,10,105,42.1,124,1,0,-0.541,72,84,-2.18,36,0
1633,67,Mujer,9.1,134,60.9,146,0,1,-0.257,113,133,-1.6,36,0
1634,62,Hombre,5.5,133,26.5,822,1,0,-1.116,269,122,-1.3,35.38,1
1635,48,Hombre,10.5,129,52.9,137,0,0,0.448,214,132,-1.88,36,0
1636,68,Hombre,7,146,33.9,95,0,0,0.376,138,137,-4.35,36,0
1637,50,Mujer,9.2,131,53.8,27,1,1,0.325,37,117,-2.17,36,0
1638,63,Mujer,9,130,52.3,521,0,0,0.149,605,127,-2.28,36,0
1639,67,Hombre,8.7,150,42.7,13,1,0,-0.494,8,150,-2.57,36,0
1640,67,Mujer,5.8,140,40.2,28,0,0,-0.778,13,141,0.7,36,0
1641,69,Mujer,9,112,34.9,216,0,1,0.095,238,115,-4.62,36,0
1642,56,Mujer,7,142,55.5,71,0,1,-0.504,43,122,-1.01,36,0
1643,48,Mujer,7,128,51.8,118,0,0,-0.255,91,131,-0.41,36,0
1644,47,Mujer,9.8,112,42.9,67,0,0,0.554,117,114,-2.19,36,0
1645,54,Hombre,10.5,160,50.8,230,0,1,-0.741,110,157,-1.84,36,0
1646,66,Mujer,8.4,144,42.4,90,1,1,0.824,205,143,-3.51,36,0
1647,58,Hombre,8.7,143,47.7,442,0,1,-0.617,239,133,-1.75,36,0
1648,88,Mujer,10,125,39.1,173,0,1,-0.287,130,118,-2.15,36,0
1649,79,Mujer,5.9,169,45.2,86,0,0,-0.707,42,160,-2.69,36,0
1650,61,Hombre,8,143,41,103,0,0,-0.683,52,152,-3.76,36,0
1651,60,Hombre,6.8,129,47.6,144,0,1,-0.201,118,127,-0.61,36,0
1652,64,Hombre,8.6,152,36.3,636,0,1,-0.707,313,151,-3.31,36,0
1653,63,Hombre,8,129,53.1,45,0,0,0.672,88,129,-4,36,0
1654,68,Mujer,7.1,99,36.4,51,0,0,-0.124,45,98,-2.05,36,0
1655,55,Hombre,9,143,58.5,127,0,0,0.264,165,148,-2.79,36,0
1656,60,Hombre,7.4,147,35.4,184,1,0,-0.252,143,134,-2.97,36,0
1657,66,Mujer,6.6,143,43.5,112,0,0,0.109,125,140,-2.58,36,0
1658,75,Mujer,11.2,116,35.3,124,0,0,0.775,269,112,-1.92,36,0
1659,62,Hombre,9.3,139,54.3,100,0,0,0.25,128,136,-3.03,36,0
1660,67,Mujer,7.2,119,48.5,62,0,1,-0.827,27,124,1.38,36,0
1661,62,Hombre,7.8,142,46.3,210,1,0,0.503,347,152,-4.43,36,0
1662,57,Hombre,9.7,141,34.4,610,0,0,0.288,814,147,-3.33,36,0
1663,63,Hombre,8.3,156,51.2,80,0,1,-0.877,33,139,0.56,36,0
1664,88,Mujer,5.8,140,49.3,58,0,1,0.239,74,126,-1.91,36,0
1665,67,Mujer,5.6,156,32.2,263,0,0,0.304,357,165,-4.46,36,0
1666,64,Mujer,7.5,148,51.6,36,1,1,0.408,54,126,-3.64,36,0
1667,49,Hombre,8.1,151,56.9,18,0,1,-0.348,13,137,0.78,36,0
1668,83,Hombre,8.1,166,50.3,458,1,0,-0.124,405,163,-4.19,36,0
1669,50,Mujer,5.8,117,48,48,0,1,-0.72,23,107,2.8,36,0
1670,75,Hombre,8.7,147,43.7,401,1,0,0.547,693,152,-3.9,5.34,1
1671,72,Mujer,7.9,150,41,529,0,1,-0.72,257,146,-1.89,36,0
1672,70,Hombre,8.5,136,49.5,52,0,0,-0.144,45,138,-3.34,36,0
1673,65,Hombre,7.4,139,38.8,228,0,0,0.344,322,144,-4.62,36,0
1674,64,Mujer,8.8,122,36.3,98,0,0,-0.063,92,126,-2.15,36,0
1675,71,Hombre,7.9,176,33.2,206,1,1,0.088,225,165,-3.71,36,0
1676,66,Hombre,7.5,136,51.1,26,0,0,0.023,27,143,0.65,36,0
1677,61,Mujer,10.4,140,57.3,36,0,0,0.67,70,156,-3.14,36,0
1678,65,Hombre,7,128,45,25,0,1,-0.912,10,133,1.75,36,0
1679,88,Hombre,8.6,141,26.9,22,0,0,-0.075,20,137,-2.4,36,0
1680,57,Hombre,5.5,128,46.3,11,0,0,0.12,12,123,0.12,36,0
1681,70,Mujer,6.9,125,46.3,22,0,0,-0.132,19,127,-1.15,36,0
1682,56,Hombre,8.3,143,41.8,82,0,1,0.004,82,141,-1.76,36,0
1683,68,Hombre,6.8,148,55.4,793,0,1,-0.66,410,136,2.65,36,0
1684,66,Mujer,7.3,139,43.5,809,0,1,0.405,1213,117,-4.25,36,0
1685,65,Mujer,7.3,147,41,41,0,1,-0.046,39,144,-0.36,36,0
1686,77,Hombre,8.2,114,51.2,68,0,0,-0.119,60,109,-0.81,36,0
1687,64,Hombre,7.3,168,53.2,187,0,0,0.954,486,157,-4.37,36,0
1688,69,Mujer,7.9,124,56.7,203,0,1,-0.558,116,120,0.16,36,0
1689,75,Hombre,8.3,130,57.3,104,0,0,-0.255,81,119,-2.87,36,0
1690,76,Hombre,5.5,168,35.6,196,1,1,0.12,221,169,-3.24,36,0
1691,82,Hombre,8.4,138,39.8,246,0,0,0.047,258,144,-2.95,36,0
1692,70,Mujer,10.9,133,34,43,1,0,0.033,44,139,-3.99,36,0
1693,64,Mujer,6,133,47,172,1,0,-0.487,106,128,-2.28,36,0
1694,69,Hombre,7.5,122,30.1,206,1,0,0.217,256,125,-4.06,36,0
1695,86,Hombre,8.4,135,55.4,26,0,0,0.699,52,135,-4.7,36,0
1696,61,Hombre,8.3,136,50.1,62,0,0,0.195,75,139,-2.91,36,0
1697,51,Hombre,6.9,139,54.4,199,0,1,-0.651,104,149,-0.07,36,0
1698,59,Hombre,8.5,138,47.2,174,0,1,-1.022,63,144,1.7,36,0
1699,80,Hombre,8.4,140,58.5,155,1,0,0.96,405,129,-6.05,36,0
1700,84,Hombre,9.3,125,41.8,671,1,0,0.019,684,136,-4.2,36,0
1701,71,Hombre,10.8,136,54.7,134,0,1,0.088,146,128,-4.23,36,0
1702,62,Hombre,7.9,146,46.1,97,0,1,0.336,136,119,-2.34,36,0
1703,77,Mujer,8.4,129,46.8,324,0,0,0.736,676,118,-4.34,36,0
1704,65,Hombre,7.4,126,58.5,820,0,0,0.537,1403,125,-3.82,36,0
1705,71,Hombre,9.4,128,42.3,112,0,0,-0.022,110,119,-2.3,36,0
1706,74,Mujer,8.1,152,53.5,154,1,1,-0.246,120,142,-3.07,36,0
1707,37,Hombre,9,117,51.7,71,0,1,-0.26,55,103,0.62,36,0
1708,71,Mujer,8.1,116,46.3,34,0,0,0.177,41,110,-1.15,36,0
1709,59,Mujer,5.8,110,40.3,17,0,0,-0.384,12,105,0.75,36,0
1710,53,Mujer,7.8,142,57.4,235,0,1,-0.05,223,130,-1.14,36,0
1711,87,Mujer,5.5,156,40.3,127,0,0,-0.173,107,159,-2.39,36,0
1712,59,Mujer,7.5,133,51.1,175,0,1,-0.742,83,126,-0.41,36,0
1713,54,Hombre,8.2,130,45.2,104,1,1,-1.016,38,125,0.49,36,0
1714,53,Hombre,8.7,145,51.7,307,0,1,-0.932,121,131,0.33,36,0
1715,65,Hombre,8.6,117,36.3,502,0,0,-0.027,489,94,-3.15,36,0
1716,63,Hombre,8.3,101,32.2,42,0,0,-0.128,37,91,-0.97,36,0
1717,65,Mujer,7.6,145,39.1,24,1,0,-0.366,17,143,-2.79,36,0
1718,62,Hombre,7.6,121,47.3,22,0,0,0.421,34,132,-1.81,36,0
1719,60,Hombre,8.4,143,41.9,523,0,1,-0.449,334,132,-3.33,36,0
1720,56,Mujer,6,122,33.8,123,0,1,-0.294,92,112,-1.33,36,0
1721,67,Mujer,7,136,50.9,61,0,0,0.564,107,145,-2.13,36,0
1722,67,Mujer,7.6,135,31.1,124,0,0,0.466,198,139,-3.81,36,0
1723,51,Mujer,6.5,144,65.6,31,1,1,0.494,51,142,-0.11,36,0
1724,47,Hombre,7.5,131,35.2,141,0,1,-0.872,59,126,2.39,36,0
1725,62,Mujer,7.3,112,60.1,81,0,1,-0.002,81,108,-1.37,36,0
1726,65,Mujer,6.1,141,40,336,1,1,-1.03,120,135,-0.23,36,0
1727,66,Hombre,9.3,123,37.8,236,0,0,0.004,237,134,-3.79,30.57,1
1728,87,Hombre,9.1,132,42.4,248,1,0,0.067,265,126,-3.36,36,0
1729,59,Mujer,5.9,163,50.3,152,0,0,0.537,260,149,-2.41,36,0
1730,63,Hombre,7.8,140,41.7,765,1,0,-0.189,633,140,-6.38,36,0
1731,76,Hombre,6.9,119,49.4,105,1,0,0.19,127,119,-4.47,36,0
1732,62,Mujer,8.8,137,48.7,257,0,1,-1.063,89,132,0.79,36,0
1733,71,Hombre,8,147,43.2,334,1,1,0.021,341,144,-3.28,2.31,1
1734,52,Mujer,5.5,129,35.1,55,0,1,-0.149,47,132,-1.48,36,0
1735,65,Hombre,7.5,149,40.1,322,1,0,-0.559,184,134,-3.18,36,0
1736,73,Mujer,6.7,124,50.8,64,0,0,0.299,86,136,-2.6,36,0
1737,60,Mujer,7.9,127,71.9,118,0,1,0.202,144,126,-0.36,36,0
1738,63,Hombre,7.3,117,49,150,1,1,0.018,153,112,-1.14,36,0
1739,57,Hombre,7.8,126,46.2,69,0,0,0.072,74,124,-1.56,36,0
1740,79,Mujer,7,131,37.2,279,0,1,-0.335,200,119,-1.25,36,0
1741,64,Hombre,7.1,137,48.7,24,0,0,0.784,53,125,-3.6,36,0
1742,60,Mujer,7,130,58.8,98,0,1,-0.108,88,106,-1.07,36,0
1743,50,Mujer,7.1,123,49.9,31,0,0,0.28,41,124,-1.53,36,0
1744,50,Mujer,6,155,38.4,11,0,0,0.568,19,157,-2.55,36,0
1745,56,Hombre,8.4,117,66.8,122,0,1,-1.112,40,119,0.31,36,0
1746,62,Hombre,8.6,151,50.2,71,0,0,0.124,80,149,-4.24,36,0
1747,89,Mujer,7.8,138,49.2,153,1,1,-0.511,92,116,-0.79,36,0
1748,68,Mujer,7.2,140,45.6,63,1,1,-0.328,45,151,0.09,36,0
1749,59,Mujer,8.3,126,54.9,87,0,0,0.013,88,122,-0.56,36,0
1750,54,Mujer,8.8,137,42.8,51,1,1,0.012,52,132,-2.9,36,0
1751,54,Mujer,7.4,143,42.9,198,0,1,0.331,276,144,-4.55,36,0
1752,43,Hombre,7.9,151,41,332,0,0,0.275,437,154,-1.64,36,0
1753,59,Hombre,5.5,150,51.7,117,0,1,-0.239,92,152,0.49,36,0
1754,59,Mujer,7.7,120,37.9,41,0,0,-0.362,29,116,-0.69,36,0
1755,53,Hombre,5.8,102,50.9,70,0,0,-0.292,52,106,0.97,36,0
1756,54,Hombre,8.3,148,51.8,570,0,1,-0.15,490,147,-2.66,36,0
1757,86,Mujer,5.7,150,51.4,24,0,0,0.263,31,145,-2.41,36,0
1758,79,Hombre,7.2,129,60,140,0,1,-0.114,125,105,0.49,36,0
1759,68,Hombre,8.1,122,64.6,560,0,1,-0.511,336,111,-1.46,36,0
1760,57,Hombre,7.5,127,64.6,32,1,1,-0.16,27,126,-0.69,36,0
1761,82,Mujer,7.9,149,45.3,121,1,0,-0.63,64,152,-1.97,36,0
1762,76,Hombre,8.9,120,52.2,292,0,1,-0.015,288,113,-1.49,36,0
1763,62,Hombre,8,137,52.2,300,0,1,-0.4,201,127,-0.83,36,0
1764,74,Hombre,8,131,30.7,459,0,1,-0.282,346,128,-1.54,36,0
1765,65,Mujer,8.3,123,49.4,42,0,0,0.128,48,135,-1.57,34.67,1
1766,52,Mujer,8.2,147,54,256,0,1,-0.155,219,149,-1.67,36,0
1767,71,Hombre,9.1,147,50.9,95,0,0,0.52,160,139,-3.71,36,0
1768,75,Mujer,7.8,134,41.1,167,1,1,-1.045,59,125,0.21,36,0
1769,79,Hombre,9.1,150,26.2,148,0,0,-0.016,146,156,-3,36,0
1770,75,Hombre,7.6,157,40.7,135,0,0,-0.288,101,167,-2.73,36,0
1771,77,Hombre,9.8,134,37.6,178,0,0,0.384,261,139,-3.97,36,0
1772,63,Hombre,8.3,147,57.5,99,0,0,0.461,157,137,-1.87,36,0
1773,84,Mujer,8.2,149,43.6,63,1,0,0.084,69,141,-3.34,36,0
1774,64,Mujer,8.4,131,51.1,53,1,0,0.89,129,114,-3.99,36,0
1775,62,Hombre,7.3,139,52,130,0,0,-0.294,97,145,-1.82,36,0
1776,67,Hombre,6.7,131,43.2,22,1,0,0.226,28,143,-2.62,36,0
1777,46,Mujer,9,121,55.7,575,0,1,-0.376,395,100,-0.41,36,0
1778,74,Mujer,5.9,130,28.2,118,0,0,0.971,312,136,-4.4,36,0
1779,72,Hombre,9,147,41.4,74,0,0,0.258,96,143,-4.37,36,0
1780,85,Mujer,7.1,179,52.7,115,1,1,0.555,200,170,-5.36,36,0
1781,81,Mujer,7.9,138,41.2,158,0,0,-0.813,70,159,-1.77,36,0
1782,77,Hombre,5.5,106,28.3,162,0,1,-0.611,88,101,-0.97,36,0
1783,80,Mujer,7.3,138,58,23,1,0,1.046,65,142,-2.25,27.55,1
1784,67,Hombre,7.5,153,41.5,276,1,0,0.048,290,141,-2.69,36,0
1785,74,Mujer,7.6,152,53.8,141,0,0,-0.297,105,136,-2.58,36,0
1786,63,Hombre,8.6,140,54.1,154,0,0,0.678,303,142,-4.56,36,0
1787,54,Hombre,7,123,37.8,187,0,0,-0.45,119,116,-0.93,36,0
1788,60,Hombre,9.3,115,56.3,114,1,0,0.586,205,112,-1.57,36,0
1789,70,Hombre,8.5,134,42.6,126,0,1,-1.061,44,132,0.88,36,0
1790,46,Hombre,8.1,101,43.4,29,1,1,-0.904,12,96,1.1,36,0
1791,57,Mujer,7.6,119,36.9,291,0,1,-1.398,72,107,2.12,36,0
1792,53,Hombre,8.6,146,57.9,1082,0,1,-1.512,238,142,1.21,36,0
1793,46,Hombre,7.8,132,49.7,118,0,1,-0.519,70,128,-1.13,36,0
1794,59,Hombre,6.5,107,47.9,43,1,1,-0.353,30,95,-0.03,36,0
1795,64,Mujer,9.6,155,34.3,154,0,1,0.229,194,149,-3.76,36,0
1796,65,Mujer,8.4,134,37.4,41,0,0,-0.238,32,117,-2.22,36,0
1797,55,Hombre,7.8,142,45.4,75,0,0,-0.223,60,160,-2.62,36,0
1798,67,Hombre,7.4,146,49.6,444,1,1,0.147,514,146,-4.34,36,0
1799,32,Mujer,7.3,128,58.6,71,0,0,-0.66,37,140,1.65,36,0
1800,54,Hombre,8.4,136,61.4,10,0,1,-0.309,7,139,0.08,36,0
1801,67,Mujer,7,134,48.9,58,0,1,-0.019,57,119,-2.07,36,0
1802,61,Mujer,7.5,143,39.3,89,0,0,-0.837,39,145,-0.73,36,0
1803,76,Mujer,9.1,138,56.6,65,0,0,0.355,93,137,-3.36,36,0
1804,76,Hombre,8,114,48.1,78,0,1,0.587,140,107,-1.34,36,0
1805,75,Hombre,10.5,115,36,67,0,0,-0.907,27,116,-2.19,36,0
1806,59,Mujer,8.4,136,59.5,57,1,0,1.439,240,138,-3.59,36,0
1807,57,Hombre,8.5,108,45.2,241,0,0,-0.395,162,107,0.04,36,0
1808,78,Hombre,6,127,57.9,16,1,0,0.335,22,146,-1.69,36,0
1809,50,Hombre,9.8,150,52.7,82,0,0,0.695,164,157,-3.55,36,0
1810,64,Hombre,7.8,129,42.7,89,0,1,-0.363,62,130,-2.16,36,0
1811,69,Mujer,7.5,132,45.2,189,0,0,0.941,484,136,-4.1,36,0
1812,47,Hombre,8.6,117,56.1,333,0,1,-0.274,253,125,-2.58,36,0
1813,68,Mujer,8.2,117,46.8,318,0,1,0.276,419,118,-2.96,36,0
1814,76,Hombre,7.8,137,39.5,65,0,0,0.273,85,138,-4.12,36,0
1815,67,Mujer,5.7,139,57,126,0,0,0.945,324,135,-3.46,36,0
1816,44,Mujer,7.8,127,46.8,77,0,1,0.926,194,120,-1.5,36,0
1817,71,Hombre,8.5,146,55.5,136,0,1,0.118,153,145,-2.92,36,0
1818,55,Mujer,8.4,126,55.9,86,0,1,-0.578,48,106,1.32,36,0
1819,74,Hombre,8,123,40.1,71,0,0,0.398,106,127,-1.8,36,0
1820,77,Hombre,6,135,36.1,288,0,1,-0.779,132,124,-0.18,36,0
1821,47,Mujer,8,123,68.6,36,1,1,0.355,51,122,-1.62,36,0
1822,70,Mujer,6.7,156,64.6,46,1,0,-0.211,37,161,-1.89,36,0
1823,67,Mujer,6.9,162,47.6,228,0,1,-0.34,162,167,-1.31,36,0
1824,57,Mujer,6.1,161,51.8,16,0,1,0.298,22,153,0.78,36,0
1825,59,Hombre,6.1,124,37.8,56,0,0,-0.578,31,135,-0.53,36,0
1826,60,Mujer,7.8,135,33.7,81,0,1,0.359,116,124,-2.07,36,0
1827,58,Hombre,8.8,143,36.5,269,1,0,0.062,286,148,-5.77,36,0
1828,77,Mujer,7.2,150,41.1,706,0,1,-0.684,356,134,-2.06,36,0
1829,52,Mujer,8.3,109,40.5,24,0,1,-0.307,18,102,1.13,36,0
1830,63,Hombre,7.1,143,51.3,278,0,1,0.069,298,141,-1.27,36,0
1831,63,Mujer,7.8,161,25.7,1760,1,1,-0.121,1559,151,-3.58,36,0
1832,58,Mujer,8,120,65.9,367,0,1,-0.765,171,105,0.82,36,0
1833,44,Hombre,5.5,148,63.7,485,0,1,-0.136,423,142,-2.25,36,0
1834,70,Mujer,6.3,135,43,23,1,0,0.502,38,130,-1.93,36,0
1835,68,Mujer,11.1,131,40,229,1,1,-0.172,193,122,-3.05,36,0
1836,77,Mujer,5.5,129,47.5,162,0,0,-0.488,99,128,-0.08,36,0
1837,68,Hombre,6.4,142,53.2,25,0,0,0.776,54,147,-2.13,36,0
1838,48,Hombre,9.9,116,56,33,0,0,0.52,56,107,-2.46,36,0
1839,70,Mujer,8.5,127,48.4,68,0,0,0.35,97,148,-2.97,36,0
1840,62,Hombre,9.1,152,48.5,136,0,1,-0.61,74,134,0.02,36,0
1841,58,Hombre,7,129,37.7,685,0,1,0.761,1466,112,-3.48,36,0
1842,68,Hombre,9.2,125,53.1,89,0,1,-0.304,66,116,-0.65,36,0
1843,73,Hombre,7.6,115,38.7,111,1,1,-0.389,75,110,-1.48,36,0
1844,52,Mujer,6.9,108,30.3,39,0,0,-0.753,18,104,0.8,36,0
1845,63,Hombre,7.4,133,33.4,286,1,1,-0.143,248,126,-2.37,36,0
1846,68,Hombre,6.3,146,65.2,132,1,0,-0.405,88,148,-2.28,36,0
1847,70,Hombre,9.5,146,47.8,202,0,0,0.213,250,142,-2.1,36,0
1848,62,Hombre,7.3,129,48.6,78,0,0,0.187,94,141,-1.84,36,0
1849,56,Hombre,6.1,127,62,9,0,0,0.53,15,127,-0.71,36,0
1850,42,Mujer,8.2,141,46.1,181,0,1,0.068,194,132,-2.64,36,0
1851,56,Mujer,7,132,59,155,0,1,-0.797,70,130,0.08,36,0
1852,62,Mujer,10,119,31.3,121,0,0,0.044,126,137,-2.56,36,0
1853,52,Hombre,5.8,147,47.8,128,0,0,-0.225,102,140,0.06,36,0
1854,55,Hombre,8.7,120,31.9,113,0,0,-0.491,69,121,-2.53,36,0
1855,56,Hombre,9.3,134,36.9,159,0,1,-0.298,118,114,-2.95,36,0
1856,68,Mujer,8.5,145,49.7,160,0,1,-0.372,110,136,-0.71,36,0
1857,57,Hombre,6.9,114,50.2,250,1,1,-1.658,48,114,2.42,36,0
1858,65,Hombre,8.4,137,53.1,165,0,1,-0.793,75,134,1.09,36,0
1859,52,Mujer,8.6,128,38.2,388,0,1,-0.769,180,116,1.65,36,0
1860,58,Hombre,9.1,130,47.8,199,0,0,-0.572,112,140,-1.75,36,0
1861,65,Hombre,8.7,113,51.3,79,0,1,0.467,126,100,-1.77,36,0
1862,70,Hombre,7.4,116,50.4,217,1,1,0.086,236,117,-3.21,36,0
1863,63,Mujer,9.2,124,54.5,34,1,0,0.039,35,126,-3.73,36,0
1864,68,Hombre,6.3,110,57.2,77,0,0,0.727,159,113,-0.56,36,0
1865,78,Mujer,7.9,133,47.7,23,0,0,0.883,56,120,-2.18,36,0
1866,68,Hombre,6.1,165,32.7,51,1,0,0.331,71,159,-3.22,36,0
1867,63,Hombre,7,123,38.3,152,1,0,0.221,190,110,-4.77,36,0
1868,78,Hombre,9.3,133,40.1,282,0,1,-0.97,107,118,-1.53,36,0
1869,67,Mujer,8.2,108,29.4,79,0,0,0.253,102,107,-0.89,36,0
1870,75,Hombre,7.9,128,44.6,8,0,0,0.362,11,145,-1.79,36,0
1871,69,Hombre,8.9,123,37.3,9,0,0,0.649,17,119,-3.03,36,0
1872,70,Mujer,7.3,124,48,44,0,1,-0.109,39,103,-1.81,36,0
1873,61,Mujer,7.6,127,52.8,70,0,1,0.099,77,128,-0.58,36,0
1874,61,Hombre,7.8,104,49.2,31,0,0,-0.101,28,100,-1.88,36,0
1875,51,Mujer,6.8,128,41.3,488,0,1,-0.361,340,119,-1.99,36,0
1876,61,Mujer,7.1,133,66.6,116,0,1,0.157,136,134,-0.62,36,0
1877,72,Hombre,7.9,112,50.9,57,1,0,-0.002,57,111,-2.74,36,0
1878,55,Hombre,7.8,127,71.3,16,0,1,-0.266,12,129,-0.38,36,0
1879,65,Mujer,7.6,130,41.9,146,0,0,-0.521,87,130,-0.03,36,0
1880,79,Hombre,8.7,135,40.7,559,0,0,-0.232,443,127,-3.61,36,0
1881,61,Hombre,7.8,135,53.6,41,0,0,0.101,45,132,-0.88,36,0
1882,59,Hombre,7,128,37.7,103,1,0,-0.339,73,146,-2.72,36,0
1883,59,Hombre,8.2,181,75,721,0,1,0.461,1143,169,-2.82,36,0
1884,87,Hombre,6.5,132,37,311,0,0,-0.41,206,123,-3.13,36,0
1885,64,Hombre,9.4,158,42.2,307,0,1,-0.591,170,169,-2.1,36,0
1886,63,Hombre,7,127,31.3,56,0,0,-1.022,20,130,0.05,36,0
1887,55,Hombre,6.6,137,48.4,307,0,1,-0.004,306,127,-1.24,36,0
1888,57,Mujer,7.6,126,47.4,185,0,0,-0.241,145,140,-2.42,36,0
1889,57,Mujer,6.8,120,47.9,129,0,0,0.057,137,136,-3.11,36,0
1890,63,Mujer,9,120,56.7,19,0,1,-1.159,6,104,1.99,36,0
1891,67,Hombre,8.6,153,36.6,275,0,0,0.382,403,155,-4.74,36,0
1892,77,Mujer,8.8,154,34.9,69,1,0,0.235,87,137,-3.95,36,0
1893,66,Hombre,8.4,133,30.2,587,1,1,0.549,1017,122,-4.21,36,0
1894,81,Hombre,6.7,156,47.2,54,1,0,-0.477,34,160,-2.53,36,0
1895,59,Hombre,9.2,148,32.4,99,1,0,-0.093,90,156,-2.33,36,0
1896,69,Hombre,7.5,129,37.9,26,0,1,0.216,32,122,-1.18,36,0
1897,56,Mujer,7.7,149,46.3,98,0,1,-0.744,47,146,0.68,36,0
1898,59,Mujer,9.1,132,45.4,150,0,1,-0.187,124,123,-1.7,36,0
1899,71,Mujer,7,157,54,106,0,0,0.303,143,167,-2.33,36,0
1900,58,Hombre,9,133,29.4,167,0,0,-0.973,63,129,0.4,36,0
1901,56,Hombre,6.1,131,42.2,62,0,0,-0.116,55,137,-2.2,36,0
1902,63,Hombre,8.6,128,48.3,118,0,0,-0.244,92,128,-4.3,36,0
1903,73,Hombre,10.5,140,41.9,687,0,1,-0.151,590,130,-2.84,36,0
1904,60,Hombre,6.6,153,51.4,36,0,0,-0.137,31,165,-1.78,36,0
1905,73,Hombre,7.7,139,37.4,209,0,0,-0.208,170,137,-2.8,36,0
1906,54,Mujer,7,126,49.1,102,0,1,0.163,120,126,-0.03,36,0
1907,79,Mujer,7.3,149,42.6,127,1,0,0.654,244,154,-3.04,36,0
1908,68,Mujer,6.9,148,44.1,536,0,1,-0.859,227,150,1.2,36,0
1909,66,Mujer,6.9,122,49.3,58,0,1,0.152,68,124,-1.5,36,0
1910,62,Hombre,6.9,138,63.1,86,0,0,-0.056,81,127,-1.12,36,0
1911,76,Hombre,6.2,126,30.6,72,1,1,-0.698,36,106,0.56,36,0
1912,62,Hombre,9.6,112,45.4,40,0,1,-0.923,16,106,2.94,36,0
1913,70,Mujer,8,95,32.9,108,0,0,0.096,119,85,-2.91,36,0
1914,67,Hombre,7.1,153,32.9,304,0,0,0.392,450,156,-4.7,36,0
1915,71,Hombre,8.6,109,71.8,227,1,0,0.561,398,89,-3.07,36,0
1916,70,Mujer,8.7,150,53.7,332,0,0,0.297,447,146,-2.35,26.54,1
1917,54,Hombre,9,133,56.4,419,1,1,-0.168,354,132,-1.21,36,0
1918,60,Hombre,6.3,148,49.1,100,0,0,0.449,157,151,-1.79,36,0
1919,61,Hombre,7.3,147,42,61,1,0,0.306,83,151,-2.11,36,0
1920,55,Hombre,8.4,135,54.4,252,0,1,0.394,374,125,-4.13,36,0
1921,66,Hombre,8.2,117,36.2,88,0,1,-0.615,48,104,0.74,36,0
1922,75,Hombre,8.6,150,50.7,18,0,0,0.456,28,141,-3.05,36,0
1923,78,Mujer,8.8,124,41,176,1,0,-0.592,97,116,-1.7,36,0
1924,67,Hombre,7.8,136,37.2,2015,0,0,0.023,2062,120,-4.31,36,0
1925,56,Hombre,5.9,127,42.1,10,1,0,0.317,14,129,-0.56,36,0
1926,65,Hombre,7.3,124,54.6,26,0,0,1.215,88,132,-1.62,36,0
1927,64,Hombre,6,133,31.9,164,0,1,-0.715,80,134,0.93,36,0
1928,72,Mujer,8.3,128,38.2,14,0,0,0.351,20,141,-3.47,36,0
1929,61,Hombre,7.5,123,63.2,413,0,1,0.337,579,120,-2.26,36,0
1930,59,Hombre,8.9,122,65.2,264,0,1,0.071,283,128,-3.33,36,0
1931,60,Hombre,7.2,129,37.3,115,0,0,-0.573,65,134,-0.21,36,0
1932,68,Hombre,7.5,149,39.3,57,0,0,-0.284,43,140,-0.82,36,0
1933,73,Hombre,6.6,121,35.8,91,0,0,-0.381,62,120,-2.36,36,0
1934,62,Hombre,6.4,136,52.4,1233,0,1,-0.217,993,124,-1.91,36,0
1935,60,Hombre,7.5,109,56.8,17,0,1,-1.17,5,102,4.85,36,0
1936,61,Hombre,8.9,135,50.8,209,0,0,0.241,266,142,-3.11,36,0
1937,62,Hombre,6.4,154,48.2,22,0,0,0.627,41,162,-1.6,36,0
1938,51,Mujer,8.3,151,44.5,192,0,1,-0.406,128,139,-1.57,36,0
1939,33,Hombre,6.4,105,54.8,58,0,1,-0.68,29,94,2.25,36,0
1940,59,Hombre,7.2,159,53.1,141,0,0,-0.336,101,163,-1.33,36,0
1941,47,Mujer,9.4,169,42.4,334,0,1,0.369,483,159,-4.44,36,0
1942,63,Hombre,7,140,43.6,63,0,0,-0.141,55,139,-0.46,36,0
1943,77,Mujer,7.2,147,53,21,0,0,0.813,47,143,-3.05,36,0
1944,73,Hombre,7.9,145,46.2,268,0,1,-0.355,188,150,-0.57,36,0
1945,50,Mujer,6.4,95,44.6,255,0,1,0.431,393,99,-2.05,36,0
1946,81,Hombre,6.3,154,48,38,0,0,0.503,63,152,-4.8,36,0
1947,82,Hombre,8,163,36,1077,1,0,-0.064,1010,169,-4.92,6.8,1
1948,70,Mujer,6.8,137,44.9,38,0,1,0.419,58,138,-1.48,36,0
1949,65,Mujer,9.3,137,43.4,615,0,1,-0.154,527,142,-0.72,36,0
1950,71,Mujer,7.3,96,50.5,147,0,1,-0.764,68,88,0.09,36,0
1951,52,Hombre,7.1,134,45.8,470,0,1,-1.368,120,140,1.68,36,0
1952,57,Mujer,7.5,123,33.1,44,0,0,0.14,51,127,-1.93,18.41,1
1953,63,Hombre,7.8,127,48.4,221,0,1,0.175,263,121,-3.24,36,0
1954,75,Mujer,8.3,117,29.9,112,0,1,-0.027,109,127,-1.78,36,0
1955,60,Hombre,8.5,141,48.4,485,0,0,-0.545,281,148,-2.94,36,0
1956,69,Hombre,8.2,160,46.3,101,0,0,0.44,157,161,-4.22,36,0
1957,68,Mujer,7.1,117,39.7,15,0,0,0.547,26,110,-2.09,36,0
1958,60,Hombre,7.7,144,39.4,51,0,1,-0.734,24,146,-0.78,36,0
1959,65,Mujer,7.8,112,37.3,109,0,0,0.476,175,127,-2.16,36,0
1960,71,Hombre,7,126,57.8,43,0,0,0.207,53,128,-1.43,21.83,1
1961,77,Hombre,8.8,140,35.9,107,1,0,1.003,292,133,-5.27,36,0
1962,61,Hombre,8.5,127,38.8,19,0,0,0.212,23,115,-2.15,36,0
1963,69,Mujer,8.2,143,57.9,244,0,1,-0.313,178,146,-3.01,36,0
1964,54,Hombre,9.8,123,43.5,118,0,0,-0.369,82,124,-2.91,36,0
1965,66,Mujer,6.3,144,32.3,119,0,0,0.467,190,142,-3.2,36,0
1966,62,Mujer,6.1,130,45.9,12,0,0,0.109,13,143,-0.74,36,0
1967,82,Hombre,5.5,157,37.9,295,0,1,-0.497,179,160,-0.25,36,0
1968,59,Mujer,6.7,131,49.1,39,0,1,0.055,41,118,0.07,36,0
1969,59,Hombre,9.6,122,58.2,414,0,1,0.542,712,114,-3.01,36,0
1970,70,Mujer,8,122,41,163,0,0,-0.407,108,118,-1.43,36,0
1971,61,Hombre,7.3,143,59.9,24,0,0,0.29,32,139,-2.51,36,0
1972,38,Hombre,6.9,124,47.1,23,0,0,0.027,24,135,-2.28,36,0
1973,42,Mujer,8.6,149,56.3,203,0,0,0.173,241,154,-2.5,36,0
1974,66,Hombre,6.4,131,36,52,1,0,0.334,73,141,-2.44,36,0
1975,63,Hombre,7.5,108,47.4,72,0,1,0.048,76,109,-1.56,36,0
1976,67,Mujer,9.8,167,44.6,1220,0,0,-0.012,1205,175,-5.33,36,0
1977,43,Hombre,8.1,120,45,66,0,1,-0.346,47,116,-0.96,36,0
1978,53,Hombre,9.9,146,67.1,21,0,0,0.587,38,152,-2.52,36,0
1979,71,Hombre,8.2,144,53.8,106,0,1,0.281,140,124,-2.73,36,0
1980,63,Mujer,6.5,142,39.5,48,1,0,0.302,65,145,-3.35,36,0
1981,73,Mujer,7,130,46.9,106,0,0,0.387,156,130,-4.03,36,0
1982,48,Mujer,7.9,133,51.3,100,0,1,-0.608,54,131,-0.24,36,0
1983,71,Mujer,8.2,128,38.3,213,0,1,0.197,259,108,-3.61,36,0
1984,61,Mujer,7.3,125,28.1,59,1,0,0.13,67,116,-0.6,36,0
1985,64,Hombre,7.8,123,44,268,0,1,-1.046,94,127,-1.44,36,0
1986,55,Hombre,8.7,131,55.6,66,0,0,0.649,126,138,-1.45,36,0
1987,67,Mujer,8.3,156,34.1,44,0,0,0.229,55,167,-2.66,36,0
1988,67,Hombre,7.7,127,42.8,84,0,0,0.333,117,125,-2.44,36,0
1989,59,Hombre,8.5,129,41.1,226,0,1,-0.92,90,114,1.57,36,0
1990,66,Hombre,7.5,163,46,58,0,0,0.173,69,138,-3.05,36,0
1991,67,Mujer,9.2,146,50.1,172,0,1,-0.625,92,124,-0.93,36,0
1992,76,Mujer,6.5,135,43.4,112,0,1,0.019,114,142,-0.51,36,0
1993,64,Hombre,8,146,46.4,453,0,1,-0.427,296,124,-1.28,36,0
1994,68,Mujer,9.2,128,49.5,2313,0,1,-0.403,1545,139,-1.22,36,0
1995,75,Hombre,6.7,126,39.8,176,0,0,-0.295,131,117,-1.47,36,0
1996,63,Mujer,7.3,142,31.5,145,0,0,0.354,207,142,-3.15,36,0
1997,58,Hombre,8.6,108,47.9,84,0,1,-0.122,74,92,-0.06,36,0
1998,61,Mujer,7.4,141,45,26,0,0,-0.215,21,141,-0.64,36,0
1999,61,Hombre,8.7,167,55.4,86,0,1,0.559,150,174,-4.59,36,0
2000,56,Hombre,7.4,137,50.3,41,0,0,0.452,64,133,-2.42,36,0
2001,51,Mujer,7.1,123,32.7,37,1,0,0.892,90,125,-1.72,36,0
2002,52,Hombre,7.1,110,43.8,13,0,0,0.284,17,113,-0,36,0
2003,55,Mujer,6.6,141,35,25,0,0,0.377,36,145,0.02,36,0
2004,66,Mujer,7.4,147,50.4,22,0,0,0.863,52,138,-3.13,36,0
2005,60,Hombre,9.1,147,48.1,329,0,0,1.074,963,153,-4.51,36,0
2006,64,Mujer,6.9,118,62.2,127,0,0,-0.13,112,110,-2.82,36,0
2007,81,Hombre,8.7,149,59.8,91,1,0,-0.249,71,153,-4.3,36,0
2008,81,Mujer,8.6,127,39.5,276,0,0,0.468,441,105,-5.37,36,0
2009,38,Hombre,8.7,121,53.3,25,1,0,0.483,41,116,-3.49,36,0
2010,56,Mujer,6,119,47.8,11,0,0,0.717,23,116,0.77,36,0
2011,56,Hombre,8.2,154,51.6,148,0,1,-0.169,125,146,-2.36,36,0
2012,77,Hombre,7.2,137,46.5,31,0,0,-0.077,29,148,-3.22,36,0
2013,47,Mujer,6.5,159,54.8,10,0,1,-0.274,8,139,0.79,36,0
2014,63,Hombre,6.8,149,55.2,281,0,1,0.343,396,136,-3.58,36,0
2015,43,Mujer,6.9,148,50.9,38,0,1,-0.094,35,144,-0.74,36,0
2016,77,Hombre,6.2,163,44.7,37,1,0,0.3,50,157,-2.76,36,0
2017,61,Hombre,5.5,130,45.4,107,0,1,-0.638,57,125,1.47,36,0
2018,49,Mujer,10.1,160,59.7,191,0,1,-1.522,42,155,0.3,36,0
2019,71,Mujer,9.8,141,24.8,413,1,0,-0.805,185,133,-3.02,36,0
2020,50,Mujer,8.7,147,53.6,137,0,1,-0.647,72,131,0.86,36,0
2021,56,Mujer,5.5,148,72.4,58,1,1,-0.994,21,147,1.88,36,0
2022,75,Hombre,5.5,138,26.3,170,1,0,-0.056,161,124,-3.33,36,0
2023,53,Mujer,9,144,45.7,322,0,0,0.658,622,138,-3.34,36,0
2024,75,Hombre,8.9,138,45.6,15,1,0,0.191,18,139,-2.21,36,0
2025,73,Hombre,6.5,115,42.8,72,0,0,-0.12,64,127,-1.66,36,0
2026,62,Hombre,7.5,141,61.5,66,1,0,0.644,126,136,-3.59,36,0
2027,64,Mujer,7.1,144,38.7,98,0,1,-0.479,61,138,-1.06,36,0
2028,61,Hombre,6.6,119,51.9,34,0,0,-0.557,19,109,-1.84,36,0
2029,58,Hombre,7.1,146,42.3,652,0,0,-0.431,424,145,-2.72,36,0
2030,73,Mujer,8.7,130,37.8,94,0,0,0.193,114,133,-3.76,36,0
2031,68,Mujer,6.7,126,47,73,0,1,0.002,73,107,-0.47,36,0
2032,51,Mujer,10.1,121,47.5,291,1,1,-1.11,96,113,0.14,36,0
2033,63,Mujer,8.1,121,41.8,184,1,1,-0.438,119,107,-1.53,7.37,1
2034,60,Hombre,9.6,144,50.3,201,1,1,-0.319,146,136,-1.38,36,0
2035,58,Mujer,9,134,49.8,161,0,1,-0.914,65,120,0.55,36,0
2036,71,Mujer,8.1,166,31.5,902,0,0,-0.036,870,169,-4.72,36,0
2037,54,Hombre,9.3,148,53.9,440,0,1,-0.722,214,139,0.47,36,0
2038,75,Mujer,7.5,135,46.9,176,1,0,0.273,231,147,-3.57,36,0
2039,65,Mujer,7.2,160,50.7,211,0,0,0.143,244,152,-0.89,36,0
2040,73,Hombre,7.6,121,45,49,0,0,0.276,65,120,-2.28,36,0
2041,74,Hombre,10.5,177,37.2,776,0,0,0.288,1035,170,-6.14,36,0
2042,70,Hombre,8,123,47.8,21,1,1,-1.032,7,128,-0.52,36,0
2043,64,Hombre,7.4,139,44.5,1348,0,0,0.8,3001,125,-2.71,14.12,1
2044,70,Mujer,9.1,132,39.8,686,0,1,-0.903,278,117,0.58,27.8,1
2045,66,Mujer,7.9,128,40.8,112,0,0,-0.348,79,117,-1.89,36,0
2046,68,Mujer,5.7,140,44.8,27,0,0,0.61,50,139,-1.94,36,0
2047,84,Hombre,9.1,131,42,577,1,1,-0.663,297,120,-2.92,36,0
2048,64,Hombre,8.9,160,31.1,167,1,0,0.499,275,150,-4.76,36,0
2049,55,Hombre,10.3,140,51.1,148,0,1,-0.204,121,135,-1.99,36,0
2050,60,Hombre,9,142,38.8,79,1,0,-0.811,35,143,-0.25,36,0
2051,74,Mujer,7.7,119,41,95,1,0,-0.392,64,118,-3.3,36,0
2052,52,Hombre,5.5,123,53.1,434,0,0,-0.855,185,128,-0.47,36,0
2053,66,Hombre,6.3,131,57,31,1,0,0.313,42,136,-1.35,36,0
2054,86,Mujer,7.5,130,34.8,1058,0,1,-0.238,834,122,-3.79,36,0
2055,54,Hombre,8.3,156,49.8,96,0,1,-0.597,53,143,0.48,36,0
2056,73,Mujer,7.7,108,36.2,41,1,0,-0.251,32,109,-1.81,36,0
2057,60,Mujer,7.3,169,51.5,89,0,0,0.997,241,157,-3.82,36,0
2058,72,Hombre,7.9,135,46.2,715,0,1,-0.56,408,136,-1.98,36,0
2059,74,Hombre,6.1,134,37.5,90,1,0,-0.784,41,125,-1.13,36,0
2060,79,Hombre,6.6,138,38.6,48,0,0,-0.663,25,130,-2.11,36,0
2061,70,Mujer,7.1,118,23.1,102,0,0,0.309,139,128,-5.41,36,0
2062,68,Hombre,7.2,121,36.2,76,0,0,-0.099,69,123,-3.51,36,0
2063,52,Hombre,8.5,136,60.6,174,0,0,-0.141,151,138,0.75,36,0
2064,55,Mujer,7.5,128,55.5,25,0,0,-0.136,22,138,0.27,36,0
2065,66,Mujer,8.1,171,44.4,32,1,0,-0.153,27,170,-3,36,0
2066,50,Hombre,9.2,121,61.3,89,0,1,-0.177,75,105,0.05,36,0
2067,47,Hombre,7.1,145,63.1,175,1,1,-0.696,87,145,-1.16,36,0
2068,44,Hombre,8.4,106,46.4,112,0,1,-0.092,102,100,0.8,6.04,1
2069,64,Mujer,6.7,131,48.9,220,0,0,0.117,247,135,-1.7,36,0
2070,58,Mujer,6.9,130,30.6,85,0,1,-0.201,69,120,-1.39,29.31,1
2071,54,Mujer,9.6,131,42.2,128,0,0,0.068,137,118,-2.7,36,0
2072,54,Hombre,6.9,136,48.3,138,0,1,0.356,197,138,-0.15,36,0
2073,70,Hombre,6.5,133,41.5,436,0,0,0.06,463,132,-5.07,36,0
2074,68,Hombre,9.5,136,53,444,0,0,0.428,681,132,-3.32,36,0
2075,63,Mujer,8.3,111,30.9,58,1,0,-0.079,54,119,-1.65,36,0
2076,72,Hombre,5.9,151,48.4,31,0,0,-0.403,21,151,-0.6,2.37,1
2077,77,Mujer,7.4,143,39.9,193,1,0,0.11,215,129,-3.37,36,0
2078,61,Hombre,7.2,128,54.1,11,1,0,0.477,18,131,-0.61,36,0
2079,71,Hombre,7,159,31,48,0,0,0.743,101,166,-2.64,36,0
2080,61,Hombre,11,107,63.4,134,0,1,0.242,171,108,-1.49,36,0
2081,77,Mujer,8.2,127,43.8,22,0,1,-0.848,9,131,1.07,36,0
2082,70,Mujer,9.6,151,45.8,52,0,1,-0.459,33,152,-1.11,36,0
2083,61,Mujer,6.9,156,38,517,0,1,-0.865,218,135,-1.19,36,0
2084,72,Mujer,9.7,138,40.5,179,0,1,0.036,186,144,-3.11,36,0
2085,65,Mujer,6.6,143,47,165,0,0,-0.089,151,132,-2.88,36,0
2086,61,Mujer,7.6,144,41.3,5,1,0,1.152,16,146,-4.09,36,0
2087,61,Mujer,5.7,125,57,7,0,0,0.592,13,113,-1.8,36,0
2088,68,Hombre,8.6,115,44.7,198,0,0,-0.802,89,107,-2.62,36,0
2089,69,Hombre,5.9,117,52.9,15,0,0,-0.083,14,121,1.07,36,0
2090,77,Hombre,8.4,126,37.6,133,0,0,-0.531,78,125,-2.24,36,0
2091,65,Hombre,7.8,133,56.9,288,0,1,0.118,324,125,-1.83,36,0
2092,60,Hombre,8.9,129,46.9,522,0,1,0.151,607,114,-3.24,36,0
2093,38,Hombre,5.8,126,75,9,0,1,-0.462,6,133,2.97,36,0
2094,65,Mujer,7.4,110,52.8,128,0,1,-0.068,120,96,-0.7,36,0
2095,63,Hombre,6.1,130,55.6,231,0,0,-0.128,203,130,-2.33,36,0
2096,62,Mujer,5.5,124,41,80,0,0,0.698,161,126,-3.7,36,0
2097,65,Mujer,8.7,129,55,122,1,1,-0.056,115,115,-2.02,36,0
2098,73,Hombre,6.4,128,53.8,111,0,1,0.354,158,119,-1.92,36,0
2099,66,Hombre,7.6,154,61.3,932,1,1,-0.111,834,154,-2.28,36,0
2100,59,Mujer,8.3,122,46.3,51,0,0,0.415,77,130,-3.73,36,0
2101,59,Hombre,8.4,148,39.3,483,0,0,0.254,623,149,-5.27,36,0
2102,53,Mujer,7.6,126,62.2,188,0,0,-0.407,125,123,-1.08,36,0
2103,65,Hombre,8.8,180,39.5,251,0,0,-0.618,135,187,-1.68,36,0
2104,51,Hombre,8.2,113,33.7,47,0,0,-0.343,33,107,-0.54,36,0
2105,84,Hombre,6.5,165,35.6,193,1,0,0.319,266,175,-6.33,36,0
2106,75,Mujer,6.4,135,23.2,67,0,0,0.358,96,127,-2.72,36,0
2107,63,Mujer,6,170,49.7,176,1,0,0.15,204,171,-4.24,36,0
2108,53,Mujer,9.9,117,39.3,67,0,1,-1.252,19,110,0.34,36,0
2109,60,Hombre,6.1,133,49.3,43,0,0,0.178,51,136,-2.97,36,0
2110,68,Mujer,5.6,163,49.4,786,0,1,-1.694,145,148,0.42,36,0
2111,61,Mujer,7.6,141,42.7,80,1,1,-0.126,71,125,-1.96,36,0
2112,62,Hombre,6.5,172,49.5,68,1,1,0.225,85,173,-1.68,32.32,1
2113,72,Mujer,7,146,30.7,261,0,0,0.083,284,168,-4.5,36,0
2114,88,Hombre,8.6,135,39.4,209,0,0,0.224,261,133,-4.17,36,0
2115,80,Mujer,7.2,157,44.6,550,0,0,0.121,621,159,-4.05,36,0
2116,75,Hombre,7.5,163,31.5,241,0,0,0.043,252,158,-5.15,36,0
2117,53,Hombre,7.5,155,59.4,461,0,1,-1.11,152,145,1.29,36,0
2118,55,Hombre,8.3,131,51,89,0,1,-0.229,71,126,-1.64,36,0
2119,59,Mujer,8,114,44.9,72,0,0,0.565,127,109,-3.08,36,0
2120,89,Hombre,8,159,45.9,55,0,0,0.238,70,157,-3.28,36,0
2121,66,Hombre,8.5,116,36.4,85,0,0,-0.59,47,121,-0.66,36,0
2122,62,Hombre,8.9,147,52,146,0,0,0.125,165,150,-2.52,36,0
2123,57,Hombre,8.1,134,39.7,249,0,1,-0.76,116,128,0.2,36,0
2124,50,Mujer,9.5,128,60.9,186,0,1,0.365,268,123,-2.63,36,0
2125,65,Mujer,7.8,138,39.4,296,1,1,-0.815,131,122,0.64,36,0
2126,54,Mujer,9.4,146,47.1,26,0,0,0.75,55,150,-3.98,36,0
2127,77,Hombre,8.2,151,39.1,27,1,0,0.115,30,155,-3.46,36,0
2128,65,Hombre,10.1,131,56.4,35,1,0,0.143,40,143,-2.7,36,0
2129,47,Hombre,6.8,143,59.8,25,0,0,0.264,33,146,0.29,36,0
2130,60,Hombre,9.1,130,51.8,564,0,1,0.178,674,127,-1.33,36,0
2131,75,Hombre,9.3,152,22.3,192,0,0,-0.123,170,151,-4.19,36,0
2132,58,Hombre,7.4,138,49.6,258,0,1,-0.585,144,120,0.03,36,0
2133,63,Mujer,7.3,121,57.8,46,1,0,0.487,75,110,-1.91,36,0
2134,68,Hombre,9.2,170,32.3,1264,1,0,-0.521,751,159,-5.22,36,0
2135,74,Mujer,8.1,150,40.5,73,1,0,1.127,225,153,-5.53,0.02,1
2136,76,Mujer,8.8,131,34.5,105,0,1,-0.166,89,124,-2.94,36,0
2137,64,Mujer,8.4,123,46,97,0,0,0.356,139,118,-3.71,36,0
2138,63,Hombre,6.9,152,35.4,48,1,0,0.246,61,147,-2.61,36,0
2139,65,Hombre,5.5,105,57.5,117,0,1,-0.199,96,104,0.77,36,0
2140,63,Mujer,8.1,126,46.3,398,0,0,0.267,520,117,-2.43,36,0
2141,60,Hombre,7.5,139,36.9,44,1,0,-0.218,35,140,-3.58,36,0
2142,45,Hombre,7.6,111,53.1,76,0,0,-0.32,55,121,-1.36,36,0
2143,63,Mujer,6.9,125,36,196,0,0,-0.445,126,121,-1.31,36,0
2144,49,Mujer,8.7,127,58.8,69,0,0,0.134,79,138,-1.71,36,0
2145,83,Mujer,7.7,169,34.9,393,0,0,-0.064,369,160,-4.01,36,0
2146,73,Hombre,7.7,131,40.3,430,0,0,-0.866,181,124,0.09,36,0
2147,62,Hombre,10.1,146,38.6,98,0,1,-0.631,52,141,0.59,36,0
2148,78,Hombre,10.6,137,47.5,244,1,0,0.565,429,135,-4.77,36,0
2149,52,Hombre,7.2,126,59.4,118,0,1,-0.567,67,113,1.08,36,0
2150,56,Hombre,7.3,117,53.9,60,1,0,-0.408,40,134,-1.14,36,0
2151,79,Mujer,5.5,139,55,42,0,0,0.041,44,157,-0.44,36,0
2152,58,Mujer,8.8,115,51.4,78,0,0,-0.436,50,130,-0.79,36,0
2153,72,Mujer,9.5,105,49.1,337,0,0,-0.154,289,113,-4.02,36,0
2154,60,Hombre,9.1,113,41.7,339,0,1,-0.401,227,98,-1.39,36,0
2155,69,Hombre,6.5,107,35.8,92,1,1,0.076,99,99,-2,36,0
2156,52,Hombre,8.8,149,45.6,361,1,1,-0.155,309,147,-0.68,36,0
2157,84,Hombre,9.7,151,32.1,503,0,0,-0.317,366,157,-2.02,36,0
2158,64,Mujer,7.7,130,39.7,291,0,0,0.114,326,122,-2.08,36,0
2159,58,Mujer,8.1,129,29.5,52,0,0,-0.237,41,134,-2.43,36,0
2160,43,Hombre,8.3,109,57.7,134,0,1,0.158,157,84,0.48,36,0
2161,64,Mujer,6.5,129,36.3,42,0,0,1.05,120,136,-2.35,36,0
2162,70,Hombre,7.4,146,35.1,114,0,1,-0.385,78,148,-0.71,36,0
2163,58,Mujer,6.2,125,53.1,70,1,0,0.245,89,123,-2.63,36,0
2164,62,Hombre,5.8,127,48.7,32,0,0,0.394,47,129,-3.03,36,0
2165,83,Mujer,7.6,129,34.4,1486,0,0,0.161,1746,127,-4.21,36,0
2166,73,Hombre,6.3,122,46,58,0,0,0.304,79,120,-2.09,36,0
2167,90,Hombre,7,180,37.9,94,0,0,0.151,109,176,-3.36,36,0
2168,66,Hombre,7.6,135,27,68,0,0,0.353,97,134,-2.47,36,0
2169,59,Hombre,8.7,150,41.5,94,0,1,-0.501,57,146,-1,36,0
2170,88,Mujer,5.5,111,43.9,242,0,0,-0.423,159,132,-2.51,36,0
2171,74,Mujer,8.9,151,36.9,280,0,1,-0.358,196,141,-2.98,36,0
2172,81,Mujer,6.2,143,43.9,94,1,0,0.323,130,133,-2.63,36,0
2173,76,Hombre,7.2,127,29.4,59,0,0,0.014,60,120,-3.09,36,0
2174,73,Mujer,8,114,35.2,77,0,0,0.194,94,109,-2.04,36,0
2175,49,Hombre,8.8,145,55,37,0,1,-0.153,32,143,-1.17,36,0
2176,64,Hombre,8.7,123,34.9,128,0,1,0.315,175,110,-2.85,36,0
2177,74,Hombre,7.1,141,38.8,30,0,0,-0.818,13,134,-0.5,36,0
2178,63,Mujer,9.6,137,44,51,0,0,0.489,83,132,-2.9,36,0
2179,37,Hombre,7.3,95,64.2,119,0,1,-0.759,56,83,2.85,36,0
2180,64,Hombre,9.9,137,49.3,370,0,0,0.515,619,134,-4.16,36,0
2181,60,Hombre,9.3,140,44.8,224,0,0,-0.129,197,141,-2.64,36,0
2182,66,Hombre,9.2,151,46.2,2357,0,1,-0.893,965,154,-1.73,36,0
2183,64,Hombre,7.7,130,38.4,371,0,1,-0.605,203,127,-0.14,36,0
2184,58,Mujer,7.2,107,42.6,60,0,0,-0.419,39,117,0.04,36,0
2185,74,Mujer,8.5,123,39.2,120,0,0,-0.577,67,122,-1.13,36,0
2186,67,Mujer,6.8,123,51.3,173,0,0,0.476,278,111,-2,36,0
2187,66,Hombre,7.5,131,41.7,111,1,0,0.16,130,123,-4.03,36,0
2188,74,Mujer,7.6,165,41.8,276,1,0,-0.447,176,156,-4.33,36,0
2189,66,Hombre,7.8,142,44,506,1,1,0.136,580,155,-3.57,36,0
2190,52,Mujer,7.9,137,54.3,135,1,0,-0.279,102,138,-0.99,36,0
2191,81,Hombre,8.2,118,20,76,0,0,-0.599,42,120,-2.06,36,0
2192,56,Hombre,9.6,113,44.8,78,0,1,-0.891,32,100,1.26,36,0
2193,66,Mujer,9.1,118,47.9,276,0,1,-0.25,215,95,-0.06,36,0
2194,76,Mujer,8.3,123,38.7,52,0,0,-0.863,22,125,-1.32,36,0
2195,69,Hombre,7.9,150,40.4,47,0,0,0.404,70,147,-2.71,36,0
2196,53,Hombre,5.5,151,56.1,42,1,0,-0.595,23,155,-2.18,36,0
2197,66,Mujer,7.8,140,39.6,220,0,1,-0.185,183,135,-1.57,36,0
2198,71,Mujer,8.3,137,44.3,149,0,1,-0.35,105,141,-0.79,36,0
2199,63,Mujer,7.4,128,46.9,103,0,0,0.251,132,128,-1.86,36,0
2200,63,Mujer,6.6,132,42.1,357,0,1,-0.111,320,124,-2.58,36,0
2201,72,Mujer,8.3,147,41.2,409,1,0,-0.246,320,147,-5.24,36,0
2202,59,Mujer,10.4,159,48.5,205,0,0,-0.216,165,166,-2.73,36,0
2203,66,Mujer,7.4,133,59.6,23,0,1,-0.614,12,126,1.8,36,0
2204,54,Hombre,8.2,137,48.8,168,0,1,0.274,221,133,-3.07,36,0
2205,68,Mujer,7.6,147,44.8,108,0,0,-0.09,99,154,-1.98,36,0
2206,62,Hombre,10.4,137,35,937,0,0,-0.283,706,132,-3.16,4.25,1
2207,56,Mujer,10,147,53.3,180,1,0,0.212,223,144,-2.56,36,0
2208,59,Hombre,8.2,137,57.4,258,0,1,-0.192,213,127,-2.69,36,0
2209,63,Mujer,7.6,134,44,189,0,0,0.532,322,135,-3.31,36,0
2210,65,Mujer,7.8,121,32.8,58,0,0,0.759,124,119,-3.24,36,0
2211,56,Hombre,10.1,126,29.8,75,1,0,0.378,109,102,-2.69,36,0
2212,83,Hombre,8.9,131,57.5,164,0,0,0.103,182,140,-2.7,4.26,1
2213,54,Mujer,7.5,125,64.4,488,0,1,-0.566,277,117,-0.87,36,0
2214,66,Mujer,8.3,132,49.1,26,0,0,0.096,29,127,-0.63,36,0
2215,64,Mujer,6.9,151,56,3,1,0,-0.288,2,146,-1.24,36,0
2216,61,Hombre,8.2,137,55.2,27,1,1,-0.354,19,126,0.63,36,0
2217,63,Hombre,8.3,134,58.4,79,0,1,-0.682,40,124,-0.94,36,0
2218,59,Hombre,5.6,170,67.8,131,0,1,0.155,153,157,-1.4,36,0
2219,70,Mujer,6.2,121,47.2,134,0,1,-1.303,36,115,2.47,36,0
2220,47,Hombre,9.1,141,71.2,56,0,1,-0.143,49,136,-0.08,36,0
2221,59,Hombre,5.5,134,46.9,26,0,0,0.023,27,139,1.44,36,0
2222,57,Hombre,6.8,125,50.6,271,0,1,-0.797,122,124,1.05,36,0
2223,67,Mujer,8.2,149,32.9,88,0,0,-0.293,66,138,-2.96,36,0
2224,52,Hombre,6.7,143,57.4,132,0,1,-0.594,73,133,0.96,36,0
2225,54,Hombre,9.1,124,61.5,74,1,1,0.099,82,124,-2.36,36,0
2226,61,Hombre,7.7,132,46.5,467,0,0,-0.077,432,141,-2.35,36,0
2227,64,Hombre,7.7,132,65.3,653,0,1,-0.519,389,126,-1.76,36,0
2228,82,Hombre,6.7,149,36.2,153,1,0,1.187,501,148,-4.79,20.13,1
2229,69,Hombre,8.7,137,55.1,210,1,0,0.374,305,152,-3.6,36,0
2230,62,Mujer,8.5,149,42.7,143,0,1,-0.131,125,136,-0.91,36,0
2231,56,Mujer,8.2,130,44.8,36,1,0,0.519,61,132,-4.27,36,0
2232,80,Hombre,10,117,40.9,187,0,1,0.672,366,112,-4.39,36,0
2233,76,Mujer,8.6,126,37,266,1,1,0.073,286,129,-4.37,36,0
2234,46,Hombre,6.8,127,47.7,13,0,1,-0.537,8,115,0.9,36,0
2235,54,Hombre,7.1,137,46.4,181,0,1,0.012,183,131,-2.77,36,0
2236,67,Hombre,8.8,129,37.3,44,0,0,-0.065,41,128,-3.02,36,0
2237,83,Mujer,9,145,26.8,251,0,0,0.467,400,150,-5.81,36,0
2238,50,Mujer,9.2,115,46.4,278,0,1,-1.01,101,89,-0.12,36,0
2239,74,Mujer,5.5,166,34.5,62,0,0,0.175,74,163,-0.95,36,0
2240,62,Hombre,8.3,127,39,149,1,0,-0.66,77,126,-1.91,32.79,1
2241,48,Hombre,8.2,117,56.6,90,0,0,-0.274,68,117,-1.41,36,0
2242,62,Hombre,6,140,53.1,36,0,0,-0.015,35,148,-1.84,36,0
2243,61,Mujer,5.7,132,46.9,24,0,0,0.361,34,139,-1.62,36,0
2244,72,Mujer,7.2,109,38.8,32,1,0,0.139,37,111,-2.82,36,0
2245,56,Hombre,7.7,149,72.2,127,0,0,0.191,154,155,-2,36,0
2246,74,Hombre,6.8,156,53.4,23,0,0,-0.097,21,149,-2.18,36,0
2247,63,Hombre,7.4,122,35.8,540,0,1,-0.782,247,110,0.52,36,0
2248,83,Hombre,7.1,135,42,345,1,0,-0.255,267,135,-2.66,36,0
2249,61,Hombre,6.8,115,43.4,41,0,0,0.044,43,112,-0.65,36,0
2250,76,Mujer,8.2,165,49.4,376,1,1,-0.024,367,154,-5.58,36,0
2251,63,Hombre,6.5,151,47.3,32,1,1,-0.501,19,144,-1.16,36,0
2252,89,Hombre,5.6,174,44.6,238,1,0,0.016,242,173,-3.49,36,0
2253,54,Mujer,8.1,165,36.4,749,0,1,-0.067,701,156,-0.76,15.92,1
2254,79,Hombre,7.6,142,29.4,488,1,1,-0.482,301,142,-3.21,36,0
2255,66,Hombre,8.5,145,45.8,375,0,1,-0.639,198,129,-0.64,36,0
2256,66,Hombre,7.6,122,63.8,241,0,1,-0.068,225,125,-2.19,36,0
2257,69,Mujer,7.8,150,34.8,150,1,0,0.486,244,154,-3.25,36,0
2258,64,Hombre,9.8,136,60.1,549,0,0,0.77,1186,144,-5.49,36,0
2259,67,Mujer,8.1,130,46.7,89,0,0,0.004,89,145,-2.15,36,0
2260,44,Hombre,5.5,153,50.5,40,0,1,-0.098,36,154,0.77,2.68,1
2261,75,Hombre,8.3,142,38.7,30,1,0,-0.233,24,155,-1.41,36,0
2262,71,Mujer,6,142,30.7,151,0,0,0.372,219,126,-4.95,25.25,1
2263,68,Hombre,8.6,130,46.7,40,0,1,0.115,45,117,-1.02,36,0
2264,64,Hombre,8.5,118,46.6,83,0,1,-0.968,32,100,1.5,36,0
2265,50,Hombre,7.4,121,40.2,30,0,1,-0.196,25,107,2.46,36,0
2266,70,Hombre,6,108,46.9,59,1,1,-0.114,53,112,-0.38,36,0
2267,55,Hombre,7,137,54.1,26,0,1,0.397,39,134,-1.27,36,0
2268,73,Mujer,7.4,137,45.8,69,0,0,0.392,102,127,-3.39,34.86,1
2269,63,Mujer,6.3,130,33.2,582,0,0,0.079,630,127,-3.29,36,0
2270,66,Mujer,7.3,118,34.3,91,0,1,-0.479,56,120,0.39,36,0
2271,60,Hombre,7.1,142,54,341,1,1,-0.535,200,147,-0.54,36,0
2272,66,Hombre,7.8,159,38,473,1,1,-0.105,426,150,-4.86,1.89,1
2273,42,Hombre,11,96,45.8,149,0,1,-1.025,53,93,0,36,0
2274,56,Hombre,8.6,159,51.5,656,0,1,-0.087,601,149,-2.93,36,0
2275,82,Mujer,7,163,49.9,172,0,1,-0.356,121,153,-1.45,36,0
2276,62,Mujer,7.1,158,49.4,16,0,0,-0.509,10,158,-1.69,36,0
2277,57,Mujer,8.1,134,34,401,0,1,0.04,417,113,-2.33,36,0
2278,70,Hombre,8.6,150,36.3,260,1,0,-0.087,238,141,-3.98,5.49,1
2279,68,Hombre,8.7,143,33.9,160,1,0,0.078,173,144,-3.81,36,0
2280,70,Mujer,10.6,137,59.2,128,0,1,-0.539,75,128,0.21,36,0
2281,60,Hombre,7.9,115,47.6,193,0,1,0.559,338,95,-1.39,36,0
2282,69,Mujer,7.9,149,39.1,14,0,0,1.013,39,150,-3.26,36,0
2283,58,Hombre,8.9,122,33.8,383,0,1,-0.288,287,114,-2.74,36,0
2284,79,Mujer,6.6,132,54.2,44,0,0,0.472,71,127,-4.06,36,0
2285,71,Hombre,8.2,123,44.6,50,0,0,0.265,65,121,-1.58,36,0
2286,62,Mujer,5.6,130,61.2,103,0,0,0.06,109,137,-1.01,36,0
2287,66,Mujer,8.5,137,41.1,240,1,0,-0.436,155,139,-1.78,36,0
2288,77,Mujer,9.7,130,59.3,183,1,1,0.046,192,118,-4.33,36,0
2289,63,Mujer,7.3,134,34.5,110,1,0,0.178,131,134,-4.22,36,0
2290,64,Hombre,8.4,125,57.1,522,1,1,-0.862,221,113,-0.96,36,0
2291,68,Hombre,9.5,111,46.7,368,1,1,-0.994,136,100,1.08,36,0
2292,59,Mujer,8.2,138,56.7,123,0,1,-0.28,93,119,0.39,36,0
2293,69,Mujer,8.8,117,45.1,264,0,1,0.005,265,121,-1.5,36,0
2294,65,Hombre,8,119,33.6,98,0,0,-0.034,95,123,-2.14,36,0
2295,62,Hombre,8.6,151,62.6,40,0,0,1.555,189,147,-3.41,36,0
2296,69,Hombre,9.5,123,44.7,146,1,1,-0.331,105,120,-0.44,36,0
2297,45,Hombre,8.9,142,39.5,146,0,1,-0.294,109,135,-2.16,36,0
2298,62,Hombre,9.7,168,42.3,212,0,0,0.54,364,171,-3.77,36,0
2299,77,Hombre,7,140,43.4,305,0,0,0.52,513,149,-2.99,36,0
2300,72,Hombre,10.6,128,27.4,1055,0,0,-0.115,940,139,-5.08,36,0
2301,68,Hombre,7.3,140,40.9,75,0,1,-0.265,58,131,-0.02,36,0
2302,66,Hombre,7.9,112,38.8,255,0,0,-0.602,140,131,-0.99,36,0
2303,66,Mujer,7.7,144,29.4,72,0,0,-0.276,55,144,-2.8,36,0
2304,58,Hombre,9.8,148,27.8,971,1,1,-1.369,247,142,-1.74,36,0
2305,65,Hombre,6.2,120,41.1,345,1,0,0.895,844,113,-2.41,31.56,1
2306,57,Mujer,8.8,131,43.8,74,0,0,0.597,134,127,-3.59,36,0
2307,64,Hombre,9.3,169,49.9,791,1,0,-0.629,422,172,-1.79,36,0
2308,54,Hombre,7,114,65.6,30,0,0,0.869,72,104,-1.93,36,0
2309,63,Mujer,8.1,127,46.9,25,1,0,0.211,31,132,-3.27,36,0
2310,61,Hombre,8.8,142,52.1,913,0,1,-0.16,778,138,-0.47,36,0
2311,60,Mujer,7.2,105,49.5,110,0,1,-0.205,90,110,-0.4,36,0
2312,72,Hombre,8.6,153,45.9,83,0,1,-0.235,66,154,-3.54,36,0
2313,62,Mujer,10.4,132,34.9,380,0,1,0.005,382,116,-1.98,36,0
2314,70,Hombre,5.5,149,62.3,15,0,1,0.106,17,144,-1.81,36,0
2315,43,Hombre,7.6,114,46.6,60,0,0,-0.032,58,120,-1.11,36,0
2316,74,Mujer,7.5,157,49.5,40,0,0,-0.239,31,147,-0.83,36,0
2317,80,Mujer,6.8,125,39.6,72,1,0,-0.191,60,125,-1.77,36,0
2318,58,Hombre,7.6,133,45.9,299,0,1,-0.005,298,143,-2.34,36,0
2319,64,Mujer,8.8,138,32.6,677,0,0,0.653,1300,125,-4.56,36,0
2320,90,Hombre,5.7,133,20.7,55,1,0,-0.174,46,130,-2.19,36,0
2321,58,Mujer,7.3,139,63.9,158,1,0,0.135,181,143,-1.65,36,0
2322,58,Hombre,7.6,128,43.3,101,1,0,-0.337,72,115,-2.37,36,0
2323,61,Hombre,8.4,135,38.9,454,0,1,-0.35,320,126,-2.96,36,0
2324,56,Hombre,6.5,112,38.4,150,0,0,0.389,221,112,-2.98,36,0
2325,65,Hombre,9.1,137,44.6,21,1,0,-0.14,18,145,-2.69,36,0
2326,86,Hombre,8.1,121,42.4,38,0,0,0.516,64,113,-1.92,36,0
2327,59,Hombre,8.8,132,51.6,586,0,1,-0.106,527,107,-2.07,36,0
2328,69,Mujer,7.9,130,44.5,225,1,0,-0.146,194,134,-3.33,36,0
2329,67,Mujer,7.3,156,46.6,421,0,0,0.622,784,155,-3.57,36,0
2330,60,Hombre,5.6,133,50.5,81,1,1,0.135,93,134,-2.05,36,0
2331,73,Mujer,7.9,140,49.5,118,1,0,0.418,179,151,-4.35,36,0
2332,74,Hombre,8.1,141,56.3,588,0,1,-0.776,271,134,-1.22,36,0
2333,73,Hombre,6.6,130,41.3,89,0,0,0.268,116,130,-3.06,36,0
2334,55,Hombre,8.6,123,39.6,129,0,1,-1.03,46,121,1.43,36,0
2335,67,Hombre,8.4,116,20.1,192,0,0,-0.123,170,105,-3.05,36,0
2336,57,Hombre,5.6,124,35.2,80,0,0,0.841,185,122,-2.99,36,0
2337,52,Hombre,6.6,129,55.8,87,0,1,-0.423,57,121,0.21,35.56,1
2338,59,Mujer,7.1,122,40.9,79,0,0,-0.551,46,124,-0.74,36,0
2339,68,Hombre,7.4,132,47.2,63,1,0,1.042,179,139,-3.94,36,0
2340,76,Hombre,6.5,138,39.3,87,1,0,0.349,123,139,-3.07,36,0
2341,77,Hombre,7.3,128,26,134,0,0,0.227,168,127,-2.34,0.16,1
2342,61,Hombre,8.1,129,51.8,14,0,0,0.218,17,123,-2.03,36,0
2343,58,Mujer,6.5,141,60.4,69,1,1,0.501,114,127,-2.42,36,0
2344,83,Hombre,8.1,118,46.4,42,0,1,-0.461,26,110,1.02,36,0
2345,90,Hombre,8.1,109,51.8,289,1,1,0.055,305,101,-2.99,36,0
2346,55,Hombre,8,125,56.3,56,1,0,-0.077,52,119,-3.96,36,0
2347,78,Hombre,8.3,142,49.6,225,0,1,-0.468,141,131,-2.63,36,0
2348,62,Hombre,7.9,134,30.3,223,0,0,0.696,447,142,-4.36,36,0
2349,53,Hombre,9.4,142,36.4,35,0,1,1.074,102,138,-3.76,36,0
2350,65,Hombre,6.9,137,51.5,29,0,0,0.436,45,145,-0.92,36,0
2351,59,Hombre,8,133,33.7,26,0,0,-0.371,18,136,-0.93,36,0
2352,54,Mujer,7.4,116,51.8,143,0,0,0.134,164,123,-2.29,36,0
2353,75,Hombre,7.9,132,42.9,143,0,1,0.419,217,141,-3.44,36,0
2354,56,Hombre,6.9,145,51.4,66,0,1,0.425,101,144,-1.31,36,0
2355,69,Hombre,8.4,108,59.7,126,0,0,-0.777,58,116,-2.3,36,0
2356,64,Mujer,8.1,125,31.2,146,0,1,-0.175,123,120,-1.55,36,0
2357,74,Mujer,7.4,156,26.6,133,1,1,-0.737,64,150,-0.16,36,0
2358,56,Mujer,7.6,136,28.5,89,0,1,-0.123,79,128,-0.04,36,0
2359,74,Hombre,8.3,145,39.3,90,1,0,-0.51,54,150,-2.6,36,0
2360,59,Mujer,9.3,137,53.8,138,0,1,0.125,156,133,-3.75,36,0
2361,59,Mujer,9.8,141,37.9,152,0,1,-0.009,151,139,-1.48,36,0
2362,67,Hombre,7.8,133,54.7,44,0,1,0.455,69,133,-2.27,36,0
2363,51,Mujer,7.6,117,48.4,86,0,0,0.698,173,113,-1.33,36,0
2364,49,Mujer,9,142,49.9,279,1,1,-1.439,66,142,0.96,36,0
2365,52,Hombre,10.7,146,53.8,94,0,0,0.501,155,141,-2.89,36,0
2366,76,Hombre,7.2,149,56.9,227,1,0,-0.208,184,128,-4.32,36,0
2367,50,Hombre,5.7,125,41.4,28,0,0,-0.75,13,126,0.02,36,0
2368,75,Mujer,5.8,134,40.9,288,1,0,0.026,296,133,-2.39,36,0
2369,57,Hombre,7.9,140,37.5,10,0,0,0.949,26,127,-2.8,36,0
2370,55,Hombre,7.8,136,37.8,35,0,0,0.564,62,140,-3.91,36,0
2371,52,Hombre,7.2,141,48.4,34,0,1,0.219,42,124,-2.48,36,0
2372,55,Hombre,8.4,152,56.7,45,0,0,0.799,100,148,-2.63,36,0
2373,50,Mujer,7.2,123,55.2,148,0,1,-0.089,135,126,0.34,36,0
2374,64,Hombre,7.3,142,52.1,38,0,0,0.476,61,158,-3.2,36,0
2375,65,Hombre,6.3,111,30.7,116,1,0,-0.877,48,111,-1.98,36,0
2376,60,Hombre,7.9,145,36.3,70,0,0,-0.083,64,154,-2.78,36,0
2377,62,Hombre,9.2,136,53.2,92,0,1,-0.123,81,156,-0.39,36,0
2378,75,Mujer,7.2,108,48.3,136,0,0,-1.178,42,116,0.63,36,0
2379,70,Hombre,8,137,44,120,0,1,-0.539,70,129,0.31,36,0
2380,69,Hombre,8.2,133,33.1,270,1,1,0.242,344,128,-3.11,36,0
2381,61,Mujer,7.4,116,41.2,75,0,0,0.698,151,121,-2.73,36,0
2382,63,Hombre,10.5,149,52.6,100,0,0,-0.292,75,142,-0.55,36,0
2383,69,Hombre,9.2,148,28.2,266,0,0,0.08,288,141,-3.76,36,0
2384,61,Mujer,8.1,125,47.3,24,0,1,-0.132,21,117,0.36,36,0
2385,73,Hombre,8.7,130,49.3,687,1,0,-0.615,371,129,-3.28,36,0
2386,70,Mujer,7.6,156,34.5,490,0,0,0.33,681,158,-3.82,36,0
2387,76,Hombre,10.7,138,45.4,1262,0,1,0.692,2520,135,-5.05,36,0
2388,59,Mujer,7.5,129,48.4,576,0,0,-0.496,351,130,-1.57,36,0
2389,64,Mujer,9.9,148,61.4,57,0,0,0.005,57,140,-3.46,36,0
2390,68,Hombre,7.2,150,46.2,158,0,0,0.131,180,141,-2.84,36,0
2391,35,Hombre,9.1,107,68.6,66,1,0,0.412,100,102,-1.84,36,0
2392,59,Mujer,7.5,142,37.9,125,0,0,0.336,175,136,-2.82,36,0
2393,62,Hombre,7.7,181,47,811,0,1,-0.074,753,189,-3.45,36,0
2394,47,Hombre,7.5,105,72.2,202,0,1,-0.173,170,104,0.61,36,0
2395,60,Hombre,9.1,133,32.9,426,0,1,1.035,1200,136,-5.79,36,0
2396,76,Mujer,8.7,156,35.1,333,0,0,0.056,352,152,-4.12,36,0
2397,80,Mujer,8.4,129,48.8,464,0,1,-0.32,337,117,-0.17,36,0
2398,57,Hombre,9.2,148,34.3,135,0,1,-0.139,118,150,-2.39,36,0
2399,43,Mujer,9,120,68.5,9,0,1,0.607,17,106,-0.58,36,0
2400,59,Hombre,8,145,47.4,86,1,0,-0.234,68,136,-2.41,36,0
2401,65,Mujer,5.7,142,47.3,83,0,0,0.95,215,159,-1.59,36,0
2402,68,Mujer,6.1,118,28.6,82,0,0,-0.689,41,122,-2.1,36,0
2403,61,Hombre,8.2,155,43.7,85,0,0,0.287,113,147,-2.72,36,0
2404,81,Hombre,8.2,135,36.7,957,0,0,0.009,966,136,-4.93,36,0
2405,62,Mujer,6.6,147,38.9,35,1,0,0.238,44,146,-2.57,36,0
2406,59,Mujer,6.4,160,42.9,76,1,0,-0.416,50,163,-0.41,36,0
2407,66,Hombre,8.7,151,60.6,150,1,1,0.097,165,159,-3.24,36,0
2408,65,Hombre,8.6,126,40.4,60,0,0,-0.2,49,142,-2.07,36,0
2409,85,Hombre,8.7,141,35.4,233,1,0,-0.54,136,148,-3.26,36,0
2410,68,Hombre,9,117,44.8,346,0,0,-0.241,272,121,-2.66,36,0
2411,78,Hombre,6.2,157,50,45,0,0,0.252,58,142,-3.44,36,0
2412,43,Hombre,10.1,137,55.7,1255,0,1,-0.593,694,126,0.71,36,0
2413,65,Hombre,7.1,133,30.3,845,0,0,-0.188,700,132,-2.76,36,0
2414,56,Mujer,8.4,122,54.7,500,0,1,-0.26,386,108,-1.16,36,0
2415,65,Hombre,8,125,44.4,178,0,0,0.653,342,130,-3.71,36,0
2416,63,Mujer,8,142,51.8,187,0,1,-0.52,111,131,-0.04,36,0
2417,69,Hombre,5.6,139,44.2,77,0,0,0.574,137,142,-1.3,36,0
2418,68,Mujer,9.7,114,35.4,326,1,1,-1.15,103,113,0.17,36,0
2419,55,Hombre,6,142,55.8,89,0,0,0.433,137,139,-1.42,36,0
2420,58,Mujer,8.4,118,40.1,291,0,0,0.091,319,122,-1.56,36,0
2421,90,Mujer,7,156,52.8,72,1,1,-0.359,50,149,-3.46,36,0
2422,66,Hombre,7.4,154,42.7,57,1,0,0.598,104,159,-5.43,36,0
2423,62,Mujer,8.8,123,54.3,114,1,1,-0.553,66,112,0.64,36,0
2424,71,Hombre,6.9,132,49,17,0,0,0.182,20,131,-1.43,36,0
2425,53,Hombre,7.8,131,56.6,566,0,1,0.052,596,111,-2.68,36,0
2426,80,Hombre,9.2,153,45.8,425,0,1,-0.317,309,160,-3.64,36,0
2427,69,Hombre,7.5,138,41.4,105,1,0,0.052,111,140,-3.9,36,0
2428,62,Hombre,6.4,146,42.8,167,1,1,-0.105,150,137,-3.21,36,0
2429,62,Mujer,6,111,59.5,32,0,1,-0.114,29,100,0.4,36,0
2430,52,Hombre,6.7,144,37.9,261,0,0,0.21,322,143,-2.79,36,0
2431,60,Mujer,7.3,114,55.2,54,1,1,-0.325,39,98,-0.48,36,0
2432,71,Hombre,8.6,139,57,43,0,0,0.193,52,141,-2.97,36,0
2433,52,Hombre,8.1,125,34.4,73,1,0,0.295,98,115,-3.3,36,0
2434,69,Hombre,7.8,121,62.9,108,0,1,-0.011,107,106,-1.44,36,0
2435,68,Hombre,7.8,157,33.4,427,1,0,0.141,491,167,-4.46,23.93,1
2436,85,Hombre,9,146,41,159,1,1,0.299,215,127,-3.99,2.55,1
2437,63,Mujer,8.4,135,45,1295,0,1,-0.604,708,118,-1.39,36,0
2438,71,Hombre,8,158,27.3,241,0,0,-0.041,231,171,-2.84,36,0
2439,65,Hombre,8.9,125,49.5,121,0,1,-1.095,40,109,3.96,36,0
2440,70,Mujer,7.3,141,43.4,341,0,0,-0.673,174,145,-0.76,36,0
2441,79,Hombre,9.1,124,38.3,362,1,0,0.661,701,118,-5.29,36,0
2442,70,Mujer,9,131,47.1,59,1,0,0.843,137,125,-4.73,36,0
2443,55,Hombre,9.6,161,61.5,451,0,1,-0.099,408,152,-5.29,36,0
2444,59,Mujer,8.9,113,41.3,133,0,0,-0.211,108,108,-3.25,36,0
2445,67,Hombre,7.4,145,48.4,760,0,1,-0.197,624,122,-2.4,36,0
2446,62,Mujer,8,130,37.9,919,0,0,-0.5,557,104,-2.51,36,0
2447,77,Mujer,6.8,144,32.1,317,0,0,-0.231,252,150,-4.51,36,0
2448,65,Hombre,6.5,147,40.1,1012,0,1,0.241,1288,138,-2.67,36,0
2449,59,Hombre,9.1,125,59.1,162,0,1,-0.58,91,123,0.07,36,0
2450,62,Mujer,6.4,139,46.2,58,0,0,-0.598,32,138,-0.73,36,0
2451,68,Hombre,7.8,126,46.3,53,0,0,-0.028,52,133,-1.23,36,0
2452,67,Mujer,7.9,116,31.9,186,1,0,-0.586,104,93,-3.28,36,0
2453,30,Hombre,8.7,136,63.6,251,0,1,0.37,363,136,-2.24,36,0
2454,55,Hombre,8.2,129,33.7,80,0,0,0.467,128,133,-2.09,36,0
2455,70,Hombre,8.3,144,44,261,1,0,-0.434,169,137,-3.17,36,0
2456,55,Hombre,7.3,151,49,253,0,1,-0.367,175,162,-0.51,36,0
2457,63,Hombre,7.6,155,42.3,947,0,1,0.135,1084,155,-3.86,36,0
2458,54,Mujer,8.2,95,47.3,235,0,1,0.002,235,97,-1.86,36,0
2459,60,Mujer,7.6,126,33.1,18,0,0,0.31,25,124,-2.34,36,0
2460,67,Hombre,8.9,141,21.5,91,0,0,0.571,161,134,-3.33,36,0
2461,62,Mujer,7.5,134,59.4,39,1,0,0.578,69,135,-2.89,36,0
2462,58,Mujer,7.7,105,53.2,545,0,0,-0.178,456,121,-1.55,3.82,1
2463,89,Mujer,6.1,144,40.6,47,0,0,-0.108,42,149,-2.3,36,0
2464,66,Hombre,6.2,151,37.3,230,0,1,-0.751,109,146,0.67,36,0
2465,70,Hombre,8.7,140,37.4,245,1,1,-0.249,191,137,-3.29,36,0
2466,70,Hombre,6.9,132,53.3,20,0,0,-0.058,19,135,0.02,36,0
2467,67,Mujer,5.5,124,62.2,92,1,1,-0.2,75,120,-1.36,36,0
2468,57,Hombre,7,121,46.8,54,0,1,-0.533,32,98,0.56,36,0
2469,50,Hombre,7.1,120,46.5,14,0,0,0.399,21,117,0.1,36,0
2470,36,Mujer,5.5,150,53.5,26,0,0,0.775,56,146,-1.57,36,0
2471,74,Mujer,8.2,151,42.7,91,0,0,0.527,154,149,-5.08,36,0
2472,61,Mujer,6.1,137,40.4,1774,0,1,0.286,2360,127,-3.77,36,0
2473,62,Hombre,8.3,134,44.8,182,0,0,-0.208,148,124,-2.63,36,0
2474,70,Mujer,8.2,136,36.3,88,0,0,1.191,290,118,-4.09,36,0
2475,79,Mujer,5.9,134,50,218,0,1,0.304,295,129,-2.37,36,0
2476,60,Hombre,5.8,126,50.3,37,0,0,0.467,59,121,-3.06,36,0
2477,54,Mujer,7.5,164,40.7,1121,0,0,-0.062,1054,164,-2.79,36,0
2478,76,Mujer,7.6,141,43.6,302,1,0,0.117,340,135,-2.56,36,0
2479,61,Mujer,5.6,155,62.7,107,0,1,-0.242,84,165,-0.25,36,0
2480,89,Mujer,8.1,161,60,83,0,1,-0.091,76,149,-1.92,36,0
2481,77,Hombre,5.8,130,49.7,146,0,1,0.252,188,124,-4.54,36,0
2482,64,Mujer,7,121,27.8,212,1,1,0.563,372,107,-4.35,36,0
2483,52,Mujer,7.6,114,61.4,46,0,0,0.074,50,115,-1.01,36,0
2484,56,Hombre,6.7,131,54.6,368,0,0,-0.643,194,136,-1.82,36,0
2485,61,Hombre,7.7,150,45.6,126,0,0,0.282,167,163,-3.47,31.45,1
2486,70,Hombre,7.4,137,37.7,231,0,0,0.445,360,134,-3.22,36,0
2487,76,Mujer,7.3,130,23.6,109,0,0,0.592,197,124,-2.99,36,0
2488,70,Hombre,9.1,112,43.7,22,0,0,1.028,61,98,-5.02,36,0
2489,42,Hombre,7.9,139,39.2,161,0,1,-0.516,96,135,-0.26,36,0
2490,50,Hombre,6,146,42.6,12,1,0,0.33,17,143,-1.92,36,0
2491,61,Hombre,6.9,112,31.8,86,0,0,-0.905,35,114,-0.87,36,0
2492,73,Mujer,9.2,129,40.9,528,0,1,-0.934,208,120,-1.66,36,0
2493,62,Hombre,8.3,125,51,102,0,0,0.558,178,137,-3.92,36,0
2494,50,Hombre,8.3,131,29,248,0,1,-0.358,173,121,-1.08,36,0
2495,68,Hombre,9.4,115,36.3,495,1,0,-0.401,331,123,-3.32,36,0
2496,57,Hombre,9.5,147,49.3,260,0,1,-0.406,173,144,-0.79,36,0
2497,44,Mujer,8.1,139,59.2,420,0,1,0.255,542,123,-2.68,36,0
2498,65,Hombre,9,124,58.9,39,0,0,0.878,94,116,-2.06,36,0
2499,53,Mujer,7.1,115,56.2,26,0,0,0.653,50,112,-1.64,36,0
2500,64,Hombre,7.3,126,53.1,34,1,0,-0.114,30,144,-1.7,36,0
2501,82,Mujer,6.2,141,36.2,187,0,0,0.316,256,151,-5.3,36,0
2502,50,Hombre,7.7,136,25.8,385,0,1,-0.052,365,124,-0.47,36,0
2503,53,Mujer,10.8,134,34.4,476,1,1,0.201,582,124,-3.56,36,0
2504,60,Hombre,6.5,148,51.3,52,0,0,0.418,79,152,-2.56,36,0
2505,81,Mujer,7.5,117,60.9,52,0,0,0.389,77,105,-2.82,36,0
2506,81,Mujer,8.7,154,31.7,417,0,0,-0.338,298,148,-1.81,36,0
2507,58,Hombre,5.6,139,59.5,89,0,0,-0.44,57,136,-1.56,36,0
2508,63,Hombre,9.6,133,43,188,0,1,0.095,207,132,-2.83,36,0
2509,62,Mujer,7.2,116,42.7,110,0,0,-0.32,80,118,-0.81,36,0
2510,61,Hombre,7.8,144,61.1,51,1,0,-0.145,44,155,-1.07,36,0
2511,72,Hombre,6.2,124,46.9,182,0,0,-0.091,166,124,-2.43,36,0
2512,63,Mujer,6.7,123,50.4,129,1,1,0.432,199,123,-2.51,36,0
2513,66,Mujer,7.5,129,39.5,57,0,0,-0.176,48,127,-1.06,36,0
2514,60,Hombre,8.5,147,44.2,53,0,1,0.357,76,146,-5.42,36,0
2515,54,Mujer,7.3,126,47.2,27,0,1,-0.222,22,119,-0.84,36,0
2516,56,Hombre,6.6,157,42.1,196,1,1,-0.487,120,149,-1.26,36,0
2517,62,Mujer,8.5,134,46.1,248,0,1,-0.562,141,122,-0.54,36,0
2518,57,Hombre,8.9,132,52.1,186,0,1,-0.244,146,120,-0.45,36,0
2519,66,Hombre,7.3,133,65.4,33,0,0,-0.381,23,132,-1.25,36,0
2520,50,Hombre,7.3,127,52.4,87,0,1,-0.51,52,97,1.07,36,0
2521,66,Hombre,7.9,121,45.3,86,0,1,-0.949,33,122,1.83,36,0
2522,64,Mujer,8.4,147,33.3,58,0,0,0.007,58,155,-3.25,36,0
2523,79,Mujer,8,133,40.6,83,0,1,-0.168,70,125,-0.35,36,0
2524,72,Mujer,8.4,109,48.4,499,1,1,-0.276,379,92,-1.65,36,0
2525,53,Hombre,7.3,156,47.8,14,0,0,0.1,15,159,-2.01,36,0
2526,51,Mujer,8.1,126,47.9,5,0,0,0.166,6,137,-0.14,36,0
2527,55,Hombre,9.2,101,38.1,84,0,0,-0.185,70,94,-1.65,36,0
2528,56,Hombre,6.4,145,38.6,152,0,0,-0.412,101,149,0.18,36,0
2529,56,Mujer,7.1,127,53.1,171,0,0,1.015,472,123,-3.11,36,0
2530,60,Mujer,8.6,122,54.1,17,0,0,-0.303,13,127,-1,36,0
2531,77,Mujer,7.5,149,30.4,33,0,0,-0.003,33,150,-3.37,36,0
2532,52,Mujer,8.8,129,43,17,0,0,0.952,44,132,-3.31,36,0
2533,77,Mujer,7.7,132,49.2,580,0,1,0.391,857,150,-2.34,36,0
2534,66,Mujer,7,118,22.7,98,0,1,-0.324,71,112,-0.81,36,0
2535,69,Hombre,7.5,129,40.4,76,0,0,0.254,98,120,-3.64,36,0
2536,56,Mujer,7.6,131,31.2,167,0,0,0.395,248,144,-1.64,36,0
2537,72,Hombre,7.2,147,40,92,1,1,-0.72,45,137,-0.2,36,0
2538,63,Hombre,10.4,130,47.4,54,0,0,0.801,120,138,-3.95,36,0
2539,51,Hombre,8,134,48.7,282,0,1,-0.523,167,120,-0.77,36,0
2540,71,Mujer,8.6,150,28,218,1,0,0.797,484,153,-7.61,36,0
2541,71,Mujer,7.1,147,55,597,0,0,-0.538,349,140,-1.23,36,0
2542,75,Hombre,6.6,137,40.4,114,0,1,0.3,154,130,-3.29,36,0
2543,63,Hombre,8.3,131,42.9,277,0,1,-0.876,115,125,-1.31,36,0
2544,45,Mujer,8,141,54,171,1,1,-1.143,55,142,1.94,36,0
2545,73,Hombre,7.8,125,60.2,180,0,1,-0.358,126,109,0.04,36,0
2546,75,Hombre,7.3,135,20,20,1,0,0.174,24,147,-2.67,36,0
2547,72,Hombre,8.3,109,50.7,174,0,0,0.383,255,118,-3.16,36,0
2548,66,Hombre,6.5,155,41.7,408,1,0,0.889,993,143,-5.64,23.07,1
2549,66,Mujer,8.8,125,40.2,233,0,0,-0.019,229,131,-2.82,36,0
2550,61,Hombre,7.7,131,40.6,113,0,0,-0.321,82,137,-2.78,36,0
2551,57,Mujer,6,126,47.4,10,1,0,0.394,15,143,-2.42,36,0
2552,68,Mujer,5.7,127,41.9,131,0,0,-0.432,85,125,-1.31,36,0
2553,60,Mujer,8,130,38.4,34,0,0,-0.543,20,124,-0.23,36,0
2554,65,Hombre,6.8,143,30.2,1575,0,0,-0.459,996,138,-2.19,36,0
2555,62,Hombre,6.8,157,46.4,89,1,0,0.353,127,170,-3.24,36,0
2556,53,Mujer,6.9,132,44,63,1,1,-1.129,20,130,3.49,36,0
2557,68,Mujer,8,137,50.4,93,1,0,0.237,118,146,-3.18,36,0
2558,64,Hombre,8.4,133,48.8,42,1,1,0.083,46,125,-2.34,36,0
2559,64,Hombre,8.6,118,33.3,377,0,1,-0.416,249,113,-1.29,36,0
2560,71,Mujer,6.8,149,42.2,187,0,0,0.597,340,158,-3.17,36,0
2561,61,Mujer,8,150,46.1,675,0,1,-0.4,452,139,-2,36,0
2562,57,Hombre,8,163,36.3,253,0,1,0.381,370,143,-4.57,36,0
2563,69,Mujer,9.3,129,50.1,184,0,0,0.665,358,128,-4.03,36,0
2564,61,Mujer,9.6,122,45.9,254,0,1,-0.715,124,107,-0.47,36,0
2565,50,Hombre,8.2,126,41.4,479,1,1,0.202,586,118,-2.58,36,0
2566,66,Hombre,9.1,141,44.9,152,1,0,-0.171,128,141,-3.04,36,0
2567,66,Mujer,5.9,153,40.2,363,0,1,-0.827,159,152,0.12,36,0
2568,74,Hombre,9.9,131,31.9,143,0,0,-0.428,93,135,-3,36,0
2569,61,Hombre,8,125,46.5,42,0,0,-0.015,41,136,-0.67,36,0
2570,67,Hombre,8.2,154,65.1,521,0,1,0.39,770,149,-5.43,36,0
2571,66,Hombre,8.8,149,51.5,283,0,1,-0.408,188,140,-1.89,36,0
2572,47,Hombre,6.6,105,43.2,209,0,0,0.037,217,106,-0.37,36,0
2573,47,Mujer,8.1,143,62.4,37,0,1,0.413,56,144,0.62,36,0
2574,68,Hombre,8.2,136,29.8,1217,0,0,1.132,3776,144,-4.11,36,0
2575,57,Hombre,8.2,136,52.1,218,0,1,-0.338,155,134,-0.01,36,0
2576,55,Mujer,7.8,124,34,13,0,0,0.378,19,122,0.26,36,0
2577,65,Hombre,6.9,127,40.6,13,1,0,1.306,48,127,-2.62,36,0
2578,41,Mujer,8.2,132,54.5,15,0,0,0.05,16,132,-1.83,36,0
2579,43,Hombre,8.3,173,50.4,78,1,0,-0.146,67,172,-1.82,36,0
2580,87,Hombre,8.7,141,22.6,173,0,0,0.493,283,128,-5.17,36,0
2581,71,Mujer,8.2,149,41.5,282,1,1,-0.672,144,155,-0.18,36,0
2582,63,Hombre,7.9,116,52.7,826,0,1,-1.252,236,108,-0.72,36,0
2583,52,Hombre,8.4,123,55.9,220,0,1,0.526,372,141,-3.37,0.09,1
2584,66,Hombre,6,121,41.5,8,1,0,0.068,9,133,-1.25,36,0
2585,48,Hombre,8.2,137,54.8,33,1,0,-0.078,31,138,-1.83,36,0
2586,61,Mujer,8,134,44.6,77,0,1,-0.209,63,121,0.95,36,0
2587,85,Mujer,7.2,144,39.4,327,0,0,-0.336,234,151,-4.56,36,0
2588,59,Mujer,8.2,104,39.8,541,0,0,-0.427,353,111,0.3,36,0
2589,71,Hombre,7.4,147,44.3,162,0,0,-0.725,78,152,-1.52,36,0
2590,74,Mujer,7.3,140,54.5,69,1,0,1.048,197,140,-4.39,36,0
2591,62,Hombre,8,132,34.3,412,1,0,-1.344,107,134,-0.57,3.05,1
2592,73,Mujer,8.9,148,31.3,341,0,0,0.125,387,141,-4.3,36,0
2593,68,Hombre,7.9,125,40.2,492,1,1,-0.307,362,112,-2.48,36,0
2594,79,Hombre,7.7,141,44.8,110,0,0,0.097,121,135,-2,36,0
2595,48,Mujer,6.6,130,45.5,139,0,1,0.831,319,129,-1.87,36,0
2596,69,Hombre,6,109,45.3,100,1,0,0.127,114,105,-2.15,36,0
2597,65,Hombre,7.2,128,47.3,104,0,0,-0.403,69,138,-1.15,36,0
2598,74,Mujer,6.4,163,46.3,440,0,0,-0.17,371,150,-3.1,36,0
2599,64,Hombre,7.7,165,48.2,118,0,0,-0.054,112,150,-0.14,36,0
2600,77,Hombre,7.9,156,36.9,260,0,0,-0.249,203,146,-4.73,36,0
2601,65,Hombre,9.1,124,29.5,79,0,0,-0.038,76,124,-2.76,36,0
2602,49,Hombre,7.3,143,45.6,1777,1,1,0.102,1967,137,-2.11,36,0
2603,57,Hombre,7.8,150,32.8,225,0,1,0.038,234,143,-1.68,36,0
2604,74,Mujer,8.8,149,30.7,161,0,0,0.428,247,158,-4.6,36,0
2605,45,Hombre,9.3,122,36.5,207,0,1,-0.528,122,118,-0.71,36,0
2606,50,Hombre,6.8,155,32.5,107,1,0,-0.1,97,164,-3.99,36,0
2607,61,Hombre,7.1,135,52.1,571,0,1,-0.404,381,133,-0.06,36,0
2608,58,Hombre,7.1,115,50.9,13,0,1,0.103,14,116,-0.47,36,0
2609,61,Mujer,6.9,137,55.6,216,0,0,0.385,317,131,-2.02,36,0
2610,60,Mujer,9.9,114,47.3,188,0,1,-0.085,173,115,-1.23,36,0
2611,75,Mujer,8.7,140,42,34,0,1,-0.356,24,132,-0.05,36,0
2612,78,Hombre,10.3,144,39.9,58,1,0,0.574,103,135,-6.38,26.59,1
2613,75,Mujer,9.4,161,38.4,399,0,0,0.053,421,162,-5.89,27.55,1
2614,66,Hombre,5.7,134,30.7,31,1,0,-0.128,27,114,-3.39,36,0
2615,72,Mujer,9.6,157,43.4,188,0,1,0.333,262,168,-3.74,36,0
2616,61,Mujer,8.7,132,45.3,447,0,0,-0.12,396,127,-2.67,36,0
2617,66,Hombre,6.1,135,52.8,68,0,0,0.963,178,135,-3.37,36,0
2618,63,Hombre,8.2,143,44.9,85,0,1,0.391,126,147,-3.4,36,0
2619,72,Hombre,6.8,152,43.7,426,0,1,-0.116,380,141,-1.53,24.23,1
2620,84,Mujer,8.1,146,41,158,0,0,-0.327,114,147,-4.6,36,0
2621,73,Hombre,8,136,38.4,18,0,0,0.26,23,142,-1.94,36,0
2622,63,Mujer,7,127,54.3,168,0,0,-0.176,141,138,-1.78,36,0
2623,44,Hombre,6.5,131,55.9,6,0,0,0.691,12,130,-0.57,36,0
2624,53,Mujer,6.7,133,38.8,59,0,1,-0.001,59,129,-0.06,36,0
2625,61,Mujer,8.6,135,55.5,211,0,1,-0.107,190,124,-1.44,36,0
2626,64,Hombre,6.5,123,50.4,317,1,1,-0.197,260,119,-1.49,36,0
2627,80,Mujer,8.4,142,34.4,403,0,1,0.484,654,136,-2.56,36,0
2628,70,Hombre,6.3,122,48.8,41,0,0,-0.198,34,122,-0.17,36,0
2629,38,Mujer,7.2,143,60.6,241,0,1,-0.45,154,146,-0.37,36,0
2630,73,Hombre,8.6,146,42.2,187,0,0,-0.007,186,141,-4.03,36,0
2631,66,Hombre,8.4,133,44.4,126,0,0,-0.185,105,131,-2.01,36,0
2632,59,Hombre,7.3,140,44.8,209,0,1,-0.469,131,134,0.02,36,0
2633,65,Hombre,7.1,138,46.6,10,0,0,0.306,14,147,-2.5,36,0
2634,65,Mujer,7.2,123,40.6,8,1,0,-0.623,4,126,1.24,36,0
2635,83,Hombre,7.1,133,41.5,164,0,0,-0.138,143,125,-3.99,36,0
2636,77,Hombre,6.6,119,40.9,176,0,0,0.494,288,125,-2.3,36,0
2637,78,Hombre,7.4,140,32.3,204,0,0,-0.116,182,138,-3.07,36,0
2638,60,Hombre,7.3,146,53.3,247,0,1,0.013,250,143,-3.2,36,0
2639,63,Hombre,8,149,47,121,1,1,-0.17,102,143,-3.53,36,0
2640,63,Hombre,9.1,149,59.4,331,1,1,0.375,482,139,-3.55,36,0
2641,51,Mujer,8.7,136,52.4,54,0,0,0.777,117,122,-2.89,36,0
2642,75,Mujer,8,128,37.7,59,0,0,0.635,111,126,-2.75,36,0
2643,55,Hombre,7.9,138,49,370,0,1,-0.59,205,115,-0.58,36,0
2644,70,Hombre,7.8,138,56.8,24,0,1,-0.28,18,132,-0.7,36,0
2645,66,Hombre,8.7,119,62.4,42,0,0,0.33,58,134,-2.7,36,0
2646,61,Hombre,6.2,149,49,30,0,0,0.405,45,138,-3.45,36,0
2647,63,Mujer,9.2,142,35.4,37,0,1,0.823,84,143,-2.15,36,0
2648,46,Hombre,7.9,131,59,119,0,1,-0.244,93,119,-0.74,36,0
2649,80,Hombre,8.5,169,52.6,129,0,1,-0.56,74,148,-1.54,36,0
2650,66,Mujer,7.7,121,42.2,43,0,0,0.153,50,123,-0.25,36,0
2651,71,Hombre,8.4,136,35.4,38,0,1,-0.092,35,136,-2.38,36,0
2652,55,Mujer,5.7,119,42.8,72,0,0,-0.343,51,124,-0.58,36,0
2653,64,Mujer,7.4,106,60.9,23,0,0,0.028,24,104,-2.57,36,0
2654,63,Hombre,10.5,146,47,221,0,1,-0.565,126,138,-0.92,15.06,1
2655,67,Hombre,5.5,127,59.4,75,0,0,-0.502,45,131,-0.61,36,0
2656,69,Mujer,8.5,170,42.2,173,0,1,0.052,182,178,-3.04,36,0
2657,62,Hombre,8.1,138,52.8,185,1,1,-0.642,97,123,-0.46,36,0
2658,67,Mujer,7.7,150,37.9,49,0,0,-0.309,36,146,-2.32,36,0
2659,51,Hombre,8.2,123,59.3,278,0,1,-1.036,99,124,1.3,36,0
2660,78,Mujer,6.9,124,51.5,102,0,0,-0.24,80,135,-4.21,36,0
2661,56,Hombre,6.7,109,47.3,46,0,0,-0.244,36,117,-0.13,36,0
2662,79,Mujer,6.8,131,24.3,156,1,0,0.373,227,146,-3.71,28.71,1
2663,64,Mujer,8.6,158,37.6,42,0,0,0.512,70,164,-1.87,36,0
2664,72,Mujer,9.4,114,49.6,136,0,1,-0.714,67,97,0.74,36,0
2665,57,Mujer,9.2,129,48.4,69,0,1,0.521,116,135,-1.97,36,0
2666,43,Hombre,8.8,122,53.8,183,1,0,-0.357,128,121,-2.55,36,0
2667,61,Mujer,6.4,166,33.9,114,1,0,0.443,178,163,-5.22,36,0
2668,53,Mujer,7,120,63.9,13,1,1,-0.928,5,115,1.34,36,0
2669,66,Hombre,7,131,54.1,493,1,1,0.043,514,127,-2.38,36,0
2670,62,Mujer,8.4,131,46.9,611,0,1,-0.263,470,127,-1.76,36,0
2671,69,Hombre,7.4,137,46.2,58,1,0,0.112,65,128,-1.8,36,0
2672,53,Mujer,8.5,104,58.6,188,0,0,1.167,604,97,-3.47,36,0
2673,63,Mujer,8,153,27.6,226,0,0,0.139,260,147,-2.95,36,0
2674,61,Mujer,8.9,128,43.1,153,1,1,-0.176,128,128,-3.08,36,0
2675,70,Mujer,8,159,46.9,60,0,0,0.072,65,149,-5.06,36,0
2676,57,Hombre,7.3,135,48.8,85,0,0,-0.119,75,134,-0.46,36,0
2677,69,Hombre,8.5,150,34.9,225,0,1,-0.088,206,146,-2.31,36,0
2678,48,Mujer,7.2,117,52.4,9,1,0,0.456,14,120,0.11,36,0
2679,71,Mujer,8.6,107,38,56,0,0,-0.364,39,105,-1.51,36,0
2680,55,Mujer,8.7,145,34.6,86,0,0,0.242,110,139,-4.78,36,0
2681,58,Hombre,7.9,165,57.1,87,0,1,-0.509,52,160,-0.79,36,0
2682,63,Mujer,9.4,151,44.6,104,0,0,0.707,211,146,-3.64,36,0
2683,69,Hombre,6.5,152,37.4,486,0,0,0.573,862,150,-4.75,15.97,1
2684,85,Mujer,9.2,117,41.5,787,0,0,-0.611,427,120,-1.44,36,0
2685,63,Hombre,7.6,126,49.6,85,0,0,0.705,172,107,-2.72,36,0
2686,81,Hombre,8.6,165,32.2,180,0,1,-0.427,117,159,-2.94,36,0
2687,68,Mujer,7,126,42.6,326,1,0,-0.512,195,123,-3.05,36,0
2688,72,Hombre,7.6,160,38.1,58,0,0,1.178,188,150,-6.15,36,0
2689,62,Mujer,7.6,143,46.2,52,0,0,0.342,73,144,-2.38,36,0
2690,75,Hombre,8.3,129,54.1,134,0,1,0.23,169,126,-4.72,36,0
2691,71,Mujer,8.6,119,39.9,236,0,0,-0.6,130,106,-0.52,36,0
2692,68,Hombre,8.8,133,38.9,549,0,1,-0.569,311,129,-2.13,36,0
2693,57,Hombre,7,139,49.5,7,0,0,0.809,16,145,-1.18,36,0
2694,46,Mujer,6.5,130,54.8,22,0,0,0.154,26,123,0.54,36,0
2695,70,Hombre,8.5,145,48.4,1522,0,1,-0.194,1253,124,-2.3,36,0
2696,67,Mujer,6.1,127,50.9,64,0,0,0.508,106,124,0.75,36,0
2697,52,Hombre,6.1,126,39.8,38,1,1,-1.111,13,102,0.82,36,0
2698,82,Hombre,8.6,150,44.4,87,1,0,0.563,153,147,-4.93,36,0
2699,58,Hombre,7.2,144,55.4,913,0,1,-1.248,262,141,3.11,36,0
2700,57,Mujer,8,165,56.2,35,0,1,-0.029,34,155,-2.48,36,0
2701,61,Mujer,9.3,156,57,478,0,0,0.657,922,155,-5.43,36,0
2702,70,Hombre,8.2,108,21.6,837,0,1,0.099,924,104,-3.6,36,0
2703,74,Mujer,8.6,149,45.6,273,0,1,-0.8,123,141,-3.04,36,0
2704,62,Hombre,9.1,130,51.5,224,1,1,0.478,361,132,-3.72,36,0
2705,75,Mujer,7.6,128,60.3,116,0,0,-0.773,54,134,-2.63,36,0
2706,68,Mujer,7.5,136,54.8,74,0,0,0.754,157,144,-5.32,36,0
2707,81,Hombre,7.6,130,47.7,257,1,0,0.31,351,133,-3.85,36,0
2708,52,Hombre,7.8,144,42.1,581,0,1,-0.673,296,131,-0.91,36,0
2709,68,Hombre,8.8,167,34.7,128,0,0,0.117,144,166,-2.9,36,0
2710,65,Hombre,7.5,137,49.8,160,0,1,0.385,235,129,-2.63,36,0
2711,71,Hombre,5.7,146,44.8,250,1,0,0.245,319,133,-5.64,36,0
2712,72,Mujer,8.9,151,54.6,21,1,1,-0.028,20,142,-1.48,36,0
2713,56,Hombre,9,127,54.5,180,0,0,0.117,202,127,-4.37,36,0
2714,51,Hombre,5.9,133,50.3,25,0,0,0.561,44,135,-1.77,36,0
2715,53,Mujer,7,136,64.7,31,0,0,0.669,61,153,-2.77,36,0
2716,62,Hombre,8.7,150,75,56,1,1,-0.108,50,157,-0.9,36,0
2717,65,Hombre,6.1,140,59.5,155,0,1,-0.369,107,133,-1.25,36,0
2718,62,Hombre,5.9,132,35.1,95,0,0,0.41,143,141,-2.76,36,0
2719,54,Mujer,11.1,146,47.4,280,0,1,-0.492,171,158,-1.23,36,0
2720,77,Hombre,7.9,124,50,287,1,0,-0.326,207,138,-3.78,36,0
2721,71,Hombre,9.5,113,47.5,117,0,0,-0.063,110,117,-0.83,36,0
2722,69,Hombre,6.6,120,35.7,40,0,0,-0.349,28,123,-0.06,36,0
2723,61,Mujer,6,135,43.3,40,0,0,0.145,46,148,-2.25,36,0
2724,83,Hombre,6.6,135,54.5,233,0,1,-0.075,216,127,-1.81,36,0
2725,55,Mujer,9,129,40.7,61,1,0,-0.858,26,140,-3.26,36,0
2726,55,Mujer,10,138,57.5,22,0,1,0.356,31,143,-0.79,36,0
2727,81,Hombre,7.4,125,32.4,1245,1,0,-0.132,1091,128,-3.33,20.35,1
2728,45,Mujer,7.4,139,65.8,16,0,1,-0.05,15,141,-1.08,36,0
2729,44,Hombre,8.2,124,41,16,0,0,0.287,21,130,-0.27,36,0
2730,63,Hombre,8.4,130,48.3,227,0,1,-0.103,205,119,-1.74,30.84,1
2731,64,Mujer,7.3,163,49.7,187,0,1,-0.12,166,144,-0.82,36,0
2732,80,Hombre,8.4,150,46.6,39,0,1,0.039,41,164,-3.35,36,0
2733,70,Mujer,7.4,138,41,323,0,0,-0.127,284,140,-3.63,36,0
2734,80,Hombre,7.5,142,50.1,24,1,1,-0.079,22,140,-2.25,36,0
2735,68,Mujer,8.5,157,39.3,215,0,0,0.082,233,168,-5.08,36,0
2736,68,Hombre,7.4,133,38.7,49,1,0,0.158,57,134,-3.78,36,0
2737,45,Hombre,9.2,128,45,20,0,0,0.252,26,132,-0.68,36,0
2738,56,Hombre,5.5,136,42.4,105,1,0,0.059,111,127,-1.73,36,0
2739,50,Hombre,6.5,133,44.4,76,1,0,0.294,102,123,-2.53,36,0
2740,48,Hombre,6.8,116,62.1,47,0,1,-0.204,38,93,-0.38,36,0
2741,51,Mujer,7.6,118,40.1,44,0,1,-0.155,38,112,0.17,36,0
2742,76,Hombre,8.1,165,41.6,107,0,0,-0.431,70,165,-1.86,36,0
2743,88,Hombre,8.4,161,55.8,299,0,0,-0.179,250,153,-4.24,36,0
2744,56,Hombre,6.8,127,44.5,521,0,1,-0.223,417,121,-0.72,36,0
2745,67,Hombre,9.1,138,38.4,907,0,0,0.276,1195,145,-4.12,14.6,1
2746,56,Hombre,7.6,141,51,467,0,0,-0.271,356,141,-2.98,36,0
2747,70,Mujer,10.5,133,57,560,1,0,-0.634,297,132,-2.64,36,0
2748,65,Mujer,6.7,142,30.8,2,0,0,0.137,2,136,0.41,36,0
2749,63,Mujer,9.3,120,28.9,47,0,0,0.7,95,118,-4.21,36,0
2750,60,Hombre,7,130,46.3,17,0,0,0.467,27,138,-1.21,36,0
2751,76,Hombre,7.7,106,37.4,73,0,0,-0.19,60,94,-2.33,36,0
2752,64,Hombre,7.5,144,45,90,0,0,1.012,248,129,-6.72,36,0
2753,59,Hombre,8.9,129,37,383,1,1,-0.186,318,97,-3.34,36,0
2754,71,Hombre,6.6,117,43.4,119,1,1,-0.559,68,112,0.21,36,0
2755,61,Mujer,7.1,126,30.4,144,0,1,0.312,197,139,-2.63,36,0
2756,63,Hombre,8,143,41.4,108,1,1,-0.511,65,134,-0.62,36,0
2757,64,Hombre,6.6,104,46.8,142,0,0,-0.132,124,114,1.44,36,0
2758,58,Hombre,8.8,135,51.4,180,0,0,-0.289,135,140,-2.86,36,0
2759,75,Mujer,8.1,104,45.3,36,1,1,-0.748,17,90,-0.52,36,0
2760,68,Mujer,8.3,156,48.9,520,0,1,-0.444,333,151,-2.19,36,0
2761,64,Mujer,9.5,140,43.4,54,0,1,-0.446,35,139,-0.01,36,0
2762,62,Hombre,7.2,180,41.2,173,0,0,0.943,444,159,-3.94,36,0
2763,57,Mujer,8.7,160,42.7,101,0,1,0.394,150,145,-2.72,36,0
2764,70,Hombre,9.8,133,52.6,193,0,1,0.244,246,131,-1.53,36,0
2765,49,Mujer,9.1,139,48.7,130,0,0,-0.63,69,126,-2.29,36,0
2766,70,Hombre,7.7,120,55.6,78,0,1,-0.78,36,105,3.01,36,0
2767,59,Hombre,8.8,122,48.4,831,0,1,-1.213,247,101,0.89,36,0
2768,45,Mujer,8.5,126,43.9,55,0,0,0.609,101,130,-1.82,36,0
2769,55,Hombre,8,128,40.3,16,0,0,0.801,36,121,-4.14,36,0
2770,54,Mujer,10.8,118,62.5,605,0,1,0.411,912,113,-3.36,27.84,1
2771,63,Mujer,8,163,46.6,37,0,0,-0.302,27,171,0.34,36,0
2772,79,Mujer,7.4,148,36.3,457,1,1,-0.461,288,150,-2.56,36,0
2773,62,Mujer,8.7,135,52.1,493,1,0,-0.058,465,145,-2.12,36,0
2774,46,Mujer,7.8,151,50.5,153,0,0,-0.539,89,150,-2.09,36,0
2775,63,Mujer,6.5,110,38.5,17,1,1,-0.002,17,103,-0.24,36,0
2776,64,Hombre,7.5,167,56.9,26,1,0,0.651,50,157,-4.23,36,0
2777,76,Mujer,7.7,124,57.3,112,0,1,-0.347,79,105,0.46,36,0
2778,75,Hombre,8.1,133,44.7,47,1,0,0.197,57,139,-4.63,36,0
2779,60,Hombre,8,140,40.9,182,0,0,0.481,294,141,-1.15,36,0
2780,70,Hombre,8.3,146,35,129,0,0,-0.006,128,142,-2.13,36,0
2781,47,Hombre,9.2,144,55.3,173,0,1,-0.134,151,142,-0.28,36,0
2782,62,Hombre,7.8,153,43.2,645,0,0,-0.902,262,173,-2.91,36,0
2783,42,Mujer,5.5,144,75,95,0,0,1.018,263,137,-2.41,36,0
2784,63,Mujer,7.5,118,42.9,53,0,1,-0.703,26,117,0.6,36,0
2785,49,Mujer,7.7,153,52.2,79,0,0,-0.6,43,157,-0.38,36,0
2786,58,Hombre,8,154,52.6,321,0,1,-0.939,126,160,-0.96,36,0
2787,61,Hombre,5.5,136,34.8,104,1,1,0.231,131,143,-4.1,36,0
2788,46,Hombre,6,142,43,116,0,1,0.039,121,128,-0.4,36,0
2789,54,Hombre,10.9,121,45.3,97,0,0,0.325,134,109,-2.89,36,0
2790,61,Mujer,8.2,130,47.5,98,0,0,1.053,281,133,-2.82,36,0
2791,70,Hombre,9.4,130,44.8,1111,0,0,0.574,1972,130,-3.03,36,0
2792,64,Hombre,7.7,143,50.9,97,1,1,-0.078,90,142,-1.97,36,0
2793,76,Hombre,6.8,104,44.5,52,1,1,0.452,82,90,-2.87,36,0
2794,71,Hombre,8.1,126,45.1,572,0,1,-0.198,469,114,-2.23,36,0
2795,79,Mujer,9,114,37,212,1,1,-0.499,129,102,-1.18,36,0
2796,65,Hombre,8.1,127,32,82,0,0,-0.366,57,129,-1.7,36,0
2797,71,Hombre,7.5,159,32.7,333,0,0,0.489,543,164,-4.58,36,0
2798,66,Mujer,6,154,52.2,61,0,0,0.162,72,159,-2.5,36,0
2799,66,Mujer,8.4,123,51.2,207,0,1,-0.721,101,109,1.98,36,0
2800,47,Hombre,7.1,141,48.7,147,0,1,-0.573,83,131,0.95,36,0
2801,61,Hombre,8.9,115,41.6,116,0,0,0.019,118,119,-1.16,36,0
2802,58,Hombre,8.6,130,38.7,44,0,0,0.119,50,117,-2.45,36,0
2803,63,Mujer,6.9,157,50.3,61,0,0,0.196,74,149,-3.11,36,0
2804,54,Hombre,6.8,141,65.6,133,0,1,-1.077,45,148,2.26,36,0
2805,71,Mujer,8.6,142,48,169,0,0,0.696,339,127,-1.16,36,0
2806,72,Hombre,8.7,131,51.7,267,0,1,0.063,284,120,-3.92,36,0
2807,90,Hombre,9,147,27.1,1173,0,0,0.01,1185,138,-5.56,13.65,1
2808,49,Hombre,7.6,136,46.8,329,0,1,-0.205,268,138,-2.21,36,0
2809,55,Hombre,7.3,114,48.5,50,0,0,-0.416,33,118,-1.27,36,0
2810,66,Mujer,7.6,127,61.3,344,1,1,-0.044,329,115,-1.94,36,0
2811,74,Mujer,6.5,137,39.8,69,0,0,-0.196,57,129,-3.35,36,0
2812,62,Mujer,6.9,127,43.1,19,1,0,-0.929,8,124,-1.57,36,0
2813,69,Mujer,7.8,138,28.9,111,1,0,0.539,190,130,-4.33,36,0
2814,76,Hombre,10,134,46.5,127,1,0,0.612,234,147,-3.71,36,0
2815,62,Mujer,7.4,129,51.2,205,0,0,-1.364,52,125,-0.5,36,0
2816,52,Hombre,9.8,116,62.5,207,1,0,-0.22,166,108,-1.81,36,0
2817,61,Mujer,7.4,134,38.5,301,0,0,-0.372,208,139,-1.7,36,0
2818,69,Hombre,6.9,141,49.3,126,1,0,0.57,223,135,-2.98,27.93,1
2819,64,Mujer,6.7,112,37.6,124,1,1,-0.144,107,104,-1.27,36,0
2820,60,Mujer,7,119,48.2,170,0,1,-0.406,113,112,-1.11,36,0
2821,60,Mujer,10.5,128,53.2,42,0,1,0.346,59,134,-3.16,36,0
2822,62,Mujer,7.5,127,49.8,53,0,1,0.25,68,115,-1.99,36,0
2823,79,Hombre,6.2,122,28.8,71,1,0,0.119,80,110,-2.04,36,0
2824,69,Hombre,7.3,141,34.4,2232,0,0,-0.666,1146,148,-2.57,36,0
2825,60,Hombre,8.5,113,57.8,250,0,1,-0.624,134,108,2.23,36,0
2826,60,Mujer,7.3,129,49.9,73,0,1,0.408,110,118,-1.71,36,0
2827,66,Mujer,8.1,119,38.3,239,0,1,-0.884,99,119,-0.45,36,0
2828,73,Mujer,9,128,49.1,209,0,1,-0.266,160,122,-0.96,36,0
2829,64,Mujer,7.9,148,66.1,112,1,1,-0.317,82,141,-0.27,36,0
2830,55,Hombre,10.3,121,55.4,280,0,1,-0.804,125,131,-0.36,36,0
2831,66,Mujer,7.2,134,34.5,34,0,0,0.339,48,130,-4.45,36,0
2832,60,Hombre,9.4,138,42.4,274,0,0,-0.221,220,148,-0.88,36,0
2833,70,Hombre,7.5,119,37.6,126,0,0,0.388,186,134,-1.51,36,0
2834,46,Hombre,5.5,141,55,86,0,1,-0.739,41,130,-0.28,36,0
2835,64,Hombre,8.1,148,37.6,164,1,0,-0.242,129,149,-1.74,36,0
2836,55,Mujer,9.2,121,40.2,18,0,0,0.229,23,125,0.06,36,0
2837,71,Mujer,8.2,138,36.1,112,0,0,-0.416,74,134,-3.16,36,0
2838,67,Hombre,8.6,128,41,199,0,1,-0.052,189,137,0.23,36,0
2839,65,Hombre,6.5,151,44.7,151,0,0,-0.357,106,137,-2.62,36,0
2840,69,Hombre,7.3,139,41.3,209,0,0,0.022,214,143,-3.96,36,0
2841,63,Hombre,7.5,128,59.6,286,1,1,-0.444,183,124,-0.22,36,0
2842,67,Hombre,6.9,147,60,47,0,0,1.297,172,140,-6.13,36,0
2843,54,Hombre,5.5,138,38.8,202,0,1,-0.626,108,117,0.08,36,0
2844,52,Mujer,8.3,136,46.7,238,0,1,-0.502,144,139,0.15,36,0
2845,71,Hombre,7.9,119,31.8,68,1,0,0.488,111,119,-3.53,6.55,1
2846,66,Hombre,8,162,38.3,367,0,1,0.215,455,157,-3.4,36,0
2847,56,Mujer,6.7,138,36.6,118,0,1,-0.748,56,141,0.27,36,0
2848,78,Mujer,5.5,124,31.1,140,0,0,0.461,222,139,-2.51,36,0
2849,83,Hombre,8.7,142,52.6,15,1,0,1.159,48,141,-5.67,36,0
2850,62,Hombre,8.1,153,46.9,295,0,1,-0.181,246,152,-2.9,36,0
2851,76,Mujer,8.9,139,54.6,794,0,1,-0.086,729,125,-2.14,36,0
2852,54,Hombre,5.9,95,49.7,116,0,1,-0.657,60,82,1.55,36,0
2853,64,Mujer,8.2,134,48,372,0,1,-0.478,231,132,-1.11,36,0
2854,66,Hombre,6.7,131,50.1,23,1,0,0.241,29,129,-2,36,0
2855,58,Mujer,7.1,148,52.9,113,0,1,-0.532,66,147,-0.25,36,0
2856,69,Hombre,7.4,137,36.4,606,0,0,0.216,752,131,-4.31,24.36,1
2857,60,Hombre,6.1,129,51.5,69,1,1,-0.161,59,124,-2.69,32.97,1
2858,54,Hombre,7.4,151,63.7,87,0,0,-0.002,87,148,-0.57,36,0
2859,61,Mujer,8.8,143,46.5,131,0,0,0.12,148,132,-2.05,36,0
2860,70,Hombre,8.3,134,37.2,412,0,1,0.023,422,131,-1.92,36,0
2861,54,Hombre,8.9,130,64.7,84,1,1,-0.406,56,123,-0.43,36,0
2862,66,Hombre,7.8,121,61.5,30,1,0,0.653,58,116,-2.73,36,0
2863,74,Mujer,9.5,162,39.7,1351,0,0,0.528,2290,161,-6.03,4.88,1
2864,52,Hombre,5.6,157,41.8,66,0,0,0.08,72,163,-3.14,36,0
2865,54,Mujer,7.8,129,38.5,179,0,0,0.429,275,134,-3.18,36,0
2866,54,Mujer,8.4,156,57.6,112,1,1,0.076,121,159,-2.25,36,0
2867,60,Hombre,7,148,49.4,41,0,1,0.281,54,138,-3.57,36,0
2868,47,Hombre,9.5,110,52.4,75,0,1,-0.8,34,107,0.36,36,0
2869,66,Hombre,6.8,131,52.2,31,0,0,0.233,39,126,-2.97,36,0
2870,58,Hombre,7.9,134,44.8,68,0,0,-0.912,27,135,-0.83,36,0
2871,61,Hombre,8.8,157,47.3,250,0,1,0.136,286,153,-2.59,36,0
2872,74,Hombre,8.5,131,38.5,151,0,0,0.224,189,127,-3.89,36,0
2873,54,Hombre,7.4,136,53.3,98,0,1,0.11,109,115,-1.81,36,0
2874,56,Hombre,9.2,141,64.4,139,1,1,0.092,152,149,-2.92,36,0
2875,63,Hombre,7.7,112,47.1,109,0,0,-0.18,91,114,-1.22,36,0
2876,71,Mujer,9.5,110,23.3,382,0,0,0.198,466,114,-4.52,36,0
2877,66,Hombre,6.6,157,50.9,39,1,0,0.687,78,155,-4.45,36,0
2878,61,Hombre,8.3,162,47.7,357,0,0,0.535,610,171,-4.72,29.59,1
2879,47,Hombre,7.4,112,43.8,395,0,0,0.092,433,124,0.05,36,0
2880,77,Mujer,8.8,134,42.9,1010,1,0,-0.167,855,148,-4.99,36,0
2881,60,Mujer,10.3,137,52.9,223,0,0,-0.044,213,116,-0.83,36,0
2882,58,Hombre,8.3,131,62.9,95,0,1,0.295,128,122,-2.14,36,0
2883,62,Mujer,6.2,146,48.9,42,1,1,0.241,53,136,-2.26,36,0
2884,73,Mujer,8.4,129,38.6,225,1,0,-0.643,118,113,-2.6,36,0
2885,83,Mujer,6.7,122,62.9,99,0,1,-0.126,87,129,-0.13,36,0
2886,66,Mujer,8.4,158,40.5,86,0,0,0.758,184,159,-2.69,36,0
2887,64,Hombre,5.5,127,38.2,106,0,0,-0.729,51,116,0.14,36,0
2888,89,Mujer,7.8,109,39.3,362,1,0,0.072,389,111,-3.48,36,0
2889,71,Hombre,7.2,140,25.7,112,0,0,0.043,117,147,-3.88,36,0
2890,66,Hombre,6.9,148,47.6,23,0,0,-0.492,14,153,-0.84,36,0
2891,65,Mujer,8.1,141,26.1,831,0,0,-0.146,718,146,-2.33,33.51,1
2892,53,Mujer,8.3,129,57.4,38,0,0,0.691,76,126,-2.4,36,0
2893,58,Hombre,8.6,124,48.9,343,0,1,-0.451,218,124,0.87,36,0
2894,66,Hombre,7.1,138,51.2,230,1,0,-0.24,181,142,-1.4,36,0
2895,58,Mujer,8.5,146,45.6,326,0,1,-0.558,187,149,0.88,36,0
2896,60,Hombre,6.8,131,48.8,116,1,0,-0.758,54,136,-0.88,36,0
2897,58,Hombre,9.3,127,42.1,1137,0,1,0.127,1291,121,-3,36,0
2898,64,Hombre,7.9,140,42.8,72,1,0,-0.437,47,147,-1.84,36,0
2899,46,Mujer,7.2,120,45.3,51,0,0,0.213,63,136,-1.3,36,0
2900,49,Mujer,9.9,126,61.5,112,0,0,-0.195,92,134,-2.13,36,0
2901,73,Mujer,9.1,138,52.3,30,0,0,0.362,43,133,-4.26,36,0
2902,48,Mujer,7.3,118,51.5,73,0,1,0.197,89,106,-0.06,36,0
2903,52,Mujer,7.4,137,30.2,246,0,1,0.043,257,128,-1.75,36,0
2904,80,Mujer,9.3,142,32.3,327,0,1,-0.067,306,136,-1.71,36,0
2905,54,Hombre,6.6,145,44.4,8,0,1,-0.136,7,131,-0.25,36,0
2906,76,Hombre,10,135,39.2,223,1,1,0.259,289,128,-4.17,36,0
2907,57,Mujer,6.7,117,43.5,84,0,0,0.131,96,117,-1.17,36,0
2908,67,Mujer,6.8,149,36.6,601,0,0,-0.254,466,154,-2.27,36,0
2909,79,Hombre,9,144,49.3,394,1,1,-0.145,341,145,-4.48,36,0
2910,53,Hombre,9.5,136,48.3,547,0,0,-0.266,419,138,-1.03,36,0
2911,61,Mujer,5.8,143,41.7,210,0,0,-0.29,157,139,-1.01,36,0
2912,54,Hombre,7,117,42.5,106,0,0,-0.816,47,117,-0.84,36,0
2913,73,Hombre,6.5,148,48.8,435,0,1,0.001,436,132,-3.64,36,0
2914,66,Mujer,7.6,142,52.4,213,1,0,0.094,234,146,-4.83,36,0
2915,59,Hombre,8.8,130,57.8,238,0,0,0.478,384,131,-1.93,18.18,1
2916,44,Mujer,6.7,113,56.4,111,0,1,-0.229,88,108,1.58,36,0
2917,51,Hombre,8.5,138,38.1,305,0,0,-0.465,192,119,-3.04,1.4,1
2918,55,Hombre,7.2,112,58.3,193,0,1,0.1,213,101,-1.72,36,0
2919,73,Hombre,10.1,143,41.4,500,0,0,0.551,868,138,-6.45,36,0
2920,58,Mujer,10.1,120,38,318,0,1,-0.152,273,114,-1.62,36,0
2921,67,Mujer,8.1,155,54,32,0,1,0.201,39,155,-1.78,36,0
2922,64,Mujer,7.7,121,29.2,57,0,0,0.507,95,119,-2.18,36,0
2923,63,Hombre,7.5,146,33.8,36,0,0,0.012,36,143,-1,36,0
2924,67,Mujer,8.5,146,49.7,416,1,1,-0.918,166,132,-2.52,36,0
2925,71,Hombre,7.8,116,52.2,150,1,1,-0.398,101,110,1,36,0
2926,60,Mujer,7.2,113,45.3,146,1,0,-0.525,86,118,-2.47,36,0
2927,63,Mujer,8.7,146,40.6,184,1,0,-0.501,111,140,-3.73,36,0
2928,50,Mujer,7.2,136,55.1,150,0,1,-0.255,116,140,0.73,36,0
2929,65,Hombre,7.1,130,55.8,64,1,1,-1.044,23,127,0.17,36,0
2930,83,Mujer,10.7,157,32.8,868,1,1,0.084,944,154,-4.17,36,0
2931,65,Mujer,8.3,125,45.6,22,0,0,0.477,35,125,-3.11,36,0
2932,80,Hombre,9,147,55.1,122,1,1,-0.483,75,141,-2.13,36,0
2933,48,Hombre,8.9,125,58.6,102,0,1,0.204,125,114,-1.29,36,0
2934,69,Hombre,8.9,127,59.3,438,1,1,-0.505,264,114,-0.32,36,0
2935,60,Mujer,7.9,132,58.1,35,0,1,0.576,62,120,-0.33,36,0
2936,77,Hombre,8.9,146,36.7,997,1,0,0.301,1347,157,-3.92,8.92,1
2937,73,Hombre,6.4,119,32.3,189,0,0,0.127,215,115,-1.71,36,0
2938,60,Mujer,5.5,155,38.6,149,0,0,-0.119,132,148,-2.48,36,0
2939,55,Mujer,9,97,55.5,114,0,1,-0.991,42,100,2.21,36,0
2940,75,Hombre,7.2,131,29.5,65,0,0,0.845,151,130,-3.33,36,0
2941,48,Mujer,7.4,123,40.3,108,0,0,0.491,176,122,-2.33,36,0
2942,61,Hombre,8.1,129,28.8,80,0,0,0.047,84,129,-1.85,36,0
2943,65,Hombre,8.4,130,43.8,130,0,1,-0.332,93,123,-1.32,36,0
2944,69,Mujer,8.4,143,48.2,114,0,0,-0.885,47,141,-2.01,36,0
2945,62,Mujer,5.5,131,46.3,149,1,1,0.078,161,134,-1.82,36,0
2946,53,Mujer,8.2,140,57.9,109,0,1,0.128,124,144,-1.78,36,0
2947,68,Mujer,8.8,147,32.5,350,0,0,-0.646,184,140,-3.76,36,0
2948,57,Hombre,8.2,113,44.6,70,1,0,-0.184,58,108,-3.33,36,0
2949,67,Mujer,10,119,43.1,315,0,0,0.174,375,124,-5.27,36,0
2950,82,Mujer,6,116,38.3,154,0,0,-1.201,46,113,-0.28,36,0
2951,67,Hombre,6.5,135,36.2,105,0,1,0.328,146,130,-1.8,36,0
2952,54,Hombre,9.4,150,53,45,0,1,-0.259,35,142,-1.25,36,0
2953,79,Mujer,7.5,158,21.4,171,0,0,-0.672,87,165,-3.87,2.46,1
2954,40,Hombre,9.3,107,47.8,91,0,1,-0.359,64,96,0.11,36,0
2955,60,Hombre,7.4,122,53.6,47,1,1,0.212,58,121,-0.11,36,0
2956,53,Mujer,8.5,108,34.9,333,0,1,-0.962,127,102,-1.04,36,0
2957,70,Hombre,7.7,153,20,165,1,0,1.229,564,150,-6.05,36,0
2958,86,Hombre,7.6,169,42,94,1,0,-0.032,91,167,-3.67,36,0
2959,69,Hombre,8.7,146,40.9,789,0,1,-0.317,575,138,-1.39,36,0
2960,62,Hombre,7.6,122,41.7,212,1,1,-1.223,62,120,-0.24,36,0
2961,69,Mujer,6.5,118,42.5,68,0,0,-0.237,54,143,0.15,36,0
2962,85,Mujer,9.2,140,32,21,1,0,1.09,62,155,-3.36,27.12,1
2963,67,Mujer,9.2,119,41.6,178,0,0,0.216,221,120,-3.3,36,0
2964,57,Mujer,9.7,129,46.3,869,0,1,-1.581,179,119,2.34,36,0
2965,66,Hombre,9.4,156,43.6,203,1,0,0.723,418,160,-3.37,36,0
2966,78,Mujer,7.5,138,45.3,383,1,0,-0.361,267,142,-3.81,36,0
2967,66,Hombre,8.3,156,35.4,300,1,0,0.738,628,159,-5.53,36,0
2968,66,Hombre,8.4,127,59,43,0,0,0.046,45,138,-2.54,36,0
2969,69,Mujer,6.4,133,59.1,47,0,0,0.499,77,131,-1.95,36,0
2970,54,Mujer,7.2,115,56.8,46,0,0,0.396,68,108,-0.88,36,0
2971,72,Hombre,7,101,47.4,538,1,1,-0.453,342,95,-1.16,36,0
2972,53,Hombre,6.7,165,34,630,0,1,-1.159,198,154,0.79,36,0
2973,65,Hombre,7.1,139,45.4,284,0,0,-0.938,111,146,-1.19,36,0
2974,64,Mujer,6,150,48.8,5,0,0,-0.148,4,152,-0.86,36,0
2975,78,Hombre,6,129,47.2,85,1,1,0.307,116,123,-3.27,36,0
2976,66,Hombre,8.6,116,35.9,68,1,0,-0.293,51,108,-3.41,36,0
2977,50,Hombre,9.8,115,38.5,115,0,1,-0.644,60,109,1.1,36,0
2978,69,Mujer,6.8,152,57.4,93,0,0,0.555,162,139,-3.89,36,0
2979,72,Hombre,8.5,126,33.7,65,0,0,0.554,113,134,-3.47,8.58,1
2980,51,Mujer,9.2,132,45.4,263,0,0,-0.496,160,136,-0.59,36,0
2981,56,Hombre,8.1,121,50.3,38,0,1,0.017,39,114,-0,36,0
2982,64,Mujer,10.5,150,34.1,65,0,1,0.186,78,158,-2.27,36,0
2983,82,Hombre,5.5,113,34.2,23,1,0,0.829,53,118,-2.73,36,0
2984,57,Mujer,7,128,38.2,191,0,0,-0.119,170,141,-1.34,36,0
2985,69,Mujer,8.8,135,40.5,39,0,0,0.569,69,130,-2.33,36,0
2986,61,Hombre,8.3,131,50.3,13,0,1,-0.422,9,117,0.89,36,0
2987,43,Hombre,7.5,141,68.4,95,0,1,-0.709,47,130,0.61,36,0
2988,76,Mujer,7.6,144,43.9,128,0,0,-0.092,117,134,-3.22,36,0
2989,71,Mujer,7.6,157,41.4,328,1,0,0.728,679,162,-3.59,36,0
2990,69,Hombre,7.5,130,38.5,65,0,1,-0.075,60,110,-2.89,36,0
2991,72,Mujer,7,143,37.3,856,0,1,0.398,1274,135,-4.19,36,0
2992,62,Hombre,8.3,119,56,144,1,1,-0.213,116,125,-2.48,36,0
2993,48,Mujer,8.6,120,44.4,72,1,0,-0.008,71,120,-1.86,36,0
2994,63,Hombre,8.2,159,43.1,572,1,1,-0.135,500,162,-1.37,36,0
2995,65,Hombre,7.7,136,38.1,123,0,1,-0.164,104,130,-0.67,36,0
2996,65,Mujer,8.2,113,54.9,58,0,1,0.349,82,98,-3.36,36,0
2997,71,Mujer,7.4,115,59.4,163,0,0,0.31,222,105,-2.3,36,0
2998,68,Mujer,8.3,163,42.9,28,0,0,0.527,47,168,-2.34,36,0
2999,77,Mujer,6.8,118,45.8,330,0,0,0.567,582,119,-3.28,36,0
3000,65,Mujer,9.3,141,55.2,237,0,0,-0.452,151,132,-4.59,36,0
3001,64,Mujer,9.5,140,44.2,486,0,1,-0.447,311,139,-1.7,17.68,1
3002,42,Hombre,7.7,135,65.2,409,0,1,-0.144,354,121,-0.72,36,0
3003,90,Mujer,10.6,175,54.5,24,0,0,0.101,27,172,-4.02,36,0
3004,65,Hombre,7.1,137,47.6,388,1,0,0.987,1041,140,-3.8,36,0
3005,55,Mujer,9.3,133,48,69,0,1,0.088,75,132,-0.97,36,0
3006,63,Mujer,9.1,114,61.6,377,1,1,-0.461,238,106,-0.48,36,0
3007,54,Mujer,6.7,135,55.7,113,1,0,0.909,280,127,-3.99,36,0
3008,55,Hombre,8.5,142,45.1,214,0,0,-0.041,205,136,-2.3,36,0
3009,66,Mujer,7.4,116,50.4,126,0,1,-0.557,72,120,0.34,36,0
3010,64,Mujer,7.4,153,44.7,198,0,0,1.129,612,167,-4.81,36,0
3011,64,Mujer,8,117,52.8,140,0,1,0.512,234,115,-1.07,36,0
3012,60,Hombre,8.2,127,44.9,120,1,0,-0.199,98,131,-3.15,36,0
3013,66,Mujer,6.3,140,47.3,64,0,0,-0.32,46,122,0.08,36,0
3014,65,Mujer,7,134,42.9,345,0,0,0.054,364,146,-2.38,36,0
3015,60,Hombre,8.6,121,51.2,118,0,1,-0.667,61,104,-1.88,36,0
3016,68,Mujer,7.1,148,43.1,142,0,1,-0.286,107,149,-2.14,36,0
3017,70,Mujer,7.1,129,32.1,967,0,1,-1.533,209,116,0.66,36,0
3018,64,Mujer,7.5,138,55.4,373,0,1,0.067,399,137,-1.64,36,0
3019,52,Mujer,8.2,125,54.5,104,0,1,0.37,150,129,-3.93,36,0
3020,82,Mujer,7.6,135,46.3,53,0,1,0.26,69,146,-2.12,36,0
3021,61,Hombre,7.6,128,51.5,201,1,1,-0.34,143,118,-1.32,36,0
3022,74,Hombre,10,139,24.8,102,0,0,-0.393,69,135,-3.09,36,0
3023,63,Mujer,8.2,140,40.8,436,0,0,0.299,588,140,-5.9,24.21,1
3024,73,Mujer,9.2,165,52.8,360,1,0,0.021,368,161,-4.92,33.33,1
3025,67,Hombre,7.1,143,40.4,189,0,0,-0.243,148,142,-2.25,36,0
3026,66,Hombre,7.4,133,58.6,75,0,1,0.315,103,129,-2.99,36,0
3027,63,Mujer,9.1,120,50.6,105,0,0,-0.358,73,116,-1.91,36,0
3028,61,Hombre,8.1,124,45.7,55,0,0,0.653,106,114,-2.46,36,0
3029,61,Mujer,7.9,122,55.9,147,1,1,-0.154,126,121,-1.98,36,0
3030,56,Hombre,8.1,143,40.4,389,0,1,-0.732,187,152,-0.78,36,0
3031,85,Mujer,7.2,132,49.4,52,0,0,1.055,149,129,-3.13,36,0
3032,69,Hombre,8.9,121,38.1,72,0,0,0.65,138,121,-3.32,36,0
3033,70,Mujer,8.4,143,51.2,155,1,0,-0.159,132,139,-3.03,36,0
3034,69,Mujer,6.2,134,55,11,0,1,0.544,19,129,-1.01,36,0
3035,58,Hombre,7.3,128,45.5,158,1,1,-1.333,42,127,1.76,36,0
3036,66,Mujer,7.1,146,54.7,270,0,1,-0.343,192,151,1.71,36,0
3037,57,Mujer,7,139,56.4,166,0,1,-0.178,139,145,1.4,36,0
3038,43,Mujer,9.6,143,56.4,770,0,1,-0.36,537,139,-1.19,36,0
3039,62,Hombre,7.3,126,58.3,46,1,1,-0.04,44,121,-0.39,36,0
3040,57,Mujer,7.5,127,50.6,22,0,1,-0.708,11,129,2.49,36,0
3041,48,Hombre,10.6,147,59.6,536,0,1,-0.389,363,153,-0.91,36,0
3042,58,Hombre,8.8,125,41.8,131,1,1,-0.302,97,120,-1.01,36,0
3043,67,Hombre,8,147,54.2,94,1,0,0.381,138,159,-3.41,36,0
3044,77,Hombre,5.7,136,31.1,464,1,0,-0.254,360,135,-3.28,36,0
3045,34,Hombre,8.8,140,48.3,956,0,1,-0.596,527,137,-1.89,36,0
3046,57,Mujer,7.2,117,59.4,37,0,0,0.19,45,126,-2.79,36,0
3047,42,Mujer,7.8,121,49,38,0,1,0.853,89,106,-1.23,36,0
3048,66,Mujer,7.9,144,33.7,47,1,0,-0.032,46,144,-3.14,36,0
3049,71,Mujer,7.7,145,36.2,123,1,1,-0.995,45,116,0.32,36,0
3050,59,Mujer,6.2,123,42.4,43,1,1,0.065,46,114,-1.99,36,0
3051,70,Mujer,7.2,139,49.5,76,0,0,0.202,93,146,-1.67,36,0
3052,69,Hombre,5.8,110,47.3,188,0,1,-0.891,77,97,0.38,36,0
3053,50,Mujer,8.1,147,49.7,214,1,1,-1.35,55,139,2.59,36,0
3054,64,Hombre,8.4,154,49.5,2006,0,1,-0.916,802,153,0.04,36,0
3055,65,Hombre,5.5,123,54.7,40,0,1,-0.332,29,134,1.46,36,0
3056,58,Hombre,6.2,136,36.1,157,0,0,-0.265,120,125,-1.48,36,0
3057,63,Hombre,7.3,138,58.7,139,0,1,-0.301,103,115,1.24,36,0
3058,57,Hombre,9.3,134,48.3,137,0,0,0.331,191,136,-2.76,36,0
3059,68,Hombre,7.7,142,40.7,153,0,1,-0.385,104,141,-2.47,36,0
3060,74,Hombre,7.7,131,32.3,88,0,0,-0.671,45,132,-2.88,36,0
3061,56,Hombre,8.3,161,40.6,128,0,1,-0.451,82,154,-0.92,36,0
3062,69,Hombre,7.9,147,40.4,28,1,0,-0.126,25,143,-3.6,36,0
3063,74,Mujer,9.8,143,29.4,462,1,0,-0.397,311,156,-4.06,36,0
3064,62,Hombre,8.1,110,43.4,204,1,0,-0.141,177,105,-1.43,36,0
3065,84,Mujer,7.7,122,39.2,200,0,0,0.049,210,119,-3.37,36,0
3066,66,Mujer,8.3,158,30.2,824,0,1,-0.329,593,161,-2.23,36,0
3067,77,Hombre,6.5,127,24.4,20,1,0,-0.66,10,120,-1.44,36,0
3068,73,Hombre,7.3,113,54.2,44,0,0,-0.17,37,112,-0.89,36,0
3069,37,Hombre,8,119,52.6,38,0,1,-0.218,31,116,0.14,36,0
3070,56,Hombre,9.3,141,49.1,178,0,1,-0.216,143,137,-2.07,36,0
3071,57,Hombre,8.8,147,55.1,64,0,1,-0.049,61,159,-1.05,36,0
3072,65,Mujer,8.6,128,45.5,587,0,1,-0.643,309,117,-1.38,36,0
3073,65,Hombre,6.1,149,48,27,0,0,0.202,33,145,-0.34,36,0
3074,54,Mujer,7.7,112,61.3,64,0,1,-0.467,40,114,-2.1,36,0
3075,77,Mujer,6.2,133,41.2,76,0,0,-0.494,46,148,-1.09,36,0
3076,82,Hombre,8.2,149,45.7,284,1,1,-0.099,257,140,-3.1,36,0
3077,52,Mujer,8.3,121,39.4,51,0,1,-1.028,18,105,3.41,36,0
3078,58,Hombre,7.5,139,46,41,0,1,0.004,41,123,0.01,36,0
3079,74,Mujer,8.6,128,40.1,332,0,1,-0.453,211,136,-0.77,36,0
3080,53,Mujer,8.4,128,61.9,38,0,0,-0.615,21,133,-1.62,36,0
3081,82,Hombre,8.5,128,42.7,318,1,0,-0.343,226,134,-3.19,36,0
3082,67,Hombre,7.7,129,36.6,560,0,0,-0.409,372,123,-5.12,36,0
3083,61,Mujer,7.2,136,48.7,75,0,1,0.249,96,146,-0.41,36,0
3084,78,Hombre,8.2,152,30.4,197,0,0,0.357,282,150,-3.63,36,0
3085,63,Mujer,8.7,121,49.5,33,0,0,0.438,51,110,-1.09,36,0
3086,47,Hombre,8.9,131,37.6,30,0,0,0.308,41,122,-0.96,36,0
3087,54,Mujer,8.7,133,47.5,28,0,0,0.535,48,134,-2.47,36,0
3088,69,Hombre,8.9,139,45.8,58,0,0,0.729,120,149,-3.15,36,0
3089,52,Mujer,5.5,144,37.4,62,0,0,0.254,80,159,-1.17,28.78,1
3090,56,Hombre,7.5,120,56.8,89,0,1,-1.019,32,108,1.54,36,0
3091,57,Hombre,7,134,53.1,508,0,0,0.769,1096,136,-3.93,36,0
3092,66,Mujer,8.1,150,47.9,85,0,0,0.19,103,154,-2.88,36,0
3093,59,Hombre,8.9,137,44.5,178,0,0,-0.396,120,134,-1.36,36,0
3094,48,Mujer,5.9,156,52,89,0,0,-0.453,57,141,1.11,36,0
3095,66,Hombre,6.1,128,37.8,62,0,0,0.612,114,138,-2.93,36,0
3096,54,Mujer,6.4,147,49.8,120,0,0,0.39,177,150,0.03,36,0
3097,72,Hombre,7.3,137,31.8,93,0,1,-0.108,83,115,-1.98,36,0
3098,77,Hombre,7.2,124,34.9,120,1,0,0.292,161,133,-3.35,36,0
3099,68,Mujer,9.7,129,31.9,362,1,1,-0.772,167,134,-0.6,36,0
3100,63,Hombre,9.5,136,28,172,1,1,-0.631,91,128,-0.7,36,0
3101,72,Hombre,9.1,136,33,405,1,0,0.207,498,139,-6.11,18.96,1
3102,66,Hombre,8.7,123,43,79,0,1,-0.011,78,136,-2.66,36,0
3103,43,Mujer,6.7,129,58.1,133,0,1,-0.384,91,133,0.81,36,0
3104,59,Hombre,8.6,148,46,845,0,1,-0.484,521,134,-1.09,36,0
3105,75,Mujer,7.4,123,45.9,197,1,1,-0.845,85,117,-1.11,36,0
3106,66,Hombre,8.2,135,49.6,134,1,1,-0.431,87,136,-0.85,36,0
3107,61,Mujer,6.6,152,44.3,86,0,1,-0.268,66,147,-2.2,36,0
3108,74,Hombre,8.4,129,30.1,173,0,1,-0.094,157,116,-2.81,36,0
3109,74,Hombre,8.8,129,38.6,120,1,1,-0.284,90,121,-1.88,36,0
3110,36,Hombre,7,144,54.1,201,0,1,-0.623,108,142,-1.27,36,0
3111,53,Hombre,8.6,148,64.9,198,0,0,0.55,343,155,-1.32,36,0
3112,49,Mujer,9,113,48.9,417,0,1,0.45,654,113,-3.91,36,0
3113,88,Hombre,5.6,163,25.5,38,0,0,0.934,97,157,-4.08,36,0
3114,49,Mujer,5.9,114,56.1,45,0,1,-0.956,17,114,3.17,36,0
3115,68,Mujer,7,124,33,448,0,0,-0.183,373,120,-2.02,36,0
3116,69,Hombre,8.2,148,31.9,101,1,0,0.56,177,155,-5.62,36,0
3117,46,Hombre,6.9,138,59.7,48,0,0,0.975,127,142,-2.86,36,0
3118,71,Mujer,9.5,119,52.5,438,0,1,-0.058,413,108,-4.68,36,0
3119,77,Mujer,8.4,150,25.2,1583,1,0,-0.639,836,159,-4.09,36,0
3120,57,Mujer,6.5,132,28.6,59,0,0,-0.492,36,135,-0.83,36,0
3121,58,Hombre,9.4,113,53.2,574,1,1,-1.149,182,99,1.22,36,0
3122,59,Hombre,6.7,108,55.6,78,0,1,-0.491,48,100,1,36,0
3123,63,Hombre,8.6,126,44.9,592,0,1,-0.412,392,121,0.26,36,0
3124,48,Mujer,7.8,126,50.4,87,0,1,-0.12,77,123,-1.46,36,0
3125,80,Hombre,9.6,121,45.4,122,0,0,-0.806,54,119,-3.42,36,0
3126,62,Hombre,7.5,130,45.9,100,0,1,0.363,144,110,-2,36,0
3127,74,Hombre,9.4,143,48.3,169,0,1,-0.222,135,126,-2.27,36,0
3128,66,Mujer,8.3,111,34.6,134,0,1,-0.384,91,98,-0.96,36,0
3129,66,Mujer,7,150,28.1,183,1,0,0.19,221,158,-3.94,36,0
3130,68,Mujer,7.9,134,50.6,182,1,1,-0.531,107,121,-1.1,36,0
3131,59,Mujer,7.3,127,46.6,364,0,1,0.122,411,114,-3.14,36,0
3132,69,Hombre,5.8,134,32.5,457,0,0,-0.521,271,129,-3.48,36,0
3133,55,Hombre,6.7,120,54.4,43,0,1,-0.185,36,107,0.53,36,0
3134,67,Mujer,7.9,155,41.9,61,0,1,0.542,105,135,-2.25,36,0
3135,67,Hombre,7,183,42.8,589,0,0,-0.084,542,192,-3.5,36,0
3136,55,Mujer,8.9,144,43.6,59,0,0,0.371,85,137,-3.34,36,0
3137,59,Mujer,8.4,132,41.9,442,1,0,-0.494,270,131,-2.33,36,0
3138,43,Hombre,6.7,117,45.7,213,0,1,-0.039,205,116,0.84,31.38,1
3139,71,Hombre,7.3,158,37.8,1363,0,0,-0.195,1122,161,-2.47,36,0
3140,73,Mujer,5.5,146,40,404,0,0,0.667,787,131,-3.54,36,0
3141,42,Hombre,6.9,116,56.7,99,0,1,-0.56,57,116,2.24,36,0
3142,70,Mujer,7.9,157,46.7,137,0,1,0.443,213,170,-3.07,36,0
3143,72,Hombre,8.4,136,36.5,68,0,1,-0.097,62,119,-4.3,36,0
3144,53,Hombre,7.5,127,46.4,126,0,1,-0.425,82,113,-0.5,36,0
3145,63,Mujer,6.1,146,37.6,43,0,0,0.785,94,147,-3.11,36,0
3146,54,Hombre,6.9,131,49,108,0,0,1.196,357,135,-4.29,36,0
3147,56,Hombre,7.9,146,45.6,19,0,0,0.942,49,155,-3.61,36,0
3148,55,Hombre,7.7,136,50,59,0,0,-0.404,39,144,-2.39,36,0
3149,63,Hombre,8.7,155,35.2,151,0,0,0.523,255,153,-3.98,36,0
3150,75,Mujer,7.5,127,39.5,404,1,1,-0.648,211,128,-0.55,36,0
3151,68,Mujer,7.4,131,33.9,289,1,1,-0.148,249,112,-2.34,36,0
3152,46,Hombre,10,115,44.9,583,0,1,-0.754,274,106,0.78,36,0
3153,65,Mujer,7.5,122,56.1,116,0,1,-0.343,82,111,-1.56,36,0
3154,68,Mujer,6.4,147,48.4,43,0,1,-0.24,34,129,0.64,36,0
3155,69,Mujer,7.4,116,47.7,44,0,0,-0.058,42,109,-1.61,36,0
3156,68,Hombre,6.4,112,65.2,62,1,0,0.467,99,116,-1.95,36,0
3157,90,Hombre,6.8,115,35.9,28,1,0,-0.403,19,126,-2.92,36,0
3158,60,Mujer,8.4,125,49.8,106,1,1,-0.561,61,117,-0.71,36,0
3159,58,Hombre,8.8,135,53.5,105,0,0,-0.338,75,131,-1.61,36,0
3160,58,Hombre,7.2,148,38.4,44,0,1,0.478,71,145,-3.6,36,0
3161,61,Mujer,7.3,137,46.1,54,0,0,-0.233,43,138,-2.27,36,0
3162,69,Hombre,8.5,121,38.6,53,1,0,0.24,67,130,-2.79,36,0
3163,58,Hombre,7.3,128,46.9,83,0,0,0.23,104,136,-2.22,36,0
3164,67,Hombre,7.4,124,57.2,56,0,0,0.238,71,115,-1.55,36,0
3165,60,Mujer,7.7,126,53.4,141,0,0,-0.555,81,113,-2.21,36,0
3166,73,Hombre,10.3,133,36.4,128,0,0,-0.263,98,139,-2.56,36,0
3167,50,Hombre,6.2,115,40.6,83,0,1,-0.678,42,100,1.3,36,0
3168,68,Hombre,8.1,145,46.7,164,1,0,-0.21,133,136,-2.08,36,0
3169,62,Mujer,7.9,138,59.9,430,0,1,-0.157,368,132,-1.57,36,0
3170,74,Hombre,8.3,142,42.5,67,0,0,0.253,86,140,-4.58,36,0
3171,82,Hombre,7.4,149,52.8,645,1,1,0.097,710,137,-3.09,36,0
3172,59,Mujer,6.5,142,49.1,122,1,0,-0.098,111,125,-2.28,36,0
3173,57,Mujer,8.8,134,59.2,223,0,1,0.35,317,119,-1.34,36,0
3174,52,Mujer,6.9,144,46.4,19,1,0,0.167,22,139,-1.57,36,0
3175,50,Hombre,8.5,132,38.9,46,0,0,0.88,111,128,-2.33,36,0
3176,70,Mujer,7.7,132,50.7,84,0,0,0.133,96,134,-0.39,36,0
3177,73,Mujer,8.8,118,44.9,93,0,0,0.787,204,124,-4.91,36,0
3178,59,Mujer,7.6,125,45.6,177,1,1,-0.711,87,122,0.65,36,0
3179,59,Hombre,9.2,102,47.5,174,0,1,-0.796,78,89,-0.19,36,0
3180,53,Mujer,7.8,147,24.7,158,0,0,-0.577,89,133,-3.6,36,0
3181,56,Mujer,10.5,123,51.5,439,0,1,-0.232,348,110,-1.39,36,0
3182,78,Hombre,9.4,123,45.1,117,0,0,-0.04,112,134,-1.85,36,0
3183,59,Hombre,7.1,149,50,89,0,0,-0.582,50,157,-1.34,36,0
3184,77,Mujer,6.3,149,34.6,67,0,0,-0.4,45,153,-0.27,36,0
3185,73,Hombre,8.8,127,47.6,9,1,1,-0.174,8,121,-1.91,36,0
3186,76,Hombre,9.4,112,40.9,292,0,1,-0.216,235,116,-3.05,36,0
3187,68,Mujer,8.4,134,51.4,38,0,0,0.516,64,128,-4.01,36,0
3188,71,Hombre,9.8,125,41.8,92,1,1,-0.327,66,127,-2.04,36,0
3189,65,Mujer,7.1,113,49.2,58,0,0,0.423,89,118,-2.22,36,0
3190,73,Hombre,9.7,135,20,75,0,0,0.149,87,136,-4.19,36,0
3191,56,Mujer,5.5,150,56.7,24,0,0,0.748,51,150,-1.72,36,0
3192,70,Mujer,8.7,153,56.1,902,0,1,-0.604,493,146,-0.32,36,0
3193,59,Hombre,7.9,123,36.6,96,0,1,-0.257,74,123,1.31,36,0
3194,52,Mujer,6.3,146,59.2,21,0,0,-0.545,12,160,-0.26,36,0
3195,55,Hombre,8.6,133,52.7,313,0,1,-0.7,155,129,-0.11,36,0
3196,81,Hombre,8.8,126,41,81,0,1,-0.382,55,115,-2.16,36,0
3197,64,Mujer,6.6,156,56.2,263,1,0,-0.371,182,158,-2.11,36,0
3198,53,Mujer,7.2,145,56.6,84,1,1,-0.346,59,124,-0.85,36,0
3199,58,Mujer,7.1,130,39.2,51,0,0,-0.554,29,116,-1.37,36,0
3200,57,Mujer,6.5,125,52.6,246,0,0,0.256,318,113,-0.73,36,0
3201,84,Mujer,8.1,98,53.6,101,0,1,-0.501,61,93,-0.98,36,0
3202,73,Hombre,7.6,121,35.9,572,0,0,-0.036,552,112,-2.54,14.57,1
3203,57,Hombre,9.4,99,68.2,19,1,1,-0.807,8,83,2.12,36,0
3204,69,Mujer,10.3,149,40.6,120,1,1,0.11,134,147,-3.27,36,0
3205,62,Mujer,10.6,148,48,323,0,1,-0.363,225,146,-2,36,0
3206,66,Mujer,8.6,140,31.1,54,0,0,1.191,178,133,-3.24,36,0
3207,78,Mujer,5.7,106,43.6,162,0,0,-0.23,129,110,-2.24,36,0
3208,69,Hombre,8.9,126,53.1,66,0,0,-0.449,42,142,-2.69,36,0
3209,67,Hombre,9.4,124,35.2,737,0,1,-0.613,399,111,-1.53,36,0
3210,61,Hombre,8,125,33.9,136,0,0,0.037,141,124,-3.79,36,0
3211,71,Mujer,8,152,63.3,169,0,0,-0.398,114,152,-0.69,36,0
3212,53,Hombre,9.9,118,51.5,53,1,1,-0.025,52,110,-2.79,36,0
3213,58,Mujer,6.8,119,45.3,81,0,1,-0.61,44,124,-0.98,36,0
3214,71,Mujer,9.5,158,43.5,141,0,0,0.883,341,165,-4.54,36,0
3215,90,Hombre,8.5,129,48.7,141,1,0,-0.036,136,133,-4.7,36,0
3216,49,Mujer,7.6,150,63.3,109,0,1,-0.554,63,137,1.75,36,0
3217,66,Mujer,7.9,155,48.4,713,1,1,-0.837,309,137,-1.52,36,0
3218,57,Mujer,5.7,149,44.9,30,0,0,0.692,60,140,-1.03,36,0
3219,85,Hombre,9.1,143,27.9,65,0,0,0.272,85,146,-3.07,36,0
3220,71,Mujer,6.5,156,50.7,58,0,0,-0.049,55,158,-1.97,36,0
3221,55,Hombre,8.8,143,53.9,117,0,0,0.531,199,132,-3.81,36,0
3222,78,Hombre,8.3,137,34.4,274,1,0,-0.254,213,142,-2.48,36,0
3223,69,Hombre,6.6,158,45.4,247,0,1,-0.273,188,152,-2.24,36,0
3224,57,Hombre,7.5,130,40,30,0,0,0.011,30,130,-1.93,36,0
3225,59,Hombre,8.4,113,50.5,29,1,0,0.748,61,110,-1.93,36,0
3226,64,Mujer,8.8,153,44,555,0,1,-0.615,300,151,-2.74,36,0
3227,69,Hombre,8.3,95,36.7,20,0,0,0.21,25,89,-1.48,36,0
3228,57,Hombre,9,117,42.9,122,0,1,0.717,250,108,-2.92,36,0
3229,65,Hombre,7.2,137,54.2,13,0,0,0.074,14,139,-1.94,36,0
3230,63,Mujer,8.3,148,38.8,111,0,0,0.211,137,142,-3.59,36,0
3231,58,Mujer,7,164,40.1,140,1,0,-0.018,138,173,-3.5,36,0
3232,72,Hombre,7,139,49.2,4394,0,1,-0.664,2263,141,1.07,36,0
3233,56,Hombre,6.8,137,40.1,8,0,0,0.25,10,140,-0.05,36,0
3234,60,Hombre,7.2,158,48.6,189,0,1,-0.344,134,155,-3.22,36,0
3235,65,Hombre,10.8,146,45.7,61,0,1,0.067,65,136,-2.99,36,0
3236,48,Hombre,7.3,150,54.5,43,0,1,0.088,47,148,-1.06,36,0
3237,65,Hombre,9.5,146,35.9,225,0,0,-0.347,159,160,-2.33,36,0
3238,68,Mujer,6,152,32.2,127,0,0,0.046,133,155,-2.38,36,0
3239,71,Hombre,7.1,150,42.7,127,0,0,-0.305,94,156,-2.44,3.87,1
3240,78,Hombre,8.1,137,33.1,113,1,0,0.653,217,131,-5.41,16.09,1
3241,67,Hombre,6,124,43.7,144,0,0,-0.292,107,131,-1.76,36,0
3242,71,Hombre,9,131,43.1,148,0,0,0.256,191,124,-4.2,36,0
3243,63,Hombre,9.2,132,51.6,82,1,0,0.037,85,131,-2.81,36,0
3244,77,Mujer,8,135,41.1,217,1,0,0.612,400,130,-4,13.02,1
3245,57,Mujer,7.2,122,30.9,218,1,0,-0.952,84,110,-0.95,36,0
3246,66,Mujer,8.2,138,42.8,18,0,0,0.648,34,135,-2.23,36,0
3247,65,Mujer,8.2,112,35.3,71,0,0,0.339,100,117,-1.82,36,0
3248,70,Mujer,8.6,119,40.9,145,1,0,0.108,162,136,-3.73,36,0
3249,74,Hombre,10.3,134,41.2,382,0,0,-0.586,213,134,-1.58,36,0
3250,62,Mujer,8.1,131,49,354,0,0,0.571,627,150,-3.18,36,0
3251,71,Hombre,9.1,134,44.4,56,0,0,0.479,90,126,-4.43,36,0
3252,81,Hombre,7.8,149,52.7,447,0,0,0.446,698,143,-5.29,36,0
3253,62,Hombre,6.8,144,28.9,347,0,0,0.441,539,156,-1.96,36,0
3254,72,Mujer,7.9,164,26,51,0,0,0.126,58,165,-3.59,36,0
3255,75,Hombre,6.8,136,51.5,36,0,0,0.528,61,142,-0.98,36,0
3256,79,Hombre,7,145,40.9,154,0,1,0.008,155,136,-3.26,36,0
3257,51,Mujer,9.7,108,40.2,257,0,1,-1.05,90,110,1.25,36,0
3258,63,Mujer,9.4,107,43.7,47,0,0,0.087,51,108,-1.45,36,0
3259,85,Hombre,10.1,137,30.7,25,1,0,-0.256,19,138,-4.58,36,0
3260,67,Hombre,6.8,128,39,660,1,1,0.77,1426,120,-4.43,36,0
3261,75,Hombre,8.7,118,49.4,132,0,1,-0.804,59,123,-0.6,36,0
3262,61,Hombre,6.4,142,29.9,42,0,1,0.341,59,146,-1.4,36,0
3263,77,Mujer,5.9,116,41.8,10,1,0,-0.5,6,119,0.01,36,0
3264,71,Mujer,8.5,155,50.5,1004,0,1,-0.069,937,161,-3.2,36,0
3265,65,Mujer,8.1,137,47.5,88,1,1,0.112,98,128,-1.65,36,0
3266,73,Hombre,7,135,44.4,125,0,1,-0.443,80,138,-3.04,36,0
3267,62,Hombre,6.5,118,55.3,36,0,0,0.295,48,105,-0.51,36,0
3268,59,Hombre,9.4,116,46.1,331,0,1,0.256,428,92,-3.32,36,0
3269,60,Hombre,8.6,132,48.8,165,0,0,-0.052,157,129,-3.28,36,0
3270,68,Hombre,6.5,133,54.3,87,1,0,0.004,87,127,-1.81,36,0
3271,60,Mujer,7.6,140,50.2,31,0,0,0.248,40,147,-2.71,36,0
3272,69,Hombre,7.9,144,44.5,14,0,1,0.414,21,135,-1.53,36,0
3273,54,Hombre,6.8,142,42.5,235,0,0,-0.315,172,147,-1.23,36,0
3274,67,Hombre,7.4,119,44.6,69,0,0,-0.141,60,115,-1.5,36,0
3275,74,Mujer,7.6,132,34.8,75,0,0,0.718,154,131,-3.23,15.07,1
3276,68,Mujer,9.1,144,41.7,169,0,0,0.359,242,148,-3.13,36,0
3277,61,Hombre,8,109,41.2,68,0,1,0.669,133,104,-0.8,36,0
3278,58,Hombre,6.9,153,51,164,0,1,-0.738,78,152,0.74,36,0
3279,56,Hombre,9.2,141,58.9,46,0,0,0.13,52,135,-2.9,36,0
3280,60,Hombre,8.4,123,47.9,27,0,0,-0.466,17,134,0.53,36,0
3281,65,Hombre,8.5,153,44.7,57,0,0,-0.005,57,159,-3.15,36,0
3282,75,Hombre,7,131,48.6,28,0,0,-0.162,24,120,-0.31,36,0
3283,87,Hombre,7.9,145,35.2,5,0,0,0.539,9,125,-3.37,36,0
3284,81,Hombre,7.5,147,36.9,68,1,0,1.025,190,153,-4.26,36,0
3285,54,Mujer,7.4,152,61.4,206,0,1,-0.23,164,147,0.33,36,0
3286,47,Mujer,9.1,115,52.9,208,0,1,-0.127,183,128,0.05,36,0
3287,65,Hombre,9,126,44.5,54,1,1,-0.681,27,118,-1.07,36,0
3288,51,Mujer,8.8,114,42.9,133,0,1,-0.137,116,106,-1.16,36,0
3289,60,Mujer,8.9,127,50.9,56,0,1,-0.876,23,132,2.53,36,0
3290,52,Mujer,6.5,137,57.9,44,0,1,0.076,47,137,0.22,36,0
3291,63,Mujer,9,150,69.9,345,0,1,-0.745,164,150,-1.35,36,0
3292,57,Mujer,8.5,158,50.2,71,0,0,0.133,81,163,-3.66,36,0
3293,68,Mujer,6.9,155,46.3,108,1,0,0.517,181,156,-1.48,36,0
3294,49,Hombre,8.5,117,45.2,105,0,0,0.241,134,118,0.15,36,0
3295,68,Mujer,7,169,44.9,314,0,1,0.513,525,162,-3.59,36,0
3296,76,Hombre,7,140,48.2,530,1,0,-0.268,405,141,-4.45,36,0
3297,72,Mujer,6.9,141,42.6,183,0,0,0.134,209,147,-4.79,36,0
3298,63,Hombre,8.7,143,58.3,99,1,0,-0.065,93,146,-2.7,36,0
3299,76,Mujer,7.1,95,32.1,17,1,0,0.579,30,98,-2.45,36,0
3300,68,Hombre,6.6,135,50.9,82,0,1,0.703,166,121,-3.67,36,0
3301,63,Hombre,8.9,122,39.8,43,0,0,0.514,72,121,-3.2,36,0
3302,76,Hombre,7.5,141,48.4,210,1,0,-0.299,156,147,-3.55,36,0
3303,75,Mujer,6.9,104,27.1,59,0,0,0.554,103,116,-1.22,36,0
3304,60,Mujer,6.5,144,53.8,857,0,1,0.504,1419,121,-1.9,36,0
3305,64,Hombre,6,153,59,13,0,0,0.501,21,150,-0.16,36,0
3306,55,Hombre,8,121,44.4,74,0,0,0.636,140,122,-4.13,36,0
3307,51,Mujer,7.9,147,48.7,74,0,0,0.623,138,138,-3.73,36,0
3308,62,Mujer,8,143,42.8,729,1,1,-1.262,206,141,-0.88,36,0
3309,79,Hombre,7.1,159,49.7,98,0,1,-0.556,56,152,-0.88,36,0
3310,72,Mujer,8.1,159,36.8,24,0,0,0.62,45,161,-4.65,36,0
3311,73,Mujer,7.9,142,51.4,753,0,0,-0.242,591,133,-1.8,36,0
3312,77,Mujer,9,115,29.9,122,0,0,0.292,163,105,-3.24,36,0
3313,65,Mujer,8.4,133,68,449,0,1,-0.48,278,116,-0.46,36,0
3314,58,Mujer,8.7,120,40.3,46,0,0,0.012,47,112,-0.29,36,0
3315,59,Hombre,7.5,145,39.2,267,1,0,0.278,352,143,-2.93,36,0
3316,75,Hombre,9.6,146,30.9,391,0,0,0.23,492,165,-3.1,36,0
3317,67,Hombre,6.9,143,47.1,53,0,1,-0.457,34,126,-0.22,36,0
3318,58,Hombre,5.6,135,57.4,23,0,0,0.355,33,141,-0.93,36,0
3319,60,Mujer,8.7,152,51.1,61,0,0,0.109,68,150,-1.69,36,0
3320,59,Hombre,7.6,170,38.3,674,0,1,-0.516,402,158,-0.82,36,0
3321,53,Mujer,6,148,41,628,0,0,0.189,759,154,-2.02,36,0
3322,53,Hombre,9.3,129,50.9,306,0,1,-0.322,222,122,-0.81,36,0
3323,58,Hombre,7.1,133,44.8,68,1,0,-0.103,61,127,-2.68,36,0
3324,64,Hombre,8.8,121,48.4,311,0,1,0.006,313,117,-2.6,36,0
3325,67,Hombre,6.3,122,60.5,163,1,0,-0.103,147,124,-3.05,36,0
3326,62,Mujer,6.9,139,38.2,355,0,1,-0.251,276,130,-1.72,36,0
3327,65,Mujer,9.5,155,58,27,0,0,-0.129,24,159,-0.33,36,0
3328,44,Mujer,10,127,50.4,102,0,1,-0.158,87,122,0.26,36,0
3329,55,Hombre,7.2,139,55.9,14,0,1,-0.478,9,132,-0.83,36,0
3330,80,Hombre,6.6,137,26.5,135,0,0,0.84,313,139,-5.17,36,0
3331,45,Mujer,9.3,135,49.3,29,0,1,-0.929,11,133,1.84,36,0
3332,46,Hombre,9.2,126,64.6,150,0,1,-0.188,124,135,-0.13,36,0
3333,65,Mujer,7.6,121,29,134,0,0,-0.13,118,111,-1.41,36,0
3334,65,Hombre,6.1,125,53.9,22,0,1,-0.735,11,125,1.76,36,0
3335,53,Hombre,9.3,133,38.8,171,1,0,-0.055,162,148,-3.23,36,0
3336,56,Hombre,9.4,120,38.5,291,0,0,0.187,351,124,-3.22,36,0
3337,48,Hombre,6.2,129,59.8,51,0,0,0.296,69,115,-2.31,36,0
3338,69,Hombre,7.8,131,33.6,28,1,0,0.01,28,129,-3.81,36,0
3339,78,Hombre,8.6,128,55.9,88,1,0,0.233,111,133,-3.97,36,0
3340,54,Hombre,7.5,130,59.7,44,0,0,1.025,123,133,-1.95,36,0
3341,68,Mujer,6.7,139,51.9,59,0,1,0.196,72,132,-2.49,36,0
3342,50,Mujer,7.6,125,37,35,0,0,0.42,53,132,-0.65,36,0
3343,47,Mujer,8.3,133,50.7,265,0,0,-0.226,211,121,0,36,0
3344,74,Mujer,7.5,139,38.3,531,0,0,0.678,1046,129,-3.4,36,0
3345,60,Mujer,6.6,152,55.6,64,0,1,-0.025,62,155,-0.2,36,0
3346,58,Hombre,9.2,139,48.4,214,0,1,-0.723,104,135,-0.62,36,0
3347,62,Hombre,8.2,162,56.3,125,1,0,0.196,152,152,-3.42,36,0
3348,63,Hombre,8.4,112,37.1,477,0,1,-1.373,121,97,1.79,36,0
3349,55,Mujer,8.3,136,39,71,0,0,0.722,146,136,-2.34,36,0
3350,64,Mujer,7.5,131,39.9,89,0,0,0.135,102,134,-2.68,36,0
3351,82,Mujer,9.5,143,54.8,359,0,0,-0.001,359,144,-2.62,36,0
3352,67,Mujer,9.7,129,33.9,67,0,0,-0.271,51,125,-3.59,36,0
3353,59,Mujer,7.6,150,47.2,54,0,1,0.113,60,127,-1.23,36,0
3354,76,Hombre,8.8,157,31.7,193,1,1,-0.552,111,135,-4.15,36,0
3355,67,Hombre,8.3,156,34.8,241,0,1,-0.266,185,150,-2.69,36,0
3356,88,Hombre,6.6,137,41.1,566,0,0,0.5,933,129,-3.63,36,0
3357,80,Mujer,7.2,115,38.9,94,1,1,-0.138,82,106,-0.61,36,0
3358,71,Mujer,7.1,149,51.8,187,1,1,-0.184,156,151,-1.56,36,0
3359,69,Hombre,8.8,149,40.1,121,1,1,0.274,159,153,-2.97,36,0
3360,54,Mujer,8.4,132,55,67,0,1,-0.618,36,119,1.43,36,0
3361,74,Hombre,8.5,118,39.2,97,1,0,-0.293,72,125,-3.11,36,0
3362,72,Mujer,8,147,40.4,150,0,0,0.165,177,144,-4.02,36,0
3363,81,Hombre,6.1,170,53.5,164,1,0,0.323,226,164,-4.59,36,0
3364,44,Mujer,6.9,125,52.1,20,0,0,1.079,59,141,-3.54,36,0
3365,59,Mujer,7.7,143,62.2,54,0,1,-0.306,40,139,-1.25,36,0
3366,58,Hombre,7.2,145,48.5,160,0,1,-0.597,88,137,-0.49,36,0
3367,65,Hombre,7.3,125,38.3,238,0,0,0.647,455,123,-2.59,36,0
3368,59,Hombre,7.9,128,46,806,0,1,-0.392,545,120,-0.53,36,0
3369,70,Mujer,7.4,144,51,79,1,1,-0.765,37,140,0.72,36,0
3370,49,Hombre,7.8,147,52.9,143,0,0,-0.166,121,157,-1.79,36,0
3371,60,Hombre,10,122,42.1,392,0,1,0.161,460,130,-2.94,36,0
3372,65,Hombre,6.4,162,42.9,66,0,0,0.718,135,170,-2.47,36,0
3373,80,Mujer,6.6,138,37.4,213,0,0,1.006,582,143,-4.1,36,0
3374,69,Mujer,6.4,146,40.7,158,0,0,-0.042,152,153,-1.38,36,0
3375,68,Mujer,9,147,55.4,48,0,0,-0.472,30,142,0.53,36,0
3376,54,Hombre,6.6,139,58.8,81,0,1,-0.112,72,131,0.14,36,0
3377,64,Hombre,6.8,119,48.3,83,0,1,-0.629,44,118,1.21,36,0
3378,61,Hombre,5.5,151,33,124,0,0,-0.556,71,146,-1.48,36,0
3379,78,Mujer,8.8,143,37,140,0,0,-1.009,51,151,-1.47,36,0
3380,90,Mujer,8.4,133,51.3,351,0,1,-0.246,274,134,-1.12,36,0
3381,72,Mujer,7.5,123,44.1,101,0,0,-0.544,59,118,-0.64,36,0
3382,52,Mujer,8.2,129,47.6,351,0,1,-0.317,256,126,-0.73,36,0
3383,56,Mujer,7.2,138,50.7,50,0,0,-0.449,32,131,0.5,36,0
3384,73,Hombre,5.5,137,35.4,113,1,1,-0.699,56,123,0.08,36,0
3385,68,Mujer,6.4,142,47,534,1,1,-0.813,237,120,0.24,36,0
3386,75,Hombre,7.2,152,42,292,0,0,0.501,482,150,-4.72,36,0
3387,66,Hombre,5.9,127,35.3,193,0,1,0.178,231,110,-2.04,36,0
3388,83,Hombre,9.9,152,57.1,86,0,1,-0.435,56,147,-2.35,36,0
3389,76,Hombre,8.4,139,36.3,125,0,1,0.167,148,131,-3.58,36,0
3390,72,Hombre,7.2,147,32.3,972,1,0,-0.208,790,141,-3.8,28.75,1
3391,70,Hombre,9.4,138,33.2,1751,0,0,-0.191,1446,142,-6.39,16.48,1
3392,75,Mujer,8.1,118,23.8,40,0,0,0.166,47,123,-3.72,36,0
3393,59,Hombre,6.9,125,54,62,0,1,0.209,76,109,-0.29,36,0
3394,61,Mujer,8.7,106,54.9,146,0,0,0.429,224,108,-1.82,36,0
3395,79,Mujer,8.9,135,47.3,1250,0,1,-0.087,1146,136,-3.56,36,0
3396,69,Hombre,7.1,122,50.2,51,0,0,0.31,70,131,-2.56,36,0
3397,45,Mujer,7.1,119,54.3,143,0,1,-0.76,67,98,1.6,36,0
3398,70,Mujer,7.2,146,45.5,1259,0,0,0.083,1367,142,-2.86,36,0
3399,64,Mujer,8.8,139,43.3,72,1,0,0.382,105,133,-2.09,36,0
3400,59,Hombre,7,141,34.1,38,1,0,0.446,59,140,-3.24,36,0
3401,71,Hombre,7.9,134,58.1,690,1,1,0.068,739,127,-2.39,36,0
3402,56,Hombre,7.5,171,46.1,234,0,1,-0.081,216,159,-2.18,36,0
3403,80,Mujer,9.7,132,38.2,253,1,0,0.022,259,126,-4.65,36,0
3404,51,Hombre,8.3,144,38.8,28,0,0,-0.016,28,147,-2.62,36,0
3405,45,Mujer,7.4,142,53,242,0,1,-0.776,111,133,-0.42,36,0
3406,55,Hombre,7.9,142,26.9,661,0,0,0.281,876,143,-2.48,36,0
3407,66,Hombre,8.7,160,38.9,648,0,1,-0.122,574,148,-3.19,36,0
3408,61,Hombre,7.8,130,43.3,543,0,0,-0.162,462,131,-3.69,36,0
3409,65,Hombre,8.1,113,42.6,197,0,0,-0.396,133,106,-2.49,36,0
3410,51,Hombre,10.8,100,68.5,42,0,1,-0.149,36,104,0.19,36,0
3411,62,Mujer,5.5,132,49.6,46,0,0,-0.026,45,126,-2.19,36,0
3412,67,Mujer,8.9,147,46.6,758,0,1,-0.603,415,144,-3.67,36,0
3413,45,Hombre,8.4,149,50,85,0,1,-0.415,56,154,0.48,36,0
3414,62,Hombre,7.8,132,50.9,56,0,0,0.322,77,150,-1.96,36,0
3415,80,Hombre,8.8,148,30.1,267,0,0,0.22,333,147,-2.92,36,0
3416,47,Hombre,6.9,166,56.8,91,0,1,-0.499,55,163,-0.13,36,0
3417,60,Mujer,8.3,134,55.6,407,0,1,-0.983,152,125,0.3,36,0
3418,71,Mujer,6.1,127,46.4,55,1,0,0.628,103,130,-2.12,36,0
3419,66,Mujer,6,113,53,104,0,0,0.074,112,123,-0.54,36,0
3420,54,Hombre,5.5,116,50.2,13,0,1,-0.517,8,121,2.02,36,0
3421,61,Mujer,7.4,151,44.4,90,0,0,0.264,117,159,-1.33,36,0
3422,70,Mujer,6,120,30.2,28,0,0,0.748,59,126,-3.22,36,0
3423,52,Hombre,6.6,120,54.2,23,0,0,0.007,23,116,-0.07,36,0
3424,68,Mujer,7.5,113,47.6,801,1,1,-0.79,363,119,-2.47,36,0
3425,68,Hombre,9.2,119,41,71,0,0,0.613,131,113,-1.02,36,0
3426,70,Hombre,7.3,156,45.1,46,0,0,0.879,111,156,-4.33,36,0
3427,62,Hombre,7,130,40.9,56,0,0,-0.094,51,137,-0.77,36,0
3428,55,Mujer,8.4,118,45.6,185,0,0,0.237,234,112,-2.93,36,0
3429,72,Mujer,5.5,136,35.6,38,0,0,0.471,61,139,-1.38,36,0
3430,70,Hombre,8,112,46.3,262,0,1,-0.528,155,100,-2.48,36,0
3431,55,Hombre,8.2,102,59,108,0,1,0.101,120,99,-0.77,36,0
3432,46,Mujer,9.4,131,67.1,87,0,1,-0.281,66,132,0.74,36,0
3433,58,Mujer,6.7,98,61.5,39,0,1,-0.693,20,98,2.41,36,0
3434,68,Hombre,6.9,131,47.3,15,0,0,1.048,43,125,-2.12,36,0
3435,55,Hombre,9.6,139,50.5,386,0,1,0.035,400,134,-3.33,36,0
3436,67,Hombre,6.4,128,22.3,42,0,0,0.613,78,127,-4.05,26.33,1
3437,56,Hombre,8.3,134,49.8,110,1,1,-0.779,50,127,-0.98,36,0
3438,61,Mujer,6.5,157,55,716,0,0,-0.206,582,152,-3.03,20.38,1
3439,61,Mujer,5.7,130,54.2,203,0,1,-0.639,107,126,1.02,36,0
3440,55,Mujer,7,113,50.9,161,0,1,-0.076,149,96,-0.29,36,0
3441,67,Hombre,5.5,120,31.6,43,0,0,0.367,62,128,-1.27,36,0
3442,66,Hombre,7,137,48.3,264,0,0,0.421,402,139,-2.33,36,0
3443,58,Mujer,7.3,126,52.1,35,0,0,0.021,36,125,0.2,36,0
3444,90,Hombre,7.1,129,36.8,162,0,0,-0.103,146,127,-2.55,36,0
3445,55,Hombre,8.8,140,47,173,0,0,0.11,193,138,-3.64,36,0
3446,78,Hombre,8.5,139,53.2,146,0,0,-0.396,98,134,-1.21,4.36,1
3447,61,Hombre,8.7,133,47.2,333,1,1,-0.957,128,137,-0,36,0
3448,74,Hombre,7.9,163,38.7,702,0,1,0.078,759,159,-3.79,36,0
3449,71,Mujer,7.7,145,39.4,211,0,1,-0.446,135,140,-1.04,36,0
3450,59,Hombre,7.8,136,44.9,125,0,0,-0.514,75,139,-2.06,36,0
3451,75,Mujer,8.1,132,37.9,73,0,1,0.158,85,136,-1.52,36,0
3452,71,Hombre,6.4,150,33.4,37,0,0,0.506,61,153,-1.34,36,0
3453,73,Mujer,9.2,132,50.5,341,0,1,-0.732,164,131,-1.59,36,0
3454,83,Hombre,5.8,147,54.9,38,0,0,-0.583,21,156,-0.55,36,0
3455,70,Mujer,7.6,141,67,930,0,1,-0.729,449,134,0.46,36,0
3456,58,Hombre,7.1,124,35.1,157,0,0,-0.509,94,121,-2.56,36,0
3457,54,Hombre,8.4,111,58.3,38,0,1,-1.31,10,107,3.19,36,0
3458,59,Hombre,7.8,127,58.7,90,0,1,-0.02,88,125,-1.76,36,0
3459,48,Hombre,8.2,135,57.2,30,0,0,0.103,33,143,-2.07,36,0
3460,58,Hombre,7.4,112,34,89,0,0,0.447,139,124,-1.49,36,0
3461,78,Hombre,6.6,134,44.4,120,0,0,0.183,144,147,-2.98,36,0
3462,62,Mujer,6.7,121,35.2,94,1,1,-0.307,69,105,0.52,36,0
3463,67,Hombre,8,116,40.7,48,1,0,0.604,88,113,-2,36,0
3464,73,Mujer,8.1,98,37.2,154,0,0,-0.356,108,98,-1.79,36,0
3465,47,Hombre,8.9,126,43.7,16,0,1,-0.145,14,112,-0.1,36,0
3466,72,Hombre,9.1,123,50.6,328,0,1,0.4,489,105,-3.19,36,0
3467,65,Hombre,8.2,127,56.3,302,0,1,-1.097,101,111,2.01,36,0
3468,60,Mujer,6.8,134,37.2,72,1,0,0.177,86,141,-1.14,36,0
3469,73,Hombre,8.2,116,53.2,23,1,1,-0.553,13,96,0.58,36,0
3470,44,Mujer,9.1,135,39,14,0,0,0.265,18,132,-3.65,36,0
3471,71,Mujer,6.8,135,61.9,46,1,1,-1.147,15,132,1.61,36,0
3472,63,Hombre,7.1,119,51.7,121,1,1,-0.105,109,117,-1.59,36,0
3473,59,Hombre,10.1,142,51.6,320,0,1,-0.989,119,135,-0.57,36,0
3474,61,Hombre,8.1,136,35.9,49,0,0,-0.144,42,138,-0.83,36,0
3475,53,Mujer,5.5,134,66.5,41,0,0,1.055,118,153,-2.98,36,0
3476,75,Hombre,10.8,134,56.4,294,0,1,-0.552,169,126,-2.3,36,0
3477,65,Mujer,7.7,159,48.8,168,1,1,-0.052,160,161,-1.12,36,0
3478,72,Hombre,5.8,142,30.7,41,1,0,0.768,88,141,-4.22,36,0
3479,58,Mujer,5.5,127,38.6,67,0,0,-0.498,41,131,-2.26,36,0
3480,52,Mujer,5.6,129,47.3,107,0,1,-0.076,99,116,-1.5,36,0
3481,63,Mujer,7,122,52.4,63,0,1,0.294,85,118,-0.82,36,0
3482,64,Hombre,6.9,139,35.5,81,0,0,1.586,396,144,-5.66,36,0
3483,54,Mujer,6,141,48.7,17,0,0,-0.062,16,133,-0.71,36,0
3484,56,Mujer,7.2,123,33,72,0,0,0.091,79,114,-0.95,36,0
3485,57,Hombre,8.1,141,56.9,166,0,1,-0.492,102,142,-0.36,36,0
3486,51,Hombre,8.6,164,47.2,486,0,1,0.001,487,161,-0.8,36,0
3487,60,Mujer,8.9,123,63.2,153,0,1,-0.546,89,117,-0.82,36,0
3488,77,Hombre,6.4,151,48.6,45,0,0,0.515,75,162,-4.69,36,0
3489,79,Hombre,6.3,122,48.1,162,0,0,0.522,273,116,-1.94,36,0
3490,66,Mujer,7,128,46,78,1,1,-1.34,20,121,2.96,36,0
3491,59,Hombre,6,125,49.8,51,0,1,-1.024,18,115,2.11,36,0
3492,70,Mujer,7.9,160,37.2,44,1,0,0.377,64,154,-4.63,4.31,1
3493,61,Hombre,8.6,149,49.4,76,1,0,0.004,76,141,-2.74,36,0
3494,62,Mujer,7.4,103,39.7,40,1,1,0.231,50,95,-2.28,36,0
3495,69,Hombre,10.3,125,56.6,380,1,1,-0.614,206,110,-3.38,15.78,1
3496,63,Hombre,8.4,139,26.1,172,0,0,-0.218,138,150,-3.34,36,0
3497,66,Hombre,10.2,128,49.7,103,0,1,0.08,112,129,-1.71,36,0
3498,90,Hombre,9.7,147,53.6,337,1,0,0.212,416,142,-6.56,36,0
3499,67,Mujer,8.7,133,48.6,159,1,1,-0.058,150,146,-2.78,10.97,1
3500,50,Hombre,8.6,120,54.7,415,0,1,-0.138,362,124,-1.71,36,0
3501,68,Mujer,7.4,128,43.3,33,1,1,0.068,35,124,-0.65,36,0
3502,53,Hombre,7,159,49.3,640,0,1,-1.047,225,132,0.08,36,0
3503,63,Hombre,8.3,127,38.7,148,0,1,-0.532,87,120,-0.1,36,0
3504,60,Mujer,6.1,146,42.8,56,0,1,-0.384,38,134,1.29,36,0
3505,72,Hombre,10,152,51.3,119,0,1,-0.31,87,145,-2.33,36,0
3506,71,Hombre,8.8,100,42.3,517,1,1,-0.873,216,97,1.06,36,0
3507,69,Hombre,7,155,45.7,217,0,1,0.785,476,146,-4.59,36,0
3508,56,Hombre,7,143,50.1,78,0,1,0.056,83,140,-1.99,36,0
3509,62,Mujer,8.8,119,50.6,736,0,1,-1.374,186,122,1.57,36,0
3510,66,Hombre,9.8,121,44.4,245,0,0,0.106,273,125,-2.03,36,0
3511,37,Mujer,5.6,137,58.5,36,0,1,-0.524,21,133,1.67,36,0
3512,68,Hombre,7.3,135,51.1,45,0,0,0.571,80,153,-3.26,36,0
3513,75,Hombre,7,129,57.7,56,0,1,-0.597,31,125,0.92,36,0
3514,86,Mujer,8.6,133,41.1,91,0,0,0.097,100,129,-3.9,36,0
3515,62,Hombre,9.4,162,41.1,572,1,1,-0.229,455,151,-4.43,36,0
3516,64,Hombre,6.9,119,33.3,27,0,0,-0.011,27,127,-1.44,36,0
3517,69,Mujer,8.1,137,47.7,744,1,0,-0.242,584,142,-2.63,36,0
3518,64,Hombre,8.8,133,54,279,0,1,-0.083,257,122,-2.88,36,0
3519,73,Hombre,5.9,167,47.6,731,0,1,-0.214,590,161,-2.48,36,0
3520,52,Hombre,9.2,163,37.9,56,0,1,-0.006,56,139,-1.37,36,0
3521,58,Hombre,8.3,135,39.6,101,0,1,0.195,123,121,-3.07,36,0
3522,64,Hombre,8.7,134,60.1,100,1,0,-0.086,92,133,-3.25,36,0
3523,57,Mujer,10,140,47.7,64,0,0,-0.168,54,143,-2.34,6.36,1
3524,64,Hombre,6.9,124,57.7,116,1,1,-0.264,89,131,-0.24,36,0
3525,74,Mujer,7.7,130,40.3,94,0,0,-0.349,66,134,-2.83,36,0
3526,59,Mujer,8.3,135,37.2,126,0,1,0.499,208,140,-3.56,36,0
3527,68,Hombre,9,137,57.6,26,0,0,0.673,51,131,-3.81,36,0
3528,65,Mujer,9.2,126,43.7,223,0,0,0.307,303,130,-4.38,36,0
3529,73,Hombre,8.1,141,30.8,136,1,0,1.07,396,129,-4.92,36,0
3530,62,Hombre,8.6,126,51,171,0,1,-0.771,79,132,0.75,36,0
3531,68,Mujer,5.5,143,20,75,0,0,-0.013,74,143,-1.91,2.31,1
3532,47,Mujer,8.9,95,46.5,28,0,0,0.088,31,108,-2.04,36,0
3533,65,Hombre,9,138,40.9,321,0,1,-0.019,315,119,-1.56,36,0
3534,49,Hombre,7,150,55.9,29,1,1,-0.566,16,149,0.47,36,0
3535,49,Mujer,7,158,57.5,93,1,1,0.525,157,162,-3.08,36,0
3536,46,Hombre,7.7,119,46.6,168,0,1,-0.884,69,113,2.32,36,0
3537,73,Hombre,6.1,107,67.9,21,1,1,-0.075,19,86,-0.41,36,0
3538,62,Mujer,8.4,141,46.7,122,0,0,-0.363,85,138,-0.37,36,0
3539,79,Mujer,7.5,130,44.9,30,0,1,-0.333,21,119,-0.01,36,0
3540,55,Hombre,7.4,153,54.2,149,0,1,0.024,153,156,0.29,36,0
3541,89,Hombre,10,132,34.3,1344,0,1,-0.553,773,124,-1.94,36,0
3542,75,Hombre,8.1,123,27.7,49,0,0,-0.16,42,115,-2.56,36,0
3543,61,Mujer,7.3,103,44.2,72,0,0,0.617,133,101,-2.29,36,0
3544,70,Hombre,5.8,122,49.7,198,1,0,0.171,235,124,-1.28,36,0
3545,72,Hombre,9.1,140,34.8,284,0,1,-0.371,196,132,-1.71,36,0
3546,58,Mujer,8,142,64.4,46,0,1,-0.503,28,136,-0.61,36,0
3547,64,Mujer,5.5,124,39.9,28,0,0,0,28,116,-1.8,36,0
3548,58,Hombre,7.2,120,20,533,0,1,-0.443,342,105,-0.52,36,0
3549,79,Hombre,8.2,119,47.6,28,0,0,0.748,59,106,-2.5,36,0
3550,58,Hombre,9.1,104,36.8,71,0,0,-0.306,52,110,-1.17,36,0
3551,62,Mujer,7.8,150,32.8,491,0,1,0.307,667,137,-2.8,36,0
3552,44,Hombre,8.2,128,47.2,44,0,0,0.633,83,121,-1.69,36,0
3553,44,Mujer,6.7,109,54,27,0,1,-0.067,25,106,1.36,36,0
3554,74,Hombre,6.8,130,35.5,185,1,0,0.095,203,131,-3.74,36,0
3555,74,Mujer,9.5,140,39.7,92,0,0,0.669,180,138,-4.25,36,0
3556,77,Hombre,6.7,123,39.4,123,0,0,-0.234,97,123,-3.41,36,0
3557,60,Hombre,7,113,44.1,66,0,0,0.304,89,104,-1.07,36,0
3558,55,Hombre,8.4,154,39.2,1333,0,1,-0.47,833,156,-1.39,36,0
3559,69,Mujer,8.7,142,48.1,157,0,0,-0.678,80,146,-2.14,36,0
3560,63,Mujer,8.4,170,45.7,397,0,1,-0.535,232,166,-1.68,36,0
3561,65,Mujer,9,112,49.4,180,1,1,0.458,285,106,-5.11,36,0
3562,58,Hombre,9.7,147,56.9,77,1,1,0.438,119,147,-4.14,19.82,1
3563,61,Hombre,8,137,42.4,158,0,1,-0.332,113,142,0.06,36,0
3564,66,Mujer,5.5,169,40.3,347,0,1,-0.148,299,175,-1.47,36,0
3565,68,Mujer,8,133,47.3,115,0,0,0.167,136,133,-3.16,36,0
3566,57,Mujer,7.4,143,43.5,30,0,0,0.737,63,139,-3.56,36,0
3567,79,Hombre,7.3,131,46.4,76,0,0,0.319,105,129,-1.2,36,0
3568,65,Mujer,9.4,115,52.2,582,0,0,-0.101,526,102,-2.97,36,0
3569,61,Hombre,9.4,148,58,151,0,1,-0.301,112,150,-1.58,36,0
3570,36,Hombre,6.7,143,61.1,44,0,1,-0.115,39,136,-0.14,36,0
3571,67,Hombre,7.7,113,41.3,25,0,0,-0.151,21,106,-0.36,36,0
3572,56,Hombre,7.6,130,50.4,68,0,1,-0.753,32,125,1.27,36,0
3573,61,Hombre,6.5,133,45.3,18,0,0,-0.013,18,133,-1.94,36,0
3574,51,Mujer,6.8,145,54.6,12,0,0,0.69,24,127,-2.71,36,0
3575,53,Mujer,8.7,127,37.7,187,0,1,0.229,235,119,-0.27,36,0
3576,64,Mujer,8.3,125,50.2,57,0,0,-0.336,41,119,-1.89,36,0
3577,61,Hombre,7.3,148,52.1,11,0,0,1.131,34,160,-1.83,36,0
3578,60,Hombre,5.7,136,54.2,18,0,1,0.129,20,123,-1.19,36,0
3579,90,Hombre,8.3,135,25,155,0,1,-0.65,81,127,-0.5,36,0
3580,62,Mujer,7.5,129,39.7,16,0,0,1.09,48,141,-2.22,36,0
3581,61,Hombre,9.6,139,51.1,524,0,1,-0.296,390,145,-3.25,36,0
3582,64,Mujer,7.1,120,29.7,146,0,0,-0.37,101,111,-1.61,36,0
3583,54,Mujer,7.2,150,37.3,330,0,0,-0.81,147,140,0.11,36,0
3584,74,Hombre,6.3,139,49.9,83,0,0,-0.144,72,139,-2.37,36,0
3585,66,Mujer,9.7,133,47.1,438,1,1,0.011,443,121,-3.15,36,0
3586,66,Hombre,8.5,131,36.2,85,0,0,-0.51,51,131,-1.35,36,0
3587,72,Hombre,8.4,152,45.6,164,1,0,-0.362,114,149,-4.36,8.68,1
3588,57,Mujer,8,152,36.5,110,0,0,-0.122,97,154,-1,36,0
3589,46,Mujer,7.7,144,52.4,295,0,1,-0.081,272,148,-1.19,36,0
3590,77,Hombre,6.1,109,39.7,150,0,0,0.072,161,107,-3.2,36,0
3591,63,Mujer,7.2,171,37.1,240,0,0,-0.535,141,157,-1.17,36,0
3592,81,Hombre,8.3,149,35.9,795,1,1,-0.531,467,150,-3.15,36,0
3593,60,Hombre,8.2,139,31.9,125,0,1,-0.264,96,123,-0.23,36,0
3594,67,Mujer,9.6,131,34.4,166,0,1,-0.804,74,139,1.97,36,0
3595,53,Mujer,6.3,141,58,64,0,1,-0.416,42,136,2.19,36,0
3596,64,Mujer,7.4,172,48.9,49,0,0,0.147,57,175,-2.61,36,0
3597,62,Hombre,9,135,39.8,182,0,1,-1.243,53,119,1.61,36,0
3598,75,Mujer,7.4,112,45.1,134,1,1,-0.962,51,108,-0.73,36,0
3599,73,Hombre,6,145,34.1,62,0,0,0.16,73,149,-2.42,36,0
3600,69,Mujer,6.4,126,47.1,78,0,0,0.046,82,129,-1.99,36,0
3601,90,Mujer,7.1,119,46.6,219,0,0,0.013,222,114,-2.73,36,0
3602,59,Mujer,7.6,125,56.6,658,0,0,-0.518,392,129,-2.48,5.18,1
3603,65,Hombre,7.6,153,37.2,237,0,0,-0.405,158,171,-1.05,0.22,1
3604,64,Hombre,8.4,112,35.3,260,1,0,-0.753,123,116,-0.51,36,0
3605,54,Mujer,8.5,143,49.8,154,0,1,0.234,195,139,-3.43,36,0
3606,49,Mujer,6.8,127,38.5,75,0,1,-1.036,27,128,0.78,36,0
3607,61,Mujer,10,151,37.1,346,0,1,-0.674,176,138,0.86,36,0
3608,71,Hombre,9.9,135,38.7,129,0,0,0.301,174,134,-2.37,36,0
3609,54,Mujer,7.9,153,48.7,238,0,1,-0.253,185,153,-1.48,36,0
3610,66,Mujer,7.3,156,58.1,33,1,0,-0.055,31,163,-4.81,36,0
3611,86,Hombre,8.7,131,32.3,122,1,0,-0.017,120,123,-5.03,36,0
3612,52,Mujer,10.8,153,52.2,496,0,1,-0.791,225,147,-0.02,36,0
3613,48,Mujer,7.6,121,51,869,0,1,0.213,1076,122,-3.84,36,0
3614,63,Mujer,8.2,113,47.7,30,1,0,-0.428,20,103,-0.56,36,0
3615,74,Hombre,7.2,136,40.5,30,0,0,0.438,46,125,-4.2,36,0
3616,74,Hombre,7,155,44.1,221,1,0,0.904,546,172,-4.37,25.09,1
3617,80,Mujer,6.2,140,55.6,261,0,1,-1.186,80,135,1.04,36,0
3618,51,Mujer,5.6,135,44.5,135,1,1,-0.127,119,120,0.42,36,0
3619,60,Hombre,8.8,157,36.5,170,0,1,0.691,339,143,-4.15,36,0
3620,74,Mujer,7.1,112,27.1,59,1,1,0.212,73,88,-1.71,36,0
3621,75,Mujer,7.3,136,49.2,72,0,0,0.933,183,132,-4.99,35.86,1
3622,59,Hombre,8.8,135,51.9,153,0,1,-0.262,118,128,-1.1,36,0
3623,65,Hombre,9.6,137,44.5,278,1,1,0.126,315,136,-2.77,36,0
3624,81,Mujer,8.3,154,48.7,26,1,0,0.782,57,152,-5.59,36,0
3625,68,Mujer,9.3,144,41.6,377,0,0,0.375,548,145,-2.61,36,0
3626,68,Mujer,6.5,150,35.4,166,1,1,-0.376,114,139,-1.84,36,0
3627,68,Hombre,9.4,124,38.1,304,0,0,-0.451,194,113,-5.21,36,0
3628,52,Hombre,8,145,47,153,1,1,-0.721,74,139,-0.1,36,0
3629,65,Hombre,8.7,126,49.3,129,0,0,0.01,130,128,-1.34,36,0
3630,59,Hombre,8.9,135,42.9,38,0,0,-0.267,29,136,-0.39,36,0
3631,70,Hombre,6.3,140,43.2,24,0,0,-0.04,23,125,-0.01,36,0
3632,52,Hombre,8.4,128,44.6,28,0,1,0.326,39,123,-2.46,36,0
3633,45,Hombre,9.9,125,52.6,98,0,0,0.294,132,128,-1.86,36,0
3634,74,Hombre,6.5,125,40.5,370,1,1,-0.973,140,120,2.47,36,0
3635,68,Hombre,8,154,38.7,78,1,0,0.44,121,151,-3.96,36,0
3636,54,Hombre,9.3,160,52.3,101,1,0,1.435,424,157,-5.72,36,0
3637,68,Mujer,8.4,132,67.1,523,0,1,-1.013,190,133,-1.03,36,0
3638,57,Mujer,7.7,149,55.4,327,0,1,-0.818,144,152,-0.63,36,0
3639,55,Hombre,6.2,128,53.7,4,0,1,-0.239,3,127,1.68,36,0
3640,58,Hombre,6.9,155,44.6,626,1,1,-0.001,625,145,-3.48,8.22,1
3641,56,Hombre,7.3,132,39.2,26,0,1,-0.321,19,119,0.89,36,0
3642,60,Mujer,6.2,142,60.9,14,0,0,0.849,33,134,-1.58,36,0
3643,77,Hombre,6.5,127,47.2,78,0,0,-0.28,59,118,-3.81,36,0
3644,56,Hombre,8.8,112,50.9,123,0,0,0.699,248,110,-3.42,36,0
3645,63,Hombre,9.7,150,60.5,55,0,0,0.661,107,141,-4.42,36,0
3646,52,Hombre,6.9,122,39,127,0,0,0.396,189,125,-1.26,36,0
3647,65,Hombre,9.7,130,45.7,86,0,1,-0.008,85,116,-2.94,36,0
3648,64,Hombre,6.8,102,61.9,34,1,0,0.022,35,105,-1.99,36,0
3649,68,Mujer,7.5,156,59.5,141,1,0,1.222,478,163,-5.74,14.86,1
3650,39,Hombre,7.6,124,44.7,619,0,0,-0.051,588,133,0.01,36,0
3651,60,Hombre,8.6,122,47.5,37,0,0,-0.192,31,104,-1.61,36,0
3652,61,Hombre,9.6,162,59.7,276,0,0,-0.155,236,166,-4.12,36,0
3653,74,Hombre,8.1,134,39.8,114,0,1,-0.116,102,124,-1.42,36,0
3654,80,Mujer,7.9,145,44.3,51,1,0,-0.189,42,162,-1.57,36,0
3655,66,Hombre,10.4,122,51.8,1101,1,1,0.247,1410,117,-3.18,22.19,1
3656,77,Hombre,10.1,135,47.1,122,0,0,-0.157,104,131,-3.33,36,0
3657,68,Hombre,9.4,146,47.8,118,0,1,-0.189,98,128,-2.11,36,0
3658,59,Mujer,7.4,114,40.3,329,0,0,0.218,409,120,-2.32,36,0
3659,72,Mujer,7.3,155,55.6,382,1,1,-0.609,208,156,-1.51,36,0
3660,75,Hombre,7.5,147,60,186,0,1,0.256,240,154,-2.46,36,0
3661,55,Hombre,5.7,132,56.4,87,1,1,0.127,99,128,0.33,36,0
3662,74,Hombre,7,136,70.1,206,0,1,-0.344,146,136,0.65,36,0
3663,82,Hombre,7,141,44.5,39,1,0,-0.131,34,153,-4.74,36,0
3664,69,Hombre,7.1,115,50.9,170,1,1,0.019,173,131,-1.13,36,0
3665,58,Mujer,8.6,146,44.1,129,0,1,-0.215,104,119,-1.28,36,0
3666,66,Hombre,7.2,137,69.2,210,1,0,-0.557,120,131,-2.03,36,0
3667,56,Hombre,7.4,134,56.2,55,0,0,0.514,92,138,-2.02,36,0
3668,63,Hombre,8.4,115,45.6,32,1,0,0.031,33,117,-3.84,36,0
3669,80,Hombre,8,104,42.4,37,0,1,-0.398,25,104,-1.98,36,0
3670,78,Mujer,7.5,119,45.5,166,0,0,-0.082,153,119,-2.21,36,0
3671,67,Hombre,6.6,131,38.9,69,0,0,0.483,112,143,-4.07,36,0
3672,75,Hombre,7.1,138,53.7,42,0,0,0.048,44,145,-2.57,36,0
3673,62,Hombre,7.4,151,35.7,267,0,1,-0.686,134,141,-0.75,36,0
3674,62,Hombre,6.6,139,53.6,54,0,0,-0.224,43,126,-0.67,36,0
3675,67,Hombre,7.6,127,50.3,154,1,0,-0.012,152,139,-5.19,36,0
3676,56,Hombre,6.4,143,57.8,108,0,1,-0.344,77,143,1.7,36,0
3677,65,Hombre,7.7,139,49.2,89,0,1,-0.108,80,133,-1,36,0
3678,53,Mujer,5.5,112,48.7,481,0,1,-1.375,122,98,1.06,36,0
3679,72,Mujer,7.7,152,47.8,496,0,1,-0.202,405,150,-2.99,36,0
3680,68,Mujer,6.4,142,47.3,159,0,0,1.023,442,138,-3.18,34.65,1
3681,62,Mujer,5.7,116,52.1,39,0,0,-0.163,33,123,-0.21,36,0
3682,62,Mujer,6.4,150,61,86,0,0,-0.049,82,138,-0.2,36,0
3683,56,Mujer,7.1,133,56.6,23,0,0,0.874,55,132,-1.58,36,0
3684,63,Mujer,7.4,107,51.6,19,1,1,0.103,21,100,1.17,36,0
3685,70,Hombre,7.1,137,45.1,606,0,1,-0.317,442,127,-2.37,36,0
3686,76,Mujer,11.5,141,43.3,139,0,1,-0.94,54,140,-1.08,36,0
3687,65,Mujer,5.6,144,45.3,49,0,1,0.748,104,130,-2.07,36,0
3688,45,Mujer,7.1,128,75,140,0,1,-0.252,109,108,0.48,36,0
3689,73,Hombre,9.7,135,48.3,353,0,0,-0.461,223,126,-3.27,24.21,1
3690,60,Mujer,7.3,176,53.2,160,1,1,-0.279,121,172,-1.77,36,0
3691,41,Mujer,6.5,118,58.9,42,0,0,-0.159,36,124,2,36,0
3692,72,Mujer,5.5,137,45.5,132,1,0,0.168,156,138,-2.16,36,0
3693,61,Hombre,7.2,135,54.1,165,0,1,0.405,247,125,-3.07,36,0
3694,78,Mujer,7.8,154,47.8,70,0,0,0.672,137,156,-4.28,36,0
3695,65,Mujer,8.1,151,56.5,173,0,1,0.065,185,138,-1.62,36,0
3696,64,Hombre,7.9,132,64.2,10,1,0,-0.605,5,122,-0.46,36,0
3697,53,Mujer,5.9,116,62.1,69,0,1,-0.207,56,110,-1.89,36,0
3698,54,Mujer,8.6,133,45,146,0,1,-0.202,119,131,-1.43,36,0
3699,81,Hombre,8,139,33.9,180,0,0,-0.606,98,142,-1.88,36,0
3700,75,Mujer,10.6,121,33.5,27,0,1,-0.468,17,117,-2.53,36,0
3701,55,Hombre,6.6,119,56.7,74,0,1,0.01,75,108,-0.89,36,0
3702,56,Mujer,7.3,130,53.2,12,0,1,-0.764,6,107,2.98,36,0
3703,65,Mujer,8.6,145,53.5,83,0,1,-0.462,52,131,-1.59,36,0
3704,75,Hombre,8.4,118,56.7,158,0,0,0.889,385,130,-3.54,36,0
3705,65,Hombre,8.8,115,43.6,331,0,1,0.062,352,109,-1.56,36,0
3706,68,Hombre,6.3,132,58.7,249,0,0,0.164,293,144,-3.63,36,0
3707,48,Mujer,7.7,120,41.6,177,0,0,-0.341,126,119,0.77,36,0
3708,50,Hombre,6.5,138,50.2,261,0,1,-0.665,134,141,1.09,36,0
3709,67,Hombre,7.6,122,33.7,303,0,0,-0.164,257,140,-1.6,36,0
3710,90,Mujer,7.8,132,30.3,254,0,0,0.098,280,120,-2.62,36,0
3711,45,Hombre,9.1,105,52.9,338,0,1,-0.315,247,102,-1.67,36,0
3712,67,Mujer,6,120,31,274,0,1,-0.596,151,104,-0.13,36,0
3713,70,Hombre,7.5,166,50,139,0,1,-0.067,130,155,-3.8,36,0
3714,54,Hombre,7.9,140,49.6,90,0,0,-0.774,41,137,-0.52,36,0
3715,53,Mujer,9,101,60.5,36,0,0,-0.188,30,112,0.85,36,0
3716,54,Mujer,7,131,58.4,102,1,1,0.377,149,126,-2.44,36,0
3717,64,Hombre,8.7,144,34.4,135,0,0,0.589,243,136,-4.7,36,0
3718,88,Hombre,6.2,127,38.7,81,1,0,0.254,104,121,-1.66,36,0
3719,30,Hombre,5.9,141,63.1,32,0,1,0.322,44,133,0.01,36,0
3720,41,Mujer,8.1,120,64.2,46,0,0,-0.39,31,127,-0.29,36,0
3721,72,Mujer,7,145,39.5,119,0,1,-1.086,40,133,-0.31,36,0
3722,64,Mujer,9.2,145,42,270,0,1,-0.672,138,126,1.49,36,0
3723,54,Hombre,7.1,158,42,327,0,0,0.302,442,155,-3.34,36,0
3724,63,Hombre,6,123,41.6,163,0,0,0.108,182,132,-1.45,36,0
3725,62,Hombre,8,114,44.2,31,0,0,0.017,32,110,-3.1,36,0
3726,65,Hombre,8.1,116,67.3,52,1,1,-0.479,32,118,-0.37,36,0
3727,45,Mujer,6.9,133,42,57,0,0,0.377,83,148,-1.5,36,0
3728,63,Hombre,7.5,113,36.9,157,0,1,-1.157,49,96,1.04,36,0
3729,60,Mujer,8.6,130,59.8,42,0,1,0.076,45,122,0.02,36,0
3730,61,Mujer,5.8,124,34.8,507,0,1,-1.517,111,132,1.82,36,0
3731,71,Mujer,6.9,152,50.2,154,0,1,-0.399,103,148,0.44,36,0
3732,68,Hombre,6,129,37.2,57,1,0,0.026,59,132,-2.64,36,0
3733,73,Hombre,7.3,148,33.7,57,1,1,0.274,75,155,-2.21,36,0
3734,74,Mujer,8.6,147,34.5,173,1,1,-0.326,125,149,-1.69,36,0
3735,72,Hombre,10.3,154,46.5,232,1,1,-0.524,137,156,-1.4,36,0
3736,54,Hombre,9,138,54.3,80,0,1,0.513,134,139,-0.75,36,0
3737,53,Mujer,7.5,136,44.1,489,1,1,-0.496,298,118,-0.4,36,0
3738,69,Hombre,8.9,135,32.6,541,1,0,-0.635,287,143,-3.41,36,0
3739,67,Hombre,5.9,170,45.2,105,1,0,0.261,136,181,-3.5,36,0
3740,59,Hombre,7.4,134,50.5,40,0,0,-0.336,29,134,-1.13,36,0
3741,66,Mujer,5.5,139,50.6,37,0,0,-0.013,37,147,-2.49,36,0
3742,68,Mujer,7,121,31.1,75,0,1,-0.329,54,119,-0.36,36,0
3743,51,Mujer,9.2,120,48.4,426,0,1,0.016,433,123,-2.16,36,0
3744,82,Hombre,6.4,104,46.6,317,0,0,-0.998,117,115,-0.71,36,0
3745,41,Hombre,7.9,121,44.2,123,0,0,-0.11,110,121,-1.37,36,0
3746,64,Mujer,5.9,147,35.7,37,1,0,-0.156,32,152,-1.89,36,0
3747,58,Mujer,8.4,141,51.5,187,1,1,0.117,210,122,-2.1,36,0
3748,68,Hombre,11.1,103,21.3,239,0,0,-0.401,160,103,-3.8,19.17,1
3749,73,Hombre,7.5,142,40.5,178,0,1,-0.876,74,143,-0.29,36,0
3750,69,Hombre,8.4,139,36.6,96,0,1,-0.492,59,133,1.36,36,0
3751,57,Hombre,9.2,142,43.4,30,0,1,-0.029,29,152,-1.71,36,0
3752,53,Hombre,6,151,49.5,20,0,0,1.086,59,153,-2.96,36,0
3753,73,Hombre,6.8,127,42.9,184,0,1,0.176,219,116,-2.86,33.14,1
3754,83,Hombre,7.5,134,44,135,0,0,0.634,254,142,-6.09,36,0
3755,74,Hombre,7.5,119,40.9,96,0,1,-0.697,48,112,0.28,36,0
3756,61,Hombre,8.9,156,43.8,186,0,1,0.281,246,149,-4.93,36,0
3757,60,Hombre,8.8,100,37.8,245,0,1,-0.507,148,93,1.88,36,0
3758,46,Mujer,7.5,137,74.8,60,0,1,-0.214,48,126,0.8,36,0
3759,89,Hombre,11,128,34.4,37,1,0,0.695,74,118,-3.96,36,0
3760,47,Mujer,8.6,126,36,266,0,0,-0.294,198,125,-2.21,36,0
3761,60,Mujer,7.1,144,43.3,933,0,1,-0.119,828,146,-0.68,36,0
3762,75,Hombre,6.6,150,33.2,18,0,0,0.105,20,166,-1.69,36,0
3763,82,Hombre,6.1,163,34.4,333,0,0,0.401,497,167,-3.27,36,0
3764,59,Hombre,9.6,119,44.8,36,0,0,0.703,73,114,-2.92,36,0
3765,77,Hombre,7.1,134,40.3,621,0,0,0.336,869,136,-3.82,36,0
3766,65,Hombre,8.1,144,47,36,1,1,0.002,36,128,-1.48,36,0
3767,56,Mujer,9,139,54.9,493,0,1,0.328,684,109,-3.85,36,0
3768,69,Hombre,6.4,145,53,46,0,1,-0.631,24,158,0.77,36,0
3769,62,Hombre,7.3,137,52.3,284,0,0,0.813,640,147,-4.04,36,0
3770,57,Mujer,8.9,110,37,69,0,0,0.052,73,119,-0.62,36,0
3771,80,Hombre,6.6,145,42.3,324,1,0,-0.141,281,156,-4.04,36,0
3772,72,Hombre,7.4,143,50.8,73,1,0,0.211,90,138,-3.29,36,0
3773,67,Mujer,8.8,148,38.9,113,0,1,0.262,147,139,-4.82,36,0
3774,55,Mujer,9.1,123,46.2,72,0,1,0.844,167,128,-1.3,24.41,1
3775,64,Hombre,9.3,129,44.1,438,0,0,0.393,649,114,-4.58,36,0
3776,74,Mujer,9.7,129,39.5,351,0,0,0.401,524,139,-4.9,36,0
3777,62,Mujer,7.5,146,33.6,28,0,0,0.386,41,144,-3.51,36,0
3778,59,Mujer,7.2,112,43.2,83,0,0,-0.235,66,120,0.22,36,0
3779,62,Hombre,7.1,132,64.6,60,1,1,0.28,79,137,-2.73,36,0
3780,56,Hombre,6.2,120,61.8,29,0,0,0.644,55,120,-1.85,36,0
3781,53,Mujer,7.8,136,56.1,33,0,1,0.046,35,143,-0.49,36,0
3782,60,Hombre,7.1,152,41.8,177,0,0,0.06,188,146,-3,36,0
3783,45,Hombre,6.5,126,37.2,211,0,0,-0.249,164,129,-1.18,36,0
3784,48,Mujer,6.1,146,43.7,20,1,0,0.994,54,135,-2.2,36,0
3785,76,Hombre,6.9,146,39.2,172,0,0,-0.022,168,159,-2.41,36,0
3786,64,Hombre,6.6,143,37.9,97,0,1,-0.013,96,144,0.15,36,0
3787,53,Hombre,6.9,141,50.6,21,0,0,0.948,54,144,-3.86,36,0
3788,63,Mujer,8.6,123,27.1,140,0,1,0.046,147,106,-3.1,36,0
3789,63,Hombre,5.7,162,38,19,1,0,0.719,39,157,-3.55,36,0
3790,74,Mujer,10.7,144,51.7,206,0,0,0.569,364,157,-3.35,36,0
3791,56,Hombre,8.8,150,38.7,2977,0,1,-1.246,856,154,1.55,36,0
3792,74,Hombre,7.2,147,23.6,463,0,0,-0.629,247,160,-1.42,36,0
3793,65,Mujer,7.7,173,47.7,761,1,0,-0.4,510,169,-4.12,36,0
3794,75,Hombre,8.5,124,46.2,29,0,0,-0.03,28,131,-1.69,36,0
3795,58,Mujer,9.3,147,52.3,147,0,1,0.419,224,143,-3.92,36,0
3796,65,Hombre,10.5,151,50.7,525,0,1,-0.241,413,143,-2.91,11.72,1
3797,66,Mujer,9.2,155,36.3,157,1,1,0.192,190,137,-3.56,36,0
3798,54,Hombre,9.2,106,40.7,427,0,1,-0.009,423,100,-2.38,36,0
3799,67,Hombre,5.8,105,55.6,43,0,0,-0.813,19,102,1.41,36,0
3800,61,Mujer,5.8,146,50.2,201,0,0,-0.538,117,142,0.77,36,0
3801,57,Mujer,5.7,144,44.1,126,0,1,-0.283,95,136,-0.7,36,0
3802,53,Hombre,9.7,125,62.8,222,1,1,0.065,237,120,-1.98,36,0
3803,68,Mujer,7.5,150,60.1,1420,0,1,-0.751,670,154,-0.35,36,0
3804,65,Hombre,8.9,141,45.7,39,0,1,-0.158,33,134,0.8,36,0
3805,64,Mujer,7.5,123,42.9,1232,0,0,0.151,1433,117,-3.3,36,0
3806,64,Hombre,8,126,31.7,144,0,0,-0.424,94,125,-1.8,36,0
3807,50,Hombre,5.5,128,59.8,25,0,0,-0.313,18,125,-0.53,36,0
3808,64,Mujer,5.9,139,45.5,46,0,1,-0.352,32,136,0.54,36,0
3809,59,Hombre,8.7,150,43.9,33,1,0,0.688,66,144,-2.12,36,0
3810,68,Hombre,7.3,172,46.4,159,0,0,0.813,359,175,-7.18,36,0
3811,67,Hombre,6.7,119,37.6,31,0,0,0.483,50,112,-1.9,36,0
3812,53,Hombre,7.5,136,44.6,44,0,1,0.109,49,137,0.08,36,0
3813,54,Mujer,5.5,114,58.2,9,0,0,-0.085,8,113,-0.41,36,0
3814,57,Hombre,6.5,130,42.1,234,1,0,0.496,384,128,-2.15,36,0
3815,76,Hombre,7.1,125,59.3,17,0,1,0.062,18,117,-1.85,36,0
3816,69,Mujer,8.9,162,62.9,167,0,1,-0.18,140,155,-2.48,36,0
3817,62,Hombre,7.4,106,40.4,40,0,0,0.687,80,104,-1.52,36,0
3818,72,Hombre,9.6,125,56.8,168,0,1,-0.148,145,114,-2.97,36,0
3819,70,Mujer,6.5,146,51.8,109,0,0,-0.613,59,147,0.13,36,0
3820,54,Mujer,10.9,143,61.4,78,0,0,0.386,115,152,-1.61,36,0
3821,74,Hombre,8.3,151,60.8,460,0,1,0.53,782,151,-3.25,36,0
3822,65,Mujer,8.1,154,28.1,530,0,0,-0.408,352,157,-2.38,36,0
3823,70,Mujer,5.5,142,46.8,112,0,0,-0.206,91,151,-1.76,36,0
3824,65,Hombre,7.8,129,37.4,48,0,0,0.32,66,130,-1.86,36,0
3825,69,Hombre,9.5,142,40.8,1089,1,1,-1.057,378,128,-0.12,36,0
3826,53,Hombre,7.1,177,40.2,113,0,0,0.378,165,183,-2.98,36,0
3827,62,Mujer,8.4,132,40.4,169,0,0,-0.474,105,134,-2.5,36,0
3828,64,Hombre,7.5,122,43,111,0,0,0.353,158,122,-3.77,36,0
3829,73,Mujer,8.4,133,55.9,135,1,0,-0.295,101,148,-3.47,36,0
3830,73,Hombre,8.3,152,44.7,131,1,1,0.254,169,150,-2.43,36,0
3831,68,Mujer,8.6,142,43.2,115,0,0,0.067,123,143,-1.21,36,0
3832,80,Mujer,8.8,106,53.6,51,0,0,0.364,73,107,-2.94,36,0
3833,59,Hombre,6,146,45.3,54,0,1,-0.152,46,140,-0.75,36,0
3834,66,Hombre,7.3,122,47.8,61,0,0,0.079,66,119,0.1,36,0
3835,54,Mujer,7,152,55.7,81,1,1,-0.33,58,135,-1.66,36,0
3836,64,Mujer,8.5,118,52.1,98,1,0,-0.234,78,112,-1.89,36,0
3837,50,Hombre,7.3,131,45.6,66,1,1,-0.048,63,131,-2.22,36,0
3838,63,Hombre,7.7,136,45.7,192,1,1,-0.414,127,138,-1.41,36,0
3839,75,Hombre,9.4,143,42.6,864,1,0,0.598,1572,122,-6.18,36,0
3840,62,Mujer,7.7,105,44.8,62,0,1,-1.125,20,98,1.99,36,0
3841,67,Mujer,6.8,137,37.6,31,0,0,0.143,36,125,-2.52,36,0
3842,62,Hombre,8.8,139,48.1,197,1,1,-0.255,153,127,-2.15,19.11,1
3843,57,Hombre,11.1,150,52.3,727,0,1,-0.592,402,142,-1.53,36,0
3844,63,Hombre,8.9,133,44.9,867,0,1,-0.465,545,123,-3.03,36,0
3845,58,Mujer,10,143,38.2,135,1,1,-0.695,67,124,-1.75,36,0
3846,54,Mujer,8.4,117,59.9,48,0,1,-0.034,46,106,-0.67,36,0
3847,69,Mujer,8.5,145,42.1,62,0,1,-0.631,33,162,-0.92,36,0
3848,89,Hombre,7.2,112,47.1,44,1,0,0.062,47,106,-1.99,36,0
3849,62,Mujer,6.9,153,59.6,264,0,1,-0.247,206,146,-1.24,36,0
3850,63,Mujer,9.3,126,44.4,188,1,1,-0.663,97,119,0.26,16.24,1
3851,68,Hombre,6.8,127,48.9,122,0,0,-0.046,117,119,-2.89,36,0
3852,61,Mujer,8.4,134,50.1,273,1,0,-0.267,209,145,-3.11,36,0
3853,69,Mujer,8.9,126,47,142,0,1,-1.106,47,114,-0.55,36,0
3854,58,Hombre,6.5,135,46,249,0,1,-0.839,108,141,0.53,36,0
3855,66,Hombre,8,129,44.2,161,0,0,0.304,218,123,-2.05,36,0
3856,62,Hombre,7,158,33.5,972,1,1,-0.697,484,140,-3.3,36,0
3857,50,Hombre,7.6,134,44.7,79,0,0,-0.188,65,144,-2.58,36,0
3858,66,Hombre,8.6,138,46.5,185,0,0,-0.192,153,129,-2.22,36,0
3859,72,Hombre,7.5,148,55.4,63,1,0,0.13,72,158,-3.8,36,0
3860,66,Mujer,9,128,35.4,46,0,0,1.083,136,121,-4.46,36,0
3861,45,Mujer,6.5,119,65.7,23,0,1,-0.611,12,111,-0.23,36,0
3862,66,Hombre,7.6,154,57,186,0,1,0.391,275,160,-3.87,36,0
3863,77,Hombre,7.3,161,44.8,215,0,1,-0.152,185,168,-2.26,36,0
3864,63,Hombre,8.7,170,55.6,68,0,0,0.989,183,175,-2.41,36,0
3865,62,Hombre,7.8,161,32.2,60,1,0,0.323,83,158,-4.99,36,0
3866,58,Hombre,7.6,134,40.9,77,0,0,0.986,206,128,-2.79,30.84,1
3867,50,Hombre,9.6,137,45.5,244,0,1,-0.38,167,124,-1.01,36,0
3868,58,Mujer,7.2,141,54.3,179,0,0,0.329,249,149,-1.86,36,0
3869,56,Mujer,8.2,131,62.8,89,0,1,-0.357,62,119,0.74,36,0
3870,65,Mujer,8,117,38.1,247,0,0,-0.344,175,116,-3.48,36,0
3871,78,Hombre,8.3,148,48,203,1,0,-0.71,100,141,-4.14,36,0
3872,54,Mujer,8.5,123,46.6,168,0,1,-0.208,136,114,-1.51,36,0
3873,71,Hombre,5.7,141,49.8,31,1,0,-0.349,22,128,-1.74,36,0
3874,48,Hombre,6.3,137,58.6,227,0,1,-0.37,157,134,-0.3,36,0
3875,50,Hombre,7.9,133,53.6,142,0,1,-0.057,134,128,-0.17,36,0
3876,51,Mujer,7.3,141,45.8,44,0,1,0.043,46,130,-2.42,36,0
3877,52,Hombre,10.3,143,55.9,152,0,0,0.146,176,141,-3.22,36,0
3878,76,Hombre,9.8,127,58.8,40,1,0,0.999,109,134,-2.17,36,0
3879,62,Mujer,10.7,119,40.5,782,0,1,-1.163,244,118,-0.33,36,0
3880,74,Hombre,6.4,119,55.5,123,1,0,-0.089,113,117,-3.17,36,0
3881,70,Mujer,9.9,103,33.4,715,1,0,-0.59,396,103,-1.28,36,0
3882,76,Hombre,6,131,48.9,22,0,0,0.673,43,115,-1,36,0
3883,52,Hombre,8.1,119,27.6,97,0,0,-0.344,69,129,-0.97,36,0
3884,71,Mujer,8.6,170,62.8,208,0,1,0.267,272,166,-3.81,36,0
3885,46,Mujer,8.5,131,47.6,244,0,1,-0.441,157,121,-0.08,36,0
3886,68,Mujer,10.5,162,50.2,73,0,0,0.429,112,158,-3.46,36,0
3887,57,Hombre,7.8,143,50.8,44,0,1,-0.6,24,140,-1.09,36,0
3888,59,Hombre,8.2,101,48,7,0,0,1.198,23,102,-2.38,36,0
3889,57,Hombre,7.4,108,42.4,61,0,0,0.343,86,108,-0.68,36,0
3890,58,Hombre,8,123,60.4,38,1,1,-0.456,24,116,0.54,36,0
3891,63,Mujer,9,140,51.2,133,0,0,-0.385,90,125,-2.4,36,0
3892,57,Hombre,8,106,60.3,72,0,0,-0.207,59,102,-0.31,36,0
3893,86,Hombre,9.6,127,58.4,50,0,1,-0.001,50,120,-2.81,36,0
3894,89,Hombre,6.9,152,52.6,129,1,0,0.783,282,145,-3.74,36,0
3895,58,Mujer,5.5,146,50.8,47,0,0,0.601,86,145,-2.68,36,0
3896,64,Mujer,8.4,149,33.2,47,1,0,-0.583,26,156,-1.58,36,0
3897,62,Hombre,9.1,117,45.7,68,0,0,0.041,71,116,-2.23,36,0
3898,68,Hombre,7.4,138,60.8,101,1,0,-0.331,73,132,-2.61,36,0
3899,68,Mujer,6.8,137,35.6,155,0,0,0.006,156,119,-2.05,36,0
3900,81,Mujer,8.6,157,33.1,47,0,0,1.488,208,164,-6.2,36,0
3901,69,Hombre,9.2,135,61,90,0,1,0.488,147,124,-3.2,36,0
3902,80,Mujer,7.3,148,51.8,172,0,0,0.014,174,140,-4.08,36,0
3903,46,Mujer,8.4,145,40.8,79,0,0,0.351,112,137,-3.23,36,0
3904,87,Mujer,5.6,154,32.1,259,1,0,0.408,390,153,-3.37,36,0
3905,68,Hombre,10.7,133,42.7,52,0,1,-0.41,35,130,-0.02,36,0
3906,46,Hombre,8.4,142,46.1,229,0,1,-0.106,206,162,-2.61,36,0
3907,61,Hombre,7.9,129,43.3,445,1,0,0.371,645,133,-2.14,36,0
3908,84,Hombre,7.6,121,36,343,0,0,-0.493,210,132,-2.01,36,0
3909,58,Hombre,7.7,131,47.8,60,1,0,0.148,70,119,-0.56,36,0
3910,66,Mujer,8.7,116,59.3,127,0,0,-0.135,111,115,-1.11,36,0
3911,78,Mujer,7.7,156,39.8,196,0,1,0.031,202,154,-2.55,36,0
3912,65,Hombre,10.4,154,53.8,202,1,1,-0.787,92,144,-2.98,36,0
3913,58,Hombre,8.2,125,35.4,78,0,1,-0.176,65,126,-1.38,36,0
3914,65,Mujer,8.1,134,56.4,177,0,0,-0.054,168,147,-1.64,36,0
3915,69,Hombre,6.8,139,43.8,77,1,0,0.114,86,147,-1.65,36,0
3916,70,Mujer,7.4,146,30.8,99,1,0,0.157,116,135,-4.53,36,0
3917,62,Mujer,8.9,156,44.4,768,0,0,0.172,912,161,-3.55,36,0
3918,68,Mujer,7.4,142,55.1,20,0,1,0.443,31,143,-3.4,36,0
3919,62,Hombre,9.8,127,33,244,0,1,0.015,248,129,-2.52,36,0
3920,63,Hombre,7.1,120,45.4,367,0,0,-0.395,247,116,0.09,36,0
3921,63,Hombre,5.5,144,36.6,318,0,1,-0.902,129,142,0.64,36,0
3922,74,Hombre,6.1,145,20.3,47,0,0,0.139,54,150,-3.2,36,0
3923,83,Hombre,8.3,126,55.9,108,1,0,0.127,123,113,-3.32,36,0
3924,68,Mujer,9.1,139,43,17,1,1,0.451,27,121,-2.93,36,0
3925,60,Hombre,6.3,121,33.4,30,0,0,0.177,36,112,-0.34,36,0
3926,84,Hombre,8.5,141,40.9,293,1,0,-0.035,283,153,-3.49,36,0
3927,50,Mujer,7.5,119,51.7,64,0,0,-0.281,48,119,-1.23,36,0
3928,66,Hombre,9.5,136,33.8,189,1,1,0.265,246,132,-2.01,36,0
3929,86,Mujer,7.5,132,33.9,345,0,0,0.518,579,141,-5.21,3.09,1
3930,81,Mujer,8.3,145,25.2,80,1,0,0.647,153,141,-4.89,36,0
3931,72,Hombre,7.1,122,64.6,105,0,0,0.02,107,106,-0.3,36,0
3932,67,Mujer,7.1,129,33.1,262,0,0,-0.478,162,129,-2.28,36,0
3933,69,Hombre,6.5,159,53.6,231,0,0,0.949,597,171,-5.17,35.68,1
3934,62,Hombre,7.3,114,48.7,35,1,1,0.361,50,97,-1.25,36,0
3935,65,Mujer,6.6,124,42,235,0,0,0.019,240,130,-1.91,36,0
3936,49,Hombre,6.9,97,64.7,19,0,0,0.437,29,99,-1.53,36,0
3937,70,Mujer,9.1,146,40.6,269,0,0,0.682,532,142,-6.19,36,0
3938,80,Hombre,6.2,118,39.6,677,0,0,0.593,1225,112,-3.27,36,0
3939,63,Hombre,5.6,146,47.2,19,0,0,0.137,22,146,-2.4,36,0
3940,63,Hombre,7.5,118,39,112,0,1,-0.341,80,127,-0.69,36,0
3941,86,Mujer,7.6,130,31.9,509,0,0,0.287,679,125,-1.93,36,0
3942,63,Mujer,8.1,131,20,128,0,1,0.397,190,117,-2.03,36,0
3943,58,Hombre,7.8,136,53.7,145,0,1,-0.109,130,129,-3.48,36,0
3944,70,Mujer,7.9,141,47.6,202,0,1,-0.614,109,130,0.69,36,0
3945,58,Hombre,9.1,159,33.9,194,0,0,0.276,256,161,-4.12,36,0
3946,42,Hombre,7.9,118,52.3,140,0,1,0.765,301,127,-2.18,36,0
3947,66,Hombre,9.2,155,47.4,238,0,1,-0.882,99,159,0.28,36,0
3948,45,Hombre,8.8,142,54.6,87,1,1,-0.32,63,129,1.22,36,0
3949,78,Hombre,6.3,148,51.9,86,0,1,-0.445,55,136,0.11,36,0
3950,86,Hombre,8.6,116,32.1,80,1,0,0.274,105,120,-3.91,36,0
3951,59,Hombre,7.4,130,38.2,144,1,0,0.035,149,128,-5.25,36,0
3952,68,Mujer,7.8,165,50.1,32,1,0,0.284,43,161,-3.05,36,0
3953,61,Mujer,6.7,118,53.1,197,0,1,-0.183,164,125,-0.78,36,0
3954,79,Hombre,9.2,126,49.6,65,1,0,1.476,284,124,-4.06,36,0
3955,77,Mujer,8.9,159,45.1,234,0,0,-0.267,179,157,-3.03,36,0
3956,59,Hombre,6.9,141,50.2,82,0,0,0.537,140,137,-1.35,36,0
3957,70,Hombre,9.4,133,39.5,256,1,0,-0.119,227,132,-3.94,15.16,1
3958,59,Mujer,5.5,126,41.2,31,1,0,0.129,35,116,-3.18,36,0
3959,56,Hombre,7.5,128,40,58,1,1,-0.517,35,122,-1.11,36,0
3960,74,Mujer,7.9,164,43.7,89,0,0,-0.217,72,168,-3.25,36,0
3961,61,Hombre,10.4,153,24.2,123,0,0,0.315,169,143,-4.34,36,0
3962,60,Hombre,7.2,115,60.4,92,0,1,-0.873,38,95,0.46,36,0
3963,48,Mujer,7.6,116,64.6,73,0,1,-0.343,52,99,1.19,36,0
3964,53,Mujer,6.5,97,52.4,290,0,0,0.398,432,99,-0.96,36,0
3965,63,Mujer,8.4,171,36.9,110,0,0,0.512,184,164,-3.26,36,0
3966,49,Mujer,7.8,131,49.7,391,0,1,-0.762,182,139,-0.75,36,0
3967,56,Mujer,6.1,126,51.6,271,0,0,1.089,805,124,-3.88,36,0
3968,68,Mujer,7.1,143,43.2,228,1,0,-0.132,200,127,-4.09,36,0
3969,66,Mujer,7.9,133,39.7,112,1,0,0.273,147,139,-3.64,36,0
3970,62,Mujer,8,150,38.4,83,1,1,-0.019,81,132,-1.37,36,0
3971,61,Mujer,8.3,122,55.7,208,0,1,-0.378,142,111,-0.68,36,0
3972,79,Hombre,7.2,133,49.4,359,1,1,-0.187,298,127,-3.78,36,0
3973,58,Mujer,8.8,127,56.3,706,0,1,-0.455,448,120,-1.89,36,0
3974,69,Mujer,5.5,169,42.4,20,1,0,0.282,27,165,-1.37,36,0
3975,69,Hombre,6.8,124,44.9,67,0,0,-0.22,54,130,-0.53,36,0
3976,55,Mujer,8.2,148,49,68,0,1,0.058,72,133,-2.16,36,0
3977,68,Mujer,7.8,161,48.6,205,0,1,-0.769,95,154,-1.03,36,0
3978,60,Hombre,8.9,122,29.7,814,0,0,-0.471,508,127,-4.81,36,0
3979,66,Mujer,6.8,106,59.1,19,1,1,-0.413,13,105,1.73,36,0
3980,69,Hombre,8.4,112,60.7,219,0,0,0.019,223,113,-3.69,36,0
3981,76,Hombre,7.7,136,47,187,0,0,-0.205,152,138,-4.29,36,0
3982,82,Mujer,7.3,144,39.1,156,1,0,0.476,251,140,-3.8,36,0
3983,59,Hombre,7.8,95,58.1,166,1,1,0.165,196,100,-1.39,36,0
3984,59,Hombre,6.5,137,43.7,25,0,0,1.625,127,149,-2.43,36,0
3985,60,Mujer,7.7,117,54.5,137,1,1,-0.565,78,101,1.32,36,0
3986,84,Mujer,8.4,138,58.4,159,1,0,0.324,220,132,-4.55,36,0
3987,59,Hombre,9.4,115,61.1,95,1,1,-0.54,55,106,0.23,36,0
3988,78,Hombre,6.9,148,50.9,109,0,1,-0.153,94,140,-3.81,36,0
3989,59,Mujer,8.8,134,51.8,103,0,1,0.007,104,136,-1.16,36,0
3990,49,Mujer,7.2,119,56.3,59,0,0,0.426,90,126,-1.93,36,0
3991,78,Hombre,9.6,148,47.4,1000,0,1,-1.065,345,138,-0.28,36,0
3992,54,Hombre,9.2,129,54.9,79,1,1,0.046,83,122,-3.33,36,0
3993,68,Hombre,7,122,48.3,44,0,0,0.603,80,117,-2.15,36,0
3994,57,Mujer,8.3,106,55.5,54,0,0,-0.208,44,104,-0.55,36,0
3995,44,Mujer,7.7,133,57.2,267,0,1,-0.507,161,116,1.57,36,0
3996,53,Hombre,8,100,52.2,302,0,1,-0.64,159,94,1.68,36,0
3997,58,Hombre,8.9,135,48.5,108,0,1,-0.61,59,124,-0.8,36,0
3998,62,Hombre,8.3,151,48.6,134,0,1,-0.272,102,141,-2.29,36,0
3999,60,Mujer,7,142,52,45,0,0,0.795,100,144,-1.94,36,0
4000,54,Hombre,9.1,142,53.4,67,1,1,-0.097,61,140,-0.7,36,0
4001,59,Mujer,8.7,124,41.7,298,1,1,-0.316,217,108,0.16,36,0
4002,62,Hombre,7.2,123,39.9,119,1,0,-0.528,70,108,-0.9,36,0
4003,63,Hombre,6.4,124,52.1,79,1,1,-0.809,35,127,0.68,36,0
4004,75,Hombre,7,144,33.6,112,1,0,-0.263,86,133,-1.86,36,0
4005,67,Mujer,8.2,158,64.3,38,0,1,0.45,60,144,-3.59,36,0
4006,73,Mujer,7.2,145,49.7,133,0,0,-0.046,127,150,-1.71,36,0
4007,62,Hombre,7.6,148,50.6,29,0,0,-0.301,21,137,1.09,36,0
4008,68,Hombre,7.6,128,61,97,0,0,0.336,136,138,-1.8,36,0
4009,86,Mujer,8.3,131,54,42,1,0,0.389,62,128,-4.05,36,0
4010,87,Hombre,7.9,142,40.4,203,1,0,-0.832,88,154,-2.28,36,0
4011,79,Mujer,5.7,167,39.7,148,0,0,-0.181,123,167,-2.58,36,0
4012,67,Mujer,5.5,134,44.3,272,0,1,-0.15,234,122,-1.51,36,0
4013,55,Mujer,7.4,128,65.9,200,1,1,-0.249,156,122,-0.82,36,0
4014,78,Hombre,6.2,135,38.4,83,0,0,0.002,83,126,-2.96,36,0
4015,62,Mujer,7.6,146,39.6,209,0,0,-0.362,145,149,-3.16,36,0
4016,60,Hombre,8.1,128,44.5,206,0,0,0.133,235,135,-1.47,36,0
4017,51,Mujer,7.6,140,58.9,123,0,1,-0.988,46,130,0.9,36,0
4018,78,Mujer,7.6,163,53.3,39,0,0,0.034,40,165,-2.34,36,0
4019,72,Mujer,8.8,147,40.2,46,0,1,-1.273,13,133,0.97,36,0
4020,72,Mujer,10.1,145,39.6,145,0,1,-1.275,40,132,-0.16,36,0
4021,61,Mujer,9.9,136,38.6,657,0,0,-0.166,556,128,-4.05,36,0
4022,70,Hombre,8.3,112,46.4,92,0,1,-0.503,56,110,1.56,36,0
4023,48,Hombre,6.3,148,53.2,229,0,1,0.519,385,147,-3.09,36,0
4024,60,Hombre,7.2,134,36.7,205,1,0,0.016,208,146,-1.51,36,0
4025,58,Hombre,7.4,144,44.8,281,1,0,-0.039,270,143,-3.51,36,0
4026,83,Mujer,6.9,137,31.5,61,0,1,-1.089,21,121,0.19,36,0
4027,61,Hombre,8.6,135,48.6,181,0,0,0.13,206,128,-3.34,36,0
4028,64,Hombre,9.1,145,33.8,661,0,1,-0.672,338,142,-1.43,36,0
4029,54,Mujer,8.8,161,57.4,41,0,1,-0.112,37,149,-1.73,36,0
4030,67,Hombre,8,115,55.4,155,0,1,-0.303,114,115,-1.71,36,0
4031,58,Hombre,6.5,129,51.6,164,0,0,0.52,276,119,-1.84,36,0
4032,73,Mujer,8.8,115,43.7,129,0,1,0.026,132,102,-1.52,36,0
4033,73,Mujer,7.3,120,37.6,19,0,0,0.228,24,109,-1.65,15.09,1
4034,59,Mujer,7.7,137,52.1,58,0,0,0.486,94,139,-2.32,36,0
4035,70,Hombre,5.9,127,51.2,34,0,0,0.065,36,133,-2.21,36,0
4036,70,Mujer,9,141,31.3,95,0,0,0.206,117,135,-4.23,36,0
4037,59,Hombre,7.8,150,45.7,274,0,0,0.628,513,147,-6.1,36,0
4038,58,Mujer,8.8,131,42.1,374,1,0,0.042,390,123,-3.36,36,0
4039,63,Mujer,7.6,139,65.8,24,0,0,0.866,57,135,-2.03,36,0
4040,62,Hombre,8.6,145,44.1,266,0,0,0.542,458,136,-4.66,36,0
4041,71,Mujer,8.4,151,44.5,79,0,0,-0.014,78,150,-4.36,36,0
4042,69,Hombre,8.8,127,32.7,253,1,1,-0.359,177,139,0.02,36,0
4043,53,Mujer,8.1,139,58.6,66,1,1,-0.507,40,138,-0.3,36,0
4044,80,Mujer,9.5,153,37.9,122,0,0,0.305,166,152,-3.88,36,0
4045,71,Hombre,5.5,138,50.6,17,0,1,-0.122,15,145,-0.75,36,0
4046,63,Mujer,7.8,144,47.4,77,0,0,0.385,113,150,-1.96,36,0
4047,67,Mujer,6.7,150,35.8,29,0,1,0.356,41,146,-2.95,36,0
4048,64,Mujer,9.2,140,62.6,328,1,1,0.47,525,133,-3.27,36,0
4049,66,Hombre,8.9,116,59.1,56,0,1,0.127,64,114,-1.17,36,0
4050,64,Mujer,7.2,149,43.1,89,0,0,-0.601,49,140,-1.69,36,0
4051,80,Hombre,6.6,137,20,270,0,0,-0.17,228,146,-3.74,36,0
4052,62,Mujer,9.6,124,54.3,92,0,1,-0.471,57,122,0.23,36,0
4053,72,Hombre,9.9,135,46.1,84,0,0,-0.199,69,132,-2.52,36,0
4054,78,Hombre,8.3,129,39,326,0,0,-0.382,222,137,-2.47,36,0
4055,64,Mujer,7.6,124,45.7,228,0,0,-0.136,199,128,-0.65,33.98,1
4056,40,Mujer,7.3,126,59.9,89,0,0,0.873,213,128,-2.74,36,0
4057,69,Hombre,8.1,144,56.7,150,0,0,-0.037,145,160,-2.89,36,0
4058,49,Mujer,6.3,130,46,16,1,1,-0.314,12,119,-0.32,36,0
4059,80,Hombre,6.5,146,45.3,88,0,0,0.466,140,144,-3.07,36,0
4060,61,Hombre,8.9,145,61.4,1077,0,1,0.491,1760,148,-3.39,36,0
4061,57,Hombre,7.2,141,59.5,237,0,1,0.737,495,148,-3.54,36,0
4062,59,Mujer,7.9,165,43.9,103,0,0,0.075,111,187,-4.15,36,0
4063,42,Mujer,10,151,65,503,0,1,-0.448,321,143,-1.03,36,0
4064,73,Hombre,9,150,54.5,10,1,0,0.305,14,150,-4.28,36,0
4065,52,Mujer,9.1,160,38,49,0,1,-0.012,48,148,-1.59,36,0
4066,60,Hombre,7.7,132,34.6,270,1,0,0.013,273,127,-3.07,36,0
4067,58,Mujer,6,150,41,53,1,0,-0.006,53,166,-1.58,36,0
4068,50,Mujer,8.6,115,27.4,152,0,1,-0.006,151,116,-2.2,36,0
4069,48,Hombre,9.4,122,47.2,214,0,1,0.014,217,121,-0.84,36,0
4070,72,Hombre,8.9,147,57.8,501,1,1,-0.743,238,146,-1.1,36,0
4071,73,Mujer,5.5,135,43.1,245,0,1,-0.987,91,136,0.63,36,0
4072,55,Mujer,7.6,135,49,217,0,0,0.115,243,131,-3.43,36,0
4073,67,Hombre,10.4,163,53.3,76,0,1,0.541,131,160,-4.6,36,0
4074,66,Mujer,9.6,119,44.6,204,0,0,-0.246,160,121,-1.39,36,0
4075,64,Mujer,6.5,143,48,147,0,0,0.075,158,138,-3.62,36,0
4076,69,Hombre,7.9,131,51.9,118,1,1,-0.381,81,124,-3.65,36,0
4077,76,Mujer,6.2,142,46.4,21,0,0,0.563,37,147,-2.48,36,0
4078,78,Mujer,9.3,143,28.8,200,1,0,-0.223,160,151,-3.13,36,0
4079,51,Hombre,6.5,115,54.9,124,0,0,-0.355,87,110,-2.9,36,0
4080,73,Hombre,9.5,144,35.2,282,0,0,-0.23,224,158,-3.25,36,0
4081,57,Hombre,6.7,140,58.9,9,1,0,0.184,11,138,0.35,36,0
4082,56,Hombre,9.5,123,65,226,1,1,-0.383,154,112,0.05,36,0
4083,64,Hombre,7.8,139,54.4,159,1,0,0.395,236,154,-3.97,36,0
4084,62,Hombre,7.8,140,45.2,85,0,1,-0.764,40,125,-0.77,36,0
4085,77,Hombre,8.9,154,44.1,404,0,0,0.502,667,154,-3.22,36,0
4086,65,Hombre,9.6,133,39.8,344,1,1,-0.232,273,116,-1.76,36,0
4087,61,Hombre,8.2,135,59.2,85,0,1,-0.608,46,133,0.11,36,0
4088,55,Hombre,6.8,144,44.9,152,0,0,0.262,197,131,-2.76,36,0
4089,74,Hombre,8.1,114,34.1,226,0,1,-0.257,175,115,-1.69,36,0
4090,71,Mujer,8.8,136,40,555,1,0,0.123,627,129,-2.43,36,0
4091,71,Mujer,7.9,125,60.2,31,0,1,-0.614,17,118,1.9,36,0
4092,68,Mujer,7.4,128,50.8,9,0,0,1.773,53,119,-4.88,36,0
4093,57,Hombre,9,129,36.1,2314,0,1,-0.884,956,127,-0.49,36,0
4094,82,Mujer,10.8,124,39.4,180,1,0,0.022,184,119,-5.67,36,0
4095,61,Hombre,7.1,135,40.2,11,1,0,0.096,12,137,-1.85,36,0
4096,52,Mujer,9,143,41.9,23,1,0,1.015,63,150,-3.62,36,0
4097,64,Hombre,8.6,151,52,42,1,0,0.819,95,146,-3.84,36,0
4098,51,Hombre,6.2,119,42.4,26,0,0,0.467,41,118,-1.23,36,0
4099,73,Mujer,7.3,128,44.1,49,0,0,0.311,67,133,-1.36,36,0
4100,86,Mujer,6.6,129,36.6,338,0,0,-0.303,250,129,-1.88,36,0
4101,74,Mujer,5.5,140,51.4,234,0,0,-0.541,136,133,-2.55,36,0
4102,89,Hombre,8.2,160,43.9,442,0,0,-0.119,393,163,-4.03,18.94,1
4103,74,Hombre,9,131,57,201,0,0,0.019,205,129,-2.43,36,0
4104,71,Hombre,5.5,134,46.6,36,1,0,-0.341,26,142,-1.32,36,0
4105,47,Hombre,6.6,138,57.7,43,1,0,0.441,67,134,-2.19,36,0
4106,78,Mujer,7,148,25.2,659,0,0,-0.125,582,163,-3.09,36,0
4107,48,Hombre,10.1,122,56.9,290,0,1,-0.258,224,129,-1.17,36,0
4108,86,Mujer,10.3,113,34.7,224,1,0,0.248,287,100,-4.3,36,0
4109,60,Hombre,8.8,113,39.9,61,0,1,-0.602,33,108,1.09,36,0
4110,54,Mujer,7.3,118,38.3,49,0,1,-1.159,15,115,3.21,36,0
4111,50,Hombre,8.7,112,43.9,19,0,1,0.232,24,109,-1.32,36,0
4112,56,Mujer,7.6,136,55,14,1,0,0.211,17,132,-2.64,36,0
4113,76,Mujer,7.6,95,54.6,200,0,0,-0.423,131,96,-0.73,36,0
4114,62,Hombre,7.7,151,55.6,64,1,0,-0.895,26,147,0.47,36,0
4115,75,Hombre,8.2,158,37.6,1063,1,0,0.361,1526,156,-4.32,36,0
4116,62,Mujer,8.5,127,65.6,77,0,1,-0.765,36,110,0.49,36,0
4117,60,Mujer,7,129,49.3,32,0,0,0.674,63,134,-4.67,22.9,1
4118,58,Hombre,7.2,145,57,269,0,1,-0.761,126,131,-0.25,36,0
4119,50,Hombre,6.9,130,51.5,207,0,1,0.005,208,124,0.38,19.28,1
4120,62,Hombre,7.2,144,71.1,74,1,0,1.534,343,148,-5.19,36,0
4121,62,Hombre,8.8,138,60.3,64,0,1,-0.256,50,141,-0.92,36,0
4122,65,Hombre,7.2,138,36.1,141,0,0,-0.589,78,136,-0.97,36,0
4123,66,Mujer,10.1,157,39.2,178,0,0,-0.406,119,153,-4.76,36,0
4124,62,Mujer,8.2,147,34.4,35,0,0,0.143,40,152,-3.03,36,0
4125,72,Hombre,7.6,141,48.4,74,0,0,0.424,113,134,-4.22,36,0
4126,69,Mujer,9,133,56,203,0,1,-0.501,123,144,0.16,36,0
4127,68,Hombre,9.3,124,48.9,57,0,0,-0.008,57,119,-1.81,36,0
4128,50,Mujer,5.5,148,61,145,1,1,-0.264,111,128,-0.36,36,0
4129,77,Hombre,8.2,170,29.3,538,1,1,-0.01,533,163,-3.26,36,0
4130,55,Mujer,7.3,156,42.2,105,0,0,-0.258,81,156,-1.81,36,0
4131,70,Mujer,8,161,22.4,35,1,0,1.035,99,145,-6.09,13.67,1
4132,68,Mujer,7.7,141,41.5,646,0,0,-0.531,380,139,-2.76,36,0
4133,61,Hombre,8.3,136,58,199,0,1,-1.029,71,125,-0.72,36,0
4134,46,Hombre,7.5,141,53.7,96,0,0,-0.359,67,152,0.09,36,0
4135,53,Mujer,7.3,120,55.1,35,0,0,-0.289,26,110,-1.66,36,0
4136,62,Mujer,7.8,139,50.2,268,0,1,0.352,381,128,-4.18,36,0
4137,61,Hombre,6.3,136,49.6,49,1,1,0.272,64,135,-1.21,36,0
4138,69,Hombre,7.7,117,46.1,75,0,0,0.324,104,106,-1.38,36,0
4139,67,Mujer,8,160,40.7,54,0,0,0.059,57,156,-3.58,36,0
4140,63,Hombre,10.3,127,44.2,251,0,1,0.196,305,129,-4.94,36,0
4141,67,Mujer,5.5,146,53.6,25,0,0,-0.543,15,150,0.73,36,0
4142,72,Mujer,5.9,150,31.2,126,1,0,1.353,487,175,-6.43,36,0
4143,72,Hombre,8.1,140,50.9,320,0,0,0.197,390,139,-2.6,0.57,1
4144,61,Hombre,7.6,96,56.2,19,0,1,-0.537,11,90,0.91,36,0
4145,60,Mujer,6.8,118,52.3,75,1,0,-0.257,58,126,-2.23,36,0
4146,76,Mujer,9.2,140,41.9,68,0,0,-0.293,51,135,-2.49,36,0
4147,58,Mujer,7.6,130,46.2,180,0,0,0.278,238,139,-2.07,36,0
4148,61,Hombre,7.4,128,52.3,68,0,1,-0.147,59,119,-0.61,36,0
4149,59,Hombre,7.5,146,48.9,196,1,1,-0.82,86,133,-1.75,36,0
4150,73,Hombre,8.1,134,50.2,41,0,0,0.272,54,130,-2.25,36,0
4151,72,Hombre,9.1,126,46.1,100,0,1,-0.384,68,105,-0.61,36,0
4152,81,Hombre,7.1,167,36.4,99,0,0,0.604,181,165,-5.26,36,0
4153,55,Hombre,8.8,118,45.4,148,0,1,-0.681,75,114,1.46,36,0
4154,73,Mujer,8.2,153,46.6,255,0,0,0.889,620,146,-4.73,36,0
4155,43,Mujer,7.5,151,52.4,115,0,0,0.196,140,147,-2.83,36,0
4156,73,Hombre,7.8,146,54.8,81,0,0,1.133,251,143,-6.75,36,0
4157,67,Hombre,8.2,134,37.2,48,0,1,-0.313,35,123,-1.35,36,0
4158,41,Mujer,7.9,142,64,192,0,0,-0.548,111,144,-1.96,9.9,1
4159,69,Hombre,10,137,40,541,0,0,0.043,565,128,-3.78,36,0
4160,59,Mujer,7.1,161,48.4,183,0,1,0.017,186,157,-2.93,36,0
4161,71,Mujer,8,147,57,602,0,0,-0.131,528,136,-3.1,36,0
4162,62,Mujer,9,126,54.2,80,0,1,-1.519,18,120,2.75,36,0
4163,60,Hombre,6.3,134,52.4,208,1,1,-1.093,70,128,2.77,36,0
4164,56,Mujer,5.5,150,52.8,464,0,1,-1.371,118,147,1.33,36,0
4165,58,Hombre,7.9,149,56.2,142,0,1,0.07,152,152,-2.41,36,0
4166,52,Mujer,8,157,53.2,94,0,1,-0.399,63,153,0.22,36,0
4167,59,Hombre,8.4,112,62.1,87,0,1,-0.962,33,111,1.83,36,0
4168,76,Mujer,8,146,33.3,114,0,0,-0.326,82,140,-2.98,36,0
4169,55,Hombre,7.4,118,33,75,0,1,0.023,77,110,-0.9,36,0
4170,65,Mujer,7.5,159,51.6,16,0,0,0.806,36,159,-4.96,23.26,1
4171,63,Hombre,6.7,137,53.2,110,0,1,-0.096,100,123,-0.46,36,0
4172,64,Hombre,6.1,112,41.7,60,1,0,0.23,76,135,-2.47,36,0
4173,59,Mujer,6.1,138,65,151,0,1,0.119,170,134,-1.68,36,0
4174,68,Hombre,7.4,147,34.3,147,0,0,0.133,168,149,-3.15,36,0
4175,66,Hombre,9.2,134,38.4,54,1,0,0.277,71,135,-3.13,36,0
4176,74,Mujer,5.7,136,23.9,294,0,0,0.405,441,131,-2.28,32.51,1
4177,53,Hombre,7.3,137,49.8,439,0,0,0.112,491,134,-1.26,36,0
4178,67,Hombre,9,147,40.1,69,0,0,-0.043,66,138,-2.66,36,0
4179,51,Hombre,7.7,144,45.7,759,0,1,-0.05,722,144,-2.41,36,0
4180,60,Hombre,8.9,95,44.9,39,0,1,0.868,93,84,-3.11,36,0
4181,67,Mujer,6.1,153,57,252,1,1,-0.345,179,137,-1.79,36,0
4182,53,Mujer,8.6,147,47.8,379,0,1,-0.009,376,150,-2.27,36,0
4183,46,Hombre,8.4,112,44.7,49,0,0,-0.306,36,107,1.91,36,0
4184,58,Mujer,9.6,130,60.4,293,1,1,0.281,388,125,-2.66,36,0
4185,61,Mujer,8.6,135,47.5,37,0,1,-0.018,36,136,0.19,36,0
4186,76,Mujer,8.9,144,28.8,54,1,1,-0.279,41,133,-2.18,36,0
4187,61,Hombre,7.9,149,63,66,0,1,0.171,78,148,-1.49,36,0
4188,64,Hombre,8.2,122,70.9,70,0,1,-0.936,27,113,0.91,36,0
4189,74,Hombre,8.6,144,39.7,365,0,0,0.121,412,147,-3.81,36,0
4190,49,Hombre,6.1,138,54.1,33,0,1,-0.69,17,128,1.17,36,0
4191,69,Mujer,6.6,160,49.4,115,0,1,0.127,131,155,-2.17,36,0
4192,68,Hombre,7.7,127,53.1,23,0,0,-0.085,21,112,-2.36,36,0
4193,64,Hombre,7.4,143,35.2,1396,0,0,-0.259,1077,124,-3.36,36,0
4194,65,Mujer,6.4,129,50.4,137,0,1,-0.164,116,122,-2.41,36,0
4195,56,Mujer,5.9,149,57.4,64,1,1,-0.038,62,135,-2.37,36,0
4196,72,Hombre,6.9,130,50.4,13,0,0,0.756,28,119,-2.86,36,0
4197,67,Hombre,5.5,133,48.2,649,0,1,0.032,670,124,-1.3,36,0
4198,64,Hombre,7.2,134,37,70,0,0,0.667,136,135,-0.7,36,0
4199,59,Mujer,8.6,162,52.4,237,0,0,0.309,323,159,-2.98,36,0
4200,79,Mujer,7.8,110,34.5,109,0,0,0.391,161,107,-3.63,36,0
4201,63,Mujer,6.8,130,48.4,130,0,0,-0.244,102,113,-3.34,36,0
4202,66,Mujer,8,153,44.5,135,1,0,-0.533,79,153,-1.44,36,0
4203,80,Mujer,8.7,134,39.9,76,1,1,-0.975,29,119,-0.1,36,0
4204,59,Mujer,7.2,138,51.4,167,0,1,-0.57,94,143,-0.62,36,0
4205,46,Mujer,9.5,140,42.9,27,1,0,0.706,55,150,-1.76,36,0
4206,81,Mujer,8.8,165,31.2,3059,0,1,-0.758,1434,158,-3.43,36,0
4207,73,Hombre,8.2,134,38.4,167,1,1,-0.442,107,124,-0.65,36,0
4208,62,Hombre,7.7,159,51.6,696,0,1,-0.636,369,141,-0.74,36,0
4209,60,Hombre,7.9,137,36.3,229,0,0,-0.477,142,139,-3.62,36,0
4210,79,Hombre,8,142,48,115,0,0,-0.352,81,150,-3.62,36,0
4211,70,Hombre,9.5,123,67.5,26,0,0,0.376,38,117,-2.89,36,0
4212,65,Mujer,6.9,145,55,432,0,1,-0.745,205,147,-0.03,36,0
4213,59,Hombre,6.2,159,52.8,255,0,0,-1.128,83,159,0.33,29.43,1
4214,58,Mujer,7.6,168,53.8,62,0,1,0.535,106,168,-2.59,36,0
4215,69,Mujer,6.2,108,48.1,88,0,0,-0.476,55,111,-0.84,36,0
4216,60,Mujer,7.6,129,50.3,18,0,0,0.195,22,141,-1.88,36,0
4217,61,Mujer,8.5,119,26,361,0,1,-0.963,138,109,-0.31,36,0
4218,64,Mujer,6.8,148,21.3,529,1,1,-0.919,211,134,-2.27,36,0
4219,63,Hombre,6.5,137,27.5,45,0,0,0.288,60,132,-3.55,36,0
4220,75,Mujer,9.8,139,47.2,105,0,1,-0.108,94,129,-3.4,36,0
4221,61,Hombre,6,148,62.5,57,0,0,-0.293,43,135,-1.38,36,0
4222,64,Mujer,6.6,110,26.9,57,0,0,-0.168,48,112,-0.67,36,0
4223,64,Mujer,7.3,160,50.4,255,0,1,-0.178,214,158,-1.52,36,0
4224,64,Hombre,7.6,160,68.1,320,0,0,-0.061,301,151,-3.02,36,0
4225,61,Hombre,7.5,121,44.5,116,0,1,-0.523,69,126,-1.25,36,0
4226,47,Hombre,6,145,51.1,412,0,1,-0.387,280,137,0.48,36,0
4227,60,Hombre,7.2,142,47.5,91,0,0,0.024,93,149,-2.66,36,0
4228,75,Hombre,6.7,162,37.2,101,1,0,0.747,213,175,-4,36,0
4229,67,Mujer,8.3,147,34.7,157,0,0,-0.188,130,142,-3.42,36,0
4230,76,Mujer,8.8,129,48.5,178,0,0,-0.109,160,130,-3.06,36,0
4231,81,Hombre,5.8,143,47.3,85,0,0,0.494,139,148,-3.3,36,0
4232,53,Mujer,8.5,161,36,43,0,0,-0.366,30,170,-0.7,36,0
4233,60,Mujer,7.5,152,38.6,127,0,0,-0.007,126,163,-1.07,6,1
4234,63,Mujer,6.5,158,67,45,0,1,0.4,67,143,-1.53,36,0
4235,65,Hombre,8.5,160,27.6,58,0,0,0.572,103,152,-3.03,36,0
4236,65,Hombre,8.3,145,35.4,157,0,0,0.313,215,135,-3.45,36,0
4237,57,Hombre,7,140,62,124,0,1,0.002,124,141,-0.98,36,0
4238,76,Mujer,7,144,20.5,34,0,0,0.139,39,165,-2.39,36,0
4239,77,Mujer,8,136,35.9,20,0,0,0.134,23,140,-1.4,36,0
4240,75,Mujer,5.5,159,20,134,0,0,0.355,191,162,-4.83,36,0
4241,78,Mujer,5.5,116,51.2,101,1,0,0.715,206,127,-3.08,36,0
4242,73,Mujer,6.6,132,24.2,193,1,0,-0.324,140,122,-2.97,36,0
4243,82,Hombre,7.4,159,49.6,82,1,0,-0.466,51,153,-2.99,36,0
4244,84,Mujer,6.4,140,40.8,92,0,0,-0.602,50,134,-1.11,36,0
4245,57,Hombre,7.8,136,48.8,277,1,1,-0.012,274,134,-1.68,36,0
4246,65,Hombre,8.3,101,44.8,85,0,1,-0.25,66,87,0.71,36,0
4247,74,Hombre,6.6,159,54,325,0,1,-0.593,180,160,-0.12,36,0
4248,66,Hombre,6.7,140,45.5,35,0,1,-0.754,16,134,-1.06,36,0
4249,71,Mujer,6.8,138,52.3,114,0,0,0.123,129,140,-3.78,36,0
4250,72,Hombre,8.5,165,43.3,407,0,1,-0.334,291,160,-3.82,36,0
4251,76,Mujer,6,141,43.2,176,0,0,0.237,223,144,-1.15,36,0
4252,59,Mujer,8.9,141,59.1,183,0,1,-0.728,88,138,0.59,36,0
4253,69,Hombre,7.3,155,50.8,579,1,1,-0.834,251,163,0.07,36,0
4254,43,Hombre,6.9,117,43.5,142,0,1,-0.507,86,112,-0.84,36,0
4255,89,Hombre,7.3,112,45,341,0,0,-0.014,336,107,-2.79,36,0
4256,63,Hombre,6.9,117,27.6,113,1,0,-0.498,69,130,-3.15,36,0
4257,77,Mujer,8.1,146,49.9,104,0,1,-0.042,100,139,-2.75,36,0
4258,71,Mujer,7.9,127,43.5,93,0,1,-0.295,69,111,-0.83,36,0
4259,76,Mujer,7.4,105,36.5,41,1,0,-0.769,19,86,-0.04,36,0
4260,69,Mujer,7.1,136,46,118,1,1,-0.324,85,137,-0.92,36,0
4261,76,Mujer,8.1,142,33.1,134,0,0,0.279,177,134,-3.23,36,0
4262,71,Hombre,7.4,146,38.9,159,1,0,-0.377,109,148,-3.16,36,0
4263,58,Mujer,9.9,114,38.6,376,0,1,0.168,445,109,-4.65,36,0
4264,53,Mujer,9.2,119,58.2,61,0,1,-0.153,52,113,-0.74,36,0
4265,77,Hombre,8.6,163,32.4,906,1,1,0.423,1382,144,-6.53,36,0
4266,59,Mujer,7.1,107,34.1,6,0,0,0.58,11,116,0.3,36,0
4267,52,Hombre,8.8,145,41.1,376,0,0,-0.071,350,153,-1.85,36,0
4268,61,Hombre,7.3,131,49.1,21,1,1,0.902,52,118,-2.12,36,0
4269,55,Hombre,8.4,108,61.7,247,1,1,-0.178,207,111,-1.06,36,0
4270,77,Mujer,7.6,139,57.4,133,1,0,-0.333,95,137,-1.09,36,0
4271,45,Mujer,9.4,118,57.4,407,1,1,-0.004,405,105,-0.88,36,0
4272,68,Mujer,9.6,132,44.6,272,0,1,-0.469,170,137,-2.2,36,0
4273,71,Hombre,7.8,134,57.3,26,1,0,0.18,31,121,-2.21,36,0
4274,46,Mujer,9.3,101,57.8,810,0,1,-1.151,256,86,1.13,36,0
4275,60,Mujer,6.6,126,32.6,36,0,1,-0.646,19,108,-0.11,36,0
4276,57,Mujer,8.6,141,44,220,0,0,0.433,339,149,-2.28,36,0
4277,49,Mujer,8.2,124,58.1,1509,0,1,-1.002,554,116,1.44,36,0
4278,53,Mujer,7.9,135,63.6,175,0,0,0.342,246,141,-2.9,36,0
4279,68,Hombre,7.7,146,62.5,97,0,1,0.162,114,141,-3.37,36,0
4280,77,Hombre,7.1,127,45.4,12,1,0,0.523,20,131,-1.82,36,0
4281,60,Hombre,8.4,122,51.8,310,0,1,-0.158,265,110,-0.37,36,0
4282,68,Mujer,8.1,120,48.6,119,0,1,-1.199,36,109,1.84,36,0
4283,62,Mujer,5.5,126,33.1,14,0,0,0.518,23,133,-0.62,36,0
4284,67,Mujer,6.9,118,33.9,41,0,0,0.689,82,115,-3.95,36,0
4285,49,Mujer,8.5,134,45.1,496,0,1,-0.571,280,128,-1.29,36,0
4286,55,Hombre,6.6,146,32.7,116,0,0,0.313,159,133,-2.83,36,0
4287,48,Mujer,9,124,47.5,108,0,0,0.026,111,133,-1.22,36,0
4288,72,Hombre,8.1,118,38,296,0,0,-0.003,295,116,-3.26,36,0
4289,63,Mujer,7.4,145,38.6,81,0,1,-0.057,76,138,-3.05,36,0
4290,83,Hombre,8.3,163,28.5,127,1,1,-0.123,112,160,-1.61,36,0
4291,70,Mujer,8.9,141,20,1596,0,1,-0.054,1513,126,-4.71,36,0
4292,67,Mujer,6.7,155,55,514,0,1,-0.504,311,147,-1.69,36,0
4293,65,Mujer,10,162,67.7,89,1,1,-0.407,59,150,-0.02,36,0
4294,52,Hombre,7.9,117,34.2,144,0,0,0.253,185,126,-3.1,36,0
4295,81,Mujer,8.2,152,35.4,225,1,0,0.073,242,154,-4.44,36,0
4296,43,Mujer,9.8,157,49,213,0,1,-0.576,120,153,-1.16,36,0
4297,58,Mujer,9.4,128,41.6,472,0,1,0.346,667,121,-4.44,36,0
4298,48,Mujer,8.3,121,56.2,59,0,1,-0.597,32,105,1.6,36,0
4299,71,Mujer,6.3,134,67,13,1,1,0.197,16,135,-0.06,36,0
4300,64,Mujer,8.3,145,54.5,98,1,1,-0.188,81,139,-1.95,36,0
4301,58,Mujer,7.7,116,52.9,142,0,0,-0.294,106,124,-1.81,36,0
4302,57,Hombre,10.5,147,43.7,733,0,1,0.447,1146,142,-4.01,36,0
4303,71,Hombre,9,137,46.5,24,1,0,0.034,25,146,-3.8,36,0
4304,74,Mujer,8.7,135,46.5,181,0,0,0.654,348,129,-2.87,36,0
4305,65,Mujer,7.2,131,37.9,101,0,0,-0.315,74,138,-1.26,36,0
4306,84,Hombre,8.8,146,32.2,31,0,0,0.311,42,143,-2.92,36,0
4307,63,Hombre,7.9,123,51.8,59,0,0,0.643,112,111,-2.5,36,0
4308,70,Hombre,7.9,143,30.6,275,0,0,0.407,413,148,-3.61,36,0
4309,65,Mujer,9.6,145,54.5,218,0,0,0.23,274,157,-2.64,36,0
4310,66,Hombre,9.1,139,33.7,566,0,1,-1.431,135,130,0.32,36,0
4311,65,Hombre,6.8,127,47,49,1,1,-0.409,33,120,-0.24,36,0
4312,61,Mujer,8.7,157,34.3,112,0,0,0.038,116,158,-2.68,36,0
4313,83,Mujer,8.3,142,37.5,1264,0,1,0.042,1318,133,-5.36,36,0
4314,67,Mujer,6.5,120,40.2,363,0,1,-0.3,269,121,-1.7,36,0
4315,62,Hombre,5.8,126,56,141,0,0,-0.436,91,127,-1.14,36,0
4316,58,Hombre,7.7,143,34.6,95,0,0,0.858,224,146,-2.02,36,0
4317,62,Hombre,8.8,137,46.1,9,0,1,-0.63,5,144,1.11,36,0
4318,46,Hombre,8.9,139,63,228,1,1,-0.47,142,142,1.3,36,0
4319,48,Mujer,7.5,130,46.5,77,0,1,0.234,97,132,-1.29,36,0
4320,75,Mujer,7.8,165,26.5,82,0,0,-0.389,56,163,-2.7,36,0
4321,80,Hombre,8.6,158,30.2,452,1,0,0.242,575,169,-5.68,36,0
4322,66,Hombre,7.6,119,41.7,42,0,0,0.815,95,116,-2.39,36,0
4323,64,Mujer,9.1,141,39.3,175,0,0,0.411,264,154,-3.83,27.48,1
4324,62,Mujer,9.4,118,49.3,45,0,1,-0.057,43,97,0.14,36,0
4325,80,Hombre,6.9,155,36.7,281,0,0,-0.184,234,144,-2.41,36,0
4326,81,Hombre,7.8,139,36.4,95,1,1,-0.606,52,125,-0.15,36,0
4327,61,Hombre,9.3,113,55.6,2568,0,1,-0.943,1000,111,-0.08,36,0
4328,74,Hombre,8.5,145,49.7,286,1,0,0.238,363,121,-4.53,36,0
4329,61,Hombre,9.4,99,62.1,42,0,1,-0.722,20,81,2.36,36,0
4330,53,Hombre,9.2,116,52.8,103,0,0,0.519,173,107,-0.92,26.47,1
4331,58,Mujer,8.9,138,46.4,699,0,1,-0.662,361,134,-0.46,36,0
4332,63,Hombre,5.5,136,33.1,61,0,0,0.538,105,126,-1.87,16.89,1
4333,84,Mujer,6.6,145,38.4,93,0,1,-0.34,66,149,-2.5,36,0
4334,66,Mujer,9.2,126,50.2,49,0,0,0.029,50,125,-2.97,36,0
4335,52,Hombre,7.4,126,50.8,171,0,1,-0.803,77,113,0.3,36,0
4336,68,Mujer,7.3,119,55,49,0,0,-0.004,49,114,-0.7,36,0
4337,69,Mujer,9.7,162,44.5,580,1,1,0.084,631,158,-3.32,36,0
4338,57,Mujer,8.5,147,55.2,74,0,1,0.295,99,142,-1.69,36,0
4339,59,Hombre,5.5,116,47.5,26,0,1,-0.088,24,104,0.48,36,0
4340,56,Mujer,6,111,28.8,78,0,0,0.433,120,107,-0.88,16.64,1
4341,60,Hombre,6.7,123,55.2,31,0,1,0.161,36,102,1.15,36,0
4342,74,Mujer,6.2,129,49.3,44,0,0,0.378,64,131,-1.89,36,0
4343,51,Hombre,6.2,114,42,57,0,1,-0.508,34,112,1.85,36,0
4344,56,Mujer,7.3,149,28.1,13,0,0,0.358,19,167,-1.93,36,0
4345,74,Mujer,7.8,139,40.1,60,0,0,0.208,74,135,-1.8,35.54,1
4346,58,Hombre,7.5,161,53.9,311,1,1,-0.027,303,164,-3.97,36,0
4347,68,Hombre,8.5,141,53.5,290,0,1,0.064,309,147,-1.37,36,0
4348,50,Hombre,7.9,126,62.4,176,0,1,-0.512,106,128,-0.72,36,0
4349,59,Hombre,7.9,152,51.7,209,0,1,-0.347,148,143,-2.95,36,0
4350,74,Mujer,8.4,127,47.7,253,0,1,-0.291,189,122,-2.86,36,0
4351,52,Hombre,6.9,132,57.8,852,0,1,-0.618,459,123,-0.63,36,0
4352,57,Hombre,5.5,150,46.5,72,0,1,0.582,129,146,-3.43,36,0
4353,65,Hombre,7.2,129,40.4,179,0,0,-0.156,153,132,-2.62,36,0
4354,54,Hombre,6.6,151,57.5,101,0,0,0.195,123,147,-1.31,36,0
4355,84,Hombre,8.3,134,20.7,38,1,0,0.875,91,139,-7.1,36,0
4356,77,Hombre,5.5,95,43.4,51,0,0,0.551,88,88,-1.26,36,0
4357,74,Hombre,7.9,137,50.4,95,1,0,1.034,267,134,-4.88,36,0
4358,59,Mujer,9.2,104,41,265,0,0,-0.296,197,94,-2.17,36,0
4359,71,Hombre,8.1,117,44.9,110,0,0,-0.513,66,118,-1.32,36,0
4360,72,Hombre,7.2,147,41,537,0,1,-0.749,254,138,-2.21,36,0
4361,62,Mujer,5.5,130,33.8,793,0,0,-0.065,743,129,-2.6,36,0
4362,57,Mujer,9.3,130,61.5,890,0,1,-0.439,573,127,-2.18,36,0
4363,70,Hombre,6.6,128,66.4,132,1,0,-0.205,108,132,-1.94,36,0
4364,49,Mujer,7.8,118,57.8,44,0,1,-0.042,42,109,0.36,36,0
4365,58,Hombre,7.5,135,40,74,0,1,-0.503,45,122,1.84,36,0
4366,62,Mujer,8.1,136,26.1,164,0,0,0.472,263,114,-3.44,36,0
4367,85,Mujer,7.2,125,60.7,20,0,0,1.279,72,125,-3.59,36,0
4368,90,Hombre,7.7,129,27.2,2282,0,0,-0.828,997,120,-4.07,36,0
4369,69,Hombre,7.5,153,46.2,280,0,1,0.145,324,155,-3.04,36,0
4370,69,Hombre,9.2,121,46.8,93,0,0,0.081,101,126,-4.17,36,0
4371,54,Mujer,7.9,144,67.2,28,0,0,0.09,31,140,-1.45,36,0
4372,73,Hombre,7.6,123,20.8,1081,1,0,0.038,1123,143,-3.17,36,0
4373,60,Mujer,8.8,131,40.5,91,1,1,-0.173,77,127,-2.52,36,0
4374,62,Hombre,7.2,141,54.6,182,0,1,-0.186,151,139,-3.14,36,0
4375,63,Hombre,7.3,136,53.1,30,1,0,-0.274,23,137,-0.93,36,0
4376,64,Hombre,7.9,145,62.3,101,0,0,0.868,241,162,-4.12,36,0
4377,57,Hombre,7.1,121,48.4,54,0,1,0.044,56,102,-1.01,36,0
4378,66,Hombre,8.1,114,40.8,73,0,0,-0.455,46,130,-1,36,0
4379,66,Mujer,7.5,124,37.4,77,0,1,-0.558,44,124,-0.16,1.85,1
4380,53,Mujer,6.4,135,47.4,62,0,0,0.062,66,136,-2.16,36,0
4381,82,Hombre,8.5,139,49.8,80,0,0,0.352,114,145,-5,36,0
4382,33,Hombre,7.7,137,62.7,74,0,0,0.555,129,122,-3.52,36,0
4383,63,Hombre,10.3,154,44.3,461,0,1,-0.148,398,144,-1.66,36,0
4384,49,Mujer,7.7,144,34.3,297,0,1,-1.117,97,147,-1.62,36,0
4385,74,Hombre,6.8,122,51,28,1,1,-0.485,17,118,0.55,36,0
4386,64,Mujer,6.6,144,48.4,82,0,1,-0.374,56,117,-0.49,36,0
4387,44,Hombre,8.9,134,41,89,0,0,-0.242,70,127,-1.31,36,0
4388,63,Hombre,7,139,47.5,207,0,0,0.27,271,139,-3.02,36,0
4389,62,Hombre,7.7,139,59.5,59,1,1,0.258,76,130,-2.71,36,0
4390,68,Hombre,7.3,108,38.2,143,1,0,-0.502,87,103,-3.17,36,0
4391,72,Mujer,6.5,145,47.5,65,0,0,0.784,142,146,-2.61,36,0
4392,64,Mujer,9.5,139,42.6,141,0,0,1.062,408,145,-3.64,36,0
4393,54,Hombre,7.4,142,43.4,167,1,1,-0.494,102,123,-1.29,36,0
4394,70,Mujer,7.9,109,47.4,30,1,0,0.354,43,106,-4,36,0
4395,67,Hombre,8.6,131,26.8,146,0,1,-0.752,69,119,-0.23,36,0
4396,57,Hombre,8.6,116,57.2,43,1,1,-0.719,21,99,0.16,36,0
4397,51,Mujer,9.7,136,56,25,0,1,0.056,26,118,-2.08,36,0
4398,55,Hombre,9.3,134,43.8,2358,0,1,-0.327,1700,138,-2.91,36,0
4399,57,Hombre,6,128,28.3,24,1,1,-0.448,15,123,-0.57,36,0
4400,62,Mujer,10.2,152,43.2,810,0,1,-0.331,582,151,-3.19,36,0
4401,68,Mujer,9.3,143,50.4,117,0,0,-0.137,102,146,-1.79,36,0
4402,74,Mujer,7.1,135,49.1,98,0,0,0.219,122,145,-4.03,36,0
4403,76,Mujer,7.6,125,42.6,110,0,0,0.331,153,127,-4.38,36,0
4404,71,Mujer,6,140,54.4,45,0,0,0.174,54,146,-2.32,36,0
4405,57,Hombre,10.4,127,57.3,51,0,1,-0.399,34,127,0.47,36,0
4406,63,Mujer,8.2,113,53.4,43,0,0,0.621,80,115,-1.3,36,0
4407,75,Mujer,8.5,135,36.3,226,1,0,0.753,480,142,-4.86,36,0
4408,66,Mujer,9.4,132,32.8,209,0,0,0.051,220,131,-2.05,36,0
4409,62,Mujer,9.3,122,55.9,341,0,0,0.006,343,126,-1.58,36,0
4410,54,Mujer,7.4,140,49,375,0,0,0.112,419,143,-2.2,36,0
4411,85,Mujer,7.9,133,37,175,1,0,-0.991,65,136,-2.4,36,0
4412,52,Mujer,6.5,141,46.4,181,0,0,-0.688,91,147,0.34,36,0
4413,47,Hombre,7.9,160,40.9,1458,0,1,-0.511,875,157,-3.97,36,0
4414,57,Hombre,8.1,139,46.7,23,0,0,-0.119,20,141,-3.05,36,0
4415,60,Hombre,10,124,49.1,51,0,1,-0.027,50,118,-2.79,36,0
4416,61,Hombre,8.8,130,45.4,145,0,0,0.713,296,123,-2.98,36,0
4417,75,Mujer,8,132,42.9,808,0,0,-0.924,321,143,-0.77,36,0
4418,55,Hombre,7.2,124,54.7,86,0,0,-0.29,64,128,-0.65,36,0
4419,64,Hombre,11.1,132,51.3,438,0,0,0.168,518,130,-4.2,36,0
4420,73,Hombre,7.2,137,31.5,67,0,0,0.258,87,131,-2.11,36,0
4421,67,Mujer,9.9,108,40.4,132,0,0,0.292,177,103,-1.92,36,0
4422,68,Mujer,6.3,139,49.2,196,0,1,-0.432,127,118,-2.26,36,0
4423,54,Mujer,6.9,116,46.9,39,0,1,-0.411,26,101,-0.56,36,0
4424,66,Mujer,8.1,131,42.6,28,0,1,-0.263,22,124,-0.63,36,0
4425,58,Hombre,7.4,159,51.5,50,0,1,-0.213,40,153,-0.56,36,0
4426,68,Mujer,9.4,122,39.2,202,0,0,0.196,246,111,-2.54,36,0
4427,73,Hombre,8.3,143,58.2,29,0,0,-0.515,17,154,0.19,36,0
4428,67,Hombre,7.7,135,54.1,61,0,0,0.047,64,124,-2.29,36,0
4429,90,Mujer,8.3,128,31.3,222,1,0,-0.21,180,137,-2.94,36,0
4430,56,Hombre,6.4,144,51.1,175,0,1,-0.189,145,132,-2.09,36,0
4431,67,Mujer,6.9,128,41.1,43,0,0,0.168,51,135,-4.04,26.56,1
4432,67,Hombre,6.6,135,58.9,92,0,0,0.081,100,140,-1.2,36,0
4433,58,Hombre,8.7,105,35.9,141,0,0,0.354,201,108,-2.92,19.34,1
4434,71,Hombre,9.1,123,43.5,316,1,1,0.106,351,119,-3.54,36,0
4435,78,Hombre,7.2,179,34.6,975,1,0,-0.587,542,179,-5.01,36,0
4436,58,Hombre,8.8,124,50.4,38,0,0,0.675,75,123,-1.64,36,0
4437,55,Hombre,8.4,141,41.3,484,0,0,0.857,1140,146,-3.84,36,0
4438,62,Mujer,6.2,152,50.9,115,0,1,-0.135,101,129,-1.93,36,0
4439,51,Hombre,6.9,116,54,163,0,1,-0.521,97,117,-0.32,36,0
4440,66,Hombre,7.7,139,41,424,0,0,-0.263,326,133,-1.19,36,0
4441,63,Mujer,8.6,140,45.8,169,0,0,0.547,292,136,-4.11,36,0
4442,52,Hombre,9.7,131,55.4,148,0,1,0.257,191,126,-2.53,36,0
4443,57,Hombre,7.6,120,47.9,346,1,0,-0.746,164,113,-0.82,36,0
4444,57,Hombre,10.7,147,47.1,962,0,1,-0.443,618,156,-2.21,36,0
4445,65,Hombre,6.5,137,27.2,36,0,0,-0.138,31,134,-2.07,36,0
4446,65,Hombre,7,131,46.4,98,0,0,-0.321,71,121,-0.02,36,0
4447,74,Mujer,7.3,122,29.7,53,1,0,0.088,58,109,-2.68,36,0
4448,53,Mujer,6.7,141,75,14,0,0,0.9,34,141,-1.76,36,0
4449,48,Mujer,6.6,137,36.5,386,0,1,-0.352,272,127,-0.01,36,0
4450,90,Mujer,7.3,129,37.2,122,0,0,-0.326,88,141,-2.91,36,0
4451,88,Mujer,7.1,150,29.2,1585,1,0,-0.385,1079,160,-4.6,36,0
4452,79,Hombre,8.1,158,36.2,331,0,0,-0.247,259,151,-1.81,36,0
4453,68,Mujer,9.3,131,51.2,34,0,0,0.706,69,129,-2.64,36,0
4454,66,Hombre,6.5,150,55.6,149,0,1,0.038,155,148,-1.52,36,0
4455,70,Hombre,10.4,156,46.6,523,0,1,0.036,542,145,-2.48,36,0
4456,55,Hombre,9.4,138,48.5,174,1,1,-0.427,114,122,-0.54,36,0
4457,72,Hombre,5.5,165,45.1,51,1,0,0.38,75,179,-3.34,36,0
4458,68,Hombre,5.7,117,45.2,60,1,0,-0.035,58,119,-2.08,36,0
4459,69,Mujer,8.5,135,63.1,250,0,0,0.264,326,127,-1.62,36,0
4460,54,Hombre,6.4,140,55.4,86,1,0,0.27,113,148,-2.94,36,0
4461,90,Hombre,7.8,167,26.1,65,0,0,0.324,90,171,-2.96,36,0
4462,88,Hombre,8.6,164,30.6,245,1,0,0.69,488,162,-6.83,36,0
4463,74,Hombre,8.4,111,44.5,143,1,1,-0.823,63,97,-1.91,36,0
4464,64,Mujer,8.2,145,60.4,62,0,0,0.682,123,144,-1.83,23.54,1
4465,63,Mujer,9.3,136,40.4,97,0,0,-0.358,68,132,-0.36,36,0
4466,49,Hombre,5.5,132,53.3,52,0,1,-0.265,40,123,-0.69,36,0
4467,81,Mujer,7.3,131,47,399,0,1,0.04,415,131,-2.06,36,0
4468,56,Hombre,8.1,155,52.1,168,0,0,0.751,356,182,-1.97,36,0
4469,67,Hombre,9.2,133,54.8,158,0,1,-0.608,86,130,-1.6,36,0
4470,49,Hombre,8.9,145,47.7,176,0,1,0.574,313,140,-3.6,36,0
4471,62,Hombre,6.9,112,41.4,83,0,0,0.132,95,102,-0.13,36,0
4472,50,Hombre,6.9,131,38.2,21,0,0,-0.416,14,121,0.61,36,0
4473,59,Mujer,7.4,133,48.8,91,1,0,-0.215,73,140,-2.89,36,0
4474,44,Mujer,8.5,135,63.4,131,0,1,0.341,184,132,-0.77,36,0
4475,81,Mujer,9.6,153,33.8,381,0,0,-0.467,239,155,-2.99,36,0
4476,82,Mujer,8.4,115,44.9,48,1,0,0.389,71,122,-3.99,36,0
4477,56,Mujer,7.5,123,62.9,99,0,0,-0.561,56,132,0.53,36,0
4478,56,Mujer,9,152,48.3,242,0,0,-0.183,202,149,-2.29,36,0
4479,69,Hombre,6.1,119,60.7,23,0,0,-0.142,20,97,0.5,36,0
4480,72,Mujer,8,147,34,818,1,0,-0.196,673,138,-4.58,36,0
4481,63,Mujer,6.3,133,37.6,131,0,0,0.605,240,131,-2.81,36,0
4482,67,Hombre,6.5,121,69.3,117,0,0,-0.176,98,129,-0.83,36,0
4483,66,Hombre,6.9,137,42.5,68,0,0,-0.302,50,129,-0.17,36,0
4484,64,Mujer,8.3,105,51.9,27,0,1,-0.691,14,106,-0.83,36,0
4485,70,Mujer,6,151,40.1,38,0,0,0.665,74,151,-2.97,13.06,1
4486,69,Mujer,6.7,142,50.7,109,1,0,0.32,150,139,-3.66,36,0
4487,75,Hombre,7.2,135,51,37,1,1,1.025,103,130,-3.93,12.21,1
4488,64,Hombre,8.2,141,43.6,239,1,0,1.053,685,137,-4.58,36,0
4489,55,Mujer,8,139,49.3,40,0,0,-0.4,27,146,-1.9,36,0
4490,83,Hombre,9,137,61.9,1141,0,1,-0.304,842,119,-2.79,36,0
4491,62,Hombre,9,121,51.5,93,1,1,0.275,122,115,-1.88,36,0
4492,58,Hombre,8,141,47.6,123,0,1,-0.857,52,139,1.61,36,0
4493,71,Mujer,9.4,146,40.6,723,0,1,-0.138,630,137,-2.6,36,0
4494,53,Hombre,8.2,124,58.3,83,1,1,-0.378,57,112,-0.35,36,0
4495,72,Mujer,7.7,153,31.9,700,0,0,-0.116,623,159,-2.79,36,0
4496,76,Mujer,8.2,121,38.6,144,0,1,0.392,213,113,-2.44,36,0
4497,82,Hombre,8.2,158,42.8,818,0,0,0.833,1881,153,-6.34,36,0
4498,57,Mujer,9.1,144,46.3,288,0,0,0.036,299,137,-2.43,36,0
4499,84,Mujer,6,158,54.7,130,0,0,0.278,172,151,-3.8,36,0
4500,65,Hombre,7.9,125,49.3,197,0,1,0.209,243,127,-2.12,36,0
4501,70,Hombre,7.2,129,32.5,167,0,0,-0.014,165,134,-1.34,36,0
4502,68,Hombre,6.3,98,29.4,163,0,1,-0.037,157,85,-1.76,36,0
4503,67,Mujer,7.1,120,58.4,141,0,0,-0.146,122,104,-0.89,36,0
4504,66,Hombre,6.1,157,33.4,1435,0,1,-0.036,1384,147,-1.68,36,0
4505,62,Hombre,6.4,102,46.1,86,0,0,-0.583,48,110,-1.03,36,0
4506,65,Mujer,8.1,141,57.6,76,0,1,-0.217,61,144,-1.52,36,0
4507,68,Hombre,6.1,143,48.3,67,0,0,0.336,94,149,-3.42,36,0
4508,56,Hombre,8,139,55.5,409,0,1,-0.352,288,141,-0.4,36,0
4509,61,Mujer,9,106,44.4,59,0,0,0.585,106,108,-2.64,36,0
4510,72,Mujer,7.5,126,47.6,62,1,1,-0.682,31,115,0.04,36,0
4511,87,Mujer,9.2,132,26.2,166,0,0,0.341,233,124,-5.87,21.76,1
4512,63,Mujer,5.5,135,53.1,96,0,1,-0.328,69,115,0.56,36,0
4513,65,Hombre,7.8,128,41.1,135,0,0,-0.351,95,135,-1.28,36,0
4514,71,Hombre,10.1,144,31.1,359,1,1,-0.016,353,146,-6.56,36,0
4515,83,Mujer,6.9,138,20,132,0,0,-0.685,67,149,-3.74,36,0
4516,43,Hombre,7.8,118,67.3,22,1,0,0.401,33,123,-1.71,12.5,1
4517,47,Mujer,7,100,49,196,1,1,0.292,262,89,-1.4,36,0
4518,71,Mujer,7.1,148,46.6,328,0,0,-0.255,254,154,-2.53,36,0
4519,75,Hombre,6.6,157,30.9,741,1,0,0.35,1052,164,-5.83,36,0
4520,76,Hombre,6.6,160,44.9,251,0,1,0.271,329,155,-2.61,36,0
4521,60,Hombre,6.8,127,45.9,49,0,1,-0.783,22,117,2.8,36,0
4522,59,Mujer,5.5,125,54.3,17,1,0,-0.299,13,129,-0.7,36,0
4523,70,Hombre,8.8,120,37.1,404,0,0,-0.098,366,123,-2.47,36,0
4524,76,Mujer,8.1,146,45.3,35,0,0,0.251,45,149,-4.15,36,0
4525,79,Mujer,8,149,44.6,188,0,1,0.126,213,145,-1.69,36,0
4526,55,Mujer,6.8,136,57.7,51,1,1,-0.515,30,129,1.91,36,0
4527,63,Hombre,9.6,136,58.9,82,0,1,-0.026,80,127,-1.73,36,0
4528,73,Mujer,7,138,43.4,134,0,0,-0.522,80,136,-1.17,36,0
4529,77,Hombre,5.6,126,41.2,85,1,0,0.479,137,132,-3.26,36,0
4530,56,Mujer,8.2,136,42,194,1,1,-0.869,81,129,-0.24,36,0
4531,61,Hombre,6.1,152,43.3,649,1,0,0.273,853,150,-3.87,36,0
4532,50,Hombre,7.8,132,52.5,226,0,1,-0.253,176,127,-0.14,36,0
4533,44,Hombre,7.2,156,58.2,112,0,1,-1.224,33,149,1.7,36,0
4534,61,Mujer,7.9,132,45.2,511,1,0,0.265,666,133,-4,36,0
4535,57,Hombre,5.5,145,27.9,44,0,0,-0.206,36,144,-1.98,36,0
4536,64,Hombre,8.8,142,37.8,483,0,0,0.154,564,144,-4.19,36,0
4537,71,Hombre,8.1,155,41.2,1423,0,1,0.035,1473,153,-3.58,36,0
4538,65,Mujer,9.3,152,41.8,893,0,0,0.616,1653,146,-4,36,0
4539,50,Hombre,8.6,167,35.8,196,0,1,-0.701,97,150,-0.91,36,0
4540,52,Mujer,7.5,150,32,856,0,0,0.746,1804,155,-5.43,36,0
4541,51,Mujer,9.5,169,54.2,473,0,1,0.183,568,158,-3.78,36,0
4542,77,Hombre,8.3,111,36.5,584,1,0,0.208,719,102,-3.03,35.75,1
4543,68,Hombre,7.2,150,36.7,105,0,0,0.134,120,148,-1.22,36,0
4544,63,Hombre,7.1,132,65.9,26,0,1,-0.538,15,120,0.41,36,0
4545,60,Mujer,9.6,135,54.9,340,0,1,0.552,590,124,-4.1,36,0
4546,67,Mujer,5.8,145,45.8,11,0,0,0.061,12,146,0.59,36,0
4547,85,Hombre,6.9,128,41.5,571,1,0,0.125,647,126,-2.69,36,0
4548,62,Hombre,11.2,146,55,662,0,1,0.355,944,127,-2.49,36,0
4549,68,Mujer,8.3,130,34.1,142,0,0,0.606,260,147,-1.34,36,0
4550,65,Hombre,7.7,95,52.4,50,1,0,0.32,69,91,-2.29,36,0
4551,70,Mujer,7.1,122,32,149,0,0,1.294,544,131,-4.6,1.35,1
4552,52,Hombre,6.9,142,48.2,26,0,1,-0.389,18,140,0.28,36,0
4553,68,Hombre,8.6,145,52,150,0,0,0.284,199,152,-3.2,28.93,1
4554,79,Hombre,9.7,136,52.5,227,0,0,-0.107,204,149,-2.35,36,0
4555,63,Mujer,7,139,39.6,347,0,0,-0.44,223,143,-1.39,36,0
4556,47,Hombre,8.5,95,48.2,168,0,1,-0.808,75,76,1.42,36,0
4557,71,Mujer,7.7,130,29.3,42,0,0,0.176,50,130,-1.39,36,0
4558,81,Hombre,7.4,140,42.5,161,0,1,0.42,245,140,-2.54,36,0
4559,76,Hombre,6.2,120,42.3,242,1,0,-0.24,190,110,-2.66,36,0
4560,67,Mujer,6.7,146,53.2,28,0,1,0.193,34,130,-0.43,36,0
4561,69,Hombre,8.7,169,28.3,487,1,0,-0.416,321,157,-4.01,36,0
4562,52,Hombre,9.2,151,44.3,265,0,1,0.041,276,151,-2.04,11.55,1
4563,72,Hombre,7,133,49.3,69,1,0,0.165,81,133,-1.68,36,0
4564,65,Hombre,10,131,54.5,780,0,1,-0.924,310,127,-0.41,36,0
4565,81,Hombre,9.7,176,42.5,183,0,0,-0.301,135,194,-3.09,36,0
4566,68,Hombre,7.5,127,47.2,113,0,0,0.14,130,110,-1.96,36,0
4567,76,Mujer,8.6,160,43.8,142,0,0,1.42,587,157,-5,36,0
4568,65,Mujer,7,139,54.9,286,0,0,0.031,295,138,-1.91,36,0
4569,52,Hombre,9.4,133,42.4,152,0,1,-0.21,123,124,-3.63,36,0
4570,52,Hombre,6.4,147,36,185,0,1,-0.606,101,151,0.07,36,0
4571,89,Hombre,7.2,150,33.2,60,0,0,0.005,60,154,-2.88,36,0
4572,62,Hombre,9.1,128,53.6,88,1,1,0.102,97,128,-1.93,21.35,1
4573,73,Mujer,6.2,128,43.6,91,1,1,0.138,104,121,-2.73,36,0
4574,48,Mujer,5.5,145,43.9,19,0,0,0.42,29,165,-2.55,36,0
4575,64,Mujer,8.7,140,36,293,0,1,-0.513,175,138,0.19,36,0
4576,69,Mujer,6.6,144,40.9,326,0,1,-0.914,131,150,0.01,36,0
4577,69,Mujer,8.5,130,48.9,2,0,0,0.33,3,113,-2.92,36,0
4578,80,Hombre,7.7,123,43.8,571,0,1,-0.506,344,109,-1.78,36,0
4579,49,Hombre,7.4,157,66.3,264,1,1,-0.16,225,148,-2.75,36,0
4580,40,Mujer,7.1,124,53,8,0,0,0.218,10,137,-0.3,32.31,1
4581,60,Mujer,10,113,32.5,125,0,1,-0.591,69,116,0.33,36,0
4582,69,Mujer,7.6,113,44.1,65,0,1,-0.051,62,118,-0.92,36,0
4583,69,Mujer,8.6,101,34.9,227,0,1,-0.392,153,77,-2.78,36,0
4584,57,Hombre,8.1,110,35.4,23,0,1,-0.519,14,98,2.67,36,0
4585,68,Hombre,7.6,123,30.4,52,0,0,0.442,81,129,-1.76,36,0
4586,70,Hombre,9,137,42.9,449,0,1,0.134,514,143,-4.1,36,0
4587,57,Hombre,8.4,130,52.7,489,0,0,-1.171,152,123,-0.34,36,0
4588,74,Mujer,9.8,161,25.3,315,1,0,0.101,348,155,-4.6,0.89,1
4589,53,Hombre,7.8,147,51.6,93,0,1,-0.269,71,147,-1.39,36,0
4590,69,Mujer,8.9,147,54.1,10,0,0,-0.022,10,140,-0.42,36,0
4591,63,Hombre,9.3,129,29.4,152,0,0,0.272,199,127,-4.14,36,0
4592,61,Mujer,8.7,170,70.8,123,0,1,0.152,143,155,-2.16,36,0
4593,68,Mujer,6.7,137,50,20,0,0,0.995,54,137,-1.27,36,0
4594,67,Hombre,8.7,159,36.5,178,0,1,-0.109,160,156,-2.11,36,0
4595,68,Hombre,8.6,121,38.8,926,0,0,-0.324,670,130,-1.72,36,0
4596,57,Mujer,8.7,164,49.4,370,0,1,-0.326,267,159,-0.79,36,0
4597,61,Mujer,5.7,152,48.7,3,0,0,0.015,3,157,-0.03,36,0
4598,59,Hombre,7.4,109,49.9,538,1,1,-0.468,337,91,-1.62,15,1
4599,62,Hombre,7.8,121,38.2,68,0,1,-0.808,30,107,0.06,36,0
4600,77,Mujer,8.6,145,41.1,331,0,0,-0.055,313,124,-4.38,36,0
4601,55,Hombre,8.5,147,56.5,162,0,1,-0.279,123,147,-0.41,36,0
4602,77,Hombre,9.1,126,42.4,78,0,1,-0.384,53,124,-1.75,36,0
4603,64,Mujer,9.4,138,44.2,123,1,1,-0.84,53,137,-1.39,36,0
4604,73,Hombre,6.7,126,53.8,18,0,0,-0.514,11,125,-0.2,36,0
4605,62,Mujer,8.4,151,48.3,461,0,1,0.669,900,134,-4.69,36,0
4606,70,Hombre,6.5,150,39.4,85,1,0,0.292,114,147,-2.48,36,0
4607,76,Mujer,7.1,151,35.6,38,0,0,0.346,54,167,-1.71,36,0
4608,77,Hombre,8.9,146,45.9,281,1,1,-0.073,261,150,-1.67,36,0
4609,48,Hombre,7.7,135,53.6,57,0,1,0.241,73,134,-2.93,36,0
4610,47,Hombre,7.1,111,52.8,104,0,1,-0.612,56,93,1.2,36,0
4611,56,Mujer,9.3,144,48.6,754,0,1,-0.809,336,142,-0.56,36,0
4612,50,Mujer,6.8,116,38.1,111,0,0,0.189,134,103,-1.57,36,0
4613,50,Hombre,8.4,126,55.8,221,0,1,-0.636,117,118,1.44,36,0
4614,84,Hombre,9.2,142,53.5,32,1,0,0.872,77,137,-4.41,36,0
4615,73,Hombre,7.8,125,59.8,47,1,1,-0.977,18,134,2.7,36,0
4616,69,Hombre,6.8,134,34.1,556,0,0,0.257,719,138,-4.59,25.85,1
4617,56,Hombre,8.2,141,50.5,85,0,0,-0.128,75,133,-1.86,36,0
4618,80,Mujer,7.5,119,56.4,134,1,0,0.553,233,131,-5.21,36,0
4619,64,Hombre,9.1,128,45.5,69,0,1,0.331,96,134,-2.9,16.44,1
4620,70,Hombre,7.8,112,36.9,17,0,1,-0.245,13,101,-1.06,36,0
4621,88,Mujer,8.6,139,45.2,250,1,0,0.01,252,134,-5.75,36,0
4622,57,Mujer,7,140,46.1,26,0,0,0.454,41,145,-0.3,36,0
4623,71,Mujer,7.5,146,38.9,2943,0,1,-0.423,1928,135,-2.31,36,0
4624,63,Mujer,8.5,147,51.1,103,0,1,-0.348,73,127,-1.92,36,0
4625,59,Hombre,5.5,145,28.6,40,0,0,0.172,47,147,-1.6,36,0
4626,77,Hombre,6.5,124,32.7,83,1,0,-0.487,51,123,-2.41,36,0
4627,51,Hombre,10.2,130,52.3,94,0,0,0.295,126,127,-3.33,36,0
4628,63,Hombre,8.6,124,31.7,320,0,1,-0.843,138,123,-1.33,36,0
4629,56,Hombre,8.3,140,40.1,121,0,1,0.99,326,143,-4.53,27.05,1
4630,67,Mujer,7.7,107,44.6,237,0,0,-0.863,100,109,-0.46,36,0
4631,64,Hombre,7.8,102,44.4,114,0,0,0.34,160,106,-1.78,36,0
4632,58,Hombre,9.3,139,54,121,0,0,0.158,142,146,-2.02,36,0
4633,62,Hombre,6.4,154,50.8,540,0,1,-0.135,472,148,-2.23,36,0
4634,67,Mujer,6.3,144,43,279,0,0,0.126,317,150,-3.29,36,0
4635,76,Hombre,8.3,145,37.2,114,1,1,-0.715,56,138,-0.36,36,0
4636,47,Hombre,9.7,145,40.7,73,1,1,0.377,106,136,-3.06,36,0
4637,78,Mujer,9,123,47.5,356,0,1,-0.628,190,101,-2.37,36,0
4638,57,Mujer,7,137,39.9,172,0,0,-0.671,88,153,-0.59,36,0
4639,53,Hombre,10,120,52,262,1,0,-0.458,166,101,-0.64,36,0
4640,52,Hombre,10.1,101,31.4,203,0,1,-0.556,116,92,-0.42,36,0
4641,50,Hombre,7.2,124,50.1,16,0,0,0.189,19,120,0.12,36,0
4642,77,Hombre,6.9,123,30.5,67,0,0,0.575,119,129,-2.31,36,0
4643,78,Hombre,7.7,138,35.4,429,0,0,0.242,546,135,-3.67,36,0
4644,75,Hombre,6.9,170,32.2,36,1,0,-0.203,29,171,-2.09,36,0
4645,55,Mujer,8,139,57.8,145,0,0,-0.388,98,141,-4.3,36,0
4646,54,Hombre,9,134,39.3,15,0,0,0.243,19,139,-1.99,36,0
4647,80,Hombre,8.1,161,33.9,660,0,0,0.355,941,158,-5.04,36,0
4648,41,Mujer,8.3,103,49.9,147,0,1,0,147,98,-1.88,36,0
4649,65,Mujer,8.5,127,54.6,141,0,0,0.616,261,110,-3.3,36,0
4650,61,Mujer,6,132,42.3,1036,1,1,-0.819,457,126,-0.68,36,0
4651,63,Hombre,8.3,139,37.5,103,0,1,0.087,112,121,-1.65,36,0
4652,62,Hombre,7.3,151,32.6,224,0,1,0.211,277,141,-3.85,36,0
4653,54,Mujer,6.3,139,54.4,95,0,0,-0.883,39,136,0.5,36,0
4654,51,Hombre,8.7,136,55.1,100,0,1,-0.388,68,135,-0.16,36,0
4655,54,Mujer,8.8,118,65.8,106,0,1,-0.91,43,104,1.35,36,0
4656,58,Hombre,7.7,119,51,21,1,0,0.213,26,128,-1.53,36,0
4657,71,Hombre,7.7,130,53.1,33,0,1,0.798,73,120,-2.55,36,0
4658,73,Hombre,8.5,145,52.7,703,1,1,0.403,1052,141,-4.38,36,0
4659,78,Hombre,10,141,24.8,94,0,0,-0.615,51,139,-1.65,36,0
4660,74,Hombre,7.8,146,42.4,290,0,0,0.673,568,154,-3.01,36,0
4661,44,Hombre,7.8,120,54.8,116,1,1,-0.611,63,121,1.65,36,0
4662,58,Mujer,9.7,122,59.8,96,0,0,0.214,119,117,-2.9,36,0
4663,82,Mujer,7.3,159,29.3,90,0,0,-0.59,50,155,-2.38,36,0
4664,47,Mujer,9,167,43,787,0,1,0.364,1133,170,-4.71,36,0
4665,61,Hombre,6.3,133,45.5,112,0,0,1.418,462,131,-2.31,36,0
4666,56,Hombre,6.8,99,54,129,1,1,-0.103,116,104,-1.47,36,0
4667,61,Mujer,6.4,127,58.2,99,0,1,0.446,155,133,-1.18,36,0
4668,66,Hombre,8.2,143,46.7,93,1,0,-0.106,84,148,-3.29,36,0
4669,60,Mujer,7.7,146,50,45,1,0,0.251,58,140,-2.16,35.28,1
4670,50,Hombre,9,146,61.2,24,0,0,0.178,29,146,-2.62,36,0
4671,71,Mujer,7.7,145,39,96,0,0,0.085,105,155,-3.88,36,0
4672,60,Mujer,6.1,153,49.2,129,0,1,0.279,171,157,-1.62,36,0
4673,63,Hombre,6.6,127,49.4,70,0,1,-0.136,61,122,-1.35,36,0
4674,50,Hombre,7.7,95,35.6,108,1,0,-0.696,54,84,-0.63,36,0
4675,59,Mujer,5.5,121,48.9,71,0,0,0.334,99,134,-1.63,36,0
4676,50,Hombre,7.5,113,59.3,76,0,1,-0.181,63,111,0.65,36,0
4677,63,Mujer,8.6,139,47.1,126,0,0,0.122,142,143,-2.07,36,0
4678,30,Hombre,8.8,132,48.4,20,0,1,-0.574,11,117,1.49,36,0
4679,69,Hombre,7.8,124,59.8,217,0,0,-0.358,152,134,-2.6,36,0
4680,56,Mujer,9.1,116,48.1,27,0,1,-0.817,12,113,0.19,36,0
4681,78,Mujer,7.6,142,31.3,208,0,0,-0.34,148,150,-1.88,36,0
4682,55,Hombre,7.2,164,57.2,29,0,0,0.395,43,160,-1.38,36,0
4683,45,Hombre,7.7,137,48.6,124,0,1,-0.735,59,129,0.63,36,0
4684,61,Mujer,8.1,125,36.6,44,0,0,0.366,63,124,-3.32,23.28,1
4685,71,Hombre,8.5,134,36.8,429,0,0,-0.061,403,151,-3.36,36,0
4686,54,Hombre,7.9,173,34.2,102,0,0,0.7,205,172,-2.97,36,0
4687,73,Mujer,8.1,152,32,262,0,0,0.584,470,160,-4.94,36,0
4688,52,Mujer,7.7,125,42.4,163,0,1,0.201,199,122,-0.34,36,0
4689,73,Mujer,6.9,156,56.4,142,0,1,-0.45,90,140,-1.62,36,0
4690,44,Mujer,7.4,121,51.1,159,0,1,-0.071,148,119,-1.03,36,0
4691,42,Hombre,6.7,122,52.2,80,0,0,0.735,167,112,-2.45,23.93,1
4692,60,Mujer,7.6,141,39.1,282,1,1,-0.032,273,128,-3.13,36,0
4693,59,Mujer,6.8,140,45.3,187,0,0,0.335,261,132,-3.18,36,0
4694,65,Mujer,7.6,143,38.6,448,0,0,0.252,576,142,-5.12,36,0
4695,56,Hombre,5.7,126,60.5,2,0,0,0.053,2,120,1.52,36,0
4696,34,Mujer,6.4,123,59.3,22,0,1,-0.623,12,111,3.69,36,0
4697,59,Mujer,6.3,121,48.8,42,0,0,0.828,96,120,-2.28,36,0
4698,64,Mujer,6.8,124,55,170,0,1,-0.285,128,108,-1.18,36,0
4699,65,Mujer,7.5,130,28.8,733,0,0,-0.799,330,129,-2.45,36,0
4700,86,Hombre,7.4,137,41.9,73,0,0,-0.522,43,137,-2.79,36,0
4701,74,Hombre,9.2,116,52.2,1314,1,1,-0.428,857,110,-4.2,36,0
4702,50,Mujer,7.2,134,57.4,72,1,1,-0.993,27,139,1.73,36,0
4703,68,Hombre,6.6,139,50,57,0,0,0.107,63,142,-1.35,36,0
4704,66,Hombre,6.3,112,39,124,0,0,-0.358,87,106,-1.47,36,0
4705,53,Mujer,6.7,118,51.5,65,0,1,-0.458,41,105,-0.06,36,0
4706,74,Hombre,8.2,129,46,127,1,1,-0.36,89,123,0.25,36,0
4707,64,Mujer,7.1,140,62.9,27,0,0,0.08,29,134,-1.94,36,0
4708,72,Hombre,7.3,174,37.4,648,0,0,0.394,961,185,-6.19,36,0
4709,72,Mujer,10.3,134,43.1,62,0,1,0.906,153,116,-4.98,36,0
4710,65,Mujer,5.5,138,54.6,61,1,0,0.069,65,121,-2.36,36,0
4711,67,Hombre,6.9,155,43.9,53,0,1,-0.486,33,148,-1.12,36,0
4712,70,Mujer,6.5,131,42.7,12,0,0,-0.393,8,127,-1.71,36,0
4713,62,Hombre,6.8,146,42.6,420,0,0,0.068,449,157,-1.14,8.99,1
4714,55,Mujer,9.5,143,34.3,202,0,0,0.576,359,138,-4.87,36,0
4715,75,Hombre,8.7,129,55.2,37,1,0,1.077,109,128,-5.18,36,0
4716,58,Mujer,7.3,163,47.1,56,0,1,-0.573,32,162,-1.76,36,0
4717,63,Mujer,6.7,137,30.7,59,1,0,0.454,93,128,-5.52,36,0
4718,79,Hombre,8.6,144,44,18,1,0,-0.31,13,143,-1.06,36,0
4719,76,Hombre,8.9,149,45.2,201,0,0,0.246,257,163,-4.62,36,0
4720,52,Hombre,6.4,124,48.6,208,0,1,-1.295,57,100,3.91,36,0
4721,62,Mujer,8,133,51.7,167,0,0,-0.382,114,132,-0.7,36,0
4722,70,Hombre,7.4,130,43.6,99,1,1,-0.093,90,136,-2.07,36,0
4723,77,Hombre,9.7,136,51.8,88,0,1,0.383,129,130,-1.29,36,0
4724,62,Hombre,7.4,148,40.2,117,0,1,-0.597,64,150,0.55,36,0
4725,50,Hombre,7.4,136,35.1,30,0,1,-0.042,29,128,-1.13,36,0
4726,78,Mujer,8.3,169,47.6,661,0,0,-0.023,646,159,-3.93,36,0
4727,78,Hombre,8.3,143,34.7,59,0,0,-0.334,42,139,-3.76,36,0
4728,57,Mujer,9.4,130,56.5,391,0,0,-0.148,337,138,-1.38,36,0
4729,90,Mujer,8.8,142,44.4,316,0,0,0.491,516,137,-2.22,36,0
4730,59,Hombre,7.2,146,38.3,179,0,0,0.416,271,156,-3.06,36,0
4731,80,Hombre,5.5,127,60.9,72,0,0,-0.217,58,118,-0.19,36,0
4732,59,Hombre,6.1,163,46.4,133,1,0,-0.682,67,170,-2.95,36,0
4733,68,Hombre,8.3,133,54.9,646,0,0,-1.065,223,131,-3.01,36,0
4734,60,Hombre,6.6,125,50.2,73,1,0,-1.066,25,124,-0.13,36,0
4735,59,Mujer,6.5,132,51.6,46,0,0,0.09,50,126,-1.09,36,0
4736,58,Hombre,6.1,134,58.7,80,0,0,-0.196,66,134,0.02,36,0
4737,70,Mujer,7.1,152,43.8,87,1,0,-0.194,72,151,-2.55,36,0
4738,72,Mujer,7.5,116,43.3,40,0,0,-0.271,31,132,-0.94,36,0
4739,75,Hombre,8.7,186,29.1,821,0,0,0.753,1744,188,-5.56,25.84,1
4740,71,Hombre,7.2,140,52.7,324,0,1,-0.7,161,136,-0.38,36,0
4741,78,Hombre,5.9,144,48.3,435,0,1,-0.733,209,142,0.07,36,0
4742,71,Mujer,8,141,44,69,1,0,0.11,77,143,-4.15,36,0
4743,61,Hombre,6.6,145,42.9,303,0,1,0.331,422,133,-3,36,0
4744,81,Hombre,6.9,117,49,41,1,1,-0.431,27,133,0.02,36,0
4745,64,Mujer,7,136,55.4,68,0,0,-0.286,51,135,-1.15,36,0
4746,44,Hombre,11.2,162,64.3,214,0,0,0.511,357,148,-3.47,36,0
4747,70,Hombre,6.3,126,53.4,316,1,0,0.273,415,126,-2.32,36,0
4748,64,Mujer,7.7,137,55.1,393,1,1,-0.756,185,132,-0.57,36,0
4749,85,Mujer,9.9,154,40.3,38,0,0,0.414,58,149,-4.41,36,0
4750,73,Mujer,8.8,125,36.8,45,0,0,-0.127,40,124,-0.61,36,0
4751,70,Hombre,7.2,141,44.3,27,0,0,0.326,37,138,-1.87,12.6,1
4752,58,Hombre,8.4,119,49.4,122,0,0,-0.384,83,124,-1.48,36,0
4753,54,Hombre,6.8,138,54.5,64,0,1,-0.441,41,140,2.18,36,0
4754,53,Hombre,6.9,137,46.4,25,1,0,-0.053,24,133,-1.48,36,0
4755,58,Hombre,7.7,149,48.8,83,0,0,0.695,166,150,-3.29,36,0
4756,69,Hombre,7.3,128,33.6,53,0,0,-0.205,43,123,-1.92,36,0
4757,70,Hombre,8.3,122,43.1,450,1,1,-0.553,259,124,-1.86,36,0
4758,81,Hombre,8.1,120,55.3,44,0,0,-0.085,40,129,-2.25,36,0
4759,76,Hombre,7.2,144,64.8,283,0,1,-0.692,142,146,0.04,29.75,1
4760,56,Mujer,8.5,144,57,308,0,1,-0.49,189,146,-2.47,36,0
4761,65,Hombre,7,112,40.8,74,1,0,-0.178,62,117,-1.69,36,0
4762,72,Mujer,7.2,128,34.2,1801,0,1,-0.277,1365,113,-3.73,36,0
4763,57,Hombre,6.3,166,30.1,88,0,1,-0.056,83,155,-1.07,36,0
4764,57,Hombre,7.7,117,39,166,0,1,-0.12,147,108,-0.56,36,0
4765,60,Hombre,7.9,126,45.6,119,0,1,0.499,196,130,-3.29,36,0
4766,76,Hombre,6.4,160,34.5,21,1,0,-0.026,20,159,-2.31,36,0
4767,67,Mujer,7.6,138,41.5,1040,1,0,-0.763,485,139,-3.23,36,0
4768,81,Hombre,7.5,145,41.5,447,0,0,-0.266,343,138,-3.03,36,0
4769,89,Mujer,7.9,122,38.8,64,1,0,0.206,79,130,-2.66,36,0
4770,70,Mujer,8.2,121,67.1,74,0,1,-0.384,50,108,0.58,36,0
4771,62,Mujer,6,126,44.6,80,0,0,0.171,95,127,-2.25,36,0
4772,55,Hombre,8.5,145,55.4,38,0,1,-0.047,36,143,0.47,7.25,1
4773,63,Hombre,8.8,133,37.6,56,0,1,-0.108,50,135,-2.32,36,0
4774,68,Mujer,8.9,126,30.8,283,0,0,0.117,318,132,-3.84,36,0
4775,81,Mujer,8.8,123,40.6,84,0,0,0.035,87,136,-1.26,36,0
4776,69,Hombre,7.5,161,34.8,89,0,0,-0.279,67,156,-3.36,36,0
4777,55,Mujer,9.9,110,33.5,1531,1,1,-0.532,899,102,-2.25,36,0
4778,65,Mujer,8.1,130,50.1,147,1,0,-0.017,144,143,-4.24,36,0
4779,73,Mujer,8.2,139,39.7,1618,1,1,-0.474,1007,131,-3.65,36,0
4780,58,Hombre,6.4,98,42.2,132,0,1,-0.224,106,89,0.55,36,0
4781,62,Mujer,7.6,148,54.3,77,0,1,0.532,131,139,-3.03,36,0
4782,75,Mujer,8.1,133,45.1,57,0,0,-0.299,42,134,-1.62,36,0
4783,74,Mujer,10.4,136,56.1,59,0,0,0.171,70,133,-1.8,36,0
4784,62,Hombre,7.6,124,45.8,140,0,0,0.206,172,129,-2.04,36,0
4785,68,Mujer,9.1,146,44.3,292,1,1,0.183,351,155,-3.31,36,0
4786,66,Mujer,7.5,126,56.3,111,0,0,0.21,137,104,-1.71,36,0
4787,44,Mujer,8.4,145,45.1,261,0,1,0.275,344,138,-2.88,36,0
4788,68,Hombre,7.6,138,36.8,69,1,1,-0.002,69,131,-3.75,36,0
4789,82,Hombre,10.3,135,48.1,231,1,1,-1.101,77,123,-2.41,36,0
4790,44,Hombre,8.5,125,48,148,0,1,-0.703,73,111,-0.17,36,0
4791,80,Mujer,7.2,147,38.8,70,1,0,0.306,95,148,-4.28,36,0
4792,56,Hombre,6.6,133,42,28,0,0,0.933,71,131,-3.84,36,0
4793,68,Hombre,8.3,137,45.3,672,0,1,0.026,690,140,-3.19,36,0
4794,72,Mujer,9,170,36.2,134,0,0,0.256,173,179,-4.92,36,0
4795,65,Mujer,8.4,118,46.8,45,1,1,-0.128,40,114,-1.05,36,0
4796,69,Mujer,7,122,52.3,108,0,1,-0.334,77,128,-1.04,36,0
4797,76,Mujer,8.4,134,20,25,0,0,-0.866,11,132,-1.96,36,0
4798,58,Mujer,8.5,123,55.1,253,0,1,-0.039,243,114,-2.32,36,0
4799,37,Mujer,9,110,48.9,69,1,1,-0.6,38,83,0.52,36,0
4800,61,Hombre,8.1,109,28.9,235,1,1,-0.213,190,102,-1.04,36,0
4801,76,Hombre,9,151,67.6,45,0,0,0.684,89,140,-3.71,36,0
4802,72,Hombre,8,166,27.3,286,0,0,0.755,609,174,-6.6,4.2,1
4803,76,Mujer,8.2,113,45,84,0,0,-1.197,25,113,-2.49,36,0
4804,68,Hombre,7.4,155,40.4,183,0,0,-0.266,140,147,-3.96,36,0
4805,44,Mujer,7.4,122,51.3,420,0,1,-0.098,381,121,-0.82,36,0
4806,75,Mujer,6.8,144,41.6,962,0,0,0.092,1054,150,-4.95,6.26,1
4807,51,Hombre,8.4,140,44.1,140,0,1,-0.417,92,136,0.19,36,0
4808,49,Hombre,6.8,145,32.1,152,0,0,-0.202,124,144,1.71,36,0
4809,55,Hombre,7.3,152,42.3,489,1,0,0.199,597,157,-2.99,36,0
4810,80,Mujer,8.3,126,28.6,53,0,0,0.216,66,120,-0.78,36,0
4811,55,Mujer,8.9,128,60.2,136,0,1,-0.91,55,136,-1.53,36,0
4812,59,Mujer,8.8,122,48.4,232,0,1,-0.387,157,117,2.38,36,0
4813,61,Hombre,6.7,150,51.1,254,0,0,-0.03,246,148,-2.05,36,0
4814,66,Hombre,9,151,36.5,155,0,0,-0.077,143,125,-5.08,36,0
4815,64,Mujer,9.1,126,54.1,150,0,0,-0.168,127,131,-4.09,36,0
4816,62,Mujer,5.5,142,42,42,0,0,0.391,62,130,-3.02,36,0
4817,69,Mujer,7.8,126,50.3,89,0,1,-0.785,41,113,0.69,36,0
4818,59,Mujer,5.5,133,59.8,99,0,1,-0.537,58,121,-1.01,36,0
4819,77,Mujer,6.9,155,51.4,73,1,1,-0.157,62,160,-2.32,36,0
4820,61,Hombre,7.8,116,46.8,13,0,0,0.751,28,117,-2.25,36,0
4821,59,Hombre,5.5,149,48.6,83,0,0,0.537,142,153,-2.49,36,0
4822,72,Mujer,8.1,109,58.8,41,1,0,0.458,65,102,-1.51,36,0
4823,64,Hombre,7.8,135,53.4,22,0,0,0.052,23,136,-1.86,36,0
4824,65,Mujer,7.9,121,35.1,356,0,0,-0.523,211,120,-2.7,36,0
4825,45,Hombre,8.9,122,42.1,163,0,1,-0.244,128,124,0.19,36,0
4826,70,Hombre,7.2,126,47.4,103,0,1,-1.09,35,126,0.94,36,0
4827,83,Mujer,8,162,29.3,1133,0,1,0.459,1793,148,-5.65,36,0
4828,51,Hombre,6.3,145,53.7,57,0,0,0.726,118,150,-2.28,36,0
4829,73,Hombre,8,118,32.2,298,0,0,-0.384,203,95,-3.41,36,0
4830,66,Hombre,8.9,156,45.7,180,0,1,0.486,293,142,-3.21,36,0
4831,50,Hombre,5.5,134,55.8,62,1,1,-0.219,50,124,0.86,36,0
4832,39,Hombre,8.2,126,58.5,54,0,1,0.363,78,121,-3.31,36,0
4833,55,Hombre,6.3,137,52.1,287,0,1,-0.508,173,137,0.16,36,0
4834,73,Hombre,9,129,55.6,51,1,1,-0.094,46,126,-2.51,36,0
4835,69,Mujer,8.7,153,48,79,0,1,0.652,152,150,-2.8,36,0
4836,90,Mujer,7.8,151,41.2,266,1,1,-0.328,192,145,-3.41,36,0
4837,60,Mujer,8.6,117,56.7,272,0,0,-0.787,124,101,-1.11,36,0
4838,59,Mujer,7.5,142,41.9,354,0,1,-0.126,312,133,-1.89,36,0
4839,60,Mujer,8.3,107,52.9,79,0,1,-0.199,65,120,0.4,36,0
4840,61,Mujer,7.6,162,42.6,575,0,1,0.126,652,157,-4.16,36,0
4841,63,Mujer,5.9,148,43.3,48,0,0,0.293,64,146,-1.69,36,0
4842,81,Mujer,6.6,163,32.5,582,0,0,0.297,783,157,-5.34,36,0
4843,52,Hombre,6.6,128,66.7,166,0,1,-1.097,55,110,0.96,36,0
4844,69,Mujer,7.8,120,40.5,34,0,0,0.146,39,122,-1.62,36,0
4845,73,Mujer,7.4,148,44,65,1,0,0.359,93,141,-3.77,36,0
4846,66,Mujer,6.6,138,47.5,136,1,0,0.512,227,142,-3.67,16.88,1
4847,65,Hombre,7.5,142,64.5,113,0,0,-0.317,82,138,-0.52,36,0
4848,71,Hombre,9.2,123,48.3,49,0,0,0.053,52,121,-1.06,36,0
4849,55,Hombre,6.9,121,62.9,348,0,1,-0.669,178,122,1.67,29.83,1
4850,70,Mujer,7.5,145,38.2,230,0,1,-0.138,200,153,-1.54,36,0
4851,47,Hombre,7.6,132,60.4,133,1,1,-0.699,66,130,-0.32,36,0
4852,61,Hombre,5.7,147,49.8,144,0,0,0.261,187,158,-2.22,36,0
4853,64,Hombre,6.9,118,51.3,34,0,0,-0.316,25,125,-1.52,36,0
4854,86,Mujer,8.8,131,32.6,164,1,0,0.786,360,126,-3.94,36,0
4855,66,Mujer,6.9,138,40.7,41,0,0,0.771,89,144,-3.23,36,0
4856,67,Hombre,8.4,127,43.6,115,1,0,-0.284,87,130,-2.84,36,0
4857,65,Mujer,5.9,149,23.6,153,0,0,0.939,391,152,-3.66,36,0
4858,66,Hombre,6.8,124,31,94,1,0,1.335,357,117,-2.74,36,0
4859,68,Mujer,8,123,29.2,112,0,0,0.3,151,128,-1.96,36,0
4860,60,Hombre,8,126,71.7,2193,1,1,-0.737,1050,108,-0.21,36,0
4861,61,Hombre,8.3,121,34.3,246,0,1,-0.713,121,120,-0.07,36,0
4862,59,Hombre,6.8,131,66.6,112,0,1,-0.014,110,127,-0.38,36,0
4863,79,Mujer,7.6,130,28.5,512,0,0,0.559,896,121,-4.83,28.92,1
4864,58,Mujer,6.6,157,54.5,72,1,1,-0.225,57,154,-0.89,36,0
4865,57,Mujer,7.1,143,54.3,108,1,0,0.028,111,160,-0.87,36,0
4866,45,Hombre,9.4,148,58.7,234,0,1,-0.163,199,140,-0.99,36,0
4867,61,Hombre,5.5,136,59,223,0,0,-0.963,85,130,1.24,36,0
4868,53,Mujer,8.4,124,52.8,26,1,1,0.114,29,119,-2.68,36,0
4869,65,Hombre,8.5,150,55.6,256,1,1,-0.256,198,122,-1.71,36,0
4870,62,Mujer,8.1,147,58.3,106,0,1,-0.056,100,147,-0.91,36,0
4871,75,Hombre,7.2,148,37.7,3,0,0,0.735,6,137,-1.27,36,0
4872,60,Hombre,7.5,127,31.9,317,0,0,-0.165,269,134,-1.34,36,0
4873,84,Hombre,8.8,148,41,238,0,1,-0.588,132,134,-1.85,36,0
4874,49,Mujer,6.9,117,52,488,0,1,-0.123,432,102,0.28,36,0
4875,71,Hombre,5.7,150,45,819,1,1,-0.627,437,144,-0.7,36,0
4876,65,Hombre,6.7,138,66.2,91,0,1,0.083,99,133,-0.42,36,0
4877,46,Hombre,7.2,134,71.9,509,0,1,-1.774,86,117,4.39,36,0
4878,53,Mujer,8.6,127,71.4,158,0,1,0.564,278,126,-0.43,27.33,1
4879,50,Mujer,6.9,130,26.6,2371,0,1,-1.682,441,133,0.47,36,0
4880,79,Hombre,10.9,130,32.6,241,1,0,0.269,315,126,-5.24,36,0
4881,59,Mujer,7.9,104,39,632,0,1,-0.443,406,88,-0.33,36,0
4882,61,Mujer,6.2,140,43.4,317,0,1,-0.948,123,144,1.61,36,0
4883,61,Hombre,8.7,134,40.6,19,0,0,-0.135,17,126,-2.51,36,0
4884,77,Mujer,8.8,127,46,71,1,0,-0.915,28,134,0.73,36,0
4885,54,Hombre,8.1,161,66.2,239,0,1,-0.005,238,168,-1.16,36,0
4886,59,Mujer,6.4,143,42,37,0,0,-0.57,21,128,-0.1,36,0
4887,56,Mujer,7.9,143,51.9,14,1,0,0.229,18,152,-3.49,36,0
4888,67,Hombre,7.7,125,44.1,78,0,1,-0.926,31,109,1.63,36,0
4889,67,Mujer,10,127,36.8,142,0,1,-0.427,93,114,-0.3,36,0
4890,42,Hombre,8.1,129,50.6,16,0,0,0.659,31,133,-2.2,36,0
4891,71,Mujer,9.4,159,47.5,110,0,0,0.745,232,168,-4.06,36,0
4892,54,Mujer,9.4,129,55.9,268,0,0,-0.374,184,128,-0.47,36,0
4893,78,Hombre,8.8,147,32,209,0,1,0.097,230,140,-3.52,36,0
4894,68,Mujer,9,135,56.5,52,0,1,-0.042,50,121,-3.27,36,0
4895,76,Hombre,8.1,145,28.3,223,1,0,0.355,318,140,-5.09,36,0
4896,59,Hombre,9.2,143,43.4,81,1,1,-0.854,34,137,1.61,36,0
4897,80,Hombre,9.9,136,30.6,164,0,0,-0.078,152,131,-3.62,36,0
4898,68,Mujer,8.8,120,53.7,24,0,1,-0.228,19,111,-0.5,36,0
4899,61,Hombre,8.9,144,61.7,148,0,0,0.106,165,152,-5.66,36,0
4900,79,Mujer,7,120,34,1050,0,0,-0.359,733,127,-1.57,36,0
4901,51,Hombre,6.8,126,42,147,0,1,-1.028,53,124,2.33,36,0
4902,47,Mujer,9.2,146,51.6,667,0,1,-0.842,287,146,0.66,36,0
4903,57,Hombre,9.7,144,48.8,256,1,1,-0.728,124,149,-0.68,36,0
4904,58,Hombre,9.2,136,48.9,189,0,1,0.35,268,118,-3.63,36,0
4905,56,Hombre,8.3,163,56.5,682,0,1,-0.973,258,158,0.98,36,0
4906,43,Hombre,9.1,154,49.6,245,0,1,-0.289,184,148,-2.38,36,0
4907,48,Hombre,7.6,137,50.7,110,0,0,0.675,216,130,-2.37,36,0
4908,71,Hombre,8.7,121,44.7,18,0,0,1.015,50,106,-2.46,36,0
4909,65,Mujer,7.8,118,51.2,102,0,0,0.339,143,123,-2.37,36,0
4910,66,Mujer,7.1,100,60.5,153,0,1,-0.22,123,100,-1.34,36,0
4911,65,Mujer,8,120,40.2,382,0,0,-0.038,368,123,-1.72,36,0
4912,69,Mujer,7.2,136,52.5,39,0,0,-0.012,39,143,-2.73,36,0
4913,62,Hombre,8,142,38.5,882,1,0,0.033,911,145,-2.83,36,0
4914,50,Hombre,7.1,127,42.1,414,0,0,0.058,439,138,-2.48,36,0
4915,68,Mujer,9.2,165,36.9,206,0,0,-0.288,154,170,-4.2,36,0
4916,59,Hombre,8.7,132,43.1,160,0,1,-0.294,119,131,-1.51,36,0
4917,77,Mujer,5.6,151,31.8,210,0,0,-0.172,177,149,-3.56,36,0
4918,50,Mujer,6.8,114,50.8,20,0,1,-0.257,15,110,-0.24,36,0
4919,70,Hombre,8.5,161,42.7,782,0,1,0.126,887,157,-3.89,36,0
4920,55,Mujer,8.2,134,42.2,81,0,0,0.854,190,129,-4.84,36,0
4921,42,Mujer,6.6,148,50.1,196,0,1,-0.258,151,143,1.1,36,0
4922,59,Hombre,8.4,140,51,123,1,1,-0.023,120,135,-3.25,36,0
4923,80,Hombre,7.1,149,40.6,479,0,0,0.07,514,160,-2.97,36,0
4924,65,Mujer,6.5,111,38.3,167,0,0,-0,167,107,-2.17,36,0
4925,64,Mujer,8,154,61.1,381,1,1,-1.623,75,153,0.94,36,0
4926,60,Hombre,6.3,110,41.3,132,0,0,-0.297,98,107,0.64,36,0
4927,53,Hombre,9.1,138,39.1,93,0,0,0.267,122,153,-1.62,36,0
4928,72,Hombre,6.5,130,35.7,24,1,0,0.845,56,140,-4.31,36,0
4929,43,Hombre,7.6,129,58.7,177,0,1,-0.077,164,115,-1.03,36,0
4930,65,Mujer,7.3,144,30.7,207,0,1,-0.386,141,137,-0.85,36,0
4931,70,Mujer,7.9,138,51.6,32,0,0,0.095,35,150,-1.95,36,0
4932,64,Mujer,8.5,140,42.1,529,0,1,-0.708,261,138,-0.56,36,0
4933,64,Mujer,8,150,64.6,75,1,1,-0.619,40,147,-1.13,36,0
4934,61,Hombre,7.4,140,53.2,337,0,0,-0.997,124,152,-0.78,36,0
4935,64,Hombre,7.7,127,50.1,54,0,0,0.157,63,133,-1.47,36,0
4936,54,Hombre,5.5,139,47.6,68,0,0,-0.033,66,144,-0.63,36,0
4937,39,Mujer,8.4,130,62.2,114,0,1,-0.843,49,125,1.36,36,0
4938,65,Mujer,6.4,133,51.6,118,0,0,0.2,144,112,-2.09,36,0
4939,63,Hombre,8.2,121,59.3,84,1,0,-0.396,57,131,-0.77,36,0
4940,49,Mujer,9.1,134,42.3,57,0,0,0.438,88,140,-3.74,36,0
4941,79,Mujer,7.4,131,43.1,334,0,0,0.052,352,130,-1.71,36,0
4942,68,Hombre,6.8,135,50.3,300,0,1,-0.805,134,137,0.98,36,0
4943,76,Mujer,8.5,146,41.5,702,1,0,-0.551,405,140,-4.42,36,0
4944,60,Mujer,7.4,173,49.6,247,0,0,0.477,398,161,-4.31,36,0
4945,90,Mujer,8.2,143,38.1,191,0,0,0.256,247,140,-3.38,36,0
4946,68,Hombre,6.8,132,57.6,66,1,0,0.333,92,126,-2.63,36,0
4947,56,Mujer,6.3,125,50.2,80,1,0,-0.081,74,123,-3.19,36,0
4948,65,Hombre,6.2,152,54.2,67,1,0,0.392,99,152,-4.49,9.96,1
4949,65,Mujer,7.2,171,44.8,188,0,0,0.168,222,159,-2.78,36,0
4950,69,Hombre,10.9,137,34.9,51,0,1,-1.049,18,139,0.88,36,0
4951,57,Mujer,10,123,47.4,86,0,1,-0.169,73,100,-1.36,36,0
4952,82,Hombre,9,121,26.7,150,0,0,-0.455,95,118,-2.93,36,0
4953,84,Mujer,7.9,114,36.3,416,1,0,0.868,991,115,-5.33,36,0
4954,65,Hombre,7.7,141,42,1802,1,0,-0.381,1231,128,-3.84,36,0
4955,52,Mujer,6.1,152,26.8,75,0,1,-0.055,71,127,-2.09,36,0
4956,64,Mujer,7.7,153,46.1,91,0,0,0.352,129,149,-2.77,36,0
4957,59,Hombre,7.3,142,37.4,36,0,1,0.769,78,148,-3.9,36,0
4958,64,Hombre,7.8,132,59,7,0,0,1.044,20,153,-0.75,36,0
4959,67,Mujer,7.9,131,24.5,46,0,0,-0.159,39,141,-2.85,36,0
4960,77,Mujer,8.5,134,39.5,120,0,0,0.123,136,138,-3.05,36,0
4961,65,Mujer,8.3,127,36.4,72,0,0,-0.277,55,136,-4.5,36,0
4962,65,Mujer,6,131,58.3,64,0,0,-0.022,63,113,-0.64,36,0
4963,67,Mujer,7.7,144,31.2,190,1,0,-0.079,176,162,-2.9,5.84,1
4964,56,Hombre,7.9,162,49.3,468,0,0,-0.019,459,165,-1.87,36,0
4965,69,Mujer,8.2,138,54.9,43,0,0,0.072,46,145,-3.81,36,0
4966,51,Hombre,6.7,99,47.5,110,0,1,-0.248,86,99,0.24,36,0
4967,66,Hombre,6.5,131,48.6,141,0,1,-0.55,81,120,0.02,36,0
4968,59,Mujer,8.4,126,46.1,218,0,1,0.077,235,123,-3.47,36,0
4969,51,Mujer,6.1,154,49.4,274,0,0,0.221,342,161,-1.21,36,0
4970,76,Hombre,7.8,156,50.6,1526,0,1,-0.164,1295,161,-3.73,36,0
4971,49,Hombre,7.5,130,37.5,26,0,0,0.186,31,129,0.07,36,0
4972,77,Hombre,8.3,121,45.1,69,1,0,-0.225,55,134,-1.98,36,0
4973,59,Hombre,9,148,41.7,170,0,1,0.164,200,146,-2.89,36,0
4974,72,Mujer,7.4,126,29.3,99,1,0,-0.292,74,115,-3.02,36,0
4975,56,Mujer,7.7,136,36.8,200,0,0,-0.111,179,139,-3.85,36,0
4976,65,Mujer,8.1,150,46.3,214,1,1,-1.661,41,137,-0.46,36,0
4977,60,Mujer,8.1,145,60.5,145,0,1,-0.543,84,137,0.43,36,0
4978,64,Hombre,5.9,123,56.5,56,0,0,-0.481,35,131,0.69,36,0
4979,81,Hombre,9,133,48,36,0,0,0.283,48,135,-4.09,36,0
4980,63,Mujer,7.1,153,45.4,82,0,0,1.279,295,158,-3.51,23.83,1
4981,71,Mujer,8.2,151,42.2,620,0,1,0.476,998,143,-5.65,36,0
4982,62,Mujer,6.2,154,38.6,85,0,0,0.054,90,163,-0.99,36,0
4983,52,Hombre,7.3,153,44.8,36,0,0,0.429,55,145,-0.39,36,0
4984,66,Hombre,6.3,111,39.4,33,0,0,0.156,39,115,-0.88,36,0
4985,52,Mujer,10.4,117,52.9,97,0,0,-0.503,59,117,-1.12,36,0
4986,69,Hombre,7.7,106,41.3,92,0,0,-0.812,41,111,-2.78,36,0
4987,50,Hombre,7.6,134,43.5,28,1,1,0.425,43,137,-1.16,36,0
4988,61,Mujer,6.4,132,45.2,747,0,1,-0.516,446,125,-2.01,36,0
4989,51,Hombre,8.9,143,52.7,72,0,0,0.158,84,136,-4.87,36,0
4990,51,Hombre,9,116,49.8,255,0,1,0.255,329,120,-2.51,36,0
4991,62,Mujer,7.4,106,49.7,113,0,1,-0.839,49,97,0.3,36,0
4992,77,Hombre,7.6,118,34.3,534,1,1,-1.255,152,112,-0.67,36,0
4993,66,Mujer,9.7,96,60,7,0,0,-0.026,7,90,0.06,36,0
4994,53,Hombre,7.8,122,54.7,40,0,1,-0.719,19,117,1.81,36,0
4995,51,Hombre,8.4,103,40.4,128,0,0,-0.019,126,110,-1.13,36,0
4996,90,Hombre,8.5,130,49.2,397,1,1,0.023,406,131,-3.65,36,0
4997,62,Hombre,6.6,155,53.1,123,0,0,-0.165,104,144,-1.57,36,0
4998,46,Hombre,5.5,128,41.5,25,1,0,-0.61,14,130,-0.51,36,0
4999,50,Mujer,6.2,146,59.5,57,0,1,0.325,79,141,-0.84,36,0
5000,68,Hombre,8.4,143,42.4,301,0,1,0.397,448,128,-1.61,36,0
