id,edad,sexo,hba1c,pas,tfg_basal,uacr,ecv,isglt2,pendiente_tfg,tiempo_meses,evento
1,70,Mujer,7.5,130,47.9,77,0,1,-0.07,27,1
2,64,Mujer,9.6,146,42,NA,0,0,-2.38,36,0
3,72,Mujer,9.1,136,35.1,230,0,0,-6.47,5.2,1
4,77,Mujer,7.2,144,34.5,162,0,0,-2.04,36,0
5,68,Hombre,6,134,46.4,379,0,0,-1.13,36,0
6,62,Mujer,9.2,110,47.1,182,0,0,-1.58,36,0
7,68,Hombre,6,134,44.6,NA,0,0,-3.36,36,0
8,63,Mujer,6.7,151,45.2,NA,0,0,-3.95,36,0
9,61,Hombre,7.4,130,46.4,40,0,1,-0.11,36,0
10,71,Hombre,9.1,144,34,NA,0,1,-1.83,36,0
11,60,Mujer,8.7,NA,46.6,NA,1,0,-3.92,36,0
12,46,Mujer,6.9,142,42,NA,0,1,0.14,36,0
13,60,Mujer,9.7,139,61.2,106,1,0,-3.41,21.9,1
14,72,Hombre,8.9,162,46.9,301,0,0,-4.42,36,0
15,75,Mujer,7.2,115,42.1,86,1,0,-2.74,9.9,1
16,62,Hombre,7.3,95,43,470,0,1,-1.14,36,0
17,63,Hombre,NA,155,54.6,1029,0,1,1.56,36,0
18,68,Hombre,8.5,155,47.7,NA,0,1,-1.01,36,0
19,51,Mujer,7.5,99,59,NA,0,1,-0.42,36,0
20,88,Hombre,6.4,133,26.1,NA,0,0,-4.64,36,0
21,62,Mujer,7.2,138,44.9,135,0,0,-2.15,36,0
22,71,Mujer,6.8,132,54.8,NA,1,0,-3.45,36,0
23,90,Mujer,7.4,149,50.3,NA,1,0,-5.7,36,0
24,71,Mujer,7.9,135,39.1,NA,1,0,-5.42,36,0
25,63,Mujer,7.7,175,31.4,NA,0,0,-3.21,25.9,1
26,51,Hombre,8,163,49,482,0,1,-0.67,36,0
27,55,Hombre,6.3,130,56.2,83,0,1,-0.88,36,0
28,65,Mujer,8.1,160,38.7,135,0,0,-2.6,36,0
29,60,Hombre,7.2,116,52.7,46,0,0,-3.27,36,0
30,71,Hombre,9.9,114,30.1,NA,0,1,-3.45,36,0
31,54,Mujer,9.2,132,49.9,48,0,0,-1.56,36,0
32,82,Hombre,8.2,161,37.7,NA,0,0,-5.19,36,0
33,51,Mujer,7.2,130,54.8,100,0,1,0.49,36,0
34,70,Mujer,8.6,122,58.2,29,0,1,-0.17,36,0
35,58,Hombre,6,140,56.6,NA,0,0,-1.58,36,0
36,51,Mujer,7.6,151,59.3,314,0,1,-0.05,36,0
37,67,Mujer,7.1,159,52.8,118,0,1,-1.98,36,0
38,49,Mujer,8,132,50.2,NA,1,1,0.1,36,0
39,73,Hombre,9,138,47.5,NA,1,1,-1.86,36,0
40,74,Mujer,7.5,NA,58.3,199,0,0,-4.16,36,0
41,77,Mujer,NA,NA,44,170,0,0,-3.01,36,0
42,79,Mujer,5.8,163,51.5,NA,1,1,-3.82,36,0
43,58,Mujer,7.2,113,63,NA,0,1,-0.95,36,0
44,60,Mujer,9.6,121,43.5,21,0,0,-1.69,36,0
45,49,Mujer,7.3,135,41.6,NA,0,1,-0.55,36,0
46,75,Mujer,8.5,134,38.9,161,0,0,-2.98,20.6,1
47,60,Mujer,7.6,170,42.8,67,0,0,-3.03,36,0
48,65,Mujer,8.7,131,57.3,178,0,1,-2.2,36,0
49,73,Hombre,9.4,151,50.8,244,1,0,-4.09,36,0
50,69,Mujer,NA,163,44,67,0,0,-1.72,36,0
51,68,Mujer,8.7,107,52.2,162,1,1,-1.26,36,0
52,52,Mujer,NA,143,43.6,NA,0,1,0.06,36,0
53,62,Mujer,7.2,150,46,59,0,1,-2.02,36,0
54,75,Mujer,6.7,144,34.8,NA,0,0,-3,6,1
55,68,Hombre,7.9,158,46.9,338,0,0,-3.92,36,0
56,75,Hombre,9.1,162,46.1,NA,0,0,-5.49,28.4,1
57,70,Hombre,9.4,129,38.2,336,1,0,-5.65,36,0
58,56,Hombre,6.4,101,49,3,0,0,2.57,36,0
59,57,Mujer,7.3,140,44.4,NA,0,1,-0.08,36,0
60,64,Mujer,8.5,143,48,181,0,1,-0.19,36,0
61,70,Hombre,NA,146,40.4,435,1,1,-0.67,36,0
62,70,Mujer,7,166,42,NA,1,0,-2.97,36,0
63,69,Mujer,8.9,134,42.3,176,1,0,-1.31,36,0
64,78,Mujer,8.9,151,48.5,NA,0,0,-5.39,20.5,1
65,53,Hombre,NA,115,50.4,456,0,1,-0.46,36,0
66,39,Hombre,8,141,54.4,19,0,0,-1.62,36,0
67,55,Hombre,NA,138,57.6,303,0,0,-2.91,36,0
68,60,Hombre,6.6,144,32.6,NA,0,1,-0.41,36,0
69,81,Hombre,5.5,146,49.7,68,0,0,0.48,36,0
70,60,Hombre,7.4,113,41.4,33,0,0,-2.44,36,0
71,63,Mujer,7,156,35.1,268,0,0,-0.05,36,0
72,57,Hombre,8.4,142,37.6,NA,0,0,-4.03,36,0
73,56,Mujer,9.9,156,62.8,277,1,1,-2.46,36,0
74,41,Mujer,7.4,140,74.4,59,0,1,-0.5,36,0
75,59,Mujer,8.7,124,60.6,31,1,1,-1.18,36,0
76,74,Mujer,6.5,157,43.9,NA,1,0,-3.19,21.5,1
77,59,Hombre,7.5,138,55.3,82,1,1,1.91,36,0
78,79,Mujer,6.8,104,50.5,208,0,1,-2.54,36,0
79,57,Hombre,7.9,122,52.6,55,1,0,-1.61,36,0
80,57,Mujer,7.7,152,68.2,77,0,0,-2.06,36,0
81,53,Hombre,7.8,157,50,105,0,1,-0.41,36,0
82,79,Hombre,7.8,126,32.1,NA,0,0,-1.02,36,0
83,66,Hombre,7.4,128,48.6,152,0,1,-1.82,15.5,1
84,53,Mujer,NA,137,53.4,312,1,1,-0.5,36,0
85,64,Hombre,7.9,137,47.2,55,1,0,-1.76,18.1,1
86,64,Mujer,9.1,158,42.3,73,0,1,-2.35,9.7,1
87,77,Hombre,5.7,130,31.9,NA,0,1,-0.68,36,0
88,54,Mujer,9.3,NA,56.8,80,0,1,0.57,36,0
89,54,Mujer,9.2,113,56.5,221,0,1,0.42,36,0
90,74,Mujer,7.6,160,57.6,130,1,0,-4.23,27.2,1
91,70,Hombre,8.5,125,33.7,NA,1,1,-3.98,36,0
92,55,Hombre,8.7,114,58.1,34,1,1,-0.23,36,0
93,81,Hombre,8,136,45.4,NA,0,0,-3.78,36,0
94,65,Mujer,8.3,161,39.8,45,1,1,-3.42,36,0
95,60,Mujer,7,153,38.5,NA,0,0,-2.27,36,0
96,53,Mujer,7.6,137,48.3,23,1,1,-0.1,36,0
97,46,Hombre,7.7,129,49.7,138,0,1,0.36,36,0
98,49,Mujer,9.5,151,58.4,901,0,1,-1.7,19.6,1
99,56,Hombre,7.4,NA,73.9,115,0,1,0.96,36,0
100,66,Mujer,6.8,156,57.3,82,0,1,0.46,36,0
101,71,Hombre,8.8,140,38.7,81,0,0,-2.6,27.2,1
102,61,Mujer,5.5,117,51.3,67,1,1,-1.18,36,0
103,74,Mujer,7.6,136,57,NA,0,1,-1.8,36,0
104,66,Mujer,6.3,128,47.7,168,0,0,-2.28,36,0
105,51,Hombre,NA,141,35.7,NA,0,1,0.71,36,0
106,63,Hombre,8.6,131,53.8,716,0,0,-1.06,36,0
107,51,Hombre,6.9,128,61.9,37,0,1,-0.1,36,0
108,79,Mujer,6.9,137,34.3,172,1,1,-1.35,18.5,1
109,67,Mujer,6.5,123,62.6,82,0,0,-3.46,36,0
110,76,Hombre,8.5,140,45.1,NA,1,1,-1.96,36,0
111,52,Hombre,9.5,143,37.9,225,0,1,-2.08,36,0
112,60,Mujer,7.6,164,40.4,NA,1,0,-3.67,36,0
113,61,Hombre,7.5,115,56.9,40,1,0,-3.48,36,0
114,45,Mujer,8.4,134,52.6,NA,0,1,-0.03,36,0
115,63,Mujer,9,124,36,NA,0,1,-4.02,36,0
116,76,Mujer,9.1,119,43.6,106,0,1,-1.78,36,0
117,49,Hombre,6.9,107,56,NA,1,1,0.97,36,0
118,64,Mujer,8.1,107,51.7,26,1,0,-2.05,36,0
119,62,Mujer,7.4,144,58.1,82,0,1,-1.54,36,0
120,61,Mujer,7.5,124,52.5,443,0,0,-3.4,36,0
121,58,Mujer,8.5,97,34.3,NA,0,0,-2.38,36,0
122,55,Mujer,7.8,135,37.7,232,0,0,-4.82,36,0
123,60,Hombre,8.7,NA,48.3,202,1,1,-3.08,36,0
124,50,Hombre,7.9,116,35.1,149,0,1,0.26,36,0
125,67,Hombre,6.7,134,40.7,NA,1,0,-4.71,36,0
126,64,Hombre,8.7,128,58.3,440,0,0,-4.96,36,0
127,50,Hombre,9.2,130,47.7,557,0,1,-3.03,30.9,1
128,63,Mujer,8.1,162,35.5,788,0,1,-3.2,18.2,1
129,47,Mujer,7.7,149,56.1,105,0,1,1.05,36,0
130,63,Mujer,6.2,157,44.1,NA,0,1,-1.02,36,0
131,72,Mujer,6.5,144,30.1,753,0,0,-1.44,36,0
132,63,Mujer,8.5,NA,46.4,99,1,1,-1.98,19,1
133,57,Hombre,6.1,132,45.2,146,1,0,-3.2,36,0
134,50,Hombre,6.8,142,45.6,NA,0,1,-0.24,36,0
135,54,Hombre,6.5,126,41,411,0,1,-1.35,36,0
136,80,Hombre,6.7,135,32,NA,0,0,-4.86,36,0
137,54,Mujer,7.2,127,43,26,0,1,0.5,36,0
138,63,Mujer,7.5,NA,47.3,NA,0,1,-3.12,36,0
139,54,Hombre,NA,124,56,NA,0,0,-2.35,36,0
140,73,Mujer,8.3,146,45.7,58,0,0,-3.2,36,0
141,57,Hombre,9,131,50.8,118,0,1,-1.28,36,0
142,45,Mujer,5.5,139,42.1,23,0,0,-0.62,36,0
143,73,Mujer,7.7,122,31.4,NA,0,0,-4.29,31.9,1
144,70,Mujer,9,131,27.5,734,0,0,-4.42,36,0
145,61,Hombre,NA,139,41.5,NA,1,1,-1.31,36,0
146,58,Hombre,NA,132,22.5,NA,0,0,-3.87,15.2,1
147,51,Hombre,8.2,126,46.5,106,0,0,-2.85,36,0
148,74,Mujer,7.5,126,34.1,223,1,0,-2.96,36,0
149,69,Hombre,7.6,136,44,351,0,0,-3.43,36,0
150,65,Hombre,8.7,137,44.9,101,0,1,-0.46,36,0
151,59,Hombre,8.3,145,49.7,NA,0,1,-0.94,36,0
152,63,Mujer,8.3,168,51.5,59,0,1,-2.66,36,0
153,61,Mujer,7,133,40.1,286,0,1,-0.53,36,0
154,52,Hombre,7.6,120,57.9,47,0,0,0.11,36,0
155,62,Mujer,9.8,136,40.6,930,1,0,-4.55,36,0
156,75,Hombre,8.9,NA,27.1,NA,0,1,-2.03,36,0
157,71,Mujer,7.6,148,37.8,NA,0,0,-5.26,19.5,1
158,75,Mujer,9.1,142,26.1,228,0,0,-4.31,11.5,1
159,70,Hombre,8.9,139,36.9,NA,0,0,-1.29,36,0
160,79,Mujer,8.5,139,36.6,79,0,0,-1.94,36,0
161,67,Mujer,8.1,133,40.8,NA,1,0,-3.65,36,0
162,83,Mujer,7.8,131,46.7,140,0,0,-3.75,32.5,1
163,63,Hombre,6.3,143,54.8,92,0,1,-0.85,36,0
164,63,Mujer,7.8,121,46.5,80,0,1,-0.29,36,0
165,55,Hombre,8.3,126,46.8,249,0,1,-0.18,36,0
166,47,Hombre,6.2,131,54.5,48,0,1,-0.53,36,0
167,66,Hombre,7,123,34.5,29,1,0,-1.8,36,0
168,62,Hombre,8.5,144,45.8,449,0,0,-2.72,36,0
169,47,Mujer,8,126,66.2,51,0,1,-0.65,36,0
170,73,Mujer,7,126,45.8,146,0,0,-2.64,8.7,1
171,75,Hombre,8.4,140,39.7,301,0,0,-3.91,18.4,1
172,74,Mujer,NA,141,29.5,64,0,0,-4.37,36,0
173,66,Hombre,6.7,165,51.9,663,1,1,-1.56,36,0
174,74,Mujer,6.7,133,44.2,52,1,0,-2.63,36,0
175,87,Mujer,6.5,153,53.1,84,0,1,-3.33,36,0
176,76,Mujer,7.5,124,25.9,673,0,0,-3.96,6.7,1
177,57,Mujer,7.1,NA,43.9,222,0,0,-0.3,36,0
178,73,Mujer,7.8,140,44.8,NA,0,0,-4.21,2.9,1
179,46,Hombre,6.4,133,48.1,107,1,1,-2,36,0
180,54,Mujer,7.7,133,60.7,319,0,0,-0.98,36,0
181,69,Mujer,9.1,144,35.7,NA,0,0,-1.92,36,0
182,73,Hombre,NA,148,51.8,18,0,0,-3.31,36,0
183,78,Mujer,8.4,156,40.8,118,0,0,-4.22,3,1
184,70,Mujer,8.3,160,50.8,194,0,0,-3.52,36,0
185,49,Hombre,8.4,155,49.1,349,0,0,-1.42,36,0
186,53,Mujer,6.4,110,46.6,NA,0,0,-0.79,36,0
187,70,Hombre,6.2,132,31.7,11,1,0,-1.36,36,0
188,68,Mujer,9.4,131,51.8,NA,0,0,-4.18,36,0
189,72,Mujer,7.4,133,45.8,99,0,0,-2.79,13.2,1
190,61,Hombre,6.8,142,46.8,127,0,1,-1.12,36,0
191,68,Mujer,8.4,155,51.3,307,0,1,-1.6,36,0
192,71,Hombre,9.1,126,39.9,NA,0,0,-3.04,36,0
193,74,Hombre,6.5,127,32.3,NA,0,0,-2.69,36,0
194,67,Mujer,6,112,35.4,17,0,0,-2.68,36,0
195,67,Hombre,10.7,NA,40.5,NA,1,0,-3.35,36,0
196,69,Mujer,5.5,164,58.4,173,0,0,-4.11,28.7,1
197,76,Mujer,8.3,134,58.7,NA,0,0,-3.02,36,0
198,78,Mujer,7.3,115,45.1,71,0,1,-1.4,36,0
199,67,Mujer,9.2,145,49.6,434,0,1,-1.34,36,0
200,65,Mujer,7.6,136,29.7,140,0,0,-2.81,36,0
201,62,Hombre,6.6,143,43.9,55,0,0,1.16,36,0
202,36,Mujer,6.7,103,52.9,261,0,0,-0.42,36,0
203,57,Hombre,6.7,150,36.4,72,1,1,-1.23,36,0
204,63,Hombre,8.1,148,52.1,33,0,0,-1.56,36,0
205,62,Hombre,7.6,140,55,66,1,0,-5.62,17.7,1
206,54,Hombre,8.3,111,51.4,54,0,1,-1.37,36,0
207,46,Hombre,7.6,137,46,675,0,1,-1.32,8.6,1
208,76,Hombre,7.7,134,54.8,75,1,0,-2.98,35.6,1
209,52,Hombre,8.4,124,23.3,107,0,1,0.68,36,0
210,72,Hombre,NA,149,54.2,328,0,1,-1.77,36,0
211,76,Hombre,7.8,151,28.5,NA,0,0,-4.83,36,0
212,63,Hombre,9.3,134,59,112,0,1,-1.84,36,0
213,76,Hombre,8.8,131,48.5,NA,0,0,-6.48,17.2,1
214,57,Mujer,NA,170,44.1,NA,0,1,0.32,36,0
215,67,Hombre,7,139,53.3,NA,1,1,-0.67,36,0
216,76,Mujer,7.9,147,43.8,NA,0,1,-1.77,36,0
217,70,Mujer,NA,137,56,79,0,1,0.04,36,0
218,70,Hombre,7.4,115,56.7,31,0,0,-0.86,36,0
219,63,Hombre,8.7,117,41.6,NA,0,1,-2.08,36,0
220,73,Hombre,5.8,137,24.5,131,0,0,-1.27,36,0
221,65,Mujer,9.2,153,41,107,0,1,-2.66,36,0
222,60,Hombre,9,107,49.3,71,0,0,-1.55,36,0
223,66,Hombre,7.2,NA,40.5,34,1,0,-2.15,36,0
224,65,Mujer,NA,134,49.4,91,1,0,-1.51,36,0
225,60,Mujer,6.8,152,48.2,203,1,1,-2.28,36,0
226,66,Hombre,8.4,110,54,262,1,1,-2.5,36,0
227,55,Hombre,7.2,104,47.6,197,0,1,0.44,36,0
228,67,Hombre,8.6,128,56.4,NA,0,1,-2.6,36,0
229,62,Hombre,5.7,125,61.7,39,0,0,-1.22,36,0
230,61,Mujer,10.2,117,58.4,264,0,1,-1.14,36,0
231,70,Mujer,8.3,155,28.3,NA,0,0,-3.36,6,1
232,42,Hombre,7.7,151,59.5,68,0,1,-0.35,36,0
233,70,Hombre,8.4,135,52.2,173,0,0,-0.87,36,0
234,57,Mujer,7.2,128,50,24,0,0,-2.29,36,0
235,53,Mujer,7.3,121,42.4,NA,0,1,0.27,36,0
236,56,Hombre,7.7,124,66.2,36,1,0,-1.37,36,0
237,51,Hombre,7.3,118,39.4,36,0,1,-0.7,36,0
238,71,Mujer,8,143,40.3,257,0,0,-3.97,36,0
239,67,Hombre,7.9,105,55.6,NA,0,0,-1.1,36,0
240,70,Mujer,5.9,153,49.1,43,0,0,-2.88,36,0
241,65,Mujer,8.1,104,38.8,NA,0,1,0.1,36,0
242,60,Mujer,7.3,156,43,NA,0,0,-2.83,36,0
243,79,Hombre,6.6,139,31,179,0,0,-3.54,36,0
244,61,Hombre,6,137,49.7,179,1,0,-4.37,36,0
245,56,Mujer,5.9,152,41.5,35,0,1,-0.72,36,0
246,60,Hombre,6.9,103,41.5,NA,0,0,-0.64,36,0
247,72,Mujer,6.3,NA,45.4,305,0,1,-2.63,36,0
248,69,Hombre,8.6,144,51.5,NA,0,0,-6.14,9,1
249,46,Mujer,NA,149,33.1,164,0,1,1.82,36,0
250,83,Mujer,7.1,123,50.6,NA,1,0,-4.35,4.1,1
251,71,Hombre,6.2,142,38.2,56,1,0,-1.93,36,0
252,70,Hombre,6.9,125,45,NA,1,0,-3.3,21.8,1
253,69,Hombre,NA,118,50,NA,1,0,-2.77,36,0
254,73,Hombre,8.2,143,46.1,NA,1,1,-3.58,36,0
255,59,Hombre,7.4,165,47.5,NA,0,1,-2.01,28.4,1
256,85,Hombre,8.7,140,39,NA,1,0,-3.87,36,0
257,58,Mujer,8.3,123,56.2,68,1,0,0.33,36,0
258,69,Mujer,10.6,117,53.1,NA,0,1,-0.98,36,0
259,70,Hombre,9,NA,45.6,NA,0,1,-1.18,36,0
260,80,Mujer,6.5,130,42.2,NA,1,1,-2.23,36,0
261,62,Mujer,7.2,124,36,13,0,1,-1.67,36,0
262,65,Mujer,6.1,154,44.7,133,0,0,-2.45,16.2,1
263,59,Hombre,6.2,143,43.7,776,0,1,0.28,36,0
264,38,Mujer,8,122,53.6,15,0,1,1.1,36,0
265,51,Hombre,10.1,115,45,143,0,0,-4.12,36,0
266,89,Hombre,5.9,153,42.2,148,0,0,-4.63,36,0
267,77,Hombre,9.5,125,36.2,NA,0,1,-3.5,36,0
268,63,Hombre,8.8,131,45.9,85,1,1,-3.02,36,0
269,74,Hombre,6.7,136,46.3,584,0,0,-3.61,11.3,1
270,66,Hombre,8.7,137,40.3,148,0,0,-5.03,36,0
271,60,Hombre,8.6,129,31.5,NA,0,1,-0.59,36,0
272,65,Mujer,7.9,124,45.7,NA,1,1,-3.21,36,0
273,58,Mujer,7.9,152,53.4,420,0,1,-0.61,36,0
274,72,Hombre,8.7,125,28.4,NA,0,0,-2.65,36,0
275,50,Hombre,5.8,142,39.8,80,0,1,-2.34,36,0
276,60,Hombre,8.1,117,55.4,133,0,1,0.61,36,0
277,67,Hombre,10.1,165,40.5,3064,0,1,-2.98,36,0
278,73,Mujer,8.3,164,51.5,116,0,1,-1.92,36,0
279,75,Hombre,7.6,125,59,158,1,0,-1.82,36,0
280,55,Hombre,7.6,NA,41.9,816,1,1,-0.8,36,0
281,64,Hombre,7.4,155,42.1,94,0,0,-4.45,36,0
282,58,Mujer,7.9,135,50.6,161,0,1,-0.03,36,0
283,74,Hombre,7,147,43.4,37,1,0,-3.59,36,0
284,54,Mujer,7.5,132,48.4,29,0,0,-1.85,36,0
285,58,Hombre,7.5,130,37,42,0,1,-0.53,36,0
286,78,Hombre,6.8,155,38,NA,0,0,-4.14,36,0
287,49,Mujer,9.6,123,47.9,79,0,1,0.11,36,0
288,67,Hombre,7.7,138,53,104,0,0,-2.27,36,0
289,63,Hombre,9.5,129,49,141,0,1,0.65,36,0
290,52,Hombre,9.6,113,46.4,515,0,1,0.02,36,0
291,54,Mujer,NA,130,39.3,1002,1,1,-2.28,10,1
292,60,Mujer,6.2,156,33,216,0,0,-1.39,36,0
293,76,Mujer,6.2,117,48,1171,0,0,-4.42,9.2,1
294,66,Hombre,8.1,138,32.9,NA,1,0,-4.07,36,0
295,53,Mujer,9.4,127,46.8,288,0,0,-3.2,36,0
296,71,Hombre,9.5,146,41,413,1,0,-4.59,36,0
297,71,Mujer,8.3,156,37.4,NA,1,0,-4.04,36,0
298,63,Mujer,7.8,126,58.3,85,0,0,-2.86,13.8,1
299,60,Hombre,7.6,140,60.7,105,0,1,0.64,36,0
300,79,Hombre,9.2,152,45,308,0,0,-5.43,36,0
301,55,Mujer,7.8,121,28.8,NA,0,0,-1.69,36,0
302,61,Mujer,7.2,129,41.2,NA,1,0,-2.42,36,0
303,65,Hombre,6.5,135,42,63,0,1,-0.04,36,0
304,54,Hombre,6.8,115,41.2,57,0,1,1.09,36,0
305,54,Hombre,6.2,158,38.9,NA,0,1,-2.29,36,0
306,63,Hombre,7.4,137,47.2,251,1,1,-1.94,36,0
307,79,Hombre,NA,166,43.8,NA,0,0,-6.81,0.2,1
308,39,Mujer,NA,113,51.7,837,0,1,-1.97,36,0
309,56,Hombre,6.8,123,53.6,55,0,0,-0.45,36,0
310,73,Hombre,7.6,126,55.5,16,1,0,-1.13,36,0
311,74,Hombre,6.4,145,43.7,334,0,0,-4.11,36,0
312,54,Hombre,7.7,132,32.9,125,0,1,1.19,36,0
313,69,Mujer,9,134,52.9,78,1,1,-1.13,36,0
314,67,Hombre,5.9,151,36.4,21,0,1,-0.38,33.4,1
315,49,Hombre,8.7,117,58.4,42,0,0,0.38,36,0
316,69,Hombre,7.9,148,50.6,1506,0,1,-0.06,36,0
317,76,Mujer,7.3,134,26.9,NA,1,0,-3.4,27.5,1
318,53,Hombre,8.5,137,45.5,175,1,0,-3.66,36,0
319,57,Mujer,NA,125,42.5,NA,0,1,-1.42,36,0
320,82,Mujer,6.6,118,45.3,NA,0,0,-3.46,36,0
321,75,Mujer,9.1,158,45.4,156,1,0,-3.75,36,0
322,70,Hombre,6.3,148,48.1,629,1,1,-1.47,36,0
323,63,Mujer,8.9,170,46.6,134,0,1,-3.6,36,0
324,59,Mujer,7.8,137,40.9,162,0,0,-2.72,17.9,1
325,70,Mujer,9.9,126,48.5,100,0,0,-2.2,36,0
326,64,Hombre,NA,115,53.6,NA,0,1,-1.65,36,0
327,60,Hombre,9.3,121,34.5,49,0,0,-2.18,36,0
328,69,Hombre,7.8,124,39.2,NA,1,0,-1.21,7.4,1
329,75,Mujer,7.4,142,57.9,18,0,0,-1.41,36,0
330,41,Mujer,6.8,127,68.8,36,0,1,0.54,36,0
331,41,Hombre,6.3,110,54.3,655,0,1,-0.46,36,0
332,59,Hombre,8.7,161,50.3,53,0,0,-2.08,36,0
333,69,Hombre,7.3,136,20.4,NA,0,0,-2.2,4,1
334,57,Hombre,NA,126,43.2,NA,0,0,-0.68,36,0
335,80,Hombre,8.4,144,45.3,102,0,1,-0.47,36,0
336,67,Hombre,9.9,128,51.3,503,0,1,-1.96,36,0
337,54,Hombre,8.5,137,34.6,47,0,1,-2.52,36,0
338,66,Hombre,6.2,140,39.6,177,1,0,-3.59,30.2,1
339,65,Hombre,7.9,127,43.8,113,1,1,0.07,36,0
340,54,Hombre,11.5,126,33.8,779,0,1,-2.79,36,0
341,68,Hombre,8.5,155,49.2,556,0,1,-0.41,12.4,1
342,84,Mujer,6.3,126,37.3,NA,0,0,-2.74,36,0
343,63,Hombre,8.5,126,54.1,NA,1,1,-3.37,36,0
344,59,Hombre,8.8,125,49.3,NA,0,1,-0.13,36,0
345,64,Hombre,NA,148,35,NA,0,0,-3.95,29.3,1
346,67,Mujer,8.6,103,45.6,NA,0,1,-1.98,36,0
347,68,Mujer,8.8,136,42.7,402,1,1,-1.29,36,0
348,56,Hombre,7.4,148,20,61,0,0,-2.74,15.8,1
349,57,Hombre,7.5,104,62.4,156,1,1,0.74,36,0
350,71,Mujer,9.7,155,33.2,NA,0,1,-2,36,0
351,70,Mujer,7.7,115,36.1,88,0,0,-1.88,36,0
352,64,Hombre,8.1,110,44,141,0,1,-2.25,36,0
353,38,Hombre,NA,123,56.5,75,0,1,-0.82,36,0
354,73,Hombre,7.3,123,46.8,NA,0,1,-2.68,36,0
355,63,Hombre,NA,103,34.5,29,0,0,-1.74,36,0
356,52,Hombre,7.6,131,67.2,126,0,1,1,36,0
357,65,Hombre,7.4,138,41.8,103,1,0,-4.4,36,0
358,66,Hombre,6.5,147,46.9,50,0,1,-0.45,36,0
359,90,Mujer,8.7,143,36.1,NA,0,1,-1.11,36,0
360,57,Mujer,NA,128,46.9,227,0,1,0.53,36,0
361,78,Hombre,5.5,168,43.6,27,1,0,-1.34,36,0
362,57,Mujer,8.3,131,46.1,185,1,0,-1.82,36,0
363,62,Mujer,6.3,150,48.4,NA,0,0,-1.68,36,0
364,58,Mujer,7.7,130,49.4,20,0,0,0.56,36,0
365,59,Mujer,6,164,26,153,0,1,1.96,36,0
366,69,Hombre,6,147,53.4,70,1,1,-2.06,36,0
367,56,Hombre,9.5,133,41.7,149,0,0,-3.42,36,0
368,68,Hombre,6.5,NA,43.9,NA,0,0,-4.31,36,0
369,56,Mujer,6.9,147,35.1,130,1,1,-2.94,36,0
370,69,Hombre,5.9,128,50.7,443,1,1,1.15,36,0
371,66,Mujer,8.2,105,44.8,NA,1,0,-3.75,36,0
372,61,Hombre,6.5,137,46.4,19,0,0,-2.71,36,0
373,64,Mujer,7.4,136,45.1,NA,0,0,-2.3,36,0
374,83,Hombre,9.2,141,40.7,NA,1,0,-2.71,36,0
375,75,Mujer,7.3,122,37.6,NA,0,1,-1.99,4.6,1
376,61,Hombre,7,149,35.4,NA,1,0,-2.95,36,0
377,76,Mujer,NA,160,48.2,72,1,1,-3.33,36,0
378,70,Hombre,8.6,NA,47.7,1204,0,0,-4.88,36,0
379,63,Mujer,7.5,128,51.1,27,0,1,-2.46,36,0
380,61,Hombre,NA,125,32.4,331,0,0,0.15,36,0
381,47,Mujer,7.5,152,30.7,525,0,1,0.11,36,0
382,65,Hombre,7.5,137,38.4,184,0,1,-0.29,36,0
383,62,Mujer,NA,139,30.1,122,0,0,-2.79,11.5,1
384,67,Hombre,5.7,151,42.4,14,0,0,-1.68,30.9,1
385,76,Hombre,8.9,115,42.7,NA,0,0,-2.26,15.8,1
386,52,Hombre,5.8,116,46.7,194,0,0,-1.41,36,0
387,81,Hombre,7.7,NA,28.4,NA,0,0,-4.31,2.1,1
388,46,Mujer,6.1,128,41.6,143,0,1,0.63,36,0
389,59,Hombre,6.7,152,43.7,NA,1,0,-2.72,36,0
390,56,Hombre,6.6,141,52.2,363,1,1,-1.67,36,0
391,50,Mujer,7.1,134,38.7,145,1,1,0.73,36,0
392,71,Mujer,10.1,130,38.7,NA,0,1,-0.77,36,0
393,65,Hombre,9.7,151,38.2,NA,1,0,-4.42,36,0
394,66,Mujer,7.4,128,27.9,NA,0,0,-5.33,36,0
395,51,Mujer,NA,169,53.6,168,1,0,-4.26,36,0
396,63,Mujer,NA,138,56.3,955,1,1,-0.84,4.9,1
397,63,Hombre,5.9,141,51.4,11,0,0,1.57,36,0
398,68,Hombre,7.9,150,37.1,526,1,0,-4.73,36,0
399,66,Hombre,9.2,154,29.2,NA,0,0,-4.89,28.8,1
400,60,Mujer,5.8,117,42.3,NA,1,0,-2.05,11.8,1
401,64,Mujer,8.9,95,56.7,73,0,1,1.06,36,0
402,56,Mujer,8.2,139,46.6,NA,0,1,-0.07,36,0
403,56,Hombre,7,122,36,959,0,1,-1.48,36,0
404,70,Mujer,NA,153,31,60,0,1,-1.6,36,0
405,82,Hombre,6.9,NA,37.8,NA,1,0,-4.42,36,0
406,73,Mujer,9.9,170,31.4,200,0,1,-4.51,36,0
407,65,Hombre,8.7,144,25.9,NA,1,0,-4.41,36,0
408,67,Mujer,8.5,144,36.2,736,0,1,-0.45,36,0
409,77,Hombre,NA,148,34.5,NA,0,0,-1.91,36,0
410,58,Hombre,8.3,122,38.6,39,0,1,-0.74,36,0
411,67,Mujer,5.8,138,41.2,NA,0,0,-3.05,36,0
412,62,Hombre,7.3,140,36.8,NA,0,0,-0.82,36,0
413,64,Mujer,9,135,58.1,NA,0,1,-3.22,36,0
414,49,Hombre,6.3,104,56.2,8,0,0,0.7,36,0
415,53,Hombre,7.7,137,53.5,35,0,1,-0.77,36,0
416,59,Hombre,9.3,123,38.1,320,0,1,-1.16,36,0
417,90,Hombre,10.1,166,42.3,252,1,0,-5.11,36,0
418,55,Hombre,6.6,125,41.2,70,0,1,0.94,36,0
419,67,Hombre,8.5,136,40.7,NA,1,0,-3.13,36,0
420,67,Hombre,7.6,162,34.9,106,1,0,-4.5,36,0
421,71,Hombre,9.5,152,40.6,NA,0,1,-1.78,36,0
422,56,Hombre,9.8,133,45.6,114,0,0,-1.89,36,0
423,62,Mujer,6.1,154,50.5,98,0,1,-0.02,36,0
424,68,Hombre,7,153,51.5,44,0,0,-3.32,36,0
425,69,Hombre,8.8,122,49.9,NA,1,1,-1.42,36,0
426,68,Hombre,10,111,63.6,45,0,1,0.79,36,0
427,56,Hombre,7.6,123,59.6,74,1,1,1.61,36,0
428,58,Mujer,5.8,113,54,40,0,1,-0.07,36,0
429,67,Hombre,10.5,146,40.6,1274,0,0,-3.82,0.3,1
430,66,Hombre,7.6,NA,53.2,36,0,0,-0.8,36,0
431,52,Hombre,9.3,136,49.9,NA,0,0,-2.95,36,0
432,75,Mujer,8.7,153,34,NA,1,0,-5.71,15.5,1
433,61,Hombre,6.1,NA,42.4,78,0,0,-0.77,36,0
434,56,Mujer,6.7,150,53.4,91,0,0,-1.97,36,0
435,77,Hombre,9.9,154,38.5,419,0,1,-2.43,36,0
436,57,Hombre,8,142,51,52,0,1,-0.73,36,0
437,51,Mujer,8.4,144,31.2,119,1,1,-1.31,36,0
438,56,Hombre,6.6,140,37.4,NA,0,0,-2.14,36,0
439,48,Hombre,10.3,125,58.4,316,0,1,0.7,36,0
440,74,Mujer,NA,139,40.6,84,0,0,-2.15,36,0
441,70,Hombre,NA,147,46.5,NA,1,0,-4.75,36,0
442,69,Mujer,6.5,NA,36,130,0,0,-3.85,5.9,1
443,64,Mujer,8.6,135,32.5,NA,0,0,-3.83,36,0
444,78,Hombre,NA,157,51.5,155,1,0,-3.69,36,0
445,55,Hombre,5.8,105,26.4,NA,1,0,-1.37,36,0
446,59,Mujer,7.7,101,37.6,103,0,1,-0.62,36,0
447,66,Mujer,5.5,119,53.3,108,0,0,-2.28,36,0
448,69,Hombre,7.6,119,51.3,NA,1,1,-0.72,36,0
449,72,Mujer,8,124,58.9,41,0,1,-0.39,36,0
450,85,Hombre,10.1,151,39.8,NA,1,1,-3.38,0.4,1
451,56,Hombre,8.2,177,45.1,35,0,1,-0.59,36,0
452,67,Mujer,6.5,126,39,NA,0,0,-1.34,36,0
453,53,Mujer,9.5,105,40.2,328,0,1,-0.69,36,0
454,71,Mujer,6.9,139,40,NA,0,0,-2.97,36,0
455,67,Hombre,7.7,137,51.7,39,0,0,-0.78,36,0
456,65,Hombre,9,152,51.6,NA,1,1,-3.12,36,0
457,52,Hombre,NA,136,36.6,277,0,0,-1.39,36,0
458,64,Hombre,8.2,131,46.7,34,0,1,-2.15,36,0
459,60,Mujer,8.9,120,50.5,134,0,0,0.25,36,0
460,72,Hombre,7.9,147,45.2,NA,0,0,-4.66,16.9,1
461,61,Mujer,5.7,121,45.3,110,0,0,0.02,29.1,1
462,60,Mujer,9.4,120,27.3,NA,0,1,-2.97,36,0
463,51,Hombre,NA,131,53,34,0,0,-0.33,36,0
464,52,Hombre,7,121,46,93,0,1,-0.72,36,0
465,71,Hombre,6.9,149,48.4,NA,0,0,-1.84,36,0
466,89,Hombre,9.1,154,31.5,323,0,0,-4.76,33.7,1
467,64,Hombre,6,149,48.2,43,0,0,-2.19,36,0
468,78,Hombre,8.5,146,46.3,161,0,1,-4.27,0.4,1
469,68,Mujer,6.7,146,41.6,NA,1,0,-3.31,36,0
470,68,Hombre,6.7,138,39.5,NA,0,0,-3.68,36,0
471,77,Mujer,7,137,51.1,41,1,0,-2.32,36,0
472,38,Mujer,7.5,148,42.9,213,0,1,-1.65,36,0
473,50,Mujer,9.7,139,71.9,52,0,1,-1.16,36,0
474,81,Hombre,8.8,144,28.7,NA,0,0,-5.42,36,0
475,40,Hombre,6.9,153,45.4,184,0,1,-0.54,36,0
476,88,Mujer,8.2,152,25.7,NA,0,0,-5.89,3.2,1
477,63,Hombre,5.9,133,50,152,0,1,-0.21,36,0
478,76,Mujer,7.1,124,47.8,117,1,1,-1.83,36,0
479,47,Hombre,10.7,137,52.4,93,0,1,-1.86,36,0
480,62,Hombre,7,118,33.4,NA,0,0,-1.32,36,0
481,52,Hombre,7.5,121,54.1,430,0,1,0.21,36,0
482,67,Hombre,5.8,138,38.8,NA,0,1,-0.78,36,0
483,63,Mujer,8.1,132,52,77,0,0,0.5,36,0
484,72,Hombre,9.2,131,22.2,50,0,0,-2.29,36,0
485,68,Hombre,8.9,165,31.4,558,0,1,-2.59,36,0
486,69,Hombre,7.8,131,59.7,86,1,0,-3.69,1.7,1
487,54,Hombre,6.6,132,50.1,97,0,1,0.05,36,0
488,63,Hombre,7.7,129,53.3,45,0,0,-2.9,36,0
489,58,Hombre,8.3,148,54.3,21,0,0,-1.98,36,0
490,62,Hombre,5.5,145,34.3,747,0,0,-1.77,36,0
491,68,Hombre,8.4,147,49.5,250,0,1,-1.36,27.7,1
492,60,Mujer,7.2,119,56.7,104,0,0,-1.45,36,0
493,67,Hombre,9.2,131,46.1,37,0,1,-0.27,26.5,1
494,64,Mujer,7.9,147,50.3,348,0,0,-4.75,12.9,1
495,72,Hombre,8.6,133,37,NA,0,0,-3.2,36,0
496,58,Hombre,6.4,162,40.6,348,0,1,-0.8,36,0
497,84,Hombre,9.9,119,35.7,NA,0,0,-3.32,36,0
498,59,Mujer,8.6,110,45,102,0,1,0.77,36,0
499,56,Hombre,7.3,120,56.8,94,0,1,-1.29,36,0
500,60,Hombre,7.2,NA,42.8,114,1,1,0.42,36,0
501,51,Hombre,7.3,117,45.6,NA,0,1,-1.2,36,0
502,84,Hombre,6.6,131,47.7,NA,1,0,-3.05,36,0
503,69,Hombre,NA,122,59.6,NA,0,0,-0.7,36,0
504,74,Hombre,8.1,142,55.8,493,1,1,-3.66,20.2,1
505,78,Mujer,8.4,142,42.1,188,0,0,-3.17,36,0
506,56,Mujer,10.2,128,53.5,40,0,1,-2.97,36,0
507,51,Mujer,8.6,150,40.9,470,0,1,-1.1,36,0
508,53,Hombre,5.5,114,51.1,93,0,0,-1.49,36,0
509,58,Hombre,8,142,55.3,98,0,1,-2.31,36,0
510,62,Mujer,7.7,126,45.2,489,0,0,-3.83,36,0
511,63,Mujer,7.7,128,45,74,1,0,0.25,36,0
512,45,Hombre,7.1,100,56.8,NA,0,1,1.86,36,0
513,67,Mujer,6.2,138,50,120,0,1,-2.05,36,0
514,80,Hombre,7.7,115,26.9,87,0,0,-3.79,36,0
515,58,Mujer,7.8,133,46,215,0,0,-2.84,21.2,1
516,56,Mujer,7.1,132,55.7,51,1,0,-4.25,5,1
517,64,Hombre,11,145,53.6,NA,0,1,-1.01,36,0
518,70,Hombre,8.3,155,53.9,366,0,1,-2.52,19.5,1
519,54,Hombre,7.2,138,70.2,107,0,0,0.76,36,0
520,70,Hombre,7.1,153,41.9,440,0,1,-1.44,36,0
521,57,Hombre,6.9,NA,59.4,34,0,1,-0.99,36,0
522,64,Hombre,NA,144,48.5,NA,0,0,-3.14,14.9,1
523,70,Mujer,8.1,124,39.6,NA,0,0,-2.96,36,0
524,47,Mujer,8.8,130,47.4,75,1,1,-0.84,36,0
525,61,Hombre,7.8,142,38.6,NA,0,1,-2.07,36,0
526,45,Mujer,6.6,148,67.5,63,0,1,1.5,36,0
527,72,Hombre,7.7,136,35.8,NA,0,0,-3.45,36,0
528,66,Hombre,8,135,40.7,NA,1,1,-0.39,36,0
529,69,Mujer,7.6,137,53.2,NA,0,1,-1.08,21,1
530,41,Hombre,7.9,125,56,73,0,1,-0.04,36,0
531,68,Hombre,8.9,143,35.9,83,1,0,-2.25,36,0
532,73,Mujer,9.5,142,38.1,NA,1,0,-5.48,19.4,1
533,65,Hombre,6.4,147,59.8,NA,1,0,-3.49,36,0
534,82,Hombre,10,127,47.8,46,0,0,-5.19,20.9,1
535,71,Mujer,7.8,152,57.8,182,0,0,-4.53,36,0
536,84,Hombre,6.7,115,42.4,NA,1,0,-3.68,36,0
537,71,Hombre,8.4,137,39.2,NA,1,1,-1.58,36,0
538,65,Mujer,5.5,159,37.9,153,0,1,-0.36,36,0
539,63,Mujer,7.8,122,45.5,106,0,0,-2.92,36,0
540,68,Mujer,7.1,128,52.4,NA,0,0,-0.69,36,0
541,67,Mujer,8,142,41.1,432,0,1,-0.41,36,0
542,66,Mujer,6.7,140,41.3,NA,0,0,-1.15,36,0
543,54,Hombre,7.3,122,54.7,49,0,1,-1.47,36,0
544,68,Mujer,6,128,46,95,0,1,-0.68,36,0
545,64,Hombre,9.4,146,56.6,NA,0,1,-0.7,36,0
546,61,Mujer,8.9,155,33.4,114,0,1,-3.07,36,0
547,61,Mujer,7.6,131,44.3,NA,0,0,-1.97,21.3,1
548,59,Mujer,6.6,128,43.3,297,0,1,0.23,36,0
549,60,Mujer,6.8,NA,55.7,NA,0,0,-2.76,36,0
550,71,Hombre,8.1,148,52.2,NA,1,0,-3.66,3.5,1
551,84,Mujer,7,148,44,411,0,0,-3.79,9.5,1
552,67,Mujer,10,171,45,NA,0,0,-2.29,36,0
553,69,Hombre,5.8,136,51,38,0,0,0.48,36,0
554,85,Mujer,8.6,132,21.1,NA,1,0,-5.74,10.2,1
555,61,Hombre,NA,108,50.6,NA,0,1,-3.17,36,0
556,70,Hombre,7.7,127,45.6,252,0,1,-1.96,7.7,1
557,70,Hombre,7.5,133,50.6,99,0,0,-1.25,36,0
558,50,Hombre,7.1,122,65.5,445,0,1,2.4,36,0
559,74,Hombre,8.3,119,30.6,439,1,0,-2.12,36,0
560,75,Mujer,9.4,156,36.9,NA,1,1,-3.91,33.1,1
561,59,Hombre,6.4,143,42.3,102,0,0,-1.82,36,0
562,54,Mujer,9.3,134,43.3,59,0,1,-0.23,36,0
563,62,Hombre,7.8,121,56.3,41,1,1,-1.36,36,0
564,64,Mujer,7.1,158,40.3,206,0,0,-2.91,36,0
565,84,Hombre,7.2,133,55.6,104,0,0,-2.25,36,0
566,62,Mujer,6.7,119,31.7,NA,1,0,0.19,36,0
567,52,Hombre,6.8,135,57.9,190,1,1,-0.94,36,0
568,84,Hombre,6,168,43.2,78,0,0,-2.78,36,0
569,60,Hombre,7.1,144,31.1,NA,0,0,-1.54,36,0
570,45,Hombre,7.4,146,63.1,76,0,0,-1.33,36,0
571,68,Mujer,5.5,150,35.5,NA,1,0,-2.12,36,0
572,60,Hombre,7,109,32,NA,1,1,-1.73,36,0
573,51,Hombre,7.6,126,58.5,51,0,0,-0.62,36,0
574,46,Hombre,8.1,123,69.2,68,0,1,0.49,36,0
575,55,Mujer,8.4,122,52.3,168,0,0,-1.59,36,0
576,83,Hombre,NA,130,38.8,NA,0,0,-7.45,36,0
577,65,Hombre,8,163,41.6,NA,0,0,-2.83,36,0
578,53,Hombre,NA,147,46.5,502,0,1,-0.67,17.4,1
579,54,Mujer,7,131,51.9,NA,0,0,-2.31,36,0
580,66,Mujer,8.3,141,56.7,NA,0,1,-1.28,36,0
581,65,Hombre,8.1,132,37.6,148,1,0,-4.24,19.2,1
582,62,Hombre,6.6,142,48.1,47,0,0,-1.53,36,0
583,62,Mujer,5.9,102,26.2,NA,1,1,-1.37,36,0
584,72,Hombre,7.9,104,43.6,76,1,1,-1.37,36,0
585,62,Hombre,7.3,133,26.5,16,0,0,-1.86,36,0
586,52,Mujer,NA,152,38.8,NA,0,0,-1.89,13.6,1
587,51,Hombre,6,109,52.7,42,1,1,-1.41,36,0
588,59,Hombre,6.3,139,57.5,69,1,0,-1.15,36,0
589,54,Mujer,7,121,56.1,NA,0,1,-0.42,36,0
590,61,Mujer,8.3,136,37.8,192,0,1,1.38,19.6,1
591,84,Hombre,9.9,132,28.7,291,0,0,-5.52,26.5,1
592,78,Hombre,8,169,20,NA,0,0,-6.52,17.6,1
593,66,Mujer,10.4,133,53.4,NA,0,1,-3.34,36,0
594,65,Hombre,6.5,120,54.2,NA,0,1,-0.68,36,0
595,55,Mujer,8,140,41.9,119,0,1,1.65,36,0
596,75,Hombre,8,129,43.2,NA,1,0,-5.62,6.2,1
597,72,Mujer,7.3,121,40,NA,0,0,-1.88,36,0
598,90,Mujer,6,NA,42.2,NA,0,0,-4.11,36,0
599,90,Mujer,5.5,154,39.5,83,0,0,-2.4,36,0
600,51,Mujer,7.3,NA,47.2,182,0,0,-0.34,33.7,1
601,55,Hombre,7.1,147,57.6,15,1,1,0.97,36,0
602,49,Hombre,6.3,141,50.8,26,0,1,-0.45,36,0
603,74,Hombre,8.7,139,32.7,171,1,0,-3.23,36,0
604,87,Hombre,7.9,115,37,191,1,0,-5.99,36,0
605,71,Mujer,8.8,115,59.3,213,1,1,-0.68,3,1
606,65,Hombre,6.5,126,38,182,0,0,-3.73,36,0
607,83,Hombre,6.2,122,25.8,288,0,0,-3.15,36,0
608,67,Hombre,7.8,144,47.3,1031,0,0,-4.29,36,0
609,53,Mujer,7.3,128,34.6,71,0,1,-0.02,36,0
610,64,Mujer,6.8,168,42.2,NA,0,0,-3.03,36,0
611,61,Hombre,7.4,143,32.8,47,0,0,-2.53,36,0
612,66,Hombre,NA,111,53,8,0,0,0.64,36,0
613,73,Mujer,8.5,148,54.2,58,0,0,-0.35,24.5,1
614,66,Hombre,NA,129,46.5,43,1,0,-1.94,36,0
615,89,Hombre,7.8,145,41.3,24,1,1,-1.29,36,0
616,53,Mujer,8.9,163,63.2,82,0,1,-1.5,36,0
617,70,Hombre,NA,137,31.3,NA,1,0,-4.45,36,0
618,82,Mujer,6.1,124,34.1,55,0,0,-2.45,8.9,1
619,55,Mujer,6.9,120,51.3,15,1,0,0,36,0
620,60,Mujer,7.5,141,44.3,189,1,1,-0.98,36,0
621,61,Hombre,7.3,166,33.5,NA,0,0,-2.74,36,0
622,70,Mujer,7.7,129,48,69,0,0,-1.6,36,0
623,73,Hombre,9.6,125,43.7,167,0,1,-1.97,36,0
624,90,Hombre,6.7,145,34.4,NA,0,1,-2.61,36,0
625,58,Mujer,5.9,142,69.5,52,1,0,-2.4,36,0
626,74,Hombre,9,132,47.9,NA,0,0,-3.98,36,0
627,56,Mujer,7.9,162,52.7,104,0,1,-1.56,36,0
628,66,Hombre,7.6,110,37.8,134,0,0,-3.01,36,0
629,70,Mujer,8.9,105,49.6,69,0,0,-1.04,36,0
630,61,Hombre,9.2,136,37.2,NA,1,1,-3.15,36,0
631,61,Hombre,5.5,NA,55.6,26,0,0,-0.85,36,0
632,57,Mujer,8.1,106,34.1,NA,0,1,0.39,36,0
633,67,Mujer,8,140,55.4,15,0,0,-1.54,36,0
634,75,Mujer,NA,140,20,NA,0,0,-4.33,7.2,1
635,70,Hombre,8,118,58.2,NA,1,1,-0.34,36,0
636,73,Hombre,7.4,140,36.7,NA,0,0,-4.12,1.3,1
637,72,Hombre,7.8,143,34,NA,0,0,-4.2,36,0
638,55,Hombre,8.3,125,61.3,386,0,1,-0.1,36,0
639,69,Hombre,8.1,128,46.8,NA,0,1,-0.53,36,0
640,68,Hombre,7.5,150,61,203,1,0,-2.61,5.2,1
641,75,Hombre,8,140,50.8,88,1,0,-1.84,36,0
642,57,Mujer,8.5,137,40,141,0,1,0.91,36,0
643,46,Mujer,NA,120,63,66,0,1,0.03,36,0
644,61,Hombre,6.9,133,41.4,23,0,0,-0.36,36,0
645,64,Hombre,6.4,141,40.4,NA,0,0,-0.41,36,0
646,55,Mujer,9.5,146,47.7,238,0,1,-0.48,36,0
647,66,Hombre,6.6,148,37.3,30,0,0,-1.44,36,0
648,68,Mujer,8.1,142,48.2,31,0,0,-1.86,36,0
649,75,Mujer,9.9,NA,34,NA,0,1,-3.44,19.3,1
650,54,Hombre,8.4,140,55.2,238,0,1,-0.49,36,0
651,61,Mujer,7.6,123,49.3,NA,0,1,0.75,36,0
652,62,Hombre,8,136,51.4,157,0,1,-0.76,24.5,1
653,36,Hombre,6.8,139,52.4,25,0,1,2.46,36,0
654,69,Hombre,9.8,NA,51.2,184,0,1,-2.19,36,0
655,56,Hombre,10.4,127,58.6,133,1,1,-1.14,16,1
656,72,Mujer,9.4,134,50,370,1,0,-4.67,0.9,1
657,61,Mujer,9.7,NA,52.5,385,1,1,-2.48,36,0
658,67,Hombre,NA,175,42.5,269,1,1,-1.42,36,0
659,56,Hombre,7.4,151,52.6,NA,0,1,-0.05,36,0
660,76,Hombre,7,148,50.4,62,0,0,-3.73,24.7,1
661,67,Mujer,NA,139,45.5,23,1,1,0.39,36,0
662,66,Hombre,9.3,146,48.9,NA,0,0,-3.85,36,0
663,41,Mujer,8.3,NA,61.5,403,0,1,1.7,36,0
664,70,Mujer,7.4,142,53,66,0,1,-0.55,36,0
665,48,Mujer,8.6,179,45.7,1443,1,1,-1.54,5.8,1
666,62,Hombre,7.8,143,49.6,117,0,0,-0.74,36,0
667,85,Mujer,7.8,151,25.7,413,1,0,-3.57,36,0
668,62,Mujer,7.9,139,60.5,538,0,1,0.49,36,0
669,72,Hombre,NA,119,41.1,98,0,1,-0.86,36,0
670,72,Hombre,8.4,121,41.4,NA,1,0,-2.95,36,0
671,48,Mujer,8.4,118,49.3,150,0,1,-1.81,36,0
672,62,Mujer,5.9,127,52.3,17,0,1,0.41,36,0
673,57,Mujer,9.8,126,44.4,390,0,1,0.8,25.2,1
674,71,Mujer,8.9,133,32.6,NA,0,1,-1.91,36,0
675,61,Hombre,10.3,110,34,131,0,1,-2.14,36,0
676,85,Hombre,9.1,132,49.1,42,1,0,-6.51,36,0
677,70,Mujer,7.5,148,39.9,306,0,1,-0.06,36,0
678,63,Mujer,7.9,166,38.9,65,0,0,-2.1,36,0
679,60,Mujer,9.1,159,31.3,NA,0,0,-3.52,28.4,1
680,55,Hombre,NA,142,38.5,NA,0,0,-0.12,36,0
681,46,Hombre,10.2,119,61.8,75,0,1,-0.72,36,0
682,53,Hombre,9.7,118,54.7,32,0,1,0,36,0
683,66,Hombre,7.3,143,45.3,32,1,0,-2.35,36,0
684,73,Hombre,7,126,52.9,18,0,0,-2.46,8.2,1
685,69,Mujer,NA,135,46.1,49,0,1,-0.92,36,0
686,62,Hombre,8.2,134,43.5,NA,0,0,-2.66,14.6,1
687,76,Mujer,NA,155,36.5,1514,0,1,-2.71,36,0
688,42,Mujer,7.2,108,71.5,42,0,1,1.97,36,0
689,48,Hombre,7.5,129,64.9,46,1,1,-0.84,36,0
690,65,Mujer,5.5,147,40.9,68,0,0,-3.47,36,0
691,73,Mujer,9.7,145,29.7,211,1,1,-3.09,36,0
692,68,Hombre,NA,171,20.2,NA,1,0,-4.41,6.1,1
693,50,Hombre,6.4,148,44.8,85,1,0,-2.67,36,0
694,69,Mujer,NA,135,41.3,NA,0,0,-5.28,36,0
695,58,Hombre,6.6,146,57.4,279,0,1,-0.21,36,0
696,64,Hombre,8.5,112,57.7,567,0,1,-1.42,36,0
697,40,Hombre,7.1,135,53.3,63,0,1,0.74,36,0
698,63,Mujer,8,115,50.5,NA,0,0,-1.62,36,0
699,60,Mujer,8.2,127,58.1,208,1,1,-0.73,6.3,1
700,63,Mujer,9.1,132,52.2,19,0,0,-2.97,36,0
701,60,Hombre,7,126,50.6,NA,1,0,-1.86,36,0
702,56,Mujer,8.8,145,61.2,1196,0,1,-0.05,27.5,1
703,76,Mujer,8.1,133,34.2,NA,0,0,-3.25,26,1
704,71,Mujer,6.7,151,49.9,NA,1,0,-4.54,36,0
705,67,Hombre,8.9,129,42.9,142,0,1,-0.24,36,0
706,45,Mujer,6.3,119,61.6,81,0,1,-0.43,36,0
707,56,Mujer,7.4,126,40.5,65,0,0,-0.66,36,0
708,64,Mujer,5.5,134,26.2,NA,0,0,-1.53,36,0
709,74,Mujer,10.1,149,40.8,NA,0,0,-3.58,36,0
710,76,Hombre,7,115,55.9,132,0,1,-1.69,36,0
711,57,Mujer,NA,106,45.3,349,0,1,-0.4,36,0
712,56,Mujer,8.5,126,55.3,93,1,1,-1.8,36,0
713,76,Mujer,8.4,159,34.7,NA,1,1,-3.36,36,0
714,35,Hombre,7.9,114,57.9,92,0,1,1.09,36,0
715,77,Hombre,8.4,120,50.8,49,0,0,-3.58,36,0
716,54,Mujer,NA,143,52.5,48,0,1,-0.52,36,0
717,41,Mujer,10.4,138,63.5,628,0,1,0.45,36,0
718,51,Mujer,6.9,117,40,156,0,1,0.93,36,0
719,70,Mujer,7.5,150,52,346,0,1,-1.55,6.5,1
720,65,Hombre,6.5,106,56.5,176,0,1,-0.09,36,0
721,59,Hombre,6,127,56.5,229,0,1,-0.17,36,0
722,66,Mujer,8.1,163,32.4,836,0,1,-2.06,36,0
723,57,Mujer,7.3,128,41.9,220,0,0,-2.5,36,0
724,61,Mujer,6.7,134,43.5,34,0,1,-0.72,36,0
725,62,Mujer,9,164,52.2,136,0,1,-3.62,36,0
726,61,Hombre,9.2,125,35.9,381,1,1,-0.9,36,0
727,84,Mujer,7,144,22.4,NA,1,0,-3.96,22.4,1
728,75,Mujer,7.2,158,27.3,NA,0,0,-4.99,36,0
729,67,Hombre,6.4,142,40.3,224,0,0,-2.77,36,0
730,71,Hombre,9.1,128,46.3,417,0,0,-1.58,36,0
731,60,Hombre,8.9,128,47.2,76,0,1,-1.77,36,0
732,64,Mujer,8,138,48.5,25,0,0,-2.81,36,0
733,64,Hombre,7.9,140,24.1,280,0,0,-4.38,36,0
734,58,Mujer,7.8,139,46.7,33,1,0,-0.15,36,0
735,62,Hombre,7.9,165,38.3,112,0,0,-2.8,36,0
736,70,Mujer,8,117,47,88,0,0,-2.03,36,0
737,67,Mujer,7.8,145,49.2,NA,0,1,-1.4,36,0
738,51,Hombre,8.6,171,45.3,177,1,1,-2.9,36,0
739,77,Hombre,6,136,41.4,101,0,0,-1.63,36,0
740,59,Hombre,5.7,126,39.7,102,0,0,-1.49,36,0
741,66,Hombre,9.4,130,52.4,44,1,1,-0.25,36,0
742,74,Hombre,10.2,134,41.2,NA,0,0,-3.28,36,0
743,70,Mujer,6.9,126,47.8,98,1,1,-0.42,36,0
744,56,Mujer,NA,125,51.6,194,0,1,-1.63,36,0
745,54,Hombre,8.5,160,49.1,1244,1,1,-2.54,36,0
746,67,Hombre,7.3,159,42.9,129,0,1,-0.74,36,0
747,60,Mujer,8.1,159,52.4,2193,0,1,-0.04,36,0
748,75,Mujer,8,149,20,NA,0,1,-1.46,3.9,1
749,83,Hombre,9.4,142,42.4,NA,1,1,-4.11,6.2,1
750,59,Mujer,7.2,135,34.1,73,0,1,-0.07,36,0
751,64,Hombre,9.8,114,30.5,293,0,0,-2.64,36,0
752,68,Mujer,9,118,46.2,134,0,0,-2.39,36,0
753,59,Mujer,7.1,148,24.9,382,1,0,-3.08,10.5,1
754,76,Mujer,8.6,131,39,NA,0,0,-1.79,36,0
755,63,Mujer,NA,150,39.9,257,0,0,-2.44,36,0
756,88,Hombre,7.3,129,40.4,NA,1,0,-1.99,36,0
757,58,Mujer,6,138,62.1,157,1,0,-2.75,36,0
758,54,Hombre,8.5,107,60.2,105,1,0,-1.12,36,0
759,68,Mujer,7.5,143,38.7,NA,1,1,-1.97,36,0
760,69,Hombre,7.4,148,50.6,154,0,0,-2.46,36,0
761,64,Mujer,9.5,145,50.7,NA,1,0,-2.9,11.1,1
762,64,Hombre,6.8,136,31.6,NA,1,1,-0.34,36,0
763,53,Hombre,8.2,163,45.1,305,0,0,-2.93,36,0
764,35,Hombre,6.3,165,58.1,210,0,1,0.04,36,0
765,63,Hombre,8,134,45.2,NA,0,1,-2.57,36,0
766,53,Hombre,8.3,133,63,35,0,1,-1.49,36,0
767,62,Hombre,5.5,NA,34.9,NA,0,1,-1.68,36,0
768,84,Hombre,7.7,119,41.9,NA,0,0,-3.27,11,1
769,64,Mujer,8.2,151,44.8,201,0,1,-0.25,36,0
770,63,Mujer,7.3,113,41.5,NA,0,0,-1.37,1.7,1
771,67,Mujer,9,136,48.7,25,0,0,0.69,36,0
772,58,Mujer,6.5,137,42.3,306,1,1,0.29,36,0
773,60,Mujer,7.5,141,23,NA,0,1,-2.58,36,0
774,83,Hombre,6.6,125,34.5,9,0,0,-1.16,36,0
775,55,Hombre,5.5,141,64.5,335,1,1,-1.81,36,0
776,65,Hombre,5.8,140,32.7,NA,0,0,-3.18,36,0
777,64,Hombre,6.7,142,35.8,NA,0,0,-3.06,21,1
778,72,Mujer,8,152,38.5,NA,1,0,-4.29,36,0
779,86,Hombre,8.1,126,44.1,NA,1,0,-2.99,36,0
780,58,Hombre,NA,148,38.4,103,0,0,-1.3,36,0
781,60,Hombre,7.8,118,49.8,70,0,0,-0.07,6.3,1
782,48,Hombre,NA,115,51.6,80,0,1,-1.25,36,0
783,63,Hombre,6.8,169,42.7,289,0,0,-3.55,36,0
784,57,Mujer,8.7,147,44.7,NA,0,0,-5.58,36,0
785,58,Mujer,8.6,134,50.6,NA,0,0,-2.78,36,0
786,58,Mujer,6.8,122,47,10,0,1,-0.04,36,0
787,67,Mujer,9,142,39.5,NA,0,1,-2.86,36,0
788,59,Mujer,8.5,148,50.8,78,0,0,-3.32,36,0
789,61,Hombre,9.6,155,37,145,0,1,-1.61,36,0
790,49,Hombre,NA,135,55.3,NA,1,1,-1.89,36,0
791,47,Mujer,11.9,NA,46,NA,1,1,-3.16,36,0
792,59,Hombre,10,123,45.7,NA,0,1,-1.24,36,0
793,55,Mujer,8.9,132,55.1,134,0,0,-3.2,15.9,1
794,67,Hombre,7.2,143,60.1,246,1,1,1.71,36,0
795,56,Hombre,7.9,137,43.5,991,1,0,-4.39,36,0
796,73,Hombre,6.5,138,45.2,604,0,0,-2.75,36,0
797,57,Hombre,7.6,123,44.4,156,0,0,-3.13,36,0
798,75,Hombre,8.8,104,24.7,NA,1,0,-5.5,9.1,1
799,50,Hombre,5.8,118,55.6,NA,0,1,1.44,36,0
800,79,Hombre,10.5,118,25.4,NA,1,0,-6.01,28.9,1
801,63,Mujer,8.9,131,61.4,70,0,1,-1.91,36,0
802,61,Hombre,9.5,114,54.6,NA,0,0,-3.31,36,0
803,76,Mujer,NA,119,53.9,31,1,0,-1.12,17.5,1
804,65,Hombre,9.4,129,41.1,175,0,1,-2.81,36,0
805,68,Mujer,7.1,137,40.2,133,0,1,-2.28,36,0
806,67,Hombre,8,121,48.5,563,1,0,-2.04,36,0
807,67,Hombre,9.3,117,45.5,NA,0,1,-2.5,36,0
808,71,Mujer,9.4,143,39.2,570,0,0,-3.46,4.3,1
809,71,Hombre,NA,129,46.9,188,0,0,-3.46,27.4,1
810,54,Hombre,8.4,144,56.2,207,0,1,-1.4,36,0
811,61,Hombre,8.8,126,37.4,488,1,0,-4.34,20.6,1
812,67,Mujer,8.4,139,44.4,NA,0,1,-2.43,36,0
813,50,Mujer,8.6,138,65.7,NA,0,1,-1.22,36,0
814,58,Mujer,7.4,141,41.7,9,0,0,-0.96,36,0
815,79,Mujer,9.9,134,44.9,NA,0,0,-4.79,36,0
816,71,Mujer,7.2,125,56.7,80,0,0,-1.96,36,0
817,67,Hombre,8.6,128,50.9,209,0,0,-1.34,36,0
818,66,Mujer,5.5,140,48.1,NA,1,1,-0.99,36,0
819,71,Mujer,8.2,155,48.7,30,0,0,-3.68,36,0
820,70,Hombre,9.4,131,29,NA,0,1,-0.62,36,0
821,63,Mujer,6.9,122,55.1,38,1,0,-3.44,36,0
822,65,Mujer,7.5,135,43.9,NA,0,0,-1.5,36,0
823,72,Mujer,7.6,103,44.9,29,0,1,0.46,36,0
824,55,Hombre,NA,150,62.6,72,0,1,0.08,36,0
825,72,Mujer,8.2,136,55.2,NA,0,1,-1.56,36,0
826,51,Mujer,9.3,123,28.1,70,0,0,-1.93,36,0
827,56,Hombre,10.1,119,36.2,NA,0,1,-2.18,36,0
828,67,Mujer,9,150,38.5,NA,1,1,-3.65,30.5,1
829,77,Hombre,7.5,127,47.6,12,1,0,-2.64,36,0
830,62,Mujer,7.4,126,58.1,106,0,1,-1.32,36,0
831,62,Hombre,6.3,136,51.1,179,0,1,0.15,36,0
832,70,Mujer,7.9,130,43.5,NA,1,1,-0.61,36,0
833,73,Mujer,6.8,113,50.2,NA,0,1,-1.91,36,0
834,56,Hombre,7.2,136,41.6,491,0,1,-0.66,36,0
835,60,Mujer,NA,126,41.3,NA,0,1,-2.74,36,0
836,51,Mujer,5.5,171,49.3,12,0,0,0.6,36,0
837,61,Mujer,7.4,123,44.1,NA,0,1,-0.21,36,0
838,75,Hombre,7.9,140,30.2,NA,0,1,-1.03,36,0
839,63,Hombre,6.2,136,34.7,NA,0,1,-1.82,36,0
840,56,Mujer,7.2,137,58.9,72,0,1,-2.71,36,0
841,71,Hombre,6.6,133,49.3,450,0,0,-3.83,36,0
842,65,Hombre,8.4,NA,42.3,NA,0,0,-1.95,36,0
843,69,Mujer,8,137,51.4,266,0,1,-1.21,36,0
844,67,Hombre,8,129,47.9,43,0,1,-1.68,36,0
845,70,Hombre,9.7,118,48.1,NA,0,0,-3.64,36,0
846,64,Mujer,7.7,151,43.5,NA,0,0,-3.18,36,0
847,63,Mujer,5.5,110,42,NA,1,0,-0.8,36,0
848,59,Mujer,7.7,146,43.7,206,0,1,-1.69,36,0
849,73,Mujer,8.7,122,43.8,32,1,0,-1.49,36,0
850,66,Mujer,7.9,132,27.1,81,0,0,-2.59,9.3,1
851,69,Hombre,NA,141,45.3,292,0,0,-3.54,36,0
852,52,Mujer,9.2,136,63.7,12,0,1,-3.28,36,0
853,62,Hombre,6.6,158,46.9,190,0,1,-2.64,36,0
854,67,Mujer,6.6,132,35.8,286,0,0,-1.72,36,0
855,74,Hombre,NA,125,50.4,NA,0,0,-2.1,36,0
856,56,Hombre,7.6,144,56.5,112,0,1,-0.46,36,0
857,45,Hombre,7.3,113,46.5,91,0,0,-1.36,36,0
858,60,Mujer,8.5,144,43.5,24,0,1,0.19,36,0
859,68,Mujer,6.6,146,46.1,53,0,0,-3.57,11.2,1
860,61,Mujer,7.8,139,44.9,335,1,0,-2.73,36,0
861,52,Hombre,8.6,105,53,54,0,1,0.23,36,0
862,58,Hombre,8.2,141,42.1,NA,0,0,-1.08,36,0
863,73,Mujer,11.1,115,37.3,271,0,0,-2.25,36,0
864,78,Mujer,7.3,138,37.5,NA,0,0,-2.08,36,0
865,61,Mujer,8.5,99,47.7,58,0,0,-2.69,36,0
866,80,Mujer,7.3,135,36.7,NA,0,1,-1.1,23.6,1
867,69,Hombre,9.6,136,47.6,NA,0,0,-3.94,36,0
868,70,Hombre,8.8,131,41.2,246,0,1,-1.91,36,0
869,68,Mujer,9.1,113,51.6,NA,1,1,-0.52,36,0
870,76,Hombre,8.6,165,43.5,17,1,0,-2.03,36,0
871,48,Hombre,6,156,55.2,143,0,1,0.9,36,0
872,42,Mujer,6.5,119,61,39,0,1,2.42,36,0
873,64,Hombre,7,148,56.1,121,0,1,-0.04,36,0
874,78,Hombre,8.1,103,48.3,NA,0,0,-3,36,0
875,64,Mujer,5.9,130,40.3,19,0,0,0.08,36,0
876,67,Hombre,6.2,108,31.6,40,0,0,-0.21,36,0
877,74,Hombre,5.5,122,34.6,268,0,0,-1.94,36,0
878,66,Hombre,8.2,147,45.7,NA,1,0,-3.17,36,0
879,63,Mujer,8,121,43.7,337,0,1,-0.01,36,0
880,54,Mujer,8.9,141,69.1,61,0,1,-0.61,36,0
881,56,Mujer,8.3,130,48.4,168,0,1,0.23,36,0
882,66,Hombre,8.6,143,61.2,50,0,1,-0.54,36,0
883,74,Hombre,7.7,NA,41.3,NA,0,1,-2.29,36,0
884,51,Hombre,6.7,134,37.8,183,0,1,-1.66,36,0
885,74,Mujer,5.5,152,45,335,0,0,-0.68,36,0
886,80,Hombre,8.3,121,46.6,NA,0,0,-2.09,36,0
887,72,Hombre,8.3,168,48.5,44,0,1,0.95,36,0
888,55,Mujer,NA,149,55.6,51,0,1,-0.58,36,0
889,59,Mujer,5.5,136,44.3,NA,0,1,2.87,36,0
890,57,Mujer,7.2,149,53.6,99,0,0,-1.36,36,0
891,65,Mujer,5.5,139,47.7,157,1,0,-1.77,36,0
892,58,Hombre,NA,135,50.8,38,0,0,-0.16,36,0
893,48,Hombre,7.6,121,34.6,479,0,0,-0.11,36,0
894,64,Hombre,6.2,143,31.6,NA,0,0,-2.78,6.2,1
895,66,Hombre,8.3,122,59.9,37,1,0,-0.48,36,0
896,65,Mujer,5.8,147,39.1,87,0,0,-2.64,36,0
897,78,Hombre,5.5,143,57.9,107,0,0,-2.52,36,0
898,74,Mujer,9.6,135,33,471,0,0,-6.17,9.6,1
899,71,Hombre,7.8,129,47.8,NA,0,0,-3.48,36,0
900,64,Hombre,8.9,137,47.2,541,0,1,-0.75,36,0
901,52,Mujer,8.2,120,43.5,165,1,0,-1.6,36,0
902,51,Mujer,6.3,121,32.1,60,0,0,0.49,36,0
903,64,Hombre,7.7,135,62.6,99,0,0,-2.47,36,0
904,76,Mujer,7.9,120,35.8,222,0,0,-3.93,36,0
905,69,Mujer,7.6,121,63.1,73,1,1,-1.63,36,0
906,61,Mujer,7.1,118,44,68,0,1,-0.38,36,0
907,64,Hombre,7.2,141,54.2,NA,0,0,-4.73,36,0
908,65,Hombre,7.5,146,58.6,76,0,1,-0.77,36,0
909,56,Hombre,7.1,126,37.1,83,1,0,-2.03,36,0
910,69,Mujer,6.5,135,41,NA,0,1,-3.09,36,0
911,76,Hombre,8.9,131,38.7,NA,0,0,-4.83,36,0
912,67,Mujer,9.5,159,47,NA,1,1,-3.24,32.9,1
913,62,Hombre,8.3,134,50.5,NA,0,1,-2.6,36,0
914,78,Hombre,7.3,NA,43.7,NA,1,0,-3.36,36,0
915,82,Mujer,6.7,141,20,NA,1,0,-3.68,7.1,1
916,67,Hombre,8.2,132,42.1,106,0,0,-2.2,36,0
917,67,Hombre,8.4,118,39.1,175,1,1,-0.67,36,0
918,70,Mujer,9.1,140,36.2,NA,1,0,-2.78,36,0
919,37,Mujer,9,139,41.9,105,0,1,-2.64,36,0
920,69,Hombre,9.3,134,38.4,NA,1,0,-4.48,11.3,1
921,49,Hombre,7.4,150,42.2,167,0,0,-2.35,36,0
922,72,Hombre,6.9,117,47.8,126,0,0,-1.14,36,0
923,58,Hombre,5.5,143,46.5,211,0,0,0.35,36,0
924,51,Mujer,8.2,116,52.9,298,0,1,-0.17,36,0
925,61,Mujer,7.2,144,55.2,32,0,0,-1.04,36,0
926,78,Hombre,8.3,176,50.4,NA,1,0,-5.14,36,0
927,54,Mujer,8.6,113,32,51,0,1,-1.17,36,0
928,58,Hombre,8.6,126,53,157,0,0,-1.43,36,0
929,45,Hombre,6.1,112,37.3,236,0,1,2.42,36,0
930,71,Mujer,7.3,146,38.7,NA,0,0,-2.89,36,0
931,60,Hombre,8.3,176,53.2,217,0,0,-4.14,36,0
932,57,Mujer,7.5,115,41.8,30,0,1,-0.22,36,0
933,53,Hombre,NA,146,47,482,0,1,-2.4,36,0
934,69,Hombre,7.5,106,51.7,13,1,0,-1.28,36,0
935,46,Hombre,NA,110,50.9,51,1,0,-1.96,17.9,1
936,56,Hombre,6.5,141,54.3,91,0,1,-1.31,36,0
937,66,Hombre,9.3,129,54.1,425,0,0,-1.89,0.5,1
938,59,Mujer,6.9,105,45.1,276,0,0,-2.42,36,0
939,72,Mujer,9,151,42.8,630,1,1,-2.9,36,0
940,71,Hombre,8.4,128,34.7,NA,1,0,-3.76,36,0
941,64,Hombre,9,131,39.6,NA,0,1,-1.3,36,0
942,63,Mujer,NA,NA,36.4,NA,0,1,-1.57,36,0
943,61,Mujer,5.5,122,56.4,23,0,0,-1.47,36,0
944,52,Hombre,7.1,144,50.4,119,1,0,-1.53,36,0
945,78,Hombre,6.5,109,34.9,33,0,0,-1.44,36,0
946,75,Mujer,NA,131,41.1,NA,0,0,-5.38,36,0
947,53,Mujer,6.3,136,47,NA,0,0,-0.38,36,0
948,85,Hombre,7.7,131,34.3,93,0,1,-0.25,36,0
949,67,Mujer,7.6,138,50.4,48,0,0,-3.29,14.8,1
950,62,Hombre,7.6,126,45.4,7,1,0,-0.68,36,0
951,51,Hombre,7.2,141,53.4,146,0,0,-3.23,28.3,1
952,56,Mujer,8.5,121,54.4,43,0,0,-2.7,36,0
953,68,Mujer,9.3,145,45.6,NA,0,1,-0.92,36,0
954,61,Hombre,6.1,144,45.4,35,1,0,-1.24,36,0
955,54,Mujer,7.9,135,42.6,101,0,0,-1.32,36,0
956,71,Hombre,6,131,55.8,191,1,0,-1.39,36,0
957,84,Mujer,7.4,141,55,NA,0,0,-6.16,7.3,1
958,80,Mujer,8.5,NA,49.1,130,1,1,-2.74,2.4,1
959,69,Mujer,9.6,123,48.2,70,0,1,-2.62,36,0
960,60,Hombre,9.1,146,46,52,0,1,-0.64,36,0
961,63,Mujer,NA,101,36.4,36,0,0,-3.14,36,0
962,67,Hombre,7.9,167,46.4,82,0,1,-1.58,36,0
963,62,Mujer,8.3,138,47.1,162,0,0,-3.78,36,0
964,56,Mujer,6.8,113,64.5,49,1,1,-0.85,36,0
965,49,Mujer,7.5,127,66.7,60,0,0,1,36,0
966,70,Mujer,7.7,121,50.9,651,0,1,-0.95,36,0
967,59,Mujer,NA,NA,43.6,61,0,1,-1.21,36,0
968,60,Hombre,6.2,118,35.4,224,1,1,0.15,36,0
969,51,Mujer,9.2,146,48.8,188,1,1,-1.51,36,0
970,70,Hombre,9.7,125,46.5,93,1,0,-5.54,31.1,1
971,75,Mujer,6.9,135,39,NA,0,0,-3.24,36,0
972,56,Hombre,9.1,117,48,NA,0,1,-0.04,36,0
973,81,Mujer,8.3,134,32.6,87,1,0,-3.35,36,0
974,58,Hombre,6.8,121,60.3,53,1,0,-2.14,36,0
975,60,Mujer,9.2,NA,41.9,132,0,0,-2.55,36,0
976,61,Hombre,6.5,144,55.9,83,0,1,-1.14,36,0
977,68,Hombre,6.8,135,42.1,225,0,0,-4.37,36,0
978,80,Mujer,7.7,129,37.6,NA,1,0,-3.72,36,0
979,63,Mujer,6.1,141,60.8,51,0,0,0.03,36,0
980,62,Mujer,7.7,126,45,NA,0,0,-0.63,36,0
981,50,Mujer,6.6,129,51.4,50,0,1,0.38,36,0
982,62,Mujer,7.3,144,54,74,1,0,-2.83,36,0
983,57,Mujer,9,155,41.8,NA,0,1,-3.51,36,0
984,70,Hombre,6.5,155,51.6,NA,0,0,-1.82,32.4,1
985,73,Hombre,9.8,145,38.8,100,1,0,-5.61,36,0
986,55,Mujer,7,147,43.4,59,0,0,-1.81,36,0
987,63,Hombre,10.5,174,40.6,NA,0,1,-2.18,36,0
988,58,Hombre,8.5,137,46.5,437,1,1,0.91,36,0
989,54,Hombre,NA,128,43.5,285,0,1,0.63,36,0
990,72,Mujer,10.3,125,46.7,161,1,0,-3.66,36,0
991,80,Hombre,9.6,128,29.9,NA,0,0,-4.87,36,0
992,61,Hombre,7.3,140,55.3,124,1,0,-1.38,36,0
993,73,Mujer,8.1,126,43.6,27,0,0,-1.02,26.8,1
994,50,Hombre,9.3,118,46,131,0,1,-2.11,36,0
995,78,Mujer,5.8,146,29.5,NA,0,0,-4.34,2.2,1
996,66,Mujer,8.5,123,35.3,1653,0,0,-2.75,36,0
997,65,Hombre,10.3,122,46.2,385,1,0,-2.9,36,0
998,58,Hombre,7.9,143,49.3,577,0,1,-0.56,12.6,1
999,68,Mujer,5.5,NA,38.7,NA,0,0,-3.8,36,0
1000,55,Mujer,8.8,156,44.4,NA,0,0,-2.65,36,0
1001,73,Mujer,8.3,135,26.2,339,1,0,-4.15,36,0
1002,43,Hombre,8.9,136,45.5,322,0,1,-1.9,36,0
1003,58,Mujer,7.2,129,48.4,304,1,1,-0.89,36,0
1004,50,Mujer,9.5,159,38.9,66,0,0,-1.25,36,0
1005,57,Mujer,6.6,141,56.3,22,0,1,-1.44,36,0
1006,57,Mujer,6.9,136,49.3,93,0,1,-0.64,36,0
1007,56,Mujer,8.3,156,46.6,219,0,1,0.81,36,0
1008,67,Mujer,8.8,128,42.4,95,1,1,-2.2,36,0
1009,63,Mujer,6.8,135,37.8,55,0,0,0.32,36,0
1010,62,Mujer,8.4,174,35.5,192,0,1,-2.26,24.7,1
1011,58,Mujer,8.4,120,66.1,44,0,0,-0.88,34.8,1
1012,50,Hombre,7.4,124,38.7,236,0,1,-0.3,36,0
1013,55,Mujer,7.9,117,49,210,0,1,0.58,36,0
1014,64,Mujer,8.3,119,43,109,0,0,-1.28,36,0
1015,41,Mujer,8.3,132,32.5,269,0,1,-0.28,36,0
1016,62,Hombre,6.2,134,52.9,22,0,0,-1.35,36,0
1017,73,Hombre,NA,134,35.5,158,0,0,-3.51,36,0
1018,71,Mujer,7.4,147,53,107,0,0,-2.79,36,0
1019,63,Mujer,8.6,138,56,126,0,0,-0.42,36,0
1020,46,Hombre,NA,133,66.2,237,0,0,-1.93,36,0
1021,65,Hombre,8.5,139,43.5,NA,1,0,-3.1,12.8,1
1022,83,Mujer,8.2,111,42.2,NA,0,0,-1.84,21,1
1023,85,Mujer,NA,153,42.2,1929,1,1,-3.29,36,0
1024,59,Hombre,6.7,95,54.5,148,0,1,-0.06,36,0
1025,61,Mujer,8.3,102,50.6,25,0,0,-0.78,36,0
1026,51,Mujer,8,143,47.9,24,0,1,-0.8,36,0
1027,68,Hombre,6.3,115,48,186,1,1,-2.98,36,0
1028,51,Mujer,8.8,127,37.9,96,0,0,-2.22,36,0
1029,56,Hombre,6.4,138,61.8,102,1,1,-1.53,36,0
1030,75,Hombre,7,142,65.9,101,0,1,0.03,36,0
1031,73,Mujer,8.7,140,28.1,NA,0,0,-4.33,20.8,1
1032,74,Mujer,NA,153,50.5,40,1,0,-2.63,36,0
1033,78,Mujer,8.2,139,50.9,NA,1,0,-4.76,4.1,1
1034,61,Mujer,NA,133,53.4,38,0,0,-1.82,36,0
1035,54,Mujer,7.7,172,43.3,79,0,0,-2.44,36,0
1036,67,Hombre,8.4,138,47.8,53,1,1,-1.19,36,0
1037,66,Hombre,9.3,158,45.2,NA,0,1,-3.23,36,0
1038,42,Hombre,9.8,138,74.9,80,0,1,1.73,36,0
1039,65,Hombre,8.6,114,42.4,65,0,0,-1.17,36,0
1040,64,Hombre,6.9,129,24.2,NA,0,0,-2.02,36,0
1041,90,Hombre,7.5,131,32.8,NA,0,0,-4.11,36,0
1042,66,Mujer,7.7,140,44.8,107,0,1,0.76,36,0
1043,65,Hombre,7.5,132,50.8,77,0,0,-1.46,36,0
1044,64,Hombre,6.2,113,35.3,86,0,0,0.88,36,0
1045,71,Hombre,8.1,128,53.4,NA,0,1,-0.05,36,0
1046,38,Hombre,7.4,162,67,64,0,0,-1.45,36,0
1047,64,Hombre,6.3,141,43,138,0,0,-1.08,36,0
1048,78,Mujer,6.9,133,34.8,NA,1,1,-1.74,36,0
1049,70,Hombre,6.7,140,68.8,15,0,0,-1.55,36,0
1050,61,Hombre,8.2,130,52.8,113,0,1,-2.2,36,0
1051,63,Mujer,9.8,137,40.1,NA,1,1,-3.08,36,0
1052,78,Mujer,8.2,128,40.7,832,0,0,-5.21,36,0
1053,65,Hombre,5.5,149,37.9,65,1,0,-1.74,16,1
1054,66,Mujer,8,169,65.5,100,1,1,-1.57,36,0
1055,65,Hombre,8.8,138,51,39,0,0,-2.21,36,0
1056,77,Hombre,8.6,152,51.4,152,0,0,-3.58,36,0
1057,69,Hombre,8.2,115,48,78,0,1,0.09,36,0
1058,54,Mujer,8.8,109,37.7,155,0,1,-2.21,36,0
1059,72,Hombre,NA,155,44.1,57,0,0,-4.23,36,0
1060,52,Hombre,6.9,147,31.9,186,0,0,-1.54,36,0
1061,78,Hombre,7.5,168,30.5,NA,0,0,-2.05,36,0
1062,74,Mujer,8.5,130,40.3,1589,0,0,-4.75,36,0
1063,69,Hombre,6.3,135,44.8,155,0,0,-1.78,36,0
1064,69,Hombre,7.5,134,50.9,139,0,1,-0.03,36,0
1065,73,Mujer,8,153,41.5,NA,1,0,-5.23,13.4,1
1066,71,Hombre,8.5,149,34.2,NA,0,0,-0.79,36,0
1067,64,Mujer,9.8,138,56.5,NA,1,1,-2.86,20.9,1
1068,71,Mujer,8.6,161,37.1,NA,1,1,-2.08,36,0
1069,63,Hombre,7.6,175,26.8,NA,0,1,-0.16,16.5,1
1070,61,Hombre,6.9,157,41.5,88,0,0,-2.29,36,0
1071,55,Hombre,10.3,117,51.3,460,1,1,-1.13,36,0
1072,68,Hombre,7.8,122,45.3,120,1,1,-0.69,36,0
1073,63,Mujer,7.8,117,53,NA,0,1,0.37,36,0
1074,73,Mujer,8.6,144,44.4,122,1,0,-4.25,36,0
1075,64,Hombre,6.7,132,47.9,NA,0,1,-3.03,36,0
1076,77,Mujer,7.5,122,46.4,NA,1,0,-4.37,36,0
1077,60,Hombre,8.7,132,57.1,294,0,1,-1.26,36,0
1078,47,Mujer,6.6,141,44.7,NA,0,0,-1.76,36,0
1079,60,Mujer,8.1,136,44.4,169,0,0,-3.1,36,0
1080,86,Hombre,7.4,149,43.6,NA,1,0,-5.87,36,0
1081,74,Mujer,8.6,162,43.1,NA,0,1,-2.18,36,0
1082,56,Mujer,8.3,130,35.3,NA,0,1,-1.02,36,0
1083,52,Hombre,7.5,112,51.8,318,0,0,-1.39,36,0
1084,45,Hombre,NA,113,56.1,319,0,1,-0.35,36,0
1085,45,Mujer,7.8,122,55.3,91,0,1,1.26,36,0
1086,39,Mujer,5.5,128,51.1,184,0,1,0.11,36,0
1087,74,Hombre,8.2,138,27.6,NA,0,0,-5.81,19,1
1088,73,Hombre,5.8,127,55.9,NA,0,0,-3.44,36,0
1089,52,Hombre,7.6,NA,57.7,39,0,0,-0.18,36,0
1090,64,Mujer,7.6,136,37.9,80,0,0,-1.26,36,0
1091,63,Hombre,7.1,156,44.7,769,0,1,0.18,36,0
1092,79,Hombre,6.9,135,45.3,NA,0,0,-3.51,36,0
1093,49,Hombre,NA,103,63,11,0,0,0.44,36,0
1094,55,Hombre,6.9,141,44.7,186,0,1,-0.98,36,0
1095,68,Hombre,7.3,141,64.4,99,0,1,-1.06,36,0
1096,66,Hombre,8.8,124,27.2,NA,0,0,-3.73,27.6,1
1097,47,Hombre,8,123,49,35,0,1,-0.44,36,0
1098,82,Mujer,10.8,139,29.5,NA,0,1,-1.9,31.3,1
1099,54,Hombre,7.2,131,53.7,42,0,0,0.02,36,0
1100,78,Hombre,8.1,128,41.9,NA,1,1,-1.81,36,0
1101,53,Hombre,7.6,126,66.7,NA,0,0,0.04,36,0
1102,45,Mujer,9.6,NA,45.6,168,0,1,2.03,36,0
1103,54,Mujer,7.5,129,34,366,0,1,-1.11,36,0
1104,66,Hombre,6.2,137,51.3,NA,0,1,-0.77,36,0
1105,67,Hombre,NA,NA,46.6,NA,1,0,-3,36,0
1106,60,Hombre,8.7,147,28.1,NA,1,0,-2.08,36,0
1107,70,Hombre,6.3,144,45.4,NA,1,0,-2.21,36,0
1108,68,Hombre,7.5,143,47.9,562,0,1,-1.64,9.1,1
1109,59,Hombre,9.7,137,48.1,NA,0,1,-0.64,36,0
1110,70,Hombre,7.2,124,53.8,159,1,0,-3.43,28.7,1
1111,66,Mujer,7.6,150,49.1,101,0,1,0.42,36,0
1112,36,Mujer,8.1,109,42.3,40,0,0,-0.44,36,0
1113,73,Hombre,7.2,119,42.8,7,1,0,-0.51,36,0
1114,82,Hombre,8,150,32,NA,1,0,-5.56,31.1,1
1115,78,Hombre,6.4,123,38.6,NA,0,1,-2.56,36,0
1116,63,Mujer,8.6,133,46,253,0,0,-4.46,36,0
1117,61,Hombre,NA,105,48.9,78,0,1,-0.54,36,0
1118,68,Hombre,8.3,114,38.9,NA,1,1,-1.36,36,0
1119,55,Mujer,8.1,121,60.8,NA,0,1,0.43,36,0
1120,55,Mujer,7.8,114,47.5,1497,0,1,2.57,36,0
1121,84,Hombre,7.3,154,37.2,NA,1,0,-4.62,21.5,1
1122,69,Hombre,8,137,50.6,598,0,1,0.13,36,0
1123,71,Hombre,7.6,117,44.1,264,1,0,-4.52,36,0
1124,68,Hombre,9.3,133,34.7,NA,1,1,-1.73,21.7,1
1125,51,Hombre,7.9,158,52.1,11,0,0,-1.91,36,0
1126,52,Mujer,8.2,104,57.3,NA,0,0,-1.2,36,0
1127,80,Mujer,8.3,166,44.7,NA,1,1,-3.26,36,0
1128,51,Hombre,5.8,137,47.1,137,0,0,-2.74,36,0
1129,56,Hombre,7.2,103,53.1,19,0,1,1.04,36,0
1130,64,Mujer,8,124,40,NA,0,0,-1.92,36,0
1131,67,Mujer,6.3,125,36.9,115,0,0,-1.67,36,0
1132,75,Hombre,7.5,140,47.6,402,0,0,-1.25,36,0
1133,68,Mujer,8,120,46.7,NA,1,1,-1.72,36,0
1134,56,Mujer,7.8,111,39.2,NA,0,0,-2.5,36,0
1135,64,Hombre,7,138,51.5,711,0,1,-0.87,36,0
1136,57,Mujer,NA,123,45.3,54,0,0,-0.21,36,0
1137,51,Mujer,8,119,53.7,262,0,1,-0.28,36,0
1138,56,Hombre,7.3,104,56.2,62,0,1,-1.37,36,0
1139,63,Hombre,7.3,NA,49.8,NA,0,1,-3.04,36,0
1140,54,Hombre,6.5,102,55.1,157,1,0,-2.13,35.8,1
1141,54,Hombre,7.7,149,38.9,62,1,0,-3.15,36,0
1142,59,Mujer,6.9,119,68.2,91,0,1,-1.36,36,0
1143,68,Mujer,8.5,146,38,NA,0,0,-2.85,36,0
1144,64,Mujer,8.3,127,60.2,11,0,1,0.3,36,0
1145,72,Mujer,7,146,40.4,NA,1,0,-2.8,35.7,1
1146,68,Mujer,8.4,117,37.5,167,0,0,-2.91,36,0
1147,63,Mujer,6.9,167,32.2,414,0,1,0.15,36,0
1148,83,Mujer,8.1,153,46.2,NA,0,0,-4.38,36,0
1149,65,Hombre,6.3,122,44.2,NA,0,1,0.46,36,0
1150,50,Hombre,7.7,115,33.8,71,0,1,0.45,36,0
1151,76,Mujer,10.3,136,37,NA,1,1,-2.55,36,0
1152,64,Hombre,9.5,144,40.4,687,0,1,-0.19,36,0
1153,51,Hombre,8.6,156,48.6,103,1,1,-1.8,36,0
1154,56,Hombre,NA,138,46,347,0,0,-0.71,36,0
1155,57,Hombre,8,NA,44.7,333,0,1,0.62,36,0
1156,64,Hombre,5.8,106,38.7,65,1,0,-1.02,36,0
1157,72,Mujer,5.9,128,39.3,NA,0,0,-2.35,5.4,1
1158,90,Hombre,5.7,124,30.3,NA,1,0,-2.32,36,0
1159,77,Hombre,8.5,126,40.5,97,1,1,-2.23,36,0
1160,63,Mujer,7.5,141,53.8,346,0,1,-0.99,36,0
1161,71,Mujer,7.9,137,63.8,81,1,1,-1.82,36,0
1162,41,Hombre,8.7,117,56.7,49,0,1,-0.74,36,0
1163,47,Mujer,7.8,126,47.3,101,0,0,-3.33,36,0
1164,39,Hombre,10,128,44.3,611,0,1,1.01,36,0
1165,73,Mujer,7.4,103,35.2,54,0,0,-2.49,36,0
1166,73,Hombre,9,158,40.1,198,0,0,-3.59,36,0
1167,62,Hombre,7,128,36.4,99,0,0,-2.2,36,0
1168,66,Hombre,NA,138,43.8,NA,1,1,-1.24,36,0
1169,67,Hombre,8,130,48.3,NA,0,0,-3.27,36,0
1170,69,Mujer,8,135,38.3,NA,1,0,-2.93,0.6,1
1171,69,Hombre,NA,118,50.6,NA,1,0,-3.23,36,0
1172,56,Mujer,9.7,131,44.2,125,0,0,-4.01,36,0
1173,66,Mujer,NA,147,30.3,108,1,1,0.53,36,0
1174,52,Hombre,8.9,137,56.4,470,0,1,-0.14,8.9,1
1175,63,Hombre,5.7,140,36.9,NA,0,0,-1.18,36,0
1176,63,Hombre,11.1,117,60.5,348,0,1,-1.38,36,0
1177,59,Mujer,5.8,108,35.1,73,1,1,1.55,36,0
1178,70,Mujer,6.6,112,60,17,0,1,-1.67,36,0
1179,63,Mujer,7.5,144,43.8,NA,1,0,-2.2,36,0
1180,51,Mujer,9.2,149,55.5,NA,0,1,-0.22,36,0
1181,66,Mujer,7.5,159,38.7,NA,0,0,-3.11,36,0
1182,68,Mujer,6.9,131,52.4,NA,0,0,-0.83,36,0
1183,62,Mujer,5.8,129,62,NA,1,0,-0.79,26.8,1
1184,63,Mujer,7.7,143,48.9,112,1,0,-1.47,6.8,1
1185,67,Hombre,8.8,133,55.9,136,0,0,-2.69,1.6,1
1186,61,Mujer,10.6,119,56.5,136,0,1,-1.41,36,0
1187,80,Mujer,7.7,124,40.3,NA,1,0,-2.53,36,0
1188,49,Mujer,10.1,157,46.2,139,0,1,-1.44,36,0
1189,64,Hombre,9.6,116,46,789,1,1,-0.56,36,0
1190,64,Mujer,8.5,NA,37.7,65,1,0,-1.3,36,0
1191,64,Hombre,7.3,133,41.2,NA,1,1,-2.07,36,0
1192,73,Hombre,8.8,133,37.1,NA,1,0,-3.56,36,0
1193,62,Hombre,6,136,34,NA,0,1,-0.08,36,0
1194,72,Mujer,7.1,133,36.1,201,0,0,-3.03,36,0
1195,65,Hombre,7.2,NA,38.1,123,0,0,-1.52,36,0
1196,63,Mujer,7.3,129,60.6,24,0,1,-1.12,36,0
1197,65,Hombre,7.5,147,50.4,230,0,0,-1.2,36,0
1198,86,Hombre,8.6,137,31.6,NA,0,0,-5.07,36,0
1199,68,Mujer,7.3,138,39.1,NA,1,1,-2.94,36,0
1200,66,Mujer,NA,121,27.4,NA,0,1,0.71,36,0
1201,68,Hombre,8.1,159,28.3,NA,0,0,-3,36,0
1202,64,Hombre,11,115,43.9,NA,1,1,-2.93,31.3,1
1203,76,Mujer,6.6,108,58.3,19,0,0,-3.52,36,0
1204,63,Hombre,9.9,124,58.7,179,0,1,0.37,36,0
1205,75,Hombre,9,145,56.7,205,1,0,-3.19,25,1
1206,43,Mujer,NA,118,51.4,492,0,1,-1.51,36,0
1207,67,Hombre,9,132,53.2,137,0,0,-2.3,36,0
1208,52,Hombre,9,141,52.3,74,0,1,0.13,36,0
1209,61,Hombre,7.6,114,49.3,22,0,0,0.98,36,0
1210,83,Mujer,NA,144,30.1,123,0,0,-3.46,36,0
1211,75,Mujer,9.4,145,37,NA,1,1,-1.85,36,0
1212,72,Hombre,6.8,119,51,NA,1,0,-3.01,36,0
1213,73,Mujer,8.2,99,51.4,37,0,1,-1.32,36,0
1214,58,Hombre,7.3,148,44.8,NA,0,1,-2.52,22.3,1
1215,63,Hombre,7.2,126,45.7,79,1,1,-0.5,36,0
1216,47,Mujer,8.3,108,65.9,151,0,1,-1.3,36,0
1217,74,Hombre,6,135,52.5,NA,0,0,-4.8,36,0
1218,69,Mujer,7.3,121,32.2,NA,1,0,-3.98,36,0
1219,78,Mujer,7.2,129,38.3,174,1,0,-1.66,36,0
1220,64,Mujer,7.7,140,39.1,NA,0,0,-3.23,36,0
1221,53,Hombre,7,148,36,NA,0,0,-3.79,36,0
1222,54,Hombre,8,138,40.5,164,1,1,-2.19,36,0
1223,71,Mujer,7.3,116,50.3,6,0,0,0.32,36,0
1224,54,Hombre,8.8,119,50.4,109,1,1,0.08,23.3,1
1225,68,Mujer,7.3,140,36.3,NA,1,1,0.06,36,0
1226,63,Hombre,10.5,160,35.9,NA,1,1,-3.98,14.8,1
1227,70,Hombre,7.6,119,31.8,NA,1,0,-3.66,36,0
1228,49,Mujer,7.7,144,57.9,39,1,0,-3.53,36,0
1229,54,Mujer,7.7,122,42.2,331,0,0,0.35,36,0
1230,69,Mujer,8.9,157,39.6,NA,0,0,-2.86,36,0
1231,86,Mujer,5.5,154,32.4,NA,1,0,-4.42,22.3,1
1232,90,Hombre,7.8,NA,37.7,NA,1,0,-4.31,36,0
1233,61,Hombre,7.7,147,49.3,406,1,0,-1.64,36,0
1234,70,Hombre,6.7,129,40.3,133,0,0,-0.69,36,0
1235,53,Hombre,9,126,38.8,100,0,1,-1.12,36,0
1236,65,Mujer,8.1,126,46.8,NA,1,1,-0.93,36,0
1237,65,Mujer,6.4,145,45.3,103,1,0,-2.65,36,0
1238,55,Mujer,7.6,159,48.8,NA,0,0,-2.13,36,0
1239,67,Hombre,8.8,106,52.9,NA,1,0,-3.82,36,0
1240,68,Hombre,6,130,59.2,239,1,1,-2.68,36,0
1241,67,Mujer,8.9,124,49.2,582,0,0,-2.7,36,0
1242,73,Mujer,9.7,122,30.8,NA,0,0,-5.51,36,0
1243,77,Mujer,9.2,126,34.2,NA,1,0,-4.54,18.7,1
1244,59,Mujer,8.8,128,46.2,27,0,0,-0.77,36,0
1245,47,Mujer,8.1,146,50.8,65,0,0,-2.45,36,0
1246,57,Hombre,7,123,50.9,56,1,1,-1.06,36,0
1247,69,Hombre,8.4,123,41.1,80,0,1,-0.41,36,0
1248,65,Mujer,8.3,119,52.8,337,0,1,-1.8,36,0
1249,83,Hombre,8.7,156,41.3,205,0,0,-3.27,9.5,1
1250,54,Hombre,7.9,139,37.4,484,0,0,-4.36,36,0
1251,71,Hombre,NA,152,28.7,NA,0,0,-2.35,36,0
1252,50,Mujer,8.3,132,50.6,85,0,0,0.17,36,0
1253,60,Hombre,9.5,144,47.9,329,1,1,-2.06,36,0
1254,53,Hombre,6.6,148,62.1,49,0,1,-1.43,36,0
1255,74,Hombre,8.4,133,27,NA,1,0,-2.02,36,0
1256,71,Hombre,NA,174,26.4,NA,0,1,-3.53,36,0
1257,65,Mujer,10.4,152,38.6,NA,0,0,-3,36,0
1258,53,Hombre,9.4,123,31.9,44,1,0,-3.6,36,0
1259,61,Mujer,NA,106,58.9,125,0,0,-0.9,36,0
1260,61,Hombre,8.3,159,58.3,NA,1,1,-3.5,36,0
1261,72,Mujer,11.3,149,42.3,NA,0,0,-5.3,36,0
1262,46,Hombre,NA,135,59.7,18,0,1,0.63,36,0
1263,66,Hombre,10.5,130,43.8,83,0,0,-3.65,36,0
1264,68,Hombre,7,152,39,558,0,1,-0.7,36,0
1265,49,Hombre,8,143,45.8,135,1,1,-0.55,36,0
1266,66,Mujer,7.5,149,42.4,84,0,1,-2.37,36,0
1267,73,Hombre,7,NA,38.4,NA,0,0,-6.18,13.6,1
1268,59,Mujer,7.7,161,39.1,NA,1,0,-0.67,36,0
1269,64,Hombre,6.9,164,25.2,NA,0,0,-5.06,36,0
1270,70,Hombre,8.5,146,25.8,NA,0,0,-4,36,0
1271,50,Hombre,6.4,137,43.3,NA,1,1,-0.21,36,0
1272,63,Hombre,7.6,123,38.9,NA,1,1,-2.2,36,0
1273,52,Hombre,6.8,119,41.4,25,0,0,-1.77,36,0
1274,50,Hombre,5.5,NA,36.9,NA,0,0,-2.44,2.6,1
1275,82,Hombre,8.8,152,29.9,226,1,0,-5.05,7.9,1
1276,62,Hombre,8.1,109,58.7,79,0,1,-2.02,36,0
1277,67,Mujer,7.2,109,55.1,NA,0,1,-0.81,36,0
1278,60,Hombre,6.6,147,57,198,0,0,-2.11,36,0
1279,80,Hombre,8.3,139,45.7,171,0,0,-4.35,34.2,1
1280,77,Mujer,8.7,129,26.4,NA,0,0,-0.38,36,0
1281,50,Hombre,9.1,115,51.7,1458,0,1,-1.02,36,0
1282,59,Mujer,NA,115,47.8,41,0,0,-2.52,36,0
1283,74,Mujer,8.4,146,39.4,NA,0,0,-2.96,36,0
1284,77,Mujer,8.7,136,34.5,NA,0,1,-2.42,36,0
1285,51,Mujer,7.7,108,43.2,326,0,1,-0.12,36,0
1286,75,Hombre,7.1,148,35.8,562,0,0,-4.69,36,0
1287,44,Hombre,8.6,150,50.6,NA,0,1,-2.78,36,0
1288,73,Mujer,5.5,129,39.9,59,0,0,-1.65,36,0
1289,52,Hombre,6.2,128,51.1,454,0,1,1.34,36,0
1290,60,Mujer,9,114,52.6,37,0,1,0.98,36,0
1291,55,Mujer,9.1,141,26.7,70,0,0,-0.99,36,0
1292,54,Mujer,7,142,58,115,0,1,0.26,36,0
1293,60,Mujer,7.9,120,42.9,NA,0,1,-1.79,36,0
1294,66,Mujer,NA,147,39.3,93,1,1,-3.5,36,0
1295,69,Mujer,8.8,147,36.1,211,1,0,-3.68,7.5,1
1296,75,Mujer,7.2,179,20,NA,0,0,-5.25,7.4,1
1297,50,Mujer,9.8,NA,65.7,582,0,1,-0.46,36,0
1298,57,Mujer,7.7,143,47.9,408,0,1,-0.04,36,0
1299,68,Hombre,8.1,130,48.2,339,0,1,-1.11,36,0
1300,62,Mujer,8.6,123,51.9,109,0,1,-1.39,36,0
1301,47,Hombre,8,141,33,NA,0,1,-1.33,36,0
1302,53,Hombre,7.2,123,47.5,47,0,0,-1.9,36,0
1303,70,Hombre,8.1,162,52.2,NA,1,1,-3.11,34.5,1
1304,66,Hombre,8.1,149,54.8,120,0,0,-0.96,36,0
1305,58,Mujer,7.9,120,64.6,357,0,1,-0.4,36,0
1306,71,Hombre,8,137,37.9,409,1,0,-2.04,36,0
1307,50,Mujer,8.9,133,45.8,NA,1,1,-2.99,36,0
1308,76,Hombre,9.1,153,52.6,329,1,0,-3.08,16.6,1
1309,89,Mujer,9.8,148,45,NA,1,1,-2.6,36,0
1310,48,Mujer,6.5,117,48.2,NA,0,1,-0.86,22.9,1
1311,55,Mujer,7,134,41.4,218,0,1,-0.14,36,0
1312,67,Mujer,8.5,172,43,303,0,0,-5.33,6,1
1313,55,Hombre,8.1,149,38.8,189,0,0,-2.3,28.9,1
1314,81,Mujer,9.6,140,43.4,NA,1,0,-3.64,36,0
1315,77,Hombre,9.1,131,57.2,327,0,0,-2.19,36,0
1316,48,Hombre,10.3,119,59.3,61,0,1,1.04,36,0
1317,57,Mujer,9.2,133,55.1,63,0,1,-2.65,36,0
1318,66,Mujer,8.8,136,46.9,83,0,0,-1.82,36,0
1319,66,Mujer,10,133,47.6,226,0,1,-2.15,36,0
1320,90,Mujer,6.6,149,31.1,NA,1,0,-3.15,36,0
1321,51,Mujer,5.5,142,50.9,87,0,1,-0.8,36,0
1322,75,Mujer,7.3,NA,41.3,NA,0,0,-4.08,36,0
1323,50,Mujer,7.8,126,57.9,88,0,1,1.1,36,0
1324,71,Hombre,7.9,148,51.4,53,0,1,-3.34,6.2,1
1325,62,Hombre,8,140,42.6,31,0,0,-1.74,36,0
1326,68,Mujer,9.7,140,22.2,NA,0,0,-2.63,10.1,1
1327,47,Mujer,7.4,161,52.5,104,0,0,-0.82,36,0
1328,79,Mujer,7.5,146,28.9,NA,0,0,-5.74,36,0
1329,52,Hombre,8.5,110,47.3,19,0,1,-2.01,36,0
1330,57,Hombre,7,155,38,NA,0,1,-2.34,36,0
1331,63,Hombre,NA,148,49.4,NA,1,0,-7.16,36,0
1332,65,Hombre,NA,125,31.9,NA,0,0,-2.52,36,0
1333,63,Hombre,7.4,128,35.9,130,0,0,-2.54,8.7,1
1334,53,Mujer,7.8,NA,43.4,NA,0,1,-1.69,36,0
1335,66,Hombre,7.2,127,55.1,45,0,1,-0.8,36,0
1336,61,Hombre,7.8,149,39.9,NA,0,0,-3.72,36,0
1337,65,Mujer,8.8,142,60.5,98,1,1,-3.22,36,0
1338,57,Mujer,5.6,139,49.7,NA,0,1,-0.21,36,0
1339,74,Hombre,7.8,123,36.8,NA,0,1,-2.45,36,0
1340,70,Hombre,6.3,125,45.4,33,1,0,-2.53,36,0
1341,67,Mujer,7.5,151,35.8,NA,0,0,-0.68,36,0
1342,62,Hombre,8.7,114,43.3,249,0,0,-2.19,36,0
1343,78,Mujer,8.7,148,38.2,NA,0,0,-2.21,36,0
1344,61,Hombre,7.4,142,43.1,42,0,0,0.05,36,0
1345,60,Mujer,5.5,NA,63.9,54,0,1,0.41,36,0
1346,75,Hombre,6.4,143,48.5,NA,0,0,-2.61,36,0
1347,50,Hombre,9.2,126,48.5,306,0,0,-2.34,36,0
1348,61,Hombre,6.7,105,40.8,NA,0,0,-1.04,36,0
1349,49,Hombre,NA,128,64.8,21,0,0,1.19,36,0
1350,68,Hombre,8.3,154,45.1,NA,0,1,-1.14,36,0
1351,73,Hombre,9.7,152,31.7,NA,1,0,-4.38,28.6,1
1352,77,Hombre,6.6,162,51,219,0,0,-3.46,36,0
1353,68,Mujer,8.5,115,34.8,NA,0,0,-2.38,36,0
1354,53,Mujer,8.3,124,57,151,0,0,-3.15,36,0
1355,56,Mujer,7.8,112,48,34,0,1,1.41,36,0
1356,64,Mujer,6.3,139,26.7,NA,0,0,-4.62,36,0
1357,72,Hombre,6.9,163,37.2,202,0,0,-3.93,7.3,1
1358,82,Hombre,8.1,137,51.5,81,0,1,0.47,36,0
1359,75,Mujer,7.3,151,46.1,169,0,0,-2.04,36,0
1360,63,Mujer,7.7,132,57.2,66,0,0,0.37,36,0
1361,47,Hombre,5.5,155,44,111,0,0,0.01,2.8,1
1362,45,Hombre,8.3,127,45.2,74,0,0,-0.39,36,0
1363,55,Hombre,7.9,138,36.3,351,0,0,-0.86,18.5,1
1364,62,Hombre,6.3,97,45.9,84,0,0,-1.28,36,0
1365,58,Hombre,5.5,158,55.1,NA,0,1,-0.71,36,0
1366,56,Hombre,6.5,135,51.9,NA,1,1,-1.21,36,0
1367,57,Mujer,7.8,140,31.3,150,0,0,-1.75,36,0
1368,62,Hombre,7.7,140,37,272,0,0,-2.04,36,0
1369,62,Hombre,6.3,128,50.1,30,0,1,-1.83,36,0
1370,50,Mujer,7.8,144,55.7,76,0,0,-2.99,36,0
1371,72,Mujer,8.1,125,42.4,202,1,1,-4.72,36,0
1372,51,Hombre,7.6,124,49,72,0,0,-1.11,36,0
1373,52,Hombre,6,149,29.4,175,0,0,-1.41,36,0
1374,72,Hombre,5.7,151,51.4,NA,1,1,-0.8,36,0
1375,80,Mujer,8.6,120,22.9,NA,0,0,-3.23,36,0
1376,84,Hombre,7.5,117,38.7,NA,0,0,-3.68,36,0
1377,66,Mujer,7.8,143,41.9,174,0,0,-2.21,36,0
1378,62,Mujer,7.4,139,48.8,340,0,1,-1.93,36,0
1379,49,Mujer,8.7,109,50.6,46,0,0,0.21,36,0
1380,66,Mujer,7,156,31.1,NA,0,0,-3.37,21.4,1
1381,53,Mujer,7.8,137,61.2,100,0,1,-1.99,36,0
1382,61,Hombre,7,129,56,162,0,0,-2.77,6.5,1
1383,63,Mujer,7.8,127,42.2,NA,0,1,-1.21,25,1
1384,66,Hombre,7.7,115,55.7,7,0,0,-0.27,36,0
1385,51,Hombre,8.3,139,48.6,NA,0,1,-2.05,36,0
1386,72,Hombre,7.7,143,22.5,NA,0,0,-3.76,1.3,1
1387,63,Mujer,9.7,125,55.6,111,0,0,-1.46,36,0
1388,83,Mujer,8.1,115,39,362,0,1,-0.98,36,0
1389,76,Hombre,5.7,177,44.5,518,0,0,-3.12,36,0
1390,76,Mujer,6.9,128,44.3,NA,1,1,-0.52,19.1,1
1391,80,Hombre,6.9,159,61.6,85,0,0,-4.5,36,0
1392,72,Hombre,7.4,151,36.9,49,1,0,-2.96,36,0
1393,71,Hombre,7.5,160,58.2,NA,1,0,-4.18,36,0
1394,63,Mujer,9.2,95,33.5,96,0,1,-1.02,36,0
1395,57,Mujer,5.6,124,52.3,115,0,1,-0.63,36,0
1396,56,Hombre,8.9,122,56.5,44,0,0,-0.77,36,0
1397,56,Hombre,8.6,108,41,NA,0,1,-0.09,36,0
1398,55,Hombre,6.1,161,49.5,66,1,0,-2.56,36,0
1399,57,Hombre,8.7,125,47.2,NA,0,1,-1.8,36,0
1400,45,Hombre,8.3,119,61,629,0,1,0.52,36,0
1401,72,Mujer,6.4,151,39.1,176,0,0,-2.17,36,0
1402,75,Mujer,7.9,139,49,NA,1,1,-1.69,36,0
1403,69,Hombre,6.9,114,51.8,34,0,0,-1.52,36,0
1404,72,Mujer,9.7,105,51.7,294,0,1,-1.73,36,0
1405,63,Hombre,6.4,121,36.6,NA,0,1,0.15,36,0
1406,53,Hombre,NA,161,53.2,466,0,1,-1.76,11,1
1407,76,Hombre,NA,114,39.1,NA,1,0,-3.37,36,0
1408,64,Hombre,9.8,152,53.7,211,0,0,-3.02,36,0
1409,74,Hombre,11.3,145,58,NA,0,1,-4.01,1.6,1
1410,71,Hombre,9.2,140,75,68,1,1,-0.31,36,0
1411,72,Mujer,7.4,NA,70.9,158,1,1,-2.35,36,0
1412,56,Hombre,8.8,146,46.5,NA,0,1,-4.26,36,0
1413,56,Mujer,7.9,NA,44,427,0,1,-1.24,36,0
1414,55,Mujer,NA,96,50.5,NA,1,0,-1.03,36,0
1415,80,Hombre,NA,144,57.6,73,0,0,-2.38,36,0
1416,56,Hombre,7.4,101,53.8,118,0,1,-1.59,36,0
1417,74,Mujer,9.9,NA,47.7,29,1,0,-5.08,36,0
1418,80,Mujer,8.9,143,31.2,NA,0,0,-3.87,36,0
1419,41,Hombre,10.5,109,51,278,0,1,0.93,36,0
1420,58,Hombre,7,117,45.4,271,1,1,-2.42,36,0
1421,63,Mujer,8.3,136,55.8,80,0,1,-2.3,36,0
1422,64,Mujer,8.2,137,58.6,55,0,1,1.26,36,0
1423,49,Hombre,6.3,135,57.7,61,0,1,1.5,36,0
1424,64,Hombre,7.6,138,56.9,NA,0,0,-2.23,36,0
1425,70,Hombre,8.6,NA,52.8,29,0,0,-2.35,36,0
1426,74,Hombre,8.4,155,33,245,0,1,-2.02,36,0
1427,78,Mujer,6.4,134,41.1,20,1,0,-2.16,36,0
1428,52,Mujer,6.8,144,64.1,85,0,1,-2.76,36,0
1429,61,Hombre,6.5,132,46.9,96,0,0,-2.12,36,0
1430,57,Mujer,9.2,119,48.1,NA,0,1,-1.55,36,0
1431,33,Mujer,8.3,155,44.2,345,0,1,1.03,36,0
1432,60,Mujer,6.9,109,39.5,197,0,1,0.88,36,0
1433,67,Mujer,NA,128,45.5,63,0,0,-2.07,36,0
1434,78,Mujer,7,148,48.6,58,1,0,-2.03,36,0
1435,70,Mujer,10.3,149,46.5,NA,0,1,-2.15,36,0
1436,55,Mujer,9.1,133,51.9,170,1,1,1.88,36,0
1437,72,Hombre,8.4,130,43,NA,0,0,-5.2,36,0
1438,66,Mujer,8.9,142,22.3,NA,0,1,-2.42,25.7,1
1439,60,Mujer,7,95,54.4,NA,0,1,1.08,36,0
1440,44,Hombre,6.9,121,44.5,63,0,1,0.16,36,0
1441,75,Mujer,10.2,131,42.5,852,0,0,-3.68,36,0
1442,71,Hombre,8.9,132,34.5,245,1,1,-1.25,8.6,1
1443,53,Hombre,7.7,151,47.1,161,0,0,-2.99,36,0
1444,70,Mujer,5.8,156,58.6,5,1,0,-0.97,36,0
1445,58,Hombre,7.7,144,50.8,91,0,1,-0.92,36,0
1446,66,Hombre,7.2,NA,39,NA,1,0,-2.03,36,0
1447,61,Hombre,5.9,151,53.8,114,0,1,0.12,36,0
1448,68,Mujer,8.6,156,44.1,455,0,0,-5.06,26.9,1
1449,52,Hombre,8.9,131,48.9,219,0,1,-0.2,36,0
1450,66,Mujer,9.6,149,40.4,NA,1,1,-1.93,36,0
1451,55,Mujer,5.9,120,55.1,66,0,0,-1.08,6.1,1
1452,64,Hombre,7.3,NA,48.6,107,0,0,-3.71,18.4,1
1453,64,Hombre,5.5,130,44.3,33,0,0,-1.56,36,0
1454,54,Mujer,7.2,130,42.2,201,0,1,0.31,36,0
1455,57,Mujer,7.6,138,39.6,1104,0,0,-3.16,7.6,1
1456,76,Hombre,7.9,131,41.1,389,0,0,-4.85,36,0
1457,77,Hombre,7.7,139,49.3,83,0,0,-1.23,36,0
1458,71,Hombre,5.9,136,47,18,0,0,-0.91,36,0
1459,65,Hombre,8.1,134,47.8,NA,0,0,-3.34,36,0
1460,80,Hombre,7.9,136,44,91,0,0,-1.82,36,0
1461,64,Hombre,9.2,127,54.9,NA,0,1,-2.04,36,0
1462,72,Hombre,10.5,144,45.8,137,0,0,-4.81,36,0
1463,53,Hombre,8.1,130,45.6,48,0,0,-0.7,36,0
1464,76,Hombre,NA,131,47.8,NA,1,0,-3.68,36,0
1465,65,Mujer,10.3,124,40.6,460,0,1,-1.71,36,0
1466,64,Mujer,9.1,112,53.7,99,0,0,-0.22,36,0
1467,83,Mujer,8.8,141,42.7,NA,0,0,-4.21,34.8,1
1468,60,Mujer,8.8,132,34.9,NA,0,0,0.41,36,0
1469,61,Mujer,5.5,136,51.3,NA,0,1,-1.57,36,0
1470,83,Hombre,6.3,144,51.5,NA,0,0,-3.91,36,0
1471,55,Mujer,6,141,50.4,3,0,0,0.93,36,0
1472,90,Hombre,8.9,136,39.7,326,0,0,-4.12,36,0
1473,61,Mujer,8.4,168,44.1,NA,0,0,-4.67,24.9,1
1474,47,Hombre,8.5,135,59.3,149,1,1,-2.29,36,0
1475,63,Hombre,8.9,125,42.6,103,0,0,-1.54,36,0
1476,73,Mujer,8.6,161,33.3,200,1,0,-2.61,36,0
1477,57,Hombre,8.3,137,48.2,NA,0,0,-3.23,7.7,1
1478,48,Hombre,9.1,111,55.9,390,0,1,2.13,36,0
1479,86,Mujer,7.1,120,25.8,52,0,0,-2.92,36,0
1480,66,Hombre,7.7,125,48.3,76,1,0,-4.12,36,0
1481,55,Hombre,9.8,129,44.2,NA,1,1,-1.61,36,0
1482,64,Hombre,7.1,181,48.7,144,0,1,-2.24,36,0
1483,74,Mujer,9.1,154,30.5,NA,0,0,-5.43,36,0
1484,35,Mujer,6.5,132,41.4,213,0,1,2.77,36,0
1485,56,Hombre,7.4,117,44,NA,0,0,-1.07,36,0
1486,55,Hombre,7.8,129,40,41,0,1,0.94,36,0
1487,58,Hombre,7,144,63.8,36,0,0,-2.14,36,0
1488,58,Hombre,7.5,138,36.5,156,1,0,-3.53,36,0
1489,79,Hombre,8.4,129,27.5,315,1,1,-5.06,36,0
1490,61,Hombre,8.1,125,33.1,113,1,0,-4.41,36,0
1491,70,Hombre,6.6,139,37.8,193,0,1,-0.81,36,0
1492,76,Mujer,7.9,159,41.1,174,0,1,-0.31,31.1,1
1493,51,Mujer,8.7,123,31.8,16,1,1,-2.18,36,0
1494,61,Mujer,NA,149,42.3,237,0,1,-1.24,36,0
1495,58,Hombre,NA,131,35.8,NA,1,0,-2.54,36,0
1496,80,Hombre,NA,135,43.8,83,0,0,-2.4,36,0
1497,63,Hombre,8.1,128,45.6,102,0,0,-2.63,36,0
1498,73,Mujer,9.5,149,35.5,138,1,1,-2.09,36,0
1499,67,Hombre,NA,147,61.3,198,0,1,-2.04,36,0
1500,60,Hombre,7.8,140,40.1,238,1,1,-2.2,36,0
1501,58,Hombre,8.4,127,31.3,23,0,0,-1.43,36,0
1502,68,Hombre,8,140,45.4,NA,1,1,-2.5,36,0
1503,68,Mujer,7.6,134,53.7,98,0,1,0.97,11.1,1
1504,48,Mujer,7.2,146,51.1,22,0,0,-2.02,36,0
1505,65,Mujer,9.9,145,40.2,NA,1,0,-4.44,36,0
1506,69,Hombre,6.9,131,38.1,75,0,0,-2.71,8.3,1
1507,56,Mujer,8.8,151,51.7,366,0,0,-0.87,36,0
1508,60,Mujer,7.4,145,54.8,46,0,1,-1.06,36,0
1509,68,Hombre,5.7,122,50.9,157,1,1,-1.79,36,0
1510,69,Hombre,6.6,140,36.5,31,0,0,-1.84,36,0
1511,73,Mujer,8.2,134,41.6,124,0,1,-2.92,36,0
1512,73,Mujer,6.6,140,33.3,NA,0,0,-2.79,36,0
1513,63,Mujer,5.9,129,53.7,97,0,0,-2.64,36,0
1514,79,Mujer,7.5,131,27.6,NA,0,0,-4.87,21,1
1515,54,Mujer,NA,135,51,56,0,0,-1.64,36,0
1516,69,Hombre,6.4,140,50.5,38,0,0,-3,36,0
1517,57,Mujer,6,131,58.7,93,0,1,-0.39,36,0
1518,61,Hombre,7.8,127,49.9,75,1,1,0.16,36,0
1519,44,Hombre,9,106,38.1,46,1,1,1.52,36,0
1520,66,Mujer,8.9,158,54,506,0,1,-2.34,36,0
1521,37,Hombre,8.8,103,35.5,133,0,1,-0.45,36,0
1522,59,Hombre,6.8,119,38.6,80,0,1,0.65,36,0
1523,49,Hombre,7.3,131,39.8,258,0,1,-0.78,36,0
1524,64,Hombre,NA,150,49.2,NA,0,0,-2.35,36,0
1525,79,Hombre,8.7,146,35,NA,1,1,-3.12,36,0
1526,69,Hombre,9.3,125,53.1,126,0,0,-4.01,36,0
1527,61,Mujer,5.8,123,40.7,333,0,0,-1.29,36,0
1528,70,Hombre,5.5,149,37.6,NA,0,0,-3.61,36,0
1529,58,Hombre,7.3,134,44.2,NA,0,1,-1.42,1.4,1
1530,54,Hombre,6.9,137,58.6,150,1,1,-0.78,36,0
1531,58,Hombre,6.1,136,42.8,76,0,1,0.75,36,0
1532,64,Hombre,7.6,139,52.2,269,0,0,-3.2,36,0
1533,69,Hombre,8.2,133,49.9,241,1,1,-2.83,36,0
1534,53,Hombre,9.2,142,48.2,411,0,1,-2.88,36,0
1535,63,Mujer,10.3,127,50.3,25,0,0,-3.18,36,0
1536,75,Mujer,8.6,145,42.3,82,0,0,-1.25,36,0
1537,63,Mujer,7.9,129,39.3,73,0,0,-2.5,36,0
1538,69,Mujer,NA,117,37.3,132,0,0,-3.55,36,0
1539,82,Hombre,8.6,147,38.3,NA,0,0,-3.57,36,0
1540,57,Mujer,6.5,115,57.9,106,1,1,2.57,36,0
1541,56,Mujer,NA,142,49,NA,0,1,-1.89,36,0
1542,76,Hombre,7.9,140,45.3,NA,0,0,-4.06,36,0
1543,66,Mujer,7.7,141,43.3,164,0,0,-2.05,36,0
1544,75,Hombre,8.6,NA,56.4,497,0,0,-4.38,36,0
1545,69,Mujer,6.3,147,30.4,52,0,0,-1.07,36,0
1546,53,Mujer,6.8,NA,63.5,64,1,1,-1.99,36,0
1547,62,Hombre,8.4,153,40.6,54,0,1,-2.12,36,0
1548,82,Hombre,6.5,143,43.5,NA,0,0,-3.28,36,0
1549,50,Hombre,7.6,122,61.3,37,0,0,-0.13,36,0
1550,67,Mujer,5.5,129,52.2,148,1,0,-2.15,36,0
1551,55,Hombre,7.9,146,56.8,NA,1,1,-0.68,36,0
1552,63,Mujer,9.2,119,50.2,109,0,0,-1.97,36,0
1553,62,Hombre,7.7,134,39.3,527,0,0,-1.96,36,0
1554,47,Hombre,6.6,135,52,102,0,1,0.08,36,0
1555,60,Mujer,6.3,165,42.6,NA,1,0,-1.64,36,0
1556,61,Hombre,7.5,152,56.7,302,0,1,0.29,36,0
1557,59,Mujer,7.2,125,43.4,88,1,0,-3.26,36,0
1558,84,Mujer,NA,159,29.8,NA,1,0,-6.47,36,0
1559,78,Hombre,7,139,34.7,134,0,0,-1.89,28.3,1
1560,68,Hombre,NA,154,48.9,NA,1,0,-3.25,36,0
1561,58,Hombre,8.2,120,49.9,302,0,1,-0.89,36,0
1562,72,Mujer,7.8,138,60.2,NA,0,0,-2.8,36,0
1563,76,Mujer,6.3,142,35,NA,0,0,-3.25,36,0
1564,54,Hombre,9.2,151,32.5,NA,0,1,-3.07,22.4,1
1565,71,Hombre,NA,131,45.1,NA,1,0,-3.56,36,0
1566,75,Hombre,6.9,119,53.1,186,1,0,-3.57,36,0
1567,56,Mujer,9.4,125,47.8,181,0,1,-1.25,36,0
1568,75,Hombre,7.7,158,49.6,NA,0,1,-2.91,36,0
1569,52,Hombre,8,109,59.7,8,0,0,-0.77,36,0
1570,49,Hombre,6.4,127,57.9,21,0,0,0.6,36,0
1571,61,Hombre,6.8,152,44.5,154,0,0,-1.54,36,0
1572,68,Mujer,7.6,155,22,374,0,1,-0.3,2.5,1
1573,48,Hombre,7,135,60.7,34,1,1,-0.88,36,0
1574,87,Hombre,9.9,145,36.6,1380,0,1,-3.79,36,0
1575,54,Hombre,NA,127,50.8,NA,1,1,-3.17,36,0
1576,63,Mujer,7.1,130,60.8,35,1,0,-1.42,36,0
1577,46,Mujer,NA,NA,38.9,NA,0,1,0.7,36,0
1578,59,Hombre,7.3,131,47.2,87,0,0,-2.05,36,0
1579,68,Hombre,8.4,131,52.6,524,0,1,-0.66,36,0
1580,65,Mujer,7.2,104,42,72,0,0,-2.9,25.5,1
1581,63,Hombre,7.5,147,32.8,40,0,0,-0.1,11.8,1
1582,52,Mujer,7.6,110,56,18,0,0,2.96,36,0
1583,57,Hombre,8,148,51.9,NA,1,0,-2.21,36,0
1584,75,Hombre,7.4,125,54.1,35,0,0,-0.83,36,0
1585,56,Mujer,9.3,132,56.4,55,0,1,-1.86,36,0
1586,45,Mujer,8.2,156,38.6,NA,0,1,-2.26,36,0
1587,52,Hombre,8.3,123,57.9,36,0,1,-0.17,36,0
1588,55,Mujer,5.7,106,43.4,NA,0,1,-0.53,36,0
1589,70,Hombre,7.1,118,39.8,224,1,0,-1.34,36,0
1590,75,Mujer,8,146,39.6,NA,0,1,-2.05,36,0
1591,73,Hombre,7.5,NA,41,149,0,0,-1.55,20.3,1
1592,54,Hombre,10,115,44.9,NA,0,0,0.19,36,0
1593,50,Mujer,6.3,112,53.3,73,0,1,1.08,36,0
1594,69,Hombre,9.9,146,42.5,NA,0,1,-1.66,24.1,1
1595,79,Mujer,8.1,120,49,NA,0,1,-0.9,36,0
1596,54,Hombre,7.9,153,53.2,232,0,1,-0.79,36,0
1597,56,Hombre,8.8,95,62.4,66,0,0,-1.36,13.4,1
1598,72,Hombre,8.2,117,47.7,5548,0,1,-0.51,27.7,1
1599,64,Hombre,5.8,140,47.9,13,0,0,-2.6,36,0
1600,64,Hombre,7.6,156,54.2,NA,0,1,-2.11,36,0
1601,71,Mujer,7.4,115,38.8,26,0,0,-1.52,36,0
1602,65,Hombre,7.5,125,44.9,47,0,1,-1.94,36,0
1603,67,Mujer,7.5,104,32.1,NA,0,0,-3.36,36,0
1604,53,Hombre,NA,142,54.8,175,0,0,0.35,36,0
1605,64,Hombre,7.9,166,27.7,NA,0,0,-4.8,8.6,1
1606,50,Mujer,9.7,129,56.4,23,0,0,-0.79,36,0
1607,58,Hombre,6.8,151,41,NA,0,1,-2.24,36,0
1608,69,Hombre,8.6,135,46.9,NA,0,0,-5.78,36,0
1609,80,Mujer,8.8,107,48.3,NA,1,0,-3.89,5,1
1610,77,Hombre,NA,148,57,137,0,0,-2.65,36,0
1611,63,Mujer,9.1,116,62.5,118,0,1,-2.61,36,0
1612,57,Mujer,6.3,126,43.4,NA,0,0,-3.93,36,0
1613,53,Hombre,7.4,151,61.1,64,0,0,-3.84,36,0
1614,57,Hombre,8.2,120,49,54,0,0,-1.25,36,0
1615,75,Hombre,9.5,150,40.7,NA,0,1,-0.92,33.8,1
1616,64,Mujer,8,159,44.5,56,0,0,-2.12,36,0
1617,69,Hombre,7.4,151,47.8,36,0,1,-0.39,36,0
1618,76,Mujer,8.5,175,50.5,NA,1,0,-5.44,17.6,1
1619,83,Mujer,9,137,38.4,NA,1,1,-2.08,36,0
1620,56,Hombre,8.5,135,41.1,355,1,1,-1.51,22.5,1
1621,71,Hombre,8.6,135,49.2,NA,0,1,-2.16,36,0
1622,63,Hombre,7.4,133,51.5,142,0,1,-0.07,36,0
1623,79,Mujer,9.9,130,47.5,NA,0,0,-5.09,31.2,1
1624,46,Hombre,6.7,117,56.7,138,1,0,-2.26,36,0
1625,56,Hombre,8,144,51.9,55,0,1,-0.07,36,0
1626,81,Mujer,NA,141,30.7,NA,0,0,-4.6,26.2,1
1627,71,Mujer,8,157,51.4,NA,1,0,-3.74,36,0
1628,75,Hombre,7.4,142,50.2,NA,0,0,-1.87,36,0
1629,59,Mujer,7.9,119,46.2,248,0,1,-0.39,36,0
1630,66,Mujer,6.9,130,36.3,50,0,0,-1.12,1.9,1
1631,62,Hombre,10.3,140,44.4,86,1,1,-1.42,36,0
1632,66,Hombre,7.8,164,32.7,NA,0,0,-1.55,36,0
1633,60,Mujer,7.6,149,48.6,36,0,0,-2,36,0
1634,63,Hombre,6.4,103,46.1,153,0,0,-3.44,1.7,1
1635,69,Mujer,7.5,144,55.1,10,1,1,-1.03,36,0
1636,62,Hombre,9.7,143,57.8,286,0,1,-0.79,36,0
1637,69,Mujer,9.6,149,44.2,2184,0,1,-0.31,8,1
1638,57,Hombre,8,141,36.4,935,1,0,-3.35,36,0
1639,53,Mujer,6.7,157,72.3,161,0,1,-0.26,36,0
1640,52,Hombre,8.2,172,47.4,NA,1,1,-2.89,8.2,1
1641,64,Hombre,6.7,131,54.1,51,0,0,-1.58,36,0
1642,73,Hombre,6.5,146,58.3,192,0,0,-1.65,17.4,1
1643,59,Hombre,7.9,123,59.2,93,1,1,-1.68,36,0
1644,57,Mujer,7.5,119,45.3,38,0,0,-1.07,36,0
1645,48,Hombre,8.5,106,49.1,915,0,1,1.15,36,0
1646,49,Mujer,9.6,120,39.9,105,0,0,-0.93,36,0
1647,69,Hombre,6.3,143,36.5,NA,1,1,-4.91,36,0
1648,60,Hombre,10.2,145,52.2,98,0,1,-0.61,36,0
1649,69,Hombre,8.1,120,53.4,199,1,0,-3.18,36,0
1650,64,Hombre,8.4,132,45,194,0,0,-3.62,36,0
1651,65,Hombre,7,145,61.9,20,0,0,-0.45,36,0
1652,68,Hombre,7.4,127,29,217,0,0,-2.67,36,0
1653,64,Hombre,8.6,114,32.9,377,0,1,-0.84,36,0
1654,38,Hombre,6,117,47,188,0,1,1.54,36,0
1655,60,Mujer,9.4,143,44.3,104,0,1,-2.18,36,0
1656,56,Hombre,6.2,107,40.8,NA,0,0,-1.76,36,0
1657,46,Hombre,8.7,114,57.8,157,1,1,0.92,36,0
1658,72,Mujer,9.9,163,55.7,782,1,0,-4.5,36,0
1659,63,Hombre,7.9,128,44.6,NA,0,0,-2.08,36,0
1660,70,Mujer,8,137,40.1,NA,1,0,-3.83,36,0
1661,74,Hombre,7.6,144,35.3,125,0,0,-2.8,36,0
1662,60,Hombre,7.7,148,62.1,38,1,1,-1.04,36,0
1663,58,Mujer,9.7,145,51.7,33,0,0,-1.49,36,0
1664,62,Hombre,8.4,146,40.9,336,0,1,-0.25,36,0
1665,90,Mujer,8.9,139,42.3,NA,1,0,-4.26,36,0
1666,54,Hombre,NA,143,52.7,54,1,1,-1.64,36,0
1667,82,Hombre,NA,132,45.7,22,1,0,-2.21,36,0
1668,71,Hombre,6.8,124,48.9,54,0,0,-0.74,7.8,1
1669,59,Mujer,NA,NA,50.4,94,0,0,-2.16,36,0
1670,62,Hombre,6.8,144,45.1,NA,1,0,-2.37,36,0
1671,58,Hombre,5.7,134,55.9,243,1,0,-4.15,36,0
1672,80,Hombre,7.2,144,65.6,167,0,0,-3.29,36,0
1673,42,Mujer,9.3,145,59.9,22,0,1,0.25,36,0
1674,50,Hombre,7.6,157,55.7,83,1,1,-2.98,36,0
1675,72,Hombre,7,135,42,NA,0,0,-2.74,36,0
1676,46,Hombre,10.3,126,58.8,231,0,1,-3.39,36,0
1677,52,Hombre,8.1,142,56.1,91,0,0,-1.64,36,0
1678,45,Mujer,NA,145,38.4,58,0,0,-2.79,11.1,1
1679,58,Hombre,7.7,132,50.7,122,0,1,1.02,36,0
1680,66,Hombre,7.1,141,48.4,545,0,1,-1.17,36,0
1681,47,Hombre,8.2,158,63.3,172,0,1,-1.97,36,0
1682,69,Hombre,8,111,56.4,22,0,1,-1.44,36,0
1683,61,Mujer,8.5,NA,57,96,0,1,-1.47,36,0
1684,60,Mujer,7.8,112,52.4,NA,0,1,0.77,36,0
1685,71,Mujer,8.1,139,56,35,0,0,-2.59,36,0
1686,69,Hombre,7.9,155,32.2,NA,0,0,-3.51,36,0
1687,61,Hombre,7.8,125,47.5,NA,0,0,-1.76,36,0
1688,75,Mujer,7.6,124,41.4,429,0,0,-1.57,36,0
1689,65,Mujer,8.8,144,42.6,NA,0,0,-4.5,36,0
1690,60,Hombre,6.1,133,42.9,14,0,0,-2.89,36,0
1691,57,Mujer,6.4,128,45.9,766,0,1,-1.32,21.8,1
1692,61,Mujer,5.5,141,23.9,73,0,1,0.07,36,0
1693,64,Mujer,7.9,114,43.9,96,0,1,-0.67,36,0
1694,74,Hombre,9,136,41.7,80,0,0,-4.89,36,0
1695,60,Hombre,7.9,128,48,105,0,0,-3.63,36,0
1696,72,Hombre,8.2,148,60.2,91,0,0,-2.11,36,0
1697,62,Hombre,8.4,120,42,1135,0,1,-0.39,36,0
1698,47,Mujer,8,118,37.3,79,0,1,-0.89,36,0
1699,47,Hombre,NA,142,56.7,672,0,1,2.21,36,0
1700,57,Mujer,5.9,153,52.1,35,0,0,-1.15,36,0
1701,74,Mujer,8.5,135,40,62,0,1,0.98,36,0
1702,68,Hombre,6.9,129,46.7,74,0,1,-0.31,36,0
1703,56,Hombre,7.3,113,67.2,13,0,0,-1.14,36,0
1704,65,Hombre,6.1,137,53.4,44,1,1,0.32,36,0
1705,73,Mujer,7.3,164,42.3,NA,1,0,-4.91,36,0
1706,67,Mujer,6.4,137,50.1,62,1,0,-2.47,30.6,1
1707,69,Hombre,8.7,150,44.1,NA,0,0,-3.02,36,0
1708,67,Mujer,8.7,158,36.2,342,0,1,-3.48,36,0
1709,74,Mujer,NA,126,43.7,NA,0,0,-1.91,36,0
1710,74,Mujer,7.9,152,40.4,NA,0,1,-2.57,15.3,1
1711,68,Mujer,6.9,153,33.1,NA,1,0,-4.59,36,0
1712,64,Mujer,7.2,123,48.5,NA,1,0,-1.3,36,0
1713,62,Hombre,6.5,149,64.2,21,0,1,-1.23,36,0
1714,65,Hombre,7.6,137,38.9,NA,0,1,-1.48,36,0
1715,57,Hombre,8.2,134,61.5,14,0,1,0.82,36,0
1716,80,Mujer,8,150,32.8,NA,0,0,-3.86,35.5,1
1717,60,Hombre,7.5,143,44.6,25,0,0,-1.14,36,0
1718,53,Mujer,8.5,103,53.1,NA,0,1,0.01,36,0
1719,68,Hombre,7.1,150,51,148,0,0,-4.33,20.2,1
1720,56,Hombre,7.3,116,44.8,NA,0,1,-0.61,36,0
1721,77,Mujer,NA,149,52.7,NA,1,0,-5.2,36,1
1722,61,Hombre,7.3,153,31.6,215,1,1,-1.98,36,0
1723,57,Hombre,7.2,133,49.3,302,0,1,-1.4,8.1,1
1724,58,Mujer,6.4,137,50.7,197,0,0,-1.75,36,0
1725,51,Mujer,9.4,139,49.7,104,0,1,-3.92,7.2,1
1726,53,Hombre,7.5,123,57.9,22,1,0,-0.28,36,0
1727,60,Mujer,7.8,118,45.8,49,0,0,-2.31,36,0
1728,46,Hombre,7.8,139,67.7,9,0,1,-0.41,36,0
1729,67,Hombre,7.2,136,46.3,NA,0,1,1.43,36,0
1730,74,Mujer,7.9,112,35,58,0,0,-3.28,36,0
1731,51,Hombre,NA,137,43.2,133,0,1,-0.33,36,0
1732,69,Mujer,6.3,164,32.3,NA,0,0,-4.86,31.2,1
1733,60,Mujer,7.9,133,61.5,599,0,1,-2.35,36,0
1734,55,Hombre,8.1,108,52.1,123,1,0,-2.4,36,0
1735,90,Mujer,9.3,128,35.9,NA,0,0,-4.98,36,0
1736,75,Hombre,6.8,151,52.6,37,1,0,-1.16,36,0
1737,60,Hombre,NA,167,32.7,187,0,0,-2.44,36,0
1738,61,Mujer,8.8,114,47.5,659,0,0,-3.01,36,0
1739,62,Mujer,8.3,127,46.8,117,1,0,-1.49,36,0
1740,65,Hombre,6.3,110,46.5,35,1,0,-3.27,36,0
1741,55,Mujer,8.2,126,62.8,124,0,1,-0.99,36,0
1742,54,Hombre,7.1,135,46.8,58,0,0,-1.93,35.4,1
1743,68,Mujer,9.1,135,43.5,621,0,0,-1.75,34,1
1744,73,Hombre,NA,127,36.8,65,0,0,-1.85,36,0
1745,64,Hombre,7.5,127,42.8,NA,1,0,-1.87,36,0
1746,66,Mujer,7.3,134,54.3,213,0,0,-3.85,36,0
1747,54,Hombre,6.3,154,51.8,70,0,0,-0.39,36,0
1748,56,Hombre,7.7,130,46.4,155,0,0,-2.56,36,0
1749,67,Mujer,6.5,152,41.6,NA,1,0,-5.5,36,0
1750,58,Mujer,10.3,121,47,270,1,0,-5.61,36,0
1751,68,Hombre,5.9,143,36.5,147,0,0,-3.54,17.8,1
1752,55,Mujer,6.9,114,60.3,11,0,1,1.12,36,0
1753,47,Mujer,7.1,114,61.6,25,0,1,-0.67,36,0
1754,75,Hombre,6.4,125,40.4,65,0,0,-0.64,36,0
1755,76,Hombre,7.3,128,44.5,NA,0,0,-4.75,9.9,1
1756,58,Mujer,8.7,134,57.9,21,1,1,-0.46,36,0
1757,62,Hombre,9.9,146,42.9,224,0,0,-2.55,36,0
1758,88,Mujer,6.4,158,34.7,NA,0,0,-3.44,36,0
1759,67,Hombre,8.3,158,59.8,226,0,0,-2.88,36,0
1760,51,Mujer,9.2,147,49.9,181,0,1,-2.99,36,0
1761,72,Mujer,7.7,164,31.2,NA,0,1,-1.18,36,0
1762,63,Hombre,7.8,141,54.2,88,0,0,-4.44,36,0
1763,55,Hombre,9.4,133,35.1,NA,0,1,-0.37,36,0
1764,70,Mujer,6.2,113,34,57,0,1,1.42,36,0
1765,72,Mujer,9.2,132,54.3,123,0,0,-5.57,15.8,1
1766,63,Mujer,7.4,144,38.9,254,1,0,-4.35,32.7,1
1767,60,Hombre,6.9,169,56.3,584,0,1,0.63,36,0
1768,61,Hombre,8.8,132,43.1,44,0,0,-1.65,36,0
1769,63,Mujer,8.2,152,39.9,71,1,0,-2.61,36,0
1770,60,Hombre,6.6,142,37.2,NA,1,1,0.14,36,0
1771,65,Mujer,6.9,146,32.4,118,1,0,-4.53,36,0
1772,60,Mujer,6.6,128,43.4,114,0,0,-2.47,36,0
1773,60,Hombre,6.3,140,30.2,NA,0,1,-0.36,36,0
1774,53,Mujer,7.2,130,55.8,89,0,1,-0.15,36,0
1775,54,Mujer,8.3,123,56.7,45,0,1,-0.27,36,0
1776,52,Mujer,9.1,135,45.4,573,1,1,-2.24,2.5,1
1777,69,Hombre,9.1,137,50.3,NA,0,1,-0.78,36,0
1778,51,Mujer,6.7,144,52,50,1,1,-2.27,36,0
1779,84,Hombre,7.7,128,39.5,NA,0,0,-3.6,36,0
1780,85,Mujer,9.2,158,46.6,NA,1,0,-6.62,36,0
1781,64,Hombre,8,115,49.4,45,1,1,-2.5,2,1
1782,58,Hombre,9.3,118,43.7,694,0,0,-3.91,36,0
1783,68,Mujer,NA,128,43.1,118,0,0,-3.67,36,0
1784,65,Hombre,9.1,131,51.7,278,0,0,-0.61,36,0
1785,81,Mujer,8.8,141,35.5,95,1,0,-4.7,34.8,1
1786,59,Hombre,7.5,117,53.7,275,1,0,-2.83,2.1,1
1787,56,Hombre,5.6,142,51.9,61,1,1,-1.6,36,0
1788,67,Mujer,5.5,157,31.3,NA,0,1,-0.52,36,0
1789,68,Hombre,9.6,114,52.4,139,0,0,-0.78,36,0
1790,60,Hombre,5.7,142,36,681,1,0,-2.82,36,0
1791,38,Mujer,9.8,144,61.7,228,1,1,-0.18,36,0
1792,65,Hombre,7.3,137,43.4,NA,0,0,-4.15,4.4,1
1793,77,Hombre,7.4,159,41.9,115,0,1,-2,36,0
1794,62,Hombre,NA,NA,58.4,194,0,0,-4.75,18.4,1
1795,64,Mujer,8.1,147,44.7,NA,0,0,-5.2,36,0
1796,67,Mujer,NA,137,48.3,73,1,1,-2.62,36,0
1797,64,Mujer,NA,125,41.8,275,0,0,-2.29,36,0
1798,84,Hombre,7.9,138,37.4,NA,1,1,-3.49,36,0
1799,63,Hombre,7.4,135,41,49,0,1,-3.31,36,0
1800,66,Mujer,9.2,126,46,44,0,0,-3.52,36,0
1801,60,Hombre,7.8,113,47.8,46,0,1,-2.73,36,0
1802,72,Mujer,7,167,46.3,NA,0,0,-3.93,36,0
1803,83,Mujer,9.4,172,43.7,NA,0,0,-5.29,8,1
1804,72,Hombre,8,148,38.9,NA,0,0,-3.02,36,0
1805,70,Hombre,8.5,125,35.4,NA,1,0,-2.03,6.1,1
1806,62,Mujer,7.3,146,45.5,NA,0,1,-3.76,36,0
1807,76,Hombre,9.2,140,34.5,NA,1,0,-4.67,3.7,1
1808,58,Hombre,7.7,151,48,34,0,1,-1.1,36,0
1809,57,Mujer,7.8,135,50.1,127,0,1,-1.04,36,0
1810,72,Hombre,8.8,121,48.1,NA,1,0,-2.16,36,0
1811,70,Hombre,9.2,140,47.3,NA,0,1,-1.15,36,0
1812,51,Mujer,7.4,NA,52.6,595,0,0,-3.27,36,0
1813,59,Mujer,8.2,152,54.9,NA,0,0,-3.1,36,0
1814,68,Mujer,8,134,51.4,151,0,1,-1.52,36,0
1815,64,Mujer,9.3,129,50.8,223,1,0,-2.29,36,0
1816,70,Hombre,6.4,150,63.6,NA,0,1,-2.13,36,0
1817,63,Mujer,7.7,156,51.8,296,1,1,-3.58,36,0
1818,70,Hombre,8.5,NA,32.6,195,0,1,-2.67,36,0
1819,73,Mujer,5.7,148,57.7,146,0,1,-2.06,36,0
1820,56,Mujer,6.6,135,54.2,163,0,0,-0.86,36,0
1821,65,Mujer,8.9,156,54,262,0,1,-1.82,36,0
1822,58,Hombre,6.9,142,34.3,161,0,0,-4.26,0.5,1
1823,71,Hombre,9.3,153,43.3,318,0,1,-2.39,36,0
1824,62,Hombre,7,114,43.9,26,0,0,-1.65,36,0
1825,70,Hombre,6.3,121,45.5,72,0,0,-1.33,36,0
1826,49,Mujer,7.7,147,61.7,19,0,1,-1.9,36,0
1827,80,Mujer,8.1,145,41.7,297,0,0,-3.52,36,0
1828,50,Hombre,8.6,137,60.2,175,0,0,-2.24,36,0
1829,57,Mujer,8.6,148,53,NA,1,1,-0.64,36,0
1830,68,Hombre,7.9,152,40.4,NA,0,1,-2.12,36,0
1831,59,Hombre,7,133,37.1,59,1,1,-0.19,36,0
1832,67,Mujer,9.1,123,39.4,NA,0,0,-3.69,36,0
1833,50,Hombre,5.9,154,47,6,0,0,1.5,36,0
1834,57,Mujer,NA,159,42.2,311,0,0,-4.1,7.9,1
1835,40,Hombre,10.1,115,65.7,71,0,1,0.16,36,0
1836,65,Mujer,7.7,157,50.4,229,0,0,-1.87,36,0
1837,51,Mujer,6.7,161,75,327,0,1,0.32,36,0
1838,66,Mujer,7.9,151,43.5,157,0,0,-3.19,36,0
1839,60,Mujer,8.6,154,47.9,87,0,0,-5.1,36,0
1840,73,Hombre,8.5,158,35.8,394,0,0,-2.38,36,0
1841,57,Mujer,7.8,138,37.5,30,0,0,-3.02,36,0
1842,64,Hombre,8.1,113,45.4,76,0,1,1.75,36,0
1843,69,Mujer,6,135,46.8,NA,1,0,-4.11,36,0
1844,53,Mujer,NA,142,74.8,75,0,1,-0.78,36,0
1845,62,Mujer,7.3,126,56,339,0,1,0.84,36,0
1846,59,Mujer,9,143,42.2,179,0,1,-1.9,9.2,1
1847,60,Hombre,8.7,161,45,142,0,1,-1.67,2.5,1
1848,78,Hombre,6.6,168,37,NA,1,0,-6.11,29.7,1
1849,72,Mujer,8,NA,39.5,202,0,0,-3.19,36,0
1850,84,Mujer,6.1,147,35.7,NA,0,0,-2.7,36,0
1851,67,Hombre,7.2,120,55.9,663,0,1,-2.18,36,0
1852,64,Hombre,8,127,48.4,60,1,0,-3.64,36,0
1853,45,Mujer,8.8,139,40.5,90,0,1,1.88,36,0
1854,86,Hombre,9.4,134,22.7,NA,1,0,-5.59,32.8,1
1855,65,Mujer,NA,144,40.2,234,1,0,-1.59,36,0
1856,47,Hombre,7,127,50.1,100,0,1,-1.45,36,0
1857,72,Mujer,6.7,157,54.8,NA,0,1,-1.28,36,0
1858,59,Hombre,7.6,123,60,434,0,1,-0.79,36,0
1859,67,Hombre,8.8,NA,52.2,102,0,0,-4.3,36,0
1860,67,Mujer,6.7,129,48.9,44,0,0,-2.9,36,0
1861,69,Hombre,7.1,119,25,NA,0,0,-2.78,1.5,1
1862,53,Mujer,NA,124,47.1,216,0,1,1.54,36,0
1863,67,Hombre,5.6,143,41.9,NA,0,0,-1.02,36,0
1864,54,Hombre,6.2,109,38.6,32,1,0,-1.92,36,0
1865,72,Mujer,7.7,140,46,51,0,0,-1.67,36,0
1866,66,Hombre,8,164,45.7,1127,0,0,-4.63,36,0
1867,67,Hombre,9.6,123,47.1,227,0,1,-1.35,36,0
1868,62,Hombre,8.3,131,43.1,4315,0,1,0.2,36,0
1869,40,Hombre,8.1,122,49.9,218,0,1,-0.46,36,0
1870,48,Hombre,10.1,134,56.5,70,0,0,0.76,36,0
1871,66,Hombre,9.2,150,59.1,NA,0,1,-2.19,36,0
1872,48,Hombre,8.9,143,48,678,0,1,-1.86,36,0
1873,56,Mujer,6.6,134,54.1,187,1,1,-0.33,36,0
1874,73,Hombre,9.7,NA,40.1,NA,0,0,-5.58,29,1
1875,50,Mujer,7.6,150,40.9,112,0,1,-0.99,36,0
1876,73,Mujer,7,115,52.5,23,0,0,-1.25,36,0
1877,62,Hombre,8.6,NA,53.2,79,0,1,-3.55,36,0
1878,78,Hombre,7.6,158,39.5,59,0,0,-1.78,36,0
1879,64,Mujer,8.4,99,42.7,25,0,0,-2.9,36,0
1880,54,Hombre,7.3,145,56.7,69,0,1,-0.82,14.9,1
1881,65,Hombre,NA,127,42.1,522,0,0,-5.2,36,0
1882,70,Hombre,NA,123,54.4,NA,0,1,-1.79,31.6,1
1883,65,Hombre,8.4,118,51.5,120,1,1,-1,36,0
1884,54,Mujer,8.9,111,40.6,28,1,1,-0.42,36,0
1885,69,Mujer,8.7,136,27.9,NA,1,0,-3.44,28.6,1
1886,43,Mujer,6.6,120,51.3,124,0,1,-1.52,36,0
1887,68,Hombre,6.7,150,42.1,151,0,0,-3.76,36,0
1888,71,Hombre,8.8,144,49.2,871,1,1,-1.39,36,0
1889,69,Mujer,7.9,148,51.2,890,0,1,-0.71,36,0
1890,75,Hombre,9.3,143,59.2,355,1,1,-1.42,36,0
1891,51,Mujer,6.8,114,38.3,NA,0,0,-1.52,36,0
1892,40,Mujer,6,137,70.5,11,0,1,3.33,36,0
1893,53,Hombre,6.5,139,65.8,308,0,1,1.55,36,0
1894,74,Mujer,8.9,109,41.5,130,0,0,-2.46,36,0
1895,61,Hombre,8.5,156,52,312,1,1,-2.6,36,0
1896,58,Hombre,8.3,145,46.6,NA,1,1,-1.62,36,0
1897,68,Mujer,9,123,34.3,255,0,0,-3.71,1.3,1
1898,62,Mujer,8.8,110,57,19,1,0,-5,36,0
1899,70,Hombre,10,142,41.3,NA,0,1,-3.04,36,0
1900,76,Hombre,NA,113,40.6,114,0,0,-2.69,3.7,1
1901,57,Mujer,10.7,112,47.2,74,0,1,-2.05,36,0
1902,63,Hombre,7.5,133,47.6,32,0,0,-1.28,36,0
1903,58,Mujer,7.5,119,65.8,65,0,1,-1.03,36,0
1904,56,Mujer,5.5,140,61.2,35,0,0,-0.45,36,0
1905,60,Mujer,8.5,138,50.5,210,0,1,-2.29,36,0
1906,65,Mujer,7.7,132,60,109,0,1,-4.11,36,0
1907,71,Mujer,9.2,145,36.4,NA,1,0,-4.59,32.8,1
1908,68,Hombre,7.7,122,56.6,128,0,0,-1.28,36,0
1909,66,Mujer,8.2,119,45.8,10,1,0,0.13,36,0
1910,70,Hombre,6.9,130,39.8,NA,1,0,-3.8,36,0
1911,69,Mujer,8,124,56.5,64,1,1,-3.46,36,0
1912,61,Mujer,9.1,121,47.4,NA,0,0,-1.52,36,0
1913,65,Mujer,10.4,144,44.9,NA,0,0,-6.48,28.6,1
1914,58,Mujer,7.6,149,42.9,119,1,1,-1.88,36,0
1915,43,Hombre,7.8,158,58.9,815,1,1,-1.14,36,0
1916,79,Mujer,10.1,141,45.2,256,0,0,-2.69,22.2,1
1917,74,Mujer,8.4,145,57.4,NA,1,0,-4.55,36,0
1918,46,Hombre,8.6,133,48.2,61,0,1,-0.59,36,0
1919,53,Mujer,6.6,124,37.9,42,1,0,-1.15,36,0
1920,60,Mujer,5.8,135,55,87,1,0,-0.61,20.8,1
1921,73,Mujer,7.9,NA,35.5,89,0,0,-2.63,36,0
1922,71,Hombre,7.1,NA,53.1,223,0,1,0.12,36,0
1923,54,Hombre,7.8,141,56.2,60,0,1,-1.29,36,0
1924,62,Hombre,7.9,NA,47.7,66,1,1,-3.02,4.8,1
1925,59,Mujer,7.4,159,54.1,NA,0,0,-3.02,36,0
1926,57,Hombre,NA,151,54.4,NA,0,1,0.06,36,0
1927,71,Hombre,7.4,121,34.2,NA,0,0,-4.37,36,0
1928,57,Mujer,8.2,133,31.6,253,1,1,-1.59,36,0
1929,62,Hombre,7.8,143,40.1,NA,0,0,-2.76,36,0
1930,58,Mujer,NA,151,42.1,138,1,1,-2.1,36,0
1931,87,Hombre,7.3,148,51.6,21,0,0,-0.88,36,0
1932,54,Hombre,6.6,135,30.1,14,0,0,-2.05,36,0
1933,72,Mujer,NA,NA,41.8,42,1,0,-3.37,36,0
1934,66,Mujer,5.9,145,50.8,94,0,0,-0.95,36,0
1935,76,Mujer,9.3,146,43.7,125,0,0,-4.27,36,0
1936,58,Mujer,7.2,127,40.7,63,1,1,-0.19,36,0
1937,72,Hombre,8.2,118,57.7,85,1,0,-1.75,36,0
1938,64,Mujer,7.7,125,43.5,85,1,1,-1.09,36,0
1939,56,Hombre,7.5,130,44.8,NA,0,1,-4.17,36,0
1940,61,Mujer,9.9,134,45.2,NA,0,1,-2.11,36,0
1941,63,Hombre,8.6,146,71,NA,0,1,-1.9,36,0
1942,70,Mujer,7.4,126,49.1,NA,0,1,0.07,36,0
1943,58,Hombre,8.3,113,49.6,322,0,1,-0.69,36,0
1944,66,Mujer,8.8,132,40.4,539,0,1,-2.98,22.2,1
1945,39,Hombre,6.4,123,63.2,255,1,1,0.63,36,0
1946,65,Hombre,6.8,150,64.3,137,0,0,-3.81,36,0
1947,50,Hombre,9.8,133,61.6,244,0,1,-1.06,36,0
1948,65,Mujer,5.6,139,42.7,NA,1,1,-0.21,24.2,1
1949,72,Mujer,7.9,123,37.3,NA,0,0,-2.94,36,0
1950,79,Hombre,8.3,137,41.2,18,0,0,-1.54,36,0
1951,66,Hombre,NA,143,30.7,NA,0,1,-1.39,36,0
1952,75,Mujer,7.6,140,37.8,133,0,0,-3.42,30.4,1
1953,63,Hombre,7.9,146,51.7,84,0,0,-0.91,36,0
1954,50,Mujer,7.4,150,50.8,74,0,0,-2.16,36,0
1955,71,Hombre,8.3,163,23.9,NA,1,0,-4.42,19.6,1
1956,85,Mujer,7.6,150,47.1,21,1,0,-3.4,2.5,1
1957,64,Hombre,9.2,173,26.4,NA,1,1,-2.29,28,1
1958,59,Hombre,7,151,53.7,NA,1,0,-1.6,36,0
1959,66,Mujer,6.3,119,50.5,344,0,1,1.07,36,0
1960,51,Mujer,8.4,145,58.9,342,0,1,-1.35,36,0
1961,46,Hombre,7.9,110,47.8,76,0,1,0.01,36,0
1962,73,Mujer,NA,132,48,NA,0,0,-4.03,6.2,1
1963,65,Hombre,8.9,137,52.8,170,1,0,-4.69,36,0
1964,47,Mujer,9.6,120,55.4,95,1,0,-3.28,36,0
1965,67,Hombre,7,140,31.5,NA,1,0,-1.93,36,0
1966,72,Hombre,9.5,NA,41.3,NA,1,0,-4.99,33.1,1
1967,50,Hombre,6.5,120,69.5,22,0,0,1.37,36,0
1968,83,Hombre,7.8,146,42.5,NA,1,0,-3.94,6,1
1969,77,Mujer,6.6,114,37.8,NA,0,0,-3.48,1.3,1
1970,75,Hombre,7.8,132,46.7,22,1,0,-2.04,36,0
1971,64,Hombre,7.7,142,34.5,NA,0,1,-0.84,36,0
1972,56,Hombre,NA,128,39.8,NA,0,1,-1.74,36,0
1973,56,Hombre,8,137,42.5,291,1,0,-3.7,36,0
1974,52,Mujer,8.8,124,65.4,150,0,0,-4.31,36,0
1975,73,Mujer,8,141,31.2,160,0,0,-2.74,36,0
1976,63,Hombre,NA,115,51.2,73,0,0,-1.41,36,0
1977,59,Hombre,7.1,129,45.7,55,0,0,-2.34,36,0
1978,56,Hombre,7.1,134,38.5,305,1,1,-1.92,36,0
1979,84,Mujer,9.4,134,37.2,NA,1,0,-4.21,36,0
1980,67,Hombre,7.9,145,49.8,22,0,1,-0.84,36,0
1981,62,Mujer,7.1,127,60.1,62,0,1,0.53,36,0
1982,80,Hombre,6.5,131,38.3,211,0,1,-1.31,36,0
1983,55,Hombre,7.8,123,51.2,102,0,1,-0.73,36,0
1984,43,Mujer,11,132,61.5,161,0,1,-1.27,36,0
1985,72,Hombre,6.3,123,50.4,NA,0,0,-1.72,36,0
1986,49,Hombre,NA,133,39.6,55,0,1,0.18,36,0
1987,46,Mujer,NA,171,54.8,105,0,1,-0.32,36,0
1988,59,Mujer,7.6,121,34.1,NA,0,1,0.43,36,0
1989,74,Hombre,9,139,32.6,NA,1,1,-2.27,36,0
1990,52,Mujer,7,124,56.9,143,0,1,-0.28,36,0
1991,83,Mujer,NA,NA,44.4,37,1,0,-2.09,36,0
1992,64,Hombre,7.8,140,49.3,463,1,1,-3.09,36,0
1993,63,Hombre,7.9,127,60.4,97,0,0,0.94,36,0
1994,78,Mujer,6.7,146,34.1,NA,1,0,-4.88,21.7,1
1995,47,Mujer,6.7,118,51.2,49,0,0,-0.98,36,0
1996,68,Hombre,6.6,164,45.8,NA,1,1,-2,36,0
1997,67,Mujer,10.3,147,62.2,104,0,1,-3.25,36,0
1998,49,Mujer,8.2,155,41.6,41,0,0,-0.75,36,0
1999,54,Hombre,9,117,52.5,34,0,1,-1.03,3.2,1
2000,90,Mujer,7.9,NA,47.9,NA,0,0,-2.98,36,0
2001,77,Hombre,8.6,110,40.7,NA,0,1,-0.45,36,0
2002,70,Mujer,6.6,161,56.3,95,0,1,-0.33,36,0
2003,57,Mujer,10.7,129,41.2,NA,0,1,-1.54,36,0
2004,79,Mujer,7.9,132,52.1,128,0,0,-0.12,2,1
2005,67,Mujer,9.6,130,36.3,NA,1,1,-2.12,36,0
2006,49,Hombre,NA,128,58,100,0,1,-0.44,36,0
2007,70,Hombre,8.8,137,35.2,433,1,1,-2.5,32.1,1
2008,64,Hombre,8.6,114,37.2,16,1,0,-1.92,36,0
2009,63,Hombre,7.7,138,55.3,21,0,1,-2.36,36,0
2010,67,Hombre,8.7,121,47.7,351,0,1,-0.89,36,0
2011,69,Mujer,8.5,115,55,NA,0,1,-1.06,36,0
2012,66,Hombre,7.1,133,43.6,171,0,0,-1.46,36,0
2013,60,Hombre,10.2,124,36.5,167,0,1,-3.68,28.7,1
2014,69,Hombre,6.4,151,32.4,NA,0,0,-1.63,36,0
2015,73,Mujer,8.7,144,35.2,457,1,0,-3.06,36,0
2016,64,Mujer,8.7,140,40,NA,0,0,-2.63,11.2,1
2017,67,Mujer,7.2,110,46.9,151,0,0,-2.38,36,0
2018,66,Mujer,6.6,115,48.7,92,0,0,-1.57,36,0
2019,59,Hombre,5.8,119,48.2,29,1,0,-2.88,36,0
2020,60,Hombre,9.3,109,47.4,302,0,1,-1.68,22.1,1
2021,66,Mujer,9.4,125,53.8,368,0,1,0.74,36,0
2022,74,Hombre,8.3,129,49.1,150,0,0,-2.82,36,0
2023,42,Hombre,9.4,135,47.3,74,0,1,-0.84,36,0
2024,51,Hombre,8.1,132,65.6,62,0,1,-0.76,36,0
2025,48,Mujer,5.5,139,41.1,147,0,1,-1.34,36,0
2026,79,Mujer,8.3,148,48.3,NA,0,0,-4.46,36,0
2027,61,Hombre,8.2,163,42,NA,0,1,-2.37,36,0
2028,82,Hombre,5.5,129,28,NA,1,0,-3.68,36,0
2029,54,Mujer,7.6,118,54.2,284,0,1,1.21,36,0
2030,68,Hombre,7.8,132,36.9,124,0,0,-3.8,26.7,1
2031,45,Mujer,7.5,140,52.7,102,0,1,-0.82,36,0
2032,74,Mujer,8.8,133,50.8,NA,0,1,-2.85,36,0
2033,71,Mujer,8.7,113,39.7,NA,1,1,-0.01,36,0
2034,74,Mujer,NA,143,57.1,476,0,1,-2.61,36,0
2035,63,Mujer,NA,132,58,113,0,0,-1.09,36,0
2036,75,Mujer,NA,131,46.7,529,0,1,-0.96,36,0
2037,66,Hombre,7,135,68.6,680,0,0,-0.76,36,0
2038,55,Hombre,7.7,138,50.5,1561,0,1,-0.1,36,0
2039,66,Mujer,5.7,111,45.5,NA,1,0,-0.26,36,0
2040,73,Hombre,8,107,35.9,NA,1,1,-0.02,36,0
2041,69,Hombre,9.9,126,40.7,NA,0,1,-3.65,36,0
2042,48,Mujer,7.7,141,43.8,100,0,0,-1.42,36,0
2043,54,Mujer,9.5,118,60.7,78,0,0,-0.95,36,0
2044,54,Mujer,8.4,156,50,252,0,1,-1.13,36,0
2045,52,Mujer,7.7,155,56.9,695,0,1,0.6,20,1
2046,68,Mujer,9,144,47.4,155,1,1,0.1,21.3,1
2047,56,Hombre,6.7,126,41.3,63,1,0,-0.48,36,0
2048,70,Hombre,8.6,122,20,NA,0,1,-1.36,36,0
2049,45,Hombre,6.6,132,54.1,204,0,1,2.17,22.7,1
2050,78,Hombre,NA,128,44.9,NA,1,0,-6.07,36,0
2051,62,Mujer,7.9,142,46.2,NA,0,0,-1.85,36,0
2052,72,Hombre,10.5,150,37.8,392,0,1,-2.31,36,0
2053,59,Mujer,8.3,135,35.2,5106,0,1,-2.78,5.5,1
2054,63,Mujer,7.4,115,45.8,36,1,0,-3.03,36,0
2055,67,Mujer,8.9,126,41.2,31,1,0,-3.01,36,0
2056,62,Hombre,6.7,109,57.7,75,0,1,0.16,36,0
2057,57,Mujer,8.6,139,44.4,NA,0,1,-0.92,36,0
2058,65,Hombre,8.1,117,46.8,122,0,0,-2.16,36,0
2059,64,Hombre,9.1,162,51.6,254,0,0,-1.78,36,0
2060,71,Mujer,7.7,135,46.2,NA,0,0,-3.89,36,0
2061,76,Mujer,NA,136,24.9,70,0,0,-1.94,36,0
2062,74,Hombre,7.6,NA,49.3,87,1,1,-1.5,36,0
2063,72,Mujer,8.7,136,60.7,28,0,0,-3.18,36,0
2064,76,Hombre,8.1,155,38.4,1147,0,0,-2.79,36,0
2065,60,Mujer,7.2,126,54.5,71,0,0,0.27,36,0
2066,56,Hombre,8,144,58.9,110,0,0,-3.58,36,0
2067,70,Mujer,NA,141,28.7,157,0,1,-0.89,36,0
2068,60,Hombre,9.1,109,43.8,716,1,1,1.27,36,0
2069,90,Hombre,6.1,150,45.3,NA,1,0,-2.48,36,0
2070,53,Hombre,8.7,129,58.7,226,0,1,-0.34,36,0
2071,55,Hombre,7.4,123,35.5,NA,0,0,0.7,25,1
2072,79,Mujer,8.2,135,39.2,20,1,0,-2.95,36,0
2073,52,Mujer,7.8,117,55.9,361,0,1,0.72,36,0
2074,64,Mujer,7.4,128,54.3,105,0,0,-0.68,36,0
2075,88,Mujer,7,143,46.8,NA,0,0,-2.64,36,0
2076,77,Mujer,8.3,120,50.1,75,0,0,-1.3,36,0
2077,59,Hombre,9.5,153,40.6,NA,1,1,-5.65,21.5,1
2078,62,Mujer,8.5,146,28.6,NA,0,1,-1.42,36,0
2079,62,Mujer,9.2,124,33.7,39,0,0,0.45,36,0
2080,53,Hombre,8.4,139,39.1,76,1,0,-1.56,36,0
2081,50,Hombre,5.5,112,62.6,41,0,1,0.69,36,0
2082,66,Hombre,9.6,153,47.5,87,0,1,-0.69,36,0
2083,58,Hombre,NA,133,44.3,NA,0,0,-1.51,36,0
2084,64,Hombre,8.4,144,42.8,1011,0,1,-1.45,36,0
2085,60,Mujer,7.5,136,48,447,0,1,1.78,36,0
2086,37,Hombre,8.7,128,68.2,548,0,1,1.23,36,0
2087,53,Hombre,6.8,128,45.2,537,1,1,-0.7,36,0
2088,61,Hombre,7.2,135,30.1,NA,0,1,-1.8,36,0
2089,72,Hombre,7.8,144,42.8,NA,0,1,-0.59,36,0
2090,73,Hombre,7.7,NA,41.3,NA,0,0,-4.94,4.1,1
2091,44,Hombre,8.6,120,49.5,799,0,1,-0.41,36,0
2092,75,Hombre,7.3,125,37.9,NA,0,0,-3.25,12.4,1
2093,76,Mujer,9.6,150,51.8,586,0,1,-1.51,36,0
2094,54,Hombre,8.5,NA,41.1,NA,0,1,1.69,36,0
2095,67,Mujer,7.8,137,31.7,NA,0,0,-1.95,36,0
2096,66,Hombre,9.8,145,45.1,220,1,0,-1.34,36,0
2097,70,Hombre,7.9,102,37.9,NA,1,1,-1.88,36,0
2098,73,Hombre,6.5,143,40.9,NA,1,1,-0.41,36,0
2099,77,Mujer,6.8,141,41.7,NA,0,0,-1.96,36,0
2100,67,Mujer,7.5,NA,53,633,0,0,-5.44,36,0
2101,72,Mujer,7.8,161,38.7,NA,0,0,-5.56,14,1
2102,82,Hombre,5.9,158,44.7,79,0,1,-2.27,36,0
2103,74,Mujer,8.6,119,48.2,NA,1,1,-4.21,6.4,1
2104,72,Mujer,NA,NA,41.7,NA,1,0,-4.05,36,0
2105,85,Mujer,8.1,152,37.6,NA,0,0,-4.82,36,0
2106,57,Mujer,5.5,143,50.3,112,0,1,0.86,36,0
2107,71,Mujer,8.6,142,30.8,188,0,0,-1.07,36,0
2108,90,Hombre,8.2,150,36.2,NA,0,0,-3.53,36,0
2109,56,Mujer,10.8,145,29.7,461,0,1,0.08,36,0
2110,68,Hombre,9.6,136,48.1,62,0,0,-3.97,36,0
2111,48,Hombre,7.2,124,55.9,85,1,1,-1.52,36,0
2112,73,Mujer,8.7,127,62.1,52,0,0,-0.4,36,0
2113,57,Hombre,8.7,116,41.1,100,1,1,-2.49,36,0
2114,66,Hombre,6.8,123,25.1,NA,0,0,-4.63,36,0
2115,77,Hombre,6.8,155,45.1,NA,1,0,-3.43,36,0
2116,53,Hombre,9.2,123,34.5,NA,0,0,-2.2,36,0
2117,54,Hombre,7.3,114,44.5,38,0,1,0.85,36,0
2118,74,Hombre,9.3,128,31.1,NA,1,0,-7.07,3.2,1
2119,59,Hombre,6.4,161,43.9,NA,0,1,-0.75,36,0
2120,62,Hombre,7.4,134,40.4,130,1,1,-0.76,36,0
2121,59,Hombre,5.5,141,51.7,102,1,0,-2.19,36,0
2122,57,Hombre,7.3,142,43.2,NA,0,0,-2.86,36,0
2123,70,Hombre,5.5,136,52.6,NA,0,1,-0.48,36,0
2124,74,Hombre,7.2,128,57.7,NA,0,0,-2.68,36,0
2125,62,Hombre,6.9,154,63.1,1307,0,1,-1.09,36,0
2126,67,Hombre,8.1,120,58.4,121,1,1,-3.42,36,0
2127,49,Hombre,8.9,123,53.8,107,0,1,0.57,36,0
2128,76,Hombre,6.2,130,57.8,11,1,0,-2.02,36,0
2129,65,Hombre,7.4,NA,49.8,NA,1,0,-0.86,36,0
2130,58,Hombre,NA,148,52.7,82,0,1,0.27,36,0
2131,70,Hombre,8,159,40.5,NA,1,1,-2.92,12.6,1
2132,79,Mujer,6.8,131,54.9,49,1,1,-2.5,36,0
2133,70,Mujer,10,123,46.9,144,1,1,-3.91,36,0
2134,64,Mujer,6.2,144,50.8,84,0,1,0.49,36,0
2135,73,Mujer,9.2,150,34,1050,0,1,-1.14,2.1,1
2136,61,Mujer,7.7,119,52,107,0,0,-0.34,36,0
2137,53,Mujer,8.7,117,42.8,NA,1,1,-0.46,36,0
2138,53,Hombre,9.1,132,49.6,371,0,1,-2.94,36,0
2139,61,Hombre,7.2,141,45.7,NA,0,0,-3.89,36,0
2140,54,Hombre,6.7,138,49.1,150,0,1,0.45,36,0
2141,62,Hombre,6.4,151,42.2,214,0,1,-0.52,36,0
2142,72,Hombre,9.2,NA,46.4,NA,0,1,-1.13,36,0
2143,77,Hombre,10.2,149,35.1,513,0,0,-3.97,36,0
2144,52,Mujer,7.3,129,39.2,NA,0,0,-2.1,36,0
2145,67,Mujer,7.7,138,38.9,456,0,1,-0.23,30.7,1
2146,56,Hombre,7.7,135,62.2,142,0,1,0.07,36,0
2147,59,Hombre,NA,152,53.5,NA,0,1,-0.27,36,0
2148,44,Mujer,7.2,142,55.9,382,0,1,-1.2,36,0
2149,71,Hombre,7.2,158,52.1,588,1,0,-4.12,36,0
2150,77,Mujer,8.6,140,30.5,NA,0,0,-4.95,36,0
2151,47,Hombre,6.5,105,55.7,NA,0,1,-0.78,36,0
2152,54,Mujer,7.3,147,38.6,240,0,1,-1.76,36,0
2153,65,Hombre,8.2,143,48.5,13,0,0,-3.24,36,0
2154,46,Mujer,NA,114,45.4,NA,0,1,-1.34,14.4,1
2155,86,Mujer,7.7,148,38.3,NA,0,0,-2.16,36,0
2156,50,Hombre,8,120,48.1,467,0,1,1.08,36,0
2157,88,Hombre,8.4,151,39.5,NA,0,0,-4.09,36,0
2158,66,Hombre,8.9,179,44.9,127,1,0,-3.78,36,0
2159,54,Hombre,8.5,137,50,212,0,1,-3.48,36,0
2160,47,Mujer,7.2,160,63.2,NA,0,0,-3.11,36,0
2161,64,Mujer,7.8,115,48.4,555,1,1,-0.58,36,0
2162,67,Mujer,NA,146,25.2,NA,1,0,-2.84,36,0
2163,67,Mujer,7.1,152,57.5,285,0,1,-2.51,36,0
2164,76,Hombre,8.9,152,41.1,NA,0,1,-2.06,36,0
2165,67,Mujer,8.6,120,40.2,444,0,1,-2.03,30.7,1
2166,86,Hombre,NA,141,51.2,41,1,0,-5.05,36,0
2167,57,Hombre,9.1,114,59.3,77,0,1,-0.74,36,0
2168,49,Hombre,7.9,139,48.1,371,0,1,-0.8,36,0
2169,56,Hombre,8.4,120,45.9,13,1,0,-1.39,36,0
2170,76,Hombre,6.1,NA,45.1,NA,1,0,-2.09,36,0
2171,66,Mujer,9.4,130,38.3,150,0,0,-2.06,7.8,1
2172,71,Mujer,7.7,141,49.9,NA,1,0,-2,36,0
2173,70,Mujer,7.1,NA,53.4,100,1,1,-0.4,23.8,1
2174,54,Hombre,9,134,53.3,76,0,0,-2.34,36,0
2175,55,Hombre,8,145,66.2,83,0,1,0.51,36,0
2176,52,Hombre,7.4,NA,55.5,131,0,1,-1.17,36,0
2177,71,Hombre,7.6,117,46.1,146,1,0,-1.98,36,0
2178,45,Hombre,8.5,NA,51.1,558,0,1,1.53,36,0
2179,86,Hombre,7.9,154,30.5,NA,0,0,-7.17,3.7,1
2180,69,Mujer,8.3,114,48.2,38,0,1,0.2,36,0
2181,72,Hombre,7.4,116,46,NA,1,0,-3.37,36,0
2182,74,Mujer,6.3,145,41.3,73,0,0,-2.83,36,0
2183,65,Mujer,7.2,144,40,NA,1,1,-3.2,36,0
2184,53,Mujer,7.5,129,56,21,0,0,-1.7,36,0
2185,66,Hombre,7.4,133,36.9,57,0,1,0.75,36,0
2186,61,Hombre,6.4,158,45.2,NA,0,0,-3.95,36,0
2187,66,Mujer,9.5,126,34.5,28,0,0,-3.24,36,0
2188,48,Hombre,8.1,105,49.2,45,0,0,-0.58,36,0
2189,54,Mujer,6.3,160,38.7,175,0,1,-2.79,36,0
2190,53,Hombre,9.3,127,60.4,95,0,1,-0.6,36,0
2191,50,Mujer,10.5,131,52.1,2478,0,1,-0.3,36,0
2192,43,Mujer,NA,105,40.2,412,0,1,0.76,36,0
2193,67,Mujer,7.7,153,41.5,175,1,1,-1.05,29.8,1
2194,45,Hombre,6,132,55.8,17,0,0,-0.4,36,0
2195,67,Mujer,8.4,141,46.8,155,0,1,-2.49,36,0
2196,44,Mujer,7.4,148,43.8,36,0,1,-2.5,36,0
2197,56,Hombre,11.2,129,50.7,544,0,1,-0.72,36,0
2198,68,Hombre,NA,129,43.4,NA,0,0,-3.26,36,0
2199,50,Mujer,7,167,43,30,0,0,-2.93,36,0
2200,45,Mujer,5.6,131,53.2,NA,0,1,0.61,36,0
2201,57,Hombre,8,138,39.5,202,0,1,-1.71,31.6,1
2202,71,Mujer,8.3,159,56.1,NA,0,0,-2.77,36,0
2203,57,Mujer,9.3,139,42.5,254,0,0,-4.47,2.2,1
2204,46,Hombre,8.4,127,45.8,43,0,0,-1.18,36,0
2205,55,Hombre,7.9,125,49.8,37,1,0,-1.67,36,0
2206,62,Mujer,8.8,139,50.7,292,1,1,-4.04,36,0
2207,67,Hombre,7.8,134,43.9,27,0,1,0.15,36,0
2208,43,Hombre,8,143,50.7,NA,1,1,-1.94,36,0
2209,63,Mujer,6.9,147,49.4,219,0,1,-0.68,36,0
2210,83,Hombre,7.2,141,56.8,NA,0,0,-2.87,36,0
2211,62,Hombre,6.2,139,57.5,215,0,1,-0.54,12.2,1
2212,66,Mujer,7,154,40,NA,1,1,-0.96,36,0
2213,90,Mujer,7.9,138,34.7,NA,1,0,-5.18,36,0
2214,74,Hombre,9.3,NA,33.7,NA,0,0,-2.98,13.9,1
2215,55,Mujer,6.2,120,66.2,33,1,1,-0.22,36,0
2216,62,Mujer,NA,134,54.1,66,0,1,-0.8,36,0
2217,68,Mujer,7.1,122,44.7,21,0,0,-0.92,36,0
2218,58,Mujer,NA,145,41.4,NA,1,1,-1.8,36,0
2219,60,Mujer,8,136,51.8,142,0,1,-0.38,36,0
2220,65,Hombre,9.7,156,56.2,333,0,1,-3.66,36,0
2221,70,Mujer,6.2,127,56.5,59,0,0,-1.11,36,0
2222,73,Hombre,6.8,128,44.9,15,0,0,-3.19,36,0
2223,57,Hombre,6.1,113,45.6,58,1,0,-2.21,20.2,1
2224,63,Hombre,NA,150,63.4,210,0,1,-0.79,36,0
2225,56,Mujer,9.2,123,45.1,NA,0,1,0.3,36,0
2226,65,Hombre,6.7,128,47.8,8,0,1,0.89,36,0
2227,51,Hombre,7.1,135,60.6,48,0,1,-0.87,36,0
2228,72,Mujer,8.7,121,44.1,NA,1,0,-4.2,36,0
2229,58,Hombre,7.6,161,41.8,NA,1,0,-1.6,36,0
2230,52,Mujer,7.4,126,53.5,179,0,1,-0.06,36,0
2231,46,Hombre,6.1,106,43,50,0,1,-0.77,36,0
2232,77,Hombre,8.9,139,43.1,NA,0,1,-3.06,36,0
2233,69,Mujer,6.2,NA,47.5,99,1,1,-0.27,7.5,1
2234,66,Mujer,10.3,137,41.8,562,0,0,-3.28,36,0
2235,76,Mujer,11,121,36.1,NA,1,1,-3.82,36,0
2236,59,Mujer,7.9,134,51.4,66,0,0,-2.79,4.8,1
2237,61,Mujer,8.5,NA,55,412,0,0,-3.67,36,0
2238,75,Mujer,7.2,128,40.8,68,1,0,-2.05,36,0
2239,71,Mujer,9.4,135,43.4,NA,0,0,-3.96,36,0
2240,71,Hombre,8.4,149,47.2,NA,1,1,-3.98,36,0
2241,74,Mujer,7.7,132,47.6,103,1,1,0.53,36,0
2242,75,Mujer,6.8,147,40.2,57,1,1,-2.54,36,0
2243,64,Hombre,7.8,118,60.2,71,1,1,-0.5,10.7,1
2244,63,Mujer,7.7,117,62,64,0,0,-2.24,8.7,1
2245,59,Mujer,5.5,148,55.5,NA,0,1,1.28,36,0
2246,73,Mujer,6.8,144,40.4,152,0,0,-2.09,4.6,1
2247,63,Mujer,7.2,140,48.1,97,0,0,-1.2,36,0
2248,66,Hombre,6.9,154,37.6,52,0,0,-2.53,25.8,1
2249,61,Mujer,9,145,41.4,NA,0,1,-0.66,36,0
2250,65,Hombre,NA,124,38.5,62,1,0,-2.55,36,0
2251,86,Hombre,7.8,143,43.7,NA,0,1,-4.95,36,0
2252,55,Mujer,8.8,131,41.9,NA,0,0,-4.24,36,0
2253,62,Mujer,9.3,144,45.5,102,0,1,-2.43,36,0
2254,51,Mujer,7.4,149,55,52,0,1,-0.02,36,0
2255,64,Hombre,6,137,47.2,15,0,0,-2.06,36,0
2256,51,Hombre,8.7,131,51.8,NA,0,0,-1.42,36,0
2257,68,Hombre,7.1,165,52.5,NA,1,0,-3.47,31.7,1
2258,67,Hombre,8.8,153,38.6,NA,0,0,-2.53,36,0
2259,61,Hombre,9.4,134,44.1,140,0,1,-1.04,36,0
2260,80,Hombre,9.4,137,22.5,NA,1,0,-5.08,14,1
2261,51,Mujer,10.1,119,43,102,0,1,-2.51,36,0
2262,61,Hombre,8.7,127,50.1,NA,0,0,-5.01,36,0
2263,46,Hombre,5.5,154,61.4,116,0,1,-2.25,36,0
2264,52,Mujer,7.5,131,45.9,73,0,1,-1.06,36,0
2265,62,Mujer,8.4,113,56.7,899,0,1,-1.72,36,0
2266,71,Hombre,7.6,129,41.1,NA,1,0,-5.59,26.1,1
2267,51,Mujer,NA,129,56.2,NA,1,1,-2.11,36,0
2268,53,Hombre,5.7,129,47.1,NA,0,1,-0.73,36,0
2269,59,Hombre,8.6,132,29.6,NA,0,0,-3.35,36,0
2270,62,Mujer,10.3,141,39,142,0,0,-2.88,36,0
2271,67,Hombre,7.5,154,66,359,0,0,-3.1,36,0
2272,54,Hombre,9.2,126,31.1,NA,0,1,-1.63,36,0
2273,65,Hombre,7.1,125,56.2,49,0,0,-0.65,36,0
2274,83,Hombre,7.3,149,41,NA,1,0,-3.1,36,0
2275,72,Mujer,9.3,157,47.9,308,0,0,-2.29,36,0
2276,58,Mujer,6.8,119,39.6,NA,0,1,-0.85,36,0
2277,49,Hombre,5.7,121,41.3,121,1,0,-1.49,36,0
2278,74,Hombre,7.4,114,48.7,94,1,1,-1.73,36,0
2279,90,Hombre,8.9,139,29.3,NA,0,0,-6.29,11.2,1
2280,58,Hombre,8.7,129,63.1,27,1,1,-3.51,36,0
2281,73,Mujer,9.2,138,30.8,54,0,0,-4.89,32.5,1
2282,69,Mujer,8,154,49.3,NA,0,0,-2.27,36,0
2283,77,Hombre,7,157,49.2,NA,0,1,-2.17,36,0
2284,65,Mujer,8.4,120,51,103,0,1,-0.4,36,0
2285,61,Mujer,8.7,127,46.3,582,0,1,-1.07,23.1,1
2286,63,Hombre,NA,136,56.2,NA,1,0,0.14,36,0
2287,52,Mujer,NA,132,52,49,0,0,-2.22,36,0
2288,64,Mujer,6.8,133,33.1,24,0,0,0.83,36,0
2289,72,Hombre,8.3,128,48.5,NA,0,1,-0.91,36,0
2290,55,Mujer,8.5,NA,63.8,115,0,1,0.29,22.5,1
2291,82,Mujer,7.4,116,45,452,1,0,-4.2,14.2,1
2292,53,Hombre,9.2,128,51.1,414,0,1,-1.24,36,0
2293,45,Hombre,6.2,158,50.3,274,0,1,0.96,36,0
2294,71,Mujer,9,145,54.2,213,1,1,-2.08,13.7,1
2295,72,Mujer,7.3,129,22.3,NA,0,0,-4.28,36,0
2296,63,Mujer,8,129,39.9,NA,0,1,-3.21,36,0
2297,61,Hombre,NA,117,54.7,147,0,1,-1.09,36,0
2298,67,Mujer,8.8,116,49.9,146,1,0,-3.1,36,0
2299,69,Hombre,NA,127,45.1,NA,0,0,-2.22,36,0
2300,49,Mujer,7.7,120,58.7,963,0,1,0.02,36,0
2301,64,Mujer,10.3,122,32.6,NA,1,0,-6.96,36,0
2302,64,Hombre,NA,151,51.8,NA,1,0,-1.98,36,0
2303,57,Mujer,6.6,108,39.4,NA,0,0,-2.19,36,0
2304,62,Mujer,NA,149,41.2,190,1,1,-3.77,36,0
2305,65,Hombre,7.6,148,44.8,145,0,1,-0.86,36,0
2306,56,Hombre,NA,119,53.7,25,1,0,-1.86,36,0
2307,44,Mujer,8.3,113,68.4,NA,1,1,1.48,36,0
2308,56,Mujer,7.7,147,49.2,107,0,1,0.49,36,0
2309,65,Hombre,5.5,NA,49.6,NA,0,0,-1.7,36,0
2310,44,Mujer,9.2,142,55.9,2406,0,1,-0.82,36,0
2311,65,Hombre,8.8,152,47.9,NA,0,1,-1.13,2.7,1
2312,52,Hombre,9.3,132,36.9,109,0,1,-0.98,28.9,1
2313,56,Mujer,8.5,127,50,299,0,0,-2.81,36,0
2314,74,Mujer,8.7,157,39.5,NA,0,0,-5.55,36,0
2315,78,Mujer,10.1,95,39,NA,0,0,-2.99,36,0
2316,74,Hombre,7.1,143,49.4,50,0,1,-0.47,36,0
2317,64,Hombre,7.5,122,53.2,NA,0,1,-2.06,36,0
2318,76,Hombre,8,125,42,NA,0,0,-1.6,36,0
2319,66,Mujer,8.8,133,53.1,408,0,1,-1.06,14,1
2320,81,Hombre,NA,143,29.2,98,0,0,-1.45,36,0
2321,75,Hombre,7.6,145,41.1,63,0,0,-3.17,10.3,1
2322,71,Hombre,7.6,139,56.5,11,0,0,-0.87,6.2,1
2323,63,Hombre,7.4,135,57.3,119,1,0,-2.45,36,0
2324,66,Hombre,6.1,123,34.8,NA,0,0,-0.94,36,0
2325,67,Hombre,7.8,117,39,278,1,1,-0.92,36,0
2326,58,Mujer,10,138,28.8,460,1,0,-3.69,17.4,1
2327,51,Hombre,7.2,156,51.2,55,0,1,-2.33,36,0
2328,72,Mujer,8.5,132,49.7,45,0,1,0.31,36,0
2329,58,Hombre,NA,136,58.7,51,0,0,-0.23,36,0
2330,67,Hombre,8.3,125,47.3,423,1,0,-3.53,29.5,1
2331,62,Hombre,8.8,175,41,NA,1,1,-4.11,29.2,1
2332,70,Mujer,6.9,124,36.9,741,1,1,-0.9,27.2,1
2333,63,Hombre,8.8,140,42.7,86,0,1,-1.06,36,0
2334,55,Hombre,6.8,129,36.9,140,0,0,-2.16,36,0
2335,69,Mujer,NA,127,33.7,NA,0,0,-2.52,36,0
2336,79,Hombre,8.5,107,35.4,NA,0,1,-1.93,36,0
2337,65,Mujer,6.9,137,58.6,83,0,1,1.98,36,0
2338,47,Mujer,5.9,110,47.7,46,0,0,-0.11,36,0
2339,68,Hombre,7.9,155,45.8,531,0,0,-2.01,36,0
2340,61,Hombre,7.2,143,66.7,41,1,1,-3.03,36,0
2341,50,Mujer,7.5,140,33.3,9,1,0,-0.58,36,0
2342,63,Mujer,NA,166,39.5,NA,1,1,-4.22,8.3,1
2343,73,Hombre,8.8,136,41.5,NA,0,0,-2.48,36,0
2344,70,Mujer,8.4,130,35.7,82,1,0,-0.98,36,0
2345,62,Mujer,6.6,148,54.4,138,0,1,-1.81,36,0
2346,75,Hombre,6.4,142,43.5,119,0,0,-1.77,18.4,1
2347,56,Hombre,9.7,123,42.6,NA,0,1,-1.71,36,0
2348,72,Mujer,6.7,110,37.2,136,1,1,-0.78,36,0
2349,65,Hombre,5.7,133,40.1,NA,0,0,-3,36,0
2350,58,Hombre,7.6,139,38.6,289,0,0,-2.87,36,0
2351,70,Hombre,7,143,39.1,NA,0,0,-4.39,36,0
2352,64,Hombre,7.7,139,59.2,56,0,0,-0.18,36,0
2353,65,Mujer,8.3,138,48.8,NA,0,1,-1.81,25.2,1
2354,73,Mujer,8.8,130,47.9,100,1,0,-1.79,36,0
2355,69,Mujer,7.3,120,52.1,50,0,0,-0.07,26.8,1
2356,58,Hombre,8.4,NA,45.6,81,0,0,-2.9,36,0
2357,77,Mujer,8.2,148,57.5,354,0,0,-2.27,36,0
2358,56,Hombre,6.2,133,38,NA,0,0,-2.22,36,0
2359,72,Hombre,6.7,125,38.8,11,0,0,-0.68,32.4,1
2360,87,Mujer,8.7,138,50.6,NA,1,0,-3.09,36,0
2361,63,Mujer,7.9,105,52.1,213,0,1,0.91,36,0
2362,82,Hombre,10.1,159,47.3,NA,1,1,-3.75,36,0
2363,53,Hombre,6.1,153,55.2,98,0,1,-0.58,36,0
2364,71,Mujer,8.8,153,36.4,212,0,1,-2.21,36,0
2365,67,Mujer,8,113,60.1,48,0,0,-2.46,36,0
2366,63,Mujer,8.8,150,34.1,17,0,0,-1.97,36,0
2367,69,Hombre,7.4,126,41.9,NA,1,0,-4.56,31.4,1
2368,73,Hombre,NA,158,45,NA,0,1,-2.8,36,0
2369,56,Mujer,9.6,133,36.8,64,0,0,-2.6,36,0
2370,52,Mujer,7.4,120,51.6,15,0,1,-0.74,36,0
2371,56,Hombre,6.8,143,38.8,NA,0,1,-2.33,36,0
2372,59,Hombre,7.2,122,51.6,197,1,1,-1.12,36,0
2373,55,Hombre,9.1,115,41.8,277,1,0,-2.83,34.9,1
2374,48,Mujer,7.6,111,50.4,120,0,1,1.39,36,0
2375,68,Hombre,7.7,122,55.4,484,1,0,-2.65,36,0
2376,65,Mujer,6.5,106,48.3,749,0,1,-0.05,36,0
2377,57,Hombre,8.2,133,40.6,101,0,1,0.26,36,0
2378,78,Mujer,8.1,134,42.6,NA,0,0,-4.31,36,0
2379,54,Mujer,8.1,147,36.2,2569,0,1,-0.81,36,0
2380,68,Hombre,6.9,136,52.2,43,0,0,-1.3,11.4,1
2381,58,Hombre,8,146,46.4,NA,1,1,-3.42,36,0
2382,55,Hombre,6.1,159,48.1,22,0,1,-1.81,36,0
2383,64,Hombre,8.8,139,28.3,NA,0,0,-1.6,36,0
2384,70,Mujer,7.4,150,63.1,807,1,1,-1.74,36,0
2385,78,Mujer,9.1,150,20,NA,0,0,-4.2,36,0
2386,73,Mujer,7.3,NA,36.8,NA,0,0,-3.53,36,0
2387,60,Hombre,5.5,104,35,67,0,0,-0.99,36,0
2388,62,Mujer,6.2,142,52.9,57,1,1,-0.33,36,0
2389,68,Mujer,9.5,151,66,NA,0,1,-1.4,36,0
2390,61,Mujer,8,111,37.6,278,0,0,-3.33,36,0
2391,74,Hombre,NA,147,51.4,NA,0,0,-5.94,36,0
2392,73,Hombre,8.9,126,25.4,NA,0,0,-2.93,36,0
2393,67,Hombre,6.4,127,47.5,54,1,0,-1.36,36,0
2394,72,Hombre,7,126,47.5,NA,0,1,-1.76,36,0
2395,65,Hombre,8.1,148,40.9,NA,0,0,-0.91,36,0
2396,76,Hombre,9.7,137,39.5,NA,1,1,-2.78,36,0
2397,60,Mujer,9.5,138,51.9,270,0,1,-1.44,36,0
2398,85,Hombre,8.4,NA,26.3,NA,0,0,-3.79,24,1
2399,58,Hombre,6.1,121,44.1,123,0,0,-0.05,36,0
2400,57,Mujer,7.8,148,38.1,62,0,0,-2.08,36,0
2401,69,Hombre,9.4,159,35.1,362,1,1,-2.06,15.1,1
2402,75,Hombre,NA,146,39.4,288,1,1,-1.93,18.6,1
2403,65,Hombre,6.4,124,35.9,121,0,0,-2.97,36,0
2404,55,Mujer,6.7,107,31.7,312,0,0,-1.31,36,0
2405,57,Hombre,8.2,143,47.2,NA,1,1,-2.67,36,0
2406,63,Hombre,9.3,128,51.6,576,0,0,-2.71,36,0
2407,40,Mujer,9.1,134,34.9,184,1,1,-0.73,36,0
2408,53,Hombre,8.1,109,43,244,0,0,-3.58,36,0
2409,67,Hombre,9.2,149,46.8,292,0,1,-1.43,4.5,1
2410,75,Hombre,7.9,151,38.2,NA,0,0,-4.45,34.5,1
2411,61,Mujer,8.3,145,45.8,263,0,1,-0.81,36,0
2412,67,Hombre,8.2,138,42.7,166,0,1,-0.37,28.1,1
2413,46,Mujer,9.9,134,48.7,103,0,1,-0.1,36,0
2414,48,Mujer,6.7,129,54.2,34,0,0,-2.32,36,0
2415,61,Mujer,8.8,143,50,52,1,1,-1.2,36,0
2416,71,Hombre,7.9,145,44.9,96,1,0,-2.76,36,0
2417,55,Mujer,7.1,141,46.2,54,0,1,-0.42,36,0
2418,71,Mujer,6.7,159,36.4,136,0,0,-0.87,36,0
2419,61,Hombre,6.6,136,47.3,47,0,0,0.4,36,0
2420,60,Hombre,8.5,126,39.8,NA,1,0,-3.2,1.8,1
2421,42,Hombre,NA,134,37.2,NA,0,0,-0.89,36,0
2422,55,Mujer,7.5,123,60.5,297,0,1,-0.05,36,0
2423,68,Mujer,7.5,124,39.1,338,0,1,-1.96,36,0
2424,53,Hombre,7.1,117,42.9,106,0,1,1.06,36,0
2425,64,Hombre,8.7,130,61.5,1108,0,1,-0.12,36,0
2426,64,Hombre,7.7,136,54.3,NA,0,1,-0.82,36,0
2427,60,Hombre,8.5,124,38.1,90,1,1,-2.5,36,0
2428,62,Mujer,8,140,36.8,185,1,0,-1.38,36,0
2429,59,Mujer,7.9,145,57.6,106,0,1,-0.39,36,0
2430,79,Mujer,5.5,127,44.5,10,1,0,-0.64,36,0
2431,59,Mujer,9.4,145,54.6,1289,0,1,-0.68,29.5,1
2432,68,Hombre,6.5,141,40.4,1080,1,1,-0.63,36,0
2433,62,Hombre,9.1,127,42,252,0,0,-1.8,25.3,1
2434,83,Mujer,5.5,120,30.3,NA,1,0,-3.37,36,0
2435,62,Mujer,10.1,120,70.9,245,0,1,-3.54,36,0
2436,52,Hombre,8.5,144,57.4,51,0,0,-2.48,36,0
2437,67,Mujer,6,160,45.5,NA,0,0,-2.25,36,0
2438,49,Hombre,6.4,128,47.2,54,0,0,-0.51,36,0
2439,72,Mujer,8.7,127,49.9,NA,1,0,-4.95,16.1,1
2440,66,Mujer,7.6,128,29.8,75,0,0,-2.29,9.1,1
2441,60,Mujer,6.2,117,50.4,NA,0,1,-0.49,36,0
2442,69,Mujer,10.6,166,44,197,0,0,-4.55,36,0
2443,58,Hombre,NA,144,42.3,49,0,0,-2.15,36,0
2444,57,Mujer,8.4,148,36.9,NA,0,0,-4.2,32,1
2445,56,Mujer,7.6,104,56.4,54,0,0,-1.91,36,0
2446,69,Hombre,8.5,122,38.9,NA,0,0,-0.42,36,0
2447,44,Hombre,7,NA,35.1,299,0,1,-1.01,36,0
2448,74,Mujer,6.6,132,51.5,8,0,0,-0.98,36,0
2449,47,Hombre,7.6,165,48.2,56,0,1,-1.33,36,0
2450,58,Hombre,8.9,127,44.3,26,0,1,0.41,36,0
2451,79,Mujer,9.8,99,48.1,NA,0,0,-3.14,36,0
2452,60,Hombre,7.1,124,45.1,66,0,1,1.65,36,0
2453,68,Hombre,8.9,140,36.3,NA,0,0,-3.06,36,0
2454,70,Mujer,8.5,NA,31.2,NA,1,0,-5.72,36,0
2455,57,Hombre,6.9,119,61.5,24,0,1,0.13,36,0
2456,73,Hombre,8.6,143,32.4,NA,0,0,-4.66,36,0
2457,62,Hombre,5.5,104,48,NA,0,0,0.08,36,0
2458,64,Mujer,8.6,130,60,81,0,0,-0.63,36,0
2459,49,Mujer,8.1,118,41.1,63,0,1,-0.62,36,0
2460,68,Hombre,6.9,NA,37,55,1,0,-4.28,36,0
2461,73,Hombre,9.1,122,35.6,NA,0,0,-3.39,36,0
2462,55,Hombre,7.2,125,49.1,NA,0,1,-0.87,36,0
2463,75,Mujer,6.6,124,22.9,NA,1,0,-2.34,36,0
2464,67,Hombre,7.6,123,48.6,69,1,1,-2.38,36,0
2465,63,Hombre,6.3,143,56.7,57,1,1,-1.02,3.5,1
2466,52,Hombre,7.1,118,48,NA,0,1,-1.81,36,0
2467,48,Hombre,9.3,118,47.3,57,0,1,-0.06,36,0
2468,52,Hombre,7.9,138,69,97,0,1,-1.15,17.5,1
2469,70,Hombre,7.5,NA,45.7,112,0,1,-3.2,36,0
2470,66,Mujer,7.2,113,43.6,NA,0,1,-1.58,36,0
2471,76,Mujer,6.6,NA,57.7,NA,1,0,-3.7,36,0
2472,61,Mujer,9,103,34.1,NA,0,1,-1.8,36,0
2473,69,Hombre,7.6,141,44.2,75,0,1,-2.08,36,0
2474,65,Hombre,8.3,125,61.2,105,0,0,-0.16,36,0
2475,70,Mujer,NA,144,39.1,NA,0,1,-1.7,36,0
2476,58,Mujer,7.4,145,47.2,13,0,0,-2.82,36,0
2477,57,Mujer,8.4,139,42,NA,0,1,-0.14,36,0
2478,58,Hombre,9.3,128,50.1,NA,1,1,-3.24,36,0
2479,53,Hombre,9.3,145,75,238,0,1,-1.31,27.4,1
2480,62,Mujer,NA,152,52.9,317,0,0,-3.37,36,0
2481,63,Mujer,8.9,113,54.3,59,0,0,-1.81,36,0
2482,64,Hombre,9.8,149,45,314,1,1,-1.43,36,0
2483,77,Mujer,9.1,154,50.2,1312,0,1,-2.42,36,0
2484,36,Mujer,5.5,118,52.4,48,0,1,1.77,36,0
2485,53,Mujer,7.3,126,43.7,10,1,0,-1.28,36,0
2486,72,Mujer,9.2,120,50.1,59,0,0,-5.66,31.2,1
2487,65,Mujer,7,131,44.5,100,1,0,-1.72,36,0
2488,66,Hombre,10.6,NA,50.8,1009,0,1,-1.4,36,0
2489,63,Hombre,7.6,136,56.8,118,0,0,-2.45,36,0
2490,68,Hombre,8.9,139,53.3,54,1,0,-2.53,36,0
2491,73,Hombre,8.3,144,48.5,NA,0,0,-2.28,36,0
2492,50,Mujer,7.4,140,56.8,NA,0,1,-1.17,36,0
2493,51,Mujer,7.1,146,33.9,402,0,1,-1.13,11.4,1
2494,58,Mujer,10.9,159,54.2,27,0,0,-1.32,36,0
2495,54,Mujer,7.5,135,37.6,222,0,1,-0.5,35.3,1
2496,68,Hombre,7.1,NA,52.4,1136,0,0,-4.68,36,0
2497,42,Hombre,8.6,130,56,68,0,0,-1.47,36,0
2498,65,Hombre,9.1,138,43.8,228,0,0,-2.86,2.2,1
2499,55,Mujer,6.5,120,35.4,7,0,1,0.88,36,0
2500,49,Hombre,6.7,136,55.8,24,0,0,-0.86,36,0
2501,63,Mujer,6.6,NA,61,57,0,1,-2.02,36,0
2502,72,Hombre,NA,148,62.9,683,0,1,-1.96,36,0
2503,54,Hombre,6.6,137,53.5,45,0,0,-0.03,36,0
2504,72,Mujer,9.4,157,55.1,NA,0,0,-3.73,5.9,1
2505,76,Hombre,8.4,151,31.5,NA,1,0,-3.33,36,0
2506,70,Mujer,8.8,121,50.5,316,0,0,-3.17,6.1,1
2507,66,Hombre,NA,NA,39.7,68,0,1,-0.75,36,0
2508,69,Hombre,NA,143,54.6,75,0,0,-3.41,36,0
2509,51,Hombre,NA,134,61.7,NA,0,1,-1.33,36,0
2510,49,Hombre,9.9,138,32.4,NA,0,0,-1.94,36,0
2511,64,Hombre,8,156,49.9,NA,1,0,-6.46,36,0
2512,65,Hombre,6.1,140,39,233,0,0,-1.78,36,0
2513,42,Mujer,7.4,154,58.6,244,0,1,-2.81,36,0
2514,72,Hombre,5.5,159,47.9,27,1,0,-3.09,36,0
2515,77,Hombre,8.4,156,49.4,350,1,1,-2.4,7.7,1
2516,73,Mujer,6,123,50.2,NA,0,1,-1.74,36,0
2517,72,Hombre,7.5,142,53.2,148,0,0,-2.48,36,0
2518,64,Mujer,8.6,138,51,21,0,0,-2.28,36,0
2519,68,Hombre,7.4,151,42.2,864,0,1,-3.18,36,0
2520,69,Hombre,7.6,124,38.8,32,1,0,-2.21,36,0
2521,52,Mujer,7.4,146,42.9,191,0,1,-1.07,36,0
2522,60,Mujer,7.6,113,45.9,19,0,1,-0.27,36,0
2523,66,Mujer,7.3,124,26.4,172,0,0,-1.29,36,0
2524,74,Hombre,8,156,52.5,NA,0,1,-2.58,36,0
2525,58,Mujer,9.1,128,48.5,NA,1,1,-1.43,31.5,1
2526,74,Hombre,7.6,165,43.1,148,1,0,-3.57,27.2,1
2527,67,Mujer,NA,152,47.4,174,0,1,-1.62,13,1
2528,57,Hombre,6.4,140,48.1,95,0,0,-0.97,5.2,1
2529,66,Mujer,9.4,129,46.4,27,0,0,1.33,16.9,1
2530,71,Mujer,7.4,144,22.2,NA,1,1,-3.37,36,0
2531,79,Mujer,7.2,121,48.9,110,1,1,-0.38,36,0
2532,50,Mujer,6.8,136,59.2,38,0,1,0.19,36,0
2533,50,Mujer,NA,146,52,NA,0,0,-2.14,36,0
2534,60,Hombre,8,122,41.7,NA,0,1,0.42,36,0
2535,55,Mujer,6.9,118,42.1,80,0,1,-0.5,36,0
2536,65,Mujer,8,134,50,111,0,0,-3.6,36,0
2537,65,Hombre,8.1,125,74.4,72,1,1,-1.21,36,0
2538,69,Mujer,6.9,125,52.7,42,0,0,0.56,36,0
2539,67,Hombre,NA,122,42.6,NA,1,0,-4.43,36,0
2540,62,Hombre,7.3,122,45.8,33,1,0,-0.14,12.3,1
2541,72,Mujer,9.9,NA,40.9,922,0,1,-2.06,18.1,1
2542,64,Hombre,8.1,120,31,NA,1,1,0.83,36,0
2543,64,Mujer,6.7,158,45.1,34,0,0,-1.29,36,0
2544,56,Mujer,9.3,153,57.3,NA,1,1,-2.03,36,0
2545,72,Mujer,NA,142,42.4,NA,0,0,-3.97,36,0
2546,76,Mujer,7.9,141,60.8,321,1,1,-1.32,9.2,1
2547,58,Hombre,NA,128,57.7,NA,0,0,-0.97,31.4,1
2548,65,Hombre,9.1,137,49.3,75,1,0,-3.5,36,0
2549,64,Hombre,7.4,134,47,NA,1,0,-4.81,16.7,1
2550,65,Hombre,8.4,NA,54.2,491,1,1,-1.15,36,0
2551,69,Mujer,7.8,132,49.9,55,1,0,-0.59,36,0
2552,69,Mujer,7.1,108,46.8,NA,0,0,0,36,0
2553,69,Hombre,7.9,123,40,80,0,0,-3.08,36,0
2554,69,Hombre,7.7,162,49.4,79,0,0,-1.72,36,0
2555,64,Hombre,6.8,166,32.5,374,0,0,-2.77,36,0
2556,66,Mujer,6.7,134,59.7,342,0,1,-1.79,36,0
2557,68,Hombre,8.3,NA,39.5,116,0,0,-2.94,36,0
2558,76,Hombre,7.5,96,54.2,191,1,0,-2.57,36,0
2559,77,Hombre,6.9,150,34.9,NA,1,0,-6.1,36,0
2560,61,Hombre,NA,137,52.7,50,0,0,-1.22,36,0
2561,56,Hombre,9.9,120,55.1,235,1,1,0.67,7.7,1
2562,75,Mujer,NA,148,39.6,149,0,0,-0.79,36,0
2563,63,Hombre,7.6,142,45.7,269,0,1,-1.57,36,0
2564,61,Hombre,7,146,49.3,72,1,1,-2.94,36,0
2565,68,Mujer,6.7,149,42.9,189,0,1,-4.13,36,0
2566,68,Mujer,7.3,138,50.5,185,1,0,-2.74,36,0
2567,59,Mujer,8.4,132,58.9,106,1,0,-1.46,36,0
2568,62,Hombre,8,124,47,119,1,0,-3.54,36,0
2569,65,Mujer,10.1,109,39.2,NA,0,1,-1.87,23.2,1
2570,55,Hombre,6.2,132,48.6,29,0,1,-1.04,36,0
2571,55,Hombre,9.8,162,57.5,NA,0,1,-2.23,36,0
2572,77,Mujer,9.4,135,33,NA,0,1,-0.99,0.8,1
2573,59,Hombre,7.7,142,43.7,161,1,1,-0.66,36,0
2574,58,Hombre,7.6,145,38.4,349,0,0,-3.17,36,0
2575,69,Hombre,7,140,32.6,315,1,0,-0.86,36,0
2576,58,Hombre,8.7,118,42.8,288,0,1,-1.14,36,0
2577,70,Hombre,9.3,151,47,NA,1,1,-2.98,36,0
2578,51,Hombre,8.4,126,57.4,163,0,1,-0.31,36,0
2579,57,Hombre,7.7,132,50.4,62,0,1,-1.67,36,0
2580,46,Hombre,6.7,136,52.5,313,0,1,-1.04,36,0
2581,66,Mujer,9.2,157,51.4,NA,0,0,-2.3,29.6,1
2582,73,Hombre,9.3,125,36.4,17,1,0,-3.23,36,0
2583,63,Mujer,7.9,153,44.7,757,1,1,-3.16,36,0
2584,65,Mujer,6.2,128,45,23,1,0,-1.82,10.2,1
2585,64,Mujer,7.4,111,50.1,80,1,1,-3.12,36,0
2586,64,Mujer,9.8,130,45.9,989,0,1,-0.81,36,0
2587,47,Hombre,5.7,130,43.2,69,0,0,-1.09,36,0
2588,73,Hombre,9.2,120,20,NA,1,1,-2.24,36,0
2589,50,Hombre,7.5,108,58,37,1,1,-1,36,0
2590,66,Mujer,8,142,45.5,68,1,1,-1.21,36,0
2591,72,Hombre,7.8,141,49.8,NA,1,1,-0.74,36,0
2592,64,Mujer,NA,145,52.4,NA,0,1,-1.81,36,0
2593,73,Hombre,8.7,164,44.8,NA,1,0,-4.82,36,0
2594,71,Hombre,8.6,132,46,42,0,0,-2.58,36,0
2595,90,Hombre,7.8,139,24.5,NA,1,0,-5.23,31.5,1
2596,69,Mujer,10.3,171,49.5,1350,0,1,-0.77,36,0
2597,59,Hombre,7.1,167,34,NA,0,0,-2.63,36,0
2598,76,Hombre,5.7,123,45.8,66,1,0,0.23,36,0
2599,70,Hombre,6.5,121,36.1,NA,0,0,-2,36,0
2600,51,Hombre,7.7,146,55.4,41,0,0,-3.06,36,0
2601,46,Hombre,9,135,42.8,609,0,1,1,36,0
2602,57,Hombre,7.9,142,37.3,215,1,1,-0.62,10.9,1
2603,64,Mujer,7.7,132,56.1,NA,1,0,-2.57,36,0
2604,61,Hombre,5.5,144,52.2,12,0,1,-2.13,36,0
2605,57,Hombre,6.8,145,42,37,0,0,-2.2,15.6,1
2606,69,Hombre,7,124,59.3,139,0,1,-1.41,36,0
2607,66,Mujer,6.8,123,31.4,NA,0,0,-2,36,0
2608,73,Hombre,7.6,158,48.1,576,0,1,-2.27,36,0
2609,85,Mujer,6.5,146,46.3,NA,0,0,-3.29,36,0
2610,61,Mujer,7.8,140,48,NA,0,0,-4.71,36,0
2611,90,Mujer,5.5,150,34.3,60,1,0,-1.71,15,1
2612,64,Hombre,9.9,137,34.4,NA,1,0,-5.27,10.3,1
2613,66,Mujer,5.5,115,52.7,17,1,1,0.11,36,0
2614,51,Mujer,8.2,138,30,NA,0,0,-1.84,36,0
2615,58,Hombre,6.4,116,46.8,42,1,1,0.05,36,0
2616,70,Mujer,7.8,151,50.1,132,1,1,0.28,36,0
2617,57,Hombre,8,145,59,NA,0,0,-2.76,36,0
2618,61,Hombre,8.1,151,43.1,NA,0,1,-0.64,36,0
2619,84,Mujer,9,150,56.9,NA,0,0,-5.93,21.1,1
2620,77,Mujer,NA,147,50.8,NA,0,0,-2.6,36,0
2621,63,Mujer,9,145,40.6,179,1,1,-2.45,33.4,1
2622,69,Mujer,7.5,136,52.7,NA,1,1,-1.46,36,0
2623,56,Mujer,9.7,126,53,NA,0,1,-0.42,36,0
2624,73,Mujer,6.4,164,59.7,275,1,1,-2.94,36,0
2625,49,Hombre,7.2,128,52.2,NA,0,1,-0.69,36,0
2626,63,Mujer,7.2,133,53.2,28,1,0,-2.53,36,0
2627,57,Mujer,10.2,120,43.8,120,0,1,-1.59,36,0
2628,70,Hombre,7.8,149,57.6,174,0,1,-1,36,0
2629,75,Hombre,NA,149,34.8,207,0,0,-1.18,36,0
2630,59,Mujer,8.1,141,37.3,NA,0,1,-3.07,19.1,1
2631,42,Mujer,NA,138,43.4,147,0,1,0.64,36,0
2632,68,Hombre,8.9,124,41.2,NA,0,0,-4.64,36,0
2633,62,Hombre,6.8,147,59.2,17,0,0,-1.45,36,0
2634,82,Hombre,7.5,149,37.7,NA,0,0,-3.11,36,0
2635,79,Hombre,6.8,158,48.5,NA,1,0,-2.07,36,0
2636,66,Hombre,6.8,146,44,192,0,0,-3.37,36,0
2637,69,Hombre,8.3,141,43.9,NA,1,1,-0.72,36,0
2638,60,Hombre,9.8,122,50.9,NA,0,1,-4.63,36,0
2639,67,Mujer,8.3,142,35.3,622,0,1,-1.68,3.7,1
2640,70,Hombre,7.4,132,55.1,261,0,0,-3.31,36,0
2641,57,Mujer,8.1,147,43.4,578,1,1,0.32,36,0
2642,66,Hombre,8.2,146,57,117,0,1,-1.84,36,0
2643,72,Hombre,8.4,157,30,NA,1,1,-4.2,36,0
2644,69,Mujer,7.1,137,32.2,219,0,1,-0.41,36,0
2645,61,Mujer,9.4,133,34,771,0,0,-4.02,36,0
2646,59,Hombre,7.9,124,41.6,NA,0,0,-4.33,36,0
2647,66,Mujer,7.8,143,51.8,144,0,0,-1.85,36,0
2648,62,Hombre,7.3,155,39.4,90,0,1,-2.28,36,0
2649,63,Hombre,8.5,126,32.9,43,0,0,-2.33,36,0
2650,74,Mujer,6.8,139,42.6,128,1,0,-4.73,36,0
2651,62,Hombre,7.5,NA,49.3,58,0,0,-0.39,36,0
2652,71,Hombre,5.5,133,40.4,NA,1,1,-3.56,36,0
2653,67,Hombre,9.4,140,41.6,236,1,0,-3.98,36,0
2654,64,Mujer,NA,108,43,43,1,0,0.16,36,0
2655,67,Hombre,5.5,133,43.3,NA,0,0,-2.11,36,0
2656,75,Mujer,8.2,132,59.3,113,1,1,-2.83,36,0
2657,47,Hombre,8.8,124,48.8,72,0,0,-2.4,36,0
2658,60,Hombre,7.6,105,37.3,33,0,0,-2.67,36,0
2659,61,Hombre,7.8,136,36.9,101,1,0,-3.17,36,0
2660,52,Mujer,NA,129,36.8,207,0,0,-2.31,36,0
2661,67,Hombre,8.3,139,58.9,441,0,1,-1.32,36,0
2662,90,Hombre,8.9,122,36.1,NA,1,1,-4.54,15.7,1
2663,66,Hombre,6.8,126,50,102,1,0,-3.38,36,0
2664,46,Hombre,8.1,140,53.4,NA,0,1,-0.88,7.5,1
2665,71,Mujer,5.9,139,32.2,52,0,0,-1.51,36,0
2666,37,Hombre,7.8,158,50.3,82,0,1,-0.31,12.2,1
2667,73,Mujer,6.2,123,31.4,NA,0,0,-2.96,15,1
2668,79,Hombre,NA,147,50.7,NA,0,0,-4.79,32.5,1
2669,57,Hombre,7,149,59.2,184,0,1,-0.28,36,0
2670,54,Hombre,10.4,144,43.8,157,1,1,-1.4,36,0
2671,62,Mujer,10.4,107,44.6,109,0,0,-2.93,36,0
2672,54,Mujer,5.5,124,71.1,18,0,0,2.14,36,0
2673,69,Mujer,6.3,139,47.5,35,0,0,-1.92,36,0
2674,71,Mujer,7.6,126,29.1,NA,0,0,-3.12,36,0
2675,57,Mujer,6.7,99,49,44,0,0,-1.28,36,0
2676,62,Hombre,9.2,135,50,226,0,1,0.45,10.8,1
2677,79,Mujer,10.6,120,50.7,167,0,1,-2.03,36,0
2678,82,Mujer,9.1,133,61.5,66,1,1,-3.57,36,0
2679,57,Hombre,NA,NA,44.9,97,0,0,-2.1,36,0
2680,76,Hombre,8.4,146,35.6,158,0,0,-3.48,36,0
2681,71,Hombre,5.5,150,41.1,NA,0,0,-0.56,36,0
2682,61,Hombre,8.1,139,49.5,NA,0,1,-2.09,36,0
2683,63,Mujer,7.1,158,44.3,19,1,0,-1.3,36,0
2684,50,Hombre,8.3,137,60.9,57,0,0,1.41,36,0
2685,54,Hombre,NA,141,48.8,133,1,0,-3.2,36,0
2686,79,Hombre,8.2,146,46.8,NA,0,1,-4.21,36,0
2687,60,Hombre,7.9,114,67.4,719,0,1,0.22,36,0
2688,67,Hombre,8.2,155,55.8,474,0,1,-2.26,36,0
2689,82,Hombre,5.5,161,44.2,NA,0,0,-3.34,7.3,1
2690,71,Hombre,9.2,143,31.4,NA,0,0,-5.62,36,0
2691,71,Hombre,7.3,151,62.3,44,0,0,-2.07,36,0
2692,84,Mujer,6.5,156,41.1,75,0,0,-2.96,26.5,1
2693,60,Hombre,6.9,145,51.7,68,0,1,-0.64,36,0
2694,70,Hombre,8.5,137,36.5,NA,0,0,-1.94,36,0
2695,62,Hombre,7.7,127,45.1,NA,0,0,-2.11,36,0
2696,84,Hombre,6.6,123,34.5,NA,1,0,-4.1,4.6,1
2697,56,Mujer,NA,140,46.8,149,0,1,-0.36,36,0
2698,89,Hombre,8.8,132,39.5,NA,0,1,-4.15,36,0
2699,67,Hombre,6.7,156,40.9,129,1,1,-2.01,36,0
2700,67,Mujer,7.7,113,41.8,47,1,0,-1.05,36,0
2701,49,Hombre,7.2,125,53.9,49,0,1,-0.75,36,0
2702,76,Hombre,6.8,135,49.6,69,0,0,0.38,36,0
2703,63,Mujer,7.5,101,46.6,182,0,1,-0.39,36,0
2704,71,Mujer,5.5,138,32.8,NA,0,1,-1.42,36,0
2705,69,Mujer,10.2,136,58,577,0,1,-2.08,36,0
2706,67,Hombre,7.3,145,32.9,103,0,0,-0.55,36,0
2707,73,Mujer,9.1,148,44.7,NA,1,0,-3.89,36,0
2708,59,Hombre,6.2,133,59.4,56,0,0,-0.67,36,0
2709,65,Hombre,11,148,59.2,NA,0,0,-2.03,36,0
2710,66,Hombre,7.2,124,68.8,151,0,1,0.07,36,0
2711,68,Mujer,9.3,163,41.7,114,1,0,-4.54,36,0
2712,62,Hombre,6.8,153,40.2,15,1,0,-3.15,36,0
2713,66,Mujer,9.3,144,50.8,487,1,1,-2,18.5,1
2714,63,Hombre,9,125,58.2,140,0,1,-0.28,36,0
2715,62,Mujer,7.4,139,45.7,49,0,1,-0.03,36,0
2716,65,Mujer,8.8,128,32.5,NA,0,0,-1.44,36,0
2717,79,Hombre,8.6,NA,48.2,407,1,0,-3.18,22,1
2718,71,Hombre,6.2,143,47.6,NA,1,0,-3.12,36,0
2719,69,Hombre,7.5,127,36.4,NA,0,0,-1.52,36,0
2720,54,Hombre,8,144,41.5,NA,0,0,-1.92,36,0
2721,55,Mujer,7,137,42,151,0,0,-3.34,36,0
2722,65,Hombre,7,154,58.6,47,0,1,-1.2,36,0
2723,44,Mujer,5.8,123,46.3,16,0,1,-1.18,36,0
2724,45,Mujer,8.5,116,53.9,NA,0,1,0.01,36,0
2725,67,Mujer,9,148,37.3,NA,0,0,-3.48,12.8,1
2726,44,Mujer,9,126,60.9,18,0,0,0.85,36,0
2727,78,Mujer,7.7,143,54.2,56,0,0,-1.8,36,0
2728,52,Mujer,5.5,164,58.5,373,0,0,-3.05,36,0
2729,61,Hombre,NA,115,30.3,NA,0,0,-2.66,36,0
2730,61,Hombre,5.5,152,52.4,105,0,1,0.61,36,0
2731,62,Hombre,7.3,130,51.9,804,0,1,-0.4,36,0
2732,87,Mujer,8.9,153,34.4,NA,1,0,-6.19,10.2,1
2733,72,Hombre,6.6,147,56.4,76,0,0,-2.84,36,0
2734,75,Hombre,NA,129,35.4,305,0,0,-5.2,36,0
2735,80,Mujer,NA,133,21.2,NA,0,0,-3.63,14.3,1
2736,53,Mujer,8.4,118,69.2,33,0,1,0.15,36,0
2737,67,Mujer,7.1,122,48.1,50,0,0,0.1,36,0
2738,66,Hombre,NA,NA,38.7,329,1,1,-1.06,36,0
2739,72,Mujer,NA,142,38.5,NA,0,1,-1.66,36,0
2740,57,Mujer,8.2,125,48.8,414,0,1,-0.66,21.9,1
2741,78,Hombre,7.4,147,44.1,168,0,0,-1.64,36,0
2742,51,Mujer,7.8,137,53.2,121,0,1,0.1,36,0
2743,74,Hombre,7.9,132,31.6,NA,1,1,-1.72,36,0
2744,82,Hombre,6.3,139,32.1,NA,0,0,-2.6,36,0
2745,66,Hombre,9.1,131,67.6,33,0,1,-0.97,36,0
2746,57,Hombre,8.7,137,52.9,266,0,1,-1.26,36,0
2747,61,Mujer,7,156,40.3,137,0,1,-1.31,36,0
2748,78,Mujer,6.6,159,33.7,NA,0,0,-2.65,36,0
2749,58,Mujer,8,134,64,98,0,1,-1.56,36,0
2750,43,Hombre,8.3,127,36.6,NA,1,1,-0.86,25.4,1
2751,57,Hombre,7.4,143,46.6,54,0,1,-1.71,36,0
2752,90,Hombre,NA,149,31.1,NA,0,0,-3.44,36,0
2753,52,Mujer,8,147,59.7,78,0,0,-1.38,36,0
2754,70,Hombre,6.5,125,28.7,NA,1,1,-0.75,36,0
2755,64,Mujer,6,139,31.8,NA,1,1,0.08,36,0
2756,57,Hombre,6.7,132,51.5,71,0,0,-1.37,36,0
2757,83,Mujer,6.2,138,45.1,158,1,1,-3.05,36,0
2758,65,Mujer,8.2,141,45.4,63,0,0,-0.41,36,0
2759,33,Hombre,8.1,134,48.9,278,0,1,0.46,36,0
2760,67,Hombre,9.1,118,28.4,132,0,1,-2.84,3,1
2761,64,Mujer,6.4,125,48.6,480,0,1,-2.48,30.7,1
2762,58,Hombre,5.5,125,51.5,202,0,0,-2.02,36,0
2763,56,Hombre,7.6,142,65,124,0,1,-2.03,36,0
2764,90,Hombre,7.6,147,28.8,NA,0,0,-3.76,36,0
2765,72,Mujer,7.2,151,43.1,NA,0,0,-2.89,23.1,1
2766,87,Mujer,NA,142,50.8,NA,1,1,-4.02,36,0
2767,72,Hombre,6.4,138,43.3,38,0,0,-2.34,36,0
2768,71,Mujer,8.4,113,38.6,107,0,1,-1.61,36,0
2769,55,Hombre,8.8,95,48.9,28,0,0,-2.32,36,0
2770,58,Hombre,7.9,157,50.6,NA,1,0,-1.87,6.7,1
2771,80,Hombre,10.1,141,27.4,NA,1,0,-4.65,36,0
2772,65,Hombre,7.9,134,29.2,209,0,0,-1.69,12.7,1
2773,65,Hombre,6.8,148,37.5,38,1,0,-2.58,36,0
2774,59,Mujer,8.3,132,51.3,17,0,1,-0.9,36,0
2775,71,Mujer,8.8,146,39,NA,0,1,-1.8,36,0
2776,67,Mujer,6.9,133,48.6,78,0,0,-1.9,36,0
2777,59,Hombre,7.7,97,55.5,34,0,0,-2.57,36,0
2778,90,Hombre,7,162,56.8,94,0,0,-0.27,36,0
2779,57,Mujer,6.4,128,39.8,76,0,0,-1.37,36,0
2780,61,Mujer,9.1,134,30.2,99,0,0,-3.01,36,0
2781,60,Hombre,8.4,130,40,208,0,1,-0.09,36,0
2782,86,Hombre,6.2,115,44.6,NA,0,0,-3.6,36,0
2783,84,Hombre,8.2,142,49.7,NA,1,0,-4.61,36,0
2784,70,Hombre,7.4,155,41.7,48,0,0,-0.6,36,0
2785,61,Hombre,9.5,NA,46.9,27,0,0,-4.15,36,0
2786,65,Hombre,9,150,39.8,NA,0,0,-5.02,36,0
2787,69,Hombre,5.5,110,36.4,NA,0,0,-2.26,36,0
2788,71,Mujer,6.7,118,52.9,42,1,0,-3.12,36,0
2789,62,Hombre,6.4,128,52.6,12,0,1,-0.05,36,0
2790,57,Mujer,6,129,50.8,171,0,1,-1.63,36,0
2791,60,Mujer,6.5,148,51,NA,1,0,-4.49,36,0
2792,65,Hombre,7.5,117,57.4,143,0,1,-0.9,36,0
2793,63,Mujer,7.8,120,32.4,1408,1,1,0.6,36,0
2794,74,Hombre,5.5,140,36.3,35,0,1,-1.29,36,0
2795,68,Mujer,8.2,146,49.9,NA,0,0,-3.19,36,0
2796,68,Hombre,7.9,134,43.5,NA,0,1,0.17,36,0
2797,80,Hombre,7.6,142,35.9,NA,0,0,-4.75,15.5,1
2798,75,Mujer,NA,165,39.3,NA,0,1,-1.61,36,0
2799,61,Mujer,10.2,136,32.5,523,0,1,-1.83,8.9,1
2800,76,Mujer,9.9,127,44.3,NA,1,0,-2.6,36,0
2801,51,Mujer,8.7,130,61.6,34,1,1,-1.71,36,0
2802,73,Hombre,7.1,NA,51.9,NA,0,0,-5.75,36,0
2803,67,Mujer,5.5,144,44.9,NA,1,1,0.95,36,0
2804,61,Hombre,7.2,151,37.2,NA,0,0,-1.62,36,0
2805,57,Hombre,7.2,109,41.4,NA,1,1,-1.43,36,0
2806,50,Mujer,9.3,146,43.5,68,0,0,-2.78,36,0
2807,58,Mujer,8,109,49.5,NA,0,1,-2.28,36,0
2808,55,Hombre,8.5,125,40.3,21,0,1,-0.65,36,0
2809,43,Mujer,7.7,147,45.1,763,0,1,0.07,36,0
2810,73,Mujer,7.4,135,32.5,208,0,0,-2.5,22.6,1
2811,54,Hombre,6.6,124,55.3,26,0,0,0.53,36,0
2812,73,Hombre,8.3,136,41.6,246,0,1,-1.24,36,0
2813,58,Hombre,8.7,125,38.7,65,0,0,-2.73,36,0
2814,56,Hombre,9.2,137,43.2,130,0,1,-1.42,36,0
2815,66,Mujer,9.3,144,56.2,168,1,0,-3.12,33.4,1
2816,63,Hombre,6.8,135,31.6,41,0,0,-1.24,36,0
2817,68,Hombre,9.8,137,59.8,34,0,1,0.5,36,0
2818,69,Mujer,5.5,138,51.7,113,0,0,-2.74,36,0
2819,62,Mujer,8.8,156,32.2,NA,0,1,-2.04,36,0
2820,39,Mujer,8.9,156,52.9,347,0,1,0.35,36,0
2821,60,Mujer,7.4,112,44.1,NA,1,1,-1.19,36,0
2822,73,Hombre,8.6,106,51.1,28,0,1,0.29,36,0
2823,71,Hombre,8.2,147,39.5,175,0,1,-3.21,36,0
2824,65,Mujer,8.1,136,53.5,73,0,0,-2.33,36,0
2825,53,Hombre,8.2,135,45.6,326,0,0,-1.95,36,0
2826,53,Hombre,7.6,119,51.8,46,1,0,-2.1,36,0
2827,63,Hombre,8.6,118,48.8,62,0,1,-1.54,36,0
2828,69,Mujer,9,106,39.3,NA,0,1,-2.58,36,0
2829,69,Hombre,8.3,145,45.5,NA,0,0,-2.34,36,0
2830,73,Mujer,6.9,143,65,21,0,0,-1.81,36,0
2831,52,Hombre,NA,122,63.7,42,0,0,0.15,36,0
2832,51,Hombre,8,148,38.3,432,0,1,-2.01,36,0
2833,68,Mujer,7.8,149,42.3,80,0,0,-1.64,36,0
2834,56,Hombre,7.8,137,54.1,85,0,1,-1.37,36,0
2835,68,Hombre,7.2,NA,40.6,425,0,1,-0.5,36,0
2836,78,Mujer,NA,154,35.7,NA,0,0,-2.75,36,0
2837,61,Mujer,6.8,132,20.8,NA,0,0,-2.3,36,0
2838,55,Mujer,8.7,134,49,23,0,1,-1.73,36,0
2839,74,Hombre,6.7,144,37.1,64,1,1,-2.25,36,0
2840,73,Mujer,7.8,124,54.9,63,1,1,-3.1,36,0
2841,60,Mujer,10,148,47.3,NA,0,0,-3.81,36,0
2842,75,Hombre,8.2,153,29.5,NA,1,1,-4.02,36,0
2843,64,Mujer,9.8,144,45.6,2928,1,1,-0.27,36,0
2844,68,Mujer,6.4,135,26.5,NA,0,1,-2.4,36,0
2845,49,Hombre,9,133,59.7,916,0,1,1.76,36,0
2846,62,Mujer,7.1,148,40.7,88,0,0,-3.76,24.3,1
2847,63,Hombre,7.8,128,60.8,434,0,1,1.35,36,0
2848,55,Hombre,6.8,136,51.4,18,0,0,-2.08,36,0
2849,57,Mujer,9.1,120,47.2,81,1,1,-1.28,7.8,1
2850,48,Mujer,6.7,142,48.9,32,0,0,-0.88,36,0
2851,60,Hombre,8,146,47.1,74,0,1,0.13,36,0
2852,55,Hombre,9.6,NA,56.7,105,0,1,0.39,36,0
2853,57,Hombre,7,137,46.3,221,0,1,1,0.2,1
2854,70,Mujer,8.4,128,29.6,328,0,0,-4.15,36,0
2855,64,Mujer,6.8,148,52.4,26,0,0,-2.14,36,0
2856,70,Hombre,7.9,144,51.3,24,0,1,-0.43,36,0
2857,60,Mujer,9,124,48.6,207,0,0,-1.7,36,0
2858,59,Hombre,8.8,137,37.2,207,1,0,-2.58,36,0
2859,55,Hombre,10.7,149,35.6,NA,0,0,-4.54,18.5,1
2860,63,Hombre,6.2,136,54.2,30,0,1,-0.57,36,0
2861,65,Hombre,5.5,NA,43.2,NA,1,0,-0.55,36,0
2862,59,Hombre,6.9,112,35.4,103,0,0,-0.15,36,0
2863,75,Mujer,8.9,NA,30.9,NA,1,1,-2.31,36,0
2864,73,Hombre,9.4,138,39.7,403,1,0,-3.76,36,0
2865,71,Mujer,7.4,150,42.3,209,0,0,-2.51,12.2,1
2866,75,Hombre,6.4,147,37.5,902,0,0,-5.58,36,0
2867,72,Mujer,8.3,137,47.2,80,1,1,-3.18,36,0
2868,60,Mujer,7.9,127,46.2,390,0,0,-1.37,36,0
2869,53,Hombre,9.8,136,50.2,593,0,1,-0.94,32.1,1
2870,63,Mujer,7.7,114,66.2,40,0,1,-0.12,36,0
2871,65,Hombre,NA,159,47.3,204,0,0,-5.45,36,0
2872,58,Hombre,9.4,129,52.4,280,0,1,-0.6,36,0
2873,55,Hombre,7.2,114,67.3,37,1,0,-2.3,36,0
2874,77,Hombre,NA,139,36.5,NA,0,1,-1.58,36,0
2875,50,Mujer,8,122,60.3,28,1,1,1.72,36,0
2876,82,Mujer,9.9,126,34.4,NA,1,0,-2.14,25.4,1
2877,60,Mujer,9.3,120,42.8,NA,0,0,-3.21,16.6,1
2878,60,Mujer,10,101,42.2,1494,1,1,-0.58,36,0
2879,55,Hombre,7.8,137,35,160,0,1,-0.19,12.1,1
2880,75,Mujer,8.1,125,52,46,1,0,-4.24,36,0
2881,71,Hombre,7.4,132,52.4,NA,0,1,1.51,36,0
2882,58,Mujer,7.8,125,46.7,494,1,1,-0.06,36,0
2883,74,Hombre,7.9,147,31.9,93,1,0,-1.7,36,0
2884,68,Hombre,NA,141,37.1,50,0,0,-2.12,36,0
2885,63,Hombre,NA,143,46.6,71,0,1,-1.05,36,0
2886,67,Hombre,7,126,44,NA,0,0,-0.39,36,0
2887,46,Hombre,6.7,104,53.1,67,0,1,-1.51,36,0
2888,65,Hombre,5.5,146,49.9,1062,0,1,-0.9,36,0
2889,54,Mujer,7.5,122,52.1,54,0,0,0.22,36,0
2890,55,Hombre,8.3,126,33.9,76,0,0,-1.62,36,0
2891,48,Mujer,7.1,134,71.4,155,0,1,0.39,36,0
2892,58,Hombre,7.2,122,61.2,34,1,0,-0.48,36,0
2893,70,Hombre,NA,106,50,NA,1,1,-1.72,36,0
2894,63,Mujer,5.5,124,49.8,38,0,0,-1.51,36,0
2895,57,Mujer,5.5,NA,42.8,287,0,0,-2.05,36,0
2896,57,Mujer,7.7,132,45.5,47,0,0,-0.26,36,0
2897,76,Hombre,8.2,144,36.1,NA,1,0,-4.65,29.7,1
2898,70,Hombre,7.1,102,61.2,21,0,0,-1.74,36,0
2899,52,Hombre,9.6,125,43.5,101,1,0,-2.35,36,0
2900,63,Hombre,6.8,145,52.5,50,1,0,-0.51,36,0
2901,54,Mujer,6.9,140,29,NA,1,0,-1.67,36,0
2902,57,Mujer,5.8,120,51.5,32,0,0,-2.11,36,0
2903,71,Mujer,7.4,114,58.9,9,0,0,-1.61,36,0
2904,58,Hombre,8.4,147,53.2,NA,0,1,-0.05,36,0
2905,69,Hombre,7.3,135,62.7,NA,0,0,-2.9,36,0
2906,58,Hombre,6,147,51.8,110,0,1,1.27,36,0
2907,69,Mujer,8.4,136,58.6,1509,0,1,-1.27,36,0
2908,63,Hombre,7.7,108,35.5,NA,0,0,-2.3,36,0
2909,82,Hombre,NA,134,47.7,NA,1,0,-1.92,36,0
2910,59,Mujer,8.2,115,42,NA,0,1,-1.91,36,0
2911,59,Mujer,7.2,117,44,297,0,1,0.94,36,0
2912,76,Hombre,11,124,54.9,452,1,1,-2.54,36,0
2913,70,Mujer,7.9,142,31.1,NA,1,0,-5.46,2.2,1
2914,61,Hombre,8.1,123,53.6,76,0,1,-2.43,36,0
2915,49,Mujer,7.9,125,47.6,134,0,0,-0.55,36,0
2916,66,Mujer,7.6,131,35.5,NA,0,0,-2.14,36,0
2917,77,Mujer,10.2,118,47.7,NA,1,1,-4.93,36,0
2918,85,Mujer,11,198,36.9,851,0,0,-7.13,14.4,1
2919,69,Mujer,8.2,133,53.3,NA,1,0,-2.2,36,0
2920,55,Hombre,7.3,115,44.1,116,0,0,-3.72,36,0
2921,51,Mujer,6.9,129,40.9,16,1,0,-0.96,36,0
2922,76,Hombre,5.5,136,35.8,NA,0,0,0.23,36,0
2923,58,Hombre,10.3,144,56.9,352,0,1,-2.62,36,0
2924,58,Hombre,7.4,115,59.9,133,0,1,-1.47,36,0
2925,52,Mujer,5.8,144,48.6,249,1,1,-0.3,36,0
2926,72,Hombre,7.5,136,65.8,71,0,1,-1.62,36,0
2927,54,Hombre,5.7,130,53.3,314,0,1,-0.44,36,0
2928,61,Mujer,9.1,119,49.3,129,0,0,-2.73,36,0
2929,36,Hombre,7.8,115,62.8,31,1,1,0.82,36,0
2930,57,Hombre,5.5,144,49.3,154,1,0,-0.6,36,0
2931,75,Mujer,NA,144,44.1,116,0,0,-3.09,32.4,1
2932,72,Mujer,NA,130,45.2,NA,0,1,-2.65,15.9,1
2933,58,Hombre,NA,124,34.8,NA,0,0,-3.22,36,0
2934,68,Mujer,10.8,136,37.1,NA,0,1,-3.04,36,0
2935,46,Hombre,9.3,139,43.2,73,0,1,-2.88,36,0
2936,65,Hombre,NA,143,45.8,127,0,1,-1.12,36,0
2937,69,Hombre,7,165,55,116,0,0,-2.9,36,0
2938,71,Hombre,7.4,144,41.6,NA,0,1,-1.27,36,0
2939,74,Hombre,7.3,137,45.7,27,0,0,-4.7,36,0
2940,56,Hombre,7.6,121,52.3,80,0,0,-1.14,36,0
2941,67,Mujer,6.2,151,25.5,NA,0,0,-3.01,36,0
2942,61,Mujer,6.7,150,39.5,NA,0,1,-2.83,21,1
2943,71,Hombre,10.1,125,49,131,0,1,-0.76,36,0
2944,60,Mujer,NA,141,52.7,90,0,0,-0.69,36,0
2945,73,Hombre,NA,131,30.4,NA,0,0,-3.61,36,0
2946,45,Mujer,8.8,123,53.5,232,0,1,0.96,36,0
2947,83,Mujer,7,147,48.2,110,0,0,-4.65,36,0
2948,62,Mujer,8,109,37.8,NA,1,0,-3.96,36,0
2949,62,Hombre,7.7,112,55.4,12,0,1,0.49,36,0
2950,61,Mujer,7.2,138,51.3,46,0,0,-0.15,36,0
2951,60,Mujer,6.9,145,37.6,249,0,0,-2.39,36,0
2952,56,Hombre,8,143,25.3,NA,0,0,-1.55,36,0
2953,79,Hombre,7.7,NA,41.2,213,0,0,-3.87,36,0
2954,73,Hombre,6.8,147,47,45,1,0,-4.52,36,0
2955,73,Hombre,9.3,141,47.9,87,0,0,-3.65,36,0
2956,51,Hombre,8.6,118,53.1,297,0,1,-0.2,36,0
2957,52,Hombre,6.7,140,48.6,53,1,1,-3.4,36,0
2958,56,Hombre,9.3,144,67.2,46,0,1,-0.66,36,0
2959,62,Hombre,5.7,153,47.7,NA,0,1,-1.74,36,0
2960,47,Hombre,8.4,125,48.3,257,0,1,-0.35,11.2,1
2961,62,Hombre,8.8,114,31.6,48,0,0,-0.8,36,0
2962,57,Hombre,NA,131,48.9,67,0,1,-1.12,36,0
2963,76,Hombre,8.9,137,20,NA,1,0,-4.64,36,0
2964,57,Hombre,7.9,143,35.7,87,1,0,-4.39,36,0
2965,55,Mujer,NA,129,39.8,NA,0,1,0.14,36,0
2966,59,Mujer,8.9,110,55.2,87,1,1,-2.61,36,0
2967,60,Hombre,8.6,124,37.1,53,0,0,0.35,26.4,1
2968,77,Hombre,7.2,161,34.6,NA,1,0,-4.26,36,0
2969,61,Hombre,6.3,138,69.1,515,0,1,1.43,36,0
2970,73,Hombre,6.1,140,37.5,214,0,0,-2.63,36,0
2971,62,Hombre,8.8,128,45.7,722,0,1,0.41,36,0
2972,68,Hombre,NA,143,45.1,16,1,0,-2.08,36,0
2973,59,Mujer,7.6,138,54.9,NA,1,1,-2.86,36,0
2974,58,Hombre,NA,133,43.7,NA,1,1,-1.07,33.7,1
2975,67,Hombre,8.4,137,51.2,102,0,0,-1.09,36,0
2976,51,Mujer,5.5,140,53.3,178,0,1,-1,36,0
2977,49,Mujer,6.4,148,53.4,NA,0,1,-0.77,36,0
2978,72,Mujer,NA,134,38.2,251,0,1,-3.45,36,0
2979,56,Hombre,7.5,123,53.8,NA,1,1,-0.9,36,0
2980,62,Hombre,NA,129,47.2,NA,0,1,0.61,36,0
2981,82,Hombre,6.3,141,50.6,1807,0,1,0.49,36,0
2982,48,Mujer,8.4,161,50,258,0,1,-2.76,18.2,1
2983,69,Hombre,7.4,147,53.8,190,1,1,-2.08,36,0
2984,62,Hombre,7.3,125,47.3,344,0,1,-1.49,36,0
2985,70,Hombre,5.5,135,41.6,NA,0,1,-1.76,36,0
2986,73,Hombre,10.2,171,24.3,NA,1,0,-5.44,12.5,1
2987,68,Mujer,11,162,45.1,NA,0,0,-4.05,24.7,1
2988,72,Hombre,7.1,129,51.6,NA,0,0,-2.65,36,0
2989,58,Mujer,9,121,38.3,542,0,1,-0.67,36,0
2990,75,Hombre,8.5,149,51.8,209,1,1,-2.13,36,0
2991,56,Hombre,5.7,142,51.5,27,0,0,-1.12,36,0
2992,69,Hombre,8.8,137,46.4,NA,0,1,1.79,36,0
2993,62,Mujer,8.4,123,50.9,215,0,1,-0.16,36,0
2994,77,Mujer,8.3,148,46,NA,0,0,-3.44,36,0
2995,84,Hombre,8.7,156,40.6,NA,0,0,-3.29,20.7,1
2996,70,Mujer,8.1,129,41.9,NA,1,0,-4.23,20.8,1
2997,61,Mujer,7.8,96,31.7,68,0,1,-0.27,36,0
2998,63,Hombre,7.9,135,47.8,240,0,0,-2.65,36,0
2999,67,Hombre,9,140,24.4,NA,0,0,-4.35,36,0
3000,64,Hombre,6.4,140,56.6,7,0,1,0.18,36,0
3001,65,Mujer,8,149,32.2,667,0,1,-1.78,36,0
3002,70,Hombre,7.6,135,39.8,NA,1,0,-1.85,36,0
3003,63,Mujer,6.7,165,44.3,NA,0,0,-1.95,36,0
3004,69,Hombre,8.5,115,39.1,39,1,0,-1.69,36,0
3005,60,Mujer,NA,133,45.9,38,0,1,-0.86,36,0
3006,67,Hombre,10.3,123,53.5,26,1,1,-2.35,36,0
3007,64,Hombre,9.1,106,34.6,NA,0,0,-2.84,27.4,1
3008,57,Mujer,7.9,139,30.1,30,0,1,1.37,36,0
3009,61,Hombre,6.7,135,44.2,29,1,1,-2.67,36,0
3010,79,Hombre,8.8,155,55.5,163,1,0,-4.8,12.3,1
3011,62,Hombre,9.4,NA,60.3,673,0,1,-2,36,0
3012,48,Hombre,NA,138,67.4,259,1,1,0.46,36,0
3013,67,Mujer,7.1,139,45.5,1439,0,1,-2.92,36,0
3014,74,Hombre,9.1,130,51.6,NA,1,1,-1.64,6,1
3015,65,Hombre,5.8,151,62.5,40,1,1,-0.43,36,0
3016,73,Mujer,7.3,147,48.5,183,0,0,-1.93,36,0
3017,71,Hombre,7.7,132,58.4,26,0,0,-2.33,36,0
3018,76,Hombre,6.9,136,34.9,NA,0,0,-2.86,36,0
3019,44,Hombre,8.7,113,51.6,46,0,1,-0.21,36,0
3020,65,Hombre,7.5,115,42.9,30,0,0,-0.31,36,0
3021,69,Hombre,10,134,60.9,1318,0,1,-0.62,36,0
3022,61,Hombre,7.2,154,54.2,103,0,0,-1.3,36,0
3023,55,Hombre,7.7,151,59.3,96,0,1,-0.01,36,0
3024,54,Mujer,7.9,126,65,60,0,0,-0.83,36,0
3025,51,Hombre,8.6,142,63.9,443,0,1,-0.06,36,0
3026,70,Mujer,8.3,125,35.8,90,0,0,-2.13,36,0
3027,68,Hombre,6.8,143,36.5,49,0,0,-3.59,36,0
3028,47,Hombre,6.2,NA,43.8,178,0,1,-2.37,36,0
3029,90,Hombre,7.8,149,37,557,0,0,-3.54,7.6,1
3030,72,Mujer,7.4,130,20,47,0,0,-2.28,36,0
3031,57,Hombre,9.1,107,40.9,60,0,0,-2.74,36,0
3032,69,Hombre,7.5,132,36.4,113,0,0,-3.33,36,0
3033,62,Mujer,7.2,149,32.9,91,0,0,-1.69,31.5,1
3034,65,Mujer,8.5,119,42.5,93,1,0,-2.94,36,0
3035,68,Mujer,7.7,106,41.8,15,0,0,-1.76,24.5,1
3036,64,Hombre,7.4,121,46,130,1,0,-2.23,36,0
3037,52,Hombre,7.5,163,52.1,63,0,1,-1.43,36,0
3038,86,Mujer,7.2,145,43.8,NA,0,0,-3.26,36,0
3039,88,Mujer,8.7,158,49.5,80,1,0,-3.6,36,0
3040,55,Mujer,6.5,124,58.5,52,1,1,-1.81,36,0
3041,65,Hombre,9.9,149,56.1,NA,0,1,-2.62,36,0
3042,72,Hombre,6.6,137,44.4,70,0,0,-3.48,36,0
3043,48,Hombre,7.8,154,42.4,104,0,0,-1.63,3.5,1
3044,78,Mujer,7.3,155,36.2,NA,0,0,-4.39,36,0
3045,52,Hombre,6.1,132,40.4,86,0,0,-0.92,36,0
3046,40,Hombre,7.9,106,67.2,30,0,1,-0.71,36,0
3047,52,Hombre,6.9,137,40.2,71,1,0,-1.02,36,0
3048,69,Hombre,7.9,146,35.8,91,0,0,-2.3,36,0
3049,58,Hombre,9.1,155,44,NA,0,1,-1.32,36,0
3050,75,Mujer,7.4,162,40.4,162,0,1,-1.13,36,0
3051,62,Hombre,7.4,141,48.1,NA,0,0,-4.16,36,0
3052,60,Hombre,8.1,125,48.8,286,0,1,0.82,36,0
3053,71,Hombre,8.5,144,47.6,NA,1,1,-3.33,36,0
3054,46,Hombre,5.5,141,57.7,105,0,1,-0.17,36,0
3055,75,Hombre,8.2,144,47.1,73,0,0,-3.58,36,0
3056,62,Hombre,7.8,131,45,NA,0,0,-0.81,36,0
3057,65,Hombre,6.7,108,43.9,NA,0,0,1.14,36,0
3058,63,Mujer,9.7,136,61.8,940,0,1,-1.99,36,0
3059,60,Hombre,9.3,150,53.5,70,0,1,-0.22,36,0
3060,87,Mujer,5.5,155,34.2,NA,0,0,-2.1,36,0
3061,65,Mujer,6.7,120,26,52,0,0,-1.26,25.3,1
3062,68,Mujer,6.3,132,32.1,27,1,1,-0.52,36,0
3063,58,Hombre,5.9,142,63.3,41,0,1,-0.16,36,0
3064,82,Mujer,NA,140,40.4,NA,0,0,-5.19,36,0
3065,67,Mujer,9.5,127,24.9,NA,0,1,0.51,36,0
3066,58,Hombre,10.2,146,47.9,321,0,1,-2.6,36,0
3067,58,Mujer,7.8,150,35,NA,0,1,-3.04,36,0
3068,66,Hombre,7.8,140,36.8,NA,1,0,-2.74,36,0
3069,56,Hombre,6.9,129,29.3,246,0,0,-2.36,5.6,1
3070,49,Hombre,6.2,103,39.2,134,0,0,-0.22,36,0
3071,66,Hombre,8.6,135,57.6,NA,0,1,-0.9,36,0
3072,61,Mujer,8.1,105,32,42,0,0,-3.43,25.3,1
3073,65,Mujer,6.8,137,42.6,NA,0,1,-0.37,36,0
3074,73,Hombre,8,146,48.9,NA,0,0,-5.25,36,0
3075,63,Hombre,6.7,125,45,NA,0,1,-0.78,36,0
3076,59,Mujer,6.1,136,50.7,34,1,1,-1.47,36,0
3077,70,Hombre,10,144,56.7,652,1,1,-0,36,0
3078,45,Hombre,8.4,133,54,46,0,1,-1.44,36,0
3079,80,Hombre,7.3,130,32.8,NA,1,0,-6.17,36,0
3080,52,Mujer,9.8,148,61.8,215,0,1,-0.7,36,0
3081,62,Hombre,8.2,130,51.9,141,0,0,-2.15,31.2,1
3082,65,Mujer,8.3,NA,48.8,31,1,0,-1.48,0.9,1
3083,55,Mujer,7.6,125,57.7,25,0,0,-0.87,36,0
3084,56,Hombre,7.4,135,41.9,64,0,0,-0.56,36,0
3085,60,Hombre,8.1,123,54.3,190,0,1,1.59,20.3,1
3086,61,Mujer,9.2,130,51.2,158,1,1,-3.01,36,0
3087,52,Hombre,7.9,136,60.2,294,0,1,-0.02,36,0
3088,58,Hombre,7,129,64.2,66,1,1,-0.07,36,0
3089,66,Mujer,9,135,25.9,NA,0,0,-3.56,36,0
3090,66,Mujer,10,151,42.7,NA,0,1,-2.05,36,0
3091,80,Hombre,5.7,121,26.3,NA,0,1,-2.31,19.7,1
3092,90,Mujer,7.3,139,34.7,NA,0,0,-2.98,36,0
3093,81,Mujer,6.2,154,21.6,NA,0,1,-1.09,36,0
3094,69,Hombre,6.5,138,35.2,52,0,0,-0.32,36,0
3095,58,Hombre,6.6,150,53.3,26,1,1,-1.54,36,0
3096,59,Mujer,8.9,110,53.7,121,0,0,-1.78,36,0
3097,79,Mujer,8.3,109,63,NA,0,1,-1.12,36,0
3098,63,Mujer,8.5,121,60.7,57,0,0,-0.58,36,0
3099,67,Hombre,NA,116,67.5,39,0,0,-2.25,36,0
3100,74,Hombre,8.6,140,53,82,0,1,-1.94,36,0
3101,74,Hombre,8.7,120,30.1,NA,0,0,-1.62,36,0
3102,59,Mujer,7.1,106,46.7,36,1,1,-0.88,36,0
3103,68,Mujer,NA,139,43,NA,0,0,-4.09,36,0
3104,45,Mujer,8.4,118,53.2,87,0,1,0.1,36,0
3105,56,Hombre,5.9,110,59.4,60,1,0,-1.3,36,0
3106,61,Mujer,6,120,36,NA,0,1,-0.96,2.5,1
3107,49,Hombre,6.8,132,50.6,37,0,1,-2.04,36,0
3108,54,Hombre,8.3,157,52.1,279,0,1,-1.36,36,0
3109,66,Mujer,9.7,151,35.3,448,0,1,1.89,36,0
3110,56,Hombre,7.6,153,32.7,113,0,1,-0.88,36,0
3111,63,Hombre,8.5,119,40.9,NA,0,1,-1.03,36,0
3112,63,Hombre,6,143,48,48,0,1,-2.49,36,0
3113,59,Mujer,6.7,135,52.5,81,0,1,-1.93,36,0
3114,65,Mujer,8.4,123,31.5,23,1,0,-1.87,36,0
3115,49,Mujer,6.9,128,57.3,97,0,0,-1.9,36,0
3116,73,Hombre,6.9,125,41.5,NA,0,0,-3.47,36,0
3117,71,Mujer,6.8,150,45.9,657,0,1,-0.69,36,0
3118,81,Hombre,9.3,126,40,NA,0,0,-2.84,36,0
3119,40,Hombre,8.2,98,47.5,286,0,1,-0.33,36,0
3120,57,Mujer,9,135,54.4,494,1,0,-2.71,36,0
3121,79,Mujer,8,177,48.6,NA,0,0,-5.99,36,0
3122,65,Hombre,7.6,130,53.9,172,0,0,-0.97,23,1
3123,74,Hombre,5.5,141,35.4,138,0,0,-1.63,36,0
3124,68,Hombre,6.3,170,44.6,110,1,0,-3.65,18.4,1
3125,54,Hombre,6.2,120,43.9,346,0,0,-2.33,36,0
3126,57,Hombre,9.7,NA,43.3,43,1,0,-1.15,36,0
3127,52,Mujer,8.6,126,52.2,NA,1,1,-1.57,35.5,1
3128,67,Mujer,8.2,129,43,146,1,0,-4.63,35.8,1
3129,61,Hombre,NA,112,58.3,45,1,0,-0.19,36,0
3130,56,Hombre,9,146,45.6,1035,0,1,-0.35,36,0
3131,67,Mujer,7.5,147,44.5,157,0,1,-0.8,36,0
3132,63,Mujer,7.2,128,42,145,0,0,-1.38,36,0
3133,49,Mujer,9.3,135,72.2,204,0,1,1.03,36,0
3134,50,Mujer,6.9,115,57.3,325,0,0,0.3,36,0
3135,90,Hombre,8,158,40.7,NA,0,0,-2.44,36,0
3136,61,Hombre,9.5,165,36.7,NA,0,0,-2.66,6.7,1
3137,61,Mujer,NA,130,44.1,73,0,0,-2.65,36,0
3138,82,Mujer,NA,NA,41.9,193,0,1,-3.5,36,0
3139,87,Hombre,9,NA,38.1,NA,0,0,-2.41,36,0
3140,52,Hombre,8.9,141,41.4,NA,0,1,-1.09,36,0
3141,69,Mujer,7.8,146,50.8,NA,0,0,-2.56,36,0
3142,75,Mujer,5.8,161,43.6,NA,1,0,-5.23,36,0
3143,57,Hombre,8.9,141,46.9,233,0,1,-0.83,36,0
3144,61,Hombre,6.3,120,48.8,NA,0,1,-2.12,36,0
3145,59,Hombre,6.3,138,56.6,230,1,0,-3.38,36,0
3146,68,Hombre,9.1,129,60.7,181,0,1,-2.42,36,0
3147,52,Hombre,6.1,153,36.7,58,0,1,-1.52,36,0
3148,66,Hombre,8.3,115,41.5,126,0,0,-1.67,36,0
3149,72,Mujer,8.8,108,43.6,147,0,0,-3.51,36,0
3150,68,Mujer,10.1,116,56.7,307,0,1,-2.47,36,0
3151,69,Hombre,7.3,134,41,580,0,0,-3.77,16.2,1
3152,69,Hombre,6.1,147,43.9,249,0,1,-0.04,36,0
3153,59,Hombre,8.6,137,57.8,192,0,1,-0.72,29.6,1
3154,68,Mujer,7.3,139,42.5,12,0,0,-3.2,36,0
3155,60,Mujer,NA,129,62.9,118,0,0,-2.69,36,0
3156,68,Hombre,8.7,153,36.6,NA,0,0,-3.75,24.9,1
3157,44,Mujer,NA,106,58.2,71,1,1,-2.53,36,0
3158,73,Hombre,7.6,120,37,55,1,0,-2.2,36,0
3159,60,Mujer,7.9,114,41.4,183,0,1,0.76,36,0
3160,74,Mujer,7,151,56.5,423,0,1,-1.02,36,0
3161,74,Hombre,8.2,141,53.2,171,1,1,-0.34,36,0
3162,68,Mujer,9.6,140,47,NA,0,1,-2.21,36,0
3163,64,Hombre,8.9,137,52.2,141,0,1,-1.45,36,0
3164,51,Mujer,8.1,134,47.9,165,0,1,0.58,36,0
3165,60,Hombre,NA,117,41.3,24,0,0,-2.18,36,0
3166,62,Mujer,8.1,NA,50.1,98,1,0,-1.56,36,0
3167,65,Mujer,9.2,102,40.9,307,0,1,-3.05,36,0
3168,65,Mujer,6.5,123,50.8,113,0,1,-0.58,36,0
3169,63,Hombre,8.5,119,37.3,NA,1,1,-2.03,36,0
3170,72,Hombre,9.1,145,48.1,281,0,1,-3.31,36,0
3171,83,Mujer,9.7,146,28.9,NA,1,0,-4.6,7.9,1
3172,57,Hombre,NA,139,38.9,52,1,0,-2.79,23.1,1
3173,73,Mujer,NA,125,24.7,NA,0,0,-2.41,36,0
3174,65,Hombre,7,134,48.1,254,1,1,-0.33,36,0
3175,77,Hombre,8.9,166,30.5,NA,0,0,-3.76,36,0
3176,55,Mujer,5.8,143,40.4,50,1,1,-0.85,36,0
3177,70,Hombre,7.7,NA,43.3,771,0,0,-2.31,36,0
3178,70,Hombre,7.7,129,48.1,NA,1,0,-4.4,2.9,1
3179,73,Hombre,8.5,151,51.9,116,1,0,-2.89,36,0
3180,70,Hombre,9.7,127,28.4,NA,0,1,-3,36,0
3181,66,Hombre,5.9,136,49.8,113,0,0,-1.49,33.4,1
3182,53,Mujer,7.8,133,61.3,39,0,1,-1,36,0
3183,84,Hombre,7.4,123,34.6,NA,0,0,-3.49,36,0
3184,47,Hombre,8,104,42.5,179,0,1,-1.73,36,0
3185,51,Hombre,6.3,99,55.3,22,0,1,-0.26,36,0
3186,69,Mujer,10.9,148,47.1,NA,0,0,-1.2,36,0
3187,42,Mujer,7.4,155,59,74,0,1,1.88,36,0
3188,65,Hombre,NA,127,50.7,76,0,0,-1.62,36,0
3189,48,Hombre,5.9,125,62.4,66,0,1,-0.21,36,0
3190,65,Mujer,7.7,116,38.2,NA,0,1,-1.07,36,0
3191,80,Hombre,NA,149,51.7,60,1,1,-2.8,36,0
3192,65,Mujer,5.7,144,32.7,200,0,0,-4.7,36,0
3193,65,Hombre,8,140,47.3,195,0,1,0.57,36,0
3194,62,Hombre,8.1,136,45.6,NA,0,1,-2.97,36,0
3195,48,Mujer,6.9,114,57.8,56,0,1,0.36,36,0
3196,57,Hombre,7,134,35.4,NA,1,0,-2.34,36,0
3197,68,Mujer,6.7,121,49.1,59,0,0,-2.89,9.8,1
3198,83,Mujer,7.8,135,37,NA,1,0,-4.28,36,0
3199,74,Hombre,NA,157,35.2,NA,0,1,-1.22,36,0
3200,49,Mujer,5.9,124,46.1,157,0,0,-0.85,36,0
3201,57,Mujer,NA,175,40.2,NA,0,0,-3.95,36,0
3202,84,Hombre,8.5,124,58.9,NA,1,1,-1.07,36,0
3203,47,Hombre,8.7,115,47,12,1,0,-2.99,36,0
3204,78,Hombre,8.8,133,22.4,615,0,0,-4.79,6.7,1
3205,66,Mujer,7,112,41.3,75,1,0,-2.38,36,0
3206,66,Mujer,7,143,39.7,13,0,0,-0.16,36,0
3207,72,Mujer,5.8,154,44.6,NA,0,0,-1.29,17.3,1
3208,76,Mujer,5.5,126,26.2,NA,0,1,-1.37,36,0
3209,65,Mujer,8.8,125,42.3,NA,0,1,-0.85,36,0
3210,60,Mujer,7.5,143,54,166,0,0,-2.01,36,0
3211,71,Mujer,6.1,144,40.6,93,0,1,-4.34,36,0
3212,52,Hombre,7.4,114,37.6,63,0,0,-0.77,36,0
3213,52,Hombre,6,111,42.1,9,0,0,-0.28,36,0
3214,51,Mujer,NA,141,30.9,NA,0,0,-3.46,36,0
3215,51,Hombre,9.1,145,43.7,547,0,1,-1.12,36,0
3216,51,Hombre,7.6,119,55.8,58,0,1,-0.47,36,0
3217,76,Hombre,7.6,128,35,NA,0,0,-2.34,21.6,1
3218,56,Mujer,7.3,NA,46,NA,0,1,-0.58,36,0
3219,79,Mujer,9.6,141,36.4,NA,0,0,-3.35,17.6,1
3220,49,Mujer,NA,150,38.5,150,0,1,0.2,36,0
3221,46,Mujer,8.8,121,56.1,164,0,0,-2.47,36,0
3222,63,Mujer,8.5,148,52,165,0,1,-0.42,36,0
3223,52,Hombre,7.3,108,68,71,0,0,-0.17,36,0
3224,62,Hombre,7.7,113,60.4,49,0,0,0.33,36,0
3225,73,Mujer,8.2,161,45.5,764,0,1,-0.26,36,0
3226,66,Mujer,8.1,139,51,141,1,1,0.59,36,0
3227,46,Hombre,5.5,142,50.6,86,0,1,-0.31,36,0
3228,54,Hombre,6.3,158,53.4,437,0,1,-0.1,6.4,1
3229,57,Hombre,8.2,133,40.6,294,1,1,-2.38,17.5,1
3230,59,Hombre,7.9,148,33.3,NA,0,1,-1.59,36,0
3231,57,Mujer,NA,149,36.6,432,0,1,-1.54,36,0
3232,43,Mujer,5.8,137,46.4,26,0,1,-0.14,36,0
3233,77,Hombre,7.7,144,41.4,490,0,1,-1.13,36,0
3234,61,Hombre,7.3,142,42.1,117,0,0,-0.58,36,0
3235,55,Mujer,9.7,121,47.9,94,0,1,0.26,36,0
3236,62,Hombre,7.4,134,39.1,NA,0,0,-1.84,30.1,1
3237,79,Mujer,8.9,132,30,37,1,0,-2.16,36,0
3238,63,Mujer,9,130,48.2,107,0,0,-3.81,36,0
3239,54,Hombre,7.5,142,64.5,229,0,1,-1.58,27.6,1
3240,41,Hombre,7.7,136,55.7,37,0,1,-0.58,36,0
3241,59,Hombre,5.8,118,50,11,0,0,-2.2,36,0
3242,62,Mujer,6.8,134,57.9,155,0,1,-0.17,36,0
3243,54,Hombre,5.9,141,44.3,56,0,0,0.63,36,0
3244,56,Mujer,NA,140,61.1,94,0,0,-2.39,36,0
3245,66,Mujer,8.9,123,45.3,NA,0,1,-3.33,36,0
3246,65,Hombre,7.1,162,21.8,301,0,1,-1.8,36,0
3247,72,Mujer,7.5,144,48.8,358,0,1,-1.08,10.1,1
3248,61,Mujer,7.7,119,49.7,110,1,1,-2.02,36,0
3249,69,Mujer,7.8,125,61,NA,1,0,-5.4,0.3,1
3250,57,Hombre,8.7,144,50.7,NA,0,1,-1.02,36,0
3251,67,Mujer,7.1,126,59.8,65,0,0,0.3,36,0
3252,79,Hombre,7.7,171,41.2,326,0,1,-1.02,36,0
3253,74,Hombre,7.2,133,50.5,87,1,0,-2.51,36,0
3254,71,Hombre,7.9,144,51.4,18,1,1,-1.98,36,0
3255,58,Mujer,8.7,117,53.2,249,0,1,-0.17,36,0
3256,62,Hombre,5.5,144,53.3,44,0,0,-0.2,36,0
3257,54,Mujer,7.3,149,27.9,136,0,1,-1.87,36,0
3258,67,Hombre,8.1,156,45.2,NA,0,0,-3.73,36,0
3259,75,Mujer,5.5,128,50.6,NA,0,1,-2.37,36,0
3260,50,Mujer,8.6,NA,48.5,101,0,1,0.76,36,0
3261,75,Mujer,7.5,141,28,NA,1,0,-4.09,36,0
3262,51,Mujer,7.4,117,51.5,121,0,1,0.37,36,0
3263,63,Mujer,9,121,41.6,66,0,1,0.53,36,0
3264,60,Hombre,9,144,54.8,230,1,1,-0.95,36,0
3265,59,Hombre,9.2,126,62.4,76,0,0,-0.84,36,0
3266,53,Mujer,5.6,160,48.2,90,0,0,-0.46,36,0
3267,58,Hombre,7.1,143,52.2,60,1,1,0.05,36,0
3268,63,Mujer,5.5,146,36.7,NA,1,1,-1.38,36,0
3269,54,Mujer,7.7,138,35.2,31,0,0,-4.21,36,0
3270,65,Hombre,7.5,115,42.6,28,0,0,-1.87,36,0
3271,58,Hombre,7.8,147,31.6,1496,0,1,-0.86,36,0
3272,43,Hombre,8.3,125,59.7,17,0,1,-0.09,36,0
3273,67,Hombre,9.8,149,54.3,NA,0,0,-5.52,4.1,1
3274,71,Mujer,6.4,136,61.6,263,0,0,-1.93,36,0
3275,64,Mujer,8.9,135,60.9,77,0,0,-0.78,36,0
3276,63,Hombre,5.5,176,45.5,15,0,0,0.34,36,0
3277,75,Hombre,8.1,111,31.9,NA,0,0,-1.41,36,0
3278,58,Hombre,8.4,126,32.5,377,0,0,-2.99,26.3,1
3279,81,Mujer,7.3,152,55.6,NA,0,0,-2.29,36,0
3280,71,Mujer,7,131,48.4,NA,0,0,-3.65,36,0
3281,51,Mujer,8.3,145,55.3,NA,0,1,-1.66,36,0
3282,56,Mujer,6.8,144,64.8,37,0,1,-0.3,36,0
3283,65,Hombre,7.6,115,52.2,27,0,0,0.69,36,0
3284,54,Mujer,7.5,132,41.9,29,1,1,-1.8,36,0
3285,57,Hombre,6.8,142,48.5,217,0,1,-1.63,36,0
3286,60,Mujer,7.9,116,45,117,0,0,-2.56,36,0
3287,56,Hombre,8.2,145,48.2,NA,0,1,-1.86,36,0
3288,74,Hombre,5.7,128,41.1,227,1,0,-3.43,36,0
3289,56,Mujer,6.5,140,55.9,119,0,1,-1.29,36,0
3290,68,Mujer,5.5,154,55.6,95,0,1,-0.04,36,0
3291,59,Hombre,5.5,124,57.9,79,1,1,-3.7,36,0
3292,75,Mujer,9.2,111,36.2,217,0,0,-4.85,36,0
3293,67,Hombre,9,157,41.5,78,0,1,0.8,36,0
3294,68,Mujer,8.6,113,43.9,255,1,0,-2.81,36,0
3295,75,Hombre,9.8,131,26.7,NA,1,0,-6.61,14.6,1
3296,56,Hombre,7.4,147,50.9,56,0,1,0.08,1.5,1
3297,64,Hombre,6.8,NA,45.6,61,1,0,-2.1,11.8,1
3298,61,Hombre,6.8,164,53.2,84,0,1,-2.82,36,0
3299,66,Mujer,8,125,38,NA,1,1,-1.9,13.7,1
3300,69,Hombre,7.8,127,44.3,NA,0,0,-5.04,36,0
3301,67,Hombre,8.1,139,47.4,237,0,0,-3.6,36,0
3302,61,Hombre,NA,119,43.8,NA,1,0,-1.96,36,0
3303,59,Mujer,8.4,146,35.4,NA,1,1,-1.81,36,0
3304,75,Mujer,9.3,132,40.1,70,0,0,-2.81,36,0
3305,58,Hombre,9,141,37.6,54,0,0,-2.53,36,0
3306,74,Hombre,7.6,152,36.8,NA,1,1,-2.51,36,0
3307,59,Hombre,5.5,127,45.1,62,1,0,-4.73,36,0
3308,58,Hombre,7.7,149,60.2,NA,0,1,-0.41,36,0
3309,70,Hombre,7.8,172,47.2,NA,1,0,-2.4,36,0
3310,66,Hombre,7.6,NA,42,37,0,0,-1.19,36,0
3311,73,Mujer,6.8,108,42.9,36,0,0,-1.69,25.9,1
3312,60,Hombre,6.8,125,54.9,203,0,0,-2.61,36,0
3313,71,Mujer,6.8,131,37.6,146,0,0,-1.44,36,0
3314,81,Mujer,8.7,162,43,NA,0,1,-0.55,36,0
3315,73,Mujer,8.8,NA,49.6,NA,0,0,-2.6,34.1,1
3316,74,Hombre,8.2,150,41.3,NA,1,0,-3.46,7.4,1
3317,74,Mujer,10.2,128,20,NA,0,0,-7.66,28.8,1
3318,79,Mujer,7.4,157,21.2,NA,0,0,-6.54,33.9,1
3319,56,Hombre,7,152,48.5,291,1,1,0.3,36,0
3320,60,Hombre,6.3,150,54.2,45,0,1,-1.08,36,0
3321,63,Hombre,7.2,119,43.4,101,0,1,0.22,36,0
3322,73,Mujer,7.4,138,39.7,NA,0,0,-1.49,36,0
3323,67,Mujer,7.1,NA,35.2,NA,0,1,2.28,36,0
3324,70,Hombre,10.4,138,54.8,18,0,0,-3.06,36,0
3325,70,Mujer,8.8,121,49.5,72,0,1,-0.52,36,0
3326,74,Hombre,8,137,48.3,375,1,1,-2.91,36,0
3327,66,Hombre,7.2,143,47.6,NA,1,0,-3.8,8.4,1
3328,70,Hombre,8.5,119,63.4,NA,1,1,-3.64,36,0
3329,63,Hombre,6.9,168,52,359,1,1,-2.91,36,0
3330,62,Mujer,6.8,168,35.8,NA,1,0,-2.11,27.6,1
3331,89,Mujer,6.2,128,31.5,NA,0,0,-5.2,36,0
3332,65,Mujer,8.4,106,57.1,30,0,0,-1.09,36,0
3333,69,Hombre,8.1,128,48.1,NA,0,0,-3.66,36,0
3334,69,Mujer,7.7,132,55.4,NA,0,0,-2.56,36,0
3335,60,Hombre,7,117,35.7,NA,0,0,-4.87,36,0
3336,78,Hombre,8.3,135,56.6,38,1,0,-2.13,36,0
3337,81,Hombre,9.9,160,20,NA,0,0,-4.95,36,0
3338,44,Mujer,6.9,128,43.7,110,0,0,-0.82,36,0
3339,79,Mujer,7.8,116,39.4,NA,1,0,-1.72,36,0
3340,53,Hombre,9.2,114,49.5,184,1,1,-2.72,36,0
3341,79,Mujer,6.8,127,61.1,NA,0,1,-0.51,36,0
3342,72,Mujer,8,120,41.2,358,0,0,-3.21,36,0
3343,76,Hombre,7.2,129,47.9,26,0,0,-4.64,6.4,1
3344,54,Mujer,8.3,144,55.9,47,0,0,-2.39,36,0
3345,70,Hombre,8.8,147,35.7,NA,1,0,-6.38,36,0
3346,69,Hombre,6.2,129,45.8,NA,1,1,-2.6,15.1,1
3347,61,Hombre,8.2,NA,37.7,74,0,1,-2.43,36,0
3348,62,Hombre,8.7,130,35.6,61,1,0,-0.82,36,0
3349,61,Hombre,8.9,101,52.2,NA,1,1,-1.95,36,0
3350,68,Mujer,7.7,146,42.3,652,0,0,-3.3,36,0
3351,48,Hombre,9.8,115,43.2,NA,0,1,-0.83,36,0
3352,87,Hombre,7.7,124,39.5,147,1,1,-1.18,36,0
3353,55,Mujer,7.3,132,50.3,NA,0,1,-0.33,36,0
3354,72,Hombre,8.9,NA,25.8,831,0,1,-0.52,36,0
3355,68,Mujer,8.2,144,45.2,406,0,0,-3.18,36,0
3356,81,Hombre,5.6,136,46.5,106,1,0,-1.17,36,0
3357,64,Hombre,6.1,120,46.3,NA,1,0,-1.9,36,0
3358,58,Hombre,9.3,133,50.8,156,0,1,-0.01,36,0
3359,63,Mujer,9.7,114,28.1,786,0,0,-2.01,36,0
3360,77,Mujer,NA,142,44.3,354,0,0,-3.23,36,0
3361,61,Mujer,7.4,119,52.1,139,0,0,-0.66,36,0
3362,62,Mujer,7.8,158,56.5,NA,0,1,-3.49,36,0
3363,52,Mujer,6.6,130,62.3,62,0,1,1.82,36,0
3364,64,Mujer,8.1,147,51.7,102,1,0,-1.72,36,0
3365,59,Hombre,5.5,146,41.2,NA,0,0,-3.75,18,1
3366,72,Hombre,8.9,151,41.8,NA,0,0,-5.31,36,0
3367,58,Hombre,8,136,53.6,692,0,1,-0.97,36,0
3368,55,Hombre,NA,167,58.6,NA,0,1,-2.07,2.8,1
3369,61,Hombre,8.3,140,51.3,114,1,1,-2.09,36,0
3370,62,Hombre,8.5,151,36.3,613,0,1,-1.48,36,0
3371,57,Mujer,9.6,139,45.2,92,0,0,-2.74,36,0
3372,53,Mujer,8.1,177,47.7,170,0,1,-2.95,36,0
3373,62,Hombre,7.9,154,53.8,224,1,1,-4.31,36,0
3374,52,Hombre,8.4,137,52.3,58,0,1,-0.78,36,0
3375,78,Hombre,7.7,115,44.3,NA,0,0,-1.36,36,0
3376,65,Hombre,6.3,138,20,NA,1,0,-5.14,36,0
3377,68,Mujer,7.8,151,36.1,NA,0,1,-3.29,36,0
3378,74,Hombre,6.9,131,38.9,105,0,0,-3.25,24.1,1
3379,64,Mujer,8.5,122,54.8,37,0,1,1.41,36,0
3380,64,Hombre,7.7,121,54.8,969,0,1,-0.28,36,0
3381,70,Mujer,7.9,135,37.8,NA,0,0,-2.03,12,1
3382,56,Mujer,6,160,43.2,578,0,0,-3.37,36,0
3383,65,Hombre,NA,129,40.4,635,0,1,-0.35,36,0
3384,41,Mujer,7.3,109,71.4,23,0,1,2.79,36,0
3385,71,Mujer,5.7,133,40.6,37,0,0,-1.28,36,0
3386,42,Mujer,8.5,152,55.6,99,0,1,0.69,36,0
3387,63,Hombre,8.7,143,53.7,NA,0,0,-2.43,36,0
3388,51,Hombre,8.9,124,47.2,87,0,1,-0.08,36,0
3389,52,Hombre,6.5,103,44.3,142,0,1,1.15,36,0
3390,62,Hombre,6.8,132,32,NA,0,0,-5.01,36,0
3391,53,Mujer,8.8,135,65.6,255,0,1,-1.52,36,0
3392,64,Mujer,7.5,112,47.2,18,0,1,1.86,36,0
3393,84,Mujer,6.9,147,52.2,NA,1,0,-5.35,36,0
3394,56,Hombre,8.7,123,37.6,NA,0,0,-1.62,36,0
3395,65,Mujer,7.4,179,29.1,NA,0,0,-3.65,36,0
3396,56,Mujer,5.9,145,46.6,8,0,0,-2.78,36,0
3397,56,Hombre,6.5,120,47.9,149,0,0,-1.36,36,0
3398,41,Hombre,8.2,110,57.1,37,0,1,-0.09,36,0
3399,76,Mujer,6.9,154,47.7,NA,1,0,-5.32,26.1,1
3400,51,Hombre,7.3,115,47.6,11,0,0,0.21,36,0
3401,59,Hombre,7.8,139,37.8,65,0,0,-2.82,13.9,1
3402,64,Mujer,6,142,47.4,395,0,0,-0.92,36,0
3403,47,Hombre,6.1,156,42.1,98,0,0,-1.56,36,0
3404,56,Hombre,6.9,140,43.4,39,1,0,-3.96,36,0
3405,58,Mujer,7.8,143,52.7,NA,1,0,-4.01,0.8,1
3406,50,Hombre,6.9,117,56.5,18,0,0,4.23,36,0
3407,58,Hombre,6.9,141,33.3,768,0,1,-3.15,36,0
3408,61,Mujer,5.8,154,53.2,NA,0,0,-1.72,36,0
3409,58,Hombre,6.5,147,49.9,36,0,0,-1.48,36,0
3410,59,Hombre,8.1,137,38.8,100,0,1,-0.24,36,0
3411,62,Hombre,9,106,37.8,NA,0,1,1.14,36,0
3412,41,Hombre,7.6,138,47.7,12,0,0,0.63,36,0
3413,66,Mujer,5.8,136,50.1,82,0,0,-1.31,36,0
3414,72,Hombre,9.4,138,27.7,114,1,1,-4.38,36,0
3415,78,Mujer,8.1,119,36.9,56,0,1,-1.93,36,0
3416,58,Mujer,7.8,130,47.9,60,0,0,-1.14,36,0
3417,80,Hombre,7.1,122,36,24,0,0,-2.46,36,0
3418,59,Mujer,7.1,130,42.9,NA,0,0,-1.32,36,0
3419,65,Hombre,5.5,134,37.3,361,0,1,0.15,36,0
3420,58,Mujer,8.1,129,49.5,49,0,0,-2.91,36,0
3421,68,Hombre,7.1,127,43.5,415,1,0,-3.18,36,0
3422,59,Hombre,7.1,111,53.3,587,1,1,-0.9,36,0
3423,61,Hombre,8.1,157,45.3,NA,0,0,-1.24,36,0
3424,47,Hombre,8.8,104,32.7,NA,0,1,-2.43,36,0
3425,67,Hombre,8,129,43.1,335,0,0,-3.09,36,0
3426,52,Mujer,9.3,138,45.5,19,0,0,-1.63,36,0
3427,69,Mujer,8,146,30,27,0,0,-2.62,36,0
3428,68,Mujer,8.7,135,34.1,NA,1,0,-3.42,36,0
3429,49,Mujer,5.9,127,53.7,NA,0,1,-1.21,36,0
3430,65,Hombre,5.5,128,35.5,115,0,1,-1.2,36,0
3431,58,Hombre,6.4,134,66.6,41,0,1,1.52,36,0
3432,63,Hombre,5.7,123,40.5,27,0,0,-0.87,36,0
3433,54,Hombre,6.7,124,43.6,65,1,1,-2.37,36,0
3434,52,Hombre,6.3,149,48.3,103,0,1,0.7,36,0
3435,69,Hombre,10.5,150,56.5,402,0,1,-3.51,36,0
3436,72,Hombre,8.5,161,48.8,NA,0,0,-3.61,36,0
3437,54,Hombre,8.9,112,45.7,54,1,0,-1.35,36,0
3438,62,Hombre,5.8,141,43.4,92,1,0,-1.45,36,0
3439,75,Mujer,7.5,165,48.7,NA,0,0,-3.25,36,0
3440,50,Mujer,8.1,121,56.7,47,0,0,-2.51,36,0
3441,78,Hombre,7.7,145,23.8,NA,1,0,-2.64,3.5,1
3442,71,Hombre,8.4,136,33.7,310,0,0,-3.24,36,0
3443,72,Hombre,5.5,110,44.6,39,1,0,-0.1,36,0
3444,58,Mujer,9.7,NA,38.2,93,0,1,-1.44,36,0
3445,66,Mujer,8.7,146,48.4,56,0,1,-1.89,36,0
3446,64,Mujer,8.1,127,43.7,NA,0,1,-4.72,36,0
3447,51,Hombre,9.4,110,55.6,87,0,1,-2.28,36,0
3448,74,Mujer,8.1,134,37.2,119,0,0,-2.76,36,0
3449,59,Hombre,8.6,113,40.4,103,0,1,-2.22,36,0
3450,63,Hombre,7.9,147,56,491,0,1,-0.35,36,0
3451,52,Hombre,7.9,116,48.2,130,1,0,-3.27,36,0
3452,76,Hombre,7.4,134,43.5,145,1,0,-1.75,36,0
3453,76,Hombre,6.8,144,30.7,NA,1,0,-3.83,36,0
3454,59,Mujer,7.2,124,37.8,145,0,0,-1.67,36,0
3455,53,Hombre,6.2,145,38.8,329,1,1,1.7,36,0
3456,63,Hombre,8.6,159,56.1,4542,1,0,-5.6,11.9,1
3457,49,Hombre,8.8,126,61,47,0,1,0.86,36,0
3458,51,Mujer,8.6,151,42.2,23,0,1,-0.62,36,0
3459,70,Hombre,5.8,125,60,NA,0,1,-3.01,36,0
3460,67,Hombre,5.9,NA,50,9,0,0,-2.19,36,0
3461,48,Hombre,7.1,140,58,52,0,0,-0.01,31.3,1
3462,71,Mujer,7.3,121,42.6,NA,0,0,-0.56,36,0
3463,58,Mujer,6,128,40.9,32,0,0,-0.75,36,0
3464,77,Mujer,11.1,118,59.2,NA,0,0,-1.27,36,0
3465,74,Mujer,NA,126,36.2,NA,0,0,-4.08,36,0
3466,68,Hombre,8.1,128,36.2,205,1,0,-4.84,36,0
3467,70,Hombre,7.2,136,40.8,NA,0,0,-3.86,36,0
3468,51,Mujer,7.2,122,49.9,34,0,0,-0.38,36,0
3469,59,Hombre,8.4,128,38.3,842,0,0,-1.63,36,0
3470,74,Hombre,9.5,124,33.2,NA,1,0,-5.11,36,0
3471,71,Hombre,8.9,148,42.9,NA,0,0,-5.09,20.3,1
3472,58,Hombre,8.5,138,48.7,57,0,1,-1.59,36,0
3473,70,Mujer,7.1,137,46.3,28,0,1,-4.13,22.8,1
3474,52,Hombre,5.5,162,51.8,27,0,1,-0.6,10.9,1
3475,65,Hombre,NA,133,49.5,221,1,1,-1.82,23.7,1
3476,58,Mujer,8.6,111,45.1,482,0,1,-3.75,36,0
3477,69,Mujer,7,105,36.7,NA,1,1,-2.54,36,0
3478,67,Hombre,6.8,137,46.5,20,0,0,-2.33,36,0
3479,51,Hombre,NA,141,32.1,274,0,1,-0.68,36,0
3480,56,Mujer,8.7,109,64.8,119,0,1,0.89,36,0
3481,74,Hombre,8.2,130,37.3,NA,1,0,-6.11,3.8,1
3482,67,Mujer,7.6,134,43.1,NA,1,1,-4.81,36,0
3483,88,Hombre,6.8,124,36.8,NA,1,1,-3.14,21.6,1
3484,61,Mujer,6.3,127,46.1,118,0,1,0.86,36,0
3485,78,Hombre,5.5,154,33.8,NA,0,0,-3.8,36,0
3486,69,Hombre,6.7,113,53.7,216,1,1,-1.66,36,0
3487,49,Hombre,7.6,128,49.7,109,0,1,1.24,36,0
3488,60,Hombre,8.9,143,23.3,NA,0,1,-2.15,36,0
3489,75,Mujer,9,131,30.2,941,0,1,0.88,36,0
3490,62,Mujer,9.4,125,53.2,NA,0,1,-0.97,36,0
3491,76,Hombre,9.3,157,32.3,NA,0,0,-4.51,36,0
3492,61,Mujer,9.3,129,57.1,NA,0,1,-0.74,36,0
3493,67,Hombre,5.8,132,38.8,76,0,0,-0.64,36,0
3494,59,Mujer,5.5,NA,57,386,0,0,-1.4,36,0
3495,64,Mujer,7.4,128,56.5,9,1,1,1.65,36,0
3496,53,Hombre,8,138,34.3,NA,0,0,-2.22,24.2,1
3497,69,Hombre,7.3,151,43.8,27,1,0,-2.54,36,0
3498,76,Hombre,9.3,144,43.5,NA,0,0,-4.48,28.9,1
3499,68,Hombre,7.6,145,53.1,134,0,0,-3.38,36,0
3500,41,Mujer,8.8,146,51.4,2600,0,1,-0.75,36,0
3501,61,Hombre,7.8,157,40.7,NA,0,1,0.13,36,0
3502,76,Mujer,8.1,120,30.1,209,0,0,-3.05,35.8,1
3503,73,Mujer,6.8,115,30.3,NA,0,0,-0.69,36,0
3504,63,Hombre,6.1,NA,56.2,64,1,1,-0.66,36,0
3505,60,Mujer,7.8,164,43.9,99,0,1,-1.23,36,0
3506,61,Mujer,7.5,139,40.6,504,0,0,-3.97,36,0
3507,58,Mujer,7.9,104,52.3,12,0,0,1.34,36,0
3508,62,Hombre,6.4,161,46.5,835,1,1,-0.69,36,0
3509,70,Hombre,6.4,158,61.7,NA,0,1,-2.23,36,0
3510,58,Mujer,7.6,113,49,21,0,0,-0.76,36,0
3511,71,Mujer,NA,131,26.6,240,0,1,-1.59,36,0
3512,67,Hombre,7.9,118,40.5,NA,0,0,-3.39,36,0
3513,54,Hombre,7,123,52.4,16,0,1,-1.22,36,0
3514,84,Hombre,8.2,128,41.6,NA,1,0,-4.29,23.5,1
3515,65,Hombre,8.2,139,39.8,NA,0,1,-2.42,36,0
3516,47,Hombre,9.6,160,55.6,101,0,1,-0,36,0
3517,78,Mujer,6.3,146,35.2,54,1,0,-3.19,5.8,1
3518,62,Hombre,8.2,148,29.7,NA,1,1,-3.02,36,0
3519,65,Hombre,5.5,141,41.7,NA,0,0,-0.48,36,0
3520,61,Mujer,7.3,124,45.6,53,0,1,-0.65,36,0
3521,67,Mujer,5.6,154,37.2,NA,0,1,-2.53,36,0
3522,67,Hombre,7.6,151,37.5,68,0,0,-4.15,36,0
3523,62,Hombre,8.2,123,36.8,67,0,0,-1.93,36,0
3524,73,Hombre,8.3,155,57.1,33,1,0,-1.61,23.3,1
3525,76,Hombre,10.2,141,53.6,59,0,0,-2.81,36,0
3526,70,Hombre,8,136,34.2,NA,1,0,-4.43,10.6,1
3527,73,Mujer,8.5,136,63.6,NA,1,1,-3.8,36,0
3528,87,Mujer,7.6,142,31.4,NA,1,0,-2.1,14.2,1
3529,80,Mujer,11,135,31.3,NA,0,1,-4.09,36,0
3530,74,Hombre,8.5,131,31.1,280,0,1,-2.89,36,0
3531,58,Hombre,5.5,140,44.6,138,0,0,1.11,36,0
3532,67,Hombre,6.4,107,38.8,68,0,0,-2.36,36,0
3533,56,Hombre,8.4,136,39.3,87,0,1,-1.49,36,0
3534,63,Mujer,NA,149,60.8,42,0,0,-1.13,36,0
3535,55,Mujer,7.6,130,46.1,64,0,0,-1.36,36,0
3536,45,Hombre,7.5,149,60,394,0,0,-3.14,36,0
3537,67,Mujer,6.6,152,40.3,NA,1,1,-4.14,0.7,1
3538,86,Hombre,6.9,153,40.2,NA,1,0,-5.3,17.6,1
3539,73,Hombre,7.4,135,42.8,105,0,0,-1.88,36,0
3540,53,Hombre,8.9,158,39.9,NA,0,0,-3.8,36,0
3541,51,Hombre,8.9,145,35.5,NA,0,1,-0.68,36,0
3542,70,Mujer,6.2,148,49.4,NA,0,1,-2.62,36,0
3543,64,Mujer,6.8,117,48.7,53,0,0,-1.26,22.4,1
3544,69,Hombre,8.5,95,41.2,28,0,0,-1.16,36,0
3545,70,Hombre,7,120,35.1,NA,0,0,-2.67,36,0
3546,84,Mujer,6.5,144,40.2,146,1,0,-3.86,36,0
3547,56,Mujer,7.8,134,49.5,83,0,1,-0.94,36,0
3548,69,Hombre,9.8,118,43,204,0,0,-2.28,36,0
3549,40,Hombre,8.4,122,41.1,NA,0,0,-2.38,36,0
3550,56,Mujer,9.2,119,65.6,282,0,1,-1.07,36,0
3551,48,Mujer,6.5,168,49.1,236,0,1,-1.5,36,0
3552,63,Mujer,7.9,106,60.5,NA,0,1,-0.67,36,0
3553,44,Hombre,NA,118,52.5,29,0,0,-2.18,36,0
3554,64,Mujer,NA,145,51.2,338,1,1,-3.23,36,0
3555,80,Hombre,6.8,135,37.4,NA,1,0,-3.91,36,0
3556,87,Hombre,NA,104,30.6,NA,0,0,-3.5,8.3,1
3557,58,Hombre,7.6,163,65.8,223,0,0,-1.01,36,0
3558,62,Hombre,6.4,155,44.8,237,1,0,-3.94,36,0
3559,90,Mujer,9.5,142,27.5,NA,0,0,-5.97,36,0
3560,59,Hombre,9.9,101,50.8,105,1,1,-1.11,36,0
3561,73,Hombre,7.1,NA,32.4,86,0,0,-1.14,36,0
3562,68,Hombre,7.6,142,46.8,17,0,0,-2.18,36,0
3563,67,Mujer,7.1,139,48.3,117,0,0,-3.03,36,0
3564,75,Mujer,8.7,NA,56,81,0,1,-2.33,36,0
3565,75,Hombre,7.7,122,33.4,73,0,1,0.23,36,0
3566,71,Hombre,6.7,121,56.2,85,1,0,-2.11,36,0
3567,65,Hombre,7.7,141,47.8,59,0,0,-1.47,36,0
3568,72,Hombre,8.6,159,32.1,NA,1,0,-4.31,18.6,1
3569,70,Hombre,8.1,142,51.5,100,0,1,-2.4,36,0
3570,66,Mujer,8.5,125,39.6,324,1,0,-2.48,36,0
3571,78,Mujer,6.9,160,51.6,182,0,0,-1.85,36,0
3572,57,Mujer,6.5,147,39.2,143,0,0,-3.04,36,0
3573,72,Hombre,NA,136,46.4,NA,1,1,-2.56,36,0
3574,54,Hombre,9,136,47.3,130,0,0,-2.34,36,0
3575,52,Mujer,8,120,55.9,903,0,1,1.25,36,0
3576,63,Hombre,6.9,142,48.2,53,0,1,-0.19,36,0
3577,52,Hombre,7.9,144,51,680,0,0,-3.52,36,0
3578,69,Mujer,6.6,148,26.9,43,0,0,-2.24,36,0
3579,59,Mujer,8.7,129,40.9,NA,1,0,-3.29,36,0
3580,62,Hombre,7.3,147,46.7,NA,0,1,-0.6,36,0
3581,71,Mujer,10.4,148,35.3,658,0,0,-2.3,36,0
3582,46,Mujer,7.5,137,49.4,22,0,1,-1.14,36,0
3583,65,Hombre,8,128,40,262,0,0,-4.79,36,0
3584,81,Mujer,8.7,135,39.2,NA,0,1,-0.2,36,0
3585,58,Mujer,NA,122,54.6,64,0,1,0.71,36,0
3586,73,Hombre,7.6,136,33.1,1590,0,1,-0.86,36,0
3587,67,Hombre,10.8,159,38.8,NA,1,1,-4.15,24.9,1
3588,62,Hombre,7.5,142,58,117,0,0,-2.41,36,0
3589,61,Hombre,9.3,147,41.8,145,0,1,-2.98,26.3,1
3590,66,Hombre,7.5,153,40.8,371,0,1,-0.36,35.7,1
3591,57,Hombre,9.7,99,52,94,0,0,-2.19,13.9,1
3592,76,Hombre,6.9,138,52.9,NA,0,0,-0.84,36,0
3593,67,Mujer,8.4,137,43,59,0,0,-2.63,36,0
3594,55,Hombre,5.5,134,32.5,NA,0,1,-0.52,36,0
3595,52,Mujer,NA,108,49.6,118,1,1,0.35,36,0
3596,64,Mujer,6.9,163,34.5,175,0,0,-1.78,36,0
3597,71,Hombre,7.7,95,57.9,107,1,1,0.56,36,0
3598,66,Hombre,7.3,NA,47,NA,1,0,-0.69,36,0
3599,53,Hombre,7.1,122,53.4,80,0,0,-3.21,36,0
3600,67,Mujer,6.6,135,56.4,109,0,1,-0.27,36,0
3601,71,Hombre,8,137,36.8,NA,1,1,-1.88,36,0
3602,53,Mujer,7.8,139,52.8,133,0,0,-1.82,36,0
3603,48,Mujer,8.2,149,37.2,147,0,1,-1.15,36,0
3604,69,Hombre,9.2,137,29.7,NA,0,0,-5.42,36,0
3605,73,Hombre,8.8,131,38.1,18,1,0,-2.18,36,0
3606,54,Hombre,7.5,125,55.5,54,0,1,-0.05,36,0
3607,52,Mujer,8.5,134,55.1,139,0,1,-1.6,36,0
3608,57,Hombre,8.6,120,66.6,18,0,0,-2.52,36,0
3609,90,Hombre,8.2,134,20,NA,0,0,-3.69,36,0
3610,59,Mujer,7.4,144,56,53,0,1,-2.1,36,0
3611,66,Hombre,5.5,140,57.5,NA,0,1,2.81,36,0
3612,48,Hombre,7.3,118,58.1,115,0,1,0.08,36,0
3613,74,Hombre,7.2,133,40.5,NA,0,1,-0.09,36,0
3614,63,Mujer,5.7,126,38.1,199,0,1,1.26,36,0
3615,66,Hombre,8.2,141,43.3,NA,0,0,-4.13,0.5,1
3616,70,Hombre,6,135,35.8,NA,0,0,-1.87,36,0
3617,76,Hombre,9.4,127,75,45,0,0,-3.48,36,0
3618,58,Mujer,5.7,145,50.4,71,1,0,-2.42,36,0
3619,67,Hombre,7.9,NA,40.8,90,0,0,-2.94,36,0
3620,82,Mujer,9.1,131,32.9,51,0,0,-2.1,36,0
3621,74,Hombre,7.9,128,46.9,NA,0,0,-4.07,36,0
3622,77,Hombre,8.7,160,48.4,897,0,0,-6.76,36,0
3623,54,Hombre,8.4,136,38.4,NA,1,0,-4.11,36,0
3624,53,Hombre,5.6,124,52.4,31,0,0,-1,36,0
3625,65,Mujer,NA,133,57.8,44,0,0,-2.04,36,0
3626,64,Hombre,7.8,95,28.6,242,1,0,-3.76,36,0
3627,63,Mujer,6.6,141,47.9,71,0,1,-0.82,36,0
3628,62,Hombre,8.2,157,29.1,NA,1,1,-2.63,16.3,1
3629,57,Mujer,10.2,122,48,217,0,1,-2.32,36,0
3630,43,Hombre,9.4,171,56,40,1,1,-2.75,36,0
3631,83,Hombre,7.2,153,46.1,NA,0,0,-4.07,36,0
3632,67,Hombre,7.1,138,51,81,0,0,-3.84,36,0
3633,72,Mujer,9.6,136,38.8,NA,0,0,-4.26,36,0
3634,51,Mujer,6.5,107,59,NA,0,1,-1,36,0
3635,62,Mujer,7.8,140,55,146,0,1,-2.15,36,0
3636,87,Mujer,7.5,148,31.3,NA,0,0,-3.52,36,0
3637,46,Mujer,7.5,116,44.1,20,0,0,-1.38,36,0
3638,71,Hombre,8.5,133,39.3,NA,0,1,-2.74,36,0
3639,68,Hombre,7.4,138,47.2,26,1,0,-2.82,6.2,1
3640,58,Hombre,7.5,124,32.6,329,0,0,-1.36,36,0
3641,55,Hombre,8.4,124,45.5,167,1,1,-2.14,36,0
3642,60,Mujer,9.7,136,44.1,270,1,1,-1.58,36,0
3643,56,Mujer,6,152,45.1,206,0,1,-1.81,36,0
3644,68,Hombre,6.9,133,46.7,387,0,1,-0.66,12.7,1
3645,44,Hombre,7.6,153,43.2,NA,0,1,-0.71,24.3,1
3646,43,Hombre,7.1,145,54.7,98,0,1,-1.45,36,0
3647,63,Hombre,7.9,145,27,72,0,1,-2.67,36,0
3648,66,Mujer,8.5,150,70.1,NA,0,0,-2.65,36,0
3649,64,Mujer,7.9,140,49.7,36,0,1,-0.39,36,0
3650,65,Hombre,7.8,147,46.4,NA,0,0,-3.24,36,0
3651,54,Hombre,10.6,128,49.2,714,0,1,-0.59,36,0
3652,71,Hombre,7.7,130,30.5,NA,1,0,-4.51,36,0
3653,59,Hombre,7.7,132,51.7,NA,0,0,-1.26,36,0
3654,54,Hombre,8.8,138,39.9,546,0,1,-1.11,36,0
3655,68,Mujer,9.3,112,41,NA,0,0,-3.31,28.9,1
3656,55,Hombre,8.4,123,66.8,102,0,0,0.17,36,0
3657,65,Hombre,7,126,46.6,147,0,1,-1.09,36,0
3658,57,Mujer,NA,138,53.5,3,0,0,-0.17,36,0
3659,55,Hombre,7.5,117,68.6,57,0,1,-3.72,36,0
3660,67,Hombre,10.1,108,35.7,NA,0,0,-2.13,5.5,1
3661,83,Hombre,6.9,139,43.5,NA,1,0,-6.56,10.7,1
3662,54,Mujer,8.1,116,49.2,74,0,1,-0.47,36,0
3663,52,Hombre,NA,129,47.5,314,1,1,-2.37,36,0
3664,53,Hombre,7.4,149,45.8,171,0,0,-3.31,36,0
3665,53,Mujer,6.2,111,45.7,181,0,1,3.28,36,0
3666,52,Hombre,6.5,122,55.4,130,0,1,1.39,36,0
3667,48,Mujer,9.2,127,57.8,49,0,1,-0.4,36,0
3668,57,Hombre,6.6,147,51.7,NA,0,1,0.16,36,0
3669,53,Mujer,7.8,149,41,590,0,1,-0.25,36,0
3670,66,Mujer,8,152,41.2,NA,0,0,-2.27,36,0
3671,74,Hombre,5.5,123,41.3,NA,0,0,-1.11,36,0
3672,77,Mujer,10.8,131,32.9,NA,0,1,-2,7.6,1
3673,60,Hombre,8.6,148,41.9,95,0,0,-2.33,36,0
3674,55,Hombre,7.6,156,40.7,48,1,0,-2.82,36,0
3675,61,Mujer,8.4,155,50.7,664,0,1,-3.97,36,0
3676,77,Mujer,NA,163,33.2,NA,1,1,-3.74,36,0
3677,68,Hombre,7.9,141,51.4,158,0,1,-1.41,36,0
3678,67,Mujer,7.5,109,47.1,62,0,0,-2.71,36,0
3679,69,Hombre,8.3,105,54.2,14,0,0,0.74,36,0
3680,83,Hombre,9,144,43.6,18,0,0,-3.39,36,0
3681,69,Hombre,7.5,NA,51.8,95,0,1,-2.28,36,0
3682,71,Hombre,5.5,150,42.3,144,0,0,-4.24,36,0
3683,62,Mujer,9.2,NA,43.3,148,0,0,-1.05,36,0
3684,60,Mujer,9.4,137,25.9,NA,0,0,-4.18,17.8,1
3685,68,Mujer,9.6,164,41.7,NA,0,1,-3.15,36,0
3686,68,Hombre,11,118,42.1,267,0,0,-3.58,36,0
3687,68,Mujer,6.6,139,42,NA,0,1,-0.57,14.5,1
3688,67,Hombre,6.3,104,33.1,NA,1,0,-1.29,36,0
3689,63,Mujer,8.1,112,39.3,315,0,1,-1.42,36,0
3690,55,Hombre,9.4,132,48,155,0,0,-2.18,16.1,1
3691,86,Mujer,7.9,139,35.4,NA,1,0,-5.04,3.8,1
3692,60,Hombre,7.7,128,56.2,87,0,0,-1.74,19.9,1
3693,59,Mujer,6.5,149,53,45,0,1,-1.43,36,0
3694,51,Mujer,NA,124,56.3,237,0,1,0.55,36,0
3695,67,Mujer,8.8,146,37.5,84,0,0,-1.58,36,0
3696,72,Mujer,7.9,119,43.2,NA,0,1,-3.82,36,0
3697,41,Hombre,8.8,113,60.5,57,0,1,1.28,36,0
3698,72,Hombre,7.6,139,52.3,87,0,0,-2.64,36,0
3699,72,Mujer,7.6,119,57.5,17,0,1,0.2,36,0
3700,39,Hombre,8.1,115,60.5,205,0,1,-0.39,26.1,1
3701,72,Mujer,8.8,118,56.4,85,0,0,-2.98,36,0
3702,54,Hombre,8.8,111,52.1,NA,1,0,-1.59,36,0
3703,56,Hombre,6.3,139,32.9,288,0,1,-1.79,36,0
3704,79,Hombre,7.4,139,36.4,108,1,1,-2.63,36,0
3705,70,Hombre,7.5,116,32.7,169,0,1,-3.04,36,0
3706,69,Hombre,8.5,137,39.9,88,0,1,-1.42,14.7,1
3707,63,Hombre,7.8,150,48.1,NA,0,0,-2.85,36,0
3708,82,Hombre,6.7,143,34,45,0,0,-1.44,36,0
3709,65,Hombre,7.4,124,53.3,226,0,1,-0.21,36,0
3710,75,Hombre,10.7,141,43.5,NA,0,0,-5.16,9,1
3711,67,Mujer,8.5,167,37.6,NA,0,0,-3.44,36,0
3712,69,Mujer,7.7,157,44.3,931,1,0,-4.25,35.6,1
3713,73,Hombre,9.1,161,35.4,851,1,1,-2.89,36,0
3714,70,Mujer,NA,144,43.3,NA,1,0,-3.06,30.6,1
3715,64,Mujer,7,154,33.7,NA,1,0,-2.09,36,0
3716,51,Hombre,8.3,148,55.2,614,0,1,0.02,28.8,1
3717,59,Mujer,7.8,123,51.2,720,0,1,0.65,36,0
3718,85,Mujer,8.3,116,49.9,NA,0,1,-4.9,36,0
3719,48,Mujer,10.4,140,54.5,126,0,0,-2.93,36,0
3720,61,Hombre,NA,144,60.8,87,0,1,-3.14,21.7,1
3721,69,Hombre,7.5,143,47.9,NA,0,0,-0.99,36,0
3722,59,Hombre,7.7,126,34.5,34,0,0,-0.88,36,0
3723,71,Hombre,8.2,147,34.8,NA,1,1,-2.3,36,0
3724,68,Hombre,NA,127,39.6,444,0,1,0.86,36,0
3725,69,Mujer,7.7,131,60.5,97,1,0,-4.93,36,0
3726,65,Hombre,8.7,135,64.3,56,0,0,-3.25,36,0
3727,71,Hombre,8.6,165,37.2,NA,1,0,-3.51,36,0
3728,90,Hombre,7,134,44,NA,0,0,-3.36,36,0
3729,54,Mujer,9.4,157,52.4,110,0,0,-1.85,36,0
3730,62,Hombre,NA,118,40.2,NA,0,1,-1.41,36,0
3731,65,Hombre,8,117,55.8,22,1,0,-2.3,36,0
3732,53,Mujer,7.5,138,55.5,222,0,1,-2.49,36,0
3733,56,Mujer,9,133,38.3,55,1,1,-0.04,31.3,1
3734,64,Mujer,9.5,183,48,99,0,1,-4.25,19,1
3735,55,Hombre,7.3,135,34.5,142,0,1,-0.23,36,0
3736,68,Mujer,NA,172,34.2,NA,0,0,-4.8,36,0
3737,66,Hombre,8.9,133,50.9,52,1,1,-2.43,36,0
3738,62,Mujer,6.2,158,45,143,0,0,-2.54,36,0
3739,64,Hombre,NA,129,45.4,NA,0,0,-3.45,36,0
3740,51,Hombre,8.4,154,72,30,0,1,-2.68,36,0
3741,75,Hombre,7.8,122,34.7,270,1,0,-3.1,36,0
3742,73,Mujer,8.7,150,31,35,0,0,-1.89,36,0
3743,53,Mujer,9.1,119,56.7,308,0,1,0.32,36,0
3744,64,Hombre,9.6,161,50,47,0,1,-3.64,36,0
3745,60,Mujer,6.5,147,44.9,75,0,0,-3.1,36,0
3746,61,Mujer,9.9,147,58.8,64,0,1,-1.2,36,0
3747,67,Hombre,8.6,120,37.6,NA,1,1,-0.88,1.5,1
3748,55,Mujer,6.7,111,56.1,418,0,0,-3.07,36,0
3749,73,Hombre,6.9,130,60.1,NA,1,0,-2.85,36,0
3750,53,Mujer,6.4,146,57.9,445,0,1,1.58,36,0
3751,75,Mujer,NA,147,42.4,NA,0,0,-4.15,36,0
3752,70,Hombre,10,99,47,NA,0,0,-3.02,36,0
3753,67,Mujer,5.9,134,49.7,NA,0,0,-2.4,36,0
3754,63,Hombre,7.7,131,53.2,237,0,1,-1.38,36,0
3755,73,Hombre,7.1,157,55.6,NA,0,1,-1.2,36,0
3756,65,Mujer,NA,141,35.1,2556,0,1,-0.21,36,0
3757,82,Hombre,8.1,149,47.7,NA,1,0,-4.53,36,0
3758,60,Hombre,6.9,138,43.5,178,1,0,-2.05,14.6,1
3759,59,Mujer,7.8,167,58,49,0,1,-0.78,36,0
3760,63,Hombre,9.1,150,59.5,137,0,0,-2.51,36,0
3761,80,Mujer,9.2,122,35.6,NA,0,1,-2.05,11.8,1
3762,58,Mujer,8.5,121,42.8,NA,0,0,-4.06,36,0
3763,66,Hombre,6.9,142,43.4,804,0,1,-0.4,36,0
3764,61,Mujer,7.4,124,52.2,306,0,0,-2.2,36,0
3765,51,Hombre,8.1,99,47.4,62,0,1,2.4,36,0
3766,60,Hombre,8.2,133,56.1,77,1,1,-2.45,36,0
3767,60,Hombre,8,113,63.3,41,0,0,-1.74,36,0
3768,77,Mujer,NA,138,29.6,NA,1,1,-4.41,8.2,1
3769,79,Mujer,8.2,121,29.6,NA,1,0,-4.96,21.9,1
3770,53,Hombre,8.4,118,42.7,NA,0,1,-2.23,36,0
3771,58,Hombre,11.4,128,45.1,62,1,1,-1.96,27.7,1
3772,55,Mujer,6.7,112,30.6,NA,0,0,-1.74,36,0
3773,54,Mujer,8.7,121,58.3,235,0,1,-0.87,36,0
3774,81,Hombre,9.4,121,39.9,NA,1,0,-4.62,36,0
3775,48,Mujer,7.1,NA,41.4,537,1,0,-2.3,10.3,1
3776,60,Mujer,6.7,127,48.4,NA,0,1,-0.64,36,0
3777,55,Mujer,6.4,122,33.5,943,0,1,-2.04,36,0
3778,67,Hombre,8.9,128,43.5,264,0,0,-0.21,36,0
3779,86,Mujer,8,127,31.7,512,0,0,-3.91,36,0
3780,61,Hombre,7.3,148,51.4,521,0,1,-1.14,36,0
3781,69,Mujer,7.7,115,53.7,NA,1,0,-2.39,36,0
3782,75,Mujer,8.7,NA,41,NA,1,1,-1.14,36,0
3783,62,Mujer,8.6,153,48.2,NA,0,1,-1.71,36,0
3784,46,Hombre,5.8,NA,60.4,112,0,0,-0.36,36,0
3785,70,Mujer,8,125,47.4,NA,0,0,-2.62,36,0
3786,66,Hombre,7,133,57.2,28,0,0,-1.42,36,0
3787,59,Mujer,8.7,152,49.5,115,0,1,-0.93,36,0
3788,64,Mujer,8.2,168,49.9,230,1,0,-5.69,34,1
3789,67,Mujer,8.4,127,41.4,NA,1,0,-3.11,36,0
3790,73,Mujer,6.9,NA,48.5,NA,0,0,-3.54,36,0
3791,71,Mujer,8.5,124,41.5,96,0,0,-2.12,36,0
3792,72,Hombre,NA,114,60.4,99,0,1,-1.65,36,0
3793,78,Hombre,7.9,143,43.8,183,0,1,-1.37,27.6,1
3794,47,Hombre,NA,148,39.6,35,0,0,-0.89,36,0
3795,72,Mujer,8.9,145,32.7,NA,1,0,-3.63,36,0
3796,52,Mujer,8.2,99,56.1,224,0,1,0.64,36,0
3797,60,Hombre,7,147,36.9,NA,1,1,-3.11,36,0
3798,66,Hombre,7.7,111,54.1,NA,1,0,-2.2,36,0
3799,61,Hombre,8.3,136,40.5,NA,1,0,-4.26,3.9,1
3800,59,Mujer,7,119,65.2,98,0,1,-0.17,36,0
3801,55,Mujer,7.5,136,42.6,38,0,0,-2.3,36,0
3802,72,Mujer,8.7,114,34.5,NA,1,1,-3.26,36,0
3803,64,Mujer,8.7,116,61,43,1,0,-3.38,36,0
3804,65,Mujer,7,120,49.5,355,0,1,-0.8,36,0
3805,62,Hombre,NA,125,46.7,NA,0,0,-2.46,36,0
3806,60,Hombre,9.1,154,24.1,NA,1,0,-3.8,36,0
3807,80,Hombre,10,NA,35.3,NA,1,0,-5.43,36,0
3808,74,Hombre,8.6,129,43.6,NA,1,1,-0.27,36,0
3809,38,Mujer,NA,113,44.8,130,0,1,0.09,36,0
3810,47,Hombre,7.2,114,45.3,33,1,1,0.78,36,0
3811,45,Hombre,8.3,144,60.8,102,1,1,1.17,36,0
3812,57,Hombre,8.8,103,42.2,23,0,0,1.2,36,0
3813,75,Mujer,7.9,148,48,NA,1,0,-3.97,36,0
3814,50,Hombre,8.9,127,55.1,270,0,1,0.91,36,0
3815,59,Hombre,6,150,58.5,314,1,1,0.07,36,0
3816,74,Hombre,7.4,147,54.3,NA,0,0,-5.4,36,0
3817,70,Mujer,9.9,151,49,416,0,0,-3.09,24,1
3818,66,Mujer,7.3,138,53.2,295,1,0,-5.36,36,0
3819,57,Hombre,8.1,137,41.5,20,0,0,-1.04,11.9,1
3820,54,Hombre,NA,126,51.2,61,0,0,-2.71,36,0
3821,50,Mujer,8.6,126,40.4,NA,0,0,-3.45,36,0
3822,67,Mujer,9.2,128,54.1,414,0,1,-0.88,36,0
3823,49,Mujer,8.5,119,59,54,0,0,-1.34,36,0
3824,75,Hombre,6.9,164,34.8,NA,1,0,-6.97,36,0
3825,60,Hombre,9.9,138,48,NA,0,1,-0.73,36,0
3826,59,Hombre,7.2,134,44,84,0,0,-1.91,36,0
3827,51,Mujer,8.9,128,63.7,17,0,1,-1,36,0
3828,57,Hombre,6.1,115,63.6,120,0,1,-1.59,36,0
3829,71,Mujer,9.9,159,53.8,199,0,1,-4.05,33.3,1
3830,57,Mujer,8.1,134,43.9,72,1,1,-2.49,36,0
3831,61,Hombre,9.2,138,58.1,127,0,1,0.38,36,0
3832,76,Hombre,7.6,147,41.2,133,0,0,-2.97,36,0
3833,61,Hombre,5.5,104,39.7,33,0,0,-0.62,36,0
3834,71,Hombre,8.3,151,39.2,NA,1,1,-1.66,1.3,1
3835,59,Mujer,8.7,NA,54,89,0,0,-1.76,36,0
3836,77,Hombre,8.6,110,47.2,NA,1,0,-3.11,5.2,1
3837,59,Hombre,7.1,NA,64.2,14,1,1,0.12,36,0
3838,58,Hombre,7.4,120,49.1,54,0,0,-3.97,36,0
3839,55,Mujer,8,142,48.4,86,0,0,-1.65,16.6,1
3840,67,Mujer,7.7,136,37.2,325,1,0,-3.34,36,0
3841,67,Mujer,9.5,140,36.4,233,0,0,-2.99,10.3,1
3842,60,Hombre,9.2,121,31.8,NA,0,0,-2.68,21.3,1
3843,61,Mujer,8,125,52.4,55,0,0,-4.24,36,0
3844,71,Hombre,10,135,42.7,29,1,1,-3.18,36,0
3845,76,Hombre,8.1,144,26.6,342,0,1,-2.73,7.8,1
3846,50,Hombre,7.2,136,50.6,12,0,1,0.22,36,0
3847,58,Mujer,8.5,130,45.2,NA,1,1,-1.33,36,0
3848,68,Mujer,9.4,126,41.2,111,1,0,-2.79,36,0
3849,68,Mujer,8.5,165,56,385,1,1,-1.55,22.5,1
3850,61,Hombre,NA,140,50.3,103,0,0,-0.21,36,0
3851,49,Mujer,8.9,114,42.1,54,0,0,-2.75,36,0
3852,75,Hombre,6.7,113,42.7,181,0,0,-3.19,36,0
3853,65,Hombre,6.8,137,58.5,120,0,0,-3.8,36,0
3854,60,Mujer,7.9,132,38.4,715,0,0,-2.54,14,1
3855,70,Mujer,8.6,NA,40,361,0,0,-4.91,23.2,1
3856,58,Hombre,7.8,125,28.2,NA,0,0,-2.39,36,0
3857,61,Mujer,8.4,100,43.6,74,0,1,-0.43,36,0
3858,70,Hombre,5.6,127,33.2,186,1,1,-0.88,36,0
3859,68,Mujer,6.4,121,55.8,41,0,1,-1.7,36,0
3860,68,Mujer,5.7,NA,50.7,34,1,0,-1.97,36,0
3861,71,Mujer,7.2,136,44.4,377,1,1,-1.28,3.1,1
3862,63,Mujer,9.4,154,48.6,49,0,0,-5.47,36,0
3863,64,Hombre,8.9,120,41.3,NA,0,0,-0.92,36,0
3864,67,Hombre,7.2,125,55.5,66,1,1,-1.11,36,0
3865,71,Hombre,9.6,120,40.9,264,0,1,-0.62,36,0
3866,63,Mujer,NA,124,34.9,NA,0,1,-2.38,36,0
3867,74,Hombre,9.3,124,44,687,0,1,-1.02,22.6,1
3868,78,Hombre,8.8,172,49.9,NA,0,0,-2.95,5.5,1
3869,76,Hombre,NA,NA,43.4,192,1,0,-4.25,36,0
3870,68,Hombre,8.3,135,39,NA,0,0,-3.85,35.9,1
3871,86,Mujer,8.1,139,40.8,NA,0,0,-3.41,36,0
3872,48,Mujer,6.7,132,43,298,0,1,-0.39,36,0
3873,58,Mujer,NA,149,48.1,478,0,1,-1.13,36,0
3874,64,Hombre,7.2,NA,51.2,NA,0,0,0.95,36,0
3875,62,Mujer,7.5,106,54.5,NA,1,1,-2.59,36,0
3876,63,Hombre,5.9,141,64.2,5,0,0,-0.27,36,0
3877,58,Mujer,9.7,123,48.2,297,0,0,-1.68,36,0
3878,64,Mujer,7.5,125,51.3,169,0,0,-2.88,36,0
3879,76,Hombre,8.1,140,31.3,379,0,1,-1.45,36,0
3880,68,Hombre,7,128,41.4,48,0,0,-0.98,15.7,1
3881,51,Mujer,NA,NA,49.4,180,0,1,-1.64,36,0
3882,50,Mujer,7.6,144,52.2,34,0,0,-1,36,0
3883,75,Hombre,6.9,127,44.4,63,1,0,-4.9,36,0
3884,70,Mujer,7.4,135,45.4,251,0,0,-3.12,36,0
3885,72,Mujer,7.7,NA,37.6,57,1,0,-1.21,23.9,1
3886,74,Mujer,8.1,131,52.8,891,0,1,-2.84,36,0
3887,63,Mujer,6.8,140,38.9,NA,1,1,-1.31,36,0
3888,82,Hombre,7.9,155,43.5,NA,1,1,-3.59,36,0
3889,59,Hombre,5.5,144,50.2,NA,0,0,-1.24,36,0
3890,64,Hombre,10.3,155,46.6,NA,0,0,-4.54,36,0
3891,43,Mujer,7.9,125,60,33,0,0,-0.65,36,0
3892,46,Mujer,7.4,124,58.2,440,0,1,1.43,36,0
3893,65,Hombre,9,118,40,NA,0,0,-1.5,12.7,1
3894,74,Mujer,9.1,116,34.2,660,1,1,-4.51,7.8,1
3895,50,Mujer,8.9,127,50.3,163,0,0,-1.21,36,0
3896,64,Hombre,11.4,124,45.1,NA,0,1,-2.26,36,0
3897,77,Hombre,7.3,153,58,26,1,0,-2.16,36,0
3898,65,Mujer,NA,146,55.1,NA,0,0,-3.16,36,0
3899,62,Hombre,5.5,129,46.4,182,1,1,-2.92,36,0
3900,75,Mujer,6.4,157,47.4,134,1,0,-2.66,36,0
3901,80,Hombre,7.2,127,55.3,NA,1,0,-1.71,36,0
3902,69,Hombre,8.2,156,57.1,170,1,1,-2.52,36,0
3903,39,Hombre,6.1,136,56.1,261,1,1,-0.72,36,0
3904,54,Mujer,7.1,134,47.4,66,0,0,-2.99,36,0
3905,64,Mujer,8.6,143,42.8,NA,0,1,-2.63,36,0
3906,65,Hombre,8.9,119,51.7,NA,0,1,-1.22,36,0
3907,80,Hombre,9.3,148,47.8,501,0,1,-1.62,36,0
3908,60,Hombre,9.2,122,54.5,43,1,0,-1.43,4.2,1
3909,64,Hombre,8.1,166,37.4,NA,0,0,-2.02,36,0
3910,60,Mujer,9.1,124,48.3,NA,0,1,0.2,36,0
3911,70,Hombre,7.6,146,49.3,72,0,0,-1.11,36,0
3912,64,Hombre,7.2,151,56.2,305,1,1,-0.46,36,0
3913,74,Hombre,6.9,144,35.9,NA,1,0,-2.71,36,0
3914,78,Mujer,7.2,124,41.5,3,0,0,-0.63,36,0
3915,77,Hombre,NA,122,47.5,22,0,1,-0.69,36,0
3916,77,Hombre,9,118,43.8,NA,1,1,-1.67,36,0
3917,75,Hombre,8.5,155,51.9,60,0,0,-2.31,36,0
3918,54,Hombre,8.1,134,43.5,106,0,1,-1.08,36,0
3919,74,Hombre,8,128,37.9,31,1,0,-3.01,36,0
3920,55,Hombre,8.7,149,40,141,0,1,-2.9,36,0
3921,64,Mujer,7.4,130,41.8,59,1,1,-2.24,36,0
3922,74,Hombre,5.7,117,54.4,18,0,0,-0.95,36,0
3923,84,Mujer,8.2,135,38.7,NA,1,0,-4.24,27.8,1
3924,54,Mujer,7.5,152,45,140,0,0,-2.51,17,1
3925,51,Hombre,NA,136,47.6,64,0,0,-3.78,15.5,1
3926,53,Mujer,7.3,103,43,21,0,1,-0.07,36,0
3927,58,Hombre,9.6,134,48.3,320,0,0,-2.82,36,0
3928,74,Mujer,7.6,122,43,177,0,0,-1.47,36,0
3929,62,Mujer,NA,117,54.8,200,0,1,-1.6,36,0
3930,60,Hombre,7,135,51.3,67,0,0,-2.22,36,0
3931,52,Hombre,8.7,122,33.6,NA,0,0,-2.75,36,0
3932,70,Mujer,10.4,125,34.6,NA,1,1,-3.96,36,0
3933,78,Mujer,10.2,145,34.3,NA,1,1,-3.53,36,0
3934,69,Hombre,7.8,153,33.3,NA,0,0,-2.88,36,0
3935,58,Mujer,5.7,129,23.8,53,1,1,-2.27,36,0
3936,55,Hombre,6.3,135,40.6,NA,0,1,-1.85,36,0
3937,78,Hombre,9,148,44.6,744,1,0,-5.48,3.5,1
3938,61,Mujer,6.9,133,41.4,NA,0,1,-1.98,36,0
3939,69,Mujer,6.4,149,50.5,128,1,1,-4.26,36,0
3940,64,Hombre,NA,132,42.4,NA,0,1,-3.2,33.5,1
3941,50,Mujer,8.7,130,41.8,259,0,1,-2.66,36,0
3942,63,Hombre,7.5,136,32.3,104,0,0,-2.33,15.2,1
3943,72,Hombre,8.8,148,38.2,132,0,0,-4.15,36,0
3944,50,Mujer,9.4,131,39,NA,1,1,-0.86,36,0
3945,43,Hombre,7,146,32.5,72,0,1,2.12,36,0
3946,70,Hombre,8.8,129,61.1,127,0,0,-3.33,36,0
3947,61,Mujer,7.1,133,30.9,228,0,0,-1.43,36,0
3948,68,Mujer,8.7,132,31.5,NA,0,1,-0.13,36,0
3949,77,Mujer,7.8,150,45.6,36,0,0,-2.76,36,0
3950,56,Hombre,7.9,128,47.4,53,0,1,1.91,36,0
3951,54,Hombre,9.2,113,52,360,1,1,2.01,17.3,1
3952,60,Mujer,8.2,159,47,112,0,1,-1.98,20.7,1
3953,48,Mujer,7.2,95,38.7,246,0,1,0.06,36,0
3954,67,Mujer,8.7,124,42.5,NA,1,0,-3.74,36,0
3955,62,Hombre,9.5,123,47.5,44,0,0,-2.16,36,0
3956,58,Mujer,5.5,124,41.4,8,0,1,-1.17,36,0
3957,50,Mujer,9.1,127,44.2,83,0,1,0.35,6.7,1
3958,67,Mujer,7.8,134,47.2,37,0,1,-1.5,36,0
3959,73,Hombre,8.7,136,36,NA,0,1,-2.6,36,0
3960,57,Hombre,8.3,123,63.3,98,0,1,-2.27,21.8,1
3961,56,Mujer,8.9,106,34.3,NA,0,1,-0.53,36,0
3962,57,Mujer,8.5,132,59.6,518,0,1,-0.63,36,0
3963,60,Mujer,5.5,112,49.7,55,0,1,-1.91,36,0
3964,61,Hombre,9.3,126,38.8,79,0,0,-2.28,36,0
3965,79,Mujer,8.1,128,34.5,NA,1,0,-4.02,30.2,1
3966,70,Mujer,NA,127,51.3,291,0,1,-1.64,36,0
3967,77,Mujer,6.9,138,45.7,73,0,1,-2.36,36,0
3968,62,Hombre,NA,136,42.5,50,0,0,-2.29,36,0
3969,66,Hombre,9,123,52,NA,0,1,-1.13,36,0
3970,75,Mujer,7.2,136,46.2,66,0,0,-2.35,36,0
3971,71,Hombre,10.3,114,41.3,NA,0,1,1.38,36,0
3972,38,Hombre,7,95,48.5,13,0,0,2.11,36,0
3973,58,Mujer,8.2,152,55.5,235,0,1,0.18,36,0
3974,70,Mujer,6.1,141,53.5,72,0,0,-1.74,36,0
3975,61,Hombre,6.3,123,44.8,98,0,1,-1.16,36,0
3976,74,Mujer,6.6,138,44,14,0,0,-2.69,36,0
3977,45,Mujer,7,121,63.1,NA,0,1,0.68,36,0
3978,73,Mujer,10.1,111,37.3,73,0,0,-4.15,32.1,1
3979,49,Mujer,11,142,38.9,185,1,1,-3.17,36,0
3980,56,Hombre,7.3,125,48.6,23,0,0,-3.74,36,0
3981,73,Hombre,8.5,127,43.4,468,1,1,-2.13,36,0
3982,71,Hombre,8.4,NA,43.5,602,1,0,-2.06,11.4,1
3983,59,Mujer,8.4,133,36.2,266,1,1,-1.93,36,0
3984,59,Hombre,7.6,121,51.1,22,0,0,-1.88,36,0
3985,76,Hombre,6.8,133,37,23,1,0,-3.27,32.1,1
3986,60,Mujer,9.3,137,45.6,NA,0,1,-1.35,36,0
3987,48,Hombre,6.4,118,36.3,61,0,0,-2.82,36,0
3988,56,Mujer,8.3,143,57.5,25,1,0,-1.27,36,0
3989,62,Hombre,8.4,124,59.9,82,0,1,-1.24,36,0
3990,61,Mujer,NA,134,50.6,NA,1,1,-1.07,36,0
3991,63,Mujer,7.7,151,47.5,40,0,0,-0.73,36,0
3992,78,Hombre,7.6,123,33.4,NA,1,0,-0.58,36,0
3993,58,Hombre,7.7,121,48.6,98,0,0,-0.37,36,0
3994,65,Hombre,7.3,130,44.8,182,0,1,-0.54,36,0
3995,62,Hombre,7.9,138,48.5,192,1,1,-2.15,36,0
3996,69,Hombre,7.2,142,46.3,58,0,0,-0.44,36,0
3997,58,Mujer,7.4,137,48.6,261,0,0,-3.81,36,0
3998,62,Hombre,5.5,NA,45.2,58,0,0,-1.84,36,0
3999,57,Mujer,NA,115,49.3,176,0,1,-1.79,36,0
4000,59,Hombre,7.5,112,43.1,68,0,0,-2.75,36,0
4001,42,Mujer,8.5,127,64.7,7,0,0,2.16,36,0
4002,75,Hombre,7.2,150,42.4,NA,1,0,-4.2,36,0
4003,78,Mujer,7.6,142,49.1,161,1,0,-4.1,36,0
4004,52,Hombre,8.2,133,48.4,NA,0,0,-0.29,36,0
4005,62,Hombre,9.4,145,33,NA,1,1,-2.55,7.3,1
4006,77,Hombre,8,131,57.5,NA,0,0,-2.2,36,0
4007,56,Hombre,9.4,104,46.5,33,0,0,-1.21,36,0
4008,70,Hombre,6.6,147,61.2,NA,1,1,-3.37,36,0
4009,66,Hombre,10,155,45.1,470,1,1,-2.78,36,0
4010,75,Hombre,5.5,142,55.2,NA,0,0,-0.93,12.6,1
4011,54,Mujer,7,123,63.2,221,1,1,-0.36,36,0
4012,63,Hombre,8.8,141,52,NA,0,1,-2.33,36,0
4013,57,Hombre,8.2,144,42.1,1954,0,1,-1.78,36,0
4014,59,Mujer,7.9,124,28.2,NA,0,0,-3.19,36,0
4015,61,Mujer,8.7,129,51.8,NA,0,0,-1.71,36,0
4016,46,Hombre,9.9,152,59.1,301,0,1,-0.18,36,0
4017,72,Mujer,8.2,160,59.9,52,1,0,-3.57,26.5,1
4018,60,Mujer,NA,132,40.7,NA,1,1,-1.92,36,0
4019,56,Hombre,8.8,143,53,305,0,0,-3.16,36,0
4020,83,Hombre,5.9,140,32.3,NA,0,1,-0.83,36,0
4021,78,Hombre,7.7,114,50.3,NA,1,1,-1.76,36,0
4022,65,Mujer,7.3,128,28.7,NA,0,0,-3.49,36,0
4023,57,Mujer,9.9,128,38,68,0,0,-3.39,36,0
4024,51,Hombre,10.1,147,40.4,NA,1,0,-3.37,36,0
4025,73,Mujer,10.6,130,46.8,1412,0,1,-0.71,36,0
4026,56,Hombre,NA,143,45.8,93,0,1,-0.83,30.3,1
4027,53,Hombre,7.4,140,40.2,NA,0,1,-0.7,36,0
4028,77,Hombre,6,120,37.4,155,0,0,-2.18,23.2,1
4029,73,Mujer,7,134,36.7,NA,0,0,-1.66,36,0
4030,62,Hombre,9.9,139,54.8,NA,0,1,-2.07,36,0
4031,80,Hombre,8.3,126,38.1,84,0,0,-2.67,20.8,1
4032,76,Hombre,9.4,155,45.2,NA,0,0,-4.89,36,0
4033,55,Mujer,8.6,136,51.7,320,0,1,-0.88,36,0
4034,73,Hombre,5.5,134,48.3,312,0,1,1.52,36,0
4035,67,Mujer,8.8,142,51.1,NA,1,1,-1.8,36,0
4036,58,Hombre,5.5,143,36.8,NA,0,1,-0.64,36,0
4037,81,Hombre,7,151,39.8,34,0,0,-2.57,36,0
4038,63,Hombre,10.6,149,56.4,25,0,0,-1.24,36,0
4039,71,Mujer,7.1,153,44.6,NA,0,0,-1.29,18,1
4040,67,Hombre,6.6,142,55.1,69,1,1,-0.15,36,0
4041,46,Mujer,6.6,108,61.2,20,0,1,0.55,36,0
4042,55,Mujer,8.1,149,30.1,51,0,0,0.37,36,0
4043,54,Mujer,8.1,177,53.6,1227,0,1,-1.53,36,0
4044,71,Mujer,9.7,128,27.8,NA,0,1,-2.98,13.4,1
4045,66,Hombre,5.9,133,34.6,124,0,0,-0.7,36,0
4046,61,Mujer,8.5,132,34.6,208,0,1,-1.83,36,0
4047,77,Hombre,9.6,130,51.2,NA,1,0,-4.96,35.9,1
4048,84,Hombre,6,118,40.1,NA,1,1,-2.88,36,0
4049,84,Hombre,NA,132,48.5,NA,0,0,-2.81,36,0
4050,63,Hombre,8.6,146,43.4,156,1,1,-3.72,36,0
4051,54,Mujer,10,124,41.1,NA,0,1,-1.81,36,0
4052,57,Hombre,8.2,131,31.6,NA,0,1,-2.88,11.1,1
4053,64,Mujer,7.4,130,42.6,45,1,0,-2.47,36,0
4054,68,Mujer,7.4,157,33.8,NA,0,0,-2.95,12.1,1
4055,51,Hombre,7.3,125,54.8,NA,0,1,1.15,36,0
4056,70,Mujer,9.1,176,32.2,NA,1,0,-5.22,36,0
4057,41,Hombre,7.4,122,52.7,173,0,1,0.97,36,0
4058,78,Hombre,NA,133,40,42,0,0,-1.95,36,0
4059,54,Mujer,5.7,135,48.6,116,1,0,-3.55,36,0
4060,63,Hombre,6.1,129,36.4,133,0,1,-1.54,36,0
4061,68,Mujer,7.2,144,34,NA,0,0,-2.62,12.8,1
4062,66,Hombre,6.9,135,34,NA,0,0,-0.89,17.2,1
4063,72,Mujer,7.6,145,40.9,NA,1,0,-4.49,36,0
4064,57,Mujer,6.1,121,51.1,39,0,1,-0.34,36,0
4065,62,Hombre,7.4,127,36.2,NA,0,0,-1.84,36,0
4066,64,Hombre,7,135,39,44,0,0,-2.4,36,0
4067,60,Mujer,9.2,146,50.5,NA,0,1,-2.13,36,0
4068,75,Mujer,7.9,155,37.8,581,0,0,-1.41,36,0
4069,53,Mujer,7.5,NA,43,NA,1,1,-0.85,36,0
4070,71,Mujer,7.8,NA,31.8,211,1,0,-3.56,36,0
4071,64,Hombre,7.3,143,49.5,NA,0,1,-0.99,3.1,1
4072,68,Mujer,NA,147,59.3,121,0,1,0.11,36,0
4073,74,Hombre,7.1,149,31.4,NA,1,1,-1.03,36,0
4074,76,Hombre,9.1,142,36.2,223,1,0,-3.01,36,0
4075,54,Hombre,7.2,141,45.5,69,0,0,-3.33,36,0
4076,68,Hombre,8.5,160,42.7,NA,1,1,-4.13,36,0
4077,77,Hombre,8.8,NA,51.5,NA,1,1,-3.72,36,0
4078,87,Mujer,NA,127,43.5,NA,0,0,-1.94,36,0
4079,70,Hombre,7.6,129,37.9,151,1,0,-4.5,36,0
4080,68,Mujer,8.9,120,33.4,225,1,1,-1.01,36,0
4081,66,Hombre,NA,154,52.1,NA,1,1,-5.08,36,0
4082,62,Mujer,8.1,125,43.2,NA,1,0,-5.24,36,0
4083,61,Mujer,6.9,132,45.3,90,0,1,-0.23,36,0
4084,74,Hombre,8.1,164,49.2,234,0,0,-5.26,6.2,1
4085,56,Hombre,6.6,156,45.7,NA,0,0,-1.67,36,0
4086,67,Mujer,8.6,132,47,109,1,0,-1.35,36,0
4087,76,Hombre,8.5,125,59.1,22,0,0,-0.82,32.2,1
4088,45,Hombre,7.7,126,56.2,76,0,1,0.64,36,0
4089,44,Hombre,6.6,150,51.5,NA,0,1,2.65,36,0
4090,79,Mujer,8.3,115,57,65,1,0,-2.97,36,0
4091,37,Mujer,5.6,119,53.6,22,0,0,1.26,36,0
4092,41,Hombre,6.6,127,52.2,56,0,1,1.34,36,0
4093,79,Hombre,8.3,126,30.3,NA,0,0,-5.05,36,0
4094,48,Hombre,6.8,121,39.6,54,0,0,2.34,36,0
4095,82,Mujer,10.1,132,32.2,NA,0,0,-3.98,3.7,1
4096,60,Hombre,8.1,144,41.3,1913,0,0,-2.45,36,0
4097,64,Mujer,7.3,145,26.5,NA,0,0,-0.51,36,0
4098,55,Mujer,7.5,127,60.5,44,0,0,-1.28,36,0
4099,70,Hombre,6.5,155,43,236,0,0,-5.83,36,0
4100,65,Hombre,5.8,140,36.6,762,1,1,0.14,36,0
4101,48,Mujer,9,108,50.2,73,1,1,-0.4,36,0
4102,54,Mujer,8,150,41.5,213,0,1,0.82,36,0
4103,80,Mujer,6.1,161,36.4,NA,0,0,-4.26,36,0
4104,76,Mujer,7.2,162,42.9,NA,1,1,-2.43,36,0
4105,38,Mujer,8,130,53.9,118,1,1,-1.39,36,0
4106,61,Mujer,7.8,147,36.8,NA,0,0,-4.39,18.6,1
4107,41,Mujer,7.8,118,75,21,0,1,0.75,36,0
4108,65,Hombre,5.5,120,47.1,18,0,0,-0.49,36,0
4109,61,Hombre,8.8,128,53,NA,0,1,-2.97,20.2,1
4110,65,Hombre,8.8,122,48.5,NA,1,1,-2.06,36,0
4111,64,Hombre,6.9,157,38.9,63,0,0,-1.38,36,0
4112,78,Hombre,10,141,41.4,47,0,0,-3.61,13,1
4113,60,Hombre,7.7,117,49.3,72,0,1,-2.5,36,0
4114,70,Mujer,8.5,130,34.5,NA,1,1,-2.17,36,0
4115,66,Hombre,8.9,127,25.8,NA,0,0,-3.5,36,0
4116,72,Hombre,6.6,144,42.2,27,0,0,-1.38,36,0
4117,67,Mujer,7.4,144,60.3,291,0,1,-2.97,36,0
4118,50,Hombre,6.3,133,52.3,186,0,1,0.34,28.8,1
4119,71,Mujer,6.2,97,60.6,342,0,1,0.27,36,0
4120,58,Hombre,6.8,100,32.5,96,0,0,-0.84,36,0
4121,61,Mujer,5.8,124,53.1,301,0,1,-0.66,36,0
4122,69,Mujer,7.4,129,38.4,95,1,1,-2.83,36,0
4123,70,Hombre,7.7,126,24.4,208,1,0,-3.44,17.6,1
4124,56,Mujer,7.7,145,26.3,444,0,1,-1.31,27.3,1
4125,58,Mujer,8.3,165,60.4,74,0,0,-2.14,36,0
4126,34,Mujer,7.5,116,60.3,88,0,0,-0.24,36,0
4127,74,Mujer,9.2,155,36.3,93,0,0,-4.12,36,0
4128,63,Hombre,9.1,126,40.8,479,1,1,-2.16,36,0
4129,62,Mujer,6.9,122,59.4,19,1,0,-1.24,36,0
4130,57,Hombre,7.7,116,52.1,169,0,0,-3.42,36,0
4131,74,Mujer,7.7,161,44.8,NA,1,0,-3.82,3.7,1
4132,69,Mujer,8.5,139,43.7,NA,1,1,-1.87,36,0
4133,52,Hombre,8.5,145,37.7,114,0,1,-0.94,36,0
4134,70,Mujer,7.4,NA,48.5,1326,0,0,-3.04,24.7,1
4135,41,Mujer,NA,123,45.8,229,0,0,-2.71,36,0
4136,72,Hombre,6.6,153,63.2,85,0,1,1.45,36,0
4137,76,Hombre,7.6,114,53.6,NA,1,0,-3.85,36,0
4138,56,Mujer,NA,138,48.2,50,0,0,-0.78,36,0
4139,53,Mujer,8,120,66,251,0,1,1.25,36,0
4140,75,Mujer,8.5,126,33.7,NA,0,0,-3.28,8.4,1
4141,80,Mujer,6.4,133,42.4,25,1,0,-2.84,36,0
4142,60,Mujer,8,116,55.7,249,1,1,-0.83,36,0
4143,71,Hombre,5.9,144,45.6,NA,0,1,-4.1,36,0
4144,69,Hombre,5.5,147,42.8,86,1,0,-1.07,36,0
4145,54,Mujer,8.2,116,62.8,17,0,1,1,36,0
4146,57,Hombre,6,159,52.1,37,0,0,-1.88,36,0
4147,58,Mujer,8.7,123,53,48,0,0,-0.89,36,0
4148,56,Hombre,7.7,115,47.9,140,0,0,-0.14,36,0
4149,60,Mujer,6.7,156,35.8,202,0,1,-2.18,36,0
4150,68,Hombre,6.9,114,38.9,183,0,0,-2.34,36,0
4151,72,Hombre,NA,150,45.7,NA,1,0,-3.55,8.4,1
4152,61,Mujer,7.9,123,40.8,186,1,1,-0.58,32.4,1
4153,72,Hombre,8.6,140,46.2,NA,0,0,-4.65,36,0
4154,40,Hombre,6.4,132,59.4,252,0,1,0.48,36,0
4155,83,Hombre,7.6,NA,41.7,NA,1,1,-2.82,36,0
4156,71,Mujer,8.1,139,33.4,NA,0,0,-2.27,36,0
4157,61,Mujer,7.2,146,53.7,NA,0,1,-1.49,36,0
4158,52,Mujer,7.3,127,33.9,35,0,0,-1.36,36,0
4159,67,Mujer,8.6,147,41,NA,1,1,-1.74,36,0
4160,60,Hombre,9.5,135,57.1,244,0,1,0.47,36,0
4161,70,Mujer,8.4,154,55.8,NA,0,0,-4.71,27.3,1
4162,57,Mujer,8.9,182,35.8,NA,0,0,-3.88,24.3,1
4163,57,Mujer,8,NA,53.8,236,0,1,-1.66,36,0
4164,46,Hombre,NA,99,53.7,42,0,1,2.74,36,0
4165,61,Mujer,5.7,119,44.4,274,0,1,-0.4,36,0
4166,56,Hombre,NA,138,52.8,51,0,0,-0.38,36,0
4167,76,Hombre,7,136,47.6,422,0,0,-1.12,36,0
4168,58,Hombre,6.7,146,47.2,101,0,0,-3.99,36,0
4169,80,Mujer,6.9,113,43.9,265,0,0,-3.41,36,0
4170,65,Mujer,8.2,118,43.5,29,0,0,-2.21,36,0
4171,59,Mujer,7.2,123,59.6,228,1,1,-1.84,36,0
4172,51,Mujer,6.7,135,48.7,19,0,1,0.53,36,0
4173,56,Hombre,6.2,162,35.8,217,0,1,-0.98,36,0
4174,85,Mujer,8.6,139,38.2,NA,0,0,-4.82,36,0
4175,60,Mujer,7,112,56.5,34,0,0,0.83,36,0
4176,40,Hombre,8.5,125,50.1,299,0,1,1.44,36,0
4177,75,Hombre,7.7,143,59.3,76,0,0,-0.29,36,0
4178,82,Hombre,8.2,135,37.7,NA,1,0,-4.5,24.3,1
4179,57,Hombre,8.2,109,54,8,0,0,-0.06,36,0
4180,57,Hombre,10.6,115,55.9,916,0,1,-3.95,36,0
4181,65,Mujer,6.3,111,51.3,31,1,0,-1.41,36,0
4182,64,Hombre,8.2,144,47.2,2788,0,1,0.53,19.6,1
4183,69,Mujer,7.3,106,40.5,243,0,1,-1.16,36,0
4184,60,Hombre,8.8,135,65.6,216,0,1,0.82,36,0
4185,67,Mujer,7.9,103,53.7,59,0,0,-2.84,36,0
4186,51,Mujer,7.6,135,41.6,NA,0,0,-4.24,36,0
4187,67,Mujer,5.8,146,48.3,267,0,1,-2.04,36,0
4188,68,Hombre,10,147,49,2228,0,1,-0.11,36,0
4189,56,Hombre,8.2,143,51.1,416,0,0,-2.3,36,0
4190,62,Hombre,8.4,123,40.4,176,0,0,-2.57,6,1
4191,72,Mujer,5.5,153,49.2,118,0,0,-2.81,36,0
4192,51,Hombre,8.3,132,39.8,165,1,0,-2.85,21.2,1
4193,83,Hombre,6.2,133,31,NA,1,0,-2.26,36,0
4194,62,Hombre,5.5,154,57.1,32,1,1,-2.85,36,0
4195,71,Hombre,6.7,100,42.6,NA,0,1,-0.75,36,0
4196,57,Hombre,7.6,145,48.7,2908,0,1,-1.29,11,1
4197,78,Hombre,8.1,141,65,17,0,0,-1.06,17.2,1
4198,70,Hombre,8.9,127,63.3,102,0,1,-1.61,36,0
4199,74,Hombre,8.8,144,41.5,NA,1,0,-5.67,36,0
4200,61,Hombre,10.8,141,47.8,120,0,0,-1.57,36,0
4201,47,Hombre,8.7,131,74.8,151,0,1,-0.29,36,0
4202,69,Hombre,8.9,128,45.9,NA,0,0,-2.41,36,0
4203,56,Mujer,7.4,127,53.7,75,0,0,-2.01,36,0
4204,63,Mujer,6.2,135,39.9,17,0,0,-0.77,36,0
4205,52,Hombre,7.6,111,46.9,NA,0,0,-2.13,36,0
4206,73,Mujer,5.5,NA,48.6,18,1,1,-0.04,36,0
4207,61,Mujer,7.2,138,63.5,72,1,1,-3.95,36,0
4208,65,Mujer,6.6,145,43.3,NA,0,0,-3.15,36,0
4209,67,Hombre,6.9,132,59.6,68,0,1,-0.14,36,0
4210,65,Hombre,5.5,136,49.7,38,1,0,-1.05,36,0
4211,53,Mujer,7.5,115,44,45,0,0,-0.71,36,0
4212,62,Hombre,NA,114,29.5,17,1,0,-2,36,0
4213,68,Hombre,7.6,150,40,41,0,0,-1.67,15.2,1
4214,87,Mujer,5.5,129,32.6,100,0,0,-2.48,36,0
4215,58,Hombre,6.6,127,45.3,83,0,0,-1.58,36,0
4216,84,Hombre,7.9,125,31,51,0,0,-3.38,36,0
4217,48,Mujer,NA,126,41.4,72,0,0,-2.03,36,0
4218,71,Mujer,7.2,141,67.6,17,0,1,-2.07,36,0
4219,55,Hombre,6.7,127,26.4,NA,1,0,-4.87,36,0
4220,57,Mujer,9.1,145,37.3,NA,0,1,-0.83,36,0
4221,67,Mujer,6.9,146,53.5,232,0,0,-4.05,36,0
4222,58,Mujer,6.7,150,41.2,141,0,1,-1,36,0
4223,67,Mujer,NA,121,54.7,67,0,0,-2.53,36,0
4224,51,Hombre,8.4,121,57.6,NA,0,1,0.76,36,0
4225,76,Mujer,8.8,144,27.1,877,1,1,-4.53,36,0
4226,52,Mujer,8.3,126,51,80,1,1,-2.39,36,0
4227,61,Mujer,8.1,157,31.8,NA,0,0,-2.1,36,0
4228,61,Mujer,NA,NA,51.7,298,0,1,-2.35,36,0
4229,75,Hombre,6.7,128,31.3,NA,1,0,-1.08,36,0
4230,50,Mujer,8.1,128,47.7,418,1,1,-0.8,36,0
4231,75,Hombre,7.4,140,33.9,NA,1,0,-4.43,36,0
4232,72,Mujer,8.3,148,41.7,NA,0,1,-1.88,9,1
4233,61,Mujer,7.3,152,61.9,50,0,1,-3.07,36,0
4234,68,Hombre,8.5,129,44.2,333,0,1,-1.58,36,0
4235,66,Hombre,6.5,126,34.3,NA,0,1,-1.9,36,0
4236,58,Mujer,6.3,127,43.3,48,0,0,-2.17,36,0
4237,71,Hombre,9.5,NA,47.1,245,0,0,-3.62,32.3,1
4238,74,Mujer,6,163,55.5,151,1,0,-2.61,36,0
4239,66,Hombre,8.6,129,51.7,313,0,0,-3.78,36,0
4240,67,Hombre,7.9,147,40.1,NA,0,1,-3.06,36,0
4241,52,Hombre,7.5,116,50,144,0,0,-2.45,36,0
4242,79,Mujer,7.8,NA,58.7,150,1,0,-2.22,4.2,1
4243,51,Mujer,6.9,140,49.5,19,0,1,-0.05,36,0
4244,73,Hombre,8.5,154,49.4,440,1,1,-0.95,36,0
4245,55,Hombre,7.3,120,27.3,338,0,1,-1,36,0
4246,66,Mujer,8.3,129,38.5,NA,0,0,-2.21,18.8,1
4247,51,Mujer,8,131,54.8,358,0,1,0.52,36,0
4248,88,Mujer,6.7,155,28.1,NA,0,0,-4.35,36,0
4249,61,Hombre,6.6,144,46.2,103,0,1,-0.8,21.1,1
4250,75,Mujer,7.2,122,29.1,26,1,0,-2.69,21.9,1
4251,58,Mujer,8.7,124,54.6,NA,0,1,-2.88,36,0
4252,60,Mujer,6.6,135,46.4,11,1,0,-1.12,36,0
4253,64,Hombre,6.7,139,44.7,NA,0,0,-3.13,30.6,1
4254,58,Mujer,7,145,54.6,152,0,1,0.71,36,0
4255,51,Mujer,8.8,111,41.8,84,0,0,-1.22,36,0
4256,60,Mujer,8.4,153,43.5,647,0,0,-2.64,36,0
4257,70,Mujer,8.4,144,43,NA,0,0,-4.46,36,0
4258,44,Hombre,NA,132,53.8,399,0,1,-0.24,36,0
4259,84,Hombre,8.6,146,30.2,NA,0,0,-5.26,36,0
4260,49,Hombre,8.8,105,40.3,51,0,1,-0.44,36,0
4261,65,Hombre,7.8,122,34,239,0,0,-2.59,36,0
4262,60,Hombre,NA,120,56.3,275,1,1,-0.78,36,0
4263,76,Hombre,7.8,157,37.3,45,0,0,-2.84,36,0
4264,69,Mujer,6.5,156,38.7,46,0,0,-3.57,36,0
4265,66,Hombre,8,NA,43.5,167,0,0,-0.66,36,0
4266,58,Mujer,7.1,141,40.6,176,0,1,-0.41,36,0
4267,59,Mujer,8.6,111,40,NA,1,0,-3.55,3.8,1
4268,86,Hombre,7.4,117,36.1,NA,0,0,-2.32,36,0
4269,42,Hombre,8.7,134,51.5,125,0,1,1.39,36,0
4270,81,Hombre,7.3,128,50.6,23,0,0,-0.5,36,0
4271,55,Hombre,8.6,128,53.3,41,0,1,-0.97,36,0
4272,72,Mujer,6.5,120,48.8,NA,0,0,-0.4,36,0
4273,71,Mujer,NA,133,30.9,NA,1,0,-3.24,36,0
4274,76,Mujer,8.7,148,48.9,NA,1,0,-3.71,36,0
4275,54,Mujer,7.7,134,50.2,418,1,1,-0.5,36,0
4276,74,Mujer,7.4,162,33.7,133,0,0,-1.97,36,0
4277,67,Hombre,6.7,149,53.9,79,0,1,-2.21,36,0
4278,76,Hombre,8.4,133,50.4,120,1,1,-0.23,36,0
4279,70,Hombre,8.3,121,31.7,NA,0,0,-3.75,36,0
4280,64,Hombre,7.5,127,48.9,54,0,0,-2.01,36,0
4281,48,Hombre,8.4,121,45.9,NA,0,1,1.5,36,0
4282,58,Mujer,9.5,151,59.6,359,0,1,-2.34,36,0
4283,51,Hombre,7.4,117,48.8,15,0,0,-0.71,36,0
4284,64,Mujer,8.7,139,52.2,194,0,0,-2.28,36,0
4285,47,Mujer,8.2,136,59.2,49,1,0,-3.3,36,0
4286,52,Hombre,7.6,132,57.7,21,0,0,-2.79,36,0
4287,82,Mujer,6.6,129,37.2,18,1,0,-2.17,36,0
4288,61,Mujer,6.2,152,35.9,62,0,0,-0.42,36,0
4289,58,Mujer,7.1,152,41.4,NA,0,0,-2.53,36,0
4290,60,Mujer,8.4,127,42,368,0,1,-1.73,36,0
4291,75,Hombre,7.7,133,35.6,NA,1,0,-3.43,36,0
4292,42,Hombre,6.4,115,54.6,85,1,0,-1.58,36,0
4293,72,Hombre,6,140,32.7,NA,0,0,-1.69,36,0
4294,61,Hombre,8.7,151,46.7,260,0,1,0.41,36,0
4295,35,Hombre,7.6,151,49.6,11,1,0,0.23,36,0
4296,90,Mujer,7.6,NA,38.1,353,1,1,-2.41,36,0
4297,52,Hombre,7.2,125,50.3,116,0,1,0.5,36,0
4298,65,Hombre,7.1,134,32.4,76,1,1,-2.87,5.1,1
4299,58,Hombre,8.5,114,67.2,176,0,1,-2.27,36,0
4300,83,Mujer,6.6,128,43.2,40,1,0,-4.16,36,0
4301,68,Hombre,6.4,105,33.6,38,1,0,-1.68,36,0
4302,60,Hombre,8.5,119,51.3,142,1,0,-2.5,19,1
4303,90,Hombre,8.6,142,29.1,NA,1,1,-1.28,36,0
4304,85,Mujer,6.6,121,47.4,NA,0,0,-2.6,36,0
4305,65,Hombre,8.3,137,51.7,129,0,1,-2.41,36,0
4306,55,Mujer,5.5,167,35.4,NA,0,0,-2.67,36,0
4307,52,Hombre,7.7,123,53.5,38,1,0,-3.03,36,0
4308,69,Hombre,8.9,144,33.9,NA,0,1,-1.86,36,0
4309,79,Hombre,5.6,147,47.3,17,1,0,-3.22,36,0
4310,71,Hombre,6.6,123,38.9,122,0,1,-0.12,36,0
4311,63,Mujer,8,141,33.6,NA,0,1,-3.26,18.3,1
4312,56,Hombre,7.4,138,53.3,NA,0,1,-0.38,36,0
4313,63,Hombre,5.5,127,29.1,57,0,0,-1.26,36,0
4314,60,Mujer,8.3,138,47.3,122,0,0,-4.25,36,0
4315,70,Mujer,6.7,144,40.4,NA,0,1,-1.71,36,0
4316,68,Hombre,7.6,141,54.6,14,0,0,-2.03,36,0
4317,67,Hombre,10,129,44.8,198,0,1,-1.13,36,0
4318,63,Hombre,9.3,135,43.8,52,1,0,-1.9,16.4,1
4319,71,Hombre,NA,141,20,211,0,0,-3.56,36,0
4320,54,Hombre,9.6,130,66.6,1797,0,1,2.28,36,0
4321,72,Hombre,7.9,NA,29.7,96,0,0,-1.66,36,0
4322,53,Mujer,7.2,147,64.3,228,0,1,-0.69,36,0
4323,62,Mujer,9.1,100,56.6,279,0,0,-2.16,36,0
4324,80,Hombre,7.3,129,43.4,NA,0,0,-3.47,0.9,1
4325,59,Hombre,6.7,150,48.4,29,0,0,-0.06,36,0
4326,62,Hombre,8.7,106,44.7,NA,0,0,-2.08,36,0
4327,65,Mujer,8.7,138,42.6,NA,1,1,-1.8,36,0
4328,63,Hombre,7.4,124,61.2,59,0,0,-0.33,36,0
4329,77,Mujer,NA,123,36.1,NA,1,0,-4.94,36,0
4330,60,Hombre,6.9,135,39.2,181,0,0,-3.78,35.3,1
4331,63,Hombre,7.4,NA,51.1,19,0,0,-2.22,36,0
4332,52,Hombre,7.6,123,33.6,158,0,1,-1.15,36,0
4333,64,Hombre,8.4,134,44.1,237,1,0,-4.51,36,0
4334,63,Hombre,7.2,155,32.4,427,1,0,-4.04,20.8,1
4335,83,Mujer,8.4,140,43.3,NA,1,0,-3.39,36,0
4336,56,Hombre,7.4,127,38.6,40,0,0,-2.52,36,0
4337,86,Mujer,7,127,51.4,231,1,0,-4.88,8.3,1
4338,67,Hombre,8.5,157,56.2,178,0,1,-3.06,36,0
4339,70,Mujer,7.7,138,47.5,59,0,0,-2.64,36,0
4340,65,Mujer,7.8,154,41.2,NA,0,0,-1.11,36,0
4341,56,Mujer,7.6,111,39.6,647,0,1,-0.56,36,0
4342,66,Hombre,8,145,44.5,84,0,0,-3.05,36,0
4343,74,Hombre,7.7,156,37.4,331,1,1,-1.71,36,0
4344,58,Mujer,10.7,122,51.3,NA,0,1,-2.37,36,0
4345,63,Hombre,7,134,52.9,89,0,0,-1.07,36,0
4346,58,Hombre,7.5,134,43.6,NA,0,1,-0.26,36,0
4347,53,Mujer,8.8,145,48.3,101,1,0,-0.57,16.1,1
4348,55,Mujer,7.6,95,40.8,12,0,0,0.26,36,0
4349,84,Hombre,7.6,125,42.6,NA,0,0,-4.5,36,0
4350,63,Hombre,7.2,127,54.6,60,0,1,-0.35,36,0
4351,57,Hombre,8.6,155,45.1,886,0,1,-3.29,36,0
4352,78,Mujer,7.9,135,60.4,NA,1,1,-2.63,36,0
4353,64,Mujer,7.1,134,30.5,NA,0,0,-2.3,36,0
4354,68,Mujer,6.7,149,56.7,12,0,0,-2.68,36,0
4355,54,Hombre,5.8,145,50.2,80,0,0,-3.96,13.6,1
4356,57,Hombre,7.8,151,53.7,NA,0,0,-2.39,23.1,1
4357,44,Hombre,5.9,132,55.1,44,1,1,-0.88,36,0
4358,57,Mujer,10,130,34.8,NA,0,0,-3.26,22.8,1
4359,69,Hombre,8.1,133,46.9,70,1,0,-3.46,36,0
4360,64,Mujer,7.7,142,56.3,147,0,0,-1.69,36,0
4361,86,Mujer,7.5,132,44.8,NA,0,1,-3.42,36,0
4362,55,Hombre,5.5,139,53.6,NA,1,1,-0.96,36,0
4363,76,Hombre,9.2,142,51.8,124,0,1,-2.53,36,0
4364,70,Hombre,5.5,139,31.4,252,1,1,-1.25,36,0
4365,65,Hombre,8.9,146,43.7,251,0,1,-1.73,36,0
4366,65,Mujer,9,144,37.7,NA,0,1,0.26,36,0
4367,46,Mujer,5.5,133,40,38,1,0,-0.45,36,0
4368,65,Hombre,7.2,132,39.6,NA,0,0,-0.93,36,0
4369,55,Hombre,7.4,133,37.1,NA,1,0,-3.41,36,0
4370,50,Hombre,8.7,150,50.8,NA,0,1,-1.03,36,0
4371,53,Mujer,6.7,122,56.6,NA,0,0,-1.53,36,0
4372,54,Hombre,6.6,124,42.6,145,0,0,-2.49,36,0
4373,74,Mujer,6.7,106,28.5,61,0,0,-3.05,36,0
4374,67,Hombre,8.6,124,40.8,122,1,1,-2.74,5.5,1
4375,75,Hombre,8.2,122,38.7,54,0,0,-0.5,31.5,1
4376,55,Hombre,7.9,128,32.5,34,0,0,-0.2,36,0
4377,72,Hombre,5.5,NA,40.9,52,1,0,-1.33,4.8,1
4378,47,Hombre,7.4,146,47.2,NA,0,0,-1.32,36,0
4379,65,Hombre,8.7,122,39,71,0,0,-4.24,36,0
4380,54,Mujer,7,121,58.2,122,1,1,2.53,36,0
4381,46,Mujer,9,132,44.1,90,0,0,-1.92,36,0
4382,74,Hombre,7.4,156,55.9,NA,1,0,-3.3,28.8,1
4383,57,Hombre,NA,133,47,NA,1,1,-4.62,17.9,1
4384,49,Hombre,5.8,133,58.3,81,0,1,1.06,36,0
4385,72,Hombre,5.5,141,40.6,71,0,0,-1.72,36,0
4386,86,Mujer,6,135,26.6,NA,0,0,-3.81,36,0
4387,79,Mujer,8.6,138,40.9,322,1,0,-4.46,13.1,1
4388,62,Hombre,6.7,120,48.1,28,1,0,-1.37,36,0
4389,67,Mujer,9.1,147,47.9,311,1,1,-2.27,36,0
4390,56,Hombre,7.8,145,36.4,135,0,0,-1.79,36,0
4391,51,Hombre,6.5,108,52.4,16,0,0,-1.63,36,0
4392,78,Hombre,8.7,153,36.9,67,1,0,-4.48,36,0
4393,54,Hombre,8.4,150,56.9,212,0,0,-3.24,36,0
4394,58,Hombre,7.7,164,60.8,49,0,1,-1.04,36,0
4395,78,Hombre,6.6,147,55.5,NA,1,0,-4.49,36,0
4396,64,Hombre,10,152,51.4,1553,0,0,-6.73,0.4,1
4397,44,Hombre,8,131,51.3,307,0,1,-0.09,36,0
4398,55,Mujer,8.3,145,42.9,1208,0,1,-0.87,36,0
4399,60,Mujer,7.1,134,40.7,NA,1,1,1.05,14.1,1
4400,72,Mujer,NA,129,37.2,101,0,0,-1.57,36,0
4401,57,Hombre,9,169,51.3,NA,0,1,-1.65,36,0
4402,51,Hombre,7.4,138,38.8,38,0,0,-0.93,36,0
4403,63,Hombre,8.7,123,37.6,NA,0,1,-1.07,3.2,1
4404,66,Hombre,9.6,135,50.6,286,1,0,-4.79,36,0
4405,61,Hombre,9.3,152,46.9,537,0,1,-1.47,36,0
4406,66,Mujer,8.2,125,43.4,50,1,0,-1.79,36,0
4407,47,Hombre,7.7,134,56.3,39,0,1,0.35,36,0
4408,57,Mujer,9.5,142,35,NA,0,0,-3.61,36,0
4409,75,Hombre,9.6,125,35.9,NA,1,1,-0.6,36,0
4410,63,Hombre,8.7,133,54.1,161,0,1,0.27,7.1,1
4411,49,Hombre,7.2,136,58.8,785,0,1,0.82,36,0
4412,69,Hombre,6.6,146,51.5,577,0,1,0.82,36,0
4413,66,Mujer,8.2,150,50.6,NA,0,1,-2.12,36,0
4414,68,Hombre,9.5,135,57.2,77,0,1,-2.28,36,0
4415,66,Hombre,6.6,111,47.9,93,0,0,-0.74,36,0
4416,51,Mujer,7.6,140,41.4,202,0,1,-1.2,36,0
4417,62,Mujer,7.7,169,38.9,NA,0,0,-4.33,36,0
4418,68,Mujer,10,125,43.5,237,1,0,-3.07,36,0
4419,56,Hombre,NA,118,51.1,53,0,0,-1.04,36,0
4420,67,Hombre,6.8,153,32,NA,0,0,-3.27,36,0
4421,69,Hombre,7.7,146,44.3,NA,0,0,-3.86,36,0
4422,51,Hombre,7.4,105,26.8,66,0,1,2.23,36,0
4423,78,Hombre,10.1,167,36.8,NA,0,1,-2.62,36,0
4424,76,Hombre,9.4,156,43.2,NA,0,0,-3.97,23.6,1
4425,59,Hombre,8.8,140,31.5,NA,1,1,-1.36,24.5,1
4426,63,Hombre,8.5,123,45.9,54,0,0,-1.38,36,0
4427,73,Mujer,7.4,147,46.1,341,0,1,-1.43,36,0
4428,75,Hombre,7.7,117,43.5,121,0,0,-2.76,36,0
4429,56,Mujer,8.5,150,58.3,303,0,1,-0.09,36,0
4430,58,Hombre,7.7,123,49.6,63,0,0,-2.84,36,0
4431,80,Hombre,7.8,129,47.7,NA,0,1,-0.23,36,0
4432,70,Hombre,7.9,136,30.8,40,0,0,-2.63,36,0
4433,61,Hombre,8.9,125,35.9,439,0,1,-2.7,32.1,1
4434,55,Mujer,9,133,44.2,572,1,1,-0.97,21.9,1
4435,61,Mujer,5.5,104,43.8,43,0,0,-0.23,36,0
4436,57,Hombre,6.6,NA,45.4,137,0,0,-2.97,36,0
4437,64,Mujer,8,114,52,66,0,0,-0.86,36,0
4438,42,Hombre,6.3,148,48.4,256,0,1,-0.13,36,0
4439,58,Hombre,7.2,157,54.6,NA,0,1,-2.33,36,0
4440,48,Hombre,7.3,138,45.3,272,1,0,-2.4,36,0
4441,64,Hombre,7,120,40,NA,0,0,-1.26,10.7,1
4442,51,Hombre,6.7,125,51,353,0,1,1.27,36,0
4443,73,Mujer,NA,NA,41.2,NA,0,0,-5.25,36,0
4444,60,Hombre,8.8,107,43.5,1036,1,1,-3.7,36,0
4445,52,Hombre,8.3,139,69,NA,1,1,-2.36,34.4,1
4446,40,Hombre,8.1,148,39,191,0,1,0.04,36,0
4447,85,Hombre,NA,155,59.7,60,0,1,-4.19,36,0
4448,62,Mujer,5.7,142,40.3,38,1,0,-2.48,36,0
4449,73,Mujer,8.6,132,44.4,NA,1,0,-4.55,36,0
4450,63,Mujer,6.7,156,21,NA,0,0,-2.25,36,0
4451,80,Hombre,8.5,131,41.1,89,0,0,-4.4,31.5,1
4452,55,Hombre,NA,141,67.6,73,0,1,-1.44,36,0
4453,67,Hombre,6,170,45.3,NA,0,0,-3.76,36,0
4454,62,Mujer,7,149,69.1,11,0,1,-1.52,36,0
4455,78,Hombre,9,131,34.2,NA,1,1,-1.48,36,0
4456,60,Hombre,8.6,135,39.6,NA,1,0,-3.16,36,0
4457,54,Mujer,6.3,151,36.5,NA,0,0,-2.3,36,0
4458,54,Hombre,7.6,142,29.1,NA,1,0,-2.49,36,0
4459,69,Mujer,9,137,48.5,906,0,1,-0.34,36,0
4460,79,Hombre,7.6,129,56.1,117,0,0,-2.95,36,0
4461,63,Mujer,8.1,128,47.4,35,0,0,-1.27,36,0
4462,58,Hombre,8.1,145,38.4,47,0,0,-3.59,36,0
4463,56,Hombre,5.5,125,27.3,NA,0,0,-3.59,8.1,1
4464,67,Mujer,6.6,175,36.8,NA,0,0,-2.7,36,0
4465,65,Mujer,10.2,152,47.6,196,0,0,-4.55,36,0
4466,56,Hombre,7.3,125,53.6,22,1,1,-1.07,36,0
4467,86,Mujer,9.4,132,31.1,124,1,0,-4.08,36,0
4468,55,Mujer,9.6,135,51.4,NA,0,1,-1.17,36,0
4469,71,Mujer,8,165,43.9,NA,1,0,-6.83,36,0
4470,57,Hombre,7,129,27.4,34,1,0,-2,36,0
4471,70,Mujer,8.1,141,60.3,92,0,0,-2.79,36,0
4472,66,Hombre,NA,134,54.6,47,1,0,-2.98,36,0
4473,66,Hombre,8.9,127,39.1,150,1,1,-3,36,0
4474,72,Mujer,7.7,152,44.7,166,0,1,-2.87,36,0
4475,64,Hombre,8.3,118,66.2,NA,1,1,-1.84,36,0
4476,66,Mujer,7.4,125,52.4,22,0,0,-2.34,36,0
4477,56,Mujer,7.9,130,51.9,26,0,1,-1.54,36,0
4478,68,Mujer,8.2,161,48.7,NA,1,1,-1.81,36,0
4479,58,Hombre,8.8,138,42.6,NA,0,1,-3.28,36,0
4480,65,Hombre,8.3,148,36.1,172,0,0,-2.79,36,0
4481,64,Mujer,8.7,143,43.5,57,1,0,-3.26,33.6,1
4482,53,Mujer,7.5,140,47.9,167,0,0,-1.41,36,0
4483,67,Hombre,7.3,147,60.7,230,0,0,-2.51,36,0
4484,61,Mujer,8.6,146,36.9,NA,0,1,0.23,36,0
4485,56,Hombre,8.5,141,54.2,NA,1,1,-0.43,36,0
4486,61,Hombre,7.1,142,44.5,NA,0,0,-4.03,36,0
4487,51,Hombre,7.9,146,62.7,219,0,1,0.2,36,0
4488,56,Mujer,8.8,124,49.4,17,1,1,-0.26,36,0
4489,77,Hombre,9.5,134,57.8,NA,0,1,-4.44,36,0
4490,64,Mujer,9.6,151,53.8,231,0,1,-2.57,36,0
4491,73,Hombre,7.3,161,32.8,NA,0,0,-4.83,36,0
4492,53,Mujer,6.6,116,58.9,30,0,0,-1.26,36,0
4493,54,Hombre,NA,123,43,12,0,0,-1.09,36,0
4494,55,Mujer,5.5,134,61.8,46,0,1,-1.18,36,0
4495,51,Mujer,7.5,123,68.1,118,0,1,0.37,36,0
4496,81,Hombre,7.6,133,50.2,29,0,1,-3.34,36,0
4497,59,Hombre,7.1,156,49.3,64,0,0,-3.26,36,0
4498,65,Hombre,8.3,114,45.8,32,1,1,-1.03,20.3,1
4499,76,Hombre,6.9,157,44.5,NA,0,0,-1.69,36,0
4500,58,Hombre,9.2,124,56.4,196,0,0,-0.92,36,0
4501,65,Mujer,6.6,118,50.3,3,0,0,0.72,36,0
4502,63,Hombre,NA,142,40.1,NA,0,0,-4.64,13.2,1
4503,82,Mujer,6.3,124,39.5,NA,0,0,-3.61,36,0
4504,81,Hombre,8.5,NA,42.3,NA,1,1,-3.98,16.9,1
4505,60,Mujer,8.5,132,43.2,118,0,0,-1.94,36,0
4506,70,Mujer,9.2,117,33.7,1202,0,1,-1.98,36,0
4507,71,Hombre,6.1,122,53.2,109,0,1,-1.34,36,0
4508,82,Hombre,8.5,122,56,53,1,0,-3.08,29.9,1
4509,55,Mujer,7.1,146,45.2,205,0,0,-2.61,36,0
4510,76,Mujer,8.6,136,45.7,NA,0,0,-2.47,29.9,1
4511,72,Mujer,5.8,131,51.3,147,1,0,-0.56,36,0
4512,61,Mujer,7.2,134,36.3,NA,0,0,-3.15,21.2,1
4513,64,Mujer,8.2,131,54.7,31,0,1,-1.73,36,0
4514,80,Hombre,8.3,136,55.2,204,1,0,-1.13,11,1
4515,60,Hombre,7.4,127,42.9,77,0,0,-1.72,36,0
4516,56,Mujer,11.1,146,35.9,NA,0,1,-2.15,36,0
4517,50,Mujer,9.1,134,52.6,138,0,0,-1.83,36,0
4518,59,Hombre,9,161,44.8,365,1,0,-4.86,36,0
4519,64,Mujer,5.5,126,30.5,171,1,0,-2.54,16.8,1
4520,64,Hombre,6.6,141,50.5,25,0,0,1.89,36,0
4521,60,Mujer,7.7,141,46.3,401,0,1,-3.78,36,0
4522,57,Mujer,8.4,129,60.3,71,0,1,1.22,36,0
4523,74,Mujer,8.9,126,61.9,205,0,1,-2.62,36,0
4524,84,Hombre,7,160,47.8,128,1,0,-4.36,36,0
4525,74,Hombre,5.6,133,49.4,1072,0,1,-0.69,36,0
4526,63,Mujer,7.6,126,44.3,NA,0,1,-1.79,36,0
4527,52,Mujer,6.5,123,40.1,151,0,1,0.66,36,0
4528,78,Mujer,7.4,NA,52.5,NA,0,1,-2.47,36,0
4529,70,Hombre,7,149,47.7,207,1,0,-3.85,35.2,1
4530,74,Hombre,8,142,49.5,NA,0,0,-5.7,2.8,1
4531,60,Hombre,7.5,114,46.1,19,0,1,-0.1,36,0
4532,61,Hombre,8.6,140,50.6,133,0,0,-2.05,36,0
4533,77,Mujer,8.9,NA,38.7,NA,1,1,-4.23,36,0
4534,89,Mujer,7.7,127,50.4,NA,1,0,-3.39,2.3,1
4535,83,Mujer,8.4,175,38.1,NA,0,1,-0.65,36,0
4536,72,Mujer,7.8,NA,50.7,82,0,1,-2.3,36,0
4537,61,Hombre,6.5,136,53.6,62,1,1,-1.33,36,0
4538,82,Mujer,9.5,158,36.7,NA,1,0,-5.35,36,0
4539,61,Mujer,8.8,149,47.6,119,0,1,-1.72,36,0
4540,85,Hombre,NA,133,42.9,233,1,0,-3.58,31.5,1
4541,49,Mujer,6.3,133,47.2,53,0,0,-2.5,36,0
4542,64,Mujer,6.1,132,31,NA,0,0,-2.51,36,0
4543,52,Hombre,7.5,132,54.8,147,0,1,-2.38,36,0
4544,57,Hombre,7.3,149,43.8,96,1,0,-2.16,36,0
4545,56,Hombre,8.7,119,51.5,NA,1,0,-3.12,36,0
4546,53,Mujer,8.3,106,48.3,36,0,1,1.45,36,0
4547,57,Mujer,6.8,127,43.8,NA,0,1,-0.24,36,0
4548,74,Hombre,5.5,120,46.2,NA,0,1,-0.33,36,0
4549,52,Hombre,7,157,42,30,0,0,-1.24,36,0
4550,55,Mujer,NA,112,75,311,0,1,0.59,36,0
4551,56,Mujer,5.8,140,22,243,0,1,0.39,36,0
4552,65,Hombre,NA,144,40.8,36,0,0,-1.73,36,0
4553,60,Mujer,6.7,118,45.9,49,0,0,-1.26,36,0
4554,70,Hombre,8.1,139,55.6,NA,1,0,-1.16,36,0
4555,57,Hombre,7,102,49.8,15,0,0,-0.31,36,0
4556,68,Hombre,10.1,117,37.3,NA,1,1,-3.03,36,0
4557,77,Hombre,7.1,135,31.9,105,1,0,-3.54,22.2,1
4558,44,Hombre,6.4,110,48.8,95,0,1,0.55,36,0
4559,76,Hombre,9.4,141,40.4,210,0,0,-2.42,36,0
4560,67,Hombre,8.4,140,44,NA,0,1,-1.71,36,0
4561,63,Hombre,NA,148,41.5,NA,1,0,-3.19,36,0
4562,74,Mujer,9.5,NA,60.6,10,1,0,-2.03,0.5,1
4563,60,Mujer,8.9,NA,45.3,94,0,0,-2.6,36,0
4564,57,Mujer,NA,144,55.5,196,0,1,-0.85,36,0
4565,73,Hombre,8.1,127,42.7,56,1,0,-3.3,36,0
4566,80,Hombre,9,150,64.1,NA,0,0,-1.55,36,0
4567,69,Hombre,9.3,138,39.9,NA,0,0,-2.23,36,0
4568,81,Hombre,5.5,121,36.3,44,0,0,-2.17,36,0
4569,64,Mujer,9.2,134,57,35,0,1,-2.86,36,0
4570,66,Hombre,7.4,156,33.4,428,0,1,-0.06,36,0
4571,57,Mujer,8,130,34.5,105,0,0,-1.08,36,0
4572,74,Mujer,7.2,122,31.6,39,0,0,-0.84,36,0
4573,63,Mujer,5.5,113,49.6,39,0,0,-3.16,36,0
4574,42,Hombre,8.7,118,51.1,485,0,0,-0.85,14.2,1
4575,70,Hombre,7.5,118,61.3,68,0,0,-3.2,36,0
4576,81,Mujer,9.7,128,31.2,NA,1,0,-7.34,25.3,1
4577,64,Hombre,NA,140,36.7,65,1,0,-2.46,10.7,1
4578,65,Hombre,6.6,151,45.2,23,0,0,-1.34,36,0
4579,69,Hombre,8.2,124,48.2,NA,1,1,-1.84,36,0
4580,49,Hombre,8.5,147,68,51,0,0,1.83,36,0
4581,57,Hombre,8.7,126,41.1,738,1,0,-3.56,36,0
4582,67,Hombre,9.6,123,43.2,234,1,0,-2.63,36,0
4583,67,Mujer,6.7,155,37.1,NA,1,1,-0.33,36,0
4584,50,Hombre,5.5,152,61.4,65,1,0,-2,36,0
4585,71,Hombre,10.5,141,34.1,NA,0,1,-2.87,36,0
4586,80,Hombre,6.5,142,39.2,156,1,0,-3.23,36,0
4587,59,Hombre,NA,124,44.3,124,0,0,-2.58,36,0
4588,47,Hombre,7.8,NA,58.1,84,0,0,-2.53,23,1
4589,61,Mujer,7.2,125,43.4,265,0,1,-0.59,36,0
4590,60,Hombre,8.1,146,47.7,104,1,0,-2.59,36,0
4591,59,Hombre,NA,117,43.6,106,0,1,0.14,36,0
4592,90,Mujer,7.1,101,48.4,98,1,0,-3.96,36,0
4593,65,Hombre,NA,156,54.2,122,1,1,-1.64,36,0
4594,41,Mujer,6.4,149,43.6,1255,0,1,-2.16,36,0
4595,58,Mujer,9.3,NA,28.6,NA,0,1,-0.75,36,0
4596,62,Hombre,8.2,106,49.9,57,0,0,0.02,36,0
4597,58,Mujer,8,129,38.3,57,0,0,-1.41,36,0
4598,71,Mujer,9.2,144,42.7,NA,0,1,-2.83,13.8,1
4599,62,Hombre,10.1,156,48.2,76,0,0,-3.89,5.1,1
4600,64,Hombre,7.5,127,42.9,NA,0,1,-1.41,36,0
4601,46,Hombre,9.3,134,57.7,274,0,1,0.85,36,0
4602,59,Hombre,6.4,133,57.4,142,0,0,-2.56,36,0
4603,60,Mujer,8.3,124,65.8,10,0,0,0.09,36,0
4604,75,Mujer,8.7,139,41.5,154,1,1,-2.58,18.1,1
4605,67,Hombre,8.9,129,44.2,150,0,1,-0.51,36,0
4606,42,Hombre,8.3,143,36.4,473,0,1,-1.63,36,0
4607,68,Mujer,7.4,122,26.2,NA,0,0,-4.68,20.5,1
4608,69,Hombre,7.7,123,50.5,95,0,1,1.11,36,0
4609,77,Mujer,8.3,NA,40.8,NA,0,1,-0.85,15.6,1
4610,68,Mujer,6.4,136,43.1,785,0,1,-1.31,36,0
4611,69,Mujer,7.5,NA,39.9,NA,1,1,-2.85,36,0
4612,49,Mujer,8.6,160,60.3,791,0,1,-2.12,36,0
4613,56,Hombre,5.6,144,37.1,NA,0,0,-0.69,36,0
4614,49,Mujer,6.4,118,56,60,1,1,2.55,36,0
4615,58,Hombre,9.2,142,49.1,149,0,1,0.66,36,0
4616,75,Mujer,NA,123,47.3,NA,0,1,-2.83,36,0
4617,40,Mujer,6.6,148,37.7,146,0,1,-0.24,20.9,1
4618,46,Mujer,8.2,133,48.3,92,0,0,-2.33,36,0
4619,71,Hombre,8.3,120,32.3,NA,0,1,-0.89,36,0
4620,74,Mujer,7.5,165,41.3,893,1,0,-5.62,36,0
4621,65,Mujer,7.3,133,48.6,NA,0,0,-5.24,36,0
4622,82,Mujer,6.7,150,37,NA,0,0,-2.77,36,0
4623,47,Hombre,5.9,126,52.3,40,1,0,0.96,36,0
4624,70,Hombre,6.3,142,51.8,NA,1,0,-1.69,29.2,1
4625,63,Hombre,8.6,138,45.1,NA,0,1,-0.67,36,0
4626,58,Hombre,8,130,37.6,102,0,1,-2.44,36,0
4627,60,Mujer,7.4,160,36.8,28,0,0,-2.46,36,0
4628,55,Mujer,5.5,146,34,NA,0,0,-2.35,36,0
4629,73,Mujer,6.8,144,53.9,475,0,0,-2.81,36,0
4630,71,Hombre,8.3,135,35.7,NA,1,0,-3.64,36,0
4631,52,Mujer,8.2,137,66.7,145,0,1,-0.75,36,0
4632,68,Hombre,8.3,116,30,NA,1,0,-1.97,36,0
4633,50,Mujer,6.9,154,46.5,NA,0,1,-0.55,36,0
4634,64,Hombre,8.3,122,49.7,37,0,0,-1.57,36,0
4635,69,Hombre,7.5,123,41,57,0,0,-4.6,36,0
4636,74,Mujer,7.4,153,59.4,81,0,0,-1.43,36,0
4637,55,Mujer,8.5,126,48,NA,0,1,-1.71,36,0
4638,50,Mujer,7.1,161,72,39,1,1,-0.14,36,0
4639,77,Mujer,8.4,137,56.5,NA,1,0,-3.3,36,0
4640,70,Hombre,6.6,130,52.5,NA,0,0,-2.23,36,0
4641,65,Hombre,7.6,142,43.3,NA,0,0,-4.23,36,0
4642,65,Hombre,7.3,109,44.2,44,1,1,2.11,36,0
4643,64,Hombre,7.5,121,39.7,NA,1,1,-0.78,36,0
4644,61,Hombre,6.7,102,40.4,37,0,0,-0.18,36,0
4645,60,Mujer,8.2,137,39.2,NA,0,1,-2.7,36,0
4646,66,Hombre,9.7,137,54.8,586,1,1,-2.87,15.3,1
4647,77,Mujer,9.5,122,51.8,18,1,0,-2.59,36,0
4648,66,Mujer,6.4,143,31.9,NA,0,0,-1.86,36,0
4649,51,Hombre,8.9,142,56.7,107,0,0,-0.67,36,0
4650,73,Mujer,5.8,131,41.2,61,1,0,-1.69,36,0
4651,56,Mujer,6.5,136,47,152,0,1,2.25,36,0
4652,67,Mujer,8,153,44,NA,1,0,-3.22,8.5,1
4653,73,Hombre,7.1,107,48.4,28,0,0,-1.4,36,0
4654,49,Hombre,8.6,128,41.8,199,1,1,-1.29,36,0
4655,66,Hombre,10,119,48.4,51,1,0,-2.23,20.5,1
4656,72,Mujer,8.7,149,44.7,136,0,1,0.04,36,0
4657,45,Mujer,5.5,144,56.7,223,0,1,-0.1,36,0
4658,62,Hombre,7.2,128,58.5,84,0,0,-1.3,36,0
4659,69,Mujer,5.9,140,49.4,156,0,1,-2.28,36,0
4660,59,Hombre,9.7,NA,46.8,836,0,0,-3.98,9.3,1
4661,46,Mujer,10.1,109,60.5,701,1,1,-0.71,36,0
4662,56,Hombre,8.3,144,52.5,NA,0,1,-1.32,36,0
4663,69,Mujer,9,140,38.6,NA,0,0,-2.08,36,0
4664,47,Mujer,NA,152,66.3,62,1,1,-3.35,36,0
4665,64,Mujer,5.5,138,43.1,39,0,0,-0.46,36,0
4666,61,Hombre,6.9,133,45,NA,0,1,0.53,36,0
4667,41,Hombre,5.5,132,59.2,175,1,1,0.37,36,0
4668,74,Hombre,8.8,132,63.3,NA,0,1,-1,36,0
4669,49,Mujer,9.1,142,59.2,169,0,1,-1.94,36,0
4670,57,Hombre,9.6,114,48.3,92,0,1,-0.08,8.9,1
4671,79,Hombre,NA,155,52.4,NA,1,0,-4.98,36,0
4672,54,Hombre,9.2,133,65.4,86,0,0,0.63,36,0
4673,64,Mujer,7.3,135,36.3,NA,1,1,-3.83,36,0
4674,77,Mujer,8.4,140,44.6,837,0,0,-3.71,5.5,1
4675,63,Mujer,5.5,124,47.2,48,1,0,-1.16,36,0
4676,66,Mujer,8.5,140,70.6,78,0,1,-1.79,36,0
4677,67,Mujer,8.7,155,39.1,296,0,1,-3.51,26.3,1
4678,43,Hombre,7.7,119,49.8,20,0,0,-2.86,36,0
4679,60,Hombre,NA,100,46.1,53,0,0,-0.02,36,0
4680,68,Hombre,8.5,148,41.8,NA,0,1,-1.28,11.6,1
4681,51,Mujer,9.3,133,58.4,641,0,1,0.85,36,0
4682,51,Mujer,8.8,104,51.2,58,0,1,-1.56,36,0
4683,61,Hombre,6.2,128,50.4,17,1,0,-0.16,36,0
4684,70,Mujer,9.4,146,45.4,107,0,1,-1.18,36,0
4685,69,Hombre,6.8,127,36.9,30,0,1,-1.18,36,0
4686,81,Mujer,8.9,145,29.2,344,0,0,-3.19,19.5,1
4687,63,Hombre,8.5,95,50.3,67,1,1,-0.48,36,0
4688,60,Mujer,5.5,121,47.2,50,1,0,-1.97,36,0
4689,62,Hombre,9.2,149,52.5,252,1,0,-1.64,36,0
4690,65,Hombre,7.4,140,60.5,NA,0,0,-3.22,36,0
4691,71,Hombre,7.4,141,53.3,NA,1,1,-3.88,36,0
4692,51,Mujer,7.9,142,42.7,86,0,1,-0.84,36,0
4693,55,Mujer,7.2,118,63.2,298,0,1,-0.56,36,0
4694,68,Mujer,7,126,44.8,168,0,0,-4.73,36,0
4695,68,Mujer,8.9,147,47.6,NA,1,0,-2.96,36,0
4696,59,Hombre,6.6,120,52.8,NA,0,1,-1.38,36,0
4697,46,Mujer,7.1,172,59.7,NA,0,1,-0.86,36,0
4698,64,Hombre,7.2,126,48.4,62,0,0,-1.22,36,0
4699,53,Hombre,7.8,148,41.2,201,0,1,0.75,36,0
4700,68,Hombre,8,129,42.8,279,0,0,-3.41,36,0
4701,71,Mujer,6.2,122,45.7,72,1,0,-3.83,36,0
4702,66,Hombre,6.6,104,44.2,NA,1,1,-2.14,36,0
4703,49,Hombre,6.1,105,35.7,NA,0,0,-0.02,36,0
4704,61,Hombre,8.1,151,52.2,831,0,1,-1.4,36,0
4705,50,Mujer,7.3,146,48.2,64,0,0,-3.06,36,0
4706,50,Hombre,8.2,141,65.4,118,0,1,-2.1,36,0
4707,72,Mujer,8.9,131,45.9,155,1,0,-3.26,36,0
4708,71,Hombre,9.2,145,54.2,NA,1,1,-1.1,36,0
4709,55,Hombre,7.8,144,54.1,1018,1,1,-1.15,36,0
4710,65,Mujer,6.3,116,35,61,1,0,-1.56,36,0
4711,58,Mujer,6.7,122,45.7,154,0,1,-0.31,36,0
4712,76,Hombre,7.8,96,47.2,NA,0,0,-2.53,36,0
4713,65,Hombre,NA,NA,45,NA,0,0,-4.11,36,0
4714,66,Mujer,7.8,142,42.5,NA,0,1,-0.93,31.9,1
4715,65,Hombre,NA,140,55.3,95,0,1,-0.1,36,0
4716,70,Hombre,9.6,123,46.4,NA,0,0,-5.17,36,0
4717,79,Hombre,5.5,130,49.7,NA,1,0,-1.68,36,0
4718,63,Mujer,9.7,152,53,96,0,1,-1.08,36,0
4719,58,Hombre,9.1,129,54.7,206,0,1,-0.7,36,0
4720,59,Mujer,8,153,43.3,314,1,0,-3.25,14.6,1
4721,65,Mujer,7.4,113,57.4,103,0,1,0.94,36,0
4722,49,Hombre,8.3,106,53.5,82,0,0,-0.17,36,0
4723,55,Mujer,8.5,147,48.8,409,0,0,-2.96,2.2,1
4724,69,Mujer,7.9,158,61.5,515,1,1,-2.08,18.5,1
4725,56,Mujer,9.3,151,48,246,0,0,-4.14,36,0
4726,43,Mujer,8.1,144,53.8,214,0,1,-0.54,36,0
4727,67,Hombre,8.3,128,30.7,NA,0,0,-2.6,36,0
4728,65,Mujer,7.1,136,23.9,NA,0,0,-1.49,36,0
4729,66,Mujer,10.4,117,43.6,NA,0,0,-3.22,36,0
4730,73,Hombre,7.1,148,38.8,NA,0,0,-3.79,36,0
4731,79,Mujer,8.8,NA,40.8,NA,0,0,-4.54,7.1,1
4732,80,Hombre,7.4,160,43.5,315,0,1,-2.33,36,0
4733,65,Hombre,6.2,153,38.5,242,0,0,-3.93,14.8,1
4734,75,Hombre,9.4,147,49.7,1322,0,1,-1.11,36,0
4735,52,Hombre,9.1,138,54.5,162,0,1,1.07,36,0
4736,67,Mujer,9.8,144,55.8,NA,0,1,-3.01,36,0
4737,84,Hombre,7.6,156,41.8,NA,0,0,-4.77,36,0
4738,55,Mujer,5.5,117,52.4,34,0,0,-0.83,36,0
4739,75,Hombre,7.5,149,45.4,NA,0,0,-3.9,36,0
4740,46,Hombre,6.7,112,47.8,NA,1,1,2.23,36,0
4741,37,Mujer,NA,120,50.8,25,0,1,1.45,36,0
4742,82,Hombre,7,NA,33.6,NA,1,0,-5.72,36,0
4743,74,Hombre,8.8,123,51.7,279,0,1,-0.76,36,0
4744,82,Hombre,8.9,146,23.9,NA,0,0,-3.11,36,0
4745,83,Mujer,8.2,NA,34.9,NA,0,0,-4.95,21.8,1
4746,52,Hombre,9.6,137,54.1,NA,0,1,-1.86,36,0
4747,55,Hombre,5.5,148,59.1,15,0,0,-0.34,36,0
4748,70,Mujer,8.3,NA,49.7,NA,1,1,-0.58,36,0
4749,65,Hombre,8.2,139,45.2,NA,1,1,-2.29,36,0
4750,79,Mujer,NA,118,46.1,84,0,0,-0.99,36,0
4751,61,Mujer,7.9,134,60,140,0,0,-1.79,36,0
4752,60,Mujer,8.1,108,48.6,191,0,0,-0.09,36,0
4753,73,Hombre,8.2,168,47.1,NA,1,1,-3.76,36,0
4754,63,Mujer,5.5,124,44,74,0,0,-1.74,36,0
4755,68,Hombre,7.1,151,49,119,1,1,-2.68,36,0
4756,79,Hombre,7.6,146,38.3,253,0,0,-3.29,36,0
4757,70,Mujer,8.8,154,43.3,NA,0,0,-3.34,36,0
4758,77,Hombre,7.3,129,48.4,NA,1,1,-1.65,36,0
4759,70,Mujer,6.7,142,43.7,NA,1,1,-2.57,36,0
4760,59,Hombre,6.9,149,56.1,156,0,0,-2.08,36,0
4761,65,Hombre,NA,122,33.5,25,1,0,-1.54,36,0
4762,65,Mujer,6,128,46.2,96,1,0,-3.55,24.2,1
4763,75,Mujer,6.3,112,46.1,NA,1,1,-0.19,36,0
4764,63,Hombre,NA,130,35.8,31,0,1,-1.31,36,0
4765,61,Hombre,8.1,106,45,238,1,1,-1.25,36,0
4766,76,Mujer,8.8,160,52.1,NA,0,0,-3.73,36,0
4767,57,Hombre,8.8,136,47.6,126,0,0,-1.75,24.7,1
4768,52,Mujer,6.7,118,45,312,0,1,2.22,36,0
4769,69,Mujer,6.2,159,36.2,NA,1,0,-4.74,10,1
4770,69,Mujer,5.5,132,61.5,59,0,0,-1.96,36,0
4771,52,Mujer,7.7,NA,53.5,65,0,1,0.19,36,0
4772,64,Mujer,7.8,141,35.9,254,0,1,-1.82,36,0
4773,68,Mujer,7.8,137,30.7,NA,0,0,-1.21,36,0
4774,49,Hombre,8.5,175,47.5,60,0,0,-1.29,36,0
4775,48,Mujer,NA,140,39.8,NA,0,1,0.3,36,0
4776,57,Mujer,NA,140,47.6,32,0,1,-1.51,36,0
4777,67,Mujer,6.9,129,58.8,33,1,1,-2.07,36,0
4778,53,Mujer,9.6,126,40.5,NA,1,1,-1.97,36,0
4779,64,Hombre,6.7,104,54.4,69,1,0,-0.96,36,0
4780,81,Hombre,8.7,139,47.2,NA,0,1,-1.62,36,0
4781,79,Mujer,8.3,144,28.2,NA,1,0,-3.1,36,0
4782,71,Mujer,9.8,161,40.7,NA,0,0,-5.9,36,0
4783,50,Mujer,9.1,116,37.6,168,1,1,-1.65,36,0
4784,62,Hombre,7.9,161,47.5,136,1,0,-3,36,0
4785,54,Mujer,6.4,142,44.8,29,0,1,-0.12,36,0
4786,54,Mujer,6.3,150,59.6,208,0,1,-2.37,36,0
4787,61,Hombre,7.2,164,42.4,NA,1,0,-4.19,36,0
4788,64,Hombre,7.5,141,40.7,NA,0,1,-1.75,36,0
4789,68,Mujer,9.2,NA,50.2,1122,1,1,-1.47,36,0
4790,60,Mujer,10.4,136,52.7,51,0,1,-1.46,36,0
4791,64,Mujer,8.4,111,43.1,766,0,1,-0.74,36,0
4792,43,Mujer,7.3,127,49.1,71,0,1,0.04,36,0
4793,81,Mujer,10.3,129,50.2,80,0,1,-1.24,31.9,1
4794,69,Hombre,7.9,143,46.2,807,1,1,-1.86,26.4,1
4795,72,Mujer,8.1,144,48,63,0,1,0.64,36,0
4796,64,Hombre,8.6,133,60.3,81,0,1,0.68,36,0
4797,78,Mujer,8.2,124,36.3,NA,1,0,-4.81,36,0
4798,61,Hombre,8.8,127,56.8,58,1,1,-0.71,36,0
4799,46,Hombre,7.9,131,53.9,209,0,1,-0.12,36,0
4800,58,Mujer,9.1,111,51.1,25,0,0,-0.85,36,0
4801,69,Hombre,7.6,138,55.5,NA,0,0,-3.77,36,0
4802,53,Hombre,8.4,115,43.8,77,0,0,-2.01,36,0
4803,67,Hombre,8.5,129,47.3,NA,0,0,-3.63,14.9,1
4804,48,Hombre,8.6,106,56.9,18,0,1,0.26,36,0
4805,67,Mujer,NA,134,53.3,63,0,0,-2.68,36,0
4806,81,Mujer,6.4,152,38.3,NA,0,0,-5.49,36,0
4807,57,Hombre,9.7,NA,46,248,0,1,-1.59,36,0
4808,81,Mujer,9.2,155,47.7,NA,0,0,-5.32,36,0
4809,53,Hombre,9.5,NA,49.7,NA,1,1,-2.9,36,0
4810,78,Mujer,7.4,146,29.7,69,0,0,-2.68,36,0
4811,55,Hombre,8.6,143,58.1,264,1,1,0.16,36,0
4812,65,Hombre,8.5,128,28.4,NA,1,1,-2.07,36,0
4813,84,Mujer,8.5,141,55.1,NA,0,1,-5.08,27.5,1
4814,62,Hombre,7.9,134,47.3,82,0,1,-1.24,36,0
4815,53,Hombre,7.6,124,58.9,12,0,0,-0.81,36,0
4816,64,Hombre,8.6,134,54.1,528,1,1,-0.5,36,0
4817,87,Mujer,7.2,146,22.8,NA,0,0,-5.97,6.3,1
4818,74,Mujer,6.2,164,51.1,57,0,1,-1.25,36,0
4819,58,Mujer,7.3,171,44.9,192,0,0,-2.35,34.1,1
4820,48,Hombre,8.5,95,44.8,162,0,1,0.9,36,0
4821,81,Mujer,6.7,99,48,64,1,0,-2.19,36,0
4822,58,Hombre,5.5,115,54.1,79,0,1,-1.17,35.4,1
4823,46,Hombre,8.4,162,62.3,42,1,1,-1.59,36,0
4824,70,Hombre,6.5,138,42.1,NA,0,0,-1.99,36,0
4825,73,Hombre,8.1,135,43.8,111,1,1,-1.76,2.8,1
4826,56,Hombre,7.6,120,44.4,NA,0,1,-1.52,36,0
4827,56,Mujer,6.8,127,58.5,83,0,1,0.63,36,0
4828,49,Hombre,5.5,131,58.2,58,0,1,-0.72,36,0
4829,50,Hombre,8.6,130,52.2,164,0,1,0.09,36,0
4830,54,Hombre,5.8,148,50,NA,0,1,-2.94,36,0
4831,55,Hombre,7,164,54.9,203,0,1,-1.51,36,0
4832,57,Mujer,8.6,163,47.9,950,1,1,-1.59,36,0
4833,80,Hombre,6.6,NA,37,13,0,0,-1.65,36,0
4834,61,Hombre,9.6,140,42.3,NA,1,1,-2.17,36,0
4835,63,Mujer,8.6,NA,48.7,115,1,1,-1.32,13,1
4836,49,Hombre,9.1,144,49.3,503,0,1,-0.37,36,0
4837,57,Mujer,7.2,130,46.8,103,0,0,-0.8,36,0
4838,63,Mujer,7.5,130,40.8,181,0,1,1.42,36,0
4839,80,Mujer,8.9,131,53.1,58,1,0,-2.93,36,0
4840,66,Hombre,8.1,128,36.5,NA,0,0,-1.62,36,0
4841,55,Hombre,10,125,39.9,885,0,1,-1.18,36,0
4842,57,Hombre,NA,110,37.1,223,0,1,0.64,36,0
4843,76,Hombre,8.8,133,40.8,65,0,0,-3.44,36,0
4844,68,Hombre,7.4,110,32,280,0,0,-2.02,14.7,1
4845,69,Hombre,7.6,123,47.6,81,0,1,1.8,36,0
4846,55,Mujer,6.2,132,38.5,NA,0,0,-2.92,36,0
4847,70,Mujer,8.6,124,28.8,249,0,0,-2.7,36,0
4848,89,Hombre,9.5,146,37.1,NA,1,0,-3.55,8,1
4849,66,Mujer,8.6,128,41,478,1,0,-3,36,0
4850,69,Hombre,8,135,46.1,226,0,1,-3,36,0
4851,66,Hombre,9.3,144,51.9,335,1,1,-0.71,36,0
4852,59,Hombre,7.6,132,42.5,350,0,1,-1.78,36,0
4853,68,Hombre,6.2,144,41.4,NA,0,0,-2.55,36,0
4854,50,Mujer,8.5,110,65.1,45,0,1,0.32,36,0
4855,57,Mujer,7.4,153,26.5,1031,1,1,-0.24,11.8,1
4856,62,Hombre,8.9,151,43.5,182,1,1,-2.34,36,0
4857,66,Mujer,7.5,147,41.2,NA,1,0,-3.7,36,0
4858,45,Hombre,7.3,144,55.6,114,1,1,0.62,36,0
4859,67,Hombre,8,143,55.4,74,0,1,-1.38,36,0
4860,64,Hombre,6.7,145,39.1,NA,1,0,-3.46,15.4,1
4861,32,Mujer,8.9,121,62,97,0,1,-1.6,36,0
4862,82,Mujer,6.7,135,44.9,28,1,0,-3.22,36,0
4863,63,Hombre,10,120,40.4,57,0,0,-5.18,36,0
4864,70,Hombre,8.3,130,33.6,NA,1,0,-4.94,36,0
4865,47,Hombre,7.2,115,55.5,174,0,1,3.03,36,0
4866,73,Mujer,7.5,134,47.9,757,0,1,-2.41,36,0
4867,66,Mujer,6.5,132,57.4,13,1,1,-2.41,36,0
4868,62,Hombre,6.5,101,57.2,64,0,1,1.97,36,0
4869,84,Hombre,8.1,141,41.7,NA,1,0,-5.6,23.7,1
4870,63,Hombre,7.4,117,37.2,NA,0,0,-0.28,36,0
4871,87,Hombre,8.6,172,49.2,NA,1,0,-5.5,36,0
4872,44,Mujer,6.6,115,54,120,0,0,-0.29,36,0
4873,64,Hombre,6.6,120,33,52,1,0,-4.48,36,0
4874,58,Mujer,8.8,114,68.4,56,1,0,-3.37,36,0
4875,65,Hombre,7.4,129,43,286,1,1,-3.17,6.6,1
4876,60,Hombre,8.9,131,54.6,68,0,0,-0.22,36,0
4877,64,Hombre,NA,115,33.3,62,1,0,-0.8,36,0
4878,65,Mujer,7.9,124,40.5,NA,0,1,-1.53,36,0
4879,51,Hombre,9,128,55.2,63,0,1,-1.44,36,0
4880,70,Mujer,10.2,137,44.5,NA,0,1,-2.69,36,0
4881,69,Mujer,9.6,124,52.2,NA,1,0,-5.25,36,0
4882,59,Hombre,7.7,129,30.3,251,0,0,-1.8,36,0
4883,69,Hombre,5.5,160,48.1,NA,0,1,-1.06,36,0
4884,58,Hombre,8,116,36,96,0,1,-1.12,36,0
4885,53,Hombre,6,145,30.9,323,1,0,-4.23,36,0
4886,64,Hombre,6.8,129,47.1,496,1,0,-4.89,36,0
4887,68,Mujer,8.5,131,47.6,NA,1,0,-4.41,36,0
4888,61,Hombre,6.7,135,57.7,54,0,1,-3.66,36,0
4889,59,Mujer,6.7,110,54.6,67,0,1,1.52,36,0
4890,68,Mujer,8,120,51.6,NA,0,0,-2.61,36,0
4891,67,Mujer,7.1,137,49,101,1,0,-2.25,36,0
4892,56,Mujer,8.2,117,62.7,95,1,0,-1.11,36,0
4893,74,Hombre,7.7,152,41.3,NA,1,1,-1.77,36,0
4894,63,Mujer,10.1,132,41.6,NA,1,0,-4.11,31.3,1
4895,71,Hombre,8.1,139,40.6,NA,0,1,-1.23,36,0
4896,61,Hombre,8.1,129,54.8,255,0,0,-1.61,36,0
4897,59,Hombre,6.9,156,33.9,123,1,1,-0.83,36,0
4898,57,Mujer,8.5,147,53.4,111,1,1,-1.28,36,0
4899,72,Hombre,8.4,173,38.6,NA,0,0,-3.21,35.9,1
4900,57,Hombre,9,136,46.8,157,0,1,-0.51,36,0
4901,74,Hombre,7.2,136,52.3,384,0,1,-0.26,36,0
4902,57,Hombre,7.2,135,53.7,18,0,1,-0.41,36,0
4903,70,Mujer,6.9,144,43.9,174,0,0,-2.71,36,0
4904,78,Hombre,6.6,111,28.8,NA,1,1,-2.48,36,0
4905,56,Hombre,6.9,146,52.8,27,0,0,-1.09,36,0
4906,49,Mujer,9.4,137,48,114,0,0,-3.91,36,0
4907,59,Hombre,8.8,156,31.7,NA,1,0,-3.95,36,0
4908,67,Mujer,7.3,123,51,NA,1,0,-3.73,15.2,1
4909,67,Mujer,7.3,131,56.2,105,0,0,-3.08,36,0
4910,69,Hombre,7.6,145,42.7,82,0,1,-0.49,36,0
4911,53,Mujer,NA,130,49.1,228,0,1,-0.78,36,0
4912,54,Mujer,8.7,144,59.2,40,1,0,-2.88,36,0
4913,73,Mujer,6.1,132,53.3,23,0,0,0.87,36,0
4914,40,Mujer,7.8,127,49.8,159,1,1,-1.13,36,0
4915,59,Hombre,7.8,133,61.2,23,0,1,-0,36,0
4916,63,Hombre,7.1,113,44.8,164,1,1,-1.06,36,0
4917,78,Mujer,8.2,129,40.1,158,1,0,-4.08,36,0
4918,51,Hombre,8.5,134,44,146,0,1,-0.15,36,0
4919,71,Hombre,8.6,146,53,30,0,0,-3.15,25.6,1
4920,71,Mujer,6.5,154,56.5,54,1,1,-1.54,36,0
4921,65,Hombre,9.1,137,51.9,36,0,1,-1.4,36,0
4922,67,Hombre,7.9,136,66.4,96,1,1,-0.36,36,0
4923,53,Hombre,9.7,126,55.1,133,0,1,-0.37,36,0
4924,44,Mujer,NA,144,55,22,0,1,-0.81,36,0
4925,52,Mujer,5.5,125,55.1,NA,0,1,0.42,36,0
4926,65,Hombre,8.4,138,28.4,NA,1,0,-2.23,36,0
4927,58,Mujer,9.5,125,33,56,1,1,-3.94,36,0
4928,70,Mujer,9.4,108,20,18,0,0,-0.89,7.4,1
4929,50,Hombre,8.8,123,58.9,29,0,1,-1.43,36,0
4930,77,Mujer,8.3,110,35.2,62,0,0,-3.63,36,0
4931,54,Mujer,6.6,156,59.6,20,0,1,-0.74,36,0
4932,48,Hombre,7.5,119,64.1,160,0,1,-0.18,36,0
4933,61,Hombre,7.2,134,56.5,26,0,0,-0.16,36,0
4934,73,Hombre,8.8,159,53.6,72,1,1,-5.01,36,0
4935,59,Mujer,8.7,147,55,611,0,1,-1.72,36,0
4936,58,Hombre,7.7,142,58.9,416,0,1,0.43,36,0
4937,55,Hombre,8.9,119,46.2,38,0,0,-1.07,36,0
4938,63,Mujer,7.3,144,42.5,352,0,0,-0.95,36,0
4939,67,Mujer,8.5,140,50,638,0,1,-0.09,36,0
4940,80,Hombre,9.9,136,46,382,1,1,-0.43,36,0
4941,51,Mujer,NA,129,48.8,33,0,1,-0.64,16.5,1
4942,64,Hombre,8.2,116,40.5,28,0,0,-2.79,36,0
4943,51,Hombre,8,125,44.3,98,0,0,-0.36,36,0
4944,55,Hombre,8.6,142,46.4,526,1,0,-3.62,34.9,1
4945,73,Hombre,8.9,131,46.3,NA,0,0,-2.17,36,0
4946,55,Hombre,11.2,145,63.4,78,0,1,-1.9,36,0
4947,41,Hombre,7.9,95,46.9,74,0,1,-0.46,36,0
4948,49,Hombre,6.1,104,49.8,NA,1,0,-2.42,36,0
4949,57,Mujer,6.5,143,57,150,0,1,-1.11,36,0
4950,61,Mujer,8.4,141,48.8,217,0,0,-1.69,36,0
4951,64,Mujer,8.2,129,49.1,33,0,0,-2.07,36,0
4952,66,Mujer,8.5,122,20,164,0,1,-1.7,36,0
4953,65,Hombre,7.2,183,43.4,NA,0,1,-1.16,36,0
4954,68,Mujer,7.3,133,45.8,40,0,0,-1.73,36,0
4955,57,Hombre,8.7,116,49.6,920,0,1,-0.43,14.9,1
4956,81,Mujer,7.1,159,46.1,157,0,1,-1.21,36,0
4957,64,Mujer,9.6,112,53,NA,0,0,-3.36,36,0
4958,64,Mujer,8.2,134,52.7,128,0,0,-0.44,36,0
4959,56,Mujer,7.7,155,74.1,72,0,1,1.54,36,0
4960,58,Mujer,7.2,130,26.1,NA,0,1,0.94,36,0
4961,69,Mujer,8.5,132,50.6,181,0,0,-3.95,29.1,1
4962,73,Hombre,6.7,154,47.8,NA,1,1,-2.44,36,0
4963,62,Mujer,7.8,144,51.1,974,0,1,-2.11,36,0
4964,62,Mujer,9.8,131,44.4,242,0,1,-1.88,36,0
4965,63,Hombre,7.7,145,45.7,96,0,0,-3.07,36,0
4966,71,Mujer,7.3,NA,26.5,NA,0,0,-3.48,36,0
4967,82,Hombre,7.6,142,32,NA,1,0,-6.47,17.2,1
4968,59,Mujer,5.9,NA,24.8,68,0,0,-0.68,36,0
4969,88,Hombre,7.9,115,48.8,53,0,0,-3.34,36,0
4970,69,Hombre,6.7,125,34.7,NA,0,0,-1.28,36,0
4971,57,Mujer,6,NA,47,40,0,1,-0.62,36,0
4972,40,Mujer,8.6,132,59,79,0,1,1.25,36,0
4973,70,Hombre,7,138,52.8,NA,0,0,-1.67,36,0
4974,74,Mujer,8.4,119,37.8,NA,0,1,-1.38,36,0
4975,61,Hombre,8.2,127,52.9,54,1,0,-0.24,36,0
4976,76,Hombre,NA,177,33.3,490,0,0,-4.7,10,1
4977,70,Mujer,7.9,141,27,NA,0,1,-0.68,36,0
4978,74,Hombre,7,137,57.3,210,0,0,-2.82,36,0
4979,57,Mujer,6.2,150,64.6,39,0,1,0.88,36,0
4980,69,Hombre,8.6,112,57.3,92,0,0,-0.36,36,0
4981,59,Hombre,8.2,128,39.4,NA,0,0,-2.08,36,0
4982,62,Hombre,7.9,111,28.9,NA,0,1,-1.21,36,0
4983,52,Hombre,7.3,126,49.9,268,1,1,-0.63,36,0
4984,64,Hombre,6.8,134,46.1,92,1,1,-0.07,36,0
4985,62,Mujer,7,135,52.6,213,0,1,-0.45,36,0
4986,64,Mujer,7.4,138,39.3,84,0,1,-0.2,1.7,1
4987,65,Hombre,8.8,152,52.5,NA,0,1,-0.59,36,0
4988,62,Hombre,7.1,134,58.2,137,0,1,0.94,36,0
4989,58,Mujer,8.5,125,31.4,NA,0,1,-0.43,36,0
4990,70,Hombre,6.5,NA,41.1,180,0,0,-4.56,25.6,1
4991,62,Mujer,6.8,123,53.8,173,1,0,-1.51,36,0
4992,74,Mujer,8,129,38.2,109,0,0,-1.26,36,0
4993,68,Mujer,8.4,NA,67.2,47,0,1,0.39,36,0
4994,54,Hombre,NA,125,41.5,12,0,0,0.53,36,0
4995,77,Mujer,7.7,131,40.1,NA,1,0,-1.29,36,0
4996,66,Hombre,9.6,131,49.6,NA,0,0,-4.7,36,0
4997,59,Mujer,9.2,131,40.4,283,1,1,-2.63,36,0
4998,64,Mujer,6.9,134,62.1,18,0,1,-1.67,36,0
4999,52,Mujer,7.8,123,50.9,61,0,0,-1.26,36,0
5000,57,Mujer,8,128,41.4,186,0,1,-1.65,36,0
