id,edad,sexo,hba1c,pas,tfg_basal,uacr_basal,ecv,isglt2,delta_lnuacr,uacr_6m,pas_6m,pendiente_tfg,tiempo_meses,evento
1,65,Hombre,9.2,147,46,392,1,1,0.253,505,142,-5.21,36,0
2,67,Mujer,8.2,122,61.2,59,1,0,0.721,121,120,-4.61,36,0
3,38,Mujer,10.5,124,47.9,46,0,1,-0.578,26,126,1,36,0
4,83,Mujer,5.5,128,45,64,0,0,-0.202,52,129,-3.69,36,0
5,86,Hombre,9.1,161,42.7,532,1,0,1.111,1615,167,-6.71,35.39,1
6,64,Mujer,7.9,139,52,53,0,0,-0.239,42,138,0.59,36,0
7,55,Hombre,7,135,42,54,0,1,-1.043,19,120,1.82,36,0
8,47,Hombre,9.4,153,35.8,287,1,1,-1.219,85,137,0.02,36,0
9,66,Hombre,9.1,117,44.6,178,0,0,0.043,186,110,-1.11,36,0
10,63,Mujer,6.3,159,45.6,339,0,1,-0.562,193,146,-1.54,36,0
11,48,Hombre,6.2,133,55.3,615,1,1,-1.207,184,128,0.15,36,0
12,76,Hombre,6.4,150,22.3,83,1,1,-0.151,71,155,-3.19,36,0
13,50,Mujer,8.4,142,56.5,47,0,0,1.004,128,124,-4.6,36,0
14,52,Hombre,7.7,123,49,70,0,1,0.567,123,120,-2.72,36,0
15,56,Hombre,8.1,139,41,38,1,0,0.676,75,139,-3.35,36,0
16,62,Mujer,7.9,124,47.9,429,0,1,-1.084,145,120,-0.05,36,0
17,62,Mujer,9.3,143,53.6,124,0,0,0.069,133,154,-3.81,36,0
18,52,Hombre,8.4,129,49.8,18,0,0,0.826,41,129,-3.47,36,0
19,51,Hombre,6.6,152,49.3,4423,1,1,-0.303,3266,146,-0.59,36,0
20,77,Mujer,7.2,163,42,442,1,0,-0.54,258,161,-2.72,36,0
21,68,Hombre,5.5,140,61,84,0,1,0.093,92,126,0.29,36,0
22,58,Hombre,5.5,142,53.7,49,0,0,0.538,84,146,-2.09,36,0
23,78,Hombre,8.4,113,33.1,57,1,0,-0.321,41,133,-2.37,36,0
24,62,Hombre,6.9,143,32.1,155,0,1,0.556,270,145,-2.08,36,0
25,73,Mujer,9.3,141,49,209,0,1,-0.281,158,129,-2.49,36,0
26,71,Hombre,6.9,140,53.4,80,0,1,-0.888,33,140,-2.12,36,0
27,65,Mujer,7.1,132,42.5,525,0,0,-0.384,358,132,-3.85,36,0
28,64,Mujer,7.4,157,43.9,27,0,0,-0.341,19,151,0.51,36,0
29,66,Mujer,7.2,143,42.3,69,0,0,0.136,79,149,-3.09,36,0
30,49,Hombre,5.8,137,52.3,69,0,0,0.47,110,138,-1.41,36,0
31,67,Hombre,7.8,131,39.1,362,0,0,0.376,527,130,-4.16,36,0
32,68,Hombre,5.5,126,34.2,16,1,0,0.356,23,121,-2.64,36,0
33,51,Hombre,7.9,103,30.3,267,0,0,0.663,518,94,-3.41,25.79,1
34,72,Hombre,6.4,155,25.2,69,0,0,0.428,106,159,-4.08,36,0
35,52,Hombre,7.8,150,62.3,34,0,1,0.448,53,152,-2.68,0.71,1
36,67,Hombre,8.6,125,66.3,133,0,1,-0.119,118,113,-1.44,36,0
37,86,Mujer,8.1,133,49.3,104,0,0,0.069,111,131,-3.48,36,0
38,55,Mujer,7.9,114,41.5,46,0,0,0.694,92,129,-2.4,36,0
39,77,Mujer,8,123,33.8,157,0,0,0.421,239,118,-4.03,36,0
40,58,Hombre,7.9,138,32.5,63,0,0,-0.279,48,153,-2.71,36,0
41,58,Hombre,5.8,136,51.1,61,0,0,1.22,207,133,-3,13.73,1
42,60,Hombre,9.3,141,37,263,0,1,-0.871,110,136,-2.38,21.69,1
43,90,Mujer,10.2,144,37,724,0,0,0.382,1061,132,-6.88,36,0
44,70,Hombre,7.8,150,49.5,128,0,0,0.575,227,152,-3.3,36,0
45,66,Mujer,8.8,149,26.9,1332,0,1,-0.18,1112,144,-6.34,12.4,1
46,68,Hombre,5.9,130,46.1,75,0,0,-0.101,68,135,-1.73,36,0
47,62,Hombre,10,114,46.7,117,0,1,0.706,237,107,-2.41,36,0
48,88,Mujer,7.8,129,36,211,1,0,0.124,239,135,-3.27,36,0
49,51,Hombre,8.1,132,56.3,284,0,0,0.085,309,134,-1.4,36,0
50,61,Mujer,8.2,157,34.3,405,0,1,-0.277,307,167,-2.73,36,0
51,57,Hombre,6.7,141,59.5,34,0,0,0.59,61,142,-1.19,36,0
52,55,Mujer,6.7,121,56.6,77,0,1,-0.284,58,116,-0.41,36,0
53,64,Hombre,8,111,61.3,61,0,0,0.059,65,104,-1.75,36,0
54,64,Mujer,9.2,152,50.2,998,0,1,-0.874,416,148,-2.69,36,0
55,58,Mujer,7.7,109,38.7,29,0,0,0.51,48,121,-1.35,36,0
56,69,Hombre,6.9,176,63.1,301,1,1,-0.273,229,163,-2.88,36,0
57,68,Hombre,8.2,142,61.4,877,0,1,-0.738,419,138,-3.21,36,0
58,60,Mujer,8.6,115,50.1,951,0,1,-1.622,188,93,0.34,36,0
59,69,Hombre,8.6,133,47.6,124,0,0,0.227,156,136,-5.6,36,0
60,56,Hombre,8.8,99,49.2,15,0,0,-0.305,11,103,-0.5,36,0
61,53,Mujer,7.8,144,53.2,117,0,1,0.396,174,134,-1.87,36,0
62,83,Hombre,8.6,142,48.3,154,0,1,-0.683,78,130,-1.04,36,0
63,84,Hombre,8.2,163,28.3,70,0,1,-0.16,60,166,-2.74,36,0
64,62,Hombre,8.6,154,41.6,274,0,1,0.01,277,143,-6.23,36,0
65,53,Hombre,7.5,117,57.2,45,0,0,0.208,55,124,-1.91,36,0
66,71,Mujer,7.6,156,60.9,53,0,1,0.203,65,138,-4.55,36,0
67,63,Mujer,7.2,122,47.8,106,0,0,-0.409,70,127,-0.1,36,0
68,64,Hombre,5.5,161,43.8,86,1,0,0.08,93,165,-3.82,36,0
69,85,Hombre,9.7,143,57.9,252,0,1,-0.647,132,151,-0,36,0
70,65,Mujer,6.9,135,58.2,254,0,0,-0.577,143,131,-1.83,14.52,1
71,75,Hombre,8.5,141,40,134,0,0,0.799,298,133,-7.21,26.84,1
72,53,Mujer,6.7,134,48.9,63,0,0,0.05,66,126,0.03,36,0
73,53,Hombre,9.3,141,36,57,0,0,-0.567,32,132,0.12,36,0
74,63,Mujer,8.8,164,54.6,33,1,1,-0.686,17,156,0.72,36,0
75,62,Hombre,5.8,138,52.7,172,1,1,-0.547,99,134,0.56,36,0
76,66,Hombre,8.6,124,44.6,157,0,0,-1.009,57,128,-1.71,36,0
77,82,Hombre,8.2,139,40.6,152,1,1,-0.342,108,121,-4.02,36,0
78,58,Mujer,6.7,142,44.7,175,0,0,-0.329,126,149,0.52,36,0
79,52,Hombre,9.2,130,38.5,197,1,0,1.036,555,138,-8.99,36,0
80,84,Hombre,6.6,140,33.2,259,1,0,-0.339,184,145,-1.88,36,0
81,66,Hombre,6.7,128,49.6,16,0,0,0.23,20,141,-2.02,36,0
82,71,Mujer,8.2,142,37.9,131,1,0,-0.865,55,140,-2.72,36,0
83,50,Hombre,7.5,124,52.2,31,0,1,-0.109,28,110,0.45,36,0
84,82,Mujer,9.2,144,28.9,86,0,1,0.017,87,138,-4.31,36,0
85,65,Mujer,6.3,139,46.1,392,0,1,0.745,826,134,-4.45,34.59,1
86,50,Hombre,8.9,130,34.9,184,0,1,-0.521,109,118,-1.17,36,0
87,64,Mujer,7.4,150,52.9,73,1,0,-0.124,64,149,-1.51,36,0
88,72,Hombre,8.3,123,45.7,88,0,0,-0.644,46,119,-0.09,36,0
89,75,Mujer,7.4,109,33.4,106,0,0,0.677,209,109,-5.13,36,0
90,77,Hombre,6.4,144,34.1,173,0,0,0.499,285,152,-3.41,36,0
91,57,Mujer,6.3,115,38.5,57,1,0,0.386,84,133,-2.9,36,0
92,67,Mujer,7.3,160,38,408,0,0,0.365,588,160,-5.3,36,0
93,84,Mujer,7,143,29.6,126,0,0,0.049,132,144,-3.06,36,0
94,59,Mujer,11.9,114,33,196,0,1,0.446,306,102,-5.16,36,0
95,75,Mujer,7.6,134,49.7,36,0,0,-0.08,33,132,-1.26,36,0
96,66,Hombre,7.4,140,53.5,78,0,1,0.096,86,132,-0.67,36,0
97,73,Mujer,6.9,162,42,1728,0,1,-0.82,761,165,-3.93,36,0
98,52,Hombre,7.8,117,35.2,85,0,1,-0.134,74,110,-2.82,36,0
99,63,Mujer,9,115,41.6,61,1,0,0.194,74,111,-2.97,36,0
100,78,Hombre,7.3,97,71.7,36,1,1,0.042,38,94,-1.48,36,0
101,63,Hombre,7.7,104,31.4,837,0,0,-0.374,576,110,-3.97,36,0
102,81,Hombre,10,138,45.6,764,1,0,-0.247,597,130,-4.02,36,0
103,69,Hombre,8.9,143,46.4,163,0,1,-0.007,162,146,-3.62,36,0
104,75,Mujer,8.5,95,40,66,1,0,-0.017,65,70,-4.58,16.96,1
105,77,Mujer,7.6,163,42.9,175,0,0,0.807,392,154,-5.97,36,0
106,48,Mujer,8.7,130,42.3,88,0,1,-0.1,80,131,0.89,36,0
107,60,Mujer,8,123,32.4,127,0,0,0.191,154,110,-2.04,36,0
108,62,Mujer,8.2,153,50.4,17,1,1,0.313,23,159,-2.52,36,0
109,77,Mujer,7.5,143,41.2,60,0,0,0.217,75,147,-4.19,3.81,1
110,79,Mujer,6.9,140,48.3,64,0,0,0.253,82,133,-3.46,36,0
111,71,Hombre,6,120,41.3,13,1,0,0.621,24,125,0.83,36,0
112,53,Mujer,9.3,128,54.9,484,1,1,-0.778,222,130,-0.11,36,0
113,44,Hombre,9.4,134,64.9,257,0,1,0.047,269,126,-0.9,36,0
114,69,Mujer,5.8,108,44.8,85,0,0,-0.963,32,105,2.01,36,0
115,81,Hombre,7,144,41.8,571,0,0,-0.659,296,144,-0.91,36,0
116,69,Mujer,6.1,114,38.8,1365,0,0,-0.366,947,122,-0.58,36,0
117,60,Mujer,8,132,35,38,0,0,0.839,88,125,-1.82,36,0
118,48,Mujer,8.7,130,71.2,40,0,1,0.165,47,127,0.73,36,0
119,60,Hombre,8.3,145,53.4,1187,0,1,-0.63,632,149,-3.05,36,0
120,64,Hombre,7,144,54.3,395,0,0,0.229,497,148,-4.17,36,0
121,56,Mujer,8,132,54.4,170,0,1,-0.214,137,117,-2.64,36,0
122,70,Mujer,8.8,136,42.3,80,0,1,0.79,176,138,-4.97,36,0
123,78,Mujer,6.5,133,25.8,160,0,0,-0.492,98,124,-3.08,36,0
124,71,Hombre,7.1,123,58.6,126,0,1,-1.051,44,126,-1.99,36,0
125,64,Hombre,8.2,161,35.8,817,0,0,0.141,941,139,-3.77,36,0
126,57,Hombre,7.9,150,42.5,214,0,1,0.067,229,144,-3.96,36,0
127,87,Hombre,5.5,134,43.1,167,0,0,-0.298,124,130,-2.34,36,0
128,69,Hombre,9.3,124,57.3,285,0,1,-0.652,149,121,-1.77,36,0
129,68,Hombre,9.1,155,43.4,108,0,1,0.338,151,144,-2.93,36,0
130,60,Hombre,7.7,131,47.9,190,1,0,-0.329,137,127,0.7,36,0
131,84,Mujer,5.7,150,43.2,64,0,0,0.372,93,153,-4.96,10.25,1
132,74,Hombre,8.8,133,41.3,108,0,0,0.19,131,136,-3.96,36,0
133,66,Hombre,7.2,110,44.5,150,1,1,-0.759,70,104,-1.35,36,0
134,49,Hombre,8.2,95,54.3,40,0,1,-0.867,17,86,0.33,36,0
135,63,Hombre,8.6,132,52.1,82,0,1,-0.309,60,108,-0.71,36,0
136,73,Hombre,8.9,133,40.1,158,1,1,-0.429,103,135,-4.35,27.71,1
137,47,Mujer,6.1,126,64.9,10,0,0,0.784,22,134,1.76,36,0
138,65,Mujer,8.1,148,38.4,84,1,1,-0.189,70,139,-0.65,36,0
139,77,Mujer,6.7,146,43.5,154,0,0,-0.354,108,144,-1.12,36,0
140,66,Hombre,9,156,49.9,33,0,0,0.879,79,140,-6.32,36,0
141,59,Hombre,7.5,126,45.2,73,0,0,0.529,124,129,-2.17,36,0
142,63,Hombre,7.3,132,36.3,67,1,0,-0.322,49,130,-2.14,36,0
143,71,Hombre,9.2,151,28,118,0,0,0.413,178,145,-3.96,6.95,1
144,70,Mujer,7.8,142,37.7,341,0,0,0.406,512,148,-6.2,36,0
145,56,Hombre,9.2,129,49.4,39,0,1,-0.241,31,121,-0.16,36,0
146,65,Mujer,7.8,144,45.4,112,0,0,0.112,125,154,-0.92,36,0
147,55,Hombre,9.9,143,35.5,83,1,1,0.579,148,136,-3.69,36,0
148,61,Mujer,10,137,56.5,47,0,0,0.59,85,152,-2.07,36,0
149,66,Mujer,7.9,133,35.9,2540,1,0,-0.677,1291,138,-6.01,36,0
150,61,Hombre,8.7,161,48.5,110,1,1,0.134,126,157,-3.17,36,0
151,71,Hombre,6.5,122,35.3,34,1,1,-0.904,14,105,-0.47,36,0
152,58,Mujer,9.2,135,47.6,415,0,1,-0.025,405,138,-2.91,36,0
153,69,Mujer,7.7,142,51.9,128,0,0,0.81,288,134,-5.56,9.35,1
154,71,Mujer,10.5,143,51.3,445,1,1,-0.008,442,133,-2.48,36,0
155,88,Hombre,7.2,139,35.8,99,1,0,-0.61,54,145,-3.45,36,0
156,63,Mujer,7.2,133,56.8,303,1,1,0.319,417,124,-4.46,36,0
157,54,Hombre,9.1,143,43.9,64,1,1,-0.559,37,147,-2.82,36,0
158,72,Hombre,6.5,134,45.4,140,1,1,0.646,267,124,-3.46,36,0
159,55,Mujer,5.5,114,44.1,38,0,0,0.165,45,112,-0.3,36,0
160,69,Hombre,8.6,152,49.4,697,0,0,-0.633,370,148,-1.5,36,0
161,68,Mujer,7.4,115,49.8,220,0,1,-0.193,181,103,-0.72,36,0
162,67,Mujer,7.3,139,45.9,352,0,1,-0.348,249,130,-1.97,36,0
163,59,Hombre,5.5,129,57.4,28,0,0,0.365,40,137,-1.97,36,0
164,80,Mujer,6,136,63.1,63,1,1,-0.412,42,122,-0.79,36,0
165,84,Hombre,9.1,142,47.3,347,1,0,-0.103,313,136,-1.04,36,0
166,50,Mujer,8.6,130,58.1,561,0,1,-0.495,342,126,-3.36,36,0
167,63,Hombre,9.7,131,53.2,32,0,1,0.267,42,131,-1.9,36,0
168,71,Mujer,8.8,109,57,117,1,1,-0.159,100,108,-2.56,36,0
169,47,Hombre,6.3,101,59.1,16,0,0,0.362,23,97,-1.44,36,0
170,67,Mujer,7.7,157,31.7,88,0,0,0.748,186,156,-5.59,36,0
171,55,Mujer,8.9,111,41.8,75,1,0,0.359,107,104,-2.64,36,0
172,67,Hombre,9.1,191,38.6,373,0,0,0.645,711,194,-7.51,1.4,1
173,65,Mujer,8.5,128,45,72,0,0,-0.352,51,122,-1.02,36,0
174,49,Hombre,7,119,54,29,1,0,-0.301,21,112,0.43,36,0
175,57,Hombre,6.8,169,47.7,108,0,0,0.419,164,166,-2.43,36,0
176,57,Mujer,8.7,126,48.3,40,0,0,0.571,71,117,-1.79,36,0
177,48,Hombre,8,129,61.7,67,0,1,-0.45,43,107,-1.06,36,0
178,67,Mujer,10.4,159,36.3,594,0,0,-0.048,566,154,-3.57,36,0
179,66,Hombre,9.7,133,41.4,113,1,0,0.65,216,108,-3.54,36,0
180,67,Mujer,7.7,137,39.8,323,0,0,0.08,350,135,-2.59,36,0
181,54,Hombre,7,136,53.6,70,1,0,0.252,90,141,-0.85,36,0
182,66,Hombre,8.4,147,44.6,553,0,0,-0.465,347,158,-1.9,30.73,1
183,60,Mujer,8.4,132,54.5,198,0,1,-0.245,155,123,-0.66,36,0
184,48,Mujer,8.5,148,48.6,135,0,0,-0.038,130,137,-2.37,35.2,1
185,72,Hombre,7.2,138,54.3,60,0,0,-0.441,39,133,-0.83,36,0
186,68,Hombre,7.9,142,42.5,1634,0,1,0.478,2636,142,-7.19,36,0
187,70,Mujer,5.9,160,41.4,139,1,0,-0.409,92,165,-1.95,36,0
188,62,Hombre,8.3,128,41.7,101,0,0,0.392,150,135,-3.78,36,0
189,57,Mujer,7.2,126,50.6,11,0,1,0.012,11,121,-0.65,36,0
190,54,Mujer,8.1,136,43.8,330,0,1,-1.757,57,143,0.54,36,0
191,69,Hombre,7.7,146,45.5,34,0,0,1.466,147,153,-4.24,36,0
192,67,Mujer,7.7,135,45.5,42,1,0,-0.426,27,142,-3.22,32.01,1
193,90,Mujer,8.7,128,47.9,103,1,0,-0.146,89,136,-1.91,11.42,1
194,77,Hombre,7.5,118,37.9,28,0,0,0.414,42,112,-2.99,36,0
195,55,Mujer,6.6,117,63.7,46,0,0,0.391,68,121,-2.43,36,0
196,62,Mujer,11.5,142,46.6,157,0,1,0.574,279,128,-2.12,36,0
197,54,Hombre,9.1,137,36.9,152,0,1,-0.253,118,149,-2.5,36,0
198,68,Mujer,7.4,131,53.4,120,1,1,-0.532,70,129,-1.97,36,0
199,74,Mujer,10.8,154,49.2,373,1,1,0.541,641,157,-7.21,36,0
200,65,Hombre,7.9,141,48.2,71,0,0,0.168,84,133,-1.08,36,0
201,48,Hombre,8.7,127,54.8,617,0,0,-0.351,434,129,-1.99,36,0
202,71,Hombre,7.6,122,34.3,39,0,0,0.106,43,126,-1.28,36,0
203,75,Hombre,7.1,148,50.8,53,0,0,-0.129,47,129,0.12,36,0
204,77,Mujer,8.6,154,39.2,68,0,0,0.825,155,149,-3.98,36,0
205,61,Hombre,7.1,134,45.2,870,0,0,0.118,979,135,-3.33,36,0
206,44,Mujer,8,110,52.8,170,0,1,-0.191,140,109,-1.31,36,0
207,67,Hombre,9.1,122,46.3,87,1,1,-0.309,64,114,-0.23,36,0
208,70,Mujer,6.2,137,50,65,0,0,0.88,157,139,-3.88,36,0
209,49,Mujer,6.9,134,56.3,252,0,1,-0.471,157,118,0.24,36,0
210,61,Hombre,7.6,139,43.3,90,0,1,-1.127,29,133,1.53,36,0
211,53,Mujer,8.8,124,58.3,31,0,1,0.273,41,118,-1.32,36,0
212,62,Hombre,8.9,124,52,98,0,0,0.408,147,129,-1.08,36,0
213,63,Mujer,8,162,32.7,270,1,0,-0.01,267,165,-2.91,36,0
214,60,Hombre,6.9,134,25.5,20,0,0,-0.041,19,133,0.49,36,0
215,62,Hombre,6.7,121,47.4,43,1,0,-0.13,38,119,-0.5,36,0
216,72,Hombre,6.9,164,49.6,214,0,0,0.495,351,163,-2.81,36,0
217,72,Mujer,8.9,152,29.9,231,1,0,-0.24,182,152,-4.91,36,0
218,75,Mujer,6.7,156,50.9,271,1,1,0.428,416,155,-4.13,36,0
219,75,Mujer,9.4,127,46.7,12,0,0,0.188,14,125,-0.21,36,0
220,55,Mujer,7.7,146,40.9,173,0,1,0.976,459,145,-3.17,36,0
221,48,Mujer,6.9,144,61.1,15,0,1,-1.17,5,148,2.63,36,0
222,74,Mujer,7.5,149,40.6,167,1,0,0.029,172,154,-1.56,36,0
223,57,Mujer,8.4,142,41.8,243,0,1,0.593,440,153,-2.55,36,0
224,72,Mujer,6.3,129,56.7,142,1,0,0.047,149,136,-2.08,36,0
225,72,Hombre,7.1,119,47.8,99,0,0,0.772,214,120,-3.3,36,0
226,63,Mujer,6,139,56.5,1113,0,1,-0.662,574,139,-0.12,36,0
227,66,Mujer,7.4,105,46.1,77,0,0,-0.521,46,87,-0.18,36,0
228,60,Mujer,9.6,147,51.4,321,1,0,0.8,714,147,-5.73,36,0
229,39,Hombre,6,128,46,46,0,0,0.147,53,123,2.19,36,0
230,55,Mujer,8.6,131,50,39,0,1,0.165,46,126,-2.59,36,0
231,59,Hombre,7.7,147,53,184,0,0,-0.371,127,133,-1.69,36,0
232,84,Mujer,7,141,31.5,33,0,0,-0.082,30,130,-2.78,36,0
233,60,Mujer,7.7,138,53.4,29,0,0,0.114,33,121,-0.67,36,0
234,72,Hombre,8.4,143,37.1,105,0,0,-0.155,90,143,-1.14,36,0
235,73,Mujer,7.7,145,26.8,115,0,0,0.08,125,148,-2.05,36,0
236,85,Mujer,9.3,139,35.7,117,0,1,0.126,133,143,-1.39,36,0
237,58,Hombre,8.7,136,43.5,94,0,1,0.351,133,138,-0.34,36,0
238,47,Mujer,6.2,137,61.4,73,0,1,-0.055,69,127,0.88,36,0
239,54,Hombre,7.3,116,38.1,83,0,0,-0.005,83,121,-1.26,36,0
240,64,Mujer,8.3,134,34.8,227,1,1,-0.644,119,131,-0.71,36,0
241,63,Hombre,9.6,153,36.3,214,0,0,1.024,596,149,-5.97,36,0
242,56,Hombre,10.5,134,57.9,114,0,1,0.805,255,130,-3.13,36,0
243,58,Hombre,8,141,53.1,1142,1,1,-0.239,899,136,-2.88,36,0
244,66,Hombre,7.7,149,41.6,58,0,0,0.532,99,131,-2.93,36,0
245,53,Hombre,7.1,136,33,57,0,0,-0.452,36,130,0.2,36,0
246,46,Hombre,8,139,56.7,54,0,1,-0.655,28,142,1.04,36,0
247,43,Hombre,7,148,54.6,41,0,0,-1.2,12,148,2.29,36,0
248,60,Hombre,8.1,153,44.1,397,0,1,0.943,1019,147,-2.61,36,0
249,72,Hombre,7.4,134,53.6,81,0,0,0.083,88,129,-2.35,36,0
250,65,Mujer,5.5,113,66,60,0,0,0.587,108,123,-2.01,36,0
251,88,Mujer,7.6,132,43.2,14,1,0,0.294,19,143,-3.03,36,0
252,79,Hombre,6.5,148,46.5,483,0,0,0.113,541,143,-5.24,36,0
253,59,Hombre,7.9,144,51.9,58,0,0,0.068,62,127,-1.91,36,0
254,71,Hombre,9.4,147,50.3,211,0,1,-0.103,190,134,-1.7,36,0
255,79,Mujer,7.4,122,38.4,399,0,1,-0.266,306,118,-1.57,36,0
256,72,Hombre,8.7,136,45,293,1,0,-0.826,128,136,-2.67,36,0
257,42,Hombre,9.7,138,52.9,461,0,1,-1.082,156,131,0.13,36,0
258,51,Mujer,8.1,134,57.1,58,0,1,0.307,79,131,-2.52,36,0
259,60,Hombre,11.1,153,50.7,176,1,0,-0.294,131,154,-2.37,36,0
260,55,Mujer,7.5,159,58.3,797,1,1,0.043,832,151,-1.75,36,0
261,58,Mujer,7.9,132,42.6,1086,1,1,0.4,1620,125,-3.23,36,0
262,68,Mujer,6.3,127,30.2,257,1,0,-1.043,91,122,-0.33,36,0
263,61,Hombre,7.4,156,48.5,29,0,1,-0.82,13,145,-0.3,36,0
264,63,Hombre,8.8,128,56.4,7,0,1,-0.791,3,129,-0.34,36,0
265,65,Hombre,7.8,121,46.6,97,0,1,-0.582,54,115,1.41,36,0
266,60,Hombre,6.4,138,46.2,56,0,0,-1.019,20,136,-0.51,36,0
267,69,Hombre,9.5,125,54.6,130,0,1,-0.401,87,121,-2.31,36,0
268,72,Mujer,8.5,138,57.6,135,1,0,0.998,366,144,-5.34,36,0
269,70,Hombre,7.7,136,47.4,92,0,0,0.355,131,137,-2.63,36,0
270,62,Hombre,5.5,152,63.2,27,0,0,0.468,43,142,-1.85,36,0
271,55,Mujer,7.8,133,56.9,104,1,1,-0.052,99,135,1.76,36,0
272,70,Mujer,7.5,141,37.4,373,0,1,-0.566,212,137,-3.11,36,0
273,64,Hombre,7.8,128,49.9,443,0,1,-0.636,235,111,-1.83,36,0
274,52,Mujer,8,148,35.1,56,0,0,-0.11,50,146,-0.94,36,0
275,59,Mujer,10.1,136,41.1,21,0,1,-0.711,10,133,-1.3,36,0
276,64,Mujer,9.6,145,49.8,522,0,1,0.253,672,146,-3.42,36,0
277,70,Hombre,7,149,32.4,936,0,0,0.238,1187,149,-3.31,36,0
278,66,Hombre,10.4,148,41.4,54,1,1,0.509,90,162,-3.33,36,0
279,45,Mujer,7,142,60.3,322,0,1,-0.137,281,136,-1.35,36,0
280,58,Mujer,6.5,136,38.1,49,0,0,0.455,77,123,-0.17,36,0
281,81,Hombre,8.9,171,32.3,155,0,0,0.062,165,177,-2.27,36,0
282,72,Hombre,8.3,164,54.6,283,1,1,0.452,445,156,-4.41,36,0
283,71,Mujer,6.7,161,49.5,2366,0,1,-1.376,598,159,-0.89,36,0
284,77,Hombre,6.3,130,47.5,19,1,0,0.442,30,111,-4.43,36,0
285,59,Mujer,7.1,120,47.7,91,0,0,0.29,122,120,-2.39,36,0
286,51,Hombre,9.3,144,51.8,63,0,1,0.017,64,138,-3.12,36,0
287,68,Hombre,5.6,120,47.1,23,1,0,-0.034,22,129,-1.19,36,0
288,62,Hombre,9,124,42.7,134,0,0,-0.037,129,127,-2.28,36,0
289,56,Hombre,5.5,136,39.3,44,0,0,0.686,87,137,-3.95,36,0
290,66,Hombre,9.2,134,36.3,169,0,0,0.109,188,137,-2.08,36,0
291,70,Mujer,7.2,131,40.6,45,0,0,-0.204,37,137,-0.2,36,0
292,54,Mujer,8.4,111,46.2,17,0,0,0.796,38,109,-2.28,36,0
293,66,Hombre,9.2,146,40.5,147,0,1,-0.852,63,142,1.34,36,0
294,73,Mujer,8.3,152,44.1,50,0,0,0.662,97,145,-3.99,35.33,1
295,52,Hombre,6.8,125,50.2,157,0,0,-0.838,68,141,-0.65,36,0
296,57,Hombre,8.6,133,50.9,189,0,0,-0.316,138,120,-1.06,36,0
297,78,Hombre,7,141,35.9,113,1,0,0.142,130,137,-4.7,36,0
298,73,Hombre,6.6,148,49.2,123,0,1,-0.248,96,131,-1.97,36,0
299,80,Mujer,8.6,147,36.7,83,0,0,0.495,136,136,-6.47,36,0
300,59,Hombre,10.7,133,61.4,105,1,1,-0.549,61,125,-0.76,36,0
301,70,Mujer,10.2,145,35.4,1431,0,1,-0.785,653,137,-3.16,36,0
302,68,Hombre,9.2,136,38.8,112,0,0,0.748,237,147,-4.96,36,0
303,48,Mujer,9.8,129,48.1,457,1,1,-1.333,121,103,-1.36,36,0
304,54,Hombre,8.2,136,50.4,180,0,0,0.298,242,141,-3.54,36,0
305,55,Mujer,8.3,135,60.9,47,0,1,-0.485,29,129,3.22,36,0
306,56,Hombre,8.4,133,51.7,316,0,0,-0.213,255,144,-3.21,36,0
307,72,Hombre,6.1,132,56,28,0,0,0.384,41,143,-1.54,36,0
308,63,Mujer,8.6,141,52.2,305,0,0,-0.61,166,135,-1.31,36,0
309,68,Hombre,7.4,143,45.4,149,0,1,-1.405,37,135,-2.04,36,0
310,65,Mujer,6.2,146,57.3,18,0,0,0.459,28,145,-2.57,36,0
311,59,Hombre,7.5,110,29.6,372,0,0,-0.071,347,113,-2.47,36,0
312,59,Hombre,7.7,117,55.5,12,0,1,-0.293,9,110,2.58,36,0
313,55,Mujer,9.2,126,44.9,289,1,0,-0.003,288,143,-2.94,36,0
314,90,Mujer,5.5,134,33.2,110,1,0,0.467,176,125,-4.92,36,0
315,59,Mujer,7.6,115,42.6,335,0,0,-0.143,290,111,-1.46,36,0
316,55,Mujer,8,110,64.2,157,1,1,-0.447,100,102,1.52,36,0
317,63,Mujer,6.8,138,29.3,115,0,1,-0.671,59,130,0.51,36,0
318,51,Mujer,5.5,141,51.5,32,0,1,-0.315,23,137,2.07,36,0
319,68,Hombre,8.4,134,28.5,213,0,0,0.441,331,139,-2.79,36,0
320,71,Hombre,11.1,145,50.7,228,0,1,-0.119,202,148,-4.02,36,0
321,66,Hombre,8.8,147,49.4,479,0,0,0.933,1217,139,-5.99,36,0
322,68,Hombre,9.1,125,54.8,250,0,1,-0.254,194,123,-2.49,36,0
323,62,Hombre,7.9,157,56.2,80,1,1,-1.022,29,146,-3.56,36,0
324,59,Mujer,8.5,124,56.3,138,0,0,0.058,146,123,-3.2,36,0
325,56,Mujer,7.8,113,56.4,49,0,0,0.24,62,124,-1.85,36,0
326,55,Hombre,9.6,136,47.6,1040,0,1,-0.022,1017,140,-3.05,36,0
327,83,Mujer,6.4,137,45.5,40,1,0,0.879,96,138,-4.7,36,0
328,54,Mujer,7.9,136,52.6,38,0,0,0.629,71,133,-3.51,36,0
329,74,Hombre,6.2,107,47.6,167,1,1,0.46,265,101,-3.12,29.54,1
330,59,Mujer,6.7,142,54.3,103,1,1,-0.297,77,144,-1.35,36,0
331,71,Mujer,7.2,131,44.8,80,0,0,-0.431,52,126,-3.3,36,0
332,67,Hombre,7.2,123,54,248,0,1,-0.479,154,120,-0.36,36,0
333,67,Mujer,8.6,150,31.4,289,0,0,0.511,482,154,-3.35,36,0
334,66,Hombre,7.7,140,51.8,147,1,1,-0.114,131,131,-0.84,36,0
335,59,Hombre,6.7,118,45.4,41,0,0,0.512,68,107,-1.37,36,0
336,42,Mujer,6.3,105,43.4,29,0,0,-1.373,7,97,2.64,36,0
337,63,Hombre,8.1,137,27.7,556,0,0,0.368,803,136,-7.2,36,0
338,69,Mujer,8.1,145,49.9,153,0,1,0.468,244,154,-3.15,36,0
339,61,Mujer,7,146,49.2,258,0,1,0.201,316,146,-3.42,36,0
340,57,Mujer,6,137,47.3,75,0,0,0.38,110,131,-1.19,36,0
341,54,Mujer,7.3,119,40.4,154,0,0,-1.054,54,123,2.15,36,0
342,69,Mujer,8.5,143,49.2,414,0,1,-0.685,209,120,-3.14,20.18,1
343,68,Mujer,6.9,115,53.3,76,0,0,-0.773,35,118,-1.07,36,0
344,69,Mujer,7.9,132,55.2,222,0,0,0.466,354,118,-4.71,36,0
345,75,Hombre,8.6,145,37.7,96,0,0,0.457,152,145,-2.82,36,0
346,76,Mujer,8.3,121,35.2,122,1,0,-0.538,71,113,-2.38,36,0
347,70,Mujer,8.3,128,34.5,276,0,0,0.469,441,108,-3.52,36,0
348,74,Hombre,6.6,120,50,28,1,0,-0.462,18,118,-2.51,36,0
349,53,Mujer,8,110,51,125,0,0,0.258,162,114,0.72,36,0
350,58,Hombre,7.7,124,37,70,1,1,0.613,129,115,-3.28,36,0
351,59,Mujer,8.3,133,44.8,116,0,0,0.92,291,151,-0.98,36,0
352,57,Mujer,6.7,154,56.5,192,0,1,-0.892,79,155,-0.74,36,0
353,72,Hombre,8.1,133,45.8,100,0,0,0.487,163,129,-4.73,36,0
354,60,Mujer,8.6,142,45.1,104,1,1,-0.786,47,147,-1.3,36,0
355,66,Mujer,8.6,127,42.6,178,1,1,-0.348,126,123,-1.86,36,0
356,54,Hombre,7.1,145,30.5,282,1,1,0.378,412,129,-5.69,18.36,1
357,60,Hombre,10.1,125,39.7,274,0,1,0.475,440,117,-3.69,6.06,1
358,67,Mujer,7.5,154,40.1,190,0,0,0.563,334,152,-4.07,36,0
359,58,Mujer,9.8,106,47.4,102,1,0,0.782,223,94,-2.32,3.39,1
360,63,Hombre,9.5,152,49.2,679,0,0,1.061,1963,144,-4.31,36,0
361,70,Mujer,6.6,148,53.1,13,0,0,-0.121,12,152,-1.81,36,0
362,64,Mujer,5.5,137,58.8,328,1,1,-0.16,280,127,-1.37,36,0
363,52,Hombre,5.6,114,67,42,0,1,-0.131,37,117,0.66,36,0
364,74,Hombre,8,129,43.6,127,1,0,0.255,164,119,-3.6,36,0
365,73,Hombre,8.5,143,26.8,133,1,0,0.151,155,151,-4.68,36,0
366,74,Hombre,9.7,166,41.6,1582,1,0,-1.271,444,163,-1.73,36,0
367,54,Mujer,5.5,132,42.7,119,0,0,0.343,168,127,-4.39,25.85,1
368,62,Mujer,8.6,120,47.9,86,1,1,0.2,105,99,-3.43,36,0
369,57,Mujer,7.2,135,54.8,72,0,0,0.615,133,133,-1.53,36,0
370,64,Hombre,7.2,122,56.2,42,0,0,0.272,55,127,-3.35,36,0
371,63,Hombre,6.4,117,49.3,36,0,0,-0.044,34,116,-1.04,36,0
372,73,Hombre,7.8,137,36,30,1,0,0.797,67,133,-4.03,36,0
373,63,Hombre,9.5,146,54.6,92,0,1,-0.568,52,129,0.36,36,0
374,57,Mujer,8,157,52.8,220,0,0,-0.268,168,153,-0.5,36,0
375,66,Mujer,7.9,138,60.1,171,1,1,0.055,181,120,-2.77,36,0
376,66,Mujer,9.2,152,34.2,120,0,1,0.306,163,150,-1.33,36,0
377,56,Mujer,8.1,144,53.4,125,0,1,0.023,128,129,-2.4,36,0
378,69,Hombre,7.6,152,58.9,20,0,0,0.216,25,148,-2.08,36,0
379,52,Hombre,9.3,143,37.5,327,1,0,-0.297,243,134,-2.51,36,0
380,72,Mujer,6.3,129,35.7,198,0,0,-0.478,123,135,-2.53,36,0
381,68,Hombre,5.9,161,51.5,213,0,1,0.404,319,164,-5.37,36,0
382,61,Hombre,8.4,133,41.6,37,0,0,-0.198,30,132,-0.43,36,0
383,63,Hombre,7.4,160,56.9,36,0,0,-0.031,35,153,-1.8,36,0
384,71,Hombre,8,164,52,87,0,0,0.204,107,179,-2.01,36,0
385,72,Mujer,5.6,117,45.4,36,0,0,-0.308,26,99,2.28,36,0
386,67,Hombre,6.8,176,37.5,133,0,0,0.446,208,164,-4.8,36,0
387,73,Hombre,8.3,156,28.8,457,0,1,-0.698,227,146,-1.54,36,0
388,69,Mujer,8.2,127,50.1,70,0,0,-0.126,62,125,-1.94,36,0
389,53,Hombre,6.5,142,54,237,0,0,0.078,256,138,-2.1,36,0
390,74,Hombre,7.3,154,44.5,143,0,0,0.817,324,163,-4.1,36,0
391,57,Hombre,7.2,135,48.5,112,0,1,-0.077,104,131,-1.35,36,0
392,52,Hombre,7.6,132,36.8,39,0,1,-0.243,31,117,-1.01,36,0
393,60,Mujer,8.8,120,48.6,88,0,0,-0.522,52,145,0.45,36,0
394,54,Mujer,6.3,138,43.6,340,1,0,0.387,500,146,-2.58,36,0
395,60,Hombre,8.7,154,47.8,79,0,0,0.511,132,158,-3.53,36,0
396,71,Mujer,6.9,143,41.4,175,1,0,0.155,204,145,-3.96,36,0
397,70,Mujer,8.8,161,37.4,435,0,0,-0.181,363,166,-2.13,36,0
398,81,Hombre,8.4,157,33.7,119,1,0,0.597,216,163,-4.82,36,0
399,52,Mujer,9.1,155,59.9,58,0,1,0.312,79,157,-5.15,36,0
400,47,Hombre,8.9,125,61.9,8,0,1,0.496,13,125,0.88,36,0
401,73,Mujer,6.4,131,35.9,12,0,0,-0.232,10,138,-2.34,36,0
402,65,Hombre,6.7,145,54,69,0,1,-0.72,34,142,1.52,36,0
403,60,Hombre,8.1,156,48.1,8,1,0,0.647,15,154,-2.05,36,0
404,66,Hombre,8,95,36.9,137,1,1,-0.491,84,82,1.93,36,0
405,80,Mujer,7.9,147,41.7,227,0,1,-0.891,93,128,0.86,36,0
406,56,Mujer,7.6,137,41,176,0,0,0.796,390,145,-4.78,36,0
407,89,Hombre,6.3,157,46.7,150,1,0,-0.216,121,145,-2.49,36,0
408,78,Mujer,5.5,157,22.1,178,0,0,-0.917,71,154,-1.06,36,0
409,76,Hombre,6.4,153,46.1,100,0,0,0.253,129,160,-1.63,36,0
410,68,Hombre,8.6,122,44.1,424,0,1,-0.694,212,109,-1.47,36,0
411,58,Hombre,8.3,95,44,150,0,1,-0.359,105,99,-1.02,36,0
412,52,Hombre,9.3,113,60.1,108,0,1,-0.341,77,108,-0.88,36,0
413,64,Hombre,7.2,149,38.6,351,1,0,0.32,483,149,-3.63,36,0
414,73,Hombre,10.2,171,42,338,0,0,0.432,520,181,-3.25,36,0
415,64,Mujer,8.3,184,43.5,294,0,0,0.368,425,201,-3.13,36,0
416,64,Hombre,8.2,148,53.3,167,0,1,-0.485,103,133,-0.26,36,0
417,63,Mujer,6.5,95,30.9,13,0,0,-0.447,8,89,0.42,36,0
418,80,Hombre,6.2,132,47.1,66,0,0,0.814,149,130,-4.06,36,0
419,70,Hombre,7.7,116,56.7,14,0,0,0.54,24,110,-3.12,36,0
420,58,Hombre,8.4,128,41.2,138,0,0,-0.607,75,120,-2.5,36,0
421,69,Mujer,7.3,124,52.1,68,0,1,-0.237,54,117,1.17,36,0
422,54,Hombre,6,129,37.9,37,0,1,0.797,82,121,-1.05,7.91,1
423,79,Hombre,7.1,144,58.8,72,1,0,0.161,85,150,-3.32,36,0
424,61,Mujer,7.7,118,54.2,185,0,1,-0.225,148,121,-2.29,36,0
425,59,Hombre,6.9,108,54.4,155,1,1,-0.219,125,105,-1.9,36,0
426,56,Mujer,7.8,129,54.5,35,0,1,-0.72,17,127,-0.85,36,0
427,58,Mujer,7.5,115,39.9,54,0,1,0.787,119,107,-2.46,36,0
428,74,Mujer,6.5,129,49.1,62,1,1,0.151,72,135,-2.24,36,0
429,69,Hombre,7.6,132,23.4,90,0,0,0.567,159,133,-3.58,36,0
430,43,Hombre,6.1,153,61.2,73,0,1,0.379,107,157,-0.82,36,0
431,62,Mujer,9.4,126,41.3,190,0,1,-0.495,116,119,-3.85,36,0
432,70,Hombre,5.5,95,41.5,46,1,0,-0.083,42,94,-1.79,36,0
433,63,Mujer,8.1,146,54.5,50,0,0,-0.998,18,130,0.64,36,0
434,78,Hombre,7.6,131,51.1,203,0,1,-0.017,200,132,-1.58,36,0
435,52,Hombre,9.6,155,51.9,415,0,1,-0.405,277,151,-4.26,36,0
436,51,Hombre,7,157,56.5,42,1,0,-0.147,36,158,-2.13,36,0
437,65,Mujer,7.7,135,48.9,491,0,1,-1.082,166,128,0.7,36,0
438,76,Mujer,7.8,135,36.1,686,1,1,-1.549,146,138,-0.26,36,0
439,62,Hombre,9.7,162,31.8,120,0,1,0.037,125,156,-4.48,36,0
440,44,Mujer,6.4,131,58.2,8,0,0,1.137,25,132,-3.56,36,0
441,72,Hombre,6.4,115,36.3,99,0,0,-0.663,51,123,-1.91,36,0
442,55,Mujer,7.7,115,54.2,67,0,1,-0.284,50,100,-1.78,36,0
443,85,Hombre,7.7,164,40.3,1544,1,1,-0.718,753,162,-4.1,36,0
444,77,Mujer,5.9,121,34,831,0,0,0.439,1289,126,-2.61,36,0
445,61,Mujer,7.8,131,42.6,44,0,1,0.291,59,114,-4.32,36,0
446,76,Mujer,8.6,162,29.1,31,0,0,0.639,59,164,-3.47,36,0
447,61,Mujer,7.4,124,65,19,0,1,-0.533,11,120,1.46,36,0
448,78,Hombre,6.7,146,42.5,206,1,0,-0.284,155,166,-3.56,36,0
449,57,Hombre,9.8,127,43.3,33,0,0,0.205,41,120,-2.73,36,0
450,64,Hombre,7,128,32.5,66,0,0,1.102,199,126,-4.74,36,0
451,43,Mujer,8.5,133,41.1,207,0,1,-0.515,124,111,-1.6,36,0
452,71,Mujer,8.4,126,48.3,160,1,0,-0.255,124,130,-2.93,36,0
453,80,Mujer,7.8,139,46.2,114,0,0,-0.494,70,134,-1.97,36,0
454,76,Mujer,8.6,157,36.7,645,0,1,-0.598,355,160,-2.73,36,0
455,54,Hombre,6.9,166,70,143,1,1,-0.159,122,167,-1.08,36,0
456,72,Mujer,7.6,139,39.4,163,1,0,-0.75,77,142,1.51,36,0
457,56,Hombre,5.6,128,42.5,129,0,0,0.408,194,118,-2.16,36,0
458,82,Hombre,9.3,135,30.3,1673,0,1,-0.576,940,141,-4.13,36,0
459,61,Mujer,5.5,140,44.9,11,0,1,-0.882,5,131,2.5,36,0
460,72,Mujer,8.2,121,49.1,108,0,0,-0.608,59,134,0.26,36,0
461,58,Mujer,7.5,150,36,50,0,0,0.538,86,159,-2.77,36,0
462,58,Hombre,8.1,142,44.4,184,0,1,-1.075,63,139,0.11,36,0
463,66,Hombre,7.8,151,45.8,47,0,0,1.111,143,152,-2.9,36,0
464,64,Hombre,7.3,159,40,322,0,0,0.235,407,153,-4.19,36,0
465,57,Hombre,11.4,127,33.2,205,1,0,-0.043,196,124,-1.95,36,0
466,65,Hombre,9.7,101,41.6,544,1,1,-0.639,287,101,-0.93,36,0
467,54,Hombre,6.2,130,57.8,44,1,1,0.144,51,128,-4.69,36,0
468,51,Mujer,6.3,149,58.1,317,0,1,-0.224,253,138,-0.59,36,0
469,66,Hombre,9.1,112,46.9,453,0,0,-0.287,340,115,-3.39,36,0
470,59,Hombre,7.6,150,40.1,124,0,0,0.196,151,167,-3.12,36,0
471,54,Hombre,8.6,143,56.2,246,0,1,-0.771,114,145,-1.4,36,0
472,54,Mujer,5.5,149,37.4,129,0,0,0.369,187,159,-1.61,36,0
473,63,Hombre,8.6,128,43.5,150,0,1,0.221,187,134,-2.64,36,0
474,60,Hombre,9.3,132,54.4,98,0,1,0.349,139,127,-2.98,36,0
475,52,Hombre,7.3,130,57.8,61,0,1,0.583,109,124,-2.66,36,0
476,63,Hombre,10.5,123,39.6,50,0,0,1.047,142,122,-5.2,36,0
477,44,Hombre,6.4,120,52.9,45,0,0,-0.296,33,138,-0.47,36,0
478,87,Hombre,6.5,141,40.6,106,0,0,-0.523,63,146,-0.19,36,0
479,78,Hombre,6.5,119,46.2,58,1,0,0.117,65,109,-1.63,36,0
480,71,Hombre,9.9,166,40.2,31,1,1,0.932,79,161,-5.54,36,0
481,59,Hombre,8.1,122,41,67,0,1,0.489,109,113,-2.1,36,0
482,71,Hombre,7.4,156,49.1,240,0,1,0.144,277,156,-2.14,36,0
483,78,Mujer,5.5,137,30.1,61,0,0,0.301,82,121,-3.9,36,0
484,66,Hombre,6.5,122,53.1,28,0,1,0.145,32,127,-1.55,36,0
485,64,Hombre,5.5,124,53.3,106,0,0,-0.144,92,132,1.91,36,0
486,73,Hombre,7.7,137,39.4,40,1,0,0.46,63,147,-2.66,36,0
487,67,Mujer,8,126,51.5,74,0,1,-0.678,38,121,2.09,36,0
488,64,Hombre,10.2,126,38.7,747,0,0,-0.264,574,135,-2.58,36,0
489,50,Mujer,6.8,161,47.9,435,0,1,-0.739,208,171,-2.04,36,0
490,81,Mujer,7.2,129,32,583,1,0,-0.421,383,134,-4.58,36,0
491,55,Hombre,7.7,131,60.2,166,0,1,-0.829,72,126,1.2,36,0
492,75,Hombre,8,145,32.1,140,0,0,-0.038,135,151,-3.83,36,0
493,74,Mujer,8.9,142,62.6,202,0,1,0.462,321,132,-2.9,14.14,1
494,69,Mujer,7.9,119,32.1,236,0,0,0.312,322,109,-2.01,36,0
495,77,Mujer,8.1,134,44,79,0,1,0.55,137,127,-5.11,36,0
496,89,Hombre,10,151,37.7,811,0,1,0.158,950,151,-6.08,36,0
497,63,Mujer,8.3,131,40.6,134,0,1,-0.111,120,133,-0.51,36,0
498,81,Mujer,7.8,157,33,168,0,0,-0.436,109,160,-0.6,36,0
499,65,Mujer,7.4,129,39.7,82,0,0,-0.432,53,126,-1.31,36,0
500,43,Mujer,6.4,136,46.7,24,0,1,-0.286,18,126,4.1,36,0
501,55,Hombre,7.2,150,52.9,232,0,1,0.246,297,144,-3.97,36,0
502,64,Hombre,7,137,54.8,284,1,1,-0.467,178,120,-0.45,36,0
503,63,Hombre,6.1,130,38.1,329,1,1,-0.06,310,138,-1.79,36,0
504,60,Mujer,6.4,135,55,43,1,1,0.038,45,135,-2.41,36,0
505,53,Hombre,6.6,155,45.4,380,0,0,0.43,584,152,-5.6,36,0
506,61,Hombre,6.9,115,39.4,79,0,0,0.861,187,117,-3.85,9.77,1
507,78,Hombre,7.8,154,37.2,1190,0,1,-0.156,1018,147,-3.47,36,0
508,58,Hombre,8.6,135,44.2,143,1,1,0.395,212,145,-1.21,36,0
509,58,Mujer,9,124,50.5,35,0,0,0.085,38,128,-1.87,36,0
510,59,Hombre,8.3,113,38.5,150,1,1,0.17,178,102,-1.2,36,0
511,78,Mujer,9.2,127,38.1,104,0,1,0.319,143,122,-5.39,36,0
512,69,Mujer,9.6,152,41.8,464,0,1,0.271,609,140,-4.47,36,0
513,57,Hombre,6,129,44.9,89,0,1,-0.684,45,127,-1.4,36,0
514,59,Mujer,7.3,108,50.9,244,1,1,-1.509,54,108,0.11,36,0
515,51,Mujer,7.2,123,41.6,250,0,0,1.144,785,120,-5.5,36,0
516,40,Hombre,7.9,115,57.3,113,0,1,-0.136,99,105,0.64,36,0
517,62,Hombre,7.4,126,42.2,239,0,0,0.65,458,133,-3.05,36,0
518,64,Hombre,7,126,50.9,264,0,0,-0.124,233,131,-3.55,36,0
519,59,Mujer,8.9,137,55,95,0,1,-0.287,71,124,-2.22,36,0
520,64,Hombre,7.1,122,36.8,45,1,0,0.231,57,129,-3.93,36,0
521,63,Mujer,6.1,125,49.2,92,0,1,0.028,95,121,0.76,36,0
522,72,Hombre,6.8,115,43,124,0,1,-1.173,38,114,1.59,36,0
523,77,Mujer,9.4,136,41.4,558,1,0,-0.468,349,127,-4.89,36,0
524,66,Mujer,7.9,131,57.1,700,0,0,0.281,927,119,-3.63,17.1,1
525,63,Hombre,8.7,137,46.2,382,0,1,-1.581,79,131,1.29,36,0
526,54,Hombre,8.4,145,58.9,81,0,1,-0.234,64,128,-1.37,36,0
527,51,Hombre,8.1,127,57.8,132,0,0,0.339,185,143,-2.66,36,0
528,65,Hombre,7.7,133,39,38,1,0,0.695,76,142,-0.26,36,0
529,59,Mujer,7.2,121,40.2,42,0,0,0.537,72,107,-2.8,36,0
530,67,Mujer,7.6,135,44,27,0,0,0.297,36,133,-1.89,36,0
531,52,Mujer,8.4,114,44.9,45,0,1,0.152,52,116,-1.51,36,0
532,61,Hombre,6.4,146,30.6,159,1,0,-0.034,154,145,-5.72,36,0
533,72,Hombre,9.7,141,22.1,138,0,0,1.221,468,150,-7.34,13.75,1
534,60,Hombre,5.8,120,58.1,9,0,0,0.307,12,118,-0.09,36,0
535,76,Hombre,7.8,142,27.3,197,1,0,0.404,295,152,-3.96,11.88,1
536,64,Mujer,7,118,37.7,30,0,0,1.728,169,114,-4.37,36,0
537,79,Hombre,7.6,147,61.7,83,1,1,0.455,131,149,-4.54,36,0
538,77,Hombre,9.4,132,49.4,192,1,0,0.207,236,143,-7.05,36,0
539,45,Mujer,7.9,117,49.1,99,0,0,0.445,155,112,-2.09,36,0
540,69,Hombre,7.1,101,39.3,123,1,1,-0.619,66,104,-1.69,36,0
541,60,Hombre,7.3,137,49.8,48,0,0,0.352,68,134,-1.48,36,0
542,50,Hombre,8.1,144,60.8,106,0,0,0.8,236,145,-2.26,36,0
543,87,Mujer,7.5,115,35,187,0,1,-1.325,50,95,0.29,36,0
544,69,Hombre,6.8,114,44.4,165,1,0,-0.647,86,116,-1.81,36,0
545,64,Mujer,7.6,146,49.7,135,0,0,0.585,242,144,-3.14,36,0
546,65,Hombre,7.8,116,35.2,162,1,0,0.682,320,120,-5.33,36,0
547,62,Hombre,10.5,134,46.6,109,1,1,-0.05,104,131,-2.28,36,0
548,66,Hombre,9.6,159,27.1,288,0,0,0.434,445,169,-3.86,36,0
549,74,Mujer,7.2,143,29.9,901,0,0,-0.627,481,159,-1.28,36,0
550,72,Hombre,5.6,148,29.3,37,0,0,-0.316,27,145,0.43,36,0
551,68,Hombre,6.1,142,44.9,65,1,0,0.172,77,152,-1.39,36,0
552,64,Mujer,7,140,49.7,173,0,1,-0.055,164,127,-2.33,36,0
553,62,Hombre,8.7,141,53.1,738,0,1,-0.11,661,128,-2.06,36,0
554,80,Hombre,7.5,120,35.1,203,1,0,0.184,244,129,-2.62,36,0
555,90,Mujer,7.9,104,34.3,242,0,0,-0.389,164,110,-0.88,36,0
556,64,Mujer,8.3,142,48.8,240,0,1,-0.476,149,143,-1.25,36,0
557,84,Hombre,6,145,46.5,15,0,0,0.426,23,136,-2.04,36,0
558,62,Hombre,8.8,130,62.8,146,0,0,0.043,152,119,-2.07,36,0
559,61,Mujer,6.4,125,57.6,306,0,1,0.269,400,124,-1.69,36,0
560,62,Mujer,8.5,171,40.7,205,1,1,0.138,235,165,-2.71,36,0
561,53,Hombre,7.8,127,37.7,18,0,0,0.677,35,111,-0.67,36,0
562,53,Mujer,9.2,155,26.9,262,0,0,-0.474,163,150,-0.72,36,0
563,53,Hombre,7.8,125,47,83,1,0,0.144,96,132,-2.98,36,0
564,44,Hombre,6.1,115,53.9,15,0,1,0.489,24,105,0.49,36,0
565,58,Mujer,8.3,158,53.7,24,1,1,-0.499,15,157,-1.47,36,0
566,77,Mujer,7.4,152,47.4,318,0,0,0.342,448,157,-4.96,36,0
567,53,Hombre,10.1,147,68.5,435,0,1,-1.06,151,146,0.67,36,0
568,70,Mujer,7,111,53.2,99,0,1,0.748,209,88,-2.4,36,0
569,51,Hombre,7,123,34.2,316,0,1,-1.269,89,101,2.76,36,0
570,58,Mujer,9.4,120,62.6,27,0,1,-1.166,8,109,0.6,36,0
571,63,Mujer,8.2,144,43.2,43,0,1,0.408,65,136,-1.33,15.92,1
572,62,Mujer,7.7,126,51.2,77,0,0,-0.368,53,125,-1.57,36,0
573,67,Hombre,8.9,142,45.2,130,0,1,-0.654,68,132,-0.52,36,0
574,71,Hombre,7.7,130,48.1,44,0,0,-0.185,37,140,-2.26,36,0
575,56,Hombre,5.5,140,33.7,29,0,0,-0.231,23,137,0.45,36,0
576,59,Hombre,8.9,99,48.3,816,0,1,-1.394,202,88,2.28,36,0
577,72,Mujer,7.2,123,28.4,146,1,1,-0.647,76,118,-3.06,22.86,1
578,65,Mujer,7.7,162,48.2,46,0,1,-0.878,19,164,-0.09,36,0
579,68,Mujer,9.5,129,41.4,208,1,1,0.793,459,127,-3.85,36,0
580,69,Mujer,10.9,124,58.6,94,0,1,0.182,113,131,-2.91,36,0
581,61,Hombre,7.8,162,44.9,343,0,1,-0.533,201,159,0.79,36,0
582,70,Mujer,8,156,35.4,107,0,1,1.008,293,151,-4.43,36,0
583,51,Hombre,8.7,133,57.3,100,1,1,-0.125,88,125,-3.08,36,0
584,78,Mujer,8,145,44.6,144,1,0,0.38,211,145,-4.45,36,0
585,61,Mujer,5.9,128,50.2,110,0,0,0.668,215,135,-2.63,36,0
586,60,Hombre,7.3,131,43.3,132,0,1,-0.303,98,121,-1.18,36,0
587,84,Hombre,8.1,123,32.7,25,0,0,-0.062,24,119,-0.49,36,0
588,66,Hombre,5.5,140,60.5,71,0,1,-0.406,47,143,1.25,36,0
589,62,Mujer,6.8,125,58.4,31,0,0,-0.356,22,121,0.75,36,0
590,51,Mujer,5.5,154,65.3,107,0,1,-0.034,103,146,1.16,36,0
591,54,Hombre,8.3,162,52.3,250,1,1,-0.415,165,143,-4.53,36,0
592,73,Hombre,6.5,134,47.4,46,0,0,-0.262,35,141,-0.74,36,0
593,55,Hombre,7.5,131,47.2,39,0,0,0.833,90,154,-2.12,36,0
594,74,Hombre,7.8,120,31,98,0,0,-0.375,67,121,-2.34,36,0
595,58,Mujer,6.7,137,71,159,0,1,-0.023,155,128,-0.17,36,0
596,54,Hombre,7,147,42.4,87,0,0,-0.266,67,150,-3.52,36,0
597,79,Hombre,6.7,146,45.8,48,1,0,-0.675,24,145,-1.11,36,0
598,52,Mujer,7.7,119,48.1,130,0,1,-0.3,96,114,-0.79,36,0
599,60,Hombre,7.2,142,41.7,506,0,0,-0.564,288,143,0.41,36,0
600,54,Hombre,10.2,121,48,82,0,0,0.329,114,105,-2.9,36,0
601,47,Hombre,8,124,54.9,45,0,1,-1.167,14,108,2.33,36,0
602,84,Mujer,7.4,159,35.9,25,0,0,-0.253,19,152,0.11,36,0
603,71,Mujer,8.6,134,42.7,1962,0,1,-1.275,548,104,0.05,36,0
604,49,Hombre,6.9,118,52.5,44,0,1,-0.034,43,119,-1.23,36,0
605,53,Mujer,7,144,47.3,103,0,1,-0.352,72,150,-1.59,36,0
606,71,Hombre,8.2,136,31.2,975,0,0,-0.11,873,142,-2.38,36,0
607,54,Mujer,6.7,136,43.2,41,0,1,0.17,49,129,-0.81,36,0
608,56,Mujer,9.8,153,49.8,102,0,0,1.336,388,165,-5.54,36,0
609,58,Hombre,7,133,55.6,316,0,1,-0.457,200,138,-2.03,36,0
610,71,Mujer,7.7,129,49,125,0,0,0.618,232,137,-2.86,36,0
611,67,Hombre,7.4,115,39.9,60,0,0,1.202,200,109,-5.8,36,0
612,73,Mujer,8.2,119,40.9,124,0,1,-0.107,111,119,-1.77,36,0
613,48,Hombre,8.4,120,61.4,332,0,1,-0.345,235,102,0.28,36,0
614,61,Hombre,5.8,151,48,126,1,0,0.361,181,146,-5.51,36,0
615,62,Mujer,7.8,155,48.5,244,1,0,0.156,285,159,-3.76,36,0
616,80,Mujer,6.8,137,42.6,46,0,0,0.495,75,138,-3.73,36,0
617,71,Hombre,6.4,142,37.2,232,1,0,-0.476,144,133,-2.1,36,0
618,65,Hombre,8.4,158,48.6,50,1,0,0.276,66,146,-4.71,36,0
619,58,Mujer,7.7,133,42.4,316,0,0,-0.158,270,135,-2.09,36,0
620,71,Hombre,6.8,137,32.7,207,0,0,-0.215,167,137,-1.15,36,0
621,60,Mujer,9.4,158,42,335,0,1,-0.465,210,159,-1.75,36,0
622,62,Hombre,7.1,154,38.7,171,0,1,-0.123,151,151,-2.18,18.57,1
623,72,Hombre,8.6,145,36.4,518,0,0,-0.172,436,142,-3.83,36,0
624,70,Hombre,6.8,124,59.3,316,0,1,-0.231,251,107,-1.62,36,0
625,81,Hombre,7.7,160,43.1,481,1,1,-0.813,213,151,-1.38,36,0
626,78,Mujer,8.6,99,33.2,46,0,0,1.172,149,106,-4.24,36,0
627,72,Mujer,10.3,125,33.1,294,0,1,0.339,413,103,-3.15,36,0
628,54,Hombre,5.5,145,65.4,10,0,0,0.556,17,140,-0.86,36,0
629,68,Hombre,7.5,147,53,308,0,1,-0.941,120,136,-0.7,36,0
630,65,Mujer,8.9,142,39.1,111,0,1,-0.359,77,139,-1.06,36,0
631,67,Hombre,8.7,114,59.1,111,1,0,-1.028,40,120,0.43,36,0
632,65,Mujer,9.1,118,50.9,89,0,1,-0.422,58,120,0.98,36,0
633,72,Hombre,8.3,148,38.8,599,1,0,0.57,1059,154,-3.77,36,0
634,47,Hombre,5.5,139,54.3,122,0,0,0.648,233,129,-0.87,36,0
635,77,Mujer,9.1,173,30.9,154,0,0,0.593,279,175,-5.22,36,0
636,57,Hombre,6.4,111,40.6,22,1,1,-0.892,9,108,0.22,36,0
637,47,Mujer,9.1,128,49.9,20,0,1,-0.631,11,128,1.9,36,0
638,54,Mujer,7.5,126,62.2,45,1,1,0.3,61,112,-0.11,0.87,1
639,69,Mujer,7.6,146,44.9,44,1,0,0.41,66,130,-5.16,36,0
640,69,Hombre,9.1,155,47.5,22,0,0,0.331,31,161,-4.72,1.95,1
641,59,Mujer,8,146,43.6,38,0,0,0.021,39,149,-0.64,36,0
642,60,Mujer,7.9,149,32,113,0,0,-0.71,56,144,-0.23,36,0
643,61,Mujer,7.4,148,48.8,638,0,1,0.221,796,134,-0.77,36,0
644,69,Hombre,9.2,142,48.3,105,0,1,-0.006,104,133,-2.44,36,0
645,70,Hombre,9,109,30.6,194,0,0,-0.204,158,109,-0.87,36,0
646,47,Mujer,9.5,156,54.4,792,0,1,-0.155,679,149,-2.1,10.83,1
647,69,Hombre,7.6,152,28.3,164,0,1,-0.845,70,149,-1.37,36,0
648,57,Mujer,9.4,130,35.9,68,0,1,-0.991,25,123,-1.09,36,0
649,66,Mujer,8.6,116,29.5,259,0,0,-0.261,199,114,-2.76,36,0
650,63,Hombre,6.5,153,37.5,98,1,0,0.931,249,147,-7.59,36,0
651,61,Hombre,7.2,148,41.6,365,0,0,0.031,376,159,-4.42,36,0
652,75,Hombre,6,131,48.7,71,1,0,0.393,105,139,-1.55,36,0
653,58,Hombre,7.4,141,40.6,49,1,1,0.14,56,128,-2.09,36,0
654,67,Mujer,8.8,124,52.6,93,0,0,-0.995,34,124,-1.27,36,0
655,66,Hombre,7.2,113,45.9,52,0,0,-0.021,51,108,0.69,36,0
656,73,Mujer,9.1,169,52.7,394,0,1,-0.833,171,153,-1.11,36,0
657,59,Mujer,6.5,135,38.4,95,1,0,-0.704,47,143,-2.74,6.6,1
658,49,Mujer,7.6,113,75,67,1,1,0.309,91,102,-1.24,36,0
659,66,Mujer,9.1,121,63.7,19,0,0,0.363,27,118,-1.18,36,0
660,60,Mujer,5.6,125,36,85,0,0,-0.503,51,119,1.46,36,0
661,68,Hombre,5.9,133,56.7,55,0,0,0.476,89,128,-1.31,36,0
662,51,Hombre,12,103,59.5,177,0,1,0.84,410,98,-2.46,36,0
663,55,Mujer,8,117,35.2,86,0,1,-1.174,27,122,0.28,36,0
664,79,Mujer,5.7,141,37,20,0,0,0.257,26,150,-2.01,36,0
665,67,Hombre,8.4,179,43.7,32,0,0,1.465,139,181,-7.82,36,0
666,68,Hombre,6.9,163,39.5,582,0,0,1.186,1906,169,-7.77,3.52,1
667,89,Hombre,6,139,43.2,143,0,0,0.121,161,145,-2.78,36,0
668,50,Mujer,5.8,129,47.5,79,0,0,-0.103,71,115,-1.94,36,0
669,74,Hombre,7.3,129,32.2,34,1,0,-0.24,27,129,-1.93,36,0
670,73,Hombre,7.8,141,48.3,30,1,0,1.102,90,133,-5.1,36,0
671,61,Hombre,7.5,128,45.2,433,0,1,0.113,485,125,-2.89,36,0
672,71,Hombre,11.2,114,38,56,0,1,-0.653,29,110,-1.4,36,0
673,52,Hombre,8.9,132,50.3,66,0,1,-0.199,54,135,0.89,36,0
674,71,Mujer,7.7,156,47.3,40,1,0,0.359,57,152,-3.68,36,0
675,55,Mujer,7.1,143,43.5,122,0,1,-0.38,83,131,-2.43,36,0
676,49,Hombre,7.8,143,55.9,113,0,1,0.457,178,138,-3.24,36,0
677,82,Mujer,7.8,129,31.3,70,0,0,-0.389,47,132,-2.49,36,0
678,68,Mujer,7.2,132,53.4,129,0,1,-0.117,115,122,-0.22,36,0
679,53,Hombre,7.9,151,57,30,0,1,0.398,45,136,-0.43,36,0
680,65,Hombre,11.5,133,30.5,166,0,0,-0.119,147,124,-0.67,36,0
681,70,Hombre,7.2,149,41.6,369,0,0,-0.055,349,151,-3.47,36,0
682,67,Hombre,7.3,131,52.9,51,0,0,-0.193,42,130,0.26,36,0
683,59,Hombre,7.4,119,53,57,0,1,-0.567,32,111,-1,36,0
684,64,Hombre,8.5,152,51.1,119,0,1,-0.322,86,153,-1.72,36,0
685,76,Hombre,5.7,152,29.2,156,1,0,0.512,260,148,-3.28,36,0
686,61,Hombre,11.2,145,31.6,1574,0,0,0.164,1855,139,-3.85,36,0
687,64,Hombre,8.5,123,47.9,82,0,0,0.084,89,113,-1.29,36,0
688,77,Mujer,5.5,156,45.4,85,1,0,-0.359,59,161,-2.02,36,0
689,68,Mujer,8.9,147,53.8,103,0,1,-0.58,58,134,-1.67,36,0
690,74,Mujer,6.4,109,41.5,63,1,0,-0.832,27,125,-0.7,36,0
691,67,Hombre,7.4,148,55.5,52,0,0,-0.026,51,140,-2.98,36,0
692,77,Hombre,11.3,148,45.4,162,1,0,0.5,267,149,-7.38,36,0
693,66,Mujer,7.9,151,43.5,243,0,1,0.179,291,146,-2.64,36,0
694,67,Mujer,9.1,136,40.8,130,0,0,0.143,150,129,-1.85,36,0
695,56,Mujer,7.7,128,42.3,42,0,1,0.299,57,123,-1.35,36,0
696,48,Hombre,9,143,45.5,79,0,0,0.106,88,155,-1.78,36,0
697,69,Mujer,6.8,153,57.8,15,1,0,0.725,31,147,-3.2,36,0
698,51,Mujer,11.3,143,49.2,1216,0,1,-0.679,617,132,-1.77,36,0
699,82,Hombre,8,133,48.1,191,0,0,-0.456,121,137,-4.71,36,0
700,71,Hombre,6.8,142,43.7,112,0,1,-0.514,67,148,1.13,36,0
701,38,Hombre,6.3,155,39.3,160,0,0,0.235,202,148,1.55,36,0
702,72,Hombre,7.8,116,31.1,51,0,0,-0.436,33,126,-1.85,36,0
703,71,Mujer,8.1,151,33.3,192,0,0,-0.38,131,144,-2.17,36,0
704,70,Hombre,10.4,133,55.8,98,0,0,0.069,105,132,-2.12,36,0
705,67,Mujer,7.9,112,60.4,81,1,0,0.279,107,108,-1.81,36,0
706,66,Hombre,8,133,39.6,71,1,1,-0.811,32,121,-0.14,7.05,1
707,53,Mujer,6.9,133,45.7,424,0,0,-0.522,252,138,0.63,36,0
708,65,Mujer,7.3,137,34.2,75,1,0,-0.233,59,142,-1.81,36,0
709,44,Mujer,9.3,134,52,51,0,1,-0.322,37,123,-0.52,36,0
710,74,Mujer,8.9,125,52.2,52,0,0,0.188,63,119,-0.76,36,0
711,64,Mujer,9.9,113,30.1,583,1,1,-1.039,206,111,-1.71,36,0
712,70,Mujer,9.9,130,40.4,259,0,1,-0.915,104,119,-0.75,36,0
713,51,Hombre,7.6,141,50.8,55,0,1,-0.92,22,127,-0.12,36,0
714,54,Hombre,8.2,163,60.9,48,0,0,0.629,90,178,-1.5,36,0
715,65,Hombre,6.8,147,35.9,241,0,1,-0.354,169,133,-1.54,36,0
716,66,Mujer,7.7,164,57.2,180,0,1,-0.216,145,164,-1.71,36,0
717,55,Mujer,8.6,135,43.4,124,0,1,-0.76,58,130,1.22,36,0
718,67,Mujer,7.1,113,42,85,0,0,-0.251,66,108,-0.05,36,0
719,77,Mujer,6.9,141,20,79,0,0,-0.93,31,149,-0.87,36,0
720,90,Mujer,7.3,132,23.6,198,1,0,0.196,241,129,-4.27,19.39,1
721,60,Hombre,8.1,95,43.8,67,1,1,-1.521,15,71,1.73,36,0
722,61,Hombre,10.1,141,65.3,1178,0,1,-0.655,612,140,-0.29,36,0
723,51,Hombre,7.6,158,60.4,51,0,1,0.303,69,163,-1.16,36,0
724,63,Hombre,9.3,117,44.6,85,0,1,-0.56,49,114,-0.96,36,0
725,37,Hombre,5.5,140,54.5,378,1,1,0.09,414,130,-1.43,36,0
726,75,Mujer,8.7,147,39.3,189,0,1,0.566,333,152,-2.87,36,0
727,69,Hombre,7.3,131,39.7,249,1,1,-1.218,74,125,-0.87,36,0
728,69,Hombre,9.1,148,54.6,38,0,0,-0.149,33,156,-2.15,36,0
729,69,Hombre,9.8,123,38.1,554,0,0,0.312,757,133,-3.45,36,0
730,50,Hombre,7.6,109,46.7,24,0,0,-0.744,11,111,0.11,36,0
731,70,Hombre,8.5,123,53.7,65,1,0,0.166,77,124,-3.67,36,0
732,83,Mujer,10.2,151,40.3,88,1,0,-0.224,70,144,-3.63,36,0
733,86,Hombre,7.6,157,47.8,14,1,0,1.55,66,169,-4.99,36,0
734,84,Mujer,9.2,146,48.8,243,1,1,-0.304,179,150,-3.81,33.64,1
735,57,Mujer,8.9,151,44.3,1218,0,1,0.106,1354,139,-4.31,36,0
736,60,Hombre,6.5,134,33.2,42,0,1,0.123,48,126,-0.08,36,0
737,53,Hombre,9.2,132,59.7,106,0,0,0.611,195,129,-3.45,36,0
738,48,Hombre,8.5,143,54.2,350,1,1,-0.396,236,126,-2.08,36,0
739,76,Hombre,9.4,142,35,338,1,1,-0.659,175,140,-3.75,36,0
740,56,Hombre,8.3,122,57.7,38,1,1,-0.032,37,120,-1.08,36,0
741,80,Mujer,7.1,132,42,120,0,1,-0.751,57,133,-0.97,36,0
742,80,Mujer,7.4,119,32.3,128,0,0,0.246,164,108,-4.03,36,0
743,67,Mujer,7.6,146,46.7,149,0,1,-0.225,119,142,-1.72,36,0
744,60,Hombre,10.2,153,28.1,562,0,0,0.295,755,156,-5.08,36,0
745,68,Hombre,5.5,145,40.8,63,0,0,-0.502,38,128,1.57,31.97,1
746,77,Mujer,5.5,140,39.7,24,0,0,0.611,44,149,-4.62,36,0
747,70,Mujer,7.9,118,41.7,67,1,0,-0.256,52,108,-1.82,36,0
748,62,Hombre,7.2,134,54.1,230,1,1,-0.113,205,140,-1.76,36,0
749,53,Mujer,8.4,123,61,138,0,0,-0.016,136,135,-1.19,36,0
750,59,Hombre,8.7,116,54,82,1,0,-0.317,60,121,-1.68,36,0
751,63,Hombre,7.5,124,53.2,171,0,0,-0.765,80,125,0.47,36,0
752,54,Hombre,7.6,129,44.3,110,0,0,-0.578,62,129,1.63,36,0
753,62,Hombre,7.8,160,48.1,1229,0,1,-0.198,1008,153,-2.02,36,0
754,54,Mujer,9.8,112,35.2,559,0,1,-0.349,394,97,0.3,36,0
755,68,Hombre,8.9,146,44.5,57,0,1,0.116,64,139,-1.9,36,0
756,63,Hombre,8.9,123,36.1,191,0,0,0.534,326,132,-2.63,36,0
757,73,Mujer,8.3,144,47.7,42,1,0,-0.23,33,134,-2.07,36,0
758,66,Hombre,10,156,36.6,1368,0,1,0.205,1680,153,-5.08,36,0
759,49,Hombre,10.4,148,47.7,259,0,1,0.617,480,142,-4.34,36,0
760,60,Hombre,9.8,133,47.5,440,1,1,-0.257,340,132,-1.79,36,0
761,66,Hombre,7,153,56.6,161,0,1,-0.267,123,145,0.32,36,0
762,65,Hombre,7.8,149,42.9,100,1,0,-0.622,54,154,-2.35,36,0
763,70,Mujer,7.6,140,38,445,0,0,-0.346,315,147,-0.04,36,0
764,62,Mujer,7.7,135,34.1,221,0,0,0.444,344,123,-2.81,36,0
765,47,Hombre,9.6,159,53.7,171,0,0,0.889,416,162,-5.59,36,0
766,51,Hombre,7.6,138,42.5,42,0,0,0.973,111,140,-3.99,36,0
767,41,Hombre,8,166,44.2,213,0,1,-0.176,179,177,-0.86,36,0
768,59,Hombre,10.3,129,35.5,161,1,0,-0.116,143,115,-2.13,36,0
769,70,Mujer,7.2,130,35.3,99,0,0,0.233,125,113,-3.83,36,0
770,62,Hombre,7.9,149,53.6,111,0,0,0.617,206,161,-2.93,36,0
771,61,Hombre,7.2,139,65.2,31,0,1,-0.268,24,133,0.09,36,0
772,56,Mujer,8.6,133,51.1,206,0,1,-0.185,171,124,-1.99,36,0
773,58,Hombre,6.8,131,45.1,30,1,1,-0.314,22,124,-0.51,36,0
774,61,Mujer,5.5,127,47.7,34,0,0,1.015,94,120,-2.27,36,0
775,51,Mujer,7.6,108,44.7,82,1,0,0.125,93,122,-1.72,36,0
776,53,Hombre,10.9,114,46.8,145,0,0,0.239,184,114,-2.95,3.81,1
777,59,Mujer,6.5,134,39.6,139,0,0,0.235,176,119,-3.74,36,0
778,63,Hombre,7,151,63.9,40,1,1,0.345,56,141,-3.75,36,0
779,65,Mujer,7.6,138,58.8,38,0,0,0.357,54,132,0.15,36,0
780,68,Mujer,8.6,156,47.1,172,1,0,-0.475,107,168,-1.38,36,0
781,57,Mujer,9.3,151,54.5,1280,0,1,0.501,2113,160,-4.58,36,0
782,71,Hombre,7.6,157,52.7,235,0,1,-0.181,196,147,-2.26,36,0
783,65,Hombre,7.1,138,52.7,90,0,0,0.201,110,128,-2.2,36,0
784,70,Hombre,9,96,61.3,20,0,1,-0.447,13,93,-0.25,36,0
785,64,Mujer,8.2,95,35.4,46,0,1,-0.83,20,76,0.81,36,0
786,75,Hombre,7.7,137,54,77,0,0,0.511,128,135,-2.57,36,0
787,53,Mujer,7,155,58,69,0,0,0.105,77,157,-0.97,36,0
788,51,Hombre,9.6,139,53.1,41,0,0,0.325,57,146,-2.52,36,0
789,58,Hombre,8.1,149,33.5,1654,0,0,0.59,2985,153,-6.78,30.24,1
790,64,Hombre,6.6,146,44.9,97,0,0,0.667,189,146,-2.46,36,0
791,68,Mujer,7.3,135,47.8,36,0,0,0.036,37,149,-1.65,36,0
792,72,Mujer,6.7,138,39,74,0,0,0.379,108,126,-1.6,36,0
793,59,Mujer,7.4,127,52.6,22,0,0,0.659,43,128,-1.66,36,0
794,90,Hombre,8.5,126,32.4,310,1,0,0.509,516,129,-5.37,36,0
795,59,Mujer,6.6,111,52.7,49,0,0,1.123,151,110,-3.58,36,0
796,58,Hombre,9,142,36.4,478,0,0,-0.277,363,138,-3.04,36,0
797,53,Hombre,8.8,133,35.9,345,0,1,-0.793,156,125,-1,36,0
798,71,Mujer,7,132,42.2,174,0,0,-0.351,123,131,-0.96,36,0
799,61,Hombre,7.9,134,53.3,200,0,1,0.383,293,119,-3.75,36,0
800,71,Mujer,5.9,120,47.9,13,0,0,1.014,36,122,-2.19,36,0
801,68,Hombre,7.6,108,35.6,120,0,1,-0.95,46,101,0.36,36,0
802,60,Hombre,7.9,116,36.4,167,0,1,0.373,242,104,-2.46,36,0
803,61,Hombre,8.3,138,37.7,305,1,1,-1.13,99,120,-0.59,36,0
804,51,Hombre,7.5,111,42.6,295,0,0,-0.276,224,106,-1.54,36,0
805,74,Hombre,8.2,117,33.6,40,1,0,0.05,42,115,-3.54,36,0
806,62,Hombre,8.7,136,40.3,448,0,1,-0.728,216,132,-0.29,36,0
807,77,Hombre,6.4,142,42.8,48,1,0,0.114,54,127,-3.32,36,0
808,63,Hombre,6.7,128,54.4,33,1,1,-0.554,19,117,0.72,36,0
809,77,Hombre,8.8,150,45.7,134,1,0,0.053,141,142,-3.96,2.97,1
810,50,Hombre,8.1,143,52.6,232,0,1,-0.807,104,124,-1.43,36,0
811,58,Mujer,9.7,116,60.1,805,0,1,-0.906,325,105,-4,36,0
812,53,Mujer,8.9,129,57.1,163,0,0,0.88,393,120,-5.76,36,0
813,68,Mujer,7.8,154,53.7,142,1,1,-0.154,122,151,-3.12,36,0
814,66,Hombre,12,133,46.3,207,0,1,0.428,318,137,-4.56,36,0
815,71,Mujer,8.3,123,53.1,303,1,1,-0.301,224,113,-1.23,36,0
816,71,Mujer,6.7,149,50.6,125,1,0,0.816,283,153,-4.41,36,0
817,58,Hombre,5.5,123,49.6,150,1,1,-0.864,63,131,1.21,36,0
818,67,Mujer,9.5,130,42.4,48,0,0,-0.224,38,135,-2.66,36,0
819,52,Mujer,6.6,136,60.2,35,1,1,0.45,55,127,-1.56,36,0
820,66,Hombre,9.6,121,43.4,792,1,0,-0.611,430,112,-2.96,36,0
821,62,Hombre,7.6,114,47.1,136,0,1,-0.527,80,120,-1.05,36,0
822,52,Mujer,8.9,139,37.4,44,0,1,0.398,65,146,-2.96,36,0
823,60,Hombre,9,128,42.5,112,0,0,0.332,156,129,-2.25,36,0
824,54,Hombre,7.9,143,42.2,283,1,0,-0.303,209,144,-1.05,36,0
825,74,Hombre,6.9,139,67.1,36,0,0,-0.163,31,142,-2,36,0
826,42,Mujer,7.5,131,49.8,49,0,0,-0.274,37,128,-0.73,36,0
827,57,Mujer,8.8,131,48.6,490,0,1,-0.103,442,122,-3.64,36,0
828,71,Hombre,7.9,130,51.9,48,0,1,-0.052,46,120,-2.99,36,0
829,73,Hombre,8.4,107,38.1,137,0,0,0.483,222,111,-2.91,36,0
830,76,Mujer,11.7,147,53.7,377,0,1,0.278,498,127,-4.28,36,0
831,53,Hombre,8.5,148,35,105,1,1,-0.446,67,152,0.34,36,0
832,67,Hombre,8.2,140,38.2,461,1,0,0.646,880,148,-4.06,2.6,1
833,49,Mujer,5.9,135,61.1,25,0,0,1.131,77,134,-1.08,36,0
834,59,Mujer,6.8,153,39.3,73,0,1,-0.121,65,145,-0.35,36,0
835,52,Hombre,6.6,157,49.2,94,0,0,0.634,177,150,-3.95,36,0
836,57,Mujer,7.8,157,39.4,3006,0,0,-0.984,1123,162,-3.51,36,0
837,54,Hombre,6.9,134,34.8,119,0,0,0.036,123,133,-3.77,36,0
838,72,Mujer,7.5,152,36.4,138,0,0,-0.038,133,142,-2.82,36,0
839,52,Hombre,7.7,122,45.6,65,0,0,0.203,80,122,-2.45,36,0
840,80,Mujer,8.8,138,56.9,62,1,0,0.204,76,124,-4.77,36,0
841,55,Hombre,7.7,122,47,235,0,1,-0.435,152,125,0.87,36,0
842,75,Mujer,6.1,121,31.8,35,1,0,-0.263,27,137,-1.27,36,0
843,53,Mujer,6.1,145,59.2,629,0,1,-0.506,379,140,-1.68,36,0
844,75,Mujer,11,158,45.7,514,0,0,0.178,614,154,-4.98,36,0
845,87,Mujer,8.4,133,39,66,0,0,0.285,88,134,-4.58,36,0
846,51,Mujer,8.7,123,41.4,162,0,1,-0.105,146,109,-1.55,36,0
847,46,Mujer,8.6,123,50.7,121,0,1,-0.289,91,112,-1.03,36,0
848,66,Mujer,8.1,125,56,71,0,0,0.013,72,130,-1.68,36,0
849,44,Hombre,5.5,104,43.4,10,0,0,0.218,12,102,0.39,36,0
850,56,Hombre,9.6,97,33.7,129,0,1,-0.9,52,79,1.42,36,0
851,71,Hombre,6.3,145,34.9,323,1,0,-0.578,181,138,-2.78,36,0
852,66,Mujer,10.7,126,50,95,1,1,-0.812,42,128,0.32,36,0
853,50,Hombre,7.6,122,44.5,28,0,1,-0.085,26,124,-1.03,36,0
854,67,Mujer,8.4,122,42.3,15,1,0,-0.063,14,129,-2.39,36,0
855,66,Hombre,8.4,124,40.9,145,0,0,0.279,192,117,-3.89,36,0
856,69,Mujer,6.8,177,49.5,31,0,1,1.003,85,181,-4.58,36,0
857,63,Mujer,6.5,128,58.6,38,0,1,0.078,41,131,-0.38,36,0
858,67,Hombre,7,119,43,50,1,0,-0.205,41,130,-1.94,36,0
859,78,Hombre,6,116,32.2,161,1,0,-0.032,156,107,-1.44,36,0
860,74,Hombre,8.7,150,42.9,145,0,0,-0.72,71,169,-3.35,36,0
861,60,Hombre,7.4,126,56.5,84,0,1,-0.726,41,111,-0.4,36,0
862,56,Hombre,8.4,131,57.9,29,0,0,0.762,62,130,-3.68,36,0
863,59,Hombre,8.2,114,46.5,106,1,1,-0.31,78,105,-1.96,36,0
864,71,Hombre,9.5,130,52.5,112,0,1,-0.605,61,116,0.15,36,0
865,65,Hombre,9.3,159,30.3,574,0,0,-0.702,284,154,-3.5,36,0
866,68,Mujer,7.1,133,62.3,21,0,0,0.374,31,139,-2.96,18.66,1
867,58,Mujer,6.1,145,43.7,131,0,0,0.295,176,151,-1.36,36,0
868,56,Hombre,9,123,43.3,526,1,1,0.06,559,137,-2.27,36,0
869,73,Mujer,7.7,121,32.3,140,1,0,-0.515,84,116,-3.09,36,0
870,65,Mujer,7,126,47,158,0,1,-0.75,75,118,0.46,36,0
871,79,Mujer,6,129,26.7,412,0,1,-0.65,215,124,-2.92,36,0
872,71,Mujer,8.9,143,34,594,0,0,-0.063,558,146,-4.63,36,0
873,65,Mujer,9,123,46.2,76,0,1,-0.144,66,115,0.12,36,0
874,75,Mujer,6.4,150,38.7,47,0,1,0.226,59,144,-1.21,36,0
875,54,Hombre,7,107,42.5,37,0,0,0.108,41,99,1.14,36,0
876,78,Hombre,9.8,151,47.3,465,1,1,-0.378,319,139,-4.46,36,0
877,87,Hombre,7.5,161,48.5,46,1,0,0.059,49,158,-3.19,36,0
878,58,Mujer,9.1,127,58,62,0,0,-0.454,39,141,-2.82,36,0
879,74,Mujer,8.3,148,45,57,0,0,0.185,69,148,-1.34,36,0
880,52,Hombre,7.6,145,37.1,59,0,1,-0.428,38,135,-1.37,36,0
881,53,Mujer,7.6,134,46,80,1,0,0.038,83,129,-3.63,36,0
882,78,Mujer,7.8,119,39.7,35,0,0,0.038,36,117,-2.28,36,0
883,55,Mujer,6.7,118,61,33,0,1,0.035,34,106,0.93,36,0
884,55,Mujer,7.4,107,52.6,396,1,1,-0.62,213,105,-4.06,36,0
885,61,Hombre,7,125,29.6,630,1,1,-0.717,308,131,-1.74,36,0
886,69,Hombre,6.8,148,52.6,152,0,0,-0.204,124,144,-2.12,36,0
887,77,Hombre,7.2,132,41.3,52,0,0,0.234,66,138,-3.1,36,0
888,41,Mujer,9.8,137,45.6,69,0,0,-0.341,49,139,-1.96,36,0
889,65,Hombre,5.5,150,55.1,60,0,1,-0.665,31,154,1.67,36,0
890,54,Hombre,7.7,127,49.7,39,0,0,-0.51,23,124,0.66,36,0
891,63,Hombre,9.6,137,46.5,549,0,1,0.514,918,135,-5.2,36,0
892,69,Hombre,9.6,125,34.2,363,1,1,-0.164,308,123,-1.15,31.6,1
893,55,Hombre,7,120,49.3,127,0,1,-0.428,83,121,0.35,36,0
894,68,Mujer,8.6,138,39.6,302,1,0,0.48,488,122,-4.86,2.08,1
895,51,Mujer,7.7,134,42.7,127,0,1,-0.565,72,131,-0.73,35.8,1
896,72,Mujer,5.5,138,38.2,91,0,1,0.798,202,129,-2.94,36,0
897,82,Mujer,7.8,129,41,67,1,0,-0.366,46,132,-1.56,36,0
898,61,Mujer,7,151,47.2,91,0,0,-0.272,69,141,-4.14,36,0
899,63,Hombre,7.1,131,60.8,46,0,0,0.592,83,131,-1.83,36,0
900,64,Mujer,6.5,156,38.8,134,0,0,0.239,170,144,-3.31,36,0
901,55,Hombre,9.7,134,58.3,153,0,1,-0.619,82,113,-0.66,36,0
902,53,Mujer,8.1,154,52.8,172,0,1,-0.001,172,149,-1.7,36,0
903,68,Mujer,8.9,145,46.7,68,0,1,0.155,79,130,-0.05,36,0
904,54,Hombre,8.5,117,44.2,190,0,0,-0.042,182,108,-2.26,36,0
905,50,Mujer,7.2,167,30.6,60,0,0,0.515,100,170,-4.93,20.55,1
906,56,Hombre,5.7,156,39.1,71,0,0,0.435,110,154,-2.79,36,0
907,69,Hombre,5.6,135,45.8,88,1,0,0.612,162,145,-2.44,36,0
908,71,Hombre,7.9,147,60.8,697,0,1,-0.044,667,144,-5.15,36,0
909,68,Hombre,8.3,125,34.1,264,0,0,-0.099,239,125,-1.46,36,0
910,34,Mujer,8.4,114,53.8,74,0,0,0.21,91,114,-2.91,36,0
911,75,Hombre,6.8,127,29.8,433,1,0,0.621,806,130,-3.76,36,0
912,43,Mujer,7,139,34.6,145,0,1,-0.12,129,121,-1.05,36,0
913,53,Hombre,8.2,144,41.3,153,0,1,0.308,208,143,-3.05,26.15,1
914,86,Hombre,6.3,128,39.4,280,1,0,-0.511,168,118,-0.12,36,0
915,53,Hombre,7.2,116,49.2,33,1,1,-0.051,31,108,0.6,36,0
916,74,Mujer,6.5,127,30.9,231,1,0,0.067,247,122,-3.31,0.05,1
917,68,Mujer,8.2,153,20.1,493,1,1,0.466,786,141,-5.72,23.52,1
918,78,Mujer,8.3,153,47.8,298,0,1,-0.818,132,147,-1.6,36,0
919,66,Hombre,6.4,149,40.5,9,1,0,0.613,17,162,-2.64,36,0
920,52,Hombre,5.8,135,50.9,58,0,0,-0.291,43,148,-0,36,0
921,62,Hombre,7,117,60.4,5,0,0,-0.047,5,121,0.8,36,0
922,66,Hombre,8.8,139,49.6,107,1,0,0.066,114,149,-3.67,36,0
923,48,Mujer,8.2,132,40.3,65,0,0,-0.631,35,132,0.46,11.46,1
924,68,Hombre,8.4,162,40.8,193,1,0,0.007,194,165,-4.12,36,0
925,44,Hombre,6.7,125,48.3,841,1,1,-0.251,655,112,-2.92,36,0
926,80,Mujer,6.7,134,50.1,58,0,0,0.721,119,132,-2.6,3.32,1
927,60,Hombre,8.9,102,41.1,66,0,0,-0.542,38,106,-0.31,36,0
928,47,Mujer,8.7,128,43.5,56,0,0,0.094,62,128,0.11,36,0
929,61,Mujer,8.8,144,36.3,220,1,1,0.743,462,137,-6.42,36,0
930,62,Mujer,7.9,141,45.9,355,0,1,-0.551,205,138,0.48,34.56,1
931,90,Mujer,7.9,114,34.2,397,0,1,-0.949,154,117,0.92,36,0
932,56,Hombre,6.9,121,52.8,32,0,1,-0.091,29,122,0.3,36,0
933,61,Hombre,5.5,157,47.8,54,0,0,0.502,89,167,-2.08,36,0
934,59,Hombre,6.5,149,45.4,338,1,1,-0.292,252,138,-3.23,36,0
935,51,Hombre,9,161,68.9,145,0,1,0.053,153,158,-0.27,36,0
936,69,Mujer,9.1,138,44.3,350,0,0,0.246,448,141,-4.82,36,0
937,68,Hombre,6.3,153,40.4,242,0,0,-0.073,225,138,-3.8,36,0
938,50,Hombre,7.5,150,46.9,368,0,0,-0.308,270,138,-0.3,36,0
939,65,Mujer,7.4,127,36.8,150,0,0,-0.394,101,140,-0.42,36,0
940,72,Hombre,8,140,49.3,538,0,0,-0.297,400,146,-3.13,36,0
941,71,Hombre,7.6,150,45.3,55,1,0,-0.105,50,157,-2.98,36,0
942,68,Hombre,7.8,113,49.9,17,0,0,1.83,106,107,-6.59,36,0
943,81,Mujer,5.9,126,47.9,11,0,0,-0.043,11,124,-0.98,36,0
944,74,Hombre,6.9,114,43,36,0,0,-0.419,24,114,-0.65,36,0
945,57,Hombre,9,147,42,154,0,0,0.475,248,131,-4.13,36,0
946,54,Hombre,7,156,58.7,213,0,0,-0.376,146,155,-3.78,36,0
947,56,Mujer,6.6,139,43.3,210,0,1,0.838,486,121,-4.39,36,0
948,67,Hombre,8.3,126,42.1,44,0,0,-0.272,34,125,0.48,36,0
949,74,Mujer,6.9,136,43.5,64,0,0,-0.84,28,136,1.6,36,0
950,75,Hombre,8.9,136,30.1,49,0,0,0.064,52,135,-3.87,33.88,1
951,79,Hombre,7.2,144,42.3,166,0,0,0.609,305,134,-3.45,36,0
952,81,Hombre,8.2,139,54.5,6,1,0,0.424,9,148,-1.73,36,0
953,71,Hombre,7.2,130,20,509,0,0,-0.697,254,144,-0.7,36,0
954,65,Hombre,7.6,132,39.7,58,0,0,0.249,74,125,-3.26,36,0
955,50,Hombre,7.3,99,53.3,29,0,1,-0.373,20,95,2.37,36,0
956,51,Mujer,9.2,114,31.7,29,0,0,0.306,39,136,-2.46,36,0
957,44,Hombre,8.3,151,45.1,112,0,1,-0.643,59,156,-0.45,36,0
958,61,Hombre,7.1,122,50.7,73,0,1,-0.674,37,113,0.49,36,0
959,70,Mujer,7.6,137,29.7,78,0,0,-0.192,64,137,-2.57,36,0
960,72,Hombre,8.8,163,27.9,160,1,0,-0.708,79,155,-3.37,36,0
961,45,Hombre,7.4,157,67.2,76,0,1,0.072,82,149,-1.4,36,0
962,57,Mujer,7.4,141,47,15,0,0,-1.167,5,131,2.54,36,0
963,81,Hombre,7.6,127,47,390,0,1,-1.003,143,126,0.45,36,0
964,69,Hombre,6.7,140,36.2,160,1,0,-0.317,117,134,-3.17,36,0
965,69,Hombre,8.1,166,37.6,282,0,0,-0.422,185,174,-2.01,36,0
966,64,Hombre,8.6,162,21.3,15,1,0,1.255,53,149,-5.67,36,0
967,65,Mujer,7.6,158,39.1,284,1,1,-0.4,190,157,-3.43,36,0
968,49,Hombre,9,142,42.5,79,0,1,0.08,86,132,-2.41,36,0
969,52,Mujer,9.2,115,55.8,9,0,0,0.024,9,112,0.25,36,0
970,77,Hombre,8.8,150,34.2,264,1,0,-0.253,205,155,-3.09,36,0
971,56,Hombre,6,151,51.2,99,0,1,-0.124,87,136,-0.95,36,0
972,74,Mujer,5.9,129,51.3,74,1,0,-0.905,30,132,-0.02,36,0
973,63,Hombre,6.4,137,42.4,341,1,1,-0.219,274,140,-1.81,36,0
974,62,Hombre,6.8,158,54.5,261,1,1,-0.599,143,157,-3.03,36,0
975,73,Hombre,10.2,136,43.8,71,0,0,0.826,162,141,-2.7,36,0
976,67,Hombre,7.3,137,39.4,28,1,0,0.22,35,141,-1.61,36,0
977,68,Mujer,7.8,135,56,127,1,0,-0.202,104,148,-3.65,36,0
978,47,Hombre,9.6,97,63.1,93,0,1,-0.057,88,87,-0.78,36,0
979,60,Mujer,6,115,34.8,138,0,0,0.1,153,116,-3.36,36,0
980,64,Mujer,9.1,147,59.6,88,1,0,0.072,95,147,-4.21,36,0
981,63,Hombre,8.3,164,38.3,300,1,0,-0.491,184,175,-0.61,36,0
982,85,Mujer,9.8,151,38.8,418,0,0,0.566,736,152,-4.8,11.48,1
983,71,Hombre,8.8,143,45.2,502,0,1,-0.403,336,135,-4.82,36,0
984,60,Hombre,8.2,148,46.1,82,0,1,-0.365,57,144,-0.61,36,0
985,55,Mujer,6.5,147,43.2,191,0,1,-0.072,178,142,-2.66,36,0
986,58,Mujer,7.7,155,44.3,21,0,1,0.286,28,149,-2.82,36,0
987,67,Mujer,8.1,150,33.1,111,0,0,0.807,249,133,-4.78,36,0
988,53,Mujer,9,131,47.9,793,0,1,-0.302,586,124,-2.26,36,0
989,66,Hombre,8,117,27.4,46,0,1,-0.672,23,115,-0.64,36,0
990,46,Mujer,8,162,52.3,126,0,1,-0.118,112,167,-1.05,36,0
991,52,Mujer,8.2,154,51,110,0,1,-0.509,66,150,-1.15,36,0
992,65,Hombre,8.6,145,57.6,453,1,1,-0.075,420,146,-2.95,36,0
993,62,Hombre,7.6,116,48.2,134,1,0,-0.738,64,117,-2.35,36,0
994,55,Mujer,8.5,147,51.7,49,0,1,-0.646,26,139,-0.82,36,0
995,78,Mujer,7.2,142,52.6,96,0,0,1.041,272,140,-4.25,36,0
996,71,Hombre,9.3,124,49.4,94,0,0,0.66,182,126,-3.02,36,0
997,38,Hombre,6.6,128,57.2,41,0,1,-0.768,19,108,0.99,36,0
998,48,Mujer,8.2,111,71,52,0,1,0.31,71,104,-0.62,36,0
999,89,Mujer,9.5,127,47.8,80,0,0,0.797,177,139,-6.47,36,0
1000,62,Hombre,8.5,140,49,243,0,1,0.717,498,124,-6.45,36,0
1001,61,Hombre,9,95,40.1,210,0,1,0.709,426,83,-2.61,36,0
1002,52,Mujer,6.6,95,54.8,114,0,1,-0.549,66,76,-1.77,36,0
1003,67,Hombre,8.6,147,50.4,163,0,0,-0.157,139,151,-4.1,36,0
1004,63,Mujer,7.8,127,41.9,584,1,1,0.186,703,104,-4.47,10.58,1
1005,63,Mujer,7.4,114,46.3,14,0,0,-0.356,10,112,1.09,36,0
1006,70,Hombre,8.6,135,41.7,64,1,0,-0.291,48,135,-2.14,36,0
1007,62,Mujer,9.4,147,56.9,48,0,1,0.202,59,149,-2.22,36,0
1008,65,Hombre,8.6,143,41,23,1,0,0.141,26,140,-2.22,36,0
1009,67,Mujer,9.6,138,60.1,62,1,1,1.091,185,140,-5.57,36,0
1010,70,Mujer,8.8,168,31.7,177,1,0,-0.018,174,164,-4.1,36,0
1011,54,Mujer,6.2,130,54.2,385,0,1,-0.113,344,103,-0.68,36,0
1012,59,Mujer,6.7,106,43.7,113,0,1,-0.627,60,114,-0.57,36,0
1013,69,Hombre,7.9,149,34.4,319,0,1,-0.274,243,140,-1.85,36,0
1014,72,Hombre,7.7,136,40.9,110,1,0,0.21,136,136,-3.67,36,0
1015,69,Hombre,8.8,130,42.6,430,0,1,-0.447,275,139,-1.09,36,0
1016,60,Mujer,8.9,147,40.8,578,0,1,0.648,1105,141,-5.19,36,0
1017,55,Hombre,7.2,133,61.7,80,0,1,-0.32,58,132,0.4,36,0
1018,70,Mujer,6.4,136,51.8,93,0,1,-0.134,81,130,-1.3,36,0
1019,41,Mujer,8.1,136,50.3,76,0,1,-0.204,62,122,-0.55,36,0
1020,72,Mujer,9.1,128,57.3,89,0,0,0.022,91,144,-3.46,36,0
1021,68,Mujer,6.9,126,41.7,115,0,0,-0.25,90,130,0.46,36,0
1022,59,Hombre,10.2,116,45.4,464,0,1,-0.662,239,107,-0.66,36,0
1023,66,Hombre,7.4,144,50.1,272,1,0,1.039,769,145,-9.64,29.91,1
1024,76,Hombre,5.6,144,29.1,69,1,0,0.351,98,155,-4.54,36,0
1025,74,Mujer,5.5,119,43.8,162,0,1,-0.07,151,113,-2.82,36,0
1026,69,Hombre,7.7,125,38.9,108,0,0,-0.642,57,132,-2.04,36,0
1027,70,Mujer,6.3,166,45.6,346,1,1,-0.666,178,162,-1.91,36,0
1028,66,Hombre,7.1,143,47.5,24,0,0,0.152,28,149,-3.74,20.44,1
1029,79,Hombre,7.4,119,49.7,618,1,1,-0.509,371,114,-2.96,15.01,1
1030,74,Mujer,7.8,126,35.2,17,0,0,0.717,35,144,-2.31,36,0
1031,60,Hombre,6.5,132,62.3,66,0,0,0.378,96,116,-2.38,36,0
1032,68,Hombre,8.4,133,56.2,57,0,0,-0.046,54,120,-0.44,36,0
1033,74,Hombre,7,139,47.1,147,0,0,-0.592,81,150,-1.39,36,0
1034,59,Mujer,9.8,130,43.2,93,1,0,-0.422,61,140,0.71,36,0
1035,76,Hombre,7.3,98,46,395,1,1,-1.188,120,98,0.76,36,0
1036,60,Mujer,8.3,100,47.3,67,0,0,-0.502,41,107,-1.74,36,0
1037,60,Mujer,6.5,130,59,308,0,0,0.696,618,131,-5.16,36,0
1038,82,Hombre,7.4,130,50.6,93,0,0,0.605,170,133,-4.22,36,0
1039,58,Mujer,7.6,151,48.5,115,0,0,0.962,301,152,-2.88,36,0
1040,63,Hombre,6.5,142,46,59,0,0,-0.675,30,130,-1.37,36,0
1041,72,Hombre,7.9,136,65.2,58,0,0,1.053,166,128,-4.41,36,0
1042,68,Hombre,7.5,158,57,125,1,0,0.489,204,147,-4.42,36,0
1043,64,Mujer,6.8,148,63.5,193,0,1,0.407,290,142,-4.16,36,0
1044,68,Mujer,9.4,156,43.8,454,1,1,-0.117,404,160,-5.03,36,0
1045,72,Hombre,10,136,51.2,649,0,0,0.824,1479,128,-6.18,36,0
1046,60,Hombre,9,149,44.6,224,0,1,0.036,232,140,-2.33,36,0
1047,52,Hombre,9,168,47.5,493,0,0,-0.27,376,176,-3.81,36,0
1048,57,Mujer,6.4,137,59.3,81,0,0,-0.009,80,132,1.07,36,0
1049,62,Mujer,7.9,140,66.8,93,0,1,0.618,173,138,-3.47,36,0
1050,49,Hombre,8.7,160,60.7,877,1,1,0.31,1196,164,-6.66,36,0
1051,63,Mujer,7.4,156,39.4,310,0,1,-1.13,100,159,2.16,36,0
1052,51,Mujer,9.9,132,48.2,161,0,0,0.555,280,130,-3.87,36,0
1053,85,Mujer,7.2,146,24.2,180,1,0,0.001,180,141,-4.99,29.98,1
1054,74,Hombre,7.7,154,40.3,77,0,0,0.923,194,166,-8.18,36,0
1055,81,Hombre,9.4,138,46.7,133,1,1,-0.715,65,130,-1.39,36,0
1056,75,Hombre,9.9,152,35.9,372,1,0,-0.01,368,125,-6.47,36,0
1057,79,Hombre,8.2,105,35.2,429,0,1,-0.998,158,78,1.92,36,0
1058,81,Mujer,8.5,159,25.6,284,1,0,-0.051,270,165,-4.26,36,0
1059,65,Hombre,9,130,20,184,1,0,-0.152,158,137,-4.3,36,0
1060,64,Hombre,7.4,136,51.4,175,0,1,0.471,280,131,-2.21,36,0
1061,48,Mujer,7,141,57.1,38,0,0,-0.357,27,147,-2.38,36,0
1062,82,Mujer,8.6,142,54.3,13,0,0,0.643,25,152,-2.05,36,0
1063,80,Mujer,7.5,150,44.8,33,1,0,0.632,62,145,-2.76,36,0
1064,87,Hombre,5.8,146,20.7,110,0,0,0.156,129,154,-4.89,36,0
1065,59,Mujer,7.7,95,44.1,258,0,0,-0.126,227,112,-2.55,36,0
1066,77,Hombre,5.5,117,42.8,52,1,0,-0.97,20,120,0.48,36,0
1067,57,Hombre,7.5,147,61,58,1,1,-0.389,39,132,0.59,36,0
1068,65,Mujer,8,103,41.3,23,0,0,0.588,41,103,-1.99,36,0
1069,72,Hombre,7.1,130,46,144,0,1,-0.561,82,121,-0.39,36,0
1070,73,Hombre,8.1,127,49.3,51,0,0,0.443,79,123,-2.84,36,0
1071,55,Mujer,6.8,120,43.9,143,0,1,-0.325,103,113,-1.48,36,0
1072,74,Mujer,6.4,124,48.7,123,0,1,-0.593,68,114,0.14,36,0
1073,82,Hombre,7.1,129,43,47,1,1,-0.548,27,122,-1.9,3.03,1
1074,65,Hombre,6.9,127,63,42,0,0,-0.655,22,124,-0.48,36,0
1075,67,Hombre,8.6,128,33.9,256,0,1,-0.329,184,116,-1.45,36,0
1076,55,Mujer,6.2,159,60,8,0,0,0.313,11,157,-0.31,36,0
1077,56,Mujer,9.8,123,39.3,511,0,1,-0.965,195,114,-2.05,36,0
1078,66,Hombre,6.9,136,44.3,204,0,0,0.122,230,136,-1.35,36,0
1079,80,Hombre,7.8,158,38.5,575,0,0,0.618,1066,163,-3.05,36,0
1080,78,Hombre,7.9,128,26.7,313,1,0,0.161,368,131,-4.67,36,0
1081,83,Hombre,7.9,138,26.8,36,1,0,0.228,45,122,-3.49,36,0
1082,49,Hombre,8.8,141,45.7,42,0,0,0.095,46,152,-0.85,36,0
1083,49,Mujer,6.8,147,51,134,0,1,0.438,208,134,-1.94,36,0
1084,72,Hombre,7.3,146,36.9,338,0,0,0.055,357,143,-4.06,36,0
1085,79,Hombre,6.6,124,44.8,119,1,1,-1.228,35,127,-0.62,36,0
1086,70,Hombre,9.4,109,37.1,236,0,0,0.312,322,115,-2.64,36,0
1087,72,Hombre,6.4,132,29.8,37,0,0,0.898,91,125,-1.71,36,0
1088,55,Mujer,6.3,116,36,70,0,1,-0.057,66,121,-0.25,36,0
1089,69,Mujer,8.1,133,33.1,431,1,0,1.101,1296,128,-6.4,5.51,1
1090,60,Hombre,7.6,115,43.5,5,1,0,0.045,5,124,-1,36,0
1091,61,Mujer,5.8,132,51.3,55,0,0,0.712,112,125,-5.22,36,0
1092,84,Mujer,6.9,97,55.3,85,0,0,0.824,194,91,-1.48,36,0
1093,67,Mujer,8.7,133,42.2,140,0,0,-0.097,127,129,-2.79,36,0
1094,55,Hombre,7.5,99,42.2,28,0,0,-0.486,17,91,0.58,36,0
1095,62,Hombre,7.9,118,41.9,362,0,1,-0.003,361,126,-3.79,34.38,1
1096,55,Mujer,8.9,134,34.6,74,0,0,-0.164,63,120,-0.3,36,0
1097,60,Mujer,6.3,128,49.9,168,0,0,-0.395,113,126,-0.86,36,0
1098,71,Hombre,6.9,143,49.1,25,0,1,0.254,32,130,-1.23,36,0
1099,48,Mujer,8.5,122,65.2,1228,0,1,-0.431,798,126,-0.04,36,0
1100,49,Hombre,8.6,110,58.7,53,1,1,-0.278,40,114,-0.19,36,0
1101,57,Hombre,6.5,152,43.8,137,0,0,-0.433,89,147,-0.89,36,0
1102,60,Hombre,7.7,152,43.6,84,0,0,0.7,169,154,-3.17,36,0
1103,56,Mujer,9.1,142,36,138,0,0,-0.093,126,146,-3.6,36,0
1104,76,Mujer,5.5,147,53.5,37,0,0,0.508,61,143,-2.32,36,0
1105,54,Hombre,7.7,123,45.9,98,1,1,0.377,143,120,-2.9,36,0
1106,70,Hombre,8.1,111,51.4,56,0,1,0.368,81,107,-0.37,36,0
1107,82,Hombre,7.4,131,32.4,101,1,0,-0.127,89,144,-4.08,36,0
1108,71,Hombre,10.3,160,57.7,252,1,1,-0.781,115,159,-3.17,36,0
1109,48,Hombre,7.1,151,46.5,109,0,1,-0.856,46,149,2.28,36,0
1110,42,Hombre,7.8,127,50.6,47,0,0,0.843,109,131,-2.82,36,0
1111,63,Mujer,7.7,121,50.5,191,0,1,-0.405,127,110,1.24,36,0
1112,74,Mujer,7.6,154,21.3,796,0,0,-0.697,396,161,-2.64,36,0
1113,60,Hombre,6.7,146,43.9,116,0,0,-0.382,79,152,-1.25,36,0
1114,63,Mujer,7.2,146,38.2,312,0,1,-0.376,214,127,-2.02,36,0
1115,48,Mujer,6.7,143,52.5,259,1,1,-0.363,180,135,-1.06,36,0
1116,63,Hombre,8.3,120,52.7,842,0,1,-0.374,580,112,-0.82,36,0
1117,76,Hombre,8.4,125,47,30,0,0,-0.26,23,123,-1.89,36,0
1118,69,Mujer,6.4,155,38.8,16,0,0,0.052,17,150,-1.91,36,0
1119,74,Hombre,6.7,161,32.7,130,1,0,0.615,241,160,-3.55,36,0
1120,68,Mujer,5.5,160,40.3,239,0,1,0.114,268,156,-3.84,36,0
1121,63,Hombre,7.9,151,43.1,55,0,0,0.896,135,148,-3.98,16.02,1
1122,66,Mujer,6.6,119,32.2,142,0,1,-1.223,42,104,0.15,36,0
1123,55,Mujer,7,126,36.5,212,1,1,-0.362,148,114,0.6,36,0
1124,67,Mujer,8.9,138,59.2,208,0,1,0.936,531,136,-4.15,36,0
1125,68,Mujer,9,132,49.7,83,1,1,-0.004,83,114,-1.5,36,0
1126,63,Mujer,7.1,135,49.6,108,1,0,0.872,258,148,-6.07,36,0
1127,78,Mujer,7.6,144,54.4,32,1,0,-0.475,20,135,-0.91,36,0
1128,55,Mujer,7.8,150,45.8,104,0,1,-0.859,44,144,0.37,36,0
1129,47,Mujer,8.4,124,57.2,1827,0,1,-1,672,119,-0.59,36,0
1130,45,Mujer,7.1,116,54.8,80,1,1,-0.306,59,104,0.08,36,0
1131,56,Mujer,7,109,52.2,191,0,1,-0.896,78,110,2.93,36,0
1132,64,Hombre,8.4,122,40.4,30,0,0,-0.651,16,118,0.7,36,0
1133,58,Mujer,6.5,150,48,290,0,0,-0.19,240,153,-2.18,36,0
1134,73,Hombre,7.4,152,40.5,174,1,0,-0.877,72,147,-0.48,36,0
1135,57,Mujer,6.6,133,42.1,346,0,0,0.029,356,126,-1.86,36,0
1136,56,Mujer,6.8,128,53.4,123,0,0,-0.492,75,143,1.44,36,0
1137,53,Mujer,6.3,154,55.2,31,0,1,0.24,39,138,-0.83,36,0
1138,54,Mujer,5.5,138,49,46,0,0,0.31,63,152,-0.38,36,0
1139,67,Mujer,8,132,45.5,258,0,0,0.745,543,131,-6.42,36,0
1140,84,Mujer,6.6,131,48,109,0,0,0.063,116,138,-2.94,36,0
1141,47,Hombre,8.1,158,56.3,204,1,0,0.047,214,141,-3.01,36,0
1142,63,Hombre,5.6,128,49.2,36,1,0,0.727,74,118,-2.23,36,0
1143,55,Mujer,7.3,148,48.4,173,0,0,-0.187,143,158,-3.25,36,0
1144,73,Mujer,7.3,133,52.2,108,0,0,-0.775,50,131,-2.06,36,0
1145,79,Mujer,7.4,140,36,290,0,0,0.064,309,146,-2.07,36,0
1146,63,Hombre,7.7,125,61.8,24,0,1,-0.371,17,120,1.14,36,0
1147,55,Mujer,8.2,139,54.3,91,0,1,-1.286,25,123,2.25,36,0
1148,64,Hombre,8.2,125,39.5,215,0,0,0.648,411,124,-5.65,36,0
1149,61,Mujer,9.4,138,28.7,88,0,1,-1.257,25,122,0.13,36,0
1150,70,Mujer,5.5,145,43.8,133,1,0,-0.189,110,149,-3.15,36,0
1151,78,Hombre,8,128,40.5,66,0,0,0.172,78,133,-2.91,36,0
1152,68,Mujer,9.1,167,31.7,206,1,0,0.645,393,169,-4.53,36,0
1153,77,Hombre,7,136,31.1,60,0,0,0.824,137,124,-3.66,21.4,1
1154,77,Mujer,6.9,146,57,94,0,1,-0.889,39,141,0.82,36,0
1155,66,Hombre,5.5,122,32,44,1,0,0.162,52,108,-2.03,36,0
1156,75,Hombre,6.1,159,27.1,9,0,0,-0.182,7,157,-0.41,36,0
1157,61,Hombre,8.9,150,52.8,290,0,1,0.13,330,144,-3.07,36,0
1158,63,Mujer,7,134,32.8,73,0,0,0.739,153,145,-5.68,36,0
1159,63,Mujer,7.3,130,52.8,36,1,1,-0.066,34,126,-1.9,36,0
1160,60,Hombre,5.5,151,40.5,54,0,0,-0.27,41,155,-1.83,36,0
1161,79,Mujer,7.8,140,48.6,64,1,0,0.079,69,145,-3.74,36,0
1162,90,Mujer,6.4,161,39.4,433,1,1,0.062,461,149,-3.62,36,0
1163,51,Mujer,9.5,145,66,25,0,1,0.327,35,144,-1.9,36,0
1164,56,Mujer,5.5,157,58.9,269,0,1,-0.728,130,166,-0.75,36,0
1165,50,Hombre,7.8,121,55.3,144,0,0,-0.447,92,125,0.22,36,0
1166,66,Mujer,8.3,127,38.2,244,0,0,0.112,273,120,-3.98,23.07,1
1167,55,Mujer,7.9,131,47.6,205,0,0,0.114,230,128,-2.77,36,0
1168,56,Mujer,7.1,164,51.5,109,0,1,-0.279,82,160,-1.18,36,0
1169,61,Mujer,8.1,138,45.6,249,1,1,-0.598,137,135,-1.72,36,0
1170,83,Mujer,9.7,138,30.2,908,0,0,1.352,3511,129,-7.39,36,0
1171,76,Hombre,5.6,128,25.4,38,1,0,-0.62,20,134,0.46,36,0
1172,74,Mujer,7.9,125,32.2,76,0,0,-0.612,41,124,1.04,36,0
1173,66,Hombre,7.6,145,34.2,755,1,1,-0.909,304,142,-3.22,36,0
1174,56,Hombre,8,154,40.4,60,0,0,0.261,78,145,-3.72,36,0
1175,67,Hombre,8.9,166,30.3,166,0,0,0.458,262,165,-5.31,36,0
1176,69,Hombre,9.2,135,42.8,15,0,0,0.498,25,152,-2.07,26.91,1
1177,72,Mujer,6.1,116,42.7,16,0,0,-0.786,7,109,0.05,36,0
1178,56,Hombre,7,109,40.4,165,0,1,-0.201,135,95,-0.07,36,0
1179,52,Hombre,8.9,124,51.9,150,1,1,-0.677,76,120,-0.67,36,0
1180,70,Hombre,7.4,129,38.7,149,0,1,-1.127,48,130,2.22,36,0
1181,62,Mujer,5.8,132,42.9,407,0,0,-0.095,370,123,-2.3,36,0
1182,64,Mujer,8.3,146,53,427,0,1,0.19,516,142,-3.03,36,0
1183,67,Hombre,7.4,132,33.8,217,0,1,-0.698,108,112,-1.67,26.66,1
1184,72,Hombre,8.3,124,72.2,69,0,1,-0.278,52,118,-0.99,36,0
1185,73,Hombre,8,158,52.5,443,0,0,-0.276,336,157,-1.37,36,0
1186,71,Hombre,7.1,144,39.8,57,0,0,-0.791,26,149,1.29,36,0
1187,64,Mujer,8.5,98,50.2,17,0,0,1.128,53,98,-3.88,36,0
1188,63,Hombre,6.9,153,43,221,1,1,0.868,527,143,-2.15,13.94,1
1189,69,Hombre,7.8,150,43.2,1866,0,1,-0.021,1828,143,-4.77,36,0
1190,90,Mujer,9.5,137,41.2,282,0,0,-0.274,214,139,-4.48,36,0
1191,62,Hombre,7.4,137,54,71,0,0,1.05,203,140,-3.55,36,0
1192,81,Mujer,7.1,151,20,222,1,0,-0.012,219,145,-2.54,36,0
1193,59,Hombre,10.4,128,55.7,176,0,1,-0.033,170,118,-2.79,36,0
1194,67,Mujer,9,136,41.2,142,1,1,-0.062,133,135,-3.05,36,0
1195,68,Hombre,7.1,124,65.4,241,0,1,-0.656,125,116,1.47,36,0
1196,60,Hombre,7.1,132,37.4,72,0,0,0.298,97,132,-4.3,36,0
1197,49,Mujer,7.7,130,54.6,105,0,1,-0.175,88,132,-1.07,36,0
1198,69,Hombre,7.2,127,43.8,18,0,0,1.2,60,148,-5.87,36,0
1199,56,Hombre,6,119,36.1,43,0,0,-0.707,21,131,1.18,36,0
1200,55,Hombre,8.8,139,40,304,0,1,-0.027,296,121,-2.05,36,0
1201,64,Mujer,7.8,152,62.7,295,0,0,-0.941,115,156,-2.67,36,0
1202,50,Mujer,7,126,56.7,159,0,1,-1.756,27,124,2.99,36,0
1203,83,Hombre,9.6,127,46.2,142,1,0,0.072,153,116,-3.51,36,0
1204,75,Hombre,6.2,161,27.1,74,1,0,0.33,103,161,-5.03,36,0
1205,61,Mujer,5.8,138,54.1,104,1,1,-0.629,55,127,-0.85,36,0
1206,60,Mujer,8.3,140,48.2,75,0,0,1.296,274,137,-5.55,36,0
1207,56,Hombre,8.2,113,36.6,60,1,0,-0.609,33,88,0.25,36,0
1208,69,Hombre,8.5,130,39.9,199,0,0,-1.13,64,126,-1.16,36,0
1209,82,Mujer,9.1,139,38.3,635,1,1,0.323,877,120,-4.15,36,0
1210,63,Mujer,6.2,168,50.3,112,0,0,-0.66,58,171,-0.77,36,0
1211,62,Mujer,6.6,117,51.5,105,0,0,-0.294,78,119,0.2,36,0
1212,67,Hombre,6.9,149,45.2,216,0,1,-0.004,215,133,-3.22,36,0
1213,72,Mujer,6.5,123,70.5,99,1,1,-0.625,53,119,-1.1,36,0
1214,38,Mujer,7.5,125,41.4,400,0,1,0.03,412,122,-1.95,36,0
1215,67,Mujer,8.9,134,43.8,410,0,0,0.693,820,130,-4.9,36,0
1216,83,Mujer,6.8,148,51.3,56,1,0,0.05,59,153,-2.11,36,0
1217,76,Hombre,6.4,135,37,96,0,1,0.348,136,135,-0.47,36,0
1218,63,Hombre,7.3,132,44.3,101,1,1,-0.952,39,128,-0.42,36,0
1219,76,Mujer,6.7,145,39.5,22,1,0,0.08,24,140,-4.58,36,0
1220,54,Hombre,10.5,119,29.9,146,0,0,0.201,178,129,-3.49,36,0
1221,51,Mujer,9.2,134,42.2,134,0,1,-0.41,89,137,-1.69,36,0
1222,57,Hombre,7.2,125,36.3,124,0,1,-0.145,107,119,0.23,36,0
1223,62,Mujer,6.7,138,53.5,99,0,0,-0.57,56,152,-1.77,36,0
1224,56,Mujer,6.9,116,54.3,68,1,0,-0.634,36,118,-0.84,36,0
1225,61,Mujer,9.5,108,32.5,109,0,0,-0.054,103,123,-0.69,36,0
1226,65,Hombre,7.3,133,43.8,214,0,0,-0.293,160,126,-3.67,36,0
1227,53,Mujer,8.4,133,43.4,247,0,1,-0.788,112,126,-0.98,36,0
1228,62,Hombre,5.5,128,57.7,15,1,1,-0.227,12,126,0.91,36,0
1229,65,Hombre,8.8,153,45,63,1,1,-0.565,36,149,-2.57,36,0
1230,62,Mujer,7,144,46.7,123,0,0,0.347,174,131,-1.57,36,0
1231,57,Hombre,7.5,152,44.3,304,1,1,-0.763,142,163,1.61,36,0
1232,77,Hombre,7.7,135,31.9,391,1,0,-0.413,259,136,-2.34,36,0
1233,68,Mujer,7.5,116,42.3,231,0,1,-0.116,206,99,-1.32,36,0
1234,54,Hombre,8.6,148,56,94,1,1,-0.342,67,143,-3.05,36,0
1235,70,Mujer,8.5,145,39.9,217,0,1,-0.421,142,133,-2.83,36,0
1236,67,Hombre,7.3,151,49.5,55,1,1,-0.065,52,141,-1.5,36,0
1237,53,Mujer,8,133,42.1,49,0,0,0.141,56,149,-3.42,36,0
1238,62,Mujer,6.4,129,61,38,1,1,0.695,76,126,-2.27,36,0
1239,59,Mujer,6.6,103,51.2,93,0,0,-0.656,48,109,0.24,36,0
1240,64,Hombre,8.5,134,33,65,1,1,0.393,96,131,-3.03,36,0
1241,82,Mujer,6.6,143,46.5,316,0,0,-0.589,175,142,-1.82,36,0
1242,70,Hombre,7.7,122,49.4,144,0,0,-0.551,83,129,-1.43,36,0
1243,63,Mujer,9.6,138,57.9,121,0,1,-0.159,103,121,-1.17,36,0
1244,71,Hombre,7.4,142,39.8,103,1,0,0.157,121,136,-2.85,36,0
1245,56,Mujer,7.3,108,74.5,90,1,1,-0.054,85,108,0.53,36,0
1246,73,Mujer,7,120,38.7,22,0,0,0.288,29,122,-0.94,12.98,1
1247,68,Hombre,8.3,152,41.9,236,0,0,0.154,275,155,-4.58,36,0
1248,54,Mujer,8.3,145,56.9,688,0,1,-0.053,652,127,-0.37,36,0
1249,68,Mujer,9.6,144,47.5,133,0,1,-0.06,125,125,-1.06,36,0
1250,62,Hombre,8.7,116,38.1,158,0,0,0.797,351,117,-4.68,36,0
1251,48,Hombre,9.7,136,59.9,222,0,1,-0.119,197,129,-2.44,36,0
1252,57,Hombre,8.2,114,44.9,218,0,1,-0.256,169,101,-0.26,36,0
1253,83,Hombre,5.5,159,39.1,90,0,0,0.449,141,157,-5.52,36,0
1254,55,Mujer,5.6,125,47.3,78,0,1,-1.107,26,117,3.34,36,0
1255,59,Hombre,5.7,104,43.4,95,0,1,0.064,101,101,-0.26,36,0
1256,60,Mujer,6.3,141,45.4,127,0,0,-1.108,42,163,0.81,36,0
1257,60,Mujer,6.5,131,36.6,288,0,0,0.28,381,128,-3.11,36,0
1258,63,Hombre,7.8,133,45.6,181,1,0,0.858,427,125,-3.98,36,0
1259,63,Hombre,6.4,132,47.4,867,0,1,-0.036,836,123,-1.99,36,0
1260,67,Hombre,9.4,151,31.5,1034,0,0,0.337,1449,168,-4.23,36,0
1261,70,Mujer,5.5,137,53.9,161,1,1,-1.168,50,141,2.89,36,0
1262,80,Hombre,8.2,144,34.3,217,1,0,0.639,411,131,-3.21,36,0
1263,48,Mujer,6.3,127,54.2,37,0,0,0.381,54,121,-2.13,36,0
1264,56,Hombre,10.1,138,53.5,308,1,1,-0.279,233,120,-3.22,36,0
1265,57,Mujer,9.3,158,63,265,0,1,-0.274,201,155,-0.68,36,0
1266,72,Hombre,9.6,125,34.8,48,0,0,0.004,48,137,-3.78,36,0
1267,65,Mujer,6.4,131,49,33,0,1,-0.345,23,136,0.14,36,0
1268,74,Hombre,8.4,151,59.4,34,1,0,-0.161,29,139,-0.83,36,0
1269,57,Hombre,5.5,112,43.6,69,0,1,-1.186,21,105,1.6,36,0
1270,87,Hombre,8.6,130,27.7,313,0,0,-0.64,165,129,-2.69,36,0
1271,70,Hombre,6.7,133,38.1,137,1,0,0.005,138,123,-1.87,36,0
1272,57,Hombre,6.5,114,56.4,3,0,0,1.48,13,108,-2.84,36,0
1273,31,Hombre,8.4,123,52,96,0,1,0.376,140,107,-0.04,36,0
1274,71,Hombre,9.5,124,32.8,814,1,0,-1.582,167,135,0.94,36,0
1275,82,Mujer,8.6,151,35.6,39,1,0,0.823,89,150,-3.48,19.99,1
1276,66,Mujer,7.4,153,46.6,187,0,0,1.081,551,159,-4.7,16.74,1
1277,64,Hombre,9.1,154,48.5,45,0,1,-0.263,35,146,-2.15,36,0
1278,70,Hombre,7.4,150,44,37,0,0,0.056,39,139,-3.02,36,0
1279,72,Mujer,8.8,154,57.9,1331,0,1,-0.432,864,139,-2.33,36,0
1280,68,Hombre,7.9,116,57.7,15,0,0,-0.282,11,115,0.64,36,0
1281,74,Hombre,8.3,155,41,89,0,0,0.243,113,166,-5.17,36,0
1282,68,Mujer,7,133,31,268,0,0,-0.009,265,128,-2.46,36,0
1283,57,Hombre,8.1,98,58.7,135,0,1,-1.735,24,92,2.33,36,0
1284,58,Hombre,6.3,140,45.7,202,0,0,0.758,431,142,-1.27,36,0
1285,68,Mujer,8.2,112,40.8,85,0,0,-0.002,85,98,-2.94,36,0
1286,54,Mujer,7.8,127,51.2,63,0,1,-0.247,49,111,0.13,36,0
1287,78,Hombre,6.8,131,40.5,108,1,1,-0.08,100,124,-2.81,36,0
1288,68,Hombre,6.3,155,33,75,0,0,0.609,138,156,-4.6,36,0
1289,68,Mujer,7.3,130,36.8,196,0,0,0.268,256,136,-4.27,27.35,1
1290,84,Hombre,7.1,142,34.6,93,0,0,-0.47,58,132,0.2,36,0
1291,64,Mujer,9.7,116,28.7,390,1,1,-0.238,307,105,-1.29,36,0
1292,76,Hombre,6.4,144,48.2,106,0,1,0.433,163,141,-0.72,36,0
1293,75,Mujer,6.7,168,51.5,156,1,0,0.698,313,190,-4.09,36,0
1294,66,Hombre,7,127,34.9,17,0,0,1.658,89,140,-3.93,36,0
1295,55,Mujer,9.2,112,66.4,65,0,1,-1.033,23,117,2.41,36,0
1296,70,Mujer,7.9,142,45.8,618,0,1,-0.416,408,147,0.03,36,0
1297,52,Mujer,8.7,152,47.7,618,0,1,0.142,712,141,-3.05,36,0
1298,53,Hombre,7.7,141,48.7,1776,1,1,-0.16,1514,139,-5.58,6.35,1
1299,86,Hombre,7.1,137,50.6,106,0,0,-0.178,89,133,-1.9,36,0
1300,46,Mujer,7.2,119,32.3,110,0,0,0.337,154,115,-3.62,36,0
1301,61,Hombre,7.6,117,46.2,47,0,0,-0.573,27,115,2.1,36,0
1302,58,Hombre,10.4,132,39.9,455,0,1,-0.703,225,113,-1.56,36,0
1303,58,Hombre,7.3,139,44.1,66,0,0,-0.302,49,137,-0.85,36,0
1304,82,Hombre,6.7,136,31,70,0,0,0.103,78,130,-3.14,36,0
1305,83,Hombre,6.1,149,47.4,306,0,0,-0.61,166,159,-1.8,36,0
1306,62,Mujer,6.5,137,48.9,160,0,0,-0.363,111,142,-2.36,36,0
1307,61,Hombre,9.1,116,63.7,45,0,1,-0.113,40,111,0.23,36,0
1308,65,Hombre,8.6,162,48.3,104,0,0,0.514,174,165,-6.43,36,0
1309,57,Hombre,7.3,139,56.9,7,0,0,0.814,16,139,-2.09,36,0
1310,65,Hombre,8.2,158,47.5,117,0,1,-0.012,116,150,-2.16,36,0
1311,74,Mujer,9.3,137,53.6,64,0,1,0.868,152,128,-3.17,36,0
1312,59,Hombre,8.9,135,34.4,119,1,0,-0.789,54,138,-3.38,36,0
1313,67,Hombre,7.9,143,44,199,0,0,0.048,209,160,-4.77,36,0
1314,81,Mujer,6.3,130,40,347,1,1,0.068,371,123,-3.62,36,0
1315,55,Hombre,7.6,134,49.7,38,0,1,0.136,44,126,-2.06,3.6,1
1316,49,Hombre,7.7,153,56.6,117,0,0,0.116,131,152,-1.86,36,0
1317,67,Hombre,9.9,127,49.6,354,1,1,-0.236,280,122,-1.98,36,0
1318,53,Mujer,6.4,131,54.6,228,0,1,0.94,584,120,-0.81,36,0
1319,63,Hombre,6.3,119,46.4,51,0,0,-0.262,39,127,-1.42,36,0
1320,61,Hombre,6.9,114,64.1,11,0,0,0.839,25,126,-0.55,36,0
1321,56,Mujer,8.4,128,59.4,93,0,1,-0.387,63,126,2.33,36,0
1322,64,Mujer,7.6,133,38,80,0,0,0.306,109,144,-3.18,36,0
1323,50,Mujer,5.7,166,59.5,65,0,1,0.278,86,163,0.47,36,0
1324,87,Hombre,9.2,131,44.3,267,1,0,0.796,592,134,-4.83,36,0
1325,60,Hombre,8.4,144,66.8,150,0,1,-0.591,83,131,0.39,36,0
1326,76,Hombre,8,129,47.4,51,1,0,0.131,58,120,-3.81,36,0
1327,45,Mujer,8.8,103,51.8,25,0,0,0.81,56,101,-4.57,36,0
1328,81,Mujer,7.5,138,32.6,117,1,0,0.162,138,144,-2.34,36,0
1329,68,Hombre,8.7,143,52,27,0,0,0.222,34,138,-1.16,36,0
1330,33,Mujer,5.5,139,66,57,0,0,0.222,71,143,-0.87,36,0
1331,44,Hombre,8.7,108,47.3,269,0,1,-0.998,99,101,-1.36,36,0
1332,61,Mujer,5.5,140,35.3,79,0,0,-0.146,68,143,-0.61,36,0
1333,79,Mujer,8.3,137,42.4,58,0,1,-0.263,45,135,-2.82,36,0
1334,69,Hombre,9.1,129,53.1,258,1,0,0.125,292,120,-2.66,36,0
1335,65,Hombre,8.4,139,59.5,154,0,0,0.682,304,135,-4.26,36,0
1336,49,Hombre,6.8,126,57.4,100,0,1,-1.051,35,133,1.51,36,0
1337,75,Mujer,7,131,35.7,155,0,1,0.64,294,125,-2.68,36,0
1338,67,Hombre,9,139,27.3,201,0,0,-0.226,160,156,-1.64,36,0
1339,70,Hombre,7.4,146,37.7,118,0,0,0.677,232,149,-4.32,36,0
1340,63,Hombre,7.8,115,43.7,282,1,1,-0.477,175,111,-4.19,36,0
1341,79,Hombre,5.5,122,40.3,123,0,1,-0.113,110,112,-1.27,36,0
1342,53,Mujer,9.6,150,49.8,744,1,1,0.013,754,139,-1.72,6.24,1
1343,69,Hombre,6.9,117,33.6,97,0,0,-1.148,31,114,1.52,36,0
1344,54,Mujer,8.5,140,49.4,17,0,1,-0.636,9,115,1.92,36,0
1345,61,Hombre,6.7,134,54.8,58,0,1,-0.318,42,137,0.1,36,0
1346,62,Hombre,9.1,134,46.9,166,1,0,0.037,172,123,-4.1,36,0
1347,60,Mujer,6.2,164,36,595,0,0,-0.247,465,181,-3.1,36,0
1348,57,Hombre,7,119,42.8,139,0,0,-0.899,57,115,1.45,36,0
1349,49,Mujer,8.3,124,32.4,105,0,0,0.189,127,114,-2.15,23.63,1
1350,54,Mujer,6.2,121,52.7,5,1,0,0.508,8,116,-2.02,36,0
1351,59,Mujer,8.9,140,44.4,79,0,0,0.19,96,141,-1.94,36,0
1352,61,Hombre,7.7,125,43.2,28,0,0,0.056,30,134,-0.43,36,0
1353,61,Mujer,7.1,109,51.7,80,0,0,-0.549,46,121,-0.53,36,0
1354,70,Mujer,8.7,136,46,115,1,0,0.131,131,132,-4.19,36,0
1355,41,Hombre,8.1,137,53.3,39,0,1,0.15,45,128,-0.76,36,0
1356,73,Hombre,9.9,152,26.4,84,0,0,1.165,269,152,-5.47,36,0
1357,58,Hombre,8.2,135,46.9,237,0,1,-0.853,101,123,-3.46,36,0
1358,72,Hombre,6.8,126,42.7,154,0,1,-0.078,143,127,-1.67,36,0
1359,63,Mujer,5.5,132,36.5,20,0,1,-0.016,20,120,-0.55,36,0
1360,71,Hombre,7.2,145,48.9,116,0,1,-0.227,92,139,-0.87,36,0
1361,77,Hombre,8.2,160,35.9,137,1,0,0.765,294,147,-5.63,2.8,1
1362,75,Hombre,7.9,109,48.4,67,1,1,-0.663,35,96,-1.54,36,0
1363,73,Hombre,6.3,138,54.7,25,0,0,-0.178,21,154,-0.4,36,0
1364,52,Hombre,10.1,95,67.8,36,0,1,0.067,38,100,-1.53,36,0
1365,61,Hombre,5.5,136,51.3,102,0,1,-1.926,15,135,2.94,36,0
1366,62,Hombre,6.9,121,56.1,54,0,0,0.404,81,126,-2.54,13.96,1
1367,71,Hombre,7,174,34.1,40,0,1,-0.309,29,161,-1.55,36,0
1368,67,Hombre,7.6,129,40.9,49,1,0,0.568,86,132,-3.13,36,0
1369,62,Mujer,7.7,122,50.3,145,0,1,0.394,215,119,0.22,36,0
1370,76,Hombre,7.3,167,21,294,1,0,0.875,705,169,-8.07,36,0
1371,64,Mujer,6.4,110,46.5,164,1,0,-0.29,123,117,-3.24,36,0
1372,53,Hombre,6,131,51.7,46,0,0,-0.099,42,138,0.65,36,0
1373,66,Mujer,11.2,150,37.5,45,0,1,-0.056,43,136,-2.82,36,0
1374,41,Hombre,9.3,128,54.4,214,0,1,-1.006,78,124,2.16,36,0
1375,68,Mujer,8.3,152,39.8,511,0,1,0.111,571,141,-3.64,36,0
1376,63,Mujer,8.6,134,50.3,95,0,0,-0.155,81,130,-4.05,36,0
1377,77,Mujer,8.9,132,36.5,21,0,0,-0.007,21,144,0.21,36,0
1378,69,Mujer,7.3,157,62.4,15,0,0,-0.443,10,164,-0.56,36,0
1379,90,Mujer,7.5,153,28.1,296,1,0,-0.594,163,154,-3.8,36,0
1380,57,Hombre,7.5,114,45,196,0,1,-0.156,168,111,-3.2,36,0
1381,59,Hombre,5.6,142,43,82,1,1,-0.396,55,138,-0.81,36,0
1382,76,Mujer,8.6,145,51,266,1,1,-0.649,139,143,-3.25,36,0
1383,76,Mujer,9.1,117,49.4,171,0,0,0.107,190,122,-1.81,36,0
1384,55,Mujer,7.8,131,58.7,179,1,1,-0.293,133,144,-1.83,36,0
1385,68,Mujer,5.5,112,68.4,54,0,0,-0.018,53,115,-2.47,36,0
1386,60,Mujer,8.1,147,48.1,114,0,1,0.086,124,147,-1.03,36,0
1387,70,Hombre,6.9,144,44.1,61,0,0,0.23,77,152,-0.74,36,0
1388,54,Hombre,7.7,114,56.8,45,0,0,-0.336,32,105,0.63,36,0
1389,68,Mujer,7.6,144,44,74,0,0,-0.352,52,146,-4.46,36,0
1390,82,Hombre,6.3,110,56.9,28,0,0,0.354,40,97,-1.14,36,0
1391,51,Mujer,7.2,113,63.8,19,1,1,-1.27,5,113,3.03,36,0
1392,63,Hombre,8.8,133,29.3,248,0,1,-1.325,66,121,-0.55,36,0
1393,66,Mujer,8,139,45.1,49,0,1,0.276,65,137,-1.93,36,0
1394,76,Hombre,7.5,116,34,68,0,0,0.205,83,123,-0.07,36,0
1395,58,Mujer,8.6,153,46.6,197,0,1,0.751,417,154,-5.21,36,0
1396,43,Hombre,8,116,52.4,81,1,1,0.233,102,109,-2.04,36,0
1397,77,Mujer,8.1,112,55.3,34,1,1,0.127,39,100,-0.83,36,0
1398,82,Mujer,8.8,130,25.8,41,1,0,0.373,60,128,-2.21,36,0
1399,75,Mujer,7.7,121,36.3,82,1,0,-0.05,78,121,-1.65,36,0
1400,57,Hombre,8,134,56.1,138,0,0,-0.938,54,123,-2.13,36,0
1401,59,Hombre,8.4,110,42.4,47,0,1,0.223,59,103,-1.69,36,0
1402,75,Mujer,8.7,138,23.5,200,0,0,-0.031,194,131,-4.67,13.44,1
1403,66,Mujer,8.8,135,33.2,71,0,0,0.298,96,124,-3.29,36,0
1404,65,Hombre,9.7,110,43.3,52,1,0,0.362,75,112,-4.34,30.24,1
1405,74,Mujer,8.6,131,33.6,268,0,1,0.05,282,131,-3.28,36,0
1406,48,Hombre,8.3,124,40.9,92,0,1,-0.97,35,123,-0.54,36,0
1407,80,Hombre,8.3,128,41.4,253,0,0,-1.189,77,127,-1.26,36,0
1408,57,Hombre,6.1,143,27.4,34,0,1,-0.184,28,142,-1.37,36,0
1409,76,Hombre,8.9,148,33,1100,1,1,0.11,1228,136,-5.63,0.12,1
1410,52,Mujer,7.7,139,48,78,0,1,-0.007,77,151,-3.06,36,0
1411,58,Mujer,6.6,131,49.6,84,0,0,1.246,292,135,-1.71,36,0
1412,89,Hombre,7,153,37.7,473,1,0,0.245,604,155,-4,36,0
1413,44,Mujer,7.6,110,48.3,32,0,0,-0.073,30,111,2.7,36,0
1414,62,Hombre,7.3,141,36.3,22,0,0,0.073,24,149,-4.54,36,0
1415,71,Hombre,6.7,124,48.8,225,1,1,-0.312,165,117,-1.06,36,0
1416,45,Hombre,7.4,127,58,60,0,1,-0.419,39,131,0.53,36,0
1417,69,Hombre,6.3,138,38.8,274,0,0,-0.141,238,138,-0.41,36,0
1418,82,Mujer,7.8,119,48.6,26,0,0,0.762,56,130,-5.62,36,0
1419,60,Mujer,7.7,128,47.6,152,0,0,-0.254,118,132,-0.76,36,0
1420,72,Mujer,8.4,133,46.5,134,0,1,-0.464,84,129,-1.55,36,0
1421,72,Mujer,8.2,135,46.3,22,0,0,0.537,38,134,-1.06,36,0
1422,90,Hombre,6.9,133,53.8,137,0,0,0.45,215,134,-4.16,36,0
1423,65,Mujer,12,131,21,768,1,1,0.111,858,128,-2.74,31.04,1
1424,71,Hombre,8.2,143,35.5,1274,1,1,-0.733,612,149,-2.88,36,0
1425,57,Mujer,9.4,146,57,310,0,1,-0.218,249,140,-3.24,36,0
1426,84,Mujer,5.9,145,32,821,0,1,-0.05,781,140,-5.91,36,0
1427,61,Mujer,7.3,140,57.5,362,0,1,-0.762,169,137,0.08,36,0
1428,71,Hombre,6.4,144,44.9,95,0,0,-0.546,55,141,0.07,36,0
1429,56,Hombre,7.1,123,53,210,0,1,-1.061,73,102,0.67,36,0
1430,69,Hombre,8.9,126,31.9,216,1,1,0.287,288,112,-2.88,36,0
1431,78,Hombre,8.2,138,50.2,150,1,1,-1.029,54,122,-1.38,36,0
1432,60,Hombre,6.7,132,50.4,169,0,1,-0.88,70,111,-1.27,36,0
1433,74,Hombre,8.4,155,41.4,625,0,0,-0.131,548,145,-5.07,36,0
1434,62,Mujer,6,133,43.3,201,1,1,0.096,221,116,-1.83,36,0
1435,68,Mujer,9.5,138,45.8,98,1,0,-0.561,56,136,-2.43,36,0
1436,64,Hombre,8.2,163,48,721,0,1,-0.461,455,144,-2.69,36,0
1437,59,Mujer,8.6,124,42.4,15,0,0,-0.071,14,129,0.04,36,0
1438,77,Mujer,9.5,130,34.6,82,0,1,-0.75,39,125,-2.6,36,0
1439,61,Hombre,9.5,122,42,467,1,1,-0.182,389,123,-3.91,36,0
1440,57,Mujer,7.8,104,52.1,94,0,0,-0.381,64,105,0.16,36,0
1441,67,Mujer,8,156,38.4,547,0,0,0.428,840,155,-4.83,36,0
1442,66,Mujer,6.6,128,44.9,343,0,1,-1.143,109,134,1.45,36,0
1443,73,Mujer,6.4,139,33.8,456,0,0,0.006,459,148,-5.39,36,0
1444,66,Mujer,8.9,161,43.5,24,0,0,-0.088,22,161,-2.05,36,0
1445,85,Mujer,7.6,152,47.6,51,1,0,1.373,201,158,-6.86,36,0
1446,61,Mujer,8.3,120,41.6,375,0,0,-0.524,222,130,-3.23,36,0
1447,56,Mujer,8.8,148,32.9,66,0,0,-0.004,66,148,-2.93,36,0
1448,90,Mujer,9,122,38.7,195,0,1,-0.477,121,119,-2.21,36,0
1449,64,Mujer,5.5,136,57.7,303,0,0,-0.14,264,135,-3.62,36,0
1450,64,Mujer,6.7,98,44.2,92,0,1,-1.824,15,102,3.41,36,0
1451,44,Mujer,8.1,147,65.2,18,0,0,1.358,70,143,-3.29,36,0
1452,57,Hombre,8.1,135,48.1,225,0,1,0.427,345,135,-0.12,36,0
1453,73,Mujer,7.6,153,21.1,63,0,0,-0.722,31,158,-3.25,36,0
1454,74,Mujer,8.6,137,50,257,0,1,-0.705,127,122,0.17,36,0
1455,47,Hombre,7.1,95,43.9,73,0,0,0.068,78,96,0.81,36,0
1456,64,Hombre,6.8,137,33.3,134,1,0,-0.354,94,157,-5.53,36,0
1457,68,Mujer,6.5,123,49.1,128,0,1,0.083,139,141,-2.62,36,0
1458,57,Mujer,6.5,104,44.6,70,0,0,0.387,103,89,-2.82,36,0
1459,85,Mujer,10,110,35.3,145,0,0,0.219,181,113,-1.03,36,0
1460,77,Hombre,7.6,156,32,491,0,1,-0.235,388,158,-0.5,15.01,1
1461,56,Mujer,9.6,113,58.3,130,0,1,-0.12,115,108,1.68,36,0
1462,56,Hombre,5.5,134,38.9,35,0,0,0.229,44,141,-1.42,36,0
1463,52,Mujer,7.4,142,47.2,26,0,0,-0.101,23,123,-1.69,36,0
1464,61,Hombre,9.6,95,53.1,63,0,1,-0.02,62,84,-2.46,36,0
1465,74,Mujer,10,151,37.5,66,1,1,0.375,96,144,-1.09,36,0
1466,61,Mujer,8.3,130,43.4,220,1,0,0.393,326,134,-2.01,36,0
1467,69,Hombre,7.1,149,44.3,352,1,0,0.374,512,145,-6.87,36,0
1468,62,Hombre,8,125,45.8,50,0,0,-0.542,29,125,-0.11,36,0
1469,58,Mujer,6.8,127,33.1,489,0,1,-1.013,178,111,-0.83,36,0
1470,73,Hombre,9.6,167,49,3196,0,1,0.049,3357,164,-4.4,36,0
1471,78,Mujer,8,142,45.2,66,1,0,-0.115,59,147,-5.18,14.31,1
1472,54,Hombre,8.3,123,34.6,26,1,0,0.799,58,117,-1.89,36,0
1473,54,Hombre,7.8,113,70.3,37,0,1,-1.181,11,104,2.45,36,0
1474,69,Hombre,6.9,126,54.7,55,0,0,-0.626,29,138,0.27,36,0
1475,63,Hombre,8.9,141,47.1,245,1,1,-0.481,151,149,-1.23,36,0
1476,69,Hombre,7,158,33.5,85,0,1,-0.717,41,165,1.35,36,0
1477,60,Mujer,8.2,120,49.6,42,1,0,-0.522,25,114,-0.73,36,0
1478,73,Hombre,8.1,129,42,140,0,0,0.355,200,112,-3.07,36,0
1479,72,Hombre,8.4,151,35.3,316,0,1,-0.494,193,142,-1.25,36,0
1480,86,Mujer,8.8,142,30.1,143,0,0,0.06,152,147,-3.65,33.44,1
1481,54,Hombre,7.4,143,50.8,55,1,0,0.152,64,156,-2.07,36,0
1482,66,Hombre,9.8,162,40.8,1144,0,1,-0.4,766,155,-3.78,36,0
1483,57,Mujer,8.5,124,39,45,1,0,0.295,60,115,-4.11,36,0
1484,56,Mujer,6.8,134,46,44,0,1,-0.207,36,120,0.78,36,0
1485,66,Mujer,5.6,146,50,137,0,1,-0.457,87,132,0.71,36,0
1486,69,Mujer,8.2,124,45.3,140,0,0,0.401,209,123,-2.95,36,0
1487,69,Hombre,8.7,146,48,20,1,0,0.098,22,145,-3.1,36,0
1488,62,Hombre,8.8,141,52.3,199,0,0,-0.313,146,142,-1.04,36,0
1489,63,Mujer,7.1,160,42.6,148,0,0,0.444,231,161,-3.58,36,0
1490,73,Mujer,7.6,117,47.7,488,0,1,-0.515,292,107,-1.08,36,0
1491,51,Hombre,8.9,155,56.1,1398,0,1,-0.336,999,152,-2.57,36,0
1492,61,Mujer,6,143,44.2,244,0,1,-0.165,207,124,-1.96,36,0
1493,58,Hombre,6.9,152,42.6,147,0,0,0.173,175,148,-3.65,36,0
1494,59,Hombre,8.2,111,50.9,256,0,0,-0.3,190,122,-0.05,36,0
1495,49,Mujer,6.5,113,60.5,20,0,0,-0.292,15,109,1.01,36,0
1496,70,Mujer,7.7,145,39.8,70,0,0,-0.007,70,152,-3.33,36,0
1497,56,Mujer,8.6,135,52.3,50,0,0,1.308,185,140,-2.41,5.67,1
1498,62,Hombre,7.4,134,25.3,171,0,0,0.437,265,132,-2.31,36,0
1499,65,Hombre,6.8,142,49.9,82,1,0,0.18,98,142,-6.4,36,0
1500,55,Hombre,6.4,122,40.4,174,0,1,-1.711,31,104,3.02,36,0
1501,57,Mujer,8,171,22.7,126,0,0,-0.007,125,168,-1.63,36,0
1502,78,Mujer,8.2,139,54.9,118,0,0,0.749,250,145,-4.09,36,0
1503,54,Hombre,7.1,159,38.7,101,1,0,0.199,123,164,-3.99,36,0
1504,60,Mujer,8.3,147,52,90,0,0,-0.178,75,142,-1.41,36,0
1505,55,Mujer,8,123,47.6,99,0,1,0.106,110,114,-1.42,36,0
1506,68,Mujer,9.3,120,34.1,457,0,1,-0.251,356,116,-2.04,36,0
1507,71,Mujer,8.6,147,41.5,227,1,0,0.102,251,130,-4.43,36,0
1508,62,Hombre,6.3,137,45.1,157,0,0,0.969,414,145,-4.44,36,0
1509,60,Hombre,6.5,172,40.3,204,0,0,0.54,350,190,-4.6,36,0
1510,82,Mujer,7.9,122,44.2,119,0,0,0.602,217,120,-5.5,2.55,1
1511,57,Mujer,7.9,122,49.4,35,1,1,0.312,48,123,-0.14,36,0
1512,57,Hombre,9.3,128,52.9,196,1,1,-0.215,158,136,-3.45,8.43,1
1513,59,Hombre,6.7,149,55.4,130,0,0,0.016,132,144,-2.72,36,0
1514,71,Hombre,7.6,131,38.6,18,0,0,-0.27,14,129,-0.54,36,0
1515,48,Mujer,8,127,53.3,47,0,1,-0.488,29,123,0.38,36,0
1516,85,Hombre,7.9,139,44.1,458,1,0,0.003,460,154,-4.43,36,0
1517,61,Hombre,8.7,143,34.3,169,1,0,-0.637,89,134,0.17,36,0
1518,57,Mujer,8.1,146,34.3,314,0,1,-0.409,209,120,-1.25,36,0
1519,62,Hombre,6.1,104,65.7,128,0,1,-0.056,121,104,1.84,36,0
1520,59,Mujer,9,104,47.1,232,0,1,-0.074,215,103,-1.4,36,0
1521,73,Hombre,5.9,153,43.9,36,0,1,-0.303,27,151,-1.46,36,0
1522,75,Mujer,7.9,130,50.5,276,1,1,-0.438,178,130,-1.17,36,0
1523,70,Hombre,6.5,134,50.1,57,1,0,-0.141,49,135,-2.35,36,0
1524,70,Hombre,8.8,164,52.9,90,1,1,0.685,179,150,-3.7,36,0
1525,66,Hombre,7.9,149,49.9,160,0,1,-0.37,110,149,-2.2,36,0
1526,81,Hombre,8.4,139,39,331,0,0,-0.154,284,128,-0.69,36,0
1527,62,Hombre,5.5,119,48.3,152,0,0,-0.487,93,121,-0.75,36,0
1528,70,Mujer,7.4,147,38.9,9,0,0,0.703,18,155,-1.74,36,0
1529,64,Mujer,7.5,130,32.8,63,0,0,-0.122,56,140,-0.61,36,0
1530,80,Hombre,8.2,147,40.3,349,1,0,0.17,414,135,-4.25,36,0
1531,70,Hombre,7.6,131,58.8,56,1,1,0.108,62,119,-2.49,36,0
1532,49,Mujer,8.6,120,49.5,240,1,1,-0.528,142,110,-1.36,36,0
1533,75,Mujer,9.2,161,37.7,181,1,1,-0.089,166,157,-2.42,36,0
1534,66,Mujer,7.3,126,37.1,43,0,0,0.322,59,130,-4.01,36,0
1535,83,Hombre,8.3,134,32,31,1,0,0.724,64,117,-3.75,36,0
1536,61,Hombre,6.4,154,45.8,90,0,0,0.286,120,132,-3.4,36,0
1537,59,Hombre,8.2,144,32,238,1,0,0.557,416,146,-5.35,36,0
1538,67,Mujer,8.1,142,40,300,0,1,0.022,307,139,-3.93,36,0
1539,57,Hombre,8.1,132,52.7,66,0,1,0.131,75,131,-2.09,36,0
1540,62,Hombre,9.1,108,36.8,143,0,0,-0.351,101,100,-0.05,36,0
1541,47,Mujer,8.6,142,57.2,350,0,1,-1.766,60,126,2.95,36,0
1542,75,Hombre,8.6,136,44,540,1,1,-0.413,357,128,-2.4,36,0
1543,49,Hombre,9.1,143,57.9,59,0,1,-0.051,56,133,-1.47,36,0
1544,62,Mujer,8.5,184,55.4,152,0,0,0.192,184,178,-3.21,36,0
1545,55,Mujer,7.2,136,49.3,317,0,1,-0.463,200,129,-1.32,36,0
1546,63,Hombre,8.2,140,38.1,67,0,1,-0.036,65,133,-1.97,36,0
1547,66,Mujer,7.3,131,40.4,9,0,0,0.268,12,127,-2.21,22.57,1
1548,64,Mujer,8.1,145,36.4,73,1,0,0.177,87,153,-2.92,36,0
1549,70,Hombre,8.5,121,44.1,309,1,1,-0.369,214,118,-3.1,36,0
1550,72,Mujer,7.3,148,58.8,617,1,1,0.142,711,140,-2.81,36,0
1551,67,Hombre,7.5,145,47.2,87,0,0,0.036,90,155,-2.54,36,0
1552,78,Mujer,10.7,147,39.9,335,0,0,-0.405,223,136,-3.5,36,0
1553,63,Mujer,6.7,142,39.9,374,0,0,0.922,940,166,-4.21,8.67,1
1554,63,Hombre,9.4,126,48.4,126,0,0,-0.726,61,125,0.81,36,0
1555,71,Hombre,7,153,51.6,119,1,0,1.239,411,161,-6.13,36,0
1556,69,Hombre,9.2,132,44.2,53,1,0,0.227,67,126,-4.37,36,0
1557,48,Hombre,8.9,115,47.2,156,0,0,0.601,284,112,-4.19,11.11,1
1558,67,Hombre,8.2,136,59.2,35,0,1,-0.035,34,137,0.21,36,0
1559,55,Hombre,7,125,69.4,42,0,1,0.144,49,121,1.37,36,0
1560,72,Mujer,8.6,150,50.3,42,0,0,0.521,71,144,-2.54,36,0
1561,80,Mujer,9.1,147,39.3,334,0,1,-0.778,153,138,-1.17,36,0
1562,84,Mujer,7.1,149,28.4,125,0,0,-0.137,109,144,-3.76,36,0
1563,61,Mujer,6.7,106,35.7,140,0,1,-0.991,52,94,2.49,36,0
1564,63,Hombre,9.3,162,61.4,91,0,0,0.158,107,169,-1.28,36,0
1565,63,Hombre,7.5,136,35.4,75,0,0,0.246,96,122,-0.63,36,0
1566,50,Mujer,8.5,125,54.1,560,0,0,-0.362,390,141,-1.4,36,0
1567,74,Mujer,7.5,134,45.3,216,1,1,0.387,318,126,-2.31,36,0
1568,75,Mujer,5.5,121,32.1,298,0,1,-0.651,155,119,-1.32,36,0
1569,73,Mujer,7.5,130,24.7,42,0,0,-0.306,31,128,-2.14,36,0
1570,71,Hombre,6.3,158,53.5,118,0,0,0.445,184,144,-2.74,36,0
1571,66,Hombre,7.7,173,47.3,79,0,0,0.281,105,188,-2.5,36,0
1572,72,Mujer,7.2,115,42.5,347,0,0,-0.196,285,102,-1.8,36,0
1573,60,Hombre,8.5,122,54.1,8,0,0,0.843,19,123,-3.76,36,0
1574,80,Hombre,7.7,158,45.8,62,0,0,0.262,81,152,-1.9,36,0
1575,69,Hombre,8.5,149,47.8,104,0,1,0.692,208,136,-4.22,36,0
1576,48,Mujer,7.2,162,48.8,251,0,0,0.566,442,163,-5.5,5.79,1
1577,82,Hombre,7.9,135,59.4,43,0,0,0.524,73,132,-3.04,36,0
1578,64,Hombre,8.2,151,48.1,85,0,0,0.896,208,161,-2.34,36,0
1579,60,Mujer,7.3,120,42,163,0,1,-0.538,95,105,-0.58,36,0
1580,68,Mujer,7.5,127,55.5,100,1,0,0.594,181,125,-3.93,36,0
1581,76,Hombre,6.6,121,54.5,286,0,1,-1.387,71,106,0.79,36,0
1582,47,Hombre,6,145,47.4,141,0,1,-0.656,73,156,0.3,3.14,1
1583,49,Hombre,8.8,137,53,212,0,0,0.273,279,142,-3.51,5.14,1
1584,49,Hombre,6.8,140,59.7,118,0,1,-0.358,82,142,0.42,36,0
1585,60,Hombre,9.6,140,53.8,252,0,0,0.025,258,148,-2.94,36,0
1586,71,Hombre,6.3,130,39.5,64,1,1,-0.5,39,111,-0.36,36,0
1587,74,Mujer,9.2,122,50.7,54,0,0,0.53,92,118,-4.26,36,0
1588,63,Hombre,7.3,141,46.9,193,0,1,0.311,263,144,-2.73,36,0
1589,58,Hombre,8.3,141,58.3,170,1,1,-0.272,130,143,-1.59,36,0
1590,52,Hombre,5.5,137,57.7,192,0,1,-1.103,64,125,-0.94,36,0
1591,58,Hombre,10.6,116,57.9,19,0,1,-0.847,8,116,-0.3,36,0
1592,59,Hombre,9.4,168,54.3,205,0,1,-0.215,165,161,-2.81,36,0
1593,45,Mujer,7,125,51.5,490,0,0,0.437,759,116,-1.09,36,0
1594,74,Hombre,7.2,133,54.9,39,0,0,1.013,107,122,-3.23,36,0
1595,48,Hombre,7.8,133,57.6,737,1,1,-0.511,442,141,-0.67,36,0
1596,67,Hombre,7,126,45.9,14,0,0,0.387,21,129,-4.13,26.86,1
1597,82,Mujer,7.5,121,29.5,151,0,0,0.883,365,132,-7.23,26.24,1
1598,60,Hombre,9.4,147,48.4,37,1,0,-0.133,32,153,-3.88,36,0
1599,62,Mujer,8,135,59.9,569,0,1,-0.172,479,139,-2.56,36,0
1600,61,Mujer,9.4,137,32.7,86,1,0,1.077,253,142,-7.49,36,0
1601,70,Hombre,7.8,133,34.8,92,0,0,-0.524,54,131,0.07,36,0
1602,71,Hombre,9.3,160,27.4,846,0,0,0.102,937,170,-2.94,36,0
1603,41,Hombre,7.1,164,39.7,90,0,0,-0.527,53,169,-1.87,36,0
1604,62,Hombre,7.6,139,44.2,134,0,0,-0.54,78,125,-1.39,36,0
1605,61,Hombre,9,147,54.1,336,1,1,-0.582,188,149,-1.36,36,0
1606,57,Hombre,9,137,54.9,20,0,0,0.384,29,133,-2.12,36,0
1607,81,Hombre,6.7,149,38.8,26,0,0,1.131,81,161,-4.35,36,0
1608,48,Hombre,9.8,142,53.6,839,0,0,0.433,1293,156,-4.6,36,0
1609,42,Hombre,7.3,144,53.3,239,1,0,0.717,489,150,-3.15,36,0
1610,55,Hombre,6.1,134,42.8,82,0,0,0.049,86,130,-1.45,36,0
1611,63,Hombre,8.7,140,57.7,111,0,1,-0.586,62,131,0.31,36,0
1612,52,Mujer,8.4,155,49.3,1137,1,1,-0.254,882,149,-5.03,33.51,1
1613,83,Hombre,7.2,128,37.7,27,1,0,0.425,41,129,-2.05,36,0
1614,66,Mujer,6.9,149,28.5,239,1,1,-0.665,123,146,-2.15,36,0
1615,53,Hombre,8.1,133,39.8,856,0,1,0.403,1281,142,-3.93,36,0
1616,63,Mujer,7.7,131,51.8,66,0,0,-0.283,50,128,0.12,36,0
1617,73,Hombre,7.2,144,40.2,752,1,0,0.147,871,135,-3.06,36,0
1618,67,Hombre,8.2,114,45.2,118,1,0,-0.44,76,110,-1.47,36,0
1619,55,Hombre,7.2,111,55.9,195,0,1,-0.59,108,96,0.89,36,0
1620,59,Mujer,8.6,134,52.5,28,0,1,-0.483,17,142,0.35,36,0
1621,51,Hombre,9.6,139,43.2,759,0,1,0.059,805,133,-3.94,36,0
1622,61,Hombre,8.9,131,53.4,101,1,1,0.206,124,125,-3.71,36,0
1623,50,Mujer,10.3,113,39.7,536,0,0,-0.151,461,111,-2.9,36,0
1624,75,Mujer,8.3,135,41.1,175,0,0,0.231,220,130,-4.16,36,0
1625,76,Hombre,7.1,144,30,34,0,0,0.296,46,136,-1.11,36,0
1626,64,Hombre,9.7,133,41.9,121,0,1,-0.539,71,126,0.78,36,0
1627,69,Mujer,5.5,156,45.7,777,0,1,-0.972,294,158,-1.8,36,0
1628,70,Mujer,7,127,40.3,316,0,1,-0.168,267,113,-1.41,36,0
1629,58,Hombre,7.5,134,71.2,68,0,1,0.47,109,133,-2.28,36,0
1630,72,Hombre,9.8,118,54.6,60,1,1,-0.591,33,98,-2.25,36,0
1631,61,Mujer,8.6,136,39.8,937,0,1,-0.181,782,129,-4.58,36,0
1632,66,Mujer,7.4,157,38.4,144,1,0,-0.089,132,152,-1.17,36,0
1633,64,Mujer,5.6,136,47.8,72,0,0,0.092,79,138,-1.89,36,0
1634,68,Mujer,8.4,127,53.7,65,0,0,-0.035,63,126,-3.6,36,0
1635,61,Mujer,7,130,36.9,426,0,1,-0.076,395,132,-1.74,36,0
1636,41,Mujer,8.5,133,37.9,132,0,0,0.072,142,121,-2.72,36,0
1637,49,Hombre,8.7,127,66.9,164,0,0,-0.177,137,139,0.16,36,0
1638,40,Mujer,8.2,141,52.7,96,0,1,-0.479,59,126,-0.83,36,0
1639,52,Hombre,9.3,163,45.8,224,1,1,-0.216,181,159,-0.67,36,0
1640,66,Hombre,12,126,53.4,140,1,1,0.238,178,118,-2.69,36,0
1641,63,Hombre,6.8,129,41.6,15,0,0,0.352,21,129,0.22,36,0
1642,61,Hombre,7.3,130,53.4,37,1,0,0.648,71,120,-3.23,36,0
1643,54,Mujer,8.8,127,50.4,19,0,0,1.454,81,142,-3.68,36,0
1644,65,Mujer,8.9,126,44.1,116,1,1,0.47,186,126,-4.68,36,0
1645,73,Mujer,9.1,176,43.5,158,0,0,1.342,604,178,-6.61,36,0
1646,52,Mujer,8.5,148,51.7,473,0,1,-0.733,227,135,-0.76,21.69,1
1647,54,Mujer,6.2,150,72.4,39,0,1,0.37,56,127,1.21,36,0
1648,53,Hombre,9.1,136,46.8,53,0,0,0.939,135,128,-2.45,36,0
1649,62,Mujer,7.8,123,30.5,73,1,0,0.847,170,121,-6.02,36,0
1650,48,Hombre,7.6,148,43.5,30,0,0,0.957,78,141,-4.7,36,0
1651,73,Mujer,5.5,134,40.8,47,0,1,-0.715,23,130,0.45,36,0
1652,61,Mujer,6.8,113,42.8,204,1,0,0.139,234,121,-3,36,0
1653,62,Hombre,7.5,154,39.4,834,1,1,0.093,916,145,-4.28,6.56,1
1654,76,Hombre,6.7,123,49.4,42,1,1,-0.694,21,134,2.72,36,0
1655,63,Hombre,9.7,128,42.8,47,0,1,-0.026,46,124,-2.25,36,0
1656,62,Hombre,7.3,144,46.2,730,0,1,-0.496,444,134,-2.47,36,0
1657,70,Mujer,7,132,44.2,34,0,0,0.053,36,140,-2.27,36,0
1658,60,Hombre,8.4,138,32.7,162,0,0,-0.125,143,142,-2.25,36,0
1659,69,Mujer,9,120,55.7,154,0,0,0.302,208,137,-2.77,8.86,1
1660,47,Hombre,6.9,130,41,156,0,0,-0.883,65,128,1.79,36,0
1661,80,Hombre,8.4,135,49.5,495,1,1,-0.238,390,132,-3.59,36,0
1662,57,Hombre,6.9,130,65.3,40,0,1,-0.238,32,130,0.28,36,0
1663,72,Hombre,8.8,126,25.4,22,0,0,0.046,23,129,-4.06,36,0
1664,82,Hombre,6.6,131,53.2,24,0,0,-0.222,19,140,-2.67,36,0
1665,67,Hombre,8.8,133,46.4,38,0,0,0.533,65,137,-3.9,36,0
1666,68,Hombre,8,127,56,52,0,1,-0.469,33,133,1.13,36,0
1667,72,Hombre,5.5,135,53.3,40,0,0,-0.983,15,141,-1.33,36,0
1668,72,Hombre,8.6,139,32,143,1,0,-0.404,96,146,-2.73,36,0
1669,71,Hombre,6.2,132,47.9,85,0,0,0.297,114,143,-2.09,36,0
1670,56,Hombre,9.4,117,51.2,120,1,0,0.004,121,111,-2.17,36,0
1671,79,Mujer,7.9,143,26.1,143,0,0,0.363,206,141,-3.26,36,0
1672,69,Mujer,6.5,128,21.4,71,0,1,-0.202,58,132,-4.56,36,0
1673,62,Hombre,7.6,140,47.9,23,0,0,0.196,28,148,-2.74,36,0
1674,62,Mujer,8.9,112,37.1,142,1,0,-0.919,57,118,-1.04,36,0
1675,68,Mujer,8.2,128,57.1,421,0,1,-0.94,164,125,-0.96,36,0
1676,77,Mujer,9,146,57.6,208,0,1,-0.01,206,140,-3.79,36,0
1677,52,Mujer,7,156,69,38,0,1,-0.276,29,159,-0.52,36,0
1678,61,Hombre,7.6,115,60.7,252,0,1,-0.097,229,113,-1.21,36,0
1679,57,Hombre,7.1,132,41,133,0,0,-0.143,115,116,-1.52,36,0
1680,76,Mujer,6.8,139,40.7,156,1,0,0.451,245,115,-4.94,36,0
1681,76,Hombre,7.1,147,57.3,115,1,0,0.747,243,158,-3.53,36,0
1682,64,Hombre,8.1,136,48.6,117,0,1,0.628,219,133,-3.86,36,0
1683,72,Mujer,8.8,122,60.4,613,0,1,-0.325,443,112,-3.32,36,0
1684,70,Hombre,8.6,136,30.8,21,0,0,0.611,39,128,-4.32,36,0
1685,66,Hombre,9,116,49.5,38,0,1,-1.02,14,107,0.57,36,0
1686,75,Hombre,8.7,135,42.5,158,0,0,-0.062,149,126,-4.6,36,0
1687,72,Mujer,8.2,140,53.1,99,0,0,0.117,111,147,-4.3,36,0
1688,56,Mujer,6.8,140,39.8,628,0,1,-0.796,283,129,-1.52,36,0
1689,69,Hombre,6.6,171,50.1,282,0,0,-0.419,185,170,-0.48,36,0
1690,67,Mujer,7.3,138,37.3,109,0,1,0.17,129,121,-3.88,36,0
1691,40,Mujer,6.9,119,55.8,205,0,1,-1.103,68,113,2.4,36,0
1692,68,Hombre,9.1,112,56.3,191,0,1,-0.43,124,100,-1.03,36,0
1693,79,Mujer,8.6,129,42,164,0,1,-0.245,128,109,-2.67,36,0
1694,81,Mujer,7.2,143,59,396,0,0,0.202,485,161,-1.81,36,0
1695,65,Hombre,8.3,140,53.5,39,1,0,0.824,89,122,-2.67,36,0
1696,64,Mujer,7,140,48.4,53,0,1,0.685,105,143,-2.97,36,0
1697,69,Mujer,7.4,128,45.8,32,1,0,-0.795,14,137,-1.92,36,0
1698,53,Hombre,7,143,42.9,69,0,0,-0.665,35,149,-0.28,36,0
1699,62,Hombre,8.8,130,38.6,59,0,1,0.144,68,109,-1.06,36,0
1700,64,Hombre,5.5,115,42,69,0,0,-0.195,57,115,-3.42,36,0
1701,57,Hombre,8.2,119,53.7,8,0,0,-0.202,7,116,1.37,36,0
1702,76,Hombre,6.2,141,53.3,158,1,1,-0.426,103,120,-3.09,36,0
1703,57,Hombre,9.2,129,51.8,178,0,0,1.005,486,124,-3.64,36,0
1704,55,Hombre,7.1,140,58.2,93,0,0,0.456,147,138,-3.1,36,0
1705,73,Mujer,6.8,155,59,46,0,0,0.601,84,148,-4.84,36,0
1706,62,Hombre,7,138,48,55,0,0,-0.455,35,131,-1.14,36,0
1707,60,Mujer,9,130,45.8,203,0,1,0.668,396,131,-4.59,36,0
1708,70,Mujer,6.6,127,43.3,7,0,0,-0.714,3,121,1.26,36,0
1709,61,Mujer,6.8,148,38.7,47,1,0,-0.27,36,141,-2.95,36,0
1710,68,Mujer,5.8,140,38.8,119,0,0,0.154,139,138,-2.58,36,0
1711,59,Hombre,7.2,101,57,28,0,1,-2.101,3,100,4.6,36,0
1712,47,Hombre,6.2,144,61.5,58,0,1,-0.494,35,141,0.55,36,0
1713,60,Mujer,6.5,149,45.3,138,0,0,0.396,205,133,-3.72,36,0
1714,60,Mujer,6.3,149,53.3,65,0,1,0.687,129,140,-1.19,36,0
1715,69,Hombre,7,154,41.3,124,1,0,0.703,250,139,-3.79,36,0
1716,58,Hombre,8.5,153,39.6,295,0,1,-0.519,176,148,-2.78,36,0
1717,68,Mujer,8.3,145,48.5,87,0,0,0.008,88,149,-2.11,36,0
1718,61,Hombre,5.7,138,59.6,36,0,0,0.874,86,127,-2.5,36,0
1719,64,Hombre,8,126,48.7,132,1,1,-1.159,41,120,-0.51,36,0
1720,68,Hombre,7.3,139,36.4,390,0,1,0.304,529,140,-2.49,36,0
1721,62,Hombre,8,154,24.3,334,1,1,-0.517,199,142,-4.13,36,0
1722,49,Hombre,8,117,59.7,19,0,0,1.419,79,116,-0.95,36,0
1723,52,Mujer,5.5,120,52.2,53,0,0,-0.043,51,109,-0.2,36,0
1724,74,Hombre,5.7,141,59.5,33,0,0,0.399,49,132,-2.45,36,0
1725,56,Hombre,7.2,154,48.8,149,0,1,0.027,153,150,-3.54,36,0
1726,75,Hombre,6.6,125,35,294,1,0,-0.957,113,125,0.63,36,0
1727,86,Mujer,6.3,130,38.6,302,0,0,0.049,317,130,-3.51,26.29,1
1728,61,Hombre,7.9,148,49.2,44,0,0,-0.261,34,145,-3.4,36,0
1729,58,Hombre,7.2,141,53.6,183,0,0,0.356,261,130,-1.85,36,0
1730,67,Mujer,5.6,132,45.5,42,0,0,0.424,64,136,-4.08,36,0
1731,71,Hombre,7.6,130,40.9,66,1,0,0.989,177,135,-5.94,36,0
1732,60,Mujer,7.3,137,42.5,254,1,1,-0.23,202,139,1.84,36,0
1733,40,Hombre,7.3,129,50.4,114,0,1,-0.567,65,128,3.7,36,0
1734,59,Mujer,7,122,52.5,70,0,1,-1.553,15,111,0.92,36,0
1735,53,Hombre,8.3,120,32.6,127,0,1,-0.398,85,119,0.68,36,0
1736,73,Mujer,8.9,148,60.6,281,1,1,0.26,364,139,-3.64,36,0
1737,66,Hombre,8.3,135,52.5,185,1,1,-0.16,158,133,-1.25,36,0
1738,66,Mujer,7.5,153,32.4,395,1,1,-0.179,330,152,-1.43,36,0
1739,66,Hombre,8.2,127,47.9,110,1,0,0.313,150,144,-0.64,36,0
1740,56,Mujer,8.2,118,38.1,79,0,0,-0.02,77,117,-0.08,36,0
1741,79,Hombre,6.5,163,56.6,223,1,0,-0.514,133,163,-0.01,36,0
1742,57,Hombre,6.3,132,40.3,36,1,0,0.479,58,126,-1.38,36,0
1743,67,Hombre,7.7,143,50.7,82,0,1,-0.611,45,149,-0,36,0
1744,71,Mujer,8.6,131,48.7,40,0,1,-0.272,30,118,-2.53,36,0
1745,57,Hombre,8.9,142,75,113,0,1,-0.931,45,140,1,36,0
1746,80,Hombre,5.7,119,38.8,123,0,0,1.486,544,93,-7.49,36,0
1747,88,Mujer,9,147,34,348,0,1,-0.663,179,152,-1.9,36,0
1748,50,Hombre,8.1,130,54.7,59,0,1,-0.395,40,112,-0.75,36,0
1749,74,Hombre,5.5,142,51.9,76,0,0,0.761,163,151,-3.81,36,0
1750,68,Mujer,6.5,129,51.1,24,0,0,-0.343,17,114,0.54,36,0
1751,77,Mujer,8.3,142,31.7,438,0,0,0.015,445,134,-3.28,15.65,1
1752,68,Hombre,9,144,42.5,301,0,0,0.732,626,156,-6.64,36,0
1753,63,Mujer,8.7,111,41.2,118,0,0,0.212,146,117,-4.64,36,0
1754,59,Hombre,10.4,126,48.2,57,1,1,0.679,112,141,-2.31,36,0
1755,80,Hombre,9,148,49.3,560,0,1,-0.692,280,139,-2.2,36,0
1756,72,Mujer,7.9,149,35.7,42,1,0,0.047,44,143,-1.37,36,0
1757,83,Hombre,5.5,144,34.3,224,1,0,0.155,261,149,-3.23,36,0
1758,54,Mujer,8,127,34.3,124,0,0,0.137,142,128,-1.62,36,0
1759,74,Mujer,6.2,157,37.6,43,0,0,0.86,102,150,-5.68,18.21,1
1760,56,Hombre,10.2,105,49.1,54,0,0,0.008,54,101,-0.7,36,0
1761,62,Hombre,8.6,125,42.4,231,0,1,-0.468,145,120,-0.23,36,0
1762,69,Mujer,7.6,124,45.2,294,0,0,-0.245,230,128,-2.62,36,0
1763,76,Hombre,6.5,101,58.8,50,0,0,-0.47,31,97,0.38,36,0
1764,77,Hombre,6.9,147,59.3,280,0,0,-0.299,208,148,-0.92,36,0
1765,68,Hombre,8.4,123,45.1,773,0,0,-0.501,468,142,-4.62,36,0
1766,79,Mujer,6.2,133,43.2,139,0,0,-0.16,118,132,-4.39,36,0
1767,74,Hombre,7.4,147,35.6,26,1,0,0.313,36,144,-0.4,36,0
1768,77,Hombre,8.5,122,30.8,66,0,0,0.61,121,128,-3.31,14.48,1
1769,59,Hombre,8.2,130,60.6,189,0,1,0.427,290,124,-3.66,36,0
1770,76,Mujer,9.7,141,42.6,282,1,1,0.076,304,130,-2.33,36,0
1771,46,Hombre,8.5,121,44.5,613,0,1,-0.185,510,125,-2.39,36,0
1772,57,Hombre,8.7,114,35.5,212,0,0,0.021,216,119,-0.66,36,0
1773,79,Mujer,9.3,133,49.2,49,0,0,-0.03,48,112,-4,36,0
1774,81,Hombre,9.9,132,34.7,1044,0,0,-0.383,712,126,-4.55,36,0
1775,82,Hombre,8.7,143,34.9,503,1,0,-1.1,167,151,-3.38,36,0
1776,78,Mujer,7,139,34.8,44,1,0,-0.191,36,140,-1.49,36,0
1777,75,Mujer,8.9,134,52,28,0,0,0.637,53,134,-3.66,0.89,1
1778,66,Hombre,7.6,142,47.6,48,0,1,-0.421,31,137,-1.19,36,0
1779,59,Hombre,7.3,159,55.8,473,0,1,-1.184,145,159,-0.91,36,0
1780,72,Mujer,6.7,143,31.6,153,0,0,0.072,164,151,-5.1,36,0
1781,79,Hombre,9.1,135,46.8,470,0,0,-1.465,109,136,-1.22,36,0
1782,61,Hombre,9.4,149,53.4,153,1,1,0.148,177,148,-4.36,36,0
1783,65,Mujer,6.9,145,42.7,250,0,1,0.194,303,135,-3.97,36,0
1784,60,Hombre,7.3,117,33.4,120,0,0,0.304,163,124,-3.59,36,0
1785,70,Mujer,7,144,56,333,0,0,0.911,828,152,-3.58,36,0
1786,85,Mujer,7.4,164,43.4,169,0,0,0.423,258,157,-2.71,36,0
1787,67,Hombre,7,145,44.2,249,0,0,0.148,289,148,-2.98,36,0
1788,88,Hombre,6.4,133,47.3,50,0,1,-0.838,22,130,0.39,36,0
1789,67,Mujer,6.6,120,58,39,1,1,0.538,67,112,-1.57,36,0
1790,54,Hombre,6.4,107,33.1,19,1,1,-0.391,13,98,1.45,36,0
1791,69,Mujer,8,123,41.7,133,0,0,-0.447,85,132,-2.12,36,0
1792,59,Hombre,6.7,129,44.5,106,0,0,0.11,118,140,-1.68,36,0
1793,68,Mujer,8.6,115,56.6,110,0,0,0.56,193,108,-2.67,36,0
1794,83,Mujer,8.9,141,46.5,114,1,1,-0.564,65,121,-4.45,18.54,1
1795,58,Mujer,8.1,133,46.4,375,0,1,-0.254,291,116,-2.97,36,0
1796,75,Mujer,9.8,136,44.9,191,0,0,0.878,460,138,-5.78,19.29,1
1797,78,Hombre,6.3,139,47.3,110,1,0,0.637,208,142,-3.43,36,0
1798,72,Hombre,7.7,110,46.4,122,1,0,-0.034,118,106,0.15,36,0
1799,54,Hombre,8.5,136,57.3,489,0,1,-0.123,432,133,-1.83,36,0
1800,69,Hombre,6.5,152,42.3,282,1,1,0.854,662,142,-4.39,36,0
1801,60,Mujer,8,133,41.7,701,0,0,-0.475,436,137,-3.71,36,0
1802,46,Hombre,8.8,120,52.3,56,0,1,-0.737,27,122,0.22,36,0
1803,62,Hombre,6.6,136,65.2,126,0,1,-0.252,98,142,-1.53,36,0
1804,65,Hombre,7.9,133,42,49,0,0,0.935,125,117,-4.96,36,0
1805,75,Hombre,7.1,138,45.8,41,0,0,0.228,52,133,-4.22,36,0
1806,65,Hombre,6.6,121,50.3,49,0,0,0.013,50,130,-1.19,36,0
1807,74,Mujer,8,140,39.8,65,1,1,-0.325,47,136,-1.83,22.5,1
1808,76,Hombre,7.1,156,48.4,46,0,0,1.345,177,160,-6.32,36,0
1809,64,Hombre,9.7,160,39.1,226,0,1,-0.031,219,143,-2.84,36,0
1810,70,Mujer,6.4,123,46.7,337,1,1,-0.131,296,100,-3.59,36,0
1811,62,Hombre,5.5,180,52.1,4,1,0,-0.3,3,190,-0.76,36,0
1812,65,Hombre,7.1,141,58.5,111,0,1,-0.89,46,124,2.88,36,0
1813,72,Hombre,7.6,141,49.7,299,0,1,-0.379,205,135,-1.69,36,0
1814,68,Mujer,6.9,155,49.7,103,0,1,-0.717,50,145,-0.35,36,0
1815,74,Hombre,7.1,136,37.9,104,0,0,0.008,105,123,-4.56,36,0
1816,70,Hombre,8.4,137,26,598,0,0,-0.039,575,121,-2.67,36,0
1817,62,Hombre,6.8,170,46.6,215,0,0,0.665,418,169,-4.43,36,0
1818,86,Hombre,8,159,37.1,32,0,0,0.533,55,157,-2.1,28.38,1
1819,69,Mujer,9.8,170,36.8,663,1,0,1.391,2664,169,-9.29,31.59,1
1820,47,Mujer,8.8,116,59.1,83,1,1,-0.696,41,115,-1.97,36,0
1821,65,Mujer,6.3,112,36.2,126,0,1,1.016,348,109,-2.24,36,0
1822,66,Hombre,8.3,162,35.6,116,1,1,0.073,125,156,-1.3,36,0
1823,66,Hombre,7.3,127,29.6,237,0,0,-0.274,180,129,-1.44,36,0
1824,66,Hombre,8.1,139,42.7,132,1,0,0.615,244,141,-3.06,21.06,1
1825,74,Hombre,7.5,137,56.1,66,0,0,0.607,121,138,-3.03,36,0
1826,45,Mujer,6.4,155,43.3,1153,0,1,-0.321,836,161,-4.45,36,0
1827,69,Hombre,7.1,150,39.3,50,1,0,0.833,115,159,-2.25,36,0
1828,72,Hombre,6.8,145,42.8,331,1,0,0.434,511,133,-4.87,36,0
1829,67,Mujer,8.1,155,39.4,65,0,0,-1.297,18,165,-1.12,36,0
1830,68,Mujer,7.7,144,38.2,112,0,0,0.499,184,135,-4.55,36,0
1831,65,Hombre,6.1,150,54.5,32,0,0,-0.474,20,147,1.17,36,0
1832,49,Hombre,9.4,122,60.7,92,0,1,-0.479,57,112,0.76,36,0
1833,56,Hombre,8.7,155,47.1,150,0,1,-0.237,118,154,-0.73,15.08,1
1834,84,Hombre,7.5,127,45.6,85,0,0,-0.037,82,122,-2.84,36,0
1835,61,Hombre,11,120,61.1,517,0,1,-0.508,311,121,-1.53,36,0
1836,58,Mujer,8.9,127,34.6,535,0,0,0.287,713,131,-2.89,36,0
1837,64,Hombre,7.6,117,46.1,234,0,0,0.012,237,99,-2.23,36,0
1838,54,Mujer,10.1,124,51,415,0,1,-0.53,244,112,0.58,36,0
1839,49,Mujer,7,100,49,67,0,1,-0.852,29,77,0.2,36,0
1840,48,Hombre,8,148,55.2,225,0,1,0.191,272,145,-3.32,36,0
1841,49,Hombre,5.8,124,41.1,65,0,1,-1.796,11,127,4.19,36,0
1842,62,Hombre,5.7,125,31.8,51,0,0,1.457,219,133,-4.96,36,0
1843,70,Mujer,7.9,156,33.3,120,0,1,-1.077,41,155,0.22,36,0
1844,70,Hombre,7.2,115,39.1,90,1,0,-0.278,68,112,-2.84,11.82,1
1845,78,Mujer,6.5,129,39.9,150,0,0,-0.538,88,137,-1.91,36,0
1846,77,Mujer,10.4,143,43.7,718,0,0,-0.067,671,138,-4.11,36,0
1847,65,Hombre,8,139,57.6,1188,0,1,-0.764,553,139,2.42,36,0
1848,59,Hombre,8.7,164,39.5,113,0,0,0.107,126,169,-3.06,36,0
1849,54,Mujer,5.9,152,49.5,26,0,1,-1.27,7,142,1.82,36,0
1850,53,Hombre,7.3,121,44.2,29,0,0,0.868,69,120,-2.23,36,0
1851,65,Hombre,8.6,156,45,128,1,0,0.35,182,147,-5.22,36,0
1852,53,Hombre,8,114,44.6,835,1,1,-0.852,356,94,-2.71,36,0
1853,61,Mujer,7.4,145,48.4,266,1,0,1.473,1160,150,-6.91,36,0
1854,45,Hombre,7.9,123,46.1,88,0,1,-0.31,65,123,1.16,36,0
1855,62,Hombre,8.6,135,50.1,1370,0,1,0.072,1472,121,-2.08,36,0
1856,56,Mujer,6,144,55.2,10,0,1,0.215,12,135,1.61,36,0
1857,65,Hombre,7,137,42.3,31,0,1,-0.213,25,145,-0.93,36,0
1858,53,Mujer,7.3,112,52.3,36,0,0,0.18,43,102,-1.02,36,0
1859,60,Mujer,7.7,119,47.4,106,0,0,0.811,239,126,-3.63,15.38,1
1860,76,Hombre,7.8,131,46.3,68,1,0,-0.933,27,129,-0.17,36,0
1861,47,Hombre,10.4,163,47.4,191,1,1,0.279,253,165,-3.5,36,0
1862,66,Hombre,7.3,123,47.3,30,0,0,0.528,51,126,-3.19,36,0
1863,67,Mujer,7.6,138,52.3,101,0,0,0.126,115,138,-1.87,36,0
1864,58,Mujer,6.4,132,44.4,236,0,1,-1.283,65,130,1.16,36,0
1865,72,Mujer,8.8,115,30.2,99,0,1,-0.256,77,110,-0.74,36,0
1866,43,Hombre,7.1,129,52.6,45,0,1,-0.006,45,103,-0.48,36,0
1867,57,Hombre,6.2,135,61.5,34,0,0,0.641,65,129,-0.71,36,0
1868,84,Mujer,9,128,32.9,109,1,0,0.522,184,127,-5.48,36,0
1869,79,Mujer,5.5,150,54.9,66,0,1,0.381,97,138,-3.17,36,0
1870,50,Mujer,8.3,129,41.1,84,0,1,-0.839,36,126,-0.57,36,0
1871,72,Mujer,7.8,119,45.8,111,0,0,-0.001,111,123,-1.4,36,0
1872,65,Hombre,8.5,143,39.7,245,0,0,0.086,267,142,-3.73,36,0
1873,85,Hombre,6.9,151,46.5,216,0,0,0.568,381,145,-3.42,36,0
1874,57,Mujer,5.8,125,49.1,37,0,0,0.331,52,116,-1.11,36,0
1875,57,Mujer,9.3,165,48.2,2373,0,0,-0.464,1492,174,-3.11,36,0
1876,61,Mujer,6.4,113,42.6,38,0,1,-0.451,24,98,0.12,36,0
1877,63,Hombre,7.6,186,43.9,691,0,1,0.705,1399,180,-7.23,36,0
1878,74,Hombre,8.3,136,63.1,29,1,1,-0.324,21,137,-0.84,36,0
1879,63,Hombre,7.1,151,49.3,73,0,1,0.866,173,148,-4.05,36,0
1880,68,Mujer,9.4,122,41.3,859,0,1,-1.307,232,118,-3.35,36,0
1881,74,Hombre,9.1,123,30.6,166,1,0,-0.768,77,131,-2.93,36,0
1882,49,Mujer,8.1,98,38.6,37,0,1,-0.345,26,83,0.99,36,0
1883,79,Hombre,7.3,143,47,293,0,0,-0.235,232,157,-2.87,36,0
1884,73,Hombre,7.6,110,42.9,106,1,1,-0.171,89,115,-2.98,36,0
1885,70,Hombre,7.4,144,47.2,156,0,0,0.239,198,134,-3.38,36,0
1886,77,Mujer,10.3,136,40.2,291,0,1,0.022,298,126,-4.54,36,0
1887,73,Mujer,10.6,153,49.5,232,0,1,0.108,258,148,-3.77,36,0
1888,76,Mujer,8,150,37,60,0,0,0.827,137,151,-4.27,15.73,1
1889,60,Hombre,8,145,50.8,80,0,0,-0.492,49,154,-1.61,36,0
1890,79,Hombre,8.7,147,29.7,248,0,0,-0.285,187,153,-1.68,36,0
1891,66,Hombre,7.2,144,52.6,15,1,1,-0.539,9,127,0.44,36,0
1892,68,Hombre,7.6,138,27.7,103,1,0,-0.093,94,142,-2.19,36,0
1893,71,Mujer,5.5,119,35.8,120,0,1,-0.991,45,119,2.2,36,0
1894,66,Mujer,8.2,113,53.7,85,0,0,-1.233,25,120,0.64,36,0
1895,65,Hombre,8.7,143,55.5,309,0,1,-0.412,205,140,-4.25,36,0
1896,51,Mujer,10.1,149,62.3,326,0,1,-1.118,107,148,-1.18,36,0
1897,55,Mujer,9,132,30.2,933,0,1,-1.187,285,132,-0.1,36,0
1898,54,Mujer,9.1,134,47.6,582,0,1,-0.259,449,132,-2.88,36,0
1899,65,Mujer,8.3,135,56.5,49,0,1,-0.191,40,129,-0.69,36,0
1900,69,Hombre,7.5,144,43.5,180,0,0,0.071,193,142,-3.53,36,0
1901,65,Hombre,9.2,141,33,626,1,1,-0.174,526,127,-3.55,36,0
1902,67,Mujer,10.2,127,42,316,1,1,-0.584,176,128,-2.01,36,0
1903,65,Hombre,9.7,146,57.7,290,0,1,0.391,429,138,-2.98,36,0
1904,53,Hombre,6.2,169,36.8,266,0,1,0.076,287,157,-1.32,36,0
1905,55,Mujer,8.2,133,44.5,251,0,0,0.098,277,137,-0.72,8.65,1
1906,67,Mujer,8.2,155,35.1,273,0,0,-0.125,241,155,-3.24,36,0
1907,51,Mujer,6.7,124,42.3,402,0,1,-0.196,331,121,-2.11,36,0
1908,62,Mujer,8.3,153,61.5,142,0,1,0.036,147,154,-2.4,36,0
1909,86,Hombre,10,155,40.9,258,0,0,0.802,575,163,-6.36,36,0
1910,63,Mujer,9.1,140,59.8,155,1,1,-0.387,105,141,-0.9,36,0
1911,53,Hombre,9.2,138,33.2,269,0,0,0.228,338,134,-4.17,36,0
1912,58,Hombre,10,131,69.1,62,0,0,0.514,104,121,-1.88,36,0
1913,88,Hombre,9,135,45.4,207,0,0,0.347,293,125,-4.69,36,0
1914,65,Mujer,9.5,161,49.9,56,1,1,-0.319,41,160,-0.73,36,0
1915,73,Hombre,7.7,138,58.9,84,0,1,-0.608,46,127,-0.08,36,0
1916,62,Mujer,5.9,149,58.2,39,0,0,0.867,93,151,-3.61,36,0
1917,55,Mujer,6.5,138,47.4,124,0,1,-0.024,121,135,-1.7,36,0
1918,78,Hombre,8.6,158,39.9,290,0,0,-0.657,150,165,-2.92,36,0
1919,46,Hombre,9.2,126,51.1,81,0,0,-0.373,56,117,-0.32,36,0
1920,43,Hombre,7.6,117,56.5,26,0,1,-1.018,9,118,1.61,36,0
1921,67,Mujer,8.2,137,43.6,120,0,0,-0.62,65,142,-1.67,36,0
1922,56,Mujer,6.9,123,48.1,125,1,0,-0.37,86,119,-0.62,11.32,1
1923,45,Hombre,8,151,72.9,153,1,1,-0.602,84,153,-2.81,36,0
1924,67,Mujer,8,142,49.5,237,0,0,0.514,396,140,-3.16,36,0
1925,80,Hombre,5.9,146,39,11,1,0,0.483,18,138,-2.23,36,0
1926,72,Hombre,7.5,145,51.6,443,1,0,0.22,552,139,-3.25,36,0
1927,72,Mujer,8.4,141,36.3,173,0,1,-0.206,141,139,-0.87,36,0
1928,67,Mujer,6.3,143,55.6,48,0,0,-0.152,41,150,-2.16,36,0
1929,63,Mujer,9.2,138,63.6,20,1,0,0.618,37,136,-4.89,36,0
1930,60,Hombre,8.5,141,33.4,40,0,0,-0.247,31,150,-1.17,36,0
1931,68,Hombre,6.5,145,42.3,40,0,0,0.301,54,142,-1.43,36,0
1932,68,Hombre,5.9,132,43.8,61,1,0,-0.314,45,130,0.51,36,0
1933,54,Mujer,8.2,154,64.6,76,0,1,-0.058,72,150,-3.06,36,0
1934,50,Hombre,6.6,116,45.6,22,0,0,-0.02,22,115,-0.37,36,0
1935,68,Hombre,8.5,124,35.1,302,0,0,0.012,306,129,-1.5,36,0
1936,50,Hombre,9.4,133,45.1,74,0,1,-0.577,42,127,-1.32,36,0
1937,60,Hombre,8.4,134,52.8,92,0,1,0.48,149,135,-2.25,35.85,1
1938,60,Hombre,7.8,137,40.4,82,0,1,-0.575,46,131,-0.51,36,0
1939,51,Hombre,8.2,137,31.9,67,0,0,0.901,165,144,-2.45,36,0
1940,65,Mujer,7.4,140,44.8,240,0,0,-0.719,117,147,0.95,36,0
1941,71,Hombre,8.4,143,48.1,543,1,1,-1.048,190,131,-0.65,36,0
1942,60,Mujer,8.6,133,60,29,0,0,0.594,53,152,-0.32,36,0
1943,64,Hombre,7.1,147,26.7,230,1,0,-0.151,198,158,-3.29,36,0
1944,78,Mujer,6,123,41,14,0,0,-0.397,9,121,0.63,36,0
1945,52,Hombre,6.3,143,46.2,90,0,1,0.228,113,134,-2.13,36,0
1946,54,Hombre,8.6,126,45.2,1956,1,0,0.737,4087,124,-7.1,36,0
1947,65,Hombre,8,155,32.4,63,0,0,0.733,131,153,-3.49,36,0
1948,54,Mujer,6.3,146,50.4,213,0,0,1.99,1558,145,-6.33,36,0
1949,84,Mujer,7,115,44.4,26,0,0,-0.064,24,114,-0.72,36,0
1950,77,Hombre,8.6,143,37.8,204,1,0,0.362,293,140,-4.69,36,0
1951,70,Hombre,8,125,42.2,195,1,1,-0.278,148,132,-2.51,36,0
1952,64,Mujer,8.5,133,62.1,239,1,1,-0.173,201,128,-1.08,36,0
1953,59,Hombre,8.6,151,42.5,619,0,1,0.161,727,151,-2.3,36,0
1954,71,Hombre,9.9,121,51.1,39,1,1,0.115,44,115,-1.56,36,0
1955,71,Hombre,9.4,116,45.9,449,0,1,-0.055,425,119,-5.2,36,0
1956,62,Hombre,7,132,47.7,308,0,1,-0.458,195,142,-1.59,36,0
1957,65,Mujer,8.6,122,48.5,114,0,1,-0.199,93,119,-0.51,36,0
1958,66,Mujer,7.4,147,54.1,55,0,1,-0.542,32,144,-1.37,36,0
1959,68,Hombre,8.4,147,55.4,196,0,0,0.228,246,127,-3.01,36,0
1960,62,Mujer,7,133,57.6,112,0,1,-0.646,59,121,1.13,36,0
1961,53,Mujer,6.7,107,68.3,189,0,1,0.449,296,90,-3.07,36,0
1962,61,Hombre,7.9,102,51.8,123,0,1,-0.302,91,96,-1.5,36,0
1963,60,Hombre,6.3,155,58.2,131,0,0,-0.048,125,169,-3.22,36,0
1964,82,Hombre,8.1,138,43.1,448,1,1,-0.521,266,132,-1.95,36,0
1965,41,Mujer,8.6,135,55.1,293,0,1,-1.113,96,119,0.37,36,0
1966,64,Hombre,7.8,132,41.4,122,0,0,-0.204,99,133,-1.37,36,0
1967,67,Mujer,8.4,158,43.7,363,1,0,0.537,621,156,-5.89,33.88,1
1968,53,Mujer,8.5,150,43.9,49,0,1,0.195,60,148,-0.84,36,0
1969,56,Hombre,7.3,140,28.8,514,0,0,0.237,651,135,-3.5,23.93,1
1970,66,Mujer,8.3,122,59.8,98,0,0,0.453,154,135,-3.25,36,0
1971,74,Hombre,7.5,135,32.2,274,0,0,0.363,394,148,-1.91,36,0
1972,32,Hombre,10.1,127,52.8,209,0,1,0.971,552,126,-6.06,36,0
1973,67,Hombre,6.8,140,23.5,119,1,1,-0.198,98,132,-2.02,36,0
1974,48,Hombre,9.6,138,36.8,217,0,1,-1.139,69,120,-1.23,36,0
1975,63,Hombre,7.4,134,48.5,182,0,0,-0.092,166,151,-3.09,36,0
1976,64,Hombre,7.3,121,39.6,93,0,0,-0.389,63,125,-0.24,36,0
1977,66,Hombre,8.7,145,51.4,406,0,0,0.318,558,156,-3.96,36,0
1978,77,Hombre,7.3,146,29.4,45,1,0,-0.051,43,143,-4.79,2.94,1
1979,49,Mujer,8.9,152,63.5,80,0,0,0.435,124,140,-2.14,36,0
1980,63,Mujer,6.1,142,41.4,66,1,0,-0.214,53,125,-1.67,36,0
1981,58,Hombre,9.5,121,41.6,116,0,0,-0.485,71,117,-0.45,36,0
1982,70,Hombre,9.6,140,52.3,94,0,0,0.324,130,141,-0.45,36,0
1983,66,Mujer,7.7,107,50.3,74,0,0,-0.894,30,107,-1.55,36,0
1984,57,Mujer,8.5,142,44,51,1,1,0.013,52,135,-1.02,36,0
1985,53,Hombre,7.6,145,54.1,509,0,1,-1.719,91,127,1.06,36,0
1986,56,Mujer,8.1,145,42,179,0,0,0.418,272,140,-3.56,36,0
1987,58,Mujer,8,114,45.4,37,1,0,-0.787,17,118,-1.58,36,0
1988,70,Hombre,9.4,144,70.1,35,0,1,-0.099,32,162,-0.12,36,0
1989,72,Hombre,6.9,110,40,80,0,0,0.593,145,120,-2.17,36,0
1990,70,Mujer,6.9,134,29.6,100,1,0,0.472,160,118,-4.68,36,0
1991,62,Mujer,8.6,147,47.4,338,0,1,-0.438,218,132,-1.73,36,0
1992,74,Mujer,8.2,138,38.8,419,0,0,-0.698,208,139,-1.34,36,0
1993,55,Mujer,7.8,121,56,235,0,1,0.456,371,125,-2.03,36,0
1994,60,Mujer,7.7,139,42.1,220,0,1,0.352,313,133,-3.08,36,0
1995,61,Mujer,5.5,129,57.2,23,0,0,-0.545,13,128,-0.6,36,0
1996,66,Mujer,9.2,135,57.4,115,1,1,-0.866,48,135,0.2,36,0
1997,77,Mujer,6.4,131,29.1,141,0,0,0.112,158,140,-1.88,36,0
1998,70,Hombre,9.4,155,32.7,205,0,0,1.213,689,150,-6.87,36,0
1999,77,Hombre,8.6,159,43.1,64,0,0,0.255,83,164,-5.26,36,0
2000,83,Mujer,8.7,127,24.6,82,0,1,0.591,148,123,-2.32,36,0
2001,57,Mujer,6.7,133,50.5,38,0,1,-1.179,12,120,2.06,36,0
2002,43,Hombre,8.2,145,48.3,121,0,1,0.136,139,135,-2.16,36,0
2003,43,Mujer,7.5,182,25.5,291,1,1,-0.118,259,170,-2.45,21.16,1
2004,53,Hombre,7.9,145,49.7,144,1,0,0.052,152,135,-2.74,36,0
2005,47,Mujer,6.1,119,40.2,209,0,1,0.351,297,111,-0.35,36,0
2006,65,Mujer,9.9,144,66.8,66,1,1,0.726,136,146,-4.28,36,0
2007,71,Mujer,9.4,132,52,57,0,0,1.105,172,127,-4.55,36,0
2008,48,Hombre,8.2,101,54.7,21,0,0,0.073,23,101,-0.94,36,0
2009,68,Mujer,8.3,154,42.9,331,0,0,-1.267,93,155,0.55,36,0
2010,66,Mujer,6.4,153,57.5,397,0,1,-0.682,201,135,-0.04,36,0
2011,73,Mujer,8.5,122,57.3,77,0,1,0.114,86,120,-2.75,36,0
2012,56,Hombre,7.6,141,46.8,140,1,0,-0.22,112,138,-3.55,1.07,1
2013,66,Hombre,9.3,148,53.1,97,0,0,-0.301,72,145,-1.61,36,0
2014,64,Mujer,8.4,131,60.2,10,0,0,0.008,10,131,0.73,36,0
2015,75,Mujer,7.7,125,36.4,101,0,1,-0.635,54,127,-1.22,36,0
2016,49,Mujer,7.4,138,53.7,174,1,1,-0.585,97,145,-1.39,36,0
2017,72,Mujer,6.2,137,57.7,29,0,0,0.582,52,134,-1.64,36,0
2018,66,Hombre,6.8,152,39.4,14,0,0,0.368,20,155,-2.68,36,0
2019,69,Mujer,6.8,128,37,134,0,0,-1.381,34,125,4.13,36,0
2020,61,Mujer,10,126,34.4,144,0,1,-0.131,126,110,-4.71,36,0
2021,62,Mujer,7.4,140,54.9,91,0,1,0.582,163,128,-1.32,36,0
2022,35,Mujer,8.5,121,49.1,27,1,0,-0.106,24,115,-0.08,36,0
2023,66,Mujer,7.3,138,49.3,201,1,0,0.382,294,127,-3.95,36,0
2024,51,Mujer,7.1,154,59,54,0,0,0.432,83,152,-4.14,36,0
2025,69,Hombre,8.3,142,43.8,87,0,0,-0.728,42,138,-1.71,36,0
2026,68,Hombre,6.4,167,36.4,21,0,0,0.524,35,157,-3.45,36,0
2027,62,Hombre,8.6,119,62.2,99,1,1,0.757,211,121,-1.97,36,0
2028,65,Mujer,5.5,123,47.7,76,0,0,-1.076,26,107,2.8,36,0
2029,58,Mujer,7.4,149,56.9,38,0,1,0.474,61,146,-2.52,36,0
2030,61,Hombre,9,148,37.9,751,0,1,0.005,755,137,-3.09,36,0
2031,61,Hombre,8.8,138,39.8,33,0,0,0.358,47,128,-1.97,15.69,1
2032,74,Mujer,7.9,141,26.5,83,0,1,0.4,124,123,-6.48,36,0
2033,69,Mujer,7.9,128,40.8,134,0,0,-0.128,118,132,-2.43,36,0
2034,79,Hombre,9.7,134,53.5,307,0,0,0.726,635,144,-3.84,36,0
2035,81,Hombre,6.3,118,39.3,28,0,0,-0.453,18,119,-0.49,36,0
2036,55,Hombre,7.9,125,46.6,296,1,0,0.047,310,114,-0.97,36,0
2037,56,Hombre,7.5,166,63.6,78,1,1,0.275,103,148,0.53,36,0
2038,64,Mujer,9.3,122,48.3,334,0,1,0.151,388,125,-5.29,36,0
2039,71,Hombre,8,148,23.9,38,1,0,0.255,49,153,-5.57,11.82,1
2040,42,Mujer,8.4,109,46.1,68,0,1,0.276,90,107,-1.9,36,0
2041,73,Hombre,8,141,57.3,214,1,0,0.947,552,127,-4.97,3.08,1
2042,65,Hombre,9.6,134,46.7,141,0,0,0.255,182,136,-4.52,12.73,1
2043,80,Mujer,5.8,128,63.5,35,0,0,0.135,40,135,-0.62,36,0
2044,61,Hombre,8.1,143,42.6,166,1,1,-0.663,86,139,0.59,36,0
2045,68,Mujer,9.7,140,51.2,1656,0,1,-0.086,1520,127,-3.33,36,0
2046,79,Mujer,9.3,162,52,1134,1,1,0.679,2237,159,-4.93,36,0
2047,57,Mujer,7.1,147,37.8,102,0,0,-0.155,87,162,-0,36,0
2048,70,Mujer,6.7,158,43.7,122,0,0,0.92,306,150,-5.74,1.72,1
2049,45,Mujer,8.2,126,44,574,0,1,-0.639,303,122,0.96,7.21,1
2050,56,Hombre,6.4,118,55.5,100,0,0,0.13,114,123,-2.41,36,0
2051,82,Hombre,7.4,138,38.6,794,0,0,-0.755,373,129,-1.76,36,0
2052,67,Hombre,9.2,108,53.6,340,0,0,-0.282,257,109,-1.18,36,0
2053,83,Hombre,6.9,124,35.5,32,0,0,0.336,45,105,-5.17,36,0
2054,62,Hombre,9.8,144,46,516,0,1,-0.021,505,142,-4.8,36,0
2055,75,Hombre,7.9,133,41.1,38,0,1,0.095,42,117,-2.02,36,0
2056,54,Hombre,8.5,119,55,227,1,1,0.293,304,104,-3.88,36,0
2057,40,Mujer,6.8,104,64.8,14,0,0,0.075,15,103,0.96,36,0
2058,68,Hombre,11.1,104,46.1,429,1,1,-0.491,262,97,-2.51,36,0
2059,45,Hombre,9.8,111,47.8,61,1,1,-0.212,49,108,-0.26,36,0
2060,55,Hombre,6.9,136,50.8,138,0,0,-0.738,66,135,0.66,36,0
2061,57,Mujer,10.1,121,44.8,173,0,1,-0.541,101,116,-1.41,36,0
2062,72,Hombre,8.8,167,41,75,1,0,0.67,147,164,-4.37,36,0
2063,57,Mujer,7.7,162,52.8,144,0,1,-0.807,64,153,-1.43,36,0
2064,58,Mujer,7.6,126,43.1,422,0,1,-1.538,91,131,1.29,36,0
2065,76,Mujer,10.2,144,38.7,327,0,0,1.091,973,141,-6.01,36,0
2066,72,Hombre,7.2,136,36.1,223,1,0,0.262,290,122,-5.14,36,0
2067,58,Hombre,9.3,127,42.1,886,0,0,-0.21,718,119,-1.75,36,0
2068,51,Hombre,9.3,156,55.3,196,0,1,-0.577,110,166,1.68,36,0
2069,60,Mujer,7.4,155,50.1,127,0,0,-0.155,109,150,-1.12,36,0
2070,64,Hombre,5.9,125,40.3,449,0,0,-0.748,212,131,-1.22,36,0
2071,56,Hombre,9,121,57.1,12,0,0,-0.295,9,118,1.14,36,0
2072,55,Hombre,6.2,163,53.2,48,0,1,-0.799,22,158,2.02,36,0
2073,69,Hombre,9.9,135,57.2,39,1,0,0.51,65,133,-2.63,36,0
2074,71,Hombre,8.1,132,48.2,64,0,0,0.457,101,128,-3.42,36,0
2075,51,Mujer,7.1,125,39.1,263,0,1,-0.648,138,122,-0.27,36,0
2076,73,Hombre,7.7,111,37.5,14,0,0,1.103,42,105,-3.29,36,0
2077,54,Hombre,6.2,134,49.5,85,0,0,0.125,96,134,-1.69,36,0
2078,81,Hombre,8.7,143,48.5,160,0,0,0.783,350,157,-2.56,36,0
2079,68,Mujer,6,133,47.7,115,0,1,-0.175,97,133,-1.26,36,0
2080,90,Hombre,7.1,148,49.4,619,0,0,-0.48,383,151,-2.88,35.3,1
2081,70,Hombre,8.2,125,36.5,419,1,0,-0.428,273,125,-3.6,36,0
2082,75,Hombre,7.9,126,39.6,354,0,1,-0.957,136,115,-0.93,36,0
2083,86,Mujer,9.4,113,55,88,0,1,0.302,119,111,-3.4,36,0
2084,71,Mujer,8.8,144,33.2,561,1,1,-0.062,527,138,-2.75,36,0
2085,50,Hombre,7.1,128,60.9,35,0,0,-0.328,25,131,-1.72,36,0
2086,70,Mujer,7.3,121,41.1,55,1,0,-0.781,25,111,0.6,36,0
2087,87,Mujer,8.5,133,52,101,1,0,0.922,254,148,-5.56,36,0
2088,48,Hombre,9.2,139,53,210,0,1,-0.25,164,142,-1.72,36,0
2089,79,Hombre,7.5,134,49.7,155,1,0,-0.017,152,139,-3.57,36,0
2090,67,Hombre,7.3,154,41.2,241,1,1,-0.466,151,134,-3,36,0
2091,71,Mujer,8,99,53.2,79,1,0,0.369,114,91,-2.77,36,0
2092,40,Hombre,8.4,112,63.8,59,1,1,-1.622,12,107,1.65,36,0
2093,53,Mujer,7.4,137,56.9,78,0,1,0.256,101,135,-2.85,36,0
2094,71,Hombre,8.2,131,55.1,796,0,0,0.117,895,124,-1.81,36,0
2095,71,Mujer,8.4,134,30.2,2765,0,1,-0.567,1569,131,-2.98,36,0
2096,54,Hombre,8.2,132,50.4,73,0,0,0.601,133,125,-3.26,36,0
2097,65,Hombre,6.3,149,46.1,84,0,0,0.04,87,157,-2.05,36,0
2098,68,Hombre,5.9,136,38.4,38,0,0,-0.182,32,129,0.88,36,0
2099,71,Hombre,6.7,167,58.7,52,0,0,-0.096,47,164,-0.31,36,0
2100,71,Mujer,5.7,159,32.7,59,0,0,0.714,121,160,-2.54,36,0
2101,71,Mujer,8.5,119,59.3,137,0,1,0.093,150,103,-2.25,36,0
2102,67,Hombre,6.7,133,43.8,822,1,0,0.323,1135,127,-5.86,36,0
2103,76,Hombre,10.2,144,45.7,502,1,1,-0.177,421,126,-4.35,36,0
2104,52,Hombre,5.8,119,57.6,152,0,1,-0.91,61,112,3.08,36,0
2105,56,Mujer,9.5,151,53.8,445,0,0,0.102,493,147,-3.25,36,0
2106,69,Hombre,6.7,146,40.4,624,1,0,0.404,935,144,-4.66,36,0
2107,67,Hombre,8.6,134,44.3,193,1,0,-0.102,174,139,-3.84,36,0
2108,90,Mujer,7.7,128,38.3,245,1,0,-0.418,161,136,-0.27,36,0
2109,56,Hombre,7.2,130,53.5,145,0,1,-0.471,91,121,-1.61,36,0
2110,65,Hombre,7.8,138,40.5,263,0,0,-0.129,231,141,-0.71,17.49,1
2111,54,Mujer,5.8,163,54.3,81,0,1,0.065,86,155,-1.71,36,0
2112,48,Mujer,6.4,149,48.8,131,0,1,-0.879,54,138,0.03,36,0
2113,66,Hombre,7.9,145,59.5,523,0,0,-0.537,306,154,-3.39,36,0
2114,71,Mujer,6.6,153,36.2,249,0,0,-0.151,214,164,-5.53,36,0
2115,62,Mujer,6.8,142,53.6,20,0,0,1.052,57,129,-3.89,36,0
2116,58,Hombre,6.9,140,52.9,16,0,0,0.182,19,131,1.24,36,0
2117,63,Mujer,9.1,119,37.9,371,0,1,-0.44,239,106,-0.79,36,0
2118,64,Hombre,6.1,118,35.9,12,1,0,0.229,15,114,-0.82,36,0
2119,77,Hombre,9.1,126,62.6,129,0,0,0.78,281,138,-3.05,36,0
2120,59,Hombre,8.7,125,44.7,701,0,1,-1.131,226,111,-0.95,36,0
2121,61,Hombre,9.2,134,53.7,231,1,0,0.607,424,126,-3.94,36,0
2122,60,Hombre,6.9,126,36.6,26,0,0,0.435,40,122,-1.94,36,0
2123,59,Mujer,8.2,118,49,427,0,1,0.334,597,105,-2.42,14.02,1
2124,61,Mujer,6.2,148,44.5,67,1,0,-0.613,36,153,1.55,36,0
2125,56,Hombre,8.6,147,33.6,2536,0,1,-0.635,1344,134,-0.04,36,0
2126,69,Mujer,5.5,134,54.2,198,0,0,-0.458,125,137,-1.69,36,0
2127,68,Hombre,7.3,131,43.3,86,0,0,-0.168,73,132,-0.99,36,0
2128,73,Hombre,8.8,132,25.1,53,0,1,0.31,72,139,-4.08,36,0
2129,68,Mujer,7.5,135,43.6,109,0,0,0.558,190,139,-4.47,36,0
2130,78,Hombre,6.7,157,39.1,400,0,0,-0.57,226,169,-3.19,36,0
2131,59,Hombre,5.9,125,46.9,47,1,1,-0.272,36,113,-0.86,36,0
2132,61,Mujer,6,147,54,73,0,1,0.627,137,147,-3.2,36,0
2133,73,Mujer,6.9,162,45.2,143,0,1,-0.194,118,159,-0.95,36,0
2134,65,Mujer,8.3,132,47.9,79,0,0,0.759,169,128,-3.65,36,0
2135,70,Hombre,8.3,161,60.7,695,0,1,-0.014,685,161,-3.1,36,0
2136,71,Mujer,8.9,139,50.1,82,0,0,-0.034,79,127,-2.59,36,0
2137,46,Mujer,7.3,114,51.2,8,1,0,0.797,18,120,-2.94,36,0
2138,64,Hombre,9.2,158,47.4,63,1,0,0.421,96,172,-5.68,36,0
2139,65,Mujer,8.3,116,43.4,723,0,1,-0.261,557,110,-0.97,36,0
2140,56,Hombre,7.2,140,40.3,81,1,0,-0.408,54,148,-1.2,36,0
2141,73,Mujer,9.3,133,30.8,26,1,0,0.755,55,134,-5.46,36,0
2142,66,Mujer,7.4,131,45.1,92,0,0,-0.143,80,138,-0.42,36,0
2143,70,Hombre,5.9,133,36.9,48,0,0,-0.478,30,128,-0.14,36,0
2144,60,Hombre,8.4,112,46.2,54,0,0,-0.509,32,105,1.36,36,0
2145,54,Mujer,7.9,106,43.7,54,0,0,0.495,89,122,-2.67,36,0
2146,70,Mujer,6.6,124,40.3,28,0,1,-0.493,17,121,-0.42,36,0
2147,61,Mujer,8.3,121,38.8,63,0,0,0.61,116,117,-1.95,36,0
2148,54,Hombre,6.3,110,42.8,130,0,1,0.268,170,97,-1.24,36,0
2149,54,Mujer,9.4,113,39.6,94,0,0,0.09,103,108,-5.04,36,0
2150,66,Hombre,9,152,39.7,232,0,1,-1.057,81,150,-1.24,36,0
2151,74,Mujer,8.2,157,51.6,204,1,0,-0.32,148,165,-0.43,36,0
2152,58,Hombre,8.4,151,44.3,427,0,1,-1.134,137,138,-0.88,36,0
2153,72,Mujer,7.3,137,32.5,18,0,0,0.288,24,129,-1.1,36,0
2154,71,Mujer,8.3,143,30.7,257,0,0,-0.619,138,134,0.55,36,0
2155,50,Hombre,8.2,134,49.2,186,0,0,0.075,200,132,-0.28,36,0
2156,87,Hombre,7,123,37.4,201,1,0,0.564,353,127,-5.47,36,0
2157,58,Mujer,8.2,133,59.4,58,0,0,0.144,67,131,-0.67,36,0
2158,48,Hombre,9.4,140,52,148,0,0,-0.071,138,154,-3.19,36,0
2159,73,Hombre,8.4,145,48.1,67,0,0,0.356,96,141,-4.54,36,0
2160,65,Mujer,8.5,165,43.2,394,0,1,-0.482,243,168,-1.83,36,0
2161,63,Mujer,9.5,135,40.8,250,0,1,-0.395,168,131,-1.77,36,0
2162,74,Hombre,5.5,127,37.3,55,0,0,-0.125,49,132,1.2,36,0
2163,65,Mujer,7.3,147,40.2,131,0,1,-0.055,124,136,-1.93,36,0
2164,61,Mujer,7.9,160,27.2,152,0,0,-0.041,146,153,-2.55,36,0
2165,59,Mujer,8.7,123,48.7,81,1,1,-0.548,47,124,-0.68,36,0
2166,55,Mujer,8.7,102,45.1,284,1,1,-1.432,68,104,1.11,36,0
2167,63,Hombre,8.9,114,45.7,54,0,1,0.29,72,92,-2.46,36,0
2168,60,Mujer,6.6,157,48.2,64,1,0,0.22,80,154,-1.92,36,0
2169,63,Hombre,6.3,127,58.4,17,0,0,0.881,41,131,-0.86,36,0
2170,55,Mujer,9.4,121,64.5,206,1,1,-0.2,169,113,-2.05,36,0
2171,75,Hombre,7.6,95,52.7,210,0,1,-1.368,53,103,1.46,36,0
2172,65,Mujer,8.2,142,42.8,304,0,0,-0.126,268,162,-2.72,36,0
2173,58,Hombre,6.5,112,58.6,129,0,0,0.042,135,120,-1.65,36,0
2174,60,Mujer,7.9,136,44.7,40,0,0,0.529,68,132,-0.98,36,0
2175,57,Hombre,6.7,134,55.9,98,0,1,0.128,111,118,-2.14,36,0
2176,90,Hombre,7.8,138,34.6,274,0,0,-0.437,177,140,-5.49,36,0
2177,62,Hombre,8,141,42.3,35,1,0,1.221,119,148,-5.19,36,0
2178,46,Hombre,8.7,130,52.7,147,0,0,-0.579,82,135,-1.2,36,0
2179,50,Hombre,8.2,117,50.2,180,0,1,-0.885,74,104,0.44,36,0
2180,57,Mujer,8.5,178,49.5,482,1,1,0.872,1153,170,-6.73,35.9,1
2181,66,Hombre,8.6,140,49,52,0,1,-0.161,44,143,-0.65,36,0
2182,51,Hombre,6.7,141,68.8,250,1,1,-0.469,156,140,-4.42,36,0
2183,50,Mujer,7.9,121,41.1,254,0,1,0.004,255,120,-1.71,36,0
2184,65,Mujer,8,141,41.5,163,1,0,-0.672,83,151,1.16,36,0
2185,72,Hombre,7.9,144,34.4,82,1,0,0.716,168,144,-3.08,36,0
2186,54,Hombre,6.5,114,59.2,22,0,0,0.518,37,122,-4.08,36,0
2187,68,Mujer,7.5,128,21.7,43,0,0,-0.149,37,124,-1.25,24.59,1
2188,48,Mujer,6.2,132,56.2,51,0,1,0.223,64,136,-1.11,36,0
2189,42,Mujer,8.2,148,51.5,772,0,0,-0.471,482,144,-1.66,25.48,1
2190,72,Mujer,8.9,142,41.2,62,0,0,-0.364,43,145,-3.4,36,0
2191,72,Mujer,6.9,123,40.7,99,0,0,-0.116,88,115,-2.49,36,0
2192,66,Hombre,6.3,112,31.8,358,0,0,-0.489,220,106,-2.95,36,0
2193,53,Hombre,5.7,143,44,32,0,0,0.554,56,131,0.58,36,0
2194,75,Mujer,7.5,144,55.7,54,0,0,0.907,134,151,-3.91,36,0
2195,57,Hombre,8,130,46.9,70,0,1,-0.572,40,117,1.09,36,0
2196,59,Mujer,7.3,135,37.1,270,0,0,-0.014,266,131,-1.89,36,0
2197,43,Hombre,6.3,115,38.8,31,0,1,-0.512,19,108,-0.27,36,0
2198,75,Mujer,6.3,133,36.4,34,0,1,0.538,58,122,-1.59,36,0
2199,66,Mujer,6.2,108,60,12,0,1,-0.054,11,105,1.29,36,0
2200,62,Hombre,7.3,121,49.2,7,0,0,-0.42,5,106,1.81,36,0
2201,63,Hombre,7.5,155,46,39,1,0,0.368,56,157,-4.13,36,0
2202,71,Mujer,7,133,37.4,57,1,0,-0.758,27,139,-2.12,36,0
2203,48,Hombre,6.2,110,51.7,101,0,0,-0.042,97,106,-1.13,36,0
2204,68,Mujer,7.7,143,20.7,134,0,1,-1.107,44,112,0.67,36,0
2205,71,Mujer,6.3,146,44.2,1451,1,0,-0.766,675,145,-2.47,36,0
2206,76,Mujer,10.1,159,47.1,220,0,1,-0.453,140,138,-0.96,36,0
2207,69,Hombre,8.1,140,46.1,1407,0,1,-1.247,404,153,0.12,36,0
2208,74,Hombre,8.9,147,50.6,182,0,0,0.513,304,162,-2.49,36,0
2209,61,Mujer,8.2,130,55.8,113,0,0,0.308,154,131,-2.48,36,0
2210,56,Hombre,8.8,141,38.4,62,0,0,0.218,77,139,-1.55,36,0
2211,56,Hombre,10.3,137,41.3,377,0,0,0.762,807,140,-4.56,36,0
2212,56,Mujer,7.5,112,56.2,82,1,0,0.558,143,107,-2.12,36,0
2213,66,Hombre,7.2,126,42.3,81,1,0,-0.42,53,134,-3.12,36,0
2214,49,Hombre,6.8,133,56.5,78,0,1,0.096,86,128,-0.23,36,0
2215,80,Mujer,9.2,151,44.2,547,0,0,-0.149,471,155,-4.43,36,0
2216,64,Mujer,7.3,139,53.2,112,1,1,-0.295,83,153,-2.25,36,0
2217,51,Hombre,8.3,115,49,75,0,1,-0.408,50,104,-1.08,36,0
2218,64,Mujer,7.1,111,33.6,335,0,1,-0.758,157,108,-1.44,36,0
2219,56,Mujer,7.4,119,61,55,1,1,-0.386,37,122,-1.27,36,0
2220,60,Hombre,8.5,127,47.4,96,0,0,-0.205,78,134,-1.91,36,0
2221,59,Mujer,8.3,133,55.3,65,1,1,-0.913,26,121,0.42,36,0
2222,71,Mujer,9.1,104,42.7,94,0,0,-0.315,69,104,-2.22,36,0
2223,51,Hombre,5.5,139,57.4,64,0,1,0.02,65,135,-2.43,36,0
2224,64,Hombre,7.3,144,33.9,29,1,0,0.659,56,137,-2.12,36,0
2225,64,Hombre,8.1,122,32.2,230,0,0,-0.766,107,126,-1.73,36,0
2226,64,Hombre,8.7,130,41,157,0,0,0.362,225,133,-5.42,36,0
2227,62,Hombre,5.8,150,49.1,197,0,1,0.099,218,145,-2.37,36,0
2228,70,Hombre,10.5,138,37.1,120,0,0,-0.414,79,139,-0.87,36,0
2229,57,Hombre,6.5,140,60.4,150,0,1,-0.923,60,150,-0.42,36,0
2230,55,Mujer,6.4,141,50.9,1294,0,1,-0.762,604,123,-0.73,36,0
2231,76,Mujer,8.4,149,51.1,141,0,0,0.12,159,139,-2.75,36,0
2232,75,Hombre,6.9,123,50.5,105,0,1,-0.283,79,122,-0.06,36,0
2233,56,Hombre,9.5,145,57,124,0,1,-0.597,68,147,-1.59,36,0
2234,70,Mujer,8.6,145,50.8,43,0,0,0.609,79,143,-3.55,36,0
2235,56,Mujer,8.7,167,54.6,140,0,1,-0.331,101,147,-4.58,36,0
2236,74,Hombre,8,138,27.2,47,1,1,-0.8,21,136,-0.17,36,0
2237,70,Mujer,6.9,134,61.9,107,1,1,-0.341,76,136,-1.33,36,0
2238,80,Hombre,9.1,128,39.7,1905,0,0,-0.091,1739,134,-2.91,36,0
2239,75,Hombre,8.2,114,33.2,72,1,0,0.154,84,122,-1.14,36,0
2240,45,Hombre,6.7,108,64.2,25,0,0,-0.123,22,117,0.5,36,0
2241,65,Mujer,8.6,121,52.2,167,1,0,0.326,231,128,-4.53,34.87,1
2242,66,Hombre,6.8,162,45.2,79,1,0,-0.493,48,155,-3.65,36,0
2243,52,Mujer,8,120,67.8,49,0,0,0.279,65,128,-0.9,36,0
2244,67,Hombre,6.7,128,45.8,43,1,0,-0.318,31,122,-1.4,36,0
2245,56,Hombre,8.6,116,45.9,325,0,1,-0.123,287,111,-2.19,36,0
2246,58,Hombre,8.7,128,42.4,106,1,1,-0.272,81,135,-2.51,36,0
2247,60,Mujer,7.1,119,35.7,74,0,0,0.654,142,127,-3.66,36,0
2248,53,Hombre,7.6,132,47.5,73,0,1,-0.69,37,132,-0.86,36,0
2249,65,Mujer,8.7,148,43.8,203,0,1,0.763,435,129,-4.54,27.79,1
2250,76,Hombre,10.1,146,43.5,1100,1,1,-1.769,188,137,-0.04,36,0
2251,68,Mujer,5.6,120,33.5,158,0,0,-0.187,131,119,-2.69,36,0
2252,48,Hombre,7.9,143,57.6,99,0,1,-1.092,33,146,-0.67,36,0
2253,62,Mujer,7.2,129,34.8,158,1,0,-0.002,158,135,-3.99,36,0
2254,59,Hombre,6.9,134,52.2,128,0,0,-0.713,63,122,-2.07,36,0
2255,61,Hombre,6.7,153,44.9,421,0,1,0.113,472,147,-2.91,36,0
2256,71,Hombre,8.1,120,45.5,54,0,0,0.44,84,132,-3.05,36,0
2257,67,Hombre,7.4,150,42.7,170,0,0,-0.653,88,140,-1.34,36,0
2258,74,Mujer,8.7,133,38.9,141,0,0,0.131,161,129,-3.41,36,0
2259,66,Mujer,7.9,161,61.3,38,0,0,1.084,112,154,-4.54,36,0
2260,50,Mujer,8.4,155,60.8,143,1,1,-0.518,85,158,-1.07,36,0
2261,79,Mujer,10.1,159,42.1,1214,0,1,-0.464,764,167,-3.51,36,0
2262,63,Hombre,7.8,140,39.6,90,1,0,0.043,94,130,-0.63,36,0
2263,69,Mujer,7.1,145,32.8,10,0,0,0.436,15,149,-2.65,36,0
2264,70,Hombre,9.5,145,39.3,80,1,1,0.2,98,143,-2.55,36,0
2265,78,Mujer,8.7,132,36.1,219,0,1,0.035,227,133,-2.64,36,0
2266,52,Hombre,8.6,131,50.8,61,0,1,-0.515,36,120,0.41,36,0
2267,72,Hombre,7.6,131,41.2,194,0,0,0.379,283,140,-3.82,36,0
2268,75,Hombre,5.9,138,41.8,17,0,0,0.797,38,140,-4.98,36,0
2269,69,Mujer,8,125,43.8,203,0,0,-0.908,82,138,-0.74,36,0
2270,53,Hombre,7.8,130,39.1,13,0,0,1.036,37,137,-2.15,36,0
2271,85,Hombre,6.4,157,38.5,459,0,0,0.824,1047,160,-6.22,36,0
2272,62,Mujer,5.6,139,46.7,60,0,0,0.676,118,148,-5.08,36,0
2273,74,Hombre,7.7,137,48.2,39,0,0,0.693,78,138,-5.35,36,0
2274,54,Mujer,8.5,95,46.4,302,0,1,-0.942,118,94,0.22,36,0
2275,61,Hombre,9.8,137,54.2,1050,0,1,-0.365,729,133,-3.2,36,0
2276,36,Mujer,9.9,109,56.3,1105,0,1,-0.674,563,114,0.82,36,0
2277,59,Mujer,6.4,118,58.2,82,0,1,0.19,99,101,-1.18,36,0
2278,56,Hombre,7.2,154,50.2,23,1,0,-0.164,20,153,-0.95,36,0
2279,61,Mujer,7.9,159,42.8,173,0,1,-0.16,147,142,-1.47,36,0
2280,66,Hombre,8.3,135,46.9,153,0,1,-0.468,96,128,-1.98,36,0
2281,56,Mujer,8.3,108,55.4,323,0,1,0.192,391,95,-1.49,36,0
2282,60,Hombre,7.6,159,45.2,675,0,0,0.302,913,157,-5.36,36,0
2283,60,Hombre,9,152,53.2,76,0,0,-0.205,62,142,-2.96,36,0
2284,40,Hombre,7,126,57.4,265,0,0,-0.005,264,131,-2.69,36,0
2285,70,Hombre,7.3,146,52.3,37,1,0,0.314,51,149,-3.63,30.7,1
2286,57,Hombre,5.9,186,57.9,57,0,1,0.086,62,165,-1.23,36,0
2287,51,Hombre,7.3,125,46.8,162,0,1,-0.762,76,122,2.04,36,0
2288,68,Mujer,6.1,134,60.7,314,0,0,0.21,388,128,-1.4,36,0
2289,58,Mujer,6.2,114,45.8,197,0,1,-0.292,147,124,1.33,36,0
2290,64,Hombre,6.9,126,50,528,0,0,-0.415,349,122,-4.01,36,0
2291,76,Mujer,7.2,143,46.8,299,0,0,-0.709,147,163,-2.13,36,0
2292,65,Mujer,8.3,149,55,310,0,1,-0.471,194,139,-1,22.9,1
2293,69,Hombre,8.1,156,35.2,591,1,0,0.615,1093,157,-4.78,36,0
2294,74,Hombre,6.8,132,54.7,32,1,1,0.123,36,140,-0.99,36,0
2295,74,Hombre,7.5,125,51.6,336,0,0,0.168,397,130,-2.65,36,0
2296,83,Hombre,7.4,162,51.7,252,1,1,-0.543,146,144,-3.29,36,0
2297,59,Hombre,7.3,121,46.8,29,0,0,0.989,78,122,-1.91,36,0
2298,76,Hombre,7.4,158,29.6,172,0,0,0.967,452,157,-4.14,36,0
2299,50,Hombre,7.9,132,48.9,338,0,1,-0.228,269,129,0.79,36,0
2300,53,Hombre,8,113,49.2,47,0,0,-0.215,38,96,-1.36,36,0
2301,62,Hombre,8.9,132,53,85,0,0,1.006,233,135,-4.58,36,0
2302,63,Mujer,9.2,140,28.9,488,0,0,-0.7,242,130,-1.64,36,0
2303,60,Hombre,10.4,126,46.5,366,0,1,-1.231,107,127,-1.57,36,0
2304,75,Hombre,6.7,129,46.5,28,0,0,0.322,39,130,-4.09,36,0
2305,67,Hombre,8.4,163,46.9,65,0,0,0.737,136,165,-2.83,36,0
2306,61,Mujer,7.1,120,49.9,25,1,0,-0.182,21,125,-1.13,36,0
2307,71,Hombre,7.5,141,54.4,717,0,1,-0.341,510,138,-2.34,36,0
2308,67,Mujer,10.2,167,33.3,423,0,1,-0.006,420,159,-4.86,36,0
2309,67,Mujer,7.6,164,39.5,35,0,0,0.503,58,167,-2.93,36,0
2310,64,Mujer,7.8,132,47.8,38,0,0,-0.29,28,137,-0.73,36,0
2311,51,Hombre,6.8,135,49.3,33,1,0,0.14,38,131,-1.32,36,0
2312,56,Hombre,6.4,167,45.7,412,0,1,-0.015,406,170,-3.09,36,0
2313,60,Mujer,7.8,129,53.3,89,0,1,-0.146,77,123,-1.23,36,0
2314,63,Hombre,8.4,146,40.5,381,0,1,-0.543,221,132,-2.27,36,0
2315,73,Hombre,9,140,53.7,180,1,1,0.396,268,146,-3.74,36,0
2316,50,Hombre,8.7,145,36.2,174,0,0,-0.217,140,145,-2.37,36,0
2317,73,Mujer,10.9,162,49.7,1412,0,1,-0.239,1112,154,-2.68,36,0
2318,55,Hombre,8,150,58,66,0,0,0.218,82,166,-3.45,36,0
2319,62,Hombre,9.3,135,61.7,15,0,0,0.225,19,141,-1.69,36,0
2320,60,Hombre,7.5,105,46.3,295,0,0,-0.275,224,95,-0.81,36,0
2321,64,Mujer,6.7,123,57.7,35,0,1,-0.88,15,112,1.09,36,0
2322,66,Mujer,7,137,53.1,11,1,1,0.057,12,137,0.63,14.51,1
2323,57,Hombre,7.5,130,31.3,85,0,0,0.096,94,129,-2.58,36,0
2324,66,Hombre,8.7,113,34.5,192,1,0,-0.152,165,124,-3.14,36,0
2325,41,Hombre,9.3,150,55.7,189,1,1,0.626,354,138,-2.59,36,0
2326,63,Mujer,8.2,138,24.4,262,0,0,0.404,392,151,-3.43,36,0
2327,77,Hombre,6.8,118,35.9,112,0,1,-0.85,48,117,0.57,36,0
2328,61,Mujer,6.4,110,60,35,0,0,-0.563,20,105,0.77,36,0
2329,46,Mujer,6.1,141,69.6,388,0,0,0.386,571,154,-3.19,36,0
2330,56,Mujer,7.2,126,28.2,215,1,0,-0.668,110,126,-0.23,36,0
2331,85,Hombre,6.8,145,40.2,91,0,0,-0.061,86,144,-1.98,36,0
2332,58,Mujer,7,165,39.4,83,1,0,0.166,98,171,-5.1,36,0
2333,65,Mujer,9,153,58.6,293,0,1,0.258,379,135,-3.14,36,0
2334,63,Hombre,7.4,148,26.2,456,0,1,0.048,479,152,-4.37,36,0
2335,74,Hombre,8.1,114,42.4,185,1,1,-0.718,90,113,-0.73,36,0
2336,49,Mujer,6.7,125,51.3,155,0,1,0.167,183,118,0.69,36,0
2337,56,Hombre,9.7,125,48.9,239,0,1,0.07,256,123,-1.9,36,0
2338,58,Hombre,6.7,120,47,170,0,1,0.196,207,112,-2,36,0
2339,65,Mujer,7.2,112,49.9,75,0,0,-0.292,56,108,-0.11,36,0
2340,64,Hombre,6.4,134,41.3,104,0,1,0.329,145,134,-1.03,36,0
2341,74,Mujer,7.3,169,40.6,112,0,0,-0.94,44,180,1.34,36,0
2342,60,Hombre,7.6,140,44.4,110,0,0,0.121,124,131,-2.37,36,0
2343,53,Mujer,7.8,105,48,60,0,1,-0.231,48,109,-0.7,36,0
2344,74,Mujer,10.4,118,50.5,112,0,1,0.233,141,115,-0.95,36,0
2345,90,Hombre,8.4,140,39.8,407,1,0,-0.117,362,137,-4.31,15.47,1
2346,46,Mujer,6,123,52.4,20,0,1,0.419,30,108,-0.37,36,0
2347,65,Mujer,5.5,135,53.4,118,0,0,0.054,125,136,-1.83,36,0
2348,47,Mujer,8.4,118,58.5,72,0,1,-0.278,55,100,-0.97,36,0
2349,68,Hombre,5.6,148,45.6,100,1,1,0.244,128,140,-1.88,36,0
2350,73,Hombre,8.2,139,45.8,215,1,0,-0.635,114,134,-2.34,36,0
2351,57,Mujer,9.5,151,45.8,149,0,1,0.326,206,153,-2.07,36,0
2352,72,Mujer,9.6,161,39.6,339,0,0,0.101,375,154,-3.23,36,0
2353,71,Hombre,6.2,152,44,298,0,0,-0.215,240,146,-2.27,36,0
2354,62,Hombre,7.3,123,44.2,26,1,0,0.359,37,127,-3.14,36,0
2355,69,Hombre,7.8,147,33.8,87,0,0,1.067,253,151,-2.74,36,0
2356,71,Hombre,10.4,153,56,62,1,1,-0.401,42,161,-2.42,36,0
2357,68,Hombre,5.5,162,43.8,5,0,0,0.329,7,162,-0.03,36,0
2358,74,Hombre,7,160,35.4,33,1,0,0.632,62,155,-4.63,36,0
2359,74,Hombre,6.8,119,23.9,1934,1,1,-0.035,1868,105,-3.64,36,0
2360,65,Hombre,7.6,111,55.1,303,0,1,-0.015,298,100,0.23,36,0
2361,49,Hombre,5.8,122,25.5,306,0,0,0.181,367,127,-3.74,36,0
2362,89,Hombre,7.9,139,33.8,238,0,0,-1.406,58,143,-0.23,36,0
2363,48,Hombre,7.5,135,51.9,42,0,1,-0.361,29,117,1.52,36,0
2364,70,Mujer,7.9,147,62.7,22,1,1,0.86,52,146,-2.7,36,0
2365,79,Mujer,9.1,134,47.8,1096,1,0,-0.737,524,139,-2.58,36,0
2366,44,Hombre,5.5,129,40.4,64,0,1,0.708,130,131,-1.83,36,0
2367,81,Mujer,7,143,42.1,214,1,1,-0.089,196,127,-1.88,36,0
2368,74,Mujer,8,144,43.5,334,0,0,-0.198,274,144,-2.62,36,0
2369,71,Mujer,8.3,125,50.6,1101,1,0,-0.619,593,133,-1.3,36,0
2370,65,Hombre,9.7,144,51.3,106,1,0,-0.113,95,153,-4.73,36,0
2371,66,Mujer,7.6,130,33.8,116,0,0,-0.265,89,127,0.62,36,0
2372,83,Mujer,7.9,143,32.1,709,1,0,-0.474,441,146,-3.77,36,0
2373,68,Hombre,6.2,130,31.5,46,1,0,-0.831,20,122,-0.26,6.43,1
2374,61,Hombre,7.5,145,60.2,59,0,1,-0.191,49,130,-1.18,36,0
2375,82,Mujer,8.7,150,44.3,1607,0,0,0.204,1970,156,-4.71,36,0
2376,54,Hombre,6.6,139,50.5,71,0,0,0.157,83,147,0.24,36,0
2377,63,Hombre,6.7,146,46.8,26,1,0,-0.658,13,148,-0.54,36,0
2378,64,Hombre,7.1,136,43.7,5,0,0,-0.53,3,149,-1.06,36,0
2379,65,Hombre,7.2,135,57.6,156,0,0,-0.147,135,126,-1.64,36,0
2380,66,Mujer,5.6,160,59.2,424,1,0,0.477,683,163,-4.07,36,0
2381,64,Hombre,7.7,146,42.2,582,1,1,-0.357,407,125,-2.7,36,0
2382,60,Mujer,8.8,120,48,172,0,1,-0.625,92,112,0.07,36,0
2383,56,Hombre,9,132,44.8,208,0,0,0.257,269,147,-0.83,36,0
2384,34,Mujer,8.7,128,56.3,23,1,0,0.011,23,123,-2.7,36,0
2385,49,Hombre,8.9,135,51.3,48,0,1,1.164,154,128,-3.99,36,0
2386,75,Hombre,8.3,143,36,359,1,1,0.019,366,146,-2.39,36,0
2387,80,Mujer,5.7,139,28.3,63,0,0,0.435,97,135,-2.97,36,0
2388,54,Hombre,7.2,123,43.7,64,1,1,0.731,133,127,-1.95,36,0
2389,74,Hombre,7.1,138,52.2,34,0,0,-0.674,17,132,-2.1,36,0
2390,69,Hombre,7.6,127,32.5,148,1,0,-0.397,99,129,-1.6,36,0
2391,53,Mujer,9.6,124,42.8,63,0,0,0.121,71,129,-1.94,36,0
2392,70,Hombre,9.1,152,55.1,35,0,0,-0.271,27,148,-2.82,36,0
2393,60,Hombre,6,131,54.3,26,1,0,0.528,44,116,0.16,36,0
2394,66,Mujer,6.4,123,50,30,0,0,1.124,92,131,-2.3,36,0
2395,49,Hombre,10,126,34.1,133,0,0,0.501,219,121,-3.95,29.87,1
2396,58,Mujer,8.7,120,62.4,35,1,1,0.113,39,113,-1.74,36,0
2397,53,Hombre,8.9,112,45,108,0,1,-0.512,65,90,-0.37,36,0
2398,77,Hombre,7.4,151,39.4,122,0,0,0.647,233,153,-3.69,36,0
2399,54,Hombre,7.6,125,38.7,139,0,0,-0.337,99,131,-0.16,36,0
2400,42,Mujer,8,146,59.6,123,0,1,-0.275,93,131,-1.36,36,0
2401,70,Hombre,6.8,141,43.3,32,1,0,0.157,37,151,-2.59,36,0
2402,52,Hombre,9.6,105,42.2,173,1,1,0.623,323,110,-4.24,36,0
2403,54,Hombre,8.6,125,53.4,104,0,0,-0.494,63,145,-1.6,36,0
2404,44,Mujer,7.7,141,65.1,217,0,1,-0.686,109,139,0.38,36,0
2405,72,Mujer,7.6,100,47,15,0,0,0.466,24,126,-2.37,36,0
2406,66,Hombre,8.1,133,43.4,278,0,0,-0.039,267,136,-0.09,36,0
2407,49,Mujer,9.2,129,54.7,190,0,1,-1.291,52,119,0.93,36,0
2408,67,Hombre,8.2,133,64.2,318,0,1,-0.408,212,141,0.14,36,0
2409,56,Mujer,7.9,114,48.9,93,0,0,-0.463,59,101,0.55,36,0
2410,60,Hombre,7.8,112,38.1,106,0,0,-0.139,92,111,0.74,36,0
2411,50,Hombre,7,115,41.5,62,0,0,0.63,116,120,-1.32,36,0
2412,52,Mujer,7,119,36.8,103,0,0,-0.54,60,122,1.01,36,0
2413,67,Hombre,8.3,138,50.2,724,1,1,0.76,1549,136,-3.95,36,0
2414,52,Mujer,10.9,124,50.3,495,1,1,-0.495,302,126,-3.56,36,0
2415,50,Hombre,7.3,128,40.7,358,1,0,-0.254,278,123,-1.47,36,0
2416,62,Mujer,9.8,131,39.3,78,0,1,0.13,89,142,-1.34,36,0
2417,81,Mujer,7.4,136,34.9,138,0,0,-0.97,52,137,-0.69,36,0
2418,69,Mujer,6.6,125,57.8,25,0,0,0.64,47,107,-0.96,36,0
2419,76,Mujer,9.5,125,53.8,251,1,1,-0.286,189,117,-1.44,36,0
2420,68,Mujer,5.5,146,60.4,20,0,0,0.268,26,122,-2.04,36,0
2421,52,Hombre,5.5,137,45.6,82,0,0,0.069,88,131,-2.41,36,0
2422,64,Hombre,7.4,140,45.5,697,0,0,0.534,1189,135,-4.73,36,0
2423,70,Hombre,8.1,130,39.3,94,0,1,-0.703,47,100,-2.24,36,0
2424,66,Mujer,8.3,151,47.7,183,0,0,0.028,188,147,-0.73,36,0
2425,75,Mujer,7.3,110,51.5,416,1,1,-0.699,207,107,-3.02,36,0
2426,72,Hombre,8.8,129,40.3,39,1,0,0.64,74,136,-4.98,36,0
2427,56,Hombre,7,109,51.9,94,0,0,-0.391,64,127,-0.19,36,0
2428,52,Hombre,10.4,126,40.1,352,0,1,-0.505,212,127,-1.83,36,0
2429,61,Mujer,8.9,115,60.4,32,1,0,0.302,43,118,-3.43,29,1
2430,85,Hombre,7.2,152,51.6,967,0,1,-0.356,677,145,-3.91,36,0
2431,60,Hombre,8.1,138,46.9,173,0,0,-0.192,143,134,-4.25,36,0
2432,61,Hombre,7.5,127,50.2,91,1,1,-0.304,67,133,-3.46,36,0
2433,44,Mujer,8,124,52.3,339,0,1,0.167,401,126,-4.32,36,0
2434,62,Hombre,8.2,134,50.6,302,0,1,0.476,486,113,-2.95,36,0
2435,68,Mujer,9.1,143,34.5,76,0,0,-0.076,70,154,-4.08,36,0
2436,55,Hombre,6.1,147,57.3,156,0,1,0.1,172,133,-2.71,36,0
2437,67,Mujer,9.8,136,41.7,47,0,1,-0.115,42,141,-3.26,25.01,1
2438,71,Hombre,7.8,141,45.8,577,0,0,-0.445,370,136,-1.96,36,0
2439,58,Hombre,6.9,118,52.2,202,1,0,-0.591,112,123,1.66,36,0
2440,46,Mujer,5.5,150,41.6,521,0,1,-0.175,437,140,-3.34,36,0
2441,60,Mujer,5.7,152,52.6,543,1,0,-0.594,300,130,-2.49,36,0
2442,41,Hombre,5.5,142,73.2,59,0,1,-0.626,32,140,3.89,36,0
2443,61,Mujer,6.6,137,38,78,1,0,1.517,356,122,-6.17,36,0
2444,71,Mujer,9,137,36.4,209,0,1,0.169,247,128,-3.34,36,0
2445,51,Mujer,9.5,124,49.8,125,1,1,-0.149,108,116,-0.75,36,0
2446,62,Hombre,8.4,154,60.1,56,0,0,-0.032,54,164,-1.23,36,0
2447,63,Hombre,6.2,156,69.5,185,0,0,0.261,240,156,-2.87,36,0
2448,72,Hombre,8.6,155,42,442,1,1,-0.87,185,143,-0.99,36,0
2449,57,Mujer,8.6,132,38.6,93,0,0,0.109,104,129,-4.69,36,0
2450,58,Hombre,8.9,135,44.8,24,0,0,0.865,57,136,-2,36,0
2451,73,Mujer,6,172,43.2,42,0,1,0.152,49,170,-0.83,36,0
2452,57,Mujer,7.3,123,59.5,114,0,0,0.369,165,137,-2.28,36,0
2453,69,Hombre,7.9,129,45.6,48,1,0,-0.159,41,142,-2.8,36,0
2454,65,Hombre,9.2,142,59.4,40,0,1,0.133,46,135,-1.03,36,0
2455,58,Hombre,7.5,147,65.8,239,0,0,-0.179,200,140,-1.7,36,0
2456,42,Hombre,5.5,101,53.8,22,0,0,-0.333,16,89,-0.09,36,0
2457,74,Hombre,8.6,150,48,93,0,0,0.662,180,144,-5.3,36,0
2458,50,Hombre,10.6,144,58.9,361,0,1,-1.354,93,145,0.41,36,0
2459,68,Hombre,7.7,136,45.5,178,0,1,0.019,181,130,0.08,36,0
2460,66,Mujer,8.7,136,25.3,266,0,0,0.716,544,133,-2.06,36,0
2461,66,Hombre,9,138,49.8,203,0,1,-0.18,169,142,0.81,36,0
2462,47,Hombre,7.5,133,50.9,257,0,1,0.619,477,126,-1.59,36,0
2463,57,Mujer,7.8,162,61.8,84,0,1,-0.545,49,154,-0.34,36,0
2464,43,Mujer,7,121,46,91,1,1,-0.22,73,95,1.06,36,0
2465,60,Mujer,7.7,125,27.4,49,1,0,-0.215,40,141,-1.55,36,0
2466,71,Mujer,6.5,138,56,81,0,1,-0.293,60,133,-1.25,36,0
2467,62,Hombre,8.8,147,45.1,111,1,0,0.281,147,143,-1.98,4.34,1
2468,75,Hombre,9.8,142,43.4,242,0,1,-0.514,145,116,-1.95,36,0
2469,59,Hombre,7.3,140,54.1,33,1,0,-0.273,25,133,-2.35,36,0
2470,69,Mujer,6.4,121,51.4,34,0,0,0.073,37,121,-0.74,36,0
2471,63,Hombre,8.8,147,36.2,59,0,0,0.863,140,142,-3.3,36,0
2472,62,Hombre,6.6,143,40.8,201,0,0,-0.815,89,134,-1.93,36,0
2473,63,Mujer,7.4,134,56.4,107,0,1,0.32,147,131,0.46,36,0
2474,59,Mujer,7.4,148,53.4,30,0,0,-0.084,28,153,-2.33,36,0
2475,65,Hombre,7.5,127,37.2,335,0,0,0.014,340,137,-1.58,36,0
2476,64,Hombre,7.4,151,47,109,0,1,-0.337,78,144,-2.27,36,0
2477,77,Mujer,9.2,125,43.2,137,0,1,-0.338,98,107,-0.93,36,0
2478,63,Hombre,8.6,159,39.3,409,0,0,1.4,1658,155,-7.38,32.99,1
2479,74,Mujer,8.4,144,52,220,0,0,-0.074,204,147,-4.21,36,0
2480,52,Mujer,8.2,141,45.2,453,0,1,-0.467,284,145,-0.97,36,0
2481,59,Hombre,7.9,131,42,208,0,0,-0.369,144,124,-2.53,36,0
2482,66,Hombre,6.2,148,53.8,10,0,0,0.806,22,146,-1.33,36,0
2483,55,Hombre,7.5,121,47.9,103,0,1,0.084,112,101,-0.17,36,0
2484,80,Hombre,8.7,154,44.9,196,1,0,0.407,294,148,-3.76,36,0
2485,63,Mujer,7.2,134,40.9,302,0,0,0.513,504,159,-5.56,36,0
2486,56,Hombre,9.3,101,63.3,146,0,0,-0.835,63,91,2.31,36,0
2487,61,Hombre,7.4,120,43.7,62,1,1,1.07,181,120,-5.47,36,0
2488,69,Mujer,7.4,163,48.6,743,0,1,0.792,1640,140,-6.36,36,0
2489,64,Hombre,7.8,117,59.4,64,1,1,-1.416,16,122,4.46,36,0
2490,68,Hombre,8.1,144,57.2,83,0,1,-0.537,49,136,-2.82,22.49,1
2491,69,Mujer,6,126,49.7,118,0,1,0.011,119,119,-4.32,36,0
2492,59,Mujer,8.8,131,50.2,37,0,0,0.363,53,138,-3.19,36,0
2493,64,Mujer,8.8,133,52.8,189,1,1,-0.111,169,131,-2.16,36,0
2494,61,Hombre,7.9,137,39.8,129,0,1,-1.708,23,131,0.33,36,0
2495,74,Hombre,7.8,136,45.3,153,1,1,-0.399,103,131,-1.27,36,0
2496,61,Hombre,9.5,107,41.9,390,1,1,-0.484,240,94,-2.96,36,0
2497,61,Hombre,7,123,49.8,33,0,0,-0.233,26,123,-1.18,36,0
2498,77,Hombre,8.6,146,56.4,289,0,0,-0.426,189,144,-1.35,36,0
2499,58,Hombre,7.4,142,31.7,21,0,0,0.038,22,144,-1.91,36,0
2500,64,Mujer,6.7,127,49.4,263,0,1,0.623,491,119,-3.87,36,0
2501,56,Hombre,7.7,127,36.7,144,0,1,-0.801,65,126,0.08,36,0
2502,52,Mujer,7.8,118,55.1,383,1,1,-0.5,232,108,-1.5,36,0
2503,73,Mujer,7.4,149,42.6,435,1,1,0.206,534,140,-4.9,36,0
2504,71,Hombre,5.9,121,56.2,77,1,1,-0.292,58,114,-1.31,36,0
2505,60,Hombre,7.4,122,38.6,73,0,0,0.014,74,123,-2.03,36,0
2506,80,Hombre,7.5,108,29.8,585,0,0,-0.37,404,92,-3.68,36,0
2507,61,Mujer,6.7,124,44,199,1,0,0.413,301,113,-3.97,36,0
2508,77,Hombre,6.4,138,30.2,397,0,1,0.083,431,133,-3.94,36,0
2509,50,Mujer,8.1,141,51.5,139,0,1,0.451,218,142,-1.8,0.36,1
2510,57,Hombre,8,118,44.6,416,0,1,-1.029,149,115,0.89,36,0
2511,69,Hombre,10.1,140,34.3,401,0,0,-0.037,386,143,-4.56,36,0
2512,69,Mujer,8.1,159,56,536,0,1,0.343,755,141,-1.74,36,0
2513,88,Hombre,8.1,142,31.4,726,0,1,0.028,747,142,-2.3,36,0
2514,79,Mujer,10.1,140,44,87,1,0,0.669,170,143,-4.39,36,0
2515,49,Mujer,9.3,139,53.1,68,0,1,-0.302,50,118,-3,36,0
2516,60,Mujer,8,160,43.7,386,0,1,-0.511,232,153,-1.12,36,0
2517,71,Mujer,9.2,170,31,852,0,0,-1.538,183,165,-0.06,36,0
2518,58,Hombre,7.7,133,40,192,0,0,0.197,234,150,-3.94,36,0
2519,66,Hombre,9,151,64.9,139,1,1,0.023,142,152,-2.57,36,0
2520,57,Hombre,8.6,152,55.2,106,0,1,0.338,149,150,-1.91,36,0
2521,51,Mujer,8.2,131,59.9,75,0,1,-0.073,70,127,0.2,36,0
2522,80,Hombre,8.8,166,54.5,62,0,1,0.226,78,151,-4.98,36,0
2523,64,Hombre,7,130,54.3,167,0,0,0.995,452,137,-4.47,36,0
2524,63,Mujer,6.5,131,37.5,73,0,0,-0.385,50,123,-1.52,36,0
2525,77,Hombre,6.5,140,38.8,316,1,0,-0.465,199,148,-1.73,36,0
2526,59,Mujer,8.3,148,43.8,51,0,0,0.108,57,154,-2.54,36,0
2527,68,Mujer,9,145,63.4,318,1,1,-0.335,227,141,-3.02,35.97,1
2528,64,Mujer,8.4,164,41.2,362,1,0,-0.82,159,169,-2.22,36,0
2529,65,Hombre,7.4,98,48.2,42,0,0,-1.038,15,89,1.17,36,0
2530,57,Hombre,6.8,137,21.7,700,1,0,-0.623,375,128,-2.11,36,0
2531,58,Hombre,8.3,123,48.2,89,0,1,-0.746,42,126,1.79,36,0
2532,57,Mujer,8.7,138,41.9,25,1,1,-0.102,23,138,-0.35,36,0
2533,56,Mujer,6.3,129,43.5,51,0,1,-0.271,39,122,-0.98,36,0
2534,64,Hombre,8.6,139,45.2,123,0,0,-0.232,97,138,-1.59,36,0
2535,59,Hombre,8.1,119,59.4,59,0,0,0.399,88,125,-3.82,36,0
2536,70,Hombre,5.7,142,48.8,75,0,1,-0.097,68,137,0.13,36,0
2537,72,Hombre,10,194,39.4,793,0,0,0.422,1209,195,-4.01,36,0
2538,75,Hombre,7.7,118,38.1,19,0,0,0.112,21,106,-0.54,36,0
2539,62,Hombre,7.3,137,45.3,163,0,0,0.778,355,132,-6.56,36,0
2540,62,Hombre,8.3,98,57.8,42,0,0,-0.325,30,96,-0.3,36,0
2541,58,Hombre,9.2,126,44.1,84,0,1,-0.859,36,109,1.12,36,0
2542,76,Mujer,6.8,140,34.7,30,0,1,0.345,42,147,-2.46,6.09,1
2543,53,Mujer,6,123,46.5,122,0,0,-0.548,71,123,0,36,0
2544,73,Mujer,7.1,124,43.5,19,1,1,-0.304,14,122,-1.02,36,0
2545,81,Mujer,7,151,40,148,1,0,0.47,237,145,-2.91,36,0
2546,70,Hombre,7.2,124,31.9,557,0,0,-0.879,231,117,-0.12,36,0
2547,63,Mujer,5.8,151,59.8,129,0,1,-0.165,109,141,0.07,36,0
2548,60,Hombre,9.4,149,36.4,218,0,0,-0.448,139,152,-3.56,36,0
2549,46,Hombre,5.5,129,36.9,764,0,1,0.141,879,118,-4.06,36,0
2550,76,Hombre,7.7,135,24.6,605,1,1,-0.811,269,117,-2.46,36,0
2551,71,Hombre,8.9,150,34.1,748,0,1,-1.148,237,140,-0.91,36,0
2552,84,Mujer,6.7,150,30.7,217,0,0,-0.533,127,147,-2.45,36,0
2553,62,Hombre,7.3,151,46.8,62,0,1,-1.18,19,145,-0.49,36,0
2554,60,Mujer,8.9,119,49.2,31,1,1,0.571,55,110,-2.73,36,0
2555,54,Hombre,9.5,123,40.5,122,0,1,-0.192,101,110,-0.82,36,0
2556,76,Hombre,7.8,147,50.9,1254,0,0,-0.256,971,154,-1.68,36,0
2557,48,Hombre,7.3,140,53.1,38,0,1,-0.616,21,133,1.83,36,0
2558,64,Mujer,8.7,152,44.6,113,1,1,-0.745,54,147,-1.52,36,0
2559,61,Hombre,7.4,135,45.5,124,1,0,-0.044,119,140,-2.44,36,0
2560,51,Mujer,7.6,130,58.2,16,0,1,-1.117,5,126,1.15,36,0
2561,73,Hombre,7.1,128,48.1,383,0,0,-0.674,195,138,-1.43,36,0
2562,46,Mujer,6.9,123,26.2,71,0,0,0.017,72,119,-0.18,36,0
2563,66,Hombre,7.6,124,58.4,62,1,1,0.498,102,118,-2.42,36,0
2564,67,Hombre,7.2,119,41.9,603,0,1,0.299,814,113,-1.49,36,0
2565,54,Mujer,7.6,140,54.4,45,0,0,-0.147,39,129,-0.55,36,0
2566,81,Mujer,7.6,148,48,393,0,0,0.208,484,151,-5.7,36,0
2567,56,Mujer,11.1,137,61.3,597,0,1,-0.626,319,136,-1.34,36,0
2568,64,Hombre,7.8,112,43.9,57,0,1,0.269,75,103,-2.27,36,0
2569,40,Hombre,5.8,133,46.6,34,0,1,-0.082,31,120,0.11,36,0
2570,56,Mujer,6.2,139,57.1,400,0,1,-1.023,144,138,-1.42,36,0
2571,77,Hombre,7.8,157,30.9,301,0,0,0.702,608,153,-4.18,36,0
2572,67,Hombre,7.9,160,41.2,77,0,1,0.115,86,143,-6.18,36,0
2573,67,Mujer,5.9,120,60.9,177,1,1,-1.392,44,123,1.77,36,0
2574,51,Mujer,7.3,128,54.4,47,0,0,-0.067,44,135,-2.1,36,0
2575,51,Mujer,7.8,159,43.8,316,0,1,-0.015,311,143,-2.96,36,0
2576,81,Mujer,8.2,140,35.2,239,1,1,-0.225,191,139,-1.45,36,0
2577,69,Mujer,7.1,137,52.3,51,0,1,-0.111,46,112,-1.62,36,0
2578,62,Mujer,8.3,131,40.7,88,0,0,0.379,129,124,-2.26,36,0
2579,67,Hombre,6.5,152,40.8,150,0,0,0.286,200,162,-5.27,36,0
2580,56,Hombre,7.3,117,52.7,52,0,1,-0.385,35,102,0.02,36,0
2581,62,Mujer,7.1,115,50.2,58,0,1,0.102,64,127,0.11,36,0
2582,67,Hombre,6.5,153,41.9,41,0,1,0.569,72,145,-3.32,36,0
2583,60,Hombre,9.5,126,47.3,252,1,0,0.811,567,124,-2.62,1.27,1
2584,59,Hombre,10.9,143,41.8,171,0,0,0.269,224,142,-4.4,36,0
2585,68,Hombre,7.6,137,43.4,36,0,0,-0.401,24,132,-5.32,36,0
2586,68,Hombre,7.1,102,49.5,162,1,1,-0.975,61,90,-0.04,36,0
2587,83,Hombre,8.6,143,48.7,190,1,0,0.639,360,145,-4.42,36,0
2588,60,Hombre,7.1,127,71.3,54,1,1,-0.368,37,134,0.94,36,0
2589,60,Hombre,9.7,116,52.1,150,0,1,-0.517,89,105,-1.08,36,0
2590,59,Hombre,7.6,140,52.4,94,1,1,-0.623,50,122,0.19,36,0
2591,77,Mujer,7.3,132,52.2,116,0,0,-1.047,41,117,-0.48,36,0
2592,66,Hombre,8.3,145,44.8,58,1,1,-1.002,21,148,-0.56,36,0
2593,74,Hombre,8.7,152,42.4,87,1,0,-1.277,24,163,-0.11,36,0
2594,75,Hombre,8.2,127,47.2,135,1,1,-0.474,84,138,-1.15,36,0
2595,58,Hombre,6.5,143,55.7,52,0,0,-0.169,44,133,-0.07,36,0
2596,74,Hombre,8.9,119,30.3,241,1,0,-0.001,241,119,-2.27,36,0
2597,63,Mujer,7,137,45.6,126,0,1,0.305,171,130,-0.76,36,0
2598,76,Mujer,7.8,120,32.3,180,0,1,-0.292,134,117,-2.6,36,0
2599,83,Hombre,11.5,143,28.6,4889,1,1,-0.772,2259,135,-3.05,36,0
2600,64,Hombre,7.6,133,47.1,9,0,0,0.035,9,131,-0.13,36,0
2601,75,Hombre,9,107,37.9,465,0,0,0.814,1050,112,-5.23,36,0
2602,56,Mujer,6.2,136,45.2,194,1,1,-0.147,167,141,-1.77,36,0
2603,72,Mujer,9.9,141,39.3,224,0,0,0.09,245,152,-4.25,36,0
2604,68,Hombre,7.6,137,50.1,20,0,0,-0.047,19,135,-1.7,36,0
2605,57,Mujer,8.9,109,47,64,0,1,0.305,87,100,-0.85,36,0
2606,64,Hombre,7.4,109,58.6,227,0,1,-0.697,113,119,-1.26,36,0
2607,67,Mujer,7,144,48.7,82,0,0,0.404,123,136,-4.23,36,0
2608,64,Hombre,8.5,176,47,349,0,1,0.39,515,174,-5.11,11.89,1
2609,59,Hombre,9.8,107,32.4,142,0,0,-0.647,74,105,-2.32,36,0
2610,71,Mujer,7.4,112,46.7,80,0,0,0.498,132,106,-4.32,36,0
2611,65,Mujer,7,121,47.5,41,1,0,0.071,44,125,-3.27,36,0
2612,47,Mujer,8.5,137,49.7,414,0,1,-1.072,142,140,2.9,36,0
2613,63,Hombre,8,115,41.7,79,0,0,0.076,85,114,-2.26,36,0
2614,68,Hombre,8,154,42.9,88,0,0,-0.228,70,158,-2.24,36,0
2615,51,Hombre,8.1,119,69.5,122,0,1,-1.588,25,103,3.16,36,0
2616,54,Hombre,7.4,115,51.1,39,0,1,0.681,77,113,-2.44,36,0
2617,59,Mujer,8.1,112,33,293,1,1,-0.846,126,92,-1.32,36,0
2618,73,Mujer,6.4,119,49.1,22,1,0,0.707,45,127,-2.99,36,0
2619,65,Hombre,5.9,125,36.5,103,0,0,-0.171,87,127,0.55,36,0
2620,71,Hombre,6.9,143,43,16,0,1,-0.119,14,146,-0.98,36,0
2621,71,Hombre,7.9,150,55.2,204,0,1,-0.356,143,147,-3.41,36,0
2622,45,Mujer,8.6,146,46.1,972,1,1,0.215,1205,141,-2.65,29.77,1
2623,63,Hombre,6.5,116,43.9,99,0,0,-0.092,90,121,-1.12,36,0
2624,71,Mujer,8.5,137,36.3,328,0,0,0.179,392,128,-5.16,30.23,1
2625,71,Hombre,6.7,139,43.5,12,1,0,0.875,29,145,-2.57,36,0
2626,54,Hombre,5.8,148,36.6,12,0,0,0.807,27,151,-1.64,36,0
2627,61,Mujer,7.6,164,33.7,42,0,1,0.263,55,161,-3.67,36,0
2628,60,Mujer,7.1,120,54.9,81,1,1,-0.952,31,110,0.79,36,0
2629,71,Hombre,8,121,35,1201,1,1,-0.331,863,105,-4.15,36,0
2630,58,Mujer,7.2,145,46.2,43,0,0,0.977,114,164,-4.86,36,0
2631,40,Mujer,7.5,155,62.3,133,0,1,-0.125,117,150,-0.6,36,0
2632,73,Hombre,7.3,120,57,24,0,0,-1.048,8,110,0.37,36,0
2633,70,Hombre,8.2,114,41.2,175,1,1,-0.075,162,107,-3.52,36,0
2634,78,Mujer,7.9,143,52.7,30,0,0,-0.144,26,148,-2.07,36,0
2635,70,Mujer,7.3,118,34.1,103,0,1,-0.938,40,112,0.48,36,0
2636,69,Hombre,9.5,126,37.3,78,0,1,0.028,80,121,-0.59,36,0
2637,58,Hombre,8.7,167,57,476,0,1,0.23,599,159,-4.73,36,0
2638,58,Mujer,6.3,124,47.4,176,1,1,-0.111,157,126,-0.35,36,0
2639,46,Hombre,9.2,121,55.1,70,1,1,0.045,73,103,-3.83,36,0
2640,70,Mujer,5.8,145,33.4,84,0,0,0.773,182,135,-3.27,36,0
2641,51,Hombre,9.6,174,45.2,36,1,1,0.183,43,182,-2.79,36,0
2642,44,Hombre,6.7,120,42.5,125,0,1,0.164,147,117,-0.61,36,0
2643,69,Hombre,10.3,131,47.4,867,1,1,-0.885,358,117,-1.65,36,0
2644,63,Hombre,5.6,158,54,35,0,0,0.201,43,154,-0.62,36,0
2645,79,Hombre,8,135,41.4,48,0,1,-0.899,20,151,-1.35,36,0
2646,84,Hombre,7,149,27.3,745,1,1,0.183,895,149,-5.02,17.67,1
2647,60,Mujer,5.5,136,51.2,24,1,1,0.348,34,128,-0.55,36,0
2648,55,Mujer,7.8,133,39.2,114,1,0,-0.576,64,131,-3.02,36,0
2649,67,Mujer,9.9,136,47.3,60,1,1,-1.047,21,136,0.02,36,0
2650,44,Hombre,8,139,51.5,17,0,1,-0.417,11,132,-1.54,36,0
2651,66,Hombre,7.2,138,29.2,29,0,0,0.037,30,126,-0.5,36,0
2652,66,Hombre,10,128,46.9,889,0,0,-0.652,463,128,-0.22,36,0
2653,55,Hombre,9.5,132,52.5,259,0,1,-0.935,102,128,0.59,36,0
2654,48,Hombre,7.3,95,69.8,16,0,0,-0.174,13,96,0.04,36,0
2655,69,Hombre,7.5,156,37.5,96,0,1,-0.319,70,143,-1.85,36,0
2656,62,Mujer,8.3,119,53.3,33,1,1,-0.504,20,126,-0.26,36,0
2657,70,Hombre,8,142,52.4,40,0,0,0.188,48,137,-1.34,36,0
2658,57,Hombre,8.7,146,54.6,1056,0,1,0.353,1503,135,-4.32,36,0
2659,49,Hombre,6.1,129,57.5,36,0,0,0.409,54,128,-1.28,36,0
2660,69,Mujer,8.9,144,56.8,52,0,1,-1.161,16,136,0.83,36,0
2661,62,Mujer,8.3,123,68,173,0,0,0.483,280,131,-1.45,36,0
2662,68,Mujer,5.8,137,41.9,11,0,0,0.244,14,128,-1.09,36,0
2663,58,Hombre,6.9,163,57.1,185,0,0,0.565,326,167,-3.13,36,0
2664,63,Hombre,9.7,107,42.4,129,1,0,0.192,156,112,-2.65,36,0
2665,62,Mujer,8.2,134,43,105,1,0,-0.115,94,120,-0.65,36,0
2666,74,Hombre,8.1,116,36.1,70,1,1,0.193,85,99,-2.3,36,0
2667,63,Mujer,7.2,135,52,50,0,0,-0.149,43,117,-3.9,36,0
2668,69,Mujer,6.7,122,32.2,349,0,0,1.495,1556,135,-6.44,24.44,1
2669,67,Hombre,6.7,145,37.4,243,0,1,-0.685,123,136,-1.52,36,0
2670,55,Hombre,5.5,140,58.3,22,1,0,0.256,28,150,-1.29,36,0
2671,60,Hombre,6.5,143,47.3,126,1,1,-0.009,125,131,-2.71,36,0
2672,70,Hombre,10.6,133,45.9,1171,0,1,-0.872,490,130,-2.57,18.94,1
2673,46,Mujer,7.8,150,68.6,49,0,1,0.263,64,132,-0.66,36,0
2674,57,Mujer,8.1,126,47,25,0,0,0.217,31,127,-0.46,36,0
2675,54,Mujer,7,141,63.8,44,0,1,0.606,81,126,-2.96,36,0
2676,65,Hombre,10.7,134,40.2,87,0,0,-0.228,69,136,-0.44,36,0
2677,44,Mujer,7.3,128,42.6,915,0,0,-0.635,485,121,-1.1,36,0
2678,49,Mujer,7.7,154,52.3,612,0,1,-0.202,500,152,-1.89,36,0
2679,63,Mujer,8.7,152,29.7,247,0,0,-0.339,176,135,-0.4,36,0
2680,62,Mujer,7.5,129,50,201,0,1,-0.895,82,117,-1.11,36,0
2681,63,Hombre,8.3,129,38.4,21,0,0,-0.091,19,134,-1.41,36,0
2682,62,Hombre,7.1,119,50.1,221,0,0,0.488,360,121,-1.43,36,0
2683,72,Mujer,6.8,142,37,36,0,1,0.062,38,125,-0.47,36,0
2684,70,Mujer,7,143,47.2,323,0,1,-0.643,170,138,-2.35,36,0
2685,84,Mujer,8.1,136,24.6,110,1,1,-0.299,82,124,-5.03,36,0
2686,61,Mujer,8.3,149,45.6,204,0,0,1.04,577,152,-7.06,36,0
2687,58,Hombre,8,121,39,113,0,1,1.197,374,120,-4.25,36,0
2688,64,Hombre,7.9,171,55.9,287,0,1,-0.708,141,172,-1.87,36,0
2689,59,Hombre,9.3,139,62.1,1172,0,1,0.152,1365,131,-3.52,36,0
2690,69,Hombre,5.5,113,42.5,255,1,0,-0.978,96,117,-1.79,36,0
2691,65,Mujer,8.6,123,51.7,83,0,1,-0.237,65,102,-3.74,36,0
2692,66,Mujer,8.3,106,56,85,0,1,-0.554,49,93,1.04,36,0
2693,55,Mujer,7,128,42.9,44,0,0,0.315,60,125,-2.66,36,0
2694,57,Mujer,7.7,127,54.7,96,1,1,0.708,195,130,-2.57,36,0
2695,66,Hombre,8.1,95,58.3,152,1,0,-0.624,81,82,0.21,36,0
2696,58,Hombre,8.2,135,31.1,176,0,1,-0.033,170,134,-1.55,36,0
2697,65,Hombre,7.4,102,51,572,0,1,-0.355,401,106,-0.02,36,0
2698,71,Hombre,6.6,152,41.1,981,0,1,0.074,1056,154,-3.67,36,0
2699,60,Hombre,5.5,145,46,166,0,1,-0.394,112,137,-2.04,36,0
2700,73,Hombre,10,111,53.5,114,0,1,-0.937,45,117,-2.16,36,0
2701,62,Mujer,9.9,147,46.6,237,0,0,-0.317,173,139,-1.42,36,0
2702,77,Mujer,8.4,165,36.4,131,1,0,1.085,388,154,-6.72,15.04,1
2703,72,Mujer,10.9,145,36.8,331,0,1,0.649,633,130,-3.68,36,0
2704,58,Hombre,9.4,143,43.5,289,0,0,1.005,790,150,-4.21,36,0
2705,68,Hombre,7.7,143,22.8,293,1,1,-0.352,206,154,-2.78,36,0
2706,66,Hombre,7.7,125,47.3,391,1,1,0.309,533,130,-4.88,36,0
2707,77,Mujer,9.8,136,47.8,231,0,1,-0.266,177,135,-1.99,36,0
2708,79,Mujer,7,133,41.8,259,1,0,0.117,291,122,-5.32,36,0
2709,56,Hombre,7.6,131,42.7,402,0,1,-1.053,140,118,-1.41,36,0
2710,62,Hombre,6.4,100,56.5,50,0,0,-1.707,9,95,2.66,36,0
2711,53,Hombre,8.5,140,54.8,338,0,0,0.899,830,142,-2.64,36,0
2712,72,Mujer,9.2,130,29.1,184,0,0,0.412,278,116,-4.91,27.88,1
2713,66,Mujer,8.6,150,38.6,1581,0,1,-0.864,666,157,-2.39,36,0
2714,59,Mujer,8.4,152,34.9,191,0,1,-0.307,140,160,-1.25,17.4,1
2715,50,Hombre,9.1,155,53.8,70,0,0,-1.029,25,155,-1.94,36,0
2716,56,Mujer,8.9,134,60.1,50,0,0,-0.279,38,140,0.78,36,0
2717,72,Mujer,7.8,142,39,31,1,0,-0.282,23,148,-0.04,36,0
2718,60,Mujer,6.7,139,39,146,0,0,-0.566,83,130,-0.51,36,0
2719,65,Hombre,6.9,153,54.5,472,0,0,-0.702,234,146,-0.55,36,0
2720,63,Hombre,8.1,125,51.7,143,0,1,-0.867,60,109,-0.43,36,0
2721,64,Hombre,9.2,154,47.5,35,1,0,0.915,87,144,-4.89,36,0
2722,77,Mujer,7.4,140,40.5,222,0,0,-0.31,163,142,-2.25,36,0
2723,57,Hombre,8.8,160,32.9,250,0,1,-0.265,192,167,-2.61,36,0
2724,64,Hombre,8.6,156,47.5,1086,0,1,0.551,1885,149,-5.68,36,0
2725,54,Mujer,6.2,133,32.4,75,0,0,0.42,114,129,-3.98,36,0
2726,86,Mujer,7.1,148,41.7,226,0,0,0.898,555,152,-6.06,15.11,1
2727,58,Mujer,8.8,132,53.4,163,0,1,0.579,291,133,-4.66,36,0
2728,68,Hombre,7.7,135,35.5,280,0,0,-0.257,216,128,-2.27,36,0
2729,55,Hombre,7.5,135,49.3,451,0,1,-0.962,172,132,-1.3,36,0
2730,48,Mujer,7.9,137,31.3,109,0,0,0.762,234,128,-3.92,36,0
2731,72,Hombre,7,157,47.5,342,0,1,-0.293,255,149,-2.54,36,0
2732,45,Hombre,9.4,141,49.7,239,0,1,0.297,322,120,-1.97,36,0
2733,59,Hombre,7.4,119,37.3,35,0,0,-0.194,29,124,-5.98,36,0
2734,42,Hombre,5.5,113,49.4,74,0,1,0.47,118,103,-0.7,32.1,1
2735,57,Hombre,7.3,121,33.5,284,0,0,0.118,320,109,-1.64,36,0
2736,68,Hombre,8.3,139,47.1,393,1,0,-0.333,282,135,-2.93,36,0
2737,58,Mujer,7.3,122,51.4,217,0,1,0.388,320,108,-0.71,36,0
2738,67,Hombre,8.6,127,39.4,94,0,0,-0.084,86,117,-1.91,36,0
2739,54,Mujer,7.6,151,54.1,259,0,1,0.028,266,152,-4.01,36,0
2740,76,Hombre,7.4,135,35,108,1,1,-0.782,49,128,-2.57,36,0
2741,66,Mujer,9.3,144,57.7,70,0,0,0.709,142,147,-3.7,36,0
2742,67,Mujer,7.9,152,46.5,166,1,0,0.6,302,145,-4.02,36,0
2743,67,Mujer,7.6,129,45.3,228,0,1,-0.927,90,127,-1.62,36,0
2744,54,Hombre,6.6,112,49.7,281,0,0,-0.318,204,111,-2.78,36,0
2745,76,Hombre,7.8,162,41,252,0,0,0.437,390,155,-5.85,36,0
2746,54,Hombre,7.9,127,54.5,359,0,1,-0.582,201,132,-2.55,36,0
2747,65,Hombre,7.4,162,54.3,26,0,0,0.239,33,162,-3.01,36,0
2748,62,Hombre,7.9,127,47.4,53,0,0,0.72,109,130,-1.89,36,0
2749,63,Mujer,8.5,116,30.2,150,1,0,-0.214,121,122,-1.27,36,0
2750,65,Hombre,8.2,147,52.2,195,0,0,0.716,399,161,-2.86,36,0
2751,56,Hombre,7.6,153,28.5,547,0,1,-0.153,470,138,-1,36,0
2752,66,Mujer,6.8,118,55.9,59,0,0,-0.242,46,126,0.9,36,0
2753,48,Mujer,7.8,128,46.1,159,0,1,0.035,165,120,-0.88,36,0
2754,55,Mujer,8.8,118,43.9,260,0,1,-0.718,127,124,-0.22,36,0
2755,78,Mujer,5.6,120,38.5,107,0,1,-0.265,82,125,-0.39,36,0
2756,65,Hombre,5.5,117,40,56,0,0,-0.939,22,122,1.41,36,0
2757,67,Mujer,6.6,121,45.4,26,1,1,-0.124,23,112,-0.4,36,0
2758,75,Mujer,6.5,146,61.8,26,0,1,-0.157,22,143,-2.36,36,0
2759,60,Hombre,8.2,144,48.6,89,1,0,0.126,101,144,0.19,36,0
2760,73,Hombre,7.7,139,47.5,199,0,1,-0.168,168,134,-1.34,36,0
2761,77,Mujer,6.9,150,37.9,237,1,0,0.479,383,148,-6.29,36,0
2762,74,Hombre,8.7,135,41.5,68,0,0,-0.331,49,119,-3.43,8.57,1
2763,66,Hombre,8.2,155,46.5,121,0,1,0.282,160,155,-4.9,36,0
2764,64,Mujer,7.4,128,48.6,58,0,0,0.42,88,132,-3.29,36,0
2765,61,Mujer,8,124,50.9,619,0,1,-0.578,347,113,-0.46,36,0
2766,55,Hombre,6.5,149,65.6,315,0,1,-0.476,196,145,-1.97,36,0
2767,72,Hombre,6.9,150,43.9,20,0,0,-0.601,11,165,2.88,36,0
2768,52,Hombre,5.5,121,42.4,781,0,0,-0.388,530,129,-0.23,36,0
2769,61,Mujer,8.2,126,64.8,22,0,0,0.296,30,133,0.06,36,0
2770,80,Hombre,7.1,161,43.5,144,0,1,0.112,161,147,-3.54,36,0
2771,79,Mujer,6.1,128,35.9,134,0,0,0.009,135,125,-1.68,36,0
2772,64,Mujer,8.5,121,57.1,113,1,1,0.355,161,117,-0.02,36,0
2773,71,Hombre,8.1,131,39.7,568,0,1,-0.298,422,122,-2.15,36,0
2774,64,Hombre,6.9,137,43.5,125,0,1,-0.544,73,127,1.78,36,0
2775,57,Mujer,7.8,143,52.4,127,0,1,-0.205,103,137,-1.64,36,0
2776,67,Mujer,6.1,162,47.2,226,0,0,-0.679,115,165,-1.78,36,0
2777,66,Mujer,6.3,117,47.1,78,1,1,-0.038,75,101,-3.28,36,0
2778,61,Hombre,7.8,121,45.4,20,0,0,0.361,29,105,-3,36,0
2779,60,Mujer,7.1,154,57.1,101,0,1,-0.274,77,163,-1.29,36,0
2780,77,Mujer,7.6,135,41.1,440,1,1,0.617,815,128,-4.72,36,0
2781,70,Hombre,5.7,135,40.4,22,0,1,-0.174,18,125,-0.58,36,0
2782,60,Mujer,9,95,54.3,405,0,0,0.223,506,106,-2.58,36,0
2783,67,Hombre,8.5,129,64.9,452,0,1,-0.179,378,116,-1.97,36,0
2784,88,Mujer,9.5,142,43.4,69,0,0,-0.052,65,137,-1.54,36,0
2785,73,Hombre,7.7,147,49.9,150,1,1,0.236,190,137,-3.97,36,0
2786,64,Hombre,8.3,140,54.2,45,0,0,0.196,55,141,-2.45,36,0
2787,71,Mujer,9,129,50.4,54,1,1,0.009,55,126,-0.68,36,0
2788,61,Hombre,7.8,120,48.7,165,0,0,0.248,211,130,-2.99,36,0
2789,53,Mujer,7.4,141,43.6,49,0,1,-0.702,24,143,-1.74,36,0
2790,60,Hombre,7.3,123,56.6,145,0,0,-1.011,53,129,0.79,36,0
2791,70,Mujer,9,114,34.4,248,1,0,-0.233,196,107,-2.42,36,0
2792,53,Hombre,9.4,149,46.6,279,0,0,-0.644,147,137,-0.4,36,0
2793,62,Mujer,8.2,129,30.3,388,0,0,-1.671,73,134,-0.04,36,0
2794,59,Mujer,8.4,120,50.9,106,0,1,-0.531,62,107,-0.09,36,0
2795,69,Hombre,6.3,127,50.5,127,0,1,-0.471,79,106,0.53,36,0
2796,50,Hombre,6.1,146,53,115,0,1,-0.158,98,145,-1.14,36,0
2797,76,Hombre,6.6,171,48.4,210,1,0,-0.311,154,180,-1.34,36,0
2798,69,Mujer,7.2,103,38.6,256,0,1,-0.37,177,110,-2.41,36,0
2799,70,Mujer,9.2,110,49.6,476,1,1,-1.199,143,101,-1.96,36,0
2800,78,Mujer,10.3,178,33.5,192,0,1,-0.051,182,191,-4.64,26.58,1
2801,55,Hombre,9,126,36.1,78,0,0,0.327,108,110,-4.53,36,0
2802,74,Mujer,7.7,137,43.5,758,0,0,-0.784,346,132,-0.88,36,0
2803,61,Mujer,7.6,131,53.8,10,0,0,-0.254,8,126,1.23,36,0
2804,55,Mujer,8.5,131,47.5,95,0,1,-0.753,45,120,-2.72,36,0
2805,65,Hombre,6.6,145,54.5,93,0,1,0.009,94,135,-2.54,36,0
2806,55,Hombre,7.4,128,41.6,254,1,1,-0.452,162,119,0.82,36,0
2807,78,Mujer,9.4,127,47.9,49,0,0,-0.593,27,127,-0.74,36,0
2808,64,Mujer,7.8,151,37.9,23,0,0,0.66,45,151,-4.22,36,0
2809,65,Hombre,7.5,103,38.3,34,0,0,0.073,37,89,1.58,36,0
2810,61,Hombre,8.1,121,40.3,73,0,0,0.141,84,118,0.73,36,0
2811,59,Mujer,9.1,121,66.8,197,0,1,0.231,248,113,-1.87,36,0
2812,59,Hombre,7.7,144,41.7,93,0,0,0.398,139,138,-1.46,28,1
2813,65,Mujer,7.8,157,45.2,482,0,1,-0.176,404,154,-1.22,36,0
2814,60,Hombre,7.7,124,54.2,37,0,1,1.04,105,126,-2.78,36,0
2815,57,Hombre,6.5,143,56,45,1,0,0.623,84,142,-3.5,36,0
2816,59,Hombre,7.5,117,61.2,89,0,1,0.331,124,124,-1.66,36,0
2817,59,Hombre,7.8,111,41.5,100,0,1,-0.35,70,116,-0.68,36,0
2818,63,Mujer,6.7,138,34.3,43,0,0,0.672,84,129,-3.49,36,0
2819,71,Mujer,5.9,150,40.2,46,0,0,-0.475,29,149,-1.56,36,0
2820,72,Hombre,7.8,149,39.3,38,1,1,-0.137,33,132,-1.89,36,0
2821,66,Mujer,8.1,138,43.5,97,0,0,0.647,185,132,-6.15,36,0
2822,74,Hombre,7,141,37.5,42,1,0,0.441,65,149,-6.42,36,0
2823,62,Mujer,9.1,137,67.2,62,0,1,-0.174,52,132,-0.85,36,0
2824,57,Mujer,7.7,141,52.5,174,0,0,0.497,286,141,-1.8,36,0
2825,62,Mujer,7.1,142,45.6,52,0,0,-0.164,44,142,0.85,36,0
2826,70,Hombre,8.3,128,39.8,35,0,0,0.088,38,123,-3.69,36,0
2827,84,Hombre,7.3,130,41.8,297,0,0,0.397,442,129,-5.04,36,0
2828,56,Mujer,8.3,168,49.8,191,0,0,-0.041,183,171,-2.58,36,0
2829,51,Mujer,8.9,114,60.7,268,0,1,0.043,280,119,0.12,36,0
2830,44,Mujer,9.8,141,60.9,204,0,1,0.094,224,133,-2.81,36,0
2831,72,Mujer,7.6,133,22.3,62,0,0,0.327,86,137,-2.61,36,0
2832,80,Hombre,7.6,107,48.8,132,1,0,-0.544,77,102,-2.2,36,0
2833,59,Mujer,7.7,157,24.3,725,0,1,-0.524,429,158,-2.43,36,0
2834,71,Hombre,5.9,133,39.9,132,1,1,-0.133,116,128,-1.47,36,0
2835,65,Hombre,6.5,157,46.4,13,0,0,0.753,28,161,-4.16,22.45,1
2836,64,Mujer,8.8,119,29,747,0,0,-0.293,557,118,-1.48,36,0
2837,61,Hombre,8.2,150,44.9,125,1,1,-1.031,45,144,0.15,36,0
2838,75,Hombre,6.8,117,35.9,32,0,0,-0.146,28,127,-2.27,36,0
2839,67,Mujer,7.6,153,36.4,192,0,0,0.659,371,150,-3.85,36,0
2840,45,Mujer,8.4,156,54,35,0,0,0.229,44,151,-1.9,36,0
2841,49,Hombre,8.5,137,47.3,819,0,1,-0.965,312,146,-1.1,36,0
2842,47,Hombre,10,132,53.1,123,1,1,0.379,180,127,-5.17,36,0
2843,71,Hombre,7.5,153,21.7,139,0,0,-0.02,136,179,-2.71,36,0
2844,63,Mujer,8.4,144,38.9,440,1,1,0.785,964,133,-3.78,36,0
2845,57,Mujer,8.5,146,58.8,130,0,0,0.123,147,132,-2.79,36,0
2846,49,Hombre,6.1,166,53,22,0,0,-0.09,20,156,0.24,36,0
2847,62,Mujer,6.9,169,36.1,358,1,1,-0.872,150,175,-1.01,36,0
2848,70,Mujer,6.2,152,39.2,111,1,0,-0.271,85,136,-1.18,36,0
2849,62,Mujer,6.3,137,49.2,32,0,1,0.042,33,136,1,36,0
2850,67,Hombre,5.9,127,40.3,200,0,0,-0.031,194,129,-3.59,36,0
2851,73,Mujer,7.2,116,38.2,49,1,0,-0.032,47,115,-2.35,36,0
2852,69,Mujer,8.5,158,31.8,69,0,0,0.842,160,156,-3.77,32.16,1
2853,62,Mujer,8.1,141,42.4,138,0,0,0.602,252,131,-4.2,36,0
2854,77,Hombre,7.4,145,27.7,286,0,0,-0.259,221,147,-2.09,36,0
2855,61,Mujer,8,135,47.6,338,1,1,-0.445,217,125,-2.17,26.09,1
2856,61,Mujer,8.6,145,31.2,657,0,0,-0.025,641,161,-2.51,36,0
2857,58,Mujer,10.3,142,30.4,195,0,1,0.265,254,130,-3.63,36,0
2858,71,Mujer,8.5,145,33.6,28,0,0,-0.36,20,150,0.62,36,0
2859,69,Hombre,6.2,145,36.3,117,1,1,-1.171,36,144,0.28,36,0
2860,58,Hombre,6,132,47.5,177,0,1,0.949,457,143,-4,36,0
2861,70,Mujer,10.1,134,44.2,191,1,1,-0.069,178,137,-3.37,36,0
2862,48,Mujer,6.8,144,60.9,27,0,0,0.539,46,148,-0.36,36,0
2863,70,Mujer,8.7,138,49.2,111,0,0,0.277,146,141,-3.15,36,0
2864,70,Mujer,6.3,131,58.9,65,0,1,-0.913,26,118,1.79,36,0
2865,61,Mujer,8.8,134,38.7,251,0,1,-0.37,173,129,-1.23,36,0
2866,66,Hombre,9.9,148,49.4,680,1,1,-0.44,438,137,-1.35,36,0
2867,82,Hombre,8.3,122,59.7,98,1,0,0.826,224,117,-4.89,36,0
2868,54,Mujer,9.9,111,44.9,250,0,1,-1.067,86,104,2.18,36,0
2869,64,Hombre,8,148,55.6,106,1,0,1.247,369,147,-6.91,36,0
2870,59,Mujer,8.6,126,45.9,284,1,0,0.245,363,137,-1.05,36,0
2871,56,Hombre,7.3,137,29.4,144,0,1,-0.102,130,129,-1.23,36,0
2872,54,Hombre,9.6,130,41.6,64,1,0,0.265,83,139,-2.94,36,0
2873,63,Mujer,10.8,142,51.3,162,0,1,0.057,171,125,-0.91,36,0
2874,56,Mujer,8.8,127,41.8,1158,1,1,-0.898,472,116,-1.38,19.42,1
2875,55,Hombre,8,157,43.5,160,1,1,0.348,227,149,-6.18,36,0
2876,63,Mujer,6.9,153,48.1,384,1,1,-0.145,332,146,-3.18,36,0
2877,59,Mujer,7.5,117,37.7,421,0,0,0.419,640,116,-4.68,36,0
2878,60,Mujer,8.6,117,46.4,108,1,0,0.356,154,124,-1.74,36,0
2879,59,Hombre,8.3,150,47.7,66,1,1,-0.051,63,152,-2.03,36,0
2880,60,Hombre,8.1,128,51.5,18,0,0,0.545,31,136,-4.46,36,0
2881,54,Hombre,7.4,117,39.5,92,0,1,-0.283,69,106,0.14,36,0
2882,63,Hombre,7.2,116,54.7,145,0,0,0.841,336,120,-2.84,36,0
2883,72,Mujer,6.9,148,44,68,0,0,-0.388,46,141,-2.97,36,0
2884,59,Hombre,7.8,146,58.9,112,0,1,-0.739,54,133,-0.46,36,0
2885,56,Hombre,9.9,136,45.4,136,0,0,0.621,253,135,-3,2.81,1
2886,68,Mujer,6.9,148,34.9,158,1,0,0.505,262,148,-2.83,36,0
2887,46,Hombre,9,123,55.4,261,0,1,-1.458,61,118,-0.2,36,0
2888,65,Hombre,6.7,133,51.8,21,0,1,-0.318,15,132,-0.16,36,0
2889,79,Hombre,7.1,116,35.3,26,1,1,0.235,33,99,-0.69,36,0
2890,58,Mujer,8.3,143,53.4,196,0,1,-0.719,96,144,0.23,36,0
2891,54,Hombre,6.1,158,40.5,16,0,0,0.949,41,173,-4.06,1.26,1
2892,61,Hombre,8,146,58,13,0,1,-0.035,13,139,-1.57,36,0
2893,78,Hombre,8.8,118,39.5,132,0,1,-0.91,53,117,0.29,36,0
2894,53,Mujer,7.7,129,45.4,58,0,1,-0.131,51,120,2.09,36,0
2895,54,Hombre,8.7,143,38.4,268,1,1,-1.091,90,141,-1.33,36,0
2896,64,Hombre,10.1,120,31.4,513,0,1,-0.531,302,117,-0.7,36,0
2897,75,Hombre,7.3,141,43,268,1,0,0.322,370,140,-3.68,36,0
2898,53,Mujer,8.8,112,36.1,244,1,0,-0.522,145,101,-0.03,36,0
2899,72,Hombre,6.9,144,45.1,126,1,1,-0.398,85,121,-4.05,36,0
2900,59,Hombre,8,112,49.2,1116,0,1,-0.604,610,112,0.6,36,0
2901,66,Hombre,7.4,160,43.3,209,1,0,0.615,387,150,-5.12,36,0
2902,63,Hombre,8,118,34.1,98,0,0,0.197,119,117,-3.47,36,0
2903,50,Mujer,7.2,125,55.1,125,1,0,-0.376,86,123,0.59,36,0
2904,82,Mujer,8.6,114,29.5,55,1,0,0.44,85,113,-5.03,36,0
2905,64,Mujer,7.3,153,42.9,118,0,1,0.277,156,142,-2.15,36,0
2906,67,Hombre,7.1,151,42.8,129,0,0,-0.813,57,160,0.52,36,0
2907,71,Hombre,8.4,146,33.4,96,0,0,0.423,147,145,-5.07,36,0
2908,56,Mujer,8.8,130,40.7,63,0,1,0.612,116,124,-2.78,36,0
2909,84,Hombre,7.3,142,37,182,0,0,-0.013,180,160,-3.19,36,0
2910,48,Hombre,7.2,131,61.7,102,0,1,-0.068,95,127,-1.07,36,0
2911,64,Hombre,8.1,118,36.2,206,0,0,0.214,255,103,-3.75,36,0
2912,54,Hombre,6.6,127,53.2,466,0,1,0.069,499,125,-1.29,36,0
2913,68,Mujer,8.5,111,60.6,33,1,1,-0.09,30,101,0.03,36,0
2914,78,Mujer,8.9,151,47.5,35,0,0,0.609,64,154,-3.19,36,0
2915,48,Hombre,10.9,110,50.5,83,1,1,-1.046,29,111,0.96,36,0
2916,52,Mujer,8.4,119,47.4,118,0,1,-0.858,50,127,0.89,36,0
2917,51,Mujer,10.3,123,48.8,395,0,1,-0.316,288,116,-2.13,36,0
2918,63,Mujer,8,151,37.2,174,0,1,-0.712,85,134,0.53,36,0
2919,84,Mujer,7.8,137,33.8,109,1,0,-0.173,92,132,-2.29,36,0
2920,69,Hombre,8.3,125,41.9,83,0,0,0.261,108,128,-2.06,32.77,1
2921,55,Mujer,9.4,126,54.4,268,0,0,-0.819,118,127,0.77,36,0
2922,67,Mujer,7.9,145,40.9,286,1,1,-1.133,92,143,0.96,36,0
2923,82,Hombre,7.1,141,45.3,238,0,0,-0.26,184,154,-3.25,36,0
2924,41,Mujer,8.9,144,60.4,297,0,1,-0.336,212,149,0.31,36,0
2925,67,Hombre,8.5,119,42.2,59,0,0,0.124,67,122,-4.11,36,0
2926,54,Mujer,6.8,146,34.9,11,1,0,0.235,14,135,-5.54,36,0
2927,77,Mujer,8,124,35,115,0,0,0.413,174,119,-2.65,36,0
2928,86,Mujer,7,134,33.2,26,0,0,0.37,38,124,-3.73,36,0
2929,64,Mujer,7.6,149,39.4,108,0,0,-0.381,74,150,-2.15,36,0
2930,58,Hombre,6.8,124,66.8,110,0,0,0.195,134,127,-1.09,36,0
2931,74,Mujer,8.7,127,48.5,67,1,1,-0.517,40,119,-1.29,36,0
2932,64,Mujer,5.6,184,55.1,232,0,1,-0.369,160,177,-1.14,36,0
2933,77,Mujer,6.8,119,33.2,42,0,0,-0.246,33,115,-0.91,36,0
2934,83,Hombre,8,138,41.8,140,0,1,0.074,151,131,-2.86,36,0
2935,56,Hombre,7.9,157,50.4,138,0,1,0.67,270,148,-3.48,36,0
2936,59,Mujer,6.4,119,51.1,39,1,0,0.079,42,106,-2.91,36,0
2937,49,Hombre,7.4,126,44.1,18,0,1,0.209,22,121,-0.16,36,0
2938,53,Mujer,9.3,128,54.5,228,0,0,0.607,418,129,-2.95,36,0
2939,74,Hombre,7.5,129,37.9,235,0,0,-0.459,148,131,-1.4,6.31,1
2940,70,Hombre,9.8,176,47.9,169,1,1,-0.289,127,164,-1.02,36,0
2941,70,Mujer,7.6,138,51.9,58,0,0,-0.125,51,140,-1.61,36,0
2942,69,Mujer,8.7,115,51.7,58,0,1,-0.54,34,112,1.7,36,0
2943,70,Mujer,8,153,47.4,208,0,1,0.11,232,148,-2.56,36,0
2944,74,Mujer,7,153,49.3,13,1,0,-0.361,9,158,-0.06,36,0
2945,60,Hombre,6.7,130,30.6,892,1,1,-1.054,311,113,0.47,36,0
2946,75,Mujer,5.7,161,37.8,42,0,0,0.551,73,158,-3.3,36,0
2947,68,Mujer,8.6,149,53,78,0,1,-0.256,60,143,-1.19,36,0
2948,72,Hombre,6.4,131,38.5,350,0,1,-1.977,48,126,3.07,36,0
2949,72,Hombre,7.7,136,38.8,21,1,0,0.177,25,139,-3.12,36,0
2950,56,Hombre,7.9,151,36.9,34,0,0,1.516,155,150,-5.52,31.18,1
2951,75,Mujer,8.8,137,53.1,280,0,0,0.193,340,129,-3.9,36,0
2952,57,Hombre,9.6,121,66.5,58,1,1,-0.48,36,116,-1.84,36,0
2953,61,Mujer,6.7,156,46.9,60,0,0,0.947,155,154,-4.64,36,0
2954,51,Mujer,8,127,49.1,288,0,0,0.506,478,118,-2.23,36,0
2955,68,Hombre,6.6,140,51.2,246,1,0,-0.273,187,146,-2.43,36,0
2956,73,Hombre,8.8,143,50.6,75,1,1,0.384,110,128,-4.88,36,0
2957,59,Mujer,7.1,143,48.8,178,0,0,0.885,431,136,-5.45,36,0
2958,75,Mujer,8.4,127,67.2,76,1,1,-0.02,74,103,-0.04,36,0
2959,55,Mujer,8,121,42.7,178,0,1,-0.456,113,117,-0.8,36,0
2960,75,Hombre,6,126,43.1,74,0,1,0.04,77,117,0.28,36,0
2961,54,Hombre,7.7,103,45.4,161,0,1,0.259,209,104,0.63,36,0
2962,51,Mujer,8.7,148,53.7,114,0,1,-0.175,96,136,-2.02,36,0
2963,90,Hombre,6.8,174,36.3,60,0,0,0.697,120,183,-6.37,36,0
2964,77,Hombre,6.6,139,27.8,165,0,0,0.142,190,141,-3.99,36,0
2965,61,Hombre,7,140,46.9,29,0,0,-0.023,28,136,-2.84,36,0
2966,50,Hombre,9,130,55.1,290,0,1,-1.151,92,113,0.7,36,0
2967,74,Hombre,7.1,140,41.8,177,0,0,0.221,221,143,-4.22,36,0
2968,77,Hombre,8.6,112,30.7,202,0,0,-0.426,132,119,-3.74,36,0
2969,59,Hombre,7.7,121,42.6,146,0,1,-0.186,121,115,-1.98,36,0
2970,49,Mujer,7,161,68.6,19,0,1,0.301,26,137,-0.08,36,0
2971,65,Hombre,7.6,117,33.2,161,0,0,-0.532,95,114,-2.01,36,0
2972,49,Hombre,7.7,112,55,384,0,0,0.177,458,109,-1.14,36,0
2973,81,Hombre,8,124,50.1,117,0,0,-0.429,76,137,-3.11,36,0
2974,44,Hombre,6.3,101,34.9,57,0,0,0.214,71,99,-0.45,36,0
2975,69,Mujer,7.3,159,51.4,78,0,0,0.544,134,178,-3.61,9.8,1
2976,71,Hombre,8.1,140,51,166,0,1,-0.824,73,125,-3.29,36,0
2977,65,Hombre,7.6,139,41.3,5,0,0,0.69,10,141,0.98,36,0
2978,72,Hombre,5.5,151,38.4,4,0,1,0.025,4,138,3.53,36,0
2979,63,Hombre,8,130,41.2,757,0,0,-1.22,224,117,1.16,36,0
2980,61,Mujer,8,144,42.6,126,1,1,0.356,180,137,-4.52,22.58,1
2981,56,Mujer,7.6,114,47.1,48,0,0,0.137,55,118,-0.15,28.97,1
2982,72,Hombre,7.1,140,41.5,255,0,0,-0.37,176,158,-3.15,36,0
2983,71,Mujer,9.8,150,39.1,787,0,1,-1.273,220,127,-1.48,36,0
2984,79,Mujer,6,137,35.8,141,0,1,-1.063,49,114,1.82,36,0
2985,73,Hombre,10.6,132,59.2,148,1,0,0.84,343,141,-3.2,36,0
2986,75,Mujer,7.8,169,32.3,121,0,0,0.231,152,174,-4.64,36,0
2987,62,Mujer,7.4,142,41.8,211,0,0,0.265,275,129,-3.98,36,0
2988,90,Hombre,7.9,160,35.7,233,0,0,0.456,368,164,-4.44,36,0
2989,46,Mujer,10.7,148,43,64,0,0,-0.672,33,178,-0.04,36,0
2990,57,Hombre,7.9,107,60.6,567,0,1,-0.438,366,104,-1.74,36,0
2991,60,Mujer,8,135,39.8,89,0,0,-0.023,87,120,-0.73,36,0
2992,68,Mujer,5.5,136,34.9,28,0,0,0.013,28,139,-0.37,36,0
2993,50,Mujer,8.2,116,62.6,127,0,1,-0.006,126,116,-1.39,36,0
2994,58,Hombre,7.6,140,44.5,196,0,0,0.213,243,133,-3.36,36,0
2995,77,Hombre,6.5,139,40.7,49,0,0,1.338,187,130,-3.47,36,0
2996,70,Mujer,8.4,132,65.1,46,0,0,0.151,54,127,-1.18,25.97,1
2997,72,Hombre,6.6,139,49.7,90,0,1,-0.159,77,122,-1.61,36,0
2998,50,Hombre,6.7,142,40.3,515,0,1,-0,515,142,-4.2,36,0
2999,60,Hombre,8.4,110,48.3,96,0,1,-0.416,63,108,0.5,36,0
3000,87,Mujer,10.3,117,28.5,329,0,0,-0.357,230,121,-5.52,36,0
3001,75,Mujer,6.4,155,50.6,41,1,0,0.246,52,156,-4.22,36,0
3002,62,Mujer,7.8,126,48.9,88,1,1,-1.475,20,127,0.71,36,0
3003,61,Hombre,7.8,128,48.5,104,1,0,0.663,202,133,-2.53,36,0
3004,63,Hombre,6,128,46,83,0,0,-1.111,27,118,2.72,36,0
3005,57,Mujer,8.4,119,56,73,0,0,-0.097,66,126,-3.03,36,0
3006,49,Mujer,8.4,134,59.7,86,0,0,0.072,92,124,0.29,36,0
3007,50,Mujer,7,148,68.1,19,0,0,0.245,24,156,-0.54,36,0
3008,63,Hombre,8.4,118,46.9,93,0,0,-0.421,61,128,-2.64,36,0
3009,58,Hombre,7.8,135,27,247,0,0,-0.183,206,136,-1.96,36,0
3010,70,Hombre,6.6,150,50.7,393,1,0,-0.08,363,153,-4.44,36,0
3011,57,Mujer,7.3,123,50.4,111,0,1,0.828,254,114,-4.49,36,0
3012,43,Hombre,7.4,120,47.7,136,1,1,-0.526,80,111,-0.82,36,0
3013,71,Hombre,5.6,141,37.5,4,0,0,0.472,6,137,-3.23,36,0
3014,59,Hombre,9.8,140,44.4,740,0,1,0.31,1009,141,-4.97,8.58,1
3015,60,Mujer,8.8,117,27.1,653,0,1,-0.385,444,103,-1.37,36,0
3016,44,Mujer,7.9,108,59.9,351,0,1,-1.103,117,99,2.12,36,0
3017,77,Mujer,6.4,132,42.4,272,0,0,0.309,370,146,-5.08,36,0
3018,68,Hombre,9.9,126,31.4,44,1,1,0.023,45,130,-3.78,36,0
3019,72,Mujer,8.2,160,42.6,20,0,0,0.949,52,137,-5.88,36,0
3020,67,Hombre,8.6,138,55.6,115,0,0,0.803,257,144,-2.34,36,0
3021,49,Hombre,9.3,137,31.5,234,0,0,0.431,360,148,-4.53,36,0
3022,61,Hombre,5.5,138,46.7,105,0,1,-0.175,88,135,-1.24,36,0
3023,66,Hombre,6.9,131,46.5,43,1,0,-1.094,14,109,2.7,36,0
3024,71,Hombre,7.6,138,50.7,181,1,0,-0.023,177,125,-0.94,36,0
3025,62,Hombre,8.3,111,30.1,151,1,1,0.532,257,99,-5.91,36,0
3026,59,Hombre,9.1,133,35.9,284,0,0,-0.183,237,143,-2.52,35.73,1
3027,67,Hombre,9,118,59.2,377,1,0,-0.99,140,110,-0.14,36,0
3028,67,Hombre,7.7,127,49.2,144,0,0,-0.168,122,128,-0.92,36,0
3029,60,Hombre,8.9,128,27.5,837,0,1,-0.304,618,125,-3.86,36,0
3030,70,Hombre,8.7,128,54.4,51,1,1,0.845,119,116,-3.15,36,0
3031,83,Hombre,7.2,173,59,74,0,1,1.024,206,184,-6.04,36,0
3032,57,Hombre,7.1,145,36.6,43,1,1,-0.2,35,125,-2.22,36,0
3033,59,Mujer,8.8,150,36.7,2132,0,1,-0.111,1908,148,-3.71,23.69,1
3034,78,Hombre,7.9,150,57.5,105,0,1,-0.743,50,151,-1.19,36,0
3035,67,Hombre,8.8,150,45.3,153,0,0,-0.228,122,152,-3.11,36,0
3036,61,Hombre,9.1,125,51.1,74,1,0,0.785,162,131,-4.16,36,0
3037,78,Mujer,8,136,42.6,334,1,0,-0.322,242,138,-2.16,27.52,1
3038,56,Mujer,5.9,141,41.3,341,0,1,-1.626,67,128,3.88,36,0
3039,80,Hombre,8.4,144,34.9,42,1,1,-0.652,22,140,-3.38,36,0
3040,47,Mujer,8.5,124,57,15,0,0,-0.152,13,120,-0.7,36,0
3041,87,Mujer,7.7,163,29.3,105,1,0,-0.201,86,179,-4.7,36,0
3042,74,Hombre,9.9,115,39.6,27,1,0,-0.354,19,100,-1.85,36,0
3043,72,Hombre,7,149,41.6,194,0,1,-1.006,71,145,-3.7,36,0
3044,58,Hombre,8.2,115,53.3,96,0,0,-0.21,78,119,-3.79,36,0
3045,60,Hombre,5.8,149,54.2,337,0,1,-0.856,143,153,-1.32,36,0
3046,68,Hombre,8.2,117,60.6,64,0,1,0.279,85,107,-4.84,36,0
3047,78,Hombre,8.1,166,38.6,230,1,0,-0.199,189,168,-4.38,36,0
3048,78,Hombre,8.3,143,28.6,60,0,0,0.879,144,123,-4.98,36,0
3049,64,Hombre,6.9,125,34,63,0,0,0.356,90,133,-1.18,36,0
3050,52,Hombre,9.6,136,54.5,496,1,1,0.706,1005,154,-6.78,36,0
3051,66,Hombre,7.2,149,41.9,276,1,0,0.979,735,160,-5.59,36,0
3052,73,Hombre,6.4,137,44.5,83,0,0,0.478,134,130,-1.24,36,0
3053,67,Hombre,8.2,163,73.5,106,0,1,-0.451,68,153,-0.33,36,0
3054,76,Mujer,6.8,125,56.1,57,1,1,-0.287,43,133,-1.28,36,0
3055,75,Hombre,7,174,39,90,0,1,0.719,185,177,-2.26,36,0
3056,66,Hombre,9.7,148,43.4,229,1,1,-0.69,115,132,-1.96,36,0
3057,63,Mujer,8.2,142,47.2,42,0,0,0.513,70,141,-3.55,36,0
3058,59,Hombre,8.4,131,46.7,192,0,0,0.508,319,131,-3.8,36,0
3059,59,Hombre,7.9,134,49,77,1,0,-0.953,30,134,2.18,36,0
3060,60,Hombre,10.2,153,55.7,2294,0,1,0.518,3849,150,-5.01,36,0
3061,64,Mujer,7.9,154,37.3,524,0,0,-0.263,403,152,-3.46,36,0
3062,58,Hombre,7.8,108,38.9,37,1,1,-1.019,13,96,1,36,0
3063,55,Hombre,7.2,117,60.1,126,1,1,-0.334,90,108,0.08,36,0
3064,69,Hombre,9.3,150,28.7,2167,1,1,-0.446,1388,156,-2.42,36,0
3065,55,Mujer,6.6,149,45.3,167,1,1,-0.112,149,146,-1.52,36,0
3066,72,Hombre,8.8,162,30.4,62,1,0,0.1,68,163,-4.44,36,0
3067,47,Mujer,9,120,55.3,119,0,1,-0.852,51,106,0.66,36,0
3068,73,Mujer,7.9,141,34.3,48,0,0,-0.321,35,134,-0.29,36,0
3069,72,Hombre,9.1,126,50.2,96,0,0,-0.444,62,133,-1.18,36,0
3070,64,Mujer,8,122,53.4,25,0,0,-0.108,22,120,-0.75,36,0
3071,50,Hombre,7.9,148,56.4,405,0,1,-0.405,270,160,-1.86,36,0
3072,71,Hombre,8.1,158,31.2,48,1,0,0.353,68,151,-2.69,36,0
3073,81,Hombre,7.3,153,39.1,224,1,0,-0.313,164,159,-4.21,36,0
3074,54,Mujer,8.3,133,49.7,102,0,1,0.026,105,138,-1.6,36,0
3075,65,Mujer,6.7,135,44.5,243,0,1,-0.394,164,143,-0.69,36,0
3076,65,Mujer,9.2,125,42.4,60,0,0,0.311,82,123,-3.41,36,0
3077,84,Hombre,8.2,115,38.1,28,1,0,0.822,64,109,-5.16,25.32,1
3078,68,Mujer,7.8,163,40.3,207,0,1,-0.867,87,162,0.77,36,0
3079,66,Mujer,7.5,132,31.9,375,0,1,-1.119,123,124,-1.48,36,0
3080,68,Mujer,6.9,123,49.4,292,0,0,0.019,297,134,-1.78,36,0
3081,74,Hombre,7.4,153,48.4,233,1,0,-0.212,189,155,-1.67,36,0
3082,75,Hombre,8.4,142,43.7,110,1,0,0.114,123,146,-2.67,36,0
3083,63,Hombre,8.4,123,45.4,89,0,0,-0.209,72,140,-3.54,36,0
3084,52,Hombre,7.5,95,39.7,21,0,1,0.206,26,89,-1.37,36,0
3085,53,Hombre,5.8,152,46.9,53,0,1,0.397,79,153,-2.26,36,0
3086,58,Mujer,7.9,141,39.3,26,0,0,0.29,35,140,-1.95,36,0
3087,51,Hombre,8,147,43.7,194,1,1,0.375,282,149,-3.64,36,0
3088,67,Hombre,5.8,108,41.7,34,0,0,-0.183,28,110,-1.73,36,0
3089,64,Hombre,5.5,123,54.1,14,0,0,0.032,14,128,-1.73,36,0
3090,55,Mujer,5.8,129,46.8,24,0,1,-0.475,15,122,2.35,36,0
3091,42,Mujer,7.2,110,57.1,215,0,1,-0.073,200,103,-0.42,36,0
3092,52,Hombre,9.3,118,50.4,244,1,1,0.986,654,104,-4.81,36,0
3093,65,Mujer,8,151,44.4,121,0,1,-0.513,72,148,-2.3,36,0
3094,63,Hombre,6.9,128,45,19,1,0,-0.971,7,120,2.26,36,0
3095,71,Mujer,8.3,172,40.1,349,1,0,0.04,363,181,-3.22,36,0
3096,73,Hombre,7.5,144,37.8,193,1,1,0.294,259,128,-4.92,19.28,1
3097,76,Hombre,7.3,138,59.9,116,0,0,-0.111,104,136,-2.9,36,0
3098,66,Hombre,11.5,136,38.2,1070,0,1,-0.347,757,134,-2.79,5.07,1
3099,49,Hombre,9.6,149,31.6,202,1,1,-0.785,92,140,-3.67,36,0
3100,75,Mujer,8.9,144,33.4,233,0,1,0.697,468,131,-3.94,36,0
3101,69,Hombre,7.9,145,41,215,0,1,0.641,408,133,-2.3,36,0
3102,67,Mujer,7.2,127,39.1,229,0,1,-0.644,120,120,-1.51,36,0
3103,85,Mujer,5.5,145,51.1,100,1,0,-0.224,80,159,-2.8,36,0
3104,51,Hombre,7.8,154,41.6,279,0,1,0.075,301,166,-2.41,36,0
3105,41,Mujer,7.5,128,44.1,319,0,0,-0.37,220,127,-0.36,36,0
3106,56,Hombre,6.1,124,38.4,519,0,0,-0.044,497,123,-3.33,36,0
3107,61,Hombre,7.4,159,38.2,120,0,0,-0.205,98,161,-1.84,32.14,1
3108,69,Mujer,7.9,124,48.4,242,0,0,0.595,439,122,-3.16,36,0
3109,87,Hombre,8.1,150,45.1,366,1,0,0.034,378,150,-4.12,36,0
3110,65,Mujer,6.6,147,44.1,526,0,1,-1.371,133,129,2.66,36,0
3111,41,Hombre,8.7,138,39,21,0,0,-0.666,11,142,0.96,36,0
3112,81,Mujer,7.9,157,47.2,299,0,1,-0.165,254,155,-1.75,36,0
3113,69,Hombre,8,113,26.1,346,1,0,0.15,402,105,-3.52,36,0
3114,46,Mujer,7.4,119,51.5,67,0,0,0.406,101,113,-1.73,36,0
3115,70,Hombre,8.9,129,43.5,231,0,0,0.791,510,118,-4.74,36,0
3116,65,Hombre,7.6,134,42,179,1,1,-0.315,131,130,-2.38,36,0
3117,56,Hombre,7.3,129,54.6,107,0,0,-0.042,103,120,-2.69,36,0
3118,53,Hombre,8.1,127,44.3,332,0,0,-0.187,275,119,-1.73,36,0
3119,80,Hombre,7.8,128,50.1,81,0,0,0.244,103,131,-2.9,36,0
3120,55,Mujer,6.5,129,61.6,17,0,0,-0.481,11,135,-0.32,36,0
3121,69,Mujer,8.7,167,50.7,36,0,0,0.925,91,162,-3.51,35.85,1
3122,55,Hombre,6.9,141,48.1,25,0,1,-0.138,22,124,-3.76,36,0
3123,68,Mujer,8.7,131,37,976,0,0,0.69,1946,134,-5.52,3.32,1
3124,62,Mujer,8.1,150,34.8,182,1,1,-0.434,118,150,-3.33,36,0
3125,71,Mujer,8.5,149,59.1,497,0,0,1.012,1367,135,-5.67,18.65,1
3126,57,Mujer,7.4,144,44.5,236,1,1,0.679,466,147,-4.31,36,0
3127,52,Hombre,7.4,140,39.8,468,0,1,-1.62,93,127,1.34,36,0
3128,65,Mujer,7.8,111,55.4,344,1,1,0.794,761,111,-2.66,36,0
3129,61,Hombre,7.4,131,47.9,217,0,0,-0.014,214,135,-1.31,36,0
3130,73,Hombre,8.7,157,45.4,50,1,0,0.25,64,142,-3.64,36,0
3131,72,Hombre,9,125,42.1,128,0,1,-0.32,93,132,-2.15,36,0
3132,66,Hombre,7.9,119,46.2,247,0,1,-0.577,139,121,-1.09,36,0
3133,63,Mujer,7.2,123,37.6,186,0,1,-0.449,119,114,-3.11,36,0
3134,67,Hombre,8.1,160,51.1,238,0,1,1.014,656,159,-4.08,36,0
3135,51,Hombre,10.1,145,56,2351,1,1,-0.189,1947,127,-5.41,36,0
3136,65,Mujer,7.8,151,43.6,91,0,0,0.03,94,145,-1.4,36,0
3137,58,Hombre,6.4,124,63.5,170,0,1,0.038,177,123,1.15,36,0
3138,69,Hombre,7.4,125,41,66,0,1,0.749,140,129,-2.57,36,0
3139,63,Hombre,7.6,134,55.3,117,0,0,0.094,128,131,-2.55,36,0
3140,64,Mujer,8,140,48.3,18,0,0,0.59,32,142,-1.59,36,0
3141,72,Mujer,7.8,137,46.1,72,0,0,0.646,137,130,-5.06,36,0
3142,55,Mujer,7.9,132,53.7,71,0,1,0.852,166,118,-3.12,36,0
3143,44,Hombre,6.3,105,57.2,250,0,1,-1.564,52,108,3.88,36,0
3144,63,Mujer,10.5,127,58.7,399,0,1,0.159,468,132,-2.98,36,0
3145,67,Hombre,10.1,131,39.9,586,0,0,-0.035,566,126,-4.35,0.01,1
3146,48,Hombre,7.3,131,58.4,52,0,0,1.042,147,120,-1.76,36,0
3147,70,Mujer,8.1,138,63.5,11,1,0,1.252,38,135,-3.51,36,0
3148,63,Mujer,6.9,120,53.7,108,0,0,0.611,199,121,-2.77,36,0
3149,75,Hombre,7.7,132,41.5,36,1,0,0.82,82,138,-4.42,36,0
3150,57,Mujer,10,142,51,100,1,0,-0.5,61,138,-2.97,36,0
3151,61,Mujer,7.4,141,58.2,104,0,0,0.099,115,139,-3.02,36,0
3152,76,Hombre,7.4,152,51.6,21,0,0,0.831,48,144,-2.9,8.04,1
3153,47,Hombre,10,121,42.3,336,0,0,-0.572,190,109,-2.63,36,0
3154,72,Hombre,9.2,156,46.4,5201,0,1,-1.288,1434,155,-1.24,36,0
3155,87,Hombre,8.4,155,34.3,78,1,0,-0.424,51,167,-3.32,36,0
3156,53,Mujer,7.1,119,47.7,69,0,0,-0.282,52,113,-2.04,36,0
3157,58,Hombre,8.6,137,39.2,1327,0,0,0.004,1332,132,-5.01,36,0
3158,63,Mujer,7.6,136,53.7,1759,1,1,-1.164,549,122,-0.58,36,0
3159,65,Mujer,7.3,152,35.6,376,0,0,-0.882,156,146,-0.3,36,0
3160,60,Hombre,8.6,137,44,220,1,1,-0.702,109,137,-2.81,36,0
3161,60,Mujer,8.6,157,38.4,126,0,1,0.728,261,152,-4.26,36,0
3162,44,Mujer,7.6,103,55.7,17,0,1,-1.106,6,111,3.61,36,0
3163,51,Mujer,8.4,129,59.3,128,0,1,-0.404,85,118,-2.12,36,0
3164,68,Hombre,9,143,46.4,425,0,0,-0.3,315,137,-2.58,36,0
3165,61,Hombre,5.5,129,43.6,498,0,1,-0.338,355,117,-1.19,36,0
3166,70,Hombre,9.2,144,47.6,85,1,1,0.057,90,136,-3.88,36,0
3167,35,Hombre,7.2,106,48.6,27,0,1,0.518,45,104,-1.14,36,0
3168,62,Mujer,7.6,133,52.7,19,0,1,-0.197,16,127,-0.09,36,0
3169,64,Hombre,8.2,139,45.6,152,0,0,0.197,185,148,-3.76,36,0
3170,56,Hombre,7.4,139,36.7,76,0,1,0.223,95,127,-2.47,36,0
3171,50,Mujer,7.9,137,59.8,557,0,1,-1.092,187,129,0.93,36,0
3172,58,Mujer,8.3,129,43.2,168,0,0,-0.429,109,130,-0.02,36,0
3173,61,Hombre,8.2,146,48,170,0,1,0.167,201,139,-1.24,36,0
3174,58,Hombre,6.2,143,30.8,101,0,0,0.276,133,149,-4.07,36,0
3175,63,Mujer,9.1,150,48.5,76,0,0,0.558,133,141,-3.19,36,0
3176,59,Mujer,6.9,129,49.5,99,1,0,0.484,161,127,-3.92,36,0
3177,74,Hombre,7.4,133,26.9,290,0,0,0.977,771,142,-4.69,36,0
3178,74,Mujer,8.9,138,42.8,143,0,1,0.139,164,130,-2.92,36,0
3179,53,Mujer,7.1,103,56.1,236,0,1,0.022,241,87,-0.32,36,0
3180,66,Hombre,9.4,139,40.3,55,1,1,-0.141,48,153,-0.53,36,0
3181,65,Hombre,7.2,132,55.3,63,0,0,-0.576,35,140,1.17,36,0
3182,76,Hombre,5.9,153,54,10,0,0,0.145,12,163,1.13,36,0
3183,47,Hombre,8.7,130,52,91,0,0,-0.147,79,110,-1.67,36,0
3184,76,Mujer,7.2,112,50.7,1231,1,0,-1.004,451,104,-1.89,36,0
3185,50,Mujer,8,120,33.4,463,0,1,-0.646,243,126,-1.9,36,0
3186,81,Mujer,8.5,146,38.2,93,0,1,-0.076,86,147,-1.88,19.72,1
3187,63,Mujer,6.9,136,60,87,1,1,0.766,187,130,-5.21,36,0
3188,72,Hombre,8.7,159,41.1,1001,1,0,0.352,1423,151,-8.69,36,0
3189,53,Hombre,9.4,129,50.5,71,0,1,-0.262,55,119,-0.6,36,0
3190,67,Mujer,6.3,128,42,221,0,0,-0.044,212,136,-1.97,36,0
3191,79,Mujer,9.6,145,44.7,209,1,1,-0.192,173,139,-4.68,36,0
3192,67,Mujer,8.4,136,52.6,63,0,0,0.63,118,129,-5.43,36,0
3193,69,Mujer,6.1,141,44.3,40,0,0,0.162,47,144,-0.53,36,0
3194,50,Hombre,7.1,132,49.8,107,0,0,-0.097,97,143,-2.56,36,0
3195,72,Hombre,7.5,173,45.6,33,0,0,0.535,56,166,-6.07,36,0
3196,58,Hombre,7.3,112,47.5,56,0,0,-0.817,25,117,-0.78,36,0
3197,56,Hombre,7.3,129,52.7,196,0,0,-0.272,149,134,-1.04,36,0
3198,65,Hombre,6.2,137,40.7,10,1,0,0.057,11,134,-1.84,36,0
3199,59,Hombre,6.4,138,41.4,50,1,0,-0.335,36,129,-1.29,24.33,1
3200,64,Hombre,7.2,118,43.3,49,0,0,-0.537,29,119,-0.08,36,0
3201,72,Hombre,7.9,147,45.3,193,0,0,0.131,220,157,-1.16,36,0
3202,70,Hombre,6.4,141,31.9,687,0,0,-0.268,525,135,-3.82,36,0
3203,66,Hombre,8.2,95,47.1,1109,0,1,-1.118,363,85,-0.73,36,0
3204,57,Mujer,8.3,105,32.3,43,0,1,-0.367,30,89,2.41,36,0
3205,46,Hombre,8.1,145,45.2,178,0,1,-0.301,132,141,-4.03,36,0
3206,88,Hombre,6.5,136,37.3,44,1,0,-0.357,31,126,-3.05,36,0
3207,59,Mujer,6.8,134,46,11,0,0,0.302,15,140,0.87,36,0
3208,52,Hombre,7.6,124,38.5,40,0,0,0.185,48,126,-1.97,36,0
3209,80,Hombre,8.4,160,35,201,0,1,0.101,222,154,-6.21,36,0
3210,69,Mujer,7.3,140,52.9,32,0,0,0.006,32,142,-1.11,36,0
3211,73,Hombre,7.9,112,34.2,11,1,0,-0.346,8,122,0.22,36,0
3212,45,Hombre,7.7,129,53.2,710,0,1,-0.063,666,109,-3.35,36,0
3213,88,Hombre,9.2,133,42.9,260,0,1,0.01,263,129,-2.11,36,0
3214,41,Mujer,6.9,140,56.1,90,0,0,0.632,169,143,-3.82,36,0
3215,77,Hombre,7.3,147,34.9,1216,1,0,-0.099,1102,147,-3.19,36,0
3216,74,Hombre,7.9,143,53.7,125,1,1,-1.333,33,131,-0.94,36,0
3217,63,Mujer,6.9,124,42.8,161,0,0,0.235,204,125,-2.85,1.5,1
3218,66,Mujer,9.8,95,41.2,21,0,0,0.55,36,92,-2.28,36,0
3219,53,Hombre,7,142,42.3,481,0,0,0.467,767,130,-4.36,36,0
3220,57,Mujer,7.1,133,55.1,21,0,1,0.431,32,130,-1.83,36,0
3221,73,Mujer,7.4,137,42.2,35,0,0,0.105,39,136,0.26,36,0
3222,46,Mujer,9.9,146,40.3,260,0,1,0.877,625,136,-4.98,36,0
3223,41,Mujer,7.1,117,55.7,81,0,1,-0.892,33,113,0.74,36,0
3224,69,Hombre,8.6,129,58.9,35,0,1,-0.188,29,117,0.36,36,0
3225,59,Mujer,7.8,135,56.3,460,0,1,-1.756,79,124,0.45,36,0
3226,38,Hombre,6,159,67.9,90,0,1,-0.274,68,165,-1.19,36,0
3227,74,Hombre,7.4,107,39.5,52,0,0,-0.719,25,116,0.8,36,0
3228,61,Hombre,8.8,135,34.3,75,1,1,-1.172,23,132,-0.22,36,0
3229,48,Mujer,7.6,137,42.9,270,0,1,-0.526,160,131,0.68,36,0
3230,49,Mujer,9.8,114,56.7,220,0,1,-0.77,102,96,-0.26,36,0
3231,50,Hombre,8,140,45.4,87,1,1,-0.329,63,146,-0.54,36,0
3232,72,Hombre,9,136,38.8,78,1,0,0.414,118,131,-3.62,36,0
3233,77,Mujer,6.3,162,33.7,345,1,0,0.059,366,171,-2.62,36,0
3234,68,Hombre,7.4,133,31.7,100,0,0,-0.261,77,125,-1.53,36,0
3235,68,Hombre,8.9,109,53.2,103,0,0,0.18,123,115,-1.71,36,0
3236,67,Hombre,8.1,116,32.3,37,1,0,-0.425,24,133,-2.21,36,0
3237,72,Hombre,7.7,132,29.5,448,0,0,0.257,579,127,-4.78,25.73,1
3238,67,Mujer,7.5,136,41.9,549,0,1,-0.707,271,141,-0.8,36,0
3239,38,Hombre,8.3,109,45.3,23,0,0,-0.368,16,106,0.47,36,0
3240,68,Hombre,7.5,109,46.8,681,0,0,-1.235,198,108,0.3,36,0
3241,71,Hombre,6.8,140,50.9,129,0,0,-0.612,70,142,0.46,36,0
3242,55,Hombre,7.8,145,43.5,112,0,1,-0.472,70,150,-0.81,36,0
3243,50,Hombre,12,127,56.2,871,0,1,0.111,973,132,-3.58,36,0
3244,71,Hombre,8,144,26.5,867,0,1,-0.721,422,137,-2.88,32.59,1
3245,61,Mujer,10.1,125,45.8,134,0,1,0.628,251,124,-4.71,36,0
3246,67,Hombre,7.4,147,40.9,22,1,0,0.321,30,147,-2.55,36,0
3247,70,Mujer,8,167,43.6,2478,0,1,-0.174,2083,147,-3.05,36,0
3248,71,Hombre,6.7,141,38.4,132,0,0,0.109,147,136,-3.43,36,0
3249,47,Hombre,11.1,125,51.5,461,0,1,-0.089,422,125,-1.68,36,0
3250,60,Hombre,6.9,130,50.7,229,0,0,0.573,406,123,-3.58,36,0
3251,51,Hombre,10.4,132,51.2,725,0,1,-0.512,434,121,-0.14,36,0
3252,49,Mujer,6.7,103,55.5,60,0,0,-1.165,19,114,1.14,32.96,1
3253,71,Hombre,8.9,165,36.4,551,0,0,-0.235,436,181,-3.3,36,0
3254,50,Hombre,7.2,171,34.9,322,0,1,-0.559,184,173,-3.66,36,0
3255,66,Mujer,8.7,112,60,437,0,1,-0.721,213,101,-0.63,36,0
3256,68,Hombre,6.2,125,53.9,96,0,0,0.923,242,134,-4.49,36,0
3257,77,Hombre,7.3,139,46.9,150,1,1,-0.263,115,131,-2.66,36,0
3258,73,Hombre,6.6,156,42.3,275,1,0,-0.019,270,150,-4.64,36,0
3259,72,Mujer,8.6,112,48.3,119,0,0,0.205,146,110,-0.48,36,0
3260,47,Hombre,7.3,108,45,90,0,0,-0.467,56,122,-0.64,36,0
3261,57,Hombre,5.5,135,37.3,22,0,0,-0.19,18,130,-2,36,0
3262,63,Hombre,8.4,125,51,61,0,1,0.009,62,94,-0.71,36,0
3263,77,Mujer,11.2,137,35.7,279,0,0,0.153,325,143,-7.26,14.47,1
3264,51,Hombre,7.2,137,54.7,60,0,1,-0.561,34,129,0.96,36,0
3265,53,Mujer,7.3,140,49.6,149,0,0,0.683,295,141,-2.93,36,0
3266,53,Hombre,5.5,145,53.9,25,0,0,0.051,26,140,0.14,36,0
3267,64,Mujer,7.9,137,49.6,180,0,1,-0.595,99,125,0.23,36,0
3268,57,Hombre,6.9,150,55.6,148,0,0,0.374,215,143,-4.89,36,0
3269,75,Mujer,7.9,156,31.4,430,1,1,-0.048,410,137,-3.55,12.25,1
3270,52,Hombre,8,121,37.6,232,0,0,0.587,417,128,-2.39,36,0
3271,77,Mujer,8.1,123,37,202,0,0,0.542,347,116,-4.21,36,0
3272,74,Hombre,7.3,138,50.8,67,0,0,0.597,122,135,-4.21,36,0
3273,50,Hombre,8.7,143,42.9,43,0,1,0.276,57,118,-2.27,36,0
3274,54,Mujer,6.6,145,52.7,68,0,0,-0.111,61,145,-1.81,36,0
3275,82,Mujer,7.8,129,37.2,1609,0,0,-0.285,1210,128,-4.09,36,0
3276,49,Mujer,8.7,128,61.9,126,0,1,-0.132,110,116,-1.44,36,0
3277,64,Hombre,7.9,153,33,141,1,0,-0.946,55,155,-2.48,36,0
3278,65,Hombre,8.2,120,38.6,93,1,0,1.254,326,113,-4.32,36,0
3279,62,Hombre,8.9,127,47.1,116,0,0,-0.018,114,121,0.34,36,0
3280,73,Mujer,7.8,123,30.7,160,0,0,0.216,199,132,-5.22,36,0
3281,58,Mujer,7.5,128,55.1,217,0,0,-0.181,181,129,-0.87,36,0
3282,90,Hombre,6,143,45.8,48,0,0,0.25,62,144,-1.28,36,0
3283,70,Mujer,6.9,134,35.9,62,0,1,0.54,106,117,-1.2,36,0
3284,59,Mujer,10.6,163,38.6,591,0,1,0.536,1010,142,-6.09,8.52,1
3285,67,Mujer,6.6,158,35.5,151,0,1,-0.768,70,153,-0.43,36,0
3286,75,Mujer,7.5,130,48.9,28,1,0,0.132,32,124,-1.69,36,0
3287,67,Mujer,6.6,138,31.1,1896,1,0,0.054,2001,134,-2.81,36,0
3288,58,Mujer,6.6,139,58.9,116,1,0,0.172,138,148,-0.15,30.2,1
3289,64,Mujer,5.6,147,34.2,26,0,0,0.864,62,132,-2.66,36,0
3290,56,Mujer,10.4,160,58.3,606,0,1,-0.576,341,145,-2.29,36,0
3291,45,Hombre,6.9,139,49.8,90,1,1,-0.062,85,135,-1.22,36,0
3292,49,Hombre,8.9,124,60.4,33,0,1,0.164,39,120,-1.53,36,0
3293,65,Hombre,8.2,135,39,296,0,0,0.206,364,130,-1.27,36,0
3294,57,Hombre,8.7,138,60.4,714,0,1,-0.742,340,132,-0.96,36,0
3295,65,Hombre,8.3,183,39.3,165,0,1,-0.221,132,189,-3.56,36,0
3296,68,Mujer,6.7,130,55.1,19,1,0,0.052,20,138,-2.61,36,0
3297,48,Hombre,10.7,144,53.8,306,0,1,0.032,316,138,-4.75,36,0
3298,66,Hombre,8.2,135,40.2,787,0,1,-1.415,191,124,-0.67,36,0
3299,68,Mujer,10.5,172,35.2,89,0,1,-0.303,66,172,-3.86,36,0
3300,81,Mujer,7.4,121,40.8,31,0,0,0.318,43,107,-5.22,36,0
3301,59,Hombre,6.4,128,44.4,333,1,1,-0.964,127,114,-0.77,36,0
3302,84,Mujer,6.7,134,38.8,162,0,0,-0.045,155,143,-4.38,36,0
3303,88,Mujer,6.7,147,33,17,1,0,0.15,20,150,-2.59,7.14,1
3304,77,Hombre,9.4,105,53.2,188,0,0,0.221,235,123,-1.36,36,0
3305,68,Mujer,6.9,139,46.9,69,0,1,-0.349,49,129,-1.71,36,0
3306,70,Hombre,9.8,145,35,157,1,1,-1.027,56,143,-3.38,36,0
3307,60,Hombre,9,144,49.7,458,0,0,-0.054,434,142,-3.48,36,0
3308,55,Hombre,9.6,153,48.9,180,0,1,-0.145,156,141,-1.95,36,0
3309,71,Hombre,9.1,141,43.7,785,0,0,0.011,794,128,-4.91,36,0
3310,52,Hombre,8.3,114,61.4,168,1,1,0.66,325,96,-2.58,36,0
3311,50,Mujer,8.4,133,60.6,21,0,1,0.002,21,126,2.41,36,0
3312,59,Mujer,10.1,107,53.6,662,0,1,-0.166,561,118,-1.46,36,0
3313,46,Hombre,5.7,165,41.4,26,1,1,-0.166,22,159,1.24,36,0
3314,87,Hombre,9.1,127,29.3,53,1,0,0.647,101,122,-3.87,5.17,1
3315,65,Mujer,8.5,132,48.8,32,0,0,0.168,38,126,-3.13,36,0
3316,66,Hombre,8.5,133,43.6,312,0,1,0.25,401,135,-3.3,36,0
3317,50,Hombre,7.9,115,47,201,1,0,-0.469,126,111,1.51,36,0
3318,85,Hombre,5.5,153,35.4,612,1,1,-0.873,256,150,-3.62,36,0
3319,69,Mujer,6.8,134,26.3,86,0,0,0.519,145,130,-3.69,36,0
3320,70,Hombre,8.2,100,38.3,684,0,0,-1.167,213,107,-1.51,36,0
3321,51,Hombre,7.4,145,52.1,68,1,1,-0.262,52,143,-2.43,36,0
3322,80,Hombre,10.2,140,42.3,97,0,0,0.238,123,142,-3.84,36,0
3323,51,Hombre,8.2,99,57.5,36,0,1,-0.937,14,105,2,36,0
3324,68,Mujer,6.4,136,39.2,103,0,1,-0.847,44,139,0.92,36,0
3325,62,Mujer,6.8,159,26,33,0,0,-0.309,24,156,0.02,36,0
3326,69,Mujer,8.9,153,34.7,271,1,0,-0.189,224,149,-1.52,36,0
3327,62,Hombre,9.2,121,29.5,320,1,1,-0.442,206,112,-0.66,13.68,1
3328,46,Mujer,9.4,111,64.9,64,1,1,-0.424,42,108,0.69,36,0
3329,47,Hombre,7.9,138,42.9,104,0,1,0.202,127,118,-1.55,36,0
3330,74,Hombre,8.4,135,44.9,359,0,1,-0.776,165,127,-2.52,36,0
3331,41,Hombre,8.6,134,49.2,226,0,1,-0.314,165,146,-3.28,36,0
3332,77,Hombre,10.1,120,46.7,92,0,1,-0.232,73,113,-4.34,36,0
3333,50,Hombre,6.6,148,51.1,31,0,0,-0.152,27,151,-2.69,36,0
3334,67,Hombre,9,119,47.8,54,0,0,0.627,101,108,-3.37,36,0
3335,48,Hombre,9.4,117,53.7,13,0,1,-0.375,9,119,0.2,36,0
3336,69,Hombre,7.9,133,45.4,113,1,0,-0.902,46,127,-0.57,36,0
3337,46,Hombre,8.1,135,63.5,52,0,0,-0.175,44,120,-0.84,36,0
3338,77,Hombre,7.1,136,36.9,1135,0,1,-0.032,1099,123,-2.37,36,0
3339,51,Hombre,7.9,135,56.5,26,1,0,0.294,35,130,-2.65,36,0
3340,63,Hombre,7.4,143,41.9,343,0,0,0.018,349,148,-3.62,36,0
3341,54,Mujer,5.5,101,42,28,1,1,-0.516,17,78,0.07,36,0
3342,51,Mujer,7.6,124,58.2,114,0,0,-0.388,77,134,-3.03,36,0
3343,49,Hombre,11.2,135,44.7,399,1,1,-1.393,99,144,1.07,36,0
3344,67,Hombre,5.7,135,44.2,125,0,0,0.627,234,140,-2.25,36,0
3345,77,Hombre,5.7,153,33,81,0,0,-0.604,44,150,-0.09,36,0
3346,55,Mujer,9.2,132,38.6,619,0,0,-0.335,443,132,-2.67,36,0
3347,55,Mujer,7.1,153,62,191,0,1,-0.918,76,157,0.9,36,0
3348,71,Mujer,9,125,53.1,318,0,1,-0.696,159,115,-1.05,36,0
3349,66,Mujer,7.8,168,38.2,91,0,0,0.368,131,184,-4.6,36,0
3350,64,Mujer,8.7,135,21.5,38,1,0,0.871,91,132,-4.8,1.86,1
3351,63,Hombre,8.6,130,48.7,101,0,1,-0.383,69,113,0.24,36,0
3352,68,Mujer,9.2,145,36.7,576,0,0,-0.104,519,147,-2.28,36,0
3353,76,Mujer,9.8,130,44.5,429,0,0,-0.208,349,136,-3.73,36,0
3354,90,Hombre,7.7,146,44.4,133,0,0,0.874,319,151,-4.95,36,0
3355,78,Mujer,10,142,56.4,251,1,1,0.364,361,153,-3.75,36,0
3356,81,Hombre,8.2,128,54.6,76,1,1,-0.574,43,125,-0.99,36,0
3357,70,Hombre,7,138,42.6,36,0,0,-0.321,26,152,-1.24,36,0
3358,66,Mujer,9.4,119,34.4,59,0,0,0.293,79,116,-2.45,36,0
3359,54,Hombre,8.6,124,54.4,541,0,1,-0.186,449,142,-4.35,36,0
3360,83,Mujer,9.6,146,49.5,528,0,1,0.033,546,126,-4.39,36,0
3361,59,Mujer,7,140,49.9,17,0,0,1.296,62,130,-5.3,36,0
3362,65,Mujer,7.1,128,41.5,1053,1,0,-0.092,961,143,-1.52,36,0
3363,46,Hombre,5.5,119,48.1,57,0,0,0.088,62,122,-1.17,36,0
3364,69,Mujer,8.9,136,53.7,435,1,0,0.045,455,126,-5.07,36,0
3365,73,Mujer,6.5,131,31,46,0,1,-0.958,18,136,3.32,36,0
3366,64,Mujer,8.3,120,56.7,110,0,1,-0.261,85,106,0.68,36,0
3367,71,Hombre,7.3,134,48.8,27,0,0,0.179,32,139,-2.62,36,0
3368,72,Mujer,6.8,142,55.5,547,0,0,0.15,636,148,-2.19,36,0
3369,57,Hombre,8.2,115,63.1,164,0,1,0.441,255,107,-2.02,36,0
3370,62,Hombre,8.8,123,51.7,66,0,0,-0.539,38,118,1.25,36,0
3371,67,Hombre,7.6,125,55.4,55,0,0,0.597,100,124,-3.81,36,0
3372,71,Mujer,8.6,148,30.2,79,1,0,0.847,184,156,-4.66,36,0
3373,62,Hombre,8.2,131,44.5,106,0,1,0.174,126,111,-3.94,19.55,1
3374,49,Hombre,7.1,139,57.4,26,0,0,-0.671,13,138,0.66,36,0
3375,62,Mujer,8.2,98,71,34,1,1,-0.656,18,102,0.58,36,0
3376,75,Hombre,7.6,142,64.1,33,1,1,-0.093,30,146,-1.36,36,0
3377,46,Mujer,6.9,128,49.6,80,0,0,-0.597,44,126,-0.5,36,0
3378,77,Mujer,5.9,130,49,60,0,0,-0.761,28,117,-0.56,36,0
3379,49,Hombre,8.5,137,44.6,184,0,1,0.119,207,141,-3.17,36,0
3380,60,Mujer,7.7,127,46.1,550,1,1,-0.396,370,120,-1.89,36,0
3381,54,Hombre,8.2,117,68.5,49,0,0,0.666,95,115,-0.92,36,0
3382,57,Hombre,10.3,108,43.9,378,1,1,-0.58,212,99,-1.8,36,0
3383,77,Mujer,8.1,150,61.1,95,0,0,-0.374,65,151,-1.8,36,0
3384,55,Mujer,9.5,145,42.4,712,0,1,-0.258,550,123,-2.67,36,0
3385,66,Mujer,6.7,156,31.9,282,0,0,-0.773,130,152,-0.36,36,0
3386,66,Hombre,7.9,141,40.8,221,0,0,1.143,693,146,-3.08,36,0
3387,79,Hombre,6.9,131,46.3,67,0,0,0.19,81,128,-4.15,34.07,1
3388,46,Hombre,8.2,135,50.4,141,0,1,-0.148,122,123,-2.5,36,0
3389,90,Hombre,6.9,101,48.6,79,1,0,0.294,106,93,-1.48,36,0
3390,66,Hombre,6.2,120,35.2,145,1,0,-0.037,140,120,-2.01,36,0
3391,65,Hombre,7.8,126,31.8,75,0,0,0.006,75,128,-3.52,36,0
3392,63,Mujer,7.8,111,43.7,181,1,0,-0.262,139,105,-2.74,36,0
3393,69,Hombre,8.7,127,49.2,73,0,0,-0.023,71,131,-1.2,36,0
3394,54,Hombre,7.7,112,34.4,73,0,0,0.437,113,99,-3.54,36,0
3395,78,Hombre,7.5,122,51.4,9,1,0,-0.575,5,127,-0.26,36,0
3396,70,Hombre,10,157,46.7,404,1,1,0.153,471,139,-4.19,36,0
3397,74,Hombre,10.3,157,40.8,1480,1,1,-0.777,681,149,-3.41,36,0
3398,66,Hombre,7.7,150,57.7,124,1,0,0.026,127,139,-3.53,36,0
3399,61,Hombre,5.9,149,48.9,49,0,1,-1.085,17,157,-0.03,36,0
3400,41,Mujer,9.9,123,53.1,253,0,0,-0.136,221,110,-4.37,36,0
3401,80,Hombre,7.1,144,49.9,287,0,0,0.293,385,139,-4.16,36,0
3402,74,Hombre,8.7,144,37.5,419,0,0,0.532,714,137,-4.71,36,0
3403,57,Mujer,7.5,127,41.4,97,0,0,0.663,188,127,-2.72,36,0
3404,55,Hombre,6,134,54.5,48,0,0,0.127,54,133,-2.45,36,0
3405,87,Mujer,6.3,123,42.9,90,0,0,-0.087,83,126,-0.28,36,0
3406,59,Hombre,6.3,124,37.7,37,0,0,1.209,124,126,-4.47,4.01,1
3407,65,Hombre,7.1,111,51.3,172,0,1,0.005,173,100,-0.35,36,0
3408,67,Hombre,9.6,133,30.5,316,1,1,-0.251,246,124,-3.47,36,0
3409,71,Hombre,6.8,153,35.6,128,0,1,-0.222,103,151,-2.67,36,0
3410,72,Mujer,8.1,119,30,109,0,1,-0.457,69,131,-0.92,36,0
3411,71,Hombre,8.7,136,29.5,2741,0,1,-1.426,658,135,-0.57,36,0
3412,58,Mujer,6.1,124,50.2,25,0,0,-0.365,17,126,-1.32,36,0
3413,71,Hombre,8.1,116,36.9,428,1,1,-1.221,126,112,-0.94,36,0
3414,79,Hombre,7.3,124,48.2,291,1,0,-0.332,209,116,-3.7,36,0
3415,90,Mujer,6.4,141,33.9,9,0,0,0.421,14,144,-2.78,12.16,1
3416,60,Hombre,7.1,146,41.1,125,0,1,-1.526,27,133,-0.63,36,0
3417,65,Mujer,8.2,144,36,117,0,0,-0.003,117,133,-2.65,36,0
3418,74,Mujer,8.1,136,46.2,232,0,0,-0.102,210,132,-2.95,36,0
3419,63,Hombre,8.1,135,38.2,1562,0,0,0.354,2226,140,-2.65,36,0
3420,66,Hombre,7,121,41.4,153,0,0,-0.446,98,127,-2.13,36,0
3421,63,Mujer,7.6,143,58.6,23,0,0,0.728,48,125,-3.91,36,0
3422,69,Mujer,6.8,139,65.3,30,0,0,-0.012,30,142,-0.77,36,0
3423,56,Hombre,9.3,129,39.4,2900,0,0,-0.615,1568,128,1.34,36,0
3424,53,Hombre,8.8,136,47.9,531,0,1,-1.186,162,118,0.4,36,0
3425,71,Mujer,8.8,122,38.9,707,1,1,-0.857,300,111,-3.12,36,0
3426,65,Hombre,7.7,127,51.5,148,0,1,-0.614,80,124,-3.62,36,0
3427,30,Hombre,8.3,121,55.7,215,0,1,-0.538,126,120,2.75,36,0
3428,65,Mujer,8.2,154,36.7,264,0,0,-0.542,154,151,0.82,36,0
3429,58,Hombre,6.3,133,41.3,110,0,0,0.667,214,147,-4.31,36,0
3430,78,Hombre,8.4,149,46.2,802,0,0,-1.032,286,164,0.36,36,0
3431,53,Mujer,8.5,155,48.4,162,0,1,-0.92,65,136,0.71,36,0
3432,79,Mujer,8.6,132,59.8,501,1,0,0.507,832,137,-5.24,36,0
3433,59,Mujer,8.7,120,58.7,135,0,1,0.031,139,121,0.86,36,0
3434,52,Hombre,8.1,143,44,70,1,0,0.159,82,144,-2.97,36,0
3435,62,Mujer,6.7,144,37.2,188,0,1,0.658,363,131,-4.24,36,0
3436,66,Mujer,8.4,161,40.8,254,0,1,-0.173,214,160,-2.15,36,0
3437,68,Hombre,9.1,134,58.9,90,1,1,-0.688,45,143,0.65,36,0
3438,70,Mujer,7.4,120,30.9,57,0,0,-0.706,28,122,-3.07,36,0
3439,71,Hombre,6.9,157,40.7,155,1,0,0.508,258,152,-1.67,36,0
3440,65,Mujer,6.8,131,42.2,346,0,0,0.08,375,123,-1.22,36,0
3441,69,Mujer,10.8,95,32.3,85,1,1,-0.195,70,85,-1.77,36,0
3442,61,Mujer,6.4,113,41.1,190,0,1,-0.286,143,95,-1.52,36,0
3443,78,Mujer,6.8,141,48.7,252,0,0,0.81,566,140,-5.2,36,0
3444,69,Hombre,6.1,128,34,191,0,1,1.175,618,129,-7.49,21.13,1
3445,65,Mujer,6.2,114,49.9,25,1,0,-0.619,13,119,1.66,36,0
3446,45,Hombre,6.1,141,60.6,30,0,1,0.236,38,129,-0.77,36,0
3447,50,Mujer,10.1,131,45.1,45,0,0,0.784,99,139,-1.08,36,0
3448,61,Hombre,7.8,136,38.8,46,0,0,0.504,76,141,-0.78,36,0
3449,68,Mujer,5.9,146,43.6,130,1,1,-0.27,99,124,-1.27,36,0
3450,70,Hombre,9.3,133,35.3,109,0,0,0.493,178,137,-3.62,36,0
3451,53,Hombre,8.3,123,31.8,146,0,0,0.017,148,141,-2.37,36,0
3452,62,Hombre,9.1,154,38.6,225,0,1,0.004,226,164,-3.34,36,0
3453,57,Mujer,7.6,110,56.3,26,0,0,-0.349,18,107,-2.2,36,0
3454,60,Mujer,8.8,134,34.8,318,0,0,0.248,407,146,-5.93,36,0
3455,69,Hombre,7.1,158,47.6,76,0,1,-0.158,65,157,0.07,36,0
3456,51,Mujer,6.7,109,51.2,253,0,1,-0.642,133,106,0.17,36,0
3457,69,Hombre,7.3,121,35,28,1,1,-0.177,23,107,-3.1,36,0
3458,58,Hombre,7.3,139,56.9,92,0,0,0.658,178,129,-2.57,33.88,1
3459,70,Hombre,7.6,130,56.6,20,0,0,-0.376,14,152,-0.33,36,0
3460,90,Mujer,7.3,132,30.3,243,0,0,-0.268,186,136,-2.14,36,0
3461,72,Hombre,5.5,144,46,104,1,0,0.022,106,138,-0.01,36,0
3462,58,Mujer,6,133,43.5,273,1,1,-0.444,175,136,-1.81,36,0
3463,74,Hombre,8.3,149,39.6,67,0,0,0.929,170,167,-5.05,36,0
3464,56,Mujer,7.3,131,33.5,103,0,1,0.196,125,123,-1.96,36,0
3465,71,Mujer,6.3,138,47.1,53,0,0,-1.14,17,127,0.42,36,0
3466,50,Hombre,6.4,135,70.8,113,0,0,-0.582,63,139,-0.3,36,0
3467,88,Mujer,8.3,132,46.5,60,0,0,0.144,69,142,-3.35,36,0
3468,68,Hombre,8.9,122,48.8,260,0,1,0.25,334,113,-0.67,36,0
3469,60,Hombre,8.2,114,40.6,174,1,0,0.485,282,115,-3.19,36,0
3470,49,Mujer,7.2,142,63.2,26,0,0,0.163,31,147,-0.01,36,0
3471,41,Mujer,8.3,106,44.1,68,0,1,-0.316,50,82,-1.17,36,0
3472,62,Mujer,7.1,117,56.1,40,0,0,0.281,53,103,-0.57,36,0
3473,59,Mujer,8.8,160,56,53,1,0,-0.088,49,160,-1.77,36,0
3474,65,Mujer,6.8,138,43.1,13,0,0,0.717,27,144,-2.81,36,0
3475,61,Hombre,6.7,136,54.4,27,0,0,0.094,30,143,-0.73,36,0
3476,62,Hombre,6.1,149,54.7,104,0,1,-0.939,41,144,0.25,36,0
3477,71,Hombre,6.9,134,66.3,80,1,1,-1.511,18,121,3.03,36,0
3478,57,Mujer,8.6,127,35.9,69,0,1,-0.06,65,111,0.77,36,0
3479,68,Mujer,6.3,126,36.2,112,0,0,0.706,227,129,-4.36,36,0
3480,63,Hombre,8.2,145,41.4,244,1,1,-0.088,224,131,-4.1,36,0
3481,53,Mujer,8.3,134,51.7,35,0,1,-0.728,17,129,2.29,36,0
3482,73,Hombre,7.2,143,48.1,146,1,0,0.416,221,136,-3.93,3.34,1
3483,77,Hombre,9.1,152,33.5,69,0,0,0.238,88,152,-2.54,36,0
3484,83,Hombre,9,153,37.4,100,1,0,0.874,240,148,-6.87,11.76,1
3485,75,Mujer,7.1,149,60,197,0,1,-0.155,169,156,-1.63,36,0
3486,44,Mujer,7.2,129,51.5,28,0,1,-0.429,18,132,0.94,36,0
3487,60,Hombre,5.6,154,52.3,135,0,0,-0.191,112,159,0.2,36,0
3488,76,Hombre,7.5,151,40.1,204,0,0,-0.417,134,151,-1.87,36,0
3489,55,Mujer,8,130,55,53,0,1,-0.544,31,138,1.24,36,0
3490,60,Hombre,8.4,142,51.6,53,0,1,0.229,67,135,-3.32,36,0
3491,48,Mujer,8.1,125,37.8,53,0,1,0.651,102,136,-1.94,36,0
3492,62,Mujer,9.1,133,36.4,257,1,0,0.11,287,125,-3.71,36,0
3493,90,Mujer,9.3,117,40.5,104,1,1,-0.69,52,130,-1.35,36,0
3494,48,Mujer,7.8,123,41.3,31,0,1,-0.429,20,109,1.15,36,0
3495,70,Mujer,6.7,162,47.1,132,0,1,-0.095,120,166,-2.09,36,0
3496,63,Mujer,8.8,130,54.7,49,0,1,-0.342,35,110,0.84,36,0
3497,47,Hombre,8.6,126,63,37,0,1,-0.005,37,116,1.35,36,0
3498,66,Hombre,8.7,124,51.8,198,0,0,-0.943,77,134,-0.72,36,0
3499,67,Hombre,6.9,175,59.4,634,0,0,0.487,1031,181,-4.34,36,0
3500,45,Mujer,7.1,121,35.8,424,0,1,-0.045,405,109,-1.38,36,0
3501,80,Hombre,7.6,140,36,65,0,0,0.098,72,125,-3.61,36,0
3502,56,Mujer,6.8,135,45.6,171,0,1,-0.308,126,135,-0.22,36,0
3503,55,Hombre,6.1,125,45.6,276,0,0,0.276,364,116,-2.58,36,0
3504,76,Hombre,6.6,152,53.3,15,1,0,0.884,36,150,-6.33,36,0
3505,61,Mujer,8.8,154,69.3,63,0,0,1.445,267,138,-4.48,36,0
3506,88,Mujer,10.4,126,30.9,46,1,0,-0.65,24,117,-0.51,36,0
3507,70,Mujer,7.9,128,44.6,36,0,0,-0.108,32,127,-2.8,36,0
3508,58,Mujer,8.6,132,40.8,53,0,1,0.002,53,119,-2.35,36,0
3509,63,Hombre,10.8,125,51.2,230,0,0,-0.045,220,131,-3.11,36,0
3510,77,Hombre,6.6,152,42.6,152,0,0,0.663,295,168,-6.93,17.4,1
3511,58,Mujer,8.3,127,53.8,42,0,0,0.532,71,126,-2.32,36,0
3512,47,Mujer,8.1,140,45.2,246,0,0,0.389,363,140,-4.42,36,0
3513,82,Hombre,8.6,139,38,253,1,0,-0.217,204,136,-3.27,36,0
3514,58,Mujer,7.6,135,56.7,114,1,0,0.391,169,132,-2.47,36,0
3515,68,Mujer,9.2,163,42.9,384,1,0,-0.46,242,166,-4.08,36,0
3516,70,Hombre,8.2,119,47.1,45,0,0,0.766,97,114,-3.63,36,0
3517,53,Hombre,9,123,52.9,5,0,0,-0.001,5,131,-0.97,36,0
3518,51,Hombre,7.1,119,51.3,26,1,0,1.083,77,115,-3.38,36,0
3519,69,Mujer,9.6,126,64.5,222,0,1,-0.255,172,114,-3.63,36,0
3520,65,Hombre,10.6,145,44.2,492,0,0,0.18,589,155,-4.71,36,0
3521,83,Hombre,8,168,49,333,0,0,-0.179,278,158,-4.31,1.13,1
3522,66,Mujer,7.4,141,31.6,133,0,0,0.413,201,132,-2.21,36,0
3523,49,Hombre,6.4,138,38.6,169,1,1,-0.492,103,135,-1.25,36,0
3524,77,Hombre,9.4,126,45.8,668,0,0,-0.542,388,132,-2.35,36,0
3525,55,Mujer,9,118,56.3,33,0,0,-0.03,32,103,-2.43,13.14,1
3526,61,Hombre,8.6,132,46.2,33,0,0,-0.397,22,132,-1.36,36,0
3527,59,Mujer,7.6,114,43,217,0,0,0.493,355,109,-6.85,36,0
3528,68,Hombre,7.8,135,42.3,120,0,0,-0.285,90,134,2.18,36,0
3529,73,Hombre,6.9,158,31.7,366,0,0,-0.074,340,156,-3.62,36,0
3530,58,Hombre,8.9,148,54.4,393,0,1,-0.914,158,145,-2.15,36,0
3531,68,Hombre,7.8,139,65.7,615,0,1,-1.052,215,115,1.95,36,0
3532,59,Mujer,8.3,121,47.9,85,1,1,-0.057,80,134,-2.71,36,0
3533,62,Mujer,8.1,149,50.4,782,0,1,-1.284,217,133,-1.61,36,0
3534,59,Mujer,6.2,133,63.7,48,0,0,-0.583,27,139,2.18,36,0
3535,78,Mujer,8.5,122,42.9,199,0,0,0.708,404,118,-3.86,36,0
3536,73,Hombre,9.8,141,34.9,809,0,1,0.268,1058,133,-3.22,36,0
3537,58,Mujer,8.2,145,63.3,33,0,1,0.424,50,138,-1.99,36,0
3538,76,Mujer,8,150,50.9,183,1,1,0.609,337,151,-4.47,36,0
3539,58,Hombre,6.9,128,37.9,21,0,0,-0.045,20,118,-0.18,36,0
3540,66,Hombre,7.7,131,47,72,0,1,-0.553,41,124,0.79,36,0
3541,65,Hombre,8.5,173,45.9,52,0,0,1.447,221,166,-5.69,36,0
3542,70,Mujer,8.9,135,58.1,243,0,1,-0.654,126,127,1.08,36,0
3543,61,Hombre,10.9,121,43.7,181,0,1,-0.153,155,109,-2.22,36,0
3544,65,Hombre,8.8,144,38.4,205,0,0,-0.209,166,130,-2.37,36,0
3545,61,Mujer,7.9,105,53.6,207,0,0,-0.551,119,100,-0.06,36,0
3546,60,Mujer,6.7,120,48,105,1,0,-0.243,82,125,-1.51,36,0
3547,63,Hombre,6.3,134,49.2,72,0,0,1.233,247,137,-4.78,36,0
3548,78,Mujer,8.1,131,33.3,239,1,0,-0.06,225,119,-5.08,36,0
3549,74,Mujer,7.1,121,46.2,18,0,0,0.319,25,117,-0.77,36,0
3550,71,Hombre,8.7,138,42.1,269,0,1,0.433,415,139,-5.54,36,0
3551,75,Mujer,7.7,148,24.7,98,0,0,0.947,253,137,-8.07,1.58,1
3552,64,Hombre,8.9,126,42.3,65,1,1,-0.814,29,111,-1.71,36,0
3553,67,Hombre,7.2,108,57.7,16,1,1,-0.189,13,101,-2.57,36,0
3554,58,Hombre,7.4,148,30.3,437,1,1,-0.461,276,154,-1.39,36,0
3555,68,Mujer,10.7,139,36,156,0,0,0.366,225,135,-3.28,36,0
3556,68,Mujer,7.1,148,67,60,0,1,-0.974,23,153,1.54,36,0
3557,61,Hombre,6.1,116,57.1,38,1,0,0.498,63,110,1.01,36,0
3558,68,Hombre,7.2,122,48.7,238,0,0,-0.014,235,104,-2.94,36,0
3559,65,Mujer,7.4,126,54.3,20,0,0,0.128,23,133,-1.26,36,0
3560,38,Mujer,9.2,132,49.8,108,0,0,0.217,134,140,-1.34,36,0
3561,68,Mujer,7.3,129,37.8,392,0,0,-0.338,279,129,-2.04,36,0
3562,53,Hombre,8.5,144,52.6,100,0,0,0.262,130,126,-1.93,36,0
3563,76,Hombre,7.9,145,35.5,208,1,0,-0.29,156,148,-3.6,23.39,1
3564,74,Mujer,8.4,146,66.2,980,0,1,-0.19,811,147,-0.91,36,0
3565,58,Mujer,6.9,125,55.4,209,0,1,-0.859,89,110,2.31,36,0
3566,74,Hombre,7.5,147,41.8,85,0,0,-0.147,73,141,-3.61,36,0
3567,48,Mujer,7.4,142,54.7,27,1,1,1.03,76,127,-2.74,36,0
3568,52,Hombre,5.5,146,31.5,501,0,0,-1.389,125,152,-0.72,36,0
3569,75,Hombre,8.3,132,40.7,196,0,1,0.319,270,136,-4.46,36,0
3570,50,Mujer,8.9,130,54.7,185,0,1,-1.144,59,125,2.21,36,0
3571,59,Hombre,8.8,148,42.1,171,0,0,-0.01,169,158,-2.24,36,0
3572,72,Hombre,9.6,118,48.6,328,0,0,0.834,755,114,-5.3,36,0
3573,38,Mujer,7.3,139,54.8,162,0,0,-0.324,117,144,0.55,36,0
3574,53,Hombre,7.5,115,46.2,73,1,1,-0.497,44,111,-3.33,36,0
3575,68,Hombre,7.4,137,50.8,396,0,0,0.293,531,152,-1.94,36,0
3576,65,Hombre,9.2,124,71,66,1,1,-0.822,29,122,-0.88,36,0
3577,65,Mujer,7.7,132,40.7,41,0,0,0.024,42,115,-4.5,36,0
3578,68,Hombre,7.6,121,39.4,69,0,0,0.725,142,125,-3.25,28.55,1
3579,77,Mujer,7.8,145,21,1110,0,1,-0.981,416,145,-0.8,36,0
3580,53,Hombre,8.4,142,45,387,0,1,0.117,435,134,-3.49,36,0
3581,74,Hombre,8.7,119,47.6,91,0,0,-0.184,76,118,-3.92,36,0
3582,72,Hombre,5.5,130,42.7,9,1,0,0.631,17,128,-4.62,36,0
3583,68,Hombre,7.9,146,37,167,0,1,0.672,327,140,-2.13,36,0
3584,65,Mujer,8.3,144,55,115,1,1,-0.872,48,139,-2.58,36,0
3585,46,Hombre,8.5,125,49,1145,0,1,-0.248,893,109,-0.04,36,0
3586,71,Hombre,9.3,114,37.8,45,0,0,-1.027,16,109,-0.8,36,0
3587,55,Hombre,8.6,147,75,167,0,1,-0.91,67,157,0.35,36,0
3588,48,Hombre,9.2,143,41.6,276,0,1,-0.977,104,129,-0.07,36,0
3589,51,Hombre,7.7,135,37.6,30,0,0,-0.467,19,148,-0.27,36,0
3590,56,Hombre,8.8,148,58,221,0,0,0.789,487,160,-4.56,36,0
3591,72,Hombre,10.6,152,47,254,1,1,-0.235,201,162,-5.39,36,0
3592,74,Hombre,7.9,123,43.2,73,0,0,-0.084,67,118,-1.16,36,0
3593,57,Hombre,6.8,125,59.1,233,0,0,-0.581,130,125,-0.09,36,0
3594,67,Mujer,8.8,123,43.8,134,0,0,-0.065,126,127,-2.66,36,0
3595,61,Hombre,9.1,141,42.6,152,0,1,-0.724,74,137,-2.08,36,0
3596,72,Mujer,7.8,132,54.6,238,0,0,0.751,504,130,-4.78,36,0
3597,73,Hombre,6.3,120,35.7,182,0,0,-0.643,96,123,-1.59,36,0
3598,63,Mujer,5.9,138,40.7,22,0,0,-0.072,20,150,-0.86,36,0
3599,65,Hombre,7.1,143,29.6,1799,1,0,-0.54,1048,132,-2.34,36,0
3600,51,Hombre,6.9,128,44.1,665,0,0,-0.16,567,116,-2.15,36,0
3601,52,Mujer,6.5,115,52.3,46,0,0,-0.397,31,125,0.32,36,0
3602,56,Mujer,8.1,124,35.1,133,0,0,-0.341,95,108,-1.03,36,0
3603,76,Mujer,7.1,122,40.7,47,0,0,0.525,79,122,-3.31,36,0
3604,58,Mujer,5.5,162,28,104,0,0,1.237,358,158,-5.3,36,0
3605,58,Hombre,7.2,148,67.1,134,1,1,0.5,221,148,-3.03,36,0
3606,64,Hombre,8.2,105,36.5,112,1,1,-0.629,60,100,-0.62,36,0
3607,58,Hombre,6.7,135,60.3,31,0,0,0.712,63,138,-4.01,36,0
3608,73,Hombre,6,135,41.4,180,0,0,1.107,545,153,-5.76,36,0
3609,64,Hombre,7.2,118,46.2,26,1,1,0.077,28,106,-1.56,36,0
3610,73,Mujer,6.8,152,48.4,426,0,1,-0.29,319,149,-0.04,36,0
3611,54,Hombre,8.7,125,50.8,84,0,1,-0.027,82,117,-1.79,36,0
3612,75,Mujer,7.9,99,37.8,37,0,1,-1.344,10,85,1.9,36,0
3613,59,Hombre,7.8,153,56.2,171,1,1,-0.019,168,155,-2.49,36,0
3614,74,Hombre,6.1,124,65.1,41,1,0,0.387,60,119,-2.78,36,0
3615,69,Hombre,9.5,151,36.6,72,0,1,-0.712,35,140,-1.3,36,0
3616,43,Hombre,10.7,146,45.4,644,0,1,0.006,648,136,-3.14,36,0
3617,50,Hombre,7.5,133,56,65,0,1,-0.808,29,114,0.99,36,0
3618,57,Mujer,7.3,146,43.3,40,0,1,-0.962,15,134,1.42,36,0
3619,80,Hombre,9.1,135,58.1,170,0,0,1.035,479,146,-4.77,8.02,1
3620,53,Mujer,7.3,142,58.2,38,0,0,1.122,117,147,-0.77,36,0
3621,59,Hombre,8.7,132,59.1,113,0,0,-0.047,108,125,-1.41,36,0
3622,40,Mujer,7.2,135,50.8,172,1,0,-0.084,158,133,-2.11,36,0
3623,66,Mujer,7.1,135,48.4,322,1,0,0.54,553,121,-5.61,36,0
3624,77,Hombre,7.5,132,44,63,1,0,0.623,117,130,-4.61,36,0
3625,58,Mujer,5.5,120,40.5,48,1,0,-0.075,45,116,-1.31,36,0
3626,68,Hombre,6.9,160,48.1,194,1,0,-0.511,116,156,-1.51,36,0
3627,60,Hombre,7.8,124,37.1,346,1,0,0.035,358,128,-4.48,36,0
3628,43,Hombre,7.8,156,62.1,75,0,1,-1.029,27,161,1.24,36,0
3629,71,Hombre,8.2,139,51.3,154,0,0,0.667,300,141,-3.14,36,0
3630,49,Mujer,9.6,137,62.8,347,1,1,-0.129,305,140,-2.24,36,0
3631,46,Mujer,7.4,126,72.4,69,0,0,-0.575,39,134,-1.13,36,0
3632,68,Hombre,5.5,120,36.7,23,0,0,-0.537,13,117,0.43,36,0
3633,45,Hombre,8.9,120,48.3,897,0,1,0.173,1066,120,-3.41,36,0
3634,64,Mujer,8.2,121,51.8,365,0,1,0.255,471,107,-2.68,36,0
3635,66,Mujer,7.5,118,31.3,747,0,0,-0.221,599,123,-4.14,36,0
3636,63,Hombre,8,162,46.5,284,0,1,0.471,455,147,-2.19,36,0
3637,59,Hombre,7.3,130,48.3,172,0,1,-0.671,88,126,-0.97,36,0
3638,63,Mujer,6.8,137,36.9,74,1,1,-0.797,33,132,-0.49,36,0
3639,66,Mujer,7.4,147,44.4,34,0,0,0.139,39,147,-2.48,9.05,1
3640,74,Hombre,7.8,137,38.1,166,0,0,0.064,177,133,-2.6,36,0
3641,70,Hombre,7.6,161,56.6,33,1,1,-0.139,29,171,-3.48,36,0
3642,71,Mujer,7.7,141,61.1,53,1,1,0.152,62,139,-1.19,36,0
3643,58,Hombre,6.6,131,48.7,34,0,0,1.04,96,127,-3.68,36,0
3644,70,Hombre,7.7,104,52.4,147,0,1,-0.158,126,98,-1.66,36,0
3645,55,Mujer,6.6,141,51.5,37,0,0,-0.126,33,144,-0.58,36,0
3646,60,Hombre,6.9,107,46.1,106,0,0,0.556,185,105,-3.07,36,0
3647,66,Hombre,7.5,128,34.8,132,0,1,-0.34,94,128,-1.32,36,0
3648,62,Hombre,9.1,129,42.7,159,1,0,-0.583,89,137,-0.11,36,0
3649,76,Hombre,9.1,176,48.9,351,0,1,0.047,368,167,-5.93,36,0
3650,89,Hombre,11,136,34.2,786,0,0,-0.073,730,140,-5.74,5.34,1
3651,69,Hombre,7.2,129,46.7,139,0,0,0.449,218,126,-3.55,36,0
3652,58,Hombre,7.8,115,43,45,0,0,-0.185,37,117,-1.64,36,0
3653,66,Mujer,8,133,45.5,490,0,0,-0.618,264,131,-4.03,36,0
3654,59,Mujer,6,128,44.3,52,0,1,-0.099,47,110,-0.3,36,0
3655,54,Hombre,7.3,128,40.5,70,0,0,0.355,100,128,-2.46,36,0
3656,79,Hombre,6.6,123,55,430,0,0,0.779,937,130,-3.22,30.53,1
3657,71,Mujer,8.5,156,35.2,914,0,1,-0.186,759,141,-5.03,36,0
3658,66,Mujer,6.1,137,36.9,32,1,0,0.302,43,136,-0.41,36,0
3659,70,Mujer,5.9,124,42.3,44,0,0,-0.036,42,128,-1.31,36,0
3660,40,Hombre,5.5,163,53,21,1,0,-0.44,14,158,-0.26,36,0
3661,71,Hombre,8.2,121,28.8,185,0,0,-0.178,155,131,-1.38,36,0
3662,77,Hombre,6.1,182,35.8,113,1,0,0.307,154,196,-3.17,36,0
3663,52,Hombre,7.6,129,33.1,174,0,1,-0.106,157,115,-2,36,0
3664,72,Hombre,6.5,137,53.7,67,0,0,-0.549,39,150,0.01,36,0
3665,56,Mujer,6.5,125,37.9,153,0,0,-0.237,121,114,-0.34,36,0
3666,75,Hombre,6.3,105,45.5,110,0,0,0.474,177,91,-1.12,36,0
3667,81,Hombre,7.5,140,37.1,49,1,0,0.56,86,125,-1.96,36,0
3668,80,Mujer,8.4,122,40.3,200,0,0,-0.312,146,117,-2.81,36,0
3669,60,Mujer,9,132,36.6,47,1,1,-0.362,33,119,-1.38,36,0
3670,53,Mujer,8,155,41.5,66,0,0,-0.095,60,144,-1.23,36,0
3671,45,Hombre,5.9,139,51.1,50,0,1,-0.583,28,143,1.32,36,0
3672,63,Hombre,8.1,119,35.4,425,0,0,-1.099,142,133,0.17,36,0
3673,61,Hombre,7.5,116,40.7,82,0,0,-0.074,76,95,-1.82,36,0
3674,49,Mujer,9.1,123,49.2,551,1,1,0.229,693,129,-3.37,36,0
3675,77,Hombre,9.5,155,46.5,394,1,1,0.554,686,151,-5.65,36,0
3676,39,Mujer,8.5,115,47.1,184,0,1,-1.034,65,107,0.67,36,0
3677,64,Hombre,6.7,140,44.1,208,0,0,0.67,406,146,-4.11,36,0
3678,86,Hombre,8.7,140,33.5,454,1,0,-0.392,307,138,-4.99,36,0
3679,71,Hombre,9,132,57.9,168,0,1,-0.181,140,118,-2.63,36,0
3680,69,Hombre,9.8,127,63.3,64,0,0,0.31,87,125,-1.25,36,0
3681,74,Mujer,6.7,155,25.5,84,0,0,0.284,112,145,-5.08,36,0
3682,73,Mujer,9.4,130,51,214,0,0,-0.945,83,141,0.03,36,0
3683,48,Mujer,8,121,43.3,2083,0,1,-0.618,1123,102,0.03,36,0
3684,75,Mujer,5.7,145,57.7,3,1,0,0.796,7,147,-3.25,36,0
3685,63,Mujer,8.3,158,47.8,34,1,0,0.226,43,161,-2.18,36,0
3686,57,Mujer,5.8,102,57.3,12,0,0,-0.056,11,93,-0.2,36,0
3687,60,Hombre,8.8,100,39.5,634,0,0,0.86,1498,94,-4.06,36,0
3688,65,Hombre,8.1,103,44.1,16,0,0,-0.397,11,97,-0.05,36,0
3689,58,Hombre,7.9,120,46.4,101,0,1,-1.01,37,119,2.04,36,0
3690,61,Mujer,8.6,156,53.1,94,0,0,0.875,225,160,-3.79,1.32,1
3691,57,Mujer,8.7,134,34.6,51,0,0,0.524,86,130,-2.94,36,0
3692,52,Hombre,8.4,123,47.6,135,0,0,0.375,197,126,-1.49,36,0
3693,53,Mujer,7.3,129,61.2,39,0,1,-0.162,33,135,1.45,36,0
3694,58,Mujer,10.4,145,46.5,332,0,1,-0.737,159,143,-2.13,36,0
3695,62,Hombre,6.5,147,26.5,17,1,0,0.393,25,150,-1.84,36,0
3696,62,Hombre,6.9,150,49.4,67,0,0,-0.162,57,143,-2.32,36,0
3697,65,Hombre,8.6,123,44.7,189,0,0,-0.177,158,123,-2.93,36,0
3698,68,Hombre,8.2,140,43.9,48,0,1,0.327,67,128,-0.08,36,0
3699,55,Hombre,7.4,129,47.8,21,0,0,0.935,54,111,-2.55,36,0
3700,51,Mujer,8,134,47.5,50,0,1,-0.049,48,138,-1.6,36,0
3701,55,Hombre,7.9,150,30.5,554,0,1,-0.313,405,147,-1.59,36,0
3702,46,Mujer,6.8,158,58,141,0,0,-0.478,87,151,-0.98,36,0
3703,68,Mujer,6.8,132,47.6,17,0,0,0.803,38,127,-1.42,36,0
3704,70,Hombre,9.4,145,40.2,100,1,0,-1.842,16,142,1.29,36,0
3705,68,Mujer,5.9,128,53.8,32,0,0,0.042,33,120,-0.66,36,0
3706,71,Hombre,9.1,148,37,40,0,0,0.69,80,158,-5.18,16.72,1
3707,63,Mujer,8.6,128,43.4,372,0,1,0.053,392,125,-4.59,36,0
3708,62,Hombre,6.9,127,48.4,586,0,1,-1.844,93,134,1.98,36,0
3709,59,Mujer,6.5,155,51,1385,1,1,0.176,1651,158,-4.47,28.13,1
3710,63,Hombre,6.8,129,42.3,38,0,0,-0.088,35,131,-2.28,36,0
3711,54,Hombre,9.8,145,58.8,231,0,0,0.826,527,139,-1.96,36,0
3712,39,Hombre,6.5,139,53,235,0,1,-0.314,172,133,-1.91,36,0
3713,54,Mujer,6.3,131,57.9,47,0,0,0.44,73,120,-1.56,36,0
3714,66,Hombre,8.7,145,50.9,672,0,1,-1.107,222,135,-2.1,36,0
3715,71,Mujer,11.1,127,29.4,220,0,0,0.835,507,137,-5.59,0.59,1
3716,79,Hombre,8.7,156,51.1,532,0,1,-1.229,156,130,0.37,36,0
3717,64,Hombre,5.5,136,41.9,43,0,0,0.078,46,126,0.72,36,0
3718,75,Mujer,7.3,144,49.1,79,1,0,0.893,193,133,-3.1,36,0
3719,42,Hombre,7,119,52.2,32,0,0,0.054,34,117,-0.91,3.79,1
3720,62,Mujer,5.9,126,49.2,23,0,0,-0.31,17,120,-1.2,36,0
3721,76,Hombre,8.8,136,51.5,182,0,1,-0.286,137,142,-1.35,36,0
3722,59,Mujer,7.7,136,46,182,0,0,-0.691,91,133,-0.81,36,0
3723,67,Hombre,8.3,116,39,68,0,0,0.333,95,118,-2.61,36,0
3724,78,Hombre,8.7,141,37,2131,0,1,-0.08,1967,126,-4.15,10.19,1
3725,77,Hombre,9.3,135,29.6,828,0,0,0.24,1053,123,-4.35,35.6,1
3726,74,Hombre,5.5,145,31.3,192,1,1,-0.194,158,124,-2.82,36,0
3727,61,Mujer,7.9,154,36.5,222,0,0,-0.634,118,162,-3.32,36,0
3728,67,Hombre,7.1,114,49.9,27,0,0,-0.178,23,99,-2.02,36,0
3729,63,Hombre,6.9,117,60.1,254,0,1,-0.203,207,111,-0.64,36,0
3730,55,Hombre,7.2,99,63.7,121,0,0,-0.958,46,84,3.28,36,0
3731,64,Mujer,6.6,104,42.7,56,1,0,-0.072,52,110,-1.11,36,0
3732,60,Hombre,8.6,124,45.2,102,1,1,-0.104,92,117,-3.02,36,0
3733,70,Hombre,6.7,149,44.6,122,1,0,0.39,180,142,-5.35,25.9,1
3734,74,Mujer,6.8,134,50.4,64,0,0,0.07,69,138,-1.5,36,0
3735,84,Mujer,6.8,161,34.8,63,1,0,0.33,88,153,-3.21,36,0
3736,60,Hombre,8,131,55.5,118,1,0,-0.156,101,137,-1.5,36,0
3737,58,Mujer,7.9,138,53.7,114,0,0,0.738,238,128,-2.64,36,0
3738,65,Hombre,8,130,52.2,1255,0,0,-0.465,788,136,-3.44,36,0
3739,69,Hombre,7.7,160,47.5,501,0,1,0.151,583,157,-3.43,36,0
3740,58,Hombre,7.6,150,60.9,635,0,0,-0.533,373,152,-3.11,36,0
3741,84,Hombre,7.4,140,36.9,95,1,0,0.198,116,144,-3.4,36,0
3742,59,Hombre,6.2,125,42.3,61,0,0,-0.662,31,131,-2.6,36,0
3743,51,Hombre,5.9,145,50.1,20,0,1,-0.925,8,125,3.07,36,0
3744,68,Hombre,6.4,130,43.9,108,0,1,-1.094,36,140,1.49,36,0
3745,63,Hombre,8,125,47.4,85,0,0,-0.089,78,114,-0.66,36,0
3746,44,Mujer,5.5,154,38.2,364,1,1,-0.139,317,136,-6.01,36,0
3747,77,Hombre,8.2,119,23.5,98,0,0,0.72,201,118,-5.43,36,0
3748,45,Hombre,7.9,137,59.4,29,0,0,-0.081,27,148,-0.62,36,0
3749,68,Hombre,8.2,141,38.1,46,0,0,0.477,74,137,-4.02,36,0
3750,60,Hombre,8.2,154,50.4,955,0,1,-1.897,143,142,1.51,36,0
3751,78,Hombre,8.4,145,46,383,0,1,-0.507,231,136,-4.14,36,0
3752,89,Hombre,9.1,155,55.4,162,1,1,-0.123,143,142,-2.28,36,0
3753,60,Hombre,8.7,122,53.2,26,0,0,0.948,67,130,-3.28,36,0
3754,46,Mujer,8.1,131,48.8,48,0,1,0.213,59,120,-1.3,36,0
3755,51,Hombre,7.6,143,64.1,236,0,1,0.961,617,152,-5.34,36,0
3756,76,Hombre,6.7,157,56.6,293,0,1,-0.961,112,154,-0.59,36,0
3757,61,Mujer,9,101,59.9,421,0,1,-0.381,288,84,-1.68,36,0
3758,57,Mujer,9.5,141,52.8,258,0,1,-1.108,85,137,0.31,36,0
3759,63,Hombre,6.7,118,51.7,18,0,1,-0.562,10,120,1.69,36,0
3760,71,Hombre,7.3,118,60.1,108,0,1,-0.397,73,105,-0.6,36,0
3761,59,Hombre,6.6,131,50.4,42,1,0,0.07,45,134,-1.62,36,0
3762,54,Hombre,7.9,135,46.6,323,0,1,-0.739,154,129,-1.87,36,0
3763,72,Mujer,7.4,151,30.6,1092,0,0,0.882,2639,165,-6.44,36,0
3764,85,Mujer,8.4,145,40.2,31,0,0,-0.615,17,144,-1.08,36,0
3765,61,Hombre,7.6,141,42.3,214,1,1,0.073,230,130,-3.62,36,0
3766,65,Mujer,10,124,54.7,263,0,1,0.305,357,131,-2.72,36,0
3767,69,Mujer,7.5,152,36.5,145,0,0,-0.272,110,144,-3.68,36,0
3768,82,Hombre,5.5,138,32.2,25,1,0,0.884,60,132,-3.21,36,0
3769,76,Mujer,10.4,124,42.8,187,1,0,-0.373,129,130,-3.92,36,0
3770,63,Mujer,7.8,133,53.8,27,0,1,-0.222,22,120,-1.19,36,0
3771,63,Hombre,8.8,135,45.4,23,0,0,0.175,27,131,-2.52,36,0
3772,70,Hombre,7.9,108,52.3,215,0,0,0.155,251,117,-0.99,36,0
3773,75,Hombre,7.2,134,32.3,437,0,0,-0.062,411,136,-1.67,36,0
3774,80,Hombre,5.8,120,37.8,240,1,1,-0.62,129,103,1.5,36,0
3775,62,Hombre,9.5,107,46.8,121,0,1,-0.407,81,91,-1.65,36,0
3776,67,Hombre,8.3,142,43.9,620,0,0,-0.604,339,139,-1.21,36,0
3777,65,Hombre,6.6,134,36.4,39,0,0,-0.054,37,125,-2.36,36,0
3778,68,Mujer,7.9,155,50.2,103,0,0,0.47,165,166,-4.76,3.55,1
3779,78,Hombre,7.1,144,42.8,343,0,0,-0.378,235,156,-2.14,36,0
3780,64,Mujer,8.4,159,31.3,1440,0,1,-0.117,1281,156,-3.54,36,0
3781,88,Hombre,5.9,115,27.6,119,1,1,-0.656,62,113,-1.38,36,0
3782,68,Mujer,9,133,48.4,211,0,1,-0.215,170,132,-0.64,36,0
3783,80,Hombre,7.6,148,33.4,242,0,0,-0.043,232,156,-6.72,36,0
3784,74,Mujer,7.3,135,44.7,310,0,0,-0.038,298,137,-1.63,36,0
3785,67,Mujer,6.4,123,39.7,139,0,0,0.193,169,105,-1.29,36,0
3786,66,Mujer,7.5,120,49.4,239,1,0,-0.742,114,124,-0.87,36,0
3787,60,Mujer,10.1,144,46.1,234,0,1,-0.758,110,138,-0.41,36,0
3788,71,Hombre,9,123,44.3,265,1,0,-0.411,176,113,-2.94,36,0
3789,59,Mujer,6.5,134,38.7,37,0,0,0.868,88,131,-2.4,12.95,1
3790,57,Mujer,6.5,142,21.3,37,0,0,1.16,118,133,-1.65,36,0
3791,68,Mujer,6.2,130,55.5,219,0,1,-1.238,63,138,1.04,36,0
3792,66,Mujer,8,149,31.4,69,0,1,-0.256,53,159,-4.48,36,0
3793,67,Hombre,7.7,147,49.8,49,0,0,1.122,151,147,-5.89,36,0
3794,89,Mujer,7.2,122,26.8,39,1,0,-0.178,33,123,-3.16,36,0
3795,55,Hombre,7.3,133,62.6,63,0,0,0.453,99,134,0.19,36,0
3796,56,Mujer,8.3,119,44.3,97,0,0,-0.447,62,110,-1.06,36,0
3797,72,Hombre,6.3,147,30.9,79,0,0,-0.699,39,142,0.11,36,0
3798,61,Mujer,8,132,53.5,167,0,1,0.399,249,136,-1.51,36,0
3799,60,Hombre,8.5,139,41.4,197,0,1,-1.077,67,132,3.3,36,0
3800,54,Hombre,9.2,139,47.4,332,0,1,-0.491,203,133,-1.68,36,0
3801,71,Mujer,5.8,127,37.7,81,0,1,-0.484,50,121,-0.1,36,0
3802,73,Hombre,7.3,143,49.1,329,0,0,-0.003,328,152,-2.98,36,0
3803,60,Hombre,8.9,128,31.6,183,1,0,0.894,447,113,-3.07,36,0
3804,65,Hombre,6.6,138,40.7,96,0,0,1.199,318,131,-3.74,36,0
3805,61,Mujer,8.2,145,59.8,23,0,0,0.193,28,140,-0.81,36,0
3806,57,Mujer,6.9,132,42.1,703,0,1,-0.251,547,118,-1.13,36,0
3807,56,Mujer,7.8,148,50.1,108,0,1,-0.952,42,140,2.23,36,0
3808,68,Mujer,8,130,44.5,48,0,0,0.134,55,129,-0.02,36,0
3809,66,Hombre,8.2,107,42.2,67,1,0,-0.168,57,110,-0.53,36,0
3810,58,Hombre,7.5,107,44.8,105,0,0,0.152,122,101,-2.35,36,0
3811,67,Hombre,9.5,163,40.4,294,0,0,-0.779,135,161,-2.97,36,0
3812,60,Mujer,8.8,118,58.7,33,1,0,0.201,40,129,-0.12,36,0
3813,52,Mujer,9,124,64.8,38,0,0,-0.682,19,127,0.77,36,0
3814,74,Hombre,9.9,134,46.4,181,0,1,-0.373,125,138,-3.3,36,0
3815,74,Mujer,8.8,143,48.8,377,0,1,-0.575,212,140,-2.47,36,0
3816,53,Mujer,8,136,66.5,108,0,1,-0.22,87,136,-1.32,36,0
3817,71,Mujer,7.1,129,53.3,33,0,0,0.673,65,126,-1.92,36,0
3818,69,Hombre,7.1,156,45.9,94,0,1,0.82,213,148,-3.84,36,0
3819,72,Mujer,9.4,141,41.7,291,0,0,0.564,511,139,-4.79,36,0
3820,54,Hombre,7.7,148,49.4,135,0,0,-0.072,126,134,-3.34,36,0
3821,63,Hombre,10.4,119,40.3,233,1,1,-1.258,66,121,0.37,36,0
3822,77,Hombre,6.9,151,27.3,41,0,0,0.964,108,151,-6.53,3.59,1
3823,71,Mujer,6.5,141,45.9,82,1,1,0.703,166,133,-4.57,36,0
3824,59,Hombre,6.8,147,72.6,1271,0,1,-0.993,471,144,0.83,36,0
3825,53,Hombre,8.1,130,50.7,325,1,1,-1.051,114,118,0.52,36,0
3826,59,Hombre,7.3,137,51.5,819,0,1,-0.501,496,125,-2.61,36,0
3827,66,Hombre,11,158,39.1,2116,0,1,-0.367,1466,152,-2.92,36,0
3828,50,Hombre,6.4,147,51.7,355,0,1,-0.565,202,146,0.75,36,0
3829,60,Hombre,5.8,130,52.1,14,1,0,0.754,30,125,-2.27,36,0
3830,78,Mujer,7.9,144,32.6,154,0,0,-0.173,129,157,-2.78,36,0
3831,50,Mujer,8.2,109,53,109,0,0,0.138,125,96,-1.43,36,0
3832,37,Mujer,6.6,119,56.5,32,0,1,-0.166,27,115,-1.32,36,0
3833,56,Mujer,8.1,132,51.7,1326,0,1,-0.595,732,118,-1.58,36,0
3834,72,Mujer,6.7,121,44,60,1,0,-0.241,47,129,-3.1,9.85,1
3835,60,Mujer,7,126,50.8,8,0,0,-0.214,6,133,-0.83,36,0
3836,76,Mujer,9.9,164,31.3,877,1,0,0.519,1474,163,-5.06,33.42,1
3837,72,Hombre,6.1,149,30.1,57,0,0,-0.037,55,146,-3.63,11.59,1
3838,63,Mujer,6.9,154,47.4,34,0,1,0.11,38,150,-2.93,36,0
3839,50,Hombre,9.8,108,51.5,72,0,1,-0.757,34,114,0.33,36,0
3840,68,Mujer,7.1,104,45.7,405,0,0,-0.363,282,96,-2.53,36,0
3841,51,Mujer,7.5,125,59.8,134,0,0,-0.841,58,131,-0.64,36,0
3842,74,Mujer,8.7,132,35.7,63,0,1,-1.099,21,120,0.76,36,0
3843,54,Mujer,5.5,132,45.7,84,0,1,-0.572,47,128,3.13,36,0
3844,50,Hombre,7.3,130,41.1,95,0,0,0.572,168,128,-3.36,36,0
3845,68,Hombre,5.5,143,37,52,1,0,0.097,57,149,-2.43,36,0
3846,66,Mujer,7.2,131,58.8,64,1,1,0.13,73,115,-0.72,36,0
3847,65,Mujer,10.1,130,28.4,1223,1,1,-0.179,1022,123,-4.61,36,0
3848,67,Hombre,8.3,152,54.3,448,0,1,0.095,493,150,-2.34,36,0
3849,64,Mujer,9.3,145,40.3,230,0,0,-0.36,160,156,-3.55,36,0
3850,79,Mujer,8.4,144,53.7,53,0,0,0.869,126,132,-4.15,36,0
3851,62,Hombre,7.9,131,44.5,28,0,1,0.229,35,121,-3.41,36,0
3852,66,Hombre,5.5,126,27.6,51,0,0,0.299,69,133,-0.32,36,0
3853,68,Mujer,6.9,164,45.9,113,0,0,1.243,391,164,-5.37,36,0
3854,58,Mujer,9.9,125,44.6,548,0,1,-0.494,334,104,-0.52,36,0
3855,45,Mujer,7.3,149,62.3,244,0,1,0.847,569,142,-2.37,36,0
3856,62,Mujer,6.1,95,27.3,137,0,1,0.134,157,104,-2.08,34.16,1
3857,73,Hombre,7.5,144,42,37,0,0,0.042,39,138,-1.98,36,0
3858,62,Hombre,6.8,123,38.2,379,0,0,-0.54,221,121,0.08,36,0
3859,65,Mujer,8.2,149,55.4,101,1,1,-0.001,101,156,-2.31,36,0
3860,63,Hombre,8.5,151,38.5,183,0,0,0.451,287,157,-4.12,36,0
3861,60,Mujer,6.6,126,50.1,130,0,1,-0.515,78,122,0.38,36,0
3862,41,Mujer,6.8,129,51.8,14,0,0,0.056,15,128,-0.94,36,0
3863,56,Mujer,7.2,144,48.9,155,1,1,0.871,370,126,-6.28,36,0
3864,62,Hombre,6.4,151,54.3,227,0,1,-0.89,93,154,0.75,36,0
3865,73,Mujer,7.4,154,36.6,146,0,1,0.297,196,154,-3.6,36,0
3866,59,Hombre,9.6,117,44,289,1,1,0.906,715,99,-3.84,36,0
3867,67,Hombre,8.6,134,51.7,136,0,1,-0.19,112,130,-2.6,36,0
3868,45,Hombre,7,155,56.6,100,0,0,-0.712,49,157,0.4,36,0
3869,61,Mujer,6.3,136,63.1,40,0,1,-0.445,26,134,-1.32,36,0
3870,68,Mujer,8.5,146,53.6,410,1,1,0.136,470,133,-3.75,36,0
3871,87,Mujer,8,144,35.6,30,0,0,-1.038,11,149,-0.35,36,0
3872,75,Mujer,9.3,125,48.8,25,1,1,-0.402,17,116,-2.86,36,0
3873,64,Hombre,6.4,134,45.6,97,1,0,-0.41,64,134,0.28,36,0
3874,61,Hombre,9.1,123,54.9,84,0,0,-0.5,51,128,-0.44,36,0
3875,62,Hombre,9.5,147,48.4,23,0,0,0.361,33,144,-3.11,36,0
3876,66,Mujer,9.9,131,52,139,1,0,-0.317,101,130,-2.73,36,0
3877,54,Hombre,6.6,152,56.6,114,1,1,0.161,134,143,-3.49,36,0
3878,53,Hombre,6.6,128,59,46,0,0,0.072,49,125,-1.29,36,0
3879,63,Mujer,5.5,111,37.3,69,1,0,0.46,109,106,-1.19,36,0
3880,49,Hombre,9.8,148,44,87,0,1,-1.259,25,145,1.75,36,0
3881,58,Mujer,8.7,112,41.2,119,0,0,0.405,178,120,-3.9,36,0
3882,46,Hombre,7.1,138,60.1,69,0,1,-0.577,39,116,-0.45,36,0
3883,59,Mujer,9.2,139,41.6,91,0,0,0.548,157,148,-6.24,36,0
3884,46,Hombre,7.4,123,48.5,124,0,0,1.104,374,124,-3.76,4.21,1
3885,67,Mujer,8.8,135,45.9,126,1,1,-0.069,118,130,-1.54,36,0
3886,53,Hombre,8.5,131,44.7,121,0,0,-0.622,65,125,-0.98,11.45,1
3887,65,Hombre,7.1,143,37.4,539,0,1,0.567,950,140,-3.04,36,0
3888,49,Hombre,6.6,138,52.4,124,0,1,0.183,149,139,0.31,36,0
3889,57,Hombre,7.7,137,58.9,271,0,0,0.28,359,135,-3.03,36,0
3890,67,Hombre,6.5,116,44,10,0,0,0.709,20,112,-2.16,22.62,1
3891,67,Hombre,7.2,130,39.1,18,0,0,0.613,33,144,-2.5,36,0
3892,77,Hombre,9.2,143,47.6,65,1,1,0.153,76,125,-4.02,36,0
3893,81,Mujer,9.1,130,53.9,61,1,1,-0.303,45,125,-1.51,36,0
3894,68,Hombre,7.5,154,44.8,765,0,1,-0.142,664,133,-3.82,36,0
3895,49,Hombre,6.3,152,50.7,145,0,1,0.387,214,133,-5.47,36,0
3896,57,Mujer,8.9,115,34.8,266,1,0,-1.056,93,116,-1.42,36,0
3897,67,Mujer,7.8,131,59.9,298,0,0,0.124,337,138,-3.11,36,0
3898,57,Mujer,7.8,150,67.1,175,0,0,0.25,225,148,-3.38,36,0
3899,55,Hombre,7,123,54.3,129,1,0,-0.166,109,133,-0.64,36,0
3900,50,Hombre,8.8,138,47.6,319,0,0,0.554,555,128,-3.25,36,0
3901,60,Mujer,7.6,171,55.2,1220,0,1,-0.293,910,158,-2.74,36,0
3902,57,Hombre,7.2,114,44,77,0,1,-0.114,69,89,-3.65,36,0
3903,43,Hombre,6.5,149,55.3,332,0,1,0.265,433,150,-1.44,36,0
3904,74,Hombre,7.6,129,32.1,123,1,0,0.16,144,130,-3.02,36,0
3905,49,Mujer,8.4,124,52.4,58,0,1,-0.028,56,124,-0.43,36,0
3906,45,Hombre,8,145,59.2,145,0,1,-0.589,80,138,-0.46,36,0
3907,63,Hombre,7.1,114,47.1,21,0,0,0.123,24,123,0.05,36,0
3908,67,Hombre,7.6,156,45.5,113,0,0,0.159,132,145,-2.99,36,0
3909,90,Hombre,6.5,159,43.8,65,0,0,0.592,117,169,-2.69,36,0
3910,68,Mujer,6.8,132,20.9,120,0,0,0.681,237,128,-4.69,36,0
3911,62,Hombre,7.5,130,49.2,134,1,1,0.169,159,135,-1.64,36,0
3912,73,Hombre,8.8,135,47.5,40,0,0,0.299,54,134,-0.83,36,0
3913,52,Hombre,8,120,50.2,67,0,1,0.34,94,124,-3.23,36,0
3914,84,Mujer,8.1,154,43.6,270,0,0,0.284,359,136,-2.88,36,0
3915,43,Mujer,9.7,102,54.8,32,0,1,-0.546,19,105,0.78,36,0
3916,90,Hombre,5.5,129,27.6,249,1,0,-0.472,155,129,-1.97,36,0
3917,68,Hombre,8.5,134,56.5,184,1,1,-0.914,74,127,-1.51,36,0
3918,65,Mujer,8.7,146,49.5,198,0,1,-0.496,121,142,1.19,36,0
3919,61,Mujer,9,148,56,511,1,1,0.011,517,151,-2.09,36,0
3920,61,Hombre,6.8,114,54.6,125,1,0,-0.547,72,110,1.85,36,0
3921,68,Mujer,7.5,172,49.6,606,1,1,-0.067,567,158,-2.92,36,0
3922,58,Hombre,6.8,119,34.5,273,0,0,0.183,328,139,-1.55,36,0
3923,79,Hombre,6.3,149,39.3,101,0,0,0.676,199,148,-4.3,36,0
3924,60,Hombre,8.8,145,53,243,0,1,-1.405,60,130,0.88,36,0
3925,90,Mujer,7.6,101,35.2,39,0,0,0.539,67,101,-4.51,17.44,1
3926,67,Mujer,8.1,120,28.9,123,0,0,0.346,174,120,-4.41,36,0
3927,53,Hombre,7.9,103,50.1,16,1,1,-0.064,15,85,-0.49,36,0
3928,73,Hombre,9.8,128,50,299,1,1,-0.766,139,108,0.35,36,0
3929,57,Hombre,7.8,123,64.6,522,0,1,-1.155,164,111,-0.01,36,0
3930,59,Hombre,8.9,114,39,78,0,0,-0.479,48,120,-1.25,36,0
3931,84,Mujer,7,144,34.1,62,0,0,-0.02,61,148,-2.45,36,0
3932,74,Mujer,9.8,124,50,495,0,1,-0.189,410,111,-2.47,36,0
3933,79,Hombre,5.7,159,38.7,40,1,0,0.921,100,159,-6.08,18.36,1
3934,74,Hombre,7.8,112,36.3,75,0,0,0.619,139,114,-1.93,36,0
3935,79,Mujer,9.9,149,39.7,488,1,1,0.075,526,139,-3.5,36,0
3936,90,Hombre,7,121,37.2,214,1,0,0.533,364,113,-4.72,26.1,1
3937,80,Mujer,10.2,123,34.6,136,0,0,0.19,164,138,-4.72,36,0
3938,68,Hombre,7.6,133,45.4,23,1,0,-0.737,11,126,0.34,36,0
3939,55,Mujer,8.5,127,51.3,108,0,1,-0.98,41,123,1.57,36,0
3940,51,Mujer,7.6,144,58.5,91,1,1,-1.058,32,143,-0.93,36,0
3941,72,Hombre,6.7,142,45.5,36,0,0,0.532,61,128,-3.04,36,0
3942,78,Mujer,8.5,130,47.3,123,0,0,-0.168,104,127,-3.4,36,0
3943,66,Mujer,9,134,40.5,163,1,0,-0.982,61,141,-0.57,36,0
3944,54,Hombre,8.3,119,45.3,88,0,1,-1,32,107,2.87,36,0
3945,78,Hombre,8,133,38.9,101,0,0,-0.328,73,134,-1.36,36,0
3946,56,Mujer,7.4,128,35.8,77,0,0,-0.48,48,116,0.65,31.65,1
3947,66,Mujer,8.1,143,42.6,154,0,1,0.254,199,142,-3.57,36,0
3948,68,Mujer,5.5,127,40.2,35,0,0,-0.395,24,124,-0.95,36,0
3949,51,Mujer,7,147,42.7,132,0,1,-0.376,91,137,-1.37,36,0
3950,53,Mujer,6.4,155,45.5,386,0,0,0.865,916,163,-3.68,36,0
3951,60,Hombre,6,134,37.6,314,0,1,-0.28,237,144,-0.99,36,0
3952,56,Hombre,7.8,142,45.8,262,0,1,0.369,379,126,-1.02,36,0
3953,42,Hombre,8.7,121,56.7,99,0,1,0.086,108,98,-3.53,36,0
3954,45,Hombre,8.2,130,56.9,57,0,0,-0.065,53,133,0.39,36,0
3955,57,Mujer,8.2,102,37.8,152,0,1,-0.433,99,93,-1.74,36,0
3956,50,Hombre,7.5,137,44.5,161,1,1,-1.101,54,135,-0.87,36,0
3957,60,Mujer,6.4,113,26.9,43,0,1,0.074,46,108,1.26,36,0
3958,55,Mujer,7.4,104,44.8,170,0,0,-0.316,124,112,-0.14,36,0
3959,51,Hombre,6.5,147,68,852,0,1,-1.088,287,154,0.33,36,0
3960,56,Hombre,6.2,132,42.9,167,0,1,-0.828,73,121,0.11,36,0
3961,55,Mujer,8.6,130,42.3,290,0,0,0.065,310,130,-3.46,36,0
3962,73,Hombre,7.1,131,22,1368,0,0,-0.31,1004,135,-1.74,34.07,1
3963,51,Mujer,8.3,104,48.7,144,0,1,0.13,164,105,-0.37,36,0
3964,63,Hombre,10.2,135,58.3,740,0,1,0.86,1748,141,-7.86,36,0
3965,45,Hombre,9.5,147,50.9,114,0,1,0.476,184,130,-0.11,36,0
3966,75,Hombre,7.7,153,47.8,206,0,1,0.193,250,161,-7.87,20.56,1
3967,55,Mujer,8.3,105,50.5,249,0,1,-1.558,52,100,1.4,36,0
3968,75,Hombre,8.3,151,51.3,41,0,0,0.263,53,159,-3.51,36,0
3969,58,Hombre,8.8,145,47,148,0,0,-1.455,35,144,-1.19,36,0
3970,59,Mujer,7,113,44.7,57,0,0,0.705,115,117,-3.59,36,0
3971,58,Hombre,8.3,121,55.6,207,0,1,0.13,236,110,-0.95,36,0
3972,67,Hombre,7,174,49.2,393,0,1,-1.181,121,179,-0.06,36,0
3973,67,Hombre,7.9,136,52.6,288,0,1,-0.91,116,119,1.49,36,0
3974,52,Hombre,8.8,149,40.1,51,0,0,0.796,113,140,-2.75,6.06,1
3975,52,Mujer,9.4,117,56.8,68,0,1,-0.28,51,119,-0.43,36,0
3976,63,Hombre,9.2,112,39.9,66,0,0,0.789,145,106,-3.35,36,0
3977,55,Hombre,6.5,128,42.4,147,0,1,-0.59,81,111,-0.06,36,0
3978,79,Mujer,8.8,156,41.3,264,0,0,0.431,406,163,-4.46,36,0
3979,52,Hombre,6.7,112,59.3,242,0,1,-0.93,96,85,2.68,36,0
3980,35,Hombre,7.6,116,64.3,26,1,1,-0.297,19,112,-0.99,36,0
3981,66,Hombre,9.5,117,51.2,1864,1,1,-0.961,713,88,-3.03,36,0
3982,47,Hombre,10.4,125,57.9,291,0,0,0.715,595,128,-3.63,36,0
3983,60,Mujer,8,181,35.3,83,0,0,0.484,135,182,-5.49,14.36,1
3984,46,Hombre,8.6,161,70.8,58,0,1,0.114,65,148,-2.3,36,0
3985,52,Hombre,7.4,107,58.5,72,0,0,-0.368,50,109,-1.63,36,0
3986,70,Hombre,7.8,132,35.7,91,1,0,-0.124,80,140,-3.9,36,0
3987,71,Hombre,7.1,135,50.2,20,1,0,0.085,22,134,-4.63,36,0
3988,64,Hombre,9.1,154,36.9,96,0,0,0.631,181,157,-4.03,36,0
3989,69,Hombre,6.9,124,32.2,132,1,0,0.865,313,130,-4.55,36,0
3990,47,Hombre,8.7,132,51.8,1021,1,1,0.196,1242,140,-4.1,36,0
3991,74,Mujer,8.5,137,41.8,443,0,0,0.887,1076,143,-6.69,36,0
3992,71,Hombre,8.1,125,29.1,290,0,0,0.347,410,115,-6.39,36,0
3993,76,Hombre,8.7,145,42.3,74,1,0,-0.131,65,154,-4.6,36,0
3994,75,Mujer,7.6,129,44.1,18,0,0,1.31,67,114,-4.9,36,0
3995,56,Mujer,6.1,149,59.2,117,0,1,-0.852,50,136,0.54,36,0
3996,64,Mujer,8.8,146,34.6,23,0,0,-0.015,23,147,-0.95,36,0
3997,47,Mujer,7.7,128,43.2,76,0,1,-0.891,31,131,2.59,36,0
3998,59,Mujer,6.9,119,44.6,215,0,0,-0.634,114,110,-0.54,36,0
3999,53,Mujer,7.6,136,50.8,21,0,0,-0.422,14,135,0.19,36,0
4000,55,Hombre,8.2,153,60.4,54,0,0,0.862,128,158,-2.84,36,0
4001,71,Mujer,5.9,131,26.6,271,0,1,0.045,283,120,-1.46,36,0
4002,78,Mujer,7.3,160,40.8,282,1,0,0.223,352,147,-5.24,36,0
4003,76,Mujer,6.5,127,28.4,134,1,1,-1.253,38,117,-1,36,0
4004,73,Mujer,6.2,137,66.7,107,1,0,-0.706,53,124,0.1,36,0
4005,74,Hombre,7.5,131,49.8,35,1,0,-0.348,25,131,-0.45,36,0
4006,61,Hombre,7.1,114,40.5,140,0,0,-0.03,136,109,-2.8,36,0
4007,69,Hombre,8.5,129,37.9,16,0,1,0.211,20,123,-1.37,36,0
4008,72,Hombre,7.4,155,48.5,38,0,0,-0.714,19,155,0.64,36,0
4009,56,Hombre,8.1,156,57.1,46,0,0,0.622,86,161,-4,36,0
4010,86,Mujer,8.7,105,45.9,37,1,0,0.229,47,111,-2.31,36,0
4011,71,Hombre,6.5,132,48.6,57,0,0,-0.176,48,147,0.48,36,0
4012,62,Mujer,6.9,120,43.5,60,1,1,-0.216,48,100,-3.79,36,0
4013,80,Hombre,9.3,145,28.1,63,0,0,0.151,73,153,-1.92,36,0
4014,51,Mujer,8.7,149,53.6,54,1,1,0.109,60,139,-2.23,36,0
4015,50,Hombre,7.8,138,46,75,0,0,0.255,97,137,-0.18,36,0
4016,68,Hombre,5.9,129,54.7,138,0,1,-0.933,54,123,1.02,36,0
4017,56,Mujer,6.8,135,53.3,273,0,1,0.401,408,123,-2.91,15.57,1
4018,59,Hombre,8.6,147,40.4,347,0,0,0.532,590,148,-2.45,36,0
4019,53,Hombre,9.2,139,42.5,344,0,1,-0.565,195,125,-1.71,36,0
4020,55,Hombre,8,129,52.6,407,1,1,-0.243,319,121,-2.92,36,0
4021,51,Mujer,6.7,135,75,148,0,0,0.007,149,126,-1,36,0
4022,54,Mujer,7.6,149,46.2,161,0,0,-0.163,137,128,-0.65,36,0
4023,54,Hombre,5.5,125,59.2,83,0,1,-0.248,65,122,0.12,36,0
4024,83,Mujer,8.5,137,41.7,123,0,0,-0.365,85,137,-2.23,36,0
4025,64,Hombre,9,133,60.3,95,0,1,0.184,114,136,-1.35,36,0
4026,73,Hombre,8,134,42.6,338,0,1,0.847,788,121,-4.11,36,0
4027,68,Mujer,7.8,145,43.4,86,0,0,0.399,128,149,-2.48,36,0
4028,73,Hombre,6.7,125,32.8,71,0,0,-0.467,45,131,2.66,36,0
4029,51,Hombre,7.9,137,38.3,201,0,1,-0.553,116,131,0.21,36,0
4030,90,Mujer,6,156,57,41,0,0,-0.333,29,171,-4.28,36,0
4031,78,Mujer,8.5,131,41.4,578,0,1,0.119,651,126,-3.71,36,0
4032,65,Mujer,8.7,128,37.7,143,1,1,-0.015,141,136,-5.1,36,0
4033,79,Mujer,9,142,39,314,1,0,0.462,498,146,-4.87,36,0
4034,75,Hombre,7.2,142,49.9,36,0,0,0.211,44,134,-2.42,13.83,1
4035,69,Hombre,8.6,146,56.2,88,1,1,0.72,181,126,-4.61,36,0
4036,62,Mujer,6.8,131,48.8,329,1,1,0.584,590,122,-2.54,36,0
4037,63,Hombre,6.2,147,49.6,34,1,0,1.27,121,156,-3.71,36,0
4038,50,Mujer,8.1,125,49.4,2103,0,1,-0.74,1003,122,-1.88,36,0
4039,57,Hombre,5.8,126,59.2,166,0,0,0.467,265,117,-2.97,36,0
4040,58,Hombre,8.4,123,46.6,51,0,1,-0.559,29,113,0.69,36,0
4041,37,Mujer,6.7,131,58.2,62,0,0,0.893,151,126,-4.74,36,0
4042,60,Hombre,6.6,124,41.4,99,0,0,-0.227,79,128,-1.18,36,0
4043,52,Mujer,7.3,133,54.1,65,0,0,-0.225,52,129,-1.28,36,0
4044,59,Hombre,7.1,113,56.1,81,1,1,-0.617,44,99,-1.9,36,0
4045,63,Hombre,7.5,149,36,75,0,1,0.122,85,137,-0.59,36,0
4046,53,Mujer,7.3,115,50.6,11,0,0,-0.322,8,112,1.36,36,0
4047,50,Mujer,6.1,140,45.8,104,0,0,0.066,111,146,-1.69,36,0
4048,72,Mujer,7.9,151,58.3,418,0,1,-0.407,278,153,-2.61,36,0
4049,64,Hombre,8.6,124,42.9,20,1,0,0.066,21,127,-1.69,36,0
4050,63,Hombre,7.8,149,46.8,216,0,1,-0.275,164,138,-0.57,10.68,1
4051,54,Hombre,7.9,153,38.5,86,0,0,-0.117,77,147,-2.02,18.89,1
4052,64,Hombre,10.3,122,47,82,1,1,0.456,129,117,-2.28,36,0
4053,63,Hombre,9.5,130,50.4,293,1,1,0.592,530,134,-4.46,36,0
4054,71,Hombre,6.5,143,37.5,87,1,0,0.443,135,144,-4.69,36,0
4055,70,Hombre,7.6,153,47.7,94,0,0,0.66,182,154,-3.98,36,0
4056,71,Hombre,8.8,164,58.4,169,1,1,-0.267,129,165,-1.77,36,0
4057,80,Hombre,5.5,140,34.8,87,1,0,0.166,103,140,-3.53,36,0
4058,55,Mujer,7.7,142,58.3,820,1,1,-0.237,647,139,-1.22,36,0
4059,59,Hombre,9.4,114,45.9,85,0,1,-0.757,40,116,-0.46,36,0
4060,63,Hombre,8.5,145,46.8,45,0,1,0.484,73,141,-3.46,36,0
4061,65,Hombre,7,143,46.3,46,1,1,0.511,77,137,-4.73,36,0
4062,76,Hombre,7.3,106,56.9,47,0,0,0.394,70,94,-3.64,36,0
4063,54,Hombre,7.7,121,46.1,103,1,0,-0.325,74,126,0.62,36,0
4064,60,Mujer,9.6,139,43.2,54,0,1,0.171,64,144,-0.26,36,0
4065,43,Hombre,6.3,130,38.9,233,0,1,-0.967,89,121,2.14,36,0
4066,75,Mujer,5.5,136,56,36,0,0,-0.306,27,137,-2.3,36,0
4067,69,Mujer,8.9,124,41.9,106,0,0,1.207,354,119,-5.35,36,0
4068,82,Mujer,7,151,20,2423,0,0,-0.099,2195,147,-4.12,36,0
4069,69,Hombre,8.5,147,55.7,196,0,1,-0.341,139,137,-3.25,36,0
4070,81,Mujer,7.5,127,43.2,71,0,1,-0.198,58,125,-2.22,36,0
4071,63,Hombre,8.2,118,47.7,54,0,0,-0.23,43,118,-0.99,36,0
4072,53,Mujer,7.3,158,55.9,626,0,1,-0.15,539,156,-3.07,36,0
4073,51,Mujer,5.6,147,36.9,493,0,1,0.15,573,139,-3.55,36,0
4074,59,Hombre,7.4,139,37.8,209,0,0,-0.506,126,143,0.77,36,0
4075,52,Hombre,8.4,142,52.9,313,1,1,-0.37,216,139,-3.22,13.16,1
4076,53,Mujer,9.2,108,36.4,85,0,1,-0.649,44,106,-0.8,36,0
4077,64,Hombre,9,95,35.6,303,0,1,-0.95,117,87,1.13,36,0
4078,69,Hombre,8.4,137,39.7,800,0,0,-0.526,473,128,-2.53,36,0
4079,65,Hombre,6.8,113,47.8,78,1,1,-0.641,41,110,-1.6,36,0
4080,68,Hombre,6.3,157,40,570,1,0,-0.083,525,166,-3.65,36,0
4081,75,Mujer,7.1,132,26.2,61,0,0,-1.113,20,134,-1.72,36,0
4082,63,Hombre,9.2,124,47.7,102,0,0,0.115,114,147,-2.57,36,0
4083,62,Hombre,9.7,126,45.5,93,0,1,0.032,96,118,-2.63,36,0
4084,75,Hombre,7.4,126,47.8,612,0,1,-0.501,371,120,-1.22,36,0
4085,53,Mujer,6.9,117,51.7,108,1,1,-1.543,23,104,0.81,36,0
4086,69,Hombre,8.1,153,43.5,299,1,1,-0.271,228,145,-0.61,36,0
4087,69,Mujer,6.8,146,40.5,216,0,0,-0.586,120,153,1.09,36,0
4088,40,Mujer,6,112,41.4,116,0,0,-0.406,77,114,-1.35,36,0
4089,68,Hombre,10,143,48.5,132,1,0,-0.424,86,145,-1.78,36,0
4090,61,Hombre,6,115,47.4,32,0,1,-0.235,25,109,3.03,36,0
4091,72,Hombre,6.9,129,35,193,1,1,-0.141,168,139,-2.5,16.29,1
4092,83,Hombre,9.2,121,51.2,310,1,1,-0.139,270,117,-3.53,36,0
4093,71,Hombre,8.2,146,35.2,809,0,0,0.454,1274,151,-6.06,26,1
4094,74,Mujer,9.4,166,36,937,1,1,-0.282,707,155,-2.37,36,0
4095,51,Hombre,5.5,136,59.5,13,0,0,0.434,20,132,-0.02,36,0
4096,65,Hombre,8.8,125,52.8,85,1,1,0.186,102,118,-3.31,36,0
4097,64,Hombre,7.9,145,51.2,324,0,1,-0.331,233,136,-3.72,36,0
4098,44,Hombre,9.1,141,64.8,96,0,1,-0.884,40,145,-0.98,36,0
4099,68,Mujer,8.9,115,33.4,62,0,0,-0.329,45,121,-0.85,36,0
4100,43,Mujer,8.7,120,49,61,0,0,0.819,138,122,-1.6,36,0
4101,49,Mujer,9.1,160,34.1,155,0,0,0.072,167,154,-5.37,36,0
4102,66,Mujer,8.9,137,46.2,4114,1,1,-1.068,1414,132,-2.55,36,0
4103,48,Hombre,8.1,122,40.2,27,0,1,0.219,34,122,-1.74,36,0
4104,71,Hombre,10.2,126,45.3,92,0,0,1.003,251,125,-4.02,36,0
4105,63,Mujer,9,103,50.5,43,0,1,-0.014,42,97,-0.8,36,0
4106,72,Mujer,7.7,157,57.5,57,0,0,0.102,63,149,-0.04,36,0
4107,48,Hombre,8.4,112,53.8,480,0,1,-0.167,406,107,-0.11,36,0
4108,58,Hombre,6.2,146,43.6,61,0,0,-0.283,46,141,-2.17,36,0
4109,71,Mujer,7.8,128,56,22,0,0,-0.176,18,124,-1.76,36,0
4110,55,Mujer,6.7,145,56.3,25,0,1,-0.336,18,137,-0.8,36,0
4111,44,Hombre,7.5,126,45.1,27,0,0,0.138,31,133,-1.04,36,0
4112,74,Mujer,9,139,35.2,381,1,0,1.021,1057,134,-7.16,36,0
4113,56,Mujer,6.7,147,31.7,47,0,0,0.146,54,143,-2.09,36,0
4114,62,Mujer,7.7,147,55.4,67,0,1,-0.058,63,142,-2.52,36,0
4115,56,Hombre,9,142,52.8,81,1,1,-0.109,73,125,-1.74,36,0
4116,66,Mujer,10.7,138,34.5,1244,0,1,-0.57,703,133,-2.71,26.19,1
4117,62,Mujer,9.7,99,50.5,136,0,1,0.058,144,78,-2.53,36,0
4118,65,Mujer,9.1,118,54.9,63,0,1,-1.041,22,115,0.49,36,0
4119,66,Hombre,6.7,129,55.1,58,0,0,-0.189,48,142,-0.76,36,0
4120,73,Hombre,8.7,136,26,72,0,0,0.067,77,136,-2.62,36,0
4121,74,Mujer,8,129,31.5,385,0,1,0.545,664,106,-5.97,36,0
4122,74,Hombre,6.8,135,21.5,39,1,0,0.69,78,135,-3.95,36,0
4123,75,Mujer,9,150,30.9,1927,0,0,0.294,2585,153,-7.56,12.44,1
4124,79,Mujer,8.9,125,51.8,135,0,0,-0.223,108,133,-4.48,36,0
4125,68,Mujer,8.6,125,49.3,1952,1,1,-0.462,1230,124,-1.7,36,0
4126,78,Hombre,7.1,142,36.3,122,0,0,0.078,132,144,-4.17,36,0
4127,53,Hombre,5.9,140,49.8,118,1,1,0.064,126,135,-0.32,36,0
4128,63,Mujer,7,123,55.1,432,0,1,-0.765,201,114,-0.52,36,0
4129,59,Hombre,5.6,131,40.5,344,0,1,-1.095,115,123,0.91,36,0
4130,74,Hombre,8.8,140,52.3,257,0,1,0.097,283,141,-5.19,36,0
4131,75,Hombre,7.3,115,51.1,34,1,0,-0.306,25,109,-1.67,36,0
4132,61,Mujer,6.9,126,40.4,99,1,0,-0.353,70,141,-1.18,36,0
4133,63,Hombre,6.9,124,42.6,60,1,1,0.028,62,113,-0.41,36,0
4134,77,Hombre,7.5,129,40.4,75,0,0,0.674,147,127,-2.46,36,0
4135,56,Hombre,7.2,123,60.2,128,0,0,0.922,322,127,-2.33,36,0
4136,80,Hombre,7.5,137,44.2,130,0,0,0.196,158,143,-1.14,36,0
4137,63,Mujer,8,142,39.9,25,0,0,0.427,38,138,-1.83,36,0
4138,66,Mujer,8,126,34.2,108,0,1,-0.327,78,125,0.97,36,0
4139,57,Hombre,8.7,112,48.8,36,0,0,2.021,272,109,-5.28,29.76,1
4140,72,Mujer,7.5,126,50.3,302,0,0,0.495,495,124,-2.96,36,0
4141,66,Mujer,6.5,144,51.9,37,0,0,0.672,72,139,-1.72,36,0
4142,86,Mujer,9.6,135,40.1,59,1,1,-0.717,29,130,-3.14,36,0
4143,59,Mujer,5.5,121,51.1,94,0,1,-0.375,65,110,0.15,36,0
4144,78,Hombre,5.5,123,31.1,19,0,0,-0.081,18,122,-3.02,36,0
4145,61,Hombre,7.8,130,41.8,224,0,1,0.372,325,127,-3.37,16.09,1
4146,55,Hombre,8.7,137,56.9,331,0,1,-0.465,208,126,0.01,36,0
4147,60,Hombre,6.3,164,47.5,228,1,0,-0.03,221,164,-1.98,36,0
4148,68,Hombre,6.8,133,48.2,120,0,1,0.404,180,141,-2.08,36,0
4149,72,Mujer,6.5,119,53.5,59,0,0,0.263,77,123,-2.67,36,0
4150,68,Hombre,8.9,147,44.4,290,0,0,0.135,332,149,-5.26,36,0
4151,53,Hombre,6.9,137,42.5,129,0,0,-1.182,40,129,1.38,36,0
4152,75,Hombre,8.5,143,29.5,165,0,0,0.006,166,144,-3.82,36,0
4153,58,Hombre,8.1,150,58.3,62,1,0,-0.578,35,142,-1.54,36,0
4154,74,Hombre,5.5,146,41.5,25,0,1,0.692,50,150,-1.02,36,0
4155,69,Hombre,6.9,121,46.7,165,0,0,-0.034,160,135,-3.16,36,0
4156,64,Mujer,6,124,63.4,27,0,0,-0.449,17,135,1.8,36,0
4157,54,Hombre,6.9,131,44.3,79,0,0,0.339,111,140,-2.25,36,0
4158,63,Hombre,6.2,105,36.5,64,0,0,0.422,98,110,-2.09,36,0
4159,61,Mujer,7.3,144,43.2,79,1,0,0.858,186,155,-4.03,36,0
4160,82,Hombre,7.1,145,21.4,70,1,0,-0.543,41,138,-3.63,36,0
4161,56,Hombre,9.2,145,48.3,105,0,1,0.119,118,139,-1.66,36,0
4162,63,Mujer,9.4,145,30,83,0,0,-0.232,66,127,-0.46,36,0
4163,68,Hombre,7.6,119,37.4,26,1,0,-0.883,11,123,0.68,36,0
4164,66,Mujer,8,159,46.2,654,0,1,-1.406,160,157,0.6,36,0
4165,65,Mujer,8,123,59.6,160,0,1,-0.697,80,127,-1.72,36,0
4166,55,Hombre,5.5,118,53.7,68,0,0,-0.102,61,109,-1.27,36,0
4167,71,Hombre,9,142,44.4,495,1,1,-0.015,488,141,-4.59,36,0
4168,67,Mujer,8.3,154,44,599,0,0,-0.422,393,154,-2.15,36,0
4169,75,Mujer,7.1,145,31.8,546,0,1,0.229,687,153,-3.41,34.96,1
4170,54,Mujer,7.9,128,63.1,61,0,1,0.041,64,127,1.38,36,0
4171,76,Mujer,8.1,150,52.8,107,1,1,0.413,162,153,-4.89,1.47,1
4172,67,Hombre,8.2,143,39.3,1955,1,1,-0.791,887,132,-2.8,36,0
4173,80,Mujer,8.1,133,36.3,166,1,0,0.769,358,144,-4.93,27.08,1
4174,76,Hombre,8.8,141,43.9,367,0,0,-0.052,348,138,-2.35,36,0
4175,77,Mujer,8,157,31.2,131,0,0,-0.446,84,158,-3.78,36,0
4176,59,Hombre,6.9,159,44.5,53,0,0,0.628,99,164,-3.84,36,0
4177,57,Mujer,9.6,146,45.9,70,1,0,0.263,91,153,-3.6,36,0
4178,63,Hombre,7.6,126,39.8,51,0,0,0.026,52,131,-0.19,36,0
4179,70,Hombre,8,115,38.8,26,0,0,0.308,35,117,-1.9,36,0
4180,72,Mujer,8.8,120,50.2,388,0,1,-0.118,345,111,-2.05,36,0
4181,61,Hombre,9.5,137,58.6,27,1,1,0.816,61,136,-1.83,36,0
4182,77,Hombre,5.5,132,31.9,328,0,0,-0.898,134,132,-0.3,36,0
4183,60,Mujer,8.2,127,50.9,87,0,0,0.886,211,123,-4.41,36,0
4184,72,Mujer,8.3,155,30.9,80,0,0,-0.39,54,159,-2.59,36,0
4185,56,Mujer,8,178,39.8,225,0,0,0.12,254,182,-4.62,36,0
4186,55,Mujer,8.3,122,51.5,67,0,1,-0.579,38,108,-1.46,36,0
4187,71,Mujer,8.7,119,43,104,1,1,0.215,129,119,-2.71,36,0
4188,62,Hombre,9.3,149,50.7,86,1,0,0.907,213,142,-5.07,33.61,1
4189,72,Hombre,8.9,123,50.2,53,0,1,0.568,94,110,-3.71,36,0
4190,61,Hombre,9.2,126,43,316,0,0,-0.411,210,120,-1.62,36,0
4191,67,Hombre,8.2,140,52,114,0,0,0.033,118,150,-2.26,10.95,1
4192,73,Mujer,6.8,128,46.2,46,0,0,0.178,55,134,-3.06,36,0
4193,74,Mujer,6.8,166,37.2,364,0,0,-0.688,183,170,-3.51,36,0
4194,69,Hombre,8.6,146,61.6,79,0,0,0.454,124,149,-4.86,36,0
4195,68,Mujer,7.6,163,54.2,53,1,0,0.812,119,163,-4.23,36,0
4196,64,Hombre,9.9,127,46.7,296,1,1,-0.343,210,122,-4.95,36,0
4197,63,Hombre,8.4,146,52.3,849,0,0,-0.308,624,133,-1.72,36,0
4198,76,Hombre,6.9,134,20,109,1,0,-0.496,66,140,-1.93,36,0
4199,65,Hombre,7.3,123,50.1,117,0,0,-0.223,94,124,0.15,36,0
4200,63,Mujer,7.8,115,47.9,116,0,1,-0.252,90,105,-0.81,36,0
4201,56,Hombre,6.3,138,57,479,1,1,-0.088,439,135,-2.08,36,0
4202,70,Hombre,9.1,167,38,125,0,1,-0.478,77,165,-1.68,36,0
4203,57,Mujer,9.4,139,34.4,277,0,1,-0.299,205,130,-2.59,36,0
4204,43,Mujer,8.7,122,49.7,62,0,1,0.331,86,116,-1.56,36,0
4205,69,Mujer,7,127,56,15,0,0,0.462,24,124,0.04,36,0
4206,78,Hombre,7.7,156,37,363,1,0,-0.588,202,150,-2.52,36,0
4207,65,Hombre,11.9,149,54.8,934,0,0,0.2,1141,149,-4.09,12.86,1
4208,66,Hombre,7.4,119,49.9,156,0,0,0.309,213,117,-2.75,36,0
4209,67,Hombre,6.4,137,41,61,0,0,-0.001,61,141,-1.47,36,0
4210,84,Hombre,6,117,43.9,55,0,0,0.283,73,104,-3.5,36,0
4211,65,Hombre,7.8,163,51.4,544,0,0,0.681,1075,160,-4.11,10.08,1
4212,70,Hombre,10,132,27,523,1,1,-0.279,396,114,-3.09,36,0
4213,64,Mujer,8.6,133,47.4,837,0,1,-0.032,810,129,-1.6,36,0
4214,69,Mujer,8.5,175,52.4,479,0,1,-0.71,235,160,-1.27,36,0
4215,51,Mujer,7.6,121,60.6,98,0,1,0.29,131,114,-3.07,36,0
4216,65,Hombre,6.3,180,65.9,294,0,1,0.31,401,174,-1.09,36,0
4217,67,Hombre,7.4,137,46,363,0,1,-1.227,106,138,0.74,36,0
4218,58,Hombre,7.3,132,40.6,518,0,0,0.426,793,130,-3.33,36,0
4219,48,Mujer,8.9,140,58,451,0,1,-0.841,195,131,0.85,36,0
4220,54,Hombre,9.6,132,53,987,0,1,-0.888,406,132,0.97,36,0
4221,69,Mujer,9.2,148,46.5,137,0,0,0.195,166,136,-1.79,36,0
4222,66,Mujer,8.4,114,30,58,1,0,0.608,107,116,-4.2,36,0
4223,60,Hombre,7.4,132,38.5,112,0,0,0.968,295,126,-4.76,36,0
4224,56,Hombre,8.5,126,62,59,0,1,0.1,65,108,-0.54,36,0
4225,55,Hombre,7.6,126,53.8,162,0,1,-0.986,60,124,-0.51,36,0
4226,69,Hombre,7,151,41.8,45,0,0,0.674,88,145,-2.27,36,0
4227,75,Hombre,9.2,105,59.1,615,0,0,-0.037,593,106,-3.92,36,0
4228,73,Mujer,10.1,141,36.1,774,0,1,-0.753,364,148,-3.48,36,0
4229,68,Hombre,8.8,124,53.3,57,0,1,0.244,73,113,-0.28,36,0
4230,57,Hombre,7.6,166,54.9,110,0,1,-0.361,77,168,-3.23,36,0
4231,43,Hombre,6.4,127,41.5,117,0,1,-0.48,72,113,1.25,36,0
4232,67,Hombre,8,153,31,244,0,0,-0.16,208,159,-2.16,36,0
4233,76,Mujer,8.1,130,47.4,37,1,0,-0.311,27,126,-2.34,36,0
4234,60,Hombre,5.5,115,29.7,162,1,0,-0.692,81,118,-0.37,36,0
4235,71,Mujer,6.9,161,44.5,256,0,0,0.072,275,162,-2.91,36,0
4236,52,Mujer,7.4,156,47.4,220,0,0,1.499,985,150,-5.73,36,0
4237,61,Mujer,7.6,160,43.1,24,0,0,0.644,46,154,-3.74,36,0
4238,71,Mujer,8.6,134,27.9,235,0,1,-0.87,98,136,-4.7,36,0
4239,90,Mujer,9.5,119,43.1,286,0,0,-0.086,263,130,-2.12,36,0
4240,74,Hombre,9,131,41.5,397,0,1,-0.256,307,110,-0.92,15.94,1
4241,61,Hombre,6.3,136,44.3,87,1,0,-0.766,40,150,-0.36,36,0
4242,58,Mujer,9.2,142,47.9,173,1,0,-0.583,97,145,-0.17,36,0
4243,47,Mujer,6.2,141,54.5,29,0,0,-0.247,23,126,-0.99,36,0
4244,71,Hombre,5.5,150,51.3,60,0,0,0.096,66,162,-3.14,36,0
4245,49,Hombre,5.9,139,38.8,37,0,0,0.119,42,152,-1.24,36,0
4246,53,Hombre,9.1,135,47.4,115,0,1,-0.876,48,133,-0.48,36,0
4247,57,Mujer,7.2,142,38.4,158,0,0,-0.471,99,147,-2.43,36,0
4248,78,Mujer,7.6,153,29.7,50,0,0,0.281,66,151,-6.05,36,0
4249,53,Hombre,9.8,137,60.5,29,0,1,-0.786,13,132,0.56,36,0
4250,55,Hombre,6.9,103,35.9,179,0,1,-2.023,24,92,3.37,36,0
4251,54,Mujer,6.5,145,46.2,202,0,1,-1.161,63,140,1.96,36,0
4252,60,Hombre,6.9,130,43.7,37,0,0,0.639,70,122,-2.66,36,0
4253,55,Mujer,6.6,121,36.7,103,0,1,-1.527,22,131,-2.01,36,0
4254,77,Mujer,8.3,136,50,17,1,1,-0.59,9,114,-1.01,36,0
4255,58,Hombre,6.2,120,30.8,180,0,1,-0.173,151,115,0.52,36,0
4256,51,Mujer,5.6,149,75,17,1,1,0.437,26,160,-0.55,36,0
4257,53,Hombre,6.5,146,57,90,0,1,0.241,114,141,-0.74,36,0
4258,66,Hombre,7.6,142,46.5,175,0,1,-0.811,78,134,1.06,36,0
4259,56,Mujer,6.6,144,42,69,0,0,1.376,273,150,-3.31,15.44,1
4260,53,Mujer,9,152,53.3,396,0,1,-0.171,334,148,-2.66,36,0
4261,71,Mujer,7.2,137,39.7,369,0,0,0.329,513,139,-4.75,30.02,1
4262,75,Mujer,8.6,159,42.1,233,1,1,-0.5,141,152,-3.14,36,0
4263,63,Mujer,8.6,155,50.9,138,0,1,0.757,294,160,-3.76,36,0
4264,76,Hombre,6.6,97,41.3,34,1,0,-0.083,31,82,-0.94,36,0
4265,56,Mujer,5.8,121,53.7,213,0,1,-0.455,135,110,0.87,36,0
4266,49,Mujer,6.8,154,58.1,37,0,0,0.84,86,133,-4.99,36,0
4267,50,Hombre,9.7,157,60.2,156,0,1,0.139,179,153,-1.95,36,0
4268,58,Mujer,8.6,112,34.7,138,0,0,0.187,166,116,-2.93,36,0
4269,64,Mujer,7.5,96,42.7,71,1,1,-0.651,37,106,1.41,36,0
4270,51,Hombre,8.4,131,46.2,126,1,1,0.291,169,131,-0.81,36,0
4271,60,Hombre,7.4,123,21.1,974,0,1,0.595,1766,126,-4.98,9.55,1
4272,57,Hombre,10.5,156,50.6,891,1,0,0.148,1033,159,-3.22,36,0
4273,79,Mujer,6.6,153,38.6,35,0,0,0.459,55,157,-3.93,36,0
4274,69,Mujer,6,127,34.9,39,0,1,-0.451,25,136,2.17,36,0
4275,67,Mujer,8.2,128,40.7,52,0,0,0.293,70,129,0.1,36,0
4276,67,Mujer,9.6,146,30.8,34,0,0,-0.511,20,156,0.73,36,0
4277,69,Mujer,8,116,48.1,23,0,0,0.896,56,126,-4.54,36,0
4278,76,Hombre,10.4,107,39.6,243,0,0,1.077,713,98,-6,36,0
4279,66,Mujer,7.3,163,45.6,69,0,0,1.034,194,153,-2.51,36,0
4280,67,Hombre,9,163,43.8,1592,0,1,-0.589,883,153,-3.43,36,0
4281,65,Mujer,5.6,128,34.5,57,0,0,0.243,73,139,-1.08,36,0
4282,61,Hombre,5.9,150,42.9,139,1,0,0.879,335,147,-5.05,36,0
4283,72,Hombre,6.2,150,47.9,20,0,1,-0.915,8,148,0.53,36,0
4284,58,Hombre,5.5,167,61.9,308,0,1,-0.149,265,162,-1.11,0.26,1
4285,61,Hombre,6.8,139,42.7,38,0,0,0.501,63,145,-2.89,36,0
4286,43,Hombre,6.7,134,54,310,0,1,-0.552,179,116,1.42,36,0
4287,49,Hombre,9.8,140,32.6,794,0,1,0.183,953,131,-1.82,36,0
4288,65,Hombre,8.6,141,51.3,250,0,1,0.432,385,131,-0.72,36,0
4289,52,Hombre,10.8,123,53.1,121,0,1,-0.388,82,136,-3.11,36,0
4290,67,Mujer,9.2,120,46.4,209,0,0,-0.044,200,124,-1.78,36,0
4291,62,Hombre,7,102,55.4,146,0,1,-0.056,138,111,-0.53,36,0
4292,53,Hombre,9.9,125,40.9,719,0,1,-0.691,360,118,1.01,36,0
4293,57,Hombre,8.9,158,49.7,997,0,0,0.89,2428,160,-6.2,36,0
4294,76,Hombre,5.6,105,37.3,41,0,0,-0.388,28,118,-0.37,36,0
4295,58,Hombre,8.2,146,40.6,834,0,0,-0.559,477,143,-0.74,36,0
4296,60,Mujer,6.8,160,34.4,222,0,0,1.199,736,167,-7.68,9.45,1
4297,62,Hombre,9.7,132,33.1,292,0,0,0.2,357,142,-5.05,36,0
4298,59,Hombre,7.8,139,58.5,562,0,1,-1.142,179,135,0.57,36,0
4299,70,Hombre,7.7,154,56.9,48,0,1,-0.288,36,140,-1.16,36,0
4300,58,Mujer,7.4,132,39.8,106,0,0,-0.626,57,141,-1.41,36,0
4301,51,Hombre,7,136,53.9,97,0,0,-0.365,67,135,-1.35,20.58,1
4302,52,Mujer,7.7,130,43.5,37,0,0,-0.556,21,122,0.05,36,0
4303,66,Hombre,6.6,138,57.9,121,0,0,0.136,139,132,-0.87,36,0
4304,52,Hombre,9.7,144,40.2,481,0,1,-0.724,233,147,-2.77,36,0
4305,70,Mujer,7.8,153,34.6,123,0,0,0.189,149,144,-1.56,25.54,1
4306,71,Mujer,6.8,129,42.3,178,1,0,-0.14,155,119,-2.85,36,0
4307,63,Hombre,6.7,158,47.3,36,0,0,0.579,64,162,-3.59,36,0
4308,50,Hombre,7.1,107,55.7,134,0,0,-0.225,107,94,3.32,36,0
4309,64,Hombre,7.6,128,53.3,792,0,1,-0.455,502,135,-1.73,36,0
4310,64,Mujer,7,126,58.4,89,0,0,0.445,139,124,-1.31,36,0
4311,47,Hombre,6.1,134,62.3,159,0,1,-0.205,130,132,1.64,36,0
4312,52,Mujer,7.8,98,55.2,110,0,0,0.395,163,89,-2.32,36,0
4313,90,Mujer,9,134,31.4,435,1,0,-0.345,308,131,-5.4,36,0
4314,67,Mujer,7.9,109,37.2,82,1,1,-0.459,52,102,-0.02,36,0
4315,72,Mujer,6.7,130,40.7,36,1,0,0.619,67,125,-3.29,36,0
4316,52,Mujer,5.5,144,57.1,7,0,0,0.694,14,146,-2.25,36,0
4317,68,Mujer,9.3,146,50.2,105,0,0,0.009,106,145,-0.48,36,0
4318,66,Mujer,6.8,143,43.8,134,0,1,-0.428,87,140,-1.82,36,0
4319,65,Hombre,9.8,133,54.4,587,0,1,0.135,672,117,-1.68,36,0
4320,61,Hombre,8.9,122,41.8,49,1,1,-0.091,45,124,-2.59,36,0
4321,75,Mujer,8.4,132,49.9,773,0,0,-0.094,704,151,-3.25,36,0
4322,70,Hombre,6.8,144,39.6,61,1,0,0.917,153,144,-5.33,36,0
4323,46,Mujer,6.9,132,52.8,415,0,1,0.134,474,127,-2.58,36,0
4324,63,Hombre,7.7,117,49.4,509,0,0,-0.661,263,124,-2.42,36,0
4325,73,Mujer,7.5,101,44.2,77,0,1,-0.978,29,94,-0.78,36,0
4326,72,Hombre,8.4,115,49,188,0,0,-0.148,162,109,-0.28,36,0
4327,55,Hombre,9.5,132,57.9,239,1,0,0.601,436,131,-1.29,36,0
4328,60,Mujer,7.8,153,57.4,62,1,1,-0.273,47,142,-1.28,36,0
4329,61,Mujer,5.5,153,46.7,257,0,0,0.268,336,143,-3.77,36,0
4330,50,Mujer,6.8,134,64.5,140,0,1,-0.129,123,122,-0.57,36,0
4331,56,Hombre,10,133,44.1,517,0,0,-0.472,322,126,-2.9,36,0
4332,69,Mujer,6.9,123,32.9,193,0,1,-0.279,146,121,-3.91,36,0
4333,63,Mujer,8.9,149,47.2,66,0,0,0.224,83,136,-2.72,36,0
4334,46,Mujer,9,146,56.2,275,0,1,-0.381,188,126,-1.51,36,0
4335,60,Mujer,7.7,117,41.9,22,0,0,-0.034,21,115,-1.2,36,0
4336,64,Hombre,6.2,146,29.4,272,0,1,-1.309,73,138,-0.24,36,0
4337,69,Hombre,9,135,48.2,811,1,1,-0.063,761,139,-3.59,36,0
4338,51,Hombre,7.5,147,51.1,66,0,1,0.404,99,141,-3.19,36,0
4339,69,Hombre,8.4,151,27.7,107,1,0,-0.081,99,144,-4.12,15.29,1
4340,64,Hombre,5.7,133,41.6,228,0,0,0.061,242,135,-1.95,36,0
4341,80,Hombre,8.3,159,36.9,779,1,1,0.793,1722,162,-4.37,10.58,1
4342,55,Mujer,9.4,129,47.2,512,0,1,-0.078,474,123,-1.68,36,0
4343,56,Hombre,7.6,163,52.3,106,0,1,0.708,215,145,-4.02,36,0
4344,60,Hombre,8.1,134,42.8,127,0,0,0.305,172,143,-1.27,36,0
4345,62,Hombre,8.8,131,40.1,46,0,0,-0.95,18,119,0.32,36,0
4346,66,Mujer,6.1,151,38.8,190,0,0,1.087,564,165,-5.98,36,0
4347,58,Mujer,9.3,139,51.2,152,0,1,0.155,177,141,-1.9,36,0
4348,62,Mujer,7.7,139,46.9,258,0,1,0.14,297,147,-2.81,36,0
4349,68,Mujer,6.6,109,30.1,965,1,1,0.22,1203,115,-4.58,36,0
4350,74,Mujer,7.7,154,44.2,38,0,0,0.344,54,152,-1.39,36,0
4351,65,Mujer,9.6,149,34.6,172,0,1,0.014,174,144,-3.14,36,0
4352,64,Hombre,6.4,160,45.5,272,0,1,-0.319,198,142,-2.53,36,0
4353,61,Mujer,7.2,126,54.6,83,1,1,-1.233,24,129,1.44,36,0
4354,68,Hombre,9.1,130,41.1,154,0,0,-0.281,116,131,-2.31,13.04,1
4355,62,Hombre,8,137,39.3,425,1,1,0.021,434,126,-3.58,36,0
4356,58,Mujer,9.7,152,32.8,215,0,1,-0.077,199,145,-2.47,36,0
4357,61,Hombre,7.9,127,43.1,43,0,0,0.075,46,141,-1.87,36,0
4358,73,Mujer,9.6,169,33.5,118,0,0,0.331,164,184,-3.36,36,0
4359,50,Mujer,5.5,136,31.5,11,0,0,0.401,16,136,-0.82,25.63,1
4360,65,Mujer,7.3,147,34.1,77,0,0,0.657,149,141,-1.98,36,0
4361,56,Mujer,7.1,126,36.9,4,0,0,1.164,13,120,-3.12,36,0
4362,47,Mujer,8.8,136,57.7,196,0,1,-0.275,149,136,-0.89,36,0
4363,57,Hombre,6.5,132,32.9,50,0,0,-0.02,49,127,-0.73,36,0
4364,65,Mujer,6.7,116,37.5,275,0,1,0.581,492,114,-2.15,33.94,1
4365,80,Hombre,7.4,123,39.2,122,1,0,-0.744,58,130,-1.53,36,0
4366,69,Hombre,7.1,138,56.5,104,0,0,0.661,201,142,-5.68,36,0
4367,54,Mujer,8.3,143,39.9,186,0,0,-0.193,153,150,-1.16,36,0
4368,67,Hombre,8.9,132,34.5,37,0,0,0.382,54,128,-2.9,36,0
4369,59,Mujer,7.6,130,41.4,47,0,1,-1.152,15,119,0.14,15.97,1
4370,60,Hombre,5.5,152,43.4,71,0,0,0.292,95,163,-3.31,36,0
4371,64,Mujer,9.8,130,43.6,161,0,0,-0.04,155,126,-1.5,36,0
4372,60,Hombre,8.3,122,37.3,45,0,1,-0.051,43,113,-1,36,0
4373,55,Hombre,8,128,35.3,146,0,0,0.167,173,127,-3.64,36,0
4374,69,Mujer,7.1,138,49.4,86,0,0,-0.01,85,131,-3.02,36,0
4375,83,Mujer,8.2,158,36.3,293,1,1,-0.47,183,161,-0.38,36,0
4376,66,Mujer,7.6,146,44.1,146,0,0,0.069,156,145,-3.69,36,0
4377,63,Hombre,6.2,141,31.9,64,0,0,1.228,218,144,-2.07,36,0
4378,66,Mujer,6.9,135,52.7,73,1,0,0.419,111,129,-2.09,36,0
4379,74,Hombre,7.3,130,35.1,265,0,0,0.302,359,124,-2.54,36,0
4380,62,Hombre,9.2,133,39.9,50,0,1,-0.349,35,123,-0.41,36,0
4381,79,Mujer,8,146,37,208,1,0,0.401,311,150,-2.88,0.84,1
4382,65,Hombre,7.9,137,46.6,122,1,1,-0.33,88,135,-3.11,36,0
4383,63,Hombre,7.6,137,48.1,187,0,0,0.425,286,128,-4.52,36,0
4384,62,Mujer,8.5,101,62.6,79,0,1,-0.798,36,92,2.35,36,0
4385,72,Mujer,6.3,143,38.6,96,0,1,-1.574,20,145,0.06,36,0
4386,56,Hombre,7.9,141,45.5,144,0,1,0.09,158,134,-1.39,36,0
4387,58,Hombre,7.7,136,59.5,49,0,1,-0.483,30,124,1.05,36,0
4388,66,Hombre,9.3,131,40.3,35,1,0,-0.043,34,120,-2.28,36,0
4389,79,Hombre,9.7,128,57.3,39,0,1,-1.1,13,127,0.13,36,0
4390,53,Mujer,7.1,114,60.1,74,0,0,0.582,132,89,-1.51,1.92,1
4391,58,Mujer,7.2,114,38,68,0,0,-0.672,35,112,0.87,36,0
4392,81,Mujer,7.8,137,51.1,782,0,1,-0.439,504,124,-2.95,36,0
4393,82,Hombre,9.3,134,38.3,118,1,1,-0.696,59,137,-2.48,36,0
4394,68,Hombre,8.2,140,46.7,268,0,1,0.012,271,135,-2.44,36,0
4395,54,Hombre,8.5,151,36.8,35,0,0,-0.329,25,158,-0.57,36,0
4396,56,Mujer,8.7,143,48.9,67,0,1,-1.283,19,140,-0.8,36,0
4397,56,Mujer,9,155,39.8,1173,0,1,0.124,1327,147,-4.5,36,0
4398,72,Mujer,9.2,134,48.8,330,0,1,-0.415,218,134,-1.65,36,0
4399,50,Hombre,7.4,117,51.2,80,0,1,-0.945,31,108,1.46,36,0
4400,50,Mujer,8.7,146,38.6,345,0,1,-0.702,171,123,-1.26,36,0
4401,66,Mujer,8.3,138,44.4,78,0,0,0.747,165,135,-4.92,36,0
4402,73,Hombre,7.6,123,54.9,132,0,1,0.238,168,117,-1.69,36,0
4403,66,Hombre,8,138,34.9,278,0,0,0.207,342,134,-3.82,36,0
4404,63,Mujer,6.1,121,32.5,78,0,0,-0.203,64,117,-1.45,36,0
4405,67,Hombre,7.3,148,37.9,585,0,0,-0.378,401,156,-2.45,36,0
4406,65,Mujer,7.2,124,48.3,65,0,0,0.688,129,130,-3.03,36,0
4407,63,Hombre,8.9,139,30.8,155,0,0,-0.661,80,135,0.1,36,0
4408,41,Mujer,7.3,121,51.5,163,0,1,-0.551,94,120,0.68,36,0
4409,57,Mujer,7.7,153,45.2,208,0,1,0.38,304,142,-2.43,36,0
4410,53,Mujer,8.2,113,52.7,188,0,1,-0.798,85,108,2.07,36,0
4411,68,Hombre,8,150,52.3,15,0,0,1.509,68,150,-3.92,36,0
4412,69,Mujer,7.8,126,20.9,278,0,1,-0.039,267,120,-0.8,9.26,1
4413,83,Hombre,7.4,130,35.4,597,0,0,-0.897,244,130,-1.63,36,0
4414,75,Mujer,7.2,154,33.6,379,0,0,0.895,928,170,-1.23,36,0
4415,50,Hombre,6.4,139,57.2,18,0,0,-0.115,16,135,0.67,36,0
4416,55,Mujer,6.3,122,62,61,0,1,-0.919,24,110,1.35,36,0
4417,60,Mujer,8.5,135,44.7,57,1,1,-0.067,53,125,-2.38,36,0
4418,62,Hombre,6.7,131,46.2,47,0,0,0.328,65,115,-2.93,36,0
4419,63,Mujer,9.9,137,46.7,832,0,1,-0.002,830,129,-0.97,36,0
4420,72,Hombre,6.2,152,51,36,1,0,0.064,38,150,-1.92,36,0
4421,65,Hombre,9.7,133,41.3,216,0,1,-0.676,110,136,0.28,19.02,1
4422,70,Mujer,6.3,159,36.1,120,0,0,0.116,135,155,-5.14,36,0
4423,75,Hombre,8.3,132,37.8,278,0,0,0.786,610,133,-4.51,36,0
4424,58,Mujer,8,152,53.1,128,0,0,0.295,172,157,-1.05,36,0
4425,70,Mujer,8,164,36.2,198,0,1,0.727,410,143,-5.2,36,0
4426,61,Hombre,8.6,140,51.3,328,0,1,0.582,587,130,-1.77,36,0
4427,60,Mujer,8.2,138,50.4,117,0,0,-0.194,96,143,-0.29,36,0
4428,70,Hombre,5.7,167,52.7,273,0,1,0.008,275,166,-1.93,36,0
4429,87,Hombre,7.6,124,42,70,0,0,0.142,81,118,-2.59,36,0
4430,62,Hombre,5.5,139,48,75,0,0,-0.208,61,139,-1.72,36,0
4431,69,Mujer,9.6,150,52.1,65,0,0,0.889,158,146,-2.53,36,0
4432,39,Hombre,8.6,124,42.7,971,0,1,-0.462,612,108,1,36,0
4433,62,Hombre,8.2,129,40.3,205,0,1,0.616,380,122,-4.25,36,0
4434,71,Mujer,7.5,110,44,170,0,0,-0.573,96,106,-1.91,36,0
4435,84,Mujer,8.6,116,20,70,0,0,0.318,96,110,-4.78,36,0
4436,57,Hombre,8,129,42.3,289,0,1,-0.584,161,133,-0.83,36,0
4437,73,Mujer,8.9,133,45.3,49,0,0,0.253,63,139,-2.59,36,0
4438,70,Hombre,8,119,38.8,73,1,0,0.207,90,109,-4.63,36,0
4439,84,Mujer,7,141,49.5,134,0,0,0.295,180,139,-2.42,36,0
4440,58,Hombre,7.6,150,48.4,66,1,1,-0.052,63,148,-1.22,36,0
4441,73,Mujer,9.1,163,44.1,337,0,1,-0.62,181,160,-2.95,36,0
4442,68,Hombre,7.5,108,47.9,83,0,1,-0.896,34,125,-0.36,36,0
4443,53,Hombre,7.4,120,43.8,124,0,0,-0.294,92,117,0,36,0
4444,62,Hombre,6.5,144,55.9,187,1,1,-0.302,138,150,-2.26,36,0
4445,64,Mujer,8.1,138,39.2,1936,0,0,-0.065,1815,145,-3.26,36,0
4446,52,Mujer,7.1,156,48.6,70,0,1,-0.005,70,153,-2.2,36,0
4447,80,Hombre,7.4,142,28.7,564,1,0,-0.037,543,145,-4.53,36,0
4448,66,Mujer,7.2,127,40.2,67,0,0,-0.351,47,130,-0.7,36,0
4449,69,Hombre,6.6,122,38.8,85,0,0,0.602,155,116,-3.19,36,0
4450,90,Mujer,7.3,130,52.1,72,0,1,0.037,75,130,-2.88,36,0
4451,65,Hombre,8.4,111,40.2,68,0,0,0.079,74,102,-2.95,36,0
4452,65,Mujer,7.9,148,48.6,695,0,0,-0.007,690,139,-3.05,36,0
4453,71,Hombre,7.5,155,42.4,142,1,0,-0.016,140,165,-6.08,36,0
4454,68,Mujer,7.2,153,41.2,63,0,0,-0.741,30,143,2.05,36,0
4455,47,Mujer,6.7,134,55,130,0,1,-0.005,129,128,-1.1,36,0
4456,60,Hombre,6.9,121,49.7,120,0,0,0.021,123,123,-1.83,36,0
4457,53,Hombre,8.6,143,62,165,0,1,0.335,231,143,-2.89,36,0
4458,60,Hombre,5.8,144,45.7,55,0,1,-0.818,24,134,0.78,36,0
4459,56,Mujer,7.4,130,54.8,150,0,1,-0.085,138,117,-1.74,36,0
4460,86,Mujer,8,134,40.2,55,0,0,0.75,116,141,-2.65,36,0
4461,52,Hombre,8.3,157,68.9,397,0,1,-1.202,119,135,-0.55,36,0
4462,61,Hombre,8.6,132,51.1,331,1,1,-0.108,297,126,-2.85,36,0
4463,65,Hombre,7.7,126,39.2,508,0,1,-0.589,282,134,-2.27,36,0
4464,66,Hombre,7.5,132,36.2,38,0,0,0.907,94,130,-4.73,36,0
4465,77,Mujer,8.3,120,29.9,104,0,0,0.172,124,130,-3.67,36,0
4466,67,Hombre,9.7,132,57.7,187,0,1,0.151,217,119,-2.03,36,0
4467,65,Hombre,8.3,135,57,90,1,0,0.264,117,142,-1.45,36,0
4468,61,Mujer,8.5,142,51,220,1,0,0.393,326,153,-3.85,36,0
4469,41,Hombre,9.8,122,64.9,32,0,1,-0.053,30,120,-3.71,36,0
4470,53,Mujer,7.3,104,49.4,202,0,1,-0.825,89,97,3.03,36,0
4471,76,Mujer,7.2,141,34.2,134,1,0,-0.227,107,139,-0.86,36,0
4472,64,Hombre,6.8,143,35.8,161,0,0,0.201,197,145,-4.11,36,0
4473,49,Mujer,8.1,130,53.3,27,0,1,-0.681,14,121,0.14,36,0
4474,60,Mujer,7.8,133,39.3,14,0,0,1.175,45,132,-1.81,36,0
4475,79,Hombre,8.6,144,44.4,193,1,1,-0.363,134,142,-2.24,14.82,1
4476,47,Mujer,9.1,123,68.4,63,0,0,1.034,177,123,-2.1,36,0
4477,58,Mujer,8,137,44,110,0,0,0.445,172,134,-3.27,36,0
4478,90,Mujer,7.1,151,34.8,36,0,0,-0.505,22,142,-1.24,36,0
4479,80,Mujer,7,134,39.9,73,0,0,-0.498,44,141,-0.08,19.78,1
4480,49,Mujer,6.4,121,60.2,104,0,0,0.567,183,115,-4.52,36,0
4481,57,Mujer,5.5,112,30.7,158,0,0,-0.237,125,99,-0.2,36,0
4482,47,Mujer,9.4,121,36,127,0,1,0.021,130,108,-0.82,36,0
4483,51,Mujer,9.3,126,41.1,34,0,1,-0.089,31,134,-0.09,36,0
4484,65,Hombre,10.4,122,48.6,407,0,0,0.197,495,127,-0.74,36,0
4485,69,Mujer,5.5,139,44.2,155,1,1,-0.06,146,132,-2.71,36,0
4486,69,Mujer,7.9,134,41,65,0,0,-0.76,30,142,-1.61,36,0
4487,63,Hombre,9.3,142,48.7,172,0,0,1.059,496,137,-5.83,36,0
4488,52,Mujer,7.3,106,48.5,41,0,1,-0.815,18,100,0.7,36,0
4489,69,Mujer,7.6,141,48.8,419,1,0,-0.029,407,143,-2.11,36,0
4490,53,Mujer,8,112,50.2,35,0,1,-0.012,35,109,1.93,36,0
4491,65,Hombre,7.3,123,38.2,20,1,1,-0.233,16,122,-2.92,36,0
4492,67,Mujer,6.6,118,44.4,51,0,0,-0.832,22,102,0.43,36,0
4493,72,Mujer,8.2,123,27.9,88,0,0,0.303,119,103,-2.41,36,0
4494,70,Hombre,8.3,142,47.9,21,1,0,0.37,30,138,-3.85,36,0
4495,67,Mujer,7.5,140,51.7,180,0,0,-0.316,131,145,-1.43,36,0
4496,66,Hombre,6.6,145,39.1,171,1,1,-0.498,104,140,-1.63,36,0
4497,62,Mujer,7.1,125,38.7,20,0,0,-0.617,11,131,-0.33,36,0
4498,66,Hombre,8.4,130,53.1,134,1,1,0.068,143,110,-1.62,31.32,1
4499,64,Hombre,6,138,47,344,1,1,-0.978,129,126,-4.21,36,0
4500,69,Mujer,9,119,56.8,174,1,1,0.442,271,115,-4.33,36,0
4501,59,Mujer,11.1,101,36.4,176,0,1,-0.039,169,93,-1.8,36,0
4502,77,Mujer,8.5,157,38.5,45,1,0,1.251,157,154,-3.34,36,0
4503,65,Hombre,6.1,147,51.2,99,1,0,0.271,130,138,-3.13,36,0
4504,77,Hombre,8.8,144,53.5,131,0,1,-0.228,104,134,-1.73,36,0
4505,75,Hombre,8.4,160,62.7,46,1,1,0.894,113,144,-3.91,36,0
4506,74,Hombre,7.3,140,36.2,101,1,0,0.51,168,151,-5.71,4.87,1
4507,68,Hombre,6.1,134,43,96,0,0,0.044,100,125,-4.31,36,0
4508,62,Mujer,7.4,125,39.2,277,0,1,0.292,371,127,-2.2,15.45,1
4509,50,Hombre,10,135,56.9,90,0,1,0.531,153,123,-1.82,36,0
4510,70,Mujer,7.2,117,45.4,17,0,0,-0.052,16,115,-1.78,36,0
4511,64,Hombre,7.3,117,55.5,261,0,0,0.193,317,111,-2.23,36,0
4512,53,Mujer,8.3,137,54.2,890,1,1,0.248,1141,118,-2.6,8.19,1
4513,46,Mujer,5.5,116,63.1,14,0,1,0.107,16,102,1.84,36,0
4514,85,Hombre,7.2,152,39.1,26,0,0,0.06,28,144,-1.53,36,0
4515,44,Hombre,6.8,128,46.6,97,0,1,-0.821,43,137,1.42,36,0
4516,55,Mujer,5.7,134,58,98,0,1,-0.461,62,123,3.02,36,0
4517,64,Mujer,8.7,115,34.5,256,0,1,-0.791,116,109,-0.24,36,0
4518,73,Hombre,8.4,142,43.6,169,1,1,0.125,191,151,-0.43,36,0
4519,62,Mujer,9.1,124,47.5,417,0,1,0.144,481,113,-3.94,36,0
4520,61,Mujer,8.7,167,53.5,134,0,1,-0.214,108,166,-1.45,36,0
4521,63,Hombre,6.1,149,44.7,106,0,1,-0.195,87,148,0.25,36,0
4522,76,Mujer,8.8,164,39.4,59,1,0,-0.071,55,173,-2.97,36,0
4523,73,Mujer,7.8,181,41.4,73,0,0,-0.214,59,185,-3,36,0
4524,68,Mujer,8.2,136,56.6,73,0,0,0.472,117,148,-4.67,36,0
4525,77,Mujer,9.9,143,33.9,354,0,0,-0.522,210,136,-0.92,36,0
4526,66,Hombre,6.3,146,51.9,102,0,0,0.119,115,127,-2.63,36,0
4527,62,Hombre,7.2,104,57.5,481,0,1,0.023,492,110,-0.37,36,0
4528,52,Mujer,7.9,124,55.1,49,0,0,-0.113,44,121,-1.87,36,0
4529,45,Mujer,7.7,107,36.2,53,1,0,-0.647,28,110,0.88,36,0
4530,72,Hombre,8.1,123,48.9,129,0,0,0.511,215,126,-2.78,36,0
4531,61,Hombre,6.5,161,42.1,77,0,0,-0.871,32,149,0.89,36,0
4532,52,Hombre,8.2,112,59.5,116,0,0,0.888,282,97,-3.5,36,0
4533,74,Hombre,8.2,136,34.4,153,0,0,0.017,156,143,-2.87,36,0
4534,78,Mujer,6.7,137,29.8,71,0,0,-0.09,65,126,-2.76,36,0
4535,66,Hombre,9.2,153,48.8,378,0,1,-0.401,253,146,-1.83,36,0
4536,70,Hombre,8,132,48.4,74,1,1,0.488,121,115,-4.46,36,0
4537,69,Hombre,6.2,141,60.6,132,0,1,-0.518,79,136,0.63,36,0
4538,66,Mujer,8.8,142,47.2,33,0,0,0.657,64,144,-3.94,36,0
4539,54,Hombre,5.5,127,50.6,29,0,1,0.576,52,121,0.2,36,0
4540,56,Mujer,8.6,137,50.9,165,0,0,0.433,254,139,-1.11,36,0
4541,57,Hombre,8.7,145,57.3,48,0,1,-0.033,46,135,-0.12,36,0
4542,70,Mujer,7.4,113,31.4,42,1,0,-0.256,33,111,-1.49,36,0
4543,64,Mujer,8.9,130,45.9,51,0,0,0.284,68,113,-1.92,36,0
4544,67,Mujer,8.7,123,53.3,91,0,1,-0.441,59,109,-3.17,36,0
4545,73,Hombre,6.8,117,34.2,264,0,0,-0.363,184,143,-1.35,36,0
4546,67,Mujer,7.3,132,47,323,0,1,-0.652,168,124,-0.75,36,0
4547,82,Mujer,8.8,131,35.7,78,0,0,0.013,79,130,-2,36,0
4548,61,Hombre,9.4,141,66.2,50,0,1,0.032,52,143,-2.53,36,0
4549,67,Mujer,6.7,153,47.1,68,0,0,-0.091,62,150,-1.61,8.07,1
4550,50,Hombre,7.8,145,57,22,1,1,-0.357,15,139,1.34,36,0
4551,89,Hombre,8,141,43.8,62,0,1,-0.098,56,128,-1.8,36,0
4552,83,Hombre,7.1,112,50.1,61,0,0,-0.78,28,108,1.66,36,0
4553,78,Mujer,9.2,141,30.9,830,1,1,-0.764,386,138,-1.65,36,0
4554,45,Hombre,7.4,150,46,225,0,1,-0.31,165,153,-1.65,36,0
4555,56,Hombre,9,138,36.2,68,0,1,-0.539,40,128,0.54,36,0
4556,66,Hombre,9,138,56.6,84,0,0,-0.186,70,142,-2.39,36,0
4557,55,Mujer,9,129,42,79,0,1,-0.528,47,119,-2.11,36,0
4558,74,Hombre,5.5,121,43.8,17,1,1,0.597,31,108,-4.31,36,0
4559,70,Mujer,6.1,129,36.6,860,1,0,1.029,2406,135,-5.58,25.05,1
4560,70,Mujer,8.8,137,43.1,525,0,0,-0.006,522,143,-4.56,36,0
4561,77,Hombre,5.6,150,55.7,55,1,0,0.432,85,143,-1.2,36,0
4562,68,Mujer,8.3,128,41.5,1336,1,0,0.414,2022,130,-5.22,36,0
4563,77,Hombre,5.7,110,53.2,108,1,1,0.196,131,102,-2.8,36,0
4564,65,Mujer,9,117,33.9,467,0,1,0.689,930,112,-5.98,2.39,1
4565,53,Hombre,9.3,125,52.8,40,0,0,0.738,84,134,-2.98,36,0
4566,81,Hombre,6.5,145,34.6,73,1,0,-0.498,44,144,0.1,36,0
4567,67,Mujer,8.4,102,40.3,231,0,0,0.202,283,94,-4.19,36,0
4568,58,Mujer,8.2,144,39.8,28,0,1,-0.017,28,152,-2.09,36,0
4569,53,Hombre,9.6,117,47.9,412,0,1,-0.954,159,109,0.74,36,0
4570,62,Hombre,7.9,121,36,105,0,0,0.219,131,120,-2.3,36,0
4571,68,Hombre,8.3,131,51.2,70,1,0,0.381,103,130,-3.73,36,0
4572,72,Mujer,9.3,131,33.3,175,1,0,0.682,346,136,-2.58,7.37,1
4573,59,Hombre,9.6,143,35.9,337,0,1,-0.154,289,143,-2.33,36,0
4574,71,Hombre,7.9,135,62.7,339,0,1,-0.153,291,120,-2.31,36,0
4575,58,Hombre,6.9,121,42.4,24,0,0,-0.355,17,130,1.96,36,0
4576,55,Mujer,8,125,45.4,983,0,0,-0.043,942,124,-1.13,2.85,1
4577,73,Mujer,7.8,105,44.2,27,0,0,0.298,36,115,-1.75,36,0
4578,64,Hombre,7,150,47.3,44,0,0,0.059,47,149,-0.52,36,0
4579,65,Mujer,8.4,127,62.9,145,0,0,0.498,238,144,-4.97,36,0
4580,51,Mujer,5.9,140,45.4,411,0,0,1.104,1240,146,-5.04,36,0
4581,43,Hombre,6.1,155,65.2,12,0,0,0.012,12,161,-1.49,36,0
4582,71,Mujer,8.8,123,46.8,233,1,0,0.413,352,119,-1.44,36,0
4583,55,Hombre,7.6,129,39.9,174,0,1,0.715,356,126,-3.77,36,0
4584,61,Hombre,7,141,37.3,57,0,0,-0.374,39,130,-1.64,36,0
4585,58,Hombre,8.9,124,39.8,41,1,0,0.36,59,126,-3.55,36,0
4586,64,Hombre,7.3,104,59.1,292,0,1,-1.325,78,105,2.02,36,0
4587,64,Mujer,9,138,40.5,181,0,1,-0.067,169,133,-2.83,36,0
4588,78,Hombre,6.5,144,31,26,0,0,0.135,30,136,-4.44,2.18,1
4589,74,Mujer,9.2,136,46.9,2505,1,1,-0.374,1723,130,-4.76,36,0
4590,56,Mujer,7.8,142,53.1,74,0,1,-0.474,46,119,-0.56,36,0
4591,56,Hombre,8,136,40.3,477,0,1,-0.852,204,126,-1.37,36,0
4592,71,Hombre,6.8,157,35.4,249,0,0,0.012,252,156,-3.63,36,0
4593,90,Hombre,9,120,45.1,980,0,0,-1.009,357,123,-2.22,36,0
4594,67,Hombre,6.8,121,44.9,209,1,0,0.775,454,129,-4.47,36,0
4595,67,Mujer,6.6,165,65.1,52,1,0,0.384,76,157,-2.6,26.59,1
4596,73,Hombre,8.9,156,41.7,456,0,1,0.395,677,149,-6.16,36,0
4597,55,Hombre,7.9,145,58.5,98,1,1,0.398,146,151,-0.85,36,0
4598,69,Hombre,7.7,123,43.9,178,0,0,-0.253,138,131,-3.82,36,0
4599,61,Hombre,5.9,126,54.9,104,0,0,-0.203,85,126,-0.33,36,0
4600,76,Mujer,9.1,135,36.6,102,0,0,0.302,138,141,-4.52,36,0
4601,81,Hombre,5.6,136,37.7,40,0,0,0.562,70,152,-2.97,36,0
4602,51,Hombre,9.3,123,56.7,261,0,1,-0.114,233,126,-1.99,36,0
4603,52,Mujer,8.5,133,47.3,695,0,1,-0.56,397,132,-1.37,36,0
4604,68,Hombre,7.3,148,39,56,1,0,-0.093,51,148,-1.82,36,0
4605,78,Mujer,6.2,163,55.6,49,1,1,0.284,65,164,-1.27,36,0
4606,65,Hombre,8.5,140,57.2,77,0,0,0.698,155,143,-2.92,36,0
4607,82,Hombre,7.8,117,35.6,38,0,0,1.282,137,125,-4.78,36,0
4608,70,Mujer,8.4,116,40.4,13,0,0,0.756,28,112,-4.3,36,0
4609,58,Mujer,6.7,128,47.1,50,0,0,-0.08,46,132,0.05,36,0
4610,68,Mujer,11.1,149,40.2,612,1,1,0.081,664,134,-5.1,36,0
4611,64,Hombre,10.4,107,48.7,314,0,0,0.203,385,110,-4.66,36,0
4612,62,Hombre,8.7,112,54.2,33,0,1,-1.018,12,118,2.37,36,0
4613,48,Mujer,8.7,141,48.4,142,0,1,0.194,172,138,-2.79,36,0
4614,48,Hombre,10.2,133,53.1,264,0,1,-0.641,139,111,-0.27,36,0
4615,56,Hombre,8.8,138,54.1,122,0,1,-0.159,104,139,-0.53,36,0
4616,75,Hombre,9.3,141,44.8,151,0,1,0.741,317,135,-5.33,31.54,1
4617,71,Hombre,7.3,150,51.6,87,0,0,0.001,87,145,-2.52,36,0
4618,65,Hombre,7.6,149,39.8,57,0,0,0.504,94,140,-3.35,36,0
4619,64,Mujer,8.6,144,34.9,79,0,0,0.469,126,150,-3.51,36,0
4620,60,Mujer,8.6,152,40.4,71,0,0,0.199,87,158,-1.69,36,0
4621,70,Mujer,7.3,155,51.1,257,1,0,-0.516,153,153,-1.29,36,0
4622,68,Hombre,9.4,130,55.5,546,0,1,-1.413,133,126,-0.98,36,0
4623,52,Hombre,9.3,132,43,525,0,0,0.085,572,144,-3.17,36,0
4624,41,Mujer,7.4,128,70.4,109,0,1,0.028,112,133,-1.09,36,0
4625,65,Mujer,7.5,136,48.4,175,0,1,-0.038,168,131,-2.26,36,0
4626,62,Hombre,7.8,120,47.1,184,1,0,0.256,238,120,-2.1,36,0
4627,68,Hombre,8.5,115,32.5,100,1,0,-0.693,50,132,-1.57,36,0
4628,61,Mujer,8.4,112,67.3,1140,1,1,-0.792,517,96,-2.68,36,0
4629,71,Mujer,7.2,141,36.7,290,0,1,0.14,334,136,-3.48,36,0
4630,57,Hombre,8.7,124,34.9,50,0,0,1.349,193,125,-4.31,21.22,1
4631,67,Hombre,8.6,153,47.8,668,0,1,-0.787,304,149,-1.59,36,0
4632,69,Hombre,8.4,140,54.6,433,1,1,-0.159,369,124,-2.82,36,0
4633,65,Mujer,10,173,56.2,184,0,1,-0.065,172,165,-4.06,30.44,1
4634,64,Hombre,9.4,122,54.6,23,0,0,0.531,39,119,-1.88,36,0
4635,72,Hombre,7.3,139,30.6,43,0,0,0.811,97,141,-4.99,36,0
4636,54,Hombre,6.5,124,47.1,30,0,0,0.568,53,141,-1.68,36,0
4637,65,Mujer,7.7,155,54.5,105,1,1,0.422,160,163,-2.32,36,0
4638,67,Mujer,6.4,128,46.5,65,0,0,-1.049,23,111,-0.09,36,0
4639,62,Hombre,7.7,142,52.8,171,0,0,-0.091,156,144,-3.14,36,0
4640,67,Mujer,7.1,160,51.6,140,0,0,-0.009,139,150,-2.31,36,0
4641,60,Hombre,7.7,134,51.1,108,0,0,0.13,123,128,-1.37,36,0
4642,88,Mujer,8.8,131,60.4,191,0,0,-0.157,163,122,-4.08,36,0
4643,65,Mujer,6.1,137,64.1,28,0,0,0.203,34,147,0.46,36,0
4644,71,Mujer,6.3,140,54,52,0,0,0.719,107,138,-2.32,36,0
4645,61,Mujer,6.5,119,39.9,93,0,1,-0.015,92,107,0.12,36,0
4646,70,Hombre,5.6,167,47.8,98,0,0,0.508,163,176,-3.54,36,0
4647,30,Hombre,9.2,129,47,265,0,1,-0.789,120,121,0.35,36,0
4648,64,Mujer,7.6,126,35,82,1,1,-0.452,52,113,0.82,36,0
4649,69,Mujer,6.2,105,43,16,1,1,-0.441,10,97,-0.66,36,0
4650,54,Mujer,8.4,117,52.7,78,0,0,0.236,99,124,-2.9,36,0
4651,64,Mujer,8.5,148,49.2,18,0,0,-0.377,12,170,-1.88,36,0
4652,73,Hombre,8,137,31.8,428,0,0,0.677,843,138,-4.91,19.19,1
4653,60,Mujer,8,102,47.9,20,1,0,0.061,21,116,-0.03,36,0
4654,56,Hombre,10.3,102,49.5,36,0,1,-0.638,19,88,1.28,36,0
4655,70,Mujer,7.8,133,40.9,358,0,0,-0.742,170,142,-3.34,36,0
4656,50,Mujer,8.3,114,50.8,174,0,1,-1.051,61,111,-0.13,36,0
4657,54,Hombre,6.4,117,43.9,16,0,0,-0.673,8,94,2.69,36,0
4658,46,Hombre,7.9,152,49.1,92,0,0,-0.093,84,148,-1.5,36,0
4659,69,Hombre,8.7,121,34.6,34,0,0,0.052,36,117,-1.89,36,0
4660,58,Mujer,8.1,129,51.2,144,1,1,-0.425,94,125,0.41,36,0
4661,72,Hombre,9.5,131,44.9,22,1,0,0.123,25,134,-5.19,36,0
4662,62,Mujer,6.6,124,42.8,166,0,0,0.141,191,111,-3.19,36,0
4663,70,Hombre,8.1,153,37.3,141,0,0,0.008,142,148,-3.99,36,0
4664,68,Hombre,7.7,136,46.4,306,0,1,-0.924,122,133,-1.54,36,0
4665,61,Hombre,9.9,145,56.6,58,0,1,-0.879,24,140,1.36,36,0
4666,77,Hombre,6.4,135,48.6,164,0,0,-0.788,75,138,-0.47,36,0
4667,74,Mujer,7.6,145,29.3,110,0,0,0.786,241,136,-4.55,36,0
4668,72,Mujer,6.5,155,48.3,70,0,1,-0.694,35,150,-1.45,36,0
4669,52,Mujer,9.9,130,57.3,75,0,0,-0.028,73,128,-2.15,36,0
4670,66,Mujer,6.1,131,61.4,66,0,1,0.819,150,147,-1.33,36,0
4671,53,Mujer,7.1,150,52.1,712,1,1,-0.038,685,139,-1.39,10.61,1
4672,67,Mujer,8.7,108,39.3,1640,0,1,-0.709,807,93,-1.23,36,0
4673,38,Hombre,6.9,105,53.2,263,0,1,-1.436,63,104,0.54,36,0
4674,43,Hombre,7.9,110,48.4,48,0,1,1.012,132,93,-1.63,36,0
4675,64,Hombre,9.4,139,47.8,42,0,0,-0.626,22,138,-2.64,36,0
4676,45,Hombre,8.7,121,44.8,227,0,0,0.384,333,108,-3.68,36,0
4677,68,Mujer,5.7,140,38.4,54,0,0,0.599,98,143,-3.25,36,0
4678,69,Mujer,6.7,132,57.1,96,0,1,0.439,149,134,-2.13,36,0
4679,58,Mujer,6.4,146,63.3,62,0,0,1.214,209,147,-4.46,12.4,1
4680,75,Hombre,10.2,144,36.6,508,0,0,-0.226,405,151,-3.35,36,0
4681,75,Hombre,8.9,130,33.6,122,1,0,-0.802,55,127,-0.72,36,0
4682,53,Hombre,7.9,127,37.3,36,0,1,0.618,67,120,-1.78,36,0
4683,56,Hombre,8.5,136,48.5,210,1,1,-0.256,162,123,-2.78,36,0
4684,78,Mujer,8.2,139,26.7,267,0,0,0.28,353,124,-5.22,36,0
4685,51,Mujer,7,120,44.5,50,0,0,0.241,64,124,-1.96,36,0
4686,54,Hombre,7.4,137,60.4,217,0,1,0.026,223,115,-0.38,36,0
4687,82,Hombre,9.6,147,37.3,108,1,0,0.748,228,153,-4.26,12.35,1
4688,70,Mujer,7,138,53.5,130,0,0,0.673,255,120,-2.05,36,0
4689,79,Hombre,6.7,136,37.4,148,1,0,-0.424,97,128,-2.52,36,0
4690,66,Hombre,9,142,31,155,0,1,-0.295,115,135,-4.05,36,0
4691,71,Mujer,8.1,129,42.9,33,1,0,0.023,34,130,-3.44,36,0
4692,61,Mujer,6.4,141,53.5,113,1,0,-0.813,50,134,3.33,36,0
4693,62,Mujer,5.8,140,48.4,21,0,0,-0.221,17,139,-0.84,36,0
4694,82,Hombre,8.9,151,55.6,167,1,1,-0.047,159,141,-1.65,36,0
4695,57,Hombre,7,143,49.8,119,0,1,0.081,129,139,-3.4,36,0
4696,66,Hombre,11.1,133,39.4,95,1,1,0.274,125,127,-2.31,36,0
4697,64,Hombre,9.4,154,55.3,123,0,1,0.127,140,140,-2.6,36,0
4698,66,Hombre,7.3,130,53.8,500,0,1,-0.556,287,120,-1.91,36,0
4699,67,Hombre,6.2,127,33.3,74,0,0,-0.123,65,133,0.84,36,0
4700,77,Hombre,9.2,160,40.2,29,0,0,0.954,75,162,-4.41,36,0
4701,81,Mujer,8.9,152,48.2,85,1,0,0.835,196,169,-5.63,36,0
4702,62,Hombre,7.5,116,42.9,38,0,1,0.807,85,110,-2.79,36,0
4703,74,Mujer,8.3,138,31.2,196,0,1,-0.452,125,129,-1.36,19.99,1
4704,75,Mujer,9.5,128,31.4,18,1,0,1.185,59,128,-5.64,36,0
4705,68,Hombre,7.2,124,53.2,186,1,0,0.559,325,137,-2.7,36,0
4706,58,Mujer,7.7,131,44,57,0,0,-0.252,44,144,-1.69,36,0
4707,42,Hombre,7.7,134,67.8,49,0,0,0.724,101,123,-3.7,36,0
4708,52,Mujer,6.3,104,49.5,46,0,1,-0.059,43,95,0.02,36,0
4709,73,Mujer,7.8,142,45.5,15,0,0,-0.517,9,134,-0.3,36,0
4710,63,Mujer,6.1,138,57.2,171,0,0,0.002,171,137,-3.31,36,0
4711,62,Hombre,8.4,115,53.5,95,1,1,-0.641,50,107,0.2,36,0
4712,64,Hombre,7.9,142,62,217,1,0,-0.963,83,146,0.19,36,0
4713,51,Mujer,8.2,112,49.5,62,0,0,0.246,79,115,-2.12,36,0
4714,68,Mujer,7.7,123,43.3,112,0,1,-0.968,43,106,-0.01,36,0
4715,78,Mujer,7.4,136,31.8,29,0,0,-0.015,29,145,-3.43,36,0
4716,72,Hombre,7.5,123,30.5,179,0,1,-0.239,141,112,-4.56,36,0
4717,80,Mujer,6.4,135,62.5,281,1,0,0.535,480,129,-3.99,24.62,1
4718,64,Mujer,6.6,128,58.8,18,0,0,0.565,32,139,-3.74,36,0
4719,59,Hombre,7.6,128,28.3,118,0,0,0.31,161,123,-3.4,36,0
4720,61,Mujer,6,147,57.5,30,0,1,0.209,37,145,-0.55,36,0
4721,62,Hombre,7.3,122,54.4,161,0,1,-0.793,73,105,1.19,36,0
4722,62,Mujer,6.9,154,71.7,412,0,1,-0.024,402,144,-1.88,36,0
4723,55,Mujer,7.9,124,53.5,25,0,0,-0.238,20,129,-0.22,36,0
4724,71,Mujer,8.7,155,43.6,56,1,0,0.277,74,161,-3.21,36,0
4725,62,Mujer,7.2,139,51.5,169,0,1,-1.011,62,144,0.95,36,0
4726,70,Mujer,7.9,174,27.7,81,0,0,1.054,232,181,-4.8,36,0
4727,67,Hombre,8.9,132,38.4,60,0,0,0.838,139,130,-5.86,36,0
4728,67,Mujer,6.7,147,39.9,174,1,1,-0.794,79,139,1.8,36,0
4729,59,Hombre,6.9,157,52.5,68,0,0,0.418,103,153,-2.75,36,0
4730,67,Hombre,8.9,96,56.1,34,0,0,0.09,37,88,-2.89,36,0
4731,78,Mujer,10.2,145,47.9,76,0,0,-0.212,61,152,-4.8,36,0
4732,50,Mujer,5.5,154,54.8,166,0,1,0.265,216,159,-1.84,36,0
4733,53,Hombre,6.6,147,50.4,55,0,1,0.273,72,147,-3.17,36,0
4734,51,Hombre,8.2,132,42.9,25,0,0,0.533,43,124,-0.93,36,0
4735,83,Hombre,7.3,144,29.5,135,1,0,-0.038,130,133,-1.33,36,0
4736,76,Hombre,9.4,168,43.6,123,1,1,0.265,160,170,-3.24,36,0
4737,51,Mujer,7.1,136,62.1,123,0,1,0.573,218,116,-3.95,36,0
4738,83,Mujer,6.9,141,29.9,26,1,0,-0.382,18,143,-2.11,36,0
4739,53,Mujer,5.5,155,49,177,0,0,0.612,326,175,-3.33,36,0
4740,69,Hombre,8.2,138,45.4,52,1,0,-0.268,40,136,-1.72,36,0
4741,49,Hombre,7.4,133,52.9,289,0,1,0.754,614,127,-2.64,36,0
4742,60,Hombre,9.6,131,40.5,92,0,1,0.023,94,118,-1.62,34.14,1
4743,70,Hombre,7.8,136,59.3,62,0,0,-0.132,54,131,-0.99,36,0
4744,67,Hombre,8.2,129,29.3,258,0,1,-0.56,147,121,-1.54,36,0
4745,66,Mujer,7.2,148,39.3,342,0,1,-1.003,125,152,-2.3,36,0
4746,52,Hombre,9.6,144,57.5,142,0,1,-0.973,54,133,-0.92,36,0
4747,67,Mujer,6.7,124,28.3,84,0,0,0.101,93,115,-2.4,2.53,1
4748,69,Mujer,7.3,112,46.7,718,1,1,-0.612,389,112,-2.67,36,0
4749,63,Hombre,9,101,36.2,45,0,0,0.151,52,104,-0.85,36,0
4750,48,Mujer,9.5,139,41.1,94,0,1,-1.178,29,144,-0.4,36,0
4751,71,Mujer,7.3,120,42.8,246,0,1,-0.216,198,113,-1.33,36,0
4752,74,Mujer,8,118,39.8,57,0,0,-0.164,48,121,-2.96,36,0
4753,55,Hombre,6.2,131,49.2,145,0,1,0.086,158,126,-2.26,36,0
4754,73,Hombre,8.1,122,48.9,29,0,0,-0.028,28,135,-3.33,36,0
4755,45,Mujer,8.2,114,38.2,28,0,1,0.615,52,96,-1.12,36,0
4756,60,Hombre,7.5,150,31.7,533,0,0,0.295,716,152,-2.67,36,0
4757,78,Hombre,8.1,140,25.9,390,0,0,-0.877,162,136,-0.77,36,0
4758,57,Hombre,9.1,111,45.9,297,1,1,-0.346,210,94,-0.93,36,0
4759,79,Hombre,8,145,51.3,94,0,1,0.306,128,146,-0.03,36,0
4760,63,Hombre,7.4,148,66,64,0,0,-0.558,37,152,-1.12,36,0
4761,65,Mujer,5.8,154,42.7,189,1,0,0.511,315,142,-2.85,13.04,1
4762,71,Hombre,7,151,39.7,92,0,0,0.041,96,157,-4.6,36,0
4763,75,Hombre,7.7,120,40.6,117,0,0,0.188,141,126,-3.09,36,0
4764,72,Mujer,5.5,148,24.2,148,0,0,0.441,230,150,-2.92,23.98,1
4765,63,Hombre,6.1,130,42.7,219,0,1,-0.063,206,129,-2.23,27.74,1
4766,66,Mujer,7.3,149,58.1,119,0,1,-0.148,103,143,-3.65,36,0
4767,71,Hombre,8,143,42.3,81,0,0,1.578,392,140,-6.87,36,0
4768,67,Hombre,7.6,127,41.9,386,0,1,0.02,394,139,-1.35,36,0
4769,68,Hombre,8.3,136,39.5,667,1,0,0.348,944,119,-4.96,36,0
4770,65,Hombre,7.7,136,51,63,1,0,1.179,205,133,-3.89,36,0
4771,59,Mujer,7.8,133,49.8,447,0,1,-0.788,203,128,1.52,36,0
4772,74,Mujer,6.8,133,34.9,82,1,0,-0.164,70,135,-4.73,36,0
4773,76,Hombre,7,145,56.6,193,0,1,-0.853,82,129,-1.46,36,0
4774,68,Mujer,8.5,120,47.7,205,1,0,-0.029,199,118,-3.98,36,0
4775,59,Mujer,9.1,130,41.9,250,0,0,0.23,315,138,-2.77,36,0
4776,70,Mujer,7.6,151,40,53,0,0,0.048,56,158,-0.84,36,0
4777,59,Mujer,8.5,136,48.9,211,0,0,-0.166,179,128,-4.06,36,0
4778,70,Hombre,6.9,120,42.7,49,1,0,0.003,49,117,-2.07,36,0
4779,72,Hombre,8.7,137,44.4,124,0,0,0.341,174,136,-4.22,36,0
4780,72,Mujer,8.7,130,31.2,184,0,0,0.01,186,134,-3.65,36,0
4781,77,Hombre,5.5,133,40,28,1,0,-0.399,19,134,-1.43,36,0
4782,65,Hombre,10.3,142,33.9,285,1,0,0.363,410,143,-6.12,36,0
4783,63,Mujer,5.7,155,48.3,93,1,0,-0.807,42,151,-0.23,36,0
4784,39,Mujer,9,149,48.1,59,0,1,-0.591,33,134,0.23,36,0
4785,50,Hombre,8.1,127,33.8,738,0,0,-0.329,531,117,-1.65,36,0
4786,79,Mujer,8.9,139,45.4,21,1,0,0.529,36,133,-4.61,36,0
4787,55,Hombre,9,147,55.2,195,0,1,-0.121,173,147,-2.86,36,0
4788,64,Hombre,6.7,136,50.8,20,1,0,-0.347,14,130,-2.01,36,0
4789,73,Hombre,7.7,146,50.2,48,0,0,0.114,54,156,-2.47,36,0
4790,70,Mujer,8.4,157,49.1,359,1,1,-0.183,299,149,-3.01,36,0
4791,64,Hombre,7.9,118,42.4,76,0,1,0.017,77,101,-1.28,36,0
4792,54,Hombre,6.8,135,62.1,158,0,1,-0.333,113,123,0.04,36,0
4793,69,Mujer,10.1,140,55,201,1,0,0.563,353,133,-5.5,36,0
4794,62,Mujer,5.8,143,36.6,60,0,0,-0.137,52,137,-1.68,36,0
4795,63,Mujer,7.3,114,43.1,76,0,0,-0.884,31,113,0.37,36,0
4796,78,Mujer,5.5,137,51.8,42,0,1,-1.177,13,136,1.02,36,0
4797,69,Hombre,8.6,129,64.2,47,1,1,-0.28,36,127,-1.96,36,0
4798,60,Mujer,8,125,47.1,422,0,1,-0.957,162,119,0.78,36,0
4799,66,Mujer,6.9,108,42.8,162,0,0,-0.636,86,105,0.59,36,0
4800,59,Hombre,8.6,145,45,75,0,1,-0.834,33,147,-2.41,36,0
4801,85,Hombre,7.1,177,39.7,290,0,0,0.54,498,176,-6.2,27.62,1
4802,72,Mujer,7.2,134,53.4,247,0,0,0.988,663,121,-5.6,36,0
4803,49,Hombre,9.2,137,42.3,620,0,1,0.639,1175,131,-2.47,36,0
4804,60,Mujer,9.8,119,56.5,466,0,1,0.319,641,108,-2.83,36,0
4805,71,Mujer,8.3,137,34.2,117,0,1,-0.934,46,143,-0.49,36,0
4806,59,Mujer,8.3,110,45.1,333,0,1,-0.797,150,112,0.86,36,0
4807,74,Hombre,6.8,121,53.7,53,1,1,-0.681,27,128,0.03,36,0
4808,60,Hombre,8.6,137,55.7,44,0,1,0.164,52,144,1.15,36,0
4809,72,Hombre,8.1,160,38.4,262,0,1,-0.246,205,158,-2.13,36,0
4810,55,Mujer,9.6,124,38.3,331,0,0,-0.086,304,122,-0.25,36,0
4811,61,Hombre,9.4,142,46.2,375,1,1,-0.33,270,147,-1.33,36,0
4812,72,Hombre,5.5,137,33,172,1,0,-0.481,106,152,-2.01,36,0
4813,65,Hombre,8.1,136,50.8,776,0,1,-1.146,247,126,-0.67,36,0
4814,55,Hombre,8.5,131,44.7,213,1,0,-0.254,165,124,-2.58,7,1
4815,43,Mujer,8,135,46.6,627,0,1,-0.149,540,123,-1.82,36,0
4816,60,Mujer,8.4,159,46.8,136,0,1,-0.06,128,141,-0.68,36,0
4817,65,Hombre,7.8,149,50.9,51,0,0,-0.098,46,164,-0.51,36,0
4818,67,Mujer,8.9,110,45.3,561,0,1,-0.571,317,103,-1.31,36,0
4819,58,Mujer,9.5,140,53.1,254,0,1,-0.522,151,145,-1.3,15.88,1
4820,66,Hombre,8.5,137,49.1,94,0,1,0.056,99,142,-2.85,36,0
4821,63,Hombre,7.3,130,45.3,314,0,0,0.148,364,129,-3.89,36,0
4822,65,Hombre,7.3,111,51.3,7,1,0,-0.37,5,113,2.62,36,0
4823,66,Hombre,7.7,145,46.4,41,1,0,0.078,44,130,-2.45,36,0
4824,66,Mujer,7,133,55.3,34,0,0,0.263,44,142,-0.55,36,0
4825,60,Mujer,5.9,126,37.1,28,1,0,0.309,38,126,-2.36,36,0
4826,47,Hombre,8.5,123,30,96,1,0,-0.053,91,138,-2.54,36,0
4827,63,Hombre,7.8,115,45.8,114,0,1,-0.587,63,102,0.01,36,0
4828,79,Hombre,6.5,125,60.2,34,1,0,0.13,39,132,-0.42,36,0
4829,61,Mujer,7.9,114,33.5,412,0,0,-0.385,280,120,-2.76,36,0
4830,80,Mujer,5.7,130,29.9,223,0,0,0.684,442,133,-3.85,36,0
4831,68,Hombre,8.5,120,38,302,0,0,0.053,318,112,-3.46,36,0
4832,79,Hombre,8.3,169,35.4,516,0,1,-0.043,494,170,-4.9,36,0
4833,61,Hombre,8,144,47.4,173,0,0,1.133,537,147,-3.52,36,0
4834,49,Mujer,9.6,148,38.9,205,0,0,-0.273,156,150,-3.56,7.06,1
4835,56,Mujer,6.2,139,45.9,67,0,0,0.145,77,142,0.61,36,0
4836,81,Hombre,8.3,153,52.6,123,1,1,0.398,183,154,-5.23,36,0
4837,50,Hombre,10.6,120,63.1,97,0,1,0.272,127,107,-4.6,36,0
4838,66,Mujer,8.4,134,44.9,170,1,0,-0.041,163,152,-3.08,36,0
4839,72,Mujer,8.1,141,41.6,162,0,1,-0.019,159,131,-0.13,36,0
4840,64,Mujer,9.9,141,52.3,480,0,1,-0.124,424,144,-0.12,36,0
4841,66,Mujer,6,128,58.1,85,0,0,-0.619,46,142,0.97,36,0
4842,61,Mujer,6.3,107,34.8,36,0,1,-0.648,19,99,2.22,36,0
4843,67,Hombre,6.4,129,55.5,67,0,0,-0.103,60,117,-1.43,36,0
4844,53,Hombre,9.9,110,49.6,317,0,1,-1.389,79,111,0.54,36,0
4845,76,Hombre,9.6,124,43.3,57,0,0,0.041,59,122,-1.21,36,0
4846,81,Hombre,8.7,148,24.3,1312,0,0,0.17,1555,148,-4.6,5.26,1
4847,47,Hombre,7.3,133,50.1,76,0,0,1.199,252,119,-4.22,36,0
4848,62,Mujer,6.5,120,39.8,95,0,0,-0.484,59,128,-1.03,36,0
4849,69,Mujer,8.8,125,40.1,151,0,1,-0.187,125,116,-2.27,36,0
4850,58,Mujer,7.5,132,55.9,59,1,1,-0.024,58,123,-2.53,36,0
4851,79,Hombre,7.7,141,47.9,244,0,0,1.234,838,156,-5.68,36,0
4852,77,Mujer,8.1,133,33.6,101,0,0,-0.622,54,119,-1.56,36,0
4853,58,Mujer,7,139,37.9,85,0,0,-0.302,63,145,-0.22,36,0
4854,61,Mujer,8.4,103,52.8,80,0,1,-0.514,48,94,-1.97,36,0
4855,63,Mujer,7.8,132,48.7,111,0,0,-0.12,98,133,-3.02,36,0
4856,72,Mujer,7.6,153,42.2,13,0,0,-0.108,12,156,-2.39,36,0
4857,70,Hombre,5.6,142,46.8,90,0,0,0.189,109,146,-2.72,36,0
4858,68,Hombre,8.1,152,51,1594,0,1,0.056,1685,140,-4.44,36,0
4859,70,Mujer,8.8,139,46.5,210,1,1,0.297,283,128,-4.72,36,0
4860,68,Hombre,7.8,136,23.4,452,0,0,0.586,812,147,-7.31,36,0
4861,67,Hombre,9.3,143,45.5,265,1,1,-0.958,102,119,0.45,36,0
4862,54,Mujer,9.3,122,48.3,266,0,0,0.934,677,123,-4.06,36,0
4863,54,Mujer,9.5,125,40.2,348,0,1,-0.274,265,130,-3.61,36,0
4864,49,Mujer,7.1,125,53.9,419,0,0,0.674,822,124,-1.88,36,0
4865,71,Hombre,7.4,174,45.4,158,1,0,-0.506,95,173,-2.8,36,0
4866,71,Hombre,8.2,134,51.2,81,1,0,0.084,88,138,-1.83,36,0
4867,73,Hombre,8,130,58,83,0,0,-0.304,61,145,0.24,36,0
4868,74,Mujer,8.8,130,43.9,55,0,0,0.736,115,133,-4.29,36,0
4869,53,Mujer,6.6,132,50.7,97,0,1,-0.41,64,122,0.2,36,0
4870,66,Mujer,10.7,143,36.4,300,1,0,-0.174,252,129,-4.16,36,0
4871,65,Mujer,9.7,139,66,47,1,1,-0.124,42,149,-2.11,36,0
4872,55,Mujer,7.4,124,36.5,547,1,0,-0.731,263,135,-2.38,36,0
4873,59,Mujer,6.7,127,45.6,204,0,1,-0.086,187,111,-2.67,36,0
4874,66,Hombre,9.6,141,42.4,310,1,0,-0.38,212,136,-4.21,36,0
4875,72,Hombre,9.4,126,41.8,678,0,1,-0.377,465,140,-2.98,36,0
4876,60,Hombre,5.6,117,34.4,61,0,0,1.611,305,108,-5.28,36,0
4877,43,Hombre,7.9,132,48,348,0,1,-0.295,259,133,-1.47,36,0
4878,47,Mujer,7.8,121,41.7,41,0,0,0.28,54,114,-1.96,36,0
4879,59,Mujer,7.5,118,43.7,362,0,0,-1.046,127,116,-0.49,36,0
4880,59,Hombre,7.8,124,46.7,70,0,1,-0.901,28,127,0.16,36,0
4881,80,Mujer,7.6,181,46.5,244,1,1,-0.653,127,173,-3.74,36,0
4882,73,Mujer,8,165,44.8,88,1,1,-0.223,70,163,-2.67,36,0
4883,61,Hombre,8.3,113,47.8,61,0,1,-0.456,39,109,-0.27,36,0
4884,55,Hombre,8.5,135,54,112,1,1,-0.75,53,130,0.48,36,0
4885,64,Hombre,6.8,132,31.5,27,0,0,-0.167,23,139,0.7,36,0
4886,46,Hombre,6.6,125,56.5,22,0,1,0.125,25,122,-0.55,36,0
4887,70,Hombre,7.6,124,51.5,156,0,1,-0.128,137,114,-2.08,36,0
4888,65,Mujer,9.8,156,53,315,1,1,0.364,454,166,-5.04,36,0
4889,66,Hombre,8.4,145,38.1,86,0,0,-0.043,82,153,-1.82,36,0
4890,75,Mujer,9.1,122,20,15,0,0,0.174,18,124,-0.24,36,0
4891,66,Hombre,7.8,152,54.8,778,0,1,0.055,822,136,-5.12,36,0
4892,59,Hombre,10.3,111,44.7,75,0,0,0.573,133,107,-4.04,36,0
4893,74,Mujer,9.7,147,53.3,1091,0,0,-0.279,826,151,-4.55,36,0
4894,61,Hombre,7.5,139,46.4,131,0,1,0.128,149,120,-2.91,36,0
4895,72,Mujer,6.9,128,42,20,1,1,-0.253,16,117,-0.6,36,0
4896,71,Hombre,9.7,151,53.1,287,0,1,0.119,323,144,-2.66,36,0
4897,67,Hombre,10,156,52.8,122,0,1,-0.374,84,149,-1,36,0
4898,68,Hombre,5.6,134,49.2,514,1,1,0.228,646,125,-2.76,36,0
4899,68,Mujer,6.9,145,41.9,448,0,0,0.568,790,133,-4.38,2.07,1
4900,61,Hombre,10.8,121,48.6,58,0,0,0.856,137,120,-3.97,36,0
4901,76,Mujer,5.6,133,33.7,264,1,1,0.072,284,124,-4.8,36,0
4902,69,Hombre,9.1,138,38.6,475,1,0,-0.392,321,146,-2.4,36,0
4903,72,Hombre,8.1,146,33.2,131,0,1,1.147,413,132,-6.55,36,0
4904,37,Mujer,7.1,99,56.1,102,0,1,0.123,115,83,-0.53,36,0
4905,56,Hombre,8.2,134,46.6,664,0,1,-1.048,233,126,0.37,36,0
4906,60,Mujer,8.8,180,40.8,136,0,1,0.627,255,170,-5.47,32.04,1
4907,55,Hombre,7.8,145,48,29,0,1,0.806,65,141,-3.77,36,0
4908,37,Hombre,6.8,120,57.9,250,0,1,-0.227,199,121,0.52,36,0
4909,62,Mujer,5.5,130,40.4,624,0,1,-0.575,351,123,0.16,36,0
4910,54,Hombre,8.9,142,42.5,162,0,1,0.585,291,135,0.06,36,0
4911,55,Mujer,8.9,116,52.1,185,0,0,-0.057,175,122,-3.47,36,0
4912,60,Hombre,8.3,145,30.8,584,0,0,0.267,762,150,-4.96,3.48,1
4913,54,Hombre,10.1,121,32.2,283,0,1,-0.038,272,115,-2.89,36,0
4914,76,Hombre,9.2,115,43.1,46,1,1,0.689,92,100,-3.13,9.55,1
4915,53,Hombre,8,145,50.9,74,0,1,-0.225,59,138,0.39,36,0
4916,65,Hombre,8.5,144,42,53,0,0,0.226,66,145,-0.56,36,0
4917,59,Mujer,8.4,158,40.3,389,1,0,1.239,1343,153,-5.71,16.7,1
4918,41,Mujer,9.4,138,58.6,181,0,1,-1.341,47,125,0.56,36,0
4919,66,Hombre,8.5,123,48.6,423,0,1,-0.245,331,118,-0.4,36,0
4920,72,Hombre,9.1,129,56,93,1,0,1.513,422,125,-7.46,1.03,1
4921,74,Hombre,6.6,137,45.3,144,0,0,-0.434,93,132,-1.38,19.47,1
4922,64,Mujer,7.9,143,33.9,166,0,0,0.11,185,138,-2.2,36,0
4923,61,Mujer,8.3,137,43.4,171,1,0,0.758,365,126,-6.98,36,0
4924,59,Hombre,5.5,123,37.1,527,0,0,-0.162,448,114,-1.67,36,0
4925,63,Mujer,6.2,130,38.7,36,0,0,0.283,48,144,-4.1,36,0
4926,65,Hombre,9,144,45.3,514,1,0,0.486,835,157,-5.11,36,0
4927,68,Hombre,6.5,107,38.1,45,0,0,0.242,57,107,-2.98,24.2,1
4928,78,Hombre,7.8,138,44.9,346,0,0,0.391,511,144,-4.24,36,0
4929,66,Hombre,9,143,51.7,341,0,1,-0.16,291,144,-1.93,36,0
4930,72,Mujer,9.3,142,33.3,92,1,0,1.253,322,151,-6.38,36,0
4931,60,Hombre,5.5,137,36.2,63,0,0,-0.462,40,132,0.44,36,0
4932,63,Mujer,7.4,142,48.8,86,0,0,0.523,145,128,-4.71,36,0
4933,56,Mujer,7.1,108,50.8,201,0,1,0.458,318,108,-1.01,36,0
4934,56,Mujer,9.5,116,52.6,528,0,0,-0.183,440,106,-3.21,36,0
4935,30,Mujer,10.7,132,50.5,271,0,0,0.122,306,134,-3.96,36,0
4936,73,Hombre,10.6,131,37.8,351,0,0,-0.392,237,142,-1.73,36,0
4937,61,Hombre,7.9,104,64.7,193,0,1,-0.924,77,93,-0.58,36,0
4938,76,Mujer,7.5,139,33,312,0,0,0.527,528,147,-5.09,36,0
4939,55,Hombre,9.9,130,42.3,117,1,1,-0.527,69,113,-1.53,36,0
4940,63,Hombre,8.9,163,49,642,0,1,0.011,649,155,-3.46,36,0
4941,60,Hombre,6.1,142,46.9,11,0,0,0.339,15,143,-0.9,36,0
4942,66,Hombre,7.2,115,45.1,413,0,0,-0.139,359,109,-1.67,36,0
4943,68,Mujer,8,132,37.1,135,0,0,0.353,192,153,-4.16,36,0
4944,65,Mujer,6.1,143,44.4,23,1,0,-0.363,16,144,-1.87,36,0
4945,76,Hombre,7.4,126,43.8,350,0,0,0.319,481,133,-3.76,36,0
4946,73,Hombre,7.3,131,43.6,482,1,1,-0.179,403,114,-1.47,36,0
4947,69,Hombre,8,125,32,165,1,0,-0.654,86,113,-1.67,36,0
4948,64,Hombre,7.1,104,36.6,42,0,0,-0.083,39,103,-1.5,36,0
4949,65,Mujer,7.3,135,37.4,50,1,0,-0.424,33,141,-2.63,36,0
4950,62,Mujer,6.7,116,58.9,45,0,0,-0.051,43,121,0.74,36,0
4951,67,Mujer,7.6,135,40.8,156,0,0,0.021,159,129,-2.89,36,0
4952,56,Mujer,7.7,137,65.3,32,0,1,-0.091,29,116,-0.86,36,0
4953,69,Hombre,7.8,140,47.2,290,0,1,-0.321,210,139,-0.03,36,0
4954,56,Mujer,7.9,116,51.1,100,1,1,0.019,102,113,-0.16,36,0
4955,65,Hombre,8,138,42.1,30,0,0,-0.274,23,138,-2.14,36,0
4956,65,Hombre,10.2,132,45.6,25,1,0,1.031,70,135,-5.39,36,0
4957,55,Hombre,10,151,59.6,98,0,1,-0.5,59,144,-2.49,36,0
4958,63,Hombre,8.4,128,38.3,170,1,1,-1.033,60,114,-0.92,36,0
4959,63,Hombre,10.5,132,22.3,2133,0,0,0.916,5329,137,-6.64,15.33,1
4960,76,Hombre,9.1,141,33.6,70,0,0,0.499,115,137,-4.06,36,0
4961,77,Mujer,5.8,124,33.6,71,0,0,-0.184,59,126,-0.58,36,0
4962,69,Hombre,8.6,127,37.1,1989,1,1,-1.12,649,130,-4.32,36,0
4963,63,Mujer,7.7,147,40.4,76,0,0,0.279,100,135,-3.74,14.98,1
4964,63,Mujer,8.6,107,57.6,139,0,0,0.078,150,103,-1.88,36,0
4965,80,Mujer,7.4,123,47.6,106,1,0,0.416,161,147,-4.79,36,0
4966,63,Mujer,5.9,133,48.2,43,0,1,0.238,55,125,-1.09,36,0
4967,66,Hombre,6.5,131,44.3,14,0,0,0.095,15,138,-2.1,36,0
4968,77,Hombre,9.4,148,42.1,580,0,1,-1.036,206,122,-1.66,36,0
4969,65,Hombre,8.3,147,53.7,138,0,1,-0.264,106,144,-1.19,36,0
4970,62,Mujer,6.5,170,35.1,214,0,0,0.835,493,171,-6.6,36,0
4971,55,Mujer,9.2,132,49.3,48,0,0,0.083,52,131,-1.98,36,0
4972,64,Hombre,9.6,153,31,642,0,0,-0.165,544,151,-3.2,20.47,1
4973,56,Mujer,7.9,142,48.6,122,0,0,-0.002,122,141,-2,36,0
4974,65,Hombre,6.5,132,55.1,17,0,0,0.251,22,122,-0.36,36,0
4975,50,Hombre,5.5,147,34.1,19,0,0,1.086,56,159,-4.71,36,0
4976,42,Mujer,7,113,40.1,52,0,1,0.054,55,107,1.08,36,0
4977,63,Hombre,8.8,120,49.8,42,0,0,0.645,80,123,-4.46,36,0
4978,55,Mujer,7.6,139,44.8,60,0,1,-0.381,41,122,-0.87,36,0
4979,60,Mujer,6.2,147,58.7,168,0,1,-0.172,142,142,-1.82,36,0
4980,69,Mujer,9.7,165,48.2,386,1,1,0.143,445,143,-3.97,36,0
4981,46,Hombre,6.6,124,42.8,51,0,0,-0.06,48,124,-1.4,36,0
4982,63,Hombre,6.9,114,39.5,46,0,0,0.683,91,123,-4.4,36,0
4983,70,Mujer,9.5,101,29.3,755,0,0,-0.551,435,98,-3.34,36,0
4984,74,Hombre,7.3,143,44.2,126,0,1,0.184,152,137,-1.56,36,0
4985,77,Mujer,7.4,166,35.1,46,0,0,0.117,52,159,-1.25,36,0
4986,51,Mujer,7.5,139,58.9,539,0,1,-0.611,293,136,-3.59,36,0
4987,50,Mujer,8.6,123,41.7,283,0,0,-0.554,163,121,-1.21,36,0
4988,64,Mujer,8.3,119,40.7,30,0,0,0.446,47,142,-4.16,36,0
4989,56,Mujer,5.9,142,48.2,56,0,1,-1.395,14,143,1.77,36,0
4990,66,Mujer,7.7,100,47.7,35,0,0,0.225,44,98,-2.05,36,0
4991,73,Mujer,6.1,127,43.5,793,0,0,0.125,899,129,-1.92,36,0
4992,70,Hombre,6.7,169,39,169,0,0,0.317,232,175,-2.44,36,0
4993,57,Mujer,9,134,51,41,0,1,-0.46,26,130,0.5,36,0
4994,62,Mujer,7,124,39,120,0,0,-0.015,118,120,-1.73,36,0
4995,66,Mujer,9.7,133,53.4,88,0,1,0.876,211,140,-4.6,36,0
4996,66,Hombre,10.7,120,48.2,26,1,1,0.145,30,127,-1.01,36,0
4997,64,Hombre,8.1,126,46,196,0,0,-0.377,134,124,-3.11,36,0
4998,75,Mujer,8.8,115,49.9,88,0,0,-0.131,77,126,-1.2,36,0
4999,78,Mujer,6.4,148,26.4,73,0,0,0.205,90,154,-2.51,36,0
5000,71,Mujer,8.2,120,47.1,132,0,0,-0.666,68,114,0.23,36,0
