id,edad,sexo,hba1c,pas,tfg_basal,uacr_basal,ecv,isglt2,delta_lnuacr,uacr_6m,pas_6m,pendiente_tfg,tiempo_meses,evento,fragilidad,inflamacion,raas,m0,m1,y00,y11,y10,y01,y1_m0,y0_m0,t00,t11,t10,t01,ev00,ev11,ev10,ev01
1,65,Hombre,9.2,147,46,392,1,1,0.253,505,142,-5.21,36,0,-0.04,-0.08,-1.33,0.603,0.253,-6.34,-5.21,-5.74,-5.81,-4.83,-5.43,24.935,43.762,33.659,32.42,1,0,1,1
2,67,Mujer,8.2,122,61.2,59,1,0,0.721,121,120,-4.61,36,0,0.16,0.83,-1.1,0.721,0.371,-4.61,-3.49,-4.01,-4.09,-2.93,-3.53,1416.301,2485.686,1911.807,1841.441,0,0,0,0
3,38,Mujer,10.5,124,47.9,46,0,1,-0.578,26,126,1,36,0,-0.72,-1.19,0.77,-0.228,-0.578,-0.13,1,0.47,0.4,0.13,-0.47,3086.935,5417.74,4166.926,4013.56,0,0,0,0
4,83,Mujer,5.5,128,45,64,0,0,-0.202,52,129,-3.69,36,0,-0.08,0.94,-0.33,-0.202,-0.552,-3.69,-2.57,-3.09,-3.17,-3.39,-3.99,320.684,562.818,432.878,416.946,0,0,0,0
5,86,Hombre,9.1,161,42.7,532,1,0,1.111,1615,167,-6.71,35.39,1,1.06,0.06,-0.47,1.111,0.761,-6.71,-5.58,-6.11,-6.18,-4.44,-5.04,35.391,62.113,47.773,46.014,1,0,0,0
6,64,Mujer,7.9,139,52,53,0,0,-0.239,42,138,0.59,36,0,-0.55,-0.57,0.18,-0.239,-0.589,0.59,1.72,1.19,1.12,0.83,0.23,705.185,1237.638,951.9,916.865,0,0,0,0
7,55,Hombre,7,135,42,54,0,1,-1.043,19,120,1.82,36,0,0.76,-1.51,0.71,-0.693,-1.043,0.69,1.82,1.29,1.22,0.25,-0.35,52.721,92.529,71.167,68.547,0,0,0,0
8,47,Hombre,9.4,153,35.8,287,1,1,-1.219,85,137,0.02,36,0,-0.96,-1.65,0.95,-0.869,-1.219,-1.11,0.02,-0.51,-0.58,-1.81,-2.41,644.547,1131.216,870.048,838.025,0,0,0,0
9,66,Hombre,9.1,117,44.6,178,0,0,0.043,186,110,-1.11,36,0,0.12,-0.32,0.61,0.043,-0.307,-1.11,0.01,-0.51,-0.59,-0.45,-1.05,244.264,428.697,329.722,317.587,0,0,0,0
10,63,Mujer,6.3,159,45.6,339,0,1,-0.562,193,146,-1.54,36,0,2.01,0.61,-0.26,-0.212,-0.562,-2.67,-1.54,-2.07,-2.14,-2.39,-2.99,1268.792,2226.799,1712.69,1649.653,0,0,0,0
11,48,Hombre,6.2,133,55.3,615,1,1,-1.207,184,128,0.15,36,0,-0.5,-1.68,0.76,-0.857,-1.207,-0.98,0.15,-0.38,-0.45,-1.66,-2.26,2042.249,3584.258,2756.747,2655.284,0,0,0,0
12,76,Hombre,6.4,150,22.3,83,1,1,-0.151,71,155,-3.19,36,0,0.22,0.21,0.2,0.199,-0.151,-4.32,-3.19,-3.72,-3.79,-3.42,-4.02,176.584,309.915,238.364,229.59,0,0,0,0
13,50,Mujer,8.4,142,56.5,47,0,0,1.004,128,124,-4.6,36,0,-0.38,2.22,0.88,1.004,0.654,-4.6,-3.48,-4,-4.08,-2.49,-3.09,1323.822,2323.379,1786.972,1721.202,0,0,0,0
14,52,Hombre,7.7,123,49,70,0,1,0.567,123,120,-2.72,36,0,-1.07,-0.02,-1.47,0.917,0.567,-3.85,-2.72,-3.25,-3.32,-1.87,-2.47,58.802,103.202,79.375,76.454,0,0,0,0
15,56,Hombre,8.1,139,41,38,1,0,0.676,75,139,-3.35,36,0,-0.35,0.89,-1.18,0.676,0.326,-3.35,-2.22,-2.75,-2.82,-1.73,-2.33,181.57,318.665,245.094,236.073,0,0,0,0
16,62,Mujer,7.9,124,47.9,429,0,1,-1.084,145,120,-0.05,36,0,0.71,1.1,1.34,-0.734,-1.084,-1.17,-0.05,-0.57,-0.65,-1.67,-2.27,1654.041,2902.932,2232.721,2150.545,0,0,0,0
17,62,Mujer,9.3,143,53.6,124,0,0,0.069,133,154,-3.81,36,0,1.08,0.68,0.03,0.069,-0.281,-3.81,-2.68,-3.21,-3.28,-3.11,-3.71,123.28,216.363,166.411,160.286,0,0,0,0
18,52,Hombre,8.4,129,49.8,18,0,0,0.826,41,129,-3.47,36,0,-1.26,1.43,0.64,0.826,0.476,-3.47,-2.34,-2.87,-2.94,-1.63,-2.23,223.587,392.408,301.811,290.703,0,0,0,0
19,51,Hombre,6.6,152,49.3,4423,1,1,-0.303,3266,146,-0.59,36,0,0.62,-0.32,0.98,0.047,-0.303,-1.72,-0.59,-1.12,-1.19,-1.05,-1.65,89.627,157.3,120.983,116.53,0,0,0,0
20,77,Mujer,7.2,163,42,442,1,0,-0.54,258,161,-2.72,36,0,0.39,-2.02,-1.67,-0.54,-0.89,-2.72,-1.59,-2.12,-2.19,-2.93,-3.53,2893.926,5078.998,3906.391,3762.614,0,0,0,0
21,68,Hombre,5.5,140,61,84,0,1,0.093,92,126,0.29,36,0,-0.15,-0.57,-0.96,0.443,0.093,-0.84,0.29,-0.24,-0.31,0.43,-0.17,2621.813,4601.426,3539.078,3408.82,0,0,0,0
22,58,Hombre,5.5,142,53.7,49,0,0,0.538,84,146,-2.09,36,0,-1.55,0.05,-0.22,0.538,0.188,-2.09,-0.97,-1.49,-1.57,-0.69,-1.29,1103.938,1937.471,1490.16,1435.314,0,0,0,0
23,78,Hombre,8.4,113,33.1,57,1,0,-0.321,41,133,-2.37,36,0,-1,0.57,-1.44,-0.321,-0.671,-2.37,-1.25,-1.77,-1.85,-2.25,-2.85,80.931,142.039,109.246,105.225,0,0,0,0
24,62,Hombre,6.9,143,32.1,155,0,1,0.556,270,145,-2.08,36,0,2.4,1.08,0.36,0.906,0.556,-3.21,-2.08,-2.61,-2.68,-1.25,-1.85,107.789,189.176,145.5,140.145,0,0,0,0
25,73,Mujer,9.3,141,49,209,0,1,-0.281,158,129,-2.49,36,0,1.22,-1.35,0.38,0.069,-0.281,-3.62,-2.49,-3.02,-3.09,-2.91,-3.51,721.119,1265.604,973.409,937.583,0,0,0,0
26,71,Hombre,6.9,140,53.4,80,0,1,-0.888,33,140,-2.12,36,0,0.74,0.61,-0.24,-0.538,-0.888,-3.24,-2.12,-2.64,-2.72,-3.45,-4.05,3034.2,5325.187,4095.742,3944.996,0,0,0,0
27,65,Mujer,7.1,132,42.5,525,0,0,-0.384,358,132,-3.85,36,0,-0.19,0.3,-0.07,-0.384,-0.734,-3.85,-2.73,-3.25,-3.33,-3.83,-4.43,479.995,842.417,647.925,624.078,0,0,0,0
28,64,Mujer,7.4,157,43.9,27,0,0,-0.341,19,151,0.51,36,0,0.52,-0.66,0.18,-0.341,-0.691,0.51,1.63,1.11,1.03,0.6,-0,1030.941,1809.357,1391.624,1340.405,0,0,0,0
29,66,Mujer,7.2,143,42.3,69,0,0,0.136,79,149,-3.09,36,0,-0.59,0.33,0.47,0.136,-0.214,-3.09,-1.96,-2.49,-2.56,-2.29,-2.89,84.23,147.828,113.698,109.514,0,0,0,0
30,49,Hombre,5.8,137,52.3,69,0,0,0.47,110,138,-1.41,36,0,-1.18,0.88,1.13,0.47,0.12,-1.41,-0.29,-0.81,-0.89,-0.11,-0.71,1827.958,3208.166,2467.485,2376.668,0,0,0,0
31,67,Hombre,7.8,131,39.1,362,0,0,0.376,527,130,-4.16,36,0,-0.16,0.65,-0.26,0.376,0.026,-4.16,-3.04,-3.56,-3.64,-3,-3.6,371.995,652.871,502.14,483.659,0,0,0,0
32,68,Hombre,5.5,126,34.2,16,1,0,0.356,23,121,-2.64,36,0,2.4,-0.07,2.19,0.356,0.006,-2.64,-1.51,-2.04,-2.11,-1.5,-2.1,79.31,139.193,107.057,103.116,0,0,0,0
33,51,Hombre,7.9,103,30.3,267,0,0,0.663,518,94,-3.41,25.79,1,-1.87,0.07,-2.59,0.663,0.313,-3.41,-2.29,-2.81,-2.89,-1.82,-2.42,25.786,45.256,34.808,33.526,1,0,1,1
34,72,Hombre,6.4,155,25.2,69,0,0,0.428,106,159,-4.08,36,0,-2.36,-0.56,0.76,0.428,0.078,-4.08,-2.96,-3.48,-3.56,-2.84,-3.44,236.194,414.533,318.829,307.094,0,0,0,0
35,52,Hombre,7.8,150,62.3,34,0,1,0.448,53,152,-2.68,0.71,1,-1.58,-0.18,1.32,0.798,0.448,-3.81,-2.68,-3.21,-3.28,-2.01,-2.61,0.407,0.715,0.55,0.529,1,1,1,1
36,67,Hombre,8.6,125,66.3,133,0,1,-0.119,118,113,-1.44,36,0,-1.01,-0.36,0.98,0.231,-0.119,-2.57,-1.44,-1.97,-2.04,-1.62,-2.22,661.967,1161.788,893.562,860.674,0,0,0,0
37,86,Mujer,8.1,133,49.3,104,0,0,0.069,111,131,-3.48,36,0,0.65,0.76,-1.52,0.069,-0.281,-3.48,-2.36,-2.88,-2.96,-2.78,-3.38,187.459,329.002,253.044,243.73,0,0,0,0
38,55,Mujer,7.9,114,41.5,46,0,0,0.694,92,129,-2.4,36,0,0.11,0.76,-1.17,0.694,0.344,-2.4,-1.28,-1.8,-1.88,-0.76,-1.36,203.227,356.675,274.328,264.231,0,0,0,0
39,77,Mujer,8,123,33.8,157,0,0,0.421,239,118,-4.03,36,0,0.62,0.99,-0.28,0.421,0.071,-4.03,-2.9,-3.43,-3.5,-2.8,-3.4,311.705,547.06,420.758,405.272,0,0,0,0
40,58,Hombre,7.9,138,32.5,63,0,0,-0.279,48,153,-2.71,36,0,0.64,0.83,0.22,-0.279,-0.629,-2.71,-1.59,-2.11,-2.19,-2.53,-3.13,424.706,745.382,573.293,552.193,0,0,0,0
41,58,Hombre,5.8,136,51.1,61,0,0,1.22,207,133,-3,13.73,1,-0.23,0.07,0.53,1.22,0.87,-3,-1.87,-2.4,-2.47,-0.57,-1.17,13.727,24.091,18.529,17.847,1,1,1,1
42,60,Hombre,9.3,141,37,263,0,1,-0.871,110,136,-2.38,21.69,1,-1.62,0.34,-2.85,-0.521,-0.871,-3.5,-2.38,-2.9,-2.98,-3.69,-4.29,12.357,21.688,16.681,16.067,1,1,1,1
43,90,Mujer,10.2,144,37,724,0,0,0.382,1061,132,-6.88,36,0,0.33,0.77,1.68,0.382,0.032,-6.88,-5.76,-6.28,-6.36,-5.71,-6.31,84.091,147.584,113.511,109.333,0,0,0,0
44,70,Hombre,7.8,150,49.5,128,0,0,0.575,227,152,-3.3,36,0,-1.12,0.64,0.59,0.575,0.225,-3.3,-2.17,-2.7,-2.77,-1.83,-2.43,356.725,626.071,481.528,463.805,0,0,0,0
45,66,Mujer,8.8,149,26.9,1332,0,1,-0.18,1112,144,-6.34,12.4,1,1.74,1.97,-1.57,0.17,-0.18,-7.47,-6.34,-6.87,-6.94,-6.61,-7.21,7.063,12.396,9.534,9.183,1,1,1,1
46,68,Hombre,5.9,130,46.1,75,0,0,-0.101,68,135,-1.73,36,0,-1.35,-0.25,0.08,-0.101,-0.451,-1.73,-0.6,-1.13,-1.2,-1.28,-1.88,602.023,1056.583,812.646,782.736,0,0,0,0
47,62,Hombre,10,114,46.7,117,0,1,0.706,237,107,-2.41,36,0,0.13,0.42,0.26,1.056,0.706,-3.54,-2.41,-2.94,-3.01,-1.35,-1.95,226.768,397.991,306.105,294.839,0,0,0,0
48,88,Mujer,7.8,129,36,211,1,0,0.124,239,135,-3.27,36,0,2.42,0.09,2.63,0.124,-0.226,-3.27,-2.15,-2.67,-2.75,-2.49,-3.09,87.706,153.929,118.391,114.034,0,0,0,0
49,51,Hombre,8.1,132,56.3,284,0,0,0.085,309,134,-1.4,36,0,0.45,-0.03,-0.21,0.085,-0.265,-1.4,-0.28,-0.8,-0.88,-0.68,-1.28,601.091,1054.948,811.388,781.525,0,0,0,0
50,61,Mujer,8.2,157,34.3,405,0,1,-0.277,307,167,-2.73,36,0,-0.58,1.08,-0.4,0.073,-0.277,-3.85,-2.73,-3.25,-3.33,-3.14,-3.74,91.966,161.405,124.141,119.572,0,0,0,0
51,57,Hombre,6.7,141,59.5,34,0,0,0.59,61,142,-1.19,36,0,-0.63,-0.4,0.61,0.59,0.24,-1.19,-0.07,-0.59,-0.67,0.29,-0.31,1966.55,3451.402,2654.564,2556.861,0,0,0,0
52,55,Mujer,6.7,121,56.6,77,0,1,-0.284,58,116,-0.41,36,0,0.46,-0.54,1.2,0.066,-0.284,-1.54,-0.41,-0.94,-1.01,-0.84,-1.44,311.279,546.311,420.182,404.717,0,0,0,0
53,64,Hombre,8,111,61.3,61,0,0,0.059,65,104,-1.75,36,0,0.38,-1.02,0.12,0.059,-0.291,-1.75,-0.63,-1.15,-1.23,-1.06,-1.66,2473.437,4341.018,3338.791,3215.905,0,0,0,0
54,64,Mujer,9.2,152,50.2,998,0,1,-0.874,416,148,-2.69,36,0,-2.18,-0.92,-0.42,-0.524,-0.874,-3.81,-2.69,-3.21,-3.29,-4,-4.6,203.081,356.418,274.13,264.041,0,0,0,0
55,58,Mujer,7.7,109,38.7,29,0,0,0.51,48,121,-1.35,36,0,-1.67,-0.98,0.79,0.51,0.16,-1.35,-0.22,-0.75,-0.82,0.02,-0.58,620.216,1088.513,837.204,806.391,0,0,0,0
56,69,Hombre,6.9,176,63.1,301,1,1,-0.273,229,163,-2.88,36,0,1.08,-0.19,0.31,0.077,-0.273,-4,-2.88,-3.4,-3.48,-3.29,-3.89,44.182,77.542,59.639,57.444,0,0,0,0
57,68,Hombre,8.2,142,61.4,877,0,1,-0.738,419,138,-3.21,36,0,1.41,0.17,-0.24,-0.388,-0.738,-4.34,-3.21,-3.74,-3.81,-4.32,-4.92,459.716,806.827,620.552,597.712,0,0,0,0
58,60,Mujer,8.6,115,50.1,951,0,1,-1.622,188,93,0.34,36,0,-2.08,0.23,-0.83,-1.272,-1.622,-0.78,0.34,-0.18,-0.26,-2.09,-2.69,2891.468,5074.685,3903.074,3759.419,0,0,0,0
59,69,Hombre,8.6,133,47.6,124,0,0,0.227,156,136,-5.6,36,0,-0.37,-0.31,-0.27,0.227,-0.123,-5.6,-4.47,-5,-5.07,-4.66,-5.26,1653.182,2901.425,2231.562,2149.428,0,0,0,0
60,56,Hombre,8.8,99,49.2,15,0,0,-0.305,11,103,-0.5,36,0,0.93,1.23,-0.07,-0.305,-0.655,-0.5,0.62,0.1,0.02,-0.36,-0.96,53.566,94.012,72.307,69.646,0,0,0,0
61,53,Mujer,7.8,144,53.2,117,0,1,0.396,174,134,-1.87,36,0,0.65,0.83,1.17,0.746,0.396,-3,-1.87,-2.4,-2.47,-1.28,-1.88,929.269,1630.919,1254.383,1208.214,0,0,0,0
62,83,Hombre,8.6,142,48.3,154,0,1,-0.683,78,130,-1.04,36,0,-0.24,0.32,-0.54,-0.333,-0.683,-2.17,-1.04,-1.57,-1.64,-2.07,-2.67,520.596,913.674,702.731,676.866,0,0,0,0
63,84,Hombre,8.2,163,28.3,70,0,1,-0.16,60,166,-2.74,36,0,2.98,-0.22,0.64,0.19,-0.16,-3.87,-2.74,-3.27,-3.34,-2.98,-3.58,381.715,669.93,515.261,496.296,0,0,0,0
64,62,Hombre,8.6,154,41.6,274,0,1,0.01,277,143,-6.23,36,0,0.66,2.03,-0.22,0.36,0.01,-7.36,-6.23,-6.76,-6.83,-6.22,-6.82,122.833,215.579,165.808,159.705,0,0,0,0
65,53,Hombre,7.5,117,57.2,45,0,0,0.208,55,124,-1.91,36,0,-0.35,-0.01,0.71,0.208,-0.142,-1.91,-0.78,-1.31,-1.38,-0.99,-1.59,548.921,963.386,740.966,713.694,0,0,0,0
66,71,Mujer,7.6,156,60.9,53,0,1,0.203,65,138,-4.55,36,0,-0.24,1.67,-0.57,0.553,0.203,-5.68,-4.55,-5.08,-5.15,-4.25,-4.85,376.668,661.073,508.449,489.735,0,0,0,0
67,63,Mujer,7.2,122,47.8,106,0,0,-0.409,70,127,-0.1,36,0,-0.02,-0.53,0.66,-0.409,-0.759,-0.1,1.03,0.5,0.43,-0.11,-0.71,169.83,298.061,229.247,220.809,0,0,0,0
68,64,Hombre,5.5,161,43.8,86,1,0,0.08,93,165,-3.82,36,0,-1.65,0.34,-0.66,0.08,-0.27,-3.82,-2.69,-3.22,-3.29,-3.1,-3.7,116.439,204.356,157.176,151.391,0,0,0,0
69,85,Hombre,9.7,143,57.9,252,0,1,-0.647,132,151,-0,36,0,0.61,0.16,0.84,-0.297,-0.647,-1.13,-0,-0.53,-0.6,-0.97,-1.57,1534.573,2693.26,2071.457,1995.216,0,0,0,0
70,65,Mujer,6.9,135,58.2,254,0,0,-0.577,143,131,-1.83,14.52,1,0.48,-0.07,0.04,-0.577,-0.927,-1.83,-0.7,-1.23,-1.3,-2.09,-2.69,14.523,25.489,19.604,18.883,1,1,1,1
71,75,Hombre,8.5,141,40,134,0,0,0.799,298,133,-7.21,26.84,1,0.6,0.76,0.2,0.799,0.449,-7.21,-6.09,-6.61,-6.69,-5.42,-6.02,26.836,47.098,36.224,34.891,1,0,0,1
72,53,Mujer,6.7,134,48.9,63,0,0,0.05,66,126,0.03,36,0,-1.44,-0.84,-0.97,0.05,-0.3,0.03,1.15,0.63,0.55,0.7,0.1,430.419,755.408,581.004,559.62,0,0,0,0
73,53,Hombre,9.3,141,36,57,0,0,-0.567,32,132,0.12,36,0,-0.58,-0.6,1.17,-0.567,-0.917,0.12,1.25,0.72,0.65,-0.13,-0.73,457.404,802.769,617.431,594.706,0,0,0,0
74,63,Mujer,8.8,164,54.6,33,1,1,-0.686,17,156,0.72,36,0,0.6,-0.76,-1.47,-0.336,-0.686,-0.4,0.72,0.2,0.12,-0.31,-0.91,149,261.503,201.129,193.726,0,0,0,0
75,62,Hombre,5.8,138,52.7,172,1,1,-0.547,99,134,0.56,36,0,1.42,-2.2,0.24,-0.197,-0.547,-0.57,0.56,0.03,-0.04,-0.26,-0.86,6690.176,11741.625,9030.794,8698.41,0,0,0,0
76,66,Hombre,8.6,124,44.6,157,0,0,-1.009,57,128,-1.71,36,0,-0.69,-0.41,-1.18,-1.009,-1.359,-1.71,-0.59,-1.11,-1.19,-2.63,-3.23,607.509,1066.211,820.051,789.869,0,0,0,0
77,82,Hombre,8.2,139,40.6,152,1,1,-0.342,108,121,-4.02,36,0,0.29,0.19,-0.59,0.008,-0.342,-5.14,-4.02,-4.54,-4.62,-4.53,-5.13,977.037,1714.754,1318.862,1270.321,0,0,0,0
78,58,Mujer,6.7,142,44.7,175,0,0,-0.329,126,149,0.52,36,0,-1.26,-0.2,-0.89,-0.329,-0.679,0.52,1.65,1.12,1.05,0.63,0.03,2376.627,4171.111,3208.111,3090.035,0,0,0,0
79,52,Hombre,9.2,130,38.5,197,1,0,1.036,555,138,-8.99,36,0,-0.97,1.9,-2.04,1.036,0.686,-8.99,-7.86,-8.39,-8.46,-6.83,-7.43,62.898,110.39,84.903,81.779,0,0,0,0
80,84,Hombre,6.6,140,33.2,259,1,0,-0.339,184,145,-1.88,36,0,0.9,-0.44,0.31,-0.339,-0.689,-1.88,-0.76,-1.28,-1.36,-1.79,-2.39,546.374,958.917,737.528,710.383,0,0,0,0
81,66,Hombre,6.7,128,49.6,16,0,0,0.23,20,141,-2.02,36,0,0.36,0.51,-0.58,0.23,-0.12,-2.02,-0.9,-1.42,-1.5,-1.08,-1.68,647.991,1137.259,874.696,842.502,0,0,0,0
82,71,Mujer,8.2,142,37.9,131,1,0,-0.865,55,140,-2.72,36,0,2.32,-0.98,-1.03,-0.865,-1.215,-2.72,-1.6,-2.12,-2.2,-3.42,-4.02,1060.221,1860.746,1431.149,1378.474,0,0,0,0
83,50,Hombre,7.5,124,52.2,31,0,1,-0.109,28,110,0.45,36,0,1.43,-0.2,-1.06,0.241,-0.109,-0.68,0.45,-0.08,-0.15,0.28,-0.32,1371.392,2406.867,1851.185,1783.051,0,0,0,0
84,82,Mujer,9.2,144,28.9,86,0,1,0.017,87,138,-4.31,36,0,2.17,0.7,-0.56,0.367,0.017,-5.43,-4.31,-4.83,-4.91,-4.28,-4.88,392.885,689.535,530.34,510.82,0,0,0,0
85,65,Mujer,6.3,139,46.1,392,0,1,0.745,826,134,-4.45,34.59,1,0.2,1.51,-0.53,1.095,0.745,-5.57,-4.45,-4.97,-5.05,-3.33,-3.93,19.708,34.589,26.604,25.624,1,1,1,1
86,50,Hombre,8.9,130,34.9,184,0,1,-0.521,109,118,-1.17,36,0,1.21,-1.14,0.66,-0.171,-0.521,-2.3,-1.17,-1.7,-1.77,-1.95,-2.55,547.198,960.363,738.64,711.454,0,0,0,0
87,64,Mujer,7.4,150,52.9,73,1,0,-0.124,64,149,-1.51,36,0,1.08,-0.04,-0.05,-0.124,-0.474,-1.51,-0.38,-0.91,-0.98,-1.09,-1.69,64.292,112.836,86.785,83.591,0,0,0,0
88,72,Hombre,8.3,123,45.7,88,0,0,-0.644,46,119,-0.09,36,0,0.16,-2.31,0.31,-0.644,-0.994,-0.09,1.03,0.51,0.43,-0.46,-1.06,3564.462,6255.825,4811.52,4634.429,0,0,0,0
89,75,Mujer,7.4,109,33.4,106,0,0,0.677,209,109,-5.13,36,0,0.47,1.32,-0.35,0.677,0.327,-5.13,-4,-4.53,-4.6,-3.51,-4.11,101.846,178.745,137.478,132.418,0,0,0,0
90,77,Hombre,6.4,144,34.1,173,0,0,0.499,285,152,-3.41,36,0,-0.67,-1.01,-0.35,0.499,0.149,-3.41,-2.29,-2.81,-2.89,-2.06,-2.66,604.562,1061.039,816.073,786.037,0,0,0,0
91,57,Mujer,6.3,115,38.5,57,1,0,0.386,84,133,-2.9,36,0,-1.35,-0.51,0.55,0.386,0.036,-2.9,-1.77,-2.3,-2.37,-1.72,-2.32,197.015,345.772,265.942,256.154,0,0,0,0
92,67,Mujer,7.3,160,38,408,0,0,0.365,588,160,-5.3,36,0,0.5,1.74,0.02,0.365,0.015,-5.3,-4.18,-4.7,-4.78,-4.15,-4.75,397.893,698.324,537.1,517.331,0,0,0,0
93,84,Mujer,7,143,29.6,126,0,0,0.049,132,144,-3.06,36,0,1.7,-0.9,0.14,0.049,-0.301,-3.06,-1.93,-2.46,-2.53,-2.38,-2.98,227.631,399.505,307.27,295.96,0,0,0,0
94,59,Mujer,11.9,114,33,196,0,1,0.446,306,102,-5.16,36,0,-0.45,0.41,-0.18,0.796,0.446,-6.29,-5.16,-5.69,-5.76,-4.5,-5.1,180.259,316.365,243.324,234.369,0,0,0,0
95,75,Mujer,7.6,134,49.7,36,0,0,-0.08,33,132,-1.26,36,0,-0.17,-1.45,1.18,-0.08,-0.43,-1.26,-0.13,-0.66,-0.73,-0.78,-1.38,114.056,200.174,153.959,148.293,0,0,0,0
96,66,Hombre,7.4,140,53.5,78,0,1,0.096,86,132,-0.67,36,0,-1.08,0.67,0.98,0.446,0.096,-1.8,-0.67,-1.2,-1.27,-0.53,-1.13,91.595,160.754,123.64,119.089,0,0,0,0
97,73,Mujer,6.9,162,42,1728,0,1,-0.82,761,165,-3.93,36,0,0.77,-0.39,-1.37,-0.47,-0.82,-5.05,-3.93,-4.45,-4.53,-5.16,-5.76,526.992,924.899,711.364,685.182,0,0,0,0
98,52,Hombre,7.8,117,35.2,85,0,1,-0.134,74,110,-2.82,36,0,1.81,0.65,-0.22,0.216,-0.134,-3.94,-2.82,-3.34,-3.42,-3.02,-3.62,2574.039,4517.579,3474.589,3346.705,0,0,0,0
99,63,Mujer,9,115,41.6,61,1,0,0.194,74,111,-2.97,36,0,-1.1,0.77,-0.78,0.194,-0.156,-2.97,-1.84,-2.37,-2.44,-2.08,-2.68,489.031,858.276,660.123,635.827,0,0,0,0
100,78,Hombre,7.3,97,71.7,36,1,1,0.042,38,94,-1.48,36,0,0.13,-0.13,-0.25,0.392,0.042,-2.6,-1.48,-2,-2.08,-1.42,-2.02,117.714,206.595,158.898,153.05,0,0,0,0
101,63,Hombre,7.7,104,31.4,837,0,0,-0.374,576,110,-3.97,36,0,-2.14,-0.28,0.92,-0.374,-0.724,-3.97,-2.84,-3.37,-3.44,-3.93,-4.53,784.268,1376.434,1058.652,1019.687,0,0,0,0
102,81,Hombre,10,138,45.6,764,1,0,-0.247,597,130,-4.02,36,0,2.29,-0.49,1.18,-0.247,-0.597,-4.02,-2.9,-3.42,-3.5,-3.8,-4.4,122.878,215.658,165.868,159.763,0,0,0,0
103,69,Hombre,8.9,143,46.4,163,0,1,-0.007,162,146,-3.62,36,0,-0.06,-1.15,-0.09,0.343,-0.007,-4.74,-3.62,-4.14,-4.22,-3.63,-4.23,656.185,1151.641,885.757,853.156,0,0,0,0
104,75,Mujer,8.5,95,40,66,1,0,-0.017,65,70,-4.58,16.96,1,-0.21,-0.58,-1.03,-0.017,-0.367,-4.58,-3.45,-3.98,-4.05,-4,-4.6,16.963,29.77,22.897,22.054,1,1,1,1
105,77,Mujer,7.6,163,42.9,175,0,0,0.807,392,154,-5.97,36,0,-0.66,-0.11,0.88,0.807,0.457,-5.97,-4.85,-5.37,-5.45,-4.16,-4.76,105.589,185.314,142.53,137.284,0,0,0,0
106,48,Mujer,8.7,130,42.3,88,0,1,-0.1,80,131,0.89,36,0,2.7,-1.1,-0.02,0.25,-0.1,-0.24,0.89,0.36,0.29,0.74,0.14,100.232,175.913,135.299,130.32,0,0,0,0
107,60,Mujer,8,123,32.4,127,0,0,0.191,154,110,-2.04,36,0,-0.25,0.34,0.99,0.191,-0.159,-2.04,-0.92,-1.44,-1.52,-1.16,-1.76,63.042,110.642,85.098,81.966,0,0,0,0
108,62,Mujer,8.2,153,50.4,17,1,1,0.313,23,159,-2.52,36,0,-0.99,-0.65,-1.55,0.663,0.313,-3.64,-2.52,-3.04,-3.12,-2.05,-2.65,665.82,1168.551,898.763,865.684,0,0,0,0
109,77,Mujer,7.5,143,41.2,60,0,0,0.217,75,147,-4.19,3.81,1,-1.03,0.7,1.24,0.217,-0.133,-4.19,-3.07,-3.59,-3.67,-3.27,-3.87,3.808,6.683,5.14,4.951,1,1,1,1
110,79,Mujer,6.9,140,48.3,64,0,0,0.253,82,133,-3.46,36,0,-1.85,0.25,-0.13,0.253,-0.097,-3.46,-2.34,-2.86,-2.94,-2.48,-3.08,738.786,1296.61,997.257,960.552,0,0,0,0
111,71,Hombre,6,120,41.3,13,1,0,0.621,24,125,0.83,36,0,1.38,-0.93,0.38,0.621,0.271,0.83,1.96,1.43,1.36,2.36,1.76,1642.537,2882.742,2217.193,2135.588,0,0,0,0
112,53,Mujer,9.3,128,54.9,484,1,1,-0.778,222,130,-0.11,36,0,-0.35,-1.46,-0.04,-0.428,-0.778,-1.24,-0.11,-0.64,-0.71,-1.28,-1.88,4351.148,7636.502,5873.435,5657.26,0,0,0,0
113,44,Hombre,9.4,134,64.9,257,0,1,0.047,269,126,-0.9,36,0,-1.81,-0.71,0.61,0.397,0.047,-2.02,-0.9,-1.42,-1.5,-0.82,-1.42,235.473,413.268,317.855,306.156,0,0,0,0
114,69,Mujer,5.8,108,44.8,85,0,0,-0.963,32,105,2.01,36,0,-1.45,-0.78,0.91,-0.963,-1.313,2.01,3.13,2.61,2.53,1.16,0.56,4178.812,7334.044,5640.807,5433.194,0,0,0,0
115,81,Hombre,7,144,41.8,571,0,0,-0.659,296,144,-0.91,36,0,0.84,-1.87,-1.02,-0.659,-1.009,-0.91,0.21,-0.31,-0.39,-1.3,-1.9,438.588,769.745,592.031,570.241,0,0,0,0
116,69,Mujer,6.1,114,38.8,1365,0,0,-0.366,947,122,-0.58,36,0,-0.94,0.36,0.8,-0.366,-0.716,-0.58,0.54,0.02,-0.06,-0.53,-1.13,2323.834,4078.455,3136.847,3021.394,0,0,0,0
117,60,Mujer,8,132,35,38,0,0,0.839,88,125,-1.82,36,0,-0.25,-0.38,0.52,0.839,0.489,-1.82,-0.7,-1.22,-1.3,0.03,-0.57,143.062,251.081,193.113,186.005,0,0,0,0
118,48,Mujer,8.7,130,71.2,40,0,1,0.165,47,127,0.73,36,0,-1.59,-0.25,-0.12,0.515,0.165,-0.39,0.73,0.21,0.13,0.98,0.38,768.832,1349.341,1037.814,999.617,0,0,0,0
119,60,Hombre,8.3,145,53.4,1187,0,1,-0.63,632,149,-3.05,36,0,-0.49,-0.14,-0.02,-0.28,-0.63,-4.18,-3.05,-3.58,-3.65,-4,-4.6,663.168,1163.897,895.184,862.236,0,0,0,0
120,64,Hombre,7,144,54.3,395,0,0,0.229,497,148,-4.17,36,0,-0.44,1.26,0.07,0.229,-0.121,-4.17,-3.05,-3.57,-3.65,-3.23,-3.83,223.758,392.707,302.041,290.925,0,0,0,0
121,56,Mujer,8,132,54.4,170,0,1,-0.214,137,117,-2.64,36,0,-1.17,1.14,-0.58,0.136,-0.214,-3.77,-2.64,-3.17,-3.24,-2.96,-3.56,601.48,1055.63,811.913,782.03,0,0,0,0
122,70,Mujer,8.8,136,42.3,80,0,1,0.79,176,138,-4.97,36,0,0.88,1.95,-1.13,1.14,0.79,-6.1,-4.97,-5.5,-5.57,-3.78,-4.38,123.753,217.193,167.049,160.9,0,0,0,0
123,78,Mujer,6.5,133,25.8,160,0,0,-0.492,98,124,-3.08,36,0,-0.6,-0.67,-1.54,-0.492,-0.842,-3.08,-1.96,-2.48,-2.56,-3.22,-3.82,559.447,981.86,755.174,727.38,0,0,0,0
124,71,Hombre,7.1,123,58.6,126,0,1,-1.051,44,126,-1.99,36,0,0.33,0.96,0.1,-0.701,-1.051,-3.11,-1.99,-2.51,-2.59,-3.56,-4.16,191.649,336.355,258.699,249.178,0,0,0,0
125,64,Hombre,8.2,161,35.8,817,0,0,0.141,941,139,-3.77,36,0,-2.75,-0.63,0.55,0.141,-0.209,-3.77,-2.64,-3.17,-3.24,-2.96,-3.56,388.482,681.808,524.396,505.096,0,0,0,0
126,57,Hombre,7.9,150,42.5,214,0,1,0.067,229,144,-3.96,36,0,1.35,1.87,1.38,0.417,0.067,-5.09,-3.96,-4.49,-4.56,-3.86,-4.46,147.036,258.057,198.478,191.173,0,0,0,0
127,87,Hombre,5.5,134,43.1,167,0,0,-0.298,124,130,-2.34,36,0,1.41,-0.38,0.64,-0.298,-0.648,-2.34,-1.22,-1.74,-1.82,-2.19,-2.79,787.218,1381.61,1062.633,1023.522,0,0,0,0
128,69,Hombre,9.3,124,57.3,285,0,1,-0.652,149,121,-1.77,36,0,-0.59,-0.65,-1.13,-0.302,-0.652,-2.9,-1.77,-2.3,-2.37,-2.75,-3.35,2824.227,4956.674,3812.308,3671.994,0,0,0,0
129,68,Hombre,9.1,155,43.4,108,0,1,0.338,151,144,-2.93,36,0,2.3,-0.72,1,0.688,0.338,-4.05,-2.93,-3.45,-3.53,-2.42,-3.02,537.517,943.372,725.572,698.867,0,0,0,0
130,60,Hombre,7.7,131,47.9,190,1,0,-0.329,137,127,0.7,36,0,-0.95,-1.54,0.03,-0.329,-0.679,0.7,1.82,1.3,1.22,0.81,0.21,296.674,520.68,400.469,385.729,0,0,0,0
131,84,Mujer,5.7,150,43.2,64,0,0,0.372,93,153,-4.96,10.25,1,0.43,0.95,0.26,0.372,0.022,-4.96,-3.83,-4.36,-4.43,-3.8,-4.4,10.246,17.982,13.83,13.321,1,1,1,1
132,74,Hombre,8.8,133,41.3,108,0,0,0.19,131,136,-3.96,36,0,-0.79,1.03,0.47,0.19,-0.16,-3.96,-2.84,-3.36,-3.44,-3.08,-3.68,1026.589,1801.72,1385.751,1334.747,0,0,0,0
133,66,Hombre,7.2,110,44.5,150,1,1,-0.759,70,104,-1.35,36,0,-1.82,0.36,0.04,-0.409,-0.759,-2.47,-1.35,-1.87,-1.95,-2.49,-3.09,768.534,1348.819,1037.412,999.23,0,0,0,0
134,49,Hombre,8.2,95,54.3,40,0,1,-0.867,17,86,0.33,36,0,-0.14,0.28,-0.05,-0.517,-0.867,-0.79,0.33,-0.19,-0.27,-0.97,-1.57,1749.471,3070.417,2361.539,2274.621,0,0,0,0
135,63,Hombre,8.6,132,52.1,82,0,1,-0.309,60,108,-0.71,36,0,0.01,0.33,1.33,0.041,-0.309,-1.84,-0.71,-1.24,-1.31,-1.18,-1.78,312.305,548.113,421.568,406.052,0,0,0,0
136,73,Hombre,8.9,133,40.1,158,1,1,-0.429,103,135,-4.35,27.71,1,0.42,-0.1,0.18,-0.079,-0.429,-5.48,-4.35,-4.88,-4.95,-5,-5.6,15.789,27.711,21.313,20.529,1,1,1,1
137,47,Mujer,6.1,126,64.9,10,0,0,0.784,22,134,1.76,36,0,0.02,-1.56,-1.05,0.784,0.434,1.76,2.88,2.36,2.28,3.53,2.93,892.783,1566.884,1205.132,1160.776,0,0,0,0
138,65,Mujer,8.1,148,38.4,84,1,1,-0.189,70,139,-0.65,36,0,-0.52,-0.64,-0.03,0.161,-0.189,-1.78,-0.65,-1.18,-1.25,-0.94,-1.54,353.881,621.081,477.689,460.108,0,0,0,0
139,77,Mujer,6.7,146,43.5,154,0,0,-0.354,108,144,-1.12,36,0,0.09,-0.21,-0.88,-0.354,-0.704,-1.12,0.01,-0.52,-0.59,-1.05,-1.65,428.885,752.716,578.934,557.626,0,0,0,0
140,66,Hombre,9,156,49.9,33,0,0,0.879,79,140,-6.32,36,0,0.7,0.51,-0.12,0.879,0.529,-6.32,-5.19,-5.72,-5.79,-4.4,-5,99.995,175.496,134.979,130.011,0,0,0,0
141,59,Hombre,7.5,126,45.2,73,0,0,0.529,124,129,-2.17,36,0,-0.74,-0.48,-1.13,0.529,0.179,-2.17,-1.04,-1.57,-1.64,-0.77,-1.37,928.794,1630.084,1253.74,1207.596,0,0,0,0
142,63,Hombre,7.3,132,36.3,67,1,0,-0.322,49,130,-2.14,36,0,-0.2,-1.06,-0.79,-0.322,-0.672,-2.14,-1.01,-1.54,-1.61,-2.02,-2.62,2587.639,4541.447,3492.947,3364.387,0,0,0,0
143,71,Hombre,9.2,151,28,118,0,0,0.413,178,145,-3.96,6.95,1,0.28,-0.98,0.36,0.413,0.063,-3.96,-2.84,-3.36,-3.44,-2.74,-3.34,6.947,12.193,9.378,9.033,1,1,1,1
144,70,Mujer,7.8,142,37.7,341,0,0,0.406,512,148,-6.2,36,0,-0.53,1.43,-1.85,0.406,0.056,-6.2,-5.08,-5.6,-5.68,-4.99,-5.59,67.097,117.759,90.571,87.238,0,0,0,0
145,56,Hombre,9.2,129,49.4,39,0,1,-0.241,31,121,-0.16,36,0,0.21,0.46,-0.25,0.109,-0.241,-1.28,-0.16,-0.68,-0.76,-0.52,-1.12,3383.395,5938.043,4567.106,4399.011,0,0,0,0
146,65,Mujer,7.8,144,45.4,112,0,0,0.112,125,154,-0.92,36,0,1.44,-1.45,0.84,0.112,-0.238,-0.92,0.2,-0.32,-0.4,-0.15,-0.75,302.449,530.814,408.263,393.236,0,0,0,0
147,55,Hombre,9.9,143,35.5,83,1,1,0.579,148,136,-3.69,36,0,0.2,-0.11,1.24,0.929,0.579,-4.82,-3.69,-4.22,-4.29,-2.82,-3.42,241.546,423.927,326.053,314.053,0,0,0,0
148,61,Mujer,10,137,56.5,47,0,0,0.59,85,152,-2.07,36,0,0.74,0.33,0.11,0.59,0.24,-2.07,-0.94,-1.47,-1.54,-0.58,-1.18,334.493,587.054,451.519,434.9,0,0,0,0
149,66,Mujer,7.9,133,35.9,2540,1,0,-0.677,1291,138,-6.01,36,0,0.04,0.75,1.16,-0.677,-1.027,-6.01,-4.89,-5.41,-5.49,-6.43,-7.03,125.335,219.97,169.185,162.958,0,0,0,0
150,61,Hombre,8.7,161,48.5,110,1,1,0.134,126,157,-3.17,36,0,0.61,-0.02,-0.64,0.484,0.134,-4.29,-3.17,-3.69,-3.77,-2.97,-3.57,113.6,199.374,153.343,147.7,0,0,0,0
151,71,Hombre,6.5,122,35.3,34,1,1,-0.904,14,105,-0.47,36,0,1.22,-1.07,0.93,-0.554,-0.904,-1.59,-0.47,-0.99,-1.07,-1.83,-2.43,2355.435,4133.917,3179.505,3062.481,0,0,0,0
152,58,Mujer,9.2,135,47.6,415,0,1,-0.025,405,138,-2.91,36,0,-0.3,0.78,1.06,0.325,-0.025,-4.03,-2.91,-3.43,-3.51,-2.95,-3.55,374.047,656.473,504.91,486.327,0,0,0,0
153,69,Mujer,7.7,142,51.9,128,0,0,0.81,288,134,-5.56,9.35,1,-0.91,1.73,-1.03,0.81,0.46,-5.56,-4.43,-4.96,-5.03,-3.75,-4.35,9.345,16.401,12.615,12.15,1,1,1,1
154,71,Mujer,10.5,143,51.3,445,1,1,-0.008,442,133,-2.48,36,0,1.97,-1.59,0.39,0.342,-0.008,-3.61,-2.48,-3.01,-3.08,-2.5,-3.1,182.2,319.771,245.944,236.892,0,0,0,0
155,88,Hombre,7.2,139,35.8,99,1,0,-0.61,54,145,-3.45,36,0,-0.21,1.02,-0.71,-0.61,-0.96,-3.45,-2.33,-2.85,-2.93,-3.77,-4.37,97.319,170.8,131.367,126.532,0,0,0,0
156,63,Mujer,7.2,133,56.8,303,1,1,0.319,417,124,-4.46,36,0,-0.15,1.54,1.24,0.669,0.319,-5.59,-4.46,-4.99,-5.06,-3.99,-4.59,382.831,671.889,516.768,497.748,0,0,0,0
157,54,Hombre,9.1,143,43.9,64,1,1,-0.559,37,147,-2.82,36,0,-1.75,1.26,0.4,-0.209,-0.559,-3.94,-2.82,-3.34,-3.42,-3.66,-4.26,840.677,1475.434,1134.795,1093.028,0,0,0,0
158,72,Hombre,6.5,134,45.4,140,1,1,0.646,267,124,-3.46,36,0,-0.44,0.77,1.4,0.996,0.646,-4.58,-3.46,-3.98,-4.06,-2.49,-3.09,588.338,1032.564,794.173,764.943,0,0,0,0
159,55,Mujer,5.5,114,44.1,38,0,0,0.165,45,112,-0.3,36,0,-0.52,0.05,0.21,0.165,-0.185,-0.3,0.83,0.3,0.23,0.55,-0.05,3045.689,5345.351,4111.25,3959.933,0,0,0,0
160,69,Hombre,8.6,152,49.4,697,0,0,-0.633,370,148,-1.5,36,0,-0.63,0.18,0.82,-0.633,-0.983,-1.5,-0.38,-0.9,-0.98,-1.85,-2.45,531.778,933.299,717.825,691.405,0,0,0,0
161,68,Mujer,7.4,115,49.8,220,0,1,-0.193,181,103,-0.72,36,0,1.31,0.43,0.44,0.157,-0.193,-1.85,-0.72,-1.25,-1.32,-1.01,-1.61,1615.362,2835.048,2180.51,2100.255,0,0,0,0
162,67,Mujer,7.3,139,45.9,352,0,1,-0.348,249,130,-1.97,36,0,-0.41,0.13,1.51,0.002,-0.348,-3.1,-1.97,-2.5,-2.57,-2.49,-3.09,183.316,321.73,247.451,238.343,0,0,0,0
163,59,Hombre,5.5,129,57.4,28,0,0,0.365,40,137,-1.97,36,0,0.03,-0.01,-1.59,0.365,0.015,-1.97,-0.84,-1.37,-1.44,-0.82,-1.42,1286.085,2257.149,1736.033,1672.137,0,0,0,0
164,80,Mujer,6,136,63.1,63,1,1,-0.412,42,122,-0.79,36,0,-0,-1.17,-0.1,-0.062,-0.412,-1.91,-0.79,-1.31,-1.39,-1.4,-2,53.472,93.847,72.18,69.524,0,0,0,0
165,84,Hombre,9.1,142,47.3,347,1,0,-0.103,313,136,-1.04,36,0,0.19,-1.18,-0.28,-0.103,-0.453,-1.04,0.09,-0.44,-0.51,-0.59,-1.19,337.09,591.612,455.025,438.277,0,0,0,0
166,50,Mujer,8.6,130,58.1,561,0,1,-0.495,342,126,-3.36,36,0,0.09,2.42,-2.11,-0.145,-0.495,-4.49,-3.36,-3.89,-3.96,-4.1,-4.7,1396.86,2451.565,1885.563,1816.164,0,0,0,0
167,63,Hombre,9.7,131,53.2,32,0,1,0.267,42,131,-1.9,36,0,0.83,-0.57,2.01,0.617,0.267,-3.03,-1.9,-2.43,-2.5,-1.5,-2.1,1841.937,3232.7,2486.355,2394.843,0,0,0,0
168,71,Mujer,8.8,109,57,117,1,1,-0.159,100,108,-2.56,36,0,-0.87,0.88,-0.26,0.191,-0.159,-3.68,-2.56,-3.08,-3.16,-2.8,-3.4,180.311,316.456,243.395,234.436,0,0,0,0
169,47,Hombre,6.3,101,59.1,16,0,0,0.362,23,97,-1.44,36,0,-0.26,-0.25,-0.12,0.362,0.012,-1.44,-0.31,-0.84,-0.91,-0.29,-0.89,1548.303,2717.356,2089.99,2013.067,0,0,0,0
170,67,Mujer,7.7,157,31.7,88,0,0,0.748,186,156,-5.59,36,0,1.05,2.05,-1.39,0.748,0.398,-5.59,-4.47,-4.99,-5.07,-3.87,-4.47,168.55,295.814,227.519,219.145,0,0,0,0
171,55,Mujer,8.9,111,41.8,75,1,0,0.359,107,104,-2.64,36,0,-0.75,-0.6,-0.29,0.359,0.009,-2.64,-1.51,-2.04,-2.11,-1.5,-2.1,304.005,533.545,410.364,395.26,0,0,0,0
172,67,Hombre,9.1,191,38.6,373,0,0,0.645,711,194,-7.51,1.4,1,2.6,0.85,-1.36,0.645,0.295,-7.51,-6.38,-6.91,-6.98,-5.94,-6.54,1.404,2.464,1.895,1.826,1,1,1,1
173,65,Mujer,8.5,128,45,72,0,0,-0.352,51,122,-1.02,36,0,-1.32,-0.24,-1.1,-0.352,-0.702,-1.02,0.1,-0.42,-0.5,-0.95,-1.55,122.076,214.25,164.785,158.72,0,0,0,0
174,49,Hombre,7,119,54,29,1,0,-0.301,21,112,0.43,36,0,-0.32,-1.82,1.59,-0.301,-0.651,0.43,1.55,1.03,0.95,0.57,-0.03,782.134,1372.687,1055.77,1016.912,0,0,0,0
175,57,Hombre,6.8,169,47.7,108,0,0,0.419,164,166,-2.43,36,0,-0.54,-0.56,-0.53,0.419,0.069,-2.43,-1.31,-1.83,-1.91,-1.21,-1.81,88.486,155.298,119.444,115.048,0,0,0,0
176,57,Mujer,8.7,126,48.3,40,0,0,0.571,71,117,-1.79,36,0,0.33,-0.42,-0.37,0.571,0.221,-1.79,-0.67,-1.19,-1.27,-0.34,-0.94,1125.673,1975.618,1519.5,1463.574,0,0,0,0
177,48,Hombre,8,129,61.7,67,0,1,-0.45,43,107,-1.06,36,0,-0.55,-0.77,-0.67,-0.1,-0.45,-2.18,-1.06,-1.58,-1.66,-1.74,-2.34,4207.343,7384.118,5679.32,5470.289,0,0,0,0
178,67,Mujer,10.4,159,36.3,594,0,0,-0.048,566,154,-3.57,36,0,-0.04,-1.5,1.19,-0.048,-0.398,-3.57,-2.44,-2.97,-3.04,-3.04,-3.64,49.767,87.344,67.179,64.706,0,0,0,0
179,66,Hombre,9.7,133,41.4,113,1,0,0.65,216,108,-3.54,36,0,-0.6,-0.3,1.74,0.65,0.3,-3.54,-2.42,-2.94,-3.02,-1.97,-2.57,164.522,288.745,222.082,213.908,0,0,0,0
180,67,Mujer,7.7,137,39.8,323,0,0,0.08,350,135,-2.59,36,0,0.11,0.87,1.36,0.08,-0.27,-2.59,-1.47,-1.99,-2.07,-1.87,-2.47,103.473,181.601,139.674,134.533,0,0,0,0
181,54,Hombre,7,136,53.6,70,1,0,0.252,90,141,-0.85,36,0,-2.36,-0.7,1.58,0.252,-0.098,-0.85,0.28,-0.25,-0.32,0.13,-0.47,41.031,72.011,55.386,53.347,0,0,0,0
182,66,Hombre,8.4,147,44.6,553,0,0,-0.465,347,158,-1.9,30.73,1,1.78,-1.25,1.12,-0.465,-0.815,-1.9,-0.78,-1.3,-1.38,-2,-2.6,30.732,53.936,41.484,39.957,1,0,0,0
183,60,Mujer,8.4,132,54.5,198,0,1,-0.245,155,123,-0.66,36,0,1,0.55,0.21,0.105,-0.245,-1.78,-0.66,-1.18,-1.26,-1.03,-1.63,411.373,721.983,555.296,534.858,0,0,0,0
184,48,Mujer,8.5,148,48.6,135,0,0,-0.038,130,137,-2.37,35.2,1,-1.21,0.95,0.4,-0.038,-0.388,-2.37,-1.25,-1.77,-1.85,-1.83,-2.43,35.203,61.782,47.518,45.77,1,0,0,0
185,72,Hombre,7.2,138,54.3,60,0,0,-0.441,39,133,-0.83,36,0,0.16,0.2,0.63,-0.441,-0.791,-0.83,0.29,-0.23,-0.31,-0.89,-1.49,737.307,1294.015,995.261,958.63,0,0,0,0
186,68,Hombre,7.9,142,42.5,1634,0,1,0.478,2636,142,-7.19,36,0,-0.48,2.93,-1.52,0.828,0.478,-8.31,-7.19,-7.71,-7.79,-6.47,-7.07,67.975,119.299,91.756,88.379,0,0,0,0
187,70,Mujer,5.9,160,41.4,139,1,0,-0.409,92,165,-1.95,36,0,0.94,-0.36,-1.09,-0.409,-0.759,-1.95,-0.83,-1.35,-1.43,-1.96,-2.56,270.447,474.65,365.066,351.629,0,0,0,0
188,62,Hombre,8.3,128,41.7,101,0,0,0.392,150,135,-3.78,36,0,1.3,-1.03,0.72,0.392,0.042,-3.78,-2.65,-3.18,-3.25,-2.59,-3.19,265.509,465.984,358.4,345.209,0,0,0,0
189,57,Mujer,7.2,126,50.6,11,0,1,0.012,11,121,-0.65,36,0,-0.83,0.88,-0.14,0.362,0.012,-1.78,-0.65,-1.18,-1.25,-0.63,-1.23,1528.408,2682.44,2063.136,1987.201,0,0,0,0
190,54,Mujer,8.1,136,43.8,330,0,1,-1.757,57,143,0.54,36,0,-1.1,-0.28,1.1,-1.407,-1.757,-0.59,0.54,0.01,-0.06,-2.1,-2.7,55.79,97.915,75.309,72.537,0,0,0,0
191,69,Hombre,7.7,146,45.5,34,0,0,1.466,147,153,-4.24,36,0,0.37,-0.42,1.37,1.466,1.116,-4.24,-3.11,-3.64,-3.71,-1.44,-2.04,48.1,84.418,64.928,62.538,0,0,0,0
192,67,Mujer,7.7,135,45.5,42,1,0,-0.426,27,142,-3.22,32.01,1,1.54,1.1,0.13,-0.426,-0.776,-3.22,-2.1,-2.62,-2.7,-3.26,-3.86,32.005,56.171,43.202,41.612,1,0,0,0
193,90,Mujer,8.7,128,47.9,103,1,0,-0.146,89,136,-1.91,11.42,1,1.94,1,-0.93,-0.146,-0.496,-1.91,-0.79,-1.31,-1.39,-1.53,-2.13,11.416,20.036,15.41,14.843,1,1,1,1
194,77,Hombre,7.5,118,37.9,28,0,0,0.414,42,112,-2.99,36,0,-1.44,0.1,0.17,0.414,0.064,-2.99,-1.87,-2.39,-2.47,-1.77,-2.37,995.235,1746.691,1343.426,1293.981,0,0,0,0
195,55,Mujer,6.6,117,63.7,46,0,0,0.391,68,121,-2.43,36,0,-0.86,0.83,1.41,0.391,0.041,-2.43,-1.31,-1.83,-1.91,-1.25,-1.85,2037.976,3576.76,2750.98,2649.729,0,0,0,0
196,62,Mujer,11.5,142,46.6,157,0,1,0.574,279,128,-2.12,36,0,0.34,1.14,0.41,0.924,0.574,-3.25,-2.12,-2.65,-2.72,-1.26,-1.86,184.661,324.091,249.267,240.092,0,0,0,0
197,54,Hombre,9.1,137,36.9,152,0,1,-0.253,118,149,-2.5,36,0,2.16,0.14,1.69,0.097,-0.253,-3.62,-2.5,-3.02,-3.1,-2.88,-3.48,238.617,418.786,322.099,310.244,0,0,0,0
198,68,Mujer,7.4,131,53.4,120,1,1,-0.532,70,129,-1.97,36,0,-0.3,-0.44,-2.06,-0.182,-0.532,-3.1,-1.97,-2.5,-2.57,-2.77,-3.37,1055.268,1852.052,1424.462,1372.034,0,0,0,0
199,74,Mujer,10.8,154,49.2,373,1,1,0.541,641,157,-7.21,36,0,0.56,2.04,-0.82,0.891,0.541,-8.33,-7.21,-7.73,-7.81,-6.4,-7,36.079,63.321,48.702,46.909,0,0,0,0
200,65,Hombre,7.9,141,48.2,71,0,0,0.168,84,133,-1.08,36,0,-0.73,0.63,-1.02,0.168,-0.182,-1.08,0.05,-0.48,-0.55,-0.22,-0.82,44.318,77.781,59.823,57.622,0,0,0,0
201,48,Hombre,8.7,127,54.8,617,0,0,-0.351,434,129,-1.99,36,0,-0.93,-0.08,0.15,-0.351,-0.701,-1.99,-0.86,-1.39,-1.46,-1.91,-2.51,666.825,1170.314,900.12,866.99,0,0,0,0
202,71,Hombre,7.6,122,34.3,39,0,0,0.106,43,126,-1.28,36,0,0.39,0.26,-1.02,0.106,-0.244,-1.28,-0.16,-0.68,-0.76,-0.52,-1.12,41.045,72.037,55.405,53.366,0,0,0,0
203,75,Hombre,7.1,148,50.8,53,0,0,-0.129,47,129,0.12,36,0,-1.48,-1.89,0.36,-0.129,-0.479,0.12,1.25,0.72,0.65,0.53,-0.07,165.278,290.072,223.102,214.891,0,0,0,0
204,77,Mujer,8.6,154,39.2,68,0,0,0.825,155,149,-3.98,36,0,1.24,-0.26,-1.02,0.825,0.475,-3.98,-2.86,-3.38,-3.46,-2.15,-2.75,365.581,641.614,493.482,475.319,0,0,0,0
205,61,Hombre,7.1,134,45.2,870,0,0,0.118,979,135,-3.33,36,0,0.62,-0.45,1.22,0.118,-0.232,-3.33,-2.2,-2.73,-2.8,-2.55,-3.15,241.447,423.753,325.92,313.924,0,0,0,0
206,44,Mujer,8,110,52.8,170,0,1,-0.191,140,109,-1.31,36,0,-1.33,0.61,-1.3,0.159,-0.191,-2.43,-1.31,-1.83,-1.91,-1.6,-2.2,33.123,58.132,44.711,43.065,1,0,0,0
207,67,Hombre,9.1,122,46.3,87,1,1,-0.309,64,114,-0.23,36,0,0.78,-1.43,1.1,0.041,-0.309,-1.36,-0.23,-0.76,-0.83,-0.7,-1.3,3783.283,6639.869,5106.898,4918.936,0,0,0,0
208,70,Mujer,6.2,137,50,65,0,0,0.88,157,139,-3.88,36,0,1.16,-0.03,0.69,0.88,0.53,-3.88,-2.75,-3.28,-3.35,-1.96,-2.56,922.14,1618.406,1244.759,1198.945,0,0,0,0
209,49,Mujer,6.9,134,56.3,252,0,1,-0.471,157,118,0.24,36,0,-2.43,-0.42,-0.39,-0.121,-0.471,-0.89,0.24,-0.29,-0.36,-0.47,-1.07,1108.283,1945.097,1496.025,1440.963,0,0,0,0
210,61,Hombre,7.6,139,43.3,90,0,1,-1.127,29,133,1.53,36,0,0.19,-1.79,-0.67,-0.777,-1.127,0.41,1.53,1.01,0.93,-0.16,-0.76,535.551,939.921,722.918,696.31,0,0,0,0
211,53,Mujer,8.8,124,58.3,31,0,1,0.273,41,118,-1.32,36,0,-0.27,0.17,1.08,0.623,0.273,-2.44,-1.32,-1.84,-1.92,-0.91,-1.51,1350.696,2370.546,1823.249,1756.143,0,0,0,0
212,62,Hombre,8.9,124,52,98,0,0,0.408,147,129,-1.08,36,0,0.66,-1.44,0.43,0.408,0.058,-1.08,0.04,-0.48,-0.56,0.13,-0.47,1443.898,2534.12,1949.058,1877.322,0,0,0,0
213,63,Mujer,8,162,32.7,270,1,0,-0.01,267,165,-2.91,36,0,-0.96,-0.88,0.67,-0.01,-0.36,-2.91,-1.79,-2.31,-2.39,-2.33,-2.93,370.908,650.964,500.673,482.246,0,0,0,0
214,60,Hombre,6.9,134,25.5,20,0,0,-0.041,19,133,0.49,36,0,0.99,-0.42,0.09,-0.041,-0.391,0.49,1.62,1.09,1.02,1.03,0.43,98.497,172.867,132.957,128.063,0,0,0,0
215,62,Hombre,6.7,121,47.4,43,1,0,-0.13,38,119,-0.5,36,0,-0.21,0.27,-0.04,-0.13,-0.48,-0.5,0.63,0.1,0.03,-0.09,-0.69,4701.622,8251.604,6346.526,6112.939,0,0,0,0
216,72,Hombre,6.9,164,49.6,214,0,0,0.495,351,163,-2.81,36,0,1.31,-0.62,0.87,0.495,0.145,-2.81,-1.68,-2.21,-2.28,-1.46,-2.06,704.879,1237.101,951.487,916.467,0,0,0,0
217,72,Mujer,8.9,152,29.9,231,1,0,-0.24,182,152,-4.91,36,0,2.05,-1.04,-0.48,-0.24,-0.59,-4.91,-3.79,-4.31,-4.39,-4.67,-5.27,357.796,627.951,482.974,465.198,0,0,0,0
218,75,Mujer,6.7,156,50.9,271,1,1,0.428,416,155,-4.13,36,0,0.06,-0.47,-1.56,0.778,0.428,-5.25,-4.13,-4.65,-4.73,-3.48,-4.08,187.607,329.261,253.243,243.922,0,0,0,0
219,75,Mujer,9.4,127,46.7,12,0,0,0.188,14,125,-0.21,36,0,0.07,-0.83,1.63,0.188,-0.162,-0.21,0.91,0.39,0.31,0.67,0.07,3007.565,5278.44,4059.788,3910.365,0,0,0,0
220,55,Mujer,7.7,146,40.9,173,0,1,0.976,459,145,-3.17,36,0,-0.34,0.59,0.65,1.326,0.976,-4.3,-3.17,-3.7,-3.77,-1.71,-2.31,69.661,122.259,94.032,90.571,0,0,0,0
221,48,Mujer,6.9,144,61.1,15,0,1,-1.17,5,148,2.63,36,0,-1.41,-1.61,-0.04,-0.82,-1.17,1.5,2.63,2.1,2.03,0.87,0.27,8703.215,15274.617,11748.111,11315.715,0,0,0,0
222,74,Mujer,7.5,149,40.6,167,1,0,0.029,172,154,-1.56,36,0,-1.22,-1.7,0.46,0.029,-0.321,-1.56,-0.43,-0.96,-1.03,-0.92,-1.52,235.53,413.367,317.932,306.23,0,0,0,0
223,57,Mujer,8.4,142,41.8,243,0,1,0.593,440,153,-2.55,36,0,0.52,0.71,-0.5,0.943,0.593,-3.67,-2.55,-3.07,-3.15,-1.66,-2.26,285.689,501.399,385.639,371.446,0,0,0,0
224,72,Mujer,6.3,129,56.7,142,1,0,0.047,149,136,-2.08,36,0,0.14,-1.53,-0.53,0.047,-0.303,-2.08,-0.96,-1.48,-1.56,-1.41,-2.01,409.985,719.547,553.422,533.053,0,0,0,0
225,72,Hombre,7.1,119,47.8,99,0,0,0.772,214,120,-3.3,36,0,0.84,0.12,-0.59,0.772,0.422,-3.3,-2.18,-2.7,-2.78,-1.54,-2.14,230.152,403.93,310.673,299.239,0,0,0,0
226,63,Mujer,6,139,56.5,1113,0,1,-0.662,574,139,-0.12,36,0,0.13,-0.13,1.68,-0.312,-0.662,-1.25,-0.12,-0.65,-0.72,-1.12,-1.72,68.427,120.093,92.367,88.967,0,0,0,0
227,66,Mujer,7.4,105,46.1,77,0,0,-0.521,46,87,-0.18,36,0,1.37,0.05,-0.5,-0.521,-0.871,-0.18,0.95,0.42,0.35,-0.36,-0.96,2757.709,4839.931,3722.518,3585.509,0,0,0,0
228,60,Mujer,9.6,147,51.4,321,1,0,0.8,714,147,-5.73,36,0,-0.55,0.07,0.49,0.8,0.45,-5.73,-4.6,-5.13,-5.2,-3.93,-4.53,164.782,289.202,222.433,214.246,0,0,0,0
229,39,Hombre,6,128,46,46,0,0,0.147,53,123,2.19,36,0,-1.96,-0.16,0.72,0.147,-0.203,2.19,3.31,2.79,2.71,3.01,2.41,333.236,584.847,449.822,433.266,0,0,0,0
230,55,Mujer,8.6,131,50,39,0,1,0.165,46,126,-2.59,36,0,0.51,1.59,-0.05,0.515,0.165,-3.72,-2.59,-3.12,-3.19,-2.34,-2.94,425.32,746.46,574.122,552.991,0,0,0,0
231,59,Hombre,7.7,147,53,184,0,0,-0.371,127,133,-1.69,36,0,0.46,-0.65,-2.2,-0.371,-0.721,-1.69,-0.57,-1.09,-1.17,-1.65,-2.25,155.226,272.429,209.533,201.821,0,0,0,0
232,84,Mujer,7,141,31.5,33,0,0,-0.082,30,130,-2.78,36,0,0.02,-0.85,-1.27,-0.082,-0.432,-2.78,-1.66,-2.18,-2.26,-2.31,-2.91,76.36,134.015,103.075,99.281,0,0,0,0
233,60,Mujer,7.7,138,53.4,29,0,0,0.114,33,121,-0.67,36,0,-0.12,-0.6,1.33,0.114,-0.236,-0.67,0.46,-0.07,-0.14,0.1,-0.5,366.381,643.019,494.563,476.36,0,0,0,0
234,72,Hombre,8.4,143,37.1,105,0,0,-0.155,90,143,-1.14,36,0,1.93,-0.32,0.16,-0.155,-0.505,-1.14,-0.01,-0.54,-0.61,-0.77,-1.37,163.766,287.419,221.061,212.925,0,0,0,0
235,73,Mujer,7.7,145,26.8,115,0,0,0.08,125,148,-2.05,36,0,1.27,-0.45,0.23,0.08,-0.27,-2.05,-0.93,-1.45,-1.53,-1.33,-1.93,541.448,950.27,730.878,703.978,0,0,0,0
236,85,Mujer,9.3,139,35.7,117,0,1,0.126,133,143,-1.39,36,0,-0.06,-1.07,0.57,0.476,0.126,-2.51,-1.39,-1.91,-1.99,-1.2,-1.8,205.165,360.076,276.944,266.751,0,0,0,0
237,58,Hombre,8.7,136,43.5,94,0,1,0.351,133,138,-0.34,36,0,-1.39,-0.4,-0.61,0.701,0.351,-1.46,-0.34,-0.86,-0.94,0.19,-0.41,195.208,342.601,263.504,253.805,0,0,0,0
238,47,Mujer,6.2,137,61.4,73,0,1,-0.055,69,127,0.88,36,0,-1.51,-1.28,-0.11,0.295,-0.055,-0.25,0.88,0.35,0.28,0.8,0.2,7064.687,12398.912,9536.33,9185.34,0,0,0,0
239,54,Hombre,7.3,116,38.1,83,0,0,-0.005,83,121,-1.26,36,0,-1.41,-0.68,0.48,-0.005,-0.355,-1.26,-0.14,-0.66,-0.74,-0.67,-1.27,255.517,448.446,344.911,332.217,0,0,0,0
240,64,Mujer,8.3,134,34.8,227,1,1,-0.644,119,131,-0.71,36,0,-0.04,-0.72,1.3,-0.294,-0.644,-1.83,-0.71,-1.23,-1.31,-1.67,-2.27,659.333,1157.166,890.007,857.249,0,0,0,0
241,63,Hombre,9.6,153,36.3,214,0,0,1.024,596,149,-5.97,36,0,-1.77,0.39,0.21,1.024,0.674,-5.97,-4.85,-5.37,-5.45,-3.84,-4.44,213.485,374.677,288.174,277.568,0,0,0,0
242,56,Hombre,10.5,134,57.9,114,0,1,0.805,255,130,-3.13,36,0,-0.92,1.36,-0.07,1.155,0.805,-4.25,-3.13,-3.65,-3.73,-1.92,-2.52,88.333,155.029,119.237,114.849,0,0,0,0
243,58,Hombre,8,141,53.1,1142,1,1,-0.239,899,136,-2.88,36,0,-1.36,0.13,1.06,0.111,-0.239,-4.01,-2.88,-3.41,-3.48,-3.24,-3.84,1506.844,2644.594,2034.027,1959.163,0,0,0,0
244,66,Hombre,7.7,149,41.6,58,0,0,0.532,99,131,-2.93,36,0,0.69,0.84,0.77,0.532,0.182,-2.93,-1.81,-2.33,-2.41,-1.53,-2.13,114.491,200.938,154.547,148.859,0,0,0,0
245,53,Hombre,7.1,136,33,57,0,0,-0.452,36,130,0.2,36,0,2.22,-1.77,1.13,-0.452,-0.802,0.2,1.32,0.8,0.72,0.12,-0.48,2510.69,4406.399,3389.077,3264.34,0,0,0,0
246,46,Hombre,8,139,56.7,54,0,1,-0.655,28,142,1.04,36,0,0.43,-0.88,2.21,-0.305,-0.655,-0.08,1.04,0.52,0.44,0.06,-0.54,202.339,355.116,273.129,263.076,0,0,0,0
247,43,Hombre,7,148,54.6,41,0,0,-1.2,12,148,2.29,36,0,-1.53,-1.7,1.92,-1.2,-1.55,2.29,3.41,2.89,2.81,1.09,0.49,8066.941,14157.922,10889.231,10488.446,0,0,0,0
248,60,Hombre,8.1,153,44.1,397,0,1,0.943,1019,147,-2.61,36,0,1.27,-0.16,-0.55,1.293,0.943,-3.74,-2.61,-3.14,-3.21,-1.2,-1.8,53.504,93.902,72.223,69.565,0,0,0,0
249,72,Hombre,7.4,134,53.6,81,0,0,0.083,88,129,-2.35,36,0,0.72,0.04,1.38,0.083,-0.267,-2.35,-1.22,-1.75,-1.82,-1.62,-2.22,825.847,1449.407,1114.777,1073.747,0,0,0,0
250,65,Mujer,5.5,113,66,60,0,0,0.587,108,123,-2.01,36,0,0.63,0.97,-1.16,0.587,0.237,-2.01,-0.88,-1.41,-1.48,-0.52,-1.12,929.245,1630.875,1254.349,1208.182,0,0,0,0
251,88,Mujer,7.6,132,43.2,14,1,0,0.294,19,143,-3.03,36,0,-0.13,-0.65,0.31,0.294,-0.056,-3.03,-1.9,-2.43,-2.5,-1.99,-2.59,144.639,253.85,195.243,188.057,0,0,0,0
252,79,Hombre,6.5,148,46.5,483,0,0,0.113,541,143,-5.24,36,0,-0.07,0.54,-0.43,0.113,-0.237,-5.24,-4.11,-4.64,-4.71,-4.46,-5.06,191.26,335.672,258.174,248.672,0,0,0,0
253,59,Hombre,7.9,144,51.9,58,0,0,0.068,62,127,-1.91,36,0,0.75,1.31,0.81,0.068,-0.282,-1.91,-0.78,-1.31,-1.38,-1.21,-1.81,432.769,759.534,584.177,562.676,0,0,0,0
254,71,Hombre,9.4,147,50.3,211,0,1,-0.103,190,134,-1.7,36,0,-0.82,0.29,0.54,0.247,-0.103,-2.83,-1.7,-2.23,-2.3,-1.86,-2.46,348.508,611.65,470.436,453.122,0,0,0,0
255,79,Mujer,7.4,122,38.4,399,0,1,-0.266,306,118,-1.57,36,0,1.31,-1.62,0.54,0.084,-0.266,-2.69,-1.57,-2.09,-2.17,-1.97,-2.57,791.632,1389.358,1068.592,1029.262,0,0,0,0
256,72,Hombre,8.7,136,45,293,1,0,-0.826,128,136,-2.67,36,0,0.08,-0.67,-0.33,-0.826,-1.176,-2.67,-1.54,-2.07,-2.14,-3.31,-3.91,402.352,706.15,543.119,523.129,0,0,0,0
257,42,Hombre,9.7,138,52.9,461,0,1,-1.082,156,131,0.13,36,0,0.49,1.58,0.05,-0.732,-1.082,-0.99,0.13,-0.39,-0.47,-1.49,-2.09,249.962,438.697,337.413,324.995,0,0,0,0
258,51,Mujer,8.1,134,57.1,58,0,1,0.307,79,131,-2.52,36,0,-0.34,0.4,-1.3,0.657,0.307,-3.65,-2.52,-3.05,-3.12,-2.06,-2.66,1791.371,3143.955,2418.099,2329.099,0,0,0,0
259,60,Hombre,11.1,153,50.7,176,1,0,-0.294,131,154,-2.37,36,0,0.36,-0.49,-0.82,-0.294,-0.644,-2.37,-1.24,-1.77,-1.84,-2.21,-2.81,373.456,655.435,504.112,485.558,0,0,0,0
260,55,Mujer,7.5,159,58.3,797,1,1,0.043,832,151,-1.75,36,0,0.29,-0.19,-0.33,0.393,0.043,-2.88,-1.75,-2.28,-2.35,-1.69,-2.29,148.483,260.595,200.43,193.053,0,0,0,0
261,58,Mujer,7.9,132,42.6,1086,1,1,0.4,1620,125,-3.23,36,0,0.2,0.52,-0.03,0.75,0.4,-4.36,-3.23,-3.76,-3.83,-2.63,-3.23,56.885,99.837,76.787,73.961,0,0,0,0
262,68,Mujer,6.3,127,30.2,257,1,0,-1.043,91,122,-0.33,36,0,-2.05,-0.82,0.41,-1.043,-1.393,-0.33,0.79,0.27,0.19,-1.3,-1.9,410.662,720.733,554.335,533.932,0,0,0,0
263,61,Hombre,7.4,156,48.5,29,0,1,-0.82,13,145,-0.3,36,0,0.59,0.27,-0.8,-0.47,-0.82,-1.43,-0.3,-0.83,-0.9,-1.53,-2.13,205.616,360.867,277.552,267.336,0,0,0,0
264,63,Hombre,8.8,128,56.4,7,0,1,-0.791,3,129,-0.34,36,0,2.21,0.07,-0.16,-0.441,-0.791,-1.46,-0.34,-0.86,-0.94,-1.52,-2.12,5518.611,9685.464,7449.345,7175.168,0,0,0,0
265,65,Hombre,7.8,121,46.6,97,0,1,-0.582,54,115,1.41,36,0,0.45,-1.34,-2.58,-0.232,-0.582,0.29,1.41,0.89,0.81,0.54,-0.06,805.983,1414.544,1087.963,1047.92,0,0,0,0
266,60,Hombre,6.4,138,46.2,56,0,0,-1.019,20,136,-0.51,36,0,0.91,-1.74,0.16,-1.019,-1.369,-0.51,0.62,0.09,0.02,-1.44,-2.04,503.549,883.756,679.72,654.702,0,0,0,0
267,69,Hombre,9.5,125,54.6,130,0,1,-0.401,87,121,-2.31,36,0,-0.32,0.13,-1.81,-0.051,-0.401,-3.43,-2.31,-2.83,-2.91,-2.91,-3.51,472.064,828.499,637.22,613.767,0,0,0,0
268,72,Mujer,8.5,138,57.6,135,1,0,0.998,366,144,-5.34,36,0,1.16,2.36,-1.01,0.998,0.648,-5.34,-4.22,-4.74,-4.82,-3.24,-3.84,286.06,502.05,386.14,371.928,0,0,0,0
269,70,Hombre,7.7,136,47.4,92,0,0,0.355,131,137,-2.63,36,0,0.87,0.35,-0.31,0.355,0.005,-2.63,-1.51,-2.03,-2.11,-1.5,-2.1,432.363,758.82,583.629,562.148,0,0,0,0
270,62,Hombre,5.5,152,63.2,27,0,0,0.468,43,142,-1.85,36,0,1.02,1.57,-0.61,0.468,0.118,-1.85,-0.72,-1.25,-1.32,-0.54,-1.14,404.971,710.746,546.653,526.533,0,0,0,0
271,55,Mujer,7.8,133,56.9,104,1,1,-0.052,99,135,1.76,36,0,-1.74,-1.2,1.08,0.298,-0.052,0.64,1.76,1.24,1.16,1.68,1.08,68.011,119.364,91.806,88.427,0,0,0,0
272,70,Mujer,7.5,141,37.4,373,0,1,-0.566,212,137,-3.11,36,0,0.82,0.76,-0.29,-0.216,-0.566,-4.24,-3.11,-3.64,-3.71,-3.96,-4.56,137.722,241.709,185.905,179.063,0,0,0,0
273,64,Hombre,7.8,128,49.9,443,0,1,-0.636,235,111,-1.83,36,0,0.1,-0.09,-0.67,-0.286,-0.636,-2.95,-1.83,-2.35,-2.43,-2.78,-3.38,1184.292,2078.498,1598.628,1539.789,0,0,0,0
274,52,Mujer,8,148,35.1,56,0,0,-0.11,50,146,-0.94,36,0,-0.86,-0.75,-0.3,-0.11,-0.46,-0.94,0.19,-0.34,-0.41,-0.5,-1.1,344.304,604.273,464.762,447.656,0,0,0,0
275,59,Mujer,10.1,136,41.1,21,0,1,-0.711,10,133,-1.3,36,0,1.15,0.14,-1.3,-0.361,-0.711,-2.42,-1.3,-1.82,-1.9,-2.37,-2.97,1044.205,1832.638,1409.53,1357.651,0,0,0,0
276,64,Mujer,9.6,145,49.8,522,0,1,0.253,672,146,-3.42,36,0,-0.55,-0.23,-0,0.603,0.253,-4.55,-3.42,-3.95,-4.02,-3.04,-3.64,21.137,37.097,28.532,27.482,1,0,1,1
277,70,Hombre,7,149,32.4,936,0,0,0.238,1187,149,-3.31,36,0,0.35,-0.43,0.28,0.238,-0.112,-3.31,-2.19,-2.71,-2.79,-2.36,-2.96,366.88,643.895,495.237,477.009,0,0,0,0
278,66,Hombre,10.4,148,41.4,54,1,1,0.509,90,162,-3.33,36,0,0.58,0.23,0.57,0.859,0.509,-4.45,-3.33,-3.85,-3.93,-2.56,-3.16,152.388,267.45,205.703,198.132,0,0,0,0
279,45,Mujer,7,142,60.3,322,0,1,-0.137,281,136,-1.35,36,0,0.4,-0.28,-2.12,0.213,-0.137,-2.48,-1.35,-1.88,-1.95,-1.56,-2.16,972.018,1705.945,1312.087,1263.795,0,0,0,0
280,58,Mujer,6.5,136,38.1,49,0,0,0.455,77,123,-0.17,36,0,-1.13,-0.14,-0.93,0.455,0.105,-0.17,0.95,0.43,0.35,1.11,0.51,509.856,894.824,688.233,662.902,0,0,0,0
281,81,Hombre,8.9,171,32.3,155,0,0,0.062,165,177,-2.27,36,0,1.29,-0.66,-0.9,0.062,-0.288,-2.27,-1.15,-1.67,-1.75,-1.58,-2.18,671.443,1178.419,906.353,872.994,0,0,0,0
282,72,Hombre,8.3,164,54.6,283,1,1,0.452,445,156,-4.41,36,0,0.08,0.14,-0.9,0.802,0.452,-5.54,-4.41,-4.94,-5.01,-3.74,-4.34,81.985,143.888,110.668,106.595,0,0,0,0
283,71,Mujer,6.7,161,49.5,2366,0,1,-1.376,598,159,-0.89,36,0,-2.15,-1.11,-0.36,-1.026,-1.376,-2.01,-0.89,-1.41,-1.49,-2.95,-3.55,695.121,1219.975,938.315,903.78,0,0,0,0
284,77,Hombre,6.3,130,47.5,19,1,0,0.442,30,111,-4.43,36,0,-1.46,1.57,0.77,0.442,0.092,-4.43,-3.3,-3.83,-3.9,-3.16,-3.76,1305.753,2291.668,1762.582,1697.709,0,0,0,0
285,59,Mujer,7.1,120,47.7,91,0,0,0.29,122,120,-2.39,36,0,-0.63,0.04,1.48,0.29,-0.06,-2.39,-1.26,-1.79,-1.86,-1.35,-1.95,467.057,819.71,630.461,607.256,0,0,0,0
286,51,Hombre,9.3,144,51.8,63,0,1,0.017,64,138,-3.12,36,0,-0.82,0.4,-0.57,0.367,0.017,-4.24,-3.12,-3.64,-3.72,-3.09,-3.69,419.897,736.943,566.802,545.941,0,0,0,0
287,68,Hombre,5.6,120,47.1,23,1,0,-0.034,22,129,-1.19,36,0,1.49,-0.26,-0.39,-0.034,-0.384,-1.19,-0.06,-0.59,-0.66,-0.64,-1.24,2248.015,3945.39,3034.503,2922.817,0,0,0,0
288,62,Hombre,9,124,42.7,134,0,0,-0.037,129,127,-2.28,36,0,1.91,0.3,0.13,-0.037,-0.387,-2.28,-1.16,-1.68,-1.76,-1.74,-2.34,433.012,759.96,584.506,562.992,0,0,0,0
289,56,Hombre,5.5,136,39.3,44,0,0,0.686,87,137,-3.95,36,0,0.35,0.9,-0.33,0.686,0.336,-3.95,-2.82,-3.35,-3.42,-2.32,-2.92,573.38,1006.313,773.982,745.495,0,0,0,0
290,66,Hombre,9.2,134,36.3,169,0,0,0.109,188,137,-2.08,36,0,0.74,-0.22,-0.45,0.109,-0.241,-2.08,-0.96,-1.48,-1.56,-1.32,-1.92,277.481,486.995,374.561,360.775,0,0,0,0
291,70,Mujer,7.2,131,40.6,45,0,0,-0.204,37,137,-0.2,36,0,0.13,-0.28,1.08,-0.204,-0.554,-0.2,0.92,0.4,0.32,0.09,-0.51,2165.238,3800.112,2922.766,2815.192,0,0,0,0
292,54,Mujer,8.4,111,46.2,17,0,0,0.796,38,109,-2.28,36,0,0.03,0.88,-0.44,0.796,0.446,-2.28,-1.16,-1.68,-1.76,-0.49,-1.09,174.219,305.764,235.171,226.515,0,0,0,0
293,66,Hombre,9.2,146,40.5,147,0,1,-0.852,63,142,1.34,36,0,0.18,-1.58,-0.03,-0.502,-0.852,0.21,1.34,0.81,0.74,0.06,-0.54,280.674,492.597,378.87,364.925,0,0,0,0
294,73,Mujer,8.3,152,44.1,50,0,0,0.662,97,145,-3.99,35.33,1,-0.42,0.82,1.87,0.662,0.312,-3.99,-2.86,-3.39,-3.46,-2.39,-2.99,35.33,62.006,47.69,45.935,1,0,0,0
295,52,Hombre,6.8,125,50.2,157,0,0,-0.838,68,141,-0.65,36,0,-0.8,-0.99,0.67,-0.838,-1.188,-0.65,0.47,-0.05,-0.13,-1.31,-1.91,2592.387,4549.78,3499.356,3370.56,0,0,0,0
296,57,Hombre,8.6,133,50.9,189,0,0,-0.316,138,120,-1.06,36,0,-0.28,-1.19,-0.46,-0.316,-0.666,-1.06,0.06,-0.46,-0.54,-0.94,-1.54,47.334,83.075,63.895,61.543,0,0,0,0
297,78,Hombre,7,141,35.9,113,1,0,0.142,130,137,-4.7,36,0,-0.89,0.51,-2.56,0.142,-0.208,-4.7,-3.58,-4.1,-4.18,-3.89,-4.49,331.211,581.294,447.088,430.633,0,0,0,0
298,73,Hombre,6.6,148,49.2,123,0,1,-0.248,96,131,-1.97,36,0,-0.66,0.29,-0.54,0.102,-0.248,-3.09,-1.97,-2.49,-2.57,-2.34,-2.94,217.802,382.255,294.002,283.181,0,0,0,0
299,80,Mujer,8.6,147,36.7,83,0,0,0.495,136,136,-6.47,36,0,-0.6,0.94,0.86,0.495,0.145,-6.47,-5.35,-5.87,-5.95,-5.13,-5.73,892.426,1566.256,1204.649,1160.311,0,0,0,0
300,59,Hombre,10.7,133,61.4,105,1,1,-0.549,61,125,-0.76,36,0,-0.19,-1,-1.23,-0.199,-0.549,-1.88,-0.76,-1.28,-1.36,-1.58,-2.18,690.079,1211.127,931.51,897.225,0,0,0,0
301,70,Mujer,10.2,145,35.4,1431,0,1,-0.785,653,137,-3.16,36,0,1.26,-0.4,0.06,-0.435,-0.785,-4.28,-3.16,-3.68,-3.76,-4.33,-4.93,643.629,1129.605,868.809,836.832,0,0,0,0
302,68,Hombre,9.2,136,38.8,112,0,0,0.748,237,147,-4.96,36,0,0.37,0.45,0.48,0.748,0.398,-4.96,-3.83,-4.36,-4.43,-3.24,-3.84,293.512,515.129,396.2,381.617,0,0,0,0
303,48,Mujer,9.8,129,48.1,457,1,1,-1.333,121,103,-1.36,36,0,-0,0.09,-0.15,-0.983,-1.333,-2.49,-1.36,-1.89,-1.96,-3.36,-3.96,553.729,971.825,747.456,719.946,0,0,0,0
304,54,Hombre,8.2,136,50.4,180,0,0,0.298,242,141,-3.54,36,0,-0.17,0.96,0.63,0.298,-0.052,-3.54,-2.42,-2.94,-3.02,-2.5,-3.1,1323.669,2323.111,1786.766,1721.003,0,0,0,0
305,55,Mujer,8.3,135,60.9,47,0,1,-0.485,29,129,3.22,36,0,-0.91,-1.68,-1.03,-0.135,-0.485,2.1,3.22,2.7,2.62,2.5,1.9,4734.794,8309.823,6391.304,6156.068,0,0,0,0
306,56,Hombre,8.4,133,51.7,316,0,0,-0.213,255,144,-3.21,36,0,0.8,0.09,-0.58,-0.213,-0.563,-3.21,-2.09,-2.61,-2.69,-2.93,-3.53,1106.001,1941.093,1492.946,1437.997,0,0,0,0
307,72,Hombre,6.1,132,56,28,0,0,0.384,41,143,-1.54,36,0,0.32,0.79,0.24,0.384,0.034,-1.54,-0.42,-0.94,-1.02,-0.37,-0.97,682.72,1198.212,921.576,887.657,0,0,0,0
308,63,Mujer,8.6,141,52.2,305,0,0,-0.61,166,135,-1.31,36,0,-0.86,-1.92,-0.63,-0.61,-0.96,-1.31,-0.18,-0.71,-0.78,-1.62,-2.22,890.202,1562.354,1201.647,1157.42,0,0,0,0
309,68,Hombre,7.4,143,45.4,149,0,1,-1.405,37,135,-2.04,36,0,2.68,0.22,1.56,-1.055,-1.405,-3.17,-2.04,-2.57,-2.64,-4.15,-4.75,4925.394,8644.336,6648.587,6403.882,0,0,0,0
310,65,Mujer,6.2,146,57.3,18,0,0,0.459,28,145,-2.57,36,0,1.02,-0.44,1.1,0.459,0.109,-2.57,-1.44,-1.97,-2.04,-1.28,-1.88,2053.905,3604.715,2772.482,2670.439,0,0,0,0
311,59,Hombre,7.5,110,29.6,372,0,0,-0.071,347,113,-2.47,36,0,0.18,0.04,0.59,-0.071,-0.421,-2.47,-1.35,-1.87,-1.95,-1.98,-2.58,94.259,165.43,127.236,122.553,0,0,0,0
312,59,Hombre,7.7,117,55.5,12,0,1,-0.293,9,110,2.58,36,0,-1.26,-2.05,0.61,0.057,-0.293,1.46,2.58,2.06,1.98,2.15,1.55,133.833,234.885,180.656,174.007,0,0,0,0
313,55,Mujer,9.2,126,44.9,289,1,0,-0.003,288,143,-2.94,36,0,-2.44,-1.1,0.62,-0.003,-0.353,-2.94,-1.81,-2.34,-2.41,-2.34,-2.94,350.863,615.784,473.616,456.184,0,0,0,0
314,90,Mujer,5.5,134,33.2,110,1,0,0.467,176,125,-4.92,36,0,2.1,1.11,0.31,0.467,0.117,-4.92,-3.79,-4.32,-4.39,-3.62,-4.22,586.63,1029.568,791.868,762.723,0,0,0,0
315,59,Mujer,7.6,115,42.6,335,0,0,-0.143,290,111,-1.46,36,0,-0.92,-0.65,-0.92,-0.143,-0.493,-1.46,-0.33,-0.86,-0.93,-1.07,-1.67,110.871,194.585,149.661,144.152,0,0,0,0
316,55,Mujer,8,110,64.2,157,1,1,-0.447,100,102,1.52,36,0,-0.86,-1.58,-0.45,-0.097,-0.447,0.39,1.52,0.99,0.92,0.85,0.25,2173.074,3813.864,2933.343,2825.38,0,0,0,0
317,63,Mujer,6.8,138,29.3,115,0,1,-0.671,59,130,0.51,36,0,1.08,-2.18,-1.01,-0.321,-0.671,-0.61,0.51,-0.01,-0.09,-0.49,-1.09,1108.458,1945.405,1496.262,1441.191,0,0,0,0
318,51,Mujer,5.5,141,51.5,32,0,1,-0.315,23,137,2.07,36,0,0.94,-0.66,0.37,0.035,-0.315,0.95,2.07,1.55,1.47,1.6,1,648.754,1138.598,875.726,843.494,0,0,0,0
319,68,Hombre,8.4,134,28.5,213,0,0,0.441,331,139,-2.79,36,0,1.1,0.57,0.27,0.441,0.091,-2.79,-1.67,-2.19,-2.27,-1.53,-2.13,185.085,324.834,249.838,240.643,0,0,0,0
320,71,Hombre,11.1,145,50.7,228,0,1,-0.119,202,148,-4.02,36,0,-0.31,0.18,1.65,0.231,-0.119,-5.14,-4.02,-4.54,-4.62,-4.19,-4.79,283.047,496.764,382.074,368.012,0,0,0,0
321,66,Hombre,8.8,147,49.4,479,0,0,0.933,1217,139,-5.99,36,0,-0.27,0.47,-1.49,0.933,0.583,-5.99,-4.87,-5.39,-5.47,-4,-4.6,339.972,596.669,458.914,442.023,0,0,0,0
322,68,Hombre,9.1,125,54.8,250,0,1,-0.254,194,123,-2.49,36,0,1.05,1.08,-1.28,0.096,-0.254,-3.62,-2.49,-3.02,-3.09,-2.87,-3.47,56.271,98.759,75.959,73.163,0,0,0,0
323,62,Hombre,7.9,157,56.2,80,1,1,-1.022,29,146,-3.56,36,0,0.56,0.33,-0.9,-0.672,-1.022,-4.68,-3.56,-4.08,-4.16,-5.09,-5.69,81.219,142.543,109.634,105.599,0,0,0,0
324,59,Mujer,8.5,124,56.3,138,0,0,0.058,146,123,-3.2,36,0,-0.41,1.33,0.67,0.058,-0.292,-3.2,-2.08,-2.6,-2.68,-2.52,-3.12,1254.344,2201.442,1693.187,1630.868,0,0,0,0
325,56,Mujer,7.8,113,56.4,49,0,0,0.24,62,124,-1.85,36,0,-0.5,1.18,-1.15,0.24,-0.11,-1.85,-0.72,-1.25,-1.32,-0.89,-1.49,956.532,1678.766,1291.184,1243.661,0,0,0,0
326,55,Hombre,9.6,136,47.6,1040,0,1,-0.022,1017,140,-3.05,36,0,-0.26,0.34,0.27,0.328,-0.022,-4.17,-3.05,-3.57,-3.65,-3.08,-3.68,134.846,236.663,182.024,175.324,0,0,0,0
327,83,Mujer,6.4,137,45.5,40,1,0,0.879,96,138,-4.7,36,0,1.46,-0.28,-0.2,0.879,0.529,-4.7,-3.58,-4.1,-4.18,-2.79,-3.39,2091.786,3671.199,2823.616,2719.691,0,0,0,0
328,54,Mujer,7.9,136,52.6,38,0,0,0.629,71,133,-3.51,36,0,-2.18,1.12,1.05,0.629,0.279,-3.51,-2.38,-2.91,-2.98,-1.96,-2.56,1666.276,2924.406,2249.238,2166.453,0,0,0,0
329,74,Hombre,6.2,107,47.6,167,1,1,0.46,265,101,-3.12,29.54,1,0.49,1.6,0.92,0.81,0.46,-4.24,-3.12,-3.64,-3.72,-2.43,-3.03,16.834,29.544,22.723,21.887,1,1,1,1
330,59,Mujer,6.7,142,54.3,103,1,1,-0.297,77,144,-1.35,36,0,-0.84,0.01,0.79,0.053,-0.297,-2.48,-1.35,-1.88,-1.95,-1.8,-2.4,2372.776,4164.351,3202.913,3085.027,0,0,0,0
331,71,Mujer,7.2,131,44.8,80,0,0,-0.431,52,126,-3.3,36,0,-0.44,0.87,0.26,-0.431,-0.781,-3.3,-2.18,-2.7,-2.78,-3.35,-3.95,771.396,1353.842,1041.276,1002.951,0,0,0,0
332,67,Hombre,7.2,123,54,248,0,1,-0.479,154,120,-0.36,36,0,-0.7,0.65,-1.3,-0.129,-0.479,-1.49,-0.36,-0.89,-0.96,-1.08,-1.68,1053.039,1848.141,1421.454,1369.137,0,0,0,0
333,67,Mujer,8.6,150,31.4,289,0,0,0.511,482,154,-3.35,36,0,0.77,0.89,-1.09,0.511,0.161,-3.35,-2.22,-2.75,-2.82,-1.98,-2.58,61.095,107.225,82.469,79.434,0,0,0,0
334,66,Hombre,7.7,140,51.8,147,1,1,-0.114,131,131,-0.84,36,0,0.19,-0.24,-1.64,0.236,-0.114,-1.97,-0.84,-1.37,-1.44,-1.02,-1.62,501.279,879.773,676.657,651.752,0,0,0,0
335,59,Hombre,6.7,118,45.4,41,0,0,0.512,68,107,-1.37,36,0,0.6,0.17,-0.85,0.512,0.162,-1.37,-0.24,-0.77,-0.84,0,-0.6,286.774,503.304,387.104,372.857,0,0,0,0
336,42,Mujer,6.3,105,43.4,29,0,0,-1.373,7,97,2.64,36,0,-0.56,-0.69,-0.45,-1.373,-1.723,2.64,3.76,3.24,3.16,1.18,0.58,8964.354,15732.931,12100.612,11655.242,0,0,0,0
337,63,Hombre,8.1,137,27.7,556,0,0,0.368,803,136,-7.2,36,0,2.2,0.8,-0.86,0.368,0.018,-7.2,-6.07,-6.6,-6.67,-6.05,-6.65,182.564,320.41,246.435,237.365,0,0,0,0
338,69,Mujer,8.1,145,49.9,153,0,1,0.468,244,154,-3.15,36,0,1.61,1.35,0.36,0.818,0.468,-4.27,-3.15,-3.67,-3.75,-2.45,-3.05,139.114,244.152,187.784,180.872,0,0,0,0
339,61,Mujer,7,146,49.2,258,0,1,0.201,316,146,-3.42,36,0,-0.65,1.26,-0.01,0.551,0.201,-4.54,-3.42,-3.94,-4.02,-3.12,-3.72,217.967,382.543,294.224,283.395,0,0,0,0
340,57,Mujer,6,137,47.3,75,0,0,0.38,110,131,-1.19,36,0,-1.6,-1.42,-0.18,0.38,0.03,-1.19,-0.07,-0.59,-0.67,-0.02,-0.62,3881.1,6811.543,5238.937,5046.115,0,0,0,0
341,54,Mujer,7.3,119,40.4,154,0,0,-1.054,54,123,2.15,36,0,-0.05,0.78,-0.31,-1.054,-1.404,2.15,3.27,2.75,2.67,1.17,0.57,806.02,1414.61,1088.014,1047.969,0,0,0,0
342,69,Mujer,8.5,143,49.2,414,0,1,-0.685,209,120,-3.14,20.18,1,-1.12,0.44,0.24,-0.335,-0.685,-4.26,-3.14,-3.66,-3.74,-4.17,-4.77,11.498,20.179,15.52,14.949,1,1,1,1
343,68,Mujer,6.9,115,53.3,76,0,0,-0.773,35,118,-1.07,36,0,0.46,0.21,1.55,-0.773,-1.123,-1.07,0.06,-0.47,-0.54,-1.63,-2.23,1119.049,1963.993,1510.558,1454.961,0,0,0,0
344,69,Mujer,7.9,132,55.2,222,0,0,0.466,354,118,-4.71,36,0,0.23,0.15,-0.25,0.466,0.116,-4.71,-3.58,-4.11,-4.18,-3.41,-4.01,151.866,266.534,204.998,197.453,0,0,0,0
345,75,Hombre,8.6,145,37.7,96,0,0,0.457,152,145,-2.82,36,0,-0.52,0.9,-2.07,0.457,0.107,-2.82,-1.7,-2.22,-2.3,-1.54,-2.14,202.437,355.287,273.261,263.203,0,0,0,0
346,76,Mujer,8.3,121,35.2,122,1,0,-0.538,71,113,-2.38,36,0,1.81,-0.28,-0.21,-0.538,-0.888,-2.38,-1.26,-1.78,-1.86,-2.59,-3.19,48.965,85.936,66.096,63.663,0,0,0,0
347,70,Mujer,8.3,128,34.5,276,0,0,0.469,441,108,-3.52,36,0,-1.4,-0.38,-0.89,0.469,0.119,-3.52,-2.39,-2.92,-2.99,-2.21,-2.81,117.218,205.724,158.228,152.404,0,0,0,0
348,74,Hombre,6.6,120,50,28,1,0,-0.462,18,118,-2.51,36,0,0.16,-0.75,0.61,-0.462,-0.812,-2.51,-1.39,-1.91,-1.99,-2.6,-3.2,395.634,694.359,534.05,514.394,0,0,0,0
349,53,Mujer,8,110,51,125,0,0,0.258,162,114,0.72,36,0,0.43,-0.9,1.33,0.258,-0.092,0.72,1.84,1.32,1.24,1.7,1.1,421.353,739.497,568.766,547.833,0,0,0,0
350,58,Hombre,7.7,124,37,70,1,1,0.613,129,115,-3.28,36,0,0.55,1.06,0.17,0.963,0.613,-4.4,-3.28,-3.8,-3.88,-2.36,-2.96,46.922,82.351,63.339,61.007,0,0,0,0
351,59,Mujer,8.3,133,44.8,116,0,0,0.92,291,151,-0.98,36,0,0.03,-1.73,1.23,0.92,0.57,-0.98,0.14,-0.38,-0.46,1,0.4,445.892,782.565,601.892,579.739,0,0,0,0
352,57,Mujer,6.7,154,56.5,192,0,1,-0.892,79,155,-0.74,36,0,-1.77,-0.51,0.28,-0.542,-0.892,-1.87,-0.74,-1.27,-1.34,-2.08,-2.68,929.789,1631.831,1255.084,1208.89,0,0,0,0
353,72,Hombre,8.1,133,45.8,100,0,0,0.487,163,129,-4.73,36,0,-1.23,1.12,0.63,0.487,0.137,-4.73,-3.61,-4.13,-4.21,-3.4,-4,189.11,331.899,255.272,245.877,0,0,0,0
354,60,Mujer,8.6,142,45.1,104,1,1,-0.786,47,147,-1.3,36,0,0.22,-1.03,-1.4,-0.436,-0.786,-2.43,-1.3,-1.83,-1.9,-2.48,-3.08,2790.5,4897.479,3766.781,3628.142,0,0,0,0
355,66,Mujer,8.6,127,42.6,178,1,1,-0.348,126,123,-1.86,36,0,-0.8,0.74,-0.83,0.002,-0.348,-2.99,-1.86,-2.39,-2.46,-2.38,-2.98,197.313,346.295,266.345,256.542,0,0,0,0
356,54,Hombre,7.1,145,30.5,282,1,1,0.378,412,129,-5.69,18.36,1,0.25,1.91,0.18,0.728,0.378,-6.82,-5.69,-6.22,-6.29,-5.12,-5.72,10.46,18.357,14.119,13.599,1,1,1,1
357,60,Hombre,10.1,125,39.7,274,0,1,0.475,440,117,-3.69,6.06,1,0.88,0.86,-1.75,0.825,0.475,-4.82,-3.69,-4.22,-4.29,-2.98,-3.58,3.453,6.06,4.661,4.489,1,1,1,1
358,67,Mujer,7.5,154,40.1,190,0,0,0.563,334,152,-4.07,36,0,0.01,0.86,0.33,0.563,0.213,-4.07,-2.95,-3.47,-3.55,-2.63,-3.23,61.785,108.436,83.401,80.332,0,0,0,0
359,58,Mujer,9.8,106,47.4,102,1,0,0.782,223,94,-2.32,3.39,1,-2.01,0.07,0.16,0.782,0.432,-2.32,-1.19,-1.72,-1.79,-0.54,-1.14,3.39,5.95,4.576,4.408,1,1,1,1
360,63,Hombre,9.5,152,49.2,679,0,0,1.061,1963,144,-4.31,36,0,-0.41,-0.38,2.19,1.061,0.711,-4.31,-3.19,-3.71,-3.79,-2.12,-2.72,112.617,197.648,152.016,146.421,0,0,0,0
361,70,Mujer,6.6,148,53.1,13,0,0,-0.121,12,152,-1.81,36,0,1.55,1.52,-1.46,-0.121,-0.471,-1.81,-0.69,-1.21,-1.29,-1.4,-2,205.584,360.811,277.509,267.295,0,0,0,0
362,64,Mujer,5.5,137,58.8,328,1,1,-0.16,280,127,-1.37,36,0,-0.05,0.23,-1.11,0.19,-0.16,-2.49,-1.37,-1.89,-1.97,-1.61,-2.21,314.717,552.345,424.823,409.188,0,0,0,0
363,52,Hombre,5.6,114,67,42,0,1,-0.131,37,117,0.66,36,0,-0.46,0.66,0.3,0.219,-0.131,-0.46,0.66,0.14,0.06,0.46,-0.14,1152.526,2022.747,1555.748,1498.488,0,0,0,0
364,74,Hombre,8,129,43.6,127,1,0,0.255,164,119,-3.6,36,0,0.88,-0.8,0.17,0.255,-0.095,-3.6,-2.48,-3,-3.08,-2.62,-3.22,822.708,1443.898,1110.54,1069.666,0,0,0,0
365,73,Hombre,8.5,143,26.8,133,1,0,0.151,155,151,-4.68,36,0,1.82,0.4,-0.38,0.151,-0.199,-4.68,-3.56,-4.08,-4.16,-3.85,-4.45,155.244,272.462,209.558,201.845,0,0,0,0
366,74,Hombre,9.7,166,41.6,1582,1,0,-1.271,444,163,-1.73,36,0,1.56,-1.56,1.06,-1.271,-1.621,-1.73,-0.6,-1.13,-1.2,-3.03,-3.63,137.079,240.581,185.037,178.227,0,0,0,0
367,54,Mujer,5.5,132,42.7,119,0,0,0.343,168,127,-4.39,25.85,1,2.03,1.68,0.32,0.343,-0.007,-4.39,-3.27,-3.79,-3.87,-3.28,-3.88,25.854,45.375,34.899,33.614,1,0,1,1
368,62,Mujer,8.6,120,47.9,86,1,1,0.2,105,99,-3.43,36,0,0.58,1.1,-0.01,0.55,0.2,-4.56,-3.43,-3.96,-4.03,-3.13,-3.73,296.883,521.046,400.75,386,0,0,0,0
369,57,Mujer,7.2,135,54.8,72,0,0,0.615,133,133,-1.53,36,0,-1.46,-0.67,0.56,0.615,0.265,-1.53,-0.41,-0.93,-1.01,-0.01,-0.61,88.911,156.044,120.017,115.6,0,0,0,0
370,64,Hombre,7.2,122,56.2,42,0,0,0.272,55,127,-3.35,36,0,-0.4,0.32,0.84,0.272,-0.078,-3.35,-2.23,-2.75,-2.83,-2.34,-2.94,769.057,1349.737,1038.118,999.91,0,0,0,0
371,63,Hombre,6.4,117,49.3,36,0,0,-0.044,34,116,-1.04,36,0,-1.32,0.3,1.55,-0.044,-0.394,-1.04,0.09,-0.44,-0.51,-0.5,-1.1,1695.798,2976.218,2289.088,2204.837,0,0,0,0
372,73,Hombre,7.8,137,36,30,1,0,0.797,67,133,-4.03,36,0,1.8,-0.27,-0.78,0.797,0.447,-4.03,-2.9,-3.43,-3.5,-2.23,-2.83,207.692,364.511,280.355,270.036,0,0,0,0
373,63,Hombre,9.5,146,54.6,92,0,1,-0.568,52,129,0.36,36,0,0.53,-1,-0.88,-0.218,-0.568,-0.77,0.36,-0.17,-0.24,-0.49,-1.09,496.209,870.873,669.812,645.159,0,0,0,0
374,57,Mujer,8,157,52.8,220,0,0,-0.268,168,153,-0.5,36,0,-0.4,-0.94,1.5,-0.268,-0.618,-0.5,0.63,0.1,0.03,-0.3,-0.9,329,577.413,444.103,427.758,0,0,0,0
375,66,Mujer,7.9,138,60.1,171,1,1,0.055,181,120,-2.77,36,0,0.52,0.65,-0.42,0.405,0.055,-3.9,-2.77,-3.3,-3.37,-2.69,-3.29,47.098,82.659,63.576,61.236,0,0,0,0
376,66,Mujer,9.2,152,34.2,120,0,1,0.306,163,150,-1.33,36,0,0.32,0.15,1.77,0.656,0.306,-2.46,-1.33,-1.86,-1.93,-0.87,-1.47,184.362,323.566,248.863,239.703,0,0,0,0
377,56,Mujer,8.1,144,53.4,125,0,1,0.023,128,129,-2.4,36,0,-0.56,0.4,0.24,0.373,0.023,-3.52,-2.4,-2.92,-3,-2.36,-2.96,399.094,700.432,538.721,518.893,0,0,0,0
378,69,Hombre,7.6,152,58.9,20,0,0,0.216,25,148,-2.08,36,0,0.04,-0.25,0.34,0.216,-0.134,-2.08,-0.96,-1.48,-1.56,-1.16,-1.76,258.556,453.78,349.014,336.169,0,0,0,0
379,52,Hombre,9.3,143,37.5,327,1,0,-0.297,243,134,-2.51,36,0,0.48,0.3,-0.42,-0.297,-0.647,-2.51,-1.38,-1.91,-1.98,-2.35,-2.95,1226.539,2152.642,1655.654,1594.717,0,0,0,0
380,72,Mujer,6.3,129,35.7,198,0,0,-0.478,123,135,-2.53,36,0,-1.55,-0.17,-0.34,-0.478,-0.828,-2.53,-1.41,-1.93,-2.01,-2.65,-3.25,1226.784,2153.074,1655.986,1595.036,0,0,0,0
381,68,Hombre,5.9,161,51.5,213,0,1,0.404,319,164,-5.37,36,0,0.65,1.58,0.59,0.754,0.404,-6.5,-5.37,-5.9,-5.97,-4.77,-5.37,129.3,226.928,174.536,168.112,0,0,0,0
382,61,Hombre,8.4,133,41.6,37,0,0,-0.198,30,132,-0.43,36,0,0.78,-0.66,-0.61,-0.198,-0.548,-0.43,0.69,0.17,0.09,-0.13,-0.73,304.112,533.733,410.508,395.399,0,0,0,0
383,63,Hombre,7.4,160,56.9,36,0,0,-0.031,35,153,-1.8,36,0,0.84,0.55,0.41,-0.031,-0.381,-1.8,-0.67,-1.2,-1.27,-1.24,-1.84,407.512,715.206,550.084,529.838,0,0,0,0
384,71,Hombre,8,164,52,87,0,0,0.204,107,179,-2.01,36,0,0.18,-0.44,-0.15,0.204,-0.146,-2.01,-0.89,-1.41,-1.49,-1.11,-1.71,371.951,652.795,502.082,483.602,0,0,0,0
385,72,Mujer,5.6,117,45.4,36,0,0,-0.308,26,99,2.28,36,0,1.42,-0.94,0.02,-0.308,-0.658,2.28,3.41,2.88,2.81,2.42,1.82,11592.485,20345.445,15648.218,15072.276,0,0,0,0
386,67,Hombre,6.8,176,37.5,133,0,0,0.446,208,164,-4.8,36,0,0.46,0.35,1.43,0.446,0.096,-4.8,-3.67,-4.2,-4.27,-3.53,-4.13,685.182,1202.531,924.898,890.857,0,0,0,0
387,73,Hombre,8.3,156,28.8,457,0,1,-0.698,227,146,-1.54,36,0,1.06,-0.54,0.56,-0.348,-0.698,-2.66,-1.54,-2.06,-2.14,-2.58,-3.18,305.594,536.334,412.508,397.326,0,0,0,0
388,69,Mujer,8.2,127,50.1,70,0,0,-0.126,62,125,-1.94,36,0,1.96,0.24,2.1,-0.126,-0.476,-1.94,-0.81,-1.34,-1.41,-1.52,-2.12,1263.178,2216.947,1705.112,1642.355,0,0,0,0
389,53,Hombre,6.5,142,54,237,0,0,0.078,256,138,-2.1,36,0,-1.51,-0.49,-1.34,0.078,-0.272,-2.1,-0.97,-1.5,-1.57,-1.38,-1.98,1076.181,1888.756,1452.692,1399.225,0,0,0,0
390,74,Hombre,7.3,154,44.5,143,0,0,0.817,324,163,-4.1,36,0,2.71,0.75,2.14,0.817,0.467,-4.1,-2.97,-3.5,-3.57,-2.27,-2.87,318.26,558.563,429.606,413.794,0,0,0,0
391,57,Hombre,7.2,135,48.5,112,0,1,-0.077,104,131,-1.35,36,0,0.4,0.35,-0.63,0.273,-0.077,-2.47,-1.35,-1.87,-1.95,-1.46,-2.06,751.227,1318.444,1014.05,976.727,0,0,0,0
392,52,Hombre,7.6,132,36.8,39,0,1,-0.243,31,117,-1.01,36,0,0.52,1.5,0.73,0.107,-0.243,-2.14,-1.01,-1.54,-1.61,-1.38,-1.98,290.827,510.417,392.575,378.126,0,0,0,0
393,60,Mujer,8.8,120,48.6,88,0,0,-0.522,52,145,0.45,36,0,-0.22,-1.72,-0.29,-0.522,-0.872,0.45,1.58,1.05,0.98,0.27,-0.33,5979.717,10494.729,8071.773,7774.687,0,0,0,0
394,54,Mujer,6.3,138,43.6,340,1,0,0.387,500,146,-2.58,36,0,-0.34,-0.64,-0.02,0.387,0.037,-2.58,-1.45,-1.98,-2.05,-1.4,-2,743.978,1305.722,1004.265,967.303,0,0,0,0
395,60,Hombre,8.7,154,47.8,79,0,0,0.511,132,158,-3.53,36,0,-0.05,-0.04,0.63,0.511,0.161,-3.53,-2.4,-2.93,-3,-2.16,-2.76,168.65,295.989,227.653,219.274,0,0,0,0
396,71,Mujer,6.9,143,41.4,175,1,0,0.155,204,145,-3.96,36,0,0.72,-0.41,-1.7,0.155,-0.195,-3.96,-2.84,-3.36,-3.44,-3.13,-3.73,726.502,1275.051,980.675,944.581,0,0,0,0
397,70,Mujer,8.8,161,37.4,435,0,0,-0.181,363,166,-2.13,36,0,0.51,-0.65,0.52,-0.181,-0.531,-2.13,-1.01,-1.53,-1.61,-1.8,-2.4,371.151,651.39,501.001,482.562,0,0,0,0
398,81,Hombre,8.4,157,33.7,119,1,0,0.597,216,163,-4.82,36,0,2.44,0.62,-0.49,0.597,0.247,-4.82,-3.7,-4.22,-4.3,-3.33,-3.93,104.984,184.252,141.713,136.497,0,0,0,0
399,52,Mujer,9.1,155,59.9,58,0,1,0.312,79,157,-5.15,36,0,-0.58,3.29,-0.05,0.662,0.312,-6.27,-5.15,-5.67,-5.75,-4.68,-5.28,254.373,446.439,343.368,330.73,0,0,0,0
400,47,Hombre,8.9,125,61.9,8,0,1,0.496,13,125,0.88,36,0,0.06,-1.19,1.55,0.846,0.496,-0.25,0.88,0.35,0.28,1.62,1.02,860.605,1510.409,1161.696,1118.939,0,0,0,0
401,73,Mujer,6.4,131,35.9,12,0,0,-0.232,10,138,-2.34,36,0,0.04,0.18,-0.01,-0.232,-0.582,-2.34,-1.21,-1.74,-1.81,-2.08,-2.68,2258.58,3963.931,3048.764,2936.552,0,0,0,0
402,65,Hombre,6.7,145,54,69,0,1,-0.72,34,142,1.52,36,0,1.96,-1.01,0.28,-0.37,-0.72,0.39,1.52,0.99,0.92,0.44,-0.16,988.164,1734.281,1333.882,1284.787,0,0,0,0
403,60,Hombre,8.1,156,48.1,8,1,0,0.647,15,154,-2.05,36,0,-0.26,-0.68,1.01,0.647,0.297,-2.05,-0.92,-1.45,-1.52,-0.48,-1.08,342.411,600.951,462.207,445.195,0,0,0,0
404,66,Hombre,8,95,36.9,137,1,1,-0.491,84,82,1.93,36,0,-0.66,-0.73,1.15,-0.141,-0.491,0.81,1.93,1.41,1.33,1.19,0.59,1101.862,1933.828,1487.358,1432.615,0,0,0,0
405,80,Mujer,7.9,147,41.7,227,0,1,-0.891,93,128,0.86,36,0,-1.11,-2.14,0.09,-0.541,-0.891,-0.26,0.86,0.34,0.26,-0.48,-1.08,921.202,1616.759,1243.492,1197.725,0,0,0,0
406,56,Mujer,7.6,137,41,176,0,0,0.796,390,145,-4.78,36,0,-1.46,1.06,-2.08,0.796,0.446,-4.78,-3.66,-4.18,-4.26,-2.99,-3.59,176.86,310.399,238.736,229.949,0,0,0,0
407,89,Hombre,6.3,157,46.7,150,1,0,-0.216,121,145,-2.49,36,0,1.49,0.6,-1.21,-0.216,-0.566,-2.49,-1.37,-1.89,-1.97,-2.22,-2.82,65.341,114.676,88.201,84.954,0,0,0,0
408,78,Mujer,5.5,157,22.1,178,0,0,-0.917,71,154,-1.06,36,0,0.5,-0.07,0.51,-0.917,-1.267,-1.06,0.06,-0.46,-0.54,-1.84,-2.44,673.484,1182.001,909.108,875.648,0,0,0,0
409,76,Hombre,6.4,153,46.1,100,0,0,0.253,129,160,-1.63,36,0,0.35,-0.3,-0.62,0.253,-0.097,-1.63,-0.51,-1.03,-1.11,-0.65,-1.25,125.471,220.209,169.368,163.135,0,0,0,0
410,68,Hombre,8.6,122,44.1,424,0,1,-0.694,212,109,-1.47,36,0,1.98,-0.84,-2.85,-0.344,-0.694,-2.6,-1.47,-2,-2.07,-2.51,-3.11,196.389,344.673,265.097,255.34,0,0,0,0
411,58,Hombre,8.3,95,44,150,0,1,-0.359,105,99,-1.02,36,0,0.74,-0.33,1.03,-0.009,-0.359,-2.15,-1.02,-1.55,-1.62,-1.56,-2.16,91.205,160.07,123.114,118.583,0,0,0,0
412,52,Hombre,9.3,113,60.1,108,0,1,-0.341,77,108,-0.88,36,0,0.07,0.21,-0.44,0.009,-0.341,-2,-0.88,-1.4,-1.48,-1.39,-1.99,3250.446,5704.711,4387.644,4226.154,0,0,0,0
413,64,Hombre,7.2,149,38.6,351,1,0,0.32,483,149,-3.63,36,0,-0.63,-0.82,-1.82,0.32,-0.03,-3.63,-2.5,-3.03,-3.1,-2.55,-3.15,693.087,1216.405,935.569,901.135,0,0,0,0
414,73,Hombre,10.2,171,42,338,0,0,0.432,520,181,-3.25,36,0,-0.97,-0.88,-0.23,0.432,0.082,-3.25,-2.12,-2.65,-2.72,-2,-2.6,910.501,1597.979,1229.048,1183.812,0,0,0,0
415,64,Mujer,8.3,184,43.5,294,0,0,0.368,425,201,-3.13,36,0,-3.11,-0.99,0.59,0.368,0.018,-3.13,-2.01,-2.53,-2.61,-1.98,-2.58,54.335,95.361,73.345,70.645,0,0,0,0
416,64,Hombre,8.2,148,53.3,167,0,1,-0.485,103,133,-0.26,36,0,1.13,-0.12,0.27,-0.135,-0.485,-1.39,-0.26,-0.79,-0.86,-0.99,-1.59,471.051,826.72,635.852,612.449,0,0,0,0
417,63,Mujer,6.5,95,30.9,13,0,0,-0.447,8,89,0.42,36,0,-0.55,-1.52,0.12,-0.447,-0.797,0.42,1.54,1.02,0.94,0.35,-0.25,1270.507,2229.809,1715.005,1651.883,0,0,0,0
418,80,Hombre,6.2,132,47.1,66,0,0,0.814,149,130,-4.06,36,0,1.43,0.51,-0.24,0.814,0.464,-4.06,-2.94,-3.46,-3.54,-2.24,-2.84,323.671,568.06,436.91,420.829,0,0,0,0
419,70,Hombre,7.7,116,56.7,14,0,0,0.54,24,110,-3.12,36,0,-0.05,-1.17,0.08,0.54,0.19,-3.12,-1.99,-2.52,-2.59,-1.71,-2.31,616.437,1081.88,832.103,801.477,0,0,0,0
420,58,Hombre,8.4,128,41.2,138,0,0,-0.607,75,120,-2.5,36,0,1.83,0.76,0.83,-0.607,-0.957,-2.5,-1.38,-1.9,-1.98,-2.81,-3.41,83.12,145.88,112.2,108.071,0,0,0,0
421,69,Mujer,7.3,124,52.1,68,0,1,-0.237,54,117,1.17,36,0,1.08,-0.04,-1.22,0.113,-0.237,0.04,1.17,0.64,0.57,0.81,0.21,486.258,853.41,656.38,632.221,0,0,0,0
422,54,Hombre,6,129,37.9,37,0,1,0.797,82,121,-1.05,7.91,1,-0.05,1.63,2.39,1.147,0.797,-2.18,-1.05,-1.58,-1.65,0.15,-0.45,4.51,7.915,6.087,5.863,1,1,1,1
423,79,Hombre,7.1,144,58.8,72,1,0,0.161,85,150,-3.32,36,0,1.36,0.75,-1.47,0.161,-0.189,-3.32,-2.2,-2.72,-2.8,-2.48,-3.08,151.645,266.146,204.7,197.166,0,0,0,0
424,61,Mujer,7.7,118,54.2,185,0,1,-0.225,148,121,-2.29,36,0,-0.24,0.97,-0.16,0.125,-0.225,-3.41,-2.29,-2.81,-2.89,-2.63,-3.23,232.275,407.655,313.538,301.998,0,0,0,0
425,59,Hombre,6.9,108,54.4,155,1,1,-0.219,125,105,-1.9,36,0,1.8,0.19,0.26,0.131,-0.219,-3.03,-1.9,-2.43,-2.5,-2.23,-2.83,723.75,1270.221,976.961,941.003,0,0,0,0
426,56,Mujer,7.8,129,54.5,35,0,1,-0.72,17,127,-0.85,36,0,0.42,1.05,0.86,-0.37,-0.72,-1.98,-0.85,-1.38,-1.45,-1.93,-2.53,1092.585,1917.546,1474.835,1420.553,0,0,0,0
427,58,Mujer,7.5,115,39.9,54,0,1,0.787,119,107,-2.46,36,0,-1.1,0.51,0.51,1.137,0.787,-3.58,-2.46,-2.98,-3.06,-1.28,-1.88,198.493,348.366,267.937,258.076,0,0,0,0
428,74,Mujer,6.5,129,49.1,62,1,1,0.151,72,135,-2.24,36,0,2.48,0.78,-2.36,0.501,0.151,-3.37,-2.24,-2.77,-2.84,-2.01,-2.61,385.01,675.713,519.709,500.581,0,0,0,0
429,69,Hombre,7.6,132,23.4,90,0,0,0.567,159,133,-3.58,36,0,2.08,-0.13,-0.36,0.567,0.217,-3.58,-2.45,-2.98,-3.05,-2.13,-2.73,90.016,157.983,121.509,117.037,0,0,0,0
430,43,Hombre,6.1,153,61.2,73,0,1,0.379,107,157,-0.82,36,0,0.31,1.66,0.15,0.729,0.379,-1.95,-0.82,-1.35,-1.42,-0.26,-0.86,100.314,176.057,135.41,130.426,0,0,0,0
431,62,Mujer,9.4,126,41.3,190,0,1,-0.495,116,119,-3.85,36,0,-0.37,-0.34,0.13,-0.145,-0.495,-4.98,-3.85,-4.38,-4.45,-4.6,-5.2,1499.352,2631.445,2023.913,1949.422,0,0,0,0
432,70,Hombre,5.5,95,41.5,46,1,0,-0.083,42,94,-1.79,36,0,0.59,-1.28,-1.83,-0.083,-0.433,-1.79,-0.67,-1.19,-1.27,-1.32,-1.92,12699.698,22288.664,17142.799,16511.849,0,0,0,0
433,63,Mujer,8.1,146,54.5,50,0,0,-0.998,18,130,0.64,36,0,1.31,-2.23,-1.7,-0.998,-1.348,0.64,1.76,1.24,1.16,-0.26,-0.86,367.937,645.749,496.663,478.383,0,0,0,0
434,78,Hombre,7.6,131,51.1,203,0,1,-0.017,200,132,-1.58,36,0,-1.16,0.79,0.19,0.333,-0.017,-2.7,-1.58,-2.1,-2.18,-1.6,-2.2,808.403,1418.792,1091.23,1051.067,0,0,0,0
435,52,Hombre,9.6,155,51.9,415,0,1,-0.405,277,151,-4.26,36,0,-0.75,1.58,1.61,-0.055,-0.405,-5.38,-4.26,-4.78,-4.86,-4.87,-5.47,163.659,287.23,220.916,212.785,0,0,0,0
436,51,Hombre,7,157,56.5,42,1,0,-0.147,36,158,-2.13,36,0,0.21,1.47,-0.45,-0.147,-0.497,-2.13,-1,-1.53,-1.6,-1.75,-2.35,434.958,763.374,587.131,565.522,0,0,0,0
437,65,Mujer,7.7,135,48.9,491,0,1,-1.082,166,128,0.7,36,0,-0.72,-2.27,-0.77,-0.732,-1.082,-0.43,0.7,0.17,0.1,-0.92,-1.52,118.362,207.732,159.772,153.892,0,0,0,0
438,76,Mujer,7.8,135,36.1,686,1,1,-1.549,146,138,-0.26,36,0,0.41,-1.09,-0.82,-1.199,-1.549,-1.38,-0.26,-0.78,-0.86,-2.58,-3.18,369.774,648.974,499.143,480.772,0,0,0,0
439,62,Hombre,9.7,162,31.8,120,0,1,0.037,125,156,-4.48,36,0,0.18,0.05,-1.07,0.387,0.037,-5.6,-4.48,-5,-5.08,-4.42,-5.02,40.27,70.676,54.359,52.358,0,0,0,0
440,44,Mujer,6.4,131,58.2,8,0,0,1.137,25,132,-3.56,36,0,-0.53,1.73,-0.63,1.137,0.787,-3.56,-2.43,-2.96,-3.03,-1.25,-1.85,1635.302,2870.045,2207.427,2126.181,0,0,0,0
441,72,Hombre,6.4,115,36.3,99,0,0,-0.663,51,123,-1.91,36,0,-0.09,0.39,-0.68,-0.663,-1.013,-1.91,-0.79,-1.31,-1.39,-2.31,-2.91,281.892,494.736,380.515,366.51,0,0,0,0
442,55,Mujer,7.7,115,54.2,67,0,1,-0.284,50,100,-1.78,36,0,-0.2,0.42,-0.3,0.066,-0.284,-2.91,-1.78,-2.31,-2.38,-2.21,-2.81,468.192,821.702,631.993,608.732,0,0,0,0
443,85,Hombre,7.7,164,40.3,1544,1,1,-0.718,753,162,-4.1,36,0,1.97,0.39,-0.31,-0.368,-0.718,-5.22,-4.1,-4.62,-4.7,-5.18,-5.78,57.707,101.28,77.897,75.03,0,0,0,0
444,77,Mujer,5.9,121,34,831,0,0,0.439,1289,126,-2.61,36,0,0.14,0.36,0.08,0.439,0.089,-2.61,-1.49,-2.01,-2.09,-1.36,-1.96,139.724,245.223,188.608,181.666,0,0,0,0
445,61,Mujer,7.8,131,42.6,44,0,1,0.291,59,114,-4.32,36,0,-1.12,2.21,-0.38,0.641,0.291,-5.45,-4.32,-4.85,-4.92,-3.89,-4.49,81.904,143.747,110.559,106.49,0,0,0,0
446,76,Mujer,8.6,162,29.1,31,0,0,0.639,59,164,-3.47,36,0,0.61,-0.08,-0.37,0.639,0.289,-3.47,-2.35,-2.87,-2.95,-1.92,-2.52,296.079,519.635,399.665,384.955,0,0,0,0
447,61,Mujer,7.4,124,65,19,0,1,-0.533,11,120,1.46,36,0,-0.01,-1.93,-0.04,-0.183,-0.533,0.34,1.46,0.94,0.86,0.66,0.06,10862.978,19065.121,14663.487,14123.789,0,0,0,0
448,78,Hombre,6.7,146,42.5,206,1,0,-0.284,155,166,-3.56,36,0,1.66,-0.53,-0.85,-0.284,-0.634,-3.56,-2.43,-2.96,-3.03,-3.38,-3.98,242.232,425.131,326.979,314.945,0,0,0,0
449,57,Hombre,9.8,127,43.3,33,0,0,0.205,41,120,-2.73,36,0,1.92,-0.14,-0.77,0.205,-0.145,-2.73,-1.61,-2.13,-2.21,-1.83,-2.43,1029.506,1806.84,1389.688,1338.54,0,0,0,0
450,64,Hombre,7,128,32.5,66,0,0,1.102,199,126,-4.74,36,0,0.27,1.13,0.17,1.102,0.752,-4.74,-3.62,-4.14,-4.22,-2.49,-3.09,155.9,273.614,210.444,202.698,0,0,0,0
451,43,Mujer,8.5,133,41.1,207,0,1,-0.515,124,111,-1.6,36,0,1.2,2.27,0.32,-0.165,-0.515,-2.73,-1.6,-2.13,-2.2,-2.38,-2.98,111.847,196.297,150.977,145.42,0,0,0,0
452,71,Mujer,8.4,126,48.3,160,1,0,-0.255,124,130,-2.93,36,0,1.06,-0.56,-0.22,-0.255,-0.605,-2.93,-1.81,-2.33,-2.41,-2.71,-3.31,311.633,546.933,420.661,405.178,0,0,0,0
453,80,Mujer,7.8,139,46.2,114,0,0,-0.494,70,134,-1.97,36,0,0.74,-0.26,-3.47,-0.494,-0.844,-1.97,-0.84,-1.37,-1.44,-2.11,-2.71,607.215,1065.696,819.655,789.487,0,0,0,0
454,76,Mujer,8.6,157,36.7,645,0,1,-0.598,355,160,-2.73,36,0,-0.38,-0.63,0.09,-0.248,-0.598,-3.86,-2.73,-3.26,-3.33,-3.63,-4.23,37.763,66.277,50.975,49.099,0,0,0,0
455,54,Hombre,6.9,166,70,143,1,1,-0.159,122,167,-1.08,36,0,-1.66,-0.75,0.62,0.191,-0.159,-2.2,-1.08,-1.6,-1.68,-1.32,-1.92,394.066,691.608,531.934,512.356,0,0,0,0
456,72,Mujer,7.6,139,39.4,163,1,0,-0.75,77,142,1.51,36,0,-0.24,-1.19,0.1,-0.75,-1.1,1.51,2.64,2.11,2.04,0.99,0.39,427.549,750.372,577.131,555.889,0,0,0,0
457,56,Hombre,5.6,128,42.5,129,0,0,0.408,194,118,-2.16,36,0,-0.92,-0.39,1.44,0.408,0.058,-2.16,-1.03,-1.56,-1.63,-0.95,-1.55,796.254,1397.47,1074.831,1035.271,0,0,0,0
458,82,Hombre,9.3,135,30.3,1673,0,1,-0.576,940,141,-4.13,36,0,0.11,0.37,2,-0.226,-0.576,-5.26,-4.13,-4.66,-4.73,-5,-5.6,62.937,110.459,84.957,81.83,0,0,0,0
459,61,Mujer,5.5,140,44.9,11,0,1,-0.882,5,131,2.5,36,0,-0.8,-0.85,0.06,-0.532,-0.882,1.37,2.5,1.97,1.9,1.18,0.58,1429.274,2508.454,1929.318,1858.308,0,0,0,0
460,72,Mujer,8.2,121,49.1,108,0,0,-0.608,59,134,0.26,36,0,0.53,-1.29,0.92,-0.608,-0.958,0.26,1.39,0.86,0.79,-0.05,-0.65,754.202,1323.666,1018.066,980.596,0,0,0,0
461,58,Mujer,7.5,150,36,50,0,0,0.538,86,159,-2.77,36,0,1.5,0.35,-1.94,0.538,0.188,-2.77,-1.65,-2.17,-2.25,-1.37,-1.97,81.879,143.703,110.526,106.458,0,0,0,0
462,58,Hombre,8.1,142,44.4,184,0,1,-1.075,63,139,0.11,36,0,0.22,-1.09,1.8,-0.725,-1.075,-1.01,0.11,-0.41,-0.49,-1.5,-2.1,6013.12,10553.355,8116.863,7818.118,0,0,0,0
463,66,Hombre,7.8,151,45.8,47,0,0,1.111,143,152,-2.9,36,0,-0.75,0.38,-0.63,1.111,0.761,-2.9,-1.78,-2.3,-2.38,-0.63,-1.23,249.3,437.535,336.519,324.134,0,0,0,0
464,64,Hombre,7.3,159,40,322,0,0,0.235,407,153,-4.19,36,0,1.76,0.85,-2.02,0.235,-0.115,-4.19,-3.06,-3.59,-3.66,-3.24,-3.84,485.615,852.281,655.512,631.385,0,0,0,0
465,57,Hombre,11.4,127,33.2,205,1,0,-0.043,196,124,-1.95,36,0,-0.88,-1.67,0.13,-0.043,-0.393,-1.95,-0.83,-1.35,-1.43,-1.42,-2.02,1166.787,2047.774,1574.997,1517.029,0,0,0,0
466,65,Hombre,9.7,101,41.6,544,1,1,-0.639,287,101,-0.93,36,0,0.87,-1.64,0.61,-0.289,-0.639,-2.06,-0.93,-1.46,-1.53,-1.89,-2.49,722.132,1267.381,974.776,938.899,0,0,0,0
467,54,Hombre,6.2,130,57.8,44,1,1,0.144,51,128,-4.69,36,0,0.05,0.97,-0.93,0.494,0.144,-5.82,-4.69,-5.22,-5.29,-4.48,-5.08,767.276,1346.611,1035.714,997.594,0,0,0,0
468,51,Mujer,6.3,149,58.1,317,0,1,-0.224,253,138,-0.59,36,0,0.01,0.07,0.44,0.126,-0.224,-1.71,-0.59,-1.11,-1.19,-0.92,-1.52,591.197,1037.583,798.032,768.66,0,0,0,0
469,66,Hombre,9.1,112,46.9,453,0,0,-0.287,340,115,-3.39,36,0,0.22,0.04,0.59,-0.287,-0.637,-3.39,-2.27,-2.79,-2.87,-3.22,-3.82,1113.417,1954.107,1502.955,1447.638,0,0,0,0
470,59,Hombre,7.6,150,40.1,124,0,0,0.196,151,167,-3.12,36,0,2.08,1.08,-0.08,0.196,-0.154,-3.12,-2,-2.52,-2.6,-2.23,-2.83,43.292,75.98,58.438,56.287,0,0,0,0
471,54,Hombre,8.6,143,56.2,246,0,1,-0.771,114,145,-1.4,36,0,2.39,0.28,0.47,-0.421,-0.771,-2.53,-1.4,-1.93,-2,-2.56,-3.16,48.805,85.656,65.88,63.455,0,0,0,0
472,54,Mujer,5.5,149,37.4,129,0,0,0.369,187,159,-1.61,36,0,0.12,0.89,0.59,0.369,0.019,-1.61,-0.49,-1.01,-1.09,-0.46,-1.06,85.539,150.126,115.466,111.216,0,0,0,0
473,63,Hombre,8.6,128,43.5,150,0,1,0.221,187,134,-2.64,36,0,-1.53,1.14,1.82,0.571,0.221,-3.76,-2.64,-3.16,-3.24,-2.31,-2.91,1035.272,1816.96,1397.472,1346.037,0,0,0,0
474,60,Hombre,9.3,132,54.4,98,0,1,0.349,139,127,-2.98,36,0,1.27,2.17,-0.72,0.699,0.349,-4.1,-2.98,-3.5,-3.58,-2.46,-3.06,21.277,37.342,28.72,27.663,1,0,1,1
475,52,Hombre,7.3,130,57.8,61,0,1,0.583,109,124,-2.66,36,0,-0.31,0.64,0.12,0.933,0.583,-3.79,-2.66,-3.19,-3.26,-1.79,-2.39,528.61,927.739,713.548,687.286,0,0,0,0
476,63,Hombre,10.5,123,39.6,50,0,0,1.047,142,122,-5.2,36,0,-0.15,1.75,1.05,1.047,0.697,-5.2,-4.07,-4.6,-4.67,-3.03,-3.63,302.243,530.453,407.985,392.969,0,0,0,0
477,44,Hombre,6.4,120,52.9,45,0,0,-0.296,33,138,-0.47,36,0,-0.15,0.23,-2.45,-0.296,-0.646,-0.47,0.65,0.13,0.05,-0.32,-0.92,7671.007,13463.037,10354.777,9973.663,0,0,0,0
478,87,Hombre,6.5,141,40.6,106,0,0,-0.523,63,146,-0.19,36,0,0.71,-1.03,-0.02,-0.523,-0.873,-0.19,0.94,0.41,0.34,-0.37,-0.97,2754.753,4834.741,3718.527,3581.665,0,0,0,0
479,78,Hombre,6.5,119,46.2,58,1,0,0.117,65,109,-1.63,36,0,1.78,-0.21,0.48,0.117,-0.233,-1.63,-0.51,-1.03,-1.11,-0.86,-1.46,299.659,525.918,404.497,389.609,0,0,0,0
480,71,Hombre,9.9,166,40.2,31,1,1,0.932,79,161,-5.54,36,0,0.89,2.51,-1.65,1.282,0.932,-6.67,-5.54,-6.07,-6.14,-4.15,-4.75,78.657,138.048,106.176,102.268,0,0,0,0
481,59,Hombre,8.1,122,41,67,0,1,0.489,109,113,-2.1,36,0,1.64,-0.27,2.13,0.839,0.489,-3.23,-2.1,-2.63,-2.7,-1.37,-1.97,98.942,173.649,133.558,128.642,0,0,0,0
482,71,Hombre,7.4,156,49.1,240,0,1,0.144,277,156,-2.14,36,0,-0.74,-0.52,0.6,0.494,0.144,-3.27,-2.14,-2.67,-2.74,-1.93,-2.53,141.035,247.524,190.377,183.37,0,0,0,0
483,78,Mujer,5.5,137,30.1,61,0,0,0.301,82,121,-3.9,36,0,-1.38,0.58,0.58,0.301,-0.049,-3.9,-2.78,-3.3,-3.38,-2.85,-3.45,89.991,157.94,121.476,117.005,0,0,0,0
484,66,Hombre,6.5,122,53.1,28,0,1,0.145,32,127,-1.55,36,0,-0.01,0.07,0.45,0.495,0.145,-2.67,-1.55,-2.07,-2.15,-1.33,-1.93,1852.128,3250.586,2500.111,2408.093,0,0,0,0
485,64,Hombre,5.5,124,53.3,106,0,0,-0.144,92,132,1.91,36,0,0.57,-0.98,0.17,-0.144,-0.494,1.91,3.04,2.51,2.44,2.29,1.69,2136.766,3750.142,2884.333,2778.173,0,0,0,0
486,73,Hombre,7.7,137,39.4,40,1,0,0.46,63,147,-2.66,36,0,-0.55,-0.41,1.29,0.46,0.11,-2.66,-1.54,-2.06,-2.14,-1.38,-1.98,484.647,850.581,654.204,630.126,0,0,0,0
487,67,Mujer,8,126,51.5,74,0,1,-0.678,38,121,2.09,36,0,-0.22,-1.56,0.79,-0.328,-0.678,0.97,2.09,1.57,1.49,1.07,0.47,1064.596,1868.424,1437.054,1384.163,0,0,0,0
488,64,Hombre,10.2,126,38.7,747,0,0,-0.264,574,135,-2.58,36,0,1.88,-1.38,0.82,-0.264,-0.614,-2.58,-1.46,-1.98,-2.06,-2.38,-2.98,87.262,153.149,117.791,113.456,0,0,0,0
489,50,Mujer,6.8,161,47.9,435,0,1,-0.739,208,171,-2.04,36,0,0.41,-0.16,-0.44,-0.389,-0.739,-3.16,-2.04,-2.56,-2.64,-3.15,-3.75,185.542,325.636,250.455,241.237,0,0,0,0
490,81,Mujer,7.2,129,32,583,1,0,-0.421,383,134,-4.58,36,0,2.16,0.86,-0.21,-0.421,-0.771,-4.58,-3.46,-3.98,-4.06,-4.62,-5.22,415.074,728.478,560.291,539.669,0,0,0,0
491,55,Hombre,7.7,131,60.2,166,0,1,-0.829,72,126,1.2,36,0,0.56,-0.35,-2.24,-0.479,-0.829,0.08,1.2,0.68,0.6,-0.04,-0.64,391.404,686.935,528.34,508.894,0,0,0,0
492,75,Hombre,8,145,32.1,140,0,0,-0.038,135,151,-3.83,36,0,0.72,0.5,1.07,-0.038,-0.388,-3.83,-2.71,-3.23,-3.31,-3.29,-3.89,656.338,1151.909,885.963,853.355,0,0,0,0
493,74,Mujer,8.9,142,62.6,202,0,1,0.462,321,132,-2.9,14.14,1,-0.62,0.66,-0.69,0.812,0.462,-4.02,-2.9,-3.42,-3.5,-2.2,-2.8,8.058,14.143,10.878,10.477,1,1,1,1
494,69,Mujer,7.9,119,32.1,236,0,0,0.312,322,109,-2.01,36,0,-1.6,-0.34,-0.44,0.312,-0.038,-2.01,-0.89,-1.41,-1.49,-0.94,-1.54,547.677,961.203,739.286,712.077,0,0,0,0
495,77,Mujer,8.1,134,44,79,0,1,0.55,137,127,-5.11,36,0,-1.08,1.72,0.41,0.9,0.55,-6.23,-5.11,-5.63,-5.71,-4.28,-4.88,78.791,138.283,106.357,102.442,0,0,0,0
496,89,Hombre,10,151,37.7,811,0,1,0.158,950,151,-6.08,36,0,-1,0.22,-0.25,0.508,0.158,-7.2,-6.08,-6.6,-6.68,-5.84,-6.44,212.539,373.018,286.898,276.338,0,0,0,0
497,63,Mujer,8.3,131,40.6,134,0,1,-0.111,120,133,-0.51,36,0,-0.01,1.47,0.61,0.239,-0.111,-1.63,-0.51,-1.03,-1.11,-0.68,-1.28,385.929,677.326,520.949,501.775,0,0,0,0
498,81,Mujer,7.8,157,33,168,0,0,-0.436,109,160,-0.6,36,0,-0.99,-1.23,-1.55,-0.436,-0.786,-0.6,0.53,0,-0.07,-0.65,-1.25,1848.818,3244.777,2495.644,2403.79,0,0,0,0
499,65,Mujer,7.4,129,39.7,82,0,0,-0.432,53,126,-1.31,36,0,-0.36,-0.25,0.46,-0.432,-0.782,-1.31,-0.18,-0.71,-0.78,-1.35,-1.95,123.872,217.402,167.21,161.055,0,0,0,0
500,43,Mujer,6.4,136,46.7,24,0,1,-0.286,18,126,4.1,36,0,-2.2,-2.5,2.05,0.064,-0.286,2.98,4.1,3.58,3.5,3.68,3.08,378.101,663.588,510.383,491.598,0,0,0,0
501,55,Hombre,7.2,150,52.9,232,0,1,0.246,297,144,-3.97,36,0,-2.91,0.93,-0.34,0.596,0.246,-5.09,-3.97,-4.49,-4.57,-3.6,-4.2,63.29,111.077,85.432,82.288,0,0,0,0
502,64,Hombre,7,137,54.8,284,1,1,-0.467,178,120,-0.45,36,0,-0.3,-0.28,0.02,-0.117,-0.467,-1.57,-0.45,-0.97,-1.05,-1.15,-1.75,1030.29,1808.215,1390.746,1339.559,0,0,0,0
503,63,Hombre,6.1,130,38.1,329,1,1,-0.06,310,138,-1.79,36,0,-0.53,0.87,0.21,0.29,-0.06,-2.92,-1.79,-2.32,-2.39,-1.88,-2.48,138.08,242.337,186.388,179.528,0,0,0,0
504,60,Mujer,6.4,135,55,43,1,1,0.038,45,135,-2.41,36,0,-0.53,-0.33,0.83,0.388,0.038,-3.53,-2.41,-2.93,-3.01,-2.35,-2.95,706.434,1239.83,953.586,918.488,0,0,0,0
505,53,Hombre,6.6,155,45.4,380,0,0,0.43,584,152,-5.6,36,0,-0.95,-0.05,-0.57,0.43,0.08,-5.6,-4.48,-5,-5.08,-4.36,-4.96,95.011,166.749,128.251,123.531,0,0,0,0
506,61,Hombre,6.9,115,39.4,79,0,0,0.861,187,117,-3.85,9.77,1,1.24,1.02,-0.44,0.861,0.511,-3.85,-2.72,-3.25,-3.32,-1.95,-2.55,9.766,17.14,13.183,12.698,1,1,1,1
507,78,Hombre,7.8,154,37.2,1190,0,1,-0.156,1018,147,-3.47,36,0,0.85,-0.09,-0.8,0.194,-0.156,-4.6,-3.47,-4,-4.07,-3.71,-4.31,99.951,175.42,134.92,129.954,0,0,0,0
508,58,Hombre,8.6,135,44.2,143,1,1,0.395,212,145,-1.21,36,0,0.76,0.49,0.25,0.745,0.395,-2.34,-1.21,-1.74,-1.81,-0.62,-1.22,44.524,78.142,60.101,57.889,0,0,0,0
509,58,Mujer,9,124,50.5,35,0,0,0.085,38,128,-1.87,36,0,0.25,1.18,0.2,0.085,-0.265,-1.87,-0.74,-1.27,-1.34,-1.14,-1.74,276.816,485.828,373.663,359.91,0,0,0,0
510,59,Hombre,8.3,113,38.5,150,1,1,0.17,178,102,-1.2,36,0,1.39,-0.24,-0.67,0.52,0.17,-2.33,-1.2,-1.73,-1.8,-0.95,-1.55,124.523,218.545,168.089,161.902,0,0,0,0
511,78,Mujer,9.2,127,38.1,104,0,1,0.319,143,122,-5.39,36,0,1.2,1.65,-0.1,0.669,0.319,-6.52,-5.39,-5.92,-5.99,-4.92,-5.52,89.051,156.289,120.206,115.782,0,0,0,0
512,69,Mujer,9.6,152,41.8,464,0,1,0.271,609,140,-4.47,36,0,-0.75,0.44,0.73,0.621,0.271,-5.59,-4.47,-4.99,-5.07,-4.06,-4.66,89.752,157.519,121.152,116.693,0,0,0,0
513,57,Hombre,6,129,44.9,89,0,1,-0.684,45,127,-1.4,36,0,0.42,0.8,-1.02,-0.334,-0.684,-2.53,-1.4,-1.93,-2,-2.43,-3.03,1211.733,2126.658,1635.669,1575.467,0,0,0,0
514,59,Mujer,7.3,108,50.9,244,1,1,-1.509,54,108,0.11,36,0,-0.02,0.18,-0.21,-1.159,-1.509,-1.01,0.11,-0.41,-0.49,-2.15,-2.75,4284.285,7519.154,5783.179,5570.326,0,0,0,0
515,51,Mujer,7.2,123,41.6,250,0,0,1.144,785,120,-5.5,36,0,-0.28,1.95,0.59,1.144,0.794,-5.5,-4.37,-4.9,-4.97,-3.18,-3.78,142.033,249.276,191.725,184.668,0,0,0,0
516,40,Hombre,7.9,115,57.3,113,0,1,-0.136,99,105,0.64,36,0,0.56,1.21,-0.03,0.214,-0.136,-0.48,0.64,0.12,0.04,0.44,-0.16,1594.294,2798.074,2152.072,2072.864,0,0,0,0
517,62,Hombre,7.4,126,42.2,239,0,0,0.65,458,133,-3.05,36,0,-0.36,1.37,0.55,0.65,0.3,-3.05,-1.92,-2.45,-2.52,-1.47,-2.07,278.665,489.073,376.159,362.314,0,0,0,0
518,64,Hombre,7,126,50.9,264,0,0,-0.124,233,131,-3.55,36,0,-0.01,0.37,-0.63,-0.124,-0.474,-3.55,-2.42,-2.95,-3.02,-3.14,-3.74,152.583,267.791,205.965,198.384,0,0,0,0
519,59,Mujer,8.9,137,55,95,0,1,-0.287,71,124,-2.22,36,0,-0.21,0.47,-0.52,0.063,-0.287,-3.35,-2.22,-2.75,-2.82,-2.65,-3.25,543.099,953.168,733.107,706.124,0,0,0,0
520,64,Hombre,7.1,122,36.8,45,1,0,0.231,57,129,-3.93,36,0,-0.75,0.21,1.7,0.231,-0.119,-3.93,-2.8,-3.33,-3.4,-2.98,-3.58,1401.113,2459.03,1891.305,1821.694,0,0,0,0
521,63,Mujer,6.1,125,49.2,92,0,1,0.028,95,121,0.76,36,0,-2.16,-1.06,-1.17,0.378,0.028,-0.36,0.76,0.24,0.16,0.8,0.2,1650.591,2896.877,2228.065,2146.06,0,0,0,0
522,72,Hombre,6.8,115,43,124,0,1,-1.173,38,114,1.59,36,0,-0.2,-0.94,-0.52,-0.823,-1.173,0.46,1.59,1.06,0.99,-0.17,-0.77,1892.72,3321.827,2554.905,2460.87,0,0,0,0
523,77,Mujer,9.4,136,41.4,558,1,0,-0.468,349,127,-4.89,36,0,0.52,0.12,-0.59,-0.468,-0.818,-4.89,-3.77,-4.29,-4.37,-5,-5.6,934.585,1640.248,1261.558,1215.126,0,0,0,0
524,66,Mujer,7.9,131,57.1,700,0,0,0.281,927,119,-3.63,17.1,1,-0.35,0.41,0.38,0.281,-0.069,-3.63,-2.5,-3.03,-3.1,-2.61,-3.21,17.095,30.003,23.076,22.227,1,1,1,1
525,63,Hombre,8.7,137,46.2,382,0,1,-1.581,79,131,1.29,36,0,-1.82,-0.9,-1.78,-1.231,-1.581,0.16,1.29,0.76,0.69,-1.08,-1.68,924.502,1622.552,1247.947,1202.016,0,0,0,0
526,54,Hombre,8.4,145,58.9,81,0,1,-0.234,64,128,-1.37,36,0,0.5,-0.95,-0.59,0.116,-0.234,-2.5,-1.37,-1.9,-1.97,-1.72,-2.32,1734.224,3043.657,2340.957,2254.797,0,0,0,0
527,51,Hombre,8.1,127,57.8,132,0,0,0.339,185,143,-2.66,36,0,-0.77,1.2,-1.14,0.339,-0.011,-2.66,-1.53,-2.06,-2.13,-1.55,-2.15,200.089,351.168,270.092,260.151,0,0,0,0
528,65,Hombre,7.7,133,39,38,1,0,0.695,76,142,-0.26,36,0,-0.15,-2,0.19,0.695,0.345,-0.26,0.86,0.34,0.26,1.38,0.78,269.18,472.426,363.355,349.982,0,0,0,0
529,59,Mujer,7.2,121,40.2,42,0,0,0.537,72,107,-2.8,36,0,-1.12,0.44,0.14,0.537,0.187,-2.8,-1.68,-2.2,-2.28,-1.4,-2,2903.413,5095.649,3919.198,3774.95,0,0,0,0
530,67,Mujer,7.6,135,44,27,0,0,0.297,36,133,-1.89,36,0,1.82,0.46,-0.11,0.297,-0.053,-1.89,-0.77,-1.29,-1.37,-0.84,-1.44,146.121,256.451,197.243,189.984,0,0,0,0
531,52,Mujer,8.4,114,44.9,45,0,1,0.152,52,116,-1.51,36,0,0.73,-0.72,-0.95,0.502,0.152,-2.64,-1.51,-2.04,-2.11,-1.29,-1.89,147.873,259.525,199.608,192.261,0,0,0,0
532,61,Hombre,6.4,146,30.6,159,1,0,-0.034,154,145,-5.72,36,0,-1.46,1.42,-1.32,-0.034,-0.384,-5.72,-4.59,-5.12,-5.19,-5.17,-5.77,169.885,298.157,229.32,220.88,0,0,0,0
533,72,Hombre,9.7,141,22.1,138,0,0,1.221,468,150,-7.34,13.75,1,0.16,3.15,1.15,1.221,0.871,-7.34,-6.21,-6.74,-6.81,-4.91,-5.51,13.753,24.137,18.564,17.881,1,1,1,1
534,60,Hombre,5.8,120,58.1,9,0,0,0.307,12,118,-0.09,36,0,0.92,-0.58,-2.06,0.307,-0.043,-0.09,1.03,0.51,0.43,0.97,0.37,5888.81,10335.184,7949.062,7656.492,0,0,0,0
535,76,Hombre,7.8,142,27.3,197,1,0,0.404,295,152,-3.96,11.88,1,0.98,1.05,1.07,0.404,0.054,-3.96,-2.83,-3.36,-3.43,-2.75,-3.35,11.88,20.849,16.036,15.446,1,1,1,1
536,64,Mujer,7,118,37.7,30,0,0,1.728,169,114,-4.37,36,0,0.44,1.12,0.65,1.728,1.378,-4.37,-3.25,-3.77,-3.85,-1.18,-1.78,64.083,112.469,86.503,83.319,0,0,0,0
537,79,Hombre,7.6,147,61.7,83,1,1,0.455,131,149,-4.54,36,0,0.47,0.28,-1.83,0.805,0.455,-5.66,-4.54,-5.06,-5.14,-3.85,-4.45,126.375,221.796,170.589,164.31,0,0,0,0
538,77,Hombre,9.4,132,49.4,192,1,0,0.207,236,143,-7.05,36,0,2.22,0.66,-0.18,0.207,-0.143,-7.05,-5.92,-6.45,-6.52,-6.14,-6.74,37.588,65.968,50.738,48.87,0,0,0,0
539,45,Mujer,7.9,117,49.1,99,0,0,0.445,155,112,-2.09,36,0,-1.01,0.24,-0.27,0.445,0.095,-2.09,-0.96,-1.49,-1.56,-0.82,-1.42,978.177,1716.754,1320.401,1271.803,0,0,0,0
540,69,Hombre,7.1,101,39.3,123,1,1,-0.619,66,104,-1.69,36,0,0.72,0.87,0.38,-0.269,-0.619,-2.82,-1.69,-2.22,-2.29,-2.62,-3.22,556.071,975.934,750.617,722.99,0,0,0,0
541,60,Hombre,7.3,137,49.8,48,0,0,0.352,68,134,-1.48,36,0,-1.93,0.2,0.99,0.352,0.002,-1.48,-0.35,-0.88,-0.95,-0.35,-0.95,967.218,1697.52,1305.607,1257.553,0,0,0,0
542,50,Hombre,8.1,144,60.8,106,0,0,0.8,236,145,-2.26,36,0,-1.31,0.55,-0.55,0.8,0.45,-2.26,-1.13,-1.66,-1.73,-0.46,-1.06,400.87,703.548,541.118,521.201,0,0,0,0
543,87,Mujer,7.5,115,35,187,0,1,-1.325,50,95,0.29,36,0,0.78,-0.54,-0.42,-0.975,-1.325,-0.83,0.29,-0.23,-0.31,-1.69,-2.29,989.694,1736.966,1335.947,1286.776,0,0,0,0
544,69,Hombre,6.8,114,44.4,165,1,0,-0.647,86,116,-1.81,36,0,0.17,-0.53,1.76,-0.647,-0.997,-1.81,-0.69,-1.21,-1.29,-2.18,-2.78,905.18,1588.641,1221.866,1176.894,0,0,0,0
545,64,Mujer,7.6,146,49.7,135,0,0,0.585,242,144,-3.14,36,0,-0.22,-0.46,1.7,0.585,0.235,-3.14,-2.01,-2.54,-2.61,-1.66,-2.26,323.037,566.947,436.054,420.004,0,0,0,0
546,65,Hombre,7.8,116,35.2,162,1,0,0.682,320,120,-5.33,36,0,1.15,-0.57,-0.95,0.682,0.332,-5.33,-4.2,-4.73,-4.8,-3.71,-4.31,1214.754,2131.96,1639.747,1579.395,0,0,0,0
547,62,Hombre,10.5,134,46.6,109,1,1,-0.05,104,131,-2.28,36,0,0.58,0.06,-0.16,0.3,-0.05,-3.4,-2.28,-2.8,-2.88,-2.35,-2.95,38.1,66.868,51.43,49.537,0,0,0,0
548,66,Hombre,9.6,159,27.1,288,0,0,0.434,445,169,-3.86,36,0,0.92,-1.26,-1.22,0.434,0.084,-3.86,-2.73,-3.26,-3.33,-2.6,-3.2,166.753,292.661,225.094,216.809,0,0,0,0
549,74,Mujer,7.2,143,29.9,901,0,0,-0.627,481,159,-1.28,36,0,1.14,-1.64,0.41,-0.627,-0.977,-1.28,-0.16,-0.68,-0.76,-1.62,-2.22,360.445,632.6,486.55,468.642,0,0,0,0
550,72,Hombre,5.6,148,29.3,37,0,0,-0.316,27,145,0.43,36,0,0.29,-1.48,-0.04,-0.316,-0.666,0.43,1.55,1.03,0.95,0.56,-0.04,369.622,648.706,498.937,480.573,0,0,0,0
551,68,Hombre,6.1,142,44.9,65,1,0,0.172,77,152,-1.39,36,0,-1.14,-0.13,0.03,0.172,-0.178,-1.39,-0.26,-0.79,-0.86,-0.53,-1.13,1186.101,2081.672,1601.068,1542.14,0,0,0,0
552,64,Mujer,7,140,49.7,173,0,1,-0.055,164,127,-2.33,36,0,-2.16,-0.45,1.66,0.295,-0.055,-3.46,-2.33,-2.86,-2.93,-2.42,-3.02,2799.554,4913.37,3779.002,3639.914,0,0,0,0
553,62,Hombre,8.7,141,53.1,738,0,1,-0.11,661,128,-2.06,36,0,-0.72,0.56,-1.64,0.24,-0.11,-3.19,-2.06,-2.59,-2.66,-2.23,-2.83,387.541,680.156,523.126,503.872,0,0,0,0
554,80,Hombre,7.5,120,35.1,203,1,0,0.184,244,129,-2.62,36,0,1.8,-0.44,0.15,0.184,-0.166,-2.62,-1.49,-2.02,-2.09,-1.74,-2.34,150.217,263.639,202.772,195.309,0,0,0,0
555,90,Mujer,7.9,104,34.3,242,0,0,-0.389,164,110,-0.88,36,0,-1.16,-1.08,-1.23,-0.389,-0.739,-0.88,0.24,-0.28,-0.36,-0.87,-1.47,873.431,1532.92,1179.009,1135.615,0,0,0,0
556,64,Mujer,8.3,142,48.8,240,0,1,-0.476,149,143,-1.25,36,0,-1.18,-1.57,-0.05,-0.126,-0.476,-2.37,-1.25,-1.77,-1.85,-1.96,-2.56,698.48,1225.871,942.85,908.148,0,0,0,0
557,84,Hombre,6,145,46.5,15,0,0,0.426,23,136,-2.04,36,0,0.74,-1.01,0.58,0.426,0.076,-2.04,-0.91,-1.44,-1.51,-0.8,-1.4,651.503,1143.423,879.437,847.068,0,0,0,0
558,62,Hombre,8.8,130,62.8,146,0,0,0.043,152,119,-2.07,36,0,-1.58,0.61,1.69,0.043,-0.307,-2.07,-0.95,-1.47,-1.55,-1.41,-2.01,1462.393,2566.579,1974.024,1901.369,0,0,0,0
559,61,Mujer,6.4,125,57.6,306,0,1,0.269,400,124,-1.69,36,0,0.83,0.68,0.07,0.619,0.269,-2.81,-1.69,-2.21,-2.29,-1.29,-1.89,555.394,974.748,749.704,722.111,0,0,0,0
560,62,Mujer,8.5,171,40.7,205,1,1,0.138,235,165,-2.71,36,0,-0.91,-0.48,1.05,0.488,0.138,-3.83,-2.71,-3.23,-3.31,-2.5,-3.1,380.124,667.138,513.114,494.228,0,0,0,0
561,53,Hombre,7.8,127,37.7,18,0,0,0.677,35,111,-0.67,36,0,-1,-0.98,-0.32,0.677,0.327,-0.67,0.46,-0.07,-0.14,0.95,0.35,1744.352,3061.434,2354.629,2267.966,0,0,0,0
562,53,Mujer,9.2,155,26.9,262,0,0,-0.474,163,150,-0.72,36,0,-1.1,-0.83,1.99,-0.474,-0.824,-0.72,0.4,-0.12,-0.2,-0.83,-1.43,110.15,193.319,148.687,143.214,0,0,0,0
563,53,Hombre,7.8,125,47,83,1,0,0.144,96,132,-2.98,36,0,0.52,-1.04,0.52,0.144,-0.206,-2.98,-1.86,-2.38,-2.46,-2.17,-2.77,1292.86,2269.04,1745.178,1680.946,0,0,0,0
564,44,Hombre,6.1,115,53.9,15,0,1,0.489,24,105,0.49,36,0,-1.27,-0.2,-0.33,0.839,0.489,-0.64,0.49,-0.04,-0.11,1.22,0.62,825.883,1449.469,1114.825,1073.793,0,0,0,0
565,58,Mujer,8.3,158,53.7,24,1,1,-0.499,15,157,-1.47,36,0,0.42,-1.49,0.38,-0.149,-0.499,-2.6,-1.47,-2,-2.07,-2.22,-2.82,698.583,1226.051,942.988,908.281,0,0,0,0
566,77,Mujer,7.4,152,47.4,318,0,0,0.342,448,157,-4.96,36,0,0.3,1.49,0.41,0.342,-0.008,-4.96,-3.84,-4.36,-4.44,-3.85,-4.45,103.691,181.983,139.968,134.817,0,0,0,0
567,53,Hombre,10.1,147,68.5,435,0,1,-1.06,151,146,0.67,36,0,-0.22,-1.45,1.74,-0.71,-1.06,-0.46,0.67,0.14,0.07,-0.92,-1.52,5585.476,9802.816,7539.604,7262.105,0,0,0,0
568,70,Mujer,7,111,53.2,99,0,1,0.748,209,88,-2.4,36,0,-0.33,0.71,-1.31,1.098,0.748,-3.52,-2.4,-2.92,-3,-1.27,-1.87,224.519,394.043,303.069,291.914,0,0,0,0
569,51,Hombre,7,123,34.2,316,0,1,-1.269,89,101,2.76,36,0,1.63,-1.71,-0.95,-0.919,-1.269,1.63,2.76,2.23,2.16,0.85,0.25,119.488,209.708,161.292,155.356,0,0,0,0
570,58,Mujer,9.4,120,62.6,27,0,1,-1.166,8,109,0.6,36,0,-0.35,0.02,0.52,-0.816,-1.166,-0.52,0.6,0.08,0,-1.14,-1.74,4794.679,8414.923,6472.139,6233.928,0,0,0,0
571,63,Mujer,8.2,144,43.2,43,0,1,0.408,65,136,-1.33,15.92,1,0.19,0.15,0.08,0.758,0.408,-2.46,-1.33,-1.86,-1.93,-0.72,-1.32,9.071,15.919,12.244,11.793,1,1,1,1
572,62,Mujer,7.7,126,51.2,77,0,0,-0.368,53,125,-1.57,36,0,0.18,-0.31,0.93,-0.368,-0.718,-1.57,-0.45,-0.97,-1.05,-1.52,-2.12,1331.511,2336.874,1797.352,1731.199,0,0,0,0
573,67,Hombre,8.9,142,45.2,130,0,1,-0.654,68,132,-0.52,36,0,0.18,-0.91,0.85,-0.304,-0.654,-1.64,-0.52,-1.04,-1.12,-1.5,-2.1,1946.615,3416.416,2627.656,2530.943,0,0,0,0
574,71,Hombre,7.7,130,48.1,44,0,0,-0.185,37,140,-2.26,36,0,0.7,-0.08,0.64,-0.185,-0.535,-2.26,-1.13,-1.66,-1.73,-1.93,-2.53,1956.578,3433.902,2641.105,2543.897,0,0,0,0
575,56,Hombre,5.5,140,33.7,29,0,0,-0.231,23,137,0.45,36,0,0.3,0.44,-1.11,-0.231,-0.581,0.45,1.57,1.05,0.97,0.7,0.1,1091.174,1915.07,1472.931,1418.719,0,0,0,0
576,59,Hombre,8.9,99,48.3,816,0,1,-1.394,202,88,2.28,36,0,1.34,-1.93,0,-1.044,-1.394,1.16,2.28,1.76,1.68,0.19,-0.41,3937.813,6911.077,5315.492,5119.852,0,0,0,0
577,72,Mujer,7.2,123,28.4,146,1,1,-0.647,76,118,-3.06,22.86,1,-0.31,0.46,-1.71,-0.297,-0.647,-4.19,-3.06,-3.59,-3.66,-4.03,-4.63,13.027,22.863,17.585,16.937,1,1,1,1
578,65,Mujer,7.7,162,48.2,46,0,1,-0.878,19,164,-0.09,36,0,0.6,-0.89,0.55,-0.528,-0.878,-1.21,-0.09,-0.61,-0.69,-1.4,-2,1173.194,2059.02,1583.646,1525.359,0,0,0,0
579,68,Mujer,9.5,129,41.4,208,1,1,0.793,459,127,-3.85,36,0,0.73,-0.07,0.8,1.143,0.793,-4.98,-3.85,-4.38,-4.45,-2.66,-3.26,23.486,41.22,31.703,30.536,1,0,1,1
580,69,Mujer,10.9,124,58.6,94,0,1,0.182,113,131,-2.91,36,0,1.42,2.02,-1.31,0.532,0.182,-4.03,-2.91,-3.43,-3.51,-2.64,-3.24,58.449,102.581,78.898,75.994,0,0,0,0
581,61,Hombre,7.8,162,44.9,343,0,1,-0.533,201,159,0.79,36,0,0.63,-0.35,0.37,-0.183,-0.533,-0.33,0.79,0.27,0.19,-0.01,-0.61,750.338,1316.884,1012.85,975.572,0,0,0,0
582,70,Mujer,8,156,35.4,107,0,1,1.008,293,151,-4.43,36,0,-1.05,0.6,0.3,1.358,1.008,-5.55,-4.43,-4.95,-5.03,-2.92,-3.52,71.253,125.052,96.181,92.641,0,0,0,0
583,51,Hombre,8.7,133,57.3,100,1,1,-0.125,88,125,-3.08,36,0,1.02,2.15,-0.13,0.225,-0.125,-4.2,-3.08,-3.6,-3.68,-3.27,-3.87,245.391,430.675,331.244,319.052,0,0,0,0
584,78,Mujer,8,145,44.6,144,1,0,0.38,211,145,-4.45,36,0,0.5,0.38,0.08,0.38,0.03,-4.45,-3.32,-3.85,-3.92,-3.28,-3.88,242.766,426.068,327.7,315.639,0,0,0,0
585,61,Mujer,5.9,128,50.2,110,0,0,0.668,215,135,-2.63,36,0,-1.21,0.54,0.59,0.668,0.318,-2.63,-1.51,-2.03,-2.11,-1.03,-1.63,2190.907,3845.162,2957.415,2848.566,0,0,0,0
586,60,Hombre,7.3,131,43.3,132,0,1,-0.303,98,121,-1.18,36,0,-0.17,0.34,-0.05,0.047,-0.303,-2.31,-1.18,-1.71,-1.78,-1.63,-2.23,50.383,88.425,68.01,65.507,0,0,0,0
587,84,Hombre,8.1,123,32.7,25,0,0,-0.062,24,119,-0.49,36,0,0.56,-1.53,0.86,-0.062,-0.412,-0.49,0.64,0.11,0.04,0.02,-0.58,87.775,154.049,118.483,114.123,0,0,0,0
588,66,Hombre,5.5,140,60.5,71,0,1,-0.406,47,143,1.25,36,0,-0.47,-0.65,0.56,-0.056,-0.406,0.13,1.25,0.73,0.65,0.64,0.04,3881.041,6811.439,5238.857,5046.038,0,0,0,0
589,62,Mujer,6.8,125,58.4,31,0,0,-0.356,22,121,0.75,36,0,-0.05,-0.66,0.81,-0.356,-0.706,0.75,1.87,1.35,1.27,0.82,0.22,3070.708,5389.26,4145.022,3992.462,0,0,0,0
590,51,Mujer,5.5,154,65.3,107,0,1,-0.034,103,146,1.16,36,0,-0.74,-1.71,0.17,0.316,-0.034,0.04,1.16,0.64,0.56,1.11,0.51,51.5,90.384,69.517,66.958,0,0,0,0
591,54,Hombre,8.3,162,52.3,250,1,1,-0.415,165,143,-4.53,36,0,-0.45,-0.09,0.76,-0.065,-0.415,-5.66,-4.53,-5.06,-5.13,-5.16,-5.76,146.645,257.37,197.95,190.665,0,0,0,0
592,73,Hombre,6.5,134,47.4,46,0,0,-0.262,35,141,-0.74,36,0,2.07,-0.63,-0.41,-0.262,-0.612,-0.74,0.38,-0.14,-0.22,-0.54,-1.14,3102.606,5445.243,4188.08,4033.936,0,0,0,0
593,55,Hombre,7.5,131,47.2,39,0,0,0.833,90,154,-2.12,36,0,0.65,-0.46,-1.58,0.833,0.483,-2.12,-1,-1.52,-1.6,-0.27,-0.87,1878.836,3297.459,2536.163,2442.818,0,0,0,0
594,74,Hombre,7.8,120,31,98,0,0,-0.375,67,121,-2.34,36,0,-0.73,-0.5,0.4,-0.375,-0.725,-2.34,-1.21,-1.74,-1.81,-2.3,-2.9,1048.376,1839.957,1415.16,1363.074,0,0,0,0
595,58,Mujer,6.7,137,71,159,0,1,-0.023,155,128,-0.17,36,0,1.52,0.34,-1.3,0.327,-0.023,-1.3,-0.17,-0.7,-0.77,-0.21,-0.81,296.534,520.434,400.28,385.547,0,0,0,0
596,54,Hombre,7,147,42.4,87,0,0,-0.266,67,150,-3.52,36,0,-0.76,-0.97,-0.66,-0.266,-0.616,-3.52,-2.4,-2.92,-3,-3.32,-3.92,1178.207,2067.818,1590.413,1531.877,0,0,0,0
597,79,Hombre,6.7,146,45.8,48,1,0,-0.675,24,145,-1.11,36,0,-0.55,-0.51,0.21,-0.675,-1.025,-1.11,0.01,-0.51,-0.59,-1.53,-2.13,404.417,709.775,545.906,525.814,0,0,0,0
598,52,Mujer,7.7,119,48.1,130,0,1,-0.3,96,114,-0.79,36,0,-1.96,0.57,-1.74,0.05,-0.3,-1.92,-0.79,-1.32,-1.39,-1.25,-1.85,407.642,715.433,550.259,530.006,0,0,0,0
599,60,Hombre,7.2,142,41.7,506,0,0,-0.564,288,143,0.41,36,0,-0.66,-1.5,0.25,-0.564,-0.914,0.41,1.54,1.01,0.94,0.17,-0.43,1539.431,2701.786,2078.015,2001.532,0,0,0,0
600,54,Hombre,10.2,121,48,82,0,0,0.329,114,105,-2.9,36,0,0.37,0.47,-0.97,0.329,-0.021,-2.9,-1.77,-2.3,-2.37,-1.8,-2.4,302.447,530.811,408.261,393.235,0,0,0,0
601,47,Hombre,8,124,54.9,45,0,1,-1.167,14,108,2.33,36,0,-0.13,-1.59,2.68,-0.817,-1.167,1.2,2.33,1.8,1.73,0.58,-0.02,1095.975,1923.496,1479.412,1424.961,0,0,0,0
602,84,Mujer,7.4,159,35.9,25,0,0,-0.253,19,152,0.11,36,0,0.5,-1.74,0.02,-0.253,-0.603,0.11,1.24,0.71,0.64,0.33,-0.27,212.24,372.492,286.493,275.949,0,0,0,0
603,71,Mujer,8.6,134,42.7,1962,0,1,-1.275,548,104,0.05,36,0,0.8,-0.47,0.6,-0.925,-1.275,-1.08,0.05,-0.48,-0.55,-1.86,-2.46,1510.076,2650.266,2038.39,1963.365,0,0,0,0
604,49,Hombre,6.9,118,52.5,44,0,1,-0.034,43,119,-1.23,36,0,-1.42,0.83,0.27,0.316,-0.034,-2.35,-1.23,-1.75,-1.83,-1.28,-1.88,1192.006,2092.036,1609.04,1549.818,0,0,0,0
605,53,Mujer,7,144,47.3,103,0,1,-0.352,72,150,-1.59,36,0,-0.98,1.07,-0.54,-0.002,-0.352,-2.72,-1.59,-2.12,-2.19,-2.12,-2.72,213.61,374.897,288.343,277.731,0,0,0,0
606,71,Hombre,8.2,136,31.2,975,0,0,-0.11,873,142,-2.38,36,0,1.44,-0.92,1.21,-0.11,-0.46,-2.38,-1.25,-1.78,-1.85,-1.94,-2.54,111.969,196.511,151.142,145.579,0,0,0,0
607,54,Mujer,6.7,136,43.2,41,0,1,0.17,49,129,-0.81,36,0,-1.77,-0.62,0.83,0.52,0.17,-1.94,-0.81,-1.34,-1.41,-0.56,-1.16,366.237,642.766,494.368,476.172,0,0,0,0
608,56,Mujer,9.8,153,49.8,102,0,0,1.336,388,165,-5.54,36,0,0.86,0.3,0.92,1.336,0.986,-5.54,-4.41,-4.94,-5.01,-2.93,-3.53,489.18,858.537,660.324,636.02,0,0,0,0
609,58,Hombre,7,133,55.6,316,0,1,-0.457,200,138,-2.03,36,0,-0.33,-1.39,-0.59,-0.107,-0.457,-3.15,-2.03,-2.55,-2.63,-2.71,-3.31,220.191,386.447,297.227,286.287,0,0,0,0
610,71,Mujer,7.7,129,49,125,0,0,0.618,232,137,-2.86,36,0,-1.3,-0.52,-0.34,0.618,0.268,-2.86,-1.73,-2.26,-2.33,-1.33,-1.93,1387.989,2435.996,1873.589,1804.63,0,0,0,0
611,67,Hombre,7.4,115,39.9,60,0,0,1.202,200,109,-5.8,36,0,0.81,2.39,0.86,1.202,0.852,-5.8,-4.68,-5.2,-5.28,-3.4,-4,413.287,725.341,557.879,537.346,0,0,0,0
612,73,Mujer,8.2,119,40.9,124,0,1,-0.107,111,119,-1.77,36,0,1.27,1.18,-0.78,0.243,-0.107,-2.89,-1.77,-2.29,-2.37,-1.93,-2.53,129.241,226.825,174.457,168.036,0,0,0,0
613,48,Hombre,8.4,120,61.4,332,0,1,-0.345,235,102,0.28,36,0,-0.22,-1.18,-0.34,0.005,-0.345,-0.85,0.28,-0.25,-0.32,-0.24,-0.84,1185.112,2079.937,1599.734,1540.855,0,0,0,0
614,61,Hombre,5.8,151,48,126,1,0,0.361,181,146,-5.51,36,0,-0.59,1.54,1.46,0.361,0.011,-5.51,-4.38,-4.91,-4.98,-4.37,-4.97,183.608,322.242,247.845,238.723,0,0,0,0
615,62,Mujer,7.8,155,48.5,244,1,0,0.156,285,159,-3.76,36,0,0.76,1.38,-0.3,0.156,-0.194,-3.76,-2.64,-3.16,-3.24,-2.93,-3.53,341.034,598.533,460.347,443.404,0,0,0,0
616,80,Mujer,6.8,137,42.6,46,0,0,0.495,75,138,-3.73,36,0,0.11,0.31,-0.75,0.495,0.145,-3.73,-2.6,-3.13,-3.2,-2.39,-2.99,124.013,217.649,167.4,161.238,0,0,0,0
617,71,Hombre,6.4,142,37.2,232,1,0,-0.476,144,133,-2.1,36,0,0.64,-0.28,0.57,-0.476,-0.826,-2.1,-0.97,-1.5,-1.57,-2.21,-2.81,227.549,399.361,307.159,295.854,0,0,0,0
618,65,Hombre,8.4,158,48.6,50,1,0,0.276,66,146,-4.71,36,0,-1.19,-0.53,0.57,0.276,-0.074,-4.71,-3.58,-4.11,-4.18,-3.69,-4.29,42.455,74.512,57.309,55.2,0,0,0,0
619,58,Mujer,7.7,133,42.4,316,0,0,-0.158,270,135,-2.09,36,0,1.92,-0.72,-1.38,-0.158,-0.508,-2.09,-0.97,-1.49,-1.57,-1.73,-2.33,338.063,593.32,456.338,439.542,0,0,0,0
620,71,Hombre,6.8,137,32.7,207,0,0,-0.215,167,137,-1.15,36,0,1.16,0.23,-0.64,-0.215,-0.565,-1.15,-0.03,-0.55,-0.63,-0.87,-1.47,931.197,1634.302,1256.984,1210.72,0,0,0,0
621,60,Mujer,9.4,158,42,335,0,1,-0.465,210,159,-1.75,36,0,0.11,-0.32,0.14,-0.115,-0.465,-2.87,-1.75,-2.27,-2.35,-2.45,-3.05,584.013,1024.975,788.335,759.32,0,0,0,0
622,62,Hombre,7.1,154,38.7,171,0,1,-0.123,151,151,-2.18,18.57,1,-0.95,-1.28,0.16,0.227,-0.123,-3.3,-2.18,-2.7,-2.78,-2.36,-2.96,10.578,18.566,14.279,13.754,1,1,1,1
623,72,Hombre,8.6,145,36.4,518,0,0,-0.172,436,142,-3.83,36,0,0.1,0.81,1.02,-0.172,-0.522,-3.83,-2.7,-3.23,-3.3,-3.49,-4.09,487.789,856.096,658.446,634.212,0,0,0,0
624,70,Hombre,6.8,124,59.3,316,0,1,-0.231,251,107,-1.62,36,0,-0.05,-0.29,-0.66,0.119,-0.231,-2.74,-1.62,-2.14,-2.22,-1.96,-2.56,738.456,1296.031,996.812,960.124,0,0,0,0
625,81,Hombre,7.7,160,43.1,481,1,1,-0.813,213,151,-1.38,36,0,1.2,-1.07,1.19,-0.463,-0.813,-2.5,-1.38,-1.9,-1.98,-2.6,-3.2,1057.853,1856.589,1427.952,1375.395,0,0,0,0
626,78,Mujer,8.6,99,33.2,46,0,0,1.172,149,106,-4.24,36,0,0.42,0.89,-0.29,1.172,0.822,-4.24,-3.12,-3.64,-3.72,-1.88,-2.48,130.052,228.249,175.552,169.091,0,0,0,0
627,72,Mujer,10.3,125,33.1,294,0,1,0.339,413,103,-3.15,36,0,0.77,-0.74,1.11,0.689,0.339,-4.28,-3.15,-3.68,-3.75,-2.65,-3.25,377.787,663.036,509.959,491.189,0,0,0,0
628,54,Hombre,5.5,145,65.4,10,0,0,0.556,17,140,-0.86,36,0,0.3,0.81,0.46,0.556,0.206,-0.86,0.27,-0.26,-0.33,0.58,-0.02,2466.54,4328.912,3329.48,3206.937,0,0,0,0
629,68,Hombre,7.5,147,53,308,0,1,-0.941,120,136,-0.7,36,0,0.07,-1.32,0.66,-0.591,-0.941,-1.82,-0.7,-1.22,-1.3,-2.11,-2.71,393.281,690.229,530.874,511.334,0,0,0,0
630,65,Mujer,8.9,142,39.1,111,0,1,-0.359,77,139,-1.06,36,0,-0.82,-0.21,0.09,-0.009,-0.359,-2.19,-1.06,-1.59,-1.66,-1.6,-2.2,642.208,1127.11,866.89,834.984,0,0,0,0
631,67,Hombre,8.7,114,59.1,111,1,0,-1.028,40,120,0.43,36,0,1.73,-1,0.12,-1.028,-1.378,0.43,1.55,1.03,0.95,-0.51,-1.11,2078.817,3648.438,2806.11,2702.829,0,0,0,0
632,65,Mujer,9.1,118,50.9,89,0,1,-0.422,58,120,0.98,36,0,-0.78,1.75,-1.08,-0.072,-0.422,-0.14,0.98,0.46,0.38,0.35,-0.25,1419.809,2491.842,1916.541,1846.002,0,0,0,0
633,72,Hombre,8.3,148,38.8,599,1,0,0.57,1059,154,-3.77,36,0,0.45,-1.13,-1.36,0.57,0.22,-3.77,-2.64,-3.17,-3.24,-2.31,-2.91,135.773,238.289,183.274,176.529,0,0,0,0
634,47,Hombre,5.5,139,54.3,122,0,0,0.648,233,129,-0.87,36,0,-1.55,-0.15,-0.54,0.648,0.298,-0.87,0.26,-0.27,-0.34,0.71,0.11,336.489,590.556,454.212,437.495,0,0,0,0
635,77,Mujer,9.1,173,30.9,154,0,0,0.593,279,175,-5.22,36,0,2.25,-0.41,2.59,0.593,0.243,-5.22,-4.1,-4.62,-4.7,-3.73,-4.33,92.162,161.749,124.405,119.826,0,0,0,0
636,57,Hombre,6.4,111,40.6,22,1,1,-0.892,9,108,0.22,36,0,-1.08,-0.4,-1.77,-0.542,-0.892,-0.91,0.22,-0.31,-0.38,-1.12,-1.72,577.896,1014.238,780.077,751.366,0,0,0,0
637,47,Mujer,9.1,128,49.9,20,0,1,-0.631,11,128,1.9,36,0,0.21,-0.45,0.45,-0.281,-0.631,0.77,1.9,1.37,1.3,0.95,0.35,2097.621,3681.44,2831.492,2727.278,0,0,0,0
638,54,Mujer,7.5,126,62.2,45,1,1,0.3,61,112,-0.11,0.87,1,0,1.16,0.41,0.65,0.3,-1.23,-0.11,-0.63,-0.71,0.34,-0.26,0.496,0.871,0.67,0.645,1,1,1,1
639,69,Mujer,7.6,146,44.9,44,1,0,0.41,66,130,-5.16,36,0,-0.76,1.64,0.81,0.41,0.06,-5.16,-4.03,-4.56,-4.63,-3.94,-4.54,363.11,637.278,490.148,472.108,0,0,0,0
640,69,Hombre,9.1,155,47.5,22,0,0,0.331,31,161,-4.72,1.95,1,1.61,0.33,0.78,0.331,-0.019,-4.72,-3.6,-4.12,-4.2,-3.62,-4.22,1.947,3.418,2.629,2.532,1,1,1,1
641,59,Mujer,8,146,43.6,38,0,0,0.021,39,149,-0.64,36,0,-1.83,-1.3,-1.11,0.021,-0.329,-0.64,0.48,-0.04,-0.12,-0.01,-0.61,251.017,440.549,338.838,326.367,0,0,0,0
642,60,Mujer,7.9,149,32,113,0,0,-0.71,56,144,-0.23,36,0,-0.36,-1.38,-0.31,-0.71,-1.06,-0.23,0.9,0.37,0.3,-0.69,-1.29,3038.889,5333.416,4102.071,3951.092,0,0,0,0
643,61,Mujer,7.4,148,48.8,638,0,1,0.221,796,134,-0.77,36,0,0.26,-0.85,0.69,0.571,0.221,-1.9,-0.77,-1.3,-1.37,-0.44,-1.04,38.601,67.747,52.106,50.188,0,0,0,0
644,69,Hombre,9.2,142,48.3,105,0,1,-0.006,104,133,-2.44,36,0,1.08,0.74,0.35,0.344,-0.006,-3.56,-2.44,-2.96,-3.04,-2.45,-3.05,100.344,176.108,135.45,130.464,0,0,0,0
645,70,Hombre,9,109,30.6,194,0,0,-0.204,158,109,-0.87,36,0,-0.91,-0.11,-0.33,-0.204,-0.554,-0.87,0.25,-0.27,-0.35,-0.58,-1.18,269.093,472.273,363.238,349.869,0,0,0,0
646,47,Mujer,9.5,156,54.4,792,0,1,-0.155,679,149,-2.1,10.83,1,-0.78,-0.92,2.08,0.195,-0.155,-3.23,-2.1,-2.63,-2.7,-2.33,-2.93,6.172,10.832,8.332,8.025,1,1,1,1
647,69,Hombre,7.6,152,28.3,164,0,1,-0.845,70,149,-1.37,36,0,-0.5,-0.46,-0.59,-0.495,-0.845,-2.49,-1.37,-1.89,-1.97,-2.63,-3.23,133.836,234.89,180.66,174.011,0,0,0,0
648,57,Mujer,9.4,130,35.9,68,0,1,-0.991,25,123,-1.09,36,0,-0.03,-0.74,1.33,-0.641,-0.991,-2.21,-1.09,-1.61,-1.69,-2.58,-3.18,2405.75,4222.223,3247.423,3127.9,0,0,0,0
649,66,Mujer,8.6,116,29.5,259,0,0,-0.261,199,114,-2.76,36,0,-0.65,0.31,-0.37,-0.261,-0.611,-2.76,-1.63,-2.16,-2.23,-2.55,-3.15,448.245,786.695,605.068,582.798,0,0,0,0
650,63,Hombre,6.5,153,37.5,98,1,0,0.931,249,147,-7.59,36,0,0.16,1.91,0.3,0.931,0.581,-7.59,-6.46,-6.99,-7.06,-5.59,-6.19,59.593,104.589,80.442,77.482,0,0,0,0
651,61,Hombre,7.2,148,41.6,365,0,0,0.031,376,159,-4.42,36,0,0.04,-0.04,-2.44,0.031,-0.319,-4.42,-3.3,-3.82,-3.9,-3.78,-4.38,969.818,1702.083,1309.117,1260.934,0,0,0,0
652,75,Hombre,6,131,48.7,71,1,0,0.393,105,139,-1.55,36,0,0.01,1.39,-1.71,0.393,0.043,-1.55,-0.43,-0.95,-1.03,-0.36,-0.96,239.391,420.145,323.145,311.251,0,0,0,0
653,58,Hombre,7.4,141,40.6,49,1,1,0.14,56,128,-2.09,36,0,-0.73,1.2,1.58,0.49,0.14,-3.22,-2.09,-2.62,-2.69,-1.88,-2.48,198.661,348.66,268.164,258.294,0,0,0,0
654,67,Mujer,8.8,124,52.6,93,0,0,-0.995,34,124,-1.27,36,0,-1.96,-0.03,0.47,-0.995,-1.345,-1.27,-0.14,-0.67,-0.74,-2.16,-2.76,3100.307,5441.208,4184.977,4030.946,0,0,0,0
655,66,Hombre,7.2,113,45.9,52,0,0,-0.021,51,108,0.69,36,0,-1.14,-0.25,0.36,-0.021,-0.371,0.69,1.81,1.29,1.21,1.26,0.66,1704.274,2991.094,2300.529,2215.857,0,0,0,0
656,73,Mujer,9.1,169,52.7,394,0,1,-0.833,171,153,-1.11,36,0,0.58,-0.48,-0.39,-0.483,-0.833,-2.24,-1.11,-1.64,-1.71,-2.36,-2.96,449.869,789.545,607.26,584.909,0,0,0,0
657,59,Mujer,6.5,135,38.4,95,1,0,-0.704,47,143,-2.74,6.6,1,0.07,0.96,0.51,-0.704,-1.054,-2.74,-1.62,-2.14,-2.22,-3.2,-3.8,6.602,11.587,8.912,8.584,1,1,1,1
658,49,Mujer,7.6,113,75,67,1,1,0.309,91,102,-1.24,36,0,0.25,0.19,-1.03,0.659,0.309,-2.37,-1.24,-1.77,-1.84,-0.78,-1.38,2983.778,5236.693,4027.679,3879.438,0,0,0,0
659,66,Mujer,9.1,121,63.7,19,0,0,0.363,27,118,-1.18,36,0,-0.29,0.83,0.4,0.363,0.013,-1.18,-0.06,-0.58,-0.66,-0.04,-0.64,1356.416,2380.585,1830.971,1763.581,0,0,0,0
660,60,Mujer,5.6,125,36,85,0,0,-0.503,51,119,1.46,36,0,1.09,-1.46,0.3,-0.503,-0.853,1.46,2.58,2.06,1.98,1.3,0.7,626.837,1100.134,846.142,814.999,0,0,0,0
661,68,Hombre,5.9,133,56.7,55,0,0,0.476,89,128,-1.31,36,0,1.22,-0.16,-1.09,0.476,0.126,-1.31,-0.19,-0.71,-0.79,0,-0.6,1706.987,2995.856,2304.192,2219.385,0,0,0,0
662,51,Hombre,12,103,59.5,177,0,1,0.84,410,98,-2.46,36,0,-1.77,0.18,1.64,1.19,0.84,-3.59,-2.46,-2.99,-3.06,-1.2,-1.8,91.599,160.761,123.645,119.095,0,0,0,0
663,55,Mujer,8,117,35.2,86,0,1,-1.174,27,122,0.28,36,0,-1.59,-1.36,-1.64,-0.824,-1.174,-0.84,0.28,-0.24,-0.32,-1.48,-2.08,4512.268,7919.277,6090.925,5866.745,0,0,0,0
664,79,Mujer,5.7,141,37,20,0,0,0.257,26,150,-2.01,36,0,-0.06,0.01,-0.92,0.257,-0.093,-2.01,-0.89,-1.41,-1.49,-1.03,-1.63,2673.937,4692.906,3609.438,3476.59,0,0,0,0
665,67,Hombre,8.4,179,43.7,32,0,0,1.465,139,181,-7.82,36,0,0.66,2.84,-0.85,1.465,1.115,-7.82,-6.69,-7.22,-7.29,-5.02,-5.62,155.904,273.62,210.448,202.703,0,0,0,0
666,68,Hombre,6.9,163,39.5,582,0,0,1.186,1906,169,-7.77,3.52,1,1.55,1.6,-0.43,1.186,0.836,-7.77,-6.65,-7.17,-7.25,-5.39,-5.99,3.524,6.184,4.756,4.581,1,1,1,1
667,89,Hombre,6,139,43.2,143,0,0,0.121,161,145,-2.78,36,0,0.88,-0.37,-0.53,0.121,-0.229,-2.78,-1.66,-2.18,-2.26,-2,-2.6,982.115,1723.665,1325.716,1276.922,0,0,0,0
668,50,Mujer,5.8,129,47.5,79,0,0,-0.103,71,115,-1.94,36,0,0.57,0.29,-0.4,-0.103,-0.453,-1.94,-0.82,-1.34,-1.42,-1.49,-2.09,481.933,845.819,650.541,626.598,0,0,0,0
669,74,Hombre,7.3,129,32.2,34,1,0,-0.24,27,129,-1.93,36,0,-1.98,-0.1,-0.95,-0.24,-0.59,-1.93,-0.8,-1.33,-1.4,-1.69,-2.29,461.861,810.591,623.447,600.5,0,0,0,0
670,73,Hombre,7.8,141,48.3,30,1,0,1.102,90,133,-5.1,36,0,0.52,-0.24,-0.67,1.102,0.752,-5.1,-3.98,-4.5,-4.58,-2.85,-3.45,564.322,990.417,761.756,733.719,0,0,0,0
671,61,Hombre,7.5,128,45.2,433,0,1,0.113,485,125,-2.89,36,0,-0.24,1.74,0.51,0.463,0.113,-4.02,-2.89,-3.42,-3.49,-2.72,-3.32,307.814,540.231,415.506,400.213,0,0,0,0
672,71,Hombre,11.2,114,38,56,0,1,-0.653,29,110,-1.4,36,0,-0.45,-0.27,-0.47,-0.303,-0.653,-2.52,-1.4,-1.92,-2,-2.38,-2.98,1323.021,2321.975,1785.892,1720.161,0,0,0,0
673,52,Hombre,8.9,132,50.3,66,0,1,-0.199,54,135,0.89,36,0,-2.86,-0.74,1.2,0.151,-0.199,-0.23,0.89,0.37,0.29,0.59,-0.01,2846.981,4996.606,3843.022,3701.577,0,0,0,0
674,71,Mujer,7.7,156,47.3,40,1,0,0.359,57,152,-3.68,36,0,-0.41,-0.03,-0.85,0.359,0.009,-3.68,-2.55,-3.08,-3.15,-2.54,-3.14,330.663,580.332,446.349,429.921,0,0,0,0
675,55,Mujer,7.1,143,43.5,122,0,1,-0.38,83,131,-2.43,36,0,0.4,0.94,-0.01,-0.03,-0.38,-3.56,-2.43,-2.96,-3.03,-3,-3.6,784.132,1376.194,1058.467,1019.51,0,0,0,0
676,49,Hombre,7.8,143,55.9,113,0,1,0.457,178,138,-3.24,36,0,-0.75,1.69,0.9,0.807,0.457,-4.37,-3.24,-3.77,-3.84,-2.56,-3.16,421.085,739.027,568.405,547.485,0,0,0,0
677,82,Mujer,7.8,129,31.3,70,0,0,-0.389,47,132,-2.49,36,0,0.48,-0.33,0.42,-0.389,-0.739,-2.49,-1.36,-1.89,-1.96,-2.47,-3.07,255.637,448.657,345.074,332.373,0,0,0,0
678,68,Mujer,7.2,132,53.4,129,0,1,-0.117,115,122,-0.22,36,0,-1.62,-0.12,0.16,0.233,-0.117,-1.34,-0.22,-0.74,-0.82,-0.39,-0.99,883.282,1550.208,1192.306,1148.422,0,0,0,0
679,53,Hombre,7.9,151,57,30,0,1,0.398,45,136,-0.43,36,0,-2.61,-1.64,0.46,0.748,0.398,-1.55,-0.43,-0.95,-1.03,0.17,-0.43,449.817,789.453,607.189,584.841,0,0,0,0
680,65,Hombre,11.5,133,30.5,166,0,0,-0.119,147,124,-0.67,36,0,0.88,-0.9,-1.45,-0.119,-0.469,-0.67,0.45,-0.07,-0.15,-0.25,-0.85,119.916,210.459,161.87,155.912,0,0,0,0
681,70,Hombre,7.2,149,41.6,369,0,0,-0.055,349,151,-3.47,36,0,-1.01,1.28,2.06,-0.055,-0.405,-3.47,-2.34,-2.87,-2.94,-2.95,-3.55,135.588,237.965,183.025,176.289,0,0,0,0
682,67,Hombre,7.3,131,52.9,51,0,0,-0.193,42,130,0.26,36,0,1.37,-1.62,-1.43,-0.193,-0.543,0.26,1.38,0.86,0.78,0.57,-0.03,2487.334,4365.407,3357.55,3233.973,0,0,0,0
683,59,Hombre,7.4,119,53,57,0,1,-0.567,32,111,-1,36,0,2.16,-0.47,-1.39,-0.217,-0.567,-2.12,-1,-1.52,-1.6,-1.85,-2.45,3518.701,6175.513,4749.749,4574.932,0,0,0,0
684,64,Hombre,8.5,152,51.1,119,0,1,-0.322,86,153,-1.72,36,0,0.32,0.28,-1.56,0.028,-0.322,-2.85,-1.72,-2.25,-2.32,-2.21,-2.81,351.027,616.072,473.837,456.398,0,0,0,0
685,76,Hombre,5.7,152,29.2,156,1,0,0.512,260,148,-3.28,36,0,0.56,-0.25,2.38,0.512,0.162,-3.28,-2.16,-2.68,-2.76,-1.91,-2.51,117.47,206.166,158.568,152.732,0,0,0,0
686,61,Hombre,11.2,145,31.6,1574,0,0,0.164,1855,139,-3.85,36,0,-0.21,-1.3,-1.3,0.164,-0.186,-3.85,-2.72,-3.25,-3.32,-3,-3.6,66.54,116.782,89.82,86.514,0,0,0,0
687,64,Hombre,8.5,123,47.9,82,0,0,0.084,89,113,-1.29,36,0,-1.63,-0.43,0.02,0.084,-0.266,-1.29,-0.17,-0.69,-0.77,-0.57,-1.17,706.947,1240.731,954.279,919.156,0,0,0,0
688,77,Mujer,5.5,156,45.4,85,1,0,-0.359,59,161,-2.02,36,0,0.8,-0.9,-1.2,-0.359,-0.709,-2.02,-0.9,-1.42,-1.5,-1.96,-2.56,1578.323,2770.042,2130.513,2052.098,0,0,0,0
689,68,Mujer,8.9,147,53.8,103,0,1,-0.58,58,134,-1.67,36,0,-0.28,0.47,-1.25,-0.23,-0.58,-2.8,-1.67,-2.2,-2.27,-2.54,-3.14,1337.697,2347.732,1805.702,1739.242,0,0,0,0
690,74,Mujer,6.4,109,41.5,63,1,0,-0.832,27,125,-0.7,36,0,-1.4,-0.56,2.28,-0.832,-1.182,-0.7,0.43,-0.1,-0.17,-1.34,-1.94,644.939,1131.903,870.577,838.535,0,0,0,0
691,67,Hombre,7.4,148,55.5,52,0,0,-0.026,51,140,-2.98,36,0,-1.48,0.33,0.38,-0.026,-0.376,-2.98,-1.86,-2.38,-2.46,-2.42,-3.02,835.968,1467.169,1128.438,1086.905,0,0,0,0
692,77,Hombre,11.3,148,45.4,162,1,0,0.5,267,149,-7.38,36,0,0.28,1.24,0.22,0.5,0.15,-7.38,-6.25,-6.78,-6.85,-6.03,-6.63,204.479,358.873,276.018,265.859,0,0,0,0
693,66,Mujer,7.9,151,43.5,243,0,1,0.179,291,146,-2.64,36,0,-0.47,0.85,-0.95,0.529,0.179,-3.77,-2.64,-3.17,-3.24,-2.37,-2.97,31.297,54.928,42.247,40.692,1,0,0,0
694,67,Mujer,9.1,136,40.8,130,0,0,0.143,150,129,-1.85,36,0,-0.5,0.77,-0.19,0.143,-0.207,-1.85,-0.72,-1.25,-1.32,-1.03,-1.63,392.475,688.814,529.785,510.286,0,0,0,0
695,56,Mujer,7.7,128,42.3,42,0,1,0.299,57,123,-1.35,36,0,-0.02,-0.05,0.49,0.649,0.299,-2.47,-1.35,-1.87,-1.95,-0.9,-1.5,105.095,184.447,141.863,136.641,0,0,0,0
696,48,Hombre,9,143,45.5,79,0,0,0.106,88,155,-1.78,36,0,-1.38,-0.57,-0.26,0.106,-0.244,-1.78,-0.66,-1.18,-1.26,-1.02,-1.62,53.69,94.229,72.474,69.807,0,0,0,0
697,69,Mujer,6.8,153,57.8,15,1,0,0.725,31,147,-3.2,36,0,1.75,0.18,0.39,0.725,0.375,-3.2,-2.07,-2.6,-2.67,-1.51,-2.11,1464.914,2571.004,1977.427,1904.647,0,0,0,0
698,51,Mujer,11.3,143,49.2,1216,0,1,-0.679,617,132,-1.77,36,0,-1.24,0.01,0.05,-0.329,-0.679,-2.89,-1.77,-2.29,-2.37,-2.79,-3.39,179.468,314.975,242.256,233.339,0,0,0,0
699,82,Hombre,8,133,48.1,191,0,0,-0.456,121,137,-4.71,36,0,-0.21,-0.09,0.52,-0.456,-0.806,-4.71,-3.58,-4.11,-4.18,-4.79,-5.39,6594.914,11574.434,8902.202,8574.552,0,0,0,0
700,71,Hombre,6.8,142,43.7,112,0,1,-0.514,67,148,1.13,36,0,0.09,-1.05,-0.05,-0.164,-0.514,0.01,1.13,0.61,0.53,0.36,-0.24,272.029,477.425,367.2,353.685,0,0,0,0
701,38,Hombre,6.3,155,39.3,160,0,0,0.235,202,148,1.55,36,0,-1.58,-2.21,0.39,0.235,-0.115,1.55,2.68,2.15,2.08,2.5,1.9,4093.569,7184.438,5525.741,5322.363,0,0,0,0
702,72,Hombre,7.8,116,31.1,51,0,0,-0.436,33,126,-1.85,36,0,-0.7,-0.71,0.92,-0.436,-0.786,-1.85,-0.72,-1.25,-1.32,-1.9,-2.5,859.82,1509.032,1160.636,1117.918,0,0,0,0
703,71,Mujer,8.1,151,33.3,192,0,0,-0.38,131,144,-2.17,36,0,1.89,-0.62,-0.55,-0.38,-0.73,-2.17,-1.04,-1.57,-1.64,-2.14,-2.74,363.745,638.392,491.004,472.932,0,0,0,0
704,70,Hombre,10.4,133,55.8,98,0,0,0.069,105,132,-2.12,36,0,-1.36,-0.45,1.23,0.069,-0.281,-2.12,-1,-1.52,-1.6,-1.42,-2.02,1114.328,1955.706,1504.185,1448.822,0,0,0,0
705,67,Mujer,7.9,112,60.4,81,1,0,0.279,107,108,-1.81,36,0,-0.27,-0.16,1.32,0.279,-0.071,-1.81,-0.68,-1.21,-1.28,-0.79,-1.39,2096.385,3679.271,2829.824,2725.671,0,0,0,0
706,66,Hombre,8,133,39.6,71,1,1,-0.811,32,121,-0.14,7.05,1,0.65,-0.01,-0.66,-0.461,-0.811,-1.26,-0.14,-0.66,-0.74,-1.35,-1.95,4.019,7.054,5.426,5.226,1,1,1,1
707,53,Mujer,6.9,133,45.7,424,0,0,-0.522,252,138,0.63,36,0,-1.04,-1.19,-0.54,-0.522,-0.872,0.63,1.75,1.23,1.15,0.45,-0.15,48.401,84.947,65.335,62.93,0,0,0,0
708,65,Mujer,7.3,137,34.2,75,1,0,-0.233,59,142,-1.81,36,0,0.23,0.45,-1.41,-0.233,-0.583,-1.81,-0.68,-1.21,-1.28,-1.56,-2.16,74.498,130.749,100.562,96.861,0,0,0,0
709,44,Mujer,9.3,134,52,51,0,1,-0.322,37,123,-0.52,36,0,-0.24,-1.22,0.2,0.028,-0.322,-1.65,-0.52,-1.05,-1.12,-1,-1.6,2068.161,3629.735,2791.725,2688.974,0,0,0,0
710,74,Mujer,8.9,125,52.2,52,0,0,0.188,63,119,-0.76,36,0,0.57,0.27,-0.42,0.188,-0.162,-0.76,0.36,-0.16,-0.24,0.12,-0.48,642.685,1127.947,867.533,835.603,0,0,0,0
711,64,Mujer,9.9,113,30.1,583,1,1,-1.039,206,111,-1.71,36,0,-1.45,-0.62,-0.73,-0.689,-1.039,-2.83,-1.71,-2.23,-2.31,-3.27,-3.87,1067.038,1872.71,1440.351,1387.338,0,0,0,0
712,70,Mujer,9.9,130,40.4,259,0,1,-0.915,104,119,-0.75,36,0,-0.32,-0.06,2.05,-0.565,-0.915,-1.87,-0.75,-1.27,-1.35,-2.12,-2.72,399.019,700.3,538.619,518.795,0,0,0,0
713,51,Hombre,7.6,141,50.8,55,0,1,-0.92,22,127,-0.12,36,0,-0.43,-0.03,-0.08,-0.57,-0.92,-1.25,-0.12,-0.65,-0.72,-1.5,-2.1,2416.823,4241.657,3262.37,3142.297,0,0,0,0
714,54,Hombre,8.2,163,60.9,48,0,0,0.629,90,178,-1.5,36,0,1.43,-0.51,0.15,0.629,0.279,-1.5,-0.37,-0.9,-0.97,0.05,-0.55,585.26,1027.163,790.018,760.941,0,0,0,0
715,65,Hombre,6.8,147,35.9,241,0,1,-0.354,169,133,-1.54,36,0,1.87,1.18,0.43,-0.004,-0.354,-2.67,-1.54,-2.07,-2.14,-2.07,-2.67,469.973,824.828,634.397,611.047,0,0,0,0
716,66,Mujer,7.7,164,57.2,180,0,1,-0.216,145,164,-1.71,36,0,0.26,0.59,1.07,0.134,-0.216,-2.83,-1.71,-2.23,-2.31,-2.03,-2.63,1031.515,1810.366,1392.4,1341.152,0,0,0,0
717,55,Mujer,8.6,135,43.4,124,0,1,-0.76,58,130,1.22,36,0,0.46,-1.39,-1.9,-0.41,-0.76,0.09,1.22,0.69,0.62,0.08,-0.52,1107.692,1944.06,1495.228,1440.195,0,0,0,0
718,67,Mujer,7.1,113,42,85,0,0,-0.251,66,108,-0.05,36,0,0.5,-0.86,-0.55,-0.251,-0.601,-0.05,1.08,0.55,0.48,0.17,-0.43,2829.374,4965.706,3819.255,3678.685,0,0,0,0
719,77,Mujer,6.9,141,20,79,0,0,-0.93,31,149,-0.87,36,0,0.79,-1.34,-1.45,-0.93,-1.28,-0.87,0.25,-0.27,-0.35,-1.67,-2.27,1378.767,2419.812,1861.141,1792.641,0,0,0,0
720,90,Mujer,7.3,132,23.6,198,1,0,0.196,241,129,-4.27,19.39,1,-0.35,-0.11,-0.74,0.196,-0.154,-4.27,-3.15,-3.67,-3.75,-3.38,-3.98,19.391,34.033,26.175,25.212,1,1,1,1
721,60,Hombre,8.1,95,43.8,67,1,1,-1.521,15,71,1.73,36,0,-1.3,-0.2,-0.69,-1.171,-1.521,0.61,1.73,1.21,1.13,-0.55,-1.15,7926.637,13911.681,10699.841,10306.027,0,0,0,0
722,61,Hombre,10.1,141,65.3,1178,0,1,-0.655,612,140,-0.29,36,0,-0.14,-0.67,0.46,-0.305,-0.655,-1.42,-0.29,-0.82,-0.89,-1.28,-1.88,736.65,1292.862,994.374,957.775,0,0,0,0
723,51,Hombre,7.6,158,60.4,51,0,1,0.303,69,163,-1.16,36,0,-0.23,-0.55,0.55,0.653,0.303,-2.29,-1.16,-1.69,-1.76,-0.71,-1.31,2133.058,3743.633,2879.327,2773.351,0,0,0,0
724,63,Hombre,9.3,117,44.6,85,0,1,-0.56,49,114,-0.96,36,0,0.34,-0.22,1.12,-0.21,-0.56,-2.08,-0.96,-1.48,-1.56,-1.8,-2.4,624.09,1095.312,842.434,811.427,0,0,0,0
725,37,Hombre,5.5,140,54.5,378,1,1,0.09,414,130,-1.43,36,0,0.13,-0.44,0.22,0.44,0.09,-2.56,-1.43,-1.96,-2.03,-1.3,-1.9,141.659,248.619,191.219,184.181,0,0,0,0
726,75,Mujer,8.7,147,39.3,189,0,1,0.566,333,152,-2.87,36,0,-0.62,0.28,0.44,0.916,0.566,-4,-2.87,-3.4,-3.47,-2.03,-2.63,29.255,51.344,39.49,38.036,1,0,0,0
727,69,Hombre,7.3,131,39.7,249,1,1,-1.218,74,125,-0.87,36,0,0.14,1.1,-1.65,-0.868,-1.218,-2,-0.87,-1.4,-1.47,-2.7,-3.3,374.832,657.851,505.97,487.348,0,0,0,0
728,69,Hombre,9.1,148,54.6,38,0,0,-0.149,33,156,-2.15,36,0,-0.26,-0.67,-1.14,-0.149,-0.499,-2.15,-1.02,-1.55,-1.62,-1.77,-2.37,97.859,171.748,132.096,127.234,0,0,0,0
729,69,Hombre,9.8,123,38.1,554,0,0,0.312,757,133,-3.45,36,0,-0.16,0.13,0.68,0.312,-0.038,-3.45,-2.33,-2.85,-2.93,-2.38,-2.98,338.243,593.635,456.581,439.776,0,0,0,0
730,50,Hombre,7.6,109,46.7,24,0,0,-0.744,11,111,0.11,36,0,-1.73,0.12,-0.18,-0.744,-1.094,0.11,1.24,0.71,0.64,-0.4,-1,7705.928,13524.326,10401.915,10019.067,0,0,0,0
731,70,Hombre,8.5,123,53.7,65,1,0,0.166,77,124,-3.67,36,0,-0.53,0.36,1.35,0.166,-0.184,-3.67,-2.55,-3.07,-3.15,-2.83,-3.43,56.632,99.391,76.445,73.631,0,0,0,0
732,83,Mujer,10.2,151,40.3,88,1,0,-0.224,70,144,-3.63,36,0,0.22,-0.23,0.63,-0.224,-0.574,-3.63,-2.51,-3.03,-3.11,-3.37,-3.97,1760.762,3090.233,2376.78,2289.301,0,0,0,0
733,86,Hombre,7.6,157,47.8,14,1,0,1.55,66,169,-4.99,36,0,0.6,1.58,-0.47,1.55,1.2,-4.99,-3.86,-4.39,-4.46,-2.06,-2.66,58.759,103.126,79.317,76.397,0,0,0,0
734,84,Mujer,9.2,146,48.8,243,1,1,-0.304,179,150,-3.81,33.64,1,-0.84,0.71,0.29,0.046,-0.304,-4.94,-3.81,-4.34,-4.41,-4.27,-4.87,19.169,33.643,25.876,24.923,1,1,1,1
735,57,Mujer,8.9,151,44.3,1218,0,1,0.106,1354,139,-4.31,36,0,-0.87,-0.35,1.3,0.456,0.106,-5.44,-4.31,-4.84,-4.91,-4.15,-4.75,187.524,329.114,253.13,243.814,0,0,0,0
736,60,Hombre,6.5,134,33.2,42,0,1,0.123,48,126,-0.08,36,0,-1.52,-0.43,2.1,0.473,0.123,-1.2,-0.08,-0.6,-0.68,0.11,-0.49,738.278,1295.717,996.57,959.891,0,0,0,0
737,53,Hombre,9.2,132,59.7,106,0,0,0.611,195,129,-3.45,36,0,-1.47,0.26,-0.63,0.611,0.261,-3.45,-2.33,-2.85,-2.93,-1.94,-2.54,168.279,295.338,227.153,218.792,0,0,0,0
738,48,Hombre,8.5,143,54.2,350,1,1,-0.396,236,126,-2.08,36,0,-1.01,0.95,1,-0.046,-0.396,-3.2,-2.08,-2.6,-2.68,-2.67,-3.27,62.754,110.136,84.709,81.591,0,0,0,0
739,76,Hombre,9.4,142,35,338,1,1,-0.659,175,140,-3.75,36,0,2.06,-0.93,0.55,-0.309,-0.659,-4.87,-3.75,-4.27,-4.35,-4.74,-5.34,289.824,508.657,391.221,376.822,0,0,0,0
740,56,Hombre,8.3,122,57.7,38,1,1,-0.032,37,120,-1.08,36,0,0.11,0.49,-0.17,0.318,-0.032,-2.2,-1.08,-1.6,-1.68,-1.13,-1.73,1388.362,2436.65,1874.092,1805.115,0,0,0,0
741,80,Mujer,7.1,132,42,120,0,1,-0.751,57,133,-0.97,36,0,1.19,-1.69,0.77,-0.401,-0.751,-2.1,-0.97,-1.5,-1.57,-2.1,-2.7,692.835,1215.964,935.23,900.808,0,0,0,0
742,80,Mujer,7.4,119,32.3,128,0,0,0.246,164,108,-4.03,36,0,0.67,1.27,0.72,0.246,-0.104,-4.03,-2.9,-3.43,-3.5,-3.06,-3.66,544.429,955.502,734.902,707.853,0,0,0,0
743,67,Mujer,7.6,146,46.7,149,0,1,-0.225,119,142,-1.72,36,0,-0.03,-0.73,-0.21,0.125,-0.225,-2.84,-1.72,-2.24,-2.32,-2.06,-2.66,34.747,60.983,46.904,45.178,1,0,0,0
744,60,Hombre,10.2,153,28.1,562,0,0,0.295,755,156,-5.08,36,0,1.05,0.99,-0.03,0.295,-0.055,-5.08,-3.95,-4.48,-4.55,-4.03,-4.63,55.945,98.186,75.517,72.738,0,0,0,0
745,68,Hombre,5.5,145,40.8,63,0,0,-0.502,38,128,1.57,31.97,1,-0.42,-2.83,0.25,-0.502,-0.852,1.57,2.69,2.17,2.09,1.41,0.81,31.969,56.107,43.153,41.565,1,0,0,0
746,77,Mujer,5.5,140,39.7,24,0,0,0.611,44,149,-4.62,36,0,-0.25,1.14,-2.02,0.611,0.261,-4.62,-3.49,-4.02,-4.09,-3.1,-3.7,652.349,1144.908,880.579,848.169,0,0,0,0
747,70,Mujer,7.9,118,41.7,67,1,0,-0.256,52,108,-1.82,36,0,-0.14,0.41,0.39,-0.256,-0.606,-1.82,-0.69,-1.22,-1.29,-1.6,-2.2,330.258,579.621,445.802,429.394,0,0,0,0
748,62,Hombre,7.2,134,54.1,230,1,1,-0.113,205,140,-1.76,36,0,-1.24,0.03,-1.22,0.237,-0.113,-2.89,-1.76,-2.29,-2.36,-1.93,-2.53,239.903,421.043,323.835,311.916,0,0,0,0
749,53,Mujer,8.4,123,61,138,0,0,-0.016,136,135,-1.19,36,0,-0.2,-1.65,0.57,-0.016,-0.366,-1.19,-0.06,-0.59,-0.66,-0.61,-1.21,1110.142,1948.359,1498.535,1443.38,0,0,0,0
750,59,Hombre,8.7,116,54,82,1,0,-0.317,60,121,-1.68,36,0,-1.83,-0.34,-0.92,-0.317,-0.667,-1.68,-0.56,-1.08,-1.16,-1.56,-2.16,2883.208,5060.188,3891.924,3748.68,0,0,0,0
751,63,Hombre,7.5,124,53.2,171,0,0,-0.765,80,125,0.47,36,0,-1.79,-1.71,0.22,-0.765,-1.115,0.47,1.6,1.07,1,-0.08,-0.68,5178.398,9088.371,6990.106,6732.831,0,0,0,0
752,54,Hombre,7.6,129,44.3,110,0,0,-0.578,62,129,1.63,36,0,-0.36,-0.57,0.16,-0.578,-0.928,1.63,2.76,2.23,2.16,1.36,0.76,838.443,1471.514,1131.78,1090.124,0,0,0,0
753,62,Hombre,7.8,160,48.1,1229,0,1,-0.198,1008,153,-2.02,36,0,0.32,-0.82,-0.67,0.152,-0.198,-3.15,-2.02,-2.55,-2.62,-2.32,-2.92,106.114,186.235,143.238,137.966,0,0,0,0
754,54,Mujer,9.8,112,35.2,559,0,1,-0.349,394,97,0.3,36,0,-0.72,-0.15,-1.25,0.001,-0.349,-0.83,0.3,-0.23,-0.3,-0.23,-0.83,35.859,62.935,48.405,46.624,1,0,0,0
755,68,Hombre,8.9,146,44.5,57,0,1,0.116,64,139,-1.9,36,0,2.17,-0.25,0.05,0.466,0.116,-3.02,-1.9,-2.42,-2.5,-1.73,-2.33,1732.074,3039.885,2338.056,2252.002,0,0,0,0
756,63,Hombre,8.9,123,36.1,191,0,0,0.534,326,132,-2.63,36,0,-0.72,-0.61,-1.88,0.534,0.184,-2.63,-1.5,-2.03,-2.1,-1.22,-1.82,404.442,709.818,545.94,525.846,0,0,0,0
757,73,Mujer,8.3,144,47.7,42,1,0,-0.23,33,134,-2.07,36,0,-0.06,-0.48,-0.71,-0.23,-0.58,-2.07,-0.95,-1.47,-1.55,-1.82,-2.42,284.606,499.498,384.177,370.037,0,0,0,0
758,66,Hombre,10,156,36.6,1368,0,1,0.205,1680,153,-5.08,36,0,-0.29,0.7,-0.7,0.555,0.205,-6.2,-5.08,-5.6,-5.68,-4.77,-5.37,66.355,116.457,89.57,86.273,0,0,0,0
759,49,Hombre,10.4,148,47.7,259,0,1,0.617,480,142,-4.34,36,0,-0.15,-0.45,0.41,0.967,0.617,-5.47,-4.34,-4.87,-4.94,-3.42,-4.02,305.438,536.06,412.298,397.123,0,0,0,0
760,60,Hombre,9.8,133,47.5,440,1,1,-0.257,340,132,-1.79,36,0,1.32,-0.79,-0.3,0.093,-0.257,-2.91,-1.79,-2.31,-2.39,-2.17,-2.77,77.606,136.202,104.757,100.901,0,0,0,0
761,66,Hombre,7,153,56.6,161,0,1,-0.267,123,145,0.32,36,0,-1.07,-1.06,-1.28,0.083,-0.267,-0.81,0.32,-0.21,-0.28,-0.08,-0.68,623.455,1094.197,841.576,810.601,0,0,0,0
762,65,Hombre,7.8,149,42.9,100,1,0,-0.622,54,154,-2.35,36,0,0.03,0.48,0.33,-0.622,-0.972,-2.35,-1.23,-1.75,-1.83,-2.69,-3.29,64.79,113.711,87.458,84.239,0,0,0,0
763,70,Mujer,7.6,140,38,445,0,0,-0.346,315,147,-0.04,36,0,0.37,-0.45,1.66,-0.346,-0.696,-0.04,1.08,0.56,0.48,0.04,-0.56,333.342,585.033,449.964,433.403,0,0,0,0
764,62,Mujer,7.7,135,34.1,221,0,0,0.444,344,123,-2.81,36,0,1.14,-0.23,0.6,0.444,0.094,-2.81,-1.69,-2.21,-2.29,-1.55,-2.15,974.942,1711.077,1316.034,1267.597,0,0,0,0
765,47,Hombre,9.6,159,53.7,171,0,0,0.889,416,162,-5.59,36,0,-0.28,-1.16,-1.15,0.889,0.539,-5.59,-4.47,-4.99,-5.07,-3.66,-4.26,236.046,414.274,318.629,306.902,0,0,0,0
766,51,Hombre,7.6,138,42.5,42,0,0,0.973,111,140,-3.99,36,0,-1.17,0.8,-1.11,0.973,0.623,-3.99,-2.87,-3.39,-3.47,-1.93,-2.53,1209.675,2123.045,1632.89,1572.79,0,0,0,0
767,41,Hombre,8,166,44.2,213,0,1,-0.176,179,177,-0.86,36,0,-0.25,-0.4,2.15,0.174,-0.176,-1.99,-0.86,-1.39,-1.46,-1.12,-1.72,116.138,203.828,156.77,151,0,0,0,0
768,59,Hombre,10.3,129,35.5,161,1,0,-0.116,143,115,-2.13,36,0,0.55,-0.94,1.13,-0.116,-0.466,-2.13,-1,-1.53,-1.6,-1.7,-2.3,257.213,451.423,347.202,334.423,0,0,0,0
769,70,Mujer,7.2,130,35.3,99,0,0,0.233,125,113,-3.83,36,0,0.6,-0.11,0.59,0.233,-0.117,-3.83,-2.7,-3.23,-3.3,-2.88,-3.48,2053.154,3603.397,2771.468,2669.462,0,0,0,0
770,62,Hombre,7.9,149,53.6,111,0,0,0.617,206,161,-2.93,36,0,1.89,0.06,0.1,0.617,0.267,-2.93,-1.8,-2.33,-2.4,-1.4,-2,1862.889,3269.472,2514.637,2422.084,0,0,0,0
771,61,Hombre,7.2,139,65.2,31,0,1,-0.268,24,133,0.09,36,0,-0.88,0.55,-1.55,0.082,-0.268,-1.03,0.09,-0.43,-0.51,-0.31,-0.91,539.415,946.702,728.134,701.334,0,0,0,0
772,56,Mujer,8.6,133,51.1,206,0,1,-0.185,171,124,-1.99,36,0,0.11,-0.66,0.5,0.165,-0.185,-3.11,-1.99,-2.51,-2.59,-2.26,-2.86,2302.58,4041.155,3108.158,2993.761,0,0,0,0
773,58,Hombre,6.8,131,45.1,30,1,1,-0.314,22,124,-0.51,36,0,0.28,-0.86,-2.13,0.036,-0.314,-1.63,-0.51,-1.03,-1.11,-0.98,-1.58,1929.401,3386.204,2604.419,2508.562,0,0,0,0
774,61,Mujer,5.5,127,47.7,34,0,0,1.015,94,120,-2.27,36,0,1.5,-0.02,1.77,1.015,0.665,-2.27,-1.14,-1.67,-1.74,-0.15,-0.75,887.487,1557.588,1197.982,1153.889,0,0,0,0
775,51,Mujer,7.6,108,44.7,82,1,0,0.125,93,122,-1.72,36,0,-2.19,1.18,-0.35,0.125,-0.225,-1.72,-0.6,-1.12,-1.2,-0.93,-1.53,302.755,531.351,408.676,393.635,0,0,0,0
776,53,Hombre,10.9,114,46.8,145,0,0,0.239,184,114,-2.95,3.81,1,-0.72,0.73,1.45,0.239,-0.111,-2.95,-1.83,-2.35,-2.43,-1.99,-2.59,3.807,6.682,5.139,4.95,1,1,1,1
777,59,Mujer,6.5,134,39.6,139,0,0,0.235,176,119,-3.74,36,0,-0.19,0.14,1.4,0.235,-0.115,-3.74,-2.61,-3.14,-3.21,-2.79,-3.39,123.864,217.388,167.199,161.045,0,0,0,0
778,63,Hombre,7,151,63.9,40,1,1,0.345,56,141,-3.75,36,0,0.5,1.74,0.17,0.695,0.345,-4.87,-3.75,-4.27,-4.35,-3.23,-3.83,174.902,306.963,236.093,227.404,0,0,0,0
779,65,Mujer,7.6,138,58.8,38,0,0,0.357,54,132,0.15,36,0,-0.96,-1.03,-1.61,0.357,0.007,0.15,1.28,0.75,0.68,1.29,0.69,2319.983,4071.698,3131.65,3016.388,0,0,0,0
780,68,Mujer,8.6,156,47.1,172,1,0,-0.475,107,168,-1.38,36,0,0.58,-0.77,0.21,-0.475,-0.825,-1.38,-0.25,-0.78,-0.85,-1.49,-2.09,144.445,253.509,194.981,187.804,0,0,0,0
781,57,Mujer,9.3,151,54.5,1280,0,1,0.501,2113,160,-4.58,36,0,-0.34,0.89,0.58,0.851,0.501,-5.71,-4.58,-5.11,-5.18,-3.83,-4.43,75.571,132.63,102.01,98.255,0,0,0,0
782,71,Hombre,7.6,157,52.7,235,0,1,-0.181,196,147,-2.26,36,0,1.19,-0.94,0.3,0.169,-0.181,-3.39,-2.26,-2.79,-2.86,-2.53,-3.13,409.995,719.563,553.435,533.066,0,0,0,0
783,65,Hombre,7.1,138,52.7,90,0,0,0.201,110,128,-2.2,36,0,-0.67,-0.24,-0.08,0.201,-0.149,-2.2,-1.07,-1.6,-1.67,-1.3,-1.9,359.447,630.849,485.202,467.344,0,0,0,0
784,70,Hombre,9,96,61.3,20,0,1,-0.447,13,93,-0.25,36,0,1.11,-0.97,-0.19,-0.097,-0.447,-1.37,-0.25,-0.77,-0.85,-0.92,-1.52,923.265,1620.38,1246.277,1200.407,0,0,0,0
785,64,Mujer,8.2,95,35.4,46,0,1,-0.83,20,76,0.81,36,0,-0.05,-1.54,0.9,-0.48,-0.83,-0.31,0.81,0.29,0.21,-0.43,-1.03,2977.56,5225.78,4019.286,3871.353,0,0,0,0
786,75,Hombre,7.7,137,54,77,0,0,0.511,128,135,-2.57,36,0,1.32,-0.19,1.65,0.511,0.161,-2.57,-1.45,-1.97,-2.05,-1.2,-1.8,322.502,566.008,435.332,419.309,0,0,0,0
787,53,Mujer,7,155,58,69,0,0,0.105,77,157,-0.97,36,0,1.6,0.3,-1.14,0.105,-0.245,-0.97,0.15,-0.37,-0.45,-0.21,-0.81,608.195,1067.415,820.977,790.761,0,0,0,0
788,51,Hombre,9.6,139,53.1,41,0,0,0.325,57,146,-2.52,36,0,-1.01,-0.2,0.6,0.325,-0.025,-2.52,-1.4,-1.92,-2,-1.44,-2.04,62.265,109.278,84.048,80.955,0,0,0,0
789,58,Hombre,8.1,149,33.5,1654,0,0,0.59,2985,153,-6.78,30.24,1,-0.97,2.77,-0.89,0.59,0.24,-6.78,-5.66,-6.18,-6.26,-5.3,-5.9,30.239,53.072,40.819,39.316,1,0,0,0
790,64,Hombre,6.6,146,44.9,97,0,0,0.667,189,146,-2.46,36,0,1.62,-0.53,-0.74,0.667,0.317,-2.46,-1.34,-1.86,-1.94,-0.86,-1.46,249.43,437.764,336.696,324.303,0,0,0,0
791,68,Mujer,7.3,135,47.8,36,0,0,0.036,37,149,-1.65,36,0,-0.22,0.48,-0.15,0.036,-0.314,-1.65,-0.53,-1.05,-1.13,-1,-1.6,340.859,598.226,460.111,443.177,0,0,0,0
792,72,Mujer,6.7,138,39,74,0,0,0.379,108,126,-1.6,36,0,1.7,0.04,-0.65,0.379,0.029,-1.6,-0.48,-1,-1.08,-0.43,-1.03,178.797,313.799,241.351,232.468,0,0,0,0
793,59,Mujer,7.4,127,52.6,22,0,0,0.659,43,128,-1.66,36,0,1.29,0.05,-0.94,0.659,0.309,-1.66,-0.54,-1.06,-1.14,-0.07,-0.67,71.426,125.357,96.415,92.867,0,0,0,0
794,90,Hombre,8.5,126,32.4,310,1,0,0.509,516,129,-5.37,36,0,0.62,1.23,-0.53,0.509,0.159,-5.37,-4.25,-4.77,-4.85,-4.01,-4.61,259.471,455.385,350.249,337.358,0,0,0,0
795,59,Mujer,6.6,111,52.7,49,0,0,1.123,151,110,-3.58,36,0,-0.63,0.5,0.55,1.123,0.773,-3.58,-2.45,-2.98,-3.05,-1.29,-1.89,814.221,1429.002,1099.083,1058.631,0,0,0,0
796,58,Hombre,9,142,36.4,478,0,0,-0.277,363,138,-3.04,36,0,1.04,0.59,0.17,-0.277,-0.627,-3.04,-1.91,-2.44,-2.51,-2.85,-3.45,740.878,1300.282,1000.081,963.272,0,0,0,0
797,53,Hombre,8.8,133,35.9,345,0,1,-0.793,156,125,-1,36,0,-0.64,-1.07,1.03,-0.443,-0.793,-2.13,-1,-1.53,-1.6,-2.19,-2.79,297.968,522.949,402.214,387.41,0,0,0,0
798,71,Mujer,7,132,42.2,174,0,0,-0.351,123,131,-0.96,36,0,-1.05,-1,0.23,-0.351,-0.701,-0.96,0.16,-0.36,-0.44,-0.89,-1.49,1328.457,2331.515,1793.23,1727.229,0,0,0,0
799,61,Hombre,7.9,134,53.3,200,0,1,0.383,293,119,-3.75,36,0,1.51,1.78,0.18,0.733,0.383,-4.88,-3.75,-4.28,-4.35,-3.18,-3.78,631.877,1108.978,852.944,821.551,0,0,0,0
800,71,Mujer,5.9,120,47.9,13,0,0,1.014,36,122,-2.19,36,0,-1.31,1.53,-2.55,1.014,0.664,-2.19,-1.07,-1.59,-1.67,-0.07,-0.67,262.565,460.817,354.426,341.381,0,0,0,0
801,68,Hombre,7.6,108,35.6,120,0,1,-0.95,46,101,0.36,36,0,0.57,-0.26,-0.22,-0.6,-0.95,-0.76,0.36,-0.16,-0.24,-1.06,-1.66,4846.377,8505.656,6541.924,6301.145,0,0,0,0
802,60,Hombre,7.9,116,36.4,167,0,1,0.373,242,104,-2.46,36,0,0.78,1.19,1.97,0.723,0.373,-3.58,-2.46,-2.98,-3.06,-1.9,-2.5,158.457,278.102,213.895,206.023,0,0,0,0
803,61,Hombre,8.3,138,37.7,305,1,1,-1.13,99,120,-0.59,36,0,0.99,-1.94,-0.82,-0.78,-1.13,-1.71,-0.59,-1.11,-1.19,-2.28,-2.88,1083.935,1902.365,1463.159,1409.307,0,0,0,0
804,51,Hombre,7.5,111,42.6,295,0,0,-0.276,224,106,-1.54,36,0,-1.05,0.25,1.55,-0.276,-0.626,-1.54,-0.42,-0.94,-1.02,-1.35,-1.95,2794.971,4905.327,3772.816,3633.955,0,0,0,0
805,74,Hombre,8.2,117,33.6,40,1,0,0.05,42,115,-3.54,36,0,-0.21,-0.12,0.32,0.05,-0.3,-3.54,-2.42,-2.94,-3.02,-2.87,-3.47,388.593,682.002,524.546,505.24,0,0,0,0
806,62,Hombre,8.7,136,40.3,448,0,1,-0.728,216,132,-0.29,36,0,-1.44,-1.18,-1.06,-0.378,-0.728,-1.42,-0.29,-0.82,-0.89,-1.38,-1.98,217.446,381.63,293.522,282.719,0,0,0,0
807,77,Hombre,6.4,142,42.8,48,1,0,0.114,54,127,-3.32,36,0,0.18,0.3,0.11,0.114,-0.236,-3.32,-2.19,-2.72,-2.79,-2.55,-3.15,1017.468,1785.711,1373.438,1322.888,0,0,0,0
808,63,Hombre,6.7,128,54.4,33,1,1,-0.554,19,117,0.72,36,0,-1.08,0.06,-1.88,-0.204,-0.554,-0.4,0.72,0.2,0.12,-0.11,-0.71,1332.75,2339.049,1799.024,1732.81,0,0,0,0
809,77,Hombre,8.8,150,45.7,134,1,0,0.053,141,142,-3.96,2.97,1,0.17,0.73,-1.86,0.053,-0.297,-3.96,-2.84,-3.36,-3.44,-3.28,-3.88,2.973,5.218,4.013,3.865,1,1,1,1
810,50,Hombre,8.1,143,52.6,232,0,1,-0.807,104,124,-1.43,36,0,-0.65,-0.44,-1.59,-0.457,-0.807,-2.56,-1.43,-1.96,-2.03,-2.64,-3.24,1325.052,2325.538,1788.633,1722.801,0,0,0,0
811,58,Mujer,9.7,116,60.1,805,0,1,-0.906,325,105,-4,36,0,-0.72,2.08,1.42,-0.556,-0.906,-5.12,-4,-4.52,-4.6,-5.36,-5.96,21.187,37.185,28.6,27.547,1,0,1,1
812,53,Mujer,8.9,129,57.1,163,0,0,0.88,393,120,-5.76,36,0,-0.71,0.45,0.54,0.88,0.53,-5.76,-4.64,-5.16,-5.24,-3.84,-4.44,730.407,1281.905,985.947,949.658,0,0,0,0
813,68,Mujer,7.8,154,53.7,142,1,1,-0.154,122,151,-3.12,36,0,0.63,-0.04,0.43,0.196,-0.154,-4.25,-3.12,-3.65,-3.72,-3.35,-3.95,400.766,703.366,540.977,521.066,0,0,0,0
814,66,Hombre,12,133,46.3,207,0,1,0.428,318,137,-4.56,36,0,0.76,0.23,-0.74,0.778,0.428,-5.68,-4.56,-5.08,-5.16,-3.92,-4.52,231.328,405.993,312.26,300.767,0,0,0,0
815,71,Mujer,8.3,123,53.1,303,1,1,-0.301,224,113,-1.23,36,0,-0.12,0.33,0.62,0.049,-0.301,-2.36,-1.23,-1.76,-1.83,-1.68,-2.28,590.048,1035.567,796.482,767.167,0,0,0,0
816,71,Mujer,6.7,149,50.6,125,1,0,0.816,283,153,-4.41,36,0,-0.5,0.87,1.55,0.816,0.466,-4.41,-3.29,-3.81,-3.89,-2.59,-3.19,495.654,869.9,669.063,644.438,0,0,0,0
817,58,Hombre,5.5,123,49.6,150,1,1,-0.864,63,131,1.21,36,0,0.11,-0.92,1.15,-0.514,-0.864,0.08,1.21,0.68,0.61,-0.09,-0.69,1510.014,2650.157,2038.305,1963.284,0,0,0,0
818,67,Mujer,9.5,130,42.4,48,0,0,-0.224,38,135,-2.66,36,0,0.48,0.44,-0.08,-0.224,-0.574,-2.66,-1.53,-2.06,-2.13,-2.39,-2.99,1954.439,3430.148,2638.217,2541.116,0,0,0,0
819,52,Mujer,6.6,136,60.2,35,1,1,0.45,55,127,-1.56,36,0,0.06,0.34,0.66,0.8,0.45,-2.68,-1.56,-2.08,-2.16,-0.88,-1.48,919.35,1613.509,1240.992,1195.317,0,0,0,0
820,66,Hombre,9.6,121,43.4,792,1,0,-0.611,430,112,-2.96,36,0,2.06,0.44,0.33,-0.611,-0.961,-2.96,-1.84,-2.36,-2.44,-3.28,-3.88,94.44,165.748,127.481,122.789,0,0,0,0
821,62,Hombre,7.6,114,47.1,136,0,1,-0.527,80,120,-1.05,36,0,0.98,0.75,-1.13,-0.177,-0.527,-2.17,-1.05,-1.57,-1.65,-1.84,-2.44,168.402,295.555,227.319,218.952,0,0,0,0
822,52,Mujer,8.9,139,37.4,44,0,1,0.398,65,146,-2.96,36,0,-0.45,1.64,-1.17,0.748,0.398,-4.08,-2.96,-3.48,-3.56,-2.36,-2.96,71.368,125.255,96.337,92.791,0,0,0,0
823,60,Hombre,9,128,42.5,112,0,0,0.332,156,129,-2.25,36,0,0.8,-1.13,0.41,0.332,-0.018,-2.25,-1.12,-1.65,-1.72,-1.15,-1.75,760.272,1334.319,1026.26,988.488,0,0,0,0
824,54,Hombre,7.9,143,42.2,283,1,0,-0.303,209,144,-1.05,36,0,0.58,-0.77,0.03,-0.303,-0.653,-1.05,0.08,-0.45,-0.52,-0.9,-1.5,127.628,223.995,172.28,165.939,0,0,0,0
825,74,Hombre,6.9,139,67.1,36,0,0,-0.163,31,142,-2,36,0,0.09,-0.63,0.32,-0.163,-0.513,-2,-0.88,-1.4,-1.48,-1.65,-2.25,2477.221,4347.657,3343.898,3220.824,0,0,0,0
826,42,Mujer,7.5,131,49.8,49,0,0,-0.274,37,128,-0.73,36,0,-1.32,-0.32,-0.37,-0.274,-0.624,-0.73,0.39,-0.13,-0.21,-0.54,-1.14,607.393,1066.008,819.895,789.718,0,0,0,0
827,57,Mujer,8.8,131,48.6,490,0,1,-0.103,442,122,-3.64,36,0,-2.03,-0.43,-1.55,0.247,-0.103,-4.76,-3.64,-4.16,-4.24,-3.79,-4.39,533.5,936.321,720.149,693.644,0,0,0,0
828,71,Hombre,7.9,130,51.9,48,0,1,-0.052,46,120,-2.99,36,0,-0.58,1.37,-1.09,0.298,-0.052,-4.11,-2.99,-3.51,-3.59,-3.07,-3.67,651.964,1144.232,880.059,847.668,0,0,0,0
829,73,Hombre,8.4,107,38.1,137,0,0,0.483,222,111,-2.91,36,0,-1,0.31,-0.48,0.483,0.133,-2.91,-1.78,-2.31,-2.38,-1.58,-2.18,861.294,1511.617,1162.625,1119.834,0,0,0,0
830,76,Mujer,11.7,147,53.7,377,0,1,0.278,498,127,-4.28,36,0,-0.51,1.14,-0.59,0.628,0.278,-5.41,-4.28,-4.81,-4.88,-3.87,-4.47,331.088,581.077,446.922,430.473,0,0,0,0
831,53,Hombre,8.5,148,35,105,1,1,-0.446,67,152,0.34,36,0,-2.23,-2.05,-1.09,-0.096,-0.446,-0.78,0.34,-0.18,-0.26,-0.33,-0.93,1063.668,1866.796,1435.802,1382.957,0,0,0,0
832,67,Hombre,8.2,140,38.2,461,1,0,0.646,880,148,-4.06,2.6,1,-0.07,1.11,1.11,0.646,0.296,-4.06,-2.94,-3.46,-3.54,-2.49,-3.09,2.602,4.566,3.512,3.382,1,1,1,1
833,49,Mujer,5.9,135,61.1,25,0,0,1.131,77,134,-1.08,36,0,-0.35,-0.37,0.63,1.131,0.781,-1.08,0.04,-0.48,-0.56,1.22,0.62,963.535,1691.057,1300.636,1252.766,0,0,0,0
834,59,Mujer,6.8,153,39.3,73,0,1,-0.121,65,145,-0.35,36,0,-1.44,-1.63,-1.95,0.229,-0.121,-1.48,-0.35,-0.88,-0.95,-0.53,-1.13,142.077,249.352,191.783,184.725,0,0,0,0
835,52,Hombre,6.6,157,49.2,94,0,0,0.634,177,150,-3.95,36,0,0.91,-0.24,-1.17,0.634,0.284,-3.95,-2.83,-3.35,-3.43,-2.4,-3,184.193,323.269,248.634,239.483,0,0,0,0
836,57,Mujer,7.8,157,39.4,3006,0,0,-0.984,1123,162,-3.51,36,0,1.15,-0.89,0.21,-0.984,-1.334,-3.51,-2.38,-2.91,-2.98,-4.38,-4.98,190.692,334.675,257.407,247.933,0,0,0,0
837,54,Hombre,6.9,134,34.8,119,0,0,0.036,123,133,-3.77,36,0,-1.46,0.21,0.47,0.036,-0.314,-3.77,-2.65,-3.17,-3.25,-3.12,-3.72,895.33,1571.352,1208.568,1164.086,0,0,0,0
838,72,Mujer,7.5,152,36.4,138,0,0,-0.038,133,142,-2.82,36,0,0.46,0.29,0.48,-0.038,-0.388,-2.82,-1.7,-2.22,-2.3,-2.28,-2.88,93.404,163.928,126.082,121.441,0,0,0,0
839,52,Hombre,7.7,122,45.6,65,0,0,0.203,80,122,-2.45,36,0,-0.4,-0.11,0.38,0.203,-0.147,-2.45,-1.33,-1.85,-1.93,-1.55,-2.15,729.592,1280.474,984.846,948.598,0,0,0,0
840,80,Mujer,8.8,138,56.9,62,1,0,0.204,76,124,-4.77,36,0,-0.26,1.4,0.14,0.204,-0.146,-4.77,-3.65,-4.17,-4.25,-3.86,-4.46,204.132,358.262,275.549,265.407,0,0,0,0
841,55,Hombre,7.7,122,47,235,0,1,-0.435,152,125,0.87,36,0,-0.11,-2.67,0.51,-0.085,-0.435,-0.26,0.87,0.34,0.27,0.21,-0.39,210.319,369.121,283.901,273.452,0,0,0,0
842,75,Mujer,6.1,121,31.8,35,1,0,-0.263,27,137,-1.27,36,0,-0.94,0.16,0.7,-0.263,-0.613,-1.27,-0.14,-0.67,-0.74,-1.06,-1.66,1317.463,2312.219,1778.389,1712.934,0,0,0,0
843,53,Mujer,6.1,145,59.2,629,0,1,-0.506,379,140,-1.68,36,0,-1.3,0.89,0.95,-0.156,-0.506,-2.81,-1.68,-2.21,-2.28,-2.44,-3.04,994.069,1744.646,1341.853,1292.466,0,0,0,0
844,75,Mujer,11,158,45.7,514,0,0,0.178,614,154,-4.98,36,0,-0.29,-0.9,-0.09,0.178,-0.172,-4.98,-3.85,-4.38,-4.45,-4.11,-4.71,165.75,290.901,223.74,215.505,0,0,0,0
845,87,Mujer,8.4,133,39,66,0,0,0.285,88,134,-4.58,36,0,0.59,0.16,1.32,0.285,-0.065,-4.58,-3.46,-3.98,-4.06,-3.55,-4.15,38.423,67.434,51.866,49.957,0,0,0,0
846,51,Mujer,8.7,123,41.4,162,0,1,-0.105,146,109,-1.55,36,0,-0.05,-0.76,0.68,0.245,-0.105,-2.68,-1.55,-2.08,-2.15,-1.71,-2.31,504.656,885.698,681.214,656.142,0,0,0,0
847,46,Mujer,8.6,123,50.7,121,0,1,-0.289,91,112,-1.03,36,0,-0.4,1.02,1.29,0.061,-0.289,-2.16,-1.03,-1.56,-1.63,-1.47,-2.07,128.854,226.145,173.934,167.533,0,0,0,0
848,66,Mujer,8.1,125,56,71,0,0,0.013,72,130,-1.68,36,0,0.62,-1.16,1.03,0.013,-0.337,-1.68,-0.56,-1.08,-1.16,-1.06,-1.66,489.787,859.603,661.144,636.81,0,0,0,0
849,44,Hombre,5.5,104,43.4,10,0,0,0.218,12,102,0.39,36,0,-1.08,0.6,-1.11,0.218,-0.132,0.39,1.51,0.99,0.91,1.32,0.72,490.513,860.876,662.123,637.753,0,0,0,0
850,56,Hombre,9.6,97,33.7,129,0,1,-0.9,52,79,1.42,36,0,0.61,-1.13,0.05,-0.55,-0.9,0.29,1.42,0.89,0.82,0.07,-0.53,465.416,816.83,628.246,605.123,0,0,0,0
851,71,Hombre,6.3,145,34.9,323,1,0,-0.578,181,138,-2.78,36,0,0.2,0.24,1.72,-0.578,-0.928,-2.78,-1.66,-2.18,-2.26,-3.05,-3.65,357.323,627.122,482.336,464.583,0,0,0,0
852,66,Mujer,10.7,126,50,95,1,1,-0.812,42,128,0.32,36,0,0.35,-1.16,0.99,-0.462,-0.812,-0.81,0.32,-0.21,-0.28,-0.9,-1.5,2495.825,4380.309,3369.011,3245.013,0,0,0,0
853,50,Hombre,7.6,122,44.5,28,0,1,-0.085,26,124,-1.03,36,0,-0.14,0.42,-0.55,0.265,-0.085,-2.15,-1.03,-1.55,-1.63,-1.16,-1.76,2327.851,4085.507,3142.271,3026.618,0,0,0,0
854,67,Mujer,8.4,122,42.3,15,1,0,-0.063,14,129,-2.39,36,0,-0.75,0.21,1,-0.063,-0.413,-2.39,-1.27,-1.79,-1.87,-1.89,-2.49,143.1,251.148,193.165,186.055,0,0,0,0
855,66,Hombre,8.4,124,40.9,145,0,0,0.279,192,117,-3.89,36,0,0.05,0.46,0.68,0.279,-0.071,-3.89,-2.76,-3.29,-3.36,-2.87,-3.47,130.788,229.54,176.545,170.047,0,0,0,0
856,69,Mujer,6.8,177,49.5,31,0,1,1.003,85,181,-4.58,36,0,1.46,2.47,0.99,1.353,1.003,-5.7,-4.58,-5.1,-5.18,-3.07,-3.67,35.247,61.861,47.579,45.828,1,0,0,0
857,63,Mujer,6.5,128,58.6,38,0,1,0.078,41,131,-0.38,36,0,-0.13,-1.01,0.8,0.428,0.078,-1.5,-0.38,-0.9,-0.98,-0.26,-0.86,507.893,891.379,685.583,660.35,0,0,0,0
858,67,Hombre,7,119,43,50,1,0,-0.205,41,130,-1.94,36,0,0.72,0.96,0.8,-0.205,-0.555,-1.94,-0.81,-1.34,-1.41,-1.64,-2.24,48.334,84.83,65.245,62.843,0,0,0,0
859,78,Hombre,6,116,32.2,161,1,0,-0.032,156,107,-1.44,36,0,-0.92,-1.28,0.18,-0.032,-0.382,-1.44,-0.31,-0.84,-0.91,-0.89,-1.49,161.182,282.883,217.573,209.565,0,0,0,0
860,74,Hombre,8.7,150,42.9,145,0,0,-0.72,71,169,-3.35,36,0,-1.59,-0.2,0.48,-0.72,-1.07,-3.35,-2.23,-2.75,-2.83,-3.83,-4.43,220.746,387.421,297.976,287.008,0,0,0,0
861,60,Hombre,7.4,126,56.5,84,0,1,-0.726,41,111,-0.4,36,0,1.29,-0,0.61,-0.376,-0.726,-1.52,-0.4,-0.92,-1,-1.49,-2.09,352.974,619.489,476.465,458.929,0,0,0,0
862,56,Hombre,8.4,131,57.9,29,0,0,0.762,62,130,-3.68,36,0,1.13,0.51,-0.03,0.762,0.412,-3.68,-2.56,-3.08,-3.16,-1.94,-2.54,903.168,1585.109,1219.149,1174.277,0,0,0,0
863,59,Hombre,8.2,114,46.5,106,1,1,-0.31,78,105,-1.96,36,0,0.22,-0.28,1.1,0.04,-0.31,-3.08,-1.96,-2.48,-2.56,-2.42,-3.02,1052.957,1847.997,1421.343,1369.03,0,0,0,0
864,71,Hombre,9.5,130,52.5,112,0,1,-0.605,61,116,0.15,36,0,-0.59,0.42,-1.88,-0.255,-0.605,-0.98,0.15,-0.38,-0.45,-0.76,-1.36,821.242,1441.324,1108.56,1067.759,0,0,0,0
865,65,Hombre,9.3,159,30.3,574,0,0,-0.702,284,154,-3.5,36,0,1.28,-1.07,-0.28,-0.702,-1.052,-3.5,-2.37,-2.9,-2.97,-3.95,-4.55,550.776,966.642,743.47,716.106,0,0,0,0
866,68,Mujer,7.1,133,62.3,21,0,0,0.374,31,139,-2.96,18.66,1,-2,1.54,-1.47,0.374,0.024,-2.96,-1.83,-2.36,-2.43,-1.8,-2.4,18.664,32.757,25.194,24.267,1,1,1,1
867,58,Mujer,6.1,145,43.7,131,0,0,0.295,176,151,-1.36,36,0,-0.89,-0.33,-0.96,0.295,-0.055,-1.36,-0.23,-0.76,-0.83,-0.31,-0.91,258.534,453.742,348.985,336.14,0,0,0,0
868,56,Hombre,9,123,43.3,526,1,1,0.06,559,137,-2.27,36,0,-0.92,0.68,1.21,0.41,0.06,-3.4,-2.27,-2.8,-2.87,-2.18,-2.78,311.618,546.906,420.64,405.158,0,0,0,0
869,73,Mujer,7.7,121,32.3,140,1,0,-0.515,84,116,-3.09,36,0,-0.9,-0.02,-1.01,-0.515,-0.865,-3.09,-1.96,-2.49,-2.56,-3.26,-3.86,166.172,291.64,224.308,216.052,0,0,0,0
870,65,Mujer,7,126,47,158,0,1,-0.75,75,118,0.46,36,0,1.19,-1.09,1.64,-0.4,-0.75,-0.66,0.46,-0.06,-0.14,-0.66,-1.26,4006.738,7032.044,5408.53,5209.466,0,0,0,0
871,79,Mujer,6,129,26.7,412,0,1,-0.65,215,124,-2.92,36,0,0.71,0.13,0.25,-0.3,-0.65,-4.04,-2.92,-3.44,-3.52,-3.89,-4.49,579.48,1017.019,782.216,753.426,0,0,0,0
872,71,Mujer,8.9,143,34,594,0,0,-0.063,558,146,-4.63,36,0,1.47,1.19,0.08,-0.063,-0.413,-4.63,-3.51,-4.03,-4.11,-4.13,-4.73,570.568,1001.379,770.187,741.839,0,0,0,0
873,65,Mujer,9,123,46.2,76,0,1,-0.144,66,115,0.12,36,0,-0.38,-1.25,-1.24,0.206,-0.144,-1.01,0.12,-0.41,-0.48,-0.1,-0.7,1156.575,2029.852,1561.213,1503.751,0,0,0,0
874,75,Mujer,6.4,150,38.7,47,0,1,0.226,59,144,-1.21,36,0,1.41,0.11,-0.12,0.576,0.226,-2.34,-1.21,-1.74,-1.81,-0.87,-1.47,818.514,1436.536,1104.878,1064.212,0,0,0,0
875,54,Hombre,7,107,42.5,37,0,0,0.108,41,99,1.14,36,0,0.39,-1.55,1.99,0.108,-0.242,1.14,2.26,1.74,1.66,1.9,1.3,2403.413,4218.12,3244.268,3124.861,0,0,0,0
876,78,Hombre,9.8,151,47.3,465,1,1,-0.378,319,139,-4.46,36,0,-1.61,-0.08,-1.98,-0.028,-0.378,-5.58,-4.46,-4.98,-5.06,-5.02,-5.62,94.002,164.979,126.89,122.22,0,0,0,0
877,87,Hombre,7.5,161,48.5,46,1,0,0.059,49,158,-3.19,36,0,0.8,-0.83,0.37,0.059,-0.291,-3.19,-2.07,-2.59,-2.67,-2.51,-3.11,37.4,65.64,50.485,48.627,0,0,0,0
878,58,Mujer,9.1,127,58,62,0,0,-0.454,39,141,-2.82,36,0,-1.68,-1.18,0.65,-0.454,-0.804,-2.82,-1.69,-2.22,-2.29,-2.9,-3.5,5531.302,9707.737,7466.477,7191.669,0,0,0,0
879,74,Mujer,8.3,148,45,57,0,0,0.185,69,148,-1.34,36,0,0.63,-0.43,1.56,0.185,-0.165,-1.34,-0.22,-0.74,-0.82,-0.46,-1.06,1090.229,1913.412,1471.656,1417.49,0,0,0,0
880,52,Hombre,7.6,145,37.1,59,0,1,-0.428,38,135,-1.37,36,0,-0.19,0.24,0.79,-0.078,-0.428,-2.5,-1.37,-1.9,-1.97,-2.02,-2.62,1061.3,1862.639,1432.605,1379.877,0,0,0,0
881,53,Mujer,7.6,134,46,80,1,0,0.038,83,129,-3.63,36,0,0.82,-0.1,0.62,0.038,-0.312,-3.63,-2.51,-3.03,-3.11,-2.98,-3.58,175.648,308.271,237.1,228.373,0,0,0,0
882,78,Mujer,7.8,119,39.7,35,0,0,0.038,36,117,-2.28,36,0,1.21,0.71,-0.1,0.038,-0.312,-2.28,-1.16,-1.68,-1.76,-1.63,-2.23,396.472,695.829,535.181,515.483,0,0,0,0
883,55,Mujer,6.7,118,61,33,0,1,0.035,34,106,0.93,36,0,-0.58,0.09,-0.24,0.385,0.035,-0.19,0.93,0.41,0.33,0.98,0.38,813.83,1428.317,1098.556,1058.123,0,0,0,0
884,55,Mujer,7.4,107,52.6,396,1,1,-0.62,213,105,-4.06,36,0,-0.77,1.83,-1.38,-0.27,-0.62,-5.18,-4.06,-4.58,-4.66,-4.99,-5.59,1018.12,1786.856,1374.318,1323.736,0,0,0,0
885,61,Hombre,7,125,29.6,630,1,1,-0.717,308,131,-1.74,36,0,-0.05,-0.05,-1.68,-0.367,-0.717,-2.87,-1.74,-2.27,-2.34,-2.82,-3.42,21.992,38.597,29.686,28.593,1,0,1,1
886,69,Hombre,6.8,148,52.6,152,0,0,-0.204,124,144,-2.12,36,0,2.21,0.48,-0.87,-0.204,-0.554,-2.12,-1,-1.52,-1.6,-1.83,-2.43,625.536,1097.85,844.386,813.308,0,0,0,0
887,77,Hombre,7.2,132,41.3,52,0,0,0.234,66,138,-3.1,36,0,-0.82,1.21,0.35,0.234,-0.116,-3.1,-1.98,-2.5,-2.58,-2.15,-2.75,627.212,1100.792,846.648,815.487,0,0,0,0
888,41,Mujer,9.8,137,45.6,69,0,0,-0.341,49,139,-1.96,36,0,-0.72,-0.1,0.7,-0.341,-0.691,-1.96,-0.84,-1.36,-1.44,-1.87,-2.47,417.79,733.244,563.957,543.201,0,0,0,0
889,65,Hombre,5.5,150,55.1,60,0,1,-0.665,31,154,1.67,36,0,-1.16,-1.58,-0.79,-0.315,-0.665,0.55,1.67,1.15,1.07,0.67,0.07,10798.75,18952.397,14576.788,14040.281,0,0,0,0
890,54,Hombre,7.7,127,49.7,39,0,0,-0.51,23,124,0.66,36,0,-0.04,-1.69,-0.79,-0.51,-0.86,0.66,1.79,1.26,1.19,0.5,-0.1,509.083,893.468,687.19,661.897,0,0,0,0
891,63,Hombre,9.6,137,46.5,549,0,1,0.514,918,135,-5.2,36,0,1.14,1.41,0.39,0.864,0.514,-6.33,-5.2,-5.73,-5.8,-4.43,-5.03,51.521,90.422,69.546,66.986,0,0,0,0
892,69,Hombre,9.6,125,34.2,363,1,1,-0.164,308,123,-1.15,31.6,1,0.83,0.43,-1.33,0.186,-0.164,-2.28,-1.15,-1.68,-1.75,-1.4,-2,18.007,31.604,24.308,23.413,1,1,1,1
893,55,Hombre,7,120,49.3,127,0,1,-0.428,83,121,0.35,36,0,-0.11,0.21,0.29,-0.078,-0.428,-0.77,0.35,-0.17,-0.25,-0.29,-0.89,1328.248,2331.147,1792.947,1726.956,0,0,0,0
894,68,Mujer,8.6,138,39.6,302,1,0,0.48,488,122,-4.86,2.08,1,1.22,-0.94,1.9,0.48,0.13,-4.86,-3.74,-4.26,-4.34,-3.54,-4.14,2.083,3.656,2.812,2.708,1,1,1,1
895,51,Mujer,7.7,134,42.7,127,0,1,-0.565,72,131,-0.73,35.8,1,-0.58,-0.24,0.87,-0.215,-0.565,-1.86,-0.73,-1.26,-1.33,-1.58,-2.18,20.397,35.797,27.533,26.519,1,1,1,1
896,72,Mujer,5.5,138,38.2,91,0,1,0.798,202,129,-2.94,36,0,0.94,1.3,1.46,1.148,0.798,-4.06,-2.94,-3.46,-3.54,-1.74,-2.34,804.153,1411.332,1085.493,1045.541,0,0,0,0
897,82,Mujer,7.8,129,41,67,1,0,-0.366,46,132,-1.56,36,0,2.46,-0.68,-1.1,-0.366,-0.716,-1.56,-0.43,-0.96,-1.03,-1.5,-2.1,834.802,1465.124,1126.865,1085.39,0,0,0,0
898,61,Mujer,7,151,47.2,91,0,0,-0.272,69,141,-4.14,36,0,0.46,0.25,0.07,-0.272,-0.622,-4.14,-3.01,-3.54,-3.61,-3.95,-4.55,436.03,765.256,588.578,566.915,0,0,0,0
899,63,Hombre,7.1,131,60.8,46,0,0,0.592,83,131,-1.83,36,0,0.86,1.28,0.7,0.592,0.242,-1.83,-0.7,-1.23,-1.3,-0.34,-0.94,197.382,346.416,266.438,256.631,0,0,0,0
900,64,Mujer,6.5,156,38.8,134,0,0,0.239,170,144,-3.31,36,0,-0.32,-0.2,-2.75,0.239,-0.111,-3.31,-2.18,-2.71,-2.78,-2.35,-2.95,266.568,467.842,359.83,346.586,0,0,0,0
901,55,Hombre,9.7,134,58.3,153,0,1,-0.619,82,113,-0.66,36,0,1.64,-0.52,0.1,-0.269,-0.619,-1.78,-0.66,-1.18,-1.26,-1.59,-2.19,1204.346,2113.694,1625.698,1565.863,0,0,0,0
902,53,Mujer,8.1,154,52.8,172,0,1,-0.001,172,149,-1.7,36,0,0.73,1.72,-0.25,0.349,-0.001,-2.82,-1.7,-2.22,-2.3,-1.7,-2.3,580.25,1018.371,783.256,754.428,0,0,0,0
903,68,Mujer,8.9,145,46.7,68,0,1,0.155,79,130,-0.05,36,0,-0.12,-1.52,-1.08,0.505,0.155,-1.18,-0.05,-0.58,-0.65,0.18,-0.42,2690.667,4722.267,3632.02,3498.342,0,0,0,0
904,54,Hombre,8.5,117,44.2,190,0,0,-0.042,182,108,-2.26,36,0,0.05,-0.25,0.25,-0.042,-0.392,-2.26,-1.13,-1.66,-1.73,-1.72,-2.32,370.109,649.561,499.595,481.207,0,0,0,0
905,50,Mujer,7.2,167,30.6,60,0,0,0.515,100,170,-4.93,20.55,1,-0.45,-0.24,-1.63,0.515,0.165,-4.93,-3.81,-4.33,-4.41,-3.56,-4.16,20.553,36.071,27.743,26.722,1,0,1,1
906,56,Hombre,5.7,156,39.1,71,0,0,0.435,110,154,-2.79,36,0,-1,1.35,-0.51,0.435,0.085,-2.79,-1.67,-2.19,-2.27,-1.54,-2.14,193.449,339.514,261.129,251.518,0,0,0,0
907,69,Hombre,5.6,135,45.8,88,1,0,0.612,162,145,-2.44,36,0,-0.76,-0.84,-0.44,0.612,0.262,-2.44,-1.31,-1.84,-1.91,-0.92,-1.52,627.731,1101.703,847.349,816.162,0,0,0,0
908,71,Hombre,7.9,147,60.8,697,0,1,-0.044,667,144,-5.15,36,0,0.07,1.12,-1.29,0.306,-0.044,-6.27,-5.15,-5.67,-5.75,-5.21,-5.81,107.096,187.959,144.565,139.244,0,0,0,0
909,68,Hombre,8.3,125,34.1,264,0,0,-0.099,239,125,-1.46,36,0,0.73,1.15,0.81,-0.099,-0.449,-1.46,-0.33,-0.86,-0.93,-1.01,-1.61,83.988,147.403,113.371,109.199,0,0,0,0
910,34,Mujer,8.4,114,53.8,74,0,0,0.21,91,114,-2.91,36,0,-0.48,1.69,-0.47,0.21,-0.14,-2.91,-1.79,-2.31,-2.39,-2,-2.6,746.17,1309.569,1007.224,970.152,0,0,0,0
911,75,Hombre,6.8,127,29.8,433,1,0,0.621,806,130,-3.76,36,0,2.05,-0.06,-1,0.621,0.271,-3.76,-2.63,-3.16,-3.23,-2.23,-2.83,227.685,399.6,307.343,296.031,0,0,0,0
912,43,Mujer,7,139,34.6,145,0,1,-0.12,129,121,-1.05,36,0,-0.57,0.25,0.78,0.23,-0.12,-2.17,-1.05,-1.57,-1.65,-1.23,-1.83,397.786,698.136,536.955,517.192,0,0,0,0
913,53,Hombre,8.2,144,41.3,153,0,1,0.308,208,143,-3.05,26.15,1,-1.69,0.17,-0.12,0.658,0.308,-4.18,-3.05,-3.58,-3.65,-2.59,-3.19,14.898,26.148,20.111,19.371,1,1,1,1
914,86,Hombre,6.3,128,39.4,280,1,0,-0.511,168,118,-0.12,36,0,-0.16,-1.05,-0.19,-0.511,-0.861,-0.12,1,0.48,0.4,-0.29,-0.89,1524.347,2675.312,2057.653,1981.92,0,0,0,0
915,53,Hombre,7.2,116,49.2,33,1,1,-0.051,31,108,0.6,36,0,0.35,-1.23,-0.34,0.299,-0.051,-0.52,0.6,0.08,0,0.53,-0.07,5334.378,9362.126,7200.658,6935.633,0,0,0,0
916,74,Mujer,6.5,127,30.9,231,1,0,0.067,247,122,-3.31,0.05,1,0.51,-0.49,-0.46,0.067,-0.283,-3.31,-2.18,-2.71,-2.78,-2.61,-3.21,0.054,0.094,0.073,0.07,1,1,1,1
917,68,Mujer,8.2,153,20.1,493,1,1,0.466,786,141,-5.72,23.52,1,1.03,1.25,-0.37,0.816,0.466,-6.85,-5.72,-6.25,-6.32,-5.03,-5.63,13.4,23.518,18.088,17.422,1,1,1,1
918,78,Mujer,8.3,153,47.8,298,0,1,-0.818,132,147,-1.6,36,0,0.63,-0.18,0.95,-0.468,-0.818,-2.73,-1.6,-2.13,-2.2,-2.83,-3.43,659.177,1156.892,889.796,857.047,0,0,0,0
919,66,Hombre,6.4,149,40.5,9,1,0,0.613,17,162,-2.64,36,0,-0.91,-0.16,-1.26,0.613,0.263,-2.64,-1.52,-2.04,-2.12,-1.13,-1.73,479.017,840.701,646.606,622.807,0,0,0,0
920,52,Hombre,5.8,135,50.9,58,0,0,-0.291,43,148,-0,36,0,1.62,-1.12,-0.09,-0.291,-0.641,-0,1.12,0.6,0.52,0.16,-0.44,4645.106,8152.416,6270.238,6039.458,0,0,0,0
921,62,Hombre,7,117,60.4,5,0,0,-0.047,5,121,0.8,36,0,-0.51,0.1,1.33,-0.047,-0.397,0.8,1.92,1.4,1.32,1.33,0.73,551.051,967.124,743.84,716.463,0,0,0,0
922,66,Hombre,8.8,139,49.6,107,1,0,0.066,114,149,-3.67,36,0,-0.72,-0.05,0.49,0.066,-0.284,-3.67,-2.55,-3.07,-3.15,-2.98,-3.58,348.122,610.973,469.916,452.62,0,0,0,0
923,48,Mujer,8.2,132,40.3,65,0,0,-0.631,35,132,0.46,11.46,1,-1.16,-0.87,-1.32,-0.631,-0.981,0.46,1.58,1.06,0.98,0.11,-0.49,11.456,20.107,15.465,14.895,1,1,1,1
924,68,Hombre,8.4,162,40.8,193,1,0,0.007,194,165,-4.12,36,0,0.05,-1.39,1.12,0.007,-0.343,-4.12,-2.99,-3.52,-3.59,-3.51,-4.11,223.926,393.003,302.269,291.143,0,0,0,0
925,44,Hombre,6.7,125,48.3,841,1,1,-0.251,655,112,-2.92,36,0,-0.78,0.52,-0.59,0.099,-0.251,-4.04,-2.92,-3.44,-3.52,-3.29,-3.89,62.712,110.063,84.652,81.536,0,0,0,0
926,80,Mujer,6.7,134,50.1,58,0,0,0.721,119,132,-2.6,3.32,1,0.23,-0.36,-0.28,0.721,0.371,-2.6,-1.48,-2,-2.08,-0.92,-1.52,3.323,5.832,4.486,4.321,1,1,1,1
927,60,Hombre,8.9,102,41.1,66,0,0,-0.542,38,106,-0.31,36,0,0.47,-1.76,-1.05,-0.542,-0.892,-0.31,0.82,0.29,0.22,-0.52,-1.12,203.685,357.478,274.946,264.826,0,0,0,0
928,47,Mujer,8.7,128,43.5,56,0,0,0.094,62,128,0.11,36,0,-1.1,-1.87,-0.32,0.094,-0.256,0.11,1.24,0.71,0.64,0.85,0.25,1230.242,2159.143,1660.654,1599.532,0,0,0,0
929,61,Mujer,8.8,144,36.3,220,1,1,0.743,462,137,-6.42,36,0,-1.01,1.87,2.59,1.093,0.743,-7.55,-6.42,-6.95,-7.02,-5.31,-5.91,204.511,358.928,276.061,265.9,0,0,0,0
930,62,Mujer,7.9,141,45.9,355,0,1,-0.551,205,138,0.48,34.56,1,1.03,-1.58,0.32,-0.201,-0.551,-0.64,0.48,-0.04,-0.12,-0.35,-0.95,19.694,34.564,26.584,25.606,1,1,1,1
931,90,Mujer,7.9,114,34.2,397,0,1,-0.949,154,117,0.92,36,0,-0.07,-1.45,-1.46,-0.599,-0.949,-0.2,0.92,0.4,0.32,-0.5,-1.1,116.334,204.172,157.034,151.254,0,0,0,0
932,56,Hombre,6.9,121,52.8,32,0,1,-0.091,29,122,0.3,36,0,-1.82,-0.63,0.88,0.259,-0.091,-0.83,0.3,-0.23,-0.3,0.16,-0.44,1787.865,3137.801,2413.365,2324.54,0,0,0,0
933,61,Hombre,5.5,157,47.8,54,0,0,0.502,89,167,-2.08,36,0,-0.78,0.42,-0.81,0.502,0.152,-2.08,-0.96,-1.48,-1.56,-0.73,-1.33,1290.447,2264.804,1741.921,1677.808,0,0,0,0
934,59,Hombre,6.5,149,45.4,338,1,1,-0.292,252,138,-3.23,36,0,-1.87,1.15,-0.08,0.058,-0.292,-4.35,-3.23,-3.75,-3.83,-3.66,-4.26,32.557,57.139,43.947,42.33,1,0,0,0
935,51,Hombre,9,161,68.9,145,0,1,0.053,153,158,-0.27,36,0,-0.99,-2.21,-2.42,0.403,0.053,-1.39,-0.27,-0.79,-0.87,-0.19,-0.79,1742.624,3058.4,2352.296,2265.719,0,0,0,0
936,69,Mujer,9.1,138,44.3,350,0,0,0.246,448,141,-4.82,36,0,0.88,0.88,-0.23,0.246,-0.104,-4.82,-3.69,-4.22,-4.29,-3.85,-4.45,43.663,76.632,58.939,56.77,0,0,0,0
937,68,Hombre,6.3,153,40.4,242,0,0,-0.073,225,138,-3.8,36,0,1.05,0.35,1.06,-0.073,-0.423,-3.8,-2.67,-3.2,-3.27,-3.31,-3.91,144.747,254.038,195.388,188.196,0,0,0,0
938,50,Hombre,7.5,150,46.9,368,0,0,-0.308,270,138,-0.3,36,0,0.24,-0.16,0.58,-0.308,-0.658,-0.3,0.83,0.3,0.23,-0.16,-0.76,99.158,174.029,133.85,128.924,0,0,0,0
939,65,Mujer,7.4,127,36.8,150,0,0,-0.394,101,140,-0.42,36,0,0.07,-2.57,1.06,-0.394,-0.744,-0.42,0.71,0.18,0.11,-0.41,-1.01,1117.986,1962.126,1509.123,1453.579,0,0,0,0
940,72,Hombre,8,140,49.3,538,0,0,-0.297,400,146,-3.13,36,0,0.05,-1.69,-1.35,-0.297,-0.647,-3.13,-2,-2.53,-2.6,-2.98,-3.58,483.879,849.235,653.169,629.129,0,0,0,0
941,71,Hombre,7.6,150,45.3,55,1,0,-0.105,50,157,-2.98,36,0,0.02,0.56,0.76,-0.105,-0.455,-2.98,-1.85,-2.38,-2.45,-2.53,-3.13,180.549,316.874,243.716,234.746,0,0,0,0
942,68,Hombre,7.8,113,49.9,17,0,0,1.83,106,107,-6.59,36,0,-0.87,2,0.76,1.83,1.48,-6.59,-5.46,-5.99,-6.06,-3.24,-3.84,382.111,670.625,515.796,496.811,0,0,0,0
943,81,Mujer,5.9,126,47.9,11,0,0,-0.043,11,124,-0.98,36,0,0.5,-0.34,2.12,-0.043,-0.393,-0.98,0.15,-0.38,-0.45,-0.44,-1.04,1124.126,1972.902,1517.411,1461.562,0,0,0,0
944,74,Hombre,6.9,114,43,36,0,0,-0.419,24,114,-0.65,36,0,1.67,0.21,-0.75,-0.419,-0.769,-0.65,0.47,-0.05,-0.13,-0.68,-1.28,1049.739,1842.349,1416.999,1364.845,0,0,0,0
945,57,Hombre,9,147,42,154,0,0,0.475,248,131,-4.13,36,0,-0.44,0.25,1.4,0.475,0.125,-4.13,-3.01,-3.53,-3.61,-2.82,-3.42,272.46,478.183,367.783,354.246,0,0,0,0
946,54,Hombre,7,156,58.7,213,0,0,-0.376,146,155,-3.78,36,0,0.05,1.41,1.66,-0.376,-0.726,-3.78,-2.65,-3.18,-3.25,-3.74,-4.34,454.692,798.01,613.771,591.18,0,0,0,0
947,56,Mujer,6.6,139,43.3,210,0,1,0.838,486,121,-4.39,36,0,-0.44,2.23,0.27,1.188,0.838,-5.51,-4.39,-4.91,-4.99,-3.13,-3.73,36.899,64.76,49.809,47.976,0,0,0,0
948,67,Hombre,8.3,126,42.1,44,0,0,-0.272,34,125,0.48,36,0,1.67,-0.95,-0.31,-0.272,-0.622,0.48,1.6,1.08,1,0.67,0.07,1417.334,2487.499,1913.201,1842.785,0,0,0,0
949,74,Mujer,6.9,136,43.5,64,0,0,-0.84,28,136,1.6,36,0,1.7,-2.37,-0.35,-0.84,-1.19,1.6,2.73,2.2,2.13,0.94,0.34,9698.589,17021.555,13091.726,12609.878,0,0,0,0
950,75,Hombre,8.9,136,30.1,49,0,0,0.064,52,135,-3.87,33.88,1,-0.25,0.77,0.67,0.064,-0.286,-3.87,-2.75,-3.27,-3.35,-3.18,-3.78,33.881,59.463,45.734,44.051,1,0,0,0
951,79,Hombre,7.2,144,42.3,166,0,0,0.609,305,134,-3.45,36,0,0.39,1.4,0.31,0.609,0.259,-3.45,-2.32,-2.85,-2.92,-1.94,-2.54,180.432,316.668,243.558,234.594,0,0,0,0
952,81,Hombre,8.2,139,54.5,6,1,0,0.424,9,148,-1.73,36,0,0.29,0.76,-0.31,0.424,0.074,-1.73,-0.61,-1.13,-1.21,-0.5,-1.1,779.587,1368.218,1052.333,1013.601,0,0,0,0
953,71,Hombre,7.2,130,20,509,0,0,-0.697,254,144,-0.7,36,0,-1.53,-1.13,0.13,-0.697,-1.047,-0.7,0.42,-0.1,-0.18,-1.15,-1.75,370.572,650.374,500.22,481.809,0,0,0,0
954,65,Hombre,7.6,132,39.7,58,0,0,0.249,74,125,-3.26,36,0,-0.35,0.39,2,0.249,-0.101,-3.26,-2.13,-2.66,-2.73,-2.29,-2.89,1817.171,3189.234,2452.924,2362.643,0,0,0,0
955,50,Hombre,7.3,99,53.3,29,0,1,-0.373,20,95,2.37,36,0,-1.53,-0.78,-0.97,-0.023,-0.373,1.24,2.37,1.84,1.77,1.81,1.21,1895.71,3327.075,2558.941,2464.758,0,0,0,0
956,51,Mujer,9.2,114,31.7,29,0,0,0.306,39,136,-2.46,36,0,0.53,-0.22,0.72,0.306,-0.044,-2.46,-1.33,-1.86,-1.93,-1.4,-2,583.212,1023.57,787.254,758.279,0,0,0,0
957,44,Hombre,8.3,151,45.1,112,0,1,-0.643,59,156,-0.45,36,0,-0.41,0.44,-3.19,-0.293,-0.643,-1.58,-0.45,-0.98,-1.05,-1.42,-2.02,33.882,59.465,45.736,44.053,1,0,0,0
958,61,Hombre,7.1,122,50.7,73,0,1,-0.674,37,113,0.49,36,0,1.29,-0.49,1.81,-0.324,-0.674,-0.64,0.49,-0.04,-0.11,-0.52,-1.12,74.419,130.609,100.455,96.757,0,0,0,0
959,70,Mujer,7.6,137,29.7,78,0,0,-0.192,64,137,-2.57,36,0,-1.43,-1.03,-0.58,-0.192,-0.542,-2.57,-1.45,-1.97,-2.05,-2.26,-2.86,1094.067,1920.147,1476.835,1422.48,0,0,0,0
960,72,Hombre,8.8,163,27.9,160,1,0,-0.708,79,155,-3.37,36,0,-0.21,-0.35,0.36,-0.708,-1.058,-3.37,-2.24,-2.77,-2.84,-3.83,-4.43,110.387,193.736,149.007,143.523,0,0,0,0
961,45,Hombre,7.4,157,67.2,76,0,1,0.072,82,149,-1.4,36,0,-0.76,-0.42,-0.54,0.422,0.072,-2.52,-1.4,-1.92,-2,-1.29,-1.89,410.301,720.101,553.848,533.464,0,0,0,0
962,57,Mujer,7.4,141,47,15,0,0,-1.167,5,131,2.54,36,0,0.52,-2.23,0.5,-1.167,-1.517,2.54,3.66,3.14,3.06,1.39,0.79,5138.389,9018.154,6936.1,6680.813,0,0,0,0
963,81,Hombre,7.6,127,47,390,0,1,-1.003,143,126,0.45,36,0,1.93,-1.25,-1.46,-0.653,-1.003,-0.68,0.45,-0.08,-0.15,-1.06,-1.66,2899.496,5088.774,3913.91,3769.856,0,0,0,0
964,69,Hombre,6.7,140,36.2,160,1,0,-0.317,117,134,-3.17,36,0,0.03,0.02,-1.3,-0.317,-0.667,-3.17,-2.05,-2.57,-2.65,-3.05,-3.65,235.291,412.949,317.61,305.92,0,0,0,0
965,69,Hombre,8.1,166,37.6,282,0,0,-0.422,185,174,-2.01,36,0,0.39,-0.32,0.91,-0.422,-0.772,-2.01,-0.88,-1.41,-1.48,-2.04,-2.64,269.444,472.889,363.711,350.325,0,0,0,0
966,64,Hombre,8.6,162,21.3,15,1,0,1.255,53,149,-5.67,36,0,0.26,0.42,-0.52,1.255,0.905,-5.67,-4.55,-5.07,-5.15,-3.19,-3.79,154.605,271.339,208.694,201.013,0,0,0,0
967,65,Mujer,7.6,158,39.1,284,1,1,-0.4,190,157,-3.43,36,0,0.02,0.65,0.28,-0.05,-0.4,-4.56,-3.43,-3.96,-4.03,-4.03,-4.63,164.158,288.106,221.59,213.434,0,0,0,0
968,49,Hombre,9,142,42.5,79,0,1,0.08,86,132,-2.41,36,0,-0.5,-0.15,0.6,0.43,0.08,-3.53,-2.41,-2.93,-3.01,-2.29,-2.89,1099.616,1929.886,1484.326,1429.695,0,0,0,0
969,52,Mujer,9.2,115,55.8,9,0,0,0.024,9,112,0.25,36,0,1.07,0.6,-0.17,0.024,-0.326,0.25,1.37,0.85,0.77,0.88,0.28,1211.517,2126.278,1635.376,1575.185,0,0,0,0
970,77,Hombre,8.8,150,34.2,264,1,0,-0.253,205,155,-3.09,36,0,-1.68,0.53,0.22,-0.253,-0.603,-3.09,-1.96,-2.49,-2.56,-2.86,-3.46,225.427,395.637,304.295,293.095,0,0,0,0
971,56,Hombre,6,151,51.2,99,0,1,-0.124,87,136,-0.95,36,0,1.12,-0.01,-0.77,0.226,-0.124,-2.08,-0.95,-1.48,-1.55,-1.14,-1.74,620.724,1089.405,837.89,807.051,0,0,0,0
972,74,Mujer,5.9,129,51.3,74,1,0,-0.905,30,132,-0.02,36,0,-0.46,-3.28,-0.66,-0.905,-1.255,-0.02,1.1,0.58,0.5,-0.78,-1.38,5131.879,9006.728,6927.312,6672.348,0,0,0,0
973,63,Hombre,6.4,137,42.4,341,1,1,-0.219,274,140,-1.81,36,0,-0.53,0.71,1.25,0.131,-0.219,-2.94,-1.81,-2.34,-2.41,-2.14,-2.74,176.251,309.329,237.913,229.157,0,0,0,0
974,62,Hombre,6.8,158,54.5,261,1,1,-0.599,143,157,-3.03,36,0,0.42,1.48,0.38,-0.249,-0.599,-4.16,-3.03,-3.56,-3.63,-3.93,-4.53,245.963,431.679,332.016,319.796,0,0,0,0
975,73,Hombre,10.2,136,43.8,71,0,0,0.826,162,141,-2.7,36,0,0.37,0.26,0.01,0.826,0.476,-2.7,-1.57,-2.1,-2.17,-0.86,-1.46,191.957,336.894,259.114,249.577,0,0,0,0
976,67,Hombre,7.3,137,39.4,28,1,0,0.22,35,141,-1.61,36,0,-0.04,-0.45,1.93,0.22,-0.13,-1.61,-0.48,-1.01,-1.08,-0.68,-1.28,2759.232,4842.603,3724.574,3587.489,0,0,0,0
977,68,Mujer,7.8,135,56,127,1,0,-0.202,104,148,-3.65,36,0,0.82,0.91,-0.33,-0.202,-0.552,-3.65,-2.53,-3.05,-3.13,-3.36,-3.96,1373.148,2409.949,1853.555,1785.334,0,0,0,0
978,47,Hombre,9.6,97,63.1,93,0,1,-0.057,88,87,-0.78,36,0,-0.43,-0.36,-0.74,0.293,-0.057,-1.9,-0.78,-1.3,-1.38,-0.86,-1.46,663.104,1163.784,895.097,862.152,0,0,0,0
979,60,Mujer,6,115,34.8,138,0,0,0.1,153,116,-3.36,36,0,-0.35,0.32,1.23,0.1,-0.25,-3.36,-2.24,-2.76,-2.84,-2.61,-3.21,278.505,488.792,375.943,362.106,0,0,0,0
980,64,Mujer,9.1,147,59.6,88,1,0,0.072,95,147,-4.21,36,0,0.25,-0.06,-2.53,0.072,-0.278,-4.21,-3.09,-3.61,-3.69,-3.51,-4.11,350.462,615.08,473.074,455.663,0,0,0,0
981,63,Hombre,8.3,164,38.3,300,1,0,-0.491,184,175,-0.61,36,0,0.96,-2.05,0.48,-0.491,-0.841,-0.61,0.51,-0.01,-0.09,-0.75,-1.35,89.455,156.998,120.751,116.307,0,0,0,0
982,85,Mujer,9.8,151,38.8,418,0,0,0.566,736,152,-4.8,11.48,1,0.81,0.4,1.39,0.566,0.216,-4.8,-3.67,-4.2,-4.27,-3.35,-3.95,11.483,20.154,15.501,14.93,1,1,1,1
983,71,Hombre,8.8,143,45.2,502,0,1,-0.403,336,135,-4.82,36,0,2.41,0,-0.59,-0.053,-0.403,-5.95,-4.82,-5.35,-5.42,-5.43,-6.03,33.385,58.592,45.065,43.406,1,0,0,0
984,60,Hombre,8.2,148,46.1,82,0,1,-0.365,57,144,-0.61,36,0,-1.48,-0.56,0.4,-0.015,-0.365,-1.74,-0.61,-1.14,-1.21,-1.16,-1.76,800.403,1404.75,1080.43,1040.664,0,0,0,0
985,55,Mujer,6.5,147,43.2,191,0,1,-0.072,178,142,-2.66,36,0,-1.22,0.85,-1.12,0.278,-0.072,-3.78,-2.66,-3.18,-3.26,-2.76,-3.36,477.273,837.64,644.251,620.539,0,0,0,0
986,58,Mujer,7.7,155,44.3,21,0,1,0.286,28,149,-2.82,36,0,0.17,0.17,-1.49,0.636,0.286,-3.95,-2.82,-3.35,-3.42,-2.4,-3,1516.217,2661.043,2046.678,1971.349,0,0,0,0
987,67,Mujer,8.1,150,33.1,111,0,0,0.807,249,133,-4.78,36,0,-0.23,0.19,0.97,0.807,0.457,-4.78,-3.66,-4.18,-4.26,-2.97,-3.57,308.653,541.704,416.639,401.304,0,0,0,0
988,53,Mujer,9,131,47.9,793,0,1,-0.302,586,124,-2.26,36,0,-0.18,0.26,1.93,0.048,-0.302,-3.39,-2.26,-2.79,-2.86,-2.72,-3.32,225.455,395.686,304.332,293.131,0,0,0,0
989,66,Hombre,8,117,27.4,46,0,1,-0.672,23,115,-0.64,36,0,-0.32,0.66,-1.42,-0.322,-0.672,-1.77,-0.64,-1.17,-1.24,-1.65,-2.25,802.869,1409.079,1083.76,1043.871,0,0,0,0
990,46,Mujer,8,162,52.3,126,0,1,-0.118,112,167,-1.05,36,0,-0.38,-0.18,0.53,0.232,-0.118,-2.18,-1.05,-1.58,-1.65,-1.23,-1.83,232.508,408.064,313.853,302.301,0,0,0,0
991,52,Mujer,8.2,154,51,110,0,1,-0.509,66,150,-1.15,36,0,-1.33,-1.63,0.35,-0.159,-0.509,-2.28,-1.15,-1.68,-1.75,-1.92,-2.52,391.55,687.191,528.537,509.084,0,0,0,0
992,65,Hombre,8.6,145,57.6,453,1,1,-0.075,420,146,-2.95,36,0,1.11,1.03,2.96,0.275,-0.075,-4.07,-2.95,-3.47,-3.55,-3.06,-3.66,135.742,238.234,183.232,176.488,0,0,0,0
993,62,Hombre,7.6,116,48.2,134,1,0,-0.738,64,117,-2.35,36,0,2,-0.61,-0.21,-0.738,-1.088,-2.35,-1.23,-1.75,-1.83,-2.86,-3.46,1657.136,2908.364,2236.899,2154.569,0,0,0,0
994,55,Mujer,8.5,147,51.7,49,0,1,-0.646,26,139,-0.82,36,0,-1.73,-0.6,-0.83,-0.296,-0.646,-1.94,-0.82,-1.34,-1.42,-1.79,-2.39,846.107,1484.964,1142.125,1100.088,0,0,0,0
995,78,Mujer,7.2,142,52.6,96,0,0,1.041,272,140,-4.25,36,0,0.18,0.37,-0.6,1.041,0.691,-4.25,-3.12,-3.65,-3.72,-2.09,-2.69,195.138,342.478,263.408,253.714,0,0,0,0
996,71,Hombre,9.3,124,49.4,94,0,0,0.66,182,126,-3.02,36,0,-0.05,-0.14,1.09,0.66,0.31,-3.02,-1.89,-2.42,-2.49,-1.43,-2.03,112.888,198.124,152.383,146.774,0,0,0,0
997,38,Hombre,6.6,128,57.2,41,0,1,-0.768,19,108,0.99,36,0,0.46,-0.4,-0.35,-0.418,-0.768,-0.14,0.99,0.46,0.39,-0.16,-0.76,3427.816,6016.005,4627.068,4456.766,0,0,0,0
998,48,Mujer,8.2,111,71,52,0,1,0.31,71,104,-0.62,36,0,0.91,-0.13,2.39,0.66,0.31,-1.75,-0.62,-1.15,-1.22,-0.16,-0.76,2388.935,4192.712,3224.726,3106.038,0,0,0,0
999,89,Mujer,9.5,127,47.8,80,0,0,0.797,177,139,-6.47,36,0,1.03,1.57,-0.06,0.797,0.447,-6.47,-5.34,-5.87,-5.94,-4.67,-5.27,363.278,637.572,490.373,472.325,0,0,0,0
1000,62,Hombre,8.5,140,49,243,0,1,0.717,498,124,-6.45,36,0,-0.2,2.91,-0.77,1.067,0.717,-7.57,-6.45,-6.97,-7.05,-5.37,-5.97,111.49,195.67,150.495,144.956,0,0,0,0
1001,61,Hombre,9,95,40.1,210,0,1,0.709,426,83,-2.61,36,0,-0.18,-0.16,0.39,1.059,0.709,-3.74,-2.61,-3.14,-3.21,-1.55,-2.15,40.532,71.136,54.712,52.699,0,0,0,0
1002,52,Mujer,6.6,95,54.8,114,0,1,-0.549,66,76,-1.77,36,0,-0.12,1.76,-0,-0.199,-0.549,-2.9,-1.77,-2.3,-2.37,-2.6,-3.2,1020.824,1791.602,1377.969,1327.252,0,0,0,0
1003,67,Hombre,8.6,147,50.4,163,0,0,-0.157,139,151,-4.1,36,0,-0.61,1.65,0.39,-0.157,-0.507,-4.1,-2.97,-3.5,-3.57,-3.73,-4.33,58.016,101.821,78.313,75.431,0,0,0,0
1004,63,Mujer,7.8,127,41.9,584,1,1,0.186,703,104,-4.47,10.58,1,0.93,1.68,-1.95,0.536,0.186,-5.59,-4.47,-4.99,-5.07,-4.19,-4.79,6.029,10.581,8.138,7.839,1,1,1,1
1005,63,Mujer,7.4,114,46.3,14,0,0,-0.356,10,112,1.09,36,0,-0.36,-1.3,-1.02,-0.356,-0.706,1.09,2.22,1.69,1.62,1.16,0.56,9192.048,16132.547,12407.967,11951.285,0,0,0,0
1006,70,Hombre,8.6,135,41.7,64,1,0,-0.291,48,135,-2.14,36,0,0.14,-0.59,-0.24,-0.291,-0.641,-2.14,-1.02,-1.54,-1.62,-1.98,-2.58,96.232,168.893,129.9,125.119,0,0,0,0
1007,62,Mujer,9.4,147,56.9,48,0,1,0.202,59,149,-2.22,36,0,1.15,2.08,1.09,0.552,0.202,-3.34,-2.22,-2.74,-2.82,-1.91,-2.51,145.829,255.938,196.849,189.603,0,0,0,0
1008,65,Hombre,8.6,143,41,23,1,0,0.141,26,140,-2.22,36,0,0.73,-0.58,-0.76,0.141,-0.209,-2.22,-1.09,-1.62,-1.69,-1.4,-2,2572.049,4514.087,3471.904,3344.118,0,0,0,0
1009,67,Mujer,9.6,138,60.1,62,1,1,1.091,185,140,-5.57,36,0,1.72,0.96,-0.87,1.441,1.091,-6.7,-5.57,-6.1,-6.17,-3.94,-4.54,156.619,274.875,211.413,203.632,0,0,0,0
1010,70,Mujer,8.8,168,31.7,177,1,0,-0.018,174,164,-4.1,36,0,0.65,-0.55,0.66,-0.018,-0.368,-4.1,-2.98,-3.5,-3.58,-3.53,-4.13,112.641,197.691,152.049,146.453,0,0,0,0
1011,54,Mujer,6.2,130,54.2,385,0,1,-0.113,344,103,-0.68,36,0,-0.95,-1.25,0.06,0.237,-0.113,-1.81,-0.68,-1.21,-1.28,-0.85,-1.45,4540.761,7969.285,6129.387,5903.791,0,0,0,0
1012,59,Mujer,6.7,106,43.7,113,0,1,-0.627,60,114,-0.57,36,0,-1.21,0.36,1.37,-0.277,-0.627,-1.7,-0.57,-1.1,-1.17,-1.51,-2.11,11601.827,20361.841,15660.829,15084.423,0,0,0,0
1013,69,Hombre,7.9,149,34.4,319,0,1,-0.274,243,140,-1.85,36,0,0.79,0.61,-2.29,0.076,-0.274,-2.97,-1.85,-2.37,-2.45,-2.26,-2.86,57.229,100.441,77.251,74.408,0,0,0,0
1014,72,Hombre,7.7,136,40.9,110,1,0,0.21,136,136,-3.67,36,0,-0.35,-0.37,2.02,0.21,-0.14,-3.67,-2.55,-3.07,-3.15,-2.76,-3.36,178.489,313.257,240.935,232.067,0,0,0,0
1015,69,Hombre,8.8,130,42.6,430,0,1,-0.447,275,139,-1.09,36,0,0.14,-0.3,-1,-0.097,-0.447,-2.21,-1.09,-1.61,-1.69,-1.76,-2.36,431.163,756.714,582.009,560.587,0,0,0,0
1016,60,Mujer,8.9,147,40.8,578,0,1,0.648,1105,141,-5.19,36,0,-0.59,0.72,-0.53,0.998,0.648,-6.31,-5.19,-5.71,-5.79,-4.21,-4.81,28.31,49.685,38.214,36.808,1,0,0,0
1017,55,Hombre,7.2,133,61.7,80,0,1,-0.32,58,132,0.4,36,0,0.7,-0.77,0.66,0.03,-0.32,-0.73,0.4,-0.13,-0.2,-0.08,-0.68,2277.17,3996.558,3073.858,2960.723,0,0,0,0
1018,70,Mujer,6.4,136,51.8,93,0,1,-0.134,81,130,-1.3,36,0,0.08,1.1,-1.14,0.216,-0.134,-2.43,-1.3,-1.83,-1.9,-1.5,-2.1,360.665,632.987,486.847,468.928,0,0,0,0
1019,41,Mujer,8.1,136,50.3,76,0,1,-0.204,62,122,-0.55,36,0,-1.15,1.34,1.17,0.146,-0.204,-1.67,-0.55,-1.07,-1.15,-0.86,-1.46,584.876,1026.49,789.5,760.442,0,0,0,0
1020,72,Mujer,9.1,128,57.3,89,0,0,0.022,91,144,-3.46,36,0,-0.47,-0.45,-0.44,0.022,-0.328,-3.46,-2.34,-2.86,-2.94,-2.83,-3.43,3153.514,5534.59,4256.799,4100.125,0,0,0,0
1021,68,Mujer,6.9,126,41.7,115,0,0,-0.25,90,130,0.46,36,0,0.44,-0.9,-0.41,-0.25,-0.6,0.46,1.59,1.06,0.99,0.68,0.08,466.366,818.497,629.528,606.358,0,0,0,0
1022,59,Hombre,10.2,116,45.4,464,0,1,-0.662,239,107,-0.66,36,0,-1.49,-1.22,-0.61,-0.312,-0.662,-1.79,-0.66,-1.19,-1.26,-1.66,-2.26,3206.969,5628.407,4328.956,4169.626,0,0,0,0
1023,66,Hombre,7.4,144,50.1,272,1,0,1.039,769,145,-9.64,29.91,1,0.67,2.26,2.09,1.039,0.689,-9.64,-8.52,-9.04,-9.12,-7.49,-8.09,29.912,52.497,40.377,38.891,1,0,0,0
1024,76,Hombre,5.6,144,29.1,69,1,0,0.351,98,155,-4.54,36,0,1.13,0.18,-0.05,0.351,0.001,-4.54,-3.42,-3.94,-4.02,-3.41,-4.01,92.837,162.934,125.317,120.705,0,0,0,0
1025,74,Mujer,5.5,119,43.8,162,0,1,-0.07,151,113,-2.82,36,0,-0.88,0.1,-1.61,0.28,-0.07,-3.94,-2.82,-3.34,-3.42,-2.92,-3.52,165.73,290.865,223.712,215.478,0,0,0,0
1026,69,Hombre,7.7,125,38.9,108,0,0,-0.642,57,132,-2.04,36,0,-0.57,0.75,0.53,-0.642,-0.992,-2.04,-0.92,-1.44,-1.52,-2.4,-3,957.408,1680.304,1292.366,1244.8,0,0,0,0
1027,70,Mujer,6.3,166,45.6,346,1,1,-0.666,178,162,-1.91,36,0,0.31,-0.64,-0.35,-0.316,-0.666,-3.03,-1.91,-2.43,-2.51,-2.91,-3.51,29.655,52.046,40.03,38.557,1,0,0,0
1028,66,Hombre,7.1,143,47.5,24,0,0,0.152,28,149,-3.74,20.44,1,0.02,0.1,-1.08,0.152,-0.198,-3.74,-2.61,-3.14,-3.21,-2.91,-3.51,20.444,35.88,27.596,26.58,1,1,1,1
1029,79,Hombre,7.4,119,49.7,618,1,1,-0.509,371,114,-2.96,15.01,1,0.7,0.27,1.27,-0.159,-0.509,-4.08,-2.96,-3.48,-3.56,-3.72,-4.32,8.553,15.012,11.546,11.121,1,1,1,1
1030,74,Mujer,7.8,126,35.2,17,0,0,0.717,35,144,-2.31,36,0,1.35,0.53,-1.2,0.717,0.367,-2.31,-1.18,-1.71,-1.78,-0.63,-1.23,503.637,883.911,679.839,654.817,0,0,0,0
1031,60,Hombre,6.5,132,62.3,66,0,0,0.378,96,116,-2.38,36,0,-1.2,-0.52,0.61,0.378,0.028,-2.38,-1.25,-1.78,-1.85,-1.21,-1.81,7114.648,12486.596,9603.77,9250.298,0,0,0,0
1032,68,Hombre,8.4,133,56.2,57,0,0,-0.046,54,120,-0.44,36,0,-0.75,-0.03,2.2,-0.046,-0.396,-0.44,0.69,0.16,0.09,0.09,-0.51,4346.316,7628.023,5866.913,5650.978,0,0,0,0
1033,74,Hombre,7,139,47.1,147,0,0,-0.592,81,150,-1.39,36,0,1.68,-1.38,-0.84,-0.592,-0.942,-1.39,-0.27,-0.79,-0.87,-1.68,-2.28,1853.013,3252.14,2501.306,2409.244,0,0,0,0
1034,59,Mujer,9.8,130,43.2,93,1,0,-0.422,61,140,0.71,36,0,0.39,-1.85,0.24,-0.422,-0.772,0.71,1.83,1.31,1.23,0.67,0.07,758.631,1331.438,1024.044,986.354,0,0,0,0
1035,76,Hombre,7.3,98,46,395,1,1,-1.188,120,98,0.76,36,0,-0.8,-1.14,0.56,-0.838,-1.188,-0.37,0.76,0.23,0.16,-1.02,-1.62,577.398,1013.365,779.406,750.72,0,0,0,0
1036,60,Mujer,8.3,100,47.3,67,0,0,-0.502,41,107,-1.74,36,0,-0.64,0.75,0.36,-0.502,-0.852,-1.74,-0.62,-1.14,-1.22,-1.9,-2.5,1176.276,2064.43,1587.807,1529.367,0,0,0,0
1037,60,Mujer,6.5,130,59,308,0,0,0.696,618,131,-5.16,36,0,0.41,0.97,0.39,0.696,0.346,-5.16,-4.03,-4.56,-4.63,-3.51,-4.11,207.137,363.537,279.606,269.315,0,0,0,0
1038,82,Hombre,7.4,130,50.6,93,0,0,0.605,170,133,-4.22,36,0,-0.16,-0.2,0.68,0.605,0.255,-4.22,-3.1,-3.62,-3.7,-2.72,-3.32,792.864,1391.52,1070.255,1030.863,0,0,0,0
1039,58,Mujer,7.6,151,48.5,115,0,0,0.962,301,152,-2.88,36,0,-1.03,1.12,0.74,0.962,0.612,-2.88,-1.75,-2.28,-2.35,-0.83,-1.43,125.25,219.82,169.069,162.847,0,0,0,0
1040,63,Hombre,6.5,142,46,59,0,0,-0.675,30,130,-1.37,36,0,1.5,0.14,-1.25,-0.675,-1.025,-1.37,-0.24,-0.77,-0.84,-1.78,-2.38,2480.512,4353.434,3348.341,3225.103,0,0,0,0
1041,72,Hombre,7.9,136,65.2,58,0,0,1.053,166,128,-4.41,36,0,0.04,1.94,2.01,1.053,0.703,-4.41,-3.28,-3.81,-3.88,-2.23,-2.83,328.041,575.73,442.809,426.511,0,0,0,0
1042,68,Hombre,7.5,158,57,125,1,0,0.489,204,147,-4.42,36,0,0.71,1.58,0.28,0.489,0.139,-4.42,-3.3,-3.82,-3.9,-3.09,-3.69,66.727,117.11,90.073,86.757,0,0,0,0
1043,64,Mujer,6.8,148,63.5,193,0,1,0.407,290,142,-4.16,36,0,0.96,2.32,-1.16,0.757,0.407,-5.28,-4.16,-4.68,-4.76,-3.55,-4.15,731.38,1283.611,987.259,950.922,0,0,0,0
1044,68,Mujer,9.4,156,43.8,454,1,1,-0.117,404,160,-5.03,36,0,-0.43,0.3,-1.17,0.233,-0.117,-6.15,-5.03,-5.55,-5.63,-5.2,-5.8,188.234,330.362,254.09,244.738,0,0,0,0
1045,72,Hombre,10,136,51.2,649,0,0,0.824,1479,128,-6.18,36,0,1.56,0.5,1.29,0.824,0.474,-6.18,-5.06,-5.58,-5.66,-4.35,-4.95,303.347,532.39,409.475,394.404,0,0,0,0
1046,60,Hombre,9,149,44.6,224,0,1,0.036,232,140,-2.33,36,0,0.17,0.13,-1.17,0.386,0.036,-3.45,-2.33,-2.85,-2.93,-2.27,-2.87,200.505,351.898,270.654,260.692,0,0,0,0
1047,52,Hombre,9,168,47.5,493,0,0,-0.27,376,176,-3.81,36,0,0.12,-1.08,-0.46,-0.27,-0.62,-3.81,-2.69,-3.21,-3.29,-3.62,-4.22,794.449,1394.301,1072.393,1032.923,0,0,0,0
1048,57,Mujer,6.4,137,59.3,81,0,0,-0.009,80,132,1.07,36,0,-1.93,-1.05,-1.53,-0.009,-0.359,1.07,2.19,1.67,1.59,1.66,1.06,7109.548,12477.646,9596.887,9243.668,0,0,0,0
1049,62,Mujer,7.9,140,66.8,93,0,1,0.618,173,138,-3.47,36,0,0.92,2.29,-0.16,0.968,0.618,-4.6,-3.47,-4,-4.07,-2.54,-3.14,464.711,815.593,627.294,604.206,0,0,0,0
1050,49,Hombre,8.7,160,60.7,877,1,1,0.31,1196,164,-6.66,36,0,0.44,0.47,1.75,0.66,0.31,-7.79,-6.66,-7.19,-7.26,-6.2,-6.8,41.091,72.117,55.467,53.425,0,0,0,0
1051,63,Mujer,7.4,156,39.4,310,0,1,-1.13,100,159,2.16,36,0,-0.28,-1.05,0.69,-0.78,-1.13,1.03,2.16,1.63,1.56,0.46,-0.14,1441.523,2529.951,1945.852,1874.234,0,0,0,0
1052,51,Mujer,9.9,132,48.2,161,0,0,0.555,280,130,-3.87,36,0,-0.46,0.14,0.4,0.555,0.205,-3.87,-2.74,-3.27,-3.34,-2.44,-3.04,1090.575,1914.019,1472.123,1417.94,0,0,0,0
1053,85,Mujer,7.2,146,24.2,180,1,0,0.001,180,141,-4.99,29.98,1,-0.14,0.2,1.1,0.001,-0.349,-4.99,-3.86,-4.39,-4.46,-4.39,-4.99,29.984,52.624,40.474,38.985,1,0,0,0
1054,74,Hombre,7.7,154,40.3,77,0,0,0.923,194,166,-8.18,36,0,0.04,1.91,-0.06,0.923,0.573,-8.18,-7.05,-7.58,-7.65,-6.19,-6.79,435.488,764.306,587.848,566.212,0,0,0,0
1055,81,Hombre,9.4,138,46.7,133,1,1,-0.715,65,130,-1.39,36,0,-1.3,-1.49,1.33,-0.365,-0.715,-2.51,-1.39,-1.91,-1.99,-2.46,-3.06,1153.747,2024.889,1557.396,1500.075,0,0,0,0
1056,75,Hombre,9.9,152,35.9,372,1,0,-0.01,368,125,-6.47,36,0,1,-0.45,-1.33,-0.01,-0.36,-6.47,-5.34,-5.87,-5.94,-5.88,-6.48,439.713,771.721,593.551,571.705,0,0,0,0
1057,79,Hombre,8.2,105,35.2,429,0,1,-0.998,158,78,1.92,36,0,1.82,-0.58,-1.23,-0.648,-0.998,0.8,1.92,1.4,1.32,0.42,-0.18,294.518,516.896,397.558,382.926,0,0,0,0
1058,81,Mujer,8.5,159,25.6,284,1,0,-0.051,270,165,-4.26,36,0,0.88,-0.73,-1.12,-0.051,-0.401,-4.26,-3.13,-3.66,-3.73,-3.73,-4.33,115.283,202.328,155.616,149.888,0,0,0,0
1059,65,Hombre,9,130,20,184,1,0,-0.152,158,137,-4.3,36,0,0.42,0.57,-0.28,-0.152,-0.502,-4.3,-3.18,-3.7,-3.78,-3.93,-4.53,62.693,110.03,84.627,81.512,0,0,0,0
1060,64,Hombre,7.4,136,51.4,175,0,1,0.471,280,131,-2.21,36,0,-0.42,0.41,-2.29,0.821,0.471,-3.33,-2.21,-2.73,-2.81,-1.5,-2.1,630.263,1106.146,850.766,819.453,0,0,0,0
1061,48,Mujer,7,141,57.1,38,0,0,-0.357,27,147,-2.38,36,0,-1.4,-0.47,-0.3,-0.357,-0.707,-2.38,-1.25,-1.78,-1.85,-2.31,-2.91,2489.089,4368.487,3359.918,3236.255,0,0,0,0
1062,82,Mujer,8.6,142,54.3,13,0,0,0.643,25,152,-2.05,36,0,-0.56,-0.78,0.62,0.643,0.293,-2.05,-0.92,-1.45,-1.52,-0.48,-1.08,780.96,1370.627,1054.185,1015.386,0,0,0,0
1063,80,Mujer,7.5,150,44.8,33,1,0,0.632,62,145,-2.76,36,0,-1.8,-0.09,2.83,0.632,0.282,-2.76,-1.64,-2.16,-2.24,-1.21,-1.81,504.814,885.976,681.427,656.347,0,0,0,0
1064,87,Hombre,5.8,146,20.7,110,0,0,0.156,129,154,-4.89,36,0,0.06,1.37,2.03,0.156,-0.194,-4.89,-3.77,-4.29,-4.37,-4.06,-4.66,219.561,385.342,296.377,285.469,0,0,0,0
1065,59,Mujer,7.7,95,44.1,258,0,0,-0.126,227,112,-2.55,36,0,-1.19,0.02,0.87,-0.126,-0.476,-2.55,-1.42,-1.95,-2.02,-2.14,-2.74,1747.593,3067.122,2359.004,2272.18,0,0,0,0
1066,77,Hombre,5.5,117,42.8,52,1,0,-0.97,20,120,0.48,36,0,1.44,-1.6,-1.59,-0.97,-1.32,0.48,1.61,1.08,1.01,-0.37,-0.97,4285.756,7521.737,5785.166,5572.24,0,0,0,0
1067,57,Hombre,7.5,147,61,58,1,1,-0.389,39,132,0.59,36,0,-0.45,-1.07,1.27,-0.039,-0.389,-0.54,0.59,0.06,-0.01,0,-0.6,423.608,743.456,571.812,550.766,0,0,0,0
1068,65,Mujer,8,103,41.3,23,0,0,0.588,41,103,-1.99,36,0,1.21,0.46,-1.07,0.588,0.238,-1.99,-0.86,-1.39,-1.46,-0.51,-1.11,1219.759,2140.744,1646.503,1585.903,0,0,0,0
1069,72,Hombre,7.1,130,46,144,0,1,-0.561,82,121,-0.39,36,0,1.19,-0.18,-0.99,-0.211,-0.561,-1.52,-0.39,-0.92,-0.99,-1.23,-1.83,237.695,417.168,320.855,309.046,0,0,0,0
1070,73,Hombre,8.1,127,49.3,51,0,0,0.443,79,123,-2.84,36,0,0.14,0.35,-0.59,0.443,0.093,-2.84,-1.72,-2.24,-2.32,-1.58,-2.18,61.191,107.393,82.599,79.559,0,0,0,0
1071,55,Mujer,6.8,120,43.9,143,0,1,-0.325,103,113,-1.48,36,0,-1.36,0.1,-1.08,0.025,-0.325,-2.6,-1.48,-2,-2.08,-1.96,-2.56,2371.839,4162.706,3201.647,3083.809,0,0,0,0
1072,74,Mujer,6.4,124,48.7,123,0,1,-0.593,68,114,0.14,36,0,-0.49,-0.77,0.78,-0.243,-0.593,-0.99,0.14,-0.39,-0.46,-0.75,-1.35,1610.077,2825.774,2173.377,2093.385,0,0,0,0
1073,82,Hombre,7.1,129,43,47,1,1,-0.548,27,122,-1.9,3.03,1,-0.85,-0.2,0.85,-0.198,-0.548,-3.02,-1.9,-2.42,-2.5,-2.72,-3.32,1.726,3.029,2.33,2.244,1,1,1,1
1074,65,Hombre,6.9,127,63,42,0,0,-0.655,22,124,-0.48,36,0,-1.05,-0.34,0.12,-0.655,-1.005,-0.48,0.64,0.12,0.04,-0.86,-1.46,403.785,708.665,545.053,524.992,0,0,0,0
1075,67,Hombre,8.6,128,33.9,256,0,1,-0.329,184,116,-1.45,36,0,0,-0.85,-0.42,0.021,-0.329,-2.57,-1.45,-1.97,-2.05,-1.94,-2.54,599.095,1051.445,808.694,778.929,0,0,0,0
1076,55,Mujer,6.2,159,60,8,0,0,0.313,11,157,-0.31,36,0,-0.05,0.1,0.29,0.313,-0.037,-0.31,0.82,0.29,0.22,0.76,0.16,3789.914,6651.506,5115.848,4927.557,0,0,0,0
1077,56,Mujer,9.8,123,39.3,511,0,1,-0.965,195,114,-2.05,36,0,-0.56,1.3,0.14,-0.615,-0.965,-3.18,-2.05,-2.58,-2.65,-3.5,-4.1,588.114,1032.172,793.87,764.652,0,0,0,0
1078,66,Hombre,6.9,136,44.3,204,0,0,0.122,230,136,-1.35,36,0,2.47,-0.47,-0.29,0.122,-0.228,-1.35,-0.22,-0.75,-0.82,-0.56,-1.16,640.762,1124.572,864.938,833.104,0,0,0,0
1079,80,Hombre,7.8,158,38.5,575,0,0,0.618,1066,163,-3.05,36,0,0.13,0.01,0.29,0.618,0.268,-3.05,-1.93,-2.45,-2.53,-1.53,-2.13,41.412,72.681,55.901,53.843,0,0,0,0
1080,78,Hombre,7.9,128,26.7,313,1,0,0.161,368,131,-4.67,36,0,1.32,0.94,0.71,0.161,-0.189,-4.67,-3.54,-4.07,-4.14,-3.82,-4.42,124.982,219.35,168.708,162.498,0,0,0,0
1081,83,Hombre,7.9,138,26.8,36,1,0,0.228,45,122,-3.49,36,0,0.61,0.52,-1.43,0.228,-0.122,-3.49,-2.36,-2.89,-2.96,-2.55,-3.15,197.64,346.87,266.787,256.967,0,0,0,0
1082,49,Hombre,8.8,141,45.7,42,0,0,0.095,46,152,-0.85,36,0,-0.78,-0.66,-1.73,0.095,-0.255,-0.85,0.28,-0.25,-0.32,-0.1,-0.7,176.748,310.202,238.584,229.803,0,0,0,0
1083,49,Mujer,6.8,147,51,134,0,1,0.438,208,134,-1.94,36,0,-1.08,1.04,-0.72,0.788,0.438,-3.06,-1.94,-2.46,-2.54,-1.28,-1.88,204.575,359.04,276.147,265.983,0,0,0,0
1084,72,Hombre,7.3,146,36.9,338,0,0,0.055,357,143,-4.06,36,0,-0.01,-0.77,0.79,0.055,-0.295,-4.06,-2.94,-3.46,-3.54,-3.38,-3.98,354.128,621.514,478.022,460.429,0,0,0,0
1085,79,Hombre,6.6,124,44.8,119,1,1,-1.228,35,127,-0.62,36,0,0.33,0.64,-0.86,-0.878,-1.228,-1.74,-0.62,-1.14,-1.22,-2.46,-3.06,582.23,1021.845,785.928,757.001,0,0,0,0
1086,70,Hombre,9.4,109,37.1,236,0,0,0.312,322,115,-2.64,36,0,0.98,-0.64,-0.64,0.312,-0.038,-2.64,-1.51,-2.04,-2.11,-1.57,-2.17,274.573,481.891,370.635,356.994,0,0,0,0
1087,72,Hombre,6.4,132,29.8,37,0,0,0.898,91,125,-1.71,36,0,-1.2,-0.19,0.62,0.898,0.548,-1.71,-0.59,-1.11,-1.19,0.23,-0.37,573.016,1005.674,773.491,745.022,0,0,0,0
1088,55,Mujer,6.3,116,36,70,0,1,-0.057,66,121,-0.25,36,0,-2.39,0.29,0.65,0.293,-0.057,-1.37,-0.25,-0.77,-0.85,-0.33,-0.93,818.728,1436.912,1105.167,1064.491,0,0,0,0
1089,69,Mujer,8.1,133,33.1,431,1,0,1.101,1296,128,-6.4,5.51,1,-0.77,2.24,-0.29,1.101,0.751,-6.4,-5.28,-5.8,-5.88,-4.15,-4.75,5.506,9.664,7.433,7.159,1,1,1,1
1090,60,Hombre,7.6,115,43.5,5,1,0,0.045,5,124,-1,36,0,-2.13,-1.2,-1.72,0.045,-0.305,-1,0.13,-0.4,-0.47,-0.33,-0.93,2925.666,5134.703,3949.236,3803.882,0,0,0,0
1091,61,Mujer,5.8,132,51.3,55,0,0,0.712,112,125,-5.22,36,0,0.26,2.23,-0.65,0.712,0.362,-5.22,-4.09,-4.62,-4.69,-3.55,-4.15,62.908,110.407,84.917,81.792,0,0,0,0
1092,84,Mujer,6.9,97,55.3,85,0,0,0.824,194,91,-1.48,36,0,0.08,0.15,1.55,0.824,0.474,-1.48,-0.35,-0.88,-0.95,0.36,-0.24,748.982,1314.505,1011.02,973.809,0,0,0,0
1093,67,Mujer,8.7,133,42.2,140,0,0,-0.097,127,129,-2.79,36,0,0.27,-1.17,-0.7,-0.097,-0.447,-2.79,-1.66,-2.19,-2.26,-2.33,-2.93,310.079,544.206,418.563,403.158,0,0,0,0
1094,55,Hombre,7.5,99,42.2,28,0,0,-0.486,17,91,0.58,36,0,-1.52,-0.61,-0.12,-0.486,-0.836,0.58,1.71,1.18,1.11,0.45,-0.15,5698.729,10001.581,7692.479,7409.353,0,0,0,0
1095,62,Hombre,7.9,118,41.9,362,0,1,-0.003,361,126,-3.79,34.38,1,0.69,1.9,-1.01,0.347,-0.003,-4.92,-3.79,-4.32,-4.39,-3.8,-4.4,19.587,34.376,26.44,25.467,1,1,1,1
1096,55,Mujer,8.9,134,34.6,74,0,0,-0.164,63,120,-0.3,36,0,-0.69,-1.39,-0.56,-0.164,-0.514,-0.3,0.83,0.3,0.23,0.05,-0.55,40.509,71.096,54.682,52.669,0,0,0,0
1097,60,Mujer,6.3,128,49.9,168,0,0,-0.395,113,126,-0.86,36,0,-1.3,-0.9,-0.02,-0.395,-0.745,-0.86,0.26,-0.26,-0.34,-0.85,-1.45,3428.579,6017.344,4628.098,4457.758,0,0,0,0
1098,71,Hombre,6.9,143,49.1,25,0,1,0.254,32,130,-1.23,36,0,-0.39,-0.19,0.14,0.604,0.254,-2.35,-1.23,-1.75,-1.83,-0.85,-1.45,367.155,644.378,495.608,477.367,0,0,0,0
1099,48,Mujer,8.5,122,65.2,1228,0,1,-0.431,798,126,-0.04,36,0,0.22,-0.37,1.29,-0.081,-0.431,-1.16,-0.04,-0.56,-0.64,-0.68,-1.28,1089.808,1912.673,1471.087,1416.943,0,0,0,0
1100,49,Hombre,8.6,110,58.7,53,1,1,-0.278,40,114,-0.19,36,0,-1.67,-0.74,0.84,0.072,-0.278,-1.31,-0.19,-0.71,-0.79,-0.6,-1.2,2481.408,4355.006,3349.55,3226.268,0,0,0,0
1101,57,Hombre,6.5,152,43.8,137,0,0,-0.433,89,147,-0.89,36,0,0.44,-0.34,-0.72,-0.433,-0.783,-0.89,0.24,-0.29,-0.36,-0.94,-1.54,2223.714,3902.74,3001.7,2891.221,0,0,0,0
1102,60,Hombre,7.7,152,43.6,84,0,0,0.7,169,154,-3.17,36,0,-0.11,-0.24,1.17,0.7,0.35,-3.17,-2.04,-2.57,-2.64,-1.52,-2.12,192.952,338.642,260.458,250.872,0,0,0,0
1103,56,Mujer,9.1,142,36,138,0,0,-0.093,126,146,-3.6,36,0,-0.84,-0.67,1.24,-0.093,-0.443,-3.6,-2.47,-3,-3.07,-3.14,-3.74,206.201,361.894,278.342,268.098,0,0,0,0
1104,76,Mujer,5.5,147,53.5,37,0,0,0.508,61,143,-2.32,36,0,-1.38,-0.53,-0.41,0.508,0.158,-2.32,-1.2,-1.72,-1.8,-0.96,-1.56,1563.919,2744.763,2111.069,2033.37,0,0,0,0
1105,54,Hombre,7.7,123,45.9,98,1,1,0.377,143,120,-2.9,36,0,0.22,0.62,-0.08,0.727,0.377,-4.03,-2.9,-3.43,-3.5,-2.33,-2.93,1118.384,1962.825,1509.66,1454.096,0,0,0,0
1106,70,Hombre,8.1,111,51.4,56,0,1,0.368,81,107,-0.37,36,0,0.24,0.39,-0.88,0.718,0.368,-1.49,-0.37,-0.89,-0.97,0.19,-0.41,883.559,1550.694,1192.68,1148.783,0,0,0,0
1107,82,Hombre,7.4,131,32.4,101,1,0,-0.127,89,144,-4.08,36,0,0.4,0.72,0.01,-0.127,-0.477,-4.08,-2.96,-3.48,-3.56,-3.67,-4.27,350.417,615.001,473.013,455.604,0,0,0,0
1108,71,Hombre,10.3,160,57.7,252,1,1,-0.781,115,159,-3.17,36,0,0.38,-0.73,-0.24,-0.431,-0.781,-4.3,-3.17,-3.7,-3.77,-4.35,-4.95,227.662,399.559,307.311,296.001,0,0,0,0
1109,48,Hombre,7.1,151,46.5,109,0,1,-0.856,46,149,2.28,36,0,-0.68,-3.3,-0.49,-0.506,-0.856,1.16,2.28,1.76,1.68,1,0.4,25853.888,45374.986,34899.098,33614.616,0,0,0,0
1110,42,Hombre,7.8,127,50.6,47,0,0,0.843,109,131,-2.82,36,0,-1.41,-0.23,1.47,0.843,0.493,-2.82,-1.69,-2.22,-2.29,-0.95,-1.55,1392.964,2444.729,1880.305,1811.1,0,0,0,0
1111,63,Mujer,7.7,121,50.5,191,0,1,-0.405,127,110,1.24,36,0,-1.35,-0.9,0.87,-0.055,-0.405,0.11,1.24,0.71,0.64,0.63,0.03,2223.067,3901.604,3000.827,2890.379,0,0,0,0
1112,74,Mujer,7.6,154,21.3,796,0,0,-0.697,396,161,-2.64,36,0,0.08,-1.66,-0.15,-0.697,-1.047,-2.64,-1.51,-2.04,-2.11,-3.08,-3.68,262.777,461.189,354.712,341.657,0,0,0,0
1113,60,Hombre,6.7,146,43.9,116,0,0,-0.382,79,152,-1.25,36,0,-0.11,0.44,0.38,-0.382,-0.732,-1.25,-0.13,-0.65,-0.73,-1.23,-1.83,401.945,705.435,542.569,522.599,0,0,0,0
1114,63,Mujer,7.2,146,38.2,312,0,1,-0.376,214,127,-2.02,36,0,-0.39,0.52,-0.5,-0.026,-0.376,-3.14,-2.02,-2.54,-2.62,-2.58,-3.18,212.929,373.701,287.424,276.845,0,0,0,0
1115,48,Mujer,6.7,143,52.5,259,1,1,-0.363,180,135,-1.06,36,0,-0.73,0.56,-0.67,-0.013,-0.363,-2.19,-1.06,-1.59,-1.66,-1.6,-2.2,965.216,1694.008,1302.906,1254.952,0,0,0,0
1116,63,Hombre,8.3,120,52.7,842,0,1,-0.374,580,112,-0.82,36,0,-0.97,-0.19,-0.43,-0.024,-0.374,-1.94,-0.82,-1.34,-1.42,-1.38,-1.98,1711.415,3003.626,2310.168,2225.141,0,0,0,0
1117,76,Hombre,8.4,125,47,30,0,0,-0.26,23,123,-1.89,36,0,0.98,-0.17,-0.82,-0.26,-0.61,-1.89,-0.76,-1.29,-1.36,-1.68,-2.28,1009.481,1771.695,1362.657,1312.504,0,0,0,0
1118,69,Mujer,6.4,155,38.8,16,0,0,0.052,17,150,-1.91,36,0,-0.89,-0.22,0.41,0.052,-0.298,-1.91,-0.78,-1.31,-1.38,-1.23,-1.83,425.077,746.033,573.794,552.675,0,0,0,0
1119,74,Hombre,6.7,161,32.7,130,1,0,0.615,241,160,-3.55,36,0,0.09,1.71,-1.37,0.615,0.265,-3.55,-2.42,-2.95,-3.02,-2.02,-2.62,94.542,165.926,127.618,122.921,0,0,0,0
1120,68,Mujer,5.5,160,40.3,239,0,1,0.114,268,156,-3.84,36,0,1.15,0.88,-0.69,0.464,0.114,-4.97,-3.84,-4.37,-4.44,-3.67,-4.27,29.22,51.283,39.443,37.991,1,0,0,0
1121,63,Hombre,7.9,151,43.1,55,0,0,0.896,135,148,-3.98,16.02,1,-0.53,-0.07,1.17,0.896,0.546,-3.98,-2.85,-3.38,-3.45,-2.03,-2.63,16.024,28.123,21.63,20.834,1,1,1,1
1122,66,Mujer,6.6,119,32.2,142,0,1,-1.223,42,104,0.15,36,0,-0.05,-0.86,0.17,-0.873,-1.223,-0.97,0.15,-0.37,-0.45,-1.68,-2.28,725.915,1274.02,979.882,943.817,0,0,0,0
1123,55,Mujer,7,126,36.5,212,1,1,-0.362,148,114,0.6,36,0,1.02,-2.02,0.2,-0.012,-0.362,-0.52,0.6,0.08,0,0.06,-0.54,1462.232,2566.298,1973.807,1901.16,0,0,0,0
1124,67,Mujer,8.9,138,59.2,208,0,1,0.936,531,136,-4.15,36,0,1.03,0.94,0.64,1.286,0.936,-5.28,-4.15,-4.68,-4.75,-2.75,-3.35,110.178,193.368,148.724,143.251,0,0,0,0
1125,68,Mujer,9,132,49.7,83,1,1,-0.004,83,114,-1.5,36,0,-2.22,-0.3,-0.18,0.346,-0.004,-2.62,-1.5,-2.02,-2.1,-1.5,-2.1,211.937,371.961,286.085,275.556,0,0,0,0
1126,63,Mujer,7.1,135,49.6,108,1,0,0.872,258,148,-6.07,36,0,-0.91,1.98,2.28,0.872,0.522,-6.07,-4.95,-5.47,-5.55,-4.16,-4.76,41.653,73.102,56.225,54.156,0,0,0,0
1127,78,Mujer,7.6,144,54.4,32,1,0,-0.475,20,135,-0.91,36,0,1.16,-1.05,0.11,-0.475,-0.825,-0.91,0.21,-0.31,-0.39,-1.02,-1.62,4362.268,7656.019,5888.446,5671.718,0,0,0,0
1128,55,Mujer,7.8,150,45.8,104,0,1,-0.859,44,144,0.37,36,0,-1.58,0.48,-0.12,-0.509,-0.859,-0.76,0.37,-0.16,-0.23,-0.92,-1.52,237.408,416.665,320.468,308.673,0,0,0,0
1129,47,Mujer,8.4,124,57.2,1827,0,1,-1,672,119,-0.59,36,0,-0.88,0.38,-0.57,-0.65,-1,-1.71,-0.59,-1.11,-1.19,-2.09,-2.69,586.765,1029.804,792.049,762.897,0,0,0,0
1130,45,Mujer,7.1,116,54.8,80,1,1,-0.306,59,104,0.08,36,0,-1.76,0.02,1.35,0.044,-0.306,-1.04,0.08,-0.44,-0.52,-0.38,-0.98,501.479,880.123,676.926,652.011,0,0,0,0
1131,56,Mujer,7,109,52.2,191,0,1,-0.896,78,110,2.93,36,0,-1.33,-0.67,0.86,-0.546,-0.896,1.81,2.93,2.41,2.33,1.59,0.99,6295.319,11048.629,8497.792,8185.026,0,0,0,0
1132,64,Hombre,8.4,122,40.4,30,0,0,-0.651,16,118,0.7,36,0,-1.21,-0.59,0.27,-0.651,-1.001,0.7,1.82,1.3,1.22,0.32,-0.28,886.931,1556.612,1197.232,1153.167,0,0,0,0
1133,58,Mujer,6.5,150,48,290,0,0,-0.19,240,153,-2.18,36,0,0.05,0.35,-0.53,-0.19,-0.54,-2.18,-1.06,-1.58,-1.66,-1.87,-2.47,289.446,507.994,390.712,376.331,0,0,0,0
1134,73,Hombre,7.4,152,40.5,174,1,0,-0.877,72,147,-0.48,36,0,-0.97,-1.69,-0.57,-0.877,-1.227,-0.48,0.64,0.12,0.04,-1.2,-1.8,2866.165,5030.277,3868.919,3726.521,0,0,0,0
1135,57,Mujer,6.6,133,42.1,346,0,0,0.029,356,126,-1.86,36,0,-0.36,-0.35,-1.24,0.029,-0.321,-1.86,-0.73,-1.26,-1.33,-1.21,-1.81,73.523,129.037,99.246,95.593,0,0,0,0
1136,56,Mujer,6.8,128,53.4,123,0,0,-0.492,75,143,1.44,36,0,0.46,-2.26,0.4,-0.492,-0.842,1.44,2.56,2.04,1.96,1.3,0.7,1520.729,2668.962,2052.769,1977.216,0,0,0,0
1137,53,Mujer,6.3,154,55.2,31,0,1,0.24,39,138,-0.83,36,0,-2.28,0.73,0.84,0.59,0.24,-1.95,-0.83,-1.35,-1.43,-0.47,-1.07,1423.908,2499.037,1922.075,1851.332,0,0,0,0
1138,54,Mujer,5.5,138,49,46,0,0,0.31,63,152,-0.38,36,0,-1.3,-1.19,-1.23,0.31,-0.04,-0.38,0.74,0.22,0.14,0.68,0.08,4488.687,7877.89,6059.093,5836.085,0,0,0,0
1139,67,Mujer,8,132,45.5,258,0,0,0.745,543,131,-6.42,36,0,-0.32,1.88,1.21,0.745,0.395,-6.42,-5.29,-5.82,-5.89,-4.7,-5.3,50.091,87.913,67.616,65.127,0,0,0,0
1140,84,Mujer,6.6,131,48,109,0,0,0.063,116,138,-2.94,36,0,0.85,0.22,0.88,0.063,-0.287,-2.94,-1.81,-2.34,-2.41,-2.24,-2.84,440.996,773.972,595.282,573.372,0,0,0,0
1141,47,Hombre,8.1,158,56.3,204,1,0,0.047,214,141,-3.01,36,0,-1.7,-0.71,0.45,0.047,-0.303,-3.01,-1.89,-2.41,-2.49,-2.34,-2.94,308.993,542.3,417.097,401.746,0,0,0,0
1142,63,Hombre,5.6,128,49.2,36,1,0,0.727,74,118,-2.23,36,0,1.05,0.75,1.61,0.727,0.377,-2.23,-1.11,-1.63,-1.71,-0.54,-1.14,2619.814,4597.917,3536.379,3406.221,0,0,0,0
1143,55,Mujer,7.3,148,48.4,173,0,0,-0.187,143,158,-3.25,36,0,-0.67,0.42,-0.03,-0.187,-0.537,-3.25,-2.12,-2.65,-2.72,-2.93,-3.53,830.529,1457.624,1121.097,1079.834,0,0,0,0
1144,73,Mujer,7.3,133,52.2,108,0,0,-0.775,50,131,-2.06,36,0,-1.22,0.02,0.61,-0.775,-1.125,-2.06,-0.93,-1.46,-1.53,-2.62,-3.22,131.101,230.089,176.968,170.454,0,0,0,0
1145,79,Mujer,7.4,140,36,290,0,0,0.064,309,146,-2.07,36,0,0.74,-1.55,0.31,0.064,-0.286,-2.07,-0.95,-1.47,-1.55,-1.38,-1.98,378.028,663.459,510.284,491.503,0,0,0,0
1146,63,Hombre,7.7,125,61.8,24,0,1,-0.371,17,120,1.14,36,0,-0.31,0.55,-1.5,-0.021,-0.371,0.01,1.14,0.61,0.54,0.58,-0.02,592.75,1040.309,800.129,770.68,0,0,0,0
1147,55,Mujer,8.2,139,54.3,91,0,1,-1.286,25,123,2.25,36,0,-0.18,-2,1.39,-0.936,-1.286,1.13,2.25,1.73,1.65,0.32,-0.28,3419.472,6001.36,4615.804,4445.917,0,0,0,0
1148,64,Hombre,8.2,125,39.5,215,0,0,0.648,411,124,-5.65,36,0,-3.17,2.41,-1.95,0.648,0.298,-5.65,-4.52,-5.05,-5.12,-4.08,-4.68,116.574,204.593,157.358,151.566,0,0,0,0
1149,61,Mujer,9.4,138,28.7,88,0,1,-1.257,25,122,0.13,36,0,-0.1,-1.4,-0.47,-0.907,-1.257,-0.99,0.13,-0.39,-0.47,-1.75,-2.35,4200.087,7371.382,5669.524,5460.854,0,0,0,0
1150,70,Mujer,5.5,145,43.8,133,1,0,-0.189,110,149,-3.15,36,0,-0.18,-0.5,0.39,-0.189,-0.539,-3.15,-2.03,-2.55,-2.63,-2.83,-3.43,618.058,1084.725,834.291,803.584,0,0,0,0
1151,78,Hombre,8,128,40.5,66,0,0,0.172,78,133,-2.91,36,0,0.12,0.27,-0.01,0.172,-0.178,-2.91,-1.78,-2.31,-2.38,-2.05,-2.65,865.822,1519.564,1168.737,1125.721,0,0,0,0
1152,68,Mujer,9.1,167,31.7,206,1,0,0.645,393,169,-4.53,36,0,-0.66,0.78,-0.47,0.645,0.295,-4.53,-3.4,-3.93,-4,-2.96,-3.56,220.632,387.222,297.822,286.861,0,0,0,0
1153,77,Hombre,7,136,31.1,60,0,0,0.824,137,124,-3.66,21.4,1,0.3,0.54,-0.44,0.824,0.474,-3.66,-2.54,-3.06,-3.14,-1.83,-2.43,21.395,37.55,28.88,27.817,1,0,1,1
1154,77,Mujer,6.9,146,57,94,0,1,-0.889,39,141,0.82,36,0,1.83,-0.44,1.24,-0.539,-0.889,-0.3,0.82,0.3,0.22,-0.51,-1.11,1994.489,3500.437,2692.278,2593.187,0,0,0,0
1155,66,Hombre,5.5,122,32,44,1,0,0.162,52,108,-2.03,36,0,0.31,0.56,-0.26,0.162,-0.188,-2.03,-0.9,-1.43,-1.5,-1.19,-1.79,38,66.692,51.295,49.407,0,0,0,0
1156,75,Hombre,6.1,159,27.1,9,0,0,-0.182,7,157,-0.41,36,0,-1.98,-0.86,-0.65,-0.182,-0.532,-0.41,0.72,0.19,0.12,-0.08,-0.68,1329.652,2333.612,1794.842,1728.782,0,0,0,0
1157,61,Hombre,8.9,150,52.8,290,0,1,0.13,330,144,-3.07,36,0,2.6,1.6,-0.6,0.48,0.13,-4.2,-3.07,-3.6,-3.67,-2.88,-3.48,363.456,637.885,490.614,472.557,0,0,0,0
1158,63,Mujer,7,134,32.8,73,0,0,0.739,153,145,-5.68,36,0,0.64,1.47,1.87,0.739,0.389,-5.68,-4.55,-5.08,-5.15,-3.97,-4.57,584.241,1025.375,788.643,759.617,0,0,0,0
1159,63,Mujer,7.3,130,52.8,36,1,1,-0.066,34,126,-1.9,36,0,1.43,0.16,1.43,0.284,-0.066,-3.03,-1.9,-2.43,-2.5,-2,-2.6,2415.851,4239.95,3261.057,3141.032,0,0,0,0
1160,60,Hombre,5.5,151,40.5,54,0,0,-0.27,41,155,-1.83,36,0,-0.7,0.49,-0.55,-0.27,-0.62,-1.83,-0.71,-1.23,-1.31,-1.64,-2.24,291.038,510.788,392.86,378.401,0,0,0,0
1161,79,Mujer,7.8,140,48.6,64,1,0,0.079,69,145,-3.74,36,0,1,0.41,1.41,0.079,-0.271,-3.74,-2.61,-3.14,-3.21,-3.02,-3.62,700.939,1230.186,946.169,911.344,0,0,0,0
1162,90,Mujer,6.4,161,39.4,433,1,1,0.062,461,149,-3.62,36,0,-0.52,-0.94,-0.37,0.412,0.062,-4.74,-3.62,-4.14,-4.22,-3.52,-4.12,183.303,321.707,247.434,238.327,0,0,0,0
1163,51,Mujer,9.5,145,66,25,0,1,0.327,35,144,-1.9,36,0,-2.73,1.73,-0.27,0.677,0.327,-3.02,-1.9,-2.42,-2.5,-1.41,-2.01,102.266,179.483,138.045,132.964,0,0,0,0
1164,56,Mujer,5.5,157,58.9,269,0,1,-0.728,130,166,-0.75,36,0,-1.31,-0.57,0.73,-0.378,-0.728,-1.88,-0.75,-1.28,-1.35,-1.85,-2.45,298.022,523.045,402.288,387.481,0,0,0,0
1165,50,Hombre,7.8,121,55.3,144,0,0,-0.447,92,125,0.22,36,0,-0.52,-0.23,0.36,-0.447,-0.797,0.22,1.34,0.82,0.74,0.14,-0.46,81.943,143.814,110.611,106.54,0,0,0,0
1166,66,Mujer,8.3,127,38.2,244,0,0,0.112,273,120,-3.98,23.07,1,-0.19,1.09,-0.98,0.112,-0.238,-3.98,-2.85,-3.38,-3.45,-3.21,-3.81,23.066,40.482,31.135,29.99,1,0,1,1
1167,55,Mujer,7.9,131,47.6,205,0,0,0.114,230,128,-2.77,36,0,-1.15,0.3,0.36,0.114,-0.236,-2.77,-1.65,-2.17,-2.25,-2,-2.6,44.103,77.403,59.532,57.341,0,0,0,0
1168,56,Mujer,7.1,164,51.5,109,0,1,-0.279,82,160,-1.18,36,0,-1.12,-0.48,0.6,0.071,-0.279,-2.3,-1.18,-1.7,-1.78,-1.59,-2.19,2032.116,3566.475,2743.07,2642.109,0,0,0,0
1169,61,Mujer,8.1,138,45.6,249,1,1,-0.598,137,135,-1.72,36,0,1.39,-1.1,1.39,-0.248,-0.598,-2.85,-1.72,-2.25,-2.32,-2.62,-3.22,1332.728,2339.011,1798.995,1732.782,0,0,0,0
1170,83,Mujer,9.7,138,30.2,908,0,0,1.352,3511,129,-7.39,36,0,-0.78,0.87,1.14,1.352,1.002,-7.39,-6.27,-6.79,-6.87,-4.77,-5.37,97.068,170.36,131.028,126.206,0,0,0,0
1171,76,Hombre,5.6,128,25.4,38,1,0,-0.62,20,134,0.46,36,0,0.18,-1.05,-0.22,-0.62,-0.97,0.46,1.59,1.06,0.99,0.13,-0.47,732.578,1285.714,988.876,952.48,0,0,0,0
1172,74,Mujer,7.9,125,32.2,76,0,0,-0.612,41,124,1.04,36,0,1.31,-1.33,1.43,-0.612,-0.962,1.04,2.16,1.64,1.56,0.72,0.12,1896.667,3328.755,2560.233,2466.002,0,0,0,0
1173,66,Hombre,7.6,145,34.2,755,1,1,-0.909,304,142,-3.22,36,0,0.77,0.3,1.18,-0.559,-0.909,-4.35,-3.22,-3.75,-3.82,-4.59,-5.19,65.988,115.813,89.075,85.796,0,0,0,0
1174,56,Hombre,8,154,40.4,60,0,0,0.261,78,145,-3.72,36,0,-0.46,-0.06,0.95,0.261,-0.089,-3.72,-2.6,-3.12,-3.2,-2.73,-3.33,723.391,1269.59,976.475,940.535,0,0,0,0
1175,67,Hombre,8.9,166,30.3,166,0,0,0.458,262,165,-5.31,36,0,-0.72,-0.41,0.42,0.458,0.108,-5.31,-4.18,-4.71,-4.78,-4.02,-4.62,408.844,717.544,551.882,531.57,0,0,0,0
1176,69,Hombre,9.2,135,42.8,15,0,0,0.498,25,152,-2.07,26.91,1,-0.44,-0.39,0.17,0.498,0.148,-2.07,-0.94,-1.47,-1.54,-0.72,-1.32,26.912,47.231,36.327,34.99,1,0,0,1
1177,72,Mujer,6.1,116,42.7,16,0,0,-0.786,7,109,0.05,36,0,0.28,-1.51,0.59,-0.786,-1.136,0.05,1.18,0.65,0.58,-0.53,-1.13,1734.837,3044.734,2341.785,2255.594,0,0,0,0
1178,56,Hombre,7,109,40.4,165,0,1,-0.201,135,95,-0.07,36,0,0.14,0.38,0.72,0.149,-0.201,-1.2,-0.07,-0.6,-0.67,-0.37,-0.97,213.386,374.504,288.041,277.439,0,0,0,0
1179,52,Hombre,8.9,124,51.9,150,1,1,-0.677,76,120,-0.67,36,0,0.28,-0.3,-1.5,-0.327,-0.677,-1.8,-0.67,-1.2,-1.27,-1.69,-2.29,1459.333,2561.209,1969.894,1897.391,0,0,0,0
1180,70,Hombre,7.4,129,38.7,149,0,1,-1.127,48,130,2.22,36,0,-0.62,-1.48,-1.5,-0.777,-1.127,1.09,2.22,1.69,1.62,0.53,-0.07,1671.842,2934.173,2256.75,2173.689,0,0,0,0
1181,62,Mujer,5.8,132,42.9,407,0,0,-0.095,370,123,-2.3,36,0,0.1,0.34,0.32,-0.095,-0.445,-2.3,-1.17,-1.7,-1.77,-1.84,-2.44,1337.337,2347.099,1805.216,1738.774,0,0,0,0
1182,64,Mujer,8.3,146,53,427,0,1,0.19,516,142,-3.03,36,0,0.29,0.72,1.48,0.54,0.19,-4.15,-3.03,-3.55,-3.63,-2.74,-3.34,472.631,829.493,637.985,614.504,0,0,0,0
1183,67,Hombre,7.4,132,33.8,217,0,1,-0.698,108,112,-1.67,26.66,1,1.7,-0.8,0.24,-0.348,-0.698,-2.79,-1.67,-2.19,-2.27,-2.71,-3.31,15.191,26.661,20.506,19.751,1,1,1,1
1184,72,Hombre,8.3,124,72.2,69,0,1,-0.278,52,118,-0.99,36,0,0.76,0.29,0.68,0.072,-0.278,-2.11,-0.99,-1.51,-1.59,-1.4,-2,2175.315,3817.797,2936.368,2828.293,0,0,0,0
1185,73,Hombre,8,158,52.5,443,0,0,-0.276,336,157,-1.37,36,0,0.33,-0.88,0.51,-0.276,-0.626,-1.37,-0.24,-0.77,-0.84,-1.18,-1.78,690.057,1211.088,931.48,897.196,0,0,0,0
1186,71,Hombre,7.1,144,39.8,57,0,0,-0.791,26,149,1.29,36,0,0.78,-1.96,0.48,-0.791,-1.141,1.29,2.42,1.89,1.82,0.71,0.11,275.507,483.529,371.895,358.207,0,0,0,0
1187,64,Mujer,8.5,98,50.2,17,0,0,1.128,53,98,-3.88,36,0,1.02,2.49,0.36,1.128,0.778,-3.88,-2.75,-3.28,-3.35,-1.59,-2.19,273.434,479.892,369.098,355.513,0,0,0,0
1188,63,Hombre,6.9,153,43,221,1,1,0.868,527,143,-2.15,13.94,1,0.19,-0.42,0.27,1.218,0.868,-3.27,-2.15,-2.67,-2.75,-0.85,-1.45,7.945,13.944,10.725,10.33,1,1,1,1
1189,69,Hombre,7.8,150,43.2,1866,0,1,-0.021,1828,143,-4.77,36,0,2.38,0,-0.84,0.329,-0.021,-5.9,-4.77,-5.3,-5.37,-4.8,-5.4,281.802,494.578,380.393,366.392,0,0,0,0
1190,90,Mujer,9.5,137,41.2,282,0,0,-0.274,214,139,-4.48,36,0,0.41,0.28,-0.53,-0.274,-0.624,-4.48,-3.36,-3.88,-3.96,-4.3,-4.9,206.557,362.519,278.823,268.56,0,0,0,0
1191,62,Hombre,7.4,137,54,71,0,0,1.05,203,140,-3.55,36,0,-1.68,-0.81,2.04,1.05,0.7,-3.55,-2.42,-2.95,-3.02,-1.38,-1.98,277.936,487.793,375.174,361.366,0,0,0,0
1192,81,Mujer,7.1,151,20,222,1,0,-0.012,219,145,-2.54,36,0,-0.94,-0.45,0.39,-0.012,-0.362,-2.54,-1.42,-1.94,-2.02,-1.96,-2.56,101.111,177.455,136.485,131.462,0,0,0,0
1193,59,Hombre,10.4,128,55.7,176,0,1,-0.033,170,118,-2.79,36,0,0.46,-0.44,-2.34,0.317,-0.033,-3.91,-2.79,-3.31,-3.39,-2.84,-3.44,26.035,45.693,35.144,33.851,1,0,1,1
1194,67,Mujer,9,136,41.2,142,1,1,-0.062,133,135,-3.05,36,0,1.24,-0.1,-0.54,0.288,-0.062,-4.18,-3.05,-3.58,-3.65,-3.14,-3.74,313.693,550.548,423.441,407.856,0,0,0,0
1195,68,Hombre,7.1,124,65.4,241,0,1,-0.656,125,116,1.47,36,0,0.11,-0.32,-0.19,-0.306,-0.656,0.35,1.47,0.95,0.87,0.49,-0.11,2260.875,3967.958,3051.861,2939.536,0,0,0,0
1196,60,Hombre,7.1,132,37.4,72,0,0,0.298,97,132,-4.3,36,0,0.48,0.91,0.07,0.298,-0.052,-4.3,-3.18,-3.7,-3.78,-3.26,-3.86,81.486,143.012,109.994,105.946,0,0,0,0
1197,49,Mujer,7.7,130,54.6,105,0,1,-0.175,88,132,-1.07,36,0,1.23,-0.36,0.75,0.175,-0.175,-2.19,-1.07,-1.59,-1.67,-1.33,-1.93,1047.587,1838.572,1414.094,1362.048,0,0,0,0
1198,69,Hombre,7.2,127,43.8,18,0,0,1.2,60,148,-5.87,36,0,-1.09,2.16,0.28,1.2,0.85,-5.87,-4.75,-5.27,-5.35,-3.47,-4.07,350.351,614.886,472.925,455.519,0,0,0,0
1199,56,Hombre,6,119,36.1,43,0,0,-0.707,21,131,1.18,36,0,1.2,-0.92,-0.65,-0.707,-1.057,1.18,2.31,1.78,1.71,0.72,0.12,7760.188,13619.554,10475.158,10089.614,0,0,0,0
1200,55,Hombre,8.8,139,40,304,0,1,-0.027,296,121,-2.05,36,0,-0.88,0.5,0.97,0.323,-0.027,-3.17,-2.05,-2.57,-2.65,-2.09,-2.69,149.044,261.581,201.189,193.784,0,0,0,0
1201,64,Mujer,7.8,152,62.7,295,0,0,-0.941,115,156,-2.67,36,0,0.15,0.8,-0.47,-0.941,-1.291,-2.67,-1.55,-2.07,-2.15,-3.48,-4.08,5578.685,9790.896,7530.437,7253.274,0,0,0,0
1202,50,Mujer,7,126,56.7,159,0,1,-1.756,27,124,2.99,36,0,-1.13,-1.29,-1.34,-1.406,-1.756,1.87,2.99,2.47,2.39,0.36,-0.24,3136.747,5505.162,4234.165,4078.324,0,0,0,0
1203,83,Hombre,9.6,127,46.2,142,1,0,0.072,153,116,-3.51,36,0,0.56,0.34,2.21,0.072,-0.278,-3.51,-2.38,-2.91,-2.98,-2.8,-3.4,190.828,334.914,257.591,248.111,0,0,0,0
1204,75,Hombre,6.2,161,27.1,74,1,0,0.33,103,161,-5.03,36,0,-0.11,0.84,1.27,0.33,-0.02,-5.03,-3.9,-4.43,-4.5,-3.93,-4.53,47.061,82.594,63.525,61.187,0,0,0,0
1205,61,Mujer,5.8,138,54.1,104,1,1,-0.629,55,127,-0.85,36,0,0.18,0.09,1.01,-0.279,-0.629,-1.98,-0.85,-1.38,-1.45,-1.79,-2.39,36.809,64.602,49.687,47.858,0,0,0,0
1206,60,Mujer,8.3,140,48.2,75,0,0,1.296,274,137,-5.55,36,0,0.3,1.92,-0.35,1.296,0.946,-5.55,-4.43,-4.95,-5.03,-3.01,-3.61,279.542,490.611,377.342,363.454,0,0,0,0
1207,56,Hombre,8.2,113,36.6,60,1,0,-0.609,33,88,0.25,36,0,-0.47,-1.19,0.33,-0.609,-0.959,0.25,1.37,0.85,0.77,-0.07,-0.67,595.284,1044.757,803.55,773.975,0,0,0,0
1208,69,Hombre,8.5,130,39.9,199,0,0,-1.13,64,126,-1.16,36,0,-0.01,-0.73,-0.21,-1.13,-1.48,-1.16,-0.04,-0.56,-0.64,-2.26,-2.86,2716.805,4768.141,3667.303,3532.325,0,0,0,0
1209,82,Mujer,9.1,139,38.3,635,1,1,0.323,877,120,-4.15,36,0,0.85,1.22,-1.23,0.673,0.323,-5.27,-4.15,-4.67,-4.75,-3.67,-4.27,74.015,129.9,99.91,96.232,0,0,0,0
1210,63,Mujer,6.2,168,50.3,112,0,0,-0.66,58,171,-0.77,36,0,1.02,-0.15,-1.04,-0.66,-1.01,-0.77,0.35,-0.17,-0.25,-1.16,-1.76,1292.608,2268.597,1744.838,1680.618,0,0,0,0
1211,62,Mujer,6.6,117,51.5,105,0,0,-0.294,78,119,0.2,36,0,-0.77,-2.15,0.67,-0.294,-0.644,0.2,1.32,0.8,0.72,0.36,-0.24,1724.001,3025.716,2327.158,2241.506,0,0,0,0
1212,67,Hombre,6.9,149,45.2,216,0,1,-0.004,215,133,-3.22,36,0,-1.06,1.59,0.12,0.346,-0.004,-4.35,-3.22,-3.75,-3.82,-3.23,-3.83,377.266,662.123,509.256,490.513,0,0,0,0
1213,72,Mujer,6.5,123,70.5,99,1,1,-0.625,53,119,-1.1,36,0,-0.09,-0.58,2.44,-0.275,-0.625,-2.23,-1.1,-1.63,-1.7,-2.04,-2.64,7479.21,13126.422,10095.878,9724.293,0,0,0,0
1214,38,Mujer,7.5,125,41.4,400,0,1,0.03,412,122,-1.95,36,0,-2.48,0.58,-0.93,0.38,0.03,-3.08,-1.95,-2.48,-2.55,-1.91,-2.51,183.264,321.639,247.381,238.276,0,0,0,0
1215,67,Mujer,8.9,134,43.8,410,0,0,0.693,820,130,-4.9,36,0,-1.45,1.06,-1.1,0.693,0.343,-4.9,-3.77,-4.3,-4.37,-3.26,-3.86,42.2,74.063,56.964,54.867,0,0,0,0
1216,83,Mujer,6.8,148,51.3,56,1,0,0.05,59,153,-2.11,36,0,-0.9,-0.8,-0.86,0.05,-0.3,-2.11,-0.98,-1.51,-1.58,-1.43,-2.03,636.679,1117.406,859.426,827.795,0,0,0,0
1217,76,Hombre,6.4,135,37,96,0,1,0.348,136,135,-0.47,36,0,1.4,-1.2,-1.09,0.698,0.348,-1.6,-0.47,-1,-1.07,0.05,-0.55,42.901,75.294,57.911,55.779,0,0,0,0
1218,63,Hombre,7.3,132,44.3,101,1,1,-0.952,39,128,-0.42,36,0,0.06,-1.12,1.21,-0.602,-0.952,-1.55,-0.42,-0.95,-1.02,-1.85,-2.45,982.949,1725.13,1326.843,1278.007,0,0,0,0
1219,76,Mujer,6.7,145,39.5,22,1,0,0.08,24,140,-4.58,36,0,-0.58,1.74,-0.23,0.08,-0.27,-4.58,-3.46,-3.98,-4.06,-3.86,-4.46,491.744,863.038,663.785,639.354,0,0,0,0
1220,54,Hombre,10.5,119,29.9,146,0,0,0.201,178,129,-3.49,36,0,-1.34,-0.22,0.07,0.201,-0.149,-3.49,-2.36,-2.89,-2.96,-2.58,-3.18,263.34,462.177,355.472,342.389,0,0,0,0
1221,51,Mujer,9.2,134,42.2,134,0,1,-0.41,89,137,-1.69,36,0,-1.24,-0.93,-1.97,-0.06,-0.41,-2.82,-1.69,-2.22,-2.29,-2.31,-2.91,215.414,378.064,290.779,280.077,0,0,0,0
1222,57,Hombre,7.2,125,36.3,124,0,1,-0.145,107,119,0.23,36,0,-1.38,-1.99,0.08,0.205,-0.145,-0.89,0.23,-0.29,-0.37,0.01,-0.59,2877.539,5050.239,3884.272,3741.309,0,0,0,0
1223,62,Mujer,6.7,138,53.5,99,0,0,-0.57,56,152,-1.77,36,0,-1.18,0.85,-0.6,-0.57,-0.92,-1.77,-0.64,-1.17,-1.24,-2.02,-2.62,175.594,308.177,237.027,228.303,0,0,0,0
1224,56,Mujer,6.9,116,54.3,68,1,0,-0.634,36,118,-0.84,36,0,-1.72,0.68,0.3,-0.634,-0.984,-0.84,0.28,-0.24,-0.32,-1.19,-1.79,726.956,1275.847,981.288,945.171,0,0,0,0
1225,61,Mujer,9.5,108,32.5,109,0,0,-0.054,103,123,-0.69,36,0,0.47,-1.55,0.66,-0.054,-0.404,-0.69,0.43,-0.09,-0.17,-0.17,-0.77,296.927,521.122,400.809,386.057,0,0,0,0
1226,65,Hombre,7.3,133,43.8,214,0,0,-0.293,160,126,-3.67,36,0,1.77,1.41,-0.08,-0.293,-0.643,-3.67,-2.54,-3.07,-3.14,-3.51,-4.11,219.597,385.404,296.424,285.514,0,0,0,0
1227,53,Mujer,8.4,133,43.4,247,0,1,-0.788,112,126,-0.98,36,0,0.72,-0.08,0.45,-0.438,-0.788,-2.1,-0.98,-1.5,-1.58,-2.16,-2.76,1119.229,1964.308,1510.801,1455.195,0,0,0,0
1228,62,Hombre,5.5,128,57.7,15,1,1,-0.227,12,126,0.91,36,0,-0.48,0.89,-0.04,0.123,-0.227,-0.21,0.91,0.39,0.31,0.57,-0.03,696.679,1222.709,940.418,905.805,0,0,0,0
1229,65,Hombre,8.8,153,45,63,1,1,-0.565,36,149,-2.57,36,0,-0.25,-0.2,1.1,-0.215,-0.565,-3.7,-2.57,-3.1,-3.17,-3.42,-4.02,1287.72,2260.019,1738.24,1674.263,0,0,0,0
1230,62,Mujer,7,144,46.7,123,0,0,0.347,174,131,-1.57,36,0,1.46,-0.54,0.35,0.347,-0.003,-1.57,-0.44,-0.97,-1.04,-0.45,-1.05,1180.011,2070.984,1592.848,1534.223,0,0,0,0
1231,57,Hombre,7.5,152,44.3,304,1,1,-0.763,142,163,1.61,36,0,-1.61,-1.93,-1.31,-0.413,-0.763,0.49,1.61,1.09,1.01,0.47,-0.13,1203.101,2111.507,1624.016,1564.243,0,0,0,0
1232,77,Hombre,7.7,135,31.9,391,1,0,-0.413,259,136,-2.34,36,0,-0.24,-2.09,2.2,-0.413,-0.763,-2.34,-1.22,-1.74,-1.82,-2.36,-2.96,488.098,856.639,658.864,634.614,0,0,0,0
1233,68,Mujer,7.5,116,42.3,231,0,1,-0.116,206,99,-1.32,36,0,-0.75,-0.33,-0.06,0.234,-0.116,-2.45,-1.32,-1.85,-1.92,-1.5,-2.1,40.061,70.309,54.076,52.086,0,0,0,0
1234,54,Hombre,8.6,148,56,94,1,1,-0.342,67,143,-3.05,36,0,-1.47,0.61,-0.03,0.008,-0.342,-4.18,-3.05,-3.58,-3.65,-3.57,-4.17,31.655,55.556,42.73,41.157,1,0,0,0
1235,70,Mujer,8.5,145,39.9,217,0,1,-0.421,142,133,-2.83,36,0,0.47,0.61,2.06,-0.071,-0.421,-3.95,-2.83,-3.35,-3.43,-3.46,-4.06,256.213,449.667,345.851,333.122,0,0,0,0
1236,67,Hombre,7.3,151,49.5,55,1,1,-0.065,52,141,-1.5,36,0,0.14,-0.53,0.95,0.285,-0.065,-2.63,-1.5,-2.03,-2.1,-1.6,-2.2,670.092,1176.049,904.53,871.238,0,0,0,0
1237,53,Mujer,8,133,42.1,49,0,0,0.141,56,149,-3.42,36,0,-0.2,0.8,0.19,0.141,-0.209,-3.42,-2.3,-2.82,-2.9,-2.61,-3.21,152.451,267.56,205.787,198.213,0,0,0,0
1238,62,Mujer,6.4,129,61,38,1,1,0.695,76,126,-2.27,36,0,0.21,0.61,-0.46,1.045,0.695,-3.39,-2.27,-2.79,-2.87,-1.22,-1.82,275.241,483.062,371.536,357.861,0,0,0,0
1239,59,Mujer,6.6,103,51.2,93,0,0,-0.656,48,109,0.24,36,0,-0.54,0.02,-0.01,-0.656,-1.006,0.24,1.37,0.84,0.77,-0.14,-0.74,4531.078,7952.29,6116.316,5891.201,0,0,0,0
1240,64,Hombre,8.5,134,33,65,1,1,0.393,96,131,-3.03,36,0,1.61,-1.65,1.12,0.743,0.393,-4.15,-3.03,-3.55,-3.63,-2.44,-3.04,456.905,801.894,616.757,594.057,0,0,0,0
1241,82,Mujer,6.6,143,46.5,316,0,0,-0.589,175,142,-1.82,36,0,-0.86,0.83,1.54,-0.589,-0.939,-1.82,-0.7,-1.22,-1.3,-2.11,-2.71,928.033,1628.748,1252.713,1206.606,0,0,0,0
1242,70,Hombre,7.7,122,49.4,144,0,0,-0.551,83,129,-1.43,36,0,2.1,-0.98,-2.36,-0.551,-0.901,-1.43,-0.3,-0.83,-0.9,-1.65,-2.25,441.438,774.747,595.879,573.947,0,0,0,0
1243,63,Mujer,9.6,138,57.9,121,0,1,-0.159,103,121,-1.17,36,0,-0.25,1.78,-0.13,0.191,-0.159,-2.3,-1.17,-1.7,-1.77,-1.41,-2.01,213.371,374.478,288.021,277.42,0,0,0,0
1244,71,Hombre,7.4,142,39.8,103,1,0,0.157,121,136,-2.85,36,0,0.13,0.34,0.64,0.157,-0.193,-2.85,-1.72,-2.25,-2.32,-2.01,-2.61,195.278,342.724,263.598,253.896,0,0,0,0
1245,56,Mujer,7.3,108,74.5,90,1,1,-0.054,85,108,0.53,36,0,-0.08,0.33,-1.41,0.296,-0.054,-0.59,0.53,0.01,-0.07,0.45,-0.15,2392.951,4199.761,3230.147,3111.259,0,0,0,0
1246,73,Mujer,7,120,38.7,22,0,0,0.288,29,122,-0.94,12.98,1,0.21,-0.46,0.61,0.288,-0.062,-0.94,0.19,-0.34,-0.41,0.09,-0.51,12.981,22.783,17.523,16.878,1,1,1,1
1247,68,Hombre,8.3,152,41.9,236,0,0,0.154,275,155,-4.58,36,0,0.64,-0.43,-0.12,0.154,-0.196,-4.58,-3.46,-3.98,-4.06,-3.75,-4.35,599.049,1051.364,808.632,778.87,0,0,0,0
1248,54,Mujer,8.3,145,56.9,688,0,1,-0.053,652,127,-0.37,36,0,0.26,-1.01,0.81,0.297,-0.053,-1.49,-0.37,-0.89,-0.97,-0.45,-1.05,1412.904,2479.724,1907.221,1837.025,0,0,0,0
1249,68,Mujer,9.6,144,47.5,133,0,1,-0.06,125,125,-1.06,36,0,1.04,-0.61,-0.32,0.29,-0.06,-2.18,-1.06,-1.58,-1.66,-1.15,-1.75,354.291,621.8,478.243,460.641,0,0,0,0
1250,62,Hombre,8.7,116,38.1,158,0,0,0.797,351,117,-4.68,36,0,-0.4,1.63,0.45,0.797,0.447,-4.68,-3.55,-4.08,-4.15,-2.88,-3.48,144.917,254.338,195.618,188.418,0,0,0,0
1251,48,Hombre,9.7,136,59.9,222,0,1,-0.119,197,129,-2.44,36,0,-0.4,1.66,0.13,0.231,-0.119,-3.56,-2.44,-2.96,-3.04,-2.61,-3.21,98.029,172.047,132.326,127.455,0,0,0,0
1252,57,Hombre,8.2,114,44.9,218,0,1,-0.256,169,101,-0.26,36,0,-0.19,-0.8,1.21,0.094,-0.256,-1.39,-0.26,-0.79,-0.86,-0.65,-1.25,190.67,334.636,257.377,247.904,0,0,0,0
1253,83,Hombre,5.5,159,39.1,90,0,0,0.449,141,157,-5.52,36,0,0.64,1.96,-0.2,0.449,0.099,-5.52,-4.4,-4.92,-5,-4.25,-4.85,1424.847,2500.684,1923.342,1852.552,0,0,0,0
1254,55,Mujer,5.6,125,47.3,78,0,1,-1.107,26,117,3.34,36,0,-0.92,-1.28,0.69,-0.757,-1.107,2.21,3.34,2.81,2.74,1.68,1.08,7194.613,12626.939,9711.712,9354.266,0,0,0,0
1255,59,Hombre,5.7,104,43.4,95,0,1,0.064,101,101,-0.26,36,0,0.89,0.51,2.42,0.414,0.064,-1.39,-0.26,-0.79,-0.86,-0.17,-0.77,1823.465,3200.28,2461.42,2370.826,0,0,0,0
1256,60,Mujer,6.3,141,45.4,127,0,0,-1.108,42,163,0.81,36,0,-0.02,-2.99,-3.47,-1.108,-1.458,0.81,1.93,1.41,1.33,-0.25,-0.85,5704.039,10010.9,7699.647,7416.257,0,0,0,0
1257,60,Mujer,6.5,131,36.6,288,0,0,0.28,381,128,-3.11,36,0,-0.17,-0.54,-0.23,0.28,-0.07,-3.11,-1.99,-2.51,-2.59,-2.09,-2.69,156.069,273.909,210.671,202.917,0,0,0,0
1258,63,Hombre,7.8,133,45.6,181,1,0,0.858,427,125,-3.98,36,0,-0.53,0.52,-0.63,0.858,0.508,-3.98,-2.85,-3.38,-3.45,-2.09,-2.69,73.357,128.745,99.021,95.376,0,0,0,0
1259,63,Hombre,6.4,132,47.4,867,0,1,-0.036,836,123,-1.99,36,0,0.81,-0.25,1.39,0.314,-0.036,-3.11,-1.99,-2.51,-2.59,-2.04,-2.64,202.139,354.765,272.859,262.816,0,0,0,0
1260,67,Hombre,9.4,151,31.5,1034,0,0,0.337,1449,168,-4.23,36,0,-2.65,0.93,-0.24,0.337,-0.013,-4.23,-3.1,-3.63,-3.7,-3.12,-3.72,123.639,216.992,166.895,160.752,0,0,0,0
1261,70,Mujer,5.5,137,53.9,161,1,1,-1.168,50,141,2.89,36,0,-0.22,-1.28,0.07,-0.818,-1.168,1.76,2.89,2.36,2.29,1.14,0.54,8789.509,15426.068,11864.596,11427.912,0,0,0,0
1262,80,Hombre,8.2,144,34.3,217,1,0,0.639,411,131,-3.21,36,0,-0.05,-0.32,0.11,0.639,0.289,-3.21,-2.08,-2.61,-2.68,-1.65,-2.25,189.154,331.976,255.331,245.934,0,0,0,0
1263,48,Mujer,6.3,127,54.2,37,0,0,0.381,54,121,-2.13,36,0,0.53,0.8,2,0.381,0.031,-2.13,-1,-1.53,-1.6,-0.96,-1.56,1066.847,1872.374,1440.092,1387.089,0,0,0,0
1264,56,Hombre,10.1,138,53.5,308,1,1,-0.279,233,120,-3.22,36,0,1.86,-0.41,-1.2,0.071,-0.279,-4.34,-3.22,-3.74,-3.82,-3.64,-4.24,80.687,141.61,108.916,104.908,0,0,0,0
1265,57,Mujer,9.3,158,63,265,0,1,-0.274,201,155,-0.68,36,0,-0.77,0.59,0.22,0.076,-0.274,-1.8,-0.68,-1.2,-1.28,-1.09,-1.69,618.368,1085.27,834.71,803.988,0,0,0,0
1266,72,Hombre,9.6,125,34.8,48,0,0,0.004,48,137,-3.78,36,0,-0.62,-0.12,-0.12,0.004,-0.346,-3.78,-2.66,-3.18,-3.26,-3.18,-3.78,319.232,560.27,430.919,415.059,0,0,0,0
1267,65,Mujer,6.4,131,49,33,0,1,-0.345,23,136,0.14,36,0,-1.97,-0.77,0.33,0.005,-0.345,-0.98,0.14,-0.38,-0.46,-0.38,-0.98,1723.974,3025.669,2327.122,2241.471,0,0,0,0
1268,74,Hombre,8.4,151,59.4,34,1,0,-0.161,29,139,-0.83,36,0,0.29,-1.41,1.38,-0.161,-0.511,-0.83,0.29,-0.23,-0.31,-0.47,-1.07,470.76,826.21,635.46,612.071,0,0,0,0
1269,57,Hombre,5.5,112,43.6,69,0,1,-1.186,21,105,1.6,36,0,0.01,-0.48,0.53,-0.836,-1.186,0.47,1.6,1.07,1,-0.18,-0.78,235.072,412.563,317.313,305.635,0,0,0,0
1270,87,Hombre,8.6,130,27.7,313,0,0,-0.64,165,129,-2.69,36,0,-1.06,-1.38,0.34,-0.64,-0.99,-2.69,-1.56,-2.09,-2.16,-3.05,-3.65,697.014,1223.297,940.87,906.241,0,0,0,0
1271,70,Hombre,6.7,133,38.1,137,1,0,0.005,138,123,-1.87,36,0,1.38,-0.11,-2.04,0.005,-0.345,-1.87,-0.74,-1.27,-1.34,-1.26,-1.86,134.789,236.563,181.947,175.25,0,0,0,0
1272,57,Hombre,6.5,114,56.4,3,0,0,1.48,13,108,-2.84,36,0,1.59,0.8,0.83,1.48,1.13,-2.84,-1.71,-2.24,-2.31,-0.02,-0.62,1092.879,1918.062,1475.232,1420.936,0,0,0,0
1273,31,Hombre,8.4,123,52,96,0,1,0.376,140,107,-0.04,36,0,-0.9,0.14,0.53,0.726,0.376,-1.16,-0.04,-0.56,-0.64,0.52,-0.08,339.698,596.188,458.544,441.667,0,0,0,0
1274,71,Hombre,9.5,124,32.8,814,1,0,-1.582,167,135,0.94,36,0,0.73,-1.6,0.24,-1.582,-1.932,0.94,2.07,1.54,1.47,-0.83,-1.43,2171.718,3811.484,2931.513,2823.617,0,0,0,0
1275,82,Mujer,8.6,151,35.6,39,1,0,0.823,89,150,-3.48,19.99,1,1.77,-0.45,0.37,0.823,0.473,-3.48,-2.35,-2.88,-2.95,-1.64,-2.24,19.988,35.079,26.981,25.988,1,1,1,1
1276,66,Mujer,7.4,153,46.6,187,0,0,1.081,551,159,-4.7,16.74,1,-0.8,-0.56,-0.44,1.081,0.731,-4.7,-3.58,-4.1,-4.18,-2.48,-3.08,16.735,29.371,22.59,21.759,1,1,1,1
1277,64,Hombre,9.1,154,48.5,45,0,1,-0.263,35,146,-2.15,36,0,0.97,-0.49,-0.45,0.087,-0.263,-3.28,-2.15,-2.68,-2.75,-2.55,-3.15,892.721,1566.775,1205.048,1160.695,0,0,0,0
1278,70,Hombre,7.4,150,44,37,0,0,0.056,39,139,-3.02,36,0,-1.06,1.31,-1.7,0.056,-0.294,-3.02,-1.89,-2.42,-2.49,-2.34,-2.94,86.406,151.647,116.636,112.343,0,0,0,0
1279,72,Mujer,8.8,154,57.9,1331,0,1,-0.432,864,139,-2.33,36,0,-0.84,1.02,-0.3,-0.082,-0.432,-3.46,-2.33,-2.86,-2.93,-2.98,-3.58,793.863,1393.273,1071.603,1032.162,0,0,0,0
1280,68,Hombre,7.9,116,57.7,15,0,0,-0.282,11,115,0.64,36,0,1.73,-0.49,0.24,-0.282,-0.632,0.64,1.77,1.24,1.17,0.82,0.22,2868.931,5035.131,3872.652,3730.117,0,0,0,0
1281,74,Hombre,8.3,155,41,89,0,0,0.243,113,166,-5.17,36,0,-0.59,0.53,0.53,0.243,-0.107,-5.17,-4.04,-4.57,-4.64,-4.2,-4.8,159.208,279.418,214.908,206.998,0,0,0,0
1282,68,Mujer,7,133,31,268,0,0,-0.009,265,128,-2.46,36,0,0.47,-1.28,-0.75,-0.009,-0.359,-2.46,-1.34,-1.86,-1.94,-1.88,-2.48,184.852,324.425,249.524,240.34,0,0,0,0
1283,57,Hombre,8.1,98,58.7,135,0,1,-1.735,24,92,2.33,36,0,-0.62,-0.24,1.21,-1.385,-1.735,1.2,2.33,1.8,1.73,-0.27,-0.87,4912.873,8622.362,6631.686,6387.603,0,0,0,0
1284,58,Hombre,6.3,140,45.7,202,0,0,0.758,431,142,-1.27,36,0,-1.55,-1.14,0.37,0.758,0.408,-1.27,-0.14,-0.67,-0.74,0.47,-0.13,1311.865,2302.395,1770.833,1705.656,0,0,0,0
1285,68,Mujer,8.2,112,40.8,85,0,0,-0.002,85,98,-2.94,36,0,0.52,0.17,0.67,-0.002,-0.352,-2.94,-1.82,-2.34,-2.42,-2.35,-2.95,472.164,828.673,637.354,613.896,0,0,0,0
1286,54,Mujer,7.8,127,51.2,63,0,1,-0.247,49,111,0.13,36,0,-0.72,-1.92,0.22,0.103,-0.247,-1,0.13,-0.4,-0.47,-0.24,-0.84,5253.064,9219.414,7090.894,6829.91,0,0,0,0
1287,78,Hombre,6.8,131,40.5,108,1,1,-0.08,100,124,-2.81,36,0,-0.88,0.67,-0.2,0.27,-0.08,-3.94,-2.81,-3.34,-3.41,-2.93,-3.53,365.635,641.709,493.556,475.39,0,0,0,0
1288,68,Hombre,6.3,155,33,75,0,0,0.609,138,156,-4.6,36,0,1.54,0.23,-0.02,0.609,0.259,-4.6,-3.48,-4,-4.08,-3.09,-3.69,547.726,961.289,739.353,712.141,0,0,0,0
1289,68,Mujer,7.3,130,36.8,196,0,0,0.268,256,136,-4.27,27.35,1,0.02,0.73,0.23,0.268,-0.082,-4.27,-3.14,-3.67,-3.74,-3.26,-3.86,27.349,48,36.918,35.559,1,0,0,1
1290,84,Hombre,7.1,142,34.6,93,0,0,-0.47,58,132,0.2,36,0,0.35,-1.28,0.02,-0.47,-0.82,0.2,1.33,0.8,0.73,0.1,-0.5,3319.979,5826.745,4481.503,4316.559,0,0,0,0
1291,64,Mujer,9.7,116,28.7,390,1,1,-0.238,307,105,-1.29,36,0,0.03,-1.02,-0.54,0.112,-0.238,-2.42,-1.29,-1.82,-1.89,-1.65,-2.25,105.792,185.671,142.805,137.549,0,0,0,0
1292,76,Hombre,6.4,144,48.2,106,0,1,0.433,163,141,-0.72,36,0,-1.21,0.04,0.87,0.783,0.433,-1.84,-0.72,-1.24,-1.32,-0.07,-0.67,1165.643,2045.767,1573.454,1515.542,0,0,0,0
1293,75,Mujer,6.7,168,51.5,156,1,0,0.698,313,190,-4.09,36,0,-0.43,0.21,-0.74,0.698,0.348,-4.09,-2.96,-3.49,-3.56,-2.44,-3.04,98.055,172.091,132.36,127.488,0,0,0,0
1294,66,Hombre,7,127,34.9,17,0,0,1.658,89,140,-3.93,36,0,0.08,1.45,0.21,1.658,1.308,-3.93,-2.81,-3.33,-3.41,-0.84,-1.44,906.073,1590.208,1223.071,1178.055,0,0,0,0
1295,55,Mujer,9.2,112,66.4,65,0,1,-1.033,23,117,2.41,36,0,0.13,-2.23,0.87,-0.683,-1.033,1.29,2.41,1.89,1.81,0.86,0.26,27780.004,48755.426,37499.083,36118.908,0,0,0,0
1296,70,Mujer,7.9,142,45.8,618,0,1,-0.416,408,147,0.03,36,0,0,-1.33,0.62,-0.066,-0.416,-1.1,0.03,-0.5,-0.57,-0.6,-1.2,189.626,332.804,255.969,246.547,0,0,0,0
1297,52,Mujer,8.7,152,47.7,618,0,1,0.142,712,141,-3.05,36,0,0.01,-0.07,-0.46,0.492,0.142,-4.17,-3.05,-3.57,-3.65,-2.83,-3.43,317.816,557.784,429.006,413.216,0,0,0,0
1298,53,Hombre,7.7,141,48.7,1776,1,1,-0.16,1514,139,-5.58,6.35,1,-0.76,1.96,-1.06,0.19,-0.16,-6.7,-5.58,-6.1,-6.18,-5.82,-6.42,3.615,6.345,4.88,4.701,1,1,1,1
1299,86,Hombre,7.1,137,50.6,106,0,0,-0.178,89,133,-1.9,36,0,1,0.33,-1.55,-0.178,-0.528,-1.9,-0.78,-1.3,-1.38,-1.57,-2.17,1205.525,2115.762,1627.288,1567.395,0,0,0,0
1300,46,Mujer,7.2,119,32.3,110,0,0,0.337,154,115,-3.62,36,0,1.01,1.32,0.88,0.337,-0.013,-3.62,-2.49,-3.02,-3.09,-2.51,-3.11,357.93,628.187,483.156,465.373,0,0,0,0
1301,61,Hombre,7.6,117,46.2,47,0,0,-0.573,27,115,2.1,36,0,-1.32,-2.59,0.8,-0.573,-0.923,2.1,3.23,2.7,2.63,1.84,1.24,3390.275,5950.118,4576.393,4407.956,0,0,0,0
1302,58,Hombre,10.4,132,39.9,455,0,1,-0.703,225,113,-1.56,36,0,0.04,-0.16,0.05,-0.353,-0.703,-2.69,-1.56,-2.09,-2.16,-2.62,-3.22,259.795,455.955,350.687,337.78,0,0,0,0
1303,58,Hombre,7.3,139,44.1,66,0,0,-0.302,49,137,-0.85,36,0,-1.27,0.99,0.68,-0.302,-0.652,-0.85,0.28,-0.25,-0.32,-0.7,-1.3,81.23,142.563,109.649,105.613,0,0,0,0
1304,82,Hombre,6.7,136,31,70,0,0,0.103,78,130,-3.14,36,0,-0.85,-0.16,1.13,0.103,-0.247,-3.14,-2.02,-2.54,-2.62,-2.39,-2.99,505.114,886.503,681.833,656.738,0,0,0,0
1305,83,Hombre,6.1,149,47.4,306,0,0,-0.61,166,159,-1.8,36,0,0.35,0.42,-0.26,-0.61,-0.96,-1.8,-0.67,-1.2,-1.27,-2.11,-2.71,62.045,108.892,83.752,80.669,0,0,0,0
1306,62,Mujer,6.5,137,48.9,160,0,0,-0.363,111,142,-2.36,36,0,0.99,0.17,-0.67,-0.363,-0.713,-2.36,-1.24,-1.76,-1.84,-2.31,-2.91,808.759,1419.417,1091.711,1051.53,0,0,0,0
1307,61,Hombre,9.1,116,63.7,45,0,1,-0.113,40,111,0.23,36,0,0.83,0.48,0.26,0.237,-0.113,-0.9,0.23,-0.3,-0.37,0.06,-0.54,1533.349,2691.112,2069.805,1993.625,0,0,0,0
1308,65,Hombre,8.6,162,48.3,104,0,0,0.514,174,165,-6.43,36,0,0.77,1.22,0.11,0.514,0.164,-6.43,-5.3,-5.83,-5.9,-5.06,-5.66,48.559,85.224,65.548,63.136,0,0,0,0
1309,57,Hombre,7.3,139,56.9,7,0,0,0.814,16,139,-2.09,36,0,-0.39,0.68,-0.05,0.814,0.464,-2.09,-0.96,-1.49,-1.56,-0.26,-0.86,108.716,190.803,146.752,141.35,0,0,0,0
1310,65,Hombre,8.2,158,47.5,117,0,1,-0.012,116,150,-2.16,36,0,0.11,0.82,-0.51,0.338,-0.012,-3.29,-2.16,-2.69,-2.76,-2.18,-2.78,1166.767,2047.741,1574.971,1517.004,0,0,0,0
1311,74,Mujer,9.3,137,53.6,64,0,1,0.868,152,128,-3.17,36,0,0.87,1.32,-1.55,1.218,0.868,-4.29,-3.17,-3.69,-3.77,-1.87,-2.47,682.915,1198.553,921.839,887.91,0,0,0,0
1312,59,Hombre,8.9,135,34.4,119,1,0,-0.789,54,138,-3.38,36,0,-1.29,-0.27,0.68,-0.789,-1.139,-3.38,-2.26,-2.78,-2.86,-3.97,-4.57,39.516,69.353,53.342,51.378,0,0,0,0
1313,67,Hombre,7.9,143,44,199,0,0,0.048,209,160,-4.77,36,0,-0.99,1.09,-1.31,0.048,-0.302,-4.77,-3.65,-4.17,-4.25,-4.1,-4.7,339.066,595.08,457.692,440.846,0,0,0,0
1314,81,Mujer,6.3,130,40,347,1,1,0.068,371,123,-3.62,36,0,0.97,1.6,0.12,0.418,0.068,-4.75,-3.62,-4.15,-4.22,-3.52,-4.12,160.024,280.85,216.01,208.059,0,0,0,0
1315,55,Hombre,7.6,134,49.7,38,0,1,0.136,44,126,-2.06,3.6,1,-0.83,0.26,-0.71,0.486,0.136,-3.19,-2.06,-2.59,-2.66,-1.86,-2.46,2.05,3.597,2.767,2.665,1,1,1,1
1316,49,Hombre,7.7,153,56.6,117,0,0,0.116,131,152,-1.86,36,0,-1.88,-0.02,-1.33,0.116,-0.234,-1.86,-0.74,-1.26,-1.34,-1.09,-1.69,611.481,1073.183,825.414,795.034,0,0,0,0
1317,67,Hombre,9.9,127,49.6,354,1,1,-0.236,280,122,-1.98,36,0,2.44,0.16,-1.91,0.114,-0.236,-3.1,-1.98,-2.5,-2.58,-2.33,-2.93,764.335,1341.449,1031.744,993.77,0,0,0,0
1318,53,Mujer,6.4,131,54.6,228,0,1,0.94,584,120,-0.81,36,0,0.86,0,-0.45,1.29,0.94,-1.93,-0.81,-1.33,-1.41,0.6,0,366.019,642.383,494.073,475.889,0,0,0,0
1319,63,Hombre,6.3,119,46.4,51,0,0,-0.262,39,127,-1.42,36,0,0.55,-0.75,1.54,-0.262,-0.612,-1.42,-0.3,-0.82,-0.9,-1.22,-1.82,1825.048,3203.06,2463.558,2372.885,0,0,0,0
1320,61,Hombre,6.9,114,64.1,11,0,0,0.839,25,126,-0.55,36,0,1.07,-0.04,-0.8,0.839,0.489,-0.55,0.57,0.05,-0.03,1.3,0.7,4550.724,7986.77,6142.835,5916.745,0,0,0,0
1321,56,Mujer,8.4,128,59.4,93,0,1,-0.387,63,126,2.33,36,0,-0.65,-1.56,-1.25,-0.037,-0.387,1.2,2.33,1.8,1.73,1.75,1.15,385.304,676.23,520.107,500.964,0,0,0,0
1322,64,Mujer,7.6,133,38,80,0,0,0.306,109,144,-3.18,36,0,-0.2,2,0.16,0.306,-0.044,-3.18,-2.05,-2.58,-2.65,-2.12,-2.72,681.575,1196.202,920.03,886.168,0,0,0,0
1323,50,Mujer,5.7,166,59.5,65,0,1,0.278,86,163,0.47,36,0,-0.11,-0.21,1.34,0.628,0.278,-0.65,0.47,-0.05,-0.13,0.89,0.29,802.57,1408.554,1083.356,1043.482,0,0,0,0
1324,87,Hombre,9.2,131,44.3,267,1,0,0.796,592,134,-4.83,36,0,0.8,1.37,-0.65,0.796,0.446,-4.83,-3.71,-4.23,-4.31,-3.04,-3.64,99.443,174.528,134.234,129.293,0,0,0,0
1325,60,Hombre,8.4,144,66.8,150,0,1,-0.591,83,131,0.39,36,0,-0.33,-0.29,0.75,-0.241,-0.591,-0.73,0.39,-0.13,-0.21,-0.49,-1.09,121.531,213.294,164.05,158.012,0,0,0,0
1326,76,Hombre,8,129,47.4,51,1,0,0.131,58,120,-3.81,36,0,-0.55,2.49,-0.45,0.131,-0.219,-3.81,-2.68,-3.21,-3.28,-3.01,-3.61,67.341,118.188,90.901,87.556,0,0,0,0
1327,45,Mujer,8.8,103,51.8,25,0,0,0.81,56,101,-4.57,36,0,0.37,1.32,-2.78,0.81,0.46,-4.57,-3.44,-3.97,-4.04,-2.75,-3.35,556.445,976.592,751.123,723.477,0,0,0,0
1328,81,Mujer,7.5,138,32.6,117,1,0,0.162,138,144,-2.34,36,0,1.76,1.08,0.85,0.162,-0.188,-2.34,-1.21,-1.74,-1.81,-1.49,-2.09,226.465,397.458,305.695,294.444,0,0,0,0
1329,68,Hombre,8.7,143,52,27,0,0,0.222,34,138,-1.16,36,0,1.47,-1.26,-0.88,0.222,-0.128,-1.16,-0.04,-0.56,-0.64,-0.23,-0.83,1443.579,2533.561,1948.628,1876.908,0,0,0,0
1330,33,Mujer,5.5,139,66,57,0,0,0.222,71,143,-0.87,36,0,-1.02,-1.51,-1.95,0.222,-0.128,-0.87,0.26,-0.27,-0.34,0.06,-0.54,1948.074,3418.977,2629.625,2532.841,0,0,0,0
1331,44,Hombre,8.7,108,47.3,269,0,1,-0.998,99,101,-1.36,36,0,-1.41,-0.07,-0.5,-0.648,-0.998,-2.48,-1.36,-1.88,-1.96,-2.85,-3.45,4343.709,7623.446,5863.394,5647.588,0,0,0,0
1332,61,Mujer,5.5,140,35.3,79,0,0,-0.146,68,143,-0.61,36,0,2.05,1.06,0.23,-0.146,-0.496,-0.61,0.52,-0.01,-0.08,-0.23,-0.83,261.97,459.772,353.622,340.607,0,0,0,0
1333,79,Mujer,8.3,137,42.4,58,0,1,-0.263,45,135,-2.82,36,0,0.07,-0.11,-0.3,0.087,-0.263,-3.94,-2.82,-3.34,-3.42,-3.21,-3.81,1388.455,2436.814,1874.218,1805.236,0,0,0,0
1334,69,Hombre,9.1,129,53.1,258,1,0,0.125,292,120,-2.66,36,0,1.31,-1.25,-1.31,0.125,-0.225,-2.66,-1.53,-2.06,-2.13,-1.87,-2.47,2511.213,4407.317,3389.784,3265.021,0,0,0,0
1335,65,Hombre,8.4,139,59.5,154,0,0,0.682,304,135,-4.26,36,0,1.74,1.01,-0.1,0.682,0.332,-4.26,-3.13,-3.66,-3.73,-2.63,-3.23,283.97,498.382,383.319,369.211,0,0,0,0
1336,49,Hombre,6.8,126,57.4,100,0,1,-1.051,35,133,1.51,36,0,-0.18,-0.92,-0.24,-0.701,-1.051,0.38,1.51,0.98,0.91,-0.07,-0.67,2259.099,3964.843,3049.465,2937.228,0,0,0,0
1337,75,Mujer,7,131,35.7,155,0,1,0.64,294,125,-2.68,36,0,0,1.42,-0.47,0.99,0.64,-3.81,-2.68,-3.21,-3.28,-1.72,-2.32,397.667,697.927,536.794,517.037,0,0,0,0
1338,67,Hombre,9,139,27.3,201,0,0,-0.226,160,156,-1.64,36,0,-0.39,-0.57,-0.42,-0.226,-0.576,-1.64,-0.51,-1.04,-1.11,-1.38,-1.98,80.612,141.479,108.815,104.81,0,0,0,0
1339,70,Hombre,7.4,146,37.7,118,0,0,0.677,232,149,-4.32,36,0,-0.49,1.03,2.03,0.677,0.327,-4.32,-3.2,-3.72,-3.8,-2.71,-3.31,94.064,165.088,126.974,122.3,0,0,0,0
1340,63,Hombre,7.8,115,43.7,282,1,1,-0.477,175,111,-4.19,36,0,-0.53,0.42,-0.46,-0.127,-0.477,-5.31,-4.19,-4.71,-4.79,-4.9,-5.5,423.576,743.4,571.768,550.724,0,0,0,0
1341,79,Hombre,5.5,122,40.3,123,0,1,-0.113,110,112,-1.27,36,0,0.24,-0.29,1.2,0.237,-0.113,-2.39,-1.27,-1.79,-1.87,-1.44,-2.04,170.597,299.407,230.282,221.806,0,0,0,0
1342,53,Mujer,9.6,150,49.8,744,1,1,0.013,754,139,-1.72,6.24,1,-0.28,-0.48,0.84,0.363,0.013,-2.85,-1.72,-2.25,-2.32,-1.7,-2.3,3.553,6.235,4.796,4.619,1,1,1,1
1343,69,Hombre,6.9,117,33.6,97,0,0,-1.148,31,114,1.52,36,0,-0.2,-0.78,-0.92,-1.148,-1.498,1.52,2.65,2.12,2.05,0.4,-0.2,1955.928,3432.76,2640.226,2543.051,0,0,0,0
1344,54,Mujer,8.5,140,49.4,17,0,1,-0.636,9,115,1.92,36,0,0.29,-2.51,1.08,-0.286,-0.636,0.8,1.92,1.4,1.32,0.97,0.37,17036.62,29900.198,22997.031,22150.612,0,0,0,0
1345,61,Hombre,6.7,134,54.8,58,0,1,-0.318,42,137,0.1,36,0,-1.26,-0.06,2.11,0.032,-0.318,-1.03,0.1,-0.43,-0.5,-0.38,-0.98,1716.631,3012.782,2317.21,2231.924,0,0,0,0
1346,62,Hombre,9.1,134,46.9,166,1,0,0.037,172,123,-4.1,36,0,1.85,0.79,0.55,0.037,-0.313,-4.1,-2.97,-3.5,-3.57,-3.44,-4.04,217.286,381.349,293.305,282.51,0,0,0,0
1347,60,Mujer,6.2,164,36,595,0,0,-0.247,465,181,-3.1,36,0,1.38,-0.34,0.41,-0.247,-0.597,-3.1,-1.98,-2.5,-2.58,-2.87,-3.47,109.792,192.691,148.204,142.749,0,0,0,0
1348,57,Hombre,7,119,42.8,139,0,0,-0.899,57,115,1.45,36,0,1.23,-0.41,1.47,-0.899,-1.249,1.45,2.58,2.05,1.98,0.7,0.1,14312.206,25118.704,19319.458,18608.394,0,0,0,0
1349,49,Mujer,8.3,124,32.4,105,0,0,0.189,127,114,-2.15,23.63,1,-0.29,-0.93,0,0.189,-0.161,-2.15,-1.02,-1.55,-1.62,-1.27,-1.87,23.625,41.464,31.891,30.717,1,0,1,1
1350,54,Mujer,6.2,121,52.7,5,1,0,0.508,8,116,-2.02,36,0,-0.63,0.49,-2.36,0.508,0.158,-2.02,-0.9,-1.42,-1.5,-0.66,-1.26,1155.582,2028.109,1559.872,1502.46,0,0,0,0
1351,59,Mujer,8.9,140,44.4,79,0,0,0.19,96,141,-1.94,36,0,-1.27,-0.9,2,0.19,-0.16,-1.94,-0.82,-1.34,-1.42,-1.06,-1.66,490.107,860.164,661.575,637.225,0,0,0,0
1352,61,Hombre,7.7,125,43.2,28,0,0,0.056,30,134,-0.43,36,0,0.66,-0.79,0.08,0.056,-0.294,-0.43,0.7,0.17,0.1,0.26,-0.34,2040.889,3581.872,2754.912,2653.516,0,0,0,0
1353,61,Mujer,7.1,109,51.7,80,0,0,-0.549,46,121,-0.53,36,0,-0.25,-0.91,1.36,-0.549,-0.899,-0.53,0.59,0.07,-0.01,-0.75,-1.35,4816.744,8453.649,6501.925,6262.618,0,0,0,0
1354,70,Mujer,8.7,136,46,115,1,0,0.131,131,132,-4.19,36,0,-0.01,1.19,-0.98,0.131,-0.219,-4.19,-3.06,-3.59,-3.66,-3.39,-3.99,449.157,788.295,606.299,583.984,0,0,0,0
1355,41,Hombre,8.1,137,53.3,39,0,1,0.15,45,128,-0.76,36,0,-0.8,0.58,-1.07,0.5,0.15,-1.89,-0.76,-1.29,-1.36,-0.54,-1.14,694.686,1219.212,937.728,903.215,0,0,0,0
1356,73,Hombre,9.9,152,26.4,84,0,0,1.165,269,152,-5.47,36,0,1.03,0.09,1.16,1.165,0.815,-5.47,-4.34,-4.87,-4.94,-3.12,-3.72,157.141,275.791,212.118,204.311,0,0,0,0
1357,58,Hombre,8.2,135,46.9,237,0,1,-0.853,101,123,-3.46,36,0,-0.87,-0.18,-1.41,-0.503,-0.853,-4.58,-3.46,-3.98,-4.06,-4.74,-5.34,529.934,930.063,715.336,689.008,0,0,0,0
1358,72,Hombre,6.8,126,42.7,154,0,1,-0.078,143,127,-1.67,36,0,-0.3,-0.84,0.31,0.272,-0.078,-2.8,-1.67,-2.2,-2.27,-1.79,-2.39,28.376,49.801,38.303,36.893,1,0,0,0
1359,63,Mujer,5.5,132,36.5,20,0,1,-0.016,20,120,-0.55,36,0,0.06,-0.02,-1.46,0.334,-0.016,-1.67,-0.55,-1.07,-1.15,-0.57,-1.17,37.438,65.706,50.536,48.676,0,0,0,0
1360,71,Hombre,7.2,145,48.9,116,0,1,-0.227,92,139,-0.87,36,0,-2.28,-0.74,0.31,0.123,-0.227,-1.99,-0.87,-1.39,-1.47,-1.21,-1.81,390.478,685.311,527.091,507.691,0,0,0,0
1361,77,Hombre,8.2,160,35.9,137,1,0,0.765,294,147,-5.63,2.8,1,1.67,0.15,-0.91,0.765,0.415,-5.63,-4.5,-5.03,-5.1,-3.88,-4.48,2.804,4.922,3.786,3.646,1,1,1,1
1362,75,Hombre,7.9,109,48.4,67,1,1,-0.663,35,96,-1.54,36,0,0.31,-0.53,-0.33,-0.313,-0.663,-2.67,-1.54,-2.07,-2.14,-2.54,-3.14,2536.175,4451.125,3423.478,3297.475,0,0,0,0
1363,73,Hombre,6.3,138,54.7,25,0,0,-0.178,21,154,-0.4,36,0,-0.65,-1.52,-0.87,-0.178,-0.528,-0.4,0.72,0.2,0.12,-0.07,-0.67,3749.307,6580.238,5061.034,4874.76,0,0,0,0
1364,52,Hombre,10.1,95,67.8,36,0,1,0.067,38,100,-1.53,36,0,0.48,0.17,0.69,0.417,0.067,-2.66,-1.53,-2.06,-2.13,-1.43,-2.03,1523.448,2673.735,2056.44,1980.752,0,0,0,0
1365,61,Hombre,5.5,136,51.3,102,0,1,-1.926,15,135,2.94,36,0,0.16,-1.51,0.16,-1.576,-1.926,1.81,2.94,2.41,2.34,0.05,-0.55,2826.553,4960.756,3815.448,3675.018,0,0,0,0
1366,62,Hombre,6.9,121,56.1,54,0,0,0.404,81,126,-2.54,13.96,1,0.14,1.03,0.13,0.404,0.054,-2.54,-1.42,-1.94,-2.02,-1.33,-1.93,13.956,24.493,18.838,18.145,1,1,1,1
1367,71,Hombre,7,174,34.1,40,0,1,-0.309,29,161,-1.55,36,0,-0.99,-0.16,-1.05,0.041,-0.309,-2.68,-1.55,-2.08,-2.15,-2.02,-2.62,361.763,634.913,488.329,470.355,0,0,0,0
1368,67,Hombre,7.6,129,40.9,49,1,0,0.568,86,132,-3.13,36,0,-0.23,-0.19,-0.07,0.568,0.218,-3.13,-2,-2.53,-2.6,-1.67,-2.27,83.324,146.238,112.475,108.335,0,0,0,0
1369,62,Mujer,7.7,122,50.3,145,0,1,0.394,215,119,0.22,36,0,-0.11,0.75,0.14,0.744,0.394,-0.9,0.22,-0.3,-0.38,0.81,0.21,25.122,44.091,33.911,32.663,1,0,1,1
1370,76,Hombre,7.3,167,21,294,1,0,0.875,705,169,-8.07,36,0,1.97,1.52,0.67,0.875,0.525,-8.07,-6.95,-7.47,-7.55,-6.16,-6.76,116.348,204.198,157.054,151.273,0,0,0,0
1371,64,Mujer,6.4,110,46.5,164,1,0,-0.29,123,117,-3.24,36,0,-0.7,-0.37,0.53,-0.29,-0.64,-3.24,-2.12,-2.64,-2.72,-3.08,-3.68,898.699,1577.265,1213.116,1168.467,0,0,0,0
1372,53,Hombre,6,131,51.7,46,0,0,-0.099,42,138,0.65,36,0,-0.18,-1.36,-0.32,-0.099,-0.449,0.65,1.77,1.25,1.17,1.1,0.5,1380.748,2423.288,1863.815,1795.216,0,0,0,0
1373,66,Mujer,11.2,150,37.5,45,0,1,-0.056,43,136,-2.82,36,0,-0.74,-0.61,-0.75,0.294,-0.056,-3.94,-2.82,-3.34,-3.42,-2.9,-3.5,757.067,1328.694,1021.933,984.321,0,0,0,0
1374,41,Hombre,9.3,128,54.4,214,0,1,-1.006,78,124,2.16,36,0,0.09,-1.33,0.32,-0.656,-1.006,1.03,2.16,1.63,1.56,0.65,0.05,1242.897,2181.352,1677.736,1615.986,0,0,0,0
1375,68,Mujer,8.3,152,39.8,511,0,1,0.111,571,141,-3.64,36,0,-1.58,0.11,-1.32,0.461,0.111,-4.76,-3.64,-4.16,-4.24,-3.47,-4.07,32.018,56.192,43.219,41.628,1,0,0,0
1376,63,Mujer,8.6,134,50.3,95,0,0,-0.155,81,130,-4.05,36,0,-0.12,-0.5,-1.14,-0.155,-0.505,-4.05,-2.93,-3.45,-3.53,-3.69,-4.29,551.76,968.369,744.798,717.385,0,0,0,0
1377,77,Mujer,8.9,132,36.5,21,0,0,-0.007,21,144,0.21,36,0,0.57,-0.82,-1.68,-0.007,-0.357,0.21,1.33,0.81,0.73,0.8,0.2,812.953,1426.778,1097.372,1056.983,0,0,0,0
1378,69,Mujer,7.3,157,62.4,15,0,0,-0.443,10,164,-0.56,36,0,2.02,0.55,0.33,-0.443,-0.793,-0.56,0.57,0.04,-0.03,-0.62,-1.22,2615.52,4590.381,3530.583,3400.638,0,0,0,0
1379,90,Mujer,7.5,153,28.1,296,1,0,-0.594,163,154,-3.8,36,0,0.9,-0.85,-1.25,-0.594,-0.944,-3.8,-2.68,-3.2,-3.28,-4.09,-4.69,434.39,762.378,586.365,564.784,0,0,0,0
1380,57,Hombre,7.5,114,45,196,0,1,-0.156,168,111,-3.2,36,0,0.3,2.33,-0.92,0.194,-0.156,-4.33,-3.2,-3.73,-3.8,-3.44,-4.04,81.557,143.137,110.09,106.038,0,0,0,0
1381,59,Hombre,5.6,142,43,82,1,1,-0.396,55,138,-0.81,36,0,-0.86,-0.6,0.59,-0.046,-0.396,-1.94,-0.81,-1.34,-1.41,-1.41,-2.01,3846.23,6750.344,5191.867,5000.777,0,0,0,0
1382,76,Mujer,8.6,145,51,266,1,1,-0.649,139,143,-3.25,36,0,-0.3,0.35,-2.52,-0.299,-0.649,-4.38,-3.25,-3.78,-3.85,-4.23,-4.83,552.078,968.928,745.228,717.799,0,0,0,0
1383,76,Mujer,9.1,117,49.4,171,0,0,0.107,190,122,-1.81,36,0,-0.06,-0.12,-0.02,0.107,-0.243,-1.81,-0.68,-1.21,-1.28,-1.05,-1.65,1783.816,3130.695,2407.9,2319.276,0,0,0,0
1384,55,Mujer,7.8,131,58.7,179,1,1,-0.293,133,144,-1.83,36,0,-1.45,-0.24,-2.25,0.057,-0.293,-2.95,-1.83,-2.35,-2.43,-2.27,-2.87,1016.75,1784.451,1372.469,1321.954,0,0,0,0
1385,68,Mujer,5.5,112,68.4,54,0,0,-0.018,53,115,-2.47,36,0,0.32,0.89,-0.19,-0.018,-0.368,-2.47,-1.35,-1.87,-1.95,-1.9,-2.5,4955.862,8697.809,6689.714,6443.495,0,0,0,0
1386,60,Mujer,8.1,147,48.1,114,0,1,0.086,124,147,-1.03,36,0,-0.74,0.19,-0.82,0.436,0.086,-2.16,-1.03,-1.56,-1.63,-0.9,-1.5,2195.187,3852.673,2963.193,2854.131,0,0,0,0
1387,70,Hombre,6.9,144,44.1,61,0,0,0.23,77,152,-0.74,36,0,1.11,-0.67,-0.9,0.23,-0.12,-0.74,0.38,-0.14,-0.22,0.2,-0.4,1536.621,2696.853,2074.221,1997.878,0,0,0,0
1388,54,Hombre,7.7,114,56.8,45,0,0,-0.336,32,105,0.63,36,0,0.31,-0.93,-0.81,-0.336,-0.686,0.63,1.76,1.23,1.16,0.73,0.13,19635.802,34461.905,26505.56,25530.007,0,0,0,0
1389,68,Mujer,7.6,144,44,74,0,0,-0.352,52,146,-4.46,36,0,2.51,0.3,-0.45,-0.352,-0.702,-4.46,-3.33,-3.86,-3.93,-4.38,-4.98,963.323,1690.684,1300.35,1252.49,0,0,0,0
1390,82,Hombre,6.3,110,56.9,28,0,0,0.354,40,97,-1.14,36,0,0.5,-0.53,-0.98,0.354,0.004,-1.14,-0.02,-0.54,-0.62,-0.01,-0.61,575.206,1009.518,776.447,747.87,0,0,0,0
1391,51,Mujer,7.2,113,63.8,19,1,1,-1.27,5,113,3.03,36,0,-1.18,-1.8,0.62,-0.92,-1.27,1.91,3.03,2.51,2.43,1.13,0.53,4947.153,8682.525,6677.959,6432.172,0,0,0,0
1392,63,Hombre,8.8,133,29.3,248,0,1,-1.325,66,121,-0.55,36,0,0.75,-0.16,-0.25,-0.975,-1.325,-1.68,-0.55,-1.08,-1.15,-2.54,-3.14,145.808,255.9,196.82,189.576,0,0,0,0
1393,66,Mujer,8,139,45.1,49,0,1,0.276,65,137,-1.93,36,0,0.02,-0.47,-0.62,0.626,0.276,-3.05,-1.93,-2.45,-2.53,-1.51,-2.11,301.073,528.4,406.407,391.448,0,0,0,0
1394,76,Hombre,7.5,116,34,68,0,0,0.205,83,123,-0.07,36,0,-1.08,-1.11,-0.19,0.205,-0.145,-0.07,1.06,0.53,0.46,0.84,0.24,760.205,1334.201,1026.169,988.4,0,0,0,0
1395,58,Mujer,8.6,153,46.6,197,0,1,0.751,417,154,-5.21,36,0,-0.5,0.87,-0.71,1.101,0.751,-6.34,-5.21,-5.74,-5.81,-4.09,-4.69,42.356,74.337,57.175,55.07,0,0,0,0
1396,43,Hombre,8,116,52.4,81,1,1,0.233,102,109,-2.04,36,0,0.32,1.3,-2.05,0.583,0.233,-3.16,-2.04,-2.56,-2.64,-1.69,-2.29,78.951,138.564,106.573,102.651,0,0,0,0
1397,77,Mujer,8.1,112,55.3,34,1,1,0.127,39,100,-0.83,36,0,-0.13,-0.42,0.01,0.477,0.127,-1.95,-0.83,-1.35,-1.43,-0.64,-1.24,108.445,190.326,146.385,140.997,0,0,0,0
1398,82,Mujer,8.8,130,25.8,41,1,0,0.373,60,128,-2.21,36,0,-0.34,-0.97,0.03,0.373,0.023,-2.21,-1.09,-1.61,-1.69,-1.05,-1.65,274.416,481.616,370.423,356.79,0,0,0,0
1399,75,Mujer,7.7,121,36.3,82,1,0,-0.05,78,121,-1.65,36,0,-0.48,-0.31,0.05,-0.05,-0.4,-1.65,-0.53,-1.05,-1.13,-1.13,-1.73,314.854,552.587,425.009,409.366,0,0,0,0
1400,57,Hombre,8,134,56.1,138,0,0,-0.938,54,123,-2.13,36,0,-0.84,0.08,-0.76,-0.938,-1.288,-2.13,-1.01,-1.53,-1.61,-2.94,-3.54,307.899,540.379,415.62,400.322,0,0,0,0
1401,59,Hombre,8.4,110,42.4,47,0,1,0.223,59,103,-1.69,36,0,0.99,0.41,-0.27,0.573,0.223,-2.82,-1.69,-2.22,-2.29,-1.36,-1.96,2626.178,4609.087,3544.97,3414.495,0,0,0,0
1402,75,Mujer,8.7,138,23.5,200,0,0,-0.031,194,131,-4.67,13.44,1,1.71,-0.69,0.7,-0.031,-0.381,-4.67,-3.55,-4.07,-4.15,-4.12,-4.72,13.442,23.592,18.145,17.477,1,1,1,1
1403,66,Mujer,8.8,135,33.2,71,0,0,0.298,96,124,-3.29,36,0,-1.31,1.45,0.35,0.298,-0.052,-3.29,-2.17,-2.69,-2.77,-2.25,-2.85,57.46,100.845,77.562,74.708,0,0,0,0
1404,65,Hombre,9.7,110,43.3,52,1,0,0.362,75,112,-4.34,30.24,1,0.17,1.56,-0.82,0.362,0.012,-4.34,-3.21,-3.74,-3.81,-3.19,-3.79,30.24,53.073,40.82,39.317,1,0,0,0
1405,74,Mujer,8.6,131,33.6,268,0,1,0.05,282,131,-3.28,36,0,0.03,0.61,0,0.4,0.05,-4.4,-3.28,-3.8,-3.88,-3.2,-3.8,223.427,392.126,301.594,290.494,0,0,0,0
1406,48,Hombre,8.3,124,40.9,92,0,1,-0.97,35,123,-0.54,36,0,-0.2,-0.73,-0.3,-0.62,-0.97,-1.67,-0.54,-1.07,-1.14,-2,-2.6,2790.46,4897.409,3766.726,3628.09,0,0,0,0
1407,80,Hombre,8.3,128,41.4,253,0,0,-1.189,77,127,-1.26,36,0,0.89,0.19,1.19,-1.189,-1.539,-1.26,-0.14,-0.66,-0.74,-2.45,-3.05,601.27,1055.262,811.63,781.757,0,0,0,0
1408,57,Hombre,6.1,143,27.4,34,0,1,-0.184,28,142,-1.37,36,0,-1.1,-0.63,0.57,0.166,-0.184,-2.49,-1.37,-1.89,-1.97,-1.64,-2.24,833.613,1463.036,1125.259,1083.844,0,0,0,0
1409,76,Hombre,8.9,148,33,1100,1,1,0.11,1228,136,-5.63,0.12,1,1.02,0.39,1.03,0.46,0.11,-6.75,-5.63,-6.15,-6.23,-5.46,-6.06,0.07,0.122,0.094,0.091,1,1,1,1
1410,52,Mujer,7.7,139,48,78,0,1,-0.007,77,151,-3.06,36,0,-0.57,1.95,-0.29,0.343,-0.007,-4.18,-3.06,-3.58,-3.66,-3.07,-3.67,602.873,1058.075,813.793,783.841,0,0,0,0
1411,58,Mujer,6.6,131,49.6,84,0,0,1.246,292,135,-1.71,36,0,0.01,0.19,0.21,1.246,0.896,-1.71,-0.59,-1.11,-1.19,0.76,0.16,432.835,759.649,584.266,562.762,0,0,0,0
1412,89,Hombre,7,153,37.7,473,1,0,0.245,604,155,-4,36,0,1.83,0.11,-0.75,0.245,-0.105,-4,-2.87,-3.4,-3.47,-3.03,-3.63,118.576,208.108,160.061,154.17,0,0,0,0
1413,44,Mujer,7.6,110,48.3,32,0,0,-0.073,30,111,2.7,36,0,-1.01,-1.32,-0.9,-0.073,-0.423,2.7,3.83,3.3,3.23,3.19,2.59,2465.98,4327.93,3328.725,3206.209,0,0,0,0
1414,62,Hombre,7.3,141,36.3,22,0,0,0.073,24,149,-4.54,36,0,-1.78,0.38,-0.54,0.073,-0.277,-4.54,-3.42,-3.94,-4.02,-3.83,-4.43,2735.23,4800.478,3692.174,3556.282,0,0,0,0
1415,71,Hombre,6.7,124,48.8,225,1,1,-0.312,165,117,-1.06,36,0,-0.15,-0.77,-1.15,0.038,-0.312,-2.19,-1.06,-1.59,-1.66,-1.53,-2.13,1337.871,2348.036,1805.936,1739.468,0,0,0,0
1416,45,Hombre,7.4,127,58,60,0,1,-0.419,39,131,0.53,36,0,-1.78,-0.31,1.08,-0.069,-0.419,-0.59,0.53,0.01,-0.07,-0.09,-0.69,2979.019,5228.341,4021.255,3873.25,0,0,0,0
1417,69,Hombre,6.3,138,38.8,274,0,0,-0.141,238,138,-0.41,36,0,-0.52,-2.41,-0.91,-0.141,-0.491,-0.41,0.71,0.19,0.11,-0.03,-0.63,980.212,1720.325,1323.147,1274.448,0,0,0,0
1418,82,Mujer,7.8,119,48.6,26,0,0,0.762,56,130,-5.62,36,0,1.12,1.13,-0.77,0.762,0.412,-5.62,-4.49,-5.02,-5.09,-3.87,-4.47,667.231,1171.026,900.667,867.518,0,0,0,0
1419,60,Mujer,7.7,128,47.6,152,0,0,-0.254,118,132,-0.76,36,0,-0.73,-0.07,0.75,-0.254,-0.604,-0.76,0.37,-0.16,-0.23,-0.54,-1.14,4616.921,8102.948,6232.191,6002.811,0,0,0,0
1420,72,Mujer,8.4,133,46.5,134,0,1,-0.464,84,129,-1.55,36,0,0.06,0.38,-0.69,-0.114,-0.464,-2.68,-1.55,-2.08,-2.15,-2.25,-2.85,397.78,698.125,536.947,517.184,0,0,0,0
1421,72,Mujer,8.2,135,46.3,22,0,0,0.537,38,134,-1.06,36,0,-1.31,-0.27,-0.82,0.537,0.187,-1.06,0.07,-0.46,-0.53,0.35,-0.25,1008.352,1769.714,1361.133,1311.036,0,0,0,0
1422,90,Hombre,6.9,133,53.8,137,0,0,0.45,215,134,-4.16,36,0,1.16,0.12,-1.23,0.45,0.1,-4.16,-3.04,-3.56,-3.64,-2.89,-3.49,1164.533,2043.819,1571.955,1514.098,0,0,0,0
1423,65,Mujer,12,131,21,768,1,1,0.111,858,128,-2.74,31.04,1,0.06,-0.02,0.38,0.461,0.111,-3.87,-2.74,-3.27,-3.34,-2.58,-3.18,17.687,31.042,23.875,22.996,1,1,1,1
1424,71,Hombre,8.2,143,35.5,1274,1,1,-0.733,612,149,-2.88,36,0,-0.99,0.65,-0.25,-0.383,-0.733,-4,-2.88,-3.4,-3.48,-3.98,-4.58,33.625,59.013,45.389,43.718,1,0,0,0
1425,57,Mujer,9.4,146,57,310,0,1,-0.218,249,140,-3.24,36,0,-0.08,0.97,0.26,0.132,-0.218,-4.36,-3.24,-3.76,-3.84,-3.57,-4.17,2052.71,3602.618,2770.868,2668.885,0,0,0,0
1426,84,Mujer,5.9,145,32,821,0,1,-0.05,781,140,-5.91,36,0,2.3,0.08,0.17,0.3,-0.05,-7.03,-5.91,-6.43,-6.51,-5.98,-6.58,163.333,286.659,220.477,212.362,0,0,0,0
1427,61,Mujer,7.3,140,57.5,362,0,1,-0.762,169,137,0.08,36,0,-1.19,-1.68,0.05,-0.412,-0.762,-1.04,0.08,-0.44,-0.52,-1.06,-1.66,106.671,187.214,143.991,138.692,0,0,0,0
1428,71,Hombre,6.4,144,44.9,95,0,0,-0.546,55,141,0.07,36,0,-1.09,-1.57,0.02,-0.546,-0.896,0.07,1.2,0.67,0.6,-0.14,-0.74,453.381,795.709,612,589.475,0,0,0,0
1429,56,Hombre,7.1,123,53,210,0,1,-1.061,73,102,0.67,36,0,1.54,-0.31,-0.98,-0.711,-1.061,-0.45,0.67,0.15,0.07,-0.92,-1.52,1370.852,2405.919,1850.456,1782.349,0,0,0,0
1430,69,Hombre,8.9,126,31.9,216,1,1,0.287,288,112,-2.88,36,0,1.76,0.21,-0.19,0.637,0.287,-4.01,-2.88,-3.41,-3.48,-2.45,-3.05,92.819,162.902,125.292,120.681,0,0,0,0
1431,78,Hombre,8.2,138,50.2,150,1,1,-1.029,54,122,-1.38,36,0,0.15,-0.43,-0.47,-0.679,-1.029,-2.5,-1.38,-1.9,-1.98,-2.92,-3.52,1268.265,2225.874,1711.978,1648.968,0,0,0,0
1432,60,Hombre,6.7,132,50.4,169,0,1,-0.88,70,111,-1.27,36,0,1.21,0.29,-0.03,-0.53,-0.88,-2.39,-1.27,-1.79,-1.87,-2.59,-3.19,1379.42,2420.958,1862.022,1793.489,0,0,0,0
1433,74,Hombre,8.4,155,41.4,625,0,0,-0.131,548,145,-5.07,36,0,1.63,0.44,-2.13,-0.131,-0.481,-5.07,-3.95,-4.47,-4.55,-4.67,-5.27,518.683,910.316,700.148,674.379,0,0,0,0
1434,62,Mujer,6,133,43.3,201,1,1,0.096,221,116,-1.83,36,0,-0.42,-0.09,0.75,0.446,0.096,-2.96,-1.83,-2.36,-2.43,-1.69,-2.29,375.969,659.847,507.505,488.826,0,0,0,0
1435,68,Mujer,9.5,138,45.8,98,1,0,-0.561,56,136,-2.43,36,0,1.25,1.85,0.5,-0.561,-0.911,-2.43,-1.3,-1.83,-1.9,-2.67,-3.27,226.912,398.243,306.299,295.026,0,0,0,0
1436,64,Hombre,8.2,163,48,721,0,1,-0.461,455,144,-2.69,36,0,2.37,-0,2.46,-0.111,-0.461,-3.82,-2.69,-3.22,-3.29,-3.39,-3.99,255.267,448.007,344.574,331.892,0,0,0,0
1437,59,Mujer,8.6,124,42.4,15,0,0,-0.071,14,129,0.04,36,0,-0.36,-0.96,0.52,-0.071,-0.421,0.04,1.17,0.64,0.57,0.54,-0.06,1391.004,2441.288,1877.659,1808.55,0,0,0,0
1438,77,Mujer,9.5,130,34.6,82,0,1,-0.75,39,125,-2.6,36,0,0.66,0.17,0.25,-0.4,-0.75,-3.73,-2.6,-3.13,-3.2,-3.73,-4.33,1952.66,3427.025,2635.815,2538.803,0,0,0,0
1439,61,Hombre,9.5,122,42,467,1,1,-0.182,389,123,-3.91,36,0,-0.55,0.8,0.49,0.168,-0.182,-5.03,-3.91,-4.43,-4.51,-4.18,-4.78,323.558,567.862,436.758,420.683,0,0,0,0
1440,57,Mujer,7.8,104,52.1,94,0,0,-0.381,64,105,0.16,36,0,0.9,-1.38,0,-0.381,-0.731,0.16,1.28,0.76,0.68,0.18,-0.42,425.878,747.439,574.875,553.716,0,0,0,0
1441,67,Mujer,8,156,38.4,547,0,0,0.428,840,155,-4.83,36,0,1.57,1.69,-0.15,0.428,0.078,-4.83,-3.71,-4.23,-4.31,-3.59,-4.19,65.183,114.399,87.988,84.749,0,0,0,0
1442,66,Mujer,6.6,128,44.9,343,0,1,-1.143,109,134,1.45,36,0,0.29,-1.17,1.72,-0.793,-1.143,0.33,1.45,0.93,0.85,-0.26,-0.86,855.113,1500.77,1154.282,1111.798,0,0,0,0
1443,73,Mujer,6.4,139,33.8,456,0,0,0.006,459,148,-5.39,36,0,-0.82,1.93,-0.4,0.006,-0.344,-5.39,-4.26,-4.79,-4.86,-4.78,-5.38,138.952,243.869,187.566,180.663,0,0,0,0
1444,66,Mujer,8.9,161,43.5,24,0,0,-0.088,22,161,-2.05,36,0,-1.03,0.29,-0.95,-0.088,-0.438,-2.05,-0.93,-1.45,-1.53,-1.58,-2.18,655.715,1150.816,885.123,852.545,0,0,0,0
1445,85,Mujer,7.6,152,47.6,51,1,0,1.373,201,158,-6.86,36,0,-0.01,1.28,2.15,1.373,1.023,-6.86,-5.73,-6.26,-6.33,-4.2,-4.8,55.682,97.725,75.163,72.397,0,0,0,0
1446,61,Mujer,8.3,120,41.6,375,0,0,-0.524,222,130,-3.23,36,0,-1.04,0.09,-1.21,-0.524,-0.874,-3.23,-2.11,-2.63,-2.71,-3.42,-4.02,865.414,1518.848,1168.186,1125.19,0,0,0,0
1447,56,Mujer,8.8,148,32.9,66,0,0,-0.004,66,148,-2.93,36,0,-0.52,0.61,1.68,-0.004,-0.354,-2.93,-1.81,-2.33,-2.41,-2.34,-2.94,282.117,495.13,380.818,366.801,0,0,0,0
1448,90,Mujer,9,122,38.7,195,0,1,-0.477,121,119,-2.21,36,0,0.06,-0.74,0.08,-0.127,-0.477,-3.34,-2.21,-2.74,-2.81,-2.93,-3.53,1046.373,1836.441,1412.456,1360.469,0,0,0,0
1449,64,Mujer,5.5,136,57.7,303,0,0,-0.14,264,135,-3.62,36,0,0.62,0.5,-0.45,-0.14,-0.49,-3.62,-2.5,-3.02,-3.1,-3.23,-3.83,1022.056,1793.764,1379.631,1328.853,0,0,0,0
1450,64,Mujer,6.7,98,44.2,92,0,1,-1.824,15,102,3.41,36,0,-1.43,-0.73,-0.13,-1.474,-1.824,2.29,3.41,2.89,2.81,0.68,0.08,10792.829,18942.005,14568.796,14032.583,0,0,0,0
1451,44,Mujer,8.1,147,65.2,18,0,0,1.358,70,143,-3.29,36,0,-0.33,-0.61,-0.32,1.358,1.008,-3.29,-2.16,-2.69,-2.76,-0.65,-1.25,41.129,72.183,55.518,53.475,0,0,0,0
1452,57,Hombre,8.1,135,48.1,225,0,1,0.427,345,135,-0.12,36,0,0.71,-1.54,-1.9,0.777,0.427,-1.24,-0.12,-0.64,-0.72,0.52,-0.08,64.127,112.546,86.562,83.376,0,0,0,0
1453,73,Mujer,7.6,153,21.1,63,0,0,-0.722,31,158,-3.25,36,0,-0.85,-0.21,0.17,-0.722,-1.072,-3.25,-2.12,-2.65,-2.72,-3.73,-4.33,166.368,291.985,224.573,216.308,0,0,0,0
1454,74,Mujer,8.6,137,50,257,0,1,-0.705,127,122,0.17,36,0,0.44,-0.66,0.3,-0.355,-0.705,-0.96,0.17,-0.36,-0.43,-0.89,-1.49,1184.137,2078.226,1598.418,1539.588,0,0,0,0
1455,47,Hombre,7.1,95,43.9,73,0,0,0.068,78,96,0.81,36,0,-0.31,-0.2,-0.97,0.068,-0.282,0.81,1.94,1.41,1.34,1.52,0.92,6509.915,11425.256,8787.466,8464.038,0,0,0,0
1456,64,Hombre,6.8,137,33.3,134,1,0,-0.354,94,157,-5.53,36,0,-0.32,1.14,-2.06,-0.354,-0.704,-5.53,-4.41,-4.93,-5.01,-5.46,-6.06,100.26,175.962,135.337,130.356,0,0,0,0
1457,68,Mujer,6.5,123,49.1,128,0,1,0.083,139,141,-2.62,36,0,-0.45,0.56,-0.27,0.433,0.083,-3.75,-2.62,-3.15,-3.22,-2.5,-3.1,307.448,539.588,415.012,399.737,0,0,0,0
1458,57,Mujer,6.5,104,44.6,70,0,0,0.387,103,89,-2.82,36,0,0.55,0.83,-2.81,0.387,0.037,-2.82,-1.69,-2.22,-2.29,-1.64,-2.24,786.53,1380.403,1061.704,1022.627,0,0,0,0
1459,85,Mujer,10,110,35.3,145,0,0,0.219,181,113,-1.03,36,0,0.87,-0.25,0.75,0.219,-0.131,-1.03,0.09,-0.43,-0.51,-0.1,-0.7,77.704,136.375,104.89,101.029,0,0,0,0
1460,77,Hombre,7.6,156,32,491,0,1,-0.235,388,158,-0.5,15.01,1,1.11,-0.7,-0.86,0.115,-0.235,-1.62,-0.5,-1.02,-1.1,-0.85,-1.45,8.555,15.014,11.548,11.123,1,1,1,1
1461,56,Mujer,9.6,113,58.3,130,0,1,-0.12,115,108,1.68,36,0,-1.71,-2.19,0.57,0.23,-0.12,0.55,1.68,1.15,1.08,1.5,0.9,2013.38,3533.592,2717.779,2617.749,0,0,0,0
1462,56,Hombre,5.5,134,38.9,35,0,0,0.229,44,141,-1.42,36,0,-1.29,-0.3,1.2,0.229,-0.121,-1.42,-0.3,-0.82,-0.9,-0.48,-1.08,1423.597,2498.491,1921.655,1850.928,0,0,0,0
1463,52,Mujer,7.4,142,47.2,26,0,0,-0.101,23,123,-1.69,36,0,-0.4,-0.7,0.03,-0.101,-0.451,-1.69,-0.57,-1.09,-1.17,-1.24,-1.84,5031.948,8831.344,6792.42,6542.421,0,0,0,0
1464,61,Hombre,9.6,95,53.1,63,0,1,-0.02,62,84,-2.46,36,0,-0.89,0.95,-0.88,0.33,-0.02,-3.58,-2.46,-2.98,-3.06,-2.49,-3.09,1166.617,2047.477,1574.769,1516.809,0,0,0,0
1465,74,Mujer,10,151,37.5,66,1,1,0.375,96,144,-1.09,36,0,1.11,-1.14,-0.11,0.725,0.375,-2.22,-1.09,-1.62,-1.69,-0.53,-1.13,253.14,444.275,341.704,329.127,0,0,0,0
1466,61,Mujer,8.3,130,43.4,220,1,0,0.393,326,134,-2.01,36,0,0.2,-0.06,-0.32,0.393,0.043,-2.01,-0.89,-1.41,-1.49,-0.82,-1.42,108.839,191.019,146.917,141.51,0,0,0,0
1467,69,Hombre,7.1,149,44.3,352,1,0,0.374,512,145,-6.87,36,0,-0.18,1.28,-0.08,0.374,0.024,-6.87,-5.75,-6.27,-6.35,-5.71,-6.31,116.45,204.376,157.191,151.406,0,0,0,0
1468,62,Hombre,8,125,45.8,50,0,0,-0.542,29,125,-0.11,36,0,-0.43,-0.44,0.92,-0.542,-0.892,-0.11,1.01,0.49,0.41,-0.32,-0.92,625.894,1098.478,844.869,813.773,0,0,0,0
1469,58,Mujer,6.8,127,33.1,489,0,1,-1.013,178,111,-0.83,36,0,-0.32,-0.37,-2.37,-0.663,-1.013,-1.96,-0.83,-1.36,-1.43,-2.35,-2.95,222.898,391.199,300.881,289.807,0,0,0,0
1470,73,Hombre,9.6,167,49,3196,0,1,0.049,3357,164,-4.4,36,0,-0,1.61,-1.41,0.399,0.049,-5.52,-4.4,-4.92,-5,-4.32,-4.92,48.457,85.045,65.41,63.003,0,0,0,0
1471,78,Mujer,8,142,45.2,66,1,0,-0.115,59,147,-5.18,14.31,1,0.43,1.16,0.47,-0.115,-0.465,-5.18,-4.05,-4.58,-4.65,-4.75,-5.35,14.313,25.12,19.32,18.609,1,1,1,1
1472,54,Hombre,8.3,123,34.6,26,1,0,0.799,58,117,-1.89,36,0,0.24,-0.2,0.4,0.799,0.449,-1.89,-0.77,-1.29,-1.37,-0.1,-0.7,448.219,786.649,605.033,582.764,0,0,0,0
1473,54,Hombre,7.8,113,70.3,37,0,1,-1.181,11,104,2.45,36,0,-0.84,-1.01,-0.48,-0.831,-1.181,1.33,2.45,1.93,1.85,0.68,0.08,7675.012,13470.065,10360.182,9978.87,0,0,0,0
1474,69,Hombre,6.9,126,54.7,55,0,0,-0.626,29,138,0.27,36,0,1.57,-1.41,-0.13,-0.626,-0.976,0.27,1.39,0.87,0.79,-0.07,-0.67,8577.894,15054.672,11578.946,11152.776,0,0,0,0
1475,63,Hombre,8.9,141,47.1,245,1,1,-0.481,151,149,-1.23,36,0,-0.79,-1.19,0.52,-0.131,-0.481,-2.36,-1.23,-1.76,-1.83,-1.95,-2.55,285.44,500.962,385.303,371.122,0,0,0,0
1476,69,Hombre,7,158,33.5,85,0,1,-0.717,41,165,1.35,36,0,0.73,-0.4,-0.14,-0.367,-0.717,0.22,1.35,0.82,0.75,0.27,-0.33,1714.204,3008.521,2313.933,2228.767,0,0,0,0
1477,60,Mujer,8.2,120,49.6,42,1,0,-0.522,25,114,-0.73,36,0,2.26,-1.7,0.2,-0.522,-0.872,-0.73,0.39,-0.13,-0.21,-0.91,-1.51,1095.598,1922.835,1478.903,1424.471,0,0,0,0
1478,73,Hombre,8.1,129,42,140,0,0,0.355,200,112,-3.07,36,0,1.85,-0.59,1.89,0.355,0.005,-3.07,-1.95,-2.47,-2.55,-1.94,-2.54,144.593,253.769,195.18,187.997,0,0,0,0
1479,72,Hombre,8.4,151,35.3,316,0,1,-0.494,193,142,-1.25,36,0,0.24,-0.61,1.3,-0.144,-0.494,-2.38,-1.25,-1.78,-1.85,-1.99,-2.59,57.742,101.34,77.943,75.075,0,0,0,0
1480,86,Mujer,8.8,142,30.1,143,0,0,0.06,152,147,-3.65,33.44,1,-0.12,-1.52,-0.67,0.06,-0.29,-3.65,-2.53,-3.05,-3.13,-2.96,-3.56,33.44,58.689,45.139,43.478,1,0,0,0
1481,54,Hombre,7.4,143,50.8,55,1,0,0.152,64,156,-2.07,36,0,-0.21,0.16,0.69,0.152,-0.198,-2.07,-0.95,-1.47,-1.55,-1.24,-1.84,1219.535,2140.35,1646.2,1585.61,0,0,0,0
1482,66,Hombre,9.8,162,40.8,1144,0,1,-0.4,766,155,-3.78,36,0,-0.1,-0.52,-0.9,-0.05,-0.4,-4.9,-3.78,-4.3,-4.38,-4.38,-4.98,299.638,525.881,404.469,389.582,0,0,0,0
1483,57,Mujer,8.5,124,39,45,1,0,0.295,60,115,-4.11,36,0,-0,0.75,0.37,0.295,-0.055,-4.11,-2.99,-3.51,-3.59,-3.07,-3.67,370.312,649.918,499.869,481.471,0,0,0,0
1484,56,Mujer,6.8,134,46,44,0,1,-0.207,36,120,0.78,36,0,-1.78,-1.97,1.09,0.143,-0.207,-0.34,0.78,0.26,0.18,0.47,-0.13,1639.664,2877.701,2213.315,2131.853,0,0,0,0
1485,66,Mujer,5.6,146,50,137,0,1,-0.457,87,132,0.71,36,0,2.21,-0.16,0.82,-0.107,-0.457,-0.42,0.71,0.18,0.11,0.02,-0.58,765.266,1343.083,1033.001,994.981,0,0,0,0
1486,69,Mujer,8.2,124,45.3,140,0,0,0.401,209,123,-2.95,36,0,-0.86,0.09,0.86,0.401,0.051,-2.95,-1.83,-2.35,-2.43,-1.75,-2.35,287.267,504.169,387.769,373.497,0,0,0,0
1487,69,Hombre,8.7,146,48,20,1,0,0.098,22,145,-3.1,36,0,0.7,-0.01,0.06,0.098,-0.252,-3.1,-1.97,-2.5,-2.57,-2.35,-2.95,515.176,904.163,695.415,669.82,0,0,0,0
1488,62,Hombre,8.8,141,52.3,199,0,0,-0.313,146,142,-1.04,36,0,-0.38,0.16,1.35,-0.313,-0.663,-1.04,0.09,-0.44,-0.51,-0.91,-1.51,2266.301,3977.481,3059.186,2946.591,0,0,0,0
1489,63,Mujer,7.1,160,42.6,148,0,0,0.444,231,161,-3.58,36,0,0.16,0.32,-0.97,0.444,0.094,-3.58,-2.45,-2.98,-3.05,-2.31,-2.91,251.88,442.064,340.003,327.489,0,0,0,0
1490,73,Mujer,7.6,117,47.7,488,0,1,-0.515,292,107,-1.08,36,0,-2.43,0.15,-0.49,-0.165,-0.515,-2.21,-1.08,-1.61,-1.68,-1.86,-2.46,342.091,600.389,461.775,444.779,0,0,0,0
1491,51,Hombre,8.9,155,56.1,1398,0,1,-0.336,999,152,-2.57,36,0,-0.24,0.73,0.71,0.014,-0.336,-3.69,-2.57,-3.09,-3.17,-3.07,-3.67,36.255,63.629,48.939,47.138,0,0,0,0
1492,61,Mujer,6,143,44.2,244,0,1,-0.165,207,124,-1.96,36,0,0.18,-0.65,-0.98,0.185,-0.165,-3.08,-1.96,-2.48,-2.56,-2.2,-2.8,647.624,1136.615,874.2,842.025,0,0,0,0
1493,58,Hombre,6.9,152,42.6,147,0,0,0.173,175,148,-3.65,36,0,-0.57,0.72,-2.17,0.173,-0.177,-3.65,-2.53,-3.05,-3.13,-2.79,-3.39,42.032,73.769,56.738,54.65,0,0,0,0
1494,59,Hombre,8.2,111,50.9,256,0,0,-0.3,190,122,-0.05,36,0,-1.29,-1.38,-0.96,-0.3,-0.65,-0.05,1.08,0.55,0.48,0.1,-0.5,1218.582,2138.677,1644.913,1584.371,0,0,0,0
1495,49,Mujer,6.5,113,60.5,20,0,0,-0.292,15,109,1.01,36,0,-0.36,0.31,-0.83,-0.292,-0.642,1.01,2.13,1.61,1.53,1.17,0.57,691.128,1212.968,932.926,898.589,0,0,0,0
1496,70,Mujer,7.7,145,39.8,70,0,0,-0.007,70,152,-3.33,36,0,0.88,0.89,-0.42,-0.007,-0.357,-3.33,-2.2,-2.73,-2.8,-2.74,-3.34,203.653,357.421,274.902,264.784,0,0,0,0
1497,56,Mujer,8.6,135,52.3,50,0,0,1.308,185,140,-2.41,5.67,1,-1.16,0.39,2.58,1.308,0.958,-2.41,-1.28,-1.81,-1.88,0.16,-0.44,5.672,9.955,7.656,7.375,1,1,1,1
1498,62,Hombre,7.4,134,25.3,171,0,0,0.437,265,132,-2.31,36,0,0.27,-0.5,-2.23,0.437,0.087,-2.31,-1.19,-1.71,-1.79,-1.06,-1.66,441.821,775.42,596.396,574.445,0,0,0,0
1499,65,Hombre,6.8,142,49.9,82,1,0,0.18,98,142,-6.4,36,0,1.11,2.68,0.23,0.18,-0.17,-6.4,-5.27,-5.8,-5.87,-5.52,-6.12,402.026,705.578,542.679,522.705,0,0,0,0
1500,55,Hombre,6.4,122,40.4,174,0,1,-1.711,31,104,3.02,36,0,0.41,-2.24,0.13,-1.361,-1.711,1.9,3.02,2.5,2.42,0.46,-0.14,7740.029,13584.175,10447.947,10063.404,0,0,0,0
1501,57,Mujer,8,171,22.7,126,0,0,-0.007,125,168,-1.63,36,0,1,-1.42,-0.15,-0.007,-0.357,-1.63,-0.51,-1.03,-1.11,-1.04,-1.64,899.419,1578.53,1214.089,1169.404,0,0,0,0
1502,78,Mujer,8.2,139,54.9,118,0,0,0.749,250,145,-4.09,36,0,-0.01,1.09,1.13,0.749,0.399,-4.09,-2.96,-3.49,-3.56,-2.37,-2.97,171.821,301.555,231.934,223.398,0,0,0,0
1503,54,Hombre,7.1,159,38.7,101,1,0,0.199,123,164,-3.99,36,0,-0.74,0.31,0.42,0.199,-0.151,-3.99,-2.86,-3.39,-3.46,-3.09,-3.69,170.33,298.939,229.922,221.459,0,0,0,0
1504,60,Mujer,8.3,147,52,90,0,0,-0.178,75,142,-1.41,36,0,-1.63,-1.13,1.95,-0.178,-0.528,-1.41,-0.29,-0.81,-0.89,-1.08,-1.68,1116.725,1959.914,1507.421,1451.94,0,0,0,0
1505,55,Mujer,8,123,47.6,99,0,1,0.106,110,114,-1.42,36,0,0.4,-0.19,0.26,0.456,0.106,-2.54,-1.42,-1.94,-2.02,-1.26,-1.86,412.695,724.302,557.08,536.576,0,0,0,0
1506,68,Mujer,9.3,120,34.1,457,0,1,-0.251,356,116,-2.04,36,0,0.11,0.7,-0.02,0.099,-0.251,-3.16,-2.04,-2.56,-2.64,-2.42,-3.02,288.789,506.841,389.824,375.477,0,0,0,0
1507,71,Mujer,8.6,147,41.5,227,1,0,0.102,251,130,-4.43,36,0,0.19,-0.87,2.13,0.102,-0.248,-4.43,-3.3,-3.83,-3.9,-3.67,-4.27,1473.021,2585.232,1988.37,1915.187,0,0,0,0
1508,62,Hombre,6.3,137,45.1,157,0,0,0.969,414,145,-4.44,36,0,-0.24,0.48,0.4,0.969,0.619,-4.44,-3.32,-3.84,-3.92,-2.39,-2.99,423.26,742.845,571.342,550.313,0,0,0,0
1509,60,Hombre,6.5,172,40.3,204,0,0,0.54,350,190,-4.6,36,0,0.57,0.61,0.01,0.54,0.19,-4.6,-3.47,-4,-4.07,-3.19,-3.79,139.797,245.351,188.706,181.761,0,0,0,0
1510,82,Mujer,7.9,122,44.2,119,0,0,0.602,217,120,-5.5,2.55,1,1.83,-0.18,-0,0.602,0.252,-5.5,-4.38,-4.9,-4.98,-4,-4.6,2.553,4.48,3.446,3.319,1,1,1,1
1511,57,Mujer,7.9,122,49.4,35,1,1,0.312,48,123,-0.14,36,0,-1.15,-1.98,0.56,0.662,0.312,-1.27,-0.14,-0.67,-0.74,0.33,-0.27,655.57,1150.562,884.927,852.357,0,0,0,0
1512,57,Hombre,9.3,128,52.9,196,1,1,-0.215,158,136,-3.45,8.43,1,-1.22,-0.04,-1.07,0.135,-0.215,-4.57,-3.45,-3.97,-4.05,-3.77,-4.37,4.801,8.425,6.48,6.242,1,1,1,1
1513,59,Hombre,6.7,149,55.4,130,0,0,0.016,132,144,-2.72,36,0,0.07,1.03,0.25,0.016,-0.334,-2.72,-1.59,-2.12,-2.19,-2.1,-2.7,1173.859,2060.186,1584.543,1526.223,0,0,0,0
1514,71,Hombre,7.6,131,38.6,18,0,0,-0.27,14,129,-0.54,36,0,1.55,-1.13,0.34,-0.27,-0.62,-0.54,0.58,0.06,-0.02,-0.35,-0.95,1139.136,1999.246,1537.673,1481.078,0,0,0,0
1515,48,Mujer,8,127,53.3,47,0,1,-0.488,29,123,0.38,36,0,0.69,-0.81,-0.85,-0.138,-0.488,-0.75,0.38,-0.15,-0.22,-0.35,-0.95,6843.831,12011.298,9238.206,8898.188,0,0,0,0
1516,85,Hombre,7.9,139,44.1,458,1,0,0.003,460,154,-4.43,36,0,0.39,0.85,-2.4,0.003,-0.347,-4.43,-3.31,-3.83,-3.91,-3.83,-4.43,755.903,1326.652,1020.363,982.808,0,0,0,0
1517,61,Hombre,8.7,143,34.3,169,1,0,-0.637,89,134,0.17,36,0,1.13,-2.28,-0.78,-0.637,-0.987,0.17,1.29,0.77,0.69,-0.19,-0.79,415.096,728.516,560.321,539.698,0,0,0,0
1518,57,Mujer,8.1,146,34.3,314,0,1,-0.409,209,120,-1.25,36,0,-0.03,-0.03,-0.37,-0.059,-0.409,-2.37,-1.25,-1.77,-1.85,-1.86,-2.46,191.937,336.86,259.088,249.552,0,0,0,0
1519,62,Hombre,6.1,104,65.7,128,0,1,-0.056,121,104,1.84,36,0,-0.09,-1.54,0.96,0.294,-0.056,0.71,1.84,1.31,1.24,1.75,1.15,4447.871,7806.256,6003.998,5783.017,0,0,0,0
1520,59,Mujer,9,104,47.1,232,0,1,-0.074,215,103,-1.4,36,0,1.38,-0.36,-2.27,0.276,-0.074,-2.53,-1.4,-1.93,-2,-1.51,-2.11,133.404,234.132,180.077,173.449,0,0,0,0
1521,73,Hombre,5.9,153,43.9,36,0,1,-0.303,27,151,-1.46,36,0,-0.78,-1.53,1.73,0.047,-0.303,-2.58,-1.46,-1.98,-2.06,-1.91,-2.51,846.103,1484.958,1142.12,1100.084,0,0,0,0
1522,75,Mujer,7.9,130,50.5,276,1,1,-0.438,178,130,-1.17,36,0,2.34,-0.66,-0.22,-0.088,-0.438,-2.3,-1.17,-1.7,-1.77,-1.83,-2.43,1564.578,2745.921,2111.96,2034.228,0,0,0,0
1523,70,Hombre,6.5,134,50.1,57,1,0,-0.141,49,135,-2.35,36,0,-0.75,-0.83,-0.29,-0.141,-0.491,-2.35,-1.22,-1.75,-1.82,-1.96,-2.56,4105.988,7206.234,5542.504,5338.509,0,0,0,0
1524,70,Hombre,8.8,164,52.9,90,1,1,0.685,179,150,-3.7,36,0,0.62,-0.58,-0.32,1.035,0.685,-4.82,-3.7,-4.22,-4.3,-2.67,-3.27,215.749,378.652,291.231,280.512,0,0,0,0
1525,66,Hombre,7.9,149,49.9,160,0,1,-0.37,110,149,-2.2,36,0,-0.35,-0.3,0.04,-0.02,-0.37,-3.33,-2.2,-2.73,-2.8,-2.76,-3.36,261.794,459.462,353.385,340.378,0,0,0,0
1526,81,Hombre,8.4,139,39,331,0,0,-0.154,284,128,-0.69,36,0,0.1,-1.4,1.04,-0.154,-0.504,-0.69,0.44,-0.09,-0.16,-0.32,-0.92,2954.247,5184.865,3987.816,3841.042,0,0,0,0
1527,62,Hombre,5.5,119,48.3,152,0,0,-0.487,93,121,-0.75,36,0,-0.53,-0.82,0.78,-0.487,-0.837,-0.75,0.38,-0.15,-0.22,-0.88,-1.48,1264.597,2219.437,1707.027,1644.199,0,0,0,0
1528,70,Mujer,7.4,147,38.9,9,0,0,0.703,18,155,-1.74,36,0,2.07,-0.75,0.25,0.703,0.353,-1.74,-0.61,-1.14,-1.21,-0.09,-0.69,51.895,91.079,70.051,67.473,0,0,0,0
1529,64,Mujer,7.5,130,32.8,63,0,0,-0.122,56,140,-0.61,36,0,0.41,-0.1,-0.91,-0.122,-0.472,-0.61,0.52,-0.01,-0.08,-0.19,-0.79,524.691,920.862,708.259,682.191,0,0,0,0
1530,80,Hombre,8.2,147,40.3,349,1,0,0.17,414,135,-4.25,36,0,1.44,0.48,0.72,0.17,-0.18,-4.25,-3.13,-3.65,-3.73,-3.4,-4,158.488,278.155,213.936,206.062,0,0,0,0
1531,70,Hombre,7.6,131,58.8,56,1,1,0.108,62,119,-2.49,36,0,-0.67,0.28,0.34,0.458,0.108,-3.62,-2.49,-3.02,-3.09,-2.33,-2.93,52.235,91.675,70.51,67.915,0,0,0,0
1532,49,Mujer,8.6,120,49.5,240,1,1,-0.528,142,110,-1.36,36,0,0.16,-0.4,-0.7,-0.178,-0.528,-2.49,-1.36,-1.89,-1.96,-2.15,-2.75,162.768,285.666,219.713,211.627,0,0,0,0
1533,75,Mujer,9.2,161,37.7,181,1,1,-0.089,166,157,-2.42,36,0,1.74,-0.04,1.74,0.261,-0.089,-3.54,-2.42,-2.94,-3.02,-2.55,-3.15,28.88,50.686,38.984,37.549,1,0,0,0
1534,66,Mujer,7.3,126,37.1,43,0,0,0.322,59,130,-4.01,36,0,0.87,0.37,0.35,0.322,-0.028,-4.01,-2.89,-3.41,-3.49,-2.93,-3.53,3972.356,6971.702,5362.12,5164.764,0,0,0,0
1535,83,Hombre,8.3,134,32,31,1,0,0.724,64,117,-3.75,36,0,0.55,0.63,0.71,0.724,0.374,-3.75,-2.62,-3.15,-3.22,-2.06,-2.66,83.48,146.512,112.686,108.539,0,0,0,0
1536,61,Hombre,6.4,154,45.8,90,0,0,0.286,120,132,-3.4,36,0,0.26,0.17,0.56,0.286,-0.064,-3.4,-2.28,-2.8,-2.88,-2.38,-2.98,220.84,387.587,298.103,287.131,0,0,0,0
1537,59,Hombre,8.2,144,32,238,1,0,0.557,416,146,-5.35,36,0,0.52,1.28,-1.28,0.557,0.207,-5.35,-4.23,-4.75,-4.83,-3.92,-4.52,59.541,104.497,80.371,77.413,0,0,0,0
1538,67,Mujer,8.1,142,40,300,0,1,0.022,307,139,-3.93,36,0,-0.82,0.72,-0.19,0.372,0.022,-5.06,-3.93,-4.46,-4.53,-3.9,-4.5,255.1,447.714,344.349,331.675,0,0,0,0
1539,57,Hombre,8.1,132,52.7,66,0,1,0.131,75,131,-2.09,36,0,-1.95,0.15,-0.15,0.481,0.131,-3.22,-2.09,-2.62,-2.69,-1.9,-2.5,2175.253,3817.688,2936.284,2828.213,0,0,0,0
1540,62,Hombre,9.1,108,36.8,143,0,0,-0.351,101,100,-0.05,36,0,0.41,-1.47,-0.79,-0.351,-0.701,-0.05,1.07,0.55,0.47,0.02,-0.58,1238.382,2173.429,1671.641,1610.116,0,0,0,0
1541,47,Mujer,8.6,142,57.2,350,0,1,-1.766,60,126,2.95,36,0,1.42,-2.67,-1.57,-1.416,-1.766,1.83,2.95,2.43,2.35,0.3,-0.3,8332.693,14624.331,11247.959,10833.971,0,0,0,0
1542,75,Hombre,8.6,136,44,540,1,1,-0.413,357,128,-2.4,36,0,1.55,-1.05,0.53,-0.063,-0.413,-3.53,-2.4,-2.93,-3,-3.02,-3.62,485.274,851.682,655.051,630.941,0,0,0,0
1543,49,Hombre,9.1,143,57.9,59,0,1,-0.051,56,133,-1.47,36,0,-0.55,0.69,0.99,0.299,-0.051,-2.6,-1.47,-2,-2.07,-1.55,-2.15,89.685,157.403,121.063,116.607,0,0,0,0
1544,62,Mujer,8.5,184,55.4,152,0,0,0.192,184,178,-3.21,36,0,-0.13,0.59,0.81,0.192,-0.158,-3.21,-2.08,-2.61,-2.68,-2.32,-2.92,729.839,1280.907,985.179,948.919,0,0,0,0
1545,55,Mujer,7.2,136,49.3,317,0,1,-0.463,200,129,-1.32,36,0,-1.39,0.27,0.85,-0.113,-0.463,-2.45,-1.32,-1.85,-1.92,-2.01,-2.61,438.623,769.807,592.079,570.287,0,0,0,0
1546,63,Hombre,8.2,140,38.1,67,0,1,-0.036,65,133,-1.97,36,0,1.31,0.13,0.22,0.314,-0.036,-3.09,-1.97,-2.49,-2.57,-2.02,-2.62,994.775,1745.885,1342.806,1293.383,0,0,0,0
1547,66,Mujer,7.3,131,40.4,9,0,0,0.268,12,127,-2.21,22.57,1,1.49,2.25,1.19,0.268,-0.082,-2.21,-1.09,-1.61,-1.69,-1.21,-1.81,22.571,39.613,30.467,29.346,1,0,1,1
1548,64,Mujer,8.1,145,36.4,73,1,0,0.177,87,153,-2.92,36,0,-0.57,0.73,0.81,0.177,-0.173,-2.92,-1.79,-2.32,-2.39,-2.05,-2.65,290.856,510.469,392.615,378.165,0,0,0,0
1549,70,Hombre,8.5,121,44.1,309,1,1,-0.369,214,118,-3.1,36,0,1.47,0.98,1.78,-0.019,-0.369,-4.22,-3.1,-3.62,-3.7,-3.65,-4.25,254.932,447.42,344.122,331.457,0,0,0,0
1550,72,Mujer,7.3,148,58.8,617,1,1,0.142,711,140,-2.81,36,0,-0.7,0.78,0.17,0.492,0.142,-3.94,-2.81,-3.34,-3.41,-2.6,-3.2,209.628,367.908,282.968,272.553,0,0,0,0
1551,67,Hombre,7.5,145,47.2,87,0,0,0.036,90,155,-2.54,36,0,-0.67,1.11,1.59,0.036,-0.314,-2.54,-1.41,-1.94,-2.01,-1.88,-2.48,461.351,809.696,622.759,599.838,0,0,0,0
1552,78,Mujer,10.7,147,39.9,335,0,0,-0.405,223,136,-3.5,36,0,0.59,-0.1,-0.79,-0.405,-0.755,-3.5,-2.37,-2.9,-2.97,-3.5,-4.1,852.354,1495.927,1150.557,1108.21,0,0,0,0
1553,63,Mujer,6.7,142,39.9,374,0,0,0.922,940,166,-4.21,8.67,1,1.02,0.14,-1.86,0.922,0.572,-4.21,-3.08,-3.61,-3.68,-2.22,-2.82,8.672,15.22,11.706,11.275,1,1,1,1
1554,63,Hombre,9.4,126,48.4,126,0,0,-0.726,61,125,0.81,36,0,0.06,-1.88,-1.74,-0.726,-1.076,0.81,1.93,1.41,1.33,0.32,-0.28,9399.484,16496.608,12687.976,12220.988,0,0,0,0
1555,71,Hombre,7,153,51.6,119,1,0,1.239,411,161,-6.13,36,0,-0.26,1.28,1.53,1.239,0.889,-6.13,-5.01,-5.53,-5.61,-3.68,-4.28,38.23,67.095,51.605,49.705,0,0,0,0
1556,69,Hombre,9.2,132,44.2,53,1,0,0.227,67,126,-4.37,36,0,-1,-0,0.67,0.227,-0.123,-4.37,-3.25,-3.77,-3.85,-3.43,-4.03,48.948,85.906,66.072,63.641,0,0,0,0
1557,48,Hombre,8.9,115,47.2,156,0,0,0.601,284,112,-4.19,11.11,1,-2.47,1.22,-1.2,0.601,0.251,-4.19,-3.06,-3.59,-3.66,-2.68,-3.28,11.114,19.506,15.002,14.45,1,1,1,1
1558,67,Hombre,8.2,136,59.2,35,0,1,-0.035,34,137,0.21,36,0,0.75,-0.86,1.7,0.315,-0.035,-0.91,0.21,-0.31,-0.39,0.16,-0.44,560.786,984.21,756.982,729.12,0,0,0,0
1559,55,Hombre,7,125,69.4,42,0,1,0.144,49,121,1.37,36,0,-1.81,-0.25,1.17,0.494,0.144,0.24,1.37,0.84,0.77,1.58,0.98,4268.34,7491.169,5761.656,5549.595,0,0,0,0
1560,72,Mujer,8.6,150,50.3,42,0,0,0.521,71,144,-2.54,36,0,1.24,-0.56,-0.09,0.521,0.171,-2.54,-1.41,-1.94,-2.01,-1.16,-1.76,1535.974,2695.719,2073.349,1997.038,0,0,0,0
1561,80,Mujer,9.1,147,39.3,334,0,1,-0.778,153,138,-1.17,36,0,1.61,-1.72,-0.14,-0.428,-0.778,-2.3,-1.17,-1.7,-1.77,-2.34,-2.94,295.553,518.712,398.955,384.271,0,0,0,0
1562,84,Mujer,7.1,149,28.4,125,0,0,-0.137,109,144,-3.76,36,0,1.3,1.96,0.69,-0.137,-0.487,-3.76,-2.64,-3.16,-3.24,-3.37,-3.97,201.41,353.485,271.875,261.868,0,0,0,0
1563,61,Mujer,6.7,106,35.7,140,0,1,-0.991,52,94,2.49,36,0,1.58,-1.45,0.11,-0.641,-0.991,1.37,2.49,1.97,1.89,1.01,0.41,905.433,1589.084,1222.206,1177.222,0,0,0,0
1564,63,Hombre,9.3,162,61.4,91,0,0,0.158,107,169,-1.28,36,0,0.05,-2.06,-0.69,0.158,-0.192,-1.28,-0.15,-0.68,-0.75,-0.44,-1.04,1640.232,2878.696,2214.081,2132.591,0,0,0,0
1565,63,Hombre,7.5,136,35.4,75,0,0,0.246,96,122,-0.63,36,0,-0.58,-0.52,1.64,0.246,-0.104,-0.63,0.49,-0.03,-0.11,0.33,-0.27,845.828,1484.474,1141.748,1099.725,0,0,0,0
1566,50,Mujer,8.5,125,54.1,560,0,0,-0.362,390,141,-1.4,36,0,-0.59,-0.72,-1.77,-0.362,-0.712,-1.4,-0.27,-0.8,-0.87,-1.34,-1.94,2493.096,4375.519,3365.327,3241.464,0,0,0,0
1567,74,Mujer,7.5,134,45.3,216,1,1,0.387,318,126,-2.31,36,0,0.13,0.58,1.41,0.737,0.387,-3.44,-2.31,-2.84,-2.91,-1.73,-2.33,76.24,133.805,102.913,99.125,0,0,0,0
1568,75,Mujer,5.5,121,32.1,298,0,1,-0.651,155,119,-1.32,36,0,-0.12,-0.77,-1.09,-0.301,-0.651,-2.45,-1.32,-1.85,-1.92,-2.3,-2.9,91.915,161.316,124.072,119.506,0,0,0,0
1569,73,Mujer,7.5,130,24.7,42,0,0,-0.306,31,128,-2.14,36,0,-0.87,-0,-0.42,-0.306,-0.656,-2.14,-1.02,-1.54,-1.62,-2,-2.6,820.054,1439.24,1106.957,1066.215,0,0,0,0
1570,71,Hombre,6.3,158,53.5,118,0,0,0.445,184,144,-2.74,36,0,-1.31,0.71,-1.06,0.445,0.095,-2.74,-1.61,-2.14,-2.21,-1.47,-2.07,345.89,607.056,466.903,449.718,0,0,0,0
1571,66,Hombre,7.7,173,47.3,79,0,0,0.281,105,188,-2.5,36,0,-1.79,0.3,0.72,0.281,-0.069,-2.5,-1.38,-1.9,-1.98,-1.48,-2.08,63.103,110.75,85.181,82.046,0,0,0,0
1572,72,Mujer,7.2,115,42.5,347,0,0,-0.196,285,102,-1.8,36,0,0.59,-1.04,-1.43,-0.196,-0.546,-1.8,-0.68,-1.2,-1.28,-1.5,-2.1,161.894,284.133,218.534,210.491,0,0,0,0
1573,60,Hombre,8.5,122,54.1,8,0,0,0.843,19,123,-3.76,36,0,-0.54,2.15,-0.22,0.843,0.493,-3.76,-2.64,-3.16,-3.24,-1.9,-2.5,360.72,633.083,486.921,468.999,0,0,0,0
1574,80,Hombre,7.7,158,45.8,62,0,0,0.262,81,152,-1.9,36,0,-0.64,-1.1,-0.91,0.262,-0.088,-1.9,-0.78,-1.3,-1.38,-0.91,-1.51,1210.161,2123.899,1633.547,1573.423,0,0,0,0
1575,69,Hombre,8.5,149,47.8,104,0,1,0.692,208,136,-4.22,36,0,-0.46,0.56,-0.24,1.042,0.692,-5.34,-4.22,-4.74,-4.82,-3.18,-3.78,303.653,532.928,409.889,394.803,0,0,0,0
1576,48,Mujer,7.2,162,48.8,251,0,0,0.566,442,163,-5.5,5.79,1,-0.5,0.2,-1.24,0.566,0.216,-5.5,-4.37,-4.9,-4.97,-4.05,-4.65,5.794,10.169,7.822,7.534,1,1,1,1
1577,82,Hombre,7.9,135,59.4,43,0,0,0.524,73,132,-3.04,36,0,1.7,0.52,-0.02,0.524,0.174,-3.04,-1.91,-2.44,-2.51,-1.65,-2.25,817.853,1435.377,1103.986,1063.354,0,0,0,0
1578,64,Hombre,8.2,151,48.1,85,0,0,0.896,208,161,-2.34,36,0,-1.19,0.18,-0.35,0.896,0.546,-2.34,-1.21,-1.74,-1.81,-0.39,-0.99,428.64,752.287,578.604,557.308,0,0,0,0
1579,60,Mujer,7.3,120,42,163,0,1,-0.538,95,105,-0.58,36,0,-0.49,0.32,-0.29,-0.188,-0.538,-1.71,-0.58,-1.11,-1.18,-1.39,-1.99,437.941,768.61,591.158,569.4,0,0,0,0
1580,68,Mujer,7.5,127,55.5,100,1,0,0.594,181,125,-3.93,36,0,-0.24,0.7,1.64,0.594,0.244,-3.93,-2.8,-3.33,-3.4,-2.44,-3.04,225.248,395.322,304.053,292.862,0,0,0,0
1581,76,Hombre,6.6,121,54.5,286,0,1,-1.387,71,106,0.79,36,0,-0.3,0.27,-0.38,-1.037,-1.387,-0.34,0.79,0.26,0.19,-1.29,-1.89,484.341,850.045,653.792,629.728,0,0,0,0
1582,47,Hombre,6,145,47.4,141,0,1,-0.656,73,156,0.3,3.14,1,-0.1,-1.35,-2.37,-0.306,-0.656,-0.82,0.3,-0.22,-0.3,-0.68,-1.28,1.787,3.137,2.413,2.324,1,1,1,1
1583,49,Hombre,8.8,137,53,212,0,0,0.273,279,142,-3.51,5.14,1,-0.66,1.52,0.09,0.273,-0.077,-3.51,-2.39,-2.91,-2.99,-2.5,-3.1,5.141,9.023,6.94,6.685,1,1,1,1
1584,49,Hombre,6.8,140,59.7,118,0,1,-0.358,82,142,0.42,36,0,0.88,-0.22,-0.65,-0.008,-0.358,-0.71,0.42,-0.11,-0.18,-0.12,-0.72,61.522,107.974,83.046,79.989,0,0,0,0
1585,60,Hombre,9.6,140,53.8,252,0,0,0.025,258,148,-2.94,36,0,0.5,0.26,-1.16,0.025,-0.325,-2.94,-1.81,-2.34,-2.41,-2.3,-2.9,2004.099,3517.303,2705.251,2605.682,0,0,0,0
1586,71,Hombre,6.3,130,39.5,64,1,1,-0.5,39,111,-0.36,36,0,-1.66,0.01,0.07,-0.15,-0.5,-1.49,-0.36,-0.89,-0.96,-1.11,-1.71,862.27,1513.331,1163.943,1121.103,0,0,0,0
1587,74,Mujer,9.2,122,50.7,54,0,0,0.53,92,118,-4.26,36,0,0.22,1.88,1.2,0.53,0.18,-4.26,-3.13,-3.66,-3.73,-2.86,-3.46,848.127,1488.51,1144.852,1102.715,0,0,0,0
1588,63,Hombre,7.3,141,46.9,193,0,1,0.311,263,144,-2.73,36,0,0.25,0.21,1.01,0.661,0.311,-3.86,-2.73,-3.26,-3.33,-2.27,-2.87,347.179,609.317,468.642,451.393,0,0,0,0
1589,58,Hombre,8.3,141,58.3,170,1,1,-0.272,130,143,-1.59,36,0,0.74,-0.9,0.49,0.078,-0.272,-2.71,-1.59,-2.11,-2.19,-1.99,-2.59,373.731,655.919,504.484,485.916,0,0,0,0
1590,52,Hombre,5.5,137,57.7,192,0,1,-1.103,64,125,-0.94,36,0,-1.86,0.8,-0.35,-0.753,-1.103,-2.07,-0.94,-1.47,-1.54,-2.6,-3.2,2413.648,4236.085,3258.085,3138.169,0,0,0,0
1591,58,Hombre,10.6,116,57.9,19,0,1,-0.847,8,116,-0.3,36,0,0.26,-1.43,0.39,-0.497,-0.847,-1.42,-0.3,-0.82,-0.9,-1.57,-2.17,463.057,812.691,625.062,602.056,0,0,0,0
1592,59,Hombre,9.4,168,54.3,205,0,1,-0.215,165,161,-2.81,36,0,-0.72,0.28,-0.32,0.135,-0.215,-3.93,-2.81,-3.33,-3.41,-3.13,-3.73,1413.921,2481.509,1908.594,1838.347,0,0,0,0
1593,45,Mujer,7,125,51.5,490,0,0,0.437,759,116,-1.09,36,0,2,-1.02,1.19,0.437,0.087,-1.09,0.04,-0.49,-0.56,0.17,-0.43,212.831,373.53,287.292,276.718,0,0,0,0
1594,74,Hombre,7.2,133,54.9,39,0,0,1.013,107,122,-3.23,36,0,-0.05,2.89,2.22,1.013,0.663,-3.23,-2.11,-2.63,-2.71,-1.11,-1.71,337.031,591.508,454.944,438.2,0,0,0,0
1595,48,Hombre,7.8,133,57.6,737,1,1,-0.511,442,141,-0.67,36,0,-0.5,-1.01,-0.15,-0.161,-0.511,-1.8,-0.67,-1.2,-1.27,-1.44,-2.04,187.46,329.002,253.044,243.731,0,0,0,0
1596,67,Hombre,7,126,45.9,14,0,0,0.387,21,129,-4.13,26.86,1,-1.75,1.47,-0.51,0.387,0.037,-4.13,-3.01,-3.53,-3.61,-2.95,-3.55,26.855,47.132,36.251,34.916,1,0,0,1
1597,82,Mujer,7.5,121,29.5,151,0,0,0.883,365,132,-7.23,26.24,1,-0.62,2.24,-0.51,0.883,0.533,-7.23,-6.11,-6.63,-6.71,-5.31,-5.91,26.244,46.06,35.426,34.122,1,0,1,1
1598,60,Hombre,9.4,147,48.4,37,1,0,-0.133,32,153,-3.88,36,0,-0.52,1.89,0.81,-0.133,-0.483,-3.88,-2.76,-3.28,-3.36,-3.48,-4.08,339.665,596.131,458.5,441.625,0,0,0,0
1599,62,Mujer,8,135,59.9,569,0,1,-0.172,479,139,-2.56,36,0,-1.45,0.6,-1.28,0.178,-0.172,-3.68,-2.56,-3.08,-3.16,-2.82,-3.42,797.873,1400.312,1077.017,1037.376,0,0,0,0
1600,61,Mujer,9.4,137,32.7,86,1,0,1.077,253,142,-7.49,36,0,0.22,0.99,0.69,1.077,0.727,-7.49,-6.36,-6.89,-6.96,-5.27,-5.87,221.385,388.543,298.839,287.84,0,0,0,0
1601,70,Hombre,7.8,133,34.8,92,0,0,-0.524,54,131,0.07,36,0,1.54,0,0.13,-0.524,-0.874,0.07,1.2,0.67,0.6,-0.11,-0.71,970.352,1703.02,1309.838,1261.628,0,0,0,0
1602,71,Hombre,9.3,160,27.4,846,0,0,0.102,937,170,-2.94,36,0,0.98,0.84,0.61,0.102,-0.248,-2.94,-1.81,-2.34,-2.41,-2.19,-2.79,205.903,361.37,277.939,267.71,0,0,0,0
1603,41,Hombre,7.1,164,39.7,90,0,0,-0.527,53,169,-1.87,36,0,-0.61,-1.01,1.44,-0.527,-0.877,-1.87,-0.75,-1.27,-1.35,-2.06,-2.66,348.287,611.262,470.138,452.834,0,0,0,0
1604,62,Hombre,7.6,139,44.2,134,0,0,-0.54,78,125,-1.39,36,0,-2.27,0.12,-1.91,-0.54,-0.89,-1.39,-0.27,-0.79,-0.87,-1.6,-2.2,366.463,643.163,494.673,476.467,0,0,0,0
1605,61,Hombre,9,147,54.1,336,1,1,-0.582,188,149,-1.36,36,0,0.86,-0.36,1.26,-0.232,-0.582,-2.49,-1.36,-1.89,-1.96,-2.23,-2.83,78.776,138.256,106.336,102.423,0,0,0,0
1606,57,Hombre,9,137,54.9,20,0,0,0.384,29,133,-2.12,36,0,1.78,0.12,-0.04,0.384,0.034,-2.12,-1,-1.52,-1.6,-0.95,-1.55,287.648,504.838,388.284,373.993,0,0,0,0
1607,81,Hombre,6.7,149,38.8,26,0,0,1.131,81,161,-4.35,36,0,0.19,-0.46,-1.41,1.131,0.781,-4.35,-3.23,-3.75,-3.83,-2.06,-2.66,970.462,1703.214,1309.986,1261.772,0,0,0,0
1608,48,Hombre,9.8,142,53.6,839,0,0,0.433,1293,156,-4.6,36,0,-0.47,0.56,0.25,0.433,0.083,-4.6,-3.47,-4,-4.07,-3.35,-3.95,613.172,1076.15,827.695,797.231,0,0,0,0
1609,42,Hombre,7.3,144,53.3,239,1,0,0.717,489,150,-3.15,36,0,-1.64,0.64,-0.57,0.717,0.367,-3.15,-2.03,-2.55,-2.63,-1.48,-2.08,40.622,71.294,54.834,52.816,0,0,0,0
1610,55,Hombre,6.1,134,42.8,82,0,0,0.049,86,130,-1.45,36,0,1.33,-0.47,2.54,0.049,-0.301,-1.45,-0.32,-0.85,-0.92,-0.77,-1.37,472.68,829.578,638.051,614.567,0,0,0,0
1611,63,Hombre,8.7,140,57.7,111,0,1,-0.586,62,131,0.31,36,0,1.39,-1.53,1.35,-0.236,-0.586,-0.81,0.31,-0.21,-0.29,-0.57,-1.17,624.718,1096.413,843.28,812.243,0,0,0,0
1612,52,Mujer,8.4,155,49.3,1137,1,1,-0.254,882,149,-5.03,33.51,1,-1.3,0.64,-0.11,0.096,-0.254,-6.15,-5.03,-5.55,-5.63,-5.41,-6.01,19.091,33.505,25.77,24.821,1,1,1,1
1613,83,Hombre,7.2,128,37.7,27,1,0,0.425,41,129,-2.05,36,0,2.18,-1.31,-0.39,0.425,0.075,-2.05,-0.93,-1.45,-1.53,-0.82,-1.42,777.365,1364.317,1049.332,1010.711,0,0,0,0
1614,66,Mujer,6.9,149,28.5,239,1,1,-0.665,123,146,-2.15,36,0,0.19,0.2,0.48,-0.315,-0.665,-3.27,-2.15,-2.67,-2.75,-3.14,-3.74,51.053,89.601,68.915,66.378,0,0,0,0
1615,53,Hombre,8.1,133,39.8,856,0,1,0.403,1281,142,-3.93,36,0,1.28,0.83,1.8,0.753,0.403,-5.06,-3.93,-4.46,-4.53,-3.33,-3.93,28.972,50.848,39.108,37.669,1,0,0,0
1616,63,Mujer,7.7,131,51.8,66,0,0,-0.283,50,128,0.12,36,0,-1.91,-1.05,1.62,-0.283,-0.633,0.12,1.24,0.72,0.64,0.3,-0.3,4230.098,7424.054,5710.035,5499.874,0,0,0,0
1617,73,Hombre,7.2,144,40.2,752,1,0,0.147,871,135,-3.06,36,0,0.66,-0.47,0.18,0.147,-0.203,-3.06,-1.93,-2.46,-2.53,-2.24,-2.84,372.544,653.834,502.881,484.373,0,0,0,0
1618,67,Hombre,8.2,114,45.2,118,1,0,-0.44,76,110,-1.47,36,0,-0.59,-0.01,0.34,-0.44,-0.79,-1.47,-0.35,-0.87,-0.95,-1.53,-2.13,164.54,288.776,222.106,213.931,0,0,0,0
1619,55,Hombre,7.2,111,55.9,195,0,1,-0.59,108,96,0.89,36,0,-0.21,0.4,0.86,-0.24,-0.59,-0.24,0.89,0.36,0.29,0,-0.6,517.278,907.851,698.252,672.552,0,0,0,0
1620,59,Mujer,8.6,134,52.5,28,0,1,-0.483,17,142,0.35,36,0,0.27,-1.17,-0.17,-0.133,-0.483,-0.78,0.35,-0.18,-0.25,-0.38,-0.98,1531.573,2687.995,2067.408,1991.315,0,0,0,0
1621,51,Hombre,9.6,139,43.2,759,0,1,0.059,805,133,-3.94,36,0,-0.07,0.07,-1.37,0.409,0.059,-5.06,-3.94,-4.46,-4.54,-3.85,-4.45,452.601,794.339,610.947,588.461,0,0,0,0
1622,61,Hombre,8.9,131,53.4,101,1,1,0.206,124,125,-3.71,36,0,-0.79,0.93,-0.42,0.556,0.206,-4.83,-3.71,-4.23,-4.31,-3.4,-4,410.181,719.891,553.687,533.308,0,0,0,0
1623,50,Mujer,10.3,113,39.7,536,0,0,-0.151,461,111,-2.9,36,0,0.56,-0.55,1.03,-0.151,-0.501,-2.9,-1.77,-2.3,-2.37,-2.52,-3.12,977.551,1715.656,1319.556,1270.989,0,0,0,0
1624,75,Mujer,8.3,135,41.1,175,0,0,0.231,220,130,-4.16,36,0,1.16,0.14,0.53,0.231,-0.119,-4.16,-3.04,-3.56,-3.64,-3.22,-3.82,189.156,331.979,255.333,245.936,0,0,0,0
1625,76,Hombre,7.1,144,30,34,0,0,0.296,46,136,-1.11,36,0,0.12,-0.08,-1.04,0.296,-0.054,-1.11,0.02,-0.51,-0.58,-0.06,-0.66,1175.146,2062.445,1586.281,1527.897,0,0,0,0
1626,64,Hombre,9.7,133,41.9,121,0,1,-0.539,71,126,0.78,36,0,1.28,-0.12,-1.11,-0.189,-0.539,-0.34,0.78,0.26,0.18,-0.03,-0.63,437.099,767.132,590.022,568.305,0,0,0,0
1627,69,Mujer,5.5,156,45.7,777,0,1,-0.972,294,158,-1.8,36,0,-0.13,0.01,-0.26,-0.622,-0.972,-2.92,-1.8,-2.32,-2.4,-3.25,-3.85,2190.23,3843.974,2956.502,2847.686,0,0,0,0
1628,70,Mujer,7,127,40.3,316,0,1,-0.168,267,113,-1.41,36,0,0.36,-0.82,-0.52,0.182,-0.168,-2.54,-1.41,-1.94,-2.01,-1.67,-2.27,162.951,285.988,219.961,211.865,0,0,0,0
1629,58,Hombre,7.5,134,71.2,68,0,1,0.47,109,133,-2.28,36,0,-0.48,1.97,1.18,0.82,0.47,-3.41,-2.28,-2.81,-2.88,-1.58,-2.18,555.764,975.397,750.203,722.592,0,0,0,0
1630,72,Hombre,9.8,118,54.6,60,1,1,-0.591,33,98,-2.25,36,0,1.16,0.13,-0.88,-0.241,-0.591,-3.37,-2.25,-2.77,-2.85,-3.13,-3.73,24.298,42.644,32.799,31.591,1,0,1,1
1631,61,Mujer,8.6,136,39.8,937,0,1,-0.181,782,129,-4.58,36,0,-0.5,1.4,-0.89,0.169,-0.181,-5.7,-4.58,-5.1,-5.18,-4.85,-5.45,194.245,340.911,262.204,252.553,0,0,0,0
1632,66,Mujer,7.4,157,38.4,144,1,0,-0.089,132,152,-1.17,36,0,-1.26,-0.57,0.35,-0.089,-0.439,-1.17,-0.05,-0.57,-0.65,-0.71,-1.31,318.974,559.817,430.57,414.723,0,0,0,0
1633,64,Mujer,5.6,136,47.8,72,0,0,0.092,79,138,-1.89,36,0,1.56,-0.16,-0.11,0.092,-0.258,-1.89,-0.76,-1.29,-1.36,-1.15,-1.75,3293.357,5780.021,4445.567,4281.945,0,0,0,0
1634,68,Mujer,8.4,127,53.7,65,0,0,-0.035,63,126,-3.6,36,0,0.86,-0.11,-0.45,-0.035,-0.385,-3.6,-2.48,-3,-3.08,-3.06,-3.66,721.716,1266.652,974.215,938.359,0,0,0,0
1635,61,Mujer,7,130,36.9,426,0,1,-0.076,395,132,-1.74,36,0,0.31,0.86,0.31,0.274,-0.076,-2.86,-1.74,-2.26,-2.34,-1.85,-2.45,438.241,769.136,591.563,569.79,0,0,0,0
1636,41,Mujer,8.5,133,37.9,132,0,0,0.072,142,121,-2.72,36,0,-0.85,-0.8,-0.47,0.072,-0.278,-2.72,-1.6,-2.12,-2.2,-2.01,-2.61,333.701,585.663,450.449,433.87,0,0,0,0
1637,49,Hombre,8.7,127,66.9,164,0,0,-0.177,137,139,0.16,36,0,0.34,-1.76,-0.71,-0.177,-0.527,0.16,1.29,0.76,0.69,0.5,-0.1,1982.222,3478.909,2675.72,2577.239,0,0,0,0
1638,40,Mujer,8.2,141,52.7,96,0,1,-0.479,59,126,-0.83,36,0,-0.32,-0.13,0.09,-0.129,-0.479,-1.95,-0.83,-1.35,-1.43,-1.54,-2.14,1719.164,3017.227,2320.629,2235.217,0,0,0,0
1639,52,Hombre,9.3,163,45.8,224,1,1,-0.216,181,159,-0.67,36,0,-0.45,-2.19,0.18,0.134,-0.216,-1.8,-0.67,-1.2,-1.27,-1,-1.6,926.204,1625.538,1250.244,1204.228,0,0,0,0
1640,66,Hombre,12,126,53.4,140,1,1,0.238,178,118,-2.69,36,0,-0.51,-0.05,0.17,0.588,0.238,-3.81,-2.69,-3.21,-3.29,-2.33,-2.93,214.918,377.192,290.109,279.431,0,0,0,0
1641,63,Hombre,6.8,129,41.6,15,0,0,0.352,21,129,0.22,36,0,0.8,-1.06,1.42,0.352,0.002,0.22,1.34,0.82,0.74,1.35,0.75,1941.226,3406.958,2620.381,2523.937,0,0,0,0
1642,61,Hombre,7.3,130,53.4,37,1,0,0.648,71,120,-3.23,36,0,0.32,-0.59,-2.13,0.648,0.298,-3.23,-2.1,-2.63,-2.7,-1.65,-2.25,2285.355,4010.923,3084.907,2971.365,0,0,0,0
1643,54,Mujer,8.8,127,50.4,19,0,0,1.454,81,142,-3.68,36,0,-0.58,1.1,0.54,1.454,1.104,-3.68,-2.55,-3.08,-3.15,-0.9,-1.5,565.637,992.724,763.53,735.428,0,0,0,0
1644,65,Mujer,8.9,126,44.1,116,1,1,0.47,186,126,-4.68,36,0,1.15,1.89,-0.4,0.82,0.47,-5.81,-4.68,-5.21,-5.28,-3.98,-4.58,107.883,189.34,145.626,140.267,0,0,0,0
1645,73,Mujer,9.1,176,43.5,158,0,0,1.342,604,178,-6.61,36,0,2.06,-0.04,-0.57,1.342,0.992,-6.61,-5.49,-6.01,-6.09,-4,-4.6,42.513,74.613,57.387,55.275,0,0,0,0
1646,52,Mujer,8.5,148,51.7,473,0,1,-0.733,227,135,-0.76,21.69,1,-0.78,0.01,-0.02,-0.383,-0.733,-1.88,-0.76,-1.28,-1.36,-1.85,-2.45,12.36,21.693,16.684,16.07,1,1,1,1
1647,54,Mujer,6.2,150,72.4,39,0,1,0.37,56,127,1.21,36,0,-1.04,0.28,0.77,0.72,0.37,0.08,1.21,0.68,0.61,1.76,1.16,417.592,732.897,563.69,542.943,0,0,0,0
1648,53,Hombre,9.1,136,46.8,53,0,0,0.939,135,128,-2.45,36,0,-1.12,-0.89,-0.59,0.939,0.589,-2.45,-1.32,-1.85,-1.92,-0.44,-1.04,676.789,1187.801,913.569,879.945,0,0,0,0
1649,62,Mujer,7.8,123,30.5,73,1,0,0.847,170,121,-6.02,36,0,-0.03,0.72,-0.78,0.847,0.497,-6.02,-4.89,-5.42,-5.49,-4.14,-4.74,202.5,355.399,273.346,263.286,0,0,0,0
1650,48,Hombre,7.6,148,43.5,30,0,0,0.957,78,141,-4.7,36,0,-1.49,1.25,-0.35,0.957,0.607,-4.7,-3.58,-4.1,-4.18,-2.67,-3.27,165.226,289.981,223.032,214.823,0,0,0,0
1651,73,Mujer,5.5,134,40.8,47,0,1,-0.715,23,130,0.45,36,0,-0.4,1.01,0.73,-0.365,-0.715,-0.67,0.45,-0.07,-0.15,-0.62,-1.22,684.195,1200.799,923.566,889.574,0,0,0,0
1652,61,Mujer,6.8,113,42.8,204,1,0,0.139,234,121,-3,36,0,-0.6,-0.55,0.35,0.139,-0.211,-3,-1.87,-2.4,-2.47,-2.19,-2.79,797.423,1399.521,1076.408,1036.79,0,0,0,0
1653,62,Hombre,7.5,154,39.4,834,1,1,0.093,916,145,-4.28,6.56,1,0.2,0.73,-0.41,0.443,0.093,-5.41,-4.28,-4.81,-4.88,-4.14,-4.74,3.74,6.563,5.048,4.862,1,1,1,1
1654,76,Hombre,6.7,123,49.4,42,1,1,-0.694,21,134,2.72,36,0,-2.23,-0.26,-0.7,-0.344,-0.694,1.59,2.72,2.19,2.12,1.68,1.08,1571.451,2757.983,2121.237,2043.164,0,0,0,0
1655,63,Hombre,9.7,128,42.8,47,0,1,-0.026,46,124,-2.25,36,0,1.39,-0.19,0.28,0.324,-0.026,-3.38,-2.25,-2.78,-2.85,-2.29,-2.89,403.555,708.261,544.742,524.693,0,0,0,0
1656,62,Hombre,7.3,144,46.2,730,0,1,-0.496,444,134,-2.47,36,0,-0.98,0.21,-0.7,-0.146,-0.496,-3.6,-2.47,-3,-3.07,-3.22,-3.82,203.276,356.761,274.394,264.295,0,0,0,0
1657,70,Mujer,7,132,44.2,34,0,0,0.053,36,140,-2.27,36,0,1.76,0.35,-0.63,0.053,-0.297,-2.27,-1.14,-1.67,-1.74,-1.59,-2.19,933.913,1639.068,1260.651,1214.252,0,0,0,0
1658,60,Hombre,8.4,138,32.7,162,0,0,-0.125,143,142,-2.25,36,0,-0.41,-0.16,-0.43,-0.125,-0.475,-2.25,-1.12,-1.65,-1.72,-1.84,-2.44,246.919,433.356,333.306,321.038,0,0,0,0
1659,69,Mujer,9,120,55.7,154,0,0,0.302,208,137,-2.77,8.86,1,-0.45,0.09,0.35,0.302,-0.048,-2.77,-1.65,-2.17,-2.25,-1.72,-2.32,8.865,15.558,11.966,11.526,1,1,1,1
1660,47,Hombre,6.9,130,41,156,0,0,-0.883,65,128,1.79,36,0,-0.94,-1.19,-0.8,-0.883,-1.233,1.79,2.91,2.39,2.31,1.06,0.46,1942.715,3409.572,2622.392,2525.873,0,0,0,0
1661,80,Hombre,8.4,135,49.5,495,1,1,-0.238,390,132,-3.59,36,0,0.36,1.08,0.01,0.112,-0.238,-4.71,-3.59,-4.11,-4.19,-3.94,-4.54,43.123,75.684,58.211,56.068,0,0,0,0
1662,57,Hombre,6.9,130,65.3,40,0,1,-0.238,32,130,0.28,36,0,0.44,0.01,0.44,0.112,-0.238,-0.85,0.28,-0.25,-0.32,-0.08,-0.68,5545.614,9732.855,7485.796,7210.277,0,0,0,0
1663,72,Hombre,8.8,126,25.4,22,0,0,0.046,23,129,-4.06,36,0,1.56,2.49,-0.99,0.046,-0.304,-4.06,-2.93,-3.46,-3.53,-3.39,-3.99,259.777,455.922,350.662,337.756,0,0,0,0
1664,82,Hombre,6.6,131,53.2,24,0,0,-0.222,19,140,-2.67,36,0,-0.77,0.41,-1.67,-0.222,-0.572,-2.67,-1.55,-2.07,-2.15,-2.41,-3.01,329.899,578.991,445.317,428.927,0,0,0,0
1665,67,Hombre,8.8,133,46.4,38,0,0,0.533,65,137,-3.9,36,0,-0.16,0.4,-0.65,0.533,0.183,-3.9,-2.77,-3.3,-3.37,-2.5,-3.1,979.311,1718.745,1321.932,1273.277,0,0,0,0
1666,68,Hombre,8,127,56,52,0,1,-0.469,33,133,1.13,36,0,0.34,-0.95,1.15,-0.119,-0.469,0.01,1.13,0.61,0.53,0.43,-0.17,678.099,1190.102,915.339,881.649,0,0,0,0
1667,72,Hombre,5.5,135,53.3,40,0,0,-0.983,15,141,-1.33,36,0,-0.34,-0.97,-2.9,-0.983,-1.333,-1.33,-0.21,-0.73,-0.81,-2.21,-2.81,4763.6,8360.379,6430.188,6193.521,0,0,0,0
1668,72,Hombre,8.6,139,32,143,1,0,-0.404,96,146,-2.73,36,0,0.22,-1.24,0.82,-0.404,-0.754,-2.73,-1.61,-2.13,-2.21,-2.74,-3.34,328.501,576.537,443.43,427.109,0,0,0,0
1669,71,Hombre,6.2,132,47.9,85,0,0,0.297,114,143,-2.09,36,0,-1.6,-0.01,0.95,0.297,-0.053,-2.09,-0.96,-1.49,-1.56,-1.04,-1.64,1093.86,1919.785,1476.557,1422.212,0,0,0,0
1670,56,Hombre,9.4,117,51.2,120,1,0,0.004,121,111,-2.17,36,0,-1.15,-1.61,0.02,0.004,-0.346,-2.17,-1.05,-1.57,-1.65,-1.57,-2.17,497.355,872.885,671.359,646.649,0,0,0,0
1671,79,Mujer,7.9,143,26.1,143,0,0,0.363,206,141,-3.26,36,0,-1.41,-0.47,-1.65,0.363,0.013,-3.26,-2.14,-2.66,-2.74,-2.12,-2.72,98.825,173.443,133.4,128.49,0,0,0,0
1672,69,Mujer,6.5,128,21.4,71,0,1,-0.202,58,132,-4.56,36,0,-0.4,1.9,0.29,0.148,-0.202,-5.68,-4.56,-5.08,-5.16,-4.86,-5.46,212.186,372.399,286.422,275.88,0,0,0,0
1673,62,Hombre,7.6,140,47.9,23,0,0,0.196,28,148,-2.74,36,0,-0.84,1.47,-0.47,0.196,-0.154,-2.74,-1.62,-2.14,-2.22,-1.85,-2.45,2120.625,3721.813,2862.545,2757.187,0,0,0,0
1674,62,Mujer,8.9,112,37.1,142,1,0,-0.919,57,118,-1.04,36,0,-0.87,-0.48,-0.05,-0.919,-1.269,-1.04,0.09,-0.44,-0.51,-1.82,-2.42,1565.211,2747.031,2112.814,2035.051,0,0,0,0
1675,68,Mujer,8.2,128,57.1,421,0,1,-0.94,164,125,-0.96,36,0,-1.19,-0.79,1.78,-0.59,-0.94,-2.08,-0.96,-1.48,-1.56,-2.37,-2.97,783.729,1375.488,1057.924,1018.987,0,0,0,0
1676,77,Mujer,9,146,57.6,208,0,1,-0.01,206,140,-3.79,36,0,2.15,0.15,-0.85,0.34,-0.01,-4.92,-3.79,-4.32,-4.39,-3.81,-4.41,27.322,47.951,36.88,35.523,1,0,0,1
1677,52,Mujer,7,156,69,38,0,1,-0.276,29,159,-0.52,36,0,0.69,-0.97,0.53,0.074,-0.276,-1.64,-0.52,-1.04,-1.12,-0.93,-1.53,647.069,1135.642,873.452,841.304,0,0,0,0
1678,61,Hombre,7.6,115,60.7,252,0,1,-0.097,229,113,-1.21,36,0,0.78,1.01,-0.97,0.253,-0.097,-2.33,-1.21,-1.73,-1.81,-1.35,-1.95,915.714,1607.127,1236.084,1190.589,0,0,0,0
1679,57,Hombre,7.1,132,41,133,0,0,-0.143,115,116,-1.52,36,0,0.89,-0.58,-0.24,-0.143,-0.493,-1.52,-0.39,-0.92,-0.99,-1.13,-1.73,3119.062,5474.124,4210.293,4055.331,0,0,0,0
1680,76,Mujer,6.8,139,40.7,156,1,0,0.451,245,115,-4.94,36,0,-0.74,0.73,-1.41,0.451,0.101,-4.94,-3.82,-4.34,-4.42,-3.66,-4.26,155.346,272.642,209.696,201.978,0,0,0,0
1681,76,Hombre,7.1,147,57.3,115,1,0,0.747,243,158,-3.53,36,0,1.12,0.05,-0.16,0.747,0.397,-3.53,-2.41,-2.93,-3.01,-1.81,-2.41,364.994,640.584,492.69,474.557,0,0,0,0
1682,64,Hombre,8.1,136,48.6,117,0,1,0.628,219,133,-3.86,36,0,-2.61,0.44,0.42,0.978,0.628,-4.98,-3.86,-4.38,-4.46,-2.91,-3.51,211.461,371.125,285.442,274.937,0,0,0,0
1683,72,Mujer,8.8,122,60.4,613,0,1,-0.325,443,112,-3.32,36,0,1.85,0.28,0.53,0.025,-0.325,-4.45,-3.32,-3.85,-3.92,-3.81,-4.41,246.397,432.441,332.602,320.36,0,0,0,0
1684,70,Hombre,8.6,136,30.8,21,0,0,0.611,39,128,-4.32,36,0,0.28,1.29,-0.2,0.611,0.261,-4.32,-3.19,-3.72,-3.79,-2.8,-3.4,43.934,77.106,59.305,57.122,0,0,0,0
1685,66,Hombre,9,116,49.5,38,0,1,-1.02,14,107,0.57,36,0,-0.21,-0.44,0.23,-0.67,-1.02,-0.56,0.57,0.04,-0.03,-0.96,-1.56,752.929,1321.432,1016.348,978.941,0,0,0,0
1686,75,Hombre,8.7,135,42.5,158,0,0,-0.062,149,126,-4.6,36,0,1.76,1.28,0.64,-0.062,-0.412,-4.6,-3.47,-4,-4.07,-4.09,-4.69,56.623,99.376,76.433,73.62,0,0,0,0
1687,72,Mujer,8.2,140,53.1,99,0,0,0.117,111,147,-4.3,36,0,-0.22,0.27,-1.1,0.117,-0.233,-4.3,-3.18,-3.7,-3.78,-3.53,-4.13,1000.541,1756.005,1350.59,1300.88,0,0,0,0
1688,56,Mujer,6.8,140,39.8,628,0,1,-0.796,283,129,-1.52,36,0,-1.4,0.25,2.59,-0.446,-0.796,-2.65,-1.52,-2.05,-2.12,-2.72,-3.32,156.34,274.385,211.036,203.269,0,0,0,0
1689,69,Hombre,6.6,171,50.1,282,0,0,-0.419,185,170,-0.48,36,0,-0.36,-3.09,0.51,-0.419,-0.769,-0.48,0.65,0.12,0.05,-0.51,-1.11,2247.342,3944.208,3033.594,2921.941,0,0,0,0
1690,67,Mujer,7.3,138,37.3,109,0,1,0.17,129,121,-3.88,36,0,0.18,1.42,-0.87,0.52,0.17,-5.01,-3.88,-4.41,-4.48,-3.63,-4.23,167.303,293.626,225.835,217.523,0,0,0,0
1691,40,Mujer,6.9,119,55.8,205,0,1,-1.103,68,113,2.4,36,0,-0.26,-0.12,-0.86,-0.753,-1.103,1.28,2.4,1.88,1.8,0.75,0.15,6380.761,11198.585,8613.127,8296.116,0,0,0,0
1692,68,Hombre,9.1,112,56.3,191,0,1,-0.43,124,100,-1.03,36,0,-0.87,-1.1,0.06,-0.08,-0.43,-2.15,-1.03,-1.55,-1.63,-1.67,-2.27,3081.283,5407.821,4159.297,4006.212,0,0,0,0
1693,79,Mujer,8.6,129,42,164,0,1,-0.245,128,109,-2.67,36,0,0.17,0.26,-0.74,0.105,-0.245,-3.79,-2.67,-3.19,-3.27,-3.04,-3.64,626.552,1099.633,845.757,814.628,0,0,0,0
1694,81,Mujer,7.2,143,59,396,0,0,0.202,485,161,-1.81,36,0,1.53,-0.52,0.09,0.202,-0.148,-1.81,-0.69,-1.21,-1.29,-0.91,-1.51,193.712,339.975,261.484,251.86,0,0,0,0
1695,65,Hombre,8.3,140,53.5,39,1,0,0.824,89,122,-2.67,36,0,-1.64,-0.11,1,0.824,0.474,-2.67,-1.54,-2.07,-2.14,-0.83,-1.43,1868.304,3278.975,2521.946,2429.124,0,0,0,0
1696,64,Mujer,7,140,48.4,53,0,1,0.685,105,143,-2.97,36,0,0.87,0.61,0.67,1.035,0.685,-4.09,-2.97,-3.49,-3.57,-1.94,-2.54,1663.673,2919.837,2245.724,2163.069,0,0,0,0
1697,69,Mujer,7.4,128,45.8,32,1,0,-0.795,14,137,-1.92,36,0,0.2,-1.63,2.07,-0.795,-1.145,-1.92,-0.8,-1.32,-1.4,-2.52,-3.12,3644.622,6396.511,4919.725,4738.652,0,0,0,0
1698,53,Hombre,7,143,42.9,69,0,0,-0.665,35,149,-0.28,36,0,-1.3,0.13,-0.16,-0.665,-1.015,-0.28,0.85,0.32,0.25,-0.67,-1.27,6319.227,11090.588,8530.064,8216.11,0,0,0,0
1699,62,Hombre,8.8,130,38.6,59,0,1,0.144,68,109,-1.06,36,0,-0.08,-0.93,-0.37,0.494,0.144,-2.18,-1.06,-1.58,-1.66,-0.84,-1.44,455.592,799.589,614.985,592.35,0,0,0,0
1700,64,Hombre,5.5,115,42,69,0,0,-0.195,57,115,-3.42,36,0,-0.31,2.24,1.51,-0.195,-0.545,-3.42,-2.3,-2.82,-2.9,-3.12,-3.72,308.779,541.925,416.808,401.468,0,0,0,0
1701,57,Hombre,8.2,119,53.7,8,0,0,-0.202,7,116,1.37,36,0,-2.4,-1.67,-0.58,-0.202,-0.552,1.37,2.5,1.97,1.9,1.67,1.07,6741.415,11831.552,9099.958,8765.029,0,0,0,0
1702,76,Hombre,6.2,141,53.3,158,1,1,-0.426,103,120,-3.09,36,0,-0.2,2.09,1.23,-0.076,-0.426,-4.21,-3.09,-3.61,-3.69,-3.72,-4.32,129.471,227.228,174.767,168.335,0,0,0,0
1703,57,Hombre,9.2,129,51.8,178,0,0,1.005,486,124,-3.64,36,0,0.58,0.15,-0.4,1.005,0.655,-3.64,-2.52,-3.04,-3.12,-1.53,-2.13,72.916,127.971,98.426,94.803,0,0,0,0
1704,55,Hombre,7.1,140,58.2,93,0,0,0.456,147,138,-3.1,36,0,-1.56,0.68,0.44,0.456,0.106,-3.1,-1.97,-2.5,-2.57,-1.82,-2.42,596.172,1046.314,804.748,775.128,0,0,0,0
1705,73,Mujer,6.8,155,59,46,0,0,0.601,84,148,-4.84,36,0,0.34,1.56,0.91,0.601,0.251,-4.84,-3.71,-4.24,-4.31,-3.34,-3.94,388.867,682.482,524.915,505.595,0,0,0,0
1706,62,Hombre,7,138,48,55,0,0,-0.455,35,131,-1.14,36,0,0.36,-0.69,0.77,-0.455,-0.805,-1.14,-0.01,-0.54,-0.61,-1.22,-1.82,4093.415,7184.166,5525.532,5322.161,0,0,0,0
1707,60,Mujer,9,130,45.8,203,0,1,0.668,396,131,-4.59,36,0,0.3,1.5,0.62,1.018,0.668,-5.71,-4.59,-5.11,-5.19,-3.58,-4.18,68.404,120.054,92.336,88.938,0,0,0,0
1708,70,Mujer,6.6,127,43.3,7,0,0,-0.714,3,121,1.26,36,0,0.24,-1.72,0.6,-0.714,-1.064,1.26,2.38,1.86,1.78,0.79,0.19,1268.706,2226.648,1712.573,1649.541,0,0,0,0
1709,61,Mujer,6.8,148,38.7,47,1,0,-0.27,36,141,-2.95,36,0,0.54,-0.51,-1.47,-0.27,-0.62,-2.95,-1.82,-2.35,-2.42,-2.75,-3.35,535.797,940.354,723.251,696.631,0,0,0,0
1710,68,Mujer,5.8,140,38.8,119,0,0,0.154,139,138,-2.58,36,0,0.7,-0.99,-0.67,0.154,-0.196,-2.58,-1.46,-1.98,-2.06,-1.75,-2.35,406.553,713.524,548.79,528.591,0,0,0,0
1711,59,Hombre,7.2,101,57,28,0,1,-2.101,3,100,4.6,36,0,0.94,-1.53,1.7,-1.751,-2.101,3.47,4.6,4.07,4,1.44,0.84,41346.37,72565.139,55811.761,53757.577,0,0,0,0
1712,47,Hombre,6.2,144,61.5,58,0,1,-0.494,35,141,0.55,36,0,-0.35,-0.11,0.28,-0.144,-0.494,-0.58,0.55,0.02,-0.05,-0.2,-0.8,7853.6,13783.498,10601.251,10211.066,0,0,0,0
1713,60,Mujer,6.5,149,45.3,138,0,0,0.396,205,133,-3.72,36,0,0.5,0.82,1.37,0.396,0.046,-3.72,-2.6,-3.12,-3.2,-2.53,-3.13,240.493,422.079,324.632,312.684,0,0,0,0
1714,60,Mujer,6.3,149,53.3,65,0,1,0.687,129,140,-1.19,36,0,-0.28,-0,-1.35,1.037,0.687,-2.31,-1.19,-1.71,-1.79,-0.16,-0.76,31.656,55.558,42.731,41.158,1,0,0,0
1715,69,Hombre,7,154,41.3,124,1,0,0.703,250,139,-3.79,36,0,-0.34,-1,1.01,0.703,0.353,-3.79,-2.67,-3.19,-3.27,-2.14,-2.74,59.367,104.192,80.137,77.188,0,0,0,0
1716,58,Hombre,8.5,153,39.6,295,0,1,-0.519,176,148,-2.78,36,0,0.7,-1.16,-0.17,-0.169,-0.519,-3.91,-2.78,-3.31,-3.38,-3.56,-4.16,646.02,1133.8,872.035,839.939,0,0,0,0
1717,68,Mujer,8.3,145,48.5,87,0,0,0.008,88,149,-2.11,36,0,-0.02,-0.11,1.39,0.008,-0.342,-2.11,-0.99,-1.51,-1.59,-1.5,-2.1,542.185,951.564,731.873,704.936,0,0,0,0
1718,61,Hombre,5.7,138,59.6,36,0,0,0.874,86,127,-2.5,36,0,0.27,1.18,-0.82,0.874,0.524,-2.5,-1.38,-1.9,-1.98,-0.59,-1.19,3114.568,5466.237,4204.227,4049.488,0,0,0,0
1719,64,Hombre,8,126,48.7,132,1,1,-1.159,41,120,-0.51,36,0,-0.94,-0.97,1,-0.809,-1.159,-1.63,-0.51,-1.03,-1.11,-2.24,-2.84,593.705,1041.985,801.418,771.921,0,0,0,0
1720,68,Hombre,7.3,139,36.4,390,0,1,0.304,529,140,-2.49,36,0,-1.09,-0.87,-0.41,0.654,0.304,-3.61,-2.49,-3.01,-3.09,-2.03,-2.63,37.104,65.12,50.085,48.242,0,0,0,0
1721,62,Hombre,8,154,24.3,334,1,1,-0.517,199,142,-4.13,36,0,1.01,-0.02,-0.32,-0.167,-0.517,-5.25,-4.13,-4.65,-4.73,-4.9,-5.5,448.751,787.583,605.751,583.456,0,0,0,0
1722,49,Hombre,8,117,59.7,19,0,0,1.419,79,116,-0.95,36,0,0.53,0.36,0.99,1.419,1.069,-0.95,0.18,-0.35,-0.42,1.78,1.18,169.217,296.985,228.419,220.012,0,0,0,0
1723,52,Mujer,5.5,120,52.2,53,0,0,-0.043,51,109,-0.2,36,0,-0.64,1.22,-0.51,-0.043,-0.393,-0.2,0.93,0.4,0.33,0.34,-0.26,1509.514,2649.28,2037.631,1962.635,0,0,0,0
1724,74,Hombre,5.7,141,59.5,33,0,0,0.399,49,132,-2.45,36,0,-0.94,1.33,0.95,0.399,0.049,-2.45,-1.32,-1.85,-1.92,-1.25,-1.85,394.484,692.34,532.497,512.898,0,0,0,0
1725,56,Hombre,7.2,154,48.8,149,0,1,0.027,153,150,-3.54,36,0,0.4,0.88,1.57,0.377,0.027,-4.66,-3.54,-4.06,-4.14,-3.5,-4.1,794.876,1395.051,1072.97,1033.479,0,0,0,0
1726,75,Hombre,6.6,125,35,294,1,0,-0.957,113,125,0.63,36,0,2.08,-1.36,3.42,-0.957,-1.307,0.63,1.75,1.23,1.15,-0.21,-0.81,335.842,589.421,453.34,436.654,0,0,0,0
1727,86,Mujer,6.3,130,38.6,302,0,0,0.049,317,130,-3.51,26.29,1,-0.38,0.73,0.86,0.049,-0.301,-3.51,-2.38,-2.91,-2.98,-2.83,-3.43,26.285,46.132,35.482,34.176,1,0,1,1
1728,61,Hombre,7.9,148,49.2,44,0,0,-0.261,34,145,-3.4,36,0,-0.49,1.07,-0.47,-0.261,-0.611,-3.4,-2.27,-2.8,-2.87,-3.19,-3.79,1280.436,2247.235,1728.408,1664.793,0,0,0,0
1729,58,Hombre,7.2,141,53.6,183,0,0,0.356,261,130,-1.85,36,0,-0.93,-0.65,-0.23,0.356,0.006,-1.85,-0.73,-1.25,-1.33,-0.72,-1.32,1866.217,3275.312,2519.129,2426.411,0,0,0,0
1730,67,Mujer,5.6,132,45.5,42,0,0,0.424,64,136,-4.08,36,0,2.47,1.19,-0.3,0.424,0.074,-4.08,-2.96,-3.48,-3.56,-2.85,-3.45,300.829,527.972,406.077,391.131,0,0,0,0
1731,71,Hombre,7.6,130,40.9,66,1,0,0.989,177,135,-5.94,36,0,-0.87,1.19,-0.83,0.989,0.639,-5.94,-4.81,-5.34,-5.41,-3.86,-4.46,91.223,160.101,123.138,118.605,0,0,0,0
1732,60,Mujer,7.3,137,42.5,254,1,1,-0.23,202,139,1.84,36,0,-1.32,-1.73,0.35,0.12,-0.23,0.72,1.84,1.32,1.24,1.5,0.9,2045.513,3589.987,2761.154,2659.528,0,0,0,0
1733,40,Hombre,7.3,129,50.4,114,0,1,-0.567,65,128,3.7,36,0,0.65,-1.74,0.19,-0.217,-0.567,2.58,3.7,3.18,3.1,2.85,2.25,311.232,546.23,420.12,404.657,0,0,0,0
1734,59,Mujer,7,122,52.5,70,0,1,-1.553,15,111,0.92,36,0,2.54,-0.91,1.35,-1.203,-1.553,-0.2,0.92,0.4,0.32,-1.41,-2.01,1243.849,2183.022,1679.02,1617.223,0,0,0,0
1735,53,Hombre,8.3,120,32.6,127,0,1,-0.398,85,119,0.68,36,0,1,-0.76,-0.89,-0.048,-0.398,-0.44,0.68,0.16,0.08,0.09,-0.51,170.591,299.397,230.274,221.799,0,0,0,0
1736,73,Mujer,8.9,148,60.6,281,1,1,0.26,364,139,-3.64,36,0,-0.5,1.19,-0.41,0.61,0.26,-4.76,-3.64,-4.16,-4.24,-3.25,-3.85,40.445,70.983,54.595,52.585,0,0,0,0
1737,66,Hombre,8.3,135,52.5,185,1,1,-0.16,158,133,-1.25,36,0,2.37,-0.11,-0.04,0.19,-0.16,-2.37,-1.25,-1.77,-1.85,-1.49,-2.09,381.967,670.373,515.602,496.625,0,0,0,0
1738,66,Mujer,7.5,153,32.4,395,1,1,-0.179,330,152,-1.43,36,0,0.94,0.03,-0.92,0.171,-0.179,-2.55,-1.43,-1.95,-2.03,-1.7,-2.3,25.139,44.12,33.934,32.685,1,0,1,1
1739,66,Hombre,8.2,127,47.9,110,1,0,0.313,150,144,-0.64,36,0,-0.55,-0.66,-0.35,0.313,-0.037,-0.64,0.48,-0.04,-0.12,0.43,-0.17,1866.748,3276.244,2519.846,2427.101,0,0,0,0
1740,56,Mujer,8.2,118,38.1,79,0,0,-0.02,77,117,-0.08,36,0,-0.5,0.88,-0.5,-0.02,-0.37,-0.08,1.05,0.52,0.45,0.49,-0.11,335.515,588.847,452.897,436.228,0,0,0,0
1741,79,Hombre,6.5,163,56.6,223,1,0,-0.514,133,163,-0.01,36,0,0.4,-2.17,0.96,-0.514,-0.864,-0.01,1.11,0.59,0.51,-0.18,-0.78,166.911,292.938,225.306,217.014,0,0,0,0
1742,57,Hombre,6.3,132,40.3,36,1,0,0.479,58,126,-1.38,36,0,0.38,0.57,1.51,0.479,0.129,-1.38,-0.25,-0.78,-0.85,-0.06,-0.66,1750.443,3072.124,2362.851,2275.885,0,0,0,0
1743,67,Hombre,7.7,143,50.7,82,0,1,-0.611,45,149,-0,36,0,-0.22,-1.52,0.45,-0.261,-0.611,-1.13,-0,-0.53,-0.6,-0.92,-1.52,313.759,550.664,423.53,407.942,0,0,0,0
1744,71,Mujer,8.6,131,48.7,40,0,1,-0.272,30,118,-2.53,36,0,-0.06,0.55,0,0.078,-0.272,-3.65,-2.53,-3.05,-3.13,-2.94,-3.54,660.182,1158.655,891.152,858.353,0,0,0,0
1745,57,Hombre,8.9,142,75,113,0,1,-0.931,45,140,1,36,0,-1.23,-1.49,1.42,-0.581,-0.931,-0.12,1,0.48,0.4,-0.4,-1,5533.743,9712.022,7469.772,7194.843,0,0,0,0
1746,80,Hombre,5.7,119,38.8,123,0,0,1.486,544,93,-7.49,36,0,0.7,2.38,-0.9,1.486,1.136,-7.49,-6.36,-6.89,-6.96,-4.66,-5.26,178.324,312.968,240.712,231.852,0,0,0,0
1747,88,Mujer,9,147,34,348,0,1,-0.663,179,152,-1.9,36,0,2.32,-0.95,0.23,-0.313,-0.663,-3.03,-1.9,-2.43,-2.5,-2.9,-3.5,173.61,304.694,234.349,225.723,0,0,0,0
1748,50,Hombre,8.1,130,54.7,59,0,1,-0.395,40,112,-0.75,36,0,-2.85,0.76,0.98,-0.045,-0.395,-1.87,-0.75,-1.27,-1.35,-1.34,-1.94,2193.405,3849.545,2960.787,2851.813,0,0,0,0
1749,74,Hombre,5.5,142,51.9,76,0,0,0.761,163,151,-3.81,36,0,0.29,0.56,0.35,0.761,0.411,-3.81,-2.68,-3.21,-3.28,-2.07,-2.67,248.104,435.436,334.905,322.579,0,0,0,0
1750,68,Mujer,6.5,129,51.1,24,0,0,-0.343,17,114,0.54,36,0,1.04,-0.81,0.59,-0.343,-0.693,0.54,1.66,1.14,1.06,0.62,0.02,6384.414,11204.995,8618.057,8300.864,0,0,0,0
1751,77,Mujer,8.3,142,31.7,438,0,0,0.015,445,134,-3.28,15.65,1,0.09,0.63,1.38,0.015,-0.335,-3.28,-2.16,-2.68,-2.76,-2.66,-3.26,15.649,27.466,21.124,20.347,1,1,1,1
1752,68,Hombre,9,144,42.5,301,0,0,0.732,626,156,-6.64,36,0,0.46,2.31,0.83,0.732,0.382,-6.64,-5.52,-6.04,-6.12,-4.95,-5.55,286.901,503.528,387.276,373.022,0,0,0,0
1753,63,Mujer,8.7,111,41.2,118,0,0,0.212,146,117,-4.64,36,0,-1.09,1.44,-1.95,0.212,-0.138,-4.64,-3.51,-4.04,-4.11,-3.72,-4.32,1363.631,2393.247,1840.709,1772.961,0,0,0,0
1754,59,Hombre,10.4,126,48.2,57,1,1,0.679,112,141,-2.31,36,0,0.68,-0.44,0.93,1.029,0.679,-3.43,-2.31,-2.83,-2.91,-1.29,-1.89,482.151,846.202,650.836,626.882,0,0,0,0
1755,80,Hombre,9,148,49.3,560,0,1,-0.692,280,139,-2.2,36,0,-1.6,-0.02,1.79,-0.342,-0.692,-3.33,-2.2,-2.73,-2.8,-3.24,-3.84,910.55,1598.065,1229.114,1183.876,0,0,0,0
1756,72,Mujer,7.9,149,35.7,42,1,0,0.047,44,143,-1.37,36,0,0.33,-0.33,0.24,0.047,-0.303,-1.37,-0.25,-0.77,-0.85,-0.7,-1.3,277.937,487.795,375.176,361.367,0,0,0,0
1757,83,Hombre,5.5,144,34.3,224,1,0,0.155,261,149,-3.23,36,0,1.9,-0.4,1.66,0.155,-0.195,-3.23,-2.1,-2.63,-2.7,-2.4,-3,751.658,1319.201,1014.632,977.288,0,0,0,0
1758,54,Mujer,8,127,34.3,124,0,0,0.137,142,128,-1.62,36,0,-1.39,0.47,0.23,0.137,-0.213,-1.62,-0.49,-1.02,-1.09,-0.81,-1.41,132.015,231.693,178.201,171.642,0,0,0,0
1759,74,Mujer,6.2,157,37.6,43,0,0,0.86,102,150,-5.68,18.21,1,0.07,1.59,-0.66,0.86,0.51,-5.68,-4.55,-5.08,-5.15,-3.79,-4.39,18.211,31.961,24.582,23.677,1,1,1,1
1760,56,Hombre,10.2,105,49.1,54,0,0,0.008,54,101,-0.7,36,0,-1.72,-0.23,0.6,0.008,-0.342,-0.7,0.42,-0.1,-0.18,-0.09,-0.69,328.117,575.864,442.912,426.611,0,0,0,0
1761,62,Hombre,8.6,125,42.4,231,0,1,-0.468,145,120,-0.23,36,0,-0.51,-0.5,-1.72,-0.118,-0.468,-1.36,-0.23,-0.76,-0.83,-0.94,-1.54,144.232,253.136,194.693,187.528,0,0,0,0
1762,69,Mujer,7.6,124,45.2,294,0,0,-0.245,230,128,-2.62,36,0,1.68,-1.16,1,-0.245,-0.595,-2.62,-1.49,-2.02,-2.09,-2.38,-2.98,58.253,102.237,78.633,75.739,0,0,0,0
1763,76,Hombre,6.5,101,58.8,50,0,0,-0.47,31,97,0.38,36,0,1.46,-0.47,0.1,-0.47,-0.82,0.38,1.5,0.98,0.9,0.27,-0.33,4038.971,7088.615,5452.04,5251.375,0,0,0,0
1764,77,Hombre,6.9,147,59.3,280,0,0,-0.299,208,148,-0.92,36,0,-0.39,0.74,0.02,-0.299,-0.649,-0.92,0.2,-0.32,-0.4,-0.77,-1.37,212.053,372.165,286.242,275.707,0,0,0,0
1765,68,Hombre,8.4,123,45.1,773,0,0,-0.501,468,142,-4.62,36,0,1.02,0.62,0.24,-0.501,-0.851,-4.62,-3.5,-4.02,-4.1,-4.78,-5.38,54.653,95.918,73.773,71.058,0,0,0,0
1766,79,Mujer,6.2,133,43.2,139,0,0,-0.16,118,132,-4.39,36,0,-1.12,0.9,0.72,-0.16,-0.51,-4.39,-3.27,-3.79,-3.87,-4.03,-4.63,939.206,1648.357,1267.795,1221.133,0,0,0,0
1767,74,Hombre,7.4,147,35.6,26,1,0,0.313,36,144,-0.4,36,0,-0.93,-1.34,0.1,0.313,-0.037,-0.4,0.72,0.2,0.12,0.67,0.07,1144.888,2009.341,1545.437,1488.556,0,0,0,0
1768,77,Hombre,8.5,122,30.8,66,0,0,0.61,121,128,-3.31,14.48,1,-0.42,0.41,-0.76,0.61,0.26,-3.31,-2.18,-2.71,-2.78,-1.79,-2.39,14.483,25.419,19.55,18.831,1,1,1,1
1769,59,Hombre,8.2,130,60.6,189,0,1,0.427,290,124,-3.66,36,0,-0.38,-0.09,1.91,0.777,0.427,-4.79,-3.66,-4.19,-4.26,-3.02,-3.62,101.8,178.664,137.415,132.357,0,0,0,0
1770,76,Mujer,9.7,141,42.6,282,1,1,0.076,304,130,-2.33,36,0,0.22,-0.68,2.16,0.426,0.076,-3.45,-2.33,-2.85,-2.93,-2.21,-2.81,277.655,487.299,374.794,361,0,0,0,0
1771,46,Hombre,8.5,121,44.5,613,0,1,-0.185,510,125,-2.39,36,0,-1.02,1.1,0.09,0.165,-0.185,-3.52,-2.39,-2.92,-2.99,-2.67,-3.27,124.526,218.551,168.093,161.906,0,0,0,0
1772,57,Hombre,8.7,114,35.5,212,0,0,0.021,216,119,-0.66,36,0,1.59,-0.13,-1.13,0.021,-0.329,-0.66,0.46,-0.06,-0.14,-0.03,-0.63,1276.042,2239.523,1722.476,1659.079,0,0,0,0
1773,79,Mujer,9.3,133,49.2,49,0,0,-0.03,48,112,-4,36,0,2.28,0.14,0.96,-0.03,-0.38,-4,-2.88,-3.4,-3.48,-3.45,-4.05,2379.359,4175.905,3211.799,3093.587,0,0,0,0
1774,81,Hombre,9.9,132,34.7,1044,0,0,-0.383,712,126,-4.55,36,0,1.22,0.36,0.2,-0.383,-0.733,-4.55,-3.43,-3.95,-4.03,-4.53,-5.13,347.734,610.293,469.392,452.116,0,0,0,0
1775,82,Hombre,8.7,143,34.9,503,1,0,-1.1,167,151,-3.38,36,0,1.21,-0.69,-0.69,-1.1,-1.45,-3.38,-2.26,-2.78,-2.86,-4.43,-5.03,1659.761,2912.971,2240.443,2157.982,0,0,0,0
1776,78,Mujer,7,139,34.8,44,1,0,-0.191,36,140,-1.49,36,0,1.24,0.22,-0.56,-0.191,-0.541,-1.49,-0.37,-0.89,-0.97,-1.18,-1.78,120.502,211.488,162.661,156.674,0,0,0,0
1777,75,Mujer,8.9,134,52,28,0,0,0.637,53,134,-3.66,0.89,1,1.53,0.89,2.21,0.637,0.287,-3.66,-2.53,-3.06,-3.13,-2.1,-2.7,0.892,1.565,1.204,1.16,1,1,1,1
1778,66,Hombre,7.6,142,47.6,48,0,1,-0.421,31,137,-1.19,36,0,0.66,-1.19,-0.89,-0.071,-0.421,-2.31,-1.19,-1.71,-1.79,-1.82,-2.42,1072.465,1882.235,1447.676,1394.394,0,0,0,0
1779,59,Hombre,7.3,159,55.8,473,0,1,-1.184,145,159,-0.91,36,0,-1.18,0.53,0.74,-0.834,-1.184,-2.04,-0.91,-1.44,-1.51,-2.69,-3.29,1983.84,3481.748,2677.904,2579.342,0,0,0,0
1780,72,Mujer,6.7,143,31.6,153,0,0,0.072,164,151,-5.1,36,0,0.79,0.77,-1.39,0.072,-0.278,-5.1,-3.98,-4.5,-4.58,-4.39,-4.99,93.446,164.003,126.139,121.496,0,0,0,0
1781,79,Hombre,9.1,135,46.8,470,0,0,-1.465,109,136,-1.22,36,0,-1.41,-0.86,-2.69,-1.465,-1.815,-1.22,-0.1,-0.62,-0.7,-2.82,-3.42,741.978,1302.212,1001.566,964.702,0,0,0,0
1782,61,Hombre,9.4,149,53.4,153,1,1,0.148,177,148,-4.36,36,0,-0.29,1.47,-0.43,0.498,0.148,-5.49,-4.36,-4.89,-4.96,-4.14,-4.74,874.557,1534.895,1180.528,1137.078,0,0,0,0
1783,65,Mujer,6.9,145,42.7,250,0,1,0.194,303,135,-3.97,36,0,-0.23,0.74,2.9,0.544,0.194,-5.09,-3.97,-4.49,-4.57,-3.68,-4.28,43.836,76.935,59.173,56.995,0,0,0,0
1784,60,Hombre,7.3,117,33.4,120,0,0,0.304,163,124,-3.59,36,0,-0.58,0.46,1.3,0.304,-0.046,-3.59,-2.47,-2.99,-3.07,-2.54,-3.14,270.659,475.021,365.351,351.904,0,0,0,0
1785,70,Mujer,7,144,56,333,0,0,0.911,828,152,-3.58,36,0,1.12,1.9,0.94,0.911,0.561,-3.58,-2.46,-2.98,-3.06,-1.61,-2.21,87.216,153.068,117.729,113.396,0,0,0,0
1786,85,Mujer,7.4,164,43.4,169,0,0,0.423,258,157,-2.71,36,0,0.79,-0.48,-0.94,0.423,0.073,-2.71,-1.59,-2.11,-2.19,-1.48,-2.08,622.062,1091.752,839.695,808.79,0,0,0,0
1787,67,Hombre,7,145,44.2,249,0,0,0.148,289,148,-2.98,36,0,-0.1,1.43,0.94,0.148,-0.202,-2.98,-1.85,-2.38,-2.45,-2.16,-2.76,215.321,377.901,290.654,279.956,0,0,0,0
1788,88,Hombre,6.4,133,47.3,50,0,1,-0.838,22,130,0.39,36,0,0.22,-0.29,-0.56,-0.488,-0.838,-0.73,0.39,-0.13,-0.21,-0.86,-1.46,65.494,114.946,88.408,85.154,0,0,0,0
1789,67,Mujer,6.6,120,58,39,1,1,0.538,67,112,-1.57,36,0,-0.01,0.37,-0.23,0.888,0.538,-2.69,-1.57,-2.09,-2.17,-0.76,-1.36,1122.364,1969.81,1515.033,1459.271,0,0,0,0
1790,54,Hombre,6.4,107,33.1,19,1,1,-0.391,13,98,1.45,36,0,0.8,0.55,0.9,-0.041,-0.391,0.33,1.45,0.93,0.85,0.86,0.26,89.783,157.574,121.194,116.734,0,0,0,0
1791,69,Mujer,8,123,41.7,133,0,0,-0.447,85,132,-2.12,36,0,-0.91,-0.62,-0,-0.447,-0.797,-2.12,-0.99,-1.52,-1.59,-2.19,-2.79,1803.36,3164.996,2434.282,2344.687,0,0,0,0
1792,59,Hombre,6.7,129,44.5,106,0,0,0.11,118,140,-1.68,36,0,0.38,0.09,-0.66,0.11,-0.24,-1.68,-0.56,-1.08,-1.16,-0.92,-1.52,1329.024,2332.51,1793.995,1727.966,0,0,0,0
1793,68,Mujer,8.6,115,56.6,110,0,0,0.56,193,108,-2.67,36,0,-0.29,-0.53,-0.49,0.56,0.21,-2.67,-1.54,-2.07,-2.14,-1.23,-1.83,37.917,66.546,51.182,49.298,0,0,0,0
1794,83,Mujer,8.9,141,46.5,114,1,1,-0.564,65,121,-4.45,18.54,1,0.31,-0.4,-0.16,-0.214,-0.564,-5.58,-4.45,-4.98,-5.05,-5.3,-5.9,10.562,18.537,14.257,13.733,1,1,1,1
1795,58,Mujer,8.1,133,46.4,375,0,1,-0.254,291,116,-2.97,36,0,-0.59,0.34,0.1,0.096,-0.254,-4.1,-2.97,-3.5,-3.57,-3.35,-3.95,1091.037,1914.83,1472.746,1418.541,0,0,0,0
1796,75,Mujer,9.8,136,44.9,191,0,0,0.878,460,138,-5.78,19.29,1,-1.36,0.56,-1.09,0.878,0.528,-5.78,-4.66,-5.18,-5.26,-3.87,-4.47,19.287,33.849,26.034,25.076,1,1,1,1
1797,78,Hombre,6.3,139,47.3,110,1,0,0.637,208,142,-3.43,36,0,-0.41,-0.24,-0.59,0.637,0.287,-3.43,-2.31,-2.83,-2.91,-1.88,-2.48,122.446,214.899,165.284,159.201,0,0,0,0
1798,72,Hombre,7.7,110,46.4,122,1,0,-0.034,118,106,0.15,36,0,-1.05,-1.13,1.25,-0.034,-0.384,0.15,1.27,0.75,0.67,0.7,0.1,708.844,1244.061,956.84,921.623,0,0,0,0
1799,54,Hombre,8.5,136,57.3,489,0,1,-0.123,432,133,-1.83,36,0,-0.87,0.35,-1.74,0.227,-0.123,-2.95,-1.83,-2.35,-2.43,-2.01,-2.61,1487.306,2610.303,2007.653,1933.76,0,0,0,0
1800,69,Hombre,6.5,152,42.3,282,1,1,0.854,662,142,-4.39,36,0,1.36,0.92,0.15,1.204,0.854,-5.51,-4.39,-4.91,-4.99,-3.11,-3.71,64.051,112.413,86.46,83.278,0,0,0,0
1801,60,Mujer,8,133,41.7,701,0,0,-0.475,436,137,-3.71,36,0,-1.4,1.01,0.29,-0.475,-0.825,-3.71,-2.58,-3.11,-3.18,-3.82,-4.42,364.254,639.286,491.692,473.595,0,0,0,0
1802,46,Hombre,8.8,120,52.3,56,0,1,-0.737,27,122,0.22,36,0,-1.22,-0.16,0.7,-0.387,-0.737,-0.9,0.22,-0.3,-0.38,-0.88,-1.48,384.402,674.647,518.889,499.791,0,0,0,0
1803,62,Hombre,6.6,136,65.2,126,0,1,-0.252,98,142,-1.53,36,0,0.61,-0.46,-0.39,0.098,-0.252,-2.66,-1.53,-2.06,-2.13,-1.91,-2.51,1009.537,1771.793,1362.733,1312.577,0,0,0,0
1804,65,Hombre,7.9,133,42,49,0,0,0.935,125,117,-4.96,36,0,0.62,0.94,-0.97,0.935,0.585,-4.96,-3.84,-4.36,-4.44,-2.96,-3.56,265.048,465.174,357.777,344.609,0,0,0,0
1805,75,Hombre,7.1,138,45.8,41,0,0,0.228,52,133,-4.22,36,0,2,0.57,2.62,0.228,-0.122,-4.22,-3.09,-3.62,-3.69,-3.27,-3.87,130.3,228.683,175.886,169.412,0,0,0,0
1806,65,Hombre,6.6,121,50.3,49,0,0,0.013,50,130,-1.19,36,0,-1.28,-1.01,-0.37,0.013,-0.337,-1.19,-0.06,-0.59,-0.66,-0.57,-1.17,2506.988,4399.9,3384.079,3259.526,0,0,0,0
1807,74,Mujer,8,140,39.8,65,1,1,-0.325,47,136,-1.83,22.5,1,-0.8,0.74,1.02,0.025,-0.325,-2.95,-1.83,-2.35,-2.43,-2.31,-2.91,12.82,22.499,17.305,16.668,1,1,1,1
1808,76,Hombre,7.1,156,48.4,46,0,0,1.345,177,160,-6.32,36,0,1.77,2.21,-0.15,1.345,0.995,-6.32,-5.2,-5.72,-5.8,-3.7,-4.3,70.18,123.169,94.733,91.246,0,0,0,0
1809,64,Hombre,9.7,160,39.1,226,0,1,-0.031,219,143,-2.84,36,0,1.27,0.05,-1.06,0.319,-0.031,-3.97,-2.84,-3.37,-3.44,-2.89,-3.49,96.459,169.291,130.206,125.414,0,0,0,0
1810,70,Mujer,6.4,123,46.7,337,1,1,-0.131,296,100,-3.59,36,0,0.95,1.75,1.25,0.219,-0.131,-4.72,-3.59,-4.12,-4.19,-3.79,-4.39,294.258,516.439,397.206,382.587,0,0,0,0
1811,62,Hombre,5.5,180,52.1,4,1,0,-0.3,3,190,-0.76,36,0,1.15,-0.11,-0.2,-0.3,-0.65,-0.76,0.37,-0.16,-0.23,-0.61,-1.21,78.443,137.672,105.887,101.99,0,0,0,0
1812,65,Hombre,7.1,141,58.5,111,0,1,-0.89,46,124,2.88,36,0,-0.28,-1.48,1.46,-0.54,-0.89,1.75,2.88,2.35,2.28,1.54,0.94,413.088,724.992,557.611,537.087,0,0,0,0
1813,72,Hombre,7.6,141,49.7,299,0,1,-0.379,205,135,-1.69,36,0,0.48,-0.39,0.31,-0.029,-0.379,-2.81,-1.69,-2.21,-2.29,-2.26,-2.86,826.557,1450.653,1115.735,1074.67,0,0,0,0
1814,68,Mujer,6.9,155,49.7,103,0,1,-0.717,50,145,-0.35,36,0,0.79,-1.59,-0.16,-0.367,-0.717,-1.48,-0.35,-0.88,-0.95,-1.43,-2.03,2989.566,5246.852,4035.492,3886.963,0,0,0,0
1815,74,Hombre,7.1,136,37.9,104,0,0,0.008,105,123,-4.56,36,0,1.81,0.51,0.32,0.008,-0.342,-4.56,-3.43,-3.96,-4.03,-3.94,-4.54,181.073,317.793,244.423,235.427,0,0,0,0
1816,70,Hombre,8.4,137,26,598,0,0,-0.039,575,121,-2.67,36,0,1.59,-0.33,-0.81,-0.039,-0.389,-2.67,-1.55,-2.07,-2.15,-2.13,-2.73,466.663,819.02,629.93,606.745,0,0,0,0
1817,62,Hombre,6.8,170,46.6,215,0,0,0.665,418,169,-4.43,36,0,-0.44,0.75,-1.43,0.665,0.315,-4.43,-3.3,-3.83,-3.9,-2.83,-3.43,52.614,92.34,71.021,68.407,0,0,0,0
1818,86,Hombre,8,159,37.1,32,0,0,0.533,55,157,-2.1,28.38,1,1.31,-0.35,0.24,0.533,0.183,-2.1,-0.98,-1.5,-1.58,-0.7,-1.3,28.378,49.805,38.307,36.897,1,0,0,0
1819,69,Mujer,9.8,170,36.8,663,1,0,1.391,2664,169,-9.29,31.59,1,0.44,1.94,1.13,1.391,1.041,-9.29,-8.17,-8.69,-8.77,-6.61,-7.21,31.594,55.448,42.647,41.077,1,0,0,0
1820,47,Mujer,8.8,116,59.1,83,1,1,-0.696,41,115,-1.97,36,0,-2.7,0.99,0.07,-0.346,-0.696,-3.09,-1.97,-2.49,-2.57,-3.01,-3.61,835.596,1466.516,1127.936,1086.422,0,0,0,0
1821,65,Mujer,6.3,112,36.2,126,0,1,1.016,348,109,-2.24,36,0,-1.16,-0.01,-0.41,1.366,1.016,-3.36,-2.24,-2.76,-2.84,-0.71,-1.31,340.413,597.443,459.509,442.597,0,0,0,0
1822,66,Hombre,8.3,162,35.6,116,1,1,0.073,125,156,-1.3,36,0,0.49,-1.02,-0.36,0.423,0.073,-2.42,-1.3,-1.82,-1.9,-1.19,-1.79,79.358,139.277,107.122,103.179,0,0,0,0
1823,66,Hombre,7.3,127,29.6,237,0,0,-0.274,180,129,-1.44,36,0,-0.01,-0.65,1.43,-0.274,-0.624,-1.44,-0.31,-0.84,-0.91,-1.25,-1.85,114.714,201.33,154.848,149.149,0,0,0,0
1824,66,Hombre,8.1,139,42.7,132,1,0,0.615,244,141,-3.06,21.06,1,0.81,-1.04,-0.35,0.615,0.265,-3.06,-1.94,-2.46,-2.54,-1.54,-2.14,21.063,36.967,28.432,27.386,1,0,1,1
1825,74,Hombre,7.5,137,56.1,66,0,0,0.607,121,138,-3.03,36,0,0.51,-0.21,-1.27,0.607,0.257,-3.03,-1.9,-2.43,-2.5,-1.52,-2.12,91.465,160.525,123.464,118.92,0,0,0,0
1826,45,Mujer,6.4,155,43.3,1153,0,1,-0.321,836,161,-4.45,36,0,-1.48,0.72,-1.07,0.029,-0.321,-5.57,-4.45,-4.97,-5.05,-4.93,-5.53,145.294,254.999,196.126,188.908,0,0,0,0
1827,69,Hombre,7.1,150,39.3,50,1,0,0.833,115,159,-2.25,36,0,-0.13,0.17,0.69,0.833,0.483,-2.25,-1.13,-1.65,-1.73,-0.4,-1,51.59,90.543,69.639,67.076,0,0,0,0
1828,72,Hombre,6.8,145,42.8,331,1,0,0.434,511,133,-4.87,36,0,-0.39,-0.09,0.91,0.434,0.084,-4.87,-3.74,-4.27,-4.34,-3.62,-4.22,162.917,285.928,219.915,211.821,0,0,0,0
1829,67,Mujer,8.1,155,39.4,65,0,0,-1.297,18,165,-1.12,36,0,0.75,-0.25,0.3,-1.297,-1.647,-1.12,0.01,-0.52,-0.59,-2.46,-3.06,5316.991,9331.61,7177.187,6913.027,0,0,0,0
1830,68,Mujer,7.7,144,38.2,112,0,0,0.499,184,135,-4.55,36,0,0.79,0.79,0.06,0.499,0.149,-4.55,-3.43,-3.95,-4.03,-3.2,-3.8,867.105,1521.817,1170.469,1127.39,0,0,0,0
1831,65,Hombre,6.1,150,54.5,32,0,0,-0.474,20,147,1.17,36,0,1.02,-1.13,-0.6,-0.474,-0.824,1.17,2.29,1.77,1.69,1.06,0.46,5298.082,9298.424,7151.663,6888.442,0,0,0,0
1832,49,Hombre,9.4,122,60.7,92,0,1,-0.479,57,112,0.76,36,0,-0.76,-1.21,1.12,-0.129,-0.479,-0.37,0.76,0.23,0.16,0.04,-0.56,1088.973,1911.206,1469.959,1415.856,0,0,0,0
1833,56,Hombre,8.7,155,47.1,150,0,1,-0.237,118,154,-0.73,15.08,1,-0.73,1.07,1,0.113,-0.237,-1.86,-0.73,-1.26,-1.33,-1.09,-1.69,8.591,15.077,11.596,11.169,1,1,1,1
1834,84,Hombre,7.5,127,45.6,85,0,0,-0.037,82,122,-2.84,36,0,2.28,-0.28,0.16,-0.037,-0.387,-2.84,-1.72,-2.24,-2.32,-2.3,-2.9,605.631,1062.916,817.517,787.428,0,0,0,0
1835,61,Hombre,11,120,61.1,517,0,1,-0.508,311,121,-1.53,36,0,-0.11,-0.08,1.49,-0.158,-0.508,-2.65,-1.53,-2.05,-2.13,-2.29,-2.89,3093.238,5428.802,4175.435,4021.755,0,0,0,0
1836,58,Mujer,8.9,127,34.6,535,0,0,0.287,713,131,-2.89,36,0,0.89,-0.36,0.32,0.287,-0.063,-2.89,-1.77,-2.29,-2.37,-1.86,-2.46,1018.345,1787.251,1374.622,1324.028,0,0,0,0
1837,64,Hombre,7.6,117,46.1,234,0,0,0.012,237,99,-2.23,36,0,0.74,0.61,0.91,0.012,-0.338,-2.23,-1.11,-1.63,-1.71,-1.62,-2.22,658.616,1155.906,889.038,856.316,0,0,0,0
1838,54,Mujer,10.1,124,51,415,0,1,-0.53,244,112,0.58,36,0,0.24,-2.46,-2.08,-0.18,-0.53,-0.54,0.58,0.06,-0.02,-0.21,-0.81,2294.832,4027.555,3097.699,2983.686,0,0,0,0
1839,49,Mujer,7,100,49,67,0,1,-0.852,29,77,0.2,36,0,-1.69,-1.01,-0.55,-0.502,-0.852,-0.93,0.2,-0.33,-0.4,-1.08,-1.68,3140.311,5511.418,4238.977,4082.959,0,0,0,0
1840,48,Hombre,8,148,55.2,225,0,1,0.191,272,145,-3.32,36,0,-1.27,1.65,-0.19,0.541,0.191,-4.45,-3.32,-3.85,-3.92,-3.04,-3.64,1496.24,2625.984,2019.713,1945.377,0,0,0,0
1841,49,Hombre,5.8,124,41.1,65,0,1,-1.796,11,127,4.19,36,0,0.6,-1.59,-1.33,-1.446,-1.796,3.07,4.19,3.67,3.59,1.5,0.9,6036.162,10593.793,8147.966,7848.075,0,0,0,0
1842,62,Hombre,5.7,125,31.8,51,0,0,1.457,219,133,-4.96,36,0,-1,1.59,-0.46,1.457,1.107,-4.96,-3.83,-4.36,-4.43,-2.17,-2.77,221.836,389.334,299.447,288.426,0,0,0,0
1843,70,Mujer,7.9,156,33.3,120,0,1,-1.077,41,155,0.22,36,0,-1.31,-0.18,0.14,-0.727,-1.077,-0.91,0.22,-0.31,-0.38,-1.4,-2,286.618,503.031,386.894,372.654,0,0,0,0
1844,70,Hombre,7.2,115,39.1,90,1,0,-0.278,68,112,-2.84,11.82,1,0.47,1.58,1.85,-0.278,-0.628,-2.84,-1.72,-2.24,-2.32,-2.66,-3.26,11.825,20.753,15.962,15.374,1,1,1,1
1845,78,Mujer,6.5,129,39.9,150,0,0,-0.538,88,137,-1.91,36,0,-0.12,0.1,0.23,-0.538,-0.888,-1.91,-0.78,-1.31,-1.38,-2.11,-2.71,509.76,894.657,688.105,662.779,0,0,0,0
1846,77,Mujer,10.4,143,43.7,718,0,0,-0.067,671,138,-4.11,36,0,0.74,-0.38,-0.05,-0.067,-0.417,-4.11,-2.98,-3.51,-3.58,-3.61,-4.21,90.58,158.973,122.27,117.77,0,0,0,0
1847,65,Hombre,8,139,57.6,1188,0,1,-0.764,553,139,2.42,36,0,-0.51,-1.6,-0.46,-0.414,-0.764,1.3,2.42,1.9,1.82,1.27,0.67,1826.563,3205.717,2465.602,2374.854,0,0,0,0
1848,59,Hombre,8.7,164,39.5,113,0,0,0.107,126,169,-3.06,36,0,0.09,-1.21,-0.61,0.107,-0.243,-3.06,-1.94,-2.46,-2.54,-2.3,-2.9,320.399,562.317,432.493,416.575,0,0,0,0
1849,54,Mujer,5.9,152,49.5,26,0,1,-1.27,7,142,1.82,36,0,-0.13,-1.3,-1.58,-0.92,-1.27,0.69,1.82,1.29,1.22,-0.09,-0.69,8793.384,15432.869,11869.827,11432.951,0,0,0,0
1850,53,Hombre,7.3,121,44.2,29,0,0,0.868,69,120,-2.23,36,0,-1.2,0.39,1.02,0.868,0.518,-2.23,-1.1,-1.63,-1.7,-0.32,-0.92,1198.255,2103.003,1617.475,1557.943,0,0,0,0
1851,65,Hombre,8.6,156,45,128,1,0,0.35,182,147,-5.22,36,0,0.6,0.72,-0.11,0.35,-0,-5.22,-4.09,-4.62,-4.69,-4.09,-4.69,378.31,663.956,510.666,491.87,0,0,0,0
1852,53,Hombre,8,114,44.6,835,1,1,-0.852,356,94,-2.71,36,0,0.05,0.62,1.86,-0.502,-0.852,-3.83,-2.71,-3.23,-3.31,-3.99,-4.59,362.159,635.61,488.864,470.871,0,0,0,0
1853,61,Mujer,7.4,145,48.4,266,1,0,1.473,1160,150,-6.91,36,0,-1.9,1.73,0.37,1.473,1.123,-6.91,-5.79,-6.31,-6.39,-4.1,-4.7,109.543,192.253,147.867,142.425,0,0,0,0
1854,45,Hombre,7.9,123,46.1,88,0,1,-0.31,65,123,1.16,36,0,0.33,-0.79,0.02,0.04,-0.31,0.04,1.16,0.64,0.56,0.7,0.1,161.741,283.865,218.328,210.292,0,0,0,0
1855,62,Hombre,8.6,135,50.1,1370,0,1,0.072,1472,121,-2.08,36,0,-0.32,-0.83,0.72,0.422,0.072,-3.21,-2.08,-2.61,-2.68,-1.98,-2.58,25.524,44.796,34.454,33.186,1,0,1,1
1856,56,Mujer,6,144,55.2,10,0,1,0.215,12,135,1.61,36,0,-0.39,0.54,-0.37,0.565,0.215,0.49,1.61,1.09,1.01,1.94,1.34,133.911,235.022,180.762,174.108,0,0,0,0
1857,65,Hombre,7,137,42.3,31,0,1,-0.213,25,145,-0.93,36,0,0.52,-0.93,-0.97,0.137,-0.213,-2.06,-0.93,-1.46,-1.53,-1.25,-1.85,289.793,508.603,391.18,376.782,0,0,0,0
1858,53,Mujer,7.3,112,52.3,36,0,0,0.18,43,102,-1.02,36,0,-0.1,0.29,-0.26,0.18,-0.17,-1.02,0.1,-0.42,-0.5,-0.15,-0.75,794.814,1394.942,1072.887,1033.399,0,0,0,0
1859,60,Mujer,7.7,119,47.4,106,0,0,0.811,239,126,-3.63,15.38,1,-2.17,1.24,2.1,0.811,0.461,-3.63,-2.5,-3.03,-3.1,-1.81,-2.41,15.381,26.994,20.762,19.998,1,1,1,1
1860,76,Hombre,7.8,131,46.3,68,1,0,-0.933,27,129,-0.17,36,0,-0.18,-0.57,1.36,-0.933,-1.283,-0.17,0.95,0.43,0.35,-0.97,-1.57,598.563,1050.51,807.975,778.237,0,0,0,0
1861,47,Hombre,10.4,163,47.4,191,1,1,0.279,253,165,-3.5,36,0,-0.76,-0.01,0.9,0.629,0.279,-4.62,-3.5,-4.02,-4.1,-3.08,-3.68,598.988,1051.256,808.549,778.789,0,0,0,0
1862,66,Hombre,7.3,123,47.3,30,0,0,0.528,51,126,-3.19,36,0,1.21,-0.15,1.25,0.528,0.178,-3.19,-2.06,-2.59,-2.66,-1.8,-2.4,2100.35,3686.229,2835.176,2730.825,0,0,0,0
1863,67,Mujer,7.6,138,52.3,101,0,0,0.126,115,138,-1.87,36,0,-0.41,0.46,-1.77,0.126,-0.224,-1.87,-0.74,-1.27,-1.34,-1.08,-1.68,1022.714,1794.919,1380.52,1329.709,0,0,0,0
1864,58,Mujer,6.4,132,44.4,236,0,1,-1.283,65,130,1.16,36,0,0.48,-0.36,1.95,-0.933,-1.283,0.04,1.16,0.64,0.56,-0.76,-1.36,1315.064,2308.009,1775.15,1709.815,0,0,0,0
1865,72,Mujer,8.8,115,30.2,99,0,1,-0.256,77,110,-0.74,36,0,1.09,-0.91,0.89,0.094,-0.256,-1.87,-0.74,-1.27,-1.34,-1.13,-1.73,1531.494,2687.855,2067.3,1991.212,0,0,0,0
1866,43,Hombre,7.1,129,52.6,45,0,1,-0.006,45,103,-0.48,36,0,-0.17,0.38,-1.34,0.344,-0.006,-1.6,-0.48,-1,-1.08,-0.49,-1.09,2361.846,4145.169,3188.159,3070.817,0,0,0,0
1867,57,Hombre,6.2,135,61.5,34,0,0,0.641,65,129,-0.71,36,0,-0.88,0.47,-0.15,0.641,0.291,-0.71,0.41,-0.11,-0.19,0.85,0.25,738.506,1296.118,996.879,960.188,0,0,0,0
1868,84,Mujer,9,128,32.9,109,1,0,0.522,184,127,-5.48,36,0,0.56,0.62,0.61,0.522,0.172,-5.48,-4.36,-4.88,-4.96,-4.1,-4.7,159.482,279.899,215.278,207.354,0,0,0,0
1869,79,Mujer,5.5,150,54.9,66,0,1,0.381,97,138,-3.17,36,0,0.02,0.53,0.83,0.731,0.381,-4.29,-3.17,-3.69,-3.77,-2.6,-3.2,139.119,244.161,187.79,180.879,0,0,0,0
1870,50,Mujer,8.3,129,41.1,84,0,1,-0.839,36,126,-0.57,36,0,-0.31,-0.72,1.3,-0.489,-0.839,-1.69,-0.57,-1.09,-1.17,-1.83,-2.43,2555.671,4485.342,3449.795,3322.823,0,0,0,0
1871,72,Mujer,7.8,119,45.8,111,0,0,-0.001,111,123,-1.4,36,0,1.01,-0.78,-0.09,-0.001,-0.351,-1.4,-0.28,-0.8,-0.88,-0.81,-1.41,2775.745,4871.584,3746.864,3608.959,0,0,0,0
1872,65,Hombre,8.5,143,39.7,245,0,0,0.086,267,142,-3.73,36,0,0.4,0.93,0.2,0.086,-0.264,-3.73,-2.6,-3.13,-3.2,-3,-3.6,68.988,121.077,93.124,89.696,0,0,0,0
1873,85,Hombre,6.9,151,46.5,216,0,0,0.568,381,145,-3.42,36,0,0.96,1.48,-0.43,0.568,0.218,-3.42,-2.29,-2.82,-2.89,-1.96,-2.56,62.299,109.338,84.095,81,0,0,0,0
1874,57,Mujer,5.8,125,49.1,37,0,0,0.331,52,116,-1.11,36,0,-0.7,-0.62,-0.79,0.331,-0.019,-1.11,0.02,-0.51,-0.58,-0.01,-0.61,1087.052,1907.836,1467.367,1413.36,0,0,0,0
1875,57,Mujer,9.3,165,48.2,2373,0,0,-0.464,1492,174,-3.11,36,0,-0.37,-0.4,2.11,-0.464,-0.814,-3.11,-1.98,-2.51,-2.58,-3.2,-3.8,157.922,277.161,213.172,205.326,0,0,0,0
1876,61,Mujer,6.4,113,42.6,38,0,1,-0.451,24,98,0.12,36,0,1.71,0.8,1.48,-0.101,-0.451,-1.01,0.12,-0.41,-0.48,-0.56,-1.16,4266.377,7487.724,5759.006,5547.042,0,0,0,0
1877,63,Hombre,7.6,186,43.9,691,0,1,0.705,1399,180,-7.23,36,0,-0.03,1.6,1.62,1.055,0.705,-8.36,-7.23,-7.76,-7.83,-6.17,-6.77,90.397,158.652,122.023,117.532,0,0,0,0
1878,74,Hombre,8.3,136,63.1,29,1,1,-0.324,21,137,-0.84,36,0,0.35,-0.58,-0.89,0.026,-0.324,-1.96,-0.84,-1.36,-1.44,-1.33,-1.93,80.436,141.17,108.578,104.582,0,0,0,0
1879,63,Hombre,7.1,151,49.3,73,0,1,0.866,173,148,-4.05,36,0,-0.32,0.89,-0.64,1.216,0.866,-5.17,-4.05,-4.57,-4.65,-2.75,-3.35,119.328,209.427,161.076,155.147,0,0,0,0
1880,68,Mujer,9.4,122,41.3,859,0,1,-1.307,232,118,-3.35,36,0,-1.5,1.14,0.9,-0.957,-1.307,-4.48,-3.35,-3.88,-3.95,-5.32,-5.92,54.338,95.365,73.348,70.648,0,0,0,0
1881,74,Hombre,9.1,123,30.6,166,1,0,-0.768,77,131,-2.93,36,0,1.55,0.1,-0.16,-0.768,-1.118,-2.93,-1.8,-2.33,-2.4,-3.48,-4.08,150.476,264.094,203.121,195.645,0,0,0,0
1882,49,Mujer,8.1,98,38.6,37,0,1,-0.345,26,83,0.99,36,0,-0.38,0.09,-0.06,0.005,-0.345,-0.13,0.99,0.47,0.39,0.47,-0.13,1686.565,2960.014,2276.625,2192.832,0,0,0,0
1883,79,Hombre,7.3,143,47,293,0,0,-0.235,232,157,-2.87,36,0,0.88,-1.13,-0.59,-0.235,-0.585,-2.87,-1.74,-2.27,-2.34,-2.62,-3.22,803,1409.308,1083.936,1044.041,0,0,0,0
1884,73,Hombre,7.6,110,42.9,106,1,1,-0.171,89,115,-2.98,36,0,1.06,0.47,0.98,0.179,-0.171,-4.1,-2.98,-3.5,-3.58,-3.23,-3.83,1602.144,2811.851,2162.669,2083.071,0,0,0,0
1885,70,Hombre,7.4,144,47.2,156,0,0,0.239,198,134,-3.38,36,0,-1.29,-0.59,0.18,0.239,-0.111,-3.38,-2.26,-2.78,-2.86,-2.42,-3.02,1294.219,2271.424,1747.012,1682.713,0,0,0,0
1886,77,Mujer,10.3,136,40.2,291,0,1,0.022,298,126,-4.54,36,0,1.15,1.57,-0.82,0.372,0.022,-5.67,-4.54,-5.07,-5.14,-4.51,-5.11,176.738,310.186,238.572,229.791,0,0,0,0
1887,73,Mujer,10.6,153,49.5,232,0,1,0.108,258,148,-3.77,36,0,-0.8,0.47,-1.75,0.458,0.108,-4.9,-3.77,-4.3,-4.37,-3.61,-4.21,363.721,638.35,490.972,472.902,0,0,0,0
1888,76,Mujer,8,150,37,60,0,0,0.827,137,151,-4.27,15.73,1,0.75,1.11,-0.33,0.827,0.477,-4.27,-3.15,-3.67,-3.75,-2.43,-3.03,15.734,27.613,21.238,20.457,1,1,1,1
1889,60,Hombre,8,145,50.8,80,0,0,-0.492,49,154,-1.61,36,0,0.57,0.9,-0.66,-0.492,-0.842,-1.61,-0.49,-1.01,-1.09,-1.75,-2.35,333.607,585.498,450.322,433.747,0,0,0,0
1890,79,Hombre,8.7,147,29.7,248,0,0,-0.285,187,153,-1.68,36,0,1.51,-0.9,0.34,-0.285,-0.635,-1.68,-0.56,-1.08,-1.16,-1.51,-2.11,325.282,570.888,439.085,422.924,0,0,0,0
1891,66,Hombre,7.2,144,52.6,15,1,1,-0.539,9,127,0.44,36,0,-0.56,-1.59,1.22,-0.189,-0.539,-0.69,0.44,-0.09,-0.16,-0.37,-0.97,946.958,1661.963,1278.26,1231.213,0,0,0,0
1892,68,Hombre,7.6,138,27.7,103,1,0,-0.093,94,142,-2.19,36,0,0.1,-0.86,-1.86,-0.093,-0.443,-2.19,-1.06,-1.59,-1.66,-1.73,-2.33,387.309,679.749,522.813,503.571,0,0,0,0
1893,71,Mujer,5.5,119,35.8,120,0,1,-0.991,45,119,2.2,36,0,0.54,-1.76,-0.44,-0.641,-0.991,1.08,2.2,1.68,1.6,0.72,0.12,1877.449,3295.026,2534.292,2441.015,0,0,0,0
1894,66,Mujer,8.2,113,53.7,85,0,0,-1.233,25,120,0.64,36,0,0.28,0.16,-0.08,-1.233,-1.583,0.64,1.77,1.24,1.17,-0.61,-1.21,9995.445,17542.552,13492.439,12995.842,0,0,0,0
1895,65,Hombre,8.7,143,55.5,309,0,1,-0.412,205,140,-4.25,36,0,-0.13,1.23,1.31,-0.062,-0.412,-5.38,-4.25,-4.78,-4.85,-4.87,-5.47,282.352,495.543,381.135,367.108,0,0,0,0
1896,51,Mujer,10.1,149,62.3,326,0,1,-1.118,107,148,-1.18,36,0,-0.52,1.14,1.34,-0.768,-1.118,-2.3,-1.18,-1.7,-1.78,-2.85,-3.45,1164.839,2044.356,1572.368,1514.497,0,0,0,0
1897,55,Mujer,9,132,30.2,933,0,1,-1.187,285,132,-0.1,36,0,1.39,-1.22,-1.62,-0.837,-1.187,-1.23,-0.1,-0.63,-0.7,-1.88,-2.48,175.344,307.739,236.69,227.979,0,0,0,0
1898,54,Mujer,9.1,134,47.6,582,0,1,-0.259,449,132,-2.88,36,0,0.5,-0.05,-0.24,0.091,-0.259,-4,-2.88,-3.4,-3.48,-3.26,-3.86,221.019,387.901,298.345,287.364,0,0,0,0
1899,65,Mujer,8.3,135,56.5,49,0,1,-0.191,40,129,-0.69,36,0,0.64,-0.22,1.29,0.159,-0.191,-1.81,-0.69,-1.21,-1.29,-0.97,-1.57,1788.605,3139.099,2414.364,2325.502,0,0,0,0
1900,69,Hombre,7.5,144,43.5,180,0,0,0.071,193,142,-3.53,36,0,0.59,0.99,-1,0.071,-0.279,-3.53,-2.41,-2.93,-3.01,-2.82,-3.42,249.813,438.435,337.212,324.8,0,0,0,0
1901,65,Hombre,9.2,141,33,626,1,1,-0.174,526,127,-3.55,36,0,1.43,-0.73,-0.44,0.176,-0.174,-4.67,-3.55,-4.07,-4.15,-3.81,-4.41,52.851,92.757,71.342,68.716,0,0,0,0
1902,67,Mujer,10.2,127,42,316,1,1,-0.584,176,128,-2.01,36,0,0.71,0.9,-1.41,-0.234,-0.584,-3.14,-2.01,-2.54,-2.61,-2.89,-3.49,60.648,106.44,81.866,78.853,0,0,0,0
1903,65,Hombre,9.7,146,57.7,290,0,1,0.391,429,138,-2.98,36,0,-0.35,1.67,-0.57,0.741,0.391,-4.1,-2.98,-3.5,-3.58,-2.39,-2.99,91.024,159.752,122.869,118.347,0,0,0,0
1904,53,Hombre,6.2,169,36.8,266,0,1,0.076,287,157,-1.32,36,0,-2.72,0.06,1.16,0.426,0.076,-2.45,-1.32,-1.85,-1.92,-1.21,-1.81,339.969,596.664,458.91,442.019,0,0,0,0
1905,55,Mujer,8.2,133,44.5,251,0,0,0.098,277,137,-0.72,8.65,1,0.35,-1.58,-0.04,0.098,-0.252,-0.72,0.41,-0.12,-0.19,0.03,-0.57,8.649,15.18,11.675,11.245,1,1,1,1
1906,67,Mujer,8.2,155,35.1,273,0,0,-0.125,241,155,-3.24,36,0,-0.13,0.37,-0.45,-0.125,-0.475,-3.24,-2.11,-2.64,-2.71,-2.83,-3.43,715.687,1256.071,966.077,930.52,0,0,0,0
1907,51,Mujer,6.7,124,42.3,402,0,1,-0.196,331,121,-2.11,36,0,1.05,1.63,-1.07,0.154,-0.196,-3.23,-2.11,-2.63,-2.71,-2.4,-3,336.551,590.665,454.296,437.575,0,0,0,0
1908,62,Mujer,8.3,153,61.5,142,0,1,0.036,147,154,-2.4,36,0,0.39,0.26,0.62,0.386,0.036,-3.52,-2.4,-2.92,-3,-2.34,-2.94,733.4,1287.157,989.986,953.549,0,0,0,0
1909,86,Hombre,10,155,40.9,258,0,0,0.802,575,163,-6.36,36,0,1.33,1.2,-1.06,0.802,0.452,-6.36,-5.23,-5.76,-5.83,-4.55,-5.15,99.638,174.87,134.497,129.547,0,0,0,0
1910,63,Mujer,9.1,140,59.8,155,1,1,-0.387,105,141,-0.9,36,0,2,-0.94,0.94,-0.037,-0.387,-2.03,-0.9,-1.43,-1.5,-1.48,-2.08,589.686,1034.931,795.993,766.696,0,0,0,0
1911,53,Hombre,9.2,138,33.2,269,0,0,0.228,338,134,-4.17,36,0,-1.15,-0.58,0.33,0.228,-0.122,-4.17,-3.05,-3.57,-3.65,-3.23,-3.83,168.705,296.087,227.729,219.347,0,0,0,0
1912,58,Hombre,10,131,69.1,62,0,0,0.514,104,121,-1.88,36,0,-0.3,0.38,0.24,0.514,0.164,-1.88,-0.76,-1.28,-1.36,-0.51,-1.11,1416.93,2486.79,1912.656,1842.259,0,0,0,0
1913,88,Hombre,9,135,45.4,207,0,0,0.347,293,125,-4.69,36,0,1.04,-0.39,-1.92,0.347,-0.003,-4.69,-3.57,-4.09,-4.17,-3.57,-4.17,630.056,1105.782,850.486,819.183,0,0,0,0
1914,65,Mujer,9.5,161,49.9,56,1,1,-0.319,41,160,-0.73,36,0,1.04,0.14,0.42,0.031,-0.319,-1.85,-0.73,-1.25,-1.33,-1.21,-1.81,30.678,53.842,41.411,39.887,1,0,0,0
1915,73,Hombre,7.7,138,58.9,84,0,1,-0.608,46,127,-0.08,36,0,1.25,-1.12,-0.15,-0.258,-0.608,-1.2,-0.08,-0.6,-0.68,-0.99,-1.59,295.458,518.544,398.826,384.147,0,0,0,0
1916,62,Mujer,5.9,149,58.2,39,0,0,0.867,93,151,-3.61,36,0,0.29,1.61,-0.16,0.867,0.517,-3.61,-2.49,-3.01,-3.09,-1.71,-2.31,975.875,1712.713,1317.293,1268.809,0,0,0,0
1917,55,Mujer,6.5,138,47.4,124,0,1,-0.024,121,135,-1.7,36,0,-0.86,1.62,-1.88,0.326,-0.024,-2.83,-1.7,-2.23,-2.3,-1.74,-2.34,248.78,436.622,335.818,323.458,0,0,0,0
1918,78,Hombre,8.6,158,39.9,290,0,0,-0.657,150,165,-2.92,36,0,1.37,-1.14,1.48,-0.657,-1.007,-2.92,-1.8,-2.32,-2.4,-3.31,-3.91,1882.807,3304.43,2541.524,2447.982,0,0,0,0
1919,46,Hombre,9.2,126,51.1,81,0,0,-0.373,56,117,-0.32,36,0,1.08,-0.72,0.85,-0.373,-0.723,-0.32,0.8,0.28,0.2,-0.28,-0.88,3337.503,5857.501,4505.158,4339.343,0,0,0,0
1920,43,Hombre,7.6,117,56.5,26,0,1,-1.018,9,118,1.61,36,0,-0.01,-0.02,0.08,-0.668,-1.018,0.49,1.61,1.09,1.01,0.08,-0.52,5980.474,10496.058,8072.795,7775.671,0,0,0,0
1921,67,Mujer,8.2,137,43.6,120,0,0,-0.62,65,142,-1.67,36,0,-0.96,-1.17,-0.7,-0.62,-0.97,-1.67,-0.55,-1.07,-1.15,-2,-2.6,4377.485,7682.726,5908.987,5691.503,0,0,0,0
1922,56,Mujer,6.9,123,48.1,125,1,0,-0.37,86,119,-0.62,11.32,1,-0.34,-0.03,-0.43,-0.37,-0.72,-0.62,0.51,-0.02,-0.09,-0.57,-1.17,11.316,19.861,15.275,14.713,1,1,1,1
1923,45,Hombre,8,151,72.9,153,1,1,-0.602,84,153,-2.81,36,0,-0.59,-0.22,-0.1,-0.252,-0.602,-3.94,-2.81,-3.34,-3.41,-3.72,-4.32,463.191,812.926,625.243,602.23,0,0,0,0
1924,67,Mujer,8,142,49.5,237,0,0,0.514,396,140,-3.16,36,0,-0.54,0.98,1.49,0.514,0.164,-3.16,-2.04,-2.56,-2.64,-1.79,-2.39,542.771,952.593,732.664,705.698,0,0,0,0
1925,80,Hombre,5.9,146,39,11,1,0,0.483,18,138,-2.23,36,0,-0.14,-1.31,1.45,0.483,0.133,-2.23,-1.11,-1.63,-1.71,-0.91,-1.51,1361.379,2389.295,1837.669,1770.033,0,0,0,0
1926,72,Hombre,7.5,145,51.6,443,1,0,0.22,552,139,-3.25,36,0,0.84,-0.84,-0.57,0.22,-0.13,-3.25,-2.13,-2.65,-2.73,-2.32,-2.92,943.91,1656.614,1274.145,1227.25,0,0,0,0
1927,72,Mujer,8.4,141,36.3,173,0,1,-0.206,141,139,-0.87,36,0,-0.46,-0.37,0.51,0.144,-0.206,-2,-0.87,-1.4,-1.47,-1.18,-1.78,166.499,292.215,224.75,216.478,0,0,0,0
1928,67,Mujer,6.3,143,55.6,48,0,0,-0.152,41,150,-2.16,36,0,-0.19,1.18,0.24,-0.152,-0.502,-2.16,-1.03,-1.56,-1.63,-1.79,-2.39,4600.373,8073.906,6209.854,5981.297,0,0,0,0
1929,63,Mujer,9.2,138,63.6,20,1,0,0.618,37,136,-4.89,36,0,0.62,-0.24,-1.62,0.618,0.268,-4.89,-3.76,-4.29,-4.36,-3.36,-3.96,3347.473,5874.998,4518.616,4352.306,0,0,0,0
1930,60,Hombre,8.5,141,33.4,40,0,0,-0.247,31,150,-1.17,36,0,-0.89,-1,-0.64,-0.247,-0.597,-1.17,-0.04,-0.57,-0.64,-0.94,-1.54,126.975,222.847,171.398,165.089,0,0,0,0
1931,68,Hombre,6.5,145,42.3,40,0,0,0.301,54,142,-1.43,36,0,-0.99,-0.41,-0.68,0.301,-0.049,-1.43,-0.31,-0.83,-0.91,-0.38,-0.98,84.93,149.056,114.643,110.424,0,0,0,0
1932,68,Hombre,5.9,132,43.8,61,1,0,-0.314,45,130,0.51,36,0,-0.06,0.17,0.36,-0.314,-0.664,0.51,1.63,1.11,1.03,0.63,0.03,2275.31,3993.294,3071.348,2958.305,0,0,0,0
1933,54,Mujer,8.2,154,64.6,76,0,1,-0.058,72,150,-3.06,36,0,-0.55,0.76,0.45,0.292,-0.058,-4.19,-3.06,-3.59,-3.66,-3.15,-3.75,653.026,1146.096,881.493,849.049,0,0,0,0
1934,50,Hombre,6.6,116,45.6,22,0,0,-0.02,22,115,-0.37,36,0,-1.84,0.46,0.94,-0.02,-0.37,-0.37,0.76,0.23,0.16,0.2,-0.4,2318.466,4069.034,3129.601,3014.415,0,0,0,0
1935,68,Hombre,8.5,124,35.1,302,0,0,0.012,306,129,-1.5,36,0,-1.62,-1.69,-0.23,0.012,-0.338,-1.5,-0.37,-0.9,-0.97,-0.88,-1.48,404.642,710.169,546.21,526.106,0,0,0,0
1936,50,Hombre,9.4,133,45.1,74,0,1,-0.577,42,127,-1.32,36,0,-0.33,0.24,1.12,-0.227,-0.577,-2.44,-1.32,-1.84,-1.92,-2.18,-2.78,919.643,1614.023,1241.388,1195.698,0,0,0,0
1937,60,Hombre,8.4,134,52.8,92,0,1,0.48,149,135,-2.25,35.85,1,-0.2,-0.07,0.91,0.83,0.48,-3.37,-2.25,-2.77,-2.85,-1.53,-2.13,20.425,35.847,27.571,26.556,1,1,1,1
1938,60,Hombre,7.8,137,40.4,82,0,1,-0.575,46,131,-0.51,36,0,0.57,-0.68,-0.74,-0.225,-0.575,-1.64,-0.51,-1.04,-1.11,-1.37,-1.97,323.65,568.023,436.882,420.802,0,0,0,0
1939,51,Hombre,8.2,137,31.9,67,0,0,0.901,165,144,-2.45,36,0,-1.21,0.86,0.8,0.901,0.551,-2.45,-1.32,-1.85,-1.92,-0.5,-1.1,212.988,373.806,287.504,276.922,0,0,0,0
1940,65,Mujer,7.4,140,44.8,240,0,0,-0.719,117,147,0.95,36,0,-0.5,-0.93,0.34,-0.719,-1.069,0.95,2.08,1.55,1.48,0.47,-0.13,1687.63,2961.883,2278.062,2194.217,0,0,0,0
1941,71,Hombre,8.4,143,48.1,543,1,1,-1.048,190,131,-0.65,36,0,-1.04,-0.55,-0.32,-0.698,-1.048,-1.77,-0.65,-1.17,-1.25,-2.22,-2.82,270.051,473.954,364.53,351.113,0,0,0,0
1942,60,Mujer,8.6,133,60,29,0,0,0.594,53,152,-0.32,36,0,-0.78,-1.15,0.96,0.594,0.244,-0.32,0.81,0.28,0.21,1.17,0.57,296.469,520.32,400.192,385.462,0,0,0,0
1943,64,Hombre,7.1,147,26.7,230,1,0,-0.151,198,158,-3.29,36,0,0.25,-0.69,1.23,-0.151,-0.501,-3.29,-2.17,-2.69,-2.77,-2.92,-3.52,914.891,1605.683,1234.973,1189.52,0,0,0,0
1944,78,Mujer,6,123,41,14,0,0,-0.397,9,121,0.63,36,0,2.06,-0.86,-0.92,-0.397,-0.747,0.63,1.75,1.23,1.15,0.63,0.03,1981.998,3478.514,2675.417,2576.947,0,0,0,0
1945,52,Hombre,6.3,143,46.2,90,0,1,0.228,113,134,-2.13,36,0,-1.15,0.45,-0.16,0.578,0.228,-3.26,-2.13,-2.66,-2.73,-1.79,-2.39,682.641,1198.072,921.469,887.554,0,0,0,0
1946,54,Hombre,8.6,126,45.2,1956,1,0,0.737,4087,124,-7.1,36,0,-0.85,1.14,-0.24,0.737,0.387,-7.1,-5.98,-6.5,-6.58,-5.4,-6,146.561,257.222,197.836,190.555,0,0,0,0
1947,65,Hombre,8,155,32.4,63,0,0,0.733,131,153,-3.49,36,0,1.63,0.03,0.78,0.733,0.383,-3.49,-2.37,-2.89,-2.97,-1.79,-2.39,50.616,88.834,68.325,65.81,0,0,0,0
1948,54,Mujer,6.3,146,50.4,213,0,0,1.99,1558,145,-6.33,36,0,2.72,1.89,-1.98,1.99,1.64,-6.33,-5.2,-5.73,-5.8,-2.74,-3.34,50.781,89.124,68.548,66.025,0,0,0,0
1949,84,Mujer,7,115,44.4,26,0,0,-0.064,24,114,-0.72,36,0,-1.07,0.18,-0.14,-0.064,-0.414,-0.72,0.41,-0.12,-0.19,-0.22,-0.82,2713.304,4761.997,3662.578,3527.774,0,0,0,0
1950,77,Hombre,8.6,143,37.8,204,1,0,0.362,293,140,-4.69,36,0,-2.1,-0.19,-1.74,0.362,0.012,-4.69,-3.56,-4.09,-4.16,-3.55,-4.15,722.059,1267.254,974.678,938.805,0,0,0,0
1951,70,Hombre,8,125,42.2,195,1,1,-0.278,148,132,-2.51,36,0,-0.69,1.68,-1.72,0.072,-0.278,-3.63,-2.51,-3.03,-3.11,-2.92,-3.52,414.062,726.701,558.925,538.353,0,0,0,0
1952,64,Mujer,8.5,133,62.1,239,1,1,-0.173,201,128,-1.08,36,0,0.72,-0.98,-0.63,0.177,-0.173,-2.21,-1.08,-1.61,-1.68,-1.34,-1.94,1326.943,2328.857,1791.186,1725.26,0,0,0,0
1953,59,Hombre,8.6,151,42.5,619,0,1,0.161,727,151,-2.3,36,0,-0.15,-0.52,-1.05,0.511,0.161,-3.42,-2.3,-2.82,-2.9,-2.06,-2.66,82.183,144.236,110.935,106.852,0,0,0,0
1954,71,Hombre,9.9,121,51.1,39,1,1,0.115,44,115,-1.56,36,0,1.44,-0.18,-0.42,0.465,0.115,-2.69,-1.56,-2.09,-2.16,-1.39,-1.99,29.162,51.181,39.365,37.916,1,0,0,0
1955,71,Hombre,9.4,116,45.9,449,0,1,-0.055,425,119,-5.2,36,0,1.02,1.66,1,0.295,-0.055,-6.33,-5.2,-5.73,-5.8,-5.29,-5.89,104.168,182.82,140.612,135.436,0,0,0,0
1956,62,Hombre,7,132,47.7,308,0,1,-0.458,195,142,-1.59,36,0,0.09,0.11,0.24,-0.108,-0.458,-2.72,-1.59,-2.12,-2.19,-2.28,-2.88,211.773,371.672,285.863,275.342,0,0,0,0
1957,65,Mujer,8.6,122,48.5,114,0,1,-0.199,93,119,-0.51,36,0,-1.31,-0.52,0.98,0.151,-0.199,-1.64,-0.51,-1.04,-1.11,-0.81,-1.41,1279.361,2245.349,1726.957,1663.396,0,0,0,0
1958,66,Mujer,7.4,147,54.1,55,0,1,-0.542,32,144,-1.37,36,0,1.16,0.82,-0.69,-0.192,-0.542,-2.49,-1.37,-1.89,-1.97,-2.18,-2.78,871.172,1528.954,1175.959,1132.677,0,0,0,0
1959,68,Hombre,8.4,147,55.4,196,0,0,0.228,246,127,-3.01,36,0,0.96,-0.38,-0.7,0.228,-0.122,-3.01,-1.89,-2.41,-2.49,-2.07,-2.67,79.174,138.955,106.874,102.94,0,0,0,0
1960,62,Mujer,7,133,57.6,112,0,1,-0.646,59,121,1.13,36,0,0,-1.18,0.5,-0.296,-0.646,0.01,1.13,0.61,0.53,0.16,-0.44,1061.036,1862.176,1432.249,1379.534,0,0,0,0
1961,53,Mujer,6.7,107,68.3,189,0,1,0.449,296,90,-3.07,36,0,-0.04,2.55,0.91,0.799,0.449,-4.2,-3.07,-3.6,-3.67,-2.4,-3,351.186,616.351,474.051,456.604,0,0,0,0
1962,61,Hombre,7.9,102,51.8,123,0,1,-0.302,91,96,-1.5,36,0,1.41,0.35,-0.35,0.048,-0.302,-2.62,-1.5,-2.02,-2.1,-1.95,-2.55,667.253,1171.066,900.698,867.547,0,0,0,0
1963,60,Hombre,6.3,155,58.2,131,0,0,-0.048,125,169,-3.22,36,0,0.9,-0.85,1.57,-0.048,-0.398,-3.22,-2.1,-2.62,-2.7,-2.7,-3.3,2235.32,3923.108,3017.366,2906.31,0,0,0,0
1964,82,Hombre,8.1,138,43.1,448,1,1,-0.521,266,132,-1.95,36,0,0.47,-0.52,-1.14,-0.171,-0.521,-3.08,-1.95,-2.48,-2.55,-2.73,-3.33,184.186,323.256,248.625,239.474,0,0,0,0
1965,41,Mujer,8.6,135,55.1,293,0,1,-1.113,96,119,0.37,36,0,-0.53,-0.31,-1.34,-0.763,-1.113,-0.75,0.37,-0.15,-0.23,-1.3,-1.9,1517.797,2663.817,2048.812,1973.404,0,0,0,0
1966,64,Hombre,7.8,132,41.4,122,0,0,-0.204,99,133,-1.37,36,0,0.17,-0.33,-0.72,-0.204,-0.554,-1.37,-0.24,-0.77,-0.84,-1.07,-1.67,314.042,551.16,423.912,408.31,0,0,0,0
1967,67,Mujer,8.4,158,43.7,363,1,0,0.537,621,156,-5.89,33.88,1,-0.17,1.1,2.62,0.537,0.187,-5.89,-4.76,-5.29,-5.36,-4.48,-5.08,33.883,59.466,45.737,44.053,1,0,0,0
1968,53,Mujer,8.5,150,43.9,49,0,1,0.195,60,148,-0.84,36,0,-1.99,0.14,1.85,0.545,0.195,-1.96,-0.84,-1.36,-1.44,-0.54,-1.14,406.061,712.66,548.126,527.952,0,0,0,0
1969,56,Hombre,7.3,140,28.8,514,0,0,0.237,651,135,-3.5,23.93,1,0.75,0.87,-0.22,0.237,-0.113,-3.5,-2.38,-2.9,-2.98,-2.55,-3.15,23.932,42.002,32.305,31.116,1,0,1,1
1970,66,Mujer,8.3,122,59.8,98,0,0,0.453,154,135,-3.25,36,0,0.36,0.4,-0.4,0.453,0.103,-3.25,-2.12,-2.65,-2.72,-1.97,-2.57,554.933,973.937,749.081,721.51,0,0,0,0
1971,74,Hombre,7.5,135,32.2,274,0,0,0.363,394,148,-1.91,36,0,-1.98,-0.75,-0.15,0.363,0.013,-1.91,-0.78,-1.31,-1.38,-0.77,-1.37,72.338,126.957,97.646,94.052,0,0,0,0
1972,32,Hombre,10.1,127,52.8,209,0,1,0.971,552,126,-6.06,36,0,-1.94,3.79,-1.93,1.321,0.971,-7.19,-6.06,-6.59,-6.66,-4.61,-5.21,139.815,245.384,188.731,181.785,0,0,0,0
1973,67,Hombre,6.8,140,23.5,119,1,1,-0.198,98,132,-2.02,36,0,1.6,0.19,0.68,0.152,-0.198,-3.14,-2.02,-2.54,-2.62,-2.31,-2.91,204.336,358.621,275.825,265.673,0,0,0,0
1974,48,Hombre,9.6,138,36.8,217,0,1,-1.139,69,120,-1.23,36,0,-1,1.1,-1.11,-0.789,-1.139,-2.35,-1.23,-1.75,-1.83,-2.93,-3.53,165.145,289.838,222.922,214.717,0,0,0,0
1975,63,Hombre,7.4,134,48.5,182,0,0,-0.092,166,151,-3.09,36,0,-0.47,0.42,-0.58,-0.092,-0.442,-3.09,-1.96,-2.49,-2.56,-2.63,-3.23,203.733,357.563,275.011,264.889,0,0,0,0
1976,64,Hombre,7.3,121,39.6,93,0,0,-0.389,63,125,-0.24,36,0,0.35,-1.02,-1.1,-0.389,-0.739,-0.24,0.89,0.36,0.29,-0.22,-0.82,45.696,80.198,61.683,59.412,0,0,0,0
1977,66,Hombre,8.7,145,51.4,406,0,0,0.318,558,156,-3.96,36,0,0.25,1.49,-1.67,0.318,-0.032,-3.96,-2.84,-3.36,-3.44,-2.88,-3.48,71.549,125.572,96.581,93.026,0,0,0,0
1978,77,Hombre,7.3,146,29.4,45,1,0,-0.051,43,143,-4.79,2.94,1,-0.75,1.52,1.21,-0.051,-0.401,-4.79,-3.66,-4.19,-4.26,-4.26,-4.86,2.944,5.167,3.974,3.828,1,1,1,1
1979,49,Mujer,8.9,152,63.5,80,0,0,0.435,124,140,-2.14,36,0,-0.54,-0.86,-0.3,0.435,0.085,-2.14,-1.02,-1.54,-1.62,-0.89,-1.49,1407.919,2470.974,1900.491,1830.543,0,0,0,0
1980,63,Mujer,6.1,142,41.4,66,1,0,-0.214,53,125,-1.67,36,0,0.38,0.2,-0.31,-0.214,-0.564,-1.67,-0.54,-1.07,-1.14,-1.39,-1.99,2056.667,3609.563,2776.21,2674.03,0,0,0,0
1981,58,Hombre,9.5,121,41.6,116,0,0,-0.485,71,117,-0.45,36,0,0.66,-0.27,1.86,-0.485,-0.835,-0.45,0.67,0.15,0.07,-0.58,-1.18,975.501,1712.058,1316.789,1268.324,0,0,0,0
1982,70,Hombre,9.6,140,52.3,94,0,0,0.324,130,141,-0.45,36,0,0.8,-1.73,1.55,0.324,-0.026,-0.45,0.68,0.15,0.08,0.64,0.04,136.953,240.36,184.867,178.063,0,0,0,0
1983,66,Mujer,7.7,107,50.3,74,0,0,-0.894,30,107,-1.55,36,0,0.36,-2.23,0.86,-0.894,-1.244,-1.55,-0.43,-0.95,-1.03,-2.29,-2.89,3624.415,6361.047,4892.449,4712.379,0,0,0,0
1984,57,Mujer,8.5,142,44,51,1,1,0.013,52,135,-1.02,36,0,2.46,-0.62,0.08,0.363,0.013,-2.15,-1.02,-1.55,-1.62,-1,-1.6,1075.253,1887.128,1451.44,1398.019,0,0,0,0
1985,53,Hombre,7.6,145,54.1,509,0,1,-1.719,91,127,1.06,36,0,-1.81,-0.72,0.38,-1.369,-1.719,-0.07,1.06,0.53,0.46,-1.52,-2.12,2640.679,4634.536,3564.544,3433.349,0,0,0,0
1986,56,Mujer,8.1,145,42,179,0,0,0.418,272,140,-3.56,36,0,0.86,-0.33,-2.15,0.418,0.068,-3.56,-2.43,-2.96,-3.03,-2.33,-2.93,1347.161,2364.34,1818.477,1751.546,0,0,0,0
1987,58,Mujer,8,114,45.4,37,1,0,-0.787,17,118,-1.58,36,0,-2.07,0.54,0.8,-0.787,-1.137,-1.58,-0.45,-0.98,-1.05,-2.16,-2.76,1377.988,2418.444,1860.089,1791.628,0,0,0,0
1988,70,Hombre,9.4,144,70.1,35,0,1,-0.099,32,162,-0.12,36,0,0.44,0.5,-1.5,0.251,-0.099,-1.24,-0.12,-0.64,-0.72,-0.27,-0.87,58.223,102.184,78.593,75.7,0,0,0,0
1989,72,Hombre,6.9,110,40,80,0,0,0.593,145,120,-2.17,36,0,2.17,0.38,-0.51,0.593,0.243,-2.17,-1.04,-1.57,-1.64,-0.68,-1.28,664.685,1166.559,897.231,864.208,0,0,0,0
1990,70,Mujer,6.9,134,29.6,100,1,0,0.472,160,118,-4.68,36,0,0.57,-0.08,0.53,0.472,0.122,-4.68,-3.55,-4.08,-4.15,-3.37,-3.97,117.541,206.291,158.664,152.824,0,0,0,0
1991,62,Mujer,8.6,147,47.4,338,0,1,-0.438,218,132,-1.73,36,0,0.77,0.55,0.4,-0.088,-0.438,-2.85,-1.73,-2.25,-2.33,-2.38,-2.98,80.064,140.516,108.075,104.097,0,0,0,0
1992,74,Mujer,8.2,138,38.8,419,0,0,-0.698,208,139,-1.34,36,0,0.66,-0.9,0.04,-0.698,-1.048,-1.34,-0.22,-0.74,-0.82,-1.79,-2.39,800.9,1405.623,1081.102,1041.311,0,0,0,0
1993,55,Mujer,7.8,121,56,235,0,1,0.456,371,125,-2.03,36,0,-0.61,0.67,-0.38,0.806,0.456,-3.15,-2.03,-2.55,-2.63,-1.34,-1.94,886.94,1556.628,1197.243,1153.178,0,0,0,0
1994,60,Mujer,7.7,139,42.1,220,0,1,0.352,313,133,-3.08,36,0,0.36,0.62,-0.33,0.702,0.352,-4.2,-3.08,-3.6,-3.68,-2.55,-3.15,602.882,1058.091,813.806,783.853,0,0,0,0
1995,61,Mujer,5.5,129,57.2,23,0,0,-0.545,13,128,-0.6,36,0,-0.24,-1.24,-0.08,-0.545,-0.895,-0.6,0.52,-0,-0.08,-0.82,-1.42,1176.2,2064.295,1587.704,1529.267,0,0,0,0
1996,66,Mujer,9.2,135,57.4,115,1,1,-0.866,48,135,0.2,36,0,-1.03,-1.73,-0.47,-0.516,-0.866,-0.93,0.2,-0.33,-0.4,-1.1,-1.7,2012.758,3532.501,2716.94,2616.941,0,0,0,0
1997,77,Mujer,6.4,131,29.1,141,0,0,0.112,158,140,-1.88,36,0,-0.57,-1.29,-2.14,0.112,-0.238,-1.88,-0.75,-1.28,-1.35,-1.11,-1.71,76.984,135.111,103.917,100.093,0,0,0,0
1998,70,Hombre,9.4,155,32.7,205,0,0,1.213,689,150,-6.87,36,0,0.44,2.01,-1.2,1.213,0.863,-6.87,-5.75,-6.27,-6.35,-4.45,-5.05,96.77,169.837,130.626,125.818,0,0,0,0
1999,77,Hombre,8.6,159,43.1,64,0,0,0.255,83,164,-5.26,36,0,-1.45,1.09,1.74,0.255,-0.095,-5.26,-4.13,-4.66,-4.73,-4.27,-4.87,127.741,224.193,172.433,166.086,0,0,0,0
2000,83,Mujer,8.7,127,24.6,82,0,1,0.591,148,123,-2.32,36,0,0.74,0.64,0.17,0.941,0.591,-3.44,-2.32,-2.84,-2.92,-1.43,-2.03,21.103,37.037,28.486,27.438,1,0,1,1
2001,57,Mujer,6.7,133,50.5,38,0,1,-1.179,12,120,2.06,36,0,-1.17,-2.29,-1.03,-0.829,-1.179,0.93,2.06,1.53,1.46,0.29,-0.31,7358.554,12914.665,9933.01,9567.419,0,0,0,0
2002,43,Hombre,8.2,145,48.3,121,0,1,0.136,139,135,-2.16,36,0,-0.16,0.65,0.92,0.486,0.136,-3.28,-2.16,-2.68,-2.76,-1.95,-2.55,206.772,362.896,279.113,268.84,0,0,0,0
2003,43,Mujer,7.5,182,25.5,291,1,1,-0.118,259,170,-2.45,21.16,1,-1.75,-0.63,0.28,0.232,-0.118,-3.58,-2.45,-2.98,-3.05,-2.63,-3.23,12.056,21.158,16.273,15.674,1,1,1,1
2004,53,Hombre,7.9,145,49.7,144,1,0,0.052,152,135,-2.74,36,0,-0.39,1.73,-2.14,0.052,-0.298,-2.74,-1.61,-2.14,-2.21,-2.06,-2.66,251.406,441.232,339.363,326.873,0,0,0,0
2005,47,Mujer,6.1,119,40.2,209,0,1,0.351,297,111,-0.35,36,0,-0.09,0.1,-0.17,0.701,0.351,-1.48,-0.35,-0.88,-0.95,0.17,-0.43,615.87,1080.885,831.337,800.739,0,0,0,0
2006,65,Mujer,9.9,144,66.8,66,1,1,0.726,136,146,-4.28,36,0,-0.77,1.6,-0.09,1.076,0.726,-5.4,-4.28,-4.8,-4.88,-3.19,-3.79,1653.938,2902.752,2232.583,2150.411,0,0,0,0
2007,71,Mujer,9.4,132,52,57,0,0,1.105,172,127,-4.55,36,0,2.29,1.77,-0.4,1.105,0.755,-4.55,-3.43,-3.95,-4.03,-2.3,-2.9,436.414,765.93,589.097,567.415,0,0,0,0
2008,48,Hombre,8.2,101,54.7,21,0,0,0.073,23,101,-0.94,36,0,-2.67,-0.17,0.68,0.073,-0.277,-0.94,0.19,-0.34,-0.41,-0.23,-0.83,4027.658,7068.76,5436.769,5236.666,0,0,0,0
2009,68,Mujer,8.3,154,42.9,331,0,0,-1.267,93,155,0.55,36,0,1.14,-1.96,1.62,-1.267,-1.617,0.55,1.67,1.15,1.07,-0.75,-1.35,644.344,1130.859,869.773,837.761,0,0,0,0
2010,66,Mujer,6.4,153,57.5,397,0,1,-0.682,201,135,-0.04,36,0,0.76,-0.95,0.53,-0.332,-0.682,-1.17,-0.04,-0.57,-0.64,-1.07,-1.67,3179.439,5580.089,4291.794,4133.832,0,0,0,0
2011,73,Mujer,8.5,122,57.3,77,0,1,0.114,86,120,-2.75,36,0,-1.48,0.51,0.56,0.464,0.114,-3.88,-2.75,-3.28,-3.35,-2.58,-3.18,329.801,578.819,445.185,428.8,0,0,0,0
2012,56,Hombre,7.6,141,46.8,140,1,0,-0.22,112,138,-3.55,1.07,1,0.16,-0.13,-1.62,-0.22,-0.57,-3.55,-2.42,-2.95,-3.02,-3.28,-3.88,1.075,1.886,1.451,1.398,1,1,1,1
2013,66,Hombre,9.3,148,53.1,97,0,0,-0.301,72,145,-1.61,36,0,1.13,-0.61,0.24,-0.301,-0.651,-1.61,-0.48,-1.01,-1.08,-1.46,-2.06,3728.246,6543.275,5032.605,4847.377,0,0,0,0
2014,64,Mujer,8.4,131,60.2,10,0,0,0.008,10,131,0.73,36,0,0.92,0.09,0.07,0.008,-0.342,0.73,1.86,1.33,1.26,1.34,0.74,4151.658,7286.387,5604.152,5397.888,0,0,0,0
2015,75,Mujer,7.7,125,36.4,101,0,1,-0.635,54,127,-1.22,36,0,0.15,0.41,0.7,-0.285,-0.635,-2.34,-1.22,-1.74,-1.82,-2.17,-2.77,401.794,705.171,542.365,522.403,0,0,0,0
2016,49,Mujer,7.4,138,53.7,174,1,1,-0.585,97,145,-1.39,36,0,-1.14,-0.42,-0.77,-0.235,-0.585,-2.52,-1.39,-1.92,-1.99,-2.27,-2.87,2826.359,4960.414,3815.185,3674.765,0,0,0,0
2017,72,Mujer,6.2,137,57.7,29,0,0,0.582,52,134,-1.64,36,0,-0.53,-0.1,-0.56,0.582,0.232,-1.64,-0.51,-1.04,-1.11,-0.16,-0.76,1751.859,3074.608,2364.762,2277.725,0,0,0,0
2018,66,Hombre,6.8,152,39.4,14,0,0,0.368,20,155,-2.68,36,0,-0.47,0.14,1.92,0.368,0.018,-2.68,-1.56,-2.08,-2.16,-1.53,-2.13,56.691,99.496,76.525,73.709,0,0,0,0
2019,69,Mujer,6.8,128,37,134,0,0,-1.381,34,125,4.13,36,0,0.95,-3.39,0.66,-1.381,-1.731,4.13,5.25,4.73,4.65,2.66,2.06,3824.744,6712.635,5162.864,4972.842,0,0,0,0
2020,61,Mujer,10,126,34.4,144,0,1,-0.131,126,110,-4.71,36,0,0.01,0.96,-0.97,0.219,-0.131,-5.84,-4.71,-5.24,-5.31,-4.91,-5.51,80.507,141.294,108.673,104.673,0,0,0,0
2021,62,Mujer,7.4,140,54.9,91,0,1,0.582,163,128,-1.32,36,0,0.61,0.15,-0.58,0.932,0.582,-2.44,-1.32,-1.84,-1.92,-0.45,-1.05,831.31,1458.994,1122.151,1080.85,0,0,0,0
2022,35,Mujer,8.5,121,49.1,27,1,0,-0.106,24,115,-0.08,36,0,-1.25,-0.3,-0.13,-0.106,-0.456,-0.08,1.05,0.52,0.45,0.36,-0.24,683.448,1199.489,922.558,888.603,0,0,0,0
2023,66,Mujer,7.3,138,49.3,201,1,0,0.382,294,127,-3.95,36,0,1.26,-0.45,0.85,0.382,0.032,-3.95,-2.82,-3.35,-3.42,-2.78,-3.38,382.083,670.576,515.758,496.775,0,0,0,0
2024,51,Mujer,7.1,154,59,54,0,0,0.432,83,152,-4.14,36,0,1.13,1.42,0.68,0.432,0.082,-4.14,-3.02,-3.54,-3.62,-2.89,-3.49,222.502,390.503,300.346,289.292,0,0,0,0
2025,69,Hombre,8.3,142,43.8,87,0,0,-0.728,42,138,-1.71,36,0,0.46,0.2,-1.98,-0.728,-1.078,-1.71,-0.58,-1.11,-1.18,-2.2,-2.8,789.4,1385.441,1065.579,1026.36,0,0,0,0
2026,68,Hombre,6.4,167,36.4,21,0,0,0.524,35,157,-3.45,36,0,0.43,0.12,0.53,0.524,0.174,-3.45,-2.32,-2.85,-2.92,-2.06,-2.66,140.265,246.173,189.338,182.37,0,0,0,0
2027,62,Hombre,8.6,119,62.2,99,1,1,0.757,211,121,-1.97,36,0,-2.22,0.31,-0.71,1.107,0.757,-3.1,-1.97,-2.5,-2.57,-0.83,-1.43,948.914,1665.396,1280.9,1233.756,0,0,0,0
2028,65,Mujer,5.5,123,47.7,76,0,0,-1.076,26,107,2.8,36,0,-0.71,-1.14,-0.71,-1.076,-1.426,2.8,3.93,3.4,3.33,1.79,1.19,4125.662,7240.762,5569.061,5364.089,0,0,0,0
2029,58,Mujer,7.4,149,56.9,38,0,1,0.474,61,146,-2.52,36,0,-1.37,0.98,-2.16,0.824,0.474,-3.65,-2.52,-3.05,-3.12,-1.81,-2.41,607.781,1066.689,820.419,790.223,0,0,0,0
2030,61,Hombre,9,148,37.9,751,0,1,0.005,755,137,-3.09,36,0,0.37,0.59,-0.95,0.355,0.005,-4.22,-3.09,-3.62,-3.69,-3.09,-3.69,213.213,374.2,287.807,277.214,0,0,0,0
2031,61,Hombre,8.8,138,39.8,33,0,0,0.358,47,128,-1.97,15.69,1,-0.43,0.42,-0.42,0.358,0.008,-1.97,-0.84,-1.37,-1.44,-0.83,-1.43,15.69,27.537,21.179,20.4,1,1,1,1
2032,74,Mujer,7.9,141,26.5,83,0,1,0.4,124,123,-6.48,36,0,0.43,1.07,-0.55,0.75,0.4,-7.61,-6.48,-7.01,-7.08,-5.89,-6.49,41.049,72.043,55.41,53.371,0,0,0,0
2033,69,Mujer,7.9,128,40.8,134,0,0,-0.128,118,132,-2.43,36,0,-0.79,-1.37,-0.34,-0.128,-0.478,-2.43,-1.31,-1.83,-1.91,-2.02,-2.62,144.358,253.356,194.863,187.691,0,0,0,0
2034,79,Hombre,9.7,134,53.5,307,0,0,0.726,635,144,-3.84,36,0,1.31,0.17,0.32,0.726,0.376,-3.84,-2.72,-3.24,-3.32,-2.15,-2.75,230.227,404.061,310.774,299.336,0,0,0,0
2035,81,Hombre,6.3,118,39.3,28,0,0,-0.453,18,119,-0.49,36,0,-0.11,0.09,0.25,-0.453,-0.803,-0.49,0.64,0.11,0.04,-0.57,-1.17,1051.085,1844.712,1418.817,1366.597,0,0,0,0
2036,55,Hombre,7.9,125,46.6,296,1,0,0.047,310,114,-0.97,36,0,1.87,-0.04,-0.45,0.047,-0.303,-0.97,0.16,-0.37,-0.44,-0.3,-0.9,46.113,80.931,62.246,59.955,0,0,0,0
2037,56,Hombre,7.5,166,63.6,78,1,1,0.275,103,148,0.53,36,0,0.87,-1.09,-0.96,0.625,0.275,-0.59,0.53,0.01,-0.07,0.95,0.35,204.566,359.025,276.136,265.972,0,0,0,0
2038,64,Mujer,9.3,122,48.3,334,0,1,0.151,388,125,-5.29,36,0,-0.52,1.66,-0.63,0.501,0.151,-6.41,-5.29,-5.81,-5.89,-5.06,-5.66,992.957,1742.693,1340.351,1291.019,0,0,0,0
2039,71,Hombre,8,148,23.9,38,1,0,0.255,49,153,-5.57,11.82,1,-0.29,1.31,-1.1,0.255,-0.095,-5.57,-4.44,-4.97,-5.04,-4.58,-5.18,11.823,20.749,15.959,15.371,1,1,1,1
2040,42,Mujer,8.4,109,46.1,68,0,1,0.276,90,107,-1.9,36,0,-1.55,1.47,0.84,0.626,0.276,-3.02,-1.9,-2.42,-2.5,-1.48,-2.08,21.399,37.556,28.885,27.822,1,0,1,1
2041,73,Hombre,8,141,57.3,214,1,0,0.947,552,127,-4.97,3.08,1,-0.79,0.44,0.96,0.947,0.597,-4.97,-3.85,-4.37,-4.45,-2.95,-3.55,3.076,5.399,4.153,4,1,1,1,1
2042,65,Hombre,9.6,134,46.7,141,0,0,0.255,182,136,-4.52,12.73,1,-0.77,1.09,1.23,0.255,-0.095,-4.52,-3.4,-3.92,-4,-3.54,-4.14,12.734,22.349,17.189,16.557,1,1,1,1
2043,80,Mujer,5.8,128,63.5,35,0,0,0.135,40,135,-0.62,36,0,1.57,0.21,2.4,0.135,-0.215,-0.62,0.51,-0.02,-0.09,0.18,-0.42,2647.019,4645.664,3573.103,3441.592,0,0,0,0
2044,61,Hombre,8.1,143,42.6,166,1,1,-0.663,86,139,0.59,36,0,0.5,-2,0.13,-0.313,-0.663,-0.53,0.59,0.07,-0.01,-0.4,-1,1321.869,2319.953,1784.337,1718.664,0,0,0,0
2045,68,Mujer,9.7,140,51.2,1656,0,1,-0.086,1520,127,-3.33,36,0,-0.92,0.83,0.38,0.264,-0.086,-4.45,-3.33,-3.85,-3.93,-3.46,-4.06,59.099,103.722,79.776,76.839,0,0,0,0
2046,79,Mujer,9.3,162,52,1134,1,1,0.679,2237,159,-4.93,36,0,-0.15,-0.36,-2.46,1.029,0.679,-6.06,-4.93,-5.46,-5.53,-3.91,-4.51,105.502,185.162,142.413,137.172,0,0,0,0
2047,57,Mujer,7.1,147,37.8,102,0,0,-0.155,87,162,-0,36,0,-0.45,-1.24,0.57,-0.155,-0.505,-0,1.12,0.6,0.52,0.37,-0.23,94.019,165.008,126.912,122.241,0,0,0,0
2048,70,Mujer,6.7,158,43.7,122,0,0,0.92,306,150,-5.74,1.72,1,0.88,0.58,1.25,0.92,0.57,-5.74,-4.61,-5.14,-5.21,-3.76,-4.36,1.723,3.024,2.326,2.24,1,1,1,1
2049,45,Mujer,8.2,126,44,574,0,1,-0.639,303,122,0.96,7.21,1,0.58,-0.25,1.08,-0.289,-0.639,-0.16,0.96,0.44,0.36,0.01,-0.59,4.11,7.214,5.549,5.344,1,1,1,1
2050,56,Hombre,6.4,118,55.5,100,0,0,0.13,114,123,-2.41,36,0,0.15,0.36,1.43,0.13,-0.22,-2.41,-1.28,-1.81,-1.88,-1.61,-2.21,483.595,848.736,652.785,628.759,0,0,0,0
2051,82,Hombre,7.4,138,38.6,794,0,0,-0.755,373,129,-1.76,36,0,1.94,-0.66,-0.55,-0.755,-1.105,-1.76,-0.64,-1.16,-1.24,-2.29,-2.89,428.928,752.793,578.993,557.683,0,0,0,0
2052,67,Hombre,9.2,108,53.6,340,0,0,-0.282,257,109,-1.18,36,0,0.97,-1.09,-0.69,-0.282,-0.632,-1.18,-0.05,-0.58,-0.65,-1,-1.6,37.137,65.177,50.129,48.284,0,0,0,0
2053,83,Hombre,6.9,124,35.5,32,0,0,0.336,45,105,-5.17,36,0,0.31,1.96,0.1,0.336,-0.014,-5.17,-4.04,-4.57,-4.64,-4.06,-4.66,559.855,982.576,755.725,727.91,0,0,0,0
2054,62,Hombre,9.8,144,46,516,0,1,-0.021,505,142,-4.8,36,0,0.54,2.11,0.82,0.329,-0.021,-5.93,-4.8,-5.33,-5.4,-4.84,-5.44,258.656,453.955,349.149,336.298,0,0,0,0
2055,75,Hombre,7.9,133,41.1,38,0,1,0.095,42,117,-2.02,36,0,0.46,0.48,-1.99,0.445,0.095,-3.15,-2.02,-2.55,-2.62,-1.88,-2.48,90.738,159.251,122.484,117.976,0,0,0,0
2056,54,Hombre,8.5,119,55,227,1,1,0.293,304,104,-3.88,36,0,0.57,3,-1.19,0.643,0.293,-5.01,-3.88,-4.41,-4.48,-3.44,-4.04,95.066,166.847,128.326,123.603,0,0,0,0
2057,40,Mujer,6.8,104,64.8,14,0,0,0.075,15,103,0.96,36,0,-1.32,-0.6,-1.36,0.075,-0.275,0.96,2.08,1.56,1.48,1.67,1.07,5183.447,9097.233,6996.922,6739.396,0,0,0,0
2058,68,Hombre,11.1,104,46.1,429,1,1,-0.491,262,97,-2.51,36,0,0.29,1.02,0.93,-0.141,-0.491,-3.63,-2.51,-3.03,-3.11,-3.24,-3.84,235.439,413.208,317.809,306.112,0,0,0,0
2059,45,Hombre,9.8,111,47.8,61,1,1,-0.212,49,108,-0.26,36,0,-0.95,-0.13,-0.63,0.138,-0.212,-1.39,-0.26,-0.79,-0.86,-0.58,-1.18,1476.809,2591.88,1993.484,1920.112,0,0,0,0
2060,55,Hombre,6.9,136,50.8,138,0,0,-0.738,66,135,0.66,36,0,0.43,-1.84,0.93,-0.738,-1.088,0.66,1.78,1.26,1.18,0.15,-0.45,1264.823,2219.834,1707.333,1644.493,0,0,0,0
2061,57,Mujer,10.1,121,44.8,173,0,1,-0.541,101,116,-1.41,36,0,-0.1,-0.01,0.18,-0.191,-0.541,-2.53,-1.41,-1.93,-2.01,-2.22,-2.82,494.567,867.992,667.596,643.025,0,0,0,0
2062,72,Hombre,8.8,167,41,75,1,0,0.67,147,164,-4.37,36,0,-0.29,0.03,-1.87,0.67,0.32,-4.37,-3.24,-3.77,-3.84,-2.76,-3.36,124.615,218.707,168.213,162.022,0,0,0,0
2063,57,Mujer,7.7,162,52.8,144,0,1,-0.807,64,153,-1.43,36,0,0.02,0.7,-2.2,-0.457,-0.807,-2.55,-1.43,-1.95,-2.03,-2.64,-3.24,437.486,767.813,590.545,568.81,0,0,0,0
2064,58,Mujer,7.6,126,43.1,422,0,1,-1.538,91,131,1.29,36,0,-1.53,-0.28,-1.45,-1.188,-1.538,0.16,1.29,0.76,0.69,-1.02,-1.62,2762.626,4848.559,3729.155,3591.901,0,0,0,0
2065,76,Mujer,10.2,144,38.7,327,0,0,1.091,973,141,-6.01,36,0,-0.74,1.26,1.35,1.091,0.741,-6.01,-4.89,-5.41,-5.49,-3.78,-4.38,90.427,158.704,122.064,117.571,0,0,0,0
2066,72,Hombre,7.2,136,36.1,223,1,0,0.262,290,122,-5.14,36,0,-0.38,0.43,0.65,0.262,-0.088,-5.14,-4.02,-4.54,-4.62,-4.15,-4.75,238.906,419.293,322.489,310.62,0,0,0,0
2067,58,Hombre,9.3,127,42.1,886,0,0,-0.21,718,119,-1.75,36,0,-0.1,-0.14,0.37,-0.21,-0.56,-1.75,-0.62,-1.15,-1.22,-1.46,-2.06,201.12,352.976,271.483,261.491,0,0,0,0
2068,51,Hombre,9.3,156,55.3,196,0,1,-0.577,110,166,1.68,36,0,0.71,-1.89,1.81,-0.227,-0.577,0.55,1.68,1.15,1.08,0.81,0.21,854.861,1500.328,1153.942,1111.47,0,0,0,0
2069,60,Mujer,7.4,155,50.1,127,0,0,-0.155,109,150,-1.12,36,0,-2.13,-0.52,-1.15,-0.155,-0.505,-1.12,0,-0.52,-0.6,-0.75,-1.35,354.755,622.615,478.869,461.244,0,0,0,0
2070,64,Hombre,5.9,125,40.3,449,0,0,-0.748,212,131,-1.22,36,0,-0.14,0.08,0.38,-0.748,-1.098,-1.22,-0.1,-0.62,-0.7,-1.75,-2.35,616.426,1081.861,832.088,801.462,0,0,0,0
2071,56,Hombre,9,121,57.1,12,0,0,-0.295,9,118,1.14,36,0,-1.14,-0.58,-1.19,-0.295,-0.645,1.14,2.26,1.74,1.66,1.3,0.7,12638.111,22180.575,17059.665,16431.774,0,0,0,0
2072,55,Hombre,6.2,163,53.2,48,0,1,-0.799,22,158,2.02,36,0,-0.01,-2.16,-0.8,-0.449,-0.799,0.9,2.02,1.5,1.42,0.83,0.23,1805.333,3168.457,2436.944,2347.251,0,0,0,0
2073,69,Hombre,9.9,135,57.2,39,1,0,0.51,65,133,-2.63,36,0,0.41,-0.4,-1.15,0.51,0.16,-2.63,-1.51,-2.03,-2.11,-1.27,-1.87,1432.558,2514.217,1933.751,1862.578,0,0,0,0
2074,71,Hombre,8.1,132,48.2,64,0,0,0.457,101,128,-3.42,36,0,-0.73,0.02,-1.09,0.457,0.107,-3.42,-2.3,-2.82,-2.9,-2.14,-2.74,998.746,1752.853,1348.166,1298.546,0,0,0,0
2075,51,Mujer,7.1,125,39.1,263,0,1,-0.648,138,122,-0.27,36,0,-0.38,-0.31,-1.27,-0.298,-0.648,-1.39,-0.27,-0.79,-0.87,-1.24,-1.84,885.303,1553.756,1195.034,1151.05,0,0,0,0
2076,73,Hombre,7.7,111,37.5,14,0,0,1.103,42,105,-3.29,36,0,3.83,0.74,0.68,1.103,0.753,-3.29,-2.17,-2.69,-2.77,-1.04,-1.64,1187.668,2084.422,1603.184,1544.178,0,0,0,0
2077,54,Hombre,6.2,134,49.5,85,0,0,0.125,96,134,-1.69,36,0,-1.83,-1.78,1.26,0.125,-0.225,-1.69,-0.57,-1.09,-1.17,-0.91,-1.51,2701.875,4741.939,3647.15,3512.915,0,0,0,0
2078,81,Hombre,8.7,143,48.5,160,0,0,0.783,350,157,-2.56,36,0,0.03,-0.21,-0.47,0.783,0.433,-2.56,-1.44,-1.96,-2.04,-0.79,-1.39,138.912,243.797,187.511,180.61,0,0,0,0
2079,68,Mujer,6,133,47.7,115,0,1,-0.175,97,133,-1.26,36,0,-0.47,-0.52,-0.16,0.175,-0.175,-2.39,-1.26,-1.79,-1.86,-1.53,-2.13,1942.512,3409.215,2622.117,2525.609,0,0,0,0
2080,90,Hombre,7.1,148,49.4,619,0,0,-0.48,383,151,-2.88,35.3,1,-0.46,1.1,0.89,-0.48,-0.83,-2.88,-1.75,-2.28,-2.35,-3,-3.6,35.305,61.962,47.657,45.903,1,0,0,0
2081,70,Hombre,8.2,125,36.5,419,1,0,-0.428,273,125,-3.6,36,0,-0.04,0.29,0.25,-0.428,-0.778,-3.6,-2.48,-3,-3.08,-3.64,-4.24,484.537,850.389,654.056,629.983,0,0,0,0
2082,75,Hombre,7.9,126,39.6,354,0,1,-0.957,136,115,-0.93,36,0,1.26,0.26,0.96,-0.607,-0.957,-2.05,-0.93,-1.45,-1.53,-2.36,-2.96,279.375,490.318,377.117,363.237,0,0,0,0
2083,86,Mujer,9.4,113,55,88,0,1,0.302,119,111,-3.4,36,0,2.68,0.57,1.46,0.652,0.302,-4.53,-3.4,-3.93,-4,-2.95,-3.55,501.664,880.448,677.176,652.252,0,0,0,0
2084,71,Mujer,8.8,144,33.2,561,1,1,-0.062,527,138,-2.75,36,0,-1.91,-0.5,0.44,0.288,-0.062,-3.87,-2.75,-3.27,-3.35,-2.84,-3.44,50.826,89.202,68.607,66.082,0,0,0,0
2085,50,Hombre,7.1,128,60.9,35,0,0,-0.328,25,131,-1.72,36,0,-1.09,1.74,0.13,-0.328,-0.678,-1.72,-0.6,-1.12,-1.2,-1.61,-2.21,680.273,1193.917,918.273,884.476,0,0,0,0
2086,70,Mujer,7.3,121,41.1,55,1,0,-0.781,25,111,0.6,36,0,-1.64,0.16,0.85,-0.781,-1.131,0.6,1.72,1.2,1.12,0.03,-0.57,566.617,994.444,764.853,736.702,0,0,0,0
2087,87,Mujer,8.5,133,52,101,1,0,0.922,254,148,-5.56,36,0,-0.33,-0.26,-0.45,0.922,0.572,-5.56,-4.44,-4.96,-5.04,-3.58,-4.18,330.901,580.749,446.669,430.229,0,0,0,0
2088,48,Hombre,9.2,139,53,210,0,1,-0.25,164,142,-1.72,36,0,0.69,0.41,1.03,0.1,-0.25,-2.84,-1.72,-2.24,-2.32,-2.09,-2.69,445.426,781.747,601.262,579.133,0,0,0,0
2089,79,Hombre,7.5,134,49.7,155,1,0,-0.017,152,139,-3.57,36,0,-0.74,0.99,-0.13,-0.017,-0.367,-3.57,-2.45,-2.97,-3.05,-3,-3.6,52.35,91.878,70.666,68.065,0,0,0,0
2090,67,Hombre,7.3,154,41.2,241,1,1,-0.466,151,134,-3,36,0,0.07,0.42,-0.52,-0.116,-0.466,-4.12,-3,-3.52,-3.6,-3.7,-4.3,345.759,606.826,466.726,449.548,0,0,0,0
2091,71,Mujer,8,99,53.2,79,1,0,0.369,114,91,-2.77,36,0,0.47,1.08,-0.69,0.369,0.019,-2.77,-1.65,-2.17,-2.25,-1.62,-2.22,589.843,1035.207,796.205,766.9,0,0,0,0
2092,40,Hombre,8.4,112,63.8,59,1,1,-1.622,12,107,1.65,36,0,-1.16,-0.89,1.28,-1.272,-1.622,0.53,1.65,1.13,1.05,-0.78,-1.38,31099.003,54580.45,41979.263,40434.192,0,0,0,0
2093,53,Mujer,7.4,137,56.9,78,0,1,0.256,101,135,-2.85,36,0,-0.42,0.98,1.33,0.606,0.256,-3.98,-2.85,-3.38,-3.45,-2.47,-3.07,52.173,91.567,70.426,67.834,0,0,0,0
2094,71,Hombre,8.2,131,55.1,796,0,0,0.117,895,124,-1.81,36,0,0.76,-0.05,-0.16,0.117,-0.233,-1.81,-0.69,-1.21,-1.29,-1.04,-1.64,441.635,775.094,596.145,574.203,0,0,0,0
2095,71,Mujer,8.4,134,30.2,2765,0,1,-0.567,1569,131,-2.98,36,0,0.72,-1.24,0.44,-0.217,-0.567,-4.11,-2.98,-3.51,-3.58,-3.83,-4.43,52.326,91.835,70.633,68.033,0,0,0,0
2096,54,Hombre,8.2,132,50.4,73,0,0,0.601,133,125,-3.26,36,0,-0.29,0.92,-0.96,0.601,0.251,-3.26,-2.14,-2.66,-2.74,-1.76,-2.36,212.853,373.568,287.321,276.746,0,0,0,0
2097,65,Hombre,6.3,149,46.1,84,0,0,0.04,87,157,-2.05,36,0,1.91,-0.96,-0.58,0.04,-0.31,-2.05,-0.92,-1.45,-1.52,-1.39,-1.99,1739.453,3052.835,2348.016,2261.596,0,0,0,0
2098,68,Hombre,5.9,136,38.4,38,0,0,-0.182,32,129,0.88,36,0,0.72,-1.07,1.22,-0.182,-0.532,0.88,2,1.48,1.4,1.2,0.6,1879.19,3298.08,2536.641,2443.278,0,0,0,0
2099,71,Hombre,6.7,167,58.7,52,0,0,-0.096,47,164,-0.31,36,0,0.22,-0.15,-0.16,-0.096,-0.446,-0.31,0.82,0.29,0.22,0.15,-0.45,3296.793,5786.052,4450.205,4286.413,0,0,0,0
2100,71,Mujer,5.7,159,32.7,59,0,0,0.714,121,160,-2.54,36,0,1.03,0.49,-1.16,0.714,0.364,-2.54,-1.41,-1.94,-2.01,-0.86,-1.46,219.16,384.638,295.835,284.947,0,0,0,0
2101,71,Mujer,8.5,119,59.3,137,0,1,0.093,150,103,-2.25,36,0,-0.47,0.7,0.97,0.443,0.093,-3.38,-2.25,-2.78,-2.85,-2.11,-2.71,455.954,800.224,615.474,592.821,0,0,0,0
2102,67,Hombre,6.7,133,43.8,822,1,0,0.323,1135,127,-5.86,36,0,1.18,-0.65,-0.91,0.323,-0.027,-5.86,-4.74,-5.26,-5.34,-4.78,-5.38,43.585,76.493,58.833,56.668,0,0,0,0
2103,76,Hombre,10.2,144,45.7,502,1,1,-0.177,421,126,-4.35,36,0,-0.34,1.3,-1.37,0.173,-0.177,-5.47,-4.35,-4.87,-4.95,-4.61,-5.21,73.591,129.157,99.338,95.682,0,0,0,0
2104,52,Hombre,5.8,119,57.6,152,0,1,-0.91,61,112,3.08,36,0,-0.87,-0.9,0.54,-0.56,-0.91,1.95,3.08,2.55,2.48,1.71,1.11,3349.847,5879.164,4521.82,4355.392,0,0,0,0
2105,56,Mujer,9.5,151,53.8,445,0,0,0.102,493,147,-3.25,36,0,0.76,1.02,-0.96,0.102,-0.248,-3.25,-2.13,-2.65,-2.73,-2.5,-3.1,119.516,209.757,161.33,155.392,0,0,0,0
2106,69,Hombre,6.7,146,40.4,624,1,0,0.404,935,144,-4.66,36,0,0.33,-1.35,-1.67,0.404,0.054,-4.66,-3.53,-4.06,-4.13,-3.45,-4.05,340.21,597.086,459.235,442.333,0,0,0,0
2107,67,Hombre,8.6,134,44.3,193,1,0,-0.102,174,139,-3.84,36,0,-0.4,-0.24,-1.86,-0.102,-0.452,-3.84,-2.72,-3.24,-3.32,-3.4,-4,440.429,772.977,594.517,572.635,0,0,0,0
2108,90,Mujer,7.7,128,38.3,245,1,0,-0.418,161,136,-0.27,36,0,0.34,-2.03,0.12,-0.418,-0.768,-0.27,0.86,0.33,0.26,-0.29,-0.89,159.587,280.084,215.42,207.491,0,0,0,0
2109,56,Hombre,7.2,130,53.5,145,0,1,-0.471,91,121,-1.61,36,0,-1.34,1.73,0.05,-0.121,-0.471,-2.73,-1.61,-2.13,-2.21,-2.32,-2.92,611.702,1073.57,825.711,795.32,0,0,0,0
2110,65,Hombre,7.8,138,40.5,263,0,0,-0.129,231,141,-0.71,17.49,1,-0.85,-1.16,0.84,-0.129,-0.479,-0.71,0.42,-0.11,-0.18,-0.3,-0.9,17.491,30.698,23.611,22.742,1,1,1,1
2111,54,Mujer,5.8,163,54.3,81,0,1,0.065,86,155,-1.71,36,0,-0.12,0.01,-1.7,0.415,0.065,-2.84,-1.71,-2.24,-2.31,-1.61,-2.21,761.611,1336.669,1028.067,990.229,0,0,0,0
2112,48,Mujer,6.4,149,48.8,131,0,1,-0.879,54,138,0.03,36,0,-0.36,-1.57,-0.16,-0.529,-0.879,-1.09,0.03,-0.49,-0.57,-1.29,-1.89,1526.649,2679.352,2060.76,1984.913,0,0,0,0
2113,66,Hombre,7.9,145,59.5,523,0,0,-0.537,306,154,-3.39,36,0,0.2,-0.1,-1.25,-0.537,-0.887,-3.39,-2.27,-2.79,-2.87,-3.6,-4.2,2140.288,3756.323,2889.087,2782.752,0,0,0,0
2114,71,Mujer,6.6,153,36.2,249,0,0,-0.151,214,164,-5.53,36,0,-0.44,-0.21,0.57,-0.151,-0.501,-5.53,-4.41,-4.93,-5.01,-5.16,-5.76,109.673,192.483,148.043,142.595,0,0,0,0
2115,62,Mujer,6.8,142,53.6,20,0,0,1.052,57,129,-3.89,36,0,0.86,2.83,0.39,1.052,0.702,-3.89,-2.76,-3.29,-3.36,-1.71,-2.31,169.239,297.024,228.449,220.041,0,0,0,0
2116,58,Hombre,6.9,140,52.9,16,0,0,0.182,19,131,1.24,36,0,0.23,-1.42,2.81,0.182,-0.168,1.24,2.36,1.84,1.76,2.11,1.51,437.397,767.656,590.425,568.694,0,0,0,0
2117,63,Mujer,9.1,119,37.9,371,0,1,-0.44,239,106,-0.79,36,0,-1.85,-0.09,0.81,-0.09,-0.44,-1.91,-0.79,-1.31,-1.39,-1.45,-2.05,622.415,1092.373,840.173,809.25,0,0,0,0
2118,64,Hombre,6.1,118,35.9,12,1,0,0.229,15,114,-0.82,36,0,0.7,-0.51,-0.65,0.229,-0.121,-0.82,0.31,-0.22,-0.29,0.13,-0.47,711.849,1249.334,960.896,925.529,0,0,0,0
2119,77,Hombre,9.1,126,62.6,129,0,0,0.78,281,138,-3.05,36,0,0.51,0.54,2.53,0.78,0.43,-3.05,-1.93,-2.45,-2.53,-1.28,-1.88,231.606,406.481,312.635,301.128,0,0,0,0
2120,59,Hombre,8.7,125,44.7,701,0,1,-1.131,226,111,-0.95,36,0,-0.08,-0.98,-0.79,-0.781,-1.131,-2.07,-0.95,-1.47,-1.55,-2.65,-3.25,153.07,268.646,206.622,199.018,0,0,0,0
2121,61,Hombre,9.2,134,53.7,231,1,0,0.607,424,126,-3.94,36,0,1.5,0.31,0.45,0.607,0.257,-3.94,-2.81,-3.34,-3.41,-2.43,-3.03,82.047,143.998,110.752,106.676,0,0,0,0
2122,60,Hombre,6.9,126,36.6,26,0,0,0.435,40,122,-1.94,36,0,0.46,-0.45,1.39,0.435,0.085,-1.94,-0.82,-1.34,-1.42,-0.69,-1.29,265.611,466.162,358.538,345.341,0,0,0,0
2123,59,Mujer,8.2,118,49,427,0,1,0.334,597,105,-2.42,14.02,1,-0.67,1.12,0.59,0.684,0.334,-3.55,-2.42,-2.95,-3.02,-1.92,-2.52,7.991,14.025,10.787,10.39,1,1,1,1
2124,61,Mujer,6.2,148,44.5,67,1,0,-0.613,36,153,1.55,36,0,-0.92,-1.52,-0.01,-0.613,-0.963,1.55,2.68,2.15,2.08,1.23,0.63,1168.429,2050.656,1577.214,1519.163,0,0,0,0
2125,56,Hombre,8.6,147,33.6,2536,0,1,-0.635,1344,134,-0.04,36,0,0.02,-1.89,-0.88,-0.285,-0.635,-1.16,-0.04,-0.56,-0.64,-0.99,-1.59,431.562,757.414,582.547,561.106,0,0,0,0
2126,69,Mujer,5.5,134,54.2,198,0,0,-0.458,125,137,-1.69,36,0,-2.37,0.45,-0.47,-0.458,-0.808,-1.69,-0.57,-1.09,-1.17,-1.78,-2.38,2215.919,3889.06,2991.178,2881.086,0,0,0,0
2127,68,Hombre,7.3,131,43.3,86,0,0,-0.168,73,132,-0.99,36,0,0.38,-0.39,-0.56,-0.168,-0.518,-0.99,0.14,-0.39,-0.46,-0.64,-1.24,6300.418,11057.578,8504.675,8191.655,0,0,0,0
2128,73,Hombre,8.8,132,25.1,53,0,1,0.31,72,139,-4.08,36,0,-0.08,1.16,-1.05,0.66,0.31,-5.21,-4.08,-4.61,-4.68,-3.62,-4.22,115.371,202.483,155.735,150.003,0,0,0,0
2129,68,Mujer,7.5,135,43.6,109,0,0,0.558,190,139,-4.47,36,0,1.07,1.45,0.22,0.558,0.208,-4.47,-3.34,-3.87,-3.94,-3.03,-3.63,221.97,389.57,299.628,288.6,0,0,0,0
2130,78,Hombre,6.7,157,39.1,400,0,0,-0.57,226,169,-3.19,36,0,0.72,-1.09,-1.04,-0.57,-0.92,-3.19,-2.06,-2.59,-2.66,-3.44,-4.04,1810.535,3177.587,2443.966,2354.015,0,0,0,0
2131,59,Hombre,5.9,125,46.9,47,1,1,-0.272,36,113,-0.86,36,0,-0.24,-0.13,-0.66,0.078,-0.272,-1.99,-0.86,-1.39,-1.46,-1.27,-1.87,1076.42,1889.175,1453.015,1399.536,0,0,0,0
2132,61,Mujer,6,147,54,73,0,1,0.627,137,147,-3.2,36,0,-0.06,-0.23,1.31,0.977,0.627,-4.32,-3.2,-3.72,-3.8,-2.26,-2.86,1151.287,2020.572,1554.075,1496.877,0,0,0,0
2133,73,Mujer,6.9,162,45.2,143,0,1,-0.194,118,159,-0.95,36,0,-0.7,-0.88,0.41,0.156,-0.194,-2.07,-0.95,-1.47,-1.55,-1.24,-1.84,799.55,1403.255,1079.28,1039.557,0,0,0,0
2134,65,Mujer,8.3,132,47.9,79,0,0,0.759,169,128,-3.65,36,0,-0.11,0.92,-0.59,0.759,0.409,-3.65,-2.52,-3.05,-3.12,-1.91,-2.51,203.94,357.926,275.29,265.158,0,0,0,0
2135,70,Hombre,8.3,161,60.7,695,0,1,-0.014,685,161,-3.1,36,0,1.04,-0.4,-0.13,0.336,-0.014,-4.22,-3.1,-3.62,-3.7,-3.12,-3.72,533.509,936.338,720.162,693.656,0,0,0,0
2136,71,Mujer,8.9,139,50.1,82,0,0,-0.034,79,127,-2.59,36,0,-0.59,0.05,0.05,-0.034,-0.384,-2.59,-1.47,-1.99,-2.07,-2.05,-2.65,483.988,849.426,653.316,629.27,0,0,0,0
2137,46,Mujer,7.3,114,51.2,8,1,0,0.797,18,120,-2.94,36,0,1.39,0.51,-1.58,0.797,0.447,-2.94,-1.81,-2.34,-2.41,-1.14,-1.74,1541.024,2704.581,2080.164,2003.603,0,0,0,0
2138,64,Hombre,9.2,158,47.4,63,1,0,0.421,96,172,-5.68,36,0,-0.61,0.92,-0.81,0.421,0.071,-5.68,-4.55,-5.08,-5.15,-4.44,-5.04,222.512,390.521,300.36,289.305,0,0,0,0
2139,65,Mujer,8.3,116,43.4,723,0,1,-0.261,557,110,-0.97,36,0,0.17,-0.63,-0.2,0.089,-0.261,-2.09,-0.97,-1.49,-1.57,-1.36,-1.96,372.131,653.111,502.325,483.836,0,0,0,0
2140,56,Hombre,7.2,140,40.3,81,1,0,-0.408,54,148,-1.2,36,0,-1.46,0.2,0.61,-0.408,-0.758,-1.2,-0.08,-0.6,-0.68,-1.21,-1.81,746.712,1310.521,1007.956,970.858,0,0,0,0
2141,73,Mujer,9.3,133,30.8,26,1,0,0.755,55,134,-5.46,36,0,-1.15,-0.59,0.47,0.755,0.405,-5.46,-4.33,-4.86,-4.93,-3.73,-4.33,89.647,157.335,121.011,116.557,0,0,0,0
2142,66,Mujer,7.4,131,45.1,92,0,0,-0.143,80,138,-0.42,36,0,0.12,-1.22,-1.26,-0.143,-0.493,-0.42,0.7,0.18,0.1,-0.04,-0.64,2463.787,4324.08,3325.764,3203.358,0,0,0,0
2143,70,Hombre,5.9,133,36.9,48,0,0,-0.478,30,128,-0.14,36,0,1.15,-1.51,-0.25,-0.478,-0.828,-0.14,0.99,0.46,0.39,-0.25,-0.85,43.595,76.512,58.847,56.681,0,0,0,0
2144,60,Hombre,8.4,112,46.2,54,0,0,-0.509,32,105,1.36,36,0,-0.82,-0.92,0.66,-0.509,-0.859,1.36,2.49,1.96,1.89,1.2,0.6,903.125,1585.034,1219.091,1174.222,0,0,0,0
2145,54,Mujer,7.9,106,43.7,54,0,0,0.495,89,122,-2.67,36,0,-1.99,-0.82,-1.66,0.495,0.145,-2.67,-1.54,-2.07,-2.14,-1.32,-1.92,304.39,534.222,410.884,395.761,0,0,0,0
2146,70,Mujer,6.6,124,40.3,28,0,1,-0.493,17,121,-0.42,36,0,0.2,-0.02,0.44,-0.143,-0.493,-1.54,-0.42,-0.94,-1.02,-1.16,-1.76,4317.246,7577.002,5827.672,5613.181,0,0,0,0
2147,61,Mujer,8.3,121,38.8,63,0,0,0.61,116,117,-1.95,36,0,-2.01,-0.39,-0.18,0.61,0.26,-1.95,-0.83,-1.35,-1.43,-0.44,-1.04,642.983,1128.471,867.937,835.992,0,0,0,0
2148,54,Hombre,6.3,110,42.8,130,0,1,0.268,170,97,-1.24,36,0,-0.5,1.43,0.34,0.618,0.268,-2.37,-1.24,-1.77,-1.84,-0.84,-1.44,95.912,168.33,129.467,124.702,0,0,0,0
2149,54,Mujer,9.4,113,39.6,94,0,0,0.09,103,108,-5.04,36,0,-0.72,0.66,-0.8,0.09,-0.26,-5.04,-3.91,-4.44,-4.51,-4.3,-4.9,319.039,559.931,430.658,414.807,0,0,0,0
2150,66,Hombre,9,152,39.7,232,0,1,-1.057,81,150,-1.24,36,0,1.97,-2.15,-1.43,-0.707,-1.057,-2.37,-1.24,-1.77,-1.84,-2.83,-3.43,21.594,37.899,29.149,28.076,1,0,1,1
2151,74,Mujer,8.2,157,51.6,204,1,0,-0.32,148,165,-0.43,36,0,-1.17,-1.6,-0.75,-0.32,-0.67,-0.43,0.7,0.17,0.1,-0.31,-0.91,113.813,199.749,153.632,147.978,0,0,0,0
2152,58,Hombre,8.4,151,44.3,427,0,1,-1.134,137,138,-0.88,36,0,0.53,-0.47,0.51,-0.784,-1.134,-2,-0.88,-1.4,-1.48,-2.58,-3.18,43.009,75.484,58.057,55.92,0,0,0,0
2153,72,Mujer,7.3,137,32.5,18,0,0,0.288,24,129,-1.1,36,0,0.75,0.23,-1.77,0.288,-0.062,-1.1,0.03,-0.5,-0.57,-0.07,-0.67,536.09,940.867,723.646,697.011,0,0,0,0
2154,71,Mujer,8.3,143,30.7,257,0,0,-0.619,138,134,0.55,36,0,1.3,-1.37,1.8,-0.619,-0.969,0.55,1.67,1.15,1.07,0.22,-0.38,1897.684,3330.538,2561.605,2467.324,0,0,0,0
2155,50,Hombre,8.2,134,49.2,186,0,0,0.075,200,132,-0.28,36,0,-0.7,-1.36,-0.03,0.075,-0.275,-0.28,0.84,0.32,0.24,0.43,-0.17,1314.165,2306.432,1773.938,1708.647,0,0,0,0
2156,87,Hombre,7,123,37.4,201,1,0,0.564,353,127,-5.47,36,0,0.89,1.19,0.7,0.564,0.214,-5.47,-4.34,-4.87,-4.94,-4.02,-4.62,174.212,305.751,235.161,226.506,0,0,0,0
2157,58,Mujer,8.2,133,59.4,58,0,0,0.144,67,131,-0.67,36,0,-0.57,0.07,0.28,0.144,-0.206,-0.67,0.45,-0.07,-0.15,0.14,-0.46,732.6,1285.754,988.907,952.51,0,0,0,0
2158,48,Hombre,9.4,140,52,148,0,0,-0.071,138,154,-3.19,36,0,-0.15,1.27,-1.27,-0.071,-0.421,-3.19,-2.07,-2.59,-2.67,-2.7,-3.3,456.04,800.375,615.59,592.933,0,0,0,0
2159,73,Hombre,8.4,145,48.1,67,0,0,0.356,96,141,-4.54,36,0,0.33,0.48,-0.58,0.356,0.006,-4.54,-3.42,-3.94,-4.02,-3.41,-4.01,39.908,70.04,53.87,51.887,0,0,0,0
2160,65,Mujer,8.5,165,43.2,394,0,1,-0.482,243,168,-1.83,36,0,-0.23,-0.55,1.96,-0.132,-0.482,-2.96,-1.83,-2.36,-2.43,-2.55,-3.15,312.963,549.267,422.455,406.907,0,0,0,0
2161,63,Mujer,9.5,135,40.8,250,0,1,-0.395,168,131,-1.77,36,0,0.28,0.24,0.66,-0.045,-0.395,-2.9,-1.77,-2.3,-2.37,-2.36,-2.96,362.45,636.12,489.257,471.249,0,0,0,0
2162,74,Hombre,5.5,127,37.3,55,0,0,-0.125,49,132,1.2,36,0,1.27,-0.81,-1.64,-0.125,-0.475,1.2,2.33,1.8,1.73,1.61,1.01,517.894,908.932,699.084,673.353,0,0,0,0
2163,65,Mujer,7.3,147,40.2,131,0,1,-0.055,124,136,-1.93,36,0,0.04,0.18,-0.7,0.295,-0.055,-3.05,-1.93,-2.45,-2.53,-2.01,-2.61,68.929,120.975,93.045,89.62,0,0,0,0
2164,61,Mujer,7.9,160,27.2,152,0,0,-0.041,146,153,-2.55,36,0,-0.09,0.05,1.5,-0.041,-0.391,-2.55,-1.43,-1.95,-2.03,-2.01,-2.61,496.302,871.037,669.938,645.28,0,0,0,0
2165,59,Mujer,8.7,123,48.7,81,1,1,-0.548,47,124,-0.68,36,0,1.56,-0.27,-0.69,-0.198,-0.548,-1.81,-0.68,-1.21,-1.28,-1.51,-2.11,456.862,801.818,616.7,594.002,0,0,0,0
2166,55,Mujer,8.7,102,45.1,284,1,1,-1.432,68,104,1.11,36,0,1.17,-0.86,0.29,-1.082,-1.432,-0.02,1.11,0.58,0.51,-1.04,-1.64,995.987,1748.011,1344.442,1294.959,0,0,0,0
2167,63,Hombre,8.9,114,45.7,54,0,1,0.29,72,92,-2.46,36,0,0.24,1.43,0.76,0.64,0.29,-3.59,-2.46,-2.99,-3.06,-2.03,-2.63,112.518,197.476,151.884,146.294,0,0,0,0
2168,60,Mujer,6.6,157,48.2,64,1,0,0.22,80,154,-1.92,36,0,-0.89,-2.03,1.02,0.22,-0.13,-1.92,-0.8,-1.32,-1.4,-0.99,-1.59,2966.481,5206.337,4004.331,3856.949,0,0,0,0
2169,63,Hombre,6.3,127,58.4,17,0,0,0.881,41,131,-0.86,36,0,-2.26,-0.24,1.19,0.881,0.531,-0.86,0.26,-0.26,-0.34,1.06,0.46,1264.455,2219.187,1706.835,1644.014,0,0,0,0
2170,55,Mujer,9.4,121,64.5,206,1,1,-0.2,169,113,-2.05,36,0,-0.04,0.22,-0.8,0.15,-0.2,-3.18,-2.05,-2.58,-2.65,-2.35,-2.95,357.346,627.162,482.367,464.613,0,0,0,0
2171,75,Hombre,7.6,95,52.7,210,0,1,-1.368,53,103,1.46,36,0,0.32,-1.54,0.86,-1.018,-1.368,0.33,1.46,0.93,0.86,-0.59,-1.19,557.234,977.976,752.187,724.502,0,0,0,0
2172,65,Mujer,8.2,142,42.8,304,0,0,-0.126,268,162,-2.72,36,0,0.32,0.24,-0.11,-0.126,-0.476,-2.72,-1.59,-2.12,-2.19,-2.31,-2.91,241.216,423.347,325.607,313.623,0,0,0,0
2173,58,Hombre,6.5,112,58.6,129,0,0,0.042,135,120,-1.65,36,0,-0.34,0.71,-0.19,0.042,-0.308,-1.65,-0.53,-1.05,-1.13,-0.99,-1.59,565.53,992.536,763.386,735.289,0,0,0,0
2174,60,Mujer,7.9,136,44.7,40,0,0,0.529,68,132,-0.98,36,0,-1.1,-1.23,0.68,0.529,0.179,-0.98,0.15,-0.38,-0.45,0.42,-0.18,1624.185,2850.533,2192.42,2111.727,0,0,0,0
2175,57,Hombre,6.7,134,55.9,98,0,1,0.128,111,118,-2.14,36,0,-2.28,-0.21,-1.47,0.478,0.128,-3.26,-2.14,-2.66,-2.74,-1.94,-2.54,1623.706,2849.694,2191.774,2111.105,0,0,0,0
2176,90,Hombre,7.8,138,34.6,274,0,0,-0.437,177,140,-5.49,36,0,0.04,0.75,0.77,-0.437,-0.787,-5.49,-4.37,-4.89,-4.97,-5.55,-6.15,478.727,840.192,646.214,622.43,0,0,0,0
2177,62,Hombre,8,141,42.3,35,1,0,1.221,119,148,-5.19,36,0,0.35,0.76,0.03,1.221,0.871,-5.19,-4.06,-4.59,-4.66,-2.75,-3.35,36.156,63.456,48.806,47.009,0,0,0,0
2178,46,Hombre,8.7,130,52.7,147,0,0,-0.579,82,135,-1.2,36,0,-1.02,-1.55,1.25,-0.579,-0.929,-1.2,-0.07,-0.6,-0.67,-1.47,-2.07,1112.273,1952.1,1501.412,1446.151,0,0,0,0
2179,50,Hombre,8.2,117,50.2,180,0,1,-0.885,74,104,0.44,36,0,-0.11,-0.24,0.6,-0.535,-0.885,-0.68,0.44,-0.08,-0.16,-0.89,-1.49,1658.292,2910.392,2238.459,2156.072,0,0,0,0
2180,57,Mujer,8.5,178,49.5,482,1,1,0.872,1153,170,-6.73,35.9,1,0.46,1.83,-1.41,1.222,0.872,-7.85,-6.73,-7.25,-7.33,-5.42,-6.02,20.453,35.896,27.609,26.592,1,1,1,1
2181,66,Hombre,8.6,140,49,52,0,1,-0.161,44,143,-0.65,36,0,1.54,0.23,0.18,0.189,-0.161,-1.77,-0.65,-1.17,-1.25,-0.89,-1.49,1606.054,2818.712,2167.946,2088.153,0,0,0,0
2182,51,Hombre,6.7,141,68.8,250,1,1,-0.469,156,140,-4.42,36,0,0.57,2.18,0.81,-0.119,-0.469,-5.55,-4.42,-4.95,-5.02,-5.12,-5.72,505.311,886.849,682.099,656.994,0,0,0,0
2183,50,Mujer,7.9,121,41.1,254,0,1,0.004,255,120,-1.71,36,0,-0.71,0.54,-0.41,0.354,0.004,-2.84,-1.71,-2.24,-2.31,-1.71,-2.31,773.086,1356.808,1043.557,1005.148,0,0,0,0
2184,65,Mujer,8,141,41.5,163,1,0,-0.672,83,151,1.16,36,0,0.19,-2.87,0.2,-0.672,-1.022,1.16,2.28,1.76,1.68,0.75,0.15,467.82,821.05,631.491,608.249,0,0,0,0
2185,72,Hombre,7.9,144,34.4,82,1,0,0.716,168,144,-3.08,36,0,1.26,-1.07,0.76,0.716,0.366,-3.08,-1.95,-2.48,-2.55,-1.4,-2,847.02,1486.567,1143.358,1101.276,0,0,0,0
2186,54,Hombre,6.5,114,59.2,22,0,0,0.518,37,122,-4.08,36,0,0.53,1.43,0.44,0.518,0.168,-4.08,-2.95,-3.48,-3.55,-2.7,-3.3,546.999,960.013,738.371,711.195,0,0,0,0
2187,68,Mujer,7.5,128,21.7,43,0,0,-0.149,37,124,-1.25,24.59,1,-0.09,-0.78,-1.47,-0.149,-0.499,-1.25,-0.12,-0.65,-0.72,-0.87,-1.47,24.585,43.148,33.187,31.965,1,0,1,1
2188,48,Mujer,6.2,132,56.2,51,0,1,0.223,64,136,-1.11,36,0,0.65,0.99,0.91,0.573,0.223,-2.24,-1.11,-1.64,-1.71,-0.78,-1.38,2220.85,3897.713,2997.834,2887.497,0,0,0,0
2189,42,Mujer,8.2,148,51.5,772,0,0,-0.471,482,144,-1.66,25.48,1,-1.08,-0.92,0.22,-0.471,-0.821,-1.66,-0.54,-1.06,-1.14,-1.77,-2.37,25.484,44.726,34.4,33.134,1,0,1,1
2190,72,Mujer,8.9,142,41.2,62,0,0,-0.364,43,145,-3.4,36,0,1.96,0.36,0.3,-0.364,-0.714,-3.4,-2.27,-2.8,-2.87,-3.34,-3.94,117.823,206.786,159.044,153.191,0,0,0,0
2191,72,Mujer,6.9,123,40.7,99,0,0,-0.116,88,115,-2.49,36,0,0.96,0.49,0.92,-0.116,-0.466,-2.49,-1.37,-1.89,-1.97,-2.07,-2.67,147.102,258.171,198.566,191.258,0,0,0,0
2192,66,Hombre,6.3,112,31.8,358,0,0,-0.489,220,106,-2.95,36,0,-0.12,0.27,-0.65,-0.489,-0.839,-2.95,-1.82,-2.35,-2.42,-3.08,-3.68,357.212,626.926,482.185,464.438,0,0,0,0
2193,53,Hombre,5.7,143,44,32,0,0,0.554,56,131,0.58,36,0,0.79,-2.15,-0.71,0.554,0.204,0.58,1.7,1.18,1.1,2.01,1.41,2168.407,3805.672,2927.043,2819.311,0,0,0,0
2194,75,Mujer,7.5,144,55.7,54,0,0,0.907,134,151,-3.91,36,0,0.48,0.07,0.03,0.907,0.557,-3.91,-2.78,-3.31,-3.38,-1.95,-2.55,1165.827,2046.091,1573.702,1515.781,0,0,0,0
2195,57,Hombre,8,130,46.9,70,0,1,-0.572,40,117,1.09,36,0,-0.08,-1.52,0.78,-0.222,-0.572,-0.04,1.09,0.56,0.49,0.23,-0.37,414.728,727.87,559.824,539.219,0,0,0,0
2196,59,Mujer,7.3,135,37.1,270,0,0,-0.014,266,131,-1.89,36,0,0.91,-0.05,0.17,-0.014,-0.364,-1.89,-0.77,-1.29,-1.37,-1.31,-1.91,122.127,214.339,164.854,158.786,0,0,0,0
2197,43,Hombre,6.3,115,38.8,31,0,1,-0.512,19,108,-0.27,36,0,-0.8,0.55,-0.42,-0.162,-0.512,-1.4,-0.27,-0.8,-0.87,-1.04,-1.64,2305.584,4046.425,3112.212,2997.665,0,0,0,0
2198,75,Mujer,6.3,133,36.4,34,0,1,0.538,58,122,-1.59,36,0,0.39,-0.16,1.89,0.888,0.538,-2.71,-1.59,-2.11,-2.19,-0.78,-1.38,326.163,572.435,440.275,424.07,0,0,0,0
2199,66,Mujer,6.2,108,60,12,0,1,-0.054,11,105,1.29,36,0,0.68,-0.33,-0.48,0.296,-0.054,0.17,1.29,0.77,0.69,1.21,0.61,2389.268,4193.297,3225.175,3106.471,0,0,0,0
2200,62,Hombre,7.3,121,49.2,7,0,0,-0.42,5,106,1.81,36,0,-0.93,-1.67,-1.4,-0.42,-0.77,1.81,2.93,2.41,2.33,1.78,1.18,22886.679,40167.373,30893.785,29756.722,0,0,0,0
2201,63,Hombre,7.5,155,46,39,1,0,0.368,56,157,-4.13,36,0,-0.72,0.5,-0.01,0.368,0.018,-4.13,-3,-3.53,-3.6,-2.98,-3.58,709.372,1244.986,957.551,922.308,0,0,0,0
2202,71,Mujer,7,133,37.4,57,1,0,-0.758,27,139,-2.12,36,0,-0.34,-0.52,-0.97,-0.758,-1.108,-2.12,-0.99,-1.52,-1.59,-2.65,-3.25,635.357,1115.085,857.642,826.076,0,0,0,0
2203,48,Hombre,6.2,110,51.7,101,0,0,-0.042,97,106,-1.13,36,0,-0.7,0.5,0.42,-0.042,-0.392,-1.13,-0.01,-0.53,-0.61,-0.6,-1.2,1025.869,1800.456,1384.778,1333.811,0,0,0,0
2204,68,Mujer,7.7,143,20.7,134,0,1,-1.107,44,112,0.67,36,0,-0.43,-1.75,0.1,-0.757,-1.107,-0.46,0.67,0.14,0.07,-0.99,-1.59,69.746,122.409,94.148,90.683,0,0,0,0
2205,71,Mujer,6.3,146,44.2,1451,1,0,-0.766,675,145,-2.47,36,0,-0,-1.16,0.87,-0.766,-1.116,-2.47,-1.35,-1.87,-1.95,-3.02,-3.62,147.88,259.538,199.617,192.27,0,0,0,0
2206,76,Mujer,10.1,159,47.1,220,0,1,-0.453,140,138,-0.96,36,0,0.92,0.25,-0.16,-0.103,-0.453,-2.08,-0.96,-1.48,-1.56,-1.64,-2.24,127.085,223.04,171.546,165.232,0,0,0,0
2207,69,Hombre,8.1,140,46.1,1407,0,1,-1.247,404,153,0.12,36,0,0.96,-1.87,-1.34,-0.897,-1.247,-1,0.12,-0.4,-0.48,-1.75,-2.35,511.434,897.595,690.364,664.955,0,0,0,0
2208,74,Hombre,8.9,147,50.6,182,0,0,0.513,304,162,-2.49,36,0,0.41,-1.17,-0.4,0.513,0.163,-2.49,-1.37,-1.89,-1.97,-1.12,-1.72,1931.232,3389.418,2606.891,2510.943,0,0,0,0
2209,61,Mujer,8.2,130,55.8,113,0,0,0.308,154,131,-2.48,36,0,-0.93,-0.91,-0.11,0.308,-0.042,-2.48,-1.36,-1.88,-1.96,-1.42,-2.02,3865.537,6784.228,5217.929,5025.88,0,0,0,0
2210,56,Hombre,8.8,141,38.4,62,0,0,0.218,77,139,-1.55,36,0,-1.99,0.12,0.09,0.218,-0.132,-1.55,-0.42,-0.95,-1.02,-0.62,-1.22,564.083,989.997,761.433,733.408,0,0,0,0
2211,56,Hombre,10.3,137,41.3,377,0,0,0.762,807,140,-4.56,36,0,-0.43,1.12,-0.06,0.762,0.412,-4.56,-3.43,-3.96,-4.03,-2.82,-3.42,121.291,212.872,163.726,157.7,0,0,0,0
2212,56,Mujer,7.5,112,56.2,82,1,0,0.558,143,107,-2.12,36,0,1.89,-1.35,0.27,0.558,0.208,-2.12,-1,-1.52,-1.6,-0.69,-1.29,986.043,1730.56,1331.019,1282.031,0,0,0,0
2213,66,Hombre,7.2,126,42.3,81,1,0,-0.42,53,134,-3.12,36,0,0.28,0.66,-0.93,-0.42,-0.77,-3.12,-1.99,-2.52,-2.59,-3.15,-3.75,486.901,854.539,657.248,633.058,0,0,0,0
2214,49,Hombre,6.8,133,56.5,78,0,1,0.096,86,128,-0.23,36,0,-0.56,1.43,0.96,0.446,0.096,-1.36,-0.23,-0.76,-0.83,-0.09,-0.69,108.353,190.165,146.261,140.878,0,0,0,0
2215,80,Mujer,9.2,151,44.2,547,0,0,-0.149,471,155,-4.43,36,0,-0.53,0.85,-0.43,-0.149,-0.499,-4.43,-3.3,-3.83,-3.9,-4.05,-4.65,127.108,223.082,171.578,165.263,0,0,0,0
2216,64,Mujer,7.3,139,53.2,112,1,1,-0.295,83,153,-2.25,36,0,-0.39,0.77,0.27,0.055,-0.295,-3.38,-2.25,-2.78,-2.85,-2.69,-3.29,589.422,1034.467,795.636,766.352,0,0,0,0
2217,51,Hombre,8.3,115,49,75,0,1,-0.408,50,104,-1.08,36,0,0.65,-0.46,-1.48,-0.058,-0.408,-2.21,-1.08,-1.61,-1.68,-1.7,-2.3,2038.869,3578.326,2752.185,2650.889,0,0,0,0
2218,64,Mujer,7.1,111,33.6,335,0,1,-0.758,157,108,-1.44,36,0,-0.13,1.45,0.18,-0.408,-0.758,-2.56,-1.44,-1.96,-2.04,-2.57,-3.17,1081.77,1898.565,1460.236,1406.491,0,0,0,0
2219,56,Mujer,7.4,119,61,55,1,1,-0.386,37,122,-1.27,36,0,-0.42,0.56,1.57,-0.036,-0.386,-2.4,-1.27,-1.8,-1.87,-1.85,-2.45,738.325,1295.8,996.634,959.952,0,0,0,0
2220,60,Hombre,8.5,127,47.4,96,0,0,-0.205,78,134,-1.91,36,0,1.11,-0.43,0.4,-0.205,-0.555,-1.91,-0.78,-1.31,-1.38,-1.62,-2.22,796.347,1397.632,1074.956,1035.391,0,0,0,0
2221,59,Mujer,8.3,133,55.3,65,1,1,-0.913,26,121,0.42,36,0,-1.42,-0.67,0.44,-0.563,-0.913,-0.7,0.42,-0.1,-0.18,-0.95,-1.55,283.106,496.867,382.154,368.088,0,0,0,0
2222,71,Mujer,9.1,104,42.7,94,0,0,-0.315,69,104,-2.22,36,0,1.67,0.08,0.46,-0.315,-0.665,-2.22,-1.09,-1.62,-1.69,-2.09,-2.69,496.299,871.031,669.933,645.276,0,0,0,0
2223,51,Hombre,5.5,139,57.4,64,0,1,0.02,65,135,-2.43,36,0,-0.62,0.37,-0.36,0.37,0.02,-3.55,-2.43,-2.95,-3.03,-2.4,-3,498.473,874.847,672.868,648.103,0,0,0,0
2224,64,Hombre,7.3,144,33.9,29,1,0,0.659,56,137,-2.12,36,0,-2.23,-1.06,-0.62,0.659,0.309,-2.12,-1,-1.52,-1.6,-0.53,-1.13,1635.519,2870.425,2207.719,2126.463,0,0,0,0
2225,64,Hombre,8.1,122,32.2,230,0,0,-0.766,107,126,-1.73,36,0,-0.31,-0.31,-0.32,-0.766,-1.116,-1.73,-0.6,-1.13,-1.2,-2.28,-2.88,607.43,1066.073,819.945,789.766,0,0,0,0
2226,64,Hombre,8.7,130,41,157,0,0,0.362,225,133,-5.42,36,0,-0.72,0.46,-0.66,0.362,0.012,-5.42,-4.29,-4.82,-4.89,-4.27,-4.87,323.688,568.09,436.933,420.851,0,0,0,0
2227,62,Hombre,5.8,150,49.1,197,0,1,0.099,218,145,-2.37,36,0,-0.5,0.96,0.75,0.449,0.099,-3.5,-2.37,-2.9,-2.97,-2.22,-2.82,80.458,141.208,108.607,104.609,0,0,0,0
2228,70,Hombre,10.5,138,37.1,120,0,0,-0.414,79,139,-0.87,36,0,0.16,-2.68,-0.54,-0.414,-0.764,-0.87,0.25,-0.27,-0.35,-0.89,-1.49,1146.915,2012.898,1548.173,1491.191,0,0,0,0
2229,57,Hombre,6.5,140,60.4,150,0,1,-0.923,60,150,-0.42,36,0,-1.2,0.04,0.69,-0.573,-0.923,-1.55,-0.42,-0.95,-1.02,-1.81,-2.41,2772.227,4865.409,3742.114,3604.384,0,0,0,0
2230,55,Mujer,6.4,141,50.9,1294,0,1,-0.762,604,123,-0.73,36,0,-0.52,0.07,0.7,-0.412,-0.762,-1.85,-0.73,-1.25,-1.33,-1.87,-2.47,166.885,292.891,225.271,216.979,0,0,0,0
2231,76,Mujer,8.4,149,51.1,141,0,0,0.12,159,139,-2.75,36,0,0.91,1.32,1.92,0.12,-0.23,-2.75,-1.63,-2.15,-2.23,-1.97,-2.57,96.318,169.044,130.016,125.231,0,0,0,0
2232,75,Hombre,6.9,123,50.5,105,0,1,-0.283,79,122,-0.06,36,0,1.88,-0.06,-1.07,0.067,-0.283,-1.19,-0.06,-0.59,-0.66,-0.49,-1.09,636.058,1116.317,858.589,826.988,0,0,0,0
2233,56,Hombre,9.5,145,57,124,0,1,-0.597,68,147,-1.59,36,0,-0.41,-0.27,0.46,-0.247,-0.597,-2.71,-1.59,-2.11,-2.19,-2.48,-3.08,343.44,602.757,463.596,446.533,0,0,0,0
2234,70,Mujer,8.6,145,50.8,43,0,0,0.609,79,143,-3.55,36,0,0.16,0.75,0.96,0.609,0.259,-3.55,-2.42,-2.95,-3.02,-2.03,-2.63,329.827,578.865,445.22,428.834,0,0,0,0
2235,56,Mujer,8.7,167,54.6,140,0,1,-0.331,101,147,-4.58,36,0,-0.91,1.58,1.7,0.019,-0.331,-5.71,-4.58,-5.11,-5.18,-5.08,-5.68,162.813,285.745,219.774,211.685,0,0,0,0
2236,74,Hombre,8,138,27.2,47,1,1,-0.8,21,136,-0.17,36,0,-0,-1.11,0.07,-0.45,-0.8,-1.29,-0.17,-0.69,-0.77,-1.37,-1.97,575.961,1010.842,777.465,748.85,0,0,0,0
2237,70,Mujer,6.9,134,61.9,107,1,1,-0.341,76,136,-1.33,36,0,0.67,-0.78,0.58,0.009,-0.341,-2.45,-1.33,-1.85,-1.93,-1.84,-2.44,1877.759,3295.569,2534.709,2441.418,0,0,0,0
2238,80,Hombre,9.1,128,39.7,1905,0,0,-0.091,1739,134,-2.91,36,0,1.73,0.72,1.31,-0.091,-0.441,-2.91,-1.78,-2.31,-2.38,-2.44,-3.04,156.688,274.997,211.507,203.723,0,0,0,0
2239,75,Hombre,8.2,114,33.2,72,1,0,0.154,84,122,-1.14,36,0,-0.48,-0,-0.48,0.154,-0.196,-1.14,-0.01,-0.54,-0.61,-0.31,-0.91,59.649,104.687,80.517,77.554,0,0,0,0
2240,45,Hombre,6.7,108,64.2,25,0,0,-0.123,22,117,0.5,36,0,1.25,0.83,1.15,-0.123,-0.473,0.5,1.63,1.1,1.03,0.92,0.32,410.197,719.918,553.708,533.328,0,0,0,0
2241,65,Mujer,8.6,121,52.2,167,1,0,0.326,231,128,-4.53,34.87,1,0.06,2.28,-0.15,0.326,-0.024,-4.53,-3.4,-3.93,-4,-3.44,-4.04,34.868,61.195,47.067,45.335,1,0,0,0
2242,66,Hombre,6.8,162,45.2,79,1,0,-0.493,48,155,-3.65,36,0,0.09,1.02,-0.83,-0.493,-0.843,-3.65,-2.53,-3.05,-3.13,-3.79,-4.39,1228.973,2156.915,1658.94,1597.882,0,0,0,0
2243,52,Mujer,8,120,67.8,49,0,0,0.279,65,128,-0.9,36,0,-0.11,-1.53,-1.67,0.279,-0.071,-0.9,0.23,-0.3,-0.37,0.12,-0.48,2303.196,4042.234,3108.989,2994.561,0,0,0,0
2244,67,Hombre,6.7,128,45.8,43,1,0,-0.318,31,122,-1.4,36,0,0.99,0.98,-0.17,-0.318,-0.668,-1.4,-0.28,-0.8,-0.88,-1.28,-1.88,231.954,407.092,313.105,301.581,0,0,0,0
2245,56,Hombre,8.6,116,45.9,325,0,1,-0.123,287,111,-2.19,36,0,0.92,0.18,-0.32,0.227,-0.123,-3.32,-2.19,-2.72,-2.79,-2.38,-2.98,2307.139,4049.155,3114.312,2999.688,0,0,0,0
2246,58,Hombre,8.7,128,42.4,106,1,1,-0.272,81,135,-2.51,36,0,0.2,0.67,1.29,0.078,-0.272,-3.63,-2.51,-3.03,-3.11,-2.91,-3.51,135.073,237.061,182.33,175.619,0,0,0,0
2247,60,Mujer,7.1,119,35.7,74,0,0,0.654,142,127,-3.66,36,0,-0.44,1.55,0.78,0.654,0.304,-3.66,-2.53,-3.06,-3.13,-2.08,-2.68,123.34,216.468,166.491,160.363,0,0,0,0
2248,53,Hombre,7.6,132,47.5,73,0,1,-0.69,37,132,-0.86,36,0,1.48,1.04,-1.52,-0.34,-0.69,-1.99,-0.86,-1.39,-1.46,-1.9,-2.5,806.074,1414.703,1088.085,1048.038,0,0,0,0
2249,65,Mujer,8.7,148,43.8,203,0,1,0.763,435,129,-4.54,27.79,1,0.75,1.32,-1.88,1.113,0.763,-5.67,-4.54,-5.07,-5.14,-3.4,-4,15.834,27.79,21.374,20.587,1,1,1,1
2250,76,Hombre,10.1,146,43.5,1100,1,1,-1.769,188,137,-0.04,36,0,0.93,-2.51,-0.7,-1.419,-1.769,-1.17,-0.04,-0.57,-0.64,-2.7,-3.3,507.326,890.385,684.818,659.613,0,0,0,0
2251,68,Mujer,5.6,120,33.5,158,0,0,-0.187,131,119,-2.69,36,0,1.4,-0.02,0.57,-0.187,-0.537,-2.69,-1.56,-2.09,-2.16,-2.37,-2.97,354.094,621.454,477.976,460.384,0,0,0,0
2252,48,Hombre,7.9,143,57.6,99,0,1,-1.092,33,146,-0.67,36,0,-1.45,-1.83,0.66,-0.742,-1.092,-1.79,-0.67,-1.19,-1.27,-2.31,-2.91,8446.419,14823.927,11401.473,10981.835,0,0,0,0
2253,62,Mujer,7.2,129,34.8,158,1,0,-0.002,158,135,-3.99,36,0,-1.09,-0.03,-2.72,-0.002,-0.352,-3.99,-2.87,-3.39,-3.47,-3.39,-3.99,80.547,141.365,108.728,104.726,0,0,0,0
2254,59,Hombre,6.9,134,52.2,128,0,0,-0.713,63,122,-2.07,36,0,-1.04,0.48,1.09,-0.713,-1.063,-2.07,-0.94,-1.47,-1.54,-2.54,-3.14,782.938,1374.099,1056.856,1017.958,0,0,0,0
2255,61,Hombre,6.7,153,44.9,421,0,1,0.113,472,147,-2.91,36,0,0.36,-0.57,-0.23,0.463,0.113,-4.04,-2.91,-3.44,-3.51,-2.74,-3.34,55.804,97.94,75.328,72.556,0,0,0,0
2256,71,Hombre,8.1,120,45.5,54,0,0,0.44,84,132,-3.05,36,0,1.75,-0.37,1.14,0.44,0.09,-3.05,-1.92,-2.45,-2.52,-1.79,-2.39,305.192,535.628,411.966,396.803,0,0,0,0
2257,67,Hombre,7.4,150,42.7,170,0,0,-0.653,88,140,-1.34,36,0,1.64,0.86,-3.09,-0.653,-1.003,-1.34,-0.21,-0.74,-0.81,-1.72,-2.32,641.046,1125.072,865.322,833.474,0,0,0,0
2258,74,Mujer,8.7,133,38.9,141,0,0,0.131,161,129,-3.41,36,0,1.09,-0.18,0.14,0.131,-0.219,-3.41,-2.28,-2.81,-2.88,-2.61,-3.21,406.67,713.729,548.948,528.743,0,0,0,0
2259,66,Mujer,7.9,161,61.3,38,0,0,1.084,112,154,-4.54,36,0,-0.26,1.9,-0.05,1.084,0.734,-4.54,-3.41,-3.94,-4.01,-2.31,-2.91,224.121,393.345,302.532,291.397,0,0,0,0
2260,50,Mujer,8.4,155,60.8,143,1,1,-0.518,85,158,-1.07,36,0,-0.34,-1.47,0.53,-0.168,-0.518,-2.2,-1.07,-1.6,-1.67,-1.85,-2.45,2245.12,3940.308,3030.595,2919.052,0,0,0,0
2261,79,Mujer,10.1,159,42.1,1214,0,1,-0.464,764,167,-3.51,36,0,0.79,-0.53,-0.38,-0.114,-0.464,-4.63,-3.51,-4.03,-4.11,-4.2,-4.8,247.025,433.543,333.449,321.177,0,0,0,0
2262,63,Hombre,7.8,140,39.6,90,1,0,0.043,94,130,-0.63,36,0,-0.1,-0.35,0.07,0.043,-0.307,-0.63,0.5,-0.03,-0.1,0.03,-0.57,675.022,1184.7,911.184,877.648,0,0,0,0
2263,69,Mujer,7.1,145,32.8,10,0,0,0.436,15,149,-2.65,36,0,0.45,0.2,-0.47,0.436,0.086,-2.65,-1.53,-2.05,-2.13,-1.4,-2,36.691,64.395,49.528,47.705,0,0,0,0
2264,70,Hombre,9.5,145,39.3,80,1,1,0.2,98,143,-2.55,36,0,-0.89,-0.37,0.32,0.55,0.2,-3.67,-2.55,-3.07,-3.15,-2.25,-2.85,88.686,155.649,119.714,115.308,0,0,0,0
2265,78,Mujer,8.7,132,36.1,219,0,1,0.035,227,133,-2.64,36,0,1.75,0.15,-0.42,0.385,0.035,-3.77,-2.64,-3.17,-3.24,-2.59,-3.19,284.615,499.516,384.191,370.05,0,0,0,0
2266,52,Hombre,8.6,131,50.8,61,0,1,-0.515,36,120,0.41,36,0,0.1,-0.24,0.32,-0.165,-0.515,-0.71,0.41,-0.11,-0.19,-0.36,-0.96,720.574,1264.647,972.673,936.873,0,0,0,0
2267,72,Hombre,7.6,131,41.2,194,0,0,0.379,283,140,-3.82,36,0,-1.02,-0.04,0.78,0.379,0.029,-3.82,-2.69,-3.22,-3.29,-2.65,-3.25,748.601,1313.835,1010.505,973.313,0,0,0,0
2268,75,Hombre,5.9,138,41.8,17,0,0,0.797,38,140,-4.98,36,0,0.04,0.9,-0.86,0.797,0.447,-4.98,-3.85,-4.38,-4.45,-3.18,-3.78,366.602,643.407,494.862,476.648,0,0,0,0
2269,69,Mujer,8,125,43.8,203,0,0,-0.908,82,138,-0.74,36,0,0.48,-0.82,-1.3,-0.908,-1.258,-0.74,0.39,-0.14,-0.21,-1.5,-2.1,3720.362,6529.438,5021.963,4837.127,0,0,0,0
2270,53,Hombre,7.8,130,39.1,13,0,0,1.036,37,137,-2.15,36,0,0.67,-0.24,1.66,1.036,0.686,-2.15,-1.03,-1.55,-1.63,0,-0.6,637.663,1119.133,860.755,829.074,0,0,0,0
2271,85,Hombre,6.4,157,38.5,459,0,0,0.824,1047,160,-6.22,36,0,1.65,-0.4,0.42,0.824,0.474,-6.22,-5.1,-5.62,-5.7,-4.39,-4.99,50.386,88.429,68.013,65.51,0,0,0,0
2272,62,Mujer,5.6,139,46.7,60,0,0,0.676,118,148,-5.08,36,0,0.55,1.27,-0.19,0.676,0.326,-5.08,-3.96,-4.48,-4.56,-3.47,-4.07,91.884,161.261,124.03,119.465,0,0,0,0
2273,74,Hombre,7.7,137,48.2,39,0,0,0.693,78,138,-5.35,36,0,-0.3,1.84,0.69,0.693,0.343,-5.35,-4.23,-4.75,-4.83,-3.71,-4.31,143.321,251.537,193.464,186.343,0,0,0,0
2274,54,Mujer,8.5,95,46.4,302,0,1,-0.942,118,94,0.22,36,0,-1.22,-1.75,-1.15,-0.592,-0.942,-0.9,0.22,-0.3,-0.38,-1.19,-1.79,8596.648,15087.588,11604.262,11177.16,0,0,0,0
2275,61,Hombre,9.8,137,54.2,1050,0,1,-0.365,729,133,-3.2,36,0,-0.88,-0.48,-1.08,-0.015,-0.365,-4.32,-3.2,-3.72,-3.8,-3.75,-4.35,674.552,1183.876,910.55,877.037,0,0,0,0
2276,36,Mujer,9.9,109,56.3,1105,0,1,-0.674,563,114,0.82,36,0,-1.7,-0.44,-0.47,-0.324,-0.674,-0.3,0.82,0.3,0.22,-0.19,-0.79,1369.425,2403.416,1848.531,1780.495,0,0,0,0
2277,59,Mujer,6.4,118,58.2,82,0,1,0.19,99,101,-1.18,36,0,-1.78,0.88,-0.39,0.54,0.19,-2.31,-1.18,-1.71,-1.78,-0.9,-1.5,2068.823,3630.897,2792.619,2689.835,0,0,0,0
2278,56,Hombre,7.2,154,50.2,23,1,0,-0.164,20,153,-0.95,36,0,-1.43,0.18,0.29,-0.164,-0.514,-0.95,0.18,-0.35,-0.42,-0.59,-1.19,1047.357,1838.17,1413.785,1361.75,0,0,0,0
2279,61,Mujer,7.9,159,42.8,173,0,1,-0.16,147,142,-1.47,36,0,1.55,-0.51,-0.02,0.19,-0.16,-2.59,-1.47,-1.99,-2.07,-1.71,-2.31,1683.357,2954.383,2272.294,2188.661,0,0,0,0
2280,66,Hombre,8.3,135,46.9,153,0,1,-0.468,96,128,-1.98,36,0,0.82,0.73,0.04,-0.118,-0.468,-3.11,-1.98,-2.51,-2.58,-2.69,-3.29,35.381,62.096,47.76,46.002,1,0,0,0
2281,56,Mujer,8.3,108,55.4,323,0,1,0.192,391,95,-1.49,36,0,0.29,0.93,-0.95,0.542,0.192,-2.62,-1.49,-2.02,-2.09,-1.21,-1.81,387.752,680.526,523.411,504.146,0,0,0,0
2282,60,Hombre,7.6,159,45.2,675,0,0,0.302,913,157,-5.36,36,0,0.72,1.18,0.82,0.302,-0.048,-5.36,-4.24,-4.76,-4.84,-4.31,-4.91,48.92,85.857,66.035,63.604,0,0,0,0
2283,60,Hombre,9,152,53.2,76,0,0,-0.205,62,142,-2.96,36,0,-0.03,-0.69,0.84,-0.205,-0.555,-2.96,-1.84,-2.36,-2.44,-2.67,-3.27,1359.786,2386.499,1835.52,1767.962,0,0,0,0
2284,40,Hombre,7,126,57.4,265,0,0,-0.005,264,131,-2.69,36,0,-0.03,1.46,0.15,-0.005,-0.355,-2.69,-1.57,-2.09,-2.17,-2.1,-2.7,913.104,1602.547,1232.561,1187.196,0,0,0,0
2285,70,Hombre,7.3,146,52.3,37,1,0,0.314,51,149,-3.63,30.7,1,1.44,0.29,-0.56,0.314,-0.036,-3.63,-2.5,-3.03,-3.1,-2.56,-3.16,30.697,53.875,41.436,39.911,1,0,0,0
2286,57,Hombre,5.9,186,57.9,57,0,1,0.086,62,165,-1.23,36,0,-1.48,-0.01,-0.92,0.436,0.086,-2.36,-1.23,-1.76,-1.83,-1.1,-1.7,570.201,1000.735,769.691,741.363,0,0,0,0
2287,51,Hombre,7.3,125,46.8,162,0,1,-0.762,76,122,2.04,36,0,-1.52,-0.81,-1.16,-0.412,-0.762,0.91,2.04,1.51,1.44,0.9,0.3,1173.019,2058.712,1583.41,1525.132,0,0,0,0
2288,68,Mujer,6.1,134,60.7,314,0,0,0.21,388,128,-1.4,36,0,-0.79,0.42,0.09,0.21,-0.14,-1.4,-0.27,-0.8,-0.87,-0.48,-1.08,495.86,870.261,669.341,644.705,0,0,0,0
2289,58,Mujer,6.2,114,45.8,197,0,1,-0.292,147,124,1.33,36,0,1.37,-1.57,-0.96,0.058,-0.292,0.21,1.33,0.81,0.73,0.9,0.3,71.52,125.521,96.541,92.988,0,0,0,0
2290,64,Hombre,6.9,126,50,528,0,0,-0.415,349,122,-4.01,36,0,0.41,-0.64,0.1,-0.415,-0.765,-4.01,-2.89,-3.41,-3.49,-4.03,-4.63,1909.876,3351.937,2578.063,2483.176,0,0,0,0
2291,76,Mujer,7.2,143,46.8,299,0,0,-0.709,147,163,-2.13,36,0,1.63,-1.12,-0.64,-0.709,-1.059,-2.13,-1,-1.53,-1.6,-2.59,-3.19,294.408,516.701,397.409,382.782,0,0,0,0
2292,65,Mujer,8.3,149,55,310,0,1,-0.471,194,139,-1,22.9,1,-0.91,-2.07,0.49,-0.121,-0.471,-2.13,-1,-1.53,-1.6,-1.71,-2.31,13.048,22.901,17.613,16.965,1,1,1,1
2293,69,Hombre,8.1,156,35.2,591,1,0,0.615,1093,157,-4.78,36,0,1.26,-0.69,0.63,0.615,0.265,-4.78,-3.66,-4.18,-4.26,-3.26,-3.86,63.677,111.757,85.955,82.791,0,0,0,0
2294,74,Hombre,6.8,132,54.7,32,1,1,0.123,36,140,-0.99,36,0,-0.53,-0.73,0.42,0.473,0.123,-2.12,-0.99,-1.52,-1.59,-0.81,-1.41,2319.317,4070.529,3130.751,3015.522,0,0,0,0
2295,74,Hombre,7.5,125,51.6,336,0,0,0.168,397,130,-2.65,36,0,1.83,0.07,1.18,0.168,-0.182,-2.65,-1.53,-2.05,-2.13,-1.8,-2.4,837.471,1469.807,1130.467,1088.86,0,0,0,0
2296,83,Hombre,7.4,162,51.7,252,1,1,-0.543,146,144,-3.29,36,0,-0.73,1.32,-0.93,-0.193,-0.543,-4.41,-3.29,-3.81,-3.89,-4.1,-4.7,77.289,135.646,104.329,100.489,0,0,0,0
2297,59,Hombre,7.3,121,46.8,29,0,0,0.989,78,122,-1.91,36,0,-0.59,1.01,0.94,0.989,0.639,-1.91,-0.78,-1.31,-1.38,0.18,-0.42,59.777,104.912,80.691,77.721,0,0,0,0
2298,76,Hombre,7.4,158,29.6,172,0,0,0.967,452,157,-4.14,36,0,0,-0.9,-0.92,0.967,0.617,-4.14,-3.02,-3.54,-3.62,-2.09,-2.69,552.703,970.025,746.071,718.612,0,0,0,0
2299,50,Hombre,7.9,132,48.9,338,0,1,-0.228,269,129,0.79,36,0,0.71,-0.07,-1.21,0.122,-0.228,-0.33,0.79,0.27,0.19,0.45,-0.15,310.07,544.19,418.551,403.146,0,0,0,0
2300,53,Hombre,8,113,49.2,47,0,0,-0.215,38,96,-1.36,36,0,-0.99,0.63,-0.86,-0.215,-0.565,-1.36,-0.24,-0.76,-0.84,-1.09,-1.69,92.505,162.351,124.869,120.273,0,0,0,0
2301,62,Hombre,8.9,132,53,85,0,0,1.006,233,135,-4.58,36,0,2.19,1.3,0.51,1.006,0.656,-4.58,-3.45,-3.98,-4.05,-2.47,-3.07,775.691,1361.379,1047.073,1008.535,0,0,0,0
2302,63,Mujer,9.2,140,28.9,488,0,0,-0.7,242,130,-1.64,36,0,-0.28,-0.21,-1.56,-0.7,-1.05,-1.64,-0.52,-1.04,-1.12,-2.09,-2.69,131.778,231.277,177.881,171.334,0,0,0,0
2303,60,Hombre,10.4,126,46.5,366,0,1,-1.231,107,127,-1.57,36,0,-1.98,0.16,0.29,-0.881,-1.231,-2.69,-1.57,-2.09,-2.17,-3.42,-4.02,535.727,940.231,723.156,696.54,0,0,0,0
2304,75,Hombre,6.7,129,46.5,28,0,0,0.322,39,130,-4.09,36,0,0.51,0.78,1.06,0.322,-0.028,-4.09,-2.96,-3.49,-3.56,-3,-3.6,938.553,1647.212,1266.914,1220.285,0,0,0,0
2305,67,Hombre,8.4,163,46.9,65,0,0,0.737,136,165,-2.83,36,0,-0.6,0.09,-0.72,0.737,0.387,-2.83,-1.7,-2.23,-2.3,-1.12,-1.72,164.405,288.54,221.924,213.755,0,0,0,0
2306,61,Mujer,7.1,120,49.9,25,1,0,-0.182,21,125,-1.13,36,0,-0.33,0.2,-0.3,-0.182,-0.532,-1.13,-0.01,-0.53,-0.61,-0.81,-1.41,887.715,1557.989,1198.29,1154.187,0,0,0,0
2307,71,Hombre,7.5,141,54.4,717,0,1,-0.341,510,138,-2.34,36,0,1.06,-1.21,-2.02,0.009,-0.341,-3.47,-2.34,-2.87,-2.94,-2.85,-3.45,470.536,825.817,635.157,611.78,0,0,0,0
2308,67,Mujer,10.2,167,33.3,423,0,1,-0.006,420,159,-4.86,36,0,0.38,1.2,-0.64,0.344,-0.006,-5.98,-4.86,-5.38,-5.46,-4.87,-5.47,97.494,171.107,131.603,126.759,0,0,0,0
2309,67,Mujer,7.6,164,39.5,35,0,0,0.503,58,167,-2.93,36,0,-0.27,-0.37,-2.06,0.503,0.153,-2.93,-1.81,-2.33,-2.41,-1.58,-2.18,104.423,183.269,140.957,135.769,0,0,0,0
2310,64,Mujer,7.8,132,47.8,38,0,0,-0.29,28,137,-0.73,36,0,1.82,-0.72,-0.16,-0.29,-0.64,-0.73,0.39,-0.13,-0.21,-0.57,-1.17,1647.635,2891.689,2224.075,2142.216,0,0,0,0
2311,51,Hombre,6.8,135,49.3,33,1,0,0.14,38,131,-1.32,36,0,-1.38,-0.88,-0.86,0.14,-0.21,-1.32,-0.2,-0.72,-0.8,-0.51,-1.11,1744.324,3061.385,2354.592,2267.929,0,0,0,0
2312,56,Hombre,6.4,167,45.7,412,0,1,-0.015,406,170,-3.09,36,0,-0.19,0.43,1.15,0.335,-0.015,-4.21,-3.09,-3.61,-3.69,-3.11,-3.71,728.141,1277.928,982.888,946.712,0,0,0,0
2313,60,Mujer,7.8,129,53.3,89,0,1,-0.146,77,123,-1.23,36,0,-0.97,-0.62,-1.05,0.204,-0.146,-2.36,-1.23,-1.76,-1.83,-1.45,-2.05,1260.731,2212.652,1701.809,1639.173,0,0,0,0
2314,63,Hombre,8.4,146,40.5,381,0,1,-0.543,221,132,-2.27,36,0,-0.09,1.35,-1.65,-0.193,-0.543,-3.39,-2.27,-2.79,-2.87,-3.08,-3.68,179.053,314.248,241.697,232.801,0,0,0,0
2315,73,Hombre,9,140,53.7,180,1,1,0.396,268,146,-3.74,36,0,0.48,0.94,-0.14,0.746,0.396,-4.86,-3.74,-4.26,-4.34,-3.14,-3.74,375.456,658.945,506.812,488.159,0,0,0,0
2316,50,Hombre,8.7,145,36.2,174,0,0,-0.217,140,145,-2.37,36,0,1.55,0.28,1.11,-0.217,-0.567,-2.37,-1.25,-1.77,-1.85,-2.1,-2.7,1773.322,3112.277,2393.734,2305.632,0,0,0,0
2317,73,Mujer,10.9,162,49.7,1412,0,1,-0.239,1112,154,-2.68,36,0,0.87,-1.16,1.07,0.111,-0.239,-3.81,-2.68,-3.21,-3.28,-3.04,-3.64,532.089,933.846,718.246,691.81,0,0,0,0
2318,55,Hombre,8,150,58,66,0,0,0.218,82,166,-3.45,36,0,0.51,1.13,-0.34,0.218,-0.132,-3.45,-2.33,-2.85,-2.93,-2.53,-3.13,967.139,1697.381,1305.501,1257.451,0,0,0,0
2319,62,Hombre,9.3,135,61.7,15,0,0,0.225,19,141,-1.69,36,0,0.14,0.32,-0.75,0.225,-0.125,-1.69,-0.56,-1.09,-1.16,-0.75,-1.35,1342.048,2355.368,1811.576,1744.9,0,0,0,0
2320,60,Hombre,7.5,105,46.3,295,0,0,-0.275,224,95,-0.81,36,0,1.12,-0.07,-0.71,-0.275,-0.625,-0.81,0.31,-0.21,-0.29,-0.63,-1.23,2893.502,5078.254,3905.819,3762.063,0,0,0,0
2321,64,Mujer,6.7,123,57.7,35,0,1,-0.88,15,112,1.09,36,0,-0.79,0.33,0.01,-0.53,-0.88,-0.04,1.09,0.56,0.49,-0.23,-0.83,289.74,508.509,391.108,376.713,0,0,0,0
2322,66,Mujer,7,137,53.1,11,1,1,0.057,12,137,0.63,14.51,1,-0.72,0.16,0.91,0.407,0.057,-0.5,0.63,0.1,0.03,0.71,0.11,8.267,14.509,11.16,10.749,1,1,1,1
2323,57,Hombre,7.5,130,31.3,85,0,0,0.096,94,129,-2.58,36,0,1.65,0.91,-0.69,0.096,-0.254,-2.58,-1.46,-1.98,-2.06,-1.84,-2.44,505.882,887.85,682.869,657.735,0,0,0,0
2324,66,Hombre,8.7,113,34.5,192,1,0,-0.152,165,124,-3.14,36,0,-0.75,0.85,-1.17,-0.152,-0.502,-3.14,-2.01,-2.54,-2.61,-2.76,-3.36,500.026,877.573,674.964,650.122,0,0,0,0
2325,41,Hombre,9.3,150,55.7,189,1,1,0.626,354,138,-2.59,36,0,-0.79,-0.8,-0.7,0.976,0.626,-3.72,-2.59,-3.12,-3.19,-1.65,-2.25,173.595,304.669,234.329,225.705,0,0,0,0
2326,63,Mujer,8.2,138,24.4,262,0,0,0.404,392,151,-3.43,36,0,0.56,-0.19,0.93,0.404,0.054,-3.43,-2.3,-2.83,-2.9,-2.22,-2.82,145.006,254.493,195.737,188.533,0,0,0,0
2327,77,Hombre,6.8,118,35.9,112,0,1,-0.85,48,117,0.57,36,0,1.14,-0.64,-2.3,-0.5,-0.85,-0.55,0.57,0.05,-0.03,-0.7,-1.3,896.317,1573.086,1209.902,1165.37,0,0,0,0
2328,61,Mujer,6.4,110,60,35,0,0,-0.563,20,105,0.77,36,0,-0.59,-0.84,0.34,-0.563,-0.913,0.77,1.9,1.37,1.3,0.53,-0.07,2806.653,4925.83,3788.586,3649.145,0,0,0,0
2329,46,Mujer,6.1,141,69.6,388,0,0,0.386,571,154,-3.19,36,0,-0.7,1.43,-0.21,0.386,0.036,-3.19,-2.07,-2.59,-2.67,-2.01,-2.61,231.435,406.18,312.404,300.906,0,0,0,0
2330,56,Mujer,7.2,126,28.2,215,1,0,-0.668,110,126,-0.23,36,0,-0.65,-2.14,-0.82,-0.668,-1.018,-0.23,0.89,0.37,0.29,-0.64,-1.24,611.748,1073.652,825.774,795.381,0,0,0,0
2331,85,Hombre,6.8,145,40.2,91,0,0,-0.061,86,144,-1.98,36,0,0.55,0.22,-0.23,-0.061,-0.411,-1.98,-0.85,-1.38,-1.45,-1.47,-2.07,724.646,1271.794,978.17,942.168,0,0,0,0
2332,58,Mujer,7,165,39.4,83,1,0,0.166,98,171,-5.1,36,0,0.57,0.15,-0.15,0.166,-0.184,-5.1,-3.97,-4.5,-4.57,-4.25,-4.85,40.893,71.769,55.2,53.168,0,0,0,0
2333,65,Mujer,9,153,58.6,293,0,1,0.258,379,135,-3.14,36,0,1.3,0.58,0.05,0.608,0.258,-4.27,-3.14,-3.67,-3.74,-2.76,-3.36,605.971,1063.512,817.975,787.869,0,0,0,0
2334,63,Hombre,7.4,148,26.2,456,0,1,0.048,479,152,-4.37,36,0,1.11,1.39,1.22,0.398,0.048,-5.49,-4.37,-4.89,-4.97,-4.29,-4.89,36.301,63.711,49.002,47.198,0,0,0,0
2335,74,Hombre,8.1,114,42.4,185,1,1,-0.718,90,113,-0.73,36,0,1.2,-0.38,1.8,-0.368,-0.718,-1.85,-0.73,-1.25,-1.33,-1.8,-2.4,935.206,1641.338,1262.396,1215.933,0,0,0,0
2336,49,Mujer,6.7,125,51.3,155,0,1,0.167,183,118,0.69,36,0,-0.54,-0.81,0.9,0.517,0.167,-0.43,0.69,0.17,0.09,0.94,0.34,371.086,651.277,500.914,482.478,0,0,0,0
2337,56,Hombre,9.7,125,48.9,239,0,1,0.07,256,123,-1.9,36,0,-1.56,-0.26,-1.44,0.42,0.07,-3.03,-1.9,-2.43,-2.5,-1.8,-2.4,964.561,1692.858,1302.022,1254.1,0,0,0,0
2338,58,Hombre,6.7,120,47,170,0,1,0.196,207,112,-2,36,0,-0.36,0.09,-0.58,0.546,0.196,-3.12,-2,-2.52,-2.6,-1.7,-2.3,2132.854,3743.275,2879.051,2773.086,0,0,0,0
2339,65,Mujer,7.2,112,49.9,75,0,0,-0.292,56,108,-0.11,36,0,-0.6,-0.94,-2.71,-0.292,-0.642,-0.11,1.01,0.49,0.41,0.05,-0.55,4879.271,8563.387,6586.327,6343.913,0,0,0,0
2340,64,Hombre,6.4,134,41.3,104,0,1,0.329,145,134,-1.03,36,0,-0.34,0.8,-0.81,0.679,0.329,-2.16,-1.03,-1.56,-1.63,-0.54,-1.14,90.46,158.761,122.108,117.613,0,0,0,0
2341,74,Mujer,7.3,169,40.6,112,0,0,-0.94,44,180,1.34,36,0,-0.83,-2.37,-0.36,-0.94,-1.29,1.34,2.46,1.94,1.86,0.53,-0.07,1594.889,2799.118,2152.875,2073.637,0,0,0,0
2342,60,Hombre,7.6,140,44.4,110,0,0,0.121,124,131,-2.37,36,0,-0.07,1.55,-0.25,0.121,-0.229,-2.37,-1.25,-1.77,-1.85,-1.59,-2.19,253.116,444.233,341.671,329.096,0,0,0,0
2343,53,Mujer,7.8,105,48,60,0,1,-0.231,48,109,-0.7,36,0,0.07,1.96,-0.27,0.119,-0.231,-1.82,-0.7,-1.22,-1.3,-1.05,-1.65,683.928,1200.33,923.206,889.227,0,0,0,0
2344,74,Mujer,10.4,118,50.5,112,0,1,0.233,141,115,-0.95,36,0,0.21,0.82,0.79,0.583,0.233,-2.08,-0.95,-1.48,-1.55,-0.6,-1.2,97.399,170.941,131.475,126.636,0,0,0,0
2345,90,Hombre,8.4,140,39.8,407,1,0,-0.117,362,137,-4.31,15.47,1,-0.15,0.33,-1.04,-0.117,-0.467,-4.31,-3.19,-3.71,-3.79,-3.89,-4.49,15.474,27.157,20.887,20.119,1,1,1,1
2346,46,Mujer,6,123,52.4,20,0,1,0.419,30,108,-0.37,36,0,-0.64,1.42,-0.47,0.769,0.419,-1.5,-0.37,-0.9,-0.97,0.26,-0.34,310.674,545.25,419.366,403.931,0,0,0,0
2347,65,Mujer,5.5,135,53.4,118,0,0,0.054,125,136,-1.83,36,0,-1.93,0.78,0.54,0.054,-0.296,-1.83,-0.71,-1.23,-1.31,-1.15,-1.75,1542.526,2707.217,2082.192,2005.556,0,0,0,0
2348,47,Mujer,8.4,118,58.5,72,0,1,-0.278,55,100,-0.97,36,0,-0.39,0.06,-0.85,0.072,-0.278,-2.09,-0.97,-1.49,-1.57,-1.38,-1.98,1081.017,1897.244,1459.22,1405.513,0,0,0,0
2349,68,Hombre,5.6,148,45.6,100,1,1,0.244,128,140,-1.88,36,0,0.12,-0.56,0.76,0.594,0.244,-3.01,-1.88,-2.41,-2.48,-1.52,-2.12,996.712,1749.283,1345.42,1295.901,0,0,0,0
2350,73,Hombre,8.2,139,45.8,215,1,0,-0.635,114,134,-2.34,36,0,-1.24,-0.47,2.04,-0.635,-0.985,-2.34,-1.22,-1.74,-1.82,-2.69,-3.29,783.713,1375.459,1057.902,1018.965,0,0,0,0
2351,57,Mujer,9.5,151,45.8,149,0,1,0.326,206,153,-2.07,36,0,-1.53,0.34,-0.51,0.676,0.326,-3.2,-2.07,-2.6,-2.67,-1.58,-2.18,474.565,832.888,640.596,617.018,0,0,0,0
2352,72,Mujer,9.6,161,39.6,339,0,0,0.101,375,154,-3.23,36,0,1.07,-0.2,-2.52,0.101,-0.249,-3.23,-2.11,-2.63,-2.71,-2.48,-3.08,642.292,1127.258,867.004,835.093,0,0,0,0
2353,71,Hombre,6.2,152,44,298,0,0,-0.215,240,146,-2.27,36,0,1.24,-0.63,-0.94,-0.215,-0.565,-2.27,-1.14,-1.67,-1.74,-1.99,-2.59,74.426,130.622,100.465,96.767,0,0,0,0
2354,62,Hombre,7.3,123,44.2,26,1,0,0.359,37,127,-3.14,36,0,-0.73,1.58,0.23,0.359,0.009,-3.14,-2.01,-2.54,-2.61,-2,-2.6,386.406,678.164,521.593,502.396,0,0,0,0
2355,69,Hombre,7.8,147,33.8,87,0,0,1.067,253,151,-2.74,36,0,0.69,-0.24,-0.01,1.067,0.717,-2.74,-1.61,-2.14,-2.21,-0.54,-1.14,51.181,89.825,69.087,66.544,0,0,0,0
2356,71,Hombre,10.4,153,56,62,1,1,-0.401,42,161,-2.42,36,0,1.86,-0.09,2.69,-0.051,-0.401,-3.54,-2.42,-2.94,-3.02,-3.02,-3.62,743.552,1304.974,1003.69,966.748,0,0,0,0
2357,68,Hombre,5.5,162,43.8,5,0,0,0.329,7,162,-0.03,36,0,-0.67,-0.02,0.48,0.329,-0.021,-0.03,1.1,0.57,0.5,1.06,0.46,928.182,1629.01,1252.914,1206.8,0,0,0,0
2358,74,Hombre,7,160,35.4,33,1,0,0.632,62,155,-4.63,36,0,0.08,1.15,-0.65,0.632,0.282,-4.63,-3.5,-4.03,-4.1,-3.08,-3.68,245.726,431.262,331.695,319.487,0,0,0,0
2359,74,Hombre,6.8,119,23.9,1934,1,1,-0.035,1868,105,-3.64,36,0,1.9,1.47,1.12,0.315,-0.035,-4.76,-3.64,-4.16,-4.24,-3.69,-4.29,84.812,148.85,114.484,110.27,0,0,0,0
2360,65,Hombre,7.6,111,55.1,303,0,1,-0.015,298,100,0.23,36,0,0.94,-0.61,0.5,0.335,-0.015,-0.9,0.23,-0.3,-0.37,0.2,-0.4,725.718,1273.674,979.616,943.561,0,0,0,0
2361,49,Hombre,5.8,122,25.5,306,0,0,0.181,367,127,-3.74,36,0,-1.99,0.69,1.74,0.181,-0.169,-3.74,-2.61,-3.14,-3.21,-2.86,-3.46,741.379,1301.16,1000.756,963.923,0,0,0,0
2362,89,Hombre,7.9,139,33.8,238,0,0,-1.406,58,143,-0.23,36,0,0.7,-2.25,-0.22,-1.406,-1.756,-0.23,0.89,0.37,0.29,-1.74,-2.34,3267.988,5735.498,4411.322,4248.961,0,0,0,0
2363,48,Hombre,7.5,135,51.9,42,0,1,-0.361,29,117,1.52,36,0,-1.16,-0.55,-1.16,-0.011,-0.361,0.39,1.52,0.99,0.92,0.97,0.37,423.412,743.112,571.547,550.511,0,0,0,0
2364,70,Mujer,7.9,147,62.7,22,1,1,0.86,52,146,-2.7,36,0,0.33,-0.38,0.41,1.21,0.86,-3.83,-2.7,-3.23,-3.3,-1.41,-2.01,1339.77,2351.37,1808.501,1741.938,0,0,0,0
2365,79,Mujer,9.1,134,47.8,1096,1,0,-0.737,524,139,-2.58,36,0,-0.03,-0.7,0.5,-0.737,-1.087,-2.58,-1.45,-1.98,-2.05,-3.08,-3.68,51.273,89.986,69.211,66.663,0,0,0,0
2366,44,Hombre,5.5,129,40.4,64,0,1,0.708,130,131,-1.83,36,0,-1.01,1.15,1.01,1.058,0.708,-2.96,-1.83,-2.36,-2.43,-0.77,-1.37,347.728,610.282,469.384,452.108,0,0,0,0
2367,81,Mujer,7,143,42.1,214,1,1,-0.089,196,127,-1.88,36,0,-0.05,0.4,-1.16,0.261,-0.089,-3.01,-1.88,-2.41,-2.48,-2.02,-2.62,606.156,1063.837,818.225,788.11,0,0,0,0
2368,74,Mujer,8,144,43.5,334,0,0,-0.198,274,144,-2.62,36,0,1.14,-0.62,-1.1,-0.198,-0.548,-2.62,-1.5,-2.02,-2.1,-2.32,-2.92,81.035,142.22,109.385,105.359,0,0,0,0
2369,71,Mujer,8.3,125,50.6,1101,1,0,-0.619,593,133,-1.3,36,0,2.21,-0.59,1,-0.619,-0.969,-1.3,-0.18,-0.7,-0.78,-1.63,-2.23,1471.12,2581.896,1985.804,1912.715,0,0,0,0
2370,65,Hombre,9.7,144,51.3,106,1,0,-0.113,95,153,-4.73,36,0,-0.15,-0.72,0.12,-0.113,-0.463,-4.73,-3.6,-4.13,-4.2,-4.3,-4.9,51.821,90.948,69.95,67.376,0,0,0,0
2371,66,Mujer,7.6,130,33.8,116,0,0,-0.265,89,127,0.62,36,0,0.02,-2.18,-0.97,-0.265,-0.615,0.62,1.75,1.22,1.15,0.83,0.23,5478.559,9615.17,7395.28,7123.093,0,0,0,0
2372,83,Mujer,7.9,143,32.1,709,1,0,-0.474,441,146,-3.77,36,0,0.46,-1.56,-1.1,-0.474,-0.824,-3.77,-2.64,-3.17,-3.24,-3.88,-4.48,935.505,1641.863,1262.8,1216.322,0,0,0,0
2373,68,Hombre,6.2,130,31.5,46,1,0,-0.831,20,122,-0.26,6.43,1,-0.9,-1.37,-0.42,-0.831,-1.181,-0.26,0.87,0.34,0.27,-0.9,-1.5,6.43,11.286,8.68,8.361,1,1,1,1
2374,61,Hombre,7.5,145,60.2,59,0,1,-0.191,49,130,-1.18,36,0,-0.55,0.47,0.04,0.159,-0.191,-2.3,-1.18,-1.7,-1.78,-1.47,-2.07,1733.733,3042.796,2340.295,2254.159,0,0,0,0
2375,82,Mujer,8.7,150,44.3,1607,0,0,0.204,1970,156,-4.71,36,0,2.74,-0.33,-1.21,0.204,-0.146,-4.71,-3.58,-4.11,-4.18,-3.8,-4.4,129.082,226.546,174.242,167.829,0,0,0,0
2376,54,Hombre,6.6,139,50.5,71,0,0,0.157,83,147,0.24,36,0,-1.02,-0.28,-1.65,0.157,-0.193,0.24,1.37,0.84,0.77,1.08,0.48,1993.174,3498.129,2690.503,2591.478,0,0,0,0
2377,63,Hombre,6.7,146,46.8,26,1,0,-0.658,13,148,-0.54,36,0,1.5,-0.58,-0.84,-0.658,-1.008,-0.54,0.59,0.06,-0.01,-0.93,-1.53,1302.952,2286.752,1758.801,1694.067,0,0,0,0
2378,64,Hombre,7.1,136,43.7,5,0,0,-0.53,3,149,-1.06,36,0,-0.09,-0.37,-0.47,-0.53,-0.88,-1.06,0.07,-0.46,-0.53,-1.25,-1.85,1905.562,3344.366,2572.24,2477.567,0,0,0,0
2379,65,Hombre,7.2,135,57.6,156,0,0,-0.147,135,126,-1.64,36,0,0.14,0.33,-0.05,-0.147,-0.497,-1.64,-0.51,-1.04,-1.11,-1.26,-1.86,180.359,316.54,243.459,234.499,0,0,0,0
2380,66,Mujer,5.6,160,59.2,424,1,0,0.477,683,163,-4.07,36,0,-1.44,-0.76,-1.06,0.477,0.127,-4.07,-2.94,-3.47,-3.54,-2.75,-3.35,144.833,254.19,195.504,188.309,0,0,0,0
2381,64,Hombre,7.7,146,42.2,582,1,1,-0.357,407,125,-2.7,36,0,0.44,0.27,0.68,-0.007,-0.357,-3.83,-2.7,-3.23,-3.3,-3.24,-3.84,140.678,246.898,189.896,182.906,0,0,0,0
2382,60,Mujer,8.8,120,48,172,0,1,-0.625,92,112,0.07,36,0,0.41,-1.86,0.98,-0.275,-0.625,-1.06,0.07,-0.46,-0.53,-0.87,-1.47,1816.245,3187.608,2451.674,2361.438,0,0,0,0
2383,56,Hombre,9,132,44.8,208,0,0,0.257,269,147,-0.83,36,0,0.67,-1.38,-1.3,0.257,-0.093,-0.83,0.3,-0.23,-0.3,0.16,-0.44,1866.369,3275.58,2519.335,2426.609,0,0,0,0
2384,34,Mujer,8.7,128,56.3,23,1,0,0.011,23,123,-2.7,36,0,-1.82,0.58,-0.46,0.011,-0.339,-2.7,-1.58,-2.1,-2.18,-2.08,-2.68,1721.85,3021.941,2324.255,2238.709,0,0,0,0
2385,49,Hombre,8.9,135,51.3,48,0,1,1.164,154,128,-3.99,36,0,1.43,0.88,0.3,1.514,1.164,-5.11,-3.99,-4.51,-4.59,-2.24,-2.84,43.347,76.076,58.512,56.358,0,0,0,0
2386,75,Hombre,8.3,143,36,359,1,1,0.019,366,146,-2.39,36,0,-0.71,-0.38,0.66,0.369,0.019,-3.51,-2.39,-2.91,-2.99,-2.36,-2.96,45.491,79.839,61.407,59.147,0,0,0,0
2387,80,Mujer,5.7,139,28.3,63,0,0,0.435,97,135,-2.97,36,0,-0.81,-0.38,-0.35,0.435,0.085,-2.97,-1.85,-2.37,-2.45,-1.72,-2.32,749.763,1315.876,1012.075,974.825,0,0,0,0
2388,54,Hombre,7.2,123,43.7,64,1,1,0.731,133,127,-1.95,36,0,1.19,-0.39,0.19,1.081,0.731,-3.07,-1.95,-2.47,-2.55,-0.85,-1.45,625.741,1098.209,844.661,813.573,0,0,0,0
2389,74,Hombre,7.1,138,52.2,34,0,0,-0.674,17,132,-2.1,36,0,-0.7,0.48,-0.07,-0.674,-1.024,-2.1,-0.98,-1.5,-1.58,-2.51,-3.11,4450.908,7811.586,6008.097,5786.965,0,0,0,0
2390,69,Hombre,7.6,127,32.5,148,1,0,-0.397,99,129,-1.6,36,0,0.08,-0.7,-0.41,-0.397,-0.747,-1.6,-0.48,-1,-1.08,-1.6,-2.2,932.541,1636.66,1258.799,1212.468,0,0,0,0
2391,53,Mujer,9.6,124,42.8,63,0,0,0.121,71,129,-1.94,36,0,-1.25,-0.43,0.28,0.121,-0.229,-1.94,-0.82,-1.34,-1.42,-1.16,-1.76,674.188,1183.237,910.059,876.563,0,0,0,0
2392,70,Hombre,9.1,152,55.1,35,0,0,-0.271,27,148,-2.82,36,0,-0.9,-0.97,-0.41,-0.271,-0.621,-2.82,-1.69,-2.22,-2.29,-2.63,-3.23,1616.732,2837.453,2182.36,2102.037,0,0,0,0
2393,60,Hombre,6,131,54.3,26,1,0,0.528,44,116,0.16,36,0,-0.93,-1.8,0.13,0.528,0.178,0.16,1.28,0.76,0.68,1.55,0.95,3417.42,5997.759,4613.035,4443.249,0,0,0,0
2394,66,Mujer,6.4,123,50,30,0,0,1.124,92,131,-2.3,36,0,2.33,1.17,-0.7,1.124,0.774,-2.3,-1.18,-1.7,-1.78,-0.02,-0.62,330.724,580.439,446.431,430,0,0,0,0
2395,49,Hombre,10,126,34.1,133,0,0,0.501,219,121,-3.95,29.87,1,-1.19,0.58,0.41,0.501,0.151,-3.95,-2.83,-3.35,-3.43,-2.6,-3.2,29.866,52.416,40.314,38.831,1,0,0,0
2396,58,Mujer,8.7,120,62.4,35,1,1,0.113,39,113,-1.74,36,0,-1.11,-0.11,-0.5,0.463,0.113,-2.86,-1.74,-2.26,-2.34,-1.57,-2.17,1607.3,2820.9,2169.629,2089.774,0,0,0,0
2397,53,Hombre,8.9,112,45,108,0,1,-0.512,65,90,-0.37,36,0,-1.21,1.43,-2.06,-0.162,-0.512,-1.5,-0.37,-0.9,-0.97,-1.14,-1.74,929.081,1630.587,1254.128,1207.969,0,0,0,0
2398,77,Hombre,7.4,151,39.4,122,0,0,0.647,233,153,-3.69,36,0,0.27,0.51,1.16,0.647,0.297,-3.69,-2.57,-3.09,-3.17,-2.12,-2.72,36.442,63.959,49.192,47.382,0,0,0,0
2399,54,Hombre,7.6,125,38.7,139,0,0,-0.337,99,131,-0.16,36,0,0.76,-0.22,0.57,-0.337,-0.687,-0.16,0.96,0.44,0.36,-0.07,-0.67,433.448,760.726,585.094,563.559,0,0,0,0
2400,42,Mujer,8,146,59.6,123,0,1,-0.275,93,131,-1.36,36,0,-1.82,-0.27,-0.4,0.075,-0.275,-2.49,-1.36,-1.89,-1.96,-1.77,-2.37,2946.9,5171.97,3977.899,3831.49,0,0,0,0
2401,70,Hombre,6.8,141,43.3,32,1,0,0.157,37,151,-2.59,36,0,-0.62,-0.84,-0.32,0.157,-0.193,-2.59,-1.47,-1.99,-2.07,-1.76,-2.36,642.678,1127.935,867.524,835.595,0,0,0,0
2402,52,Hombre,9.6,105,42.2,173,1,1,0.623,323,110,-4.24,36,0,-2.09,2.41,-0.21,0.973,0.623,-5.36,-4.24,-4.76,-4.84,-3.3,-3.9,80.284,140.902,108.371,104.383,0,0,0,0
2403,54,Hombre,8.6,125,53.4,104,0,0,-0.494,63,145,-1.6,36,0,-0.41,1.04,0.75,-0.494,-0.844,-1.6,-0.48,-1,-1.08,-1.74,-2.34,191.12,335.427,257.985,248.49,0,0,0,0
2404,44,Mujer,7.7,141,65.1,217,0,1,-0.686,109,139,0.38,36,0,-0.99,-0.39,-0.07,-0.336,-0.686,-0.75,0.38,-0.15,-0.22,-0.65,-1.25,1197.942,2102.453,1617.052,1557.536,0,0,0,0
2405,72,Mujer,7.6,100,47,15,0,0,0.466,24,126,-2.37,36,0,0.2,0.25,-0.44,0.466,0.116,-2.37,-1.24,-1.77,-1.84,-1.07,-1.67,55.398,97.227,74.78,72.028,0,0,0,0
2406,66,Hombre,8.1,133,43.4,278,0,0,-0.039,267,136,-0.09,36,0,-0.01,-2.39,0.16,-0.039,-0.389,-0.09,1.04,0.51,0.44,0.45,-0.15,3005.385,5274.615,4056.845,3907.531,0,0,0,0
2407,49,Mujer,9.2,129,54.7,190,0,1,-1.291,52,119,0.93,36,0,-0.71,-0.08,1.55,-0.941,-1.291,-0.2,0.93,0.4,0.33,-1.01,-1.61,1242.08,2179.918,1676.633,1614.923,0,0,0,0
2408,67,Hombre,8.2,133,64.2,318,0,1,-0.408,212,141,0.14,36,0,0.66,-0.28,0.44,-0.058,-0.408,-0.99,0.14,-0.39,-0.46,-0.47,-1.07,892.661,1566.669,1204.967,1160.617,0,0,0,0
2409,56,Mujer,7.9,114,48.9,93,0,0,-0.463,59,101,0.55,36,0,1.12,-0.3,0.8,-0.463,-0.813,0.55,1.67,1.15,1.07,0.45,-0.15,745.286,1308.017,1006.03,969.003,0,0,0,0
2410,60,Hombre,7.8,112,38.1,106,0,0,-0.139,92,111,0.74,36,0,0.04,-1.57,-1.35,-0.139,-0.489,0.74,1.86,1.34,1.26,1.13,0.53,537.469,943.288,725.508,698.805,0,0,0,0
2411,50,Hombre,7,115,41.5,62,0,0,0.63,116,120,-1.32,36,0,-1.96,0.09,-0.61,0.63,0.28,-1.32,-0.19,-0.72,-0.79,0.23,-0.37,1893.121,3322.53,2555.445,2461.391,0,0,0,0
2412,52,Mujer,7,119,36.8,103,0,0,-0.54,60,122,1.01,36,0,2.29,-1.19,0.68,-0.54,-0.89,1.01,2.14,1.61,1.54,0.8,0.2,1405.921,2467.468,1897.794,1827.945,0,0,0,0
2413,67,Hombre,8.3,138,50.2,724,1,1,0.76,1549,136,-3.95,36,0,1.28,0.77,-0.94,1.11,0.76,-5.08,-3.95,-4.48,-4.55,-2.81,-3.41,214.513,376.483,289.563,278.905,0,0,0,0
2414,52,Mujer,10.9,124,50.3,495,1,1,-0.495,302,126,-3.56,36,0,-1.1,-1.27,0.05,-0.145,-0.495,-4.69,-3.56,-4.09,-4.16,-4.31,-4.91,569.389,999.309,768.595,740.306,0,0,0,0
2415,50,Hombre,7.3,128,40.7,358,1,0,-0.254,278,123,-1.47,36,0,-0.72,-0.77,0.75,-0.254,-0.604,-1.47,-0.34,-0.87,-0.94,-1.25,-1.85,1280.355,2247.093,1728.298,1664.687,0,0,0,0
2416,62,Mujer,9.8,131,39.3,78,0,1,0.13,89,142,-1.34,36,0,0.09,-0.03,-1.36,0.48,0.13,-2.46,-1.34,-1.86,-1.94,-1.14,-1.74,624.927,1096.781,843.563,812.515,0,0,0,0
2417,81,Mujer,7.4,136,34.9,138,0,0,-0.97,52,137,-0.69,36,0,0.48,-1.16,-0.57,-0.97,-1.32,-0.69,0.44,-0.09,-0.16,-1.54,-2.14,2776.625,4873.129,3748.052,3610.103,0,0,0,0
2418,69,Mujer,6.6,125,57.8,25,0,0,0.64,47,107,-0.96,36,0,0.29,-0.64,-0.99,0.64,0.29,-0.96,0.17,-0.36,-0.43,0.6,0,703.539,1234.749,949.678,914.725,0,0,0,0
2419,76,Mujer,9.5,125,53.8,251,1,1,-0.286,189,117,-1.44,36,0,0.71,-0.22,-0.4,0.064,-0.286,-2.57,-1.44,-1.97,-2.04,-1.87,-2.47,199.447,350.04,269.225,259.316,0,0,0,0
2420,68,Mujer,5.5,146,60.4,20,0,0,0.268,26,122,-2.04,36,0,-0.02,-0.12,0.17,0.268,-0.082,-2.04,-0.91,-1.44,-1.51,-1.03,-1.63,3290.511,5775.026,4441.725,4278.244,0,0,0,0
2421,52,Hombre,5.5,137,45.6,82,0,0,0.069,88,131,-2.41,36,0,-0.12,0.48,1.43,0.069,-0.281,-2.41,-1.29,-1.81,-1.89,-1.71,-2.31,3924.025,6886.879,5296.88,5101.925,0,0,0,0
2422,64,Hombre,7.4,140,45.5,697,0,0,0.534,1189,135,-4.73,36,0,1.1,0.38,1.45,0.534,0.184,-4.73,-3.6,-4.13,-4.2,-3.33,-3.93,809.352,1420.456,1092.511,1052.3,0,0,0,0
2423,70,Hombre,8.1,130,39.3,94,0,1,-0.703,47,100,-2.24,36,0,-1.78,0.22,0.22,-0.353,-0.703,-3.37,-2.24,-2.77,-2.84,-3.3,-3.9,468.529,822.294,632.448,609.17,0,0,0,0
2424,66,Mujer,8.3,151,47.7,183,0,0,0.028,188,147,-0.73,36,0,0.95,-0.65,-1.04,0.028,-0.322,-0.73,0.39,-0.13,-0.21,-0.09,-0.69,309.614,543.389,417.935,402.552,0,0,0,0
2425,75,Mujer,7.3,110,51.5,416,1,1,-0.699,207,107,-3.02,36,0,1.34,0.35,-0.83,-0.349,-0.699,-4.14,-3.02,-3.54,-3.62,-4.07,-4.67,310.776,545.429,419.504,404.064,0,0,0,0
2426,72,Hombre,8.8,129,40.3,39,1,0,0.64,74,136,-4.98,36,0,0.99,0.22,-1.08,0.64,0.29,-4.98,-3.86,-4.38,-4.46,-3.42,-4.02,674.744,1184.213,910.809,877.287,0,0,0,0
2427,56,Hombre,7,109,51.9,94,0,0,-0.391,64,127,-0.19,36,0,-0.69,-0.81,-0.59,-0.391,-0.741,-0.19,0.94,0.41,0.34,-0.17,-0.77,676.401,1187.12,913.046,879.44,0,0,0,0
2428,52,Hombre,10.4,126,40.1,352,0,1,-0.505,212,127,-1.83,36,0,-1.21,0.77,-0.26,-0.155,-0.505,-2.96,-1.83,-2.36,-2.43,-2.59,-3.19,49.126,86.218,66.313,63.872,0,0,0,0
2429,61,Mujer,8.9,115,60.4,32,1,0,0.302,43,118,-3.43,29,1,-0.99,1.42,0.5,0.302,-0.048,-3.43,-2.31,-2.83,-2.91,-2.38,-2.98,29.001,50.898,39.147,37.706,1,0,0,0
2430,85,Hombre,7.2,152,51.6,967,0,1,-0.356,677,145,-3.91,36,0,2.08,1.37,0.1,-0.006,-0.356,-5.04,-3.91,-4.44,-4.51,-4.45,-5.05,126.923,222.757,171.328,165.022,0,0,0,0
2431,60,Hombre,8.1,138,46.9,173,0,0,-0.192,143,134,-4.25,36,0,0.31,-0.59,-0.34,-0.192,-0.542,-4.25,-3.12,-3.65,-3.72,-3.94,-4.54,50.391,88.439,68.021,65.518,0,0,0,0
2432,61,Hombre,7.5,127,50.2,91,1,1,-0.304,67,133,-3.46,36,0,-0.24,1.25,-0.78,0.046,-0.304,-4.59,-3.46,-3.99,-4.06,-3.92,-4.52,977.806,1716.103,1319.9,1271.32,0,0,0,0
2433,44,Mujer,8,124,52.3,339,0,1,0.167,401,126,-4.32,36,0,-0.15,2.21,-0.17,0.517,0.167,-5.44,-4.32,-4.84,-4.92,-4.07,-4.67,219.431,385.114,296.201,285.299,0,0,0,0
2434,62,Hombre,8.2,134,50.6,302,0,1,0.476,486,113,-2.95,36,0,-1.1,0.56,-0.46,0.826,0.476,-4.07,-2.95,-3.47,-3.55,-2.24,-2.84,689.309,1209.775,930.47,896.223,0,0,0,0
2435,68,Mujer,9.1,143,34.5,76,0,0,-0.076,70,154,-4.08,36,0,0.76,1,-2.35,-0.076,-0.426,-4.08,-2.95,-3.48,-3.55,-3.59,-4.19,200.916,352.618,271.208,261.226,0,0,0,0
2436,55,Hombre,6.1,147,57.3,156,0,1,0.1,172,133,-2.71,36,0,-0.75,0.97,0.55,0.45,0.1,-3.83,-2.71,-3.23,-3.31,-2.56,-3.16,98.595,173.04,133.09,128.191,0,0,0,0
2437,67,Mujer,9.8,136,41.7,47,0,1,-0.115,42,141,-3.26,25.01,1,0.6,1.45,0.93,0.235,-0.115,-4.38,-3.26,-3.78,-3.86,-3.43,-4.03,14.251,25.011,19.236,18.528,1,1,1,1
2438,71,Hombre,7.8,141,45.8,577,0,0,-0.445,370,136,-1.96,36,0,0.49,0.33,-1.04,-0.445,-0.795,-1.96,-0.84,-1.36,-1.44,-2.03,-2.63,724.694,1271.878,978.235,942.23,0,0,0,0
2439,58,Hombre,6.9,118,52.2,202,1,0,-0.591,112,123,1.66,36,0,1.04,-1.4,-0.38,-0.591,-0.941,1.66,2.79,2.26,2.19,1.38,0.78,1684.8,2956.917,2274.243,2190.538,0,0,0,0
2440,46,Mujer,5.5,150,41.6,521,0,1,-0.175,437,140,-3.34,36,0,-2.37,1.4,1.12,0.175,-0.175,-4.47,-3.34,-3.87,-3.94,-3.61,-4.21,47.45,83.277,64.05,61.693,0,0,0,0
2441,60,Mujer,5.7,152,52.6,543,1,0,-0.594,300,130,-2.49,36,0,-0.67,-0.46,-0.51,-0.594,-0.944,-2.49,-1.37,-1.89,-1.97,-2.78,-3.38,1534.037,2692.318,2070.733,1994.518,0,0,0,0
2442,41,Hombre,5.5,142,73.2,59,0,1,-0.626,32,140,3.89,36,0,1.08,-1.14,0.09,-0.276,-0.626,2.77,3.89,3.37,3.29,2.95,2.35,2375.273,4168.734,3206.283,3088.274,0,0,0,0
2443,61,Mujer,6.6,137,38,78,1,0,1.517,356,122,-6.17,36,0,-0.8,-0.03,-1.11,1.517,1.167,-6.17,-5.05,-5.57,-5.65,-3.3,-3.9,194.397,341.178,262.409,252.751,0,0,0,0
2444,71,Mujer,9,137,36.4,209,0,1,0.169,247,128,-3.34,36,0,-0.3,-0.47,1.15,0.519,0.169,-4.47,-3.34,-3.87,-3.94,-3.09,-3.69,146.666,257.408,197.979,190.692,0,0,0,0
2445,51,Mujer,9.5,124,49.8,125,1,1,-0.149,108,116,-0.75,36,0,-1.35,-0.02,0.82,0.201,-0.149,-1.87,-0.75,-1.27,-1.35,-0.97,-1.57,921.916,1618.014,1244.457,1198.654,0,0,0,0
2446,62,Hombre,8.4,154,60.1,56,0,0,-0.032,54,164,-1.23,36,0,-1.43,-2.12,0.66,-0.032,-0.382,-1.23,-0.11,-0.63,-0.71,-0.68,-1.28,4658.712,8176.295,6288.604,6057.148,0,0,0,0
2447,63,Hombre,6.2,156,69.5,185,0,0,0.261,240,156,-2.87,36,0,-0.76,0.85,-2.42,0.261,-0.089,-2.87,-1.74,-2.27,-2.34,-1.87,-2.47,604.371,1060.703,815.815,785.788,0,0,0,0
2448,72,Hombre,8.6,155,42,442,1,1,-0.87,185,143,-0.99,36,0,-1,-0.74,-0.45,-0.52,-0.87,-2.11,-0.99,-1.51,-1.59,-2.29,-2.89,398.305,699.047,537.656,517.867,0,0,0,0
2449,57,Mujer,8.6,132,38.6,93,0,0,0.109,104,129,-4.69,36,0,1.44,1.46,-0.04,0.109,-0.241,-4.69,-3.56,-4.09,-4.16,-3.93,-4.53,240.982,422.937,325.292,313.32,0,0,0,0
2450,58,Hombre,8.9,135,44.8,24,0,0,0.865,57,136,-2,36,0,0.09,-0.97,0.88,0.865,0.515,-2,-0.88,-1.4,-1.48,-0.11,-0.71,385.255,676.144,520.04,500.9,0,0,0,0
2451,73,Mujer,6,172,43.2,42,0,1,0.152,49,170,-0.83,36,0,-0.64,-0.19,0.21,0.502,0.152,-1.95,-0.83,-1.35,-1.43,-0.6,-1.2,353.741,620.836,477.501,459.926,0,0,0,0
2452,57,Mujer,7.3,123,59.5,114,0,0,0.369,165,137,-2.28,36,0,0.64,-0.14,-0.01,0.369,0.019,-2.28,-1.16,-1.68,-1.76,-1.13,-1.73,1974.265,3464.943,2664.979,2566.893,0,0,0,0
2453,69,Hombre,7.9,129,45.6,48,1,0,-0.159,41,142,-2.8,36,0,-2.23,0.52,1,-0.159,-0.509,-2.8,-1.67,-2.2,-2.27,-2.44,-3.04,1803.136,3164.602,2433.979,2344.395,0,0,0,0
2454,65,Hombre,9.2,142,59.4,40,0,1,0.133,46,135,-1.03,36,0,-0.17,-0.69,1.76,0.483,0.133,-2.16,-1.03,-1.56,-1.63,-0.83,-1.43,808.76,1419.419,1091.712,1051.531,0,0,0,0
2455,58,Hombre,7.5,147,65.8,239,0,0,-0.179,200,140,-1.7,36,0,1.31,-1.17,0.92,-0.179,-0.529,-1.7,-0.57,-1.1,-1.17,-1.36,-1.96,366.378,643.013,494.558,476.356,0,0,0,0
2456,42,Hombre,5.5,101,53.8,22,0,0,-0.333,16,89,-0.09,36,0,1.09,0.98,-0.13,-0.333,-0.683,-0.09,1.04,0.51,0.44,0.01,-0.59,39.027,68.494,52.681,50.742,0,0,0,0
2457,74,Hombre,8.6,150,48,93,0,0,0.662,180,144,-5.3,36,0,-0.13,-0.87,0.08,0.662,0.312,-5.3,-4.17,-4.7,-4.77,-3.7,-4.3,285.156,500.465,384.921,370.754,0,0,0,0
2458,50,Hombre,10.6,144,58.9,361,0,1,-1.354,93,145,0.41,36,0,-1.28,-0.24,0.33,-1.004,-1.354,-0.71,0.41,-0.11,-0.19,-1.62,-2.22,211.611,371.388,285.644,275.131,0,0,0,0
2459,68,Hombre,7.7,136,45.5,178,0,1,0.019,181,130,0.08,36,0,-0.1,-0.63,-0.52,0.369,0.019,-1.04,0.08,-0.44,-0.52,0.11,-0.49,842.423,1478.499,1137.152,1095.299,0,0,0,0
2460,66,Mujer,8.7,136,25.3,266,0,0,0.716,544,133,-2.06,36,0,0.06,-1.21,-0.54,0.716,0.366,-2.06,-0.94,-1.46,-1.54,-0.39,-0.99,167.841,294.57,226.562,218.223,0,0,0,0
2461,66,Hombre,9,138,49.8,203,0,1,-0.18,169,142,0.81,36,0,0.19,0.31,1.09,0.17,-0.18,-0.31,0.81,0.29,0.21,0.54,-0.06,1102.411,1934.792,1488.1,1433.329,0,0,0,0
2462,47,Hombre,7.5,133,50.9,257,0,1,0.619,477,126,-1.59,36,0,0.87,0.24,1.49,0.969,0.619,-2.72,-1.59,-2.12,-2.19,-0.67,-1.27,291.117,510.926,392.967,378.503,0,0,0,0
2463,57,Mujer,7.8,162,61.8,84,0,1,-0.545,49,154,-0.34,36,0,1.17,-0.54,-0.81,-0.195,-0.545,-1.47,-0.34,-0.87,-0.94,-1.16,-1.76,4618.567,8105.837,6234.413,6004.952,0,0,0,0
2464,43,Mujer,7,121,46,91,1,1,-0.22,73,95,1.06,36,0,-1.42,0.25,0.43,0.13,-0.22,-0.06,1.06,0.54,0.46,0.73,0.13,894.599,1570.07,1207.582,1163.137,0,0,0,0
2465,60,Mujer,7.7,125,27.4,49,1,0,-0.215,40,141,-1.55,36,0,0.36,0.32,2.38,-0.215,-0.565,-1.55,-0.43,-0.95,-1.03,-1.27,-1.87,261.707,459.31,353.267,340.265,0,0,0,0
2466,71,Mujer,6.5,138,56,81,0,1,-0.293,60,133,-1.25,36,0,0.15,0.94,-1.07,0.057,-0.293,-2.38,-1.25,-1.78,-1.85,-1.69,-2.29,221.739,389.164,299.316,288.3,0,0,0,0
2467,62,Hombre,8.8,147,45.1,111,1,0,0.281,147,143,-1.98,4.34,1,-1.14,0.04,1.5,0.281,-0.069,-1.98,-0.85,-1.38,-1.45,-0.96,-1.56,4.345,7.625,5.865,5.649,1,1,1,1
2468,75,Hombre,9.8,142,43.4,242,0,1,-0.514,145,116,-1.95,36,0,0.33,-1.1,0.05,-0.164,-0.514,-3.07,-1.95,-2.47,-2.55,-2.72,-3.32,275.905,484.228,372.432,358.725,0,0,0,0
2469,59,Hombre,7.3,140,54.1,33,1,0,-0.273,25,133,-2.35,36,0,1.96,-0.37,2.24,-0.273,-0.623,-2.35,-1.22,-1.75,-1.82,-2.16,-2.76,2248.643,3946.491,3035.35,2923.633,0,0,0,0
2470,69,Mujer,6.4,121,51.4,34,0,0,0.073,37,121,-0.74,36,0,-0.15,-0.39,-0.22,0.073,-0.277,-0.74,0.38,-0.14,-0.22,-0.03,-0.63,6571.102,11532.643,8870.06,8543.592,0,0,0,0
2471,63,Hombre,8.8,147,36.2,59,0,0,0.863,140,142,-3.3,36,0,-0.8,0.09,1.41,0.863,0.513,-3.3,-2.17,-2.7,-2.77,-1.4,-2,191.331,335.796,258.27,248.764,0,0,0,0
2472,62,Hombre,6.6,143,40.8,201,0,0,-0.815,89,134,-1.93,36,0,-1.51,-1.22,0.07,-0.815,-1.165,-1.93,-0.8,-1.33,-1.4,-2.55,-3.15,4908.863,8615.323,6626.272,6382.388,0,0,0,0
2473,63,Mujer,7.4,134,56.4,107,0,1,0.32,147,131,0.46,36,0,1.1,-0.18,0.04,0.67,0.32,-0.67,0.46,-0.07,-0.14,0.94,0.34,316.454,555.395,427.169,411.447,0,0,0,0
2474,59,Mujer,7.4,148,53.4,30,0,0,-0.084,28,153,-2.33,36,0,0.18,-0.1,-0.7,-0.084,-0.434,-2.33,-1.21,-1.73,-1.81,-1.86,-2.46,622.88,1093.188,840.799,809.853,0,0,0,0
2475,65,Hombre,7.5,127,37.2,335,0,0,0.014,340,137,-1.58,36,0,-0.24,-0.4,-1.09,0.014,-0.336,-1.58,-0.45,-0.98,-1.05,-0.96,-1.56,617.867,1084.391,834.034,803.337,0,0,0,0
2476,64,Hombre,7.4,151,47,109,0,1,-0.337,78,144,-2.27,36,0,-0.47,0.5,0.17,0.013,-0.337,-3.39,-2.27,-2.79,-2.87,-2.77,-3.37,26.225,46.026,35.4,34.097,1,0,1,1
2477,77,Mujer,9.2,125,43.2,137,0,1,-0.338,98,107,-0.93,36,0,1.93,0.1,0.65,0.012,-0.338,-2.05,-0.93,-1.45,-1.53,-1.43,-2.03,122.773,215.473,165.726,159.626,0,0,0,0
2478,63,Hombre,8.6,159,39.3,409,0,0,1.4,1658,155,-7.38,32.99,1,1.06,0.91,-0.68,1.4,1.05,-7.38,-6.26,-6.78,-6.86,-4.68,-5.28,32.986,57.893,44.527,42.888,1,0,0,0
2479,74,Mujer,8.4,144,52,220,0,0,-0.074,204,147,-4.21,36,0,-1.73,1.12,-0.16,-0.074,-0.424,-4.21,-3.08,-3.61,-3.68,-3.72,-4.32,177.778,312.011,239.976,231.143,0,0,0,0
2480,52,Mujer,8.2,141,45.2,453,0,1,-0.467,284,145,-0.97,36,0,-0.31,-0.58,1.03,-0.117,-0.467,-2.09,-0.97,-1.49,-1.57,-1.67,-2.27,474.218,832.278,640.127,616.566,0,0,0,0
2481,59,Hombre,7.9,131,42,208,0,0,-0.369,144,124,-2.53,36,0,-1.05,0.31,-0.89,-0.369,-0.719,-2.53,-1.4,-1.93,-2,-2.48,-3.08,374.367,657.035,505.343,486.744,0,0,0,0
2482,66,Hombre,6.2,148,53.8,10,0,0,0.806,22,146,-1.33,36,0,-0.01,0.69,-0.25,0.806,0.456,-1.33,-0.2,-0.73,-0.8,0.48,-0.12,843.557,1480.488,1138.683,1096.773,0,0,0,0
2483,55,Hombre,7.5,121,47.9,103,0,1,0.084,112,101,-0.17,36,0,-1.26,0.21,0.01,0.434,0.084,-1.3,-0.17,-0.7,-0.77,-0.05,-0.65,209.975,368.518,283.437,273.005,0,0,0,0
2484,80,Hombre,8.7,154,44.9,196,1,0,0.407,294,148,-3.76,36,0,0.84,-0.52,-0.09,0.407,0.057,-3.76,-2.63,-3.16,-3.23,-2.55,-3.15,304.009,533.552,410.369,395.265,0,0,0,0
2485,63,Mujer,7.2,134,40.9,302,0,0,0.513,504,159,-5.56,36,0,-1.56,1.7,-0.57,0.513,0.163,-5.56,-4.43,-4.96,-5.03,-4.19,-4.79,433.731,761.221,585.475,563.926,0,0,0,0
2486,56,Hombre,9.3,101,63.3,146,0,0,-0.835,63,91,2.31,36,0,0.44,-1.24,0.22,-0.835,-1.185,2.31,3.43,2.91,2.83,1.66,1.06,5469.005,9598.402,7382.384,7110.671,0,0,0,0
2487,61,Hombre,7.4,120,43.7,62,1,1,1.07,181,120,-5.47,36,0,-0.66,3.48,-0.5,1.42,1.07,-6.59,-5.47,-5.99,-6.07,-3.86,-4.46,142.995,250.964,193.023,185.918,0,0,0,0
2488,69,Mujer,7.4,163,48.6,743,0,1,0.792,1640,140,-6.36,36,0,-1.78,2.35,-0.52,1.142,0.792,-7.49,-6.36,-6.89,-6.96,-5.18,-5.78,22.53,39.542,30.413,29.293,1,0,1,1
2489,64,Hombre,7.8,117,59.4,64,1,1,-1.416,16,122,4.46,36,0,-0.89,-2.39,-0.48,-1.066,-1.416,3.33,4.46,3.93,3.86,2.34,1.74,5531.931,9708.842,7467.326,7192.487,0,0,0,0
2490,68,Hombre,8.1,144,57.2,83,0,1,-0.537,49,136,-2.82,22.49,1,0.47,-0.1,-0.63,-0.187,-0.537,-3.94,-2.82,-3.34,-3.42,-3.62,-4.22,12.814,22.49,17.298,16.661,1,1,1,1
2491,69,Mujer,6,126,49.7,118,0,1,0.011,119,119,-4.32,36,0,0.21,1.56,1.32,0.361,0.011,-5.45,-4.32,-4.85,-4.92,-4.31,-4.91,450.973,791.482,608.749,586.344,0,0,0,0
2492,59,Mujer,8.8,131,50.2,37,0,0,0.363,53,138,-3.19,36,0,0.45,0.63,-0.93,0.363,0.013,-3.19,-2.06,-2.59,-2.66,-2.04,-2.64,329.559,578.393,444.858,428.484,0,0,0,0
2493,64,Mujer,8.8,133,52.8,189,1,1,-0.111,169,131,-2.16,36,0,-1.21,-0.02,-0.42,0.239,-0.111,-3.28,-2.16,-2.68,-2.76,-2.33,-2.93,910.604,1598.161,1229.187,1183.946,0,0,0,0
2494,61,Hombre,7.9,137,39.8,129,0,1,-1.708,23,131,0.33,36,0,1.3,-1.73,0.52,-1.358,-1.708,-0.79,0.33,-0.19,-0.27,-2.23,-2.83,1580.16,2773.266,2132.992,2054.486,0,0,0,0
2495,74,Hombre,7.8,136,45.3,153,1,1,-0.399,103,131,-1.27,36,0,-0.87,-1.08,0.49,-0.049,-0.399,-2.4,-1.27,-1.8,-1.87,-1.87,-2.47,2249.648,3948.256,3036.708,2924.94,0,0,0,0
2496,61,Hombre,9.5,107,41.9,390,1,1,-0.484,240,94,-2.96,36,0,-0.57,0.3,-1.89,-0.134,-0.484,-4.08,-2.96,-3.48,-3.56,-3.69,-4.29,59.219,103.932,79.937,76.995,0,0,0,0
2497,61,Hombre,7,123,49.8,33,0,0,-0.233,26,123,-1.18,36,0,1.71,0.68,1,-0.233,-0.583,-1.18,-0.05,-0.58,-0.65,-0.93,-1.53,708.621,1243.669,956.539,921.333,0,0,0,0
2498,77,Hombre,8.6,146,56.4,289,0,0,-0.426,189,144,-1.35,36,0,0.49,-0.63,-0.09,-0.426,-0.776,-1.35,-0.22,-0.75,-0.82,-1.39,-1.99,602.247,1056.977,812.949,783.028,0,0,0,0
2499,58,Hombre,7.4,142,31.7,21,0,0,0.038,22,144,-1.91,36,0,0.19,-0.55,-0.24,0.038,-0.312,-1.91,-0.78,-1.31,-1.38,-1.25,-1.85,106.247,186.469,143.418,138.14,0,0,0,0
2500,64,Mujer,6.7,127,49.4,263,0,1,0.623,491,119,-3.87,36,0,0.93,0.53,-2.06,0.973,0.623,-5,-3.87,-4.4,-4.47,-2.94,-3.54,1985.848,3485.272,2680.614,2581.953,0,0,0,0
2501,56,Hombre,7.7,127,36.7,144,0,1,-0.801,65,126,0.08,36,0,-0.61,-0.5,0.29,-0.451,-0.801,-1.04,0.08,-0.44,-0.52,-1.12,-1.72,634.533,1113.641,856.531,825.005,0,0,0,0
2502,52,Mujer,7.8,118,55.1,383,1,1,-0.5,232,108,-1.5,36,0,-1.53,0.03,-1.27,-0.15,-0.5,-2.63,-1.5,-2.03,-2.1,-2.26,-2.86,2678.027,4700.084,3614.959,3481.908,0,0,0,0
2503,73,Mujer,7.4,149,42.6,435,1,1,0.206,534,140,-4.9,36,0,-0,1.28,0.07,0.556,0.206,-6.03,-4.9,-5.43,-5.5,-4.59,-5.19,258.193,453.142,348.524,335.696,0,0,0,0
2504,71,Hombre,5.9,121,56.2,77,1,1,-0.292,58,114,-1.31,36,0,1.42,0.17,0.48,0.058,-0.292,-2.43,-1.31,-1.83,-1.91,-1.74,-2.34,186.564,327.43,251.835,242.566,0,0,0,0
2505,60,Hombre,7.4,122,38.6,73,0,0,0.014,74,123,-2.03,36,0,-0.91,-0.52,-0.37,0.014,-0.336,-2.03,-0.91,-1.43,-1.51,-1.41,-2.01,1067.075,1872.774,1440.4,1387.385,0,0,0,0
2506,80,Hombre,7.5,108,29.8,585,0,0,-0.37,404,92,-3.68,36,0,-0.03,-0.21,0.22,-0.37,-0.72,-3.68,-2.56,-3.08,-3.16,-3.64,-4.24,416.402,730.808,562.084,541.396,0,0,0,0
2507,61,Mujer,6.7,124,44,199,1,0,0.413,301,113,-3.97,36,0,-0.66,0.42,0.49,0.413,0.063,-3.97,-2.85,-3.37,-3.45,-2.75,-3.35,317.602,557.41,428.718,412.939,0,0,0,0
2508,77,Hombre,6.4,138,30.2,397,0,1,0.083,431,133,-3.94,36,0,-1.32,0.92,-0.21,0.433,0.083,-5.07,-3.94,-4.47,-4.54,-3.82,-4.42,211,370.316,284.82,274.337,0,0,0,0
2509,50,Mujer,8.1,141,51.5,139,0,1,0.451,218,142,-1.8,0.36,1,-1.16,0.55,-1.18,0.801,0.451,-2.93,-1.8,-2.33,-2.4,-1.13,-1.73,0.208,0.365,0.281,0.27,1,1,1,1
2510,57,Hombre,8,118,44.6,416,0,1,-1.029,149,115,0.89,36,0,0.42,0.19,0.23,-0.679,-1.029,-0.23,0.89,0.37,0.29,-0.65,-1.25,48.509,85.136,65.481,63.071,0,0,0,0
2511,69,Hombre,10.1,140,34.3,401,0,0,-0.037,386,143,-4.56,36,0,-0.39,-0.03,0.53,-0.037,-0.387,-4.56,-3.44,-3.96,-4.04,-4.02,-4.62,1013.797,1779.27,1368.483,1318.115,0,0,0,0
2512,69,Mujer,8.1,159,56,536,0,1,0.343,755,141,-1.74,36,0,-0.39,0.37,-0.54,0.693,0.343,-2.87,-1.74,-2.27,-2.34,-1.23,-1.83,49.525,86.919,66.852,64.391,0,0,0,0
2513,88,Hombre,8.1,142,31.4,726,0,1,0.028,747,142,-2.3,36,0,0.2,-0.08,-1.11,0.378,0.028,-3.42,-2.3,-2.82,-2.9,-2.25,-2.85,167.412,293.817,225.983,217.665,0,0,0,0
2514,79,Mujer,10.1,140,44,87,1,0,0.669,170,143,-4.39,36,0,0.32,0.93,0.58,0.669,0.319,-4.39,-3.27,-3.79,-3.87,-2.79,-3.39,378.622,664.503,511.087,492.276,0,0,0,0
2515,49,Mujer,9.3,139,53.1,68,0,1,-0.302,50,118,-3,36,0,-0.36,0.36,-0.1,0.048,-0.302,-4.12,-3,-3.52,-3.6,-3.45,-4.05,1176.936,2065.587,1588.697,1530.224,0,0,0,0
2516,60,Mujer,8,160,43.7,386,0,1,-0.511,232,153,-1.12,36,0,-0.35,0.73,0.88,-0.161,-0.511,-2.25,-1.12,-1.65,-1.72,-1.89,-2.49,105.557,185.259,142.487,137.243,0,0,0,0
2517,71,Mujer,9.2,170,31,852,0,0,-1.538,183,165,-0.06,36,0,-0.16,-0.77,0.98,-1.538,-1.888,-0.06,1.07,0.54,0.47,-1.77,-2.37,1860.053,3264.494,2510.809,2418.397,0,0,0,0
2518,58,Hombre,7.7,133,40,192,0,0,0.197,234,150,-3.94,36,0,-0.14,1.88,1.62,0.197,-0.153,-3.94,-2.81,-3.34,-3.41,-3.04,-3.64,236.928,415.822,319.819,308.048,0,0,0,0
2519,66,Hombre,9,151,64.9,139,1,1,0.023,142,152,-2.57,36,0,0.11,0.73,-0.25,0.373,0.023,-3.69,-2.57,-3.09,-3.17,-2.53,-3.13,385.544,676.65,520.429,501.275,0,0,0,0
2520,57,Hombre,8.6,152,55.2,106,0,1,0.338,149,150,-1.91,36,0,-0.31,0.58,1.09,0.688,0.338,-3.04,-1.91,-2.44,-2.51,-1.41,-2.01,85.02,149.214,114.764,110.54,0,0,0,0
2521,51,Mujer,8.2,131,59.9,75,0,1,-0.073,70,127,0.2,36,0,-0.78,-1.68,2.3,0.277,-0.073,-0.93,0.2,-0.33,-0.4,0.09,-0.51,1243.424,2182.276,1678.446,1616.67,0,0,0,0
2522,80,Hombre,8.8,166,54.5,62,0,1,0.226,78,151,-4.98,36,0,0.41,0.98,-0.84,0.576,0.226,-6.11,-4.98,-5.51,-5.58,-4.64,-5.24,926.004,1625.187,1249.974,1203.968,0,0,0,0
2523,64,Hombre,7,130,54.3,167,0,0,0.995,452,137,-4.47,36,0,-1.03,1.46,-1.23,0.995,0.645,-4.47,-3.34,-3.87,-3.94,-2.38,-2.98,700.755,1229.863,945.92,911.105,0,0,0,0
2524,63,Mujer,6.5,131,37.5,73,0,0,-0.385,50,123,-1.52,36,0,1.44,0.53,0.1,-0.385,-0.735,-1.52,-0.4,-0.92,-1,-1.5,-2.1,718.818,1261.564,970.302,934.59,0,0,0,0
2525,77,Hombre,6.5,140,38.8,316,1,0,-0.465,199,148,-1.73,36,0,-0.15,-0.22,-0.83,-0.465,-0.815,-1.73,-0.6,-1.13,-1.2,-1.83,-2.43,297.614,522.33,401.738,386.951,0,0,0,0
2526,59,Mujer,8.3,148,43.8,51,0,0,0.108,57,154,-2.54,36,0,-0.42,-0.35,1.03,0.108,-0.242,-2.54,-1.42,-1.94,-2.02,-1.78,-2.38,1800.123,3159.315,2429.912,2340.478,0,0,0,0
2527,68,Mujer,9,145,63.4,318,1,1,-0.335,227,141,-3.02,35.97,1,1.11,0.06,-0.17,0.015,-0.335,-4.14,-3.02,-3.54,-3.62,-3.52,-4.12,20.494,35.968,27.664,26.646,1,1,1,1
2528,64,Mujer,8.4,164,41.2,362,1,0,-0.82,159,169,-2.22,36,0,0.82,-1.9,-0.01,-0.82,-1.17,-2.22,-1.09,-1.62,-1.69,-2.85,-3.45,305.19,535.625,411.964,396.801,0,0,0,0
2529,65,Hombre,7.4,98,48.2,42,0,0,-1.038,15,89,1.17,36,0,-1.49,-1.31,0.36,-1.038,-1.388,1.17,2.3,1.77,1.7,0.22,-0.38,20979.533,36820.227,28319.408,27277.095,0,0,0,0
2530,57,Hombre,6.8,137,21.7,700,1,0,-0.623,375,128,-2.11,36,0,-1.91,-1.29,-0.03,-0.623,-0.973,-2.11,-0.98,-1.51,-1.58,-2.44,-3.04,306.005,537.055,413.064,397.86,0,0,0,0
2531,58,Hombre,8.3,123,48.2,89,0,1,-0.746,42,126,1.79,36,0,1.84,0.22,-0.7,-0.396,-0.746,0.66,1.79,1.26,1.19,0.67,0.07,148.852,261.244,200.93,193.534,0,0,0,0
2532,57,Mujer,8.7,138,41.9,25,1,1,-0.102,23,138,-0.35,36,0,-0.45,-1.14,0.46,0.248,-0.102,-1.47,-0.35,-0.87,-0.95,-0.5,-1.1,222.765,390.965,300.702,289.634,0,0,0,0
2533,56,Mujer,6.3,129,43.5,51,0,1,-0.271,39,122,-0.98,36,0,-0.99,1.64,0.45,0.079,-0.271,-2.11,-0.98,-1.51,-1.58,-1.39,-1.99,303.904,533.368,410.227,395.128,0,0,0,0
2534,64,Hombre,8.6,139,45.2,123,0,0,-0.232,97,138,-1.59,36,0,0.29,-1.66,-0.97,-0.232,-0.582,-1.59,-0.46,-0.99,-1.06,-1.34,-1.94,606.227,1063.961,818.32,788.201,0,0,0,0
2535,59,Hombre,8.1,119,59.4,59,0,0,0.399,88,125,-3.82,36,0,-0.84,1.05,0.94,0.399,0.049,-3.82,-2.7,-3.22,-3.3,-2.62,-3.22,1214.045,2130.715,1638.789,1578.473,0,0,0,0
2536,70,Hombre,5.7,142,48.8,75,0,1,-0.097,68,137,0.13,36,0,-0.4,0.29,1.14,0.253,-0.097,-1,0.13,-0.4,-0.47,-0.02,-0.62,990.035,1737.566,1336.407,1287.22,0,0,0,0
2537,72,Hombre,10,194,39.4,793,0,0,0.422,1209,195,-4.01,36,0,-1.73,-0.14,0.02,0.422,0.072,-4.01,-2.89,-3.41,-3.49,-2.78,-3.38,50.405,88.463,68.039,65.535,0,0,0,0
2538,75,Hombre,7.7,118,38.1,19,0,0,0.112,21,106,-0.54,36,0,1.65,0.65,1.52,0.112,-0.238,-0.54,0.58,0.06,-0.02,0.23,-0.37,666.103,1169.047,899.145,866.051,0,0,0,0
2539,62,Hombre,7.3,137,45.3,163,0,0,0.778,355,132,-6.56,36,0,-1.33,1.11,0.48,0.778,0.428,-6.56,-5.43,-5.96,-6.03,-4.79,-5.39,46.295,81.249,62.491,60.191,0,0,0,0
2540,62,Hombre,8.3,98,57.8,42,0,0,-0.325,30,96,-0.3,36,0,-0.53,0.18,0.32,-0.325,-0.675,-0.3,0.82,0.3,0.22,-0.19,-0.79,1303.116,2287.039,1759.022,1694.28,0,0,0,0
2541,58,Hombre,9.2,126,44.1,84,0,1,-0.859,36,109,1.12,36,0,-0.81,0.23,-0.17,-0.509,-0.859,-0,1.12,0.6,0.52,-0.16,-0.76,2029.35,3561.619,2739.335,2638.512,0,0,0,0
2542,76,Mujer,6.8,140,34.7,30,0,1,0.345,42,147,-2.46,6.09,1,-0.33,0.24,-0.14,0.695,0.345,-3.59,-2.46,-2.99,-3.06,-1.94,-2.54,3.467,6.085,4.68,4.508,1,1,1,1
2543,53,Mujer,6,123,46.5,122,0,0,-0.548,71,123,0,36,0,0.39,-1.17,0.04,-0.548,-0.898,0,1.13,0.6,0.53,-0.22,-0.82,759.703,1333.32,1025.492,987.748,0,0,0,0
2544,73,Mujer,7.1,124,43.5,19,1,1,-0.304,14,122,-1.02,36,0,1.01,0.06,0.21,0.046,-0.304,-2.14,-1.02,-1.54,-1.62,-1.47,-2.07,563.783,989.471,761.028,733.018,0,0,0,0
2545,81,Mujer,7,151,40,148,1,0,0.47,237,145,-2.91,36,0,0.55,0.24,-1.36,0.47,0.12,-2.91,-1.78,-2.31,-2.38,-1.6,-2.2,160.961,282.496,217.275,209.278,0,0,0,0
2546,70,Hombre,7.2,124,31.9,557,0,0,-0.879,231,117,-0.12,36,0,-1.17,-0.98,-0.34,-0.879,-1.229,-0.12,1,0.48,0.4,-0.84,-1.44,1330.999,2335.976,1796.661,1730.534,0,0,0,0
2547,63,Mujer,5.8,151,59.8,129,0,1,-0.165,109,141,0.07,36,0,0.07,-1.24,-1.42,0.185,-0.165,-1.06,0.07,-0.46,-0.53,-0.18,-0.78,246.517,432.65,332.763,320.515,0,0,0,0
2548,60,Hombre,9.4,149,36.4,218,0,0,-0.448,139,152,-3.56,36,0,-0.33,0.78,-0.71,-0.448,-0.798,-3.56,-2.44,-2.96,-3.04,-3.63,-4.23,308.16,540.837,415.972,400.662,0,0,0,0
2549,46,Hombre,5.5,129,36.9,764,0,1,0.141,879,118,-4.06,36,0,0.92,0.52,0.14,0.491,0.141,-5.19,-4.06,-4.59,-4.66,-3.85,-4.45,301.948,529.935,407.587,392.586,0,0,0,0
2550,76,Hombre,7.7,135,24.6,605,1,1,-0.811,269,117,-2.46,36,0,-1.17,0.42,-1.39,-0.461,-0.811,-3.58,-2.46,-2.98,-3.06,-3.67,-4.27,49.688,87.204,67.071,64.603,0,0,0,0
2551,71,Hombre,8.9,150,34.1,748,0,1,-1.148,237,140,-0.91,36,0,-2.03,-1.85,0.65,-0.798,-1.148,-2.04,-0.91,-1.44,-1.51,-2.64,-3.24,1869.743,3281.501,2523.889,2430.996,0,0,0,0
2552,84,Mujer,6.7,150,30.7,217,0,0,-0.533,127,147,-2.45,36,0,-0.07,-0.39,-0.35,-0.533,-0.883,-2.45,-1.33,-1.85,-1.93,-2.65,-3.25,349.25,612.952,471.438,454.086,0,0,0,0
2553,62,Hombre,7.3,151,46.8,62,0,1,-1.18,19,145,-0.49,36,0,0.7,-1.44,-0.75,-0.83,-1.18,-1.62,-0.49,-1.02,-1.09,-2.26,-2.86,1687.614,2961.855,2278.041,2194.196,0,0,0,0
2554,60,Mujer,8.9,119,49.2,31,1,1,0.571,55,110,-2.73,36,0,-0.97,1.63,0.85,0.921,0.571,-3.85,-2.73,-3.25,-3.33,-1.87,-2.47,600.152,1053.3,810.121,780.304,0,0,0,0
2555,54,Hombre,9.5,123,40.5,122,0,1,-0.192,101,110,-0.82,36,0,1.68,0.16,1.49,0.158,-0.192,-1.94,-0.82,-1.34,-1.42,-1.1,-1.7,254.271,446.259,343.23,330.597,0,0,0,0
2556,76,Hombre,7.8,147,50.9,1254,0,0,-0.256,971,154,-1.68,36,0,-0.22,-1.8,0.86,-0.256,-0.606,-1.68,-0.55,-1.08,-1.15,-1.46,-2.06,1890.313,3317.602,2551.655,2457.74,0,0,0,0
2557,48,Hombre,7.3,140,53.1,38,0,1,-0.616,21,133,1.83,36,0,-1.51,0.16,-0.03,-0.266,-0.616,0.7,1.83,1.3,1.23,0.9,0.3,881.075,1546.335,1189.327,1145.553,0,0,0,0
2558,64,Mujer,8.7,152,44.6,113,1,1,-0.745,54,147,-1.52,36,0,0.6,-1.99,0.62,-0.395,-0.745,-2.64,-1.52,-2.04,-2.12,-2.64,-3.24,1253.332,2199.666,1691.821,1629.553,0,0,0,0
2559,61,Hombre,7.4,135,45.5,124,1,0,-0.044,119,140,-2.44,36,0,0.17,-0.22,-1.76,-0.044,-0.394,-2.44,-1.31,-1.84,-1.91,-1.9,-2.5,3057.927,5366.828,4127.769,3975.844,0,0,0,0
2560,51,Mujer,7.6,130,58.2,16,0,1,-1.117,5,126,1.15,36,0,-0.96,-0.76,-1.05,-0.767,-1.117,0.02,1.15,0.62,0.55,-0.53,-1.13,17608.664,30904.167,23769.21,22894.37,0,0,0,0
2561,73,Hombre,7.1,128,48.1,383,0,0,-0.674,195,138,-1.43,36,0,0.32,0.07,3.09,-0.674,-1.024,-1.43,-0.31,-0.83,-0.91,-1.84,-2.44,425.808,747.316,574.78,553.625,0,0,0,0
2562,46,Mujer,6.9,123,26.2,71,0,0,0.017,72,119,-0.18,36,0,-0.22,0.4,-2.48,0.017,-0.333,-0.18,0.95,0.42,0.35,0.45,-0.15,1426.012,2502.728,1924.914,1854.067,0,0,0,0
2563,66,Hombre,7.6,124,58.4,62,1,1,0.498,102,118,-2.42,36,0,1.32,0.56,0.36,0.848,0.498,-3.54,-2.42,-2.94,-3.02,-1.67,-2.27,1404.402,2464.803,1895.745,1825.971,0,0,0,0
2564,67,Hombre,7.2,119,41.9,603,0,1,0.299,814,113,-1.49,36,0,1.49,-1.26,0.87,0.649,0.299,-2.62,-1.49,-2.02,-2.09,-1.04,-1.64,257.808,452.468,348.005,335.196,0,0,0,0
2565,54,Mujer,7.6,140,54.4,45,0,0,-0.147,39,129,-0.55,36,0,-0.5,0.18,-0.83,-0.147,-0.497,-0.55,0.57,0.05,-0.03,-0.17,-0.77,1906.855,3346.636,2573.986,2479.249,0,0,0,0
2566,81,Mujer,7.6,148,48,393,0,0,0.208,484,151,-5.7,36,0,-0.02,0.53,1.88,0.208,-0.142,-5.7,-4.57,-5.1,-5.17,-4.79,-5.39,73.509,129.013,99.227,95.575,0,0,0,0
2567,56,Mujer,11.1,137,61.3,597,0,1,-0.626,319,136,-1.34,36,0,0.42,-1.02,1.33,-0.276,-0.626,-2.46,-1.34,-1.86,-1.94,-2.28,-2.88,440.896,773.797,595.147,573.243,0,0,0,0
2568,64,Hombre,7.8,112,43.9,57,0,1,0.269,75,103,-2.27,36,0,1.1,1.56,0.33,0.619,0.269,-3.39,-2.27,-2.79,-2.87,-1.86,-2.46,970.656,1703.555,1310.249,1262.025,0,0,0,0
2569,40,Hombre,5.8,133,46.6,34,0,1,-0.082,31,120,0.11,36,0,0.41,0.01,0.39,0.268,-0.082,-1.02,0.11,-0.42,-0.49,-0.02,-0.62,308.643,541.686,416.625,401.291,0,0,0,0
2570,56,Mujer,6.2,139,57.1,400,0,1,-1.023,144,138,-1.42,36,0,-1.41,0.59,1.49,-0.673,-1.023,-2.54,-1.42,-1.94,-2.02,-2.95,-3.55,662.685,1163.049,894.531,861.608,0,0,0,0
2571,77,Hombre,7.8,157,30.9,301,0,0,0.702,608,153,-4.18,36,0,1.18,-0.23,-0.36,0.702,0.352,-4.18,-3.06,-3.58,-3.66,-2.53,-3.13,169.332,297.188,228.575,220.162,0,0,0,0
2572,67,Hombre,7.9,160,41.2,77,0,1,0.115,86,143,-6.18,36,0,-0.03,0.75,0.84,0.465,0.115,-7.31,-6.18,-6.71,-6.78,-6.01,-6.61,314.774,552.445,424.9,409.261,0,0,0,0
2573,67,Mujer,5.9,120,60.9,177,1,1,-1.392,44,123,1.77,36,0,-1.09,-1.49,-0.54,-1.042,-1.392,0.65,1.77,1.25,1.17,-0.32,-0.92,6851.554,12024.852,9248.631,8908.229,0,0,0,0
2574,51,Mujer,7.3,128,54.4,47,0,0,-0.067,44,135,-2.1,36,0,0.18,0.76,-0.2,-0.067,-0.417,-2.1,-0.97,-1.5,-1.57,-1.6,-2.2,152.621,267.859,206.017,198.435,0,0,0,0
2575,51,Mujer,7.8,159,43.8,316,0,1,-0.015,311,143,-2.96,36,0,0.81,-0.1,-0.21,0.335,-0.015,-4.09,-2.96,-3.49,-3.56,-2.98,-3.58,301.276,528.756,406.68,391.712,0,0,0,0
2576,81,Mujer,8.2,140,35.2,239,1,1,-0.225,191,139,-1.45,36,0,-0.02,-0.25,-0.07,0.125,-0.225,-2.57,-1.45,-1.97,-2.05,-1.78,-2.38,192.223,337.361,259.473,249.923,0,0,0,0
2577,69,Mujer,7.1,137,52.3,51,0,1,-0.111,46,112,-1.62,36,0,-0.64,0.72,-0.03,0.239,-0.111,-2.74,-1.62,-2.14,-2.22,-1.78,-2.38,206.436,362.306,278.659,268.403,0,0,0,0
2578,62,Mujer,8.3,131,40.7,88,0,0,0.379,129,124,-2.26,36,0,0.55,-0.06,0.03,0.379,0.029,-2.26,-1.13,-1.66,-1.73,-1.09,-1.69,92.312,162.012,124.608,120.021,0,0,0,0
2579,67,Hombre,6.5,152,40.8,150,0,0,0.286,200,162,-5.27,36,0,-0.08,0.46,0.62,0.286,-0.064,-5.27,-4.14,-4.67,-4.74,-4.24,-4.84,104.378,183.189,140.895,135.709,0,0,0,0
2580,56,Hombre,7.3,117,52.7,52,0,1,-0.385,35,102,0.02,36,0,-0.92,0.95,-0.54,-0.035,-0.385,-1.1,0.02,-0.5,-0.58,-0.55,-1.15,1409.959,2474.555,1903.245,1833.195,0,0,0,0
2581,62,Mujer,7.1,115,50.2,58,0,1,0.102,64,127,0.11,36,0,-0.52,0.4,1.5,0.452,0.102,-1.01,0.11,-0.41,-0.49,0.27,-0.33,346.31,607.793,467.47,450.264,0,0,0,0
2582,67,Hombre,6.5,153,41.9,41,0,1,0.569,72,145,-3.32,36,0,0.87,0.11,1.47,0.919,0.569,-4.45,-3.32,-3.85,-3.92,-2.47,-3.07,55.115,96.729,74.397,71.659,0,0,0,0
2583,60,Hombre,9.5,126,47.3,252,1,0,0.811,567,124,-2.62,1.27,1,1.12,-0.26,-1.72,0.811,0.461,-2.62,-1.49,-2.02,-2.09,-0.8,-1.4,1.274,2.236,1.72,1.657,1,1,1,1
2584,59,Hombre,10.9,143,41.8,171,0,0,0.269,224,142,-4.4,36,0,-0.53,0.61,-1.9,0.269,-0.081,-4.4,-3.28,-3.8,-3.88,-3.4,-4,99.625,174.847,134.48,129.53,0,0,0,0
2585,68,Hombre,7.6,137,43.4,36,0,0,-0.401,24,132,-5.32,36,0,1.52,1.3,0.06,-0.401,-0.751,-5.32,-4.2,-4.72,-4.8,-5.32,-5.92,164.224,288.223,221.68,213.521,0,0,0,0
2586,68,Hombre,7.1,102,49.5,162,1,1,-0.975,61,90,-0.04,36,0,-0.11,-0.35,-0.96,-0.625,-0.975,-1.17,-0.04,-0.57,-0.64,-1.5,-2.1,690.224,1211.381,931.705,897.413,0,0,0,0
2587,83,Hombre,8.6,143,48.7,190,1,0,0.639,360,145,-4.42,36,0,0.6,-0.97,-0.3,0.639,0.289,-4.42,-3.3,-3.82,-3.9,-2.86,-3.46,1272.557,2233.407,1717.772,1654.549,0,0,0,0
2588,60,Hombre,7.1,127,71.3,54,1,1,-0.368,37,134,0.94,36,0,0.26,0.34,2.4,-0.018,-0.368,-0.19,0.94,0.41,0.34,0.39,-0.21,499.451,876.564,674.188,649.374,0,0,0,0
2589,60,Hombre,9.7,116,52.1,150,0,1,-0.517,89,105,-1.08,36,0,-0.1,0.89,0.11,-0.167,-0.517,-2.2,-1.08,-1.6,-1.68,-1.85,-2.45,942.339,1653.857,1272.025,1225.207,0,0,0,0
2590,59,Hombre,7.6,140,52.4,94,1,1,-0.623,50,122,0.19,36,0,-0.38,-0.33,0.04,-0.273,-0.623,-0.94,0.19,-0.34,-0.41,-0.75,-1.35,49.951,87.667,67.427,64.946,0,0,0,0
2591,77,Mujer,7.3,132,52.2,116,0,0,-1.047,41,117,-0.48,36,0,0.58,-0.36,-0.48,-1.047,-1.397,-0.48,0.64,0.12,0.04,-1.45,-2.05,191.034,335.276,257.869,248.378,0,0,0,0
2592,66,Hombre,8.3,145,44.8,58,1,1,-1.002,21,148,-0.56,36,0,2.65,-1.86,-0.43,-0.652,-1.002,-1.68,-0.56,-1.08,-1.16,-2.06,-2.66,4055.705,7117.984,5474.629,5273.132,0,0,0,0
2593,74,Hombre,8.7,152,42.4,87,1,0,-1.277,24,163,-0.11,36,0,-0.39,-3.01,0.74,-1.277,-1.627,-0.11,1.01,0.49,0.41,-1.43,-2.03,2042.922,3585.44,2757.657,2656.16,0,0,0,0
2594,75,Hombre,8.2,127,47.2,135,1,1,-0.474,84,138,-1.15,36,0,0.14,-0.3,0.65,-0.124,-0.474,-2.27,-1.15,-1.67,-1.75,-1.86,-2.46,317.632,557.462,428.759,412.978,0,0,0,0
2595,58,Hombre,6.5,143,55.7,52,0,0,-0.169,44,133,-0.07,36,0,1.18,0.16,0.83,-0.169,-0.519,-0.07,1.05,0.53,0.45,0.27,-0.33,373.582,655.657,504.283,485.722,0,0,0,0
2596,74,Hombre,8.9,119,30.3,241,1,0,-0.001,241,119,-2.27,36,0,0.41,-0.66,0.06,-0.001,-0.351,-2.27,-1.15,-1.67,-1.75,-1.68,-2.28,788.621,1384.073,1064.527,1025.347,0,0,0,0
2597,63,Mujer,7,137,45.6,126,0,1,0.305,171,130,-0.76,36,0,0.37,0.84,1.32,0.655,0.305,-1.88,-0.76,-1.28,-1.36,-0.3,-0.9,318.779,559.474,430.306,414.469,0,0,0,0
2598,76,Mujer,7.8,120,32.3,180,0,1,-0.292,134,117,-2.6,36,0,-0.13,1.64,-1.55,0.058,-0.292,-3.73,-2.6,-3.13,-3.2,-3.04,-3.64,58.152,102.061,78.498,75.608,0,0,0,0
2599,83,Hombre,11.5,143,28.6,4889,1,1,-0.772,2259,135,-3.05,36,0,0.65,-1.66,0.64,-0.422,-0.772,-4.17,-3.05,-3.57,-3.65,-4.21,-4.81,70.672,124.034,95.398,91.887,0,0,0,0
2600,64,Hombre,7.6,133,47.1,9,0,0,0.035,9,131,-0.13,36,0,-0.29,0.31,0.39,0.035,-0.315,-0.13,0.99,0.47,0.39,0.52,-0.08,3467.987,6086.507,4681.293,4508.996,0,0,0,0
2601,75,Hombre,9,107,37.9,465,0,0,0.814,1050,112,-5.23,36,0,-1.65,-1.03,0.02,0.814,0.464,-5.23,-4.1,-4.63,-4.7,-3.41,-4.01,303.927,533.409,410.259,395.159,0,0,0,0
2602,56,Mujer,6.2,136,45.2,194,1,1,-0.147,167,141,-1.77,36,0,0.18,0.42,-1.04,0.203,-0.147,-2.89,-1.77,-2.29,-2.37,-1.99,-2.59,35.582,62.449,48.031,46.263,1,0,0,0
2603,72,Mujer,9.9,141,39.3,224,0,0,0.09,245,152,-4.25,36,0,0.5,0.14,-0.16,0.09,-0.26,-4.25,-3.13,-3.65,-3.73,-3.52,-4.12,147.525,258.914,199.138,191.808,0,0,0,0
2604,68,Hombre,7.6,137,50.1,20,0,0,-0.047,19,135,-1.7,36,0,-0.24,-1.17,0.44,-0.047,-0.397,-1.7,-0.57,-1.1,-1.17,-1.17,-1.77,3088.824,5421.054,4169.476,4016.016,0,0,0,0
2605,57,Mujer,8.9,109,47,64,0,1,0.305,87,100,-0.85,36,0,1.66,-0.27,-1.66,0.655,0.305,-1.98,-0.85,-1.38,-1.45,-0.4,-1,1221.19,2143.254,1648.433,1587.762,0,0,0,0
2606,64,Hombre,7.4,109,58.6,227,0,1,-0.697,113,119,-1.26,36,0,0.74,0.96,0.23,-0.347,-0.697,-2.38,-1.26,-1.78,-1.86,-2.3,-2.9,2240.51,3932.218,3024.372,2913.059,0,0,0,0
2607,67,Mujer,7,144,48.7,82,0,0,0.404,123,136,-4.23,36,0,-1.27,1.61,1.17,0.404,0.054,-4.23,-3.1,-3.63,-3.7,-3.02,-3.62,162.77,285.67,219.716,211.63,0,0,0,0
2608,64,Hombre,8.5,176,47,349,0,1,0.39,515,174,-5.11,11.89,1,0.85,0.99,-0.56,0.74,0.39,-6.24,-5.11,-5.64,-5.71,-4.53,-5.13,6.773,11.886,9.142,8.806,1,1,1,1
2609,59,Hombre,9.8,107,32.4,142,0,0,-0.647,74,105,-2.32,36,0,1.06,-1.14,1.22,-0.647,-0.997,-2.32,-1.19,-1.72,-1.79,-2.69,-3.29,871.354,1529.275,1176.205,1132.914,0,0,0,0
2610,71,Mujer,7.4,112,46.7,80,0,0,0.498,132,106,-4.32,36,0,-1.96,0.53,0.29,0.498,0.148,-4.32,-3.2,-3.72,-3.8,-2.98,-3.58,103.198,181.118,139.303,134.176,0,0,0,0
2611,65,Mujer,7,121,47.5,41,1,0,0.071,44,125,-3.27,36,0,0.56,-0.13,-0.55,0.071,-0.279,-3.27,-2.15,-2.67,-2.75,-2.57,-3.17,1032.721,1812.481,1394.027,1342.719,0,0,0,0
2612,47,Mujer,8.5,137,49.7,414,0,1,-1.072,142,140,2.9,36,0,-1.19,-2.23,0.19,-0.722,-1.072,1.78,2.9,2.38,2.3,1.3,0.7,1918.039,3366.263,2589.082,2493.789,0,0,0,0
2613,63,Hombre,8,115,41.7,79,0,0,0.076,85,114,-2.26,36,0,0.71,0.23,0.45,0.076,-0.274,-2.26,-1.13,-1.66,-1.73,-1.54,-2.14,371.687,652.331,501.725,483.259,0,0,0,0
2614,68,Hombre,8,154,42.9,88,0,0,-0.228,70,158,-2.24,36,0,0.69,-1.59,-1.03,-0.228,-0.578,-2.24,-1.12,-1.64,-1.72,-1.98,-2.58,1635.544,2870.469,2207.753,2126.496,0,0,0,0
2615,51,Hombre,8.1,119,69.5,122,0,1,-1.588,25,103,3.16,36,0,-1.11,-1.44,1.1,-1.238,-1.588,2.04,3.16,2.64,2.56,0.78,0.18,10558.045,18529.947,14251.87,13727.322,0,0,0,0
2616,54,Hombre,7.4,115,51.1,39,0,1,0.681,77,113,-2.44,36,0,0.42,1.08,0.13,1.031,0.681,-3.57,-2.44,-2.97,-3.04,-1.42,-2.02,769.896,1351.209,1039.25,1001,0,0,0,0
2617,59,Mujer,8.1,112,33,293,1,1,-0.846,126,92,-1.32,36,0,0.11,-0.93,0.63,-0.496,-0.846,-2.44,-1.32,-1.84,-1.92,-2.58,-3.18,1653.393,2901.795,2231.847,2149.702,0,0,0,0
2618,73,Mujer,6.4,119,49.1,22,1,0,0.707,45,127,-2.99,36,0,0.38,0.8,-1.17,0.707,0.357,-2.99,-1.86,-2.39,-2.46,-1.33,-1.93,81.167,142.453,109.564,105.532,0,0,0,0
2619,65,Hombre,5.9,125,36.5,103,0,0,-0.171,87,127,0.55,36,0,0.52,0.93,-0.33,-0.171,-0.521,0.55,1.67,1.15,1.07,0.89,0.29,238.883,419.252,322.458,310.59,0,0,0,0
2620,71,Hombre,6.9,143,43,16,0,1,-0.119,14,146,-0.98,36,0,-0.45,0.4,0.95,0.231,-0.119,-2.11,-0.98,-1.51,-1.58,-1.16,-1.76,511.218,897.215,690.072,664.673,0,0,0,0
2621,71,Hombre,7.9,150,55.2,204,0,1,-0.356,143,147,-3.41,36,0,0.69,0.91,1.24,-0.006,-0.356,-4.54,-3.41,-3.94,-4.01,-3.95,-4.55,936.882,1644.279,1264.659,1218.112,0,0,0,0
2622,45,Mujer,8.6,146,46.1,972,1,1,0.215,1205,141,-2.65,29.77,1,0.5,-0.25,1.02,0.565,0.215,-3.78,-2.65,-3.18,-3.25,-2.33,-2.93,16.962,29.77,22.897,22.054,1,1,1,1
2623,63,Hombre,6.5,116,43.9,99,0,0,-0.092,90,121,-1.12,36,0,-0.25,0.47,0.48,-0.092,-0.442,-1.12,0,-0.52,-0.6,-0.66,-1.26,1282.922,2251.597,1731.763,1668.024,0,0,0,0
2624,71,Mujer,8.5,137,36.3,328,0,0,0.179,392,128,-5.16,30.23,1,1.19,0.97,2.87,0.179,-0.171,-5.16,-4.03,-4.56,-4.63,-4.29,-4.89,30.235,53.064,40.813,39.311,1,0,0,0
2625,71,Hombre,6.7,139,43.5,12,1,0,0.875,29,145,-2.57,36,0,1.94,0.98,-1.91,0.875,0.525,-2.57,-1.44,-1.97,-2.04,-0.65,-1.25,217.655,381.996,293.803,282.99,0,0,0,0
2626,54,Hombre,5.8,148,36.6,12,0,0,0.807,27,151,-1.64,36,0,-0.43,0.37,-0.19,0.807,0.457,-1.64,-0.52,-1.04,-1.12,0.17,-0.43,985.76,1730.063,1330.637,1281.662,0,0,0,0
2627,61,Mujer,7.6,164,33.7,42,0,1,0.263,55,161,-3.67,36,0,0.77,2.09,1.24,0.613,0.263,-4.79,-3.67,-4.19,-4.27,-3.27,-3.87,41.735,73.248,56.337,54.263,0,0,0,0
2628,60,Mujer,7.1,120,54.9,81,1,1,-0.952,31,110,0.79,36,0,-0.47,-0.28,-0.52,-0.602,-0.952,-0.33,0.79,0.27,0.19,-0.64,-1.24,2372.517,4163.897,3202.563,3084.691,0,0,0,0
2629,71,Hombre,8,121,35,1201,1,1,-0.331,863,105,-4.15,36,0,0.18,0.43,0.72,0.019,-0.331,-5.28,-4.15,-4.68,-4.75,-4.65,-5.25,192.806,338.384,260.26,250.681,0,0,0,0
2630,58,Mujer,7.2,145,46.2,43,0,0,0.977,114,164,-4.86,36,0,0.21,0.72,0.41,0.977,0.627,-4.86,-3.73,-4.26,-4.33,-2.79,-3.39,99.254,174.196,133.979,129.048,0,0,0,0
2631,40,Mujer,7.5,155,62.3,133,0,1,-0.125,117,150,-0.6,36,0,-1.61,-0.12,0.32,0.225,-0.125,-1.72,-0.6,-1.12,-1.2,-0.78,-1.38,4761.037,8355.881,6426.728,6190.189,0,0,0,0
2632,73,Hombre,7.3,120,57,24,0,0,-1.048,8,110,0.37,36,0,1.14,0,-0.22,-1.048,-1.398,0.37,1.5,0.97,0.9,-0.6,-1.2,849.478,1490.88,1146.675,1104.471,0,0,0,0
2633,70,Hombre,8.2,114,41.2,175,1,1,-0.075,162,107,-3.52,36,0,0.22,1.37,-0.94,0.275,-0.075,-4.65,-3.52,-4.05,-4.12,-3.64,-4.24,90.711,159.203,122.447,117.94,0,0,0,0
2634,78,Mujer,7.9,143,52.7,30,0,0,-0.144,26,148,-2.07,36,0,0.95,1.63,0.75,-0.144,-0.494,-2.07,-0.95,-1.47,-1.55,-1.69,-2.29,146.613,257.314,197.907,190.623,0,0,0,0
2635,70,Mujer,7.3,118,34.1,103,0,1,-0.938,40,112,0.48,36,0,-1.13,1.15,0.04,-0.588,-0.938,-0.65,0.48,-0.05,-0.12,-0.93,-1.53,585.807,1028.124,790.757,761.653,0,0,0,0
2636,69,Hombre,9.5,126,37.3,78,0,1,0.028,80,121,-0.59,36,0,0.41,-0.01,0.72,0.378,0.028,-1.72,-0.59,-1.12,-1.19,-0.55,-1.15,95.68,167.924,129.154,124.401,0,0,0,0
2637,58,Hombre,8.7,167,57,476,0,1,0.23,599,159,-4.73,36,0,-0.79,1.64,0.54,0.58,0.23,-5.85,-4.73,-5.25,-5.33,-4.38,-4.98,441.178,774.292,595.528,573.61,0,0,0,0
2638,58,Mujer,6.3,124,47.4,176,1,1,-0.111,157,126,-0.35,36,0,1.56,-0.85,-0.27,0.239,-0.111,-1.47,-0.35,-0.87,-0.95,-0.51,-1.11,503.628,883.895,679.827,654.805,0,0,0,0
2639,46,Hombre,9.2,121,55.1,70,1,1,0.045,73,103,-3.83,36,0,-1.37,0.32,0.71,0.395,0.045,-4.96,-3.83,-4.36,-4.43,-3.76,-4.36,827.84,1452.904,1117.466,1076.337,0,0,0,0
2640,70,Mujer,5.8,145,33.4,84,0,0,0.773,182,135,-3.27,36,0,-0.9,-0.4,-0.3,0.773,0.423,-3.27,-2.15,-2.67,-2.75,-1.51,-2.11,451.529,792.458,609.5,587.067,0,0,0,0
2641,51,Hombre,9.6,174,45.2,36,1,1,0.183,43,182,-2.79,36,0,-1.09,-0.57,-2.44,0.533,0.183,-3.92,-2.79,-3.32,-3.39,-2.52,-3.12,342.802,601.637,462.735,445.704,0,0,0,0
2642,44,Hombre,6.7,120,42.5,125,0,1,0.164,147,117,-0.61,36,0,1.88,0.99,0.02,0.514,0.164,-1.74,-0.61,-1.14,-1.21,-0.37,-0.97,533.682,936.642,720.396,693.881,0,0,0,0
2643,69,Hombre,10.3,131,47.4,867,1,1,-0.885,358,117,-1.65,36,0,0.57,-0.37,-0.27,-0.535,-0.885,-2.78,-1.65,-2.18,-2.25,-2.98,-3.58,164.613,288.905,222.204,214.026,0,0,0,0
2644,63,Hombre,5.6,158,54,35,0,0,0.201,43,154,-0.62,36,0,0.71,-0.04,-0.31,0.201,-0.149,-0.62,0.51,-0.02,-0.09,0.29,-0.31,1279.281,2245.208,1726.848,1663.291,0,0,0,0
2645,79,Hombre,8,135,41.4,48,0,1,-0.899,20,151,-1.35,36,0,1.47,-2.42,2.08,-0.549,-0.899,-2.47,-1.35,-1.87,-1.95,-2.7,-3.3,2663.801,4675.116,3595.755,3463.411,0,0,0,0
2646,84,Hombre,7,149,27.3,745,1,1,0.183,895,149,-5.02,17.67,1,0.12,0.38,0.04,0.533,0.183,-6.15,-5.02,-5.55,-5.62,-4.75,-5.35,10.066,17.666,13.587,13.087,1,1,1,1
2647,60,Mujer,5.5,136,51.2,24,1,1,0.348,34,128,-0.55,36,0,-0.56,0.28,1.47,0.698,0.348,-1.67,-0.55,-1.07,-1.15,-0.03,-0.63,725.956,1274.092,979.938,943.871,0,0,0,0
2648,55,Mujer,7.8,133,39.2,114,1,0,-0.576,64,131,-3.02,36,0,0.4,0.73,-0.5,-0.576,-0.926,-3.02,-1.89,-2.42,-2.49,-3.28,-3.88,348.231,611.165,470.063,452.762,0,0,0,0
2649,67,Mujer,9.9,136,47.3,60,1,1,-1.047,21,136,0.02,36,0,-0.78,-1.65,0.2,-0.697,-1.047,-1.1,0.02,-0.5,-0.58,-1.55,-2.15,1419.102,2490.602,1915.588,1845.083,0,0,0,0
2650,44,Hombre,8,139,51.5,17,0,1,-0.417,11,132,-1.54,36,0,-1.42,0.21,-0.04,-0.067,-0.417,-2.67,-1.54,-2.07,-2.14,-2.17,-2.77,4207.333,7384.099,5679.305,5470.275,0,0,0,0
2651,66,Hombre,7.2,138,29.2,29,0,0,0.037,30,126,-0.5,36,0,2.09,-0.51,0.11,0.037,-0.313,-0.5,0.62,0.1,0.02,0.15,-0.45,1785.919,3134.386,2410.739,2322.01,0,0,0,0
2652,66,Hombre,10,128,46.9,889,0,0,-0.652,463,128,-0.22,36,0,0.84,-1.81,-2.24,-0.652,-1.002,-0.22,0.91,0.38,0.31,-0.59,-1.19,863.882,1516.159,1166.118,1123.199,0,0,0,0
2653,55,Hombre,9.5,132,52.5,259,0,1,-0.935,102,128,0.59,36,0,-0.44,-0.55,0.15,-0.585,-0.935,-0.53,0.59,0.07,-0.01,-0.81,-1.41,559.877,982.616,755.756,727.94,0,0,0,0
2654,48,Hombre,7.3,95,69.8,16,0,0,-0.174,13,96,0.04,36,0,-0.96,1.21,-0.09,-0.174,-0.524,0.04,1.16,0.64,0.56,0.38,-0.22,1415.544,2484.356,1910.784,1840.456,0,0,0,0
2655,69,Hombre,7.5,156,37.5,96,0,1,-0.319,70,143,-1.85,36,0,0.51,-1.37,-0.11,0.031,-0.319,-2.97,-1.85,-2.37,-2.45,-2.33,-2.93,47.897,84.061,64.654,62.274,0,0,0,0
2656,62,Mujer,8.3,119,53.3,33,1,1,-0.504,20,126,-0.26,36,0,2.12,0.67,-1.6,-0.154,-0.504,-1.39,-0.26,-0.79,-0.86,-1.02,-1.62,463.274,813.072,625.355,602.338,0,0,0,0
2657,70,Hombre,8,142,52.4,40,0,0,0.188,48,137,-1.34,36,0,2.2,-0.15,-0.06,0.188,-0.162,-1.34,-0.21,-0.74,-0.81,-0.46,-1.06,163.832,287.534,221.15,213.01,0,0,0,0
2658,57,Hombre,8.7,146,54.6,1056,0,1,0.353,1503,135,-4.32,36,0,-0.5,0.03,1.84,0.703,0.353,-5.45,-4.32,-4.85,-4.92,-3.79,-4.39,207.23,363.7,279.731,269.435,0,0,0,0
2659,49,Hombre,6.1,129,57.5,36,0,0,0.409,54,128,-1.28,36,0,0.95,0.76,1.91,0.409,0.059,-1.28,-0.15,-0.68,-0.75,-0.06,-0.66,176.847,310.376,238.718,229.932,0,0,0,0
2660,69,Mujer,8.9,144,56.8,52,0,1,-1.161,16,136,0.83,36,0,0.77,-0.74,0.83,-0.811,-1.161,-0.29,0.83,0.31,0.23,-0.91,-1.51,1510.985,2651.862,2039.617,1964.547,0,0,0,0
2661,62,Mujer,8.3,123,68,173,0,0,0.483,280,131,-1.45,36,0,-0.58,1.25,1.37,0.483,0.133,-1.45,-0.33,-0.85,-0.93,-0.13,-0.73,361.291,634.086,487.692,469.742,0,0,0,0
2662,68,Mujer,5.8,137,41.9,11,0,0,0.244,14,128,-1.09,36,0,1.01,1.04,0.73,0.244,-0.106,-1.09,0.03,-0.49,-0.57,-0.13,-0.73,2715.213,4765.347,3665.154,3530.256,0,0,0,0
2663,58,Hombre,6.9,163,57.1,185,0,0,0.565,326,167,-3.13,36,0,-0.16,0.26,1.56,0.565,0.215,-3.13,-2.01,-2.53,-2.61,-1.68,-2.28,731.555,1283.918,987.495,951.15,0,0,0,0
2664,63,Hombre,9.7,107,42.4,129,1,0,0.192,156,112,-2.65,36,0,0.59,-0.56,1.4,0.192,-0.158,-2.65,-1.52,-2.05,-2.12,-1.76,-2.36,140.743,247.011,189.983,182.99,0,0,0,0
2665,62,Mujer,8.2,134,43,105,1,0,-0.115,94,120,-0.65,36,0,0.27,-1.11,1.42,-0.115,-0.465,-0.65,0.47,-0.05,-0.13,-0.23,-0.83,418.633,734.725,565.096,544.297,0,0,0,0
2666,74,Hombre,8.1,116,36.1,70,1,1,0.193,85,99,-2.3,36,0,-0.77,0.87,-0.83,0.543,0.193,-3.42,-2.3,-2.82,-2.9,-2.01,-2.61,105.457,185.083,142.353,137.113,0,0,0,0
2667,63,Mujer,7.2,135,52,50,0,0,-0.149,43,117,-3.9,36,0,0.77,1.11,0.17,-0.149,-0.499,-3.9,-2.78,-3.3,-3.38,-3.53,-4.13,113.185,198.646,152.784,147.16,0,0,0,0
2668,69,Mujer,6.7,122,32.2,349,0,0,1.495,1556,135,-6.44,24.44,1,0.29,0.86,-1.83,1.495,1.145,-6.44,-5.32,-5.84,-5.92,-3.6,-4.2,24.439,42.893,32.99,31.776,1,0,1,1
2669,67,Hombre,6.7,145,37.4,243,0,1,-0.685,123,136,-1.52,36,0,0.89,0.96,-1.1,-0.335,-0.685,-2.65,-1.52,-2.05,-2.12,-2.55,-3.15,40.531,71.134,54.711,52.698,0,0,0,0
2670,55,Hombre,5.5,140,58.3,22,1,0,0.256,28,150,-1.29,36,0,-1.84,0.57,1.5,0.256,-0.094,-1.29,-0.16,-0.69,-0.76,-0.31,-0.91,287.533,504.637,388.129,373.844,0,0,0,0
2671,60,Hombre,6.5,143,47.3,126,1,1,-0.009,125,131,-2.71,36,0,-0.86,1.15,-0.3,0.341,-0.009,-3.83,-2.71,-3.23,-3.31,-2.72,-3.32,233.091,409.087,314.639,303.059,0,0,0,0
2672,70,Hombre,10.6,133,45.9,1171,0,1,-0.872,490,130,-2.57,18.94,1,0.14,-0.42,-0.39,-0.522,-0.872,-3.69,-2.57,-3.09,-3.17,-3.88,-4.48,10.79,18.937,14.565,14.029,1,1,1,1
2673,46,Mujer,7.8,150,68.6,49,0,1,0.263,64,132,-0.66,36,0,0.62,0.39,-0.94,0.613,0.263,-1.78,-0.66,-1.18,-1.26,-0.26,-0.86,494.508,867.888,667.515,642.947,0,0,0,0
2674,57,Mujer,8.1,126,47,25,0,0,0.217,31,127,-0.46,36,0,-1.58,0.33,-0.72,0.217,-0.133,-0.46,0.66,0.14,0.06,0.46,-0.14,1205.989,2116.577,1627.915,1567.999,0,0,0,0
2675,54,Mujer,7,141,63.8,44,0,1,0.606,81,126,-2.96,36,0,-1.61,1.54,1.03,0.956,0.606,-4.09,-2.96,-3.49,-3.56,-2.05,-2.65,38.036,66.755,51.343,49.453,0,0,0,0
2676,65,Hombre,10.7,134,40.2,87,0,0,-0.228,69,136,-0.44,36,0,-0.22,-0.76,-1.52,-0.228,-0.578,-0.44,0.69,0.16,0.09,-0.18,-0.78,87.377,153.351,117.947,113.606,0,0,0,0
2677,44,Mujer,7.3,128,42.6,915,0,0,-0.635,485,121,-1.1,36,0,-1.37,-1.56,1.12,-0.635,-0.985,-1.1,0.03,-0.5,-0.57,-1.45,-2.05,1328.271,2331.188,1792.978,1726.987,0,0,0,0
2678,49,Mujer,7.7,154,52.3,612,0,1,-0.202,500,152,-1.89,36,0,-0.52,-0.42,1.23,0.148,-0.202,-3.01,-1.89,-2.41,-2.49,-2.19,-2.79,20.995,36.847,28.34,27.297,1,0,1,1
2679,63,Mujer,8.7,152,29.7,247,0,0,-0.339,176,135,-0.4,36,0,-1.23,-0.96,-0.7,-0.339,-0.689,-0.4,0.73,0.2,0.13,-0.3,-0.9,307.365,539.443,414.9,399.629,0,0,0,0
2680,62,Mujer,7.5,129,50,201,0,1,-0.895,82,117,-1.11,36,0,-0.19,2.07,-0.91,-0.545,-0.895,-2.23,-1.11,-1.63,-1.71,-2.45,-3.05,1431.265,2511.948,1932.005,1860.897,0,0,0,0
2681,63,Hombre,8.3,129,38.4,21,0,0,-0.091,19,134,-1.41,36,0,-0.45,-1.12,1.61,-0.091,-0.441,-1.41,-0.28,-0.81,-0.88,-0.94,-1.54,2292.333,4023.169,3094.325,2980.437,0,0,0,0
2682,62,Hombre,7.1,119,50.1,221,0,0,0.488,360,121,-1.43,36,0,-0.18,0.68,1.5,0.488,0.138,-1.43,-0.31,-0.83,-0.91,-0.1,-0.7,393.224,690.13,530.797,511.261,0,0,0,0
2683,72,Mujer,6.8,142,37,36,0,1,0.062,38,125,-0.47,36,0,-1.67,-1.08,-1.86,0.412,0.062,-1.59,-0.47,-0.99,-1.07,-0.37,-0.97,993.227,1743.168,1340.717,1291.371,0,0,0,0
2684,70,Mujer,7,143,47.2,323,0,1,-0.643,170,138,-2.35,36,0,0.12,-0.2,0.29,-0.293,-0.643,-3.47,-2.35,-2.87,-2.95,-3.31,-3.91,1325.7,2326.676,1789.508,1723.644,0,0,0,0
2685,84,Mujer,8.1,136,24.6,110,1,1,-0.299,82,124,-5.03,36,0,-1.1,1.77,0.37,0.051,-0.299,-6.16,-5.03,-5.56,-5.63,-5.48,-6.08,79.007,138.662,106.649,102.723,0,0,0,0
2686,61,Mujer,8.3,149,45.6,204,0,0,1.04,577,152,-7.06,36,0,-1.42,2.46,1.52,1.04,0.69,-7.06,-5.93,-6.46,-6.53,-4.9,-5.5,40.213,70.576,54.282,52.284,0,0,0,0
2687,58,Hombre,8,121,39,113,0,1,1.197,374,120,-4.25,36,0,0.09,0.03,-0.28,1.547,1.197,-5.37,-4.25,-4.77,-4.85,-2.45,-3.05,25.274,44.357,34.116,32.861,1,0,1,1
2688,64,Hombre,7.9,171,55.9,287,0,1,-0.708,141,172,-1.87,36,0,0.24,-1.61,1.01,-0.358,-0.708,-3,-1.87,-2.4,-2.47,-2.93,-3.53,624.678,1096.344,843.227,812.192,0,0,0,0
2689,59,Hombre,9.3,139,62.1,1172,0,1,0.152,1365,131,-3.52,36,0,1.94,0.67,1.03,0.502,0.152,-4.65,-3.52,-4.05,-4.12,-3.3,-3.9,1231.499,2161.348,1662.35,1601.166,0,0,0,0
2690,69,Hombre,5.5,113,42.5,255,1,0,-0.978,96,117,-1.79,36,0,-0.71,-0.96,-0.05,-0.978,-1.328,-1.79,-0.67,-1.19,-1.27,-2.66,-3.26,994.114,1744.724,1341.913,1292.523,0,0,0,0
2691,65,Mujer,8.6,123,51.7,83,0,1,-0.237,65,102,-3.74,36,0,0.53,1.84,0.17,0.113,-0.237,-4.86,-3.74,-4.26,-4.34,-4.09,-4.69,297.367,521.894,401.403,386.629,0,0,0,0
2692,66,Mujer,8.3,106,56,85,0,1,-0.554,49,93,1.04,36,0,1.79,-1.46,1.85,-0.204,-0.554,-0.08,1.04,0.52,0.44,0.21,-0.39,7697.895,13510.227,10391.072,10008.622,0,0,0,0
2693,55,Mujer,7,128,42.9,44,0,0,0.315,60,125,-2.66,36,0,1.55,1.54,-0.08,0.315,-0.035,-2.66,-1.54,-2.06,-2.14,-1.59,-2.19,1993.875,3499.359,2691.45,2592.389,0,0,0,0
2694,57,Mujer,7.7,127,54.7,96,1,1,0.708,195,130,-2.57,36,0,-0.9,0.88,0.01,1.058,0.708,-3.7,-2.57,-3.1,-3.17,-1.51,-2.11,273.645,480.262,369.382,355.787,0,0,0,0
2695,66,Hombre,8.1,95,58.3,152,1,0,-0.624,81,82,0.21,36,0,-0.98,-1.81,1.54,-0.624,-0.974,0.21,1.34,0.81,0.74,-0.12,-0.72,1326.071,2327.327,1790.009,1724.126,0,0,0,0
2696,58,Hombre,8.2,135,31.1,176,0,1,-0.033,170,134,-1.55,36,0,-0.87,-0.99,-0.62,0.317,-0.033,-2.67,-1.55,-2.07,-2.15,-1.6,-2.2,297.074,521.382,401.009,386.249,0,0,0,0
2697,65,Hombre,7.4,102,51,572,0,1,-0.355,401,106,-0.02,36,0,-1.97,0.35,0.9,-0.005,-0.355,-1.14,-0.02,-0.54,-0.62,-0.55,-1.15,441.54,774.927,596.017,574.08,0,0,0,0
2698,71,Hombre,6.6,152,41.1,981,0,1,0.074,1056,154,-3.67,36,0,-0.64,-0.01,-1.37,0.424,0.074,-4.79,-3.67,-4.19,-4.27,-3.56,-4.16,85.42,149.917,115.305,111.061,0,0,0,0
2699,60,Hombre,5.5,145,46,166,0,1,-0.394,112,137,-2.04,36,0,0.67,-0.2,-1.52,-0.044,-0.394,-3.17,-2.04,-2.57,-2.64,-2.63,-3.23,863.554,1515.585,1165.676,1122.773,0,0,0,0
2700,73,Hombre,10,111,53.5,114,0,1,-0.937,45,117,-2.16,36,0,2.05,0.15,-0.85,-0.587,-0.937,-3.29,-2.16,-2.69,-2.76,-3.57,-4.17,1904.713,3342.876,2571.094,2476.464,0,0,0,0
2701,62,Mujer,9.9,147,46.6,237,0,0,-0.317,173,139,-1.42,36,0,0.5,0.05,1.11,-0.317,-0.667,-1.42,-0.29,-0.82,-0.89,-1.29,-1.89,380.043,666.996,513.005,494.123,0,0,0,0
2702,77,Mujer,8.4,165,36.4,131,1,0,1.085,388,154,-6.72,15.04,1,3.03,0.11,0.17,1.085,0.735,-6.72,-5.6,-6.12,-6.2,-4.49,-5.09,15.037,26.39,20.297,19.55,1,1,1,1
2703,72,Mujer,10.9,145,36.8,331,0,1,0.649,633,130,-3.68,36,0,-0.93,-0.77,0.15,0.999,0.649,-4.81,-3.68,-4.21,-4.28,-2.71,-3.31,29.322,51.463,39.581,38.124,1,0,0,0
2704,58,Hombre,9.4,143,43.5,289,0,0,1.005,790,150,-4.21,36,0,-0.59,0.55,1.31,1.005,0.655,-4.21,-3.08,-3.61,-3.68,-2.1,-2.7,235.152,412.705,317.422,305.739,0,0,0,0
2705,68,Hombre,7.7,143,22.8,293,1,1,-0.352,206,154,-2.78,36,0,0.56,0.74,-1.19,-0.002,-0.352,-3.91,-2.78,-3.31,-3.38,-3.31,-3.91,372.84,654.355,503.282,484.758,0,0,0,0
2706,66,Hombre,7.7,125,47.3,391,1,1,0.309,533,130,-4.88,36,0,1.79,1.71,0.75,0.659,0.309,-6.01,-4.88,-5.41,-5.48,-4.42,-5.02,39.922,70.065,53.889,51.905,0,0,0,0
2707,77,Mujer,9.8,136,47.8,231,0,1,-0.266,177,135,-1.99,36,0,0.11,0.71,-1.53,0.084,-0.266,-3.11,-1.99,-2.51,-2.59,-2.39,-2.99,118.773,208.453,160.327,154.426,0,0,0,0
2708,79,Mujer,7,133,41.8,259,1,0,0.117,291,122,-5.32,36,0,1.85,1.82,-1.1,0.117,-0.233,-5.32,-4.19,-4.72,-4.79,-4.54,-5.14,546.634,959.372,737.878,710.72,0,0,0,0
2709,56,Hombre,7.6,131,42.7,402,0,1,-1.053,140,118,-1.41,36,0,-0.06,-1.18,-0.37,-0.703,-1.053,-2.54,-1.41,-1.94,-2.01,-2.99,-3.59,2168.808,3806.376,2927.584,2819.833,0,0,0,0
2710,62,Hombre,6.4,100,56.5,50,0,0,-1.707,9,95,2.66,36,0,0.53,-2.29,1.89,-1.707,-2.057,2.66,3.78,3.26,3.18,0.7,0.1,8996.177,15788.783,12143.569,11696.618,0,0,0,0
2711,53,Hombre,8.5,140,54.8,338,0,0,0.899,830,142,-2.64,36,0,-1.13,0.33,0.65,0.899,0.549,-2.64,-1.51,-2.04,-2.11,-0.69,-1.29,201.741,354.066,272.322,262.299,0,0,0,0
2712,72,Mujer,9.2,130,29.1,184,0,0,0.412,278,116,-4.91,27.88,1,1.35,0.26,-1.6,0.412,0.062,-4.91,-3.79,-4.31,-4.39,-3.7,-4.3,27.876,48.923,37.628,36.243,1,0,0,0
2713,66,Mujer,8.6,150,38.6,1581,0,1,-0.864,666,157,-2.39,36,0,1.33,-1.33,0.77,-0.514,-0.864,-3.51,-2.39,-2.91,-2.99,-3.69,-4.29,601.915,1056.394,812.5,782.596,0,0,0,0
2714,59,Mujer,8.4,152,34.9,191,0,1,-0.307,140,160,-1.25,17.4,1,2.4,-0.65,0.4,0.043,-0.307,-2.37,-1.25,-1.77,-1.85,-1.71,-2.31,9.915,17.401,13.383,12.891,1,1,1,1
2715,50,Hombre,9.1,155,53.8,70,0,0,-1.029,25,155,-1.94,36,0,1.05,-0.14,0.13,-1.029,-1.379,-1.94,-0.81,-1.34,-1.41,-2.88,-3.48,585.171,1027.007,789.898,760.826,0,0,0,0
2716,56,Mujer,8.9,134,60.1,50,0,0,-0.279,38,140,0.78,36,0,0.3,-1.87,-0.83,-0.279,-0.629,0.78,1.91,1.38,1.31,0.97,0.37,1615.547,2835.373,2180.76,2100.496,0,0,0,0
2717,72,Mujer,7.8,142,39,31,1,0,-0.282,23,148,-0.04,36,0,0.64,-1.6,1.09,-0.282,-0.632,-0.04,1.08,0.56,0.48,0.13,-0.47,78.135,137.131,105.471,101.589,0,0,0,0
2718,60,Mujer,6.7,139,39,146,0,0,-0.566,83,130,-0.51,36,0,-0.05,-0.59,-0.88,-0.566,-0.916,-0.51,0.61,0.09,0.01,-0.76,-1.36,511.684,898.033,690.701,665.279,0,0,0,0
2719,65,Hombre,6.9,153,54.5,472,0,0,-0.702,234,146,-0.55,36,0,-0.03,-2.25,0.06,-0.702,-1.052,-0.55,0.58,0.05,-0.02,-1,-1.6,346.82,608.688,468.158,450.927,0,0,0,0
2720,63,Hombre,8.1,125,51.7,143,0,1,-0.867,60,109,-0.43,36,0,-0.08,0.33,-0.49,-0.517,-0.867,-1.55,-0.43,-0.95,-1.03,-1.73,-2.33,2125.724,3730.762,2869.427,2763.816,0,0,0,0
2721,64,Hombre,9.2,154,47.5,35,1,0,0.915,87,144,-4.89,36,0,-1.19,1.51,2.74,0.915,0.565,-4.89,-3.77,-4.29,-4.37,-2.92,-3.52,265.884,466.64,358.905,345.696,0,0,0,0
2722,77,Mujer,7.4,140,40.5,222,0,0,-0.31,163,142,-2.25,36,0,0.28,-0.58,-0.43,-0.31,-0.66,-2.25,-1.12,-1.65,-1.72,-2.11,-2.71,930.451,1632.992,1255.977,1209.75,0,0,0,0
2723,57,Hombre,8.8,160,32.9,250,0,1,-0.265,192,167,-2.61,36,0,0.77,-1.01,0.68,0.085,-0.265,-3.74,-2.61,-3.14,-3.21,-3.01,-3.61,534.702,938.432,721.772,695.207,0,0,0,0
2724,64,Hombre,8.6,156,47.5,1086,0,1,0.551,1885,149,-5.68,36,0,-1.13,1.17,0.42,0.901,0.551,-6.8,-5.68,-6.2,-6.28,-4.85,-5.45,65.428,114.83,88.319,85.068,0,0,0,0
2725,54,Mujer,6.2,133,32.4,75,0,0,0.42,114,129,-3.98,36,0,0.22,0.11,1.55,0.42,0.07,-3.98,-2.85,-3.38,-3.45,-2.75,-3.35,167.207,293.458,225.706,217.399,0,0,0,0
2726,86,Mujer,7.1,148,41.7,226,0,0,0.898,555,152,-6.06,15.11,1,1.03,1.18,0.08,0.898,0.548,-6.06,-4.94,-5.46,-5.54,-4.12,-4.72,15.115,26.528,20.403,19.652,1,1,1,1
2727,58,Mujer,8.8,132,53.4,163,0,1,0.579,291,133,-4.66,36,0,-0.15,1.66,-1.07,0.929,0.579,-5.79,-4.66,-5.19,-5.26,-3.79,-4.39,44.747,78.534,60.403,58.18,0,0,0,0
2728,68,Hombre,7.7,135,35.5,280,0,0,-0.257,216,128,-2.27,36,0,0.46,-0.54,0.67,-0.257,-0.607,-2.27,-1.15,-1.67,-1.75,-2.06,-2.66,1090.267,1913.478,1471.706,1417.539,0,0,0,0
2729,55,Hombre,7.5,135,49.3,451,0,1,-0.962,172,132,-1.3,36,0,-0.38,0.24,0.1,-0.612,-0.962,-2.43,-1.3,-1.83,-1.9,-2.74,-3.34,469.891,824.685,634.287,610.942,0,0,0,0
2730,48,Mujer,7.9,137,31.3,109,0,0,0.762,234,128,-3.92,36,0,1.48,-0.29,-0.16,0.762,0.412,-3.92,-2.79,-3.32,-3.39,-2.17,-2.77,1251.872,2197.103,1689.85,1627.654,0,0,0,0
2731,72,Hombre,7,157,47.5,342,0,1,-0.293,255,149,-2.54,36,0,-1.68,1.46,0.37,0.057,-0.293,-3.67,-2.54,-3.07,-3.14,-2.98,-3.58,64.422,113.063,86.96,83.759,0,0,0,0
2732,45,Hombre,9.4,141,49.7,239,0,1,0.297,322,120,-1.97,36,0,-1.96,-0.31,0.49,0.647,0.297,-3.09,-1.97,-2.49,-2.57,-1.52,-2.12,1010.912,1774.207,1364.589,1314.365,0,0,0,0
2733,59,Hombre,7.4,119,37.3,35,0,0,-0.194,29,124,-5.98,36,0,0.15,3.48,-1.42,-0.194,-0.544,-5.98,-4.86,-5.38,-5.46,-5.67,-6.27,178.337,312.991,240.73,231.87,0,0,0,0
2734,42,Hombre,5.5,113,49.4,74,0,1,0.47,118,103,-0.7,32.1,1,-1.27,-0.21,-0.08,0.82,0.47,-1.83,-0.7,-1.23,-1.3,0,-0.6,18.291,32.102,24.69,23.781,1,1,1,1
2735,57,Hombre,7.3,121,33.5,284,0,0,0.118,320,109,-1.64,36,0,-0.5,0.28,-0.66,0.118,-0.232,-1.64,-0.52,-1.04,-1.12,-0.87,-1.47,103.831,182.228,140.157,134.998,0,0,0,0
2736,68,Hombre,8.3,139,47.1,393,1,0,-0.333,282,135,-2.93,36,0,0.16,-0.56,1.44,-0.333,-0.683,-2.93,-1.8,-2.33,-2.4,-2.83,-3.43,109.492,192.164,147.798,142.359,0,0,0,0
2737,58,Mujer,7.3,122,51.4,217,0,1,0.388,320,108,-0.71,36,0,-0.2,0.77,-2.65,0.738,0.388,-1.83,-0.71,-1.23,-1.31,-0.12,-0.72,30.267,53.12,40.856,39.353,1,0,0,0
2738,67,Hombre,8.6,127,39.4,94,0,0,-0.084,86,117,-1.91,36,0,0.45,0.16,-0.81,-0.084,-0.434,-1.91,-0.79,-1.31,-1.39,-1.44,-2.04,1773.797,3113.11,2394.375,2306.249,0,0,0,0
2739,54,Mujer,7.6,151,54.1,259,0,1,0.028,266,152,-4.01,36,0,-0.55,1.06,1.03,0.378,0.028,-5.13,-4.01,-4.53,-4.61,-3.96,-4.56,177.325,311.215,239.364,230.554,0,0,0,0
2740,76,Hombre,7.4,135,35,108,1,1,-0.782,49,128,-2.57,36,0,0.96,0.02,1.45,-0.432,-0.782,-3.7,-2.57,-3.1,-3.17,-3.75,-4.35,251.24,440.941,339.139,326.657,0,0,0,0
2741,66,Mujer,9.3,144,57.7,70,0,0,0.709,142,147,-3.7,36,0,-0.18,-0.64,1.2,0.709,0.359,-3.7,-2.58,-3.1,-3.18,-2.04,-2.64,316.049,554.684,426.622,410.92,0,0,0,0
2742,67,Mujer,7.9,152,46.5,166,1,0,0.6,302,145,-4.02,36,0,-0.05,0.5,-1.33,0.6,0.25,-4.02,-2.89,-3.42,-3.49,-2.52,-3.12,88.912,156.046,120.019,115.602,0,0,0,0
2743,67,Mujer,7.6,129,45.3,228,0,1,-0.927,90,127,-1.62,36,0,-1.85,-0.46,0.19,-0.577,-0.927,-2.74,-1.62,-2.14,-2.22,-3.01,-3.61,614.138,1077.845,828.999,798.488,0,0,0,0
2744,54,Hombre,6.6,112,49.7,281,0,0,-0.318,204,111,-2.78,36,0,0.08,1.13,-0.75,-0.318,-0.668,-2.78,-1.65,-2.18,-2.25,-2.66,-3.26,676.704,1187.653,913.455,879.835,0,0,0,0
2745,76,Hombre,7.8,162,41,252,0,0,0.437,390,155,-5.85,36,0,0.73,1.5,-0.04,0.437,0.087,-5.85,-4.72,-5.25,-5.32,-4.59,-5.19,61.002,107.062,82.344,79.314,0,0,0,0
2746,54,Hombre,7.9,127,54.5,359,0,1,-0.582,201,132,-2.55,36,0,-0.18,2.52,0.59,-0.232,-0.582,-3.67,-2.55,-3.07,-3.15,-3.42,-4.02,28.644,50.272,38.666,37.243,1,0,0,0
2747,65,Hombre,7.4,162,54.3,26,0,0,0.239,33,162,-3.01,36,0,0.12,0.63,0.76,0.239,-0.111,-3.01,-1.89,-2.41,-2.49,-2.05,-2.65,1926.229,3380.637,2600.137,2504.438,0,0,0,0
2748,62,Hombre,7.9,127,47.4,53,0,0,0.72,109,130,-1.89,36,0,-1.35,-0.05,-1.75,0.72,0.37,-1.89,-0.76,-1.29,-1.36,-0.21,-0.81,82.606,144.978,111.507,107.403,0,0,0,0
2749,63,Mujer,8.5,116,30.2,150,1,0,-0.214,121,122,-1.27,36,0,0.37,-1.25,0.41,-0.214,-0.564,-1.27,-0.14,-0.67,-0.74,-0.99,-1.59,187.538,329.139,253.149,243.832,0,0,0,0
2750,65,Hombre,8.2,147,52.2,195,0,0,0.716,399,161,-2.86,36,0,0.39,-0.89,0.26,0.716,0.366,-2.86,-1.73,-2.26,-2.33,-1.18,-1.78,99.365,174.391,134.129,129.192,0,0,0,0
2751,56,Hombre,7.6,153,28.5,547,0,1,-0.153,470,138,-1,36,0,-0.41,-0.71,0.8,0.197,-0.153,-2.13,-1,-1.53,-1.6,-1.23,-1.83,172.531,302.801,232.892,224.32,0,0,0,0
2752,66,Mujer,6.8,118,55.9,59,0,0,-0.242,46,126,0.9,36,0,-2.61,-0.84,1.38,-0.242,-0.592,0.9,2.02,1.5,1.42,1.13,0.53,765.134,1342.852,1032.823,994.809,0,0,0,0
2753,48,Mujer,7.8,128,46.1,159,0,1,0.035,165,120,-0.88,36,0,-2.34,-1.06,2.61,0.385,0.035,-2,-0.88,-1.4,-1.48,-0.82,-1.42,231.274,405.899,312.188,300.697,0,0,0,0
2754,55,Mujer,8.8,118,43.9,260,0,1,-0.718,127,124,-0.22,36,0,-0.57,-0.91,1.21,-0.368,-0.718,-1.35,-0.22,-0.75,-0.82,-1.3,-1.9,23.577,41.379,31.826,30.655,1,0,1,1
2755,78,Mujer,5.6,120,38.5,107,0,1,-0.265,82,125,-0.39,36,0,0.84,0.26,-0.38,0.085,-0.265,-1.52,-0.39,-0.92,-0.99,-0.79,-1.39,126.727,222.413,171.064,164.768,0,0,0,0
2756,65,Hombre,5.5,117,40,56,0,0,-0.939,22,122,1.41,36,0,-0.72,-1.18,0.63,-0.939,-1.289,1.41,2.54,2.01,1.94,0.61,0.01,4603.486,8079.37,6214.057,5985.345,0,0,0,0
2757,67,Mujer,6.6,121,45.4,26,1,1,-0.124,23,112,-0.4,36,0,0.86,-0.71,0.7,0.226,-0.124,-1.52,-0.4,-0.92,-1,-0.58,-1.18,406.293,713.067,548.439,528.253,0,0,0,0
2758,75,Mujer,6.5,146,61.8,26,0,1,-0.157,22,143,-2.36,36,0,-0.86,0.65,-0.64,0.193,-0.157,-3.48,-2.36,-2.88,-2.96,-2.59,-3.19,209.833,368.269,283.245,272.82,0,0,0,0
2759,60,Hombre,8.2,144,48.6,89,1,0,0.126,101,144,0.19,36,0,-0.85,-2.13,-1.55,0.126,-0.224,0.19,1.32,0.79,0.72,0.98,0.38,885.657,1554.377,1195.512,1151.511,0,0,0,0
2760,73,Hombre,7.7,139,47.5,199,0,1,-0.168,168,134,-1.34,36,0,0.83,-1.55,-0.25,0.182,-0.168,-2.47,-1.34,-1.87,-1.94,-1.6,-2.2,268.275,470.838,362.134,348.805,0,0,0,0
2761,77,Mujer,6.9,150,37.9,237,1,0,0.479,383,148,-6.29,36,0,0.81,0.62,1.24,0.479,0.129,-6.29,-5.17,-5.69,-5.77,-4.97,-5.57,373.881,656.182,504.687,486.111,0,0,0,0
2762,74,Hombre,8.7,135,41.5,68,0,0,-0.331,49,119,-3.43,8.57,1,-0.92,-0.05,-1.62,-0.331,-0.681,-3.43,-2.3,-2.83,-2.9,-3.32,-3.92,8.573,15.046,11.572,11.147,1,1,1,1
2763,66,Hombre,8.2,155,46.5,121,0,1,0.282,160,155,-4.9,36,0,-0.71,2.2,-1,0.632,0.282,-6.02,-4.9,-5.42,-5.5,-4.48,-5.08,121.485,213.212,163.987,157.951,0,0,0,0
2764,64,Mujer,7.4,128,48.6,58,0,0,0.42,88,132,-3.29,36,0,-1.51,0.3,-0.05,0.42,0.07,-3.29,-2.16,-2.69,-2.76,-2.06,-2.66,393.283,690.233,530.877,511.337,0,0,0,0
2765,61,Mujer,8,124,50.9,619,0,1,-0.578,347,113,-0.46,36,0,1.07,1.35,0.28,-0.228,-0.578,-1.59,-0.46,-0.99,-1.06,-1.33,-1.93,1001.369,1757.457,1351.707,1301.956,0,0,0,0
2766,55,Hombre,6.5,149,65.6,315,0,1,-0.476,196,145,-1.97,36,0,-0.58,0.89,-0.58,-0.126,-0.476,-3.09,-1.97,-2.49,-2.57,-2.68,-3.28,544.982,956.473,735.649,708.573,0,0,0,0
2767,72,Hombre,6.9,150,43.9,20,0,0,-0.601,11,165,2.88,36,0,2.18,-2.09,-2.4,-0.601,-0.951,2.88,4.01,3.48,3.41,2.58,1.98,989.224,1736.142,1335.313,1286.166,0,0,0,0
2768,52,Hombre,5.5,121,42.4,781,0,0,-0.388,530,129,-0.23,36,0,-0.88,-1.14,-0.12,-0.388,-0.738,-0.23,0.9,0.37,0.3,-0.21,-0.81,3844.167,6746.723,5189.082,4998.095,0,0,0,0
2769,61,Mujer,8.2,126,64.8,22,0,0,0.296,30,133,0.06,36,0,-0.25,-0.9,-0.89,0.296,-0.054,0.06,1.19,0.66,0.59,1.1,0.5,994.226,1744.92,1342.064,1292.669,0,0,0,0
2770,80,Hombre,7.1,161,43.5,144,0,1,0.112,161,147,-3.54,36,0,1.65,1.11,0.02,0.462,0.112,-4.66,-3.54,-4.06,-4.14,-3.37,-3.97,662.583,1162.869,894.394,861.475,0,0,0,0
2771,79,Mujer,6.1,128,35.9,134,0,0,0.009,135,125,-1.68,36,0,-1.83,-0.5,0.83,0.009,-0.341,-1.68,-0.55,-1.08,-1.15,-1.06,-1.66,496.628,871.609,670.378,645.704,0,0,0,0
2772,64,Mujer,8.5,121,57.1,113,1,1,0.355,161,117,-0.02,36,0,-0.87,-0.86,-0.45,0.705,0.355,-1.15,-0.02,-0.55,-0.62,0.51,-0.09,1210.883,2125.167,1634.522,1574.362,0,0,0,0
2773,71,Hombre,8.1,131,39.7,568,0,1,-0.298,422,122,-2.15,36,0,-0.3,0.77,0.84,0.052,-0.298,-3.28,-2.15,-2.68,-2.75,-2.6,-3.2,194.423,341.223,262.443,252.784,0,0,0,0
2774,64,Hombre,6.9,137,43.5,125,0,1,-0.544,73,127,1.78,36,0,-1.22,-1.15,-0.31,-0.194,-0.544,0.65,1.78,1.25,1.18,0.96,0.36,43.138,75.71,58.23,56.087,0,0,0,0
2775,57,Mujer,7.8,143,52.4,127,0,1,-0.205,103,137,-1.64,36,0,-0.14,0.11,0.71,0.145,-0.205,-2.76,-1.64,-2.16,-2.24,-1.95,-2.55,49.739,87.295,67.141,64.67,0,0,0,0
2776,67,Mujer,6.1,162,47.2,226,0,0,-0.679,115,165,-1.78,36,0,-1.25,1.69,-1.86,-0.679,-1.029,-1.78,-0.66,-1.18,-1.26,-2.2,-2.8,157.147,275.801,212.126,204.319,0,0,0,0
2777,66,Mujer,6.3,117,47.1,78,1,1,-0.038,75,101,-3.28,36,0,-0.65,1.16,-1.05,0.312,-0.038,-4.4,-3.28,-3.8,-3.88,-3.34,-3.94,313.605,550.394,423.323,407.742,0,0,0,0
2778,61,Hombre,7.8,121,45.4,20,0,0,0.361,29,105,-3,36,0,0.04,0.43,0.31,0.361,0.011,-3,-1.87,-2.4,-2.47,-1.86,-2.46,316.107,554.785,426.699,410.995,0,0,0,0
2779,60,Mujer,7.1,154,57.1,101,0,1,-0.274,77,163,-1.29,36,0,-0.4,0.68,1.97,0.076,-0.274,-2.42,-1.29,-1.82,-1.89,-1.7,-2.3,1314.688,2307.349,1774.643,1709.326,0,0,0,0
2780,77,Mujer,7.6,135,41.1,440,1,1,0.617,815,128,-4.72,36,0,0.7,1.08,2.77,0.967,0.617,-5.85,-4.72,-5.25,-5.32,-3.8,-4.4,366.955,644.026,495.337,477.106,0,0,0,0
2781,70,Hombre,5.7,135,40.4,22,0,1,-0.174,18,125,-0.58,36,0,-0.79,-0.54,1.05,0.176,-0.174,-1.71,-0.58,-1.11,-1.18,-0.85,-1.45,910.337,1597.691,1228.826,1183.598,0,0,0,0
2782,60,Mujer,9,95,54.3,405,0,0,0.223,506,106,-2.58,36,0,1.36,0.02,0.88,0.223,-0.127,-2.58,-1.46,-1.98,-2.06,-1.65,-2.25,1039.743,1824.806,1403.506,1351.849,0,0,0,0
2783,67,Hombre,8.5,129,64.9,452,0,1,-0.179,378,116,-1.97,36,0,-0.96,0.7,-2.68,0.171,-0.179,-3.09,-1.97,-2.49,-2.57,-2.24,-2.84,21.757,38.184,29.368,28.288,1,0,1,1
2784,88,Mujer,9.5,142,43.4,69,0,0,-0.052,65,137,-1.54,36,0,1.71,-2.17,-0.15,-0.052,-0.402,-1.54,-0.41,-0.94,-1.01,-1.01,-1.61,405.438,711.566,547.284,527.141,0,0,0,0
2785,73,Hombre,7.7,147,49.9,150,1,1,0.236,190,137,-3.97,36,0,-1.21,0.27,-0.12,0.586,0.236,-5.1,-3.97,-4.5,-4.57,-3.62,-4.22,352.659,618.936,476.04,458.519,0,0,0,0
2786,64,Hombre,8.3,140,54.2,45,0,0,0.196,55,141,-2.45,36,0,-0.83,0.24,-0.33,0.196,-0.154,-2.45,-1.33,-1.85,-1.93,-1.56,-2.16,1737.848,3050.017,2345.849,2259.509,0,0,0,0
2787,71,Mujer,9,129,50.4,54,1,1,0.009,55,126,-0.68,36,0,1.33,-1.85,2.05,0.359,0.009,-1.81,-0.68,-1.21,-1.28,-0.67,-1.27,811.755,1424.674,1095.755,1055.425,0,0,0,0
2788,61,Hombre,7.8,120,48.7,165,0,0,0.248,211,130,-2.99,36,0,-0.83,0.32,-0.81,0.248,-0.102,-2.99,-1.87,-2.39,-2.47,-2.02,-2.62,1244.075,2183.42,1679.326,1617.518,0,0,0,0
2789,53,Mujer,7.4,141,43.6,49,0,1,-0.702,24,143,-1.74,36,0,1.06,1.53,0.57,-0.352,-0.702,-2.87,-1.74,-2.27,-2.34,-2.79,-3.39,1405.487,2466.706,1897.209,1827.381,0,0,0,0
2790,60,Hombre,7.3,123,56.6,145,0,0,-1.011,53,129,0.79,36,0,-1.22,-1.06,-0.81,-1.011,-1.361,0.79,1.92,1.39,1.32,-0.12,-0.72,9854.515,17295.212,13302.203,12812.608,0,0,0,0
2791,70,Mujer,9,114,34.4,248,1,0,-0.233,196,107,-2.42,36,0,1.23,-1.2,0.02,-0.233,-0.583,-2.42,-1.3,-1.82,-1.9,-2.17,-2.77,3038.508,5332.747,4101.557,3950.596,0,0,0,0
2792,53,Hombre,9.4,149,46.6,279,0,0,-0.644,147,137,-0.4,36,0,-1.56,-1.66,0.65,-0.644,-0.994,-0.4,0.72,0.2,0.12,-0.77,-1.37,1906.422,3345.875,2573.4,2478.685,0,0,0,0
2793,62,Mujer,8.2,129,30.3,388,0,0,-1.671,73,134,-0.04,36,0,0.05,-1.33,-0.13,-1.671,-2.021,-0.04,1.08,0.56,0.48,-1.95,-2.55,5735.781,10066.609,7742.494,7457.527,0,0,0,0
2794,59,Mujer,8.4,120,50.9,106,0,1,-0.531,62,107,-0.09,36,0,-1.57,-0.75,0.21,-0.181,-0.531,-1.22,-0.09,-0.62,-0.69,-0.89,-1.49,3694.363,6483.809,4986.868,4803.324,0,0,0,0
2795,69,Hombre,6.3,127,50.5,127,0,1,-0.471,79,106,0.53,36,0,0.56,-1.06,1.41,-0.121,-0.471,-0.59,0.53,0.01,-0.07,-0.17,-0.77,3176.994,5575.798,4288.493,4130.653,0,0,0,0
2796,50,Hombre,6.1,146,53,115,0,1,-0.158,98,145,-1.14,36,0,0.17,-0.43,0.01,0.192,-0.158,-2.26,-1.14,-1.66,-1.74,-1.38,-1.98,2155.734,3783.43,2909.936,2802.834,0,0,0,0
2797,76,Hombre,6.6,171,48.4,210,1,0,-0.311,154,180,-1.34,36,0,0.66,-1.53,1.22,-0.311,-0.661,-1.34,-0.21,-0.74,-0.81,-1.2,-1.8,1856.229,3257.783,2505.647,2413.425,0,0,0,0
2798,69,Mujer,7.2,103,38.6,256,0,1,-0.37,177,110,-2.41,36,0,-0.44,0.27,-0.54,-0.02,-0.37,-3.53,-2.41,-2.93,-3.01,-2.96,-3.56,502.917,882.647,678.867,653.881,0,0,0,0
2799,70,Mujer,9.2,110,49.6,476,1,1,-1.199,143,101,-1.96,36,0,-0.39,0.53,1.12,-0.849,-1.199,-3.09,-1.96,-2.49,-2.56,-3.76,-4.36,619.414,1087.106,836.122,805.348,0,0,0,0
2800,78,Mujer,10.3,178,33.5,192,0,1,-0.051,182,191,-4.64,26.58,1,0.45,0.04,0.44,0.299,-0.051,-5.76,-4.64,-5.16,-5.24,-4.71,-5.31,15.145,26.581,20.444,19.692,1,1,1,1
2801,55,Hombre,9,126,36.1,78,0,0,0.327,108,110,-4.53,36,0,-0.57,0.04,2.91,0.327,-0.023,-4.53,-3.4,-3.93,-4,-3.44,-4.04,723.326,1269.476,976.387,940.451,0,0,0,0
2802,74,Mujer,7.7,137,43.5,758,0,0,-0.784,346,132,-0.88,36,0,1.32,-1.27,0.96,-0.784,-1.134,-0.88,0.25,-0.28,-0.35,-1.45,-2.05,3095.274,5432.375,4178.182,4024.402,0,0,0,0
2803,61,Mujer,7.6,131,53.8,10,0,0,-0.254,8,126,1.23,36,0,1.52,-1.64,0.65,-0.254,-0.604,1.23,2.35,1.83,1.75,1.45,0.85,4799.699,8423.734,6478.916,6240.456,0,0,0,0
2804,55,Mujer,8.5,131,47.5,95,0,1,-0.753,45,120,-2.72,36,0,-0.62,0.61,0.79,-0.403,-0.753,-3.84,-2.72,-3.24,-3.32,-3.85,-4.45,38.04,66.762,51.349,49.459,0,0,0,0
2805,65,Hombre,6.6,145,54.5,93,0,1,0.009,94,135,-2.54,36,0,-0.87,1.09,2.37,0.359,0.009,-3.66,-2.54,-3.06,-3.14,-2.52,-3.12,280.815,492.846,379.061,365.11,0,0,0,0
2806,55,Hombre,7.4,128,41.6,254,1,1,-0.452,162,119,0.82,36,0,-0.63,-1.47,-0.12,-0.102,-0.452,-0.3,0.82,0.3,0.22,0.15,-0.45,1111.649,1951.004,1500.569,1445.34,0,0,0,0
2807,78,Mujer,9.4,127,47.9,49,0,0,-0.593,27,127,-0.74,36,0,0.5,-0.39,0.22,-0.593,-0.943,-0.74,0.38,-0.14,-0.22,-1.03,-1.63,1666.972,2925.627,2250.176,2167.357,0,0,0,0
2808,64,Mujer,7.8,151,37.9,23,0,0,0.66,45,151,-4.22,36,0,0.23,1.1,0.91,0.66,0.31,-4.22,-3.1,-3.62,-3.7,-2.63,-3.23,119.155,209.124,160.843,154.923,0,0,0,0
2809,65,Hombre,7.5,103,38.3,34,0,0,0.073,37,89,1.58,36,0,-0.08,0.19,0.32,0.073,-0.277,1.58,2.71,2.18,2.11,2.29,1.69,1643.101,2883.732,2217.955,2136.321,0,0,0,0
2810,61,Hombre,8.1,121,40.3,73,0,0,0.141,84,118,0.73,36,0,-1.71,0.04,0.56,0.141,-0.209,0.73,1.86,1.33,1.26,1.55,0.95,192.638,338.089,260.034,250.463,0,0,0,0
2811,59,Mujer,9.1,121,66.8,197,0,1,0.231,248,113,-1.87,36,0,0.6,1.2,-0.86,0.581,0.231,-3,-1.87,-2.4,-2.47,-1.52,-2.12,881.732,1547.487,1190.213,1146.407,0,0,0,0
2812,59,Hombre,7.7,144,41.7,93,0,0,0.398,139,138,-1.46,28,1,-0.9,0.88,-1.52,0.398,0.048,-1.46,-0.34,-0.86,-0.94,-0.27,-0.87,27.998,49.138,37.794,36.403,1,0,0,0
2813,65,Mujer,7.8,157,45.2,482,0,1,-0.176,404,154,-1.22,36,0,0.41,-1.02,-1.99,0.174,-0.176,-2.34,-1.22,-1.74,-1.82,-1.48,-2.08,26.196,45.975,35.36,34.059,1,0,1,1
2814,60,Hombre,7.7,124,54.2,37,0,1,1.04,105,126,-2.78,36,0,-0.24,1.03,1.79,1.39,1.04,-3.91,-2.78,-3.31,-3.38,-1.22,-1.82,775.361,1360.801,1046.628,1008.106,0,0,0,0
2815,57,Hombre,6.5,143,56,45,1,0,0.623,84,142,-3.5,36,0,-0.35,0.45,-1.16,0.623,0.273,-3.5,-2.37,-2.9,-2.97,-1.96,-2.56,1713.535,3007.348,2313.031,2227.898,0,0,0,0
2816,59,Hombre,7.5,117,61.2,89,0,1,0.331,124,124,-1.66,36,0,0.21,0.72,-1.21,0.681,0.331,-2.78,-1.66,-2.18,-2.26,-1.16,-1.76,1188.45,2085.795,1604.24,1545.195,0,0,0,0
2817,59,Hombre,7.8,111,41.5,100,0,1,-0.35,70,116,-0.68,36,0,-2.23,0.69,0.12,-0,-0.35,-1.81,-0.68,-1.21,-1.28,-1.21,-1.81,212.514,372.973,286.864,276.305,0,0,0,0
2818,63,Mujer,6.7,138,34.3,43,0,0,0.672,84,129,-3.49,36,0,1.35,0.12,-0.18,0.672,0.322,-3.49,-2.37,-2.89,-2.97,-1.89,-2.49,503.984,884.519,680.307,655.267,0,0,0,0
2819,71,Mujer,5.9,150,40.2,46,0,0,-0.475,29,149,-1.56,36,0,-0.58,-0.65,0.4,-0.475,-0.825,-1.56,-0.44,-0.96,-1.04,-1.68,-2.28,1841.79,3232.442,2486.156,2394.652,0,0,0,0
2820,72,Hombre,7.8,149,39.3,38,1,1,-0.137,33,132,-1.89,36,0,-0.36,0.29,0.35,0.213,-0.137,-3.02,-1.89,-2.42,-2.49,-2.1,-2.7,120.876,212.145,163.166,157.161,0,0,0,0
2821,66,Mujer,8.1,138,43.5,97,0,0,0.647,185,132,-6.15,36,0,0.24,1.44,-1.3,0.647,0.297,-6.15,-5.02,-5.55,-5.62,-4.58,-5.18,100.306,176.042,135.399,130.415,0,0,0,0
2822,74,Hombre,7,141,37.5,42,1,0,0.441,65,149,-6.42,36,0,0.83,0.7,-0.73,0.441,0.091,-6.42,-5.3,-5.82,-5.9,-5.16,-5.76,303.96,533.466,410.303,395.202,0,0,0,0
2823,62,Mujer,9.1,137,67.2,62,0,1,-0.174,52,132,-0.85,36,0,-0.47,-0.21,-0.34,0.176,-0.174,-1.97,-0.85,-1.37,-1.45,-1.11,-1.71,1256.479,2205.189,1696.069,1633.644,0,0,0,0
2824,57,Mujer,7.7,141,52.5,174,0,0,0.497,286,141,-1.8,36,0,-1.19,-0.04,-1.42,0.497,0.147,-1.8,-0.67,-1.2,-1.27,-0.45,-1.05,803.081,1409.451,1084.046,1044.147,0,0,0,0
2825,62,Mujer,7.1,142,45.6,52,0,0,-0.164,44,142,0.85,36,0,0.44,-0.66,2.15,-0.164,-0.514,0.85,1.97,1.45,1.37,1.2,0.6,532.123,933.904,718.29,691.853,0,0,0,0
2826,70,Hombre,8.3,128,39.8,35,0,0,0.088,38,123,-3.69,36,0,-0.19,0.3,-0.82,0.088,-0.262,-3.69,-2.57,-3.09,-3.17,-2.96,-3.56,1014.632,1780.734,1369.61,1319.2,0,0,0,0
2827,84,Hombre,7.3,130,41.8,297,0,0,0.397,442,129,-5.04,36,0,1.79,0.9,0.69,0.397,0.047,-5.04,-3.92,-4.44,-4.52,-3.85,-4.45,41.65,73.099,56.222,54.153,0,0,0,0
2828,56,Mujer,8.3,168,49.8,191,0,0,-0.041,183,171,-2.58,36,0,1.67,-1.19,0.09,-0.041,-0.391,-2.58,-1.46,-1.98,-2.06,-2.04,-2.64,93.538,164.165,126.264,121.616,0,0,0,0
2829,51,Mujer,8.9,114,60.7,268,0,1,0.043,280,119,0.12,36,0,-0.88,-0.86,-0.12,0.393,0.043,-1,0.12,-0.4,-0.48,0.19,-0.41,2928.185,5139.124,3952.636,3807.157,0,0,0,0
2830,44,Mujer,9.8,141,60.9,204,0,1,0.094,224,133,-2.81,36,0,0.2,0.09,-1.7,0.444,0.094,-3.94,-2.81,-3.34,-3.41,-2.67,-3.27,2461.907,4320.782,3323.227,3200.914,0,0,0,0
2831,72,Mujer,7.6,133,22.3,62,0,0,0.327,86,137,-2.61,36,0,-0.42,-0.56,0.28,0.327,-0.023,-2.61,-1.49,-2.01,-2.09,-1.52,-2.12,371.692,652.34,501.732,483.265,0,0,0,0
2832,80,Hombre,7.6,107,48.8,132,1,0,-0.544,77,102,-2.2,36,0,-0.25,-0.25,0.17,-0.544,-0.894,-2.2,-1.08,-1.6,-1.68,-2.42,-3.02,4042.606,7094.994,5456.947,5256.101,0,0,0,0
2833,59,Mujer,7.7,157,24.3,725,0,1,-0.524,429,158,-2.43,36,0,-1.15,-0.61,-0.18,-0.174,-0.524,-3.56,-2.43,-2.96,-3.03,-3.22,-3.82,163.372,286.726,220.529,212.412,0,0,0,0
2834,71,Hombre,5.9,133,39.9,132,1,1,-0.133,116,128,-1.47,36,0,-0.52,0.5,1.35,0.217,-0.133,-2.59,-1.47,-1.99,-2.07,-1.67,-2.27,1243.84,2183.007,1679.008,1617.211,0,0,0,0
2835,65,Hombre,6.5,157,46.4,13,0,0,0.753,28,161,-4.16,22.45,1,-0.67,0.84,0.13,0.753,0.403,-4.16,-3.04,-3.56,-3.64,-2.43,-3.03,22.45,39.401,30.304,29.189,1,0,1,1
2836,64,Mujer,8.8,119,29,747,0,0,-0.293,557,118,-1.48,36,0,-0.51,-0.56,-0.57,-0.293,-0.643,-1.48,-0.36,-0.88,-0.96,-1.32,-1.92,605.908,1063.402,817.891,787.788,0,0,0,0
2837,61,Hombre,8.2,150,44.9,125,1,1,-1.031,45,144,0.15,36,0,-1.17,-0.78,-0.78,-0.681,-1.031,-0.97,0.15,-0.37,-0.45,-1.39,-1.99,35.563,62.416,48.005,46.239,1,0,0,0
2838,75,Hombre,6.8,117,35.9,32,0,0,-0.146,28,127,-2.27,36,0,0.14,-0.26,-0.75,-0.146,-0.496,-2.27,-1.15,-1.67,-1.75,-1.89,-2.49,6607.726,11596.92,8919.497,8591.21,0,0,0,0
2839,67,Mujer,7.6,153,36.4,192,0,0,0.659,371,150,-3.85,36,0,1.18,0.35,0.6,0.659,0.309,-3.85,-2.72,-3.25,-3.32,-2.26,-2.86,221.106,388.053,298.462,287.477,0,0,0,0
2840,45,Mujer,8.4,156,54,35,0,0,0.229,44,151,-1.9,36,0,-1.1,-0.85,2.47,0.229,-0.121,-1.9,-0.77,-1.3,-1.37,-0.95,-1.55,216.605,380.154,292.386,281.625,0,0,0,0
2841,49,Hombre,8.5,137,47.3,819,0,1,-0.965,312,146,-1.1,36,0,-0.46,0.47,-0.74,-0.615,-0.965,-2.22,-1.1,-1.62,-1.7,-2.55,-3.15,209.226,367.204,282.426,272.031,0,0,0,0
2842,47,Hombre,10,132,53.1,123,1,1,0.379,180,127,-5.17,36,0,0.37,1.74,-0.26,0.729,0.379,-6.29,-5.17,-5.69,-5.77,-4.6,-5.2,194.21,340.849,262.156,252.507,0,0,0,0
2843,71,Hombre,7.5,153,21.7,139,0,0,-0.02,136,179,-2.71,36,0,-0.48,-0.84,1.78,-0.02,-0.37,-2.71,-1.59,-2.11,-2.19,-2.14,-2.74,39.759,69.778,53.668,51.693,0,0,0,0
2844,63,Mujer,8.4,144,38.9,440,1,1,0.785,964,133,-3.78,36,0,0.6,0.77,-0.24,1.135,0.785,-4.91,-3.78,-4.31,-4.38,-2.61,-3.21,123.188,216.201,166.286,160.166,0,0,0,0
2845,57,Mujer,8.5,146,58.8,130,0,0,0.123,147,132,-2.79,36,0,-0.1,0.57,-0.22,0.123,-0.227,-2.79,-1.66,-2.19,-2.26,-2,-2.6,1570.963,2757.126,2120.579,2042.529,0,0,0,0
2846,49,Hombre,6.1,166,53,22,0,0,-0.09,20,156,0.24,36,0,-0.6,-1.3,-0.81,-0.09,-0.44,0.24,1.37,0.84,0.77,0.71,0.11,128.417,225.378,173.344,166.964,0,0,0,0
2847,62,Mujer,6.9,169,36.1,358,1,1,-0.872,150,175,-1.01,36,0,-0.23,-0.36,0.89,-0.522,-0.872,-2.14,-1.01,-1.54,-1.61,-2.32,-2.92,31.956,56.084,43.136,41.548,1,0,0,0
2848,70,Mujer,6.2,152,39.2,111,1,0,-0.271,85,136,-1.18,36,0,1.43,-1.15,-1.78,-0.271,-0.621,-1.18,-0.05,-0.58,-0.65,-0.98,-1.58,231.288,405.923,312.206,300.715,0,0,0,0
2849,62,Mujer,6.3,137,49.2,32,0,1,0.042,33,136,1,36,0,-1.88,-0.3,1.61,0.392,0.042,-0.13,1,0.47,0.4,1.06,0.46,78.369,137.542,105.787,101.893,0,0,0,0
2850,67,Hombre,5.9,127,40.3,200,0,0,-0.031,194,129,-3.59,36,0,-0.53,2.14,-0.13,-0.031,-0.381,-3.59,-2.46,-2.99,-3.06,-3.03,-3.63,416.472,730.931,562.178,541.487,0,0,0,0
2851,73,Mujer,7.2,116,38.2,49,1,0,-0.032,47,115,-2.35,36,0,0.28,0.51,-0.37,-0.032,-0.382,-2.35,-1.23,-1.75,-1.83,-1.8,-2.4,1284.104,2253.673,1733.359,1669.562,0,0,0,0
2852,69,Mujer,8.5,158,31.8,69,0,0,0.842,160,156,-3.77,32.16,1,1.24,-0.59,0.61,0.842,0.492,-3.77,-2.65,-3.17,-3.25,-1.91,-2.51,32.164,56.449,43.417,41.819,1,0,0,0
2853,62,Mujer,8.1,141,42.4,138,0,0,0.602,252,131,-4.2,36,0,1.6,0.8,-0.56,0.602,0.252,-4.2,-3.08,-3.6,-3.68,-2.7,-3.3,279.325,490.231,377.05,363.172,0,0,0,0
2854,77,Hombre,7.4,145,27.7,286,0,0,-0.259,221,147,-2.09,36,0,0.73,-0.48,1.15,-0.259,-0.609,-2.09,-0.97,-1.49,-1.57,-1.88,-2.48,143.69,252.184,193.961,186.822,0,0,0,0
2855,61,Mujer,8,135,47.6,338,1,1,-0.445,217,125,-2.17,26.09,1,0.07,1.08,-0.94,-0.095,-0.445,-3.29,-2.17,-2.69,-2.77,-2.84,-3.44,14.864,26.088,20.065,19.326,1,1,1,1
2856,61,Mujer,8.6,145,31.2,657,0,0,-0.025,641,161,-2.51,36,0,-1.37,-0.13,-1.48,-0.025,-0.375,-2.51,-1.38,-1.91,-1.98,-1.95,-2.55,373.695,655.855,504.436,485.869,0,0,0,0
2857,58,Mujer,10.3,142,30.4,195,0,1,0.265,254,130,-3.63,36,0,-1.18,-0.88,-0.51,0.615,0.265,-4.75,-3.63,-4.15,-4.23,-3.23,-3.83,616.313,1081.663,831.936,801.316,0,0,0,0
2858,71,Mujer,8.5,145,33.6,28,0,0,-0.36,20,150,0.62,36,0,1.78,-2.73,0.27,-0.36,-0.71,0.62,1.74,1.22,1.14,0.68,0.08,3899.503,6843.841,5263.779,5070.042,0,0,0,0
2859,69,Hombre,6.2,145,36.3,117,1,1,-1.171,36,144,0.28,36,0,-2.65,-2.3,0.1,-0.821,-1.171,-0.84,0.28,-0.24,-0.32,-1.47,-2.07,2393.58,4200.864,3230.995,3112.076,0,0,0,0
2860,58,Hombre,6,132,47.5,177,0,1,0.949,457,143,-4,36,0,-0.05,1.68,-1.25,1.299,0.949,-5.12,-4,-4.52,-4.6,-2.58,-3.18,57.469,100.861,77.575,74.72,0,0,0,0
2861,70,Mujer,10.1,134,44.2,191,1,1,-0.069,178,137,-3.37,36,0,0.15,-1.77,-1.67,0.281,-0.069,-4.49,-3.37,-3.89,-3.97,-3.47,-4.07,27.692,48.602,37.381,36.005,1,0,0,0
2862,48,Mujer,6.8,144,60.9,27,0,0,0.539,46,148,-0.36,36,0,-0.42,-0.8,-0.49,0.539,0.189,-0.36,0.76,0.24,0.16,1.04,0.44,1245.982,2186.766,1681.899,1619.996,0,0,0,0
2863,70,Mujer,8.7,138,49.2,111,0,0,0.277,146,141,-3.15,36,0,-0.98,1.05,-0.88,0.277,-0.073,-3.15,-2.02,-2.55,-2.62,-2.13,-2.73,501.037,879.348,676.329,651.437,0,0,0,0
2864,70,Mujer,6.3,131,58.9,65,0,1,-0.913,26,118,1.79,36,0,1.26,-1.08,0.96,-0.563,-0.913,0.67,1.79,1.27,1.19,0.42,-0.18,5612.167,9849.66,7575.634,7296.808,0,0,0,0
2865,61,Mujer,8.8,134,38.7,251,0,1,-0.37,173,129,-1.23,36,0,-0.16,-0.37,-0.85,-0.02,-0.37,-2.36,-1.23,-1.76,-1.83,-1.79,-2.39,192.423,337.713,259.744,250.184,0,0,0,0
2866,66,Hombre,9.9,148,49.4,680,1,1,-0.44,438,137,-1.35,36,0,1.55,-2.06,-0.86,-0.09,-0.44,-2.47,-1.35,-1.87,-1.95,-2.01,-2.61,235.452,413.232,317.828,306.13,0,0,0,0
2867,82,Hombre,8.3,122,59.7,98,1,0,0.826,224,117,-4.89,36,0,0.34,0.67,0.59,0.826,0.476,-4.89,-3.76,-4.29,-4.36,-3.05,-3.65,76.13,133.612,102.765,98.982,0,0,0,0
2868,54,Mujer,9.9,111,44.9,250,0,1,-1.067,86,104,2.18,36,0,-0.14,-2.21,0.42,-0.717,-1.067,1.05,2.18,1.65,1.58,0.58,-0.02,1936.94,3399.436,2614.596,2518.364,0,0,0,0
2869,64,Hombre,8,148,55.6,106,1,0,1.247,369,147,-6.91,36,0,-0.64,1.19,-0.47,1.247,0.897,-6.91,-5.78,-6.31,-6.38,-4.44,-5.04,76.599,134.435,103.397,99.592,0,0,0,0
2870,59,Mujer,8.6,126,45.9,284,1,0,0.245,363,137,-1.05,36,0,-0.41,0.12,1.06,0.245,-0.105,-1.05,0.08,-0.45,-0.52,-0.08,-0.68,138.127,242.421,186.452,179.59,0,0,0,0
2871,56,Hombre,7.3,137,29.4,144,0,1,-0.102,130,129,-1.23,36,0,0.41,-0.19,-0.15,0.248,-0.102,-2.36,-1.23,-1.76,-1.83,-1.39,-1.99,563.486,988.949,760.627,732.631,0,0,0,0
2872,54,Hombre,9.6,130,41.6,64,1,0,0.265,83,139,-2.94,36,0,0.42,0.98,2.09,0.265,-0.085,-2.94,-1.81,-2.34,-2.41,-1.94,-2.54,166.284,291.838,224.46,216.199,0,0,0,0
2873,63,Mujer,10.8,142,51.3,162,0,1,0.057,171,125,-0.91,36,0,-3.38,-0.68,-0.03,0.407,0.057,-2.03,-0.91,-1.43,-1.51,-0.82,-1.42,201.771,354.119,272.363,262.338,0,0,0,0
2874,56,Mujer,8.8,127,41.8,1158,1,1,-0.898,472,116,-1.38,19.42,1,1.33,-0.98,1,-0.548,-0.898,-2.51,-1.38,-1.91,-1.98,-2.73,-3.33,11.066,19.422,14.938,14.388,1,1,1,1
2875,55,Hombre,8,157,43.5,160,1,1,0.348,227,149,-6.18,36,0,-0.39,1.23,1.01,0.698,0.348,-7.31,-6.18,-6.71,-6.78,-5.66,-6.26,479.27,841.145,646.947,623.136,0,0,0,0
2876,63,Mujer,6.9,153,48.1,384,1,1,-0.145,332,146,-3.18,36,0,-0.49,0.43,-0.5,0.205,-0.145,-4.31,-3.18,-3.71,-3.78,-3.4,-4,556.025,975.853,750.555,722.93,0,0,0,0
2877,59,Mujer,7.5,117,37.7,421,0,0,0.419,640,116,-4.68,36,0,0.6,1.46,0.82,0.419,0.069,-4.68,-3.55,-4.08,-4.15,-3.45,-4.05,60.22,105.69,81.289,78.297,0,0,0,0
2878,60,Mujer,8.6,117,46.4,108,1,0,0.356,154,124,-1.74,36,0,-2.11,-0.41,0.04,0.356,0.006,-1.74,-0.61,-1.14,-1.21,-0.61,-1.21,1312.387,2303.311,1771.537,1706.335,0,0,0,0
2879,59,Hombre,8.3,150,47.7,66,1,1,-0.051,63,152,-2.03,36,0,-1.09,-0.25,-0.98,0.299,-0.051,-3.16,-2.03,-2.56,-2.63,-2.11,-2.71,850.874,1493.33,1148.56,1106.286,0,0,0,0
2880,60,Hombre,8.1,128,51.5,18,0,0,0.545,31,136,-4.46,36,0,-1.04,1.49,1.14,0.545,0.195,-4.46,-3.33,-3.86,-3.93,-3.04,-3.64,109.297,191.823,147.536,142.106,0,0,0,0
2881,54,Hombre,7.4,117,39.5,92,0,1,-0.283,69,106,0.14,36,0,-0.11,-0.5,0.11,0.067,-0.283,-0.98,0.14,-0.38,-0.46,-0.28,-0.88,128.022,224.686,172.812,166.451,0,0,0,0
2882,63,Hombre,7.2,116,54.7,145,0,0,0.841,336,120,-2.84,36,0,1.18,-0.18,-0.78,0.841,0.491,-2.84,-1.71,-2.24,-2.31,-0.98,-1.58,381.552,669.645,515.042,496.085,0,0,0,0
2883,72,Mujer,6.9,148,44,68,0,0,-0.388,46,141,-2.97,36,0,-0.22,0.94,0.35,-0.388,-0.738,-2.97,-1.84,-2.37,-2.44,-2.95,-3.55,737.201,1293.829,995.118,958.492,0,0,0,0
2884,59,Hombre,7.8,146,58.9,112,0,1,-0.739,54,133,-0.46,36,0,0.75,1.32,1,-0.389,-0.739,-1.59,-0.46,-0.99,-1.06,-1.57,-2.17,2535.928,4450.691,3423.144,3297.153,0,0,0,0
2885,56,Hombre,9.9,136,45.4,136,0,0,0.621,253,135,-3,2.81,1,1.67,-0.63,-0.03,0.621,0.271,-3,-1.88,-2.4,-2.48,-1.47,-2.07,2.807,4.926,3.789,3.649,1,1,1,1
2886,68,Mujer,6.9,148,34.9,158,1,0,0.505,262,148,-2.83,36,0,0.54,0.67,-0.78,0.505,0.155,-2.83,-1.7,-2.23,-2.3,-1.47,-2.07,48.928,85.871,66.046,63.615,0,0,0,0
2887,46,Hombre,9,123,55.4,261,0,1,-1.458,61,118,-0.2,36,0,0.39,-1,0.99,-1.108,-1.458,-1.32,-0.2,-0.72,-0.8,-2.39,-2.99,12131.916,21292.176,16376.374,15773.632,0,0,0,0
2888,65,Hombre,6.7,133,51.8,21,0,1,-0.318,15,132,-0.16,36,0,0.58,-0.5,-0.3,0.032,-0.318,-1.28,-0.16,-0.68,-0.76,-0.63,-1.23,8918.689,15652.786,12038.97,11595.869,0,0,0,0
2889,79,Hombre,7.1,116,35.3,26,1,1,0.235,33,99,-0.69,36,0,-0.08,0.51,-0.13,0.585,0.235,-1.82,-0.69,-1.22,-1.29,-0.34,-0.94,1593.211,2796.173,2150.61,2071.456,0,0,0,0
2890,58,Mujer,8.3,143,53.4,196,0,1,-0.719,96,144,0.23,36,0,-0.21,-0.32,0.21,-0.369,-0.719,-0.89,0.23,-0.29,-0.37,-0.85,-1.45,668.414,1173.104,902.265,869.057,0,0,0,0
2891,54,Hombre,6.1,158,40.5,16,0,0,0.949,41,173,-4.06,1.26,1,-0.53,2.42,2.05,0.949,0.599,-4.06,-2.94,-3.46,-3.54,-2.04,-2.64,1.262,2.215,1.704,1.641,1,1,1,1
2892,61,Hombre,8,146,58,13,0,1,-0.035,13,139,-1.57,36,0,0.45,0.13,-0.85,0.315,-0.035,-2.7,-1.57,-2.1,-2.17,-1.63,-2.23,1014.365,1780.267,1369.25,1318.854,0,0,0,0
2893,78,Hombre,8.8,118,39.5,132,0,1,-0.91,53,117,0.29,36,0,-0.42,-0.42,1.56,-0.56,-0.91,-0.83,0.29,-0.23,-0.31,-1.07,-1.67,2587.109,4540.517,3492.232,3363.698,0,0,0,0
2894,53,Mujer,7.7,129,45.4,58,0,1,-0.131,51,120,2.09,36,0,-0.1,-0.59,-0.36,0.219,-0.131,0.96,2.09,1.56,1.49,1.89,1.29,1293.077,2269.421,1745.471,1681.228,0,0,0,0
2895,54,Hombre,8.7,143,38.4,268,1,1,-1.091,90,141,-1.33,36,0,-1.11,-0.33,2.15,-0.741,-1.091,-2.46,-1.33,-1.86,-1.93,-2.97,-3.57,359.93,631.697,485.855,467.973,0,0,0,0
2896,64,Hombre,10.1,120,31.4,513,0,1,-0.531,302,117,-0.7,36,0,-0.13,-0.74,2.17,-0.181,-0.531,-1.83,-0.7,-1.23,-1.3,-1.5,-2.1,737.059,1293.579,994.926,958.307,0,0,0,0
2897,75,Hombre,7.3,141,43,268,1,0,0.322,370,140,-3.68,36,0,2.2,0.47,1.11,0.322,-0.028,-3.68,-2.55,-3.08,-3.15,-2.6,-3.2,109.346,191.908,147.602,142.169,0,0,0,0
2898,53,Mujer,8.8,112,36.1,244,1,0,-0.522,145,101,-0.03,36,0,0.53,-2.16,1.33,-0.522,-0.872,-0.03,1.09,0.57,0.49,-0.22,-0.82,8115.377,14242.931,10954.614,10551.423,0,0,0,0
2899,72,Hombre,6.9,144,45.1,126,1,1,-0.398,85,121,-4.05,36,0,0.34,0.05,-0.63,-0.048,-0.398,-5.17,-4.05,-4.57,-4.65,-4.64,-5.24,462.253,811.279,623.976,601.01,0,0,0,0
2900,59,Hombre,8,112,49.2,1116,0,1,-0.604,610,112,0.6,36,0,2.52,0.05,-1.37,-0.254,-0.604,-0.52,0.6,0.08,0,-0.3,-0.9,287.341,504.3,387.87,373.594,0,0,0,0
2901,66,Hombre,7.4,160,43.3,209,1,0,0.615,387,150,-5.12,36,0,0.81,0.76,-1.11,0.615,0.265,-5.12,-3.99,-4.52,-4.59,-3.59,-4.19,208.984,366.778,282.098,271.716,0,0,0,0
2902,63,Hombre,8,118,34.1,98,0,0,0.197,119,117,-3.47,36,0,2.05,-0.08,-0.54,0.197,-0.153,-3.47,-2.34,-2.87,-2.94,-2.57,-3.17,1048.335,1839.884,1415.104,1363.02,0,0,0,0
2903,50,Mujer,7.2,125,55.1,125,1,0,-0.376,86,123,0.59,36,0,-1.03,-0.21,0.12,-0.376,-0.726,0.59,1.72,1.19,1.12,0.63,0.03,1417.324,2487.481,1913.188,1842.772,0,0,0,0
2904,82,Mujer,8.6,114,29.5,55,1,0,0.44,85,113,-5.03,36,0,-0.62,1.45,-1.21,0.44,0.09,-5.03,-3.9,-4.43,-4.5,-3.77,-4.37,69.202,121.453,93.413,89.975,0,0,0,0
2905,64,Mujer,7.3,153,42.9,118,0,1,0.277,156,142,-2.15,36,0,0.67,0.33,-0.32,0.627,0.277,-3.27,-2.15,-2.67,-2.75,-1.73,-2.33,203.416,357.007,274.583,264.477,0,0,0,0
2906,67,Hombre,7.1,151,42.8,129,0,0,-0.813,57,160,0.52,36,0,0.02,-0.01,0.41,-0.813,-1.163,0.52,1.64,1.12,1.04,-0.1,-0.7,744.807,1307.177,1005.385,968.381,0,0,0,0
2907,71,Hombre,8.4,146,33.4,96,0,0,0.423,147,145,-5.07,36,0,-0.49,0.46,-0.78,0.423,0.073,-5.07,-3.95,-4.47,-4.55,-3.84,-4.44,125.005,219.39,168.739,162.528,0,0,0,0
2908,56,Mujer,8.8,130,40.7,63,0,1,0.612,116,124,-2.78,36,0,-0.02,0.16,0.36,0.962,0.612,-3.9,-2.78,-3.3,-3.38,-1.86,-2.46,154.856,271.781,209.034,201.34,0,0,0,0
2909,84,Hombre,7.3,142,37,182,0,0,-0.013,180,160,-3.19,36,0,1.17,-0.06,0.6,-0.013,-0.363,-3.19,-2.07,-2.59,-2.67,-2.61,-3.21,783.025,1374.251,1056.973,1018.071,0,0,0,0
2910,48,Hombre,7.2,131,61.7,102,0,1,-0.068,95,127,-1.07,36,0,0.13,0.75,0.36,0.282,-0.068,-2.2,-1.07,-1.6,-1.67,-1.17,-1.77,1863.443,3270.444,2515.385,2422.804,0,0,0,0
2911,64,Hombre,8.1,118,36.2,206,0,0,0.214,255,103,-3.75,36,0,-0.04,0.89,1.16,0.214,-0.136,-3.75,-2.62,-3.15,-3.22,-2.83,-3.43,539.556,946.95,728.324,701.518,0,0,0,0
2912,54,Hombre,6.6,127,53.2,466,0,1,0.069,499,125,-1.29,36,0,0.9,-0.11,1.11,0.419,0.069,-2.42,-1.29,-1.82,-1.89,-1.19,-1.79,179.444,314.934,242.224,233.309,0,0,0,0
2913,68,Mujer,8.5,111,60.6,33,1,1,-0.09,30,101,0.03,36,0,-0.15,0.43,-0.43,0.26,-0.09,-1.1,0.03,-0.5,-0.57,-0.11,-0.71,1657.507,2909.015,2237.4,2155.051,0,0,0,0
2914,78,Mujer,8.9,151,47.5,35,0,0,0.609,64,154,-3.19,36,0,-1.75,-0.35,-0.25,0.609,0.259,-3.19,-2.06,-2.59,-2.66,-1.67,-2.27,280.147,491.673,378.158,364.24,0,0,0,0
2915,48,Hombre,10.9,110,50.5,83,1,1,-1.046,29,111,0.96,36,0,-1.67,0.69,-0.46,-0.696,-1.046,-0.16,0.96,0.44,0.36,-0.61,-1.21,838.715,1471.99,1132.147,1090.477,0,0,0,0
2916,52,Mujer,8.4,119,47.4,118,0,1,-0.858,50,127,0.89,36,0,0.83,-0.64,-0.27,-0.508,-0.858,-0.24,0.89,0.36,0.29,-0.4,-1,894.704,1570.254,1207.724,1163.273,0,0,0,0
2917,51,Mujer,10.3,123,48.8,395,0,1,-0.316,288,116,-2.13,36,0,-0.59,-0.56,-0.01,0.034,-0.316,-3.26,-2.13,-2.66,-2.73,-2.61,-3.21,725.775,1273.775,979.694,943.636,0,0,0,0
2918,63,Mujer,8,151,37.2,174,0,1,-0.712,85,134,0.53,36,0,0.74,0.75,-0.09,-0.362,-0.712,-0.59,0.53,0.01,-0.07,-0.54,-1.14,1389.279,2438.261,1875.331,1806.308,0,0,0,0
2919,84,Mujer,7.8,137,33.8,109,1,0,-0.173,92,132,-2.29,36,0,2.11,-0.17,0.16,-0.173,-0.523,-2.29,-1.16,-1.69,-1.76,-1.95,-2.55,1535.374,2694.665,2072.538,1996.257,0,0,0,0
2920,69,Hombre,8.3,125,41.9,83,0,0,0.261,108,128,-2.06,32.77,1,-0.07,-0.58,0.13,0.261,-0.089,-2.06,-0.94,-1.46,-1.54,-1.07,-1.67,32.766,57.506,44.229,42.601,1,0,0,0
2921,55,Mujer,9.4,126,54.4,268,0,0,-0.819,118,127,0.77,36,0,-0.93,-3.28,0.43,-0.819,-1.169,0.77,1.89,1.37,1.29,0.14,-0.46,1819.934,3194.084,2456.654,2366.236,0,0,0,0
2922,67,Mujer,7.9,145,40.9,286,1,1,-1.133,92,143,0.96,36,0,0.65,-1.61,0.41,-0.783,-1.133,-0.17,0.96,0.43,0.36,-0.74,-1.34,2749.137,4824.885,3710.946,3574.363,0,0,0,0
2923,82,Hombre,7.1,141,45.3,238,0,0,-0.26,184,154,-3.25,36,0,0.82,0.41,-1.58,-0.26,-0.61,-3.25,-2.12,-2.65,-2.72,-3.03,-3.63,401.677,704.965,542.207,522.251,0,0,0,0
2924,41,Mujer,8.9,144,60.4,297,0,1,-0.336,212,149,0.31,36,0,-1.16,-0.41,0.17,0.014,-0.336,-0.82,0.31,-0.22,-0.29,-0.2,-0.8,89.207,156.562,120.416,115.984,0,0,0,0
2925,67,Hombre,8.5,119,42.2,59,0,0,0.124,67,122,-4.11,36,0,1.43,0.37,0.71,0.124,-0.226,-4.11,-2.98,-3.51,-3.58,-3.32,-3.92,818.309,1436.177,1104.602,1063.946,0,0,0,0
2926,54,Mujer,6.8,146,34.9,11,1,0,0.235,14,135,-5.54,36,0,-1.17,1.99,-0.68,0.235,-0.115,-5.54,-4.41,-4.94,-5.01,-4.58,-5.18,106.707,187.277,144.04,138.738,0,0,0,0
2927,77,Mujer,8,124,35,115,0,0,0.413,174,119,-2.65,36,0,0.71,-0.69,0.75,0.413,0.063,-2.65,-1.53,-2.05,-2.13,-1.44,-2.04,189.538,332.649,255.849,246.433,0,0,0,0
2928,86,Mujer,7,134,33.2,26,0,0,0.37,38,124,-3.73,36,0,1.33,0.56,1.87,0.37,0.02,-3.73,-2.61,-3.13,-3.21,-2.58,-3.18,229.191,402.243,309.376,297.989,0,0,0,0
2929,64,Mujer,7.6,149,39.4,108,0,0,-0.381,74,150,-2.15,36,0,0.23,-0.46,-0.25,-0.381,-0.731,-2.15,-1.03,-1.55,-1.63,-2.12,-2.72,1087.97,1909.447,1468.606,1414.553,0,0,0,0
2930,58,Hombre,6.8,124,66.8,110,0,0,0.195,134,127,-1.09,36,0,-1.52,-0.47,-2.1,0.195,-0.155,-1.09,0.04,-0.49,-0.56,-0.19,-0.79,4028.766,7070.704,5438.265,5238.107,0,0,0,0
2931,74,Mujer,8.7,127,48.5,67,1,1,-0.517,40,119,-1.29,36,0,0.17,-1.17,-0.32,-0.167,-0.517,-2.41,-1.29,-1.81,-1.89,-2.06,-2.66,291.867,512.243,393.979,379.479,0,0,0,0
2932,64,Mujer,5.6,184,55.1,232,0,1,-0.369,160,177,-1.14,36,0,-0.3,0.75,-0.63,-0.019,-0.369,-2.26,-1.14,-1.66,-1.74,-1.69,-2.29,324.863,570.152,438.519,422.379,0,0,0,0
2933,77,Mujer,6.8,119,33.2,42,0,0,-0.246,33,115,-0.91,36,0,-0.48,0.16,0.74,-0.246,-0.596,-0.91,0.22,-0.31,-0.38,-0.67,-1.27,2011.047,3529.497,2714.629,2614.716,0,0,0,0
2934,83,Hombre,8,138,41.8,140,0,1,0.074,151,131,-2.86,36,0,2.38,-1.15,-0.8,0.424,0.074,-3.99,-2.86,-3.39,-3.46,-2.75,-3.35,142.266,249.685,192.039,184.971,0,0,0,0
2935,56,Hombre,7.9,157,50.4,138,0,1,0.67,270,148,-3.48,36,0,1.89,0.64,1.34,1.02,0.67,-4.61,-3.48,-4.01,-4.08,-2.48,-3.08,82.629,145.018,111.538,107.432,0,0,0,0
2936,59,Mujer,6.4,119,51.1,39,1,0,0.079,42,106,-2.91,36,0,-0.75,-0.41,1.75,0.079,-0.271,-2.91,-1.79,-2.31,-2.39,-2.19,-2.79,546.193,958.599,737.283,710.147,0,0,0,0
2937,49,Hombre,7.4,126,44.1,18,0,1,0.209,22,121,-0.16,36,0,-2,0.96,-0.09,0.559,0.209,-1.29,-0.16,-0.69,-0.76,0.15,-0.45,1931.485,3389.862,2607.232,2511.272,0,0,0,0
2938,53,Mujer,9.3,128,54.5,228,0,0,0.607,418,129,-2.95,36,0,-1.26,-0.7,-0.88,0.607,0.257,-2.95,-1.82,-2.35,-2.42,-1.44,-2.04,813.958,1428.541,1098.729,1058.29,0,0,0,0
2939,74,Hombre,7.5,129,37.9,235,0,0,-0.459,148,131,-1.4,6.31,1,0.51,-0.74,-1.07,-0.459,-0.809,-1.4,-0.27,-0.8,-0.87,-1.49,-2.09,6.31,11.074,8.517,8.204,1,1,1,1
2940,70,Hombre,9.8,176,47.9,169,1,1,-0.289,127,164,-1.02,36,0,0.83,-0.53,1.18,0.061,-0.289,-2.14,-1.02,-1.54,-1.62,-1.45,-2.05,519.015,910.899,700.597,674.811,0,0,0,0
2941,70,Mujer,7.6,138,51.9,58,0,0,-0.125,51,140,-1.61,36,0,-0.05,-0.09,-0.43,-0.125,-0.475,-1.61,-0.48,-1.01,-1.08,-1.2,-1.8,56.964,99.975,76.894,74.064,0,0,0,0
2942,69,Mujer,8.7,115,51.7,58,0,1,-0.54,34,112,1.7,36,0,0.36,-1.67,0.3,-0.19,-0.54,0.57,1.7,1.17,1.1,0.89,0.29,577.671,1013.844,779.774,751.074,0,0,0,0
2943,70,Mujer,8,153,47.4,208,0,1,0.11,232,148,-2.56,36,0,2.9,-0.3,-1.24,0.46,0.11,-3.68,-2.56,-3.08,-3.16,-2.39,-2.99,74.741,131.175,100.89,97.177,0,0,0,0
2944,74,Mujer,7,153,49.3,13,1,0,-0.361,9,158,-0.06,36,0,0.72,-2.91,1.73,-0.361,-0.711,-0.06,1.07,0.54,0.47,-0,-0.6,2215.235,3887.858,2990.254,2880.196,0,0,0,0
2945,60,Hombre,6.7,130,30.6,892,1,1,-1.054,311,113,0.47,36,0,-1.17,-2.03,0.65,-0.704,-1.054,-0.66,0.47,-0.06,-0.13,-1.11,-1.71,439.931,772.103,593.845,571.988,0,0,0,0
2946,75,Mujer,5.7,161,37.8,42,0,0,0.551,73,158,-3.3,36,0,0.46,-0.24,1.94,0.551,0.201,-3.3,-2.18,-2.7,-2.78,-1.87,-2.47,125.841,220.857,169.867,163.615,0,0,0,0
2947,68,Mujer,8.6,149,53,78,0,1,-0.256,60,143,-1.19,36,0,-1.03,-1.29,0.27,0.094,-0.256,-2.31,-1.19,-1.71,-1.79,-1.57,-2.17,1369.142,2402.918,1848.148,1780.126,0,0,0,0
2948,72,Hombre,6.4,131,38.5,350,0,1,-1.977,48,126,3.07,36,0,-0.92,-2.42,-0.99,-1.627,-1.977,1.94,3.07,2.54,2.47,0.1,-0.5,1685.093,2957.43,2274.638,2190.918,0,0,0,0
2949,72,Hombre,7.7,136,38.8,21,1,0,0.177,25,139,-3.12,36,0,-0.14,0.9,-0.36,0.177,-0.173,-3.12,-1.99,-2.52,-2.59,-2.25,-2.85,203.25,356.716,274.359,264.261,0,0,0,0
2950,56,Hombre,7.9,151,36.9,34,0,0,1.516,155,150,-5.52,31.18,1,-1.11,1.89,-0.47,1.516,1.166,-5.52,-4.39,-4.92,-4.99,-2.64,-3.24,31.183,54.727,42.092,40.543,1,0,0,0
2951,75,Mujer,8.8,137,53.1,280,0,0,0.193,340,129,-3.9,36,0,1.41,0.3,0.01,0.193,-0.157,-3.9,-2.77,-3.3,-3.37,-3.01,-3.61,1213.6,2129.934,1638.188,1577.894,0,0,0,0
2952,57,Hombre,9.6,121,66.5,58,1,1,-0.48,36,116,-1.84,36,0,0.93,0.03,-0.46,-0.13,-0.48,-2.96,-1.84,-2.36,-2.44,-2.56,-3.16,1078.121,1892.162,1455.312,1401.748,0,0,0,0
2953,61,Mujer,6.7,156,46.9,60,0,0,0.947,155,154,-4.64,36,0,-0.88,0.72,0.06,0.947,0.597,-4.64,-3.52,-4.04,-4.12,-2.62,-3.22,303.341,532.38,409.467,394.397,0,0,0,0
2954,51,Mujer,8,127,49.1,288,0,0,0.506,478,118,-2.23,36,0,0.53,-0.17,-0.4,0.506,0.156,-2.23,-1.1,-1.63,-1.7,-0.87,-1.47,326.944,573.804,441.328,425.085,0,0,0,0
2955,68,Hombre,6.6,140,51.2,246,1,0,-0.273,187,146,-2.43,36,0,0.76,-0.17,-0.69,-0.273,-0.623,-2.43,-1.31,-1.83,-1.91,-2.24,-2.84,139.686,245.157,188.557,181.617,0,0,0,0
2956,73,Hombre,8.8,143,50.6,75,1,1,0.384,110,128,-4.88,36,0,0.36,0.94,0.61,0.734,0.384,-6.01,-4.88,-5.41,-5.48,-4.31,-4.91,62.532,109.748,84.41,81.303,0,0,0,0
2957,59,Mujer,7.1,143,48.8,178,0,0,0.885,431,136,-5.45,36,0,0.09,0.54,0.75,0.885,0.535,-5.45,-4.33,-4.85,-4.93,-3.52,-4.12,101.452,178.054,136.946,131.906,0,0,0,0
2958,75,Mujer,8.4,127,67.2,76,1,1,-0.02,74,103,-0.04,36,0,-0.84,0.88,-0.7,0.33,-0.02,-1.17,-0.04,-0.57,-0.64,-0.07,-0.67,158.94,278.949,214.547,206.651,0,0,0,0
2959,55,Mujer,8,121,42.7,178,0,1,-0.456,113,117,-0.8,36,0,-0.92,0.26,1.71,-0.106,-0.456,-1.92,-0.8,-1.32,-1.4,-1.48,-2.08,230.326,404.234,310.907,299.464,0,0,0,0
2960,75,Hombre,6,126,43.1,74,0,1,0.04,77,117,0.28,36,0,1.71,-1.25,0.53,0.39,0.04,-0.84,0.28,-0.24,-0.32,0.34,-0.26,936.745,1644.039,1264.474,1217.934,0,0,0,0
2961,54,Hombre,7.7,103,45.4,161,0,1,0.259,209,104,0.63,36,0,-0.07,-0.85,0.79,0.609,0.259,-0.49,0.63,0.11,0.03,1.02,0.42,115.506,202.72,155.917,150.179,0,0,0,0
2962,51,Mujer,8.7,148,53.7,114,0,1,-0.175,96,136,-2.02,36,0,0.86,1.52,-1.47,0.175,-0.175,-3.15,-2.02,-2.55,-2.62,-2.28,-2.88,178.008,312.413,240.285,231.441,0,0,0,0
2963,90,Hombre,6.8,174,36.3,60,0,0,0.697,120,183,-6.37,36,0,1.03,-0.47,0.18,0.697,0.347,-6.37,-5.24,-5.77,-5.84,-4.72,-5.32,263.237,461.995,355.333,342.254,0,0,0,0
2964,77,Hombre,6.6,139,27.8,165,0,0,0.142,190,141,-3.99,36,0,-0.45,0.23,-0.42,0.142,-0.208,-3.99,-2.86,-3.39,-3.46,-3.17,-3.77,363.447,637.87,490.603,472.546,0,0,0,0
2965,61,Hombre,7,140,46.9,29,0,0,-0.023,28,136,-2.84,36,0,-1.81,-0.74,-0.4,-0.023,-0.373,-2.84,-1.71,-2.24,-2.31,-2.27,-2.87,2319.03,4070.025,3130.363,3015.149,0,0,0,0
2966,50,Hombre,9,130,55.1,290,0,1,-1.151,92,113,0.7,36,0,-0.49,-0.74,-1.44,-0.801,-1.151,-0.43,0.7,0.17,0.1,-1.03,-1.63,604.411,1060.775,815.87,785.841,0,0,0,0
2967,74,Hombre,7.1,140,41.8,177,0,0,0.221,221,143,-4.22,36,0,1.08,0.92,-1.48,0.221,-0.129,-4.22,-3.09,-3.62,-3.69,-3.29,-3.89,487.71,855.958,658.34,634.109,0,0,0,0
2968,77,Hombre,8.6,112,30.7,202,0,0,-0.426,132,119,-3.74,36,0,3.14,0.44,0.14,-0.426,-0.776,-3.74,-2.62,-3.14,-3.22,-3.78,-4.38,1330.974,2335.932,1796.627,1730.501,0,0,0,0
2969,59,Hombre,7.7,121,42.6,146,0,1,-0.186,121,115,-1.98,36,0,-0.04,-0.35,0.67,0.164,-0.186,-3.1,-1.98,-2.5,-2.58,-2.26,-2.86,2655.641,4660.795,3584.74,3452.802,0,0,0,0
2970,49,Mujer,7,161,68.6,19,0,1,0.301,26,137,-0.08,36,0,-0.33,-0.94,-0.47,0.651,0.301,-1.2,-0.08,-0.6,-0.68,0.37,-0.23,1416.959,2486.841,1912.695,1842.297,0,0,0,0
2971,65,Hombre,7.6,117,33.2,161,0,0,-0.532,95,114,-2.01,36,0,1.44,-0.43,2.74,-0.532,-0.882,-2.01,-0.88,-1.41,-1.48,-2.21,-2.81,477.355,837.784,644.362,620.646,0,0,0,0
2972,49,Hombre,7.7,112,55,384,0,0,0.177,458,109,-1.14,36,0,-0.03,-1.02,0.04,0.177,-0.173,-1.14,-0.01,-0.54,-0.61,-0.27,-0.87,176.77,310.24,238.614,229.832,0,0,0,0
2973,81,Hombre,8,124,50.1,117,0,0,-0.429,76,137,-3.11,36,0,1.81,-0.66,-0.64,-0.429,-0.779,-3.11,-1.99,-2.51,-2.59,-3.16,-3.76,699.403,1227.49,944.095,909.347,0,0,0,0
2974,44,Hombre,6.3,101,34.9,57,0,0,0.214,71,99,-0.45,36,0,0.06,-0.59,1.55,0.214,-0.136,-0.45,0.67,0.15,0.07,0.47,-0.13,994.292,1745.036,1342.153,1292.755,0,0,0,0
2975,69,Mujer,7.3,159,51.4,78,0,0,0.544,134,178,-3.61,9.8,1,0.97,0.51,-0.58,0.544,0.194,-3.61,-2.49,-3.01,-3.09,-2.2,-2.8,9.8,17.199,13.228,12.741,1,1,1,1
2976,71,Hombre,8.1,140,51,166,0,1,-0.824,73,125,-3.29,36,0,0.1,0.21,-0.7,-0.474,-0.824,-4.42,-3.29,-3.82,-3.89,-4.53,-5.13,118.181,207.413,159.527,153.656,0,0,0,0
2977,65,Hombre,7.6,139,41.3,5,0,0,0.69,10,141,0.98,36,0,-0.21,-1.68,-1.93,0.69,0.34,0.98,2.11,1.58,1.51,2.62,2.02,3254.337,5711.54,4392.896,4231.213,0,0,0,0
2978,72,Hombre,5.5,151,38.4,4,0,1,0.025,4,138,3.53,36,0,-0.02,-1.08,0.84,0.375,0.025,2.41,3.53,3.01,2.93,3.57,2.97,5536.889,9717.543,7474.018,7198.933,0,0,0,0
2979,63,Hombre,8,130,41.2,757,0,0,-1.22,224,117,1.16,36,0,-0.22,-0.87,0.19,-1.22,-1.57,1.16,2.28,1.76,1.68,-0.07,-0.67,849.38,1490.708,1146.542,1104.343,0,0,0,0
2980,61,Mujer,8,144,42.6,126,1,1,0.356,180,137,-4.52,22.58,1,-0.22,1.95,1.97,0.706,0.356,-5.65,-4.52,-5.05,-5.12,-3.99,-4.59,12.867,22.583,17.369,16.73,1,1,1,1
2981,56,Mujer,7.6,114,47.1,48,0,0,0.137,55,118,-0.15,28.97,1,1.24,-0.43,0.29,0.137,-0.213,-0.15,0.98,0.45,0.38,0.66,0.06,28.972,50.847,39.108,37.668,1,0,0,0
2982,72,Hombre,7.1,140,41.5,255,0,0,-0.37,176,158,-3.15,36,0,-0.48,0.55,0.59,-0.37,-0.72,-3.15,-2.03,-2.55,-2.63,-3.11,-3.71,833.018,1461.991,1124.456,1083.07,0,0,0,0
2983,71,Mujer,9.8,150,39.1,787,0,1,-1.273,220,127,-1.48,36,0,1.3,-0.78,1.75,-0.923,-1.273,-2.6,-1.48,-2,-2.08,-3.38,-3.98,1147.803,2014.457,1549.372,1492.347,0,0,0,0
2984,79,Mujer,6,137,35.8,141,0,1,-1.063,49,114,1.82,36,0,0.1,-1.45,0.54,-0.713,-1.063,0.7,1.82,1.3,1.22,0.23,-0.37,1498.087,2629.225,2022.206,1947.778,0,0,0,0
2985,73,Hombre,10.6,132,59.2,148,1,0,0.84,343,141,-3.2,36,0,-0.04,-1.49,1.42,0.84,0.49,-3.2,-2.07,-2.6,-2.67,-1.34,-1.94,48.349,84.855,65.264,62.862,0,0,0,0
2986,75,Mujer,7.8,169,32.3,121,0,0,0.231,152,174,-4.64,36,0,0.09,0.86,-2.29,0.231,-0.119,-4.64,-3.52,-4.04,-4.12,-3.7,-4.3,455.695,799.769,615.124,592.484,0,0,0,0
2987,62,Mujer,7.4,142,41.8,211,0,0,0.265,275,129,-3.98,36,0,-0.4,0.39,0.13,0.265,-0.085,-3.98,-2.86,-3.38,-3.46,-2.98,-3.58,764.034,1340.922,1031.338,993.379,0,0,0,0
2988,90,Hombre,7.9,160,35.7,233,0,0,0.456,368,164,-4.44,36,0,1.07,-0.24,-1.45,0.456,0.106,-4.44,-3.31,-3.84,-3.91,-3.15,-3.75,143.882,252.522,194.221,187.073,0,0,0,0
2989,46,Mujer,10.7,148,43,64,0,0,-0.672,33,178,-0.04,36,0,-0.52,-1.16,0.46,-0.672,-1.022,-0.04,1.09,0.56,0.49,-0.45,-1.05,833.974,1463.67,1125.747,1084.314,0,0,0,0
2990,57,Hombre,7.9,107,60.6,567,0,1,-0.438,366,104,-1.74,36,0,-0.43,0.84,-0.95,-0.088,-0.438,-2.87,-1.74,-2.27,-2.34,-2.4,-3,1051.086,1844.713,1418.818,1366.597,0,0,0,0
2991,60,Mujer,8,135,39.8,89,0,0,-0.023,87,120,-0.73,36,0,0.92,-0.98,-2.32,-0.023,-0.373,-0.73,0.4,-0.13,-0.2,-0.16,-0.76,477.662,838.322,644.776,621.044,0,0,0,0
2992,68,Mujer,5.5,136,34.9,28,0,0,0.013,28,139,-0.37,36,0,-0.9,-0.24,1.27,0.013,-0.337,-0.37,0.76,0.23,0.16,0.25,-0.35,1144.195,2008.125,1544.502,1487.656,0,0,0,0
2993,50,Mujer,8.2,116,62.6,127,0,1,-0.006,126,116,-1.39,36,0,0.92,-0.48,-2.49,0.344,-0.006,-2.51,-1.39,-1.91,-1.99,-1.4,-2,1701.833,2986.81,2297.234,2212.683,0,0,0,0
2994,58,Hombre,7.6,140,44.5,196,0,0,0.213,243,133,-3.36,36,0,-1.66,0.93,-0.25,0.213,-0.137,-3.36,-2.23,-2.76,-2.83,-2.44,-3.04,348.71,612.006,470.71,453.385,0,0,0,0
2995,77,Hombre,6.5,139,40.7,49,0,0,1.338,187,130,-3.47,36,0,-0.67,1.02,1.58,1.338,0.988,-3.47,-2.35,-2.87,-2.95,-0.87,-1.47,43.973,77.175,59.358,57.173,0,0,0,0
2996,70,Mujer,8.4,132,65.1,46,0,0,0.151,54,127,-1.18,25.97,1,0.02,-1.04,1.66,0.151,-0.199,-1.18,-0.06,-0.58,-0.66,-0.36,-0.96,25.97,45.578,35.055,33.765,1,0,1,1
2997,72,Hombre,6.6,139,49.7,90,0,1,-0.159,77,122,-1.61,36,0,-0.47,-0.07,1.45,0.191,-0.159,-2.74,-1.61,-2.14,-2.21,-1.85,-2.45,3824.044,6711.406,5161.919,4971.932,0,0,0,0
2998,50,Hombre,6.7,142,40.3,515,0,1,-0,515,142,-4.2,36,0,0.44,1.39,1.19,0.35,-0,-5.32,-4.2,-4.72,-4.8,-4.2,-4.8,58.366,102.436,78.786,75.886,0,0,0,0
2999,60,Hombre,8.4,110,48.3,96,0,1,-0.416,63,108,0.5,36,0,1.48,0.09,-1.28,-0.066,-0.416,-0.62,0.5,-0.02,-0.1,-0.12,-0.72,1297.103,2276.487,1750.906,1686.463,0,0,0,0
3000,87,Mujer,10.3,117,28.5,329,0,0,-0.357,230,121,-5.52,36,0,2.69,1.5,-0.21,-0.357,-0.707,-5.52,-4.4,-4.92,-5,-5.46,-6.06,271.243,476.047,366.14,352.664,0,0,0,0
3001,75,Mujer,6.4,155,50.6,41,1,0,0.246,52,156,-4.22,36,0,1.64,-0.06,-1.72,0.246,-0.104,-4.22,-3.09,-3.62,-3.69,-3.25,-3.85,104.173,182.829,140.618,135.443,0,0,0,0
3002,62,Mujer,7.8,126,48.9,88,1,1,-1.475,20,127,0.71,36,0,-0.44,-0.44,-0.36,-1.125,-1.475,-0.41,0.71,0.19,0.11,-1.5,-2.1,870.447,1527.682,1174.981,1131.735,0,0,0,0
3003,61,Hombre,7.8,128,48.5,104,1,0,0.663,202,133,-2.53,36,0,-2.05,0.44,-0.51,0.663,0.313,-2.53,-1.4,-1.93,-2,-0.93,-1.53,492.965,865.18,665.433,640.941,0,0,0,0
3004,63,Hombre,6,128,46,83,0,0,-1.111,27,118,2.72,36,0,1.75,-1.7,1.27,-1.111,-1.461,2.72,3.84,3.32,3.24,1.65,1.05,2424.941,4255.903,3273.327,3152.851,0,0,0,0
3005,57,Mujer,8.4,119,56,73,0,0,-0.097,66,126,-3.03,36,0,0.54,0.89,-0.99,-0.097,-0.447,-3.03,-1.9,-2.43,-2.5,-2.57,-3.17,2286.505,4012.941,3086.459,2972.86,0,0,0,0
3006,49,Mujer,8.4,134,59.7,86,0,0,0.072,92,124,0.29,36,0,-1.01,0.04,0.47,0.072,-0.278,0.29,1.41,0.89,0.81,0.99,0.39,542.427,951.989,732.2,705.251,0,0,0,0
3007,50,Mujer,7,148,68.1,19,0,0,0.245,24,156,-0.54,36,0,0.44,-0.43,0.2,0.245,-0.105,-0.54,0.59,0.06,-0.01,0.43,-0.17,8517.458,14948.604,11497.365,11074.198,0,0,0,0
3008,63,Hombre,8.4,118,46.9,93,0,0,-0.421,61,128,-2.64,36,0,0.71,0.77,2.48,-0.421,-0.771,-2.64,-1.52,-2.04,-2.12,-2.68,-3.28,443.69,778.7,598.918,576.875,0,0,0,0
3009,58,Hombre,7.8,135,27,247,0,0,-0.183,206,136,-1.96,36,0,-1.67,-0.53,-1.27,-0.183,-0.533,-1.96,-0.83,-1.36,-1.43,-1.63,-2.23,129.138,226.644,174.318,167.902,0,0,0,0
3010,70,Hombre,6.6,150,50.7,393,1,0,-0.08,363,153,-4.44,36,0,-0.55,-1.04,-2.13,-0.08,-0.43,-4.44,-3.32,-3.84,-3.92,-3.96,-4.56,1470.737,2581.223,1985.287,1912.217,0,0,0,0
3011,57,Mujer,7.3,123,50.4,111,0,1,0.828,254,114,-4.49,36,0,-0.3,0.54,0,1.178,0.828,-5.61,-4.49,-5.01,-5.09,-3.25,-3.85,805.501,1413.699,1087.313,1047.294,0,0,0,0
3012,43,Hombre,7.4,120,47.7,136,1,1,-0.526,80,111,-0.82,36,0,1.08,-0.65,-0.04,-0.176,-0.526,-1.94,-0.82,-1.34,-1.42,-1.61,-2.21,1366.424,2398.149,1844.48,1776.593,0,0,0,0
3013,71,Hombre,5.6,141,37.5,4,0,0,0.472,6,137,-3.23,36,0,0.72,-0.07,-0.32,0.472,0.122,-3.23,-2.1,-2.63,-2.7,-1.92,-2.52,990.509,1738.397,1337.047,1287.836,0,0,0,0
3014,59,Hombre,9.8,140,44.4,740,0,1,0.31,1009,141,-4.97,8.58,1,-1.03,1.15,0.39,0.66,0.31,-6.09,-4.97,-5.49,-5.57,-4.5,-5.1,4.888,8.578,6.598,6.355,1,1,1,1
3015,60,Mujer,8.8,117,27.1,653,0,1,-0.385,444,103,-1.37,36,0,0.24,-0.15,-0.8,-0.035,-0.385,-2.49,-1.37,-1.89,-1.97,-1.95,-2.55,1022.315,1794.219,1379.981,1329.19,0,0,0,0
3016,44,Mujer,7.9,108,59.9,351,0,1,-1.103,117,99,2.12,36,0,-0.34,-2.25,-1.24,-0.753,-1.103,1,2.12,1.6,1.52,0.47,-0.13,4330.843,7600.865,5846.026,5630.86,0,0,0,0
3017,77,Mujer,6.4,132,42.4,272,0,0,0.309,370,146,-5.08,36,0,1,-0.04,-1.36,0.309,-0.041,-5.08,-3.95,-4.48,-4.55,-4.01,-4.61,1230.884,2160.268,1661.519,1600.366,0,0,0,0
3018,68,Hombre,9.9,126,31.4,44,1,1,0.023,45,130,-3.78,36,0,1.14,1.78,0.3,0.373,0.023,-4.91,-3.78,-4.31,-4.38,-3.75,-4.35,60.525,106.225,81.701,78.694,0,0,0,0
3019,72,Mujer,8.2,160,42.6,20,0,0,0.949,52,137,-5.88,36,0,-0.15,0.94,1.49,0.949,0.599,-5.88,-4.76,-5.28,-5.36,-3.86,-4.46,402.737,706.826,543.638,523.629,0,0,0,0
3020,67,Hombre,8.6,138,55.6,115,0,0,0.803,257,144,-2.34,36,0,0.04,-0.72,0.09,0.803,0.453,-2.34,-1.22,-1.74,-1.82,-0.54,-1.14,140.567,246.703,189.746,182.762,0,0,0,0
3021,49,Hombre,9.3,137,31.5,234,0,0,0.431,360,148,-4.53,36,0,0.87,1.01,1.34,0.431,0.081,-4.53,-3.41,-3.93,-4.01,-3.29,-3.89,282.524,495.846,381.368,367.332,0,0,0,0
3022,61,Hombre,5.5,138,46.7,105,0,1,-0.175,88,135,-1.24,36,0,-0.19,0.25,1.03,0.175,-0.175,-2.37,-1.24,-1.77,-1.84,-1.51,-2.11,81.389,142.843,109.864,105.821,0,0,0,0
3023,66,Hombre,6.9,131,46.5,43,1,0,-1.094,14,109,2.7,36,0,0.57,-1.09,0.71,-1.094,-1.444,2.7,3.83,3.3,3.23,1.66,1.06,2434.276,4272.287,3285.928,3164.988,0,0,0,0
3024,71,Hombre,7.6,138,50.7,181,1,0,-0.023,177,125,-0.94,36,0,-0.45,0.47,0.85,-0.023,-0.373,-0.94,0.19,-0.34,-0.41,-0.37,-0.97,248.03,435.306,334.805,322.482,0,0,0,0
3025,62,Hombre,8.3,111,30.1,151,1,1,0.532,257,99,-5.91,36,0,-0.61,0.71,-0.5,0.882,0.532,-7.03,-5.91,-6.43,-6.51,-5.11,-5.71,248.954,436.927,336.052,323.684,0,0,0,0
3026,59,Hombre,9.1,133,35.9,284,0,0,-0.183,237,143,-2.52,35.73,1,-0.75,-0.4,0.29,-0.183,-0.533,-2.52,-1.4,-1.92,-2,-2.19,-2.79,35.733,62.713,48.234,46.459,1,0,0,0
3027,67,Hombre,9,118,59.2,377,1,0,-0.99,140,110,-0.14,36,0,1.21,-1.1,0.69,-0.99,-1.34,-0.14,0.98,0.46,0.38,-1.03,-1.63,6510.287,11425.91,8787.969,8464.522,0,0,0,0
3028,67,Hombre,7.7,127,49.2,144,0,0,-0.168,122,128,-0.92,36,0,0.58,-0.78,-0.46,-0.168,-0.518,-0.92,0.21,-0.32,-0.39,-0.57,-1.17,963.124,1690.335,1300.082,1252.231,0,0,0,0
3029,60,Hombre,8.9,128,27.5,837,0,1,-0.304,618,125,-3.86,36,0,0.6,0.79,0.23,0.046,-0.304,-4.98,-3.86,-4.38,-4.46,-4.31,-4.91,290.973,510.673,392.772,378.316,0,0,0,0
3030,70,Hombre,8.7,128,54.4,51,1,1,0.845,119,116,-3.15,36,0,0.83,0.82,-0.66,1.195,0.845,-4.28,-3.15,-3.68,-3.75,-1.88,-2.48,258.986,454.534,349.594,336.727,0,0,0,0
3031,83,Hombre,7.2,173,59,74,0,1,1.024,206,184,-6.04,36,0,0.34,1.49,-0.06,1.374,1.024,-7.17,-6.04,-6.57,-6.64,-4.51,-5.11,181.125,317.885,244.494,235.495,0,0,0,0
3032,57,Hombre,7.1,145,36.6,43,1,1,-0.2,35,125,-2.22,36,0,-0.13,1.46,1.07,0.15,-0.2,-3.35,-2.22,-2.75,-2.82,-2.52,-3.12,145.587,255.513,196.522,189.289,0,0,0,0
3033,59,Mujer,8.8,150,36.7,2132,0,1,-0.111,1908,148,-3.71,23.69,1,0.85,-1.4,1.12,0.239,-0.111,-4.84,-3.71,-4.24,-4.31,-3.88,-4.48,13.498,23.689,18.22,17.549,1,1,1,1
3034,78,Hombre,7.9,150,57.5,105,0,1,-0.743,50,151,-1.19,36,0,-0.1,0.18,-2.63,-0.393,-0.743,-2.32,-1.19,-1.72,-1.79,-2.31,-2.91,624.439,1095.925,842.905,811.881,0,0,0,0
3035,67,Hombre,8.8,150,45.3,153,0,0,-0.228,122,152,-3.11,36,0,1.83,-0.54,-1.05,-0.228,-0.578,-3.11,-1.98,-2.51,-2.58,-2.85,-3.45,226.271,397.118,305.434,294.192,0,0,0,0
3036,61,Hombre,9.1,125,51.1,74,1,0,0.785,162,131,-4.16,36,0,1.75,-0.14,0.6,0.785,0.435,-4.16,-3.04,-3.56,-3.64,-2.38,-2.98,1346.243,2362.73,1817.238,1750.354,0,0,0,0
3037,78,Mujer,8,136,42.6,334,1,0,-0.322,242,138,-2.16,27.52,1,1.53,-0.94,1.08,-0.322,-0.672,-2.16,-1.03,-1.56,-1.63,-2.04,-2.64,27.525,48.307,37.154,35.787,1,0,0,1
3038,56,Mujer,5.9,141,41.3,341,0,1,-1.626,67,128,3.88,36,0,-0.74,-2.06,1.2,-1.276,-1.626,2.76,3.88,3.36,3.28,1.44,0.84,257.3,451.576,347.319,334.536,0,0,0,0
3039,80,Hombre,8.4,144,34.9,42,1,1,-0.652,22,140,-3.38,36,0,0.38,0.91,1.62,-0.302,-0.652,-4.51,-3.38,-3.91,-3.98,-4.36,-4.96,128.161,224.93,173,166.633,0,0,0,0
3040,47,Mujer,8.5,124,57,15,0,0,-0.152,13,120,-0.7,36,0,-0.2,0.25,-0.62,-0.152,-0.502,-0.7,0.43,-0.1,-0.17,-0.32,-0.92,433.434,760.7,585.074,563.54,0,0,0,0
3041,87,Mujer,7.7,163,29.3,105,1,0,-0.201,86,179,-4.7,36,0,2.17,-0.81,1.51,-0.201,-0.551,-4.7,-3.57,-4.1,-4.17,-4.4,-5,440.374,772.881,594.443,572.564,0,0,0,0
3042,74,Hombre,9.9,115,39.6,27,1,0,-0.354,19,100,-1.85,36,0,0.53,0.38,-0.78,-0.354,-0.704,-1.85,-0.72,-1.25,-1.32,-1.78,-2.38,418.391,734.298,564.768,543.982,0,0,0,0
3043,72,Hombre,7,149,41.6,194,0,1,-1.006,71,145,-3.7,36,0,1.79,1.43,0.65,-0.656,-1.006,-4.83,-3.7,-4.23,-4.3,-5.21,-5.81,32.879,57.704,44.381,42.748,1,0,0,0
3044,58,Hombre,8.2,115,53.3,96,0,0,-0.21,78,119,-3.79,36,0,0.48,0.67,1.06,-0.21,-0.56,-3.79,-2.67,-3.19,-3.27,-3.51,-4.11,921.347,1617.013,1243.688,1197.913,0,0,0,0
3045,60,Hombre,5.8,149,54.2,337,0,1,-0.856,143,153,-1.32,36,0,-0.66,-0.93,2.37,-0.506,-0.856,-2.44,-1.32,-1.84,-1.92,-2.6,-3.2,125.879,220.925,169.919,163.665,0,0,0,0
3046,68,Hombre,8.2,117,60.6,64,0,1,0.279,85,107,-4.84,36,0,-1.11,1.86,-0.43,0.629,0.279,-5.96,-4.84,-5.36,-5.44,-4.42,-5.02,210.05,368.649,283.537,273.102,0,0,0,0
3047,78,Hombre,8.1,166,38.6,230,1,0,-0.199,189,168,-4.38,36,0,-0.18,-0.06,0.68,-0.199,-0.549,-4.38,-3.26,-3.78,-3.86,-4.08,-4.68,1058.869,1858.372,1429.323,1376.716,0,0,0,0
3048,78,Hombre,8.3,143,28.6,60,0,0,0.879,144,123,-4.98,36,0,0.36,0.3,2.47,0.879,0.529,-4.98,-3.85,-4.38,-4.45,-3.06,-3.66,195.912,343.837,264.454,254.721,0,0,0,0
3049,64,Hombre,6.9,125,34,63,0,0,0.356,90,133,-1.18,36,0,-0.54,0.09,-0.88,0.356,0.006,-1.18,-0.05,-0.58,-0.65,-0.04,-0.64,1303.121,2287.049,1759.03,1694.288,0,0,0,0
3050,52,Hombre,9.6,136,54.5,496,1,1,0.706,1005,154,-6.78,36,0,-0.78,1.52,0.14,1.056,0.706,-7.91,-6.78,-7.31,-7.38,-5.72,-6.32,70.138,123.096,94.676,91.192,0,0,0,0
3051,66,Hombre,7.2,149,41.9,276,1,0,0.979,735,160,-5.59,36,0,-1.43,1.43,-0.27,0.979,0.629,-5.59,-4.47,-4.99,-5.07,-3.52,-4.12,161.907,284.156,218.552,210.508,0,0,0,0
3052,73,Hombre,6.4,137,44.5,83,0,0,0.478,134,130,-1.24,36,0,0.03,-0.81,-0.77,0.478,0.128,-1.24,-0.12,-0.64,-0.72,0.07,-0.53,357.958,628.236,483.193,465.408,0,0,0,0
3053,67,Hombre,8.2,163,73.5,106,0,1,-0.451,68,153,-0.33,36,0,0.33,-0.52,0.36,-0.101,-0.451,-1.46,-0.33,-0.86,-0.93,-1.01,-1.61,3406.261,5978.174,4597.971,4428.74,0,0,0,0
3054,76,Mujer,6.8,125,56.1,57,1,1,-0.287,43,133,-1.28,36,0,1.65,0.65,-1.03,0.063,-0.287,-2.4,-1.28,-1.8,-1.88,-1.71,-2.31,635.27,1114.934,857.525,825.964,0,0,0,0
3055,75,Hombre,7,174,39,90,0,1,0.719,185,177,-2.26,36,0,0.29,-0.29,0.06,1.069,0.719,-3.38,-2.26,-2.78,-2.86,-1.18,-1.78,25.432,44.635,34.33,33.067,1,0,1,1
3056,66,Hombre,9.7,148,43.4,229,1,1,-0.69,115,132,-1.96,36,0,-0.4,-0.04,0.19,-0.34,-0.69,-3.09,-1.96,-2.49,-2.56,-3,-3.6,130.627,229.257,176.328,169.838,0,0,0,0
3057,63,Mujer,8.2,142,47.2,42,0,0,0.513,70,141,-3.55,36,0,-0.32,-0.05,0.35,0.513,0.163,-3.55,-2.42,-2.95,-3.02,-2.18,-2.78,363.371,637.735,490.499,472.446,0,0,0,0
3058,59,Hombre,8.4,131,46.7,192,0,0,0.508,319,131,-3.8,36,0,1.12,1.48,-0.88,0.508,0.158,-3.8,-2.68,-3.2,-3.28,-2.44,-3.04,251.124,440.736,338.982,326.505,0,0,0,0
3059,59,Hombre,7.9,134,49,77,1,0,-0.953,30,134,2.18,36,0,0.55,-2.85,0.84,-0.953,-1.303,2.18,3.3,2.78,2.7,1.35,0.75,6731.082,11813.416,9086.01,8751.594,0,0,0,0
3060,60,Hombre,10.2,153,55.7,2294,0,1,0.518,3849,150,-5.01,36,0,-0.47,0.95,-0.38,0.868,0.518,-6.13,-5.01,-5.53,-5.61,-4.23,-4.83,36.249,63.62,48.932,47.131,0,0,0,0
3061,64,Mujer,7.9,154,37.3,524,0,0,-0.263,403,152,-3.46,36,0,0.46,-0.98,0.4,-0.263,-0.613,-3.46,-2.34,-2.86,-2.94,-3.26,-3.86,781.568,1371.694,1055.006,1016.176,0,0,0,0
3062,58,Hombre,7.8,108,38.9,37,1,1,-1.019,13,96,1,36,0,-1.23,1.31,1.06,-0.669,-1.019,-0.12,1,0.48,0.4,-0.53,-1.13,333.16,584.714,449.719,433.167,0,0,0,0
3063,55,Hombre,7.2,117,60.1,126,1,1,-0.334,90,108,0.08,36,0,0.66,0.47,-1.65,0.016,-0.334,-1.05,0.08,-0.45,-0.52,-0.42,-1.02,1350.866,2370.843,1823.478,1756.364,0,0,0,0
3064,69,Hombre,9.3,150,28.7,2167,1,1,-0.446,1388,156,-2.42,36,0,-0.36,-0.32,1.43,-0.096,-0.446,-3.54,-2.42,-2.94,-3.02,-3.08,-3.68,45.005,78.987,60.751,58.515,0,0,0,0
3065,55,Mujer,6.6,149,45.3,167,1,1,-0.112,149,146,-1.52,36,0,0.15,0.4,1.32,0.238,-0.112,-2.64,-1.52,-2.04,-2.12,-1.68,-2.28,54.554,95.744,73.64,70.929,0,0,0,0
3066,72,Hombre,8.8,162,30.4,62,1,0,0.1,68,163,-4.44,36,0,0.46,0.62,-0.01,0.1,-0.25,-4.44,-3.32,-3.84,-3.92,-3.69,-4.29,83.673,146.85,112.946,108.789,0,0,0,0
3067,47,Mujer,9,120,55.3,119,0,1,-0.852,51,106,0.66,36,0,0.2,-0.61,-0.3,-0.502,-0.852,-0.46,0.66,0.14,0.06,-0.62,-1.22,1142.675,2005.457,1542.45,1485.679,0,0,0,0
3068,73,Mujer,7.9,141,34.3,48,0,0,-0.321,35,134,-0.29,36,0,-0.22,-1.89,1.59,-0.321,-0.671,-0.29,0.84,0.31,0.24,-0.17,-0.77,1415.171,2483.702,1910.281,1839.972,0,0,0,0
3069,72,Hombre,9.1,126,50.2,96,0,0,-0.444,62,133,-1.18,36,0,0.83,-0.74,-0.36,-0.444,-0.794,-1.18,-0.05,-0.58,-0.65,-1.24,-1.84,78.603,137.953,106.104,102.198,0,0,0,0
3070,64,Mujer,8,122,53.4,25,0,0,-0.108,22,120,-0.75,36,0,-2.09,-0.48,-0.58,-0.108,-0.458,-0.75,0.37,-0.15,-0.23,-0.31,-0.91,1780.727,3125.274,2403.73,2315.26,0,0,0,0
3071,50,Hombre,7.9,148,56.4,405,0,1,-0.405,270,160,-1.86,36,0,-2.23,-0.32,-1.17,-0.055,-0.405,-2.99,-1.86,-2.39,-2.46,-2.47,-3.07,456.028,800.354,615.573,592.917,0,0,0,0
3072,71,Hombre,8.1,158,31.2,48,1,0,0.353,68,151,-2.69,36,0,2.51,0.02,-0.78,0.353,0.003,-2.69,-1.56,-2.09,-2.16,-1.56,-2.16,164.862,289.342,222.54,214.349,0,0,0,0
3073,81,Hombre,7.3,153,39.1,224,1,0,-0.313,164,159,-4.21,36,0,0.83,-0.13,0.87,-0.313,-0.663,-4.21,-3.08,-3.61,-3.68,-4.08,-4.68,170.409,299.077,230.028,221.561,0,0,0,0
3074,54,Mujer,8.3,133,49.7,102,0,1,0.026,105,138,-1.6,36,0,-0.51,-0.32,0.68,0.376,0.026,-2.72,-1.6,-2.12,-2.2,-1.56,-2.16,1712.045,3004.732,2311.019,2225.96,0,0,0,0
3075,65,Mujer,6.7,135,44.5,243,0,1,-0.394,164,143,-0.69,36,0,0.34,-0.1,0.77,-0.044,-0.394,-1.81,-0.69,-1.21,-1.29,-1.28,-1.88,1720.378,3019.358,2322.268,2236.795,0,0,0,0
3076,65,Mujer,9.2,125,42.4,60,0,0,0.311,82,123,-3.41,36,0,-1.13,0.16,-0.01,0.311,-0.039,-3.41,-2.28,-2.81,-2.88,-2.34,-2.94,709.254,1244.78,957.393,922.156,0,0,0,0
3077,84,Hombre,8.2,115,38.1,28,1,0,0.822,64,109,-5.16,25.32,1,-0.23,0.83,1.46,0.822,0.472,-5.16,-4.03,-4.56,-4.63,-3.33,-3.93,25.318,44.435,34.176,32.918,1,0,1,1
3078,68,Mujer,7.8,163,40.3,207,0,1,-0.867,87,162,0.77,36,0,-0.78,-1.61,0.67,-0.517,-0.867,-0.36,0.77,0.24,0.17,-0.54,-1.14,705.482,1238.159,952.301,917.251,0,0,0,0
3079,66,Mujer,7.5,132,31.9,375,0,1,-1.119,123,124,-1.48,36,0,0.33,-0.36,0.62,-0.769,-1.119,-2.6,-1.48,-2,-2.08,-3.15,-3.75,618.047,1084.706,834.276,803.57,0,0,0,0
3080,68,Mujer,6.9,123,49.4,292,0,0,0.019,297,134,-1.78,36,0,-0.06,-1.29,0.73,0.019,-0.331,-1.78,-0.65,-1.18,-1.25,-1.15,-1.75,167.114,293.295,225.581,217.278,0,0,0,0
3081,74,Hombre,7.4,153,48.4,233,1,0,-0.212,189,155,-1.67,36,0,0.07,-0.47,-0.68,-0.212,-0.562,-1.67,-0.54,-1.07,-1.14,-1.39,-1.99,222.281,390.115,300.048,289.004,0,0,0,0
3082,75,Hombre,8.4,142,43.7,110,1,0,0.114,123,146,-2.67,36,0,1.46,-1.27,-1.27,0.114,-0.236,-2.67,-1.54,-2.07,-2.14,-1.9,-2.5,1751.281,3073.593,2363.981,2276.974,0,0,0,0
3083,63,Hombre,8.4,123,45.4,89,0,0,-0.209,72,140,-3.54,36,0,-0.43,0.33,-0.46,-0.209,-0.559,-3.54,-2.42,-2.94,-3.02,-3.25,-3.85,2694.861,4729.629,3637.682,3503.795,0,0,0,0
3084,52,Hombre,7.5,95,39.7,21,0,1,0.206,26,89,-1.37,36,0,-0.29,1.46,-1.83,0.556,0.206,-2.5,-1.37,-1.9,-1.97,-1.06,-1.66,729.987,1281.168,985.38,949.112,0,0,0,0
3085,53,Hombre,5.8,152,46.9,53,0,1,0.397,79,153,-2.26,36,0,-2.4,0.74,0.24,0.747,0.397,-3.39,-2.26,-2.79,-2.86,-1.67,-2.27,32.218,56.545,43.49,41.89,1,0,0,0
3086,58,Mujer,7.9,141,39.3,26,0,0,0.29,35,140,-1.95,36,0,1.86,-0.85,0,0.29,-0.06,-1.95,-0.82,-1.35,-1.42,-0.91,-1.51,1031.077,1809.596,1391.808,1340.582,0,0,0,0
3087,51,Hombre,8,147,43.7,194,1,1,0.375,282,149,-3.64,36,0,-1.46,0.34,-0.24,0.725,0.375,-4.76,-3.64,-4.16,-4.24,-3.08,-3.68,339.266,595.431,457.961,441.106,0,0,0,0
3088,67,Hombre,5.8,108,41.7,34,0,0,-0.183,28,110,-1.73,36,0,0.25,-0.57,-1.2,-0.183,-0.533,-1.73,-0.61,-1.13,-1.21,-1.41,-2.01,3706.053,6504.326,5002.649,4818.523,0,0,0,0
3089,64,Hombre,5.5,123,54.1,14,0,0,0.032,14,128,-1.73,36,0,1.76,0.05,0.99,0.032,-0.318,-1.73,-0.6,-1.13,-1.2,-1.08,-1.68,954.937,1675.966,1289.03,1241.586,0,0,0,0
3090,55,Mujer,5.8,129,46.8,24,0,1,-0.475,15,122,2.35,36,0,1.53,-1.55,-0.7,-0.125,-0.475,1.23,2.35,1.83,1.75,1.64,1.04,8089.404,14197.346,10919.553,10517.653,0,0,0,0
3091,42,Mujer,7.2,110,57.1,215,0,1,-0.073,200,103,-0.42,36,0,-0.75,1.32,-0.44,0.277,-0.073,-1.55,-0.42,-0.95,-1.02,-0.53,-1.13,1013.752,1779.19,1368.422,1318.056,0,0,0,0
3092,52,Hombre,9.3,118,50.4,244,1,1,0.986,654,104,-4.81,36,0,-1.63,1.17,-0.49,1.336,0.986,-5.94,-4.81,-5.34,-5.41,-3.33,-3.93,318.235,558.52,429.573,413.762,0,0,0,0
3093,65,Mujer,8,151,44.4,121,0,1,-0.513,72,148,-2.3,36,0,0.52,-0.41,1.17,-0.163,-0.513,-3.42,-2.3,-2.82,-2.9,-3.07,-3.67,445.576,782.01,601.465,579.327,0,0,0,0
3094,63,Hombre,6.9,128,45,19,1,0,-0.971,7,120,2.26,36,0,0.33,-2.46,-0.75,-0.971,-1.321,2.26,3.38,2.86,2.78,1.4,0.8,2277.925,3997.884,3074.878,2961.705,0,0,0,0
3095,71,Mujer,8.3,172,40.1,349,1,0,0.04,363,181,-3.22,36,0,0.24,0.4,-1.61,0.04,-0.31,-3.22,-2.1,-2.62,-2.7,-2.56,-3.16,42.745,75.02,57.7,55.576,0,0,0,0
3096,73,Hombre,7.5,144,37.8,193,1,1,0.294,259,128,-4.92,19.28,1,1.16,0.85,1.57,0.644,0.294,-6.05,-4.92,-5.45,-5.52,-4.48,-5.08,10.984,19.277,14.826,14.281,1,1,1,1
3097,76,Hombre,7.3,138,59.9,116,0,0,-0.111,104,136,-2.9,36,0,0.76,0.92,-1.91,-0.111,-0.461,-2.9,-1.77,-2.3,-2.37,-2.46,-3.06,494.844,868.479,667.97,643.385,0,0,0,0
3098,66,Hombre,11.5,136,38.2,1070,0,1,-0.347,757,134,-2.79,5.07,1,-0.57,-0.29,-1.24,0.003,-0.347,-3.92,-2.79,-3.32,-3.39,-3.31,-3.91,2.888,5.069,3.898,3.755,1,1,1,1
3099,49,Hombre,9.6,149,31.6,202,1,1,-0.785,92,140,-3.67,36,0,1.13,-0.28,-1.66,-0.435,-0.785,-4.8,-3.67,-4.2,-4.27,-4.85,-5.45,603.938,1059.944,815.231,785.225,0,0,0,0
3100,75,Mujer,8.9,144,33.4,233,0,1,0.697,468,131,-3.94,36,0,0.18,0.92,-0.84,1.047,0.697,-5.07,-3.94,-4.47,-4.54,-2.9,-3.5,26.254,46.078,35.44,34.135,1,0,1,1
3101,69,Hombre,7.9,145,41,215,0,1,0.641,408,133,-2.3,36,0,1.98,1.07,0.83,0.991,0.641,-3.43,-2.3,-2.83,-2.9,-1.34,-1.94,120.915,212.213,163.219,157.211,0,0,0,0
3102,67,Mujer,7.2,127,39.1,229,0,1,-0.644,120,120,-1.51,36,0,0.16,-0.56,-0.46,-0.294,-0.644,-2.63,-1.51,-2.03,-2.11,-2.48,-3.08,54.22,95.16,73.19,70.496,0,0,0,0
3103,85,Mujer,5.5,145,51.1,100,1,0,-0.224,80,159,-2.8,36,0,0.87,-0.21,-1.25,-0.224,-0.574,-2.8,-1.68,-2.2,-2.28,-2.54,-3.14,752.138,1320.044,1015.281,977.913,0,0,0,0
3104,51,Hombre,7.8,154,41.6,279,0,1,0.075,301,166,-2.41,36,0,0.35,0.84,-2.99,0.425,0.075,-3.54,-2.41,-2.94,-3.01,-2.3,-2.9,307.811,540.226,415.502,400.209,0,0,0,0
3105,41,Mujer,7.5,128,44.1,319,0,0,-0.37,220,127,-0.36,36,0,1.02,-0.91,0.44,-0.37,-0.72,-0.36,0.77,0.24,0.17,-0.31,-0.91,801.035,1405.86,1081.284,1041.487,0,0,0,0
3106,56,Hombre,6.1,124,38.4,519,0,0,-0.044,497,123,-3.33,36,0,0.92,1.45,1.77,-0.044,-0.394,-3.33,-2.2,-2.73,-2.8,-2.79,-3.39,1031.956,1811.14,1392.995,1341.725,0,0,0,0
3107,61,Hombre,7.4,159,38.2,120,0,0,-0.205,98,161,-1.84,32.14,1,-0.93,-0.24,1.24,-0.205,-0.555,-1.84,-0.71,-1.24,-1.31,-1.54,-2.14,32.143,56.412,43.388,41.791,1,0,0,0
3108,69,Mujer,7.9,124,48.4,242,0,0,0.595,439,122,-3.16,36,0,0.59,-0.16,0.35,0.595,0.245,-3.16,-2.04,-2.56,-2.64,-1.67,-2.27,117.863,206.855,159.098,153.242,0,0,0,0
3109,87,Hombre,8.1,150,45.1,366,1,0,0.034,378,150,-4.12,36,0,0.77,-0.02,-0.88,0.034,-0.316,-4.12,-3,-3.52,-3.6,-3.47,-4.07,133.12,233.632,179.693,173.079,0,0,0,0
3110,65,Mujer,6.6,147,44.1,526,0,1,-1.371,133,129,2.66,36,0,1.05,-1.59,1.02,-1.021,-1.371,1.54,2.66,2.14,2.06,0.61,0.01,1055.069,1851.704,1424.195,1371.776,0,0,0,0
3111,41,Hombre,8.7,138,39,21,0,0,-0.666,11,142,0.96,36,0,-0.5,-1.01,-1.03,-0.666,-1.016,0.96,2.09,1.56,1.49,0.57,-0.03,744.245,1306.19,1004.625,967.65,0,0,0,0
3112,81,Mujer,7.9,157,47.2,299,0,1,-0.165,254,155,-1.75,36,0,1.52,0.53,0.89,0.185,-0.165,-2.87,-1.75,-2.27,-2.35,-2,-2.6,91.754,161.033,123.855,119.296,0,0,0,0
3113,69,Hombre,8,113,26.1,346,1,0,0.15,402,105,-3.52,36,0,-1.27,0.89,0.93,0.15,-0.2,-3.52,-2.39,-2.92,-2.99,-2.69,-3.29,223.311,391.923,301.438,290.344,0,0,0,0
3114,46,Mujer,7.4,119,51.5,67,0,0,0.406,101,113,-1.73,36,0,-0.43,1.66,-0.12,0.406,0.056,-1.73,-0.61,-1.13,-1.21,-0.52,-1.12,827.149,1451.692,1116.535,1075.44,0,0,0,0
3115,70,Hombre,8.9,129,43.5,231,0,0,0.791,510,118,-4.74,36,0,0.27,0.26,1.18,0.791,0.441,-4.74,-3.62,-4.14,-4.22,-2.96,-3.56,1173.492,2059.543,1584.049,1525.747,0,0,0,0
3116,65,Hombre,7.6,134,42,179,1,1,-0.315,131,130,-2.38,36,0,-0.83,1.22,1.07,0.035,-0.315,-3.5,-2.38,-2.9,-2.98,-2.85,-3.45,617.589,1083.902,833.657,802.974,0,0,0,0
3117,56,Hombre,7.3,129,54.6,107,0,0,-0.042,103,120,-2.69,36,0,2.39,0.28,-0.96,-0.042,-0.392,-2.69,-1.56,-2.09,-2.16,-2.15,-2.75,599.193,1051.616,808.826,779.056,0,0,0,0
3118,53,Hombre,8.1,127,44.3,332,0,0,-0.187,275,119,-1.73,36,0,-1.24,-0.68,-1.1,-0.187,-0.537,-1.73,-0.61,-1.13,-1.21,-1.41,-2.01,593.187,1041.075,800.719,771.248,0,0,0,0
3119,80,Hombre,7.8,128,50.1,81,0,0,0.244,103,131,-2.9,36,0,0.08,-0.5,-0.86,0.244,-0.106,-2.9,-1.77,-2.3,-2.37,-1.93,-2.53,501.947,880.944,677.557,652.62,0,0,0,0
3120,55,Mujer,6.5,129,61.6,17,0,0,-0.481,11,135,-0.32,36,0,0.19,-2.41,1.23,-0.481,-0.831,-0.32,0.8,0.28,0.2,-0.44,-1.04,4477.861,7858.89,6044.48,5822.009,0,0,0,0
3121,69,Mujer,8.7,167,50.7,36,0,0,0.925,91,162,-3.51,35.85,1,-0.03,0.86,-1.76,0.925,0.575,-3.51,-2.39,-2.91,-2.99,-1.52,-2.12,35.848,62.914,48.389,46.608,1,0,0,0
3122,55,Hombre,6.9,141,48.1,25,0,1,-0.138,22,124,-3.76,36,0,-0.57,1.08,-1.96,0.212,-0.138,-4.88,-3.76,-4.28,-4.36,-3.96,-4.56,2918.327,5121.824,3939.33,3794.34,0,0,0,0
3123,68,Mujer,8.7,131,37,976,0,0,0.69,1946,134,-5.52,3.32,1,-0.14,0.63,1.73,0.69,0.34,-5.52,-4.39,-4.92,-4.99,-3.88,-4.48,3.322,5.83,4.484,4.319,1,1,1,1
3124,62,Mujer,8.1,150,34.8,182,1,1,-0.434,118,150,-3.33,36,0,0.04,-0.65,-0.98,-0.084,-0.434,-4.46,-3.33,-3.86,-3.93,-3.98,-4.58,1525.848,2677.947,2059.679,1983.872,0,0,0,0
3125,71,Mujer,8.5,149,59.1,497,0,0,1.012,1367,135,-5.67,18.65,1,1.88,1.98,1.95,1.012,0.662,-5.67,-4.54,-5.07,-5.14,-3.55,-4.15,18.652,32.735,25.178,24.251,1,1,1,1
3126,57,Mujer,7.4,144,44.5,236,1,1,0.679,466,147,-4.31,36,0,-0.99,0.54,-1.13,1.029,0.679,-5.44,-4.31,-4.84,-4.91,-3.29,-3.89,137.801,241.847,186.011,179.165,0,0,0,0
3127,52,Hombre,7.4,140,39.8,468,0,1,-1.62,93,127,1.34,36,0,0.93,-1.36,1,-1.27,-1.62,0.21,1.34,0.81,0.74,-1.09,-1.69,1170.303,2053.946,1579.744,1521.601,0,0,0,0
3128,65,Mujer,7.8,111,55.4,344,1,1,0.794,761,111,-2.66,36,0,1.48,-0.1,1.57,1.144,0.794,-3.78,-2.66,-3.18,-3.26,-1.47,-2.07,423.341,742.987,571.451,550.418,0,0,0,0
3129,61,Hombre,7.4,131,47.9,217,0,0,-0.014,214,135,-1.31,36,0,1.14,-0.54,1.81,-0.014,-0.364,-1.31,-0.19,-0.71,-0.79,-0.73,-1.33,1247.185,2188.877,1683.523,1621.56,0,0,0,0
3130,73,Hombre,8.7,157,45.4,50,1,0,0.25,64,142,-3.64,36,0,-0.49,-0.11,-0.57,0.25,-0.1,-3.64,-2.51,-3.04,-3.11,-2.66,-3.26,124.586,218.655,168.174,161.984,0,0,0,0
3131,72,Hombre,9,125,42.1,128,0,1,-0.32,93,132,-2.15,36,0,-0.68,0.9,0.4,0.03,-0.32,-3.28,-2.15,-2.68,-2.75,-2.63,-3.23,411.691,722.54,555.724,535.271,0,0,0,0
3132,66,Hombre,7.9,119,46.2,247,0,1,-0.577,139,121,-1.09,36,0,1.26,-0.09,0.66,-0.227,-0.577,-2.21,-1.09,-1.61,-1.69,-1.95,-2.55,2232.524,3918.202,3013.593,2902.676,0,0,0,0
3133,63,Mujer,7.2,123,37.6,186,0,1,-0.449,119,114,-3.11,36,0,0.59,0.03,1.07,-0.099,-0.449,-4.24,-3.11,-3.64,-3.71,-3.79,-4.39,1283.454,2252.532,1732.482,1668.717,0,0,0,0
3134,67,Hombre,8.1,160,51.1,238,0,1,1.014,656,159,-4.08,36,0,1.37,0.95,-0.13,1.364,1.014,-5.2,-4.08,-4.6,-4.68,-2.56,-3.16,75.688,132.837,102.168,98.408,0,0,0,0
3135,51,Hombre,10.1,145,56,2351,1,1,-0.189,1947,127,-5.41,36,0,-0.93,1.26,0.56,0.161,-0.189,-6.53,-5.41,-5.93,-6.01,-5.69,-6.29,425.192,746.234,573.949,552.824,0,0,0,0
3136,65,Mujer,7.8,151,43.6,91,0,0,0.03,94,145,-1.4,36,0,0.36,-0.21,-0.41,0.03,-0.32,-1.4,-0.28,-0.8,-0.88,-0.76,-1.36,136.813,240.114,184.678,177.881,0,0,0,0
3137,58,Hombre,6.4,124,63.5,170,0,1,0.038,177,123,1.15,36,0,0.82,-0.51,0.62,0.388,0.038,0.02,1.15,0.62,0.55,1.2,0.6,1504.087,2639.755,2030.306,1955.579,0,0,0,0
3138,69,Hombre,7.4,125,41,66,0,1,0.749,140,129,-2.57,36,0,0.97,0.36,2.21,1.099,0.749,-3.7,-2.57,-3.1,-3.17,-1.45,-2.05,76.035,133.445,102.636,98.859,0,0,0,0
3139,63,Hombre,7.6,134,55.3,117,0,0,0.094,128,131,-2.55,36,0,-1.44,-0.36,-2.16,0.094,-0.256,-2.55,-1.42,-1.95,-2.02,-1.81,-2.41,102.184,179.338,137.934,132.857,0,0,0,0
3140,64,Mujer,8,140,48.3,18,0,0,0.59,32,142,-1.59,36,0,0.48,0.44,-1.04,0.59,0.24,-1.59,-0.46,-0.99,-1.06,-0.1,-0.7,1817.092,3189.096,2452.818,2362.54,0,0,0,0
3141,72,Mujer,7.8,137,46.1,72,0,0,0.646,137,130,-5.06,36,0,-1.36,0.6,-1.5,0.646,0.296,-5.06,-3.94,-4.46,-4.54,-3.49,-4.09,360.644,632.95,486.818,468.901,0,0,0,0
3142,55,Mujer,7.9,132,53.7,71,0,1,0.852,166,118,-3.12,36,0,-0.14,0.81,-1.69,1.202,0.852,-4.24,-3.12,-3.64,-3.72,-1.84,-2.44,699.474,1227.614,944.191,909.439,0,0,0,0
3143,44,Hombre,6.3,105,57.2,250,0,1,-1.564,52,108,3.88,36,0,0.14,-3.08,0.93,-1.214,-1.564,2.76,3.88,3.36,3.28,1.54,0.94,30127.304,52875.065,40667.607,39170.812,0,0,0,0
3144,63,Mujer,10.5,127,58.7,399,0,1,0.159,468,132,-2.98,36,0,-0.33,0.86,1.29,0.509,0.159,-4.11,-2.98,-3.51,-3.58,-2.74,-3.34,374.329,656.968,505.292,486.694,0,0,0,0
3145,67,Hombre,10.1,131,39.9,586,0,0,-0.035,566,126,-4.35,0.01,1,-0.03,1.65,-0.67,-0.035,-0.385,-4.35,-3.23,-3.75,-3.83,-3.8,-4.4,0.007,0.012,0.009,0.009,1,1,1,1
3146,48,Hombre,7.3,131,58.4,52,0,0,1.042,147,120,-1.76,36,0,2.37,1.07,-0.08,1.042,0.692,-1.76,-0.64,-1.16,-1.24,0.4,-0.2,104.546,183.483,141.122,135.928,0,0,0,0
3147,70,Mujer,8.1,138,63.5,11,1,0,1.252,38,135,-3.51,36,0,0.44,1.86,-1.3,1.252,0.902,-3.51,-2.38,-2.91,-2.98,-1.03,-1.63,73.812,129.544,99.635,95.968,0,0,0,0
3148,63,Mujer,6.9,120,53.7,108,0,0,0.611,199,121,-2.77,36,0,0.52,0.57,-0.72,0.611,0.261,-2.77,-1.65,-2.17,-2.25,-1.26,-1.86,378.628,664.513,511.094,492.283,0,0,0,0
3149,75,Hombre,7.7,132,41.5,36,1,0,0.82,82,138,-4.42,36,0,1.87,1.07,0.91,0.82,0.47,-4.42,-3.29,-3.82,-3.89,-2.58,-3.18,232.717,408.431,314.135,302.573,0,0,0,0
3150,57,Mujer,10,142,51,100,1,0,-0.5,61,138,-2.97,36,0,-0.37,-0.57,0.45,-0.5,-0.85,-2.97,-1.84,-2.37,-2.44,-3.12,-3.72,224.859,394.639,303.527,292.356,0,0,0,0
3151,61,Mujer,7.4,141,58.2,104,0,0,0.099,115,139,-3.02,36,0,0.3,1.38,0.41,0.099,-0.251,-3.02,-1.89,-2.42,-2.49,-2.27,-2.87,488.161,856.749,658.948,634.695,0,0,0,0
3152,76,Hombre,7.4,152,51.6,21,0,0,0.831,48,144,-2.9,8.04,1,-0.37,1.1,0.45,0.831,0.481,-2.9,-1.78,-2.3,-2.38,-1.05,-1.65,8.037,14.105,10.849,10.449,1,1,1,1
3153,47,Hombre,10,121,42.3,336,0,0,-0.572,190,109,-2.63,36,0,0.03,-0.62,0.22,-0.572,-0.922,-2.63,-1.5,-2.03,-2.1,-2.88,-3.48,268.314,470.906,362.186,348.856,0,0,0,0
3154,72,Hombre,9.2,156,46.4,5201,0,1,-1.288,1434,155,-1.24,36,0,0.01,-2.17,0.56,-0.938,-1.288,-2.37,-1.24,-1.77,-1.84,-3.17,-3.77,1719.239,3017.358,2320.73,2235.314,0,0,0,0
3155,87,Hombre,8.4,155,34.3,78,1,0,-0.424,51,167,-3.32,36,0,0.37,0.11,0.49,-0.424,-0.774,-3.32,-2.2,-2.72,-2.8,-3.36,-3.96,188.901,331.532,254.99,245.605,0,0,0,0
3156,53,Mujer,7.1,119,47.7,69,0,0,-0.282,52,113,-2.04,36,0,-0.17,-0.45,1,-0.282,-0.632,-2.04,-0.91,-1.44,-1.51,-1.86,-2.46,3621.35,6355.668,4888.312,4708.394,0,0,0,0
3157,58,Hombre,8.6,137,39.2,1327,0,0,0.004,1332,132,-5.01,36,0,-1.04,0.38,0.05,0.004,-0.346,-5.01,-3.89,-4.41,-4.49,-4.41,-5.01,448.137,786.505,604.922,582.657,0,0,0,0
3158,63,Mujer,7.6,136,53.7,1759,1,1,-1.164,549,122,-0.58,36,0,-1.34,-0.5,0.63,-0.814,-1.164,-1.71,-0.58,-1.11,-1.18,-2.33,-2.93,1809.081,3175.037,2442.004,2352.125,0,0,0,0
3159,65,Mujer,7.3,152,35.6,376,0,0,-0.882,156,146,-0.3,36,0,0.07,-2.36,-1.91,-0.882,-1.232,-0.3,0.82,0.3,0.22,-1.03,-1.63,1012.851,1777.608,1367.206,1316.885,0,0,0,0
3160,60,Hombre,8.6,137,44,220,1,1,-0.702,109,137,-2.81,36,0,-1.19,0.9,-0.11,-0.352,-0.702,-3.93,-2.81,-3.33,-3.41,-3.86,-4.46,70.263,123.316,94.845,91.354,0,0,0,0
3161,60,Mujer,8.6,157,38.4,126,0,1,0.728,261,152,-4.26,36,0,0.19,-0.47,0.22,1.078,0.728,-5.39,-4.26,-4.79,-4.86,-3.17,-3.77,23.607,41.431,31.866,30.693,1,0,1,1
3162,44,Mujer,7.6,103,55.7,17,0,1,-1.106,6,111,3.61,36,0,0.93,-0.96,-0.65,-0.756,-1.106,2.48,3.61,3.08,3.01,1.95,1.35,3343.706,5868.387,4513.531,4347.408,0,0,0,0
3163,51,Mujer,8.4,129,59.3,128,0,1,-0.404,85,118,-2.12,36,0,0.69,0.08,-0.81,-0.054,-0.404,-3.24,-2.12,-2.64,-2.72,-2.72,-3.32,476.502,836.288,643.211,619.537,0,0,0,0
3164,68,Hombre,9,143,46.4,425,0,0,-0.3,315,137,-2.58,36,0,0.19,0.47,-1.28,-0.3,-0.65,-2.58,-1.45,-1.98,-2.05,-2.43,-3.03,178.393,313.09,240.806,231.943,0,0,0,0
3165,61,Hombre,5.5,129,43.6,498,0,1,-0.338,355,117,-1.19,36,0,-1.25,-1.09,-0.49,0.012,-0.338,-2.32,-1.19,-1.72,-1.79,-1.7,-2.3,1167.209,2048.516,1575.568,1517.578,0,0,0,0
3166,70,Hombre,9.2,144,47.6,85,1,1,0.057,90,136,-3.88,36,0,-1.37,-0.37,-1.51,0.407,0.057,-5.01,-3.88,-4.41,-4.48,-3.8,-4.4,103.143,181.022,139.229,134.105,0,0,0,0
3167,35,Hombre,7.2,106,48.6,27,0,1,0.518,45,104,-1.14,36,0,-0.92,1.14,0.06,0.868,0.518,-2.27,-1.14,-1.67,-1.74,-0.37,-0.97,180.987,317.641,244.306,235.314,0,0,0,0
3168,62,Mujer,7.6,133,52.7,19,0,1,-0.197,16,127,-0.09,36,0,-0.3,0.16,1.22,0.153,-0.197,-1.21,-0.09,-0.61,-0.69,-0.38,-0.98,142.369,249.866,192.179,185.105,0,0,0,0
3169,64,Hombre,8.2,139,45.6,152,0,0,0.197,185,148,-3.76,36,0,1,0.88,-1.22,0.197,-0.153,-3.76,-2.63,-3.16,-3.23,-2.86,-3.46,120.341,211.205,162.443,156.464,0,0,0,0
3170,56,Hombre,7.4,139,36.7,76,0,1,0.223,95,127,-2.47,36,0,-0.35,0.92,-1.33,0.573,0.223,-3.6,-2.47,-3,-3.07,-2.14,-2.74,293.21,514.6,395.792,381.225,0,0,0,0
3171,50,Mujer,7.9,137,59.8,557,0,1,-1.092,187,129,0.93,36,0,-0.28,0.18,-1.87,-0.742,-1.092,-0.19,0.93,0.41,0.33,-0.7,-1.3,551.972,968.741,745.084,717.661,0,0,0,0
3172,58,Mujer,8.3,129,43.2,168,0,0,-0.429,109,130,-0.02,36,0,2.04,-0.08,1.52,-0.429,-0.779,-0.02,1.11,0.58,0.51,-0.06,-0.66,1852.498,3251.236,2500.611,2408.575,0,0,0,0
3173,61,Hombre,8.2,146,48,170,0,1,0.167,201,139,-1.24,36,0,1.79,-1.03,0.06,0.517,0.167,-2.37,-1.24,-1.77,-1.84,-0.99,-1.59,133.939,235.07,180.799,174.144,0,0,0,0
3174,58,Hombre,6.2,143,30.8,101,0,0,0.276,133,149,-4.07,36,0,-0.86,1.72,0.29,0.276,-0.074,-4.07,-2.94,-3.47,-3.54,-3.05,-3.65,343.393,602.673,463.531,446.471,0,0,0,0
3175,63,Mujer,9.1,150,48.5,76,0,0,0.558,133,141,-3.19,36,0,-2.4,-1.06,0.27,0.558,0.208,-3.19,-2.07,-2.59,-2.67,-1.76,-2.36,2092.583,3672.597,2824.691,2720.727,0,0,0,0
3176,59,Mujer,6.9,129,49.5,99,1,0,0.484,161,127,-3.92,36,0,-1.11,0.04,-1.48,0.484,0.134,-3.92,-2.79,-3.32,-3.39,-2.59,-3.19,122.555,215.09,165.432,159.343,0,0,0,0
3177,74,Hombre,7.4,133,26.9,290,0,0,0.977,771,142,-4.69,36,0,1.49,1.02,1.11,0.977,0.627,-4.69,-3.56,-4.09,-4.16,-2.62,-3.22,93.187,163.549,125.79,121.16,0,0,0,0
3178,74,Mujer,8.9,138,42.8,143,0,1,0.139,164,130,-2.92,36,0,-1.06,0.33,0.38,0.489,0.139,-4.04,-2.92,-3.44,-3.52,-2.71,-3.31,325.891,571.957,439.907,423.716,0,0,0,0
3179,53,Mujer,7.1,103,56.1,236,0,1,0.022,241,87,-0.32,36,0,-0.83,0.35,-1.45,0.372,0.022,-1.44,-0.32,-0.84,-0.92,-0.28,-0.88,832.453,1461,1123.693,1082.335,0,0,0,0
3180,66,Hombre,9.4,139,40.3,55,1,1,-0.141,48,153,-0.53,36,0,-1.72,-1.11,0.85,0.209,-0.141,-1.66,-0.53,-1.06,-1.13,-0.75,-1.35,1327.451,2329.749,1791.872,1725.921,0,0,0,0
3181,65,Hombre,7.2,132,55.3,63,0,0,-0.576,35,140,1.17,36,0,-0.27,-1.37,-0.35,-0.576,-0.926,1.17,2.3,1.77,1.7,0.91,0.31,548.328,962.345,740.165,712.923,0,0,0,0
3182,76,Hombre,5.9,153,54,10,0,0,0.145,12,163,1.13,36,0,-0.53,-1.14,-0.42,0.145,-0.205,1.13,2.26,1.73,1.66,1.95,1.35,2194.344,3851.195,2962.055,2853.035,0,0,0,0
3183,47,Hombre,8.7,130,52,91,0,0,-0.147,79,110,-1.67,36,0,-2.59,0.62,2.51,-0.147,-0.497,-1.67,-0.54,-1.07,-1.14,-1.29,-1.89,524.12,919.859,707.488,681.448,0,0,0,0
3184,76,Mujer,7.2,112,50.7,1231,1,0,-1.004,451,104,-1.89,36,0,-0.25,-0.06,1.21,-1.004,-1.354,-1.89,-0.77,-1.29,-1.37,-2.8,-3.4,825.373,1448.575,1114.137,1073.131,0,0,0,0
3185,50,Mujer,8,120,33.4,463,0,1,-0.646,243,126,-1.9,36,0,0.01,-0.21,1.02,-0.296,-0.646,-3.02,-1.9,-2.42,-2.5,-2.87,-3.47,668.792,1173.766,902.775,869.547,0,0,0,0
3186,81,Mujer,8.5,146,38.2,93,0,1,-0.076,86,147,-1.88,19.72,1,0.87,-0.76,1,0.274,-0.076,-3.01,-1.88,-2.41,-2.48,-2,-2.6,11.237,19.721,15.168,14.61,1,1,1,1
3187,63,Mujer,6.9,136,60,87,1,1,0.766,187,130,-5.21,36,0,0.14,2.28,0.33,1.116,0.766,-6.33,-5.21,-5.73,-5.81,-4.06,-4.66,611.077,1072.474,824.868,794.508,0,0,0,0
3188,72,Hombre,8.7,159,41.1,1001,1,0,0.352,1423,151,-8.69,36,0,0.04,2.94,-0.79,0.352,0.002,-8.69,-7.56,-8.09,-8.16,-7.56,-8.16,115.497,202.703,155.904,150.166,0,0,0,0
3189,53,Hombre,9.4,129,50.5,71,0,1,-0.262,55,119,-0.6,36,0,0.11,-1.17,-0.82,0.088,-0.262,-1.73,-0.6,-1.13,-1.2,-0.99,-1.59,150.798,264.659,203.556,196.064,0,0,0,0
3190,67,Mujer,6.3,128,42,221,0,0,-0.044,212,136,-1.97,36,0,-1.93,0.45,-0.01,-0.044,-0.394,-1.97,-0.85,-1.37,-1.45,-1.44,-2.04,192.252,337.413,259.513,249.962,0,0,0,0
3191,79,Mujer,9.6,145,44.7,209,1,1,-0.192,173,139,-4.68,36,0,0.77,1.63,-0.06,0.158,-0.192,-5.81,-4.68,-5.21,-5.28,-4.97,-5.57,168.092,295.01,226.9,218.549,0,0,0,0
3192,67,Mujer,8.4,136,52.6,63,0,0,0.63,118,129,-5.43,36,0,-0.89,1.83,0.14,0.63,0.28,-5.43,-4.3,-4.83,-4.9,-3.88,-4.48,88.217,154.826,119.081,114.698,0,0,0,0
3193,69,Mujer,6.1,141,44.3,40,0,0,0.162,47,144,-0.53,36,0,1.31,0.04,1.6,0.162,-0.188,-0.53,0.59,0.07,-0.01,0.31,-0.29,366.422,643.091,494.618,476.414,0,0,0,0
3194,50,Hombre,7.1,132,49.8,107,0,0,-0.097,97,143,-2.56,36,0,-0.23,0.2,1.01,-0.097,-0.447,-2.56,-1.43,-1.96,-2.03,-2.1,-2.7,488.788,857.85,659.795,635.511,0,0,0,0
3195,72,Hombre,7.5,173,45.6,33,0,0,0.535,56,166,-6.07,36,0,-0.02,2.47,0.42,0.535,0.185,-6.07,-4.94,-5.47,-5.54,-4.67,-5.27,138.065,242.311,186.368,179.509,0,0,0,0
3196,58,Hombre,7.3,112,47.5,56,0,0,-0.817,25,117,-0.78,36,0,-1.48,0.18,0.35,-0.817,-1.167,-0.78,0.34,-0.18,-0.26,-1.41,-2.01,615.379,1080.023,830.674,800.101,0,0,0,0
3197,56,Hombre,7.3,129,52.7,196,0,0,-0.272,149,134,-1.04,36,0,-0.29,-1.1,-0.47,-0.272,-0.622,-1.04,0.08,-0.44,-0.52,-0.85,-1.45,956.022,1677.87,1290.494,1242.997,0,0,0,0
3198,65,Hombre,6.2,137,40.7,10,1,0,0.057,11,134,-1.84,36,0,3.01,-0.71,0.32,0.057,-0.293,-1.84,-0.71,-1.24,-1.31,-1.15,-1.75,462.979,812.554,624.957,601.955,0,0,0,0
3199,59,Hombre,6.4,138,41.4,50,1,0,-0.335,36,129,-1.29,24.33,1,-0.22,0.14,-0.01,-0.335,-0.685,-1.29,-0.16,-0.69,-0.76,-1.19,-1.79,24.33,42.7,32.842,31.633,1,0,1,1
3200,64,Hombre,7.2,118,43.3,49,0,0,-0.537,29,119,-0.08,36,0,-1.13,-0.66,-0.67,-0.537,-0.887,-0.08,1.05,0.52,0.45,-0.28,-0.88,1716.42,3012.411,2316.924,2231.649,0,0,0,0
3201,72,Hombre,7.9,147,45.3,193,0,0,0.131,220,157,-1.16,36,0,1,-1.54,-1.78,0.131,-0.219,-1.16,-0.04,-0.56,-0.64,-0.37,-0.97,385.827,677.147,520.812,501.643,0,0,0,0
3202,70,Hombre,6.4,141,31.9,687,0,0,-0.268,525,135,-3.82,36,0,-1.56,-0.41,-1.35,-0.268,-0.618,-3.82,-2.7,-3.22,-3.3,-3.63,-4.23,406.368,713.198,548.539,528.35,0,0,0,0
3203,66,Hombre,8.2,95,47.1,1109,0,1,-1.118,363,85,-0.73,36,0,-0.02,-1.11,0.41,-0.768,-1.118,-1.86,-0.73,-1.26,-1.33,-2.41,-3.01,1680.294,2949.007,2268.159,2184.678,0,0,0,0
3204,57,Mujer,8.3,105,32.3,43,0,1,-0.367,30,89,2.41,36,0,1.08,-1.12,-0.26,-0.017,-0.367,1.29,2.41,1.89,1.81,1.86,1.26,234.924,412.305,317.115,305.443,0,0,0,0
3205,46,Hombre,8.1,145,45.2,178,0,1,-0.301,132,141,-4.03,36,0,0.7,1.34,0.34,0.049,-0.301,-5.16,-4.03,-4.56,-4.63,-4.48,-5.08,1312.166,2302.923,1771.239,1706.047,0,0,0,0
3206,88,Hombre,6.5,136,37.3,44,1,0,-0.357,31,126,-3.05,36,0,1.68,-1.2,0.44,-0.357,-0.707,-3.05,-1.93,-2.45,-2.53,-2.99,-3.59,1413.157,2480.168,1907.563,1837.354,0,0,0,0
3207,59,Mujer,6.8,134,46,11,0,0,0.302,15,140,0.87,36,0,0.19,-1.2,0.86,0.302,-0.048,0.87,1.99,1.47,1.39,1.92,1.32,1445.974,2537.764,1951.861,1880.022,0,0,0,0
3208,52,Hombre,7.6,124,38.5,40,0,0,0.185,48,126,-1.97,36,0,0.44,-0.26,-1.13,0.185,-0.165,-1.97,-0.85,-1.37,-1.45,-1.09,-1.69,957.585,1680.614,1292.604,1245.029,0,0,0,0
3209,80,Hombre,8.4,160,35,201,0,1,0.101,222,154,-6.21,36,0,1.32,1.88,0.07,0.451,0.101,-7.34,-6.21,-6.74,-6.81,-6.06,-6.66,155.069,272.154,209.321,201.617,0,0,0,0
3210,69,Mujer,7.3,140,52.9,32,0,0,0.006,32,142,-1.11,36,0,-1,-0.68,0.3,0.006,-0.344,-1.11,0.02,-0.51,-0.58,-0.5,-1.1,554.038,972.367,747.873,720.347,0,0,0,0
3211,73,Hombre,7.9,112,34.2,11,1,0,-0.346,8,122,0.22,36,0,-1.34,-0.93,1.91,-0.346,-0.696,0.22,1.35,0.82,0.75,0.3,-0.3,281.71,494.416,380.268,366.272,0,0,0,0
3212,45,Hombre,7.7,129,53.2,710,0,1,-0.063,666,109,-3.35,36,0,0.31,0.86,-0.47,0.287,-0.063,-4.47,-3.35,-3.87,-3.95,-3.44,-4.04,103.638,181.89,139.896,134.747,0,0,0,0
3213,88,Hombre,9.2,133,42.9,260,0,1,0.01,263,129,-2.11,36,0,-0.09,-0.3,-0.09,0.36,0.01,-3.23,-2.11,-2.63,-2.71,-2.09,-2.69,80.603,141.463,108.803,104.798,0,0,0,0
3214,41,Mujer,6.9,140,56.1,90,0,0,0.632,169,143,-3.82,36,0,0.01,0.8,0.2,0.632,0.282,-3.82,-2.7,-3.22,-3.3,-2.27,-2.87,57.159,100.318,77.157,74.317,0,0,0,0
3215,77,Hombre,7.3,147,34.9,1216,1,0,-0.099,1102,147,-3.19,36,0,1.68,-0.45,1.48,-0.099,-0.449,-3.19,-2.06,-2.59,-2.66,-2.74,-3.34,287.674,504.883,388.319,374.027,0,0,0,0
3216,74,Hombre,7.9,143,53.7,125,1,1,-1.333,33,131,-0.94,36,0,0.5,-0.4,0.1,-0.983,-1.333,-2.07,-0.94,-1.47,-1.54,-2.94,-3.54,137.546,241.401,185.668,178.834,0,0,0,0
3217,63,Mujer,6.9,124,42.8,161,0,0,0.235,204,125,-2.85,1.5,1,0.65,1.43,1.18,0.235,-0.115,-2.85,-1.72,-2.25,-2.32,-1.89,-2.49,1.505,2.641,2.031,1.956,1,1,1,1
3218,66,Mujer,9.8,95,41.2,21,0,0,0.55,36,92,-2.28,36,0,0.51,0.81,-0.08,0.55,0.2,-2.28,-1.15,-1.68,-1.75,-0.85,-1.45,1212.441,2127.9,1636.624,1576.387,0,0,0,0
3219,53,Hombre,7,142,42.3,481,0,0,0.467,767,130,-4.36,36,0,1.33,0.66,-0.05,0.467,0.117,-4.36,-3.24,-3.76,-3.84,-3.06,-3.66,50.325,88.323,67.932,65.431,0,0,0,0
3220,57,Mujer,7.1,133,55.1,21,0,1,0.431,32,130,-1.83,36,0,0.34,-0.58,-2.01,0.781,0.431,-2.96,-1.83,-2.36,-2.43,-1.19,-1.79,660.427,1159.086,891.484,858.672,0,0,0,0
3221,73,Mujer,7.4,137,42.2,35,0,0,0.105,39,136,0.26,36,0,-0,-1.4,0.61,0.105,-0.245,0.26,1.39,0.86,0.79,1.02,0.42,379.389,665.849,512.122,493.273,0,0,0,0
3222,46,Mujer,9.9,146,40.3,260,0,1,0.877,625,136,-4.98,36,0,-0.79,1.95,1.2,1.227,0.877,-6.11,-4.98,-5.51,-5.58,-3.67,-4.27,69.733,122.385,94.129,90.665,0,0,0,0
3223,41,Mujer,7.1,117,55.7,81,0,1,-0.892,33,113,0.74,36,0,-2.06,-0.9,-0.79,-0.542,-0.892,-0.38,0.74,0.22,0.14,-0.6,-1.2,1478.012,2593.992,1995.107,1921.676,0,0,0,0
3224,69,Hombre,8.6,129,58.9,35,0,1,-0.188,29,117,0.36,36,0,-1.63,-1.22,1,0.162,-0.188,-0.76,0.36,-0.16,-0.24,0.08,-0.52,2727.076,4786.167,3681.168,3545.68,0,0,0,0
3225,59,Mujer,7.8,135,56.3,460,0,1,-1.756,79,124,0.45,36,0,0.8,0.12,0.57,-1.406,-1.756,-0.67,0.45,-0.07,-0.15,-2.18,-2.78,799.1,1402.464,1078.672,1038.971,0,0,0,0
3226,38,Hombre,6,159,67.9,90,0,1,-0.274,68,165,-1.19,36,0,-1.07,0.59,0.85,0.076,-0.274,-2.31,-1.19,-1.71,-1.79,-1.6,-2.2,4167.356,7313.938,5625.343,5418.299,0,0,0,0
3227,74,Hombre,7.4,107,39.5,52,0,0,-0.719,25,116,0.8,36,0,-0.41,-1.86,-0.17,-0.719,-1.069,0.8,1.93,1.4,1.33,0.32,-0.28,721.083,1265.541,973.361,937.536,0,0,0,0
3228,61,Hombre,8.8,135,34.3,75,1,1,-1.172,23,132,-0.22,36,0,-1.12,-0.51,-0.93,-0.822,-1.172,-1.34,-0.22,-0.74,-0.82,-1.98,-2.58,2690.945,4722.755,3632.396,3498.703,0,0,0,0
3229,48,Mujer,7.6,137,42.9,270,0,1,-0.526,160,131,0.68,36,0,-0.23,-0.37,1.3,-0.176,-0.526,-0.44,0.68,0.16,0.08,-0.11,-0.71,735.807,1291.381,993.235,956.679,0,0,0,0
3230,49,Mujer,9.8,114,56.7,220,0,1,-0.77,102,96,-0.26,36,0,0.79,0.83,-0.05,-0.42,-0.77,-1.39,-0.26,-0.79,-0.86,-1.42,-2.02,136.333,239.272,184.03,177.257,0,0,0,0
3231,50,Hombre,8,140,45.4,87,1,1,-0.329,63,146,-0.54,36,0,-1.53,-0.23,0.12,0.021,-0.329,-1.66,-0.54,-1.06,-1.14,-1.03,-1.63,331.957,582.603,448.095,431.603,0,0,0,0
3232,72,Hombre,9,136,38.8,78,1,0,0.414,118,131,-3.62,36,0,-0.3,0.65,0.67,0.414,0.064,-3.62,-2.49,-3.02,-3.09,-2.4,-3,687.856,1207.224,928.508,894.334,0,0,0,0
3233,77,Mujer,6.3,162,33.7,345,1,0,0.059,366,171,-2.62,36,0,-1.22,-1.16,-0.99,0.059,-0.291,-2.62,-1.49,-2.02,-2.09,-1.93,-2.53,499.214,876.148,673.869,649.067,0,0,0,0
3234,68,Hombre,7.4,133,31.7,100,0,0,-0.261,77,125,-1.53,36,0,-0.31,-0.59,2.01,-0.261,-0.611,-1.53,-0.41,-0.93,-1.01,-1.32,-1.92,2179.561,3825.25,2942.1,2833.815,0,0,0,0
3235,68,Hombre,8.9,109,53.2,103,0,0,0.18,123,115,-1.71,36,0,0.55,-1.58,-1.69,0.18,-0.17,-1.71,-0.58,-1.11,-1.18,-0.84,-1.44,2509.227,4403.831,3387.102,3262.438,0,0,0,0
3236,67,Hombre,8.1,116,32.3,37,1,0,-0.425,24,133,-2.21,36,0,-0.24,1.42,-0.08,-0.425,-0.775,-2.21,-1.08,-1.61,-1.68,-2.25,-2.85,633.79,1112.336,855.527,824.039,0,0,0,0
3237,72,Hombre,7.7,132,29.5,448,0,0,0.257,579,127,-4.78,25.73,1,2.87,2.26,0.79,0.257,-0.093,-4.78,-3.66,-4.18,-4.26,-3.8,-4.4,25.734,45.165,34.738,33.459,1,0,1,1
3238,67,Mujer,7.5,136,41.9,549,0,1,-0.707,271,141,-0.8,36,0,0.75,-0.15,-0.96,-0.357,-0.707,-1.93,-0.8,-1.33,-1.4,-1.86,-2.46,54.66,95.932,73.784,71.068,0,0,0,0
3239,38,Hombre,8.3,109,45.3,23,0,0,-0.368,16,106,0.47,36,0,-1.15,0.03,-0.71,-0.368,-0.718,0.47,1.59,1.07,0.99,0.52,-0.08,2417.796,4243.365,3263.684,3143.562,0,0,0,0
3240,68,Hombre,7.5,109,46.8,681,0,0,-1.235,198,108,0.3,36,0,0.08,-0.33,1.36,-1.235,-1.585,0.3,1.42,0.9,0.82,-0.95,-1.55,1362.597,2391.433,1839.314,1771.617,0,0,0,0
3241,71,Hombre,6.8,140,50.9,129,0,0,-0.612,70,142,0.46,36,0,1.1,-0.53,-0.24,-0.612,-0.962,0.46,1.58,1.06,0.98,0.14,-0.46,2355.914,4134.758,3180.151,3063.104,0,0,0,0
3242,55,Hombre,7.8,145,43.5,112,0,1,-0.472,70,150,-0.81,36,0,-0.78,-1.05,-0.71,-0.122,-0.472,-1.93,-0.81,-1.33,-1.41,-1.51,-2.11,2485.917,4362.92,3355.637,3232.131,0,0,0,0
3243,50,Hombre,12,127,56.2,871,0,1,0.111,973,132,-3.58,36,0,0.2,0.22,0.04,0.461,0.111,-4.7,-3.58,-4.1,-4.18,-3.41,-4.01,61.574,108.065,83.116,80.057,0,0,0,0
3244,71,Hombre,8,144,26.5,867,0,1,-0.721,422,137,-2.88,32.59,1,0.23,1.55,0.92,-0.371,-0.721,-4.01,-2.88,-3.41,-3.48,-3.96,-4.56,18.57,32.591,25.067,24.144,1,1,1,1
3245,61,Mujer,10.1,125,45.8,134,0,1,0.628,251,124,-4.71,36,0,1.4,1.53,-0.03,0.978,0.628,-5.83,-4.71,-5.23,-5.31,-3.77,-4.37,168.195,295.192,227.04,218.683,0,0,0,0
3246,67,Hombre,7.4,147,40.9,22,1,0,0.321,30,147,-2.55,36,0,-0.59,-0.03,-0.63,0.321,-0.029,-2.55,-1.43,-1.95,-2.03,-1.47,-2.07,836.645,1468.358,1129.353,1087.787,0,0,0,0
3247,70,Mujer,8,167,43.6,2478,0,1,-0.174,2083,147,-3.05,36,0,0.81,-1.57,-0.19,0.176,-0.174,-4.18,-3.05,-3.58,-3.65,-3.31,-3.91,406.961,714.238,549.34,529.121,0,0,0,0
3248,71,Hombre,6.7,141,38.4,132,0,0,0.109,147,136,-3.43,36,0,0.27,0.77,-0.07,0.109,-0.241,-3.43,-2.3,-2.83,-2.9,-2.66,-3.26,304.939,535.185,411.625,396.474,0,0,0,0
3249,47,Hombre,11.1,125,51.5,461,0,1,-0.089,422,125,-1.68,36,0,-0.18,-1.18,0.16,0.261,-0.089,-2.81,-1.68,-2.21,-2.28,-1.82,-2.42,445.929,782.63,601.941,579.786,0,0,0,0
3250,60,Hombre,6.9,130,50.7,229,0,0,0.573,406,123,-3.58,36,0,-0.63,3.06,-1.4,0.573,0.223,-3.58,-2.45,-2.98,-3.05,-2.12,-2.72,54.515,95.678,73.588,70.88,0,0,0,0
3251,51,Hombre,10.4,132,51.2,725,0,1,-0.512,434,121,-0.14,36,0,0.75,-1.31,-1.36,-0.162,-0.512,-1.26,-0.14,-0.66,-0.74,-0.9,-1.5,108.451,190.337,146.393,141.005,0,0,0,0
3252,49,Mujer,6.7,103,55.5,60,0,0,-1.165,19,114,1.14,32.96,1,-0.06,-1.28,2.08,-1.165,-1.515,1.14,2.27,1.74,1.67,-0,-0.6,32.962,57.851,44.495,42.857,1,0,0,0
3253,71,Hombre,8.9,165,36.4,551,0,0,-0.235,436,181,-3.3,36,0,0.46,-0.74,0.81,-0.235,-0.585,-3.3,-2.17,-2.7,-2.77,-3.05,-3.65,43.219,75.851,58.339,56.192,0,0,0,0
3254,50,Hombre,7.2,171,34.9,322,0,1,-0.559,184,173,-3.66,36,0,0.49,1.06,1.63,-0.209,-0.559,-4.78,-3.66,-4.18,-4.26,-4.5,-5.1,42.126,73.933,56.864,54.771,0,0,0,0
3255,66,Mujer,8.7,112,60,437,0,1,-0.721,213,101,-0.63,36,0,2.03,-0.03,0.13,-0.371,-0.721,-1.75,-0.63,-1.15,-1.23,-1.71,-2.31,1322.561,2321.168,1785.271,1719.563,0,0,0,0
3256,68,Hombre,6.2,125,53.9,96,0,0,0.923,242,134,-4.49,36,0,0.09,1.38,0.59,0.923,0.573,-4.49,-3.36,-3.89,-3.96,-2.5,-3.1,1131.924,1986.589,1527.938,1471.702,0,0,0,0
3257,77,Hombre,7.3,139,46.9,150,1,1,-0.263,115,131,-2.66,36,0,0.03,-0.83,-1.18,0.087,-0.263,-3.78,-2.66,-3.18,-3.26,-3.05,-3.65,239.082,419.603,322.728,310.849,0,0,0,0
3258,73,Hombre,6.6,156,42.3,275,1,0,-0.019,270,150,-4.64,36,0,-0.04,0.24,0.08,-0.019,-0.369,-4.64,-3.52,-4.04,-4.12,-4.07,-4.67,122.083,214.262,164.794,158.729,0,0,0,0
3259,72,Mujer,8.6,112,48.3,119,0,0,0.205,146,110,-0.48,36,0,0.88,-0.51,-0.71,0.205,-0.145,-0.48,0.65,0.12,0.05,0.43,-0.17,209.592,367.845,282.919,272.506,0,0,0,0
3260,47,Hombre,7.3,108,45,90,0,0,-0.467,56,122,-0.64,36,0,-0.92,-0.67,-0.33,-0.467,-0.817,-0.64,0.49,-0.04,-0.11,-0.74,-1.34,2724.927,4782.396,3678.267,3542.886,0,0,0,0
3261,57,Hombre,5.5,135,37.3,22,0,0,-0.19,18,130,-2,36,0,1.31,1.19,0.2,-0.19,-0.54,-2,-0.88,-1.4,-1.48,-1.69,-2.29,1091.693,1915.981,1473.632,1419.394,0,0,0,0
3262,63,Hombre,8.4,125,51,61,0,1,0.009,62,94,-0.71,36,0,-1.1,0.73,-0.11,0.359,0.009,-1.84,-0.71,-1.24,-1.31,-0.7,-1.3,1034.057,1814.827,1395.831,1344.457,0,0,0,0
3263,77,Mujer,11.2,137,35.7,279,0,0,0.153,325,143,-7.26,14.47,1,1.04,0.94,1.19,0.153,-0.197,-7.26,-6.14,-6.66,-6.74,-6.43,-7.03,14.469,25.394,19.531,18.813,1,1,1,1
3264,51,Hombre,7.2,137,54.7,60,0,1,-0.561,34,129,0.96,36,0,-1.96,-1.49,-0.37,-0.211,-0.561,-0.17,0.96,0.43,0.36,0.12,-0.48,5235.464,9188.525,7067.137,6807.027,0,0,0,0
3265,53,Mujer,7.3,140,49.6,149,0,0,0.683,295,141,-2.93,36,0,0.34,-0.77,0.42,0.683,0.333,-2.93,-1.8,-2.33,-2.4,-1.3,-1.9,295.281,518.235,398.588,383.918,0,0,0,0
3266,53,Hombre,5.5,145,53.9,25,0,0,0.051,26,140,0.14,36,0,0.18,-0.35,-1.87,0.051,-0.299,0.14,1.26,0.74,0.66,0.82,0.22,2203.519,3867.296,2974.439,2864.963,0,0,0,0
3267,64,Mujer,7.9,137,49.6,180,0,1,-0.595,99,125,0.23,36,0,-0.66,-0.5,0.23,-0.245,-0.595,-0.9,0.23,-0.3,-0.37,-0.66,-1.26,453.321,795.603,611.919,589.397,0,0,0,0
3268,57,Hombre,6.9,150,55.6,148,0,0,0.374,215,143,-4.89,36,0,-0.34,0.94,0.93,0.374,0.024,-4.89,-3.77,-4.29,-4.37,-3.73,-4.33,1515.515,2659.812,2045.732,1970.437,0,0,0,0
3269,75,Mujer,7.9,156,31.4,430,1,1,-0.048,410,137,-3.55,12.25,1,0.27,0.23,-0.74,0.302,-0.048,-4.68,-3.55,-4.08,-4.15,-3.62,-4.22,6.979,12.249,9.421,9.074,1,1,1,1
3270,52,Hombre,8,121,37.6,232,0,0,0.587,417,128,-2.39,36,0,-0.38,0.5,-0.78,0.587,0.237,-2.39,-1.26,-1.79,-1.86,-0.91,-1.51,491.075,861.864,662.882,638.485,0,0,0,0
3271,77,Mujer,8.1,123,37,202,0,0,0.542,347,116,-4.21,36,0,1.34,1.25,0.59,0.542,0.192,-4.21,-3.09,-3.61,-3.69,-2.8,-3.4,291.15,510.984,393.011,378.546,0,0,0,0
3272,74,Hombre,7.3,138,50.8,67,0,0,0.597,122,135,-4.21,36,0,-1.55,0.88,-1.92,0.597,0.247,-4.21,-3.09,-3.61,-3.69,-2.72,-3.32,685.784,1203.589,925.712,891.641,0,0,0,0
3273,50,Hombre,8.7,143,42.9,43,0,1,0.276,57,118,-2.27,36,0,1.88,0.09,-0.8,0.626,0.276,-3.4,-2.27,-2.8,-2.87,-1.86,-2.46,27.45,48.176,37.054,35.69,1,0,0,1
3274,54,Mujer,6.6,145,52.7,68,0,0,-0.111,61,145,-1.81,36,0,-0.62,0.86,1.37,-0.111,-0.461,-1.81,-0.69,-1.21,-1.29,-1.38,-1.98,277.762,487.487,374.939,361.139,0,0,0,0
3275,82,Mujer,7.8,129,37.2,1609,0,0,-0.285,1210,128,-4.09,36,0,-0.88,0.29,2.13,-0.285,-0.635,-4.09,-2.97,-3.49,-3.57,-3.92,-4.52,49.506,86.885,66.826,64.366,0,0,0,0
3276,49,Mujer,8.7,128,61.9,126,0,1,-0.132,110,116,-1.44,36,0,0.09,-0.69,0.28,0.218,-0.132,-2.57,-1.44,-1.97,-2.04,-1.64,-2.24,2105.933,3696.027,2842.712,2738.084,0,0,0,0
3277,64,Hombre,7.9,153,33,141,1,0,-0.946,55,155,-2.48,36,0,-0.17,-0.9,-0.55,-0.946,-1.296,-2.48,-1.35,-1.88,-1.95,-3.3,-3.9,304.36,534.169,410.843,395.722,0,0,0,0
3278,65,Hombre,8.2,120,38.6,93,1,0,1.254,326,113,-4.32,36,0,-2.94,1.99,1.37,1.254,0.904,-4.32,-3.19,-3.72,-3.79,-1.84,-2.44,101.04,177.331,136.39,131.37,0,0,0,0
3279,62,Hombre,8.9,127,47.1,116,0,0,-0.018,114,121,0.34,36,0,-0.18,-0.5,0.71,-0.018,-0.368,0.34,1.46,0.94,0.86,0.91,0.31,356.668,625.972,481.452,463.732,0,0,0,0
3280,73,Mujer,7.8,123,30.7,160,0,0,0.216,199,132,-5.22,36,0,0.22,1.6,-1.08,0.216,-0.134,-5.22,-4.09,-4.62,-4.69,-4.29,-4.89,534.247,937.633,721.158,694.615,0,0,0,0
3281,58,Mujer,7.5,128,55.1,217,0,0,-0.181,181,129,-0.87,36,0,-0.89,-0.2,-0.13,-0.181,-0.531,-0.87,0.26,-0.27,-0.34,-0.54,-1.14,177.332,311.228,239.374,230.563,0,0,0,0
3282,90,Hombre,6,143,45.8,48,0,0,0.25,62,144,-1.28,36,0,0.32,-1.06,-0.01,0.25,-0.1,-1.28,-0.16,-0.68,-0.76,-0.31,-0.91,126.338,221.73,170.538,164.261,0,0,0,0
3283,70,Mujer,6.9,134,35.9,62,0,1,0.54,106,117,-1.2,36,0,0.26,-0.19,0.1,0.89,0.54,-2.32,-1.2,-1.72,-1.8,-0.39,-0.99,841.846,1477.485,1136.373,1094.548,0,0,0,0
3284,59,Mujer,10.6,163,38.6,591,0,1,0.536,1010,142,-6.09,8.52,1,1.06,1.34,0.09,0.886,0.536,-7.22,-6.09,-6.62,-6.69,-5.29,-5.89,4.854,8.519,6.552,6.311,1,1,1,1
3285,67,Mujer,6.6,158,35.5,151,0,1,-0.768,70,153,-0.43,36,0,-0.08,0.11,0.36,-0.418,-0.768,-1.55,-0.43,-0.95,-1.03,-1.58,-2.18,388.979,682.679,525.066,505.741,0,0,0,0
3286,75,Mujer,7.5,130,48.9,28,1,0,0.132,32,124,-1.69,36,0,-0.04,-0.29,0.24,0.132,-0.218,-1.69,-0.57,-1.09,-1.17,-0.89,-1.49,1123.685,1972.129,1516.817,1460.989,0,0,0,0
3287,67,Mujer,6.6,138,31.1,1896,1,0,0.054,2001,134,-2.81,36,0,0.54,-0.01,0.83,0.054,-0.296,-2.81,-1.68,-2.21,-2.28,-2.12,-2.72,277.715,487.405,374.876,361.078,0,0,0,0
3288,58,Mujer,6.6,139,58.9,116,1,0,0.172,138,148,-0.15,30.2,1,1.13,-0.35,-2.36,0.172,-0.178,-0.15,0.97,0.45,0.37,0.71,0.11,30.205,53.011,40.772,39.271,1,0,0,0
3289,64,Mujer,5.6,147,34.2,26,0,0,0.864,62,132,-2.66,36,0,1.26,1.67,-0.59,0.864,0.514,-2.66,-1.53,-2.06,-2.13,-0.76,-1.36,450.804,791.185,608.522,586.125,0,0,0,0
3290,56,Mujer,10.4,160,58.3,606,0,1,-0.576,341,145,-2.29,36,0,0.39,-1.43,-0.46,-0.226,-0.576,-3.42,-2.29,-2.82,-2.89,-3.16,-3.76,344.522,604.655,465.056,447.939,0,0,0,0
3291,45,Hombre,6.9,139,49.8,90,1,1,-0.062,85,135,-1.22,36,0,-2.11,1.04,-0.56,0.288,-0.062,-2.35,-1.22,-1.75,-1.82,-1.31,-1.91,1062.438,1864.637,1434.141,1381.357,0,0,0,0
3292,49,Hombre,8.9,124,60.4,33,0,1,0.164,39,120,-1.53,36,0,1.14,-0.82,-0.14,0.514,0.164,-2.65,-1.53,-2.05,-2.13,-1.28,-1.88,2281.668,4004.452,3079.93,2966.571,0,0,0,0
3293,65,Hombre,8.2,135,39,296,0,0,0.206,364,130,-1.27,36,0,0.28,-0.86,0.2,0.206,-0.144,-1.27,-0.15,-0.67,-0.75,-0.36,-0.96,857.877,1505.621,1158.013,1115.391,0,0,0,0
3294,57,Hombre,8.7,138,60.4,714,0,1,-0.742,340,132,-0.96,36,0,-0.93,-0.68,-0.81,-0.392,-0.742,-2.08,-0.96,-1.48,-1.56,-2.07,-2.67,2065.119,3624.396,2787.619,2685.019,0,0,0,0
3295,65,Hombre,8.3,183,39.3,165,0,1,-0.221,132,189,-3.56,36,0,-1.26,-0.44,1.27,0.129,-0.221,-4.68,-3.56,-4.08,-4.16,-3.89,-4.49,94.467,165.794,127.517,122.823,0,0,0,0
3296,68,Mujer,6.7,130,55.1,19,1,0,0.052,20,138,-2.61,36,0,-1.02,-0.19,-0.64,0.052,-0.298,-2.61,-1.49,-2.01,-2.09,-1.94,-2.54,2665.059,4677.325,3597.454,3465.047,0,0,0,0
3297,48,Hombre,10.7,144,53.8,306,0,1,0.032,316,138,-4.75,36,0,-0.58,1.63,0.13,0.382,0.032,-5.88,-4.75,-5.28,-5.35,-4.7,-5.3,319.68,561.055,431.523,415.64,0,0,0,0
3298,66,Hombre,8.2,135,40.2,787,0,1,-1.415,191,124,-0.67,36,0,0.03,-1.29,0.61,-1.065,-1.415,-1.8,-0.67,-1.2,-1.27,-2.8,-3.4,32.524,57.081,43.902,42.286,1,0,0,0
3299,68,Mujer,10.5,172,35.2,89,0,1,-0.303,66,172,-3.86,36,0,-0.6,0.14,1.75,0.047,-0.303,-4.98,-3.86,-4.38,-4.46,-4.31,-4.91,207.986,365.026,280.751,270.418,0,0,0,0
3300,81,Mujer,7.4,121,40.8,31,0,0,0.318,43,107,-5.22,36,0,-0.37,2.04,0.16,0.318,-0.032,-5.22,-4.1,-4.62,-4.7,-4.14,-4.74,153.325,269.093,206.967,199.349,0,0,0,0
3301,59,Hombre,6.4,128,44.4,333,1,1,-0.964,127,114,-0.77,36,0,0.25,-0.21,-0.94,-0.614,-0.964,-1.89,-0.77,-1.29,-1.37,-2.21,-2.81,222.485,390.473,300.323,289.269,0,0,0,0
3302,84,Mujer,6.7,134,38.8,162,0,0,-0.045,155,143,-4.38,36,0,1.47,0.85,-0.13,-0.045,-0.395,-4.38,-3.25,-3.78,-3.85,-3.85,-4.45,175.543,308.088,236.958,228.237,0,0,0,0
3303,88,Mujer,6.7,147,33,17,1,0,0.15,20,150,-2.59,7.14,1,0.51,-0.22,0.3,0.15,-0.2,-2.59,-1.47,-1.99,-2.07,-1.77,-2.37,7.141,12.533,9.639,9.285,1,1,1,1
3304,77,Hombre,9.4,105,53.2,188,0,0,0.221,235,123,-1.36,36,0,1.17,0.27,0.5,0.221,-0.129,-1.36,-0.24,-0.76,-0.84,-0.43,-1.03,36.843,64.662,49.733,47.903,0,0,0,0
3305,68,Mujer,6.9,139,46.9,69,0,1,-0.349,49,129,-1.71,36,0,-1.13,0.35,1.37,0.001,-0.349,-2.84,-1.71,-2.24,-2.31,-2.23,-2.83,218.184,382.925,294.517,283.678,0,0,0,0
3306,70,Hombre,9.8,145,35,157,1,1,-1.027,56,143,-3.38,36,0,-0.95,-0.49,1.35,-0.677,-1.027,-4.51,-3.38,-3.91,-3.98,-4.92,-5.52,1096.56,1924.523,1480.201,1425.722,0,0,0,0
3307,60,Hombre,9,144,49.7,458,0,0,-0.054,434,142,-3.48,36,0,0.92,1.1,2.3,-0.054,-0.404,-3.48,-2.36,-2.88,-2.96,-2.97,-3.57,222.487,390.477,300.326,289.272,0,0,0,0
3308,55,Hombre,9.6,153,48.9,180,0,1,-0.145,156,141,-1.95,36,0,-1.64,-0.15,0.02,0.205,-0.145,-3.07,-1.95,-2.47,-2.55,-2.17,-2.77,160.551,281.775,216.721,208.744,0,0,0,0
3309,71,Hombre,9.1,141,43.7,785,0,0,0.011,794,128,-4.91,36,0,0.81,1.15,0.29,0.011,-0.339,-4.91,-3.79,-4.31,-4.39,-4.29,-4.89,247.886,435.054,334.611,322.296,0,0,0,0
3310,52,Hombre,8.3,114,61.4,168,1,1,0.66,325,96,-2.58,36,0,-0.22,0.37,-0.76,1.01,0.66,-3.7,-2.58,-3.1,-3.18,-1.59,-2.19,1388.214,2436.392,1873.893,1804.923,0,0,0,0
3311,50,Mujer,8.4,133,60.6,21,0,1,0.002,21,126,2.41,36,0,-1.53,-1.29,0.02,0.352,0.002,1.29,2.41,1.89,1.81,2.42,1.82,227.667,399.568,307.318,296.007,0,0,0,0
3312,59,Mujer,10.1,107,53.6,662,0,1,-0.166,561,118,-1.46,36,0,-1,0.83,0.64,0.184,-0.166,-2.59,-1.46,-1.99,-2.06,-1.71,-2.31,744.027,1305.808,1004.331,967.366,0,0,0,0
3313,46,Hombre,5.7,165,41.4,26,1,1,-0.166,22,159,1.24,36,0,-0.26,-0.93,0.39,0.184,-0.166,0.11,1.24,0.71,0.64,0.99,0.39,2374.075,4166.632,3204.667,3086.717,0,0,0,0
3314,87,Hombre,9.1,127,29.3,53,1,0,0.647,101,122,-3.87,5.17,1,0.69,-0.13,-0.52,0.647,0.297,-3.87,-2.75,-3.27,-3.35,-2.3,-2.9,5.173,9.079,6.983,6.726,1,1,1,1
3315,65,Mujer,8.5,132,48.8,32,0,0,0.168,38,126,-3.13,36,0,0.35,-0.11,-0.18,0.168,-0.182,-3.13,-2.01,-2.53,-2.61,-2.28,-2.88,85.397,149.876,115.273,111.031,0,0,0,0
3316,66,Hombre,8.5,133,43.6,312,0,1,0.25,401,135,-3.3,36,0,0.94,1.43,1.72,0.6,0.25,-4.42,-3.3,-3.82,-3.9,-2.92,-3.52,96.888,170.044,130.785,125.972,0,0,0,0
3317,50,Hombre,7.9,115,47,201,1,0,-0.469,126,111,1.51,36,0,-0.51,-1.48,0.51,-0.469,-0.819,1.51,2.64,2.11,2.04,1.41,0.81,247.815,434.93,334.516,322.204,0,0,0,0
3318,85,Hombre,5.5,153,35.4,612,1,1,-0.873,256,150,-3.62,36,0,1.23,0.6,-0.39,-0.523,-0.873,-4.75,-3.62,-4.15,-4.22,-4.93,-5.53,964.794,1693.265,1302.335,1254.402,0,0,0,0
3319,69,Mujer,6.8,134,26.3,86,0,0,0.519,145,130,-3.69,36,0,0.71,0.66,-0.36,0.519,0.169,-3.69,-2.56,-3.09,-3.16,-2.31,-2.91,232.343,407.776,313.631,302.088,0,0,0,0
3320,70,Hombre,8.2,100,38.3,684,0,0,-1.167,213,107,-1.51,36,0,2.31,-0.48,-0.32,-1.167,-1.517,-1.51,-0.39,-0.91,-0.99,-2.66,-3.26,1766.958,3101.108,2385.144,2297.357,0,0,0,0
3321,51,Hombre,7.4,145,52.1,68,1,1,-0.262,52,143,-2.43,36,0,1.56,1.69,0.99,0.088,-0.262,-3.55,-2.43,-2.95,-3.03,-2.82,-3.42,739.651,1298.128,998.425,961.677,0,0,0,0
3322,80,Hombre,10.2,140,42.3,97,0,0,0.238,123,142,-3.84,36,0,0.95,1.03,0.62,0.238,-0.112,-3.84,-2.71,-3.24,-3.31,-2.88,-3.48,467.002,819.614,630.387,607.185,0,0,0,0
3323,51,Hombre,8.2,99,57.5,36,0,1,-0.937,14,105,2,36,0,1.26,-0.46,0.09,-0.587,-0.937,0.87,2,1.47,1.4,0.59,-0.01,8278.116,14528.547,11174.288,10763.012,0,0,0,0
3324,68,Mujer,6.4,136,39.2,103,0,1,-0.847,44,139,0.92,36,0,1.32,-1.15,-0.73,-0.497,-0.847,-0.2,0.92,0.4,0.32,-0.35,-0.95,3289.966,5774.07,4440.989,4277.536,0,0,0,0
3325,62,Mujer,6.8,159,26,33,0,0,-0.309,24,156,0.02,36,0,0.62,-2.15,-0.85,-0.309,-0.659,0.02,1.14,0.62,0.54,0.15,-0.45,759.94,1333.736,1025.812,988.056,0,0,0,0
3326,69,Mujer,8.9,153,34.7,271,1,0,-0.189,224,149,-1.52,36,0,1.35,-1.77,0.15,-0.189,-0.539,-1.52,-0.4,-0.92,-1,-1.21,-1.81,474.912,833.496,641.064,617.469,0,0,0,0
3327,62,Hombre,9.2,121,29.5,320,1,1,-0.442,206,112,-0.66,13.68,1,0.63,-0.15,0.56,-0.092,-0.442,-1.79,-0.66,-1.19,-1.26,-1.32,-1.92,7.795,13.68,10.522,10.134,1,1,1,1
3328,46,Mujer,9.4,111,64.9,64,1,1,-0.424,42,108,0.69,36,0,-0.9,-0.17,-0.13,-0.074,-0.424,-0.44,0.69,0.16,0.09,0.05,-0.55,172.466,302.687,232.805,224.236,0,0,0,0
3329,47,Hombre,7.9,138,42.9,104,0,1,0.202,127,118,-1.55,36,0,-1.17,0.35,1.49,0.552,0.202,-2.68,-1.55,-2.08,-2.15,-1.25,-1.85,316.252,555.039,426.895,411.183,0,0,0,0
3330,74,Hombre,8.4,135,44.9,359,0,1,-0.776,165,127,-2.52,36,0,-1.45,0.24,0.21,-0.426,-0.776,-3.65,-2.52,-3.05,-3.12,-3.69,-4.29,288.529,506.384,389.473,375.138,0,0,0,0
3331,41,Hombre,8.6,134,49.2,226,0,1,-0.314,165,146,-3.28,36,0,0.41,-0.28,0.85,0.036,-0.314,-4.41,-3.28,-3.81,-3.88,-3.76,-4.36,1148.818,2016.238,1550.742,1493.666,0,0,0,0
3332,77,Hombre,10.1,120,46.7,92,0,1,-0.232,73,113,-4.34,36,0,1.52,-1.04,-0.5,0.118,-0.232,-5.46,-4.34,-4.86,-4.94,-4.69,-5.29,216.856,380.594,292.725,281.951,0,0,0,0
3333,50,Hombre,6.6,148,51.1,31,0,0,-0.152,27,151,-2.69,36,0,0.17,1.46,-0.79,-0.152,-0.502,-2.69,-1.56,-2.09,-2.16,-2.31,-2.91,854.678,1500.006,1153.694,1111.232,0,0,0,0
3334,67,Hombre,9,119,47.8,54,0,0,0.627,101,108,-3.37,36,0,0.21,0.31,0.92,0.627,0.277,-3.37,-2.25,-2.77,-2.85,-1.83,-2.43,232.257,407.624,313.514,301.975,0,0,0,0
3335,48,Hombre,9.4,117,53.7,13,0,1,-0.375,9,119,0.2,36,0,-0.7,-0.81,1.25,-0.025,-0.375,-0.92,0.2,-0.32,-0.4,-0.36,-0.96,146.025,256.282,197.114,189.859,0,0,0,0
3336,69,Hombre,7.9,133,45.4,113,1,0,-0.902,46,127,-0.57,36,0,0.78,-1.11,-0.06,-0.902,-1.252,-0.57,0.55,0.03,-0.05,-1.32,-1.92,1673.894,2937.775,2259.52,2176.358,0,0,0,0
3337,46,Hombre,8.1,135,63.5,52,0,0,-0.175,44,120,-0.84,36,0,-0.29,-0.89,1.76,-0.175,-0.525,-0.84,0.29,-0.24,-0.31,-0.5,-1.1,1518.448,2664.958,2049.69,1974.25,0,0,0,0
3338,77,Hombre,7.1,136,36.9,1135,0,1,-0.032,1099,123,-2.37,36,0,1.02,-0.57,2.03,0.318,-0.032,-3.49,-2.37,-2.89,-2.97,-2.41,-3.01,625.701,1098.139,844.608,813.521,0,0,0,0
3339,51,Hombre,7.9,135,56.5,26,1,0,0.294,35,130,-2.65,36,0,-1.55,0.82,0.84,0.294,-0.056,-2.65,-1.53,-2.05,-2.13,-1.61,-2.21,378.33,663.989,510.692,491.895,0,0,0,0
3340,63,Hombre,7.4,143,41.9,343,0,0,0.018,349,148,-3.62,36,0,0.4,0.4,0.62,0.018,-0.332,-3.62,-2.49,-3.02,-3.09,-2.99,-3.59,1846.377,3240.493,2492.348,2400.616,0,0,0,0
3341,54,Mujer,5.5,101,42,28,1,1,-0.516,17,78,0.07,36,0,0.24,0.3,-0.31,-0.166,-0.516,-1.05,0.07,-0.45,-0.53,-0.7,-1.3,500.17,877.826,675.159,650.31,0,0,0,0
3342,51,Mujer,7.6,124,58.2,114,0,0,-0.388,77,134,-3.03,36,0,-1.81,1.19,2,-0.388,-0.738,-3.03,-1.9,-2.43,-2.5,-3.01,-3.61,1117.109,1960.588,1507.94,1452.439,0,0,0,0
3343,49,Hombre,11.2,135,44.7,399,1,1,-1.393,99,144,1.07,36,0,-0.04,-2.25,-0.14,-1.043,-1.393,-0.06,1.07,0.54,0.47,-1.02,-1.62,816.65,1433.265,1102.362,1061.789,0,0,0,0
3344,67,Hombre,5.7,135,44.2,125,0,0,0.627,234,140,-2.25,36,0,0.13,0.89,0.56,0.627,0.277,-2.25,-1.13,-1.65,-1.73,-0.71,-1.31,409.145,718.071,552.288,531.96,0,0,0,0
3345,77,Hombre,5.7,153,33,81,0,0,-0.604,44,150,-0.09,36,0,-0.6,-1.5,-1.48,-0.604,-0.954,-0.09,1.04,0.51,0.44,-0.4,-1,1451.707,2547.825,1959.599,1887.475,0,0,0,0
3346,55,Mujer,9.2,132,38.6,619,0,0,-0.335,443,132,-2.67,36,0,0.12,0.78,-0.15,-0.335,-0.685,-2.67,-1.55,-2.07,-2.15,-2.57,-3.17,186.398,327.139,251.611,242.35,0,0,0,0
3347,55,Mujer,7.1,153,62,191,0,1,-0.918,76,157,0.9,36,0,-0.62,-1.02,-3.23,-0.568,-0.918,-0.22,0.9,0.38,0.3,-0.47,-1.07,220.518,387.02,297.668,286.712,0,0,0,0
3348,71,Mujer,9,125,53.1,318,0,1,-0.696,159,115,-1.05,36,0,1.64,0.44,-1.25,-0.346,-0.696,-2.18,-1.05,-1.58,-1.65,-2.1,-2.7,575.791,1010.544,777.236,748.629,0,0,0,0
3349,66,Mujer,7.8,168,38.2,91,0,0,0.368,131,184,-4.6,36,0,-0.55,-0.59,-0.08,0.368,0.018,-4.6,-3.48,-4,-4.08,-3.45,-4.05,205.265,360.251,277.079,266.881,0,0,0,0
3350,64,Mujer,8.7,135,21.5,38,1,0,0.871,91,132,-4.8,1.86,1,-1.98,2.07,1.34,0.871,0.521,-4.8,-3.67,-4.2,-4.27,-2.89,-3.49,1.86,3.264,2.511,2.418,1,1,1,1
3351,63,Hombre,8.6,130,48.7,101,0,1,-0.383,69,113,0.24,36,0,-0.82,-0.15,0.93,-0.033,-0.383,-0.88,0.24,-0.28,-0.36,-0.33,-0.93,402.363,706.169,543.133,523.143,0,0,0,0
3352,68,Mujer,9.2,145,36.7,576,0,0,-0.104,519,147,-2.28,36,0,-0.89,-0.81,0.87,-0.104,-0.454,-2.28,-1.15,-1.68,-1.75,-1.83,-2.43,224.323,393.7,302.805,291.66,0,0,0,0
3353,76,Mujer,9.8,130,44.5,429,0,0,-0.208,349,136,-3.73,36,0,-0.63,-0.16,-0.88,-0.208,-0.558,-3.73,-2.6,-3.13,-3.2,-3.44,-4.04,375.978,659.862,507.517,488.838,0,0,0,0
3354,90,Hombre,7.7,146,44.4,133,0,0,0.874,319,151,-4.95,36,0,1.01,0.65,-1.4,0.874,0.524,-4.95,-3.83,-4.35,-4.43,-3.04,-3.64,166.316,291.894,224.504,216.241,0,0,0,0
3355,78,Mujer,10,142,56.4,251,1,1,0.364,361,153,-3.75,36,0,0.25,2.35,-0.25,0.714,0.364,-4.87,-3.75,-4.27,-4.35,-3.2,-3.8,20.89,36.663,28.198,27.16,1,0,1,1
3356,81,Hombre,8.2,128,54.6,76,1,1,-0.574,43,125,-0.99,36,0,0.4,-0.57,1.77,-0.224,-0.574,-2.12,-0.99,-1.52,-1.59,-1.86,-2.46,199.084,349.403,268.735,258.844,0,0,0,0
3357,70,Hombre,7,138,42.6,36,0,0,-0.321,26,152,-1.24,36,0,1.89,0.04,0.18,-0.321,-0.671,-1.24,-0.12,-0.64,-0.72,-1.12,-1.72,1585.975,2783.472,2140.842,2062.047,0,0,0,0
3358,66,Mujer,9.4,119,34.4,59,0,0,0.293,79,116,-2.45,36,0,1.26,1.03,-0.87,0.293,-0.057,-2.45,-1.32,-1.85,-1.92,-1.41,-2.01,41.097,72.127,55.475,53.433,0,0,0,0
3359,54,Hombre,8.6,124,54.4,541,0,1,-0.186,449,142,-4.35,36,0,1.04,0.74,2.44,0.164,-0.186,-5.47,-4.35,-4.87,-4.95,-4.63,-5.23,420.847,738.61,568.084,547.175,0,0,0,0
3360,83,Mujer,9.6,146,49.5,528,0,1,0.033,546,126,-4.39,36,0,0.76,-0.32,0.21,0.383,0.033,-5.52,-4.39,-4.92,-4.99,-4.34,-4.94,38.265,67.158,51.653,49.752,0,0,0,0
3361,59,Mujer,7,140,49.9,17,0,0,1.296,62,130,-5.3,36,0,-0.21,1.66,0.38,1.296,0.946,-5.3,-4.17,-4.7,-4.77,-2.76,-3.36,126.382,221.807,170.597,164.319,0,0,0,0
3362,65,Mujer,7.1,128,41.5,1053,1,0,-0.092,961,143,-1.52,36,0,-0.07,0.24,0.72,-0.092,-0.442,-1.52,-0.4,-0.92,-1,-1.06,-1.66,82.067,144.032,110.779,106.702,0,0,0,0
3363,46,Hombre,5.5,119,48.1,57,0,0,0.088,62,122,-1.17,36,0,-0.68,1.03,0.06,0.088,-0.262,-1.17,-0.04,-0.57,-0.64,-0.44,-1.04,297.698,522.477,401.851,387.06,0,0,0,0
3364,69,Mujer,8.9,136,53.7,435,1,0,0.045,455,126,-5.07,36,0,0.71,1.23,-0.07,0.045,-0.305,-5.07,-3.95,-4.47,-4.55,-4.4,-5,1003.356,1760.944,1354.388,1304.539,0,0,0,0
3365,73,Mujer,6.5,131,31,46,0,1,-0.958,18,136,3.32,36,0,-1.27,-1.83,0.69,-0.608,-0.958,2.2,3.32,2.8,2.72,1.89,1.29,2753.599,4832.717,3716.97,3580.165,0,0,0,0
3366,64,Mujer,8.3,120,56.7,110,0,1,-0.261,85,106,0.68,36,0,0.65,-0.65,-1.3,0.089,-0.261,-0.44,0.68,0.16,0.08,0.29,-0.31,973.546,1708.627,1314.15,1265.782,0,0,0,0
3367,71,Hombre,7.3,134,48.8,27,0,0,0.179,32,139,-2.62,36,0,-0.25,1.4,-1.35,0.179,-0.171,-2.62,-1.49,-2.02,-2.09,-1.75,-2.35,122.123,214.332,164.848,158.781,0,0,0,0
3368,72,Mujer,6.8,142,55.5,547,0,0,0.15,636,148,-2.19,36,0,1.23,-2.39,0.2,0.15,-0.2,-2.19,-1.07,-1.59,-1.67,-1.37,-1.97,2634.313,4623.363,3555.95,3425.072,0,0,0,0
3369,57,Hombre,8.2,115,63.1,164,0,1,0.441,255,107,-2.02,36,0,-0.16,0.85,-0.55,0.791,0.441,-3.14,-2.02,-2.54,-2.62,-1.36,-1.96,513.821,901.784,693.586,668.058,0,0,0,0
3370,62,Hombre,8.8,123,51.7,66,0,0,-0.539,38,118,1.25,36,0,0.92,-1.85,0.31,-0.539,-0.889,1.25,2.38,1.85,1.78,1.04,0.44,3257.683,5717.411,4397.412,4235.563,0,0,0,0
3371,67,Hombre,7.6,125,55.4,55,0,0,0.597,100,124,-3.81,36,0,-0.34,2.58,0.76,0.597,0.247,-3.81,-2.69,-3.21,-3.29,-2.31,-2.91,175.31,307.679,236.644,227.934,0,0,0,0
3372,71,Mujer,8.6,148,30.2,79,1,0,0.847,184,156,-4.66,36,0,-0.03,-0.28,1.21,0.847,0.497,-4.66,-3.53,-4.06,-4.13,-2.79,-3.39,1313.236,2304.801,1772.684,1707.439,0,0,0,0
3373,62,Hombre,8.2,131,44.5,106,0,1,0.174,126,111,-3.94,19.55,1,1.73,0.34,-2.08,0.524,0.174,-5.07,-3.94,-4.47,-4.54,-3.68,-4.28,11.137,19.545,15.033,14.479,1,1,1,1
3374,49,Hombre,7.1,139,57.4,26,0,0,-0.671,13,138,0.66,36,0,0.2,-0.16,0.01,-0.671,-1.021,0.66,1.79,1.26,1.19,0.26,-0.34,5540.943,9724.658,7479.491,7204.204,0,0,0,0
3375,62,Mujer,8.2,98,71,34,1,1,-0.656,18,102,0.58,36,0,1.69,1.09,0.21,-0.306,-0.656,-0.55,0.58,0.05,-0.02,-0.41,-1.01,3142.117,5514.587,4241.415,4085.307,0,0,0,0
3376,75,Hombre,7.6,142,64.1,33,1,1,-0.093,30,146,-1.36,36,0,0.77,-0.3,-0.21,0.257,-0.093,-2.49,-1.36,-1.89,-1.96,-1.5,-2.1,730.662,1282.351,986.29,949.989,0,0,0,0
3377,46,Mujer,6.9,128,49.6,80,0,0,-0.597,44,126,-0.5,36,0,-1.22,0.28,-0.27,-0.597,-0.947,-0.5,0.63,0.1,0.03,-0.79,-1.39,481.479,845.023,649.929,626.008,0,0,0,0
3378,77,Mujer,5.9,130,49,60,0,0,-0.761,28,117,-0.56,36,0,-0.4,-1.09,1.83,-0.761,-1.111,-0.56,0.57,0.04,-0.03,-1.1,-1.7,2689.885,4720.896,3630.965,3497.326,0,0,0,0
3379,49,Hombre,8.5,137,44.6,184,0,1,0.119,207,141,-3.17,36,0,0.64,0.5,-1.38,0.469,0.119,-4.3,-3.17,-3.7,-3.77,-2.99,-3.59,115.905,203.419,156.455,150.697,0,0,0,0
3380,60,Mujer,7.7,127,46.1,550,1,1,-0.396,370,120,-1.89,36,0,0.16,0.46,0.08,-0.046,-0.396,-3.01,-1.89,-2.41,-2.49,-2.48,-3.08,64.236,112.737,86.709,83.518,0,0,0,0
3381,54,Hombre,8.2,117,68.5,49,0,0,0.666,95,115,-0.92,36,0,-0.35,1.13,2.44,0.666,0.316,-0.92,0.21,-0.32,-0.39,0.68,0.08,1450.543,2545.783,1958.029,1885.962,0,0,0,0
3382,57,Hombre,10.3,108,43.9,378,1,1,-0.58,212,99,-1.8,36,0,-0.11,1.34,-1.59,-0.23,-0.58,-2.93,-1.8,-2.33,-2.4,-2.67,-3.27,240.225,421.608,324.27,312.335,0,0,0,0
3383,77,Mujer,8.1,150,61.1,95,0,0,-0.374,65,151,-1.8,36,0,1.43,-1.21,0.84,-0.374,-0.724,-1.8,-0.68,-1.2,-1.28,-1.76,-2.36,1827.912,3208.086,2467.423,2376.608,0,0,0,0
3384,55,Mujer,9.5,145,42.4,712,0,1,-0.258,550,123,-2.67,36,0,0.69,-1.51,-1.84,0.092,-0.258,-3.79,-2.67,-3.19,-3.27,-3.06,-3.66,241.515,423.873,326.012,314.013,0,0,0,0
3385,66,Mujer,6.7,156,31.9,282,0,0,-0.773,130,152,-0.36,36,0,0.04,-1.11,-0.7,-0.773,-1.123,-0.36,0.77,0.24,0.17,-0.92,-1.52,848.099,1488.46,1144.814,1102.678,0,0,0,0
3386,66,Hombre,7.9,141,40.8,221,0,0,1.143,693,146,-3.08,36,0,1.03,0.21,1.86,1.143,0.793,-3.08,-1.95,-2.48,-2.55,-0.76,-1.36,125.687,220.588,169.66,163.415,0,0,0,0
3387,79,Hombre,6.9,131,46.3,67,0,0,0.19,81,128,-4.15,34.07,1,-0.08,1.49,0.63,0.19,-0.16,-4.15,-3.03,-3.55,-3.63,-3.27,-3.87,34.072,59.798,45.992,44.299,1,0,0,0
3388,46,Hombre,8.2,135,50.4,141,0,1,-0.148,122,123,-2.5,36,0,-1.51,0.61,-0.79,0.202,-0.148,-3.63,-2.5,-3.03,-3.1,-2.72,-3.32,1150.929,2019.944,1553.592,1496.411,0,0,0,0
3389,90,Hombre,6.9,101,48.6,79,1,0,0.294,106,93,-1.48,36,0,-1.86,-1.3,-0.83,0.294,-0.056,-1.48,-0.35,-0.88,-0.95,-0.44,-1.04,51.966,91.203,70.147,67.565,0,0,0,0
3390,66,Hombre,6.2,120,35.2,145,1,0,-0.037,140,120,-2.01,36,0,1.38,-0.57,0.2,-0.037,-0.387,-2.01,-0.88,-1.41,-1.48,-1.46,-2.06,60.972,107.009,82.303,79.274,0,0,0,0
3391,65,Hombre,7.8,126,31.8,75,0,0,0.006,75,128,-3.52,36,0,1.06,-0.13,-0.55,0.006,-0.344,-3.52,-2.4,-2.92,-3,-2.91,-3.51,260.925,457.938,352.212,339.249,0,0,0,0
3392,63,Mujer,7.8,111,43.7,181,1,0,-0.262,139,105,-2.74,36,0,0.75,1.61,-0.52,-0.262,-0.612,-2.74,-1.62,-2.14,-2.22,-2.54,-3.14,316.055,554.693,426.629,410.927,0,0,0,0
3393,69,Hombre,8.7,127,49.2,73,0,0,-0.023,71,131,-1.2,36,0,1.17,-0.76,0.28,-0.023,-0.373,-1.2,-0.08,-0.6,-0.68,-0.64,-1.24,113.015,198.348,152.554,146.94,0,0,0,0
3394,54,Hombre,7.7,112,34.4,73,0,0,0.437,113,99,-3.54,36,0,-2.63,0.81,-0.03,0.437,0.087,-3.54,-2.42,-2.94,-3.02,-2.29,-2.89,409.034,717.878,552.139,531.817,0,0,0,0
3395,78,Hombre,7.5,122,51.4,9,1,0,-0.575,5,127,-0.26,36,0,-0.4,-0.33,0.95,-0.575,-0.925,-0.26,0.86,0.34,0.26,-0.53,-1.13,4989.521,8756.882,6735.148,6487.257,0,0,0,0
3396,70,Hombre,10,157,46.7,404,1,1,0.153,471,139,-4.19,36,0,1.44,-0,-0.55,0.503,0.153,-5.31,-4.19,-4.71,-4.79,-3.96,-4.56,360.367,632.463,486.444,468.54,0,0,0,0
3397,74,Hombre,10.3,157,40.8,1480,1,1,-0.777,681,149,-3.41,36,0,1.46,0.09,-0.33,-0.427,-0.777,-4.54,-3.41,-3.94,-4.01,-4.58,-5.18,145.498,255.358,196.402,189.174,0,0,0,0
3398,66,Hombre,7.7,150,57.7,124,1,0,0.026,127,139,-3.53,36,0,-1.08,0.59,1.22,0.026,-0.324,-3.53,-2.4,-2.93,-3,-2.89,-3.49,203.189,356.608,274.276,264.181,0,0,0,0
3399,61,Hombre,5.9,149,48.9,49,0,1,-1.085,17,157,-0.03,36,0,-1.57,-0.76,-2.16,-0.735,-1.085,-1.15,-0.03,-0.55,-0.63,-1.66,-2.26,2663.575,4674.719,3595.45,3463.117,0,0,0,0
3400,41,Mujer,9.9,123,53.1,253,0,0,-0.136,221,110,-4.37,36,0,0.32,1.11,-0.41,-0.136,-0.486,-4.37,-3.24,-3.77,-3.84,-3.97,-4.57,92.936,163.108,125.451,120.833,0,0,0,0
3401,80,Hombre,7.1,144,49.9,287,0,0,0.293,385,139,-4.16,36,0,-0.29,-0.69,-0.21,0.293,-0.057,-4.16,-3.04,-3.56,-3.64,-3.12,-3.72,296.369,520.144,400.057,385.332,0,0,0,0
3402,74,Hombre,8.7,144,37.5,419,0,0,0.532,714,137,-4.71,36,0,0.95,0.09,-0.95,0.532,0.182,-4.71,-3.58,-4.11,-4.18,-3.31,-3.91,333.743,585.738,450.506,433.925,0,0,0,0
3403,57,Mujer,7.5,127,41.4,97,0,0,0.663,188,127,-2.72,36,0,0.78,-0.03,-0.34,0.663,0.313,-2.72,-1.6,-2.12,-2.2,-1.13,-1.73,59.786,104.927,80.702,77.732,0,0,0,0
3404,55,Hombre,6,134,54.5,48,0,0,0.127,54,133,-2.45,36,0,1.18,0.74,-0.94,0.127,-0.223,-2.45,-1.32,-1.85,-1.92,-1.66,-2.26,1188.495,2085.874,1604.301,1545.254,0,0,0,0
3405,87,Mujer,6.3,123,42.9,90,0,0,-0.087,83,126,-0.28,36,0,0.85,-0.91,1.65,-0.087,-0.437,-0.28,0.85,0.32,0.25,0.19,-0.41,957.362,1680.222,1292.303,1244.739,0,0,0,0
3406,59,Hombre,6.3,124,37.7,37,0,0,1.209,124,126,-4.47,4.01,1,0.85,0.48,0.56,1.209,0.859,-4.47,-3.34,-3.87,-3.94,-2.06,-2.66,4.012,7.041,5.415,5.216,1,1,1,1
3407,65,Hombre,7.1,111,51.3,172,0,1,0.005,173,100,-0.35,36,0,0.24,0.22,0.48,0.355,0.005,-1.48,-0.35,-0.88,-0.95,-0.34,-0.94,3258.459,5718.774,4398.46,4236.572,0,0,0,0
3408,67,Hombre,9.6,133,30.5,316,1,1,-0.251,246,124,-3.47,36,0,1.77,-1.15,0.73,0.099,-0.251,-4.59,-3.47,-3.99,-4.07,-3.85,-4.45,74.51,130.769,100.578,96.876,0,0,0,0
3409,71,Hombre,6.8,153,35.6,128,0,1,-0.222,103,151,-2.67,36,0,-0.2,-0.25,-0.61,0.128,-0.222,-3.8,-2.67,-3.2,-3.27,-3.01,-3.61,48.699,85.47,65.737,63.318,0,0,0,0
3410,72,Mujer,8.1,119,30,109,0,1,-0.457,69,131,-0.92,36,0,-0.02,-0.72,0.28,-0.107,-0.457,-2.05,-0.92,-1.45,-1.52,-1.61,-2.21,274.083,481.03,369.973,356.356,0,0,0,0
3411,71,Hombre,8.7,136,29.5,2741,0,1,-1.426,658,135,-0.57,36,0,0.26,-1.04,0.82,-1.076,-1.426,-1.7,-0.57,-1.1,-1.17,-2.71,-3.31,90.249,158.392,121.823,117.34,0,0,0,0
3412,58,Mujer,6.1,124,50.2,25,0,0,-0.365,17,126,-1.32,36,0,0.11,-1.6,0.61,-0.365,-0.715,-1.32,-0.19,-0.72,-0.79,-1.27,-1.87,7227.492,12684.643,9756.093,9397.014,0,0,0,0
3413,71,Hombre,8.1,116,36.9,428,1,1,-1.221,126,112,-0.94,36,0,-0.46,-0.46,-0.4,-0.871,-1.221,-2.07,-0.94,-1.47,-1.54,-2.77,-3.37,114.743,201.38,154.887,149.186,0,0,0,0
3414,79,Hombre,7.3,124,48.2,291,1,0,-0.332,209,116,-3.7,36,0,0.8,-0.5,-0.31,-0.332,-0.682,-3.7,-2.58,-3.1,-3.18,-3.6,-4.2,447.618,785.595,604.222,581.983,0,0,0,0
3415,90,Mujer,6.4,141,33.9,9,0,0,0.421,14,144,-2.78,12.16,1,1.5,-0.15,0.39,0.421,0.071,-2.78,-1.65,-2.18,-2.25,-1.55,-2.15,12.161,21.344,16.416,15.812,1,1,1,1
3416,60,Hombre,7.1,146,41.1,125,0,1,-1.526,27,133,-0.63,36,0,0.36,0.44,-0.56,-1.176,-1.526,-1.76,-0.63,-1.16,-1.23,-2.92,-3.52,1950.71,3423.603,2633.184,2536.268,0,0,0,0
3417,65,Mujer,8.2,144,36,117,0,0,-0.003,117,133,-2.65,36,0,-0.3,-0.49,0.48,-0.003,-0.353,-2.65,-1.53,-2.05,-2.13,-2.06,-2.66,699.365,1227.423,944.043,909.297,0,0,0,0
3418,74,Mujer,8.1,136,46.2,232,0,0,-0.102,210,132,-2.95,36,0,1.45,-0.53,-0.47,-0.102,-0.452,-2.95,-1.83,-2.35,-2.43,-2.5,-3.1,1136.041,1993.814,1533.495,1477.054,0,0,0,0
3419,63,Hombre,8.1,135,38.2,1562,0,0,0.354,2226,140,-2.65,36,0,0.96,-0.41,0.01,0.354,0.004,-2.65,-1.53,-2.05,-2.13,-1.52,-2.12,474.888,833.454,641.031,617.438,0,0,0,0
3420,66,Hombre,7,121,41.4,153,0,0,-0.446,98,127,-2.13,36,0,-0.3,-0.52,-0.03,-0.446,-0.796,-2.13,-1.01,-1.53,-1.61,-2.2,-2.8,1866.152,3275.199,2519.042,2426.327,0,0,0,0
3421,63,Mujer,7.6,143,58.6,23,0,0,0.728,48,125,-3.91,36,0,-0.03,-0.07,0.37,0.728,0.378,-3.91,-2.78,-3.31,-3.38,-2.22,-2.82,1540.35,2703.398,2079.255,2002.727,0,0,0,0
3422,69,Mujer,6.8,139,65.3,30,0,0,-0.012,30,142,-0.77,36,0,0.41,-0.03,0.12,-0.012,-0.362,-0.77,0.35,-0.17,-0.25,-0.19,-0.79,1799.511,3158.241,2429.086,2339.682,0,0,0,0
3423,56,Hombre,9.3,129,39.4,2900,0,0,-0.615,1568,128,1.34,36,0,-2.32,-2.65,0.93,-0.615,-0.965,1.34,2.46,1.94,1.86,1.01,0.41,1958.45,3437.186,2643.631,2546.33,0,0,0,0
3424,53,Hombre,8.8,136,47.9,531,0,1,-1.186,162,118,0.4,36,0,-1.93,-1.63,0.01,-0.836,-1.186,-0.72,0.4,-0.12,-0.2,-1.37,-1.97,1350.912,2370.925,1823.541,1756.424,0,0,0,0
3425,71,Mujer,8.8,122,38.9,707,1,1,-0.857,300,111,-3.12,36,0,1.67,-0.16,0.54,-0.507,-0.857,-4.25,-3.12,-3.65,-3.72,-4.41,-5.01,304.281,534.029,410.736,395.619,0,0,0,0
3426,65,Hombre,7.7,127,51.5,148,0,1,-0.614,80,124,-3.62,36,0,-0.03,1.27,-1.31,-0.264,-0.614,-4.74,-3.62,-4.14,-4.22,-4.54,-5.14,237.952,417.619,321.202,309.38,0,0,0,0
3427,30,Hombre,8.3,121,55.7,215,0,1,-0.538,126,120,2.75,36,0,-3.92,-1.19,0.74,-0.188,-0.538,1.62,2.75,2.22,2.15,1.94,1.34,3073.856,5394.786,4149.272,3996.556,0,0,0,0
3428,65,Mujer,8.2,154,36.7,264,0,0,-0.542,154,151,0.82,36,0,0.95,-1.18,0.52,-0.542,-0.892,0.82,1.95,1.42,1.35,0.61,0.01,908.781,1594.961,1226.726,1181.576,0,0,0,0
3429,58,Hombre,6.3,133,41.3,110,0,0,0.667,214,147,-4.31,36,0,0.38,1.83,1.24,0.667,0.317,-4.31,-3.19,-3.71,-3.79,-2.71,-3.31,240.18,421.53,324.209,312.277,0,0,0,0
3430,78,Hombre,8.4,149,46.2,802,0,0,-1.032,286,164,0.36,36,0,1.27,-1.28,-0.07,-1.032,-1.382,0.36,1.49,0.96,0.89,-0.59,-1.19,435.615,764.529,588.019,566.377,0,0,0,0
3431,53,Mujer,8.5,155,48.4,162,0,1,-0.92,65,136,0.71,36,0,0.25,0.31,0.25,-0.57,-0.92,-0.41,0.71,0.19,0.11,-0.67,-1.27,160.472,281.638,216.615,208.642,0,0,0,0
3432,79,Mujer,8.6,132,59.8,501,1,0,0.507,832,137,-5.24,36,0,-0.31,1.28,-0.38,0.507,0.157,-5.24,-4.11,-4.64,-4.71,-3.88,-4.48,383.91,673.783,518.224,499.151,0,0,0,0
3433,59,Mujer,8.7,120,58.7,135,0,1,0.031,139,121,0.86,36,0,0.06,-0.49,-0.17,0.381,0.031,-0.26,0.86,0.34,0.26,0.91,0.31,43.368,76.113,58.54,56.386,0,0,0,0
3434,52,Hombre,8.1,143,44,70,1,0,0.159,82,144,-2.97,36,0,-0.22,-0.36,0.13,0.159,-0.191,-2.97,-1.85,-2.37,-2.45,-2.13,-2.73,899.961,1579.481,1214.82,1170.108,0,0,0,0
3435,62,Mujer,6.7,144,37.2,188,0,1,0.658,363,131,-4.24,36,0,-0.53,0.55,-1.04,1.008,0.658,-5.36,-4.24,-4.76,-4.84,-3.25,-3.85,107.954,189.466,145.723,140.36,0,0,0,0
3436,66,Mujer,8.4,161,40.8,254,0,1,-0.173,214,160,-2.15,36,0,-0.24,0.18,-0.57,0.177,-0.173,-3.28,-2.15,-2.68,-2.75,-2.41,-3.01,164.534,288.766,222.098,213.923,0,0,0,0
3437,68,Hombre,9.1,134,58.9,90,1,1,-0.688,45,143,0.65,36,0,-1.07,-1.27,-0.82,-0.338,-0.688,-0.48,0.65,0.12,0.05,-0.38,-0.98,166.526,292.262,224.786,216.513,0,0,0,0
3438,70,Mujer,7.4,120,30.9,57,0,0,-0.706,28,122,-3.07,36,0,0.17,0.42,-0.53,-0.706,-1.056,-3.07,-1.94,-2.47,-2.54,-3.53,-4.13,63.819,112.006,86.147,82.976,0,0,0,0
3439,71,Hombre,6.9,157,40.7,155,1,0,0.508,258,152,-1.67,36,0,1.83,-0.14,-0.48,0.508,0.158,-1.67,-0.54,-1.07,-1.14,-0.31,-0.91,204.792,359.421,276.44,266.266,0,0,0,0
3440,65,Mujer,6.8,131,42.2,346,0,0,0.08,375,123,-1.22,36,0,0.96,-0.04,-1.72,0.08,-0.27,-1.22,-0.1,-0.62,-0.7,-0.5,-1.1,1148.506,2015.69,1550.32,1493.26,0,0,0,0
3441,69,Mujer,10.8,95,32.3,85,1,1,-0.195,70,85,-1.77,36,0,1.28,-1.38,0.65,0.155,-0.195,-2.9,-1.77,-2.3,-2.37,-2.07,-2.67,43.892,77.033,59.248,57.068,0,0,0,0
3442,61,Mujer,6.4,113,41.1,190,0,1,-0.286,143,95,-1.52,36,0,0.69,0.14,-0.16,0.064,-0.286,-2.64,-1.52,-2.04,-2.12,-1.95,-2.55,2557.35,4488.289,3452.062,3325.007,0,0,0,0
3443,78,Mujer,6.8,141,48.7,252,0,0,0.81,566,140,-5.2,36,0,-0.55,0.6,0.38,0.81,0.46,-5.2,-4.07,-4.6,-4.67,-3.38,-3.98,373.174,654.94,503.732,485.192,0,0,0,0
3444,69,Hombre,6.1,128,34,191,0,1,1.175,618,129,-7.49,21.13,1,0.75,3.24,-1.15,1.525,1.175,-8.62,-7.49,-8.02,-8.09,-5.73,-6.33,12.04,21.131,16.252,15.654,1,1,1,1
3445,65,Mujer,6.2,114,49.9,25,1,0,-0.619,13,119,1.66,36,0,0.49,-2.17,-1.55,-0.619,-0.969,1.66,2.78,2.26,2.18,1.33,0.73,4954.508,8695.433,6687.887,6441.735,0,0,0,0
3446,45,Hombre,6.1,141,60.6,30,0,1,0.236,38,129,-0.77,36,0,0.12,-0.47,-0.2,0.586,0.236,-1.89,-0.77,-1.29,-1.37,-0.42,-1.02,1423.942,2499.096,1922.121,1851.376,0,0,0,0
3447,50,Mujer,10.1,131,45.1,45,0,0,0.784,99,139,-1.08,36,0,-0.23,0.61,1.39,0.784,0.434,-1.08,0.04,-0.48,-0.56,0.69,0.09,795.826,1396.718,1074.253,1034.714,0,0,0,0
3448,61,Hombre,7.8,136,38.8,46,0,0,0.504,76,141,-0.78,36,0,1.05,0.04,-1.16,0.504,0.154,-0.78,0.34,-0.18,-0.26,0.57,-0.03,193.387,339.404,261.045,251.437,0,0,0,0
3449,68,Mujer,5.9,146,43.6,130,1,1,-0.27,99,124,-1.27,36,0,0.91,-0.49,-0,0.08,-0.27,-2.39,-1.27,-1.79,-1.87,-1.67,-2.27,991.099,1739.433,1337.844,1288.604,0,0,0,0
3450,70,Hombre,9.3,133,35.3,109,0,0,0.493,178,137,-3.62,36,0,0.7,-0.04,0.46,0.493,0.143,-3.62,-2.49,-3.02,-3.09,-2.28,-2.88,1573.504,2761.586,2124.009,2045.834,0,0,0,0
3451,53,Hombre,8.3,123,31.8,146,0,0,0.017,148,141,-2.37,36,0,-2.11,0.23,0.34,0.017,-0.333,-2.37,-1.24,-1.77,-1.84,-1.74,-2.34,360.441,632.594,486.545,468.637,0,0,0,0
3452,62,Hombre,9.1,154,38.6,225,0,1,0.004,226,164,-3.34,36,0,0.36,-0.83,-0.86,0.354,0.004,-4.46,-3.34,-3.86,-3.94,-3.33,-3.93,391.515,687.13,528.49,509.039,0,0,0,0
3453,57,Mujer,7.6,110,56.3,26,0,0,-0.349,18,107,-2.2,36,0,-1.46,0.02,0.12,-0.349,-0.699,-2.2,-1.07,-1.6,-1.67,-2.12,-2.72,4530.36,7951.029,6115.346,5890.267,0,0,0,0
3454,60,Mujer,8.8,134,34.8,318,0,0,0.248,407,146,-5.93,36,0,-2.28,1.12,1.37,0.248,-0.102,-5.93,-4.81,-5.33,-5.41,-4.96,-5.56,220.685,387.315,297.894,286.93,0,0,0,0
3455,69,Hombre,7.1,158,47.6,76,0,1,-0.158,65,157,0.07,36,0,-0.33,-0.97,0.82,0.192,-0.158,-1.06,0.07,-0.46,-0.53,-0.17,-0.77,1541.055,2704.636,2080.207,2003.644,0,0,0,0
3456,51,Mujer,6.7,109,51.2,253,0,1,-0.642,133,106,0.17,36,0,1.33,-1.69,-0.56,-0.292,-0.642,-0.96,0.17,-0.36,-0.43,-0.8,-1.4,388.803,682.37,524.829,505.512,0,0,0,0
3457,69,Hombre,7.3,121,35,28,1,1,-0.177,23,107,-3.1,36,0,-0.28,0.56,-0.57,0.173,-0.177,-4.23,-3.1,-3.63,-3.7,-3.37,-3.97,338.841,594.684,457.387,440.553,0,0,0,0
3458,58,Hombre,7.3,139,56.9,92,0,0,0.658,178,129,-2.57,33.88,1,-0.05,1.32,1.72,0.658,0.308,-2.57,-1.45,-1.97,-2.05,-0.99,-1.59,33.877,59.457,45.73,44.047,1,0,0,0
3459,70,Hombre,7.6,130,56.6,20,0,0,-0.376,14,152,-0.33,36,0,2.38,0.11,-0.12,-0.376,-0.726,-0.33,0.8,0.27,0.2,-0.29,-0.89,1665.238,2922.584,2247.836,2165.103,0,0,0,0
3460,90,Mujer,7.3,132,30.3,243,0,0,-0.268,186,136,-2.14,36,0,-0.67,-0.62,-1.26,-0.268,-0.618,-2.14,-1.01,-1.54,-1.61,-1.94,-2.54,80.647,141.541,108.863,104.856,0,0,0,0
3461,72,Hombre,5.5,144,46,104,1,0,0.022,106,138,-0.01,36,0,0.05,-0.85,1.21,0.022,-0.328,-0.01,1.12,0.59,0.52,0.63,0.03,752.319,1320.362,1015.525,978.148,0,0,0,0
3462,58,Mujer,6,133,43.5,273,1,1,-0.444,175,136,-1.81,36,0,-0.15,-0.53,1.02,-0.094,-0.444,-2.94,-1.81,-2.34,-2.41,-2.48,-3.08,1671.842,2934.174,2256.751,2173.69,0,0,0,0
3463,74,Hombre,8.3,149,39.6,67,0,0,0.929,170,167,-5.05,36,0,-0.65,0.79,0.85,0.929,0.579,-5.05,-3.92,-4.45,-4.52,-3.06,-3.66,186.865,327.958,252.241,242.958,0,0,0,0
3464,56,Mujer,7.3,131,33.5,103,0,1,0.196,125,123,-1.96,36,0,-0.56,0.65,-1.28,0.546,0.196,-3.08,-1.96,-2.48,-2.56,-1.66,-2.26,254.952,447.455,344.149,331.483,0,0,0,0
3465,71,Mujer,6.3,138,47.1,53,0,0,-1.14,17,127,0.42,36,0,0.2,-0.14,1.11,-1.14,-1.49,0.42,1.55,1.02,0.95,-0.69,-1.29,2159.644,3790.292,2915.214,2807.918,0,0,0,0
3466,50,Hombre,6.4,135,70.8,113,0,0,-0.582,63,139,-0.3,36,0,-1.67,0.38,1.35,-0.582,-0.932,-0.3,0.82,0.3,0.22,-0.57,-1.17,2252.109,3952.575,3040.029,2928.139,0,0,0,0
3467,88,Mujer,8.3,132,46.5,60,0,0,0.144,69,142,-3.35,36,0,2.72,-0.17,-0.15,0.144,-0.206,-3.35,-2.22,-2.75,-2.82,-2.53,-3.13,2382.747,4181.852,3216.372,3097.992,0,0,0,0
3468,68,Hombre,8.9,122,48.8,260,0,1,0.25,334,113,-0.67,36,0,-0.02,-1.15,0.23,0.6,0.25,-1.79,-0.67,-1.19,-1.27,-0.29,-0.89,406.287,713.055,548.43,528.244,0,0,0,0
3469,60,Hombre,8.2,114,40.6,174,1,0,0.485,282,115,-3.19,36,0,-1.17,0.38,-0.7,0.485,0.135,-3.19,-2.07,-2.59,-2.67,-1.86,-2.46,606.338,1064.157,818.471,788.347,0,0,0,0
3470,49,Mujer,7.2,142,63.2,26,0,0,0.163,31,147,-0.01,36,0,-0.46,-1.01,-0.06,0.163,-0.187,-0.01,1.11,0.59,0.51,0.83,0.23,3918.742,6877.606,5289.748,5095.056,0,0,0,0
3471,41,Mujer,8.3,106,44.1,68,0,1,-0.316,50,82,-1.17,36,0,-1.59,1.62,-0.58,0.034,-0.316,-2.3,-1.17,-1.7,-1.77,-1.65,-2.25,977.789,1716.073,1319.877,1271.298,0,0,0,0
3472,62,Mujer,7.1,117,56.1,40,0,0,0.281,53,103,-0.57,36,0,0.78,-0.79,-0.71,0.281,-0.069,-0.57,0.56,0.03,-0.04,0.45,-0.15,372.042,652.954,502.204,483.72,0,0,0,0
3473,59,Mujer,8.8,160,56,53,1,0,-0.088,49,160,-1.77,36,0,0.55,-1.32,0.26,-0.088,-0.438,-1.77,-0.65,-1.17,-1.25,-1.31,-1.91,794.124,1393.731,1071.955,1032.501,0,0,0,0
3474,65,Mujer,6.8,138,43.1,13,0,0,0.717,27,144,-2.81,36,0,-2.08,0.22,-0.88,0.717,0.367,-2.81,-1.69,-2.21,-2.29,-1.13,-1.73,40.699,71.429,54.938,52.916,0,0,0,0
3475,61,Hombre,6.7,136,54.4,27,0,0,0.094,30,143,-0.73,36,0,-0.26,0.41,0.98,0.094,-0.256,-0.73,0.4,-0.13,-0.2,0.01,-0.59,2733.574,4797.572,3689.939,3554.129,0,0,0,0
3476,62,Hombre,6.1,149,54.7,104,0,1,-0.939,41,144,0.25,36,0,0.53,-1.51,-1.48,-0.589,-0.939,-0.88,0.25,-0.28,-0.35,-1.16,-1.76,2659.895,4668.262,3590.483,3458.333,0,0,0,0
3477,71,Hombre,6.9,134,66.3,80,1,1,-1.511,18,121,3.03,36,0,0.73,-1.64,-0.01,-1.161,-1.511,1.9,3.03,2.5,2.43,0.76,0.16,848.486,1489.139,1145.336,1103.181,0,0,0,0
3478,57,Mujer,8.6,127,35.9,69,0,1,-0.06,65,111,0.77,36,0,-0.41,-0.34,-1.19,0.29,-0.06,-0.35,0.77,0.25,0.17,0.68,0.08,430.31,755.218,580.858,559.479,0,0,0,0
3479,68,Mujer,6.3,126,36.2,112,0,0,0.706,227,129,-4.36,36,0,-1.78,0.19,0.51,0.706,0.356,-4.36,-3.23,-3.76,-3.83,-2.7,-3.3,299.324,525.33,404.045,389.174,0,0,0,0
3480,63,Hombre,8.2,145,41.4,244,1,1,-0.088,224,131,-4.1,36,0,1.31,-0.04,-0.57,0.262,-0.088,-5.22,-4.1,-4.62,-4.7,-4.23,-4.83,106.472,186.865,143.723,138.433,0,0,0,0
3481,53,Mujer,8.3,134,51.7,35,0,1,-0.728,17,129,2.29,36,0,0.81,-1.22,-1.08,-0.378,-0.728,1.17,2.29,1.77,1.69,1.2,0.6,1666.183,2924.242,2249.112,2166.332,0,0,0,0
3482,73,Hombre,7.2,143,48.1,146,1,0,0.416,221,136,-3.93,3.34,1,-0.42,0.17,0.46,0.416,0.066,-3.93,-2.8,-3.33,-3.4,-2.71,-3.31,3.341,5.864,4.51,4.344,1,1,1,1
3483,77,Hombre,9.1,152,33.5,69,0,0,0.238,88,152,-2.54,36,0,0.67,-0.68,-0.09,0.238,-0.112,-2.54,-1.42,-1.94,-2.02,-1.58,-2.18,119.924,210.473,161.88,155.922,0,0,0,0
3484,83,Hombre,9,153,37.4,100,1,0,0.874,240,148,-6.87,11.76,1,0.18,1.55,-0.44,0.874,0.524,-6.87,-5.74,-6.27,-6.34,-4.96,-5.56,11.757,20.635,15.871,15.287,1,1,1,1
3485,75,Mujer,7.1,149,60,197,0,1,-0.155,169,156,-1.63,36,0,0.89,0.13,-2.31,0.195,-0.155,-2.76,-1.63,-2.16,-2.23,-1.87,-2.47,473.662,831.303,639.377,615.844,0,0,0,0
3486,44,Mujer,7.2,129,51.5,28,0,1,-0.429,18,132,0.94,36,0,-0.29,-0.77,0.98,-0.079,-0.429,-0.19,0.94,0.41,0.34,0.3,-0.3,747.641,1312.15,1009.209,972.065,0,0,0,0
3487,60,Hombre,5.6,154,52.3,135,0,0,-0.191,112,159,0.2,36,0,0.04,-0.07,-1.01,-0.191,-0.541,0.2,1.33,0.8,0.73,0.52,-0.08,918.353,1611.76,1239.647,1194.021,0,0,0,0
3488,76,Hombre,7.5,151,40.1,204,0,0,-0.417,134,151,-1.87,36,0,0.25,-0.72,1.29,-0.417,-0.767,-1.87,-0.75,-1.27,-1.35,-1.9,-2.5,179.209,314.522,241.907,233.004,0,0,0,0
3489,55,Mujer,8,130,55,53,0,1,-0.544,31,138,1.24,36,0,1.1,0.02,-1.54,-0.194,-0.544,0.12,1.24,0.72,0.64,0.43,-0.17,6038.509,10597.914,8151.135,7851.128,0,0,0,0
3490,60,Hombre,8.4,142,51.6,53,0,1,0.229,67,135,-3.32,36,0,0.98,0.57,-1.22,0.579,0.229,-4.45,-3.32,-3.85,-3.92,-2.98,-3.58,781.881,1372.244,1055.429,1016.583,0,0,0,0
3491,48,Mujer,8.1,125,37.8,53,0,1,0.651,102,136,-1.94,36,0,-0.33,-0.51,-0.07,1.001,0.651,-3.06,-1.94,-2.46,-2.54,-0.96,-1.56,318.597,559.155,430.061,414.232,0,0,0,0
3492,62,Mujer,9.1,133,36.4,257,1,0,0.11,287,125,-3.71,36,0,-1.55,1.25,-1.16,0.11,-0.24,-3.71,-2.58,-3.11,-3.18,-2.94,-3.54,165.785,290.962,223.786,215.55,0,0,0,0
3493,90,Mujer,9.3,117,40.5,104,1,1,-0.69,52,130,-1.35,36,0,0.11,-0.91,0.69,-0.34,-0.69,-2.48,-1.35,-1.88,-1.95,-2.39,-2.99,279.631,490.768,377.463,363.57,0,0,0,0
3494,48,Mujer,7.8,123,41.3,31,0,1,-0.429,20,109,1.15,36,0,-0.12,0.17,2.07,-0.079,-0.429,0.03,1.15,0.63,0.55,0.51,-0.09,1072.578,1882.432,1447.828,1394.54,0,0,0,0
3495,70,Mujer,6.7,162,47.1,132,0,1,-0.095,120,166,-2.09,36,0,1.12,0.54,0.59,0.255,-0.095,-3.21,-2.09,-2.61,-2.69,-2.23,-2.83,151.973,266.722,205.143,197.592,0,0,0,0
3496,63,Mujer,8.8,130,54.7,49,0,1,-0.342,35,110,0.84,36,0,-1.37,-0.47,-0.32,0.008,-0.342,-0.28,0.84,0.32,0.24,0.33,-0.27,414.54,727.54,559.57,538.975,0,0,0,0
3497,47,Hombre,8.6,126,63,37,0,1,-0.005,37,116,1.35,36,0,-1.47,-1.17,-0.3,0.345,-0.005,0.22,1.35,0.82,0.75,1.34,0.74,1718.438,3015.952,2319.648,2234.272,0,0,0,0
3498,66,Hombre,8.7,124,51.8,198,0,0,-0.943,77,134,-0.72,36,0,-1.55,-0.26,-2.08,-0.943,-1.293,-0.72,0.41,-0.12,-0.19,-1.53,-2.13,3926.842,6891.823,5300.683,5105.588,0,0,0,0
3499,67,Hombre,6.9,175,59.4,634,0,0,0.487,1031,181,-4.34,36,0,0.01,1.18,0.31,0.487,0.137,-4.34,-3.21,-3.74,-3.81,-3.01,-3.61,903.103,1584.995,1219.061,1174.193,0,0,0,0
3500,45,Mujer,7.1,121,35.8,424,0,1,-0.045,405,109,-1.38,36,0,-0.3,0.45,-0.7,0.305,-0.045,-2.51,-1.38,-1.91,-1.98,-1.45,-2.05,239.715,420.712,323.581,311.671,0,0,0,0
3501,80,Hombre,7.6,140,36,65,0,0,0.098,72,125,-3.61,36,0,0.21,0.98,1.67,0.098,-0.252,-3.61,-2.48,-3.01,-3.08,-2.86,-3.46,236.212,414.564,318.852,307.117,0,0,0,0
3502,56,Mujer,6.8,135,45.6,171,0,1,-0.308,126,135,-0.22,36,0,1.32,-1.13,1.18,0.042,-0.308,-1.35,-0.22,-0.75,-0.82,-0.68,-1.28,1091.94,1916.414,1473.965,1419.715,0,0,0,0
3503,55,Hombre,6.1,125,45.6,276,0,0,0.276,364,116,-2.58,36,0,-0.51,0.86,-2.02,0.276,-0.074,-2.58,-1.45,-1.98,-2.05,-1.56,-2.16,100.775,176.866,136.032,131.026,0,0,0,0
3504,76,Hombre,6.6,152,53.3,15,1,0,0.884,36,150,-6.33,36,0,0.8,1.96,0.03,0.884,0.534,-6.33,-5.2,-5.73,-5.8,-4.4,-5,169.139,296.848,228.313,219.91,0,0,0,0
3505,61,Mujer,8.8,154,69.3,63,0,0,1.445,267,138,-4.48,36,0,0.59,0.98,1.47,1.445,1.095,-4.48,-3.36,-3.88,-3.96,-1.71,-2.31,261.343,458.672,352.777,339.792,0,0,0,0
3506,88,Mujer,10.4,126,30.9,46,1,0,-0.65,24,117,-0.51,36,0,2.42,-1.14,0.5,-0.65,-1,-0.51,0.62,0.09,0.02,-0.88,-1.48,580.443,1018.708,783.515,754.678,0,0,0,0
3507,70,Mujer,7.9,128,44.6,36,0,0,-0.108,32,127,-2.8,36,0,-0.92,0.88,0.37,-0.108,-0.458,-2.8,-1.68,-2.2,-2.28,-2.37,-2.97,201.454,353.563,271.935,261.926,0,0,0,0
3508,58,Mujer,8.6,132,40.8,53,0,1,0.002,53,119,-2.35,36,0,0.05,-0.61,0.99,0.352,0.002,-3.47,-2.35,-2.87,-2.95,-2.35,-2.95,495.378,869.415,668.69,644.079,0,0,0,0
3509,63,Hombre,10.8,125,51.2,230,0,0,-0.045,220,131,-3.11,36,0,1.52,-0.86,-0.19,-0.045,-0.395,-3.11,-1.99,-2.51,-2.59,-2.58,-3.18,46.898,82.308,63.305,60.975,0,0,0,0
3510,77,Hombre,6.6,152,42.6,152,0,0,0.663,295,168,-6.93,17.4,1,1.11,1.37,2.19,0.663,0.313,-6.93,-5.81,-6.33,-6.41,-5.34,-5.94,17.395,30.53,23.481,22.617,1,1,1,1
3511,58,Mujer,8.3,127,53.8,42,0,0,0.532,71,126,-2.32,36,0,-0.76,0.71,-0.4,0.532,0.182,-2.32,-1.19,-1.72,-1.79,-0.92,-1.52,1659.346,2912.242,2239.882,2157.442,0,0,0,0
3512,47,Mujer,8.1,140,45.2,246,0,0,0.389,363,140,-4.42,36,0,0.05,0.27,0.64,0.389,0.039,-4.42,-3.29,-3.82,-3.89,-3.23,-3.83,1045.773,1835.388,1411.646,1359.689,0,0,0,0
3513,82,Hombre,8.6,139,38,253,1,0,-0.217,204,136,-3.27,36,0,0.51,-0.75,-1.09,-0.217,-0.567,-3.27,-2.14,-2.67,-2.74,-2.99,-3.59,552.887,970.347,746.319,718.85,0,0,0,0
3514,58,Mujer,7.6,135,56.7,114,1,0,0.391,169,132,-2.47,36,0,0.32,-0.13,-0.6,0.391,0.041,-2.47,-1.35,-1.87,-1.95,-1.29,-1.89,143.095,251.14,193.158,186.049,0,0,0,0
3515,68,Mujer,9.2,163,42.9,384,1,0,-0.46,242,166,-4.08,36,0,-0.76,-0.48,-0.96,-0.46,-0.81,-4.08,-2.95,-3.48,-3.55,-4.17,-4.77,153.719,269.784,207.498,199.861,0,0,0,0
3516,70,Hombre,8.2,119,47.1,45,0,0,0.766,97,114,-3.63,36,0,1.63,1.83,2.05,0.766,0.416,-3.63,-2.5,-3.03,-3.1,-1.88,-2.48,324.01,568.655,437.367,421.27,0,0,0,0
3517,53,Hombre,9,123,52.9,5,0,0,-0.001,5,131,-0.97,36,0,-0.48,-0.01,-0.84,-0.001,-0.351,-0.97,0.16,-0.37,-0.44,-0.37,-0.97,4902.863,8604.792,6618.173,6374.587,0,0,0,0
3518,51,Hombre,7.1,119,51.3,26,1,0,1.083,77,115,-3.38,36,0,-0.25,1.36,0.36,1.083,0.733,-3.38,-2.25,-2.78,-2.85,-1.15,-1.75,249.403,437.716,336.659,324.268,0,0,0,0
3519,69,Mujer,9.6,126,64.5,222,0,1,-0.255,172,114,-3.63,36,0,-0.99,1.23,0.71,0.095,-0.255,-4.75,-3.63,-4.15,-4.23,-4.01,-4.61,292.225,512.87,394.462,379.944,0,0,0,0
3520,65,Hombre,10.6,145,44.2,492,0,0,0.18,589,155,-4.71,36,0,-2.3,1.2,-0.55,0.18,-0.17,-4.71,-3.59,-4.11,-4.19,-3.84,-4.44,53.24,93.439,71.867,69.221,0,0,0,0
3521,83,Hombre,8,168,49,333,0,0,-0.179,278,158,-4.31,1.13,1,0.55,-0.08,-0.92,-0.179,-0.529,-4.31,-3.18,-3.71,-3.78,-3.98,-4.58,1.129,1.981,1.524,1.467,1,1,1,1
3522,66,Mujer,7.4,141,31.6,133,0,0,0.413,201,132,-2.21,36,0,2.28,-0.07,-0.19,0.413,0.063,-2.21,-1.09,-1.61,-1.69,-0.99,-1.59,51.883,91.058,70.035,67.458,0,0,0,0
3523,49,Hombre,6.4,138,38.6,169,1,1,-0.492,103,135,-1.25,36,0,-0.37,0.39,-1.62,-0.142,-0.492,-2.38,-1.25,-1.78,-1.85,-1.99,-2.59,233.768,410.276,315.554,303.94,0,0,0,0
3524,77,Hombre,9.4,126,45.8,668,0,0,-0.542,388,132,-2.35,36,0,0.1,-0.64,-0.98,-0.542,-0.892,-2.35,-1.22,-1.75,-1.82,-2.56,-3.16,439.431,771.225,593.17,571.338,0,0,0,0
3525,55,Mujer,9,118,56.3,33,0,0,-0.03,32,103,-2.43,13.14,1,0.34,1.26,-0.59,-0.03,-0.38,-2.43,-1.3,-1.83,-1.9,-1.87,-2.47,13.137,23.056,17.733,17.081,1,1,1,1
3526,61,Hombre,8.6,132,46.2,33,0,0,-0.397,22,132,-1.36,36,0,0.09,-0.97,-1.33,-0.397,-0.747,-1.36,-0.24,-0.76,-0.84,-1.36,-1.96,3879.031,6807.911,5236.144,5043.425,0,0,0,0
3527,59,Mujer,7.6,114,43,217,0,0,0.493,355,109,-6.85,36,0,0.04,2.09,-0.94,0.493,0.143,-6.85,-5.72,-6.25,-6.32,-5.51,-6.11,169.375,297.263,228.632,220.218,0,0,0,0
3528,68,Hombre,7.8,135,42.3,120,0,0,-0.285,90,134,2.18,36,0,1.57,-1.41,0.02,-0.285,-0.635,2.18,3.31,2.78,2.71,2.35,1.75,2618.491,4595.595,3534.593,3404.501,0,0,0,0
3529,73,Hombre,6.9,158,31.7,366,0,0,-0.074,340,156,-3.62,36,0,-1.58,-0.41,-1.44,-0.074,-0.424,-3.62,-2.49,-3.02,-3.09,-3.13,-3.73,98.738,173.291,133.282,128.377,0,0,0,0
3530,58,Hombre,8.9,148,54.4,393,0,1,-0.914,158,145,-2.15,36,0,0.74,-1.16,-0.03,-0.564,-0.914,-3.28,-2.15,-2.68,-2.75,-3.52,-4.12,486.135,853.194,656.214,632.062,0,0,0,0
3531,68,Hombre,7.8,139,65.7,615,0,1,-1.052,215,115,1.95,36,0,1.05,-0.11,-0.51,-0.702,-1.052,0.83,1.95,1.43,1.35,0.37,-0.23,454.357,797.422,613.318,590.745,0,0,0,0
3532,59,Mujer,8.3,121,47.9,85,1,1,-0.057,80,134,-2.71,36,0,0.59,-0.38,0.44,0.293,-0.057,-3.83,-2.71,-3.23,-3.31,-2.79,-3.39,928.846,1630.175,1253.811,1207.664,0,0,0,0
3533,62,Mujer,8.1,149,50.4,782,0,1,-1.284,217,133,-1.61,36,0,-1.04,0.08,-0.14,-0.934,-1.284,-2.74,-1.61,-2.14,-2.21,-3.54,-4.14,829.953,1456.614,1120.32,1079.086,0,0,0,0
3534,59,Mujer,6.2,133,63.7,48,0,0,-0.583,27,139,2.18,36,0,-1.04,-1.16,2.19,-0.583,-0.933,2.18,3.31,2.78,2.71,1.91,1.31,22872.853,40143.106,30875.121,29738.745,0,0,0,0
3535,78,Mujer,8.5,122,42.9,199,0,0,0.708,404,118,-3.86,36,0,-0.65,0.7,-1.13,0.708,0.358,-3.86,-2.73,-3.26,-3.33,-2.2,-2.8,94.343,165.577,127.35,122.662,0,0,0,0
3536,73,Hombre,9.8,141,34.9,809,0,1,0.268,1058,133,-3.22,36,0,-0.12,0.49,0.07,0.618,0.268,-4.34,-3.22,-3.74,-3.82,-2.82,-3.42,71.393,125.299,96.371,92.824,0,0,0,0
3537,58,Mujer,8.2,145,63.3,33,0,1,0.424,50,138,-1.99,36,0,0.26,1.56,0.33,0.774,0.424,-3.12,-1.99,-2.52,-2.59,-1.36,-1.96,113.515,199.226,153.23,147.59,0,0,0,0
3538,76,Mujer,8,150,50.9,183,1,1,0.609,337,151,-4.47,36,0,0.79,0.08,-0.32,0.959,0.609,-5.6,-4.47,-5,-5.07,-3.56,-4.16,184.322,323.495,248.808,239.651,0,0,0,0
3539,58,Hombre,6.9,128,37.9,21,0,0,-0.045,20,118,-0.18,36,0,-2.3,-0.25,1.09,-0.045,-0.395,-0.18,0.94,0.42,0.34,0.35,-0.25,1927.084,3382.138,2601.292,2505.55,0,0,0,0
3540,66,Hombre,7.7,131,47,72,0,1,-0.553,41,124,0.79,36,0,-0.23,-1.6,-1.88,-0.203,-0.553,-0.34,0.79,0.26,0.19,-0.04,-0.64,3606.256,6329.176,4867.936,4688.769,0,0,0,0
3541,65,Hombre,8.5,173,45.9,52,0,0,1.447,221,166,-5.69,36,0,0.7,1.72,-1.65,1.447,1.097,-5.69,-4.57,-5.09,-5.17,-2.92,-3.52,76.015,133.411,102.61,98.833,0,0,0,0
3542,70,Mujer,8.9,135,58.1,243,0,1,-0.654,126,127,1.08,36,0,-0.15,-1.24,1.15,-0.304,-0.654,-0.04,1.08,0.56,0.48,0.1,-0.5,1105.606,1940.399,1492.412,1437.483,0,0,0,0
3543,61,Hombre,10.9,121,43.7,181,0,1,-0.153,155,109,-2.22,36,0,0.06,0.18,0.68,0.197,-0.153,-3.34,-2.22,-2.74,-2.82,-2.45,-3.05,235.348,413.049,317.687,305.994,0,0,0,0
3544,65,Hombre,8.8,144,38.4,205,0,0,-0.209,166,130,-2.37,36,0,3.19,0.15,1.32,-0.209,-0.559,-2.37,-1.24,-1.77,-1.84,-2.08,-2.68,571.011,1002.155,770.784,742.415,0,0,0,0
3545,61,Mujer,7.9,105,53.6,207,0,0,-0.551,119,100,-0.06,36,0,0.29,-0.31,0.21,-0.551,-0.901,-0.06,1.07,0.54,0.47,-0.29,-0.89,72.789,127.748,98.255,94.638,0,0,0,0
3546,60,Mujer,6.7,120,48,105,1,0,-0.243,82,125,-1.51,36,0,0.29,-0.08,-0.4,-0.243,-0.593,-1.51,-0.39,-0.91,-0.99,-1.28,-1.88,237.163,416.235,320.137,308.354,0,0,0,0
3547,63,Hombre,6.3,134,49.2,72,0,0,1.233,247,137,-4.78,36,0,0.9,-0.02,-0.8,1.233,0.883,-4.78,-3.65,-4.18,-4.25,-2.33,-2.93,43.277,75.953,58.418,56.268,0,0,0,0
3548,78,Mujer,8.1,131,33.3,239,1,0,-0.06,225,119,-5.08,36,0,-0.34,0.44,-1.84,-0.06,-0.41,-5.08,-3.95,-4.48,-4.55,-4.57,-5.17,209.011,366.826,282.135,271.751,0,0,0,0
3549,74,Mujer,7.1,121,46.2,18,0,0,0.319,25,117,-0.77,36,0,1.79,-0.1,0.64,0.319,-0.031,-0.77,0.35,-0.17,-0.25,0.31,-0.29,1133.806,1989.892,1530.478,1474.148,0,0,0,0
3550,71,Hombre,8.7,138,42.1,269,0,1,0.433,415,139,-5.54,36,0,0.88,1.58,-0.18,0.783,0.433,-6.66,-5.54,-6.06,-6.14,-4.89,-5.49,89.132,156.432,120.316,115.887,0,0,0,0
3551,75,Mujer,7.7,148,24.7,98,0,0,0.947,253,137,-8.07,1.58,1,2.12,2.47,1.28,0.947,0.597,-8.07,-6.95,-7.47,-7.55,-6.05,-6.65,1.577,2.767,2.128,2.05,1,1,1,1
3552,64,Hombre,8.9,126,42.3,65,1,1,-0.814,29,111,-1.71,36,0,-1.63,0.38,0.59,-0.464,-0.814,-2.84,-1.71,-2.24,-2.31,-2.93,-3.53,1028.258,1804.648,1388.003,1336.916,0,0,0,0
3553,67,Hombre,7.2,108,57.7,16,1,1,-0.189,13,101,-2.57,36,0,-0.99,2.13,-0.69,0.161,-0.189,-3.7,-2.57,-3.1,-3.17,-2.85,-3.45,321.71,564.619,434.263,418.28,0,0,0,0
3554,58,Hombre,7.4,148,30.3,437,1,1,-0.461,276,154,-1.39,36,0,0.43,0.28,0.27,-0.111,-0.461,-2.52,-1.39,-1.92,-1.99,-2.09,-2.69,169.698,297.829,229.068,220.637,0,0,0,0
3555,68,Mujer,10.7,139,36,156,0,0,0.366,225,135,-3.28,36,0,-0.49,0.01,1.05,0.366,0.016,-3.28,-2.16,-2.68,-2.76,-2.13,-2.73,288.505,506.343,389.441,375.108,0,0,0,0
3556,68,Mujer,7.1,148,67,60,0,1,-0.974,23,153,1.54,36,0,-1.11,-0.51,0.17,-0.624,-0.974,0.41,1.54,1.01,0.94,0.08,-0.52,2276.831,3995.962,3073.4,2960.281,0,0,0,0
3557,61,Hombre,6.1,116,57.1,38,1,0,0.498,63,110,1.01,36,0,-0.19,-2.41,-1.05,0.498,0.148,1.01,2.13,1.61,1.53,2.36,1.76,1083.239,1901.144,1462.22,1408.402,0,0,0,0
3558,68,Hombre,7.2,122,48.7,238,0,0,-0.014,235,104,-2.94,36,0,-0.24,1.41,-0.76,-0.014,-0.364,-2.94,-1.82,-2.34,-2.42,-2.36,-2.96,150.437,264.026,203.069,195.595,0,0,0,0
3559,65,Mujer,7.4,126,54.3,20,0,0,0.128,23,133,-1.26,36,0,-0.1,-0.61,1.27,0.128,-0.222,-1.26,-0.13,-0.66,-0.73,-0.47,-1.07,4670.107,8196.294,6303.986,6071.964,0,0,0,0
3560,38,Mujer,9.2,132,49.8,108,0,0,0.217,134,140,-1.34,36,0,-1.4,-0.54,-1.13,0.217,-0.133,-1.34,-0.21,-0.74,-0.81,-0.41,-1.01,2371.725,4162.507,3201.494,3083.661,0,0,0,0
3561,68,Mujer,7.3,129,37.8,392,0,0,-0.338,279,129,-2.04,36,0,-0.11,-0.71,-0.35,-0.338,-0.688,-2.04,-0.92,-1.44,-1.52,-1.95,-2.55,445.814,782.428,601.786,579.637,0,0,0,0
3562,53,Hombre,8.5,144,52.6,100,0,0,0.262,130,126,-1.93,36,0,-1.08,0.01,-0,0.262,-0.088,-1.93,-0.8,-1.33,-1.4,-0.93,-1.53,508.285,892.068,686.113,660.861,0,0,0,0
3563,76,Hombre,7.9,145,35.5,208,1,0,-0.29,156,148,-3.6,23.39,1,1.07,-0.46,-0.86,-0.29,-0.64,-3.6,-2.47,-3,-3.07,-3.43,-4.03,23.391,41.053,31.575,30.413,1,0,1,1
3564,74,Mujer,8.4,146,66.2,980,0,1,-0.19,811,147,-0.91,36,0,-0.7,0.72,-0.05,0.16,-0.19,-2.04,-0.91,-1.44,-1.51,-1.2,-1.8,73.872,129.649,99.717,96.047,0,0,0,0
3565,58,Mujer,6.9,125,55.4,209,0,1,-0.859,89,110,2.31,36,0,-1.07,-0.55,-0.06,-0.509,-0.859,1.19,2.31,1.79,1.71,1.02,0.42,580.565,1018.923,783.681,754.837,0,0,0,0
3566,74,Hombre,7.5,147,41.8,85,0,0,-0.147,73,141,-3.61,36,0,1.79,-0.05,0.47,-0.147,-0.497,-3.61,-2.48,-3.01,-3.08,-3.23,-3.83,619.397,1087.076,836.099,805.325,0,0,0,0
3567,48,Mujer,7.4,142,54.7,27,1,1,1.03,76,127,-2.74,36,0,0.14,0.42,-1.41,1.38,1.03,-3.87,-2.74,-3.27,-3.34,-1.2,-1.8,502.145,881.291,677.824,652.877,0,0,0,0
3568,52,Hombre,5.5,146,31.5,501,0,0,-1.389,125,152,-0.72,36,0,-0.41,0.02,1.02,-1.389,-1.739,-0.72,0.4,-0.12,-0.2,-2.2,-2.8,654.051,1147.895,882.876,850.381,0,0,0,0
3569,75,Hombre,8.3,132,40.7,196,0,1,0.319,270,136,-4.46,36,0,-0.3,1.17,-1.94,0.669,0.319,-5.58,-4.46,-4.98,-5.06,-3.98,-4.58,227.361,399.031,306.905,295.609,0,0,0,0
3570,50,Mujer,8.9,130,54.7,185,0,1,-1.144,59,125,2.21,36,0,0.4,-1.26,0.63,-0.794,-1.144,1.08,2.21,1.68,1.61,0.49,-0.11,1484.77,2605.852,2004.23,1930.463,0,0,0,0
3571,59,Hombre,8.8,148,42.1,171,0,0,-0.01,169,158,-2.24,36,0,-0.36,-0.64,-0.76,-0.01,-0.36,-2.24,-1.12,-1.64,-1.72,-1.66,-2.26,249.11,437.201,336.263,323.886,0,0,0,0
3572,72,Hombre,9.6,118,48.6,328,0,0,0.834,755,114,-5.3,36,0,-0.59,1.03,0.08,0.834,0.484,-5.3,-4.17,-4.7,-4.77,-3.44,-4.04,166.799,292.742,225.156,216.869,0,0,0,0
3573,38,Mujer,7.3,139,54.8,162,0,0,-0.324,117,144,0.55,36,0,-0.91,-1.41,0.88,-0.324,-0.674,0.55,1.68,1.15,1.08,0.67,0.07,954.614,1675.4,1288.594,1241.167,0,0,0,0
3574,53,Hombre,7.5,115,46.2,73,1,1,-0.497,44,111,-3.33,36,0,1.38,0.31,2.65,-0.147,-0.497,-4.45,-3.33,-3.85,-3.93,-4.07,-4.67,520.311,913.175,702.347,676.497,0,0,0,0
3575,68,Hombre,7.4,137,50.8,396,0,0,0.293,531,152,-1.94,36,0,-0.59,-0.55,1.28,0.293,-0.057,-1.94,-0.82,-1.34,-1.42,-0.9,-1.5,188.876,331.488,254.956,245.572,0,0,0,0
3576,65,Hombre,9.2,124,71,66,1,1,-0.822,29,122,-0.88,36,0,0.17,-0.88,0.04,-0.472,-0.822,-2.01,-0.88,-1.41,-1.48,-2.11,-2.71,9157.382,16071.706,12361.173,11906.213,0,0,0,0
3577,65,Mujer,7.7,132,40.7,41,0,0,0.024,42,115,-4.5,36,0,-0.96,0.73,-1.69,0.024,-0.326,-4.5,-3.37,-3.9,-3.97,-3.86,-4.46,494.574,868.004,667.605,643.033,0,0,0,0
3578,68,Hombre,7.6,121,39.4,69,0,0,0.725,142,125,-3.25,28.55,1,-0.23,3.13,1.03,0.725,0.375,-3.25,-2.13,-2.65,-2.73,-1.57,-2.17,28.553,50.113,38.543,37.125,1,0,0,0
3579,77,Mujer,7.8,145,21,1110,0,1,-0.981,416,145,-0.8,36,0,2.48,-0.48,0.67,-0.631,-0.981,-1.93,-0.8,-1.33,-1.4,-2.27,-2.87,179.113,314.353,241.777,232.878,0,0,0,0
3580,53,Hombre,8.4,142,45,387,0,1,0.117,435,134,-3.49,36,0,0.38,0.15,-1.25,0.467,0.117,-4.62,-3.49,-4.02,-4.09,-3.32,-3.92,262.576,460.836,354.441,341.396,0,0,0,0
3581,74,Hombre,8.7,119,47.6,91,0,0,-0.184,76,118,-3.92,36,0,-0.72,0.55,0.07,-0.184,-0.534,-3.92,-2.79,-3.32,-3.39,-3.59,-4.19,75.276,132.113,101.612,97.872,0,0,0,0
3582,72,Hombre,5.5,130,42.7,9,1,0,0.631,17,128,-4.62,36,0,0.84,0.75,0.11,0.631,0.281,-4.62,-3.5,-4.02,-4.1,-3.07,-3.67,284.745,499.743,384.365,370.219,0,0,0,0
3583,68,Hombre,7.9,146,37,167,0,1,0.672,327,140,-2.13,36,0,1.12,0.46,-0.59,1.022,0.672,-3.25,-2.13,-2.65,-2.73,-1.12,-1.72,604.135,1060.289,815.496,785.482,0,0,0,0
3584,65,Mujer,8.3,144,55,115,1,1,-0.872,48,139,-2.58,36,0,0.98,0.25,1.07,-0.522,-0.872,-3.71,-2.58,-3.11,-3.18,-3.89,-4.49,1314.373,2306.796,1774.217,1708.916,0,0,0,0
3585,46,Hombre,8.5,125,49,1145,0,1,-0.248,893,109,-0.04,36,0,0.27,-0.35,-0.14,0.102,-0.248,-1.16,-0.04,-0.56,-0.64,-0.41,-1.01,332.12,582.888,448.315,431.814,0,0,0,0
3586,71,Hombre,9.3,114,37.8,45,0,0,-1.027,16,109,-0.8,36,0,0.64,-0.44,1.19,-1.027,-1.377,-0.8,0.32,-0.2,-0.28,-1.74,-2.34,2166.476,3802.283,2924.436,2816.801,0,0,0,0
3587,55,Hombre,8.6,147,75,167,0,1,-0.91,67,157,0.35,36,0,-0.58,-1.25,-1.55,-0.56,-0.91,-0.78,0.35,-0.18,-0.25,-1.02,-1.62,1004.477,1762.911,1355.902,1305.997,0,0,0,0
3588,48,Hombre,9.2,143,41.6,276,0,1,-0.977,104,129,-0.07,36,0,0,-0.39,-2.17,-0.627,-0.977,-1.19,-0.07,-0.59,-0.67,-1.53,-2.13,1293.401,2269.989,1745.908,1681.649,0,0,0,0
3589,51,Hombre,7.7,135,37.6,30,0,0,-0.467,19,148,-0.27,36,0,-0.68,-1.47,-0.18,-0.467,-0.817,-0.27,0.85,0.33,0.25,-0.37,-0.97,4552.902,7990.592,6145.775,5919.576,0,0,0,0
3590,56,Hombre,8.8,148,58,221,0,0,0.789,487,160,-4.56,36,0,-0.86,0.52,-0.01,0.789,0.439,-4.56,-3.44,-3.96,-4.04,-2.78,-3.38,308.088,540.712,415.876,400.569,0,0,0,0
3591,72,Hombre,10.6,152,47,254,1,1,-0.235,201,162,-5.39,36,0,0.74,0.51,1.15,0.115,-0.235,-6.52,-5.39,-5.92,-5.99,-5.75,-6.35,252.184,442.597,340.413,327.884,0,0,0,0
3592,74,Hombre,7.9,123,43.2,73,0,0,-0.084,67,118,-1.16,36,0,-0.48,0.5,0.91,-0.084,-0.434,-1.16,-0.03,-0.56,-0.63,-0.68,-1.28,346.05,607.336,467.118,449.926,0,0,0,0
3593,57,Hombre,6.8,125,59.1,233,0,0,-0.581,130,125,-0.09,36,0,0.64,-0.99,-1.51,-0.581,-0.931,-0.09,1.03,0.51,0.43,-0.36,-0.96,3226.518,5662.715,4355.343,4195.042,0,0,0,0
3594,67,Mujer,8.8,123,43.8,134,0,0,-0.065,126,127,-2.66,36,0,-1.48,-0.9,-1.58,-0.065,-0.415,-2.66,-1.53,-2.06,-2.13,-2.16,-2.76,336.623,590.792,454.394,437.669,0,0,0,0
3595,61,Hombre,9.1,141,42.6,152,0,1,-0.724,74,137,-2.08,36,0,1,-0.29,0.12,-0.374,-0.724,-3.21,-2.08,-2.61,-2.68,-3.17,-3.77,267.546,469.558,361.15,347.857,0,0,0,0
3596,72,Mujer,7.8,132,54.6,238,0,0,0.751,504,130,-4.78,36,0,-0.85,1.32,-0.92,0.751,0.401,-4.78,-3.65,-4.18,-4.25,-3.05,-3.65,764.801,1342.267,1032.373,994.376,0,0,0,0
3597,73,Hombre,6.3,120,35.7,182,0,0,-0.643,96,123,-1.59,36,0,1.02,0.84,-0.64,-0.643,-0.993,-1.59,-0.47,-0.99,-1.07,-1.96,-2.56,175.314,307.685,236.649,227.939,0,0,0,0
3598,63,Mujer,5.9,138,40.7,22,0,0,-0.072,20,150,-0.86,36,0,1.1,0.55,-1.46,-0.072,-0.422,-0.86,0.26,-0.26,-0.34,-0.37,-0.97,364.01,638.857,491.362,473.277,0,0,0,0
3599,65,Hombre,7.1,143,29.6,1799,1,0,-0.54,1048,132,-2.34,36,0,-0.65,-1.1,1.38,-0.54,-0.89,-2.34,-1.21,-1.74,-1.81,-2.55,-3.15,256.939,450.941,346.831,334.065,0,0,0,0
3600,51,Hombre,6.9,128,44.1,665,0,0,-0.16,567,116,-2.15,36,0,0.62,-0.85,1.19,-0.16,-0.51,-2.15,-1.03,-1.55,-1.63,-1.79,-2.39,1193.629,2094.884,1611.231,1551.928,0,0,0,0
3601,52,Mujer,6.5,115,52.3,46,0,0,-0.397,31,125,0.32,36,0,3.2,-0.48,-0.68,-0.397,-0.747,0.32,1.45,0.92,0.85,0.33,-0.27,1035.614,1817.558,1397.932,1346.48,0,0,0,0
3602,56,Mujer,8.1,124,35.1,133,0,0,-0.341,95,108,-1.03,36,0,1.5,-1.03,-0.76,-0.341,-0.691,-1.03,0.1,-0.43,-0.5,-0.94,-1.54,1994.04,3499.65,2691.673,2592.604,0,0,0,0
3603,76,Mujer,7.1,122,40.7,47,0,0,0.525,79,122,-3.31,36,0,0.64,0.53,2.18,0.525,0.175,-3.31,-2.19,-2.71,-2.79,-1.93,-2.53,226.908,398.236,306.294,295.02,0,0,0,0
3604,58,Mujer,5.5,162,28,104,0,0,1.237,358,158,-5.3,36,0,-0.92,0.89,-0.68,1.237,0.887,-5.3,-4.18,-4.7,-4.78,-2.85,-3.45,132.586,232.696,178.973,172.386,0,0,0,0
3605,58,Hombre,7.2,148,67.1,134,1,1,0.5,221,148,-3.03,36,0,-1.31,1.3,-1.46,0.85,0.5,-4.15,-3.03,-3.55,-3.63,-2.28,-2.88,102.598,180.066,138.493,133.396,0,0,0,0
3606,64,Hombre,8.2,105,36.5,112,1,1,-0.629,60,100,-0.62,36,0,-0.08,-0.52,-0.94,-0.279,-0.629,-1.75,-0.62,-1.15,-1.22,-1.57,-2.17,1454.731,2553.133,1963.682,1891.407,0,0,0,0
3607,58,Hombre,6.7,135,60.3,31,0,0,0.712,63,138,-4.01,36,0,1.13,1.89,-0.35,0.712,0.362,-4.01,-2.88,-3.41,-3.48,-2.34,-2.94,485.106,851.387,654.825,630.723,0,0,0,0
3608,73,Hombre,6,135,41.4,180,0,0,1.107,545,153,-5.76,36,0,-0.48,1.52,-1.85,1.107,0.757,-5.76,-4.63,-5.16,-5.23,-3.5,-4.1,118.65,208.238,160.161,154.267,0,0,0,0
3609,64,Hombre,7.2,118,46.2,26,1,1,0.077,28,106,-1.56,36,0,-0.07,-0.04,0.44,0.427,0.077,-2.69,-1.56,-2.09,-2.16,-1.45,-2.05,698.799,1226.43,943.279,908.561,0,0,0,0
3610,73,Mujer,6.8,152,48.4,426,0,1,-0.29,319,149,-0.04,36,0,-0.16,-1.23,-1.17,0.06,-0.29,-1.17,-0.04,-0.57,-0.64,-0.48,-1.08,339.745,596.271,458.608,441.729,0,0,0,0
3611,54,Hombre,8.7,125,50.8,84,0,1,-0.027,82,117,-1.79,36,0,-1.05,0.76,-0.23,0.323,-0.027,-2.91,-1.79,-2.31,-2.39,-1.83,-2.43,426.79,749.04,576.107,554.903,0,0,0,0
3612,75,Mujer,7.9,99,37.8,37,0,1,-1.344,10,85,1.9,36,0,0.52,-0.77,-1.21,-0.994,-1.344,0.77,1.9,1.37,1.3,-0.12,-0.72,1412.369,2478.785,1906.499,1836.329,0,0,0,0
3613,59,Hombre,7.8,153,56.2,171,1,1,-0.019,168,155,-2.49,36,0,0.2,1.23,1.03,0.331,-0.019,-3.61,-2.49,-3.01,-3.09,-2.51,-3.11,97.967,171.938,132.242,127.375,0,0,0,0
3614,74,Hombre,6.1,124,65.1,41,1,0,0.387,60,119,-2.78,36,0,-0.62,0.21,1.18,0.387,0.037,-2.78,-1.66,-2.18,-2.26,-1.6,-2.2,383.831,673.644,518.117,499.048,0,0,0,0
3615,69,Hombre,9.5,151,36.6,72,0,1,-0.712,35,140,-1.3,36,0,-1.3,-0.33,-0.73,-0.362,-0.712,-2.42,-1.3,-1.82,-1.9,-2.37,-2.97,982.419,1724.199,1326.127,1277.318,0,0,0,0
3616,43,Hombre,10.7,146,45.4,644,0,1,0.006,648,136,-3.14,36,0,-0.62,-0.33,1.67,0.356,0.006,-4.27,-3.14,-3.67,-3.74,-3.13,-3.73,691.906,1214.333,933.976,899.6,0,0,0,0
3617,50,Hombre,7.5,133,56,65,0,1,-0.808,29,114,0.99,36,0,0.16,0,0.3,-0.458,-0.808,-0.14,0.99,0.46,0.39,-0.23,-0.83,7567.955,13282.175,10215.671,9839.678,0,0,0,0
3618,57,Mujer,7.3,146,43.3,40,0,1,-0.962,15,134,1.42,36,0,-0.5,-0.58,-1.12,-0.612,-0.962,0.3,1.42,0.9,0.82,-0.02,-0.62,37.589,65.972,50.74,48.873,0,0,0,0
3619,80,Hombre,9.1,135,58.1,170,0,0,1.035,479,146,-4.77,8.02,1,-1.61,0.07,1.56,1.035,0.685,-4.77,-3.65,-4.17,-4.25,-2.62,-3.22,8.024,14.082,10.831,10.432,1,1,1,1
3620,53,Mujer,7.3,142,58.2,38,0,0,1.122,117,147,-0.77,36,0,-0.33,-0,-0.81,1.122,0.772,-0.77,0.36,-0.17,-0.24,1.52,0.92,2505.018,4396.444,3381.421,3256.966,0,0,0,0
3621,59,Hombre,8.7,132,59.1,113,0,0,-0.047,108,125,-1.41,36,0,-0.86,-1.11,0.06,-0.047,-0.397,-1.41,-0.28,-0.81,-0.88,-0.88,-1.48,346.459,608.054,467.67,450.457,0,0,0,0
3622,40,Mujer,7.2,135,50.8,172,1,0,-0.084,158,133,-2.11,36,0,-2.28,-0.22,0.23,-0.084,-0.434,-2.11,-0.99,-1.51,-1.59,-1.64,-2.24,516.262,906.067,696.88,671.231,0,0,0,0
3623,66,Mujer,7.1,135,48.4,322,1,0,0.54,553,121,-5.61,36,0,-1.41,1.04,-1.03,0.54,0.19,-5.61,-4.49,-5.01,-5.09,-4.2,-4.8,128.709,225.891,173.739,167.344,0,0,0,0
3624,77,Hombre,7.5,132,44,63,1,0,0.623,117,130,-4.61,36,0,-0.39,0.86,0.14,0.623,0.273,-4.61,-3.48,-4.01,-4.08,-3.07,-3.67,84.232,147.831,113.701,109.516,0,0,0,0
3625,58,Mujer,5.5,120,40.5,48,1,0,-0.075,45,116,-1.31,36,0,-0.84,0.09,-0.78,-0.075,-0.425,-1.31,-0.18,-0.71,-0.78,-0.82,-1.42,2581.846,4531.281,3485.128,3356.855,0,0,0,0
3626,68,Hombre,6.9,160,48.1,194,1,0,-0.511,116,156,-1.51,36,0,1.52,0.38,1.06,-0.511,-0.861,-1.51,-0.38,-0.91,-0.98,-1.67,-2.27,43.371,76.119,58.545,56.39,0,0,0,0
3627,60,Hombre,7.8,124,37.1,346,1,0,0.035,358,128,-4.48,36,0,0.71,-0.72,-2.41,0.035,-0.315,-4.48,-3.36,-3.88,-3.96,-3.83,-4.43,675.869,1186.188,912.328,878.749,0,0,0,0
3628,43,Hombre,7.8,156,62.1,75,0,1,-1.029,27,161,1.24,36,0,-0.43,-0.84,1.25,-0.679,-1.029,0.12,1.24,0.72,0.64,-0.3,-0.9,885.958,1554.905,1195.918,1151.902,0,0,0,0
3629,71,Hombre,8.2,139,51.3,154,0,0,0.667,300,141,-3.14,36,0,-0.35,0.74,-1.4,0.667,0.317,-3.14,-2.01,-2.54,-2.61,-1.54,-2.14,1130.89,1984.773,1526.541,1470.356,0,0,0,0
3630,49,Mujer,9.6,137,62.8,347,1,1,-0.129,305,140,-2.24,36,0,0.64,1.6,1.1,0.221,-0.129,-3.37,-2.24,-2.77,-2.84,-2.44,-3.04,241.343,423.569,325.778,313.788,0,0,0,0
3631,46,Mujer,7.4,126,72.4,69,0,0,-0.575,39,134,-1.13,36,0,-0.31,-0.75,0.79,-0.575,-0.925,-1.13,-0,-0.53,-0.6,-1.39,-1.99,8059.259,14144.44,10878.862,10478.459,0,0,0,0
3632,68,Hombre,5.5,120,36.7,23,0,0,-0.537,13,117,0.43,36,0,-0.19,-1.01,-0.21,-0.537,-0.887,0.43,1.55,1.03,0.95,0.22,-0.38,1437.846,2523.497,1940.888,1869.453,0,0,0,0
3633,45,Hombre,8.9,120,48.3,897,0,1,0.173,1066,120,-3.41,36,0,-1.23,0.64,-0.42,0.523,0.173,-4.54,-3.41,-3.94,-4.01,-3.15,-3.75,237.999,417.701,321.265,309.44,0,0,0,0
3634,64,Mujer,8.2,121,51.8,365,0,1,0.255,471,107,-2.68,36,0,2.64,-0.39,-0.64,0.605,0.255,-3.8,-2.68,-3.2,-3.28,-2.29,-2.89,3572.329,6269.632,4822.14,4644.658,0,0,0,0
3635,66,Mujer,7.5,118,31.3,747,0,0,-0.221,599,123,-4.14,36,0,-1.15,0.96,-0.47,-0.221,-0.571,-4.14,-3.01,-3.54,-3.61,-3.87,-4.47,928.69,1629.902,1253.601,1207.461,0,0,0,0
3636,63,Hombre,8,162,46.5,284,0,1,0.471,455,147,-2.19,36,0,-0.09,0.34,-0.63,0.821,0.471,-3.31,-2.19,-2.71,-2.79,-1.48,-2.08,70.665,124.02,95.387,91.876,0,0,0,0
3637,59,Hombre,7.3,130,48.3,172,0,1,-0.671,88,126,-0.97,36,0,-0.34,1.01,0.31,-0.321,-0.671,-2.1,-0.97,-1.5,-1.57,-1.98,-2.58,1186.783,2082.868,1601.989,1543.027,0,0,0,0
3638,63,Mujer,6.8,137,36.9,74,1,1,-0.797,33,132,-0.49,36,0,0.6,-0.4,-0.73,-0.447,-0.797,-1.62,-0.49,-1.02,-1.09,-1.69,-2.29,122.193,214.455,164.943,158.872,0,0,0,0
3639,66,Mujer,7.4,147,44.4,34,0,0,0.139,39,147,-2.48,9.05,1,-0.85,0.05,2.2,0.139,-0.211,-2.48,-1.36,-1.88,-1.96,-1.67,-2.27,9.052,15.888,12.22,11.77,1,1,1,1
3640,74,Hombre,7.8,137,38.1,166,0,0,0.064,177,133,-2.6,36,0,0.57,1.12,-0.32,0.064,-0.286,-2.6,-1.47,-2,-2.07,-1.9,-2.5,259.333,455.143,350.062,337.178,0,0,0,0
3641,70,Hombre,7.6,161,56.6,33,1,1,-0.139,29,171,-3.48,36,0,0.51,1.11,-0.4,0.211,-0.139,-4.61,-3.48,-4.01,-4.08,-3.69,-4.29,255.464,448.353,344.84,332.148,0,0,0,0
3642,71,Mujer,7.7,141,61.1,53,1,1,0.152,62,139,-1.19,36,0,0.26,-0.33,0.7,0.502,0.152,-2.31,-1.19,-1.71,-1.79,-0.96,-1.56,523.344,918.498,706.441,680.44,0,0,0,0
3643,58,Hombre,6.6,131,48.7,34,0,0,1.04,96,127,-3.68,36,0,0.67,0.98,-0.23,1.04,0.69,-3.68,-2.55,-3.08,-3.15,-1.52,-2.12,53.752,94.338,72.558,69.888,0,0,0,0
3644,70,Hombre,7.7,104,52.4,147,0,1,-0.158,126,98,-1.66,36,0,0.14,1.26,1.56,0.192,-0.158,-2.79,-1.66,-2.19,-2.26,-1.9,-2.5,65.77,115.429,88.78,85.512,0,0,0,0
3645,55,Mujer,6.6,141,51.5,37,0,0,-0.126,33,144,-0.58,36,0,-0.14,-0.5,2.08,-0.126,-0.476,-0.58,0.54,0.02,-0.06,-0.17,-0.77,1317.42,2312.144,1778.331,1712.878,0,0,0,0
3646,60,Hombre,6.9,107,46.1,106,0,0,0.556,185,105,-3.07,36,0,-0.41,0.17,-0.87,0.556,0.206,-3.07,-1.95,-2.47,-2.55,-1.64,-2.24,162.639,285.441,219.54,211.46,0,0,0,0
3647,66,Hombre,7.5,128,34.8,132,0,1,-0.34,94,128,-1.32,36,0,0.82,0.5,-1.26,0.01,-0.34,-2.45,-1.32,-1.85,-1.92,-1.83,-2.43,1612.036,2829.21,2176.02,2095.931,0,0,0,0
3648,62,Hombre,9.1,129,42.7,159,1,0,-0.583,89,137,-0.11,36,0,-0.25,-0.25,-0.37,-0.583,-0.933,-0.11,1.01,0.49,0.41,-0.39,-0.99,622.712,1092.893,840.573,809.635,0,0,0,0
3649,76,Hombre,9.1,176,48.9,351,0,1,0.047,368,167,-5.93,36,0,1.07,1.37,0.63,0.397,0.047,-7.06,-5.93,-6.46,-6.53,-5.86,-6.46,83.312,146.216,112.459,108.32,0,0,0,0
3650,89,Hombre,11,136,34.2,786,0,0,-0.073,730,140,-5.74,5.34,1,0.49,1.9,1.01,-0.073,-0.423,-5.74,-4.61,-5.14,-5.21,-5.25,-5.85,5.339,9.371,7.207,6.942,1,1,1,1
3651,69,Hombre,7.2,129,46.7,139,0,0,0.449,218,126,-3.55,36,0,1.49,0.61,-0.73,0.449,0.099,-3.55,-2.42,-2.95,-3.02,-2.27,-2.87,979.591,1719.236,1322.31,1273.642,0,0,0,0
3652,58,Hombre,7.8,115,43,45,0,0,-0.185,37,117,-1.64,36,0,0.83,-0.08,-0.24,-0.185,-0.535,-1.64,-0.51,-1.04,-1.11,-1.31,-1.91,2504.645,4395.789,3380.918,3256.481,0,0,0,0
3653,66,Mujer,8,133,45.5,490,0,0,-0.618,264,131,-4.03,36,0,2.01,0.2,-0.16,-0.618,-0.968,-4.03,-2.91,-3.43,-3.51,-4.36,-4.96,195.43,342.991,263.803,254.094,0,0,0,0
3654,59,Mujer,6,128,44.3,52,0,1,-0.099,47,110,-0.3,36,0,0.66,1.15,0.53,0.251,-0.099,-1.42,-0.3,-0.82,-0.9,-0.45,-1.05,1429.744,2509.279,1929.953,1858.92,0,0,0,0
3655,54,Hombre,7.3,128,40.5,70,0,0,0.355,100,128,-2.46,36,0,-0.48,0.41,0.15,0.355,0.005,-2.46,-1.33,-1.86,-1.93,-1.33,-1.93,975.876,1712.715,1317.294,1268.811,0,0,0,0
3656,79,Hombre,6.6,123,55,430,0,0,0.779,937,130,-3.22,30.53,1,2.38,0.96,0.66,0.779,0.429,-3.22,-2.1,-2.62,-2.7,-1.45,-2.05,30.528,53.579,41.209,39.692,1,0,0,0
3657,71,Mujer,8.5,156,35.2,914,0,1,-0.186,759,141,-5.03,36,0,-0.69,-0.26,-0.97,0.164,-0.186,-6.16,-5.03,-5.56,-5.63,-5.31,-5.91,29.878,52.437,40.33,38.846,1,0,0,0
3658,66,Mujer,6.1,137,36.9,32,1,0,0.302,43,136,-0.41,36,0,-0.69,-0.11,0.72,0.302,-0.048,-0.41,0.71,0.19,0.11,0.64,0.04,194.012,340.501,261.888,252.25,0,0,0,0
3659,70,Mujer,5.9,124,42.3,44,0,0,-0.036,42,128,-1.31,36,0,1.39,0.38,1.08,-0.036,-0.386,-1.31,-0.18,-0.71,-0.78,-0.76,-1.36,427.117,749.613,576.547,555.327,0,0,0,0
3660,40,Hombre,5.5,163,53,21,1,0,-0.44,14,158,-0.26,36,0,-1.21,0.19,1.72,-0.44,-0.79,-0.26,0.86,0.34,0.26,-0.33,-0.93,4254.78,7467.372,5743.353,5531.965,0,0,0,0
3661,71,Hombre,8.2,121,28.8,185,0,0,-0.178,155,131,-1.38,36,0,-1.22,-0.43,0.39,-0.178,-0.528,-1.38,-0.26,-0.78,-0.86,-1.05,-1.65,444.832,780.704,600.46,578.36,0,0,0,0
3662,77,Hombre,6.1,182,35.8,113,1,0,0.307,154,196,-3.17,36,0,-0.82,-0.79,0.02,0.307,-0.043,-3.17,-2.04,-2.57,-2.64,-2.11,-2.71,477.603,838.22,644.697,620.968,0,0,0,0
3663,52,Hombre,7.6,129,33.1,174,0,1,-0.106,157,115,-2,36,0,-1.5,1.62,0.49,0.244,-0.106,-3.13,-2,-2.53,-2.6,-2.16,-2.76,274.201,481.237,370.132,356.509,0,0,0,0
3664,72,Hombre,6.5,137,53.7,67,0,0,-0.549,39,150,0.01,36,0,-1.04,-2.1,0.86,-0.549,-0.899,0.01,1.14,0.61,0.54,-0.21,-0.81,230.474,404.494,311.107,299.657,0,0,0,0
3665,56,Mujer,6.5,125,37.9,153,0,0,-0.237,121,114,-0.34,36,0,-1.88,0.16,3.19,-0.237,-0.587,-0.34,0.79,0.26,0.19,-0.09,-0.69,838.082,1470.879,1131.292,1089.654,0,0,0,0
3666,75,Hombre,6.3,105,45.5,110,0,0,0.474,177,91,-1.12,36,0,1.32,-0.75,-0.05,0.474,0.124,-1.12,0.01,-0.52,-0.59,0.19,-0.41,2184.533,3833.975,2948.811,2840.279,0,0,0,0
3667,81,Hombre,7.5,140,37.1,49,1,0,0.56,86,125,-1.96,36,0,2.39,-0.67,-1.38,0.56,0.21,-1.96,-0.83,-1.36,-1.43,-0.52,-1.12,241.934,424.608,326.577,314.557,0,0,0,0
3668,80,Mujer,8.4,122,40.3,200,0,0,-0.312,146,117,-2.81,36,0,1.08,-0.39,0.76,-0.312,-0.662,-2.81,-1.69,-2.21,-2.29,-2.68,-3.28,479.323,841.238,647.019,623.205,0,0,0,0
3669,60,Mujer,9,132,36.6,47,1,1,-0.362,33,119,-1.38,36,0,1.3,0.14,-0.24,-0.012,-0.362,-2.51,-1.38,-1.91,-1.98,-1.93,-2.53,395.404,693.956,533.74,514.095,0,0,0,0
3670,53,Mujer,8,155,41.5,66,0,0,-0.095,60,144,-1.23,36,0,1.56,-0.71,1.5,-0.095,-0.445,-1.23,-0.11,-0.63,-0.71,-0.77,-1.37,1433.464,2515.807,1934.974,1863.756,0,0,0,0
3671,45,Hombre,5.9,139,51.1,50,0,1,-0.583,28,143,1.32,36,0,-0.67,0.47,1.2,-0.233,-0.583,0.19,1.32,0.79,0.72,0.44,-0.16,4779.337,8387.998,6451.431,6213.982,0,0,0,0
3672,63,Hombre,8.1,119,35.4,425,0,0,-1.099,142,133,0.17,36,0,0.11,-1.34,-0.65,-1.099,-1.449,0.17,1.29,0.77,0.69,-0.88,-1.48,2914.147,5114.486,3933.686,3788.905,0,0,0,0
3673,61,Hombre,7.5,116,40.7,82,0,0,-0.074,76,95,-1.82,36,0,-0.35,0.36,-0.16,-0.074,-0.424,-1.82,-0.7,-1.22,-1.3,-1.34,-1.94,2536.928,4452.447,3424.494,3298.454,0,0,0,0
3674,49,Mujer,9.1,123,49.2,551,1,1,0.229,693,129,-3.37,36,0,-0.2,0.45,2.16,0.579,0.229,-4.5,-3.37,-3.9,-3.97,-3.03,-3.63,350.229,614.672,472.76,455.36,0,0,0,0
3675,77,Hombre,9.5,155,46.5,394,1,1,0.554,686,151,-5.65,36,0,-0.7,1.15,-1.41,0.904,0.554,-6.77,-5.65,-6.17,-6.25,-4.82,-5.42,117.897,206.916,159.145,153.287,0,0,0,0
3676,39,Mujer,8.5,115,47.1,184,0,1,-1.034,65,107,0.67,36,0,-2.1,-0.64,-0.2,-0.684,-1.034,-0.45,0.67,0.15,0.07,-0.88,-1.48,1400.276,2457.561,1890.175,1820.606,0,0,0,0
3677,64,Hombre,6.7,140,44.1,208,0,0,0.67,406,146,-4.11,36,0,-0.25,0.99,0.32,0.67,0.32,-4.11,-2.98,-3.51,-3.58,-2.5,-3.1,46.927,82.36,63.345,61.014,0,0,0,0
3678,86,Hombre,8.7,140,33.5,454,1,0,-0.392,307,138,-4.99,36,0,0.87,0.56,-0.05,-0.392,-0.742,-4.99,-3.86,-4.39,-4.46,-4.97,-5.57,112.946,198.226,152.46,146.849,0,0,0,0
3679,71,Hombre,9,132,57.9,168,0,1,-0.181,140,118,-2.63,36,0,0.04,0.62,-0.7,0.169,-0.181,-3.76,-2.63,-3.16,-3.23,-2.9,-3.5,276.078,484.533,372.667,358.951,0,0,0,0
3680,69,Hombre,9.8,127,63.3,64,0,0,0.31,87,125,-1.25,36,0,0.62,0.41,-0.44,0.31,-0.04,-1.25,-0.13,-0.65,-0.73,-0.19,-0.79,487.358,855.34,657.865,633.652,0,0,0,0
3681,74,Mujer,6.7,155,25.5,84,0,0,0.284,112,145,-5.08,36,0,-1.12,1.34,0.75,0.284,-0.066,-5.08,-3.96,-4.48,-4.56,-4.06,-4.66,126.498,222.01,170.754,164.469,0,0,0,0
3682,73,Mujer,9.4,130,51,214,0,0,-0.945,83,141,0.03,36,0,1.4,-1.53,-0.63,-0.945,-1.295,0.03,1.15,0.63,0.55,-0.79,-1.39,1261.511,2214.02,1702.861,1640.186,0,0,0,0
3683,48,Mujer,8,121,43.3,2083,0,1,-0.618,1123,102,0.03,36,0,-1.74,0.14,0.14,-0.268,-0.618,-1.1,0.03,-0.5,-0.57,-0.9,-1.5,355.313,623.593,479.622,461.969,0,0,0,0
3684,75,Mujer,5.7,145,57.7,3,1,0,0.796,7,147,-3.25,36,0,-0.35,0.87,1.68,0.796,0.446,-3.25,-2.13,-2.65,-2.73,-1.46,-2.06,561.922,986.204,758.516,730.598,0,0,0,0
3685,63,Mujer,8.3,158,47.8,34,1,0,0.226,43,161,-2.18,36,0,0.19,-0.44,0.2,0.226,-0.124,-2.18,-1.05,-1.58,-1.65,-1.24,-1.84,1652.125,2899.569,2230.135,2148.054,0,0,0,0
3686,57,Mujer,5.8,102,57.3,12,0,0,-0.056,11,93,-0.2,36,0,-2.29,-0.11,-0.15,-0.056,-0.406,-0.2,0.92,0.4,0.32,0.32,-0.28,187.188,328.524,252.677,243.377,0,0,0,0
3687,60,Hombre,8.8,100,39.5,634,0,0,0.86,1498,94,-4.06,36,0,-1.12,0.69,-0.84,0.86,0.51,-4.06,-2.93,-3.46,-3.53,-2.17,-2.77,85.11,149.373,114.886,110.658,0,0,0,0
3688,65,Hombre,8.1,103,44.1,16,0,0,-0.397,11,97,-0.05,36,0,0.51,-0.16,0.56,-0.397,-0.747,-0.05,1.08,0.55,0.48,-0.04,-0.64,4123.145,7236.345,5565.663,5360.816,0,0,0,0
3689,58,Hombre,7.9,120,46.4,101,0,1,-1.01,37,119,2.04,36,0,0.01,-1.95,0.12,-0.66,-1.01,0.91,2.04,1.51,1.44,0.52,-0.08,3698.954,6491.867,4993.066,4809.293,0,0,0,0
3690,61,Mujer,8.6,156,53.1,94,0,0,0.875,225,160,-3.79,1.32,1,-0.44,0.23,1.65,0.875,0.525,-3.79,-2.66,-3.19,-3.26,-1.87,-2.47,1.322,2.321,1.785,1.719,1,1,1,1
3691,57,Mujer,8.7,134,34.6,51,0,0,0.524,86,130,-2.94,36,0,-1.58,-0.26,-1.68,0.524,0.174,-2.94,-1.81,-2.34,-2.41,-1.55,-2.15,348.967,612.456,471.056,453.719,0,0,0,0
3692,52,Hombre,8.4,123,47.6,135,0,0,0.375,197,126,-1.49,36,0,-0.11,-0.37,-0.69,0.375,0.025,-1.49,-0.36,-0.89,-0.96,-0.33,-0.93,1113.714,1954.629,1503.357,1448.025,0,0,0,0
3693,53,Mujer,7.3,129,61.2,39,0,1,-0.162,33,135,1.45,36,0,-0.2,-0.52,-1.27,0.188,-0.162,0.33,1.45,0.93,0.85,1.21,0.61,471.955,828.308,637.073,613.625,0,0,0,0
3694,58,Mujer,10.4,145,46.5,332,0,1,-0.737,159,143,-2.13,36,0,0.38,-0.66,-0.64,-0.387,-0.737,-3.26,-2.13,-2.66,-2.73,-3.24,-3.84,414.675,727.777,559.752,539.15,0,0,0,0
3695,62,Hombre,6.5,147,26.5,17,1,0,0.393,25,150,-1.84,36,0,0.91,0.86,0.35,0.393,0.043,-1.84,-0.72,-1.24,-1.32,-0.65,-1.25,80.605,141.467,108.806,104.801,0,0,0,0
3696,62,Hombre,6.9,150,49.4,67,0,0,-0.162,57,143,-2.32,36,0,1.28,0.02,1.13,-0.162,-0.512,-2.32,-1.19,-1.72,-1.79,-1.96,-2.56,787.785,1382.606,1063.398,1024.259,0,0,0,0
3697,65,Hombre,8.6,123,44.7,189,0,0,-0.177,158,123,-2.93,36,0,0.29,-0.26,0.28,-0.177,-0.527,-2.93,-1.81,-2.33,-2.41,-2.6,-3.2,102.589,180.049,138.48,133.384,0,0,0,0
3698,68,Hombre,8.2,140,43.9,48,0,1,0.327,67,128,-0.08,36,0,1.22,-0.32,-1.11,0.677,0.327,-1.2,-0.08,-0.6,-0.68,0.42,-0.18,44.569,78.221,60.162,57.948,0,0,0,0
3699,55,Hombre,7.4,129,47.8,21,0,0,0.935,54,111,-2.55,36,0,-0.06,0.14,-0.67,0.935,0.585,-2.55,-1.42,-1.95,-2.02,-0.55,-1.15,287.044,503.778,387.469,373.208,0,0,0,0
3700,51,Mujer,8,134,47.5,50,0,1,-0.049,48,138,-1.6,36,0,-1.27,-0.4,1.95,0.301,-0.049,-2.72,-1.6,-2.12,-2.2,-1.67,-2.27,1246.117,2187.004,1682.082,1620.172,0,0,0,0
3701,55,Hombre,7.9,150,30.5,554,0,1,-0.313,405,147,-1.59,36,0,0.49,-0.77,-1.53,0.037,-0.313,-2.72,-1.59,-2.12,-2.19,-2.06,-2.66,417.554,732.829,563.638,542.893,0,0,0,0
3702,46,Mujer,6.8,158,58,141,0,0,-0.478,87,151,-0.98,36,0,-2.28,-0.58,1.47,-0.478,-0.828,-0.98,0.15,-0.38,-0.45,-1.09,-1.69,2228.343,3910.863,3007.948,2897.239,0,0,0,0
3703,68,Mujer,6.8,132,47.6,17,0,0,0.803,38,127,-1.42,36,0,0.13,0.93,0.25,0.803,0.453,-1.42,-0.29,-0.82,-0.89,0.39,-0.21,334.942,587.842,452.125,435.484,0,0,0,0
3704,70,Hombre,9.4,145,40.2,100,1,0,-1.842,16,142,1.29,36,0,-0.79,-3.9,-0.31,-1.842,-2.192,1.29,2.41,1.89,1.81,-0.87,-1.47,4046.946,7102.612,5462.806,5261.744,0,0,0,0
3705,68,Mujer,5.9,128,53.8,32,0,0,0.042,33,120,-0.66,36,0,0.24,0.2,1.56,0.042,-0.308,-0.66,0.46,-0.06,-0.14,0,-0.6,4327.653,7595.267,5841.72,5626.712,0,0,0,0
3706,71,Hombre,9.1,148,37,40,0,0,0.69,80,158,-5.18,16.72,1,0.3,0.53,1.54,0.69,0.34,-5.18,-4.05,-4.58,-4.65,-3.54,-4.14,16.721,29.346,22.571,21.74,1,1,1,1
3707,63,Mujer,8.6,128,43.4,372,0,1,0.053,392,125,-4.59,36,0,-0.25,1,-0.78,0.403,0.053,-5.71,-4.59,-5.11,-5.19,-4.51,-5.11,38.701,67.922,52.241,50.318,0,0,0,0
3708,62,Hombre,6.9,127,48.4,586,0,1,-1.844,93,134,1.98,36,0,-0.44,-2.02,-1.07,-1.494,-1.844,0.85,1.98,1.45,1.38,-0.79,-1.39,1246.431,2187.554,1682.505,1620.58,0,0,0,0
3709,59,Mujer,6.5,155,51,1385,1,1,0.176,1651,158,-4.47,28.13,1,-0.67,0.32,-0.92,0.526,0.176,-5.6,-4.47,-5,-5.07,-4.21,-4.81,16.029,28.131,21.636,20.84,1,1,1,1
3710,63,Hombre,6.8,129,42.3,38,0,0,-0.088,35,131,-2.28,36,0,0.68,-0.55,0.52,-0.088,-0.438,-2.28,-1.15,-1.68,-1.75,-1.81,-2.41,1082.919,1900.582,1461.787,1407.986,0,0,0,0
3711,54,Hombre,9.8,145,58.8,231,0,0,0.826,527,139,-1.96,36,0,-1.4,-1.43,-0.75,0.826,0.476,-1.96,-0.83,-1.36,-1.43,-0.12,-0.72,1635.179,2869.829,2207.261,2126.022,0,0,0,0
3712,39,Hombre,6.5,139,53,235,0,1,-0.314,172,133,-1.91,36,0,-1.91,0.97,0.24,0.036,-0.314,-3.04,-1.91,-2.44,-2.51,-2.38,-2.98,817.875,1435.416,1104.016,1063.382,0,0,0,0
3713,54,Mujer,6.3,131,57.9,47,0,0,0.44,73,120,-1.56,36,0,-0.08,0.5,-1.44,0.44,0.09,-1.56,-0.43,-0.96,-1.03,-0.3,-0.9,380.783,668.294,514.003,495.085,0,0,0,0
3714,66,Hombre,8.7,145,50.9,672,0,1,-1.107,222,135,-2.1,36,0,-2.19,-0.36,-0.62,-0.757,-1.107,-3.22,-2.1,-2.62,-2.7,-3.76,-4.36,72.421,127.102,97.758,94.16,0,0,0,0
3715,71,Mujer,11.1,127,29.4,220,0,0,0.835,507,137,-5.59,0.59,1,1.18,1.07,-0.78,0.835,0.485,-5.59,-4.46,-4.99,-5.06,-3.73,-4.33,0.591,1.036,0.797,0.768,1,1,1,1
3716,79,Hombre,8.7,156,51.1,532,0,1,-1.229,156,130,0.37,36,0,2.39,-0.69,-0.43,-0.879,-1.229,-0.75,0.37,-0.15,-0.23,-1.47,-2.07,782.998,1374.204,1056.937,1018.036,0,0,0,0
3717,64,Hombre,5.5,136,41.9,43,0,0,0.078,46,126,0.72,36,0,0.02,-0.92,0.02,0.078,-0.272,0.72,1.85,1.32,1.25,1.44,0.84,2506.202,4398.521,3383.018,3258.504,0,0,0,0
3718,75,Mujer,7.3,144,49.1,79,1,0,0.893,193,133,-3.1,36,0,0.74,0.06,-1.09,0.893,0.543,-3.1,-1.98,-2.5,-2.58,-1.16,-1.76,106.534,186.974,143.806,138.514,0,0,0,0
3719,42,Hombre,7,119,52.2,32,0,0,0.054,34,117,-0.91,3.79,1,-0.87,0.52,0.27,0.054,-0.296,-0.91,0.21,-0.31,-0.39,-0.23,-0.83,3.792,6.656,5.119,4.931,1,1,1,1
3720,62,Mujer,5.9,126,49.2,23,0,0,-0.31,17,120,-1.2,36,0,-0.24,1.87,-0.17,-0.31,-0.66,-1.2,-0.07,-0.6,-0.67,-1.06,-1.66,2509.716,4404.689,3387.762,3263.074,0,0,0,0
3721,76,Hombre,8.8,136,51.5,182,0,1,-0.286,137,142,-1.35,36,0,0.26,-1.34,-0.14,0.064,-0.286,-2.47,-1.35,-1.87,-1.95,-1.78,-2.38,1511.294,2652.404,2040.034,1964.949,0,0,0,0
3722,59,Mujer,7.7,136,46,182,0,0,-0.691,91,133,-0.81,36,0,-0.68,0.23,0.47,-0.691,-1.041,-0.81,0.32,-0.21,-0.28,-1.24,-1.84,2158.393,3788.098,2913.526,2806.292,0,0,0,0
3723,67,Hombre,8.3,116,39,68,0,0,0.333,95,118,-2.61,36,0,0.86,-0.03,-0.21,0.333,-0.017,-2.61,-1.48,-2.01,-2.08,-1.51,-2.11,816.123,1432.341,1101.651,1061.105,0,0,0,0
3724,78,Hombre,8.7,141,37,2131,0,1,-0.08,1967,126,-4.15,10.19,1,0.72,0.57,-0.21,0.27,-0.08,-5.28,-4.15,-4.68,-4.75,-4.27,-4.87,5.806,10.189,7.837,7.548,1,1,1,1
3725,77,Hombre,9.3,135,29.6,828,0,0,0.24,1053,123,-4.35,35.6,1,1.12,-0.56,-0.98,0.24,-0.11,-4.35,-3.22,-3.75,-3.82,-3.39,-3.99,35.595,62.472,48.049,46.28,1,0,0,0
3726,74,Hombre,5.5,145,31.3,192,1,1,-0.194,158,124,-2.82,36,0,2.32,-0.47,1.42,0.156,-0.194,-3.94,-2.82,-3.34,-3.42,-3.11,-3.71,294.196,516.331,397.123,382.507,0,0,0,0
3727,61,Mujer,7.9,154,36.5,222,0,0,-0.634,118,162,-3.32,36,0,-0.92,-1.31,1.99,-0.634,-0.984,-3.32,-2.2,-2.72,-2.8,-3.67,-4.27,514.862,903.612,694.991,669.412,0,0,0,0
3728,67,Hombre,7.1,114,49.9,27,0,0,-0.178,23,99,-2.02,36,0,-0.72,-0.82,2.15,-0.178,-0.528,-2.02,-0.89,-1.42,-1.49,-1.69,-2.29,7038.47,12352.9,9500.941,9151.254,0,0,0,0
3729,63,Hombre,6.9,117,60.1,254,0,1,-0.203,207,111,-0.64,36,0,0.03,1,0.37,0.147,-0.203,-1.77,-0.64,-1.17,-1.24,-0.95,-1.55,26.692,46.846,36.03,34.704,1,0,0,1
3730,55,Hombre,7.2,99,63.7,121,0,0,-0.958,46,84,3.28,36,0,1.15,-1.31,-0.22,-0.958,-1.308,3.28,4.41,3.88,3.81,2.44,1.84,8374.712,14698.077,11304.679,10888.603,0,0,0,0
3731,64,Mujer,6.6,104,42.7,56,1,0,-0.072,52,110,-1.11,36,0,0.67,0.34,-1.49,-0.072,-0.422,-1.11,0.01,-0.51,-0.59,-0.62,-1.22,6648.937,11669.248,8975.126,8644.792,0,0,0,0
3732,60,Hombre,8.6,124,45.2,102,1,1,-0.104,92,117,-3.02,36,0,-0.1,0.44,0.93,0.246,-0.104,-4.15,-3.02,-3.55,-3.62,-3.18,-3.78,316.092,554.76,426.68,410.976,0,0,0,0
3733,70,Hombre,6.7,149,44.6,122,1,0,0.39,180,142,-5.35,25.9,1,0.3,0.96,-0.93,0.39,0.04,-5.35,-4.23,-4.75,-4.83,-4.17,-4.77,25.898,45.452,34.958,33.671,1,0,1,1
3734,74,Mujer,6.8,134,50.4,64,0,0,0.07,69,138,-1.5,36,0,1.87,0.06,0.94,0.07,-0.28,-1.5,-0.38,-0.9,-0.98,-0.79,-1.39,947.963,1663.726,1279.616,1232.519,0,0,0,0
3735,84,Mujer,6.8,161,34.8,63,1,0,0.33,88,153,-3.21,36,0,1.88,-0.24,0.38,0.33,-0.02,-3.21,-2.08,-2.61,-2.68,-2.11,-2.71,261.165,458.359,352.536,339.561,0,0,0,0
3736,60,Hombre,8,131,55.5,118,1,0,-0.156,101,137,-1.5,36,0,-1.37,-2.12,0.7,-0.156,-0.506,-1.5,-0.37,-0.9,-0.97,-1.13,-1.73,1038.395,1822.439,1401.686,1350.096,0,0,0,0
3737,58,Mujer,7.9,138,53.7,114,0,0,0.738,238,128,-2.64,36,0,-1.17,-0.09,-0.32,0.738,0.388,-2.64,-1.52,-2.04,-2.12,-0.93,-1.53,2114.304,3710.719,2854.011,2748.968,0,0,0,0
3738,65,Hombre,8,130,52.2,1255,0,0,-0.465,788,136,-3.44,36,0,1.01,-0.26,-1.01,-0.465,-0.815,-3.44,-2.31,-2.84,-2.91,-3.53,-4.13,250.888,440.321,338.663,326.198,0,0,0,0
3739,69,Hombre,7.7,160,47.5,501,0,1,0.151,583,157,-3.43,36,0,-0.16,1.46,0.6,0.501,0.151,-4.56,-3.43,-3.96,-4.03,-3.21,-3.81,358.277,628.796,483.624,465.824,0,0,0,0
3740,58,Hombre,7.6,150,60.9,635,0,0,-0.533,373,152,-3.11,36,0,-0.69,0.8,0.38,-0.533,-0.883,-3.11,-1.99,-2.51,-2.59,-3.31,-3.91,1507.335,2645.455,2034.689,1959.801,0,0,0,0
3741,84,Hombre,7.4,140,36.9,95,1,0,0.198,116,144,-3.4,36,0,0.4,0.37,-1.02,0.198,-0.152,-3.4,-2.28,-2.8,-2.88,-2.5,-3.1,267.786,469.98,361.474,348.169,0,0,0,0
3742,59,Hombre,6.2,125,42.3,61,0,0,-0.662,31,131,-2.6,36,0,-0.49,0.2,0.79,-0.662,-1.012,-2.6,-1.47,-2,-2.07,-2.99,-3.59,272.104,477.558,367.303,353.784,0,0,0,0
3743,51,Hombre,5.9,145,50.1,20,0,1,-0.925,8,125,3.07,36,0,0.39,-0.7,-1.83,-0.575,-0.925,1.95,3.07,2.55,2.47,1.68,1.08,2342.778,4111.704,3162.42,3046.025,0,0,0,0
3744,68,Hombre,6.4,130,43.9,108,0,1,-1.094,36,140,1.49,36,0,0.13,-0.77,-0.51,-0.744,-1.094,0.36,1.49,0.96,0.89,-0.16,-0.76,1514.912,2658.753,2044.917,1969.653,0,0,0,0
3745,63,Hombre,8,125,47.4,85,0,0,-0.089,78,114,-0.66,36,0,0.42,0.22,-1.27,-0.089,-0.439,-0.66,0.46,-0.06,-0.14,-0.19,-0.79,1146.626,2012.392,1547.784,1490.817,0,0,0,0
3746,44,Mujer,5.5,154,38.2,364,1,1,-0.139,317,136,-6.01,36,0,-0.34,1.85,-1.17,0.211,-0.139,-7.14,-6.01,-6.54,-6.61,-6.22,-6.82,101.452,178.055,136.946,131.906,0,0,0,0
3747,77,Hombre,8.2,119,23.5,98,0,0,0.72,201,118,-5.43,36,0,0.26,1.2,-0.51,0.72,0.37,-5.43,-4.3,-4.83,-4.9,-3.75,-4.35,224.075,393.264,302.47,291.337,0,0,0,0
3748,45,Hombre,7.9,137,59.4,29,0,0,-0.081,27,148,-0.62,36,0,-1.55,-0.01,0.05,-0.081,-0.431,-0.62,0.5,-0.02,-0.1,-0.14,-0.74,8767.709,15387.808,11835.169,11399.569,0,0,0,0
3749,68,Hombre,8.2,141,38.1,46,0,0,0.477,74,137,-4.02,36,0,1.64,1.02,0.36,0.477,0.127,-4.02,-2.9,-3.42,-3.5,-2.7,-3.3,187.245,328.626,252.755,243.452,0,0,0,0
3750,60,Hombre,8.2,154,50.4,955,0,1,-1.897,143,142,1.51,36,0,0.25,-0.2,-0.71,-1.547,-1.897,0.38,1.51,0.98,0.91,-1.34,-1.94,621.026,1089.934,838.297,807.443,0,0,0,0
3751,78,Hombre,8.4,145,46,383,0,1,-0.507,231,136,-4.14,36,0,1.27,1.07,0.42,-0.157,-0.507,-5.27,-4.14,-4.67,-4.74,-4.9,-5.5,46.291,81.243,62.486,60.186,0,0,0,0
3752,89,Hombre,9.1,155,55.4,162,1,1,-0.123,143,142,-2.28,36,0,-1.83,0.18,0.78,0.227,-0.123,-3.4,-2.28,-2.8,-2.88,-2.46,-3.06,557.081,977.707,751.98,724.303,0,0,0,0
3753,60,Hombre,8.7,122,53.2,26,0,0,0.948,67,130,-3.28,36,0,-0.06,-0.8,-1.32,0.948,0.598,-3.28,-2.16,-2.68,-2.76,-1.26,-1.86,599.342,1051.878,809.027,779.251,0,0,0,0
3754,46,Mujer,8.1,131,48.8,48,0,1,0.213,59,120,-1.3,36,0,-0.81,1.17,-0.83,0.563,0.213,-2.42,-1.3,-1.82,-1.9,-0.98,-1.58,224.483,393.98,303.02,291.867,0,0,0,0
3755,51,Hombre,7.6,143,64.1,236,0,1,0.961,617,152,-5.34,36,0,-0.34,1.48,0.46,1.311,0.961,-6.47,-5.34,-5.87,-5.94,-3.9,-4.5,372.573,653.887,502.922,484.411,0,0,0,0
3756,76,Hombre,6.7,157,56.6,293,0,1,-0.961,112,154,-0.59,36,0,-0.93,-1.29,-0.76,-0.611,-0.961,-1.72,-0.59,-1.12,-1.19,-2.03,-2.63,1420.132,2492.409,1916.977,1846.422,0,0,0,0
3757,61,Mujer,9,101,59.9,421,0,1,-0.381,288,84,-1.68,36,0,-0.41,-0.11,0.22,-0.031,-0.381,-2.8,-1.68,-2.2,-2.28,-2.25,-2.85,196.793,345.382,265.643,255.866,0,0,0,0
3758,57,Mujer,9.5,141,52.8,258,0,1,-1.108,85,137,0.31,36,0,-0.29,-0.58,0.32,-0.758,-1.108,-0.82,0.31,-0.22,-0.29,-1.35,-1.95,1386.957,2434.185,1872.196,1803.288,0,0,0,0
3759,63,Hombre,6.7,118,51.7,18,0,1,-0.562,10,120,1.69,36,0,-0.01,0.11,-1.24,-0.212,-0.562,0.56,1.69,1.16,1.09,0.85,0.25,5266.073,9242.246,7108.455,6846.824,0,0,0,0
3760,71,Hombre,7.3,118,60.1,108,0,1,-0.397,73,105,-0.6,36,0,0.58,-0.3,1.92,-0.047,-0.397,-1.72,-0.6,-1.12,-1.2,-1.19,-1.79,1157.129,2030.824,1561.96,1504.471,0,0,0,0
3761,59,Hombre,6.6,131,50.4,42,1,0,0.07,45,134,-1.62,36,0,0.36,0.11,-0.17,0.07,-0.28,-1.62,-0.49,-1.02,-1.09,-0.91,-1.51,186.998,328.192,252.421,243.131,0,0,0,0
3762,54,Hombre,7.9,135,46.6,323,0,1,-0.739,154,129,-1.87,36,0,0.06,-0.11,0.13,-0.389,-0.739,-2.99,-1.87,-2.39,-2.47,-2.97,-3.57,138.466,243.015,186.909,180.03,0,0,0,0
3763,72,Mujer,7.4,151,30.6,1092,0,0,0.882,2639,165,-6.44,36,0,-0.25,0.94,-0,0.882,0.532,-6.44,-5.31,-5.84,-5.91,-4.51,-5.11,76.488,134.241,103.249,99.448,0,0,0,0
3764,85,Mujer,8.4,145,40.2,31,0,0,-0.615,17,144,-1.08,36,0,1.3,-0.67,-1.02,-0.615,-0.965,-1.08,0.05,-0.48,-0.55,-1.4,-2,2369.229,4158.127,3198.125,3080.416,0,0,0,0
3765,61,Hombre,7.6,141,42.3,214,1,1,0.073,230,130,-3.62,36,0,0.2,1.09,0.85,0.423,0.073,-4.74,-3.62,-4.14,-4.22,-3.51,-4.11,1083.983,1902.45,1463.224,1409.37,0,0,0,0
3766,65,Mujer,10,124,54.7,263,0,1,0.305,357,131,-2.72,36,0,-0.68,-0.56,-1.02,0.655,0.305,-3.85,-2.72,-3.25,-3.32,-2.27,-2.87,752.93,1321.432,1016.349,978.941,0,0,0,0
3767,69,Mujer,7.5,152,36.5,145,0,0,-0.272,110,144,-3.68,36,0,1.12,1.04,-0.87,-0.272,-0.622,-3.68,-2.56,-3.08,-3.16,-3.49,-4.09,264.298,463.858,356.766,343.635,0,0,0,0
3768,82,Hombre,5.5,138,32.2,25,1,0,0.884,60,132,-3.21,36,0,1.3,0.14,0.24,0.884,0.534,-3.21,-2.09,-2.61,-2.69,-1.29,-1.89,39.984,70.174,53.973,51.986,0,0,0,0
3769,76,Mujer,10.4,124,42.8,187,1,0,-0.373,129,130,-3.92,36,0,-1.09,-0.92,0.83,-0.373,-0.723,-3.92,-2.79,-3.32,-3.39,-3.87,-4.47,144.497,253.599,195.05,187.871,0,0,0,0
3770,63,Mujer,7.8,133,53.8,27,0,1,-0.222,22,120,-1.19,36,0,1.07,1.27,0.74,0.128,-0.222,-2.32,-1.19,-1.72,-1.79,-1.53,-2.13,522.095,916.305,704.754,678.815,0,0,0,0
3771,63,Hombre,8.8,135,45.4,23,0,0,0.175,27,131,-2.52,36,0,1.12,-0.32,-0.33,0.175,-0.175,-2.52,-1.39,-1.92,-1.99,-1.66,-2.26,2213.573,3884.942,2988.011,2878.036,0,0,0,0
3772,70,Hombre,7.9,108,52.3,215,0,0,0.155,251,117,-0.99,36,0,-0.83,0.55,0.63,0.155,-0.195,-0.99,0.14,-0.39,-0.46,-0.15,-0.75,1230.205,2159.078,1660.604,1599.484,0,0,0,0
3773,75,Hombre,7.2,134,32.3,437,0,0,-0.062,411,136,-1.67,36,0,-0.76,-1.65,-0.05,-0.062,-0.412,-1.67,-0.54,-1.07,-1.14,-1.16,-1.76,236.301,414.721,318.973,307.233,0,0,0,0
3774,80,Hombre,5.8,120,37.8,240,1,1,-0.62,129,103,1.5,36,0,1.98,-1.89,-1.48,-0.27,-0.62,0.38,1.5,0.98,0.9,0.57,-0.03,1530.829,2686.689,2066.403,1990.348,0,0,0,0
3775,62,Hombre,9.5,107,46.8,121,0,1,-0.407,81,91,-1.65,36,0,-1.18,-0.49,0.96,-0.057,-0.407,-2.78,-1.65,-2.18,-2.25,-2.26,-2.86,433.67,761.114,585.393,563.847,0,0,0,0
3776,67,Hombre,8.3,142,43.9,620,0,0,-0.604,339,139,-1.21,36,0,-1.39,-0.29,-0.53,-0.604,-0.954,-1.21,-0.09,-0.61,-0.69,-1.52,-2.12,888.893,1560.057,1199.881,1155.718,0,0,0,0
3777,65,Hombre,6.6,134,36.4,39,0,0,-0.054,37,125,-2.36,36,0,-0.63,-0.26,0.77,-0.054,-0.404,-2.36,-1.23,-1.76,-1.83,-1.84,-2.44,3535.987,6205.851,4773.084,4597.408,0,0,0,0
3778,68,Mujer,7.9,155,50.2,103,0,0,0.47,165,166,-4.76,3.55,1,0.58,1.69,2.18,0.47,0.12,-4.76,-3.64,-4.16,-4.24,-3.46,-4.06,3.545,6.222,4.786,4.61,1,1,1,1
3779,78,Hombre,7.1,144,42.8,343,0,0,-0.378,235,156,-2.14,36,0,1.63,-1.77,-0.2,-0.378,-0.728,-2.14,-1.02,-1.54,-1.62,-2.11,-2.71,469.84,824.595,634.218,610.875,0,0,0,0
3780,64,Mujer,8.4,159,31.3,1440,0,1,-0.117,1281,156,-3.54,36,0,-0.58,0.35,1.26,0.233,-0.117,-4.66,-3.54,-4.06,-4.14,-3.71,-4.31,54.243,95.2,73.221,70.526,0,0,0,0
3781,88,Hombre,5.9,115,27.6,119,1,1,-0.656,62,113,-1.38,36,0,2.63,0.15,0.68,-0.306,-0.656,-2.51,-1.38,-1.91,-1.98,-2.37,-2.97,194.667,341.65,262.772,253.101,0,0,0,0
3782,68,Mujer,9,133,48.4,211,0,1,-0.215,170,132,-0.64,36,0,0.03,-1.1,0.83,0.135,-0.215,-1.77,-0.64,-1.17,-1.24,-0.97,-1.57,2382.022,4180.579,3215.394,3097.049,0,0,0,0
3783,80,Hombre,7.6,148,33.4,242,0,0,-0.043,232,156,-6.72,36,0,-0.14,0.85,-0,-0.043,-0.393,-6.72,-5.6,-6.12,-6.2,-6.19,-6.79,45.521,79.891,61.447,59.185,0,0,0,0
3784,74,Mujer,7.3,135,44.7,310,0,0,-0.038,298,137,-1.63,36,0,-0.04,-0.92,-0.17,-0.038,-0.388,-1.63,-0.51,-1.03,-1.11,-1.09,-1.69,498.287,874.522,672.618,647.862,0,0,0,0
3785,67,Mujer,6.4,123,39.7,139,0,0,0.193,169,105,-1.29,36,0,1,-0.65,0.02,0.193,-0.157,-1.29,-0.17,-0.69,-0.77,-0.4,-1,2922.124,5128.488,3944.455,3799.277,0,0,0,0
3786,66,Mujer,7.5,120,49.4,239,1,0,-0.742,114,124,-0.87,36,0,1.42,-0.75,1,-0.742,-1.092,-0.87,0.26,-0.27,-0.34,-1.38,-1.98,279.547,490.62,377.349,363.46,0,0,0,0
3787,60,Mujer,10.1,144,46.1,234,0,1,-0.758,110,138,-0.41,36,0,-0.05,-0.63,1.2,-0.408,-0.758,-1.54,-0.41,-0.94,-1.01,-1.55,-2.15,2713.694,4762.681,3663.103,3528.281,0,0,0,0
3788,71,Hombre,9,123,44.3,265,1,0,-0.411,176,113,-2.94,36,0,0.58,0.02,-2.58,-0.411,-0.761,-2.94,-1.81,-2.34,-2.41,-2.96,-3.56,127.577,223.905,172.211,165.873,0,0,0,0
3789,59,Mujer,6.5,134,38.7,37,0,0,0.868,88,131,-2.4,12.95,1,1.05,0.69,0.04,0.868,0.518,-2.4,-1.28,-1.8,-1.88,-0.5,-1.1,12.945,22.72,17.474,16.831,1,1,1,1
3790,57,Mujer,6.5,142,21.3,37,0,0,1.16,118,133,-1.65,36,0,-0.08,-0.8,0.02,1.16,0.81,-1.65,-0.53,-1.05,-1.13,0.69,0.09,53.546,93.976,72.28,69.619,0,0,0,0
3791,68,Mujer,6.2,130,55.5,219,0,1,-1.238,63,138,1.04,36,0,0.14,-0.99,-0.85,-0.888,-1.238,-0.09,1.04,0.51,0.44,-0.82,-1.42,2754.571,4834.423,3718.282,3581.429,0,0,0,0
3792,66,Mujer,8,149,31.4,69,0,1,-0.256,53,159,-4.48,36,0,-0.01,0.74,-1.03,0.094,-0.256,-5.61,-4.48,-5.01,-5.08,-4.87,-5.47,1449.151,2543.339,1956.149,1884.152,0,0,0,0
3793,67,Hombre,7.7,147,49.8,49,0,0,1.122,151,147,-5.89,36,0,-2.16,1.71,-1.01,1.122,0.772,-5.89,-4.77,-5.29,-5.37,-3.61,-4.21,52.307,91.801,70.606,68.008,0,0,0,0
3794,89,Mujer,7.2,122,26.8,39,1,0,-0.178,33,123,-3.16,36,0,-0.94,0.33,0.42,-0.178,-0.528,-3.16,-2.04,-2.56,-2.64,-2.83,-3.43,288.492,506.318,389.423,375.09,0,0,0,0
3795,55,Hombre,7.3,133,62.6,63,0,0,0.453,99,134,0.19,36,0,1.99,-1.31,-0.13,0.453,0.103,0.19,1.31,0.79,0.71,1.47,0.87,1245.531,2185.976,1681.292,1619.411,0,0,0,0
3796,56,Mujer,8.3,119,44.3,97,0,0,-0.447,62,110,-1.06,36,0,-0.07,-0.03,-0.07,-0.447,-0.797,-1.06,0.07,-0.46,-0.53,-1.13,-1.73,1939.952,3404.722,2618.662,2522.28,0,0,0,0
3797,72,Hombre,6.3,147,30.9,79,0,0,-0.699,39,142,0.11,36,0,0.47,-2.16,1.98,-0.699,-1.049,0.11,1.23,0.71,0.63,-0.34,-0.94,269.968,473.809,364.419,351.007,0,0,0,0
3798,61,Mujer,8,132,53.5,167,0,1,0.399,249,136,-1.51,36,0,1.62,0.41,1.97,0.749,0.399,-2.63,-1.51,-2.03,-2.11,-0.91,-1.51,628.572,1103.178,848.483,817.254,0,0,0,0
3799,60,Hombre,8.5,139,41.4,197,0,1,-1.077,67,132,3.3,36,0,2.8,-1.8,-0.26,-0.727,-1.077,2.18,3.3,2.78,2.7,1.69,1.09,4323.625,7588.199,5836.284,5621.476,0,0,0,0
3800,54,Hombre,9.2,139,47.4,332,0,1,-0.491,203,133,-1.68,36,0,1.22,-0.92,1.71,-0.141,-0.491,-2.8,-1.68,-2.2,-2.28,-2.41,-3.01,199.937,350.901,269.887,259.954,0,0,0,0
3801,71,Mujer,5.8,127,37.7,81,0,1,-0.484,50,121,-0.1,36,0,0.18,-1.02,0.77,-0.134,-0.484,-1.22,-0.1,-0.62,-0.7,-0.82,-1.42,1084.788,1903.863,1464.311,1410.416,0,0,0,0
3802,73,Hombre,7.3,143,49.1,329,0,0,-0.003,328,152,-2.98,36,0,0.07,-0,-0.04,-0.003,-0.353,-2.98,-1.86,-2.38,-2.46,-2.39,-2.99,158.278,277.787,213.653,205.789,0,0,0,0
3803,60,Hombre,8.9,128,31.6,183,1,0,0.894,447,113,-3.07,36,0,-1.07,-0.1,1.87,0.894,0.544,-3.07,-1.95,-2.47,-2.55,-1.13,-1.73,80.657,141.558,108.876,104.869,0,0,0,0
3804,65,Hombre,6.6,138,40.7,96,0,0,1.199,318,131,-3.74,36,0,-1.12,-0.14,0.1,1.199,0.849,-3.74,-2.61,-3.14,-3.21,-1.34,-1.94,444.54,780.191,600.066,577.98,0,0,0,0
3805,61,Mujer,8.2,145,59.8,23,0,0,0.193,28,140,-0.81,36,0,-0.73,-1.79,-0.75,0.193,-0.157,-0.81,0.31,-0.21,-0.29,0.08,-0.52,925.027,1623.474,1248.656,1202.699,0,0,0,0
3806,57,Mujer,6.9,132,42.1,703,0,1,-0.251,547,118,-1.13,36,0,0.74,0.05,0.39,0.099,-0.251,-2.25,-1.13,-1.65,-1.73,-1.5,-2.1,121.329,212.94,163.778,157.75,0,0,0,0
3807,56,Mujer,7.8,148,50.1,108,0,1,-0.952,42,140,2.23,36,0,-1.33,-0.86,-0.3,-0.602,-0.952,1.11,2.23,1.71,1.63,0.81,0.21,1081.17,1897.512,1459.427,1405.712,0,0,0,0
3808,68,Mujer,8,130,44.5,48,0,0,0.134,55,129,-0.02,36,0,1.09,-0.81,0.27,0.134,-0.216,-0.02,1.1,0.58,0.5,0.78,0.18,147.541,258.943,199.16,191.83,0,0,0,0
3809,66,Hombre,8.2,107,42.2,67,1,0,-0.168,57,110,-0.53,36,0,-0.16,-0.2,-0.82,-0.168,-0.518,-0.53,0.6,0.07,-0,-0.18,-0.78,89.093,156.362,120.262,115.836,0,0,0,0
3810,58,Hombre,7.5,107,44.8,105,0,0,0.152,122,101,-2.35,36,0,-0.01,-0.06,-1.2,0.152,-0.198,-2.35,-1.22,-1.75,-1.82,-1.52,-2.12,62.144,109.067,83.886,80.799,0,0,0,0
3811,67,Hombre,9.5,163,40.4,294,0,0,-0.779,135,161,-2.97,36,0,-0.34,-1.17,0.11,-0.779,-1.129,-2.97,-1.85,-2.37,-2.45,-3.54,-4.14,220.635,387.226,297.826,286.864,0,0,0,0
3812,60,Mujer,8.8,118,58.7,33,1,0,0.201,40,129,-0.12,36,0,-0.48,-0.56,-0.31,0.201,-0.149,-0.12,1.01,0.48,0.41,0.78,0.18,949.347,1666.156,1281.484,1234.318,0,0,0,0
3813,52,Mujer,9,124,64.8,38,0,0,-0.682,19,127,0.77,36,0,-0.7,-0.34,-0.62,-0.682,-1.032,0.77,1.89,1.37,1.29,0.35,-0.25,3183.96,5588.025,4297.897,4139.71,0,0,0,0
3814,74,Hombre,9.9,134,46.4,181,0,1,-0.373,125,138,-3.3,36,0,0.14,-0.33,-0.43,-0.023,-0.373,-4.43,-3.3,-3.83,-3.9,-3.86,-4.46,303.024,531.824,409.04,393.985,0,0,0,0
3815,74,Mujer,8.8,143,48.8,377,0,1,-0.575,212,140,-2.47,36,0,-0.02,0.31,-0.95,-0.225,-0.575,-3.6,-2.47,-3,-3.07,-3.34,-3.94,628.172,1102.476,847.943,816.734,0,0,0,0
3816,53,Mujer,8,136,66.5,108,0,1,-0.22,87,136,-1.32,36,0,-0.6,-0.76,-0.41,0.13,-0.22,-2.45,-1.32,-1.85,-1.92,-1.65,-2.25,1147.224,2013.441,1548.591,1491.594,0,0,0,0
3817,71,Mujer,7.1,129,53.3,33,0,0,0.673,65,126,-1.92,36,0,-0.53,0.25,0,0.673,0.323,-1.92,-0.8,-1.32,-1.4,-0.31,-0.91,254.081,445.926,342.974,330.35,0,0,0,0
3818,69,Hombre,7.1,156,45.9,94,0,1,0.82,213,148,-3.84,36,0,0.65,0.71,-0.57,1.17,0.82,-4.97,-3.84,-4.37,-4.44,-2.61,-3.21,47.216,82.866,63.734,61.389,0,0,0,0
3819,72,Mujer,9.4,141,41.7,291,0,0,0.564,511,139,-4.79,36,0,-0.05,1.08,1.3,0.564,0.214,-4.79,-3.67,-4.19,-4.27,-3.35,-3.95,69.18,121.414,93.383,89.946,0,0,0,0
3820,54,Hombre,7.7,148,49.4,135,0,0,-0.072,126,134,-3.34,36,0,-1.24,0.4,2.01,-0.072,-0.422,-3.34,-2.22,-2.74,-2.82,-2.85,-3.45,924.083,1621.817,1247.382,1201.471,0,0,0,0
3821,63,Hombre,10.4,119,40.3,233,1,1,-1.258,66,121,0.37,36,0,-0.74,-2.19,1.36,-0.908,-1.258,-0.75,0.37,-0.15,-0.23,-1.51,-2.11,407.798,715.707,550.469,530.209,0,0,0,0
3822,77,Hombre,6.9,151,27.3,41,0,0,0.964,108,151,-6.53,3.59,1,-1.27,1.89,-1.93,0.964,0.614,-6.53,-5.41,-5.93,-6.01,-4.48,-5.08,3.59,6.301,4.846,4.668,1,1,1,1
3823,71,Mujer,6.5,141,45.9,82,1,1,0.703,166,133,-4.57,36,0,-0.38,-0.41,-0.65,1.053,0.703,-5.7,-4.57,-5.1,-5.17,-3.52,-4.12,71.134,124.845,96.021,92.487,0,0,0,0
3824,59,Hombre,6.8,147,72.6,1271,0,1,-0.993,471,144,0.83,36,0,0.17,0.59,-0.63,-0.643,-0.993,-0.3,0.83,0.3,0.23,-0.66,-1.26,2336.612,4100.882,3154.097,3038.008,0,0,0,0
3825,53,Hombre,8.1,130,50.7,325,1,1,-1.051,114,118,0.52,36,0,-0.65,0.13,-0.75,-0.701,-1.051,-0.6,0.52,-0,-0.08,-1.06,-1.66,59.876,105.085,80.824,77.849,0,0,0,0
3826,59,Hombre,7.3,137,51.5,819,0,1,-0.501,496,125,-2.61,36,0,-0.28,1.66,-0.67,-0.151,-0.501,-3.74,-2.61,-3.14,-3.21,-3.36,-3.96,300.292,527.029,405.352,390.432,0,0,0,0
3827,66,Hombre,11,158,39.1,2116,0,1,-0.367,1466,152,-2.92,36,0,0.97,-0.98,1.28,-0.017,-0.367,-4.05,-2.92,-3.45,-3.52,-3.47,-4.07,97.506,171.128,131.619,126.775,0,0,0,0
3828,50,Hombre,6.4,147,51.7,355,0,1,-0.565,202,146,0.75,36,0,-0.67,-0.57,-0.78,-0.215,-0.565,-0.37,0.75,0.23,0.15,-0.09,-0.69,1815.219,3185.809,2450.29,2360.105,0,0,0,0
3829,60,Hombre,5.8,130,52.1,14,1,0,0.754,30,125,-2.27,36,0,-0.3,0.45,1.59,0.754,0.404,-2.27,-1.14,-1.67,-1.74,-0.53,-1.13,484.116,849.651,653.489,629.437,0,0,0,0
3830,78,Mujer,7.9,144,32.6,154,0,0,-0.173,129,157,-2.78,36,0,0.89,-0.23,-0.92,-0.173,-0.523,-2.78,-1.65,-2.18,-2.25,-2.44,-3.04,113.456,199.121,153.149,147.512,0,0,0,0
3831,50,Mujer,8.2,109,53,109,0,0,0.138,125,96,-1.43,36,0,0.61,0.55,0.29,0.138,-0.212,-1.43,-0.31,-0.83,-0.91,-0.63,-1.23,361.387,634.253,487.821,469.866,0,0,0,0
3832,37,Mujer,6.6,119,56.5,32,0,1,-0.166,27,115,-1.32,36,0,-0.16,0.34,-0.65,0.184,-0.166,-2.44,-1.32,-1.84,-1.92,-1.57,-2.17,4747.497,8332.117,6408.451,6172.584,0,0,0,0
3833,56,Mujer,8.1,132,51.7,1326,0,1,-0.595,732,118,-1.58,36,0,1.6,-0.37,-0.19,-0.245,-0.595,-2.7,-1.58,-2.1,-2.18,-2.47,-3.07,1018.684,1787.845,1375.079,1324.469,0,0,0,0
3834,72,Mujer,6.7,121,44,60,1,0,-0.241,47,129,-3.1,9.85,1,0.83,0.06,1.42,-0.241,-0.591,-3.1,-1.97,-2.5,-2.57,-2.86,-3.46,9.845,17.279,13.29,12.801,1,1,1,1
3835,60,Mujer,7,126,50.8,8,0,0,-0.214,6,133,-0.83,36,0,1.69,1.84,1.94,-0.214,-0.564,-0.83,0.29,-0.23,-0.31,-0.56,-1.16,2718.083,4770.385,3669.029,3533.988,0,0,0,0
3836,76,Mujer,9.9,164,31.3,877,1,0,0.519,1474,163,-5.06,33.42,1,1.19,0.02,1.58,0.519,0.169,-5.06,-3.93,-4.46,-4.53,-3.68,-4.28,33.425,58.662,45.119,43.458,1,0,0,0
3837,72,Hombre,6.1,149,30.1,57,0,0,-0.037,55,146,-3.63,11.59,1,0.2,1.04,-0.12,-0.037,-0.387,-3.63,-2.51,-3.03,-3.11,-3.09,-3.69,11.586,20.334,15.64,15.064,1,1,1,1
3838,63,Mujer,6.9,154,47.4,34,0,1,0.11,38,150,-2.93,36,0,0.96,1.98,-1.03,0.46,0.11,-4.06,-2.93,-3.46,-3.53,-2.77,-3.37,799.554,1403.261,1079.285,1039.561,0,0,0,0
3839,50,Hombre,9.8,108,51.5,72,0,1,-0.757,34,114,0.33,36,0,-0.46,0.47,-1.64,-0.407,-0.757,-0.79,0.33,-0.19,-0.27,-0.8,-1.4,141.834,248.927,191.456,184.41,0,0,0,0
3840,68,Mujer,7.1,104,45.7,405,0,0,-0.363,282,96,-2.53,36,0,-0.74,-0.23,0.91,-0.363,-0.713,-2.53,-1.4,-1.93,-2,-2.47,-3.07,680.264,1193.901,918.26,884.463,0,0,0,0
3841,51,Mujer,7.5,125,59.8,134,0,0,-0.841,58,131,-0.64,36,0,0.62,0.42,-1.13,-0.841,-1.191,-0.64,0.48,-0.04,-0.12,-1.31,-1.91,396.177,695.312,534.783,515.1,0,0,0,0
3842,74,Mujer,8.7,132,35.7,63,0,1,-1.099,21,120,0.76,36,0,1.16,-1.68,0.02,-0.749,-1.099,-0.36,0.76,0.24,0.16,-0.89,-1.49,2025.605,3555.047,2734.28,2633.644,0,0,0,0
3843,54,Mujer,5.5,132,45.7,84,0,1,-0.572,47,128,3.13,36,0,-0.26,-0.42,0.37,-0.222,-0.572,2,3.13,2.6,2.53,2.27,1.67,1649.155,2894.357,2226.126,2144.192,0,0,0,0
3844,50,Hombre,7.3,130,41.1,95,0,0,0.572,168,128,-3.36,36,0,-0.3,1.62,0.94,0.572,0.222,-3.36,-2.24,-2.76,-2.84,-1.9,-2.5,988.374,1734.651,1334.166,1285.061,0,0,0,0
3845,68,Hombre,5.5,143,37,52,1,0,0.097,57,149,-2.43,36,0,0.3,2.25,-0.53,0.097,-0.253,-2.43,-1.3,-1.83,-1.9,-1.68,-2.28,351.095,616.191,473.929,456.485,0,0,0,0
3846,66,Mujer,7.2,131,58.8,64,1,1,0.13,73,115,-0.72,36,0,-0.98,1.1,-1.62,0.48,0.13,-1.84,-0.72,-1.24,-1.32,-0.52,-1.12,197.115,345.947,266.077,256.284,0,0,0,0
3847,65,Mujer,10.1,130,28.4,1223,1,1,-0.179,1022,123,-4.61,36,0,0.59,0.85,-1.27,0.171,-0.179,-5.73,-4.61,-5.13,-5.21,-4.88,-5.48,140.026,245.753,189.015,182.058,0,0,0,0
3848,67,Hombre,8.3,152,54.3,448,0,1,0.095,493,150,-2.34,36,0,0.12,-0.36,0.03,0.445,0.095,-3.47,-2.34,-2.87,-2.94,-2.2,-2.8,238.3,418.23,321.671,309.832,0,0,0,0
3849,64,Mujer,9.3,145,40.3,230,0,0,-0.36,160,156,-3.55,36,0,-0.92,0.71,0.73,-0.36,-0.71,-3.55,-2.43,-2.95,-3.03,-3.49,-4.09,370.085,649.52,499.563,481.176,0,0,0,0
3850,79,Mujer,8.4,144,53.7,53,0,0,0.869,126,132,-4.15,36,0,-0.22,1.24,-1.85,0.869,0.519,-4.15,-3.02,-3.55,-3.62,-2.25,-2.85,460.044,807.402,620.994,598.138,0,0,0,0
3851,62,Hombre,7.9,131,44.5,28,0,1,0.229,35,121,-3.41,36,0,0.35,0.15,0.32,0.579,0.229,-4.53,-3.41,-3.93,-4.01,-3.06,-3.66,805.266,1413.286,1086.995,1046.988,0,0,0,0
3852,66,Hombre,5.5,126,27.6,51,0,0,0.299,69,133,-0.32,36,0,0.37,-1.16,-1.13,0.299,-0.051,-0.32,0.8,0.28,0.2,0.73,0.13,1019.906,1789.991,1376.73,1326.058,0,0,0,0
3853,68,Mujer,6.9,164,45.9,113,0,0,1.243,391,164,-5.37,36,0,-0.18,1.25,1.23,1.243,0.893,-5.37,-4.24,-4.77,-4.84,-2.9,-3.5,70.321,123.417,94.923,91.429,0,0,0,0
3854,58,Mujer,9.9,125,44.6,548,0,1,-0.494,334,104,-0.52,36,0,0.81,-1.2,0.34,-0.144,-0.494,-1.64,-0.52,-1.04,-1.12,-1.26,-1.86,2160.923,3792.538,2916.941,2809.581,0,0,0,0
3855,45,Mujer,7.3,149,62.3,244,0,1,0.847,569,142,-2.37,36,0,-0.94,0.55,1.09,1.197,0.847,-3.5,-2.37,-2.9,-2.97,-1.1,-1.7,112.757,197.895,152.206,146.604,0,0,0,0
3856,62,Mujer,6.1,95,27.3,137,0,1,0.134,157,104,-2.08,34.16,1,1.58,0.6,0.62,0.484,0.134,-3.21,-2.08,-2.61,-2.68,-1.88,-2.48,19.465,34.162,26.275,25.308,1,1,1,1
3857,73,Hombre,7.5,144,42,37,0,0,0.042,39,138,-1.98,36,0,0.36,0.58,-0.74,0.042,-0.308,-1.98,-0.86,-1.38,-1.46,-1.32,-1.92,82.068,144.034,110.781,106.703,0,0,0,0
3858,62,Hombre,6.8,123,38.2,379,0,0,-0.54,221,121,0.08,36,0,1.44,-0.64,0.77,-0.54,-0.89,0.08,1.2,0.68,0.6,-0.13,-0.73,701.042,1230.368,946.308,911.479,0,0,0,0
3859,65,Mujer,8.2,149,55.4,101,1,1,-0.001,101,156,-2.31,36,0,-0.35,-0.36,-0.69,0.349,-0.001,-3.43,-2.31,-2.83,-2.91,-2.31,-2.91,26.035,45.693,35.144,33.85,1,0,1,1
3860,63,Hombre,8.5,151,38.5,183,0,0,0.451,287,157,-4.12,36,0,0.84,0.09,-0.72,0.451,0.101,-4.12,-3,-3.52,-3.6,-2.85,-3.45,286.207,502.309,386.339,372.12,0,0,0,0
3861,60,Mujer,6.6,126,50.1,130,0,1,-0.515,78,122,0.38,36,0,-0.18,-0.42,0.82,-0.165,-0.515,-0.75,0.38,-0.15,-0.22,-0.39,-0.99,280.981,493.137,379.285,365.325,0,0,0,0
3862,41,Mujer,6.8,129,51.8,14,0,0,0.056,15,128,-0.94,36,0,-1.76,-0.33,0.6,0.056,-0.294,-0.94,0.19,-0.34,-0.41,-0.25,-0.85,351.543,616.978,474.534,457.068,0,0,0,0
3863,56,Mujer,7.2,144,48.9,155,1,1,0.871,370,126,-6.28,36,0,-1.93,2.41,-1.37,1.221,0.871,-7.41,-6.28,-6.81,-6.88,-4.97,-5.57,95.569,167.728,129.004,124.256,0,0,0,0
3864,62,Hombre,6.4,151,54.3,227,0,1,-0.89,93,154,0.75,36,0,2.01,-1.77,1.02,-0.54,-0.89,-0.37,0.75,0.23,0.15,-0.58,-1.18,289.937,508.856,391.374,376.97,0,0,0,0
3865,73,Mujer,7.4,154,36.6,146,0,1,0.297,196,154,-3.6,36,0,0.06,-0.04,-0.44,0.647,0.297,-4.73,-3.6,-4.13,-4.2,-3.16,-3.76,139.626,245.052,188.476,181.539,0,0,0,0
3866,59,Hombre,9.6,117,44,289,1,1,0.906,715,99,-3.84,36,0,-0.43,1.3,0.62,1.256,0.906,-4.97,-3.84,-4.37,-4.44,-2.49,-3.09,472.174,828.69,637.368,613.909,0,0,0,0
3867,67,Hombre,8.6,134,51.7,136,0,1,-0.19,112,130,-2.6,36,0,0.99,0.07,0.62,0.16,-0.19,-3.72,-2.6,-3.12,-3.2,-2.89,-3.49,921.244,1616.834,1243.549,1197.78,0,0,0,0
3868,45,Hombre,7,155,56.6,100,0,0,-0.712,49,157,0.4,36,0,-0.5,-1.74,1.41,-0.712,-1.062,0.4,1.53,1,0.93,-0.07,-0.67,5746.841,10086.021,7757.424,7471.908,0,0,0,0
3869,61,Mujer,6.3,136,63.1,40,0,1,-0.445,26,134,-1.32,36,0,-1.27,-0.47,2.34,-0.095,-0.445,-2.45,-1.32,-1.85,-1.92,-1.99,-2.59,9550.841,16762.249,12892.287,12417.779,0,0,0,0
3870,68,Mujer,8.5,146,53.6,410,1,1,0.136,470,133,-3.75,36,0,-0.85,0.53,0.59,0.486,0.136,-4.87,-3.75,-4.27,-4.35,-3.55,-4.15,323.623,567.976,436.845,420.767,0,0,0,0
3871,87,Mujer,8,144,35.6,30,0,0,-1.038,11,149,-0.35,36,0,2.52,-0.92,1.75,-1.038,-1.388,-0.35,0.77,0.25,0.17,-1.31,-1.91,2571.587,4513.276,3471.28,3343.517,0,0,0,0
3872,75,Mujer,9.3,125,48.8,25,1,1,-0.402,17,116,-2.86,36,0,-0.52,0.9,-1.54,-0.052,-0.402,-3.99,-2.86,-3.39,-3.46,-3.47,-4.07,290.753,510.287,392.475,378.03,0,0,0,0
3873,64,Hombre,6.4,134,45.6,97,1,0,-0.41,64,134,0.28,36,0,-0.94,-2.06,0.6,-0.41,-0.76,0.28,1.41,0.88,0.81,0.27,-0.33,196.873,345.524,265.751,255.97,0,0,0,0
3874,61,Hombre,9.1,123,54.9,84,0,0,-0.5,51,128,-0.44,36,0,-0.76,-0.83,-1.08,-0.5,-0.85,-0.44,0.69,0.16,0.09,-0.59,-1.19,108.67,190.721,146.689,141.29,0,0,0,0
3875,62,Hombre,9.5,147,48.4,23,0,0,0.361,33,144,-3.11,36,0,0.15,0.24,0.95,0.361,0.011,-3.11,-1.98,-2.51,-2.58,-1.97,-2.57,410.791,720.961,554.51,534.101,0,0,0,0
3876,66,Mujer,9.9,131,52,139,1,0,-0.317,101,130,-2.73,36,0,-0.65,-1.14,-0.22,-0.317,-0.667,-2.73,-1.6,-2.13,-2.2,-2.61,-3.21,3384.245,5939.535,4568.253,4400.116,0,0,0,0
3877,54,Hombre,6.6,152,56.6,114,1,1,0.161,134,143,-3.49,36,0,-0.71,2.27,-1.72,0.511,0.161,-4.62,-3.49,-4.02,-4.09,-3.25,-3.85,81.932,143.796,110.597,106.526,0,0,0,0
3878,53,Hombre,6.6,128,59,46,0,0,0.072,49,125,-1.29,36,0,-0.91,0.99,-0.64,0.072,-0.278,-1.29,-0.16,-0.69,-0.76,-0.58,-1.18,514.057,902.198,693.904,668.364,0,0,0,0
3879,63,Mujer,5.5,111,37.3,69,1,0,0.46,109,106,-1.19,36,0,0.18,-0.5,0.17,0.46,0.11,-1.19,-0.06,-0.59,-0.66,0.1,-0.5,816.96,1433.809,1102.781,1062.192,0,0,0,0
3880,49,Hombre,9.8,148,44,87,0,1,-1.259,25,145,1.75,36,0,-0.01,-1.13,-2,-0.909,-1.259,0.62,1.75,1.22,1.15,-0.14,-0.74,4127.516,7244.016,5571.564,5366.499,0,0,0,0
3881,58,Mujer,8.7,112,41.2,119,0,0,0.405,178,120,-3.9,36,0,-0.24,1.85,-0.35,0.405,0.055,-3.9,-2.78,-3.3,-3.38,-2.69,-3.29,42.808,75.13,57.785,55.658,0,0,0,0
3882,46,Hombre,7.1,138,60.1,69,0,1,-0.577,39,116,-0.45,36,0,-0.37,1.43,-1.11,-0.227,-0.577,-1.58,-0.45,-0.98,-1.05,-1.32,-1.92,2226.104,3906.935,3004.926,2894.328,0,0,0,0
3883,59,Mujer,9.2,139,41.6,91,0,0,0.548,157,148,-6.24,36,0,-0.13,1.81,1.56,0.548,0.198,-6.24,-5.12,-5.64,-5.72,-4.82,-5.42,113.433,199.082,153.119,147.483,0,0,0,0
3884,46,Hombre,7.4,123,48.5,124,0,0,1.104,374,124,-3.76,4.21,1,-0.53,0.08,-1.69,1.104,0.754,-3.76,-2.64,-3.16,-3.24,-1.51,-2.11,4.213,7.393,5.686,5.477,1,1,1,1
3885,67,Mujer,8.8,135,45.9,126,1,1,-0.069,118,130,-1.54,36,0,0.2,-0.34,1.32,0.281,-0.069,-2.67,-1.54,-2.07,-2.14,-1.64,-2.24,81.341,142.759,109.799,105.758,0,0,0,0
3886,53,Hombre,8.5,131,44.7,121,0,0,-0.622,65,125,-0.98,11.45,1,-0.52,0.31,-1.32,-0.622,-0.972,-0.98,0.15,-0.38,-0.45,-1.31,-1.91,11.447,20.091,15.452,14.883,1,1,1,1
3887,65,Hombre,7.1,143,37.4,539,0,1,0.567,950,140,-3.04,36,0,0.28,-0.13,-0.02,0.917,0.567,-4.16,-3.04,-3.56,-3.64,-2.19,-2.79,1036.443,1819.014,1399.052,1347.559,0,0,0,0
3888,49,Hombre,6.6,138,52.4,124,0,1,0.183,149,139,0.31,36,0,-0.73,1.02,-1.81,0.533,0.183,-0.81,0.31,-0.21,-0.29,0.59,-0.01,147.212,258.364,198.715,191.401,0,0,0,0
3889,57,Hombre,7.7,137,58.9,271,0,0,0.28,359,135,-3.03,36,0,-0.53,0.28,0.59,0.28,-0.07,-3.03,-1.91,-2.43,-2.51,-2.01,-2.61,699.473,1227.613,944.19,909.438,0,0,0,0
3890,67,Hombre,6.5,116,44,10,0,0,0.709,20,112,-2.16,22.62,1,0.31,2.09,1.01,0.709,0.359,-2.16,-1.04,-1.56,-1.64,-0.5,-1.1,22.624,39.707,30.54,29.416,1,0,1,1
3891,67,Hombre,7.2,130,39.1,18,0,0,0.613,33,144,-2.5,36,0,0.58,0.4,0.01,0.613,0.263,-2.5,-1.38,-1.9,-1.98,-0.98,-1.58,441.778,775.345,596.339,574.39,0,0,0,0
3892,77,Hombre,9.2,143,47.6,65,1,1,0.153,76,125,-4.02,36,0,2,0.47,-0.54,0.503,0.153,-5.14,-4.02,-4.54,-4.62,-3.79,-4.39,97.484,171.09,131.59,126.747,0,0,0,0
3893,81,Mujer,9.1,130,53.9,61,1,1,-0.303,45,125,-1.51,36,0,0.77,0.3,-0.51,0.047,-0.303,-2.64,-1.51,-2.04,-2.11,-1.97,-2.57,178.809,313.819,241.367,232.483,0,0,0,0
3894,68,Hombre,7.5,154,44.8,765,0,1,-0.142,664,133,-3.82,36,0,-1.85,0.65,-0.41,0.208,-0.142,-4.94,-3.82,-4.34,-4.42,-4.03,-4.63,324.861,570.149,438.517,422.377,0,0,0,0
3895,49,Hombre,6.3,152,50.7,145,0,1,0.387,214,133,-5.47,36,0,-1.67,3.12,0.53,0.737,0.387,-6.59,-5.47,-5.99,-6.07,-4.88,-5.48,29.716,52.154,40.113,38.636,1,0,0,0
3896,57,Mujer,8.9,115,34.8,266,1,0,-1.056,93,116,-1.42,36,0,-0.45,-1.17,-0.83,-1.056,-1.406,-1.42,-0.3,-0.82,-0.9,-2.41,-3.01,571.84,1003.611,771.903,743.493,0,0,0,0
3897,67,Mujer,7.8,131,59.9,298,0,0,0.124,337,138,-3.11,36,0,1.02,0.56,-0.05,0.124,-0.226,-3.11,-1.98,-2.51,-2.58,-2.32,-2.92,814.825,1430.062,1099.899,1059.416,0,0,0,0
3898,57,Mujer,7.8,150,67.1,175,0,0,0.25,225,148,-3.38,36,0,-0.97,0.55,-0.66,0.25,-0.1,-3.38,-2.26,-2.78,-2.86,-2.41,-3.01,1961.199,3442.012,2647.342,2549.905,0,0,0,0
3899,55,Hombre,7,123,54.3,129,1,0,-0.166,109,133,-0.64,36,0,1.05,0.32,-1.02,-0.166,-0.516,-0.64,0.49,-0.04,-0.11,-0.28,-0.88,1036.642,1819.363,1399.32,1347.817,0,0,0,0
3900,50,Hombre,8.8,138,47.6,319,0,0,0.554,555,128,-3.25,36,0,0.28,1,-0.67,0.554,0.204,-3.25,-2.13,-2.65,-2.73,-1.82,-2.42,58.635,102.908,79.149,76.236,0,0,0,0
3901,60,Mujer,7.6,171,55.2,1220,0,1,-0.293,910,158,-2.74,36,0,1.29,-0.48,0.7,0.057,-0.293,-3.86,-2.74,-3.26,-3.34,-3.18,-3.78,559.724,982.345,755.548,727.739,0,0,0,0
3902,57,Hombre,7.2,114,44,77,0,1,-0.114,69,89,-3.65,36,0,1.37,0.26,-0.1,0.236,-0.114,-4.78,-3.65,-4.18,-4.25,-3.82,-4.42,153.776,269.885,207.576,199.936,0,0,0,0
3903,43,Hombre,6.5,149,55.3,332,0,1,0.265,433,150,-1.44,36,0,-0.46,-1.35,1.35,0.615,0.265,-2.56,-1.44,-1.96,-2.04,-1.04,-1.64,1731.08,3038.141,2336.714,2250.71,0,0,0,0
3904,74,Hombre,7.6,129,32.1,123,1,0,0.16,144,130,-3.02,36,0,1.46,0.88,-0.58,0.16,-0.19,-3.02,-1.9,-2.42,-2.5,-2.18,-2.78,210.023,368.602,283.501,273.067,0,0,0,0
3905,49,Mujer,8.4,124,52.4,58,0,1,-0.028,56,124,-0.43,36,0,-1.22,-0.94,-0.45,0.322,-0.028,-1.56,-0.43,-0.96,-1.03,-0.47,-1.07,66.052,115.924,89.16,85.879,0,0,0,0
3906,45,Hombre,8,145,59.2,145,0,1,-0.589,80,138,-0.46,36,0,-1.36,0.35,-0.04,-0.239,-0.589,-1.59,-0.46,-0.99,-1.06,-1.35,-1.95,66.393,116.523,89.621,86.322,0,0,0,0
3907,63,Hombre,7.1,114,47.1,21,0,0,0.123,24,123,0.05,36,0,1.98,-0.16,-0.25,0.123,-0.227,0.05,1.17,0.65,0.57,0.83,0.23,1544.309,2710.347,2084.6,2007.875,0,0,0,0
3908,67,Hombre,7.6,156,45.5,113,0,0,0.159,132,145,-2.99,36,0,0.7,0.22,-1.03,0.159,-0.191,-2.99,-1.86,-2.39,-2.46,-2.15,-2.75,226.043,396.717,305.126,293.895,0,0,0,0
3909,90,Hombre,6.5,159,43.8,65,0,0,0.592,117,169,-2.69,36,0,0.06,-0.52,0.28,0.592,0.242,-2.69,-1.56,-2.09,-2.16,-1.2,-1.8,1075.472,1887.513,1451.736,1398.304,0,0,0,0
3910,68,Mujer,6.8,132,20.9,120,0,0,0.681,237,128,-4.69,36,0,0.11,1.17,-1.52,0.681,0.331,-4.69,-3.56,-4.09,-4.16,-3.07,-3.67,229.055,402.004,309.192,297.812,0,0,0,0
3911,62,Hombre,7.5,130,49.2,134,1,1,0.169,159,135,-1.64,36,0,-0.13,-0.82,0.43,0.519,0.169,-2.76,-1.64,-2.16,-2.24,-1.38,-1.98,993.521,1743.683,1341.113,1291.752,0,0,0,0
3912,73,Hombre,8.8,135,47.5,40,0,0,0.299,54,134,-0.83,36,0,-1.12,-0.77,0.78,0.299,-0.051,-0.83,0.3,-0.23,-0.3,0.22,-0.38,152.203,267.125,205.453,197.891,0,0,0,0
3913,52,Hombre,8,120,50.2,67,0,1,0.34,94,124,-3.23,36,0,0.69,1.51,-1.88,0.69,0.34,-4.35,-3.23,-3.75,-3.83,-2.72,-3.32,104.422,183.267,140.955,135.767,0,0,0,0
3914,84,Mujer,8.1,154,43.6,270,0,0,0.284,359,136,-2.88,36,0,1.7,-2.54,-2.39,0.284,-0.066,-2.88,-1.75,-2.28,-2.35,-1.85,-2.45,635.599,1115.511,857.969,826.391,0,0,0,0
3915,43,Mujer,9.7,102,54.8,32,0,1,-0.546,19,105,0.78,36,0,-1.72,-0.51,-1.02,-0.196,-0.546,-0.35,0.78,0.25,0.18,-0.04,-0.64,3539.056,6211.236,4777.226,4601.397,0,0,0,0
3916,90,Hombre,5.5,129,27.6,249,1,0,-0.472,155,129,-1.97,36,0,1.31,-1.96,0.18,-0.472,-0.822,-1.97,-0.84,-1.37,-1.44,-2.07,-2.67,2678.192,4700.374,3615.182,3482.123,0,0,0,0
3917,68,Hombre,8.5,134,56.5,184,1,1,-0.914,74,127,-1.51,36,0,0.74,0.19,-0.45,-0.564,-0.914,-2.63,-1.51,-2.03,-2.11,-2.88,-3.48,202.94,356.17,273.94,263.857,0,0,0,0
3918,65,Mujer,8.7,146,49.5,198,0,1,-0.496,121,142,1.19,36,0,0.25,-0.72,-0.11,-0.146,-0.496,0.06,1.19,0.66,0.59,0.44,-0.16,227.31,398.941,306.836,295.543,0,0,0,0
3919,61,Mujer,9,148,56,511,1,1,0.011,517,151,-2.09,36,0,-1.3,0.01,-0,0.361,0.011,-3.22,-2.09,-2.62,-2.69,-2.08,-2.68,45.547,79.938,61.482,59.22,0,0,0,0
3920,61,Hombre,6.8,114,54.6,125,1,0,-0.547,72,110,1.85,36,0,-0.06,-1.77,0.53,-0.547,-0.897,1.85,2.97,2.45,2.37,1.62,1.02,1789.826,3141.242,2416.012,2327.089,0,0,0,0
3921,68,Mujer,7.5,172,49.6,606,1,1,-0.067,567,158,-2.92,36,0,-0.29,1.19,-0.47,0.283,-0.067,-4.04,-2.92,-3.44,-3.52,-3.02,-3.62,126.066,221.254,170.172,163.909,0,0,0,0
3922,58,Hombre,6.8,119,34.5,273,0,0,0.183,328,139,-1.55,36,0,-2.52,0.61,-0.32,0.183,-0.167,-1.55,-0.42,-0.95,-1.02,-0.67,-1.27,69.419,121.834,93.706,90.257,0,0,0,0
3923,79,Hombre,6.3,149,39.3,101,0,0,0.676,199,148,-4.3,36,0,2.48,0.65,-0.81,0.676,0.326,-4.3,-3.18,-3.7,-3.78,-2.69,-3.29,329.315,577.966,444.529,428.168,0,0,0,0
3924,60,Hombre,8.8,145,53,243,0,1,-1.405,60,130,0.88,36,0,1.46,-0.71,0.4,-1.055,-1.405,-0.24,0.88,0.36,0.28,-1.23,-1.83,1572.397,2759.643,2122.514,2044.394,0,0,0,0
3925,90,Mujer,7.6,101,35.2,39,0,0,0.539,67,101,-4.51,17.44,1,1.65,1.25,0.87,0.539,0.189,-4.51,-3.38,-3.91,-3.98,-3.1,-3.7,17.437,30.604,23.538,22.672,1,1,1,1
3926,67,Mujer,8.1,120,28.9,123,0,0,0.346,174,120,-4.41,36,0,0.07,0.15,0.01,0.346,-0.004,-4.41,-3.28,-3.81,-3.88,-3.29,-3.89,192.183,337.292,259.42,249.872,0,0,0,0
3927,53,Hombre,7.9,103,50.1,16,1,1,-0.064,15,85,-0.49,36,0,-0.78,1.78,-1.27,0.286,-0.064,-1.61,-0.49,-1.01,-1.09,-0.58,-1.18,1338.824,2349.709,1807.223,1740.707,0,0,0,0
3928,73,Hombre,9.8,128,50,299,1,1,-0.766,139,108,0.35,36,0,0.75,-1.92,2.16,-0.416,-0.766,-0.77,0.35,-0.17,-0.25,-0.8,-1.4,727.75,1277.241,982.36,946.204,0,0,0,0
3929,57,Hombre,7.8,123,64.6,522,0,1,-1.155,164,111,-0.01,36,0,-1.49,0.1,-0.63,-0.805,-1.155,-1.13,-0.01,-0.53,-0.61,-1.74,-2.34,2201.481,3863.72,2971.689,2862.314,0,0,0,0
3930,59,Hombre,8.9,114,39,78,0,0,-0.479,48,120,-1.25,36,0,-1.33,-0.13,-0.24,-0.479,-0.829,-1.25,-0.13,-0.65,-0.73,-1.37,-1.97,1423.511,2498.34,1921.539,1850.816,0,0,0,0
3931,84,Mujer,7,144,34.1,62,0,0,-0.02,61,148,-2.45,36,0,0.45,-0.04,0.03,-0.02,-0.37,-2.45,-1.32,-1.85,-1.92,-1.88,-2.48,233.11,409.12,314.665,303.084,0,0,0,0
3932,74,Mujer,9.8,124,50,495,0,1,-0.189,410,111,-2.47,36,0,-1.44,-0.23,0.17,0.161,-0.189,-3.59,-2.47,-2.99,-3.07,-2.75,-3.35,374.068,656.511,504.94,486.355,0,0,0,0
3933,79,Hombre,5.7,159,38.7,40,1,0,0.921,100,159,-6.08,18.36,1,2.16,1.55,-0.17,0.921,0.571,-6.08,-4.96,-5.48,-5.56,-4.1,-4.7,18.355,32.215,24.777,23.865,1,1,1,1
3934,74,Hombre,7.8,112,36.3,75,0,0,0.619,139,114,-1.93,36,0,1.98,-1.29,-0.63,0.619,0.269,-1.93,-0.81,-1.33,-1.41,-0.41,-1.01,65.058,114.18,87.818,84.586,0,0,0,0
3935,79,Mujer,9.9,149,39.7,488,1,1,0.075,526,139,-3.5,36,0,0.97,0.05,0.32,0.425,0.075,-4.62,-3.5,-4.02,-4.1,-3.39,-3.99,287.204,504.059,387.685,373.416,0,0,0,0
3936,90,Hombre,7,121,37.2,214,1,0,0.533,364,113,-4.72,26.1,1,-0.65,0.21,-0.7,0.533,0.183,-4.72,-3.59,-4.12,-4.19,-3.32,-3.92,26.096,45.8,35.226,33.93,1,0,1,1
3937,80,Mujer,10.2,123,34.6,136,0,0,0.19,164,138,-4.72,36,0,1.02,-0.06,-1.62,0.19,-0.16,-4.72,-3.59,-4.12,-4.19,-3.83,-4.43,352.192,618.117,475.41,457.912,0,0,0,0
3938,68,Hombre,7.6,133,45.4,23,1,0,-0.737,11,126,0.34,36,0,1.02,-1.53,-0.68,-0.737,-1.087,0.34,1.47,0.94,0.87,-0.16,-0.76,329.377,578.074,444.612,428.248,0,0,0,0
3939,55,Mujer,8.5,127,51.3,108,0,1,-0.98,41,123,1.57,36,0,-1.53,-1.67,-0.25,-0.63,-0.98,0.45,1.57,1.05,0.97,0.1,-0.5,10903.291,19135.871,14717.903,14176.202,0,0,0,0
3940,51,Mujer,7.6,144,58.5,91,1,1,-1.058,32,143,-0.93,36,0,-2.75,-0.73,0.53,-0.708,-1.058,-2.06,-0.93,-1.46,-1.53,-2.52,-3.12,75.406,132.341,101.787,98.041,0,0,0,0
3941,72,Hombre,6.7,142,45.5,36,0,0,0.532,61,128,-3.04,36,0,-0.22,0.13,0.8,0.532,0.182,-3.04,-1.92,-2.44,-2.52,-1.65,-2.25,544.139,954.994,734.511,707.477,0,0,0,0
3942,78,Mujer,8.5,130,47.3,123,0,0,-0.168,104,127,-3.4,36,0,0.27,0.13,0.66,-0.168,-0.518,-3.4,-2.27,-2.8,-2.87,-3.05,-3.65,1146.68,2012.487,1547.856,1490.887,0,0,0,0
3943,66,Mujer,9,134,40.5,163,1,0,-0.982,61,141,-0.57,36,0,0.7,-1.48,1.27,-0.982,-1.332,-0.57,0.55,0.03,-0.05,-1.45,-2.05,1081.515,1898.117,1459.892,1406.16,0,0,0,0
3944,54,Hombre,8.3,119,45.3,88,0,1,-1,32,107,2.87,36,0,1.13,-1.12,0.42,-0.65,-1,1.74,2.87,2.34,2.27,1.37,0.77,1305.082,2290.49,1761.676,1696.837,0,0,0,0
3945,78,Hombre,8,133,38.9,101,0,0,-0.328,73,134,-1.36,36,0,1.41,-0.12,0.76,-0.328,-0.678,-1.36,-0.23,-0.76,-0.83,-1.25,-1.85,714.339,1253.704,964.257,928.767,0,0,0,0
3946,56,Mujer,7.4,128,35.8,77,0,0,-0.48,48,116,0.65,31.65,1,0.25,-0.48,-0.62,-0.48,-0.83,0.65,1.78,1.25,1.18,0.54,-0.06,31.652,55.552,42.726,41.154,1,0,0,0
3947,66,Mujer,8.1,143,42.6,154,0,1,0.254,199,142,-3.57,36,0,-0.74,1.4,-0.32,0.604,0.254,-4.7,-3.57,-4.1,-4.17,-3.19,-3.79,77.74,136.437,104.938,101.075,0,0,0,0
3948,68,Mujer,5.5,127,40.2,35,0,0,-0.395,24,124,-0.95,36,0,-0.13,-0.17,-1.21,-0.395,-0.745,-0.95,0.17,-0.35,-0.43,-0.94,-1.54,370.09,649.529,499.57,481.183,0,0,0,0
3949,51,Mujer,7,147,42.7,132,0,1,-0.376,91,137,-1.37,36,0,1.06,0.63,-1.03,-0.026,-0.376,-2.49,-1.37,-1.89,-1.97,-1.93,-2.53,332.679,583.87,449.07,432.541,0,0,0,0
3950,53,Mujer,6.4,155,45.5,386,0,0,0.865,916,163,-3.68,36,0,-0.96,1.45,-0.02,0.865,0.515,-3.68,-2.55,-3.08,-3.15,-1.78,-2.38,204.367,358.675,275.866,265.713,0,0,0,0
3951,60,Hombre,6,134,37.6,314,0,1,-0.28,237,144,-0.99,36,0,1.79,0.28,-3.44,0.07,-0.28,-2.12,-0.99,-1.52,-1.59,-1.41,-2.01,101.574,178.268,137.11,132.064,0,0,0,0
3952,56,Hombre,7.8,142,45.8,262,0,1,0.369,379,126,-1.02,36,0,-0.84,-1.75,-0.37,0.719,0.369,-2.14,-1.02,-1.54,-1.62,-0.46,-1.06,103.426,181.518,139.61,134.471,0,0,0,0
3953,42,Hombre,8.7,121,56.7,99,0,1,0.086,108,98,-3.53,36,0,-1.19,1.21,1.45,0.436,0.086,-4.65,-3.53,-4.05,-4.13,-3.4,-4,973.135,1707.905,1313.595,1265.247,0,0,0,0
3954,45,Hombre,8.2,130,56.9,57,0,0,-0.065,53,133,0.39,36,0,-0.61,-1.1,-0.79,-0.065,-0.415,0.39,1.52,0.99,0.92,0.9,0.3,528.283,927.166,713.108,686.861,0,0,0,0
3955,57,Mujer,8.2,102,37.8,152,0,1,-0.433,99,93,-1.74,36,0,-0.74,0.32,0.6,-0.083,-0.433,-2.86,-1.74,-2.26,-2.34,-2.38,-2.98,3851.723,6759.984,5199.282,5007.919,0,0,0,0
3956,50,Hombre,7.5,137,44.5,161,1,1,-1.101,54,135,-0.87,36,0,0.21,1.28,-0.64,-0.751,-1.101,-1.99,-0.87,-1.39,-1.47,-2.52,-3.12,235.063,412.548,317.302,305.623,0,0,0,0
3957,60,Mujer,6.4,113,26.9,43,0,1,0.074,46,108,1.26,36,0,0.21,-0.05,0.12,0.424,0.074,0.13,1.26,0.73,0.66,1.37,0.77,195.51,343.131,263.911,254.198,0,0,0,0
3958,55,Mujer,7.4,104,44.8,170,0,0,-0.316,124,112,-0.14,36,0,1.25,-0.96,-0.8,-0.316,-0.666,-0.14,0.99,0.46,0.39,-0.01,-0.61,4486.258,7873.628,6055.814,5832.927,0,0,0,0
3959,51,Hombre,6.5,147,68,852,0,1,-1.088,287,154,0.33,36,0,1.24,-0.11,-1.85,-0.738,-1.088,-0.79,0.33,-0.19,-0.27,-1.3,-1.9,69.234,121.51,93.457,90.017,0,0,0,0
3960,56,Hombre,6.2,132,42.9,167,0,1,-0.828,73,121,0.11,36,0,0.23,-0.36,-0.97,-0.478,-0.828,-1.02,0.11,-0.42,-0.49,-1.13,-1.73,346.484,608.098,467.704,450.49,0,0,0,0
3961,55,Mujer,8.6,130,42.3,290,0,0,0.065,310,130,-3.46,36,0,1.84,-0.31,-0.77,0.065,-0.285,-3.46,-2.33,-2.86,-2.93,-2.76,-3.36,174.18,305.696,235.119,226.465,0,0,0,0
3962,73,Hombre,7.1,131,22,1368,0,0,-0.31,1004,135,-1.74,34.07,1,1.84,-1.55,1.33,-0.31,-0.66,-1.74,-0.61,-1.14,-1.21,-1.6,-2.2,34.075,59.803,45.996,44.303,1,0,0,0
3963,51,Mujer,8.3,104,48.7,144,0,1,0.13,164,105,-0.37,36,0,0.84,0.61,-0.09,0.48,0.13,-1.5,-0.37,-0.9,-0.97,-0.18,-0.78,1029.458,1806.755,1389.623,1338.477,0,0,0,0
3964,63,Hombre,10.2,135,58.3,740,0,1,0.86,1748,141,-7.86,36,0,-0.38,2.68,0.93,1.21,0.86,-8.98,-7.86,-8.38,-8.46,-6.57,-7.17,46.252,81.175,62.434,60.136,0,0,0,0
3965,45,Hombre,9.5,147,50.9,114,0,1,0.476,184,130,-0.11,36,0,-1.35,0.32,0.96,0.826,0.476,-1.24,-0.11,-0.64,-0.71,0.6,0,36.144,63.434,48.789,46.993,0,0,0,0
3966,75,Hombre,7.7,153,47.8,206,0,1,0.193,250,161,-7.87,20.56,1,-0.54,1.49,-1.04,0.543,0.193,-9,-7.87,-8.4,-8.47,-7.58,-8.18,11.713,20.557,15.811,15.229,1,1,1,1
3967,55,Mujer,8.3,105,50.5,249,0,1,-1.558,52,100,1.4,36,0,-0.32,-0.8,1.28,-1.208,-1.558,0.28,1.4,0.88,0.8,-0.93,-1.53,8141.658,14289.056,10990.089,10585.593,0,0,0,0
3968,75,Hombre,8.3,151,51.3,41,0,0,0.263,53,159,-3.51,36,0,1.31,-0.49,1.58,0.263,-0.087,-3.51,-2.38,-2.91,-2.98,-2.51,-3.11,377.16,661.937,509.113,490.375,0,0,0,0
3969,58,Hombre,8.8,145,47,148,0,0,-1.455,35,144,-1.19,36,0,-1.96,-0.87,-0.2,-1.455,-1.805,-1.19,-0.06,-0.59,-0.66,-2.77,-3.37,4408.829,7737.736,5951.297,5732.256,0,0,0,0
3970,59,Mujer,7,113,44.7,57,0,0,0.705,115,117,-3.59,36,0,0.22,1.13,1.53,0.705,0.355,-3.59,-2.47,-2.99,-3.07,-1.94,-2.54,429.702,754.15,580.037,558.688,0,0,0,0
3971,58,Hombre,8.3,121,55.6,207,0,1,0.13,236,110,-0.95,36,0,-1.36,0.32,0.24,0.48,0.13,-2.08,-0.95,-1.48,-1.55,-0.76,-1.36,2271.856,3987.232,3066.685,2953.814,0,0,0,0
3972,67,Hombre,7,174,49.2,393,0,1,-1.181,121,179,-0.06,36,0,-0.19,-1.91,0.56,-0.831,-1.181,-1.19,-0.06,-0.59,-0.66,-1.83,-2.43,913.524,1603.284,1233.128,1187.742,0,0,0,0
3973,67,Hombre,7.9,136,52.6,288,0,1,-0.91,116,119,1.49,36,0,0.29,0.44,-0.69,-0.56,-0.91,0.36,1.49,0.96,0.89,0.12,-0.48,653.154,1146.321,881.666,849.216,0,0,0,0
3974,52,Hombre,8.8,149,40.1,51,0,0,0.796,113,140,-2.75,6.06,1,-1.89,-0.02,-0.46,0.796,0.446,-2.75,-1.63,-2.15,-2.23,-0.96,-1.56,6.065,10.644,8.186,7.885,1,1,1,1
3975,52,Mujer,9.4,117,56.8,68,0,1,-0.28,51,119,-0.43,36,0,-1.02,0.97,1.23,0.07,-0.28,-1.55,-0.43,-0.95,-1.03,-0.85,-1.45,332.705,583.915,449.105,432.575,0,0,0,0
3976,63,Hombre,9.2,112,39.9,66,0,0,0.789,145,106,-3.35,36,0,1.26,3.04,1.16,0.789,0.439,-3.35,-2.23,-2.75,-2.83,-1.57,-2.17,107.227,188.19,144.742,139.414,0,0,0,0
3977,55,Hombre,6.5,128,42.4,147,0,1,-0.59,81,111,-0.06,36,0,-0.48,-1.45,0.36,-0.24,-0.59,-1.18,-0.06,-0.58,-0.66,-0.94,-1.54,3097.368,5436.05,4181.009,4027.125,0,0,0,0
3978,79,Mujer,8.8,156,41.3,264,0,0,0.431,406,163,-4.46,36,0,-0.49,-0.58,-1.08,0.431,0.081,-4.46,-3.33,-3.86,-3.93,-3.21,-3.81,1048.144,1839.55,1414.846,1362.772,0,0,0,0
3979,52,Hombre,6.7,112,59.3,242,0,1,-0.93,96,85,2.68,36,0,0.37,-1.2,0.84,-0.58,-0.93,1.56,2.68,2.16,2.08,1.29,0.69,278.437,488.672,375.85,362.017,0,0,0,0
3980,35,Hombre,7.6,116,64.3,26,1,1,-0.297,19,112,-0.99,36,0,-0.77,1.54,0.17,0.053,-0.297,-2.11,-0.99,-1.51,-1.59,-1.43,-2.03,302.098,530.199,407.79,392.781,0,0,0,0
3981,66,Hombre,9.5,117,51.2,1864,1,1,-0.961,713,88,-3.03,36,0,0.53,-0.23,0.34,-0.611,-0.961,-4.15,-3.03,-3.55,-3.63,-4.47,-5.07,1541.172,2704.841,2080.364,2003.795,0,0,0,0
3982,47,Hombre,10.4,125,57.9,291,0,0,0.715,595,128,-3.63,36,0,2.24,0.46,0.67,0.715,0.365,-3.63,-2.5,-3.03,-3.1,-1.95,-2.55,1199.598,2105.36,1619.288,1559.689,0,0,0,0
3983,60,Mujer,8,181,35.3,83,0,0,0.484,135,182,-5.49,14.36,1,-0.3,1.78,-0.02,0.484,0.134,-5.49,-4.36,-4.89,-4.96,-4.16,-4.76,14.358,25.199,19.381,18.668,1,1,1,1
3984,46,Hombre,8.6,161,70.8,58,0,1,0.114,65,148,-2.3,36,0,-2.09,0.06,0.52,0.464,0.114,-3.42,-2.3,-2.82,-2.9,-2.13,-2.73,775.649,1361.307,1047.017,1008.481,0,0,0,0
3985,52,Hombre,7.4,107,58.5,72,0,0,-0.368,50,109,-1.63,36,0,0.1,0.65,0.6,-0.368,-0.718,-1.63,-0.5,-1.03,-1.1,-1.58,-2.18,100.577,176.518,135.765,130.768,0,0,0,0
3986,70,Hombre,7.8,132,35.7,91,1,0,-0.124,80,140,-3.9,36,0,-1.25,-0.87,-0.77,-0.124,-0.474,-3.9,-2.77,-3.3,-3.37,-3.48,-4.08,679.202,1192.037,916.827,883.083,0,0,0,0
3987,71,Hombre,7.1,135,50.2,20,1,0,0.085,22,134,-4.63,36,0,-0.08,0.44,-1.09,0.085,-0.265,-4.63,-3.51,-4.03,-4.11,-3.91,-4.51,567.308,995.657,765.786,737.601,0,0,0,0
3988,64,Hombre,9.1,154,36.9,96,0,0,0.631,181,157,-4.03,36,0,-1.69,-1.3,1.35,0.631,0.281,-4.03,-2.9,-3.43,-3.5,-2.48,-3.08,57.882,101.586,78.132,75.257,0,0,0,0
3989,69,Hombre,6.9,124,32.2,132,1,0,0.865,313,130,-4.55,36,0,0.94,2.4,2.08,0.865,0.515,-4.55,-3.42,-3.95,-4.02,-2.65,-3.25,39.907,70.039,53.869,51.886,0,0,0,0
3990,47,Hombre,8.7,132,51.8,1021,1,1,0.196,1242,140,-4.1,36,0,-1.64,1.49,0,0.546,0.196,-5.22,-4.1,-4.62,-4.7,-3.8,-4.4,433.841,761.414,585.624,564.07,0,0,0,0
3991,74,Mujer,8.5,137,41.8,443,0,0,0.887,1076,143,-6.69,36,0,-0.05,0.83,1.76,0.887,0.537,-6.69,-5.57,-6.09,-6.17,-4.76,-5.36,77.944,136.796,105.214,101.341,0,0,0,0
3992,71,Hombre,8.1,125,29.1,290,0,0,0.347,410,115,-6.39,36,0,0.64,2.18,1.39,0.347,-0.003,-6.39,-5.27,-5.79,-5.87,-5.27,-5.87,77.865,136.657,105.107,101.238,0,0,0,0
3993,76,Hombre,8.7,145,42.3,74,1,0,-0.131,65,154,-4.6,36,0,0.27,1.75,0.25,-0.131,-0.481,-4.6,-3.47,-4,-4.07,-4.2,-4.8,600.301,1053.561,810.322,780.497,0,0,0,0
3994,75,Mujer,7.6,129,44.1,18,0,0,1.31,67,114,-4.9,36,0,0.5,0.63,-1.01,1.31,0.96,-4.9,-3.77,-4.3,-4.37,-2.33,-2.93,202.443,355.299,273.27,263.212,0,0,0,0
3995,56,Mujer,6.1,149,59.2,117,0,1,-0.852,50,136,0.54,36,0,-0.89,-0.55,0.07,-0.502,-0.852,-0.58,0.54,0.02,-0.06,-0.73,-1.33,1467.841,2576.141,1981.378,1908.452,0,0,0,0
3996,64,Mujer,8.8,146,34.6,23,0,0,-0.015,23,147,-0.95,36,0,0.87,1.35,-0.56,-0.015,-0.365,-0.95,0.17,-0.35,-0.43,-0.38,-0.98,90.882,159.504,122.678,118.163,0,0,0,0
3997,47,Mujer,7.7,128,43.2,76,0,1,-0.891,31,131,2.59,36,0,-0.32,-1.32,-0.36,-0.541,-0.891,1.46,2.59,2.06,1.99,1.25,0.65,271.268,476.091,366.174,352.697,0,0,0,0
3998,59,Mujer,6.9,119,44.6,215,0,0,-0.634,114,110,-0.54,36,0,2.06,-0.18,-0.1,-0.634,-0.984,-0.54,0.59,0.06,-0.01,-0.89,-1.49,139.415,244.681,188.191,181.264,0,0,0,0
3999,53,Mujer,7.6,136,50.8,21,0,0,-0.422,14,135,0.19,36,0,-0.01,-0.51,0.54,-0.422,-0.772,0.19,1.32,0.79,0.72,0.16,-0.44,224.989,394.869,303.704,292.526,0,0,0,0
4000,55,Hombre,8.2,153,60.4,54,0,0,0.862,128,158,-2.84,36,0,-1.69,-0.52,-0.61,0.862,0.512,-2.84,-1.72,-2.24,-2.32,-0.95,-1.55,434.481,762.538,586.488,564.902,0,0,0,0
4001,71,Mujer,5.9,131,26.6,271,0,1,0.045,283,120,-1.46,36,0,1.34,0.13,0.07,0.395,0.045,-2.58,-1.46,-1.98,-2.06,-1.39,-1.99,250.452,439.557,338.075,325.632,0,0,0,0
4002,78,Mujer,7.3,160,40.8,282,1,0,0.223,352,147,-5.24,36,0,0.44,0.67,1.13,0.223,-0.127,-5.24,-4.11,-4.64,-4.71,-4.3,-4.9,426.799,749.056,576.118,554.914,0,0,0,0
4003,76,Mujer,6.5,127,28.4,134,1,1,-1.253,38,117,-1,36,0,1.23,0.84,1.11,-0.903,-1.253,-2.13,-1,-1.53,-1.6,-2.88,-3.48,113.68,199.515,153.452,147.804,0,0,0,0
4004,73,Mujer,6.2,137,66.7,107,1,0,-0.706,53,124,0.1,36,0,-0.22,-0.34,0.25,-0.706,-1.056,0.1,1.22,0.7,0.62,-0.36,-0.96,1949.681,3421.796,2631.794,2534.929,0,0,0,0
4005,74,Hombre,7.5,131,49.8,35,1,0,-0.348,25,131,-0.45,36,0,-0.93,-1.25,0.06,-0.348,-0.698,-0.45,0.67,0.15,0.07,-0.37,-0.97,698.357,1225.655,942.684,907.988,0,0,0,0
4006,61,Hombre,7.1,114,40.5,140,0,0,-0.03,136,109,-2.8,36,0,-0.27,0.02,-0.63,-0.03,-0.38,-2.8,-1.67,-2.2,-2.27,-2.24,-2.84,299.608,525.828,404.428,389.543,0,0,0,0
4007,69,Hombre,8.5,129,37.9,16,0,1,0.211,20,123,-1.37,36,0,-0.39,0.22,-0.27,0.561,0.211,-2.49,-1.37,-1.89,-1.97,-1.05,-1.65,439.852,771.964,593.738,571.885,0,0,0,0
4008,72,Hombre,7.4,155,48.5,38,0,0,-0.714,19,155,0.64,36,0,1.88,-1.11,0.12,-0.714,-1.064,0.64,1.76,1.24,1.16,0.17,-0.43,2354.07,4131.521,3177.662,3060.706,0,0,0,0
4009,56,Hombre,8.1,156,57.1,46,0,0,0.622,86,161,-4,36,0,-1.59,0.47,0.5,0.622,0.272,-4,-2.88,-3.4,-3.48,-2.47,-3.07,1100.685,1931.763,1485.77,1431.085,0,0,0,0
4010,86,Mujer,8.7,105,45.9,37,1,0,0.229,47,111,-2.31,36,0,2.41,0.58,0.01,0.229,-0.121,-2.31,-1.19,-1.71,-1.79,-1.37,-1.97,1539.202,2701.383,2077.705,2001.234,0,0,0,0
4011,71,Hombre,6.5,132,48.6,57,0,0,-0.176,48,147,0.48,36,0,-0.64,-0.7,-0.04,-0.176,-0.526,0.48,1.6,1.08,1,0.81,0.21,187.209,328.562,252.705,243.404,0,0,0,0
4012,62,Mujer,6.9,120,43.5,60,1,1,-0.216,48,100,-3.79,36,0,0.12,1.56,-0,0.134,-0.216,-4.91,-3.79,-4.31,-4.39,-4.11,-4.71,1934.124,3394.494,2610.795,2514.703,0,0,0,0
4013,80,Hombre,9.3,145,28.1,63,0,0,0.151,73,153,-1.92,36,0,1.18,-0.33,0.36,0.151,-0.199,-1.92,-0.79,-1.32,-1.39,-1.09,-1.69,112.998,198.317,152.531,146.917,0,0,0,0
4014,51,Mujer,8.7,149,53.6,54,1,1,0.109,60,139,-2.23,36,0,-1.38,-0.4,0.19,0.459,0.109,-3.35,-2.23,-2.75,-2.83,-2.07,-2.67,215.365,377.978,290.713,280.013,0,0,0,0
4015,50,Hombre,7.8,138,46,75,0,0,0.255,97,137,-0.18,36,0,-1.14,0.11,0.98,0.255,-0.095,-0.18,0.94,0.42,0.34,0.8,0.2,475.871,835.18,642.359,618.717,0,0,0,0
4016,68,Hombre,5.9,129,54.7,138,0,1,-0.933,54,123,1.02,36,0,0.44,-1.91,0.24,-0.583,-0.933,-0.11,1.02,0.49,0.42,-0.38,-0.98,1003.227,1760.718,1354.214,1304.372,0,0,0,0
4017,56,Mujer,6.8,135,53.3,273,0,1,0.401,408,123,-2.91,15.57,1,0.02,0.7,-0.52,0.751,0.401,-4.03,-2.91,-3.43,-3.51,-2.31,-2.91,8.872,15.57,11.975,11.535,1,1,1,1
4018,59,Hombre,8.6,147,40.4,347,0,0,0.532,590,148,-2.45,36,0,-0.1,-1.91,-0.3,0.532,0.182,-2.45,-1.33,-1.85,-1.93,-1.05,-1.65,505.476,887.138,682.321,657.208,0,0,0,0
4019,53,Hombre,9.2,139,42.5,344,0,1,-0.565,195,125,-1.71,36,0,0.25,-0.96,0.93,-0.215,-0.565,-2.83,-1.71,-2.23,-2.31,-2.55,-3.15,259.602,455.616,350.426,337.529,0,0,0,0
4020,55,Hombre,8,129,52.6,407,1,1,-0.243,319,121,-2.92,36,0,0.16,-0.49,0.16,0.107,-0.243,-4.04,-2.92,-3.44,-3.52,-3.28,-3.88,470.524,825.796,635.141,611.764,0,0,0,0
4021,51,Mujer,6.7,135,75,148,0,0,0.007,149,126,-1,36,0,-2.38,0.04,0.15,0.007,-0.343,-1,0.13,-0.4,-0.47,-0.39,-0.99,794.594,1394.557,1072.59,1033.113,0,0,0,0
4022,54,Mujer,7.6,149,46.2,161,0,0,-0.163,137,128,-0.65,36,0,-1.24,-0.7,1.88,-0.163,-0.513,-0.65,0.47,-0.05,-0.13,-0.3,-0.9,670.891,1177.451,905.608,872.277,0,0,0,0
4023,54,Hombre,5.5,125,59.2,83,0,1,-0.248,65,122,0.12,36,0,-0.97,1.19,-1.15,0.102,-0.248,-1.01,0.12,-0.41,-0.48,-0.25,-0.85,573.881,1007.193,774.659,746.147,0,0,0,0
4024,83,Mujer,8.5,137,41.7,123,0,0,-0.365,85,137,-2.23,36,0,-0.06,0.13,-0.03,-0.365,-0.715,-2.23,-1.1,-1.63,-1.7,-2.17,-2.77,647.576,1136.531,874.136,841.963,0,0,0,0
4025,64,Hombre,9,133,60.3,95,0,1,0.184,114,136,-1.35,36,0,-0.46,-0.2,-0.03,0.534,0.184,-2.48,-1.35,-1.88,-1.95,-1.07,-1.67,69.706,122.337,94.093,90.63,0,0,0,0
4026,73,Hombre,8,134,42.6,338,0,1,0.847,788,121,-4.11,36,0,-0.37,0.8,-0.1,1.197,0.847,-5.23,-4.11,-4.63,-4.71,-2.84,-3.44,42.953,75.385,57.98,55.846,0,0,0,0
4027,68,Mujer,7.8,145,43.4,86,0,0,0.399,128,149,-2.48,36,0,0.67,1.41,1.31,0.399,0.049,-2.48,-1.35,-1.88,-1.95,-1.28,-1.88,201.89,354.329,272.523,262.493,0,0,0,0
4028,73,Hombre,6.7,125,32.8,71,0,0,-0.467,45,131,2.66,36,0,-0.84,-2.76,-0.57,-0.467,-0.817,2.66,3.79,3.26,3.19,2.56,1.96,1168.28,2050.396,1577.013,1518.971,0,0,0,0
4029,51,Hombre,7.9,137,38.3,201,0,1,-0.553,116,131,0.21,36,0,1.22,0.4,-1.38,-0.203,-0.553,-0.91,0.21,-0.31,-0.39,-0.62,-1.22,1492.64,2619.665,2014.854,1940.696,0,0,0,0
4030,90,Mujer,6,156,57,41,0,0,-0.333,29,171,-4.28,36,0,0.31,0.59,0,-0.333,-0.683,-4.28,-3.16,-3.68,-3.76,-4.18,-4.78,4201.653,7374.131,5671.639,5462.891,0,0,0,0
4031,78,Mujer,8.5,131,41.4,578,0,1,0.119,651,126,-3.71,36,0,-0.13,0.44,-0.35,0.469,0.119,-4.83,-3.71,-4.23,-4.31,-3.53,-4.13,45.979,80.695,62.065,59.781,0,0,0,0
4032,65,Mujer,8.7,128,37.7,143,1,1,-0.015,141,136,-5.1,36,0,-0.7,0.25,0.15,0.335,-0.015,-6.22,-5.1,-5.62,-5.7,-5.12,-5.72,122.534,215.054,165.404,159.316,0,0,0,0
4033,79,Mujer,9,142,39,314,1,0,0.462,498,146,-4.87,36,0,-1.72,1.13,0.67,0.462,0.112,-4.87,-3.75,-4.27,-4.35,-3.58,-4.18,176.252,309.332,237.916,229.159,0,0,0,0
4034,75,Hombre,7.2,142,49.9,36,0,0,0.211,44,134,-2.42,13.83,1,-1.44,-0.51,0.92,0.211,-0.139,-2.42,-1.3,-1.82,-1.9,-1.5,-2.1,13.828,24.269,18.666,17.979,1,1,1,1
4035,69,Hombre,8.6,146,56.2,88,1,1,0.72,181,126,-4.61,36,0,0.09,1.08,0.79,1.07,0.72,-5.73,-4.61,-5.13,-5.21,-3.53,-4.13,138.402,242.902,186.823,179.947,0,0,0,0
4036,62,Mujer,6.8,131,48.8,329,1,1,0.584,590,122,-2.54,36,0,0.64,0.71,-0.5,0.934,0.584,-3.67,-2.54,-3.07,-3.14,-1.66,-2.26,112.991,198.305,152.522,146.908,0,0,0,0
4037,63,Hombre,6.2,147,49.6,34,1,0,1.27,121,156,-3.71,36,0,-0.81,0.51,-1.74,1.27,0.92,-3.71,-2.59,-3.11,-3.19,-1.21,-1.81,338.238,593.627,456.574,439.77,0,0,0,0
4038,50,Mujer,8.1,125,49.4,2103,0,1,-0.74,1003,122,-1.88,36,0,-0.09,0.3,-0.19,-0.39,-0.74,-3.01,-1.88,-2.41,-2.48,-2.99,-3.59,375.334,658.731,506.648,488,0,0,0,0
4039,57,Hombre,5.8,126,59.2,166,0,0,0.467,265,117,-2.97,36,0,-2.12,0.76,0.25,0.467,0.117,-2.97,-1.85,-2.37,-2.45,-1.67,-2.27,191.194,335.555,258.084,248.586,0,0,0,0
4040,58,Hombre,8.4,123,46.6,51,0,1,-0.559,29,113,0.69,36,0,0.33,-1.46,-0.2,-0.209,-0.559,-0.44,0.69,0.16,0.09,-0.15,-0.75,1050.042,1842.882,1417.409,1365.241,0,0,0,0
4041,37,Mujer,6.7,131,58.2,62,0,0,0.893,151,126,-4.74,36,0,0.47,2.19,2.74,0.893,0.543,-4.74,-3.62,-4.14,-4.22,-2.8,-3.4,193.886,340.281,261.719,252.086,0,0,0,0
4042,60,Hombre,6.6,124,41.4,99,0,0,-0.227,79,128,-1.18,36,0,-0.09,-0.95,-1.15,-0.227,-0.577,-1.18,-0.06,-0.58,-0.66,-0.93,-1.53,3298.628,5789.273,4452.682,4288.799,0,0,0,0
4043,52,Mujer,7.3,133,54.1,65,0,0,-0.225,52,129,-1.28,36,0,-1.12,-0.02,0.88,-0.225,-0.575,-1.28,-0.16,-0.68,-0.76,-1.02,-1.62,75.586,132.657,102.03,98.275,0,0,0,0
4044,59,Hombre,7.1,113,56.1,81,1,1,-0.617,44,99,-1.9,36,0,0.37,-0.29,0.43,-0.267,-0.617,-3.02,-1.9,-2.42,-2.5,-2.82,-3.42,496.152,870.774,669.735,645.085,0,0,0,0
4045,63,Hombre,7.5,149,36,75,0,1,0.122,85,137,-0.59,36,0,0.67,0.08,-1.32,0.472,0.122,-1.71,-0.59,-1.11,-1.19,-0.41,-1.01,27.646,48.521,37.319,35.945,1,0,0,1
4046,53,Mujer,7.3,115,50.6,11,0,0,-0.322,8,112,1.36,36,0,1.45,-1.08,-1.1,-0.322,-0.672,1.36,2.49,1.96,1.89,1.48,0.88,311.176,546.131,420.044,404.584,0,0,0,0
4047,50,Mujer,6.1,140,45.8,104,0,0,0.066,111,146,-1.69,36,0,0.26,-0.47,-0.35,0.066,-0.284,-1.69,-0.56,-1.09,-1.16,-0.99,-1.59,1245.42,2185.779,1681.14,1619.265,0,0,0,0
4048,72,Mujer,7.9,151,58.3,418,0,1,-0.407,278,153,-2.61,36,0,-0.04,0.64,0.95,-0.057,-0.407,-3.74,-2.61,-3.14,-3.21,-3.22,-3.82,212.382,372.742,286.686,276.134,0,0,0,0
4049,64,Hombre,8.6,124,42.9,20,1,0,0.066,21,127,-1.69,36,0,-1.09,-0.79,0.13,0.066,-0.284,-1.69,-0.57,-1.09,-1.17,-0.99,-1.59,1340.362,2352.408,1809.299,1742.707,0,0,0,0
4050,63,Hombre,7.8,149,46.8,216,0,1,-0.275,164,138,-0.57,10.68,1,0.15,-0.58,-0.42,0.075,-0.275,-1.69,-0.57,-1.09,-1.17,-0.98,-1.58,6.085,10.68,8.214,7.912,1,1,1,1
4051,54,Hombre,7.9,153,38.5,86,0,0,-0.117,77,147,-2.02,18.89,1,-1.71,-0.99,1.1,-0.117,-0.467,-2.02,-0.9,-1.42,-1.5,-1.6,-2.2,18.889,33.152,25.498,24.559,1,1,1,1
4052,64,Hombre,10.3,122,47,82,1,1,0.456,129,117,-2.28,36,0,0.44,-0.61,-0.39,0.806,0.456,-3.41,-2.28,-2.81,-2.88,-1.6,-2.2,237.327,416.522,320.358,308.567,0,0,0,0
4053,63,Hombre,9.5,130,50.4,293,1,1,0.592,530,134,-4.46,36,0,2.3,-0.13,0.2,0.942,0.592,-5.58,-4.46,-4.98,-5.06,-3.57,-4.17,184.759,324.262,249.399,240.219,0,0,0,0
4054,71,Hombre,6.5,143,37.5,87,1,0,0.443,135,144,-4.69,36,0,0.76,0.51,0.71,0.443,0.093,-4.69,-3.57,-4.09,-4.17,-3.43,-4.03,820.461,1439.954,1107.506,1066.744,0,0,0,0
4055,70,Hombre,7.6,153,47.7,94,0,0,0.66,182,154,-3.98,36,0,-0.69,-0.62,-0.3,0.66,0.31,-3.98,-2.86,-3.38,-3.46,-2.39,-2.99,626.518,1099.573,845.711,814.584,0,0,0,0
4056,71,Hombre,8.8,164,58.4,169,1,1,-0.267,129,165,-1.77,36,0,-0.45,0.02,1.44,0.083,-0.267,-2.89,-1.77,-2.29,-2.37,-2.17,-2.77,438.485,769.565,591.893,570.108,0,0,0,0
4057,80,Hombre,5.5,140,34.8,87,1,0,0.166,103,140,-3.53,36,0,-0.25,0.99,-1.65,0.166,-0.184,-3.53,-2.4,-2.93,-3,-2.68,-3.28,339.3,595.491,458.008,441.15,0,0,0,0
4058,55,Mujer,7.7,142,58.3,820,1,1,-0.237,647,139,-1.22,36,0,-0.91,-0.34,0.61,0.113,-0.237,-2.35,-1.22,-1.75,-1.82,-1.58,-2.18,405.365,711.439,547.186,527.047,0,0,0,0
4059,59,Hombre,9.4,114,45.9,85,0,1,-0.757,40,116,-0.46,36,0,-1.36,0.41,1.11,-0.407,-0.757,-1.59,-0.46,-0.99,-1.06,-1.6,-2.2,61.484,107.908,82.995,79.94,0,0,0,0
4060,63,Hombre,8.5,145,46.8,45,0,1,0.484,73,141,-3.46,36,0,-0.94,0.4,2.11,0.834,0.484,-4.59,-3.46,-3.99,-4.06,-2.74,-3.34,449.274,788.5,606.456,584.135,0,0,0,0
4061,65,Hombre,7,143,46.3,46,1,1,0.511,77,137,-4.73,36,0,2.26,1.09,-1.5,0.861,0.511,-5.85,-4.73,-5.25,-5.33,-3.96,-4.56,22.898,40.187,30.909,29.771,1,0,1,1
4062,76,Hombre,7.3,106,56.9,47,0,0,0.394,70,94,-3.64,36,0,0.17,1.49,1.88,0.394,0.044,-3.64,-2.52,-3.04,-3.12,-2.45,-3.05,230.774,405.021,311.512,300.047,0,0,0,0
4063,54,Hombre,7.7,121,46.1,103,1,0,-0.325,74,126,0.62,36,0,-1.9,-0.65,0.15,-0.325,-0.675,0.62,1.74,1.22,1.14,0.73,0.13,1123.574,1971.934,1516.666,1460.844,0,0,0,0
4064,60,Mujer,9.6,139,43.2,54,0,1,0.171,64,144,-0.26,36,0,-0.29,-0.05,-1.63,0.521,0.171,-1.39,-0.26,-0.79,-0.86,-0,-0.6,1214.523,2131.555,1639.435,1579.095,0,0,0,0
4065,43,Hombre,6.3,130,38.9,233,0,1,-0.967,89,121,2.14,36,0,-0.54,-0.87,1.46,-0.617,-0.967,1.01,2.14,1.61,1.54,0.69,0.09,436.863,766.719,589.704,567.999,0,0,0,0
4066,75,Mujer,5.5,136,56,36,0,0,-0.306,27,137,-2.3,36,0,-0.79,0.33,0.41,-0.306,-0.656,-2.3,-1.18,-1.7,-1.78,-2.16,-2.76,3287.05,5768.953,4437.054,4273.746,0,0,0,0
4067,69,Mujer,8.9,124,41.9,106,0,0,1.207,354,119,-5.35,36,0,-0.19,2.52,0.65,1.207,0.857,-5.35,-4.22,-4.75,-4.82,-2.94,-3.54,67.489,118.447,91.101,87.748,0,0,0,0
4068,82,Mujer,7,151,20,2423,0,0,-0.099,2195,147,-4.12,36,0,1.58,0.24,-0.83,-0.099,-0.449,-4.12,-3,-3.52,-3.6,-3.67,-4.27,59.456,104.348,80.257,77.303,0,0,0,0
4069,69,Hombre,8.5,147,55.7,196,0,1,-0.341,139,137,-3.25,36,0,-1.25,0.8,-0.03,0.009,-0.341,-4.37,-3.25,-3.77,-3.85,-3.76,-4.36,653.876,1147.589,882.641,850.155,0,0,0,0
4070,81,Mujer,7.5,127,43.2,71,0,1,-0.198,58,125,-2.22,36,0,-0.41,0.94,-0.37,0.152,-0.198,-3.35,-2.22,-2.75,-2.82,-2.52,-3.12,1172.911,2058.522,1583.264,1524.991,0,0,0,0
4071,63,Hombre,8.2,118,47.7,54,0,0,-0.23,43,118,-0.99,36,0,0.43,0.44,-1.12,-0.23,-0.58,-0.99,0.14,-0.39,-0.46,-0.73,-1.33,1246.346,2187.405,1682.391,1620.47,0,0,0,0
4072,53,Mujer,7.3,158,55.9,626,0,1,-0.15,539,156,-3.07,36,0,-1.79,0.42,0.25,0.2,-0.15,-4.19,-3.07,-3.59,-3.67,-3.29,-3.89,243.03,426.531,328.056,315.982,0,0,0,0
4073,51,Mujer,5.6,147,36.9,493,0,1,0.15,573,139,-3.55,36,0,0.69,0.62,-0.63,0.5,0.15,-4.68,-3.55,-4.08,-4.15,-3.33,-3.93,255.809,448.959,345.306,332.597,0,0,0,0
4074,59,Hombre,7.4,139,37.8,209,0,0,-0.506,126,143,0.77,36,0,-0.83,-1.07,2.07,-0.506,-0.856,0.77,1.9,1.37,1.3,0.61,0.01,227.057,398.498,306.495,295.215,0,0,0,0
4075,52,Hombre,8.4,142,52.9,313,1,1,-0.37,216,139,-3.22,13.16,1,-2.19,0.91,1.04,-0.02,-0.37,-4.34,-3.22,-3.74,-3.82,-3.77,-4.37,7.497,13.158,10.12,9.748,1,1,1,1
4076,53,Mujer,9.2,108,36.4,85,0,1,-0.649,44,106,-0.8,36,0,-0.01,0.68,0.49,-0.299,-0.649,-1.92,-0.8,-1.32,-1.4,-1.77,-2.37,739.876,1298.522,998.728,961.969,0,0,0,0
4077,64,Hombre,9,95,35.6,303,0,1,-0.95,117,87,1.13,36,0,-1.55,-1.53,-1.51,-0.6,-0.95,0.01,1.13,0.61,0.53,-0.29,-0.89,154.68,271.473,208.797,201.112,0,0,0,0
4078,69,Hombre,8.4,137,39.7,800,0,0,-0.526,473,128,-2.53,36,0,-0.22,-0.84,-0.55,-0.526,-0.876,-2.53,-1.4,-1.93,-2,-2.72,-3.32,550.938,966.927,743.689,716.317,0,0,0,0
4079,65,Hombre,6.8,113,47.8,78,1,1,-0.641,41,110,-1.6,36,0,1.94,0.28,0.09,-0.291,-0.641,-2.72,-1.6,-2.12,-2.2,-2.56,-3.16,431.912,758.03,583.02,561.562,0,0,0,0
4080,68,Hombre,6.3,157,40,570,1,0,-0.083,525,166,-3.65,36,0,-1.72,-0.48,-0.43,-0.083,-0.433,-3.65,-2.52,-3.05,-3.12,-3.17,-3.77,258.931,454.439,349.521,336.656,0,0,0,0
4081,75,Mujer,7.1,132,26.2,61,0,0,-1.113,20,134,-1.72,36,0,0.17,-0.08,-0.64,-1.113,-1.463,-1.72,-0.59,-1.12,-1.19,-2.79,-3.39,1061.222,1862.503,1432.5,1379.776,0,0,0,0
4082,63,Hombre,9.2,124,47.7,102,0,0,0.115,114,147,-2.57,36,0,0.73,0.78,-0.92,0.115,-0.235,-2.57,-1.44,-1.97,-2.04,-1.8,-2.4,1222.834,2146.14,1650.653,1589.9,0,0,0,0
4083,62,Hombre,9.7,126,45.5,93,0,1,0.032,96,118,-2.63,36,0,0.43,0.91,1.58,0.382,0.032,-3.76,-2.63,-3.16,-3.23,-2.59,-3.19,374.994,658.134,506.189,487.558,0,0,0,0
4084,75,Hombre,7.4,126,47.8,612,0,1,-0.501,371,120,-1.22,36,0,-0.02,0.47,0.01,-0.151,-0.501,-2.35,-1.22,-1.75,-1.82,-1.98,-2.58,291.713,511.973,393.772,379.279,0,0,0,0
4085,53,Mujer,6.9,117,51.7,108,1,1,-1.543,23,104,0.81,36,0,3.2,-1.78,2.69,-1.193,-1.543,-0.31,0.81,0.29,0.21,-1.5,-2.1,7114.957,12487.139,9604.188,9250.7,0,0,0,0
4086,69,Hombre,8.1,153,43.5,299,1,1,-0.271,228,145,-0.61,36,0,-0.34,-0.72,0.83,0.079,-0.271,-1.74,-0.61,-1.14,-1.21,-1.02,-1.62,1603.055,2813.449,2163.898,2084.254,0,0,0,0
4087,69,Mujer,6.8,146,40.5,216,0,0,-0.586,120,153,1.09,36,0,0.32,-2.15,-1.11,-0.586,-0.936,1.09,2.22,1.69,1.62,0.81,0.21,1146.227,2011.692,1547.245,1490.298,0,0,0,0
4088,40,Mujer,6,112,41.4,116,0,0,-0.406,77,114,-1.35,36,0,0.35,0.15,0.46,-0.406,-0.756,-1.35,-0.23,-0.75,-0.83,-1.36,-1.96,2286.316,4012.609,3086.204,2972.614,0,0,0,0
4089,68,Hombre,10,143,48.5,132,1,0,-0.424,86,145,-1.78,36,0,1.54,-0.75,-0.16,-0.424,-0.774,-1.78,-0.65,-1.18,-1.25,-1.82,-2.42,3450.756,6056.265,4658.033,4486.592,0,0,0,0
4090,61,Hombre,6,115,47.4,32,0,1,-0.235,25,109,3.03,36,0,0.06,0.07,-0.71,0.115,-0.235,1.91,3.03,2.51,2.43,2.68,2.08,1878.22,3296.378,2535.331,2442.017,0,0,0,0
4091,72,Hombre,6.9,129,35,193,1,1,-0.141,168,139,-2.5,16.29,1,-0.08,0.8,-0.03,0.209,-0.141,-3.63,-2.5,-3.03,-3.1,-2.72,-3.32,9.279,16.286,12.526,12.065,1,1,1,1
4092,83,Hombre,9.2,121,51.2,310,1,1,-0.139,270,117,-3.53,36,0,-1.58,0.59,-0.02,0.211,-0.139,-4.65,-3.53,-4.05,-4.13,-3.73,-4.33,305.605,536.354,412.524,397.341,0,0,0,0
4093,71,Hombre,8.2,146,35.2,809,0,0,0.454,1274,151,-6.06,26,1,0.43,1.04,1.78,0.454,0.104,-6.06,-4.94,-5.46,-5.54,-4.78,-5.38,25.998,45.629,35.094,33.803,1,0,1,1
4094,74,Mujer,9.4,166,36,937,1,1,-0.282,707,155,-2.37,36,0,1.77,-0.99,-0.17,0.068,-0.282,-3.49,-2.37,-2.89,-2.97,-2.79,-3.39,43.201,75.82,58.315,56.169,0,0,0,0
4095,51,Hombre,5.5,136,59.5,13,0,0,0.434,20,132,-0.02,36,0,-2.01,1.82,0.31,0.434,0.084,-0.02,1.1,0.58,0.5,1.23,0.63,704.962,1237.246,951.598,916.574,0,0,0,0
4096,65,Hombre,8.8,125,52.8,85,1,1,0.186,102,118,-3.31,36,0,1.37,1.87,0.68,0.536,0.186,-4.43,-3.31,-3.83,-3.91,-3.03,-3.63,219.707,385.597,296.573,285.658,0,0,0,0
4097,64,Hombre,7.9,145,51.2,324,0,1,-0.331,233,136,-3.72,36,0,-0.95,1.01,-1.47,0.019,-0.331,-4.85,-3.72,-4.25,-4.32,-4.22,-4.82,256.447,450.078,346.167,333.426,0,0,0,0
4098,44,Hombre,9.1,141,64.8,96,0,1,-0.884,40,145,-0.98,36,0,0.78,0.02,-0.14,-0.534,-0.884,-2.11,-0.98,-1.51,-1.58,-2.31,-2.91,1362.803,2391.793,1839.591,1771.884,0,0,0,0
4099,68,Mujer,8.9,115,33.4,62,0,0,-0.329,45,121,-0.85,36,0,-2.79,-0.08,-0.49,-0.329,-0.679,-0.85,0.28,-0.25,-0.32,-0.74,-1.34,1490.441,2615.805,2011.885,1937.836,0,0,0,0
4100,43,Mujer,8.7,120,49,61,0,0,0.819,138,122,-1.6,36,0,0.43,0.11,0.11,0.819,0.469,-1.6,-0.47,-1,-1.07,0.23,-0.37,487.666,855.88,658.28,634.051,0,0,0,0
4101,49,Mujer,9.1,160,34.1,155,0,0,0.072,167,154,-5.37,36,0,-2.24,1.19,-0.55,0.072,-0.278,-5.37,-4.24,-4.77,-4.84,-4.66,-5.26,504.687,885.753,681.256,656.182,0,0,0,0
4102,66,Mujer,8.9,137,46.2,4114,1,1,-1.068,1414,132,-2.55,36,0,1.47,-0.85,-0.01,-0.718,-1.068,-3.68,-2.55,-3.08,-3.15,-4.15,-4.75,44.792,78.612,60.463,58.238,0,0,0,0
4103,48,Hombre,8.1,122,40.2,27,0,1,0.219,34,122,-1.74,36,0,-0.33,0.71,-0.93,0.569,0.219,-2.87,-1.74,-2.27,-2.34,-1.42,-2.02,1882.739,3304.309,2541.431,2447.892,0,0,0,0
4104,71,Hombre,10.2,126,45.3,92,0,0,1.003,251,125,-4.02,36,0,-1.71,-0.03,-0.46,1.003,0.653,-4.02,-2.89,-3.42,-3.49,-1.91,-2.51,734.08,1288.35,990.904,954.433,0,0,0,0
4105,63,Mujer,9,103,50.5,43,0,1,-0.014,42,97,-0.8,36,0,-0.33,-0.46,-0.2,0.336,-0.014,-1.92,-0.8,-1.32,-1.4,-0.82,-1.42,2799.13,4912.627,3778.431,3639.364,0,0,0,0
4106,72,Mujer,7.7,157,57.5,57,0,0,0.102,63,149,-0.04,36,0,0.33,-1.16,0.5,0.102,-0.248,-0.04,1.09,0.56,0.49,0.71,0.11,1541.488,2705.395,2080.791,2004.206,0,0,0,0
4107,48,Hombre,8.4,112,53.8,480,0,1,-0.167,406,107,-0.11,36,0,-0.2,-1.13,0.14,0.183,-0.167,-1.23,-0.11,-0.63,-0.71,-0.36,-0.96,475.825,835.099,642.297,618.657,0,0,0,0
4108,58,Hombre,6.2,146,43.6,61,0,0,-0.283,46,141,-2.17,36,0,-1.78,0.21,0.45,-0.283,-0.633,-2.17,-1.04,-1.57,-1.64,-1.99,-2.59,876.078,1537.564,1182.581,1139.056,0,0,0,0
4109,71,Mujer,7.8,128,56,22,0,0,-0.176,18,124,-1.76,36,0,-0.53,-0.18,-0.91,-0.176,-0.526,-1.76,-0.64,-1.16,-1.24,-1.43,-2.03,1077.676,1891.38,1454.71,1401.169,0,0,0,0
4110,55,Mujer,6.7,145,56.3,25,0,1,-0.336,18,137,-0.8,36,0,-0.06,-0.19,-0.25,0.014,-0.336,-1.93,-0.8,-1.33,-1.4,-1.31,-1.91,482.331,846.516,651.078,627.115,0,0,0,0
4111,44,Hombre,7.5,126,45.1,27,0,0,0.138,31,133,-1.04,36,0,0.29,-0.37,2.31,0.138,-0.212,-1.04,0.08,-0.44,-0.52,-0.24,-0.84,633.008,1110.964,854.472,823.022,0,0,0,0
4112,74,Mujer,9,139,35.2,381,1,0,1.021,1057,134,-7.16,36,0,0.23,0.91,0.3,1.021,0.671,-7.16,-6.04,-6.56,-6.64,-5.03,-5.63,40.642,71.328,54.861,52.841,0,0,0,0
4113,56,Mujer,6.7,147,31.7,47,0,0,0.146,54,143,-2.09,36,0,-0.58,-0.7,0.4,0.146,-0.204,-2.09,-0.97,-1.49,-1.57,-1.27,-1.87,130.149,228.419,175.683,169.217,0,0,0,0
4114,62,Mujer,7.7,147,55.4,67,0,1,-0.058,63,142,-2.52,36,0,-0.9,1.34,-0.31,0.292,-0.058,-3.64,-2.52,-3.04,-3.12,-2.61,-3.21,98.752,173.315,133.301,128.395,0,0,0,0
4115,56,Hombre,9,142,52.8,81,1,1,-0.109,73,125,-1.74,36,0,-0.13,-0.18,-0.78,0.241,-0.109,-2.86,-1.74,-2.26,-2.34,-1.9,-2.5,36.623,64.276,49.436,47.617,0,0,0,0
4116,66,Mujer,10.7,138,34.5,1244,0,1,-0.57,703,133,-2.71,26.19,1,0.48,0.98,0.22,-0.22,-0.57,-3.83,-2.71,-3.23,-3.31,-3.56,-4.16,14.924,26.193,20.145,19.404,1,1,1,1
4117,62,Mujer,9.7,99,50.5,136,0,1,0.058,144,78,-2.53,36,0,-0,0.19,0.18,0.408,0.058,-3.66,-2.53,-3.06,-3.13,-2.45,-3.05,900.546,1580.507,1215.609,1170.868,0,0,0,0
4118,65,Mujer,9.1,118,54.9,63,0,1,-1.041,22,115,0.49,36,0,-0.16,0.02,-0.42,-0.691,-1.041,-0.64,0.49,-0.04,-0.11,-1.07,-1.67,3715.63,6521.133,5015.575,4830.974,0,0,0,0
4119,66,Hombre,6.7,129,55.1,58,0,0,-0.189,48,142,-0.76,36,0,0.9,0.33,1.2,-0.189,-0.539,-0.76,0.36,-0.16,-0.24,-0.45,-1.05,316.651,555.74,427.435,411.703,0,0,0,0
4120,73,Hombre,8.7,136,26,72,0,0,0.067,77,136,-2.62,36,0,1.35,-0.22,-1.18,0.067,-0.283,-2.62,-1.49,-2.02,-2.09,-1.92,-2.52,285.694,501.409,385.647,371.453,0,0,0,0
4121,74,Mujer,8,129,31.5,385,0,1,0.545,664,106,-5.97,36,0,0.4,0.31,-1.53,0.895,0.545,-7.1,-5.97,-6.5,-6.57,-5.15,-5.75,290.356,509.591,391.94,377.514,0,0,0,0
4122,74,Hombre,6.8,135,21.5,39,1,0,0.69,78,135,-3.95,36,0,1.01,0.34,1.47,0.69,0.34,-3.95,-2.83,-3.35,-3.43,-2.32,-2.92,241.122,423.182,325.48,313.501,0,0,0,0
4123,75,Mujer,9,150,30.9,1927,0,0,0.294,2585,153,-7.56,12.44,1,0.93,0.83,0.03,0.294,-0.056,-7.56,-6.43,-6.96,-7.03,-6.52,-7.12,12.441,21.834,16.793,16.175,1,1,1,1
4124,79,Mujer,8.9,125,51.8,135,0,0,-0.223,108,133,-4.48,36,0,-0.07,0.91,-0.97,-0.223,-0.573,-4.48,-3.36,-3.88,-3.96,-4.22,-4.82,329.276,577.897,444.476,428.117,0,0,0,0
4125,68,Mujer,8.6,125,49.3,1952,1,1,-0.462,1230,124,-1.7,36,0,-0.93,0.22,-0.92,-0.112,-0.462,-2.83,-1.7,-2.23,-2.3,-2.4,-3,80.273,140.884,108.357,104.369,0,0,0,0
4126,78,Hombre,7.1,142,36.3,122,0,0,0.078,132,144,-4.17,36,0,-0.97,0.5,1.03,0.078,-0.272,-4.17,-3.04,-3.57,-3.64,-3.45,-4.05,115.718,203.092,156.203,150.454,0,0,0,0
4127,53,Hombre,5.9,140,49.8,118,1,1,0.064,126,135,-0.32,36,0,-2.82,0.86,-0.01,0.414,0.064,-1.44,-0.32,-0.84,-0.92,-0.22,-0.82,731.731,1284.228,987.734,951.379,0,0,0,0
4128,63,Mujer,7,123,55.1,432,0,1,-0.765,201,114,-0.52,36,0,0.79,-0.07,0.34,-0.415,-0.765,-1.64,-0.52,-1.04,-1.12,-1.66,-2.26,757.718,1329.837,1022.813,985.167,0,0,0,0
4129,59,Hombre,5.6,131,40.5,344,0,1,-1.095,115,123,0.91,36,0,-0.47,-1.26,0.25,-0.745,-1.095,-0.21,0.91,0.39,0.31,-0.73,-1.33,823.713,1445.661,1111.896,1070.972,0,0,0,0
4130,74,Hombre,8.8,140,52.3,257,0,1,0.097,283,141,-5.19,36,0,0.31,1.79,-0.95,0.447,0.097,-6.31,-5.19,-5.71,-5.79,-5.04,-5.64,33.65,59.058,45.423,43.751,1,0,0,0
4131,75,Hombre,7.3,115,51.1,34,1,0,-0.306,25,109,-1.67,36,0,0.79,-1.1,0.33,-0.306,-0.656,-1.67,-0.54,-1.07,-1.14,-1.53,-2.13,7780.819,13655.763,10503.007,10116.438,0,0,0,0
4132,61,Mujer,6.9,126,40.4,99,1,0,-0.353,70,141,-1.18,36,0,0.13,-0.3,-0.81,-0.353,-0.703,-1.18,-0.05,-0.58,-0.65,-1.11,-1.71,223.303,391.91,301.428,290.334,0,0,0,0
4133,63,Hombre,6.9,124,42.6,60,1,1,0.028,62,113,-0.41,36,0,0.87,-1.15,-0.54,0.378,0.028,-1.54,-0.41,-0.94,-1.01,-0.37,-0.97,74.893,131.442,101.096,97.375,0,0,0,0
4134,77,Hombre,7.5,129,40.4,75,0,0,0.674,147,127,-2.46,36,0,0.55,0.09,1.4,0.674,0.324,-2.46,-1.34,-1.86,-1.94,-0.85,-1.45,593.845,1042.23,801.606,772.103,0,0,0,0
4135,56,Hombre,7.2,123,60.2,128,0,0,0.922,322,127,-2.33,36,0,0.41,-0.79,-0.04,0.922,0.572,-2.33,-1.2,-1.73,-1.8,-0.35,-0.95,47.522,83.403,64.147,61.786,0,0,0,0
4136,80,Hombre,7.5,137,44.2,130,0,0,0.196,158,143,-1.14,36,0,0.78,-0.39,-0.09,0.196,-0.154,-1.14,-0.01,-0.54,-0.61,-0.24,-0.84,453.627,796.141,612.333,589.795,0,0,0,0
4137,63,Mujer,8,142,39.9,25,0,0,0.427,38,138,-1.83,36,0,1.33,-0.91,-0.44,0.427,0.077,-1.83,-0.7,-1.23,-1.3,-0.59,-1.19,1232.936,2163.87,1664.29,1603.034,0,0,0,0
4138,66,Mujer,8,126,34.2,108,0,1,-0.327,78,125,0.97,36,0,-1.63,-0.59,0.64,0.023,-0.327,-0.16,0.97,0.44,0.37,0.48,-0.12,613.404,1076.557,828.008,797.533,0,0,0,0
4139,57,Hombre,8.7,112,48.8,36,0,0,2.021,272,109,-5.28,29.76,1,-0.41,0.61,-0.19,2.021,1.671,-5.28,-4.15,-4.68,-4.75,-1.65,-2.25,29.755,52.222,40.166,38.687,1,0,0,0
4140,72,Mujer,7.5,126,50.3,302,0,0,0.495,495,124,-2.96,36,0,-0.07,0.2,0.87,0.495,0.145,-2.96,-1.84,-2.36,-2.44,-1.62,-2.22,742.278,1302.738,1001.97,965.092,0,0,0,0
4141,66,Mujer,6.5,144,51.9,37,0,0,0.672,72,139,-1.72,36,0,1.67,0.89,0.64,0.672,0.322,-1.72,-0.59,-1.12,-1.19,-0.11,-0.71,392.295,688.499,529.543,510.053,0,0,0,0
4142,86,Mujer,9.6,135,40.1,59,1,1,-0.717,29,130,-3.14,36,0,1.05,0.17,-1.28,-0.367,-0.717,-4.26,-3.14,-3.66,-3.74,-4.21,-4.81,76.756,134.711,103.61,99.796,0,0,0,0
4143,59,Mujer,5.5,121,51.1,94,0,1,-0.375,65,110,0.15,36,0,0.3,0.17,0.54,-0.025,-0.375,-0.98,0.15,-0.38,-0.45,-0.41,-1.01,1285.357,2255.871,1735.05,1671.191,0,0,0,0
4144,78,Hombre,5.5,123,31.1,19,0,0,-0.081,18,122,-3.02,36,0,1.57,0.96,-0.63,-0.081,-0.431,-3.02,-1.9,-2.42,-2.5,-2.55,-3.15,438.534,769.65,591.958,570.171,0,0,0,0
4145,61,Hombre,7.8,130,41.8,224,0,1,0.372,325,127,-3.37,16.09,1,-0.98,0.84,0.26,0.722,0.372,-4.5,-3.37,-3.9,-3.97,-2.82,-3.42,9.167,16.089,12.374,11.919,1,1,1,1
4146,55,Hombre,8.7,137,56.9,331,0,1,-0.465,208,126,0.01,36,0,0.19,-0.31,-1.74,-0.115,-0.465,-1.11,0.01,-0.51,-0.59,-0.69,-1.29,466.997,819.605,630.38,607.178,0,0,0,0
4147,60,Hombre,6.3,164,47.5,228,1,0,-0.03,221,164,-1.98,36,0,-0.09,-0.78,0.76,-0.03,-0.38,-1.98,-0.86,-1.38,-1.46,-1.43,-2.03,80.871,141.934,109.165,105.147,0,0,0,0
4148,68,Hombre,6.8,133,48.2,120,0,1,0.404,180,141,-2.08,36,0,1.93,-0.85,0.25,0.754,0.404,-3.21,-2.08,-2.61,-2.68,-1.48,-2.08,1850.418,3247.585,2497.803,2405.87,0,0,0,0
4149,72,Mujer,6.5,119,53.5,59,0,0,0.263,77,123,-2.67,36,0,0.6,1.58,-0.05,0.263,-0.087,-2.67,-1.54,-2.07,-2.14,-1.67,-2.27,525.345,922.009,709.142,683.041,0,0,0,0
4150,68,Hombre,8.9,147,44.4,290,0,0,0.135,332,149,-5.26,36,0,1.19,0.44,-1.3,0.135,-0.215,-5.26,-4.13,-4.66,-4.73,-4.46,-5.06,392.673,689.162,530.053,510.544,0,0,0,0
4151,53,Hombre,6.9,137,42.5,129,0,0,-1.182,40,129,1.38,36,0,0.62,-0.26,0.01,-1.182,-1.532,1.38,2.5,1.98,1.9,0.21,-0.39,1052.064,1846.43,1420.138,1367.869,0,0,0,0
4152,75,Hombre,8.5,143,29.5,165,0,0,0.006,166,144,-3.82,36,0,0.77,0.66,-0.98,0.006,-0.344,-3.82,-2.69,-3.22,-3.29,-3.21,-3.81,166.662,292.5,224.97,216.689,0,0,0,0
4153,58,Hombre,8.1,150,58.3,62,1,0,-0.578,35,142,-1.54,36,0,0.14,-1.16,0.71,-0.578,-0.928,-1.54,-0.41,-0.94,-1.01,-1.8,-2.4,952.103,1670.992,1285.204,1237.901,0,0,0,0
4154,74,Hombre,5.5,146,41.5,25,0,1,0.692,50,150,-1.02,36,0,-0.11,-0.15,1.58,1.042,0.692,-2.15,-1.02,-1.55,-1.62,0.02,-0.58,1264.302,2218.919,1706.629,1643.816,0,0,0,0
4155,69,Hombre,6.9,121,46.7,165,0,0,-0.034,160,135,-3.16,36,0,0.22,2.19,-0.01,-0.034,-0.384,-3.16,-2.03,-2.56,-2.63,-2.61,-3.21,245.513,430.888,331.407,319.21,0,0,0,0
4156,64,Mujer,6,124,63.4,27,0,0,-0.449,17,135,1.8,36,0,-1.26,-0.6,-0.35,-0.449,-0.799,1.8,2.92,2.4,2.32,1.72,1.12,813.732,1428.144,1098.423,1057.995,0,0,0,0
4157,54,Hombre,6.9,131,44.3,79,0,0,0.339,111,140,-2.25,36,0,-1.23,0.68,-0.97,0.339,-0.011,-2.25,-1.12,-1.65,-1.72,-1.14,-1.74,121.94,214.012,164.602,158.544,0,0,0,0
4158,63,Hombre,6.2,105,36.5,64,0,0,0.422,98,110,-2.09,36,0,2.89,0.57,0.11,0.422,0.072,-2.09,-0.97,-1.49,-1.57,-0.86,-1.46,780.914,1370.548,1054.124,1015.327,0,0,0,0
4159,61,Mujer,7.3,144,43.2,79,1,0,0.858,186,155,-4.03,36,0,0.4,1.68,0.14,0.858,0.508,-4.03,-2.91,-3.43,-3.51,-2.14,-2.74,165.662,290.747,223.621,215.39,0,0,0,0
4160,82,Hombre,7.1,145,21.4,70,1,0,-0.543,41,138,-3.63,36,0,-0.25,-0.67,-0.72,-0.543,-0.893,-3.63,-2.5,-3.03,-3.1,-3.84,-4.44,136.305,239.223,183.993,177.221,0,0,0,0
4161,56,Hombre,9.2,145,48.3,105,0,1,0.119,118,139,-1.66,36,0,0.67,0.2,-0.61,0.469,0.119,-2.79,-1.66,-2.19,-2.26,-1.49,-2.09,269.108,472.3,363.258,349.888,0,0,0,0
4162,63,Mujer,9.4,145,30,83,0,0,-0.232,66,127,-0.46,36,0,-0.63,-1.58,1.9,-0.232,-0.582,-0.46,0.67,0.14,0.07,-0.21,-0.81,238.734,418.991,322.257,310.396,0,0,0,0
4163,68,Hombre,7.6,119,37.4,26,1,0,-0.883,11,123,0.68,36,0,1.14,-1.83,-0.17,-0.883,-1.233,0.68,1.8,1.28,1.2,-0.05,-0.65,7488.786,13143.228,10108.803,9736.743,0,0,0,0
4164,66,Mujer,8,159,46.2,654,0,1,-1.406,160,157,0.6,36,0,0.33,-1.22,1.07,-1.056,-1.406,-0.52,0.6,0.08,0,-1.51,-2.11,1954.175,3429.683,2637.86,2540.772,0,0,0,0
4165,65,Mujer,8,123,59.6,160,0,1,-0.697,80,127,-1.72,36,0,2.8,-0.14,-0.97,-0.347,-0.697,-2.84,-1.72,-2.24,-2.32,-2.76,-3.36,1221.725,2144.195,1649.157,1588.458,0,0,0,0
4166,55,Hombre,5.5,118,53.7,68,0,0,-0.102,61,109,-1.27,36,0,-2.03,0.73,-0.87,-0.102,-0.452,-1.27,-0.14,-0.67,-0.74,-0.82,-1.42,1450.765,2546.172,1958.328,1886.25,0,0,0,0
4167,71,Hombre,9,142,44.4,495,1,1,-0.015,488,141,-4.59,36,0,-2,0.23,-1,0.335,-0.015,-5.71,-4.59,-5.11,-5.19,-4.61,-5.21,58.167,102.086,78.517,75.627,0,0,0,0
4168,67,Mujer,8.3,154,44,599,0,0,-0.422,393,154,-2.15,36,0,1.83,-2.12,-0.05,-0.422,-0.772,-2.15,-1.02,-1.55,-1.62,-2.18,-2.78,1214.39,2131.321,1639.255,1578.921,0,0,0,0
4169,75,Mujer,7.1,145,31.8,546,0,1,0.229,687,153,-3.41,34.96,1,0.26,0.84,0.32,0.579,0.229,-4.54,-3.41,-3.94,-4.01,-3.07,-3.67,19.92,34.96,26.889,25.899,1,1,1,1
4170,54,Mujer,7.9,128,63.1,61,0,1,0.041,64,127,1.38,36,0,-0.44,-2.12,-0.44,0.391,0.041,0.25,1.38,0.85,0.78,1.44,0.84,20121.469,35314.278,27161.142,26161.461,0,0,0,0
4171,76,Mujer,8.1,150,52.8,107,1,1,0.413,162,153,-4.89,1.47,1,0.38,1.65,-0.05,0.763,0.413,-6.01,-4.89,-5.41,-5.49,-4.27,-4.87,0.838,1.471,1.131,1.09,1,1,1,1
4172,67,Hombre,8.2,143,39.3,1955,1,1,-0.791,887,132,-2.8,36,0,-0.92,-2.42,1.34,-0.441,-0.791,-3.93,-2.8,-3.33,-3.4,-3.99,-4.59,44.674,78.405,60.304,58.084,0,0,0,0
4173,80,Mujer,8.1,133,36.3,166,1,0,0.769,358,144,-4.93,27.08,1,0.06,0.37,0.12,0.769,0.419,-4.93,-3.81,-4.33,-4.41,-3.18,-3.78,27.081,47.528,36.555,35.21,1,0,0,1
4174,76,Hombre,8.8,141,43.9,367,0,0,-0.052,348,138,-2.35,36,0,-1.9,-0.38,1.98,-0.052,-0.402,-2.35,-1.23,-1.75,-1.83,-1.83,-2.43,68.459,120.15,92.41,89.009,0,0,0,0
4175,77,Mujer,8,157,31.2,131,0,0,-0.446,84,158,-3.78,36,0,0.4,0.09,-0.56,-0.446,-0.796,-3.78,-2.66,-3.18,-3.26,-3.85,-4.45,38.572,67.696,52.067,50.151,0,0,0,0
4176,59,Hombre,6.9,159,44.5,53,0,0,0.628,99,164,-3.84,36,0,-0.23,0.68,0.17,0.628,0.278,-3.84,-2.72,-3.24,-3.32,-2.3,-2.9,300.076,526.65,405.06,390.152,0,0,0,0
4177,57,Mujer,9.6,146,45.9,70,1,0,0.263,91,153,-3.6,36,0,-0.44,1.01,0.47,0.263,-0.087,-3.6,-2.48,-3,-3.08,-2.61,-3.21,295.848,519.229,399.352,384.654,0,0,0,0
4178,63,Hombre,7.6,126,39.8,51,0,0,0.026,52,131,-0.19,36,0,-1.04,-0.04,0.3,0.026,-0.324,-0.19,0.94,0.41,0.34,0.45,-0.15,538.955,945.896,727.513,700.737,0,0,0,0
4179,70,Hombre,8,115,38.8,26,0,0,0.308,35,117,-1.9,36,0,0.71,-0.21,-0.02,0.308,-0.042,-1.9,-0.77,-1.3,-1.37,-0.84,-1.44,1236.308,2169.788,1668.841,1607.418,0,0,0,0
4180,72,Mujer,8.8,120,50.2,388,0,1,-0.118,345,111,-2.05,36,0,0.88,-0.8,-0.2,0.232,-0.118,-3.17,-2.05,-2.57,-2.65,-2.23,-2.83,131.803,231.322,177.916,171.367,0,0,0,0
4181,61,Hombre,9.5,137,58.6,27,1,1,0.816,61,136,-1.83,36,0,-0.68,0.52,1.03,1.166,0.816,-2.96,-1.83,-2.36,-2.43,-0.61,-1.21,318.102,558.286,429.392,413.588,0,0,0,0
4182,77,Hombre,5.5,132,31.9,328,0,0,-0.898,134,132,-0.3,36,0,1.21,0.56,0.04,-0.898,-1.248,-0.3,0.82,0.3,0.22,-1.05,-1.65,55.662,97.69,75.136,72.37,0,0,0,0
4183,60,Mujer,8.2,127,50.9,87,0,0,0.886,211,123,-4.41,36,0,0.17,1.44,-1.52,0.886,0.536,-4.41,-3.28,-3.81,-3.88,-2.48,-3.08,362.823,636.774,489.76,471.734,0,0,0,0
4184,72,Mujer,8.3,155,30.9,80,0,0,-0.39,54,159,-2.59,36,0,-0.99,-0.63,0.77,-0.39,-0.74,-2.59,-1.47,-1.99,-2.07,-2.58,-3.18,757.355,1329.199,1022.322,984.695,0,0,0,0
4185,56,Mujer,8,178,39.8,225,0,0,0.12,254,182,-4.62,36,0,1.33,1.19,2.19,0.12,-0.23,-4.62,-3.49,-4.02,-4.09,-3.84,-4.44,65.367,114.723,88.236,84.989,0,0,0,0
4186,55,Mujer,8.3,122,51.5,67,0,1,-0.579,38,108,-1.46,36,0,-0.62,0.01,1.14,-0.229,-0.579,-2.59,-1.46,-1.99,-2.06,-2.33,-2.93,1341.346,2354.136,1810.628,1743.987,0,0,0,0
4187,71,Mujer,8.7,119,43,104,1,1,0.215,129,119,-2.71,36,0,1.95,0.8,-0.83,0.565,0.215,-3.83,-2.71,-3.23,-3.31,-2.39,-2.99,405.428,711.549,547.271,527.128,0,0,0,0
4188,62,Hombre,9.3,149,50.7,86,1,0,0.907,213,142,-5.07,33.61,1,-0.38,0.78,2.4,0.907,0.557,-5.07,-3.94,-4.47,-4.54,-3.11,-3.71,33.608,58.984,45.366,43.696,1,0,0,0
4189,72,Hombre,8.9,123,50.2,53,0,1,0.568,94,110,-3.71,36,0,0.96,-0.29,2.63,0.918,0.568,-4.83,-3.71,-4.23,-4.31,-2.86,-3.46,373.043,654.712,503.556,485.022,0,0,0,0
4190,61,Hombre,9.2,126,43,316,0,0,-0.411,210,120,-1.62,36,0,-0.27,-0.37,-0.31,-0.411,-0.761,-1.62,-0.49,-1.02,-1.09,-1.63,-2.23,349.9,614.094,472.316,454.932,0,0,0,0
4191,67,Hombre,8.2,140,52,114,0,0,0.033,118,150,-2.26,10.95,1,0.57,0.1,0.47,0.033,-0.317,-2.26,-1.14,-1.66,-1.74,-1.61,-2.21,10.953,19.222,14.784,14.24,1,1,1,1
4192,73,Mujer,6.8,128,46.2,46,0,0,0.178,55,134,-3.06,36,0,-0.73,0.65,0.88,0.178,-0.172,-3.06,-1.94,-2.46,-2.54,-2.19,-2.79,765.583,1343.641,1033.429,995.393,0,0,0,0
4193,74,Mujer,6.8,166,37.2,364,0,0,-0.688,183,170,-3.51,36,0,-0.49,-0.03,0.83,-0.688,-1.038,-3.51,-2.39,-2.91,-2.99,-3.95,-4.55,48.23,84.647,65.104,62.708,0,0,0,0
4194,69,Hombre,8.6,146,61.6,79,0,0,0.454,124,149,-4.86,36,0,-0.02,0.58,1.12,0.454,0.104,-4.86,-3.73,-4.26,-4.33,-3.57,-4.17,231.637,406.535,312.677,301.169,0,0,0,0
4195,68,Mujer,7.6,163,54.2,53,1,0,0.812,119,163,-4.23,36,0,-1.37,-0.76,-0.97,0.812,0.462,-4.23,-3.1,-3.63,-3.7,-2.41,-3.01,430.644,755.803,581.308,559.913,0,0,0,0
4196,64,Hombre,9.9,127,46.7,296,1,1,-0.343,210,122,-4.95,36,0,0.91,1.3,-1.01,0.007,-0.343,-6.08,-4.95,-5.48,-5.55,-5.47,-6.07,273.946,480.791,369.789,356.178,0,0,0,0
4197,63,Hombre,8.4,146,52.3,849,0,0,-0.308,624,133,-1.72,36,0,0.1,-0.92,-1.51,-0.308,-0.658,-1.72,-0.6,-1.12,-1.2,-1.59,-2.19,104.609,183.595,141.208,136.01,0,0,0,0
4198,76,Hombre,6.9,134,20,109,1,0,-0.496,66,140,-1.93,36,0,-0.51,-0.69,0.62,-0.496,-0.846,-1.93,-0.8,-1.33,-1.4,-2.07,-2.67,453.061,795.147,611.569,589.06,0,0,0,0
4199,65,Hombre,7.3,123,50.1,117,0,0,-0.223,94,124,0.15,36,0,0.3,1.38,0.32,-0.223,-0.573,0.15,1.27,0.75,0.67,0.41,-0.19,1511.461,2652.696,2040.258,1965.165,0,0,0,0
4200,63,Mujer,7.8,115,47.9,116,0,1,-0.252,90,105,-0.81,36,0,1.7,0.23,0.53,0.098,-0.252,-1.93,-0.81,-1.33,-1.41,-1.18,-1.78,323.487,567.738,436.662,420.59,0,0,0,0
4201,56,Hombre,6.3,138,57,479,1,1,-0.088,439,135,-2.08,36,0,0.81,0.59,0.02,0.262,-0.088,-3.2,-2.08,-2.6,-2.68,-2.21,-2.81,62.198,109.161,83.959,80.869,0,0,0,0
4202,70,Hombre,9.1,167,38,125,0,1,-0.478,77,165,-1.68,36,0,1.06,-0.6,0.01,-0.128,-0.478,-2.81,-1.68,-2.21,-2.28,-2.4,-3,116.551,204.554,157.328,151.537,0,0,0,0
4203,57,Mujer,9.4,139,34.4,277,0,1,-0.299,205,130,-2.59,36,0,-0.26,-0.31,1.85,0.051,-0.299,-3.71,-2.59,-3.11,-3.19,-3.04,-3.64,37.183,65.259,50.192,48.345,0,0,0,0
4204,43,Mujer,8.7,122,49.7,62,0,1,0.331,86,116,-1.56,36,0,-2.15,-0.31,-0.31,0.681,0.331,-2.69,-1.56,-2.09,-2.16,-1.07,-1.67,1076.558,1889.418,1453.202,1399.716,0,0,0,0
4205,69,Mujer,7,127,56,15,0,0,0.462,24,124,0.04,36,0,0.36,-0.39,0.49,0.462,0.112,0.04,1.17,0.64,0.57,1.33,0.73,3341.442,5864.413,4510.475,4344.464,0,0,0,0
4206,78,Hombre,7.7,156,37,363,1,0,-0.588,202,150,-2.52,36,0,1.43,-0.35,0.04,-0.588,-0.938,-2.52,-1.4,-1.92,-2,-2.8,-3.4,154.233,270.688,208.193,200.531,0,0,0,0
4207,65,Hombre,11.9,149,54.8,934,0,0,0.2,1141,149,-4.09,12.86,1,-0.28,1.7,0.45,0.2,-0.15,-4.09,-2.96,-3.49,-3.56,-3.19,-3.79,12.864,22.576,17.364,16.725,1,1,1,1
4208,66,Hombre,7.4,119,49.9,156,0,0,0.309,213,117,-2.75,36,0,1.12,0.05,0.42,0.309,-0.041,-2.75,-1.62,-2.15,-2.22,-1.68,-2.28,952.495,1671.68,1285.733,1238.411,0,0,0,0
4209,67,Hombre,6.4,137,41,61,0,0,-0.001,61,141,-1.47,36,0,-0.03,0.26,-0.24,-0.001,-0.351,-1.47,-0.34,-0.87,-0.94,-0.87,-1.47,1538.007,2699.286,2076.092,1999.68,0,0,0,0
4210,84,Hombre,6,117,43.9,55,0,0,0.283,73,104,-3.5,36,0,1.35,0.35,0.95,0.283,-0.067,-3.5,-2.37,-2.9,-2.97,-2.47,-3.07,688.519,1208.389,929.404,895.196,0,0,0,0
4211,65,Hombre,7.8,163,51.4,544,0,0,0.681,1075,160,-4.11,10.08,1,0.26,1.74,1.23,0.681,0.331,-4.11,-2.99,-3.51,-3.59,-2.49,-3.09,10.085,17.699,13.613,13.112,1,1,1,1
4212,70,Hombre,10,132,27,523,1,1,-0.279,396,114,-3.09,36,0,0.33,0.22,-1.13,0.071,-0.279,-4.21,-3.09,-3.61,-3.69,-3.51,-4.11,233.984,410.654,315.845,304.22,0,0,0,0
4213,64,Mujer,8.6,133,47.4,837,0,1,-0.032,810,129,-1.6,36,0,-0.29,-1.45,0.07,0.318,-0.032,-2.72,-1.6,-2.12,-2.2,-1.64,-2.24,819.837,1438.858,1106.664,1065.932,0,0,0,0
4214,69,Mujer,8.5,175,52.4,479,0,1,-0.71,235,160,-1.27,36,0,-0.14,-1.57,-2.04,-0.36,-0.71,-2.4,-1.27,-1.8,-1.87,-2.34,-2.94,969.357,1701.274,1308.495,1260.335,0,0,0,0
4215,51,Mujer,7.6,121,60.6,98,0,1,0.29,131,114,-3.07,36,0,-0.89,2.78,-0.62,0.64,0.29,-4.19,-3.07,-3.59,-3.67,-2.63,-3.23,455.908,800.143,615.411,592.761,0,0,0,0
4216,65,Hombre,6.3,180,65.9,294,0,1,0.31,401,174,-1.09,36,0,-0.21,-0.44,-0.56,0.66,0.31,-2.22,-1.09,-1.62,-1.69,-0.63,-1.23,518.992,910.859,700.565,674.781,0,0,0,0
4217,67,Hombre,7.4,137,46,363,0,1,-1.227,106,138,0.74,36,0,0.84,-1.55,3.15,-0.877,-1.227,-0.39,0.74,0.21,0.14,-1.1,-1.7,2200.076,3861.254,2969.792,2860.487,0,0,0,0
4218,58,Hombre,7.3,132,40.6,518,0,0,0.426,793,130,-3.33,36,0,-1.38,-0.32,-0.07,0.426,0.076,-3.33,-2.2,-2.73,-2.8,-2.09,-2.69,98.679,173.187,133.203,128.3,0,0,0,0
4219,48,Mujer,8.9,140,58,451,0,1,-0.841,195,131,0.85,36,0,-0.94,-1.5,-0.9,-0.491,-0.841,-0.28,0.85,0.32,0.25,-0.42,-1.02,6636.752,11647.863,8958.679,8628.949,0,0,0,0
4220,54,Hombre,9.6,132,53,987,0,1,-0.888,406,132,0.97,36,0,0.3,-1.37,-1.23,-0.538,-0.888,-0.15,0.97,0.45,0.37,-0.36,-0.96,1613.636,2832.02,2178.181,2098.012,0,0,0,0
4221,69,Mujer,9.2,148,46.5,137,0,0,0.195,166,136,-1.79,36,0,-1.69,0.44,-1.46,0.195,-0.155,-1.79,-0.66,-1.19,-1.26,-0.9,-1.5,113.022,198.36,152.564,146.949,0,0,0,0
4222,66,Mujer,8.4,114,30,58,1,0,0.608,107,116,-4.2,36,0,0.27,1.32,0.3,0.608,0.258,-4.2,-3.08,-3.6,-3.68,-2.69,-3.29,345.697,606.717,466.642,449.467,0,0,0,0
4223,60,Hombre,7.4,132,38.5,112,0,0,0.968,295,126,-4.76,36,0,0.49,0.09,-1.04,0.968,0.618,-4.76,-3.63,-4.16,-4.23,-2.7,-3.3,522.029,916.189,704.665,678.73,0,0,0,0
4224,56,Hombre,8.5,126,62,59,0,1,0.1,65,108,-0.54,36,0,1.11,0.38,-0.19,0.45,0.1,-1.66,-0.54,-1.06,-1.14,-0.39,-0.99,659.519,1157.491,890.257,857.491,0,0,0,0
4225,55,Hombre,7.6,126,53.8,162,0,1,-0.986,60,124,-0.51,36,0,-0.48,-0.4,0.87,-0.636,-0.986,-1.63,-0.51,-1.03,-1.11,-1.99,-2.59,771.448,1353.934,1041.346,1003.019,0,0,0,0
4226,69,Hombre,7,151,41.8,45,0,0,0.674,88,145,-2.27,36,0,0.33,-0.01,0.15,0.674,0.324,-2.27,-1.14,-1.67,-1.74,-0.66,-1.26,224.989,394.868,303.703,292.525,0,0,0,0
4227,75,Hombre,9.2,105,59.1,615,0,0,-0.037,593,106,-3.92,36,0,-0.21,0.66,-0.03,-0.037,-0.387,-3.92,-2.8,-3.32,-3.4,-3.38,-3.98,133.357,234.049,180.013,173.387,0,0,0,0
4228,73,Mujer,10.1,141,36.1,774,0,1,-0.753,364,148,-3.48,36,0,0.97,-0.17,0.2,-0.403,-0.753,-4.6,-3.48,-4,-4.08,-4.61,-5.21,82.073,144.043,110.787,106.709,0,0,0,0
4229,68,Hombre,8.8,124,53.3,57,0,1,0.244,73,113,-0.28,36,0,0.06,-0.77,0.1,0.594,0.244,-1.4,-0.28,-0.8,-0.88,0.09,-0.51,3281.891,5759.898,4430.09,4267.038,0,0,0,0
4230,57,Hombre,7.6,166,54.9,110,0,1,-0.361,77,168,-3.23,36,0,-0.91,1.29,-0.98,-0.011,-0.361,-4.36,-3.23,-3.76,-3.83,-3.78,-4.38,881.896,1547.776,1190.435,1146.621,0,0,0,0
4231,43,Hombre,6.4,127,41.5,117,0,1,-0.48,72,113,1.25,36,0,-0.66,-0.42,-0.14,-0.13,-0.48,0.12,1.25,0.72,0.65,0.53,-0.07,179.222,314.544,241.924,233.02,0,0,0,0
4232,67,Hombre,8,153,31,244,0,0,-0.16,208,159,-2.16,36,0,2.24,-1.4,0.56,-0.16,-0.51,-2.16,-1.04,-1.56,-1.64,-1.8,-2.4,354.095,621.456,477.978,460.386,0,0,0,0
4233,76,Mujer,8.1,130,47.4,37,1,0,-0.311,27,126,-2.34,36,0,-0.41,-0.09,0.21,-0.311,-0.661,-2.34,-1.21,-1.74,-1.81,-2.2,-2.8,1044.182,1832.596,1409.498,1357.62,0,0,0,0
4234,60,Hombre,5.5,115,29.7,162,1,0,-0.692,81,118,-0.37,36,0,0.03,-1.15,-1.16,-0.692,-1.042,-0.37,0.76,0.23,0.16,-0.81,-1.41,502.386,881.714,678.15,653.19,0,0,0,0
4235,71,Mujer,6.9,161,44.5,256,0,0,0.072,275,162,-2.91,36,0,-0.69,-0.42,0.12,0.072,-0.278,-2.91,-1.78,-2.31,-2.38,-2.2,-2.8,252.851,443.768,341.314,328.751,0,0,0,0
4236,52,Mujer,7.4,156,47.4,220,0,0,1.499,985,150,-5.73,36,0,-0.27,1.62,-0.55,1.499,1.149,-5.73,-4.61,-5.13,-5.21,-2.88,-3.48,250.967,440.461,338.77,326.301,0,0,0,0
4237,61,Mujer,7.6,160,43.1,24,0,0,0.644,46,154,-3.74,36,0,0.32,0.44,-0.25,0.644,0.294,-3.74,-2.62,-3.14,-3.22,-2.18,-2.78,504.561,885.533,681.087,656.019,0,0,0,0
4238,71,Mujer,8.6,134,27.9,235,0,1,-0.87,98,136,-4.7,36,0,1.36,1.74,0.42,-0.52,-0.87,-5.83,-4.7,-5.23,-5.3,-6.01,-6.61,55.967,98.225,75.547,72.767,0,0,0,0
4239,90,Mujer,9.5,119,43.1,286,0,0,-0.086,263,130,-2.12,36,0,1.06,-0.94,-1.03,-0.086,-0.436,-2.12,-1,-1.52,-1.6,-1.65,-2.25,609.156,1069.103,822.275,792.011,0,0,0,0
4240,74,Hombre,9,131,41.5,397,0,1,-0.256,307,110,-0.92,15.94,1,-1.35,-1.22,-1.62,0.094,-0.256,-2.04,-0.92,-1.44,-1.52,-1.3,-1.9,9.083,15.942,12.261,11.81,1,1,1,1
4241,61,Hombre,6.3,136,44.3,87,1,0,-0.766,40,150,-0.36,36,0,-0.54,-0.07,1.09,-0.766,-1.116,-0.36,0.77,0.24,0.17,-0.91,-1.51,109.689,192.51,148.064,142.615,0,0,0,0
4242,58,Mujer,9.2,142,47.9,173,1,0,-0.583,97,145,-0.17,36,0,1.41,-1.81,0.42,-0.583,-0.933,-0.17,0.96,0.43,0.36,-0.44,-1.04,501.503,880.165,676.958,652.042,0,0,0,0
4243,47,Mujer,6.2,141,54.5,29,0,0,-0.247,23,126,-0.99,36,0,0.67,1.1,0.29,-0.247,-0.597,-0.99,0.14,-0.39,-0.46,-0.76,-1.36,1418.73,2489.949,1915.086,1844.6,0,0,0,0
4244,71,Hombre,5.5,150,51.3,60,0,0,0.096,66,162,-3.14,36,0,-0.01,1.49,-0.71,0.096,-0.254,-3.14,-2.01,-2.54,-2.61,-2.39,-2.99,45.867,80.5,61.914,59.636,0,0,0,0
4245,49,Hombre,5.9,139,38.8,37,0,0,0.119,42,152,-1.24,36,0,-1.38,0.36,-0.76,0.119,-0.231,-1.24,-0.12,-0.64,-0.72,-0.46,-1.06,173.411,304.345,234.08,225.465,0,0,0,0
4246,53,Hombre,9.1,135,47.4,115,0,1,-0.876,48,133,-0.48,36,0,-1.68,1.12,0.6,-0.526,-0.876,-1.6,-0.48,-1,-1.08,-1.79,-2.39,568.513,997.771,767.412,739.167,0,0,0,0
4247,57,Mujer,7.2,142,38.4,158,0,0,-0.471,99,147,-2.43,36,0,-0.66,0.07,-1.16,-0.471,-0.821,-2.43,-1.3,-1.83,-1.9,-2.53,-3.13,1051.884,1846.114,1419.895,1367.635,0,0,0,0
4248,78,Mujer,7.6,153,29.7,50,0,0,0.281,66,151,-6.05,36,0,1.55,1.62,-2.03,0.281,-0.069,-6.05,-4.92,-5.45,-5.52,-5.03,-5.63,233.426,409.676,315.092,303.495,0,0,0,0
4249,53,Hombre,9.8,137,60.5,29,0,1,-0.786,13,132,0.56,36,0,-0.46,-1.29,-1.03,-0.436,-0.786,-0.56,0.56,0.04,-0.04,-0.62,-1.22,11708.222,20548.569,15804.447,15222.755,0,0,0,0
4250,55,Hombre,6.9,103,35.9,179,0,1,-2.023,24,92,3.37,36,0,-1.32,-1.69,-0.21,-1.673,-2.023,2.24,3.37,2.84,2.77,0.33,-0.27,9760.37,17129.983,13175.121,12690.203,0,0,0,0
4251,54,Mujer,6.5,145,46.2,202,0,1,-1.161,63,140,1.96,36,0,-1.98,-1.2,0.72,-0.811,-1.161,0.84,1.96,1.44,1.36,0.22,-0.38,333.827,585.885,450.62,434.034,0,0,0,0
4252,60,Hombre,6.9,130,43.7,37,0,0,0.639,70,122,-2.66,36,0,-0.06,0.93,0.01,0.639,0.289,-2.66,-1.54,-2.06,-2.14,-1.1,-1.7,84.203,147.781,113.662,109.479,0,0,0,0
4253,55,Mujer,6.6,121,36.7,103,0,1,-1.527,22,131,-2.01,36,0,-0.57,0.79,0.14,-1.177,-1.527,-3.13,-2.01,-2.53,-2.61,-4.3,-4.9,138.944,243.855,187.555,180.652,0,0,0,0
4254,77,Mujer,8.3,136,50,17,1,1,-0.59,9,114,-1.01,36,0,0.72,-1.54,-1.49,-0.24,-0.59,-2.14,-1.01,-1.54,-1.61,-1.9,-2.5,1805.379,3168.539,2437.007,2347.312,0,0,0,0
4255,58,Hombre,6.2,120,30.8,180,0,1,-0.173,151,115,0.52,36,0,-0.58,-0.92,-0.13,0.177,-0.173,-0.6,0.52,-0,-0.08,0.26,-0.34,836.841,1468.702,1129.617,1088.041,0,0,0,0
4256,51,Mujer,5.6,149,75,17,1,1,0.437,26,160,-0.55,36,0,-1.23,0.55,-1.77,0.787,0.437,-1.67,-0.55,-1.07,-1.15,0.11,-0.49,731.266,1283.412,987.106,950.775,0,0,0,0
4257,53,Hombre,6.5,146,57,90,0,1,0.241,114,141,-0.74,36,0,0.04,-0.08,-0.77,0.591,0.241,-1.86,-0.74,-1.26,-1.34,-0.38,-0.98,2778.892,4877.108,3751.112,3613.05,0,0,0,0
4258,66,Hombre,7.6,142,46.5,175,0,1,-0.811,78,134,1.06,36,0,0.68,-1.25,0.45,-0.461,-0.811,-0.06,1.06,0.54,0.46,-0.16,-0.76,3487.13,6120.104,4707.133,4533.885,0,0,0,0
4259,56,Mujer,6.6,144,42,69,0,0,1.376,273,150,-3.31,15.44,1,-0.29,1.99,0.84,1.376,1.026,-3.31,-2.18,-2.71,-2.78,-0.65,-1.25,15.44,27.097,20.841,20.074,1,1,1,1
4260,53,Mujer,9,152,53.3,396,0,1,-0.171,334,148,-2.66,36,0,-0.02,0.05,0.54,0.179,-0.171,-3.79,-2.66,-3.19,-3.26,-2.92,-3.52,255.199,447.888,344.482,331.803,0,0,0,0
4261,71,Mujer,7.2,137,39.7,369,0,0,0.329,513,139,-4.75,30.02,1,0.03,1.79,1.88,0.329,-0.021,-4.75,-3.63,-4.15,-4.23,-3.66,-4.26,30.017,52.682,40.519,39.028,1,0,0,0
4262,75,Mujer,8.6,159,42.1,233,1,1,-0.5,141,152,-3.14,36,0,0.8,-0.23,-2.79,-0.15,-0.5,-4.26,-3.14,-3.66,-3.74,-3.89,-4.49,41.003,71.962,55.348,53.311,0,0,0,0
4263,63,Mujer,8.6,155,50.9,138,0,1,0.757,294,160,-3.76,36,0,2.12,1.55,-0.16,1.107,0.757,-4.89,-3.76,-4.29,-4.36,-2.63,-3.23,170.693,299.576,230.412,221.931,0,0,0,0
4264,76,Hombre,6.6,97,41.3,34,1,0,-0.083,31,82,-0.94,36,0,0.05,-1.72,-0.8,-0.083,-0.433,-0.94,0.18,-0.34,-0.42,-0.47,-1.07,2031.591,3565.553,2742.361,2641.426,0,0,0,0
4265,56,Mujer,5.8,121,53.7,213,0,1,-0.455,135,110,0.87,36,0,-1.22,-0.95,-0.15,-0.105,-0.455,-0.25,0.87,0.35,0.27,0.19,-0.41,89.408,156.915,120.688,116.246,0,0,0,0
4266,49,Mujer,6.8,154,58.1,37,0,0,0.84,86,133,-4.99,36,0,-0.58,1.61,0.59,0.84,0.49,-4.99,-3.87,-4.39,-4.47,-3.13,-3.73,282.755,496.25,381.679,367.631,0,0,0,0
4267,50,Hombre,9.7,157,60.2,156,0,1,0.139,179,153,-1.95,36,0,-0.52,1,1.44,0.489,0.139,-3.07,-1.95,-2.47,-2.55,-1.74,-2.34,91.057,159.811,122.915,118.391,0,0,0,0
4268,58,Mujer,8.6,112,34.7,138,0,0,0.187,166,116,-2.93,36,0,-1.63,-0.52,-1.1,0.187,-0.163,-2.93,-1.8,-2.33,-2.4,-2.05,-2.65,109.611,192.374,147.96,142.514,0,0,0,0
4269,64,Mujer,7.5,96,42.7,71,1,1,-0.651,37,106,1.41,36,0,0.73,-1.01,1.21,-0.301,-0.651,0.28,1.41,0.88,0.81,0.43,-0.17,2070.775,3634.323,2795.254,2692.373,0,0,0,0
4270,51,Hombre,8.4,131,46.2,126,1,1,0.291,169,131,-0.81,36,0,1.49,-1.12,-0.18,0.641,0.291,-1.93,-0.81,-1.33,-1.41,-0.37,-0.97,76.903,134.968,103.808,99.987,0,0,0,0
4271,60,Hombre,7.4,123,21.1,974,0,1,0.595,1766,126,-4.98,9.55,1,0.27,2.57,-1.12,0.945,0.595,-6.1,-4.98,-5.5,-5.58,-4.08,-4.68,5.439,9.546,7.342,7.072,1,1,1,1
4272,57,Hombre,10.5,156,50.6,891,1,0,0.148,1033,159,-3.22,36,0,-1.18,-0.69,0.05,0.148,-0.202,-3.22,-2.09,-2.62,-2.69,-2.39,-2.99,421.122,739.092,568.455,547.532,0,0,0,0
4273,79,Mujer,6.6,153,38.6,35,0,0,0.459,55,157,-3.93,36,0,-1.79,1.07,-0.31,0.459,0.109,-3.93,-2.8,-3.33,-3.4,-2.64,-3.24,212.537,373.014,286.895,276.335,0,0,0,0
4274,69,Mujer,6,127,34.9,39,0,1,-0.451,25,136,2.17,36,0,-1.3,0.17,0.63,-0.101,-0.451,1.05,2.17,1.65,1.57,1.49,0.89,263.287,462.083,355.401,342.32,0,0,0,0
4275,67,Mujer,8.2,128,40.7,52,0,0,0.293,70,129,0.1,36,0,-1.21,-0.25,-0.55,0.293,-0.057,0.1,1.23,0.7,0.63,1.14,0.54,122.319,214.676,165.113,159.036,0,0,0,0
4276,67,Mujer,9.6,146,30.8,34,0,0,-0.511,20,156,0.73,36,0,2.24,-1.55,-0.42,-0.511,-0.861,0.73,1.86,1.33,1.26,0.57,-0.03,1286.046,2257.081,1735.981,1672.087,0,0,0,0
4277,69,Mujer,8,116,48.1,23,0,0,0.896,56,126,-4.54,36,0,-1.06,1.67,-0.6,0.896,0.546,-4.54,-3.42,-3.94,-4.02,-2.6,-3.2,695.77,1221.114,939.191,904.624,0,0,0,0
4278,76,Hombre,10.4,107,39.6,243,0,0,1.077,713,98,-6,36,0,-0.02,1.67,0.15,1.077,0.727,-6,-4.87,-5.4,-5.47,-3.78,-4.38,101.702,178.492,137.283,132.23,0,0,0,0
4279,66,Mujer,7.3,163,45.6,69,0,0,1.034,194,153,-2.51,36,0,-1.07,-1.02,1.4,1.034,0.684,-2.51,-1.39,-1.91,-1.99,-0.36,-0.96,555.026,974.1,749.206,721.631,0,0,0,0
4280,67,Hombre,9,163,43.8,1592,0,1,-0.589,883,153,-3.43,36,0,1.8,-0.51,-0.21,-0.239,-0.589,-4.56,-3.43,-3.96,-4.03,-4.32,-4.92,41.342,72.557,55.806,53.752,0,0,0,0
4281,65,Mujer,5.6,128,34.5,57,0,0,0.243,73,139,-1.08,36,0,0.36,0.14,0.24,0.243,-0.107,-1.08,0.05,-0.48,-0.55,-0.11,-0.71,197.278,346.233,266.297,256.496,0,0,0,0
4282,61,Hombre,5.9,150,42.9,139,1,0,0.879,335,147,-5.05,36,0,0.1,0.07,0.18,0.879,0.529,-5.05,-3.93,-4.45,-4.53,-3.13,-3.73,297.054,521.346,400.981,386.222,0,0,0,0
4283,72,Hombre,6.2,150,47.9,20,0,1,-0.915,8,148,0.53,36,0,0.68,-1.61,0.18,-0.565,-0.915,-0.59,0.53,0.01,-0.07,-0.84,-1.44,1286.368,2257.646,1736.415,1672.505,0,0,0,0
4284,58,Hombre,5.5,167,61.9,308,0,1,-0.149,265,162,-1.11,0.26,1,1.77,1.05,-1.68,0.201,-0.149,-2.23,-1.11,-1.63,-1.71,-1.33,-1.93,0.149,0.262,0.201,0.194,1,1,1,1
4285,61,Hombre,6.8,139,42.7,38,0,0,0.501,63,145,-2.89,36,0,-1.01,1.45,-0.15,0.501,0.151,-2.89,-1.77,-2.29,-2.37,-1.54,-2.14,578.628,1015.523,781.066,752.318,0,0,0,0
4286,43,Hombre,6.7,134,54,310,0,1,-0.552,179,116,1.42,36,0,0.91,-0.6,0.38,-0.202,-0.552,0.29,1.42,0.89,0.82,0.59,-0.01,3565.764,6258.111,4813.278,4636.123,0,0,0,0
4287,49,Hombre,9.8,140,32.6,794,0,1,0.183,953,131,-1.82,36,0,-2.47,-1.52,-1.41,0.533,0.183,-2.95,-1.82,-2.35,-2.42,-1.55,-2.15,170.229,298.761,229.785,221.327,0,0,0,0
4288,65,Hombre,8.6,141,51.3,250,0,1,0.432,385,131,-0.72,36,0,1.37,0.75,1.79,0.782,0.432,-1.84,-0.72,-1.24,-1.32,-0.07,-0.67,99.138,173.993,133.823,128.898,0,0,0,0
4289,52,Hombre,10.8,123,53.1,121,0,1,-0.388,82,136,-3.11,36,0,-1.9,0.33,0.69,-0.038,-0.388,-4.23,-3.11,-3.63,-3.71,-3.69,-4.29,368.879,647.403,497.935,479.608,0,0,0,0
4290,67,Mujer,9.2,120,46.4,209,0,0,-0.044,200,124,-1.78,36,0,-1.04,0.14,-0.02,-0.044,-0.394,-1.78,-0.66,-1.18,-1.26,-1.25,-1.85,288.015,505.482,388.78,374.47,0,0,0,0
4291,62,Hombre,7,102,55.4,146,0,1,-0.056,138,111,-0.53,36,0,-0.66,-0.3,1.46,0.294,-0.056,-1.66,-0.53,-1.06,-1.13,-0.62,-1.22,249.193,437.348,336.376,323.995,0,0,0,0
4292,53,Hombre,9.9,125,40.9,719,0,1,-0.691,360,118,1.01,36,0,1.19,-2.04,0.01,-0.341,-0.691,-0.12,1.01,0.48,0.41,-0.03,-0.63,1008.138,1769.337,1360.844,1310.757,0,0,0,0
4293,57,Hombre,8.9,158,49.7,997,0,0,0.89,2428,160,-6.2,36,0,-0.75,0.38,0.43,0.89,0.54,-6.2,-5.08,-5.6,-5.68,-4.27,-4.87,296.963,521.186,400.858,386.104,0,0,0,0
4294,76,Hombre,5.6,105,37.3,41,0,0,-0.388,28,118,-0.37,36,0,0.15,-0.8,0.51,-0.388,-0.738,-0.37,0.76,0.23,0.16,-0.35,-0.95,1869.521,3281.112,2523.59,2430.708,0,0,0,0
4295,58,Hombre,8.2,146,40.6,834,0,0,-0.559,477,143,-0.74,36,0,0.12,-0.63,-0.18,-0.559,-0.909,-0.74,0.38,-0.14,-0.22,-0.98,-1.58,786.661,1380.632,1061.881,1022.798,0,0,0,0
4296,60,Mujer,6.8,160,34.4,222,0,0,1.199,736,167,-7.68,9.45,1,0.18,1.29,0.13,1.199,0.849,-7.68,-6.56,-7.08,-7.16,-5.29,-5.89,9.446,16.579,12.751,12.282,1,1,1,1
4297,62,Hombre,9.7,132,33.1,292,0,0,0.2,357,142,-5.05,36,0,-1.27,0.56,0.1,0.2,-0.15,-5.05,-3.92,-4.45,-4.52,-4.15,-4.75,121.461,213.17,163.955,157.92,0,0,0,0
4298,59,Hombre,7.8,139,58.5,562,0,1,-1.142,179,135,0.57,36,0,-0.16,-1.89,1.02,-0.792,-1.142,-0.55,0.57,0.05,-0.03,-1.14,-1.74,5477.714,9613.687,7394.14,7121.995,0,0,0,0
4299,70,Hombre,7.7,154,56.9,48,0,1,-0.288,36,140,-1.16,36,0,1.68,-1.19,-0.32,0.062,-0.288,-2.28,-1.16,-1.68,-1.76,-1.59,-2.19,6971.199,12234.835,9410.134,9063.789,0,0,0,0
4300,58,Mujer,7.4,132,39.8,106,0,0,-0.626,57,141,-1.41,36,0,-0.82,0.72,0.53,-0.626,-0.976,-1.41,-0.28,-0.81,-0.88,-1.75,-2.35,500.617,878.61,675.762,650.89,0,0,0,0
4301,51,Hombre,7,136,53.9,97,0,0,-0.365,67,135,-1.35,20.58,1,0.47,-0.67,1.65,-0.365,-0.715,-1.35,-0.23,-0.75,-0.83,-1.3,-1.9,20.584,36.126,27.785,26.763,1,0,1,1
4302,52,Mujer,7.7,130,43.5,37,0,0,-0.556,21,122,0.05,36,0,1.61,-0.1,-1.06,-0.556,-0.906,0.05,1.18,0.65,0.58,-0.18,-0.78,1410.178,2474.939,1903.541,1833.48,0,0,0,0
4303,66,Hombre,6.6,138,57.9,121,0,0,0.136,139,132,-0.87,36,0,-1.67,-1.34,1.89,0.136,-0.214,-0.87,0.26,-0.27,-0.34,-0.07,-0.67,1604.475,2815.942,2165.815,2086.101,0,0,0,0
4304,52,Hombre,9.7,144,40.2,481,0,1,-0.724,233,147,-2.77,36,0,0.09,0.84,0.32,-0.374,-0.724,-3.89,-2.77,-3.29,-3.37,-3.85,-4.45,545.06,956.61,735.754,708.674,0,0,0,0
4305,70,Mujer,7.8,153,34.6,123,0,0,0.189,149,144,-1.56,25.54,1,-0.29,-0.43,-0.06,0.189,-0.161,-1.56,-0.43,-0.96,-1.03,-0.68,-1.28,25.535,44.816,34.469,33.2,1,0,1,1
4306,71,Mujer,6.8,129,42.3,178,1,0,-0.14,155,119,-2.85,36,0,1.77,-0.3,0.06,-0.14,-0.49,-2.85,-1.73,-2.25,-2.33,-2.46,-3.06,210.783,369.936,284.527,274.055,0,0,0,0
4307,63,Hombre,6.7,158,47.3,36,0,0,0.579,64,162,-3.59,36,0,0.85,0.73,1.52,0.579,0.229,-3.59,-2.47,-2.99,-3.07,-2.13,-2.73,611.731,1073.621,825.75,795.358,0,0,0,0
4308,50,Hombre,7.1,107,55.7,134,0,0,-0.225,107,94,3.32,36,0,-1.27,-1.88,0.96,-0.225,-0.575,3.32,4.44,3.92,3.84,3.58,2.98,3003.855,5271.93,4054.781,3905.542,0,0,0,0
4309,64,Hombre,7.6,128,53.3,792,0,1,-0.455,502,135,-1.73,36,0,0.71,0.46,0.27,-0.105,-0.455,-2.86,-1.73,-2.26,-2.33,-2.41,-3.01,997.331,1750.371,1346.256,1296.706,0,0,0,0
4310,64,Mujer,7,126,58.4,89,0,0,0.445,139,124,-1.31,36,0,-1.1,0.07,-0.46,0.445,0.095,-1.31,-0.19,-0.71,-0.79,-0.05,-0.65,261.559,459.05,353.068,340.073,0,0,0,0
4311,47,Hombre,6.1,134,62.3,159,0,1,-0.205,130,132,1.64,36,0,0.09,-1.58,-0.63,0.145,-0.205,0.52,1.64,1.12,1.04,1.33,0.73,3811.61,6689.583,5145.135,4955.765,0,0,0,0
4312,52,Mujer,7.8,98,55.2,110,0,0,0.395,163,89,-2.32,36,0,-0.42,0.57,1.98,0.395,0.045,-2.32,-1.2,-1.72,-1.8,-1.13,-1.73,644.406,1130.967,869.856,837.841,0,0,0,0
4313,90,Mujer,9,134,31.4,435,1,0,-0.345,308,131,-5.4,36,0,0.27,-0.66,0.52,-0.345,-0.695,-5.4,-4.28,-4.8,-4.88,-5.32,-5.92,96.957,170.165,130.878,126.061,0,0,0,0
4314,67,Mujer,7.9,109,37.2,82,1,1,-0.459,52,102,-0.02,36,0,0.88,1.41,0.71,-0.109,-0.459,-1.14,-0.02,-0.54,-0.62,-0.71,-1.31,146.358,256.866,197.562,190.291,0,0,0,0
4315,72,Mujer,6.7,130,40.7,36,1,0,0.619,67,125,-3.29,36,0,0.94,1.12,0.19,0.619,0.269,-3.29,-2.16,-2.69,-2.76,-1.76,-2.36,706.852,1240.565,954.151,919.033,0,0,0,0
4316,52,Mujer,5.5,144,57.1,7,0,0,0.694,14,146,-2.25,36,0,0.14,1.61,-0.79,0.694,0.344,-2.25,-1.13,-1.65,-1.73,-0.61,-1.21,631.857,1108.944,852.918,821.526,0,0,0,0
4317,68,Mujer,9.3,146,50.2,105,0,0,0.009,106,145,-0.48,36,0,0.55,-0.93,0.79,0.009,-0.341,-0.48,0.64,0.12,0.04,0.13,-0.47,1204.113,2113.284,1625.382,1565.559,0,0,0,0
4318,66,Mujer,6.8,143,43.8,134,0,1,-0.428,87,140,-1.82,36,0,1.13,1,-1.27,-0.078,-0.428,-2.95,-1.82,-2.35,-2.42,-2.46,-3.06,276.057,484.495,372.638,358.922,0,0,0,0
4319,65,Hombre,9.8,133,54.4,587,0,1,0.135,672,117,-1.68,36,0,0.13,-0.81,0.58,0.485,0.135,-2.81,-1.68,-2.21,-2.28,-1.48,-2.08,167.538,294.038,226.153,217.829,0,0,0,0
4320,61,Hombre,8.9,122,41.8,49,1,1,-0.091,45,124,-2.59,36,0,-1.16,1.06,0.31,0.259,-0.091,-3.72,-2.59,-3.12,-3.19,-2.73,-3.33,25.468,44.698,34.378,33.113,1,0,1,1
4321,75,Mujer,8.4,132,49.9,773,0,0,-0.094,704,151,-3.25,36,0,-1.16,-0.93,-1.31,-0.094,-0.444,-3.25,-2.13,-2.65,-2.73,-2.79,-3.39,571.711,1003.385,771.73,743.326,0,0,0,0
4322,70,Hombre,6.8,144,39.6,61,1,0,0.917,153,144,-5.33,36,0,0.67,1.19,-0.36,0.917,0.567,-5.33,-4.21,-4.73,-4.81,-3.36,-3.96,309.181,542.63,417.351,401.99,0,0,0,0
4323,46,Mujer,6.9,132,52.8,415,0,1,0.134,474,127,-2.58,36,0,-0.29,1.49,1.35,0.484,0.134,-3.7,-2.58,-3.1,-3.18,-2.38,-2.98,713.143,1251.605,962.643,927.212,0,0,0,0
4324,63,Hombre,7.7,117,49.4,509,0,0,-0.661,263,124,-2.42,36,0,-1.1,1.04,-0.02,-0.661,-1.011,-2.42,-1.3,-1.82,-1.9,-2.81,-3.41,340.029,596.77,458.991,442.098,0,0,0,0
4325,73,Mujer,7.5,101,44.2,77,0,1,-0.978,29,94,-0.78,36,0,-1.23,0.23,0.68,-0.628,-0.978,-1.9,-0.78,-1.3,-1.38,-2.24,-2.84,8109.079,14231.878,10946.112,10543.234,0,0,0,0
4326,72,Hombre,8.4,115,49,188,0,0,-0.148,162,109,-0.28,36,0,-0.73,-0.95,0.72,-0.148,-0.498,-0.28,0.84,0.32,0.24,0.1,-0.5,4935.39,8661.88,6662.08,6416.878,0,0,0,0
4327,55,Hombre,9.5,132,57.9,239,1,0,0.601,436,131,-1.29,36,0,0.09,-0.18,0.5,0.601,0.251,-1.29,-0.17,-0.69,-0.77,0.21,-0.39,187.086,328.345,252.539,243.244,0,0,0,0
4328,60,Mujer,7.8,153,57.4,62,1,1,-0.273,47,142,-1.28,36,0,0.65,0.7,1.74,0.077,-0.273,-2.41,-1.28,-1.81,-1.88,-1.69,-2.29,243.517,427.385,328.713,316.614,0,0,0,0
4329,61,Mujer,5.5,153,46.7,257,0,0,0.268,336,143,-3.77,36,0,-1.49,0.97,1.25,0.268,-0.082,-3.77,-2.64,-3.17,-3.24,-2.77,-3.37,277.807,487.566,375,361.198,0,0,0,0
4330,50,Mujer,6.8,134,64.5,140,0,1,-0.129,123,122,-0.57,36,0,-0.65,0.84,0.08,0.221,-0.129,-1.7,-0.57,-1.1,-1.17,-0.77,-1.37,143.879,252.515,194.216,187.068,0,0,0,0
4331,56,Hombre,10,133,44.1,517,0,0,-0.472,322,126,-2.9,36,0,-0.95,-0.55,0.61,-0.472,-0.822,-2.9,-1.77,-2.3,-2.37,-3,-3.6,740.925,1300.364,1000.144,963.334,0,0,0,0
4332,69,Mujer,6.9,123,32.9,193,0,1,-0.279,146,121,-3.91,36,0,0.15,1.24,-0.94,0.071,-0.279,-5.04,-3.91,-4.44,-4.51,-4.33,-4.93,175.368,307.781,236.723,228.01,0,0,0,0
4333,63,Mujer,8.9,149,47.2,66,0,0,0.224,83,136,-2.72,36,0,0.45,-0.9,0.31,0.224,-0.126,-2.72,-1.6,-2.12,-2.2,-1.79,-2.39,692.719,1215.759,935.073,900.657,0,0,0,0
4334,46,Mujer,9,146,56.2,275,0,1,-0.381,188,126,-1.51,36,0,-2.82,0.42,-0.08,-0.031,-0.381,-2.64,-1.51,-2.04,-2.11,-2.08,-2.68,616.82,1082.553,832.62,801.975,0,0,0,0
4335,60,Mujer,7.7,117,41.9,22,0,0,-0.034,21,115,-1.2,36,0,1.89,0.44,-0.24,-0.034,-0.384,-1.2,-0.08,-0.6,-0.68,-0.66,-1.26,2012.39,3531.855,2716.443,2616.463,0,0,0,0
4336,64,Hombre,6.2,146,29.4,272,0,1,-1.309,73,138,-0.24,36,0,0.52,0.09,-0.25,-0.959,-1.309,-1.36,-0.24,-0.76,-0.84,-2.2,-2.8,1786.139,3134.771,2411.035,2322.295,0,0,0,0
4337,69,Hombre,9,135,48.2,811,1,1,-0.063,761,139,-3.59,36,0,-1.87,1.52,0.17,0.287,-0.063,-4.71,-3.59,-4.11,-4.19,-3.68,-4.28,208.616,366.133,281.603,271.238,0,0,0,0
4338,51,Hombre,7.5,147,51.1,66,0,1,0.404,99,141,-3.19,36,0,-1.1,0.6,1.85,0.754,0.404,-4.31,-3.19,-3.71,-3.79,-2.58,-3.18,253.507,444.919,342.199,329.604,0,0,0,0
4339,69,Hombre,8.4,151,27.7,107,1,0,-0.081,99,144,-4.12,15.29,1,2.65,-0.47,0.83,-0.081,-0.431,-4.12,-3,-3.52,-3.6,-3.65,-4.25,15.285,26.826,20.633,19.873,1,1,1,1
4340,64,Hombre,5.7,133,41.6,228,0,0,0.061,242,135,-1.95,36,0,-1.21,0.82,-0.4,0.061,-0.289,-1.95,-0.83,-1.35,-1.43,-1.26,-1.86,439.837,771.938,593.718,571.866,0,0,0,0
4341,80,Hombre,8.3,159,36.9,779,1,1,0.793,1722,162,-4.37,10.58,1,-0.23,0.95,-0.41,1.143,0.793,-5.5,-4.37,-4.9,-4.97,-3.18,-3.78,6.031,10.584,8.141,7.841,1,1,1,1
4342,55,Mujer,9.4,129,47.2,512,0,1,-0.078,474,123,-1.68,36,0,-0.96,-0.51,-1.07,0.272,-0.078,-2.8,-1.68,-2.2,-2.28,-1.79,-2.39,1816.14,3187.425,2451.533,2361.303,0,0,0,0
4343,56,Hombre,7.6,163,52.3,106,0,1,0.708,215,145,-4.02,36,0,-0.42,0.13,0.24,1.058,0.708,-5.14,-4.02,-4.54,-4.62,-2.96,-3.56,137.44,241.215,185.525,178.696,0,0,0,0
4344,60,Hombre,8.1,134,42.8,127,0,0,0.305,172,143,-1.27,36,0,1.29,0.1,-0.1,0.305,-0.045,-1.27,-0.14,-0.67,-0.74,-0.21,-0.81,4075.795,7153.242,5501.747,5299.252,0,0,0,0
4345,62,Hombre,8.8,131,40.1,46,0,0,-0.95,18,119,0.32,36,0,-1.44,-0.65,0.97,-0.95,-1.3,0.32,1.44,0.92,0.84,-0.51,-1.11,5680.615,9969.79,7668.029,7385.802,0,0,0,0
4346,66,Mujer,6.1,151,38.8,190,0,0,1.087,564,165,-5.98,36,0,0.83,2.19,1.4,1.087,0.737,-5.98,-4.86,-5.38,-5.46,-3.75,-4.35,406.057,712.653,548.12,527.946,0,0,0,0
4347,58,Mujer,9.3,139,51.2,152,0,1,0.155,177,141,-1.9,36,0,1.75,-0.18,1.35,0.505,0.155,-3.02,-1.9,-2.42,-2.5,-1.66,-2.26,169.608,297.671,228.947,220.52,0,0,0,0
4348,62,Mujer,7.7,139,46.9,258,0,1,0.14,297,147,-2.81,36,0,-0.85,-0.5,-0.14,0.49,0.14,-3.93,-2.81,-3.33,-3.41,-2.6,-3.2,91.849,161.2,123.983,119.42,0,0,0,0
4349,68,Mujer,6.6,109,30.1,965,1,1,0.22,1203,115,-4.58,36,0,2.06,-0.58,-0.42,0.57,0.22,-5.71,-4.58,-5.11,-5.18,-4.25,-4.85,149.639,262.625,201.992,194.557,0,0,0,0
4350,74,Mujer,7.7,154,44.2,38,0,0,0.344,54,152,-1.39,36,0,-0.29,-1.28,-0.23,0.344,-0.006,-1.39,-0.27,-0.79,-0.87,-0.27,-0.87,256.45,450.084,346.172,333.431,0,0,0,0
4351,65,Mujer,9.6,149,34.6,172,0,1,0.014,174,144,-3.14,36,0,0.45,-0.24,-0.93,0.364,0.014,-4.27,-3.14,-3.67,-3.74,-3.12,-3.72,297.449,522.04,401.515,386.737,0,0,0,0
4352,64,Hombre,6.4,160,45.5,272,0,1,-0.319,198,142,-2.53,36,0,0.31,1.22,0.19,0.031,-0.319,-3.66,-2.53,-3.06,-3.13,-3.01,-3.61,79.61,139.719,107.462,103.507,0,0,0,0
4353,61,Mujer,7.2,126,54.6,83,1,1,-1.233,24,129,1.44,36,0,-1.24,-0.77,-1.1,-0.883,-1.233,0.32,1.44,0.92,0.84,-0.4,-1,13856.212,24318.409,18703.93,18015.521,0,0,0,0
4354,68,Hombre,9.1,130,41.1,154,0,0,-0.281,116,131,-2.31,13.04,1,0.48,0.98,0.54,-0.281,-0.631,-2.31,-1.18,-1.71,-1.78,-2.13,-2.73,13.043,22.891,17.606,16.958,1,1,1,1
4355,62,Hombre,8,137,39.3,425,1,1,0.021,434,126,-3.58,36,0,0.89,1.23,1.14,0.371,0.021,-4.7,-3.58,-4.1,-4.18,-3.54,-4.14,89.628,157.302,120.985,116.532,0,0,0,0
4356,58,Mujer,9.7,152,32.8,215,0,1,-0.077,199,145,-2.47,36,0,-1.9,-1.21,-0.04,0.273,-0.077,-3.59,-2.47,-2.99,-3.07,-2.58,-3.18,58.506,102.681,78.975,76.068,0,0,0,0
4357,61,Hombre,7.9,127,43.1,43,0,0,0.075,46,141,-1.87,36,0,-0.06,0.87,-0.41,0.075,-0.275,-1.87,-0.74,-1.27,-1.34,-1.16,-1.76,807.973,1418.036,1090.649,1050.507,0,0,0,0
4358,73,Mujer,9.6,169,33.5,118,0,0,0.331,164,184,-3.36,36,0,-0.51,-0.8,1.18,0.331,-0.019,-3.36,-2.24,-2.76,-2.84,-2.27,-2.87,199.682,350.454,269.543,259.622,0,0,0,0
4359,50,Mujer,5.5,136,31.5,11,0,0,0.401,16,136,-0.82,25.63,1,0.1,1.24,2.02,0.401,0.051,-0.82,0.3,-0.22,-0.3,0.38,-0.22,25.628,44.978,34.594,33.321,1,0,1,1
4360,65,Mujer,7.3,147,34.1,77,0,0,0.657,149,141,-1.98,36,0,-0.48,0.49,1.02,0.657,0.307,-1.98,-0.85,-1.38,-1.45,-0.39,-0.99,799.048,1402.373,1078.602,1038.904,0,0,0,0
4361,56,Mujer,7.1,126,36.9,4,0,0,1.164,13,120,-3.12,36,0,0.5,1.28,-0.88,1.164,0.814,-3.12,-1.99,-2.52,-2.59,-0.77,-1.37,1934.854,3395.775,2611.78,2515.652,0,0,0,0
4362,47,Mujer,8.8,136,57.7,196,0,1,-0.275,149,136,-0.89,36,0,-0.01,-0.32,-0.24,0.075,-0.275,-2.02,-0.89,-1.42,-1.49,-1.31,-1.91,485.867,852.723,655.851,631.712,0,0,0,0
4363,57,Hombre,6.5,132,32.9,50,0,0,-0.02,49,127,-0.73,36,0,-1.17,-1.22,1.74,-0.02,-0.37,-0.73,0.4,-0.13,-0.2,-0.16,-0.76,1136.553,1994.712,1534.186,1477.719,0,0,0,0
4364,65,Mujer,6.7,116,37.5,275,0,1,0.581,492,114,-2.15,33.94,1,-0.64,0.67,-1.25,0.931,0.581,-3.28,-2.15,-2.68,-2.75,-1.28,-1.88,19.337,33.937,26.102,25.141,1,1,1,1
4365,80,Hombre,7.4,123,39.2,122,1,0,-0.744,58,130,-1.53,36,0,2.12,-1.12,-0.78,-0.744,-1.094,-1.53,-0.41,-0.93,-1.01,-2.05,-2.65,1402.767,2461.932,1893.537,1823.844,0,0,0,0
4366,69,Hombre,7.1,138,56.5,104,0,0,0.661,201,142,-5.68,36,0,2.64,0.93,1.36,0.661,0.311,-5.68,-4.56,-5.08,-5.16,-4.09,-4.69,188.615,331.029,254.603,245.232,0,0,0,0
4367,54,Mujer,8.3,143,39.9,186,0,0,-0.193,153,150,-1.16,36,0,-0.56,0.6,0.72,-0.193,-0.543,-1.16,-0.04,-0.56,-0.64,-0.85,-1.45,643.186,1128.827,868.21,836.256,0,0,0,0
4368,67,Hombre,8.9,132,34.5,37,0,0,0.382,54,128,-2.9,36,0,-0.81,1.48,-0.13,0.382,0.032,-2.9,-1.77,-2.3,-2.37,-1.73,-2.33,145.527,255.407,196.441,189.211,0,0,0,0
4369,59,Mujer,7.6,130,41.4,47,0,1,-1.152,15,119,0.14,15.97,1,0.62,0.44,0.88,-0.802,-1.152,-0.99,0.14,-0.39,-0.46,-1.59,-2.19,9.1,15.97,12.283,11.831,1,1,1,1
4370,60,Hombre,5.5,152,43.4,71,0,0,0.292,95,163,-3.31,36,0,0.45,0.82,-0.47,0.292,-0.058,-3.31,-2.19,-2.71,-2.79,-2.28,-2.88,273.736,480.422,369.505,355.905,0,0,0,0
4371,64,Mujer,9.8,130,43.6,161,0,0,-0.04,155,126,-1.5,36,0,0.13,-2.1,0.26,-0.04,-0.39,-1.5,-0.37,-0.9,-0.97,-0.96,-1.56,330.377,579.829,445.962,429.548,0,0,0,0
4372,60,Hombre,8.3,122,37.3,45,0,1,-0.051,43,113,-1,36,0,1,0.77,0.67,0.299,-0.051,-2.12,-1,-1.52,-1.6,-1.07,-1.67,963.747,1691.428,1300.922,1253.041,0,0,0,0
4373,55,Hombre,8,128,35.3,146,0,0,0.167,173,127,-3.64,36,0,-0.89,0.6,-0.66,0.167,-0.183,-3.64,-2.52,-3.04,-3.12,-2.79,-3.39,103.158,181.048,139.249,134.124,0,0,0,0
4374,69,Mujer,7.1,138,49.4,86,0,0,-0.01,85,131,-3.02,36,0,0.62,0.1,-1.55,-0.01,-0.36,-3.02,-1.9,-2.42,-2.5,-2.44,-3.04,212.819,373.51,287.276,276.703,0,0,0,0
4375,83,Mujer,8.2,158,36.3,293,1,1,-0.47,183,161,-0.38,36,0,0.68,-1.77,1.51,-0.12,-0.47,-1.51,-0.38,-0.91,-0.98,-1.09,-1.69,68.069,119.464,91.883,88.501,0,0,0,0
4376,66,Mujer,7.6,146,44.1,146,0,0,0.069,156,145,-3.69,36,0,1.57,1.89,0.7,0.069,-0.281,-3.69,-2.57,-3.09,-3.17,-2.99,-3.59,216.116,379.296,291.726,280.989,0,0,0,0
4377,63,Hombre,6.2,141,31.9,64,0,0,1.228,218,144,-2.07,36,0,-0.79,0.47,0.1,1.228,0.878,-2.07,-0.95,-1.47,-1.55,0.37,-0.23,267.983,470.324,361.739,348.425,0,0,0,0
4378,66,Mujer,6.9,135,52.7,73,1,0,0.419,111,129,-2.09,36,0,0.89,1.07,1.19,0.419,0.069,-2.09,-0.96,-1.49,-1.56,-0.86,-1.46,316.251,555.038,426.894,411.182,0,0,0,0
4379,74,Hombre,7.3,130,35.1,265,0,0,0.302,359,124,-2.54,36,0,0.28,-0.64,0.26,0.302,-0.048,-2.54,-1.42,-1.94,-2.02,-1.49,-2.09,299.57,525.762,404.378,389.494,0,0,0,0
4380,62,Hombre,9.2,133,39.9,50,0,1,-0.349,35,123,-0.41,36,0,1.37,-0.46,-1.1,0.001,-0.349,-1.53,-0.41,-0.93,-1.01,-0.93,-1.53,534.713,938.451,721.787,695.222,0,0,0,0
4381,79,Mujer,8,146,37,208,1,0,0.401,311,150,-2.88,0.84,1,1.61,-1.33,0.96,0.401,0.051,-2.88,-1.76,-2.28,-2.36,-1.68,-2.28,0.839,1.473,1.133,1.091,1,1,1,1
4382,65,Hombre,7.9,137,46.6,122,1,1,-0.33,88,135,-3.11,36,0,-0.31,-0.4,0.53,0.02,-0.33,-4.24,-3.11,-3.64,-3.71,-3.61,-4.21,224.74,394.431,303.368,292.202,0,0,0,0
4383,63,Hombre,7.6,137,48.1,187,0,0,0.425,286,128,-4.52,36,0,-0.14,0.51,0.16,0.425,0.075,-4.52,-3.39,-3.92,-3.99,-3.28,-3.88,167.356,293.719,225.907,217.593,0,0,0,0
4384,62,Mujer,8.5,101,62.6,79,0,1,-0.798,36,92,2.35,36,0,0.59,-0.99,-1.46,-0.448,-0.798,1.22,2.35,1.82,1.75,1.15,0.55,3748.596,6578.991,5060.075,4873.836,0,0,0,0
4385,72,Mujer,6.3,143,38.6,96,0,1,-1.574,20,145,0.06,36,0,0.57,-0.75,1.06,-1.224,-1.574,-1.07,0.06,-0.47,-0.54,-2.3,-2.9,6646.3,11664.62,8971.567,8641.363,0,0,0,0
4386,56,Hombre,7.9,141,45.5,144,0,1,0.09,158,134,-1.39,36,0,0.66,0.4,1.25,0.44,0.09,-2.51,-1.39,-1.91,-1.99,-1.25,-1.85,1050.523,1843.725,1418.058,1365.865,0,0,0,0
4387,58,Hombre,7.7,136,59.5,49,0,1,-0.483,30,124,1.05,36,0,-0.6,-0.63,1.19,-0.133,-0.483,-0.08,1.05,0.52,0.45,0.32,-0.28,908.119,1593.798,1225.832,1180.715,0,0,0,0
4388,66,Hombre,9.3,131,40.3,35,1,0,-0.043,34,120,-2.28,36,0,-0.53,0.36,-0.59,-0.043,-0.393,-2.28,-1.15,-1.68,-1.75,-1.74,-2.34,248.502,436.134,335.442,323.096,0,0,0,0
4389,79,Hombre,9.7,128,57.3,39,0,1,-1.1,13,127,0.13,36,0,0.3,0.29,1.47,-0.75,-1.1,-0.99,0.13,-0.39,-0.47,-1.52,-2.12,5117.72,8981.879,6908.2,6653.939,0,0,0,0
4390,53,Mujer,7.1,114,60.1,74,0,0,0.582,132,89,-1.51,1.92,1,-0.76,-0.26,0.28,0.582,0.232,-1.51,-0.38,-0.91,-0.98,-0.03,-0.63,1.918,3.366,2.589,2.493,1,1,1,1
4391,58,Mujer,7.2,114,38,68,0,0,-0.672,35,112,0.87,36,0,-0.84,-0.88,-0.08,-0.672,-1.022,0.87,1.99,1.47,1.39,0.46,-0.14,2678.284,4700.535,3615.306,3482.242,0,0,0,0
4392,81,Mujer,7.8,137,51.1,782,0,1,-0.439,504,124,-2.95,36,0,-1.4,0.58,-1.79,-0.089,-0.439,-4.08,-2.95,-3.48,-3.55,-3.61,-4.21,105.583,185.303,142.522,137.276,0,0,0,0
4393,82,Hombre,9.3,134,38.3,118,1,1,-0.696,59,137,-2.48,36,0,3.4,0.6,1.5,-0.346,-0.696,-3.6,-2.48,-3,-3.08,-3.52,-4.12,37.025,64.981,49.979,48.139,0,0,0,0
4394,68,Hombre,8.2,140,46.7,268,0,1,0.012,271,135,-2.44,36,0,-0.52,0.93,-1.44,0.362,0.012,-3.56,-2.44,-2.96,-3.04,-2.42,-3.02,167.092,293.255,225.55,217.249,0,0,0,0
4395,54,Hombre,8.5,151,36.8,35,0,0,-0.329,25,158,-0.57,36,0,2.28,-0.34,1.29,-0.329,-0.679,-0.57,0.56,0.03,-0.04,-0.46,-1.06,656.373,1151.97,886.01,853.4,0,0,0,0
4396,56,Mujer,8.7,143,48.9,67,0,1,-1.283,19,140,-0.8,36,0,0.8,-0.58,0.79,-0.933,-1.283,-1.93,-0.8,-1.33,-1.4,-2.73,-3.33,1115.712,1958.135,1506.054,1450.622,0,0,0,0
4397,56,Mujer,9,155,39.8,1173,0,1,0.124,1327,147,-4.5,36,0,-0.55,-0.39,1.13,0.474,0.124,-5.62,-4.5,-5.02,-5.1,-4.31,-4.91,77.585,136.166,104.729,100.875,0,0,0,0
4398,72,Mujer,9.2,134,48.8,330,0,1,-0.415,218,134,-1.65,36,0,2.47,-1.08,-0.98,-0.065,-0.415,-2.78,-1.65,-2.18,-2.25,-2.27,-2.87,292.793,513.867,395.229,380.682,0,0,0,0
4399,50,Hombre,7.4,117,51.2,80,0,1,-0.945,31,108,1.46,36,0,0.55,-0.34,-1.95,-0.595,-0.945,0.33,1.46,0.93,0.86,0.04,-0.56,106.311,186.581,143.504,138.223,0,0,0,0
4400,50,Mujer,8.7,146,38.6,345,0,1,-0.702,171,123,-1.26,36,0,-0.63,-0.93,-0.66,-0.352,-0.702,-2.39,-1.26,-1.79,-1.86,-2.32,-2.92,254.411,446.505,343.419,330.779,0,0,0,0
4401,66,Mujer,8.3,138,44.4,78,0,0,0.747,165,135,-4.92,36,0,-0.92,0.4,0.21,0.747,0.397,-4.92,-3.79,-4.32,-4.39,-3.2,-3.8,1024.457,1797.978,1382.872,1331.975,0,0,0,0
4402,73,Hombre,7.6,123,54.9,132,0,1,0.238,168,117,-1.69,36,0,0.23,-0.04,-1.25,0.588,0.238,-2.82,-1.69,-2.22,-2.29,-1.33,-1.93,543.263,953.455,733.328,706.337,0,0,0,0
4403,66,Hombre,8,138,34.9,278,0,0,0.207,342,134,-3.82,36,0,1.36,0.57,0.33,0.207,-0.143,-3.82,-2.69,-3.22,-3.29,-2.91,-3.51,48.845,85.725,65.933,63.506,0,0,0,0
4404,63,Mujer,6.1,121,32.5,78,0,0,-0.203,64,117,-1.45,36,0,1.12,0.8,-0.96,-0.203,-0.553,-1.45,-0.33,-0.85,-0.93,-1.16,-1.76,1400.027,2457.124,1889.839,1820.282,0,0,0,0
4405,67,Hombre,7.3,148,37.9,585,0,0,-0.378,401,156,-2.45,36,0,-1.48,0.04,0.93,-0.378,-0.728,-2.45,-1.33,-1.85,-1.93,-2.42,-3.02,193.533,339.662,261.243,251.627,0,0,0,0
4406,65,Mujer,7.2,124,48.3,65,0,0,0.688,129,130,-3.03,36,0,-0.99,0.3,-0.15,0.688,0.338,-3.03,-1.91,-2.43,-2.51,-1.4,-2,87.133,152.923,117.617,113.288,0,0,0,0
4407,63,Hombre,8.9,139,30.8,155,0,0,-0.661,80,135,0.1,36,0,-1.43,-1.17,-1.16,-0.661,-1.011,0.1,1.23,0.7,0.63,-0.29,-0.89,832.282,1460.701,1123.463,1082.114,0,0,0,0
4408,41,Mujer,7.3,121,51.5,163,0,1,-0.551,94,120,0.68,36,0,0.81,0.05,-2.45,-0.201,-0.551,-0.44,0.68,0.16,0.08,-0.14,-0.74,1888.834,3315.007,2549.659,2455.817,0,0,0,0
4409,57,Mujer,7.7,153,45.2,208,0,1,0.38,304,142,-2.43,36,0,0.17,0.2,0.49,0.73,0.38,-3.56,-2.43,-2.96,-3.03,-1.86,-2.46,604.481,1060.898,815.964,785.932,0,0,0,0
4410,53,Mujer,8.2,113,52.7,188,0,1,-0.798,85,108,2.07,36,0,-0.13,-1.3,0.26,-0.448,-0.798,0.94,2.07,1.54,1.47,0.87,0.27,70.687,124.06,95.418,91.906,0,0,0,0
4411,68,Hombre,8,150,52.3,15,0,0,1.509,68,150,-3.92,36,0,-1.05,1.18,0.33,1.509,1.159,-3.92,-2.79,-3.32,-3.39,-1.06,-1.66,437.949,768.624,591.169,569.411,0,0,0,0
4412,69,Mujer,7.8,126,20.9,278,0,1,-0.039,267,120,-0.8,9.26,1,0.38,0.63,-0.47,0.311,-0.039,-1.93,-0.8,-1.33,-1.4,-0.86,-1.46,5.278,9.263,7.125,6.862,1,1,1,1
4413,83,Hombre,7.4,130,35.4,597,0,0,-0.897,244,130,-1.63,36,0,0.56,-1.13,-1.06,-0.897,-1.247,-1.63,-0.51,-1.03,-1.11,-2.38,-2.98,230.02,403.698,310.495,299.067,0,0,0,0
4414,75,Mujer,7.2,154,33.6,379,0,0,0.895,928,170,-1.23,36,0,0.56,-0.52,0.28,0.895,0.545,-1.23,-0.1,-0.63,-0.7,0.72,0.12,177.192,310.981,239.184,230.38,0,0,0,0
4415,50,Hombre,6.4,139,57.2,18,0,0,-0.115,16,135,0.67,36,0,-1.26,-1.82,-0.36,-0.115,-0.465,0.67,1.79,1.27,1.19,1.1,0.5,32378.701,56826.39,43706.674,42098.025,0,0,0,0
4416,55,Mujer,6.3,122,62,61,0,1,-0.919,24,110,1.35,36,0,0.76,-0.77,0.37,-0.569,-0.919,0.22,1.35,0.82,0.75,-0.03,-0.63,7897.921,13861.284,10661.079,10268.692,0,0,0,0
4417,60,Mujer,8.5,135,44.7,57,1,1,-0.067,53,125,-2.38,36,0,0.7,-0.19,-0.01,0.283,-0.067,-3.51,-2.38,-2.91,-2.98,-2.48,-3.08,627.278,1100.907,846.736,815.572,0,0,0,0
4418,62,Hombre,6.7,131,46.2,47,0,0,0.328,65,115,-2.93,36,0,0.21,0.57,-0.02,0.328,-0.022,-2.93,-1.8,-2.33,-2.4,-1.84,-2.44,1057.797,1856.492,1427.877,1375.323,0,0,0,0
4419,63,Mujer,9.9,137,46.7,832,0,1,-0.002,830,129,-0.97,36,0,-0.74,-1.2,-0.8,0.348,-0.002,-2.09,-0.97,-1.49,-1.57,-0.97,-1.57,241.84,424.442,326.45,314.434,0,0,0,0
4420,72,Hombre,6.2,152,51,36,1,0,0.064,38,150,-1.92,36,0,-1.38,0.12,-0.93,0.064,-0.286,-1.92,-0.8,-1.32,-1.4,-1.23,-1.83,1029.857,1807.455,1390.161,1338.995,0,0,0,0
4421,65,Hombre,9.7,133,41.3,216,0,1,-0.676,110,136,0.28,19.02,1,0.68,-0.38,-1.5,-0.326,-0.676,-0.84,0.28,-0.24,-0.32,-0.73,-1.33,10.838,19.022,14.63,14.092,1,1,1,1
4422,70,Mujer,6.3,159,36.1,120,0,0,0.116,135,155,-5.14,36,0,-0.5,-1.29,-0.91,0.116,-0.234,-5.14,-4.02,-4.54,-4.62,-4.37,-4.97,255.452,448.331,344.824,332.132,0,0,0,0
4423,75,Hombre,8.3,132,37.8,278,0,0,0.786,610,133,-4.51,36,0,1.5,-0.09,-1.43,0.786,0.436,-4.51,-3.38,-3.91,-3.98,-2.73,-3.33,115.653,202.977,156.115,150.369,0,0,0,0
4424,58,Mujer,8,152,53.1,128,0,0,0.295,172,157,-1.05,36,0,0.09,-1.25,-0.49,0.295,-0.055,-1.05,0.07,-0.45,-0.53,-0.01,-0.61,636.43,1116.969,859.091,827.471,0,0,0,0
4425,70,Mujer,8,164,36.2,198,0,1,0.727,410,143,-5.2,36,0,-0.02,-0.04,-0.67,1.077,0.727,-6.33,-5.2,-5.73,-5.8,-4.11,-4.71,24.892,43.686,33.6,32.364,1,0,1,1
4426,61,Hombre,8.6,140,51.3,328,0,1,0.582,587,130,-1.77,36,0,-0.42,-0.13,1.52,0.932,0.582,-2.9,-1.77,-2.3,-2.37,-0.9,-1.5,61.541,108.007,83.071,80.014,0,0,0,0
4427,60,Mujer,8.2,138,50.4,117,0,0,-0.194,96,143,-0.29,36,0,0.07,-0.62,-1.91,-0.194,-0.544,-0.29,0.84,0.31,0.24,0.02,-0.58,446.838,784.224,603.168,580.968,0,0,0,0
4428,70,Hombre,5.7,167,52.7,273,0,1,0.008,275,166,-1.93,36,0,-0.97,0.13,-0.06,0.358,0.008,-3.05,-1.93,-2.45,-2.53,-1.92,-2.52,243.336,427.068,328.469,316.38,0,0,0,0
4429,87,Hombre,7.6,124,42,70,0,0,0.142,81,118,-2.59,36,0,-0.13,-0.31,-0.99,0.142,-0.208,-2.59,-1.46,-1.99,-2.06,-1.77,-2.37,1883.664,3305.934,2542.681,2449.096,0,0,0,0
4430,62,Hombre,5.5,139,48,75,0,0,-0.208,61,139,-1.72,36,0,0.17,-0.64,1.39,-0.208,-0.558,-1.72,-0.59,-1.12,-1.19,-1.43,-2.03,1793.39,3147.498,2420.824,2331.724,0,0,0,0
4431,69,Mujer,9.6,150,52.1,65,0,0,0.889,158,146,-2.53,36,0,1.24,-0.87,0.1,0.889,0.539,-2.53,-1.41,-1.93,-2.01,-0.6,-1.2,435.036,763.511,587.237,565.623,0,0,0,0
4432,39,Hombre,8.6,124,42.7,971,0,1,-0.462,612,108,1,36,0,-1.73,-2.06,-0.7,-0.112,-0.462,-0.13,1,0.47,0.4,0.31,-0.29,442.557,776.712,597.389,575.402,0,0,0,0
4433,62,Hombre,8.2,129,40.3,205,0,1,0.616,380,122,-4.25,36,0,1.25,0.27,0.98,0.966,0.616,-5.37,-4.25,-4.77,-4.85,-3.33,-3.93,273.9,480.709,369.726,356.118,0,0,0,0
4434,71,Mujer,7.5,110,44,170,0,0,-0.573,96,106,-1.91,36,0,0.35,-0.71,-2.26,-0.573,-0.923,-1.91,-0.78,-1.31,-1.38,-2.17,-2.77,1593.04,2795.873,2150.379,2071.233,0,0,0,0
4435,84,Mujer,8.6,116,20,70,0,0,0.318,96,110,-4.78,36,0,0.4,-0.3,-0.15,0.318,-0.032,-4.78,-3.66,-4.18,-4.26,-3.71,-4.31,278.106,488.091,375.404,361.587,0,0,0,0
4436,57,Hombre,8,129,42.3,289,0,1,-0.584,161,133,-0.83,36,0,1.44,-0.48,-1.63,-0.234,-0.584,-1.96,-0.83,-1.36,-1.43,-1.71,-2.31,1357.089,2381.766,1831.879,1764.455,0,0,0,0
4437,73,Mujer,8.9,133,45.3,49,0,0,0.253,63,139,-2.59,36,0,-0.12,0.76,-0.72,0.253,-0.097,-2.59,-1.46,-1.99,-2.06,-1.61,-2.21,176.338,309.483,238.031,229.27,0,0,0,0
4438,70,Hombre,8,119,38.8,73,1,0,0.207,90,109,-4.63,36,0,1.25,1.47,-0.26,0.207,-0.143,-4.63,-3.5,-4.03,-4.1,-3.72,-4.32,261.555,459.044,353.063,340.068,0,0,0,0
4439,84,Mujer,7,141,49.5,134,0,0,0.295,180,139,-2.42,36,0,1.21,-0.79,0.94,0.295,-0.055,-2.42,-1.3,-1.82,-1.9,-1.38,-1.98,1045.333,1834.616,1411.052,1359.117,0,0,0,0
4440,58,Hombre,7.6,150,48.4,66,1,1,-0.052,63,148,-1.22,36,0,-1.68,0.82,0.33,0.298,-0.052,-2.34,-1.22,-1.74,-1.82,-1.3,-1.9,911.441,1599.628,1230.316,1185.034,0,0,0,0
4441,73,Mujer,9.1,163,44.1,337,0,1,-0.62,181,160,-2.95,36,0,0.23,1.98,1.66,-0.27,-0.62,-4.07,-2.95,-3.47,-3.55,-3.88,-4.48,230.497,404.535,311.139,299.687,0,0,0,0
4442,68,Hombre,7.5,108,47.9,83,0,1,-0.896,34,125,-0.36,36,0,-0.13,-1.72,0.73,-0.546,-0.896,-1.48,-0.36,-0.88,-0.96,-1.7,-2.3,1661.752,2916.466,2243.131,2160.571,0,0,0,0
4443,53,Hombre,7.4,120,43.8,124,0,0,-0.294,92,117,0,36,0,-0.76,-0.93,-0.37,-0.294,-0.644,0,1.13,0.6,0.53,0.16,-0.44,424.447,744.928,572.943,551.856,0,0,0,0
4444,62,Hombre,6.5,144,55.9,187,1,1,-0.302,138,150,-2.26,36,0,-0.87,0.96,0.78,0.048,-0.302,-3.38,-2.26,-2.78,-2.86,-2.71,-3.31,1143.885,2007.581,1544.083,1487.253,0,0,0,0
4445,64,Mujer,8.1,138,39.2,1936,0,0,-0.065,1815,145,-3.26,36,0,0.43,-0.18,-0.07,-0.065,-0.415,-3.26,-2.14,-2.66,-2.74,-2.76,-3.36,729.962,1281.124,985.346,949.08,0,0,0,0
4446,52,Mujer,7.1,156,48.6,70,0,1,-0.005,70,153,-2.2,36,0,-2.11,1.97,0.84,0.345,-0.005,-3.33,-2.2,-2.73,-2.8,-2.21,-2.81,501.85,880.775,677.427,652.494,0,0,0,0
4447,80,Hombre,7.4,142,28.7,564,1,0,-0.037,543,145,-4.53,36,0,0.42,-1.09,-0.6,-0.037,-0.387,-4.53,-3.41,-3.93,-4.01,-3.99,-4.59,145.033,254.54,195.773,188.568,0,0,0,0
4448,66,Mujer,7.2,127,40.2,67,0,0,-0.351,47,130,-0.7,36,0,-0.73,-1.28,-0.04,-0.351,-0.701,-0.7,0.43,-0.1,-0.17,-0.62,-1.22,427.301,749.937,576.796,555.567,0,0,0,0
4449,69,Hombre,6.6,122,38.8,85,0,0,0.602,155,116,-3.19,36,0,1.13,0.8,1.05,0.602,0.252,-3.19,-2.06,-2.59,-2.66,-1.68,-2.28,664.5,1166.233,896.981,863.967,0,0,0,0
4450,90,Mujer,7.3,130,52.1,72,0,1,0.037,75,130,-2.88,36,0,0.83,0.89,-0.07,0.387,0.037,-4,-2.88,-3.4,-3.48,-2.82,-3.42,521.922,916.003,704.522,678.591,0,0,0,0
4451,65,Hombre,8.4,111,40.2,68,0,0,0.079,74,102,-2.95,36,0,-1.68,0.67,-1.12,0.079,-0.271,-2.95,-1.83,-2.35,-2.43,-2.23,-2.83,1465.215,2571.532,1977.833,1905.038,0,0,0,0
4452,65,Mujer,7.9,148,48.6,695,0,0,-0.007,690,139,-3.05,36,0,0.43,1.11,0.98,-0.007,-0.357,-3.05,-1.92,-2.45,-2.52,-2.46,-3.06,66.553,116.805,89.838,86.531,0,0,0,0
4453,71,Hombre,7.5,155,42.4,142,1,0,-0.016,140,165,-6.08,36,0,0.54,1.67,-0.76,-0.016,-0.366,-6.08,-4.95,-5.48,-5.55,-5.5,-6.1,75.287,132.132,101.626,97.886,0,0,0,0
4454,68,Mujer,7.2,153,41.2,63,0,0,-0.741,30,143,2.05,36,0,-0.16,-2.38,1.67,-0.741,-1.091,2.05,3.17,2.65,2.57,1.53,0.93,1700.456,2984.394,2295.376,2210.893,0,0,0,0
4455,47,Mujer,6.7,134,55,130,0,1,-0.005,129,128,-1.1,36,0,-1.03,-0.04,-0.91,0.345,-0.005,-2.22,-1.1,-1.62,-1.7,-1.1,-1.7,880.775,1545.808,1188.921,1145.163,0,0,0,0
4456,60,Hombre,6.9,121,49.7,120,0,0,0.021,123,123,-1.83,36,0,-2.45,-0.6,-1.08,0.021,-0.329,-1.83,-0.71,-1.23,-1.31,-1.2,-1.8,706.036,1239.133,953.05,917.972,0,0,0,0
4457,53,Hombre,8.6,143,62,165,0,1,0.335,231,143,-2.89,36,0,1.23,0.67,-1.99,0.685,0.335,-4.02,-2.89,-3.42,-3.49,-2.39,-2.99,931.085,1634.105,1256.833,1210.574,0,0,0,0
4458,60,Hombre,5.8,144,45.7,55,0,1,-0.818,24,134,0.78,36,0,1.42,1.17,-0.83,-0.468,-0.818,-0.34,0.78,0.26,0.18,-0.45,-1.05,62.411,109.535,84.246,81.146,0,0,0,0
4459,56,Mujer,7.4,130,54.8,150,0,1,-0.085,138,117,-1.74,36,0,-0.08,0.11,1.24,0.265,-0.085,-2.87,-1.74,-2.27,-2.34,-1.87,-2.47,2093.485,3674.18,2825.909,2721.899,0,0,0,0
4460,86,Mujer,8,134,40.2,55,0,0,0.75,116,141,-2.65,36,0,0.43,-0.17,0.96,0.75,0.4,-2.65,-1.52,-2.05,-2.12,-0.92,-1.52,207.471,364.124,280.057,269.75,0,0,0,0
4461,52,Hombre,8.3,157,68.9,397,0,1,-1.202,119,135,-0.55,36,0,0.22,-1.85,0.41,-0.852,-1.202,-1.67,-0.55,-1.07,-1.15,-2.35,-2.95,3385.981,5942.582,4570.597,4402.373,0,0,0,0
4462,61,Hombre,8.6,132,51.1,331,1,1,-0.108,297,126,-2.85,36,0,-1.37,0.39,-0.38,0.242,-0.108,-3.98,-2.85,-3.38,-3.45,-3.01,-3.61,60.018,105.335,81.016,78.034,0,0,0,0
4463,65,Hombre,7.7,126,39.2,508,0,1,-0.589,282,134,-2.27,36,0,0.85,1.06,1.23,-0.239,-0.589,-3.39,-2.27,-2.79,-2.87,-3.15,-3.75,331.41,581.643,447.357,430.891,0,0,0,0
4464,66,Hombre,7.5,132,36.2,38,0,0,0.907,94,130,-4.73,36,0,1.51,-0.41,0.2,0.907,0.557,-4.73,-3.61,-4.13,-4.21,-2.77,-3.37,573.213,1006.02,773.756,745.278,0,0,0,0
4465,77,Mujer,8.3,120,29.9,104,0,0,0.172,124,130,-3.67,36,0,-0.45,0.19,0.57,0.172,-0.178,-3.67,-2.55,-3.07,-3.15,-2.82,-3.42,77.435,135.903,104.526,100.679,0,0,0,0
4466,67,Hombre,9.7,132,57.7,187,0,1,0.151,217,119,-2.03,36,0,0.82,0.77,-1.53,0.501,0.151,-3.15,-2.03,-2.55,-2.63,-1.8,-2.4,97.343,170.842,131.399,126.563,0,0,0,0
4467,65,Hombre,8.3,135,57,90,1,0,0.264,117,142,-1.45,36,0,0.52,-0.14,-0.27,0.264,-0.086,-1.45,-0.33,-0.85,-0.93,-0.45,-1.05,1145.943,2011.192,1546.861,1489.928,0,0,0,0
4468,61,Mujer,8.5,142,51,220,1,0,0.393,326,153,-3.85,36,0,-0.31,0.77,1.08,0.393,0.043,-3.85,-2.73,-3.25,-3.33,-2.66,-3.26,68.017,119.374,91.814,88.434,0,0,0,0
4469,41,Hombre,9.8,122,64.9,32,0,1,-0.053,30,120,-3.71,36,0,0.19,1.96,-0.97,0.297,-0.053,-4.84,-3.71,-4.24,-4.31,-3.79,-4.39,1171.244,2055.597,1581.014,1522.824,0,0,0,0
4470,53,Mujer,7.3,104,49.4,202,0,1,-0.825,89,97,3.03,36,0,-2.46,-1.01,-0.41,-0.475,-0.825,1.91,3.03,2.51,2.43,1.8,1.2,1145.873,2011.07,1546.767,1489.837,0,0,0,0
4471,76,Mujer,7.2,141,34.2,134,1,0,-0.227,107,139,-0.86,36,0,-0.97,-1.34,0.42,-0.227,-0.577,-0.86,0.27,-0.26,-0.33,-0.6,-1.2,2006.118,3520.847,2707.976,2608.308,0,0,0,0
4472,64,Hombre,6.8,143,35.8,161,0,0,0.201,197,145,-4.11,36,0,-1.26,0.65,0.07,0.201,-0.149,-4.11,-2.99,-3.51,-3.59,-3.21,-3.81,381.699,669.903,515.24,496.276,0,0,0,0
4473,49,Mujer,8.1,130,53.3,27,0,1,-0.681,14,121,0.14,36,0,0.46,-0.82,-0.91,-0.331,-0.681,-0.98,0.14,-0.38,-0.46,-0.88,-1.48,386.845,678.934,522.186,502.966,0,0,0,0
4474,60,Mujer,7.8,133,39.3,14,0,0,1.175,45,132,-1.81,36,0,1.57,-1.12,0.14,1.175,0.825,-1.81,-0.68,-1.21,-1.28,0.56,-0.04,1237.774,2172.361,1670.82,1609.324,0,0,0,0
4475,79,Hombre,8.6,144,44.4,193,1,1,-0.363,134,142,-2.24,14.82,1,0.62,0.19,0.93,-0.013,-0.363,-3.36,-2.24,-2.76,-2.84,-2.78,-3.38,8.445,14.822,11.4,10.981,1,1,1,1
4476,47,Mujer,9.1,123,68.4,63,0,0,1.034,177,123,-2.1,36,0,-1.34,-0.34,1.72,1.034,0.684,-2.1,-0.97,-1.5,-1.57,0.05,-0.55,547.087,960.168,738.491,711.31,0,0,0,0
4477,58,Mujer,8,137,44,110,0,0,0.445,172,134,-3.27,36,0,0.02,1.12,-0.02,0.445,0.095,-3.27,-2.14,-2.67,-2.74,-2,-2.6,181.771,319.019,245.366,236.335,0,0,0,0
4478,90,Mujer,7.1,151,34.8,36,0,0,-0.505,22,142,-1.24,36,0,1.07,-0.45,1.94,-0.505,-0.855,-1.24,-0.12,-0.64,-0.72,-1.4,-2,289.862,508.724,391.273,376.872,0,0,0,0
4479,80,Mujer,7,134,39.9,73,0,0,-0.498,44,141,-0.08,19.78,1,0.99,-1.31,-0.12,-0.498,-0.848,-0.08,1.05,0.52,0.45,-0.23,-0.83,19.78,34.714,26.7,25.717,1,1,1,1
4480,49,Mujer,6.4,121,60.2,104,0,0,0.567,183,115,-4.52,36,0,-0.15,1.32,-0.6,0.567,0.217,-4.52,-3.39,-3.92,-3.99,-3.07,-3.67,412.551,724.049,556.885,536.389,0,0,0,0
4481,57,Mujer,5.5,112,30.7,158,0,0,-0.237,125,99,-0.2,36,0,0.51,0.57,-1.03,-0.237,-0.587,-0.2,0.93,0.4,0.33,0.05,-0.55,2428.488,4262.129,3278.116,3157.463,0,0,0,0
4482,47,Mujer,9.4,121,36,127,0,1,0.021,130,108,-0.82,36,0,-0.51,0.19,-1.38,0.371,0.021,-1.94,-0.82,-1.34,-1.42,-0.79,-1.39,604.31,1060.597,815.733,785.709,0,0,0,0
4483,51,Mujer,9.3,126,41.1,34,0,1,-0.089,31,134,-0.09,36,0,-0.94,0.26,1.14,0.261,-0.089,-1.21,-0.09,-0.61,-0.69,-0.22,-0.82,241.785,424.346,326.376,314.363,0,0,0,0
4484,65,Hombre,10.4,122,48.6,407,0,0,0.197,495,127,-0.74,36,0,-0.76,-0.9,-1.06,0.197,-0.153,-0.74,0.38,-0.14,-0.22,0.15,-0.45,569.808,1000.043,769.16,740.85,0,0,0,0
4485,69,Mujer,5.5,139,44.2,155,1,1,-0.06,146,132,-2.71,36,0,-0.92,-0.97,-0.38,0.29,-0.06,-3.83,-2.71,-3.23,-3.31,-2.8,-3.4,1753.706,3077.85,2367.255,2280.127,0,0,0,0
4486,69,Mujer,7.9,134,41,65,0,0,-0.76,30,142,-1.61,36,0,0.26,-0.41,1.28,-0.76,-1.11,-1.61,-0.49,-1.01,-1.09,-2.15,-2.75,2418.966,4245.417,3265.262,3145.082,0,0,0,0
4487,63,Hombre,9.3,142,48.7,172,0,0,1.059,496,137,-5.83,36,0,0.27,0.73,0.76,1.059,0.709,-5.83,-4.7,-5.23,-5.3,-3.64,-4.24,487.492,855.575,658.045,633.826,0,0,0,0
4488,52,Mujer,7.3,106,48.5,41,0,1,-0.815,18,100,0.7,36,0,0.25,0.48,0.82,-0.465,-0.815,-0.42,0.7,0.18,0.1,-0.52,-1.12,5080.668,8916.851,6858.185,6605.766,0,0,0,0
4489,69,Mujer,7.6,141,48.8,419,1,0,-0.029,407,143,-2.11,36,0,1.88,-0.98,0.25,-0.029,-0.379,-2.11,-0.98,-1.51,-1.58,-1.55,-2.15,2188.577,3841.072,2954.27,2845.536,0,0,0,0
4490,53,Mujer,8,112,50.2,35,0,1,-0.012,35,109,1.93,36,0,0.74,-0.66,-0.5,0.338,-0.012,0.81,1.93,1.41,1.33,1.91,1.31,731.269,1283.417,987.109,950.778,0,0,0,0
4491,65,Hombre,7.3,123,38.2,20,1,1,-0.233,16,122,-2.92,36,0,-0.96,0.39,-0.28,0.117,-0.233,-4.05,-2.92,-3.45,-3.52,-3.27,-3.87,515.711,905.101,696.137,670.515,0,0,0,0
4492,67,Mujer,6.6,118,44.4,51,0,0,-0.832,22,102,0.43,36,0,-0.75,-0.33,1.62,-0.832,-1.182,0.43,1.55,1.03,0.95,-0.22,-0.82,1114.425,1955.876,1504.316,1448.949,0,0,0,0
4493,72,Mujer,8.2,123,27.9,88,0,0,0.303,119,103,-2.41,36,0,-0.28,0.94,0.66,0.303,-0.047,-2.41,-1.28,-1.81,-1.88,-1.35,-1.95,310.089,544.222,418.576,403.17,0,0,0,0
4494,70,Hombre,8.3,142,47.9,21,1,0,0.37,30,138,-3.85,36,0,-0.11,0.83,-0.83,0.37,0.02,-3.85,-2.72,-3.25,-3.32,-2.69,-3.29,46.668,81.905,62.996,60.677,0,0,0,0
4495,67,Mujer,7.5,140,51.7,180,0,0,-0.316,131,145,-1.43,36,0,1.69,-0.5,0.41,-0.316,-0.666,-1.43,-0.3,-0.83,-0.9,-1.3,-1.9,1163.575,2042.139,1570.663,1512.853,0,0,0,0
4496,66,Hombre,6.6,145,39.1,171,1,1,-0.498,104,140,-1.63,36,0,-0,0.19,1.37,-0.148,-0.498,-2.76,-1.63,-2.16,-2.23,-2.38,-2.98,447.448,785.297,603.992,581.762,0,0,0,0
4497,62,Mujer,7.1,125,38.7,20,0,0,-0.617,11,131,-0.33,36,0,0.82,-0.59,0.43,-0.617,-0.967,-0.33,0.8,0.27,0.2,-0.65,-1.25,401.411,704.498,541.848,521.905,0,0,0,0
4498,66,Hombre,8.4,130,53.1,134,1,1,0.068,143,110,-1.62,31.32,1,-0.19,0.46,0.33,0.418,0.068,-2.74,-1.62,-2.14,-2.22,-1.52,-2.12,17.844,31.316,24.086,23.2,1,1,1,1
4499,64,Hombre,6,138,47,344,1,1,-0.978,129,126,-4.21,36,0,-0.37,0.07,1.19,-0.628,-0.978,-5.34,-4.21,-4.74,-4.81,-5.68,-6.28,41.405,72.668,55.891,53.834,0,0,0,0
4500,69,Mujer,9,119,56.8,174,1,1,0.442,271,115,-4.33,36,0,-0.01,1.1,-0.45,0.792,0.442,-5.46,-4.33,-4.86,-4.93,-3.67,-4.27,45.477,79.815,61.388,59.128,0,0,0,0
4501,59,Mujer,11.1,101,36.4,176,0,1,-0.039,169,93,-1.8,36,0,-1.2,-0.16,1.11,0.311,-0.039,-2.92,-1.8,-2.32,-2.4,-1.86,-2.46,522.701,917.368,705.572,679.603,0,0,0,0
4502,77,Mujer,8.5,157,38.5,45,1,0,1.251,157,154,-3.34,36,0,0.06,-0.37,-0.73,1.251,0.901,-3.34,-2.22,-2.74,-2.82,-0.86,-1.46,72.188,126.693,97.443,93.857,0,0,0,0
4503,65,Hombre,6.1,147,51.2,99,1,0,0.271,130,138,-3.13,36,0,1.63,1.14,0.25,0.271,-0.079,-3.13,-2,-2.53,-2.6,-2.12,-2.72,137.151,240.708,185.135,178.321,0,0,0,0
4504,77,Hombre,8.8,144,53.5,131,0,1,-0.228,104,134,-1.73,36,0,-0.71,0.27,1.54,0.122,-0.228,-2.86,-1.73,-2.26,-2.33,-2.07,-2.67,941.752,1652.827,1271.233,1224.444,0,0,0,0
4505,75,Hombre,8.4,160,62.7,46,1,1,0.894,113,144,-3.91,36,0,0.3,-1.02,-0.33,1.244,0.894,-5.04,-3.91,-4.44,-4.51,-2.57,-3.17,114.814,201.505,154.983,149.279,0,0,0,0
4506,74,Hombre,7.3,140,36.2,101,1,0,0.51,168,151,-5.71,4.87,1,1.7,0.38,-1.29,0.51,0.16,-5.71,-4.59,-5.11,-5.19,-4.35,-4.95,4.875,8.556,6.58,6.338,1,1,1,1
4507,68,Hombre,6.1,134,43,96,0,0,0.044,100,125,-4.31,36,0,-0.34,0.86,-0.59,0.044,-0.306,-4.31,-3.18,-3.71,-3.78,-3.64,-4.24,1043.436,1831.287,1408.491,1356.65,0,0,0,0
4508,62,Mujer,7.4,125,39.2,277,0,1,0.292,371,127,-2.2,15.45,1,-1.08,-0.92,1.16,0.642,0.292,-3.32,-2.2,-2.72,-2.8,-1.76,-2.36,8.803,15.45,11.883,11.446,1,1,1,1
4509,50,Hombre,10,135,56.9,90,0,1,0.531,153,123,-1.82,36,0,-0.51,0.55,-0.44,0.881,0.531,-2.94,-1.82,-2.34,-2.42,-1.02,-1.62,1185.809,2081.159,1600.674,1541.76,0,0,0,0
4510,70,Mujer,7.2,117,45.4,17,0,0,-0.052,16,115,-1.78,36,0,-0.22,-0.11,-0.8,-0.052,-0.402,-1.78,-0.65,-1.18,-1.25,-1.26,-1.86,295.904,519.327,399.428,384.727,0,0,0,0
4511,64,Hombre,7.3,117,55.5,261,0,0,0.193,317,111,-2.23,36,0,-0.36,0.26,-1.18,0.193,-0.157,-2.23,-1.1,-1.63,-1.7,-1.34,-1.94,1231.131,2160.702,1661.853,1600.687,0,0,0,0
4512,53,Mujer,8.3,137,54.2,890,1,1,0.248,1141,118,-2.6,8.19,1,-1.67,0.59,-1.99,0.598,0.248,-3.72,-2.6,-3.12,-3.2,-2.23,-2.83,4.666,8.189,6.299,6.067,1,1,1,1
4513,46,Mujer,5.5,116,63.1,14,0,1,0.107,16,102,1.84,36,0,-1,-0.22,1.48,0.457,0.107,0.72,1.84,1.32,1.24,2,1.4,9933.282,17433.453,13408.528,12915.019,0,0,0,0
4514,85,Hombre,7.2,152,39.1,26,0,0,0.06,28,144,-1.53,36,0,1.64,-2.66,-1.13,0.06,-0.29,-1.53,-0.41,-0.93,-1.01,-0.84,-1.44,1757.519,3084.543,2372.403,2285.085,0,0,0,0
4515,44,Hombre,6.8,128,46.6,97,0,1,-0.821,43,137,1.42,36,0,0.85,0.44,-1.1,-0.471,-0.821,0.3,1.42,0.9,0.82,0.19,-0.41,30.51,53.546,41.184,39.668,1,0,0,0
4516,55,Mujer,5.7,134,58,98,0,1,-0.461,62,123,3.02,36,0,-0.59,0.56,-0.44,-0.111,-0.461,1.89,3.02,2.49,2.42,2.33,1.73,417.065,731.972,562.979,542.258,0,0,0,0
4517,64,Mujer,8.7,115,34.5,256,0,1,-0.791,116,109,-0.24,36,0,-0.22,0.42,1.49,-0.441,-0.791,-1.37,-0.24,-0.77,-0.84,-1.43,-2.03,273.154,479.4,368.719,355.148,0,0,0,0
4518,73,Hombre,8.4,142,43.6,169,1,1,0.125,191,151,-0.43,36,0,1.39,-0.09,-0.75,0.475,0.125,-1.55,-0.43,-0.95,-1.03,-0.24,-0.84,61.936,108.701,83.605,80.528,0,0,0,0
4519,62,Mujer,9.1,124,47.5,417,0,1,0.144,481,113,-3.94,36,0,-0.4,0.05,-0.12,0.494,0.144,-5.06,-3.94,-4.46,-4.54,-3.72,-4.32,561.365,985.226,757.764,729.874,0,0,0,0
4520,61,Mujer,8.7,167,53.5,134,0,1,-0.214,108,166,-1.45,36,0,0.74,-0.6,1.04,0.136,-0.214,-2.58,-1.45,-1.98,-2.05,-1.78,-2.38,679.204,1192.04,916.829,883.085,0,0,0,0
4521,63,Hombre,6.1,149,44.7,106,0,1,-0.195,87,148,0.25,36,0,0.5,0.21,0.85,0.155,-0.195,-0.87,0.25,-0.27,-0.35,-0.04,-0.64,1189.652,2087.905,1605.863,1546.758,0,0,0,0
4522,76,Mujer,8.8,164,39.4,59,1,0,-0.071,55,173,-2.97,36,0,-0.25,-1.57,0.47,-0.071,-0.421,-2.97,-1.85,-2.37,-2.45,-2.48,-3.08,772.124,1355.119,1042.258,1003.897,0,0,0,0
4523,73,Mujer,7.8,181,41.4,73,0,0,-0.214,59,185,-3,36,0,0.98,-0.77,-0.07,-0.214,-0.564,-3,-1.88,-2.4,-2.48,-2.72,-3.32,212.983,373.797,287.498,276.916,0,0,0,0
4524,68,Mujer,8.2,136,56.6,73,0,0,0.472,117,148,-4.67,36,0,0.56,-0.09,0.9,0.472,0.122,-4.67,-3.54,-4.07,-4.14,-3.36,-3.96,868.019,1523.42,1171.703,1128.577,0,0,0,0
4525,77,Mujer,9.9,143,33.9,354,0,0,-0.522,210,136,-0.92,36,0,-1.32,-0.97,0.96,-0.522,-0.872,-0.92,0.21,-0.32,-0.39,-1.1,-1.7,477.015,837.188,643.903,620.204,0,0,0,0
4526,66,Hombre,6.3,146,51.9,102,0,0,0.119,115,127,-2.63,36,0,0.22,0.81,-0.11,0.119,-0.231,-2.63,-1.51,-2.03,-2.11,-1.85,-2.45,320.923,563.237,433.2,417.256,0,0,0,0
4527,62,Hombre,7.2,104,57.5,481,0,1,0.023,492,110,-0.37,36,0,-0.05,-1.95,-0.68,0.373,0.023,-1.49,-0.37,-0.89,-0.97,-0.33,-0.93,1482.176,2601.301,2000.729,1927.091,0,0,0,0
4528,52,Mujer,7.9,124,55.1,49,0,0,-0.113,44,121,-1.87,36,0,-0.57,-0.22,-0.17,-0.113,-0.463,-1.87,-0.75,-1.27,-1.35,-1.44,-2.04,2050.41,3598.582,2767.764,2665.895,0,0,0,0
4529,45,Mujer,7.7,107,36.2,53,1,0,-0.647,28,110,0.88,36,0,0.02,-0.61,-0.91,-0.647,-0.997,0.88,2.01,1.48,1.41,0.51,-0.09,2701.327,4740.977,3646.41,3512.202,0,0,0,0
4530,72,Hombre,8.1,123,48.9,129,0,0,0.511,215,126,-2.78,36,0,-0.13,0.13,0.05,0.511,0.161,-2.78,-1.65,-2.18,-2.25,-1.41,-2.01,146.348,256.849,197.549,190.278,0,0,0,0
4531,61,Hombre,6.5,161,42.1,77,0,0,-0.871,32,149,0.89,36,0,2.22,-1.56,-0.5,-0.871,-1.221,0.89,2.02,1.49,1.42,0.19,-0.41,3082.263,5409.54,4160.62,4007.486,0,0,0,0
4532,52,Hombre,8.2,112,59.5,116,0,0,0.888,282,97,-3.5,36,0,-0.16,-0.05,0.65,0.888,0.538,-3.5,-2.37,-2.9,-2.97,-1.56,-2.16,1622.989,2848.434,2190.805,2110.172,0,0,0,0
4533,74,Hombre,8.2,136,34.4,153,0,0,0.017,156,143,-2.87,36,0,2.44,0.83,-1.03,0.017,-0.333,-2.87,-1.75,-2.27,-2.35,-2.25,-2.85,163.083,286.22,220.14,212.037,0,0,0,0
4534,78,Mujer,6.7,137,29.8,71,0,0,-0.09,65,126,-2.76,36,0,0.62,0.13,-0.92,-0.09,-0.44,-2.76,-1.63,-2.16,-2.23,-2.29,-2.89,436.416,765.935,589.1,567.418,0,0,0,0
4535,66,Hombre,9.2,153,48.8,378,0,1,-0.401,253,146,-1.83,36,0,1.49,-0.22,0.92,-0.051,-0.401,-2.96,-1.83,-2.36,-2.43,-2.43,-3.03,370.835,650.837,500.576,482.152,0,0,0,0
4536,70,Hombre,8,132,48.4,74,1,1,0.488,121,115,-4.46,36,0,0.24,1.02,-0.17,0.838,0.488,-5.59,-4.46,-4.99,-5.06,-3.73,-4.33,1387.985,2435.99,1873.584,1804.626,0,0,0,0
4537,69,Hombre,6.2,141,60.6,132,0,1,-0.518,79,136,0.63,36,0,-0.61,0.11,0.15,-0.168,-0.518,-0.49,0.63,0.11,0.03,-0.14,-0.74,635.77,1115.812,858.2,826.614,0,0,0,0
4538,66,Mujer,8.8,142,47.2,33,0,0,0.657,64,144,-3.94,36,0,0.34,0.24,1.01,0.657,0.307,-3.94,-2.81,-3.34,-3.41,-2.35,-2.95,366.129,642.577,494.223,476.032,0,0,0,0
4539,54,Hombre,5.5,127,50.6,29,0,1,0.576,52,121,0.2,36,0,-0.63,-0.07,-0.05,0.926,0.576,-0.92,0.2,-0.32,-0.4,1.07,0.47,1034.466,1815.544,1396.383,1344.988,0,0,0,0
4540,56,Mujer,8.6,137,50.9,165,0,0,0.433,254,139,-1.11,36,0,-1.45,0.6,0.54,0.433,0.083,-1.11,0.02,-0.51,-0.58,0.14,-0.46,282.141,495.173,380.85,366.833,0,0,0,0
4541,57,Hombre,8.7,145,57.3,48,0,1,-0.033,46,135,-0.12,36,0,1.29,-0.99,0.42,0.317,-0.033,-1.24,-0.12,-0.64,-0.72,-0.17,-0.77,458.95,805.483,619.518,596.716,0,0,0,0
4542,70,Mujer,7.4,113,31.4,42,1,0,-0.256,33,111,-1.49,36,0,1.41,0.16,-1.68,-0.256,-0.606,-1.49,-0.37,-0.89,-0.97,-1.27,-1.87,1009.806,1772.265,1363.096,1312.926,0,0,0,0
4543,64,Mujer,8.9,130,45.9,51,0,0,0.284,68,113,-1.92,36,0,-0.72,-0.45,-0.07,0.284,-0.066,-1.92,-0.79,-1.32,-1.39,-0.89,-1.49,1450.894,2546.398,1958.502,1886.418,0,0,0,0
4544,67,Mujer,8.7,123,53.3,91,0,1,-0.441,59,109,-3.17,36,0,-2.06,-0.19,0.12,-0.091,-0.441,-4.29,-3.17,-3.69,-3.77,-3.83,-4.43,1476.341,2591.059,1992.852,1919.504,0,0,0,0
4545,73,Hombre,6.8,117,34.2,264,0,0,-0.363,184,143,-1.35,36,0,1.24,-1.38,0.13,-0.363,-0.713,-1.35,-0.23,-0.75,-0.83,-1.3,-1.9,408.898,717.639,551.955,531.64,0,0,0,0
4546,67,Mujer,7.3,132,47,323,0,1,-0.652,168,124,-0.75,36,0,0.34,-0.88,-1.36,-0.302,-0.652,-1.88,-0.75,-1.28,-1.35,-1.73,-2.33,2003.022,3515.414,2703.798,2604.283,0,0,0,0
4547,82,Mujer,8.8,131,35.7,78,0,0,0.013,79,130,-2,36,0,0.99,-1.25,0.2,0.013,-0.337,-2,-0.88,-1.4,-1.48,-1.38,-1.98,900.162,1579.833,1215.091,1170.369,0,0,0,0
4548,61,Hombre,9.4,141,66.2,50,0,1,0.032,52,143,-2.53,36,0,-0.28,0.83,-0.23,0.382,0.032,-3.66,-2.53,-3.06,-3.13,-2.48,-3.08,514.749,903.412,694.838,669.264,0,0,0,0
4549,67,Mujer,6.7,153,47.1,68,0,0,-0.091,62,150,-1.61,8.07,1,0.03,0.55,-0.16,-0.091,-0.441,-1.61,-0.48,-1.01,-1.08,-1.14,-1.74,8.069,14.162,10.892,10.491,1,1,1,1
4550,50,Hombre,7.8,145,57,22,1,1,-0.357,15,139,1.34,36,0,-0.14,-1.41,0.5,-0.007,-0.357,0.21,1.34,0.81,0.74,0.8,0.2,954.715,1675.578,1288.731,1241.298,0,0,0,0
4551,89,Hombre,8,141,43.8,62,0,1,-0.098,56,128,-1.8,36,0,1.39,-0.17,-0.45,0.252,-0.098,-2.92,-1.8,-2.32,-2.4,-1.94,-2.54,156.469,274.612,211.212,203.438,0,0,0,0
4552,83,Hombre,7.1,112,50.1,61,0,0,-0.78,28,108,1.66,36,0,-0.36,-0.98,1.3,-0.78,-1.13,1.66,2.78,2.26,2.18,1.09,0.49,1434.535,2517.687,1936.419,1865.148,0,0,0,0
4553,78,Mujer,9.2,141,30.9,830,1,1,-0.764,386,138,-1.65,36,0,-0.35,-0.21,0.24,-0.414,-0.764,-2.77,-1.65,-2.17,-2.25,-2.8,-3.4,74.214,130.25,100.179,96.492,0,0,0,0
4554,45,Hombre,7.4,150,46,225,0,1,-0.31,165,153,-1.65,36,0,-0.03,0.03,1.5,0.04,-0.31,-2.77,-1.65,-2.17,-2.25,-2.11,-2.71,75.09,131.787,101.361,97.63,0,0,0,0
4555,56,Hombre,9,138,36.2,68,0,1,-0.539,40,128,0.54,36,0,0.07,-0.71,-0.35,-0.189,-0.539,-0.59,0.54,0.01,-0.06,-0.27,-0.87,1091.604,1915.824,1473.511,1419.277,0,0,0,0
4556,66,Hombre,9,138,56.6,84,0,0,-0.186,70,142,-2.39,36,0,-0.84,-0.44,-0.18,-0.186,-0.536,-2.39,-1.27,-1.79,-1.87,-2.07,-2.67,441.937,775.624,596.553,574.596,0,0,0,0
4557,55,Mujer,9,129,42,79,0,1,-0.528,47,119,-2.11,36,0,-0.19,0.48,0.07,-0.178,-0.528,-3.24,-2.11,-2.64,-2.71,-2.91,-3.51,92.999,163.219,125.536,120.916,0,0,0,0
4558,74,Hombre,5.5,121,43.8,17,1,1,0.597,31,108,-4.31,36,0,0.01,1.16,-0.86,0.947,0.597,-5.43,-4.31,-4.83,-4.91,-3.41,-4.01,96.965,170.18,130.89,126.072,0,0,0,0
4559,70,Mujer,6.1,129,36.6,860,1,0,1.029,2406,135,-5.58,25.05,1,-0.33,1.78,0.89,1.029,0.679,-5.58,-4.46,-4.98,-5.06,-3.44,-4.04,25.054,43.971,33.819,32.574,1,0,1,1
4560,70,Mujer,8.8,137,43.1,525,0,0,-0.006,522,143,-4.56,36,0,-0.48,1.77,0.43,-0.006,-0.356,-4.56,-3.44,-3.96,-4.04,-3.97,-4.57,310.179,544.382,418.698,403.288,0,0,0,0
4561,77,Hombre,5.6,150,55.7,55,1,0,0.432,85,143,-1.2,36,0,1.04,-1.36,0.73,0.432,0.082,-1.2,-0.08,-0.6,-0.68,0.04,-0.56,2305.031,4045.456,3111.467,2996.948,0,0,0,0
4562,68,Mujer,8.3,128,41.5,1336,1,0,0.414,2022,130,-5.22,36,0,0.94,0.21,1.24,0.414,0.064,-5.22,-4.09,-4.62,-4.69,-4,-4.6,218.517,383.509,294.967,284.11,0,0,0,0
4563,77,Hombre,5.7,110,53.2,108,1,1,0.196,131,102,-2.8,36,0,0.82,1.2,0.08,0.546,0.196,-3.93,-2.8,-3.33,-3.4,-2.51,-3.11,312.435,548.34,421.743,406.221,0,0,0,0
4564,65,Mujer,9,117,33.9,467,0,1,0.689,930,112,-5.98,2.39,1,-0.63,1.48,-0.85,1.039,0.689,-7.11,-5.98,-6.51,-6.58,-4.95,-5.55,1.362,2.39,1.838,1.77,1,1,1,1
4565,53,Hombre,9.3,125,52.8,40,0,0,0.738,84,134,-2.98,36,0,-3.19,1.07,-0.02,0.738,0.388,-2.98,-1.85,-2.38,-2.45,-1.27,-1.87,648.532,1138.21,875.427,843.206,0,0,0,0
4566,81,Hombre,6.5,145,34.6,73,1,0,-0.498,44,144,0.1,36,0,1.2,-0.83,1.25,-0.498,-0.848,0.1,1.22,0.7,0.62,-0.05,-0.65,134.182,235.496,181.126,174.46,0,0,0,0
4567,67,Mujer,8.4,102,40.3,231,0,0,0.202,283,94,-4.19,36,0,-0.81,0.54,-0.76,0.202,-0.148,-4.19,-3.06,-3.59,-3.66,-3.28,-3.88,301.978,529.988,407.628,392.625,0,0,0,0
4568,58,Mujer,8.2,144,39.8,28,0,1,-0.017,28,152,-2.09,36,0,-0.57,-0.04,0.5,0.333,-0.017,-3.21,-2.09,-2.61,-2.69,-2.11,-2.71,2284.847,4010.031,3084.221,2970.704,0,0,0,0
4569,53,Hombre,9.6,117,47.9,412,0,1,-0.954,159,109,0.74,36,0,-0.12,-0.59,-1.5,-0.604,-0.954,-0.39,0.74,0.21,0.14,-0.69,-1.29,677.278,1188.66,914.23,880.581,0,0,0,0
4570,62,Hombre,7.9,121,36,105,0,0,0.219,131,120,-2.3,36,0,-0.04,-0.29,-1.64,0.219,-0.131,-2.3,-1.17,-1.7,-1.77,-1.37,-1.97,1955.619,3432.217,2639.809,2542.649,0,0,0,0
4571,68,Hombre,8.3,131,51.2,70,1,0,0.381,103,130,-3.73,36,0,-0.63,1.34,0.02,0.381,0.031,-3.73,-2.6,-3.13,-3.2,-2.56,-3.16,59.379,104.213,80.153,77.203,0,0,0,0
4572,72,Mujer,9.3,131,33.3,175,1,0,0.682,346,136,-2.58,7.37,1,1.07,-0.49,0.34,0.682,0.332,-2.58,-1.46,-1.98,-2.06,-0.96,-1.56,7.369,12.933,9.947,9.581,1,1,1,1
4573,59,Hombre,9.6,143,35.9,337,0,1,-0.154,289,143,-2.33,36,0,-0.09,0.4,0.61,0.196,-0.154,-3.46,-2.33,-2.86,-2.93,-2.56,-3.16,33.678,59.107,45.461,43.788,1,0,0,0
4574,71,Hombre,7.9,135,62.7,339,0,1,-0.153,291,120,-2.31,36,0,-0.02,1.13,1.51,0.197,-0.153,-3.44,-2.31,-2.84,-2.91,-2.54,-3.14,757.878,1330.118,1023.029,985.375,0,0,0,0
4575,58,Hombre,6.9,121,42.4,24,0,0,-0.355,17,130,1.96,36,0,-0.93,-0.96,0.69,-0.355,-0.705,1.96,3.09,2.56,2.49,2.03,1.43,1211.795,2126.767,1635.752,1575.547,0,0,0,0
4576,55,Mujer,8,125,45.4,983,0,0,-0.043,942,124,-1.13,2.85,1,-1.7,-1.1,-0.7,-0.043,-0.393,-1.13,-0.01,-0.53,-0.61,-0.6,-1.2,2.851,5.004,3.849,3.707,1,1,1,1
4577,73,Mujer,7.8,105,44.2,27,0,0,0.298,36,115,-1.75,36,0,-0.36,0.78,-0.18,0.298,-0.052,-1.75,-0.63,-1.15,-1.23,-0.7,-1.3,258.112,453,348.414,335.591,0,0,0,0
4578,64,Hombre,7,150,47.3,44,0,0,0.059,47,149,-0.52,36,0,-1.79,-1.17,0.03,0.059,-0.291,-0.52,0.61,0.08,0.01,0.17,-0.43,3330.763,5845.672,4496.06,4330.58,0,0,0,0
4579,65,Mujer,8.4,127,62.9,145,0,0,0.498,238,144,-4.97,36,0,-0.04,0.88,0.79,0.498,0.148,-4.97,-3.84,-4.37,-4.44,-3.62,-4.22,227.808,399.816,307.509,296.191,0,0,0,0
4580,51,Mujer,5.9,140,45.4,411,0,0,1.104,1240,146,-5.04,36,0,0.1,1.58,0.88,1.104,0.754,-5.04,-3.91,-4.44,-4.51,-2.78,-3.38,112.283,197.064,151.567,145.988,0,0,0,0
4581,43,Hombre,6.1,155,65.2,12,0,0,0.012,12,161,-1.49,36,0,-0.19,0.92,-2.07,0.012,-0.338,-1.49,-0.37,-0.89,-0.97,-0.87,-1.47,963.292,1690.631,1300.309,1252.45,0,0,0,0
4582,71,Mujer,8.8,123,46.8,233,1,0,0.413,352,119,-1.44,36,0,-0.47,-0.18,0.92,0.413,0.063,-1.44,-0.31,-0.84,-0.91,-0.22,-0.82,146.729,257.517,198.063,190.774,0,0,0,0
4583,55,Hombre,7.6,129,39.9,174,0,1,0.715,356,126,-3.77,36,0,0.53,-0.18,0.09,1.065,0.715,-4.89,-3.77,-4.29,-4.37,-2.69,-3.29,202.948,356.185,273.951,263.868,0,0,0,0
4584,61,Hombre,7,141,37.3,57,0,0,-0.374,39,130,-1.64,36,0,-0.49,1.48,1.21,-0.374,-0.724,-1.64,-0.51,-1.04,-1.11,-1.6,-2.2,565.959,993.29,763.965,735.847,0,0,0,0
4585,58,Hombre,8.9,124,39.8,41,1,0,0.36,59,126,-3.55,36,0,-0.95,0,-1.74,0.36,0.01,-3.55,-2.42,-2.95,-3.02,-2.41,-3.01,173.232,304.031,233.838,225.232,0,0,0,0
4586,64,Hombre,7.3,104,59.1,292,0,1,-1.325,78,105,2.02,36,0,0.79,-1.88,0.24,-0.975,-1.325,0.89,2.02,1.49,1.42,0.03,-0.57,2850.033,5001.964,3847.142,3705.546,0,0,0,0
4587,64,Mujer,9,138,40.5,181,0,1,-0.067,169,133,-2.83,36,0,0.05,0.97,1.56,0.283,-0.067,-3.95,-2.83,-3.35,-3.43,-2.93,-3.53,101.234,177.671,136.651,131.622,0,0,0,0
4588,78,Hombre,6.5,144,31,26,0,0,0.135,30,136,-4.44,2.18,1,1.44,-0.77,0.55,0.135,-0.215,-4.44,-3.31,-3.84,-3.91,-3.64,-4.24,2.176,3.819,2.938,2.829,1,1,1,1
4589,74,Mujer,9.2,136,46.9,2505,1,1,-0.374,1723,130,-4.76,36,0,-1.23,-0.24,2.43,-0.024,-0.374,-5.88,-4.76,-5.28,-5.36,-5.32,-5.92,334.858,587.693,452.01,435.374,0,0,0,0
4590,56,Mujer,7.8,142,53.1,74,0,1,-0.474,46,119,-0.56,36,0,0.93,-0.75,0.72,-0.124,-0.474,-1.68,-0.56,-1.08,-1.16,-1.27,-1.87,166.202,291.693,224.349,216.092,0,0,0,0
4591,56,Hombre,8,136,40.3,477,0,1,-0.852,204,126,-1.37,36,0,-0.75,-0.65,-1.21,-0.502,-0.852,-2.5,-1.37,-1.9,-1.97,-2.65,-3.25,591.886,1038.793,798.963,769.557,0,0,0,0
4592,71,Hombre,6.8,157,35.4,249,0,0,0.012,252,156,-3.63,36,0,1.04,0.31,0.69,0.012,-0.338,-3.63,-2.51,-3.03,-3.11,-3.02,-3.62,69.276,121.582,93.512,90.07,0,0,0,0
4593,90,Hombre,9,120,45.1,980,0,0,-1.009,357,123,-2.22,36,0,-0.85,-1.18,0.8,-1.009,-1.359,-2.22,-1.1,-1.62,-1.7,-3.14,-3.74,1605.838,2818.334,2167.655,2087.873,0,0,0,0
4594,67,Hombre,6.8,121,44.9,209,1,0,0.775,454,129,-4.47,36,0,0.82,0.58,-0.81,0.775,0.425,-4.47,-3.35,-3.87,-3.95,-2.71,-3.31,362.379,635.995,489.161,471.157,0,0,0,0
4595,67,Mujer,6.6,165,65.1,52,1,0,0.384,76,157,-2.6,26.59,1,-0.14,-0.4,0.87,0.384,0.034,-2.6,-1.47,-2,-2.07,-1.42,-2.02,26.587,46.661,35.888,34.567,1,0,1,1
4596,73,Hombre,8.9,156,41.7,456,0,1,0.395,677,149,-6.16,36,0,1.67,0.87,1.4,0.745,0.395,-7.29,-6.16,-6.69,-6.76,-5.57,-6.17,102.149,179.277,137.887,132.812,0,0,0,0
4597,55,Hombre,7.9,145,58.5,98,1,1,0.398,146,151,-0.85,36,0,-0.56,-0.24,0.02,0.748,0.398,-1.97,-0.85,-1.37,-1.45,-0.25,-0.85,68.218,119.727,92.085,88.696,0,0,0,0
4598,69,Hombre,7.7,123,43.9,178,0,0,-0.253,138,131,-3.82,36,0,-1.3,1.26,-0.16,-0.253,-0.603,-3.82,-2.69,-3.22,-3.29,-3.6,-4.2,2579.343,4526.889,3481.749,3353.602,0,0,0,0
4599,61,Hombre,5.9,126,54.9,104,0,0,-0.203,85,126,-0.33,36,0,-0.33,-0.71,0.11,-0.203,-0.553,-0.33,0.79,0.27,0.19,-0.04,-0.64,10773.667,18908.375,14542.929,14007.668,0,0,0,0
4600,76,Mujer,9.1,135,36.6,102,0,0,0.302,138,141,-4.52,36,0,0.16,0.02,0.3,0.302,-0.048,-4.52,-3.4,-3.92,-4,-3.47,-4.07,108.665,190.713,146.683,141.284,0,0,0,0
4601,81,Hombre,5.6,136,37.7,40,0,0,0.562,70,152,-2.97,36,0,0.16,0.57,0.35,0.562,0.212,-2.97,-1.85,-2.37,-2.45,-1.53,-2.13,696.805,1222.931,940.588,905.969,0,0,0,0
4602,51,Hombre,9.3,123,56.7,261,0,1,-0.114,233,126,-1.99,36,0,0.44,0.5,-0.12,0.236,-0.114,-3.12,-1.99,-2.52,-2.59,-2.17,-2.77,1473.583,2586.22,1989.13,1915.919,0,0,0,0
4603,52,Mujer,8.5,133,47.3,695,0,1,-0.56,397,132,-1.37,36,0,-0.66,0.13,0.49,-0.21,-0.56,-2.5,-1.37,-1.9,-1.97,-2.21,-2.81,605.172,1062.109,816.896,786.83,0,0,0,0
4604,68,Hombre,7.3,148,39,56,1,0,-0.093,51,148,-1.82,36,0,-0.31,-1.18,-2.12,-0.093,-0.443,-1.82,-0.69,-1.22,-1.29,-1.36,-1.96,2056.931,3610.027,2776.567,2674.374,0,0,0,0
4605,78,Mujer,6.2,163,55.6,49,1,1,0.284,65,164,-1.27,36,0,0.93,0.62,-0.71,0.634,0.284,-2.4,-1.27,-1.8,-1.87,-0.85,-1.45,70.297,123.375,94.891,91.398,0,0,0,0
4606,65,Hombre,8.5,140,57.2,77,0,0,0.698,155,143,-2.92,36,0,-0.07,-0.25,1.91,0.698,0.348,-2.92,-1.79,-2.32,-2.39,-1.27,-1.87,95.877,168.269,129.42,124.657,0,0,0,0
4607,82,Hombre,7.8,117,35.6,38,0,0,1.282,137,125,-4.78,36,0,0.71,1.15,-0.15,1.282,0.932,-4.78,-3.65,-4.18,-4.25,-2.26,-2.86,66.554,116.805,89.838,86.531,0,0,0,0
4608,70,Mujer,8.4,116,40.4,13,0,0,0.756,28,112,-4.3,36,0,0.34,1.78,0.23,0.756,0.406,-4.3,-3.18,-3.7,-3.78,-2.57,-3.17,305.682,536.489,412.628,397.441,0,0,0,0
4609,58,Mujer,6.7,128,47.1,50,0,0,-0.08,46,132,0.05,36,0,-0.94,0.1,-0.3,-0.08,-0.43,0.05,1.17,0.65,0.57,0.53,-0.07,254.176,446.093,343.102,330.474,0,0,0,0
4610,68,Mujer,11.1,149,40.2,612,1,1,0.081,664,134,-5.1,36,0,-0.04,1,-0.26,0.431,0.081,-6.22,-5.1,-5.62,-5.7,-4.98,-5.58,180.157,316.186,243.187,234.237,0,0,0,0
4611,64,Hombre,10.4,107,48.7,314,0,0,0.203,385,110,-4.66,36,0,0.28,-0.3,0.45,0.203,-0.147,-4.66,-3.53,-4.06,-4.13,-3.75,-4.35,101.684,178.461,137.259,132.207,0,0,0,0
4612,62,Hombre,8.7,112,54.2,33,0,1,-1.018,12,118,2.37,36,0,0.55,-0.87,1.5,-0.668,-1.018,1.24,2.37,1.84,1.77,0.84,0.24,10714.52,18804.568,14463.089,13930.767,0,0,0,0
4613,48,Mujer,8.7,141,48.4,142,0,1,0.194,172,138,-2.79,36,0,-0.04,-0.8,1.1,0.544,0.194,-3.91,-2.79,-3.31,-3.39,-2.5,-3.1,766.41,1345.092,1034.546,996.468,0,0,0,0
4614,48,Hombre,10.2,133,53.1,264,0,1,-0.641,139,111,-0.27,36,0,-0.2,-0.56,-0.23,-0.291,-0.641,-1.39,-0.27,-0.79,-0.87,-1.23,-1.83,1109.447,1947.14,1497.597,1442.477,0,0,0,0
4615,56,Hombre,8.8,138,54.1,122,0,1,-0.159,104,139,-0.53,36,0,-1.07,-1.35,-0.22,0.191,-0.159,-1.65,-0.53,-1.05,-1.13,-0.76,-1.36,1663.622,2919.747,2245.655,2163.002,0,0,0,0
4616,75,Hombre,9.3,141,44.8,151,0,1,0.741,317,135,-5.33,31.54,1,-0.7,1.57,-0.28,1.091,0.741,-6.46,-5.33,-5.86,-5.93,-4.22,-4.82,17.97,31.538,24.256,23.364,1,1,1,1
4617,71,Hombre,7.3,150,51.6,87,0,0,0.001,87,145,-2.52,36,0,1,0.65,-0.55,0.001,-0.349,-2.52,-1.39,-1.92,-1.99,-1.92,-2.52,95.573,167.736,129.01,124.262,0,0,0,0
4618,65,Hombre,7.6,149,39.8,57,0,0,0.504,94,140,-3.35,36,0,-0.49,-1.1,0.86,0.504,0.154,-3.35,-2.22,-2.75,-2.82,-1.99,-2.59,748.899,1314.359,1010.908,973.701,0,0,0,0
4619,64,Mujer,8.6,144,34.9,79,0,0,0.469,126,150,-3.51,36,0,-2.07,0.24,-0.6,0.469,0.119,-3.51,-2.38,-2.91,-2.98,-2.21,-2.81,1198.187,2102.883,1617.383,1557.854,0,0,0,0
4620,60,Mujer,8.6,152,40.4,71,0,0,0.199,87,158,-1.69,36,0,-0.67,0.1,0.42,0.199,-0.151,-1.69,-0.56,-1.09,-1.16,-0.79,-1.39,139.311,244.499,188.051,181.129,0,0,0,0
4621,70,Mujer,7.3,155,51.1,257,1,0,-0.516,153,153,-1.29,36,0,1.67,1.31,0.04,-0.516,-0.866,-1.29,-0.17,-0.69,-0.77,-1.47,-2.07,469.268,823.591,633.445,610.131,0,0,0,0
4622,68,Hombre,9.4,130,55.5,546,0,1,-1.413,133,126,-0.98,36,0,-0.5,-0.35,0.57,-1.063,-1.413,-2.1,-0.98,-1.5,-1.58,-3.1,-3.7,2673.652,4692.406,3609.053,3476.22,0,0,0,0
4623,52,Hombre,9.3,132,43,525,0,0,0.085,572,144,-3.17,36,0,1.25,-0.21,0.66,0.085,-0.265,-3.17,-2.04,-2.57,-2.64,-2.44,-3.04,252.22,442.66,340.461,327.93,0,0,0,0
4624,41,Mujer,7.4,128,70.4,109,0,1,0.028,112,133,-1.09,36,0,0.19,-0.37,-0.35,0.378,0.028,-2.21,-1.09,-1.61,-1.69,-1.04,-1.64,352.814,619.207,476.248,458.72,0,0,0,0
4625,65,Mujer,7.5,136,48.4,175,0,1,-0.038,168,131,-2.26,36,0,2.09,-0.18,-1.03,0.312,-0.038,-3.39,-2.26,-2.79,-2.86,-2.32,-2.92,393.882,691.284,531.685,512.116,0,0,0,0
4626,62,Hombre,7.8,120,47.1,184,1,0,0.256,238,120,-2.1,36,0,1.53,-0.05,-1.08,0.256,-0.094,-2.1,-0.97,-1.5,-1.57,-1.11,-1.71,100.389,176.188,135.511,130.523,0,0,0,0
4627,68,Hombre,8.5,115,32.5,100,1,0,-0.693,50,132,-1.57,36,0,1.83,-0.32,-0.64,-0.693,-1.043,-1.57,-0.44,-0.97,-1.04,-2.01,-2.61,54.189,95.105,73.148,70.455,0,0,0,0
4628,61,Mujer,8.4,112,67.3,1140,1,1,-0.792,517,96,-2.68,36,0,-0.85,1.55,-0.59,-0.442,-0.792,-3.8,-2.68,-3.2,-3.28,-3.86,-4.46,172.194,302.21,232.437,223.882,0,0,0,0
4629,71,Mujer,7.2,141,36.7,290,0,1,0.14,334,136,-3.48,36,0,0.73,0.49,1.86,0.49,0.14,-4.61,-3.48,-4.01,-4.08,-3.27,-3.87,348.075,610.891,469.852,452.559,0,0,0,0
4630,57,Hombre,8.7,124,34.9,50,0,0,1.349,193,125,-4.31,21.22,1,-1.24,2.95,0.82,1.349,0.999,-4.31,-3.19,-3.71,-3.79,-1.69,-2.29,21.219,37.241,28.643,27.589,1,0,1,1
4631,67,Hombre,8.6,153,47.8,668,0,1,-0.787,304,149,-1.59,36,0,-0.94,-1.25,-0.98,-0.437,-0.787,-2.71,-1.59,-2.11,-2.19,-2.77,-3.37,41.935,73.597,56.606,54.522,0,0,0,0
4632,69,Hombre,8.4,140,54.6,433,1,1,-0.159,369,124,-2.82,36,0,1.91,0.04,0.7,0.191,-0.159,-3.95,-2.82,-3.35,-3.42,-3.06,-3.66,48.986,85.973,66.124,63.691,0,0,0,0
4633,65,Mujer,10,173,56.2,184,0,1,-0.065,172,165,-4.06,30.44,1,1.86,-0.3,-0.23,0.285,-0.065,-5.19,-4.06,-4.59,-4.66,-4.16,-4.76,17.344,30.44,23.412,22.55,1,1,1,1
4634,64,Hombre,9.4,122,54.6,23,0,0,0.531,39,119,-1.88,36,0,0.35,0.22,-0.35,0.531,0.181,-1.88,-0.76,-1.28,-1.36,-0.49,-1.09,4885.806,8574.856,6595.148,6352.41,0,0,0,0
4635,72,Hombre,7.3,139,30.6,43,0,0,0.811,97,141,-4.99,36,0,1.68,1.99,0.49,0.811,0.461,-4.99,-3.86,-4.39,-4.46,-3.17,-3.77,184.056,323.029,248.45,239.306,0,0,0,0
4636,54,Hombre,6.5,124,47.1,30,0,0,0.568,53,141,-1.68,36,0,0.42,0.4,-0.45,0.568,0.218,-1.68,-0.56,-1.08,-1.16,-0.23,-0.83,4447.649,7805.867,6003.698,5782.728,0,0,0,0
4637,65,Mujer,7.7,155,54.5,105,1,1,0.422,160,163,-2.32,36,0,-0.23,-1.02,0.1,0.772,0.422,-3.44,-2.32,-2.84,-2.92,-1.69,-2.29,97.775,171.601,131.983,127.125,0,0,0,0
4638,67,Mujer,6.4,128,46.5,65,0,0,-1.049,23,111,-0.09,36,0,0.56,0.11,1.42,-1.049,-1.399,-0.09,1.03,0.51,0.43,-1.07,-1.67,2977.042,5224.871,4018.586,3870.68,0,0,0,0
4639,62,Hombre,7.7,142,52.8,171,0,0,-0.091,156,144,-3.14,36,0,-0.76,0.72,-0,-0.091,-0.441,-3.14,-2.01,-2.54,-2.61,-2.68,-3.28,128.072,224.773,172.879,166.516,0,0,0,0
4640,67,Mujer,7.1,160,51.6,140,0,0,-0.009,139,150,-2.31,36,0,-0.71,0.25,1.94,-0.009,-0.359,-2.31,-1.19,-1.71,-1.79,-1.73,-2.33,187.46,329.002,253.044,243.731,0,0,0,0
4641,60,Hombre,7.7,134,51.1,108,0,0,0.13,123,128,-1.37,36,0,-0.29,-1.35,0.13,0.13,-0.22,-1.37,-0.24,-0.77,-0.84,-0.57,-1.17,1161.43,2038.374,1567.767,1510.064,0,0,0,0
4642,88,Mujer,8.8,131,60.4,191,0,0,-0.157,163,122,-4.08,36,0,0.21,0.49,1.88,-0.157,-0.507,-4.08,-2.95,-3.48,-3.55,-3.71,-4.31,256.721,450.56,346.538,333.783,0,0,0,0
4643,65,Mujer,6.1,137,64.1,28,0,0,0.203,34,147,0.46,36,0,-1.56,-1.39,0.3,0.203,-0.147,0.46,1.58,1.06,0.98,1.36,0.76,4231.705,7426.874,5712.205,5501.964,0,0,0,0
4644,71,Mujer,6.3,140,54,52,0,0,0.719,107,138,-2.32,36,0,-0.67,0.92,-1.06,0.719,0.369,-2.32,-1.2,-1.72,-1.8,-0.64,-1.24,544.788,956.132,735.386,708.32,0,0,0,0
4645,61,Mujer,6.5,119,39.9,93,0,1,-0.015,92,107,0.12,36,0,2.11,-0.44,0.65,0.335,-0.015,-1,0.12,-0.4,-0.48,0.1,-0.5,294.815,517.417,397.959,383.312,0,0,0,0
4646,70,Hombre,5.6,167,47.8,98,0,0,0.508,163,176,-3.54,36,0,1.06,-0.75,0.33,0.508,0.158,-3.54,-2.41,-2.94,-3.01,-2.18,-2.78,349.497,613.386,471.772,454.408,0,0,0,0
4647,30,Hombre,9.2,129,47,265,0,1,-0.789,120,121,0.35,36,0,-0.58,-1.1,-0.37,-0.439,-0.789,-0.78,0.35,-0.18,-0.25,-0.83,-1.43,2230.959,3915.455,3011.48,2900.64,0,0,0,0
4648,64,Mujer,7.6,126,35,82,1,1,-0.452,52,113,0.82,36,0,-2.3,-0.25,-0.58,-0.102,-0.452,-0.31,0.82,0.29,0.22,0.14,-0.46,991.584,1740.284,1338.498,1289.234,0,0,0,0
4649,69,Mujer,6.2,105,43,16,1,1,-0.441,10,97,-0.66,36,0,-0.62,0.58,-0.56,-0.091,-0.441,-1.78,-0.66,-1.18,-1.26,-1.32,-1.92,266.965,468.538,360.365,347.101,0,0,0,0
4650,54,Mujer,8.4,117,52.7,78,0,0,0.236,99,124,-2.9,36,0,-0.85,0.59,0.27,0.236,-0.114,-2.9,-1.77,-2.3,-2.37,-1.94,-2.54,92.744,162.771,125.191,120.584,0,0,0,0
4651,64,Mujer,8.5,148,49.2,18,0,0,-0.377,12,170,-1.88,36,0,0.83,-0.28,1.64,-0.377,-0.727,-1.88,-0.75,-1.28,-1.35,-1.84,-2.44,150,263.258,202.479,195.026,0,0,0,0
4652,73,Hombre,8,137,31.8,428,0,0,0.677,843,138,-4.91,19.19,1,0.65,1.07,-0.11,0.677,0.327,-4.91,-3.79,-4.31,-4.39,-3.3,-3.9,19.194,33.687,25.91,24.956,1,1,1,1
4653,60,Mujer,8,102,47.9,20,1,0,0.061,21,116,-0.03,36,0,0.03,-0.46,-1.41,0.061,-0.289,-0.03,1.09,0.57,0.49,0.66,0.06,1958.076,3436.53,2643.126,2545.844,0,0,0,0
4654,56,Hombre,10.3,102,49.5,36,0,1,-0.638,19,88,1.28,36,0,-0.39,-0.5,-1.45,-0.288,-0.638,0.15,1.28,0.75,0.68,0.32,-0.28,1188.172,2085.307,1603.864,1544.833,0,0,0,0
4655,70,Mujer,7.8,133,40.9,358,0,0,-0.742,170,142,-3.34,36,0,0.7,0.27,-0.62,-0.742,-1.092,-3.34,-2.22,-2.74,-2.82,-3.85,-4.45,179.351,314.771,242.098,233.188,0,0,0,0
4656,50,Mujer,8.3,114,50.8,174,0,1,-1.051,61,111,-0.13,36,0,-2.51,0.45,0.31,-0.701,-1.051,-1.26,-0.13,-0.66,-0.73,-1.71,-2.31,3189.363,5597.506,4305.19,4146.735,0,0,0,0
4657,54,Hombre,6.4,117,43.9,16,0,0,-0.673,8,94,2.69,36,0,-1.27,-1.85,0.15,-0.673,-1.023,2.69,3.82,3.29,3.22,2.29,1.69,13467.087,23635.473,18178.666,17509.589,0,0,0,0
4658,46,Hombre,7.9,152,49.1,92,0,0,-0.093,84,148,-1.5,36,0,-1.12,-1.32,0.37,-0.093,-0.443,-1.5,-0.37,-0.9,-0.97,-1.04,-1.64,1411.55,2477.347,1905.393,1835.264,0,0,0,0
4659,69,Hombre,8.7,121,34.6,34,0,0,0.052,36,117,-1.89,36,0,-0.29,0.76,-0.79,0.052,-0.298,-1.89,-0.77,-1.29,-1.37,-1.21,-1.81,982.285,1723.964,1325.946,1277.144,0,0,0,0
4660,58,Mujer,8.1,129,51.2,144,1,1,-0.425,94,125,0.41,36,0,2.09,-1.59,0.75,-0.075,-0.425,-0.71,0.41,-0.11,-0.19,-0.23,-0.83,2430.216,4265.162,3280.448,3159.709,0,0,0,0
4661,72,Hombre,9.5,131,44.9,22,1,0,0.123,25,134,-5.19,36,0,-0.72,1.57,0.34,0.123,-0.227,-5.19,-4.07,-4.59,-4.67,-4.41,-5.01,564.809,991.271,762.413,734.352,0,0,0,0
4662,62,Mujer,6.6,124,42.8,166,0,0,0.141,191,111,-3.19,36,0,-1.26,-0.25,-1.5,0.141,-0.209,-3.19,-2.07,-2.59,-2.67,-2.38,-2.98,223.899,392.955,302.232,291.108,0,0,0,0
4663,70,Hombre,8.1,153,37.3,141,0,0,0.008,142,148,-3.99,36,0,2.03,-0.81,0.54,0.008,-0.342,-3.99,-2.87,-3.39,-3.47,-3.38,-3.98,938.452,1647.034,1266.778,1220.153,0,0,0,0
4664,68,Hombre,7.7,136,46.4,306,0,1,-0.924,122,133,-1.54,36,0,-1.44,-1.54,-2.25,-0.574,-0.924,-2.67,-1.54,-2.07,-2.14,-2.93,-3.53,2017.909,3541.541,2723.893,2623.638,0,0,0,0
4665,61,Hombre,9.9,145,56.6,58,0,1,-0.879,24,140,1.36,36,0,0.34,-0.92,-0.14,-0.529,-0.879,0.24,1.36,0.84,0.76,0.05,-0.55,792.661,1391.164,1069.981,1030.6,0,0,0,0
4666,77,Hombre,6.4,135,48.6,164,0,0,-0.788,75,138,-0.47,36,0,0.4,-0.14,-0.24,-0.788,-1.138,-0.47,0.65,0.13,0.05,-1.06,-1.66,603.14,1058.543,814.153,784.188,0,0,0,0
4667,74,Mujer,7.6,145,29.3,110,0,0,0.786,241,136,-4.55,36,0,-0.03,0.92,-0.91,0.786,0.436,-4.55,-3.42,-3.95,-4.02,-2.77,-3.37,448.106,786.451,604.88,582.617,0,0,0,0
4668,72,Mujer,6.5,155,48.3,70,0,1,-0.694,35,150,-1.45,36,0,1.17,-0.91,1.31,-0.344,-0.694,-2.58,-1.45,-1.98,-2.05,-2.49,-3.09,1154.139,2025.577,1557.925,1500.585,0,0,0,0
4669,52,Mujer,9.9,130,57.3,75,0,0,-0.028,73,128,-2.15,36,0,-2.99,-0.43,-0.95,-0.028,-0.378,-2.15,-1.02,-1.55,-1.62,-1.59,-2.19,140.664,246.873,189.876,182.888,0,0,0,0
4670,66,Mujer,6.1,131,61.4,66,0,1,0.819,150,147,-1.33,36,0,-0.85,1.1,1.92,1.169,0.819,-2.46,-1.33,-1.86,-1.93,-0.11,-0.71,108.483,190.394,146.437,141.047,0,0,0,0
4671,53,Mujer,7.1,150,52.1,712,1,1,-0.038,685,139,-1.39,10.61,1,1.66,1.59,1,0.312,-0.038,-2.52,-1.39,-1.92,-1.99,-1.45,-2.05,6.043,10.605,8.157,7.857,1,1,1,1
4672,67,Mujer,8.7,108,39.3,1640,0,1,-0.709,807,93,-1.23,36,0,-0.4,0.24,0.3,-0.359,-0.709,-2.36,-1.23,-1.76,-1.83,-2.3,-2.9,165.767,290.93,223.762,215.526,0,0,0,0
4673,38,Hombre,6.9,105,53.2,263,0,1,-1.436,63,104,0.54,36,0,0.21,0,-1.44,-1.086,-1.436,-0.58,0.54,0.02,-0.06,-1.61,-2.21,116.446,204.368,157.185,151.4,0,0,0,0
4674,43,Hombre,7.9,110,48.4,48,0,1,1.012,132,93,-1.63,36,0,1.48,-0.16,0.44,1.362,1.012,-2.75,-1.63,-2.15,-2.23,-0.11,-0.71,881.825,1547.65,1190.339,1146.528,0,0,0,0
4675,64,Hombre,9.4,139,47.8,42,0,0,-0.626,22,138,-2.64,36,0,-0.11,-2.44,0.59,-0.626,-0.976,-2.64,-1.52,-2.04,-2.12,-2.98,-3.58,2662.089,4672.111,3593.444,3461.185,0,0,0,0
4676,45,Hombre,8.7,121,44.8,227,0,0,0.384,333,108,-3.68,36,0,0.6,0.08,0.11,0.384,0.034,-3.68,-2.56,-3.08,-3.16,-2.51,-3.11,248.466,436.071,335.394,323.05,0,0,0,0
4677,68,Mujer,5.7,140,38.4,54,0,0,0.599,98,143,-3.25,36,0,-2.05,0.61,-1.23,0.599,0.249,-3.25,-2.12,-2.65,-2.72,-1.75,-2.35,206.097,361.711,278.202,267.962,0,0,0,0
4678,69,Mujer,6.7,132,57.1,96,0,1,0.439,149,134,-2.13,36,0,1.84,1.66,-0.87,0.789,0.439,-3.25,-2.13,-2.65,-2.73,-1.47,-2.07,822.082,1442.8,1109.695,1068.852,0,0,0,0
4679,58,Mujer,6.4,146,63.3,62,0,0,1.214,209,147,-4.46,12.4,1,1.54,1.66,-0.5,1.214,0.864,-4.46,-3.33,-3.86,-3.93,-2.04,-2.64,12.396,21.756,16.733,16.117,1,1,1,1
4680,75,Hombre,10.2,144,36.6,508,0,0,-0.226,405,151,-3.35,36,0,2.34,-0.32,-2.35,-0.226,-0.576,-3.35,-2.23,-2.75,-2.83,-3.09,-3.69,250.587,439.794,338.257,325.807,0,0,0,0
4681,75,Hombre,8.9,130,33.6,122,1,0,-0.802,55,127,-0.72,36,0,1.98,-0.05,0.43,-0.802,-1.152,-0.72,0.41,-0.12,-0.19,-1.32,-1.92,719.096,1262.053,970.678,934.952,0,0,0,0
4682,53,Hombre,7.9,127,37.3,36,0,1,0.618,67,120,-1.78,36,0,-0.09,0.52,-0.17,0.968,0.618,-2.91,-1.78,-2.31,-2.38,-0.86,-1.46,236.414,414.919,319.125,307.379,0,0,0,0
4683,56,Hombre,8.5,136,48.5,210,1,1,-0.256,162,123,-2.78,36,0,-0.02,-0.81,0.04,0.094,-0.256,-3.9,-2.78,-3.3,-3.38,-3.16,-3.76,316.684,555.798,427.479,411.745,0,0,0,0
4684,78,Mujer,8.2,139,26.7,267,0,0,0.28,353,124,-5.22,36,0,1.17,1.49,-0.29,0.28,-0.07,-5.22,-4.1,-4.62,-4.7,-4.2,-4.8,371.63,652.231,501.648,483.185,0,0,0,0
4685,51,Mujer,7,120,44.5,50,0,0,0.241,64,124,-1.96,36,0,-0.23,1.09,0.37,0.241,-0.109,-1.96,-0.83,-1.36,-1.43,-0.99,-1.59,683.556,1199.679,922.704,888.744,0,0,0,0
4686,54,Hombre,7.4,137,60.4,217,0,1,0.026,223,115,-0.38,36,0,-0.6,-0.7,0.89,0.376,0.026,-1.5,-0.38,-0.9,-0.98,-0.34,-0.94,1656.308,2906.911,2235.782,2153.493,0,0,0,0
4687,82,Hombre,9.6,147,37.3,108,1,0,0.748,228,153,-4.26,12.35,1,-1.88,0.88,0.32,0.748,0.398,-4.26,-3.13,-3.66,-3.73,-2.54,-3.14,12.353,21.681,16.675,16.061,1,1,1,1
4688,70,Mujer,7,138,53.5,130,0,0,0.673,255,120,-2.05,36,0,1.53,-0.03,-0.89,0.673,0.323,-2.05,-0.93,-1.45,-1.53,-0.44,-1.04,385.321,676.26,520.129,500.986,0,0,0,0
4689,79,Hombre,6.7,136,37.4,148,1,0,-0.424,97,128,-2.52,36,0,0.36,0.07,0.38,-0.424,-0.774,-2.52,-1.4,-1.92,-2,-2.56,-3.16,610.034,1070.644,823.46,793.152,0,0,0,0
4690,66,Hombre,9,142,31,155,0,1,-0.295,115,135,-4.05,36,0,2.7,0.99,-0.73,0.055,-0.295,-5.17,-4.05,-4.57,-4.65,-4.49,-5.09,96.754,169.809,130.605,125.798,0,0,0,0
4691,71,Mujer,8.1,129,42.9,33,1,0,0.023,34,130,-3.44,36,0,-0.35,-0.14,-1.27,0.023,-0.327,-3.44,-2.32,-2.84,-2.92,-2.81,-3.41,68.169,119.641,92.019,88.632,0,0,0,0
4692,61,Mujer,6.4,141,53.5,113,1,0,-0.813,50,134,3.33,36,0,-2.04,-3.1,-0.82,-0.813,-1.163,3.33,4.45,3.93,3.85,2.71,2.11,1259.574,2210.621,1700.247,1637.668,0,0,0,0
4693,62,Mujer,5.8,140,48.4,21,0,0,-0.221,17,139,-0.84,36,0,-2.28,1.19,-0.09,-0.221,-0.571,-0.84,0.28,-0.24,-0.32,-0.58,-1.18,563.414,988.823,760.53,732.538,0,0,0,0
4694,82,Hombre,8.9,151,55.6,167,1,1,-0.047,159,141,-1.65,36,0,-0.74,-1.11,-0.67,0.303,-0.047,-2.78,-1.65,-2.18,-2.25,-1.72,-2.32,341.553,599.445,461.049,444.08,0,0,0,0
4695,57,Hombre,7,143,49.8,119,0,1,0.081,129,139,-3.4,36,0,1.09,1.5,1.71,0.431,0.081,-4.52,-3.4,-3.92,-4,-3.27,-3.87,619.96,1088.063,836.858,806.057,0,0,0,0
4696,66,Hombre,11.1,133,39.4,95,1,1,0.274,125,127,-2.31,36,0,-1.36,-0.24,-0.43,0.624,0.274,-3.44,-2.31,-2.84,-2.91,-1.9,-2.5,291.925,512.344,394.057,379.554,0,0,0,0
4697,64,Hombre,9.4,154,55.3,123,0,1,0.127,140,140,-2.6,36,0,-0.48,0.55,0.85,0.477,0.127,-3.73,-2.6,-3.13,-3.2,-2.41,-3.01,36.9,64.762,49.81,47.977,0,0,0,0
4698,66,Hombre,7.3,130,53.8,500,0,1,-0.556,287,120,-1.91,36,0,-0.26,0.56,-0.46,-0.206,-0.556,-3.03,-1.91,-2.43,-2.51,-2.74,-3.34,1091.393,1915.454,1473.226,1419.003,0,0,0,0
4699,67,Hombre,6.2,127,33.3,74,0,0,-0.123,65,133,0.84,36,0,-0.43,-1.18,2.51,-0.123,-0.473,0.84,1.96,1.44,1.36,1.25,0.65,750.714,1317.544,1013.358,976.061,0,0,0,0
4700,77,Hombre,9.2,160,40.2,29,0,0,0.954,75,162,-4.41,36,0,0.44,1.17,3.18,0.954,0.604,-4.41,-3.28,-3.81,-3.88,-2.38,-2.98,759.955,1333.762,1025.832,988.075,0,0,0,0
4701,81,Mujer,8.9,152,48.2,85,1,0,0.835,196,169,-5.63,36,0,-1.46,0.9,0.33,0.835,0.485,-5.63,-4.51,-5.03,-5.11,-3.78,-4.38,185.184,325.009,249.973,240.772,0,0,0,0
4702,62,Hombre,7.5,116,42.9,38,0,1,0.807,85,110,-2.79,36,0,-0.6,1.32,-0.5,1.157,0.807,-3.91,-2.79,-3.31,-3.39,-1.58,-2.18,410.597,720.62,554.248,533.849,0,0,0,0
4703,74,Mujer,8.3,138,31.2,196,0,1,-0.452,125,129,-1.36,19.99,1,0.19,1.64,0.03,-0.102,-0.452,-2.48,-1.36,-1.88,-1.96,-2.04,-2.64,11.389,19.989,15.374,14.808,1,1,1,1
4704,75,Mujer,9.5,128,31.4,18,1,0,1.185,59,128,-5.64,36,0,0.64,1.83,-0.92,1.185,0.835,-5.64,-4.52,-5.04,-5.12,-3.27,-3.87,55.464,97.343,74.869,72.113,0,0,0,0
4705,68,Hombre,7.2,124,53.2,186,1,0,0.559,325,137,-2.7,36,0,-0.59,-0.49,0.45,0.559,0.209,-2.7,-1.57,-2.1,-2.17,-1.26,-1.86,266.446,467.627,359.664,346.427,0,0,0,0
4706,58,Mujer,7.7,131,44,57,0,0,-0.252,44,144,-1.69,36,0,-0.77,0.08,2.15,-0.252,-0.602,-1.69,-0.57,-1.09,-1.17,-1.47,-2.07,2310.267,4054.646,3118.535,3003.755,0,0,0,0
4707,42,Hombre,7.7,134,67.8,49,0,0,0.724,101,123,-3.7,36,0,-2.57,0.64,-0.16,0.724,0.374,-3.7,-2.58,-3.1,-3.18,-2.01,-2.61,88.286,154.947,119.174,114.788,0,0,0,0
4708,52,Mujer,6.3,104,49.5,46,0,1,-0.059,43,95,0.02,36,0,-0.76,-1.2,1.88,0.291,-0.059,-1.1,0.02,-0.5,-0.58,-0.06,-0.66,3619.631,6352.65,4885.99,4706.159,0,0,0,0
4709,73,Mujer,7.8,142,45.5,15,0,0,-0.517,9,134,-0.3,36,0,-0.18,-0.47,-1.06,-0.517,-0.867,-0.3,0.82,0.3,0.22,-0.48,-1.08,1813.198,3182.262,2447.562,2357.478,0,0,0,0
4710,63,Mujer,6.1,138,57.2,171,0,0,0.002,171,137,-3.31,36,0,2.02,0.08,-0.02,0.002,-0.348,-3.31,-2.18,-2.71,-2.78,-2.71,-3.31,1648.555,2893.304,2225.316,2143.412,0,0,0,0
4711,62,Hombre,8.4,115,53.5,95,1,1,-0.641,50,107,0.2,36,0,-0.97,-1.02,0.95,-0.291,-0.641,-0.92,0.2,-0.32,-0.4,-0.76,-1.36,3720.766,6530.147,5022.508,4837.652,0,0,0,0
4712,64,Hombre,7.9,142,62,217,1,0,-0.963,83,146,0.19,36,0,0.92,-1.12,1.31,-0.963,-1.313,0.19,1.31,0.79,0.71,-0.66,-1.26,509.031,893.377,687.12,661.83,0,0,0,0
4713,51,Mujer,8.2,112,49.5,62,0,0,0.246,79,115,-2.12,36,0,0.69,-0.24,2.4,0.246,-0.104,-2.12,-0.99,-1.52,-1.59,-1.15,-1.75,700.857,1230.043,946.059,911.238,0,0,0,0
4714,68,Mujer,7.7,123,43.3,112,0,1,-0.968,43,106,-0.01,36,0,0.74,0.38,0.02,-0.618,-0.968,-1.14,-0.01,-0.54,-0.61,-1.46,-2.06,1074.604,1885.988,1450.563,1397.174,0,0,0,0
4715,78,Mujer,7.4,136,31.8,29,0,0,-0.015,29,145,-3.43,36,0,0.05,1.99,0.27,-0.015,-0.365,-3.43,-2.31,-2.83,-2.91,-2.86,-3.46,79.834,140.112,107.764,103.798,0,0,0,0
4716,72,Hombre,7.5,123,30.5,179,0,1,-0.239,141,112,-4.56,36,0,1.77,0.09,0.36,0.111,-0.239,-5.69,-4.56,-5.09,-5.16,-4.92,-5.52,37.523,65.854,50.65,48.786,0,0,0,0
4717,80,Mujer,6.4,135,62.5,281,1,0,0.535,480,129,-3.99,24.62,1,-0.49,-0.57,0.75,0.535,0.185,-3.99,-2.86,-3.39,-3.46,-2.59,-3.19,24.618,43.206,33.231,32.008,1,0,1,1
4718,64,Mujer,6.6,128,58.8,18,0,0,0.565,32,139,-3.74,36,0,-0.17,1.16,-0.31,0.565,0.215,-3.74,-2.61,-3.14,-3.21,-2.29,-2.89,1156.24,2029.264,1560.76,1503.316,0,0,0,0
4719,59,Hombre,7.6,128,28.3,118,0,0,0.31,161,123,-3.4,36,0,-2.46,0.09,-0.48,0.31,-0.04,-3.4,-2.28,-2.8,-2.88,-2.34,-2.94,290.084,509.114,391.573,377.161,0,0,0,0
4720,61,Mujer,6,147,57.5,30,0,1,0.209,37,145,-0.55,36,0,-1.55,-0.06,-0.28,0.559,0.209,-1.67,-0.55,-1.07,-1.15,-0.23,-0.83,1762.086,3092.558,2378.568,2291.023,0,0,0,0
4721,62,Hombre,7.3,122,54.4,161,0,1,-0.793,73,105,1.19,36,0,0.93,-1.55,0.88,-0.443,-0.793,0.06,1.19,0.66,0.59,-0,-0.6,1303.089,2286.992,1758.986,1694.246,0,0,0,0
4722,62,Mujer,6.9,154,71.7,412,0,1,-0.024,402,144,-1.88,36,0,-0.99,-0.18,-0.7,0.326,-0.024,-3,-1.88,-2.4,-2.48,-1.91,-2.51,1287.068,2258.875,1737.36,1673.416,0,0,0,0
4723,55,Mujer,7.9,124,53.5,25,0,0,-0.238,20,129,-0.22,36,0,0.79,-0.93,0.11,-0.238,-0.588,-0.22,0.9,0.38,0.3,0.02,-0.58,2359.992,4141.915,3185.656,3068.406,0,0,0,0
4724,71,Mujer,8.7,155,43.6,56,1,0,0.277,74,161,-3.21,36,0,-0.32,-0.36,0.13,0.277,-0.073,-3.21,-2.08,-2.61,-2.68,-2.19,-2.79,58.021,101.831,78.321,75.438,0,0,0,0
4725,62,Mujer,7.2,139,51.5,169,0,1,-1.011,62,144,0.95,36,0,-1.23,-1.63,0.59,-0.661,-1.011,-0.17,0.95,0.43,0.35,-0.57,-1.17,2542.38,4462.016,3431.854,3305.543,0,0,0,0
4726,70,Mujer,7.9,174,27.7,81,0,0,1.054,232,181,-4.8,36,0,2.53,-0.64,0.76,1.054,0.704,-4.8,-3.67,-4.2,-4.27,-2.62,-3.22,263.726,462.853,355.992,342.89,0,0,0,0
4727,67,Hombre,8.9,132,38.4,60,0,0,0.838,139,130,-5.86,36,0,-1.01,-0.38,0.39,0.838,0.488,-5.86,-4.74,-5.26,-5.34,-4,-4.6,52.354,91.884,70.67,68.069,0,0,0,0
4728,67,Mujer,6.7,147,39.9,174,1,1,-0.794,79,139,1.8,36,0,0.41,-2.56,-1.82,-0.444,-0.794,0.67,1.8,1.27,1.2,0.61,0.01,2616.566,4592.217,3531.995,3401.998,0,0,0,0
4729,59,Hombre,6.9,157,52.5,68,0,0,0.418,103,153,-2.75,36,0,-1.18,0.54,0.47,0.418,0.068,-2.75,-1.62,-2.15,-2.22,-1.52,-2.12,2222.455,3900.53,3000,2889.584,0,0,0,0
4730,67,Hombre,8.9,96,56.1,34,0,0,0.09,37,88,-2.89,36,0,-0.21,-0.79,-0.39,0.09,-0.26,-2.89,-1.76,-2.29,-2.36,-2.15,-2.75,12486.122,21913.827,16854.502,16234.162,0,0,0,0
4731,78,Mujer,10.2,145,47.9,76,0,0,-0.212,61,152,-4.8,36,0,1.13,0.61,1.67,-0.212,-0.562,-4.8,-3.68,-4.2,-4.28,-4.52,-5.12,40.649,71.341,54.87,52.851,0,0,0,0
4732,50,Mujer,5.5,154,54.8,166,0,1,0.265,216,159,-1.84,36,0,0.35,0.14,-0.04,0.615,0.265,-2.96,-1.84,-2.36,-2.44,-1.44,-2.04,1136.278,1994.23,1533.815,1477.362,0,0,0,0
4733,53,Hombre,6.6,147,50.4,55,0,1,0.273,72,147,-3.17,36,0,-1.04,1.22,1.49,0.623,0.273,-4.3,-3.17,-3.7,-3.77,-2.76,-3.36,996.709,1749.279,1345.417,1295.898,0,0,0,0
4734,51,Hombre,8.2,132,42.9,25,0,0,0.533,43,124,-0.93,36,0,0.28,-1.47,-0.64,0.533,0.183,-0.93,0.19,-0.33,-0.41,0.47,-0.13,1736.99,3048.513,2344.692,2258.394,0,0,0,0
4735,83,Hombre,7.3,144,29.5,135,1,0,-0.038,130,133,-1.33,36,0,0.08,-1.51,-1.05,-0.038,-0.388,-1.33,-0.2,-0.73,-0.8,-0.79,-1.39,87.618,153.774,118.271,113.918,0,0,0,0
4736,76,Hombre,9.4,168,43.6,123,1,1,0.265,160,170,-3.24,36,0,0.43,0.06,-0.28,0.615,0.265,-4.36,-3.24,-3.76,-3.84,-2.84,-3.44,197.362,346.38,266.41,256.605,0,0,0,0
4737,51,Mujer,7.1,136,62.1,123,0,1,0.573,218,116,-3.95,36,0,0.37,1.49,0.03,0.923,0.573,-5.07,-3.95,-4.47,-4.55,-3.09,-3.69,52.63,92.368,71.043,68.428,0,0,0,0
4738,83,Mujer,6.9,141,29.9,26,1,0,-0.382,18,143,-2.11,36,0,1.17,0.14,0.81,-0.382,-0.732,-2.11,-0.98,-1.51,-1.58,-2.08,-2.68,710.793,1247.481,959.471,924.157,0,0,0,0
4739,53,Mujer,5.5,155,49,177,0,0,0.612,326,175,-3.33,36,0,-0.88,1.63,0.79,0.612,0.262,-3.33,-2.21,-2.73,-2.81,-1.82,-2.42,753.826,1323.006,1017.559,980.107,0,0,0,0
4740,69,Hombre,8.2,138,45.4,52,1,0,-0.268,40,136,-1.72,36,0,1.95,-0.36,-0.02,-0.268,-0.618,-1.72,-0.6,-1.12,-1.2,-1.52,-2.12,239.496,420.329,323.286,311.387,0,0,0,0
4741,49,Hombre,7.4,133,52.9,289,0,1,0.754,614,127,-2.64,36,0,0.3,1.42,-1.69,1.104,0.754,-3.76,-2.64,-3.16,-3.24,-1.5,-2.1,53.049,93.104,71.608,68.973,0,0,0,0
4742,60,Hombre,9.6,131,40.5,92,0,1,0.023,94,118,-1.62,34.14,1,0.21,0.38,1.11,0.373,0.023,-2.75,-1.62,-2.15,-2.22,-1.59,-2.19,19.45,34.135,26.254,25.288,1,1,1,1
4743,70,Hombre,7.8,136,59.3,62,0,0,-0.132,54,131,-0.99,36,0,-0.12,-2.05,1.45,-0.132,-0.482,-0.99,0.14,-0.39,-0.46,-0.59,-1.19,1775.978,3116.939,2397.32,2309.085,0,0,0,0
4744,67,Hombre,8.2,129,29.3,258,0,1,-0.56,147,121,-1.54,36,0,0.03,-0.94,-0.07,-0.21,-0.56,-2.67,-1.54,-2.07,-2.14,-2.39,-2.99,116.655,204.736,157.468,151.672,0,0,0,0
4745,66,Mujer,7.2,148,39.3,342,0,1,-1.003,125,152,-2.3,36,0,1.35,-0.02,1.05,-0.653,-1.003,-3.42,-2.3,-2.82,-2.9,-3.8,-4.4,622.293,1092.158,840.008,809.091,0,0,0,0
4746,52,Hombre,9.6,144,57.5,142,0,1,-0.973,54,133,-0.92,36,0,-1.12,-0.21,0.47,-0.623,-0.973,-2.04,-0.92,-1.44,-1.52,-2.38,-2.98,2014.461,3535.489,2719.238,2619.155,0,0,0,0
4747,67,Mujer,6.7,124,28.3,84,0,0,0.101,93,115,-2.4,2.53,1,-0.76,1.16,-0.7,0.101,-0.249,-2.4,-1.27,-1.8,-1.87,-1.64,-2.24,2.532,4.444,3.418,3.292,1,1,1,1
4748,69,Mujer,7.3,112,46.7,718,1,1,-0.612,389,112,-2.67,36,0,-0.6,0.24,-0.66,-0.262,-0.612,-3.79,-2.67,-3.19,-3.27,-3.58,-4.18,732.526,1285.623,988.807,952.413,0,0,0,0
4749,63,Hombre,9,101,36.2,45,0,0,0.151,52,104,-0.85,36,0,-0.76,-0.72,-1.84,0.151,-0.199,-0.85,0.27,-0.25,-0.33,-0.02,-0.62,358.96,629.995,484.546,466.712,0,0,0,0
4750,48,Mujer,9.5,139,41.1,94,0,1,-1.178,29,144,-0.4,36,0,-1.17,-0.39,-1.17,-0.828,-1.178,-1.53,-0.4,-0.93,-1,-2.17,-2.77,626.964,1100.355,846.312,815.163,0,0,0,0
4751,71,Mujer,7.3,120,42.8,246,0,1,-0.216,198,113,-1.33,36,0,2.6,-0.13,-0.51,0.134,-0.216,-2.45,-1.33,-1.85,-1.93,-1.65,-2.25,487.068,854.831,657.473,633.275,0,0,0,0
4752,74,Mujer,8,118,39.8,57,0,0,-0.164,48,121,-2.96,36,0,1.42,-0.02,-0.22,-0.164,-0.514,-2.96,-1.84,-2.36,-2.44,-2.61,-3.21,175.747,308.446,237.234,228.503,0,0,0,0
4753,55,Hombre,6.2,131,49.2,145,0,1,0.086,158,126,-2.26,36,0,-0.7,0.92,0.54,0.436,0.086,-3.39,-2.26,-2.79,-2.86,-2.13,-2.73,1360.34,2387.47,1836.266,1768.681,0,0,0,0
4754,73,Hombre,8.1,122,48.9,29,0,0,-0.028,28,135,-3.33,36,0,-0.33,1.21,1.85,-0.028,-0.378,-3.33,-2.21,-2.73,-2.81,-2.77,-3.37,115.844,203.312,156.373,150.617,0,0,0,0
4755,45,Mujer,8.2,114,38.2,28,0,1,0.615,52,96,-1.12,36,0,-0.42,0.73,-1.95,0.965,0.615,-2.24,-1.12,-1.64,-1.72,-0.2,-0.8,1318.822,2314.604,1780.223,1714.701,0,0,0,0
4756,60,Hombre,7.5,150,31.7,533,0,0,0.295,716,152,-2.67,36,0,-0.11,-1.16,-2.29,0.295,-0.055,-2.67,-1.54,-2.07,-2.14,-1.63,-2.23,278.381,488.574,375.775,361.944,0,0,0,0
4757,78,Hombre,8.1,140,25.9,390,0,0,-0.877,162,136,-0.77,36,0,-0.44,-1.6,-1.87,-0.877,-1.227,-0.77,0.36,-0.17,-0.24,-1.48,-2.08,1604.105,2815.292,2165.316,2085.62,0,0,0,0
4758,57,Hombre,9.1,111,45.9,297,1,1,-0.346,210,94,-0.93,36,0,-0.88,-0.85,0.58,0.004,-0.346,-2.05,-0.93,-1.45,-1.53,-1.45,-2.05,725.273,1272.893,979.016,942.983,0,0,0,0
4759,79,Hombre,8,145,51.3,94,0,1,0.306,128,146,-0.03,36,0,0.63,-0.86,-0.55,0.656,0.306,-1.15,-0.03,-0.55,-0.63,0.43,-0.17,439.84,771.943,593.722,571.869,0,0,0,0
4760,63,Hombre,7.4,148,66,64,0,0,-0.558,37,152,-1.12,36,0,1.26,-2.03,1.49,-0.558,-0.908,-1.12,0,-0.52,-0.6,-1.36,-1.96,14980.334,26291.305,20221.336,19477.078,0,0,0,0
4761,65,Mujer,5.8,154,42.7,189,1,0,0.511,315,142,-2.85,13.04,1,-0.68,0.08,0.46,0.511,0.161,-2.85,-1.73,-2.25,-2.33,-1.49,-2.09,13.039,22.884,17.6,16.953,1,1,1,1
4762,71,Hombre,7,151,39.7,92,0,0,0.041,96,157,-4.6,36,0,-0.46,0.51,-0.9,0.041,-0.309,-4.6,-3.47,-4,-4.07,-3.94,-4.54,236.586,415.222,319.358,307.604,0,0,0,0
4763,75,Hombre,7.7,120,40.6,117,0,0,0.188,141,126,-3.09,36,0,0.16,0.45,0.67,0.188,-0.162,-3.09,-1.96,-2.49,-2.56,-2.2,-2.8,734.409,1288.929,991.349,954.862,0,0,0,0
4764,72,Mujer,5.5,148,24.2,148,0,0,0.441,230,150,-2.92,23.98,1,0.91,0.48,-0.06,0.441,0.091,-2.92,-1.8,-2.32,-2.4,-1.66,-2.26,23.98,42.086,32.369,31.178,1,0,1,1
4765,63,Hombre,6.1,130,42.7,219,0,1,-0.063,206,129,-2.23,27.74,1,2.57,0.63,0.09,0.287,-0.063,-3.36,-2.23,-2.76,-2.83,-2.33,-2.93,15.804,27.737,21.334,20.548,1,1,1,1
4766,66,Mujer,7.3,149,58.1,119,0,1,-0.148,103,143,-3.65,36,0,0.18,1.41,2.14,0.202,-0.148,-4.77,-3.65,-4.17,-4.25,-3.87,-4.47,1155.315,2027.641,1559.512,1502.114,0,0,0,0
4767,71,Hombre,8,143,42.3,81,0,0,1.578,392,140,-6.87,36,0,0.57,1.24,0.83,1.578,1.228,-6.87,-5.75,-6.27,-6.35,-3.91,-4.51,153.278,269.012,206.904,199.289,0,0,0,0
4768,67,Hombre,7.6,127,41.9,386,0,1,0.02,394,139,-1.35,36,0,0.14,0.35,-1.07,0.37,0.02,-2.47,-1.35,-1.87,-1.95,-1.32,-1.92,240.807,422.629,325.055,313.092,0,0,0,0
4769,68,Hombre,8.3,136,39.5,667,1,0,0.348,944,119,-4.96,36,0,2.68,-0.05,-1.79,0.348,-0.002,-4.96,-3.83,-4.36,-4.43,-3.84,-4.44,57.888,101.597,78.141,75.265,0,0,0,0
4770,65,Hombre,7.7,136,51,63,1,0,1.179,205,133,-3.89,36,0,1.05,1.83,0.51,1.179,0.829,-3.89,-2.76,-3.29,-3.36,-1.52,-2.12,124.161,217.91,167.6,161.432,0,0,0,0
4771,59,Mujer,7.8,133,49.8,447,0,1,-0.788,203,128,1.52,36,0,1,-0.69,-0.08,-0.438,-0.788,0.39,1.52,0.99,0.92,0.34,-0.26,1130.129,1983.438,1525.515,1469.367,0,0,0,0
4772,74,Mujer,6.8,133,34.9,82,1,0,-0.164,70,135,-4.73,36,0,1.09,0.37,-1.79,-0.164,-0.514,-4.73,-3.61,-4.13,-4.21,-4.38,-4.98,660.287,1158.839,891.294,858.489,0,0,0,0
4773,76,Hombre,7,145,56.6,193,0,1,-0.853,82,129,-1.46,36,0,0.56,-1.43,-1.73,-0.503,-0.853,-2.58,-1.46,-1.98,-2.06,-2.74,-3.34,922.355,1618.783,1245.049,1199.224,0,0,0,0
4774,68,Mujer,8.5,120,47.7,205,1,0,-0.029,199,118,-3.98,36,0,-0.99,-0.82,-1.15,-0.029,-0.379,-3.98,-2.86,-3.38,-3.46,-3.43,-4.03,1623.864,2849.97,2191.987,2111.309,0,0,0,0
4775,59,Mujer,9.1,130,41.9,250,0,0,0.23,315,138,-2.77,36,0,-0.7,-0.08,0.55,0.23,-0.12,-2.77,-1.65,-2.17,-2.25,-1.83,-2.43,126.447,221.922,170.686,164.404,0,0,0,0
4776,70,Mujer,7.6,151,40,53,0,0,0.048,56,158,-0.84,36,0,-0.01,-0.04,1.55,0.048,-0.302,-0.84,0.28,-0.24,-0.32,-0.17,-0.77,323.636,567.999,436.863,420.784,0,0,0,0
4777,59,Mujer,8.5,136,48.9,211,0,0,-0.166,179,128,-4.06,36,0,0.76,1.46,-0.31,-0.166,-0.516,-4.06,-2.93,-3.46,-3.53,-3.71,-4.31,211.026,370.362,284.855,274.371,0,0,0,0
4778,70,Hombre,6.9,120,42.7,49,1,0,0.003,49,117,-2.07,36,0,0.4,0.31,0.34,0.003,-0.347,-2.07,-0.94,-1.47,-1.54,-1.46,-2.06,1848.816,3244.773,2495.641,2403.787,0,0,0,0
4779,72,Hombre,8.7,137,44.4,124,0,0,0.341,174,136,-4.22,36,0,0.26,-0.29,0.49,0.341,-0.009,-4.22,-3.09,-3.62,-3.69,-3.11,-3.71,1344.964,2360.485,1815.511,1748.69,0,0,0,0
4780,72,Mujer,8.7,130,31.2,184,0,0,0.01,186,134,-3.65,36,0,0.48,-0.78,0.14,0.01,-0.34,-3.65,-2.53,-3.05,-3.13,-3.04,-3.64,207.046,363.377,279.483,269.196,0,0,0,0
4781,77,Hombre,5.5,133,40,28,1,0,-0.399,19,134,-1.43,36,0,-0.19,-0.56,1.19,-0.399,-0.749,-1.43,-0.3,-0.83,-0.9,-1.42,-2.02,1451.982,2548.308,1959.971,1887.833,0,0,0,0
4782,65,Hombre,10.3,142,33.9,285,1,0,0.363,410,143,-6.12,36,0,-0.04,-0.19,-0.41,0.363,0.013,-6.12,-5,-5.52,-5.6,-4.98,-5.58,55.079,96.667,74.349,71.613,0,0,0,0
4783,63,Mujer,5.7,155,48.3,93,1,0,-0.807,42,151,-0.23,36,0,-1.27,-1.24,1.41,-0.807,-1.157,-0.23,0.9,0.37,0.3,-0.84,-1.44,4225.593,7416.147,5703.954,5494.017,0,0,0,0
4784,39,Mujer,9,149,48.1,59,0,1,-0.591,33,134,0.23,36,0,-3.1,0.12,-0.05,-0.241,-0.591,-0.9,0.23,-0.3,-0.37,-0.66,-1.26,1559.924,2737.752,2105.677,2028.177,0,0,0,0
4785,50,Hombre,8.1,127,33.8,738,0,0,-0.329,531,117,-1.65,36,0,0.04,-0.35,2.03,-0.329,-0.679,-1.65,-0.53,-1.05,-1.13,-1.55,-2.15,235.102,412.618,317.355,305.675,0,0,0,0
4786,79,Mujer,8.9,139,45.4,21,1,0,0.529,36,133,-4.61,36,0,1.61,0.49,0.78,0.529,0.179,-4.61,-3.49,-4.01,-4.09,-3.22,-3.82,813.992,1428.601,1098.775,1058.334,0,0,0,0
4787,55,Hombre,9,147,55.2,195,0,1,-0.121,173,147,-2.86,36,0,0.45,1.44,-0.43,0.229,-0.121,-3.99,-2.86,-3.39,-3.46,-3.05,-3.65,125.832,220.842,169.855,163.603,0,0,0,0
4788,64,Hombre,6.7,136,50.8,20,1,0,-0.347,14,130,-2.01,36,0,0.64,1.41,0.82,-0.347,-0.697,-2.01,-0.89,-1.41,-1.49,-1.93,-2.53,45.7,80.205,61.688,59.418,0,0,0,0
4789,73,Hombre,7.7,146,50.2,48,0,0,0.114,54,156,-2.47,36,0,-0.77,-0.13,-0.75,0.114,-0.236,-2.47,-1.35,-1.87,-1.95,-1.7,-2.3,1429.997,2509.723,1930.294,1859.248,0,0,0,0
4790,70,Mujer,8.4,157,49.1,359,1,1,-0.183,299,149,-3.01,36,0,-0.38,-1.72,1.79,0.167,-0.183,-4.14,-3.01,-3.54,-3.61,-3.29,-3.89,555.592,975.094,749.97,722.367,0,0,0,0
4791,64,Hombre,7.9,118,42.4,76,0,1,0.017,77,101,-1.28,36,0,2.37,0.37,1.23,0.367,0.017,-2.4,-1.28,-1.8,-1.88,-1.25,-1.85,2249.393,3947.808,3036.363,2924.608,0,0,0,0
4792,54,Hombre,6.8,135,62.1,158,0,1,-0.333,113,123,0.04,36,0,2.54,-0.37,0.64,0.017,-0.333,-1.09,0.04,-0.49,-0.56,-0.46,-1.06,2284.683,4009.744,3084,2970.491,0,0,0,0
4793,69,Mujer,10.1,140,55,201,1,0,0.563,353,133,-5.5,36,0,0.12,1.26,0.68,0.563,0.213,-5.5,-4.38,-4.9,-4.98,-4.06,-4.66,228.95,401.819,309.05,297.675,0,0,0,0
4794,62,Mujer,5.8,143,36.6,60,0,0,-0.137,52,137,-1.68,36,0,0.73,-0.02,-0.61,-0.137,-0.487,-1.68,-0.55,-1.08,-1.15,-1.28,-1.88,1616.496,2837.039,2182.042,2101.73,0,0,0,0
4795,63,Mujer,7.3,114,43.1,76,0,0,-0.884,31,113,0.37,36,0,-2.12,-1.34,-0.09,-0.884,-1.234,0.37,1.49,0.97,0.89,-0.36,-0.96,4775.314,8380.938,6446,6208.751,0,0,0,0
4796,78,Mujer,5.5,137,51.8,42,0,1,-1.177,13,136,1.02,36,0,2.46,-0.72,0.16,-0.827,-1.177,-0.11,1.02,0.49,0.42,-0.75,-1.35,64.046,112.404,86.453,83.271,0,0,0,0
4797,69,Hombre,8.6,129,64.2,47,1,1,-0.28,36,127,-1.96,36,0,-0.75,-0.13,1.99,0.07,-0.28,-3.08,-1.96,-2.48,-2.56,-2.38,-2.98,2958.571,5192.454,3993.654,3846.665,0,0,0,0
4798,60,Mujer,8,125,47.1,422,0,1,-0.957,162,119,0.78,36,0,-1.83,-0.81,0.14,-0.607,-0.957,-0.35,0.78,0.25,0.18,-0.66,-1.26,1384.113,2429.194,1868.357,1799.591,0,0,0,0
4799,66,Mujer,6.9,108,42.8,162,0,0,-0.636,86,105,0.59,36,0,-0.86,-1.47,-0.05,-0.636,-0.986,0.59,1.72,1.19,1.12,0.24,-0.36,1460.637,2563.498,1971.654,1899.086,0,0,0,0
4800,59,Hombre,8.6,145,45,75,0,1,-0.834,33,147,-2.41,36,0,-1.09,-0.71,1.32,-0.484,-0.834,-3.53,-2.41,-2.93,-3.01,-3.66,-4.26,3345.439,5871.428,4515.87,4349.661,0,0,0,0
4801,85,Hombre,7.1,177,39.7,290,0,0,0.54,498,176,-6.2,27.62,1,1.94,0.21,1.36,0.54,0.19,-6.2,-5.08,-5.6,-5.68,-4.79,-5.39,27.622,48.479,37.286,35.914,1,0,0,1
4802,72,Mujer,7.2,134,53.4,247,0,0,0.988,663,121,-5.6,36,0,2.13,1.13,-1.09,0.988,0.638,-5.6,-4.47,-5,-5.07,-3.51,-4.11,110.267,193.524,148.845,143.366,0,0,0,0
4803,49,Hombre,9.2,137,42.3,620,0,1,0.639,1175,131,-2.47,36,0,0.24,0.71,-0.87,0.989,0.639,-3.6,-2.47,-3,-3.07,-1.51,-2.11,423.347,742.997,571.459,550.426,0,0,0,0
4804,60,Mujer,9.8,119,56.5,466,0,1,0.319,641,108,-2.83,36,0,0.17,0.16,-0.39,0.669,0.319,-3.95,-2.83,-3.35,-3.43,-2.35,-2.95,484.414,850.173,653.891,629.824,0,0,0,0
4805,71,Mujer,8.3,137,34.2,117,0,1,-0.934,46,143,-0.49,36,0,0.91,-1.98,-0.55,-0.584,-0.934,-1.61,-0.49,-1.01,-1.09,-1.89,-2.49,1322.231,2320.587,1784.825,1719.133,0,0,0,0
4806,59,Mujer,8.3,110,45.1,333,0,1,-0.797,150,112,0.86,36,0,-0.63,-0.14,1.02,-0.447,-0.797,-0.26,0.86,0.34,0.26,-0.33,-0.93,36.534,64.119,49.316,47.501,0,0,0,0
4807,74,Hombre,6.8,121,53.7,53,1,1,-0.681,27,128,0.03,36,0,0.93,-0.97,-0.63,-0.331,-0.681,-1.09,0.03,-0.49,-0.57,-0.99,-1.59,432.014,758.207,583.157,561.694,0,0,0,0
4808,60,Hombre,8.6,137,55.7,44,0,1,0.164,52,144,1.15,36,0,-0.88,0.14,-0.79,0.514,0.164,0.03,1.15,0.63,0.55,1.4,0.8,1975.039,3466.301,2666.023,2567.899,0,0,0,0
4809,72,Hombre,8.1,160,38.4,262,0,1,-0.246,205,158,-2.13,36,0,0.05,1.02,1.65,0.104,-0.246,-3.25,-2.13,-2.65,-2.73,-2.5,-3.1,199.699,350.483,269.565,259.644,0,0,0,0
4810,55,Mujer,9.6,124,38.3,331,0,0,-0.086,304,122,-0.25,36,0,-1.91,-0.71,1.02,-0.086,-0.436,-0.25,0.87,0.35,0.27,0.22,-0.38,88.174,154.75,119.022,114.642,0,0,0,0
4811,61,Hombre,9.4,142,46.2,375,1,1,-0.33,270,147,-1.33,36,0,0.7,-1.63,-0.92,0.02,-0.33,-2.45,-1.33,-1.85,-1.93,-1.82,-2.42,1333.428,2340.24,1799.94,1733.692,0,0,0,0
4812,72,Hombre,5.5,137,33,172,1,0,-0.481,106,152,-2.01,36,0,-1.78,-0.22,2.55,-0.481,-0.831,-2.01,-0.89,-1.41,-1.49,-2.14,-2.74,2616.383,4591.894,3531.747,3401.759,0,0,0,0
4813,65,Hombre,8.1,136,50.8,776,0,1,-1.146,247,126,-0.67,36,0,0.55,-0.14,-0.54,-0.796,-1.146,-1.79,-0.67,-1.19,-1.27,-2.39,-2.99,966.345,1695.988,1304.429,1256.419,0,0,0,0
4814,55,Hombre,8.5,131,44.7,213,1,0,-0.254,165,124,-2.58,7,1,-0.78,-1.1,-0.79,-0.254,-0.604,-2.58,-1.45,-1.98,-2.05,-2.36,-2.96,7.003,12.291,9.454,9.106,1,1,1,1
4815,43,Mujer,8,135,46.6,627,0,1,-0.149,540,123,-1.82,36,0,-0.42,-0.33,-0.75,0.201,-0.149,-2.95,-1.82,-2.35,-2.42,-2.05,-2.65,698.208,1225.393,942.482,907.794,0,0,0,0
4816,60,Mujer,8.4,159,46.8,136,0,1,-0.06,128,141,-0.68,36,0,1.88,-0.92,-1.96,0.29,-0.06,-1.81,-0.68,-1.21,-1.28,-0.77,-1.37,50.225,88.148,67.797,65.301,0,0,0,0
4817,65,Hombre,7.8,149,50.9,51,0,0,-0.098,46,164,-0.51,36,0,0.88,-0.54,1.28,-0.098,-0.448,-0.51,0.62,0.09,0.02,-0.05,-0.65,5634.524,9888.897,7605.812,7325.875,0,0,0,0
4818,67,Mujer,8.9,110,45.3,561,0,1,-0.571,317,103,-1.31,36,0,1.15,0.21,-1.38,-0.221,-0.571,-2.43,-1.31,-1.83,-1.91,-2.16,-2.76,393.275,690.219,530.866,511.327,0,0,0,0
4819,58,Mujer,9.5,140,53.1,254,0,1,-0.522,151,145,-1.3,15.88,1,0.78,-0.39,2.4,-0.172,-0.522,-2.43,-1.3,-1.83,-1.9,-2.09,-2.69,9.046,15.876,12.211,11.761,1,1,1,1
4820,66,Hombre,8.5,137,49.1,94,0,1,0.056,99,142,-2.85,36,0,-0.46,-0.64,1.56,0.406,0.056,-3.98,-2.85,-3.38,-3.45,-2.77,-3.37,594.317,1043.06,802.245,772.718,0,0,0,0
4821,63,Hombre,7.3,130,45.3,314,0,0,0.148,364,129,-3.89,36,0,0.53,1.17,1.06,0.148,-0.202,-3.89,-2.76,-3.29,-3.36,-3.06,-3.66,393.172,690.039,530.727,511.193,0,0,0,0
4822,65,Hombre,7.3,111,51.3,7,1,0,-0.37,5,113,2.62,36,0,0.1,-1.35,-0.96,-0.37,-0.72,2.62,3.74,3.22,3.14,2.66,2.06,3556.96,6242.66,4801.394,4624.676,0,0,0,0
4823,66,Hombre,7.7,145,46.4,41,1,0,0.078,44,130,-2.45,36,0,-0.24,0.3,-0.18,0.078,-0.272,-2.45,-1.32,-1.85,-1.92,-1.73,-2.33,343.902,603.566,464.219,447.133,0,0,0,0
4824,66,Mujer,7,133,55.3,34,0,0,0.263,44,142,-0.55,36,0,-1.3,1.09,0.16,0.263,-0.087,-0.55,0.57,0.05,-0.03,0.44,-0.16,379.8,666.57,512.676,493.807,0,0,0,0
4825,60,Mujer,5.9,126,37.1,28,1,0,0.309,38,126,-2.36,36,0,-1.66,-0.2,0.02,0.309,-0.041,-2.36,-1.23,-1.76,-1.83,-1.29,-1.89,163.814,287.502,221.126,212.987,0,0,0,0
4826,47,Hombre,8.5,123,30,96,1,0,-0.053,91,138,-2.54,36,0,-1.81,-0.86,0.39,-0.053,-0.403,-2.54,-1.41,-1.94,-2.01,-2.01,-2.61,649.911,1140.629,877.288,844.999,0,0,0,0
4827,63,Hombre,7.8,115,45.8,114,0,1,-0.587,63,102,0.01,36,0,-1.21,-0.02,1.54,-0.237,-0.587,-1.12,0.01,-0.52,-0.59,-0.87,-1.47,1392.5,2443.914,1879.679,1810.496,0,0,0,0
4828,79,Hombre,6.5,125,60.2,34,1,0,0.13,39,132,-0.42,36,0,0.83,-0.31,-0.68,0.13,-0.22,-0.42,0.71,0.18,0.11,0.38,-0.22,188.701,331.181,254.72,245.345,0,0,0,0
4829,61,Mujer,7.9,114,33.5,412,0,0,-0.385,280,120,-2.76,36,0,1.72,0.35,-2.6,-0.385,-0.735,-2.76,-1.64,-2.16,-2.24,-2.74,-3.34,718.759,1261.461,970.223,934.513,0,0,0,0
4830,80,Mujer,5.7,130,29.9,223,0,0,0.684,442,133,-3.85,36,0,2.16,-0,-0.26,0.684,0.334,-3.85,-2.72,-3.25,-3.32,-2.22,-2.82,442.437,776.5,597.227,575.246,0,0,0,0
4831,68,Hombre,8.5,120,38,302,0,0,0.053,318,112,-3.46,36,0,-0.06,-0.07,-0.27,0.053,-0.297,-3.46,-2.33,-2.86,-2.93,-2.78,-3.38,123.88,217.415,167.22,161.065,0,0,0,0
4832,79,Hombre,8.3,169,35.4,516,0,1,-0.043,494,170,-4.9,36,0,-0.07,-0.17,-1.37,0.307,-0.043,-6.03,-4.9,-5.43,-5.5,-4.96,-5.56,239.834,420.923,323.743,311.827,0,0,0,0
4833,61,Hombre,8,144,47.4,173,0,0,1.133,537,147,-3.52,36,0,0.06,0.7,-1.35,1.133,0.783,-3.52,-2.4,-2.92,-3,-1.22,-1.82,141.15,247.726,190.533,183.52,0,0,0,0
4834,49,Mujer,9.6,148,38.9,205,0,0,-0.273,156,150,-3.56,7.06,1,-1.94,0.5,0.54,-0.273,-0.623,-3.56,-2.43,-2.96,-3.03,-3.37,-3.97,7.064,12.398,9.535,9.184,1,1,1,1
4835,56,Mujer,6.2,139,45.9,67,0,0,0.145,77,142,0.61,36,0,-1.34,-0.01,2.3,0.145,-0.205,0.61,1.73,1.21,1.13,1.42,0.82,486.297,853.478,656.433,632.272,0,0,0,0
4836,81,Hombre,8.3,153,52.6,123,1,1,0.398,183,154,-5.23,36,0,-0.6,-0.87,1.72,0.748,0.398,-6.36,-5.23,-5.76,-5.83,-4.64,-5.24,174.322,305.944,235.31,226.649,0,0,0,0
4837,50,Hombre,10.6,120,63.1,97,0,1,0.272,127,107,-4.6,36,0,-0.23,2.31,-0.27,0.622,0.272,-5.72,-4.6,-5.12,-5.2,-4.19,-4.79,189.688,332.914,256.053,246.628,0,0,0,0
4838,66,Mujer,8.4,134,44.9,170,1,0,-0.041,163,152,-3.08,36,0,1.68,0.56,0.02,-0.041,-0.391,-3.08,-1.96,-2.48,-2.56,-2.54,-3.14,98.342,172.596,132.748,127.862,0,0,0,0
4839,72,Mujer,8.1,141,41.6,162,0,1,-0.019,159,131,-0.13,36,0,-0.12,-1.01,-1.25,0.331,-0.019,-1.25,-0.13,-0.65,-0.73,-0.15,-0.75,162.855,285.819,219.831,211.74,0,0,0,0
4840,64,Mujer,9.9,141,52.3,480,0,1,-0.124,424,144,-0.12,36,0,-0.37,-0.74,-1.17,0.226,-0.124,-1.25,-0.12,-0.65,-0.72,-0.31,-0.91,60.692,106.518,81.926,78.91,0,0,0,0
4841,66,Mujer,6,128,58.1,85,0,0,-0.619,46,142,0.97,36,0,-0.09,-1.48,-0.69,-0.619,-0.969,0.97,2.1,1.57,1.5,0.65,0.05,5799.438,10178.331,7828.423,7540.293,0,0,0,0
4842,61,Mujer,6.3,107,34.8,36,0,1,-0.648,19,99,2.22,36,0,-2.36,0.01,-0.58,-0.298,-0.648,1.09,2.22,1.69,1.62,1.25,0.65,3307.156,5804.24,4464.194,4299.887,0,0,0,0
4843,67,Hombre,6.4,129,55.5,67,0,0,-0.103,60,117,-1.43,36,0,0.03,-1.64,-1.92,-0.103,-0.453,-1.43,-0.3,-0.83,-0.9,-0.98,-1.58,4327.491,7594.982,5841.501,5626.501,0,0,0,0
4844,53,Hombre,9.9,110,49.6,317,0,1,-1.389,79,111,0.54,36,0,-0.59,-0.22,0.91,-1.039,-1.389,-0.59,0.54,0.01,-0.06,-1.55,-2.15,2077.277,3645.735,2804.031,2700.827,0,0,0,0
4845,76,Hombre,9.6,124,43.3,57,0,0,0.041,59,122,-1.21,36,0,2.69,-0.59,0.38,0.041,-0.309,-1.21,-0.08,-0.61,-0.68,-0.55,-1.15,2188.952,3841.731,2954.777,2846.024,0,0,0,0
4846,81,Hombre,8.7,148,24.3,1312,0,0,0.17,1555,148,-4.6,5.26,1,1.03,-0.28,-0.36,0.17,-0.18,-4.6,-3.47,-4,-4.07,-3.74,-4.34,5.263,9.236,7.104,6.842,1,1,1,1
4847,47,Hombre,7.3,133,50.1,76,0,0,1.199,252,119,-4.22,36,0,0.34,0.47,0.01,1.199,0.849,-4.22,-3.09,-3.62,-3.69,-1.82,-2.42,199.088,349.41,268.741,258.849,0,0,0,0
4848,62,Mujer,6.5,120,39.8,95,0,0,-0.484,59,128,-1.03,36,0,0.47,0.95,2.64,-0.484,-0.834,-1.03,0.09,-0.43,-0.51,-1.16,-1.76,386.113,677.65,521.198,502.015,0,0,0,0
4849,69,Mujer,8.8,125,40.1,151,0,1,-0.187,125,116,-2.27,36,0,0.45,-0.33,1.12,0.163,-0.187,-3.4,-2.27,-2.8,-2.87,-2.55,-3.15,1126.997,1977.941,1521.286,1465.294,0,0,0,0
4850,58,Mujer,7.5,132,55.9,59,1,1,-0.024,58,123,-2.53,36,0,-1.83,-0.9,0.14,0.326,-0.024,-3.65,-2.53,-3.05,-3.13,-2.56,-3.16,328.429,576.41,443.332,427.015,0,0,0,0
4851,79,Hombre,7.7,141,47.9,244,0,0,1.234,838,156,-5.68,36,0,-1.27,1.51,0.36,1.234,0.884,-5.68,-4.55,-5.08,-5.15,-3.23,-3.83,202.671,355.699,273.577,263.508,0,0,0,0
4852,77,Mujer,8.1,133,33.6,101,0,0,-0.622,54,119,-1.56,36,0,-2.24,-1.44,0.46,-0.622,-0.972,-1.56,-0.44,-0.96,-1.04,-1.89,-2.49,468.921,822.983,632.978,609.681,0,0,0,0
4853,58,Mujer,7,139,37.9,85,0,0,-0.302,63,145,-0.22,36,0,-0.45,-1.09,1.79,-0.302,-0.652,-0.22,0.9,0.38,0.3,-0.07,-0.67,7349.275,12898.38,9920.484,9555.355,0,0,0,0
4854,61,Mujer,8.4,103,52.8,80,0,1,-0.514,48,94,-1.97,36,0,-3.53,1.29,1.76,-0.164,-0.514,-3.09,-1.97,-2.49,-2.57,-2.74,-3.34,1610.593,2826.68,2174.074,2094.056,0,0,0,0
4855,63,Mujer,7.8,132,48.7,111,0,0,-0.12,98,133,-3.02,36,0,-0.76,0.08,-1.28,-0.12,-0.47,-3.02,-1.89,-2.42,-2.49,-2.6,-3.2,2265.533,3976.133,3058.149,2945.592,0,0,0,0
4856,72,Mujer,7.6,153,42.2,13,0,0,-0.108,12,156,-2.39,36,0,-0.35,0.23,1.65,-0.108,-0.458,-2.39,-1.26,-1.79,-1.86,-1.95,-2.55,1190.547,2089.475,1607.07,1547.921,0,0,0,0
4857,70,Hombre,5.6,142,46.8,90,0,0,0.189,109,146,-2.72,36,0,-0.32,1.07,-1.3,0.189,-0.161,-2.72,-1.6,-2.12,-2.2,-1.84,-2.44,213.301,374.354,287.926,277.328,0,0,0,0
4858,68,Hombre,8.1,152,51,1594,0,1,0.056,1685,140,-4.44,36,0,-0.25,1.47,-0.52,0.406,0.056,-5.57,-4.44,-4.97,-5.04,-4.36,-4.96,179.721,315.421,242.598,233.669,0,0,0,0
4859,70,Mujer,8.8,139,46.5,210,1,1,0.297,283,128,-4.72,36,0,-0.61,0.44,0.3,0.647,0.297,-5.85,-4.72,-5.25,-5.32,-4.28,-4.88,123.845,217.354,167.173,161.02,0,0,0,0
4860,68,Hombre,7.8,136,23.4,452,0,0,0.586,812,147,-7.31,36,0,0.54,1.77,-0.62,0.586,0.236,-7.31,-6.19,-6.71,-6.79,-5.83,-6.43,151.794,266.407,204.9,197.359,0,0,0,0
4861,67,Hombre,9.3,143,45.5,265,1,1,-0.958,102,119,0.45,36,0,0.22,0.11,2.52,-0.608,-0.958,-0.68,0.45,-0.08,-0.15,-0.99,-1.59,922.619,1619.247,1245.406,1199.568,0,0,0,0
4862,54,Mujer,9.3,122,48.3,266,0,0,0.934,677,123,-4.06,36,0,1.73,-0.48,0.51,0.934,0.584,-4.06,-2.94,-3.46,-3.54,-2.06,-2.66,347.489,609.862,469.061,451.797,0,0,0,0
4863,54,Mujer,9.5,125,40.2,348,0,1,-0.274,265,130,-3.61,36,0,-0.59,0.56,0.91,0.076,-0.274,-4.73,-3.61,-4.13,-4.21,-4.02,-4.62,275.868,484.163,372.383,358.677,0,0,0,0
4864,49,Mujer,7.1,125,53.9,419,0,0,0.674,822,124,-1.88,36,0,-1.41,-0.59,-1.24,0.674,0.324,-1.88,-0.75,-1.28,-1.35,-0.27,-0.87,1039.251,1823.942,1402.842,1351.209,0,0,0,0
4865,71,Hombre,7.4,174,45.4,158,1,0,-0.506,95,173,-2.8,36,0,-1.41,-0.14,-2.41,-0.506,-0.856,-2.8,-1.67,-2.2,-2.27,-2.96,-3.56,374.441,657.165,505.443,486.839,0,0,0,0
4866,71,Hombre,8.2,134,51.2,81,1,0,0.084,88,138,-1.83,36,0,1.46,-1.22,0.84,0.084,-0.266,-1.83,-0.7,-1.23,-1.3,-1.1,-1.7,754.579,1324.328,1018.575,981.086,0,0,0,0
4867,73,Hombre,8,130,58,83,0,0,-0.304,61,145,0.24,36,0,0.65,-0.75,2.5,-0.304,-0.654,0.24,1.36,0.84,0.76,0.38,-0.22,2584.251,4535.501,3488.374,3359.982,0,0,0,0
4868,74,Mujer,8.8,130,43.9,55,0,0,0.736,115,133,-4.29,36,0,-0.12,1.19,-0.55,0.736,0.386,-4.29,-3.16,-3.69,-3.76,-2.58,-3.18,262.987,461.557,354.995,341.93,0,0,0,0
4869,53,Mujer,6.6,132,50.7,97,0,1,-0.41,64,122,0.2,36,0,-2.29,-0.23,-1.13,-0.06,-0.41,-0.92,0.2,-0.32,-0.4,-0.41,-1.01,2487.399,4365.522,3357.638,3234.058,0,0,0,0
4870,66,Mujer,10.7,143,36.4,300,1,0,-0.174,252,129,-4.16,36,0,0.18,-0.58,-1.28,-0.174,-0.524,-4.16,-3.03,-3.56,-3.63,-3.82,-4.42,124.76,218.961,168.409,162.21,0,0,0,0
4871,65,Mujer,9.7,139,66,47,1,1,-0.124,42,149,-2.11,36,0,-1.82,-0.58,0.01,0.226,-0.124,-3.23,-2.11,-2.63,-2.71,-2.29,-2.89,2626.798,4610.175,3545.807,3415.301,0,0,0,0
4872,55,Mujer,7.4,124,36.5,547,1,0,-0.731,263,135,-2.38,36,0,-0.08,0.31,-0.71,-0.731,-1.081,-2.38,-1.25,-1.78,-1.85,-2.87,-3.47,497.293,872.776,671.275,646.568,0,0,0,0
4873,59,Mujer,6.7,127,45.6,204,0,1,-0.086,187,111,-2.67,36,0,1.83,0.28,0.4,0.264,-0.086,-3.79,-2.67,-3.19,-3.27,-2.79,-3.39,324.585,569.665,438.144,422.018,0,0,0,0
4874,66,Hombre,9.6,141,42.4,310,1,0,-0.38,212,136,-4.21,36,0,1.44,-1.17,0.52,-0.38,-0.73,-4.21,-3.09,-3.61,-3.69,-4.18,-4.78,2045.85,3590.579,2761.609,2659.967,0,0,0,0
4875,72,Hombre,9.4,126,41.8,678,0,1,-0.377,465,140,-2.98,36,0,0.81,-0.29,-0.7,-0.027,-0.377,-4.11,-2.98,-3.51,-3.58,-3.55,-4.15,420.622,738.214,567.78,546.883,0,0,0,0
4876,60,Hombre,5.6,117,34.4,61,0,0,1.611,305,108,-5.28,36,0,1.3,1.48,0.94,1.611,1.261,-5.28,-4.15,-4.68,-4.75,-2.26,-2.86,271.804,477.032,366.898,353.394,0,0,0,0
4877,43,Hombre,7.9,132,48,348,0,1,-0.295,259,133,-1.47,36,0,-1.42,0.87,-0.49,0.055,-0.295,-2.6,-1.47,-2,-2.07,-1.92,-2.52,308.02,540.592,415.783,400.48,0,0,0,0
4878,47,Mujer,7.8,121,41.7,41,0,0,0.28,54,114,-1.96,36,0,-0.43,-0.08,0.3,0.28,-0.07,-1.96,-0.84,-1.36,-1.44,-0.94,-1.54,188.236,330.365,254.092,244.74,0,0,0,0
4879,59,Mujer,7.5,118,43.7,362,0,0,-1.046,127,116,-0.49,36,0,-0.34,-0.45,-1.63,-1.046,-1.396,-0.49,0.64,0.11,0.04,-1.46,-2.06,263.947,463.242,356.291,343.178,0,0,0,0
4880,59,Hombre,7.8,124,46.7,70,0,1,-0.901,28,127,0.16,36,0,-1.96,-0.92,-1.38,-0.551,-0.901,-0.97,0.16,-0.37,-0.44,-1.2,-1.8,1321.09,2318.586,1783.286,1717.651,0,0,0,0
4881,80,Mujer,7.6,181,46.5,244,1,1,-0.653,127,173,-3.74,36,0,0.1,-0.67,1.56,-0.303,-0.653,-4.86,-3.74,-4.26,-4.34,-4.72,-5.32,270.484,474.715,365.116,351.677,0,0,0,0
4882,73,Mujer,8,165,44.8,88,1,1,-0.223,70,163,-2.67,36,0,1.11,0.93,0.32,0.127,-0.223,-3.79,-2.67,-3.19,-3.27,-3,-3.6,232.396,407.868,313.702,302.156,0,0,0,0
4883,61,Hombre,8.3,113,47.8,61,0,1,-0.456,39,109,-0.27,36,0,-1.02,0.46,0.29,-0.106,-0.456,-1.39,-0.27,-0.79,-0.87,-0.95,-1.55,365.638,641.715,493.56,475.394,0,0,0,0
4884,55,Hombre,8.5,135,54,112,1,1,-0.75,53,130,0.48,36,0,0.38,-0.51,1.9,-0.4,-0.75,-0.65,0.48,-0.05,-0.12,-0.65,-1.25,651.229,1142.943,879.068,846.713,0,0,0,0
4885,64,Hombre,6.8,132,31.5,27,0,0,-0.167,23,139,0.7,36,0,1.32,-1.17,0.62,-0.167,-0.517,0.7,1.83,1.3,1.23,1.05,0.45,691.094,1212.908,932.88,898.544,0,0,0,0
4886,46,Hombre,6.6,125,56.5,22,0,1,0.125,25,122,-0.55,36,0,-2.1,0.07,1.3,0.475,0.125,-1.68,-0.55,-1.08,-1.15,-0.36,-0.96,361.915,635.18,488.534,470.553,0,0,0,0
4887,70,Hombre,7.6,124,51.5,156,0,1,-0.128,137,114,-2.08,36,0,0.33,-0.51,-0.27,0.222,-0.128,-3.21,-2.08,-2.61,-2.68,-2.28,-2.88,552.589,969.824,745.917,718.463,0,0,0,0
4888,65,Mujer,9.8,156,53,315,1,1,0.364,454,166,-5.04,36,0,-0.09,0.61,-0.1,0.714,0.364,-6.17,-5.04,-5.57,-5.64,-4.5,-5.1,181.582,318.687,245.111,236.089,0,0,0,0
4889,66,Hombre,8.4,145,38.1,86,0,0,-0.043,82,153,-1.82,36,0,-0.44,-1.62,1.21,-0.043,-0.393,-1.82,-0.7,-1.22,-1.3,-1.29,-1.89,1249.481,2192.908,1686.624,1624.546,0,0,0,0
4890,75,Mujer,9.1,122,20,15,0,0,0.174,18,124,-0.24,36,0,0.16,-0.02,-0.57,0.174,-0.176,-0.24,0.88,0.36,0.28,0.62,0.02,763.57,1340.108,1030.712,992.776,0,0,0,0
4891,66,Hombre,7.8,152,54.8,778,0,1,0.055,822,136,-5.12,36,0,-1.51,1.4,-0.62,0.405,0.055,-6.24,-5.12,-5.64,-5.72,-5.03,-5.63,86.368,151.581,116.585,112.294,0,0,0,0
4892,59,Hombre,10.3,111,44.7,75,0,0,0.573,133,107,-4.04,36,0,-1.28,2.34,0.48,0.573,0.223,-4.04,-2.91,-3.44,-3.51,-2.58,-3.18,314.363,551.724,424.345,408.727,0,0,0,0
4893,74,Mujer,9.7,147,53.3,1091,0,0,-0.279,826,151,-4.55,36,0,0.26,0.01,0.1,-0.279,-0.629,-4.55,-3.42,-3.95,-4.02,-4.36,-4.96,241.067,423.085,325.406,313.429,0,0,0,0
4894,61,Hombre,7.5,139,46.4,131,0,1,0.128,149,120,-2.91,36,0,1.35,1.58,-1.09,0.478,0.128,-4.04,-2.91,-3.44,-3.51,-2.72,-3.32,34.771,61.026,46.937,45.209,1,0,0,0
4895,72,Mujer,6.9,128,42,20,1,1,-0.253,16,117,-0.6,36,0,-0.71,-0.64,0.97,0.097,-0.253,-1.72,-0.6,-1.12,-1.2,-0.98,-1.58,851.131,1493.781,1148.906,1106.62,0,0,0,0
4896,71,Hombre,9.7,151,53.1,287,0,1,0.119,323,144,-2.66,36,0,-1.35,0.59,-1,0.469,0.119,-3.79,-2.66,-3.19,-3.26,-2.49,-3.09,906.789,1591.464,1224.037,1178.985,0,0,0,0
4897,67,Hombre,10,156,52.8,122,0,1,-0.374,84,149,-1,36,0,0.88,-1.45,-0.26,-0.024,-0.374,-2.12,-1,-1.52,-1.6,-1.56,-2.16,703.045,1233.883,949.012,914.083,0,0,0,0
4898,68,Hombre,5.6,134,49.2,514,1,1,0.228,646,125,-2.76,36,0,0.91,0.51,2.09,0.578,0.228,-3.88,-2.76,-3.28,-3.36,-2.41,-3.01,51.065,89.622,68.93,66.393,0,0,0,0
4899,68,Mujer,6.9,145,41.9,448,0,0,0.568,790,133,-4.38,2.07,1,0.14,-0.01,0.32,0.568,0.218,-4.38,-3.26,-3.78,-3.86,-2.93,-3.53,2.068,3.63,2.792,2.689,1,1,1,1
4900,61,Hombre,10.8,121,48.6,58,0,0,0.856,137,120,-3.97,36,0,0.38,0.84,1.93,0.856,0.506,-3.97,-2.84,-3.37,-3.44,-2.08,-2.68,218.572,383.605,295.041,284.182,0,0,0,0
4901,76,Mujer,5.6,133,33.7,264,1,1,0.072,284,124,-4.8,36,0,0.13,1.24,1.76,0.422,0.072,-5.92,-4.8,-5.32,-5.4,-4.69,-5.29,336.848,591.186,454.697,437.961,0,0,0,0
4902,69,Hombre,9.1,138,38.6,475,1,0,-0.392,321,146,-2.4,36,0,-1.89,-0.57,-0.03,-0.392,-0.742,-2.4,-1.27,-1.8,-1.87,-2.39,-2.99,52.766,92.607,71.227,68.605,0,0,0,0
4903,72,Hombre,8.1,146,33.2,131,0,1,1.147,413,132,-6.55,36,0,-0.37,1.15,-0.31,1.497,1.147,-7.67,-6.55,-7.07,-7.15,-4.83,-5.43,31.33,54.986,42.291,40.734,1,0,0,0
4904,37,Mujer,7.1,99,56.1,102,0,1,0.123,115,83,-0.53,36,0,-2.01,1.67,0.51,0.473,0.123,-1.66,-0.53,-1.06,-1.13,-0.35,-0.95,2727.893,4787.601,3682.27,3546.742,0,0,0,0
4905,56,Hombre,8.2,134,46.6,664,0,1,-1.048,233,126,0.37,36,0,0.16,-0.06,0.51,-0.698,-1.048,-0.76,0.37,-0.16,-0.23,-1.2,-1.8,2971.705,5215.504,4011.382,3863.741,0,0,0,0
4906,60,Mujer,8.8,180,40.8,136,0,1,0.627,255,170,-5.47,32.04,1,-0.68,0.98,0.18,0.977,0.627,-6.59,-5.47,-5.99,-6.07,-4.53,-5.13,18.256,32.04,24.643,23.736,1,1,1,1
4907,55,Hombre,7.8,145,48,29,0,1,0.806,65,141,-3.77,36,0,-0.93,1.35,-0.31,1.156,0.806,-4.9,-3.77,-4.3,-4.37,-2.56,-3.16,666.384,1169.54,899.524,866.417,0,0,0,0
4908,37,Hombre,6.8,120,57.9,250,0,1,-0.227,199,121,0.52,36,0,-0.06,-1.15,1.08,0.123,-0.227,-0.6,0.52,-0,-0.08,0.18,-0.42,155.691,273.247,210.161,202.426,0,0,0,0
4909,62,Mujer,5.5,130,40.4,624,0,1,-0.575,351,123,0.16,36,0,0.21,-1.91,-0.21,-0.225,-0.575,-0.97,0.16,-0.37,-0.44,-0.71,-1.31,670.654,1177.034,905.288,871.968,0,0,0,0
4910,54,Hombre,8.9,142,42.5,162,0,1,0.585,291,135,0.06,36,0,-0.62,-1.24,0.34,0.935,0.585,-1.07,0.06,-0.47,-0.54,0.93,0.33,1223.826,2147.881,1651.992,1591.189,0,0,0,0
4911,55,Mujer,8.9,116,52.1,185,0,0,-0.057,175,122,-3.47,36,0,0.66,1.58,-0.58,-0.057,-0.407,-3.47,-2.35,-2.87,-2.95,-2.96,-3.56,103.326,181.342,139.475,134.342,0,0,0,0
4912,60,Hombre,8.3,145,30.8,584,0,0,0.267,762,150,-4.96,3.48,1,-0.42,0.4,-1.07,0.267,-0.083,-4.96,-3.83,-4.36,-4.43,-3.96,-4.56,3.482,6.111,4.7,4.527,1,1,1,1
4913,54,Hombre,10.1,121,32.2,283,0,1,-0.038,272,115,-2.89,36,0,0.02,0.46,-0.14,0.312,-0.038,-4.02,-2.89,-3.42,-3.49,-2.95,-3.55,73.973,129.827,99.853,96.178,0,0,0,0
4914,76,Hombre,9.2,115,43.1,46,1,1,0.689,92,100,-3.13,9.55,1,-0.46,1.83,0.74,1.039,0.689,-4.26,-3.13,-3.66,-3.73,-2.1,-2.7,5.443,9.553,7.348,7.077,1,1,1,1
4915,53,Hombre,8,145,50.9,74,0,1,-0.225,59,138,0.39,36,0,-1.14,-0.71,0.74,0.125,-0.225,-0.73,0.39,-0.13,-0.21,0.06,-0.54,108.615,190.626,146.615,141.219,0,0,0,0
4916,65,Hombre,8.5,144,42,53,0,0,0.226,66,145,-0.56,36,0,-1.68,-0.72,-0.32,0.226,-0.124,-0.56,0.57,0.04,-0.03,0.38,-0.22,126.348,221.748,170.552,164.275,0,0,0,0
4917,59,Mujer,8.4,158,40.3,389,1,0,1.239,1343,153,-5.71,16.7,1,-0.12,-0.46,1.21,1.239,0.889,-5.71,-4.59,-5.11,-5.19,-3.26,-3.86,16.7,29.31,22.543,21.713,1,1,1,1
4918,41,Mujer,9.4,138,58.6,181,0,1,-1.341,47,125,0.56,36,0,-0.95,-1.29,-0.41,-0.991,-1.341,-0.57,0.56,0.03,-0.04,-1.45,-2.05,3268.598,5736.568,4412.146,4249.754,0,0,0,0
4919,66,Hombre,8.5,123,48.6,423,0,1,-0.245,331,118,-0.4,36,0,-0.6,0.08,0.21,0.105,-0.245,-1.53,-0.4,-0.93,-1,-0.77,-1.37,306.818,538.482,414.161,398.918,0,0,0,0
4920,72,Hombre,9.1,129,56,93,1,0,1.513,422,125,-7.46,1.03,1,-0.34,2.04,-1.89,1.513,1.163,-7.46,-6.34,-6.86,-6.94,-4.59,-5.19,1.03,1.808,1.39,1.339,1,1,1,1
4921,74,Hombre,6.6,137,45.3,144,0,0,-0.434,93,132,-1.38,19.47,1,-0.3,-0.11,2.23,-0.434,-0.784,-1.38,-0.25,-0.78,-0.85,-1.43,-2.03,19.466,34.163,26.276,25.309,1,1,1,1
4922,64,Mujer,7.9,143,33.9,166,0,0,0.11,185,138,-2.2,36,0,0.35,0.76,0.56,0.11,-0.24,-2.2,-1.08,-1.6,-1.68,-1.44,-2.04,69.202,121.452,93.412,89.974,0,0,0,0
4923,61,Mujer,8.3,137,43.4,171,1,0,0.758,365,126,-6.98,36,0,0.07,1.22,0.02,0.758,0.408,-6.98,-5.85,-6.38,-6.45,-5.24,-5.84,280.709,492.66,378.918,364.972,0,0,0,0
4924,59,Hombre,5.5,123,37.1,527,0,0,-0.162,448,114,-1.67,36,0,0.15,1.61,-0.43,-0.162,-0.512,-1.67,-0.55,-1.07,-1.15,-1.31,-1.91,435.319,764.008,587.619,565.991,0,0,0,0
4925,63,Mujer,6.2,130,38.7,36,0,0,0.283,48,144,-4.1,36,0,2,0.15,0.67,0.283,-0.067,-4.1,-2.98,-3.5,-3.58,-3.08,-3.68,212.519,372.983,286.871,276.313,0,0,0,0
4926,65,Hombre,9,144,45.3,514,1,0,0.486,835,157,-5.11,36,0,0.89,-1.13,1.48,0.486,0.136,-5.11,-3.98,-4.51,-4.58,-3.78,-4.38,252.899,443.852,341.378,328.814,0,0,0,0
4927,68,Hombre,6.5,107,38.1,45,0,0,0.242,57,107,-2.98,24.2,1,-0.09,1.31,0.79,0.242,-0.108,-2.98,-1.85,-2.38,-2.45,-2.02,-2.62,24.198,42.469,32.664,31.462,1,0,1,1
4928,78,Hombre,7.8,138,44.9,346,0,0,0.391,511,144,-4.24,36,0,-2.36,1.11,1.67,0.391,0.041,-4.24,-3.12,-3.64,-3.72,-3.05,-3.65,96.239,168.904,129.909,125.128,0,0,0,0
4929,66,Hombre,9,143,51.7,341,0,1,-0.16,291,144,-1.93,36,0,1.9,0.66,0.72,0.19,-0.16,-3.06,-1.93,-2.46,-2.53,-2.17,-2.77,38.826,68.142,52.41,50.481,0,0,0,0
4930,72,Mujer,9.3,142,33.3,92,1,0,1.253,322,151,-6.38,36,0,0.85,-0.54,-0.27,1.253,0.903,-6.38,-5.25,-5.78,-5.85,-3.9,-4.5,69.549,122.062,93.881,90.426,0,0,0,0
4931,60,Hombre,5.5,137,36.2,63,0,0,-0.462,40,132,0.44,36,0,-0.98,-0.49,-0.45,-0.462,-0.812,0.44,1.57,1.04,0.97,0.35,-0.25,366.802,643.758,495.131,476.908,0,0,0,0
4932,63,Mujer,7.4,142,48.8,86,0,0,0.523,145,128,-4.71,36,0,0.03,1.81,-0.16,0.523,0.173,-4.71,-3.59,-4.11,-4.19,-3.33,-3.93,136.376,239.348,184.089,177.313,0,0,0,0
4933,56,Mujer,7.1,108,50.8,201,0,1,0.458,318,108,-1.01,36,0,1.17,0.25,0.4,0.808,0.458,-2.13,-1.01,-1.53,-1.61,-0.32,-0.92,276.028,484.444,372.598,358.885,0,0,0,0
4934,56,Mujer,9.5,116,52.6,528,0,0,-0.183,440,106,-3.21,36,0,-0.13,-1.48,1.56,-0.183,-0.533,-3.21,-2.09,-2.61,-2.69,-2.89,-3.49,67.894,119.157,91.647,88.274,0,0,0,0
4935,30,Mujer,10.7,132,50.5,271,0,0,0.122,306,134,-3.96,36,0,-2.81,-0.67,-0.85,0.122,-0.228,-3.96,-2.84,-3.36,-3.44,-3.18,-3.78,2013.467,3533.745,2717.897,2617.863,0,0,0,0
4936,73,Hombre,10.6,131,37.8,351,0,0,-0.392,237,142,-1.73,36,0,1.6,-0.54,-0.94,-0.392,-0.742,-1.73,-0.61,-1.13,-1.21,-1.72,-2.32,162.589,285.353,219.473,211.395,0,0,0,0
4937,61,Hombre,7.9,104,64.7,193,0,1,-0.924,77,93,-0.58,36,0,-0.25,0.82,-1.32,-0.574,-0.924,-1.7,-0.58,-1.1,-1.18,-1.96,-2.56,318.316,558.661,429.681,413.866,0,0,0,0
4938,76,Mujer,7.5,139,33,312,0,0,0.527,528,147,-5.09,36,0,0.76,0.99,0.07,0.527,0.177,-5.09,-3.96,-4.49,-4.56,-3.7,-4.3,450.643,790.902,608.304,585.915,0,0,0,0
4939,55,Hombre,9.9,130,42.3,117,1,1,-0.527,69,113,-1.53,36,0,-0.38,-0.49,-1.16,-0.177,-0.527,-2.66,-1.53,-2.06,-2.13,-2.32,-2.92,205.211,360.156,277.005,266.81,0,0,0,0
4940,63,Hombre,8.9,163,49,642,0,1,0.011,649,155,-3.46,36,0,0.04,-1.09,0.46,0.361,0.011,-4.58,-3.46,-3.98,-4.06,-3.44,-4.04,565.192,991.942,762.929,734.849,0,0,0,0
4941,60,Hombre,6.1,142,46.9,11,0,0,0.339,15,143,-0.9,36,0,0.19,0.09,0.46,0.339,-0.011,-0.9,0.23,-0.3,-0.37,0.21,-0.39,1254.079,2200.977,1692.83,1630.524,0,0,0,0
4942,66,Hombre,7.2,115,45.1,413,0,0,-0.139,359,109,-1.67,36,0,0.62,0.23,-2.07,-0.139,-0.489,-1.67,-0.55,-1.07,-1.15,-1.28,-1.88,45.758,80.309,61.767,59.494,0,0,0,0
4943,68,Mujer,8,132,37.1,135,0,0,0.353,192,153,-4.16,36,0,0.6,0.81,0.38,0.353,0.003,-4.16,-3.03,-3.56,-3.63,-3.03,-3.63,870.765,1528.24,1175.41,1132.148,0,0,0,0
4944,65,Mujer,6.1,143,44.4,23,1,0,-0.363,16,144,-1.87,36,0,0.62,1.06,-1.05,-0.363,-0.713,-1.87,-0.75,-1.27,-1.35,-1.82,-2.42,262.752,461.144,354.678,341.624,0,0,0,0
4945,76,Hombre,7.4,126,43.8,350,0,0,0.319,481,133,-3.76,36,0,0.38,1.1,0.32,0.319,-0.031,-3.76,-2.64,-3.16,-3.24,-2.69,-3.29,46.657,81.885,62.98,60.662,0,0,0,0
4946,73,Hombre,7.3,131,43.6,482,1,1,-0.179,403,114,-1.47,36,0,1.57,0.62,-0.25,0.171,-0.179,-2.59,-1.47,-1.99,-2.07,-1.73,-2.33,235.709,413.683,318.174,306.464,0,0,0,0
4947,69,Hombre,8,125,32,165,1,0,-0.654,86,113,-1.67,36,0,1.74,-1.83,-0.82,-0.654,-1.004,-1.67,-0.55,-1.07,-1.15,-2.06,-2.66,3275.288,5748.31,4421.177,4258.453,0,0,0,0
4948,64,Hombre,7.1,104,36.6,42,0,0,-0.083,39,103,-1.5,36,0,-1.89,-0.07,-1.05,-0.083,-0.433,-1.5,-0.38,-0.9,-0.98,-1.03,-1.63,908.633,1594.701,1226.527,1181.384,0,0,0,0
4949,65,Mujer,7.3,135,37.4,50,1,0,-0.424,33,141,-2.63,36,0,0.95,-0.87,0.75,-0.424,-0.774,-2.63,-1.5,-2.03,-2.1,-2.66,-3.26,225.305,395.422,304.13,292.936,0,0,0,0
4950,62,Mujer,6.7,116,58.9,45,0,0,-0.051,43,121,0.74,36,0,0.29,-2.17,0.99,-0.051,-0.401,0.74,1.87,1.34,1.27,1.27,0.67,3943.57,6921.181,5323.263,5127.337,0,0,0,0
4951,67,Mujer,7.6,135,40.8,156,0,0,0.021,159,129,-2.89,36,0,0.63,0.18,0.87,0.021,-0.329,-2.89,-1.76,-2.29,-2.36,-2.25,-2.85,460.186,807.652,621.186,598.323,0,0,0,0
4952,56,Mujer,7.7,137,65.3,32,0,1,-0.091,29,116,-0.86,36,0,0.65,-0.74,0.06,0.259,-0.091,-1.99,-0.86,-1.39,-1.46,-1,-1.6,874.24,1534.339,1180.1,1136.666,0,0,0,0
4953,69,Hombre,7.8,140,47.2,290,0,1,-0.321,210,139,-0.03,36,0,-0.07,-1.71,-1.9,0.029,-0.321,-1.15,-0.03,-0.55,-0.63,-0.51,-1.11,153.272,269.001,206.896,199.281,0,0,0,0
4954,56,Mujer,7.9,116,51.1,100,1,1,0.019,102,113,-0.16,36,0,1.39,-0.63,1.64,0.369,0.019,-1.29,-0.16,-0.69,-0.76,-0.13,-0.73,1211.504,2126.255,1635.359,1575.168,0,0,0,0
4955,65,Hombre,8,138,42.1,30,0,0,-0.274,23,138,-2.14,36,0,2.55,0.08,-0.34,-0.274,-0.624,-2.14,-1.02,-1.54,-1.62,-1.95,-2.55,455.856,800.052,615.341,592.693,0,0,0,0
4956,65,Hombre,10.2,132,45.6,25,1,0,1.031,70,135,-5.39,36,0,-0.13,1.25,-0.39,1.031,0.681,-5.39,-4.27,-4.79,-4.87,-3.25,-3.85,81.743,143.463,110.341,106.28,0,0,0,0
4957,55,Hombre,10,151,59.6,98,0,1,-0.5,59,144,-2.49,36,0,-1.14,1.61,-0,-0.15,-0.5,-3.61,-2.49,-3.01,-3.09,-3.24,-3.84,720.083,1263.785,972.01,936.235,0,0,0,0
4958,63,Hombre,8.4,128,38.3,170,1,1,-1.033,60,114,-0.92,36,0,-0.77,-0.32,0.97,-0.683,-1.033,-2.04,-0.92,-1.44,-1.52,-2.47,-3.07,49.785,87.376,67.203,64.73,0,0,0,0
4959,63,Hombre,10.5,132,22.3,2133,0,0,0.916,5329,137,-6.64,15.33,1,0.7,0.67,0.95,0.916,0.566,-6.64,-5.52,-6.04,-6.12,-4.67,-5.27,15.328,26.901,20.69,19.929,1,1,1,1
4960,76,Hombre,9.1,141,33.6,70,0,0,0.499,115,137,-4.06,36,0,-0.18,0.68,-0.7,0.499,0.149,-4.06,-2.93,-3.46,-3.53,-2.71,-3.31,92.431,162.221,124.769,120.176,0,0,0,0
4961,77,Mujer,5.8,124,33.6,71,0,0,-0.184,59,126,-0.58,36,0,2.06,-1.08,-0.2,-0.184,-0.534,-0.58,0.54,0.02,-0.06,-0.26,-0.86,290.956,510.644,392.75,378.295,0,0,0,0
4962,69,Hombre,8.6,127,37.1,1989,1,1,-1.12,649,130,-4.32,36,0,-1.15,-0.34,1.62,-0.77,-1.12,-5.44,-4.32,-4.84,-4.92,-6,-6.6,864.527,1517.292,1166.989,1124.038,0,0,0,0
4963,63,Mujer,7.7,147,40.4,76,0,0,0.279,100,135,-3.74,14.98,1,-2.03,0.47,0.7,0.279,-0.071,-3.74,-2.61,-3.14,-3.21,-2.72,-3.32,14.981,26.292,20.222,19.478,1,1,1,1
4964,63,Mujer,8.6,107,57.6,139,0,0,0.078,150,103,-1.88,36,0,-0.95,-0.04,1,0.078,-0.272,-1.88,-0.75,-1.28,-1.35,-1.16,-1.76,1397.877,2453.351,1886.937,1817.487,0,0,0,0
4965,80,Mujer,7.4,123,47.6,106,1,0,0.416,161,147,-4.79,36,0,0.41,1.08,-0.42,0.416,0.066,-4.79,-3.67,-4.19,-4.27,-3.57,-4.17,324.062,568.747,437.439,421.338,0,0,0,0
4966,63,Mujer,5.9,133,48.2,43,0,1,0.238,55,125,-1.09,36,0,-0.86,-0.53,1.22,0.588,0.238,-2.22,-1.09,-1.62,-1.69,-0.74,-1.34,128.844,226.128,173.921,167.52,0,0,0,0
4967,66,Hombre,6.5,131,44.3,14,0,0,0.095,15,138,-2.1,36,0,0.35,-0.1,-0.08,0.095,-0.255,-2.1,-0.98,-1.5,-1.58,-1.36,-1.96,296.234,519.906,399.874,385.156,0,0,0,0
4968,77,Hombre,9.4,148,42.1,580,0,1,-1.036,206,122,-1.66,36,0,1.52,-0.97,-0.14,-0.686,-1.036,-2.78,-1.66,-2.18,-2.26,-3.21,-3.81,536.108,940.898,723.67,697.035,0,0,0,0
4969,65,Hombre,8.3,147,53.7,138,0,1,-0.264,106,144,-1.19,36,0,-0.12,0.77,-0.28,0.086,-0.264,-2.32,-1.19,-1.72,-1.79,-1.59,-2.19,568.814,998.3,767.819,739.559,0,0,0,0
4970,62,Mujer,6.5,170,35.1,214,0,0,0.835,493,171,-6.6,36,0,-0.38,1.28,-2.34,0.835,0.485,-6.6,-5.48,-6,-6.08,-4.75,-5.35,48.702,85.475,65.741,63.321,0,0,0,0
4971,55,Mujer,9.2,132,49.3,48,0,0,0.083,52,131,-1.98,36,0,0.03,-0.92,0.27,0.083,-0.267,-1.98,-0.86,-1.38,-1.46,-1.26,-1.86,3071.744,5391.078,4146.42,3993.809,0,0,0,0
4972,64,Hombre,9.6,153,31,642,0,0,-0.165,544,151,-3.2,20.47,1,-1.59,-1.26,-1.96,-0.165,-0.515,-3.2,-2.08,-2.6,-2.68,-2.85,-3.45,20.467,35.921,27.628,26.611,1,1,1,1
4973,56,Mujer,7.9,142,48.6,122,0,0,-0.002,122,141,-2,36,0,-0.25,0.84,-1.99,-0.002,-0.352,-2,-0.88,-1.4,-1.48,-1.4,-2,903.084,1584.961,1219.035,1174.168,0,0,0,0
4974,65,Hombre,6.5,132,55.1,17,0,0,0.251,22,122,-0.36,36,0,-0.39,1.4,0.58,0.251,-0.099,-0.36,0.76,0.24,0.16,0.62,0.02,2653.844,4657.641,3582.315,3450.466,0,0,0,0
4975,50,Hombre,5.5,147,34.1,19,0,0,1.086,56,159,-4.71,36,0,-0.52,1.45,-0.54,1.086,0.736,-4.71,-3.58,-4.11,-4.18,-2.48,-3.08,89.282,156.695,120.519,116.083,0,0,0,0
4976,42,Mujer,7,113,40.1,52,0,1,0.054,55,107,1.08,36,0,-1.61,-0.62,1.36,0.404,0.054,-0.04,1.08,0.56,0.48,1.16,0.56,1034.293,1815.241,1396.15,1344.764,0,0,0,0
4977,63,Hombre,8.8,120,49.8,42,0,0,0.645,80,123,-4.46,36,0,-0.74,0.96,0.04,0.645,0.295,-4.46,-3.34,-3.86,-3.94,-2.89,-3.49,119.031,208.906,160.675,154.762,0,0,0,0
4978,55,Mujer,7.6,139,44.8,60,0,1,-0.381,41,122,-0.87,36,0,-1.37,-1.35,2.46,-0.031,-0.381,-1.99,-0.87,-1.39,-1.47,-1.44,-2.04,2937.866,5156.115,3965.704,3819.744,0,0,0,0
4979,60,Mujer,6.2,147,58.7,168,0,1,-0.172,142,142,-1.82,36,0,-0.7,0.52,-1.67,0.178,-0.172,-2.95,-1.82,-2.35,-2.42,-2.08,-2.68,107.976,189.503,145.752,140.388,0,0,0,0
4980,69,Mujer,9.7,165,48.2,386,1,1,0.143,445,143,-3.97,36,0,-2.34,1.6,-0.76,0.493,0.143,-5.09,-3.97,-4.49,-4.57,-3.75,-4.35,32.032,56.219,43.239,41.648,1,0,0,0
4981,46,Hombre,6.6,124,42.8,51,0,0,-0.06,48,124,-1.4,36,0,0.45,0.56,-0.59,-0.06,-0.41,-1.4,-0.28,-0.8,-0.88,-0.89,-1.49,512.542,899.539,691.859,666.395,0,0,0,0
4982,63,Hombre,6.9,114,39.5,46,0,0,0.683,91,123,-4.4,36,0,-0.62,2.19,-0.76,0.683,0.333,-4.4,-3.28,-3.8,-3.88,-2.78,-3.38,1472.03,2583.493,1987.033,1913.899,0,0,0,0
4983,70,Mujer,9.5,101,29.3,755,0,0,-0.551,435,98,-3.34,36,0,-1.32,-0.8,0.09,-0.551,-0.901,-3.34,-2.21,-2.74,-2.81,-3.56,-4.16,191.577,336.229,258.602,249.084,0,0,0,0
4984,74,Hombre,7.3,143,44.2,126,0,1,0.184,152,137,-1.56,36,0,0.89,0.42,-0.9,0.534,0.184,-2.69,-1.56,-2.09,-2.16,-1.29,-1.89,141.235,247.874,190.647,183.63,0,0,0,0
4985,77,Mujer,7.4,166,35.1,46,0,0,0.117,52,159,-1.25,36,0,1.25,-0.46,0.93,0.117,-0.233,-1.25,-0.12,-0.65,-0.72,-0.47,-1.07,287.129,503.927,387.583,373.318,0,0,0,0
4986,51,Mujer,7.5,139,58.9,539,0,1,-0.611,293,136,-3.59,36,0,0.11,1.28,0.15,-0.261,-0.611,-4.72,-3.59,-4.12,-4.19,-4.51,-5.11,1403.704,2463.577,1894.802,1825.062,0,0,0,0
4987,50,Mujer,8.6,123,41.7,283,0,0,-0.554,163,121,-1.21,36,0,-0.29,-0.66,0.22,-0.554,-0.904,-1.21,-0.08,-0.61,-0.68,-1.44,-2.04,6617.322,11613.762,8932.45,8603.686,0,0,0,0
4988,64,Mujer,8.3,119,40.7,30,0,0,0.446,47,142,-4.16,36,0,-1.18,0.1,2.55,0.446,0.096,-4.16,-3.03,-3.56,-3.63,-2.89,-3.49,549.394,964.217,741.604,714.309,0,0,0,0
4989,56,Mujer,5.9,142,48.2,56,0,1,-1.395,14,143,1.77,36,0,-0.7,-1.71,-0.2,-1.045,-1.395,0.65,1.77,1.25,1.17,-0.32,-0.92,8567.33,15036.132,11564.686,11139.041,0,0,0,0
4990,66,Mujer,7.7,100,47.7,35,0,0,0.225,44,98,-2.05,36,0,0.58,0.43,0.07,0.225,-0.125,-2.05,-0.93,-1.45,-1.53,-1.11,-1.71,355.646,624.178,480.071,462.402,0,0,0,0
4991,73,Mujer,6.1,127,43.5,793,0,0,0.125,899,129,-1.92,36,0,-0.94,-0.18,-0.73,0.125,-0.225,-1.92,-0.8,-1.32,-1.4,-1.13,-1.73,541.58,950.502,731.056,704.149,0,0,0,0
4992,70,Hombre,6.7,169,39,169,0,0,0.317,232,175,-2.44,36,0,-0.5,0.43,-1.11,0.317,-0.033,-2.44,-1.31,-1.84,-1.91,-1.36,-1.96,258.859,454.311,349.423,336.562,0,0,0,0
4993,57,Mujer,9,134,51,41,0,1,-0.46,26,130,0.5,36,0,1.81,-1.02,-0.37,-0.11,-0.46,-0.62,0.5,-0.02,-0.1,-0.19,-0.79,83.251,146.11,112.377,108.241,0,0,0,0
4994,62,Mujer,7,124,39,120,0,0,-0.015,118,120,-1.73,36,0,-1.64,1.29,-0.78,-0.015,-0.365,-1.73,-0.61,-1.13,-1.21,-1.16,-1.76,165.726,290.859,223.707,215.473,0,0,0,0
4995,66,Mujer,9.7,133,53.4,88,0,1,0.876,211,140,-4.6,36,0,0.5,0.79,0.15,1.226,0.876,-5.72,-4.6,-5.12,-5.2,-3.28,-3.88,386.129,677.677,521.219,502.035,0,0,0,0
4996,66,Hombre,10.7,120,48.2,26,1,1,0.145,30,127,-1.01,36,0,1.48,-0.46,-1.56,0.495,0.145,-2.13,-1.01,-1.53,-1.61,-0.79,-1.39,1918.427,3366.944,2589.605,2494.294,0,0,0,0
4997,64,Hombre,8.1,126,46,196,0,0,-0.377,134,124,-3.11,36,0,0.79,-0.06,0.13,-0.377,-0.727,-3.11,-1.99,-2.51,-2.59,-3.08,-3.68,119.431,209.609,161.215,155.282,0,0,0,0
4998,75,Mujer,8.8,115,49.9,88,0,0,-0.131,77,126,-1.2,36,0,0.18,-0.24,1.39,-0.131,-0.481,-1.2,-0.07,-0.6,-0.67,-0.79,-1.39,1173.072,2058.805,1583.481,1525.2,0,0,0,0
4999,78,Mujer,6.4,148,26.4,73,0,0,0.205,90,154,-2.51,36,0,1,0.31,-0.06,0.205,-0.145,-2.51,-1.39,-1.91,-1.99,-1.6,-2.2,1063.439,1866.393,1435.492,1382.658,0,0,0,0
5000,71,Mujer,8.2,120,47.1,132,0,0,-0.666,68,114,0.23,36,0,-0.21,-1.23,-0.03,-0.666,-1.016,0.23,1.36,0.83,0.76,-0.17,-0.77,383.347,672.795,517.464,498.419,0,0,0,0
