id,edad,sexo,hba1c,pas,tfg_basal,uacr_basal,ecv,isglt2,delta_lnuacr,uacr_6m,pas_6m,pendiente_tfg,tiempo_meses,evento
1,69,Mujer,6.3,122,53.7,99,1,0,-0.021,97,134,-2.66,36,0
2,53,Mujer,7.4,135,46.3,22,0,1,-0.12,20,128,-2.35,36,0
3,65,Mujer,8.5,122,36.5,85,1,0,0.292,114,111,-2.8,10.69,1
4,63,Hombre,7.7,113,52.2,95,0,0,0.46,151,121,-3.2,0.01,1
5,57,Mujer,7.8,142,43.4,180,0,1,-1.291,49,139,-0.06,36,0
6,39,Mujer,9.3,126,61.5,690,0,1,-0.109,618,111,-1.53,36,0
7,57,Mujer,8,129,57,293,0,1,-0.045,280,115,0.1,36,0
8,54,Hombre,6,131,48.9,59,0,0,0.171,70,144,-0.38,36,0
9,65,Hombre,8.4,143,35.9,238,0,1,-0.373,164,134,-3.29,36,0
10,59,Hombre,8.9,164,51.9,533,1,1,-0.211,432,152,-3.31,36,0
11,60,Hombre,8.8,139,37.1,122,0,0,-0.126,108,130,-4.67,36,0
12,57,Mujer,7.2,136,66.9,292,0,1,0.509,486,120,-2.31,36,0
13,62,Hombre,8.4,142,41,52,1,0,0.715,106,148,-4.05,36,0
14,62,Mujer,8.2,171,37.3,180,0,0,-0.166,152,183,-4,36,0
15,39,Hombre,7.6,148,51.5,66,0,0,0.659,128,149,-1.85,36,0
16,77,Hombre,9.9,136,28.1,824,1,1,0.815,1862,120,-5.43,36,0
17,70,Hombre,7.8,119,43.8,107,0,0,0.272,141,125,-2.14,36,0
18,66,Hombre,8.7,140,48.7,436,0,0,-0.746,207,144,-3.42,36,0
19,56,Hombre,6.8,130,59.4,42,0,0,0.514,70,137,-2.45,6.03,1
20,71,Mujer,8.2,128,45.1,105,0,1,-0.069,98,125,-1.29,36,0
21,61,Mujer,6.5,182,51.4,79,0,0,-0.28,60,180,-2.51,36,0
22,62,Hombre,7.5,150,53.5,1293,0,1,0.128,1470,151,-1.98,36,0
23,50,Mujer,5.5,121,57.9,20,0,0,0.321,28,122,-1.3,36,0
24,79,Hombre,7.2,140,23.5,142,1,0,-0.407,94,132,-2.24,36,0
25,64,Hombre,7.2,142,53.5,90,0,0,-1.069,31,134,-2.22,36,0
26,83,Mujer,6.2,154,49.6,216,1,1,0.169,256,145,-2.74,36,0
27,81,Mujer,9.4,121,37.9,503,0,0,0.044,526,130,-3.16,36,0
28,65,Hombre,7.3,145,49.9,70,0,1,0.641,133,134,-0.71,36,0
29,70,Hombre,6.6,140,45.1,39,0,1,0.187,47,125,-1.27,36,0
30,81,Mujer,9.1,139,47.2,509,0,0,-1.425,122,144,-2.79,36,0
31,59,Mujer,8,139,46.8,15,0,0,0.501,25,131,-1.86,36,0
32,66,Mujer,7.1,128,48.4,38,0,0,0.112,42,128,-3.21,36,0
33,61,Mujer,5.6,162,38.8,84,1,0,0.094,92,167,-3.42,36,0
34,67,Mujer,8.8,134,54.2,269,1,1,-0.257,208,123,-3.59,36,0
35,66,Hombre,7.8,143,62.4,59,0,0,0.529,100,143,-1.82,36,0
36,76,Mujer,7.8,138,20,352,0,0,0.618,653,143,-3.83,36,0
37,70,Mujer,9.4,121,48.5,111,0,0,-0.234,88,130,-2.9,36,0
38,55,Hombre,8.5,147,70.9,69,1,1,0.152,80,142,-1.69,36,0
39,70,Hombre,8.8,124,38.5,79,0,0,0.316,108,129,-3.88,36,0
40,56,Hombre,8,122,52.7,497,0,0,0.185,598,121,-2.84,36,0
41,52,Hombre,7,120,43.7,290,0,1,-0.467,182,106,-0.35,36,0
42,72,Hombre,7.1,107,70.1,42,0,0,0.733,87,120,-3.19,36,0
43,52,Hombre,7.7,115,43,137,0,0,0.216,170,128,-1.45,36,0
44,67,Hombre,8.8,117,50.5,335,0,0,0.156,392,105,-4.37,36,0
45,56,Hombre,9.2,130,57.8,64,1,1,-0.099,58,138,-2.13,36,0
46,78,Mujer,8.4,144,40.2,67,0,0,0.56,117,147,-3.12,36,0
47,71,Mujer,7.4,143,32.5,149,0,0,-0.046,142,146,-4.44,36,0
48,60,Hombre,7.7,140,42.7,460,0,0,0.827,1052,136,-5.15,36,0
49,72,Mujer,6.7,144,50.8,124,0,0,-0.029,121,143,-2.31,36,0
50,68,Hombre,8,144,38.4,294,1,1,-0.212,238,140,-1.78,36,0
51,52,Hombre,8.7,131,39.2,398,0,1,-0.505,240,123,1.57,36,0
52,62,Hombre,9,135,62.5,20,1,1,-0.18,17,128,-0.95,36,0
53,55,Mujer,8.7,133,56.2,52,0,0,-0.534,30,144,-0.7,36,0
54,68,Mujer,6.7,149,20,92,0,0,-0.677,47,149,-1.93,36,0
55,58,Mujer,9.8,140,41.7,188,0,1,-0.749,89,132,0.17,36,0
56,62,Mujer,6.9,105,25.8,55,0,0,-0.511,33,112,-0.84,36,0
57,52,Mujer,7.8,116,57.6,40,0,1,0.037,41,104,0.37,36,0
58,54,Hombre,7.2,134,37.7,94,1,1,-0.519,56,130,-2.7,36,0
59,65,Mujer,10.2,149,55.8,178,0,1,-1.034,63,158,-0.23,36,0
60,54,Hombre,8.1,112,51.1,61,0,1,-0.431,40,96,1.85,36,0
61,63,Hombre,9.1,154,59.2,309,0,1,-0.531,182,139,-1.42,36,0
62,66,Hombre,8.3,112,47.6,101,0,0,-0.45,64,112,-0.45,36,0
63,62,Mujer,8.3,128,43.6,97,0,0,0.214,120,125,-4.03,36,0
64,61,Hombre,5.5,149,47,50,0,0,0.58,89,153,-2.08,36,0
65,47,Mujer,7.7,160,57.1,122,0,1,-0.514,73,134,-1.13,36,0
66,61,Hombre,7.8,112,58.5,135,1,0,-0.002,135,105,-1.72,36,0
67,46,Hombre,8.2,137,53.9,455,0,1,-0.995,168,131,-0.05,36,0
68,76,Mujer,6.5,129,37.4,173,0,0,-0.179,145,123,-1.45,36,0
69,54,Hombre,9.2,113,56.8,122,0,1,-0.193,101,111,-0.05,15.14,1
70,65,Hombre,7.4,124,50.3,341,1,0,0.025,350,123,-3.42,36,0
71,69,Mujer,7.1,131,53.9,21,0,0,0.48,34,133,-2.88,36,0
72,64,Mujer,9.5,121,40.2,105,0,0,0.121,118,116,-2.26,36,0
73,77,Hombre,8.5,130,23.4,571,1,0,-0.481,353,129,-4.07,11.86,1
74,56,Mujer,5.5,126,60,9,0,0,-0.42,6,120,0.14,36,0
75,68,Hombre,9.9,129,49.1,443,0,1,0.075,478,118,-2.13,36,0
76,54,Mujer,7.5,138,33.9,58,0,0,-0.333,42,138,-2.28,36,0
77,85,Hombre,6.6,149,45.6,106,0,0,0.053,112,149,-2.95,36,0
78,71,Hombre,7.3,135,34,57,0,0,-0.367,39,126,-3.25,36,0
79,61,Hombre,7.1,143,48.2,48,0,0,0.254,62,137,-3.1,36,0
80,72,Mujer,7,119,42.1,63,0,0,0.095,69,120,-0.97,36,0
81,52,Mujer,8.9,129,58.3,40,0,0,0.332,56,131,-1.38,36,0
82,79,Hombre,9.9,111,25.8,172,1,0,0.62,320,108,-7.28,36,0
83,52,Mujer,8,132,55.4,251,0,0,0.928,635,138,-3.41,36,0
84,48,Mujer,6.8,156,45.6,39,0,0,0.416,59,157,-1.51,36,0
85,63,Mujer,8.9,105,42.6,43,0,1,0.573,76,95,-1.61,36,0
86,72,Mujer,7.9,125,43.9,49,0,0,-0.106,44,128,-0.68,36,0
87,64,Mujer,7.8,140,41.8,145,0,1,-0.391,98,144,-0.86,36,0
88,56,Hombre,7.1,118,46.7,97,0,1,-0.727,47,106,0.44,36,0
89,76,Hombre,7,115,36.7,79,1,0,0.233,100,110,-0.61,36,0
90,88,Hombre,6.5,162,39.6,100,0,0,0.357,143,159,-3.12,36,0
91,44,Hombre,8.6,119,55.3,28,0,0,0.061,30,125,-0.06,36,0
92,79,Mujer,9.8,144,41,341,0,0,0.547,590,149,-4.27,36,0
93,59,Hombre,5.7,121,49.3,169,0,1,-0.537,99,116,-0.01,36,0
94,74,Mujer,9.5,162,29,56,0,0,-0.111,50,151,-3.53,36,0
95,46,Hombre,5.5,109,42,22,0,1,0.161,26,108,0.23,36,0
96,61,Hombre,7,154,51,23,1,1,0.254,30,147,-0.82,36,0
97,54,Mujer,6.5,133,43.4,174,0,0,-0.517,104,134,-2.07,36,0
98,59,Hombre,9.8,128,64.6,304,0,1,-0.226,242,126,-3.67,36,0
99,53,Hombre,7.6,114,39.6,32,0,0,1.141,100,131,-1.67,36,0
100,68,Mujer,8.3,115,46.4,113,0,0,0.069,121,118,-4.09,36,0
101,76,Mujer,8,120,60.4,59,0,0,0.339,83,128,-2.43,36,0
102,59,Hombre,8.8,124,48.8,38,1,0,0.259,49,125,-2.05,36,0
103,62,Hombre,8.2,118,56.9,194,0,0,-0.314,142,108,-2.81,36,0
104,53,Hombre,7.2,128,49.5,27,0,0,-0.219,22,137,-0.32,36,0
105,74,Hombre,8.3,156,34.8,17,0,0,0.737,36,157,-2.59,36,0
106,70,Hombre,9.2,158,46.8,114,0,0,0.315,156,166,-5.06,36,0
107,48,Hombre,7.4,132,56.2,7,1,1,0.271,9,130,-1.3,36,0
108,79,Mujer,5.5,132,31.6,53,1,0,0.838,122,130,-3.14,36,0
109,52,Mujer,9.9,140,54.6,293,0,1,-0.866,123,124,-2.23,36,0
110,53,Hombre,8.2,144,55.8,128,0,1,-0.261,99,148,-1.65,36,0
111,49,Mujer,7.4,146,52.1,28,0,0,0.383,41,145,-2.6,36,0
112,52,Hombre,9.5,116,45.7,127,0,1,0.77,274,106,-1.83,36,0
113,61,Hombre,6.2,117,50.2,28,0,0,-0.128,25,129,-0.48,36,0
114,69,Mujer,8.7,135,47,496,1,0,0.075,535,123,-3.6,36,0
115,57,Mujer,9.1,116,45,295,1,1,-0.159,252,108,-2.34,5.03,1
116,62,Hombre,8.2,121,58.9,65,0,1,0.002,65,117,-1.62,36,0
117,61,Mujer,7.7,95,35.5,246,0,0,-0.138,214,93,-0.61,36,0
118,76,Hombre,6.9,155,27.9,689,1,0,0.33,959,147,-6.1,10.53,1
119,87,Mujer,8.4,132,32.2,95,1,0,-0.158,81,135,-3.77,36,0
120,53,Mujer,8.4,125,48.4,137,0,0,1.065,397,116,-5.31,36,0
121,83,Mujer,8.5,102,37.4,110,0,0,0.501,182,113,-3.38,36,0
122,85,Mujer,9.5,138,42.5,796,1,0,-0.277,604,152,-3.51,36,0
123,66,Mujer,8.9,152,41.8,474,0,1,0.063,505,155,-3.26,36,0
124,73,Hombre,8.9,146,50.3,107,1,0,0.12,121,147,-3.8,36,0
125,47,Mujer,6.8,137,65.3,66,1,1,-0.265,51,125,-0.93,36,0
126,69,Hombre,7.4,161,54.8,206,0,0,-0.072,192,166,-3.02,5.37,1
127,59,Mujer,9,142,42.3,104,0,0,-0.439,67,130,-1.94,36,0
128,62,Mujer,7.6,135,34.3,70,0,1,0.126,79,134,-2.91,36,0
129,70,Mujer,6,120,41.8,25,0,0,0.655,48,118,-0.43,36,0
130,74,Hombre,8.9,139,32.6,73,1,0,-0.04,70,123,-3.6,36,0
131,64,Mujer,6.1,131,39.3,883,1,0,-0.67,452,126,-3.13,36,0
132,90,Hombre,7.9,141,33.6,57,0,0,-0.031,55,136,-4.04,0.92,1
133,70,Mujer,8.3,134,31.2,581,0,0,-0.254,451,130,-2.94,15.59,1
134,62,Mujer,7.3,159,44.6,62,1,1,-0.119,55,143,-1.04,36,0
135,68,Hombre,8.6,145,38.4,132,1,0,-0.867,55,133,-2.42,36,0
136,63,Mujer,7.3,126,59.8,14,0,1,-0.771,6,114,-0.28,36,0
137,53,Mujer,7,139,48.6,31,0,1,0.008,31,148,0.44,36,0
138,69,Hombre,9.7,136,48.6,1602,0,1,-0.611,869,120,-2.45,36,0
139,73,Hombre,7.2,125,44.4,92,0,0,0.641,175,128,-3.01,36,0
140,68,Hombre,7.2,138,32.5,62,0,0,-0.704,31,152,-0.41,36,0
141,68,Hombre,8.7,124,45.2,54,0,1,-0.603,30,116,-0.91,36,0
142,66,Hombre,8.3,115,63.9,35,0,1,0.302,47,116,-0.94,36,0
143,72,Mujer,9.5,124,52.9,338,0,1,-0.29,253,128,-1.97,36,0
144,51,Hombre,6.7,120,58,53,0,1,0.477,85,106,-0.55,36,0
145,76,Hombre,8.6,165,53.1,1381,0,1,-1.026,495,167,-1.24,36,0
146,55,Mujer,7.6,136,43.2,31,0,0,0.219,39,145,-1.91,36,0
147,67,Hombre,6.8,132,61.8,234,0,1,-0.683,118,134,1.98,36,0
148,72,Hombre,7.9,112,41.4,57,0,1,0.531,97,106,-2.23,36,0
149,66,Mujer,5.8,132,64.2,194,0,1,-0.947,75,128,-1,36,0
150,48,Mujer,10,142,60.9,112,0,1,-0.434,73,145,-0.04,36,0
151,64,Hombre,6.3,149,50.5,152,1,1,-0.019,149,143,-0.95,36,0
152,67,Mujer,7.3,145,38.3,63,1,1,0.375,92,136,-3.51,36,0
153,74,Hombre,7,146,48.3,140,0,1,-0.25,109,137,-1.17,36,0
154,69,Mujer,9.2,133,55.9,54,0,1,0.097,60,122,-1.91,36,0
155,70,Hombre,7.4,115,39.2,319,1,0,-0.495,194,107,-1.44,36,0
156,75,Hombre,8.9,145,35.8,560,0,0,0.138,643,137,-3.75,36,0
157,57,Hombre,7.3,111,53.8,90,0,1,-1.047,32,112,0.45,36,0
158,58,Mujer,10.1,146,48.1,193,0,1,-0.515,115,145,-2.1,36,0
159,64,Mujer,9.1,139,40.5,58,0,0,0.022,59,147,-1,36,0
160,67,Mujer,8.3,129,53,154,1,0,-0.094,140,118,-2.55,36,0
161,78,Hombre,7.8,140,44.9,426,1,1,-0.655,221,128,-2.53,36,0
162,55,Hombre,7.4,116,46.5,391,0,0,-0.265,300,106,-0.41,36,0
163,55,Mujer,7.4,131,52.7,20,1,0,-0.053,19,115,-0.54,36,0
164,72,Hombre,9.5,146,45,142,0,0,0.121,160,136,-4.23,36,0
165,60,Hombre,7.8,141,63.3,108,1,1,0.023,111,137,-1.51,36,0
166,62,Mujer,8.4,151,66.3,278,0,1,-0.949,108,146,0.41,36,0
167,70,Mujer,7.2,139,46.9,88,1,0,0.457,139,147,-2.54,36,0
168,58,Hombre,8.4,133,40.8,143,0,1,0.501,236,120,-3.05,36,0
169,57,Hombre,5.5,118,48.3,209,0,0,1.12,641,128,-2.99,36,0
170,61,Hombre,7.4,164,49.3,7,1,0,0.201,9,154,-2.64,36,0
171,60,Hombre,6.8,141,31.3,102,0,0,-0.972,39,155,0.64,36,0
172,57,Hombre,7.9,143,45.9,673,0,1,-0.079,622,135,-2.65,36,0
173,73,Hombre,9.6,139,50.3,177,0,0,0.023,181,148,-3.46,36,0
174,59,Hombre,8.3,125,50.8,333,0,1,-0.467,209,122,-2.63,36,0
175,65,Mujer,6.8,154,49.4,41,0,0,0.313,56,161,-1.26,36,0
176,65,Hombre,9.6,125,34.7,1707,1,0,0.388,2516,116,-3.93,36,0
177,45,Hombre,9.1,135,52.3,105,0,0,0.09,115,122,-3.66,36,0
178,67,Hombre,9.9,151,57.5,426,0,1,-1.296,117,145,-0.3,36,0
179,79,Mujer,6.9,138,41,36,0,0,0.488,59,132,-2.4,36,0
180,64,Hombre,6.4,111,40.5,239,0,1,-0.689,120,116,-0.39,36,0
181,56,Mujer,10.6,152,56.4,201,0,1,0.175,240,149,-1.98,36,0
182,77,Hombre,8,169,48.5,412,0,1,-0.18,344,160,-4.33,36,0
183,67,Hombre,9,134,55.3,609,0,1,-0.264,468,126,-2.96,36,0
184,74,Mujer,6.4,109,37.3,76,1,0,0.224,95,111,-2.38,36,0
185,66,Hombre,9.9,130,41.1,196,0,0,0.387,289,136,-3.55,36,0
186,70,Mujer,7.4,140,57.2,75,0,0,-0.218,60,152,-1.31,36,0
187,78,Mujer,6.3,154,32.8,48,0,0,0.586,86,156,-2.37,36,0
188,71,Hombre,6.8,156,46.2,202,0,0,-0.058,191,157,-2.84,36,0
189,68,Mujer,5.8,137,54.5,60,1,1,-0.072,56,137,-1.4,9.41,1
190,57,Hombre,8.8,150,51,210,0,1,0.325,291,129,-2.78,36,0
191,70,Mujer,8.2,149,39.2,243,0,0,-0.407,162,154,-1.69,36,0
192,60,Hombre,8.2,131,51.2,240,0,1,-0.859,102,120,-0.07,11.75,1
193,86,Hombre,7.7,121,48.3,130,0,0,0.519,218,125,-3.4,36,0
194,67,Hombre,10.1,111,46.8,212,0,1,-0.503,128,113,-2.6,36,0
195,56,Hombre,7.1,141,47.4,965,0,1,-0.025,941,147,-2.85,36,0
196,80,Hombre,10.4,130,25.1,1481,1,0,-0.676,754,135,-3.55,36,0
197,59,Hombre,9,137,57.7,372,1,1,0.284,494,126,-1.88,36,0
198,48,Hombre,9.1,122,43.3,375,0,1,0.595,680,118,-2.02,36,0
199,54,Hombre,8.1,134,50.5,405,1,1,0.366,584,124,-2.16,36,0
200,64,Mujer,8,143,44.9,138,0,0,0.49,225,138,-3.54,36,0
201,60,Hombre,7.9,113,53.3,66,0,1,-0.663,34,114,0.48,36,0
202,69,Hombre,7.8,132,37.2,556,1,0,-0.223,445,137,-3.3,36,0
203,62,Mujer,7.9,147,47.4,523,0,1,-0.809,233,134,-0.66,36,0
204,45,Mujer,6.4,139,52.1,2306,0,1,-0.372,1590,139,-0.76,36,0
205,61,Hombre,8.8,102,55.1,31,0,0,-0.054,29,123,-1.37,36,0
206,82,Hombre,7.4,173,51.8,351,0,0,0.529,596,176,-4.89,36,0
207,60,Mujer,6.3,115,53.3,101,0,1,0.185,122,112,-1.68,36,0
208,58,Hombre,8.1,144,33.7,326,0,1,-0.231,259,146,-2.32,36,0
209,63,Mujer,7.1,131,38.3,170,0,0,0.437,263,152,-2.64,36,0
210,81,Hombre,11.4,127,36.8,843,0,1,-1.682,157,114,-3.43,36,0
211,55,Mujer,9.9,126,63.2,370,0,1,-0.726,179,116,-3.13,36,0
212,72,Mujer,7.9,144,48.8,429,1,1,-0.018,422,140,-2.48,36,0
213,58,Mujer,8.1,129,46,21,0,0,0.362,30,132,0.02,10.05,1
214,61,Hombre,7.2,115,40.3,104,1,0,-0.077,96,114,-0.89,36,0
215,60,Mujer,9,138,49.7,668,0,1,-0.215,539,142,-1.72,36,0
216,72,Mujer,7,118,51.3,1930,0,1,-0.879,802,106,-2.31,36,0
217,70,Mujer,6.7,137,45.7,185,1,0,-0.445,119,154,-2.61,36,0
218,75,Hombre,9,128,49.5,406,0,0,-0.116,361,135,-2.17,36,0
219,75,Mujer,7.5,118,29.9,117,0,0,0.355,167,111,-3.06,36,0
220,86,Hombre,7.6,125,42.3,49,1,0,0.557,86,123,-6.13,36,0
221,65,Hombre,8.6,134,45.8,57,0,0,0.254,73,152,-2.45,36,0
222,39,Hombre,5.5,133,59.7,27,0,1,-0.685,14,140,1.58,36,0
223,59,Hombre,7.3,126,39.8,39,1,0,-0.441,25,123,0.3,36,0
224,56,Mujer,7.3,122,55.4,35,0,1,-0.472,22,111,-0.46,36,0
225,61,Mujer,7.8,155,47.4,465,0,0,0.255,600,159,-4.24,36,0
226,76,Mujer,9.3,131,48.2,532,1,0,-0.233,421,140,-4.67,36,0
227,58,Hombre,6.5,128,39.3,98,0,1,0.853,230,112,-3.02,24.27,1
228,56,Mujer,8.7,144,54.1,88,0,0,0.219,110,132,-3.15,36,0
229,69,Hombre,7.9,134,39,308,1,0,-0.573,174,142,-2.98,36,0
230,71,Mujer,7.2,155,51.7,279,1,0,0.087,304,154,-4.84,36,0
231,62,Hombre,6.9,129,50.3,97,0,0,0.022,99,133,-1.7,36,0
232,68,Hombre,8.5,126,50.2,233,0,1,-0.045,223,116,-2.47,36,0
233,69,Hombre,7.2,122,61.7,16,0,0,-0.823,7,134,1.35,36,0
234,68,Hombre,6.5,132,42.4,100,1,0,0.234,126,114,-2.07,36,0
235,58,Mujer,5.5,159,54.8,142,0,0,-0.057,134,163,-2.96,36,0
236,71,Hombre,7.4,117,45.3,198,0,0,0.014,201,126,-1.88,36,0
237,41,Hombre,9.1,134,59.7,409,0,1,-0.632,217,148,-1.41,36,0
238,70,Mujer,7.1,163,37,112,1,1,0.226,140,156,-3.23,36,0
239,68,Hombre,7.8,123,54,100,0,0,-0.591,55,127,-0.43,36,0
240,85,Hombre,7.4,143,44.4,351,1,1,-0.7,174,135,-2.21,36,0
241,67,Hombre,8.2,136,52.8,85,0,0,0.959,222,134,-3.55,36,0
242,65,Mujer,10.2,161,44,243,0,0,0.887,590,158,-4.92,36,0
243,76,Mujer,6.4,153,41.5,33,0,0,-0.084,30,148,-1.89,36,0
244,71,Mujer,9.4,148,47.3,29,0,0,0.792,64,139,-4.19,36,0
245,64,Mujer,7.2,131,52.4,99,0,1,-0.576,56,119,-0.26,36,0
246,64,Mujer,6.9,125,40.9,72,0,0,0.082,78,125,-1.97,36,0
247,65,Hombre,8.5,137,52.3,143,0,0,-0.454,91,138,-1.86,36,0
248,53,Hombre,6.6,129,39.3,85,0,0,0.361,122,111,-2.92,36,0
249,76,Mujer,8.4,148,50.1,57,0,1,-0.546,33,134,-1.92,36,0
250,59,Mujer,6.7,145,43.9,245,0,0,-0.089,224,156,-3.93,24.29,1
251,61,Mujer,9.1,131,50.2,78,0,1,-0.36,54,145,-1.69,36,0
252,71,Hombre,7.8,146,33.3,418,0,0,0.087,456,144,-2.31,36,0
253,60,Hombre,9.1,134,51.5,447,0,1,-0.638,236,119,-0.4,36,0
254,63,Hombre,7.4,130,42,302,0,0,0.422,460,120,-3.88,36,0
255,79,Hombre,7.6,148,46.6,82,1,0,1.106,248,148,-4.86,36,0
256,58,Mujer,8.1,137,40.5,35,0,0,0.122,40,127,-4.14,36,0
257,62,Hombre,7.4,118,39.1,42,1,0,-0.203,34,113,-1.41,36,0
258,79,Mujer,7.4,95,37.9,58,0,0,-0.004,58,96,-1.64,36,0
259,61,Hombre,8.1,138,37,432,0,0,0.274,568,142,-3.44,36,0
260,58,Hombre,10.1,146,46.2,166,0,1,-0.164,141,138,-1.85,36,0
261,67,Hombre,7.1,138,51.8,54,0,1,-0.581,30,130,-0.17,36,0
262,70,Hombre,9.9,137,31.4,123,1,1,0.831,282,133,-5.76,36,0
263,57,Mujer,6.9,138,50.8,26,0,0,0.154,30,132,-1.85,36,0
264,63,Mujer,8.8,137,34.7,641,0,0,-0.118,570,131,-4.81,36,0
265,63,Mujer,9.4,146,53.1,493,0,1,-1.009,180,134,-0.27,36,0
266,54,Hombre,7,118,47.3,28,1,0,-0.065,26,123,-0.87,36,0
267,64,Hombre,6.7,164,36.3,373,0,0,-0.675,190,159,-2.23,36,0
268,81,Hombre,9.5,132,46.4,306,1,0,0.452,481,121,-5.75,36,0
269,73,Mujer,8.3,138,56.1,50,1,0,1.059,144,142,-3.29,36,0
270,57,Mujer,10.5,144,51.1,823,0,1,-0.709,405,126,-2.01,27.77,1
271,68,Mujer,9,146,44.3,201,0,0,0.441,312,146,-2.91,36,0
272,62,Hombre,8,147,57.2,145,0,0,0.006,146,155,-1.73,36,0
273,62,Hombre,7.9,166,38.3,910,0,0,0.125,1031,177,-1.51,36,0
274,73,Hombre,12,152,44.6,100,0,1,-0.715,49,148,-3.43,36,0
275,70,Hombre,8.5,110,50.6,144,1,0,-0.015,142,107,-3.22,36,0
276,73,Mujer,8.4,137,44.1,230,0,1,-0.998,85,141,-1.82,36,0
277,69,Hombre,9.7,135,42.3,373,1,1,-0.851,159,133,-3.58,36,0
278,56,Hombre,7.7,157,41.4,72,1,0,-1.317,19,154,-1.33,36,0
279,59,Hombre,8.7,140,40.2,237,0,1,0.247,304,130,-2.95,36,0
280,52,Hombre,6.5,133,68.7,25,1,1,0.316,34,120,-0.85,36,0
281,70,Mujer,7.1,131,32.6,110,0,0,0.366,159,127,-3.65,36,0
282,78,Hombre,8.8,140,24.9,258,1,0,0.086,281,131,-4.2,36,0
283,48,Mujer,7.1,151,51.8,63,0,1,-0.36,44,143,-0.49,36,0
284,65,Hombre,7.1,134,61.2,192,0,1,-1.319,51,119,1.43,36,0
285,69,Hombre,8.4,121,30.7,342,0,0,-0.526,202,123,-1.85,36,0
286,62,Hombre,8.6,128,49.2,212,0,1,-0.287,159,122,-1.57,36,0
287,56,Hombre,6.5,143,53.8,137,1,1,0.41,206,133,-2.81,36,0
288,54,Mujer,7.1,132,48.8,241,0,0,-0.636,128,124,0.23,36,0
289,77,Hombre,6.7,150,36.2,34,1,1,0.046,36,147,-3.15,36,0
290,62,Hombre,6.5,136,42.2,128,0,1,0.054,135,123,0.32,36,0
291,76,Mujer,9.8,114,27.3,319,0,0,0.793,705,98,-4.16,36,0
292,57,Hombre,7.5,147,45.3,142,0,1,-0.558,81,144,0.28,36,0
293,77,Hombre,8.5,146,26.8,548,0,1,0.096,603,141,-3.23,36,0
294,69,Mujer,9.5,129,51.3,653,0,1,-0.423,428,114,-1.03,36,0
295,64,Mujer,7.8,113,35.7,32,1,1,0.304,43,117,-2.96,36,0
296,76,Mujer,7.7,124,36.3,15,0,0,-0.517,9,130,0.83,36,0
297,60,Mujer,5.5,135,69.2,105,0,1,-0.499,64,131,0.14,36,0
298,60,Hombre,7,127,55.6,53,1,1,0.06,56,122,-2.07,36,0
299,64,Mujer,8,124,56.9,45,1,0,0.472,72,120,-1.9,36,0
300,63,Hombre,8.4,148,33.2,982,0,1,-0.867,413,144,-2.18,36,0
301,63,Hombre,7.2,139,48.4,289,0,0,-0.517,172,143,-3.16,36,0
302,62,Mujer,7.3,145,37.2,127,0,1,-0.368,88,143,-1,36,0
303,55,Hombre,5.9,119,49.3,82,0,1,-0.457,52,107,-0.64,36,0
304,74,Mujer,7.2,107,75,96,0,0,0.427,147,113,-3.18,36,0
305,56,Mujer,10.1,126,43.2,92,0,1,-0.901,37,138,-0.22,36,0
306,56,Hombre,8.7,155,49.7,2419,0,1,-0.731,1164,130,-0.42,36,0
307,55,Hombre,7.9,123,40.6,55,0,0,-0.163,47,112,-1.8,36,0
308,81,Mujer,7.8,120,38.6,27,0,0,-0.332,19,120,-4.14,36,0
309,70,Hombre,8.5,136,40.4,122,0,1,-0.056,115,152,-2.93,36,0
310,70,Hombre,8.8,147,58.6,127,0,1,-0.028,123,135,-2.49,36,0
311,44,Hombre,8.4,140,33.1,239,0,1,-0.622,128,134,-0.03,36,0
312,60,Hombre,8.9,140,43.7,112,0,1,-0.576,63,134,-1.57,36,0
313,76,Hombre,7.8,139,46.3,160,1,0,0.311,218,140,-2.54,36,0
314,78,Hombre,9.8,143,48,295,0,1,0.135,338,132,-2.93,36,0
315,44,Hombre,7.9,120,36.1,1170,0,1,-0.684,590,113,-0.29,36,0
316,41,Hombre,7.6,142,53.3,110,0,1,-0.998,41,136,-0.43,36,0
317,50,Mujer,8.7,119,55.6,254,0,0,-0.039,244,124,-1.95,36,0
318,50,Hombre,7,126,42.4,15,0,0,0.738,31,130,-1.72,36,0
319,71,Hombre,10.7,133,36,576,0,0,-0.333,413,134,-4.15,36,0
320,69,Mujer,7.3,149,49.4,23,1,0,-0.194,19,150,-4.09,36,0
321,82,Mujer,7.4,139,37.7,553,0,1,-0.922,220,138,-2.17,36,0
322,66,Hombre,7.4,127,42.5,118,0,0,-0.127,104,132,-2.25,36,0
323,61,Mujer,5.8,144,52,48,0,1,-0.21,39,131,-2.4,36,0
324,80,Hombre,7.7,151,45.9,348,0,0,0.471,557,168,-3.45,36,0
325,72,Hombre,9.3,105,45.2,78,0,0,-0.1,71,115,-1.59,36,0
326,71,Mujer,8.6,139,50.3,353,0,0,-0.812,157,132,-1.33,36,0
327,75,Hombre,8.7,138,55,130,0,0,0.246,166,131,-3.61,36,0
328,62,Hombre,8.5,127,54.6,499,0,1,-1.175,154,116,1.87,36,0
329,68,Mujer,8.5,128,32.1,119,0,0,0.039,124,133,-2.79,36,0
330,75,Hombre,6.6,127,27.4,56,1,1,-0.412,37,112,-0.53,36,0
331,44,Mujer,6.1,123,56.1,116,0,1,-0.878,48,121,1.36,36,0
332,64,Mujer,6.5,140,59.7,29,0,1,-0.387,20,142,-0.31,36,0
333,55,Hombre,7.8,150,58.9,85,0,1,0.007,86,141,-1.52,36,0
334,55,Mujer,7.5,110,52.4,75,0,0,0.743,158,116,-0.37,36,0
335,56,Mujer,8.6,158,32.7,478,0,0,-0.427,312,157,-3.22,36,0
336,68,Hombre,7.8,134,56.7,335,0,1,0.09,367,126,-1.67,36,0
337,64,Hombre,7.2,134,46.1,103,1,1,-0.489,63,140,0.96,36,0
338,53,Hombre,8.9,149,38.1,119,0,0,0.842,276,139,-4,36,0
339,70,Mujer,5.9,125,54.4,81,0,0,-0.557,46,117,-1.5,36,0
340,69,Hombre,8.7,129,56.1,77,0,1,-0.709,38,116,0.62,36,0
341,69,Mujer,9.1,130,46.9,33,1,0,0.099,36,141,-2.34,36,0
342,68,Mujer,7,135,37.7,100,0,0,0.334,140,136,-1.77,27.96,1
343,76,Hombre,5.6,160,32.3,224,1,1,0.359,321,151,-2.95,36,0
344,57,Mujer,7,150,44.1,81,0,0,0.032,84,139,-3.45,36,0
345,58,Mujer,5.5,134,44.1,82,0,1,0.331,114,132,-1.59,36,0
346,71,Hombre,7.8,131,40.3,56,1,0,0.161,66,147,-3.34,36,0
347,70,Mujer,7.1,143,57.1,311,0,1,0.213,385,137,-1.27,36,0
348,75,Mujer,10.1,140,39.8,112,0,0,0.13,127,122,-2.72,36,0
349,64,Mujer,9,123,45.4,118,0,0,0.242,150,121,-4.56,36,0
350,70,Hombre,7.5,139,52.2,307,1,1,-0.506,185,131,1.01,36,0
351,75,Mujer,7.7,133,43.2,325,1,0,-0.365,226,121,-5.09,36,0
352,57,Hombre,9.1,153,61.9,521,0,1,0.029,536,142,-3.84,36,0
353,82,Hombre,7.6,165,42.8,334,1,1,-0.663,172,137,-1.82,36,0
354,57,Hombre,7.2,112,47.1,21,1,1,-0.239,17,97,-0.24,36,0
355,48,Hombre,6.7,178,43.6,38,1,1,-0.05,36,179,-3.43,36,0
356,63,Hombre,8.6,153,43.4,1121,0,1,0.339,1574,157,-3.56,36,0
357,66,Hombre,7.5,141,57.1,347,0,1,-0.145,300,125,-1.81,36,0
358,57,Mujer,6,108,41.2,56,0,1,-0.491,34,105,0.03,36,0
359,54,Mujer,7,136,68.5,60,0,1,-0.019,59,124,0.05,36,0
360,57,Hombre,8.7,118,48.3,127,0,1,-0.381,87,119,0.39,36,0
361,75,Mujer,7,126,26.2,69,1,1,-0.137,60,114,-3.09,36,0
362,43,Mujer,5.6,146,46.6,88,1,0,-0.19,73,143,-2.02,36,0
363,43,Mujer,7,139,55.1,67,0,1,-0.049,64,134,-1.99,36,0
364,51,Mujer,7.4,143,50.4,86,0,1,0.448,135,149,-3.25,36,0
365,75,Hombre,7.8,155,44.6,81,1,1,-0.69,41,148,-2.04,36,0
366,73,Hombre,7.8,149,40.8,146,0,0,-0.639,77,162,-2.5,36,0
367,56,Hombre,10.2,156,42.9,105,0,0,1.479,461,151,-4.89,36,0
368,64,Mujer,8.4,153,44.4,696,1,1,0.004,699,147,-2.29,36,0
369,70,Mujer,6.3,153,40,73,0,0,0.109,81,164,-3.76,36,0
370,69,Hombre,11.3,139,56,266,0,1,-0.311,195,132,-2.48,36,0
371,69,Hombre,9.7,132,41.3,537,0,0,-0.371,370,126,-2.48,36,0
372,66,Hombre,9.7,148,44.3,165,1,0,0.547,285,148,-5.04,36,0
373,67,Hombre,8.3,106,40.3,47,0,0,-0.8,21,129,-2.5,36,0
374,50,Hombre,6.7,134,56.3,56,0,1,-0.397,38,126,-0.91,36,0
375,85,Hombre,8,121,43.3,296,1,0,0.68,584,121,-4.2,36,0
376,62,Hombre,10.2,140,52.6,202,0,1,-0.251,157,129,-1.97,36,0
377,69,Hombre,8.4,125,61.6,139,1,1,-0.223,111,104,-2.62,36,0
378,50,Mujer,9.3,143,59.4,312,0,1,-1.178,96,136,-0.09,36,0
379,60,Hombre,8.9,133,56,69,0,0,0.705,140,135,-2.05,36,0
380,72,Mujer,9,149,43.4,109,0,0,0.45,171,143,-4.34,36,0
381,65,Mujer,7.5,140,41.2,245,1,0,-0.624,131,148,-2.76,14.18,1
382,67,Hombre,7.5,162,24.1,694,1,0,0.641,1317,152,-4.26,36,0
383,51,Hombre,7.1,111,61.6,76,0,1,-1.363,19,101,1.92,36,0
384,69,Hombre,8.1,137,58.3,46,1,1,-0.889,19,130,-0.73,36,0
385,59,Hombre,6.9,120,49.6,47,0,0,0.448,74,122,-1.65,36,0
386,47,Mujer,8.8,114,48.3,98,0,1,-0.639,52,97,1.37,36,0
387,70,Hombre,7.2,140,56.1,48,0,0,-0.094,44,140,-2.05,36,0
388,64,Mujer,9.3,133,48.5,133,0,0,1.041,377,141,-4.29,36,0
389,57,Hombre,8.3,150,42.9,46,0,0,-0.259,35,148,-3.05,36,0
390,67,Mujer,8.5,141,53.5,39,1,0,0.955,101,142,-4.03,36,0
391,45,Mujer,8.7,138,52.2,222,0,1,-0.531,131,137,0.65,36,0
392,85,Hombre,8,121,37.6,18,1,0,0.045,19,112,-3.44,36,0
393,40,Mujer,9.3,124,42.9,50,0,1,-1.233,15,123,1.77,36,0
394,67,Mujer,7.1,137,40.4,60,0,0,0.92,151,144,-2.73,36,0
395,62,Hombre,9.5,143,37.7,480,1,1,-0.116,427,135,-4.96,6.86,1
396,52,Mujer,8.2,125,46.3,77,0,1,-0.507,46,119,-0.5,36,0
397,67,Mujer,5.8,139,45.1,110,0,1,0.194,133,147,-2.26,36,0
398,60,Mujer,8.2,153,43.6,81,0,1,0.358,116,136,-1.94,36,0
399,79,Mujer,8.9,147,55.1,252,0,1,-0.099,228,138,-4.76,36,0
400,53,Hombre,5.5,133,50.3,38,0,0,-0.064,36,122,-0.99,36,0
401,77,Hombre,6.5,143,36.7,131,0,0,0.133,150,143,-2.28,36,0
402,70,Hombre,8.5,113,45.2,191,0,0,-0.139,166,110,-1.73,36,0
403,53,Hombre,7.7,107,36.7,142,1,0,-0.474,88,100,-2.17,36,0
404,62,Mujer,10,129,37.9,376,1,1,0.408,565,121,-4.41,36,0
405,55,Hombre,8,124,42.2,415,0,0,-0.662,214,124,-1.86,36,0
406,44,Mujer,5.5,142,48.3,81,1,1,-0.785,37,147,0.95,36,0
407,83,Mujer,6.8,146,46,67,0,0,0.179,80,157,-3.62,36,0
408,80,Hombre,9.4,124,49.7,124,0,0,0.321,171,121,-3.82,36,0
409,65,Mujer,7.8,129,33,288,0,1,-0.374,198,135,-3.98,36,0
410,50,Mujer,8.6,129,52.5,53,0,0,0.675,104,119,-4.35,36,0
411,69,Hombre,8.7,142,44.3,372,0,1,-1.017,134,117,-0.32,25.6,1
412,54,Hombre,8.3,127,52.7,55,0,0,0.094,60,132,-2.09,36,0
413,70,Hombre,7.2,143,40.9,1135,0,1,-0.717,554,135,-3.33,36,0
414,73,Mujer,5.9,120,39.5,45,0,0,-0.028,44,105,-1.8,36,0
415,66,Hombre,7.7,129,32.7,1413,0,1,-0.372,974,142,-2.14,36,0
416,63,Hombre,9.4,156,48.4,139,1,1,-0.167,118,153,-3.62,36,0
417,75,Hombre,7.6,142,42.6,52,1,0,0.21,64,148,-3.34,36,0
418,75,Mujer,8.4,137,54.1,46,0,1,-0.232,36,123,-0.92,36,0
419,68,Mujer,9.5,116,50.6,115,1,0,-0.553,66,116,-1.41,36,0
420,63,Mujer,6,122,55.8,46,0,1,-0.476,29,110,-0.14,36,0
421,73,Hombre,6.9,126,31.3,107,0,0,-0.465,67,122,-1.34,36,0
422,66,Mujer,7.8,129,50.2,115,0,0,0.211,142,131,-1.93,36,0
423,78,Hombre,8.4,136,24.6,62,0,0,-0.488,38,134,-0.5,2.11,1
424,51,Hombre,8.3,132,41.4,468,0,1,-0.274,356,123,-2.19,36,0
425,63,Hombre,7.5,135,57.3,76,0,0,0.586,137,138,-1.12,36,0
426,75,Mujer,6.7,144,44.3,126,0,0,-0.498,77,141,-1.14,36,0
427,57,Hombre,7.9,147,52.4,22,0,1,-0.08,20,138,0.54,36,0
428,47,Mujer,8.9,166,48.6,150,0,1,0.617,278,173,-4.3,25.69,1
429,70,Hombre,7.6,146,32.3,122,0,0,0.234,154,161,-3.91,36,0
430,58,Mujer,8.2,132,52.6,36,0,1,-0.157,31,117,-0.25,36,0
431,59,Hombre,8.4,109,56.5,89,0,1,-0.097,81,102,-1.1,36,0
432,72,Mujer,7,147,46.8,59,0,0,0.688,117,147,-4.23,36,0
433,85,Hombre,8,166,42.6,738,0,1,-0.235,583,162,-5.31,36,0
434,64,Hombre,7.8,150,46.4,83,0,0,0.537,142,162,-3.71,36,0
435,73,Hombre,5.5,144,45.9,74,1,0,0.538,127,135,-3.64,36,0
436,43,Hombre,8.4,149,56.6,513,1,1,-0.938,201,146,0.5,36,0
437,65,Hombre,7,140,39.7,52,0,0,0.895,127,131,-4.06,36,0
438,47,Mujer,6.2,123,56.9,75,0,1,-0.19,62,114,-0.22,36,0
439,47,Mujer,8.3,112,52.1,69,0,1,0.061,73,105,-1.52,36,0
440,78,Mujer,7.3,120,31.5,106,1,0,-0.53,62,117,-2.84,36,0
441,71,Mujer,7.7,127,29.8,34,0,0,0.279,45,106,-2.68,36,0
442,70,Hombre,8.4,150,43.9,307,0,0,-0.191,254,161,-3.11,36,0
443,59,Hombre,11.1,128,42.9,180,0,1,-0.337,128,122,-1.31,36,0
444,51,Mujer,7.7,132,42.1,40,1,1,-0.278,30,125,-1.17,36,0
445,68,Mujer,6.6,126,37.8,17,0,0,-0.707,8,124,-0.6,36,0
446,53,Hombre,8.6,151,55.3,104,0,0,0.406,156,149,-2.5,36,0
447,88,Hombre,9.7,121,28.6,120,1,0,-0.795,54,116,-1.42,3.07,1
448,65,Hombre,8.8,128,42.1,268,1,0,0.113,300,127,-3.17,36,0
449,67,Hombre,6.8,135,46.9,16,0,0,0.023,16,134,-1.23,36,0
450,48,Hombre,6.6,118,64.6,293,0,1,-0.534,172,109,0.41,36,0
451,69,Hombre,7.7,121,47.8,69,1,0,-0.002,69,126,-2.71,36,0
452,75,Mujer,5.6,133,41.1,459,0,1,-0.767,213,121,-2.76,36,0
453,67,Mujer,10.4,139,50.1,75,0,1,0.248,96,143,-1.97,36,0
454,65,Mujer,6.8,140,56.9,29,1,1,-0.303,21,141,-0.5,36,0
455,80,Hombre,8.1,143,47.3,488,1,1,-0.437,315,136,-3.02,36,0
456,71,Hombre,6.7,123,40.3,58,0,0,0.354,83,119,-1.41,36,0
457,70,Mujer,5.9,135,53,14,0,1,-0.03,14,126,-1.43,36,0
458,75,Hombre,8.1,114,36,31,0,0,0.204,38,124,-1.23,36,0
459,67,Hombre,8.4,142,57.1,440,0,0,-0.217,354,157,-3.01,36,0
460,90,Hombre,6,140,51.4,94,1,0,0.091,103,143,-3.08,36,0
461,67,Mujer,8.8,148,38.9,328,0,0,-0.057,310,151,-3.92,36,0
462,75,Hombre,7.9,155,47,48,0,1,-0.174,40,140,-1.68,36,0
463,73,Mujer,8.4,149,31.5,97,0,0,-0.13,85,163,-2.15,36,0
464,71,Mujer,6.9,141,35.8,916,0,1,0.273,1203,136,-2.96,36,0
465,75,Hombre,8.9,123,47.3,372,0,1,-0.107,334,110,-2.12,36,0
466,68,Mujer,8.3,139,38.6,1155,0,0,-0.081,1065,124,-4.4,36,0
467,45,Hombre,5.9,153,57.4,107,0,0,0.228,134,151,-2.13,36,0
468,56,Hombre,9.1,154,61.2,33,1,1,0.367,48,140,-1.35,36,0
469,87,Mujer,5.8,154,40.6,121,0,0,-0.306,89,138,-2.28,36,0
470,83,Mujer,5.7,148,30.9,19,1,0,0.321,26,150,-2.65,36,0
471,63,Hombre,6.6,154,39.4,37,1,0,0.788,81,147,-3.46,17.4,1
472,39,Mujer,8.4,98,46.3,167,0,0,0.108,186,96,-2.38,36,0
473,56,Hombre,8.1,141,60.6,2496,0,1,-0.696,1245,128,-2.17,36,0
474,49,Mujer,7.7,135,37.4,47,1,0,-0.048,45,133,-0.85,36,0
475,47,Mujer,8.8,132,63.5,282,0,1,-0.374,194,140,-0.57,36,0
476,74,Hombre,6.3,128,58.4,67,1,1,-0.591,37,117,-0.02,36,0
477,65,Hombre,7.1,158,41.8,255,1,1,-0.079,236,144,-4.31,36,0
478,78,Mujer,5.9,112,29.1,33,0,0,-0.182,28,119,-0.55,36,0
479,51,Mujer,8.8,139,45.2,7,0,0,0.077,8,133,-0.12,36,0
480,54,Mujer,7.6,133,40.6,99,0,0,0.355,141,125,-3.66,36,0
481,70,Mujer,7,142,57.1,101,0,1,0.057,107,132,-3.88,36,0
482,76,Hombre,7.3,160,62.6,69,1,0,0.597,125,156,-3.67,36,0
483,62,Mujer,8.6,129,39.2,35,0,1,0.255,45,120,-0.65,36,0
484,54,Hombre,7,126,47.2,14,1,0,-0.015,14,117,-0.26,36,0
485,83,Hombre,8.4,146,40.5,311,0,1,-0.265,239,133,-2.37,36,0
486,81,Hombre,7,125,49,80,1,1,0.121,90,115,-2.21,36,0
487,75,Mujer,9.2,125,39.5,605,0,1,-0.707,298,123,-0.84,36,0
488,72,Mujer,6.6,171,49.9,224,1,0,-0.545,130,185,-1.72,36,0
489,52,Mujer,8.4,134,47.2,12,0,1,-0.23,10,121,-1.12,36,0
490,44,Hombre,9.3,137,50.5,74,0,0,0.243,94,133,-1.56,36,0
491,85,Hombre,6.3,125,43.7,954,1,0,-0.748,452,126,-3.18,36,0
492,67,Mujer,8.6,127,21.6,97,0,1,0.004,97,134,-1.98,36,0
493,56,Mujer,6,120,34.3,48,0,0,-0.107,43,115,-0.83,36,0
494,79,Hombre,7.7,127,47.9,63,1,1,-0.695,31,125,-1.53,36,0
495,58,Hombre,7,122,51.1,4,0,1,0.111,4,119,0.94,36,0
496,59,Mujer,7.4,131,63.4,146,1,1,-0.188,121,121,-0.66,36,0
497,68,Hombre,8.4,120,29.2,113,0,0,-0.352,79,109,-2.17,36,0
498,50,Hombre,8.4,140,58.8,216,0,1,-0.605,118,144,-0.33,36,0
499,59,Hombre,7.8,131,43.9,55,0,0,0.256,71,139,-0.54,36,0
500,53,Mujer,5.8,138,40.3,16,0,0,0.357,23,122,-2,36,0
501,76,Hombre,8.2,148,39.6,147,0,0,0.337,206,156,-4.88,36,0
502,67,Mujer,8.1,158,49.6,73,0,0,0.34,103,159,-3.36,36,0
503,61,Mujer,9.1,134,54.5,66,1,1,-0.034,64,141,-2.04,36,0
504,77,Mujer,6.8,147,45.7,459,1,1,-0.164,390,139,-2.38,36,0
505,64,Mujer,7.1,141,56.3,82,1,0,-1.105,27,144,-0.28,36,0
506,62,Mujer,7.9,134,47.6,936,0,1,-0.574,527,129,-2.37,36,0
507,65,Hombre,6,143,51.1,87,1,1,-0.982,33,147,-0.02,36,0
508,58,Hombre,8.5,133,67.3,30,0,1,-0.289,22,109,-1.97,36,0
509,65,Hombre,7.8,125,47,109,0,1,0.497,179,112,-1.8,36,0
510,73,Hombre,6.7,137,66.7,18,0,1,0.176,21,145,-0.65,36,0
511,66,Hombre,6.6,145,35.3,132,0,0,-0.157,113,130,-1.79,36,0
512,80,Hombre,8,132,38.1,148,0,0,-0.051,141,121,-3.35,36,0
513,58,Mujer,9.6,151,45.6,230,0,1,0.185,277,152,-2.32,36,0
514,61,Mujer,6.3,155,44.9,184,0,0,-0.221,147,150,-3,36,0
515,77,Mujer,7.9,133,45.6,20,0,0,0.287,27,139,-2.35,36,0
516,52,Hombre,7,130,44.6,12,1,1,0.115,13,132,-2.23,36,0
517,50,Mujer,8.7,127,53.7,10,0,1,-0.201,8,127,-1.21,36,0
518,70,Mujer,10.4,141,47.2,602,0,1,-0.768,279,128,-3.76,36,0
519,60,Hombre,8.5,141,51.2,29,0,0,0.057,31,141,-0.53,36,0
520,54,Mujer,8.6,122,52.8,17,0,1,-0.72,8,115,-0,36,0
521,55,Hombre,8.6,139,53.3,175,0,1,-0.17,148,139,-3.03,36,0
522,72,Hombre,7.2,132,53.5,163,0,0,-0.877,68,145,-0.16,36,0
523,57,Mujer,6.9,162,42.1,112,0,0,0.465,178,165,-2.08,20.6,1
524,64,Mujer,9.7,149,29.5,244,0,1,0.045,255,139,-2.29,27.37,1
525,56,Hombre,6.2,147,51.6,266,0,1,-0.052,253,142,-0.58,36,0
526,68,Hombre,6.9,108,54.4,199,0,1,-0.138,173,96,0.06,36,0
527,57,Hombre,7.7,157,52.7,309,0,1,-0.212,250,153,-2.51,36,0
528,68,Mujer,10.1,140,42.9,192,0,1,0.258,249,134,-3.96,36,0
529,59,Mujer,9.9,128,32.5,854,0,0,-0.315,623,135,-3.32,36,0
530,83,Mujer,9.8,125,48.3,424,0,1,0.164,500,112,-5.58,36,0
531,68,Hombre,8.4,149,53.8,314,0,1,-0.053,298,148,-3.01,36,0
532,45,Mujer,6.7,139,52.7,80,0,1,-0.004,80,130,-1.37,36,0
533,78,Mujer,7.5,156,40.8,195,1,0,0.159,229,154,-3.34,36,0
534,63,Mujer,6.8,132,61.8,107,0,1,-0.589,59,130,-0.48,36,0
535,66,Mujer,8.2,144,36.2,52,0,0,1.405,212,141,-2.73,36,0
536,78,Hombre,8.7,140,53.2,166,1,0,-0.221,133,142,-3.89,36,0
537,68,Hombre,6.2,142,53.1,45,0,0,-0.139,39,126,0.86,36,0
538,90,Hombre,8.2,140,47.6,25,0,0,1.33,95,144,-5.47,9.99,1
539,59,Mujer,7.2,126,42.6,221,0,1,-0.15,190,115,-2.03,36,0
540,68,Hombre,7.6,119,39.5,139,0,0,0.225,174,119,-1.66,36,0
541,69,Mujer,6.3,131,63.2,17,0,0,0.235,22,128,-0.08,36,0
542,72,Mujer,9.1,145,40.1,60,0,0,0.524,101,145,-4.92,36,0
543,72,Hombre,7.4,126,43,90,0,0,0.366,130,127,-1.16,36,0
544,69,Mujer,7.6,144,48.9,45,1,0,-0.829,20,136,-1.9,36,0
545,52,Hombre,5.9,109,60.3,21,0,0,0.362,30,116,0.48,36,0
546,60,Hombre,6.9,119,30.4,269,1,0,0.236,341,117,-4.29,10.22,1
547,65,Hombre,7.3,119,46.1,488,0,0,0.856,1148,115,-3.1,36,0
548,59,Hombre,6.3,149,41.5,24,0,1,0.329,33,147,-1.04,36,0
549,67,Mujer,7.4,146,44.3,26,0,1,0.091,28,155,-0.81,36,0
550,56,Hombre,7.3,140,33.4,70,0,1,-0.858,30,136,0.3,36,0
551,73,Hombre,5.8,170,42.9,76,0,1,0.319,105,165,-2.41,36,0
552,66,Hombre,5.7,143,48.3,118,0,1,-0.64,62,142,0.17,36,0
553,69,Mujer,7.6,124,45.6,87,0,0,-0.466,55,123,0.77,36,0
554,62,Mujer,8.1,135,53.4,764,0,0,-0.707,377,146,-2.22,36,0
555,57,Mujer,6.4,152,50,82,0,0,0.024,84,157,-1.44,36,0
556,79,Mujer,7.3,133,58.5,85,0,0,-0.5,52,122,-1.33,36,0
557,55,Hombre,5.8,135,53.4,162,1,1,-0.608,88,124,0.6,36,0
558,56,Mujer,7,145,48.1,224,0,0,0.594,406,147,-1.8,3.07,1
559,57,Hombre,8,164,46.5,153,0,1,-0.79,69,156,-1.51,36,0
560,82,Hombre,7.9,149,33.6,283,0,0,-0.663,146,148,-4.56,36,0
561,63,Hombre,7.9,157,36.2,719,1,1,-0.257,556,141,-2.11,36,0
562,75,Mujer,8,139,43.7,1273,0,0,-0.748,602,132,-2.8,36,0
563,54,Mujer,8.5,131,33.5,76,1,0,0.581,136,141,-4.02,36,0
564,60,Hombre,8.2,128,39.8,109,0,0,-0.385,74,118,-1.69,36,0
565,62,Mujer,6.3,133,49,181,0,0,-0.553,104,134,-0.93,36,0
566,71,Hombre,5.5,147,34.8,395,0,1,-1.393,98,137,-0.28,36,0
567,61,Mujer,8.8,150,48.6,226,0,0,-0.241,178,158,-1.28,36,0
568,71,Hombre,8.4,151,26.1,162,0,0,0.359,232,144,-7.24,36,0
569,65,Hombre,9.4,117,50.5,997,1,0,0.009,1006,128,-1.36,24.34,1
570,66,Hombre,7,122,46.1,122,0,1,-1.164,38,116,0.72,36,0
571,85,Mujer,8.3,132,42.9,537,1,1,-0.2,440,126,-1.94,36,0
572,57,Hombre,7.6,127,50.5,110,1,1,-0.512,66,127,0.17,36,0
573,74,Mujer,6.6,136,37.5,52,0,1,-0.171,44,132,-1.99,36,0
574,75,Mujer,8,121,35.8,652,0,1,0.321,898,112,-4.23,36,0
575,81,Mujer,10.9,132,40.3,86,0,0,-0.023,84,132,-2.99,36,0
576,67,Mujer,9.1,128,37.7,460,1,1,-0.232,365,126,-4.13,36,0
577,67,Hombre,8.4,133,50.3,16,1,1,-0.99,6,127,0.82,36,0
578,66,Hombre,6.6,141,43.5,43,0,1,-0.793,19,133,-0.72,36,0
579,71,Mujer,9.2,125,46.8,28,0,0,0.603,51,133,-3.48,36,0
580,70,Hombre,8.4,127,33.3,278,0,0,0.347,393,127,-4.42,36,0
581,61,Hombre,7.4,155,53.9,127,0,0,0.03,131,164,-1.79,36,0
582,73,Mujer,7.9,136,50.7,132,0,1,0.182,158,130,-2.12,36,0
583,70,Hombre,6.7,117,46.1,70,0,1,0.153,82,104,-1.56,36,0
584,71,Mujer,9.1,122,38.2,150,1,1,-0.21,122,108,-0.81,1.21,1
585,90,Hombre,9.2,137,38.4,519,1,0,0.296,697,138,-6.4,36,0
586,67,Mujer,8.3,122,60.9,419,0,1,0.069,449,113,-2.28,36,0
587,59,Hombre,8.3,144,70.1,49,0,1,0.383,72,145,-1.02,36,0
588,68,Hombre,10.5,131,33.6,377,0,0,0.65,722,131,-5.16,36,0
589,61,Hombre,7.1,146,45,46,0,1,0.24,58,135,-2.52,36,0
590,56,Mujer,8.1,121,44.9,305,0,1,-0.848,131,117,-1.76,36,0
591,60,Mujer,6.7,129,46,10,0,0,0.142,12,132,-2.02,36,0
592,65,Hombre,8,131,51.7,103,0,1,-0.049,98,120,-1.68,36,0
593,74,Hombre,6.2,119,32.6,10,0,1,-0.518,6,113,0.19,36,0
594,68,Hombre,6.5,127,47,167,1,0,0.602,305,122,-3.13,36,0
595,56,Hombre,7.9,127,47.5,261,0,1,-0.037,251,126,-2.39,36,0
596,62,Mujer,6.5,118,59.6,146,0,1,-0.484,90,121,1.11,36,0
597,49,Hombre,7.9,148,51.7,236,0,1,-0.024,230,147,-2.36,36,0
598,62,Hombre,8.8,139,46.7,140,1,0,0.55,243,150,-3.93,36,0
599,51,Hombre,6.9,131,49.2,152,1,0,0.32,209,126,-2.49,1.43,1
600,50,Hombre,8.4,110,64.1,163,0,1,-0.447,104,95,-2.28,36,0
601,74,Mujer,6.7,123,47.4,360,1,0,-0.702,178,129,-1.69,36,0
602,62,Mujer,7,145,45.3,46,1,0,0.682,91,146,-2.72,36,0
603,64,Hombre,7.8,187,44,267,0,1,-0.471,167,190,-1.41,36,0
604,69,Mujer,8.8,112,31.7,43,0,0,-0.903,17,101,1.14,3.53,1
605,59,Hombre,7.7,110,38,146,1,1,-0.111,131,91,-2.11,36,0
606,62,Hombre,7.7,135,42,190,0,1,-0.167,161,123,-2.46,36,0
607,58,Hombre,9.9,135,62.7,156,0,1,-0.795,70,128,-0.51,36,0
608,60,Mujer,7.8,126,42.8,97,0,0,0.36,139,122,-2.22,36,0
609,54,Mujer,7.8,131,37.4,492,1,0,0.311,671,132,-1.57,36,0
610,72,Mujer,6.9,165,57.7,160,0,0,1.221,542,164,-5.27,36,0
611,70,Hombre,6.8,131,26.1,50,0,0,0.158,59,113,-3.68,36,0
612,56,Hombre,7.3,151,46.4,436,1,1,0.129,496,147,-2.74,36,0
613,82,Mujer,8.5,143,38.5,56,0,0,-0.002,56,130,-3.32,36,0
614,62,Hombre,7.6,129,45.3,1802,0,1,-0.27,1376,114,-1.94,36,0
615,61,Hombre,8.9,140,38.4,307,0,1,0.125,348,133,-4.66,36,0
616,49,Hombre,6.7,127,49.8,281,0,0,-0.884,116,135,-0.54,36,0
617,64,Mujer,7.5,135,31.3,53,0,0,0.323,73,151,-2.7,36,0
618,55,Hombre,7.6,106,47.5,293,0,1,-0.745,139,111,-0.16,36,0
619,68,Mujer,7.9,131,41.5,158,0,0,0.539,271,128,-4.05,36,0
620,66,Mujer,8.6,108,47.1,440,1,1,-0.555,253,80,-3.74,36,0
621,73,Hombre,8.5,153,57,344,0,1,-0.087,315,131,-3.09,36,0
622,57,Hombre,7.6,118,60.5,124,0,1,-0.878,52,113,1.47,36,0
623,47,Hombre,6.8,158,58,56,0,1,0.213,69,155,-0.45,36,0
624,68,Mujer,5.5,158,35.9,26,0,0,0.824,59,156,-3.32,36,0
625,68,Hombre,7.7,148,32.8,82,0,1,0.347,116,137,-4.96,36,0
626,77,Hombre,8.9,135,48.1,299,0,0,-0.444,192,132,-3.34,36,0
627,62,Hombre,8.4,132,45.2,157,0,0,0.794,347,129,-3.76,36,0
628,69,Mujer,8.9,129,51.5,722,0,0,-0.373,497,134,-3.17,36,0
629,69,Mujer,6.4,136,40.7,30,0,1,-0.473,19,119,0.48,36,0
630,59,Hombre,7.3,140,40.6,479,1,0,0.502,791,143,-4.55,36,0
631,48,Mujer,8,126,60.4,15,0,1,-0.279,11,122,-1.2,36,0
632,57,Mujer,7.2,139,41.5,148,0,1,-0.433,96,118,-0.89,36,0
633,65,Mujer,8.2,141,51.2,507,1,0,-0.357,355,130,-1.98,36,0
634,65,Mujer,8.7,146,39.4,46,0,0,0.259,60,149,-2.02,36,0
635,50,Hombre,7.8,141,45.6,31,0,1,-0.094,28,128,-0.87,36,0
636,63,Mujer,5.5,124,32.5,137,0,0,-0.387,93,124,-0.53,36,0
637,53,Hombre,7.5,152,37.5,104,0,0,-0.112,93,158,-1.99,36,0
638,71,Hombre,9.1,142,45.2,118,1,1,0.09,129,138,-3.4,36,0
639,65,Mujer,7.7,143,39,210,0,0,-0.518,125,140,-3.9,36,0
640,59,Mujer,7.4,109,67.1,88,0,1,-0.58,49,109,0.81,36,0
641,70,Hombre,7.3,133,52.2,79,0,0,-0.032,77,137,-2.07,36,0
642,55,Hombre,8.5,140,45,61,1,1,0.308,83,138,-2.73,36,0
643,76,Mujer,7.9,161,31.1,482,0,0,-0.104,434,163,-4.99,36,0
644,56,Mujer,9.2,111,55.1,36,0,0,-0.018,35,100,-2.06,36,0
645,46,Mujer,9,147,51.2,122,0,1,0.548,211,145,-4.01,35.09,1
646,55,Hombre,7.9,108,38.8,389,0,1,-0.395,262,105,-0.13,36,0
647,60,Mujer,5.5,132,58.5,81,0,1,-0.28,61,133,0.76,36,0
648,62,Hombre,11.2,134,44.3,222,1,1,0.68,438,125,-4.67,36,0
649,56,Mujer,10.5,122,54.2,291,0,0,-0.49,178,113,-2.95,36,0
650,60,Mujer,7.1,148,50.8,205,1,0,-0.011,203,131,-2.27,36,0
651,67,Mujer,8.1,144,47.5,32,1,0,-0.252,25,147,-1.33,36,0
652,67,Mujer,7.6,129,51.3,71,0,0,-0.296,53,131,-1.94,36,0
653,65,Hombre,10.7,154,41.7,1106,0,1,-0.339,788,150,-4.29,36,0
654,55,Hombre,5.5,138,57.3,59,0,0,0.614,109,130,-3.51,36,0
655,66,Hombre,6.2,128,54.1,58,1,1,0.068,62,118,-1.8,36,0
656,78,Hombre,8.7,121,62,419,0,0,-0.147,362,124,-3.17,36,0
657,56,Hombre,7.6,125,35.7,63,0,0,0.288,84,109,-2.08,36,0
658,83,Hombre,8.2,120,48.4,221,0,0,0.836,510,125,-3.37,36,0
659,73,Hombre,8.8,125,50.1,241,0,0,-0.636,128,129,-2.58,36,0
660,51,Mujer,7.8,149,59.4,566,0,0,0.151,658,148,-3.26,36,0
661,54,Hombre,9.2,124,56.2,162,0,1,0.102,179,124,-0.24,36,0
662,61,Mujer,7.8,147,55.5,83,0,0,-0.453,53,146,-1.07,36,0
663,64,Hombre,7,126,46.5,259,1,0,-0.534,152,122,-2.65,36,0
664,55,Hombre,9.2,141,43.5,89,0,1,-0.251,69,133,-2.71,36,0
665,58,Mujer,5.7,102,54.1,106,0,0,-0.116,94,110,-0.07,36,0
666,68,Hombre,7.8,120,45.9,725,1,1,-0.847,311,108,-2.39,36,0
667,67,Hombre,5.5,121,47.2,46,0,0,0.369,67,111,-0.93,36,0
668,56,Hombre,7.2,136,45.7,538,0,1,0.023,550,140,-1.01,36,0
669,59,Mujer,6.7,142,42.1,79,0,1,0.331,110,132,-1.32,36,0
670,55,Hombre,8.8,128,36.2,206,0,0,-0.492,126,131,-1.83,36,0
671,38,Hombre,8.6,130,54.8,44,0,0,-0.24,35,127,-0.46,36,0
672,58,Mujer,6.7,125,37.9,62,0,0,-0.169,52,124,-0.58,36,0
673,58,Hombre,8.4,131,50.1,677,0,1,-0.845,291,119,-0.52,36,0
674,63,Mujer,5.5,135,60.4,125,1,1,0.21,154,124,-1.42,36,0
675,54,Hombre,7.8,136,43.4,86,1,0,-0.528,51,153,-0.72,36,0
676,69,Mujer,6.4,122,43.9,75,0,1,-0.177,63,116,-1.27,36,0
677,50,Mujer,7.4,103,61,30,0,1,-0.203,24,91,-1.57,36,0
678,80,Hombre,7.3,151,41.9,23,0,0,0.875,55,160,-4.05,36,0
679,53,Mujer,9.6,139,41.5,42,1,1,-0.244,33,132,-1.77,36,0
680,68,Mujer,6.8,136,48.8,62,1,1,0.076,67,130,-3.44,36,0
681,83,Mujer,6.5,135,32.9,169,1,0,-0.619,91,125,-1.6,36,0
682,57,Hombre,7.9,144,42.8,77,1,0,0.855,181,134,-2.58,25.83,1
683,60,Mujer,8.2,160,55.3,102,1,1,0.047,107,142,-2.13,36,0
684,57,Hombre,6,126,45.1,63,0,0,0.254,81,127,-2.79,36,0
685,65,Mujer,9.5,132,50.2,23,1,0,-0.048,22,142,-2.09,36,0
686,70,Hombre,6.1,116,45.6,276,0,0,0.471,442,125,-2.55,36,0
687,49,Mujer,7.9,123,59.2,26,0,0,0.392,38,130,0.14,36,0
688,54,Hombre,9.3,167,33.5,473,0,1,0.699,952,169,-3.13,36,0
689,50,Mujer,7.1,155,51.8,48,0,0,0.592,87,139,-1.43,36,0
690,68,Mujer,9.4,135,50.2,50,0,1,-0.523,30,120,-1.97,36,0
691,68,Mujer,8.4,130,36.9,264,0,0,-0.796,119,138,-1.19,36,0
692,57,Mujer,6,125,41.8,14,0,0,0.12,16,124,-0.31,36,0
693,54,Mujer,7.2,125,57.6,49,0,1,-0.874,20,119,0.39,36,0
694,48,Mujer,8.1,131,60.9,107,0,1,0.034,111,122,-0.22,36,0
695,71,Mujer,8,152,52.2,246,1,1,0.214,305,144,-3.56,36,0
696,56,Mujer,7.8,138,43.1,42,0,0,-0.195,35,124,0.19,36,0
697,71,Mujer,8.8,128,24.6,264,0,1,-0.428,172,124,-3.13,36,0
698,84,Hombre,7.3,127,30.6,93,0,0,0.645,177,125,-3.74,16.15,1
699,77,Hombre,7.5,128,26.6,101,0,0,0.232,127,139,-2.57,36,0
700,56,Hombre,8.2,129,46.7,256,0,0,-0.167,217,126,-2.89,36,0
701,75,Mujer,5.8,147,40.2,140,0,0,-0.245,110,151,-2.55,36,0
702,57,Hombre,8.7,126,57.2,59,1,1,-0.111,53,141,-3.51,36,0
703,67,Mujer,5.6,142,38.5,94,0,0,0.299,127,145,-2.9,36,0
704,66,Mujer,9.6,146,48.4,95,0,1,0.106,106,135,-2.36,36,0
705,69,Hombre,7.9,136,45.3,40,0,1,-0.508,24,144,-0.3,36,0
706,64,Hombre,6.8,106,56.6,23,0,1,-0.765,11,107,0.19,36,0
707,67,Mujer,9.1,125,53.6,119,1,1,-0.324,86,119,-3.2,36,0
708,70,Mujer,6.4,120,36.1,803,1,0,-0.385,546,117,-4.1,36,0
709,43,Hombre,8.9,155,61.1,240,1,1,0.018,244,156,-1.82,36,0
710,61,Mujer,7.9,125,53,177,0,1,-0.727,86,124,-1.67,36,0
711,68,Mujer,9.8,121,31.1,20,1,1,0.357,29,117,-2.97,36,0
712,66,Hombre,7.2,122,46.5,64,0,1,-0.41,42,100,-2.85,36,0
713,65,Hombre,8.6,141,26.7,327,0,0,0.413,494,147,-2.73,36,0
714,81,Mujer,6.7,147,44.6,34,0,0,-0.414,22,149,-2.06,36,0
715,63,Hombre,6.6,115,54.8,39,0,0,0.288,52,107,0.36,36,0
716,65,Mujer,9.5,136,44.8,77,0,0,-0.051,73,154,-3.3,36,0
717,63,Hombre,7.8,122,49.8,52,1,1,0.069,56,115,-0,36,0
718,87,Hombre,7,147,32.4,453,1,0,0.312,619,141,-4.33,14.29,1
719,58,Hombre,8.8,137,55.7,93,0,1,0.113,104,135,-0.35,36,0
720,75,Mujer,7.9,143,36.2,145,1,0,0.138,166,136,-2.46,36,0
721,75,Hombre,7.6,130,47,180,1,0,-0.307,132,144,-1.33,36,0
722,57,Hombre,6.7,152,54.9,117,0,0,0.424,179,153,-2.86,36,0
723,76,Hombre,9.2,122,46.1,90,0,0,0.715,184,120,-3.52,36,0
724,70,Hombre,8.1,138,46.7,151,1,1,-0.32,110,132,-0.7,36,0
725,74,Mujer,7.7,139,48.1,53,0,0,0.325,73,137,-2.18,36,0
726,46,Hombre,6,101,62.4,55,0,1,-0.501,33,87,1.21,36,0
727,56,Hombre,8.6,139,45.7,128,0,1,-0.353,90,128,-2.11,36,0
728,60,Hombre,10,133,39.2,410,0,1,-0.168,346,116,-1.6,36,0
729,66,Hombre,7.9,127,54.1,126,1,0,-0.152,108,124,-2.13,36,0
730,63,Mujer,8.7,139,26.8,74,0,0,0.823,169,125,-4.69,15.19,1
731,63,Hombre,7.3,137,33.9,117,0,0,-0.537,68,133,-3.19,36,0
732,70,Hombre,7.4,104,57.9,41,0,0,-0.131,36,105,-0.87,36,0
733,73,Hombre,7.8,163,40.6,289,0,0,0.532,492,167,-6.91,36,0
734,81,Mujer,8.5,133,44.1,443,0,1,0.13,504,129,-3.4,36,0
735,70,Hombre,9.7,156,42.6,393,0,1,-0.483,242,157,-0.8,36,0
736,52,Hombre,8.6,141,63.9,297,0,0,0.203,364,138,-2.07,36,0
737,50,Mujer,7.9,162,49.5,51,0,1,-0.124,45,149,-0.94,36,0
738,77,Hombre,7.6,134,42.2,112,0,0,-0.071,104,138,-0.4,36,0
739,60,Mujer,9,128,37.9,81,0,0,0.248,104,126,-2.27,36,0
740,68,Mujer,8.3,153,34.2,110,0,0,0.657,212,157,-5.62,1.03,1
741,68,Hombre,6.8,160,51.5,123,0,1,-0.191,102,155,-1.22,36,0
742,71,Mujer,8.7,135,49.1,205,0,1,-0.478,127,123,0.1,36,0
743,60,Mujer,6.5,133,45.9,30,0,0,-0.536,18,138,0.02,36,0
744,61,Hombre,6,146,34.4,142,0,0,0.294,190,138,-3.46,36,0
745,68,Mujer,8,159,30.6,162,0,0,-0.576,91,148,-2.2,31.56,1
746,56,Hombre,12,121,48.5,165,0,1,0.044,172,105,-3.09,36,0
747,62,Hombre,8.9,161,52,231,0,0,0.521,389,158,-4.74,36,0
748,58,Mujer,6.4,129,43.4,18,0,0,0.15,21,130,-1.98,36,0
749,53,Hombre,6.5,135,41.7,55,0,0,0.293,74,145,-2.71,36,0
750,66,Hombre,8.6,115,44.4,290,0,1,-0.451,185,109,-0.82,36,0
751,69,Hombre,6.7,146,38.2,81,0,1,-0.301,60,139,-2.19,18.92,1
752,65,Mujer,8.5,144,48.2,380,0,0,0.667,740,143,-4.74,36,0
753,67,Hombre,8.2,129,49,112,1,1,0.198,136,109,-2.34,36,0
754,63,Hombre,7.4,119,48,30,1,0,1.011,82,91,-3.59,36,0
755,62,Mujer,6.2,142,42.5,180,0,1,0.175,214,147,0.14,36,0
756,48,Mujer,9.6,144,44.2,712,0,1,-0.287,535,135,-2.24,36,0
757,76,Hombre,5.8,129,47.6,78,0,0,0.537,133,134,-4.06,36,0
758,79,Mujer,7.2,150,41.1,394,1,1,-0.431,256,150,-3.85,36,0
759,73,Hombre,6.1,141,42.8,59,0,0,0.433,91,147,-1.29,36,0
760,70,Mujer,7.8,135,50,434,0,1,-0.534,254,138,-2.03,36,0
761,65,Hombre,7,130,37.6,41,0,0,0.319,56,139,-3.39,36,0
762,60,Mujer,8.2,130,34.4,166,0,0,-0.288,124,147,-3.03,36,0
763,66,Hombre,7.8,155,55.7,406,1,1,-0.481,251,147,-0.67,36,0
764,58,Hombre,8.4,156,67.1,246,1,1,-0.717,120,141,-0.59,36,0
765,71,Hombre,9.4,125,44.4,58,0,0,0.311,79,139,-2.71,36,0
766,68,Mujer,10.1,117,57.2,282,0,1,-0.458,178,118,-1.75,36,0
767,64,Hombre,6.2,120,51.8,19,0,0,-0.765,9,119,-0.66,15.03,1
768,61,Mujer,8.3,144,42.2,248,0,1,-0.619,133,133,-1.32,36,0
769,67,Mujer,7.3,164,39,262,0,1,-0.518,156,167,-3.23,36,0
770,71,Hombre,10.6,131,57.1,65,0,0,0.188,78,121,-2.35,36,0
771,78,Mujer,7.5,158,33.9,255,1,0,0.518,428,153,-4.97,36,0
772,50,Hombre,6.3,95,48.3,160,0,0,-0.742,76,78,0.01,36,0
773,58,Hombre,9.5,129,46.9,53,1,0,0.133,61,124,-4.55,36,0
774,81,Mujer,9.3,153,40.7,696,0,0,-0.058,657,149,-3.41,36,0
775,62,Hombre,8.8,132,40.6,467,0,1,-0.473,291,126,-1.36,36,0
776,80,Mujer,9.1,150,56.6,12,1,1,0.092,13,158,-1.71,36,0
777,56,Mujer,7.4,123,36.2,84,1,0,-0.006,84,135,-2.88,36,0
778,76,Hombre,5.8,141,44.7,92,0,0,0.208,113,147,-2.27,12.81,1
779,55,Mujer,9,136,40.3,621,1,1,-0.095,565,126,-3.65,36,0
780,55,Hombre,6.7,156,30.2,224,0,0,-0.175,188,151,-4.32,36,0
781,67,Hombre,9.9,145,48.4,586,0,1,-0.354,411,129,-3.4,36,0
782,61,Hombre,6.1,133,43.6,325,0,0,-0.235,257,139,-2.88,36,0
783,53,Hombre,7.2,119,39.2,7,0,0,1.675,37,119,-2.83,36,0
784,53,Hombre,7.2,156,58.5,131,1,1,0.067,140,150,-2.74,36,0
785,67,Hombre,9.7,130,51.3,974,1,0,0.412,1470,138,-4.19,3,1
786,53,Mujer,7.3,117,44.7,518,1,1,-0.131,454,123,-0.11,0.24,1
787,74,Hombre,8.8,139,40,97,0,1,0.428,149,114,-3.24,26.26,1
788,77,Mujer,8,165,49.4,673,0,1,-1.042,237,172,-1.78,36,0
789,52,Mujer,5.8,120,52.7,38,0,0,-0.396,26,124,-0.63,36,0
790,47,Hombre,8.6,139,73.8,149,0,1,-0.935,58,126,-0.32,36,0
791,42,Hombre,6.9,105,49.3,167,0,1,0.605,306,93,-0.5,36,0
792,72,Hombre,11.2,95,46.2,128,0,0,0.161,150,98,-2.49,36,0
793,53,Hombre,7,140,47.4,376,0,1,-1.185,115,133,0.63,36,0
794,74,Hombre,7.2,112,39.8,218,0,1,-1.156,69,109,0.1,36,0
795,62,Mujer,8.9,167,59.6,96,0,1,-0.062,90,152,-2.85,36,0
796,51,Hombre,7.5,139,55.9,336,1,1,-0.247,263,127,-0.94,36,0
797,55,Hombre,7.4,138,47.5,114,0,1,-1.138,37,131,0.6,36,0
798,64,Mujer,6.4,145,43.4,29,0,0,0.951,75,147,-3.7,36,0
799,84,Mujer,8.3,151,48,54,0,0,0.041,56,139,-0.75,36,0
800,68,Hombre,7,135,49.9,224,0,0,0.042,234,131,-2.95,36,0
801,48,Hombre,6.9,136,55.1,46,1,0,-0.351,32,122,-1.36,36,0
802,59,Mujer,7.6,142,41.2,296,0,0,-0.715,145,146,-1.21,36,0
803,52,Hombre,8.3,125,56.5,19,0,0,-0.155,16,121,-0.41,36,0
804,53,Hombre,7.4,141,41.5,153,0,1,0.242,195,137,-3.15,11.83,1
805,71,Mujer,7.1,113,51.7,167,0,1,-0.67,85,108,-1.29,36,0
806,60,Hombre,7.4,128,42.9,75,0,0,0.219,93,120,-3.3,3.34,1
807,75,Hombre,7.5,174,43.3,60,0,0,0.437,93,170,-2.7,36,0
808,66,Hombre,5.5,132,51,58,0,0,-0.082,53,127,-1.6,36,0
809,65,Hombre,8.5,138,47.9,215,1,1,-0.433,139,134,-2.18,36,0
810,81,Mujer,7.6,126,39.4,68,0,1,-0.06,64,107,-1.49,36,0
811,59,Hombre,6.3,128,53.5,88,0,0,-0.417,58,129,-0.77,36,0
812,67,Hombre,5.5,108,46.1,28,1,0,0.165,33,123,-0.12,36,0
813,90,Hombre,7.6,148,34.2,584,1,0,0.499,962,155,-7.34,36,0
814,60,Hombre,10.1,101,43.6,31,0,0,0.802,69,102,-2.34,36,0
815,82,Hombre,7.4,148,30.7,1558,0,0,-0.24,1226,149,-6.03,36,0
816,48,Hombre,8.1,133,56.5,323,0,1,-0.715,158,129,-1.03,36,0
817,67,Hombre,7.2,146,53.2,20,0,0,-0.022,20,143,0.11,36,0
818,59,Hombre,8.1,145,52.2,296,0,1,-0.692,148,145,-0.79,36,0
819,49,Mujer,7.2,136,35.8,519,0,1,-0.524,307,127,-2.13,36,0
820,58,Hombre,7.7,145,60.9,26,0,0,-0.509,16,134,-0.3,36,0
821,87,Mujer,7.8,154,52.6,109,0,0,0.374,158,163,-5.49,30.61,1
822,62,Mujer,7,128,38.2,252,0,1,-0.464,158,115,-2.47,36,0
823,58,Mujer,5.9,142,31.6,87,0,1,-0.339,62,140,-1.64,36,0
824,75,Mujer,9.2,124,38,302,0,1,-0.878,125,132,-1.82,36,0
825,57,Mujer,10.8,140,51,282,0,1,-0.794,127,135,-2.25,36,0
826,66,Hombre,8.5,128,41.7,55,0,0,0.723,113,139,-3.23,36,0
827,67,Hombre,7,136,51.5,163,1,0,0.037,169,125,-1.06,36,0
828,60,Mujer,7.1,137,29.9,145,0,0,-0.164,123,133,-0.52,33.15,1
829,60,Hombre,9.4,149,49.8,1470,0,1,0.051,1547,141,-4.56,36,0
830,81,Mujer,7.3,109,37.9,164,0,0,0.278,216,118,-1.19,36,0
831,62,Hombre,6.2,106,42,59,0,0,0.339,83,104,-2.62,24.94,1
832,86,Hombre,7,130,39.7,74,1,1,-0.163,63,132,-2.06,36,0
833,62,Mujer,5.5,137,36.2,213,1,0,-0.159,182,141,-3.22,36,0
834,62,Mujer,7.5,126,23.3,324,0,0,-0.015,319,127,-2.22,36,0
835,58,Mujer,7.9,147,40,53,0,0,-0.171,45,140,-2,36,0
836,35,Hombre,9,126,44,225,0,1,-0.278,170,109,-1,36,0
837,45,Mujer,7.6,150,47.3,189,0,0,-0.254,147,157,-1.6,36,0
838,63,Hombre,10,134,35.4,965,0,1,0.264,1257,117,-2.54,36,0
839,57,Hombre,8.9,145,55.8,202,1,1,0.194,245,140,-4.21,36,0
840,80,Hombre,7.1,115,37.3,144,1,1,-0.158,123,100,-3.54,36,0
841,67,Mujer,7,155,52.9,21,0,1,-0.21,17,147,-0.59,36,0
842,59,Mujer,8.2,126,51.2,172,0,0,-0.318,125,129,-0.83,36,0
843,74,Hombre,8.7,176,32.8,1102,0,1,0.099,1217,167,-4.87,36,0
844,57,Mujer,8.6,129,50.5,101,0,0,0.01,102,138,-0.63,36,0
845,66,Mujer,7.1,120,42,28,0,1,-0.456,18,116,0.21,36,0
846,70,Hombre,7.2,148,51.6,222,1,0,0.318,305,129,-4.24,36,0
847,64,Mujer,6,143,41.9,530,0,0,0.01,535,139,-1.77,36,0
848,62,Hombre,5.9,97,55.9,13,0,0,-0.194,11,110,1.82,36,0
849,61,Hombre,9.3,126,48.4,93,0,1,-0.602,51,119,-1.15,36,0
850,60,Mujer,5.5,161,37.4,84,0,0,0.106,93,167,-1.4,36,0
851,79,Hombre,6.3,161,42.4,384,0,0,0.597,698,161,-2.44,36,0
852,64,Mujer,6.3,110,46.7,28,1,0,-0.136,24,102,-0.49,36,0
853,55,Hombre,5.8,137,42.4,176,0,0,0.435,272,127,-1.16,36,0
854,59,Mujer,8.4,146,44.1,537,1,1,-0.217,432,128,-3.19,36,0
855,54,Hombre,8.4,165,44.1,224,0,1,-0.472,140,167,-1.39,36,0
856,68,Hombre,8.7,143,49.9,313,1,1,-0.11,281,127,-4.26,36,0
857,61,Hombre,10.2,169,65.7,630,0,1,-1.161,197,162,-0.1,36,0
858,67,Hombre,7.8,140,45.5,103,1,0,-0.105,93,142,-2.69,36,0
859,67,Hombre,6.2,131,42.6,53,0,1,-0.019,52,114,-1.3,36,0
860,34,Hombre,6.6,114,56.3,819,0,1,-0.687,412,107,1.14,36,0
861,55,Hombre,10.9,115,39.7,475,0,1,-0.08,439,99,-1.84,36,0
862,86,Mujer,7.6,141,40.6,86,0,0,0.598,156,146,-3.5,15.79,1
863,66,Hombre,7.7,143,37.2,89,1,0,-0.301,66,153,-1.65,36,0
864,63,Mujer,7.1,128,30.8,151,1,1,-0.389,102,132,-1.28,36,0
865,69,Mujer,6.6,128,33,80,1,0,0.085,87,116,-3.1,36,0
866,70,Hombre,7.6,158,48.8,98,0,0,-0.858,42,146,-1.99,36,0
867,51,Mujer,9.1,138,48.4,131,0,0,-0.522,78,143,-1.37,36,0
868,64,Hombre,7.6,141,40.6,147,0,1,0.137,169,137,-2.91,36,0
869,71,Mujer,6.7,143,32.1,133,1,1,0.49,217,136,-2.78,23.34,1
870,66,Hombre,9.6,138,38.2,106,1,0,-0.423,69,150,-5.38,36,0
871,62,Hombre,7.1,128,56.2,80,0,1,0.137,92,139,-1.62,36,0
872,62,Hombre,7.7,153,31.6,118,0,1,-1.244,34,148,-0.41,36,0
873,54,Mujer,7.3,137,27.9,34,1,0,-0.224,27,143,-1.31,36,0
874,61,Hombre,8.8,112,45.8,210,0,1,-0.432,136,96,0.4,36,0
875,68,Hombre,8.2,151,45.3,635,1,1,-0.22,510,139,-2.08,36,0
876,57,Mujer,7.7,141,48.7,84,0,1,-0.372,58,126,-2.4,36,0
877,64,Hombre,6.1,102,49.1,38,0,0,1.083,112,100,-2.66,36,0
878,66,Mujer,9.2,133,43.8,732,1,1,-0.548,423,131,-5,36,0
879,74,Mujer,8.5,149,53.2,38,1,0,0.712,77,145,-4.89,2.11,1
880,48,Mujer,8,114,36.8,235,0,0,0.19,284,115,-4.6,36,0
881,65,Mujer,6.8,111,60,72,0,1,-0.095,65,107,1.5,36,0
882,74,Hombre,6.6,150,51.3,153,0,1,-0.33,110,161,1.95,36,0
883,67,Mujer,5.7,148,23.7,118,0,0,0.084,128,146,-2.54,36,0
884,45,Hombre,7.7,141,49.4,95,0,1,0.281,126,142,-2.82,36,0
885,63,Mujer,7.5,151,38.4,155,0,0,0.001,155,145,-2.38,36,0
886,77,Mujer,7.6,150,49.2,149,1,1,-0.491,91,161,-1.1,36,0
887,54,Mujer,9,118,26.7,262,1,1,-0.689,132,111,0.35,36,0
888,66,Mujer,9.1,132,45,207,0,1,-0.155,177,120,-3.62,36,0
889,57,Mujer,7.7,138,45.5,51,0,0,0.358,73,129,-4.26,36,0
890,74,Mujer,7.9,117,53.6,1257,1,1,-0.827,550,111,-0.04,36,0
891,76,Mujer,7.4,159,49.2,443,1,1,0.751,939,140,-1.67,36,0
892,67,Hombre,9.2,141,47.7,356,0,1,-0.544,207,141,-2.06,6.47,1
893,69,Mujer,9.9,119,34.8,185,0,1,0.389,273,106,-1.67,36,0
894,63,Hombre,6.7,131,36.9,170,0,0,0.243,217,133,-2.83,36,0
895,86,Mujer,7.3,134,29.1,257,1,0,-0.388,174,141,-2.13,36,0
896,74,Hombre,7.5,130,40.4,138,0,1,-1.502,31,131,1.09,36,0
897,51,Mujer,8.3,115,61.6,234,1,0,0.142,270,121,-0.4,36,0
898,50,Mujer,7.8,148,44.7,89,0,1,-0.067,83,146,-3.04,36,0
899,64,Mujer,8.3,100,54.4,106,0,0,0.27,139,107,-1,36,0
900,61,Hombre,8.1,127,24.9,59,0,0,0.297,79,131,-3.27,36,0
901,66,Hombre,5.5,143,40.6,186,1,1,-0.46,117,136,-0.8,36,0
902,60,Mujer,7.9,131,50.4,75,0,0,0.204,92,150,-0.99,36,0
903,58,Mujer,7.2,114,56,10,0,0,0.057,11,115,1.17,36,0
904,74,Mujer,7,122,45.5,19,0,0,0.897,47,124,-4,36,0
905,73,Mujer,7.1,154,45.5,172,0,0,0.079,186,149,-2.36,36,0
906,71,Hombre,10.6,136,32.2,159,0,1,0.135,182,134,-1.9,36,0
907,64,Hombre,9,123,38.2,106,0,0,-0.632,56,115,-1.01,16.08,1
908,72,Hombre,8.4,130,44.3,180,0,0,-0.004,179,150,-2.33,36,0
909,48,Mujer,7,127,48.9,66,0,0,0.11,74,114,-0.94,36,0
910,50,Hombre,10.5,114,58.1,30,0,0,-0.048,29,122,-0.91,36,0
911,76,Hombre,7.2,119,27.6,2261,1,0,-0.129,1988,125,-4.87,8.35,1
912,60,Mujer,5.5,125,37.2,26,0,0,0.159,30,128,-0.39,36,0
913,67,Hombre,7.8,129,35.7,35,0,0,0.322,48,125,-1.89,36,0
914,82,Mujer,10.1,116,56.5,78,1,0,-0.175,65,119,-3.2,36,0
915,60,Mujer,5.7,145,69.6,35,0,0,0.548,61,146,-1.63,36,0
916,54,Mujer,7.8,95,42.4,86,0,0,-0.322,62,79,-0.2,36,0
917,34,Mujer,5.5,139,68.7,23,0,0,0.366,33,145,0.9,36,0
918,62,Hombre,8.9,132,37.1,58,0,0,0.574,103,127,-1.89,36,0
919,62,Hombre,8,111,55.2,430,0,1,-0.519,256,94,-1.94,36,0
920,74,Hombre,7.2,152,48.5,245,0,0,0.485,398,160,-4.23,36,0
921,59,Mujer,7.3,142,26.5,357,0,0,-0.743,170,125,-3.59,36,0
922,61,Mujer,8.2,98,39.1,115,0,0,0.031,119,89,-1.03,36,0
923,63,Mujer,7.3,158,57,506,0,0,0.019,516,158,-2.64,36,0
924,67,Hombre,8.5,170,60.9,244,0,1,-0.546,141,171,-1.28,36,0
925,70,Mujer,7.1,146,38.4,57,0,1,-0.098,52,132,-1.35,36,0
926,57,Mujer,8.3,135,52,132,0,1,0.495,216,123,-2.23,36,0
927,67,Mujer,8,152,42.1,85,1,0,0.581,152,166,-4.28,36,0
928,68,Hombre,7.7,135,59.5,332,0,1,0.631,624,130,-3.89,36,0
929,65,Mujer,7,117,29.1,444,1,1,-0.922,177,106,-0.79,36,0
930,78,Hombre,6.2,160,37.7,916,0,0,0.077,989,157,-4.04,36,0
931,46,Hombre,6.2,121,63.8,18,0,0,-0.358,13,120,1.17,36,0
932,70,Hombre,7,135,60.3,16,1,1,0.522,27,123,-0.08,36,0
933,76,Mujer,7.5,145,49.6,55,1,1,-0.083,51,135,-1.73,36,0
934,52,Hombre,7,128,46.8,26,1,0,0.107,29,118,-1.33,8.26,1
935,65,Mujer,9.3,157,57.6,395,0,1,0.14,454,158,-3.32,36,0
936,54,Mujer,7.8,121,43.4,376,0,1,-1.432,90,119,1.74,36,0
937,60,Hombre,8.9,155,31,971,0,0,-0.186,806,148,-2.61,36,0
938,64,Mujer,7.1,119,37.9,26,1,0,0.045,27,114,0.04,36,0
939,62,Mujer,7.9,108,53.8,39,0,0,0.212,48,106,-2.61,36,0
940,84,Hombre,9.2,149,28.7,97,1,0,0.453,153,142,-5.51,36,0
941,63,Hombre,7.1,140,37.2,530,1,1,-0.395,357,136,0.04,36,0
942,50,Hombre,8.3,129,53,93,0,0,0.018,95,129,-0.81,36,0
943,56,Hombre,8,145,50.1,91,0,1,-0.186,76,132,-0.57,36,0
944,61,Mujer,7.4,148,42.1,71,1,1,0.117,80,129,-1.36,36,0
945,60,Mujer,7.4,134,23.6,34,1,0,-0.143,29,124,-1.29,36,0
946,70,Mujer,8.1,123,49.8,101,1,0,0.17,120,136,-2.48,14.76,1
947,57,Hombre,6.1,123,31.8,50,0,0,0.015,51,114,-0.76,36,0
948,69,Mujer,7,149,34.5,113,1,0,-0.509,68,148,-1.41,36,0
949,61,Mujer,7.7,120,62.8,186,0,1,0.084,202,121,-0.99,36,0
950,53,Mujer,8.3,143,37.2,343,0,0,-0.064,322,131,-2.8,36,0
951,63,Hombre,9.9,143,52.6,443,0,1,-0.46,280,133,-2.15,36,0
952,58,Hombre,6.8,133,59.5,76,0,1,-0.08,70,143,-1.7,36,0
953,64,Hombre,8.2,137,40.6,134,0,1,0.502,221,136,-4.01,36,0
954,80,Mujer,7.7,140,26.5,152,0,0,0.482,246,142,-4.59,36,0
955,63,Hombre,7.6,116,39.3,125,0,1,-0.331,90,108,-0.52,36,0
956,62,Hombre,7.7,136,28.4,159,0,1,-0.222,127,145,-1.36,36,0
957,49,Mujer,5.8,150,50.2,136,0,0,0.968,358,149,-2.52,36,0
958,66,Hombre,7.6,118,35.6,147,0,0,-0.517,88,125,-0.44,36,0
959,62,Mujer,7.3,154,43.8,432,0,0,-0.183,360,151,-1.16,36,0
960,79,Mujer,7.6,156,33.7,103,1,0,-0.215,83,157,-4.23,36,0
961,45,Mujer,7.9,97,62.9,50,0,1,-0.543,29,98,1.6,36,0
962,56,Mujer,9.6,108,62.4,166,0,1,-0.465,104,107,-3.09,36,0
963,59,Mujer,8.3,139,50.9,99,1,0,-0.263,76,139,-0.21,36,0
964,65,Hombre,6.9,158,62.2,508,0,0,-0.024,496,161,-1.41,36,0
965,58,Mujer,8.5,142,43.9,78,0,0,0.373,113,142,-3.87,36,0
966,66,Mujer,10.1,148,41.7,240,0,0,-0.154,206,147,-1.81,36,0
967,89,Mujer,9.4,139,35.2,100,1,1,-0.645,52,135,-3.51,36,0
968,60,Hombre,7.3,113,37,316,1,0,-0.186,262,124,-3.27,36,0
969,65,Mujer,5.5,159,60.1,76,0,0,0.584,136,165,-2.76,36,0
970,57,Hombre,8.2,114,58.6,169,0,1,-0.562,96,112,-2.36,36,0
971,75,Mujer,10.4,148,41.3,1056,0,0,0.163,1243,139,-6.04,36,0
972,52,Mujer,8.9,129,47.2,32,1,1,0.263,42,128,0.27,36,0
973,60,Mujer,9.9,154,54.6,124,0,0,-0.897,51,162,-1.3,36,0
974,67,Hombre,7.9,135,60.4,151,0,0,-0.059,142,145,-0.67,36,0
975,73,Hombre,8.7,141,46.7,109,1,0,-0.368,75,116,-1.77,36,0
976,67,Mujer,5.5,131,42.4,29,0,0,-0.354,20,145,-1.9,36,0
977,70,Mujer,8,127,43.1,34,0,0,-0.277,26,122,-1.36,36,0
978,50,Mujer,9.2,122,56,140,0,1,-0.518,83,121,-0.83,36,0
979,58,Mujer,9.4,131,53.9,906,0,1,-0.763,422,131,-1,36,0
980,63,Mujer,8.6,148,36.8,1530,0,0,0.04,1593,158,-4.82,36,0
981,75,Hombre,7.7,121,41.6,237,0,0,0.313,324,132,-3.75,36,0
982,64,Mujer,6.9,154,46.1,592,1,1,-1.56,124,155,0.47,36,0
983,62,Hombre,9.3,162,54.1,283,0,1,-0.175,237,156,-3.05,36,0
984,65,Mujer,5.5,127,42.9,170,0,0,0.248,218,125,-2.4,36,0
985,53,Hombre,7.3,95,55.4,46,0,0,0.247,59,81,-0.57,36,0
986,50,Hombre,11.2,110,50.8,364,0,1,-0.505,220,102,-1.95,36,0
987,68,Hombre,7.1,123,32.1,18,1,1,-0.706,9,135,0.79,36,0
988,55,Mujer,5.6,136,40.8,45,0,1,-0.188,37,119,-0.62,36,0
989,67,Hombre,10,144,40.7,1237,0,1,-0.383,844,138,-2.92,36,0
990,51,Hombre,8.8,163,61.9,146,0,1,-0.182,122,170,-2.39,36,0
991,57,Mujer,7.1,112,36.1,46,0,0,0.146,53,112,-1.42,36,0
992,65,Hombre,8,163,63.9,958,0,1,-0.112,857,170,-0.98,36,0
993,53,Hombre,6.7,153,55,61,0,1,0.234,77,152,-1.02,36,0
994,62,Mujer,9,155,49.9,1480,0,1,0.265,1929,144,-3.57,36,0
995,66,Mujer,7.8,113,43.8,447,1,1,-0.594,247,95,-2.85,36,0
996,80,Mujer,7,144,47.2,191,0,0,0.06,203,143,-4.31,36,0
997,57,Mujer,8.5,142,64.6,224,0,0,-0.565,127,142,-1.1,36,0
998,68,Hombre,8.2,123,40.4,47,1,0,-0.153,40,122,-3.32,36,0
999,71,Mujer,5.8,135,46,93,0,0,0.595,169,135,-2.71,36,0
1000,87,Hombre,8.7,149,20,1545,1,1,0.075,1666,141,-6.02,1.4,1
1001,82,Hombre,9.9,131,60.2,621,0,0,-0.225,496,118,-2.58,36,0
1002,73,Mujer,7.3,139,54,94,1,0,0.962,246,134,-4.65,36,0
1003,77,Hombre,8.6,188,45.2,1831,1,1,0.023,1874,169,-4.63,36,0
1004,61,Mujer,8.1,115,65.1,55,0,0,0.344,78,105,-1.68,36,0
1005,75,Mujer,8.2,145,38.2,141,0,0,-0.331,101,143,-2.7,36,0
1006,58,Mujer,7.6,146,43.6,36,0,0,-0.148,31,160,-0.88,36,0
1007,71,Mujer,8.6,123,52.4,160,0,1,0.219,199,114,-3.89,36,0
1008,65,Hombre,6.2,147,50.1,152,1,0,0.113,170,147,-2.55,36,0
1009,59,Hombre,7.6,144,44.8,529,1,0,0.272,694,148,-3.6,36,0
1010,68,Mujer,8.2,105,39.6,58,0,0,-0.032,56,104,-0.86,36,0
1011,73,Mujer,8.8,160,35.5,261,0,0,0.43,401,150,-4.35,36,0
1012,70,Mujer,9.8,109,24.1,296,0,0,-0.373,204,116,-1.91,36,0
1013,53,Hombre,6.8,134,48.1,68,1,0,-0.742,32,147,-1.94,36,0
1014,48,Hombre,8.3,131,47.8,41,0,1,0.658,79,134,-2.43,36,0
1015,62,Mujer,7.5,144,47.5,34,0,0,-0.226,27,139,-2.67,36,0
1016,52,Hombre,7.7,137,44.8,55,1,0,0.168,65,141,-3.28,36,0
1017,64,Hombre,9.4,129,54.7,280,1,0,0.029,288,134,-3.16,36,0
1018,64,Mujer,6,124,33.8,16,0,0,0.314,22,134,-2.06,36,0
1019,59,Mujer,7.4,147,32,142,0,0,-0.127,125,157,-0.94,36,0
1020,47,Hombre,8,129,48.5,44,0,0,-0.42,29,122,-0.29,36,0
1021,59,Hombre,7.1,122,44,21,1,1,-0.721,10,114,0.36,36,0
1022,60,Hombre,8.1,162,45.2,54,1,0,0.017,55,164,-1.4,36,0
1023,47,Hombre,9.8,124,54.1,33,0,1,-0.338,24,123,0.79,36,0
1024,70,Hombre,7.4,127,44.8,142,0,0,-0.208,115,132,-2.08,36,0
1025,62,Mujer,9.2,135,56.3,185,1,1,-1.012,67,136,-1.86,36,0
1026,65,Hombre,7.2,115,52.3,52,1,0,0.481,84,133,-1.69,36,0
1027,70,Mujer,10,133,54.4,1519,0,1,-0.066,1422,125,-3.76,36,0
1028,76,Hombre,8.4,143,38.5,96,0,0,-0.436,62,150,-3.1,36,0
1029,51,Hombre,8.1,125,34.8,190,0,0,0.517,319,130,-2.66,36,0
1030,87,Mujer,9.4,140,48.6,493,1,0,-0.068,460,129,-3.35,36,0
1031,57,Mujer,10.2,129,43.3,101,1,0,-0.083,93,129,-3.54,36,0
1032,65,Mujer,7.9,130,47.8,252,0,0,0.619,468,129,-4.52,36,0
1033,69,Mujer,6.1,148,37.2,304,1,0,-0.355,213,146,-4.21,36,0
1034,59,Hombre,7.9,158,73.8,142,0,1,0.108,158,146,-2.36,36,0
1035,75,Hombre,8.2,136,38,594,0,0,0.304,805,129,-4.44,36,0
1036,61,Mujer,9.2,161,43.3,788,1,1,-1.41,192,173,-1.18,36,0
1037,62,Mujer,10.3,129,36.7,1245,0,1,-0.281,940,127,-3.26,36,0
1038,88,Hombre,8.6,143,28,476,1,0,-0.886,196,126,-2.95,36,0
1039,64,Mujer,11.2,123,38.2,160,0,1,-0.864,67,109,-1.97,36,0
1040,68,Hombre,7.5,145,40.3,400,0,1,-0.102,361,138,-2.14,36,0
1041,43,Hombre,8.1,139,55.5,38,1,0,-0.074,35,144,-1.01,36,0
1042,65,Mujer,7.8,151,58.8,182,1,1,-0.446,117,140,-1.26,36,0
1043,64,Hombre,6,128,56.1,159,0,0,0.245,203,132,-2.77,36,0
1044,49,Hombre,8.5,133,49.8,188,0,1,-0.806,84,119,1.23,36,0
1045,62,Mujer,6.7,135,44.2,99,0,0,-0.073,92,143,-1.4,36,0
1046,55,Hombre,8.2,154,57.9,1006,0,1,-0.038,969,138,-2.76,36,0
1047,55,Mujer,8.8,136,47.1,318,0,1,-0.47,199,136,-0.52,36,0
1048,63,Mujer,9.4,141,47.1,643,0,1,-0.269,491,146,-3.03,36,0
1049,65,Mujer,7.5,126,47,261,0,1,-0.974,99,148,0.29,36,0
1050,66,Hombre,10.2,132,63.7,253,1,1,-0.17,214,127,-3.18,36,0
1051,77,Mujer,7.3,138,40.1,498,0,1,-0.546,288,136,-2.13,36,0
1052,59,Hombre,6.1,144,58.9,198,0,1,0.014,201,153,-0.62,36,0
1053,64,Mujer,6.3,135,45.6,435,0,0,0.4,649,135,-2.89,36,0
1054,66,Mujer,6.4,109,49.5,149,0,1,-0.435,96,120,-2.22,36,0
1055,72,Mujer,7.4,109,32.6,135,1,0,0.949,349,106,-3.21,36,0
1056,53,Hombre,7.6,112,41.4,19,0,0,-0.36,13,108,0.35,36,0
1057,64,Mujer,8,116,47.2,248,1,1,-0.794,112,110,-0.81,36,0
1058,66,Hombre,7.9,112,48,312,1,1,0.179,373,109,-1.75,36,0
1059,51,Hombre,8.5,116,51.3,48,0,0,-0.25,37,107,0.46,36,0
1060,51,Mujer,7,108,41.8,192,0,0,0.892,468,110,-3.71,35.48,1
1061,77,Hombre,7.3,145,40.4,62,0,0,-0.383,42,133,-3.5,36,0
1062,72,Hombre,9.2,138,47.7,399,0,0,-0.14,347,139,-3.85,36,0
1063,58,Hombre,8.8,128,35.3,51,0,0,-0,51,113,-2.48,36,0
1064,67,Mujer,7.5,133,48.3,365,0,0,-0.618,197,127,-2.63,36,0
1065,63,Mujer,7.2,111,46.6,123,0,0,-0.014,121,112,-1.74,36,0
1066,56,Mujer,8.7,152,53.4,150,0,1,-0.543,87,144,0.25,36,0
1067,72,Mujer,7.1,147,38.8,94,0,1,-0.958,36,136,-2.26,36,0
1068,57,Hombre,6.1,126,41.9,46,0,0,-0.07,43,133,-2.08,36,0
1069,65,Hombre,7.9,153,47.1,784,0,1,-0.651,409,139,-4.07,36,0
1070,70,Hombre,7.6,98,26.7,188,0,1,-0.029,183,96,-2.66,36,0
1071,76,Mujer,8.3,154,43.1,43,0,0,0.344,61,146,-4.03,18.49,1
1072,57,Hombre,7.8,132,39.3,99,1,0,-0.024,97,114,-0.81,36,0
1073,77,Hombre,7.6,134,25.3,79,1,0,-0.189,65,115,-3.23,36,0
1074,85,Mujer,6.5,119,32.2,75,0,0,0.593,136,103,-3.98,36,0
1075,65,Mujer,8.5,157,40.1,240,0,0,-0.138,209,154,-3.12,36,0
1076,56,Mujer,7.8,136,43.9,2114,0,1,-1.519,463,115,-1.75,36,0
1077,56,Hombre,7.9,152,40.1,11,1,1,-0.819,5,138,0.31,34.03,1
1078,58,Mujer,5.7,122,56.6,133,0,0,-1.081,45,128,0.56,36,0
1079,69,Hombre,9.1,154,31.3,215,1,1,-0.204,175,149,-1.97,36,0
1080,78,Hombre,8.1,160,42.2,249,1,0,0.616,461,169,-4.58,25.68,1
1081,64,Mujer,7.1,131,46.8,33,0,0,-0.209,27,137,-2.47,36,0
1082,55,Hombre,8.7,177,33.6,62,0,0,0.128,70,176,-2.54,36,0
1083,59,Hombre,6.3,137,52.1,50,0,0,0.053,53,145,-0.52,36,0
1084,76,Hombre,8.2,137,43.6,26,0,0,-0.11,23,134,-0.43,36,0
1085,49,Mujer,6.6,111,50.2,41,0,1,-1.155,13,102,1.4,36,0
1086,64,Hombre,7.3,140,42.5,120,0,0,0.275,158,141,-3,36,0
1087,58,Mujer,8.6,114,56,84,1,0,0.38,123,106,-3.24,36,0
1088,73,Hombre,7.2,142,46.8,208,0,0,0.18,249,141,-2.59,36,0
1089,67,Mujer,7.2,156,48.7,53,0,0,0.264,69,155,-1.13,36,0
1090,61,Mujer,11.2,116,49.4,84,1,1,-0,84,88,-2.33,36,0
1091,46,Hombre,7.8,118,43.4,217,0,1,-0.755,102,95,0.68,36,0
1092,66,Hombre,9.1,155,52.1,84,0,0,0.167,99,161,-2.07,36,0
1093,52,Mujer,8.1,137,45.4,93,0,0,0.003,93,125,-1.63,36,0
1094,59,Mujer,5.5,174,49.8,140,0,1,0.278,185,159,-1.36,36,0
1095,79,Hombre,5.5,155,40,14,1,0,-0.474,9,151,-1.13,36,0
1096,82,Hombre,7.4,146,37.1,64,1,0,-0.38,44,148,-3.22,36,0
1097,75,Hombre,8.6,148,40.9,77,0,0,0.231,97,152,-1.84,36,0
1098,66,Hombre,9.6,137,46,210,0,1,0.184,252,127,-2.67,36,0
1099,58,Hombre,8.4,125,50.3,57,0,0,-0.495,35,134,-1.94,36,0
1100,69,Mujer,5.8,124,36.9,29,0,0,-0.645,15,108,-0,36,0
1101,72,Mujer,8.4,142,49.8,1072,1,1,-0.356,751,139,-3.09,36,0
1102,73,Hombre,8.6,128,59.7,277,1,1,-0.924,110,113,-1.5,36,0
1103,51,Mujer,6.9,116,44,155,0,1,-0.519,92,122,0.37,36,0
1104,53,Mujer,6.2,135,45.7,235,0,1,-0.284,177,131,-0.08,36,0
1105,55,Hombre,7.9,137,45.6,42,0,0,0.665,82,142,-1.8,36,0
1106,68,Hombre,6.4,155,59.7,22,0,0,0.602,40,148,-1.65,36,0
1107,50,Hombre,9.9,151,40,271,0,0,0.079,293,143,-2.88,36,0
1108,72,Mujer,7.8,165,49.8,612,1,1,-0.619,330,160,-3.61,36,0
1109,49,Hombre,6.8,122,51.1,19,0,1,-0.61,10,112,0.32,36,0
1110,68,Hombre,6.3,145,39.3,13,0,0,0.11,15,146,-0.78,36,0
1111,63,Hombre,8.7,127,38.8,302,0,1,-0.963,115,109,-0.46,36,0
1112,65,Hombre,8.2,150,72.4,192,1,1,-0.517,114,154,-1.33,36,0
1113,83,Mujer,6.2,138,28.4,74,1,0,-0.144,64,136,-2.81,36,0
1114,63,Mujer,6.1,126,60.9,49,0,1,0.293,66,128,-0.19,36,0
1115,64,Hombre,7.9,134,36.5,64,1,0,-0.622,34,132,-1.42,36,0
1116,61,Mujer,7.5,130,63.2,20,0,0,-0.441,13,132,-1.29,36,0
1117,72,Mujer,9,135,36.2,481,1,1,-0.198,395,136,-2.18,36,0
1118,78,Hombre,7.9,145,21.1,40,0,0,-0.156,34,149,-0.84,36,0
1119,54,Hombre,7.4,150,51.4,24,0,0,0.18,29,153,-1.03,36,0
1120,67,Mujer,8.5,115,47.2,138,0,1,0.169,163,103,-1.98,36,0
1121,48,Hombre,5.6,139,42.3,30,0,0,0.198,37,133,-2.28,30.89,1
1122,80,Hombre,7,140,42.7,73,0,0,0.175,87,135,-1.48,36,0
1123,69,Hombre,6.5,135,53.7,149,0,0,-0.297,111,139,-2.17,36,0
1124,79,Mujer,8.8,140,60,81,0,0,0.17,96,141,-3.53,36,0
1125,59,Hombre,7.2,144,62.5,201,1,1,-0.392,136,141,-2.9,36,0
1126,67,Mujer,9.1,135,37.3,413,0,1,0.003,414,115,-3.49,36,0
1127,76,Hombre,7.9,148,49.3,192,1,1,-0.526,113,136,-2.89,36,0
1128,70,Mujer,8.5,163,21.6,36,0,0,0.234,45,166,-5.46,36,0
1129,73,Mujer,7.5,142,37.2,118,0,0,0.506,196,148,-2.64,36,0
1130,77,Hombre,6.5,133,44.5,97,0,1,-1.027,35,121,0.83,36,0
1131,61,Hombre,8.2,119,66.9,46,0,1,-1.105,15,115,0.48,36,0
1132,65,Mujer,5.5,137,38.1,410,0,1,-0.625,219,130,0.19,36,0
1133,65,Hombre,9.7,126,55.7,120,0,1,0.888,292,122,-3.75,36,0
1134,60,Hombre,9.1,140,52.4,102,1,1,0.125,116,126,-1.64,36,0
1135,44,Hombre,9.2,116,55.4,205,0,1,-0.337,146,111,-1.22,36,0
1136,58,Hombre,10.7,137,52.9,528,0,1,0.205,648,128,-3.26,36,0
1137,79,Hombre,7.2,161,37.3,188,1,1,-1.141,60,162,1.08,36,0
1138,87,Hombre,7,121,35.6,277,0,0,0.691,553,135,-4.08,36,0
1139,54,Hombre,7.9,146,44.1,109,0,1,0.155,127,154,-2.71,36,0
1140,58,Mujer,9.3,120,39.8,373,0,0,-0.409,248,129,-3.06,36,0
1141,43,Mujer,5.7,124,48.5,21,0,1,0.083,23,111,-0.41,36,0
1142,67,Hombre,10.3,118,59.4,184,0,0,-0.268,141,122,-2.07,36,0
1143,59,Hombre,8.8,164,47.5,197,0,1,0.024,202,157,-4.2,36,0
1144,52,Mujer,9.4,145,58.5,273,1,1,0.004,274,140,-3.09,36,0
1145,61,Mujer,8,119,57.3,171,0,1,-0.325,124,116,0.47,36,0
1146,54,Hombre,9.1,154,57.2,15,1,1,0.227,19,145,-0.65,36,0
1147,74,Hombre,7.4,136,39.5,107,1,0,-0.179,89,134,-0.68,36,0
1148,68,Mujer,6.4,123,54.7,84,0,1,-0.559,48,111,-0.87,36,0
1149,65,Hombre,7.3,112,47.3,23,1,0,0.225,29,110,-2.21,36,0
1150,73,Mujer,6.2,129,34.2,28,0,0,-0.087,26,136,-0.42,36,0
1151,69,Mujer,9.1,128,41.4,254,0,1,-0.008,252,120,-2.14,36,0
1152,40,Hombre,8.7,153,58.1,335,1,1,0.054,354,150,-2.33,36,0
1153,67,Mujer,7.7,124,50.2,338,0,1,0.001,338,125,-0.69,36,0
1154,69,Mujer,7.6,107,40.7,43,0,0,0.677,85,119,-3.69,36,0
1155,67,Mujer,6.4,129,47.7,11,0,0,-0.597,6,138,1.74,36,0
1156,58,Hombre,8.8,139,44.1,202,0,1,0.114,226,127,-3.76,36,0
1157,65,Mujer,5.5,143,38.2,127,0,0,0.213,157,134,-2.45,36,0
1158,62,Hombre,8.6,121,29.8,186,0,0,-0.972,70,118,-0.71,36,0
1159,52,Mujer,7,120,44.4,181,1,1,-0.221,145,114,-1.34,36,0
1160,84,Hombre,7.5,167,34.7,79,0,0,0.398,118,171,-3.81,36,0
1161,48,Hombre,9,99,33.6,101,0,0,0.383,148,90,-1.63,36,0
1162,57,Hombre,8.1,111,53.2,370,1,1,-0.645,194,111,-2.26,36,0
1163,76,Hombre,8.5,127,46.7,134,0,1,-0.911,54,125,-1.23,36,0
1164,48,Mujer,8.6,132,55.4,48,0,1,-1.032,17,118,0.08,27.49,1
1165,71,Mujer,7.3,126,42.8,59,0,0,-0.663,30,121,-2.53,36,0
1166,61,Mujer,7.3,120,47.8,51,0,0,0.241,65,127,-1.7,36,0
1167,60,Hombre,8.1,129,34.6,251,1,1,0.245,321,131,-2.93,36,0
1168,45,Mujer,7.9,141,41.6,50,0,0,-0.296,37,131,-0.91,30.42,1
1169,57,Hombre,7.7,134,41.1,34,0,1,0.041,35,137,-2.29,36,0
1170,68,Mujer,7.6,114,59,394,0,1,-0.752,186,111,-1.37,36,0
1171,60,Hombre,7.3,117,49,82,0,0,-1.242,24,110,0.73,36,0
1172,76,Hombre,7.7,126,45.6,64,0,0,0.304,87,125,-2.49,36,0
1173,65,Mujer,8.6,134,41.8,226,1,1,-0.324,163,141,-1.82,36,0
1174,64,Mujer,7.3,126,43.4,24,0,0,0.132,27,118,-0.39,36,0
1175,63,Mujer,6.2,165,50.7,41,0,0,0.001,41,169,-2.27,36,0
1176,68,Hombre,6.3,130,47.7,37,0,0,0.248,47,124,-3.33,36,0
1177,77,Mujer,7.5,139,45.3,13,0,0,0.721,27,142,-1.99,36,0
1178,73,Hombre,7.4,143,47.6,417,0,0,0.309,568,142,-4.75,36,0
1179,72,Mujer,6,132,47.8,88,1,0,-0.189,73,122,-1.98,36,0
1180,79,Hombre,7.7,133,40.7,237,1,0,0.62,441,138,-4.45,36,0
1181,60,Hombre,7.5,139,59.3,38,0,0,0.206,47,150,-1.6,36,0
1182,63,Mujer,7.6,121,37,284,0,0,0.349,403,121,-4.33,36,0
1183,83,Hombre,7.7,128,38,1557,1,1,-0.468,975,134,-3.05,36,0
1184,59,Mujer,8.1,106,36.6,144,0,0,-0.25,112,117,-4.5,36,0
1185,71,Hombre,6.1,123,47.7,34,0,0,-0.3,25,128,1,36,0
1186,67,Hombre,6.7,134,61.8,37,0,1,0.393,55,129,-2.15,36,0
1187,84,Hombre,7,132,25.6,688,0,0,-0.227,549,131,-3.76,31.49,1
1188,80,Mujer,5.9,122,54.3,70,0,0,0.817,158,121,-3.05,36,0
1189,66,Hombre,8.2,136,52.7,231,1,1,-0.162,196,147,-1.23,36,0
1190,70,Hombre,7.5,144,35.1,18,0,0,0.163,21,140,-2.68,36,0
1191,34,Mujer,8.1,107,61.2,49,1,1,0.176,58,103,-0.87,36,0
1192,63,Hombre,8,154,48.6,314,0,1,-0.283,237,147,-1.58,36,0
1193,71,Mujer,7.5,146,23.7,886,0,0,0.35,1257,150,-4.81,36,0
1194,89,Hombre,7.3,150,34.3,278,1,0,-0.019,273,161,-4.27,36,0
1195,65,Hombre,6.3,114,64.5,30,0,0,0.867,71,105,-0.04,36,0
1196,70,Mujer,8.5,125,54.5,242,0,0,0.656,466,124,-2.39,36,0
1197,65,Hombre,6,135,43.6,14,0,0,0.543,24,136,-1.01,36,0
1198,51,Mujer,9,95,37,102,0,0,-0.64,54,98,-0.78,36,0
1199,65,Mujer,6.3,156,30.4,265,0,0,-0.277,201,171,-3.67,36,0
1200,70,Mujer,7.1,137,56,9,0,0,0.365,13,148,-2.05,36,0
1201,67,Mujer,9.9,121,56.4,112,0,1,-0.251,87,108,-0.08,36,0
1202,71,Hombre,8.3,141,44.3,2251,0,1,-0.483,1389,140,-3.35,36,0
1203,64,Hombre,8.3,152,50.9,86,0,1,0.69,172,157,-2.21,36,0
1204,60,Hombre,7.9,110,39.5,106,1,0,-0.338,76,103,-1.94,36,0
1205,74,Mujer,8.3,140,53.3,378,0,1,-0.123,334,132,-0.52,7.07,1
1206,51,Mujer,7.7,126,58.2,234,1,1,-0.724,113,115,-0.24,36,0
1207,72,Hombre,5.8,138,47.8,133,0,1,-0.921,53,136,-0.67,36,0
1208,65,Hombre,9.1,145,59.4,886,0,1,-0.931,349,130,-1.27,36,0
1209,38,Mujer,8.6,134,42.2,94,0,1,-0.849,40,129,0.33,36,0
1210,59,Hombre,8,127,47.4,59,0,1,0.009,60,122,-2.11,36,0
1211,77,Mujer,6.8,162,27.4,171,0,1,-0.366,119,148,-2.25,36,0
1212,43,Mujer,8,138,41.9,137,0,0,0.004,138,141,-2.83,36,0
1213,79,Hombre,6.6,175,40.6,193,0,1,0.195,234,158,-2.84,32.5,1
1214,78,Hombre,7.3,159,60.3,180,1,0,0.09,197,151,-3.71,36,0
1215,76,Mujer,8.8,117,47.9,722,0,1,-1.105,239,112,-1.39,36,0
1216,63,Hombre,9.7,138,41.5,161,0,1,0.08,174,122,-2.73,36,0
1217,58,Mujer,8.7,132,40.2,312,0,1,-0.017,307,118,-3.06,36,0
1218,48,Hombre,7.9,142,65.6,137,0,1,-0.315,100,135,-0.74,36,0
1219,63,Mujer,7.6,144,52.9,50,0,0,0.002,50,148,-2.19,36,0
1220,62,Mujer,7.6,141,39.6,109,0,1,-0.24,86,132,-1.68,36,0
1221,83,Hombre,8.6,144,37.1,243,1,0,0.106,270,161,-4.9,36,0
1222,67,Hombre,7.1,148,64.5,78,0,0,0.953,202,153,-3.68,36,0
1223,59,Mujer,8,118,43.5,674,0,0,-1.128,218,117,-1.94,36,0
1224,74,Hombre,7,131,23.1,76,1,0,0.42,116,128,-4.59,36,0
1225,72,Hombre,7.3,148,50.9,7,0,0,-1.223,2,147,0.23,36,0
1226,59,Mujer,5.5,153,49.2,77,1,0,-0.083,71,152,-3.01,36,0
1227,69,Hombre,6.5,156,40.2,41,1,0,0.328,57,144,-5.56,36,0
1228,58,Mujer,10,140,35.6,557,0,1,-0.661,288,141,-4.02,36,0
1229,57,Hombre,8.7,140,53.1,152,1,0,-0.779,70,141,-1.55,36,0
1230,55,Hombre,7.5,138,52.1,30,0,0,1.356,116,151,-4.12,36,0
1231,60,Hombre,7,139,42.1,1463,0,1,-0.246,1144,129,-2.88,36,0
1232,54,Hombre,10.7,145,54.5,2780,0,1,-0.556,1595,128,-3.14,36,0
1233,72,Mujer,8.4,142,32.1,482,0,1,0.347,682,131,-3.09,36,0
1234,71,Mujer,8.7,150,43.3,343,0,1,0.286,457,138,-3.82,36,0
1235,63,Hombre,7.9,165,52.7,34,0,0,0.014,34,174,-2.83,13.92,1
1236,80,Hombre,6.9,133,32.8,86,1,0,0.019,88,119,-2.37,36,0
1237,69,Mujer,6.8,155,27.4,491,0,1,-0.381,335,155,-2.85,36,0
1238,71,Hombre,8.7,152,57.6,497,1,0,0.852,1165,141,-6.18,22.6,1
1239,60,Hombre,9.1,166,53.6,106,1,1,0.391,157,167,-1.89,36,0
1240,78,Hombre,8.2,108,60.7,115,1,1,-0.527,68,109,-0.36,36,0
1241,65,Hombre,6.6,164,55.7,424,0,1,-0.796,191,158,-0.53,35.7,1
1242,59,Mujer,7.5,136,44,30,0,0,0.399,45,151,-2.53,36,0
1243,73,Mujer,7.9,147,51.1,51,0,0,0.995,138,157,-3.09,36,0
1244,56,Hombre,8.7,122,57,122,0,0,-0.043,117,130,-1.12,36,0
1245,53,Hombre,6.2,116,63.9,9,0,0,-0.016,9,107,-0.69,36,0
1246,77,Hombre,8.3,125,46.9,238,0,1,-0.353,167,119,-1.08,36,0
1247,74,Hombre,7.9,150,39.9,275,0,1,-0.267,211,146,-2.8,36,0
1248,74,Hombre,8,133,45,9,0,0,0.323,12,139,-3.85,36,0
1249,71,Mujer,8,170,41,167,0,1,-0.094,152,164,-2.68,36,0
1250,66,Mujer,8.3,137,50,96,0,1,-1.291,26,154,1.07,36,0
1251,55,Hombre,8.7,141,47.7,460,1,1,-0.547,266,126,-1.69,36,0
1252,59,Hombre,8,133,35.3,91,1,0,-0.095,83,138,-4.06,30.89,1
1253,62,Hombre,8.9,145,39.2,102,1,0,-0.265,78,137,-3.44,36,0
1254,74,Hombre,8.4,160,57,117,1,1,0.031,121,159,-2.37,36,0
1255,62,Mujer,8.5,143,49.1,51,0,0,1.011,140,138,-4.88,36,0
1256,71,Hombre,7.8,133,40.4,36,0,0,0.77,78,123,-5.16,36,0
1257,70,Hombre,7.8,131,60.7,33,0,1,-0.086,30,128,-1.03,36,0
1258,61,Hombre,7.6,125,47,36,0,1,-0.43,23,117,1.24,36,0
1259,51,Hombre,8.6,127,54.5,42,0,0,0.364,60,143,-1.09,36,0
1260,62,Mujer,9,168,47,1519,0,1,0.276,2003,168,-5.39,36,0
1261,60,Hombre,5.8,123,53.8,34,1,0,0.371,49,123,-3.13,36,0
1262,48,Hombre,6.8,146,37.2,72,1,0,-0.398,48,140,-2.05,36,0
1263,60,Hombre,9.9,146,61.1,329,1,1,-0.592,182,152,-2.86,36,0
1264,77,Mujer,7.2,132,41,33,0,0,0.552,57,139,-2.81,36,0
1265,57,Mujer,6.8,99,48,28,1,1,0.012,28,98,0.88,36,0
1266,57,Hombre,6.1,158,47.8,304,0,1,-0.26,234,134,-0.89,36,0
1267,81,Hombre,6.2,139,56,179,0,0,-0.455,114,133,-0.24,36,0
1268,65,Mujer,10.4,131,54.1,151,0,1,-0.143,131,144,-2.4,36,0
1269,48,Hombre,8.4,127,56.2,455,0,1,-0.222,364,123,-1.66,36,0
1270,52,Hombre,8,139,52.2,202,0,1,-1.105,67,147,0.03,36,0
1271,85,Hombre,9.7,141,35,38,0,0,0.176,45,136,-4.43,36,0
1272,75,Mujer,6.3,137,46.2,55,1,0,0.29,73,131,-1.78,36,0
1273,62,Mujer,8.6,142,47.5,272,0,0,0.614,503,137,-2.53,36,0
1274,44,Hombre,7.6,133,71.8,72,0,0,-0.16,61,135,-0.96,36,0
1275,45,Mujer,6.8,112,45.5,32,0,0,0.615,59,93,-0.18,36,0
1276,50,Hombre,9,126,53.7,769,0,1,-0.684,388,122,-0.62,36,0
1277,50,Hombre,8,142,45.6,78,0,0,-0.068,73,129,-1.81,36,0
1278,61,Hombre,7.8,109,37.6,24,0,0,0.106,27,106,-1.62,36,0
1279,76,Hombre,7,161,47.2,203,0,0,0.244,259,167,-2.12,36,0
1280,59,Hombre,6,171,38.5,244,0,1,0.021,249,178,-3.16,36,0
1281,56,Mujer,7.2,141,52.3,200,1,1,-0.378,137,132,-1.69,36,0
1282,52,Hombre,6.1,132,44,96,0,1,-0.467,60,123,0.21,36,0
1283,52,Hombre,10.4,157,41.3,2623,0,0,0.425,4013,167,-5.16,11.56,1
1284,60,Mujer,8.4,138,38.3,1528,0,1,0.2,1866,117,-1.89,36,0
1285,51,Hombre,8.7,105,61.3,95,1,0,0.163,112,102,-2.51,36,0
1286,81,Hombre,8.6,139,54.2,61,1,0,-0.735,29,148,-3.14,36,0
1287,61,Mujer,9.4,116,40.7,255,1,1,0.029,262,96,-3.8,36,0
1288,74,Hombre,6.1,110,42.4,172,0,1,-0.45,110,95,0.5,36,0
1289,57,Hombre,7.7,133,46.7,82,1,1,-0.091,75,120,-3.97,36,0
1290,65,Mujer,7.3,117,38.5,222,0,0,-0.379,152,109,-3.27,36,0
1291,54,Mujer,6.5,154,61.4,68,0,1,-0.402,45,146,0.49,36,0
1292,56,Hombre,6.3,95,34.7,56,1,0,0.225,70,94,-0.53,36,0
1293,59,Hombre,8.3,152,56.8,101,0,1,-1.079,34,146,-0.5,36,0
1294,62,Hombre,8.1,131,53.5,29,1,1,-0.567,16,118,-0.36,36,0
1295,66,Mujer,5.9,168,36.4,29,0,0,-0.02,28,158,-2.9,36,0
1296,66,Hombre,9,161,28.8,618,0,1,0.096,680,153,-3.5,36,0
1297,72,Mujer,7.2,139,38.1,36,0,0,0.588,65,122,-0.88,36,0
1298,56,Hombre,9.5,120,49.6,93,0,0,-0.447,59,122,-0.17,36,0
1299,74,Mujer,8.4,124,38,171,0,0,0.165,202,131,-2.56,36,0
1300,69,Hombre,8.8,113,56.4,78,0,0,0.016,79,121,-1.95,36,0
1301,49,Hombre,9.8,112,46.9,283,0,1,-0.022,277,98,-1.59,36,0
1302,51,Mujer,9.6,126,58.1,543,0,1,-0.82,239,110,-0.23,36,0
1303,80,Hombre,8.2,148,49.4,1408,0,1,-0.042,1350,142,-2.14,7.14,1
1304,66,Mujer,6.9,142,34.3,191,0,0,0.125,216,144,-3.1,36,0
1305,61,Mujer,9.2,95,47.4,324,1,1,-0.558,185,93,-0.64,36,0
1306,66,Mujer,7.2,117,41.3,65,1,1,-1.095,22,121,0.92,36,0
1307,51,Hombre,7.3,157,58.2,240,0,1,-0.431,156,139,0.73,36,0
1308,61,Hombre,10.2,140,40.6,121,0,0,-0.248,94,132,-4.06,36,0
1309,71,Hombre,9,122,35.5,61,1,1,0.194,74,117,-1.07,36,0
1310,59,Mujer,8.1,130,52.5,308,1,1,-0.966,117,132,-1.21,36,0
1311,57,Hombre,7.1,106,48.1,9,0,0,-0.3,7,96,0.02,36,0
1312,56,Hombre,7.4,143,61.8,282,0,0,-0.068,264,140,-2.13,36,0
1313,78,Mujer,6.1,148,46.6,243,0,0,0.582,435,163,-4.35,36,0
1314,69,Hombre,9.1,159,49.9,293,0,0,-0.771,135,157,-3.06,36,0
1315,49,Hombre,7.5,128,57.6,63,0,0,-0.208,51,119,-2.02,36,0
1316,57,Hombre,5.8,131,59.8,12,0,0,0.201,15,126,-0.02,36,0
1317,44,Mujer,5.5,123,46.2,13,0,0,0.248,17,115,-0.67,36,0
1318,64,Hombre,7.7,133,64.3,147,0,0,-0.48,91,119,1.12,36,0
1319,66,Hombre,6.9,157,33.8,79,0,1,-0.036,76,146,-2.15,36,0
1320,61,Hombre,10.6,129,55,204,1,1,-0.716,100,133,-2.32,36,0
1321,53,Hombre,10,125,47.4,315,0,1,-0.595,174,118,-0.87,36,0
1322,46,Hombre,7.1,127,32.4,27,1,1,-0.149,23,105,-0.89,36,0
1323,58,Mujer,5.9,114,67.2,120,1,0,-0.909,48,104,0.47,36,0
1324,41,Hombre,10.5,122,58.3,353,0,1,-0.525,209,114,-1.68,36,0
1325,74,Hombre,7.3,134,33.2,115,1,0,-0.535,67,130,-1.9,36,0
1326,57,Mujer,7.6,163,57.3,77,1,1,-0.537,45,152,-1.47,36,0
1327,37,Hombre,6.9,128,62.1,73,0,1,-0.21,59,129,-0.13,36,0
1328,74,Hombre,8.6,117,56.3,300,1,0,-0.066,281,127,-2.17,36,0
1329,67,Hombre,7.3,143,50.7,34,0,0,1.329,128,127,-3.96,36,0
1330,36,Hombre,10.5,110,54.5,477,0,1,-0.076,442,101,-1.16,6.6,1
1331,61,Mujer,7.2,121,48.2,128,0,1,-0.627,68,117,-0.8,36,0
1332,54,Hombre,6.5,132,40.5,226,0,0,-1.614,45,136,-0.4,36,0
1333,77,Mujer,8.2,113,25.6,48,0,0,-0.72,23,124,-1.47,36,0
1334,83,Hombre,9.2,107,63,73,0,0,-0.28,55,99,-2.23,36,0
1335,65,Mujer,7.4,154,45.1,209,1,0,-0.253,162,158,-4.64,36,0
1336,74,Mujer,7.2,136,43.2,212,0,1,-0.568,120,132,-2.15,36,0
1337,79,Hombre,6.8,125,43.5,27,0,0,0.184,32,132,-0.84,36,0
1338,59,Hombre,8.2,154,38.5,125,0,1,-0.25,97,136,-2.84,36,0
1339,69,Hombre,7.3,109,43,51,1,0,0.371,74,115,-2.78,36,0
1340,62,Hombre,8,145,52.7,203,1,1,-0.362,141,153,-1.44,36,0
1341,58,Hombre,7.6,149,50.1,44,0,0,-0.157,38,157,-0.53,36,0
1342,68,Hombre,8.8,155,47.5,21,1,0,0.422,32,149,-2.56,10.3,1
1343,61,Hombre,7.2,109,44.7,188,0,1,0.353,268,96,-2.11,36,0
1344,73,Hombre,8.9,125,44.1,453,1,0,-0.089,414,124,-3.68,36,0
1345,60,Hombre,8.1,154,62.6,93,0,1,0.239,118,146,-0.28,36,0
1346,54,Hombre,8.1,131,35.4,130,0,1,-0.139,113,123,-0.12,36,0
1347,69,Hombre,9.6,148,42.2,427,0,1,0.422,651,147,-3.46,36,0
1348,73,Hombre,7.2,131,40.7,96,1,1,-0.95,37,116,0.37,36,0
1349,49,Hombre,5.8,141,57.5,53,0,1,-0.391,36,147,0.17,36,0
1350,50,Mujer,6.9,135,52.3,17,1,0,0.467,27,137,-1.62,36,0
1351,65,Hombre,7.7,148,49.4,384,0,1,0.039,399,134,-1.14,36,0
1352,65,Hombre,6.4,140,45.1,511,0,0,0.763,1096,147,-5.16,36,0
1353,58,Hombre,7.7,138,50.1,42,0,0,0.52,71,136,-2.09,36,0
1354,79,Mujer,5.5,130,39.5,53,1,0,-0.356,37,128,-2.98,36,0
1355,48,Hombre,9.2,130,68.2,130,0,1,0.49,212,124,-0.13,36,0
1356,49,Mujer,8,156,46.9,450,0,1,0.017,458,157,-1.47,36,0
1357,60,Hombre,6.1,126,61.1,38,0,1,-0.194,31,129,0.37,36,0
1358,66,Hombre,10.9,133,42,464,1,1,-0.333,333,134,-2.5,36,0
1359,53,Mujer,8.3,119,58,10,0,0,0.285,13,110,-0.98,36,0
1360,74,Mujer,7.7,140,33.6,133,0,0,1.109,403,134,-5.32,15.73,1
1361,61,Hombre,7.1,134,43.4,1471,0,1,-0.316,1073,143,-3.03,36,0
1362,53,Hombre,7.6,148,39.3,125,0,0,1.096,374,152,-2.96,36,0
1363,54,Mujer,6.1,139,47,37,0,1,0.422,56,123,0.17,36,0
1364,55,Hombre,8.2,133,56.3,174,1,1,-0.031,169,127,-3.59,36,0
1365,68,Mujer,7.6,157,40.2,271,0,1,-0.274,206,164,-3.04,36,0
1366,54,Mujer,5.9,133,54,343,0,1,-0.524,203,100,-1.93,36,0
1367,64,Hombre,8.2,131,50.2,89,1,1,-1.339,23,131,-0.67,36,0
1368,51,Hombre,8.3,128,52,351,0,1,0.117,395,125,-3.05,36,0
1369,64,Mujer,10,113,50.9,119,1,1,-0.129,105,102,-0.76,36,0
1370,66,Mujer,9.2,151,41.1,50,0,0,0.385,73,144,-5.2,36,0
1371,77,Hombre,7.6,133,47.2,38,0,1,0.039,40,138,-1.41,36,0
1372,63,Mujer,6.5,148,57.4,60,1,0,0.583,108,164,-4.6,36,0
1373,72,Mujer,7.8,129,50.1,35,1,0,0.219,44,131,-3.54,36,0
1374,47,Mujer,8.7,143,29.9,365,0,0,0.155,426,136,-4.77,36,0
1375,67,Hombre,8.1,147,33.7,1019,0,0,-0.727,493,147,-1.76,36,0
1376,64,Mujer,6.4,139,51.9,84,0,0,0.314,115,147,-3.27,36,0
1377,77,Hombre,6.7,127,47.9,58,1,0,0.093,64,126,-1.52,36,0
1378,49,Hombre,8.1,126,29,667,0,1,-0.611,362,126,-1.01,36,0
1379,72,Hombre,8.7,134,51.9,164,0,0,0.245,210,148,-4.24,36,0
1380,60,Hombre,9.3,152,58.5,93,0,1,0.218,116,145,-3.01,36,0
1381,64,Mujer,7.2,114,54.9,32,0,1,-0.009,32,97,-0.62,36,0
1382,64,Hombre,8.8,152,40.4,859,1,1,-0.769,398,147,-2.48,36,0
1383,66,Hombre,7.9,131,65.5,22,0,1,0.045,23,119,-1.85,36,0
1384,58,Mujer,9.2,121,49.7,257,0,1,-0.966,98,118,0.43,36,0
1385,67,Mujer,11,133,37.1,64,0,0,0.022,65,137,-3.49,36,0
1386,68,Hombre,6.5,105,39.7,81,0,0,-0.04,78,120,-2.64,36,0
1387,62,Hombre,9.2,120,56.8,58,0,1,0.55,101,131,-3.84,36,0
1388,60,Mujer,8.5,140,68.7,41,0,0,0.75,87,148,-3.31,36,0
1389,84,Mujer,8.9,151,51.6,319,0,0,-0.229,254,157,-4.55,36,0
1390,52,Mujer,7.9,151,44.6,92,0,0,0.939,235,166,-2.97,9.92,1
1391,61,Mujer,9.2,130,61.3,570,0,1,-1.235,166,112,0.62,36,0
1392,70,Hombre,6.7,144,41.9,1302,1,1,-1.022,468,143,-2.2,36,0
1393,66,Hombre,7.5,112,55.7,23,1,0,-0.4,15,94,-0.15,36,0
1394,77,Hombre,8.1,144,34.2,673,0,1,-1.22,199,150,-0.88,25.05,1
1395,68,Mujer,10,161,48.3,139,0,0,0.627,260,160,-2.43,36,0
1396,71,Hombre,8,139,58.8,384,1,1,-0.838,166,141,-3.64,36,0
1397,74,Mujer,9.3,144,50.3,334,0,1,-0.455,212,147,-3.04,36,0
1398,49,Mujer,9.3,120,66.7,195,0,1,-0.899,79,117,-0.55,36,0
1399,63,Mujer,6.7,149,53.3,31,0,0,0.281,41,150,-1.22,36,0
1400,70,Hombre,7.8,148,37.3,62,0,1,0.351,88,150,-1.44,36,0
1401,80,Hombre,9.5,120,41.9,273,1,1,0.031,282,122,-4.34,36,0
1402,44,Mujer,8.1,131,52.1,499,0,1,-0.373,343,116,-0.4,36,0
1403,54,Hombre,7.4,129,42.9,62,1,1,-0.82,27,116,0.81,36,0
1404,74,Mujer,9,117,52.1,379,0,0,0.141,437,117,-4.09,36,0
1405,74,Mujer,9.2,140,60,144,1,0,0.033,149,138,-2.98,36,0
1406,59,Hombre,6.7,155,33.9,64,0,1,-0.116,57,157,-0.35,36,0
1407,48,Mujer,7.1,140,57.3,16,0,0,0.43,25,138,-1.69,36,0
1408,54,Hombre,7.4,125,45.6,25,0,0,0.644,48,128,-2.97,36,0
1409,79,Hombre,8.2,145,39.5,27,0,0,0.49,44,143,-6.33,36,0
1410,41,Hombre,6.8,135,63.7,313,0,1,-0.273,238,129,-2.99,36,0
1411,61,Mujer,5.5,143,44.9,107,0,0,0.099,118,140,-1.69,36,0
1412,70,Mujer,8.6,146,44,73,0,1,-0.069,68,141,-1.33,36,0
1413,63,Mujer,9,141,46.6,520,1,1,-0.057,491,130,-2.12,36,0
1414,64,Mujer,6.4,136,52.7,88,0,0,-0.282,66,148,-1.8,36,0
1415,80,Mujer,8.9,120,24.3,18,1,0,0.88,43,111,-4.48,24.18,1
1416,60,Hombre,10.1,146,56.9,362,0,0,0.665,704,136,-3.66,36,0
1417,66,Mujer,8.1,118,41.9,235,0,0,0.7,473,117,-3.81,36,0
1418,59,Hombre,7.9,152,49.5,169,1,1,-0.441,109,152,-3.51,36,0
1419,69,Mujer,6.3,127,52.2,309,0,0,-0.322,224,139,-2.14,36,0
1420,60,Hombre,8.9,145,51.6,30,0,1,-0.854,13,133,-1.53,36,0
1421,67,Hombre,8.4,128,52,191,0,0,0.215,237,139,-2.11,36,0
1422,63,Mujer,6.9,127,47,82,0,0,-0.032,79,130,-0.23,36,0
1423,88,Mujer,6.7,126,48.6,116,0,0,-0.024,113,136,-3.79,36,0
1424,81,Mujer,6.2,163,30.6,172,0,0,0.309,234,157,-3.29,36,0
1425,58,Hombre,8.6,127,36.1,387,0,1,-1.133,125,123,-0.76,36,0
1426,58,Hombre,5.5,117,45.5,14,0,0,-0.346,10,110,1.52,36,0
1427,50,Hombre,7.3,136,43.2,89,0,1,-0.46,56,132,-0.98,36,0
1428,53,Hombre,7.3,120,26.5,314,1,0,-0.58,176,116,-3.17,36,0
1429,44,Hombre,9.1,115,59.9,42,0,0,0.663,81,116,-1.68,36,0
1430,70,Hombre,5.5,154,44.7,44,1,1,0.398,66,145,-1.86,21.41,1
1431,54,Hombre,6.9,128,51.3,11,0,0,0.89,27,134,-0.49,36,0
1432,63,Mujer,6.3,141,53.6,174,0,0,0.589,314,139,-2.45,36,0
1433,82,Mujer,7.1,114,30.9,556,1,0,0.084,605,119,-4.84,36,0
1434,71,Hombre,6.9,136,44,64,0,0,0.555,111,142,-2.08,36,0
1435,51,Hombre,9.2,143,36.2,971,0,1,-0.607,529,139,-1.95,36,0
1436,56,Hombre,8.7,125,73.1,166,1,1,0.655,320,95,-3.16,36,0
1437,45,Hombre,7.8,126,61.4,296,0,1,0.738,619,112,-1.65,36,0
1438,52,Hombre,7.3,129,49.4,463,0,0,-0.045,443,128,-3.61,36,0
1439,79,Mujer,7.8,141,57.6,1037,1,0,-0.267,794,139,-2.9,36,0
1440,69,Mujer,7.6,136,39.4,190,0,1,-0.216,153,142,-1.57,36,0
1441,50,Hombre,6,142,55.8,30,0,0,0.212,37,154,-2.18,36,0
1442,70,Hombre,6.9,145,59.4,88,0,1,-0.663,45,140,-2.06,36,0
1443,71,Hombre,6.7,122,51.1,501,1,1,-0.511,301,108,-1.72,36,0
1444,53,Hombre,8.4,119,61.2,103,0,1,0.414,156,109,-2.06,36,0
1445,63,Hombre,6.4,135,43.9,11,1,1,0.088,12,129,-0.24,36,0
1446,65,Mujer,7.7,125,45.9,184,1,1,0.16,216,117,-3.24,36,0
1447,67,Mujer,8.6,127,39.8,222,0,0,-0.369,153,132,-1.84,36,0
1448,72,Hombre,9.2,158,56.7,28,1,1,0.04,29,146,-1.17,36,0
1449,69,Mujer,6.5,148,60.8,175,0,1,0.09,191,135,-0.45,36,0
1450,64,Mujer,8.4,144,48.2,141,0,1,-0.608,77,132,-2.82,36,0
1451,90,Hombre,7,135,46.9,247,0,0,0.244,315,156,-5.01,36,0
1452,63,Mujer,5.5,140,48.7,53,0,0,1.376,210,137,-1.56,36,0
1453,47,Hombre,7.1,133,58.3,535,0,1,-0.556,307,118,-2.19,36,0
1454,55,Mujer,9.2,140,44.2,665,0,1,-0.722,323,146,-1.78,36,0
1455,60,Mujer,8.5,131,63,36,0,1,0.213,45,131,-1.46,36,0
1456,73,Mujer,7.3,151,41.7,46,0,0,0.432,71,154,-2.68,36,0
1457,50,Hombre,7.8,141,36,103,0,1,0.339,145,121,-3.74,36,0
1458,50,Mujer,7.1,135,69.6,197,0,1,-0.437,127,120,-0.58,36,0
1459,61,Hombre,7.8,126,46.1,160,0,0,-0.189,132,130,-1.47,0.53,1
1460,70,Hombre,8.2,101,41.5,549,0,1,-1.175,170,78,1.16,36,0
1461,72,Mujer,6.6,145,40.5,399,1,0,-0.277,302,154,-2.86,36,0
1462,61,Hombre,8.1,172,56.4,48,0,0,0.373,70,185,-4.01,36,0
1463,55,Mujer,6.7,140,53.3,824,0,0,0.331,1148,144,-4.75,36,0
1464,86,Mujer,9.1,151,26.6,4694,1,0,-0.615,2537,150,-4.63,14.12,1
1465,69,Hombre,6.7,153,54.3,126,1,1,0.313,172,140,-2.35,36,0
1466,65,Mujer,6,112,59.6,102,0,1,0.109,114,126,0.36,36,0
1467,70,Mujer,7.9,112,39.9,141,1,1,-0.668,72,100,-1.43,36,0
1468,56,Hombre,8,100,44.6,327,0,1,-0.145,283,103,-2.5,36,0
1469,66,Hombre,7.5,135,36,108,0,0,0.164,127,137,-1.69,36,0
1470,69,Mujer,7.8,156,55.1,137,0,1,-1.106,45,159,-1.17,36,0
1471,57,Hombre,6.8,154,52.5,295,0,0,0.332,411,150,-3.36,36,0
1472,61,Hombre,7.7,100,61.6,83,0,0,0.114,93,100,-1.13,36,0
1473,70,Mujer,9.5,136,44.5,686,0,1,-0.332,492,131,-2.95,36,0
1474,48,Mujer,8.8,127,47.2,80,0,0,0.532,136,130,-3.31,36,0
1475,75,Mujer,9.3,129,58.4,56,1,0,0.343,79,128,-3.11,36,0
1476,62,Hombre,6.6,136,61.4,43,0,1,-0.21,35,118,-0.46,36,0
1477,58,Mujer,7.6,146,47.1,131,0,0,0.4,195,150,-2.25,8.25,1
1478,56,Hombre,5.8,140,38.8,225,0,1,-0.16,192,129,-0.21,36,0
1479,80,Hombre,9.1,167,35.7,45,1,0,-0.1,41,171,-2.96,13.71,1
1480,60,Mujer,7,123,24.1,134,0,0,0.191,162,126,-2.49,36,0
1481,64,Mujer,7.2,128,39.8,62,0,0,0.122,70,135,-1.2,36,0
1482,58,Hombre,7.4,128,41.1,126,0,0,-0.569,71,134,-0.14,36,0
1483,55,Hombre,8.9,150,43.7,457,1,0,-0.359,319,153,-4.8,36,0
1484,70,Mujer,6.2,142,35.4,193,0,0,0.013,196,146,-3.85,36,0
1485,63,Hombre,8.5,147,52.1,99,1,0,0.838,229,140,-5.06,36,0
1486,66,Hombre,7.1,146,36.6,333,0,0,0.221,415,133,-3.44,36,0
1487,57,Hombre,8.2,154,39.7,97,1,0,0.475,156,156,-2.83,36,0
1488,74,Hombre,7.5,107,45.4,50,0,0,-0.18,42,111,-1.81,36,0
1489,69,Mujer,8.1,152,43.4,483,0,0,0.249,620,162,-2.93,36,0
1490,68,Hombre,8.7,132,40.6,156,0,0,0.708,317,121,-2.83,36,0
1491,68,Hombre,6.4,159,37.3,299,0,1,0.176,357,153,-2.91,0.72,1
1492,76,Mujer,5.5,139,34,185,0,0,0.154,216,145,-2.72,36,0
1493,72,Hombre,7.4,150,55.6,74,0,0,0.315,101,155,-3.43,36,0
1494,59,Mujer,6.8,159,62.9,60,1,1,-1.262,17,154,-1.69,36,0
1495,68,Mujer,9.3,117,47.6,104,0,0,0.25,133,114,-4.53,36,0
1496,64,Hombre,7,132,57.9,115,1,0,-0.592,64,120,-1.76,36,0
1497,82,Hombre,8.3,109,37.2,123,1,1,-0.157,105,112,-2.92,36,0
1498,51,Mujer,5.8,146,39.1,199,0,1,-0.324,144,137,-1.36,36,0
1499,67,Hombre,8.1,148,57.2,466,0,1,-1.082,158,146,-1.73,36,0
1500,56,Mujer,9.7,133,53,96,0,0,0.764,206,127,-5.49,36,0
1501,46,Hombre,7.9,132,43.4,106,0,1,-0.18,89,133,-1.72,36,0
1502,59,Hombre,7.8,126,46.7,309,1,0,-0.534,181,132,-1.36,36,0
1503,54,Hombre,8,129,41.6,205,0,0,0.207,252,138,-1.61,36,0
1504,65,Mujer,6.4,133,55.8,142,0,0,0.022,145,127,-0.49,36,0
1505,68,Hombre,5.9,151,67.6,293,1,1,0.21,361,150,-3.66,2.48,1
1506,65,Mujer,8,156,59.3,311,0,0,0.826,710,161,-3.71,36,0
1507,64,Hombre,7.7,136,42.1,137,1,0,0.603,250,126,-3.3,36,0
1508,71,Hombre,6.4,156,46.3,75,0,0,-0.408,50,160,-1.3,36,0
1509,59,Hombre,6,152,57.5,122,0,0,0.468,195,152,-1.61,36,0
1510,37,Mujer,6.7,127,49.8,287,0,1,-0.138,250,116,0.58,36,0
1511,75,Hombre,6,129,30.1,247,0,0,-0.383,168,123,-1.85,31.17,1
1512,63,Mujer,8.9,121,53.8,162,1,1,0.02,165,119,-0.97,16.23,1
1513,71,Hombre,6,145,46.7,230,0,0,-0.701,114,144,-1.93,36,0
1514,69,Hombre,8.3,139,43.7,437,0,0,0.336,612,150,-2.84,7.75,1
1515,63,Hombre,9.7,129,59.5,87,0,0,1.115,265,127,-3.66,36,0
1516,71,Hombre,10.3,146,47.8,143,0,0,0.719,294,151,-5.38,36,0
1517,51,Hombre,10.6,145,35.3,1912,0,1,-0.036,1845,141,-3.17,33.71,1
1518,69,Mujer,8.8,115,37.2,68,0,0,-0.1,62,117,-3.45,36,0
1519,77,Hombre,8.8,143,46.5,61,1,1,-0.133,53,138,-3.18,36,0
1520,79,Hombre,7.5,129,45.8,26,0,0,0.54,45,136,-2.94,36,0
1521,59,Hombre,6.5,143,37.4,312,0,0,0.58,557,145,-5.35,36,0
1522,61,Hombre,7.9,143,36.4,636,0,0,0.578,1133,140,-4.04,36,0
1523,75,Mujer,7.7,121,46.1,94,0,1,-0.669,48,115,-1.31,36,0
1524,59,Hombre,9.1,116,66.8,235,1,1,-1.049,82,118,-1.04,36,0
1525,69,Mujer,7.8,130,49.7,124,1,1,-0.45,79,135,0.2,36,0
1526,62,Hombre,7.1,159,56.9,44,1,0,0.577,78,153,-5.53,36,0
1527,57,Mujer,7.8,136,36,127,0,0,0.887,308,128,-2.79,36,0
1528,65,Hombre,8.8,105,36.7,201,1,0,0.019,205,101,-1.39,36,0
1529,62,Hombre,7.4,124,53.8,159,1,0,0.258,206,134,-2.44,36,0
1530,60,Mujer,6.3,144,68.7,14,0,1,-0.452,9,145,0.01,36,0
1531,58,Hombre,6.8,119,51.9,179,0,0,-0.194,147,118,0.43,36,0
1532,71,Hombre,6.3,126,53.2,114,1,1,-0.824,50,123,-0.11,36,0
1533,82,Hombre,10.2,129,46.6,1029,0,0,-0.114,919,138,-3.19,36,0
1534,60,Mujer,10,115,56.6,188,0,0,0.021,192,141,-1.63,36,0
1535,52,Hombre,8.8,137,59.1,47,0,1,-0.418,31,124,-0.95,36,0
1536,55,Hombre,6.9,119,35.5,83,0,1,-0.061,78,106,-0.75,36,0
1537,66,Hombre,8.6,141,32.7,93,1,0,-0.067,87,153,-3.69,36,0
1538,64,Hombre,9.3,141,41.8,54,0,0,0.016,55,137,-3.22,36,0
1539,53,Hombre,8.6,149,55.8,103,1,1,-0.201,84,139,-2.42,36,0
1540,66,Mujer,8.8,113,36.3,239,1,0,0.564,420,110,-4.85,36,0
1541,63,Hombre,5.5,132,36.8,125,1,0,1.401,507,120,-4.73,36,0
1542,67,Hombre,6.9,128,33.2,489,0,0,0.004,491,114,-1.74,36,0
1543,63,Mujer,6.5,139,44.4,292,0,0,-0.238,230,140,-2.62,36,0
1544,49,Hombre,7.7,167,33.1,61,1,1,0.763,131,156,-3.09,36,0
1545,78,Mujer,5.6,140,20,288,1,0,0.24,366,128,-2.47,36,0
1546,78,Mujer,8.7,139,53.2,391,0,1,-0.488,240,121,-2.11,36,0
1547,64,Mujer,7.9,116,40.2,131,0,0,-0.244,103,119,0.42,36,0
1548,80,Hombre,9.2,136,46.4,156,0,0,0.019,159,137,-4.49,36,0
1549,73,Mujer,5.8,127,43.1,162,1,0,-0.653,84,126,-0.26,36,0
1550,54,Mujer,10,146,58.8,271,0,1,-0.426,177,136,-2.56,36,0
1551,72,Hombre,9.8,121,47.1,495,0,1,-0.23,393,122,-3.65,36,0
1552,53,Hombre,6.8,136,48.3,175,0,1,0.627,327,126,-1.88,36,0
1553,61,Hombre,10.1,142,67.1,134,1,1,-0.091,122,142,-4.31,36,0
1554,69,Mujer,9.6,139,27.6,127,0,0,0.952,329,143,-4.41,36,0
1555,77,Mujer,8.4,127,42.6,109,0,0,0.869,260,117,-2.52,36,0
1556,56,Mujer,8.5,124,58.1,106,0,0,-0.427,69,121,-0.06,36,0
1557,66,Hombre,8.2,129,52.7,252,0,1,-1.123,82,115,0.41,36,0
1558,76,Mujer,7.8,110,38.3,9,0,0,0.727,19,107,-1.25,36,0
1559,64,Hombre,8.8,131,51.3,464,0,0,0.808,1041,133,-4.15,36,0
1560,46,Mujer,8.9,145,39.3,49,0,0,0.618,91,157,-1.66,36,0
1561,73,Mujer,6.8,120,39.5,106,0,0,0.543,182,108,-2.17,36,0
1562,70,Hombre,7.5,145,48.9,338,1,1,-0.444,217,141,-3.24,36,0
1563,73,Mujer,8.8,143,50.5,64,0,0,1.399,259,141,-3.78,24.42,1
1564,63,Mujer,8.4,149,52.1,352,0,1,-0.343,250,144,-2.56,36,0
1565,76,Hombre,8.4,136,33.5,163,0,0,0.374,237,124,-3.48,36,0
1566,66,Mujer,6.6,142,43.2,155,0,0,0.665,301,134,-2.58,36,0
1567,64,Mujer,6.8,168,38.8,270,0,0,0.531,459,159,-3.46,36,0
1568,63,Mujer,8.7,139,49.8,120,1,1,-0.253,93,134,-2.28,36,0
1569,87,Hombre,6.2,119,33.7,125,0,0,0.025,128,122,-0.36,36,0
1570,72,Hombre,8.5,141,39.6,281,0,1,-0.161,239,132,-1.93,36,0
1571,40,Mujer,8.7,133,43.9,294,0,1,-0.136,257,128,-2.27,36,0
1572,59,Mujer,9.9,139,58.1,463,1,1,-0.182,386,133,-3.64,36,0
1573,72,Mujer,7.7,171,42.8,65,0,1,-0.335,47,165,-2.51,36,0
1574,58,Hombre,6.8,144,35.9,353,0,1,-1.021,127,135,-2.66,36,0
1575,56,Mujer,6.9,134,32,440,1,0,0.127,500,143,-2.88,36,0
1576,56,Mujer,8.8,164,41.6,137,0,0,0.742,288,164,-4.2,36,0
1577,68,Hombre,7.7,126,36.4,51,0,0,0.343,72,124,-3.72,36,0
1578,59,Hombre,9.5,149,50.6,408,0,1,-0.471,255,141,-2.03,36,0
1579,64,Hombre,8.4,135,38.6,176,0,1,-0.202,144,144,-1.38,36,0
1580,63,Mujer,7.8,124,46.4,452,0,0,-0.007,449,111,-3.15,36,0
1581,62,Hombre,10.3,147,51.8,68,0,1,-0.181,57,145,-1.29,36,0
1582,59,Mujer,9.2,128,53.3,59,1,0,-0.369,41,131,-1.8,36,0
1583,56,Hombre,8.5,117,59.6,13,0,0,1.045,37,121,-2.05,36,0
1584,79,Mujer,8.9,131,46.2,287,1,1,-1.381,72,118,-0.27,36,0
1585,73,Mujer,8,124,45.2,95,1,1,0.139,109,123,-1.02,36,0
1586,65,Hombre,7.4,110,45.8,89,0,1,-1.456,21,113,1.74,36,0
1587,65,Hombre,11.1,124,43.8,49,0,1,-0.001,49,116,-2.04,36,0
1588,66,Hombre,7.2,132,49.7,374,0,1,-0.075,347,139,-2.83,36,0
1589,82,Mujer,5.9,146,40.2,55,0,0,0.516,92,146,-4.82,36,0
1590,60,Mujer,7.4,128,56,252,0,1,-0.623,135,121,-2.47,36,0
1591,52,Hombre,8.8,125,37.8,324,1,0,0.525,547,116,-4.95,7.8,1
1592,65,Hombre,5.5,125,46.6,36,1,0,-0.007,36,114,-0.95,36,0
1593,70,Hombre,8.5,179,27.2,3955,1,1,-0.435,2559,165,-3.84,36,0
1594,65,Hombre,7.6,120,44.9,142,0,1,-0.183,118,126,-2.26,36,0
1595,60,Mujer,9.1,150,43.5,372,0,1,0.103,413,157,-4.78,36,0
1596,73,Hombre,7,118,38.1,147,0,0,-0.168,124,118,-1.46,36,0
1597,79,Hombre,8.8,129,34.4,29,1,0,0.337,41,131,-4.05,36,0
1598,65,Mujer,6.2,151,69.3,25,0,1,0.723,51,141,-3.04,36,0
1599,83,Mujer,7,132,43.9,34,0,0,-0.714,17,135,-1.46,36,0
1600,50,Hombre,6.1,115,55,45,1,1,-0.635,24,106,-0.08,36,0
1601,56,Hombre,7.6,122,55,108,0,1,-0.391,73,126,1.19,36,0
1602,75,Mujer,8,152,48.8,428,1,1,-0.364,298,136,-1.63,23.14,1
1603,58,Mujer,9,147,47.2,707,0,1,-0.88,293,143,-1.44,36,0
1604,76,Mujer,8.1,126,47.4,340,1,1,-0.78,156,107,-0.96,36,0
1605,57,Mujer,9.5,157,41.8,354,0,1,-0.333,254,154,-2.5,36,0
1606,76,Hombre,7.2,163,54.8,144,0,1,-0.411,95,162,-2.23,36,0
1607,60,Mujer,7.1,129,46.8,34,0,0,0.08,37,119,-1.43,36,0
1608,64,Mujer,8.2,155,44.6,232,1,0,-0.067,217,153,-4.1,36,0
1609,68,Hombre,8.1,113,54.4,42,0,0,0.337,59,118,-0.7,36,0
1610,52,Mujer,8.5,150,58.2,202,0,1,-0.21,164,143,-1.55,36,0
1611,64,Hombre,7.1,134,48.4,19,1,1,0.66,37,128,-0.84,36,0
1612,64,Mujer,9.6,158,39.3,529,0,1,-0.271,403,163,-2.7,36,0
1613,76,Hombre,9.3,151,42,476,0,1,-0.906,192,147,-3.07,36,0
1614,54,Mujer,9.9,133,23.8,1690,0,1,-0.955,651,136,-2.29,36,0
1615,77,Hombre,10.2,139,38.4,647,1,1,-0.763,302,112,-2.32,36,0
1616,63,Mujer,6.8,129,50.1,32,0,1,-0.576,18,122,-0.35,36,0
1617,60,Mujer,7.3,128,60.5,38,1,1,-0.042,36,118,-1.22,36,0
1618,73,Hombre,6.4,131,61.7,31,1,0,0.329,43,115,-2.87,36,0
1619,67,Hombre,5.9,134,54.3,225,0,1,-0.681,114,129,-0.19,36,0
1620,73,Hombre,9.1,136,47.8,320,1,1,-0.259,247,121,-2.52,36,0
1621,80,Mujer,9.4,110,52.1,153,1,1,0.563,269,93,-3.61,36,0
1622,63,Hombre,7.2,125,62,153,0,1,0.449,240,118,-0.56,36,0
1623,46,Mujer,8.2,155,48.3,104,0,1,-0.085,96,156,-1.95,36,0
1624,59,Hombre,8.4,141,33.5,26,0,0,0.062,28,129,-3.07,36,0
1625,62,Mujer,6,138,45.6,88,0,0,0.577,157,143,-3.29,36,0
1626,65,Hombre,7.6,108,46.9,185,1,1,-0.335,132,99,-0.62,36,0
1627,48,Mujer,8,145,63.2,53,0,0,-0.188,44,144,-2.67,36,0
1628,57,Hombre,8.1,114,39.1,54,0,0,-0.106,49,121,-3.15,36,0
1629,59,Hombre,8.1,127,42.8,562,0,0,-0.53,331,144,-2.68,36,0
1630,62,Mujer,7.6,121,52.6,43,0,1,0.463,68,104,-1.97,36,0
1631,58,Mujer,8.5,144,64.4,108,0,1,-0.312,79,126,-3.09,36,0
1632,59,Mujer,7.7,123,42.3,833,0,1,0.411,1257,119,-4.91,36,0
1633,82,Mujer,7.2,136,42.7,180,0,0,0.223,225,148,-4.71,36,0
1634,62,Mujer,7.6,147,48,122,0,0,-0.087,112,146,-2.38,36,0
1635,51,Mujer,5.5,121,52.4,62,0,0,-0.593,34,114,-1.69,36,0
1636,53,Mujer,9.5,141,42.5,64,1,0,-0.059,60,146,-3.23,36,0
1637,64,Hombre,7.5,148,36.2,48,0,0,-0.198,39,153,-2.87,36,0
1638,83,Hombre,7.4,113,43.9,92,1,0,-0.714,45,117,-1.25,36,0
1639,70,Mujer,7.7,125,31.7,163,0,0,0.293,218,107,-4.7,36,0
1640,51,Mujer,8.7,133,49.8,164,0,0,-0.183,137,128,-2.47,36,0
1641,63,Mujer,5.5,149,40.5,54,1,0,0.194,66,154,-3.2,36,0
1642,56,Mujer,7.8,121,51.2,44,0,0,0.157,51,125,-0.46,36,0
1643,53,Hombre,6.3,153,52.1,139,1,0,0.756,296,156,-3.35,36,0
1644,65,Mujer,7.9,119,38.1,87,1,0,-0.3,64,119,-2.06,36,0
1645,88,Hombre,6.1,151,41.9,822,1,0,0.347,1164,149,-4.36,36,0
1646,78,Mujer,7.5,166,46.5,462,1,1,-0.494,282,139,-2.94,36,0
1647,50,Hombre,6.8,113,42.3,38,0,0,0.037,39,99,-2.39,36,0
1648,68,Mujer,8.2,137,67.2,9,0,0,-0.15,8,124,-0.1,36,0
1649,70,Mujer,7,152,52.5,129,0,0,0.561,226,149,-4.01,36,0
1650,73,Hombre,7.3,109,47.4,111,0,0,0.682,220,102,-2.21,36,0
1651,68,Mujer,6.3,144,53,441,1,0,0.192,534,135,-3.46,36,0
1652,79,Hombre,7.4,136,33.4,42,0,0,0.468,67,147,-3.87,36,0
1653,51,Mujer,8.8,135,60.8,397,0,1,0.59,716,134,-3.93,36,0
1654,72,Mujer,7,114,50.3,90,0,0,0.557,157,121,-2.68,36,0
1655,61,Hombre,7.4,133,43.8,36,1,1,-0.709,18,125,0.07,36,0
1656,59,Hombre,6.9,142,49.7,72,0,1,-0.701,36,145,-1.11,36,0
1657,75,Hombre,9.1,151,34.7,82,0,0,-0.111,73,155,-4.9,36,0
1658,85,Hombre,8,119,48.6,91,0,1,-0.123,80,108,-0.31,36,0
1659,68,Hombre,6.7,143,63.8,105,0,1,0.59,189,121,-1.45,36,0
1660,72,Mujer,7.8,124,29.3,1087,1,1,-0.542,632,115,-1.8,20.23,1
1661,60,Hombre,6.4,127,33.5,134,0,0,0.604,245,134,-1.29,36,0
1662,67,Mujer,8.6,174,57.7,178,0,1,0.598,324,178,-3.45,36,0
1663,50,Mujer,9.6,136,56.6,878,0,1,-0.4,589,122,-2.66,36,0
1664,66,Mujer,6.5,127,44.4,13,0,1,0.216,16,107,-1.35,36,0
1665,79,Mujer,6.9,141,32.5,129,0,0,-0.669,66,139,-2.03,36,0
1666,78,Hombre,6.1,125,45.9,277,0,0,-0.285,208,120,-0.57,36,0
1667,63,Hombre,7.2,124,46.1,127,1,0,-1.394,32,124,-0.16,36,0
1668,65,Hombre,8.5,147,25,108,0,0,0.639,205,143,-3.24,6.61,1
1669,50,Mujer,7.1,127,41.5,18,0,0,0.988,48,125,-2.93,36,0
1670,43,Hombre,5.6,128,41.5,163,1,1,-0.821,72,148,-1.58,36,0
1671,70,Mujer,6.8,144,49.7,233,0,0,0.629,437,129,-4.01,36,0
1672,56,Hombre,5.5,129,51,65,0,0,-0.602,36,133,2.46,36,0
1673,65,Hombre,7.9,135,50,63,0,0,0.191,76,139,-4.26,36,0
1674,70,Mujer,6.5,124,34.5,79,0,0,0.91,196,128,-3.73,36,0
1675,79,Hombre,5.6,144,41.1,149,1,1,-0.324,108,147,-1.96,36,0
1676,77,Hombre,8.5,130,36,456,0,0,0.212,564,125,-3.6,36,0
1677,74,Hombre,7.1,157,46.8,153,0,0,0.16,180,154,-3.74,36,0
1678,61,Hombre,8,138,56.1,52,0,0,0.533,89,145,-1.36,36,0
1679,75,Hombre,8.2,133,61,190,0,1,-0.457,120,104,-1.29,36,0
1680,55,Mujer,8.8,133,55.4,47,0,0,0.209,58,132,-1.4,36,0
1681,55,Hombre,8.8,138,43.9,302,0,1,-0.077,280,134,-1.42,36,0
1682,52,Hombre,7.2,125,53.5,146,1,1,-0.407,97,118,-2.32,36,0
1683,64,Hombre,5.5,149,53.1,171,0,0,0.12,193,136,-3.06,36,0
1684,70,Hombre,6.9,121,40,40,1,1,0.424,61,117,-1.73,36,0
1685,75,Mujer,6.7,144,48.6,290,0,0,-0.166,246,146,-3.48,36,0
1686,74,Mujer,6.4,155,27.3,301,0,0,-0.167,255,153,-1.58,36,0
1687,66,Mujer,7,134,58.3,32,0,0,0.158,37,119,-1.86,36,0
1688,61,Hombre,7.7,141,55.7,228,0,0,0.515,382,137,-2.8,36,0
1689,64,Mujer,7.4,157,43.6,91,0,1,0.321,126,161,-2.5,25.12,1
1690,70,Hombre,6.1,123,28.8,162,0,0,0.613,299,116,-3.97,36,0
1691,75,Mujer,8.1,149,38.2,55,1,0,0.768,119,155,-5.29,36,0
1692,57,Hombre,7.5,157,45.4,18,0,0,0.47,29,148,-3.4,36,0
1693,53,Hombre,8.8,140,39.8,273,1,0,0.524,461,133,-3.88,36,0
1694,44,Hombre,6.7,156,53.2,290,0,1,0.319,399,160,-3.11,36,0
1695,51,Hombre,7.8,133,54.3,177,0,1,0.148,205,127,-2.34,36,0
1696,57,Mujer,7.5,127,54.6,101,0,0,0.049,106,119,-1.38,36,0
1697,58,Mujer,6.9,104,41.1,49,0,0,-0.366,34,113,-0.83,36,0
1698,66,Hombre,6.1,131,53.6,86,0,0,0.449,135,134,-1.45,36,0
1699,56,Mujer,8.1,130,42.8,137,1,0,0.338,192,147,-3.57,36,0
1700,61,Hombre,7.7,105,46,207,0,1,-0.664,107,100,0.47,20.83,1
1701,54,Hombre,8.2,135,61.6,358,0,1,-0.334,256,128,-0.68,36,0
1702,53,Hombre,8,151,52.1,981,0,1,-1.32,262,149,-1.16,36,0
1703,61,Hombre,7.3,132,62.9,182,0,1,-0.619,98,126,0.5,36,0
1704,50,Hombre,10.7,144,37.2,338,0,1,-0.147,292,141,-2.78,36,0
1705,57,Hombre,7.9,146,44.2,295,0,1,-0.204,240,137,-1.52,36,0
1706,88,Mujer,8.3,148,39.3,541,0,1,-0.632,288,152,-2.21,36,0
1707,66,Hombre,7.4,128,38.7,39,1,0,0.204,48,120,-2.55,36,0
1708,58,Mujer,8.2,149,34.1,769,0,1,-0.951,297,151,-1.23,36,0
1709,63,Hombre,7.8,129,62.7,172,0,0,0.287,229,142,-1.49,36,0
1710,71,Hombre,6.1,131,37.6,74,1,0,0.378,108,111,-1.7,36,0
1711,67,Mujer,7.8,141,20,553,0,0,0.277,729,127,-3.26,36,0
1712,62,Mujer,8.1,161,43.7,496,0,1,-0.154,425,146,-2.74,33.67,1
1713,50,Hombre,7.6,136,55.8,84,0,1,0.105,93,130,-0.23,36,0
1714,61,Hombre,8.3,113,45.9,247,0,1,-0.764,115,96,0.08,36,0
1715,75,Hombre,6.4,138,41.5,156,1,0,0.453,245,133,-3.88,36,0
1716,65,Hombre,7.9,151,35.9,192,1,0,-0.363,134,153,-4.4,36,0
1717,68,Hombre,7.7,162,50.6,259,1,1,-0.27,198,141,-3.61,36,0
1718,65,Hombre,6.1,138,54.4,143,0,1,-0.638,76,137,-0.47,36,0
1719,70,Hombre,7.5,133,38.3,72,0,0,-0.388,49,131,-2.25,36,0
1720,83,Mujer,9.4,149,50.5,728,0,1,-0.135,636,150,-3.14,36,0
1721,69,Hombre,8.6,114,44.5,57,0,1,-0.211,46,117,0.66,36,0
1722,49,Mujer,7.8,95,59.8,68,0,1,0.002,68,83,0.65,36,0
1723,67,Mujer,8.5,152,37.8,170,0,1,-0.759,80,156,0.32,36,0
1724,60,Hombre,7,135,33.2,200,1,1,0.538,342,123,-3.4,36,0
1725,65,Mujer,6.8,154,45.4,102,0,0,0.271,134,156,-2.16,4.29,1
1726,58,Hombre,6.1,129,63.4,220,0,1,-0.273,167,118,0.34,36,0
1727,77,Hombre,7.1,119,30.8,91,0,0,0.52,153,122,-3.48,36,0
1728,64,Hombre,6.8,145,46.5,40,0,0,-0.094,36,148,-1.86,36,0
1729,69,Hombre,8.3,149,41.5,616,0,0,-0.429,401,164,-3.68,36,0
1730,60,Hombre,8.2,141,59.4,60,1,0,0.373,87,139,-3.96,36,0
1731,89,Hombre,8.8,152,30,62,1,0,0.828,142,143,-6.57,36,0
1732,63,Hombre,7.2,133,42.6,146,0,0,-0.133,128,117,-2.34,36,0
1733,68,Hombre,11,132,42.7,180,1,0,-0.462,113,142,-4.07,36,0
1734,61,Hombre,8.6,120,39.3,85,1,0,0.309,116,127,-1.75,36,0
1735,59,Hombre,7.5,143,49,72,1,1,0.202,88,145,-2.13,36,0
1736,65,Mujer,7.1,148,41,330,0,1,-1.302,90,151,-2.39,36,0
1737,76,Mujer,7.9,134,50,51,1,1,-0.143,44,125,-1.74,36,0
1738,80,Mujer,8.6,118,52.3,81,1,0,-0.136,71,142,-3.21,36,0
1739,62,Hombre,6.3,140,48.2,65,1,0,-0.01,64,131,-1.76,36,0
1740,64,Mujer,9.8,149,49.4,719,0,1,0.013,728,151,-3.73,36,0
1741,76,Hombre,8.9,144,37.5,176,0,0,0.129,200,146,-4.66,36,0
1742,79,Mujer,7,123,44.5,34,1,0,-0.121,30,123,-1.09,36,0
1743,60,Hombre,6.9,125,39.5,19,0,0,0.124,22,118,0.15,36,0
1744,62,Mujer,8.6,152,25.4,48,1,0,0.832,110,167,-4.66,36,0
1745,76,Hombre,8.4,117,75,79,0,0,0.475,127,117,-1.87,36,0
1746,68,Mujer,8.3,164,50.7,139,0,0,0.2,170,148,-2.42,36,0
1747,55,Mujer,6.4,141,61.5,67,0,1,0.528,114,134,-3.26,36,0
1748,72,Hombre,7.7,123,31.3,79,0,0,-0.011,78,115,-2.86,36,0
1749,36,Mujer,7.9,152,53,357,0,1,-0.293,266,135,-0.96,36,0
1750,73,Hombre,8.8,135,38.1,466,1,0,-0.508,280,134,-2.93,36,0
1751,69,Mujer,7.8,128,50.8,1404,1,0,-0.258,1085,120,-3.4,36,0
1752,69,Mujer,8.6,150,37.9,122,0,1,-0.092,111,159,-4,36,0
1753,70,Mujer,8.1,144,37,134,0,0,0.364,193,158,-6.15,36,0
1754,60,Mujer,7.8,136,37.3,287,0,0,0.221,358,133,-3.94,36,0
1755,63,Hombre,7.6,140,38.5,645,1,1,-0.4,432,131,-3.23,36,0
1756,55,Mujer,10.4,132,55.1,686,0,1,0.277,905,131,-3.33,26.54,1
1757,50,Hombre,9.1,129,67.2,51,0,0,0.489,83,124,-2.74,36,0
1758,70,Hombre,6.6,139,42.1,111,0,0,0.314,152,145,-3.03,36,0
1759,53,Hombre,6.4,108,30.7,133,0,0,-0.087,122,111,-1.96,36,0
1760,77,Mujer,5.7,144,44.4,80,0,0,-0.469,50,139,-2.93,36,0
1761,76,Hombre,7.5,126,26.8,86,0,0,0.175,102,131,-2.39,36,0
1762,61,Hombre,6.3,129,41.7,25,0,0,0.446,39,106,-2.53,36,0
1763,66,Mujer,8.2,121,31.8,467,0,1,-0.029,454,115,-4.75,36,0
1764,79,Hombre,6.8,123,49,52,0,0,0.245,66,126,-0.36,36,0
1765,65,Mujer,6.8,116,42.5,128,0,1,-0.072,119,111,-1.94,36,0
1766,70,Hombre,5.9,149,50.1,16,1,0,0.834,37,144,-2.87,36,0
1767,71,Mujer,8.6,180,28.6,730,1,1,0.814,1647,168,-5.53,31.49,1
1768,78,Hombre,6.7,147,56,222,1,0,-1.304,60,133,0.1,36,0
1769,61,Mujer,9.1,128,46.7,48,0,1,-0.41,32,106,0.26,36,0
1770,65,Mujer,8.3,125,49.9,353,0,1,-0.348,249,132,-1.79,36,0
1771,59,Mujer,9,106,43.2,102,0,1,-0.725,49,104,0.78,36,0
1772,50,Mujer,8.8,122,54.9,14,0,0,0.214,17,129,-1.08,36,0
1773,42,Mujer,7.3,143,60,70,0,1,0.299,94,140,-1.56,36,0
1774,56,Hombre,7.5,149,53.1,232,0,1,0.019,236,136,-1.4,36,0
1775,65,Hombre,8.1,130,35.7,1202,0,1,-0.874,501,123,-2.13,36,0
1776,57,Hombre,8.4,155,46.3,165,1,0,0.83,378,160,-5.04,36,0
1777,64,Hombre,8.6,106,50.2,483,0,1,-0.5,293,97,-1.58,36,0
1778,66,Mujer,8.8,134,27.1,64,0,0,-0.047,61,125,-2.82,36,0
1779,74,Hombre,7.5,122,51.4,271,0,0,0.037,281,120,-3.37,36,0
1780,46,Mujer,8.1,135,56.2,49,0,1,-0.847,21,132,-1.66,36,0
1781,86,Hombre,8.9,141,33.7,220,1,1,-0.303,163,131,-3.78,36,0
1782,65,Hombre,8.6,146,33.1,162,0,1,-1.155,51,135,-1,36,0
1783,74,Hombre,7.5,154,32.5,137,0,1,-0.628,73,147,-1.95,36,0
1784,46,Mujer,7.3,164,47.5,109,1,1,0.289,146,157,-4.17,31.4,1
1785,80,Mujer,8,132,52.5,394,1,1,-0.273,300,127,-1.79,36,0
1786,65,Hombre,9.9,147,48.6,264,0,1,-0.223,211,144,-2.59,36,0
1787,59,Hombre,7,148,50.1,793,0,1,-1.482,180,137,0.06,36,0
1788,58,Hombre,6.3,122,37.7,26,0,0,-0.493,16,116,2.54,36,0
1789,63,Hombre,8.1,142,61.9,119,0,1,-1.375,30,139,-1.11,36,0
1790,56,Hombre,5.8,136,40.4,84,0,0,0.329,117,150,-1.03,36,0
1791,57,Hombre,7.5,130,50.7,320,0,0,0.278,423,126,-0.9,36,0
1792,46,Mujer,8.7,125,63,102,0,0,-0.466,64,106,-0.24,36,0
1793,61,Hombre,8.3,115,39.6,210,0,0,0.067,225,119,-3.38,26.88,1
1794,54,Hombre,7.2,143,38.7,104,1,1,0.347,147,144,-2.84,36,0
1795,52,Mujer,9,130,50.1,94,1,1,-0.526,56,116,-1.27,36,0
1796,57,Mujer,9.7,130,40.5,193,0,1,-0.46,122,110,-2.29,36,0
1797,72,Hombre,8.6,134,43.6,39,0,0,0.305,53,129,-2.07,36,0
1798,57,Hombre,7.1,134,55.7,71,0,1,-0.696,35,136,0.03,36,0
1799,80,Hombre,9.5,141,31.5,187,0,0,0.523,316,135,-4.91,36,0
1800,86,Hombre,6.1,130,33.7,43,1,0,0.24,55,138,-3.61,36,0
1801,48,Mujer,7.6,136,75,301,1,1,-0.287,226,130,-0.72,36,0
1802,58,Hombre,9.5,129,42.7,78,1,0,0.193,95,126,-3.62,36,0
1803,63,Mujer,7.3,149,52.3,765,0,0,0.427,1172,158,-2.48,36,0
1804,57,Mujer,8.9,124,56.8,489,1,1,0.93,1240,109,-2.83,36,0
1805,78,Mujer,11.2,140,54.7,882,0,1,-0.057,833,126,-4.23,3.97,1
1806,66,Hombre,6.5,129,63.6,103,0,0,-0.285,77,144,0.09,36,0
1807,56,Mujer,7,143,66.3,68,0,1,0.257,88,132,-1.55,36,0
1808,59,Hombre,7.4,146,50.4,438,0,1,-0.241,344,136,-1.06,36,0
1809,53,Mujer,7.3,130,28.2,138,0,1,-0.955,53,129,-2.32,36,0
1810,59,Hombre,8.8,118,30,102,1,1,-0.257,79,112,-2.04,36,0
1811,75,Hombre,6.9,126,52.1,174,0,1,-0.146,150,120,-2.49,36,0
1812,54,Hombre,7.5,142,60.1,161,0,0,0.769,347,157,-3.99,36,0
1813,70,Mujer,7.1,148,46.7,111,0,0,-0.202,91,144,-2.76,36,0
1814,61,Hombre,7,132,43.7,28,0,0,0.631,53,122,-2.84,36,0
1815,48,Mujer,7.5,111,50.2,96,0,1,-0.385,65,98,-1.2,36,0
1816,56,Mujer,7.4,142,53.9,90,0,0,0.646,172,135,-2.47,36,0
1817,47,Mujer,6.9,137,56,63,0,0,0.212,78,140,-2.02,36,0
1818,83,Mujer,8.7,128,46.3,52,0,0,-0.765,24,135,-0.04,36,0
1819,67,Mujer,6.1,115,34.8,57,0,0,0.24,72,105,-3.55,36,0
1820,65,Hombre,6.1,140,39.8,158,0,0,0.889,384,142,-4.37,36,0
1821,64,Hombre,9.7,140,38.9,200,0,0,-0.265,153,140,-1.82,36,0
1822,66,Hombre,7.6,152,45.8,156,0,0,0.655,300,152,-4.44,1.27,1
1823,61,Hombre,8.9,141,44,169,0,1,-0.623,91,126,-2.6,36,0
1824,60,Hombre,6.5,145,42.4,371,0,1,0.213,459,143,-3.74,36,0
1825,55,Mujer,8.4,122,62,593,0,1,-0.09,542,111,-2.14,36,0
1826,62,Mujer,9,112,50.6,115,0,0,-0.14,100,117,-2.19,36,0
1827,63,Hombre,6.8,129,40.1,11,0,0,-0.002,11,134,0.08,36,0
1828,54,Hombre,6.4,143,59.1,274,1,1,-0.514,164,133,-1.27,36,0
1829,65,Hombre,7.6,116,46.6,55,1,1,0.392,81,121,-0.97,36,0
1830,51,Hombre,8.4,123,38.1,139,0,0,0.132,159,127,-2.68,36,0
1831,66,Mujer,5.7,129,40.7,49,0,0,-0.468,31,136,-0.09,36,0
1832,63,Hombre,8.5,154,51.7,142,0,0,0.197,173,169,-2.11,36,0
1833,73,Mujer,7.8,136,42.3,323,0,0,0.73,671,138,-3.36,36,0
1834,64,Mujer,7.5,140,53.2,51,0,1,-0.586,28,126,-0.74,36,0
1835,69,Mujer,7,136,58.9,18,0,0,0.379,26,132,-1.26,36,0
1836,78,Mujer,6.7,116,20,107,0,0,0.015,109,109,-3.33,36,0
1837,67,Hombre,8.3,161,40.1,114,0,0,1.157,362,163,-3.34,36,0
1838,73,Mujer,6.7,147,34.6,726,0,0,-0.129,638,163,-2.52,36,0
1839,61,Hombre,8.3,136,59,260,0,1,0.441,404,135,-2.35,36,0
1840,59,Hombre,6.8,127,45.4,310,0,0,-0.241,244,121,-0.44,36,0
1841,61,Hombre,6.9,122,35.7,257,0,0,-0.23,204,114,-2.31,36,0
1842,55,Mujer,7.1,130,59.7,37,0,0,0.416,56,121,-1.58,36,0
1843,66,Hombre,9.4,122,47.4,96,0,1,-0.261,74,110,-2.81,36,0
1844,67,Mujer,8.4,131,48.6,589,0,1,-0.398,396,121,-1.38,36,0
1845,54,Hombre,7.8,137,39.7,199,0,0,0.334,278,134,-3.33,36,0
1846,63,Hombre,7.5,141,44.8,63,1,1,-0.869,26,129,-2.35,36,0
1847,68,Hombre,7,173,56.9,36,0,0,-0.206,29,163,-2.72,36,0
1848,58,Mujer,7.3,118,43.5,33,0,0,0.165,39,108,-0.95,34.64,1
1849,54,Mujer,5.9,112,42,29,0,0,-0.456,18,120,-0.17,36,0
1850,65,Hombre,7,126,49.3,57,0,1,0.029,59,109,-1.96,36,0
1851,50,Hombre,9.4,133,56.2,196,0,1,-0.507,118,134,-2.55,36,0
1852,76,Hombre,9,143,53.1,353,0,1,-1.23,103,128,0.19,36,0
1853,63,Hombre,7.1,111,31.8,61,1,0,-0.219,49,123,-1.43,36,0
1854,54,Mujer,7.7,168,40.6,101,0,0,0.376,147,168,-2.45,36,0
1855,59,Mujer,7.1,168,37.5,408,0,1,-0.342,290,165,-1.84,36,0
1856,71,Mujer,6.2,115,32.7,69,0,1,-1.037,24,117,1.25,36,0
1857,61,Hombre,7.7,136,44.7,220,0,1,0.863,521,139,-1.68,36,0
1858,63,Mujer,7.8,144,25.8,80,0,0,-0.002,80,140,-3.11,36,0
1859,70,Mujer,6.9,164,43.7,117,0,0,0.624,218,151,-2.75,32.12,1
1860,73,Hombre,11.3,156,40.2,445,1,1,-0.044,426,164,-5.31,1.89,1
1861,60,Mujer,7.2,128,55.7,198,1,0,0.316,272,120,-2,36,0
1862,69,Mujer,8.8,150,44.7,36,1,0,0.239,46,146,-5.21,36,0
1863,64,Mujer,8.9,154,62.1,194,0,1,-0.437,125,161,-1.59,36,0
1864,66,Mujer,6.4,124,48.7,153,0,0,0.255,197,123,-3.49,36,0
1865,67,Hombre,6.6,158,45.3,131,0,1,-0.619,71,148,-0.95,36,0
1866,69,Mujer,7.6,136,59.5,61,1,1,0.734,127,137,-2.69,36,0
1867,66,Hombre,10.1,120,53.6,162,0,1,-0.112,145,106,0.04,36,0
1868,60,Hombre,7.8,123,48.9,60,1,0,0.103,66,124,-0.42,36,0
1869,67,Mujer,7.5,126,49.6,80,1,1,0.307,109,118,-2.35,36,0
1870,66,Mujer,8.1,148,39.4,180,0,1,-0.708,89,147,-3.49,36,0
1871,68,Hombre,7.7,132,51.8,121,1,1,-0.141,105,126,-1.65,36,0
1872,61,Hombre,8.7,120,54.5,52,0,1,0.613,96,108,-4.4,36,0
1873,67,Mujer,10.1,103,57.8,44,0,0,0.637,83,101,-1.46,36,0
1874,61,Hombre,8.9,126,32.7,389,0,0,-0.219,313,117,-3.03,36,0
1875,66,Hombre,8.6,125,43,67,1,0,0.684,133,132,-2.6,36,0
1876,55,Mujer,10.1,118,49.1,97,0,1,-0.23,77,107,-0.99,36,0
1877,83,Hombre,6.7,111,28.2,11,1,1,-0.248,9,108,1,36,0
1878,66,Mujer,6.2,136,65.3,31,0,0,0.139,36,132,0.34,36,0
1879,63,Hombre,6.8,125,48.5,276,0,1,-0.548,160,119,-3.29,36,0
1880,52,Hombre,7.6,131,61.7,27,0,0,0.626,51,120,-3.29,36,0
1881,63,Mujer,7.4,135,44.1,239,0,1,-0.234,189,112,-2.46,36,0
1882,66,Mujer,8.9,125,37.1,109,1,1,-0.933,43,121,-1.08,36,0
1883,67,Hombre,7.2,147,45.1,67,1,1,-0.026,65,139,-1,36,0
1884,63,Mujer,7.3,133,45,72,1,1,0.138,83,138,-1.21,36,0
1885,63,Hombre,7.5,141,52,53,0,0,0.503,88,151,-2.05,36,0
1886,68,Hombre,8,146,45.4,130,1,1,0.474,209,136,-4.87,36,0
1887,73,Hombre,7.8,155,40.2,250,0,0,-0.223,200,167,-4.26,23.56,1
1888,58,Mujer,5.5,137,41,140,0,0,0.382,205,120,-1.19,36,0
1889,62,Mujer,7.4,129,48.4,37,1,0,0.482,60,130,-3.68,36,0
1890,54,Hombre,8.8,153,61.2,95,0,1,0.155,111,138,-2.03,36,0
1891,59,Hombre,9.6,136,58.6,187,0,1,-0.64,99,123,0.62,36,0
1892,52,Hombre,6.4,137,54.6,47,0,0,0.482,76,128,-1.5,36,0
1893,57,Hombre,7.6,133,56.4,36,0,0,0.492,59,120,-0.76,36,0
1894,75,Mujer,6.3,137,58.1,37,0,1,-0.263,28,134,-0.14,36,0
1895,73,Hombre,7,150,46.2,334,1,0,-0.415,221,135,-2.14,36,0
1896,59,Mujer,11.2,125,44.3,308,0,0,0.075,332,118,-3.56,36,0
1897,66,Hombre,8.7,145,28.1,249,1,0,-0.491,152,147,-3.77,36,0
1898,66,Hombre,10.1,145,42.1,215,0,1,0.012,217,136,-1.84,36,0
1899,85,Mujer,7.9,130,32.6,50,0,0,-0.114,45,143,-2.02,36,0
1900,51,Hombre,8.6,105,53.4,392,0,1,-0.315,286,86,-0.25,36,0
1901,61,Mujer,8.7,161,48.1,202,0,1,0.893,493,146,-1.26,36,0
1902,66,Hombre,5.9,145,48.6,144,0,1,-0.969,55,145,2.56,36,0
1903,56,Hombre,6.9,140,45.5,47,0,0,0.418,71,141,-1.57,36,0
1904,64,Hombre,7.4,134,50,56,0,1,0.526,95,131,-2.38,36,0
1905,54,Mujer,8.2,121,48.7,23,0,0,0.172,27,118,-1.48,36,0
1906,62,Hombre,7.8,121,43.3,90,1,1,-0.455,57,121,-1.16,36,0
1907,74,Mujer,7.1,125,32.6,727,0,0,0.238,922,124,-3.42,36,0
1908,64,Mujer,9,160,42.2,236,0,0,0.62,439,161,-3.9,7.45,1
1909,65,Mujer,6,139,40.2,50,1,1,0.25,64,129,-3.13,36,0
1910,63,Hombre,8,116,52.4,100,1,1,-0.62,54,124,-1.31,36,0
1911,54,Mujer,9.3,119,48.7,123,1,1,0.384,181,118,-2.7,36,0
1912,41,Hombre,7,135,55.9,28,0,1,-0.524,17,129,0.4,36,0
1913,67,Mujer,9,122,48.9,105,0,1,-0.355,74,119,0.27,36,0
1914,54,Mujer,9.3,120,51.9,473,0,0,0.069,507,121,-3.76,36,0
1915,37,Mujer,7.1,146,63.7,147,0,1,-0.647,77,142,-0.23,36,0
1916,62,Hombre,8.3,127,50.3,139,0,0,0.098,153,125,-2.55,36,0
1917,53,Hombre,8.6,148,65.8,79,0,1,0.685,157,147,-1.55,36,0
1918,64,Mujer,6.1,130,49.4,13,0,0,0.451,20,137,-0.45,36,0
1919,61,Hombre,7.9,137,61.5,73,0,1,-0.402,49,132,0.63,36,0
1920,65,Hombre,7.8,159,46.1,60,0,0,0.755,128,165,-3,36,0
1921,74,Mujer,7.2,146,39,22,1,0,0.275,29,140,-4.45,13.45,1
1922,54,Mujer,6.8,153,49.9,19,0,0,0.301,26,154,-2.03,36,0
1923,71,Mujer,6,116,45.9,25,0,0,0.428,38,101,-2.26,36,0
1924,63,Mujer,10.8,144,51.8,218,1,0,-0.085,200,150,-5.74,36,0
1925,58,Mujer,8.2,154,53,49,0,0,0.87,117,161,-4.2,36,0
1926,57,Hombre,7.8,153,62.2,251,1,1,-0.335,179,141,-1.32,36,0
1927,59,Mujer,8.7,122,30.8,525,0,1,-0.236,415,115,-1.25,36,0
1928,58,Hombre,8.9,111,37.7,88,1,1,-0.74,42,100,-1.34,36,0
1929,51,Hombre,7.3,135,47.1,150,0,1,0.145,173,123,-0.8,36,0
1930,58,Mujer,7.3,157,44,213,0,1,-0.534,125,143,-1.63,36,0
1931,69,Mujer,6.2,141,58.4,29,1,0,-0.384,20,141,-2.42,36,0
1932,61,Hombre,9.7,137,46,85,0,1,-0.63,45,131,0.65,36,0
1933,56,Mujer,8.9,111,45.8,169,0,0,0.363,243,113,-3.2,36,0
1934,69,Hombre,9,120,53.8,47,0,0,0.543,81,119,-3.8,36,0
1935,55,Mujer,7.4,150,53.9,30,1,1,-0.044,29,141,-1.9,36,0
1936,57,Hombre,9.1,130,49.9,152,0,1,1.034,427,134,-2.51,36,0
1937,66,Hombre,5.9,136,42.4,182,0,0,-0.592,101,127,-0.79,36,0
1938,59,Mujer,6.4,116,50.9,85,1,1,0.073,91,122,-0.67,36,0
1939,65,Mujer,7.1,135,33.3,86,0,0,1.036,242,138,-4.7,36,0
1940,53,Hombre,7,152,58.4,62,0,0,0.256,80,150,-1.51,36,0
1941,58,Mujer,8.8,134,29.9,94,0,0,0.248,120,125,-1.41,36,0
1942,74,Hombre,8.8,144,56.7,352,0,0,0.49,575,149,-3.43,36,0
1943,63,Mujer,7.8,134,40.4,139,0,0,-0.512,83,137,-2.92,36,0
1944,72,Mujer,7.1,127,46.3,145,1,0,-0.026,141,131,-2.69,36,0
1945,54,Mujer,7.7,145,50.2,327,1,1,0.416,496,136,-2.65,36,0
1946,54,Hombre,10.6,138,48.3,939,0,1,-0.728,453,139,-3.01,36,0
1947,63,Mujer,6.7,112,57.6,19,0,0,0.711,39,116,-3.61,36,0
1948,73,Hombre,9.8,148,45.3,270,1,0,0.096,297,143,-3.8,36,0
1949,55,Hombre,8.5,127,57.4,156,0,1,-0.398,105,133,0.69,36,0
1950,58,Hombre,8.8,144,57.5,40,0,0,-0.238,32,152,0.46,36,0
1951,72,Mujer,8.2,151,45.8,188,0,1,-0.032,182,155,-2.48,7.02,1
1952,69,Mujer,5.5,146,55.3,75,0,1,-0.449,48,131,-0.54,36,0
1953,62,Mujer,9.5,140,52.3,675,1,1,-0.228,538,124,-3.83,36,0
1954,63,Mujer,8,133,30.1,150,0,0,-0.313,110,129,-1.87,36,0
1955,71,Hombre,9.7,137,52.3,323,1,1,-0.102,292,126,-2.75,29.64,1
1956,82,Mujer,8.5,118,35.3,89,1,0,0.045,93,127,-3.47,36,0
1957,65,Hombre,6.8,141,47.1,313,1,0,-0.808,140,142,-1.36,36,0
1958,69,Hombre,7.7,130,45.7,92,0,0,-0.495,56,118,-4.16,36,0
1959,65,Hombre,8.3,129,46.2,58,0,1,-0.269,44,132,0.42,36,0
1960,69,Hombre,6.6,155,45.3,147,0,0,0.661,285,167,-2.52,7.27,1
1961,70,Hombre,7.2,116,51.8,96,0,0,-0.187,80,105,-1.56,36,0
1962,65,Hombre,7.8,130,49.4,353,0,0,-1.011,128,137,0.96,36,0
1963,68,Hombre,8.6,148,51.3,527,1,1,-0.542,306,143,-2.69,36,0
1964,69,Hombre,7.3,119,34.7,73,0,1,-0.437,47,103,0.54,36,0
1965,78,Mujer,7.6,98,48.1,90,0,0,0.383,132,103,-2.8,36,0
1966,75,Hombre,8.9,134,41.8,95,0,0,-0.061,89,134,-3.52,36,0
1967,47,Mujer,5.5,136,36.9,179,0,0,0.438,277,139,-1.4,36,0
1968,58,Mujer,8.5,129,55.5,165,0,1,-0.505,100,124,-0.26,7.23,1
1969,89,Hombre,7.3,115,30.8,41,1,0,-0.772,19,114,-2.44,36,0
1970,72,Hombre,8.1,155,59.3,17,1,1,-1.099,6,154,0.66,36,0
1971,45,Mujer,7.7,133,44.9,159,0,1,0.061,169,136,-0.52,36,0
1972,67,Mujer,9.9,142,43.3,213,1,0,-0.667,109,141,-2.81,36,0
1973,62,Mujer,8.1,128,22.9,84,0,0,0.258,109,136,-2.28,36,0
1974,78,Hombre,8.3,140,27,97,0,0,0.853,228,134,-4.88,36,0
1975,58,Hombre,10.1,143,31.1,137,0,0,-0.122,121,140,-3.15,36,0
1976,60,Mujer,6.7,159,38.7,459,1,0,-0.579,257,149,-3.11,36,0
1977,80,Mujer,6.7,118,52.2,186,0,0,-0.058,176,125,-1.07,36,0
1978,57,Mujer,5.5,144,45.8,270,1,1,-0.685,136,141,0.25,36,0
1979,59,Mujer,5.5,139,48.2,9,0,0,-0.284,7,125,0.98,36,0
1980,53,Hombre,9,126,56.4,60,0,1,-0.602,33,112,-0.07,36,0
1981,55,Hombre,8.6,125,42.7,378,0,1,-0.318,275,117,-0.7,36,0
1982,51,Hombre,9,121,61,82,1,1,0.162,96,112,-2.37,36,0
1983,68,Hombre,8.6,123,45.4,21,0,0,0.087,23,123,-1.16,36,0
1984,59,Hombre,7.7,160,50.3,72,0,1,0.194,87,151,-1.08,36,0
1985,74,Mujer,6.3,143,38.6,89,1,0,0.787,196,144,-3.24,36,0
1986,60,Mujer,6.3,143,36.7,37,1,1,0.207,46,124,-2.38,36,0
1987,64,Hombre,6.8,143,53.7,173,0,1,-1.322,46,133,-2,36,0
1988,57,Hombre,7.9,134,35.3,436,0,0,0.28,577,142,-3.96,36,0
1989,69,Hombre,7.2,148,36,30,0,0,0.421,46,150,-3.76,8.94,1
1990,80,Hombre,7.7,141,38.9,67,0,0,0.15,78,145,-2.71,36,0
1991,67,Hombre,8.6,134,36.3,334,0,0,-0.404,223,139,-2.96,36,0
1992,72,Hombre,7.8,116,39.3,92,0,1,-0.658,48,106,-1.73,36,0
1993,64,Mujer,8.9,161,50,946,0,1,-0.441,609,149,-2.5,12.32,1
1994,64,Hombre,9.6,134,38.5,40,0,0,0.15,46,133,-2.26,36,0
1995,56,Hombre,8.5,119,55.4,879,0,1,-1.114,288,102,-1.17,36,0
1996,54,Hombre,8.9,138,41.5,87,0,1,0.222,109,139,-2.58,36,0
1997,48,Mujer,6.1,133,60.3,129,0,0,0.031,133,127,-0.25,36,0
1998,55,Hombre,7.3,136,39.3,86,0,0,-0.006,85,143,-1.06,36,0
1999,70,Mujer,7.1,153,42.6,167,0,0,0.748,353,149,-1.28,36,0
2000,69,Hombre,8,132,46.6,912,0,1,-0.762,426,120,0.07,36,0
2001,66,Hombre,9.4,153,50.6,199,1,1,-0.309,146,142,-4.04,36,0
2002,66,Hombre,9,147,40.9,576,1,1,0.725,1190,153,-3.42,36,0
2003,65,Hombre,10,136,36.5,73,0,0,1.104,220,137,-3.33,36,0
2004,56,Mujer,8.1,148,42.8,14,0,0,0.516,23,155,-2.56,36,0
2005,58,Mujer,8.3,153,52.8,325,0,1,0.175,387,147,-2.86,36,0
2006,70,Hombre,7.4,121,57.6,91,1,1,-0.371,63,107,-0.61,36,0
2007,61,Mujer,7,125,34.4,100,0,0,0.949,258,139,-3.47,36,0
2008,66,Mujer,8.9,127,33.6,433,0,0,0.613,799,150,-4.6,36,0
2009,59,Hombre,8.1,122,38.4,98,0,0,-0.71,48,132,-1.3,36,0
2010,49,Mujer,10.3,146,52.9,437,0,1,-0.287,328,160,-1.6,36,0
2011,75,Mujer,10.5,148,37.7,174,0,0,0.58,311,142,-5.4,36,0
2012,63,Mujer,7.7,158,46,73,0,0,-0.375,50,152,-5.8,36,0
2013,61,Mujer,7.8,125,32,125,0,0,0.356,178,134,-3.08,36,0
2014,68,Hombre,6.5,166,38.8,27,0,0,0.208,33,146,-1.13,36,0
2015,85,Hombre,6.7,148,41.5,88,0,0,-0.105,79,151,-2.88,36,0
2016,64,Hombre,8.4,135,34.7,34,0,1,0.239,43,126,-0.2,36,0
2017,78,Hombre,8.5,147,42,130,0,0,-0.127,114,133,-2.17,36,0
2018,73,Hombre,8.6,120,44.6,77,1,0,0.177,92,130,-1.96,36,0
2019,59,Mujer,7.8,128,22.6,87,0,0,-0.026,85,122,-2.14,36,0
2020,70,Mujer,8,104,55.5,20,0,0,0.542,34,103,-0.59,36,0
2021,66,Mujer,7.3,119,39.9,54,0,0,-1.037,19,113,0.39,36,0
2022,72,Mujer,9.2,150,32,479,0,0,0.55,831,156,-5.63,36,0
2023,71,Hombre,8.5,150,48.4,105,0,0,0.216,130,144,-3.2,36,0
2024,60,Mujer,7.2,116,48.2,100,0,1,-0.393,68,116,0.78,36,0
2025,49,Hombre,8.2,155,34,138,0,1,-0.535,81,160,-0.89,36,0
2026,68,Hombre,7,125,48.5,69,1,0,0.099,76,122,-3.67,36,0
2027,67,Hombre,9.3,160,43.6,91,1,1,-0.053,86,149,-3.85,36,0
2028,58,Mujer,9,141,47.6,266,0,1,-0.234,210,134,-1.41,36,0
2029,70,Hombre,5.7,142,54.7,72,0,1,-0.159,61,139,0.84,36,0
2030,62,Hombre,8.6,110,44,122,0,0,-0.977,46,109,1.08,36,0
2031,80,Hombre,11.1,183,40.4,130,0,0,-0.639,69,185,-6.07,36,0
2032,66,Mujer,9.3,155,32.6,292,1,1,0.089,319,150,-3.84,36,0
2033,60,Hombre,5.9,131,53.4,104,1,0,-0.129,91,130,-2.03,36,0
2034,77,Mujer,6.8,124,54.5,13,0,0,0.412,20,138,-1.38,36,0
2035,42,Hombre,7.6,95,50,135,0,1,-1.019,49,80,1.17,36,0
2036,62,Mujer,8.1,123,37.8,439,0,0,-0.431,285,113,-2.47,36,0
2037,72,Hombre,8.2,131,46.6,131,0,0,0.197,159,118,-2.91,36,0
2038,64,Hombre,7.5,136,43.6,34,0,1,-0.99,13,125,0.4,36,0
2039,64,Mujer,9.5,139,36.9,2358,0,0,0.343,3324,148,-4.04,36,0
2040,70,Hombre,7.2,121,36.5,94,0,0,-0.563,54,128,-3.8,36,0
2041,51,Hombre,7.5,129,37.9,29,0,0,0.341,41,129,-2.09,36,0
2042,59,Hombre,10.2,160,43,421,1,1,-0.5,255,140,-3.62,36,0
2043,60,Hombre,6.6,130,54.5,321,0,1,-0.205,261,114,-1.02,36,0
2044,60,Hombre,8.8,116,49.3,122,1,1,-0.562,70,113,-1.86,36,0
2045,73,Hombre,6.3,143,37.7,185,0,0,-0.041,178,160,-3.51,36,0
2046,59,Hombre,8.1,95,39.6,40,0,0,0.862,95,80,-2.03,36,0
2047,62,Hombre,8.3,114,52,43,0,0,-0.647,23,116,-1.24,36,0
2048,56,Mujer,6.6,148,64.5,16,0,1,1.289,58,147,-2.66,36,0
2049,48,Hombre,6.5,117,55.9,104,0,0,-0.17,88,125,-0.77,36,0
2050,82,Mujer,6.9,149,57.4,34,0,0,-0.699,17,144,-1,36,0
2051,70,Hombre,5.7,149,41.8,114,0,0,-0.295,85,146,-3.94,36,0
2052,61,Hombre,5.9,116,42.6,67,1,1,-0.159,57,111,0.2,36,0
2053,69,Mujer,9.4,126,56.1,269,0,0,-0.638,142,126,-1.3,36,0
2054,64,Hombre,8,148,33.3,183,1,0,0.532,311,163,-4.55,36,0
2055,60,Hombre,7.7,161,54,139,0,0,-0.399,93,170,-1.68,36,0
2056,55,Hombre,7,126,40.7,131,1,1,-0.37,90,110,-1.36,36,0
2057,60,Mujer,7.7,147,38.8,44,0,0,0.678,87,153,-2.59,36,0
2058,49,Hombre,8,116,45.6,82,0,1,-0.202,67,101,-1.24,36,0
2059,47,Hombre,6.7,122,60.5,17,0,0,0.382,25,127,-0.68,36,0
2060,47,Hombre,6.9,139,49.2,67,0,0,0.018,68,141,-0.77,36,0
2061,56,Mujer,9.1,173,56.3,338,0,1,-0.146,292,159,-2.81,36,0
2062,63,Hombre,9.3,131,30.6,343,0,0,0.055,362,122,-3.53,36,0
2063,54,Hombre,6.6,101,49.7,426,0,0,-0.259,329,96,0.38,36,0
2064,74,Hombre,6.9,133,48.9,130,0,0,-0.081,120,134,-1.84,36,0
2065,58,Mujer,6.7,107,51.2,101,0,1,-0.541,59,102,0.55,36,0
2066,56,Hombre,7.3,153,37.7,346,0,0,0.146,401,148,-3.12,36,0
2067,65,Mujer,7.2,139,41.3,57,0,0,-0.121,51,151,-3.59,36,0
2068,63,Hombre,7.6,155,62.2,125,0,1,-0.643,66,154,-0.97,36,0
2069,53,Mujer,7,140,32.8,75,0,0,0.752,159,144,-1.64,36,0
2070,75,Mujer,5.7,136,32.8,208,1,0,0.323,287,137,-5.28,36,0
2071,64,Mujer,6.3,122,53.8,111,1,1,-0.688,56,112,-0.13,36,0
2072,75,Hombre,8.2,124,44.3,183,1,0,-0.342,130,127,-1.5,36,0
2073,70,Hombre,7.1,133,45.6,156,1,0,-0.315,114,139,-2.28,36,0
2074,72,Hombre,8.5,136,50.9,34,0,1,0.554,59,127,-1.89,36,0
2075,53,Mujer,8.2,139,46.4,460,0,1,-0.45,293,123,-1.74,36,0
2076,57,Mujer,7.5,119,36.7,111,1,0,-0.082,102,127,-2.58,36,0
2077,61,Mujer,7.3,111,48.5,49,0,0,0.008,49,117,0.69,36,0
2078,49,Mujer,8.4,161,48,20,1,0,0.43,31,148,-1.62,36,0
2079,69,Mujer,7.8,135,60.4,121,0,0,0.142,139,138,-3.17,36,0
2080,67,Hombre,7.5,107,32.2,27,0,0,0.124,31,112,-0.85,36,0
2081,64,Mujer,9.8,151,52.8,147,0,0,0.495,241,128,-3.38,36,0
2082,48,Mujer,6.9,119,43.8,306,0,0,-0.747,145,105,0.65,36,0
2083,59,Hombre,8.3,134,48.1,188,1,0,0.876,452,136,-5.84,36,0
2084,70,Mujer,8.4,138,35.8,178,0,0,-0.393,120,143,-1.61,36,0
2085,58,Hombre,7.9,119,44.7,38,0,0,0.895,93,110,-2.42,36,0
2086,63,Mujer,7.2,138,41.3,18,0,1,-0.009,18,126,-0.28,36,0
2087,65,Hombre,8.4,154,44,547,0,1,-0.068,511,151,-4.32,36,0
2088,76,Mujer,9.2,158,49.7,915,0,0,-0.511,549,158,-3.08,36,0
2089,64,Hombre,8.7,132,43.1,199,0,1,0.339,279,131,-1.56,36,0
2090,60,Hombre,9.2,107,46.4,193,1,1,0.401,288,110,-2.95,36,0
2091,68,Mujer,8.3,101,52.4,67,0,1,0.404,100,80,0.75,36,0
2092,55,Hombre,7.9,118,50.3,30,0,1,-0.258,23,113,-0.62,36,0
2093,37,Hombre,7.9,159,46.2,38,0,0,-0.041,36,166,-1.55,36,0
2094,63,Hombre,7.1,136,61,34,1,1,-0.507,20,130,0.67,36,0
2095,56,Hombre,8.1,115,54.5,113,1,0,0.042,118,106,-1.36,10.85,1
2096,56,Hombre,8.3,110,42.6,94,0,1,-0.599,52,111,-0.09,36,0
2097,78,Mujer,8.6,150,36,1269,1,1,-0.214,1025,152,-5.67,34.66,1
2098,70,Hombre,7.5,119,43.1,124,1,0,-0.559,71,126,-2.11,36,0
2099,73,Mujer,8.3,153,49.4,95,0,1,-0.135,83,135,-2.03,36,0
2100,80,Hombre,6.7,153,47.3,280,0,1,-0.608,152,139,-0.92,36,0
2101,54,Mujer,7.6,134,61.8,103,0,0,-0.11,92,138,-2.46,36,0
2102,64,Hombre,7.2,156,46.6,311,0,1,-0.386,211,139,-2.13,36,0
2103,74,Hombre,6.2,146,53.5,341,0,1,-0.001,341,146,-2.8,36,0
2104,67,Hombre,7.4,147,55.5,373,1,1,-0.968,142,146,-1.46,36,0
2105,59,Mujer,6.6,116,40,134,0,0,-0.387,91,127,0.26,36,0
2106,63,Mujer,7.5,149,45.9,29,0,0,0.053,31,150,-2.27,26.81,1
2107,52,Hombre,7.2,141,52.2,90,0,0,0.364,129,136,-3.9,36,0
2108,73,Mujer,7.4,156,32.3,36,1,0,0.09,39,160,-4.58,36,0
2109,72,Mujer,7.3,129,56.6,121,0,1,-0.28,91,123,-1.6,36,0
2110,57,Mujer,8.8,152,44.2,176,0,1,-0.586,98,153,-2.76,36,0
2111,79,Hombre,7.7,148,35.9,1026,0,1,-0.822,451,132,-1.96,11.37,1
2112,77,Mujer,7.3,127,49.9,1981,1,1,-0.197,1627,118,1.05,36,0
2113,49,Mujer,8.8,110,54.3,313,0,1,-0.401,210,101,-0.02,36,0
2114,81,Mujer,5.5,129,24.4,200,1,0,-0.011,198,132,-4.46,36,0
2115,61,Mujer,7.2,117,48.1,133,0,1,-0.513,80,100,0.11,36,0
2116,78,Hombre,6.2,162,42.3,101,0,1,0.076,109,156,-2.52,36,0
2117,47,Hombre,7.2,120,43.5,110,0,1,-1.24,32,113,-1.76,36,0
2118,64,Hombre,7.1,149,52.6,41,0,1,0.29,55,150,-0.77,36,0
2119,65,Mujer,8,132,52.6,212,0,1,0.037,220,118,0.4,36,0
2120,60,Hombre,8.5,125,53.3,108,0,0,-0.225,86,130,-1.04,36,0
2121,69,Hombre,7.7,170,49.6,846,0,1,-0.773,390,166,-2.64,36,0
2122,55,Hombre,7.9,128,66.4,158,0,0,-0.777,73,143,0.86,36,0
2123,61,Hombre,8.8,119,41.8,123,0,0,-0.161,105,106,-2.28,36,0
2124,54,Hombre,10.2,146,48.9,118,1,1,-0.295,88,141,-2.56,36,0
2125,66,Mujer,6.3,115,55,242,0,1,-0.477,150,115,0.33,36,0
2126,62,Hombre,7,149,44.2,49,0,0,-0.348,35,156,-2.29,36,0
2127,63,Hombre,8.3,124,67.7,147,1,1,0.1,162,115,-1,36,0
2128,71,Mujer,8.3,137,49.9,49,1,1,0.053,52,131,-2.72,36,0
2129,59,Hombre,8,134,49.8,44,1,0,0.074,47,140,-0.71,36,0
2130,61,Hombre,10.6,147,41.9,976,0,1,-0.111,874,141,-2.97,36,0
2131,64,Mujer,7,164,45.7,113,0,0,-0.536,66,166,-2.51,36,0
2132,62,Hombre,6,125,52.4,53,1,1,-0.561,30,129,-0.9,36,0
2133,73,Mujer,6.8,128,37.8,1031,0,0,0.03,1062,124,-5.47,36,0
2134,74,Mujer,8.4,130,59.8,10,0,0,0.114,11,121,-0.97,6.19,1
2135,83,Hombre,6.8,139,49.7,157,0,0,-0.161,134,153,-3.72,36,0
2136,61,Mujer,8.3,164,47.9,233,0,1,0.007,235,168,-2.72,36,0
2137,81,Mujer,8.3,159,29.4,44,0,0,-0.134,38,139,-2.45,22.1,1
2138,66,Hombre,6.5,132,27.2,274,0,0,-0.906,111,132,-0.31,36,0
2139,44,Mujer,6,143,38.2,44,0,0,0.616,82,140,-3.77,36,0
2140,49,Mujer,8.2,131,51,11,0,0,0.402,16,124,-1.66,36,0
2141,52,Mujer,6.9,110,43.6,42,0,1,-0.461,26,112,1.87,36,0
2142,52,Hombre,10.7,154,44.7,113,0,0,0.422,172,153,-2.82,36,0
2143,66,Hombre,7.4,135,54.2,194,1,0,0.132,221,128,-0.55,36,0
2144,80,Mujer,8.4,129,30.4,22,0,0,-0.444,14,126,-1.71,36,0
2145,67,Hombre,9.2,113,40.9,406,1,1,-0.734,195,109,-3.3,36,0
2146,60,Hombre,6.1,148,61.6,94,0,1,-0.089,86,136,-0.55,36,0
2147,56,Hombre,7.6,137,30.2,54,0,0,0.205,66,141,-1.89,36,0
2148,78,Mujer,6.1,137,44.3,9,0,0,0.886,22,136,-3.02,36,0
2149,58,Hombre,8.2,155,62.6,219,0,0,-0.13,192,165,-1.26,36,0
2150,72,Hombre,8.5,141,54.1,100,0,1,-0.34,71,128,0.05,36,0
2151,52,Mujer,9.7,133,49.3,72,0,1,-0.231,57,118,-1.98,36,0
2152,58,Hombre,7.1,127,49.1,57,0,1,-0.554,33,129,-0.11,36,0
2153,49,Hombre,7.3,128,41.8,151,0,0,0.099,167,122,-1.45,36,0
2154,58,Hombre,8.9,140,44.7,86,0,1,0.296,116,127,0.36,36,0
2155,75,Hombre,8.8,132,60.5,133,1,0,-0.089,122,129,-2.44,36,0
2156,60,Mujer,9.5,148,43.6,503,0,1,-0.601,276,150,-1.82,36,0
2157,70,Mujer,12,137,56.4,654,0,0,0.166,772,141,-5.78,36,0
2158,46,Hombre,7.1,143,64.2,30,0,0,-0.197,25,142,-0.65,36,0
2159,61,Mujer,6.9,106,42.9,29,0,0,0.307,39,95,-0.61,36,0
2160,63,Hombre,8.4,111,54.8,331,0,1,-0.437,214,98,-0.18,36,0
2161,57,Hombre,7.3,132,63,25,1,0,-0.177,21,127,-1.16,36,0
2162,70,Mujer,7.7,157,60.7,159,0,0,-0.014,157,148,-3.53,36,0
2163,53,Hombre,9,106,65.1,173,0,1,-0.406,115,89,0.31,36,0
2164,67,Mujer,8.3,150,45.7,514,1,1,-0.862,217,146,-2.19,36,0
2165,67,Hombre,6.1,144,49,32,0,0,0.697,64,138,-4,36,0
2166,71,Mujer,10.2,136,47.7,348,0,1,0.182,417,128,-3.27,36,0
2167,75,Hombre,8.5,95,39.5,179,0,0,-1.23,52,96,-1.06,36,0
2168,74,Hombre,6.9,118,32.5,78,1,1,-0.187,65,104,-3.49,36,0
2169,76,Hombre,6.3,122,36.8,448,1,0,-0.212,362,119,-2.55,36,0
2170,67,Hombre,7,123,26.7,178,0,0,0.094,195,119,-3.47,36,0
2171,53,Mujer,8,122,34,255,0,0,-1.061,88,116,0.15,36,0
2172,74,Hombre,7.1,141,48.1,115,0,0,-0.466,72,154,-1.7,36,0
2173,81,Mujer,7.9,139,44.3,99,1,1,-0.229,79,133,-3.32,36,0
2174,68,Hombre,7.8,142,48.6,508,1,1,0.063,541,140,-2.68,16.2,1
2175,57,Mujer,8.7,155,54.8,28,0,0,0.447,44,162,-2.49,36,0
2176,67,Hombre,9.5,157,50.5,149,0,1,0.116,167,142,-2,36,0
2177,59,Mujer,8.1,157,52.5,159,0,1,0.174,189,168,-0.9,36,0
2178,66,Hombre,7.8,135,48.7,63,1,0,0.076,68,132,-2.46,36,0
2179,66,Hombre,5.5,153,38.8,166,1,0,0.181,199,148,-3.19,21.49,1
2180,44,Mujer,7.1,116,66.3,304,0,1,-0.561,173,112,-1.04,36,0
2181,81,Hombre,9.6,132,30.2,793,0,1,-0.668,407,131,-2.71,36,0
2182,70,Mujer,7.3,132,38.8,85,0,0,-0.022,83,143,-2.55,15.6,1
2183,70,Mujer,9.1,143,38.3,21,0,0,-0.065,20,152,-0.49,36,0
2184,59,Hombre,9.2,137,47.6,96,1,0,0.123,109,132,-4.46,36,0
2185,55,Hombre,8.2,144,42.2,13,0,0,1.361,51,147,-4.16,36,0
2186,75,Mujer,7.3,150,48.4,278,0,0,0.342,391,140,-2.93,4.25,1
2187,49,Hombre,8.9,125,44.1,447,0,1,-0.567,254,111,-0.17,36,0
2188,76,Hombre,8,121,50,89,1,0,0.886,216,134,-3.76,36,0
2189,45,Mujer,9.7,143,46.1,159,0,1,0.59,287,132,-3.46,36,0
2190,69,Hombre,7.3,126,52.3,201,1,0,0.196,245,116,-4.1,36,0
2191,53,Hombre,8.9,128,48.4,90,0,0,0.014,91,120,-0.71,36,0
2192,55,Mujer,9.4,143,46.8,87,0,1,0.28,115,138,-2.52,36,0
2193,55,Hombre,6.4,108,53.6,139,1,0,0.005,140,107,1.16,36,0
2194,66,Hombre,8.8,158,52,179,1,1,-1.12,58,144,-0.11,36,0
2195,77,Hombre,6.6,111,42,199,1,0,-0.39,135,107,-3.28,36,0
2196,66,Hombre,8.6,145,36.8,151,0,1,0.74,317,152,-3.33,36,0
2197,76,Hombre,7.7,154,46.1,110,0,1,0.116,124,157,-2.36,36,0
2198,69,Hombre,7.4,136,52.4,25,0,0,-0.125,22,147,-1.93,36,0
2199,39,Hombre,6.5,134,46.3,53,0,0,0.737,111,143,-1.26,36,0
2200,66,Hombre,9,164,54.9,54,0,1,-0.349,38,149,0.53,36,0
2201,57,Mujer,7,115,63.6,14,0,1,0.618,26,108,-0.81,36,0
2202,75,Hombre,6.3,145,55.1,100,1,0,0.391,148,146,-3.37,36,0
2203,51,Mujer,7.8,165,50.4,34,0,1,-0.517,20,159,-1.21,36,0
2204,56,Mujer,7.9,150,43,137,0,0,-0.074,127,142,-0.86,36,0
2205,62,Mujer,9.4,142,46.3,150,1,0,0.554,261,128,-4.3,36,0
2206,74,Mujer,9.1,129,38.6,230,1,0,-0.162,196,138,-2.45,36,0
2207,61,Mujer,7.4,155,48.8,97,1,1,-0.226,77,145,-2.88,36,0
2208,75,Hombre,7,143,59,183,0,0,0.76,391,135,-2.45,36,0
2209,72,Hombre,8.6,159,41.3,96,0,0,-0.025,94,165,-1.87,36,0
2210,71,Hombre,7.6,136,47.4,340,0,1,0.447,532,118,-3.11,36,0
2211,40,Hombre,7.4,121,50,284,0,0,-0.429,185,127,-1.21,36,0
2212,62,Hombre,8.4,124,46.9,177,0,0,-0.186,147,135,-1.66,36,0
2213,65,Hombre,9,123,48,785,0,0,0.607,1440,139,-4.43,9.12,1
2214,76,Hombre,6.5,138,40.6,30,0,0,-0.4,20,149,-1.13,36,0
2215,66,Mujer,6.1,120,44.4,105,0,1,-0.078,97,124,-2.31,36,0
2216,68,Mujer,6.4,142,41.1,150,0,1,-0.662,77,127,-0.72,36,0
2217,72,Mujer,6.7,137,49.1,18,0,0,0.728,37,127,-1.04,36,0
2218,68,Mujer,7.3,168,48,165,0,0,-0.014,163,159,-2.96,36,0
2219,55,Hombre,8.1,143,64.2,67,0,0,1.358,261,146,-4.6,36,0
2220,48,Mujer,7.4,111,70.7,68,0,1,-0.739,32,87,0.04,36,0
2221,56,Mujer,8,156,46.1,88,0,0,0.639,167,145,-2.13,36,0
2222,46,Mujer,8.9,136,56.1,102,0,1,0.136,117,133,-0.72,36,0
2223,49,Mujer,6.2,137,46.6,157,0,1,-0.729,76,128,-0.77,36,0
2224,65,Hombre,7.5,114,53.2,30,0,1,-0.56,17,109,1.65,36,0
2225,65,Hombre,7.9,130,47.9,57,1,0,0.352,81,126,-3.63,36,0
2226,54,Hombre,5.5,147,50.9,64,0,1,-0.635,34,151,-0.6,36,0
2227,67,Hombre,7.4,147,29.4,391,1,0,-0.18,327,145,-3.5,36,0
2228,57,Mujer,8.7,122,56.2,221,0,1,0.431,340,124,-1.17,36,0
2229,73,Hombre,10.5,148,34.4,405,0,0,-0.008,402,141,-3.88,23.02,1
2230,54,Hombre,9.2,135,40.2,123,0,0,-0.153,106,130,-1.67,36,0
2231,69,Hombre,7.3,139,53.8,62,0,1,-0.152,53,136,-0.6,36,0
2232,55,Hombre,7.7,140,31.5,61,0,0,1.362,238,146,-4.14,36,0
2233,62,Hombre,7.6,135,45.3,46,0,1,-0.519,27,124,-0.65,36,0
2234,49,Hombre,10.8,117,44.9,167,1,1,-0.946,65,115,-0.02,36,0
2235,56,Mujer,7.2,131,57,208,0,1,-0.227,166,139,-1.59,36,0
2236,81,Mujer,7.9,134,45.5,208,0,1,-0.298,154,136,-2.7,36,0
2237,59,Mujer,8.4,152,47.2,281,0,1,-0.069,262,142,-1.04,36,0
2238,54,Hombre,9.3,134,46.6,169,1,0,0.396,251,125,-3.43,36,0
2239,61,Mujer,7.5,110,46.3,135,0,0,-0.518,80,106,-1.14,36,0
2240,76,Hombre,7.8,136,42.2,120,0,1,-0.094,109,128,-1.21,36,0
2241,70,Hombre,8.4,116,38.7,132,0,0,1.237,455,116,-5.21,36,0
2242,63,Mujer,6.9,144,47.1,114,0,0,-0.136,99,153,-0.76,36,0
2243,86,Hombre,8.2,161,55.3,142,1,1,-0.407,95,160,-1.31,36,0
2244,65,Mujer,6.9,107,53.6,137,1,1,-0.107,123,114,-1.11,36,0
2245,71,Mujer,6.6,156,59.3,162,1,1,-0.652,84,135,-0.75,36,0
2246,53,Hombre,6.6,137,64.2,40,1,1,-1.113,13,140,1.47,36,0
2247,74,Mujer,8.5,143,44.5,89,0,0,0.109,99,143,-2.3,36,0
2248,64,Hombre,8.6,125,37.2,252,0,1,0.559,441,132,-1.3,26.65,1
2249,64,Mujer,7.8,131,20,41,1,0,-1.018,15,135,-1.29,36,0
2250,79,Hombre,9.7,142,36.6,562,0,1,0.198,685,139,-2.38,36,0
2251,68,Hombre,7.9,120,42.6,246,0,0,-0.074,228,130,-2.93,36,0
2252,75,Mujer,6.7,123,28.8,163,1,0,-0.362,113,126,-1.58,36,0
2253,68,Hombre,10.1,126,45.2,499,0,0,-0.024,487,126,-4.05,6.3,1
2254,57,Mujer,8.4,133,35.2,15,0,0,0.292,20,134,-0.72,36,0
2255,50,Hombre,8.3,134,40.8,71,0,0,-0.382,48,137,-1.19,36,0
2256,67,Mujer,7.8,120,54,122,0,0,-0.215,98,117,-2.68,36,0
2257,57,Hombre,6.4,169,41.6,49,0,1,-0.352,34,166,-1.67,36,0
2258,67,Hombre,9.2,135,45,2445,1,1,-0.344,1734,122,-4.51,36,0
2259,67,Hombre,8.3,132,55.6,96,0,0,0.252,123,129,-2.23,36,0
2260,53,Hombre,8.4,129,44.1,127,0,0,-0.108,114,124,-2.48,36,0
2261,60,Hombre,6.6,122,49.8,97,0,0,1.051,277,138,-1.74,36,0
2262,55,Mujer,8.9,114,51,184,0,0,0.472,295,112,-2.04,36,0
2263,83,Mujer,7.5,124,48.3,37,1,0,0.69,74,135,-3.51,36,0
2264,74,Mujer,6.1,129,20,233,0,1,-0.254,181,131,-2.24,36,0
2265,62,Mujer,8,134,42.5,316,0,0,1.264,1119,119,-5.36,36,0
2266,78,Hombre,7,135,56,58,0,1,-0.057,55,124,-1.53,36,0
2267,72,Mujer,8.5,137,47.7,1096,0,1,-0.609,596,121,-1.81,36,0
2268,62,Mujer,7.2,153,47.5,387,0,1,-0.852,165,142,-1.49,36,0
2269,61,Mujer,8.2,109,34.3,283,0,0,-0.065,265,112,-2,36,0
2270,56,Hombre,9.8,125,51.3,558,0,1,-0.225,446,126,-0.54,36,0
2271,68,Mujer,8.3,132,56.6,190,0,0,-0.043,182,138,-3.06,36,0
2272,61,Mujer,9.4,107,41.6,53,0,0,-0.448,34,120,-0.73,36,0
2273,67,Hombre,5.7,133,49.2,596,0,1,-0.207,485,141,-2.05,36,0
2274,75,Hombre,8.1,143,42.4,86,0,1,-0.895,35,117,-1.85,36,0
2275,75,Mujer,6.8,136,36.9,114,1,0,0.035,118,147,-3.13,36,0
2276,66,Mujer,7.8,154,41.5,1027,0,0,0.081,1113,146,-4.1,36,0
2277,64,Hombre,6.4,133,49.4,42,0,1,0.459,66,130,-2.55,36,0
2278,79,Hombre,9.7,163,33.6,30,1,0,0.231,38,158,-4.59,36,0
2279,58,Hombre,6.7,118,40,21,0,0,0.065,22,124,-2.74,36,0
2280,44,Hombre,9.2,151,33.1,513,0,1,-0.731,247,137,-3.87,36,0
2281,58,Hombre,8.3,128,55.3,690,1,1,0.13,786,135,-1.93,36,0
2282,49,Hombre,6.5,107,55.8,38,0,1,0.257,49,90,0.02,36,0
2283,59,Mujer,9.2,136,42,205,0,1,-0.631,109,127,-2.85,36,0
2284,65,Hombre,7.7,149,50.7,209,0,0,0.694,418,157,-4.22,36,0
2285,76,Mujer,7.2,140,37.1,182,0,0,0.071,195,141,-3.84,36,0
2286,66,Hombre,6,156,38.3,216,0,0,-0.078,200,150,-3.43,10.7,1
2287,68,Hombre,8,155,47,71,0,0,-0.279,54,152,-1.91,36,0
2288,75,Mujer,9.1,142,52.1,452,0,1,0.133,516,147,-3.61,36,0
2289,57,Hombre,7.7,131,52.8,24,1,0,0.483,39,130,-2.37,36,0
2290,75,Hombre,7.7,145,41.3,442,0,0,0.437,684,145,-4.57,36,0
2291,65,Mujer,6.9,138,44.7,10,0,0,1.177,32,142,-3.78,36,0
2292,69,Hombre,7.5,141,50.4,41,1,1,0.015,42,137,-3.26,36,0
2293,64,Hombre,7.2,125,45,39,0,1,-0.449,25,126,-0.31,36,0
2294,57,Mujer,7.8,139,55.3,135,0,0,-0.244,106,140,-1.78,36,0
2295,73,Hombre,6.2,147,42.5,28,0,0,0.184,34,153,-3.35,36,0
2296,60,Mujer,5.5,136,55.7,68,0,0,0.191,82,134,-1.83,36,0
2297,68,Hombre,6.6,140,41.6,64,0,0,0.654,123,142,-3.08,36,0
2298,64,Mujer,6.7,152,56.6,149,0,0,0.036,154,151,-4.63,36,0
2299,55,Hombre,8.3,128,39.3,37,0,1,-0.581,21,124,-0.42,36,0
2300,41,Hombre,7.3,139,50.6,43,0,1,-0.159,37,134,0.48,36,0
2301,59,Hombre,7.2,130,50.1,52,0,0,0.951,135,125,-3.65,36,0
2302,66,Hombre,10.9,127,41.8,70,0,0,0.327,97,119,-3.73,36,0
2303,61,Hombre,6.8,150,48.5,59,0,0,0.582,106,149,-4.7,36,0
2304,56,Mujer,8.6,119,42.2,745,1,0,-0.12,661,110,-4.33,36,0
2305,48,Mujer,7.6,147,54,32,0,0,0.293,43,157,-4.14,36,0
2306,64,Hombre,8.1,127,53.4,245,1,0,-0.097,222,130,-2.18,15.58,1
2307,65,Hombre,8.7,117,46.2,477,1,0,-0.563,272,123,-2.43,36,0
2308,77,Hombre,9.4,143,45.4,274,1,1,0.528,464,150,-5.25,36,0
2309,65,Mujer,6.4,144,32.6,462,1,0,-0.097,419,150,-3.12,36,0
2310,79,Hombre,9.1,129,30.9,595,0,1,-0.913,239,112,-2.06,36,0
2311,64,Mujer,6.8,165,45.3,22,0,0,-0.079,20,162,-1.46,36,0
2312,59,Hombre,9,131,46.8,45,0,1,0.164,53,127,-0.39,36,0
2313,67,Hombre,6.4,100,47.6,73,1,1,0.121,82,102,-1.95,36,0
2314,63,Mujer,5.8,138,58.2,12,0,0,0.447,19,131,-1.59,36,0
2315,63,Hombre,6.9,149,54.2,228,0,1,-0.365,158,133,-1.14,36,0
2316,51,Mujer,9,133,44,534,0,0,0.211,659,137,-2.61,36,0
2317,60,Hombre,5.6,136,40.7,68,0,0,-0.17,57,151,-1.28,36,0
2318,48,Hombre,7.7,153,43.4,108,0,0,0.549,187,154,-2.15,36,0
2319,59,Hombre,8.6,121,54.3,572,0,1,-0.336,409,112,0.18,36,0
2320,73,Hombre,7.7,136,45.2,464,0,1,-0.941,181,137,-0.9,36,0
2321,30,Hombre,8.5,125,45,585,0,1,0.545,1009,106,0.47,36,0
2322,57,Hombre,8.1,141,58.2,419,0,1,-0.57,237,119,-1.4,36,0
2323,61,Hombre,7.8,95,60.3,9,0,0,-0.291,7,90,1.02,36,0
2324,52,Mujer,7.3,138,47.6,213,0,0,0.298,287,127,-2.6,36,0
2325,50,Mujer,8.1,131,42.5,10,0,1,-0.305,7,121,0.5,36,0
2326,82,Hombre,7.2,141,40,82,1,0,-0.151,71,133,-3.13,36,0
2327,71,Hombre,9.4,143,57.7,159,0,1,0.052,167,145,-1.47,36,0
2328,53,Hombre,7.9,158,35.4,81,0,0,-0.284,61,162,-2.39,36,0
2329,66,Hombre,8.2,119,61.1,14,0,0,0.341,20,124,-0.06,36,0
2330,59,Mujer,8.5,147,43.4,44,0,0,0.727,91,146,-3,36,0
2331,54,Hombre,7.8,132,46.7,105,0,1,-0.417,69,121,-0.73,36,0
2332,69,Mujer,10.8,127,35.4,98,1,1,-0.315,71,129,-3.81,36,0
2333,71,Mujer,9,153,52.3,517,0,1,-0.3,383,143,-1.64,36,0
2334,54,Hombre,7.6,107,61.1,106,0,1,-0.34,75,106,-0.9,36,0
2335,86,Hombre,8,157,45.8,292,1,1,-0.564,166,156,-2.36,36,0
2336,53,Hombre,7.5,119,43.7,54,1,0,-0.301,40,108,-0.91,36,0
2337,72,Hombre,7.6,139,40.7,17,0,0,0.408,26,146,-2.29,36,0
2338,64,Hombre,6.1,132,29.4,173,0,0,0.427,265,126,-3.76,36,0
2339,60,Hombre,6.4,146,31.5,143,0,0,-0.183,119,160,-1.39,36,0
2340,63,Mujer,8.9,150,40.9,259,0,0,-0.314,189,148,-4.05,3.24,1
2341,78,Hombre,7.6,119,42.9,135,0,0,-0.654,70,113,-0.07,36,0
2342,77,Hombre,10.3,144,53.1,196,1,1,-0.683,99,142,-3.1,36,0
2343,64,Hombre,10.3,134,44.3,240,0,1,-0.119,213,127,-3.13,36,0
2344,73,Hombre,5.7,118,44,292,1,1,-0.425,191,110,-2.74,36,0
2345,63,Mujer,6.4,157,42.1,333,0,0,0.196,405,157,-2.34,36,0
2346,74,Mujer,8.7,135,42,43,0,0,1.304,158,132,-4.54,36,0
2347,63,Mujer,6.6,120,37.6,58,1,0,0.339,81,131,-1.3,36,0
2348,80,Hombre,9.1,136,39.5,561,0,1,-0.482,347,120,-2.36,36,0
2349,46,Hombre,7,114,75,14,0,0,0.838,32,112,-0.94,36,0
2350,77,Hombre,6.7,124,37.3,36,0,0,-0.493,22,133,-0.55,36,0
2351,66,Hombre,5.8,134,48.4,61,0,0,0.28,81,141,-0.4,36,0
2352,75,Hombre,8.7,140,31.2,184,0,0,0.437,285,154,-3.38,36,0
2353,82,Mujer,7.6,137,58.4,164,0,0,0.443,255,142,-2.8,36,0
2354,75,Hombre,8,125,56.3,6,0,0,0.307,8,113,-0.16,36,0
2355,85,Hombre,9.7,145,45.7,244,1,0,0.013,247,142,-6.19,36,0
2356,71,Mujer,5.9,125,36.1,59,1,0,0.539,101,119,-4.2,31.96,1
2357,45,Hombre,5.9,129,49.9,365,0,1,-1.021,131,116,0.6,36,0
2358,59,Hombre,9.4,97,44.8,162,0,1,-0.173,136,100,-1.54,36,0
2359,75,Mujer,7.5,156,49.9,100,0,0,0.297,135,153,-5.32,36,0
2360,59,Mujer,6.6,116,47.7,453,0,1,-1.02,163,104,3.06,36,0
2361,68,Hombre,7.3,124,52,362,0,1,-0.413,240,110,-1.73,36,0
2362,59,Hombre,8,124,37.2,114,0,0,-0.555,65,125,-2.03,36,0
2363,69,Mujer,7.6,128,51.8,144,0,0,0.315,197,126,-0.81,36,0
2364,64,Mujer,8.5,126,52.6,33,1,0,0.892,80,137,-5.42,36,0
2365,64,Mujer,6.2,133,54.7,527,1,0,-0.133,461,146,-1.96,36,0
2366,70,Mujer,6.4,157,20.3,594,0,0,-0.388,403,151,-4.62,36,0
2367,79,Hombre,8.1,143,38.1,320,1,1,-0.76,150,133,-2.45,36,0
2368,60,Mujer,8.6,147,40.9,974,0,1,-0.183,811,134,-5.68,36,0
2369,52,Mujer,10,114,54.2,427,1,1,-0.177,358,111,-3.21,36,0
2370,76,Mujer,7.5,165,49.1,201,0,1,-0.572,113,152,-2.71,36,0
2371,50,Mujer,6.9,129,52.8,69,0,0,0.942,177,119,-0.94,36,0
2372,67,Hombre,8.4,144,29.1,65,1,0,-0.299,48,131,-4.09,36,0
2373,72,Mujer,7.9,155,58.8,166,1,0,-0.115,148,161,-3.82,36,0
2374,66,Hombre,8.8,114,51,125,1,0,0.944,321,115,-4.82,36,0
2375,83,Hombre,7.3,147,42.9,281,1,0,-0.036,271,155,-4.43,36,0
2376,63,Hombre,8.1,148,40.6,1145,0,1,-0.388,777,149,-2.4,36,0
2377,76,Hombre,8,125,40,118,0,0,0.13,134,122,-3.32,36,0
2378,78,Mujer,6.7,123,49.9,16,0,1,0.426,24,113,-1.12,36,0
2379,64,Hombre,9.1,140,47.3,1269,0,1,-1.175,392,136,-1.8,36,0
2380,70,Mujer,7.4,134,45.6,92,0,1,0.37,133,127,-1.5,36,0
2381,56,Hombre,8.8,118,47.2,109,0,1,-0.808,49,127,0.56,36,0
2382,76,Hombre,10.2,132,36.9,886,0,1,-0.581,496,132,-3.63,36,0
2383,71,Hombre,5.8,129,51.1,88,0,0,-0.07,82,133,-2.67,36,0
2384,47,Hombre,8,136,44.1,239,0,1,-0.43,155,126,-0.42,36,0
2385,65,Mujer,6.1,153,34.6,187,0,0,-0.524,111,153,-1.37,36,0
2386,69,Mujer,10.5,120,37.7,199,1,0,-0.364,138,114,-2.58,36,0
2387,73,Hombre,7.8,157,45.5,264,0,1,-0.798,119,139,-2.05,36,0
2388,64,Hombre,8.7,107,31,55,0,0,0.061,58,96,-2.91,36,0
2389,53,Hombre,9.3,146,41,422,0,1,-0.369,292,126,-0.88,36,0
2390,63,Mujer,8.6,151,57.9,631,0,1,0.013,640,141,-3.01,36,0
2391,82,Hombre,9.4,136,31,230,1,0,-0.546,133,125,-3.26,36,0
2392,54,Hombre,7.2,163,46.6,306,0,1,-0.268,234,154,-2.15,36,0
2393,54,Hombre,8,121,33.3,15,0,0,-0.601,8,106,-1.33,36,0
2394,60,Hombre,6.4,100,50.8,19,0,0,0.047,20,85,1.34,36,0
2395,40,Hombre,8.6,114,47.1,185,0,1,0.175,220,106,-0.65,36,0
2396,51,Hombre,8.5,152,61.9,200,0,1,-0.035,193,159,0.45,36,0
2397,47,Mujer,8.2,142,54.1,124,0,1,-0.377,85,153,0.51,36,0
2398,75,Mujer,8.4,159,55.3,77,0,1,0.213,95,145,-1.84,36,0
2399,74,Mujer,8.6,156,49.1,504,0,0,-0.425,329,153,-3.56,36,0
2400,53,Mujer,7.1,143,51,689,0,1,-0.274,524,135,-1.63,36,0
2401,69,Hombre,9.3,137,60.6,282,0,1,-0.662,146,133,-2.36,36,0
2402,60,Mujer,7.3,120,43.6,61,0,0,0.078,66,126,-1.84,36,0
2403,65,Hombre,8.3,139,42.7,127,1,1,-0.08,117,128,-3.03,36,0
2404,79,Hombre,8.8,126,35.4,389,1,0,-0.041,373,113,-4.82,36,0
2405,44,Hombre,5.5,140,49.7,48,0,1,-0.112,43,127,1.09,36,0
2406,61,Mujer,6.5,110,30.5,116,0,0,-0.026,113,112,-0.35,36,0
2407,67,Hombre,7.9,137,51.5,167,1,0,0.284,222,141,-3.21,36,0
2408,44,Mujer,7.8,108,43.2,6,0,0,1.539,28,100,-1.37,36,0
2409,65,Hombre,6.7,141,33.9,71,0,0,-0.183,59,142,-1.87,36,0
2410,73,Hombre,10,163,27,459,0,0,0.397,683,161,-6.57,36,0
2411,62,Mujer,8.7,127,50.9,127,0,0,-0.102,115,132,-3.11,36,0
2412,65,Hombre,5.5,127,53.3,78,0,0,0.092,85,118,-1.47,36,0
2413,64,Mujer,7.6,132,35.5,53,1,0,-0.258,41,133,-3.5,36,0
2414,66,Hombre,7.5,107,36.3,74,0,0,0.257,96,98,-2.16,36,0
2415,70,Hombre,6.5,109,38.2,80,0,0,-0.212,65,108,-1.1,36,0
2416,63,Mujer,6.8,116,56.2,30,0,1,0.017,31,120,-0.17,36,0
2417,44,Mujer,8.5,123,44.8,281,0,1,-0.877,117,115,0.02,36,0
2418,79,Mujer,8,152,55,256,0,0,-0.337,183,152,-1.9,36,0
2419,56,Hombre,7.8,147,47.6,52,0,0,0.47,83,142,-2.09,36,0
2420,59,Hombre,8.4,148,40.1,1967,0,1,-0.216,1586,140,-3.62,36,0
2421,59,Mujer,8.6,114,44.7,287,0,0,-0.347,203,114,-0.77,36,0
2422,66,Hombre,6.4,145,48.4,84,1,1,-0.08,78,151,-0.92,36,0
2423,63,Mujer,7,141,54,105,0,0,-0.235,83,139,-1.38,36,0
2424,68,Hombre,7.8,126,34.1,188,0,1,-0.114,168,127,-2.22,36,0
2425,59,Mujer,6.5,129,49.4,264,1,1,-1.185,81,120,0,36,0
2426,65,Hombre,9.3,124,48.7,158,1,1,0.05,166,119,-3.94,36,0
2427,67,Mujer,6.8,129,30.1,138,1,1,-0.211,112,111,-2.27,36,0
2428,72,Mujer,6.8,121,47.1,30,0,0,-0.048,29,120,-0.71,36,0
2429,58,Hombre,7.1,98,45,34,0,0,-0.001,34,101,0.52,36,0
2430,67,Hombre,8.1,129,47.6,96,1,0,0.439,149,133,-3.68,36,0
2431,68,Hombre,8.5,140,50.7,29,0,0,0.102,32,155,-4.08,36,0
2432,64,Hombre,5.6,126,40.6,116,0,0,-0.091,106,127,-2.97,36,0
2433,61,Mujer,10.9,135,61.5,431,1,0,-0.18,360,133,-1.23,36,0
2434,75,Hombre,9.9,152,36.3,249,0,1,-0.617,134,146,-2.01,36,0
2435,67,Hombre,6.3,150,31.5,50,1,0,0.628,94,155,-3.37,27.69,1
2436,37,Mujer,9.5,163,72.3,404,0,0,0.368,584,175,-3.89,36,0
2437,62,Hombre,7.1,134,40.7,227,0,1,-0.665,117,126,-1.99,36,0
2438,60,Hombre,7.4,116,60.3,20,1,0,-0.155,17,126,-1.78,36,0
2439,66,Hombre,8,138,42.7,113,0,0,0.414,171,142,-3.47,36,0
2440,68,Hombre,7.2,119,45.8,374,0,1,-0.359,261,112,-1.1,36,0
2441,68,Hombre,8,170,38.1,136,0,0,0.546,235,183,-4.29,36,0
2442,71,Hombre,7.2,163,40.2,88,1,0,0.281,117,160,-4.55,15.82,1
2443,53,Mujer,8.6,140,60.1,87,0,1,0.459,138,121,-1.25,36,0
2444,48,Mujer,8.6,116,42,50,0,1,0.135,57,121,-1.42,36,0
2445,63,Mujer,7.6,146,45.9,24,0,1,-0.1,22,135,-0.44,36,0
2446,61,Mujer,9,119,55,87,1,1,-0.599,48,116,1.1,36,0
2447,71,Hombre,9.8,163,45.7,317,1,1,0.497,521,164,-4.8,36,0
2448,77,Mujer,7.8,138,52.3,1126,1,1,-0.232,893,134,-2.04,4.24,1
2449,63,Mujer,5.5,125,58.3,61,1,1,-0.899,25,137,1.21,36,0
2450,47,Mujer,5.8,104,60.8,127,0,1,-0.738,61,96,0.87,36,0
2451,77,Hombre,7.5,134,38.4,232,0,1,0.055,245,122,-2.77,36,0
2452,68,Mujer,6.9,141,38.1,106,0,0,-0.278,80,146,-3.01,36,0
2453,62,Mujer,7.3,118,40.4,34,0,0,-0.128,30,121,-0.28,36,0
2454,71,Mujer,7.8,148,61.3,58,1,0,-0.29,43,155,-3.53,17.02,1
2455,64,Mujer,6.5,139,49,28,0,1,-0.638,15,129,0.08,36,0
2456,88,Hombre,8.6,134,41.8,47,1,0,0.058,50,145,-3.5,0.6,1
2457,58,Mujer,7.3,122,60.2,38,1,1,0.05,40,118,-2.6,36,0
2458,65,Hombre,8.5,117,46.3,356,1,1,-0.625,191,117,-1.93,36,0
2459,53,Hombre,7.3,127,37,107,1,0,-0.018,105,120,-1.61,36,0
2460,50,Mujer,7.5,123,46.9,225,1,1,-1.173,70,130,1.15,36,0
2461,71,Hombre,5.5,135,36.4,93,0,0,0.094,102,138,-3.61,36,0
2462,77,Mujer,8.3,145,42.8,734,1,1,-0.416,484,137,-2.46,36,0
2463,71,Hombre,6.6,169,27.9,232,0,1,0.232,293,176,-3.12,36,0
2464,50,Hombre,8.6,152,59.6,43,0,1,0.307,58,152,-0.69,36,0
2465,68,Hombre,8.7,152,34.3,150,1,1,0.014,152,144,-2.9,36,0
2466,54,Mujer,7.9,144,37.7,111,0,0,0.254,143,128,-2.59,36,0
2467,68,Mujer,7,108,41.6,25,0,0,0.191,30,113,-2.25,36,0
2468,42,Hombre,6.8,117,59.3,43,0,0,-0.94,17,108,1.18,36,0
2469,76,Mujer,8.6,135,28.6,205,0,0,0.303,278,144,-3.69,36,0
2470,83,Hombre,7.1,157,28,99,0,0,-0.27,76,154,-2.3,36,0
2471,66,Hombre,7.5,135,50.8,12,1,0,0.661,23,134,-3.11,36,0
2472,77,Mujer,8.8,140,50.2,312,1,0,-0.065,292,133,-2.27,36,0
2473,56,Mujer,8.3,137,32.3,200,1,0,0.38,292,139,-5.37,36,0
2474,62,Mujer,7.7,139,48.4,711,0,1,0.645,1355,120,-5.05,36,0
2475,72,Hombre,7.1,133,56.4,251,0,0,0.709,510,139,-3.75,36,0
2476,64,Mujer,6,145,35.9,262,1,1,-0.392,177,139,-1.43,36,0
2477,51,Mujer,8.7,123,59.7,328,1,1,-0.178,275,123,-2.22,36,0
2478,62,Mujer,7.1,135,53.5,60,0,1,0.067,64,120,-1.4,36,0
2479,60,Mujer,7.8,152,43.1,9,0,0,0.14,10,136,-1.87,36,0
2480,59,Hombre,6.8,142,46.3,65,1,0,1.008,178,143,-4.45,36,0
2481,72,Hombre,7.1,116,45.9,128,0,0,0.223,160,112,-2.88,36,0
2482,79,Mujer,8.2,124,26.9,135,0,1,-0.173,114,130,-1.42,36,0
2483,66,Hombre,7.7,129,37.4,139,0,0,-0.316,101,141,-1.49,36,0
2484,68,Hombre,7.6,113,49,407,0,0,-0.033,394,108,-1.02,36,0
2485,71,Mujer,9.3,157,54.3,946,0,1,0.006,952,167,-3.99,36,0
2486,64,Hombre,9.2,104,49.3,172,0,0,0.142,198,98,-3.07,36,0
2487,86,Mujer,7,125,28.8,212,0,0,0.497,349,135,-5.05,36,0
2488,67,Hombre,8.8,134,28,91,0,0,-0.322,66,130,-3.17,36,0
2489,67,Mujer,8.1,149,38,227,0,1,0.308,309,143,-3.25,36,0
2490,81,Hombre,8,133,39.5,115,1,0,-0.027,112,122,-4.44,36,0
2491,41,Hombre,9.3,119,63.8,426,0,1,0.111,476,106,-2.15,36,0
2492,69,Hombre,6.2,147,25.2,63,0,0,0.107,70,157,-2.53,36,0
2493,60,Mujer,10.3,152,52.4,80,0,0,0.396,119,146,-2.81,36,0
2494,58,Hombre,9.1,127,40.5,127,0,0,-0.341,90,133,-2.23,36,0
2495,62,Mujer,7,119,45.9,18,0,0,0.295,24,122,-0.21,36,0
2496,89,Hombre,7.9,158,26.1,27,0,0,0.157,32,160,-2.74,36,0
2497,68,Hombre,8.4,130,37.8,281,1,1,-0.78,129,126,-0.48,36,0
2498,61,Hombre,6.9,126,20,61,0,0,0.427,93,125,-1.55,36,0
2499,52,Hombre,7.5,136,34.9,245,0,1,0.463,389,121,-2.09,36,0
2500,84,Hombre,5.7,111,25.6,138,1,0,-0.021,135,107,-1.91,36,0
2501,54,Mujer,7.3,141,26.4,143,0,0,0.161,168,150,-2.53,36,0
2502,68,Hombre,9.5,125,46.1,163,0,0,0.759,348,143,-3.88,36,0
2503,72,Mujer,7.9,127,36.4,271,1,1,-0.903,110,127,-2.78,36,0
2504,71,Hombre,5.5,152,47.8,39,1,0,-0.116,35,154,-2.63,36,0
2505,57,Hombre,9.3,140,42.9,203,0,1,-0.213,164,136,-3.32,36,0
2506,55,Hombre,6.9,155,55.6,160,0,1,-0.692,80,158,0.51,36,0
2507,53,Mujer,7.2,121,39.1,14,1,0,0.055,15,124,-2.94,36,0
2508,67,Mujer,10.9,125,49.4,74,0,1,-0.687,37,104,-0.31,36,0
2509,67,Mujer,8,154,29.1,740,0,1,0.059,785,143,-4.89,36,0
2510,62,Hombre,6.6,134,53.1,81,1,0,0.049,85,122,-3.59,36,0
2511,51,Hombre,7.1,150,53,4,0,0,0.292,5,131,0.41,36,0
2512,49,Hombre,7.7,104,45.3,158,0,0,0.844,367,116,-0.79,36,0
2513,76,Hombre,8.8,101,45,156,1,0,0.501,258,114,-2.82,36,0
2514,64,Mujer,7.2,119,49.6,96,0,0,0.199,117,105,-3.23,36,0
2515,65,Mujer,9,125,38.9,329,0,0,-0.298,244,129,-3.03,36,0
2516,73,Mujer,8.7,142,35.9,616,0,0,-0.172,519,148,-4.18,36,0
2517,69,Mujer,6.6,133,45.6,100,0,1,-0.639,53,124,-1.02,36,0
2518,55,Mujer,5.7,147,55.2,139,0,0,0.173,165,150,-3.16,36,0
2519,52,Hombre,8,111,53.9,24,1,0,0.142,28,109,-1.92,36,0
2520,48,Mujer,6.6,129,44.2,839,0,1,0.07,900,134,-0.09,36,0
2521,53,Hombre,8.8,128,41.6,76,1,1,-0.417,50,111,-0.77,36,0
2522,65,Hombre,8.4,134,36,177,1,1,0.292,237,133,-2.59,36,0
2523,67,Mujer,8,153,57.5,17,0,0,-0.26,13,152,0.13,36,0
2524,54,Hombre,9.1,139,46.2,13,0,0,1.177,42,145,-4.27,36,0
2525,79,Mujer,6.4,139,33.4,434,0,0,0.204,532,138,-1.29,36,0
2526,68,Hombre,9.4,134,51.2,77,1,0,1.063,223,132,-4.7,36,0
2527,87,Hombre,10.4,166,44.3,218,1,1,0.011,220,152,-4.63,36,0
2528,72,Hombre,6.6,133,41.4,239,0,1,0.175,285,143,-3.91,36,0
2529,63,Hombre,5.6,135,48.6,22,0,0,0.172,26,145,-2.41,36,0
2530,74,Mujer,7.8,130,26.4,645,1,1,-0.274,490,123,-4.21,36,0
2531,68,Mujer,6.9,159,31.3,123,0,0,1.263,435,158,-4.8,24.44,1
2532,69,Mujer,10.5,122,55.8,50,0,1,-0.361,35,127,-2.62,36,0
2533,77,Hombre,6.9,127,31,309,0,0,-0.494,188,132,-4.04,36,0
2534,80,Hombre,9.6,160,32.3,41,1,1,0.789,90,148,-6.42,36,0
2535,65,Mujer,6.5,144,48.9,29,1,0,0.131,33,144,-2.09,36,0
2536,65,Hombre,8.1,113,51.1,338,1,1,-0.225,270,98,-3.73,36,0
2537,69,Mujer,8.1,154,63.5,24,0,0,0.619,45,161,-2.75,36,0
2538,58,Hombre,8.4,135,55,12,0,1,0.015,12,127,-1.46,36,0
2539,79,Hombre,7.6,140,23.7,215,1,0,0.368,311,144,-4.62,36,0
2540,73,Mujer,6.6,122,49.2,35,1,0,-0.466,22,124,-3.09,36,0
2541,54,Hombre,8.9,110,49.6,423,0,1,0.078,457,92,-3.24,36,0
2542,61,Hombre,7.1,136,55.9,66,0,0,0.439,102,134,-2.35,36,0
2543,65,Mujer,8.7,105,48.3,46,0,0,0.402,69,103,-2.46,36,0
2544,75,Hombre,5.7,106,34.5,65,1,0,-0.199,53,115,-1.67,36,0
2545,74,Mujer,9.3,113,26.3,447,0,0,0.717,916,130,-5.5,36,0
2546,77,Hombre,8.5,159,47.3,121,0,0,1.341,463,153,-4.33,36,0
2547,79,Mujer,10,137,47,701,1,1,-0.841,302,135,-1.94,36,0
2548,67,Hombre,6.9,159,40.1,296,1,1,-0.29,221,153,-3.04,36,0
2549,64,Mujer,7,157,35.8,32,1,1,1.03,90,148,-4.54,36,0
2550,63,Hombre,8.1,179,41.5,66,1,0,0.447,103,187,-4.27,36,0
2551,62,Hombre,7.8,132,59.1,19,1,0,-0.465,12,139,-1.33,36,0
2552,79,Hombre,9.5,139,38.4,225,0,0,-0.042,216,143,-5.72,36,0
2553,86,Hombre,8.6,136,36,779,0,0,-0.612,422,139,-1.41,36,0
2554,77,Hombre,8,133,44,14,1,0,-0.867,6,131,-0.8,36,0
2555,72,Mujer,8.2,132,35.7,211,1,0,0.046,221,129,-3.5,36,0
2556,86,Hombre,7.6,123,34.2,234,1,0,-0.283,176,123,-2.02,36,0
2557,63,Mujer,6.7,140,45.5,47,0,0,0.045,49,136,-1.86,36,0
2558,49,Mujer,8,118,49.2,348,0,0,0.053,367,114,-0.88,36,0
2559,42,Mujer,8.3,102,51.5,173,0,1,-1.215,51,100,0.76,36,0
2560,60,Hombre,7.2,133,48.8,146,1,1,0.305,198,140,-3.78,36,0
2561,59,Hombre,6.8,134,46.7,290,0,0,0.484,471,135,-2.52,36,0
2562,61,Hombre,8.2,143,39.6,391,0,1,0.031,403,137,-1.72,36,0
2563,60,Mujer,8.3,121,37.8,77,1,0,0.36,110,130,-0.25,36,0
2564,60,Mujer,5.7,135,58.7,162,0,1,-0.126,143,135,-1.4,36,0
2565,52,Hombre,6.7,124,45.9,227,0,1,-0.259,175,120,-0.92,36,0
2566,76,Mujer,7.8,130,48.6,513,0,0,-0.15,442,123,-4.04,36,0
2567,58,Hombre,7.9,147,43.8,135,1,1,0.309,184,156,-2.73,36,0
2568,61,Hombre,7.8,120,40.7,97,0,1,-1.079,33,115,1.3,36,0
2569,55,Mujer,8.2,150,59.3,375,0,1,-0.631,199,153,-1.23,36,0
2570,42,Hombre,8.2,132,54.6,23,0,0,0.94,59,129,-0.68,0.24,1
2571,66,Hombre,8.8,134,34.9,151,0,0,0.461,239,131,-4.43,35.66,1
2572,71,Hombre,8.2,124,45.1,105,0,0,-0.337,75,116,-2.98,36,0
2573,57,Mujer,8.2,136,51.6,131,0,1,-0.329,94,122,-2.14,36,0
2574,79,Mujer,9.6,118,38.1,35,0,0,0.561,61,127,-4.25,1.06,1
2575,69,Mujer,8.7,155,52.5,24,1,0,0.823,55,146,-4.84,36,0
2576,46,Mujer,8.7,168,44.6,73,0,0,0.381,107,164,-3.04,36,0
2577,76,Mujer,9.1,129,46.5,180,1,0,-0.199,147,120,-3.12,36,0
2578,85,Hombre,8.5,142,24.8,149,0,0,0.483,242,144,-4.85,16.51,1
2579,56,Hombre,7.5,135,50,157,0,0,-0.463,99,137,1.11,36,0
2580,54,Hombre,8.6,145,46.4,102,0,0,-0.411,68,146,-1.04,36,0
2581,64,Hombre,7,158,54.8,103,0,0,0.194,125,169,-3.5,36,0
2582,66,Hombre,9.8,157,49.4,74,0,0,0.996,200,182,-3.99,36,0
2583,61,Hombre,8.1,117,33,355,1,0,0.156,415,116,-4.36,36,0
2584,62,Hombre,7.2,150,29.9,99,1,1,-0.832,43,148,-2.67,36,0
2585,61,Mujer,8.7,131,57.3,42,0,1,0.057,44,126,0.09,36,0
2586,70,Mujer,7.2,154,35.3,963,1,0,0.21,1188,169,-5.2,36,0
2587,69,Mujer,9.7,139,36.3,230,1,0,0.123,260,142,-3.62,36,0
2588,67,Hombre,8.1,130,56.3,90,0,1,0.125,102,127,-0.1,36,0
2589,67,Hombre,7.1,135,49.6,171,0,0,-0.201,140,127,-1.37,36,0
2590,63,Hombre,8.1,136,48,1576,0,1,-1.187,481,125,-2.14,36,0
2591,66,Mujer,8.5,128,55.2,6,0,1,-1.033,2,126,1.14,36,0
2592,78,Hombre,7.7,123,47.9,24,0,0,0.577,43,118,-4.22,36,0
2593,75,Mujer,6.8,110,49.3,51,1,1,0.345,72,100,-1.49,36,0
2594,53,Mujer,7.3,170,61.3,603,1,1,-0.591,334,178,-1.45,36,0
2595,72,Mujer,5.9,111,50.7,42,0,0,-0.202,34,95,-2.19,36,0
2596,53,Mujer,7.8,135,47.3,246,1,1,-0.395,166,141,-1.61,36,0
2597,60,Hombre,5.5,125,43.1,95,0,0,-0.492,58,128,-0.52,36,0
2598,74,Hombre,9.3,147,40,1294,0,1,-0.888,532,131,-1.77,36,0
2599,66,Hombre,5.9,122,54.5,66,0,1,-0.389,45,113,1.29,36,0
2600,74,Hombre,6.8,149,65.3,12,0,0,-0.117,11,154,-1.91,36,0
2601,61,Hombre,6.9,124,37.9,61,0,0,0.344,86,114,-1.81,36,0
2602,64,Mujer,6.8,129,44.5,76,0,0,0.672,149,127,-0.01,24.1,1
2603,37,Hombre,11.3,152,54.5,168,0,1,-0.522,100,160,-1.99,36,0
2604,65,Hombre,7.6,138,50.2,38,1,0,0.428,58,136,-1.26,36,0
2605,68,Mujer,9,187,30.8,258,0,0,0.632,485,195,-6.38,36,0
2606,78,Mujer,7.9,141,44,74,0,1,0.235,94,134,-2.16,36,0
2607,89,Hombre,6.3,138,38.7,252,1,1,-0.256,195,141,-2.04,36,0
2608,65,Mujer,8.6,131,33.6,142,0,1,-0.269,109,135,-1.3,36,0
2609,56,Mujer,7,159,48.4,114,0,0,0.643,217,155,-3.89,36,0
2610,66,Hombre,6.6,115,55.7,42,0,0,0.52,71,117,-2.32,36,0
2611,52,Mujer,6,130,52,29,0,0,0.942,74,136,-2.85,36,0
2612,66,Hombre,8.2,187,47.4,322,0,1,-0.114,287,187,-5.11,36,0
2613,63,Hombre,7.6,130,40.4,290,1,0,-0.197,238,135,-2.63,36,0
2614,71,Hombre,6.7,137,25.3,463,0,0,-0.092,422,135,-2.69,36,0
2615,62,Hombre,7.6,130,40.9,65,0,0,0.349,92,145,-0.88,36,0
2616,68,Mujer,9.6,157,43.9,186,0,0,-0.168,157,158,-1.56,36,0
2617,79,Mujer,8.7,136,20,440,0,0,-0.208,358,141,-3.83,36,0
2618,62,Hombre,9.2,140,47.4,162,1,1,-0.558,93,126,-2.43,36,0
2619,60,Mujer,9.4,123,54.3,364,0,0,-0.973,138,135,-1.05,36,0
2620,72,Hombre,5.8,119,48.2,15,1,0,-0.891,6,113,1.59,36,0
2621,47,Hombre,7.5,138,44.4,67,1,1,-0.077,62,128,-1.45,36,0
2622,63,Mujer,6.7,143,65.1,41,0,1,-0.806,18,130,0.75,36,0
2623,45,Hombre,9,140,58.9,55,0,0,-0.14,48,135,-1.45,36,0
2624,57,Hombre,6.6,124,56.7,17,0,0,0.621,32,141,-2.21,16.23,1
2625,85,Mujer,8.3,125,35.1,675,1,0,-0.522,401,139,-4.63,36,0
2626,79,Hombre,7.3,132,43.1,130,0,0,-0.114,116,136,-1.37,36,0
2627,78,Mujer,8.9,130,61.5,143,0,1,-0.296,106,124,-2.12,36,0
2628,77,Hombre,7.2,144,37.6,719,0,0,1.009,1973,147,-4.67,36,0
2629,73,Hombre,7,123,35.4,412,0,1,-1.454,96,122,-0.58,36,0
2630,49,Hombre,9.1,125,57.5,74,1,1,0.237,94,114,-1.04,36,0
2631,76,Mujer,7.9,157,32.5,960,0,0,-0.081,885,161,-3.27,36,0
2632,66,Hombre,7,143,40.9,39,0,0,-0.143,34,129,-0.67,36,0
2633,53,Hombre,8.8,122,43.2,106,0,1,-0.787,48,114,-0.18,36,0
2634,76,Hombre,7.2,155,41,39,0,0,0.013,40,140,-3.12,36,0
2635,67,Mujer,8.5,142,38.4,493,0,0,0.251,634,147,-5.69,36,0
2636,64,Mujer,7.4,134,35.5,286,0,0,-0.126,252,113,-2.43,36,0
2637,75,Hombre,8.5,135,44.8,87,0,1,-1.007,32,131,-0.19,36,0
2638,68,Hombre,7.8,153,41.7,2360,0,1,-0.292,1762,137,-4.93,36,0
2639,47,Mujer,9.1,140,41.5,110,1,1,0.17,130,130,-2.78,36,0
2640,63,Hombre,7.5,146,42.1,62,0,0,0.78,135,146,-2.56,4.88,1
2641,53,Hombre,8.2,125,52.1,83,0,1,-0.674,42,118,0.08,36,0
2642,78,Mujer,6.8,147,37.7,146,0,0,-0.458,92,129,-0.79,36,0
2643,82,Hombre,9.4,115,36.7,435,0,0,-0.208,353,102,-2.43,36,0
2644,52,Mujer,6.6,130,51.8,78,0,1,0.245,100,131,-0.68,36,0
2645,63,Mujer,9.6,152,42.8,95,0,0,0.339,133,158,-5.07,36,0
2646,62,Mujer,6.6,160,36.2,265,0,1,-0.036,256,149,-3.52,36,0
2647,74,Mujer,7.5,146,34.4,207,1,0,0.413,313,149,-4.67,36,0
2648,62,Mujer,6.6,107,34.8,59,0,0,-0.49,36,104,-0.71,36,0
2649,66,Mujer,9.3,125,50.3,822,1,1,-0.524,487,113,-2.9,36,0
2650,65,Hombre,8.2,99,56.9,38,0,0,-0.062,36,90,-0.26,36,0
2651,47,Mujer,5.5,135,43.9,69,0,0,-0.338,49,142,-1.01,36,0
2652,57,Mujer,9.1,163,55.9,161,0,0,0.768,347,169,-4,6.57,1
2653,56,Hombre,6,142,50.7,109,0,0,0.686,216,150,-2.76,36,0
2654,51,Mujer,6.3,108,57.8,106,0,1,-0.463,67,100,-0.64,36,0
2655,61,Hombre,10.3,142,29.9,117,0,0,-0.049,111,141,-3.43,36,0
2656,52,Mujer,7.7,115,38.9,55,0,1,-0.168,46,120,0.25,36,0
2657,75,Mujer,7.2,153,59.8,530,0,1,-0.353,372,141,-3.51,36,0
2658,63,Mujer,8.6,119,39.6,31,1,0,-0.533,18,120,-1.89,36,0
2659,64,Hombre,5.5,152,36.4,61,0,0,0.206,75,152,-2.84,31.22,1
2660,69,Mujer,8.6,139,59.3,110,1,0,-0.222,88,129,-3.55,36,0
2661,60,Hombre,7.1,129,32,54,0,1,-0.971,20,137,-2.51,36,0
2662,70,Hombre,7.9,124,32.6,24,0,0,-0.172,20,140,-1.05,36,0
2663,77,Hombre,8.5,146,28.3,142,1,0,1.574,685,168,-6.53,36,0
2664,59,Hombre,8.5,138,36.7,64,1,0,0.32,88,147,-3.62,36,0
2665,55,Hombre,6.1,143,56.5,49,0,1,-0.102,44,127,0.92,36,0
2666,84,Hombre,9.4,139,40.9,210,1,0,0.091,230,147,-3.34,36,0
2667,63,Mujer,7.7,118,51.9,40,0,0,0.281,53,123,-1.17,36,0
2668,68,Hombre,9.1,133,38,140,0,0,0.459,221,133,-5.97,36,0
2669,76,Hombre,9.6,145,38.5,40,1,0,-0.073,37,150,-3.57,36,0
2670,66,Hombre,7.7,130,52,251,0,1,-0.708,124,121,-0.8,36,0
2671,50,Mujer,7.9,126,56,12,0,1,0.385,18,100,1.17,36,0
2672,55,Mujer,8.3,136,50.2,225,0,1,-0.225,180,131,-1.68,0.09,1
2673,53,Mujer,8.7,158,32.4,487,0,0,-0.461,307,156,-3.13,36,0
2674,54,Hombre,8.5,124,54,62,0,0,-0.049,59,133,-3.39,36,0
2675,82,Mujer,8.7,137,34.8,132,0,0,-0.211,107,130,-3.86,36,0
2676,60,Hombre,7.3,115,43.8,72,0,1,-0.027,70,108,0.9,36,0
2677,61,Mujer,7.7,134,40.3,124,0,1,0.452,195,135,-2.06,36,0
2678,67,Mujer,8.9,122,51.2,118,1,1,-0.149,102,107,-2.05,36,0
2679,52,Mujer,8.6,141,47.1,228,0,0,-0.092,208,153,-0.85,36,0
2680,58,Mujer,6.2,136,51.5,20,0,1,0.641,38,127,-1.09,36,0
2681,63,Mujer,9.2,129,54,108,1,1,-0.533,63,124,-1.55,36,0
2682,54,Hombre,8.4,135,49.7,102,0,0,-0.362,71,135,-0.43,36,0
2683,55,Hombre,7.5,113,53.2,10,0,1,0.161,12,108,1,36,0
2684,43,Mujer,8.2,137,41.5,217,0,0,-0.366,150,135,0.26,36,0
2685,47,Mujer,7.8,139,48.2,74,0,1,0.7,149,134,-0.13,36,0
2686,70,Mujer,7.6,156,40.2,165,0,0,0.769,356,159,-4.56,36,0
2687,60,Hombre,7.1,143,50,217,0,0,-0.254,168,132,-1.17,36,0
2688,68,Mujer,7.6,155,42.8,218,0,0,0.62,405,153,-2.31,36,0
2689,34,Hombre,7.4,106,54.5,151,0,1,-0.948,58,89,-0.43,36,0
2690,58,Mujer,7.2,157,54.6,25,0,0,0.479,40,159,-0.86,36,0
2691,74,Mujer,8.6,115,43.3,21,0,1,-0.182,18,106,-1.62,36,0
2692,55,Mujer,7.2,137,62.1,16,0,1,0.05,17,130,-0.84,36,0
2693,78,Mujer,10.5,151,35.8,1840,1,1,-0.184,1530,140,-3.6,36,0
2694,63,Mujer,7,151,54.9,43,0,1,-0.154,37,148,0.37,36,0
2695,65,Hombre,8,129,32.7,125,1,0,0.057,132,120,-0.28,36,0
2696,64,Mujer,7.7,118,48.7,58,1,1,-0.499,35,100,-0.76,36,0
2697,66,Mujer,8.9,137,58,31,0,1,-0.336,22,126,-0.19,36,0
2698,67,Hombre,5.6,101,45.9,14,0,0,0.031,14,106,-1.67,36,0
2699,56,Mujer,8.7,129,41.5,135,0,0,-0.87,57,121,-0.51,36,0
2700,68,Hombre,7.4,155,55.8,493,0,1,-0.997,182,149,-2.03,36,0
2701,52,Mujer,6.8,119,44.1,236,0,0,-0.278,179,132,-0.57,36,0
2702,74,Mujer,8.6,114,38.5,53,1,1,-0.605,29,101,0.79,36,0
2703,77,Mujer,8.5,138,43.4,498,1,0,-0.413,329,136,-4.52,36,0
2704,69,Hombre,8.9,152,48.5,113,0,1,-0.698,56,153,0.01,36,0
2705,53,Mujer,7.4,138,65.1,160,0,1,-0.359,112,139,-1.2,36,0
2706,58,Hombre,6.9,131,41.1,77,1,1,-0.621,41,140,-1.36,36,0
2707,46,Mujer,8.5,140,42.1,179,0,1,-0.431,116,129,1,36,0
2708,75,Hombre,6.8,138,48.9,650,1,1,0.231,819,151,-3.97,36,0
2709,60,Hombre,8.9,137,61.2,313,1,1,0.351,445,139,-4.15,28.74,1
2710,68,Mujer,7.9,124,34.7,87,0,0,-0.085,80,127,-2.08,36,0
2711,61,Mujer,6.5,127,59.9,237,0,1,-0.351,167,122,-0.29,36,0
2712,55,Hombre,7.6,128,43.7,267,1,1,0.015,271,127,-3.97,36,0
2713,57,Mujer,8.8,127,45.9,23,1,1,-0.663,12,126,-0.54,36,0
2714,66,Mujer,8.4,99,55.4,103,1,0,-0.795,47,100,0.56,36,0
2715,60,Hombre,7.3,130,63.4,80,0,0,0.312,109,117,-3.98,36,0
2716,64,Mujer,8,146,47.6,103,0,1,-0.534,60,141,-1.03,36,0
2717,58,Mujer,8.1,128,31.2,687,0,1,-1.01,250,126,-2.05,36,0
2718,61,Mujer,7.4,137,52.7,71,0,0,0.411,107,140,-1.36,36,0
2719,81,Mujer,8.1,189,38,507,1,0,-0.098,460,191,-5.17,36,0
2720,65,Mujer,9.2,132,33.7,1073,0,1,-0.913,431,133,-0.35,36,0
2721,67,Hombre,8,151,54.5,628,0,1,-0.082,578,142,-1.51,36,0
2722,66,Mujer,8.3,151,40.5,84,0,0,0.225,105,153,-3.14,36,0
2723,67,Hombre,8.6,119,61.9,139,0,0,-0.347,98,119,-2.06,36,0
2724,74,Hombre,6,120,24.5,102,0,1,0.226,128,96,-2.32,36,0
2725,69,Hombre,8.2,140,60.7,100,0,1,0.16,117,145,-2.9,36,0
2726,48,Hombre,9.4,113,51.7,160,0,0,0.05,168,107,-2.1,36,0
2727,73,Hombre,8.9,164,50.5,202,1,0,0.254,260,165,-5.73,36,0
2728,60,Mujer,7.8,134,46.7,1643,1,1,-0.521,976,136,-4.86,36,0
2729,69,Mujer,6.8,129,39.5,138,0,1,0.117,155,129,-1.85,36,0
2730,60,Mujer,7.8,169,63.7,80,0,0,0.114,90,177,-1.44,36,0
2731,55,Hombre,6.8,123,26.4,1365,0,1,-1.527,296,118,1.1,36,0
2732,59,Hombre,7.9,127,37.5,37,0,1,-0.89,15,130,-0.84,36,0
2733,57,Hombre,7.6,121,39.7,31,0,0,0.604,57,120,-1.37,36,0
2734,63,Hombre,7.4,132,44.8,99,0,0,0.223,124,134,-2.58,36,0
2735,62,Mujer,8.6,115,53.4,101,0,1,-0.489,62,103,0.11,36,0
2736,53,Hombre,7.4,139,56.8,97,0,0,0.073,104,140,-1.66,36,0
2737,71,Mujer,9,131,34.6,417,0,1,-0.172,351,144,-2.22,36,0
2738,71,Mujer,7.2,126,45.7,184,0,1,-0.731,89,129,-0.62,36,0
2739,61,Hombre,7.6,132,54.6,250,1,0,0.038,260,115,-1.92,34,1
2740,48,Mujer,8.4,144,57.9,365,0,1,-0.231,290,132,-1.81,36,0
2741,55,Hombre,7.6,137,54.2,100,0,1,0.445,156,140,-0.83,36,0
2742,70,Mujer,7.7,139,35.5,212,0,0,0.282,281,145,-5.98,36,0
2743,62,Mujer,7.1,145,27.9,132,0,1,-0.077,122,145,-0.87,11.07,1
2744,73,Hombre,9.6,130,50.1,178,0,0,1.512,807,127,-4.05,36,0
2745,59,Hombre,7.4,145,39.9,67,1,0,0.198,82,144,-3.3,36,0
2746,62,Mujer,6.2,116,58.8,53,0,0,0.216,66,125,0.39,36,0
2747,49,Hombre,8.3,121,66.8,118,0,0,-0.493,72,121,-0.73,36,0
2748,75,Mujer,7.7,119,43.6,66,0,0,0.564,116,133,-3.7,36,0
2749,64,Mujer,7.5,124,47.3,245,0,1,-0.749,116,129,-0.54,36,0
2750,64,Hombre,8.9,120,35.5,32,0,0,0.387,47,135,-1.78,36,0
2751,48,Mujer,8.5,135,62.8,175,1,1,-0.435,113,136,-0.81,36,0
2752,70,Hombre,5.9,155,43,68,0,0,-0.496,41,153,-1.09,36,0
2753,48,Mujer,8.2,141,49.8,104,0,0,0.323,144,151,-1.5,36,0
2754,90,Mujer,9.3,131,47.3,399,0,1,0.53,678,115,-6.01,36,0
2755,69,Hombre,9.8,156,49.5,28,1,0,0.068,30,153,-3.95,36,0
2756,52,Hombre,5.8,129,52.3,47,1,1,-0.165,40,130,-1.82,36,0
2757,60,Hombre,5.8,133,54.3,25,0,0,0.896,61,129,-2.16,36,0
2758,63,Hombre,7.7,121,56.3,283,1,1,-0.891,116,110,0.02,36,0
2759,65,Mujer,7.3,130,51.4,149,0,0,-1.078,51,127,-0.89,36,0
2760,66,Mujer,10,124,39.9,282,0,0,0.032,291,127,-2.85,36,0
2761,63,Mujer,7,143,50.2,142,0,0,-0.376,98,135,-1.59,36,0
2762,59,Mujer,6.3,139,34.9,43,1,0,-0.269,33,141,-2.69,36,0
2763,67,Mujer,7.3,141,38.1,67,1,0,-0.074,62,148,-1.32,36,0
2764,65,Mujer,7.1,142,51.2,77,0,0,0.316,106,148,-2.28,36,0
2765,57,Hombre,8.9,143,47.6,139,1,1,-0.081,128,130,-3.08,36,0
2766,62,Hombre,10,136,57.8,235,0,1,-0.791,107,133,0.04,36,0
2767,65,Hombre,7.7,110,29.1,125,1,1,-1.166,39,91,-0.69,36,0
2768,61,Hombre,8.4,155,32.8,381,0,0,-0.286,286,154,-2.22,36,0
2769,57,Mujer,8.2,117,46.9,269,0,0,-0.128,237,128,-1.62,36,0
2770,73,Hombre,7.2,124,32.6,337,0,1,-0.257,261,114,-1.01,36,0
2771,66,Hombre,10.2,127,23.3,49,0,0,0.219,61,129,-3.49,17.5,1
2772,70,Mujer,7.5,167,55.4,500,0,1,-0.704,247,169,-1.42,36,0
2773,70,Hombre,5.6,141,35.9,150,0,0,0.667,292,135,-2.61,36,0
2774,76,Mujer,8.9,138,49.1,37,0,0,0.304,50,136,-3.87,36,0
2775,72,Hombre,8.5,131,47.9,475,0,0,-0.21,385,134,-1.26,36,0
2776,51,Mujer,5.5,151,65.3,7,0,1,0.641,13,142,-1.38,36,0
2777,49,Hombre,8.5,147,55,298,0,1,-0.2,244,150,-2.44,36,0
2778,62,Mujer,6.4,112,45,83,0,0,-0.506,50,111,-1.35,36,0
2779,72,Hombre,7.9,118,40.7,50,0,0,0.011,51,129,-2.06,36,0
2780,69,Hombre,9.3,148,28.4,28,0,0,0.221,35,140,-2.88,36,0
2781,76,Hombre,9,155,31.2,41,0,1,0.366,59,151,-2.08,36,0
2782,60,Hombre,7.6,148,54.9,60,0,0,0.405,90,156,-2.97,36,0
2783,54,Mujer,6.9,109,57.7,27,0,0,1.556,128,115,-2.69,36,0
2784,51,Hombre,8.4,126,33.4,38,1,0,0.17,45,130,-1.86,36,0
2785,78,Hombre,10.4,143,46.5,88,1,1,-0.818,39,137,-1.02,36,0
2786,81,Mujer,7.2,97,40.5,47,0,0,-0.438,30,97,-0.85,36,0
2787,55,Hombre,8.4,105,49.4,70,1,0,0.27,92,106,-2.32,36,0
2788,57,Mujer,8.4,123,67.6,223,0,1,-1.2,67,121,0.48,36,0
2789,86,Hombre,9.3,141,37.6,59,0,1,0.64,112,137,-3.84,36,0
2790,55,Mujer,8.8,123,49.6,109,0,1,-1.497,24,127,0.53,36,0
2791,55,Hombre,5.5,132,56.4,18,0,0,0.165,21,138,-0.11,36,0
2792,53,Mujer,7.4,128,41.7,152,0,1,-0.706,75,125,-1.27,36,0
2793,51,Mujer,6.1,138,46.7,39,0,0,0.744,82,137,-0.66,36,0
2794,57,Mujer,6.8,141,55,34,0,1,-0.089,31,135,-0.47,36,0
2795,81,Mujer,6.2,138,53,63,1,0,0.182,76,143,-2.81,36,0
2796,59,Mujer,9.1,150,48.3,794,0,1,-1.081,269,163,-1.24,36,0
2797,47,Hombre,8.4,110,66,130,1,1,-0.289,97,91,-1.43,36,0
2798,69,Mujer,8.7,140,51,105,0,1,0.02,107,127,-3.21,36,0
2799,44,Mujer,8.8,142,47,216,0,1,-0.226,172,139,-1.07,36,0
2800,56,Hombre,7.9,151,44.6,742,0,0,-0.14,645,153,-3.91,36,0
2801,76,Mujer,6.7,152,40.2,119,1,0,-0.938,47,169,-1.02,36,0
2802,62,Mujer,7.7,160,46.6,658,0,0,-0.221,527,170,-2.95,36,0
2803,40,Mujer,8.4,132,47,377,0,1,-0.288,283,119,-1.27,36,0
2804,77,Mujer,9.6,151,63,322,1,1,-0.033,311,144,-4.01,36,0
2805,49,Hombre,8,169,40.2,681,0,1,-0.433,442,166,-0.52,36,0
2806,62,Mujer,6.4,145,58.5,15,1,1,-0.638,8,136,0.2,36,0
2807,67,Mujer,6.1,160,37.5,382,1,0,0.277,504,157,-3.05,36,0
2808,49,Hombre,7,120,64,46,1,0,0.038,48,118,-0.8,36,0
2809,56,Mujer,7.5,117,43.7,1002,0,1,-0.699,498,116,-1.66,36,0
2810,62,Mujer,6.3,151,45.3,143,1,0,-0.181,119,154,-3.56,36,0
2811,59,Hombre,8.1,129,39.8,52,0,0,0.774,113,142,-3.88,36,0
2812,67,Hombre,5.5,126,42.8,214,0,1,-0.114,191,118,0.04,36,0
2813,64,Hombre,6.8,111,38.4,122,0,1,-0.328,88,104,-1.07,36,0
2814,49,Hombre,6.3,125,40.8,346,0,1,-0.484,213,122,-0.99,36,0
2815,51,Mujer,7.1,116,66.7,20,0,1,-0.459,13,101,-2.02,36,0
2816,58,Hombre,6.2,120,42.9,86,1,0,0.619,160,122,-2.68,30.93,1
2817,66,Hombre,7,168,47.3,65,0,1,-0.412,43,186,-2.05,36,0
2818,80,Hombre,9.3,161,50.1,1334,1,0,0.284,1773,167,-5.78,36,0
2819,80,Mujer,8.1,124,49.3,325,0,1,-1.232,95,126,-1.13,36,0
2820,64,Hombre,8,131,63.1,29,0,1,0.015,29,121,0.15,36,0
2821,45,Hombre,9.4,127,54.6,82,1,0,-0.506,49,130,-0.09,36,0
2822,72,Mujer,7.4,138,50.1,173,0,1,-0.273,132,128,-3.2,36,0
2823,75,Mujer,9.1,143,44.1,489,1,1,-0.638,258,131,-1.37,36,0
2824,60,Hombre,9.7,140,42.8,714,0,1,0.42,1086,122,-4.36,36,0
2825,67,Mujer,7.7,108,47.7,46,0,0,-0.036,44,123,0.1,36,0
2826,56,Hombre,7.8,144,42.1,45,0,0,0.428,69,139,-1.91,36,0
2827,63,Hombre,6.9,130,38.4,25,0,0,-0.429,16,119,-0.25,36,0
2828,67,Hombre,7.5,135,38.9,497,0,0,0.323,687,149,-2.36,36,0
2829,72,Hombre,8.3,155,42.2,92,0,1,0.255,119,157,-1.53,36,0
2830,69,Hombre,8.1,131,34.6,67,0,1,0.239,85,122,-3.05,36,0
2831,67,Hombre,7.7,137,36.5,646,0,0,0.285,859,134,-4.43,36,0
2832,51,Mujer,8,134,40.1,691,0,0,-0.018,678,123,-0.04,36,0
2833,78,Hombre,8.3,114,40.1,120,0,1,-0.158,102,94,-1.7,36,0
2834,40,Hombre,6.6,128,54.3,565,0,1,-0.852,241,123,-0.42,36,0
2835,55,Mujer,7.8,150,54.3,587,0,1,-0.38,401,128,-2.55,36,0
2836,76,Mujer,9.3,144,31.1,102,0,0,-0.032,99,147,-1.88,36,0
2837,57,Mujer,6.1,95,38.7,58,0,0,-0.266,44,89,-0.89,36,0
2838,60,Hombre,7.6,112,49.5,5,1,0,-0.368,3,116,1.84,36,0
2839,88,Hombre,6.8,156,43.3,71,1,0,0.748,150,158,-6.71,36,0
2840,73,Mujer,9.9,114,33.6,211,0,0,0.452,331,104,-4.97,36,0
2841,50,Mujer,7,118,49.7,73,0,1,-0.126,64,113,-0.58,36,0
2842,59,Hombre,8.4,123,47.5,183,0,1,0.236,232,125,-0.94,36,0
2843,55,Hombre,7.2,136,49.9,675,0,0,-0.601,370,133,-3.52,36,0
2844,65,Hombre,7.3,141,48.3,57,0,0,-0.119,51,150,-2.23,36,0
2845,50,Hombre,8.1,132,42.1,88,0,0,-0.3,65,136,-2.46,36,0
2846,61,Hombre,7.1,127,49.9,93,0,1,-0.204,76,112,-0.94,36,0
2847,78,Hombre,7,117,48.3,85,1,0,-0.248,66,119,-0.39,36,0
2848,71,Hombre,6.6,140,44.4,454,0,0,1.006,1241,147,-2.83,36,0
2849,69,Hombre,8.1,112,40.3,649,0,1,-0.57,367,95,-1.24,36,0
2850,58,Hombre,8.6,131,39.6,143,0,1,-0.998,53,122,-1.08,36,0
2851,61,Hombre,7.2,125,31.4,36,0,0,1.053,103,129,-4.43,36,0
2852,68,Hombre,8.7,105,29.3,152,1,0,-1.013,55,97,-1.65,36,0
2853,50,Hombre,6,118,52.8,36,1,0,0.078,39,125,-2.19,36,0
2854,38,Mujer,9.5,132,31.3,796,0,0,-0.643,418,134,-1.45,36,0
2855,61,Mujer,5.6,116,54.2,16,0,1,0.58,29,110,-1.77,36,0
2856,60,Mujer,7.3,140,53.9,129,0,0,-0.345,91,147,-1.01,36,0
2857,72,Mujer,8.3,160,41.3,201,0,1,-0.149,173,165,-2.77,17.03,1
2858,58,Mujer,10.6,146,61.6,126,0,1,0.045,132,130,-2.73,36,0
2859,56,Mujer,8.4,121,46.9,97,0,0,0.013,98,126,-1.54,36,0
2860,69,Hombre,7.4,113,36.8,40,0,0,0.526,68,108,-2.06,36,0
2861,57,Mujer,8.1,116,46.4,41,0,1,-0.872,17,109,0.86,36,0
2862,80,Mujer,5.8,176,51.9,109,0,0,0.971,288,167,-4.37,36,0
2863,54,Hombre,9.5,109,47.7,657,0,0,-0.011,650,102,-1.8,36,0
2864,72,Hombre,7.7,115,47.1,73,0,0,0.414,110,111,-3.94,36,0
2865,43,Mujer,7.5,161,72.6,96,0,1,-0.02,94,151,-0.15,36,0
2866,79,Hombre,6.7,132,45.6,18,1,0,0.414,27,128,-2.43,31.09,1
2867,63,Hombre,6.2,114,37.7,117,0,0,0.646,223,119,-2.02,36,0
2868,43,Mujer,5.6,123,64,54,0,0,1.192,178,120,-2.87,36,0
2869,49,Hombre,5.6,134,51.2,228,1,1,-0.836,99,125,0.04,36,0
2870,62,Mujer,6.5,131,51.2,290,0,0,-0.206,236,138,-2.94,36,0
2871,81,Mujer,8.7,126,52.6,126,0,1,0.546,218,122,-3.07,36,0
2872,58,Hombre,8.4,128,50.8,36,0,1,-0.573,20,128,0.5,36,0
2873,62,Mujer,7.1,111,46.1,361,0,1,-0.428,235,89,-0.43,36,0
2874,73,Mujer,10.5,128,44,131,1,1,0.366,189,142,-3.16,36,0
2875,64,Hombre,9.5,95,50,19,0,1,-0.06,18,78,0.94,36,0
2876,61,Mujer,7.5,146,52.6,38,0,1,0.161,45,142,-1.12,36,0
2877,63,Mujer,6.4,146,33.2,74,0,0,-0.735,35,151,-0.51,36,0
2878,60,Hombre,7.9,132,33.6,61,1,1,-0.093,56,127,0.94,36,0
2879,66,Hombre,6.5,135,36.5,43,1,0,-0.061,40,137,-4.09,27.7,1
2880,68,Hombre,6.8,166,44.5,55,0,0,0.663,107,167,-4.41,21.57,1
2881,48,Mujer,9.7,132,59.2,279,0,1,0.294,374,116,-1.06,36,0
2882,61,Mujer,8.1,139,57.8,124,1,1,0.282,164,126,-2.46,36,0
2883,55,Hombre,9.1,165,34.8,879,0,1,-0.175,738,156,-2.86,36,0
2884,69,Hombre,6.7,121,38.4,19,0,0,0.455,30,126,-2.93,36,0
2885,63,Mujer,7.4,122,32.3,75,0,1,0.013,76,101,-2.39,36,0
2886,51,Hombre,8.9,132,46.4,83,0,1,0.304,113,138,-2.46,36,0
2887,68,Mujer,8.3,117,50.7,50,0,0,0.57,88,111,-1.02,22.71,1
2888,42,Hombre,9.1,149,43.9,117,0,1,0.746,247,156,-2.29,36,0
2889,73,Hombre,5.5,140,43.5,157,1,0,0.031,162,139,-2.71,36,0
2890,48,Mujer,6.6,123,43.3,76,0,0,-0.332,55,126,-1.14,36,0
2891,81,Mujer,6.6,152,56.8,339,1,1,-0.313,248,153,-2.55,36,0
2892,58,Hombre,8,135,67.6,476,0,1,-0.623,255,116,-1.17,36,0
2893,60,Hombre,9.2,132,54.1,141,0,0,-0.129,124,131,-2.8,36,0
2894,52,Hombre,8.1,123,42,74,0,1,-0.069,69,111,-0.84,36,0
2895,46,Mujer,7.4,163,56.5,115,0,1,-0.816,51,165,-2.3,36,0
2896,66,Hombre,7.7,140,41.4,1314,0,0,-0.803,589,144,-3.13,36,0
2897,49,Hombre,10.4,123,46.5,220,0,1,0.361,316,100,-2.68,36,0
2898,71,Mujer,8.5,157,62.9,156,1,1,0.478,252,144,-5.39,36,0
2899,44,Mujer,7.8,118,42.9,18,0,1,-0.381,12,99,0.78,36,0
2900,57,Hombre,8,120,53.4,54,0,1,-0.369,37,101,-0.18,36,0
2901,69,Mujer,8.4,134,41.8,143,0,1,0.024,147,129,-2.06,36,0
2902,62,Mujer,7.8,114,46.2,34,0,1,0.305,46,110,-0.69,36,0
2903,70,Hombre,9.4,146,54.6,104,1,1,-0.969,39,139,-0.77,36,0
2904,66,Mujer,7.6,130,43.8,68,0,0,0.448,106,140,-1.78,36,0
2905,64,Hombre,8.4,140,25.7,24,0,0,-0.238,19,139,-0.22,36,0
2906,82,Hombre,9.5,130,31.9,322,0,0,0.501,532,135,-4.01,36,0
2907,53,Hombre,7.8,144,55.5,377,0,0,-0.543,219,151,-2.52,36,0
2908,63,Mujer,7.4,116,47.6,529,1,1,-0.652,275,105,0.3,36,0
2909,56,Mujer,8.5,158,45,100,0,1,0.191,121,150,-2.35,36,0
2910,55,Mujer,8.1,137,52.2,171,0,1,-0.357,120,147,-0.27,36,0
2911,61,Mujer,7.7,136,63.9,112,0,1,-1.035,40,137,1.77,36,0
2912,54,Mujer,9.6,121,58,139,0,1,-0.567,79,119,0.44,2.42,1
2913,71,Hombre,8.5,128,50.2,257,1,1,-0.131,225,127,-2.79,36,0
2914,72,Hombre,8.1,161,47.1,324,1,0,-0.123,286,149,-3.04,36,0
2915,68,Hombre,8.9,145,51.6,64,0,0,0.565,113,156,-2.75,36,0
2916,44,Hombre,8,118,57,370,0,1,-0.276,281,110,0.84,36,0
2917,59,Hombre,8.5,129,44.2,143,0,1,-1.206,43,114,0.17,36,0
2918,67,Mujer,7.1,133,31.8,1730,0,1,-0.36,1206,123,-3.32,36,0
2919,62,Mujer,10.2,134,62.1,57,0,0,0.498,94,137,-1.92,36,0
2920,78,Hombre,6,123,53.4,26,1,0,-0.092,24,125,-2.97,36,0
2921,59,Hombre,7.3,124,45.6,172,0,1,-0.145,149,122,-1.65,36,0
2922,62,Hombre,7.3,151,36.9,123,0,0,0.517,206,165,-4.28,36,0
2923,66,Mujer,7.7,114,26.9,38,0,0,0.344,54,120,-1.93,36,0
2924,68,Mujer,6,132,32.9,35,0,0,-0.247,27,132,-0.85,36,0
2925,68,Hombre,9.2,138,47.6,216,0,0,0.579,386,130,-5.09,36,0
2926,58,Hombre,7.8,163,44.6,98,0,1,-0.924,39,140,1.06,36,0
2927,78,Mujer,8.1,123,37.5,400,0,0,0.165,472,115,-3.52,36,0
2928,68,Mujer,6.6,142,51.4,34,0,1,-0.069,32,135,-0.57,36,0
2929,67,Hombre,8.4,175,52.9,42,0,0,0.527,71,168,-3.55,36,0
2930,54,Hombre,8.5,125,44.9,160,0,0,-0.085,147,115,-2.89,36,0
2931,54,Mujer,6.2,112,50.9,13,0,0,0.18,16,106,-0.22,36,0
2932,57,Hombre,7.3,131,51.3,72,0,1,-0.842,31,130,2.5,36,0
2933,57,Hombre,8.8,149,45.3,238,0,1,0.267,311,151,-1.94,36,0
2934,72,Mujer,6.6,139,37.8,145,0,0,0.516,243,148,-1.8,36,0
2935,72,Hombre,8.4,134,51.4,733,0,0,0.5,1209,133,-4.67,36,0
2936,71,Hombre,7.4,137,54.2,119,1,0,0.528,202,124,-3.15,36,0
2937,63,Hombre,7.7,157,34.9,483,0,0,-0.983,181,169,0.25,36,0
2938,57,Mujer,8.7,147,46.7,624,0,1,-0.541,363,157,-1.27,36,0
2939,48,Mujer,8.7,137,60.9,124,0,1,0.199,151,133,-1.17,36,0
2940,51,Mujer,5.7,131,56,27,0,1,-0.32,20,120,0.73,36,0
2941,79,Mujer,8.1,165,39.5,362,1,1,-0.165,307,154,-5.34,36,0
2942,56,Mujer,8.2,108,61,75,0,0,0.604,137,120,-1.59,36,0
2943,54,Mujer,8.3,126,36.5,1429,0,1,-0.299,1060,129,-0.83,36,0
2944,58,Mujer,6.9,122,56.2,853,0,1,-0.386,580,115,-1.97,36,0
2945,54,Hombre,7.7,144,57.9,86,0,1,0.117,97,142,-1.62,36,0
2946,55,Hombre,6.7,152,37.8,91,0,0,0.094,100,153,-2,36,0
2947,82,Mujer,8.9,128,44.9,207,0,0,-0.422,136,126,-2.61,36,0
2948,56,Mujer,5.5,124,46.6,189,0,0,-0.172,159,127,-1.31,36,0
2949,59,Hombre,10.2,134,55.3,115,0,1,-0.165,97,137,-2,36,0
2950,63,Mujer,5.5,140,53.2,67,0,0,-0.022,66,154,-1.55,36,0
2951,84,Hombre,7.6,128,41.1,82,0,0,0.77,177,125,-4.15,16.76,1
2952,60,Mujer,6.6,142,46,132,0,0,0.434,204,148,-3.32,36,0
2953,66,Mujer,7.8,135,48.4,278,1,1,-0.14,242,125,-1.88,36,0
2954,67,Hombre,6.6,139,56.6,60,0,1,-0.877,25,140,-0.35,36,0
2955,61,Hombre,7.4,141,50.5,273,0,0,-0.155,234,134,-1.88,36,0
2956,42,Hombre,10.2,138,42.9,761,0,1,-0.295,567,128,-3.49,36,0
2957,78,Hombre,7.8,134,56,99,0,0,0.218,123,135,-2.4,36,0
2958,62,Hombre,8.1,132,44.9,269,1,1,0.008,271,100,-1.97,36,0
2959,68,Mujer,7.7,120,37.6,94,0,0,0.224,118,106,-2.94,36,0
2960,57,Mujer,8.4,128,47.2,57,0,0,0.744,120,123,-3.05,36,0
2961,70,Hombre,6.5,136,39.5,229,0,0,-0.745,109,135,-0.55,36,0
2962,72,Mujer,7,127,48.9,100,0,0,0.228,126,132,-1.57,36,0
2963,79,Hombre,6.2,139,29.3,16,0,0,0.702,32,137,-3.19,36,0
2964,55,Hombre,8.1,169,55.6,63,1,0,-0.303,47,160,-1.68,36,0
2965,66,Mujer,7,134,30,174,0,0,0.367,251,128,-3.29,11.65,1
2966,62,Hombre,9.3,152,50.4,697,0,1,-1.185,213,153,-0.73,36,0
2967,60,Mujer,7.5,157,46.3,12,0,0,0.347,17,160,-1.68,36,0
2968,54,Mujer,7.4,133,49.1,84,0,0,0.608,154,136,-1.26,36,0
2969,70,Hombre,7.2,151,36,139,1,0,0.676,273,148,-4.94,36,0
2970,68,Hombre,8.7,145,49.5,389,1,1,-0.946,151,128,-1,36,0
2971,83,Hombre,8.3,120,33,215,1,0,0.459,340,126,-3.86,36,0
2972,43,Mujer,7.7,131,49.4,158,1,1,0.183,190,122,-2.46,36,0
2973,84,Hombre,6.8,164,39.4,208,1,1,-1.323,55,140,-3,36,0
2974,58,Hombre,6.8,162,53.6,27,0,1,0.577,48,161,-3.77,9.38,1
2975,75,Mujer,8.5,140,46.1,174,0,0,0.126,197,136,-3.66,3.65,1
2976,66,Hombre,8.7,97,56.5,75,1,0,0.014,76,87,-3.15,36,0
2977,69,Mujer,12,146,38.2,1553,1,0,0.742,3261,130,-5.89,6.01,1
2978,66,Hombre,7.5,159,53.1,116,0,1,-0.74,55,146,-1.5,36,0
2979,76,Hombre,6.3,152,44.4,27,0,0,0.135,31,145,-1.51,36,0
2980,57,Hombre,7.6,129,50.2,80,0,1,-0.182,67,122,-1.67,36,0
2981,71,Hombre,7,110,51.5,84,0,0,-0.197,69,122,-2.43,36,0
2982,49,Hombre,6.3,134,49.5,25,0,1,-0.263,19,125,1.09,36,0
2983,55,Hombre,7.3,138,50.5,38,0,0,-0.744,18,147,-0.64,36,0
2984,69,Mujer,6.7,141,49.1,158,0,0,1.078,464,143,-2.8,36,0
2985,67,Mujer,5.9,118,46.1,35,0,0,1.302,129,129,-3.39,36,0
2986,62,Hombre,10.2,124,50.4,201,0,1,-0.537,118,115,-1.6,36,0
2987,63,Mujer,7.6,158,44.2,115,0,1,-0.936,45,126,-0.8,36,0
2988,66,Hombre,7.2,147,35.1,26,0,0,1.345,100,142,-4.27,36,0
2989,73,Mujer,7.8,121,52.3,46,0,0,-0.388,31,116,-2.04,36,0
2990,46,Mujer,8.1,123,48.3,49,0,1,-0.935,19,119,0.76,36,0
2991,66,Mujer,8.3,131,33.6,107,1,1,0.831,246,128,-6.05,6.38,1
2992,48,Mujer,7.8,100,66.1,54,0,1,-0.777,25,102,2.17,36,0
2993,78,Hombre,9,161,44,497,0,0,0.37,719,170,-5.06,36,0
2994,73,Mujer,7.4,147,36,246,0,0,-0.272,187,167,-1.55,28.19,1
2995,61,Hombre,8.5,157,57.4,688,0,1,-0.901,279,152,-3.56,36,0
2996,76,Mujer,6.6,147,45.8,309,0,0,-0.12,274,143,-4.86,36,0
2997,59,Hombre,6.3,116,38.4,110,0,0,0.298,148,114,-1.73,36,0
2998,42,Hombre,7.8,139,59.6,47,0,1,-0.04,45,127,2.02,36,0
2999,50,Mujer,9.4,110,41.6,52,0,0,-1.036,18,115,-0.44,11.64,1
3000,63,Mujer,8.5,108,35.8,20,0,0,-0.768,9,91,-0.29,36,0
3001,55,Mujer,9.3,157,32.7,281,0,1,-0.591,156,144,-0.6,36,0
3002,66,Hombre,5.9,102,44.7,91,1,0,-0.263,70,112,-1.06,36,0
3003,82,Hombre,6.8,121,58.9,15,0,1,-0.053,14,136,-0.07,36,0
3004,61,Hombre,9.7,129,51.2,61,0,0,0.832,140,121,-2.85,36,0
3005,65,Mujer,8.2,133,35,140,1,1,0.203,172,137,-2.29,36,0
3006,73,Mujer,8.2,136,32.1,330,0,0,0.43,507,138,-3.7,36,0
3007,82,Hombre,7.6,134,51.2,40,0,0,0.584,72,139,-1.48,36,0
3008,39,Mujer,7.7,102,64.7,88,0,1,-0.448,56,106,1.55,36,0
3009,72,Mujer,7.6,158,59.3,187,0,1,0.014,190,145,-0.55,36,0
3010,56,Hombre,8.4,133,45.6,238,0,0,-0.227,190,130,-0.66,36,0
3011,64,Mujer,7.6,149,58.6,235,0,1,-0.712,115,143,-2.75,36,0
3012,44,Hombre,8.2,155,49.3,143,0,1,-0.456,91,159,-0.83,36,0
3013,57,Mujer,7.8,141,35.8,496,0,1,0.01,501,126,-1.48,36,0
3014,76,Hombre,10.1,147,45.3,143,1,1,-0.267,109,138,-3.36,36,0
3015,71,Hombre,5.8,136,39.4,26,0,0,-0.182,22,119,-0.7,36,0
3016,54,Mujer,9.8,141,58.4,32,0,0,0.356,46,151,-3.4,36,0
3017,66,Hombre,9.2,154,33.5,531,1,1,-0.896,217,150,-1.09,36,0
3018,60,Mujer,8.7,160,57.5,79,0,0,0.874,189,161,-3.22,36,0
3019,47,Hombre,6.8,149,44.9,15,0,0,1.849,95,151,-3.33,36,0
3020,57,Mujer,8.4,121,38.6,26,1,0,-0.205,21,108,-2.76,36,0
3021,78,Mujer,9.1,137,28.7,84,1,0,0.047,88,126,-5.04,36,0
3022,59,Mujer,8.6,137,46.7,147,0,1,-0.55,85,126,-0.23,36,0
3023,52,Hombre,7.1,124,42.5,135,0,0,0.684,268,114,-2.21,36,0
3024,71,Mujer,5.7,145,35.4,35,0,0,0.259,45,149,-1.79,36,0
3025,63,Hombre,9.3,130,48.9,157,0,1,-1.27,44,118,0.93,36,0
3026,56,Mujer,7.4,128,39.9,323,1,1,-0.04,310,121,-0.76,36,0
3027,65,Mujer,6.1,119,72.7,19,0,1,-0.373,13,94,1.95,36,0
3028,35,Hombre,7.8,127,55.3,26,0,1,-0.43,17,115,1.14,36,0
3029,71,Hombre,7.1,131,51.5,218,0,1,-0.481,135,123,0.22,36,0
3030,55,Mujer,8.9,130,40.9,183,0,0,-0.543,106,122,-0.86,36,0
3031,71,Mujer,7.7,144,40.6,244,1,1,-0.279,185,130,-2.61,36,0
3032,81,Mujer,9.1,133,48.2,978,0,0,-0.001,977,136,-4.62,36,0
3033,70,Hombre,8.9,115,44.2,167,0,0,0.138,192,112,-1.6,19.44,1
3034,64,Mujer,9.3,154,47.2,607,0,1,0.112,679,142,-3.38,36,0
3035,49,Hombre,5.9,120,52.1,124,0,0,0.208,153,126,-1.07,36,0
3036,49,Hombre,6.9,137,42.6,247,0,0,0.158,289,134,-1.13,36,0
3037,63,Mujer,7.9,158,51.6,109,0,0,0.148,126,154,-3.77,36,0
3038,52,Mujer,12,137,58.6,513,0,1,-1.253,147,127,-2.15,36,0
3039,60,Mujer,7.3,95,53.9,197,0,1,-1.237,57,80,1.92,36,0
3040,52,Mujer,9.2,149,51.7,68,1,0,0.598,124,144,-6.21,36,0
3041,80,Mujer,8.7,152,53.4,21,0,0,0.738,44,160,-3.92,36,0
3042,58,Mujer,8.3,127,35.2,428,0,1,-0.247,334,125,-2.92,36,0
3043,66,Hombre,8.8,116,34.1,130,0,1,-0.5,79,114,-0.78,36,0
3044,66,Hombre,6.6,123,57.8,57,1,0,0.354,81,124,-3.87,36,0
3045,65,Mujer,8.4,141,48.9,174,0,0,0.226,218,137,-3.56,36,0
3046,53,Hombre,5.5,145,41.6,98,1,0,-0.432,64,151,-1.56,36,0
3047,66,Hombre,7.4,142,41.5,170,0,1,-0.012,168,135,-1.71,36,0
3048,70,Mujer,7.2,131,35,97,1,1,-0.408,65,126,-1.86,36,0
3049,55,Hombre,5.5,95,53.5,9,0,0,0.85,21,97,-0.79,36,0
3050,90,Hombre,6.4,147,31.7,214,0,0,0.29,286,143,-5.44,36,0
3051,62,Mujer,8.8,132,59,193,0,1,-0.354,135,126,-2.16,36,0
3052,60,Hombre,7.4,127,48.5,40,0,0,0.945,103,128,-2.22,36,0
3053,56,Mujer,8.4,152,63.5,163,0,0,0.897,400,153,-3.82,36,0
3054,77,Hombre,9.7,132,37.2,137,1,0,-0.16,117,141,-2.15,36,0
3055,90,Mujer,9.1,139,36.1,127,1,0,-0.457,80,117,-2.18,36,0
3056,57,Mujer,8.2,157,50.9,222,0,1,-0.855,94,150,-2.01,36,0
3057,56,Mujer,8,137,42.5,592,0,1,-0.109,531,129,-2.64,36,0
3058,59,Hombre,9,143,61.3,603,1,1,0.144,696,131,-3.59,36,0
3059,50,Mujer,9.5,138,51.9,63,0,1,0.407,95,138,-1.37,36,0
3060,80,Hombre,8.2,121,48.6,161,0,0,0.13,183,120,-2.71,36,0
3061,57,Mujer,7.2,116,41.2,19,1,0,0.976,50,119,-0.39,36,0
3062,49,Hombre,8.9,153,47.2,476,0,0,0.162,559,143,-2.67,36,0
3063,51,Hombre,7.6,144,38.2,126,0,0,0.333,176,155,-3.81,36,0
3064,60,Hombre,9.1,146,49,253,0,1,-0.501,153,135,-1.74,36,0
3065,50,Mujer,6.9,149,51.5,92,0,1,0.773,199,129,-2.21,36,0
3066,67,Hombre,6.7,128,55.4,120,1,1,-0.708,59,132,0.63,36,0
3067,56,Hombre,6.1,129,50.9,46,0,1,-0.322,33,120,-0.73,36,0
3068,74,Hombre,7.9,150,35.3,22,0,0,0.041,23,154,-4.91,36,0
3069,73,Hombre,7.8,117,66.8,14,1,1,-0.291,10,120,-0.92,36,0
3070,66,Mujer,6.1,152,59.5,124,0,0,0.349,176,150,-1.53,36,0
3071,67,Mujer,9.3,135,56,667,1,1,-0.707,329,117,-2.13,36,0
3072,66,Mujer,6.4,118,42.8,236,0,0,-0.458,149,120,-2.36,36,0
3073,61,Hombre,6.8,149,38.3,610,0,1,-0.279,461,138,-1.46,36,0
3074,60,Hombre,6.7,131,28.8,215,1,0,0.404,322,116,-3.21,36,0
3075,67,Hombre,8.7,128,31.9,1148,0,1,-0.675,584,110,-2.05,36,0
3076,58,Hombre,10.9,136,61.1,222,0,1,-0.24,175,127,-2,6.17,1
3077,60,Hombre,8.4,138,48.1,86,0,1,-0.142,75,129,0.26,36,0
3078,60,Hombre,7.7,148,42.8,40,1,0,0.264,52,135,-3.77,36,0
3079,62,Hombre,8.9,131,42.3,42,0,0,-0.648,22,143,-0.84,36,0
3080,51,Hombre,6.8,138,48.3,87,0,1,0.701,175,133,-3.24,36,0
3081,66,Hombre,9.5,139,36.2,711,0,1,0.196,865,129,-4.07,36,0
3082,71,Hombre,8.8,125,41,103,0,0,-0.02,101,137,-1.44,36,0
3083,73,Hombre,9,131,45.5,258,1,1,-0.43,168,124,-2.04,36,0
3084,46,Mujer,9,164,47.8,263,1,0,0.403,394,164,-4.28,36,0
3085,55,Mujer,9.3,122,53.7,151,0,1,-1.373,38,116,-0.72,36,0
3086,77,Mujer,6.4,163,50.3,47,0,0,0.209,58,167,-4.19,36,0
3087,83,Hombre,8.3,138,39.5,72,1,1,0.021,74,131,-1.92,36,0
3088,57,Mujer,7.7,104,51.5,106,1,0,0.236,134,122,-1.66,36,0
3089,64,Mujer,7.5,134,40.4,166,0,0,0.242,212,141,-2.28,36,0
3090,56,Hombre,7.8,120,50.9,157,0,1,0.043,164,112,0.19,36,0
3091,42,Hombre,8.4,124,63.6,102,1,1,-0.465,64,118,0.65,36,0
3092,70,Mujer,7.9,116,48.7,294,0,1,-0.68,149,117,-1.62,36,0
3093,55,Hombre,7.8,118,42.1,61,0,1,-0.401,41,116,-0.97,36,0
3094,69,Hombre,6.9,151,43.9,125,0,0,0.476,201,149,-2.13,36,0
3095,78,Hombre,7.8,131,45.3,358,0,0,0.616,663,135,-3.35,36,0
3096,59,Hombre,7.5,120,50.9,126,1,0,0.185,152,131,-2.71,36,0
3097,78,Mujer,9.1,148,32.8,193,1,0,-1.008,70,146,-2.61,36,0
3098,59,Hombre,8.2,137,57.4,75,0,1,0.015,76,121,-1.28,36,0
3099,81,Hombre,11.3,146,32.3,558,1,1,0.117,627,146,-3.83,36,0
3100,72,Mujer,9.1,125,44.1,767,0,0,-0.059,723,107,-4.04,36,0
3101,65,Hombre,7.4,128,41.8,194,0,1,0.452,305,141,-0.85,36,0
3102,69,Hombre,8.2,145,39.7,293,0,0,-0.615,158,146,-2.96,36,0
3103,64,Hombre,9.3,136,58.6,86,0,1,-0.614,47,130,-1.33,36,0
3104,66,Mujer,9.2,145,32.6,265,0,0,0.17,314,144,-4.25,36,0
3105,63,Mujer,6,130,20.3,94,0,0,0.459,149,130,-1.98,36,0
3106,57,Mujer,8.5,129,51.1,127,0,1,0.293,170,119,-1.41,36,0
3107,80,Hombre,8.9,144,40.8,289,0,1,-0.575,163,145,-2.06,36,0
3108,53,Mujer,7.7,114,41.3,45,0,0,0.489,73,112,-1,36,0
3109,72,Hombre,9.6,146,35.7,280,1,0,-0.299,208,151,-3.17,36,0
3110,84,Mujer,9.3,134,31.2,905,0,0,-0.509,544,130,-1.23,36,0
3111,48,Mujer,9.6,128,48.8,170,0,0,-0.378,117,136,-1.5,36,0
3112,53,Hombre,6.5,127,55.4,49,1,0,0.587,88,132,-0.88,36,0
3113,52,Hombre,8.8,136,53.7,153,0,1,-0.976,58,133,0.56,36,0
3114,64,Hombre,7.7,133,49.1,88,0,0,0.753,187,118,-4.28,36,0
3115,59,Mujer,8.9,119,54.4,37,0,0,0.424,57,114,-0.95,36,0
3116,73,Hombre,6.2,128,40,83,1,0,-0.18,69,121,-2.79,36,0
3117,76,Mujer,7.9,117,54.1,102,0,0,-0.413,68,114,-0.82,36,0
3118,81,Hombre,9.9,129,26.8,184,1,0,-0.092,168,133,-5.9,36,0
3119,60,Hombre,8.4,127,59.8,122,0,1,-0.019,120,126,-3.35,36,0
3120,63,Hombre,10.5,152,48.9,18,0,0,-0.072,17,156,-2.95,36,0
3121,64,Hombre,7.1,133,47.7,168,1,0,-0.23,133,135,-2.74,36,0
3122,52,Mujer,8.3,129,53.4,42,0,0,-0.531,25,146,-1.5,36,0
3123,51,Mujer,5.5,149,55.8,84,0,0,0.194,102,144,-2.79,36,0
3124,52,Mujer,7.1,135,45.2,582,0,1,-0.41,386,124,-1.67,36,0
3125,62,Mujer,6.3,130,51.5,47,0,0,0.031,48,134,-1.55,36,0
3126,61,Mujer,9.6,151,55.6,358,1,0,-0.316,261,157,-4.37,8.29,1
3127,65,Hombre,7,131,50.5,32,0,0,0.371,46,132,-2.34,36,0
3128,61,Hombre,7.3,141,45.5,398,0,0,0.396,592,139,-2.55,36,0
3129,52,Hombre,9,116,55.3,617,0,1,0.108,687,106,-2.1,36,0
3130,45,Mujer,7.8,104,64.4,85,0,0,-0.158,73,93,-0.99,36,0
3131,53,Hombre,6.7,124,51.9,19,0,0,-0.149,16,147,-1.15,36,0
3132,71,Hombre,8.2,146,41.6,77,1,0,-0.068,72,136,-3.33,36,0
3133,49,Hombre,9,143,57.6,318,0,0,-0.16,271,143,-3.53,36,0
3134,67,Mujer,7.1,141,36.6,136,0,1,0.291,182,133,-2.03,36,0
3135,58,Mujer,5.5,160,57.7,426,0,1,-0.602,233,153,-1.36,36,0
3136,60,Mujer,5.5,141,47.9,63,0,0,0.252,81,146,-1.62,36,0
3137,70,Mujer,9.5,107,36,277,0,1,-0.336,198,89,-1.86,36,0
3138,59,Hombre,8.7,104,52.3,11,1,0,0.296,15,108,-1.7,36,0
3139,70,Mujer,8.1,135,38.5,586,1,1,-0.463,369,126,-3.35,36,0
3140,78,Hombre,9.6,168,36.8,390,1,1,0.027,401,162,-3.99,36,0
3141,76,Mujer,8.4,128,38.3,313,0,0,0.077,338,127,-4.6,36,0
3142,54,Mujer,7.9,130,59.3,33,0,1,0.272,43,115,-1.85,36,0
3143,66,Hombre,9.9,128,43.4,350,0,1,-0.073,325,131,-2.07,36,0
3144,66,Mujer,7.3,146,55.6,654,0,1,-0.264,502,144,-2.2,36,0
3145,52,Hombre,6.5,125,57.2,74,0,1,-0.578,42,112,0.63,36,0
3146,60,Mujer,7.8,124,66.6,438,0,1,-0.12,389,122,-1.97,36,0
3147,74,Mujer,7.6,129,56.7,135,0,1,0.048,142,131,-1.08,36,0
3148,72,Hombre,9.6,119,42.9,279,0,0,0.604,510,113,-4.09,36,0
3149,66,Mujer,7.2,151,35.7,731,0,1,-0.294,545,138,-0.91,36,0
3150,67,Mujer,8.7,105,38.4,199,0,0,-0.205,162,97,-3.21,36,0
3151,58,Hombre,5.5,146,46.5,196,0,0,-0.359,137,171,-3.49,36,0
3152,69,Mujer,9.2,129,53.4,103,0,0,-0.004,103,135,-2.17,18.79,1
3153,68,Hombre,8.5,108,39.8,945,1,1,-0.265,725,97,-3.54,36,0
3154,66,Mujer,8.1,140,32.4,593,0,1,-0.199,486,144,-1.97,36,0
3155,76,Hombre,5.7,136,46.2,54,0,0,-0.731,26,135,-0.23,36,0
3156,59,Hombre,10.6,141,47.4,1327,0,0,-0.274,1009,147,-4.08,36,0
3157,55,Hombre,10.2,141,42.9,63,0,0,0.946,162,131,-2.37,36,0
3158,65,Mujer,9.6,137,55.2,85,0,1,-0.066,80,129,-3.98,36,0
3159,58,Hombre,7.6,155,42.4,166,0,0,0.151,193,145,-2.72,36,0
3160,52,Mujer,7.5,136,56.4,54,0,0,-0.059,51,137,-0.84,36,0
3161,47,Mujer,6.6,120,65.7,17,0,1,-0.8,8,116,1.2,36,0
3162,62,Mujer,8.8,145,59.6,53,0,0,-0.086,49,127,-3.06,36,0
3163,77,Mujer,9.6,154,45.8,25,0,0,-0.014,25,153,-2.44,36,0
3164,70,Hombre,7.7,139,50.2,97,0,0,-0.19,80,138,-0.3,36,0
3165,71,Mujer,10.6,139,35,188,0,1,0.278,248,140,-3.43,1.88,1
3166,70,Mujer,6.1,143,56,74,0,0,-0.376,51,138,-2.14,36,0
3167,51,Hombre,10,147,45.7,110,0,0,-0.495,67,147,-0.88,36,0
3168,51,Hombre,9.3,145,43,309,0,1,0.092,339,161,-2.36,36,0
3169,69,Hombre,5.5,113,45.7,88,0,0,-0.597,48,108,-1.89,36,0
3170,61,Hombre,5.5,131,32.7,76,0,0,0.285,101,125,-1.8,36,0
3171,52,Hombre,6.2,127,56.2,144,0,1,-0.51,86,120,-1.4,36,0
3172,55,Hombre,10.8,128,52.9,238,1,1,-0.608,130,119,-1.72,36,0
3173,58,Hombre,6.5,135,58.3,201,0,1,0.154,234,121,-1.18,36,0
3174,80,Hombre,9,142,30.2,697,0,0,0.31,950,145,-2.55,24.93,1
3175,52,Hombre,7,129,56.8,201,0,1,-1.163,63,121,1.99,36,0
3176,67,Hombre,6.6,136,47.3,130,1,0,0.287,173,138,-2.97,36,0
3177,62,Mujer,6,134,51,37,0,0,-0.312,27,136,-1.6,36,0
3178,82,Mujer,6.9,136,43.2,75,0,1,0.379,110,141,-3.6,36,0
3179,51,Mujer,8.5,133,44.8,265,0,1,-0.531,156,125,-0.58,36,0
3180,52,Mujer,6.7,147,45.5,57,0,0,0.043,60,137,-2.72,36,0
3181,57,Mujer,7.1,137,43.2,115,0,0,-0.242,90,133,-2.32,36,0
3182,45,Hombre,8.3,116,44.7,49,0,1,-0.238,39,109,-0.53,36,0
3183,60,Hombre,8.2,102,40.3,825,0,1,-0.349,582,101,-2.39,36,0
3184,52,Mujer,6.8,120,53.1,123,1,1,0.157,144,115,-0.55,36,0
3185,56,Mujer,8.1,168,55.2,127,0,1,-0.048,121,149,-1.45,36,0
3186,78,Mujer,7.4,173,36.1,3208,1,0,0.389,4732,184,-5.65,30.05,1
3187,65,Hombre,8.3,109,45.2,22,1,0,0.082,24,114,-1.44,36,0
3188,75,Hombre,8,148,57.6,447,0,1,-0.01,442,140,-4.09,36,0
3189,63,Mujer,7.3,156,37.5,170,0,0,0.637,322,168,-2.99,36,0
3190,56,Hombre,6.8,124,44.2,117,0,1,0.644,223,115,-2.22,36,0
3191,65,Mujer,7.3,155,34.3,96,0,1,0.298,129,157,-4.13,36,0
3192,61,Mujer,6.4,150,39.8,143,0,1,-0.171,120,151,-1.72,11.6,1
3193,71,Hombre,9.2,144,41.1,98,1,1,0.3,132,138,-2.6,36,0
3194,56,Mujer,7.3,134,55.8,79,0,1,-0.469,49,131,-0.05,36,0
3195,67,Hombre,5.5,134,52.8,39,1,0,0.478,63,131,-2.02,36,0
3196,55,Hombre,7,176,52.2,1112,1,1,-0.307,818,166,-2.57,36,0
3197,69,Mujer,7.2,151,43.7,257,0,0,-0.399,173,164,0.14,36,0
3198,61,Hombre,9.1,130,48.7,808,1,1,0.104,897,120,-1.56,36,0
3199,75,Mujer,8.1,119,53.5,23,1,0,0.841,53,131,-3.77,36,0
3200,63,Hombre,7.5,153,47.4,53,0,0,0.707,108,150,-3.76,36,0
3201,69,Hombre,5.5,123,52.2,19,0,0,-0.953,7,125,1.53,36,0
3202,77,Hombre,9.3,132,34.8,141,0,0,-0.04,135,139,-3.1,36,0
3203,71,Mujer,8.9,147,35,336,0,1,-0.205,274,139,-0.56,36,0
3204,66,Hombre,7.1,132,49.2,51,0,1,-0.232,40,139,-0.14,36,0
3205,52,Mujer,6,129,42.9,85,0,1,-1.015,31,123,1.9,36,0
3206,68,Mujer,8.6,120,50,65,0,0,0.511,108,116,-3.14,36,0
3207,50,Mujer,9.5,139,56.3,294,0,1,-0.596,162,134,-0.88,36,0
3208,74,Mujer,7.1,142,50.1,396,1,1,-0.188,328,139,-1.63,36,0
3209,58,Hombre,8.8,123,40.4,280,0,0,-0.035,270,125,-1.03,36,0
3210,67,Hombre,7.9,143,34.4,195,1,0,0.077,211,145,-4.74,36,0
3211,55,Hombre,9.4,125,46.8,390,0,0,-0.363,271,127,-0.96,36,0
3212,65,Hombre,8.2,135,57,69,0,1,-0.253,54,124,-0.63,36,0
3213,64,Hombre,7.2,140,60.5,30,0,1,-0.127,26,130,1.06,36,0
3214,63,Mujer,7.6,143,55.8,13,0,0,-0.1,12,130,-0.56,36,0
3215,59,Mujer,7.4,107,41.7,92,0,0,-0.172,77,110,-1.9,36,0
3216,50,Hombre,10.1,142,43.5,281,0,0,-0.207,228,138,-4.22,36,0
3217,90,Mujer,6.9,141,46.8,71,1,0,0.917,178,122,-3.61,36,0
3218,53,Hombre,8.8,95,45.1,39,0,0,0.757,83,89,-1.7,36,0
3219,70,Mujer,7.9,115,41.9,66,0,0,0.186,79,99,-2.93,36,0
3220,55,Mujer,8.2,126,50.3,220,0,1,-0.213,178,117,-1.95,36,0
3221,51,Hombre,7.1,132,68.6,62,1,1,-0.011,61,134,-0.25,36,0
3222,79,Hombre,7,145,32.8,35,1,0,0.563,61,156,-1.42,36,0
3223,59,Mujer,8.8,119,49.3,50,0,0,0.469,80,126,-2.38,36,0
3224,62,Hombre,6.6,136,60.3,34,0,1,0.017,35,139,1.93,36,0
3225,83,Mujer,8.5,160,44.3,100,1,1,-0.617,54,158,-1.15,36,0
3226,71,Mujer,8.4,129,24.5,462,0,1,0.096,508,128,-4.32,36,0
3227,67,Hombre,7.7,167,36.8,77,0,0,0.05,81,161,-4.14,36,0
3228,59,Hombre,7.4,149,54,51,1,1,0.014,52,148,0.07,36,0
3229,61,Hombre,6.5,118,32.3,51,0,0,0.279,67,118,-3.59,36,0
3230,61,Hombre,8.4,144,38.3,85,1,1,0.109,95,128,-2.78,36,0
3231,60,Mujer,7.1,154,28.5,62,0,0,-0.624,33,152,-3.18,36,0
3232,78,Hombre,9,131,34.3,53,1,0,0.054,56,125,-1.41,1.25,1
3233,64,Hombre,7.9,138,57.8,197,0,1,-0.604,108,127,1.2,36,0
3234,56,Mujer,5.8,137,35,349,1,1,-0.019,342,137,-2.88,36,0
3235,73,Hombre,9.5,126,42.9,39,0,0,0.441,61,132,-2.08,36,0
3236,65,Hombre,8.2,141,33.2,343,1,0,-0.328,247,136,-2.41,36,0
3237,46,Hombre,6.8,140,53.2,175,0,1,0.266,228,123,-1.55,36,0
3238,55,Mujer,7.2,149,57.8,688,0,1,-0.77,319,139,-0.6,36,0
3239,58,Mujer,6.4,157,44.3,188,0,0,0.551,326,155,-1.73,36,0
3240,68,Hombre,5.7,122,50.6,50,1,0,-0.761,23,115,0.84,36,0
3241,56,Hombre,7.7,118,52.6,57,0,0,0.388,84,120,-1.67,36,0
3242,64,Hombre,9.1,131,54.7,148,1,1,-0.308,109,144,-2.22,36,0
3243,54,Hombre,7.8,151,60.6,154,0,1,-1.307,42,143,1.78,36,0
3244,75,Hombre,6.4,137,43.2,30,0,0,1.014,83,144,-5.9,36,0
3245,63,Hombre,9.6,144,29.1,26,0,0,-0.15,22,144,-2.62,33.25,1
3246,63,Mujer,8.6,130,57.9,294,1,1,0.353,419,126,-3.81,36,0
3247,54,Mujer,9.6,111,64.3,31,0,0,0.459,49,104,-1.54,36,0
3248,61,Hombre,8.2,159,43.1,62,0,1,0.421,94,151,-2.33,36,0
3249,72,Hombre,6.3,159,47.1,224,0,0,0.024,230,164,-1.68,36,0
3250,56,Hombre,7.9,116,65,83,0,0,-0.042,80,124,-1.57,36,0
3251,59,Hombre,7.3,147,56.9,235,0,1,-0.543,137,163,-1.6,36,0
3252,61,Hombre,9.2,122,39.6,87,0,0,0.522,147,124,-3.7,36,0
3253,43,Hombre,9.5,140,50.2,134,0,1,0.446,209,142,-2.39,36,0
3254,64,Hombre,5.8,135,50.1,134,1,0,-0.115,119,138,-1.38,3.22,1
3255,42,Mujer,7.1,122,50,140,0,0,0.551,243,134,-1.68,36,0
3256,80,Hombre,7,137,39.1,57,1,0,-0.171,48,147,-3.99,36,0
3257,63,Hombre,7.4,144,45.8,214,1,0,0.395,318,139,-2.48,36,0
3258,59,Hombre,8.5,121,46,151,0,0,-0.379,103,112,-2.41,36,0
3259,62,Hombre,6.4,101,53.7,23,1,0,0.939,59,95,-3.41,36,0
3260,71,Mujer,9,125,34,264,0,1,-0.136,230,114,-2.17,36,0
3261,62,Hombre,6.4,124,46.8,84,0,0,-0.193,69,110,-0.76,36,0
3262,66,Mujer,6,136,42.3,706,0,1,-0.331,507,138,-2.22,36,0
3263,69,Hombre,9.1,155,46.2,382,0,0,-0.816,169,153,-2.42,36,0
3264,58,Mujer,7.3,147,57.7,38,0,0,-0.122,34,133,-1.15,3.02,1
3265,58,Mujer,7.9,140,51.4,105,1,1,0.599,191,136,-0.93,14.78,1
3266,69,Mujer,7.9,156,57.3,50,1,0,-0.088,46,149,-2.22,36,0
3267,66,Hombre,7.6,154,50.6,94,0,0,0.375,137,155,-1.83,36,0
3268,67,Mujer,7.1,153,43.3,157,1,1,-0.344,111,148,-3.1,36,0
3269,82,Mujer,8.2,117,59.4,37,0,0,0.119,42,127,-2.43,27.34,1
3270,68,Mujer,8,132,40.9,18,0,0,1.095,54,135,-3.68,36,0
3271,47,Mujer,5.7,114,36.3,11,0,0,-0.034,11,118,1.62,36,0
3272,78,Mujer,7.6,143,40.1,149,1,0,-0.272,113,142,-3.25,36,0
3273,41,Mujer,7.5,140,44.2,111,0,0,0.011,112,146,-1.8,36,0
3274,65,Mujer,9.3,138,45.4,124,1,1,-0.537,72,124,-1.72,36,0
3275,67,Hombre,8.6,136,45,121,0,1,-0.128,106,127,-2.17,36,0
3276,61,Hombre,5.5,129,68.2,46,0,1,-0.234,36,120,0.29,36,0
3277,54,Hombre,7.3,119,64.2,27,0,0,-0.611,15,105,2.35,36,0
3278,63,Hombre,7.8,117,68.5,41,0,1,-0.45,26,110,-0.06,36,0
3279,64,Mujer,7,138,44.5,189,0,0,0.835,436,127,-2.64,36,0
3280,61,Hombre,8.2,149,48.4,10,0,1,0.46,16,146,-2.03,36,0
3281,60,Mujer,10.1,95,46.9,95,0,0,-0.219,76,96,-1.98,36,0
3282,63,Mujer,5.6,120,44.7,15,0,1,-0.073,14,113,2.59,36,0
3283,48,Hombre,6.5,137,44.1,108,0,1,-0.654,56,130,1.35,36,0
3284,78,Mujer,9.1,146,43.4,708,0,0,-0.054,671,151,-4.81,36,0
3285,72,Mujer,6.7,131,54,231,1,0,-0.611,125,139,-1.15,36,0
3286,59,Hombre,7.4,116,47.9,38,0,0,1.448,162,120,-3.37,36,0
3287,58,Mujer,8.1,141,39.4,305,0,0,-0.334,218,130,-3.06,36,0
3288,63,Mujer,7.6,145,68.6,75,0,0,0.582,134,135,-2.31,36,0
3289,66,Hombre,5.6,153,45,134,1,0,-0.362,93,154,-1.91,36,0
3290,65,Hombre,7.9,142,46.5,1711,1,1,-0.481,1057,134,-3.76,36,0
3291,53,Hombre,6.8,114,50.1,194,0,1,-0.857,82,116,-0.91,36,0
3292,72,Mujer,6.7,155,37.8,134,1,1,-0.483,83,145,-3.44,36,0
3293,70,Hombre,7.3,125,40.4,96,0,1,-0.321,70,113,0.39,36,0
3294,63,Mujer,5.5,109,49,35,1,0,0.311,48,95,-1.95,36,0
3295,65,Hombre,8,113,57.1,22,1,1,0.659,43,98,-1.78,36,0
3296,63,Hombre,6.5,138,38.6,48,0,0,-0.347,34,128,-0.81,36,0
3297,66,Hombre,9.2,135,35.5,101,0,1,-0.477,63,133,-1.53,36,0
3298,62,Hombre,7.2,146,42.4,80,1,0,0.287,107,147,-2.74,36,0
3299,77,Mujer,7.7,138,40,246,1,0,0.282,326,129,-5.25,20.82,1
3300,49,Mujer,8.9,120,36.7,112,0,0,0.112,125,118,-1.19,36,0
3301,71,Mujer,8.7,124,45,192,1,1,0.558,336,124,-4.1,36,0
3302,69,Hombre,8,117,55.5,23,0,0,0.09,25,113,-1.94,36,0
3303,58,Mujer,6.5,150,61.1,89,0,0,-0.47,56,160,-0.85,36,0
3304,55,Mujer,8.7,151,46.5,779,0,1,-0.833,339,142,-1.97,36,0
3305,64,Hombre,7.3,160,64.1,18,0,0,0.248,23,152,-1.91,36,0
3306,68,Mujer,8.2,132,36.1,87,0,0,-0.17,73,130,-1.84,36,0
3307,74,Mujer,8,128,43.5,117,1,1,-0.186,97,118,-2.89,36,0
3308,62,Hombre,9,144,53.3,43,0,1,-0.308,32,148,-0.62,36,0
3309,71,Hombre,7.7,120,44.6,89,0,1,0.356,127,117,-2.97,36,0
3310,50,Mujer,8.7,148,62,109,0,1,-0.127,96,140,-1.63,36,0
3311,54,Mujer,8.9,127,46.6,124,0,1,-0.12,110,105,0.69,36,0
3312,58,Hombre,7.7,111,50.9,142,0,1,-0.457,90,113,-0.04,36,0
3313,61,Hombre,5.5,134,35.8,42,0,0,1.031,118,138,-3.2,36,0
3314,63,Mujer,9.4,132,46.7,174,0,1,-0.66,90,130,-0.41,36,0
3315,58,Hombre,7,134,34.3,246,1,1,-0.438,159,140,-2.71,36,0
3316,68,Mujer,6.2,122,50.4,62,0,1,0.321,85,108,-0.56,36,0
3317,77,Hombre,6.7,118,40.1,7,1,1,0.567,12,120,-0.61,36,0
3318,57,Hombre,8.6,159,54.4,498,0,1,-0.494,304,150,-0.12,36,0
3319,59,Mujer,8.1,151,32,148,0,1,0.257,191,140,-2.98,36,0
3320,45,Hombre,6.7,111,40.1,116,0,1,-0.495,71,106,-0.27,36,0
3321,60,Hombre,6.6,138,41.1,78,1,0,0.192,94,128,-5.57,36,0
3322,70,Mujer,6.8,156,44.3,29,0,0,0.676,57,140,-2.24,36,0
3323,58,Mujer,6.9,123,56.4,55,1,1,-0.376,38,111,0.77,36,0
3324,50,Mujer,7.8,121,40.8,27,0,0,-0.059,25,117,-0.38,36,0
3325,51,Mujer,9,123,57.9,722,0,1,-0.261,556,113,-1.63,36,0
3326,70,Hombre,8.7,133,49.3,57,1,0,0.162,67,141,-5.1,36,0
3327,75,Mujer,7.5,136,45.6,12,1,0,0.332,17,124,-3.91,10.94,1
3328,56,Hombre,7.4,139,53.1,54,1,0,0.186,65,131,-3.38,36,0
3329,72,Hombre,8.8,127,65.3,75,0,1,-0.794,34,125,1.64,36,0
3330,57,Hombre,8,152,51.3,206,0,1,-0.206,168,151,-1.72,36,0
3331,55,Hombre,9.3,156,52.8,51,0,0,0.626,95,151,-4.09,36,0
3332,75,Mujer,6.1,117,45.4,90,0,0,0.215,112,115,-1.77,36,0
3333,77,Hombre,7.5,149,31,1529,1,1,0.131,1744,143,-5.16,8.17,1
3334,62,Hombre,8.9,135,46.3,235,0,1,0.007,237,134,-1.97,36,0
3335,51,Mujer,7.1,115,36.6,31,0,0,0.353,44,112,-1.25,36,0
3336,66,Hombre,8.5,120,36.1,529,0,0,0.054,559,114,-3.12,36,0
3337,51,Hombre,7.1,138,42.5,118,1,1,-0.359,82,121,-2.52,36,0
3338,66,Hombre,8.4,139,37.5,4436,0,1,-0.514,2654,127,-2.63,36,0
3339,76,Hombre,8,160,42.2,1020,0,1,-0.172,859,155,-2.42,36,0
3340,62,Mujer,8.4,130,51.6,210,0,1,-0.213,170,123,-1.66,36,0
3341,63,Hombre,6.5,128,45.3,134,0,0,0.413,202,138,-3.8,36,0
3342,45,Mujer,9.4,117,47.9,401,0,1,-0.003,400,117,-1.23,36,0
3343,58,Mujer,7.8,128,42.3,184,0,1,0.258,238,114,-2.29,36,0
3344,78,Mujer,10,156,43.3,377,0,0,-0.806,168,152,-2.59,36,0
3345,50,Hombre,7,123,44.7,10,0,0,0.164,12,133,-1.59,36,0
3346,67,Mujer,7.6,135,45.1,367,0,1,-1.06,127,138,0,36,0
3347,55,Hombre,9.3,132,48.3,350,1,0,0.266,456,149,-2.6,36,0
3348,54,Hombre,8,142,71.7,286,0,1,0.415,433,144,0.3,36,0
3349,79,Mujer,8.4,140,44.5,250,0,0,0.544,431,143,-5.02,36,0
3350,43,Mujer,8.1,141,43.1,335,0,1,-1.464,77,142,2.95,36,0
3351,81,Mujer,6.4,132,47.5,21,0,0,0.436,32,134,-2.22,36,0
3352,51,Hombre,7.4,118,60.8,70,0,0,-0.095,64,126,-1.79,36,0
3353,49,Hombre,8.2,144,51.2,428,1,1,-0.308,315,139,-2.66,36,0
3354,67,Mujer,7,137,43.1,35,1,1,-0.063,33,119,-1.35,36,0
3355,65,Hombre,7.6,126,58.5,119,0,0,-0.095,108,115,-2.51,36,0
3356,55,Mujer,8.5,120,48.5,100,0,1,-0.002,100,112,-0.26,36,0
3357,51,Hombre,7.4,123,53.8,104,0,1,-0.085,95,113,-1,36,0
3358,54,Hombre,8.1,112,44,236,1,1,-0.133,207,114,-2.73,36,0
3359,75,Hombre,6.9,149,36.9,349,0,1,-0.177,292,143,-3.04,36,0
3360,62,Mujer,5.5,105,44.6,19,0,0,0.599,35,114,-1.39,36,0
3361,78,Hombre,8.7,135,36.1,292,1,0,-0.287,219,128,-4.01,36,0
3362,71,Mujer,7.3,138,56.3,171,0,0,-0.068,160,141,-0.5,36,0
3363,69,Hombre,7.1,137,54.1,382,1,1,-0.801,171,120,-2.12,36,0
3364,75,Mujer,7.5,154,40.7,89,0,0,0.905,220,152,-3.32,0.1,1
3365,58,Mujer,8.9,134,48.8,178,0,0,-0.321,129,144,-3.77,36,0
3366,71,Hombre,8.6,137,41.5,151,0,1,-0.01,150,145,-1.39,36,0
3367,72,Hombre,6.7,179,43,254,0,0,0.189,307,176,-3.65,36,0
3368,57,Hombre,8.8,131,63.4,476,0,1,-0.219,382,117,-0.55,36,0
3369,86,Hombre,5.7,114,53.2,175,0,0,-0.313,128,112,-1.92,36,0
3370,71,Hombre,7.7,158,45.2,16,1,0,-0.062,15,169,-3.18,36,0
3371,66,Hombre,6.4,113,43.8,336,0,1,-0.139,292,117,-0.41,36,0
3372,68,Hombre,8.1,102,41.8,138,1,0,0.157,161,106,-3.45,36,0
3373,66,Hombre,8.6,165,42,485,1,0,0.762,1039,167,-4.91,36,0
3374,78,Mujer,7.6,139,35.3,140,0,0,-0.67,72,144,-2.82,36,0
3375,60,Mujer,8,132,53.8,120,0,1,-1.017,43,125,0.1,36,0
3376,71,Hombre,7.5,138,34.7,333,0,1,-0.714,163,136,-2.64,36,0
3377,55,Hombre,8.2,126,58.2,27,0,1,0.644,51,123,-2.64,36,0
3378,42,Hombre,5.9,121,60.4,21,0,1,-0.255,16,111,0.27,36,0
3379,51,Mujer,6.9,107,52.7,330,0,1,-0.3,244,94,-1.02,36,0
3380,77,Mujer,5.5,147,44.1,28,0,0,0.688,56,137,-1.47,36,0
3381,75,Hombre,7.9,115,31.9,294,1,0,0.08,318,119,-4.5,36,0
3382,62,Hombre,10,139,39.3,103,0,0,0.732,214,145,-5.78,36,0
3383,67,Mujer,7.5,127,32.7,163,1,0,0.507,271,120,-3.34,36,0
3384,49,Mujer,5.7,122,49.6,76,0,0,-0.202,62,114,0.06,36,0
3385,64,Hombre,8.5,123,56.3,65,0,0,0.377,95,128,-3.44,36,0
3386,65,Hombre,9,130,35,1426,1,1,-0.322,1034,126,-1.16,34.03,1
3387,56,Hombre,6.7,125,39.3,15,0,0,0.426,23,135,-1.77,36,0
3388,66,Mujer,5.5,123,28,370,0,0,-0.846,159,119,-1.38,36,0
3389,59,Hombre,6.1,119,35.7,37,0,0,1.049,106,132,-3.35,36,0
3390,62,Hombre,6.6,116,59.3,204,0,1,0.198,249,93,-1.46,36,0
3391,57,Hombre,9.1,126,47.6,107,0,1,-0.15,92,110,-0.39,36,0
3392,65,Hombre,7.5,139,51.6,407,0,1,0.186,490,124,-3.68,36,0
3393,74,Mujer,8.6,128,28,983,0,0,-0.111,879,133,-3.51,7.51,1
3394,70,Hombre,6.8,169,39.3,46,1,1,-0.561,26,173,-1.26,36,0
3395,60,Hombre,7,145,55.2,38,1,0,-0.547,22,140,-0.32,36,0
3396,67,Mujer,7.5,130,45,401,0,1,-0.796,181,125,-1.39,36,0
3397,59,Hombre,7.8,157,58.8,283,0,1,0.06,300,142,-3.14,36,0
3398,47,Mujer,10,145,61.4,250,0,0,1.367,981,133,-4.29,36,0
3399,45,Mujer,5.8,125,38.7,48,1,0,0.211,59,114,-1.7,36,0
3400,49,Mujer,6.5,118,49.1,12,0,0,-0.317,9,126,1.98,36,0
3401,69,Mujer,8.9,123,22.6,81,0,0,-0.227,65,120,-4.57,36,0
3402,77,Mujer,7.3,127,43.6,137,1,0,0.232,173,132,-2.76,36,0
3403,63,Hombre,7.5,140,46.7,44,0,0,0.685,87,157,-1.03,36,0
3404,56,Mujer,7.5,120,45.3,65,0,0,0.79,143,111,-1.47,36,0
3405,73,Hombre,6.5,165,45.8,116,1,0,0.077,125,175,-4.63,36,0
3406,67,Hombre,10,130,47.9,303,0,0,-0.233,240,133,-3.22,36,0
3407,81,Mujer,6.6,139,32.9,334,0,0,-0.452,213,127,-3.26,36,0
3408,69,Hombre,6.7,132,46.2,89,0,0,0.205,109,129,-1.7,36,0
3409,70,Hombre,9,116,54,24,0,0,-0.599,13,129,-0.91,36,0
3410,75,Hombre,6.9,119,50.3,13,1,0,0.113,15,115,-0.73,36,0
3411,73,Hombre,7.2,134,25.2,1405,0,1,-0.652,732,125,-2.81,36,0
3412,54,Mujer,7.7,121,39.5,71,0,0,0.412,107,110,-1.92,36,0
3413,77,Hombre,7.5,117,26.4,51,1,0,-0.428,33,127,-0.63,36,0
3414,62,Hombre,7.8,122,47.9,194,0,0,-0.534,114,125,0.41,36,0
3415,75,Hombre,7.4,167,42,62,0,0,0.507,103,161,-4.54,36,0
3416,70,Mujer,5.9,113,48.7,436,0,0,-0.642,229,118,-1.26,36,0
3417,61,Hombre,5.5,142,33.5,60,0,0,-0.106,54,135,-1.65,36,0
3418,67,Mujer,9.9,146,41.7,56,1,0,0.029,58,146,-3.51,36,0
3419,62,Mujer,8.3,129,41.6,71,0,1,-0.202,58,116,-0.77,36,0
3420,76,Mujer,7.3,172,42.8,63,1,0,0.49,103,170,-5.27,36,0
3421,58,Mujer,8.9,129,51.6,61,0,1,0.158,71,120,-1.05,36,0
3422,71,Hombre,6.2,167,38.8,70,1,0,1.078,206,162,-4.23,35.84,1
3423,41,Mujer,9.1,160,65.1,195,0,1,-0.244,153,148,0.89,36,0
3424,56,Mujer,8,164,49,120,0,1,-0.633,64,158,-1.66,36,0
3425,61,Mujer,6.2,129,45.6,41,0,0,-0.148,35,133,-1.9,36,0
3426,51,Hombre,6.2,153,49,46,0,0,-0.475,29,160,-1.51,36,0
3427,77,Mujer,8.1,149,35.5,1476,0,1,-0.333,1058,139,-4.59,36,0
3428,58,Mujer,7.5,117,55.2,44,0,1,-0.841,19,118,1.23,36,0
3429,46,Hombre,9.6,149,60.1,849,0,1,0.08,920,142,-2.16,36,0
3430,57,Mujer,9.8,139,53.1,23,0,1,0.471,37,136,-1.5,36,0
3431,74,Mujer,6.6,152,34.3,43,0,0,0.933,109,156,-3.63,36,0
3432,46,Mujer,8.4,140,52.5,65,0,1,-0.048,62,139,-1.48,36,0
3433,58,Hombre,6.9,100,45.3,11,0,0,-0.616,6,106,2.72,21.2,1
3434,69,Hombre,6.8,141,42.7,113,1,0,0.419,172,139,-2.82,36,0
3435,50,Mujer,7.1,116,47.7,152,0,1,-0.522,90,108,-1.09,36,0
3436,67,Mujer,8.9,153,44.8,256,0,1,-0.429,167,132,-0.73,29.06,1
3437,67,Hombre,8.5,156,47.1,308,0,0,-0.059,290,176,-3.69,36,0
3438,67,Hombre,7.1,131,49.6,59,1,0,0.173,70,125,-1.57,36,0
3439,77,Hombre,7.1,126,53.5,233,0,1,-0.207,190,105,-0.72,36,0
3440,60,Mujer,10.6,165,20,133,1,0,0.139,153,169,-6,36,0
3441,60,Hombre,7.4,169,49.4,33,0,1,-0.115,29,160,-1.53,36,0
3442,57,Hombre,6.6,121,47.9,34,0,0,-0.144,29,118,-0.99,36,0
3443,77,Mujer,6.6,157,47.7,68,0,0,0.36,98,171,-2.13,36,0
3444,57,Hombre,6.9,121,61.8,11,1,0,-0.56,6,128,1.91,36,0
3445,72,Hombre,7.2,165,51,860,0,1,-0.366,596,154,-2.84,36,0
3446,67,Hombre,7,172,49.8,83,0,1,-0.278,63,160,-1.37,36,0
3447,65,Mujer,8.5,125,45.1,133,1,1,0.086,145,122,-1.73,36,0
3448,87,Hombre,7,137,47.6,470,0,0,0.166,555,134,-4.29,36,0
3449,69,Hombre,7.2,138,68.3,61,1,1,-0.388,41,142,-1.61,36,0
3450,59,Mujer,7.1,136,60.4,55,0,1,0.208,68,137,-1.87,36,0
3451,46,Hombre,6.6,118,42,35,0,1,0.562,61,113,1.11,36,0
3452,63,Mujer,7,126,44.2,129,0,0,0.126,146,121,-2.52,36,0
3453,86,Hombre,5.5,173,41.1,130,0,0,1.418,537,169,-4.82,6.18,1
3454,45,Hombre,8.9,125,51.2,268,1,1,-0.625,143,109,-1.31,36,0
3455,78,Hombre,8.6,128,51.5,529,0,0,-0.818,234,122,-2.35,36,0
3456,71,Hombre,7.3,120,49,96,1,0,0.208,118,125,-3.07,36,0
3457,52,Mujer,6.6,127,46.2,36,0,1,-1.009,13,115,1.65,36,0
3458,68,Hombre,7.5,141,50.2,228,1,1,-0.556,131,115,-2.73,36,0
3459,90,Mujer,7.3,137,37.7,43,0,0,0.809,97,134,-3.92,36,0
3460,68,Mujer,8.7,139,52.7,25,0,1,0.695,50,120,-1.87,36,0
3461,86,Mujer,5.6,135,31.6,175,0,0,0.497,288,126,-3.15,36,0
3462,50,Hombre,8.3,144,57.7,974,0,1,-0.516,581,143,-0.75,36,0
3463,62,Mujer,7.5,108,47.2,31,1,0,-0.033,30,109,-2.78,36,0
3464,61,Hombre,10.3,134,45.1,262,0,0,-0.319,190,128,-4.4,36,0
3465,74,Mujer,7.1,113,54,23,0,1,-0.695,11,105,0.58,36,0
3466,60,Mujer,7.2,148,49.5,88,0,1,0.559,154,134,-2.87,36,0
3467,78,Hombre,8.7,138,32.9,417,0,0,-0.09,381,137,-3.74,33.38,1
3468,58,Mujer,8.6,144,44.4,202,0,1,-0.971,76,128,-0.85,36,0
3469,63,Hombre,7.7,141,56.2,68,0,0,-0.152,58,128,-1.96,36,0
3470,74,Mujer,6.2,123,38.9,102,1,0,0.113,114,121,-1.52,36,0
3471,79,Hombre,7.9,127,46.3,68,0,0,0.057,72,136,-2.7,36,0
3472,63,Mujer,8,152,55.9,74,0,0,0.158,87,150,-2.03,36,0
3473,48,Hombre,8.5,120,46.1,62,0,0,-0.084,57,127,-2.28,8.34,1
3474,56,Hombre,10,111,49.3,91,0,1,-1.342,24,92,-0.42,36,0
3475,68,Hombre,5.9,120,29.2,63,0,0,0.449,99,127,-1.54,36,0
3476,59,Hombre,5.5,140,50.4,49,0,0,0.322,68,147,-1.24,36,0
3477,82,Mujer,7.4,135,25.7,71,0,0,0.109,79,140,-4.6,36,0
3478,82,Hombre,8.4,153,40.3,319,1,0,-0.219,256,162,-5.5,36,0
3479,53,Hombre,9,132,47.1,149,0,1,0.062,159,135,-1.82,36,0
3480,46,Hombre,5.5,133,53.4,151,0,0,0.924,380,132,-0.85,36,0
3481,56,Hombre,6.4,139,44,353,0,1,0.327,490,143,-3.67,36,0
3482,60,Hombre,6.5,161,49.4,331,1,1,-0.648,173,149,-1.59,36,0
3483,47,Hombre,6.6,145,44.4,33,1,0,0.562,58,142,-2.7,36,0
3484,47,Mujer,8.4,121,41.4,66,0,0,0.595,120,133,-2.16,36,0
3485,65,Mujer,5.8,140,41.1,660,0,1,-0.579,370,146,-1.55,36,0
3486,53,Hombre,8.3,153,49.8,80,0,1,-0.27,61,145,-2.44,36,0
3487,65,Hombre,5.5,125,41.6,70,0,0,0.093,77,132,-2.73,36,0
3488,58,Hombre,6.9,155,54.8,26,0,0,0.384,38,152,-3.52,36,0
3489,68,Hombre,7.5,139,46.1,133,0,0,-0.115,119,139,-2.37,36,0
3490,70,Mujer,7,158,52.2,810,0,1,-0.57,458,149,-2.53,36,0
3491,71,Mujer,8.7,145,45.3,124,0,0,0.975,329,147,-3.77,36,0
3492,55,Mujer,8.2,114,50.7,155,0,1,0.212,192,110,-1.6,36,0
3493,82,Hombre,10.6,156,28.7,401,1,0,0.37,580,165,-5.68,36,0
3494,47,Hombre,7.1,146,55.1,25,0,0,0.182,30,138,-0.7,36,0
3495,65,Hombre,8.7,125,65,217,1,1,-0.113,194,123,-0.4,36,0
3496,55,Mujer,7.3,126,67.2,115,0,0,-0.573,65,107,-1.27,36,0
3497,59,Hombre,8.4,134,57.6,545,0,1,-0.485,335,130,-1.79,36,0
3498,58,Hombre,6.3,156,56.4,39,1,1,0.256,50,150,-1.36,36,0
3499,77,Hombre,7.6,141,41.3,273,0,0,-0.283,206,131,-2.27,36,0
3500,55,Hombre,8.8,113,36,131,1,0,0.138,150,102,-2.74,36,0
3501,70,Hombre,10.6,125,36.4,76,1,1,-0.407,51,117,-3.89,36,0
3502,68,Hombre,7.3,157,31.5,372,1,1,-0.313,272,145,-3.72,2.45,1
3503,82,Mujer,10,118,41,89,0,1,-0.844,38,122,-0.89,36,0
3504,73,Mujer,8.6,145,45.4,86,0,0,0.13,98,157,-3.57,36,0
3505,42,Mujer,9.8,133,64.4,35,0,1,0.155,41,120,-1.01,36,0
3506,72,Mujer,5.9,145,45.8,19,0,0,-0.313,14,144,0.05,36,0
3507,76,Mujer,7.2,160,40,438,1,0,0.391,648,163,-4,36,0
3508,55,Hombre,5.9,132,64.3,115,1,0,0.054,121,130,-1.4,36,0
3509,72,Mujer,6.2,141,44,75,0,1,-0.673,38,135,1.8,36,0
3510,46,Mujer,7.7,151,54.9,80,0,0,0.889,195,154,-4.27,36,0
3511,60,Hombre,9.1,141,54.7,112,0,1,-0.101,101,128,-1.23,36,0
3512,65,Hombre,6.6,128,59.3,152,0,0,-0.8,68,127,-1.69,36,0
3513,68,Hombre,6.5,151,57.3,37,0,1,-0.691,19,138,0.88,36,0
3514,69,Hombre,9.4,160,42.9,193,0,0,0.272,253,170,-4.91,36,0
3515,73,Hombre,9.1,143,33.1,594,1,1,-0.155,509,132,-3.31,4.95,1
3516,58,Mujer,7.3,137,52.7,129,0,0,-0.219,104,139,-1.86,36,0
3517,51,Hombre,7.4,137,52.7,343,0,1,0.285,456,132,-0.85,36,0
3518,72,Mujer,8.7,119,35.3,24,1,0,0.207,30,124,-3.14,36,0
3519,64,Mujer,8.9,132,49.8,484,1,1,-0.64,255,124,-1.91,36,0
3520,55,Mujer,8.7,126,45.1,8,1,0,0.246,10,124,-2.55,36,0
3521,75,Mujer,5.9,147,44.9,35,0,0,-0.741,17,134,-1.54,36,0
3522,62,Mujer,7.7,123,55.2,13,0,0,0.649,25,124,-1.14,36,0
3523,70,Hombre,8.9,132,46.1,35,0,0,1.05,100,132,-2.32,36,0
3524,62,Hombre,8.6,149,51.7,184,1,1,-0.06,173,156,-4.85,36,0
3525,73,Mujer,9.1,135,53.2,587,0,1,-0.85,251,129,-1.39,36,0
3526,75,Hombre,7.8,133,29.9,37,1,0,0.688,74,126,-3.88,36,0
3527,58,Mujer,10,154,34.1,394,0,1,0.175,469,154,-3.96,36,0
3528,63,Hombre,7,116,38.9,99,0,1,-0.12,88,112,-1.53,36,0
3529,73,Hombre,8.8,149,67.9,61,1,0,0.851,143,155,-4.29,36,0
3530,71,Hombre,7.6,124,49.9,105,0,0,1.241,363,100,-1.67,36,0
3531,65,Mujer,9.8,126,58.8,802,1,1,-0.51,481,125,-3.86,36,0
3532,61,Mujer,7.6,156,50.5,136,1,0,0.07,146,174,-3.38,36,0
3533,72,Mujer,8.4,154,44.1,311,0,1,-1.046,109,145,-1.77,36,0
3534,53,Hombre,9,115,54,42,0,0,-0.323,30,105,-0.87,36,0
3535,53,Hombre,9.5,123,55.5,591,0,1,0.018,602,120,-1.23,36,0
3536,49,Hombre,8.9,118,54.2,253,0,0,-0.307,186,125,-1.23,36,0
3537,72,Mujer,8.1,122,42,108,0,0,-0.4,72,131,-2.38,36,0
3538,83,Hombre,5.8,129,50.7,35,1,0,-0.158,30,135,-0.49,19.13,1
3539,68,Hombre,9.1,142,48.4,370,1,1,0.081,401,133,-3.83,36,0
3540,77,Mujer,9.5,124,41.6,118,1,0,-0.518,70,131,-2.68,36,0
3541,74,Mujer,7.2,150,35.2,152,0,0,0.757,324,149,-4.32,36,0
3542,56,Hombre,9.4,142,41.3,341,0,1,0.072,367,135,-3.35,36,0
3543,65,Mujer,10,127,58.3,28,1,1,0.456,44,107,-1.44,36,0
3544,52,Mujer,9.1,118,44.6,267,0,0,0.399,398,106,-2.3,36,0
3545,74,Hombre,7.3,167,30.4,334,1,1,-0.591,185,171,-3.48,36,0
3546,73,Hombre,7.4,139,44.4,38,0,0,1.515,173,121,-6.29,14.15,1
3547,67,Hombre,6.9,122,46,65,0,0,-0.274,49,131,-0.8,36,0
3548,63,Mujer,5.6,130,49,260,0,1,-0.716,127,134,-1.93,36,0
3549,68,Hombre,6.2,118,31.3,232,0,0,0.715,474,123,-5.44,36,0
3550,49,Mujer,8,149,41.8,273,0,1,-1.417,66,142,0.2,36,0
3551,67,Mujer,5.9,130,53.4,68,1,1,0.138,78,122,-0.78,36,0
3552,86,Mujer,7.4,153,32,109,1,0,0.077,118,150,-4.55,36,0
3553,56,Mujer,8.1,134,53.2,584,1,1,-0.203,477,127,-0.66,36,0
3554,48,Hombre,6.3,126,48.7,164,0,0,-0.044,157,127,0.44,36,0
3555,57,Mujer,9.5,120,44.2,5594,0,1,-1.044,1970,101,0.09,36,0
3556,75,Hombre,8.5,137,42.3,345,0,1,-0.31,253,133,-2.22,36,0
3557,66,Hombre,7.4,140,46.5,34,1,0,0.365,49,150,-4,36,0
3558,55,Hombre,9.4,143,66.9,853,0,1,-0.256,660,133,-3.28,36,0
3559,53,Hombre,6.5,142,50.4,196,0,1,-0.034,190,138,0.22,36,0
3560,58,Hombre,8.5,122,30.3,336,0,1,-0.551,194,117,-0.83,36,0
3561,77,Hombre,6.3,151,35.1,183,0,0,0.375,266,144,-3.89,6.38,1
3562,70,Hombre,6.5,130,44.2,27,0,0,-0.012,27,129,-3.01,36,0
3563,56,Hombre,7.8,136,47,16,0,0,0.024,16,126,-0.44,36,0
3564,73,Hombre,7.9,123,39.5,187,0,1,-0.076,173,107,-2.28,36,0
3565,56,Mujer,8.3,156,54.1,631,0,0,-0.367,437,163,-2.2,36,0
3566,61,Mujer,6.5,129,58,176,0,0,-0.09,161,119,-0.44,36,0
3567,72,Mujer,5.6,159,47,108,1,1,-0.444,69,148,-1.47,36,0
3568,73,Mujer,7.2,145,37.4,85,0,1,-0.048,81,140,-2.56,36,0
3569,42,Mujer,8.1,95,61,9,0,0,0.101,10,95,0.54,36,0
3570,79,Hombre,6.5,140,28.3,22,0,0,-0.08,20,126,-2.18,36,0
3571,70,Mujer,7.5,137,48.1,339,1,1,-0.03,329,132,-3.83,36,0
3572,62,Mujer,7.5,154,46.9,229,0,1,-0.273,174,140,0.21,36,0
3573,53,Mujer,8.8,129,57.7,92,0,1,0.544,159,120,-1.85,36,0
3574,61,Hombre,7.5,135,48.8,78,0,0,-0.298,58,136,-2.31,36,0
3575,61,Mujer,7.6,130,50.7,49,1,0,-0.18,41,130,-0.85,36,0
3576,54,Mujer,7.1,141,52.6,205,1,0,-0.299,152,143,-1.13,36,0
3577,66,Hombre,5.9,124,65.7,22,1,0,0.034,23,112,-2.34,36,0
3578,74,Hombre,8.9,156,24,722,0,1,-0.588,401,148,-3.79,36,0
3579,74,Hombre,9.2,134,45,83,0,0,0.238,105,127,-3.36,36,0
3580,51,Hombre,8.9,185,48,829,1,1,0.014,841,176,-4.91,7.26,1
3581,61,Mujer,7.1,129,41,122,0,0,0.31,166,132,-3.75,36,0
3582,51,Mujer,7,135,45.2,249,0,1,-0.267,191,138,-0.5,36,0
3583,68,Hombre,8.7,139,52.6,133,0,0,-0.175,112,148,-2.1,36,0
3584,65,Hombre,7.1,119,56.1,22,1,1,-0.713,11,108,2.14,36,0
3585,78,Mujer,9.1,117,45.7,373,1,0,0.071,401,112,-1.25,36,0
3586,55,Hombre,8.9,149,45.7,180,0,1,-0.886,74,149,-1.77,36,0
3587,49,Hombre,9.6,152,52.6,41,1,0,0.039,43,148,-3.38,36,0
3588,57,Hombre,7.6,124,39.4,18,0,1,-0.141,16,108,-0.77,36,0
3589,72,Hombre,6.7,112,37.1,71,0,0,-0.472,44,103,-1.82,36,0
3590,68,Mujer,8.4,131,48.9,669,0,1,-0.962,256,139,-1.59,36,0
3591,76,Mujer,5.5,118,46.8,44,0,0,0.661,85,128,-1.41,36,0
3592,60,Hombre,7.9,145,61,344,0,0,0.224,430,153,-2.9,36,0
3593,55,Mujer,9.4,136,42.8,246,0,1,-0.336,176,131,-2.15,36,0
3594,90,Hombre,8,151,52.1,326,1,1,0.107,363,158,-2.97,36,0
3595,59,Hombre,10,137,50.6,121,0,0,0.335,169,128,-3.1,36,0
3596,60,Hombre,10.1,152,35.1,111,0,0,0.539,190,163,-1.95,13.56,1
3597,80,Hombre,6.8,119,43.5,22,1,0,0.188,27,104,-1.62,17.53,1
3598,44,Mujer,8.8,144,49,1318,0,1,-0.51,792,139,-2.27,36,0
3599,61,Hombre,7.2,132,32.8,10,0,0,-0.417,7,127,-1.43,36,0
3600,69,Hombre,8.3,131,54.9,458,0,1,-0.67,234,120,-0.25,36,0
3601,80,Mujer,8,138,44.5,161,0,0,-1.32,43,140,-1.72,36,0
3602,65,Hombre,8.5,133,45.5,184,0,0,-0.347,130,135,-2.52,36,0
3603,66,Hombre,6.3,154,59.3,15,1,0,0.159,18,144,-1.69,36,0
3604,50,Hombre,8.5,148,47,191,0,1,-0.396,129,143,-1.89,36,0
3605,76,Hombre,7,124,41.6,621,1,1,-0.798,280,124,-2.36,36,0
3606,58,Mujer,7.6,130,34.1,40,0,0,0.466,64,131,-1.71,36,0
3607,60,Hombre,6.4,139,57.5,35,0,0,1.129,108,126,-2.34,36,0
3608,66,Hombre,8,139,51.8,867,0,1,-0.916,347,126,-1.03,36,0
3609,61,Hombre,7.8,129,51.8,39,0,0,-0.184,32,136,-2.24,36,0
3610,74,Mujer,8,165,46.7,231,0,1,-0.85,99,152,-3.35,36,0
3611,55,Hombre,7.1,118,61.5,36,1,1,0.006,36,104,-0.49,36,0
3612,60,Hombre,8.4,115,36.2,42,0,1,0.255,54,114,-2.11,36,0
3613,83,Mujer,7.5,130,26.4,189,0,0,0.453,297,118,-2.61,36,0
3614,72,Hombre,7.2,120,27.4,107,0,0,-0.093,98,104,-2.94,21.21,1
3615,62,Mujer,7.3,113,41.7,65,0,0,0.313,89,119,-1.49,36,0
3616,65,Mujer,6.1,144,43.8,134,0,0,0.605,245,154,-1.84,36,0
3617,57,Hombre,8.1,158,49.4,96,0,0,1.134,298,156,-2.86,17.16,1
3618,80,Hombre,8.4,122,32.6,113,0,0,-0.716,55,128,-2.86,0.88,1
3619,61,Hombre,7.2,137,49.4,46,0,0,0.101,51,129,-3.11,36,0
3620,56,Hombre,8,129,51.1,100,0,1,0.513,167,117,-2.12,36,0
3621,59,Hombre,10.7,128,51.2,162,0,0,-0.656,84,113,0.55,36,0
3622,56,Hombre,5.9,121,59.8,89,0,0,-0.367,62,127,-1.28,36,0
3623,64,Hombre,6.7,122,40.4,246,0,0,0.187,297,127,-2.75,36,0
3624,59,Hombre,10.6,157,53.8,2607,1,1,-0.626,1394,141,-3.03,36,0
3625,72,Mujer,8.7,113,32.6,153,1,0,-0.079,141,110,-3.44,36,0
3626,65,Hombre,6.7,118,49.3,11,1,0,0.392,16,119,-0.11,36,0
3627,52,Hombre,5.5,173,48.3,236,0,0,-0.51,142,164,-1.52,36,0
3628,79,Mujer,7.2,167,55,144,1,0,1.188,473,173,-6.25,36,0
3629,73,Hombre,8.7,148,51.9,72,0,1,0.087,79,144,-1.77,36,0
3630,66,Hombre,8.9,112,37.2,246,1,1,-0.246,192,91,-1.68,36,0
3631,69,Mujer,8.2,139,20,99,1,0,1.06,286,122,-4.56,21.72,1
3632,75,Hombre,7.9,128,41.8,260,1,0,0.012,263,129,-3.09,36,0
3633,68,Hombre,8.4,136,45.8,77,1,1,-0.308,57,136,-4.32,36,0
3634,75,Hombre,10,140,44.7,132,0,1,-1.21,39,151,-0.39,36,0
3635,71,Hombre,6.8,163,46.1,287,0,0,0.723,591,154,-3.93,36,0
3636,63,Hombre,7.3,116,41.5,293,0,0,-0.052,278,112,-3.71,36,0
3637,76,Mujer,8.9,178,38.2,1245,1,1,-0.433,807,174,-4.67,3.75,1
3638,46,Hombre,7.3,125,49.2,153,1,1,-0.691,77,121,-0.88,36,0
3639,65,Mujer,8.5,123,38.7,86,1,0,0.227,108,108,-3.44,36,0
3640,60,Hombre,7.4,125,37,28,0,0,1.057,81,122,-2.15,36,0
3641,71,Mujer,11.1,163,55.9,1646,1,1,-0.432,1068,153,-4.4,36,0
3642,66,Hombre,7.8,147,20,195,1,0,0.243,249,133,-3.47,36,0
3643,76,Mujer,10.1,186,42.1,60,0,0,0.791,132,194,-5.17,32.37,1
3644,65,Mujer,8.1,138,37.8,47,0,0,-0.137,41,125,-1.97,36,0
3645,67,Hombre,7.8,135,33.6,101,0,0,0.386,149,146,-3.06,36,0
3646,70,Mujer,9.9,140,56.5,877,1,1,-1.058,304,127,-1.01,36,0
3647,79,Mujer,7.9,143,51.8,129,1,0,-0.162,110,141,-3.54,36,0
3648,58,Hombre,9.2,108,50.7,362,0,0,0.364,521,107,-2.2,36,0
3649,82,Mujer,9.1,157,49.8,73,1,0,0.02,74,146,-4.83,36,0
3650,57,Hombre,6.5,148,48.4,220,0,0,0.142,254,166,-3.27,36,0
3651,53,Hombre,6.8,117,54.2,65,0,1,-0.221,52,102,0.76,36,0
3652,76,Hombre,8.8,127,37.2,175,0,0,0.13,199,131,-3.73,29.67,1
3653,69,Hombre,7.1,156,50.9,97,0,0,0.542,167,165,-4.11,36,0
3654,59,Mujer,9.4,108,50,114,0,0,-0.355,80,120,-2.39,36,0
3655,77,Mujer,7.2,159,34,129,1,0,0.797,286,159,-5.46,9.8,1
3656,70,Mujer,7.9,117,55.4,51,0,1,-0.936,20,119,-0.56,36,0
3657,56,Mujer,7.4,144,45,34,0,0,-0.254,26,132,-2.83,36,0
3658,67,Mujer,5.5,117,56.7,62,0,1,-1.042,22,117,1.64,36,0
3659,64,Mujer,9.3,124,46.5,70,0,0,0.67,137,128,-2.74,36,0
3660,53,Hombre,8.5,146,55.6,653,0,1,-0.043,625,144,-1.91,36,0
3661,70,Hombre,6.4,132,56,141,0,0,-0.664,73,131,-0.47,36,0
3662,67,Hombre,7.8,147,49.4,85,0,0,1.234,292,159,-4.59,36,0
3663,66,Hombre,6.7,113,53.9,140,0,1,-0.561,80,108,-0.06,36,0
3664,57,Mujer,8.1,131,43.8,129,1,0,-0.092,118,116,-1.94,36,0
3665,63,Hombre,7.6,159,51.6,93,1,1,-0.563,53,147,-3.07,36,0
3666,60,Mujer,7.4,133,38.7,3579,0,1,-1.284,991,126,-1.86,36,0
3667,55,Mujer,7.4,140,47.8,11,0,0,1.176,36,139,-2.35,36,0
3668,63,Hombre,8,138,53.2,691,0,0,0.601,1260,139,-4.8,36,0
3669,51,Hombre,6.2,133,46.5,71,0,0,0.813,160,137,-3.79,36,0
3670,65,Hombre,10.3,149,45.7,188,0,0,-0.767,87,160,-2.29,36,0
3671,47,Hombre,7.6,118,59,77,0,0,0.592,139,123,-0.59,36,0
3672,63,Mujer,9.2,153,45,111,0,0,-0.14,96,152,-2.37,36,0
3673,65,Hombre,7.4,121,57.4,535,1,1,-0.606,292,105,-1.3,36,0
3674,38,Hombre,7.2,115,54.5,43,0,1,-0.911,17,106,1.08,36,0
3675,84,Mujer,8,151,46.1,274,0,0,-0.868,115,141,-2.27,36,0
3676,69,Hombre,6.9,149,28.3,40,0,0,0.711,81,160,-3.32,18.43,1
3677,56,Mujer,9.4,124,44.2,87,0,1,-0.853,37,131,0.89,36,0
3678,82,Mujer,9.8,131,45.5,659,1,1,0.051,694,128,-2.61,36,0
3679,79,Mujer,8.3,123,54.6,35,1,0,0.438,54,124,-2.65,36,0
3680,47,Mujer,6.3,135,51.7,20,0,0,0.618,37,137,-1.65,36,0
3681,64,Mujer,7.4,144,61.2,95,0,0,-0.666,49,151,0.27,36,0
3682,55,Hombre,8.5,117,56.5,52,0,0,-0.136,45,117,-1.48,36,0
3683,70,Mujer,9.3,144,55.2,355,0,1,-0.456,225,127,-2.45,16.22,1
3684,44,Hombre,6.9,140,60.4,188,0,1,-0.656,98,132,0.9,36,0
3685,80,Mujer,7.5,145,43.6,98,1,0,-0.066,92,152,-3.23,36,0
3686,51,Mujer,9.3,163,36.7,234,0,1,-0.307,172,164,-3.22,36,0
3687,60,Mujer,10.2,127,33.9,718,0,0,0.326,994,129,-3.93,36,0
3688,68,Hombre,7.2,123,48.3,26,1,0,0.509,43,130,-2.63,36,0
3689,77,Hombre,7.9,109,44.5,91,0,0,0.949,235,99,-3.36,36,0
3690,60,Hombre,9.6,153,38.6,2555,0,1,-0.59,1417,152,-2.89,36,0
3691,62,Hombre,7.7,115,48.4,49,0,0,0.501,81,112,-1.24,36,0
3692,77,Mujer,9.5,132,28.5,1056,0,1,-0.228,841,116,-3.42,36,0
3693,82,Mujer,8.5,165,45.3,118,1,0,0.114,132,175,-4.31,36,0
3694,73,Mujer,6.9,127,43,88,0,0,-0.668,45,128,-1.78,36,0
3695,65,Hombre,8.4,152,31.7,75,0,1,0.178,90,150,-3.18,36,0
3696,65,Mujer,8.5,117,43.7,108,0,1,0.198,132,105,-4.55,36,0
3697,57,Mujer,9.8,142,39.9,220,0,0,0.659,425,127,-3.06,36,0
3698,49,Mujer,8.3,129,47.8,46,0,0,0.608,85,113,-3.4,36,0
3699,78,Mujer,10.3,122,38.5,40,0,0,0.856,94,126,-3.58,36,0
3700,64,Mujer,7.9,150,52.4,94,0,1,-0.583,52,136,-1.29,36,0
3701,76,Hombre,8.1,139,32.8,1135,1,1,-0.495,692,128,-2.03,36,0
3702,84,Hombre,9.4,147,36.8,80,0,0,0.909,199,145,-5.13,36,0
3703,64,Mujer,6.7,130,55.1,5,0,0,0.861,12,118,0.22,36,0
3704,69,Hombre,7.1,152,43.3,41,0,1,-0.46,26,153,-0.78,36,0
3705,54,Mujer,8.5,139,46,75,0,0,0.411,113,135,-1.14,36,0
3706,69,Mujer,8.3,120,28.9,289,0,1,0.323,399,131,-1.87,36,0
3707,60,Hombre,9.6,144,35.6,299,0,1,0.726,618,138,-2.94,36,0
3708,55,Mujer,8.1,125,43.7,223,1,1,-1.786,37,110,1.85,36,0
3709,63,Mujer,8.1,131,51.7,20,1,0,0.055,21,136,-1.85,36,0
3710,53,Hombre,7.7,149,52.4,410,0,1,-0.584,229,144,-1.72,36,0
3711,67,Mujer,8.2,149,45.6,138,0,0,-0.308,101,139,-0.5,11.35,1
3712,65,Hombre,8,151,62.1,30,0,1,-0.07,28,146,-1.43,26.25,1
3713,71,Mujer,8.7,140,59.2,48,0,1,-0.25,37,125,-1,36,0
3714,68,Mujer,6.2,141,42.8,36,0,0,-0.734,17,139,1.29,36,0
3715,51,Mujer,7.7,139,59.3,955,0,1,-0.882,395,136,1.08,36,0
3716,41,Hombre,8.9,118,51.2,504,0,0,-0.674,257,116,0.44,36,0
3717,75,Hombre,8.2,122,49,90,0,0,0.262,117,117,-3.33,36,0
3718,72,Hombre,8.5,154,38.4,343,0,0,0.107,382,149,-3.66,36,0
3719,69,Hombre,9.9,135,51.8,50,0,1,0.552,87,126,-3.65,36,0
3720,53,Mujer,9.1,116,37.7,111,0,1,0.112,124,109,-2.68,36,0
3721,55,Hombre,6.4,107,61.6,22,0,0,0.098,24,125,1.34,36,0
3722,57,Hombre,11.4,129,37.4,192,0,0,-0.281,145,134,-2.29,36,0
3723,65,Mujer,6.9,125,49.6,78,0,1,-0.635,41,121,-0.36,36,0
3724,79,Hombre,8.9,127,20,208,0,0,-0.231,165,125,-4.23,36,0
3725,79,Hombre,6.9,135,52.8,109,0,0,0.053,115,134,-2.28,36,0
3726,67,Mujer,7.6,126,31.8,107,1,1,0.885,259,130,-4.66,36,0
3727,54,Mujer,8.6,141,36,56,0,0,-0.673,29,143,-2.1,36,0
3728,73,Mujer,8,131,37.7,37,0,0,0.701,75,123,-4.68,36,0
3729,61,Hombre,6.1,140,51,24,0,0,-0.254,19,136,-2.66,36,0
3730,50,Mujer,7,126,48.2,34,0,1,-0.157,29,114,0.36,36,0
3731,54,Mujer,7.7,140,45.2,181,0,0,-0.245,142,126,-0.54,36,0
3732,58,Mujer,10.1,119,51.1,2302,0,1,-0.809,1025,114,-3.42,36,0
3733,61,Hombre,6.5,145,52.3,17,0,0,-0.076,16,151,1.34,36,0
3734,77,Hombre,6.4,154,45.7,189,0,0,0.327,262,145,-1.51,36,0
3735,72,Mujer,8.3,142,45.9,162,0,1,-0.47,101,139,-0.39,36,0
3736,62,Hombre,7.1,115,46.6,119,0,0,-0.233,94,118,-1.59,36,0
3737,82,Hombre,6.9,156,53.4,65,1,1,-0.179,54,150,-2.33,36,0
3738,80,Mujer,7.8,154,42.2,259,0,1,0.408,390,160,-2.68,36,0
3739,64,Hombre,7.7,137,50.7,335,0,1,-0.1,303,137,-0.84,36,0
3740,61,Hombre,6.8,145,35.9,119,0,1,0.018,121,158,0.01,36,0
3741,75,Hombre,6.4,151,27.9,311,1,1,-0.342,221,133,-1.92,36,0
3742,90,Hombre,7.3,149,55.1,39,0,0,0.328,54,147,-2.38,36,0
3743,39,Hombre,8.7,109,60.7,75,0,1,0.163,88,86,0.34,36,0
3744,58,Hombre,7.4,165,36.8,173,0,0,0.012,175,165,-3,36,0
3745,59,Mujer,7.9,154,49.5,200,0,0,0.222,250,150,-2.74,36,0
3746,80,Hombre,7.8,153,61.1,65,0,1,-0.898,26,152,-1,36,0
3747,79,Hombre,7.3,146,37.7,106,0,0,-0.603,58,147,-3.48,0.47,1
3748,64,Mujer,5.5,130,45.3,26,0,1,-0.373,18,120,0.31,36,0
3749,58,Hombre,5.8,159,65.4,115,1,1,-0.437,74,156,-0.31,36,0
3750,60,Hombre,9.5,133,45.6,81,0,0,-0.06,76,132,-1.74,36,0
3751,69,Hombre,5.5,127,44.7,39,0,0,-0.413,26,118,-1.45,36,0
3752,69,Hombre,8.5,155,58.6,90,0,0,0.433,139,151,-1.46,36,0
3753,50,Hombre,8.8,154,43.7,853,0,1,-0.342,606,155,-2.92,36,0
3754,65,Hombre,7.3,169,68.9,99,1,0,-0.459,63,184,-2.24,36,0
3755,68,Mujer,8,159,49.1,395,0,1,-0.301,292,145,-1.69,36,0
3756,63,Mujer,7.8,138,47.5,61,0,0,-0.252,47,138,-1.66,36,0
3757,69,Hombre,9.3,138,41.7,75,1,1,-0.435,49,124,-2.82,36,0
3758,54,Hombre,5.9,124,35.3,123,1,0,0.007,124,123,-3.83,36,0
3759,60,Hombre,7.1,132,37,31,0,0,0.068,33,125,0.81,36,0
3760,89,Hombre,7.8,167,30.1,637,0,0,0.238,808,159,-5.71,36,0
3761,72,Hombre,9.1,127,38.8,432,0,1,-0.227,344,125,-1.52,36,0
3762,64,Mujer,7.7,138,55.2,46,0,1,0.463,73,128,-2.16,36,0
3763,76,Mujer,7.7,117,45.2,127,0,0,-0.622,68,117,-1.02,36,0
3764,68,Hombre,7.7,144,52,32,1,0,0.066,34,134,-3.03,36,0
3765,69,Hombre,8.1,133,33.2,196,0,0,0.695,393,144,-3.07,36,0
3766,84,Hombre,5.7,112,55.4,119,0,0,-0.09,109,118,-2.13,36,0
3767,48,Mujer,7.1,121,60.8,80,0,0,-0.755,38,120,-0,36,0
3768,72,Hombre,6.7,127,47.5,96,0,1,-0.975,36,128,-0.71,36,0
3769,51,Mujer,7.3,138,64.1,159,0,1,-0.492,97,118,0.06,36,0
3770,49,Mujer,7.3,139,55.3,103,0,0,0.169,122,142,-2.89,36,0
3771,46,Mujer,8.2,146,75,59,1,1,0.211,73,131,-1.07,36,0
3772,61,Mujer,8,127,36.2,177,0,1,-0.036,171,113,-1.28,36,0
3773,58,Hombre,8.8,138,59.4,79,0,0,-0.272,60,140,-2.29,36,0
3774,74,Hombre,9.1,139,50.5,115,0,0,-0.372,79,141,-1.92,36,0
3775,76,Mujer,5.9,137,50.7,852,0,0,0.059,903,152,-3.19,36,0
3776,55,Hombre,6.3,129,52.7,25,1,0,-0.105,23,140,-1.07,36,0
3777,63,Mujer,8.6,150,35.3,63,0,0,0.673,123,142,-3.87,21.6,1
3778,35,Hombre,7.7,128,74.5,174,0,1,-0.174,146,126,-0.02,36,0
3779,53,Mujer,9.5,142,49.3,1043,0,1,0.289,1392,144,-2.26,12.89,1
3780,81,Mujer,8.1,142,30.5,380,1,0,-0.535,223,144,-3.7,36,0
3781,68,Hombre,6.3,125,46.8,61,1,1,-0.138,53,121,0.09,36,0
3782,62,Hombre,7.9,129,57,204,0,1,-0.18,170,143,-2.75,36,0
3783,58,Hombre,8,148,55.9,197,0,0,0.46,312,156,-3.46,36,0
3784,54,Mujer,5.9,136,43.8,45,0,1,0.122,51,132,0.04,36,0
3785,57,Mujer,7.4,128,50.5,109,1,1,-0.722,53,114,0.68,36,0
3786,70,Hombre,6.2,138,57.8,41,0,0,0.895,100,159,-4.37,36,0
3787,67,Hombre,7.5,134,45.9,232,1,1,-0.433,150,130,-1.7,36,0
3788,86,Hombre,6.4,141,20,122,1,0,0.438,189,141,-4.92,36,0
3789,63,Hombre,8.5,149,33.8,59,0,0,0.15,69,148,-4.08,36,0
3790,69,Hombre,6.3,100,46.1,87,0,1,-0.028,85,102,-1.06,36,0
3791,57,Hombre,7.5,120,63.3,12,0,1,-0.153,10,101,0.78,36,0
3792,61,Mujer,9.1,139,49,503,1,0,-0.353,353,143,-3.26,36,0
3793,69,Mujer,7.7,113,40.7,163,0,1,-0.504,98,107,-1.46,36,0
3794,76,Hombre,9.7,108,30.3,198,0,0,0.074,213,106,-3.97,36,0
3795,84,Mujer,6.1,124,34.4,93,1,1,-0.172,78,117,-2.29,36,0
3796,61,Mujer,8,152,57.8,36,0,1,-0.522,21,137,-0.86,36,0
3797,54,Mujer,7.6,120,50.1,193,0,0,-0.02,189,112,-2.48,36,0
3798,60,Hombre,6.3,124,32.7,50,0,0,0.365,72,119,-2.17,36,0
3799,76,Hombre,9.5,151,41,44,1,1,0.109,49,135,-3.52,36,0
3800,71,Hombre,6.1,163,41.7,165,1,0,-0.058,156,160,-2.26,36,0
3801,64,Mujer,5.9,123,29.1,24,0,0,-0.265,18,130,-1.77,36,0
3802,77,Mujer,9.4,121,44.4,130,1,1,-0.354,91,125,-2.84,36,0
3803,64,Hombre,10.5,104,41.1,348,1,1,-0.135,304,102,-1.35,36,0
3804,83,Hombre,6.8,147,52.4,85,1,0,0.056,90,155,-2.28,36,0
3805,52,Hombre,7.9,127,62.8,68,1,1,0.435,105,120,-0.72,36,0
3806,62,Hombre,9.2,131,43,49,0,0,0.024,50,142,-2.7,36,0
3807,67,Hombre,9.8,151,62,968,0,1,-0.482,598,146,-1.05,36,0
3808,70,Hombre,11.6,121,42,310,1,1,-0.061,292,121,-4.02,36,0
3809,80,Mujer,5.8,174,33.9,925,0,0,0.168,1094,185,-4.3,36,0
3810,62,Mujer,6.7,175,38.6,407,1,0,-0.41,270,166,-3.32,36,0
3811,67,Mujer,7,128,51.5,24,0,0,1.033,67,113,-3.57,29.67,1
3812,73,Mujer,7.8,121,39,15,0,0,-0.04,14,129,-0.73,36,0
3813,55,Hombre,7.2,136,39,21,0,0,-0.188,17,120,0.05,36,0
3814,51,Hombre,6.6,136,57.2,201,1,1,-0.421,132,133,-0.23,36,0
3815,51,Hombre,7.6,152,38.4,256,0,1,0.209,315,155,-3.25,36,0
3816,70,Hombre,7.4,139,48.5,184,0,1,-0.791,83,130,0.51,36,0
3817,59,Mujer,8.2,108,48.2,113,1,1,-0.351,80,103,-2.44,36,0
3818,60,Hombre,5.5,123,62.1,46,0,0,0.068,49,112,-0.21,36,0
3819,57,Hombre,7.5,106,37.6,97,1,1,-0.322,70,96,-0.52,36,0
3820,70,Mujer,9.1,144,50.5,103,0,1,0.223,129,146,-2.19,36,0
3821,62,Hombre,6.6,132,51,260,0,0,-0.113,232,129,-4.21,36,0
3822,57,Hombre,8.8,110,56.3,985,0,1,-0.963,376,103,0.21,36,0
3823,77,Hombre,7.2,118,50.7,49,0,0,0.712,100,120,-4.14,36,0
3824,66,Mujer,8.1,151,53.9,545,0,0,0.377,795,155,-3,36,0
3825,63,Mujer,8,138,24.9,40,0,1,-0.018,39,133,-1.47,36,0
3826,58,Hombre,9.6,106,42.8,161,0,1,-0.331,116,96,-0.45,36,0
3827,90,Hombre,8.2,142,40,1004,0,0,-1.191,305,139,-1.21,36,0
3828,63,Mujer,7.7,159,49.6,476,0,1,-0.291,356,155,-3.06,36,0
3829,71,Hombre,9.1,142,69.8,163,1,1,-0.025,159,129,-2.73,36,0
3830,64,Hombre,7.8,149,43.6,284,0,1,0.015,288,141,-1.33,36,0
3831,55,Mujer,9.2,136,42.6,54,0,1,-0.104,49,134,-3.55,36,0
3832,55,Hombre,7.8,143,41.6,59,0,0,0.056,62,156,-2.25,36,0
3833,77,Hombre,8.6,149,24.4,419,1,0,0.559,733,134,-4.29,36,0
3834,60,Hombre,8.5,150,53.9,698,0,0,0.111,780,148,-2.88,36,0
3835,50,Hombre,6.8,128,43.9,51,0,1,1.043,145,107,-3.64,36,0
3836,64,Hombre,9,141,44.2,447,0,0,0.26,580,145,-3.33,36,0
3837,66,Mujer,6.1,150,39.5,42,1,0,-0.037,40,144,-2.09,36,0
3838,55,Mujer,7.9,142,41.1,45,0,0,0.385,66,149,-1.72,36,0
3839,78,Mujer,7.8,155,55.8,635,0,1,-0.702,315,148,-1.68,36,0
3840,80,Mujer,9.9,168,49.8,319,0,1,-0.428,208,162,-3.95,36,0
3841,72,Hombre,6.2,140,38.5,310,0,0,-0.46,196,153,-3.81,36,0
3842,75,Hombre,8.9,138,37.7,509,0,0,-0.039,490,146,-6.26,36,0
3843,52,Hombre,5.5,128,44,109,0,0,0.402,163,122,-1.5,36,0
3844,64,Mujer,8.6,122,46.6,169,1,1,-0.447,108,113,-0.03,36,0
3845,85,Mujer,8.7,165,71.9,14,1,1,0.561,25,141,-1.26,36,0
3846,52,Hombre,7.8,139,40.7,69,0,0,0.384,101,152,-1.84,36,0
3847,66,Mujer,10.7,122,38.4,102,1,0,-0.993,38,120,-0.86,36,0
3848,54,Hombre,7.5,158,59.9,2064,0,1,0.029,2126,149,-1.81,36,0
3849,69,Hombre,8,155,48.5,302,1,1,0.415,458,134,-4,36,0
3850,79,Mujer,6.6,171,42.9,341,0,0,0.485,554,165,-5.1,36,0
3851,59,Mujer,6.6,118,45.2,39,0,0,0.001,39,101,-1.39,36,0
3852,69,Hombre,6.4,143,46.7,125,0,0,-0.528,74,142,-1.35,36,0
3853,49,Mujer,8.9,152,41,837,0,1,-0.419,551,139,-2.78,36,0
3854,58,Mujer,9.6,133,26.4,851,0,1,-0.157,727,133,-3.49,36,0
3855,71,Hombre,7.9,155,44.4,36,0,0,-1.052,13,154,-0.97,36,0
3856,71,Hombre,8.2,137,51.4,55,0,0,-0.278,42,134,-2.5,36,0
3857,44,Mujer,9.1,112,62.9,215,1,0,-0.104,194,120,-2.76,36,0
3858,63,Mujer,6.2,136,51.1,142,1,1,-0.093,129,132,-1.4,36,0
3859,57,Hombre,6.3,107,45.3,122,0,0,-1.19,37,116,1.6,36,0
3860,67,Hombre,7.3,120,57.1,93,0,1,-0.967,35,115,1.02,36,0
3861,49,Mujer,7.9,101,45.5,87,0,0,-0.217,70,87,-1.01,36,0
3862,56,Mujer,6.6,110,51.7,77,0,1,-1.394,19,109,2.22,36,0
3863,67,Mujer,8.7,146,40.5,65,0,0,0.624,121,138,-5.13,36,0
3864,58,Hombre,6.5,137,51.8,181,0,1,-0.724,88,128,0.22,36,0
3865,50,Mujer,7.4,123,52.8,68,0,1,-0.721,33,123,0.06,36,0
3866,61,Mujer,8,144,45.7,39,0,0,0.267,51,144,-3.27,36,0
3867,73,Mujer,9.2,150,38.6,202,0,0,0.011,204,145,-4.48,0.99,1
3868,60,Hombre,7.2,164,46.2,444,0,1,-0.397,298,152,-3.21,36,0
3869,71,Mujer,9.4,121,61.7,87,0,0,0.383,128,125,-1.49,36,0
3870,63,Mujer,6.8,123,35.1,135,1,1,-0.393,91,113,-3.5,36,0
3871,66,Mujer,9.9,123,46.9,106,0,1,0.023,109,121,-1.39,36,0
3872,77,Hombre,8.2,123,58.7,59,1,1,-0.459,37,125,-0.77,36,0
3873,71,Mujer,7.6,144,44.8,277,1,0,-0.708,136,141,-4.13,36,0
3874,62,Hombre,7.2,138,57.1,51,0,1,-0.397,34,119,-0.51,36,0
3875,54,Mujer,9.3,122,61.8,96,1,1,0.2,117,119,-3.73,36,0
3876,70,Hombre,9.4,153,61.5,174,0,1,-0.812,77,150,-2.47,36,0
3877,70,Hombre,8,143,60.4,35,0,1,0.355,50,117,-2.13,36,0
3878,68,Mujer,8.7,121,42.6,501,0,1,-0.758,235,114,-0.65,36,0
3879,57,Mujer,6.8,151,40,73,0,1,-0.394,49,154,-2.23,36,0
3880,69,Mujer,9.4,130,47.7,111,0,1,0.063,118,129,-0.95,36,0
3881,73,Hombre,5.8,129,29.4,80,1,0,-0.016,79,133,-3.97,36,0
3882,57,Hombre,8.8,133,33.5,652,1,1,-0.965,248,133,-1.35,36,0
3883,78,Hombre,10,102,59,146,1,0,0.196,178,96,-4.22,36,0
3884,69,Hombre,6.8,158,36.6,524,1,0,-0.333,376,157,-4.31,36,0
3885,59,Hombre,8.6,139,56,220,0,0,-0.148,190,141,-1.94,36,0
3886,60,Hombre,7.1,143,37.5,193,1,0,-1.033,69,144,-0.97,36,0
3887,64,Hombre,7.3,150,54.9,76,1,0,1.113,231,136,-3.93,36,0
3888,72,Hombre,7.8,143,54.2,121,0,0,0.908,300,142,-3.97,36,0
3889,68,Mujer,7.8,127,37,61,0,0,0.863,145,143,-3.55,36,0
3890,79,Hombre,9,131,51,19,1,0,0.68,37,130,-3.97,27.81,1
3891,69,Mujer,6.8,144,58.1,91,0,1,0.189,110,132,-2.52,36,0
3892,50,Hombre,6.8,117,48.4,23,0,1,-0.219,18,111,0.53,36,0
3893,54,Mujer,10.7,128,65.8,45,0,0,1.151,142,143,-4.83,36,0
3894,80,Mujer,8.2,112,46.9,18,1,0,0.184,22,106,-0.75,36,0
3895,69,Hombre,7.1,130,39.1,160,1,1,-0.416,106,126,-0.96,36,0
3896,78,Mujer,6.9,139,46.3,149,0,0,0.003,149,134,-3.53,36,0
3897,68,Mujer,8.5,143,44.2,379,0,0,-0.197,311,140,-4.31,36,0
3898,58,Hombre,7.6,155,62.6,53,0,1,-0.567,30,147,1.32,36,0
3899,58,Hombre,6.1,132,36.8,97,1,0,-0.164,82,139,-2.64,36,0
3900,62,Hombre,7.6,144,39.7,89,0,1,-1.024,32,143,0.08,36,0
3901,52,Mujer,5.5,140,52.2,486,1,1,-0.067,454,130,-2.84,36,0
3902,74,Mujer,7,145,45.2,211,0,0,0.001,211,148,-5.26,36,0
3903,55,Hombre,6.3,128,38.9,51,0,0,0.039,53,129,-2.16,36,0
3904,75,Hombre,8.6,131,40.8,273,0,0,0.566,481,136,-4.48,36,0
3905,80,Hombre,8.9,159,43.6,291,0,0,-0.382,199,162,-2.23,36,0
3906,70,Hombre,5.5,159,50.3,41,0,0,0.344,58,162,-1.27,36,0
3907,59,Mujer,8.8,141,54.4,109,0,1,0.026,112,127,-3.13,36,0
3908,37,Mujer,6.6,125,49.6,38,0,1,-0.036,37,124,1.42,30.47,1
3909,63,Hombre,9.4,146,44.2,613,0,0,0.573,1087,143,-4.44,36,0
3910,69,Hombre,7.6,107,31.9,104,1,0,-0.568,59,102,-1.64,36,0
3911,74,Mujer,7,157,56.1,589,0,0,0.508,979,160,-6.02,36,0
3912,77,Hombre,6.5,129,26.4,97,0,0,-0.338,69,140,-1.33,34.76,1
3913,78,Hombre,6.7,146,30.2,102,1,1,-0.373,70,140,-3.72,36,0
3914,76,Hombre,7.9,130,38.7,272,0,0,-0.086,250,121,-1.88,36,0
3915,67,Hombre,9.3,109,48.9,22,1,1,0.123,25,92,-0.08,36,0
3916,76,Hombre,9.7,144,23.5,85,1,0,0.26,110,128,-6.92,36,0
3917,56,Mujer,5.7,102,56.5,13,0,0,0.045,14,111,0.15,36,0
3918,65,Mujer,7.1,144,43.1,565,0,0,-0.313,413,138,-2.9,36,0
3919,68,Hombre,6.5,135,42.3,19,0,0,0.527,32,138,-2.06,36,0
3920,69,Hombre,8.9,138,53.2,153,0,1,0.294,205,112,-3.78,36,0
3921,62,Hombre,5.8,138,55.4,202,0,0,-0.457,128,137,-2.06,36,0
3922,73,Hombre,6.4,107,38.4,52,1,0,0.269,68,112,-2.63,36,0
3923,66,Mujer,7.2,141,47.7,133,0,1,-0.262,102,130,-1.59,36,0
3924,58,Hombre,7.1,157,54.6,68,0,1,-0.187,56,137,-0.4,36,0
3925,82,Mujer,8.5,130,20,724,0,0,0.062,770,129,-4.76,36,0
3926,60,Mujer,9.1,145,55.6,34,0,1,-0.144,29,141,-1.12,36,0
3927,62,Mujer,9,150,39,274,0,1,0.32,377,150,-3.27,36,0
3928,72,Mujer,8.5,142,36.5,97,1,1,0.134,111,138,-2.38,36,0
3929,62,Hombre,8.1,152,42.6,170,0,1,-0.129,149,149,-2.17,36,0
3930,57,Hombre,7.4,119,55.5,68,0,1,-1.013,25,105,0.72,36,0
3931,85,Hombre,6.2,149,28.5,661,1,0,0.141,761,150,-4.25,36,0
3932,72,Mujer,7.5,140,37.4,155,0,0,0.946,399,141,-3.27,36,0
3933,56,Hombre,5.5,128,51.2,3,0,0,0.651,6,120,-1.48,36,0
3934,59,Hombre,8.1,138,60.5,76,0,1,-1.117,25,139,1.55,36,0
3935,67,Hombre,8.4,151,49,207,0,0,0.738,433,150,-3.54,36,0
3936,68,Hombre,7.8,146,43.5,113,1,0,-0.389,77,152,-2.77,36,0
3937,58,Hombre,5.5,133,24.2,78,0,0,0.093,86,128,-2.38,36,0
3938,67,Hombre,6.3,110,45.9,9,0,0,-0.247,7,115,0.62,36,0
3939,47,Mujer,6,145,54,70,1,1,0.004,70,143,-0.19,36,0
3940,61,Hombre,8.1,157,20.8,873,0,0,0.867,2077,168,-4.21,36,0
3941,55,Hombre,7,135,52.7,132,0,1,-0.174,111,141,-1.65,36,0
3942,59,Mujer,8.2,130,32.4,58,1,0,-0.42,38,143,-2.9,36,0
3943,69,Hombre,8.7,136,54.2,644,0,0,0.212,796,148,-3.32,36,0
3944,80,Mujer,8.6,140,29.9,337,1,0,-1.056,117,130,-3.78,36,0
3945,68,Hombre,6.7,123,44.2,37,0,0,-0.478,23,119,0.01,36,0
3946,69,Hombre,7.1,131,38.2,413,0,1,-0.17,348,141,-2.21,36,0
3947,58,Mujer,7.6,127,52.8,82,0,1,0.071,88,120,-0.8,36,0
3948,71,Mujer,6.6,140,36.4,41,1,0,-0.283,31,142,-4.33,36,0
3949,70,Mujer,7.1,137,46.1,135,1,1,-0.073,126,126,-2.06,36,0
3950,72,Hombre,7.5,140,40.6,118,0,0,-0.264,91,134,-0.55,36,0
3951,51,Mujer,7.6,131,44,206,0,1,-0.57,117,126,-1.16,36,0
3952,61,Hombre,8.7,128,49.1,30,0,0,-0.141,26,119,-2.14,36,0
3953,59,Mujer,9.5,156,35.4,641,0,0,-0.637,339,147,-3.58,36,0
3954,46,Hombre,7.8,133,38.2,107,1,1,-1.063,37,125,1.2,36,0
3955,64,Hombre,7.2,137,38.3,68,0,1,-0.519,40,119,-2.05,36,0
3956,56,Hombre,6.5,119,55.2,197,1,1,0.047,206,108,-1.44,36,0
3957,55,Mujer,9.7,138,31.4,288,0,0,0.676,566,141,-2.69,27.84,1
3958,60,Mujer,9.1,149,65.6,286,0,1,-1.012,104,132,-1.71,36,0
3959,65,Mujer,6.8,129,43.2,61,0,0,0.311,83,127,-2.82,36,0
3960,52,Mujer,7.4,144,44.8,15,1,0,0.895,37,146,-3.52,36,0
3961,69,Mujer,8.9,142,32.9,867,0,0,0.965,2275,139,-5.51,36,0
3962,63,Hombre,6.7,151,20,412,0,0,-0.134,360,151,-2.48,36,0
3963,80,Mujer,9.5,157,36.6,678,0,0,0.294,910,144,-5.04,19.69,1
3964,65,Mujer,7.7,135,49.5,385,1,1,-0.726,186,123,-1.02,36,0
3965,45,Hombre,8.5,113,55.2,281,0,1,-1.033,100,118,0.28,36,0
3966,66,Mujer,9,147,38.2,144,0,0,0.21,178,165,-3.15,36,0
3967,60,Mujer,9,133,61.3,512,1,1,-1.003,188,110,-2.32,36,0
3968,46,Mujer,8.6,140,39.9,109,0,1,-0.166,92,137,-0.07,25.68,1
3969,73,Hombre,8.7,127,40.3,83,0,0,0.125,94,139,-2.98,36,0
3970,60,Mujer,7.6,104,38.5,361,0,0,-0.018,355,95,-3.34,36,0
3971,48,Hombre,8.5,149,23.3,95,0,0,0.453,150,140,-3.59,36,0
3972,67,Mujer,8.2,133,43.9,680,0,0,0.167,804,124,-3.53,36,0
3973,69,Mujer,7.8,148,45.2,179,1,1,-0.582,100,137,-0.76,36,0
3974,60,Mujer,8,162,52.6,253,0,0,0.115,284,167,-3.64,36,0
3975,74,Mujer,6.2,155,49.1,83,0,0,0.221,104,166,-1.5,36,0
3976,60,Mujer,8.5,114,31.9,91,0,1,-0.86,39,109,-0.29,36,0
3977,60,Mujer,9.7,140,55.5,90,1,0,-0.349,63,138,-1.94,36,0
3978,69,Mujer,9.1,122,35,31,0,0,0.373,45,118,-2.47,36,0
3979,69,Hombre,9.9,152,67.8,57,0,0,0.336,80,150,-2.12,36,0
3980,87,Mujer,8,138,43.9,291,0,0,-0.377,200,131,-2.24,36,0
3981,58,Mujer,8.7,129,30.9,80,0,1,-0.689,40,126,-2.22,36,0
3982,66,Hombre,8.1,132,42.8,129,1,1,0.631,243,127,-3.65,36,0
3983,69,Mujer,7.4,130,46.7,85,0,0,-0.322,62,133,-2.48,36,0
3984,52,Mujer,5.9,140,43.2,61,1,1,-0.733,29,136,1.84,36,0
3985,45,Mujer,7.3,146,40.8,67,0,1,0.795,148,143,-2.23,36,0
3986,59,Mujer,7.4,162,52,15,0,1,-0.029,15,169,-0.55,36,0
3987,88,Mujer,8.8,144,32.4,20,1,0,1.189,66,130,-6.89,36,0
3988,59,Mujer,6.3,145,41.7,96,0,0,-0.104,87,146,-1.76,36,0
3989,65,Hombre,9.8,135,36.8,85,0,0,-0.126,75,147,-4.47,36,0
3990,74,Mujer,9.6,154,34.1,176,0,1,-0.901,72,142,-2.36,36,0
3991,66,Hombre,7.2,126,48.6,55,0,0,-0.066,51,126,-1.44,36,0
3992,73,Mujer,7.8,143,33.4,188,0,1,-0.68,95,136,-0.67,36,0
3993,57,Mujer,11.4,148,39.7,448,0,0,-0.398,301,145,-4.65,12.47,1
3994,69,Hombre,5.5,180,43.4,206,1,1,-0.412,136,173,-2.49,36,0
3995,52,Hombre,8.5,150,43.6,108,1,0,0.765,232,155,-5.49,36,0
3996,73,Hombre,6.4,148,25,403,1,0,-0.429,262,155,-1.77,36,0
3997,55,Mujer,6.9,111,60.9,23,0,0,0.242,29,101,-0.38,36,0
3998,70,Hombre,8.9,135,60.1,147,1,1,-0.515,88,124,-3.03,36,0
3999,70,Mujer,8.3,153,46.5,501,1,0,0.871,1196,164,-6.42,8.65,1
4000,59,Hombre,6.6,131,64.5,262,0,1,-1.302,71,136,2.05,36,0
4001,76,Hombre,10,134,47.4,192,0,1,-0.717,94,125,-0.6,36,0
4002,61,Mujer,6.5,146,40.2,61,0,0,0.031,63,150,0.18,36,0
4003,83,Hombre,7.2,137,41.7,232,1,0,-0.055,220,131,-5.05,36,0
4004,48,Hombre,8.2,107,42.2,114,0,0,-0.316,83,106,-1.47,36,0
4005,56,Mujer,7.5,154,35.3,118,0,0,-0.406,79,145,-0.23,36,0
4006,69,Hombre,8,147,20,478,0,0,1.238,1649,164,-5.54,36,0
4007,71,Hombre,8.7,111,65.9,65,1,0,-0.194,54,118,-2.28,36,0
4008,67,Hombre,8,156,35.2,128,0,0,0.103,142,150,-0.78,36,0
4009,70,Mujer,8.7,141,35.7,768,0,0,0.139,882,145,-4.12,36,0
4010,72,Hombre,5.9,135,52.5,30,0,0,0.393,44,139,-2.11,36,0
4011,47,Hombre,7.9,99,58.2,110,0,1,-0.117,98,95,-1.07,36,0
4012,82,Hombre,6.3,137,31.8,24,0,0,0.04,25,146,-2.03,36,0
4013,59,Hombre,7.4,118,59.9,69,0,1,-0.773,32,106,-0.62,36,0
4014,70,Hombre,8.9,126,41.8,296,0,1,0.047,310,126,-3.07,36,0
4015,59,Mujer,5.6,126,42.4,122,0,1,-0.291,91,120,0.82,36,0
4016,73,Hombre,10.3,131,43.3,328,1,0,0.687,652,128,-5.33,36,0
4017,60,Hombre,6.4,167,47.2,435,1,0,-0.327,314,166,-3.45,36,0
4018,63,Hombre,7.3,168,32.6,345,1,0,0.543,594,161,-4.37,36,0
4019,72,Mujer,7.8,129,40,92,0,0,0.088,100,110,-1.13,7.9,1
4020,86,Hombre,8.9,161,51.5,386,0,1,-1.35,100,162,-1.42,36,0
4021,60,Hombre,7.2,145,38.1,69,1,0,-0.244,54,144,-3.23,36,0
4022,73,Mujer,7.9,154,65.4,701,0,0,0.007,706,159,-3.91,36,0
4023,55,Mujer,7.6,157,47.4,227,0,0,-0.108,204,152,-2.32,36,0
4024,72,Hombre,8.6,149,41.2,445,0,0,0.441,691,141,-4.28,36,0
4025,58,Hombre,8.9,148,51,144,1,0,-0.252,112,145,-1.94,36,0
4026,73,Mujer,9.3,136,49.8,149,0,1,-0.532,87,121,-2.64,36,0
4027,71,Hombre,5.8,154,38.1,18,0,0,1.049,51,165,-3.49,36,0
4028,75,Mujer,8.6,121,41.4,55,1,0,0.708,112,117,-5.44,36,0
4029,61,Hombre,8,127,52,198,1,0,0.748,418,138,-3.6,36,0
4030,62,Mujer,7.9,133,38.2,238,0,0,-0.313,174,136,-1.36,7.09,1
4031,59,Hombre,6.7,101,43.2,243,1,1,-0.362,169,96,-1.35,36,0
4032,55,Mujer,7.2,143,48.5,230,0,1,-0.643,121,134,-0.4,36,0
4033,54,Hombre,7.2,138,63.2,24,1,0,0.1,27,148,-0.42,36,0
4034,53,Hombre,8.7,127,49.2,25,0,0,-0.139,22,129,-1.32,36,0
4035,74,Hombre,6.8,134,49.3,23,0,0,0.953,60,128,-2.7,36,0
4036,48,Hombre,8.6,133,40.1,191,0,1,-0.628,102,129,-0.6,36,0
4037,54,Mujer,6.9,108,65.1,65,0,1,-0.883,27,97,-0.17,36,0
4038,61,Mujer,7.3,126,21.1,174,0,0,-0.419,114,117,-2.76,36,0
4039,72,Mujer,9.1,142,30.4,1857,1,1,-0.333,1331,137,-5.5,36,0
4040,46,Hombre,9.4,133,39.5,318,0,1,-0.055,301,130,-2.91,36,0
4041,72,Hombre,9.6,108,56.5,458,0,0,-0.251,356,99,-2.06,36,0
4042,62,Hombre,8,142,42.2,47,0,0,0.694,94,152,-3.62,36,0
4043,67,Mujer,7,130,45.9,34,0,1,0.141,39,137,-0.69,36,0
4044,58,Mujer,7.9,144,40.7,365,0,1,-0.386,248,141,-1.7,36,0
4045,61,Hombre,6.1,158,51.4,69,1,0,0.352,98,159,-2.54,36,0
4046,70,Hombre,5.5,150,60,147,0,1,-0.866,62,143,-0.05,36,0
4047,67,Mujer,7.7,143,44.6,58,0,1,-0.63,31,121,-0.7,36,0
4048,60,Hombre,6.6,143,51.4,57,0,0,0.131,65,139,-3.25,36,0
4049,51,Hombre,7.5,110,49.8,204,0,1,-0.401,137,107,-0.36,36,0
4050,73,Mujer,7.9,103,63.5,13,0,0,0.016,13,97,1.22,36,0
4051,67,Mujer,7.2,157,50.5,91,0,0,0.289,122,157,-3.48,36,0
4052,41,Mujer,10,126,51.9,120,0,1,-0.139,104,116,-0.11,1.22,1
4053,46,Hombre,6.5,133,45.2,99,0,1,-0.746,47,133,-0.06,36,0
4054,56,Mujer,8.2,95,48.7,15,0,0,0.144,17,101,1.41,36,0
4055,64,Hombre,8.2,121,49.7,36,1,0,0.327,50,119,-2.71,36,0
4056,47,Hombre,6.5,118,47.6,35,0,1,-0.997,13,125,2.07,36,0
4057,66,Hombre,7.5,150,38.8,423,0,1,0.164,498,152,-2.01,36,0
4058,66,Mujer,7.5,104,57.4,24,1,1,-0.331,17,96,0.12,36,0
4059,73,Hombre,9.7,138,25.4,66,0,1,-0.092,60,139,-2.43,36,0
4060,70,Hombre,7.6,127,30,6,0,0,0.793,13,124,-4.58,36,0
4061,68,Hombre,11.5,119,53.3,187,0,1,-0.546,108,117,-0.47,36,0
4062,67,Mujer,9.7,139,40,364,0,1,0.311,497,125,-3.54,36,0
4063,79,Mujer,6.8,126,49.2,462,0,1,-0.113,413,109,0.18,36,0
4064,69,Mujer,8.6,130,42.5,114,1,0,0.225,143,131,-3.68,36,0
4065,68,Hombre,9.2,133,34.8,156,1,0,0.083,170,131,-3.19,36,0
4066,46,Mujer,6.3,133,52.4,171,1,1,-0.361,119,105,-0.43,36,0
4067,71,Mujer,8.9,121,45.8,210,0,0,1.03,588,106,-5.46,36,0
4068,60,Mujer,6.8,141,32.6,191,0,0,-0.367,132,160,-1.78,36,0
4069,58,Mujer,6.5,141,46.6,107,1,0,-0.053,101,133,-1.94,36,0
4070,55,Hombre,7.3,148,52.2,295,0,0,0.201,361,150,-3.48,36,0
4071,67,Hombre,7.8,119,20,213,0,1,-0.355,149,113,-1.57,36,0
4072,82,Mujer,6.8,150,24.3,23,1,0,-0.048,22,145,-4.18,36,0
4073,73,Mujer,9,135,41.9,186,0,1,0.054,196,113,-3.66,36,0
4074,62,Mujer,7.1,148,47.5,111,0,1,0.471,178,146,-2.61,36,0
4075,71,Hombre,8,147,35.9,217,0,0,-0.151,187,150,-2.44,36,0
4076,67,Mujer,9.2,137,48.7,374,0,0,-0.295,278,147,-4.11,36,0
4077,67,Mujer,7.9,121,53.1,98,0,0,-0.508,59,114,-1.12,36,0
4078,51,Hombre,9.5,149,44.3,191,0,0,0.619,355,147,-4.6,36,0
4079,61,Hombre,8.4,107,36.6,138,1,1,0.036,143,94,-2.88,36,0
4080,74,Mujer,5.9,136,39.1,24,1,0,0.295,32,133,-3.75,36,0
4081,85,Hombre,5.5,147,23,81,1,0,-0.02,79,139,-2.39,36,0
4082,55,Mujer,7.3,118,39,3669,0,1,-0.878,1525,124,-0.87,36,0
4083,66,Hombre,6.9,129,40.8,58,0,0,0.066,62,117,-0.44,36,0
4084,63,Mujer,7.8,142,55,115,1,0,-0.389,78,152,-1.12,36,0
4085,78,Mujer,9.7,114,41.6,107,1,0,0.166,126,121,-3.05,19.7,1
4086,62,Mujer,7.5,136,46.8,32,0,1,0.111,36,131,-1.97,36,0
4087,59,Hombre,6.5,146,40.2,35,1,0,-0.185,29,146,-2.01,36,0
4088,60,Hombre,8.6,130,43.2,363,0,1,-0.653,189,136,-2.06,36,0
4089,39,Hombre,5.5,127,38.1,158,0,0,0.173,188,136,0.51,36,0
4090,77,Mujer,7.1,150,56.2,40,1,0,0.059,42,150,-2.63,36,0
4091,78,Hombre,6.6,136,36.7,60,1,0,0.235,76,119,-1.58,36,0
4092,56,Hombre,8.1,127,34.7,127,1,1,-0.296,94,114,-3.33,36,0
4093,74,Hombre,7.1,160,50.4,32,0,0,0.75,68,168,-3.81,2.19,1
4094,73,Mujer,8.6,124,39.9,559,0,1,-0.782,256,107,-1.37,36,0
4095,48,Mujer,9.6,130,64.6,30,0,0,0.913,75,141,-5.11,36,0
4096,43,Hombre,8.4,149,48.3,451,0,1,-0.536,264,136,-0.65,36,0
4097,69,Mujer,8.8,122,45.1,137,0,1,-0.765,64,109,1.98,36,0
4098,49,Mujer,7.7,128,36.6,71,1,0,-0.377,49,126,-0.69,36,0
4099,69,Mujer,7.2,147,59,24,1,0,0.319,33,143,-2.64,36,0
4100,55,Mujer,9.5,173,50.4,282,0,1,-0.033,273,169,-2.95,36,0
4101,51,Hombre,6.6,116,55.5,15,0,1,-0.196,12,110,0.01,36,0
4102,77,Hombre,7.8,140,47.7,111,1,1,0.108,124,117,-2.41,36,0
4103,67,Mujer,8.5,125,42.9,149,0,0,0.367,215,123,-4.92,36,0
4104,60,Mujer,8.2,152,30.8,112,0,1,-0.46,71,157,-0.12,36,0
4105,59,Hombre,6.8,131,47.8,39,0,1,-0.667,20,113,-1.45,36,0
4106,67,Hombre,7,147,61.2,610,1,1,-0.987,227,152,-1.47,36,0
4107,70,Mujer,7.3,137,51.8,408,1,1,0.599,743,142,-3.92,36,0
4108,73,Mujer,6.5,131,41.4,284,0,0,-0.485,175,132,-0.92,36,0
4109,69,Hombre,7.4,140,48.8,354,0,0,0.114,397,127,-3.08,36,0
4110,49,Mujer,8.8,141,52.8,52,0,0,-0.592,29,132,0.26,36,0
4111,49,Hombre,5.6,165,52.6,38,0,0,1.433,159,167,-3.62,36,0
4112,56,Mujer,6.2,130,59.3,19,0,0,-0.165,16,126,-0.15,36,0
4113,80,Mujer,7.5,137,50.7,87,0,0,0.191,105,138,-2.3,36,0
4114,70,Mujer,8.1,137,57.7,204,0,1,-0.09,186,136,-2.64,36,0
4115,74,Hombre,9.8,120,39.4,340,0,0,0.444,530,118,-3.23,36,0
4116,64,Mujer,8.7,130,52.3,699,1,1,-0.626,374,124,-2.67,36,0
4117,73,Mujer,8.3,129,50.4,23,1,0,0.748,49,125,-2.44,36,0
4118,54,Hombre,7.6,153,61.8,84,1,0,0.373,122,154,-3.06,36,0
4119,65,Hombre,6.9,152,48,64,1,1,0.415,97,143,-2.83,36,0
4120,78,Hombre,7.4,137,31,186,1,0,0.28,246,140,-3.56,36,0
4121,52,Mujer,9.5,106,49.7,84,0,1,-0.583,47,102,-0.34,36,0
4122,80,Hombre,6.1,146,42.8,405,1,0,-0.308,298,167,-0.92,36,0
4123,67,Hombre,5.9,134,58.2,210,0,0,-0.381,144,145,-2.03,36,0
4124,73,Hombre,7.6,151,38.2,162,0,0,-0.411,107,132,-2.54,36,0
4125,62,Hombre,7.5,104,39.6,226,0,0,0.098,249,113,-1.53,36,0
4126,70,Mujer,7.5,147,40.6,123,0,0,0.529,209,142,-3.26,36,0
4127,67,Hombre,6,128,51.9,49,0,0,0.456,77,119,-2.85,36,0
4128,57,Hombre,8.2,122,43.5,204,0,0,-0.176,171,119,-0.8,36,0
4129,57,Mujer,7.7,160,63.8,714,0,1,-0.189,591,150,-2.85,36,0
4130,65,Hombre,9,125,40.2,367,0,0,0.395,545,125,-3.56,36,0
4131,70,Hombre,5.8,107,32.2,24,0,0,-0.022,23,100,-2.39,36,0
4132,75,Mujer,6.8,138,53.7,85,0,0,-0.348,60,144,-1,36,0
4133,64,Mujer,7.7,130,44.2,97,1,1,0.818,220,138,-3.59,36,0
4134,63,Hombre,7.5,149,51.2,17,1,0,0.499,28,153,-2.29,36,0
4135,63,Mujer,7,135,35.6,192,0,0,0.171,228,116,-2.01,4.55,1
4136,65,Hombre,5.5,125,43.1,46,1,0,0.069,49,123,-2.27,36,0
4137,65,Mujer,7.5,130,44.6,50,0,1,-0.393,34,137,-2.29,36,0
4138,66,Mujer,8.2,128,56.4,30,0,0,1.063,87,110,-4.8,36,0
4139,66,Hombre,7,150,44.8,38,0,0,0.39,56,146,-2.61,36,0
4140,63,Hombre,7.7,146,33.8,73,0,0,0.71,149,153,-3.51,21.48,1
4141,52,Hombre,8.3,131,50.2,122,0,1,0.152,142,130,-1.15,36,0
4142,64,Mujer,9.3,126,44.5,52,1,1,0.467,83,117,-2.53,36,0
4143,66,Hombre,6.7,139,32.7,85,0,0,-0.056,80,152,-2.25,14.8,1
4144,81,Hombre,9,154,51.1,130,0,0,0.576,231,157,-3.98,22.31,1
4145,63,Hombre,8.1,146,40.7,153,1,0,-0.806,68,149,-1.66,36,0
4146,56,Mujer,9.9,133,44.3,89,0,0,0.118,100,145,-1.05,36,0
4147,41,Hombre,6.3,109,75,44,1,1,-0.744,21,94,1.36,36,0
4148,64,Mujer,7.5,165,42.8,193,0,0,0.349,274,178,-5.41,36,0
4149,40,Hombre,5.8,123,58.6,45,0,1,-0.267,34,119,1.71,36,0
4150,54,Mujer,10.3,138,59.3,99,0,1,-0.649,52,137,-0.42,36,0
4151,44,Hombre,8,118,46.3,37,0,0,0.379,54,111,-1.88,36,0
4152,61,Hombre,7.5,150,54.7,778,1,1,-0.545,451,155,-1.96,19.47,1
4153,73,Mujer,8.6,133,34.5,83,0,0,0.197,101,139,-3.29,36,0
4154,72,Mujer,6.7,131,45.2,27,1,1,-0.399,18,130,0.18,36,0
4155,54,Hombre,8.2,110,49.9,81,1,1,-0.385,55,100,-0.38,36,0
4156,67,Hombre,8.1,143,23.8,45,0,0,0.768,97,133,-4.2,36,0
4157,57,Hombre,8.8,136,54.4,528,1,1,-0.234,418,138,-1.59,36,0
4158,71,Hombre,7.3,120,35.9,86,0,0,-0.995,32,140,-0.96,36,0
4159,59,Mujer,8.2,138,44.4,121,0,0,0.306,164,120,-2.12,36,0
4160,70,Mujer,8,121,44.2,1067,0,1,-0.225,852,100,-3,36,0
4161,55,Hombre,7.1,139,53,90,1,1,-0.565,51,141,-1.42,36,0
4162,66,Hombre,7.8,125,38.5,501,0,1,-0.579,281,125,-1.84,36,0
4163,55,Mujer,8.5,135,49.1,528,0,1,-0.01,523,129,-3.13,36,0
4164,59,Mujer,8.2,139,61.4,78,0,1,0.121,88,144,-3.72,36,0
4165,73,Hombre,8.5,153,47.8,366,0,0,0.066,391,153,-4.82,36,0
4166,79,Hombre,7.1,115,53.3,74,0,0,-0.092,67,116,-2.77,36,0
4167,65,Hombre,5.8,162,48.5,147,0,0,0.075,158,164,-2.34,36,0
4168,70,Hombre,7.9,124,46.7,50,1,0,0.325,69,135,-4.07,36,0
4169,72,Mujer,6.9,100,39.5,20,0,0,0.636,38,100,-2.42,36,0
4170,57,Hombre,6.5,136,57.6,61,0,1,0.907,151,142,-3.58,36,0
4171,51,Hombre,9.7,101,37.8,43,0,0,0.06,46,113,-0.35,36,0
4172,68,Mujer,9.4,114,56.8,243,1,1,-0.621,131,116,-2.06,36,0
4173,65,Mujer,8.8,114,39.5,26,0,0,-0.496,16,107,-1.69,36,0
4174,65,Hombre,8.2,152,33,331,0,1,-0.244,259,129,-2.4,36,0
4175,61,Mujer,7.8,113,59.9,55,0,1,-0.665,28,111,2.36,36,0
4176,49,Hombre,8.1,112,49.7,150,0,0,-1.306,41,125,0.83,36,0
4177,79,Hombre,8.5,108,47.1,115,0,1,-0.083,106,96,-0.27,36,0
4178,61,Hombre,7.4,112,59.3,196,1,1,-0.006,195,107,-2.49,36,0
4179,73,Hombre,8.3,134,38.4,375,1,0,-0.013,370,141,-4.67,36,0
4180,57,Hombre,6.6,140,61.8,110,0,0,-0.242,86,129,-0.99,36,0
4181,70,Mujer,7.7,136,40.3,164,0,0,0.352,233,138,-4.26,25.16,1
4182,61,Hombre,7.2,146,72.9,12,0,0,-0.138,10,142,-1.72,36,0
4183,71,Hombre,7.6,151,37.8,238,0,1,-0.838,103,148,-2.8,36,0
4184,72,Hombre,7.5,135,51.1,62,0,0,-0.166,53,146,-1.84,36,0
4185,68,Mujer,8.7,130,37.1,113,0,0,0.041,118,115,-4.96,36,0
4186,59,Mujer,7.1,154,50.7,199,0,0,0.519,334,162,-5.19,36,0
4187,60,Hombre,8.3,139,53.4,151,0,1,-0.501,91,130,-0.91,36,0
4188,60,Hombre,9,117,53.9,235,0,0,0.092,258,108,0.19,36,0
4189,59,Mujer,9.5,118,28.4,143,0,1,-0.414,94,114,-0.77,36,0
4190,63,Hombre,8,138,47.9,220,0,0,-0.593,122,157,-1.06,36,0
4191,63,Mujer,7.6,140,34.3,85,0,0,0.162,100,151,-2.94,36,0
4192,70,Mujer,5.5,173,53,287,1,1,0.136,329,159,-3.23,36,0
4193,66,Hombre,8,140,42.5,98,0,0,0.349,139,153,-1.86,36,0
4194,58,Mujer,8.6,143,39,399,0,1,0.142,460,131,-4.19,36,0
4195,69,Hombre,8,131,36.1,161,0,0,0.007,162,132,-1.37,36,0
4196,69,Hombre,6.8,144,59.6,49,0,1,-0.258,38,156,-1.39,36,0
4197,61,Hombre,8.6,106,55.7,39,0,1,-0.32,28,102,-0.23,36,0
4198,67,Hombre,7.9,121,36.1,40,0,0,0.106,44,112,0.09,36,0
4199,64,Mujer,7.2,140,47.7,355,1,1,-0.39,240,133,-2.42,13.59,1
4200,62,Mujer,7.4,135,30.2,188,0,0,-0.038,181,141,-1.46,36,0
4201,60,Mujer,9.3,134,28.4,183,0,1,0.765,393,110,-3.89,36,0
4202,54,Mujer,7.5,145,25.1,159,0,0,-0.556,91,147,-3.08,36,0
4203,60,Mujer,7.9,127,47.6,572,0,1,0.102,633,128,-2.08,36,0
4204,58,Hombre,6.5,130,35.8,176,0,0,-1.117,58,144,-0.72,17.67,1
4205,56,Hombre,8.6,135,42,283,1,1,0.004,284,121,-1.39,36,0
4206,64,Mujer,6,113,53.8,37,0,0,0.325,51,103,-0.65,36,0
4207,64,Mujer,5.7,135,40.6,12,0,0,-0.115,11,136,-1.76,36,0
4208,72,Hombre,6.9,138,47.4,47,1,1,-0.088,43,141,-0.29,36,0
4209,65,Hombre,6.8,170,62.9,119,0,0,0.276,157,176,-2.3,36,0
4210,71,Mujer,7.6,117,42.8,260,0,0,-0.46,164,121,-2.94,36,0
4211,59,Mujer,7.3,167,57.5,54,1,0,0.594,98,151,-4.65,36,0
4212,46,Hombre,6.8,131,56.4,100,0,1,-0.454,63,141,-0.15,36,0
4213,72,Mujer,7.8,141,49.6,80,0,0,-0.445,51,146,-0.71,36,0
4214,46,Mujer,7.2,130,48.1,62,1,1,-0.35,44,120,0.3,36,0
4215,74,Mujer,8.7,150,46.1,114,1,0,-0.703,56,147,-1.76,36,0
4216,60,Mujer,8,126,56.8,103,0,1,0.405,154,123,-1.67,36,0
4217,76,Mujer,6.8,141,58.7,120,0,0,-0.073,112,139,-1.16,36,0
4218,70,Hombre,8.5,138,32.4,246,0,1,0.061,261,136,-2.77,36,0
4219,54,Hombre,7.7,114,43.3,12,0,0,0.534,20,102,0.06,36,0
4220,64,Mujer,8,144,58.2,262,0,1,-0.572,148,121,-1.7,36,0
4221,55,Hombre,7.9,129,64.8,150,0,1,0.136,172,116,-2.95,36,0
4222,39,Hombre,7.9,104,43.8,59,0,1,-0.027,57,106,0.14,36,0
4223,76,Mujer,8.1,147,35.1,240,0,1,-0.303,177,152,-1.47,36,0
4224,63,Hombre,9.4,139,42.7,320,1,0,-0.222,256,147,-3.17,36,0
4225,66,Mujer,10.1,130,53.3,190,0,1,-0.312,139,129,-2.62,36,0
4226,48,Mujer,7.9,143,42.2,329,1,1,-0.469,206,129,-2.8,36,0
4227,68,Hombre,7,150,50.6,235,0,0,0.185,283,156,-5.08,36,0
4228,56,Hombre,7.3,102,46.9,229,0,1,-0.689,115,92,2.37,36,0
4229,63,Hombre,7.6,143,52.2,147,0,0,-0.577,83,135,-1.09,36,0
4230,52,Hombre,6,153,30.2,22,0,0,0.504,36,144,-1.68,36,0
4231,67,Hombre,6.7,147,41,149,1,1,0.204,183,150,-3.79,36,0
4232,63,Hombre,8.2,138,41.5,61,1,0,0.064,65,140,-2.25,36,0
4233,65,Hombre,7.7,123,47.7,202,0,0,0.542,347,110,-3.33,36,0
4234,90,Mujer,8.6,135,35.5,132,1,1,-0.233,105,140,-2.82,36,0
4235,65,Mujer,8.7,139,41.5,141,0,0,0.023,144,138,-3.52,36,0
4236,58,Mujer,9.4,144,47.8,49,0,1,-0.542,28,137,0.28,36,0
4237,64,Hombre,6.9,127,44.4,38,0,0,0.501,63,120,-1.29,36,0
4238,49,Mujer,5.5,130,48.3,133,1,0,0.861,315,132,-3.57,36,0
4239,64,Mujer,6.4,136,39.4,73,1,1,0.283,97,124,-2.95,36,0
4240,56,Mujer,7.6,151,54,168,0,0,-0.14,146,154,-1.28,36,0
4241,62,Mujer,5.9,151,53.2,131,0,1,-0.764,61,135,0.63,36,0
4242,74,Hombre,6.7,115,58.6,13,1,0,-0.731,6,122,-0.3,36,0
4243,62,Hombre,6.2,125,44.3,214,0,1,-0.753,101,114,0.14,36,0
4244,68,Hombre,7.4,158,42.9,161,0,0,-0.137,140,176,-2.22,36,0
4245,66,Mujer,8.8,119,45.3,177,0,0,0.084,193,110,-1.26,36,0
4246,86,Mujer,8.1,120,30.1,105,1,1,-1.255,30,114,-0.86,36,0
4247,77,Hombre,7.5,126,38.5,55,1,0,-0.493,34,128,-3.35,36,0
4248,68,Mujer,7.7,142,48.2,140,0,0,0.094,154,150,-2.65,36,0
4249,52,Hombre,7.4,149,59.8,69,0,1,0.934,176,136,-0.62,36,0
4250,83,Hombre,9.4,132,33.1,154,1,0,0.675,302,131,-3.08,30.93,1
4251,75,Hombre,7.5,139,31.6,52,0,0,0.601,95,139,-2.93,36,0
4252,63,Hombre,5.7,139,54.1,304,1,0,-0.288,228,134,-1.01,36,0
4253,62,Mujer,7.5,128,33.6,746,0,0,0.336,1044,122,-3.59,36,0
4254,55,Mujer,8.6,128,66.4,796,1,1,-1.047,279,129,-0.65,36,0
4255,65,Mujer,7,116,44.9,53,1,1,0.264,69,106,-3.23,36,0
4256,76,Hombre,8.4,121,58.9,24,0,0,-0.145,21,119,-2.88,36,0
4257,55,Mujer,8.5,142,38.5,141,0,1,0.01,142,128,-2.32,36,0
4258,61,Hombre,7.4,153,55,786,0,0,-0.634,417,157,-0.45,36,0
4259,67,Mujer,7.8,153,36.9,20,0,0,0.681,40,138,-3.08,36,0
4260,72,Hombre,5.6,158,49.5,90,1,1,-0.409,60,150,-2.17,36,0
4261,64,Hombre,8.7,162,57.1,131,1,1,1.186,429,155,-4.86,36,0
4262,71,Hombre,8.6,134,53.1,153,1,1,-1.227,45,131,-0.02,36,0
4263,53,Hombre,8.2,103,56.3,32,0,1,-0.853,14,92,-0.86,36,0
4264,66,Mujer,9.8,133,58.1,109,0,1,0.261,141,129,-0.79,36,0
4265,71,Hombre,9.9,147,37.2,418,0,1,0.299,564,130,-3.99,36,0
4266,53,Hombre,7.1,102,40.3,19,1,1,0.422,29,112,-0.5,36,0
4267,46,Mujer,9,129,49.2,76,0,0,0.057,80,142,-2.59,36,0
4268,53,Hombre,8.8,154,54.8,468,0,1,0.178,559,147,-2.91,36,0
4269,67,Hombre,9.8,131,34.1,521,0,0,0.152,607,130,-4.11,36,0
4270,57,Mujer,9.2,144,46.4,132,0,1,-0.109,118,139,-0.23,36,0
4271,65,Mujer,8.4,136,45.1,131,0,0,-0.188,109,147,-4.77,36,0
4272,59,Hombre,6.6,125,61.3,62,0,1,-0.23,49,107,-0.33,36,0
4273,44,Hombre,9.1,112,57.6,103,0,1,-0.815,46,107,0.71,36,0
4274,44,Hombre,8.1,120,62.3,189,0,1,-0.227,151,116,-0.46,36,0
4275,50,Mujer,8.7,117,54.5,18,0,1,-0.501,11,106,0.79,36,0
4276,56,Mujer,7.3,139,58,447,0,1,-0.075,415,141,-2.42,36,0
4277,63,Hombre,8.6,137,47.7,1967,0,1,-0.381,1344,126,-2.42,36,0
4278,45,Hombre,8.1,118,67.1,15,0,1,0.547,26,109,1.07,36,0
4279,77,Hombre,7.8,151,28.7,55,1,0,0.122,62,132,-3.01,36,0
4280,39,Mujer,9,141,44.4,121,0,1,-0.238,95,133,-1.13,36,0
4281,66,Hombre,7.5,137,50.5,183,0,0,0.77,395,146,-3.58,36,0
4282,48,Hombre,8.7,141,55.6,177,1,1,-0.835,77,138,-2.49,36,0
4283,75,Hombre,9,136,31.8,142,1,0,0.063,151,137,-5.51,36,0
4284,68,Mujer,6.6,151,54.4,343,1,1,-0.542,199,154,-1.53,36,0
4285,66,Mujer,6.7,147,42.6,135,0,0,0.8,300,151,-2.48,36,0
4286,60,Mujer,10.4,135,57.2,490,0,1,-0.242,385,128,-3.41,36,0
4287,85,Mujer,9.5,141,51.2,360,0,1,-0.521,214,133,-2.89,36,0
4288,56,Mujer,9.6,151,46,310,0,1,-0.424,203,144,-1.45,36,0
4289,67,Mujer,7,121,59.7,61,0,0,-0.213,49,131,-0.56,36,0
4290,64,Hombre,7.6,135,53.8,23,1,0,0.966,60,134,-3.24,36,0
4291,84,Hombre,9.3,141,51.7,140,0,0,-0.208,114,136,-3.02,36,0
4292,57,Hombre,6.6,130,42.6,91,0,0,0.293,122,129,-2.91,36,0
4293,78,Mujer,7.9,148,40.6,281,0,0,1.274,1004,155,-4.92,23.06,1
4294,65,Mujer,8.7,120,63.3,130,0,1,0.135,149,117,-1.49,36,0
4295,62,Hombre,8.3,107,47.4,24,1,1,0.334,34,105,-1.74,36,0
4296,80,Hombre,7.9,132,53.7,159,1,1,-0.468,100,135,-0.64,25.71,1
4297,78,Mujer,8.1,130,41.5,305,1,1,-0.422,200,111,-2.48,36,0
4298,58,Mujer,5.7,163,50.8,29,0,0,0.323,40,149,-1.21,36,0
4299,59,Hombre,6.1,104,53.6,112,1,0,-0.765,52,98,0.01,36,0
4300,53,Mujer,6.5,107,56.3,5,0,1,-0.198,4,101,3.59,36,0
4301,60,Mujer,9.2,149,41,179,0,1,-0.113,160,153,-3.45,36,0
4302,59,Hombre,7.3,121,38.5,132,1,1,-0.729,64,113,-1.18,36,0
4303,65,Hombre,8.1,171,48.4,143,0,0,0.553,249,176,-3.99,36,0
4304,74,Hombre,8.2,130,27.7,458,0,1,-0.848,196,128,-1.24,36,0
4305,63,Hombre,7.6,114,58,19,0,0,0.238,24,116,0.49,36,0
4306,66,Hombre,8.9,142,42.5,268,0,0,-0.177,224,144,-3.01,36,0
4307,50,Mujer,8.5,146,49.7,124,0,0,0.894,303,148,-3.79,36,0
4308,50,Hombre,8.5,128,50.7,23,1,1,-0.488,14,126,0.94,36,0
4309,57,Hombre,8.6,131,57.6,36,1,1,0.181,43,122,-1.11,36,0
4310,71,Mujer,8.9,145,26.7,183,1,1,-0.252,142,137,-3.3,10.43,1
4311,69,Hombre,8.9,143,38.3,665,1,1,-0.125,587,139,-1.88,36,0
4312,86,Mujer,8.7,121,39.7,220,1,1,-0.266,169,117,-1.34,36,0
4313,68,Hombre,8.2,132,47.9,109,0,0,-0.167,92,130,-2.07,36,0
4314,68,Hombre,6.4,136,56.7,9,0,0,1.028,25,134,-3.3,36,0
4315,53,Hombre,9.6,124,49.5,489,0,0,-0.123,433,123,-3.68,33.48,1
4316,59,Hombre,7.2,140,34.5,222,0,1,-0.506,134,126,-1.01,36,0
4317,68,Hombre,7.1,132,39.6,131,0,0,0.536,224,142,-1.91,36,0
4318,65,Mujer,6.1,154,48.7,1993,1,1,-0.433,1293,139,-3.56,36,0
4319,73,Hombre,9.1,141,32.2,257,1,0,-0.145,222,133,-5.38,36,0
4320,62,Hombre,7.6,136,42.8,406,0,1,-0.282,306,132,-2.07,36,0
4321,71,Mujer,6.5,141,47,73,0,0,-0.482,45,145,-1.18,36,0
4322,76,Hombre,8.7,131,34.9,93,0,0,0.486,151,122,-4.64,36,0
4323,72,Hombre,8.3,118,53.8,342,0,1,-0.355,240,120,-2.26,36,0
4324,69,Mujer,7.4,173,42,104,0,1,-0.753,49,163,-2.1,36,0
4325,65,Mujer,5.5,129,57.7,82,0,0,-0.357,57,154,-0.82,36,0
4326,59,Hombre,8.2,119,61.8,21,1,0,0.864,50,129,-3.53,36,0
4327,40,Hombre,10.8,139,54.4,210,0,1,-0.34,149,129,-0.74,36,0
4328,73,Mujer,8,145,47.5,152,1,1,0.491,248,132,-3.65,9.25,1
4329,83,Hombre,5.5,139,33.6,53,0,0,-0.535,31,150,-2.91,36,0
4330,62,Mujer,7,153,47.2,73,1,1,0.196,89,138,-1.43,36,0
4331,78,Hombre,7.4,163,37.2,86,0,0,0.434,133,174,-1.79,36,0
4332,49,Hombre,6.9,117,58.7,416,0,1,-0.199,341,110,0.17,36,0
4333,49,Hombre,7.1,121,60,12,1,1,0.939,31,113,-1.6,36,0
4334,64,Mujer,8.5,140,39.7,462,1,0,-0.135,404,143,-3.74,36,0
4335,66,Mujer,9,130,41.3,324,0,0,-1.309,87,138,-2.62,36,0
4336,67,Mujer,7.6,126,39.8,203,0,0,0.476,327,124,-4.45,36,0
4337,58,Mujer,9.4,132,52.2,357,0,1,-0.131,313,118,-3.49,36,0
4338,90,Hombre,5.6,162,33.9,146,1,0,0.238,185,158,-4.49,36,0
4339,55,Hombre,7.2,146,42.4,1286,0,0,-0.301,952,146,-4.11,36,0
4340,56,Hombre,7.7,131,49.6,45,0,0,-0.273,34,125,-1.48,36,0
4341,72,Mujer,7.6,123,38.8,381,0,0,-0.347,269,125,-3.57,36,0
4342,67,Hombre,7,154,44.3,274,0,0,0.147,317,159,-5.68,36,0
4343,39,Hombre,7.2,139,75,162,0,1,0.228,203,148,-0.88,36,0
4344,69,Mujer,5.9,172,38.2,40,0,0,0.012,40,167,-1.41,36,0
4345,63,Mujer,8.2,149,57,94,0,1,0.678,185,132,-1.91,1.7,1
4346,66,Hombre,6.3,141,22.2,20,1,1,0.188,24,137,-0.01,36,0
4347,68,Hombre,8.9,95,39.9,159,0,1,0.104,176,81,-1.56,36,0
4348,67,Hombre,8.4,148,37.4,242,1,1,-0.65,126,147,-2.14,36,0
4349,65,Hombre,8.3,127,52.7,61,0,0,0.829,140,125,-2.69,36,0
4350,58,Hombre,7.1,121,37.7,59,1,0,-0.344,42,123,-1.66,6.35,1
4351,70,Hombre,11.6,141,49.1,173,0,1,-0.253,134,125,-1.67,36,0
4352,90,Hombre,6.3,166,34.3,225,1,1,-0.638,119,156,-2.54,36,0
4353,62,Mujer,8.5,141,40.4,64,1,0,-0.257,49,143,-2.16,36,0
4354,72,Hombre,7.9,133,43.4,35,0,1,0.087,38,136,-1.73,36,0
4355,67,Hombre,7.5,135,36,256,0,1,-0.136,223,135,-2.1,36,0
4356,77,Mujer,8.2,98,44.7,129,1,0,0.449,202,85,-4.01,36,0
4357,68,Mujer,7.1,141,64.6,1046,0,1,0.002,1048,134,-2.49,36,0
4358,61,Hombre,6.9,132,48.3,151,0,0,-0.176,127,137,-2.62,36,0
4359,61,Hombre,8.1,107,49.8,27,0,0,-0.414,18,110,-1.25,36,0
4360,73,Hombre,8,145,42.8,51,0,1,-0.248,40,128,-1.46,36,0
4361,65,Hombre,7.9,137,52.2,165,0,0,0.084,179,137,-0.24,36,0
4362,75,Hombre,7,156,26.7,405,1,0,-0.431,263,153,-3.04,36,0
4363,51,Mujer,5.5,141,64.8,65,1,0,-0.617,35,136,0.16,36,0
4364,75,Hombre,7.4,141,53.3,205,1,0,-0.768,95,141,-2.11,36,0
4365,80,Hombre,7.1,139,36.3,65,1,0,1.102,196,132,-4.54,36,0
4366,68,Mujer,9.9,140,41,636,0,0,-0.136,555,141,-3.82,36,0
4367,68,Mujer,9.6,140,33.1,180,0,0,0.823,410,142,-4.81,11.51,1
4368,87,Mujer,10,137,26.9,158,1,0,-0.039,152,143,-5.15,36,0
4369,79,Hombre,6,124,49,40,1,1,-0.65,21,123,0.37,36,0
4370,52,Mujer,8.6,103,46.7,174,0,1,0.127,198,111,-0.91,36,0
4371,71,Hombre,6.1,118,41.9,130,1,1,-0.646,68,113,-1.5,36,0
4372,67,Hombre,8.4,154,24.7,571,0,1,0.118,643,137,-4.23,28.38,1
4373,64,Mujer,9.6,133,48.1,207,0,1,-0.689,104,119,0.63,36,0
4374,72,Mujer,6.8,137,34.6,430,0,1,-0.576,242,126,-3.65,36,0
4375,57,Hombre,5.5,157,42.1,17,1,0,-0.015,17,169,-1.23,36,0
4376,63,Hombre,7.6,119,40.2,187,1,1,-0.826,82,111,-1.59,36,0
4377,63,Mujer,7.4,154,42.5,317,0,0,0.094,348,163,-3.4,36,0
4378,70,Mujer,7.3,148,44.3,73,0,0,0.642,139,155,-1.96,36,0
4379,67,Mujer,9.4,122,39.9,218,0,0,-0.629,116,125,-1.8,36,0
4380,77,Mujer,8.1,134,37.9,118,0,1,-1.267,33,139,-1.34,36,0
4381,80,Hombre,9.6,142,57,119,0,0,0.55,206,145,-5.18,36,0
4382,76,Mujer,5.8,152,46.4,65,0,0,0.173,77,150,-2.4,36,0
4383,85,Mujer,5.5,143,37.2,164,0,0,-0.593,91,153,-3.3,36,0
4384,82,Hombre,8.9,132,45.1,131,1,0,-0.488,80,127,-3.29,36,0
4385,73,Hombre,6.7,149,55.1,99,1,0,-0.367,69,145,-1.93,36,0
4386,61,Hombre,6,138,47.2,10,0,0,0.393,15,127,-2.45,36,0
4387,59,Hombre,8,147,56.4,215,0,1,0.282,285,125,-2.86,36,0
4388,74,Hombre,8.7,144,45.7,72,1,0,-0.858,31,142,-2.11,36,0
4389,69,Hombre,7.1,151,33.9,160,0,0,0.276,211,154,-4.06,36,0
4390,72,Hombre,9.2,134,51.5,5,1,0,0.56,9,133,-1.09,36,0
4391,70,Hombre,10.2,142,41.6,152,0,0,-0.001,152,153,-3.76,36,0
4392,78,Mujer,9.4,135,58.8,128,1,0,-1.011,47,136,-2.59,36,0
4393,65,Hombre,7.4,146,73.6,34,0,0,0.628,64,140,-2.33,36,0
4394,85,Hombre,10.7,113,55.2,53,1,1,-0.303,39,109,-2.03,36,0
4395,68,Mujer,7.1,121,44.7,226,0,0,0.024,232,127,-2.14,36,0
4396,78,Hombre,9.2,140,20.9,298,0,1,-0.34,212,134,-4.18,36,0
4397,60,Hombre,8.1,153,43.8,136,0,0,0.445,212,156,-5.36,36,0
4398,68,Mujer,7.3,155,47.6,34,1,1,0.521,57,145,-1.37,22.25,1
4399,59,Hombre,9.5,143,58,175,0,1,-0.063,164,136,-1.56,36,0
4400,48,Hombre,7.7,158,55,24,0,1,0.085,26,151,1.79,9.4,1
4401,52,Hombre,6.7,98,57.5,57,0,1,-0.475,35,99,2.04,36,0
4402,85,Hombre,7.1,150,38.6,109,1,0,-0.079,101,151,-3.93,36,0
4403,54,Hombre,7.4,138,51.5,150,0,1,0.181,180,129,-2.24,36,0
4404,45,Mujer,5.5,138,46.2,26,0,0,0.982,69,141,-1,36,0
4405,61,Hombre,6.1,143,39.9,253,1,1,-0.925,100,120,0.01,36,0
4406,56,Hombre,8,132,39.2,253,1,1,-1.062,87,129,-0.42,36,0
4407,71,Hombre,8.3,134,33.8,223,0,0,-0.383,152,129,-2.92,36,0
4408,63,Mujer,9.8,157,53.3,1443,0,1,-0.626,772,147,-2.31,36,0
4409,66,Hombre,8,172,38.2,12,0,0,-0.286,9,180,-1.79,36,0
4410,61,Hombre,8.5,123,31.5,37,0,0,-0.512,22,115,0.16,36,0
4411,64,Mujer,9.2,129,39.7,51,1,0,-0.091,47,132,-0.76,36,0
4412,70,Hombre,7,156,38.1,91,0,0,1.021,253,138,-5.5,36,0
4413,73,Mujer,7.4,133,36.2,48,0,0,-0.416,32,134,-2.26,6.91,1
4414,57,Hombre,7.3,111,59.2,25,0,1,-0.97,9,97,1.68,36,0
4415,84,Hombre,7.4,149,34.6,33,0,0,0.404,49,147,-1.2,36,0
4416,75,Hombre,9.3,127,48.3,108,0,0,0.31,147,126,-1.89,36,0
4417,60,Mujer,7.2,131,48.4,494,1,1,-0.909,199,126,-2.65,36,0
4418,56,Hombre,8.9,108,63.3,87,0,1,-0.413,58,107,0.89,36,0
4419,71,Mujer,8.7,158,29.9,314,1,0,0.469,502,151,-5.7,36,0
4420,56,Hombre,7.4,123,44.5,227,0,1,-0.196,187,118,-2.94,36,0
4421,53,Hombre,6.1,164,52.2,135,1,1,-0.276,102,154,-0.19,36,0
4422,49,Hombre,8.4,95,47.9,87,0,0,-0.013,86,93,-0.44,36,0
4423,67,Hombre,8.3,141,46.2,64,0,1,-0.422,42,140,0.26,36,0
4424,71,Hombre,10,150,37.5,100,0,0,-0.598,55,154,-3.34,36,0
4425,57,Hombre,6.3,117,36.2,198,0,0,0.122,224,129,-2.08,36,0
4426,78,Hombre,7.6,141,35.6,474,0,0,0.251,609,132,-3.9,36,0
4427,47,Mujer,5.7,121,68.6,29,0,0,-0.321,21,114,-0.15,36,0
4428,56,Hombre,8.1,155,36.2,25,0,0,-0.664,13,149,-0.91,36,0
4429,64,Mujer,6.7,134,36.2,27,0,0,0.648,52,125,-3.26,32.92,1
4430,66,Mujer,8.1,164,54.3,439,0,0,-0.027,427,164,-2.68,36,0
4431,51,Hombre,7.7,140,33,1030,1,1,-0.846,442,137,-1.48,36,0
4432,67,Hombre,6.7,154,75,22,0,0,0.609,40,160,-2.2,36,0
4433,59,Hombre,8,171,54.6,1383,0,1,-0.185,1149,180,-5.44,36,0
4434,57,Hombre,7.4,122,55.2,179,1,1,-0.277,136,119,-0.66,36,0
4435,48,Mujer,8,125,56.2,189,0,0,0.406,284,130,-0.56,36,0
4436,61,Mujer,8.5,148,45.8,45,0,0,0.322,62,155,-1.87,36,0
4437,61,Hombre,8.6,123,48.1,151,0,1,-0.344,107,115,-0.44,36,0
4438,74,Mujer,8.4,131,46,32,0,0,0.24,41,129,-3,36,0
4439,44,Hombre,10.5,135,41.6,214,0,1,-0.894,88,128,-1.32,36,0
4440,84,Hombre,8.6,128,45.2,32,0,1,-0.432,21,119,-0.51,36,0
4441,60,Hombre,8.5,159,58.8,71,1,1,-0.046,68,160,-2.48,36,0
4442,74,Hombre,8.3,139,38.2,191,0,1,0.364,275,135,-4.02,8.86,1
4443,66,Mujer,6.4,133,52.5,70,0,1,-0.732,34,125,0.52,36,0
4444,72,Mujer,7.6,119,41.9,61,0,0,-0.113,55,112,-1.8,36,0
4445,67,Mujer,5.8,138,32.5,11,0,0,0.592,20,131,-1.06,36,0
4446,59,Hombre,8.1,117,49.6,64,0,0,-0.223,51,120,-1.11,36,0
4447,58,Mujer,7.4,136,56,26,0,0,0.159,30,134,-3.07,36,0
4448,51,Hombre,6.4,146,44.2,252,0,1,-1.384,63,132,0.54,36,0
4449,68,Hombre,7.5,141,42.9,27,1,0,0.599,49,148,-6.28,36,0
4450,51,Hombre,8.8,127,45.8,162,0,1,-0.189,134,133,-1.14,36,0
4451,63,Mujer,7.3,120,43.8,51,0,0,-0.285,38,116,-1.58,36,0
4452,58,Mujer,8.8,129,53.6,59,0,1,-0.417,39,128,-0.44,36,0
4453,65,Hombre,7,141,54.1,187,0,0,-0.072,174,127,-3.6,36,0
4454,75,Mujer,6.9,145,33,173,1,0,0.304,235,132,-3.26,36,0
4455,47,Hombre,6.2,127,38.7,200,0,0,0.05,210,126,-0.3,36,0
4456,67,Hombre,9.2,106,37.3,46,0,0,-0.379,31,99,-1.3,36,0
4457,60,Mujer,5.5,141,46.6,150,0,0,0.337,210,143,-2.91,36,0
4458,68,Mujer,7.5,153,54.4,26,0,1,-0.192,21,136,-0.92,36,0
4459,53,Mujer,8.1,116,48.6,207,0,1,-0.529,122,96,-0.9,36,0
4460,50,Hombre,8.7,124,59.3,526,0,1,-0.337,376,125,-0.19,36,0
4461,67,Hombre,8.9,116,27.7,355,0,0,-0.307,261,117,-3.46,36,0
4462,66,Mujer,9.2,156,49.5,178,0,1,0.164,210,154,-3.39,21.31,1
4463,70,Hombre,7.4,126,34.1,224,0,0,-0.069,209,116,-3.5,36,0
4464,53,Mujer,7.3,147,33,203,1,1,-0.299,150,147,-0.58,36,0
4465,45,Mujer,5.5,138,59.8,245,0,1,-0.152,210,132,-2.32,36,0
4466,79,Mujer,7,179,39.6,249,0,0,-0.385,169,172,-5.08,36,0
4467,62,Mujer,9,115,39.9,847,0,1,-0.411,562,121,-1.46,36,0
4468,64,Hombre,6,141,48.9,61,1,0,0.655,117,151,-3.85,36,0
4469,64,Mujer,7.6,121,45.8,312,0,1,-0.745,148,108,-2.41,36,0
4470,59,Mujer,8,148,52.2,155,1,0,-0.7,77,151,-2.29,36,0
4471,49,Hombre,9,145,49.9,315,0,1,-0.054,299,128,-0.52,36,0
4472,65,Hombre,7.4,135,53.9,336,0,0,0.62,625,130,-3.33,36,0
4473,56,Mujer,8.9,151,50.3,596,0,0,0.489,972,165,-5.59,36,0
4474,59,Mujer,7.4,130,42.2,14,0,1,0.652,27,121,0.16,36,0
4475,79,Mujer,7.7,152,53.5,246,0,1,0.134,281,139,-1.71,36,0
4476,65,Hombre,7.2,125,28,478,0,0,-0.078,442,128,-3.66,36,0
4477,51,Hombre,8.8,120,58.4,140,0,1,-0.602,77,107,0.86,36,0
4478,56,Mujer,8.6,149,48.2,99,1,1,-0.61,54,139,-2.23,36,0
4479,60,Hombre,8,144,39.6,65,0,0,0.788,143,137,-1.77,36,0
4480,83,Mujer,7.6,145,46.7,205,1,0,0.392,303,147,-5.76,36,0
4481,67,Hombre,6.5,149,45.4,29,0,0,-0.268,22,157,-0.37,36,0
4482,65,Mujer,7.8,153,49.7,59,1,0,0.418,90,156,-2.98,36,0
4483,64,Mujer,8.2,147,41.8,78,1,1,0.403,117,159,-3.7,36,0
4484,63,Mujer,7.3,133,26.9,161,0,1,-0.559,92,132,-2.37,36,0
4485,57,Mujer,8.1,157,43.7,130,1,1,-0.404,87,146,-0.05,36,0
4486,61,Mujer,8.4,147,45.2,156,1,1,-0.863,66,134,0.3,36,0
4487,71,Mujer,8.4,157,46,64,0,0,1.381,255,167,-4.93,36,0
4488,57,Hombre,8.3,123,47.7,330,0,0,0.1,365,127,-3.27,36,0
4489,45,Mujer,9.2,133,65.2,16,0,0,0.389,24,138,-1.09,36,0
4490,79,Hombre,7.9,146,34.1,134,1,1,-0.083,123,141,-2.97,36,0
4491,64,Hombre,9,138,35.9,139,0,1,0.208,171,141,-2.32,36,0
4492,72,Hombre,10.1,156,31.4,461,1,0,-0.413,305,155,-4.93,36,0
4493,60,Hombre,9.3,148,49.6,40,1,0,-0.018,39,148,-2.57,36,0
4494,76,Mujer,9.1,160,31.7,324,0,1,-0.391,219,157,-3.1,36,0
4495,69,Hombre,8.9,149,41.6,1794,1,0,0.28,2374,172,-6.27,36,0
4496,77,Mujer,7.1,155,56.2,62,0,1,-0.027,60,166,0.18,36,0
4497,75,Hombre,7.1,161,52.8,137,0,0,-0.368,95,167,-3.37,36,0
4498,70,Hombre,8,141,38.3,73,1,1,0.107,81,129,-1.49,36,0
4499,40,Mujer,10.6,131,31.9,678,0,1,-1.229,198,113,-1.79,36,0
4500,58,Hombre,8.4,139,59.2,39,0,1,-0.031,38,125,-2.83,36,0
4501,48,Mujer,7.5,132,48.4,68,0,1,-0.751,32,144,-0.1,36,0
4502,52,Mujer,7.1,119,44.3,30,0,0,-0.211,24,116,-0.28,36,0
4503,59,Hombre,7.4,160,49.2,71,0,1,-1.044,25,166,1.19,36,0
4504,63,Mujer,8.3,104,61.7,267,1,1,-1.157,84,91,-0.48,36,0
4505,62,Mujer,6.7,161,48.3,298,0,1,0.1,329,166,-1.31,36,0
4506,79,Mujer,8.2,137,58.9,71,1,0,0.069,76,138,-2.89,36,0
4507,65,Mujer,8.4,147,50,62,0,0,-0.204,51,147,-1.26,36,0
4508,79,Mujer,9.5,123,42.8,156,0,1,-0.267,119,118,-1.73,36,0
4509,68,Mujer,7.2,151,54.2,129,0,0,0.411,195,160,-1.64,36,0
4510,62,Hombre,5.9,146,32.7,27,0,0,0.57,48,143,-1.44,36,0
4511,67,Hombre,9.8,140,39.5,113,0,0,0.813,255,129,-4.55,36,0
4512,45,Mujer,8.7,123,57,104,1,1,-1.142,33,111,1.06,36,0
4513,78,Hombre,9.6,166,42.9,1448,0,1,-1.109,478,165,-3.65,36,0
4514,64,Mujer,9.6,113,52.8,139,0,0,-0.267,106,104,-1.71,36,0
4515,75,Mujer,6.7,173,30,1665,0,1,-0.145,1440,176,-4.72,36,0
4516,69,Mujer,6.7,141,53,339,0,0,0.176,404,138,-2.56,36,0
4517,65,Hombre,7.7,121,43,172,1,1,-0.412,114,119,-0.16,36,0
4518,63,Hombre,8.7,123,49.9,61,1,1,-0.613,33,119,0.06,36,0
4519,75,Hombre,5.5,119,57.3,39,0,1,-0.277,30,110,0.95,36,0
4520,64,Hombre,7.6,127,52.4,135,0,0,-0.75,64,107,-0.09,36,0
4521,60,Mujer,5.9,120,32.6,209,0,0,-0.168,177,118,-2.23,36,0
4522,75,Hombre,10.1,141,44.8,74,0,0,0.317,102,148,-3.52,36,0
4523,64,Hombre,9.2,153,42.7,189,1,1,0.002,189,142,-2.85,36,0
4524,64,Hombre,7.8,135,48.2,91,0,1,0.004,91,127,-1.84,36,0
4525,71,Mujer,8.8,135,31.7,136,0,0,-0.476,84,122,-3.56,36,0
4526,72,Hombre,6.2,147,41.9,146,0,0,0.89,356,161,-3.45,36,0
4527,67,Hombre,6.1,130,42.8,67,0,0,-0.766,31,125,0.42,36,0
4528,68,Hombre,6.8,123,45.1,70,0,0,0.304,95,120,-0.7,36,0
4529,71,Hombre,7.3,135,46,131,1,0,-0.495,80,127,-0.7,36,0
4530,70,Mujer,8.8,145,28.1,144,0,1,-0.014,142,124,-3.18,36,0
4531,49,Mujer,7.1,130,41.8,683,1,1,0.375,994,137,-3.85,36,0
4532,71,Hombre,7.8,112,37.2,152,0,0,-0.378,104,100,0.43,36,0
4533,62,Hombre,7.8,123,61.2,194,0,1,0.079,210,113,-0.74,36,0
4534,49,Mujer,7.4,119,40.1,65,0,0,0.922,163,120,-2.92,36,0
4535,49,Hombre,9,110,54.9,328,0,0,-0.083,302,96,-2.22,36,0
4536,53,Mujer,7.4,146,66.5,83,0,1,0.148,96,136,-0.6,36,0
4537,80,Hombre,6.6,157,20,144,1,0,0.03,148,150,-3.14,36,0
4538,72,Mujer,9.5,172,44.8,337,0,1,0.364,485,168,-5.03,36,0
4539,62,Hombre,8.8,150,49.2,246,0,1,-0.457,156,134,-0.21,36,0
4540,72,Hombre,9.7,129,49.8,60,1,0,-0.444,38,114,-2.71,36,0
4541,63,Mujer,7.1,143,49.3,66,0,0,0.497,108,138,-3.29,36,0
4542,41,Hombre,6.7,119,44.2,165,0,0,0.314,226,127,-0.38,36,0
4543,68,Mujer,5.7,122,44.5,32,0,0,-0.119,28,127,-0.97,36,0
4544,66,Hombre,10.1,167,57.5,245,0,0,0.744,516,173,-3.46,36,0
4545,70,Hombre,6.6,145,31.8,435,1,0,0.581,778,149,-3.47,36,0
4546,57,Mujer,9.4,138,51.2,378,0,0,0.137,433,138,-3.23,28.63,1
4547,72,Mujer,8.2,133,54.7,135,0,0,-0.753,64,141,-0.21,36,0
4548,61,Hombre,7.1,136,65,54,1,0,0.3,73,140,-3.01,36,0
4549,58,Hombre,9,126,44.2,305,0,0,-0.499,185,112,-1.51,36,0
4550,52,Hombre,7.3,142,45,92,0,0,-0.666,47,138,-1.12,36,0
4551,68,Hombre,5.6,104,28.8,118,0,0,0.034,122,98,-3.08,36,0
4552,52,Hombre,7.7,176,55.6,12,0,0,0.449,19,192,-3.53,36,0
4553,58,Hombre,8.7,139,48.8,542,0,1,-0.317,395,141,-1.58,36,0
4554,84,Mujer,7.6,132,49,35,0,0,0.352,50,145,-1.31,6.18,1
4555,51,Mujer,7.8,108,61.5,78,1,1,-1.336,21,115,1.62,36,0
4556,64,Hombre,8,126,20,199,0,1,-0.535,116,123,-0.45,36,0
4557,72,Hombre,7.3,159,35.4,117,0,1,-0.591,65,149,-2.33,16.77,1
4558,70,Hombre,11,130,41.5,652,1,1,-0.355,457,124,-3.5,36,0
4559,59,Hombre,9.7,130,45.4,99,0,0,0.852,232,123,-3.43,36,0
4560,66,Mujer,9.5,116,35.9,358,0,0,0.205,440,106,-2.86,9.49,1
4561,64,Mujer,6.7,142,60.6,14,1,0,-0.325,10,127,-0.4,36,0
4562,62,Mujer,8,158,43.3,232,0,0,0.555,404,159,-3.85,36,0
4563,65,Hombre,8.9,126,62.1,279,0,0,-0.319,203,139,0.71,36,0
4564,48,Mujer,10.4,167,66.6,42,1,1,0.287,56,158,-2.24,36,0
4565,83,Hombre,8.3,132,34.5,156,0,0,-0.314,114,128,-2.09,36,0
4566,72,Hombre,9.3,135,33,776,1,1,-0.566,440,120,-0.86,1.7,1
4567,74,Mujer,9.2,120,47.7,249,1,0,-0.889,102,128,-1.24,36,0
4568,70,Hombre,8.7,153,42.4,122,0,0,-0.114,109,151,-3.24,36,0
4569,79,Mujer,8,146,42.7,111,1,1,-0.06,105,132,-3.99,36,0
4570,60,Hombre,8.4,118,39,115,1,0,-0.092,105,116,-2.39,36,0
4571,61,Hombre,8.8,133,53.4,325,0,1,-0.662,168,122,-2.15,36,0
4572,62,Mujer,7.5,142,57.9,163,0,0,-0.445,104,148,0.12,36,0
4573,75,Mujer,6,141,59.8,33,1,1,0.807,74,117,-1.89,36,0
4574,70,Hombre,7.4,123,54.3,23,0,0,-0.079,21,134,-1.98,36,0
4575,64,Hombre,7.6,118,49.2,138,0,0,-0.786,63,115,-2.36,36,0
4576,67,Hombre,6.6,155,49.3,200,0,0,-0.679,101,154,-2.53,36,0
4577,74,Mujer,6.1,135,43.6,170,0,1,-0.253,132,127,-1.94,36,0
4578,51,Hombre,6.5,127,55.5,166,0,0,0.099,183,116,-1.13,36,0
4579,52,Mujer,7.6,116,42.1,119,0,1,-0.263,91,107,-1.85,36,0
4580,52,Hombre,5.6,126,52.2,223,0,1,-0.6,122,123,-0.42,36,0
4581,75,Hombre,8.2,114,31.3,51,0,0,0.856,120,107,-3.6,25.77,1
4582,87,Mujer,7.7,148,42.2,224,1,1,0.286,298,131,-2.97,36,0
4583,62,Mujer,9.5,142,45.6,256,0,1,-0.239,202,139,-3.47,36,0
4584,56,Mujer,6.3,135,52.1,20,0,0,0.442,31,116,-0.44,36,0
4585,72,Hombre,7.7,161,36.9,48,0,0,-0.122,43,160,-2.99,36,0
4586,49,Mujer,8.2,119,66.9,174,0,1,-0.759,81,107,0.41,36,0
4587,58,Hombre,8.7,129,36.9,64,1,1,0.035,66,130,-3.83,36,0
4588,81,Hombre,9,142,56.4,251,0,1,0.456,396,150,-2.99,36,0
4589,55,Mujer,8.8,150,58.7,21,0,1,0.147,24,149,-2.09,36,0
4590,59,Mujer,6.5,137,54.4,38,1,0,-0.119,34,138,-1.81,36,0
4591,49,Hombre,8.7,115,49.8,943,0,1,-1.407,231,119,2.56,36,0
4592,68,Mujer,6.9,158,44.1,108,0,0,-0.044,103,164,-1.82,36,0
4593,56,Hombre,9.1,113,47.5,171,1,1,-1.349,44,108,-0.19,36,0
4594,65,Mujer,8.8,149,51.3,182,0,0,-0.06,171,153,-2.76,20.45,1
4595,76,Hombre,8,155,51,148,0,1,-0.463,93,159,-1.28,36,0
4596,82,Hombre,7.3,158,34.1,278,1,1,-0.299,206,171,-1.99,36,0
4597,73,Hombre,6.6,149,54.8,569,0,1,0.179,681,154,-1.75,36,0
4598,66,Hombre,8.1,129,43.4,48,1,0,-0.042,46,129,-3.56,36,0
4599,68,Hombre,10.6,141,54.7,725,0,1,-0.072,675,130,-3.45,36,0
4600,57,Mujer,8.7,111,42.6,235,0,0,0.604,430,94,-1.49,36,0
4601,46,Mujer,7.9,141,44.2,171,0,1,-0.256,132,120,-1.8,36,0
4602,49,Hombre,5.8,110,54.2,72,0,0,-0.124,64,121,-0.36,36,0
4603,61,Mujer,7.8,122,32.7,337,0,0,-0.046,322,126,-3.46,36,0
4604,66,Mujer,6.7,145,50.5,126,0,0,0.203,154,135,-3.18,36,0
4605,57,Hombre,7.6,112,44.4,198,0,1,-0.41,131,111,-0.28,36,0
4606,72,Hombre,7.8,140,42,50,1,0,-0.141,43,146,-3.19,36,0
4607,72,Mujer,8.6,110,23.2,357,0,0,0.292,478,121,-2.84,20.52,1
4608,64,Hombre,5.5,132,42.2,94,0,1,-0.048,90,125,0.02,36,0
4609,74,Mujer,9.4,142,44.5,201,1,1,-0.431,131,139,-2.59,36,0
4610,70,Mujer,8,127,47.7,62,0,0,-0.238,49,125,-1.41,36,0
4611,77,Hombre,7.8,168,38.8,258,0,0,0.752,547,172,-4.95,36,0
4612,84,Mujer,8.2,144,39.4,201,0,1,-0.437,130,145,-2.02,36,0
4613,53,Hombre,5.5,142,49.1,64,1,1,-0.257,49,131,-1.55,36,0
4614,71,Hombre,7.6,148,41.3,311,1,0,-0.272,237,145,-1.01,36,0
4615,60,Hombre,7.2,136,46.4,119,0,0,-0.298,88,139,-1.62,36,0
4616,69,Mujer,7.3,122,59,55,1,1,-0.256,43,110,-1.22,36,0
4617,63,Mujer,8.8,126,55.4,17,1,0,-0.219,14,134,-0.79,36,0
4618,48,Mujer,8,125,55.2,67,1,0,0.231,84,119,-2.01,36,0
4619,57,Mujer,5.8,129,20,26,0,0,0.769,56,125,-4.25,36,0
4620,50,Hombre,6.6,95,42.9,92,0,1,-0.802,41,85,2.51,36,0
4621,52,Mujer,9.1,119,57.2,83,0,0,0.296,112,131,-1.63,36,0
4622,42,Hombre,7.5,131,30.3,91,1,0,-0.778,42,117,-1.26,36,0
4623,63,Hombre,7.1,127,32.6,129,0,0,-0.341,92,135,-1.32,36,0
4624,50,Hombre,7.6,162,64.8,170,0,1,-0.812,75,158,-1.54,36,0
4625,61,Mujer,7.1,136,49.5,76,0,1,-0.097,69,139,-0.95,36,0
4626,64,Hombre,7.3,140,45.9,293,0,0,0.371,425,137,-2.75,36,0
4627,62,Mujer,8.7,150,44.6,22,0,0,0.274,29,156,-2.82,11.58,1
4628,57,Hombre,8.2,143,57.9,108,0,1,-0.346,76,126,-1.18,36,0
4629,61,Mujer,7.6,128,51.8,46,0,0,-0.547,27,133,-0.67,36,0
4630,57,Hombre,7.6,141,49.4,122,0,1,-0.166,103,132,-1.3,36,0
4631,67,Mujer,6.7,149,44.1,60,1,0,-0.087,55,150,-2.85,36,0
4632,49,Hombre,7.2,130,61.7,242,1,1,-0.617,131,117,-1.91,36,0
4633,77,Hombre,9.3,143,35.1,1090,1,1,-0.422,715,135,-2.99,6.15,1
4634,51,Mujer,8,144,36.8,515,0,0,0.267,673,148,-3.73,9.69,1
4635,58,Hombre,6.2,130,35.3,87,0,0,0.562,153,138,-1.82,32.47,1
4636,64,Mujer,9,114,36.8,82,0,1,0.401,122,102,-1.44,29.62,1
4637,52,Hombre,9.3,117,37.4,70,1,1,-0.06,66,112,0.16,36,0
4638,61,Hombre,8.1,122,41.4,120,1,0,0.105,133,121,-4.84,36,0
4639,79,Mujer,7.8,132,51.8,50,0,0,0.343,70,136,-3.23,36,0
4640,64,Mujer,7.3,110,56.5,51,0,0,0.121,58,112,-1.48,36,0
4641,67,Mujer,8,126,36.4,628,0,0,-0.584,350,111,-2.67,36,0
4642,74,Mujer,7.2,136,41.4,312,1,0,0.746,658,151,-5.63,19.09,1
4643,69,Hombre,8.4,137,45.5,103,0,1,-0.468,65,135,-0.25,36,0
4644,65,Hombre,8.6,137,39.8,688,0,0,-0.644,361,140,-0.89,36,0
4645,69,Mujer,7.7,115,45.7,37,0,0,-0.284,28,132,-0.56,36,0
4646,63,Hombre,7.8,150,54.8,115,0,0,0.455,181,151,-2.94,36,0
4647,71,Hombre,6.1,131,38.5,44,0,0,0.041,46,131,-2.99,36,0
4648,58,Hombre,8.8,139,57.3,358,0,1,-1.145,114,117,1.04,36,0
4649,58,Mujer,6.7,130,38.5,604,1,1,0.477,973,121,-3.95,36,0
4650,76,Hombre,8.4,114,52.6,158,0,0,0.352,225,120,-2.44,36,0
4651,90,Hombre,7.4,121,25.9,253,0,0,0.502,418,125,-3.65,36,0
4652,66,Hombre,7.4,136,40.2,478,0,0,0.168,565,138,-1.6,36,0
4653,72,Hombre,9,153,39.1,400,0,0,0.465,637,144,-5.08,36,0
4654,63,Hombre,8.3,125,50.6,139,1,1,0.459,220,118,-1.19,36,0
4655,46,Hombre,7.5,139,57.1,46,0,0,0.222,57,141,-1.51,36,0
4656,53,Hombre,8.8,152,57.2,145,0,1,-0.008,144,138,-1.72,8.59,1
4657,71,Hombre,6.6,169,31.4,266,0,0,0.169,315,169,-3.14,36,0
4658,60,Hombre,7.8,153,40,252,0,1,0.126,286,154,-3.69,36,0
4659,70,Hombre,6.9,125,42.9,352,0,0,-0.348,248,112,-2.44,36,0
4660,56,Hombre,9.1,124,48.4,132,0,1,-0.319,96,114,-1.96,36,0
4661,81,Mujer,5.7,125,40.1,112,0,0,0.33,156,136,-3.3,36,0
4662,73,Hombre,6.6,140,51.7,178,0,0,0.368,257,133,-2.89,36,0
4663,66,Mujer,8.7,137,38.2,625,1,0,-0.082,576,131,-4.06,36,0
4664,48,Hombre,8.3,115,42.1,172,0,1,-0.091,157,126,-1.76,36,0
4665,52,Mujer,9.7,140,57.8,621,1,1,0.002,622,142,-2.07,36,0
4666,75,Hombre,8.5,133,45.7,21,0,0,0.279,28,134,-4.62,36,0
4667,65,Mujer,8.1,124,47.5,77,0,1,-0.334,55,110,-1.17,36,0
4668,61,Hombre,7.7,142,61,98,0,1,-0.751,46,140,-0.56,36,0
4669,59,Hombre,7.7,137,40.1,21,0,0,0.657,40,143,-3.77,36,0
4670,59,Mujer,8.6,141,55.2,75,0,1,0.758,160,154,-1.26,36,0
4671,50,Mujer,8.9,111,51.8,38,0,1,-0.913,15,90,0.89,36,0
4672,65,Mujer,7.4,109,39.5,42,0,0,-0.174,35,112,-1.6,36,0
4673,50,Mujer,9,139,53.3,933,1,0,-0.444,598,137,-1.01,7.28,1
4674,67,Hombre,9,147,58.4,632,0,1,0.132,721,138,-3.77,36,0
4675,64,Mujer,9.1,125,63.8,420,0,1,-0.679,213,122,-1.14,36,0
4676,74,Hombre,7.6,133,32.8,69,0,0,-0.341,49,129,-0.23,36,0
4677,68,Hombre,6.9,145,46.5,907,1,0,0.572,1607,158,-4.09,36,0
4678,51,Hombre,8.4,126,46.3,66,1,0,0.443,103,130,-5.28,36,0
4679,71,Mujer,9.9,145,33.1,391,0,1,0.521,659,156,-2.74,36,0
4680,53,Mujer,8.7,138,58.7,7,0,0,0.341,10,137,-1.94,36,0
4681,61,Hombre,8.7,152,34.6,114,1,0,-0.121,101,155,-2.81,36,0
4682,55,Hombre,7.8,148,52.5,66,1,1,0.169,78,145,-1.45,36,0
4683,65,Mujer,7.5,129,29.2,58,0,0,-0.418,38,136,-2.12,36,0
4684,66,Hombre,7.6,125,51.9,20,0,0,0.43,31,128,-2.59,36,0
4685,66,Hombre,8.3,139,24.7,43,1,0,0.594,78,133,-4.71,36,0
4686,57,Hombre,9.7,107,46.6,75,0,0,-0.578,42,107,0.25,36,0
4687,65,Mujer,10.5,117,38.7,202,0,1,-0.048,193,114,-2.22,36,0
4688,74,Hombre,7.9,132,39.7,300,0,1,-0.655,156,121,-4.92,36,0
4689,68,Hombre,8.6,173,44.7,144,0,1,-0.756,68,164,-2.06,36,0
4690,65,Mujer,8.6,124,59.7,65,0,1,-0.526,38,119,-0.68,36,0
4691,82,Mujer,8.3,129,43.4,22,0,0,0.92,55,114,-3.48,36,0
4692,78,Hombre,7.9,139,43.2,533,0,1,-0.375,366,136,-2.97,36,0
4693,69,Hombre,8.8,126,32.2,244,0,0,-0.299,181,116,-3.93,36,0
4694,55,Hombre,9.5,153,41.1,467,0,0,0.352,664,159,-4.65,36,0
4695,54,Hombre,9.6,117,61.9,68,0,1,0.326,94,102,-2.68,36,0
4696,83,Mujer,6.3,157,38.4,307,0,0,0.684,608,141,-3.64,36,0
4697,50,Hombre,5.5,134,66.8,157,0,1,-0.202,128,123,0.48,36,0
4698,71,Hombre,8,121,35.1,16,0,0,-0.199,13,128,-2.31,36,0
4699,90,Mujer,7.6,182,50.7,151,0,0,1.464,653,184,-5.75,36,0
4700,55,Hombre,6.8,118,47,511,1,1,-0.73,246,108,-0.29,36,0
4701,77,Hombre,5.7,118,38.3,20,1,0,0.135,23,104,-0.81,36,0
4702,57,Hombre,6,105,46.6,22,0,0,0.293,30,119,-0.45,36,0
4703,57,Hombre,7.2,120,44.1,91,0,0,-0.014,90,113,-1.89,36,0
4704,61,Hombre,8.3,130,51,86,0,1,-0.65,45,122,1.21,36,0
4705,66,Hombre,8.1,165,39.5,118,0,1,-0.055,112,168,-2.09,36,0
4706,59,Mujer,8.3,112,34.1,48,0,0,0.362,69,115,-2.19,36,0
4707,55,Hombre,8.8,126,65.7,86,0,0,-0.704,43,131,-1.66,36,0
4708,69,Mujer,9.6,126,31.8,217,1,1,-0.22,174,121,-3.85,36,0
4709,70,Hombre,8.1,166,45.2,47,0,0,0.425,72,161,-3.14,36,0
4710,67,Hombre,9.3,148,58.8,257,0,1,-0.001,257,124,-2.81,36,0
4711,74,Hombre,9.3,140,36.4,289,0,0,0.435,447,144,-4.05,36,0
4712,56,Hombre,9.5,132,59.1,161,0,0,0.545,278,128,-4.54,36,0
4713,66,Mujer,7.6,132,52.2,397,0,0,-0.086,364,142,-4.18,36,0
4714,90,Hombre,7.9,138,41.5,58,1,0,0.102,64,138,-3.23,36,0
4715,39,Hombre,7,134,57.3,102,0,1,0.656,196,136,-2.3,36,0
4716,56,Hombre,8.8,131,53.8,138,0,1,-0.22,111,122,-2.55,36,0
4717,74,Hombre,9.6,132,41.6,204,0,0,-0.704,101,140,-1.9,36,0
4718,69,Hombre,9.1,125,25.7,572,1,1,-0.47,358,135,-3.26,36,0
4719,64,Mujer,8,179,47.8,79,1,1,0.301,107,177,-4.08,33.02,1
4720,48,Hombre,8.5,110,49.4,105,0,0,0.044,110,106,-0.13,36,0
4721,62,Mujer,5.6,132,60.6,75,0,1,0.174,89,131,-2.05,36,0
4722,65,Mujer,7,153,40.7,154,0,0,0.688,306,153,-4.05,36,0
4723,67,Hombre,8.1,127,43.2,110,0,0,0.132,126,136,-3.96,36,0
4724,60,Hombre,7,119,43.7,399,1,1,0.046,418,109,-1.23,36,0
4725,68,Mujer,8.8,147,55.4,85,1,0,0.03,88,160,-4.8,36,0
4726,64,Hombre,7.9,138,36.4,191,0,0,-0.676,97,134,-1.46,36,0
4727,78,Hombre,7.8,141,46.9,1040,1,1,-0.661,537,123,-3.49,14.1,1
4728,85,Hombre,8.4,120,41.3,397,0,0,0.789,874,117,-4.38,36,0
4729,61,Mujer,6.1,137,46.5,101,0,0,0.51,168,133,-1.24,36,0
4730,55,Mujer,9.4,129,51.4,34,0,1,0.963,89,127,-0.76,36,0
4731,76,Hombre,7.8,150,46.3,245,0,0,-0.19,203,149,-2.93,36,0
4732,60,Hombre,6.5,126,43.6,63,0,1,-0.234,50,120,0.92,36,0
4733,59,Hombre,7,129,37.7,104,0,1,0.115,117,116,0.56,36,0
4734,53,Mujer,8.3,124,44.6,119,0,0,0.173,141,124,-2.91,36,0
4735,62,Hombre,9.2,120,49.8,215,0,1,-0.594,119,101,-0.54,36,0
4736,62,Hombre,6.7,118,51.9,63,0,1,-0.909,25,106,-1.12,36,0
4737,50,Hombre,8.4,135,43.4,75,0,0,0.301,101,143,-2.7,36,0
4738,82,Hombre,7.4,143,43.1,253,1,0,-0.07,236,159,-5.03,36,0
4739,52,Hombre,8,130,28.5,463,0,1,0.285,616,120,-3.86,36,0
4740,68,Mujer,6.9,129,34.5,137,1,0,0.382,201,129,-4.01,11.39,1
4741,60,Hombre,7.4,121,51.2,73,0,0,0.01,74,118,-1.83,0.54,1
4742,61,Mujer,8,128,34.7,90,0,0,-0.495,55,125,-1.47,36,0
4743,58,Hombre,7.2,167,61.7,31,0,1,-0.441,20,175,-1.69,36,0
4744,47,Mujer,7.2,121,58.2,107,0,1,-0.588,59,112,-1.15,36,0
4745,78,Hombre,6.9,155,35.6,103,1,0,-0.119,91,153,-1,36,0
4746,71,Mujer,9.2,162,38.1,337,0,0,-0.085,310,176,-3.77,23.03,1
4747,76,Hombre,6.3,139,66.1,10,0,1,0.508,17,134,-0.99,36,0
4748,66,Mujer,5.6,161,56.9,48,0,0,0.284,64,179,-2.19,36,0
4749,49,Hombre,7.6,143,57,423,0,1,-0.472,264,127,-1.59,36,0
4750,59,Mujer,6.5,146,43,39,0,0,0.255,50,137,-2.36,36,0
4751,67,Mujer,7.5,142,35.2,671,0,1,-0.885,277,141,-2.13,36,0
4752,38,Mujer,8.3,134,47.9,171,1,1,-0.116,152,125,-1.68,11.4,1
4753,53,Mujer,9.6,153,51.3,11,0,1,-0.019,11,144,-2.01,36,0
4754,63,Hombre,6.3,135,46.2,499,0,0,-0.412,331,141,-1.48,36,0
4755,54,Hombre,8,125,25.3,347,0,1,-0.199,284,123,-1.06,36,0
4756,57,Mujer,5.9,134,55.2,383,1,0,-0.182,319,134,-2.77,36,0
4757,63,Mujer,6.6,167,44.1,159,0,0,-0.378,109,165,-1.61,36,0
4758,53,Hombre,9.3,128,54.2,101,0,1,1.105,305,120,-2.3,36,0
4759,55,Hombre,8.1,159,49.6,346,0,1,-0.161,295,144,-1.77,36,0
4760,78,Mujer,8.1,114,30.7,570,0,0,1.047,1624,119,-5.33,36,0
4761,60,Hombre,8.8,143,37.2,119,0,0,-0.068,111,133,-3.56,11.52,1
4762,82,Mujer,8.3,148,39.3,80,0,0,0.575,142,156,-3.79,5.88,1
4763,64,Hombre,8.3,139,51.1,113,0,1,-0.146,98,132,-0.58,36,0
4764,87,Hombre,7.3,98,27.3,39,0,0,-0.102,35,104,-2.49,36,0
4765,61,Mujer,8.9,118,47.2,383,0,1,-1.674,72,97,0.69,36,0
4766,50,Hombre,7.2,117,48.4,21,0,0,0.677,41,119,-0.63,36,0
4767,66,Hombre,8.5,140,62.1,69,1,1,0.118,78,138,-2.38,36,0
4768,65,Hombre,9.6,126,35.2,327,0,1,-0.481,202,116,-1.83,36,0
4769,68,Hombre,8.7,135,34.2,125,1,1,-0.866,53,119,-4.06,36,0
4770,65,Hombre,7.9,130,41.8,157,0,0,0.202,192,131,-3.84,36,0
4771,55,Mujer,6.7,117,71.8,84,0,1,-0.273,64,96,1.69,36,0
4772,65,Mujer,7,115,42.8,12,0,0,0.608,22,120,-2.73,36,0
4773,47,Hombre,7.8,130,44.9,124,0,0,1.142,389,140,-4.42,36,0
4774,57,Mujer,6.9,129,54.5,125,1,0,-0.617,67,133,-0.93,36,0
4775,82,Hombre,9.2,130,54.4,32,0,0,-0.268,24,126,-3.32,36,0
4776,62,Hombre,10.7,157,34.7,137,0,1,-1.064,47,150,-1.48,36,0
4777,62,Hombre,9.1,105,40.9,223,1,0,-0.178,187,109,-3.23,36,0
4778,73,Hombre,8.3,123,24.2,65,0,1,-0.591,36,123,-1.88,36,0
4779,90,Hombre,7.3,147,29.5,382,1,0,0.701,770,153,-5.67,27.98,1
4780,70,Hombre,5.5,145,43.3,526,0,0,0.061,559,141,-4.29,36,0
4781,60,Hombre,6.9,142,48.1,337,0,1,-0.531,198,141,-1.2,36,0
4782,72,Hombre,6.6,142,47.9,30,0,0,0.527,51,135,-1.77,36,0
4783,60,Mujer,9.9,145,55.4,481,0,0,0.208,592,137,-5.81,36,0
4784,64,Mujer,9.1,142,38.9,482,0,1,-0.606,263,142,-1.08,36,0
4785,37,Hombre,8.4,148,53.3,30,0,0,0.739,63,150,-2.96,36,0
4786,54,Mujer,7,140,54.1,70,0,1,-0.114,62,144,-0.8,36,0
4787,67,Hombre,9.3,177,57.7,528,0,1,-0.13,463,165,-2.95,36,0
4788,51,Hombre,7.2,114,47.4,122,0,1,-0.448,78,89,0.62,36,0
4789,58,Hombre,8.8,155,41.4,79,1,1,0.325,109,154,-2.12,36,0
4790,59,Hombre,7.6,154,58.7,97,1,1,-0.411,64,147,-3.56,36,0
4791,60,Mujer,6.4,140,59.8,19,0,0,-0.421,12,140,-0.87,36,0
4792,54,Hombre,8.8,121,50.1,236,0,0,0.387,348,132,-2.46,36,0
4793,58,Mujer,8.6,105,53.1,45,0,1,0.117,51,103,-0.66,36,0
4794,73,Hombre,5.9,127,32.7,59,0,0,0.3,80,129,-2.7,36,0
4795,58,Hombre,7.6,134,51.5,32,0,0,0.143,37,134,-2.82,36,0
4796,88,Mujer,7.4,135,39.2,286,1,0,0.505,474,140,-4.05,36,0
4797,53,Mujer,5.5,144,64.9,73,0,0,0.125,83,133,-0.27,36,0
4798,65,Hombre,7.1,147,42.1,70,0,0,0.227,88,127,-1.85,36,0
4799,71,Hombre,5.5,141,66,105,0,1,-0.207,85,129,0.12,36,0
4800,73,Hombre,7.4,124,38.1,275,1,1,0.141,317,117,-3,36,0
4801,62,Hombre,8.6,114,39.7,124,1,1,0.511,207,117,-1.1,36,0
4802,80,Hombre,8.3,134,35.9,32,1,0,0.808,72,124,-2.5,36,0
4803,64,Hombre,9.4,139,49,571,0,1,-0.291,427,135,-2.31,36,0
4804,55,Hombre,10.6,116,49.9,50,0,0,-0.716,24,115,-0.83,36,0
4805,69,Mujer,6.8,145,45.3,208,0,1,-0.169,176,146,-1.66,36,0
4806,68,Hombre,8.3,127,37.8,37,0,0,-0.214,30,123,-2.7,36,0
4807,41,Hombre,6.1,144,39.2,135,0,1,0.044,141,142,-1.36,25.9,1
4808,59,Hombre,9,152,61.3,89,1,1,0.003,89,150,-1.54,36,0
4809,60,Hombre,6.4,116,58.9,13,0,1,-0.21,11,106,0.44,36,0
4810,65,Hombre,8.3,150,51.5,97,1,0,-0.247,76,154,-2.8,36,0
4811,75,Hombre,7.2,140,38.2,446,0,0,-0.186,370,142,-3.99,36,0
4812,45,Mujer,7.5,129,66.5,10,0,0,-0.097,9,141,-0.06,36,0
4813,63,Mujer,6.6,130,47,24,0,0,-0.227,19,126,-0.68,6.8,1
4814,31,Hombre,6.3,103,57.5,66,0,0,-0.083,61,96,0.29,36,0
4815,59,Mujer,8.3,119,58.3,117,0,0,0.515,196,114,-2.41,36,0
4816,66,Mujer,9.5,128,55.9,401,0,0,-0.109,360,123,-3.6,36,0
4817,59,Hombre,8.6,123,49.6,35,1,1,-0.081,32,112,0.19,36,0
4818,67,Mujer,6.8,136,36.2,64,1,0,-0.448,41,141,-1.3,36,0
4819,74,Mujer,5.6,119,51.8,28,0,0,-0.007,28,106,-0.91,36,0
4820,67,Hombre,5.5,132,56.1,103,1,1,0.557,180,123,-1.61,36,0
4821,60,Mujer,9.7,146,42.4,540,0,1,-0.181,451,141,-2.75,36,0
4822,60,Hombre,5.5,141,45.8,54,0,0,-0.299,40,148,-2.54,36,0
4823,59,Hombre,8,153,49.6,298,0,1,-0.752,141,136,-1.81,36,0
4824,66,Hombre,8.2,121,49.4,37,1,0,0.436,57,131,-2.12,36,0
4825,60,Mujer,7.7,132,47.4,202,0,1,-0.418,133,129,-2.84,36,0
4826,77,Mujer,7.2,120,37.5,12,1,0,0.597,22,124,-3.13,36,0
4827,48,Hombre,8.5,140,43.2,514,0,0,-0.174,432,127,-2.88,36,0
4828,60,Hombre,7.9,142,53.2,246,1,1,-0.111,220,141,-2.9,26.67,1
4829,63,Mujer,9,124,44.3,125,1,1,-0.495,76,119,-1.87,36,0
4830,63,Hombre,5.5,144,37.7,59,0,0,-0.061,56,142,-2.65,36,0
4831,64,Mujer,6.8,126,42.4,80,0,0,0.098,88,132,-0.07,36,0
4832,67,Hombre,6.4,163,32.5,749,1,0,-0.021,733,159,-5.68,36,0
4833,71,Hombre,7.9,154,48.3,340,1,0,0.367,491,144,-3.52,36,0
4834,63,Mujer,6.9,131,39.5,60,0,0,0.578,107,138,-2.74,36,0
4835,45,Mujer,8.2,114,60.7,48,0,1,-0.66,25,99,1.66,36,0
4836,58,Hombre,5.6,135,37.3,82,0,1,0.109,91,136,-1.86,36,0
4837,64,Hombre,6.2,113,51.6,273,0,0,0.281,361,104,-2.02,36,0
4838,71,Hombre,7,145,49.5,77,1,0,-0.44,50,139,-1.65,36,0
4839,40,Hombre,8.1,143,63.2,78,0,0,0.585,140,146,-2.37,36,0
4840,61,Mujer,7.3,121,56.2,12,0,0,1.576,58,114,-3.38,36,0
4841,72,Mujer,7.8,133,37.3,583,0,0,0.444,909,129,-5.26,36,0
4842,58,Mujer,6,126,51.2,56,0,0,-0.085,51,132,-1.39,36,0
4843,66,Hombre,7.7,130,53,114,1,1,-0.324,82,132,-1.38,36,0
4844,56,Mujer,6.8,148,60.3,199,0,1,-0.215,160,139,-1.27,36,0
4845,74,Hombre,7.7,138,37.5,422,0,0,-0.135,369,133,-2.53,36,0
4846,47,Mujer,6.7,120,51.5,11,0,1,-0.757,5,116,1.41,36,0
4847,53,Hombre,7.8,111,56.2,201,0,1,-0.194,166,106,-1.56,36,0
4848,61,Hombre,6.4,140,51.2,65,1,0,0.49,106,148,-3.46,36,0
4849,61,Hombre,8.2,153,42.2,133,0,0,0.772,288,139,-4.91,36,0
4850,47,Mujer,8.4,101,49.9,51,0,1,-0.566,29,84,0.29,36,0
4851,69,Hombre,8.3,117,47.9,39,0,0,0.149,45,116,-1.29,36,0
4852,51,Hombre,8.8,136,52,146,0,1,-0.79,66,124,-0.71,36,0
4853,68,Hombre,9.8,150,39.2,53,0,0,0.194,64,136,-3.98,36,0
4854,82,Hombre,7.5,147,40.7,236,0,0,0.131,269,148,-3.75,36,0
4855,90,Hombre,10,167,44.6,465,1,0,0.129,529,171,-5.21,33.84,1
4856,54,Mujer,7,120,56,63,0,0,0.179,75,130,-1.03,36,0
4857,70,Mujer,8.9,140,52.3,159,1,1,0.646,303,131,-5.5,36,0
4858,51,Mujer,7.9,176,60,477,0,1,-0.616,258,172,-4.78,36,0
4859,72,Mujer,8.5,142,36.3,576,0,1,-0.126,508,118,-4.11,36,0
4860,66,Hombre,6.1,153,51.3,26,0,0,0.492,43,151,-1.75,36,0
4861,49,Mujer,6.6,110,45.3,13,0,0,0.06,14,124,-1.05,36,0
4862,48,Hombre,7.5,105,45.2,95,0,0,0.216,118,103,0.74,36,0
4863,67,Mujer,8,123,48.4,109,0,0,0.597,198,136,-2.76,36,0
4864,67,Hombre,8,141,44.3,155,0,0,0.127,176,149,-5.3,36,0
4865,67,Mujer,10.9,128,56.2,897,0,1,-0.478,556,125,-1.92,36,0
4866,56,Mujer,8.1,130,45,24,1,1,-0.077,22,117,-2.86,36,0
4867,69,Mujer,6.7,143,45.9,204,1,1,-0.562,116,135,-1.84,36,0
4868,81,Mujer,9.3,137,24,239,0,0,0.644,455,141,-4.8,36,0
4869,67,Hombre,8.1,98,48.6,105,0,1,0.424,161,91,-2.08,36,0
4870,58,Hombre,9.8,132,35.6,946,0,1,-0.753,445,119,-1.2,36,0
4871,63,Mujer,8,145,38.7,56,0,0,-0.106,50,153,-2.79,36,0
4872,59,Mujer,9.1,144,37.2,385,0,1,0.051,405,138,-3.27,36,0
4873,43,Hombre,6.2,132,29.7,307,0,0,-0.514,184,134,-1.92,36,0
4874,74,Hombre,8.5,145,22.7,4754,1,1,-0.634,2522,139,-2.78,36,0
4875,36,Hombre,9.6,134,51.5,129,0,1,-0.118,115,123,-0.22,36,0
4876,73,Mujer,8.5,138,43.3,109,0,0,0.571,193,134,-3.73,36,0
4877,60,Hombre,7.6,116,53.1,37,0,0,-0.282,28,126,-0.43,36,0
4878,52,Mujer,5.7,147,37,424,0,0,-0.219,340,146,-1.42,36,0
4879,55,Hombre,7.5,115,52.3,178,1,1,-0.055,168,112,-0.91,36,0
4880,70,Hombre,7.1,134,41.3,94,0,0,0.247,120,144,-2.76,36,0
4881,83,Mujer,7.2,128,25.3,50,0,1,-0.08,46,126,-1.4,36,0
4882,66,Mujer,6.9,118,43.9,20,1,0,-0.354,14,120,-0.92,36,0
4883,76,Mujer,8.1,130,38.8,479,0,1,0.125,543,129,-3.01,36,0
4884,67,Hombre,8.8,125,43,236,0,1,-0.665,121,116,-0.77,36,0
4885,50,Hombre,7.6,139,51,810,1,1,-0.164,687,140,-5.19,36,0
4886,76,Hombre,6.3,129,48.8,75,0,1,-0.407,50,131,0.39,36,0
4887,67,Hombre,7.4,132,51.5,225,1,0,0.035,233,132,-4.13,36,0
4888,72,Mujer,9.1,114,33.7,290,1,1,0.077,313,89,-2.54,36,0
4889,50,Mujer,6,153,50.3,60,0,1,0.117,67,142,-0.45,36,0
4890,59,Hombre,7.5,147,47.2,55,0,0,-0.141,48,148,-2.48,36,0
4891,58,Mujer,7,154,56,19,0,0,0.373,28,163,-1.55,36,0
4892,66,Mujer,9.6,153,36.6,43,0,0,0.487,70,147,-4.49,28.68,1
4893,77,Mujer,7.4,139,28.7,32,0,0,0.185,39,133,-2.32,36,0
4894,54,Mujer,9.2,138,43.1,217,0,1,-1.194,66,154,-0.11,36,0
4895,53,Mujer,7.6,118,46.9,12,0,0,0.356,17,123,-0.56,36,0
4896,52,Mujer,5.5,128,47.2,14,0,0,-0.507,8,132,2.09,36,0
4897,76,Mujer,8.2,122,45.2,69,0,0,0.551,120,126,-3.6,36,0
4898,66,Mujer,6.3,153,37.6,115,1,0,0.191,139,150,-4.24,36,0
4899,67,Hombre,6.7,141,45.6,134,0,0,0.824,306,132,-3.02,36,0
4900,61,Mujer,7.6,160,32.3,39,0,0,1.06,113,174,-3.96,36,0
4901,59,Mujer,8,131,60.6,832,1,1,-0.399,558,129,-3.8,36,0
4902,71,Mujer,6.7,136,56.4,33,0,0,1.028,92,137,-3.12,36,0
4903,63,Hombre,7.8,138,53.8,446,0,1,0.683,883,137,-4.08,36,0
4904,67,Mujer,7.9,112,54.3,84,0,0,-0.048,80,101,-2.85,36,0
4905,47,Hombre,6.9,121,52.1,36,0,0,1.102,108,118,-3.3,36,0
4906,82,Hombre,6.1,125,43.5,60,0,0,-0.89,25,127,0.09,36,0
4907,76,Hombre,5.6,101,35.2,29,0,0,0.381,42,100,-2.67,36,0
4908,81,Mujer,6.4,135,45.9,36,0,0,-0.38,25,138,-0.67,36,0
4909,68,Hombre,8.8,145,25.7,675,0,1,0.501,1114,133,-3.37,5.46,1
4910,65,Hombre,6.3,149,58.6,311,0,1,-0.813,138,125,-0.67,36,0
4911,66,Mujer,8.2,136,44,146,0,1,-0.599,80,120,-0.38,36,0
4912,65,Mujer,8.2,124,52.6,152,1,1,-0.017,150,124,-0.95,36,0
4913,63,Mujer,6,146,49.8,147,1,1,-0.673,75,130,0.07,36,0
4914,58,Mujer,6.8,151,52.2,48,0,0,-0.191,40,160,-0.7,36,0
4915,66,Mujer,7.2,123,29.8,295,0,0,-0.82,130,121,-2.24,36,0
4916,61,Hombre,8.2,177,52.9,347,1,0,0.521,584,174,-4.3,36,0
4917,71,Mujer,8.8,160,55.6,272,1,0,-0.126,240,153,-3.49,36,0
4918,64,Hombre,9.3,130,25.6,740,1,1,-0.248,578,115,-3.15,36,0
4919,61,Hombre,7.6,128,45.3,362,0,1,-0.355,254,123,-2.74,36,0
4920,66,Hombre,7.4,151,32.6,1067,1,0,-0.341,759,155,-4.27,36,0
4921,65,Mujer,9.4,134,31.3,565,0,1,-0.349,399,120,-2.94,36,0
4922,58,Hombre,8.7,147,48.1,208,0,0,0.69,415,140,-3,36,0
4923,65,Hombre,6.6,138,26.3,28,0,0,0.408,42,139,-3.19,36,0
4924,63,Hombre,8.6,127,29.9,364,0,1,-0.51,219,117,-0.95,36,0
4925,71,Hombre,10.7,116,44.5,311,0,0,-0.304,230,112,-3.05,36,0
4926,65,Mujer,7.7,142,27.5,10,0,0,0.148,12,139,-0.89,36,0
4927,62,Hombre,7.6,138,41.8,35,0,1,-0.411,23,127,-1.8,36,0
4928,69,Mujer,8.6,143,41.8,484,0,1,-0.473,302,128,-2.55,36,0
4929,74,Hombre,7.4,157,54.3,681,0,0,0.554,1185,149,-4.86,1.26,1
4930,69,Mujer,7.9,114,47.4,148,0,0,-0.412,98,120,-1.14,36,0
4931,59,Mujer,8.7,142,46.1,77,1,0,-0.312,56,137,-2.63,36,0
4932,54,Mujer,7.7,131,60.3,186,0,1,-1.394,46,128,1.58,36,0
4933,50,Mujer,8.1,137,50.9,98,0,1,-1.226,29,147,0.16,36,0
4934,71,Hombre,7.2,172,30.1,278,0,0,0.461,441,155,-4.33,36,0
4935,57,Hombre,7.4,130,44.9,199,0,0,0.657,384,133,-2.53,36,0
4936,78,Mujer,7,119,45.9,42,0,0,-0.001,42,130,-3.82,36,0
4937,72,Hombre,9,132,20,384,0,1,-0.502,233,125,-3.45,36,0
4938,58,Hombre,7.3,146,56.3,232,0,1,-0.921,92,129,-2.18,36,0
4939,65,Hombre,7.1,122,50.7,83,0,1,-0.521,49,121,-2.76,36,0
4940,84,Mujer,7.2,132,47.7,87,1,1,0.373,126,126,-4.87,36,0
4941,68,Mujer,6.6,133,44.6,140,1,1,-0.637,74,124,-0.72,36,0
4942,75,Mujer,6.6,135,51.4,308,1,0,-0.326,222,136,-2.17,36,0
4943,62,Hombre,7.5,143,55.6,235,0,1,-0.04,226,128,-2.89,36,0
4944,73,Hombre,9.5,151,51,69,0,0,0.507,115,147,-2.94,36,0
4945,67,Mujer,9.3,131,52.2,179,1,0,-0.077,166,132,-2.76,36,0
4946,90,Mujer,8.8,137,32.1,103,0,0,-0.158,88,149,-3.05,36,0
4947,57,Hombre,8.7,122,64.6,40,0,1,-0.465,25,119,0.98,36,0
4948,59,Hombre,7.3,139,55.8,177,0,1,-1.004,65,129,0.11,36,0
4949,63,Hombre,8.2,141,47.7,65,1,1,0.05,68,130,-2.31,18.16,1
4950,64,Mujer,6.4,127,50.1,152,1,1,-0.296,113,132,-1.6,36,0
4951,64,Hombre,6.9,156,56.2,33,0,1,0.11,37,138,-3.7,36,0
4952,59,Mujer,8.5,145,52.9,613,0,1,-1.037,217,139,-0.93,36,0
4953,73,Hombre,7,136,38.3,87,0,0,0.503,144,129,-2.97,2.08,1
4954,73,Mujer,7.5,148,33.6,343,0,0,0.398,511,145,-3.4,36,0
4955,74,Mujer,8.8,158,51.4,136,0,0,0.091,149,158,-5.01,36,0
4956,52,Hombre,6.8,136,66.6,177,0,0,-0.21,144,130,-1.87,36,0
4957,59,Hombre,7.5,147,40,419,1,0,-0.359,293,147,-3.37,36,0
4958,68,Hombre,5.5,141,42.1,92,1,0,-0.254,71,130,-1.12,36,0
4959,59,Mujer,6.2,150,46.8,13,0,0,-0.048,12,168,1.23,36,0
4960,66,Hombre,8.8,125,40.3,359,0,1,-1.047,126,126,-0.58,36,0
4961,61,Hombre,7.2,131,49.9,155,1,0,-0.123,137,135,-1.48,36,0
4962,79,Mujer,7.2,146,32.8,90,1,0,1.006,246,138,-5.63,36,0
4963,68,Hombre,6.8,145,50.3,194,0,0,-0.527,115,159,-2.05,36,0
4964,57,Mujer,5.5,146,40.2,1645,0,0,-0.404,1099,156,-2.01,36,0
4965,70,Hombre,7.6,135,42.2,87,0,1,0.553,151,139,-1.25,36,0
4966,70,Hombre,8.9,156,48.1,476,0,1,-0.698,237,155,-2.51,0.29,1
4967,54,Mujer,7.4,143,52.7,246,1,0,0.082,267,142,-1.66,36,0
4968,67,Mujer,9.8,155,50.1,449,0,1,-0.122,398,151,-3.95,36,0
4969,64,Hombre,6.6,114,49.4,120,1,0,0.059,127,115,-2.99,36,0
4970,83,Hombre,7.6,130,49.9,174,0,1,-0.766,81,116,-0.17,36,0
4971,49,Hombre,8.4,147,41.7,892,0,1,-0.414,590,148,-3.1,36,0
4972,61,Mujer,7.1,136,45,41,0,1,-0.027,40,135,-0.81,36,0
4973,90,Hombre,9,125,36.4,29,0,0,0.532,49,121,-3.95,36,0
4974,57,Hombre,6.8,142,63.4,169,0,0,0.377,246,142,-2.61,36,0
4975,53,Hombre,9,139,33.6,398,0,1,-0.626,213,133,-1.28,36,0
4976,69,Hombre,9.5,146,49.2,259,0,1,-0.215,209,147,-3.24,36,0
4977,51,Mujer,6.8,119,48.3,19,0,0,0.371,28,112,-1.21,36,0
4978,81,Hombre,8.2,164,25.9,104,1,0,-0.071,97,164,-3.82,36,0
4979,59,Hombre,7.2,153,43.5,346,0,1,1.197,1145,148,-3.45,36,0
4980,74,Hombre,8.2,142,42.5,161,0,1,-0.382,110,136,-1.06,36,0
4981,70,Hombre,8.5,132,48.3,28,0,0,0.2,34,136,-2.46,36,0
4982,64,Mujer,9.1,137,49.2,134,0,1,-0.28,101,130,-0.97,36,0
4983,62,Mujer,6.4,155,46.9,89,0,0,0.151,103,144,-3.22,36,0
4984,47,Hombre,8.8,130,58.6,45,0,1,-0.575,25,144,0,36,0
4985,52,Hombre,5.5,148,45.3,78,1,0,1.056,224,164,-3.91,36,0
4986,51,Mujer,6,133,54.9,53,0,0,-0.408,35,142,0.81,36,0
4987,62,Mujer,6.5,141,59.8,14,0,0,0.695,28,138,-1.61,36,0
4988,82,Mujer,8.2,147,50.5,100,1,0,0.349,142,134,-4.12,36,0
4989,67,Mujer,9,130,46.4,366,0,1,-0.957,141,132,-0.67,36,0
4990,75,Mujer,8.9,124,44.4,398,0,0,-0.257,308,137,-5.36,36,0
4991,58,Hombre,8.9,131,47.7,670,0,0,0.291,896,130,-3.92,21.86,1
4992,58,Mujer,8,146,48.9,113,1,1,-0.496,69,126,-1.48,36,0
4993,70,Mujer,8.8,148,48.1,183,0,0,-0.233,145,154,-2.07,36,0
4994,56,Hombre,9.4,144,50.4,91,0,0,0.331,127,150,-2.27,36,0
4995,51,Hombre,7.1,130,52.1,128,0,1,0.085,139,125,-1,36,0
4996,61,Hombre,7.3,129,55.6,167,1,1,-0.282,126,136,-1.2,36,0
4997,57,Mujer,7.1,132,62.2,15,0,0,0.335,21,133,-2.31,36,0
4998,50,Mujer,8.8,97,65.5,23,0,1,-0.231,18,95,1.75,36,0
4999,76,Mujer,7.7,143,46.4,53,0,1,-1.117,17,143,-2.48,36,0
5000,61,Mujer,6.2,142,21.4,174,0,0,-0.569,98,144,-1.1,36,0
