id,edad,sexo,hba1c,pas,tfg_basal,uacr_basal,ecv,isglt2,delta_lnuacr,uacr_6m,pas_6m,pendiente_tfg,tiempo_meses,evento,fragilidad,inflamacion,raas,m0,m1,y00,y11,y10,y01,y1_m0,y0_m0,t00,t11,t10,t01,ev00,ev11,ev10,ev01
1,69,Mujer,6.3,122,53.7,99,1,0,-0.021,97,134,-2.66,36,0,-0.65,-2.28,1.42,-0.021,-0.371,-2.66,-1.53,-2.06,-2.13,-2.09,-2.69,821.547,1441.86,1108.973,1068.156,0,0,0,0
2,53,Mujer,7.4,135,46.3,22,0,1,-0.12,20,128,-2.35,36,0,-0.9,0.77,0.58,0.23,-0.12,-3.47,-2.35,-2.87,-2.95,-2.53,-3.13,314.952,552.758,425.141,409.493,0,0,0,0
3,65,Mujer,8.5,122,36.5,85,1,0,0.292,114,111,-2.8,10.69,1,0.63,-0.13,-1.35,0.292,-0.058,-2.8,-1.68,-2.2,-2.28,-1.76,-2.36,10.688,18.758,14.427,13.896,1,1,1,1
4,63,Hombre,7.7,113,52.2,95,0,0,0.46,151,121,-3.2,0.01,1,-0.5,-0.22,0.42,0.46,0.11,-3.2,-2.07,-2.6,-2.67,-1.91,-2.51,0.014,0.025,0.019,0.018,1,1,1,1
5,57,Mujer,7.8,142,43.4,180,0,1,-1.291,49,139,-0.06,36,0,-0.04,-0.32,-0.28,-0.941,-1.291,-1.19,-0.06,-0.59,-0.66,-2,-2.6,1454.719,2553.112,1963.666,1891.392,0,0,0,0
6,39,Mujer,9.3,126,61.5,690,0,1,-0.109,618,111,-1.53,36,0,-1.54,-0.22,0.94,0.241,-0.109,-2.66,-1.53,-2.06,-2.13,-1.7,-2.3,603.113,1058.496,814.117,784.153,0,0,0,0
7,57,Mujer,8,129,57,293,0,1,-0.045,280,115,0.1,36,0,-2.6,1.7,-0.93,0.305,-0.045,-1.02,0.1,-0.42,-0.5,0.04,-0.56,1365.686,2396.853,1843.483,1775.632,0,0,0,0
8,54,Hombre,6,131,48.9,59,0,0,0.171,70,144,-0.38,36,0,-0.96,-0.14,-0.24,0.171,-0.179,-0.38,0.74,0.22,0.14,0.47,-0.13,2222.993,3901.474,3000.727,2890.283,0,0,0,0
9,65,Hombre,8.4,143,35.9,238,0,1,-0.373,164,134,-3.29,36,0,1.29,-0.62,-0.68,-0.023,-0.373,-4.42,-3.29,-3.82,-3.89,-3.85,-4.45,143.143,251.224,193.223,186.112,0,0,0,0
10,59,Hombre,8.9,164,51.9,533,1,1,-0.211,432,152,-3.31,36,0,-1.26,-3.2,0.51,0.139,-0.211,-4.44,-3.31,-3.84,-3.91,-3.63,-4.23,22.339,39.206,30.154,29.045,1,0,1,1
11,60,Hombre,8.8,139,37.1,122,0,0,-0.126,108,130,-4.67,36,0,1.85,0.35,0.99,-0.126,-0.476,-4.67,-3.54,-4.07,-4.14,-4.26,-4.86,199.781,350.627,269.676,259.751,0,0,0,0
12,57,Mujer,7.2,136,66.9,292,0,1,0.509,486,120,-2.31,36,0,-1.37,-2.41,-0.6,0.859,0.509,-3.44,-2.31,-2.84,-2.91,-1.55,-2.15,426.05,747.74,575.107,553.94,0,0,0,0
13,62,Hombre,8.4,142,41,52,1,0,0.715,106,148,-4.05,36,0,0.64,0.46,0.05,0.715,0.365,-4.05,-2.93,-3.45,-3.53,-2.38,-2.98,177.21,311.014,239.209,230.405,0,0,0,0
14,62,Mujer,8.2,171,37.3,180,0,0,-0.166,152,183,-4,36,0,-0.89,-1.22,0.18,-0.166,-0.516,-4,-2.88,-3.4,-3.48,-3.65,-4.25,726.235,1274.581,980.314,944.233,0,0,0,0
15,39,Hombre,7.6,148,51.5,66,0,0,0.659,128,149,-1.85,36,0,0.25,0,-1.18,0.659,0.309,-1.85,-0.73,-1.25,-1.33,-0.27,-0.87,735.508,1290.858,992.833,956.291,0,0,0,0
16,77,Hombre,9.9,136,28.1,824,1,1,0.815,1862,120,-5.43,36,0,0.85,-0.93,0.35,1.165,0.815,-6.56,-5.43,-5.96,-6.03,-4.21,-4.81,39.227,68.846,52.951,51.002,0,0,0,0
17,70,Hombre,7.8,119,43.8,107,0,0,0.272,141,125,-2.14,36,0,2.2,-0.93,1.05,0.272,-0.078,-2.14,-1.02,-1.54,-1.62,-1.13,-1.73,652.459,1145.101,880.727,848.312,0,0,0,0
18,66,Hombre,8.7,140,48.7,436,0,0,-0.746,207,144,-3.42,36,0,0.85,1.56,-0.37,-0.746,-1.096,-3.42,-2.3,-2.82,-2.9,-3.94,-4.54,441.417,774.711,595.85,573.92,0,0,0,0
19,56,Hombre,6.8,130,59.4,42,0,0,0.514,70,137,-2.45,6.03,1,0.56,1.27,-0.99,0.514,0.164,-2.45,-1.33,-1.85,-1.93,-1.08,-1.68,6.026,10.576,8.134,7.835,1,1,1,1
20,71,Mujer,8.2,128,45.1,105,0,1,-0.069,98,125,-1.29,36,0,-0.85,-0.29,1.6,0.281,-0.069,-2.42,-1.29,-1.82,-1.89,-1.4,-2,153.063,268.634,206.613,199.009,0,0,0,0
21,61,Mujer,6.5,182,51.4,79,0,0,-0.28,60,180,-2.51,36,0,0.5,0.25,0.36,-0.28,-0.63,-2.51,-1.38,-1.91,-1.98,-2.33,-2.93,218.234,383.013,294.585,283.743,0,0,0,0
22,62,Hombre,7.5,150,53.5,1293,0,1,0.128,1470,151,-1.98,36,0,-0.65,0.75,0.07,0.478,0.128,-3.1,-1.98,-2.5,-2.58,-1.79,-2.39,453.148,795.3,611.686,589.172,0,0,0,0
23,50,Mujer,5.5,121,57.9,20,0,0,0.321,28,122,-1.3,36,0,-0.37,-0.01,0.15,0.321,-0.029,-1.3,-0.17,-0.7,-0.77,-0.22,-0.82,1007.877,1768.88,1360.492,1310.418,0,0,0,0
24,79,Hombre,7.2,140,23.5,142,1,0,-0.407,94,132,-2.24,36,0,-0.07,-0.4,0.48,-0.407,-0.757,-2.24,-1.12,-1.64,-1.72,-2.26,-2.86,477.846,838.646,645.025,621.284,0,0,0,0
25,64,Hombre,7.2,142,53.5,90,0,0,-1.069,31,134,-2.22,36,0,-0.11,-0.82,0.96,-1.069,-1.419,-2.22,-1.1,-1.62,-1.7,-3.23,-3.83,3108.376,5455.37,4195.869,4041.438,0,0,0,0
26,83,Mujer,6.2,154,49.6,216,1,1,0.169,256,145,-2.74,36,0,0.62,-0.29,-2.59,0.519,0.169,-3.86,-2.74,-3.26,-3.34,-2.48,-3.08,246.058,431.845,332.144,319.919,0,0,0,0
27,81,Mujer,9.4,121,37.9,503,0,0,0.044,526,130,-3.16,36,0,-1.75,-1.26,0.36,0.044,-0.306,-3.16,-2.03,-2.56,-2.63,-2.49,-3.09,55.231,96.934,74.554,71.81,0,0,0,0
28,65,Hombre,7.3,145,49.9,70,0,1,0.641,133,134,-0.71,36,0,-0.03,0.7,-0.67,0.991,0.641,-1.84,-0.71,-1.24,-1.31,0.25,-0.35,440.469,773.047,594.571,572.687,0,0,0,0
29,70,Hombre,6.6,140,45.1,39,0,1,0.187,47,125,-1.27,36,0,0.71,-0.76,-0.37,0.537,0.187,-2.39,-1.27,-1.79,-1.87,-0.99,-1.59,1757.975,3085.342,2373.018,2285.677,0,0,0,0
30,81,Mujer,9.1,139,47.2,509,0,0,-1.425,122,144,-2.79,36,0,0.96,-0.67,0.3,-1.425,-1.775,-2.79,-1.66,-2.19,-2.26,-4.33,-4.93,1324.019,2323.727,1787.239,1721.459,0,0,0,0
31,59,Mujer,8,139,46.8,15,0,0,0.501,25,131,-1.86,36,0,-0.07,-0.16,-0.53,0.501,0.151,-1.86,-0.73,-1.26,-1.33,-0.5,-1.1,591.021,1037.275,797.795,768.432,0,0,0,0
32,66,Mujer,7.1,128,48.4,38,0,0,0.112,42,128,-3.21,36,0,-1.38,-0.9,-0.01,0.112,-0.238,-3.21,-2.09,-2.61,-2.69,-2.44,-3.04,492.078,863.624,664.236,639.788,0,0,0,0
33,61,Mujer,5.6,162,38.8,84,1,0,0.094,92,167,-3.42,36,0,0.87,1.51,2.03,0.094,-0.256,-3.42,-2.3,-2.82,-2.9,-2.68,-3.28,439.56,771.451,593.343,571.505,0,0,0,0
34,67,Mujer,8.8,134,54.2,269,1,1,-0.257,208,123,-3.59,36,0,0.89,-0.38,2.61,0.093,-0.257,-4.72,-3.59,-4.12,-4.19,-3.98,-4.58,262.451,460.616,354.272,341.233,0,0,0,0
35,66,Hombre,7.8,143,62.4,59,0,0,0.529,100,143,-1.82,36,0,1.39,-0.66,0.93,0.529,0.179,-1.82,-0.69,-1.22,-1.29,-0.42,-1.02,80.971,142.109,109.299,105.277,0,0,0,0
36,76,Mujer,7.8,138,20,352,0,0,0.618,653,143,-3.83,36,0,-1.19,-0.43,-1.61,0.618,0.268,-3.83,-2.7,-3.23,-3.3,-2.3,-2.9,297.616,522.333,401.74,386.954,0,0,0,0
37,70,Mujer,9.4,121,48.5,111,0,0,-0.234,88,130,-2.9,36,0,-0.61,-0.22,-0.84,-0.234,-0.584,-2.9,-1.77,-2.3,-2.37,-2.65,-3.25,1942.708,3409.559,2622.382,2525.863,0,0,0,0
38,55,Hombre,8.5,147,70.9,69,1,1,0.152,80,142,-1.69,36,0,-2.68,-0.08,0.2,0.502,0.152,-2.81,-1.69,-2.21,-2.29,-1.46,-2.06,633.925,1112.574,855.71,824.215,0,0,0,0
39,70,Hombre,8.8,124,38.5,79,0,0,0.316,108,129,-3.88,36,0,-1.55,-0.78,-1.25,0.316,-0.034,-3.88,-2.76,-3.28,-3.36,-2.81,-3.41,1636.656,2872.422,2209.255,2127.942,0,0,0,0
40,56,Hombre,8,122,52.7,497,0,0,0.185,598,121,-2.84,36,0,-0.74,-1.56,-0.97,0.185,-0.165,-2.84,-1.71,-2.24,-2.31,-1.96,-2.56,721.965,1267.088,974.551,938.682,0,0,0,0
41,52,Hombre,7,120,43.7,290,0,1,-0.467,182,106,-0.35,36,0,-1.67,0.8,-1.78,-0.117,-0.467,-1.47,-0.35,-0.87,-0.95,-1.05,-1.65,507.56,890.795,685.134,659.917,0,0,0,0
42,72,Hombre,7.1,107,70.1,42,0,0,0.733,87,120,-3.19,36,0,0.22,-1.44,0.23,0.733,0.383,-3.19,-2.06,-2.59,-2.66,-1.49,-2.09,270.244,474.293,364.791,351.365,0,0,0,0
43,52,Hombre,7.7,115,43,137,0,0,0.216,170,128,-1.45,36,0,0.74,-1.04,-0.01,0.216,-0.134,-1.45,-0.32,-0.85,-0.92,-0.53,-1.13,828.514,1454.087,1118.377,1077.214,0,0,0,0
44,67,Hombre,8.8,117,50.5,335,0,0,0.156,392,105,-4.37,36,0,-0.52,0.3,1.27,0.156,-0.194,-4.37,-3.25,-3.77,-3.85,-3.54,-4.14,768.31,1348.426,1037.11,998.938,0,0,0,0
45,56,Hombre,9.2,130,57.8,64,1,1,-0.099,58,138,-2.13,36,0,1.68,0.51,-0.81,0.251,-0.099,-3.25,-2.13,-2.65,-2.73,-2.27,-2.87,485.746,852.51,655.688,631.555,0,0,0,0
46,78,Mujer,8.4,144,40.2,67,0,0,0.56,117,147,-3.12,36,0,1.7,0.1,-0.11,0.56,0.21,-3.12,-2,-2.52,-2.6,-1.68,-2.28,534.633,938.311,721.68,695.118,0,0,0,0
47,71,Mujer,7.4,143,32.5,149,0,0,-0.046,142,146,-4.44,36,0,-0.31,1.01,-2.62,-0.046,-0.396,-4.44,-3.32,-3.84,-3.92,-3.91,-4.51,1084.725,1903.753,1464.226,1410.335,0,0,0,0
48,60,Hombre,7.7,140,42.7,460,0,0,0.827,1052,136,-5.15,36,0,-0.71,0.02,0.51,0.827,0.477,-5.15,-4.03,-4.55,-4.63,-3.31,-3.91,234.582,411.704,316.652,304.997,0,0,0,0
49,72,Mujer,6.7,144,50.8,124,0,0,-0.029,121,143,-2.31,36,0,0.4,0.51,-0.95,-0.029,-0.379,-2.31,-1.19,-1.71,-1.79,-1.76,-2.36,3099.86,5440.424,4184.374,4030.365,0,0,0,0
50,68,Hombre,8,144,38.4,294,1,1,-0.212,238,140,-1.78,36,0,0.39,1.39,-1.9,0.138,-0.212,-2.91,-1.78,-2.31,-2.38,-2.1,-2.7,341.453,599.269,460.913,443.949,0,0,0,0
51,52,Hombre,8.7,131,39.2,398,0,1,-0.505,240,123,1.57,36,0,-0.89,-2.25,0.01,-0.155,-0.505,0.45,1.57,1.05,0.97,0.82,0.22,1599.593,2807.374,2159.225,2079.754,0,0,0,0
52,62,Hombre,9,135,62.5,20,1,1,-0.18,17,128,-0.95,36,0,-1.05,0.51,-1.61,0.17,-0.18,-2.08,-0.95,-1.48,-1.55,-1.22,-1.82,1255.579,2203.609,1694.854,1632.474,0,0,0,0
53,55,Mujer,8.7,133,56.2,52,0,0,-0.534,30,144,-0.7,36,0,-0.41,0.35,0.69,-0.534,-0.884,-0.7,0.43,-0.1,-0.17,-0.9,-1.5,2419.261,4245.935,3265.661,3145.466,0,0,0,0
54,68,Mujer,6.7,149,20,92,0,0,-0.677,47,149,-1.93,36,0,1.34,1.49,-0.45,-0.677,-1.027,-1.93,-0.8,-1.33,-1.4,-2.34,-2.94,250.35,439.378,337.937,325.499,0,0,0,0
55,58,Mujer,9.8,140,41.7,188,0,1,-0.749,89,132,0.17,36,0,1.16,0.55,1.25,-0.399,-0.749,-0.96,0.17,-0.36,-0.43,-0.95,-1.55,159.382,279.724,215.143,207.225,0,0,0,0
56,62,Mujer,6.9,105,25.8,55,0,0,-0.511,33,112,-0.84,36,0,0.77,0.81,0.34,-0.511,-0.861,-0.84,0.29,-0.24,-0.31,-1,-1.6,874.935,1535.558,1181.038,1137.57,0,0,0,0
57,52,Mujer,7.8,116,57.6,40,0,1,0.037,41,104,0.37,36,0,-0.03,-0.95,0.17,0.387,0.037,-0.76,0.37,-0.16,-0.23,0.42,-0.18,3436.058,6030.469,4638.193,4467.482,0,0,0,0
58,54,Hombre,7.2,134,37.7,94,1,1,-0.519,56,130,-2.7,36,0,2.07,0.36,1,-0.169,-0.519,-3.83,-2.7,-3.23,-3.3,-3.48,-4.08,1706.114,2994.324,2303.013,2218.249,0,0,0,0
59,65,Mujer,10.2,149,55.8,178,0,1,-1.034,63,158,-0.23,36,0,0.1,-1.88,-1.24,-0.684,-1.034,-1.36,-0.23,-0.76,-0.83,-1.79,-2.39,1795.135,3150.559,2423.178,2333.992,0,0,0,0
60,54,Hombre,8.1,112,51.1,61,0,1,-0.431,40,96,1.85,36,0,0.15,0.88,-2.35,-0.081,-0.431,0.72,1.85,1.32,1.25,1.2,0.6,2065.253,3624.632,2787.8,2685.194,0,0,0,0
61,63,Hombre,9.1,154,59.2,309,0,1,-0.531,182,139,-1.42,36,0,-0.08,0.51,0.06,-0.181,-0.531,-2.55,-1.42,-1.95,-2.02,-2.22,-2.82,1409.256,2473.322,1902.297,1832.282,0,0,0,0
62,66,Hombre,8.3,112,47.6,101,0,0,-0.45,64,112,-0.45,36,0,-0.25,-1.11,-0.52,-0.45,-0.8,-0.45,0.68,0.15,0.08,-0.52,-1.12,122.348,214.727,165.152,159.073,0,0,0,0
63,62,Mujer,8.3,128,43.6,97,0,0,0.214,120,125,-4.03,36,0,1.18,-2.5,0.78,0.214,-0.136,-4.03,-2.9,-3.43,-3.5,-3.11,-3.71,1433.138,2515.236,1934.534,1863.332,0,0,0,0
64,61,Hombre,5.5,149,47,50,0,0,0.58,89,153,-2.08,36,0,1.37,-0.01,-1.51,0.58,0.23,-2.08,-0.95,-1.48,-1.55,-0.61,-1.21,420.398,737.822,567.478,546.592,0,0,0,0
65,47,Mujer,7.7,160,57.1,122,0,1,-0.514,73,134,-1.13,36,0,-0.26,0.71,-1.55,-0.164,-0.514,-2.25,-1.13,-1.65,-1.73,-1.9,-2.5,867.969,1523.333,1171.636,1128.513,0,0,0,0
66,61,Hombre,7.8,112,58.5,135,1,0,-0.002,135,105,-1.72,36,0,-1.33,-0.26,0.15,-0.002,-0.352,-1.72,-0.6,-1.12,-1.2,-1.12,-1.72,993.747,1744.08,1341.418,1292.046,0,0,0,0
67,46,Hombre,8.2,137,53.9,455,0,1,-0.995,168,131,-0.05,36,0,-1.12,-0.8,0.64,-0.645,-0.995,-1.18,-0.05,-0.58,-0.65,-1.54,-2.14,226.646,397.777,305.941,294.68,0,0,0,0
68,76,Mujer,6.5,129,37.4,173,0,0,-0.179,145,123,-1.45,36,0,-0.71,-0.19,0.47,-0.179,-0.529,-1.45,-0.33,-0.85,-0.93,-1.12,-1.72,298.215,523.384,402.549,387.733,0,0,0,0
69,54,Hombre,9.2,113,56.8,122,0,1,-0.193,101,111,-0.05,15.14,1,0.11,-0.52,0.13,0.157,-0.193,-1.18,-0.05,-0.58,-0.65,-0.34,-0.94,8.624,15.135,11.641,11.213,1,1,1,1
70,65,Hombre,7.4,124,50.3,341,1,0,0.025,350,123,-3.42,36,0,2.06,0.63,0.39,0.025,-0.325,-3.42,-2.29,-2.82,-2.89,-2.78,-3.38,254.361,446.418,343.352,330.715,0,0,0,0
71,69,Mujer,7.1,131,53.9,21,0,0,0.48,34,133,-2.88,36,0,0.14,0.03,0.66,0.48,0.13,-2.88,-1.76,-2.28,-2.36,-1.56,-2.16,1222.488,2145.533,1650.186,1589.45,0,0,0,0
72,64,Mujer,9.5,121,40.2,105,0,0,0.121,118,116,-2.26,36,0,0.85,1.17,1.1,0.121,-0.229,-2.26,-1.14,-1.66,-1.74,-1.48,-2.08,256.715,450.549,346.529,333.775,0,0,0,0
73,77,Hombre,8.5,130,23.4,571,1,0,-0.481,353,129,-4.07,11.86,1,0.15,0.43,-0.53,-0.481,-0.831,-4.07,-2.94,-3.47,-3.54,-4.19,-4.79,11.863,20.82,16.014,15.424,1,1,1,1
74,56,Mujer,5.5,126,60,9,0,0,-0.42,6,120,0.14,36,0,-0.78,-1.53,-1.17,-0.42,-0.77,0.14,1.26,0.74,0.66,0.11,-0.49,1472.035,2583.501,1987.039,1913.905,0,0,0,0
75,68,Hombre,9.9,129,49.1,443,0,1,0.075,478,118,-2.13,36,0,0.17,0.48,-0.53,0.425,0.075,-3.26,-2.13,-2.66,-2.73,-2.02,-2.62,188.042,330.024,253.831,244.488,0,0,0,0
76,54,Mujer,7.5,138,33.9,58,0,0,-0.333,42,138,-2.28,36,0,-1.82,-0.68,-2.9,-0.333,-0.683,-2.28,-1.15,-1.68,-1.75,-2.17,-2.77,1942.068,3408.436,2621.518,2525.031,0,0,0,0
77,85,Hombre,6.6,149,45.6,106,0,0,0.053,112,149,-2.95,36,0,0.79,-0.63,-0.87,0.053,-0.297,-2.95,-1.82,-2.35,-2.42,-2.27,-2.87,1495.661,2624.967,2018.931,1944.623,0,0,0,0
78,71,Hombre,7.3,135,34,57,0,0,-0.367,39,126,-3.25,36,0,-0.75,-0.77,0.23,-0.367,-0.717,-3.25,-2.13,-2.65,-2.73,-3.21,-3.81,2828.854,4964.794,3818.554,3678.01,0,0,0,0
79,61,Hombre,7.1,143,48.2,48,0,0,0.254,62,137,-3.1,36,0,1.03,1.19,-2.12,0.254,-0.096,-3.1,-1.97,-2.5,-2.57,-2.12,-2.72,77.637,136.256,104.798,100.941,0,0,0,0
80,72,Mujer,7,119,42.1,63,0,0,0.095,69,120,-0.97,36,0,0.29,-0.1,-0.7,0.095,-0.255,-0.97,0.15,-0.37,-0.45,-0.23,-0.83,528.858,928.174,713.883,687.609,0,0,0,0
81,52,Mujer,8.9,129,58.3,40,0,0,0.332,56,131,-1.38,36,0,0.16,0.28,1.32,0.332,-0.018,-1.38,-0.25,-0.78,-0.85,-0.28,-0.88,4748.061,8333.106,6409.211,6173.317,0,0,0,0
82,79,Hombre,9.9,111,25.8,172,1,0,0.62,320,108,-7.28,36,0,1.26,-0.43,-0.67,0.62,0.27,-7.28,-6.15,-6.68,-6.75,-5.75,-6.35,112.507,197.456,151.869,146.279,0,0,0,0
83,52,Mujer,8,132,55.4,251,0,0,0.928,635,138,-3.41,36,0,-0.96,-1.61,0.46,0.928,0.578,-3.41,-2.28,-2.81,-2.88,-1.41,-2.01,71.224,125.002,96.142,92.604,0,0,0,0
84,48,Mujer,6.8,156,45.6,39,0,0,0.416,59,157,-1.51,36,0,1.64,-1.15,-2.53,0.416,0.066,-1.51,-0.39,-0.91,-0.99,-0.29,-0.89,840.976,1475.958,1135.198,1093.417,0,0,0,0
85,63,Mujer,8.9,105,42.6,43,0,1,0.573,76,95,-1.61,36,0,1.36,-0.99,0.29,0.923,0.573,-2.73,-1.61,-2.13,-2.21,-0.75,-1.35,2514.571,4413.209,3394.315,3269.386,0,0,0,0
86,72,Mujer,7.9,125,43.9,49,0,0,-0.106,44,128,-0.68,36,0,0.55,0.26,-0.67,-0.106,-0.456,-0.68,0.45,-0.08,-0.15,-0.24,-0.84,125.937,221.026,169.997,163.74,0,0,0,0
87,64,Mujer,7.8,140,41.8,145,0,1,-0.391,98,144,-0.86,36,0,0.26,0.87,0.62,-0.041,-0.391,-1.98,-0.86,-1.38,-1.46,-1.45,-2.05,1625.377,2852.626,2194.03,2113.277,0,0,0,0
88,56,Hombre,7.1,118,46.7,97,0,1,-0.727,47,106,0.44,36,0,-0.34,0.03,0.12,-0.377,-0.727,-0.68,0.44,-0.08,-0.16,-0.65,-1.25,455.809,799.971,615.278,592.633,0,0,0,0
89,76,Hombre,7,115,36.7,79,1,0,0.233,100,110,-0.61,36,0,0.15,0.72,0.15,0.233,-0.117,-0.61,0.52,-0.01,-0.08,0.34,-0.26,147.4,258.694,198.969,191.646,0,0,0,0
90,88,Hombre,6.5,162,39.6,100,0,0,0.357,143,159,-3.12,36,0,2.03,0.64,-2.22,0.357,0.007,-3.12,-1.99,-2.52,-2.59,-1.98,-2.58,191.126,335.437,257.994,248.498,0,0,0,0
91,44,Hombre,8.6,119,55.3,28,0,0,0.061,30,125,-0.06,36,0,0.41,0.71,-0.83,0.061,-0.289,-0.06,1.06,0.54,0.46,0.63,0.03,2628.206,4612.645,3547.707,3417.131,0,0,0,0
92,79,Mujer,9.8,144,41,341,0,0,0.547,590,149,-4.27,36,0,1.13,1.01,1.86,0.547,0.197,-4.27,-3.14,-3.67,-3.74,-2.84,-3.44,113.848,199.81,153.679,148.023,0,0,0,0
93,59,Hombre,5.7,121,49.3,169,0,1,-0.537,99,116,-0.01,36,0,0.84,0.9,-1.13,-0.187,-0.537,-1.14,-0.01,-0.54,-0.61,-0.82,-1.42,103.413,181.495,139.592,134.455,0,0,0,0
94,74,Mujer,9.5,162,29,56,0,0,-0.111,50,151,-3.53,36,0,-1.51,0.63,0.7,-0.111,-0.461,-3.53,-2.41,-2.93,-3.01,-3.1,-3.7,793.169,1392.055,1070.666,1031.26,0,0,0,0
95,46,Hombre,5.5,109,42,22,0,1,0.161,26,108,0.23,36,0,-0.67,1,1.55,0.511,0.161,-0.9,0.23,-0.3,-0.37,0.47,-0.13,2081.634,3653.382,2809.913,2706.492,0,0,0,0
96,61,Hombre,7,154,51,23,1,1,0.254,30,147,-0.82,36,0,2.46,0.08,-0.98,0.604,0.254,-1.94,-0.82,-1.34,-1.42,-0.44,-1.04,3243.079,5691.78,4377.698,4216.574,0,0,0,0
97,54,Mujer,6.5,133,43.4,174,0,0,-0.517,104,134,-2.07,36,0,-1.3,0.99,-1.28,-0.517,-0.867,-2.07,-0.95,-1.47,-1.55,-2.25,-2.85,683.718,1199.962,922.922,888.953,0,0,0,0
98,59,Hombre,9.8,128,64.6,304,0,1,-0.226,242,126,-3.67,36,0,0.08,0.34,0.9,0.124,-0.226,-4.8,-3.67,-4.2,-4.27,-4.01,-4.61,607.655,1066.467,820.248,790.059,0,0,0,0
99,53,Hombre,7.6,114,39.6,32,0,0,1.141,100,131,-1.67,36,0,-1.13,-0.54,-0.61,1.141,0.791,-1.67,-0.54,-1.07,-1.14,0.64,0.04,126.819,222.575,171.188,164.888,0,0,0,0
100,68,Mujer,8.3,115,46.4,113,0,0,0.069,121,118,-4.09,36,0,-0.11,0.9,-0.8,0.069,-0.281,-4.09,-2.96,-3.49,-3.56,-3.38,-3.98,1171.488,2056.025,1581.343,1523.141,0,0,0,0
101,76,Mujer,8,120,60.4,59,0,0,0.339,83,128,-2.43,36,0,0.23,2.72,-1.5,0.339,-0.011,-2.43,-1.31,-1.83,-1.91,-1.32,-1.92,89.885,157.753,121.332,116.866,0,0,0,0
102,59,Hombre,8.8,124,48.8,38,1,0,0.259,49,125,-2.05,36,0,-1.42,-0.85,1,0.259,-0.091,-2.05,-0.93,-1.45,-1.53,-1.07,-1.67,205.952,361.457,278.006,267.774,0,0,0,0
103,62,Hombre,8.2,118,56.9,194,0,0,-0.314,142,108,-2.81,36,0,0.89,0.01,-1.47,-0.314,-0.664,-2.81,-1.69,-2.21,-2.29,-2.68,-3.28,1171.12,2055.38,1580.847,1522.663,0,0,0,0
104,53,Hombre,7.2,128,49.5,27,0,0,-0.219,22,137,-0.32,36,0,-0.39,-1.06,0.1,-0.219,-0.569,-0.32,0.81,0.28,0.21,-0.04,-0.64,94.062,165.084,126.971,122.298,0,0,0,0
105,74,Hombre,8.3,156,34.8,17,0,0,0.737,36,157,-2.59,36,0,0.77,0.64,-1.09,0.737,0.387,-2.59,-1.47,-1.99,-2.07,-0.89,-1.49,593.312,1041.295,800.888,771.411,0,0,0,0
106,70,Hombre,9.2,158,46.8,114,0,0,0.315,156,166,-5.06,36,0,0.65,-1.08,1.18,0.315,-0.035,-5.06,-3.93,-4.46,-4.53,-3.99,-4.59,162.195,284.661,218.94,210.882,0,0,0,0
107,48,Hombre,7.4,132,56.2,7,1,1,0.271,9,130,-1.3,36,0,-1.4,0.61,0.85,0.621,0.271,-2.43,-1.3,-1.83,-1.9,-0.89,-1.49,2686.989,4715.813,3627.056,3493.56,0,0,0,0
108,79,Mujer,5.5,132,31.6,53,1,0,0.838,122,130,-3.14,36,0,0.4,0.38,1.19,0.838,0.488,-3.14,-2.01,-2.54,-2.61,-1.28,-1.88,87.351,153.305,117.911,113.571,0,0,0,0
109,52,Mujer,9.9,140,54.6,293,0,1,-0.866,123,124,-2.23,36,0,-0.8,1.12,-0.58,-0.516,-0.866,-3.36,-2.23,-2.76,-2.83,-3.53,-4.13,704.498,1236.432,950.972,915.971,0,0,0,0
110,53,Hombre,8.2,144,55.8,128,0,1,-0.261,99,148,-1.65,36,0,-0.02,0.29,-2.04,0.089,-0.261,-2.77,-1.65,-2.17,-2.25,-2.04,-2.64,35.174,61.733,47.48,45.733,1,0,0,0
111,49,Mujer,7.4,146,52.1,28,0,0,0.383,41,145,-2.6,36,0,0.9,-0.23,-1.81,0.383,0.033,-2.6,-1.48,-2,-2.08,-1.43,-2.03,6162.645,10815.779,8318.701,8012.526,0,0,0,0
112,52,Hombre,9.5,116,45.7,127,0,1,0.77,274,106,-1.83,36,0,0.34,-1.83,-1.13,1.12,0.77,-2.96,-1.83,-2.36,-2.43,-0.68,-1.28,186.834,327.904,252.2,242.917,0,0,0,0
113,61,Hombre,6.2,117,50.2,28,0,0,-0.128,25,129,-0.48,36,0,-1.4,-0.37,0.64,-0.128,-0.478,-0.48,0.64,0.12,0.04,-0.07,-0.67,4160.826,7302.476,5616.527,5409.808,0,0,0,0
114,69,Mujer,8.7,135,47,496,1,0,0.075,535,123,-3.6,36,0,0.11,1.56,0.11,0.075,-0.275,-3.6,-2.48,-3,-3.08,-2.89,-3.49,40.397,70.899,54.53,52.523,0,0,0,0
115,57,Mujer,9.1,116,45,295,1,1,-0.159,252,108,-2.34,5.03,1,-2.11,1.56,-0.04,0.191,-0.159,-3.46,-2.34,-2.86,-2.94,-2.58,-3.18,2.866,5.029,3.868,3.726,1,1,1,1
116,62,Hombre,8.2,121,58.9,65,0,1,0.002,65,117,-1.62,36,0,-0.95,0.49,2.66,0.352,0.002,-2.75,-1.62,-2.15,-2.22,-1.62,-2.22,1188.532,2085.938,1604.35,1545.301,0,0,0,0
117,61,Mujer,7.7,95,35.5,246,0,0,-0.138,214,93,-0.61,36,0,1.17,-0.1,-1.72,-0.138,-0.488,-0.61,0.52,-0.01,-0.08,-0.22,-0.82,730.991,1282.929,986.735,950.418,0,0,0,0
118,76,Hombre,6.9,155,27.9,689,1,0,0.33,959,147,-6.1,10.53,1,-0.95,0.67,0.62,0.33,-0.02,-6.1,-4.98,-5.5,-5.58,-5,-5.6,10.535,18.489,14.221,13.697,1,1,1,1
119,87,Mujer,8.4,132,32.2,95,1,0,-0.158,81,135,-3.77,36,0,1.65,1.48,-1.11,-0.158,-0.508,-3.77,-2.64,-3.17,-3.24,-3.4,-4,106.945,187.694,144.36,139.047,0,0,0,0
120,53,Mujer,8.4,125,48.4,137,0,0,1.065,397,116,-5.31,36,0,0.92,1.59,-1.01,1.065,0.715,-5.31,-4.18,-4.71,-4.78,-3.11,-3.71,221.911,389.466,299.548,288.523,0,0,0,0
121,83,Mujer,8.5,102,37.4,110,0,0,0.501,182,113,-3.38,36,0,1.4,-0.84,0.07,0.501,0.151,-3.38,-2.25,-2.78,-2.85,-2.03,-2.63,517.278,907.852,698.253,672.553,0,0,0,0
122,85,Mujer,9.5,138,42.5,796,1,0,-0.277,604,152,-3.51,36,0,0.95,-1.22,-0.45,-0.277,-0.627,-3.51,-2.38,-2.91,-2.98,-3.32,-3.92,592.873,1040.524,800.295,770.839,0,0,0,0
123,66,Mujer,8.9,152,41.8,474,0,1,0.063,505,155,-3.26,36,0,1.72,-0.65,-1.6,0.413,0.063,-4.39,-3.26,-3.79,-3.86,-3.17,-3.77,471.272,827.109,636.151,612.737,0,0,0,0
124,73,Hombre,8.9,146,50.3,107,1,0,0.12,121,147,-3.8,36,0,0.7,-1.3,0.6,0.12,-0.23,-3.8,-2.68,-3.2,-3.28,-3.02,-3.62,1275.052,2237.785,1721.14,1657.792,0,0,0,0
125,47,Mujer,6.8,137,65.3,66,1,1,-0.265,51,125,-0.93,36,0,-0.91,0.61,0.51,0.085,-0.265,-2.05,-0.93,-1.45,-1.53,-1.33,-1.93,954.652,1675.467,1288.646,1241.216,0,0,0,0
126,69,Hombre,7.4,161,54.8,206,0,0,-0.072,192,166,-3.02,5.37,1,-0.25,1.09,0.07,-0.072,-0.422,-3.02,-1.9,-2.42,-2.5,-2.53,-3.13,5.368,9.421,7.246,6.979,1,1,1,1
127,59,Mujer,9,142,42.3,104,0,0,-0.439,67,130,-1.94,36,0,0.47,0.94,0.04,-0.439,-0.789,-1.94,-0.82,-1.34,-1.42,-2,-2.6,746.932,1310.907,1008.253,971.144,0,0,0,0
128,62,Mujer,7.6,135,34.3,70,0,1,0.126,79,134,-2.91,36,0,0.61,0.71,0.28,0.476,0.126,-4.03,-2.91,-3.43,-3.51,-2.72,-3.32,214.598,376.632,289.677,279.016,0,0,0,0
129,70,Mujer,6,120,41.8,25,0,0,0.655,48,118,-0.43,36,0,0.68,1.31,0.18,0.655,0.305,-0.43,0.69,0.17,0.09,1.15,0.55,615.45,1080.148,830.77,800.193,0,0,0,0
130,74,Hombre,8.9,139,32.6,73,1,0,-0.04,70,123,-3.6,36,0,0.81,-0.53,-1.14,-0.04,-0.39,-3.6,-2.48,-3,-3.08,-3.06,-3.66,448.305,786.799,605.148,582.875,0,0,0,0
131,64,Mujer,6.1,131,39.3,883,1,0,-0.67,452,126,-3.13,36,0,0.59,-0.34,-0.08,-0.67,-1.02,-3.13,-2.01,-2.53,-2.61,-3.54,-4.14,257.717,452.308,347.882,335.078,0,0,0,0
132,90,Hombre,7.9,141,33.6,57,0,0,-0.031,55,136,-4.04,0.92,1,1.19,0.15,-1.6,-0.031,-0.381,-4.04,-2.91,-3.44,-3.51,-3.48,-4.08,0.922,1.618,1.244,1.198,1,1,1,1
133,70,Mujer,8.3,134,31.2,581,0,0,-0.254,451,130,-2.94,15.59,1,0.65,-1.61,-0.62,-0.254,-0.604,-2.94,-1.81,-2.34,-2.41,-2.72,-3.32,15.594,27.368,21.05,20.275,1,1,1,1
134,62,Mujer,7.3,159,44.6,62,1,1,-0.119,55,143,-1.04,36,0,-0.46,1.15,0.5,0.231,-0.119,-2.17,-1.04,-1.57,-1.64,-1.22,-1.82,222.561,390.607,300.426,289.369,0,0,0,0
135,68,Hombre,8.6,145,38.4,132,1,0,-0.867,55,133,-2.42,36,0,0.36,0.88,0.09,-0.867,-1.217,-2.42,-1.29,-1.82,-1.89,-3.12,-3.72,212.453,372.866,286.781,276.226,0,0,0,0
136,63,Mujer,7.3,126,59.8,14,0,1,-0.771,6,114,-0.28,36,0,0.77,-2.18,-0.05,-0.421,-0.771,-1.4,-0.28,-0.8,-0.88,-1.43,-2.03,1013.003,1777.876,1367.411,1317.083,0,0,0,0
137,53,Mujer,7,139,48.6,31,0,1,0.008,31,148,0.44,36,0,-1.19,-0.8,0.07,0.358,0.008,-0.68,0.44,-0.08,-0.16,0.46,-0.14,1732.433,3040.515,2338.54,2252.469,0,0,0,0
138,69,Hombre,9.7,136,48.6,1602,0,1,-0.611,869,120,-2.45,36,0,0.62,-0,1.4,-0.261,-0.611,-3.58,-2.45,-2.98,-3.05,-3.37,-3.97,631.722,1108.706,852.735,821.35,0,0,0,0
139,73,Hombre,7.2,125,44.4,92,0,0,0.641,175,128,-3.01,36,0,1.09,-1.11,0.66,0.641,0.291,-3.01,-1.89,-2.41,-2.49,-1.45,-2.05,148.085,259.898,199.894,192.537,0,0,0,0
140,68,Hombre,7.2,138,32.5,62,0,0,-0.704,31,152,-0.41,36,0,0.92,-0.3,1.34,-0.704,-1.054,-0.41,0.71,0.19,0.11,-0.87,-1.47,1034.908,1816.32,1396.979,1345.563,0,0,0,0
141,68,Hombre,8.7,124,45.2,54,0,1,-0.603,30,116,-0.91,36,0,0.09,0.22,0.45,-0.253,-0.603,-2.03,-0.91,-1.43,-1.51,-1.81,-2.41,55.559,97.509,74.996,72.236,0,0,0,0
142,66,Hombre,8.3,115,63.9,35,0,1,0.302,47,116,-0.94,36,0,-0.16,-1.43,-0.03,0.652,0.302,-2.07,-0.94,-1.47,-1.54,-0.49,-1.09,28.745,50.45,38.802,37.374,1,0,0,0
143,72,Mujer,9.5,124,52.9,338,0,1,-0.29,253,128,-1.97,36,0,0.26,1.38,1.83,0.06,-0.29,-3.09,-1.97,-2.49,-2.57,-2.4,-3,33.59,58.952,45.342,43.673,1,0,0,0
144,51,Hombre,6.7,120,58,53,0,1,0.477,85,106,-0.55,36,0,0.21,1.11,-0.35,0.827,0.477,-1.68,-0.55,-1.08,-1.15,0.16,-0.44,735.238,1290.382,992.467,955.939,0,0,0,0
145,76,Hombre,8.6,165,53.1,1381,0,1,-1.026,495,167,-1.24,36,0,-0.15,-1.41,1.12,-0.676,-1.026,-2.37,-1.24,-1.77,-1.84,-2.78,-3.38,688.238,1207.896,929.025,894.831,0,0,0,0
146,55,Mujer,7.6,136,43.2,31,0,0,0.219,39,145,-1.91,36,0,-0.46,-0.81,1.35,0.219,-0.131,-1.91,-0.79,-1.31,-1.39,-0.99,-1.59,3515.736,6170.309,4745.748,4571.078,0,0,0,0
147,67,Hombre,6.8,132,61.8,234,0,1,-0.683,118,134,1.98,36,0,-0.55,1.21,2.17,-0.333,-0.683,0.86,1.98,1.46,1.38,0.96,0.36,870.092,1527.058,1174.501,1131.273,0,0,0,0
148,72,Hombre,7.9,112,41.4,57,0,1,0.531,97,106,-2.23,36,0,1.06,0.22,-1.65,0.881,0.531,-3.36,-2.23,-2.76,-2.83,-1.44,-2.04,410.914,721.176,554.675,534.26,0,0,0,0
149,66,Mujer,5.8,132,64.2,194,0,1,-0.947,75,128,-1,36,0,-1.98,1.63,0.94,-0.597,-0.947,-2.13,-1,-1.53,-1.6,-2.42,-3.02,1493.732,2621.581,2016.327,1942.115,0,0,0,0
150,48,Mujer,10,142,60.9,112,0,1,-0.434,73,145,-0.04,36,0,-0.22,0.79,0.9,-0.084,-0.434,-1.16,-0.04,-0.56,-0.64,-0.69,-1.29,811.453,1424.145,1095.347,1055.033,0,0,0,0
151,64,Hombre,6.3,149,50.5,152,1,1,-0.019,149,143,-0.95,36,0,1.34,1.73,0.65,0.331,-0.019,-2.08,-0.95,-1.48,-1.55,-0.98,-1.58,340.237,597.135,459.272,442.368,0,0,0,0
152,67,Mujer,7.3,145,38.3,63,1,1,0.375,92,136,-3.51,36,0,0.57,-1.53,-2.08,0.725,0.375,-4.64,-3.51,-4.04,-4.11,-2.95,-3.55,36.541,64.132,49.325,47.51,0,0,0,0
153,74,Hombre,7,146,48.3,140,0,1,-0.25,109,137,-1.17,36,0,-0.79,-0.36,-0.77,0.1,-0.25,-2.3,-1.17,-1.7,-1.77,-1.55,-2.15,23.421,41.106,31.615,30.452,1,0,1,1
154,69,Mujer,9.2,133,55.9,54,0,1,0.097,60,122,-1.91,36,0,1.15,-0.92,-0.77,0.447,0.097,-3.03,-1.91,-2.43,-2.51,-1.76,-2.36,2229.623,3913.111,3009.677,2898.904,0,0,0,0
155,70,Hombre,7.4,115,39.2,319,1,0,-0.495,194,107,-1.44,36,0,-0.25,0.27,0.63,-0.495,-0.845,-1.44,-0.32,-0.84,-0.92,-1.58,-2.18,638.719,1120.986,862.18,830.447,0,0,0,0
156,75,Hombre,8.9,145,35.8,560,0,0,0.138,643,137,-3.75,36,0,2.01,-0.11,-0.36,0.138,-0.212,-3.75,-2.63,-3.15,-3.23,-2.95,-3.55,66.987,117.566,90.423,87.095,0,0,0,0
157,57,Hombre,7.3,111,53.8,90,0,1,-1.047,32,112,0.45,36,0,-1.48,0,1.52,-0.697,-1.047,-0.68,0.45,-0.08,-0.15,-1.12,-1.72,3169.122,5561.982,4277.867,4120.418,0,0,0,0
158,58,Mujer,10.1,146,48.1,193,0,1,-0.515,115,145,-2.1,36,0,-0.96,-1.03,0,-0.165,-0.515,-3.23,-2.1,-2.63,-2.7,-2.87,-3.47,41.952,73.629,56.63,54.545,0,0,0,0
159,64,Mujer,9.1,139,40.5,58,0,0,0.022,59,147,-1,36,0,-0.14,-1.13,1.87,0.022,-0.328,-1,0.12,-0.4,-0.48,-0.37,-0.97,2530.782,4441.661,3416.199,3290.464,0,0,0,0
160,67,Mujer,8.3,129,53,154,1,0,-0.094,140,118,-2.55,36,0,-0.65,-0.32,-2.02,-0.094,-0.444,-2.55,-1.42,-1.95,-2.02,-2.09,-2.69,872.983,1532.132,1178.403,1135.031,0,0,0,0
161,78,Hombre,7.8,140,44.9,426,1,1,-0.655,221,128,-2.53,36,0,1.53,0.58,0.62,-0.305,-0.655,-3.65,-2.53,-3.05,-3.13,-3.51,-4.11,132.925,233.291,179.43,172.826,0,0,0,0
162,55,Hombre,7.4,116,46.5,391,0,0,-0.265,300,106,-0.41,36,0,0.67,1.06,-0.65,-0.265,-0.615,-0.41,0.72,0.19,0.12,-0.21,-0.81,817.446,1434.662,1103.437,1062.824,0,0,0,0
163,55,Mujer,7.4,131,52.7,20,1,0,-0.053,19,115,-0.54,36,0,0.66,-1.28,1.29,-0.053,-0.403,-0.54,0.59,0.06,-0.01,-0.02,-0.62,1015.152,1781.647,1370.312,1319.877,0,0,0,0
164,72,Hombre,9.5,146,45,142,0,0,0.121,160,136,-4.23,36,0,-0.45,0.63,-0.36,0.121,-0.229,-4.23,-3.1,-3.63,-3.7,-3.44,-4.04,728.839,1279.153,983.83,947.62,0,0,0,0
165,60,Hombre,7.8,141,63.3,108,1,1,0.023,111,137,-1.51,36,0,-0.67,0.11,1.51,0.373,0.023,-2.64,-1.51,-2.04,-2.11,-1.48,-2.08,675.805,1186.074,912.241,878.665,0,0,0,0
166,62,Mujer,8.4,151,66.3,278,0,1,-0.949,108,146,0.41,36,0,1.39,0.55,0.33,-0.599,-0.949,-0.71,0.41,-0.11,-0.19,-1.01,-1.61,649.827,1140.482,877.174,844.89,0,0,0,0
167,70,Mujer,7.2,139,46.9,88,1,0,0.457,139,147,-2.54,36,0,0.7,-0.56,2.52,0.457,0.107,-2.54,-1.42,-1.94,-2.02,-1.26,-1.86,367.05,644.194,495.466,477.23,0,0,0,0
168,58,Hombre,8.4,133,40.8,143,0,1,0.501,236,120,-3.05,36,0,-1.69,0.94,-0.81,0.851,0.501,-4.17,-3.05,-3.57,-3.65,-2.3,-2.9,233.263,409.39,314.872,303.283,0,0,0,0
169,57,Hombre,5.5,118,48.3,209,0,0,1.12,641,128,-2.99,36,0,-1.07,-0.1,0.33,1.12,0.77,-2.99,-1.86,-2.39,-2.46,-0.71,-1.31,263.592,462.619,355.812,342.716,0,0,0,0
170,61,Hombre,7.4,164,49.3,7,1,0,0.201,9,154,-2.64,36,0,-1.51,1.45,-1.44,0.201,-0.149,-2.64,-1.51,-2.04,-2.11,-1.74,-2.34,668.985,1174.105,903.035,869.798,0,0,0,0
171,60,Hombre,6.8,141,31.3,102,0,0,-0.972,39,155,0.64,36,0,-0.74,0.48,0.97,-0.972,-1.322,0.64,1.77,1.24,1.17,-0.22,-0.82,1429.694,2509.192,1929.886,1858.855,0,0,0,0
172,57,Hombre,7.9,143,45.9,673,0,1,-0.079,622,135,-2.65,36,0,-0.51,1.04,-0.48,0.271,-0.079,-3.77,-2.65,-3.17,-3.25,-2.77,-3.37,524.26,920.104,707.676,681.63,0,0,0,0
173,73,Hombre,9.6,139,50.3,177,0,0,0.023,181,148,-3.46,36,0,0.77,-0.91,0.19,0.023,-0.327,-3.46,-2.34,-2.86,-2.94,-2.83,-3.43,63.843,112.049,86.18,83.008,0,0,0,0
174,59,Hombre,8.3,125,50.8,333,0,1,-0.467,209,122,-2.63,36,0,1.01,1.17,0.35,-0.117,-0.467,-3.76,-2.63,-3.16,-3.23,-3.33,-3.93,456.658,801.459,616.423,593.735,0,0,0,0
175,65,Mujer,6.8,154,49.4,41,0,0,0.313,56,161,-1.26,36,0,0.81,0.3,-1.43,0.313,-0.037,-1.26,-0.14,-0.66,-0.74,-0.19,-0.79,829.984,1456.668,1120.362,1079.126,0,0,0,0
176,65,Hombre,9.6,125,34.7,1707,1,0,0.388,2516,116,-3.93,36,0,0.14,0.82,1.18,0.388,0.038,-3.93,-2.81,-3.33,-3.41,-2.75,-3.35,97.435,171.003,131.523,126.682,0,0,0,0
177,45,Hombre,9.1,135,52.3,105,0,0,0.09,115,122,-3.66,36,0,-1.16,1.39,0.19,0.09,-0.26,-3.66,-2.53,-3.06,-3.13,-2.92,-3.52,509.288,893.828,687.467,662.164,0,0,0,0
178,67,Hombre,9.9,151,57.5,426,0,1,-1.296,117,145,-0.3,36,0,0.28,-0.25,0.07,-0.946,-1.296,-1.43,-0.3,-0.83,-0.9,-2.25,-2.85,752.613,1320.876,1015.921,978.529,0,0,0,0
179,79,Mujer,6.9,138,41,36,0,0,0.488,59,132,-2.4,36,0,0.31,0.51,0.5,0.488,0.138,-2.4,-1.28,-1.8,-1.88,-1.07,-1.67,74.059,129.978,99.97,96.29,0,0,0,0
180,64,Hombre,6.4,111,40.5,239,0,1,-0.689,120,116,-0.39,36,0,0.8,-0.48,0.47,-0.339,-0.689,-1.52,-0.39,-0.92,-0.99,-1.43,-2.03,2653.583,4657.183,3581.962,3450.126,0,0,0,0
181,56,Mujer,10.6,152,56.4,201,0,1,0.175,240,149,-1.98,36,0,1,-0.03,-1.54,0.525,0.175,-3.1,-1.98,-2.5,-2.58,-1.71,-2.31,240.561,422.199,324.724,312.772,0,0,0,0
182,77,Hombre,8,169,48.5,412,0,1,-0.18,344,160,-4.33,36,0,1.73,0.27,0.35,0.17,-0.18,-5.46,-4.33,-4.86,-4.93,-4.6,-5.2,433.283,760.435,584.871,563.344,0,0,0,0
183,67,Hombre,9,134,55.3,609,0,1,-0.264,468,126,-2.96,36,0,-0.62,-2.04,0.83,0.086,-0.264,-4.08,-2.96,-3.48,-3.56,-3.35,-3.95,334.32,586.75,451.285,434.675,0,0,0,0
184,74,Mujer,6.4,109,37.3,76,1,0,0.224,95,111,-2.38,36,0,-1.39,0.02,0.07,0.224,-0.126,-2.38,-1.26,-1.78,-1.86,-1.45,-2.05,225.825,396.335,304.832,293.613,0,0,0,0
185,66,Hombre,9.9,130,41.1,196,0,0,0.387,289,136,-3.55,36,0,-0.75,0.94,0.98,0.387,0.037,-3.55,-2.43,-2.95,-3.03,-2.37,-2.97,468.651,822.507,632.612,609.329,0,0,0,0
186,70,Mujer,7.4,140,57.2,75,0,0,-0.218,60,152,-1.31,36,0,0.84,-1.4,0.93,-0.218,-0.568,-1.31,-0.18,-0.71,-0.78,-1.03,-1.63,1694.694,2974.28,2287.598,2203.401,0,0,0,0
187,78,Mujer,6.3,154,32.8,48,0,0,0.586,86,156,-2.37,36,0,-0.63,-0.65,-0.61,0.586,0.236,-2.37,-1.25,-1.77,-1.85,-0.89,-1.49,96.603,169.544,130.4,125.601,0,0,0,0
188,71,Hombre,6.8,156,46.2,202,0,0,-0.058,191,157,-2.84,36,0,0.99,-0.02,-0.86,-0.058,-0.408,-2.84,-1.71,-2.24,-2.31,-2.32,-2.92,210.161,368.844,283.688,273.246,0,0,0,0
189,68,Mujer,5.8,137,54.5,60,1,1,-0.072,56,137,-1.4,9.41,1,0.49,0.3,-0.63,0.278,-0.072,-2.53,-1.4,-1.93,-2,-1.51,-2.11,5.363,9.413,7.24,6.973,1,1,1,1
190,57,Hombre,8.8,150,51,210,0,1,0.325,291,129,-2.78,36,0,-1.05,0.17,-1.12,0.675,0.325,-3.91,-2.78,-3.31,-3.38,-2.29,-2.89,174.859,306.887,236.035,227.348,0,0,0,0
191,70,Mujer,8.2,149,39.2,243,0,0,-0.407,162,154,-1.69,36,0,0.63,-0.03,0.47,-0.407,-0.757,-1.69,-0.56,-1.09,-1.16,-1.7,-2.3,1908.409,3349.362,2576.083,2481.268,0,0,0,0
192,60,Hombre,8.2,131,51.2,240,0,1,-0.859,102,120,-0.07,11.75,1,0.44,0.68,0.74,-0.509,-0.859,-1.19,-0.07,-0.59,-0.67,-1.36,-1.96,6.695,11.749,9.037,8.704,1,1,1,1
193,86,Hombre,7.7,121,48.3,130,0,0,0.519,218,125,-3.4,36,0,2.75,1.48,0.6,0.519,0.169,-3.4,-2.28,-2.8,-2.88,-2.02,-2.62,376.322,660.466,507.982,489.285,0,0,0,0
194,67,Hombre,10.1,111,46.8,212,0,1,-0.503,128,113,-2.6,36,0,1.42,0.28,-0.56,-0.153,-0.503,-3.72,-2.6,-3.12,-3.2,-3.35,-3.95,36.453,63.977,49.207,47.395,0,0,0,0
195,56,Hombre,7.1,141,47.4,965,0,1,-0.025,941,147,-2.85,36,0,0.18,1.43,-0.32,0.325,-0.025,-3.97,-2.85,-3.37,-3.45,-2.89,-3.49,165.077,289.72,222.831,214.63,0,0,0,0
196,80,Hombre,10.4,130,25.1,1481,1,0,-0.676,754,135,-3.55,36,0,-0.64,-0.06,-0.2,-0.676,-1.026,-3.55,-2.43,-2.95,-3.03,-3.97,-4.57,91.493,160.575,123.503,118.957,0,0,0,0
197,59,Hombre,9,137,57.7,372,1,1,0.284,494,126,-1.88,36,0,-0.72,-0.55,1.63,0.634,0.284,-3,-1.88,-2.4,-2.48,-1.45,-2.05,151.133,265.246,204.008,196.499,0,0,0,0
198,48,Hombre,9.1,122,43.3,375,0,1,0.595,680,118,-2.02,36,0,-0.41,-1.27,1.08,0.945,0.595,-3.14,-2.02,-2.54,-2.62,-1.13,-1.73,629.856,1105.432,850.217,818.924,0,0,0,0
199,54,Hombre,8.1,134,50.5,405,1,1,0.366,584,124,-2.16,36,0,0.81,0.33,-0.18,0.716,0.366,-3.28,-2.16,-2.68,-2.76,-1.61,-2.21,60.54,106.251,81.721,78.713,0,0,0,0
200,64,Mujer,8,143,44.9,138,0,0,0.49,225,138,-3.54,36,0,-0.06,0.18,0.69,0.49,0.14,-3.54,-2.41,-2.94,-3.01,-2.2,-2.8,267.928,470.228,361.665,348.353,0,0,0,0
201,60,Hombre,7.9,113,53.3,66,0,1,-0.663,34,114,0.48,36,0,0.31,0.03,-0.32,-0.313,-0.663,-0.64,0.48,-0.04,-0.12,-0.51,-1.11,3410.777,5986.099,4604.067,4434.612,0,0,0,0
202,69,Hombre,7.8,132,37.2,556,1,0,-0.223,445,137,-3.3,36,0,0.52,-1.61,0,-0.223,-0.573,-3.3,-2.17,-2.7,-2.77,-3.03,-3.63,342.187,600.556,461.904,444.903,0,0,0,0
203,62,Mujer,7.9,147,47.4,523,0,1,-0.809,233,134,-0.66,36,0,-0.31,-0.97,-0.75,-0.459,-0.809,-1.79,-0.66,-1.19,-1.26,-1.88,-2.48,387.855,680.706,523.549,504.279,0,0,0,0
204,45,Mujer,6.4,139,52.1,2306,0,1,-0.372,1590,139,-0.76,36,0,-0.6,0.17,-1.08,-0.022,-0.372,-1.88,-0.76,-1.28,-1.36,-1.31,-1.91,272.485,478.227,367.817,354.279,0,0,0,0
205,61,Hombre,8.8,102,55.1,31,0,0,-0.054,29,123,-1.37,36,0,0.3,-0.81,0.91,-0.054,-0.404,-1.37,-0.25,-0.77,-0.85,-0.85,-1.45,1626.724,2854.99,2195.848,2115.028,0,0,0,0
206,82,Hombre,7.4,173,51.8,351,0,0,0.529,596,176,-4.89,36,0,2.04,1.09,0.32,0.529,0.179,-4.89,-3.77,-4.29,-4.37,-3.5,-4.1,344.034,603.798,464.397,447.305,0,0,0,0
207,60,Mujer,6.3,115,53.3,101,0,1,0.185,122,112,-1.68,36,0,0.28,-0.16,-0.98,0.535,0.185,-2.8,-1.68,-2.2,-2.28,-1.4,-2,3047.027,5347.699,4113.056,3961.673,0,0,0,0
208,58,Hombre,8.1,144,33.7,326,0,1,-0.231,259,146,-2.32,36,0,-1.14,0.04,0.17,0.119,-0.231,-3.44,-2.32,-2.84,-2.92,-2.66,-3.26,884.378,1552.132,1193.786,1149.848,0,0,0,0
209,63,Mujer,7.1,131,38.3,170,0,0,0.437,263,152,-2.64,36,0,1.09,0.49,0.52,0.437,0.087,-2.64,-1.51,-2.04,-2.11,-1.38,-1.98,257.719,452.31,347.884,335.08,0,0,0,0
210,81,Hombre,11.4,127,36.8,843,0,1,-1.682,157,114,-3.43,36,0,-0.51,0.75,-0.83,-1.332,-1.682,-4.55,-3.43,-3.95,-4.03,-5.95,-6.55,496.631,871.615,670.382,645.709,0,0,0,0
211,55,Mujer,9.9,126,63.2,370,0,1,-0.726,179,116,-3.13,36,0,-0.59,0.87,-0.83,-0.376,-0.726,-4.25,-3.13,-3.65,-3.73,-4.21,-4.81,560.888,984.389,757.119,729.253,0,0,0,0
212,72,Mujer,7.9,144,48.8,429,1,1,-0.018,422,140,-2.48,36,0,-0.83,-0.21,1.02,0.332,-0.018,-3.6,-2.48,-3,-3.08,-2.5,-3.1,595.148,1044.516,803.365,773.797,0,0,0,0
213,58,Mujer,8.1,129,46,21,0,0,0.362,30,132,0.02,10.05,1,-0.69,0.74,0.11,0.362,0.012,0.02,1.15,0.62,0.55,1.17,0.57,10.046,17.632,13.561,13.062,1,1,1,1
214,61,Hombre,7.2,115,40.3,104,1,0,-0.077,96,114,-0.89,36,0,-0.87,0.24,-0.47,-0.077,-0.427,-0.89,0.24,-0.29,-0.36,-0.4,-1,1338.805,2349.675,1807.197,1740.682,0,0,0,0
215,60,Mujer,9,138,49.7,668,0,1,-0.215,539,142,-1.72,36,0,1.46,-1.56,-0.26,0.135,-0.215,-2.85,-1.72,-2.25,-2.32,-2.04,-2.64,385.628,676.799,520.544,501.385,0,0,0,0
216,72,Mujer,7,118,51.3,1930,0,1,-0.879,802,106,-2.31,36,0,0.69,-0.41,0.73,-0.529,-0.879,-3.43,-2.31,-2.83,-2.91,-3.62,-4.22,1433.761,2516.33,1935.376,1864.143,0,0,0,0
217,70,Mujer,6.7,137,45.7,185,1,0,-0.445,119,154,-2.61,36,0,-0.49,0.71,-0.55,-0.445,-0.795,-2.61,-1.48,-2.01,-2.08,-2.67,-3.27,142.036,249.28,191.728,184.671,0,0,0,0
218,75,Hombre,9,128,49.5,406,0,0,-0.116,361,135,-2.17,36,0,0.33,-1.35,-0.67,-0.116,-0.466,-2.17,-1.05,-1.57,-1.65,-1.75,-2.35,586.775,1029.822,792.063,762.911,0,0,0,0
219,75,Mujer,7.5,118,29.9,117,0,0,0.355,167,111,-3.06,36,0,-0.53,-0.28,-2.07,0.355,0.005,-3.06,-1.94,-2.46,-2.54,-1.93,-2.53,215.453,378.132,290.831,280.127,0,0,0,0
220,86,Hombre,7.6,125,42.3,49,1,0,0.557,86,123,-6.13,36,0,-1.39,1.26,0.33,0.557,0.207,-6.13,-5,-5.53,-5.6,-4.69,-5.29,366.697,643.573,494.989,476.771,0,0,0,0
221,65,Hombre,8.6,134,45.8,57,0,0,0.254,73,152,-2.45,36,0,0.4,0.99,0.22,0.254,-0.096,-2.45,-1.32,-1.85,-1.92,-1.47,-2.07,977.104,1714.87,1318.952,1270.407,0,0,0,0
222,39,Hombre,5.5,133,59.7,27,0,1,-0.685,14,140,1.58,36,0,-1.11,0.78,0.37,-0.335,-0.685,0.45,1.58,1.05,0.98,0.55,-0.05,2132.212,3742.149,2878.186,2772.252,0,0,0,0
223,59,Hombre,7.3,126,39.8,39,1,0,-0.441,25,123,0.3,36,0,0.1,-0.79,0.85,-0.441,-0.791,0.3,1.43,0.9,0.83,0.24,-0.36,1096.929,1925.17,1480.699,1426.201,0,0,0,0
224,56,Mujer,7.3,122,55.4,35,0,1,-0.472,22,111,-0.46,36,0,0.37,-0.11,-0.14,-0.122,-0.472,-1.58,-0.46,-0.98,-1.06,-1.17,-1.77,2461.651,4320.332,3322.882,3200.581,0,0,0,0
225,61,Mujer,7.8,155,47.4,465,0,0,0.255,600,159,-4.24,36,0,-0.97,0.64,0.23,0.255,-0.095,-4.24,-3.11,-3.64,-3.71,-3.25,-3.85,406.761,713.888,549.07,528.861,0,0,0,0
226,76,Mujer,9.3,131,48.2,532,1,0,-0.233,421,140,-4.67,36,0,0.05,-0.74,-0.38,-0.233,-0.583,-4.67,-3.54,-4.07,-4.14,-4.42,-5.02,348.462,611.571,470.375,453.063,0,0,0,0
227,58,Hombre,6.5,128,39.3,98,0,1,0.853,230,112,-3.02,24.27,1,-2.23,-0.15,-1.97,1.203,0.853,-4.15,-3.02,-3.55,-3.62,-1.74,-2.34,13.827,24.267,18.664,17.977,1,1,1,1
228,56,Mujer,8.7,144,54.1,88,0,0,0.219,110,132,-3.15,36,0,0.63,-0.14,-0.86,0.219,-0.131,-3.15,-2.03,-2.55,-2.63,-2.22,-2.82,416.837,731.572,562.672,541.962,0,0,0,0
229,69,Hombre,7.9,134,39,308,1,0,-0.573,174,142,-2.98,36,0,-1.46,1.08,0.57,-0.573,-0.923,-2.98,-1.85,-2.38,-2.45,-3.24,-3.84,89.054,156.295,120.211,115.786,0,0,0,0
230,71,Mujer,7.2,155,51.7,279,1,0,0.087,304,154,-4.84,36,0,0.24,-0.44,1.04,0.087,-0.263,-4.84,-3.72,-4.24,-4.32,-4.11,-4.71,338.903,594.793,457.471,440.633,0,0,0,0
231,62,Hombre,6.9,129,50.3,97,0,0,0.022,99,133,-1.7,36,0,0.35,0.69,0.59,0.022,-0.328,-1.7,-0.57,-1.1,-1.17,-1.06,-1.66,60.968,107.002,82.298,79.269,0,0,0,0
232,68,Hombre,8.5,126,50.2,233,0,1,-0.045,223,116,-2.47,36,0,-0.91,-0.18,-1.35,0.305,-0.045,-3.59,-2.47,-2.99,-3.07,-2.54,-3.14,205.273,360.266,277.09,266.892,0,0,0,0
233,69,Hombre,7.2,122,61.7,16,0,0,-0.823,7,134,1.35,36,0,-1.33,0.61,1.9,-0.823,-1.173,1.35,2.48,1.95,1.88,0.72,0.12,12920.259,22675.761,17440.526,16798.617,0,0,0,0
234,68,Hombre,6.5,132,42.4,100,1,0,0.234,126,114,-2.07,36,0,-0.22,0.41,1.89,0.234,-0.116,-2.07,-0.95,-1.47,-1.55,-1.12,-1.72,744.875,1307.297,1005.477,968.469,0,0,0,0
235,58,Mujer,5.5,159,54.8,142,0,0,-0.057,134,163,-2.96,36,0,0.66,-0.54,-0.82,-0.057,-0.407,-2.96,-1.84,-2.36,-2.44,-2.45,-3.05,2390.05,4194.669,3226.23,3107.487,0,0,0,0
236,71,Hombre,7.4,117,45.3,198,0,0,0.014,201,126,-1.88,36,0,0.91,-0.09,0.84,0.014,-0.336,-1.88,-0.76,-1.28,-1.36,-1.26,-1.86,2537.349,4453.187,3425.063,3299.002,0,0,0,0
237,41,Hombre,9.1,134,59.7,409,0,1,-0.632,217,148,-1.41,36,0,-0.14,-0.36,0.57,-0.282,-0.632,-2.53,-1.41,-1.93,-2.01,-2.35,-2.95,202.355,355.144,273.15,263.097,0,0,0,0
238,70,Mujer,7.1,163,37,112,1,1,0.226,140,156,-3.23,36,0,0.95,1.28,0.77,0.576,0.226,-4.36,-3.23,-3.76,-3.83,-2.89,-3.49,259.828,456.013,350.732,337.823,0,0,0,0
239,68,Hombre,7.8,123,54,100,0,0,-0.591,55,127,-0.43,36,0,1.22,-0.23,-0.5,-0.591,-0.941,-0.43,0.69,0.17,0.09,-0.72,-1.32,159.693,280.27,215.563,207.629,0,0,0,0
240,85,Hombre,7.4,143,44.4,351,1,1,-0.7,174,135,-2.21,36,0,1.17,-1.55,1.15,-0.35,-0.7,-3.33,-2.21,-2.73,-2.81,-3.26,-3.86,215.739,378.633,291.217,280.498,0,0,0,0
241,67,Hombre,8.2,136,52.8,85,0,0,0.959,222,134,-3.55,36,0,-1.65,0.18,-1.07,0.959,0.609,-3.55,-2.43,-2.95,-3.03,-1.51,-2.11,149.06,261.608,201.209,193.804,0,0,0,0
242,65,Mujer,10.2,161,44,243,0,0,0.887,590,158,-4.92,36,0,0.63,-0.59,-0.56,0.887,0.537,-4.92,-3.79,-4.32,-4.39,-2.98,-3.58,164.051,287.918,221.446,213.295,0,0,0,0
243,76,Mujer,6.4,153,41.5,33,0,0,-0.084,30,148,-1.89,36,0,1.45,-1.12,1.03,-0.084,-0.434,-1.89,-0.77,-1.29,-1.37,-1.42,-2.02,830.822,1458.139,1121.493,1080.216,0,0,0,0
244,71,Mujer,9.4,148,47.3,29,0,0,0.792,64,139,-4.19,36,0,1.16,-0.3,-0.19,0.792,0.442,-4.19,-3.07,-3.59,-3.67,-2.41,-3.01,574.944,1009.058,776.093,747.529,0,0,0,0
245,64,Mujer,7.2,131,52.4,99,0,1,-0.576,56,119,-0.26,36,0,-0.37,-0.05,-1.15,-0.226,-0.576,-1.39,-0.26,-0.79,-0.86,-1.13,-1.73,189.248,332.141,255.458,246.056,0,0,0,0
246,64,Mujer,6.9,125,40.9,72,0,0,0.082,78,125,-1.97,36,0,1.95,1.02,-0.18,0.082,-0.268,-1.97,-0.84,-1.37,-1.44,-1.24,-1.84,126.815,222.567,171.182,164.882,0,0,0,0
247,65,Hombre,8.5,137,52.3,143,0,0,-0.454,91,138,-1.86,36,0,-0.49,0.53,-1.67,-0.454,-0.804,-1.86,-0.74,-1.26,-1.34,-1.94,-2.54,935.649,1642.115,1262.994,1216.509,0,0,0,0
248,53,Hombre,6.6,129,39.3,85,0,0,0.361,122,111,-2.92,36,0,-0.08,-1.62,0.03,0.361,0.011,-2.92,-1.8,-2.32,-2.4,-1.78,-2.38,353.188,619.865,476.754,459.207,0,0,0,0
249,76,Mujer,8.4,148,50.1,57,0,1,-0.546,33,134,-1.92,36,0,2.1,-0.73,-0.5,-0.196,-0.546,-3.05,-1.92,-2.45,-2.52,-2.74,-3.34,527.078,925.05,711.48,685.294,0,0,0,0
250,59,Mujer,6.7,145,43.9,245,0,0,-0.089,224,156,-3.93,24.29,1,-0.27,-0.78,1.24,-0.089,-0.439,-3.93,-2.8,-3.33,-3.4,-3.46,-4.06,24.295,42.639,32.795,31.588,1,0,1,1
251,61,Mujer,9.1,131,50.2,78,0,1,-0.36,54,145,-1.69,36,0,0.47,-0.6,-0.24,-0.01,-0.36,-2.81,-1.69,-2.21,-2.29,-2.23,-2.83,2779.579,4878.313,3752.039,3613.943,0,0,0,0
252,71,Hombre,7.8,146,33.3,418,0,0,0.087,456,144,-2.31,36,0,-0.87,1.22,1.93,0.087,-0.263,-2.31,-1.19,-1.71,-1.79,-1.58,-2.18,798.47,1401.359,1077.822,1038.152,0,0,0,0
253,60,Hombre,9.1,134,51.5,447,0,1,-0.638,236,119,-0.4,36,0,1.74,1.37,0.04,-0.288,-0.638,-1.52,-0.4,-0.92,-1,-1.35,-1.95,463.732,813.875,625.973,602.933,0,0,0,0
254,63,Hombre,7.4,130,42,302,0,0,0.422,460,120,-3.88,36,0,-0.21,-0.77,0.4,0.422,0.072,-3.88,-2.76,-3.28,-3.36,-2.65,-3.25,95.611,167.803,129.061,124.311,0,0,0,0
255,79,Hombre,7.6,148,46.6,82,1,0,1.106,248,148,-4.86,36,0,-0.84,1.73,0.56,1.106,0.756,-4.86,-3.73,-4.26,-4.33,-2.6,-3.2,72.817,127.798,98.293,94.675,0,0,0,0
256,58,Mujer,8.1,137,40.5,35,0,0,0.122,40,127,-4.14,36,0,1.17,-0.25,-0.21,0.122,-0.228,-4.14,-3.01,-3.54,-3.61,-3.35,-3.95,1512.262,2654.102,2041.34,1966.207,0,0,0,0
257,62,Hombre,7.4,118,39.1,42,1,0,-0.203,34,113,-1.41,36,0,0.3,0.19,0.62,-0.203,-0.553,-1.41,-0.28,-0.81,-0.88,-1.11,-1.71,2277,3996.26,3073.629,2960.502,0,0,0,0
258,79,Mujer,7.4,95,37.9,58,0,0,-0.004,58,96,-1.64,36,0,0.1,1.3,0.79,-0.004,-0.354,-1.64,-0.51,-1.04,-1.11,-1.04,-1.64,431.342,757.029,582.251,560.821,0,0,0,0
259,61,Hombre,8.1,138,37,432,0,0,0.274,568,142,-3.44,36,0,0.49,0.34,-1.15,0.274,-0.076,-3.44,-2.32,-2.84,-2.92,-2.43,-3.03,161.401,283.268,217.869,209.85,0,0,0,0
260,58,Hombre,10.1,146,46.2,166,0,1,-0.164,141,138,-1.85,36,0,0.29,-0.37,2.36,0.186,-0.164,-2.97,-1.85,-2.37,-2.45,-2.09,-2.69,519.73,912.154,701.562,675.74,0,0,0,0
261,67,Hombre,7.1,138,51.8,54,0,1,-0.581,30,130,-0.17,36,0,-0.95,-0.39,1.13,-0.231,-0.581,-1.3,-0.17,-0.7,-0.77,-1.05,-1.65,2415.389,4239.14,3260.434,3140.432,0,0,0,0
262,70,Hombre,9.9,137,31.4,123,1,1,0.831,282,133,-5.76,36,0,0.09,-0.11,-0.92,1.181,0.831,-6.88,-5.76,-6.28,-6.36,-4.51,-5.11,390.676,685.659,527.358,507.948,0,0,0,0
263,57,Mujer,6.9,138,50.8,26,0,0,0.154,30,132,-1.85,36,0,-1.27,-2.41,-2.86,0.154,-0.196,-1.85,-0.72,-1.25,-1.32,-1.02,-1.62,803.833,1410.771,1085.061,1045.125,0,0,0,0
264,63,Mujer,8.8,137,34.7,641,0,0,-0.118,570,131,-4.81,36,0,1.01,0.07,-0.62,-0.118,-0.468,-4.81,-3.68,-4.21,-4.28,-4.38,-4.98,152.267,267.238,205.54,197.975,0,0,0,0
265,63,Mujer,9.4,146,53.1,493,0,1,-1.009,180,134,-0.27,36,0,0.6,-0.97,-0.53,-0.659,-1.009,-1.4,-0.27,-0.8,-0.87,-1.79,-2.39,71.788,125.992,96.904,93.337,0,0,0,0
266,54,Hombre,7,118,47.3,28,1,0,-0.065,26,123,-0.87,36,0,-1.13,-0.28,0.76,-0.065,-0.415,-0.87,0.26,-0.27,-0.34,-0.37,-0.97,453.813,796.466,612.583,590.037,0,0,0,0
267,64,Hombre,6.7,164,36.3,373,0,0,-0.675,190,159,-2.23,36,0,-0.06,0.49,-2.54,-0.675,-1.025,-2.23,-1.1,-1.63,-1.7,-2.64,-3.24,846.874,1486.31,1143.16,1101.086,0,0,0,0
268,81,Hombre,9.5,132,46.4,306,1,0,0.452,481,121,-5.75,36,0,0.5,-0.2,1.64,0.452,0.102,-5.75,-4.63,-5.15,-5.23,-4.48,-5.08,119.849,210.342,161.78,155.825,0,0,0,0
269,73,Mujer,8.3,138,56.1,50,1,0,1.059,144,142,-3.29,36,0,0.07,-1.63,-0.38,1.059,0.709,-3.29,-2.16,-2.69,-2.76,-1.1,-1.7,210.896,370.134,284.679,274.202,0,0,0,0
270,57,Mujer,10.5,144,51.1,823,0,1,-0.709,405,126,-2.01,27.77,1,0.45,1.28,0.42,-0.359,-0.709,-3.13,-2.01,-2.53,-2.61,-3.07,-3.67,15.825,27.774,21.362,20.576,1,1,1,1
271,68,Mujer,9,146,44.3,201,0,0,0.441,312,146,-2.91,36,0,-0.78,-0.79,-0.23,0.441,0.091,-2.91,-1.79,-2.31,-2.39,-1.65,-2.25,244.389,428.916,329.891,317.749,0,0,0,0
272,62,Hombre,8,147,57.2,145,0,0,0.006,146,155,-1.73,36,0,-0.29,-0.52,0.41,0.006,-0.344,-1.73,-0.6,-1.13,-1.2,-1.12,-1.72,387.696,680.428,523.335,504.073,0,0,0,0
273,62,Hombre,7.9,166,38.3,910,0,0,0.125,1031,177,-1.51,36,0,-2.07,0.77,-1.69,0.125,-0.225,-1.51,-0.38,-0.91,-0.98,-0.72,-1.32,64.024,112.366,86.423,83.242,0,0,0,0
274,73,Hombre,12,152,44.6,100,0,1,-0.715,49,148,-3.43,36,0,0.16,-0.13,-0.88,-0.365,-0.715,-4.56,-3.43,-3.96,-4.03,-4.5,-5.1,290.796,510.362,392.533,378.086,0,0,0,0
275,70,Hombre,8.5,110,50.6,144,1,0,-0.015,142,107,-3.22,36,0,0.28,-1.31,-1.2,-0.015,-0.365,-3.22,-2.1,-2.62,-2.7,-2.64,-3.24,203.594,357.319,274.824,264.709,0,0,0,0
276,73,Mujer,8.4,137,44.1,230,0,1,-0.998,85,141,-1.82,36,0,-0.51,1.05,-0.66,-0.648,-0.998,-2.95,-1.82,-2.35,-2.42,-3.32,-3.92,1086.391,1906.676,1466.475,1412.5,0,0,0,0
277,69,Hombre,9.7,135,42.3,373,1,1,-0.851,159,133,-3.58,36,0,-1.03,0.84,0.25,-0.501,-0.851,-4.7,-3.58,-4.1,-4.18,-4.86,-5.46,112.452,197.359,151.794,146.207,0,0,0,0
278,56,Hombre,7.7,157,41.4,72,1,0,-1.317,19,154,-1.33,36,0,0.05,1.76,-0.15,-1.317,-1.667,-1.33,-0.2,-0.73,-0.8,-2.7,-3.3,288.317,506.012,389.187,374.863,0,0,0,0
279,59,Hombre,8.7,140,40.2,237,0,1,0.247,304,130,-2.95,36,0,0.73,2.16,-0.87,0.597,0.247,-4.07,-2.95,-3.47,-3.55,-2.57,-3.17,552.193,969.129,745.382,717.948,0,0,0,0
280,52,Hombre,6.5,133,68.7,25,1,1,0.316,34,120,-0.85,36,0,0.54,0.22,-0.2,0.666,0.316,-1.97,-0.85,-1.37,-1.45,-0.37,-0.97,129.208,226.767,174.413,167.993,0,0,0,0
281,70,Mujer,7.1,131,32.6,110,0,0,0.366,159,127,-3.65,36,0,0.76,-1.7,1.72,0.366,0.016,-3.65,-2.53,-3.05,-3.13,-2.5,-3.1,115.56,202.815,155.99,150.249,0,0,0,0
282,78,Hombre,8.8,140,24.9,258,1,0,0.086,281,131,-4.2,36,0,1.81,0.19,-1.43,0.086,-0.264,-4.2,-3.08,-3.6,-3.68,-3.47,-4.07,582.579,1022.458,786.399,757.455,0,0,0,0
283,48,Mujer,7.1,151,51.8,63,0,1,-0.36,44,143,-0.49,36,0,-0.47,0.66,-1.2,-0.01,-0.36,-1.61,-0.49,-1.01,-1.09,-1.03,-1.63,589.209,1034.094,795.349,766.076,0,0,0,0
284,65,Hombre,7.1,134,61.2,192,0,1,-1.319,51,119,1.43,36,0,0.65,1.15,0.73,-0.969,-1.319,0.31,1.43,0.91,0.83,-0.55,-1.15,622.68,1092.837,840.53,809.594,0,0,0,0
285,69,Hombre,8.4,121,30.7,342,0,0,-0.526,202,123,-1.85,36,0,0.52,-0.82,-1.01,-0.526,-0.876,-1.85,-0.73,-1.25,-1.33,-2.04,-2.64,1176.741,2065.244,1588.434,1529.97,0,0,0,0
286,62,Hombre,8.6,128,49.2,212,0,1,-0.287,159,122,-1.57,36,0,0.1,-0.92,-1.13,0.063,-0.287,-2.7,-1.57,-2.1,-2.17,-2,-2.6,76.198,133.732,102.857,99.071,0,0,0,0
287,56,Hombre,6.5,143,53.8,137,1,1,0.41,206,133,-2.81,36,0,-1.02,-0.6,1.98,0.76,0.41,-3.94,-2.81,-3.34,-3.41,-2.2,-2.8,100.431,176.261,135.567,130.577,0,0,0,0
288,54,Mujer,7.1,132,48.8,241,0,0,-0.636,128,124,0.23,36,0,1.47,0.61,0.47,-0.636,-0.986,0.23,1.36,0.83,0.76,-0.12,-0.72,424.849,745.634,573.487,552.379,0,0,0,0
289,77,Hombre,6.7,150,36.2,34,1,1,0.046,36,147,-3.15,36,0,-0.79,-0.56,1.5,0.396,0.046,-4.28,-3.15,-3.68,-3.75,-3.09,-3.69,432.224,758.577,583.442,561.968,0,0,0,0
290,62,Hombre,6.5,136,42.2,128,0,1,0.054,135,123,0.32,36,0,1.3,-1.05,1.78,0.404,0.054,-0.81,0.32,-0.21,-0.28,0.4,-0.2,311.187,546.151,420.059,404.598,0,0,0,0
291,76,Mujer,9.8,114,27.3,319,0,0,0.793,705,98,-4.16,36,0,-0.32,-0.61,0.87,0.793,0.443,-4.16,-3.04,-3.56,-3.64,-2.37,-2.97,167.678,294.285,226.342,218.011,0,0,0,0
292,57,Hombre,7.5,147,45.3,142,0,1,-0.558,81,144,0.28,36,0,0.07,-1.55,0.94,-0.208,-0.558,-0.84,0.28,-0.24,-0.32,-0.56,-1.16,126.132,221.368,170.26,163.994,0,0,0,0
293,77,Hombre,8.5,146,26.8,548,0,1,0.096,603,141,-3.23,36,0,0.53,0.22,2.52,0.446,0.096,-4.36,-3.23,-3.76,-3.83,-3.09,-3.69,77.572,136.144,104.712,100.858,0,0,0,0
294,69,Mujer,9.5,129,51.3,653,0,1,-0.423,428,114,-1.03,36,0,0.42,1.05,0.55,-0.073,-0.423,-2.15,-1.03,-1.55,-1.63,-1.66,-2.26,975.68,1712.372,1317.031,1268.556,0,0,0,0
295,64,Mujer,7.8,113,35.7,32,1,1,0.304,43,117,-2.96,36,0,-0.43,-0.17,-1.72,0.654,0.304,-4.08,-2.96,-3.48,-3.56,-2.5,-3.1,27.239,47.807,36.769,35.416,1,0,0,1
296,76,Mujer,7.7,124,36.3,15,0,0,-0.517,9,130,0.83,36,0,-0.77,0.49,0.63,-0.517,-0.867,0.83,1.96,1.43,1.36,0.66,0.06,634.556,1113.681,856.561,825.035,0,0,0,0
297,60,Mujer,5.5,135,69.2,105,0,1,-0.499,64,131,0.14,36,0,0.04,-0.72,0.92,-0.149,-0.499,-0.98,0.14,-0.38,-0.46,-0.61,-1.21,11317.776,19863.316,15277.4,14715.107,0,0,0,0
298,60,Hombre,7,127,55.6,53,1,1,0.06,56,122,-2.07,36,0,-0.26,-0.13,0.12,0.41,0.06,-3.2,-2.07,-2.6,-2.67,-1.98,-2.58,163.528,287.001,220.74,212.615,0,0,0,0
299,64,Mujer,8,124,56.9,45,1,0,0.472,72,120,-1.9,36,0,-0.78,-0.3,-1.51,0.472,0.122,-1.9,-0.77,-1.3,-1.37,-0.59,-1.19,1421.413,2494.658,1918.707,1848.088,0,0,0,0
300,63,Hombre,8.4,148,33.2,982,0,1,-0.867,413,144,-2.18,36,0,0.32,-1.51,0.72,-0.517,-0.867,-3.31,-2.18,-2.71,-2.78,-3.48,-4.08,305.37,535.942,412.207,397.035,0,0,0,0
301,63,Hombre,7.2,139,48.4,289,0,0,-0.517,172,143,-3.16,36,0,0.4,-0.42,1.71,-0.517,-0.867,-3.16,-2.03,-2.56,-2.63,-3.33,-3.93,524.982,921.372,708.651,682.569,0,0,0,0
302,62,Mujer,7.3,145,37.2,127,0,1,-0.368,88,143,-1,36,0,1.29,-0.28,-0.34,-0.018,-0.368,-2.13,-1,-1.53,-1.6,-1.55,-2.15,1993.312,3498.372,2690.69,2591.658,0,0,0,0
303,55,Hombre,5.9,119,49.3,82,0,1,-0.457,52,107,-0.64,36,0,0.89,-0.51,-0.53,-0.107,-0.457,-1.76,-0.64,-1.16,-1.24,-1.32,-1.92,582.454,1022.238,786.23,757.293,0,0,0,0
304,74,Mujer,7.2,107,75,96,0,0,0.427,147,113,-3.18,36,0,2.46,1.47,1.02,0.427,0.077,-3.18,-2.05,-2.58,-2.65,-1.94,-2.54,2318.416,4068.947,3129.534,3014.35,0,0,0,0
305,56,Mujer,10.1,126,43.2,92,0,1,-0.901,37,138,-0.22,36,0,-1.57,0.66,1.93,-0.551,-0.901,-1.35,-0.22,-0.75,-0.82,-1.57,-2.17,585.173,1027.01,789.901,760.828,0,0,0,0
306,56,Hombre,8.7,155,49.7,2419,0,1,-0.731,1164,130,-0.42,36,0,0.29,-0.88,0.88,-0.381,-0.731,-1.54,-0.42,-0.94,-1.02,-1.52,-2.12,27.088,47.541,36.565,35.219,1,0,0,1
307,55,Hombre,7.9,123,40.6,55,0,0,-0.163,47,112,-1.8,36,0,-0.29,-1.14,0.23,-0.163,-0.513,-1.8,-0.67,-1.2,-1.27,-1.44,-2.04,1408.322,2471.683,1901.036,1831.068,0,0,0,0
308,81,Mujer,7.8,120,38.6,27,0,0,-0.332,19,120,-4.14,36,0,-1.08,-1.52,0.53,-0.332,-0.682,-4.14,-3.02,-3.54,-3.62,-4.04,-4.64,2136.052,3748.887,2883.368,2777.244,0,0,0,0
309,70,Hombre,8.5,136,40.4,122,0,1,-0.056,115,152,-2.93,36,0,0.75,-1.23,-0.7,0.294,-0.056,-4.06,-2.93,-3.46,-3.53,-3.02,-3.62,228.416,400.883,308.329,296.981,0,0,0,0
310,70,Hombre,8.8,147,58.6,127,0,1,-0.028,123,135,-2.49,36,0,0.71,0.16,1.08,0.322,-0.028,-3.62,-2.49,-3.02,-3.09,-2.53,-3.13,1130.128,1983.436,1525.513,1469.366,0,0,0,0
311,44,Hombre,8.4,140,33.1,239,0,1,-0.622,128,134,-0.03,36,0,-1.27,-1.58,-1.25,-0.272,-0.622,-1.15,-0.03,-0.55,-0.63,-0.96,-1.56,157.174,275.85,212.163,204.354,0,0,0,0
312,60,Hombre,8.9,140,43.7,112,0,1,-0.576,63,134,-1.57,36,0,-0.08,0.5,0.72,-0.226,-0.576,-2.69,-1.57,-2.09,-2.17,-2.43,-3.03,887.958,1558.414,1198.617,1154.502,0,0,0,0
313,76,Hombre,7.8,139,46.3,160,1,0,0.311,218,140,-2.54,36,0,1.73,-0.6,1.2,0.311,-0.039,-2.54,-1.42,-1.94,-2.02,-1.48,-2.08,90.617,159.038,122.32,117.818,0,0,0,0
314,78,Hombre,9.8,143,48,295,0,1,0.135,338,132,-2.93,36,0,2.17,-0.36,-0.96,0.485,0.135,-4.06,-2.93,-3.46,-3.53,-2.73,-3.33,119.715,210.107,161.599,155.651,0,0,0,0
315,44,Hombre,7.9,120,36.1,1170,0,1,-0.684,590,113,-0.29,36,0,-1.92,0.32,-0.28,-0.334,-0.684,-1.42,-0.29,-0.82,-0.89,-1.32,-1.92,77.282,135.634,104.32,100.48,0,0,0,0
316,41,Hombre,7.6,142,53.3,110,0,1,-0.998,41,136,-0.43,36,0,-0.68,-0.37,0.74,-0.648,-0.998,-1.55,-0.43,-0.95,-1.03,-1.93,-2.53,2651.599,4653.702,3579.285,3447.547,0,0,0,0
317,50,Mujer,8.7,119,55.6,254,0,0,-0.039,244,124,-1.95,36,0,1.24,0.04,0.03,-0.039,-0.389,-1.95,-0.82,-1.35,-1.42,-1.41,-2.01,569.651,999.768,768.948,740.647,0,0,0,0
318,50,Hombre,7,126,42.4,15,0,0,0.738,31,130,-1.72,36,0,-1.72,-1.01,-0.86,0.738,0.388,-1.72,-0.6,-1.12,-1.2,-0.02,-0.62,1123.642,1972.052,1516.757,1460.932,0,0,0,0
319,71,Hombre,10.7,133,36,576,0,0,-0.333,413,134,-4.15,36,0,-0.73,0.31,-0.44,-0.333,-0.683,-4.15,-3.03,-3.55,-3.63,-4.05,-4.65,191.504,336.101,258.504,248.99,0,0,0,0
320,69,Mujer,7.3,149,49.4,23,1,0,-0.194,19,150,-4.09,36,0,0.75,-2.47,1.49,-0.194,-0.544,-4.09,-2.96,-3.49,-3.56,-3.78,-4.38,1328.408,2331.43,1793.164,1727.165,0,0,0,0
321,82,Mujer,7.4,139,37.7,553,0,1,-0.922,220,138,-2.17,36,0,-0.51,1.9,0.34,-0.572,-0.922,-3.3,-2.17,-2.7,-2.77,-3.55,-4.15,985.244,1729.156,1329.94,1280.99,0,0,0,0
322,66,Hombre,7.4,127,42.5,118,0,0,-0.127,104,132,-2.25,36,0,-0.2,0.93,0.38,-0.127,-0.477,-2.25,-1.12,-1.65,-1.72,-1.84,-2.44,427.321,749.972,576.823,555.593,0,0,0,0
323,61,Mujer,5.8,144,52,48,0,1,-0.21,39,131,-2.4,36,0,-0.15,-0.37,-0.17,0.14,-0.21,-3.52,-2.4,-2.92,-3,-2.71,-3.31,2663.279,4674.201,3595.051,3462.733,0,0,0,0
324,80,Hombre,7.7,151,45.9,348,0,0,0.471,557,168,-3.45,36,0,-0.15,1.23,0.72,0.471,0.121,-3.45,-2.33,-2.85,-2.93,-2.15,-2.75,235.446,413.22,317.818,306.121,0,0,0,0
325,72,Hombre,9.3,105,45.2,78,0,0,-0.1,71,115,-1.59,36,0,1.62,0.54,-0.87,-0.1,-0.45,-1.59,-0.47,-0.99,-1.07,-1.15,-1.75,1113.191,1953.71,1502.65,1447.344,0,0,0,0
326,71,Mujer,8.6,139,50.3,353,0,0,-0.812,157,132,-1.33,36,0,0.8,1.56,-0.95,-0.812,-1.162,-1.33,-0.2,-0.73,-0.8,-1.94,-2.54,589.837,1035.195,796.196,766.892,0,0,0,0
327,75,Hombre,8.7,138,55,130,0,0,0.246,166,131,-3.61,36,0,0.97,0.21,0.95,0.246,-0.104,-3.61,-2.48,-3.01,-3.08,-2.64,-3.24,657.951,1154.74,888.141,855.453,0,0,0,0
328,62,Hombre,8.5,127,54.6,499,0,1,-1.175,154,116,1.87,36,0,0.79,-1.52,1.15,-0.825,-1.175,0.74,1.87,1.34,1.27,0.1,-0.5,1709.014,2999.413,2306.927,2222.019,0,0,0,0
329,68,Mujer,8.5,128,32.1,119,0,0,0.039,124,133,-2.79,36,0,-0.72,0.56,-1.81,0.039,-0.311,-2.79,-1.67,-2.19,-2.27,-2.14,-2.74,720.033,1263.698,971.943,936.17,0,0,0,0
330,75,Hombre,6.6,127,27.4,56,1,1,-0.412,37,112,-0.53,36,0,0.48,0.09,0.4,-0.062,-0.412,-1.65,-0.53,-1.05,-1.13,-1.14,-1.74,1949.549,3421.565,2631.616,2534.758,0,0,0,0
331,44,Mujer,6.1,123,56.1,116,0,1,-0.878,48,121,1.36,36,0,-1.33,-1.81,1.07,-0.528,-0.878,0.24,1.36,0.84,0.76,0.05,-0.55,2648.455,4648.183,3575.04,3443.458,0,0,0,0
332,64,Mujer,6.5,140,59.7,29,0,1,-0.387,20,142,-0.31,36,0,-1.05,-1.35,1.61,-0.037,-0.387,-1.43,-0.31,-0.83,-0.91,-0.89,-1.49,2495.408,4379.577,3368.448,3244.47,0,0,0,0
333,55,Hombre,7.8,150,58.9,85,0,1,0.007,86,141,-1.52,36,0,0.51,0.18,1.43,0.357,0.007,-2.65,-1.52,-2.05,-2.12,-1.51,-2.11,1011.791,1775.748,1365.775,1315.507,0,0,0,0
334,55,Mujer,7.5,110,52.4,75,0,0,0.743,158,116,-0.37,36,0,-0.8,0.91,-1.01,0.743,0.393,-0.37,0.75,0.23,0.15,1.34,0.74,182.611,320.493,246.5,237.427,0,0,0,0
335,56,Mujer,8.6,158,32.7,478,0,0,-0.427,312,157,-3.22,36,0,-0.48,0.77,-0.38,-0.427,-0.777,-3.22,-2.09,-2.62,-2.69,-3.26,-3.86,98.584,173.021,133.075,128.177,0,0,0,0
336,68,Hombre,7.8,134,56.7,335,0,1,0.09,367,126,-1.67,36,0,-0.05,-1.21,-0.46,0.44,0.09,-2.79,-1.67,-2.19,-2.27,-1.53,-2.13,1499.222,2631.217,2023.738,1949.253,0,0,0,0
337,64,Hombre,7.2,134,46.1,103,1,1,-0.489,63,140,0.96,36,0,0.87,0.24,-1.47,-0.139,-0.489,-0.16,0.96,0.44,0.36,0.23,-0.37,241.158,423.245,325.529,313.548,0,0,0,0
338,53,Hombre,8.9,149,38.1,119,0,0,0.842,276,139,-4,36,0,0.21,-0.41,0.31,0.842,0.492,-4,-2.88,-3.4,-3.48,-2.14,-2.74,358.94,629.96,484.519,466.686,0,0,0,0
339,70,Mujer,5.9,125,54.4,81,0,0,-0.557,46,117,-1.5,36,0,0.64,-1.06,-0.93,-0.557,-0.907,-1.5,-0.38,-0.9,-0.98,-1.74,-2.34,682.074,1197.077,920.704,886.817,0,0,0,0
340,69,Hombre,8.7,129,56.1,77,0,1,-0.709,38,116,0.62,36,0,1.7,2.2,-0.82,-0.359,-0.709,-0.51,0.62,0.09,0.02,-0.45,-1.05,133.177,233.733,179.771,173.154,0,0,0,0
341,69,Mujer,9.1,130,46.9,33,1,0,0.099,36,141,-2.34,36,0,0.9,1.29,0.13,0.099,-0.251,-2.34,-1.22,-1.74,-1.82,-1.59,-2.19,74.319,130.433,100.32,96.627,0,0,0,0
342,68,Mujer,7,135,37.7,100,0,0,0.334,140,136,-1.77,27.96,1,-2.89,-1.65,2.03,0.334,-0.016,-1.77,-0.65,-1.17,-1.25,-0.67,-1.27,27.957,49.067,37.739,36.35,1,0,0,0
343,76,Hombre,5.6,160,32.3,224,1,1,0.359,321,151,-2.95,36,0,1.38,1.18,-0.83,0.709,0.359,-4.07,-2.95,-3.47,-3.55,-2.41,-3.01,76.978,135.101,103.909,100.085,0,0,0,0
344,57,Mujer,7,150,44.1,81,0,0,0.032,84,139,-3.45,36,0,-0.01,0.04,2.12,0.032,-0.318,-3.45,-2.33,-2.85,-2.93,-2.81,-3.41,57.419,100.773,77.508,74.655,0,0,0,0
345,58,Mujer,5.5,134,44.1,82,0,1,0.331,114,132,-1.59,36,0,-0.33,0.16,-1.14,0.681,0.331,-2.72,-1.59,-2.12,-2.19,-1.1,-1.7,494.067,867.114,666.92,642.374,0,0,0,0
346,71,Hombre,7.8,131,40.3,56,1,0,0.161,66,147,-3.34,36,0,0.45,-0.18,0.14,0.161,-0.189,-3.34,-2.22,-2.74,-2.82,-2.5,-3.1,1018.792,1788.036,1375.226,1324.61,0,0,0,0
347,70,Mujer,7.1,143,57.1,311,0,1,0.213,385,137,-1.27,36,0,-0.38,0.72,-0.81,0.563,0.213,-2.4,-1.27,-1.8,-1.87,-0.95,-1.55,55.034,96.588,74.288,71.554,0,0,0,0
348,75,Mujer,10.1,140,39.8,112,0,0,0.13,127,122,-2.72,36,0,1.9,0.95,0.42,0.13,-0.22,-2.72,-1.6,-2.12,-2.2,-1.93,-2.53,69.232,121.506,93.454,90.014,0,0,0,0
349,64,Mujer,9,123,45.4,118,0,0,0.242,150,121,-4.56,36,0,0.82,-1.19,-0.97,0.242,-0.108,-4.56,-3.43,-3.96,-4.03,-3.59,-4.19,631.59,1108.475,852.557,821.178,0,0,0,0
350,70,Hombre,7.5,139,52.2,307,1,1,-0.506,185,131,1.01,36,0,0.77,-1.77,2.8,-0.156,-0.506,-0.11,1.01,0.49,0.41,0.26,-0.34,1321.324,2318.996,1783.601,1717.955,0,0,0,0
351,75,Mujer,7.7,133,43.2,325,1,0,-0.365,226,121,-5.09,36,0,0.17,-0.01,-0.55,-0.365,-0.715,-5.09,-3.97,-4.49,-4.57,-5.04,-5.64,575.12,1009.368,776.331,747.758,0,0,0,0
352,57,Hombre,9.1,153,61.9,521,0,1,0.029,536,142,-3.84,36,0,-1.6,-0.06,-0.03,0.379,0.029,-4.96,-3.84,-4.36,-4.44,-3.79,-4.39,290.665,510.132,392.356,377.915,0,0,0,0
353,82,Hombre,7.6,165,42.8,334,1,1,-0.663,172,137,-1.82,36,0,-1.07,-0.82,-0.79,-0.313,-0.663,-2.95,-1.82,-2.35,-2.42,-2.82,-3.42,165.947,291.247,224.006,215.761,0,0,0,0
354,57,Hombre,7.2,112,47.1,21,1,1,-0.239,17,97,-0.24,36,0,-0.71,-1.94,0.07,0.111,-0.239,-1.37,-0.24,-0.77,-0.84,-0.6,-1.2,2259.68,3965.862,3050.249,2937.983,0,0,0,0
355,48,Hombre,6.7,178,43.6,38,1,1,-0.05,36,179,-3.43,36,0,-0.05,-0.99,-0.06,0.3,-0.05,-4.56,-3.43,-3.96,-4.03,-3.51,-4.11,491.123,861.947,662.946,638.546,0,0,0,0
356,63,Hombre,8.6,153,43.4,1121,0,1,0.339,1574,157,-3.56,36,0,-2.22,0.92,0.9,0.689,0.339,-4.68,-3.56,-4.08,-4.16,-3.05,-3.65,109.044,191.378,147.194,141.776,0,0,0,0
357,66,Hombre,7.5,141,57.1,347,0,1,-0.145,300,125,-1.81,36,0,-0.42,-0.97,0.98,0.205,-0.145,-2.93,-1.81,-2.33,-2.41,-2.02,-2.62,690.779,1212.355,932.454,898.135,0,0,0,0
358,57,Mujer,6,108,41.2,56,0,1,-0.491,34,105,0.03,36,0,-0.44,-1.54,-0.03,-0.141,-0.491,-1.1,0.03,-0.5,-0.57,-0.71,-1.31,234.721,411.949,316.841,305.179,0,0,0,0
359,54,Mujer,7,136,68.5,60,0,1,-0.019,59,124,0.05,36,0,-0.29,-0.36,0.46,0.331,-0.019,-1.08,0.05,-0.48,-0.55,0.02,-0.58,181.41,318.385,244.879,235.866,0,0,0,0
360,57,Hombre,8.7,118,48.3,127,0,1,-0.381,87,119,0.39,36,0,0.6,-2.14,0.33,-0.031,-0.381,-0.74,0.39,-0.14,-0.21,-0.18,-0.78,204.542,358.983,276.103,265.941,0,0,0,0
361,75,Mujer,7,126,26.2,69,1,1,-0.137,60,114,-3.09,36,0,0.13,-0.21,-0.72,0.213,-0.137,-4.22,-3.09,-3.62,-3.69,-3.3,-3.9,286.154,502.217,386.268,372.051,0,0,0,0
362,43,Mujer,5.6,146,46.6,88,1,0,-0.19,73,143,-2.02,36,0,0.73,-1.66,0.07,-0.19,-0.54,-2.02,-0.89,-1.42,-1.49,-1.7,-2.3,315.012,552.863,425.222,409.571,0,0,0,0
363,43,Mujer,7,139,55.1,67,0,1,-0.049,64,134,-1.99,36,0,0.68,-0.69,-1.42,0.301,-0.049,-3.11,-1.99,-2.51,-2.59,-2.06,-2.66,1087.565,1908.736,1468.059,1414.027,0,0,0,0
364,51,Mujer,7.4,143,50.4,86,0,1,0.448,135,149,-3.25,36,0,-0.8,1.09,0.61,0.798,0.448,-4.37,-3.25,-3.77,-3.85,-2.58,-3.18,96.28,168.976,129.964,125.18,0,0,0,0
365,75,Hombre,7.8,155,44.6,81,1,1,-0.69,41,148,-2.04,36,0,1.69,-1.11,-1.4,-0.34,-0.69,-3.17,-2.04,-2.57,-2.64,-3.08,-3.68,210.099,368.736,283.604,273.166,0,0,0,0
366,73,Hombre,7.8,149,40.8,146,0,0,-0.639,77,162,-2.5,36,0,1.09,-1.06,0.58,-0.639,-0.989,-2.5,-1.38,-1.9,-1.98,-2.86,-3.46,1353.606,2375.653,1827.177,1759.927,0,0,0,0
367,56,Hombre,10.2,156,42.9,105,0,0,1.479,461,151,-4.89,36,0,0.17,1.27,-0.67,1.479,1.129,-4.89,-3.76,-4.29,-4.36,-2.07,-2.67,95.08,166.871,128.345,123.621,0,0,0,0
368,64,Mujer,8.4,153,44.4,696,1,1,0.004,699,147,-2.29,36,0,0.91,0.63,-0.74,0.354,0.004,-3.42,-2.29,-2.82,-2.89,-2.29,-2.89,97.792,171.63,132.005,127.147,0,0,0,0
369,70,Mujer,6.3,153,40,73,0,0,0.109,81,164,-3.76,36,0,-0.3,0.42,0.28,0.109,-0.241,-3.76,-2.63,-3.16,-3.23,-3,-3.6,579.901,1017.758,782.784,753.973,0,0,0,0
370,69,Hombre,11.3,139,56,266,0,1,-0.311,195,132,-2.48,36,0,1.46,-0.18,-1.41,0.039,-0.311,-3.61,-2.48,-3.01,-3.08,-2.95,-3.55,990.904,1739.091,1337.58,1288.35,0,0,0,0
371,69,Hombre,9.7,132,41.3,537,0,0,-0.371,370,126,-2.48,36,0,0.14,-0.37,-0.75,-0.371,-0.721,-2.48,-1.35,-1.88,-1.95,-2.43,-3.03,231.771,406.771,312.858,301.343,0,0,0,0
372,66,Hombre,9.7,148,44.3,165,1,0,0.547,285,148,-5.04,36,0,0.3,-0.14,-0.44,0.547,0.197,-5.04,-3.92,-4.44,-4.52,-3.62,-4.22,255.307,448.078,344.628,331.944,0,0,0,0
373,67,Hombre,8.3,106,40.3,47,0,0,-0.8,21,129,-2.5,36,0,1.37,-0.51,-1.53,-0.8,-1.15,-2.5,-1.38,-1.9,-1.98,-3.1,-3.7,1516.192,2660.999,2046.645,1971.317,0,0,0,0
374,50,Hombre,6.7,134,56.3,56,0,1,-0.397,38,126,-0.91,36,0,0.17,-0.09,1.29,-0.047,-0.397,-2.03,-0.91,-1.43,-1.51,-1.5,-2.1,462.721,812.1,624.608,601.619,0,0,0,0
375,85,Hombre,8,121,43.3,296,1,0,0.68,584,121,-4.2,36,0,1.9,-0.63,0.68,0.68,0.33,-4.2,-3.08,-3.6,-3.68,-2.58,-3.18,186.367,327.085,251.57,242.311,0,0,0,0
376,62,Hombre,10.2,140,52.6,202,0,1,-0.251,157,129,-1.97,36,0,0.85,0.54,0.29,0.099,-0.251,-3.09,-1.97,-2.49,-2.57,-2.35,-2.95,1125.544,1975.392,1519.326,1463.406,0,0,0,0
377,69,Hombre,8.4,125,61.6,139,1,1,-0.223,111,104,-2.62,36,0,1.62,0.6,-1.9,0.127,-0.223,-3.75,-2.62,-3.15,-3.22,-2.96,-3.56,1750.077,3071.482,2362.357,2275.409,0,0,0,0
378,50,Mujer,9.3,143,59.4,312,0,1,-1.178,96,136,-0.09,36,0,-0.62,2.29,0.99,-0.828,-1.178,-1.21,-0.09,-0.61,-0.69,-1.85,-2.45,6778.687,11896.965,9150.27,8813.489,0,0,0,0
379,60,Hombre,8.9,133,56,69,0,0,0.705,140,135,-2.05,36,0,0.26,-0.12,0.2,0.705,0.355,-2.05,-0.92,-1.45,-1.52,-0.39,-0.99,4575.387,8030.053,6176.126,5948.81,0,0,0,0
380,72,Mujer,9,149,43.4,109,0,0,0.45,171,143,-4.34,36,0,-0.01,0.12,0.83,0.45,0.1,-4.34,-3.21,-3.74,-3.81,-3.06,-3.66,140.451,246.499,189.589,182.611,0,0,0,0
381,65,Mujer,7.5,140,41.2,245,1,0,-0.624,131,148,-2.76,14.18,1,0.22,-1.57,1.42,-0.624,-0.974,-2.76,-1.63,-2.16,-2.23,-3.1,-3.7,14.177,24.881,19.137,18.433,1,1,1,1
382,67,Hombre,7.5,162,24.1,694,1,0,0.641,1317,152,-4.26,36,0,-0.19,-0.87,1.23,0.641,0.291,-4.26,-3.13,-3.66,-3.73,-2.7,-3.3,159.426,279.801,215.202,207.281,0,0,0,0
383,51,Hombre,7.1,111,61.6,76,0,1,-1.363,19,101,1.92,36,0,-1.59,-1.06,-0.48,-1.013,-1.363,0.8,1.92,1.4,1.32,-0.12,-0.72,5719.892,10038.724,7721.047,7436.869,0,0,0,0
384,69,Hombre,8.1,137,58.3,46,1,1,-0.889,19,130,-0.73,36,0,-0.35,1.07,-0.27,-0.539,-0.889,-1.85,-0.73,-1.25,-1.33,-2.06,-2.66,2299.699,4036.098,3104.269,2990.015,0,0,0,0
385,59,Hombre,6.9,120,49.6,47,0,0,0.448,74,122,-1.65,36,0,0.12,0.42,-1.11,0.448,0.098,-1.65,-0.52,-1.05,-1.12,-0.38,-0.98,194.143,340.732,262.066,252.42,0,0,0,0
386,47,Mujer,8.8,114,48.3,98,0,1,-0.639,52,97,1.37,36,0,-1.57,0,1.72,-0.289,-0.639,0.24,1.37,0.84,0.77,0.41,-0.19,331.742,582.225,447.804,431.323,0,0,0,0
387,70,Hombre,7.2,140,56.1,48,0,0,-0.094,44,140,-2.05,36,0,0.63,0.15,0,-0.094,-0.444,-2.05,-0.92,-1.45,-1.52,-1.59,-2.19,1674.835,2939.426,2260.79,2177.581,0,0,0,0
388,64,Mujer,9.3,133,48.5,133,0,0,1.041,377,141,-4.29,36,0,1.89,-1.15,1.54,1.041,0.691,-4.29,-3.16,-3.69,-3.76,-2.13,-2.73,851.413,1494.277,1149.288,1106.988,0,0,0,0
389,57,Hombre,8.3,150,42.9,46,0,0,-0.259,35,148,-3.05,36,0,0.34,1.15,-0.38,-0.259,-0.609,-3.05,-1.93,-2.45,-2.53,-2.84,-3.44,125.853,220.878,169.883,163.631,0,0,0,0
390,67,Mujer,8.5,141,53.5,39,1,0,0.955,101,142,-4.03,36,0,0.8,-1.11,1.25,0.955,0.605,-4.03,-2.91,-3.43,-3.51,-2,-2.6,57.049,100.125,77.009,74.174,0,0,0,0
391,45,Mujer,8.7,138,52.2,222,0,1,-0.531,131,137,0.65,36,0,-0.23,-0.85,2.7,-0.181,-0.531,-0.47,0.65,0.13,0.05,-0.14,-0.74,2232.249,3917.719,3013.221,2902.318,0,0,0,0
392,85,Hombre,8,121,37.6,18,1,0,0.045,19,112,-3.44,36,0,1.22,0.33,-2.25,0.045,-0.305,-3.44,-2.32,-2.84,-2.92,-2.78,-3.38,553.163,970.831,746.692,719.209,0,0,0,0
393,40,Mujer,9.3,124,42.9,50,0,1,-1.233,15,123,1.77,36,0,-0.8,0.59,0.84,-0.883,-1.233,0.64,1.77,1.24,1.17,-0.08,-0.68,606.85,1065.054,819.161,789.012,0,0,0,0
394,67,Mujer,7.1,137,40.4,60,0,0,0.92,151,144,-2.73,36,0,1.57,-0.4,0.47,0.92,0.57,-2.73,-1.6,-2.13,-2.2,-0.75,-1.35,235.47,413.262,317.851,306.152,0,0,0,0
395,62,Hombre,9.5,143,37.7,480,1,1,-0.116,427,135,-4.96,6.86,1,0.54,-0.32,-1.61,0.234,-0.116,-6.09,-4.96,-5.49,-5.56,-5.14,-5.74,3.909,6.86,5.276,5.082,1,1,1,1
396,52,Mujer,8.2,125,46.3,77,0,1,-0.507,46,119,-0.5,36,0,-0.35,-0.37,-1.64,-0.157,-0.507,-1.63,-0.5,-1.03,-1.1,-1.26,-1.86,4725.34,8293.23,6378.542,6143.776,0,0,0,0
397,67,Mujer,5.8,139,45.1,110,0,1,0.194,133,147,-2.26,36,0,-0.14,-0.8,0.39,0.544,0.194,-3.38,-2.26,-2.78,-2.86,-1.96,-2.56,120.398,211.305,162.521,156.539,0,0,0,0
398,60,Mujer,8.2,153,43.6,81,0,1,0.358,116,136,-1.94,36,0,-1.07,0.65,0.32,0.708,0.358,-3.06,-1.94,-2.46,-2.54,-1.4,-2,412.407,723.797,556.691,536.202,0,0,0,0
399,79,Mujer,8.9,147,55.1,252,0,1,-0.099,228,138,-4.76,36,0,-0.96,1.37,-0.34,0.251,-0.099,-5.88,-4.76,-5.28,-5.36,-4.9,-5.5,179.117,314.36,241.782,232.883,0,0,0,0
400,53,Hombre,5.5,133,50.3,38,0,0,-0.064,36,122,-0.99,36,0,0.1,0.76,0.09,-0.064,-0.414,-0.99,0.13,-0.39,-0.47,-0.49,-1.09,7713.195,13537.079,10411.725,10028.515,0,0,0,0
401,77,Hombre,6.5,143,36.7,131,0,0,0.133,150,143,-2.28,36,0,1.98,1.02,0.99,0.133,-0.217,-2.28,-1.16,-1.68,-1.76,-1.49,-2.09,570.792,1001.77,770.488,742.13,0,0,0,0
402,70,Hombre,8.5,113,45.2,191,0,0,-0.139,166,110,-1.73,36,0,-1.78,0.56,0.02,-0.139,-0.489,-1.73,-0.61,-1.13,-1.21,-1.34,-1.94,36.237,63.598,48.915,47.114,0,0,0,0
403,53,Hombre,7.7,107,36.7,142,1,0,-0.474,88,100,-2.17,36,0,-0.1,-1.47,0.06,-0.474,-0.824,-2.17,-1.05,-1.57,-1.65,-2.28,-2.88,1454.898,2553.426,1963.907,1891.624,0,0,0,0
404,62,Mujer,10,129,37.9,376,1,1,0.408,565,121,-4.41,36,0,-0.53,-1.11,1.05,0.758,0.408,-5.53,-4.41,-4.93,-5.01,-3.8,-4.4,173.713,304.876,234.488,225.858,0,0,0,0
405,55,Hombre,8,124,42.2,415,0,0,-0.662,214,124,-1.86,36,0,-0.56,0.17,0.39,-0.662,-1.012,-1.86,-0.73,-1.26,-1.33,-2.25,-2.85,1035.31,1817.025,1397.522,1346.085,0,0,0,0
406,44,Mujer,5.5,142,48.3,81,1,1,-0.785,37,147,0.95,36,0,-0.19,0.82,1.45,-0.435,-0.785,-0.18,0.95,0.42,0.35,-0.23,-0.83,1503.509,2638.741,2029.525,1954.827,0,0,0,0
407,83,Mujer,6.8,146,46,67,0,0,0.179,80,157,-3.62,36,0,0.14,-1.08,0.92,0.179,-0.171,-3.62,-2.5,-3.02,-3.1,-2.76,-3.36,707.677,1242.011,955.263,920.104,0,0,0,0
408,80,Hombre,9.4,124,49.7,124,0,0,0.321,171,121,-3.82,36,0,1.64,-0.41,1.67,0.321,-0.029,-3.82,-2.7,-3.22,-3.3,-2.74,-3.34,1080.479,1896.299,1458.494,1404.813,0,0,0,0
409,65,Mujer,7.8,129,33,288,0,1,-0.374,198,135,-3.98,36,0,-0.74,-0.06,-0.65,-0.024,-0.374,-5.1,-3.98,-4.5,-4.58,-4.54,-5.14,94.623,166.068,127.727,123.026,0,0,0,0
410,50,Mujer,8.6,129,52.5,53,0,0,0.675,104,119,-4.35,36,0,0.65,1.85,0.39,0.675,0.325,-4.35,-3.23,-3.75,-3.83,-2.74,-3.34,1336.074,2344.882,1803.511,1737.131,0,0,0,0
411,69,Hombre,8.7,142,44.3,372,0,1,-1.017,134,117,-0.32,25.6,1,-0.07,0.82,0.31,-0.667,-1.017,-1.44,-0.32,-0.84,-0.92,-1.85,-2.45,14.589,25.604,19.693,18.968,1,1,1,1
412,54,Hombre,8.3,127,52.7,55,0,0,0.094,60,132,-2.09,36,0,-0.63,2.05,0.59,0.094,-0.256,-2.09,-0.96,-1.49,-1.56,-1.35,-1.95,1159.997,2035.858,1565.832,1508.2,0,0,0,0
413,70,Hombre,7.2,143,40.9,1135,0,1,-0.717,554,135,-3.33,36,0,-0.22,0.89,-0.26,-0.367,-0.717,-4.45,-3.33,-3.85,-3.93,-4.4,-5,541.258,949.938,730.622,703.731,0,0,0,0
414,73,Mujer,5.9,120,39.5,45,0,0,-0.028,44,105,-1.8,36,0,-1.06,-0.07,1.25,-0.028,-0.378,-1.8,-0.68,-1.2,-1.28,-1.24,-1.84,922.294,1618.677,1244.967,1199.145,0,0,0,0
415,66,Hombre,7.7,129,32.7,1413,0,1,-0.372,974,142,-2.14,36,0,-0.01,-0.15,-0.16,-0.022,-0.372,-3.27,-2.14,-2.67,-2.74,-2.7,-3.3,84.301,147.953,113.795,109.607,0,0,0,0
416,63,Hombre,9.4,156,48.4,139,1,1,-0.167,118,153,-3.62,36,0,-0.83,1.21,-0.07,0.183,-0.167,-4.75,-3.62,-4.15,-4.22,-3.87,-4.47,203.805,357.688,275.107,264.982,0,0,0,0
417,75,Hombre,7.6,142,42.6,52,1,0,0.21,64,148,-3.34,36,0,0.14,-1.86,0.79,0.21,-0.14,-3.34,-2.22,-2.74,-2.82,-2.43,-3.03,85.452,149.974,115.349,111.103,0,0,0,0
418,75,Mujer,8.4,137,54.1,46,0,1,-0.232,36,123,-0.92,36,0,-0.09,0.13,-1.41,0.118,-0.232,-2.04,-0.92,-1.44,-1.52,-1.26,-1.86,4211.12,7390.746,5684.417,5475.199,0,0,0,0
419,68,Mujer,9.5,116,50.6,115,1,0,-0.553,66,116,-1.41,36,0,-0.37,0.6,0.86,-0.553,-0.903,-1.41,-0.29,-0.81,-0.89,-1.64,-2.24,1169.272,2052.136,1578.352,1520.26,0,0,0,0
420,63,Mujer,6,122,55.8,46,0,1,-0.476,29,110,-0.14,36,0,0.35,0.07,0.62,-0.126,-0.476,-1.27,-0.14,-0.67,-0.74,-0.85,-1.45,345.453,606.289,466.313,449.15,0,0,0,0
421,73,Hombre,6.9,126,31.3,107,0,0,-0.465,67,122,-1.34,36,0,-0.75,1.61,1.87,-0.465,-0.815,-1.34,-0.21,-0.74,-0.81,-1.44,-2.04,524.798,921.05,708.404,682.33,0,0,0,0
422,66,Mujer,7.8,129,50.2,115,0,0,0.211,142,131,-1.93,36,0,0.66,0.03,1.31,0.211,-0.139,-1.93,-0.81,-1.33,-1.41,-1.02,-1.62,159.53,279.984,215.343,207.417,0,0,0,0
423,78,Hombre,8.4,136,24.6,62,0,0,-0.488,38,134,-0.5,2.11,1,1.28,-0.06,1.1,-0.488,-0.838,-0.5,0.62,0.1,0.02,-0.64,-1.24,2.105,3.695,2.842,2.737,1,1,1,1
424,51,Hombre,8.3,132,41.4,468,0,1,-0.274,356,123,-2.19,36,0,-0.08,0.12,-1.6,0.076,-0.274,-3.32,-2.19,-2.72,-2.79,-2.6,-3.2,75.914,133.233,102.473,98.702,0,0,0,0
425,63,Hombre,7.5,135,57.3,76,0,0,0.586,137,138,-1.12,36,0,1.07,1.04,-0.12,0.586,0.236,-1.12,0,-0.52,-0.6,0.36,-0.24,1313.854,2305.886,1773.518,1708.242,0,0,0,0
426,75,Mujer,6.7,144,44.3,126,0,0,-0.498,77,141,-1.14,36,0,3.01,0.33,-1.18,-0.498,-0.848,-1.14,-0.02,-0.54,-0.62,-1.29,-1.89,2151.673,3776.303,2904.454,2797.554,0,0,0,0
427,57,Hombre,7.9,147,52.4,22,0,1,-0.08,20,138,0.54,36,0,1.2,-0.64,2.68,0.27,-0.08,-0.58,0.54,0.02,-0.06,0.42,-0.18,1843.228,3234.966,2488.097,2396.521,0,0,0,0
428,47,Mujer,8.9,166,48.6,150,0,1,0.617,278,173,-4.3,25.69,1,-1,0.12,0.83,0.967,0.617,-5.43,-4.3,-4.83,-4.9,-3.38,-3.98,14.638,25.691,19.76,19.032,1,1,1,1
429,70,Hombre,7.6,146,32.3,122,0,0,0.234,154,161,-3.91,36,0,1.91,-0.13,0.34,0.234,-0.116,-3.91,-2.79,-3.31,-3.39,-2.96,-3.56,652.906,1145.886,881.331,848.893,0,0,0,0
430,58,Mujer,8.2,132,52.6,36,0,1,-0.157,31,117,-0.25,36,0,0.03,1.61,-1.11,0.193,-0.157,-1.38,-0.25,-0.78,-0.85,-0.49,-1.09,2282.317,4005.591,3080.806,2967.415,0,0,0,0
431,59,Hombre,8.4,109,56.5,89,0,1,-0.097,81,102,-1.1,36,0,-0.02,0.55,0,0.253,-0.097,-2.23,-1.1,-1.63,-1.7,-1.25,-1.85,1212.407,2127.84,1636.578,1576.343,0,0,0,0
432,72,Mujer,7,147,46.8,59,0,0,0.688,117,147,-4.23,36,0,2.33,0.65,-0.52,0.688,0.338,-4.23,-3.11,-3.63,-3.71,-2.6,-3.2,922.405,1618.872,1245.117,1199.29,0,0,0,0
433,85,Hombre,8,166,42.6,738,0,1,-0.235,583,162,-5.31,36,0,1.13,1.22,-0.08,0.115,-0.235,-6.43,-5.31,-5.83,-5.91,-5.66,-6.26,195.426,342.984,263.798,254.089,0,0,0,0
434,64,Hombre,7.8,150,46.4,83,0,0,0.537,142,162,-3.71,36,0,-0.41,-0.07,1.27,0.537,0.187,-3.71,-2.58,-3.11,-3.18,-2.3,-2.9,2034.127,3570.003,2745.784,2644.724,0,0,0,0
435,73,Hombre,5.5,144,45.9,74,1,0,0.538,127,135,-3.64,36,0,0.12,-1.56,1.48,0.538,0.188,-3.64,-2.52,-3.04,-3.12,-2.24,-2.84,409.255,718.264,552.436,532.103,0,0,0,0
436,43,Hombre,8.4,149,56.6,513,1,1,-0.938,201,146,0.5,36,0,-1.89,0.52,0.34,-0.588,-0.938,-0.63,0.5,-0.03,-0.1,-0.91,-1.51,211.038,370.383,284.871,274.386,0,0,0,0
437,65,Hombre,7,140,39.7,52,0,0,0.895,127,131,-4.06,36,0,0.85,0.13,-1.09,0.895,0.545,-4.06,-2.93,-3.46,-3.53,-2.11,-2.71,138.667,243.368,187.18,180.291,0,0,0,0
438,47,Mujer,6.2,123,56.9,75,0,1,-0.19,62,114,-0.22,36,0,-1.08,-0.93,-0.34,0.16,-0.19,-1.34,-0.22,-0.74,-0.82,-0.5,-1.1,550.612,966.354,743.248,715.893,0,0,0,0
439,47,Mujer,8.3,112,52.1,69,0,1,0.061,73,105,-1.52,36,0,-0.54,-0.95,-1.05,0.411,0.061,-2.65,-1.52,-2.05,-2.12,-1.43,-2.03,559.879,982.618,755.758,727.942,0,0,0,0
440,78,Mujer,7.3,120,31.5,106,1,0,-0.53,62,117,-2.84,36,0,-1.16,1.12,-1.44,-0.53,-0.88,-2.84,-1.71,-2.24,-2.31,-3.03,-3.63,108.268,190.016,146.146,140.767,0,0,0,0
441,71,Mujer,7.7,127,29.8,34,0,0,0.279,45,106,-2.68,36,0,1.29,0.06,-1.97,0.279,-0.071,-2.68,-1.55,-2.08,-2.15,-1.66,-2.26,115.039,201.899,155.286,149.571,0,0,0,0
442,70,Hombre,8.4,150,43.9,307,0,0,-0.191,254,161,-3.11,36,0,-0.48,-1.33,0.33,-0.191,-0.541,-3.11,-1.99,-2.51,-2.59,-2.8,-3.4,953.385,1673.243,1286.935,1239.569,0,0,0,0
443,59,Hombre,11.1,128,42.9,180,0,1,-0.337,128,122,-1.31,36,0,-0.45,-1.19,-0.38,0.013,-0.337,-2.43,-1.31,-1.83,-1.91,-1.81,-2.41,350.165,614.559,472.674,455.277,0,0,0,0
444,51,Mujer,7.7,132,42.1,40,1,1,-0.278,30,125,-1.17,36,0,0.04,0.22,0.81,0.072,-0.278,-2.3,-1.17,-1.7,-1.77,-1.59,-2.19,134.733,236.464,181.871,175.177,0,0,0,0
445,68,Mujer,6.6,126,37.8,17,0,0,-0.707,8,124,-0.6,36,0,2.44,-1.16,-0.69,-0.707,-1.057,-0.6,0.53,0,-0.07,-1.06,-1.66,165.64,290.707,223.59,215.361,0,0,0,0
446,53,Hombre,8.6,151,55.3,104,0,0,0.406,156,149,-2.5,36,0,-1.17,0.88,-0.37,0.406,0.056,-2.5,-1.38,-1.9,-1.98,-1.29,-1.89,620.401,1088.837,837.453,806.63,0,0,0,0
447,88,Hombre,9.7,121,28.6,120,1,0,-0.795,54,116,-1.42,3.07,1,0.51,0.18,-0.42,-0.795,-1.145,-1.42,-0.29,-0.82,-0.89,-2.01,-2.61,3.07,5.387,4.143,3.991,1,1,1,1
448,65,Hombre,8.8,128,42.1,268,1,0,0.113,300,127,-3.17,36,0,-1.53,0.19,0.78,0.113,-0.237,-3.17,-2.05,-2.57,-2.65,-2.41,-3.01,187.542,329.146,253.155,243.837,0,0,0,0
449,67,Hombre,6.8,135,46.9,16,0,0,0.023,16,134,-1.23,36,0,-0.45,-0.83,1.05,0.023,-0.327,-1.23,-0.1,-0.63,-0.7,-0.59,-1.19,3414.596,5992.802,4609.222,4439.577,0,0,0,0
450,48,Hombre,6.6,118,64.6,293,0,1,-0.534,172,109,0.41,36,0,0.88,-0.69,0.03,-0.184,-0.534,-0.72,0.41,-0.12,-0.19,-0.39,-0.99,2003.068,3515.494,2703.859,2604.342,0,0,0,0
451,69,Hombre,7.7,121,47.8,69,1,0,-0.002,69,126,-2.71,36,0,0.66,0.95,0.06,-0.002,-0.352,-2.71,-1.59,-2.11,-2.19,-2.12,-2.72,409.378,718.481,552.603,532.264,0,0,0,0
452,75,Mujer,5.6,133,41.1,459,0,1,-0.767,213,121,-2.76,36,0,-0.69,1.39,1.86,-0.417,-0.767,-3.88,-2.76,-3.28,-3.36,-3.91,-4.51,94.792,166.366,127.956,123.247,0,0,0,0
453,67,Mujer,10.4,139,50.1,75,0,1,0.248,96,143,-1.97,36,0,-0.73,0.04,-1.23,0.598,0.248,-3.09,-1.97,-2.49,-2.57,-1.59,-2.19,63.689,111.778,85.971,82.807,0,0,0,0
454,65,Mujer,6.8,140,56.9,29,1,1,-0.303,21,141,-0.5,36,0,-0.71,-1.53,0.14,0.047,-0.303,-1.63,-0.5,-1.03,-1.1,-0.96,-1.56,2274.265,3991.459,3069.937,2956.946,0,0,0,0
455,80,Hombre,8.1,143,47.3,488,1,1,-0.437,315,136,-3.02,36,0,1.85,0.8,-1.29,-0.087,-0.437,-4.15,-3.02,-3.55,-3.62,-3.68,-4.28,214.042,375.655,288.926,278.292,0,0,0,0
456,71,Hombre,6.7,123,40.3,58,0,0,0.354,83,119,-1.41,36,0,-0.89,-1.03,0.02,0.354,0.004,-1.41,-0.29,-0.81,-0.89,-0.28,-0.88,3819.757,6703.883,5156.133,4966.358,0,0,0,0
457,70,Mujer,5.9,135,53,14,0,1,-0.03,14,126,-1.43,36,0,0.7,-1.47,0.28,0.32,-0.03,-2.56,-1.43,-1.96,-2.03,-1.48,-2.08,75.92,133.244,102.481,98.709,0,0,0,0
458,75,Hombre,8.1,114,36,31,0,0,0.204,38,124,-1.23,36,0,0.02,-0.51,0.06,0.204,-0.146,-1.23,-0.11,-0.63,-0.71,-0.33,-0.93,493.618,866.327,666.315,641.791,0,0,0,0
459,67,Hombre,8.4,142,57.1,440,0,0,-0.217,354,157,-3.01,36,0,0.49,0.4,-0.01,-0.217,-0.567,-3.01,-1.89,-2.41,-2.49,-2.74,-3.34,268.408,471.071,362.313,348.978,0,0,0,0
460,90,Hombre,6,140,51.4,94,1,0,0.091,103,143,-3.08,36,0,0.84,1.92,1.12,0.091,-0.259,-3.08,-1.95,-2.48,-2.55,-2.34,-2.94,190.136,333.698,256.656,247.21,0,0,0,0
461,67,Mujer,8.8,148,38.9,328,0,0,-0.057,310,151,-3.92,36,0,-0.99,0.68,-1.34,-0.057,-0.407,-3.92,-2.8,-3.32,-3.4,-3.41,-4.01,104.912,184.127,141.617,136.404,0,0,0,0
462,75,Hombre,7.9,155,47,48,0,1,-0.174,40,140,-1.68,36,0,0.28,0.05,0.18,0.176,-0.174,-2.81,-1.68,-2.21,-2.28,-1.94,-2.54,707.75,1242.14,955.362,920.2,0,0,0,0
463,73,Mujer,8.4,149,31.5,97,0,0,-0.13,85,163,-2.15,36,0,0.15,-0.15,0.69,-0.13,-0.48,-2.15,-1.03,-1.55,-1.63,-1.75,-2.35,1011.171,1774.66,1364.937,1314.7,0,0,0,0
464,71,Mujer,6.9,141,35.8,916,0,1,0.273,1203,136,-2.96,36,0,1,-0.46,0.39,0.623,0.273,-4.09,-2.96,-3.49,-3.56,-2.55,-3.15,42.126,73.933,56.864,54.771,0,0,0,0
465,75,Hombre,8.9,123,47.3,372,0,1,-0.107,334,110,-2.12,36,0,0.06,-0.95,-0.61,0.243,-0.107,-3.24,-2.12,-2.64,-2.72,-2.28,-2.88,88.186,154.772,119.039,114.658,0,0,0,0
466,68,Mujer,8.3,139,38.6,1155,0,0,-0.081,1065,124,-4.4,36,0,-0.94,1.16,0.17,-0.081,-0.431,-4.4,-3.28,-3.8,-3.88,-3.92,-4.52,134.619,236.264,181.717,175.029,0,0,0,0
467,45,Hombre,5.9,153,57.4,107,0,0,0.228,134,151,-2.13,36,0,-0.17,0.98,2.33,0.228,-0.122,-2.13,-1,-1.53,-1.6,-1.19,-1.79,1818.112,3190.887,2454.195,2363.867,0,0,0,0
468,56,Hombre,9.1,154,61.2,33,1,1,0.367,48,140,-1.35,36,0,-1.22,-0.77,2.47,0.717,0.367,-2.48,-1.35,-1.88,-1.95,-0.8,-1.4,115.48,202.673,155.881,150.144,0,0,0,0
469,87,Mujer,5.8,154,40.6,121,0,0,-0.306,89,138,-2.28,36,0,-0.32,0.18,-1.34,-0.306,-0.656,-2.28,-1.16,-1.68,-1.76,-2.14,-2.74,389.628,683.818,525.942,506.585,0,0,0,0
470,83,Mujer,5.7,148,30.9,19,1,0,0.321,26,150,-2.65,36,0,-0.23,-1.27,-0.53,0.321,-0.029,-2.65,-1.53,-2.05,-2.13,-1.57,-2.17,789.186,1385.064,1065.289,1026.081,0,0,0,0
471,63,Hombre,6.6,154,39.4,37,1,0,0.788,81,147,-3.46,17.4,1,-1.26,-0.3,0.01,0.788,0.438,-3.46,-2.33,-2.86,-2.93,-1.67,-2.27,17.4,30.538,23.488,22.623,1,1,1,1
472,39,Mujer,8.4,98,46.3,167,0,0,0.108,186,96,-2.38,36,0,-0.95,0.27,-0.18,0.108,-0.242,-2.38,-1.26,-1.78,-1.86,-1.62,-2.22,578.998,1016.173,781.565,752.799,0,0,0,0
473,56,Hombre,8.1,141,60.6,2496,0,1,-0.696,1245,128,-2.17,36,0,0.8,-0.94,0.1,-0.346,-0.696,-3.29,-2.17,-2.69,-2.77,-3.21,-3.81,960.187,1685.18,1296.116,1248.412,0,0,0,0
474,49,Mujer,7.7,135,37.4,47,1,0,-0.048,45,133,-0.85,36,0,-0.35,-1.37,0.3,-0.048,-0.398,-0.85,0.28,-0.25,-0.32,-0.32,-0.92,1026.618,1801.77,1385.789,1334.784,0,0,0,0
475,47,Mujer,8.8,132,63.5,282,0,1,-0.374,194,140,-0.57,36,0,-0.71,0.36,0.53,-0.024,-0.374,-1.69,-0.57,-1.09,-1.17,-1.13,-1.73,853.695,1498.281,1152.367,1109.954,0,0,0,0
476,74,Hombre,6.3,128,58.4,67,1,1,-0.591,37,117,-0.02,36,0,-0.29,1.75,0.05,-0.241,-0.591,-1.15,-0.02,-0.55,-0.62,-0.91,-1.51,1077.198,1890.541,1454.065,1400.547,0,0,0,0
477,65,Hombre,7.1,158,41.8,255,1,1,-0.079,236,144,-4.31,36,0,-0.19,0.85,0.12,0.271,-0.079,-5.43,-4.31,-4.83,-4.91,-4.43,-5.03,570.109,1000.573,769.567,741.243,0,0,0,0
478,78,Mujer,5.9,112,29.1,33,0,0,-0.182,28,119,-0.55,36,0,-0.33,0.27,-1.12,-0.182,-0.532,-0.55,0.58,0.05,-0.02,-0.22,-0.82,3100.679,5441.862,4185.479,4031.43,0,0,0,0
479,51,Mujer,8.8,139,45.2,7,0,0,0.077,8,133,-0.12,36,0,0.55,-1.51,1.13,0.077,-0.273,-0.12,1.01,0.48,0.41,0.6,-0,1582.548,2777.458,2136.216,2057.592,0,0,0,0
480,54,Mujer,7.6,133,40.6,99,0,0,0.355,141,125,-3.66,36,0,-2.14,0.61,0.2,0.355,0.005,-3.66,-2.53,-3.06,-3.13,-2.52,-3.12,1241.463,2178.835,1675.8,1614.121,0,0,0,0
481,70,Mujer,7,142,57.1,101,0,1,0.057,107,132,-3.88,36,0,0.84,-1.79,-0.37,0.407,0.057,-5,-3.88,-4.4,-4.48,-3.79,-4.39,5169.723,9073.147,6978.396,6721.552,0,0,0,0
482,76,Hombre,7.3,160,62.6,69,1,0,0.597,125,156,-3.67,36,0,1,0.35,1.23,0.597,0.247,-3.67,-2.54,-3.07,-3.14,-2.17,-2.77,615.42,1080.096,830.731,800.155,0,0,0,0
483,62,Mujer,8.6,129,39.2,35,0,1,0.255,45,120,-0.65,36,0,0.59,1.24,-0.83,0.605,0.255,-1.78,-0.65,-1.18,-1.25,-0.27,-0.87,56.316,98.838,76.019,73.221,0,0,0,0
484,54,Hombre,7,126,47.2,14,1,0,-0.015,14,117,-0.26,36,0,0.1,1.48,-1.09,-0.015,-0.365,-0.26,0.86,0.34,0.26,0.31,-0.29,599.754,1052.602,809.584,779.787,0,0,0,0
485,83,Hombre,8.4,146,40.5,311,0,1,-0.265,239,133,-2.37,36,0,0.57,1.7,0.98,0.085,-0.265,-3.5,-2.37,-2.9,-2.97,-2.77,-3.37,384.143,674.191,518.538,499.453,0,0,0,0
486,81,Hombre,7,125,49,80,1,1,0.121,90,115,-2.21,36,0,0.74,-1.5,1.08,0.471,0.121,-3.34,-2.21,-2.74,-2.81,-2.03,-2.63,216.733,380.379,292.56,281.792,0,0,0,0
487,75,Mujer,9.2,125,39.5,605,0,1,-0.707,298,123,-0.84,36,0,-1.31,1.59,-0.05,-0.357,-0.707,-1.97,-0.84,-1.37,-1.44,-1.9,-2.5,422.912,742.234,570.872,549.86,0,0,0,0
488,72,Mujer,6.6,171,49.9,224,1,0,-0.545,130,185,-1.72,36,0,-0.58,0.59,-1.15,-0.545,-0.895,-1.72,-0.59,-1.12,-1.19,-1.93,-2.53,505.841,887.778,682.813,657.682,0,0,0,0
489,52,Mujer,8.4,134,47.2,12,0,1,-0.23,10,121,-1.12,36,0,-1.35,-1.15,0.6,0.12,-0.23,-2.25,-1.12,-1.65,-1.72,-1.47,-2.07,1624.938,2851.855,2193.437,2112.706,0,0,0,0
490,44,Hombre,9.3,137,50.5,74,0,0,0.243,94,133,-1.56,36,0,-0.42,0.8,0.92,0.243,-0.107,-1.56,-0.44,-0.96,-1.04,-0.6,-1.2,639.63,1122.586,863.411,831.632,0,0,0,0
491,85,Hombre,6.3,125,43.7,954,1,0,-0.748,452,126,-3.18,36,0,-0.01,2.15,1.39,-0.748,-1.098,-3.18,-2.06,-2.58,-2.66,-3.71,-4.31,172.923,303.489,233.421,224.83,0,0,0,0
492,67,Mujer,8.6,127,21.6,97,0,1,0.004,97,134,-1.98,36,0,2,0.32,-0.56,0.354,0.004,-3.11,-1.98,-2.51,-2.58,-1.98,-2.58,147.169,258.29,198.658,191.346,0,0,0,0
493,56,Mujer,6,120,34.3,48,0,0,-0.107,43,115,-0.83,36,0,0.3,2.38,-0.33,-0.107,-0.457,-0.83,0.29,-0.23,-0.31,-0.39,-0.99,749.417,1315.267,1011.607,974.374,0,0,0,0
494,79,Hombre,7.7,127,47.9,63,1,1,-0.695,31,125,-1.53,36,0,1.04,1.18,0.16,-0.345,-0.695,-2.66,-1.53,-2.06,-2.13,-2.57,-3.17,3879.179,6808.171,5236.344,5043.617,0,0,0,0
495,58,Hombre,7,122,51.1,4,0,1,0.111,4,119,0.94,36,0,-0.05,0.06,-1.9,0.461,0.111,-0.19,0.94,0.41,0.34,1.1,0.5,2026.041,3555.812,2734.869,2634.21,0,0,0,0
496,59,Mujer,7.4,131,63.4,146,1,1,-0.188,121,121,-0.66,36,0,1.42,-0.91,-0.89,0.162,-0.188,-1.79,-0.66,-1.19,-1.26,-0.94,-1.54,968.406,1699.605,1307.211,1259.099,0,0,0,0
497,68,Hombre,8.4,120,29.2,113,0,0,-0.352,79,109,-2.17,36,0,-1.22,0.38,0.23,-0.352,-0.702,-2.17,-1.05,-1.57,-1.65,-2.1,-2.7,372.531,653.812,502.864,484.356,0,0,0,0
498,50,Hombre,8.4,140,58.8,216,0,1,-0.605,118,144,-0.33,36,0,0.27,-0.37,0.24,-0.255,-0.605,-1.46,-0.33,-0.86,-0.93,-1.24,-1.84,282.549,495.889,381.401,367.364,0,0,0,0
499,59,Hombre,7.8,131,43.9,55,0,0,0.256,71,139,-0.54,36,0,-0.81,-0.59,-0.24,0.256,-0.094,-0.54,0.59,0.06,-0.01,0.45,-0.15,331.279,581.412,447.18,430.721,0,0,0,0
500,53,Mujer,5.8,138,40.3,16,0,0,0.357,23,122,-2,36,0,-1.16,0.76,-1.26,0.357,0.007,-2,-0.88,-1.4,-1.48,-0.86,-1.46,88.302,154.974,119.195,114.808,0,0,0,0
501,76,Hombre,8.2,148,39.6,147,0,0,0.337,206,156,-4.88,36,0,1.89,0.25,-0.38,0.337,-0.013,-4.88,-3.75,-4.28,-4.35,-3.77,-4.37,52.905,92.852,71.415,68.786,0,0,0,0
502,67,Mujer,8.1,158,49.6,73,0,0,0.34,103,159,-3.36,36,0,0.02,-1.16,0.46,0.34,-0.01,-3.36,-2.24,-2.76,-2.84,-2.25,-2.85,391.985,687.956,529.125,509.65,0,0,0,0
503,61,Mujer,9.1,134,54.5,66,1,1,-0.034,64,141,-2.04,36,0,-1.37,0.39,-1.52,0.316,-0.034,-3.16,-2.04,-2.56,-2.64,-2.09,-2.69,215.714,378.589,291.183,280.466,0,0,0,0
504,77,Mujer,6.8,147,45.7,459,1,1,-0.164,390,139,-2.38,36,0,1.65,-0.68,-0.73,0.186,-0.164,-3.5,-2.38,-2.9,-2.98,-2.63,-3.23,110.696,194.278,149.424,143.924,0,0,0,0
505,64,Mujer,7.1,141,56.3,82,1,0,-1.105,27,144,-0.28,36,0,-1.04,1.18,-0.6,-1.105,-1.455,-0.28,0.84,0.32,0.24,-1.34,-1.94,1910.511,3353.051,2578.92,2484.001,0,0,0,0
506,62,Mujer,7.9,134,47.6,936,0,1,-0.574,527,129,-2.37,36,0,0.95,-0.04,-1.22,-0.224,-0.574,-3.5,-2.37,-2.9,-2.97,-3.23,-3.83,353.257,619.986,476.847,459.297,0,0,0,0
507,65,Hombre,6,143,51.1,87,1,1,-0.982,33,147,-0.02,36,0,-1.4,-0.43,0.87,-0.632,-0.982,-1.15,-0.02,-0.55,-0.62,-1.49,-2.09,744.269,1306.233,1004.659,967.681,0,0,0,0
508,58,Hombre,8.5,133,67.3,30,0,1,-0.289,22,109,-1.97,36,0,-0.33,-1.46,1.36,0.061,-0.289,-3.1,-1.97,-2.5,-2.57,-2.41,-3.01,816.083,1432.271,1101.597,1061.053,0,0,0,0
509,65,Hombre,7.8,125,47,109,0,1,0.497,179,112,-1.8,36,0,0.64,1.4,1.89,0.847,0.497,-2.92,-1.8,-2.32,-2.4,-1.05,-1.65,22.507,39.502,30.382,29.264,1,0,1,1
510,73,Hombre,6.7,137,66.7,18,0,1,0.176,21,145,-0.65,36,0,-0.65,-0.57,0.24,0.526,0.176,-1.77,-0.65,-1.17,-1.25,-0.38,-0.98,1733.632,3042.619,2340.159,2254.028,0,0,0,0
511,66,Hombre,6.6,145,35.3,132,0,0,-0.157,113,130,-1.79,36,0,-0.94,0.69,-0.02,-0.157,-0.507,-1.79,-0.66,-1.19,-1.26,-1.42,-2.02,789.684,1385.938,1065.962,1026.728,0,0,0,0
512,80,Hombre,8,132,38.1,148,0,0,-0.051,141,121,-3.35,36,0,0.51,-0.97,1.13,-0.051,-0.401,-3.35,-2.22,-2.75,-2.82,-2.82,-3.42,551.149,967.297,743.974,716.591,0,0,0,0
513,58,Mujer,9.6,151,45.6,230,0,1,0.185,277,152,-2.32,36,0,-1.49,-0.31,0.05,0.535,0.185,-3.45,-2.32,-2.85,-2.92,-2.05,-2.65,1781.698,3126.977,2405.04,2316.521,0,0,0,0
514,61,Mujer,6.3,155,44.9,184,0,0,-0.221,147,150,-3,36,0,0.75,-0.45,-1.28,-0.221,-0.571,-3,-1.88,-2.4,-2.48,-2.73,-3.33,63.785,111.947,86.101,82.932,0,0,0,0
515,77,Mujer,7.9,133,45.6,20,0,0,0.287,27,139,-2.35,36,0,-0.27,-0.04,0.5,0.287,-0.063,-2.35,-1.22,-1.75,-1.82,-1.32,-1.92,919.435,1613.659,1241.108,1195.428,0,0,0,0
516,52,Hombre,7,130,44.6,12,1,1,0.115,13,132,-2.23,36,0,-0.77,1.1,0.12,0.465,0.115,-3.35,-2.23,-2.75,-2.83,-2.05,-2.65,285.355,500.813,385.189,371.012,0,0,0,0
517,50,Mujer,8.7,127,53.7,10,0,1,-0.201,8,127,-1.21,36,0,-0.72,-1.79,-1.85,0.149,-0.201,-2.34,-1.21,-1.74,-1.81,-1.51,-2.11,172.29,302.379,232.568,224.008,0,0,0,0
518,70,Mujer,10.4,141,47.2,602,0,1,-0.768,279,128,-3.76,36,0,0.97,-0.11,1.05,-0.418,-0.768,-4.88,-3.76,-4.28,-4.36,-4.91,-5.51,312.995,549.324,422.5,406.949,0,0,0,0
519,60,Hombre,8.5,141,51.2,29,0,0,0.057,31,141,-0.53,36,0,0.21,3.41,-1.48,0.057,-0.293,-0.53,0.59,0.07,-0.01,0.15,-0.45,1965.012,3448.704,2652.489,2554.863,0,0,0,0
520,54,Mujer,8.6,122,52.8,17,0,1,-0.72,8,115,-0,36,0,0.19,0.21,0.1,-0.37,-0.72,-1.13,-0,-0.53,-0.6,-1.08,-1.68,7909.787,13882.109,10677.096,10284.119,0,0,0,0
521,55,Hombre,8.6,139,53.3,175,0,1,-0.17,148,139,-3.03,36,0,-2.79,-0.56,0.97,0.18,-0.17,-4.16,-3.03,-3.56,-3.63,-3.29,-3.89,2003.595,3516.418,2704.57,2605.026,0,0,0,0
522,72,Hombre,7.2,132,53.5,163,0,0,-0.877,68,145,-0.16,36,0,-0.75,-1.71,1.13,-0.877,-1.227,-0.16,0.97,0.44,0.37,-0.87,-1.47,4396.437,7715.987,5934.569,5716.143,0,0,0,0
523,57,Mujer,6.9,162,42.1,112,0,0,0.465,178,165,-2.08,20.6,1,1.23,-0.64,0.85,0.465,0.115,-2.08,-0.96,-1.48,-1.56,-0.79,-1.39,20.603,36.16,27.812,26.788,1,0,1,1
524,64,Mujer,9.7,149,29.5,244,0,1,0.045,255,139,-2.29,27.37,1,-0.31,-0.09,0.13,0.395,0.045,-3.41,-2.29,-2.81,-2.89,-2.22,-2.82,15.595,27.37,21.051,20.276,1,1,1,1
525,56,Hombre,6.2,147,51.6,266,0,1,-0.052,253,142,-0.58,36,0,0.32,-0.32,-0.35,0.298,-0.052,-1.7,-0.58,-1.1,-1.18,-0.65,-1.25,397.032,696.812,535.937,516.211,0,0,0,0
526,68,Hombre,6.9,108,54.4,199,0,1,-0.138,173,96,0.06,36,0,-1.01,-0.48,0.21,0.212,-0.138,-1.06,0.06,-0.46,-0.54,-0.14,-0.74,381.162,668.959,514.514,495.577,0,0,0,0
527,57,Hombre,7.7,157,52.7,309,0,1,-0.212,250,153,-2.51,36,0,0.59,0.93,-0.12,0.138,-0.212,-3.64,-2.51,-3.04,-3.11,-2.83,-3.43,460.876,808.862,622.117,599.22,0,0,0,0
528,68,Mujer,10.1,140,42.9,192,0,1,0.258,249,134,-3.96,36,0,-1.44,0.62,-0.02,0.608,0.258,-5.08,-3.96,-4.48,-4.56,-3.57,-4.17,139.712,245.203,188.592,181.651,0,0,0,0
529,59,Mujer,9.9,128,32.5,854,0,0,-0.315,623,135,-3.32,36,0,0.52,0.12,0.42,-0.315,-0.665,-3.32,-2.2,-2.72,-2.8,-3.19,-3.79,55.361,97.162,74.73,71.979,0,0,0,0
530,83,Mujer,9.8,125,48.3,424,0,1,0.164,500,112,-5.58,36,0,2.48,-0.07,1.55,0.514,0.164,-6.71,-5.58,-6.11,-6.18,-5.34,-5.94,100.783,176.88,136.043,131.036,0,0,0,0
531,68,Hombre,8.4,149,53.8,314,0,1,-0.053,298,148,-3.01,36,0,0.01,0.64,-0.09,0.297,-0.053,-4.14,-3.01,-3.54,-3.61,-3.09,-3.69,28.267,49.611,38.157,36.753,1,0,0,0
532,45,Mujer,6.7,139,52.7,80,0,1,-0.004,80,130,-1.37,36,0,-0.19,-1.55,-0.23,0.346,-0.004,-2.5,-1.37,-1.9,-1.97,-1.38,-1.98,1382.945,2427.144,1866.781,1798.073,0,0,0,0
533,78,Mujer,7.5,156,40.8,195,1,0,0.159,229,154,-3.34,36,0,-0.08,-0.07,-0.15,0.159,-0.191,-3.34,-2.22,-2.74,-2.82,-2.51,-3.11,266.108,467.034,359.209,345.988,0,0,0,0
534,63,Mujer,6.8,132,61.8,107,0,1,-0.589,59,130,-0.48,36,0,-0.23,-1.39,-0.55,-0.239,-0.589,-1.6,-0.48,-1,-1.08,-1.36,-1.96,2573.171,4516.055,3473.417,3345.576,0,0,0,0
535,66,Mujer,8.2,144,36.2,52,0,0,1.405,212,141,-2.73,36,0,-0.26,-2.96,-1.79,1.405,1.055,-2.73,-1.6,-2.13,-2.2,-0.02,-0.62,47.562,83.473,64.201,61.838,0,0,0,0
536,78,Hombre,8.7,140,53.2,166,1,0,-0.221,133,142,-3.89,36,0,-0.27,0.89,1.36,-0.221,-0.571,-3.89,-2.76,-3.29,-3.36,-3.62,-4.22,67.238,118.006,90.761,87.421,0,0,0,0
537,68,Hombre,6.2,142,53.1,45,0,0,-0.139,39,126,0.86,36,0,-0.64,-1.67,-0.08,-0.139,-0.489,0.86,1.99,1.46,1.39,1.26,0.66,1096.885,1925.092,1480.639,1426.144,0,0,0,0
538,90,Hombre,8.2,140,47.6,25,0,0,1.33,95,144,-5.47,9.99,1,1.07,-1.69,-1.39,1.33,0.98,-5.47,-4.35,-4.87,-4.95,-2.88,-3.48,9.99,17.533,13.485,12.989,1,1,1,1
539,59,Mujer,7.2,126,42.6,221,0,1,-0.15,190,115,-2.03,36,0,-0.86,-0.25,1.55,0.2,-0.15,-3.15,-2.03,-2.55,-2.63,-2.25,-2.85,145.412,255.205,196.285,189.061,0,0,0,0
540,68,Hombre,7.6,119,39.5,139,0,0,0.225,174,119,-1.66,36,0,-1.97,0.29,0.82,0.225,-0.125,-1.66,-0.53,-1.06,-1.13,-0.72,-1.32,532.568,934.687,718.892,692.433,0,0,0,0
541,69,Mujer,6.3,131,63.2,17,0,0,0.235,22,128,-0.08,36,0,0.74,0.71,-2.24,0.235,-0.115,-0.08,1.05,0.52,0.45,0.88,0.28,2648.044,4647.461,3574.485,3442.924,0,0,0,0
542,72,Mujer,9.1,145,40.1,60,0,0,0.524,101,145,-4.92,36,0,0.81,-0.66,1.14,0.524,0.174,-4.92,-3.79,-4.32,-4.39,-3.53,-4.13,306.801,538.452,414.138,398.895,0,0,0,0
543,72,Hombre,7.4,126,43,90,0,0,0.366,130,127,-1.16,36,0,1.39,-1.73,-0.32,0.366,0.016,-1.16,-0.03,-0.56,-0.63,-0.01,-0.61,37.532,65.87,50.663,48.798,0,0,0,0
544,69,Mujer,7.6,144,48.9,45,1,0,-0.829,20,136,-1.9,36,0,-1.59,0.44,1.3,-0.829,-1.179,-1.9,-0.77,-1.3,-1.37,-2.54,-3.14,1559.209,2736.498,2104.712,2027.247,0,0,0,0
545,52,Hombre,5.9,109,60.3,21,0,0,0.362,30,116,0.48,36,0,-1.09,1.04,1.55,0.362,0.012,0.48,1.61,1.08,1.01,1.62,1.02,717.893,1259.942,969.055,933.388,0,0,0,0
546,60,Hombre,6.9,119,30.4,269,1,0,0.236,341,117,-4.29,10.22,1,-0.99,-0.34,0.23,0.236,-0.114,-4.29,-3.17,-3.69,-3.77,-3.34,-3.94,10.217,17.931,13.791,13.284,1,1,1,1
547,65,Hombre,7.3,119,46.1,488,0,0,0.856,1148,115,-3.1,36,0,1.87,-0.23,-1.36,0.856,0.506,-3.1,-1.97,-2.5,-2.57,-1.21,-1.81,408.337,716.653,551.197,530.91,0,0,0,0
548,59,Hombre,6.3,149,41.5,24,0,1,0.329,33,147,-1.04,36,0,0.66,0.6,0.23,0.679,0.329,-2.16,-1.04,-1.56,-1.64,-0.55,-1.15,414.516,727.499,559.538,538.944,0,0,0,0
549,67,Mujer,7.4,146,44.3,26,0,1,0.091,28,155,-0.81,36,0,0.57,-1.41,-0.84,0.441,0.091,-1.94,-0.81,-1.34,-1.41,-0.67,-1.27,775.268,1360.638,1046.503,1007.986,0,0,0,0
550,56,Hombre,7.3,140,33.4,70,0,1,-0.858,30,136,0.3,36,0,0.28,-0.72,1.3,-0.508,-0.858,-0.82,0.3,-0.22,-0.3,-0.98,-1.58,741.563,1301.483,1001.005,964.163,0,0,0,0
551,73,Hombre,5.8,170,42.9,76,0,1,0.319,105,165,-2.41,36,0,0.14,-0.2,1.21,0.669,0.319,-3.54,-2.41,-2.94,-3.01,-1.93,-2.53,580.101,1018.109,783.055,754.234,0,0,0,0
552,66,Hombre,5.7,143,48.3,118,0,1,-0.64,62,142,0.17,36,0,0.63,-0,-1.7,-0.29,-0.64,-0.95,0.17,-0.35,-0.43,-0.79,-1.39,100.169,175.802,135.214,130.237,0,0,0,0
553,69,Mujer,7.6,124,45.6,87,0,0,-0.466,55,123,0.77,36,0,0.05,-1.3,0.15,-0.466,-0.816,0.77,1.89,1.37,1.29,0.67,0.07,1579.658,2772.386,2132.315,2053.834,0,0,0,0
554,62,Mujer,8.1,135,53.4,764,0,0,-0.707,377,146,-2.22,36,0,0.1,-0.84,0.05,-0.707,-1.057,-2.22,-1.09,-1.62,-1.69,-2.68,-3.28,690.947,1212.649,932.68,898.353,0,0,0,0
555,57,Mujer,6.4,152,50,82,0,0,0.024,84,157,-1.44,36,0,-1,1.7,-0.56,0.024,-0.326,-1.44,-0.31,-0.84,-0.91,-0.8,-1.4,1359.176,2385.427,1834.695,1767.168,0,0,0,0
556,79,Mujer,7.3,133,58.5,85,0,0,-0.5,52,122,-1.33,36,0,1.31,1.22,-1.44,-0.5,-0.85,-1.33,-0.21,-0.73,-0.81,-1.48,-2.08,2066.455,3626.742,2789.423,2686.756,0,0,0,0
557,55,Hombre,5.8,135,53.4,162,1,1,-0.608,88,124,0.6,36,0,0.6,-1.28,1.58,-0.258,-0.608,-0.52,0.6,0.08,0,-0.31,-0.91,473.055,830.237,638.557,615.055,0,0,0,0
558,56,Mujer,7,145,48.1,224,0,0,0.594,406,147,-1.8,3.07,1,-1.51,-2,0.06,0.594,0.244,-1.8,-0.67,-1.2,-1.27,-0.31,-0.91,3.075,5.396,4.151,3.998,1,1,1,1
559,57,Hombre,8,164,46.5,153,0,1,-0.79,69,156,-1.51,36,0,-0.95,0.93,1.35,-0.44,-0.79,-2.64,-1.51,-2.04,-2.11,-2.7,-3.3,857.723,1505.351,1157.805,1115.191,0,0,0,0
560,82,Hombre,7.9,149,33.6,283,0,0,-0.663,146,148,-4.56,36,0,0.19,-1.77,0.1,-0.663,-1.013,-4.56,-3.43,-3.96,-4.03,-4.95,-5.55,810.016,1421.622,1093.407,1053.164,0,0,0,0
561,63,Hombre,7.9,157,36.2,719,1,1,-0.257,556,141,-2.11,36,0,-2.01,-1.06,-0.49,0.093,-0.257,-3.23,-2.11,-2.63,-2.71,-2.5,-3.1,105.636,185.398,142.594,137.346,0,0,0,0
562,75,Mujer,8,139,43.7,1273,0,0,-0.748,602,132,-2.8,36,0,1.3,0.78,0.74,-0.748,-1.098,-2.8,-1.67,-2.2,-2.27,-3.32,-3.92,423.342,742.988,571.452,550.419,0,0,0,0
563,54,Mujer,8.5,131,33.5,76,1,0,0.581,136,141,-4.02,36,0,1.55,0.13,0.53,0.581,0.231,-4.02,-2.89,-3.42,-3.49,-2.55,-3.15,104.968,184.225,141.692,136.477,0,0,0,0
564,60,Hombre,8.2,128,39.8,109,0,0,-0.385,74,118,-1.69,36,0,0.63,-0.24,0.27,-0.385,-0.735,-1.69,-0.56,-1.09,-1.16,-1.66,-2.26,1014.447,1780.411,1369.361,1318.961,0,0,0,0
565,62,Mujer,6.3,133,49,181,0,0,-0.553,104,134,-0.93,36,0,0.08,-1.26,-0.37,-0.553,-0.903,-0.93,0.2,-0.33,-0.4,-1.16,-1.76,424.435,744.907,572.927,551.84,0,0,0,0
566,71,Hombre,5.5,147,34.8,395,0,1,-1.393,98,137,-0.28,36,0,0.7,-1.49,0.4,-1.043,-1.393,-1.41,-0.28,-0.81,-0.88,-2.37,-2.97,1170.355,2054.038,1579.815,1521.669,0,0,0,0
567,61,Mujer,8.8,150,48.6,226,0,0,-0.241,178,158,-1.28,36,0,-0.73,-1.94,-0.26,-0.241,-0.591,-1.28,-0.15,-0.68,-0.75,-1.04,-1.64,263.133,461.813,355.193,342.12,0,0,0,0
568,71,Hombre,8.4,151,26.1,162,0,0,0.359,232,144,-7.24,36,0,0.49,-0.33,-0.65,0.359,0.009,-7.24,-6.12,-6.64,-6.72,-6.11,-6.71,86.811,152.358,117.183,112.87,0,0,0,0
569,65,Hombre,9.4,117,50.5,997,1,0,0.009,1006,128,-1.36,24.34,1,1.52,-0.2,1.78,0.009,-0.341,-1.36,-0.24,-0.76,-0.84,-0.75,-1.35,24.336,42.71,32.849,31.64,1,0,1,1
570,66,Hombre,7,122,46.1,122,0,1,-1.164,38,116,0.72,36,0,0.91,-0.48,1.84,-0.814,-1.164,-0.4,0.72,0.2,0.12,-1.02,-1.62,708.728,1243.857,956.683,921.472,0,0,0,0
571,85,Mujer,8.3,132,42.9,537,1,1,-0.2,440,126,-1.94,36,0,0.57,1.14,0.7,0.15,-0.2,-3.06,-1.94,-2.46,-2.54,-2.24,-2.84,90.251,158.396,121.827,117.343,0,0,0,0
572,57,Hombre,7.6,127,50.5,110,1,1,-0.512,66,127,0.17,36,0,0.28,0.36,0.51,-0.162,-0.512,-0.96,0.17,-0.36,-0.43,-0.6,-1.2,2902.838,5094.64,3918.422,3774.202,0,0,0,0
573,74,Mujer,6.6,136,37.5,52,0,1,-0.171,44,132,-1.99,36,0,0.23,1.14,1.48,0.179,-0.171,-3.12,-1.99,-2.52,-2.59,-2.25,-2.85,336.592,590.738,454.352,437.629,0,0,0,0
574,75,Mujer,8,121,35.8,652,0,1,0.321,898,112,-4.23,36,0,1.43,-0.77,0.27,0.671,0.321,-5.36,-4.23,-4.76,-4.83,-3.75,-4.35,229.813,403.335,310.216,298.798,0,0,0,0
575,81,Mujer,10.9,132,40.3,86,0,0,-0.023,84,132,-2.99,36,0,1.37,-0.25,1.48,-0.023,-0.373,-2.99,-1.87,-2.39,-2.47,-2.43,-3.03,148.676,260.935,200.692,193.305,0,0,0,0
576,67,Mujer,9.1,128,37.7,460,1,1,-0.232,365,126,-4.13,36,0,0.65,-0.18,-0.79,0.118,-0.232,-5.26,-4.13,-4.66,-4.73,-4.48,-5.08,179.63,315.261,242.476,233.551,0,0,0,0
577,67,Hombre,8.4,133,50.3,16,1,1,-0.99,6,127,0.82,36,0,-0.27,0.86,-0.15,-0.64,-0.99,-0.3,0.82,0.3,0.22,-0.66,-1.26,934.605,1640.283,1261.585,1215.152,0,0,0,0
578,66,Hombre,6.6,141,43.5,43,0,1,-0.793,19,133,-0.72,36,0,0.67,-0.6,0.58,-0.443,-0.793,-1.84,-0.72,-1.24,-1.32,-1.91,-2.51,2199.067,3859.482,2968.43,2859.175,0,0,0,0
579,71,Mujer,9.2,125,46.8,28,0,0,0.603,51,133,-3.48,36,0,-0.27,0.84,0.62,0.603,0.253,-3.48,-2.36,-2.88,-2.96,-1.98,-2.58,115.213,202.204,155.521,149.797,0,0,0,0
580,70,Hombre,8.4,127,33.3,278,0,0,0.347,393,127,-4.42,36,0,-1.26,-0.08,-1.3,0.347,-0.003,-4.42,-3.29,-3.82,-3.89,-3.3,-3.9,721.91,1266.992,974.477,938.611,0,0,0,0
581,61,Hombre,7.4,155,53.9,127,0,0,0.03,131,164,-1.79,36,0,0.44,-2.66,-0.13,0.03,-0.32,-1.79,-0.67,-1.19,-1.27,-1.15,-1.75,668.703,1173.61,902.654,869.432,0,0,0,0
582,73,Mujer,7.9,136,50.7,132,0,1,0.182,158,130,-2.12,36,0,-0.58,1.34,-0.54,0.532,0.182,-3.25,-2.12,-2.65,-2.72,-1.85,-2.45,287.849,505.191,388.556,374.255,0,0,0,0
583,70,Hombre,6.7,117,46.1,70,0,1,0.153,82,104,-1.56,36,0,0.61,1.22,0.33,0.503,0.153,-2.69,-1.56,-2.09,-2.16,-1.33,-1.93,338.407,593.923,456.802,439.989,0,0,0,0
584,71,Mujer,9.1,122,38.2,150,1,1,-0.21,122,108,-0.81,1.21,1,-0.77,1.1,0.67,0.14,-0.21,-1.93,-0.81,-1.33,-1.41,-1.12,-1.72,0.691,1.212,0.932,0.898,1,1,1,1
585,90,Hombre,9.2,137,38.4,519,1,0,0.296,697,138,-6.4,36,0,0.54,1.08,0.21,0.296,-0.054,-6.4,-5.28,-5.8,-5.88,-5.36,-5.96,61.405,107.769,82.888,79.837,0,0,0,0
586,67,Mujer,8.3,122,60.9,419,0,1,0.069,449,113,-2.28,36,0,0.59,0.89,-0.38,0.419,0.069,-3.4,-2.28,-2.8,-2.88,-2.17,-2.77,162.833,285.781,219.802,211.712,0,0,0,0
587,59,Hombre,8.3,144,70.1,49,0,1,0.383,72,145,-1.02,36,0,0.59,0.2,0.29,0.733,0.383,-2.15,-1.02,-1.55,-1.62,-0.45,-1.05,215.128,377.561,290.392,279.704,0,0,0,0
588,68,Hombre,10.5,131,33.6,377,0,0,0.65,722,131,-5.16,36,0,-0.68,-0.78,-0.12,0.65,0.3,-5.16,-4.04,-4.56,-4.64,-3.59,-4.19,311.751,547.14,420.82,405.332,0,0,0,0
589,61,Hombre,7.1,146,45,46,0,1,0.24,58,135,-2.52,36,0,-0.98,0.77,-0.62,0.59,0.24,-3.64,-2.52,-3.04,-3.12,-2.16,-2.76,338.238,593.626,456.574,439.769,0,0,0,0
590,56,Mujer,8.1,121,44.9,305,0,1,-0.848,131,117,-1.76,36,0,0.87,-1.03,-0.33,-0.498,-0.848,-2.88,-1.76,-2.28,-2.36,-3.03,-3.63,1258.201,2208.211,1698.393,1635.883,0,0,0,0
591,60,Mujer,6.7,129,46,10,0,0,0.142,12,132,-2.02,36,0,0.19,-1.69,-0.22,0.142,-0.208,-2.02,-0.9,-1.42,-1.5,-1.21,-1.81,3538.782,6210.755,4776.856,4601.041,0,0,0,0
592,65,Hombre,8,131,51.7,103,0,1,-0.049,98,120,-1.68,36,0,-2.81,2.16,1.41,0.301,-0.049,-2.8,-1.68,-2.2,-2.28,-1.75,-2.35,166.085,291.488,224.191,215.939,0,0,0,0
593,74,Hombre,6.2,119,32.6,10,0,1,-0.518,6,113,0.19,36,0,0.21,1.79,-0.77,-0.168,-0.518,-0.94,0.19,-0.34,-0.41,-0.59,-1.19,4576.454,8031.927,6177.567,5950.198,0,0,0,0
594,68,Hombre,6.5,127,47,167,1,0,0.602,305,122,-3.13,36,0,-0.72,0.18,0.32,0.602,0.252,-3.13,-2,-2.53,-2.6,-1.62,-2.22,46.653,81.878,62.975,60.657,0,0,0,0
595,56,Hombre,7.9,127,47.5,261,0,1,-0.037,251,126,-2.39,36,0,-0.9,-0.56,-0.08,0.313,-0.037,-3.51,-2.39,-2.91,-2.99,-2.44,-3.04,290.441,509.74,392.054,377.625,0,0,0,0
596,62,Mujer,6.5,118,59.6,146,0,1,-0.484,90,121,1.11,36,0,0.45,0.23,-2.01,-0.134,-0.484,-0.01,1.11,0.59,0.51,0.39,-0.21,3221.015,5653.058,4347.916,4187.888,0,0,0,0
597,49,Hombre,7.9,148,51.7,236,0,1,-0.024,230,147,-2.36,36,0,-1.29,-0.12,-0.98,0.326,-0.024,-3.49,-2.36,-2.89,-2.96,-2.4,-3,848.083,1488.432,1144.792,1102.658,0,0,0,0
598,62,Hombre,8.8,139,46.7,140,1,0,0.55,243,150,-3.93,36,0,-1.01,0.04,-1.49,0.55,0.2,-3.93,-2.81,-3.33,-3.41,-2.51,-3.11,502.564,882.028,678.391,653.422,0,0,0,0
599,51,Hombre,6.9,131,49.2,152,1,0,0.32,209,126,-2.49,1.43,1,0.19,1.14,0.77,0.32,-0.03,-2.49,-1.37,-1.89,-1.97,-1.41,-2.01,1.433,2.516,1.935,1.864,1,1,1,1
600,50,Hombre,8.4,110,64.1,163,0,1,-0.447,104,95,-2.28,36,0,0.91,0.3,-1.41,-0.097,-0.447,-3.41,-2.28,-2.81,-2.88,-2.95,-3.55,1165.913,2046.241,1573.818,1515.892,0,0,0,0
601,74,Mujer,6.7,123,47.4,360,1,0,-0.702,178,129,-1.69,36,0,-0.37,1.22,-0.13,-0.702,-1.052,-1.69,-0.57,-1.09,-1.17,-2.15,-2.75,987.271,1732.715,1332.677,1283.627,0,0,0,0
602,62,Mujer,7,145,45.3,46,1,0,0.682,91,146,-2.72,36,0,0.77,1.52,-1.23,0.682,0.332,-2.72,-1.6,-2.12,-2.2,-1.1,-1.7,1027.146,1802.698,1386.502,1335.471,0,0,0,0
603,64,Hombre,7.8,187,44,267,0,1,-0.471,167,190,-1.41,36,0,-0.85,0.01,1.39,-0.121,-0.471,-2.53,-1.41,-1.93,-2.01,-2.11,-2.71,179.434,314.916,242.21,233.295,0,0,0,0
604,69,Mujer,8.8,112,31.7,43,0,0,-0.903,17,101,1.14,3.53,1,-1.15,-0.74,-0.47,-0.903,-1.253,1.14,2.27,1.74,1.67,0.39,-0.21,3.531,6.197,4.767,4.591,1,1,1,1
605,59,Hombre,7.7,110,38,146,1,1,-0.111,131,91,-2.11,36,0,0.42,1.69,-0.11,0.239,-0.111,-3.23,-2.11,-2.63,-2.71,-2.27,-2.87,1424.585,2500.225,1922.989,1852.212,0,0,0,0
606,62,Hombre,7.7,135,42,190,0,1,-0.167,161,123,-2.46,36,0,2.15,1.37,-0.81,0.183,-0.167,-3.58,-2.46,-2.98,-3.06,-2.71,-3.31,679.113,1191.881,916.707,882.967,0,0,0,0
607,58,Hombre,9.9,135,62.7,156,0,1,-0.795,70,128,-0.51,36,0,1.42,-0.6,0.2,-0.445,-0.795,-1.64,-0.51,-1.04,-1.11,-1.71,-2.31,1460.718,2563.64,1971.763,1899.191,0,0,0,0
608,60,Mujer,7.8,126,42.8,97,0,0,0.36,139,122,-2.22,36,0,0.44,-0.16,1.18,0.36,0.01,-2.22,-1.09,-1.62,-1.69,-1.08,-1.68,850.045,1491.876,1147.441,1105.209,0,0,0,0
609,54,Mujer,7.8,131,37.4,492,1,0,0.311,671,132,-1.57,36,0,-0.53,1.24,-0.48,0.311,-0.039,-1.57,-0.45,-0.97,-1.05,-0.5,-1.1,264.64,464.457,357.226,344.078,0,0,0,0
610,72,Mujer,6.9,165,57.7,160,0,0,1.221,542,164,-5.27,36,0,0.88,0.64,0.25,1.221,0.871,-5.27,-4.14,-4.67,-4.74,-2.84,-3.44,273.624,480.226,369.354,355.76,0,0,0,0
611,70,Hombre,6.8,131,26.1,50,0,0,0.158,59,113,-3.68,36,0,0.05,-1.11,1.99,0.158,-0.192,-3.68,-2.56,-3.08,-3.16,-2.84,-3.44,771.571,1354.149,1041.512,1003.178,0,0,0,0
612,56,Hombre,7.3,151,46.4,436,1,1,0.129,496,147,-2.74,36,0,-1.44,-2.18,0.68,0.479,0.129,-3.86,-2.74,-3.26,-3.34,-2.54,-3.14,881.804,1547.615,1190.311,1146.501,0,0,0,0
613,82,Mujer,8.5,143,38.5,56,0,0,-0.002,56,130,-3.32,36,0,-0.41,0.1,0.85,-0.002,-0.352,-3.32,-2.19,-2.72,-2.79,-2.72,-3.32,226.054,396.738,305.141,293.911,0,0,0,0
614,62,Hombre,7.6,129,45.3,1802,0,1,-0.27,1376,114,-1.94,36,0,0.66,0.25,-0.41,0.08,-0.27,-3.06,-1.94,-2.46,-2.54,-2.34,-2.94,450.475,790.608,608.078,585.697,0,0,0,0
615,61,Hombre,8.9,140,38.4,307,0,1,0.125,348,133,-4.66,36,0,-1.91,-0.65,0.51,0.475,0.125,-5.79,-4.66,-5.19,-5.26,-4.48,-5.08,260.954,457.989,352.251,339.286,0,0,0,0
616,49,Hombre,6.7,127,49.8,281,0,0,-0.884,116,135,-0.54,36,0,-0.08,-2.02,-0.99,-0.884,-1.234,-0.54,0.59,0.06,-0.01,-1.26,-1.86,1135.842,1993.464,1533.226,1476.795,0,0,0,0
617,64,Mujer,7.5,135,31.3,53,0,0,0.323,73,151,-2.7,36,0,0.61,0.23,0.99,0.323,-0.027,-2.7,-1.57,-2.1,-2.17,-1.61,-2.21,1516.453,2661.458,2046.998,1971.657,0,0,0,0
618,55,Hombre,7.6,106,47.5,293,0,1,-0.745,139,111,-0.16,36,0,-0.73,0.79,1.01,-0.395,-0.745,-1.28,-0.16,-0.68,-0.76,-1.28,-1.88,341.773,599.83,461.345,444.365,0,0,0,0
619,68,Mujer,7.9,131,41.5,158,0,0,0.539,271,128,-4.05,36,0,2.08,-0.05,-1.09,0.539,0.189,-4.05,-2.92,-3.45,-3.52,-2.64,-3.24,449.46,788.827,606.708,584.377,0,0,0,0
620,66,Mujer,8.6,108,47.1,440,1,1,-0.555,253,80,-3.74,36,0,0.63,0.23,0.71,-0.205,-0.555,-4.87,-3.74,-4.27,-4.34,-4.57,-5.17,598.567,1050.517,807.981,778.242,0,0,0,0
621,73,Hombre,8.5,153,57,344,0,1,-0.087,315,131,-3.09,36,0,0.78,0.47,-0.58,0.263,-0.087,-4.21,-3.09,-3.61,-3.69,-3.22,-3.82,147.497,258.866,199.101,191.773,0,0,0,0
622,57,Hombre,7.6,118,60.5,124,0,1,-0.878,52,113,1.47,36,0,-0.73,0.91,0.74,-0.528,-0.878,0.34,1.47,0.94,0.87,0.15,-0.45,77.891,136.703,105.142,101.272,0,0,0,0
623,47,Hombre,6.8,158,58,56,0,1,0.213,69,155,-0.45,36,0,-1.09,-0,0.35,0.563,0.213,-1.57,-0.45,-0.97,-1.05,-0.13,-0.73,811.719,1424.612,1095.707,1055.379,0,0,0,0
624,68,Mujer,5.5,158,35.9,26,0,0,0.824,59,156,-3.32,36,0,0.36,1.31,0.37,0.824,0.474,-3.32,-2.2,-2.72,-2.8,-1.49,-2.09,428.911,752.761,578.969,557.659,0,0,0,0
625,68,Hombre,7.7,148,32.8,82,0,1,0.347,116,137,-4.96,36,0,0.46,-0.5,0.87,0.697,0.347,-6.08,-4.96,-5.48,-5.56,-4.44,-5.04,324.426,569.386,437.93,421.812,0,0,0,0
626,77,Hombre,8.9,135,48.1,299,0,0,-0.444,192,132,-3.34,36,0,-1.06,0.92,0.49,-0.444,-0.794,-3.34,-2.22,-2.74,-2.82,-3.41,-4.01,145.217,254.863,196.022,188.807,0,0,0,0
627,62,Hombre,8.4,132,45.2,157,0,0,0.794,347,129,-3.76,36,0,0.35,-0.74,0.88,0.794,0.444,-3.76,-2.63,-3.16,-3.23,-1.96,-2.56,216.847,380.579,292.713,281.94,0,0,0,0
628,69,Mujer,8.9,129,51.5,722,0,0,-0.373,497,134,-3.17,36,0,1.1,-1.15,1.72,-0.373,-0.723,-3.17,-2.04,-2.57,-2.64,-3.13,-3.73,280.749,492.73,378.972,365.023,0,0,0,0
629,69,Mujer,6.4,136,40.7,30,0,1,-0.473,19,119,0.48,36,0,0.24,-0.13,0.36,-0.123,-0.473,-0.65,0.48,-0.05,-0.12,-0.23,-0.83,3127.763,5489.395,4222.039,4066.644,0,0,0,0
630,59,Hombre,7.3,140,40.6,479,1,0,0.502,791,143,-4.55,36,0,2.26,-0.64,-0.15,0.502,0.152,-4.55,-3.42,-3.95,-4.02,-3.2,-3.8,133.712,234.672,180.493,173.85,0,0,0,0
631,48,Mujer,8,126,60.4,15,0,1,-0.279,11,122,-1.2,36,0,0.36,-1.04,-0.93,0.071,-0.279,-2.33,-1.2,-1.73,-1.8,-1.62,-2.22,1026.306,1801.222,1385.368,1334.378,0,0,0,0
632,57,Mujer,7.2,139,41.5,148,0,1,-0.433,96,118,-0.89,36,0,-2.06,0.18,-0.29,-0.083,-0.433,-2.02,-0.89,-1.42,-1.49,-1.54,-2.14,1044.821,1833.717,1410.36,1358.451,0,0,0,0
633,65,Mujer,8.2,141,51.2,507,1,0,-0.357,355,130,-1.98,36,0,0.77,-1.44,1.41,-0.357,-0.707,-1.98,-0.85,-1.38,-1.45,-1.91,-2.51,210.27,369.035,283.834,273.388,0,0,0,0
634,65,Mujer,8.7,146,39.4,46,0,0,0.259,60,149,-2.02,36,0,-0.84,-0.28,-1.51,0.259,-0.091,-2.02,-0.89,-1.42,-1.49,-1.03,-1.63,1437.504,2522.898,1940.427,1869.009,0,0,0,0
635,50,Hombre,7.8,141,45.6,31,0,1,-0.094,28,128,-0.87,36,0,-0.26,-0.13,-0.73,0.256,-0.094,-2,-0.87,-1.4,-1.47,-1.01,-1.61,256.891,450.857,346.766,334.003,0,0,0,0
636,63,Mujer,5.5,124,32.5,137,0,0,-0.387,93,124,-0.53,36,0,1.48,-0.3,-2.25,-0.387,-0.737,-0.53,0.6,0.07,-0,-0.51,-1.11,438.736,770.005,592.231,570.434,0,0,0,0
637,53,Hombre,7.5,152,37.5,104,0,0,-0.112,93,158,-1.99,36,0,-0.75,0.37,0.04,-0.112,-0.462,-1.99,-0.87,-1.39,-1.47,-1.56,-2.16,1304.419,2289.326,1760.781,1695.974,0,0,0,0
638,71,Hombre,9.1,142,45.2,118,1,1,0.09,129,138,-3.4,36,0,-0.61,-0.1,0.76,0.44,0.09,-4.52,-3.4,-3.92,-4,-3.26,-3.86,160.268,281.279,216.339,208.377,0,0,0,0
639,65,Mujer,7.7,143,39,210,0,0,-0.518,125,140,-3.9,36,0,0.92,0.18,-1.12,-0.518,-0.868,-3.9,-2.77,-3.3,-3.37,-4.08,-4.68,1019.884,1789.952,1376.699,1326.029,0,0,0,0
640,59,Mujer,7.4,109,67.1,88,0,1,-0.58,49,109,0.81,36,0,0.22,-1.45,0.26,-0.23,-0.58,-0.32,0.81,0.28,0.21,-0.06,-0.66,1197.355,2101.423,1616.26,1556.772,0,0,0,0
641,70,Hombre,7.3,133,52.2,79,0,0,-0.032,77,137,-2.07,36,0,0.03,-1.94,-0.96,-0.032,-0.382,-2.07,-0.94,-1.47,-1.54,-1.51,-2.11,122.347,214.725,165.151,159.072,0,0,0,0
642,55,Hombre,8.5,140,45,61,1,1,0.308,83,138,-2.73,36,0,-0.08,-0.85,-0.36,0.658,0.308,-3.85,-2.73,-3.25,-3.33,-2.27,-2.87,136.266,239.155,183.94,177.17,0,0,0,0
643,76,Mujer,7.9,161,31.1,482,0,0,-0.104,434,163,-4.99,36,0,-0.79,0.19,-0.61,-0.104,-0.454,-4.99,-3.86,-4.39,-4.46,-4.54,-5.14,333.499,585.308,450.176,433.607,0,0,0,0
644,56,Mujer,9.2,111,55.1,36,0,0,-0.018,35,100,-2.06,36,0,-0.94,0.47,-1.03,-0.018,-0.368,-2.06,-0.93,-1.46,-1.53,-1.49,-2.09,1671.953,2934.369,2256.9,2173.834,0,0,0,0
645,46,Mujer,9,147,51.2,122,0,1,0.548,211,145,-4.01,35.09,1,0.8,1.26,-0.75,0.898,0.548,-5.14,-4.01,-4.54,-4.61,-3.19,-3.79,19.991,35.085,26.985,25.992,1,1,1,1
646,55,Hombre,7.9,108,38.8,389,0,1,-0.395,262,105,-0.13,36,0,1.4,-2.21,1.26,-0.045,-0.395,-1.26,-0.13,-0.66,-0.73,-0.72,-1.32,678.058,1190.029,915.283,881.595,0,0,0,0
647,60,Mujer,5.5,132,58.5,81,0,1,-0.28,61,133,0.76,36,0,0.71,0.55,1.34,0.07,-0.28,-0.36,0.76,0.24,0.16,0.34,-0.26,518.309,909.661,699.644,673.893,0,0,0,0
648,62,Hombre,11.2,134,44.3,222,1,1,0.68,438,125,-4.67,36,0,-1.67,0.04,0.05,1.03,0.68,-5.8,-4.67,-5.2,-5.27,-3.65,-4.25,493.752,866.563,666.496,641.965,0,0,0,0
649,56,Mujer,10.5,122,54.2,291,0,0,-0.49,178,113,-2.95,36,0,0.51,0.42,-0.96,-0.49,-0.84,-2.95,-1.83,-2.35,-2.43,-3.09,-3.69,988.716,1735.251,1334.627,1285.505,0,0,0,0
650,60,Mujer,7.1,148,50.8,205,1,0,-0.011,203,131,-2.27,36,0,-1.8,-0.64,0.21,-0.011,-0.361,-2.27,-1.14,-1.67,-1.74,-1.68,-2.28,212.042,372.145,286.227,275.692,0,0,0,0
651,67,Mujer,8.1,144,47.5,32,1,0,-0.252,25,147,-1.33,36,0,0.69,0.8,0.4,-0.252,-0.602,-1.33,-0.21,-0.73,-0.81,-1.11,-1.71,135.479,237.773,182.877,176.146,0,0,0,0
652,67,Mujer,7.6,129,51.3,71,0,0,-0.296,53,131,-1.94,36,0,-1.15,1.54,-0.54,-0.296,-0.646,-1.94,-0.82,-1.34,-1.42,-1.79,-2.39,3753.32,6587.282,5066.452,4879.978,0,0,0,0
653,65,Hombre,10.7,154,41.7,1106,0,1,-0.339,788,150,-4.29,36,0,1.25,-0.02,0.35,0.011,-0.339,-5.41,-4.29,-4.81,-4.89,-4.8,-5.4,91.478,160.548,123.482,118.937,0,0,0,0
654,55,Hombre,5.5,138,57.3,59,0,0,0.614,109,130,-3.51,36,0,-1.45,2.4,1.19,0.614,0.264,-3.51,-2.39,-2.91,-2.99,-1.99,-2.59,1227.796,2154.849,1657.351,1596.351,0,0,0,0
655,66,Hombre,6.2,128,54.1,58,1,1,0.068,62,118,-1.8,36,0,1.04,1.12,1.41,0.418,0.068,-2.93,-1.8,-2.33,-2.4,-1.7,-2.3,496.319,871.066,669.96,645.302,0,0,0,0
656,78,Hombre,8.7,121,62,419,0,0,-0.147,362,124,-3.17,36,0,-0.41,1.11,1.02,-0.147,-0.497,-3.17,-2.04,-2.57,-2.64,-2.79,-3.39,1225.572,2150.946,1654.349,1593.46,0,0,0,0
657,56,Hombre,7.6,125,35.7,63,0,0,0.288,84,109,-2.08,36,0,1.39,-0.9,-1.15,0.288,-0.062,-2.08,-0.95,-1.48,-1.55,-1.05,-1.65,1556.147,2731.123,2100.579,2023.265,0,0,0,0
658,83,Hombre,8.2,120,48.4,221,0,0,0.836,510,125,-3.37,36,0,-0.22,-0.92,0.98,0.836,0.486,-3.37,-2.24,-2.77,-2.84,-1.51,-2.11,227.047,398.48,306.482,295.201,0,0,0,0
659,73,Hombre,8.8,125,50.1,241,0,0,-0.636,128,129,-2.58,36,0,1.91,0.43,-1.32,-0.636,-0.986,-2.58,-1.46,-1.98,-2.06,-2.94,-3.54,840.94,1475.896,1135.151,1093.371,0,0,0,0
660,51,Mujer,7.8,149,59.4,566,0,0,0.151,658,148,-3.26,36,0,-0.66,0.93,0.15,0.151,-0.199,-3.26,-2.14,-2.66,-2.74,-2.43,-3.03,114.265,200.541,154.242,148.565,0,0,0,0
661,54,Hombre,9.2,124,56.2,162,0,1,0.102,179,124,-0.24,36,0,-0.86,0.08,-2.01,0.452,0.102,-1.36,-0.24,-0.76,-0.84,-0.09,-0.69,1099.659,1929.962,1484.384,1429.751,0,0,0,0
662,61,Mujer,7.8,147,55.5,83,0,0,-0.453,53,146,-1.07,36,0,0.5,0.25,1.27,-0.453,-0.803,-1.07,0.06,-0.47,-0.54,-1.14,-1.74,2410.33,4230.262,3253.606,3133.855,0,0,0,0
663,64,Hombre,7,126,46.5,259,1,0,-0.534,152,122,-2.65,36,0,-1.21,-0.63,-3.03,-0.534,-0.884,-2.65,-1.52,-2.05,-2.12,-2.85,-3.45,1342.842,2356.762,1812.647,1745.932,0,0,0,0
664,55,Hombre,9.2,141,43.5,89,0,1,-0.251,69,133,-2.71,36,0,0.18,0.01,-0.16,0.099,-0.251,-3.83,-2.71,-3.23,-3.31,-3.08,-3.68,623.318,1093.957,841.391,810.423,0,0,0,0
665,58,Mujer,5.7,102,54.1,106,0,0,-0.116,94,110,-0.07,36,0,-0.63,1.42,0.32,-0.116,-0.466,-0.07,1.05,0.53,0.45,0.35,-0.25,186.919,328.054,252.315,243.028,0,0,0,0
666,68,Hombre,7.8,120,45.9,725,1,1,-0.847,311,108,-2.39,36,0,-0.56,2.79,-0.03,-0.497,-0.847,-3.52,-2.39,-2.92,-2.99,-3.67,-4.27,315.196,553.187,425.471,409.811,0,0,0,0
667,67,Hombre,5.5,121,47.2,46,0,0,0.369,67,111,-0.93,36,0,-1.77,-0.62,-0.61,0.369,0.019,-0.93,0.19,-0.33,-0.41,0.22,-0.38,1080.423,1896.201,1458.418,1404.74,0,0,0,0
668,56,Hombre,7.2,136,45.7,538,0,1,0.023,550,140,-1.01,36,0,3.48,-2.66,-1.07,0.373,0.023,-2.13,-1.01,-1.53,-1.61,-0.97,-1.57,374.611,657.463,505.672,487.06,0,0,0,0
669,59,Mujer,6.7,142,42.1,79,0,1,0.331,110,132,-1.32,36,0,-0.66,0.71,0.16,0.681,0.331,-2.44,-1.32,-1.84,-1.92,-0.82,-1.42,39.808,69.866,53.736,51.758,0,0,0,0
670,55,Hombre,8.8,128,36.2,206,0,0,-0.492,126,131,-1.83,36,0,0.83,-1.23,1.47,-0.492,-0.842,-1.83,-0.7,-1.23,-1.3,-1.97,-2.57,561.002,984.589,757.273,729.401,0,0,0,0
671,38,Hombre,8.6,130,54.8,44,0,0,-0.24,35,127,-0.46,36,0,-0.36,-0.81,-1.41,-0.24,-0.59,-0.46,0.66,0.14,0.06,-0.22,-0.82,2207.222,3873.794,2979.437,2869.778,0,0,0,0
672,58,Mujer,6.7,125,37.9,62,0,0,-0.169,52,124,-0.58,36,0,-0.14,0.32,0.85,-0.169,-0.519,-0.58,0.55,0.02,-0.05,-0.23,-0.83,750.402,1316.996,1012.937,975.655,0,0,0,0
673,58,Hombre,8.4,131,50.1,677,0,1,-0.845,291,119,-0.52,36,0,-0.58,0.4,1.24,-0.495,-0.845,-1.64,-0.52,-1.04,-1.12,-1.78,-2.38,29.191,51.231,39.403,37.953,1,0,0,0
674,63,Mujer,5.5,135,60.4,125,1,1,0.21,154,124,-1.42,36,0,1.69,0.22,-0.71,0.56,0.21,-2.54,-1.42,-1.94,-2.02,-1.1,-1.7,203.903,357.861,275.241,265.11,0,0,0,0
675,54,Hombre,7.8,136,43.4,86,1,0,-0.528,51,153,-0.72,36,0,-0.82,2.43,-0.64,-0.528,-0.878,-0.72,0.41,-0.12,-0.19,-0.91,-1.51,170.017,298.39,229.499,221.053,0,0,0,0
676,69,Mujer,6.4,122,43.9,75,0,1,-0.177,63,116,-1.27,36,0,0.17,0.38,0.23,0.173,-0.177,-2.4,-1.27,-1.8,-1.87,-1.53,-2.13,5365.436,9416.634,7242.581,6976.014,0,0,0,0
677,50,Mujer,7.4,103,61,30,0,1,-0.203,24,91,-1.57,36,0,-0.06,1.34,-0.1,0.147,-0.203,-2.69,-1.57,-2.09,-2.17,-1.87,-2.47,1644.273,2885.789,2219.537,2137.845,0,0,0,0
678,80,Hombre,7.3,151,41.9,23,0,0,0.875,55,160,-4.05,36,0,-0.44,0.62,-0.5,0.875,0.525,-4.05,-2.92,-3.45,-3.52,-2.14,-2.74,822.427,1443.404,1110.16,1069.3,0,0,0,0
679,53,Mujer,9.6,139,41.5,42,1,1,-0.244,33,132,-1.77,36,0,-1.59,-0.02,-0.92,0.106,-0.244,-2.9,-1.77,-2.3,-2.37,-2.14,-2.74,238.36,418.335,321.752,309.91,0,0,0,0
680,68,Mujer,6.8,136,48.8,62,1,1,0.076,67,130,-3.44,36,0,-1.31,1.82,0.38,0.426,0.076,-4.57,-3.44,-3.97,-4.04,-3.33,-3.93,660.01,1158.353,890.92,858.129,0,0,0,0
681,83,Mujer,6.5,135,32.9,169,1,0,-0.619,91,125,-1.6,36,0,0.48,-0.71,-0.24,-0.619,-0.969,-1.6,-0.47,-1,-1.07,-1.93,-2.53,140.214,246.083,189.269,182.303,0,0,0,0
682,57,Hombre,7.9,144,42.8,77,1,0,0.855,181,134,-2.58,25.83,1,0.8,-1.07,-1.09,0.855,0.505,-2.58,-1.45,-1.98,-2.05,-0.7,-1.3,25.834,45.339,34.872,33.588,1,0,1,1
683,60,Mujer,8.2,160,55.3,102,1,1,0.047,107,142,-2.13,36,0,-0.63,1.68,0.39,0.397,0.047,-3.25,-2.13,-2.65,-2.73,-2.06,-2.66,215.764,378.678,291.251,280.531,0,0,0,0
684,57,Hombre,6,126,45.1,63,0,0,0.254,81,127,-2.79,36,0,0.13,0.12,-1.32,0.254,-0.096,-2.79,-1.66,-2.19,-2.26,-1.81,-2.41,1863.503,3270.55,2515.466,2422.883,0,0,0,0
685,65,Mujer,9.5,132,50.2,23,1,0,-0.048,22,142,-2.09,36,0,-0.71,-3.04,-1.16,-0.048,-0.398,-2.09,-0.97,-1.49,-1.57,-1.57,-2.17,544.276,955.234,734.696,707.655,0,0,0,0
686,70,Hombre,6.1,116,45.6,276,0,0,0.471,442,125,-2.55,36,0,0.47,2,0.26,0.471,0.121,-2.55,-1.43,-1.95,-2.03,-1.24,-1.84,338.476,594.044,456.895,440.079,0,0,0,0
687,49,Mujer,7.9,123,59.2,26,0,0,0.392,38,130,0.14,36,0,-1.45,-0.27,-0.75,0.392,0.042,0.14,1.26,0.74,0.66,1.33,0.73,225.045,394.966,303.778,292.598,0,0,0,0
688,54,Hombre,9.3,167,33.5,473,0,1,0.699,952,169,-3.13,36,0,-1.3,-0.09,0.47,1.049,0.699,-4.26,-3.13,-3.66,-3.73,-2.08,-2.68,39.088,68.602,52.764,50.822,0,0,0,0
689,50,Mujer,7.1,155,51.8,48,0,0,0.592,87,139,-1.43,36,0,-1.37,1.2,-1.43,0.592,0.242,-1.43,-0.31,-0.83,-0.91,0.06,-0.54,489.584,859.246,660.869,636.545,0,0,0,0
690,68,Mujer,9.4,135,50.2,50,0,1,-0.523,30,120,-1.97,36,0,-0.51,-0.51,-0.29,-0.173,-0.523,-3.09,-1.97,-2.49,-2.57,-2.75,-3.35,38.393,67.383,51.826,49.918,0,0,0,0
691,68,Mujer,8.4,130,36.9,264,0,0,-0.796,119,138,-1.19,36,0,-0.2,0.91,-0.77,-0.796,-1.146,-1.19,-0.07,-0.59,-0.67,-1.78,-2.38,896.358,1573.157,1209.957,1165.424,0,0,0,0
692,57,Mujer,6,125,41.8,14,0,0,0.12,16,124,-0.31,36,0,-2.42,0.01,-0.64,0.12,-0.23,-0.31,0.82,0.29,0.22,0.47,-0.13,2462.595,4321.989,3324.156,3201.808,0,0,0,0
693,54,Mujer,7.2,125,57.6,49,0,1,-0.874,20,119,0.39,36,0,1.5,0.25,0.4,-0.524,-0.874,-0.74,0.39,-0.14,-0.21,-0.92,-1.52,3074.518,5395.946,4150.165,3997.415,0,0,0,0
694,48,Mujer,8.1,131,60.9,107,0,1,0.034,111,122,-0.22,36,0,-1.29,-1.55,0.11,0.384,0.034,-1.35,-0.22,-0.75,-0.82,-0.17,-0.77,56.113,98.482,75.745,72.957,0,0,0,0
695,71,Mujer,8,152,52.2,246,1,1,0.214,305,144,-3.56,36,0,-0.25,1.96,0.38,0.564,0.214,-4.68,-3.56,-4.08,-4.16,-3.23,-3.83,315.343,553.445,425.669,410.002,0,0,0,0
696,56,Mujer,7.8,138,43.1,42,0,0,-0.195,35,124,0.19,36,0,0.23,-1.2,-0.55,-0.195,-0.545,0.19,1.31,0.79,0.71,0.5,-0.1,699.426,1227.531,944.126,909.377,0,0,0,0
697,71,Mujer,8.8,128,24.6,264,0,1,-0.428,172,124,-3.13,36,0,1.08,-0.33,-2.17,-0.078,-0.428,-4.25,-3.13,-3.65,-3.73,-3.77,-4.37,189.968,333.404,256.429,246.991,0,0,0,0
698,84,Hombre,7.3,127,30.6,93,0,0,0.645,177,125,-3.74,16.15,1,1,-1.95,0.59,0.645,0.295,-3.74,-2.62,-3.14,-3.22,-2.18,-2.78,16.147,28.339,21.796,20.994,1,1,1,1
699,77,Hombre,7.5,128,26.6,101,0,0,0.232,127,139,-2.57,36,0,-0.73,1.26,-0.42,0.232,-0.118,-2.57,-1.45,-1.97,-2.05,-1.63,-2.23,145.972,256.188,197.041,189.789,0,0,0,0
700,56,Hombre,8.2,129,46.7,256,0,0,-0.167,217,126,-2.89,36,0,0.89,-1.16,-0.62,-0.167,-0.517,-2.89,-1.76,-2.29,-2.36,-2.54,-3.14,349.192,612.85,471.359,454.011,0,0,0,0
701,75,Mujer,5.8,147,40.2,140,0,0,-0.245,110,151,-2.55,36,0,2.9,-0.5,0.35,-0.245,-0.595,-2.55,-1.43,-1.95,-2.03,-2.32,-2.92,489.34,858.818,660.54,636.228,0,0,0,0
702,57,Hombre,8.7,126,57.2,59,1,1,-0.111,53,141,-3.51,36,0,0.96,0.61,-0.68,0.239,-0.111,-4.64,-3.51,-4.04,-4.11,-3.68,-4.28,719.012,1261.906,970.565,934.843,0,0,0,0
703,67,Mujer,5.6,142,38.5,94,0,0,0.299,127,145,-2.9,36,0,0.69,-0.73,-0.36,0.299,-0.051,-2.9,-1.78,-2.3,-2.38,-1.86,-2.46,253.569,445.028,342.283,329.685,0,0,0,0
704,66,Mujer,9.6,146,48.4,95,0,1,0.106,106,135,-2.36,36,0,-0.04,1.11,-1.53,0.456,0.106,-3.48,-2.36,-2.88,-2.96,-2.2,-2.8,1679.569,2947.735,2267.181,2183.736,0,0,0,0
705,69,Hombre,7.9,136,45.3,40,0,1,-0.508,24,144,-0.3,36,0,0.24,0.51,0.41,-0.158,-0.508,-1.42,-0.3,-0.82,-0.9,-1.06,-1.66,211.399,371.017,285.359,274.856,0,0,0,0
706,64,Hombre,6.8,106,56.6,23,0,1,-0.765,11,107,0.19,36,0,-0.71,0.11,0.09,-0.415,-0.765,-0.93,0.19,-0.33,-0.41,-0.95,-1.55,1471.694,2582.904,1986.579,1913.462,0,0,0,0
707,67,Mujer,9.1,125,53.6,119,1,1,-0.324,86,119,-3.2,36,0,-0.75,-0.11,0.76,0.026,-0.324,-4.32,-3.2,-3.72,-3.8,-3.68,-4.28,93.323,163.788,125.973,121.337,0,0,0,0
708,70,Mujer,6.4,120,36.1,803,1,0,-0.385,546,117,-4.1,36,0,-0.85,0.05,0.26,-0.385,-0.735,-4.1,-2.97,-3.5,-3.57,-4.07,-4.67,720.283,1264.136,972.28,936.495,0,0,0,0
709,43,Hombre,8.9,155,61.1,240,1,1,0.018,244,156,-1.82,36,0,0.64,0.75,2.09,0.368,0.018,-2.94,-1.82,-2.34,-2.42,-1.79,-2.39,454.113,796.993,612.989,590.427,0,0,0,0
710,61,Mujer,7.9,125,53,177,0,1,-0.727,86,124,-1.67,36,0,-0.77,1.93,-1.09,-0.377,-0.727,-2.79,-1.67,-2.19,-2.27,-2.76,-3.36,287.113,503.9,387.563,373.298,0,0,0,0
711,68,Mujer,9.8,121,31.1,20,1,1,0.357,29,117,-2.97,36,0,0.68,0.12,0.18,0.707,0.357,-4.09,-2.97,-3.49,-3.57,-2.43,-3.03,114.052,200.167,153.954,148.288,0,0,0,0
712,66,Hombre,7.2,122,46.5,64,0,1,-0.41,42,100,-2.85,36,0,0.11,1,1.81,-0.06,-0.41,-3.97,-2.85,-3.37,-3.45,-3.47,-4.07,1391.325,2441.852,1878.093,1808.968,0,0,0,0
713,65,Hombre,8.6,141,26.7,327,0,0,0.413,494,147,-2.73,36,0,0.05,-0.43,0.73,0.413,0.063,-2.73,-1.6,-2.13,-2.2,-1.51,-2.11,185.343,325.287,250.187,240.979,0,0,0,0
714,81,Mujer,6.7,147,44.6,34,0,0,-0.414,22,149,-2.06,36,0,2.08,1.82,-0.28,-0.414,-0.764,-2.06,-0.93,-1.46,-1.53,-2.08,-2.68,254.922,447.403,344.109,331.444,0,0,0,0
715,63,Hombre,6.6,115,54.8,39,0,0,0.288,52,107,0.36,36,0,0.15,0.69,0.09,0.288,-0.062,0.36,1.49,0.96,0.89,1.39,0.79,1446.182,2538.129,1952.142,1880.292,0,0,0,0
716,65,Mujer,9.5,136,44.8,77,0,0,-0.051,73,154,-3.3,36,0,1.06,1.87,2.43,-0.051,-0.401,-3.3,-2.18,-2.7,-2.78,-2.78,-3.38,199.834,350.72,269.748,259.82,0,0,0,0
717,63,Hombre,7.8,122,49.8,52,1,1,0.069,56,115,-0,36,0,-0.54,-0.75,-0.3,0.419,0.069,-1.13,-0,-0.53,-0.6,0.1,-0.5,589.193,1034.065,795.327,766.054,0,0,0,0
718,87,Hombre,7,147,32.4,453,1,0,0.312,619,141,-4.33,14.29,1,-0.31,-1.88,1.39,0.312,-0.038,-4.33,-3.2,-3.73,-3.8,-3.26,-3.86,14.292,25.083,19.292,18.582,1,1,1,1
719,58,Hombre,8.8,137,55.7,93,0,1,0.113,104,135,-0.35,36,0,-1.06,-0.92,1.24,0.463,0.113,-1.48,-0.35,-0.88,-0.95,-0.18,-0.78,339.588,595.996,458.396,441.525,0,0,0,0
720,75,Mujer,7.9,143,36.2,145,1,0,0.138,166,136,-2.46,36,0,-0.07,1.98,-1.82,0.138,-0.212,-2.46,-1.33,-1.86,-1.93,-1.65,-2.25,60.282,105.798,81.372,78.377,0,0,0,0
721,75,Hombre,7.6,130,47,180,1,0,-0.307,132,144,-1.33,36,0,-1.9,-0.4,-0.15,-0.307,-0.657,-1.33,-0.2,-0.73,-0.8,-1.19,-1.79,307.479,539.642,415.053,399.777,0,0,0,0
722,57,Hombre,6.7,152,54.9,117,0,0,0.424,179,153,-2.86,36,0,0.58,-0.01,1.51,0.424,0.074,-2.86,-1.74,-2.26,-2.34,-1.63,-2.23,899.722,1579.061,1214.498,1169.797,0,0,0,0
723,76,Hombre,9.2,122,46.1,90,0,0,0.715,184,120,-3.52,36,0,0.86,-0.81,0.07,0.715,0.365,-3.52,-2.39,-2.92,-2.99,-1.85,-2.45,232.573,408.178,313.94,302.386,0,0,0,0
724,70,Hombre,8.1,138,46.7,151,1,1,-0.32,110,132,-0.7,36,0,0.2,1.64,0.24,0.03,-0.32,-1.83,-0.7,-1.23,-1.3,-1.18,-1.78,520.309,913.172,702.344,676.494,0,0,0,0
725,74,Mujer,7.7,139,48.1,53,0,0,0.325,73,137,-2.18,36,0,0.38,-0.81,-0.42,0.325,-0.025,-2.18,-1.05,-1.58,-1.65,-1.09,-1.69,827.354,1452.051,1116.811,1075.706,0,0,0,0
726,46,Hombre,6,101,62.4,55,0,1,-0.501,33,87,1.21,36,0,-1.79,2.23,1.58,-0.151,-0.501,0.09,1.21,0.69,0.61,0.46,-0.14,2862.883,5024.516,3864.488,3722.253,0,0,0,0
727,56,Hombre,8.6,139,45.7,128,0,1,-0.353,90,128,-2.11,36,0,-1.74,1.48,-0.36,-0.003,-0.353,-3.23,-2.11,-2.63,-2.71,-2.64,-3.24,2386.743,4188.864,3221.766,3103.187,0,0,0,0
728,60,Hombre,10,133,39.2,410,0,1,-0.168,346,116,-1.6,36,0,-2.48,0.97,-1.14,0.182,-0.168,-2.73,-1.6,-2.13,-2.2,-1.86,-2.46,226.257,397.093,305.414,294.173,0,0,0,0
729,66,Hombre,7.9,127,54.1,126,1,0,-0.152,108,124,-2.13,36,0,0.72,-1.14,0.05,-0.152,-0.502,-2.13,-1.01,-1.53,-1.61,-1.76,-2.36,381.618,669.76,515.13,496.17,0,0,0,0
730,63,Mujer,8.7,139,26.8,74,0,0,0.823,169,125,-4.69,15.19,1,1.01,-1.14,-0.59,0.823,0.473,-4.69,-3.57,-4.09,-4.17,-2.86,-3.46,15.189,26.657,20.502,19.748,1,1,1,1
731,63,Hombre,7.3,137,33.9,117,0,0,-0.537,68,133,-3.19,36,0,0.42,-1.03,0.68,-0.537,-0.887,-3.19,-2.06,-2.59,-2.66,-3.39,-3.99,843.568,1480.508,1138.698,1096.787,0,0,0,0
732,70,Hombre,7.4,104,57.9,41,0,0,-0.131,36,105,-0.87,36,0,0.26,0.2,1.59,-0.131,-0.481,-0.87,0.26,-0.27,-0.34,-0.47,-1.07,5565.37,9767.528,7512.463,7235.963,0,0,0,0
733,73,Hombre,7.8,163,40.6,289,0,0,0.532,492,167,-6.91,36,0,-0.35,0.38,-1.26,0.532,0.182,-6.91,-5.79,-6.31,-6.39,-5.52,-6.12,175.229,307.536,236.534,227.828,0,0,0,0
734,81,Mujer,8.5,133,44.1,443,0,1,0.13,504,129,-3.4,36,0,1.19,1.82,-0.2,0.48,0.13,-4.53,-3.4,-3.93,-4,-3.21,-3.81,23.814,41.795,32.146,30.963,1,0,1,1
735,70,Hombre,9.7,156,42.6,393,0,1,-0.483,242,157,-0.8,36,0,-0.25,-0.47,-0.22,-0.133,-0.483,-1.92,-0.8,-1.32,-1.4,-1.52,-2.12,94.044,165.053,126.947,122.274,0,0,0,0
736,52,Hombre,8.6,141,63.9,297,0,0,0.203,364,138,-2.07,36,0,-0.59,-0.48,-0.5,0.203,-0.147,-2.07,-0.94,-1.47,-1.54,-1.16,-1.76,105.834,185.745,142.861,137.603,0,0,0,0
737,50,Mujer,7.9,162,49.5,51,0,1,-0.124,45,149,-0.94,36,0,0.28,1.77,0.43,0.226,-0.124,-2.07,-0.94,-1.47,-1.54,-1.13,-1.73,342.169,600.525,461.88,444.88,0,0,0,0
738,77,Hombre,7.6,134,42.2,112,0,0,-0.071,104,138,-0.4,36,0,-0.14,-0.71,0.01,-0.071,-0.421,-0.4,0.72,0.2,0.12,0.09,-0.51,327.498,574.777,442.076,425.805,0,0,0,0
739,60,Mujer,9,128,37.9,81,0,0,0.248,104,126,-2.27,36,0,-0.31,-1.18,-1.19,0.248,-0.102,-2.27,-1.15,-1.67,-1.75,-1.3,-1.9,204.253,358.476,275.713,265.566,0,0,0,0
740,68,Mujer,8.3,153,34.2,110,0,0,0.657,212,157,-5.62,1.03,1,-1.08,-0.48,-1.87,0.657,0.307,-5.62,-4.5,-5.02,-5.1,-4.04,-4.64,1.032,1.812,1.393,1.342,1,1,1,1
741,68,Hombre,6.8,160,51.5,123,0,1,-0.191,102,155,-1.22,36,0,-0.89,-1.13,0.5,0.159,-0.191,-2.35,-1.22,-1.75,-1.82,-1.51,-2.11,35.145,61.681,47.441,45.695,1,0,0,0
742,71,Mujer,8.7,135,49.1,205,0,1,-0.478,127,123,0.1,36,0,-0.12,1,-1.04,-0.128,-0.478,-1.02,0.1,-0.42,-0.5,-0.62,-1.22,986.175,1730.79,1331.197,1282.201,0,0,0,0
743,60,Mujer,6.5,133,45.9,30,0,0,-0.536,18,138,0.02,36,0,0.42,1.53,0.86,-0.536,-0.886,0.02,1.14,0.62,0.54,-0.19,-0.79,49.777,87.361,67.192,64.719,0,0,0,0
744,61,Hombre,6,146,34.4,142,0,0,0.294,190,138,-3.46,36,0,-0.48,-0.68,-0.26,0.294,-0.056,-3.46,-2.34,-2.86,-2.94,-2.42,-3.02,208.978,366.769,282.091,271.709,0,0,0,0
745,68,Mujer,8,159,30.6,162,0,0,-0.576,91,148,-2.2,31.56,1,-1.24,-0.5,-0.14,-0.576,-0.926,-2.2,-1.08,-1.6,-1.68,-2.47,-3.07,31.562,55.392,42.604,41.036,1,0,0,0
746,56,Hombre,12,121,48.5,165,0,1,0.044,172,105,-3.09,36,0,0.32,-0.77,-1.37,0.394,0.044,-4.21,-3.09,-3.61,-3.69,-3.02,-3.62,735.933,1291.603,993.406,956.843,0,0,0,0
747,62,Hombre,8.9,161,52,231,0,0,0.521,389,158,-4.74,36,0,-0.21,1.08,-0.07,0.521,0.171,-4.74,-3.61,-4.14,-4.21,-3.36,-3.96,82.357,144.541,111.17,107.078,0,0,0,0
748,58,Mujer,6.4,129,43.4,18,0,0,0.15,21,130,-1.98,36,0,-0.61,-0.7,-1.08,0.15,-0.2,-1.98,-0.86,-1.38,-1.46,-1.16,-1.76,755.277,1325.553,1019.518,981.994,0,0,0,0
749,53,Hombre,6.5,135,41.7,55,0,0,0.293,74,145,-2.71,36,0,0,-1.18,-1.17,0.293,-0.057,-2.71,-1.59,-2.11,-2.19,-1.67,-2.27,108.674,190.728,146.694,141.295,0,0,0,0
750,66,Hombre,8.6,115,44.4,290,0,1,-0.451,185,109,-0.82,36,0,0.23,0.26,0.42,-0.101,-0.451,-1.94,-0.82,-1.34,-1.42,-1.49,-2.09,1860.712,3265.651,2511.699,2419.254,0,0,0,0
751,69,Hombre,6.7,146,38.2,81,0,1,-0.301,60,139,-2.19,18.92,1,0.17,-0.7,1.28,0.049,-0.301,-3.32,-2.19,-2.72,-2.79,-2.64,-3.24,10.781,18.921,14.553,14.017,1,1,1,1
752,65,Mujer,8.5,144,48.2,380,0,0,0.667,740,143,-4.74,36,0,-1.59,0.83,0.44,0.667,0.317,-4.74,-3.61,-4.14,-4.21,-3.14,-3.74,52.51,92.158,70.881,68.272,0,0,0,0
753,67,Hombre,8.2,129,49,112,1,1,0.198,136,109,-2.34,36,0,0.92,-1.11,1.81,0.548,0.198,-3.47,-2.34,-2.87,-2.94,-2.05,-2.65,523.357,918.52,706.458,680.457,0,0,0,0
754,63,Hombre,7.4,119,48,30,1,0,1.011,82,91,-3.59,36,0,-2.04,-0.53,0.26,1.011,0.661,-3.59,-2.46,-2.99,-3.06,-1.47,-2.07,287.065,503.815,387.497,373.235,0,0,0,0
755,62,Mujer,6.2,142,42.5,180,0,1,0.175,214,147,0.14,36,0,0.58,1,-0.4,0.525,0.175,-0.99,0.14,-0.39,-0.46,0.4,-0.2,160.834,282.273,217.103,209.113,0,0,0,0
756,48,Mujer,9.6,144,44.2,712,0,1,-0.287,535,135,-2.24,36,0,0.41,0.11,-0.63,0.063,-0.287,-3.37,-2.24,-2.77,-2.84,-2.67,-3.27,384.25,674.38,518.683,499.593,0,0,0,0
757,76,Hombre,5.8,129,47.6,78,0,0,0.537,133,134,-4.06,36,0,0.57,0.86,0.08,0.537,0.187,-4.06,-2.93,-3.46,-3.53,-2.65,-3.25,952.967,1672.51,1286.371,1239.026,0,0,0,0
758,79,Mujer,7.2,150,41.1,394,1,1,-0.431,256,150,-3.85,36,0,1.28,-0.99,0.66,-0.081,-0.431,-4.97,-3.85,-4.37,-4.45,-4.49,-5.09,638.07,1119.848,861.304,829.604,0,0,0,0
759,73,Hombre,6.1,141,42.8,59,0,0,0.433,91,147,-1.29,36,0,1.75,0.05,-0.35,0.433,0.083,-1.29,-0.16,-0.69,-0.76,-0.04,-0.64,487.463,855.525,658.006,633.788,0,0,0,0
760,70,Mujer,7.8,135,50,434,0,1,-0.534,254,138,-2.03,36,0,0.63,-0.65,-0.64,-0.184,-0.534,-3.15,-2.03,-2.55,-2.63,-2.83,-3.43,392.189,688.313,529.4,509.915,0,0,0,0
761,65,Hombre,7,130,37.6,41,0,0,0.319,56,139,-3.39,36,0,-0.63,1.38,1.17,0.319,-0.031,-3.39,-2.27,-2.79,-2.87,-2.32,-2.92,65.146,114.335,87.938,84.701,0,0,0,0
762,60,Mujer,8.2,130,34.4,166,0,0,-0.288,124,147,-3.03,36,0,0.31,-1.3,-0.66,-0.288,-0.638,-3.03,-1.9,-2.43,-2.5,-2.86,-3.46,954.265,1674.787,1288.123,1240.713,0,0,0,0
763,66,Hombre,7.8,155,55.7,406,1,1,-0.481,251,147,-0.67,36,0,-1,0.01,-1.45,-0.131,-0.481,-1.79,-0.67,-1.19,-1.27,-1.39,-1.99,231.161,405.701,312.035,300.55,0,0,0,0
764,58,Hombre,8.4,156,67.1,246,1,1,-0.717,120,141,-0.59,36,0,0.94,1.73,-0.67,-0.367,-0.717,-1.71,-0.59,-1.11,-1.19,-1.67,-2.27,1511.116,2652.092,2039.794,1964.718,0,0,0,0
765,71,Hombre,9.4,125,44.4,58,0,0,0.311,79,139,-2.71,36,0,1.33,0.64,-0.12,0.311,-0.039,-2.71,-1.58,-2.11,-2.18,-1.64,-2.24,343.927,603.611,464.253,447.166,0,0,0,0
766,68,Mujer,10.1,117,57.2,282,0,1,-0.458,178,118,-1.75,36,0,-0.13,-0.44,0.33,-0.108,-0.458,-2.88,-1.75,-2.28,-2.35,-2.44,-3.04,365.888,642.153,493.897,475.719,0,0,0,0
767,64,Hombre,6.2,120,51.8,19,0,0,-0.765,9,119,-0.66,15.03,1,-0.47,1.9,-0.22,-0.765,-1.115,-0.66,0.47,-0.06,-0.13,-1.21,-1.81,15.027,26.373,20.284,19.538,1,1,1,1
768,61,Mujer,8.3,144,42.2,248,0,1,-0.619,133,133,-1.32,36,0,0.8,0.6,0.33,-0.269,-0.619,-2.44,-1.32,-1.84,-1.92,-2.24,-2.84,334.397,586.885,451.389,434.775,0,0,0,0
769,67,Mujer,7.3,164,39,262,0,1,-0.518,156,167,-3.23,36,0,1.03,2.62,-0.64,-0.168,-0.518,-4.35,-3.23,-3.75,-3.83,-4.01,-4.61,607.635,1066.432,820.221,790.032,0,0,0,0
770,71,Hombre,10.6,131,57.1,65,0,0,0.188,78,121,-2.35,36,0,1.11,0.42,-0.58,0.188,-0.162,-2.35,-1.23,-1.75,-1.83,-1.47,-2.07,805.972,1414.524,1087.948,1047.905,0,0,0,0
771,78,Mujer,7.5,158,33.9,255,1,0,0.518,428,153,-4.97,36,0,0.2,-0.53,-0.84,0.518,0.168,-4.97,-3.85,-4.37,-4.45,-3.6,-4.2,207.611,364.368,280.245,269.93,0,0,0,0
772,50,Hombre,6.3,95,48.3,160,0,0,-0.742,76,78,0.01,36,0,-1.72,-1.06,-0.94,-0.742,-1.092,0.01,1.14,0.61,0.54,-0.5,-1.1,1614.686,2833.861,2179.598,2099.376,0,0,0,0
773,58,Hombre,9.5,129,46.9,53,1,0,0.133,61,124,-4.55,36,0,-1.05,1.27,0.75,0.133,-0.217,-4.55,-3.43,-3.95,-4.03,-3.75,-4.35,3409.088,5983.135,4601.787,4432.416,0,0,0,0
774,81,Mujer,9.3,153,40.7,696,0,0,-0.058,657,149,-3.41,36,0,-1.63,-0.31,-0.44,-0.058,-0.408,-3.41,-2.29,-2.81,-2.89,-2.9,-3.5,199.787,350.638,269.685,259.759,0,0,0,0
775,62,Hombre,8.8,132,40.6,467,0,1,-0.473,291,126,-1.36,36,0,1.08,0.91,1.19,-0.123,-0.473,-2.49,-1.36,-1.89,-1.96,-2.07,-2.67,448.802,787.672,605.819,583.522,0,0,0,0
776,80,Mujer,9.1,150,56.6,12,1,1,0.092,13,158,-1.71,36,0,-0.31,-0.51,-2.25,0.442,0.092,-2.83,-1.71,-2.23,-2.31,-1.57,-2.17,244.188,428.563,329.619,317.487,0,0,0,0
777,56,Mujer,7.4,123,36.2,84,1,0,-0.006,84,135,-2.88,36,0,0.37,0.97,0.06,-0.006,-0.356,-2.88,-1.76,-2.28,-2.36,-2.29,-2.89,1270.885,2230.472,1715.515,1652.375,0,0,0,0
778,76,Hombre,5.8,141,44.7,92,0,0,0.208,113,147,-2.27,12.81,1,0.31,0.52,-1.68,0.208,-0.142,-2.27,-1.15,-1.67,-1.75,-1.36,-1.96,12.809,22.481,17.291,16.654,1,1,1,1
779,55,Mujer,9,136,40.3,621,1,1,-0.095,565,126,-3.65,36,0,1.52,-0.46,-0.24,0.255,-0.095,-4.77,-3.65,-4.17,-4.25,-3.79,-4.39,84.211,147.796,113.673,109.49,0,0,0,0
780,55,Hombre,6.7,156,30.2,224,0,0,-0.175,188,151,-4.32,36,0,-1.28,-0.01,-0.42,-0.175,-0.525,-4.32,-3.2,-3.72,-3.8,-3.98,-4.58,1021.032,1791.968,1378.249,1327.522,0,0,0,0
781,67,Hombre,9.9,145,48.4,586,0,1,-0.354,411,129,-3.4,36,0,1.18,0.51,-0.05,-0.004,-0.354,-4.52,-3.4,-3.92,-4,-3.93,-4.53,68.576,120.355,92.568,89.161,0,0,0,0
782,61,Hombre,6.1,133,43.6,325,0,0,-0.235,257,139,-2.88,36,0,0.85,0.39,-0.75,-0.235,-0.585,-2.88,-1.75,-2.28,-2.35,-2.63,-3.23,417.062,731.966,562.975,542.254,0,0,0,0
783,53,Hombre,7.2,119,39.2,7,0,0,1.675,37,119,-2.83,36,0,-0.88,0.73,0.34,1.675,1.325,-2.83,-1.71,-2.23,-2.31,0.28,-0.32,342.709,601.472,462.608,445.582,0,0,0,0
784,53,Hombre,7.2,156,58.5,131,1,1,0.067,140,150,-2.74,36,0,-0.77,0.33,-0.44,0.417,0.067,-3.87,-2.74,-3.27,-3.34,-2.64,-3.24,769.731,1350.919,1039.028,1000.786,0,0,0,0
785,67,Hombre,9.7,130,51.3,974,1,0,0.412,1470,138,-4.19,3,1,0,0.48,-0.09,0.412,0.062,-4.19,-3.06,-3.59,-3.66,-2.97,-3.57,2.995,5.257,4.043,3.894,1,1,1,1
786,53,Mujer,7.3,117,44.7,518,1,1,-0.131,454,123,-0.11,0.24,1,0.12,0.44,0.56,0.219,-0.131,-1.24,-0.11,-0.64,-0.71,-0.31,-0.91,0.138,0.242,0.186,0.179,1,1,1,1
787,74,Hombre,8.8,139,40,97,0,1,0.428,149,114,-3.24,26.26,1,2.16,-1.8,-0.24,0.778,0.428,-4.36,-3.24,-3.76,-3.84,-2.59,-3.19,14.96,26.256,20.194,19.451,1,1,1,1
788,77,Mujer,8,165,49.4,673,0,1,-1.042,237,172,-1.78,36,0,-0.9,-0.16,0.79,-0.692,-1.042,-2.9,-1.78,-2.3,-2.38,-3.34,-3.94,1208.373,2120.76,1631.133,1571.098,0,0,0,0
789,52,Mujer,5.8,120,52.7,38,0,0,-0.396,26,124,-0.63,36,0,0.82,-0.1,-0.14,-0.396,-0.746,-0.63,0.5,-0.03,-0.1,-0.62,-1.22,975.773,1712.534,1317.155,1268.677,0,0,0,0
790,47,Hombre,8.6,139,73.8,149,0,1,-0.935,58,126,-0.32,36,0,-0.27,-0.93,2.6,-0.585,-0.935,-1.45,-0.32,-0.85,-0.92,-1.73,-2.33,1420.376,2492.837,1917.307,1846.739,0,0,0,0
791,42,Hombre,6.9,105,49.3,167,0,1,0.605,306,93,-0.5,36,0,0.22,-0,1.83,0.955,0.605,-1.62,-0.5,-1.02,-1.1,0.41,-0.19,290.871,510.495,392.635,378.184,0,0,0,0
792,72,Hombre,11.2,95,46.2,128,0,0,0.161,150,98,-2.49,36,0,-2.01,-0.4,0.05,0.161,-0.189,-2.49,-1.37,-1.89,-1.97,-1.65,-2.25,94.538,165.919,127.612,122.916,0,0,0,0
793,53,Hombre,7,140,47.4,376,0,1,-1.185,115,133,0.63,36,0,0.02,0.7,-0.21,-0.835,-1.185,-0.5,0.63,0.1,0.03,-1.15,-1.75,1358.682,2384.56,1834.028,1766.526,0,0,0,0
794,74,Hombre,7.2,112,39.8,218,0,1,-1.156,69,109,0.1,36,0,-0.29,-0.23,-1.37,-0.806,-1.156,-1.02,0.1,-0.42,-0.5,-1.63,-2.23,1696.418,2977.306,2289.924,2205.642,0,0,0,0
795,62,Mujer,8.9,167,59.6,96,0,1,-0.062,90,152,-2.85,36,0,-0.83,0.74,-1.21,0.288,-0.062,-3.98,-2.85,-3.38,-3.45,-2.95,-3.55,327.716,575.16,442.371,426.089,0,0,0,0
796,51,Hombre,7.5,139,55.9,336,1,1,-0.247,263,127,-0.94,36,0,-0.76,-0.75,0.35,0.103,-0.247,-2.07,-0.94,-1.47,-1.54,-1.31,-1.91,238.819,419.141,322.373,310.507,0,0,0,0
797,55,Hombre,7.4,138,47.5,114,0,1,-1.138,37,131,0.6,36,0,0.97,1.29,-0.79,-0.788,-1.138,-0.53,0.6,0.07,-0,-1.11,-1.71,766.275,1344.854,1034.363,996.292,0,0,0,0
798,64,Mujer,6.4,145,43.4,29,0,0,0.951,75,147,-3.7,36,0,-0,0.47,1.7,0.951,0.601,-3.7,-2.58,-3.1,-3.18,-1.67,-2.27,88.287,154.948,119.175,114.789,0,0,0,0
799,84,Mujer,8.3,151,48,54,0,0,0.041,56,139,-0.75,36,0,0.38,1.36,-1.33,0.041,-0.309,-0.75,0.38,-0.15,-0.22,-0.08,-0.68,498.583,875.041,673.017,648.246,0,0,0,0
800,68,Hombre,7,135,49.9,224,0,0,0.042,234,131,-2.95,36,0,1.18,0.35,-0.4,0.042,-0.308,-2.95,-1.82,-2.35,-2.42,-2.28,-2.88,416.933,731.74,562.801,542.087,0,0,0,0
801,48,Hombre,6.9,136,55.1,46,1,0,-0.351,32,122,-1.36,36,0,0.53,-0.52,0.59,-0.351,-0.701,-1.36,-0.24,-0.76,-0.84,-1.29,-1.89,1595.603,2800.37,2153.838,2074.565,0,0,0,0
802,59,Mujer,7.6,142,41.2,296,0,0,-0.715,145,146,-1.21,36,0,-1.05,-0.12,0.19,-0.715,-1.065,-1.21,-0.09,-0.61,-0.69,-1.68,-2.28,486.378,853.619,656.541,632.377,0,0,0,0
803,52,Hombre,8.3,125,56.5,19,0,0,-0.155,16,121,-0.41,36,0,-0.96,-1.05,0.82,-0.155,-0.505,-0.41,0.71,0.19,0.11,-0.05,-0.65,1116.98,1960.361,1507.765,1452.271,0,0,0,0
804,53,Hombre,7.4,141,41.5,153,0,1,0.242,195,137,-3.15,11.83,1,-0.62,-0.94,-0.09,0.592,0.242,-4.27,-3.15,-3.67,-3.75,-2.79,-3.39,6.742,11.833,9.101,8.766,1,1,1,1
805,71,Mujer,7.1,113,51.7,167,0,1,-0.67,85,108,-1.29,36,0,-0.17,0.82,0.42,-0.32,-0.67,-2.41,-1.29,-1.81,-1.89,-2.29,-2.89,1302.985,2286.81,1758.846,1694.111,0,0,0,0
806,60,Hombre,7.4,128,42.9,75,0,0,0.219,93,120,-3.3,3.34,1,0.56,0.74,-0.52,0.219,-0.131,-3.3,-2.18,-2.7,-2.78,-2.37,-2.97,3.341,5.863,4.51,4.344,1,1,1,1
807,75,Hombre,7.5,174,43.3,60,0,0,0.437,93,170,-2.7,36,0,-0.91,0.7,-0.37,0.437,0.087,-2.7,-1.57,-2.1,-2.17,-1.44,-2.04,1010.516,1773.511,1364.054,1313.849,0,0,0,0
808,66,Hombre,5.5,132,51,58,0,0,-0.082,53,127,-1.6,36,0,-0.95,0.41,0.34,-0.082,-0.432,-1.6,-0.48,-1,-1.08,-1.12,-1.72,1012.046,1776.197,1366.12,1315.839,0,0,0,0
809,65,Hombre,8.5,138,47.9,215,1,1,-0.433,139,134,-2.18,36,0,-1.82,-0.73,-1.4,-0.083,-0.433,-3.3,-2.18,-2.7,-2.78,-2.83,-3.43,1052.442,1847.093,1420.648,1368.36,0,0,0,0
810,81,Mujer,7.6,126,39.4,68,0,1,-0.06,64,107,-1.49,36,0,-0.3,-0.37,0.8,0.29,-0.06,-2.62,-1.49,-2.02,-2.09,-1.58,-2.18,462.104,811.019,623.776,600.817,0,0,0,0
811,59,Hombre,6.3,128,53.5,88,0,0,-0.417,58,129,-0.77,36,0,-1.95,0.94,-1.72,-0.417,-0.767,-0.77,0.35,-0.17,-0.25,-0.8,-1.4,1692.041,2969.625,2284.017,2199.953,0,0,0,0
812,67,Hombre,5.5,108,46.1,28,1,0,0.165,33,123,-0.12,36,0,0.84,-0.5,0.98,0.165,-0.185,-0.12,1,0.48,0.4,0.73,0.13,1346.058,2362.405,1816.988,1750.112,0,0,0,0
813,90,Hombre,7.6,148,34.2,584,1,0,0.499,962,155,-7.34,36,0,1.64,1.1,1.49,0.499,0.149,-7.34,-6.22,-6.74,-6.82,-6,-6.6,51.502,90.389,69.52,66.961,0,0,0,0
814,60,Hombre,10.1,101,43.6,31,0,0,0.802,69,102,-2.34,36,0,2.84,0.25,0.74,0.802,0.452,-2.34,-1.21,-1.74,-1.81,-0.54,-1.14,1057.573,1856.099,1427.575,1375.032,0,0,0,0
815,82,Hombre,7.4,148,30.7,1558,0,0,-0.24,1226,149,-6.03,36,0,0.37,1.02,-0.62,-0.24,-0.59,-6.03,-4.9,-5.43,-5.5,-5.79,-6.39,288.874,506.99,389.939,375.587,0,0,0,0
816,48,Hombre,8.1,133,56.5,323,0,1,-0.715,158,129,-1.03,36,0,1.62,-1.36,0.57,-0.365,-0.715,-2.15,-1.03,-1.55,-1.63,-2.1,-2.7,695.546,1220.721,938.889,904.332,0,0,0,0
817,67,Hombre,7.2,146,53.2,20,0,0,-0.022,20,143,0.11,36,0,0.98,1.89,0.32,-0.022,-0.372,0.11,1.23,0.71,0.63,0.67,0.07,1136.542,1994.693,1534.171,1477.705,0,0,0,0
818,59,Hombre,8.1,145,52.2,296,0,1,-0.692,148,145,-0.79,36,0,0.28,-1.19,0.41,-0.342,-0.692,-1.92,-0.79,-1.32,-1.39,-1.83,-2.43,1007.514,1768.243,1360.002,1309.947,0,0,0,0
819,49,Mujer,7.2,136,35.8,519,0,1,-0.524,307,127,-2.13,36,0,0.83,-0.75,-1.88,-0.174,-0.524,-3.25,-2.13,-2.65,-2.73,-2.91,-3.51,875.383,1536.346,1181.644,1138.153,0,0,0,0
820,58,Hombre,7.7,145,60.9,26,0,0,-0.509,16,134,-0.3,36,0,-1.27,0.34,0.72,-0.509,-0.859,-0.3,0.82,0.3,0.22,-0.46,-1.06,4131.225,7250.526,5576.57,5371.321,0,0,0,0
821,87,Mujer,7.8,154,52.6,109,0,0,0.374,158,163,-5.49,30.61,1,-0.03,-0.06,0.45,0.374,0.024,-5.49,-4.37,-4.89,-4.97,-4.33,-4.93,30.607,53.718,41.316,39.795,1,0,0,0
822,62,Mujer,7,128,38.2,252,0,1,-0.464,158,115,-2.47,36,0,-0.66,0.18,1.72,-0.114,-0.464,-3.59,-2.47,-2.99,-3.07,-3.16,-3.76,62.025,108.858,83.725,80.644,0,0,0,0
823,58,Mujer,5.9,142,31.6,87,0,1,-0.339,62,140,-1.64,36,0,-0.45,-0.72,0.02,0.011,-0.339,-2.76,-1.64,-2.16,-2.24,-2.15,-2.75,279.949,491.325,377.891,363.983,0,0,0,0
824,75,Mujer,9.2,124,38,302,0,1,-0.878,125,132,-1.82,36,0,0.16,-0.09,0.17,-0.528,-0.878,-2.95,-1.82,-2.35,-2.42,-3.14,-3.74,285.911,501.789,385.939,371.734,0,0,0,0
825,57,Mujer,10.8,140,51,282,0,1,-0.794,127,135,-2.25,36,0,-2.04,0.79,0.15,-0.444,-0.794,-3.38,-2.25,-2.78,-2.85,-3.44,-4.04,119.259,209.305,160.982,155.057,0,0,0,0
826,66,Hombre,8.5,128,41.7,55,0,0,0.723,113,139,-3.23,36,0,-0.22,-1.3,0.32,0.723,0.373,-3.23,-2.11,-2.63,-2.71,-1.55,-2.15,2542.986,4463.079,3432.672,3306.33,0,0,0,0
827,67,Hombre,7,136,51.5,163,1,0,0.037,169,125,-1.06,36,0,-1.8,-0.98,0.49,0.037,-0.313,-1.06,0.07,-0.46,-0.53,-0.4,-1,222.474,390.454,300.309,289.256,0,0,0,0
828,60,Mujer,7.1,137,29.9,145,0,0,-0.164,123,133,-0.52,33.15,1,0.88,-0.53,-0.7,-0.164,-0.514,-0.52,0.61,0.08,0.01,-0.16,-0.76,33.152,58.183,44.75,43.103,1,0,0,0
829,60,Hombre,9.4,149,49.8,1470,0,1,0.051,1547,141,-4.56,36,0,0.67,-0.54,-1.54,0.401,0.051,-5.69,-4.56,-5.09,-5.16,-4.49,-5.09,649.759,1140.363,877.083,844.802,0,0,0,0
830,81,Mujer,7.3,109,37.9,164,0,0,0.278,216,118,-1.19,36,0,1.06,-1.14,-0.54,0.278,-0.072,-1.19,-0.07,-0.59,-0.67,-0.18,-0.78,215.831,378.795,291.341,280.618,0,0,0,0
831,62,Hombre,6.2,106,42,59,0,0,0.339,83,104,-2.62,24.94,1,0.85,-0.21,-1.66,0.339,-0.011,-2.62,-1.49,-2.02,-2.09,-1.51,-2.11,24.936,43.763,33.659,32.421,1,0,1,1
832,86,Hombre,7,130,39.7,74,1,1,-0.163,63,132,-2.06,36,0,-0.12,-2.24,-1.97,0.187,-0.163,-3.18,-2.06,-2.58,-2.66,-2.3,-2.9,753.885,1323.11,1017.639,980.184,0,0,0,0
833,62,Mujer,5.5,137,36.2,213,1,0,-0.159,182,141,-3.22,36,0,-0.66,-1.88,-0.04,-0.159,-0.509,-3.22,-2.1,-2.62,-2.7,-2.86,-3.46,1073.775,1884.533,1449.444,1396.097,0,0,0,0
834,62,Mujer,7.5,126,23.3,324,0,0,-0.015,319,127,-2.22,36,0,0.34,-0.95,-0.39,-0.015,-0.365,-2.22,-1.09,-1.62,-1.69,-1.64,-2.24,72.266,126.832,97.549,93.959,0,0,0,0
835,58,Mujer,7.9,147,40,53,0,0,-0.171,45,140,-2,36,0,-0.88,-0.79,-2.38,-0.171,-0.521,-2,-0.88,-1.4,-1.48,-1.66,-2.26,211.734,371.605,285.811,275.292,0,0,0,0
836,35,Hombre,9,126,44,225,0,1,-0.278,170,109,-1,36,0,-1.04,-0.69,2.02,0.072,-0.278,-2.13,-1,-1.53,-1.6,-1.42,-2.02,904.186,1586.897,1220.524,1175.602,0,0,0,0
837,45,Mujer,7.6,150,47.3,189,0,0,-0.254,147,157,-1.6,36,0,-1.63,0.41,0.5,-0.254,-0.604,-1.6,-0.48,-1,-1.08,-1.38,-1.98,631.883,1108.99,852.953,821.56,0,0,0,0
838,63,Hombre,10,134,35.4,965,0,1,0.264,1257,117,-2.54,36,0,-0.83,-0.29,0.7,0.614,0.264,-3.67,-2.54,-3.07,-3.14,-2.15,-2.75,73.413,128.844,99.097,95.45,0,0,0,0
839,57,Hombre,8.9,145,55.8,202,1,1,0.194,245,140,-4.21,36,0,1.46,0.9,-0.81,0.544,0.194,-5.34,-4.21,-4.74,-4.81,-3.92,-4.52,285.082,500.335,384.821,370.657,0,0,0,0
840,80,Hombre,7.1,115,37.3,144,1,1,-0.158,123,100,-3.54,36,0,0.6,0.06,-0.24,0.192,-0.158,-4.66,-3.54,-4.06,-4.14,-3.77,-4.37,316.174,554.902,426.79,411.082,0,0,0,0
841,67,Mujer,7,155,52.9,21,0,1,-0.21,17,147,-0.59,36,0,1.98,-0.18,-0.19,0.14,-0.21,-1.72,-0.59,-1.12,-1.19,-0.91,-1.51,116.806,205.002,157.672,151.869,0,0,0,0
842,59,Mujer,8.2,126,51.2,172,0,0,-0.318,125,129,-0.83,36,0,0.1,0.11,1.97,-0.318,-0.668,-0.83,0.3,-0.23,-0.3,-0.71,-1.31,1880.222,3299.892,2538.034,2444.62,0,0,0,0
843,74,Hombre,8.7,176,32.8,1102,0,1,0.099,1217,167,-4.87,36,0,-0.17,-1.04,-0.76,0.449,0.099,-6,-4.87,-5.4,-5.47,-4.72,-5.32,92.382,162.136,124.703,120.113,0,0,0,0
844,57,Mujer,8.6,129,50.5,101,0,0,0.01,102,138,-0.63,36,0,0.82,0.18,-0.29,0.01,-0.34,-0.63,0.49,-0.03,-0.11,-0.02,-0.62,2672.939,4691.154,3608.091,3475.293,0,0,0,0
845,66,Mujer,7.1,120,42,28,0,1,-0.456,18,116,0.21,36,0,-0.55,-1.55,0.82,-0.106,-0.456,-0.92,0.21,-0.32,-0.39,-0.47,-1.07,626.107,1098.852,845.156,814.05,0,0,0,0
846,70,Hombre,7.2,148,51.6,222,1,0,0.318,305,129,-4.24,36,0,-0.55,-0.27,0.82,0.318,-0.032,-4.24,-3.12,-3.64,-3.72,-3.17,-3.77,585.949,1028.372,790.948,761.837,0,0,0,0
847,64,Mujer,6,143,41.9,530,0,0,0.01,535,139,-1.77,36,0,0.61,0.63,-0.37,0.01,-0.34,-1.77,-0.64,-1.17,-1.24,-1.15,-1.75,191.432,335.974,258.407,248.896,0,0,0,0
848,62,Hombre,5.9,97,55.9,13,0,0,-0.194,11,110,1.82,36,0,0.08,-1.45,-1.16,-0.194,-0.544,1.82,2.95,2.42,2.35,2.13,1.53,850.72,1493.06,1148.352,1106.086,0,0,0,0
849,61,Hombre,9.3,126,48.4,93,0,1,-0.602,51,119,-1.15,36,0,0.41,-0.44,0.39,-0.252,-0.602,-2.27,-1.15,-1.67,-1.75,-2.05,-2.65,133.783,234.796,180.588,173.941,0,0,0,0
850,60,Mujer,5.5,161,37.4,84,0,0,0.106,93,167,-1.4,36,0,0.36,-0.91,0.17,0.106,-0.244,-1.4,-0.28,-0.8,-0.88,-0.65,-1.25,236.972,415.898,319.878,308.105,0,0,0,0
851,79,Hombre,6.3,161,42.4,384,0,0,0.597,698,161,-2.44,36,0,0.5,0.71,0.85,0.597,0.247,-2.44,-1.31,-1.84,-1.91,-0.94,-1.54,185.369,325.332,250.222,241.012,0,0,0,0
852,64,Mujer,6.3,110,46.7,28,1,0,-0.136,24,102,-0.49,36,0,-0.68,0.67,-0.4,-0.136,-0.486,-0.49,0.63,0.11,0.03,-0.1,-0.7,88.206,154.806,119.065,114.683,0,0,0,0
853,55,Hombre,5.8,137,42.4,176,0,0,0.435,272,127,-1.16,36,0,-1.41,0.84,-0.03,0.435,0.085,-1.16,-0.04,-0.56,-0.64,0.09,-0.51,205.023,359.827,276.752,266.566,0,0,0,0
854,59,Mujer,8.4,146,44.1,537,1,1,-0.217,432,128,-3.19,36,0,-0.06,0.74,-0.42,0.133,-0.217,-4.31,-3.19,-3.71,-3.79,-3.51,-4.11,36.315,63.735,49.02,47.216,0,0,0,0
855,54,Hombre,8.4,165,44.1,224,0,1,-0.472,140,167,-1.39,36,0,0.27,1.44,-0.48,-0.122,-0.472,-2.51,-1.39,-1.91,-1.99,-2.09,-2.69,209.502,367.687,282.798,272.389,0,0,0,0
856,68,Hombre,8.7,143,49.9,313,1,1,-0.11,281,127,-4.26,36,0,-0.52,0.5,0.48,0.24,-0.11,-5.39,-4.26,-4.79,-4.86,-4.43,-5.03,121.351,212.978,163.807,157.778,0,0,0,0
857,61,Hombre,10.2,169,65.7,630,0,1,-1.161,197,162,-0.1,36,0,1.61,-1.28,1.41,-0.811,-1.161,-1.23,-0.1,-0.63,-0.7,-1.85,-2.45,153.085,268.673,206.644,199.038,0,0,0,0
858,67,Hombre,7.8,140,45.5,103,1,0,-0.105,93,142,-2.69,36,0,-0.84,0.16,-0.19,-0.105,-0.455,-2.69,-1.56,-2.09,-2.16,-2.25,-2.85,278.739,489.203,376.259,362.41,0,0,0,0
859,67,Hombre,6.2,131,42.6,53,0,1,-0.019,52,114,-1.3,36,0,1.78,-0.03,-0.55,0.331,-0.019,-2.43,-1.3,-1.83,-1.9,-1.33,-1.93,961.801,1688.013,1298.295,1250.511,0,0,0,0
860,34,Hombre,6.6,114,56.3,819,0,1,-0.687,412,107,1.14,36,0,-0.15,0.01,-0.25,-0.337,-0.687,0.02,1.14,0.62,0.54,0.11,-0.49,1680.866,2950.012,2268.932,2185.423,0,0,0,0
861,55,Hombre,10.9,115,39.7,475,0,1,-0.08,439,99,-1.84,36,0,0.97,1.94,0.36,0.27,-0.08,-2.96,-1.84,-2.36,-2.44,-1.96,-2.56,101.766,178.604,137.369,132.313,0,0,0,0
862,86,Mujer,7.6,141,40.6,86,0,0,0.598,156,146,-3.5,15.79,1,1.61,0.61,0.65,0.598,0.248,-3.5,-2.37,-2.9,-2.97,-2,-2.6,15.785,27.704,21.308,20.523,1,1,1,1
863,66,Hombre,7.7,143,37.2,89,1,0,-0.301,66,153,-1.65,36,0,0.73,-0.13,-0.11,-0.301,-0.651,-1.65,-0.53,-1.05,-1.13,-1.51,-2.11,739.375,1297.644,998.052,961.318,0,0,0,0
864,63,Mujer,7.1,128,30.8,151,1,1,-0.389,102,132,-1.28,36,0,-0.67,-0.97,-0.76,-0.039,-0.389,-2.41,-1.28,-1.81,-1.88,-1.87,-2.47,623.492,1094.262,841.626,810.649,0,0,0,0
865,69,Mujer,6.6,128,33,80,1,0,0.085,87,116,-3.1,36,0,0.29,-0.6,-2.27,0.085,-0.265,-3.1,-1.97,-2.5,-2.57,-2.37,-2.97,126.86,222.646,171.243,164.941,0,0,0,0
866,70,Hombre,7.6,158,48.8,98,0,0,-0.858,42,146,-1.99,36,0,-0.6,0.49,0.63,-0.858,-1.208,-1.99,-0.86,-1.39,-1.46,-2.67,-3.27,3249.029,5702.224,4385.73,4224.311,0,0,0,0
867,51,Mujer,9.1,138,48.4,131,0,0,-0.522,78,143,-1.37,36,0,-0.15,0.41,0.18,-0.522,-0.872,-1.37,-0.25,-0.77,-0.85,-1.56,-2.16,808.195,1418.426,1090.949,1050.796,0,0,0,0
868,64,Hombre,7.6,141,40.6,147,0,1,0.137,169,137,-2.91,36,0,0.22,-0.6,-0.08,0.487,0.137,-4.03,-2.91,-3.43,-3.51,-2.7,-3.3,1763.969,3095.861,2381.108,2293.47,0,0,0,0
869,71,Mujer,6.7,143,32.1,133,1,1,0.49,217,136,-2.78,23.34,1,-0.4,-0.6,-0.6,0.84,0.49,-3.91,-2.78,-3.31,-3.38,-2.04,-2.64,13.297,23.338,17.95,17.289,1,1,1,1
870,66,Hombre,9.6,138,38.2,106,1,0,-0.423,69,150,-5.38,36,0,-0.66,0.95,-0.97,-0.423,-0.773,-5.38,-4.26,-4.78,-4.86,-5.42,-6.02,763.488,1339.962,1030.6,992.669,0,0,0,0
871,62,Hombre,7.1,128,56.2,80,0,1,0.137,92,139,-1.62,36,0,-1.18,-0.23,-0.68,0.487,0.137,-2.74,-1.62,-2.14,-2.22,-1.41,-2.01,36.191,63.517,48.853,47.055,0,0,0,0
872,62,Hombre,7.7,153,31.6,118,0,1,-1.244,34,148,-0.41,36,0,0.42,-1.57,-1.37,-0.894,-1.244,-1.54,-0.41,-0.94,-1.01,-2.28,-2.88,1190.831,2089.973,1607.454,1548.29,0,0,0,0
873,54,Mujer,7.3,137,27.9,34,1,0,-0.224,27,143,-1.31,36,0,-0.34,1.06,0.66,-0.224,-0.574,-1.31,-0.18,-0.71,-0.78,-1.04,-1.64,511.716,898.089,690.744,665.321,0,0,0,0
874,61,Hombre,8.8,112,45.8,210,0,1,-0.432,136,96,0.4,36,0,-1.11,-1.11,-1.52,-0.082,-0.432,-0.73,0.4,-0.13,-0.2,-0.25,-0.85,1891.506,3319.697,2553.266,2459.292,0,0,0,0
875,68,Hombre,8.2,151,45.3,635,1,1,-0.22,510,139,-2.08,36,0,-0.05,0.67,1.61,0.13,-0.22,-3.2,-2.08,-2.6,-2.68,-2.41,-3.01,342.985,601.957,462.981,445.94,0,0,0,0
876,57,Mujer,7.7,141,48.7,84,0,1,-0.372,58,126,-2.4,36,0,-1.39,-1.39,0.01,-0.022,-0.372,-3.52,-2.4,-2.92,-3,-2.96,-3.56,3027.516,5313.455,4086.718,3936.304,0,0,0,0
877,64,Hombre,6.1,102,49.1,38,0,0,1.083,112,100,-2.66,36,0,-0.87,0.03,0.6,1.083,0.733,-2.66,-1.54,-2.06,-2.14,-0.44,-1.04,1267.919,2225.266,1711.511,1648.518,0,0,0,0
878,66,Mujer,9.2,133,43.8,732,1,1,-0.548,423,131,-5,36,0,0.39,-0.25,0.2,-0.198,-0.548,-6.13,-5,-5.53,-5.6,-5.82,-6.42,175.836,308.602,237.354,228.618,0,0,0,0
879,74,Mujer,8.5,149,53.2,38,1,0,0.712,77,145,-4.89,2.11,1,-0.35,-1.36,0.51,0.712,0.362,-4.89,-3.77,-4.29,-4.37,-3.22,-3.82,2.105,3.695,2.842,2.737,1,1,1,1
880,48,Mujer,8,114,36.8,235,0,0,0.19,284,115,-4.6,36,0,0.25,-0.55,-0.03,0.19,-0.16,-4.6,-3.48,-4,-4.08,-3.72,-4.32,630.055,1105.781,850.485,819.183,0,0,0,0
881,65,Mujer,6.8,111,60,72,0,1,-0.095,65,107,1.5,36,0,0.3,-0.1,-1.17,0.255,-0.095,0.38,1.5,0.98,0.9,1.36,0.76,1345.322,2361.113,1815.994,1749.156,0,0,0,0
882,74,Hombre,6.6,150,51.3,153,0,1,-0.33,110,161,1.95,36,0,1.3,-0.72,0.18,0.02,-0.33,0.82,1.95,1.42,1.35,1.45,0.85,110.081,193.198,148.593,143.124,0,0,0,0
883,67,Mujer,5.7,148,23.7,118,0,0,0.084,128,146,-2.54,36,0,-0.62,0.89,0.4,0.084,-0.266,-2.54,-1.42,-1.94,-2.02,-1.82,-2.42,109.031,191.356,147.177,141.76,0,0,0,0
884,45,Hombre,7.7,141,49.4,95,0,1,0.281,126,142,-2.82,36,0,-0.73,-0.81,1.89,0.631,0.281,-3.95,-2.82,-3.35,-3.42,-2.4,-3,277.163,486.436,374.131,360.361,0,0,0,0
885,63,Mujer,7.5,151,38.4,155,0,0,0.001,155,145,-2.38,36,0,-0.13,0.09,-0.39,0.001,-0.349,-2.38,-1.26,-1.78,-1.86,-1.78,-2.38,237.646,417.081,320.788,308.981,0,0,0,0
886,77,Mujer,7.6,150,49.2,149,1,1,-0.491,91,161,-1.1,36,0,-1.55,1.48,-0.2,-0.141,-0.491,-2.23,-1.1,-1.63,-1.7,-1.84,-2.44,334.82,587.628,451.96,435.326,0,0,0,0
887,54,Mujer,9,118,26.7,262,1,1,-0.689,132,111,0.35,36,0,-0.43,0.81,0.81,-0.339,-0.689,-0.78,0.35,-0.18,-0.25,-0.68,-1.28,473.409,830.859,639.036,615.516,0,0,0,0
888,66,Mujer,9.1,132,45,207,0,1,-0.155,177,120,-3.62,36,0,-0.46,-0.11,-1.21,0.195,-0.155,-4.75,-3.62,-4.15,-4.22,-3.85,-4.45,587.226,1030.614,792.673,763.498,0,0,0,0
889,57,Mujer,7.7,138,45.5,51,0,0,0.358,73,129,-4.26,36,0,1.21,0.51,1.55,0.358,0.008,-4.26,-3.14,-3.66,-3.74,-3.13,-3.73,2099.399,3684.559,2833.892,2729.589,0,0,0,0
890,74,Mujer,7.9,117,53.6,1257,1,1,-0.827,550,111,-0.04,36,0,-0.6,-1.56,0.82,-0.477,-0.827,-1.17,-0.04,-0.57,-0.64,-1.28,-1.88,197.163,346.032,266.142,256.347,0,0,0,0
891,76,Mujer,7.4,159,49.2,443,1,1,0.751,939,140,-1.67,36,0,2.09,-1.18,-0.92,1.101,0.751,-2.8,-1.67,-2.2,-2.27,-0.54,-1.14,229.29,402.417,309.509,298.118,0,0,0,0
892,67,Hombre,9.2,141,47.7,356,0,1,-0.544,207,141,-2.06,6.47,1,-0.39,0.29,2.2,-0.194,-0.544,-3.19,-2.06,-2.59,-2.66,-2.88,-3.48,3.687,6.471,4.977,4.794,1,1,1,1
893,69,Mujer,9.9,119,34.8,185,0,1,0.389,273,106,-1.67,36,0,1.33,-0.18,0.16,0.739,0.389,-2.79,-1.67,-2.19,-2.27,-1.08,-1.68,359.878,631.606,485.785,467.905,0,0,0,0
894,63,Hombre,6.7,131,36.9,170,0,0,0.243,217,133,-2.83,36,0,-0.6,-1.62,0.75,0.243,-0.107,-2.83,-1.71,-2.23,-2.31,-1.87,-2.47,417.97,733.56,564.2,543.434,0,0,0,0
895,86,Mujer,7.3,134,29.1,257,1,0,-0.388,174,141,-2.13,36,0,-0.09,-1.14,0.37,-0.388,-0.738,-2.13,-1.01,-1.53,-1.61,-2.12,-2.72,436.199,765.554,588.808,567.136,0,0,0,0
896,74,Hombre,7.5,130,40.4,138,0,1,-1.502,31,131,1.09,36,0,1.53,1.46,1.21,-1.152,-1.502,-0.04,1.09,0.56,0.49,-1.17,-1.77,1055.421,1852.322,1424.67,1372.234,0,0,0,0
897,51,Mujer,8.3,115,61.6,234,1,0,0.142,270,121,-0.4,36,0,0.21,0.69,0.23,0.142,-0.208,-0.4,0.73,0.2,0.13,0.41,-0.19,491.147,861.99,662.979,638.578,0,0,0,0
898,50,Mujer,7.8,148,44.7,89,0,1,-0.067,83,146,-3.04,36,0,-0.96,0.61,0.22,0.283,-0.067,-4.17,-3.04,-3.57,-3.64,-3.14,-3.74,102.386,179.694,138.207,133.12,0,0,0,0
899,64,Mujer,8.3,100,54.4,106,0,0,0.27,139,107,-1,36,0,-0.79,-0.55,-1.58,0.27,-0.08,-1,0.13,-0.4,-0.47,0.01,-0.59,626.239,1099.084,845.335,814.222,0,0,0,0
900,61,Hombre,8.1,127,24.9,59,0,0,0.297,79,131,-3.27,36,0,-0.92,0.09,-0.3,0.297,-0.053,-3.27,-2.14,-2.67,-2.74,-2.22,-2.82,609.996,1070.576,823.408,793.102,0,0,0,0
901,66,Hombre,5.5,143,40.6,186,1,1,-0.46,117,136,-0.8,36,0,1.06,-0.25,0.44,-0.11,-0.46,-1.93,-0.8,-1.33,-1.4,-1.49,-2.09,464.757,815.673,627.356,604.265,0,0,0,0
902,60,Mujer,7.9,131,50.4,75,0,0,0.204,92,150,-0.99,36,0,0.92,-1.11,1.49,0.204,-0.146,-0.99,0.13,-0.39,-0.47,-0.08,-0.68,812.554,1426.076,1096.833,1056.463,0,0,0,0
903,58,Mujer,7.2,114,56,10,0,0,0.057,11,115,1.17,36,0,-0.9,0.56,0.29,0.057,-0.293,1.17,2.3,1.77,1.7,1.86,1.26,1951.657,3425.265,2634.462,2537.499,0,0,0,0
904,74,Mujer,7,122,45.5,19,0,0,0.897,47,124,-4,36,0,1.34,-1.84,-0.53,0.897,0.547,-4,-2.88,-3.4,-3.48,-2.06,-2.66,473.497,831.013,639.154,615.629,0,0,0,0
905,73,Mujer,7.1,154,45.5,172,0,0,0.079,186,149,-2.36,36,0,-0.29,-0.69,-2.65,0.079,-0.271,-2.36,-1.23,-1.76,-1.83,-1.64,-2.24,1065.688,1870.341,1438.529,1385.583,0,0,0,0
906,71,Hombre,10.6,136,32.2,159,0,1,0.135,182,134,-1.9,36,0,-0.43,-0.66,2.22,0.485,0.135,-3.02,-1.9,-2.42,-2.5,-1.69,-2.29,80.255,140.853,108.333,104.346,0,0,0,0
907,64,Hombre,9,123,38.2,106,0,0,-0.632,56,115,-1.01,16.08,1,-0.26,-1.59,1.39,-0.632,-0.982,-1.01,0.11,-0.41,-0.49,-1.36,-1.96,16.08,28.221,21.706,20.907,1,1,1,1
908,72,Hombre,8.4,130,44.3,180,0,0,-0.004,179,150,-2.33,36,0,0.62,1.17,-0.91,-0.004,-0.354,-2.33,-1.21,-1.73,-1.81,-1.74,-2.34,188.26,330.407,254.125,244.771,0,0,0,0
909,48,Mujer,7,127,48.9,66,0,0,0.11,74,114,-0.94,36,0,0.73,0.73,1.04,0.11,-0.24,-0.94,0.18,-0.34,-0.42,-0.18,-0.78,860.264,1509.811,1161.235,1118.495,0,0,0,0
910,50,Hombre,10.5,114,58.1,30,0,0,-0.048,29,122,-0.91,36,0,1.34,1.92,0.15,-0.048,-0.398,-0.91,0.22,-0.31,-0.38,-0.38,-0.98,403.348,707.898,544.463,524.424,0,0,0,0
911,76,Hombre,7.2,119,27.6,2261,1,0,-0.129,1988,125,-4.87,8.35,1,1.54,-2.11,1.15,-0.129,-0.479,-4.87,-3.74,-4.27,-4.34,-4.46,-5.06,8.351,14.656,11.273,10.858,1,1,1,1
912,60,Mujer,5.5,125,37.2,26,0,0,0.159,30,128,-0.39,36,0,0.02,0.78,-0.68,0.159,-0.191,-0.39,0.73,0.21,0.13,0.45,-0.15,3423.584,6008.577,4621.355,4451.263,0,0,0,0
913,67,Hombre,7.8,129,35.7,35,0,0,0.322,48,125,-1.89,36,0,0.28,-0.54,0.36,0.322,-0.028,-1.89,-0.77,-1.29,-1.37,-0.81,-1.41,581.399,1020.387,784.807,755.921,0,0,0,0
914,82,Mujer,10.1,116,56.5,78,1,0,-0.175,65,119,-3.2,36,0,0.79,0.49,1.19,-0.175,-0.525,-3.2,-2.08,-2.6,-2.68,-2.86,-3.46,865.481,1518.966,1168.277,1125.277,0,0,0,0
915,60,Mujer,5.7,145,69.6,35,0,0,0.548,61,146,-1.63,36,0,-2.2,-0.37,-1.05,0.548,0.198,-1.63,-0.5,-1.03,-1.1,-0.21,-0.81,707.115,1241.026,954.506,919.374,0,0,0,0
916,54,Mujer,7.8,95,42.4,86,0,0,-0.322,62,79,-0.2,36,0,-0.5,-0.58,0.42,-0.322,-0.672,-0.2,0.92,0.4,0.32,-0.08,-0.68,231.68,406.611,312.735,301.225,0,0,0,0
917,34,Mujer,5.5,139,68.7,23,0,0,0.366,33,145,0.9,36,0,-0.52,-0.6,0.03,0.366,0.016,0.9,2.02,1.5,1.42,2.05,1.45,3232.128,5672.562,4362.917,4202.337,0,0,0,0
918,62,Hombre,8.9,132,37.1,58,0,0,0.574,103,127,-1.89,36,0,-1.86,0.33,-1.29,0.574,0.224,-1.89,-0.77,-1.29,-1.37,-0.43,-1.03,224.327,393.706,302.81,291.664,0,0,0,0
919,62,Hombre,8,111,55.2,430,0,1,-0.519,256,94,-1.94,36,0,-0.09,0.59,-1.17,-0.169,-0.519,-3.07,-1.94,-2.47,-2.54,-2.72,-3.32,1228.265,2155.672,1657.984,1596.961,0,0,0,0
920,74,Hombre,7.2,152,48.5,245,0,0,0.485,398,160,-4.23,36,0,-0.85,-0.82,0.06,0.485,0.135,-4.23,-3.11,-3.63,-3.71,-2.91,-3.51,220.423,386.854,297.54,286.588,0,0,0,0
921,59,Mujer,7.3,142,26.5,357,0,0,-0.743,170,125,-3.59,36,0,0.3,0.51,-1.77,-0.743,-1.093,-3.59,-2.46,-2.99,-3.06,-4.1,-4.7,80.307,140.943,108.403,104.413,0,0,0,0
922,61,Mujer,8.2,98,39.1,115,0,0,0.031,119,89,-1.03,36,0,-0.62,0.15,-3.15,0.031,-0.319,-1.03,0.1,-0.43,-0.5,-0.38,-0.98,2607.522,4576.344,3519.787,3390.239,0,0,0,0
923,63,Mujer,7.3,158,57,506,0,0,0.019,516,158,-2.64,36,0,-1.76,0.03,1.16,0.019,-0.331,-2.64,-1.51,-2.04,-2.11,-2.01,-2.61,642.373,1127.399,867.112,835.198,0,0,0,0
924,67,Hombre,8.5,170,60.9,244,0,1,-0.546,141,171,-1.28,36,0,-0.01,2.13,0.74,-0.196,-0.546,-2.41,-1.28,-1.81,-1.88,-2.1,-2.7,76.988,135.117,103.922,100.097,0,0,0,0
925,70,Mujer,7.1,146,38.4,57,0,1,-0.098,52,132,-1.35,36,0,2.96,-0.85,-0.12,0.252,-0.098,-2.47,-1.35,-1.87,-1.95,-1.49,-2.09,175.467,307.954,236.856,228.138,0,0,0,0
926,57,Mujer,8.3,135,52,132,0,1,0.495,216,123,-2.23,36,0,-0.57,0.88,0.33,0.845,0.495,-3.35,-2.23,-2.75,-2.83,-1.49,-2.09,251.46,441.326,339.436,326.943,0,0,0,0
927,67,Mujer,8,152,42.1,85,1,0,0.581,152,166,-4.28,36,0,-0.17,-0.76,-2.14,0.581,0.231,-4.28,-3.16,-3.68,-3.76,-2.81,-3.41,440.22,772.61,594.235,572.364,0,0,0,0
928,68,Hombre,7.7,135,59.5,332,0,1,0.631,624,130,-3.89,36,0,1.29,1.92,0.9,0.981,0.631,-5.01,-3.89,-4.41,-4.49,-2.94,-3.54,44.427,77.971,59.97,57.762,0,0,0,0
929,65,Mujer,7,117,29.1,444,1,1,-0.922,177,106,-0.79,36,0,-0.89,0.27,-0.02,-0.572,-0.922,-1.91,-0.79,-1.31,-1.39,-2.17,-2.77,433.002,759.943,584.492,562.979,0,0,0,0
930,78,Hombre,6.2,160,37.7,916,0,0,0.077,989,157,-4.04,36,0,2.36,-0.82,-0.39,0.077,-0.273,-4.04,-2.92,-3.44,-3.52,-3.33,-3.93,343,601.984,463.002,445.961,0,0,0,0
931,46,Hombre,6.2,121,63.8,18,0,0,-0.358,13,120,1.17,36,0,-0.78,0.03,-1.36,-0.358,-0.708,1.17,2.3,1.77,1.7,1.24,0.64,5917.504,10385.543,7987.795,7693.8,0,0,0,0
932,70,Hombre,7,135,60.3,16,1,1,0.522,27,123,-0.08,36,0,1.61,0.67,-0.06,0.872,0.522,-1.2,-0.08,-0.6,-0.68,0.7,0.1,1400.084,2457.224,1889.915,1820.356,0,0,0,0
933,76,Mujer,7.5,145,49.6,55,1,1,-0.083,51,135,-1.73,36,0,-0.89,0.68,1.37,0.267,-0.083,-2.86,-1.73,-2.26,-2.33,-1.86,-2.46,966.784,1696.759,1305.022,1256.99,0,0,0,0
934,52,Hombre,7,128,46.8,26,1,0,0.107,29,118,-1.33,8.26,1,0.61,1.02,-0.16,0.107,-0.243,-1.33,-0.2,-0.73,-0.8,-0.57,-1.17,8.259,14.496,11.149,10.739,1,1,1,1
935,65,Mujer,9.3,157,57.6,395,0,1,0.14,454,158,-3.32,36,0,-0.52,0.03,0.33,0.49,0.14,-4.45,-3.32,-3.85,-3.92,-3.11,-3.71,768.03,1347.934,1036.732,998.574,0,0,0,0
936,54,Mujer,7.8,121,43.4,376,0,1,-1.432,90,119,1.74,36,0,1.3,-2.24,-0.78,-1.082,-1.432,0.62,1.74,1.22,1.14,-0.4,-1,684.872,1201.988,924.481,890.455,0,0,0,0
937,60,Hombre,8.9,155,31,971,0,0,-0.186,806,148,-2.61,36,0,0.33,0.17,0.07,-0.186,-0.536,-2.61,-1.48,-2.01,-2.08,-2.29,-2.89,633.532,1111.883,855.178,823.703,0,0,0,0
938,64,Mujer,7.1,119,37.9,26,1,0,0.045,27,114,0.04,36,0,-2.05,0.66,-1.71,0.045,-0.305,0.04,1.17,0.64,0.57,0.71,0.11,115.19,202.165,155.49,149.768,0,0,0,0
939,62,Mujer,7.9,108,53.8,39,0,0,0.212,48,106,-2.61,36,0,-0.4,-0.65,-0.89,0.212,-0.138,-2.61,-1.48,-2.01,-2.08,-1.69,-2.29,122.718,215.377,165.652,159.556,0,0,0,0
940,84,Hombre,9.2,149,28.7,97,1,0,0.453,153,142,-5.51,36,0,0.89,0.81,-0.35,0.453,0.103,-5.51,-4.39,-4.91,-4.99,-4.23,-4.83,37.571,65.939,50.716,48.849,0,0,0,0
941,63,Hombre,7.1,140,37.2,530,1,1,-0.395,357,136,0.04,36,0,1.35,-0.49,1.24,-0.045,-0.395,-1.08,0.04,-0.48,-0.56,-0.55,-1.15,87.655,153.84,118.322,113.968,0,0,0,0
942,50,Hombre,8.3,129,53,93,0,0,0.018,95,129,-0.81,36,0,0.04,-0.37,0.9,0.018,-0.332,-0.81,0.32,-0.21,-0.28,-0.18,-0.78,209.627,367.907,282.967,272.553,0,0,0,0
943,56,Hombre,8,145,50.1,91,0,1,-0.186,76,132,-0.57,36,0,-0.07,1.57,-0.48,0.164,-0.186,-1.7,-0.57,-1.1,-1.17,-0.85,-1.45,1048.562,1840.283,1415.41,1363.315,0,0,0,0
944,61,Mujer,7.4,148,42.1,71,1,1,0.117,80,129,-1.36,36,0,2.58,-0.23,2.48,0.467,0.117,-2.49,-1.36,-1.89,-1.96,-1.19,-1.79,107.244,188.219,144.764,139.436,0,0,0,0
945,60,Mujer,7.4,134,23.6,34,1,0,-0.143,29,124,-1.29,36,0,0.86,-2.4,-0.83,-0.143,-0.493,-1.29,-0.17,-0.69,-0.77,-0.91,-1.51,74.031,129.928,99.931,96.253,0,0,0,0
946,70,Mujer,8.1,123,49.8,101,1,0,0.17,120,136,-2.48,14.76,1,0.63,0.95,1.33,0.17,-0.18,-2.48,-1.35,-1.88,-1.95,-1.62,-2.22,14.759,25.903,19.923,19.189,1,1,1,1
947,57,Hombre,6.1,123,31.8,50,0,0,0.015,51,114,-0.76,36,0,1.2,-0.72,0.01,0.015,-0.335,-0.76,0.37,-0.16,-0.23,-0.14,-0.74,1431.269,2511.956,1932.011,1860.903,0,0,0,0
948,69,Mujer,7,149,34.5,113,1,0,-0.509,68,148,-1.41,36,0,2.4,0.23,0.68,-0.509,-0.859,-1.41,-0.29,-0.81,-0.89,-1.58,-2.18,136.624,239.783,184.424,177.636,0,0,0,0
949,61,Mujer,7.7,120,62.8,186,0,1,0.084,202,121,-0.99,36,0,0.55,2.06,-0.04,0.434,0.084,-2.12,-0.99,-1.52,-1.59,-0.87,-1.47,100.98,177.225,136.309,131.292,0,0,0,0
950,53,Mujer,8.3,143,37.2,343,0,0,-0.064,322,131,-2.8,36,0,0.35,0.79,-1.26,-0.064,-0.414,-2.8,-1.68,-2.2,-2.28,-2.3,-2.9,198.895,349.072,268.481,258.599,0,0,0,0
951,63,Hombre,9.9,143,52.6,443,0,1,-0.46,280,133,-2.15,36,0,-1.33,2.09,0.43,-0.11,-0.46,-3.27,-2.15,-2.67,-2.75,-2.84,-3.44,46.902,82.315,63.31,60.98,0,0,0,0
952,58,Hombre,6.8,133,59.5,76,0,1,-0.08,70,143,-1.7,36,0,-1.83,1.03,-1.18,0.27,-0.08,-2.83,-1.7,-2.23,-2.3,-1.82,-2.42,1205.178,2115.153,1626.82,1566.944,0,0,0,0
953,64,Hombre,8.2,137,40.6,134,0,1,0.502,221,136,-4.01,36,0,0.11,1.66,0.43,0.852,0.502,-5.14,-4.01,-4.54,-4.61,-3.26,-3.86,698.363,1225.665,942.691,907.995,0,0,0,0
954,80,Mujer,7.7,140,26.5,152,0,0,0.482,246,142,-4.59,36,0,0.72,0.67,1.47,0.482,0.132,-4.59,-3.46,-3.99,-4.06,-3.26,-3.86,210.01,368.578,283.483,273.05,0,0,0,0
955,63,Hombre,7.6,116,39.3,125,0,1,-0.331,90,108,-0.52,36,0,-1.59,-0.65,-0.99,0.019,-0.331,-1.64,-0.52,-1.04,-1.12,-1.01,-1.61,531.532,932.869,717.494,691.086,0,0,0,0
956,62,Hombre,7.7,136,28.4,159,0,1,-0.222,127,145,-1.36,36,0,2.41,-0.37,0.58,0.128,-0.222,-2.48,-1.36,-1.88,-1.96,-1.69,-2.29,30.386,53.329,41.017,39.507,1,0,0,0
957,49,Mujer,5.8,150,50.2,136,0,0,0.968,358,149,-2.52,36,0,0.1,0.14,-3.01,0.968,0.618,-2.52,-1.39,-1.92,-1.99,-0.46,-1.06,233.868,410.451,315.689,304.07,0,0,0,0
958,66,Hombre,7.6,118,35.6,147,0,0,-0.517,88,125,-0.44,36,0,-0.26,-0.19,0.97,-0.517,-0.867,-0.44,0.69,0.16,0.09,-0.61,-1.21,1930.193,3387.594,2605.488,2509.591,0,0,0,0
959,62,Mujer,7.3,154,43.8,432,0,0,-0.183,360,151,-1.16,36,0,0.61,-0.38,1.02,-0.183,-0.533,-1.16,-0.03,-0.56,-0.63,-0.83,-1.43,1389.436,2438.537,1875.543,1806.512,0,0,0,0
960,79,Mujer,7.6,156,33.7,103,1,0,-0.215,83,157,-4.23,36,0,0.06,0.74,1.25,-0.215,-0.565,-4.23,-3.1,-3.63,-3.7,-3.95,-4.55,95.035,166.792,128.284,123.562,0,0,0,0
961,45,Mujer,7.9,97,62.9,50,0,1,-0.543,29,98,1.6,36,0,-0.46,0.28,0.38,-0.193,-0.543,0.47,1.6,1.07,1,0.78,0.18,477.338,837.755,644.339,620.624,0,0,0,0
962,56,Mujer,9.6,108,62.4,166,0,1,-0.465,104,107,-3.09,36,0,-1.59,1.58,0.83,-0.115,-0.465,-4.22,-3.09,-3.62,-3.69,-3.79,-4.39,2476.487,4346.369,3342.907,3219.87,0,0,0,0
963,59,Mujer,8.3,139,50.9,99,1,0,-0.263,76,139,-0.21,36,0,-0.03,-0.23,-0.74,-0.263,-0.613,-0.21,0.91,0.39,0.31,-0.01,-0.61,231.242,405.842,312.144,300.655,0,0,0,0
964,65,Hombre,6.9,158,62.2,508,0,0,-0.024,496,161,-1.41,36,0,-0.62,-1.17,-0.9,-0.024,-0.374,-1.41,-0.29,-0.81,-0.89,-0.85,-1.45,1833.2,3217.366,2474.561,2383.483,0,0,0,0
965,58,Mujer,8.5,142,43.9,78,0,0,0.373,113,142,-3.87,36,0,-0.05,-1.46,-0.7,0.373,0.023,-3.87,-2.75,-3.27,-3.35,-2.71,-3.31,586.183,1028.782,791.264,762.141,0,0,0,0
966,66,Mujer,10.1,148,41.7,240,0,0,-0.154,206,147,-1.81,36,0,1.13,-0.14,1.51,-0.154,-0.504,-1.81,-0.69,-1.21,-1.29,-1.44,-2.04,735.483,1290.813,992.798,956.258,0,0,0,0
967,89,Mujer,9.4,139,35.2,100,1,1,-0.645,52,135,-3.51,36,0,2.36,-0.55,-0.29,-0.295,-0.645,-4.63,-3.51,-4.03,-4.11,-4.47,-5.07,1684.551,2956.479,2273.906,2190.213,0,0,0,0
968,60,Hombre,7.3,113,37,316,1,0,-0.186,262,124,-3.27,36,0,-0.47,1.39,0.23,-0.186,-0.536,-3.27,-2.14,-2.67,-2.74,-2.95,-3.55,1251.693,2196.79,1689.609,1627.422,0,0,0,0
969,65,Mujer,5.5,159,60.1,76,0,0,0.584,136,165,-2.76,36,0,0.52,1.98,-2.06,0.584,0.234,-2.76,-1.64,-2.16,-2.24,-1.29,-1.89,710.502,1246.97,959.078,923.778,0,0,0,0
970,57,Hombre,8.2,114,58.6,169,0,1,-0.562,96,112,-2.36,36,0,-0.2,-0.21,1.18,-0.212,-0.562,-3.48,-2.36,-2.88,-2.96,-3.2,-3.8,496.044,870.585,669.59,644.945,0,0,0,0
971,75,Mujer,10.4,148,41.3,1056,0,0,0.163,1243,139,-6.04,36,0,1.2,-0.88,0.87,0.163,-0.187,-6.04,-4.92,-5.44,-5.52,-5.2,-5.8,141.659,248.619,191.22,184.182,0,0,0,0
972,52,Mujer,8.9,129,47.2,32,1,1,0.263,42,128,0.27,36,0,-0.3,-0.12,-1.85,0.613,0.263,-0.86,0.27,-0.26,-0.33,0.66,0.06,616.443,1081.891,832.111,801.485,0,0,0,0
973,60,Mujer,9.9,154,54.6,124,0,0,-0.897,51,162,-1.3,36,0,-1.84,-2.6,-1.29,-0.897,-1.247,-1.3,-0.18,-0.7,-0.78,-2.05,-2.65,999.834,1754.764,1349.635,1299.961,0,0,0,0
974,67,Hombre,7.9,135,60.4,151,0,0,-0.059,142,145,-0.67,36,0,0.08,-0.48,-0.41,-0.059,-0.409,-0.67,0.45,-0.07,-0.15,-0.16,-0.76,1055.565,1852.574,1424.863,1372.42,0,0,0,0
975,73,Hombre,8.7,141,46.7,109,1,0,-0.368,75,116,-1.77,36,0,-0.69,-0.34,-0.31,-0.368,-0.718,-1.77,-0.65,-1.17,-1.25,-1.73,-2.33,314.643,552.216,424.724,409.091,0,0,0,0
976,67,Mujer,5.5,131,42.4,29,0,0,-0.354,20,145,-1.9,36,0,1.01,-1.02,-0.21,-0.354,-0.704,-1.9,-0.77,-1.3,-1.37,-1.83,-2.43,2133.368,3744.177,2879.745,2773.755,0,0,0,0
977,70,Mujer,8,127,43.1,34,0,0,-0.277,26,122,-1.36,36,0,1.42,-0.03,-1.62,-0.277,-0.627,-1.36,-0.23,-0.76,-0.83,-1.17,-1.77,3370.883,5916.083,4550.216,4382.742,0,0,0,0
978,50,Mujer,9.2,122,56,140,0,1,-0.518,83,121,-0.83,36,0,0.57,0.57,1.87,-0.168,-0.518,-1.96,-0.83,-1.36,-1.43,-1.61,-2.21,3592.827,6305.609,4849.81,4671.31,0,0,0,0
979,58,Mujer,9.4,131,53.9,906,0,1,-0.763,422,131,-1,36,0,-0.85,0.55,0.47,-0.413,-0.763,-2.13,-1,-1.53,-1.6,-2.15,-2.75,995.508,1747.17,1343.795,1294.336,0,0,0,0
980,63,Mujer,8.6,148,36.8,1530,0,0,0.04,1593,158,-4.82,36,0,0.99,1.08,-0.75,0.04,-0.31,-4.82,-3.69,-4.22,-4.29,-4.16,-4.76,76.113,133.583,102.742,98.961,0,0,0,0
981,75,Hombre,7.7,121,41.6,237,0,0,0.313,324,132,-3.75,36,0,-0.25,1.1,-0.01,0.313,-0.037,-3.75,-2.62,-3.15,-3.22,-2.68,-3.28,773.832,1358.118,1044.564,1006.119,0,0,0,0
982,64,Mujer,6.9,154,46.1,592,1,1,-1.56,124,155,0.47,36,0,-0.05,-1.79,-1.03,-1.21,-1.56,-0.66,0.47,-0.06,-0.13,-1.87,-2.47,241.419,423.704,325.882,313.888,0,0,0,0
983,62,Hombre,9.3,162,54.1,283,0,1,-0.175,237,156,-3.05,36,0,-1.04,-0.14,1.58,0.175,-0.175,-4.17,-3.05,-3.57,-3.65,-3.31,-3.91,83.474,146.501,112.678,108.531,0,0,0,0
984,65,Mujer,5.5,127,42.9,170,0,0,0.248,218,125,-2.4,36,0,-0.56,0.02,-0.34,0.248,-0.102,-2.4,-1.27,-1.8,-1.87,-1.43,-2.03,284.058,498.537,383.438,369.326,0,0,0,0
985,53,Hombre,7.3,95,55.4,46,0,0,0.247,59,81,-0.57,36,0,0.1,2.16,0.79,0.247,-0.103,-0.57,0.55,0.03,-0.05,0.4,-0.2,3856.194,6767.831,5205.317,5013.732,0,0,0,0
986,50,Hombre,11.2,110,50.8,364,0,1,-0.505,220,102,-1.95,36,0,-0.4,0.19,0.01,-0.155,-0.505,-3.07,-1.95,-2.47,-2.55,-2.71,-3.31,543.053,953.088,733.045,706.065,0,0,0,0
987,68,Hombre,7.1,123,32.1,18,1,1,-0.706,9,135,0.79,36,0,-0.18,0.32,-0.44,-0.356,-0.706,-0.33,0.79,0.27,0.19,-0.27,-0.87,28.913,50.744,39.029,37.592,1,0,0,0
988,55,Mujer,5.6,136,40.8,45,0,1,-0.188,37,119,-0.62,36,0,1.57,-0.27,-0.55,0.162,-0.188,-1.75,-0.62,-1.15,-1.22,-0.9,-1.5,421.984,740.605,569.618,548.653,0,0,0,0
989,67,Hombre,10,144,40.7,1237,0,1,-0.383,844,138,-2.92,36,0,-1.35,0.47,-0.49,-0.033,-0.383,-4.05,-2.92,-3.45,-3.52,-3.5,-4.1,72.417,127.096,97.753,94.155,0,0,0,0
990,51,Hombre,8.8,163,61.9,146,0,1,-0.182,122,170,-2.39,36,0,0.18,0.04,-0.05,0.168,-0.182,-3.52,-2.39,-2.92,-2.99,-2.66,-3.26,531.544,932.888,717.509,691.101,0,0,0,0
991,57,Mujer,7.1,112,36.1,46,0,0,0.146,53,112,-1.42,36,0,-0.1,-1.13,-0.09,0.146,-0.204,-1.42,-0.3,-0.82,-0.9,-0.6,-1.2,282.723,496.194,381.636,367.589,0,0,0,0
992,65,Hombre,8,163,63.9,958,0,1,-0.112,857,170,-0.98,36,0,-0.7,-1.72,-0.12,0.238,-0.112,-2.1,-0.98,-1.5,-1.58,-1.15,-1.75,461.068,809.199,622.377,599.47,0,0,0,0
993,53,Hombre,6.7,153,55,61,0,1,0.234,77,152,-1.02,36,0,-1.98,0.33,-0.83,0.584,0.234,-2.14,-1.02,-1.54,-1.62,-0.67,-1.27,846.713,1486.028,1142.944,1100.877,0,0,0,0
994,62,Mujer,9,155,49.9,1480,0,1,0.265,1929,144,-3.57,36,0,3.4,-0.49,0.61,0.615,0.265,-4.69,-3.57,-4.09,-4.17,-3.17,-3.77,225.488,395.743,304.376,293.174,0,0,0,0
995,66,Mujer,7.8,113,43.8,447,1,1,-0.594,247,95,-2.85,36,0,0.03,-1.17,-0.62,-0.244,-0.594,-3.98,-2.85,-3.38,-3.45,-3.74,-4.34,928.871,1630.22,1253.845,1207.696,0,0,0,0
996,80,Mujer,7,144,47.2,191,0,0,0.06,203,143,-4.31,36,0,0.44,-1.67,0.81,0.06,-0.29,-4.31,-3.19,-3.71,-3.79,-3.62,-4.22,493.505,866.127,666.161,641.643,0,0,0,0
997,57,Mujer,8.5,142,64.6,224,0,0,-0.565,127,142,-1.1,36,0,-0.34,-0.65,0.71,-0.565,-0.915,-1.1,0.03,-0.5,-0.57,-1.35,-1.95,812.847,1426.591,1097.229,1056.844,0,0,0,0
998,68,Hombre,8.2,123,40.4,47,1,0,-0.153,40,122,-3.32,36,0,-1.4,0.94,-2.07,-0.153,-0.503,-3.32,-2.2,-2.72,-2.8,-2.95,-3.55,901.073,1581.433,1216.322,1171.554,0,0,0,0
999,71,Mujer,5.8,135,46,93,0,0,0.595,169,135,-2.71,36,0,0.03,-1.43,0.41,0.595,0.245,-2.71,-1.58,-2.11,-2.18,-1.21,-1.81,58.885,103.347,79.487,76.561,0,0,0,0
1000,87,Hombre,8.7,149,20,1545,1,1,0.075,1666,141,-6.02,1.4,1,2.68,-2,-0.49,0.425,0.075,-7.14,-6.02,-6.54,-6.62,-5.91,-6.51,0.797,1.399,1.076,1.037,1,1,1,1
1001,82,Hombre,9.9,131,60.2,621,0,0,-0.225,496,118,-2.58,36,0,1.48,0.39,0.23,-0.225,-0.575,-2.58,-1.46,-1.98,-2.06,-2.32,-2.92,49.383,86.67,66.66,64.207,0,0,0,0
1002,73,Mujer,7.3,139,54,94,1,0,0.962,246,134,-4.65,36,0,0.28,-1.06,-0.07,0.962,0.612,-4.65,-3.52,-4.05,-4.12,-2.6,-3.2,65.99,115.816,89.078,85.799,0,0,0,0
1003,77,Hombre,8.6,188,45.2,1831,1,1,0.023,1874,169,-4.63,36,0,-0.46,0.57,1.09,0.373,0.023,-5.75,-4.63,-5.15,-5.23,-4.59,-5.19,101.9,178.84,137.551,132.488,0,0,0,0
1004,61,Mujer,8.1,115,65.1,55,0,0,0.344,78,105,-1.68,36,0,0.65,0.16,1.28,0.344,-0.006,-1.68,-0.56,-1.08,-1.16,-0.56,-1.16,2258.086,3963.064,3048.097,2935.91,0,0,0,0
1005,75,Mujer,8.2,145,38.2,141,0,0,-0.331,101,143,-2.7,36,0,0,0.92,1.44,-0.331,-0.681,-2.7,-1.58,-2.1,-2.18,-2.6,-3.2,215.365,377.977,290.712,280.012,0,0,0,0
1006,58,Mujer,7.6,146,43.6,36,0,0,-0.148,31,160,-0.88,36,0,-0.48,-2.52,-1.06,-0.148,-0.498,-0.88,0.24,-0.28,-0.36,-0.5,-1.1,1481.807,2600.652,2000.23,1926.611,0,0,0,0
1007,71,Mujer,8.6,123,52.4,160,0,1,0.219,199,114,-3.89,36,0,1.03,-0.66,-1.23,0.569,0.219,-5.01,-3.89,-4.41,-4.49,-3.56,-4.16,100.907,177.098,136.21,131.197,0,0,0,0
1008,65,Hombre,6.2,147,50.1,152,1,0,0.113,170,147,-2.55,36,0,0.38,0.34,0.37,0.113,-0.237,-2.55,-1.42,-1.95,-2.02,-1.78,-2.38,1226.998,2153.448,1656.274,1595.314,0,0,0,0
1009,59,Hombre,7.6,144,44.8,529,1,0,0.272,694,148,-3.6,36,0,-0.52,-1.09,0.3,0.272,-0.078,-3.6,-2.47,-3,-3.07,-2.59,-3.19,120.571,211.608,162.753,156.763,0,0,0,0
1010,68,Mujer,8.2,105,39.6,58,0,0,-0.032,56,104,-0.86,36,0,-0.56,1.14,0.44,-0.032,-0.382,-0.86,0.26,-0.26,-0.34,-0.31,-0.91,76.591,134.422,103.388,99.582,0,0,0,0
1011,73,Mujer,8.8,160,35.5,261,0,0,0.43,401,150,-4.35,36,0,1.68,-1.08,0.83,0.43,0.08,-4.35,-3.23,-3.75,-3.83,-3.11,-3.71,241.711,424.215,326.275,314.266,0,0,0,0
1012,70,Mujer,9.8,109,24.1,296,0,0,-0.373,204,116,-1.91,36,0,-0.89,0.65,-1.46,-0.373,-0.723,-1.91,-0.78,-1.31,-1.38,-1.87,-2.47,727.596,1276.971,982.152,946.003,0,0,0,0
1013,53,Hombre,6.8,134,48.1,68,1,0,-0.742,32,147,-1.94,36,0,-0.2,-1.63,0.88,-0.742,-1.092,-1.94,-0.82,-1.34,-1.42,-2.46,-3.06,3069.18,5386.578,4142.959,3990.475,0,0,0,0
1014,48,Hombre,8.3,131,47.8,41,0,1,0.658,79,134,-2.43,36,0,-0.48,0.63,0.55,1.008,0.658,-3.55,-2.43,-2.95,-3.03,-1.44,-2.04,301.182,528.591,406.553,391.59,0,0,0,0
1015,62,Mujer,7.5,144,47.5,34,0,0,-0.226,27,139,-2.67,36,0,-1.94,-1.54,-1.04,-0.226,-0.576,-2.67,-1.55,-2.07,-2.15,-2.41,-3.01,2096.493,3679.459,2829.969,2725.811,0,0,0,0
1016,52,Hombre,7.7,137,44.8,55,1,0,0.168,65,141,-3.28,36,0,-1.64,0.02,1.22,0.168,-0.182,-3.28,-2.16,-2.68,-2.76,-2.43,-3.03,1202.503,2110.458,1623.209,1563.466,0,0,0,0
1017,64,Hombre,9.4,129,54.7,280,1,0,0.029,288,134,-3.16,36,0,-1.36,0.31,0.81,0.029,-0.321,-3.16,-2.04,-2.56,-2.64,-2.52,-3.12,615.679,1080.551,831.08,800.492,0,0,0,0
1018,64,Mujer,6,124,33.8,16,0,0,0.314,22,134,-2.06,36,0,0.79,-0.05,-0.07,0.314,-0.036,-2.06,-0.93,-1.46,-1.53,-0.99,-1.59,693.131,1216.482,935.628,901.192,0,0,0,0
1019,59,Mujer,7.4,147,32,142,0,0,-0.127,125,157,-0.94,36,0,-0.81,-0.42,-2.58,-0.127,-0.477,-0.94,0.19,-0.34,-0.41,-0.53,-1.13,230.755,404.988,311.487,300.022,0,0,0,0
1020,47,Hombre,8,129,48.5,44,0,0,-0.42,29,122,-0.29,36,0,-0.35,-0.82,1.33,-0.42,-0.77,-0.29,0.83,0.31,0.23,-0.32,-0.92,4328.14,7596.123,5842.378,5627.346,0,0,0,0
1021,59,Hombre,7.1,122,44,21,1,1,-0.721,10,114,0.36,36,0,-1.31,1.09,0.65,-0.371,-0.721,-0.76,0.36,-0.16,-0.24,-0.72,-1.32,1104.735,1938.87,1491.236,1436.35,0,0,0,0
1022,60,Hombre,8.1,162,45.2,54,1,0,0.017,55,164,-1.4,36,0,0.66,0.17,0.09,0.017,-0.333,-1.4,-0.27,-0.8,-0.87,-0.77,-1.37,2785.416,4888.558,3759.919,3621.533,0,0,0,0
1023,47,Hombre,9.8,124,54.1,33,0,1,-0.338,24,123,0.79,36,0,0.71,-0.82,-0.96,0.012,-0.338,-0.34,0.79,0.26,0.19,0.28,-0.32,2507.481,4400.767,3384.746,3260.168,0,0,0,0
1024,70,Hombre,7.4,127,44.8,142,0,0,-0.208,115,132,-2.08,36,0,0.85,0.31,-1.92,-0.208,-0.558,-2.08,-0.96,-1.48,-1.56,-1.79,-2.39,587.696,1031.439,793.307,764.108,0,0,0,0
1025,62,Mujer,9.2,135,56.3,185,1,1,-1.012,67,136,-1.86,36,0,-0.24,0.01,-0.61,-0.662,-1.012,-2.98,-1.86,-2.38,-2.46,-3.38,-3.98,1406.49,2468.466,1898.562,1828.685,0,0,0,0
1026,65,Hombre,7.2,115,52.3,52,1,0,0.481,84,133,-1.69,36,0,-0.59,0.23,-0.51,0.481,0.131,-1.69,-0.57,-1.09,-1.17,-0.37,-0.97,787.495,1382.098,1063.008,1023.883,0,0,0,0
1027,70,Mujer,10,133,54.4,1519,0,1,-0.066,1422,125,-3.76,36,0,0.31,1.69,-1.94,0.284,-0.066,-4.89,-3.76,-4.29,-4.36,-3.86,-4.46,716.768,1257.967,967.536,931.925,0,0,0,0
1028,76,Hombre,8.4,143,38.5,96,0,0,-0.436,62,150,-3.1,36,0,0.95,0.59,-1.33,-0.436,-0.786,-3.1,-1.97,-2.5,-2.57,-3.15,-3.75,76.17,133.683,102.819,99.035,0,0,0,0
1029,51,Hombre,8.1,125,34.8,190,0,0,0.517,319,130,-2.66,36,0,-0.45,-0.13,-1.18,0.517,0.167,-2.66,-1.54,-2.06,-2.14,-1.29,-1.89,226.46,397.45,305.689,294.438,0,0,0,0
1030,87,Mujer,9.4,140,48.6,493,1,0,-0.068,460,129,-3.35,36,0,1.58,-1.06,-0.32,-0.068,-0.418,-3.35,-2.23,-2.75,-2.83,-2.86,-3.46,397.564,697.746,536.655,516.903,0,0,0,0
1031,57,Mujer,10.2,129,43.3,101,1,0,-0.083,93,129,-3.54,36,0,1.34,-1.34,-1.37,-0.083,-0.433,-3.54,-2.41,-2.94,-3.01,-3.06,-3.66,834.484,1464.565,1126.435,1084.976,0,0,0,0
1032,65,Mujer,7.9,130,47.8,252,0,0,0.619,468,129,-4.52,36,0,-0.21,0.04,-1.25,0.619,0.269,-4.52,-3.39,-3.92,-3.99,-2.99,-3.59,120.424,211.351,162.556,156.573,0,0,0,0
1033,69,Mujer,6.1,148,37.2,304,1,0,-0.355,213,146,-4.21,36,0,0.64,-2.61,0.16,-0.355,-0.705,-4.21,-3.08,-3.61,-3.68,-4.14,-4.74,118.362,207.731,159.772,153.891,0,0,0,0
1034,59,Hombre,7.9,158,73.8,142,0,1,0.108,158,146,-2.36,36,0,0.8,-1.5,-0.11,0.458,0.108,-3.48,-2.36,-2.88,-2.96,-2.2,-2.8,566.422,994.102,764.59,736.449,0,0,0,0
1035,75,Hombre,8.2,136,38,594,0,0,0.304,805,129,-4.44,36,0,0.66,-2.09,1.15,0.304,-0.046,-4.44,-3.31,-3.84,-3.91,-3.38,-3.98,198.797,348.899,268.347,258.471,0,0,0,0
1036,61,Mujer,9.2,161,43.3,788,1,1,-1.41,192,173,-1.18,36,0,1.14,0.75,-0.31,-1.06,-1.41,-2.31,-1.18,-1.71,-1.78,-3.3,-3.9,509.211,893.693,687.363,662.064,0,0,0,0
1037,62,Mujer,10.3,129,36.7,1245,0,1,-0.281,940,127,-3.26,36,0,1.26,0.78,0.93,0.069,-0.281,-4.39,-3.26,-3.79,-3.86,-3.68,-4.28,122.173,214.42,164.916,158.846,0,0,0,0
1038,88,Hombre,8.6,143,28,476,1,0,-0.886,196,126,-2.95,36,0,0.86,-1.28,0.46,-0.886,-1.236,-2.95,-1.83,-2.35,-2.43,-3.68,-4.28,1174.369,2061.082,1585.233,1526.887,0,0,0,0
1039,64,Mujer,11.2,123,38.2,160,0,1,-0.864,67,109,-1.97,36,0,0.71,-0.19,-1.68,-0.514,-0.864,-3.1,-1.97,-2.5,-2.57,-3.27,-3.87,1492.851,2620.035,2015.138,1940.97,0,0,0,0
1040,68,Hombre,7.5,145,40.3,400,0,1,-0.102,361,138,-2.14,36,0,1.97,1.37,0.26,0.248,-0.102,-3.26,-2.14,-2.66,-2.74,-2.29,-2.89,117.098,205.513,158.065,152.247,0,0,0,0
1041,43,Hombre,8.1,139,55.5,38,1,0,-0.074,35,144,-1.01,36,0,-0.46,-1.07,-1.07,-0.074,-0.424,-1.01,0.12,-0.41,-0.48,-0.52,-1.12,2078.65,3648.144,2805.884,2702.611,0,0,0,0
1042,65,Mujer,7.8,151,58.8,182,1,1,-0.446,117,140,-1.26,36,0,0.84,1.78,0.93,-0.096,-0.446,-2.38,-1.26,-1.78,-1.86,-1.93,-2.53,457.493,802.925,617.551,594.821,0,0,0,0
1043,64,Hombre,6,128,56.1,159,0,0,0.245,203,132,-2.77,36,0,-0.97,-0.74,1.04,0.245,-0.105,-2.77,-1.65,-2.17,-2.25,-1.81,-2.41,801.1,1405.974,1081.372,1041.571,0,0,0,0
1044,49,Hombre,8.5,133,49.8,188,0,1,-0.806,84,119,1.23,36,0,1.48,-1.36,-0.17,-0.456,-0.806,0.11,1.23,0.71,0.63,0.02,-0.58,2628.644,4613.415,3548.299,3417.702,0,0,0,0
1045,62,Mujer,6.7,135,44.2,99,0,0,-0.073,92,143,-1.4,36,0,-2.09,-0.75,-0.79,-0.073,-0.423,-1.4,-0.28,-0.8,-0.88,-0.91,-1.51,219.356,384.982,296.1,285.202,0,0,0,0
1046,55,Hombre,8.2,154,57.9,1006,0,1,-0.038,969,138,-2.76,36,0,-0.49,0.39,0.2,0.312,-0.038,-3.89,-2.76,-3.29,-3.36,-2.82,-3.42,436.467,766.024,589.169,567.484,0,0,0,0
1047,55,Mujer,8.8,136,47.1,318,0,1,-0.47,199,136,-0.52,36,0,-0.2,-0.26,-0.86,-0.12,-0.47,-1.65,-0.52,-1.05,-1.12,-1.23,-1.83,414.928,728.221,560.094,539.479,0,0,0,0
1048,63,Mujer,9.4,141,47.1,643,0,1,-0.269,491,146,-3.03,36,0,0.53,0.51,0.57,0.081,-0.269,-4.15,-3.03,-3.55,-3.63,-3.43,-4.03,33.672,59.097,45.453,43.78,1,0,0,0
1049,65,Mujer,7.5,126,47,261,0,1,-0.974,99,148,0.29,36,0,0.82,-0.22,-0.24,-0.624,-0.974,-0.83,0.29,-0.23,-0.31,-1.17,-1.77,3798.064,6665.81,5126.85,4938.154,0,0,0,0
1050,66,Hombre,10.2,132,63.7,253,1,1,-0.17,214,127,-3.18,36,0,-0.07,-1.14,0.65,0.18,-0.17,-4.31,-3.18,-3.71,-3.78,-3.44,-4.04,706.373,1239.724,953.504,918.41,0,0,0,0
1051,77,Mujer,7.3,138,40.1,498,0,1,-0.546,288,136,-2.13,36,0,-0.3,-0.68,-0.9,-0.196,-0.546,-3.26,-2.13,-2.66,-2.73,-2.95,-3.55,189.206,332.066,255.401,246.001,0,0,0,0
1052,59,Hombre,6.1,144,58.9,198,0,1,0.014,201,153,-0.62,36,0,2.1,0.77,-0.57,0.364,0.014,-1.74,-0.62,-1.14,-1.22,-0.59,-1.19,1021.791,1793.299,1379.274,1328.509,0,0,0,0
1053,64,Mujer,6.3,135,45.6,435,0,0,0.4,649,135,-2.89,36,0,0.87,0.85,0.48,0.4,0.05,-2.89,-1.77,-2.29,-2.37,-1.69,-2.29,197.949,347.411,267.203,257.369,0,0,0,0
1054,66,Mujer,6.4,109,49.5,149,0,1,-0.435,96,120,-2.22,36,0,-1.01,-0.15,-0.09,-0.085,-0.435,-3.35,-2.22,-2.75,-2.82,-2.87,-3.47,1287.96,2260.44,1738.564,1674.575,0,0,0,0
1055,72,Mujer,7.4,109,32.6,135,1,0,0.949,349,106,-3.21,36,0,-0.36,-0.51,1.29,0.949,0.599,-3.21,-2.09,-2.61,-2.69,-1.19,-1.79,86.61,152.005,116.911,112.608,0,0,0,0
1056,53,Hombre,7.6,112,41.4,19,0,0,-0.36,13,108,0.35,36,0,-0.35,-0.85,-0.8,-0.36,-0.71,0.35,1.47,0.95,0.87,0.41,-0.19,312.506,548.464,421.838,406.312,0,0,0,0
1057,64,Mujer,8,116,47.2,248,1,1,-0.794,112,110,-0.81,36,0,1.81,0.2,0.14,-0.444,-0.794,-1.94,-0.81,-1.34,-1.41,-2,-2.6,391.535,687.166,528.518,509.065,0,0,0,0
1058,66,Hombre,7.9,112,48,312,1,1,0.179,373,109,-1.75,36,0,-0.53,0.76,0.88,0.529,0.179,-2.87,-1.75,-2.27,-2.35,-1.48,-2.08,190.631,334.568,257.325,247.854,0,0,0,0
1059,51,Hombre,8.5,116,51.3,48,0,0,-0.25,37,107,0.46,36,0,-0.96,-0,0.3,-0.25,-0.6,0.46,1.59,1.06,0.99,0.69,0.09,2556.761,4487.254,3451.266,3324.24,0,0,0,0
1060,51,Mujer,7,108,41.8,192,0,0,0.892,468,110,-3.71,35.48,1,-1.46,1.27,0.12,0.892,0.542,-3.71,-2.59,-3.11,-3.19,-1.77,-2.37,35.475,62.261,47.886,46.124,1,0,0,0
1061,77,Hombre,7.3,145,40.4,62,0,0,-0.383,42,133,-3.5,36,0,0.09,1.78,-0.97,-0.383,-0.733,-3.5,-2.37,-2.9,-2.97,-3.47,-4.07,448.823,787.709,605.847,583.549,0,0,0,0
1062,72,Hombre,9.2,138,47.7,399,0,0,-0.14,347,139,-3.85,36,0,0.28,-0.87,-0.43,-0.14,-0.49,-3.85,-2.72,-3.25,-3.32,-3.46,-4.06,123.631,216.979,166.884,160.742,0,0,0,0
1063,58,Hombre,8.8,128,35.3,51,0,0,-0,51,113,-2.48,36,0,-0.16,-0.21,1.06,-0,-0.35,-2.48,-1.36,-1.88,-1.96,-1.88,-2.48,259.355,455.182,350.093,337.207,0,0,0,0
1064,67,Mujer,7.5,133,48.3,365,0,0,-0.618,197,127,-2.63,36,0,0.18,0.35,-2.07,-0.618,-0.968,-2.63,-1.5,-2.03,-2.1,-2.95,-3.55,817.254,1434.326,1103.178,1062.574,0,0,0,0
1065,63,Mujer,7.2,111,46.6,123,0,0,-0.014,121,112,-1.74,36,0,-1.19,-0.37,-0.82,-0.014,-0.364,-1.74,-0.61,-1.14,-1.21,-1.16,-1.76,254.841,447.259,343.999,331.338,0,0,0,0
1066,56,Mujer,8.7,152,53.4,150,0,1,-0.543,87,144,0.25,36,0,1.88,-0.13,2.11,-0.193,-0.543,-0.88,0.25,-0.28,-0.35,-0.57,-1.17,98.121,172.209,132.45,127.575,0,0,0,0
1067,72,Mujer,7.1,147,38.8,94,0,1,-0.958,36,136,-2.26,36,0,-0.22,-0.4,-2.38,-0.608,-0.958,-3.39,-2.26,-2.79,-2.86,-3.7,-4.3,2734.994,4800.064,3691.855,3555.975,0,0,0,0
1068,57,Hombre,6.1,126,41.9,46,0,0,-0.07,43,133,-2.08,36,0,-1.21,-0.14,-1.82,-0.07,-0.42,-2.08,-0.96,-1.48,-1.56,-1.59,-2.19,1183.828,2077.682,1598,1539.185,0,0,0,0
1069,65,Hombre,7.9,153,47.1,784,0,1,-0.651,409,139,-4.07,36,0,-1.18,1.05,-1.31,-0.301,-0.651,-5.19,-4.07,-4.59,-4.67,-5.05,-5.65,1516.201,2661.016,2046.657,1971.329,0,0,0,0
1070,70,Hombre,7.6,98,26.7,188,0,1,-0.029,183,96,-2.66,36,0,-0.95,-1.32,0.18,0.321,-0.029,-3.78,-2.66,-3.18,-3.26,-2.7,-3.3,32.436,56.928,43.784,42.173,1,0,0,0
1071,76,Mujer,8.3,154,43.1,43,0,0,0.344,61,146,-4.03,18.49,1,1.85,-1.35,-0.9,0.344,-0.006,-4.03,-2.91,-3.43,-3.51,-2.92,-3.52,18.487,32.446,24.955,24.036,1,1,1,1
1072,57,Hombre,7.8,132,39.3,99,1,0,-0.024,97,114,-0.81,36,0,0.96,0.27,-0.12,-0.024,-0.374,-0.81,0.32,-0.21,-0.28,-0.25,-0.85,1217.107,2136.089,1642.922,1582.453,0,0,0,0
1073,77,Hombre,7.6,134,25.3,79,1,0,-0.189,65,115,-3.23,36,0,0.1,-1.53,0.6,-0.189,-0.539,-3.23,-2.11,-2.63,-2.71,-2.91,-3.51,125.535,220.32,169.454,163.217,0,0,0,0
1074,85,Mujer,6.5,119,32.2,75,0,0,0.593,136,103,-3.98,36,0,1.17,-0.39,-2.68,0.593,0.243,-3.98,-2.86,-3.38,-3.46,-2.49,-3.09,1499.588,2631.859,2024.232,1949.729,0,0,0,0
1075,65,Mujer,8.5,157,40.1,240,0,0,-0.138,209,154,-3.12,36,0,1.2,-0.19,-0.18,-0.138,-0.488,-3.12,-2,-2.52,-2.6,-2.73,-3.33,1046.107,1835.975,1412.097,1360.124,0,0,0,0
1076,56,Mujer,7.8,136,43.9,2114,0,1,-1.519,463,115,-1.75,36,0,0.08,0.26,-0.25,-1.169,-1.519,-2.88,-1.75,-2.28,-2.35,-4.03,-4.63,1657.049,2908.211,2236.782,2154.456,0,0,0,0
1077,56,Hombre,7.9,152,40.1,11,1,1,-0.819,5,138,0.31,34.03,1,-0.77,-0.64,-1.24,-0.469,-0.819,-0.82,0.31,-0.22,-0.29,-0.92,-1.52,19.391,34.032,26.175,25.211,1,1,1,1
1078,58,Mujer,5.7,122,56.6,133,0,0,-1.081,45,128,0.56,36,0,-1.13,-1.59,-1.9,-1.081,-1.431,0.56,1.69,1.16,1.09,-0.46,-1.06,1980.395,3475.701,2673.253,2574.862,0,0,0,0
1079,69,Hombre,9.1,154,31.3,215,1,1,-0.204,175,149,-1.97,36,0,2.08,0.12,0.62,0.146,-0.204,-3.1,-1.97,-2.5,-2.57,-2.28,-2.88,140.096,245.876,189.11,182.15,0,0,0,0
1080,78,Hombre,8.1,160,42.2,249,1,0,0.616,461,169,-4.58,25.68,1,1.39,0.69,0.22,0.616,0.266,-4.58,-3.45,-3.98,-4.05,-3.06,-3.66,25.675,45.061,34.658,33.382,1,0,1,1
1081,64,Mujer,7.1,131,46.8,33,0,0,-0.209,27,137,-2.47,36,0,1.01,-0.75,-0.57,-0.209,-0.559,-2.47,-1.35,-1.87,-1.95,-2.19,-2.79,1626.604,2854.778,2195.685,2114.872,0,0,0,0
1082,55,Hombre,8.7,177,33.6,62,0,0,0.128,70,176,-2.54,36,0,0.92,-0.58,0.42,0.128,-0.222,-2.54,-1.42,-1.94,-2.02,-1.75,-2.35,306.872,538.577,414.234,398.988,0,0,0,0
1083,59,Hombre,6.3,137,52.1,50,0,0,0.053,53,145,-0.52,36,0,0.16,1.03,1.26,0.053,-0.297,-0.52,0.6,0.08,0,0.16,-0.44,1631.578,2863.509,2202.4,2121.34,0,0,0,0
1084,76,Hombre,8.2,137,43.6,26,0,0,-0.11,23,134,-0.43,36,0,-0.57,0.73,-0.09,-0.11,-0.46,-0.43,0.7,0.17,0.1,0.01,-0.59,191.666,336.384,258.722,249.2,0,0,0,0
1085,49,Mujer,6.6,111,50.2,41,0,1,-1.155,13,102,1.4,36,0,0.35,-0.94,0.1,-0.805,-1.155,0.28,1.4,0.88,0.8,-0.33,-0.93,860.897,1510.92,1162.089,1119.317,0,0,0,0
1086,64,Hombre,7.3,140,42.5,120,0,0,0.275,158,141,-3,36,0,0.02,-0.98,0.93,0.275,-0.075,-3,-1.87,-2.4,-2.47,-1.99,-2.59,155.093,272.197,209.354,201.648,0,0,0,0
1087,58,Mujer,8.6,114,56,84,1,0,0.38,123,106,-3.24,36,0,-1.11,1.09,0.18,0.38,0.03,-3.24,-2.11,-2.64,-2.71,-2.07,-2.67,250.412,439.486,338.02,325.579,0,0,0,0
1088,73,Hombre,7.2,142,46.8,208,0,0,0.18,249,141,-2.59,36,0,0.21,-2.5,-0.68,0.18,-0.17,-2.59,-1.47,-1.99,-2.07,-1.72,-2.32,41.407,72.672,55.894,53.837,0,0,0,0
1089,67,Mujer,7.2,156,48.7,53,0,0,0.264,69,155,-1.13,36,0,2.52,-0.32,-1,0.264,-0.086,-1.13,-0.01,-0.53,-0.61,-0.14,-0.74,61.57,108.058,83.11,80.051,0,0,0,0
1090,61,Mujer,11.2,116,49.4,84,1,1,-0,84,88,-2.33,36,0,-0.24,-0.03,0.65,0.35,-0,-3.46,-2.33,-2.86,-2.93,-2.34,-2.94,2150.081,3773.51,2902.306,2795.485,0,0,0,0
1091,46,Hombre,7.8,118,43.4,217,0,1,-0.755,102,95,0.68,36,0,-1.3,0.93,0.06,-0.405,-0.755,-0.45,0.68,0.15,0.08,-0.45,-1.05,3638.305,6385.424,4911.198,4730.439,0,0,0,0
1092,66,Hombre,9.1,155,52.1,84,0,0,0.167,99,161,-2.07,36,0,0.22,-0.29,0.45,0.167,-0.183,-2.07,-0.94,-1.47,-1.54,-1.21,-1.81,431.935,758.069,583.051,561.591,0,0,0,0
1093,52,Mujer,8.1,137,45.4,93,0,0,0.003,93,125,-1.63,36,0,0.35,-0.95,-0.86,0.003,-0.347,-1.63,-0.51,-1.03,-1.11,-1.03,-1.63,401.29,704.285,541.685,521.748,0,0,0,0
1094,59,Mujer,5.5,174,49.8,140,0,1,0.278,185,159,-1.36,36,0,0.42,-0.76,-1.55,0.628,0.278,-2.48,-1.36,-1.88,-1.96,-0.94,-1.54,35.92,63.041,48.487,46.702,1,0,0,0
1095,79,Hombre,5.5,155,40,14,1,0,-0.474,9,151,-1.13,36,0,0.48,-0.46,0.22,-0.474,-0.824,-1.13,-0,-0.53,-0.6,-1.24,-1.84,1540.128,2703.009,2078.956,2002.439,0,0,0,0
1096,82,Hombre,7.4,146,37.1,64,1,0,-0.38,44,148,-3.22,36,0,0.96,0.55,1.34,-0.38,-0.73,-3.22,-2.1,-2.62,-2.7,-3.19,-3.79,1331.278,2336.466,1797.038,1730.897,0,0,0,0
1097,75,Hombre,8.6,148,40.9,77,0,0,0.231,97,152,-1.84,36,0,0.16,-1.49,1.05,0.231,-0.119,-1.84,-0.71,-1.24,-1.31,-0.89,-1.49,241.528,423.895,326.028,314.029,0,0,0,0
1098,66,Hombre,9.6,137,46,210,0,1,0.184,252,127,-2.67,36,0,2.42,1.02,-0.2,0.534,0.184,-3.79,-2.67,-3.19,-3.27,-2.39,-2.99,256.396,449.988,346.098,333.36,0,0,0,0
1099,58,Hombre,8.4,125,50.3,57,0,0,-0.495,35,134,-1.94,36,0,0.08,-0.18,0.73,-0.495,-0.845,-1.94,-0.82,-1.34,-1.42,-2.08,-2.68,334.495,587.058,451.522,434.903,0,0,0,0
1100,69,Mujer,5.8,124,36.9,29,0,0,-0.645,15,108,-0,36,0,0.48,1.15,1.03,-0.645,-0.995,-0,1.12,0.6,0.52,-0.37,-0.97,98.602,173.051,133.098,128.2,0,0,0,0
1101,72,Mujer,8.4,142,49.8,1072,1,1,-0.356,751,139,-3.09,36,0,0.86,-0.97,-2.23,-0.006,-0.356,-4.22,-3.09,-3.62,-3.69,-3.63,-4.23,117.748,206.655,158.943,153.093,0,0,0,0
1102,73,Hombre,8.6,128,59.7,277,1,1,-0.924,110,113,-1.5,36,0,0.09,-1.1,1.27,-0.574,-0.924,-2.62,-1.5,-2.02,-2.1,-2.89,-3.49,294.207,516.35,397.138,382.521,0,0,0,0
1103,51,Mujer,6.9,116,44,155,0,1,-0.519,92,122,0.37,36,0,0.22,1.8,-0.12,-0.169,-0.519,-0.76,0.37,-0.16,-0.23,-0.41,-1.01,237.244,416.376,320.246,308.459,0,0,0,0
1104,53,Mujer,6.2,135,45.7,235,0,1,-0.284,177,131,-0.08,36,0,-0.74,0.22,0.96,0.066,-0.284,-1.21,-0.08,-0.61,-0.68,-0.51,-1.11,1366.769,2398.753,1844.945,1777.04,0,0,0,0
1105,55,Hombre,7.9,137,45.6,42,0,0,0.665,82,142,-1.8,36,0,-0.14,0.43,0.58,0.665,0.315,-1.8,-0.68,-1.2,-1.28,-0.2,-0.8,155.632,273.142,210.081,202.349,0,0,0,0
1106,68,Hombre,6.4,155,59.7,22,0,0,0.602,40,148,-1.65,36,0,-2.43,0.42,-0.58,0.602,0.252,-1.65,-0.52,-1.05,-1.12,-0.14,-0.74,391.138,686.469,527.982,508.549,0,0,0,0
1107,50,Hombre,9.9,151,40,271,0,0,0.079,293,143,-2.88,36,0,0.04,-1.49,0.34,0.079,-0.271,-2.88,-1.76,-2.28,-2.36,-2.16,-2.76,494.561,867.982,667.588,643.017,0,0,0,0
1108,72,Mujer,7.8,165,49.8,612,1,1,-0.619,330,160,-3.61,36,0,0.86,0.58,-0.35,-0.269,-0.619,-4.74,-3.61,-4.14,-4.21,-4.54,-5.14,122.64,215.24,165.547,159.454,0,0,0,0
1109,49,Hombre,6.8,122,51.1,19,0,1,-0.61,10,112,0.32,36,0,0.31,-0.42,0.42,-0.26,-0.61,-0.8,0.32,-0.2,-0.28,-0.59,-1.19,84.252,147.867,113.729,109.543,0,0,0,0
1110,68,Hombre,6.3,145,39.3,13,0,0,0.11,15,146,-0.78,36,0,0.27,-0.03,0.93,0.11,-0.24,-0.78,0.34,-0.18,-0.26,-0.02,-0.62,829.521,1455.854,1119.736,1078.523,0,0,0,0
1111,63,Hombre,8.7,127,38.8,302,0,1,-0.963,115,109,-0.46,36,0,-0.42,-0.38,0.37,-0.613,-0.963,-1.59,-0.46,-0.99,-1.06,-1.91,-2.51,772.842,1356.379,1043.227,1004.83,0,0,0,0
1112,65,Hombre,8.2,150,72.4,192,1,1,-0.517,114,154,-1.33,36,0,0.8,-2,-0.48,-0.167,-0.517,-2.46,-1.33,-1.86,-1.93,-2.11,-2.71,1573.022,2760.739,2123.357,2045.206,0,0,0,0
1113,83,Mujer,6.2,138,28.4,74,1,0,-0.144,64,136,-2.81,36,0,0.34,-0.27,0.87,-0.144,-0.494,-2.81,-1.69,-2.21,-2.29,-2.43,-3.03,38.534,67.63,52.016,50.101,0,0,0,0
1114,63,Mujer,6.1,126,60.9,49,0,1,0.293,66,128,-0.19,36,0,-1.32,-0.63,-0.71,0.643,0.293,-1.31,-0.19,-0.71,-0.79,0.25,-0.35,942.066,1653.377,1271.656,1224.852,0,0,0,0
1115,64,Hombre,7.9,134,36.5,64,1,0,-0.622,34,132,-1.42,36,0,0.23,-1.74,-0.91,-0.622,-0.972,-1.42,-0.29,-0.82,-0.89,-1.75,-2.35,65.892,115.643,88.944,85.671,0,0,0,0
1116,61,Mujer,7.5,130,63.2,20,0,0,-0.441,13,132,-1.29,36,0,-1.52,0.41,-1.3,-0.441,-0.791,-1.29,-0.16,-0.69,-0.76,-1.35,-1.95,226.487,397.497,305.725,294.473,0,0,0,0
1117,72,Mujer,9,135,36.2,481,1,1,-0.198,395,136,-2.18,36,0,0.48,-1.56,-1.15,0.152,-0.198,-3.31,-2.18,-2.71,-2.78,-2.48,-3.08,446.382,783.425,602.553,580.376,0,0,0,0
1118,78,Hombre,7.9,145,21.1,40,0,0,-0.156,34,149,-0.84,36,0,-0.45,0.38,-2.29,-0.156,-0.506,-0.84,0.28,-0.24,-0.32,-0.47,-1.07,89.483,157.047,120.789,116.343,0,0,0,0
1119,54,Hombre,7.4,150,51.4,24,0,0,0.18,29,153,-1.03,36,0,0.88,-0.11,-0.53,0.18,-0.17,-1.03,0.1,-0.43,-0.5,-0.16,-0.76,1108.465,1945.417,1496.271,1441.2,0,0,0,0
1120,67,Mujer,8.5,115,47.2,138,0,1,0.169,163,103,-1.98,36,0,-1.17,0.07,0.38,0.519,0.169,-3.11,-1.98,-2.51,-2.58,-1.73,-2.33,374.212,656.763,505.133,486.542,0,0,0,0
1121,48,Hombre,5.6,139,42.3,30,0,0,0.198,37,133,-2.28,30.89,1,-0.49,1.21,1.28,0.198,-0.152,-2.28,-1.16,-1.68,-1.76,-1.38,-1.98,30.89,54.213,41.697,40.162,1,0,0,0
1122,80,Hombre,7,140,42.7,73,0,0,0.175,87,135,-1.48,36,0,0.01,-0.02,-0.05,0.175,-0.175,-1.48,-0.35,-0.88,-0.95,-0.61,-1.21,740.149,1299.003,999.097,962.325,0,0,0,0
1123,69,Hombre,6.5,135,53.7,149,0,0,-0.297,111,139,-2.17,36,0,-0.52,-0.75,-0.25,-0.297,-0.647,-2.17,-1.05,-1.57,-1.65,-2.02,-2.62,1861.16,3266.437,2512.303,2419.836,0,0,0,0
1124,79,Mujer,8.8,140,60,81,0,0,0.17,96,141,-3.53,36,0,0.72,-0.96,1.72,0.17,-0.18,-3.53,-2.4,-2.93,-3,-2.67,-3.27,90.914,159.558,122.721,118.204,0,0,0,0
1125,59,Hombre,7.2,144,62.5,201,1,1,-0.392,136,141,-2.9,36,0,-1.37,0.25,-0.23,-0.042,-0.392,-4.02,-2.9,-3.42,-3.5,-3.49,-4.09,491.316,862.287,663.208,638.798,0,0,0,0
1126,67,Mujer,9.1,135,37.3,413,0,1,0.003,414,115,-3.49,36,0,0.61,-1.51,1.92,0.353,0.003,-4.62,-3.49,-4.02,-4.09,-3.49,-4.09,234.408,411.398,316.417,304.771,0,0,0,0
1127,76,Hombre,7.9,148,49.3,192,1,1,-0.526,113,136,-2.89,36,0,1.4,1.1,0.34,-0.176,-0.526,-4.01,-2.89,-3.41,-3.49,-3.67,-4.27,472.504,829.271,637.814,614.339,0,0,0,0
1128,70,Mujer,8.5,163,21.6,36,0,0,0.234,45,166,-5.46,36,0,-0.05,-0.9,-0.88,0.234,-0.116,-5.46,-4.34,-4.86,-4.94,-4.51,-5.11,143.15,251.236,193.233,186.121,0,0,0,0
1129,73,Mujer,7.5,142,37.2,118,0,0,0.506,196,148,-2.64,36,0,1.46,-0.01,-0.46,0.506,0.156,-2.64,-1.51,-2.04,-2.11,-1.28,-1.88,74.126,130.094,100.059,96.376,0,0,0,0
1130,77,Hombre,6.5,133,44.5,97,0,1,-1.027,35,121,0.83,36,0,-0.84,1.09,-1.18,-0.677,-1.027,-0.29,0.83,0.31,0.23,-0.71,-1.31,1421.648,2495.07,1919.024,1848.393,0,0,0,0
1131,61,Hombre,8.2,119,66.9,46,0,1,-1.105,15,115,0.48,36,0,-0.56,0.6,1.52,-0.755,-1.105,-0.65,0.48,-0.05,-0.12,-1.18,-1.78,3606.427,6329.476,4868.167,4688.991,0,0,0,0
1132,65,Mujer,5.5,137,38.1,410,0,1,-0.625,219,130,0.19,36,0,0.42,1.96,-0.35,-0.275,-0.625,-0.94,0.19,-0.34,-0.41,-0.75,-1.35,79.571,139.652,107.41,103.456,0,0,0,0
1133,65,Hombre,9.7,126,55.7,120,0,1,0.888,292,122,-3.75,36,0,-0.83,-1.22,-0.08,1.238,0.888,-4.88,-3.75,-4.28,-4.35,-2.42,-3.02,165.53,290.515,223.443,215.219,0,0,0,0
1134,60,Hombre,9.1,140,52.4,102,1,1,0.125,116,126,-1.64,36,0,0.24,1.37,-1.2,0.475,0.125,-2.76,-1.64,-2.16,-2.24,-1.45,-2.05,339.656,596.114,458.487,441.612,0,0,0,0
1135,44,Hombre,9.2,116,55.4,205,0,1,-0.337,146,111,-1.22,36,0,-0.93,0.46,-0.84,0.013,-0.337,-2.34,-1.22,-1.74,-1.82,-1.72,-2.32,522.367,916.782,705.121,679.169,0,0,0,0
1136,58,Hombre,10.7,137,52.9,528,0,1,0.205,648,128,-3.26,36,0,-0.31,-2.16,-0.44,0.555,0.205,-4.38,-3.26,-3.78,-3.86,-2.95,-3.55,396.697,696.225,535.485,515.776,0,0,0,0
1137,79,Hombre,7.2,161,37.3,188,1,1,-1.141,60,162,1.08,36,0,0.27,0.42,-0.21,-0.791,-1.141,-0.05,1.08,0.55,0.48,-0.63,-1.23,902.617,1584.143,1218.406,1173.562,0,0,0,0
1138,87,Hombre,7,121,35.6,277,0,0,0.691,553,135,-4.08,36,0,-0.38,0.19,1.15,0.691,0.341,-4.08,-2.95,-3.48,-3.55,-2.44,-3.04,684.003,1200.462,923.307,889.324,0,0,0,0
1139,54,Hombre,7.9,146,44.1,109,0,1,0.155,127,154,-2.71,36,0,-0.89,0.13,0.71,0.505,0.155,-3.84,-2.71,-3.24,-3.31,-2.48,-3.08,85.033,149.238,114.783,110.558,0,0,0,0
1140,58,Mujer,9.3,120,39.8,373,0,0,-0.409,248,129,-3.06,36,0,0.13,1.53,0.2,-0.409,-0.759,-3.06,-1.93,-2.46,-2.53,-3.07,-3.67,256.751,450.611,346.577,333.821,0,0,0,0
1141,43,Mujer,5.7,124,48.5,21,0,1,0.083,23,111,-0.41,36,0,-1.07,0.63,-2.29,0.433,0.083,-1.53,-0.41,-0.93,-1.01,-0.28,-0.88,3447.585,6050.7,4653.753,4482.469,0,0,0,0
1142,67,Hombre,10.3,118,59.4,184,0,0,-0.268,141,122,-2.07,36,0,-1.79,0.37,0.12,-0.268,-0.618,-2.07,-0.95,-1.47,-1.55,-1.88,-2.48,931.667,1635.127,1257.619,1211.332,0,0,0,0
1143,59,Hombre,8.8,164,47.5,197,0,1,0.024,202,157,-4.2,36,0,-2.56,1.15,-0.86,0.374,0.024,-5.33,-4.2,-4.73,-4.8,-4.17,-4.77,284.126,498.656,383.529,369.413,0,0,0,0
1144,52,Mujer,9.4,145,58.5,273,1,1,0.004,274,140,-3.09,36,0,-1.02,0.69,-1.8,0.354,0.004,-4.22,-3.09,-3.62,-3.69,-3.09,-3.69,412.865,724.601,557.309,536.797,0,0,0,0
1145,61,Mujer,8,119,57.3,171,0,1,-0.325,124,116,0.47,36,0,1.38,0.74,0.43,0.025,-0.325,-0.66,0.47,-0.06,-0.13,-0.02,-0.62,3448.112,6051.625,4654.465,4483.154,0,0,0,0
1146,54,Hombre,9.1,154,57.2,15,1,1,0.227,19,145,-0.65,36,0,0.74,-0.46,-0.43,0.577,0.227,-1.78,-0.65,-1.18,-1.25,-0.31,-0.91,492.713,864.738,665.093,640.614,0,0,0,0
1147,74,Hombre,7.4,136,39.5,107,1,0,-0.179,89,134,-0.68,36,0,1.4,0.74,0.63,-0.179,-0.529,-0.68,0.45,-0.08,-0.15,-0.35,-0.95,303.616,532.863,409.839,394.755,0,0,0,0
1148,68,Mujer,6.4,123,54.7,84,0,1,-0.559,48,111,-0.87,36,0,-0.66,0.87,0.51,-0.209,-0.559,-2,-0.87,-1.4,-1.47,-1.71,-2.31,403.353,707.906,544.469,524.43,0,0,0,0
1149,65,Hombre,7.3,112,47.3,23,1,0,0.225,29,110,-2.21,36,0,0.2,1.77,1.95,0.225,-0.125,-2.21,-1.08,-1.61,-1.68,-1.27,-1.87,512.193,898.927,691.389,665.942,0,0,0,0
1150,73,Mujer,6.2,129,34.2,28,0,0,-0.087,26,136,-0.42,36,0,0.49,0.64,0.52,-0.087,-0.437,-0.42,0.7,0.18,0.1,0.05,-0.55,751.11,1318.239,1013.893,976.576,0,0,0,0
1151,69,Mujer,9.1,128,41.4,254,0,1,-0.008,252,120,-2.14,36,0,-0.59,-0.01,0.05,0.342,-0.008,-3.27,-2.14,-2.67,-2.74,-2.16,-2.76,1354.714,2377.597,1828.673,1761.367,0,0,0,0
1152,40,Hombre,8.7,153,58.1,335,1,1,0.054,354,150,-2.33,36,0,-0.98,0.67,-0.41,0.404,0.054,-3.45,-2.33,-2.85,-2.93,-2.25,-2.85,171.6,301.167,231.636,223.11,0,0,0,0
1153,67,Mujer,7.7,124,50.2,338,0,1,0.001,338,125,-0.69,36,0,2.05,1.14,-0.29,0.351,0.001,-1.81,-0.69,-1.21,-1.29,-0.69,-1.29,501.113,879.481,676.432,651.535,0,0,0,0
1154,69,Mujer,7.6,107,40.7,43,0,0,0.677,85,119,-3.69,36,0,1.12,-0.88,-1.47,0.677,0.327,-3.69,-2.57,-3.09,-3.17,-2.08,-2.68,164.648,288.966,222.251,214.071,0,0,0,0
1155,67,Mujer,6.4,129,47.7,11,0,0,-0.597,6,138,1.74,36,0,-0.09,-1.99,-0.12,-0.597,-0.947,1.74,2.86,2.34,2.26,1.44,0.84,4476.876,7857.163,6043.151,5820.729,0,0,0,0
1156,58,Hombre,8.8,139,44.1,202,0,1,0.114,226,127,-3.76,36,0,0.52,0.11,-0.96,0.464,0.114,-4.88,-3.76,-4.28,-4.36,-3.58,-4.18,141.232,247.87,190.643,183.627,0,0,0,0
1157,65,Mujer,5.5,143,38.2,127,0,0,0.213,157,134,-2.45,36,0,-0.36,-0.03,-0.06,0.213,-0.137,-2.45,-1.33,-1.85,-1.93,-1.53,-2.13,908.748,1594.903,1226.682,1181.533,0,0,0,0
1158,62,Hombre,8.6,121,29.8,186,0,0,-0.972,70,118,-0.71,36,0,-0.35,-0.15,-0.4,-0.972,-1.322,-0.71,0.42,-0.11,-0.18,-1.57,-2.17,167.304,293.628,225.837,217.525,0,0,0,0
1159,52,Mujer,7,120,44.4,181,1,1,-0.221,145,114,-1.34,36,0,-1.16,-1.13,-0.83,0.129,-0.221,-2.47,-1.34,-1.87,-1.94,-1.67,-2.27,73.248,128.554,98.874,95.235,0,0,0,0
1160,84,Hombre,7.5,167,34.7,79,0,0,0.398,118,171,-3.81,36,0,0.69,-0.6,1.15,0.398,0.048,-3.81,-2.68,-3.21,-3.28,-2.61,-3.21,253.34,444.625,341.973,329.386,0,0,0,0
1161,48,Hombre,9,99,33.6,101,0,0,0.383,148,90,-1.63,36,0,-0.38,0.76,-1.4,0.383,0.033,-1.63,-0.51,-1.03,-1.11,-0.46,-1.06,167.398,293.792,225.963,217.647,0,0,0,0
1162,57,Hombre,8.1,111,53.2,370,1,1,-0.645,194,111,-2.26,36,0,-0.87,1.42,-0.01,-0.295,-0.645,-3.39,-2.26,-2.79,-2.86,-3.23,-3.83,1646.49,2889.68,2222.529,2140.728,0,0,0,0
1163,76,Hombre,8.5,127,46.7,134,0,1,-0.911,54,125,-1.23,36,0,0.6,-0.13,0.01,-0.561,-0.911,-2.36,-1.23,-1.76,-1.83,-2.6,-3.2,1086.871,1907.518,1467.122,1413.124,0,0,0,0
1164,48,Mujer,8.6,132,55.4,48,0,1,-1.032,17,118,0.08,27.49,1,-1.02,0.26,1.26,-0.682,-1.032,-1.04,0.08,-0.44,-0.52,-1.47,-2.07,15.661,27.486,21.141,20.362,1,1,1,1
1165,71,Mujer,7.3,126,42.8,59,0,0,-0.663,30,121,-2.53,36,0,0.06,1.23,0.9,-0.663,-1.013,-2.53,-1.4,-1.93,-2,-2.92,-3.52,1446.834,2539.273,1953.022,1881.14,0,0,0,0
1166,61,Mujer,7.3,120,47.8,51,0,0,0.241,65,127,-1.7,36,0,0.18,2,-0.63,0.241,-0.109,-1.7,-0.57,-1.1,-1.17,-0.74,-1.34,2670.039,4686.064,3604.175,3471.521,0,0,0,0
1167,60,Hombre,8.1,129,34.6,251,1,1,0.245,321,131,-2.93,36,0,0.85,0.26,0.67,0.595,0.245,-4.06,-2.93,-3.46,-3.53,-2.57,-3.17,464.655,815.495,627.219,604.134,0,0,0,0
1168,45,Mujer,7.9,141,41.6,50,0,0,-0.296,37,131,-0.91,30.42,1,-1.66,-0.92,1.03,-0.296,-0.646,-0.91,0.21,-0.31,-0.39,-0.75,-1.35,30.419,53.387,41.061,39.55,1,0,0,0
1169,57,Hombre,7.7,134,41.1,34,0,1,0.041,35,137,-2.29,36,0,-0.27,0.28,1.71,0.391,0.041,-3.42,-2.29,-2.82,-2.89,-2.23,-2.83,197.831,347.204,267.044,257.215,0,0,0,0
1170,68,Mujer,7.6,114,59,394,0,1,-0.752,186,111,-1.37,36,0,0.38,-0.48,-1.3,-0.402,-0.752,-2.5,-1.37,-1.9,-1.97,-2.5,-3.1,3259.524,5720.642,4399.897,4237.956,0,0,0,0
1171,60,Hombre,7.3,117,49,82,0,0,-1.242,24,110,0.73,36,0,-1.2,-0.44,-0.41,-1.242,-1.592,0.73,1.86,1.33,1.26,-0.53,-1.13,393.99,691.474,531.831,512.257,0,0,0,0
1172,76,Hombre,7.7,126,45.6,64,0,0,0.304,87,125,-2.49,36,0,0.39,0.73,-0.43,0.304,-0.046,-2.49,-1.36,-1.89,-1.96,-1.43,-2.03,123.828,217.324,167.15,160.998,0,0,0,0
1173,65,Mujer,8.6,134,41.8,226,1,1,-0.324,163,141,-1.82,36,0,0.83,0.54,-0.52,0.026,-0.324,-2.94,-1.82,-2.34,-2.42,-2.3,-2.9,827.491,1452.292,1116.996,1075.884,0,0,0,0
1174,64,Mujer,7.3,126,43.4,24,0,0,0.132,27,118,-0.39,36,0,1.06,-0.74,-0.4,0.132,-0.218,-0.39,0.73,0.21,0.13,0.4,-0.2,1147.83,2014.505,1549.409,1492.382,0,0,0,0
1175,63,Mujer,6.2,165,50.7,41,0,0,0.001,41,169,-2.27,36,0,0.55,0.05,0.18,0.001,-0.349,-2.27,-1.15,-1.67,-1.75,-1.67,-2.27,720.164,1263.928,972.12,936.341,0,0,0,0
1176,68,Hombre,6.3,130,47.7,37,0,0,0.248,47,124,-3.33,36,0,-0.2,0.66,1.16,0.248,-0.102,-3.33,-2.21,-2.73,-2.81,-2.36,-2.96,2762.4,4848.164,3728.851,3591.608,0,0,0,0
1177,77,Mujer,7.5,139,45.3,13,0,0,0.721,27,142,-1.99,36,0,0.64,-0.11,-0.48,0.721,0.371,-1.99,-0.86,-1.39,-1.46,-0.31,-0.91,2592.284,4549.6,3499.217,3370.426,0,0,0,0
1178,73,Hombre,7.4,143,47.6,417,0,0,0.309,568,142,-4.75,36,0,-0.43,0.68,-1.73,0.309,-0.041,-4.75,-3.63,-4.15,-4.23,-3.69,-4.29,117.49,206.201,158.595,152.757,0,0,0,0
1179,72,Mujer,6,132,47.8,88,1,0,-0.189,73,122,-1.98,36,0,0.38,-0.27,-1.01,-0.189,-0.539,-1.98,-0.86,-1.38,-1.46,-1.67,-2.27,359.504,630.949,485.28,467.419,0,0,0,0
1180,79,Hombre,7.7,133,40.7,237,1,0,0.62,441,138,-4.45,36,0,0.74,0.18,0.58,0.62,0.27,-4.45,-3.32,-3.85,-3.92,-2.92,-3.52,169.603,297.663,228.94,220.514,0,0,0,0
1181,60,Hombre,7.5,139,59.3,38,0,0,0.206,47,150,-1.6,36,0,-0.36,0.37,-0.29,0.206,-0.144,-1.6,-0.48,-1,-1.08,-0.7,-1.3,454.512,797.694,613.527,590.946,0,0,0,0
1182,63,Mujer,7.6,121,37,284,0,0,0.349,403,121,-4.33,36,0,-0.91,0.09,-1.69,0.349,-0.001,-4.33,-3.21,-3.73,-3.81,-3.21,-3.81,722.564,1268.139,975.359,939.46,0,0,0,0
1183,83,Hombre,7.7,128,38,1557,1,1,-0.468,975,134,-3.05,36,0,-0.42,-2.14,0.84,-0.118,-0.468,-4.18,-3.05,-3.58,-3.65,-3.76,-4.36,191.689,336.425,258.753,249.229,0,0,0,0
1184,59,Mujer,8.1,106,36.6,144,0,0,-0.25,112,117,-4.5,36,0,-0.1,1.53,0.69,-0.25,-0.6,-4.5,-3.37,-3.9,-3.97,-4.27,-4.87,901.157,1581.58,1216.435,1171.663,0,0,0,0
1185,71,Hombre,6.1,123,47.7,34,0,0,-0.3,25,128,1,36,0,-0.82,1.38,0.81,-0.3,-0.65,1,2.13,1.6,1.53,1.15,0.55,3846.477,6750.778,5192.201,5001.099,0,0,0,0
1186,67,Hombre,6.7,134,61.8,37,0,1,0.393,55,129,-2.15,36,0,-0.76,0.74,-0.81,0.743,0.393,-3.28,-2.15,-2.68,-2.75,-1.57,-2.17,1416.302,2485.687,1911.807,1841.442,0,0,0,0
1187,84,Hombre,7,132,25.6,688,0,0,-0.227,549,131,-3.76,31.49,1,0.2,-0.37,-1.4,-0.227,-0.577,-3.76,-2.64,-3.16,-3.24,-3.5,-4.1,31.486,55.259,42.501,40.937,1,0,0,0
1188,80,Mujer,5.9,122,54.3,70,0,0,0.817,158,121,-3.05,36,0,1.87,-1.65,0.72,0.817,0.467,-3.05,-1.92,-2.45,-2.52,-1.22,-1.82,2372.865,4164.508,3203.033,3085.144,0,0,0,0
1189,66,Hombre,8.2,136,52.7,231,1,1,-0.162,196,147,-1.23,36,0,0.39,0.02,0.12,0.188,-0.162,-2.36,-1.23,-1.76,-1.83,-1.48,-2.08,1488.126,2611.743,2008.76,1934.827,0,0,0,0
1190,70,Hombre,7.5,144,35.1,18,0,0,0.163,21,140,-2.68,36,0,0.39,-0.41,1.36,0.163,-0.187,-2.68,-1.55,-2.08,-2.15,-1.83,-2.43,552.451,969.583,745.732,718.284,0,0,0,0
1191,34,Mujer,8.1,107,61.2,49,1,1,0.176,58,103,-0.87,36,0,-2.95,-0.68,-1.41,0.526,0.176,-1.99,-0.87,-1.39,-1.47,-0.61,-1.21,2748.687,4824.095,3710.339,3573.778,0,0,0,0
1192,63,Hombre,8,154,48.6,314,0,1,-0.283,237,147,-1.58,36,0,0.55,0.2,-0.02,0.067,-0.283,-2.7,-1.58,-2.1,-2.18,-2,-2.6,863.32,1515.174,1165.36,1122.469,0,0,0,0
1193,71,Mujer,7.5,146,23.7,886,0,0,0.35,1257,150,-4.81,36,0,-0.05,0.36,-0.32,0.35,-0,-4.81,-3.69,-4.21,-4.29,-3.69,-4.29,173.469,304.447,234.158,225.54,0,0,0,0
1194,89,Hombre,7.3,150,34.3,278,1,0,-0.019,273,161,-4.27,36,0,1.03,1.64,0.88,-0.019,-0.369,-4.27,-3.14,-3.67,-3.74,-3.7,-4.3,153.401,269.227,207.07,199.448,0,0,0,0
1195,65,Hombre,6.3,114,64.5,30,0,0,0.867,71,105,-0.04,36,0,-1.47,-0.31,0.63,0.867,0.517,-0.04,1.09,0.56,0.49,1.87,1.27,1969.196,3456.047,2658.137,2560.303,0,0,0,0
1196,70,Mujer,8.5,125,54.5,242,0,0,0.656,466,124,-2.39,36,0,0.2,-0.84,-0.36,0.656,0.306,-2.39,-1.27,-1.79,-1.87,-0.81,-1.41,236.76,415.527,319.593,307.83,0,0,0,0
1197,65,Hombre,6,135,43.6,14,0,0,0.543,24,136,-1.01,36,0,0.17,0.61,0.27,0.543,0.193,-1.01,0.11,-0.41,-0.49,0.4,-0.2,84.159,147.704,113.603,109.422,0,0,0,0
1198,51,Mujer,9,95,37,102,0,0,-0.64,54,98,-0.78,36,0,0.09,-1.05,2.46,-0.64,-0.99,-0.78,0.34,-0.18,-0.26,-1.14,-1.74,4070.917,7144.681,5495.163,5292.91,0,0,0,0
1199,65,Mujer,6.3,156,30.4,265,0,0,-0.277,201,171,-3.67,36,0,-0.33,-0.12,0.4,-0.277,-0.627,-3.67,-2.55,-3.07,-3.15,-3.49,-4.09,565.796,993.003,763.745,735.635,0,0,0,0
1200,70,Mujer,7.1,137,56,9,0,0,0.365,13,148,-2.05,36,0,-0.58,-0.41,2.07,0.365,0.015,-2.05,-0.93,-1.45,-1.53,-0.91,-1.51,86.069,151.056,116.181,111.905,0,0,0,0
1201,67,Mujer,9.9,121,56.4,112,0,1,-0.251,87,108,-0.08,36,0,0.98,-0.26,0.77,0.099,-0.251,-1.2,-0.08,-0.6,-0.68,-0.45,-1.05,622.083,1091.789,839.724,808.817,0,0,0,0
1202,71,Hombre,8.3,141,44.3,2251,0,1,-0.483,1389,140,-3.35,36,0,-0.59,0.47,-0.51,-0.133,-0.483,-4.47,-3.35,-3.87,-3.95,-4.07,-4.67,394.343,692.093,532.307,512.715,0,0,0,0
1203,64,Hombre,8.3,152,50.9,86,0,1,0.69,172,157,-2.21,36,0,2.61,0.26,1.49,1.04,0.69,-3.33,-2.21,-2.73,-2.81,-1.17,-1.77,68.919,120.957,93.031,89.607,0,0,0,0
1204,60,Hombre,7.9,110,39.5,106,1,0,-0.338,76,103,-1.94,36,0,0.69,0.47,1.08,-0.338,-0.688,-1.94,-0.81,-1.34,-1.41,-1.84,-2.44,391.927,687.853,529.046,509.574,0,0,0,0
1205,74,Mujer,8.3,140,53.3,378,0,1,-0.123,334,132,-0.52,7.07,1,1.62,-1.41,-1.55,0.227,-0.123,-1.64,-0.52,-1.04,-1.12,-0.7,-1.3,4.03,7.073,5.44,5.24,1,1,1,1
1206,51,Mujer,7.7,126,58.2,234,1,1,-0.724,113,115,-0.24,36,0,-1.33,0.77,0.85,-0.374,-0.724,-1.36,-0.24,-0.76,-0.84,-1.33,-1.93,239.887,421.016,323.814,311.896,0,0,0,0
1207,72,Hombre,5.8,138,47.8,133,0,1,-0.921,53,136,-0.67,36,0,1.36,0.91,-0.05,-0.571,-0.921,-1.8,-0.67,-1.2,-1.27,-2.06,-2.66,1255.773,2203.949,1695.116,1632.726,0,0,0,0
1208,65,Hombre,9.1,145,59.4,886,0,1,-0.931,349,130,-1.27,36,0,-0.37,-0.2,1.1,-0.581,-0.931,-2.39,-1.27,-1.79,-1.87,-2.66,-3.26,111.433,195.571,150.419,144.883,0,0,0,0
1209,38,Mujer,8.6,134,42.2,94,0,1,-0.849,40,129,0.33,36,0,-1.92,-0.92,1.67,-0.499,-0.849,-0.8,0.33,-0.2,-0.27,-0.95,-1.55,3107.859,5454.463,4195.171,4040.766,0,0,0,0
1210,59,Hombre,8,127,47.4,59,0,1,0.009,60,122,-2.11,36,0,-0.32,0.26,0.88,0.359,0.009,-3.24,-2.11,-2.64,-2.71,-2.1,-2.7,2455.386,4309.336,3314.424,3192.435,0,0,0,0
1211,77,Mujer,6.8,162,27.4,171,0,1,-0.366,119,148,-2.25,36,0,0.09,0.47,1.52,-0.016,-0.366,-3.38,-2.25,-2.78,-2.85,-2.8,-3.4,64.364,112.963,86.883,83.685,0,0,0,0
1212,43,Mujer,8,138,41.9,137,0,0,0.004,138,141,-2.83,36,0,-0.22,-0.62,-1.17,0.004,-0.346,-2.83,-1.7,-2.23,-2.3,-2.22,-2.82,256.955,450.969,346.852,334.086,0,0,0,0
1213,79,Hombre,6.6,175,40.6,193,0,1,0.195,234,158,-2.84,32.5,1,0.65,-1.1,0.97,0.545,0.195,-3.97,-2.84,-3.37,-3.44,-2.55,-3.15,18.517,32.499,24.996,24.076,1,1,1,1
1214,78,Hombre,7.3,159,60.3,180,1,0,0.09,197,151,-3.71,36,0,3.08,-0.49,-0.57,0.09,-0.26,-3.71,-2.58,-3.11,-3.18,-2.97,-3.57,168.11,295.042,226.925,218.573,0,0,0,0
1215,76,Mujer,8.8,117,47.9,722,0,1,-1.105,239,112,-1.39,36,0,-0.23,1.53,2.29,-0.755,-1.105,-2.51,-1.39,-1.91,-1.99,-3.04,-3.64,3488.345,6122.236,4708.773,4535.464,0,0,0,0
1216,63,Hombre,9.7,138,41.5,161,0,1,0.08,174,122,-2.73,36,0,-0.91,-0.26,-1.07,0.43,0.08,-3.86,-2.73,-3.26,-3.33,-2.62,-3.22,87.565,153.681,118.2,113.85,0,0,0,0
1217,58,Mujer,8.7,132,40.2,312,0,1,-0.017,307,118,-3.06,36,0,0.08,1.27,-0.27,0.333,-0.017,-4.18,-3.06,-3.58,-3.66,-3.08,-3.68,271.154,475.89,366.019,352.548,0,0,0,0
1218,48,Hombre,7.9,142,65.6,137,0,1,-0.315,100,135,-0.74,36,0,-0.14,0.11,0.15,0.035,-0.315,-1.87,-0.74,-1.27,-1.34,-1.22,-1.82,554.912,973.9,749.052,721.483,0,0,0,0
1219,63,Mujer,7.6,144,52.9,50,0,0,0.002,50,148,-2.19,36,0,-0.43,-0.87,2,0.002,-0.348,-2.19,-1.07,-1.59,-1.67,-1.59,-2.19,261.84,459.543,353.446,340.438,0,0,0,0
1220,62,Mujer,7.6,141,39.6,109,0,1,-0.24,86,132,-1.68,36,0,-1.06,-0.29,0.12,0.11,-0.24,-2.81,-1.68,-2.21,-2.28,-2.04,-2.64,195.434,342.998,263.809,254.099,0,0,0,0
1221,83,Hombre,8.6,144,37.1,243,1,0,0.106,270,161,-4.9,36,0,1.03,-1.05,0.83,0.106,-0.244,-4.9,-3.77,-4.3,-4.37,-4.14,-4.74,137.995,242.189,186.274,179.418,0,0,0,0
1222,67,Hombre,7.1,148,64.5,78,0,0,0.953,202,153,-3.68,36,0,-0.26,-0.25,0.42,0.953,0.603,-3.68,-2.55,-3.08,-3.15,-1.65,-2.25,726.078,1274.307,980.103,944.03,0,0,0,0
1223,59,Mujer,8,118,43.5,674,0,0,-1.128,218,117,-1.94,36,0,-1.04,1.07,-0.75,-1.128,-1.478,-1.94,-0.81,-1.34,-1.41,-3.03,-3.63,1299.11,2280.01,1753.615,1689.073,0,0,0,0
1224,74,Hombre,7,131,23.1,76,1,0,0.42,116,128,-4.59,36,0,-1.52,-0.74,0.1,0.42,0.07,-4.59,-3.46,-3.99,-4.06,-3.36,-3.96,113.167,198.614,152.759,147.137,0,0,0,0
1225,72,Hombre,7.3,148,50.9,7,0,0,-1.223,2,147,0.23,36,0,0.11,-0.08,0.15,-1.223,-1.573,0.23,1.35,0.83,0.75,-1.01,-1.61,10895.695,19122.54,14707.649,14166.326,0,0,0,0
1226,59,Mujer,5.5,153,49.2,77,1,0,-0.083,71,152,-3.01,36,0,0.07,-0.6,-1.82,-0.083,-0.433,-3.01,-1.89,-2.41,-2.49,-2.53,-3.13,2858.386,5016.624,3858.418,3716.406,0,0,0,0
1227,69,Hombre,6.5,156,40.2,41,1,0,0.328,57,144,-5.56,36,0,-0.78,-0.68,0.83,0.328,-0.022,-5.56,-4.43,-4.96,-5.03,-4.47,-5.07,706.622,1240.16,953.84,918.733,0,0,0,0
1228,58,Mujer,10,140,35.6,557,0,1,-0.661,288,141,-4.02,36,0,0.06,-1.19,-1.65,-0.311,-0.661,-5.14,-4.02,-4.54,-4.62,-5.01,-5.61,587.261,1030.674,792.719,763.542,0,0,0,0
1229,57,Hombre,8.7,140,53.1,152,1,0,-0.779,70,141,-1.55,36,0,-0.63,0.64,0.5,-0.779,-1.129,-1.55,-0.43,-0.95,-1.03,-2.12,-2.72,358.046,628.391,483.312,465.523,0,0,0,0
1230,55,Hombre,7.5,138,52.1,30,0,0,1.356,116,151,-4.12,36,0,-0.47,-0.17,1.57,1.356,1.006,-4.12,-2.99,-3.52,-3.59,-1.48,-2.08,504.512,885.446,681.02,655.955,0,0,0,0
1231,60,Hombre,7,139,42.1,1463,0,1,-0.246,1144,129,-2.88,36,0,-1.24,-1.6,0.21,0.104,-0.246,-4,-2.88,-3.4,-3.48,-3.24,-3.84,103.424,181.515,139.608,134.469,0,0,0,0
1232,54,Hombre,10.7,145,54.5,2780,0,1,-0.556,1595,128,-3.14,36,0,1.54,2.01,-1.65,-0.206,-0.556,-4.27,-3.14,-3.67,-3.74,-3.98,-4.58,117.442,206.116,158.529,152.695,0,0,0,0
1233,72,Mujer,8.4,142,32.1,482,0,1,0.347,682,131,-3.09,36,0,-0.97,-0.83,-0.62,0.697,0.347,-4.21,-3.09,-3.61,-3.69,-2.57,-3.17,122.662,215.279,165.577,159.483,0,0,0,0
1234,71,Mujer,8.7,150,43.3,343,0,1,0.286,457,138,-3.82,36,0,0.81,-0.46,0.87,0.636,0.286,-4.94,-3.82,-4.34,-4.42,-3.39,-3.99,246.558,432.723,332.819,320.569,0,0,0,0
1235,63,Hombre,7.9,165,52.7,34,0,0,0.014,34,174,-2.83,13.92,1,-0.46,0.66,-2.19,0.014,-0.336,-2.83,-1.71,-2.23,-2.31,-2.21,-2.81,13.92,24.431,18.79,18.099,1,1,1,1
1236,80,Hombre,6.9,133,32.8,86,1,0,0.019,88,119,-2.37,36,0,-0.97,1.18,-0.49,0.019,-0.331,-2.37,-1.25,-1.77,-1.85,-1.74,-2.34,824.399,1446.866,1112.823,1071.864,0,0,0,0
1237,69,Mujer,6.8,155,27.4,491,0,1,-0.381,335,155,-2.85,36,0,0.42,-0.2,0.96,-0.031,-0.381,-3.98,-2.85,-3.38,-3.45,-3.42,-4.02,103.155,181.042,139.244,134.119,0,0,0,0
1238,71,Hombre,8.7,152,57.6,497,1,0,0.852,1165,141,-6.18,22.6,1,0.14,0.3,0.93,0.852,0.502,-6.18,-5.06,-5.58,-5.66,-4.31,-4.91,22.603,39.67,30.511,29.388,1,0,1,1
1239,60,Hombre,9.1,166,53.6,106,1,1,0.391,157,167,-1.89,36,0,-0.95,-0.55,-0.15,0.741,0.391,-3.02,-1.89,-2.42,-2.49,-1.31,-1.91,1280.194,2246.81,1728.081,1664.478,0,0,0,0
1240,78,Hombre,8.2,108,60.7,115,1,1,-0.527,68,109,-0.36,36,0,0.38,0.47,0.41,-0.177,-0.527,-1.48,-0.36,-0.88,-0.96,-1.15,-1.75,498.744,875.322,673.233,648.455,0,0,0,0
1241,65,Hombre,6.6,164,55.7,424,0,1,-0.796,191,158,-0.53,35.7,1,-0.69,0.72,0.41,-0.446,-0.796,-1.65,-0.53,-1.05,-1.13,-1.72,-2.32,20.339,35.697,27.455,26.445,1,1,1,1
1242,59,Mujer,7.5,136,44,30,0,0,0.399,45,151,-2.53,36,0,0.11,-0.98,-1.54,0.399,0.049,-2.53,-1.41,-1.93,-2.01,-1.33,-1.93,52.056,91.361,70.268,67.682,0,0,0,0
1243,73,Mujer,7.9,147,51.1,51,0,0,0.995,138,157,-3.09,36,0,-0.76,-0.61,2.01,0.995,0.645,-3.09,-1.97,-2.49,-2.57,-1,-1.6,188.257,330.401,254.12,244.767,0,0,0,0
1244,56,Hombre,8.7,122,57,122,0,0,-0.043,117,130,-1.12,36,0,1.7,0.26,0.65,-0.043,-0.393,-1.12,0,-0.52,-0.6,-0.59,-1.19,45.734,80.266,61.735,59.463,0,0,0,0
1245,53,Hombre,6.2,116,63.9,9,0,0,-0.016,9,107,-0.69,36,0,-0.82,0.17,1.02,-0.016,-0.366,-0.69,0.44,-0.09,-0.16,-0.11,-0.71,7037.122,12350.533,9499.121,9149.5,0,0,0,0
1246,77,Hombre,8.3,125,46.9,238,0,1,-0.353,167,119,-1.08,36,0,-0.68,-1.39,-0.94,-0.003,-0.353,-2.2,-1.08,-1.6,-1.68,-1.61,-2.21,475.782,835.024,642.239,618.601,0,0,0,0
1247,74,Hombre,7.9,150,39.9,275,0,1,-0.267,211,146,-2.8,36,0,-0.12,1.51,0.31,0.083,-0.267,-3.93,-2.8,-3.33,-3.4,-3.2,-3.8,77.734,136.427,104.93,101.068,0,0,0,0
1248,74,Hombre,8,133,45,9,0,0,0.323,12,139,-3.85,36,0,1.39,0.76,-1.78,0.323,-0.027,-3.85,-2.73,-3.25,-3.33,-2.77,-3.37,329.692,578.628,445.038,428.658,0,0,0,0
1249,71,Mujer,8,170,41,167,0,1,-0.094,152,164,-2.68,36,0,1.88,-0.11,0.79,0.256,-0.094,-3.81,-2.68,-3.21,-3.28,-2.83,-3.43,207.964,364.987,280.721,270.389,0,0,0,0
1250,66,Mujer,8.3,137,50,96,0,1,-1.291,26,154,1.07,36,0,0.01,-1.98,1.39,-0.941,-1.291,-0.06,1.07,0.54,0.47,-0.87,-1.47,825.129,1448.147,1113.808,1072.814,0,0,0,0
1251,55,Hombre,8.7,141,47.7,460,1,1,-0.547,266,126,-1.69,36,0,-0.13,-1,-1.16,-0.197,-0.547,-2.81,-1.69,-2.21,-2.29,-2.51,-3.11,226.699,397.87,306.012,294.749,0,0,0,0
1252,59,Hombre,8,133,35.3,91,1,0,-0.095,83,138,-4.06,30.89,1,1.39,-0.08,0.45,-0.095,-0.445,-4.06,-2.94,-3.46,-3.54,-3.6,-4.2,30.893,54.22,41.702,40.167,1,0,0,0
1253,62,Hombre,8.9,145,39.2,102,1,0,-0.265,78,137,-3.44,36,0,1.98,-0.86,0.1,-0.265,-0.615,-3.44,-2.32,-2.84,-2.92,-3.24,-3.84,328.447,576.443,443.358,427.04,0,0,0,0
1254,74,Hombre,8.4,160,57,117,1,1,0.031,121,159,-2.37,36,0,0.48,-1.18,-0.22,0.381,0.031,-3.5,-2.37,-2.9,-2.97,-2.32,-2.92,141.541,248.413,191.061,184.029,0,0,0,0
1255,62,Mujer,8.5,143,49.1,51,0,0,1.011,140,138,-4.88,36,0,1.88,1.41,-1.19,1.011,0.661,-4.88,-3.75,-4.28,-4.35,-2.76,-3.36,549.605,964.587,741.889,714.584,0,0,0,0
1256,71,Hombre,7.8,133,40.4,36,0,0,0.77,78,123,-5.16,36,0,-0.04,-0.85,1.68,0.77,0.42,-5.16,-4.03,-4.56,-4.63,-3.41,-4.01,688.392,1208.165,929.232,895.031,0,0,0,0
1257,70,Hombre,7.8,131,60.7,33,0,1,-0.086,30,128,-1.03,36,0,-0.72,0.66,0.19,0.264,-0.086,-2.15,-1.03,-1.55,-1.63,-1.16,-1.76,299.791,526.15,404.676,389.781,0,0,0,0
1258,61,Hombre,7.6,125,47,36,0,1,-0.43,23,117,1.24,36,0,-0.37,1.94,0.66,-0.08,-0.43,0.12,1.24,0.72,0.64,0.6,-0,730.351,1281.806,985.871,949.585,0,0,0,0
1259,51,Hombre,8.6,127,54.5,42,0,0,0.364,60,143,-1.09,36,0,-1.78,-1.22,0.14,0.364,0.014,-1.09,0.03,-0.49,-0.57,0.05,-0.55,1016.12,1783.346,1371.618,1321.135,0,0,0,0
1260,62,Mujer,9,168,47,1519,0,1,0.276,2003,168,-5.39,36,0,-0.54,-0.34,-0.47,0.626,0.276,-6.52,-5.39,-5.92,-5.99,-4.98,-5.58,103.573,181.776,139.808,134.663,0,0,0,0
1261,60,Hombre,5.8,123,53.8,34,1,0,0.371,49,123,-3.13,36,0,-1.6,-0.57,-1.95,0.371,0.021,-3.13,-2.01,-2.53,-2.61,-1.98,-2.58,680.796,1194.833,918.978,885.154,0,0,0,0
1262,48,Hombre,6.8,146,37.2,72,1,0,-0.398,48,140,-2.05,36,0,-0.07,0.35,-0.37,-0.398,-0.748,-2.05,-0.93,-1.45,-1.53,-2.05,-2.65,226.116,396.846,305.225,293.991,0,0,0,0
1263,60,Hombre,9.9,146,61.1,329,1,1,-0.592,182,152,-2.86,36,0,1.19,-2.67,0.29,-0.242,-0.592,-3.98,-2.86,-3.38,-3.46,-3.75,-4.35,537.681,943.66,725.794,699.081,0,0,0,0
1264,77,Mujer,7.2,132,41,33,0,0,0.552,57,139,-2.81,36,0,0.12,0.94,0.15,0.552,0.202,-2.81,-1.68,-2.21,-2.28,-1.38,-1.98,652.875,1145.832,881.29,848.853,0,0,0,0
1265,57,Mujer,6.8,99,48,28,1,1,0.012,28,98,0.88,36,0,0.72,-0.18,-0.73,0.362,0.012,-0.25,0.88,0.35,0.28,0.9,0.3,943.616,1656.097,1273.748,1226.867,0,0,0,0
1266,57,Hombre,6.1,158,47.8,304,0,1,-0.26,234,134,-0.89,36,0,0.22,0.18,0.27,0.09,-0.26,-2.01,-0.89,-1.41,-1.49,-1.28,-1.88,69.92,122.713,94.382,90.908,0,0,0,0
1267,81,Hombre,6.2,139,56,179,0,0,-0.455,114,133,-0.24,36,0,1.84,0.98,1.15,-0.455,-0.805,-0.24,0.89,0.36,0.29,-0.32,-0.92,1532.605,2689.805,2068.8,1992.657,0,0,0,0
1268,65,Mujer,10.4,131,54.1,151,0,1,-0.143,131,144,-2.4,36,0,0.54,-0.75,-0.94,0.207,-0.143,-3.53,-2.4,-2.93,-3,-2.62,-3.22,319.645,560.994,431.475,415.595,0,0,0,0
1269,48,Hombre,8.4,127,56.2,455,0,1,-0.222,364,123,-1.66,36,0,0.29,0.84,0.45,0.128,-0.222,-2.79,-1.66,-2.19,-2.26,-1.99,-2.59,675.711,1185.91,912.114,878.543,0,0,0,0
1270,52,Hombre,8,139,52.2,202,0,1,-1.105,67,147,0.03,36,0,-1.28,-0.19,1.63,-0.755,-1.105,-1.1,0.03,-0.5,-0.57,-1.63,-2.23,102.265,179.481,138.043,132.963,0,0,0,0
1271,85,Hombre,9.7,141,35,38,0,0,0.176,45,136,-4.43,36,0,1.16,-1.15,-2.1,0.176,-0.174,-4.43,-3.31,-3.83,-3.91,-3.57,-4.17,71.513,125.51,96.533,92.98,0,0,0,0
1272,75,Mujer,6.3,137,46.2,55,1,0,0.29,73,131,-1.78,36,0,0.36,-0.02,0.91,0.29,-0.06,-1.78,-0.65,-1.18,-1.25,-0.74,-1.34,36.177,63.492,48.833,47.036,0,0,0,0
1273,62,Mujer,8.6,142,47.5,272,0,0,0.614,503,137,-2.53,36,0,-0.17,0.31,-0.61,0.614,0.264,-2.53,-1.4,-1.93,-2,-1.01,-1.61,449.945,789.677,607.362,585.007,0,0,0,0
1274,44,Hombre,7.6,133,71.8,72,0,0,-0.16,61,135,-0.96,36,0,-0.16,1.46,-0.18,-0.16,-0.51,-0.96,0.16,-0.36,-0.44,-0.6,-1.2,4563.835,8009.78,6160.533,5933.791,0,0,0,0
1275,45,Mujer,6.8,112,45.5,32,0,0,0.615,59,93,-0.18,36,0,0.54,-0.64,-0.14,0.615,0.265,-0.18,0.94,0.42,0.34,1.34,0.74,1888.807,3314.96,2549.623,2455.783,0,0,0,0
1276,50,Hombre,9,126,53.7,769,0,1,-0.684,388,122,-0.62,36,0,-0.14,-0.4,-1.88,-0.334,-0.684,-1.75,-0.62,-1.15,-1.22,-1.65,-2.25,175.544,308.09,236.96,228.238,0,0,0,0
1277,50,Hombre,8,142,45.6,78,0,0,-0.068,73,129,-1.81,36,0,-1.93,0.17,1.26,-0.068,-0.418,-1.81,-0.69,-1.21,-1.29,-1.31,-1.91,1243.329,2182.111,1678.319,1616.547,0,0,0,0
1278,61,Hombre,7.8,109,37.6,24,0,0,0.106,27,106,-1.62,36,0,-1.35,0.46,1.25,0.106,-0.244,-1.62,-0.49,-1.02,-1.09,-0.86,-1.46,633.058,1111.052,854.539,823.088,0,0,0,0
1279,76,Hombre,7,161,47.2,203,0,0,0.244,259,167,-2.12,36,0,-0.44,0.24,0.65,0.244,-0.106,-2.12,-0.99,-1.52,-1.59,-1.15,-1.75,993.663,1743.933,1341.305,1291.938,0,0,0,0
1280,59,Hombre,6,171,38.5,244,0,1,0.021,249,178,-3.16,36,0,0.29,0.18,-1.04,0.371,0.021,-4.28,-3.16,-3.68,-3.76,-3.12,-3.72,534.737,938.494,721.82,695.253,0,0,0,0
1281,56,Mujer,7.2,141,52.3,200,1,1,-0.378,137,132,-1.69,36,0,1.27,-0.68,-0.71,-0.028,-0.378,-2.82,-1.69,-2.22,-2.29,-2.26,-2.86,216.291,379.602,291.962,281.216,0,0,0,0
1282,52,Hombre,6.1,132,44,96,0,1,-0.467,60,123,0.21,36,0,-1.85,0.02,1.14,-0.117,-0.467,-0.92,0.21,-0.32,-0.39,-0.49,-1.09,237.2,416.3,320.187,308.402,0,0,0,0
1283,52,Hombre,10.4,157,41.3,2623,0,0,0.425,4013,167,-5.16,11.56,1,-0.08,-0.7,-1.51,0.425,0.075,-5.16,-4.04,-4.56,-4.64,-3.92,-4.52,11.56,20.289,15.605,15.031,1,1,1,1
1284,60,Mujer,8.4,138,38.3,1528,0,1,0.2,1866,117,-1.89,36,0,0.39,0.78,0.04,0.55,0.2,-3.01,-1.89,-2.41,-2.49,-1.59,-2.19,248.163,435.54,334.985,322.656,0,0,0,0
1285,51,Hombre,8.7,105,61.3,95,1,0,0.163,112,102,-2.51,36,0,-0.53,-0.62,-0.6,0.163,-0.187,-2.51,-1.39,-1.91,-1.99,-1.67,-2.27,1233.082,2164.127,1664.487,1603.225,0,0,0,0
1286,81,Hombre,8.6,139,54.2,61,1,0,-0.735,29,148,-3.14,36,0,0.73,-0.21,-1.22,-0.735,-1.085,-3.14,-2.02,-2.54,-2.62,-3.64,-4.24,554.988,974.034,749.155,721.582,0,0,0,0
1287,61,Mujer,9.4,116,40.7,255,1,1,0.029,262,96,-3.8,36,0,-0.46,-1.83,1.12,0.379,0.029,-4.93,-3.8,-4.33,-4.4,-3.76,-4.36,75.969,133.33,102.548,98.773,0,0,0,0
1288,74,Hombre,6.1,110,42.4,172,0,1,-0.45,110,95,0.5,36,0,-0.32,-0.91,-0.02,-0.1,-0.45,-0.63,0.5,-0.03,-0.1,-0.18,-0.78,2728.552,4788.758,3683.16,3547.599,0,0,0,0
1289,57,Hombre,7.7,133,46.7,82,1,1,-0.091,75,120,-3.97,36,0,-2.14,-0.21,-2.04,0.259,-0.091,-5.09,-3.97,-4.49,-4.57,-4.1,-4.7,604.605,1061.114,816.131,786.093,0,0,0,0
1290,65,Mujer,7.3,117,38.5,222,0,0,-0.379,152,109,-3.27,36,0,0.41,-1.51,-1.81,-0.379,-0.729,-3.27,-2.15,-2.67,-2.75,-3.24,-3.84,958.546,1682.3,1293.901,1246.278,0,0,0,0
1291,54,Mujer,6.5,154,61.4,68,0,1,-0.402,45,146,0.49,36,0,-0.81,-0.34,-0.72,-0.052,-0.402,-0.63,0.49,-0.03,-0.11,-0.11,-0.71,3682.798,6463.511,4971.257,4788.287,0,0,0,0
1292,56,Hombre,6.3,95,34.7,56,1,0,0.225,70,94,-0.53,36,0,2.62,0.91,0.74,0.225,-0.125,-0.53,0.6,0.07,-0,0.41,-0.19,217.084,380.994,293.032,282.247,0,0,0,0
1293,59,Hombre,8.3,152,56.8,101,0,1,-1.079,34,146,-0.5,36,0,0.17,-0.75,-1.11,-0.729,-1.079,-1.62,-0.5,-1.02,-1.1,-2.12,-2.72,136.316,239.242,184.007,177.235,0,0,0,0
1294,62,Hombre,8.1,131,53.5,29,1,1,-0.567,16,118,-0.36,36,0,0.1,-1.1,0.2,-0.217,-0.567,-1.48,-0.36,-0.88,-0.96,-1.21,-1.81,2160.149,3791.18,2915.896,2808.575,0,0,0,0
1295,66,Mujer,5.9,168,36.4,29,0,0,-0.02,28,158,-2.9,36,0,1.88,-1.56,1.29,-0.02,-0.37,-2.9,-1.77,-2.3,-2.37,-2.33,-2.93,301.308,528.812,406.723,391.753,0,0,0,0
1296,66,Hombre,9,161,28.8,618,0,1,0.096,680,153,-3.5,36,0,-0.83,0.45,-2.4,0.446,0.096,-4.62,-3.5,-4.02,-4.1,-3.35,-3.95,339.015,594.99,457.622,440.779,0,0,0,0
1297,72,Mujer,7.2,139,38.1,36,0,0,0.588,65,122,-0.88,36,0,0.55,-1.27,0.66,0.588,0.238,-0.88,0.24,-0.28,-0.36,0.6,0,506.598,889.107,683.836,658.667,0,0,0,0
1298,56,Hombre,9.5,120,49.6,93,0,0,-0.447,59,122,-0.17,36,0,1.5,0.37,-0.6,-0.447,-0.797,-0.17,0.95,0.43,0.35,-0.25,-0.85,4332.025,7602.941,5847.622,5632.397,0,0,0,0
1299,74,Mujer,8.4,124,38,171,0,0,0.165,202,131,-2.56,36,0,-1.31,0.78,1.45,0.165,-0.185,-2.56,-1.44,-1.96,-2.04,-1.71,-2.31,2302.265,4040.6,3107.732,2993.35,0,0,0,0
1300,69,Hombre,8.8,113,56.4,78,0,0,0.016,79,121,-1.95,36,0,-0.11,0.76,-2.04,0.016,-0.334,-1.95,-0.82,-1.35,-1.42,-1.32,-1.92,708.311,1243.125,956.12,920.93,0,0,0,0
1301,49,Hombre,9.8,112,46.9,283,0,1,-0.022,277,98,-1.59,36,0,1.73,1.15,-1.75,0.328,-0.022,-2.72,-1.59,-2.12,-2.19,-1.62,-2.22,1240.344,2176.872,1674.29,1612.666,0,0,0,0
1302,51,Mujer,9.6,126,58.1,543,0,1,-0.82,239,110,-0.23,36,0,-1.37,-0.97,1.13,-0.47,-0.82,-1.36,-0.23,-0.76,-0.83,-1.46,-2.06,1653.607,2902.17,2232.135,2149.98,0,0,0,0
1303,80,Hombre,8.2,148,49.4,1408,0,1,-0.042,1350,142,-2.14,7.14,1,-1.59,1.72,-0.19,0.308,-0.042,-3.27,-2.14,-2.67,-2.74,-2.21,-2.81,4.07,7.143,5.494,5.292,1,1,1,1
1304,66,Mujer,6.9,142,34.3,191,0,0,0.125,216,144,-3.1,36,0,1.57,0.6,-0.51,0.125,-0.225,-3.1,-1.98,-2.5,-2.58,-2.31,-2.91,798.213,1400.908,1077.475,1037.818,0,0,0,0
1305,61,Mujer,9.2,95,47.4,324,1,1,-0.558,185,93,-0.64,36,0,0.21,-0.39,0.27,-0.208,-0.558,-1.76,-0.64,-1.16,-1.24,-1.47,-2.07,111.072,194.938,149.932,144.414,0,0,0,0
1306,66,Mujer,7.2,117,41.3,65,1,1,-1.095,22,121,0.92,36,0,0.33,0.43,0.56,-0.745,-1.095,-0.21,0.92,0.39,0.32,-0.72,-1.32,532.003,933.695,718.13,691.698,0,0,0,0
1307,51,Hombre,7.3,157,58.2,240,0,1,-0.431,156,139,0.73,36,0,-0.86,-0.73,2.12,-0.081,-0.431,-0.4,0.73,0.2,0.13,0.08,-0.52,1024.294,1797.691,1382.652,1331.763,0,0,0,0
1308,61,Hombre,10.2,140,40.6,121,0,0,-0.248,94,132,-4.06,36,0,-2.13,-0.58,-0.21,-0.248,-0.598,-4.06,-2.94,-3.46,-3.54,-3.84,-4.44,213.279,374.316,287.896,277.3,0,0,0,0
1309,71,Hombre,9,122,35.5,61,1,1,0.194,74,117,-1.07,36,0,-0.71,0.33,1.26,0.544,0.194,-2.19,-1.07,-1.59,-1.67,-0.78,-1.38,70.944,124.51,95.764,92.239,0,0,0,0
1310,59,Mujer,8.1,130,52.5,308,1,1,-0.966,117,132,-1.21,36,0,-0.3,0.33,-0.96,-0.616,-0.966,-2.34,-1.21,-1.74,-1.81,-2.66,-3.26,207.873,364.828,280.599,270.271,0,0,0,0
1311,57,Hombre,7.1,106,48.1,9,0,0,-0.3,7,96,0.02,36,0,-2.16,0.37,0.2,-0.3,-0.65,0.02,1.15,0.62,0.55,0.17,-0.43,2248.29,3945.871,3034.873,2923.173,0,0,0,0
1312,56,Hombre,7.4,143,61.8,282,0,0,-0.068,264,140,-2.13,36,0,-1.07,0.07,-1.42,-0.068,-0.418,-2.13,-1.01,-1.53,-1.61,-1.63,-2.23,713.799,1252.757,963.528,928.065,0,0,0,0
1313,78,Mujer,6.1,148,46.6,243,0,0,0.582,435,163,-4.35,36,0,0.32,0.69,-1.2,0.582,0.232,-4.35,-3.22,-3.75,-3.82,-2.88,-3.48,338.379,593.874,456.764,439.953,0,0,0,0
1314,69,Hombre,9.1,159,49.9,293,0,0,-0.771,135,157,-3.06,36,0,0.46,-1.2,-1.62,-0.771,-1.121,-3.06,-1.94,-2.46,-2.54,-3.62,-4.22,760.013,1333.864,1025.91,988.151,0,0,0,0
1315,49,Hombre,7.5,128,57.6,63,0,0,-0.208,51,119,-2.02,36,0,-2.09,0.74,0.28,-0.208,-0.558,-2.02,-0.9,-1.42,-1.5,-1.74,-2.34,766.036,1344.434,1034.04,995.981,0,0,0,0
1316,57,Hombre,5.8,131,59.8,12,0,0,0.201,15,126,-0.02,36,0,-0.21,-0.34,-0.4,0.201,-0.149,-0.02,1.11,0.58,0.51,0.88,0.28,5965.783,10470.276,8052.965,7756.571,0,0,0,0
1317,44,Mujer,5.5,123,46.2,13,0,0,0.248,17,115,-0.67,36,0,-0.24,-0.9,-0.38,0.248,-0.102,-0.67,0.45,-0.07,-0.15,0.3,-0.3,357.03,626.607,481.94,464.202,0,0,0,0
1318,64,Hombre,7.7,133,64.3,147,0,0,-0.48,91,119,1.12,36,0,0.15,-1.31,-2.25,-0.48,-0.83,1.12,2.24,1.72,1.64,1,0.4,291.412,511.445,393.366,378.888,0,0,0,0
1319,66,Hombre,6.9,157,33.8,79,0,1,-0.036,76,146,-2.15,36,0,-0.96,-0.15,-0.3,0.314,-0.036,-3.27,-2.15,-2.67,-2.75,-2.2,-2.8,258.585,453.831,349.053,336.206,0,0,0,0
1320,61,Hombre,10.6,129,55,204,1,1,-0.716,100,133,-2.32,36,0,-0.04,0.84,-0.4,-0.366,-0.716,-3.45,-2.32,-2.85,-2.92,-3.4,-4,36.301,63.71,49.001,47.197,0,0,0,0
1321,53,Hombre,10,125,47.4,315,0,1,-0.595,174,118,-0.87,36,0,-1.92,-2.31,0.5,-0.245,-0.595,-1.99,-0.87,-1.39,-1.47,-1.76,-2.36,2864.731,5027.759,3866.982,3724.655,0,0,0,0
1322,46,Hombre,7.1,127,32.4,27,1,1,-0.149,23,105,-0.89,36,0,-0.39,0.16,-1.45,0.201,-0.149,-2.01,-0.89,-1.41,-1.49,-1.11,-1.71,2592.055,4549.198,3498.908,3370.129,0,0,0,0
1323,58,Mujer,5.9,114,67.2,120,1,0,-0.909,48,104,0.47,36,0,0.79,0.28,-0.09,-0.909,-1.259,0.47,1.6,1.07,1,-0.29,-0.89,10893.661,19118.97,14704.904,14163.682,0,0,0,0
1324,41,Hombre,10.5,122,58.3,353,0,1,-0.525,209,114,-1.68,36,0,-0.35,-0.05,-0.5,-0.175,-0.525,-2.8,-1.68,-2.2,-2.28,-2.47,-3.07,180.788,317.294,244.039,235.057,0,0,0,0
1325,74,Hombre,7.3,134,33.2,115,1,0,-0.535,67,130,-1.9,36,0,-0.5,0.96,-0.88,-0.535,-0.885,-1.9,-0.78,-1.3,-1.38,-2.11,-2.71,423.717,743.646,571.958,550.907,0,0,0,0
1326,57,Mujer,7.6,163,57.3,77,1,1,-0.537,45,152,-1.47,36,0,-0.75,-0.36,-0.05,-0.187,-0.537,-2.6,-1.47,-2,-2.07,-2.28,-2.88,540.634,948.843,729.78,702.92,0,0,0,0
1327,37,Hombre,6.9,128,62.1,73,0,1,-0.21,59,129,-0.13,36,0,-0.07,-0.54,-0.71,0.14,-0.21,-1.25,-0.13,-0.65,-0.73,-0.44,-1.04,889.889,1561.804,1201.225,1157.013,0,0,0,0
1328,74,Hombre,8.6,117,56.3,300,1,0,-0.066,281,127,-2.17,36,0,-0.31,0.52,-2.16,-0.066,-0.416,-2.17,-1.05,-1.57,-1.65,-1.67,-2.27,188.308,330.49,254.189,244.833,0,0,0,0
1329,67,Hombre,7.3,143,50.7,34,0,0,1.329,128,127,-3.96,36,0,0.71,-0.45,1.88,1.329,0.979,-3.96,-2.83,-3.36,-3.43,-1.37,-1.97,399.699,701.493,539.537,519.679,0,0,0,0
1330,36,Hombre,10.5,110,54.5,477,0,1,-0.076,442,101,-1.16,6.6,1,-0.95,-1.14,-0.69,0.274,-0.076,-2.29,-1.16,-1.69,-1.76,-1.27,-1.87,3.762,6.603,5.079,4.892,1,1,1,1
1331,61,Mujer,7.2,121,48.2,128,0,1,-0.627,68,117,-0.8,36,0,-1.48,-0.34,1.58,-0.277,-0.627,-1.92,-0.8,-1.32,-1.4,-1.74,-2.34,1053.076,1848.206,1421.504,1369.184,0,0,0,0
1332,54,Hombre,6.5,132,40.5,226,0,0,-1.614,45,136,-0.4,36,0,2.02,1.56,-1.63,-1.614,-1.964,-0.4,0.72,0.2,0.12,-2.22,-2.82,2323.949,4078.657,3137.003,3021.543,0,0,0,0
1333,77,Mujer,8.2,113,25.6,48,0,0,-0.72,23,124,-1.47,36,0,-0.58,0.35,-1.55,-0.72,-1.07,-1.47,-0.34,-0.87,-0.94,-1.95,-2.55,270.678,475.055,365.377,351.929,0,0,0,0
1334,83,Hombre,9.2,107,63,73,0,0,-0.28,55,99,-2.23,36,0,-0.8,-0.44,0.01,-0.28,-0.63,-2.23,-1.11,-1.63,-1.71,-2.05,-2.65,1234.192,2166.075,1665.986,1604.668,0,0,0,0
1335,65,Mujer,7.4,154,45.1,209,1,0,-0.253,162,158,-4.64,36,0,1.64,-0.06,2.47,-0.253,-0.603,-4.64,-3.51,-4.04,-4.11,-4.42,-5.02,241.49,423.828,325.977,313.979,0,0,0,0
1336,74,Mujer,7.2,136,43.2,212,0,1,-0.568,120,132,-2.15,36,0,-0.72,1.52,-1.09,-0.218,-0.568,-3.28,-2.15,-2.68,-2.75,-3,-3.6,431.556,757.404,582.539,561.099,0,0,0,0
1337,79,Hombre,6.8,125,43.5,27,0,0,0.184,32,132,-0.84,36,0,0.79,-1.23,1.32,0.184,-0.166,-0.84,0.29,-0.24,-0.31,0.04,-0.56,48.071,84.367,64.889,62.5,0,0,0,0
1338,59,Hombre,8.2,154,38.5,125,0,1,-0.25,97,136,-2.84,36,0,-1.61,0.89,0.31,0.1,-0.25,-3.96,-2.84,-3.36,-3.44,-3.21,-3.81,474.127,832.119,640.004,616.449,0,0,0,0
1339,69,Hombre,7.3,109,43,51,1,0,0.371,74,115,-2.78,36,0,-0.81,0.55,0.2,0.371,0.021,-2.78,-1.65,-2.18,-2.25,-1.62,-2.22,981.281,1722.202,1324.591,1275.839,0,0,0,0
1340,62,Hombre,8,145,52.7,203,1,1,-0.362,141,153,-1.44,36,0,0.96,-0.78,-0.07,-0.012,-0.362,-2.56,-1.44,-1.96,-2.04,-1.98,-2.58,318.382,558.778,429.771,413.953,0,0,0,0
1341,58,Hombre,7.6,149,50.1,44,0,0,-0.157,38,157,-0.53,36,0,0.56,0.73,0.62,-0.157,-0.507,-0.53,0.6,0.07,-0,-0.16,-0.76,790.472,1387.322,1067.026,1027.753,0,0,0,0
1342,68,Hombre,8.8,155,47.5,21,1,0,0.422,32,149,-2.56,10.3,1,0.73,0.95,-0.29,0.422,0.072,-2.56,-1.43,-1.96,-2.03,-1.33,-1.93,10.301,18.079,13.905,13.393,1,1,1,1
1343,61,Hombre,7.2,109,44.7,188,0,1,0.353,268,96,-2.11,36,0,0.06,1.89,-0.93,0.703,0.353,-3.23,-2.11,-2.63,-2.71,-1.58,-2.18,236.236,414.608,318.886,307.149,0,0,0,0
1344,73,Hombre,8.9,125,44.1,453,1,0,-0.089,414,124,-3.68,36,0,1.43,-1.01,1.92,-0.089,-0.439,-3.68,-2.56,-3.08,-3.16,-3.22,-3.82,296.604,520.556,400.373,385.637,0,0,0,0
1345,60,Hombre,8.1,154,62.6,93,0,1,0.239,118,146,-0.28,36,0,0.92,-0.36,-1.39,0.589,0.239,-1.4,-0.28,-0.8,-0.88,0.08,-0.52,1975.878,3467.774,2667.156,2568.99,0,0,0,0
1346,54,Hombre,8.1,131,35.4,130,0,1,-0.139,113,123,-0.12,36,0,-0.55,0.87,0.15,0.211,-0.139,-1.24,-0.12,-0.64,-0.72,-0.33,-0.93,38.688,67.899,52.223,50.301,0,0,0,0
1347,69,Hombre,9.6,148,42.2,427,0,1,0.422,651,147,-3.46,36,0,-0.28,1.19,-0.11,0.772,0.422,-4.58,-3.46,-3.98,-4.06,-2.82,-3.42,161.15,282.826,217.529,209.523,0,0,0,0
1348,73,Hombre,7.2,131,40.7,96,1,1,-0.95,37,116,0.37,36,0,-0.46,0.72,-0.51,-0.6,-0.95,-0.76,0.37,-0.16,-0.23,-1.06,-1.66,1413.891,2481.456,1908.554,1838.308,0,0,0,0
1349,49,Hombre,5.8,141,57.5,53,0,1,-0.391,36,147,0.17,36,0,1.05,0,0.93,-0.041,-0.391,-0.95,0.17,-0.35,-0.43,-0.42,-1.02,136.484,239.537,184.234,177.453,0,0,0,0
1350,50,Mujer,6.9,135,52.3,17,1,0,0.467,27,137,-1.62,36,0,-1.49,-0.08,-1.54,0.467,0.117,-1.62,-0.49,-1.02,-1.09,-0.32,-0.92,2655.371,4660.322,3584.376,3452.451,0,0,0,0
1351,65,Hombre,7.7,148,49.4,384,0,1,0.039,399,134,-1.14,36,0,0.3,0.03,0.79,0.389,0.039,-2.27,-1.14,-1.67,-1.74,-1.08,-1.68,290.297,509.487,391.86,377.437,0,0,0,0
1352,65,Hombre,6.4,140,45.1,511,0,0,0.763,1096,147,-5.16,36,0,-1.24,1.32,-1.01,0.763,0.413,-5.16,-4.03,-4.56,-4.63,-3.42,-4.02,68.273,119.822,92.158,88.766,0,0,0,0
1353,58,Hombre,7.7,138,50.1,42,0,0,0.52,71,136,-2.09,36,0,0.39,0.68,-0.73,0.52,0.17,-2.09,-0.96,-1.49,-1.56,-0.71,-1.31,2214.147,3885.949,2988.786,2878.782,0,0,0,0
1354,79,Mujer,5.5,130,39.5,53,1,0,-0.356,37,128,-2.98,36,0,-0.06,-0.18,0.32,-0.356,-0.706,-2.98,-1.85,-2.38,-2.45,-2.91,-3.51,105.249,184.717,142.071,136.842,0,0,0,0
1355,48,Hombre,9.2,130,68.2,130,0,1,0.49,212,124,-0.13,36,0,0.67,-1.46,0.43,0.84,0.49,-1.25,-0.13,-0.65,-0.73,0.61,0.01,69.938,122.746,94.407,90.932,0,0,0,0
1356,49,Mujer,8,156,46.9,450,0,1,0.017,458,157,-1.47,36,0,0.1,-0.75,0.73,0.367,0.017,-2.6,-1.47,-2,-2.07,-1.45,-2.05,106.456,186.837,143.701,138.412,0,0,0,0
1357,60,Hombre,6.1,126,61.1,38,0,1,-0.194,31,129,0.37,36,0,1.18,-0.11,-2.78,0.156,-0.194,-0.75,0.37,-0.15,-0.23,0.08,-0.52,1240.279,2176.757,1674.201,1612.581,0,0,0,0
1358,66,Hombre,10.9,133,42,464,1,1,-0.333,333,134,-2.5,36,0,-0.72,1.05,-0.3,0.017,-0.333,-3.62,-2.5,-3.02,-3.1,-3,-3.6,343.258,602.437,463.35,446.296,0,0,0,0
1359,53,Mujer,8.3,119,58,10,0,0,0.285,13,110,-0.98,36,0,0.23,-0.4,-0.03,0.285,-0.065,-0.98,0.14,-0.38,-0.46,0.04,-0.56,2554.835,4483.875,3448.666,3321.736,0,0,0,0
1360,74,Mujer,7.7,140,33.6,133,0,0,1.109,403,134,-5.32,15.73,1,-1.41,-0.43,1.31,1.109,0.759,-5.32,-4.19,-4.72,-4.79,-3.05,-3.65,15.726,27.6,21.228,20.447,1,1,1,1
1361,61,Hombre,7.1,134,43.4,1471,0,1,-0.316,1073,143,-3.03,36,0,0.59,0.4,-0.41,0.034,-0.316,-4.16,-3.03,-3.56,-3.63,-3.51,-4.11,99.39,174.435,134.162,129.224,0,0,0,0
1362,53,Hombre,7.6,148,39.3,125,0,0,1.096,374,152,-2.96,36,0,0.77,-1.07,-0.96,1.096,0.746,-2.96,-1.84,-2.36,-2.44,-0.72,-1.32,470.724,826.146,635.411,612.024,0,0,0,0
1363,54,Mujer,6.1,139,47,37,0,1,0.422,56,123,0.17,36,0,-0.73,-1.73,0.3,0.772,0.422,-0.95,0.17,-0.35,-0.43,0.81,0.21,914.551,1605.087,1234.515,1189.078,0,0,0,0
1364,55,Hombre,8.2,133,56.3,174,1,1,-0.031,169,127,-3.59,36,0,0.14,-0.47,0.48,0.319,-0.031,-4.71,-3.59,-4.11,-4.19,-3.64,-4.24,1350.563,2370.312,1823.07,1755.971,0,0,0,0
1365,68,Mujer,7.6,157,40.2,271,0,1,-0.274,206,164,-3.04,36,0,1.39,0.62,-0.62,0.076,-0.274,-4.16,-3.04,-3.56,-3.64,-3.45,-4.05,411.794,722.72,555.863,535.404,0,0,0,0
1366,54,Mujer,5.9,133,54,343,0,1,-0.524,203,100,-1.93,36,0,-0.65,-0,0.85,-0.174,-0.524,-3.05,-1.93,-2.45,-2.53,-2.71,-3.31,269.264,472.573,363.469,350.091,0,0,0,0
1367,64,Hombre,8.2,131,50.2,89,1,1,-1.339,23,131,-0.67,36,0,-1.91,-0.22,-0.51,-0.989,-1.339,-1.79,-0.67,-1.19,-1.27,-2.67,-3.27,78.042,136.969,105.346,101.469,0,0,0,0
1368,51,Hombre,8.3,128,52,351,0,1,0.117,395,125,-3.05,36,0,-2.26,1.57,-0.06,0.467,0.117,-4.17,-3.05,-3.57,-3.65,-2.87,-3.47,1582.646,2777.629,2136.348,2057.718,0,0,0,0
1369,64,Mujer,10,113,50.9,119,1,1,-0.129,105,102,-0.76,36,0,1.05,0.17,1.09,0.221,-0.129,-1.88,-0.76,-1.28,-1.36,-0.95,-1.55,44.317,77.779,59.822,57.62,0,0,0,0
1370,66,Mujer,9.2,151,41.1,50,0,0,0.385,73,144,-5.2,36,0,-0.27,-0.78,0.74,0.385,0.035,-5.2,-4.07,-4.6,-4.67,-4.02,-4.62,186.564,327.429,251.835,242.566,0,0,0,0
1371,77,Hombre,7.6,133,47.2,38,0,1,0.039,40,138,-1.41,36,0,0.07,-1.29,0.65,0.389,0.039,-2.53,-1.41,-1.93,-2.01,-1.35,-1.95,2083.756,3657.106,2812.776,2709.251,0,0,0,0
1372,63,Mujer,6.5,148,57.4,60,1,0,0.583,108,164,-4.6,36,0,-1.24,-0.25,-0.15,0.583,0.233,-4.6,-3.48,-4,-4.08,-3.13,-3.73,1293.581,2270.305,1746.152,1681.883,0,0,0,0
1373,72,Mujer,7.8,129,50.1,35,1,0,0.219,44,131,-3.54,36,0,0.47,1.59,-0.67,0.219,-0.131,-3.54,-2.41,-2.94,-3.01,-2.61,-3.21,195.909,343.831,264.45,254.717,0,0,0,0
1374,47,Mujer,8.7,143,29.9,365,0,0,0.155,426,136,-4.77,36,0,-1.77,0.31,0.78,0.155,-0.195,-4.77,-3.65,-4.17,-4.25,-3.94,-4.54,415.243,728.774,560.519,539.889,0,0,0,0
1375,67,Hombre,8.1,147,33.7,1019,0,0,-0.727,493,147,-1.76,36,0,0.37,-0.35,0.44,-0.727,-1.077,-1.76,-0.64,-1.16,-1.24,-2.25,-2.85,215.793,378.729,291.291,280.57,0,0,0,0
1376,64,Mujer,6.4,139,51.9,84,0,0,0.314,115,147,-3.27,36,0,-0.66,0.51,-1.12,0.314,-0.036,-3.27,-2.14,-2.67,-2.74,-2.2,-2.8,179.415,314.883,242.185,233.271,0,0,0,0
1377,77,Hombre,6.7,127,47.9,58,1,0,0.093,64,126,-1.52,36,0,1.77,0.08,-0.68,0.093,-0.257,-1.52,-0.4,-0.92,-1,-0.78,-1.38,335.464,588.758,452.83,436.163,0,0,0,0
1378,49,Hombre,8.1,126,29,667,0,1,-0.611,362,126,-1.01,36,0,-0.17,2.39,-0.32,-0.261,-0.611,-2.13,-1.01,-1.53,-1.61,-1.92,-2.52,100.594,176.549,135.788,130.79,0,0,0,0
1379,72,Hombre,8.7,134,51.9,164,0,0,0.245,210,148,-4.24,36,0,0.34,0.46,2.28,0.245,-0.105,-4.24,-3.11,-3.64,-3.71,-3.27,-3.87,1641.844,2881.526,2216.258,2134.687,0,0,0,0
1380,60,Hombre,9.3,152,58.5,93,0,1,0.218,116,145,-3.01,36,0,1.58,0.04,-0.27,0.568,0.218,-4.14,-3.01,-3.54,-3.61,-2.68,-3.28,1129.095,1981.624,1524.119,1468.023,0,0,0,0
1381,64,Mujer,7.2,114,54.9,32,0,1,-0.009,32,97,-0.62,36,0,0.2,0.83,1.15,0.341,-0.009,-1.75,-0.62,-1.15,-1.22,-0.64,-1.24,669.804,1175.542,904.141,870.863,0,0,0,0
1382,64,Hombre,8.8,152,40.4,859,1,1,-0.769,398,147,-2.48,36,0,-0.71,0.22,-0.99,-0.419,-0.769,-3.61,-2.48,-3.01,-3.08,-3.64,-4.24,645.723,1133.279,871.635,839.554,0,0,0,0
1383,66,Hombre,7.9,131,65.5,22,0,1,0.045,23,119,-1.85,36,0,2.55,-1.6,-0.8,0.395,0.045,-2.98,-1.85,-2.38,-2.45,-1.79,-2.39,10295.734,18069.576,13897.787,13386.271,0,0,0,0
1384,58,Mujer,9.2,121,49.7,257,0,1,-0.966,98,118,0.43,36,0,-0.31,1.33,0.57,-0.616,-0.966,-0.7,0.43,-0.1,-0.17,-1.02,-1.62,406.126,712.773,548.212,528.035,0,0,0,0
1385,67,Mujer,11,133,37.1,64,0,0,0.022,65,137,-3.49,36,0,0.66,-1.67,1.18,0.022,-0.328,-3.49,-2.36,-2.89,-2.96,-2.86,-3.46,281.175,493.478,379.547,365.577,0,0,0,0
1386,68,Hombre,6.5,105,39.7,81,0,0,-0.04,78,120,-2.64,36,0,0.25,0.72,-0.53,-0.04,-0.39,-2.64,-1.52,-2.04,-2.12,-2.1,-2.7,107.927,189.417,145.686,140.324,0,0,0,0
1387,62,Hombre,9.2,120,56.8,58,0,1,0.55,101,131,-3.84,36,0,-0.37,-1.14,-1.08,0.9,0.55,-4.96,-3.84,-4.36,-4.44,-3.01,-3.61,928.714,1629.943,1253.633,1207.492,0,0,0,0
1388,60,Mujer,8.5,140,68.7,41,0,0,0.75,87,148,-3.31,36,0,-1.17,-0.04,0.17,0.75,0.4,-3.31,-2.19,-2.71,-2.79,-1.59,-2.19,548.149,962.032,739.924,712.691,0,0,0,0
1389,84,Mujer,8.9,151,51.6,319,0,0,-0.229,254,157,-4.55,36,0,0.05,-1.06,-0.17,-0.229,-0.579,-4.55,-3.42,-3.95,-4.02,-4.29,-4.89,377.266,662.122,509.255,490.512,0,0,0,0
1390,52,Mujer,7.9,151,44.6,92,0,0,0.939,235,166,-2.97,9.92,1,-1.47,0.8,0.59,0.939,0.589,-2.97,-1.84,-2.37,-2.44,-0.96,-1.56,9.918,17.407,13.388,12.895,1,1,1,1
1391,61,Mujer,9.2,130,61.3,570,0,1,-1.235,166,112,0.62,36,0,-2.14,-1.02,-0.87,-0.885,-1.235,-0.5,0.62,0.1,0.02,-1.23,-1.83,794.192,1393.851,1072.047,1032.59,0,0,0,0
1392,70,Hombre,6.7,144,41.9,1302,1,1,-1.022,468,143,-2.2,36,0,-0.71,-1.48,-2.02,-0.672,-1.022,-3.33,-2.2,-2.73,-2.8,-3.73,-4.33,94.107,165.163,127.031,122.356,0,0,0,0
1393,66,Hombre,7.5,112,55.7,23,1,0,-0.4,15,94,-0.15,36,0,-0.97,-1.13,2.75,-0.4,-0.75,-0.15,0.98,0.45,0.38,-0.15,-0.75,6178.665,10843.895,8340.325,8033.355,0,0,0,0
1394,77,Hombre,8.1,144,34.2,673,0,1,-1.22,199,150,-0.88,25.05,1,0.6,-1.3,-0.87,-0.87,-1.22,-2,-0.88,-1.4,-1.48,-2.71,-3.31,14.276,25.055,19.27,18.561,1,1,1,1
1395,68,Mujer,10,161,48.3,139,0,0,0.627,260,160,-2.43,36,0,-0.02,0.81,-0.29,0.627,0.277,-2.43,-1.31,-1.83,-1.91,-0.89,-1.49,694.887,1219.565,937.999,903.476,0,0,0,0
1396,71,Hombre,8,139,58.8,384,1,1,-0.838,166,141,-3.64,36,0,1.65,2.31,0.19,-0.488,-0.838,-4.76,-3.64,-4.16,-4.24,-4.9,-5.5,720.805,1265.053,972.985,937.174,0,0,0,0
1397,74,Mujer,9.3,144,50.3,334,0,1,-0.455,212,147,-3.04,36,0,-1.4,1.16,-1.24,-0.105,-0.455,-4.16,-3.04,-3.56,-3.64,-3.72,-4.32,140.49,246.567,189.641,182.661,0,0,0,0
1398,49,Mujer,9.3,120,66.7,195,0,1,-0.899,79,117,-0.55,36,0,0.23,-0.18,-0.91,-0.549,-0.899,-1.67,-0.55,-1.07,-1.15,-1.9,-2.5,262.449,460.612,354.268,341.229,0,0,0,0
1399,63,Mujer,6.7,149,53.3,31,0,0,0.281,41,150,-1.22,36,0,-0.09,2.03,-1.33,0.281,-0.069,-1.22,-0.1,-0.62,-0.7,-0.2,-0.8,879.319,1543.253,1186.957,1143.27,0,0,0,0
1400,70,Hombre,7.8,148,37.3,62,0,1,0.351,88,150,-1.44,36,0,-0.4,-0.87,-1.52,0.701,0.351,-2.56,-1.44,-1.96,-2.04,-0.91,-1.51,711.18,1248.16,959.993,924.66,0,0,0,0
1401,80,Hombre,9.5,120,41.9,273,1,1,0.031,282,122,-4.34,36,0,-0.27,0.37,-0.42,0.381,0.031,-5.46,-4.34,-4.86,-4.94,-4.29,-4.89,29.807,52.313,40.235,38.754,1,0,0,0
1402,44,Mujer,8.1,131,52.1,499,0,1,-0.373,343,116,-0.4,36,0,-0.65,-1.43,-0.97,-0.023,-0.373,-1.53,-0.4,-0.93,-1,-0.96,-1.56,1136.91,1995.339,1534.667,1478.183,0,0,0,0
1403,54,Hombre,7.4,129,42.9,62,1,1,-0.82,27,116,0.81,36,0,0.32,-0.03,0.65,-0.47,-0.82,-0.31,0.81,0.29,0.21,-0.42,-1.02,3360.328,5897.559,4535.968,4369.019,0,0,0,0
1404,74,Mujer,9,117,52.1,379,0,0,0.141,437,117,-4.09,36,0,-0.9,-1.35,0.59,0.141,-0.209,-4.09,-2.97,-3.49,-3.57,-3.28,-3.88,776.281,1362.415,1047.87,1009.302,0,0,0,0
1405,74,Mujer,9.2,140,60,144,1,0,0.033,149,138,-2.98,36,0,-1.5,-1.38,-0.26,0.033,-0.317,-2.98,-1.86,-2.38,-2.46,-2.33,-2.93,471.54,827.579,636.513,613.085,0,0,0,0
1406,59,Hombre,6.7,155,33.9,64,0,1,-0.116,57,157,-0.35,36,0,-1.54,-0.87,-0.38,0.234,-0.116,-1.47,-0.35,-0.87,-0.95,-0.52,-1.12,39.491,69.309,53.308,51.346,0,0,0,0
1407,48,Mujer,7.1,140,57.3,16,0,0,0.43,25,138,-1.69,36,0,-1.51,-1.23,0.54,0.43,0.08,-1.69,-0.57,-1.09,-1.17,-0.45,-1.05,2082.122,3654.237,2810.57,2707.126,0,0,0,0
1408,54,Hombre,7.4,125,45.6,25,0,0,0.644,48,128,-2.97,36,0,-0.63,0.9,0.25,0.644,0.294,-2.97,-1.84,-2.37,-2.44,-1.4,-2,994.396,1745.219,1342.294,1292.89,0,0,0,0
1409,79,Hombre,8.2,145,39.5,27,0,0,0.49,44,143,-6.33,36,0,0.08,-0.18,0.76,0.49,0.14,-6.33,-5.21,-5.73,-5.81,-5,-5.6,275.418,483.374,371.776,358.092,0,0,0,0
1410,41,Hombre,6.8,135,63.7,313,0,1,-0.273,238,129,-2.99,36,0,-1.15,-0.9,0.47,0.077,-0.273,-4.11,-2.99,-3.51,-3.59,-3.39,-3.99,1027.197,1802.787,1386.571,1335.537,0,0,0,0
1411,61,Mujer,5.5,143,44.9,107,0,0,0.099,118,140,-1.69,36,0,0.01,1.02,0.91,0.099,-0.251,-1.69,-0.57,-1.09,-1.17,-0.95,-1.55,215.045,377.415,290.28,279.596,0,0,0,0
1412,70,Mujer,8.6,146,44,73,0,1,-0.069,68,141,-1.33,36,0,-1.59,-0.11,0.8,0.281,-0.069,-2.46,-1.33,-1.86,-1.93,-1.44,-2.04,107.126,188.012,144.605,139.283,0,0,0,0
1413,63,Mujer,9,141,46.6,520,1,1,-0.057,491,130,-2.12,36,0,0.39,-0.22,0.41,0.293,-0.057,-3.25,-2.12,-2.65,-2.72,-2.21,-2.81,459.943,807.225,620.858,598.007,0,0,0,0
1414,64,Mujer,6.4,136,52.7,88,0,0,-0.282,66,148,-1.8,36,0,0.04,-1.52,1.24,-0.282,-0.632,-1.8,-0.67,-1.2,-1.27,-1.62,-2.22,430.558,755.653,581.193,559.801,0,0,0,0
1415,80,Mujer,8.9,120,24.3,18,1,0,0.88,43,111,-4.48,24.18,1,-0.81,-2.36,-0.41,0.88,0.53,-4.48,-3.36,-3.88,-3.96,-2.56,-3.16,24.183,42.443,32.644,31.443,1,0,1,1
1416,60,Hombre,10.1,146,56.9,362,0,0,0.665,704,136,-3.66,36,0,0.2,-0.36,0.41,0.665,0.315,-3.66,-2.53,-3.06,-3.13,-2.06,-2.66,435.839,764.922,588.322,566.668,0,0,0,0
1417,66,Mujer,8.1,118,41.9,235,0,0,0.7,473,117,-3.81,36,0,0.68,-1.08,-0.74,0.7,0.35,-3.81,-2.69,-3.21,-3.29,-2.16,-2.76,695.87,1221.29,939.326,904.754,0,0,0,0
1418,59,Hombre,7.9,152,49.5,169,1,1,-0.441,109,152,-3.51,36,0,1.49,-0.85,-1.06,-0.091,-0.441,-4.63,-3.51,-4.03,-4.11,-4.17,-4.77,56.356,98.908,76.073,73.273,0,0,0,0
1419,69,Mujer,6.3,127,52.2,309,0,0,-0.322,224,139,-2.14,36,0,-2.5,-1.89,-1.9,-0.322,-0.672,-2.14,-1.01,-1.54,-1.61,-2.02,-2.62,2121.678,3723.661,2863.966,2758.556,0,0,0,0
1420,60,Hombre,8.9,145,51.6,30,0,1,-0.854,13,133,-1.53,36,0,-0.43,-1.12,-1.6,-0.504,-0.854,-2.65,-1.53,-2.05,-2.13,-2.81,-3.41,7910.674,13883.665,10678.293,10285.272,0,0,0,0
1421,67,Hombre,8.4,128,52,191,0,0,0.215,237,139,-2.11,36,0,-0.64,-0.07,-0.82,0.215,-0.135,-2.11,-0.99,-1.51,-1.59,-1.19,-1.79,110.356,193.681,148.965,143.482,0,0,0,0
1422,63,Mujer,6.9,127,47,82,0,0,-0.032,79,130,-0.23,36,0,1.45,-0.39,1.34,-0.032,-0.382,-0.23,0.89,0.37,0.29,0.32,-0.28,325.954,572.067,439.992,423.798,0,0,0,0
1423,88,Mujer,6.7,126,48.6,116,0,0,-0.024,113,136,-3.79,36,0,2.89,0.16,1.01,-0.024,-0.374,-3.79,-2.66,-3.19,-3.26,-3.23,-3.83,1168.384,2050.577,1577.153,1519.105,0,0,0,0
1424,81,Mujer,6.2,163,30.6,172,0,0,0.309,234,157,-3.29,36,0,-1.42,-0.19,-1.72,0.309,-0.041,-3.29,-2.16,-2.69,-2.76,-2.23,-2.83,782.525,1373.375,1056.299,1017.421,0,0,0,0
1425,58,Hombre,8.6,127,36.1,387,0,1,-1.133,125,123,-0.76,36,0,0.35,-1.38,-0.19,-0.783,-1.133,-1.89,-0.76,-1.29,-1.36,-2.46,-3.06,1630.798,2862.14,2201.348,2120.326,0,0,0,0
1426,58,Hombre,5.5,117,45.5,14,0,0,-0.346,10,110,1.52,36,0,-2.18,-1.71,1.42,-0.346,-0.696,1.52,2.65,2.12,2.05,1.6,1,7270.03,12759.301,9813.515,9452.322,0,0,0,0
1427,50,Hombre,7.3,136,43.2,89,0,1,-0.46,56,132,-0.98,36,0,-0.08,0.81,-0.89,-0.11,-0.46,-2.11,-0.98,-1.51,-1.58,-1.67,-2.27,513.339,900.939,692.936,667.432,0,0,0,0
1428,53,Hombre,7.3,120,26.5,314,1,0,-0.58,176,116,-3.17,36,0,0.91,-0.4,-1.2,-0.58,-0.93,-3.17,-2.04,-2.57,-2.64,-3.44,-4.04,514.903,903.683,695.046,669.465,0,0,0,0
1429,44,Hombre,9.1,115,59.9,42,0,0,0.663,81,116,-1.68,36,0,-2.32,0.25,0.07,0.663,0.313,-1.68,-0.56,-1.08,-1.16,-0.09,-0.69,413.953,726.51,558.778,538.212,0,0,0,0
1430,70,Hombre,5.5,154,44.7,44,1,1,0.398,66,145,-1.86,21.41,1,-0.91,0.05,0.45,0.748,0.398,-2.99,-1.86,-2.39,-2.46,-1.26,-1.86,12.196,21.405,16.464,15.858,1,1,1,1
1431,54,Hombre,6.9,128,51.3,11,0,0,0.89,27,134,-0.49,36,0,-0.81,-0.7,2.68,0.89,0.54,-0.49,0.63,0.11,0.03,1.44,0.84,914.348,1604.731,1234.241,1188.814,0,0,0,0
1432,63,Mujer,6.3,141,53.6,174,0,0,0.589,314,139,-2.45,36,0,1.18,-0.73,-0.79,0.589,0.239,-2.45,-1.33,-1.85,-1.93,-0.97,-1.57,112.844,198.048,152.324,146.717,0,0,0,0
1433,82,Mujer,7.1,114,30.9,556,1,0,0.084,605,119,-4.84,36,0,-0.61,-1.54,0.23,0.084,-0.266,-4.84,-3.71,-4.24,-4.31,-4.11,-4.71,72.281,126.857,97.569,93.978,0,0,0,0
1434,71,Hombre,6.9,136,44,64,0,0,0.555,111,142,-2.08,36,0,1,-1.27,-0.3,0.555,0.205,-2.08,-0.95,-1.48,-1.55,-0.65,-1.25,916.059,1607.734,1236.55,1191.038,0,0,0,0
1435,51,Hombre,9.2,143,36.2,971,0,1,-0.607,529,139,-1.95,36,0,0.16,0.26,-0.19,-0.257,-0.607,-3.08,-1.95,-2.48,-2.55,-2.86,-3.46,593.64,1041.87,801.33,771.836,0,0,0,0
1436,56,Hombre,8.7,125,73.1,166,1,1,0.655,320,95,-3.16,36,0,-1.61,0.22,0.62,1.005,0.655,-4.28,-3.16,-3.68,-3.76,-2.18,-2.78,173.452,304.417,234.135,225.518,0,0,0,0
1437,45,Hombre,7.8,126,61.4,296,0,1,0.738,619,112,-1.65,36,0,-1.3,0.73,0.26,1.088,0.738,-2.77,-1.65,-2.17,-2.25,-0.54,-1.14,656.975,1153.027,886.823,854.183,0,0,0,0
1438,52,Hombre,7.3,129,49.4,463,0,0,-0.045,443,128,-3.61,36,0,-1.13,-1.44,0.08,-0.045,-0.395,-3.61,-2.49,-3.01,-3.09,-3.08,-3.68,386.215,677.828,521.335,502.147,0,0,0,0
1439,79,Mujer,7.8,141,57.6,1037,1,0,-0.267,794,139,-2.9,36,0,0.31,-1.64,1.38,-0.267,-0.617,-2.9,-1.78,-2.3,-2.38,-2.7,-3.3,48.696,85.463,65.732,63.313,0,0,0,0
1440,69,Mujer,7.6,136,39.4,190,0,1,-0.216,153,142,-1.57,36,0,-0.5,-0.57,-0,0.134,-0.216,-2.7,-1.57,-2.1,-2.17,-1.89,-2.49,103.52,181.684,139.738,134.594,0,0,0,0
1441,50,Hombre,6,142,55.8,30,0,0,0.212,37,154,-2.18,36,0,-0.88,0.47,-0.92,0.212,-0.138,-2.18,-1.06,-1.58,-1.66,-1.26,-1.86,557.745,978.872,752.877,725.166,0,0,0,0
1442,70,Hombre,6.9,145,59.4,88,0,1,-0.663,45,140,-2.06,36,0,-0.09,-1.54,0.7,-0.313,-0.663,-3.19,-2.06,-2.59,-2.66,-3.06,-3.66,54.828,96.226,74.01,71.286,0,0,0,0
1443,71,Hombre,6.7,122,51.1,501,1,1,-0.511,301,108,-1.72,36,0,1.42,0.01,1.63,-0.161,-0.511,-2.84,-1.72,-2.24,-2.32,-2.48,-3.08,1405.672,2467.03,1897.458,1827.621,0,0,0,0
1444,53,Hombre,8.4,119,61.2,103,0,1,0.414,156,109,-2.06,36,0,-0.77,-0.79,0.49,0.764,0.414,-3.19,-2.06,-2.59,-2.66,-1.44,-2.04,1080.489,1896.317,1458.508,1404.826,0,0,0,0
1445,63,Hombre,6.4,135,43.9,11,1,1,0.088,12,129,-0.24,36,0,-0.5,1.31,1.2,0.438,0.088,-1.37,-0.24,-0.77,-0.84,-0.11,-0.71,1316.208,2310.016,1776.694,1711.302,0,0,0,0
1446,65,Mujer,7.7,125,45.9,184,1,1,0.16,216,117,-3.24,36,0,0.52,-0.24,-0.05,0.51,0.16,-4.36,-3.24,-3.76,-3.84,-3,-3.6,20.761,36.437,28.024,26.993,1,0,1,1
1447,67,Mujer,8.6,127,39.8,222,0,0,-0.369,153,132,-1.84,36,0,-1.96,0.66,0.75,-0.369,-0.719,-1.84,-0.72,-1.24,-1.32,-1.8,-2.4,557.9,979.146,753.087,725.369,0,0,0,0
1448,72,Hombre,9.2,158,56.7,28,1,1,0.04,29,146,-1.17,36,0,-0.15,0.21,-0.56,0.39,0.04,-2.29,-1.17,-1.69,-1.77,-1.11,-1.71,646.132,1133.996,872.186,840.085,0,0,0,0
1449,69,Mujer,6.5,148,60.8,175,0,1,0.09,191,135,-0.45,36,0,2.35,1.97,-0.23,0.44,0.09,-1.57,-0.45,-0.97,-1.05,-0.31,-0.91,22.051,38.7,29.765,28.67,1,0,1,1
1450,64,Mujer,8.4,144,48.2,141,0,1,-0.608,77,132,-2.82,36,0,1.09,-0.58,-0.49,-0.258,-0.608,-3.95,-2.82,-3.35,-3.42,-3.73,-4.33,60.515,106.207,81.686,78.68,0,0,0,0
1451,90,Hombre,7,135,46.9,247,0,0,0.244,315,156,-5.01,36,0,-1.64,0.32,-0.85,0.244,-0.106,-5.01,-3.89,-4.41,-4.49,-4.05,-4.65,293.665,515.398,396.406,381.816,0,0,0,0
1452,63,Mujer,5.5,140,48.7,53,0,0,1.376,210,137,-1.56,36,0,-0.26,1.32,0.15,1.376,1.026,-1.56,-0.44,-0.96,-1.04,1.1,0.5,1041.049,1827.097,1405.269,1353.547,0,0,0,0
1453,47,Hombre,7.1,133,58.3,535,0,1,-0.556,307,118,-2.19,36,0,0.24,-0.52,0.18,-0.206,-0.556,-3.32,-2.19,-2.72,-2.79,-3.03,-3.63,1505.022,2641.395,2031.567,1956.794,0,0,0,0
1454,55,Mujer,9.2,140,44.2,665,0,1,-0.722,323,146,-1.78,36,0,0.72,-0.43,0.63,-0.372,-0.722,-2.91,-1.78,-2.31,-2.38,-2.87,-3.47,1137.307,1996.035,1535.203,1478.699,0,0,0,0
1455,60,Mujer,8.5,131,63,36,0,1,0.213,45,131,-1.46,36,0,0.32,-0.46,2.35,0.563,0.213,-2.58,-1.46,-1.98,-2.06,-1.14,-1.74,852.156,1495.58,1150.29,1107.953,0,0,0,0
1456,73,Mujer,7.3,151,41.7,46,0,0,0.432,71,154,-2.68,36,0,-0.58,-0.75,0.2,0.432,0.082,-2.68,-1.56,-2.08,-2.16,-1.44,-2.04,1065.709,1870.377,1438.556,1385.609,0,0,0,0
1457,50,Hombre,7.8,141,36,103,0,1,0.339,145,121,-3.74,36,0,-0.84,-1.1,-0.14,0.689,0.339,-4.86,-3.74,-4.26,-4.34,-3.23,-3.83,1412.069,2478.258,1906.093,1835.938,0,0,0,0
1458,50,Mujer,7.1,135,69.6,197,0,1,-0.437,127,120,-0.58,36,0,-1.13,0.89,-0.06,-0.087,-0.437,-1.71,-0.58,-1.11,-1.18,-1.24,-1.84,358.803,629.72,484.334,466.508,0,0,0,0
1459,61,Hombre,7.8,126,46.1,160,0,0,-0.189,132,130,-1.47,0.53,1,-1.3,0.09,-0.88,-0.189,-0.539,-1.47,-0.34,-0.87,-0.94,-1.15,-1.75,0.534,0.937,0.721,0.694,1,1,1,1
1460,70,Hombre,8.2,101,41.5,549,0,1,-1.175,170,78,1.16,36,0,0.86,-0.75,1.88,-0.825,-1.175,0.03,1.16,0.63,0.56,-0.61,-1.21,374.179,656.704,505.088,486.498,0,0,0,0
1461,72,Mujer,6.6,145,40.5,399,1,0,-0.277,302,154,-2.86,36,0,1.08,0.21,-0.14,-0.277,-0.627,-2.86,-1.73,-2.26,-2.33,-2.67,-3.27,276.068,484.514,372.653,358.937,0,0,0,0
1462,61,Hombre,8.1,172,56.4,48,0,0,0.373,70,185,-4.01,36,0,-0.5,0.53,0.25,0.373,0.023,-4.01,-2.88,-3.41,-3.48,-2.85,-3.45,1286.099,2257.174,1736.052,1672.156,0,0,0,0
1463,55,Mujer,6.7,140,53.3,824,0,0,0.331,1148,144,-4.75,36,0,1.26,-0.72,-0.47,0.331,-0.019,-4.75,-3.62,-4.15,-4.22,-3.65,-4.25,359.371,630.716,485.1,467.246,0,0,0,0
1464,86,Mujer,9.1,151,26.6,4694,1,0,-0.615,2537,150,-4.63,14.12,1,-0.17,-1.79,0.03,-0.615,-0.965,-4.63,-3.5,-4.03,-4.1,-4.95,-5.55,14.122,24.785,19.063,18.361,1,1,1,1
1465,69,Hombre,6.7,153,54.3,126,1,1,0.313,172,140,-2.35,36,0,0.94,-1.28,-0.69,0.663,0.313,-3.47,-2.35,-2.87,-2.95,-1.88,-2.48,288.159,505.736,388.975,374.658,0,0,0,0
1466,65,Mujer,6,112,59.6,102,0,1,0.109,114,126,0.36,36,0,-1.51,-0.23,0.93,0.459,0.109,-0.76,0.36,-0.16,-0.24,0.53,-0.07,1323.028,2321.986,1785.901,1720.17,0,0,0,0
1467,70,Mujer,7.9,112,39.9,141,1,1,-0.668,72,100,-1.43,36,0,1.55,-0.1,-0.77,-0.318,-0.668,-2.56,-1.43,-1.96,-2.03,-2.44,-3.04,1289.869,2263.79,1741.14,1677.057,0,0,0,0
1468,56,Hombre,8,100,44.6,327,0,1,-0.145,283,103,-2.5,36,0,-1.28,-0.1,-0.77,0.205,-0.145,-3.62,-2.5,-3.02,-3.1,-2.72,-3.32,210.931,370.196,284.727,274.248,0,0,0,0
1469,66,Hombre,7.5,135,36,108,0,0,0.164,127,137,-1.69,36,0,-0.46,0.58,-0.16,0.164,-0.186,-1.69,-0.56,-1.09,-1.16,-0.84,-1.44,101.196,177.604,136.6,131.572,0,0,0,0
1470,69,Mujer,7.8,156,55.1,137,0,1,-1.106,45,159,-1.17,36,0,0.58,2.61,0.12,-0.756,-1.106,-2.29,-1.17,-1.69,-1.77,-2.82,-3.42,2766.122,4854.696,3733.875,3596.447,0,0,0,0
1471,57,Hombre,6.8,154,52.5,295,0,0,0.332,411,150,-3.36,36,0,0.22,-1.5,-0.66,0.332,-0.018,-3.36,-2.23,-2.76,-2.83,-2.26,-2.86,447.242,784.934,603.713,581.493,0,0,0,0
1472,61,Hombre,7.7,100,61.6,83,0,0,0.114,93,100,-1.13,36,0,-1.52,-1.17,-0.84,0.114,-0.236,-1.13,-0.01,-0.53,-0.61,-0.36,-0.96,2527.247,4435.456,3411.426,3285.867,0,0,0,0
1473,70,Mujer,9.5,136,44.5,686,0,1,-0.332,492,131,-2.95,36,0,1.63,-1,-1.15,0.018,-0.332,-4.08,-2.95,-3.48,-3.55,-3.45,-4.05,60.269,105.776,81.355,78.361,0,0,0,0
1474,48,Mujer,8.8,127,47.2,80,0,0,0.532,136,130,-3.31,36,0,-1.06,-0.3,0.96,0.532,0.182,-3.31,-2.19,-2.71,-2.79,-1.92,-2.52,202.688,355.729,273.6,263.53,0,0,0,0
1475,75,Mujer,9.3,129,58.4,56,1,0,0.343,79,128,-3.11,36,0,1.06,-0.61,0.85,0.343,-0.007,-3.11,-1.98,-2.51,-2.58,-1.99,-2.59,167.941,294.745,226.696,218.353,0,0,0,0
1476,62,Hombre,6.6,136,61.4,43,0,1,-0.21,35,118,-0.46,36,0,1.28,0.04,-1.83,0.14,-0.21,-1.59,-0.46,-0.99,-1.06,-0.78,-1.38,185.387,325.365,250.247,241.036,0,0,0,0
1477,58,Mujer,7.6,146,47.1,131,0,0,0.4,195,150,-2.25,8.25,1,0.75,0.95,0.23,0.4,0.05,-2.25,-1.12,-1.65,-1.72,-1.05,-1.65,8.248,14.475,11.133,10.724,1,1,1,1
1478,56,Hombre,5.8,140,38.8,225,0,1,-0.16,192,129,-0.21,36,0,0.78,0.89,0.82,0.19,-0.16,-1.33,-0.21,-0.73,-0.81,-0.45,-1.05,1019.406,1789.114,1376.055,1325.408,0,0,0,0
1479,80,Hombre,9.1,167,35.7,45,1,0,-0.1,41,171,-2.96,13.71,1,-0.66,-1.08,-1.28,-0.1,-0.45,-2.96,-1.84,-2.36,-2.44,-2.51,-3.11,13.705,24.053,18.5,17.819,1,1,1,1
1480,60,Mujer,7,123,24.1,134,0,0,0.191,162,126,-2.49,36,0,0.38,-0.15,-0.16,0.191,-0.159,-2.49,-1.37,-1.89,-1.97,-1.61,-2.21,324.425,569.383,437.928,421.81,0,0,0,0
1481,64,Mujer,7.2,128,39.8,62,0,0,0.122,70,135,-1.2,36,0,-0.41,-2.92,-1.02,0.122,-0.228,-1.2,-0.07,-0.6,-0.67,-0.41,-1.01,981.301,1722.238,1324.618,1275.865,0,0,0,0
1482,58,Hombre,7.4,128,41.1,126,0,0,-0.569,71,134,-0.14,36,0,-0.5,0.12,1.23,-0.569,-0.919,-0.14,0.99,0.46,0.39,-0.39,-0.99,1004.151,1762.339,1355.462,1305.573,0,0,0,0
1483,55,Hombre,8.9,150,43.7,457,1,0,-0.359,319,153,-4.8,36,0,0.92,0.6,-0.63,-0.359,-0.709,-4.8,-3.67,-4.2,-4.27,-4.74,-5.34,306.027,537.095,413.094,397.889,0,0,0,0
1484,70,Mujer,6.2,142,35.4,193,0,0,0.013,196,146,-3.85,36,0,-0.22,-0.25,-0.92,0.013,-0.337,-3.85,-2.72,-3.25,-3.32,-3.23,-3.83,158.969,278.999,214.586,206.688,0,0,0,0
1485,63,Hombre,8.5,147,52.1,99,1,0,0.838,229,140,-5.06,36,0,1.28,0.73,-1.17,0.838,0.488,-5.06,-3.93,-4.46,-4.53,-3.2,-3.8,123.719,217.134,167.003,160.857,0,0,0,0
1486,66,Hombre,7.1,146,36.6,333,0,0,0.221,415,133,-3.44,36,0,-1.46,-1.26,-0.73,0.221,-0.129,-3.44,-2.32,-2.84,-2.92,-2.51,-3.11,91.562,160.696,123.596,119.047,0,0,0,0
1487,57,Hombre,8.2,154,39.7,97,1,0,0.475,156,156,-2.83,36,0,-0.55,-1.84,-0.84,0.475,0.125,-2.83,-1.71,-2.23,-2.31,-1.52,-2.12,458.721,805.08,619.208,596.418,0,0,0,0
1488,74,Hombre,7.5,107,45.4,50,0,0,-0.18,42,111,-1.81,36,0,0.66,-0.42,0.41,-0.18,-0.53,-1.81,-0.69,-1.21,-1.29,-1.48,-2.08,746.672,1310.45,1007.902,970.805,0,0,0,0
1489,69,Mujer,8.1,152,43.4,483,0,0,0.249,620,162,-2.93,36,0,0.3,-0.63,-0.34,0.249,-0.101,-2.93,-1.8,-2.33,-2.4,-1.95,-2.55,646.298,1134.287,872.41,840.301,0,0,0,0
1490,68,Hombre,8.7,132,40.6,156,0,0,0.708,317,121,-2.83,36,0,0.26,-0.81,0.49,0.708,0.358,-2.83,-1.71,-2.23,-2.31,-1.17,-1.77,437.344,767.563,590.353,568.625,0,0,0,0
1491,68,Hombre,6.4,159,37.3,299,0,1,0.176,357,153,-2.91,0.72,1,1.27,1.03,0.61,0.526,0.176,-4.04,-2.91,-3.44,-3.51,-2.65,-3.25,0.413,0.724,0.557,0.537,1,1,1,1
1492,76,Mujer,5.5,139,34,185,0,0,0.154,216,145,-2.72,36,0,-0.08,-0.18,-0.9,0.154,-0.196,-2.72,-1.59,-2.12,-2.19,-1.89,-2.49,336.158,589.976,453.766,437.065,0,0,0,0
1493,72,Hombre,7.4,150,55.6,74,0,0,0.315,101,155,-3.43,36,0,2.17,0.57,-1.17,0.315,-0.035,-3.43,-2.3,-2.83,-2.9,-2.36,-2.96,119.05,208.939,160.7,154.785,0,0,0,0
1494,59,Mujer,6.8,159,62.9,60,1,1,-1.262,17,154,-1.69,36,0,-1.22,0.93,0.11,-0.912,-1.262,-2.82,-1.69,-2.22,-2.29,-3.59,-4.19,1925.069,3378.601,2598.571,2502.929,0,0,0,0
1495,68,Mujer,9.3,117,47.6,104,0,0,0.25,133,114,-4.53,36,0,-1.22,0.4,-0.96,0.25,-0.1,-4.53,-3.4,-3.93,-4,-3.55,-4.15,303.678,532.972,409.923,394.836,0,0,0,0
1496,64,Hombre,7,132,57.9,115,1,0,-0.592,64,120,-1.76,36,0,-0.43,1.52,1.26,-0.592,-0.942,-1.76,-0.63,-1.16,-1.23,-2.05,-2.65,270.199,474.215,364.731,351.307,0,0,0,0
1497,82,Hombre,8.3,109,37.2,123,1,1,-0.157,105,112,-2.92,36,0,-0.83,-0.85,0.91,0.193,-0.157,-4.05,-2.92,-3.45,-3.52,-3.16,-3.76,31.495,55.275,42.513,40.948,1,0,0,0
1498,51,Mujer,5.8,146,39.1,199,0,1,-0.324,144,137,-1.36,36,0,0.67,0.94,-0.35,0.026,-0.324,-2.48,-1.36,-1.88,-1.96,-1.84,-2.44,372.731,654.164,503.135,484.617,0,0,0,0
1499,67,Hombre,8.1,148,57.2,466,0,1,-1.082,158,146,-1.73,36,0,0.28,-0.51,-0.92,-0.732,-1.082,-2.85,-1.73,-2.25,-2.33,-3.35,-3.95,206.601,362.596,278.882,268.618,0,0,0,0
1500,56,Mujer,9.7,133,53,96,0,0,0.764,206,127,-5.49,36,0,0.38,-0.99,0.54,0.764,0.414,-5.49,-4.36,-4.89,-4.96,-3.74,-4.34,263.749,462.894,356.024,342.92,0,0,0,0
1501,46,Hombre,7.9,132,43.4,106,0,1,-0.18,89,133,-1.72,36,0,0.26,1.53,0.77,0.17,-0.18,-2.84,-1.72,-2.24,-2.32,-1.99,-2.59,1174.309,2060.977,1585.152,1526.809,0,0,0,0
1502,59,Hombre,7.8,126,46.7,309,1,0,-0.534,181,132,-1.36,36,0,0.73,-0.26,-0.88,-0.534,-0.884,-1.36,-0.23,-0.76,-0.83,-1.56,-2.16,192.467,337.791,259.804,250.241,0,0,0,0
1503,54,Hombre,8,129,41.6,205,0,0,0.207,252,138,-1.61,36,0,-0.4,0.43,-0.24,0.207,-0.143,-1.61,-0.48,-1.01,-1.08,-0.69,-1.29,188.655,331.099,254.657,245.284,0,0,0,0
1504,65,Mujer,6.4,133,55.8,142,0,0,0.022,145,127,-0.49,36,0,-0.59,-0.79,-1.16,0.022,-0.328,-0.49,0.63,0.11,0.03,0.14,-0.46,1947.068,3417.211,2628.267,2531.532,0,0,0,0
1505,68,Hombre,5.9,151,67.6,293,1,1,0.21,361,150,-3.66,2.48,1,-0.09,0.86,0.97,0.56,0.21,-4.78,-3.66,-4.18,-4.26,-3.34,-3.94,1.413,2.48,1.907,1.837,1,1,1,1
1506,65,Mujer,8,156,59.3,311,0,0,0.826,710,161,-3.71,36,0,0.37,0.46,0.63,0.826,0.476,-3.71,-2.59,-3.11,-3.19,-1.87,-2.47,1061.438,1862.882,1432.792,1380.057,0,0,0,0
1507,64,Hombre,7.7,136,42.1,137,1,0,0.603,250,126,-3.3,36,0,1.1,-1.23,1.96,0.603,0.253,-3.3,-2.18,-2.7,-2.78,-1.8,-2.4,96.009,168.5,129.598,124.828,0,0,0,0
1508,71,Hombre,6.4,156,46.3,75,0,0,-0.408,50,160,-1.3,36,0,0.28,0.42,-0.47,-0.408,-0.758,-1.3,-0.17,-0.7,-0.77,-1.31,-1.91,367.614,645.183,496.227,477.963,0,0,0,0
1509,59,Hombre,6,152,57.5,122,0,0,0.468,195,152,-1.61,36,0,1.68,-1.37,1.84,0.468,0.118,-1.61,-0.49,-1.01,-1.09,-0.31,-0.91,1590.034,2790.597,2146.321,2067.325,0,0,0,0
1510,37,Mujer,6.7,127,49.8,287,0,1,-0.138,250,116,0.58,36,0,-0.95,-0.03,0.69,0.212,-0.138,-0.55,0.58,0.05,-0.02,0.37,-0.23,413.904,726.425,558.712,538.149,0,0,0,0
1511,75,Hombre,6,129,30.1,247,0,0,-0.383,168,123,-1.85,31.17,1,0.64,-0.33,-1.18,-0.383,-0.733,-1.85,-0.73,-1.25,-1.33,-1.83,-2.43,31.169,54.703,42.073,40.525,1,0,0,0
1512,63,Mujer,8.9,121,53.8,162,1,1,0.02,165,119,-0.97,16.23,1,-0.54,0.99,-0.69,0.37,0.02,-2.09,-0.97,-1.49,-1.57,-0.94,-1.54,9.249,16.233,12.485,12.025,1,1,1,1
1513,71,Hombre,6,145,46.7,230,0,0,-0.701,114,144,-1.93,36,0,-0.94,0.81,-0.57,-0.701,-1.051,-1.93,-0.81,-1.33,-1.41,-2.38,-2.98,727.09,1276.083,981.469,945.345,0,0,0,0
1514,69,Hombre,8.3,139,43.7,437,0,0,0.336,612,150,-2.84,7.75,1,0.25,-0.89,-0.28,0.336,-0.014,-2.84,-1.71,-2.24,-2.31,-1.73,-2.33,7.747,13.596,10.457,10.072,1,1,1,1
1515,63,Hombre,9.7,129,59.5,87,0,0,1.115,265,127,-3.66,36,0,0.91,0.11,-0.4,1.115,0.765,-3.66,-2.54,-3.06,-3.14,-1.39,-1.99,71.338,125.202,96.296,92.752,0,0,0,0
1516,71,Hombre,10.3,146,47.8,143,0,0,0.719,294,151,-5.38,36,0,1.34,0.17,1.11,0.719,0.369,-5.38,-4.25,-4.78,-4.85,-3.7,-4.3,234.303,411.214,316.275,304.635,0,0,0,0
1517,51,Hombre,10.6,145,35.3,1912,0,1,-0.036,1845,141,-3.17,33.71,1,-1.7,0.15,1.29,0.314,-0.036,-4.29,-3.17,-3.69,-3.77,-3.22,-3.82,19.206,33.707,25.925,24.971,1,1,1,1
1518,69,Mujer,8.8,115,37.2,68,0,0,-0.1,62,117,-3.45,36,0,0.67,-0.54,0.31,-0.1,-0.45,-3.45,-2.33,-2.85,-2.93,-3,-3.6,715.115,1255.067,965.305,929.776,0,0,0,0
1519,77,Hombre,8.8,143,46.5,61,1,1,-0.133,53,138,-3.18,36,0,0.6,0.6,-0.53,0.217,-0.133,-4.3,-3.18,-3.7,-3.78,-3.38,-3.98,595.308,1044.798,803.582,774.005,0,0,0,0
1520,79,Hombre,7.5,129,45.8,26,0,0,0.54,45,136,-2.94,36,0,-0.41,-1.69,-0.08,0.54,0.19,-2.94,-1.82,-2.34,-2.42,-1.53,-2.13,509.515,894.227,687.773,662.459,0,0,0,0
1521,59,Hombre,6.5,143,37.4,312,0,0,0.58,557,145,-5.35,36,0,-0.86,-0.8,0.79,0.58,0.23,-5.35,-4.22,-4.75,-4.82,-3.88,-4.48,92.784,162.84,125.245,120.635,0,0,0,0
1522,61,Hombre,7.9,143,36.4,636,0,0,0.578,1133,140,-4.04,36,0,-0.8,1.51,-0.2,0.578,0.228,-4.04,-2.92,-3.44,-3.52,-2.57,-3.17,155.314,272.585,209.652,201.936,0,0,0,0
1523,75,Mujer,7.7,121,46.1,94,0,1,-0.669,48,115,-1.31,36,0,1.54,0.01,0.01,-0.319,-0.669,-2.43,-1.31,-1.83,-1.91,-2.31,-2.91,235.656,413.588,318.102,306.394,0,0,0,0
1524,59,Hombre,9.1,116,66.8,235,1,1,-1.049,82,118,-1.04,36,0,-2.55,0.17,0.33,-0.699,-1.049,-2.17,-1.04,-1.57,-1.64,-2.62,-3.22,2540.433,4458.599,3429.226,3303.012,0,0,0,0
1525,69,Mujer,7.8,130,49.7,124,1,1,-0.45,79,135,0.2,36,0,0.66,-0.06,1.12,-0.1,-0.45,-0.92,0.2,-0.32,-0.4,-0.47,-1.07,418.221,734.001,564.539,543.761,0,0,0,0
1526,62,Hombre,7.1,159,56.9,44,1,0,0.577,78,153,-5.53,36,0,2.48,-0.61,-1.68,0.577,0.227,-5.53,-4.4,-4.93,-5,-4.06,-4.66,508.619,892.655,686.564,661.295,0,0,0,0
1527,57,Mujer,7.8,136,36,127,0,0,0.887,308,128,-2.79,36,0,-0.86,-0.75,-0.13,0.887,0.537,-2.79,-1.67,-2.19,-2.27,-0.86,-1.46,462.651,811.978,624.514,601.528,0,0,0,0
1528,65,Hombre,8.8,105,36.7,201,1,0,0.019,205,101,-1.39,36,0,0.24,-1.03,1.26,0.019,-0.331,-1.39,-0.27,-0.79,-0.87,-0.76,-1.36,574.595,1008.446,775.623,747.075,0,0,0,0
1529,62,Hombre,7.4,124,53.8,159,1,0,0.258,206,134,-2.44,36,0,1.24,0.76,-2.43,0.258,-0.092,-2.44,-1.32,-1.84,-1.92,-1.46,-2.06,132.96,233.352,179.477,172.871,0,0,0,0
1530,60,Mujer,6.3,144,68.7,14,0,1,-0.452,9,145,0.01,36,0,1.75,-0.63,-0.25,-0.102,-0.452,-1.11,0.01,-0.51,-0.59,-0.67,-1.27,5216.322,9154.931,7041.299,6782.14,0,0,0,0
1531,58,Hombre,6.8,119,51.9,179,0,0,-0.194,147,118,0.43,36,0,-1.37,0.86,-0.56,-0.194,-0.544,0.43,1.56,1.03,0.96,0.74,0.14,321.624,564.467,434.146,418.167,0,0,0,0
1532,71,Hombre,6.3,126,53.2,114,1,1,-0.824,50,123,-0.11,36,0,0.82,1.78,0.12,-0.474,-0.824,-1.23,-0.11,-0.63,-0.71,-1.34,-1.94,2081.577,3653.281,2809.835,2706.417,0,0,0,0
1533,82,Hombre,10.2,129,46.6,1029,0,0,-0.114,919,138,-3.19,36,0,1.12,0.03,-3.36,-0.114,-0.464,-3.19,-2.06,-2.59,-2.66,-2.76,-3.36,447.374,785.166,603.892,581.665,0,0,0,0
1534,60,Mujer,10,115,56.6,188,0,0,0.021,192,141,-1.63,36,0,-0.25,-0.3,1.2,0.021,-0.329,-1.63,-0.51,-1.03,-1.11,-1,-1.6,136.233,239.097,183.895,177.127,0,0,0,0
1535,52,Hombre,8.8,137,59.1,47,0,1,-0.418,31,124,-0.95,36,0,0.28,-1.03,-1.8,-0.068,-0.418,-2.08,-0.95,-1.48,-1.55,-1.58,-2.18,2122.133,3724.459,2864.58,2759.147,0,0,0,0
1536,55,Hombre,6.9,119,35.5,83,0,1,-0.061,78,106,-0.75,36,0,-0.38,-1.09,-0.11,0.289,-0.061,-1.88,-0.75,-1.28,-1.35,-0.84,-1.44,423.919,744,572.23,551.169,0,0,0,0
1537,66,Hombre,8.6,141,32.7,93,1,0,-0.067,87,153,-3.69,36,0,-0.99,0.52,1.87,-0.067,-0.417,-3.69,-2.56,-3.09,-3.16,-3.19,-3.79,271.267,476.088,366.172,352.695,0,0,0,0
1538,64,Hombre,9.3,141,41.8,54,0,0,0.016,55,137,-3.22,36,0,-0.62,-0.37,0.54,0.016,-0.334,-3.22,-2.1,-2.62,-2.7,-2.6,-3.2,860.594,1510.389,1161.68,1118.924,0,0,0,0
1539,53,Hombre,8.6,149,55.8,103,1,1,-0.201,84,139,-2.42,36,0,-2,1.17,-1.21,0.149,-0.201,-3.54,-2.42,-2.94,-3.02,-2.72,-3.32,448.82,787.703,605.843,583.545,0,0,0,0
1540,66,Mujer,8.8,113,36.3,239,1,0,0.564,420,110,-4.85,36,0,-0.31,-0.45,-0.44,0.564,0.214,-4.85,-3.73,-4.25,-4.33,-3.41,-4.01,209.303,367.338,282.529,272.13,0,0,0,0
1541,63,Hombre,5.5,132,36.8,125,1,0,1.401,507,120,-4.73,36,0,-0.34,1.85,1.26,1.401,1.051,-4.73,-3.61,-4.13,-4.21,-2.03,-2.63,73.041,128.191,98.595,94.966,0,0,0,0
1542,67,Hombre,6.9,128,33.2,489,0,0,0.004,491,114,-1.74,36,0,-0.53,0.48,0.21,0.004,-0.346,-1.74,-0.62,-1.14,-1.22,-1.14,-1.74,94.999,166.728,128.235,123.515,0,0,0,0
1543,63,Mujer,6.5,139,44.4,292,0,0,-0.238,230,140,-2.62,36,0,0.42,-1.8,0.8,-0.238,-0.588,-2.62,-1.49,-2.02,-2.09,-2.38,-2.98,359.722,631.332,485.574,467.702,0,0,0,0
1544,49,Hombre,7.7,167,33.1,61,1,1,0.763,131,156,-3.09,36,0,-0.5,0.56,1.43,1.113,0.763,-4.21,-3.09,-3.61,-3.69,-1.94,-2.54,239.414,420.185,323.175,311.281,0,0,0,0
1545,78,Mujer,5.6,140,20,288,1,0,0.24,366,128,-2.47,36,0,2.72,-0.28,0.04,0.24,-0.11,-2.47,-1.35,-1.87,-1.95,-1.51,-2.11,473.778,831.506,639.533,615.995,0,0,0,0
1546,78,Mujer,8.7,139,53.2,391,0,1,-0.488,240,121,-2.11,36,0,-1.07,0.35,-0.61,-0.138,-0.488,-3.23,-2.11,-2.63,-2.71,-2.84,-3.44,67.788,118.971,91.504,88.136,0,0,0,0
1547,64,Mujer,7.9,116,40.2,131,0,0,-0.244,103,119,0.42,36,0,-0.24,-0.9,-0.73,-0.244,-0.594,0.42,1.54,1.02,0.94,0.65,0.05,346.078,607.386,467.157,449.963,0,0,0,0
1548,80,Hombre,9.2,136,46.4,156,0,0,0.019,159,137,-4.49,36,0,-1.79,0.02,1.11,0.019,-0.331,-4.49,-3.37,-3.89,-3.97,-3.86,-4.46,2449.829,4299.584,3306.924,3185.21,0,0,0,0
1549,73,Mujer,5.8,127,43.1,162,1,0,-0.653,84,126,-0.26,36,0,-0.64,1.04,-0.3,-0.653,-1.003,-0.26,0.86,0.34,0.26,-0.64,-1.24,314.071,551.212,423.952,408.348,0,0,0,0
1550,54,Mujer,10,146,58.8,271,0,1,-0.426,177,136,-2.56,36,0,-0.94,-1.58,-0.46,-0.076,-0.426,-3.69,-2.56,-3.09,-3.16,-3.2,-3.8,521.655,915.534,704.161,678.244,0,0,0,0
1551,72,Hombre,9.8,121,47.1,495,0,1,-0.23,393,122,-3.65,36,0,0.45,-0.58,-0.43,0.12,-0.23,-4.78,-3.65,-4.18,-4.25,-4,-4.6,98.219,172.379,132.581,127.702,0,0,0,0
1552,53,Hombre,6.8,136,48.3,175,0,1,0.627,327,126,-1.88,36,0,1.63,0.75,0.83,0.977,0.627,-3.01,-1.88,-2.41,-2.48,-0.94,-1.54,289.035,507.273,390.157,375.797,0,0,0,0
1553,61,Hombre,10.1,142,67.1,134,1,1,-0.091,122,142,-4.31,36,0,-1.61,1.18,-0.65,0.259,-0.091,-5.43,-4.31,-4.83,-4.91,-4.44,-5.04,408.772,717.417,551.785,531.476,0,0,0,0
1554,69,Mujer,9.6,139,27.6,127,0,0,0.952,329,143,-4.41,36,0,0.63,0.56,0.8,0.952,0.602,-4.41,-3.29,-3.81,-3.89,-2.39,-2.99,723.228,1269.305,976.256,940.324,0,0,0,0
1555,77,Mujer,8.4,127,42.6,109,0,0,0.869,260,117,-2.52,36,0,2.03,-0.56,1.67,0.869,0.519,-2.52,-1.4,-1.92,-2,-0.62,-1.22,1291.659,2266.931,1743.557,1679.384,0,0,0,0
1556,56,Mujer,8.5,124,58.1,106,0,0,-0.427,69,121,-0.06,36,0,0.34,-1.87,0.26,-0.427,-0.777,-0.06,1.06,0.54,0.46,-0.11,-0.71,3822.395,6708.512,5159.693,4969.788,0,0,0,0
1557,66,Hombre,8.2,129,52.7,252,0,1,-1.123,82,115,0.41,36,0,1.91,-0.89,-1.45,-0.773,-1.123,-0.71,0.41,-0.11,-0.19,-1.27,-1.87,1683.612,2954.831,2272.639,2188.993,0,0,0,0
1558,76,Mujer,7.8,110,38.3,9,0,0,0.727,19,107,-1.25,36,0,-2.16,-0.85,-0.89,0.727,0.377,-1.25,-0.13,-0.65,-0.73,0.44,-0.16,507.427,890.563,684.955,659.745,0,0,0,0
1559,64,Hombre,8.8,131,51.3,464,0,0,0.808,1041,133,-4.15,36,0,-0.03,-0.98,-0.2,0.808,0.458,-4.15,-3.03,-3.55,-3.63,-2.34,-2.94,511.189,897.164,690.033,664.636,0,0,0,0
1560,46,Mujer,8.9,145,39.3,49,0,0,0.618,91,157,-1.66,36,0,0.88,-0.15,-0.93,0.618,0.268,-1.66,-0.54,-1.06,-1.14,-0.14,-0.74,347.199,609.352,468.669,451.419,0,0,0,0
1561,73,Mujer,6.8,120,39.5,106,0,0,0.543,182,108,-2.17,36,0,-0.44,0.63,0.28,0.543,0.193,-2.17,-1.04,-1.57,-1.64,-0.75,-1.35,36.15,63.445,48.797,47.001,0,0,0,0
1562,70,Hombre,7.5,145,48.9,338,1,1,-0.444,217,141,-3.24,36,0,0.7,-0.01,1.81,-0.094,-0.444,-4.36,-3.24,-3.76,-3.84,-3.9,-4.5,502.229,881.44,677.938,652.986,0,0,0,0
1563,73,Mujer,8.8,143,50.5,64,0,0,1.399,259,141,-3.78,24.42,1,-0.46,1.11,-1.2,1.399,1.049,-3.78,-2.65,-3.18,-3.25,-1.08,-1.68,24.424,42.866,32.969,31.756,1,0,1,1
1564,63,Mujer,8.4,149,52.1,352,0,1,-0.343,250,144,-2.56,36,0,-1.61,-1.92,1.41,0.007,-0.343,-3.68,-2.56,-3.08,-3.16,-3.07,-3.67,214.634,376.694,289.725,279.062,0,0,0,0
1565,76,Hombre,8.4,136,33.5,163,0,0,0.374,237,124,-3.48,36,0,0.71,0.56,-0.36,0.374,0.024,-3.48,-2.36,-2.88,-2.96,-2.32,-2.92,153.34,269.121,206.988,199.37,0,0,0,0
1566,66,Mujer,6.6,142,43.2,155,0,0,0.665,301,134,-2.58,36,0,0.54,-1.39,-0.45,0.665,0.315,-2.58,-1.46,-1.98,-2.06,-0.99,-1.59,604.229,1060.455,815.624,785.605,0,0,0,0
1567,64,Mujer,6.8,168,38.8,270,0,0,0.531,459,159,-3.46,36,0,0.42,-0.73,2.53,0.531,0.181,-3.46,-2.33,-2.86,-2.93,-2.06,-2.66,459.143,805.821,619.778,596.967,0,0,0,0
1568,63,Mujer,8.7,139,49.8,120,1,1,-0.253,93,134,-2.28,36,0,0.97,0.02,-1.79,0.097,-0.253,-3.4,-2.28,-2.8,-2.88,-2.66,-3.26,993.271,1743.244,1340.775,1291.427,0,0,0,0
1569,87,Hombre,6.2,119,33.7,125,0,0,0.025,128,122,-0.36,36,0,0.57,-2.51,-0.05,0.025,-0.325,-0.36,0.77,0.24,0.17,0.28,-0.32,643.657,1129.654,868.847,836.868,0,0,0,0
1570,72,Hombre,8.5,141,39.6,281,0,1,-0.161,239,132,-1.93,36,0,0.71,-0.74,-0.78,0.189,-0.161,-3.06,-1.93,-2.46,-2.53,-2.17,-2.77,171.378,300.779,231.337,222.822,0,0,0,0
1571,40,Mujer,8.7,133,43.9,294,0,1,-0.136,257,128,-2.27,36,0,-1.5,0.29,-1.24,0.214,-0.136,-3.4,-2.27,-2.8,-2.87,-2.48,-3.08,427.674,750.591,577.299,556.051,0,0,0,0
1572,59,Mujer,9.9,139,58.1,463,1,1,-0.182,386,133,-3.64,36,0,-0.71,-0.48,-2.06,0.168,-0.182,-4.77,-3.64,-4.17,-4.24,-3.92,-4.52,380.586,667.95,513.738,494.829,0,0,0,0
1573,72,Mujer,7.7,171,42.8,65,0,1,-0.335,47,165,-2.51,36,0,-1.77,-0.32,1.41,0.015,-0.335,-3.63,-2.51,-3.03,-3.11,-3.01,-3.61,180.912,317.51,244.205,235.217,0,0,0,0
1574,58,Hombre,6.8,144,35.9,353,0,1,-1.021,127,135,-2.66,36,0,-1.06,1.02,0.46,-0.671,-1.021,-3.79,-2.66,-3.19,-3.26,-4.19,-4.79,724.591,1271.697,978.096,942.096,0,0,0,0
1575,56,Mujer,6.9,134,32,440,1,0,0.127,500,143,-2.88,36,0,-0.25,0.67,0.07,0.127,-0.223,-2.88,-1.75,-2.28,-2.35,-2.09,-2.69,221.144,388.119,298.513,287.526,0,0,0,0
1576,56,Mujer,8.8,164,41.6,137,0,0,0.742,288,164,-4.2,36,0,-1.01,-0.31,0.8,0.742,0.392,-4.2,-3.08,-3.6,-3.68,-2.49,-3.09,44.21,77.592,59.678,57.481,0,0,0,0
1577,68,Hombre,7.7,126,36.4,51,0,0,0.343,72,124,-3.72,36,0,-1.36,0.46,1.16,0.343,-0.007,-3.72,-2.59,-3.12,-3.19,-2.6,-3.2,123.991,217.611,167.37,161.21,0,0,0,0
1578,59,Hombre,9.5,149,50.6,408,0,1,-0.471,255,141,-2.03,36,0,-0.24,-0.16,-1.99,-0.121,-0.471,-3.16,-2.03,-2.56,-2.63,-2.74,-3.34,393.589,690.77,531.289,511.735,0,0,0,0
1579,64,Hombre,8.4,135,38.6,176,0,1,-0.202,144,144,-1.38,36,0,0.8,0.12,-0.38,0.148,-0.202,-2.5,-1.38,-1.9,-1.98,-1.68,-2.28,858.875,1507.372,1159.36,1116.689,0,0,0,0
1580,63,Mujer,7.8,124,46.4,452,0,0,-0.007,449,111,-3.15,36,0,0.92,-0.61,0.88,-0.007,-0.357,-3.15,-2.02,-2.55,-2.62,-2.56,-3.16,572.181,1004.209,772.364,743.936,0,0,0,0
1581,62,Hombre,10.3,147,51.8,68,0,1,-0.181,57,145,-1.29,36,0,0.15,-0.61,-0.02,0.169,-0.181,-2.42,-1.29,-1.82,-1.89,-1.56,-2.16,177.603,311.703,239.739,230.915,0,0,0,0
1582,59,Mujer,9.2,128,53.3,59,1,0,-0.369,41,131,-1.8,36,0,0.07,2.08,0.37,-0.369,-0.719,-1.8,-0.67,-1.2,-1.27,-1.75,-2.35,1653.261,2901.564,2231.67,2149.532,0,0,0,0
1583,56,Hombre,8.5,117,59.6,13,0,0,1.045,37,121,-2.05,36,0,-1.24,-0.13,0.91,1.045,0.695,-2.05,-0.92,-1.45,-1.52,0.12,-0.48,1565.507,2747.55,2113.213,2035.435,0,0,0,0
1584,79,Mujer,8.9,131,46.2,287,1,1,-1.381,72,118,-0.27,36,0,0.71,-1.13,-0.09,-1.031,-1.381,-1.4,-0.27,-0.8,-0.87,-2.35,-2.95,329.522,578.329,444.808,428.436,0,0,0,0
1585,73,Mujer,8,124,45.2,95,1,1,0.139,109,123,-1.02,36,0,-0.33,-0.86,0.15,0.489,0.139,-2.14,-1.02,-1.54,-1.62,-0.81,-1.41,552.312,969.338,745.544,718.103,0,0,0,0
1586,65,Hombre,7.4,110,45.8,89,0,1,-1.456,21,113,1.74,36,0,-0.28,-0.83,-0.48,-1.106,-1.456,0.61,1.74,1.21,1.14,-0.45,-1.05,9689.441,17005.499,13079.378,12597.983,0,0,0,0
1587,65,Hombre,11.1,124,43.8,49,0,1,-0.001,49,116,-2.04,36,0,0.57,-1.06,-0.46,0.349,-0.001,-3.16,-2.04,-2.56,-2.64,-2.04,-2.64,1206.016,2116.624,1627.951,1568.034,0,0,0,0
1588,66,Hombre,7.2,132,49.7,374,0,1,-0.075,347,139,-2.83,36,0,1.45,-0.33,0.62,0.275,-0.075,-3.96,-2.83,-3.36,-3.43,-2.94,-3.54,559.677,982.264,755.485,727.679,0,0,0,0
1589,82,Mujer,5.9,146,40.2,55,0,0,0.516,92,146,-4.82,36,0,1.65,-0.79,-0.94,0.516,0.166,-4.82,-3.7,-4.22,-4.3,-3.45,-4.05,176.624,309.985,238.418,229.643,0,0,0,0
1590,60,Mujer,7.4,128,56,252,0,1,-0.623,135,121,-2.47,36,0,-1.4,1.43,-0.41,-0.273,-0.623,-3.6,-2.47,-3,-3.07,-3.41,-4.01,250.421,439.503,338.033,325.592,0,0,0,0
1591,52,Hombre,8.8,125,37.8,324,1,0,0.525,547,116,-4.95,7.8,1,-1.63,1.06,0.91,0.525,0.175,-4.95,-3.82,-4.35,-4.42,-3.56,-4.16,7.799,13.688,10.528,10.141,1,1,1,1
1592,65,Hombre,5.5,125,46.6,36,1,0,-0.007,36,114,-0.95,36,0,1.22,1.25,0.99,-0.007,-0.357,-0.95,0.18,-0.35,-0.42,-0.36,-0.96,3199.693,5615.636,4319.133,4160.165,0,0,0,0
1593,70,Hombre,8.5,179,27.2,3955,1,1,-0.435,2559,165,-3.84,36,0,0.03,0.86,0.93,-0.085,-0.435,-4.97,-3.84,-4.37,-4.44,-4.49,-5.09,30.244,53.08,40.825,39.322,1,0,0,0
1594,65,Hombre,7.6,120,44.9,142,0,1,-0.183,118,126,-2.26,36,0,-0.11,-0.17,-0.52,0.167,-0.183,-3.38,-2.26,-2.78,-2.86,-2.53,-3.13,253.387,444.708,342.037,329.448,0,0,0,0
1595,60,Mujer,9.1,150,43.5,372,0,1,0.103,413,157,-4.78,36,0,-1.24,2.06,-0.54,0.453,0.103,-5.91,-4.78,-5.31,-5.38,-4.63,-5.23,308.218,540.94,416.051,400.738,0,0,0,0
1596,73,Hombre,7,118,38.1,147,0,0,-0.168,124,118,-1.46,36,0,-1.42,-0.98,0.49,-0.168,-0.518,-1.46,-0.34,-0.86,-0.94,-1.12,-1.72,263.972,463.285,356.325,343.21,0,0,0,0
1597,79,Hombre,8.8,129,34.4,29,1,0,0.337,41,131,-4.05,36,0,-2.19,-1.96,-0.47,0.337,-0.013,-4.05,-2.93,-3.45,-3.53,-2.95,-3.55,68.631,120.451,92.642,89.232,0,0,0,0
1598,65,Mujer,6.2,151,69.3,25,0,1,0.723,51,141,-3.04,36,0,0.45,-0.37,-0.29,1.073,0.723,-4.17,-3.04,-3.57,-3.64,-1.96,-2.56,940.996,1651.5,1270.212,1223.461,0,0,0,0
1599,83,Mujer,7,132,43.9,34,0,0,-0.714,17,135,-1.46,36,0,1.19,1.83,0.81,-0.714,-1.064,-1.46,-0.33,-0.86,-0.93,-1.93,-2.53,73.199,128.468,98.808,95.171,0,0,0,0
1600,50,Hombre,6.1,115,55,45,1,1,-0.635,24,106,-0.08,36,0,0.43,-1.4,-2.17,-0.285,-0.635,-1.21,-0.08,-0.61,-0.68,-1.03,-1.63,3095.486,5432.747,4178.469,4024.678,0,0,0,0
1601,56,Hombre,7.6,122,55,108,0,1,-0.391,73,126,1.19,36,0,-0.24,0.41,-1.73,-0.041,-0.391,0.06,1.19,0.66,0.59,0.6,0,1737.419,3049.266,2345.271,2258.952,0,0,0,0
1602,75,Mujer,8,152,48.8,428,1,1,-0.364,298,136,-1.63,23.14,1,0.15,-1.13,0.56,-0.014,-0.364,-2.75,-1.63,-2.15,-2.23,-2.17,-2.77,13.185,23.14,17.797,17.142,1,1,1,1
1603,58,Mujer,9,147,47.2,707,0,1,-0.88,293,143,-1.44,36,0,-2.07,1.88,0.99,-0.53,-0.88,-2.57,-1.44,-1.97,-2.04,-2.76,-3.36,75.544,132.584,101.974,98.22,0,0,0,0
1604,76,Mujer,8.1,126,47.4,340,1,1,-0.78,156,107,-0.96,36,0,1.06,1.47,0.73,-0.43,-0.78,-2.09,-0.96,-1.49,-1.56,-2.13,-2.73,125.925,221.006,169.981,163.725,0,0,0,0
1605,57,Mujer,9.5,157,41.8,354,0,1,-0.333,254,154,-2.5,36,0,-0.25,1.36,0.15,0.017,-0.333,-3.63,-2.5,-3.03,-3.1,-3,-3.6,204.916,359.639,276.608,266.427,0,0,0,0
1606,76,Hombre,7.2,163,54.8,144,0,1,-0.411,95,162,-2.23,36,0,-0.55,-1.45,0.14,-0.061,-0.411,-3.35,-2.23,-2.75,-2.83,-2.85,-3.45,29.24,51.318,39.47,38.018,1,0,0,0
1607,60,Mujer,7.1,129,46.8,34,0,0,0.08,37,119,-1.43,36,0,-1.02,0.89,0.5,0.08,-0.27,-1.43,-0.3,-0.83,-0.9,-0.71,-1.31,1843.033,3234.623,2487.834,2396.268,0,0,0,0
1608,64,Mujer,8.2,155,44.6,232,1,0,-0.067,217,153,-4.1,36,0,-0.8,-0.67,0.38,-0.067,-0.417,-4.1,-2.97,-3.5,-3.57,-3.6,-4.2,460.992,809.066,622.274,599.371,0,0,0,0
1609,68,Hombre,8.1,113,54.4,42,0,0,0.337,59,118,-0.7,36,0,-0.85,0.96,-1.98,0.337,-0.013,-0.7,0.42,-0.1,-0.18,0.4,-0.2,725.776,1273.777,979.695,943.637,0,0,0,0
1610,52,Mujer,8.5,150,58.2,202,0,1,-0.21,164,143,-1.55,36,0,-0.38,-0.14,1.83,0.14,-0.21,-2.68,-1.55,-2.08,-2.15,-1.87,-2.47,145.458,255.287,196.348,189.121,0,0,0,0
1611,64,Hombre,7.1,134,48.4,19,1,1,0.66,37,128,-0.84,36,0,1.27,1.72,-0.85,1.01,0.66,-1.96,-0.84,-1.36,-1.44,0.15,-0.45,40.856,71.705,55.15,53.12,0,0,0,0
1612,64,Mujer,9.6,158,39.3,529,0,1,-0.271,403,163,-2.7,36,0,1.32,0.18,-0.88,0.079,-0.271,-3.82,-2.7,-3.22,-3.3,-3.1,-3.7,82.986,145.645,112.019,107.896,0,0,0,0
1613,76,Hombre,9.3,151,42,476,0,1,-0.906,192,147,-3.07,36,0,1.29,-0.05,-0.06,-0.556,-0.906,-4.19,-3.07,-3.59,-3.67,-4.43,-5.03,312.495,548.446,421.825,406.299,0,0,0,0
1614,54,Mujer,9.9,133,23.8,1690,0,1,-0.955,651,136,-2.29,36,0,-0.37,0.03,-0.13,-0.605,-0.955,-3.41,-2.29,-2.81,-2.89,-3.72,-4.32,40.413,70.927,54.552,52.544,0,0,0,0
1615,77,Hombre,10.2,139,38.4,647,1,1,-0.763,302,112,-2.32,36,0,1.5,0.26,1.65,-0.413,-0.763,-3.44,-2.32,-2.84,-2.92,-3.46,-4.06,316.952,556.268,427.84,412.093,0,0,0,0
1616,63,Mujer,6.8,129,50.1,32,0,1,-0.576,18,122,-0.35,36,0,-0.1,-0.87,0.15,-0.226,-0.576,-1.47,-0.35,-0.87,-0.95,-1.21,-1.81,489.413,858.946,660.638,636.323,0,0,0,0
1617,60,Mujer,7.3,128,60.5,38,1,1,-0.042,36,118,-1.22,36,0,0.85,-2.23,1.84,0.308,-0.042,-2.35,-1.22,-1.75,-1.82,-1.29,-1.89,835.373,1466.126,1127.636,1086.133,0,0,0,0
1618,73,Hombre,6.4,131,61.7,31,1,0,0.329,43,115,-2.87,36,0,-0.95,-0.71,-1.05,0.329,-0.021,-2.87,-1.75,-2.27,-2.35,-1.78,-2.38,273.623,480.224,369.353,355.759,0,0,0,0
1619,67,Hombre,5.9,134,54.3,225,0,1,-0.681,114,129,-0.19,36,0,-0.75,0.85,2.45,-0.331,-0.681,-1.32,-0.19,-0.72,-0.79,-1.21,-1.81,78.02,136.928,105.315,101.439,0,0,0,0
1620,73,Hombre,9.1,136,47.8,320,1,1,-0.259,247,121,-2.52,36,0,0.72,-0.61,-0.07,0.091,-0.259,-3.64,-2.52,-3.04,-3.12,-2.91,-3.51,43.485,76.319,58.699,56.538,0,0,0,0
1621,80,Mujer,9.4,110,52.1,153,1,1,0.563,269,93,-3.61,36,0,1.27,-1.74,1.33,0.913,0.563,-4.74,-3.61,-4.14,-4.21,-2.77,-3.37,143.934,252.613,194.291,187.14,0,0,0,0
1622,63,Hombre,7.2,125,62,153,0,1,0.449,240,118,-0.56,36,0,0.29,-0.08,0.61,0.799,0.449,-1.69,-0.56,-1.09,-1.16,0.11,-0.49,593.904,1042.335,801.687,772.181,0,0,0,0
1623,46,Mujer,8.2,155,48.3,104,0,1,-0.085,96,156,-1.95,36,0,-2.48,2.3,-2.52,0.265,-0.085,-3.08,-1.95,-2.48,-2.55,-2.08,-2.68,618.991,1086.363,835.55,804.797,0,0,0,0
1624,59,Hombre,8.4,141,33.5,26,0,0,0.062,28,129,-3.07,36,0,-0.49,-0.77,1.03,0.062,-0.288,-3.07,-1.94,-2.47,-2.54,-2.37,-2.97,107.972,189.498,145.748,140.383,0,0,0,0
1625,62,Mujer,6,138,45.6,88,0,0,0.577,157,143,-3.29,36,0,-1.2,0.85,-0.61,0.577,0.227,-3.29,-2.16,-2.69,-2.76,-1.82,-2.42,162.804,285.73,219.762,211.674,0,0,0,0
1626,65,Hombre,7.6,108,46.9,185,1,1,-0.335,132,99,-0.62,36,0,0.97,0.38,0.97,0.015,-0.335,-1.74,-0.62,-1.14,-1.22,-1.12,-1.72,1063.093,1865.787,1435.026,1382.209,0,0,0,0
1627,48,Mujer,8,145,63.2,53,0,0,-0.188,44,144,-2.67,36,0,-1.07,-0.53,-0.1,-0.188,-0.538,-2.67,-1.54,-2.07,-2.14,-2.35,-2.95,8484.617,14890.966,11453.035,11031.499,0,0,0,0
1628,57,Hombre,8.1,114,39.1,54,0,0,-0.106,49,121,-3.15,36,0,-2.17,-0.77,0.06,-0.106,-0.456,-3.15,-2.02,-2.55,-2.62,-2.71,-3.31,1138.977,1998.967,1537.458,1480.871,0,0,0,0
1629,59,Hombre,8.1,127,42.8,562,0,0,-0.53,331,144,-2.68,36,0,0.17,0.36,0.42,-0.53,-0.88,-2.68,-1.55,-2.08,-2.15,-2.88,-3.48,64.138,112.566,86.577,83.391,0,0,0,0
1630,62,Mujer,7.6,121,52.6,43,0,1,0.463,68,104,-1.97,36,0,-1.21,-0.63,0.98,0.813,0.463,-3.1,-1.97,-2.5,-2.57,-1.28,-1.88,533.771,936.797,720.515,693.996,0,0,0,0
1631,58,Mujer,8.5,144,64.4,108,0,1,-0.312,79,126,-3.09,36,0,-1.66,0.98,0.49,0.038,-0.312,-4.21,-3.09,-3.61,-3.69,-3.56,-4.16,1624.247,2850.642,2192.504,2111.808,0,0,0,0
1632,59,Mujer,7.7,123,42.3,833,0,1,0.411,1257,119,-4.91,36,0,-1.59,1.14,-0.08,0.761,0.411,-6.03,-4.91,-5.43,-5.51,-4.29,-4.89,108.807,190.962,146.874,141.468,0,0,0,0
1633,82,Mujer,7.2,136,42.7,180,0,0,0.223,225,148,-4.71,36,0,0.79,0.54,0.34,0.223,-0.127,-4.71,-3.59,-4.11,-4.19,-3.78,-4.38,214.58,376.599,289.652,278.992,0,0,0,0
1634,62,Mujer,7.6,147,48,122,0,0,-0.087,112,146,-2.38,36,0,0.88,-0.61,1.29,-0.087,-0.437,-2.38,-1.26,-1.78,-1.86,-1.91,-2.51,388.515,681.864,524.44,505.138,0,0,0,0
1635,51,Mujer,5.5,121,52.4,62,0,0,-0.593,34,114,-1.69,36,0,-0.37,1.55,-1.22,-0.593,-0.943,-1.69,-0.57,-1.09,-1.17,-1.98,-2.58,736.209,1292.087,993.778,957.202,0,0,0,0
1636,53,Mujer,9.5,141,42.5,64,1,0,-0.059,60,146,-3.23,36,0,0.98,1.62,-0.66,-0.059,-0.409,-3.23,-2.11,-2.63,-2.71,-2.72,-3.32,382.891,671.994,516.848,497.825,0,0,0,0
1637,64,Hombre,7.5,148,36.2,48,0,0,-0.198,39,153,-2.87,36,0,1.18,-1.1,-1.15,-0.198,-0.548,-2.87,-1.74,-2.27,-2.34,-2.57,-3.17,60.532,106.236,81.709,78.702,0,0,0,0
1638,83,Hombre,7.4,113,43.9,92,1,0,-0.714,45,117,-1.25,36,0,3.01,0.09,0.93,-0.714,-1.064,-1.25,-0.13,-0.65,-0.73,-1.72,-2.32,1862.903,3269.497,2514.656,2422.103,0,0,0,0
1639,70,Mujer,7.7,125,31.7,163,0,0,0.293,218,107,-4.7,36,0,-0.58,-0.39,0.12,0.293,-0.057,-4.7,-3.57,-4.1,-4.17,-3.66,-4.26,121.411,213.083,163.888,157.856,0,0,0,0
1640,51,Mujer,8.7,133,49.8,164,0,0,-0.183,137,128,-2.47,36,0,0.19,0.57,0.78,-0.183,-0.533,-2.47,-1.35,-1.87,-1.95,-2.15,-2.75,49.152,86.264,66.348,63.906,0,0,0,0
1641,63,Mujer,5.5,149,40.5,54,1,0,0.194,66,154,-3.2,36,0,1.07,1.29,0.04,0.194,-0.156,-3.2,-2.08,-2.6,-2.68,-2.31,-2.91,329.106,577.599,444.247,427.896,0,0,0,0
1642,56,Mujer,7.8,121,51.2,44,0,0,0.157,51,125,-0.46,36,0,0.76,-1.04,0.59,0.157,-0.193,-0.46,0.66,0.14,0.06,0.37,-0.23,39.692,69.662,53.579,51.607,0,0,0,0
1643,53,Hombre,6.3,153,52.1,139,1,0,0.756,296,156,-3.35,36,0,0.31,-0.88,-0.61,0.756,0.406,-3.35,-2.22,-2.75,-2.82,-1.61,-2.21,49.287,86.501,66.53,64.081,0,0,0,0
1644,65,Mujer,7.9,119,38.1,87,1,0,-0.3,64,119,-2.06,36,0,-1.59,0.82,0.94,-0.3,-0.65,-2.06,-0.93,-1.46,-1.53,-1.91,-2.51,459.205,805.929,619.861,597.047,0,0,0,0
1645,88,Hombre,6.1,151,41.9,822,1,0,0.347,1164,149,-4.36,36,0,2.33,-0.91,0.2,0.347,-0.003,-4.36,-3.24,-3.76,-3.84,-3.24,-3.84,72.067,126.482,97.28,93.7,0,0,0,0
1646,78,Mujer,7.5,166,46.5,462,1,1,-0.494,282,139,-2.94,36,0,0.25,-0.17,-0.91,-0.144,-0.494,-4.07,-2.94,-3.47,-3.54,-3.68,-4.28,125.79,220.769,169.799,163.55,0,0,0,0
1647,50,Hombre,6.8,113,42.3,38,0,0,0.037,39,99,-2.39,36,0,1.16,-2.19,-1.14,0.037,-0.313,-2.39,-1.26,-1.79,-1.86,-1.73,-2.33,225.979,396.605,305.039,293.812,0,0,0,0
1648,68,Mujer,8.2,137,67.2,9,0,0,-0.15,8,124,-0.1,36,0,1.13,-1.77,-0.07,-0.15,-0.5,-0.1,1.03,0.5,0.43,0.28,-0.32,2153.408,3779.349,2906.797,2799.811,0,0,0,0
1649,70,Mujer,7,152,52.5,129,0,0,0.561,226,149,-4.01,36,0,0.46,1.89,-1.74,0.561,0.211,-4.01,-2.89,-3.41,-3.49,-2.57,-3.17,39.818,69.882,53.748,51.77,0,0,0,0
1650,73,Hombre,7.3,109,47.4,111,0,0,0.682,220,102,-2.21,36,0,0.67,-0.12,0.88,0.682,0.332,-2.21,-1.09,-1.61,-1.69,-0.59,-1.19,168.981,296.571,228.101,219.705,0,0,0,0
1651,68,Mujer,6.3,144,53,441,1,0,0.192,534,135,-3.46,36,0,0.75,-0.19,0.51,0.192,-0.158,-3.46,-2.33,-2.86,-2.93,-2.57,-3.17,81.229,142.561,109.648,105.612,0,0,0,0
1652,79,Hombre,7.4,136,33.4,42,0,0,0.468,67,147,-3.87,36,0,0.86,0.7,-2.42,0.468,0.118,-3.87,-2.74,-3.27,-3.34,-2.57,-3.17,42.965,75.407,57.997,55.863,0,0,0,0
1653,51,Mujer,8.8,135,60.8,397,0,1,0.59,716,134,-3.93,36,0,-0.12,0.36,-1.24,0.94,0.59,-5.06,-3.93,-4.46,-4.53,-3.05,-3.65,421.032,738.934,568.333,547.416,0,0,0,0
1654,72,Mujer,7,114,50.3,90,0,0,0.557,157,121,-2.68,36,0,-0.33,-1.3,0.78,0.557,0.207,-2.68,-1.56,-2.08,-2.16,-1.25,-1.85,1615.96,2836.098,2181.318,2101.033,0,0,0,0
1655,61,Hombre,7.4,133,43.8,36,1,1,-0.709,18,125,0.07,36,0,1.97,-1.58,-0.7,-0.359,-0.709,-1.06,0.07,-0.46,-0.53,-1,-1.6,173.171,303.925,233.757,225.153,0,0,0,0
1656,59,Hombre,6.9,142,49.7,72,0,1,-0.701,36,145,-1.11,36,0,0.18,-1.36,1.53,-0.351,-0.701,-2.23,-1.11,-1.63,-1.71,-2.16,-2.76,498.642,875.144,673.096,648.323,0,0,0,0
1657,75,Hombre,9.1,151,34.7,82,0,0,-0.111,73,155,-4.9,36,0,0.36,-0.08,-1.61,-0.111,-0.461,-4.9,-3.77,-4.3,-4.37,-4.46,-5.06,1152.67,2022.999,1555.942,1498.675,0,0,0,0
1658,85,Hombre,8,119,48.6,91,0,1,-0.123,80,108,-0.31,36,0,0.26,1.03,0.3,0.227,-0.123,-1.43,-0.31,-0.83,-0.91,-0.49,-1.09,1477.892,2593.78,1994.945,1921.52,0,0,0,0
1659,68,Hombre,6.7,143,63.8,105,0,1,0.59,189,121,-1.45,36,0,0.19,0.7,-0.59,0.94,0.59,-2.57,-1.45,-1.97,-2.05,-0.56,-1.16,93.258,163.672,125.884,121.251,0,0,0,0
1660,72,Mujer,7.8,124,29.3,1087,1,1,-0.542,632,115,-1.8,20.23,1,1.61,-0.38,0.33,-0.192,-0.542,-2.92,-1.8,-2.32,-2.4,-2.61,-3.21,11.528,20.233,15.561,14.989,1,1,1,1
1661,60,Hombre,6.4,127,33.5,134,0,0,0.604,245,134,-1.29,36,0,0.3,0.07,-2.64,0.604,0.254,-1.29,-0.17,-0.69,-0.77,0.21,-0.39,733.1,1286.63,989.581,953.159,0,0,0,0
1662,67,Mujer,8.6,174,57.7,178,0,1,0.598,324,178,-3.45,36,0,0.78,0.5,0.66,0.948,0.598,-4.58,-3.45,-3.98,-4.05,-2.56,-3.16,360.249,632.257,486.286,468.388,0,0,0,0
1663,50,Mujer,9.6,136,56.6,878,0,1,-0.4,589,122,-2.66,36,0,-0.86,1,2.38,-0.05,-0.4,-3.78,-2.66,-3.18,-3.26,-3.26,-3.86,1049.483,1841.901,1416.654,1364.514,0,0,0,0
1664,66,Mujer,6.5,127,44.4,13,0,1,0.216,16,107,-1.35,36,0,0.25,0.91,-0.23,0.566,0.216,-2.47,-1.35,-1.87,-1.95,-1.02,-1.62,611.822,1073.781,825.873,795.476,0,0,0,0
1665,79,Mujer,6.9,141,32.5,129,0,0,-0.669,66,139,-2.03,36,0,-0.01,0.14,0.18,-0.669,-1.019,-2.03,-0.91,-1.43,-1.51,-2.44,-3.04,1663.622,2919.748,2245.655,2163.003,0,0,0,0
1666,78,Hombre,6.1,125,45.9,277,0,0,-0.285,208,120,-0.57,36,0,1.61,-1.76,1.99,-0.285,-0.635,-0.57,0.56,0.03,-0.04,-0.39,-0.99,1743.923,3060.68,2354.05,2267.407,0,0,0,0
1667,63,Hombre,7.2,124,46.1,127,1,0,-1.394,32,124,-0.16,36,0,0.54,0.76,1.34,-1.394,-1.744,-0.16,0.97,0.44,0.37,-1.65,-2.25,2029.842,3562.483,2740,2639.152,0,0,0,0
1668,65,Hombre,8.5,147,25,108,0,0,0.639,205,143,-3.24,6.61,1,0.44,1.68,0.99,0.639,0.289,-3.24,-2.11,-2.64,-2.71,-1.68,-2.28,6.609,11.599,8.921,8.592,1,1,1,1
1669,50,Mujer,7.1,127,41.5,18,0,0,0.988,48,125,-2.93,36,0,-0.73,-1.35,-0.59,0.988,0.638,-2.93,-1.81,-2.33,-2.41,-0.85,-1.45,1164.657,2044.037,1572.122,1514.259,0,0,0,0
1670,43,Hombre,5.6,128,41.5,163,1,1,-0.821,72,148,-1.58,36,0,-0.24,-0.19,0.17,-0.471,-0.821,-2.7,-1.58,-2.1,-2.18,-2.81,-3.41,2305.137,4045.641,3111.609,2997.085,0,0,0,0
1671,70,Mujer,6.8,144,49.7,233,0,0,0.629,437,129,-4.01,36,0,3.11,-0.87,0.27,0.629,0.279,-4.01,-2.88,-3.41,-3.48,-2.47,-3.07,979.646,1719.332,1322.383,1273.712,0,0,0,0
1672,56,Hombre,5.5,129,51,65,0,0,-0.602,36,133,2.46,36,0,-0.35,0.21,-1.69,-0.602,-0.952,2.46,3.58,3.06,2.98,2.16,1.56,3630.39,6371.533,4900.514,4720.148,0,0,0,0
1673,65,Hombre,7.9,135,50,63,0,0,0.191,76,139,-4.26,36,0,1.71,-1.11,0.73,0.191,-0.159,-4.26,-3.14,-3.66,-3.74,-3.38,-3.98,362.424,636.075,489.222,471.216,0,0,0,0
1674,70,Mujer,6.5,124,34.5,79,0,0,0.91,196,128,-3.73,36,0,0.53,1.25,-0.58,0.91,0.56,-3.73,-2.6,-3.13,-3.2,-1.76,-2.36,1674.354,2938.583,2260.142,2176.956,0,0,0,0
1675,79,Hombre,5.6,144,41.1,149,1,1,-0.324,108,147,-1.96,36,0,-0.33,0.79,-1.06,0.026,-0.324,-3.09,-1.96,-2.49,-2.56,-2.45,-3.05,90.694,159.173,122.424,117.918,0,0,0,0
1676,77,Hombre,8.5,130,36,456,0,0,0.212,564,125,-3.6,36,0,0.11,0.21,-1.41,0.212,-0.138,-3.6,-2.47,-3,-3.07,-2.68,-3.28,271.164,475.908,366.034,352.562,0,0,0,0
1677,74,Hombre,7.1,157,46.8,153,0,0,0.16,180,154,-3.74,36,0,0.58,0.55,-0.13,0.16,-0.19,-3.74,-2.62,-3.14,-3.22,-2.9,-3.5,50.848,89.241,68.638,66.111,0,0,0,0
1678,61,Hombre,8,138,56.1,52,0,0,0.533,89,145,-1.36,36,0,-0.24,0.59,-0.65,0.533,0.183,-1.36,-0.24,-0.76,-0.84,0.04,-0.56,51.572,90.512,69.615,67.053,0,0,0,0
1679,75,Hombre,8.2,133,61,190,0,1,-0.457,120,104,-1.29,36,0,1.63,0.84,0.59,-0.107,-0.457,-2.42,-1.29,-1.82,-1.89,-1.98,-2.58,219.682,385.553,296.539,285.625,0,0,0,0
1680,55,Mujer,8.8,133,55.4,47,0,0,0.209,58,132,-1.4,36,0,-1.1,-0.35,0.97,0.209,-0.141,-1.4,-0.27,-0.8,-0.87,-0.48,-1.08,365.224,640.987,493,474.855,0,0,0,0
1681,55,Hombre,8.8,138,43.9,302,0,1,-0.077,280,134,-1.42,36,0,-2.01,0.84,-0.78,0.273,-0.077,-2.54,-1.42,-1.94,-2.02,-1.53,-2.13,162.886,285.873,219.873,211.78,0,0,0,0
1682,52,Hombre,7.2,125,53.5,146,1,1,-0.407,97,118,-2.32,36,0,-1.05,0.3,-0.36,-0.057,-0.407,-3.45,-2.32,-2.85,-2.92,-2.93,-3.53,810.165,1421.883,1093.608,1053.357,0,0,0,0
1683,64,Hombre,5.5,149,53.1,171,0,0,0.12,193,136,-3.06,36,0,0.83,0.82,-0.97,0.12,-0.23,-3.06,-1.94,-2.46,-2.54,-2.28,-2.88,1256.589,2205.383,1696.218,1633.788,0,0,0,0
1684,70,Hombre,6.9,121,40,40,1,1,0.424,61,117,-1.73,36,0,0.68,0.08,-1.95,0.774,0.424,-2.85,-1.73,-2.25,-2.33,-1.09,-1.69,639.448,1122.266,863.165,831.395,0,0,0,0
1685,75,Mujer,6.7,144,48.6,290,0,0,-0.166,246,146,-3.48,36,0,0.45,0.58,0.44,-0.166,-0.516,-3.48,-2.36,-2.88,-2.96,-3.13,-3.73,208.971,366.756,282.082,271.7,0,0,0,0
1686,74,Mujer,6.4,155,27.3,301,0,0,-0.167,255,153,-1.58,36,0,-0.98,0.41,0.81,-0.167,-0.517,-1.58,-0.46,-0.98,-1.06,-1.23,-1.83,336.267,590.167,453.913,437.206,0,0,0,0
1687,66,Mujer,7,134,58.3,32,0,0,0.158,37,119,-1.86,36,0,0.16,-1.58,-0.3,0.158,-0.192,-1.86,-0.73,-1.26,-1.33,-1.02,-1.62,417.908,733.451,564.116,543.354,0,0,0,0
1688,61,Hombre,7.7,141,55.7,228,0,0,0.515,382,137,-2.8,36,0,1.48,1.33,1.26,0.515,0.165,-2.8,-1.68,-2.2,-2.28,-1.43,-2.03,336.653,590.845,454.435,437.709,0,0,0,0
1689,64,Mujer,7.4,157,43.6,91,0,1,0.321,126,161,-2.5,25.12,1,-0.3,-0.37,0.58,0.671,0.321,-3.63,-2.5,-3.03,-3.1,-2.02,-2.62,14.313,25.121,19.321,18.61,1,1,1,1
1690,70,Hombre,6.1,123,28.8,162,0,0,0.613,299,116,-3.97,36,0,-0.18,-0.75,0.93,0.613,0.263,-3.97,-2.84,-3.37,-3.44,-2.45,-3.05,519.59,911.909,701.373,675.559,0,0,0,0
1691,75,Mujer,8.1,149,38.2,55,1,0,0.768,119,155,-5.29,36,0,0.16,1.15,-0.71,0.768,0.418,-5.29,-4.17,-4.69,-4.77,-3.54,-4.14,158.753,278.62,214.294,206.406,0,0,0,0
1692,57,Hombre,7.5,157,45.4,18,0,0,0.47,29,148,-3.4,36,0,1.25,1.23,0.45,0.47,0.12,-3.4,-2.28,-2.8,-2.88,-2.1,-2.7,1660.499,2914.267,2241.439,2158.942,0,0,0,0
1693,53,Hombre,8.8,140,39.8,273,1,0,0.524,461,133,-3.88,36,0,0.59,0.26,1.04,0.524,0.174,-3.88,-2.75,-3.28,-3.35,-2.49,-3.09,108.561,190.531,146.543,141.149,0,0,0,0
1694,44,Hombre,6.7,156,53.2,290,0,1,0.319,399,160,-3.11,36,0,0.65,0.24,1.05,0.669,0.319,-4.24,-3.11,-3.64,-3.71,-2.63,-3.23,665.902,1168.694,898.873,865.79,0,0,0,0
1695,51,Hombre,7.8,133,54.3,177,0,1,0.148,205,127,-2.34,36,0,-1.33,-1.54,1.24,0.498,0.148,-3.46,-2.34,-2.86,-2.94,-2.11,-2.71,70.344,123.458,94.955,91.46,0,0,0,0
1696,57,Mujer,7.5,127,54.6,101,0,0,0.049,106,119,-1.38,36,0,-0.87,-0.88,1.3,0.049,-0.301,-1.38,-0.25,-0.78,-0.85,-0.7,-1.3,980.066,1720.069,1322.95,1274.258,0,0,0,0
1697,58,Mujer,6.9,104,41.1,49,0,0,-0.366,34,113,-0.83,36,0,-1.43,2.17,0.03,-0.366,-0.716,-0.83,0.29,-0.23,-0.31,-0.78,-1.38,788.856,1384.486,1064.844,1025.652,0,0,0,0
1698,66,Hombre,6.1,131,53.6,86,0,0,0.449,135,134,-1.45,36,0,-0.25,-1.24,0.29,0.449,0.099,-1.45,-0.33,-0.85,-0.93,-0.18,-0.78,1691.068,2967.917,2282.704,2198.687,0,0,0,0
1699,56,Mujer,8.1,130,42.8,137,1,0,0.338,192,147,-3.57,36,0,0.91,-0.42,1.44,0.338,-0.012,-3.57,-2.44,-2.97,-3.04,-2.46,-3.06,88.347,155.053,119.255,114.866,0,0,0,0
1700,61,Hombre,7.7,105,46,207,0,1,-0.664,107,100,0.47,20.83,1,0.51,-0.78,0.85,-0.314,-0.664,-0.66,0.47,-0.06,-0.13,-0.53,-1.13,11.87,20.832,16.023,15.433,1,1,1,1
1701,54,Hombre,8.2,135,61.6,358,0,1,-0.334,256,128,-0.68,36,0,-0.65,0.23,0.61,0.016,-0.334,-1.81,-0.68,-1.21,-1.28,-1.18,-1.78,225.239,395.306,304.04,292.85,0,0,0,0
1702,53,Hombre,8,151,52.1,981,0,1,-1.32,262,149,-1.16,36,0,0.13,0.14,0.75,-0.97,-1.32,-2.28,-1.16,-1.68,-1.76,-3.14,-3.74,587.903,1031.802,793.586,764.378,0,0,0,0
1703,61,Hombre,7.3,132,62.9,182,0,1,-0.619,98,126,0.5,36,0,-1.13,-0.45,-0.47,-0.269,-0.619,-0.62,0.5,-0.02,-0.1,-0.42,-1.02,299.786,526.14,404.668,389.774,0,0,0,0
1704,50,Hombre,10.7,144,37.2,338,0,1,-0.147,292,141,-2.78,36,0,1.09,-0.18,0.77,0.203,-0.147,-3.9,-2.78,-3.3,-3.38,-3,-3.6,69.186,121.425,93.391,89.954,0,0,0,0
1705,57,Hombre,7.9,146,44.2,295,0,1,-0.204,240,137,-1.52,36,0,-0.02,-0.15,1.14,0.146,-0.204,-2.65,-1.52,-2.05,-2.12,-1.83,-2.43,1168.345,2050.509,1577.101,1519.055,0,0,0,0
1706,88,Mujer,8.3,148,39.3,541,0,1,-0.632,288,152,-2.21,36,0,0.14,0.93,-0.81,-0.282,-0.632,-3.33,-2.21,-2.73,-2.81,-3.16,-3.76,142.713,250.468,192.642,185.551,0,0,0,0
1707,66,Hombre,7.4,128,38.7,39,1,0,0.204,48,120,-2.55,36,0,0.12,-0.51,0.93,0.204,-0.146,-2.55,-1.42,-1.95,-2.02,-1.64,-2.24,122.602,215.173,165.495,159.404,0,0,0,0
1708,58,Mujer,8.2,149,34.1,769,0,1,-0.951,297,151,-1.23,36,0,0.72,0.57,0.48,-0.601,-0.951,-2.36,-1.23,-1.76,-1.83,-2.66,-3.26,418.893,735.18,565.446,544.635,0,0,0,0
1709,63,Hombre,7.8,129,62.7,172,0,0,0.287,229,142,-1.49,36,0,0.1,1.1,0.12,0.287,-0.063,-1.49,-0.37,-0.89,-0.97,-0.46,-1.06,42.88,75.257,57.882,55.752,0,0,0,0
1710,71,Hombre,6.1,131,37.6,74,1,0,0.378,108,111,-1.7,36,0,-0.34,-0.57,-1.27,0.378,0.028,-1.7,-0.58,-1.1,-1.18,-0.53,-1.13,47.898,84.063,64.655,62.275,0,0,0,0
1711,67,Mujer,7.8,141,20,553,0,0,0.277,729,127,-3.26,36,0,1.15,-0.89,-0.16,0.277,-0.073,-3.26,-2.14,-2.66,-2.74,-2.25,-2.85,155.017,272.063,209.251,201.549,0,0,0,0
1712,62,Mujer,8.1,161,43.7,496,0,1,-0.154,425,146,-2.74,33.67,1,-0.65,-1.03,-0.61,0.196,-0.154,-3.86,-2.74,-3.26,-3.34,-2.97,-3.57,19.186,33.672,25.898,24.945,1,1,1,1
1713,50,Hombre,7.6,136,55.8,84,0,1,0.105,93,130,-0.23,36,0,0.39,0.55,-0.88,0.455,0.105,-1.35,-0.23,-0.75,-0.83,-0.07,-0.67,241.088,423.123,325.435,313.457,0,0,0,0
1714,61,Hombre,8.3,113,45.9,247,0,1,-0.764,115,96,0.08,36,0,0.96,-0.92,0.13,-0.414,-0.764,-1.05,0.08,-0.45,-0.52,-1.07,-1.67,1705.477,2993.205,2302.153,2217.421,0,0,0,0
1715,75,Hombre,6.4,138,41.5,156,1,0,0.453,245,133,-3.88,36,0,1.57,-1.6,0.1,0.453,0.103,-3.88,-2.75,-3.28,-3.35,-2.6,-3.2,260.496,457.185,351.633,338.691,0,0,0,0
1716,65,Hombre,7.9,151,35.9,192,1,0,-0.363,134,153,-4.4,36,0,0.61,-0.12,-0.33,-0.363,-0.713,-4.4,-3.27,-3.8,-3.87,-4.34,-4.94,234.154,410.954,316.075,304.442,0,0,0,0
1717,68,Hombre,7.7,162,50.6,259,1,1,-0.27,198,141,-3.61,36,0,-0.38,-0.77,-0.44,0.08,-0.27,-4.73,-3.61,-4.13,-4.21,-4.01,-4.61,77.065,135.253,104.026,100.198,0,0,0,0
1718,65,Hombre,6.1,138,54.4,143,0,1,-0.638,76,137,-0.47,36,0,-1.39,-0.71,-0.82,-0.288,-0.638,-1.6,-0.47,-1,-1.07,-1.43,-2.03,170.081,298.501,229.585,221.135,0,0,0,0
1719,70,Hombre,7.5,133,38.3,72,0,0,-0.388,49,131,-2.25,36,0,-1.19,-0.36,0.23,-0.388,-0.738,-2.25,-1.13,-1.65,-1.73,-2.23,-2.83,91.565,160.701,123.599,119.05,0,0,0,0
1720,83,Mujer,9.4,149,50.5,728,0,1,-0.135,636,150,-3.14,36,0,-0.78,-1.62,0.05,0.215,-0.135,-4.27,-3.14,-3.67,-3.74,-3.35,-3.95,123.454,216.669,166.646,160.512,0,0,0,0
1721,69,Hombre,8.6,114,44.5,57,0,1,-0.211,46,117,0.66,36,0,0.89,-0.45,0.89,0.139,-0.211,-0.47,0.66,0.13,0.06,0.34,-0.26,303.474,532.614,409.647,394.57,0,0,0,0
1722,49,Mujer,7.8,95,59.8,68,0,1,0.002,68,83,0.65,36,0,-1.36,0.15,2.42,0.352,0.002,-0.47,0.65,0.13,0.05,0.66,0.06,184.894,324.498,249.58,240.394,0,0,0,0
1723,67,Mujer,8.5,152,37.8,170,0,1,-0.759,80,156,0.32,36,0,-0.78,0.56,-0.52,-0.409,-0.759,-0.81,0.32,-0.21,-0.28,-0.82,-1.42,969.359,1701.278,1308.498,1260.338,0,0,0,0
1724,60,Hombre,7,135,33.2,200,1,1,0.538,342,123,-3.4,36,0,-1.37,0.73,0.36,0.888,0.538,-4.53,-3.4,-3.93,-4,-2.59,-3.19,166.022,291.377,224.106,215.858,0,0,0,0
1725,65,Mujer,6.8,154,45.4,102,0,0,0.271,134,156,-2.16,4.29,1,-0.08,-0.36,-0.03,0.271,-0.079,-2.16,-1.03,-1.56,-1.63,-1.15,-1.75,4.289,7.527,5.789,5.576,1,1,1,1
1726,58,Hombre,6.1,129,63.4,220,0,1,-0.273,167,118,0.34,36,0,-1.51,0.61,0.58,0.077,-0.273,-0.78,0.34,-0.18,-0.26,-0.06,-0.66,349.216,612.893,471.392,454.042,0,0,0,0
1727,77,Hombre,7.1,119,30.8,91,0,0,0.52,153,122,-3.48,36,0,0.34,-0.86,-0.62,0.52,0.17,-3.48,-2.36,-2.88,-2.96,-2.1,-2.7,146.508,257.129,197.765,190.486,0,0,0,0
1728,64,Hombre,6.8,145,46.5,40,0,0,-0.094,36,148,-1.86,36,0,0.6,-0.1,0.29,-0.094,-0.444,-1.86,-0.73,-1.26,-1.33,-1.4,-2,865.59,1519.158,1168.425,1125.42,0,0,0,0
1729,69,Hombre,8.3,149,41.5,616,0,0,-0.429,401,164,-3.68,36,0,0.55,0.3,-1.13,-0.429,-0.779,-3.68,-2.55,-3.08,-3.15,-3.72,-4.32,101.411,177.982,136.891,131.852,0,0,0,0
1730,60,Hombre,8.2,141,59.4,60,1,0,0.373,87,139,-3.96,36,0,0.09,0.44,-0.22,0.373,0.023,-3.96,-2.84,-3.36,-3.44,-2.81,-3.41,60.413,106.028,81.549,78.547,0,0,0,0
1731,89,Hombre,8.8,152,30,62,1,0,0.828,142,143,-6.57,36,0,-0.45,-0.64,1.28,0.828,0.478,-6.57,-5.45,-5.97,-6.05,-4.73,-5.33,474.678,833.086,640.748,617.165,0,0,0,0
1732,63,Hombre,7.2,133,42.6,146,0,0,-0.133,128,117,-2.34,36,0,0.1,0.64,0.11,-0.133,-0.483,-2.34,-1.22,-1.74,-1.82,-1.94,-2.54,1735.297,3045.54,2342.405,2256.192,0,0,0,0
1733,68,Hombre,11,132,42.7,180,1,0,-0.462,113,142,-4.07,36,0,0.31,-0.98,-0.53,-0.462,-0.812,-4.07,-2.95,-3.47,-3.55,-4.17,-4.77,1475.026,2588.752,1991.077,1917.795,0,0,0,0
1734,61,Hombre,8.6,120,39.3,85,1,0,0.309,116,127,-1.75,36,0,1.29,0.81,-1.37,0.309,-0.041,-1.75,-0.62,-1.15,-1.22,-0.69,-1.29,501.205,879.642,676.556,651.655,0,0,0,0
1735,59,Hombre,7.5,143,49,72,1,1,0.202,88,145,-2.13,36,0,-1,0.68,-0.81,0.552,0.202,-3.26,-2.13,-2.66,-2.73,-1.83,-2.43,66.458,116.638,89.709,86.407,0,0,0,0
1736,65,Mujer,7.1,148,41,330,0,1,-1.302,90,151,-2.39,36,0,0.86,0.05,-0.48,-0.952,-1.302,-3.51,-2.39,-2.91,-2.99,-4.34,-4.94,535.432,939.712,722.757,696.156,0,0,0,0
1737,76,Mujer,7.9,134,50,51,1,1,-0.143,44,125,-1.74,36,0,2.53,0.07,0.68,0.207,-0.143,-2.86,-1.74,-2.26,-2.34,-1.95,-2.55,72.58,127.382,97.973,94.367,0,0,0,0
1738,80,Mujer,8.6,118,52.3,81,1,0,-0.136,71,142,-3.21,36,0,-0.16,-0.22,0.71,-0.136,-0.486,-3.21,-2.08,-2.61,-2.68,-2.81,-3.41,178.309,312.942,240.692,231.833,0,0,0,0
1739,62,Hombre,6.3,140,48.2,65,1,0,-0.01,64,131,-1.76,36,0,1.48,0.75,-0.96,-0.01,-0.36,-1.76,-0.63,-1.16,-1.23,-1.17,-1.77,900.963,1581.24,1216.173,1171.411,0,0,0,0
1740,64,Mujer,9.8,149,49.4,719,0,1,0.013,728,151,-3.73,36,0,-0.31,0.04,-1.03,0.363,0.013,-4.85,-3.73,-4.25,-4.33,-3.71,-4.31,250.979,440.482,338.787,326.317,0,0,0,0
1741,76,Hombre,8.9,144,37.5,176,0,0,0.129,200,146,-4.66,36,0,-0.02,-0.48,0.96,0.129,-0.221,-4.66,-3.53,-4.06,-4.13,-3.86,-4.46,78.397,137.591,105.825,101.93,0,0,0,0
1742,79,Mujer,7,123,44.5,34,1,0,-0.121,30,123,-1.09,36,0,0.56,0.27,0.12,-0.121,-0.471,-1.09,0.04,-0.49,-0.56,-0.67,-1.27,692.463,1215.31,934.727,900.324,0,0,0,0
1743,60,Hombre,6.9,125,39.5,19,0,0,0.124,22,118,0.15,36,0,-0.42,-0.2,0.99,0.124,-0.226,0.15,1.28,0.75,0.68,0.94,0.34,223.151,391.643,301.223,290.136,0,0,0,0
1744,62,Mujer,8.6,152,25.4,48,1,0,0.832,110,167,-4.66,36,0,-1.02,-0.21,-0.48,0.832,0.482,-4.66,-3.54,-4.06,-4.14,-2.81,-3.41,44.139,77.467,59.582,57.389,0,0,0,0
1745,76,Hombre,8.4,117,75,79,0,0,0.475,127,117,-1.87,36,0,0.4,0.25,-0.91,0.475,0.125,-1.87,-0.75,-1.27,-1.35,-0.56,-1.16,39.573,69.452,53.418,51.451,0,0,0,0
1746,68,Mujer,8.3,164,50.7,139,0,0,0.2,170,148,-2.42,36,0,1.33,0.48,-0.13,0.2,-0.15,-2.42,-1.29,-1.82,-1.89,-1.52,-2.12,1090.9,1914.589,1472.561,1418.363,0,0,0,0
1747,55,Mujer,6.4,141,61.5,67,0,1,0.528,114,134,-3.26,36,0,-0.27,-2.19,2.09,0.878,0.528,-4.39,-3.26,-3.79,-3.86,-2.47,-3.07,107.715,189.046,145.4,140.049,0,0,0,0
1748,72,Hombre,7.7,123,31.3,79,0,0,-0.011,78,115,-2.86,36,0,-1.09,-0.31,-0.62,-0.011,-0.361,-2.86,-1.73,-2.26,-2.33,-2.27,-2.87,487.278,855.2,657.757,633.548,0,0,0,0
1749,36,Mujer,7.9,152,53,357,0,1,-0.293,266,135,-0.96,36,0,-1.22,-1.06,-1.52,0.057,-0.293,-2.08,-0.96,-1.48,-1.56,-1.4,-2,355.89,624.606,480.401,462.719,0,0,0,0
1750,73,Hombre,8.8,135,38.1,466,1,0,-0.508,280,134,-2.93,36,0,1.01,-0.7,-2.17,-0.508,-0.858,-2.93,-1.81,-2.33,-2.41,-3.1,-3.7,119.414,209.578,161.192,155.259,0,0,0,0
1751,69,Mujer,7.8,128,50.8,1404,1,0,-0.258,1085,120,-3.4,36,0,2.56,-0.75,-1.24,-0.258,-0.608,-3.4,-2.28,-2.8,-2.88,-3.19,-3.79,113.683,199.519,153.455,147.807,0,0,0,0
1752,69,Mujer,8.6,150,37.9,122,0,1,-0.092,111,159,-4,36,0,-3,0.53,-0.14,0.258,-0.092,-5.13,-4,-4.53,-4.6,-4.14,-4.74,141.437,248.23,190.92,183.893,0,0,0,0
1753,70,Mujer,8.1,144,37,134,0,0,0.364,193,158,-6.15,36,0,0.15,-0.58,0.86,0.364,0.014,-6.15,-5.02,-5.55,-5.62,-5,-5.6,95.83,168.188,129.357,124.596,0,0,0,0
1754,60,Mujer,7.8,136,37.3,287,0,0,0.221,358,133,-3.94,36,0,0.19,0.35,-0.78,0.221,-0.129,-3.94,-2.82,-3.34,-3.42,-3.01,-3.61,169.313,297.154,228.549,220.137,0,0,0,0
1755,63,Hombre,7.6,140,38.5,645,1,1,-0.4,432,131,-3.23,36,0,-3.34,0.1,-0.28,-0.05,-0.4,-4.36,-3.23,-3.76,-3.83,-3.83,-4.43,89.357,156.827,120.62,116.18,0,0,0,0
1756,55,Mujer,10.4,132,55.1,686,0,1,0.277,905,131,-3.33,26.54,1,-1.35,1.48,-1.54,0.627,0.277,-4.46,-3.33,-3.86,-3.93,-2.91,-3.51,15.122,26.54,20.412,19.661,1,1,1,1
1757,50,Hombre,9.1,129,67.2,51,0,0,0.489,83,124,-2.74,36,0,1.39,0.27,0.34,0.489,0.139,-2.74,-1.61,-2.14,-2.21,-1.4,-2,2728.329,4788.367,3682.859,3547.309,0,0,0,0
1758,70,Hombre,6.6,139,42.1,111,0,0,0.314,152,145,-3.03,36,0,1.35,-1.03,-0.94,0.314,-0.036,-3.03,-1.9,-2.43,-2.5,-1.95,-2.55,50.713,89.004,68.455,65.936,0,0,0,0
1759,53,Hombre,6.4,108,30.7,133,0,0,-0.087,122,111,-1.96,36,0,-0.81,0.15,0.76,-0.087,-0.437,-1.96,-0.83,-1.36,-1.43,-1.49,-2.09,830.306,1457.232,1120.795,1079.544,0,0,0,0
1760,77,Mujer,5.7,144,44.4,80,0,0,-0.469,50,139,-2.93,36,0,1.37,0.5,-0.55,-0.469,-0.819,-2.93,-1.81,-2.33,-2.41,-3.04,-3.64,126.053,221.229,170.153,163.891,0,0,0,0
1761,76,Hombre,7.5,126,26.8,86,0,0,0.175,102,131,-2.39,36,0,1.04,0.15,-0.17,0.175,-0.175,-2.39,-1.27,-1.79,-1.87,-1.53,-2.13,622.851,1093.138,840.761,809.816,0,0,0,0
1762,61,Hombre,6.3,129,41.7,25,0,0,0.446,39,106,-2.53,36,0,-0.73,-0.11,-0.06,0.446,0.096,-2.53,-1.41,-1.93,-2.01,-1.27,-1.87,346.34,607.846,467.51,450.303,0,0,0,0
1763,66,Mujer,8.2,121,31.8,467,0,1,-0.029,454,115,-4.75,36,0,-1.45,1.15,-0.49,0.321,-0.029,-5.87,-4.75,-5.27,-5.35,-4.79,-5.39,61.433,107.818,82.926,79.874,0,0,0,0
1764,79,Hombre,6.8,123,49,52,0,0,0.245,66,126,-0.36,36,0,-0.59,0.81,-0.49,0.245,-0.105,-0.36,0.77,0.24,0.17,0.61,0.01,59.612,104.622,80.468,77.506,0,0,0,0
1765,65,Mujer,6.8,116,42.5,128,0,1,-0.072,119,111,-1.94,36,0,-0.44,0.79,-2.17,0.278,-0.072,-3.06,-1.94,-2.46,-2.54,-2.04,-2.64,913.486,1603.217,1233.077,1187.692,0,0,0,0
1766,70,Hombre,5.9,149,50.1,16,1,0,0.834,37,144,-2.87,36,0,1.25,-1.15,0.3,0.834,0.484,-2.87,-1.74,-2.27,-2.34,-1.02,-1.62,187.542,329.147,253.155,243.838,0,0,0,0
1767,71,Mujer,8.6,180,28.6,730,1,1,0.814,1647,168,-5.53,31.49,1,-0.98,-0.29,-1.17,1.164,0.814,-6.65,-5.53,-6.05,-6.13,-4.31,-4.91,17.945,31.495,24.223,23.332,1,1,1,1
1768,78,Hombre,6.7,147,56,222,1,0,-1.304,60,133,0.1,36,0,0.35,0.61,-0.06,-1.304,-1.654,0.1,1.23,0.7,0.63,-1.25,-1.85,1513.908,2656.992,2043.563,1968.348,0,0,0,0
1769,61,Mujer,9.1,128,46.7,48,0,1,-0.41,32,106,0.26,36,0,0.28,0.49,-1.84,-0.06,-0.41,-0.86,0.26,-0.26,-0.34,-0.35,-0.95,1333.855,2340.989,1800.516,1734.247,0,0,0,0
1770,65,Mujer,8.3,125,49.9,353,0,1,-0.348,249,132,-1.79,36,0,-1.1,-0.12,0.13,0.002,-0.348,-2.92,-1.79,-2.32,-2.39,-2.32,-2.92,111.773,196.168,150.878,145.324,0,0,0,0
1771,59,Mujer,9,106,43.2,102,0,1,-0.725,49,104,0.78,36,0,1.71,-2.24,0.19,-0.375,-0.725,-0.34,0.78,0.26,0.18,-0.3,-0.9,62.657,109.967,84.578,81.465,0,0,0,0
1772,50,Mujer,8.8,122,54.9,14,0,0,0.214,17,129,-1.08,36,0,-1.45,0.45,1.33,0.214,-0.136,-1.08,0.05,-0.48,-0.55,-0.16,-0.76,1808.435,3173.902,2441.131,2351.284,0,0,0,0
1773,42,Mujer,7.3,143,60,70,0,1,0.299,94,140,-1.56,36,0,0.46,-0.44,-0.24,0.649,0.299,-2.68,-1.56,-2.08,-2.16,-1.11,-1.71,1654.634,2903.973,2233.523,2151.316,0,0,0,0
1774,56,Hombre,7.5,149,53.1,232,0,1,0.019,236,136,-1.4,36,0,-0.32,0.44,-0.5,0.369,0.019,-2.53,-1.4,-1.93,-2,-1.37,-1.97,51.223,89.9,69.144,66.6,0,0,0,0
1775,65,Hombre,8.1,130,35.7,1202,0,1,-0.874,501,123,-2.13,36,0,0.51,0.12,-2.67,-0.524,-0.874,-3.25,-2.13,-2.65,-2.73,-3.44,-4.04,283.473,497.51,382.648,368.565,0,0,0,0
1776,57,Hombre,8.4,155,46.3,165,1,0,0.83,378,160,-5.04,36,0,0.22,0.49,0.2,0.83,0.48,-5.04,-3.92,-4.44,-4.52,-3.2,-3.8,152.136,267.007,205.362,197.804,0,0,0,0
1777,64,Hombre,8.6,106,50.2,483,0,1,-0.5,293,97,-1.58,36,0,-2.59,-1.4,-1.12,-0.15,-0.5,-2.71,-1.58,-2.11,-2.18,-2.33,-2.93,1330.72,2335.487,1796.285,1730.171,0,0,0,0
1778,66,Mujer,8.8,134,27.1,64,0,0,-0.047,61,125,-2.82,36,0,0.52,-0.84,3.12,-0.047,-0.397,-2.82,-1.69,-2.22,-2.29,-2.29,-2.89,463.409,813.307,625.536,602.513,0,0,0,0
1779,74,Hombre,7.5,122,51.4,271,0,0,0.037,281,120,-3.37,36,0,0.56,-0.12,0.11,0.037,-0.313,-3.37,-2.24,-2.77,-2.84,-2.71,-3.31,1371.367,2406.824,1851.152,1783.019,0,0,0,0
1780,46,Mujer,8.1,135,56.2,49,0,1,-0.847,21,132,-1.66,36,0,-1.35,-0.82,-0.74,-0.497,-0.847,-2.78,-1.66,-2.18,-2.26,-2.93,-3.53,3594.102,6307.845,4851.53,4672.966,0,0,0,0
1781,86,Hombre,8.9,141,33.7,220,1,1,-0.303,163,131,-3.78,36,0,1.67,1.35,0.78,0.047,-0.303,-4.9,-3.78,-4.3,-4.38,-4.23,-4.83,121.431,213.117,163.914,157.881,0,0,0,0
1782,65,Hombre,8.6,146,33.1,162,0,1,-1.155,51,135,-1,36,0,-0.25,0.44,-0.52,-0.805,-1.155,-2.13,-1,-1.53,-1.6,-2.74,-3.34,663.894,1165.17,896.163,863.179,0,0,0,0
1783,74,Hombre,7.5,154,32.5,137,0,1,-0.628,73,147,-1.95,36,0,0.41,-0.29,0.76,-0.278,-0.628,-3.07,-1.95,-2.47,-2.55,-2.89,-3.49,94.153,165.244,127.093,122.416,0,0,0,0
1784,46,Mujer,7.3,164,47.5,109,1,1,0.289,146,157,-4.17,31.4,1,-1.34,0.41,-0.75,0.639,0.289,-5.3,-4.17,-4.7,-4.77,-3.74,-4.34,17.89,31.398,24.149,23.26,1,1,1,1
1785,80,Mujer,8,132,52.5,394,1,1,-0.273,300,127,-1.79,36,0,0.28,0.8,0.23,0.077,-0.273,-2.91,-1.79,-2.31,-2.39,-2.2,-2.8,732.348,1285.31,988.566,952.181,0,0,0,0
1786,65,Hombre,9.9,147,48.6,264,0,1,-0.223,211,144,-2.59,36,0,-1.07,-0.7,0.03,0.127,-0.223,-3.72,-2.59,-3.12,-3.19,-2.93,-3.53,435.858,764.954,588.346,566.692,0,0,0,0
1787,59,Hombre,7,148,50.1,793,0,1,-1.482,180,137,0.06,36,0,-1.76,0.62,1.46,-1.132,-1.482,-1.06,0.06,-0.46,-0.54,-2.16,-2.76,413.452,725.631,558.102,537.56,0,0,0,0
1788,58,Hombre,6.3,122,37.7,26,0,0,-0.493,16,116,2.54,36,0,0.54,0.03,-1.54,-0.493,-0.843,2.54,3.67,3.14,3.07,2.4,1.8,608.368,1067.72,821.211,790.986,0,0,0,0
1789,63,Hombre,8.1,142,61.9,119,0,1,-1.375,30,139,-1.11,36,0,-1.02,1.35,0.35,-1.025,-1.375,-2.24,-1.11,-1.64,-1.71,-3.17,-3.77,1622.101,2846.877,2189.608,2109.018,0,0,0,0
1790,56,Hombre,5.8,136,40.4,84,0,0,0.329,117,150,-1.03,36,0,-0.41,0.06,1.55,0.329,-0.021,-1.03,0.1,-0.43,-0.5,0.07,-0.53,544.866,956.27,735.493,708.423,0,0,0,0
1791,57,Hombre,7.5,130,50.7,320,0,0,0.278,423,126,-0.9,36,0,0.1,1.64,0.61,0.278,-0.072,-0.9,0.23,-0.3,-0.37,0.12,-0.48,168.617,295.932,227.609,219.231,0,0,0,0
1792,46,Mujer,8.7,125,63,102,0,0,-0.466,64,106,-0.24,36,0,-1.28,-0.52,0.61,-0.466,-0.816,-0.24,0.88,0.36,0.28,-0.34,-0.94,2581.063,4529.907,3484.071,3355.837,0,0,0,0
1793,61,Hombre,8.3,115,39.6,210,0,0,0.067,225,119,-3.38,26.88,1,-0.54,-1.56,-0.79,0.067,-0.283,-3.38,-2.26,-2.78,-2.86,-2.68,-3.28,26.882,47.179,36.286,34.951,1,0,0,1
1794,54,Hombre,7.2,143,38.7,104,1,1,0.347,147,144,-2.84,36,0,-1.83,-0.25,0.13,0.697,0.347,-3.97,-2.84,-3.37,-3.44,-2.32,-2.92,294.701,517.217,397.805,383.163,0,0,0,0
1795,52,Mujer,9,130,50.1,94,1,1,-0.526,56,116,-1.27,36,0,-0.11,-1.18,1.75,-0.176,-0.526,-2.4,-1.27,-1.8,-1.87,-2.06,-2.66,1842.794,3234.204,2487.512,2395.957,0,0,0,0
1796,57,Mujer,9.7,130,40.5,193,0,1,-0.46,122,110,-2.29,36,0,-0.6,-1.77,0.47,-0.11,-0.46,-3.41,-2.29,-2.81,-2.89,-2.98,-3.58,752.448,1320.587,1015.698,978.315,0,0,0,0
1797,72,Hombre,8.6,134,43.6,39,0,0,0.305,53,129,-2.07,36,0,0.99,0.19,-0.14,0.305,-0.045,-2.07,-0.95,-1.47,-1.55,-1.01,-1.61,107.84,189.265,145.569,140.211,0,0,0,0
1798,57,Hombre,7.1,134,55.7,71,0,1,-0.696,35,136,0.03,36,0,-2,-0.19,-0.75,-0.346,-0.696,-1.1,0.03,-0.5,-0.57,-1.02,-1.62,76.855,134.884,103.743,99.925,0,0,0,0
1799,80,Hombre,9.5,141,31.5,187,0,0,0.523,316,135,-4.91,36,0,-1.2,0.8,-0.28,0.523,0.173,-4.91,-3.78,-4.31,-4.38,-3.52,-4.12,60.914,106.908,82.226,79.199,0,0,0,0
1800,86,Hombre,6.1,130,33.7,43,1,0,0.24,55,138,-3.61,36,0,0.56,-0.31,-0.36,0.24,-0.11,-3.61,-2.48,-3.01,-3.08,-2.65,-3.25,1174.851,2061.927,1585.883,1527.513,0,0,0,0
1801,48,Mujer,7.6,136,75,301,1,1,-0.287,226,130,-0.72,36,0,0.23,-0.36,-0.77,0.063,-0.287,-1.85,-0.72,-1.25,-1.32,-1.15,-1.75,1295.019,2272.829,1748.092,1683.753,0,0,0,0
1802,58,Hombre,9.5,129,42.7,78,1,0,0.193,95,126,-3.62,36,0,0.7,-0.42,-0.45,0.193,-0.157,-3.62,-2.49,-3.02,-3.09,-2.73,-3.33,469.376,823.78,633.591,610.271,0,0,0,0
1803,63,Mujer,7.3,149,52.3,765,0,0,0.427,1172,158,-2.48,36,0,0.42,0.02,-1.07,0.427,0.077,-2.48,-1.35,-1.88,-1.95,-1.24,-1.84,339.243,595.389,457.93,441.075,0,0,0,0
1804,57,Mujer,8.9,124,56.8,489,1,1,0.93,1240,109,-2.83,36,0,0.05,-0.27,-1.26,1.28,0.93,-3.96,-2.83,-3.36,-3.43,-1.44,-2.04,232.328,407.748,313.61,302.067,0,0,0,0
1805,78,Mujer,11.2,140,54.7,882,0,1,-0.057,833,126,-4.23,3.97,1,0,0.76,-1.56,0.293,-0.057,-5.35,-4.23,-4.75,-4.83,-4.31,-4.91,2.26,3.966,3.051,2.938,1,1,1,1
1806,66,Hombre,6.5,129,63.6,103,0,0,-0.285,77,144,0.09,36,0,-1.15,-1.1,-0.35,-0.285,-0.635,0.09,1.22,0.69,0.62,0.27,-0.33,1150.955,2019.989,1553.627,1496.445,0,0,0,0
1807,56,Mujer,7,143,66.3,68,0,1,0.257,88,132,-1.55,36,0,1.67,2.04,-0.15,0.607,0.257,-2.68,-1.55,-2.08,-2.15,-1.17,-1.77,616.148,1081.374,831.713,801.102,0,0,0,0
1808,59,Hombre,7.4,146,50.4,438,0,1,-0.241,344,136,-1.06,36,0,-0.48,0.59,-0.77,0.109,-0.241,-2.18,-1.06,-1.58,-1.66,-1.42,-2.02,169.382,297.275,228.642,220.226,0,0,0,0
1809,53,Mujer,7.3,130,28.2,138,0,1,-0.955,53,129,-2.32,36,0,-0.45,0.18,0.26,-0.605,-0.955,-3.44,-2.32,-2.84,-2.92,-3.75,-4.35,188.366,330.593,254.268,244.909,0,0,0,0
1810,59,Hombre,8.8,118,30,102,1,1,-0.257,79,112,-2.04,36,0,-0.2,-0.43,-1.82,0.093,-0.257,-3.16,-2.04,-2.56,-2.64,-2.42,-3.02,787.31,1381.773,1062.758,1023.642,0,0,0,0
1811,75,Hombre,6.9,126,52.1,174,0,1,-0.146,150,120,-2.49,36,0,1.29,1.92,-1.06,0.204,-0.146,-3.62,-2.49,-3.02,-3.09,-2.71,-3.31,619.157,1086.655,835.775,805.014,0,0,0,0
1812,54,Hombre,7.5,142,60.1,161,0,0,0.769,347,157,-3.99,36,0,-2.52,-1.27,0.18,0.769,0.419,-3.99,-2.86,-3.39,-3.46,-2.24,-2.84,153.634,269.636,207.384,199.751,0,0,0,0
1813,70,Mujer,7.1,148,46.7,111,0,0,-0.202,91,144,-2.76,36,0,0.33,0.32,0.51,-0.202,-0.552,-2.76,-1.63,-2.16,-2.23,-2.46,-3.06,388.546,681.919,524.482,505.178,0,0,0,0
1814,61,Hombre,7,132,43.7,28,0,0,0.631,53,122,-2.84,36,0,0.03,1.28,1.28,0.631,0.281,-2.84,-1.71,-2.24,-2.31,-1.29,-1.89,589.769,1035.077,796.105,766.804,0,0,0,0
1815,48,Mujer,7.5,111,50.2,96,0,1,-0.385,65,98,-1.2,36,0,-2.63,0.06,0.79,-0.035,-0.385,-2.32,-1.2,-1.72,-1.8,-1.78,-2.38,293.1,514.407,395.644,381.082,0,0,0,0
1816,56,Mujer,7.4,142,53.9,90,0,0,0.646,172,135,-2.47,36,0,0.46,-0.47,0.77,0.646,0.296,-2.47,-1.34,-1.87,-1.94,-0.9,-1.5,305.798,536.692,412.784,397.591,0,0,0,0
1817,47,Mujer,6.9,137,56,63,0,0,0.212,78,140,-2.02,36,0,2.29,-0.69,0.11,0.212,-0.138,-2.02,-0.89,-1.42,-1.49,-1.1,-1.7,2439.253,4281.023,3292.647,3171.46,0,0,0,0
1818,83,Mujer,8.7,128,46.3,52,0,0,-0.765,24,135,-0.04,36,0,1.43,-0.32,-1.92,-0.765,-1.115,-0.04,1.09,0.56,0.49,-0.59,-1.19,881.809,1547.623,1190.318,1146.508,0,0,0,0
1819,67,Mujer,6.1,115,34.8,57,0,0,0.24,72,105,-3.55,36,0,-0.45,0.09,-1.54,0.24,-0.11,-3.55,-2.42,-2.95,-3.02,-2.59,-3.19,197.043,345.822,265.98,256.191,0,0,0,0
1820,65,Hombre,6.1,140,39.8,158,0,0,0.889,384,142,-4.37,36,0,0.47,0.83,-1.63,0.889,0.539,-4.37,-3.25,-3.77,-3.85,-2.44,-3.04,93.988,164.954,126.87,122.201,0,0,0,0
1821,64,Hombre,9.7,140,38.9,200,0,0,-0.265,153,140,-1.82,36,0,0.61,0.03,1.01,-0.265,-0.615,-1.82,-0.69,-1.22,-1.29,-1.61,-2.21,45.497,79.849,61.414,59.154,0,0,0,0
1822,66,Hombre,7.6,152,45.8,156,0,0,0.655,300,152,-4.44,1.27,1,1.52,0.6,2.07,0.655,0.305,-4.44,-3.32,-3.84,-3.92,-2.86,-3.46,1.268,2.225,1.711,1.648,1,1,1,1
1823,61,Hombre,8.9,141,44,169,0,1,-0.623,91,126,-2.6,36,0,-0.17,-0.85,-1.09,-0.273,-0.623,-3.72,-2.6,-3.12,-3.2,-3.53,-4.13,1152.079,2021.962,1555.144,1497.906,0,0,0,0
1824,60,Hombre,6.5,145,42.4,371,0,1,0.213,459,143,-3.74,36,0,-1.04,0.39,-0.37,0.563,0.213,-4.86,-3.74,-4.26,-4.34,-3.42,-4.02,252.699,443.501,341.108,328.553,0,0,0,0
1825,55,Mujer,8.4,122,62,593,0,1,-0.09,542,111,-2.14,36,0,-2.13,-0.55,0.08,0.26,-0.09,-3.26,-2.14,-2.66,-2.74,-2.27,-2.87,3304.827,5800.152,4461.05,4296.858,0,0,0,0
1826,62,Mujer,9,112,50.6,115,0,0,-0.14,100,117,-2.19,36,0,-1.63,-2.03,0.13,-0.14,-0.49,-2.19,-1.06,-1.59,-1.66,-1.8,-2.4,108.266,190.013,146.144,140.765,0,0,0,0
1827,63,Hombre,6.8,129,40.1,11,0,0,-0.002,11,134,0.08,36,0,1.34,1.45,0.36,-0.002,-0.352,0.08,1.2,0.68,0.6,0.67,0.07,985.069,1728.85,1329.704,1280.764,0,0,0,0
1828,54,Hombre,6.4,143,59.1,274,1,1,-0.514,164,133,-1.27,36,0,-0.68,-1.13,0.58,-0.164,-0.514,-2.39,-1.27,-1.79,-1.87,-2.04,-2.64,88.396,155.139,119.322,114.93,0,0,0,0
1829,65,Hombre,7.6,116,46.6,55,1,1,0.392,81,121,-0.97,36,0,1.7,0.63,0.47,0.742,0.392,-2.1,-0.97,-1.5,-1.57,-0.39,-0.99,966.901,1696.964,1305.18,1257.142,0,0,0,0
1830,51,Hombre,8.4,123,38.1,139,0,0,0.132,159,127,-2.68,36,0,-0.51,0.35,-0.94,0.132,-0.218,-2.68,-1.56,-2.08,-2.16,-1.88,-2.48,337.277,591.939,455.276,438.519,0,0,0,0
1831,66,Mujer,5.7,129,40.7,49,0,0,-0.468,31,136,-0.09,36,0,0.69,1.56,-0.35,-0.468,-0.818,-0.09,1.04,0.51,0.44,-0.19,-0.79,4510.261,7915.755,6088.216,5864.136,0,0,0,0
1832,63,Hombre,8.5,154,51.7,142,0,0,0.197,173,169,-2.11,36,0,-0.65,0,0.25,0.197,-0.153,-2.11,-0.99,-1.51,-1.59,-1.22,-1.82,139.474,244.785,188.27,181.341,0,0,0,0
1833,73,Mujer,7.8,136,42.3,323,0,0,0.73,671,138,-3.36,36,0,-0.71,-0.13,1.05,0.73,0.38,-3.36,-2.23,-2.76,-2.83,-1.66,-2.26,50.625,88.849,68.336,65.821,0,0,0,0
1834,64,Mujer,7.5,140,53.2,51,0,1,-0.586,28,126,-0.74,36,0,1.25,2.02,0.23,-0.236,-0.586,-1.87,-0.74,-1.27,-1.34,-1.62,-2.22,973.345,1708.274,1313.878,1265.52,0,0,0,0
1835,69,Mujer,7,136,58.9,18,0,0,0.379,26,132,-1.26,36,0,0.08,0.65,0.11,0.379,0.029,-1.26,-0.14,-0.66,-0.74,-0.09,-0.69,1087.435,1908.508,1467.884,1413.858,0,0,0,0
1836,78,Mujer,6.7,116,20,107,0,0,0.015,109,109,-3.33,36,0,0.97,1.81,2.07,0.015,-0.335,-3.33,-2.21,-2.73,-2.81,-2.71,-3.31,339.49,595.823,458.263,441.397,0,0,0,0
1837,67,Hombre,8.3,161,40.1,114,0,0,1.157,362,163,-3.34,36,0,-2.52,0.3,0.95,1.157,0.807,-3.34,-2.21,-2.74,-2.81,-1,-1.6,104.7,183.754,141.33,136.129,0,0,0,0
1838,73,Mujer,6.7,147,34.6,726,0,0,-0.129,638,163,-2.52,36,0,-1,-1.36,-0.08,-0.129,-0.479,-2.52,-1.39,-1.92,-1.99,-2.11,-2.71,62.788,110.196,84.755,81.636,0,0,0,0
1839,61,Hombre,8.3,136,59,260,0,1,0.441,404,135,-2.35,36,0,-0.13,0.22,-1.38,0.791,0.441,-3.48,-2.35,-2.88,-2.95,-1.69,-2.29,457.705,803.298,617.838,595.098,0,0,0,0
1840,59,Hombre,6.8,127,45.4,310,0,0,-0.241,244,121,-0.44,36,0,-1.01,-1.52,-0.07,-0.241,-0.591,-0.44,0.69,0.16,0.09,-0.2,-0.8,944.01,1656.789,1274.28,1227.38,0,0,0,0
1841,61,Hombre,6.9,122,35.7,257,0,0,-0.23,204,114,-2.31,36,0,-0.61,0.78,2.72,-0.23,-0.58,-2.31,-1.19,-1.71,-1.79,-2.06,-2.66,201.739,354.063,272.319,262.296,0,0,0,0
1842,55,Mujer,7.1,130,59.7,37,0,0,0.416,56,121,-1.58,36,0,-0.4,-0.66,-0.19,0.416,0.066,-1.58,-0.45,-0.98,-1.05,-0.35,-0.95,899.445,1578.574,1214.123,1169.437,0,0,0,0
1843,66,Hombre,9.4,122,47.4,96,0,1,-0.261,74,110,-2.81,36,0,-0.33,-0.15,-1.35,0.089,-0.261,-3.94,-2.81,-3.34,-3.41,-3.2,-3.8,357.691,627.767,482.832,465.061,0,0,0,0
1844,67,Mujer,8.4,131,48.6,589,0,1,-0.398,396,121,-1.38,36,0,0.51,0.45,0.35,-0.048,-0.398,-2.51,-1.38,-1.91,-1.98,-1.98,-2.58,585.222,1027.096,789.967,760.892,0,0,0,0
1845,54,Hombre,7.8,137,39.7,199,0,0,0.334,278,134,-3.33,36,0,-0.27,1.55,-0.04,0.334,-0.016,-3.33,-2.21,-2.73,-2.81,-2.23,-2.83,237.785,417.325,320.976,309.162,0,0,0,0
1846,63,Hombre,7.5,141,44.8,63,1,1,-0.869,26,129,-2.35,36,0,1.12,0.55,-0.18,-0.519,-0.869,-3.48,-2.35,-2.88,-2.95,-3.65,-4.25,2904.474,5097.51,3920.629,3776.328,0,0,0,0
1847,68,Hombre,7,173,56.9,36,0,0,-0.206,29,163,-2.72,36,0,-0.2,-1.25,-0.17,-0.206,-0.556,-2.72,-1.6,-2.12,-2.2,-2.43,-3.03,651.614,1143.618,879.587,847.213,0,0,0,0
1848,58,Mujer,7.3,118,43.5,33,0,0,0.165,39,108,-0.95,34.64,1,1.01,0.39,-0.71,0.165,-0.185,-0.95,0.18,-0.35,-0.42,-0.1,-0.7,34.635,60.786,46.752,45.032,1,0,0,0
1849,54,Mujer,5.9,112,42,29,0,0,-0.456,18,120,-0.17,36,0,-0.56,-1.81,-0.24,-0.456,-0.806,-0.17,0.96,0.43,0.36,-0.25,-0.85,2083.362,3656.414,2812.245,2708.738,0,0,0,0
1850,65,Hombre,7,126,49.3,57,0,1,0.029,59,109,-1.96,36,0,0.15,-0.7,-1.87,0.379,0.029,-3.08,-1.96,-2.48,-2.56,-1.91,-2.51,766.952,1346.043,1035.277,997.173,0,0,0,0
1851,50,Hombre,9.4,133,56.2,196,0,1,-0.507,118,134,-2.55,36,0,-0.71,-0.68,-0.92,-0.157,-0.507,-3.68,-2.55,-3.08,-3.15,-3.31,-3.91,2172.01,3811.996,2931.907,2823.996,0,0,0,0
1852,76,Hombre,9,143,53.1,353,0,1,-1.23,103,128,0.19,36,0,-0.3,0.05,0.48,-0.88,-1.23,-0.93,0.19,-0.33,-0.41,-1.65,-2.25,122.699,215.343,165.626,159.53,0,0,0,0
1853,63,Hombre,7.1,111,31.8,61,1,0,-0.219,49,123,-1.43,36,0,-1.01,2.36,-0.1,-0.219,-0.569,-1.43,-0.3,-0.83,-0.9,-1.16,-1.76,223.73,392.658,302.003,290.888,0,0,0,0
1854,54,Mujer,7.7,168,40.6,101,0,0,0.376,147,168,-2.45,36,0,-0.4,1.58,-0.3,0.376,0.026,-2.45,-1.32,-1.85,-1.92,-1.28,-1.88,68.411,120.066,92.346,88.947,0,0,0,0
1855,59,Mujer,7.1,168,37.5,408,0,1,-0.342,290,165,-1.84,36,0,-1.7,0.46,0.46,0.008,-0.342,-2.96,-1.84,-2.36,-2.44,-2.35,-2.95,187.51,329.091,253.112,243.796,0,0,0,0
1856,71,Mujer,6.2,115,32.7,69,0,1,-1.037,24,117,1.25,36,0,1.01,-0.7,-1.56,-0.687,-1.037,0.12,1.25,0.72,0.65,-0.31,-0.91,845.999,1484.775,1141.979,1099.948,0,0,0,0
1857,61,Hombre,7.7,136,44.7,220,0,1,0.863,521,139,-1.68,36,0,0.35,-0.55,0.18,1.213,0.863,-2.8,-1.68,-2.2,-2.28,-0.38,-0.98,278.634,489.017,376.116,362.273,0,0,0,0
1858,63,Mujer,7.8,144,25.8,80,0,0,-0.002,80,140,-3.11,36,0,-0.34,1.69,-1.17,-0.002,-0.352,-3.11,-1.98,-2.51,-2.58,-2.51,-3.11,342.113,600.427,461.804,444.807,0,0,0,0
1859,70,Mujer,6.9,164,43.7,117,0,0,0.624,218,151,-2.75,32.12,1,0.56,0.83,-1.76,0.624,0.274,-2.75,-1.62,-2.15,-2.22,-1.21,-1.81,32.123,56.378,43.362,41.766,1,0,0,0
1860,73,Hombre,11.3,156,40.2,445,1,1,-0.044,426,164,-5.31,1.89,1,0.69,-0.07,1.79,0.306,-0.044,-6.44,-5.31,-5.84,-5.91,-5.38,-5.98,1.075,1.887,1.451,1.398,1,1,1,1
1861,60,Mujer,7.2,128,55.7,198,1,0,0.316,272,120,-2,36,0,1.33,-0.95,-0.58,0.316,-0.034,-2,-0.88,-1.4,-1.48,-0.93,-1.53,242.816,426.155,327.767,315.703,0,0,0,0
1862,69,Mujer,8.8,150,44.7,36,1,0,0.239,46,146,-5.21,36,0,-0.01,0.09,1.01,0.239,-0.111,-5.21,-4.08,-4.61,-4.68,-4.25,-4.85,2752.247,4830.344,3715.145,3578.407,0,0,0,0
1863,64,Mujer,8.9,154,62.1,194,0,1,-0.437,125,161,-1.59,36,0,0.48,0.05,-0.67,-0.087,-0.437,-2.71,-1.59,-2.11,-2.19,-2.24,-2.84,359.083,630.21,484.711,466.871,0,0,0,0
1864,66,Mujer,6.4,124,48.7,153,0,0,0.255,197,123,-3.49,36,0,0.32,-0.57,-0.21,0.255,-0.095,-3.49,-2.36,-2.89,-2.96,-2.51,-3.11,2562.76,4497.785,3459.365,3332.041,0,0,0,0
1865,67,Hombre,6.6,158,45.3,131,0,1,-0.619,71,148,-0.95,36,0,-1.82,-1.02,1.09,-0.269,-0.619,-2.07,-0.95,-1.47,-1.55,-1.88,-2.48,384.122,674.154,518.51,499.426,0,0,0,0
1866,69,Mujer,7.6,136,59.5,61,1,1,0.734,127,137,-2.69,36,0,-1.02,0.28,-0.13,1.084,0.734,-3.81,-2.69,-3.21,-3.29,-1.58,-2.18,599.227,1051.676,808.872,779.101,0,0,0,0
1867,66,Hombre,10.1,120,53.6,162,0,1,-0.112,145,106,0.04,36,0,0.08,-0.45,0.35,0.238,-0.112,-1.09,0.04,-0.49,-0.56,-0.13,-0.73,469.354,823.742,633.562,610.243,0,0,0,0
1868,60,Hombre,7.8,123,48.9,60,1,0,0.103,66,124,-0.42,36,0,0.36,1.83,0.03,0.103,-0.247,-0.42,0.71,0.18,0.11,0.34,-0.26,1072.867,1882.94,1448.219,1394.916,0,0,0,0
1869,67,Mujer,7.5,126,49.6,80,1,1,0.307,109,118,-2.35,36,0,1.77,0.99,0.39,0.657,0.307,-3.48,-2.35,-2.88,-2.95,-1.89,-2.49,673.791,1182.541,909.523,876.048,0,0,0,0
1870,66,Mujer,8.1,148,39.4,180,0,1,-0.708,89,147,-3.49,36,0,1.07,0.83,-0.72,-0.358,-0.708,-4.62,-3.49,-4.02,-4.09,-4.55,-5.15,46.122,80.946,62.258,59.966,0,0,0,0
1871,68,Hombre,7.7,132,51.8,121,1,1,-0.141,105,126,-1.65,36,0,-0.14,1.58,0.74,0.209,-0.141,-2.77,-1.65,-2.17,-2.25,-1.86,-2.46,308.518,541.466,416.456,401.128,0,0,0,0
1872,61,Hombre,8.7,120,54.5,52,0,1,0.613,96,108,-4.4,36,0,0.4,1.51,-0.24,0.963,0.613,-5.52,-4.4,-4.92,-5,-3.48,-4.08,177.585,311.671,239.714,230.892,0,0,0,0
1873,67,Mujer,10.1,103,57.8,44,0,0,0.637,83,101,-1.46,36,0,0.11,-2.55,0.52,0.637,0.287,-1.46,-0.34,-0.86,-0.94,0.09,-0.51,402.759,706.864,543.667,523.657,0,0,0,0
1874,61,Hombre,8.9,126,32.7,389,0,0,-0.219,313,117,-3.03,36,0,-0.52,0.49,-0.35,-0.219,-0.569,-3.03,-1.91,-2.43,-2.51,-2.76,-3.36,95.791,168.118,129.304,124.545,0,0,0,0
1875,66,Hombre,8.6,125,43,67,1,0,0.684,133,132,-2.6,36,0,-1.94,-0.7,-0.42,0.684,0.334,-2.6,-1.47,-2,-2.07,-0.97,-1.57,39.014,68.472,52.663,50.725,0,0,0,0
1876,55,Mujer,10.1,118,49.1,97,0,1,-0.23,77,107,-0.99,36,0,-0.73,-0.89,0.69,0.12,-0.23,-2.12,-0.99,-1.52,-1.59,-1.34,-1.94,120.501,211.486,162.659,156.673,0,0,0,0
1877,83,Hombre,6.7,111,28.2,11,1,1,-0.248,9,108,1,36,0,1.16,0.48,-1.29,0.102,-0.248,-0.12,1,0.48,0.4,0.63,0.03,622.258,1092.096,839.96,809.045,0,0,0,0
1878,66,Mujer,6.2,136,65.3,31,0,0,0.139,36,132,0.34,36,0,0.88,0.96,-0.57,0.139,-0.211,0.34,1.46,0.94,0.86,1.15,0.55,707.128,1241.048,954.522,919.391,0,0,0,0
1879,63,Hombre,6.8,125,48.5,276,0,1,-0.548,160,119,-3.29,36,0,0.44,-0.35,0.34,-0.198,-0.548,-4.42,-3.29,-3.82,-3.89,-4.11,-4.71,1251.831,2197.032,1689.795,1627.602,0,0,0,0
1880,52,Hombre,7.6,131,61.7,27,0,0,0.626,51,120,-3.29,36,0,-0.08,0.54,-0.4,0.626,0.276,-3.29,-2.16,-2.69,-2.76,-1.75,-2.35,53.898,94.595,72.755,70.077,0,0,0,0
1881,63,Mujer,7.4,135,44.1,239,0,1,-0.234,189,112,-2.46,36,0,-0.71,1.45,0.01,0.116,-0.234,-3.58,-2.46,-2.98,-3.06,-2.81,-3.41,298.25,523.445,402.595,387.777,0,0,0,0
1882,66,Mujer,8.9,125,37.1,109,1,1,-0.933,43,121,-1.08,36,0,0.68,0.76,-1.08,-0.583,-0.933,-2.21,-1.08,-1.61,-1.68,-2.48,-3.08,199.122,349.471,268.787,258.894,0,0,0,0
1883,67,Hombre,7.2,147,45.1,67,1,1,-0.026,65,139,-1,36,0,-1.63,0.72,-1.27,0.324,-0.026,-2.12,-1,-1.52,-1.6,-1.03,-1.63,723.54,1269.853,976.677,940.73,0,0,0,0
1884,63,Mujer,7.3,133,45,72,1,1,0.138,83,138,-1.21,36,0,-0.94,0.37,0.25,0.488,0.138,-2.33,-1.21,-1.73,-1.81,-1,-1.6,1656.232,2906.778,2235.679,2153.394,0,0,0,0
1885,63,Hombre,7.5,141,52,53,0,0,0.503,88,151,-2.05,36,0,0.04,0.06,-2.36,0.503,0.153,-2.05,-0.93,-1.45,-1.53,-0.69,-1.29,95.916,168.337,129.473,124.707,0,0,0,0
1886,68,Hombre,8,146,45.4,130,1,1,0.474,209,136,-4.87,36,0,-0.27,-1.68,-0.04,0.824,0.474,-6,-4.87,-5.4,-5.47,-4.16,-4.76,347.492,609.867,469.065,451.8,0,0,0,0
1887,73,Hombre,7.8,155,40.2,250,0,0,-0.223,200,167,-4.26,23.56,1,0.23,0.21,0.47,-0.223,-0.573,-4.26,-3.13,-3.66,-3.73,-3.99,-4.59,23.562,41.352,31.805,30.635,1,0,1,1
1888,58,Mujer,5.5,137,41,140,0,0,0.382,205,120,-1.19,36,0,0.45,-0.55,0.22,0.382,0.032,-1.19,-0.06,-0.59,-0.66,-0.01,-0.61,266.148,467.104,359.262,346.039,0,0,0,0
1889,62,Mujer,7.4,129,48.4,37,1,0,0.482,60,130,-3.68,36,0,1.52,-0.02,-1.35,0.482,0.132,-3.68,-2.56,-3.08,-3.16,-2.36,-2.96,147.857,259.498,199.586,192.241,0,0,0,0
1890,54,Hombre,8.8,153,61.2,95,0,1,0.155,111,138,-2.03,36,0,-1.22,0.47,0.58,0.505,0.155,-3.16,-2.03,-2.56,-2.63,-1.8,-2.4,3137.782,5506.979,4235.563,4079.67,0,0,0,0
1891,59,Hombre,9.6,136,58.6,187,0,1,-0.64,99,123,0.62,36,0,-1.25,-0.51,0.01,-0.29,-0.64,-0.51,0.62,0.09,0.02,-0.34,-0.94,818.261,1436.093,1104.537,1063.884,0,0,0,0
1892,52,Hombre,6.4,137,54.6,47,0,0,0.482,76,128,-1.5,36,0,0.46,1.06,0.24,0.482,0.132,-1.5,-0.37,-0.9,-0.97,-0.18,-0.78,441.468,774.8,595.919,573.986,0,0,0,0
1893,57,Hombre,7.6,133,56.4,36,0,0,0.492,59,120,-0.76,36,0,0.15,0.4,-0.1,0.492,0.142,-0.76,0.36,-0.16,-0.24,0.58,-0.02,1242.693,2180.994,1677.46,1615.72,0,0,0,0
1894,75,Mujer,6.3,137,58.1,37,0,1,-0.263,28,134,-0.14,36,0,0.51,-1.3,0.79,0.087,-0.263,-1.26,-0.14,-0.66,-0.74,-0.53,-1.13,307.104,538.985,414.548,399.29,0,0,0,0
1895,73,Hombre,7,150,46.2,334,1,0,-0.415,221,135,-2.14,36,0,-0.03,-0.02,-0.75,-0.415,-0.765,-2.14,-1.01,-1.54,-1.61,-2.16,-2.76,158.885,278.852,214.472,206.579,0,0,0,0
1896,59,Mujer,11.2,125,44.3,308,0,0,0.075,332,118,-3.56,36,0,1.39,-0.24,-0.03,0.075,-0.275,-3.56,-2.44,-2.96,-3.04,-2.85,-3.45,392.818,689.417,530.249,510.733,0,0,0,0
1897,66,Hombre,8.7,145,28.1,249,1,0,-0.491,152,147,-3.77,36,0,0.57,-1.16,-0.19,-0.491,-0.841,-3.77,-2.65,-3.17,-3.25,-3.91,-4.51,192.68,338.164,260.091,250.518,0,0,0,0
1898,66,Hombre,10.1,145,42.1,215,0,1,0.012,217,136,-1.84,36,0,0.18,-0.71,-0.34,0.362,0.012,-2.97,-1.84,-2.37,-2.44,-1.83,-2.43,230.522,404.579,311.172,299.719,0,0,0,0
1899,85,Mujer,7.9,130,32.6,50,0,0,-0.114,45,143,-2.02,36,0,0.7,-1.3,-1.39,-0.114,-0.464,-2.02,-0.89,-1.42,-1.49,-1.59,-2.19,297.076,521.385,401.011,386.251,0,0,0,0
1900,51,Hombre,8.6,105,53.4,392,0,1,-0.315,286,86,-0.25,36,0,-0.11,0.05,-0.83,0.035,-0.315,-1.38,-0.25,-0.78,-0.85,-0.72,-1.32,403.257,707.739,544.341,524.306,0,0,0,0
1901,61,Mujer,8.7,161,48.1,202,0,1,0.893,493,146,-1.26,36,0,-0.38,-0.46,-0.55,1.243,0.893,-2.39,-1.26,-1.79,-1.86,0.08,-0.52,157.146,275.8,212.125,204.318,0,0,0,0
1902,66,Hombre,5.9,145,48.6,144,0,1,-0.969,55,145,2.56,36,0,-0.15,-0.28,3.43,-0.619,-0.969,1.44,2.56,2.04,1.96,1.11,0.51,1770.905,3108.035,2390.472,2302.489,0,0,0,0
1903,56,Hombre,6.9,140,45.5,47,0,0,0.418,71,141,-1.57,36,0,-0.67,-1.73,1.1,0.418,0.068,-1.57,-0.45,-0.97,-1.05,-0.34,-0.94,414.472,727.421,559.479,538.887,0,0,0,0
1904,64,Hombre,7.4,134,50,56,0,1,0.526,95,131,-2.38,36,0,-1.91,-0.36,-0.4,0.876,0.526,-3.5,-2.38,-2.9,-2.98,-1.59,-2.19,1744.55,3061.78,2354.896,2268.222,0,0,0,0
1905,54,Mujer,8.2,121,48.7,23,0,0,0.172,27,118,-1.48,36,0,-0.26,1.56,-0.99,0.172,-0.178,-1.48,-0.35,-0.88,-0.95,-0.62,-1.22,761.066,1335.712,1027.331,989.519,0,0,0,0
1906,62,Hombre,7.8,121,43.3,90,1,1,-0.455,57,121,-1.16,36,0,1.31,2.44,-0.44,-0.105,-0.455,-2.28,-1.16,-1.68,-1.76,-1.84,-2.44,2577.595,4523.82,3479.389,3351.328,0,0,0,0
1907,74,Mujer,7.1,125,32.6,727,0,0,0.238,922,124,-3.42,36,0,0.66,-0.94,2.07,0.238,-0.112,-3.42,-2.3,-2.82,-2.9,-2.47,-3.07,207.336,363.886,279.874,269.573,0,0,0,0
1908,64,Mujer,9,160,42.2,236,0,0,0.62,439,161,-3.9,7.45,1,-1.24,0.38,0.43,0.62,0.27,-3.9,-2.78,-3.3,-3.38,-2.37,-2.97,7.445,13.067,10.05,9.68,1,1,1,1
1909,65,Mujer,6,139,40.2,50,1,1,0.25,64,129,-3.13,36,0,-1.6,1.16,-0.54,0.6,0.25,-4.26,-3.13,-3.66,-3.73,-2.75,-3.35,39.985,70.177,53.975,51.988,0,0,0,0
1910,63,Hombre,8,116,52.4,100,1,1,-0.62,54,124,-1.31,36,0,-0.44,1.47,1.09,-0.27,-0.62,-2.44,-1.31,-1.84,-1.91,-2.24,-2.84,485.258,851.654,655.03,630.921,0,0,0,0
1911,54,Mujer,9.3,119,48.7,123,1,1,0.384,181,118,-2.7,36,0,0.09,0.22,-0.04,0.734,0.384,-3.82,-2.7,-3.22,-3.3,-2.12,-2.72,116.678,204.776,157.499,151.702,0,0,0,0
1912,41,Hombre,7,135,55.9,28,0,1,-0.524,17,129,0.4,36,0,-0.76,0.93,-0.56,-0.174,-0.524,-0.73,0.4,-0.13,-0.2,-0.39,-0.99,8448.832,14828.161,11404.73,10984.972,0,0,0,0
1913,67,Mujer,9,122,48.9,105,0,1,-0.355,74,119,0.27,36,0,-0.67,-2.29,-0.27,-0.005,-0.355,-0.86,0.27,-0.26,-0.33,-0.27,-0.87,1312.518,2303.541,1771.714,1706.505,0,0,0,0
1914,54,Mujer,9.3,120,51.9,473,0,0,0.069,507,121,-3.76,36,0,-0.27,0.29,0.37,0.069,-0.281,-3.76,-2.64,-3.16,-3.24,-3.06,-3.66,1470.218,2580.313,1984.586,1911.543,0,0,0,0
1915,37,Mujer,7.1,146,63.7,147,0,1,-0.647,77,142,-0.23,36,0,0.19,-0.77,-0.52,-0.297,-0.647,-1.35,-0.23,-0.75,-0.83,-1.2,-1.8,570.261,1000.839,769.772,741.44,0,0,0,0
1916,62,Hombre,8.3,127,50.3,139,0,0,0.098,153,125,-2.55,36,0,1.4,-0.38,3.08,0.098,-0.252,-2.55,-1.42,-1.95,-2.02,-1.8,-2.4,368.522,646.776,497.452,479.143,0,0,0,0
1917,53,Hombre,8.6,148,65.8,79,0,1,0.685,157,147,-1.55,36,0,-1.99,-0.29,-1.34,1.035,0.685,-2.67,-1.55,-2.07,-2.15,-0.52,-1.12,904.594,1587.613,1221.075,1176.132,0,0,0,0
1918,64,Mujer,6.1,130,49.4,13,0,0,0.451,20,137,-0.45,36,0,-0.51,-0.53,0.21,0.451,0.101,-0.45,0.68,0.15,0.08,0.83,0.23,986.332,1731.066,1331.409,1282.406,0,0,0,0
1919,61,Hombre,7.9,137,61.5,73,0,1,-0.402,49,132,0.63,36,0,0.19,-0.68,0.81,-0.052,-0.402,-0.49,0.63,0.11,0.03,0.03,-0.57,6450.99,11321.841,8707.926,8387.426,0,0,0,0
1920,65,Hombre,7.8,159,46.1,60,0,0,0.755,128,165,-3,36,0,-0.01,-0.71,-0.4,0.755,0.405,-3,-1.88,-2.4,-2.48,-1.27,-1.87,459.945,807.229,620.861,598.01,0,0,0,0
1921,74,Mujer,7.2,146,39,22,1,0,0.275,29,140,-4.45,13.45,1,0.07,-1.62,2.11,0.275,-0.075,-4.45,-3.32,-3.85,-3.92,-3.43,-4.03,13.451,23.607,18.157,17.488,1,1,1,1
1922,54,Mujer,6.8,153,49.9,19,0,0,0.301,26,154,-2.03,36,0,-0.19,1.68,-0.08,0.301,-0.049,-2.03,-0.91,-1.43,-1.51,-0.98,-1.58,281.664,494.335,380.206,366.212,0,0,0,0
1923,71,Mujer,6,116,45.9,25,0,0,0.428,38,101,-2.26,36,0,0.06,1.39,-0.13,0.428,0.078,-2.26,-1.14,-1.66,-1.74,-1.02,-1.62,128.333,225.231,173.231,166.855,0,0,0,0
1924,63,Mujer,10.8,144,51.8,218,1,0,-0.085,200,150,-5.74,36,0,0.84,1.02,0.51,-0.085,-0.435,-5.74,-4.62,-5.14,-5.22,-5.27,-5.87,53.866,94.538,72.712,70.036,0,0,0,0
1925,58,Mujer,8.2,154,53,49,0,0,0.87,117,161,-4.2,36,0,-0.61,-1.68,0.97,0.87,0.52,-4.2,-3.08,-3.6,-3.68,-2.3,-2.9,50.401,88.456,68.034,65.53,0,0,0,0
1926,57,Hombre,7.8,153,62.2,251,1,1,-0.335,179,141,-1.32,36,0,1.49,-0.06,-0.4,0.015,-0.335,-2.45,-1.32,-1.85,-1.92,-1.83,-2.43,424.453,744.939,572.952,551.864,0,0,0,0
1927,59,Mujer,8.7,122,30.8,525,0,1,-0.236,415,115,-1.25,36,0,1.06,-1.83,1.2,0.114,-0.236,-2.37,-1.25,-1.77,-1.85,-1.6,-2.2,30.01,52.67,40.51,39.019,1,0,0,0
1928,58,Hombre,8.9,111,37.7,88,1,1,-0.74,42,100,-1.34,36,0,1.31,0.94,1.29,-0.39,-0.74,-2.47,-1.34,-1.87,-1.94,-2.45,-3.05,469.813,824.548,634.182,610.84,0,0,0,0
1929,51,Hombre,7.3,135,47.1,150,0,1,0.145,173,123,-0.8,36,0,-1.42,0.01,-0.17,0.495,0.145,-1.93,-0.8,-1.33,-1.4,-0.58,-1.18,90.118,158.161,121.646,117.169,0,0,0,0
1930,58,Mujer,7.3,157,44,213,0,1,-0.534,125,143,-1.63,36,0,-0.72,-0.83,1.08,-0.184,-0.534,-2.76,-1.63,-2.16,-2.23,-2.44,-3.04,194.028,340.53,261.911,252.271,0,0,0,0
1931,69,Mujer,6.2,141,58.4,29,1,0,-0.384,20,141,-2.42,36,0,0.24,-0.3,-0.46,-0.384,-0.734,-2.42,-1.29,-1.82,-1.89,-2.39,-2.99,3429.689,6019.292,4629.596,4459.201,0,0,0,0
1932,61,Hombre,9.7,137,46,85,0,1,-0.63,45,131,0.65,36,0,0.25,-0.74,-0.16,-0.28,-0.63,-0.47,0.65,0.13,0.05,-0.29,-0.89,4043.66,7096.845,5458.37,5257.472,0,0,0,0
1933,56,Mujer,8.9,111,45.8,169,0,0,0.363,243,113,-3.2,36,0,-2.74,-0.83,0.14,0.363,0.013,-3.2,-2.08,-2.6,-2.68,-2.06,-2.66,1607.068,2820.492,2169.315,2089.472,0,0,0,0
1934,69,Hombre,9,120,53.8,47,0,0,0.543,81,119,-3.8,36,0,-1.8,0.6,-0.88,0.543,0.193,-3.8,-2.67,-3.2,-3.27,-2.38,-2.98,1038.676,1822.934,1402.066,1350.462,0,0,0,0
1935,55,Mujer,7.4,150,53.9,30,1,1,-0.044,29,141,-1.9,36,0,-1.61,0.14,2.55,0.306,-0.044,-3.03,-1.9,-2.43,-2.5,-1.97,-2.57,560.919,984.443,757.161,729.293,0,0,0,0
1936,57,Hombre,9.1,130,49.9,152,0,1,1.034,427,134,-2.51,36,0,0.67,0.23,0.51,1.384,1.034,-3.63,-2.51,-3.03,-3.11,-0.95,-1.55,318.702,559.339,430.203,414.369,0,0,0,0
1937,66,Hombre,5.9,136,42.4,182,0,0,-0.592,101,127,-0.79,36,0,-0.04,0.35,0.01,-0.592,-0.942,-0.79,0.33,-0.19,-0.27,-1.08,-1.68,1310.084,2299.269,1768.429,1703.341,0,0,0,0
1938,59,Mujer,6.4,116,50.9,85,1,1,0.073,91,122,-0.67,36,0,-0.33,-0.14,-0.59,0.423,0.073,-1.8,-0.67,-1.2,-1.27,-0.56,-1.16,955.647,1677.212,1289.988,1242.509,0,0,0,0
1939,65,Mujer,7.1,135,33.3,86,0,0,1.036,242,138,-4.7,36,0,-0.13,-0.04,-0.39,1.036,0.686,-4.7,-3.58,-4.1,-4.18,-2.55,-3.15,496.827,871.958,670.646,645.962,0,0,0,0
1940,53,Hombre,7,152,58.4,62,0,0,0.256,80,150,-1.51,36,0,1.5,-0.53,-1.49,0.256,-0.094,-1.51,-0.38,-0.91,-0.98,-0.52,-1.12,280.015,491.442,377.981,364.069,0,0,0,0
1941,58,Mujer,8.8,134,29.9,94,0,0,0.248,120,125,-1.41,36,0,-0.21,-0.9,-1.62,0.248,-0.102,-1.41,-0.28,-0.81,-0.88,-0.44,-1.04,737.928,1295.105,996.099,959.437,0,0,0,0
1942,74,Hombre,8.8,144,56.7,352,0,0,0.49,575,149,-3.43,36,0,0.47,1.31,0.36,0.49,0.14,-3.43,-2.31,-2.83,-2.91,-2.1,-2.7,580.758,1019.262,783.941,755.088,0,0,0,0
1943,63,Mujer,7.8,134,40.4,139,0,0,-0.512,83,137,-2.92,36,0,-0.09,-0.2,0.48,-0.512,-0.862,-2.92,-1.8,-2.32,-2.4,-3.09,-3.69,410.078,719.71,553.548,533.174,0,0,0,0
1944,72,Mujer,7.1,127,46.3,145,1,0,-0.026,141,131,-2.69,36,0,-0.81,-0.15,2.09,-0.026,-0.376,-2.69,-1.56,-2.09,-2.16,-2.13,-2.73,465.352,816.717,628.159,605.039,0,0,0,0
1945,54,Mujer,7.7,145,50.2,327,1,1,0.416,496,136,-2.65,36,0,0.15,-1.11,-1.4,0.766,0.416,-3.77,-2.65,-3.17,-3.25,-2.03,-2.63,41.856,73.459,56.499,54.42,0,0,0,0
1946,54,Hombre,10.6,138,48.3,939,0,1,-0.728,453,139,-3.01,36,0,1.16,1.34,0.27,-0.378,-0.728,-4.14,-3.01,-3.54,-3.61,-4.11,-4.71,24.062,42.231,32.481,31.285,1,0,1,1
1947,63,Mujer,6.7,112,57.6,19,0,0,0.711,39,116,-3.61,36,0,-0.14,-0.64,-0.78,0.711,0.361,-3.61,-2.49,-3.01,-3.09,-1.94,-2.54,746.835,1310.736,1008.121,971.017,0,0,0,0
1948,73,Hombre,9.8,148,45.3,270,1,0,0.096,297,143,-3.8,36,0,1.46,-1.31,0.28,0.096,-0.254,-3.8,-2.68,-3.2,-3.28,-3.06,-3.66,882.454,1548.755,1191.188,1147.346,0,0,0,0
1949,55,Hombre,8.5,127,57.4,156,0,1,-0.398,105,133,0.69,36,0,-1.22,-0.58,-0.07,-0.048,-0.398,-0.43,0.69,0.17,0.09,0.1,-0.5,889.631,1561.352,1200.877,1156.678,0,0,0,0
1950,58,Hombre,8.8,144,57.5,40,0,0,-0.238,32,152,0.46,36,0,0.39,-0.19,0.62,-0.238,-0.588,0.46,1.58,1.06,0.98,0.7,0.1,1373.715,2410.945,1854.322,1786.072,0,0,0,0
1951,72,Mujer,8.2,151,45.8,188,0,1,-0.032,182,155,-2.48,7.02,1,-0.02,-0.09,0.67,0.318,-0.032,-3.6,-2.48,-3,-3.08,-2.53,-3.13,4.002,7.023,5.402,5.203,1,1,1,1
1952,69,Mujer,5.5,146,55.3,75,0,1,-0.449,48,131,-0.54,36,0,0.78,0.64,0.42,-0.099,-0.449,-1.67,-0.54,-1.07,-1.14,-1.22,-1.82,185.199,325.034,249.992,240.791,0,0,0,0
1953,62,Mujer,9.5,140,52.3,675,1,1,-0.228,538,124,-3.83,36,0,0.51,-0.06,-0.91,0.122,-0.228,-4.96,-3.83,-4.36,-4.43,-4.17,-4.77,43.611,76.54,58.869,56.702,0,0,0,0
1954,63,Mujer,8,133,30.1,150,0,0,-0.313,110,129,-1.87,36,0,1.91,-0.51,0.99,-0.313,-0.663,-1.87,-0.74,-1.27,-1.34,-1.74,-2.34,1062.899,1865.445,1434.763,1381.956,0,0,0,0
1955,71,Hombre,9.7,137,52.3,323,1,1,-0.102,292,126,-2.75,29.64,1,-1.2,-0.64,0.45,0.248,-0.102,-3.88,-2.75,-3.28,-3.35,-2.9,-3.5,16.886,29.636,22.794,21.955,1,1,1,1
1956,82,Mujer,8.5,118,35.3,89,1,0,0.045,93,127,-3.47,36,0,1.8,-0.05,-0.55,0.045,-0.305,-3.47,-2.35,-2.87,-2.95,-2.81,-3.41,874.323,1534.485,1180.213,1136.775,0,0,0,0
1957,65,Hombre,6.8,141,47.1,313,1,0,-0.808,140,142,-1.36,36,0,-1.61,-0.63,0.93,-0.808,-1.158,-1.36,-0.24,-0.76,-0.84,-1.97,-2.57,2341.184,4108.906,3160.268,3043.953,0,0,0,0
1958,69,Hombre,7.7,130,45.7,92,0,0,-0.495,56,118,-4.16,36,0,-0.35,0.33,0.82,-0.495,-0.845,-4.16,-3.03,-3.56,-3.63,-4.3,-4.9,642.39,1127.43,867.136,835.221,0,0,0,0
1959,65,Hombre,8.3,129,46.2,58,0,1,-0.269,44,132,0.42,36,0,0.56,0.24,1.01,0.081,-0.269,-0.71,0.42,-0.11,-0.18,0.01,-0.59,1192.882,2093.573,1610.222,1550.957,0,0,0,0
1960,69,Hombre,6.6,155,45.3,147,0,0,0.661,285,167,-2.52,7.27,1,-0.59,3.09,1.08,0.661,0.311,-2.52,-1.39,-1.92,-1.99,-0.93,-1.53,7.269,12.757,9.812,9.45,1,1,1,1
1961,70,Hombre,7.2,116,51.8,96,0,0,-0.187,80,105,-1.56,36,0,0.65,-0.77,-1.04,-0.187,-0.537,-1.56,-0.43,-0.96,-1.03,-1.24,-1.84,1418.092,2488.828,1914.223,1843.769,0,0,0,0
1962,65,Hombre,7.8,130,49.4,353,0,0,-1.011,128,137,0.96,36,0,1.15,0.14,0.47,-1.011,-1.361,0.96,2.08,1.56,1.48,0.04,-0.56,281.368,493.817,379.807,365.828,0,0,0,0
1963,68,Hombre,8.6,148,51.3,527,1,1,-0.542,306,143,-2.69,36,0,1.05,0.26,2.55,-0.192,-0.542,-3.81,-2.69,-3.21,-3.29,-3.5,-4.1,119.515,209.755,161.328,155.39,0,0,0,0
1964,69,Hombre,7.3,119,34.7,73,0,1,-0.437,47,103,0.54,36,0,-0.08,1.09,-0.79,-0.087,-0.437,-0.59,0.54,0.01,-0.06,-0.12,-0.72,452.05,793.372,610.203,587.744,0,0,0,0
1965,78,Mujer,7.6,98,48.1,90,0,0,0.383,132,103,-2.8,36,0,0.79,1.19,-0.78,0.383,0.033,-2.8,-1.68,-2.2,-2.28,-1.63,-2.23,1149.841,2018.035,1552.124,1494.997,0,0,0,0
1966,75,Hombre,8.9,134,41.8,95,0,0,-0.061,89,134,-3.52,36,0,1.22,0.9,-0.37,-0.061,-0.411,-3.52,-2.39,-2.92,-2.99,-3.01,-3.61,794.786,1394.892,1072.848,1033.362,0,0,0,0
1967,47,Mujer,5.5,136,36.9,179,0,0,0.438,277,139,-1.4,36,0,-1.01,-0.11,-0.58,0.438,0.088,-1.4,-0.28,-0.8,-0.88,-0.14,-0.74,2757.209,4839.052,3721.842,3584.858,0,0,0,0
1968,58,Mujer,8.5,129,55.5,165,0,1,-0.505,100,124,-0.26,7.23,1,-0.48,0.02,-0.48,-0.155,-0.505,-1.38,-0.26,-0.78,-0.86,-1.01,-1.61,4.121,7.233,5.563,5.358,1,1,1,1
1969,89,Hombre,7.3,115,30.8,41,1,0,-0.772,19,114,-2.44,36,0,1.42,0.79,0.73,-0.772,-1.122,-2.44,-1.31,-1.84,-1.91,-2.99,-3.59,348.35,611.374,470.224,452.917,0,0,0,0
1970,72,Hombre,8.1,155,59.3,17,1,1,-1.099,6,154,0.66,36,0,0.93,0.58,0.37,-0.749,-1.099,-0.46,0.66,0.14,0.06,-0.99,-1.59,3056.548,5364.409,4125.908,3974.052,0,0,0,0
1971,45,Mujer,7.7,133,44.9,159,0,1,0.061,169,136,-0.52,36,0,-0.14,-1.43,-0.38,0.411,0.061,-1.64,-0.52,-1.04,-1.12,-0.42,-1.02,470.263,825.337,634.788,611.425,0,0,0,0
1972,67,Mujer,9.9,142,43.3,213,1,0,-0.667,109,141,-2.81,36,0,0.04,0.75,0.14,-0.667,-1.017,-2.81,-1.69,-2.21,-2.29,-3.22,-3.82,112.557,197.543,151.936,146.344,0,0,0,0
1973,62,Mujer,8.1,128,22.9,84,0,0,0.258,109,136,-2.28,36,0,0.2,-1.55,2.35,0.258,-0.092,-2.28,-1.15,-1.68,-1.75,-1.29,-1.89,86.436,151.701,116.677,112.383,0,0,0,0
1974,78,Hombre,8.3,140,27,97,0,0,0.853,228,134,-4.88,36,0,1.63,0.04,-0.74,0.853,0.503,-4.88,-3.75,-4.28,-4.35,-3,-3.6,189.238,332.123,255.445,246.043,0,0,0,0
1975,58,Hombre,10.1,143,31.1,137,0,0,-0.122,121,140,-3.15,36,0,-1.05,0.69,-0.87,-0.122,-0.472,-3.15,-2.02,-2.55,-2.62,-2.73,-3.33,535.118,939.161,722.334,695.748,0,0,0,0
1976,60,Mujer,6.7,159,38.7,459,1,0,-0.579,257,149,-3.11,36,0,2.31,-1.35,1.04,-0.579,-0.929,-3.11,-1.99,-2.51,-2.59,-3.38,-3.98,1090.314,1913.561,1471.77,1417.6,0,0,0,0
1977,80,Mujer,6.7,118,52.2,186,0,0,-0.058,176,125,-1.07,36,0,0.23,-0.36,0.7,-0.058,-0.408,-1.07,0.06,-0.47,-0.54,-0.55,-1.15,331.193,581.261,447.063,430.609,0,0,0,0
1978,57,Mujer,5.5,144,45.8,270,1,1,-0.685,136,141,0.25,36,0,0.14,-0.85,0,-0.335,-0.685,-0.87,0.25,-0.27,-0.35,-0.78,-1.38,43.175,75.775,58.28,56.135,0,0,0,0
1979,59,Mujer,5.5,139,48.2,9,0,0,-0.284,7,125,0.98,36,0,-1.11,-1.26,0.81,-0.284,-0.634,0.98,2.1,1.58,1.5,1.15,0.55,2459.846,4317.164,3320.445,3198.234,0,0,0,0
1980,53,Hombre,9,126,56.4,60,0,1,-0.602,33,112,-0.07,36,0,-1.43,0.87,0.89,-0.252,-0.602,-1.2,-0.07,-0.6,-0.67,-0.98,-1.58,30.41,53.37,41.049,39.538,1,0,0,0
1981,55,Hombre,8.6,125,42.7,378,0,1,-0.318,275,117,-0.7,36,0,-0.71,-0.38,-2.07,0.032,-0.318,-1.82,-0.7,-1.22,-1.3,-1.17,-1.77,104.77,183.876,141.424,136.219,0,0,0,0
1982,51,Hombre,9,121,61,82,1,1,0.162,96,112,-2.37,36,0,-0.56,-0.37,1.01,0.512,0.162,-3.5,-2.37,-2.9,-2.97,-2.13,-2.73,72.83,127.82,98.31,94.691,0,0,0,0
1983,68,Hombre,8.6,123,45.4,21,0,0,0.087,23,123,-1.16,36,0,0.4,1.7,-0.63,0.087,-0.263,-1.16,-0.04,-0.56,-0.64,-0.43,-1.03,155.5,272.911,209.903,202.177,0,0,0,0
1984,59,Hombre,7.7,160,50.3,72,0,1,0.194,87,151,-1.08,36,0,-0.03,0.2,-1.05,0.544,0.194,-2.21,-1.08,-1.61,-1.68,-0.79,-1.39,754.865,1324.83,1018.961,981.458,0,0,0,0
1985,74,Mujer,6.3,143,38.6,89,1,0,0.787,196,144,-3.24,36,0,0.55,-1.94,-0.25,0.787,0.437,-3.24,-2.12,-2.64,-2.72,-1.46,-2.06,229.875,403.444,310.299,298.879,0,0,0,0
1986,60,Mujer,6.3,143,36.7,37,1,1,0.207,46,124,-2.38,36,0,-0.88,0.41,0.14,0.557,0.207,-3.5,-2.38,-2.9,-2.98,-2.07,-2.67,540.737,949.024,729.919,703.054,0,0,0,0
1987,64,Hombre,6.8,143,53.7,173,0,1,-1.322,46,133,-2,36,0,0.64,-0.58,-0.11,-0.972,-1.322,-3.13,-2,-2.53,-2.6,-3.99,-4.59,1659.857,2913.14,2240.573,2158.107,0,0,0,0
1988,57,Hombre,7.9,134,35.3,436,0,0,0.28,577,142,-3.96,36,0,-0.36,-1.66,0.11,0.28,-0.07,-3.96,-2.84,-3.36,-3.44,-2.94,-3.54,504.505,885.434,681.01,655.945,0,0,0,0
1989,69,Hombre,7.2,148,36,30,0,0,0.421,46,150,-3.76,8.94,1,-0.45,1,-0.47,0.421,0.071,-3.76,-2.63,-3.16,-3.23,-2.52,-3.12,8.938,15.686,12.065,11.621,1,1,1,1
1990,80,Hombre,7.7,141,38.9,67,0,0,0.15,78,145,-2.71,36,0,1.4,0.84,-0.46,0.15,-0.2,-2.71,-1.59,-2.11,-2.19,-1.89,-2.49,991.747,1740.571,1338.719,1289.447,0,0,0,0
1991,67,Hombre,8.6,134,36.3,334,0,0,-0.404,223,139,-2.96,36,0,-1.67,0.48,-0.75,-0.404,-0.754,-2.96,-1.83,-2.36,-2.43,-2.96,-3.56,462.201,811.188,623.906,600.943,0,0,0,0
1992,72,Hombre,7.8,116,39.3,92,0,1,-0.658,48,106,-1.73,36,0,0.73,-0.55,-0.45,-0.308,-0.658,-2.85,-1.73,-2.25,-2.33,-2.71,-3.31,1069.3,1876.68,1443.404,1390.279,0,0,0,0
1993,64,Mujer,8.9,161,50,946,0,1,-0.441,609,149,-2.5,12.32,1,-0.32,0.68,0.87,-0.091,-0.441,-3.62,-2.5,-3.02,-3.1,-3.16,-3.76,7.019,12.319,9.475,9.126,1,1,1,1
1994,64,Hombre,9.6,134,38.5,40,0,0,0.15,46,133,-2.26,36,0,-0.28,1.46,0.89,0.15,-0.2,-2.26,-1.13,-1.66,-1.73,-1.43,-2.03,299.031,524.816,403.65,388.793,0,0,0,0
1995,56,Hombre,8.5,119,55.4,879,0,1,-1.114,288,102,-1.17,36,0,-0.07,0.6,0.21,-0.764,-1.114,-2.3,-1.17,-1.7,-1.77,-2.84,-3.44,3170.492,5564.388,4279.717,4122.2,0,0,0,0
1996,54,Hombre,8.9,138,41.5,87,0,1,0.222,109,139,-2.58,36,0,-1.83,0.05,1.08,0.572,0.222,-3.71,-2.58,-3.11,-3.18,-2.25,-2.85,663.554,1164.574,895.705,862.738,0,0,0,0
1997,48,Mujer,6.1,133,60.3,129,0,0,0.031,133,127,-0.25,36,0,0.15,1.58,-1.96,0.031,-0.319,-0.25,0.87,0.35,0.27,0.39,-0.21,7142.029,12534.651,9640.73,9285.898,0,0,0,0
1998,55,Hombre,7.3,136,39.3,86,0,0,-0.006,85,143,-1.06,36,0,0.15,0.7,-0.53,-0.006,-0.356,-1.06,0.07,-0.46,-0.53,-0.47,-1.07,533.969,937.145,720.783,694.254,0,0,0,0
1999,70,Mujer,7.1,153,42.6,167,0,0,0.748,353,149,-1.28,36,0,0.13,0.43,-1.41,0.748,0.398,-1.28,-0.16,-0.68,-0.76,0.44,-0.16,217.985,382.575,294.248,283.418,0,0,0,0
2000,69,Hombre,8,132,46.6,912,0,1,-0.762,426,120,0.07,36,0,0.57,-2.49,2.23,-0.412,-0.762,-1.05,0.07,-0.45,-0.53,-1.07,-1.67,982.887,1725.02,1326.758,1277.926,0,0,0,0
2001,66,Hombre,9.4,153,50.6,199,1,1,-0.309,146,142,-4.04,36,0,0.87,0.3,1.53,0.041,-0.309,-5.16,-4.04,-4.56,-4.64,-4.5,-5.1,776.015,1361.949,1047.511,1008.956,0,0,0,0
2002,66,Hombre,9,147,40.9,576,1,1,0.725,1190,153,-3.42,36,0,0.02,1.07,0.17,1.075,0.725,-4.55,-3.42,-3.95,-4.02,-2.33,-2.93,27.428,48.138,37.024,35.662,1,0,0,1
2003,65,Hombre,10,136,36.5,73,0,0,1.104,220,137,-3.33,36,0,-1.31,0.22,-0.17,1.104,0.754,-3.33,-2.21,-2.73,-2.81,-1.08,-1.68,343.527,602.909,463.713,446.646,0,0,0,0
2004,56,Mujer,8.1,148,42.8,14,0,0,0.516,23,155,-2.56,36,0,-0.58,1.22,-0.61,0.516,0.166,-2.56,-1.44,-1.96,-2.04,-1.19,-1.79,1118.457,1962.953,1509.759,1454.191,0,0,0,0
2005,58,Mujer,8.3,153,52.8,325,0,1,0.175,387,147,-2.86,36,0,-1.07,1.28,-1.11,0.525,0.175,-3.99,-2.86,-3.39,-3.46,-2.6,-3.2,593.065,1040.862,800.554,771.089,0,0,0,0
2006,70,Hombre,7.4,121,57.6,91,1,1,-0.371,63,107,-0.61,36,0,-0.15,-1.8,-0.64,-0.021,-0.371,-1.74,-0.61,-1.14,-1.21,-1.17,-1.77,61.682,108.256,83.263,80.198,0,0,0,0
2007,61,Mujer,7,125,34.4,100,0,0,0.949,258,139,-3.47,36,0,-0.03,0.24,1.43,0.949,0.599,-3.47,-2.34,-2.87,-2.94,-1.45,-2.05,403.495,708.156,544.662,524.615,0,0,0,0
2008,66,Mujer,8.9,127,33.6,433,0,0,0.613,799,150,-4.6,36,0,-0.65,1.12,1.04,0.613,0.263,-4.6,-3.48,-4,-4.08,-3.08,-3.68,102.28,179.506,138.063,132.982,0,0,0,0
2009,59,Hombre,8.1,122,38.4,98,0,0,-0.71,48,132,-1.3,36,0,0.43,0.52,-0.53,-0.71,-1.06,-1.3,-0.18,-0.7,-0.78,-1.77,-2.37,1053.769,1849.421,1422.439,1370.085,0,0,0,0
2010,49,Mujer,10.3,146,52.9,437,0,1,-0.287,328,160,-1.6,36,0,-2.27,-1.24,-1.32,0.063,-0.287,-2.72,-1.6,-2.12,-2.2,-2.03,-2.63,75.208,131.994,101.52,97.784,0,0,0,0
2011,75,Mujer,10.5,148,37.7,174,0,0,0.58,311,142,-5.4,36,0,0.7,1.24,-0.99,0.58,0.23,-5.4,-4.28,-4.8,-4.88,-3.93,-4.53,771.409,1353.865,1041.293,1002.968,0,0,0,0
2012,63,Mujer,7.7,158,46,73,0,0,-0.375,50,152,-5.8,36,0,-2.53,-1.44,-0.64,-0.375,-0.725,-5.8,-4.67,-5.2,-5.27,-5.76,-6.36,1866.441,3275.707,2519.432,2426.703,0,0,0,0
2013,61,Mujer,7.8,125,32,125,0,0,0.356,178,134,-3.08,36,0,0.39,-2.39,-0.39,0.356,0.006,-3.08,-1.95,-2.48,-2.55,-1.94,-2.54,71.524,125.529,96.548,92.994,0,0,0,0
2014,68,Hombre,6.5,166,38.8,27,0,0,0.208,33,146,-1.13,36,0,-0.7,0.2,0.28,0.208,-0.142,-1.13,-0,-0.53,-0.6,-0.22,-0.82,1027.306,1802.979,1386.719,1335.68,0,0,0,0
2015,85,Hombre,6.7,148,41.5,88,0,0,-0.105,79,151,-2.88,36,0,-0.98,-0.46,1.02,-0.105,-0.455,-2.88,-1.75,-2.28,-2.35,-2.43,-3.03,2079.296,3649.278,2806.756,2703.452,0,0,0,0
2016,64,Hombre,8.4,135,34.7,34,0,1,0.239,43,126,-0.2,36,0,1.48,-1.68,0.2,0.589,0.239,-1.32,-0.2,-0.72,-0.8,0.16,-0.44,674.518,1183.816,910.504,876.992,0,0,0,0
2017,78,Hombre,8.5,147,42,130,0,0,-0.127,114,133,-2.17,36,0,1.38,1.17,0.55,-0.127,-0.477,-2.17,-1.04,-1.57,-1.64,-1.76,-2.36,169.818,298.04,229.23,220.793,0,0,0,0
2018,73,Hombre,8.6,120,44.6,77,1,0,0.177,92,130,-1.96,36,0,-0.3,-0.1,0.2,0.177,-0.173,-1.96,-0.83,-1.36,-1.43,-1.09,-1.69,490.73,861.258,662.416,638.035,0,0,0,0
2019,59,Mujer,7.8,128,22.6,87,0,0,-0.026,85,122,-2.14,36,0,-0.13,0.37,-1.79,-0.026,-0.376,-2.14,-1.01,-1.54,-1.61,-1.57,-2.17,137.405,241.154,185.478,178.651,0,0,0,0
2020,70,Mujer,8,104,55.5,20,0,0,0.542,34,103,-0.59,36,0,-0.94,0.31,-2.21,0.542,0.192,-0.59,0.53,0.01,-0.07,0.82,0.22,2864.081,5026.618,3866.104,3723.81,0,0,0,0
2021,66,Mujer,7.3,119,39.9,54,0,0,-1.037,19,113,0.39,36,0,-1.28,0.02,-0.46,-1.037,-1.387,0.39,1.51,0.99,0.91,-0.57,-1.17,2749.095,4824.812,3710.89,3574.309,0,0,0,0
2022,72,Mujer,9.2,150,32,479,0,0,0.55,831,156,-5.63,36,0,0,1.2,-0.16,0.55,0.2,-5.63,-4.5,-5.03,-5.1,-4.2,-4.8,48.169,84.54,65.022,62.628,0,0,0,0
2023,71,Hombre,8.5,150,48.4,105,0,0,0.216,130,144,-3.2,36,0,-0.93,1.09,-0.75,0.216,-0.134,-3.2,-2.07,-2.6,-2.67,-2.27,-2.87,200.047,351.093,270.035,260.096,0,0,0,0
2024,60,Mujer,7.2,116,48.2,100,0,1,-0.393,68,116,0.78,36,0,-1.28,0.57,0.63,-0.043,-0.393,-0.35,0.78,0.25,0.18,0.19,-0.41,1976.904,3469.575,2668.542,2570.324,0,0,0,0
2025,49,Hombre,8.2,155,34,138,0,1,-0.535,81,160,-0.89,36,0,1.07,-0.71,1.18,-0.185,-0.535,-2.02,-0.89,-1.42,-1.49,-1.69,-2.29,153.801,269.929,207.609,199.968,0,0,0,0
2026,68,Hombre,7,125,48.5,69,1,0,0.099,76,122,-3.67,36,0,2.65,-0.29,2.34,0.099,-0.251,-3.67,-2.54,-3.07,-3.14,-2.92,-3.52,652.138,1144.538,880.294,847.894,0,0,0,0
2027,67,Hombre,9.3,160,43.6,91,1,1,-0.053,86,149,-3.85,36,0,0.95,1.04,-0.68,0.297,-0.053,-4.97,-3.85,-4.37,-4.45,-3.93,-4.53,117.437,206.108,158.523,152.689,0,0,0,0
2028,58,Mujer,9,141,47.6,266,0,1,-0.234,210,134,-1.41,36,0,-1.18,-1.56,0.24,0.116,-0.234,-2.53,-1.41,-1.93,-2.01,-1.76,-2.36,213.022,373.866,287.55,276.966,0,0,0,0
2029,70,Hombre,5.7,142,54.7,72,0,1,-0.159,61,139,0.84,36,0,-1.97,0.62,0.12,0.191,-0.159,-0.29,0.84,0.31,0.24,0.6,0,385.683,676.895,520.618,501.456,0,0,0,0
2030,62,Hombre,8.6,110,44,122,0,0,-0.977,46,109,1.08,36,0,-0.36,-0.77,-0.9,-0.977,-1.327,1.08,2.21,1.68,1.61,0.22,-0.38,382.787,671.812,516.709,497.691,0,0,0,0
2031,80,Hombre,11.1,183,40.4,130,0,0,-0.639,69,185,-6.07,36,0,0.12,0.6,0.78,-0.639,-0.989,-6.07,-4.95,-5.47,-5.55,-6.43,-7.03,145.053,254.577,195.802,188.595,0,0,0,0
2032,66,Mujer,9.3,155,32.6,292,1,1,0.089,319,150,-3.84,36,0,-1.51,1.1,-1.47,0.439,0.089,-4.96,-3.84,-4.36,-4.44,-3.7,-4.3,26.064,45.744,35.183,33.888,1,0,1,1
2033,60,Hombre,5.9,131,53.4,104,1,0,-0.129,91,130,-2.03,36,0,-0.3,-0.16,-0.44,-0.129,-0.479,-2.03,-0.91,-1.43,-1.51,-1.62,-2.22,960.074,1684.982,1295.964,1248.265,0,0,0,0
2034,77,Mujer,6.8,124,54.5,13,0,0,0.412,20,138,-1.38,36,0,2.35,0.6,-0.01,0.412,0.062,-1.38,-0.26,-0.78,-0.86,-0.16,-0.76,499.397,876.469,674.115,649.304,0,0,0,0
2035,42,Hombre,7.6,95,50,135,0,1,-1.019,49,80,1.17,36,0,-0.14,1.4,-0.11,-0.669,-1.019,0.05,1.17,0.65,0.57,-0.36,-0.96,2530.755,4441.614,3416.162,3290.429,0,0,0,0
2036,62,Mujer,8.1,123,37.8,439,0,0,-0.431,285,113,-2.47,36,0,0.04,-0.48,-0.17,-0.431,-0.781,-2.47,-1.34,-1.87,-1.94,-2.52,-3.12,345.963,607.183,467.001,449.812,0,0,0,0
2037,72,Hombre,8.2,131,46.6,131,0,0,0.197,159,118,-2.91,36,0,0.34,-1,2,0.197,-0.153,-2.91,-1.79,-2.31,-2.39,-2.02,-2.62,423.764,743.729,572.021,550.968,0,0,0,0
2038,64,Hombre,7.5,136,43.6,34,0,1,-0.99,13,125,0.4,36,0,-2.24,0.9,-0.33,-0.64,-0.99,-0.73,0.4,-0.13,-0.2,-1.09,-1.69,1034.718,1815.987,1396.723,1345.316,0,0,0,0
2039,64,Mujer,9.5,139,36.9,2358,0,0,0.343,3324,148,-4.04,36,0,-0.93,0.26,-0.35,0.343,-0.007,-4.04,-2.92,-3.44,-3.52,-2.93,-3.53,257.09,451.206,347.035,334.262,0,0,0,0
2040,70,Hombre,7.2,121,36.5,94,0,0,-0.563,54,128,-3.8,36,0,-0.67,0.76,-0.21,-0.563,-0.913,-3.8,-2.68,-3.2,-3.28,-4.05,-4.65,175.134,307.37,236.407,227.706,0,0,0,0
2041,51,Hombre,7.5,129,37.9,29,0,0,0.341,41,129,-2.09,36,0,-0.53,-0.93,1.48,0.341,-0.009,-2.09,-0.96,-1.49,-1.56,-0.98,-1.58,102.539,179.961,138.413,133.319,0,0,0,0
2042,59,Hombre,10.2,160,43,421,1,1,-0.5,255,140,-3.62,36,0,2.13,-0.34,1.56,-0.15,-0.5,-4.74,-3.62,-4.14,-4.22,-4.37,-4.97,26.602,46.688,35.909,34.587,1,0,1,1
2043,60,Hombre,6.6,130,54.5,321,0,1,-0.205,261,114,-1.02,36,0,0.49,-0.48,0.78,0.145,-0.205,-2.14,-1.02,-1.54,-1.62,-1.32,-1.92,166.683,292.537,224.998,216.717,0,0,0,0
2044,60,Hombre,8.8,116,49.3,122,1,1,-0.562,70,113,-1.86,36,0,0.19,-0.29,-1.07,-0.212,-0.562,-2.98,-1.86,-2.38,-2.46,-2.7,-3.3,52.88,92.807,71.381,68.753,0,0,0,0
2045,73,Hombre,6.3,143,37.7,185,0,0,-0.041,178,160,-3.51,36,0,0.48,1.65,-0.1,-0.041,-0.391,-3.51,-2.38,-2.91,-2.98,-2.97,-3.57,263.04,461.65,355.067,341.999,0,0,0,0
2046,59,Hombre,8.1,95,39.6,40,0,0,0.862,95,80,-2.03,36,0,-0.38,1.41,-0.98,0.862,0.512,-2.03,-0.9,-1.43,-1.5,-0.13,-0.73,83.114,145.869,112.192,108.062,0,0,0,0
2047,62,Hombre,8.3,114,52,43,0,0,-0.647,23,116,-1.24,36,0,0.23,0.18,-1.2,-0.647,-0.997,-1.24,-0.11,-0.64,-0.71,-1.61,-2.21,3679.402,6457.552,4966.674,4783.872,0,0,0,0
2048,56,Mujer,6.6,148,64.5,16,0,1,1.289,58,147,-2.66,36,0,-0.31,1.13,-1.39,1.639,1.289,-3.79,-2.66,-3.19,-3.26,-0.73,-1.33,919.555,1613.87,1241.27,1195.584,0,0,0,0
2049,48,Hombre,6.5,117,55.9,104,0,0,-0.17,88,125,-0.77,36,0,1.53,0.54,-0.29,-0.17,-0.52,-0.77,0.36,-0.17,-0.24,-0.42,-1.02,4466.345,7838.68,6028.935,5807.037,0,0,0,0
2050,82,Mujer,6.9,149,57.4,34,0,0,-0.699,17,144,-1,36,0,0.06,1.18,1.27,-0.699,-1.049,-1,0.13,-0.4,-0.47,-1.45,-2.05,2528.603,4437.837,3413.257,3287.63,0,0,0,0
2051,70,Hombre,5.7,149,41.8,114,0,0,-0.295,85,146,-3.94,36,0,0.21,-1.62,1.44,-0.295,-0.645,-3.94,-2.81,-3.34,-3.41,-3.78,-4.38,554.787,973.682,748.884,721.321,0,0,0,0
2052,61,Hombre,5.9,116,42.6,67,1,1,-0.159,57,111,0.2,36,0,-0.49,1.36,0.86,0.191,-0.159,-0.93,0.2,-0.33,-0.4,-0.04,-0.64,1111.9,1951.445,1500.908,1445.666,0,0,0,0
2053,69,Mujer,9.4,126,56.1,269,0,0,-0.638,142,126,-1.3,36,0,0.83,-1.26,-0.53,-0.638,-0.988,-1.3,-0.18,-0.7,-0.78,-1.66,-2.26,978.294,1716.96,1320.559,1271.955,0,0,0,0
2054,64,Hombre,8,148,33.3,183,1,0,0.532,311,163,-4.55,36,0,-2.74,-0.13,1.12,0.532,0.182,-4.55,-3.43,-3.95,-4.03,-3.16,-3.76,808.498,1418.959,1091.358,1051.19,0,0,0,0
2055,60,Hombre,7.7,161,54,139,0,0,-0.399,93,170,-1.68,36,0,-0.09,-0.59,-0.08,-0.399,-0.749,-1.68,-0.55,-1.08,-1.15,-1.68,-2.28,295.449,518.529,398.814,384.136,0,0,0,0
2056,55,Hombre,7,126,40.7,131,1,1,-0.37,90,110,-1.36,36,0,-0.84,0.53,0.01,-0.02,-0.37,-2.49,-1.36,-1.89,-1.96,-1.92,-2.52,206.335,362.128,278.523,268.271,0,0,0,0
2057,60,Mujer,7.7,147,38.8,44,0,0,0.678,87,153,-2.59,36,0,-0.62,0.47,-0.43,0.678,0.328,-2.59,-1.47,-1.99,-2.07,-0.97,-1.57,81.172,142.462,109.571,105.538,0,0,0,0
2058,49,Hombre,8,116,45.6,82,0,1,-0.202,67,101,-1.24,36,0,0.78,1.73,0.86,0.148,-0.202,-2.36,-1.24,-1.76,-1.84,-1.54,-2.14,141.865,248.982,191.498,184.45,0,0,0,0
2059,47,Hombre,6.7,122,60.5,17,0,0,0.382,25,127,-0.68,36,0,-1.25,-0.76,-1.62,0.382,0.032,-0.68,0.45,-0.08,-0.15,0.5,-0.1,1639.999,2878.289,2213.768,2132.289,0,0,0,0
2060,47,Hombre,6.9,139,49.2,67,0,0,0.018,68,141,-0.77,36,0,-0,0.19,-2.68,0.018,-0.332,-0.77,0.36,-0.17,-0.24,-0.14,-0.74,58.913,103.395,79.524,76.597,0,0,0,0
2061,56,Mujer,9.1,173,56.3,338,0,1,-0.146,292,159,-2.81,36,0,-1.54,0,0.35,0.204,-0.146,-3.94,-2.81,-3.34,-3.41,-3.03,-3.63,146.698,257.463,198.021,190.733,0,0,0,0
2062,63,Hombre,9.3,131,30.6,343,0,0,0.055,362,122,-3.53,36,0,-0.34,0.26,-1.36,0.055,-0.295,-3.53,-2.4,-2.93,-3,-2.84,-3.44,272.237,477.79,367.481,353.956,0,0,0,0
2063,54,Hombre,6.6,101,49.7,426,0,0,-0.259,329,96,0.38,36,0,-1.39,0.36,1.94,-0.259,-0.609,0.38,1.5,0.98,0.9,0.59,-0.01,1236.649,2170.386,1669.301,1607.862,0,0,0,0
2064,74,Hombre,6.9,133,48.9,130,0,0,-0.081,120,134,-1.84,36,0,-0.92,0.38,-0.46,-0.081,-0.431,-1.84,-0.72,-1.24,-1.32,-1.37,-1.97,276.179,484.709,372.803,359.082,0,0,0,0
2065,58,Mujer,6.7,107,51.2,101,0,1,-0.541,59,102,0.55,36,0,-0.85,0.35,1.02,-0.191,-0.541,-0.57,0.55,0.03,-0.05,-0.26,-0.86,1633.986,2867.734,2205.65,2124.47,0,0,0,0
2066,56,Hombre,7.3,153,37.7,346,0,0,0.146,401,148,-3.12,36,0,-0.39,-1.14,2.2,0.146,-0.204,-3.12,-1.99,-2.52,-2.59,-2.3,-2.9,94.604,166.034,127.701,123.001,0,0,0,0
2067,65,Mujer,7.2,139,41.3,57,0,0,-0.121,51,151,-3.59,36,0,0.36,-0.44,0.47,-0.121,-0.471,-3.59,-2.47,-2.99,-3.07,-3.17,-3.77,176.489,309.748,238.235,229.467,0,0,0,0
2068,63,Hombre,7.6,155,62.2,125,0,1,-0.643,66,154,-0.97,36,0,1.01,-0.15,-0.92,-0.293,-0.643,-2.1,-0.97,-1.5,-1.57,-1.94,-2.54,1437.788,2523.397,1940.811,1869.378,0,0,0,0
2069,53,Mujer,7,140,32.8,75,0,0,0.752,159,144,-1.64,36,0,-0.2,0.88,0.86,0.752,0.402,-1.64,-0.51,-1.04,-1.11,0.09,-0.51,38.253,67.136,51.636,49.736,0,0,0,0
2070,75,Mujer,5.7,136,32.8,208,1,0,0.323,287,137,-5.28,36,0,0.72,0.39,0.57,0.323,-0.027,-5.28,-4.15,-4.68,-4.75,-4.19,-4.79,871.835,1530.118,1176.854,1133.539,0,0,0,0
2071,64,Mujer,6.3,122,53.8,111,1,1,-0.688,56,112,-0.13,36,0,-1.06,0.19,-1.71,-0.338,-0.688,-1.25,-0.13,-0.65,-0.73,-1.16,-1.76,430.725,755.947,581.418,560.019,0,0,0,0
2072,75,Hombre,8.2,124,44.3,183,1,0,-0.342,130,127,-1.5,36,0,-0.39,0.47,-0.76,-0.342,-0.692,-1.5,-0.38,-0.9,-0.98,-1.41,-2.01,374.923,658.011,506.093,487.466,0,0,0,0
2073,70,Hombre,7.1,133,45.6,156,1,0,-0.315,114,139,-2.28,36,0,0.74,0.98,1.48,-0.315,-0.665,-2.28,-1.15,-1.68,-1.75,-2.15,-2.75,366.382,643.021,494.564,476.362,0,0,0,0
2074,72,Hombre,8.5,136,50.9,34,0,1,0.554,59,127,-1.89,36,0,-0.71,-0.6,1.26,0.904,0.554,-3.02,-1.89,-2.42,-2.49,-1.06,-1.66,374.109,656.581,504.994,486.407,0,0,0,0
2075,53,Mujer,8.2,139,46.4,460,0,1,-0.45,293,123,-1.74,36,0,1.62,-2.07,-0.55,-0.1,-0.45,-2.86,-1.74,-2.26,-2.34,-2.41,-3.01,465.327,816.675,628.126,605.008,0,0,0,0
2076,57,Mujer,7.5,119,36.7,111,1,0,-0.082,102,127,-2.58,36,0,-0.14,0.27,-0.25,-0.082,-0.432,-2.58,-1.46,-1.98,-2.06,-2.1,-2.7,400.185,702.346,540.193,520.311,0,0,0,0
2077,61,Mujer,7.3,111,48.5,49,0,0,0.008,49,117,0.69,36,0,1.13,0.49,-0.94,0.008,-0.342,0.69,1.82,1.29,1.22,1.31,0.71,4943.634,8676.348,6673.208,6427.597,0,0,0,0
2078,49,Mujer,8.4,161,48,20,1,0,0.43,31,148,-1.62,36,0,-0.64,-0.52,2.23,0.43,0.08,-1.62,-0.5,-1.02,-1.1,-0.38,-0.98,354.596,622.336,478.655,461.038,0,0,0,0
2079,69,Mujer,7.8,135,60.4,121,0,0,0.142,139,138,-3.17,36,0,1.05,-0.46,-0.52,0.142,-0.208,-3.17,-2.05,-2.57,-2.65,-2.36,-2.96,3546.688,6224.631,4787.528,4611.32,0,0,0,0
2080,67,Hombre,7.5,107,32.2,27,0,0,0.124,31,112,-0.85,36,0,1.44,3.54,-1.33,0.124,-0.226,-0.85,0.28,-0.25,-0.32,-0.06,-0.66,890.566,1562.993,1202.139,1157.894,0,0,0,0
2081,64,Mujer,9.8,151,52.8,147,0,0,0.495,241,128,-3.38,36,0,0.27,-0.79,-0.81,0.495,0.145,-3.38,-2.26,-2.78,-2.86,-2.04,-2.64,377.572,662.659,509.669,490.91,0,0,0,0
2082,48,Mujer,6.9,119,43.8,306,0,0,-0.747,145,105,0.65,36,0,0.11,-0.06,0.23,-0.747,-1.097,0.65,1.77,1.25,1.17,0.13,-0.47,310.086,544.218,418.573,403.167,0,0,0,0
2083,59,Hombre,8.3,134,48.1,188,1,0,0.876,452,136,-5.84,36,0,0.05,-2.57,-2.26,0.876,0.526,-5.84,-4.72,-5.24,-5.32,-3.93,-4.53,904.446,1587.351,1220.874,1175.939,0,0,0,0
2084,70,Mujer,8.4,138,35.8,178,0,0,-0.393,120,143,-1.61,36,0,1.28,-1.42,-1.74,-0.393,-0.743,-1.61,-0.49,-1.01,-1.09,-1.6,-2.2,418.297,734.134,564.642,543.86,0,0,0,0
2085,58,Hombre,7.9,119,44.7,38,0,0,0.895,93,110,-2.42,36,0,1.44,1.59,-0.45,0.895,0.545,-2.42,-1.3,-1.82,-1.9,-0.48,-1.08,1069.419,1876.888,1443.564,1390.433,0,0,0,0
2086,63,Mujer,7.2,138,41.3,18,0,1,-0.009,18,126,-0.28,36,0,0.64,1.42,0.78,0.341,-0.009,-1.41,-0.28,-0.81,-0.88,-0.3,-0.9,5109.603,8967.632,6897.242,6643.385,0,0,0,0
2087,65,Hombre,8.4,154,44,547,0,1,-0.068,511,151,-4.32,36,0,-1.23,0.71,-1.32,0.282,-0.068,-5.45,-4.32,-4.85,-4.92,-4.43,-5.03,140.724,246.979,189.958,182.966,0,0,0,0
2088,76,Mujer,9.2,158,49.7,915,0,0,-0.511,549,158,-3.08,36,0,-0.98,-1.01,-1.15,-0.511,-0.861,-3.08,-1.95,-2.48,-2.55,-3.24,-3.84,593.397,1041.445,801.003,771.521,0,0,0,0
2089,64,Hombre,8.7,132,43.1,199,0,1,0.339,279,131,-1.56,36,0,-1.08,0.76,-0.15,0.689,0.339,-2.69,-1.56,-2.09,-2.16,-1.06,-1.66,450.372,790.427,607.938,585.563,0,0,0,0
2090,60,Hombre,9.2,107,46.4,193,1,1,0.401,288,110,-2.95,36,0,3.14,-1.56,0.61,0.751,0.401,-4.07,-2.95,-3.47,-3.55,-2.35,-2.95,830.569,1457.694,1121.151,1079.886,0,0,0,0
2091,68,Mujer,8.3,101,52.4,67,0,1,0.404,100,80,0.75,36,0,-1.1,0.87,2.86,0.754,0.404,-0.38,0.75,0.22,0.15,1.35,0.75,39.025,68.491,52.678,50.739,0,0,0,0
2092,55,Hombre,7.9,118,50.3,30,0,1,-0.258,23,113,-0.62,36,0,-0.48,2,1.95,0.092,-0.258,-1.75,-0.62,-1.15,-1.22,-1.01,-1.61,733.307,1286.995,989.861,953.429,0,0,0,0
2093,37,Hombre,7.9,159,46.2,38,0,0,-0.041,36,166,-1.55,36,0,-1.27,0.95,0.1,-0.041,-0.391,-1.55,-0.43,-0.95,-1.03,-1.01,-1.61,3486.465,6118.936,4706.235,4533.019,0,0,0,0
2094,63,Hombre,7.1,136,61,34,1,1,-0.507,20,130,0.67,36,0,-0.42,1.6,1.17,-0.157,-0.507,-0.46,0.67,0.14,0.07,-0.09,-0.69,57.292,100.55,77.336,74.489,0,0,0,0
2095,56,Hombre,8.1,115,54.5,113,1,0,0.042,118,106,-1.36,10.85,1,-0.75,-0.31,-0.58,0.042,-0.308,-1.36,-0.23,-0.76,-0.83,-0.7,-1.3,10.852,19.045,14.648,14.109,1,1,1,1
2096,56,Hombre,8.3,110,42.6,94,0,1,-0.599,52,111,-0.09,36,0,-0.72,0.1,-0.86,-0.249,-0.599,-1.22,-0.09,-0.62,-0.69,-0.99,-1.59,2113.525,3709.352,2852.961,2747.956,0,0,0,0
2097,78,Mujer,8.6,150,36,1269,1,1,-0.214,1025,152,-5.67,34.66,1,1.35,-0.11,-0.07,0.136,-0.214,-6.8,-5.67,-6.2,-6.27,-5.99,-6.59,19.75,34.662,26.66,25.678,1,1,1,1
2098,70,Hombre,7.5,119,43.1,124,1,0,-0.559,71,126,-2.11,36,0,0.77,0.67,0.86,-0.559,-0.909,-2.11,-0.98,-1.51,-1.58,-2.34,-2.94,2305.75,4046.718,3112.437,2997.882,0,0,0,0
2099,73,Mujer,8.3,153,49.4,95,0,1,-0.135,83,135,-2.03,36,0,-0.47,-0.2,1.13,0.215,-0.135,-3.15,-2.03,-2.55,-2.63,-2.23,-2.83,231.681,406.614,312.737,301.227,0,0,0,0
2100,80,Hombre,6.7,153,47.3,280,0,1,-0.608,152,139,-0.92,36,0,0.97,0.29,1.11,-0.258,-0.608,-2.04,-0.92,-1.44,-1.52,-1.83,-2.43,1061.799,1863.516,1433.279,1380.527,0,0,0,0
2101,54,Mujer,7.6,134,61.8,103,0,0,-0.11,92,138,-2.46,36,0,1.25,-0.09,0.2,-0.11,-0.46,-2.46,-1.34,-1.86,-1.94,-2.03,-2.63,208.715,366.307,281.736,271.367,0,0,0,0
2102,64,Hombre,7.2,156,46.6,311,0,1,-0.386,211,139,-2.13,36,0,0.13,-0.66,-2.06,-0.036,-0.386,-3.26,-2.13,-2.66,-2.73,-2.71,-3.31,696.135,1221.754,939.683,905.098,0,0,0,0
2103,74,Hombre,6.2,146,53.5,341,0,1,-0.001,341,146,-2.8,36,0,-0.2,3.35,-0.56,0.349,-0.001,-3.92,-2.8,-3.32,-3.4,-2.8,-3.4,343.273,602.462,463.369,446.315,0,0,0,0
2104,67,Hombre,7.4,147,55.5,373,1,1,-0.968,142,146,-1.46,36,0,-0.43,0.37,-0.35,-0.618,-0.968,-2.59,-1.46,-1.99,-2.06,-2.91,-3.51,308.29,541.065,416.148,400.831,0,0,0,0
2105,59,Mujer,6.6,116,40,134,0,0,-0.387,91,127,0.26,36,0,0.96,-0.57,0.54,-0.387,-0.737,0.26,1.38,0.86,0.78,0.28,-0.32,845.196,1483.365,1140.895,1098.904,0,0,0,0
2106,63,Mujer,7.5,149,45.9,29,0,0,0.053,31,150,-2.27,26.81,1,0.37,-1.62,1.69,0.053,-0.297,-2.27,-1.15,-1.67,-1.75,-1.59,-2.19,26.811,47.055,36.191,34.859,1,0,0,1
2107,52,Hombre,7.2,141,52.2,90,0,0,0.364,129,136,-3.9,36,0,-0.53,1.73,0.74,0.364,0.014,-3.9,-2.78,-3.3,-3.38,-2.76,-3.36,2513.033,4410.51,3392.239,3267.386,0,0,0,0
2108,73,Mujer,7.4,156,32.3,36,1,0,0.09,39,160,-4.58,36,0,0.67,1.8,0.19,0.09,-0.26,-4.58,-3.46,-3.98,-4.06,-3.85,-4.45,243.17,426.777,328.246,316.164,0,0,0,0
2109,72,Mujer,7.3,129,56.6,121,0,1,-0.28,91,123,-1.6,36,0,1.69,-0.59,0.15,0.07,-0.28,-2.72,-1.6,-2.12,-2.2,-2.01,-2.61,1040.429,1826.01,1404.433,1352.742,0,0,0,0
2110,57,Mujer,8.8,152,44.2,176,0,1,-0.586,98,153,-2.76,36,0,-0.54,-1.08,0.71,-0.236,-0.586,-3.89,-2.76,-3.29,-3.36,-3.64,-4.24,481.417,844.914,649.845,625.928,0,0,0,0
2111,79,Hombre,7.7,148,35.9,1026,0,1,-0.822,451,132,-1.96,11.37,1,2.29,-0.73,0.5,-0.472,-0.822,-3.09,-1.96,-2.49,-2.56,-3.2,-3.8,6.481,11.374,8.748,8.426,1,1,1,1
2112,77,Mujer,7.3,127,49.9,1981,1,1,-0.197,1627,118,1.05,36,0,1.15,-0.01,-1.04,0.153,-0.197,-0.07,1.05,0.53,0.45,0.76,0.16,315.693,554.059,426.142,410.457,0,0,0,0
2113,49,Mujer,8.8,110,54.3,313,0,1,-0.401,210,101,-0.02,36,0,0.7,1.14,-0.01,-0.051,-0.401,-1.15,-0.02,-0.55,-0.62,-0.62,-1.22,376.933,661.539,508.807,490.08,0,0,0,0
2114,81,Mujer,5.5,129,24.4,200,1,0,-0.011,198,132,-4.46,36,0,2.32,-0.8,0.74,-0.011,-0.361,-4.46,-3.34,-3.86,-3.94,-3.88,-4.48,412.576,724.093,556.919,536.421,0,0,0,0
2115,61,Mujer,7.2,117,48.1,133,0,1,-0.513,80,100,0.11,36,0,-0.35,1.02,1.42,-0.163,-0.513,-1.01,0.11,-0.41,-0.49,-0.66,-1.26,724.683,1271.859,978.22,942.216,0,0,0,0
2116,78,Hombre,6.2,162,42.3,101,0,1,0.076,109,156,-2.52,36,0,0.77,-1.05,-0.82,0.426,0.076,-3.65,-2.52,-3.05,-3.12,-2.41,-3.01,90.184,158.277,121.735,117.255,0,0,0,0
2117,47,Hombre,7.2,120,43.5,110,0,1,-1.24,32,113,-1.76,36,0,0.66,0.86,-0.29,-0.89,-1.24,-2.89,-1.76,-2.29,-2.36,-3.62,-4.22,812.065,1425.218,1096.173,1055.828,0,0,0,0
2118,64,Hombre,7.1,149,52.6,41,0,1,0.29,55,150,-0.77,36,0,-0.17,-0.78,0.45,0.64,0.29,-1.89,-0.77,-1.29,-1.37,-0.33,-0.93,720.316,1264.194,972.325,936.538,0,0,0,0
2119,65,Mujer,8,132,52.6,212,0,1,0.037,220,118,0.4,36,0,-0.61,-0.92,-0.78,0.387,0.037,-0.72,0.4,-0.12,-0.2,0.46,-0.14,602.644,1057.673,813.484,783.544,0,0,0,0
2120,60,Hombre,8.5,125,53.3,108,0,0,-0.225,86,130,-1.04,36,0,0.6,-0.69,0.31,-0.225,-0.575,-1.04,0.08,-0.44,-0.52,-0.78,-1.38,726.102,1274.348,980.135,944.06,0,0,0,0
2121,69,Hombre,7.7,170,49.6,846,0,1,-0.773,390,166,-2.64,36,0,2.36,-1.97,-0.77,-0.423,-0.773,-3.77,-2.64,-3.17,-3.24,-3.8,-4.4,95.368,167.376,128.733,123.995,0,0,0,0
2122,55,Hombre,7.9,128,66.4,158,0,0,-0.777,73,143,0.86,36,0,-0.16,1.19,0.04,-0.777,-1.127,0.86,1.98,1.46,1.38,0.29,-0.31,661.746,1161.4,893.263,860.386,0,0,0,0
2123,61,Hombre,8.8,119,41.8,123,0,0,-0.161,105,106,-2.28,36,0,0.92,-1.17,1.22,-0.161,-0.511,-2.28,-1.16,-1.68,-1.76,-1.92,-2.52,107.214,188.166,144.724,139.397,0,0,0,0
2124,54,Hombre,10.2,146,48.9,118,1,1,-0.295,88,141,-2.56,36,0,-0.67,-1.79,2.02,0.055,-0.295,-3.69,-2.56,-3.09,-3.16,-3,-3.6,130.327,228.732,175.924,169.449,0,0,0,0
2125,66,Mujer,6.3,115,55,242,0,1,-0.477,150,115,0.33,36,0,0.64,-1.57,0.49,-0.127,-0.477,-0.8,0.33,-0.2,-0.27,-0.39,-0.99,47.748,83.801,64.453,62.081,0,0,0,0
2126,62,Hombre,7,149,44.2,49,0,0,-0.348,35,156,-2.29,36,0,-0.86,1.13,0.55,-0.348,-0.698,-2.29,-1.16,-1.69,-1.76,-2.21,-2.81,748.717,1314.04,1010.662,973.464,0,0,0,0
2127,63,Hombre,8.3,124,67.7,147,1,1,0.1,162,115,-1,36,0,-0.76,0.31,-0.88,0.45,0.1,-2.12,-1,-1.52,-1.6,-0.85,-1.45,1963.542,3446.124,2650.505,2552.951,0,0,0,0
2128,71,Mujer,8.3,137,49.9,49,1,1,0.053,52,131,-2.72,36,0,0.29,0.54,0.81,0.403,0.053,-3.85,-2.72,-3.25,-3.32,-2.64,-3.24,590.386,1036.159,796.937,767.605,0,0,0,0
2129,59,Hombre,8,134,49.8,44,1,0,0.074,47,140,-0.71,36,0,0.54,1.6,-0.51,0.074,-0.276,-0.71,0.41,-0.11,-0.19,-0,-0.6,767.546,1347.085,1036.079,997.945,0,0,0,0
2130,61,Hombre,10.6,147,41.9,976,0,1,-0.111,874,141,-2.97,36,0,0.97,0.03,-1.16,0.239,-0.111,-4.1,-2.97,-3.5,-3.57,-3.14,-3.74,121.311,212.908,163.753,157.726,0,0,0,0
2131,64,Mujer,7,164,45.7,113,0,0,-0.536,66,166,-2.51,36,0,1.32,0.28,-1.52,-0.536,-0.886,-2.51,-1.38,-1.91,-1.98,-2.71,-3.31,1362.597,2391.432,1839.314,1771.617,0,0,0,0
2132,62,Hombre,6,125,52.4,53,1,1,-0.561,30,129,-0.9,36,0,-1.07,-0.1,-0.64,-0.211,-0.561,-2.02,-0.9,-1.42,-1.5,-1.74,-2.34,407.262,714.766,549.746,529.512,0,0,0,0
2133,73,Mujer,6.8,128,37.8,1031,0,0,0.03,1062,124,-5.47,36,0,0.59,1.85,-1.77,0.03,-0.32,-5.47,-4.35,-4.87,-4.95,-4.83,-5.43,592.174,1039.298,799.351,769.931,0,0,0,0
2134,74,Mujer,8.4,130,59.8,10,0,0,0.114,11,121,-0.97,6.19,1,0.79,-1.53,0.07,0.114,-0.236,-0.97,0.15,-0.37,-0.45,-0.2,-0.8,6.187,10.858,8.352,8.044,1,1,1,1
2135,83,Hombre,6.8,139,49.7,157,0,0,-0.161,134,153,-3.72,36,0,-0.06,0.9,0.94,-0.161,-0.511,-3.72,-2.6,-3.12,-3.2,-3.36,-3.96,661.048,1160.176,892.322,859.479,0,0,0,0
2136,61,Mujer,8.3,164,47.9,233,0,1,0.007,235,168,-2.72,36,0,1.4,0.87,-1.45,0.357,0.007,-3.84,-2.72,-3.24,-3.32,-2.71,-3.31,172.803,303.278,233.259,224.674,0,0,0,0
2137,81,Mujer,8.3,159,29.4,44,0,0,-0.134,38,139,-2.45,22.1,1,-1.01,1.5,-0.96,-0.134,-0.484,-2.45,-1.33,-1.85,-1.93,-2.06,-2.66,22.104,38.794,29.837,28.739,1,0,1,1
2138,66,Hombre,6.5,132,27.2,274,0,0,-0.906,111,132,-0.31,36,0,-0.4,0.49,-0.15,-0.906,-1.256,-0.31,0.82,0.29,0.22,-1.07,-1.67,717.278,1258.862,968.224,932.588,0,0,0,0
2139,44,Mujer,6,143,38.2,44,0,0,0.616,82,140,-3.77,36,0,0.59,-0.87,-1.82,0.616,0.266,-3.77,-2.65,-3.17,-3.25,-2.25,-2.85,315.695,554.062,426.143,410.459,0,0,0,0
2140,49,Mujer,8.2,131,51,11,0,0,0.402,16,124,-1.66,36,0,-0.84,-1.26,-0.94,0.402,0.052,-1.66,-0.54,-1.06,-1.14,-0.46,-1.06,3108.094,5454.875,4195.488,4041.071,0,0,0,0
2141,52,Mujer,6.9,110,43.6,42,0,1,-0.461,26,112,1.87,36,0,-1.82,-0.6,1.48,-0.111,-0.461,0.75,1.87,1.35,1.27,1.18,0.58,751.054,1318.141,1013.817,976.503,0,0,0,0
2142,52,Hombre,10.7,154,44.7,113,0,0,0.422,172,153,-2.82,36,0,-0.21,-0.73,0.68,0.422,0.072,-2.82,-1.7,-2.22,-2.3,-1.59,-2.19,347.047,609.086,468.464,451.222,0,0,0,0
2143,66,Hombre,7.4,135,54.2,194,1,0,0.132,221,128,-0.55,36,0,0.81,-2.22,0.31,0.132,-0.218,-0.55,0.58,0.05,-0.02,0.25,-0.35,432.736,759.476,584.133,562.634,0,0,0,0
2144,80,Mujer,8.4,129,30.4,22,0,0,-0.444,14,126,-1.71,36,0,1.17,0.87,-0.37,-0.444,-0.794,-1.71,-0.59,-1.11,-1.19,-1.78,-2.38,1886.138,3310.275,2546.02,2452.312,0,0,0,0
2145,67,Hombre,9.2,113,40.9,406,1,1,-0.734,195,109,-3.3,36,0,-1.02,0.14,1.31,-0.384,-0.734,-4.43,-3.3,-3.83,-3.9,-4.4,-5,93.89,164.782,126.738,122.073,0,0,0,0
2146,60,Hombre,6.1,148,61.6,94,0,1,-0.089,86,136,-0.55,36,0,0.11,0.56,1.46,0.261,-0.089,-1.68,-0.55,-1.08,-1.15,-0.69,-1.29,1060.878,1861.898,1432.035,1379.328,0,0,0,0
2147,56,Hombre,7.6,137,30.2,54,0,0,0.205,66,141,-1.89,36,0,0.32,-0.46,0.76,0.205,-0.145,-1.89,-0.76,-1.29,-1.36,-0.98,-1.58,466.673,819.037,629.943,606.757,0,0,0,0
2148,78,Mujer,6.1,137,44.3,9,0,0,0.886,22,136,-3.02,36,0,1.62,1.38,-0.71,0.886,0.536,-3.02,-1.89,-2.42,-2.49,-1.09,-1.69,657.669,1154.245,887.761,855.086,0,0,0,0
2149,58,Hombre,8.2,155,62.6,219,0,0,-0.13,192,165,-1.26,36,0,0.79,-0.53,-1.43,-0.13,-0.48,-1.26,-0.13,-0.66,-0.73,-0.85,-1.45,142.479,250.059,192.327,185.248,0,0,0,0
2150,72,Hombre,8.5,141,54.1,100,0,1,-0.34,71,128,0.05,36,0,0.32,-0.22,2.2,0.01,-0.34,-1.08,0.05,-0.48,-0.55,-0.46,-1.06,364.61,639.91,492.172,474.057,0,0,0,0
2151,52,Mujer,9.7,133,49.3,72,0,1,-0.231,57,118,-1.98,36,0,-0.56,-0.92,-1.38,0.119,-0.231,-3.11,-1.98,-2.51,-2.58,-2.33,-2.93,1103.928,1937.454,1490.147,1435.301,0,0,0,0
2152,58,Hombre,7.1,127,49.1,57,0,1,-0.554,33,129,-0.11,36,0,-0.59,-0.49,0.76,-0.204,-0.554,-1.24,-0.11,-0.64,-0.71,-0.95,-1.55,695.746,1221.072,939.159,904.592,0,0,0,0
2153,49,Hombre,7.3,128,41.8,151,0,0,0.099,167,122,-1.45,36,0,-2.47,0.04,0.72,0.099,-0.251,-1.45,-0.32,-0.85,-0.92,-0.7,-1.3,1509.622,2649.469,2037.777,1962.775,0,0,0,0
2154,58,Hombre,8.9,140,44.7,86,0,1,0.296,116,127,0.36,36,0,1.79,0.36,-0.45,0.646,0.296,-0.77,0.36,-0.17,-0.24,0.8,0.2,539.48,946.816,728.221,701.419,0,0,0,0
2155,75,Hombre,8.8,132,60.5,133,1,0,-0.089,122,129,-2.44,36,0,-0.66,1.59,0.77,-0.089,-0.439,-2.44,-1.32,-1.84,-1.92,-1.98,-2.58,185.696,325.907,250.664,241.438,0,0,0,0
2156,60,Mujer,9.5,148,43.6,503,0,1,-0.601,276,150,-1.82,36,0,-0.07,0.19,0.93,-0.251,-0.601,-2.94,-1.82,-2.34,-2.42,-2.72,-3.32,195.061,342.342,263.304,253.613,0,0,0,0
2157,70,Mujer,12,137,56.4,654,0,0,0.166,772,141,-5.78,36,0,-0.25,0.19,1.74,0.166,-0.184,-5.78,-4.66,-5.18,-5.26,-4.93,-5.53,294.934,517.626,398.12,383.467,0,0,0,0
2158,46,Hombre,7.1,143,64.2,30,0,0,-0.197,25,142,-0.65,36,0,-0.21,-3.01,0.65,-0.197,-0.547,-0.65,0.48,-0.05,-0.12,-0.34,-0.94,4948.943,8685.666,6680.375,6434.5,0,0,0,0
2159,61,Mujer,6.9,106,42.9,29,0,0,0.307,39,95,-0.61,36,0,-0.23,0.86,-2.09,0.307,-0.043,-0.61,0.52,-0.01,-0.08,0.45,-0.15,1921.351,3372.077,2593.553,2498.096,0,0,0,0
2160,63,Hombre,8.4,111,54.8,331,0,1,-0.437,214,98,-0.18,36,0,0.64,-0.48,-0.82,-0.087,-0.437,-1.3,-0.18,-0.7,-0.78,-0.83,-1.43,641.494,1125.857,865.926,834.055,0,0,0,0
2161,57,Hombre,7.3,132,63,25,1,0,-0.177,21,127,-1.16,36,0,0.65,1.12,0.06,-0.177,-0.527,-1.16,-0.04,-0.56,-0.64,-0.83,-1.43,773.951,1358.326,1044.725,1006.273,0,0,0,0
2162,70,Mujer,7.7,157,60.7,159,0,0,-0.014,157,148,-3.53,36,0,-0.19,-1.59,-0.36,-0.014,-0.364,-3.53,-2.41,-2.93,-3.01,-2.95,-3.55,1465.527,2572.08,1978.254,1905.444,0,0,0,0
2163,53,Hombre,9,106,65.1,173,0,1,-0.406,115,89,0.31,36,0,-1.66,-0.26,-0.23,-0.056,-0.406,-0.81,0.31,-0.21,-0.29,-0.3,-0.9,2460.3,4317.961,3321.058,3198.824,0,0,0,0
2164,67,Mujer,8.3,150,45.7,514,1,1,-0.862,217,146,-2.19,36,0,-0.06,0.61,-1.2,-0.512,-0.862,-3.31,-2.19,-2.71,-2.79,-3.48,-4.08,112.597,197.614,151.99,146.396,0,0,0,0
2165,67,Hombre,6.1,144,49,32,0,0,0.697,64,138,-4,36,0,0.88,0.85,-1.02,0.697,0.347,-4,-2.88,-3.4,-3.48,-2.36,-2.96,762.008,1337.365,1028.603,990.745,0,0,0,0
2166,71,Mujer,10.2,136,47.7,348,0,1,0.182,417,128,-3.27,36,0,0.68,-0.81,-3.49,0.532,0.182,-4.39,-3.27,-3.79,-3.87,-2.99,-3.59,215.076,377.47,290.322,279.637,0,0,0,0
2167,75,Hombre,8.5,95,39.5,179,0,0,-1.23,52,96,-1.06,36,0,1.73,-0.07,0.73,-1.23,-1.58,-1.06,0.07,-0.46,-0.53,-2.3,-2.9,376.095,660.067,507.675,488.99,0,0,0,0
2168,74,Hombre,6.9,118,32.5,78,1,1,-0.187,65,104,-3.49,36,0,1.54,-0.71,-1.5,0.163,-0.187,-4.62,-3.49,-4.02,-4.09,-3.77,-4.37,1055.751,1852.901,1425.115,1372.663,0,0,0,0
2169,76,Hombre,6.3,122,36.8,448,1,0,-0.212,362,119,-2.55,36,0,0.81,-0.82,-0.32,-0.212,-0.562,-2.55,-1.42,-1.95,-2.02,-2.27,-2.87,129.148,226.662,174.332,167.915,0,0,0,0
2170,67,Hombre,7,123,26.7,178,0,0,0.094,195,119,-3.47,36,0,-0.75,-1.22,1.59,0.094,-0.256,-3.47,-2.34,-2.87,-2.94,-2.72,-3.32,249.016,437.036,336.136,323.765,0,0,0,0
2171,53,Mujer,8,122,34,255,0,0,-1.061,88,116,0.15,36,0,1.11,-0.11,-0.15,-1.061,-1.411,0.15,1.28,0.75,0.68,-0.84,-1.44,432.567,759.179,583.905,562.414,0,0,0,0
2172,74,Hombre,7.1,141,48.1,115,0,0,-0.466,72,154,-1.7,36,0,2.05,-0.38,-0.08,-0.466,-0.816,-1.7,-0.58,-1.1,-1.18,-1.8,-2.4,1067.44,1873.416,1440.894,1387.861,0,0,0,0
2173,81,Mujer,7.9,139,44.3,99,1,1,-0.229,79,133,-3.32,36,0,0.12,1.34,1.9,0.121,-0.229,-4.44,-3.32,-3.84,-3.92,-3.66,-4.26,171.249,300.552,231.163,222.654,0,0,0,0
2174,68,Hombre,7.8,142,48.6,508,1,1,0.063,541,140,-2.68,16.2,1,1.23,0.37,0.69,0.413,0.063,-3.8,-2.68,-3.2,-3.28,-2.58,-3.18,9.228,16.195,12.456,11.998,1,1,1,1
2175,57,Mujer,8.7,155,54.8,28,0,0,0.447,44,162,-2.49,36,0,0.14,-0.28,-0.59,0.447,0.097,-2.49,-1.37,-1.89,-1.97,-1.22,-1.82,1529.618,2684.564,2064.769,1988.774,0,0,0,0
2176,67,Hombre,9.5,157,50.5,149,0,1,0.116,167,142,-2,36,0,1.49,-0.5,-0.73,0.466,0.116,-3.12,-2,-2.52,-2.6,-1.82,-2.42,248.197,435.6,335.031,322.7,0,0,0,0
2177,59,Mujer,8.1,157,52.5,159,0,1,0.174,189,168,-0.9,36,0,0.85,0.34,-0.72,0.524,0.174,-2.02,-0.9,-1.42,-1.5,-0.64,-1.24,44.315,77.775,59.819,57.617,0,0,0,0
2178,66,Hombre,7.8,135,48.7,63,1,0,0.076,68,132,-2.46,36,0,0.64,-0.15,-1.46,0.076,-0.274,-2.46,-1.33,-1.86,-1.93,-1.74,-2.34,39.065,68.562,52.733,50.792,0,0,0,0
2179,66,Hombre,5.5,153,38.8,166,1,0,0.181,199,148,-3.19,21.49,1,0.57,-0.08,-1.17,0.181,-0.169,-3.19,-2.06,-2.59,-2.66,-2.32,-2.92,21.495,37.725,29.015,27.947,1,0,1,1
2180,44,Mujer,7.1,116,66.3,304,0,1,-0.561,173,112,-1.04,36,0,-0.65,1.49,-0.4,-0.211,-0.561,-2.17,-1.04,-1.57,-1.64,-1.89,-2.49,3394.174,5956.961,4581.656,4413.025,0,0,0,0
2181,81,Hombre,9.6,132,30.2,793,0,1,-0.668,407,131,-2.71,36,0,0.48,-1.75,0.13,-0.318,-0.668,-3.84,-2.71,-3.24,-3.31,-3.71,-4.31,1388.739,2437.312,1874.601,1805.605,0,0,0,0
2182,70,Mujer,7.3,132,38.8,85,0,0,-0.022,83,143,-2.55,15.6,1,2.38,1,-1.04,-0.022,-0.372,-2.55,-1.43,-1.95,-2.03,-1.98,-2.58,15.601,27.381,21.059,20.284,1,1,1,1
2183,70,Mujer,9.1,143,38.3,21,0,0,-0.065,20,152,-0.49,36,0,-0.7,-2.25,1.56,-0.065,-0.415,-0.49,0.63,0.11,0.03,0.01,-0.59,614.955,1079.28,830.103,799.55,0,0,0,0
2184,59,Hombre,9.2,137,47.6,96,1,0,0.123,109,132,-4.46,36,0,0.15,0.54,-0.21,0.123,-0.227,-4.46,-3.33,-3.86,-3.93,-3.67,-4.27,181.123,317.881,244.491,235.492,0,0,0,0
2185,55,Hombre,8.2,144,42.2,13,0,0,1.361,51,147,-4.16,36,0,0.84,-0.75,1.32,1.361,1.011,-4.16,-3.03,-3.56,-3.63,-1.52,-2.12,631.262,1107.899,852.114,820.751,0,0,0,0
2186,75,Mujer,7.3,150,48.4,278,0,0,0.342,391,140,-2.93,4.25,1,0.86,0.06,-1.08,0.342,-0.008,-2.93,-1.8,-2.33,-2.4,-1.81,-2.41,4.251,7.461,5.739,5.528,1,1,1,1
2187,49,Hombre,8.9,125,44.1,447,0,1,-0.567,254,111,-0.17,36,0,0.6,-0.07,0.48,-0.217,-0.567,-1.3,-0.17,-0.7,-0.77,-1.02,-1.62,2680.691,4704.759,3618.554,3485.371,0,0,0,0
2188,76,Hombre,8,121,50,89,1,0,0.886,216,134,-3.76,36,0,0.39,-0.94,2.02,0.886,0.536,-3.76,-2.64,-3.16,-3.24,-1.83,-2.43,169.018,296.636,228.15,219.753,0,0,0,0
2189,45,Mujer,9.7,143,46.1,159,0,1,0.59,287,132,-3.46,36,0,0.09,0.22,-0.94,0.94,0.59,-4.59,-3.46,-3.99,-4.06,-2.58,-3.18,346.378,607.912,467.561,450.352,0,0,0,0
2190,69,Hombre,7.3,126,52.3,201,1,0,0.196,245,116,-4.1,36,0,-1.29,0.09,-0.43,0.196,-0.154,-4.1,-2.98,-3.5,-3.58,-3.21,-3.81,38.5,67.57,51.97,50.057,0,0,0,0
2191,53,Hombre,8.9,128,48.4,90,0,0,0.014,91,120,-0.71,36,0,0.08,0.52,0.64,0.014,-0.336,-0.71,0.41,-0.11,-0.19,-0.09,-0.69,2254.21,3956.262,3042.865,2930.871,0,0,0,0
2192,55,Mujer,9.4,143,46.8,87,0,1,0.28,115,138,-2.52,36,0,-1.18,-1.29,2.43,0.63,0.28,-3.65,-2.52,-3.05,-3.12,-2.1,-2.7,263.936,463.222,356.276,343.163,0,0,0,0
2193,55,Hombre,6.4,108,53.6,139,1,0,0.005,140,107,1.16,36,0,-1.22,-0.16,-1.75,0.005,-0.345,1.16,2.28,1.76,1.68,1.76,1.16,92.742,162.766,125.188,120.58,0,0,0,0
2194,66,Hombre,8.8,158,52,179,1,1,-1.12,58,144,-0.11,36,0,1.5,2.02,0.54,-0.77,-1.12,-1.24,-0.11,-0.64,-0.71,-1.79,-2.39,2032.588,3567.303,2743.707,2642.723,0,0,0,0
2195,77,Hombre,6.6,111,42,199,1,0,-0.39,135,107,-3.28,36,0,1.52,0.66,1.17,-0.39,-0.74,-3.28,-2.15,-2.68,-2.75,-3.26,-3.86,243.387,427.158,328.538,316.446,0,0,0,0
2196,66,Hombre,8.6,145,36.8,151,0,1,0.74,317,152,-3.33,36,0,0.08,0.66,2.6,1.09,0.74,-4.45,-3.33,-3.85,-3.93,-2.22,-2.82,736.796,1293.118,994.571,957.965,0,0,0,0
2197,76,Hombre,7.7,154,46.1,110,0,1,0.116,124,157,-2.36,36,0,1.79,-0.02,0.2,0.466,0.116,-3.49,-2.36,-2.89,-2.96,-2.19,-2.79,113.318,198.879,152.963,147.333,0,0,0,0
2198,69,Hombre,7.4,136,52.4,25,0,0,-0.125,22,147,-1.93,36,0,0.94,1.32,0.65,-0.125,-0.475,-1.93,-0.81,-1.33,-1.41,-1.52,-2.12,775.174,1360.472,1046.375,1007.863,0,0,0,0
2199,39,Hombre,6.5,134,46.3,53,0,0,0.737,111,143,-1.26,36,0,-0.18,1.95,-0.65,0.737,0.387,-1.26,-0.13,-0.66,-0.73,0.45,-0.15,267.658,469.755,361.301,348.003,0,0,0,0
2200,66,Hombre,9,164,54.9,54,0,1,-0.349,38,149,0.53,36,0,0.55,-1.89,0.6,0.001,-0.349,-0.6,0.53,0,-0.07,0.01,-0.59,194.43,341.236,262.453,252.794,0,0,0,0
2201,57,Mujer,7,115,63.6,14,0,1,0.618,26,108,-0.81,36,0,-1.1,-0.89,-1.76,0.968,0.618,-1.94,-0.81,-1.34,-1.41,0.11,-0.49,1867.941,3278.339,2521.457,2428.653,0,0,0,0
2202,75,Hombre,6.3,145,55.1,100,1,0,0.391,148,146,-3.37,36,0,1.18,-1.26,0.38,0.391,0.041,-3.37,-2.25,-2.77,-2.85,-2.18,-2.78,113.202,198.675,152.806,147.182,0,0,0,0
2203,51,Mujer,7.8,165,50.4,34,0,1,-0.517,20,159,-1.21,36,0,0.16,-0.47,1.59,-0.167,-0.517,-2.33,-1.21,-1.73,-1.81,-1.98,-2.58,431.519,757.339,582.489,561.05,0,0,0,0
2204,56,Mujer,7.9,150,43,137,0,0,-0.074,127,142,-0.86,36,0,-0.98,0.44,-0.41,-0.074,-0.424,-0.86,0.27,-0.26,-0.33,-0.37,-0.97,1445.229,2536.455,1950.854,1879.052,0,0,0,0
2205,62,Mujer,9.4,142,46.3,150,1,0,0.554,261,128,-4.3,36,0,-1.3,0.1,-0.79,0.554,0.204,-4.3,-3.17,-3.7,-3.77,-2.87,-3.47,61.524,107.978,83.049,79.992,0,0,0,0
2206,74,Mujer,9.1,129,38.6,230,1,0,-0.162,196,138,-2.45,36,0,2.03,-0.05,0.2,-0.162,-0.512,-2.45,-1.32,-1.85,-1.92,-2.09,-2.69,383.402,672.892,517.539,498.491,0,0,0,0
2207,61,Mujer,7.4,155,48.8,97,1,1,-0.226,77,145,-2.88,36,0,-0.5,-0.45,1.63,0.124,-0.226,-4,-2.88,-3.4,-3.48,-3.22,-3.82,920.699,1615.878,1242.814,1197.072,0,0,0,0
2208,75,Hombre,7,143,59,183,0,0,0.76,391,135,-2.45,36,0,0.48,-1,-0.41,0.76,0.41,-2.45,-1.32,-1.85,-1.92,-0.71,-1.31,1505.873,2642.89,2032.716,1957.901,0,0,0,0
2209,72,Hombre,8.6,159,41.3,96,0,0,-0.025,94,165,-1.87,36,0,1.23,0.1,0.86,-0.025,-0.375,-1.87,-0.75,-1.27,-1.35,-1.31,-1.91,280.925,493.038,379.209,365.252,0,0,0,0
2210,71,Hombre,7.6,136,47.4,340,0,1,0.447,532,118,-3.11,36,0,0.37,-0.66,1.22,0.797,0.447,-4.23,-3.11,-3.63,-3.71,-2.44,-3.04,41.369,72.606,55.843,53.788,0,0,0,0
2211,40,Hombre,7.4,121,50,284,0,0,-0.429,185,127,-1.21,36,0,-0.75,-0.26,1.43,-0.429,-0.779,-1.21,-0.09,-0.61,-0.69,-1.25,-1.85,954.268,1674.793,1288.128,1240.717,0,0,0,0
2212,62,Hombre,8.4,124,46.9,177,0,0,-0.186,147,135,-1.66,36,0,2.11,0.02,0.1,-0.186,-0.536,-1.66,-0.54,-1.06,-1.14,-1.34,-1.94,289.332,507.794,390.558,376.183,0,0,0,0
2213,65,Hombre,9,123,48,785,0,0,0.607,1440,139,-4.43,9.12,1,1,1.57,0.36,0.607,0.257,-4.43,-3.3,-3.83,-3.9,-2.92,-3.52,9.118,16.003,12.308,11.855,1,1,1,1
2214,76,Hombre,6.5,138,40.6,30,0,0,-0.4,20,149,-1.13,36,0,0.86,-0.58,-0.51,-0.4,-0.75,-1.13,-0,-0.53,-0.6,-1.13,-1.73,2154.962,3782.075,2908.894,2801.83,0,0,0,0
2215,66,Mujer,6.1,120,44.4,105,0,1,-0.078,97,124,-2.31,36,0,-0.32,-1.61,-2.17,0.272,-0.078,-3.44,-2.31,-2.84,-2.91,-2.43,-3.03,184.705,324.168,249.326,240.149,0,0,0,0
2216,68,Mujer,6.4,142,41.1,150,0,1,-0.662,77,127,-0.72,36,0,0.14,-0.67,0.02,-0.312,-0.662,-1.85,-0.72,-1.25,-1.32,-1.71,-2.31,114.566,201.069,154.648,148.956,0,0,0,0
2217,72,Mujer,6.7,137,49.1,18,0,0,0.728,37,127,-1.04,36,0,-0.75,-0.17,-0.88,0.728,0.378,-1.04,0.09,-0.44,-0.51,0.65,0.05,586.125,1028.682,791.187,762.066,0,0,0,0
2218,68,Mujer,7.3,168,48,165,0,0,-0.014,163,159,-2.96,36,0,0.79,-1.84,-2.65,-0.014,-0.364,-2.96,-1.84,-2.36,-2.44,-2.38,-2.98,383.462,672.996,517.619,498.568,0,0,0,0
2219,55,Hombre,8.1,143,64.2,67,0,0,1.358,261,146,-4.6,36,0,-0.09,0.43,-1,1.358,1.008,-4.6,-3.48,-4,-4.08,-1.97,-2.57,340.036,596.781,459,442.106,0,0,0,0
2220,48,Mujer,7.4,111,70.7,68,0,1,-0.739,32,87,0.04,36,0,0.44,1.47,-0.16,-0.389,-0.739,-1.09,0.04,-0.49,-0.56,-1.07,-1.67,7185.774,12611.427,9699.781,9342.775,0,0,0,0
2221,56,Mujer,8,156,46.1,88,0,0,0.639,167,145,-2.13,36,0,-0.31,1.16,-1.07,0.639,0.289,-2.13,-1,-1.53,-1.6,-0.57,-1.17,507.602,890.87,685.191,659.973,0,0,0,0
2222,46,Mujer,8.9,136,56.1,102,0,1,0.136,117,133,-0.72,36,0,-2.03,0.94,1.24,0.486,0.136,-1.85,-0.72,-1.25,-1.32,-0.52,-1.12,1544.919,2711.417,2085.422,2008.667,0,0,0,0
2223,49,Mujer,6.2,137,46.6,157,0,1,-0.729,76,128,-0.77,36,0,1.61,-0.31,-0.77,-0.379,-0.729,-1.89,-0.77,-1.29,-1.37,-1.86,-2.46,1480.996,2599.229,1999.135,1925.556,0,0,0,0
2224,65,Hombre,7.5,114,53.2,30,0,1,-0.56,17,109,1.65,36,0,-0.46,-0.77,-1.09,-0.21,-0.56,0.52,1.65,1.12,1.05,0.81,0.21,1790.811,3142.971,2417.342,2328.37,0,0,0,0
2225,65,Hombre,7.9,130,47.9,57,1,0,0.352,81,126,-3.63,36,0,-1.24,-1.15,-0.52,0.352,0.002,-3.63,-2.5,-3.03,-3.1,-2.5,-3.1,3248.968,5702.116,4385.648,4224.232,0,0,0,0
2226,54,Hombre,5.5,147,50.9,64,0,1,-0.635,34,151,-0.6,36,0,-2.06,-0.4,-0.09,-0.285,-0.635,-1.73,-0.6,-1.13,-1.2,-1.55,-2.15,3459.844,6072.216,4670.301,4498.408,0,0,0,0
2227,67,Hombre,7.4,147,29.4,391,1,0,-0.18,327,145,-3.5,36,0,0.41,-1.07,0.48,-0.18,-0.53,-3.5,-2.38,-2.9,-2.98,-3.17,-3.77,429.656,754.07,579.975,558.629,0,0,0,0
2228,57,Mujer,8.7,122,56.2,221,0,1,0.431,340,124,-1.17,36,0,0.11,0.94,0.6,0.781,0.431,-2.29,-1.17,-1.69,-1.77,-0.52,-1.12,449.369,788.668,606.585,584.259,0,0,0,0
2229,73,Hombre,10.5,148,34.4,405,0,0,-0.008,402,141,-3.88,23.02,1,0.51,-0.79,0.46,-0.008,-0.358,-3.88,-2.76,-3.28,-3.36,-3.29,-3.89,23.017,40.396,31.07,29.926,1,0,1,1
2230,54,Hombre,9.2,135,40.2,123,0,0,-0.153,106,130,-1.67,36,0,-0.19,0.52,0.53,-0.153,-0.503,-1.67,-0.55,-1.07,-1.15,-1.3,-1.9,535.96,940.639,723.47,696.843,0,0,0,0
2231,69,Hombre,7.3,139,53.8,62,0,1,-0.152,53,136,-0.6,36,0,1.94,-0,0.49,0.198,-0.152,-1.73,-0.6,-1.13,-1.2,-0.83,-1.43,409.642,718.944,552.959,532.607,0,0,0,0
2232,55,Hombre,7.7,140,31.5,61,0,0,1.362,238,146,-4.14,36,0,-2.86,-0.17,0.62,1.362,1.012,-4.14,-3.01,-3.54,-3.61,-1.5,-2.1,166.217,291.72,224.37,216.112,0,0,0,0
2233,62,Hombre,7.6,135,45.3,46,0,1,-0.519,27,124,-0.65,36,0,-0.77,-0.19,0.65,-0.169,-0.519,-1.78,-0.65,-1.18,-1.25,-1.43,-2.03,425.345,746.504,574.156,553.024,0,0,0,0
2234,49,Hombre,10.8,117,44.9,167,1,1,-0.946,65,115,-0.02,36,0,1.1,-0.13,-0.22,-0.596,-0.946,-1.14,-0.02,-0.54,-0.62,-1.43,-2.03,440.428,772.975,594.516,572.634,0,0,0,0
2235,56,Mujer,7.2,131,57,208,0,1,-0.227,166,139,-1.59,36,0,-1,0.47,-1.14,0.123,-0.227,-2.71,-1.59,-2.11,-2.19,-1.93,-2.53,506.498,888.932,683.701,658.537,0,0,0,0
2236,81,Mujer,7.9,134,45.5,208,0,1,-0.298,154,136,-2.7,36,0,0.28,-0.32,0.23,0.052,-0.298,-3.82,-2.7,-3.22,-3.3,-3.15,-3.75,64.461,113.132,87.013,83.811,0,0,0,0
2237,59,Mujer,8.4,152,47.2,281,0,1,-0.069,262,142,-1.04,36,0,0.17,-0.34,-1.85,0.281,-0.069,-2.16,-1.04,-1.56,-1.64,-1.14,-1.74,149.029,261.554,201.168,193.764,0,0,0,0
2238,54,Hombre,9.3,134,46.6,169,1,0,0.396,251,125,-3.43,36,0,-0.02,-0.9,-0.22,0.396,0.046,-3.43,-2.31,-2.83,-2.91,-2.24,-2.84,361.757,634.903,488.321,470.348,0,0,0,0
2239,61,Mujer,7.5,110,46.3,135,0,0,-0.518,80,106,-1.14,36,0,-0.64,1.74,1.51,-0.518,-0.868,-1.14,-0.01,-0.54,-0.61,-1.32,-1.92,219.838,385.827,296.75,285.828,0,0,0,0
2240,76,Hombre,7.8,136,42.2,120,0,1,-0.094,109,128,-1.21,36,0,-1.22,-0.9,1.37,0.256,-0.094,-2.33,-1.21,-1.73,-1.81,-1.35,-1.95,49.52,86.91,66.845,64.384,0,0,0,0
2241,70,Hombre,8.4,116,38.7,132,0,0,1.237,455,116,-5.21,36,0,0.42,-0.57,0.52,1.237,0.887,-5.21,-4.09,-4.61,-4.69,-2.76,-3.36,98.739,173.292,133.283,128.378,0,0,0,0
2242,63,Mujer,6.9,144,47.1,114,0,0,-0.136,99,153,-0.76,36,0,0.49,0.84,0.37,-0.136,-0.486,-0.76,0.37,-0.16,-0.23,-0.36,-0.96,40.685,71.404,54.919,52.897,0,0,0,0
2243,86,Hombre,8.2,161,55.3,142,1,1,-0.407,95,160,-1.31,36,0,-0.28,1.36,-1.66,-0.057,-0.407,-2.44,-1.31,-1.84,-1.91,-1.92,-2.52,463.15,812.854,625.187,602.177,0,0,0,0
2244,65,Mujer,6.9,107,53.6,137,1,1,-0.107,123,114,-1.11,36,0,0.18,0.41,0.44,0.243,-0.107,-2.24,-1.11,-1.64,-1.71,-1.27,-1.87,800.572,1405.048,1080.66,1040.885,0,0,0,0
2245,71,Mujer,6.6,156,59.3,162,1,1,-0.652,84,135,-0.75,36,0,0.38,-0.15,-0.62,-0.302,-0.652,-1.88,-0.75,-1.28,-1.35,-1.73,-2.33,278.285,488.405,375.645,361.819,0,0,0,0
2246,53,Hombre,6.6,137,64.2,40,1,1,-1.113,13,140,1.47,36,0,0.19,0.57,-1.4,-0.763,-1.113,0.34,1.47,0.94,0.87,-0.2,-0.8,1677.667,2944.397,2264.613,2181.263,0,0,0,0
2247,74,Mujer,8.5,143,44.5,89,0,0,0.109,99,143,-2.3,36,0,1.31,-0.42,2.24,0.109,-0.241,-2.3,-1.17,-1.7,-1.77,-1.53,-2.13,450.981,791.496,608.761,586.355,0,0,0,0
2248,64,Hombre,8.6,125,37.2,252,0,1,0.559,441,132,-1.3,26.65,1,1.11,-0.46,0.7,0.909,0.559,-2.42,-1.3,-1.82,-1.9,-0.46,-1.06,15.187,26.654,20.5,19.746,1,1,1,1
2249,64,Mujer,7.8,131,20,41,1,0,-1.018,15,135,-1.29,36,0,0.36,-0.13,1.33,-1.018,-1.368,-1.29,-0.16,-0.69,-0.76,-2.21,-2.81,1707.169,2996.176,2304.438,2219.622,0,0,0,0
2250,79,Hombre,9.7,142,36.6,562,0,1,0.198,685,139,-2.38,36,0,1.48,-1.32,-0.86,0.548,0.198,-3.51,-2.38,-2.91,-2.98,-2.09,-2.69,295.055,517.837,398.282,383.623,0,0,0,0
2251,68,Hombre,7.9,120,42.6,246,0,0,-0.074,228,130,-2.93,36,0,-0.16,-0.49,0.13,-0.074,-0.424,-2.93,-1.8,-2.33,-2.4,-2.44,-3.04,991.911,1740.857,1338.939,1289.659,0,0,0,0
2252,75,Mujer,6.7,123,28.8,163,1,0,-0.362,113,126,-1.58,36,0,0.19,-0.59,1.46,-0.362,-0.712,-1.58,-0.46,-0.98,-1.06,-1.53,-2.13,176.416,309.619,238.136,229.371,0,0,0,0
2253,68,Hombre,10.1,126,45.2,499,0,0,-0.024,487,126,-4.05,6.3,1,1.59,-0.44,0.47,-0.024,-0.374,-4.05,-2.93,-3.45,-3.53,-3.49,-4.09,6.3,11.057,8.504,8.191,1,1,1,1
2254,57,Mujer,8.4,133,35.2,15,0,0,0.292,20,134,-0.72,36,0,0.06,0.27,-0.15,0.292,-0.058,-0.72,0.41,-0.12,-0.19,0.32,-0.28,1303.971,2288.541,1760.177,1695.393,0,0,0,0
2255,50,Hombre,8.3,134,40.8,71,0,0,-0.382,48,137,-1.19,36,0,0.96,-0.87,0.35,-0.382,-0.732,-1.19,-0.06,-0.59,-0.66,-1.16,-1.76,593.569,1041.746,801.234,771.744,0,0,0,0
2256,67,Mujer,7.8,120,54,122,0,0,-0.215,98,117,-2.68,36,0,-0.21,-1.03,-1.04,-0.215,-0.565,-2.68,-1.56,-2.08,-2.16,-2.4,-3,3433.092,6025.264,4634.19,4463.626,0,0,0,0
2257,57,Hombre,6.4,169,41.6,49,0,1,-0.352,34,166,-1.67,36,0,0.24,-0.77,0.6,-0.002,-0.352,-2.8,-1.67,-2.2,-2.27,-2.2,-2.8,2267.061,3978.816,3060.212,2947.579,0,0,0,0
2258,67,Hombre,9.2,135,45,2445,1,1,-0.344,1734,122,-4.51,36,0,0.32,1.52,0.23,0.006,-0.344,-5.63,-4.51,-5.03,-5.11,-5.03,-5.63,469.157,823.395,633.295,609.986,0,0,0,0
2259,67,Hombre,8.3,132,55.6,96,0,0,0.252,123,129,-2.23,36,0,0.34,0.25,0.74,0.252,-0.098,-2.23,-1.11,-1.63,-1.71,-1.25,-1.85,161.114,282.764,217.481,209.477,0,0,0,0
2260,53,Hombre,8.4,129,44.1,127,0,0,-0.108,114,124,-2.48,36,0,-1.55,-0.85,1.31,-0.108,-0.458,-2.48,-1.35,-1.88,-1.95,-2.04,-2.64,535.149,939.216,722.376,695.788,0,0,0,0
2261,60,Hombre,6.6,122,49.8,97,0,0,1.051,277,138,-1.74,36,0,0.42,0.27,1.53,1.051,0.701,-1.74,-0.62,-1.14,-1.22,0.43,-0.17,278.842,489.384,376.398,362.544,0,0,0,0
2262,55,Mujer,8.9,114,51,184,0,0,0.472,295,112,-2.04,36,0,-0.21,0.18,-1.69,0.472,0.122,-2.04,-0.92,-1.44,-1.52,-0.73,-1.33,1300.322,2282.137,1755.251,1690.648,0,0,0,0
2263,83,Mujer,7.5,124,48.3,37,1,0,0.69,74,135,-3.51,36,0,-0.18,1.4,-1.39,0.69,0.34,-3.51,-2.39,-2.91,-2.99,-1.88,-2.48,190.595,334.504,257.276,247.807,0,0,0,0
2264,74,Mujer,6.1,129,20,233,0,1,-0.254,181,131,-2.24,36,0,-0.77,-0.86,-1.22,0.096,-0.254,-3.36,-2.24,-2.76,-2.84,-2.62,-3.22,75.26,132.085,101.59,97.851,0,0,0,0
2265,62,Mujer,8,134,42.5,316,0,0,1.264,1119,119,-5.36,36,0,1.4,-1.69,-0.85,1.264,0.914,-5.36,-4.23,-4.76,-4.83,-2.86,-3.46,742.613,1303.326,1002.422,965.528,0,0,0,0
2266,78,Hombre,7,135,56,58,0,1,-0.057,55,124,-1.53,36,0,-0.68,0.43,1.33,0.293,-0.057,-2.65,-1.53,-2.05,-2.13,-1.61,-2.21,119.951,210.52,161.917,155.957,0,0,0,0
2267,72,Mujer,8.5,137,47.7,1096,0,1,-0.609,596,121,-1.81,36,0,0.63,1.4,0.06,-0.259,-0.609,-2.94,-1.81,-2.34,-2.41,-2.72,-3.32,401.955,705.454,542.583,522.613,0,0,0,0
2268,62,Mujer,7.2,153,47.5,387,0,1,-0.852,165,142,-1.49,36,0,-1.02,-1.73,0.16,-0.502,-0.852,-2.61,-1.49,-2.01,-2.09,-2.77,-3.37,1059.316,1859.158,1429.928,1377.298,0,0,0,0
2269,61,Mujer,8.2,109,34.3,283,0,0,-0.065,265,112,-2,36,0,-0.33,-0.91,0.15,-0.065,-0.415,-2,-0.87,-1.4,-1.47,-1.49,-2.09,49.579,87.014,66.925,64.462,0,0,0,0
2270,56,Hombre,9.8,125,51.3,558,0,1,-0.225,446,126,-0.54,36,0,0.64,-0.11,0.31,0.125,-0.225,-1.66,-0.54,-1.06,-1.14,-0.88,-1.48,308.313,541.107,416.179,400.862,0,0,0,0
2271,68,Mujer,8.3,132,56.6,190,0,0,-0.043,182,138,-3.06,36,0,0.03,1.45,-0.34,-0.043,-0.393,-3.06,-1.94,-2.46,-2.54,-2.53,-3.13,321.888,564.931,434.504,418.511,0,0,0,0
2272,61,Mujer,9.4,107,41.6,53,0,0,-0.448,34,120,-0.73,36,0,0.51,-0.36,0.45,-0.448,-0.798,-0.73,0.39,-0.13,-0.21,-0.8,-1.4,295.771,519.095,399.249,384.555,0,0,0,0
2273,67,Hombre,5.7,133,49.2,596,0,1,-0.207,485,141,-2.05,36,0,-1.81,0.86,-0.53,0.143,-0.207,-3.18,-2.05,-2.58,-2.65,-2.37,-2.97,282.255,495.372,381.004,366.981,0,0,0,0
2274,75,Hombre,8.1,143,42.4,86,0,1,-0.895,35,117,-1.85,36,0,2.37,0.32,2.16,-0.545,-0.895,-2.98,-1.85,-2.38,-2.45,-3.2,-3.8,164.841,289.305,222.512,214.322,0,0,0,0
2275,75,Mujer,6.8,136,36.9,114,1,0,0.035,118,147,-3.13,36,0,0.05,-0.42,-0.71,0.035,-0.315,-3.13,-2,-2.53,-2.6,-2.48,-3.08,741.985,1302.223,1001.574,964.711,0,0,0,0
2276,66,Mujer,7.8,154,41.5,1027,0,0,0.081,1113,146,-4.1,36,0,-0.51,2.3,0.14,0.081,-0.269,-4.1,-2.97,-3.5,-3.57,-3.38,-3.98,214.997,377.331,290.215,279.533,0,0,0,0
2277,64,Hombre,6.4,133,49.4,42,0,1,0.459,66,130,-2.55,36,0,-0.51,-0.93,-0.01,0.809,0.459,-3.68,-2.55,-3.08,-3.15,-1.87,-2.47,1945.677,3414.769,2626.389,2529.723,0,0,0,0
2278,79,Hombre,9.7,163,33.6,30,1,0,0.231,38,158,-4.59,36,0,-0.18,-1.63,0.63,0.231,-0.119,-4.59,-3.47,-3.99,-4.07,-3.65,-4.25,172.347,302.478,232.644,224.081,0,0,0,0
2279,58,Hombre,6.7,118,40,21,0,0,0.065,22,124,-2.74,36,0,-0.18,0.28,1.41,0.065,-0.285,-2.74,-1.62,-2.14,-2.22,-2.05,-2.65,1246.438,2187.566,1682.515,1620.589,0,0,0,0
2280,44,Hombre,9.2,151,33.1,513,0,1,-0.731,247,137,-3.87,36,0,-0.58,-0.89,0.35,-0.381,-0.731,-4.99,-3.87,-4.39,-4.47,-4.96,-5.56,279.722,490.927,377.585,363.688,0,0,0,0
2281,58,Hombre,8.3,128,55.3,690,1,1,0.13,786,135,-1.93,36,0,-1.37,0.38,-0.15,0.48,0.13,-3.05,-1.93,-2.45,-2.53,-1.73,-2.33,923.029,1619.967,1245.959,1200.101,0,0,0,0
2282,49,Hombre,6.5,107,55.8,38,0,1,0.257,49,90,0.02,36,0,-1.98,-1.49,0.45,0.607,0.257,-1.1,0.02,-0.5,-0.58,0.41,-0.19,226.801,398.049,306.15,294.882,0,0,0,0
2283,59,Mujer,9.2,136,42,205,0,1,-0.631,109,127,-2.85,36,0,1.17,-0.67,-0.05,-0.281,-0.631,-3.98,-2.85,-3.38,-3.45,-3.8,-4.4,128.911,226.246,174.012,167.607,0,0,0,0
2284,65,Hombre,7.7,149,50.7,209,0,0,0.694,418,157,-4.22,36,0,-1,-1.01,0.72,0.694,0.344,-4.22,-3.1,-3.62,-3.7,-2.58,-3.18,236.955,415.869,319.856,308.084,0,0,0,0
2285,76,Mujer,7.2,140,37.1,182,0,0,0.071,195,141,-3.84,36,0,0.5,0.45,-2.87,0.071,-0.279,-3.84,-2.72,-3.24,-3.32,-3.14,-3.74,647.621,1136.61,874.197,842.022,0,0,0,0
2286,66,Hombre,6,156,38.3,216,0,0,-0.078,200,150,-3.43,10.7,1,-0.95,0.77,-1.52,-0.078,-0.428,-3.43,-2.31,-2.83,-2.91,-2.95,-3.55,10.701,18.781,14.445,13.914,1,1,1,1
2287,68,Hombre,8,155,47,71,0,0,-0.279,54,152,-1.91,36,0,0.03,-1.53,-1.97,-0.279,-0.629,-1.91,-0.78,-1.31,-1.38,-1.73,-2.33,997.3,1750.316,1346.214,1296.666,0,0,0,0
2288,75,Mujer,9.1,142,52.1,452,0,1,0.133,516,147,-3.61,36,0,0.53,-1.54,-3.08,0.483,0.133,-4.73,-3.61,-4.13,-4.21,-3.41,-4.01,453.006,795.049,611.493,588.987,0,0,0,0
2289,57,Hombre,7.7,131,52.8,24,1,0,0.483,39,130,-2.37,36,0,1.56,-0.07,-0.86,0.483,0.133,-2.37,-1.24,-1.77,-1.84,-1.04,-1.64,588.757,1033.301,794.739,765.488,0,0,0,0
2290,75,Hombre,7.7,145,41.3,442,0,0,0.437,684,145,-4.57,36,0,1.15,-2.09,1.74,0.437,0.087,-4.57,-3.45,-3.97,-4.05,-3.32,-3.92,129.201,226.755,174.403,167.984,0,0,0,0
2291,65,Mujer,6.9,138,44.7,10,0,0,1.177,32,142,-3.78,36,0,-1.28,-2.44,-0.23,1.177,0.827,-3.78,-2.66,-3.18,-3.26,-1.42,-2.02,308.596,541.603,416.561,401.229,0,0,0,0
2292,69,Hombre,7.5,141,50.4,41,1,1,0.015,42,137,-3.26,36,0,0.23,1.67,0.08,0.365,0.015,-4.38,-3.26,-3.78,-3.86,-3.23,-3.83,94.495,165.844,127.555,122.86,0,0,0,0
2293,64,Hombre,7.2,125,45,39,0,1,-0.449,25,126,-0.31,36,0,-0.56,0.48,-1.09,-0.099,-0.449,-1.44,-0.31,-0.84,-0.91,-0.99,-1.59,556.034,975.869,750.567,722.942,0,0,0,0
2294,57,Mujer,7.8,139,55.3,135,0,0,-0.244,106,140,-1.78,36,0,-0.7,0.48,0.32,-0.244,-0.594,-1.78,-0.66,-1.18,-1.26,-1.55,-2.15,467.433,820.371,630.969,607.745,0,0,0,0
2295,73,Hombre,6.2,147,42.5,28,0,0,0.184,34,153,-3.35,36,0,-0.82,-1.11,-1.7,0.184,-0.166,-3.35,-2.23,-2.75,-2.83,-2.48,-3.08,573.842,1007.124,774.606,746.096,0,0,0,0
2296,60,Mujer,5.5,136,55.7,68,0,0,0.191,82,134,-1.83,36,0,1.02,-1.05,1.89,0.191,-0.159,-1.83,-0.7,-1.23,-1.3,-0.94,-1.54,9093.382,15959.382,12274.781,11823.001,0,0,0,0
2297,68,Hombre,6.6,140,41.6,64,0,0,0.654,123,142,-3.08,36,0,-0.19,-1.59,1.22,0.654,0.304,-3.08,-1.95,-2.48,-2.55,-1.5,-2.1,160.992,282.55,217.317,209.318,0,0,0,0
2298,64,Mujer,6.7,152,56.6,149,0,0,0.036,154,151,-4.63,36,0,-1.46,1.37,0.14,0.036,-0.314,-4.63,-3.5,-4.03,-4.1,-3.98,-4.58,430.64,755.797,581.303,559.908,0,0,0,0
2299,55,Hombre,8.3,128,39.3,37,0,1,-0.581,21,124,-0.42,36,0,-1.72,0.22,-0.92,-0.231,-0.581,-1.54,-0.42,-0.94,-1.02,-1.29,-1.89,239.577,420.471,323.396,311.493,0,0,0,0
2300,41,Hombre,7.3,139,50.6,43,0,1,-0.159,37,134,0.48,36,0,0.65,-1.27,-1.17,0.191,-0.159,-0.65,0.48,-0.05,-0.12,0.24,-0.36,2441.805,4285.501,3296.092,3174.777,0,0,0,0
2301,59,Hombre,7.2,130,50.1,52,0,0,0.951,135,125,-3.65,36,0,0.4,1.2,-2.13,0.951,0.601,-3.65,-2.53,-3.05,-3.13,-1.62,-2.22,661.843,1161.571,893.395,860.513,0,0,0,0
2302,66,Hombre,10.9,127,41.8,70,0,0,0.327,97,119,-3.73,36,0,0.87,0.93,1.36,0.327,-0.023,-3.73,-2.61,-3.13,-3.21,-2.64,-3.24,42.507,74.603,57.379,55.267,0,0,0,0
2303,61,Hombre,6.8,150,48.5,59,0,0,0.582,106,149,-4.7,36,0,-0.37,0.57,1.09,0.582,0.232,-4.7,-3.58,-4.1,-4.18,-3.23,-3.83,619.794,1087.772,836.634,805.842,0,0,0,0
2304,56,Mujer,8.6,119,42.2,745,1,0,-0.12,661,110,-4.33,36,0,-0.24,0.43,0.94,-0.12,-0.47,-4.33,-3.21,-3.73,-3.81,-3.91,-4.51,205.205,360.147,276.998,266.803,0,0,0,0
2305,48,Mujer,7.6,147,54,32,0,0,0.293,43,157,-4.14,36,0,-0.48,-0.06,-0.12,0.293,-0.057,-4.14,-3.02,-3.54,-3.62,-3.1,-3.7,324.934,570.277,438.615,422.471,0,0,0,0
2306,64,Hombre,8.1,127,53.4,245,1,0,-0.097,222,130,-2.18,15.58,1,0.88,1.08,-1.43,-0.097,-0.447,-2.18,-1.05,-1.58,-1.65,-1.72,-2.32,15.576,27.336,21.025,20.251,1,1,1,1
2307,65,Hombre,8.7,117,46.2,477,1,0,-0.563,272,123,-2.43,36,0,0.62,0.98,1.95,-0.563,-0.913,-2.43,-1.31,-1.83,-1.91,-2.68,-3.28,1159.615,2035.187,1565.316,1507.704,0,0,0,0
2308,77,Hombre,9.4,143,45.4,274,1,1,0.528,464,150,-5.25,36,0,0.75,-0.67,-1.43,0.878,0.528,-6.38,-5.25,-5.78,-5.85,-4.46,-5.06,81.063,142.27,109.424,105.396,0,0,0,0
2309,65,Mujer,6.4,144,32.6,462,1,0,-0.097,419,150,-3.12,36,0,-2.2,0.78,-1.91,-0.097,-0.447,-3.12,-2,-2.52,-2.6,-2.67,-3.27,474.104,832.078,639.973,616.419,0,0,0,0
2310,79,Hombre,9.1,129,30.9,595,0,1,-0.913,239,112,-2.06,36,0,1.37,0.2,1.06,-0.563,-0.913,-3.19,-2.06,-2.59,-2.66,-3.43,-4.03,1154.392,2026.021,1558.266,1500.913,0,0,0,0
2311,64,Mujer,6.8,165,45.3,22,0,0,-0.079,20,162,-1.46,36,0,1.16,-0.38,0.78,-0.079,-0.429,-1.46,-0.33,-0.86,-0.93,-0.97,-1.57,2231.495,3916.396,3012.204,2901.338,0,0,0,0
2312,59,Hombre,9,131,46.8,45,0,1,0.164,53,127,-0.39,36,0,-2.23,0.28,0.52,0.514,0.164,-1.51,-0.39,-0.91,-0.99,-0.14,-0.74,688.112,1207.673,928.853,894.666,0,0,0,0
2313,67,Hombre,6.4,100,47.6,73,1,1,0.121,82,102,-1.95,36,0,1.17,0.48,0.95,0.471,0.121,-3.08,-1.95,-2.48,-2.55,-1.77,-2.37,655.975,1151.272,885.473,852.883,0,0,0,0
2314,63,Mujer,5.8,138,58.2,12,0,0,0.447,19,131,-1.59,36,0,-0.51,-0.12,-0.07,0.447,0.097,-1.59,-0.47,-0.99,-1.07,-0.32,-0.92,2047.005,3592.606,2763.168,2661.468,0,0,0,0
2315,63,Hombre,6.9,149,54.2,228,0,1,-0.365,158,133,-1.14,36,0,-1.18,0.54,0.81,-0.015,-0.365,-2.26,-1.14,-1.66,-1.74,-1.69,-2.29,642.114,1126.945,866.763,834.862,0,0,0,0
2316,51,Mujer,9,133,44,534,0,0,0.211,659,137,-2.61,36,0,-0.25,1.28,0.16,0.211,-0.139,-2.61,-1.49,-2.01,-2.09,-1.7,-2.3,436.278,765.692,588.914,567.239,0,0,0,0
2317,60,Hombre,5.6,136,40.7,68,0,0,-0.17,57,151,-1.28,36,0,0.79,-1.17,1.89,-0.17,-0.52,-1.28,-0.16,-0.68,-0.76,-0.94,-1.54,1251.747,2196.885,1689.682,1627.492,0,0,0,0
2318,48,Hombre,7.7,153,43.4,108,0,0,0.549,187,154,-2.15,36,0,0.09,-1.18,0.25,0.549,0.199,-2.15,-1.03,-1.55,-1.63,-0.73,-1.33,238.498,418.577,321.939,310.09,0,0,0,0
2319,59,Hombre,8.6,121,54.3,572,0,1,-0.336,409,112,0.18,36,0,-0.39,0.75,-0.89,0.014,-0.336,-0.95,0.18,-0.35,-0.42,-0.32,-0.92,40.494,71.069,54.661,52.65,0,0,0,0
2320,73,Hombre,7.7,136,45.2,464,0,1,-0.941,181,137,-0.9,36,0,0.44,0.19,-1.46,-0.591,-0.941,-2.02,-0.9,-1.42,-1.5,-2.31,-2.91,313.704,550.568,423.456,407.871,0,0,0,0
2321,30,Hombre,8.5,125,45,585,0,1,0.545,1009,106,0.47,36,0,-1.16,0.47,-0.51,0.895,0.545,-0.65,0.47,-0.05,-0.13,1.29,0.69,31.149,54.668,42.047,40.499,1,0,0,0
2322,57,Hombre,8.1,141,58.2,419,0,1,-0.57,237,119,-1.4,36,0,-0.03,0.35,-0.33,-0.22,-0.57,-2.52,-1.4,-1.92,-2,-2.26,-2.86,1982.819,3479.955,2676.525,2578.014,0,0,0,0
2323,61,Hombre,7.8,95,60.3,9,0,0,-0.291,7,90,1.02,36,0,0.28,-0.41,-0.66,-0.291,-0.641,1.02,2.14,1.62,1.54,1.18,0.58,446.45,783.544,602.644,580.464,0,0,0,0
2324,52,Mujer,7.3,138,47.6,213,0,0,0.298,287,127,-2.6,36,0,-1.14,0.31,0.66,0.298,-0.052,-2.6,-1.48,-2,-2.08,-1.56,-2.16,114.989,201.811,155.218,149.506,0,0,0,0
2325,50,Mujer,8.1,131,42.5,10,0,1,-0.305,7,121,0.5,36,0,-0.93,-0.51,3.38,0.045,-0.305,-0.63,0.5,-0.03,-0.1,0.04,-0.56,6681.174,11725.826,9018.642,8686.705,0,0,0,0
2326,82,Hombre,7.2,141,40,82,1,0,-0.151,71,133,-3.13,36,0,1.64,-0.38,1.09,-0.151,-0.501,-3.13,-2,-2.53,-2.6,-2.75,-3.35,578.758,1015.751,781.241,752.487,0,0,0,0
2327,71,Hombre,9.4,143,57.7,159,0,1,0.052,167,145,-1.47,36,0,-1.5,0.08,0.24,0.402,0.052,-2.59,-1.47,-1.99,-2.07,-1.39,-1.99,216.488,379.949,292.229,281.473,0,0,0,0
2328,53,Hombre,7.9,158,35.4,81,0,0,-0.284,61,162,-2.39,36,0,-1.53,0.98,0.94,-0.284,-0.634,-2.39,-1.26,-1.79,-1.86,-2.21,-2.81,562.127,986.564,758.793,730.865,0,0,0,0
2329,66,Hombre,8.2,119,61.1,14,0,0,0.341,20,124,-0.06,36,0,-0.89,-1.37,1.27,0.341,-0.009,-0.06,1.07,0.54,0.47,1.05,0.45,2646.906,4645.465,3572.949,3441.445,0,0,0,0
2330,59,Mujer,8.5,147,43.4,44,0,0,0.727,91,146,-3,36,0,0.87,0.04,1.09,0.727,0.377,-3,-1.88,-2.4,-2.48,-1.31,-1.91,255.484,448.389,344.868,332.175,0,0,0,0
2331,54,Hombre,7.8,132,46.7,105,0,1,-0.417,69,121,-0.73,36,0,-2.14,-0.32,1.62,-0.067,-0.417,-1.86,-0.73,-1.26,-1.33,-1.36,-1.96,608.321,1067.636,821.147,790.924,0,0,0,0
2332,69,Mujer,10.8,127,35.4,98,1,1,-0.315,71,129,-3.81,36,0,-1.04,0.57,-0.04,0.035,-0.315,-4.93,-3.81,-4.33,-4.41,-4.28,-4.88,63.398,111.267,85.578,82.429,0,0,0,0
2333,71,Mujer,9,153,52.3,517,0,1,-0.3,383,143,-1.64,36,0,-1.69,-0.49,-0.21,0.05,-0.3,-2.77,-1.64,-2.17,-2.24,-2.09,-2.69,418.099,733.787,564.375,543.603,0,0,0,0
2334,54,Hombre,7.6,107,61.1,106,0,1,-0.34,75,106,-0.9,36,0,-2.65,0.47,-0.1,0.01,-0.34,-2.02,-0.9,-1.42,-1.5,-1.41,-2.01,1658.157,2910.156,2238.278,2155.897,0,0,0,0
2335,86,Hombre,8,157,45.8,292,1,1,-0.564,166,156,-2.36,36,0,-0,0.41,-0.42,-0.214,-0.564,-3.49,-2.36,-2.89,-2.96,-3.21,-3.81,521.667,915.554,704.177,678.259,0,0,0,0
2336,53,Hombre,7.5,119,43.7,54,1,0,-0.301,40,108,-0.91,36,0,-0.43,1.43,-1.37,-0.301,-0.651,-0.91,0.22,-0.31,-0.38,-0.76,-1.36,828.662,1454.346,1118.576,1077.406,0,0,0,0
2337,72,Hombre,7.6,139,40.7,17,0,0,0.408,26,146,-2.29,36,0,0.43,-0.86,0.9,0.408,0.058,-2.29,-1.17,-1.69,-1.77,-1.08,-1.68,155.968,273.732,210.534,202.785,0,0,0,0
2338,64,Hombre,6.1,132,29.4,173,0,0,0.427,265,126,-3.76,36,0,0.12,-1.23,1.85,0.427,0.077,-3.76,-2.64,-3.16,-3.24,-2.52,-3.12,139.819,245.391,188.737,181.79,0,0,0,0
2339,60,Hombre,6.4,146,31.5,143,0,0,-0.183,119,160,-1.39,36,0,1.8,0.13,-0.63,-0.183,-0.533,-1.39,-0.27,-0.79,-0.87,-1.07,-1.67,1452.89,2549.901,1961.196,1889.013,0,0,0,0
2340,63,Mujer,8.9,150,40.9,259,0,0,-0.314,189,148,-4.05,3.24,1,0.86,0.19,1.12,-0.314,-0.664,-4.05,-2.93,-3.45,-3.53,-3.92,-4.52,3.24,5.687,4.374,4.213,1,1,1,1
2341,78,Hombre,7.6,119,42.9,135,0,0,-0.654,70,113,-0.07,36,0,1.03,0.16,-0.33,-0.654,-1.004,-0.07,1.06,0.53,0.46,-0.45,-1.05,57.471,100.864,77.577,74.722,0,0,0,0
2342,77,Hombre,10.3,144,53.1,196,1,1,-0.683,99,142,-3.1,36,0,0.73,0.85,-0.72,-0.333,-0.683,-4.22,-3.1,-3.62,-3.7,-4.12,-4.72,106.632,187.145,143.938,138.64,0,0,0,0
2343,64,Hombre,10.3,134,44.3,240,0,1,-0.119,213,127,-3.13,36,0,-0.22,1.44,1.97,0.231,-0.119,-4.25,-3.13,-3.65,-3.73,-3.31,-3.91,229.487,402.762,309.775,298.373,0,0,0,0
2344,73,Hombre,5.7,118,44,292,1,1,-0.425,191,110,-2.74,36,0,0.77,0.63,1.07,-0.075,-0.425,-3.87,-2.74,-3.27,-3.34,-3.38,-3.98,1774.533,3114.403,2395.369,2307.206,0,0,0,0
2345,63,Mujer,6.4,157,42.1,333,0,0,0.196,405,157,-2.34,36,0,-0.78,2.08,-1.12,0.196,-0.154,-2.34,-1.22,-1.74,-1.82,-1.45,-2.05,835.538,1466.415,1127.858,1086.347,0,0,0,0
2346,74,Mujer,8.7,135,42,43,0,0,1.304,158,132,-4.54,36,0,-0.97,2.18,1.96,1.304,0.954,-4.54,-3.42,-3.94,-4.02,-1.99,-2.59,230.322,404.227,310.902,299.459,0,0,0,0
2347,63,Mujer,6.6,120,37.6,58,1,0,0.339,81,131,-1.3,36,0,-1.69,-1.31,-0.73,0.339,-0.011,-1.3,-0.17,-0.7,-0.77,-0.19,-0.79,857.465,1504.898,1157.457,1114.856,0,0,0,0
2348,80,Hombre,9.1,136,39.5,561,0,1,-0.482,347,120,-2.36,36,0,0.08,-0.13,0.7,-0.132,-0.482,-3.48,-2.36,-2.88,-2.96,-3.08,-3.68,67.022,117.628,90.471,87.141,0,0,0,0
2349,46,Hombre,7,114,75,14,0,0,0.838,32,112,-0.94,36,0,0.01,0.11,1.16,0.838,0.488,-0.94,0.18,-0.34,-0.42,0.92,0.32,421.124,739.097,568.459,547.536,0,0,0,0
2350,77,Hombre,6.7,124,37.3,36,0,0,-0.493,22,133,-0.55,36,0,0.88,0.02,0.9,-0.493,-0.843,-0.55,0.57,0.05,-0.03,-0.69,-1.29,143.894,252.542,194.237,187.088,0,0,0,0
2351,66,Hombre,5.8,134,48.4,61,0,0,0.28,81,141,-0.4,36,0,-0.25,-0.27,1.26,0.28,-0.07,-0.4,0.73,0.2,0.13,0.62,0.02,358.175,628.617,483.486,465.691,0,0,0,0
2352,75,Hombre,8.7,140,31.2,184,0,0,0.437,285,154,-3.38,36,0,0.61,-0.45,-0.07,0.437,0.087,-3.38,-2.25,-2.78,-2.85,-2.12,-2.72,205.971,361.491,278.032,267.799,0,0,0,0
2353,82,Mujer,7.6,137,58.4,164,0,0,0.443,255,142,-2.8,36,0,1.09,-0.56,0.37,0.443,0.093,-2.8,-1.68,-2.2,-2.28,-1.54,-2.14,180.645,317.043,243.846,234.871,0,0,0,0
2354,75,Hombre,8,125,56.3,6,0,0,0.307,8,113,-0.16,36,0,-0.42,-0.76,-0.45,0.307,-0.043,-0.16,0.96,0.44,0.36,0.9,0.3,1660.648,2914.528,2241.64,2159.136,0,0,0,0
2355,85,Hombre,9.7,145,45.7,244,1,0,0.013,247,142,-6.19,36,0,-0.33,-0.88,1,0.013,-0.337,-6.19,-5.07,-5.59,-5.67,-5.57,-6.17,162.773,285.676,219.721,211.634,0,0,0,0
2356,71,Mujer,5.9,125,36.1,59,1,0,0.539,101,119,-4.2,31.96,1,0.66,0.73,0.4,0.539,0.189,-4.2,-3.08,-3.6,-3.68,-2.8,-3.4,31.961,56.093,43.142,41.554,1,0,0,0
2357,45,Hombre,5.9,129,49.9,365,0,1,-1.021,131,116,0.6,36,0,-1.76,1.54,0.09,-0.671,-1.021,-0.52,0.6,0.08,0,-0.93,-1.53,83.836,147.137,113.167,109.002,0,0,0,0
2358,59,Hombre,9.4,97,44.8,162,0,1,-0.173,136,100,-1.54,36,0,-1.99,-0.53,-0.6,0.177,-0.173,-2.67,-1.54,-2.07,-2.14,-1.8,-2.4,226.12,396.853,305.23,293.996,0,0,0,0
2359,75,Mujer,7.5,156,49.9,100,0,0,0.297,135,153,-5.32,36,0,1.11,-0.58,1.1,0.297,-0.053,-5.32,-4.19,-4.72,-4.79,-4.27,-4.87,977.504,1715.573,1319.493,1270.928,0,0,0,0
2360,59,Mujer,6.6,116,47.7,453,0,1,-1.02,163,104,3.06,36,0,-0.71,0.25,-0.2,-0.67,-1.02,1.94,3.06,2.54,2.46,1.53,0.93,1207.764,2119.693,1630.311,1570.307,0,0,0,0
2361,68,Hombre,7.3,124,52,362,0,1,-0.413,240,110,-1.73,36,0,0.49,0.67,-1.33,-0.063,-0.413,-2.86,-1.73,-2.26,-2.33,-2.35,-2.95,316.605,555.658,427.372,411.642,0,0,0,0
2362,59,Hombre,8,124,37.2,114,0,0,-0.555,65,125,-2.03,36,0,-0.75,0.15,-0.3,-0.555,-0.905,-2.03,-0.91,-1.43,-1.51,-2.26,-2.86,426.544,748.607,575.774,554.582,0,0,0,0
2363,69,Mujer,7.6,128,51.8,144,0,0,0.315,197,126,-0.81,36,0,0.77,-0.03,0.78,0.315,-0.035,-0.81,0.31,-0.21,-0.29,0.26,-0.34,293.731,515.514,396.495,381.902,0,0,0,0
2364,64,Mujer,8.5,126,52.6,33,1,0,0.892,80,137,-5.42,36,0,-0.5,-0.88,0.54,0.892,0.542,-5.42,-4.3,-4.82,-4.9,-3.49,-4.09,801.68,1406.992,1082.154,1042.325,0,0,0,0
2365,64,Mujer,6.2,133,54.7,527,1,0,-0.133,461,146,-1.96,36,0,0.3,0.93,1.32,-0.133,-0.483,-1.96,-0.83,-1.36,-1.43,-1.56,-2.16,164.883,289.378,222.568,214.376,0,0,0,0
2366,70,Mujer,6.4,157,20.3,594,0,0,-0.388,403,151,-4.62,36,0,-0.27,2.06,-0.57,-0.388,-0.738,-4.62,-3.5,-4.02,-4.1,-4.6,-5.2,156.689,274.997,211.508,203.723,0,0,0,0
2367,79,Hombre,8.1,143,38.1,320,1,1,-0.76,150,133,-2.45,36,0,0.48,-0.52,1.29,-0.41,-0.76,-3.58,-2.45,-2.98,-3.05,-3.59,-4.19,159.26,279.509,214.978,207.065,0,0,0,0
2368,60,Mujer,8.6,147,40.9,974,0,1,-0.183,811,134,-5.68,36,0,0.18,0.43,0.14,0.167,-0.183,-6.81,-5.68,-6.21,-6.28,-5.96,-6.56,70.558,123.832,95.243,91.737,0,0,0,0
2369,52,Mujer,10,114,54.2,427,1,1,-0.177,358,111,-3.21,36,0,0.19,2.09,-1.65,0.173,-0.177,-4.33,-3.21,-3.73,-3.81,-3.47,-4.07,64.64,113.447,87.255,84.044,0,0,0,0
2370,76,Mujer,7.5,165,49.1,201,0,1,-0.572,113,152,-2.71,36,0,0.73,0.44,-0.36,-0.222,-0.572,-3.84,-2.71,-3.24,-3.31,-3.57,-4.17,109.688,192.508,148.063,142.614,0,0,0,0
2371,50,Mujer,6.9,129,52.8,69,0,0,0.942,177,119,-0.94,36,0,1.03,-0.04,-1.2,0.942,0.592,-0.94,0.19,-0.34,-0.41,1.07,0.47,469.206,823.482,633.362,610.05,0,0,0,0
2372,67,Hombre,8.4,144,29.1,65,1,0,-0.299,48,131,-4.09,36,0,2.9,0.15,1.63,-0.299,-0.649,-4.09,-2.96,-3.49,-3.56,-3.93,-4.53,376.382,660.572,508.063,489.364,0,0,0,0
2373,72,Mujer,7.9,155,58.8,166,1,0,-0.115,148,161,-3.82,36,0,0.69,1.04,0.2,-0.115,-0.465,-3.82,-2.7,-3.22,-3.3,-3.4,-4,439.183,770.79,592.835,571.015,0,0,0,0
2374,66,Hombre,8.8,114,51,125,1,0,0.944,321,115,-4.82,36,0,-1.3,-1.35,0.43,0.944,0.594,-4.82,-3.7,-4.22,-4.3,-2.81,-3.41,74.524,130.794,100.597,96.894,0,0,0,0
2375,83,Hombre,7.3,147,42.9,281,1,0,-0.036,271,155,-4.43,36,0,1.23,-0.05,0.26,-0.036,-0.386,-4.43,-3.3,-3.83,-3.9,-3.88,-4.48,94.711,166.223,127.846,123.141,0,0,0,0
2376,63,Hombre,8.1,148,40.6,1145,0,1,-0.388,777,149,-2.4,36,0,-1.29,1.36,-0.09,-0.038,-0.388,-3.53,-2.4,-2.93,-3,-2.98,-3.58,686.54,1204.916,926.733,892.624,0,0,0,0
2377,76,Hombre,8,125,40,118,0,0,0.13,134,122,-3.32,36,0,0.36,0.09,0.49,0.13,-0.22,-3.32,-2.2,-2.72,-2.8,-2.53,-3.13,1496.024,2625.605,2019.422,1945.096,0,0,0,0
2378,78,Mujer,6.7,123,49.9,16,0,1,0.426,24,113,-1.12,36,0,1.67,0.12,-2.08,0.776,0.426,-2.24,-1.12,-1.64,-1.72,-0.48,-1.08,210.066,368.678,283.56,273.123,0,0,0,0
2379,64,Hombre,9.1,140,47.3,1269,0,1,-1.175,392,136,-1.8,36,0,-0.65,0.03,-1.42,-0.825,-1.175,-2.93,-1.8,-2.33,-2.4,-3.57,-4.17,345.03,605.546,465.741,448.599,0,0,0,0
2380,70,Mujer,7.4,134,45.6,92,0,1,0.37,133,127,-1.5,36,0,1.12,-0.04,0.01,0.72,0.37,-2.63,-1.5,-2.03,-2.1,-0.95,-1.55,590.621,1036.572,797.255,767.911,0,0,0,0
2381,56,Hombre,8.8,118,47.2,109,0,1,-0.808,49,127,0.56,36,0,-0.25,1.4,-1.15,-0.458,-0.808,-0.57,0.56,0.03,-0.04,-0.65,-1.25,670.755,1177.212,905.425,872.1,0,0,0,0
2382,76,Hombre,10.2,132,36.9,886,0,1,-0.581,496,132,-3.63,36,0,0.38,-0.79,-0.56,-0.231,-0.581,-4.75,-3.63,-4.15,-4.23,-4.5,-5.1,152.504,267.652,205.858,198.282,0,0,0,0
2383,71,Hombre,5.8,129,51.1,88,0,0,-0.07,82,133,-2.67,36,0,-2.13,-0.36,-0.55,-0.07,-0.42,-2.67,-1.55,-2.07,-2.15,-2.18,-2.78,47.857,83.992,64.6,62.223,0,0,0,0
2384,47,Hombre,8,136,44.1,239,0,1,-0.43,155,126,-0.42,36,0,1.18,-0.83,0.51,-0.08,-0.43,-1.55,-0.42,-0.95,-1.02,-1.07,-1.67,681.645,1196.325,920.125,886.259,0,0,0,0
2385,65,Mujer,6.1,153,34.6,187,0,0,-0.524,111,153,-1.37,36,0,0.86,-0.09,0.06,-0.524,-0.874,-1.37,-0.24,-0.77,-0.84,-1.56,-2.16,584.457,1025.753,788.934,759.897,0,0,0,0
2386,69,Mujer,10.5,120,37.7,199,1,0,-0.364,138,114,-2.58,36,0,0.75,0.68,0.32,-0.364,-0.714,-2.58,-1.45,-1.98,-2.05,-2.52,-3.12,747.509,1311.919,1009.032,971.894,0,0,0,0
2387,73,Hombre,7.8,157,45.5,264,0,1,-0.798,119,139,-2.05,36,0,2.43,-0.84,0.26,-0.448,-0.798,-3.17,-2.05,-2.57,-2.65,-3.24,-3.84,302.93,531.66,408.913,393.863,0,0,0,0
2388,64,Hombre,8.7,107,31,55,0,0,0.061,58,96,-2.91,36,0,-0.56,-0.04,0.15,0.061,-0.289,-2.91,-1.78,-2.31,-2.38,-2.22,-2.82,2082.193,3654.362,2810.666,2707.218,0,0,0,0
2389,53,Hombre,9.3,146,41,422,0,1,-0.369,292,126,-0.88,36,0,0.83,0.52,0.58,-0.019,-0.369,-2.01,-0.88,-1.41,-1.48,-1.43,-2.03,79.494,139.516,107.306,103.356,0,0,0,0
2390,63,Mujer,8.6,151,57.9,631,0,1,0.013,640,141,-3.01,36,0,-0.32,-0.51,1.11,0.363,0.013,-4.13,-3.01,-3.53,-3.61,-2.99,-3.59,118.418,207.829,159.847,153.964,0,0,0,0
2391,82,Hombre,9.4,136,31,230,1,0,-0.546,133,125,-3.26,36,0,0.97,0.02,-1.14,-0.546,-0.896,-3.26,-2.13,-2.66,-2.73,-3.48,-4.08,362.287,635.834,489.037,471.037,0,0,0,0
2392,54,Hombre,7.2,163,46.6,306,0,1,-0.268,234,154,-2.15,36,0,-1.18,-1.23,-0.03,0.082,-0.268,-3.27,-2.15,-2.67,-2.75,-2.55,-3.15,136.343,239.289,184.043,177.269,0,0,0,0
2393,54,Hombre,8,121,33.3,15,0,0,-0.601,8,106,-1.33,36,0,0.19,-1.54,-1.7,-0.601,-0.951,-1.33,-0.21,-0.73,-0.81,-1.63,-2.23,125.71,220.628,169.69,163.445,0,0,0,0
2394,60,Hombre,6.4,100,50.8,19,0,0,0.047,20,85,1.34,36,0,-2.14,1.43,1.57,0.047,-0.303,1.34,2.47,1.94,1.87,2.01,1.41,2612.147,4584.461,3526.03,3396.253,0,0,0,0
2395,40,Hombre,8.6,114,47.1,185,0,1,0.175,220,106,-0.65,36,0,-1.61,0.85,0.77,0.525,0.175,-1.78,-0.65,-1.18,-1.25,-0.39,-0.99,274.448,481.672,370.466,356.831,0,0,0,0
2396,51,Hombre,8.5,152,61.9,200,0,1,-0.035,193,159,0.45,36,0,0.65,1.16,0.41,0.315,-0.035,-0.67,0.45,-0.07,-0.15,0.4,-0.2,55.546,97.485,74.979,72.219,0,0,0,0
2397,47,Mujer,8.2,142,54.1,124,0,1,-0.377,85,153,0.51,36,0,-0.95,0.74,-0.55,-0.027,-0.377,-0.62,0.51,-0.02,-0.09,-0.06,-0.66,2370.564,4160.47,3199.927,3082.152,0,0,0,0
2398,75,Mujer,8.4,159,55.3,77,0,1,0.213,95,145,-1.84,36,0,1.43,-0.17,0.17,0.563,0.213,-2.96,-1.84,-2.36,-2.44,-1.52,-2.12,78.665,138.062,106.187,102.279,0,0,0,0
2399,74,Mujer,8.6,156,49.1,504,0,0,-0.425,329,153,-3.56,36,0,0.27,-0.97,0.14,-0.425,-0.775,-3.56,-2.44,-2.96,-3.04,-3.6,-4.2,1524.312,2675.251,2057.606,1981.875,0,0,0,0
2400,53,Mujer,7.1,143,51,689,0,1,-0.274,524,135,-1.63,36,0,-0.84,1.24,0.5,0.076,-0.274,-2.76,-1.63,-2.16,-2.23,-2.04,-2.64,368.896,647.433,497.958,479.631,0,0,0,0
2401,69,Hombre,9.3,137,60.6,282,0,1,-0.662,146,133,-2.36,36,0,0.91,0.01,-0.23,-0.312,-0.662,-3.48,-2.36,-2.88,-2.96,-3.35,-3.95,2280.623,4002.618,3078.519,2965.212,0,0,0,0
2402,60,Mujer,7.3,120,43.6,61,0,0,0.078,66,126,-1.84,36,0,-1.32,-0.2,0.25,0.078,-0.272,-1.84,-0.72,-1.24,-1.32,-1.12,-1.72,499.93,877.404,674.834,649.997,0,0,0,0
2403,65,Hombre,8.3,139,42.7,127,1,1,-0.08,117,128,-3.03,36,0,0.04,-1.06,0.87,0.27,-0.08,-4.16,-3.03,-3.56,-3.63,-3.16,-3.76,307.357,539.428,414.888,399.618,0,0,0,0
2404,79,Hombre,8.8,126,35.4,389,1,0,-0.041,373,113,-4.82,36,0,0.67,0.15,0.27,-0.041,-0.391,-4.82,-3.7,-4.22,-4.3,-4.29,-4.89,781.645,1371.829,1055.11,1016.276,0,0,0,0
2405,44,Hombre,5.5,140,49.7,48,0,1,-0.112,43,127,1.09,36,0,0.09,-0.32,1.1,0.238,-0.112,-0.03,1.09,0.57,0.49,0.92,0.32,697.637,1224.391,941.711,907.051,0,0,0,0
2406,61,Mujer,6.5,110,30.5,116,0,0,-0.026,113,112,-0.35,36,0,-2.41,-0.68,-1.78,-0.026,-0.376,-0.35,0.78,0.25,0.18,0.21,-0.39,3737.562,6559.626,5045.182,4859.491,0,0,0,0
2407,67,Hombre,7.9,137,51.5,167,1,0,0.284,222,141,-3.21,36,0,-0.56,1.17,-0.15,0.284,-0.066,-3.21,-2.09,-2.61,-2.69,-2.19,-2.79,291.054,510.816,392.882,378.422,0,0,0,0
2408,44,Mujer,7.8,108,43.2,6,0,0,1.539,28,100,-1.37,36,0,-2.52,1.37,-1.13,1.539,1.189,-1.37,-0.25,-0.77,-0.85,1.53,0.93,324.142,568.887,437.546,421.442,0,0,0,0
2409,65,Hombre,6.7,141,33.9,71,0,0,-0.183,59,142,-1.87,36,0,1.13,-1.47,-0.4,-0.183,-0.533,-1.87,-0.75,-1.27,-1.35,-1.55,-2.15,735.536,1290.906,992.87,956.326,0,0,0,0
2410,73,Hombre,10,163,27,459,0,0,0.397,683,161,-6.57,36,0,0.43,0.35,0.16,0.397,0.047,-6.57,-5.44,-5.97,-6.04,-5.37,-5.97,80.314,140.955,108.413,104.422,0,0,0,0
2411,62,Mujer,8.7,127,50.9,127,0,0,-0.102,115,132,-3.11,36,0,-0.41,-1.24,-0.06,-0.102,-0.452,-3.11,-1.98,-2.51,-2.58,-2.66,-3.26,96.697,169.708,130.527,125.723,0,0,0,0
2412,65,Hombre,5.5,127,53.3,78,0,0,0.092,85,118,-1.47,36,0,0.03,-2.1,-0.11,0.092,-0.258,-1.47,-0.34,-0.87,-0.94,-0.73,-1.33,1134.798,1991.633,1531.818,1475.438,0,0,0,0
2413,64,Mujer,7.6,132,35.5,53,1,0,-0.258,41,133,-3.5,36,0,0.22,1.78,0.02,-0.258,-0.608,-3.5,-2.38,-2.9,-2.98,-3.29,-3.89,1214.284,2131.134,1639.111,1578.783,0,0,0,0
2414,66,Hombre,7.5,107,36.3,74,0,0,0.257,96,98,-2.16,36,0,-0.18,-0.66,0.15,0.257,-0.093,-2.16,-1.04,-1.56,-1.64,-1.18,-1.78,1253.96,2200.768,1692.669,1630.369,0,0,0,0
2415,70,Hombre,6.5,109,38.2,80,0,0,-0.212,65,108,-1.1,36,0,-0.17,-1.28,-0.49,-0.212,-0.562,-1.1,0.03,-0.5,-0.57,-0.81,-1.41,2146.549,3767.311,2897.539,2790.893,0,0,0,0
2416,63,Mujer,6.8,116,56.2,30,0,1,0.017,31,120,-0.17,36,0,-1.49,-1.95,-0.25,0.367,0.017,-1.29,-0.17,-0.69,-0.77,-0.14,-0.74,263.991,463.319,356.351,343.235,0,0,0,0
2417,44,Mujer,8.5,123,44.8,281,0,1,-0.877,117,115,0.02,36,0,-1.16,0.22,0.29,-0.527,-0.877,-1.1,0.02,-0.5,-0.58,-1.29,-1.89,658.516,1155.731,888.903,856.186,0,0,0,0
2418,79,Mujer,8,152,55,256,0,0,-0.337,183,152,-1.9,36,0,0.29,-0.78,-0.63,-0.337,-0.687,-1.9,-0.78,-1.3,-1.38,-1.81,-2.41,655.843,1151.04,885.295,852.712,0,0,0,0
2419,56,Hombre,7.8,147,47.6,52,0,0,0.47,83,142,-2.09,36,0,1.32,0.59,-2.33,0.47,0.12,-2.09,-0.97,-1.49,-1.57,-0.79,-1.39,706.609,1240.138,953.823,918.717,0,0,0,0
2420,59,Hombre,8.4,148,40.1,1967,0,1,-0.216,1586,140,-3.62,36,0,0.12,-0.46,-0.83,0.134,-0.216,-4.75,-3.62,-4.15,-4.22,-3.94,-4.54,207.74,364.595,280.42,270.099,0,0,0,0
2421,59,Mujer,8.6,114,44.7,287,0,0,-0.347,203,114,-0.77,36,0,0.54,-1.18,-0.13,-0.347,-0.697,-0.77,0.35,-0.17,-0.25,-0.69,-1.29,675.675,1185.847,912.066,878.497,0,0,0,0
2422,66,Hombre,6.4,145,48.4,84,1,1,-0.08,78,151,-0.92,36,0,0.05,-0.33,-0.2,0.27,-0.08,-2.04,-0.92,-1.44,-1.52,-1.03,-1.63,746.449,1310.059,1007.601,970.516,0,0,0,0
2423,63,Mujer,7,141,54,105,0,0,-0.235,83,139,-1.38,36,0,-0.11,0.12,-1.09,-0.235,-0.585,-1.38,-0.25,-0.78,-0.85,-1.13,-1.73,1004.392,1762.763,1355.787,1305.887,0,0,0,0
2424,68,Hombre,7.8,126,34.1,188,0,1,-0.114,168,127,-2.22,36,0,1.34,-0.62,2.18,0.236,-0.114,-3.35,-2.22,-2.75,-2.82,-2.39,-2.99,238.32,418.265,321.699,309.859,0,0,0,0
2425,59,Mujer,6.5,129,49.4,264,1,1,-1.185,81,120,0,36,0,0.71,0.69,2.08,-0.835,-1.185,-1.12,0,-0.52,-0.6,-1.78,-2.38,1200.224,2106.459,1620.133,1560.503,0,0,0,0
2426,65,Hombre,9.3,124,48.7,158,1,1,0.05,166,119,-3.94,36,0,0.37,-1.33,-1.38,0.4,0.05,-5.06,-3.94,-4.46,-4.54,-3.86,-4.46,85.853,150.677,115.89,111.624,0,0,0,0
2427,67,Mujer,6.8,129,30.1,138,1,1,-0.211,112,111,-2.27,36,0,1.55,0.78,-1.64,0.139,-0.211,-3.39,-2.27,-2.79,-2.87,-2.58,-3.18,339.792,596.353,458.671,441.79,0,0,0,0
2428,72,Mujer,6.8,121,47.1,30,0,0,-0.048,29,120,-0.71,36,0,-0.25,-1.62,-0.14,-0.048,-0.398,-0.71,0.41,-0.11,-0.19,-0.18,-0.78,644.575,1131.264,870.085,838.061,0,0,0,0
2429,58,Hombre,7.1,98,45,34,0,0,-0.001,34,101,0.52,36,0,-2.01,-1.17,0.9,-0.001,-0.351,0.52,1.64,1.12,1.04,1.12,0.52,779.849,1368.677,1052.686,1013.941,0,0,0,0
2430,67,Hombre,8.1,129,47.6,96,1,0,0.439,149,133,-3.68,36,0,-0.17,0.07,-0.15,0.439,0.089,-3.68,-2.56,-3.08,-3.16,-2.42,-3.02,844.205,1481.626,1139.558,1097.616,0,0,0,0
2431,68,Hombre,8.5,140,50.7,29,0,0,0.102,32,155,-4.08,36,0,-2.13,-0.16,-1.8,0.102,-0.248,-4.08,-2.95,-3.48,-3.55,-3.33,-3.93,3746.051,6574.525,5056.64,4870.528,0,0,0,0
2432,64,Hombre,5.6,126,40.6,116,0,0,-0.091,106,127,-2.97,36,0,0.17,-1.09,-0.21,-0.091,-0.441,-2.97,-1.85,-2.37,-2.45,-2.51,-3.11,2470.158,4335.262,3334.364,3211.641,0,0,0,0
2433,61,Mujer,10.9,135,61.5,431,1,0,-0.18,360,133,-1.23,36,0,0.69,0.2,0.78,-0.18,-0.53,-1.23,-0.11,-0.63,-0.71,-0.9,-1.5,908.282,1594.085,1226.053,1180.927,0,0,0,0
2434,75,Hombre,9.9,152,36.3,249,0,1,-0.617,134,146,-2.01,36,0,0.41,-1.46,0.49,-0.267,-0.617,-3.14,-2.01,-2.54,-2.61,-2.94,-3.54,253.44,444.802,342.109,329.517,0,0,0,0
2435,67,Hombre,6.3,150,31.5,50,1,0,0.628,94,155,-3.37,27.69,1,-1.76,0.79,1.17,0.628,0.278,-3.37,-2.25,-2.77,-2.85,-1.83,-2.43,27.692,48.601,37.38,36.004,1,0,0,0
2436,37,Mujer,9.5,163,72.3,404,0,0,0.368,584,175,-3.89,36,0,-2.08,0.47,0.38,0.368,0.018,-3.89,-2.76,-3.29,-3.36,-2.73,-3.33,49.902,87.58,67.36,64.881,0,0,0,0
2437,62,Hombre,7.1,134,40.7,227,0,1,-0.665,117,126,-1.99,36,0,-0.09,-0.95,0.42,-0.315,-0.665,-3.12,-1.99,-2.52,-2.59,-2.99,-3.59,157.499,276.419,212.601,204.777,0,0,0,0
2438,60,Hombre,7.4,116,60.3,20,1,0,-0.155,17,126,-1.78,36,0,-0.13,0.15,1.92,-0.155,-0.505,-1.78,-0.66,-1.18,-1.26,-1.42,-2.02,3226.464,5662.62,4355.271,4194.972,0,0,0,0
2439,66,Hombre,8,138,42.7,113,0,0,0.414,171,142,-3.47,36,0,-0.35,-0.15,0.59,0.414,0.064,-3.47,-2.35,-2.87,-2.95,-2.25,-2.85,43.044,75.544,58.103,55.964,0,0,0,0
2440,68,Hombre,7.2,119,45.8,374,0,1,-0.359,261,112,-1.1,36,0,0.28,-1.63,-0.61,-0.009,-0.359,-2.23,-1.1,-1.63,-1.7,-1.64,-2.24,180.498,316.784,243.647,234.68,0,0,0,0
2441,68,Hombre,8,170,38.1,136,0,0,0.546,235,183,-4.29,36,0,1.51,-1.53,0.04,0.546,0.196,-4.29,-3.17,-3.69,-3.77,-2.87,-3.47,49.415,86.725,66.703,64.248,0,0,0,0
2442,71,Hombre,7.2,163,40.2,88,1,0,0.281,117,160,-4.55,15.82,1,1.72,0.33,1.97,0.281,-0.069,-4.55,-3.43,-3.95,-4.03,-3.53,-4.13,15.823,27.77,21.358,20.572,1,1,1,1
2443,53,Mujer,8.6,140,60.1,87,0,1,0.459,138,121,-1.25,36,0,-0.71,0.24,1.85,0.809,0.459,-2.38,-1.25,-1.78,-1.85,-0.56,-1.16,467.403,820.319,630.929,607.707,0,0,0,0
2444,48,Mujer,8.6,116,42,50,0,1,0.135,57,121,-1.42,36,0,1,-0.45,1.36,0.485,0.135,-2.54,-1.42,-1.94,-2.02,-1.21,-1.81,338.944,594.866,457.527,440.688,0,0,0,0
2445,63,Mujer,7.6,146,45.9,24,0,1,-0.1,22,135,-0.44,36,0,0.84,-0.25,-0.03,0.25,-0.1,-1.57,-0.44,-0.97,-1.04,-0.59,-1.19,397.739,698.054,536.892,517.131,0,0,0,0
2446,61,Mujer,9,119,55,87,1,1,-0.599,48,116,1.1,36,0,-1.64,0.36,-0.47,-0.249,-0.599,-0.02,1.1,0.58,0.5,0.2,-0.4,451.534,792.467,609.507,587.074,0,0,0,0
2447,71,Hombre,9.8,163,45.7,317,1,1,0.497,521,164,-4.8,36,0,0.13,0.73,-0.22,0.847,0.497,-5.93,-4.8,-5.33,-5.4,-4.06,-4.66,131.4,230.614,177.371,170.843,0,0,0,0
2448,77,Mujer,7.8,138,52.3,1126,1,1,-0.232,893,134,-2.04,4.24,1,1.03,1.93,0.33,0.118,-0.232,-3.17,-2.04,-2.57,-2.64,-2.39,-2.99,2.415,4.239,3.26,3.14,1,1,1,1
2449,63,Mujer,5.5,125,58.3,61,1,1,-0.899,25,137,1.21,36,0,0.35,-0.87,-0.89,-0.549,-0.899,0.09,1.21,0.69,0.61,-0.13,-0.73,2822.677,4953.953,3810.216,3669.979,0,0,0,0
2450,47,Mujer,5.8,104,60.8,127,0,1,-0.738,61,96,0.87,36,0,-1.97,0.67,1.15,-0.388,-0.738,-0.26,0.87,0.34,0.27,-0.24,-0.84,3888.909,6825.247,5249.478,5056.268,0,0,0,0
2451,77,Hombre,7.5,134,38.4,232,0,1,0.055,245,122,-2.77,36,0,0.18,-0.08,-0.69,0.405,0.055,-3.89,-2.77,-3.29,-3.37,-2.69,-3.29,97.335,170.827,131.388,126.552,0,0,0,0
2452,68,Mujer,6.9,141,38.1,106,0,0,-0.278,80,146,-3.01,36,0,-1.34,0.93,-0.27,-0.278,-0.628,-3.01,-1.88,-2.41,-2.48,-2.82,-3.42,528.066,926.784,712.814,686.579,0,0,0,0
2453,62,Mujer,7.3,118,40.4,34,0,0,-0.128,30,121,-0.28,36,0,0.26,-0.93,-1.43,-0.128,-0.478,-0.28,0.84,0.32,0.24,0.12,-0.48,36.284,63.681,48.978,47.176,0,0,0,0
2454,71,Mujer,7.8,148,61.3,58,1,0,-0.29,43,155,-3.53,17.02,1,0.55,0.81,0.43,-0.29,-0.64,-3.53,-2.41,-2.93,-3.01,-3.37,-3.97,17.018,29.868,22.972,22.127,1,1,1,1
2455,64,Mujer,6.5,139,49,28,0,1,-0.638,15,129,0.08,36,0,1.38,-0.45,0.25,-0.288,-0.638,-1.05,0.08,-0.45,-0.52,-0.88,-1.48,944.122,1656.985,1274.431,1227.525,0,0,0,0
2456,88,Hombre,8.6,134,41.8,47,1,0,0.058,50,145,-3.5,0.6,1,-0.62,-0.02,0.54,0.058,-0.292,-3.5,-2.37,-2.9,-2.97,-2.81,-3.41,0.596,1.046,0.805,0.775,1,1,1,1
2457,58,Mujer,7.3,122,60.2,38,1,1,0.05,40,118,-2.6,36,0,1.1,-0.29,0.86,0.4,0.05,-3.73,-2.6,-3.13,-3.2,-2.53,-3.13,1245.538,2185.988,1681.301,1619.42,0,0,0,0
2458,65,Hombre,8.5,117,46.3,356,1,1,-0.625,191,117,-1.93,36,0,0.58,0.06,-0.46,-0.275,-0.625,-3.06,-1.93,-2.46,-2.53,-2.87,-3.47,37.786,66.316,51.005,49.128,0,0,0,0
2459,53,Hombre,7.3,127,37,107,1,0,-0.018,105,120,-1.61,36,0,-0.4,0.65,-1.17,-0.018,-0.368,-1.61,-0.49,-1.01,-1.09,-1.04,-1.64,834.595,1464.759,1126.585,1085.12,0,0,0,0
2460,50,Mujer,7.5,123,46.9,225,1,1,-1.173,70,130,1.15,36,0,-1.35,0,-1.47,-0.823,-1.173,0.03,1.15,0.63,0.55,-0.61,-1.21,463.826,814.04,626.1,603.056,0,0,0,0
2461,71,Hombre,5.5,135,36.4,93,0,0,0.094,102,138,-3.61,36,0,0.01,-0.01,0.31,0.094,-0.256,-3.61,-2.49,-3.01,-3.09,-2.87,-3.47,142.549,250.181,192.42,185.338,0,0,0,0
2462,77,Mujer,8.3,145,42.8,734,1,1,-0.416,484,137,-2.46,36,0,-0.61,-1.6,0.21,-0.066,-0.416,-3.59,-2.46,-2.99,-3.06,-3.09,-3.69,224.16,393.412,302.584,291.447,0,0,0,0
2463,71,Hombre,6.6,169,27.9,232,0,1,0.232,293,176,-3.12,36,0,0.54,0.72,-0.39,0.582,0.232,-4.25,-3.12,-3.65,-3.72,-2.78,-3.38,91.3,160.236,123.242,118.706,0,0,0,0
2464,50,Hombre,8.6,152,59.6,43,0,1,0.307,58,152,-0.69,36,0,0.03,1.28,1.74,0.657,0.307,-1.81,-0.69,-1.21,-1.29,-0.23,-0.83,625.974,1098.619,844.977,813.877,0,0,0,0
2465,68,Hombre,8.7,152,34.3,150,1,1,0.014,152,144,-2.9,36,0,-0.38,1.15,-0.55,0.364,0.014,-4.03,-2.9,-3.43,-3.5,-2.88,-3.48,66.276,116.319,89.464,86.171,0,0,0,0
2466,54,Mujer,7.9,144,37.7,111,0,0,0.254,143,128,-2.59,36,0,0.18,-2.28,0.76,0.254,-0.096,-2.59,-1.46,-1.99,-2.06,-1.61,-2.21,291.464,511.535,393.435,378.954,0,0,0,0
2467,68,Mujer,7,108,41.6,25,0,0,0.191,30,113,-2.25,36,0,0.98,0.03,1.89,0.191,-0.159,-2.25,-1.13,-1.65,-1.73,-1.37,-1.97,1030.119,1807.915,1390.515,1339.336,0,0,0,0
2468,42,Hombre,6.8,117,59.3,43,0,0,-0.94,17,108,1.18,36,0,0.77,-0.48,-1.12,-0.94,-1.29,1.18,2.3,1.78,1.7,0.37,-0.23,4751.745,8339.571,6414.184,6178.106,0,0,0,0
2469,76,Mujer,8.6,135,28.6,205,0,0,0.303,278,144,-3.69,36,0,1.41,0.14,0.91,0.303,-0.047,-3.69,-2.56,-3.09,-3.16,-2.63,-3.23,93.848,164.709,126.682,122.019,0,0,0,0
2470,83,Hombre,7.1,157,28,99,0,0,-0.27,76,154,-2.3,36,0,0.97,-1.16,1.22,-0.27,-0.62,-2.3,-1.17,-1.7,-1.77,-2.1,-2.7,280.596,492.461,378.765,364.824,0,0,0,0
2471,66,Hombre,7.5,135,50.8,12,1,0,0.661,23,134,-3.11,36,0,0.62,0.81,0.09,0.661,0.311,-3.11,-1.99,-2.51,-2.59,-1.52,-2.12,171.474,300.946,231.466,222.946,0,0,0,0
2472,77,Mujer,8.8,140,50.2,312,1,0,-0.065,292,133,-2.27,36,0,0.75,1.74,0.6,-0.065,-0.415,-2.27,-1.14,-1.67,-1.74,-1.77,-2.37,335.256,588.393,452.549,435.892,0,0,0,0
2473,56,Mujer,8.3,137,32.3,200,1,0,0.38,292,139,-5.37,36,0,0.33,-0.56,0.17,0.38,0.03,-5.37,-4.24,-4.77,-4.84,-4.2,-4.8,108.115,189.748,145.94,140.568,0,0,0,0
2474,62,Mujer,7.7,139,48.4,711,0,1,0.645,1355,120,-5.05,36,0,0.41,0.14,0.22,0.995,0.645,-6.17,-5.05,-5.57,-5.65,-4.08,-4.68,382.629,671.534,516.494,497.485,0,0,0,0
2475,72,Hombre,7.1,133,56.4,251,0,0,0.709,510,139,-3.75,36,0,-0.7,-0.91,-1.65,0.709,0.359,-3.75,-2.62,-3.15,-3.22,-2.08,-2.68,615.35,1079.973,830.636,800.063,0,0,0,0
2476,64,Mujer,6,145,35.9,262,1,1,-0.392,177,139,-1.43,36,0,1.32,1.82,-0.42,-0.042,-0.392,-2.56,-1.43,-1.96,-2.03,-2.02,-2.62,397.117,696.961,536.051,516.322,0,0,0,0
2477,51,Mujer,8.7,123,59.7,328,1,1,-0.178,275,123,-2.22,36,0,-1.02,0.08,1.07,0.172,-0.178,-3.35,-2.22,-2.75,-2.82,-2.49,-3.09,379.985,666.895,512.926,494.048,0,0,0,0
2478,62,Mujer,7.1,135,53.5,60,0,1,0.067,64,120,-1.4,36,0,0.24,-1.85,-0.35,0.417,0.067,-2.53,-1.4,-1.93,-2,-1.3,-1.9,273.056,479.229,368.587,355.021,0,0,0,0
2479,60,Mujer,7.8,152,43.1,9,0,0,0.14,10,136,-1.87,36,0,-0.39,-0.85,1.47,0.14,-0.21,-1.87,-0.74,-1.27,-1.34,-1.06,-1.66,727.041,1275.996,981.402,945.281,0,0,0,0
2480,59,Hombre,6.8,142,46.3,65,1,0,1.008,178,143,-4.45,36,0,0.85,0.14,2.07,1.008,0.658,-4.45,-3.32,-3.85,-3.92,-2.34,-2.94,83.764,147.011,113.07,108.908,0,0,0,0
2481,72,Hombre,7.1,116,45.9,128,0,0,0.223,160,112,-2.88,36,0,0.88,0.41,-0.74,0.223,-0.127,-2.88,-1.76,-2.28,-2.36,-1.95,-2.55,215.981,379.058,291.544,280.813,0,0,0,0
2482,79,Mujer,8.2,124,26.9,135,0,1,-0.173,114,130,-1.42,36,0,-0.22,-0.98,-1.46,0.177,-0.173,-2.55,-1.42,-1.95,-2.02,-1.68,-2.28,29.811,52.319,40.24,38.759,1,0,0,0
2483,66,Hombre,7.7,129,37.4,139,0,0,-0.316,101,141,-1.49,36,0,-0.41,-0.3,1.23,-0.316,-0.666,-1.49,-0.37,-0.89,-0.97,-1.37,-1.97,604.695,1061.273,816.253,786.21,0,0,0,0
2484,68,Hombre,7.6,113,49,407,0,0,-0.033,394,108,-1.02,36,0,-1.05,2.43,0.7,-0.033,-0.383,-1.02,0.11,-0.42,-0.49,-0.47,-1.07,184.006,322.941,248.382,239.241,0,0,0,0
2485,71,Mujer,9.3,157,54.3,946,0,1,0.006,952,167,-3.99,36,0,0.01,1.26,-1.49,0.356,0.006,-5.12,-3.99,-4.52,-4.59,-3.98,-4.58,157.955,277.219,213.217,205.369,0,0,0,0
2486,64,Hombre,9.2,104,49.3,172,0,0,0.142,198,98,-3.07,36,0,-0.95,-1.18,1.72,0.142,-0.208,-3.07,-1.94,-2.47,-2.54,-2.26,-2.86,246.688,432.952,332.994,320.738,0,0,0,0
2487,86,Mujer,7,125,28.8,212,0,0,0.497,349,135,-5.05,36,0,1.64,-0.12,-0.08,0.497,0.147,-5.05,-3.92,-4.45,-4.52,-3.7,-4.3,108.178,189.858,146.025,140.65,0,0,0,0
2488,67,Hombre,8.8,134,28,91,0,0,-0.322,66,130,-3.17,36,0,0.44,1.05,0.19,-0.322,-0.672,-3.17,-2.04,-2.57,-2.64,-3.05,-3.65,284.411,499.157,383.915,369.785,0,0,0,0
2489,67,Mujer,8.1,149,38,227,0,1,0.308,309,143,-3.25,36,0,-0.24,1.77,-0.69,0.658,0.308,-4.37,-3.25,-3.77,-3.85,-2.79,-3.39,134.001,235.179,180.883,174.225,0,0,0,0
2490,81,Hombre,8,133,39.5,115,1,0,-0.027,112,122,-4.44,36,0,0.7,0.09,1.52,-0.027,-0.377,-4.44,-3.32,-3.84,-3.92,-3.88,-4.48,698.378,1225.691,942.711,908.014,0,0,0,0
2491,41,Hombre,9.3,119,63.8,426,0,1,0.111,476,106,-2.15,36,0,-0.07,0.58,0.35,0.461,0.111,-3.28,-2.15,-2.68,-2.75,-1.99,-2.59,1097.107,1925.483,1480.939,1426.433,0,0,0,0
2492,69,Hombre,6.2,147,25.2,63,0,0,0.107,70,157,-2.53,36,0,-0.14,-1.09,-0.53,0.107,-0.243,-2.53,-1.4,-1.93,-2,-1.76,-2.36,95.399,167.43,128.775,124.035,0,0,0,0
2493,60,Mujer,10.3,152,52.4,80,0,0,0.396,119,146,-2.81,36,0,1.67,0.74,-1.22,0.396,0.046,-2.81,-1.68,-2.21,-2.28,-1.61,-2.21,500.917,879.136,676.167,651.28,0,0,0,0
2494,58,Hombre,9.1,127,40.5,127,0,0,-0.341,90,133,-2.23,36,0,-0.79,0.24,-0.47,-0.341,-0.691,-2.23,-1.11,-1.63,-1.71,-2.15,-2.75,630.804,1107.096,851.497,820.157,0,0,0,0
2495,62,Mujer,7,119,45.9,18,0,0,0.295,24,122,-0.21,36,0,-0.24,-1.12,0.38,0.295,-0.055,-0.21,0.91,0.39,0.31,0.83,0.23,513.244,900.772,692.807,667.308,0,0,0,0
2496,89,Hombre,7.9,158,26.1,27,0,0,0.157,32,160,-2.74,36,0,-0.5,1.44,-1.38,0.157,-0.193,-2.74,-1.61,-2.14,-2.21,-1.9,-2.5,771.733,1354.433,1041.73,1003.389,0,0,0,0
2497,68,Hombre,8.4,130,37.8,281,1,1,-0.78,129,126,-0.48,36,0,-0.05,1.31,-0.07,-0.43,-0.78,-1.6,-0.48,-1,-1.08,-1.65,-2.25,651.218,1142.924,879.053,846.699,0,0,0,0
2498,61,Hombre,6.9,126,20,61,0,0,0.427,93,125,-1.55,36,0,0.73,-0.4,0.32,0.427,0.077,-1.55,-0.42,-0.95,-1.02,-0.31,-0.91,1651.762,2898.932,2229.645,2147.582,0,0,0,0
2499,52,Hombre,7.5,136,34.9,245,0,1,0.463,389,121,-2.09,36,0,0.95,-1.56,-1.14,0.813,0.463,-3.22,-2.09,-2.62,-2.69,-1.4,-2,47.828,83.94,64.561,62.185,0,0,0,0
2500,84,Hombre,5.7,111,25.6,138,1,0,-0.021,135,107,-1.91,36,0,-0.36,0.85,-0.74,-0.021,-0.371,-1.91,-0.78,-1.31,-1.38,-1.34,-1.94,115.678,203.022,156.15,150.402,0,0,0,0
2501,54,Mujer,7.3,141,26.4,143,0,0,0.161,168,150,-2.53,36,0,1.28,-1.64,0.17,0.161,-0.189,-2.53,-1.41,-1.93,-2.01,-1.69,-2.29,349.879,614.057,472.288,454.905,0,0,0,0
2502,68,Hombre,9.5,125,46.1,163,0,0,0.759,348,143,-3.88,36,0,-1.8,-0.93,-0.45,0.759,0.409,-3.88,-2.75,-3.28,-3.35,-2.14,-2.74,294.869,517.511,398.031,383.382,0,0,0,0
2503,72,Mujer,7.9,127,36.4,271,1,1,-0.903,110,127,-2.78,36,0,0.69,-0.35,0.42,-0.553,-0.903,-3.9,-2.78,-3.3,-3.38,-4.13,-4.73,44.667,78.393,60.294,58.075,0,0,0,0
2504,71,Hombre,5.5,152,47.8,39,1,0,-0.116,35,154,-2.63,36,0,1.12,0.9,-0.21,-0.116,-0.466,-2.63,-1.5,-2.03,-2.1,-2.2,-2.8,622.431,1092.4,840.194,809.27,0,0,0,0
2505,57,Hombre,9.3,140,42.9,203,0,1,-0.213,164,136,-3.32,36,0,1.21,0.71,-0.83,0.137,-0.213,-4.44,-3.32,-3.84,-3.92,-3.64,-4.24,133.209,233.789,179.813,173.195,0,0,0,0
2506,55,Hombre,6.9,155,55.6,160,0,1,-0.692,80,158,0.51,36,0,-0.42,-0.53,0.23,-0.342,-0.692,-0.61,0.51,-0.01,-0.09,-0.52,-1.12,260.298,456.837,351.366,338.433,0,0,0,0
2507,53,Mujer,7.2,121,39.1,14,1,0,0.055,15,124,-2.94,36,0,-0.25,0.54,-0.71,0.055,-0.295,-2.94,-1.81,-2.34,-2.41,-2.26,-2.86,523.567,918.89,706.742,680.73,0,0,0,0
2508,67,Mujer,10.9,125,49.4,74,0,1,-0.687,37,104,-0.31,36,0,0.36,0.42,-0.69,-0.337,-0.687,-1.43,-0.31,-0.83,-0.91,-1.34,-1.94,1554.915,2728.961,2098.916,2021.664,0,0,0,0
2509,67,Mujer,8,154,29.1,740,0,1,0.059,785,143,-4.89,36,0,-0.2,-0.7,-2.06,0.409,0.059,-6.01,-4.89,-5.41,-5.49,-4.8,-5.4,28.019,49.174,37.821,36.429,1,0,0,0
2510,62,Hombre,6.6,134,53.1,81,1,0,0.049,85,122,-3.59,36,0,0.4,0.06,-0.08,0.049,-0.301,-3.59,-2.47,-2.99,-3.07,-2.92,-3.52,1924.455,3377.524,2597.743,2502.131,0,0,0,0
2511,51,Hombre,7.1,150,53,4,0,0,0.292,5,131,0.41,36,0,-0.05,1.62,-1.45,0.292,-0.058,0.41,1.53,1.01,0.93,1.44,0.84,2287.785,4015.187,3088.186,2974.524,0,0,0,0
2512,49,Hombre,7.7,104,45.3,158,0,0,0.844,367,116,-0.79,36,0,0.85,0.89,1.06,0.844,0.494,-0.79,0.34,-0.19,-0.26,1.08,0.48,407.181,714.626,549.638,529.408,0,0,0,0
2513,76,Hombre,8.8,101,45,156,1,0,0.501,258,114,-2.82,36,0,-0.24,-0.97,-1.63,0.501,0.151,-2.82,-1.7,-2.22,-2.3,-1.47,-2.07,51.425,90.254,69.417,66.862,0,0,0,0
2514,64,Mujer,7.2,119,49.6,96,0,0,0.199,117,105,-3.23,36,0,-0.2,1.35,1.03,0.199,-0.151,-3.23,-2.11,-2.63,-2.71,-2.33,-2.93,760.653,1334.987,1026.774,988.983,0,0,0,0
2515,65,Mujer,9,125,38.9,329,0,0,-0.298,244,129,-3.03,36,0,0.05,-1.19,-0.72,-0.298,-0.648,-3.03,-1.91,-2.43,-2.51,-2.88,-3.48,2574.254,4517.957,3474.88,3346.985,0,0,0,0
2516,73,Mujer,8.7,142,35.9,616,0,0,-0.172,519,148,-4.18,36,0,1.1,0.82,1.22,-0.172,-0.522,-4.18,-3.05,-3.58,-3.65,-3.84,-4.44,62.685,110.016,84.617,81.502,0,0,0,0
2517,69,Mujer,6.6,133,45.6,100,0,1,-0.639,53,124,-1.02,36,0,1.12,0.81,1.8,-0.289,-0.639,-2.14,-1.02,-1.54,-1.62,-1.98,-2.58,892.57,1566.509,1204.843,1160.498,0,0,0,0
2518,55,Mujer,5.7,147,55.2,139,0,0,0.173,165,150,-3.16,36,0,-0.44,1.38,-0.14,0.173,-0.177,-3.16,-2.04,-2.56,-2.64,-2.3,-2.9,1288.356,2261.136,1739.099,1675.091,0,0,0,0
2519,52,Hombre,8,111,53.9,24,1,0,0.142,28,109,-1.92,36,0,0.11,0.02,0.25,0.142,-0.208,-1.92,-0.8,-1.32,-1.4,-1.11,-1.71,893.002,1567.266,1205.426,1161.06,0,0,0,0
2520,48,Mujer,6.6,129,44.2,839,0,1,0.07,900,134,-0.09,36,0,-0.36,1.33,0.66,0.42,0.07,-1.22,-0.09,-0.62,-0.69,0.01,-0.59,820.057,1439.244,1106.961,1066.218,0,0,0,0
2521,53,Hombre,8.8,128,41.6,76,1,1,-0.417,50,111,-0.77,36,0,0.6,-1.61,-0.78,-0.067,-0.417,-1.9,-0.77,-1.3,-1.37,-1.4,-2,1086.876,1907.527,1467.129,1413.13,0,0,0,0
2522,65,Hombre,8.4,134,36,177,1,1,0.292,237,133,-2.59,36,0,-0.37,-0.48,-0.83,0.642,0.292,-3.71,-2.59,-3.11,-3.19,-2.15,-2.75,220.893,387.678,298.174,287.199,0,0,0,0
2523,67,Mujer,8,153,57.5,17,0,0,-0.26,13,152,0.13,36,0,0.23,-0.66,2.03,-0.26,-0.61,0.13,1.26,0.73,0.66,0.34,-0.26,4176.523,7330.026,5637.716,5430.217,0,0,0,0
2524,54,Hombre,9.1,139,46.2,13,0,0,1.177,42,145,-4.27,36,0,0.76,-1.41,0.42,1.177,0.827,-4.27,-3.15,-3.67,-3.75,-1.91,-2.51,236.956,415.87,319.857,308.084,0,0,0,0
2525,79,Mujer,6.4,139,33.4,434,0,0,0.204,532,138,-1.29,36,0,0.13,1,1.34,0.204,-0.146,-1.29,-0.17,-0.69,-0.77,-0.39,-0.99,125.813,220.809,169.83,163.58,0,0,0,0
2526,68,Hombre,9.4,134,51.2,77,1,0,1.063,223,132,-4.7,36,0,0.94,-0.52,0.4,1.063,0.713,-4.7,-3.58,-4.1,-4.18,-2.51,-3.11,663.978,1165.318,896.277,863.289,0,0,0,0
2527,87,Hombre,10.4,166,44.3,218,1,1,0.011,220,152,-4.63,36,0,1.54,-2.15,1.16,0.361,0.011,-5.75,-4.63,-5.15,-5.23,-4.61,-5.21,271.195,475.962,366.075,352.601,0,0,0,0
2528,72,Hombre,6.6,133,41.4,239,0,1,0.175,285,143,-3.91,36,0,0.23,0.33,-1.15,0.525,0.175,-5.03,-3.91,-4.43,-4.51,-3.65,-4.25,218.063,382.712,294.354,283.52,0,0,0,0
2529,63,Hombre,5.6,135,48.6,22,0,0,0.172,26,145,-2.41,36,0,-0.86,-0.22,-1.03,0.172,-0.178,-2.41,-1.29,-1.81,-1.89,-1.56,-2.16,1016.964,1784.827,1372.757,1322.232,0,0,0,0
2530,74,Mujer,7.8,130,26.4,645,1,1,-0.274,490,123,-4.21,36,0,-1.12,1.05,-0.05,0.076,-0.274,-5.33,-4.21,-4.73,-4.81,-4.62,-5.22,45.335,79.565,61.196,58.943,0,0,0,0
2531,68,Mujer,6.9,159,31.3,123,0,0,1.263,435,158,-4.8,24.44,1,0.7,0.93,1.6,1.263,0.913,-4.8,-3.68,-4.2,-4.28,-2.31,-2.91,24.438,42.89,32.988,31.773,1,0,1,1
2532,69,Mujer,10.5,122,55.8,50,0,1,-0.361,35,127,-2.62,36,0,-1.31,-0.58,0.16,-0.011,-0.361,-3.74,-2.62,-3.14,-3.22,-3.16,-3.76,772.363,1355.54,1042.581,1004.209,0,0,0,0
2533,77,Hombre,6.9,127,31,309,0,0,-0.494,188,132,-4.04,36,0,0.04,-0.99,0.37,-0.494,-0.844,-4.04,-2.91,-3.44,-3.51,-4.18,-4.78,1247.053,2188.647,1683.346,1621.389,0,0,0,0
2534,80,Hombre,9.6,160,32.3,41,1,1,0.789,90,148,-6.42,36,0,1.33,-1.01,1.09,1.139,0.789,-7.55,-6.42,-6.95,-7.02,-5.24,-5.84,221.857,389.371,299.476,288.453,0,0,0,0
2535,65,Mujer,6.5,144,48.9,29,1,0,0.131,33,144,-2.09,36,0,1.05,0.86,-1.25,0.131,-0.219,-2.09,-0.96,-1.49,-1.56,-1.29,-1.89,1791.905,3144.891,2418.819,2329.793,0,0,0,0
2536,65,Hombre,8.1,113,51.1,338,1,1,-0.225,270,98,-3.73,36,0,1.21,-0.31,-1.22,0.125,-0.225,-4.85,-3.73,-4.25,-4.33,-4.06,-4.66,138.416,242.928,186.843,179.966,0,0,0,0
2537,69,Mujer,8.1,154,63.5,24,0,0,0.619,45,161,-2.75,36,0,-0.2,-0.19,-0.49,0.619,0.269,-2.75,-1.62,-2.15,-2.22,-1.22,-1.82,169.39,297.288,228.652,220.237,0,0,0,0
2538,58,Hombre,8.4,135,55,12,0,1,0.015,12,127,-1.46,36,0,0.41,-1.27,0.06,0.365,0.015,-2.58,-1.46,-1.98,-2.06,-1.44,-2.04,1497.75,2628.634,2021.752,1947.34,0,0,0,0
2539,79,Hombre,7.6,140,23.7,215,1,0,0.368,311,144,-4.62,36,0,1.21,-0.9,0.84,0.368,0.018,-4.62,-3.5,-4.02,-4.1,-3.47,-4.07,52.479,92.104,70.839,68.232,0,0,0,0
2540,73,Mujer,6.6,122,49.2,35,1,0,-0.466,22,124,-3.09,36,0,-0.5,-0.74,0.34,-0.466,-0.816,-3.09,-1.97,-2.49,-2.57,-3.19,-3.79,1968.563,3454.935,2657.282,2559.479,0,0,0,0
2541,54,Hombre,8.9,110,49.6,423,0,1,0.078,457,92,-3.24,36,0,-2.19,0.38,-0.76,0.428,0.078,-4.36,-3.24,-3.76,-3.84,-3.12,-3.72,957.882,1681.135,1293.005,1245.415,0,0,0,0
2542,61,Hombre,7.1,136,55.9,66,0,0,0.439,102,134,-2.35,36,0,2.01,-0.39,0.04,0.439,0.089,-2.35,-1.22,-1.75,-1.82,-1.09,-1.69,395.85,694.739,534.342,514.675,0,0,0,0
2543,65,Mujer,8.7,105,48.3,46,0,0,0.402,69,103,-2.46,36,0,0.36,0.22,0.28,0.402,0.052,-2.46,-1.33,-1.86,-1.93,-1.26,-1.86,611.525,1073.259,825.472,795.09,0,0,0,0
2544,75,Hombre,5.7,106,34.5,65,1,0,-0.199,53,115,-1.67,36,0,0.31,0.52,-1.84,-0.199,-0.549,-1.67,-0.55,-1.07,-1.15,-1.37,-1.97,857.906,1505.672,1158.052,1115.429,0,0,0,0
2545,74,Mujer,9.3,113,26.3,447,0,0,0.717,916,130,-5.5,36,0,0.87,0.57,1.08,0.717,0.367,-5.5,-4.38,-4.9,-4.98,-3.82,-4.42,41.901,73.539,56.561,54.479,0,0,0,0
2546,77,Hombre,8.5,159,47.3,121,0,0,1.341,463,153,-4.33,36,0,-0.67,0.27,-1.09,1.341,0.991,-4.33,-3.2,-3.73,-3.8,-1.71,-2.31,75.549,132.593,101.98,98.227,0,0,0,0
2547,79,Mujer,10,137,47,701,1,1,-0.841,302,135,-1.94,36,0,-0.32,-0.63,-0.13,-0.491,-0.841,-3.06,-1.94,-2.46,-2.54,-3.2,-3.8,170.862,299.872,230.639,222.15,0,0,0,0
2548,67,Hombre,6.9,159,40.1,296,1,1,-0.29,221,153,-3.04,36,0,-0.28,0.4,-1.55,0.06,-0.29,-4.16,-3.04,-3.56,-3.64,-3.48,-4.08,621.501,1090.769,838.939,808.061,0,0,0,0
2549,64,Mujer,7,157,35.8,32,1,1,1.03,90,148,-4.54,36,0,-1.11,2.21,-0.65,1.38,1.03,-5.66,-4.54,-5.06,-5.14,-2.99,-3.59,369.675,648.801,499.01,480.643,0,0,0,0
2550,63,Hombre,8.1,179,41.5,66,1,0,0.447,103,187,-4.27,36,0,-0.52,0.52,0.22,0.447,0.097,-4.27,-3.15,-3.67,-3.75,-3,-3.6,486.779,854.324,657.083,632.899,0,0,0,0
2551,62,Hombre,7.8,132,59.1,19,1,0,-0.465,12,139,-1.33,36,0,-0.86,0.59,-0.2,-0.465,-0.815,-1.33,-0.21,-0.73,-0.81,-1.43,-2.03,787.239,1381.648,1062.662,1023.55,0,0,0,0
2552,79,Hombre,9.5,139,38.4,225,0,0,-0.042,216,143,-5.72,36,0,1.07,-1.83,-1.47,-0.042,-0.392,-5.72,-4.6,-5.12,-5.2,-5.19,-5.79,112.744,197.871,152.188,146.587,0,0,0,0
2553,86,Hombre,8.6,136,36,779,0,0,-0.612,422,139,-1.41,36,0,0.08,-0.8,-1.16,-0.612,-0.962,-1.41,-0.29,-0.81,-0.89,-1.73,-2.33,283.558,497.659,382.763,368.675,0,0,0,0
2554,77,Hombre,8,133,44,14,1,0,-0.867,6,131,-0.8,36,0,0.06,-1.4,0.22,-0.867,-1.217,-0.8,0.33,-0.2,-0.27,-1.5,-2.1,2776.945,4873.689,3748.483,3610.518,0,0,0,0
2555,72,Mujer,8.2,132,35.7,211,1,0,0.046,221,129,-3.5,36,0,-0.57,-0.49,1.32,0.046,-0.304,-3.5,-2.37,-2.9,-2.97,-2.83,-3.43,532.702,934.921,719.072,692.606,0,0,0,0
2556,86,Hombre,7.6,123,34.2,234,1,0,-0.283,176,123,-2.02,36,0,0.54,1.27,-2.47,-0.283,-0.633,-2.02,-0.9,-1.42,-1.5,-1.85,-2.45,2259.379,3965.334,3049.843,2937.592,0,0,0,0
2557,63,Mujer,6.7,140,45.5,47,0,0,0.045,49,136,-1.86,36,0,-0.46,0.31,-0.63,0.045,-0.305,-1.86,-0.74,-1.26,-1.34,-1.19,-1.79,1947.053,3417.185,2628.247,2531.513,0,0,0,0
2558,49,Mujer,8,118,49.2,348,0,0,0.053,367,114,-0.88,36,0,0.84,-0.27,0.44,0.053,-0.297,-0.88,0.25,-0.28,-0.35,-0.2,-0.8,341.994,600.219,461.644,444.653,0,0,0,0
2559,42,Mujer,8.3,102,51.5,173,0,1,-1.215,51,100,0.76,36,0,0.8,0.84,-0.45,-0.865,-1.215,-0.37,0.76,0.23,0.16,-1.07,-1.67,2469.051,4333.32,3332.871,3210.202,0,0,0,0
2560,60,Hombre,7.2,133,48.8,146,1,1,0.305,198,140,-3.78,36,0,-0.01,0.43,0.11,0.655,0.305,-4.9,-3.78,-4.3,-4.38,-3.32,-3.92,286.239,502.365,386.382,372.161,0,0,0,0
2561,59,Hombre,6.8,134,46.7,290,0,0,0.484,471,135,-2.52,36,0,-0.6,0.11,1.02,0.484,0.134,-2.52,-1.4,-1.92,-2,-1.2,-1.8,560.96,984.516,757.217,729.347,0,0,0,0
2562,61,Hombre,8.2,143,39.6,391,0,1,0.031,403,137,-1.72,36,0,0.82,-0.56,-2.02,0.381,0.031,-2.84,-1.72,-2.24,-2.32,-1.67,-2.27,908.175,1593.898,1225.909,1180.788,0,0,0,0
2563,60,Mujer,8.3,121,37.8,77,1,0,0.36,110,130,-0.25,36,0,-1.97,0.41,0.33,0.36,0.01,-0.25,0.87,0.35,0.27,0.89,0.29,1457.18,2557.431,1966.988,1894.592,0,0,0,0
2564,60,Mujer,5.7,135,58.7,162,0,1,-0.126,143,135,-1.4,36,0,-1.04,-0.84,0.57,0.224,-0.126,-2.52,-1.4,-1.92,-2,-1.59,-2.19,723.843,1270.383,977.085,941.123,0,0,0,0
2565,52,Hombre,6.7,124,45.9,227,0,1,-0.259,175,120,-0.92,36,0,1.04,-0.08,0.09,0.091,-0.259,-2.05,-0.92,-1.45,-1.52,-1.31,-1.91,516.915,907.215,697.763,672.081,0,0,0,0
2566,76,Mujer,7.8,130,48.6,513,0,0,-0.15,442,123,-4.04,36,0,0.1,-0.48,0.54,-0.15,-0.5,-4.04,-2.91,-3.44,-3.51,-3.66,-4.26,40.232,70.61,54.308,52.309,0,0,0,0
2567,58,Hombre,7.9,147,43.8,135,1,1,0.309,184,156,-2.73,36,0,-2.18,-0.93,-0.58,0.659,0.309,-3.85,-2.73,-3.25,-3.33,-2.26,-2.86,165.424,290.328,223.299,215.081,0,0,0,0
2568,61,Hombre,7.8,120,40.7,97,0,1,-1.079,33,115,1.3,36,0,-1.27,0.67,0.35,-0.729,-1.079,0.18,1.3,0.78,0.7,-0.31,-0.91,1109.404,1947.065,1497.539,1442.421,0,0,0,0
2569,55,Mujer,8.2,150,59.3,375,0,1,-0.631,199,153,-1.23,36,0,0.68,0.74,1.09,-0.281,-0.631,-2.35,-1.23,-1.75,-1.83,-2.18,-2.78,428.714,752.417,578.703,557.404,0,0,0,0
2570,42,Hombre,8.2,132,54.6,23,0,0,0.94,59,129,-0.68,0.24,1,-1.48,0.56,-0.57,0.94,0.59,-0.68,0.44,-0.08,-0.16,1.33,0.73,0.244,0.429,0.33,0.318,1,1,1,1
2571,66,Hombre,8.8,134,34.9,151,0,0,0.461,239,131,-4.43,35.66,1,1.09,-1.48,-0.17,0.461,0.111,-4.43,-3.3,-3.83,-3.9,-3.14,-3.74,35.662,62.589,48.139,46.367,1,0,0,0
2572,71,Hombre,8.2,124,45.1,105,0,0,-0.337,75,116,-2.98,36,0,0.06,-1.95,-1.88,-0.337,-0.687,-2.98,-1.85,-2.38,-2.45,-2.88,-3.48,639.194,1121.821,862.822,831.065,0,0,0,0
2573,57,Mujer,8.2,136,51.6,131,0,1,-0.329,94,122,-2.14,36,0,-3.35,0.38,-0.78,0.021,-0.329,-3.27,-2.14,-2.67,-2.74,-2.63,-3.23,493.613,866.318,666.308,641.784,0,0,0,0
2574,79,Mujer,9.6,118,38.1,35,0,0,0.561,61,127,-4.25,1.06,1,1.55,-0.52,1.36,0.561,0.211,-4.25,-3.12,-3.65,-3.72,-2.8,-3.4,1.062,1.863,1.433,1.38,1,1,1,1
2575,69,Mujer,8.7,155,52.5,24,1,0,0.823,55,146,-4.84,36,0,0.74,-0.83,0.67,0.823,0.473,-4.84,-3.71,-4.24,-4.31,-3,-3.6,173.435,304.387,234.112,225.496,0,0,0,0
2576,46,Mujer,8.7,168,44.6,73,0,0,0.381,107,164,-3.04,36,0,-0.68,-0.03,0.1,0.381,0.031,-3.04,-1.92,-2.44,-2.52,-1.87,-2.47,102.004,179.022,137.691,132.623,0,0,0,0
2577,76,Mujer,9.1,129,46.5,180,1,0,-0.199,147,120,-3.12,36,0,1.63,0.24,-0.04,-0.199,-0.549,-3.12,-2,-2.52,-2.6,-2.82,-3.42,437.088,767.113,590.007,568.291,0,0,0,0
2578,85,Hombre,8.5,142,24.8,149,0,0,0.483,242,144,-4.85,16.51,1,0.2,0.92,0.02,0.483,0.133,-4.85,-3.73,-4.25,-4.33,-3.53,-4.13,16.509,28.974,22.285,21.464,1,1,1,1
2579,56,Hombre,7.5,135,50,157,0,0,-0.463,99,137,1.11,36,0,0.04,-0.36,0.03,-0.463,-0.813,1.11,2.23,1.71,1.63,1.01,0.41,3828.8,6719.754,5168.34,4978.116,0,0,0,0
2580,54,Hombre,8.6,145,46.4,102,0,0,-0.411,68,146,-1.04,36,0,0.2,0.01,1.62,-0.411,-0.761,-1.04,0.08,-0.44,-0.52,-1.06,-1.66,1496.989,2627.298,2020.724,1946.35,0,0,0,0
2581,64,Hombre,7,158,54.8,103,0,0,0.194,125,169,-3.5,36,0,-0.63,-0.43,0.1,0.194,-0.156,-3.5,-2.37,-2.9,-2.97,-2.61,-3.21,894.461,1569.828,1207.396,1162.957,0,0,0,0
2582,66,Hombre,9.8,157,49.4,74,0,0,0.996,200,182,-3.99,36,0,-0.51,-0.21,0.82,0.996,0.646,-3.99,-2.87,-3.39,-3.47,-1.9,-2.5,389.568,683.712,525.861,506.507,0,0,0,0
2583,61,Hombre,8.1,117,33,355,1,0,0.156,415,116,-4.36,36,0,-0.44,-0.43,-0.59,0.156,-0.194,-4.36,-3.24,-3.76,-3.84,-3.53,-4.13,841.471,1476.828,1135.867,1094.061,0,0,0,0
2584,62,Hombre,7.2,150,29.9,99,1,1,-0.832,43,148,-2.67,36,0,1.46,-0.64,-1.47,-0.482,-0.832,-3.79,-2.67,-3.19,-3.27,-3.92,-4.52,212.381,372.741,286.685,276.133,0,0,0,0
2585,61,Mujer,8.7,131,57.3,42,0,1,0.057,44,126,0.09,36,0,0.11,-0.31,-0.35,0.407,0.057,-1.04,0.09,-0.44,-0.51,0.17,-0.43,709.582,1245.356,957.836,922.582,0,0,0,0
2586,70,Mujer,7.2,154,35.3,963,1,0,0.21,1188,169,-5.2,36,0,-0.73,-0.64,-1.89,0.21,-0.14,-5.2,-4.08,-4.6,-4.68,-4.29,-4.89,401.793,705.169,542.364,522.402,0,0,0,0
2587,69,Mujer,9.7,139,36.3,230,1,0,0.123,260,142,-3.62,36,0,-0.16,-1.22,-0.14,0.123,-0.227,-3.62,-2.49,-3.02,-3.09,-2.83,-3.43,158.995,279.044,214.62,206.721,0,0,0,0
2588,67,Hombre,8.1,130,56.3,90,0,1,0.125,102,127,-0.1,36,0,0.75,-1.34,0.19,0.475,0.125,-1.22,-0.1,-0.62,-0.7,0.09,-0.51,1306.902,2293.685,1764.134,1699.204,0,0,0,0
2589,67,Hombre,7.1,135,49.6,171,0,0,-0.201,140,127,-1.37,36,0,-0.54,1,0.03,-0.201,-0.551,-1.37,-0.24,-0.77,-0.84,-1.07,-1.67,533.21,935.813,719.759,693.268,0,0,0,0
2590,63,Hombre,8.1,136,48,1576,0,1,-1.187,481,125,-2.14,36,0,-1.21,1.74,0.6,-0.837,-1.187,-3.27,-2.14,-2.67,-2.74,-3.92,-4.52,879.408,1543.408,1187.076,1143.385,0,0,0,0
2591,66,Mujer,8.5,128,55.2,6,0,1,-1.033,2,126,1.14,36,0,-0.81,-1.41,0.63,-0.683,-1.033,0.01,1.14,0.61,0.54,-0.41,-1.01,1101.138,1932.558,1486.381,1431.674,0,0,0,0
2592,78,Hombre,7.7,123,47.9,24,0,0,0.577,43,118,-4.22,36,0,0.48,0.58,1.36,0.577,0.227,-4.22,-3.1,-3.62,-3.7,-2.76,-3.36,3339.996,5861.876,4508.523,4342.584,0,0,0,0
2593,75,Mujer,6.8,110,49.3,51,1,1,0.345,72,100,-1.49,36,0,0.46,0.69,-1.19,0.695,0.345,-2.62,-1.49,-2.02,-2.09,-0.97,-1.57,64.084,112.471,86.504,83.32,0,0,0,0
2594,53,Mujer,7.3,170,61.3,603,1,1,-0.591,334,178,-1.45,36,0,-0.31,-0.17,-1.86,-0.241,-0.591,-2.57,-1.45,-1.97,-2.05,-2.33,-2.93,746.754,1310.595,1008.013,970.912,0,0,0,0
2595,72,Mujer,5.9,111,50.7,42,0,0,-0.202,34,95,-2.19,36,0,1.06,-0.94,-0.51,-0.202,-0.552,-2.19,-1.07,-1.59,-1.67,-1.89,-2.49,2853.694,5008.388,3852.083,3710.305,0,0,0,0
2596,53,Mujer,7.8,135,47.3,246,1,1,-0.395,166,141,-1.61,36,0,1.04,-0.45,-0.35,-0.045,-0.395,-2.74,-1.61,-2.14,-2.21,-2.2,-2.8,358.551,629.276,483.993,466.179,0,0,0,0
2597,60,Hombre,5.5,125,43.1,95,0,0,-0.492,58,128,-0.52,36,0,0.1,-0.62,0.35,-0.492,-0.842,-0.52,0.61,0.08,0.01,-0.65,-1.25,860.641,1510.473,1161.744,1118.986,0,0,0,0
2598,74,Hombre,9.3,147,40,1294,0,1,-0.888,532,131,-1.77,36,0,-2.94,-1.42,0.55,-0.538,-0.888,-2.89,-1.77,-2.29,-2.37,-3.1,-3.7,560.375,983.488,756.427,728.586,0,0,0,0
2599,66,Hombre,5.9,122,54.5,66,0,1,-0.389,45,113,1.29,36,0,-1.14,0.44,0.21,-0.039,-0.389,0.16,1.29,0.76,0.69,0.7,0.1,6184.494,10854.124,8348.193,8040.933,0,0,0,0
2600,74,Hombre,6.8,149,65.3,12,0,0,-0.117,11,154,-1.91,36,0,0.2,-1.12,-2.66,-0.117,-0.467,-1.91,-0.78,-1.31,-1.38,-1.48,-2.08,425.26,746.355,574.041,552.913,0,0,0,0
2601,61,Hombre,6.9,124,37.9,61,0,0,0.344,86,114,-1.81,36,0,-0.17,-0.34,-0.24,0.344,-0.006,-1.81,-0.69,-1.21,-1.29,-0.69,-1.29,499.179,876.087,673.822,649.021,0,0,0,0
2602,64,Mujer,6.8,129,44.5,76,0,0,0.672,149,127,-0.01,24.1,1,0.56,1.82,0.44,0.672,0.322,-0.01,1.11,0.59,0.51,1.6,1,24.1,42.296,32.531,31.334,1,0,1,1
2603,37,Hombre,11.3,152,54.5,168,0,1,-0.522,100,160,-1.99,36,0,1.72,-0.68,1.27,-0.172,-0.522,-3.12,-1.99,-2.52,-2.59,-2.77,-3.37,208.379,365.716,281.282,270.929,0,0,0,0
2604,65,Hombre,7.6,138,50.2,38,1,0,0.428,58,136,-1.26,36,0,-0.39,-0.58,0.66,0.428,0.078,-1.26,-0.14,-0.66,-0.74,-0.02,-0.62,310.605,545.129,419.273,403.842,0,0,0,0
2605,68,Mujer,9,187,30.8,258,0,0,0.632,485,195,-6.38,36,0,-0.99,0.36,0.4,0.632,0.282,-6.38,-5.26,-5.78,-5.86,-4.84,-5.44,69.895,122.669,94.348,90.876,0,0,0,0
2606,78,Mujer,7.9,141,44,74,0,1,0.235,94,134,-2.16,36,0,-0.96,-0.36,0.4,0.585,0.235,-3.28,-2.16,-2.68,-2.76,-1.8,-2.4,367.123,644.321,495.564,477.325,0,0,0,0
2607,89,Hombre,6.3,138,38.7,252,1,1,-0.256,195,141,-2.04,36,0,1.92,1.53,-0.87,0.094,-0.256,-3.17,-2.04,-2.57,-2.64,-2.43,-3.03,113.408,199.037,153.085,147.45,0,0,0,0
2608,65,Mujer,8.6,131,33.6,142,0,1,-0.269,109,135,-1.3,36,0,-0.74,0.34,-1.2,0.081,-0.269,-2.43,-1.3,-1.83,-1.9,-1.71,-2.31,365.664,641.76,493.595,475.428,0,0,0,0
2609,56,Mujer,7,159,48.4,114,0,0,0.643,217,155,-3.89,36,0,0.35,1.05,-2.08,0.643,0.293,-3.89,-2.76,-3.29,-3.36,-2.32,-2.92,112.687,197.771,152.111,146.512,0,0,0,0
2610,66,Hombre,6.6,115,55.7,42,0,0,0.52,71,117,-2.32,36,0,-1.63,-1.44,0.92,0.52,0.17,-2.32,-1.2,-1.72,-1.8,-0.94,-1.54,1489.781,2614.647,2010.994,1936.978,0,0,0,0
2611,52,Mujer,6,130,52,29,0,0,0.942,74,136,-2.85,36,0,-0.73,1.41,-0.81,0.942,0.592,-2.85,-1.72,-2.25,-2.32,-0.83,-1.43,316.211,554.967,426.84,411.13,0,0,0,0
2612,66,Hombre,8.2,187,47.4,322,0,1,-0.114,287,187,-5.11,36,0,-0.36,-0.52,-0.56,0.236,-0.114,-6.24,-5.11,-5.64,-5.71,-5.28,-5.88,323.494,567.749,436.671,420.599,0,0,0,0
2613,63,Hombre,7.6,130,40.4,290,1,0,-0.197,238,135,-2.63,36,0,-0.97,-0.11,-0.91,-0.197,-0.547,-2.63,-1.5,-2.03,-2.1,-2.32,-2.92,210.718,369.821,284.439,273.97,0,0,0,0
2614,71,Hombre,6.7,137,25.3,463,0,0,-0.092,422,135,-2.69,36,0,-0.95,0.35,0.62,-0.092,-0.442,-2.69,-1.57,-2.09,-2.17,-2.23,-2.83,1536.544,2696.719,2074.118,1997.779,0,0,0,0
2615,62,Hombre,7.6,130,40.9,65,0,0,0.349,92,145,-0.88,36,0,1.11,-0.71,0.47,0.349,-0.001,-0.88,0.24,-0.28,-0.36,0.24,-0.36,601.548,1055.75,812.005,782.119,0,0,0,0
2616,68,Mujer,9.6,157,43.9,186,0,0,-0.168,157,158,-1.56,36,0,0.98,0.4,1.46,-0.168,-0.518,-1.56,-0.43,-0.96,-1.03,-1.21,-1.81,254.597,446.832,343.67,331.021,0,0,0,0
2617,79,Mujer,8.7,136,20,440,0,0,-0.208,358,141,-3.83,36,0,-0.09,0.98,0.13,-0.208,-0.558,-3.83,-2.71,-3.23,-3.31,-3.54,-4.14,395.748,694.559,534.204,514.542,0,0,0,0
2618,62,Hombre,9.2,140,47.4,162,1,1,-0.558,93,126,-2.43,36,0,1.02,-1.11,1.83,-0.208,-0.558,-3.55,-2.43,-2.95,-3.03,-3.26,-3.86,603.81,1059.719,815.058,785.059,0,0,0,0
2619,60,Mujer,9.4,123,54.3,364,0,0,-0.973,138,135,-1.05,36,0,0.76,-0.15,-0.04,-0.973,-1.323,-1.05,0.08,-0.45,-0.52,-1.91,-2.51,1218.303,2138.188,1644.537,1584.008,0,0,0,0
2620,72,Hombre,5.8,119,48.2,15,1,0,-0.891,6,113,1.59,36,0,1,-1.4,-0.47,-0.891,-1.241,1.59,2.72,2.19,2.12,0.86,0.26,299.847,526.248,404.751,389.854,0,0,0,0
2621,47,Hombre,7.5,138,44.4,67,1,1,-0.077,62,128,-1.45,36,0,-1.5,0.16,-0.23,0.273,-0.077,-2.58,-1.45,-1.98,-2.05,-1.57,-2.17,837.727,1470.257,1130.813,1089.193,0,0,0,0
2622,63,Mujer,6.7,143,65.1,41,0,1,-0.806,18,130,0.75,36,0,-1.92,-0.97,-0.76,-0.456,-0.806,-0.37,0.75,0.23,0.15,-0.46,-1.06,6537.374,11473.449,8824.532,8499.74,0,0,0,0
2623,45,Hombre,9,140,58.9,55,0,0,-0.14,48,135,-1.45,36,0,-0.59,1.54,0.11,-0.14,-0.49,-1.45,-0.33,-0.85,-0.93,-1.06,-1.66,293.298,514.755,395.911,381.34,0,0,0,0
2624,57,Hombre,6.6,124,56.7,17,0,0,0.621,32,141,-2.21,16.23,1,-0.35,-0.69,-1.84,0.621,0.271,-2.21,-1.09,-1.61,-1.69,-0.68,-1.28,16.227,28.48,21.905,21.098,1,1,1,1
2625,85,Mujer,8.3,125,35.1,675,1,0,-0.522,401,139,-4.63,36,0,-0.06,0.29,0.33,-0.522,-0.872,-4.63,-3.51,-4.03,-4.11,-4.82,-5.42,265.196,465.433,357.977,344.801,0,0,0,0
2626,79,Hombre,7.3,132,43.1,130,0,0,-0.114,116,136,-1.37,36,0,-0.28,-1.25,-1.41,-0.114,-0.464,-1.37,-0.25,-0.77,-0.85,-0.94,-1.54,1375.603,2414.259,1856.87,1788.527,0,0,0,0
2627,78,Mujer,8.9,130,61.5,143,0,1,-0.296,106,124,-2.12,36,0,1.47,-1.22,-1.69,0.054,-0.296,-3.25,-2.12,-2.65,-2.72,-2.56,-3.16,67.757,118.917,91.463,88.096,0,0,0,0
2628,77,Hombre,7.2,144,37.6,719,0,0,1.009,1973,147,-4.67,36,0,0.95,-0.39,-0.13,1.009,0.659,-4.67,-3.54,-4.07,-4.14,-2.55,-3.15,43.828,76.92,59.161,56.984,0,0,0,0
2629,73,Hombre,7,123,35.4,412,0,1,-1.454,96,122,-0.58,36,0,1.47,-0.84,1.38,-1.104,-1.454,-1.71,-0.58,-1.11,-1.18,-2.77,-3.37,164.51,288.724,222.065,213.892,0,0,0,0
2630,49,Hombre,9.1,125,57.5,74,1,1,0.237,94,114,-1.04,36,0,-1.76,-0,-0.64,0.587,0.237,-2.16,-1.04,-1.56,-1.64,-0.68,-1.28,963.622,1691.21,1300.754,1252.879,0,0,0,0
2631,76,Mujer,7.9,157,32.5,960,0,0,-0.081,885,161,-3.27,36,0,1.16,1.48,-1.54,-0.081,-0.431,-3.27,-2.14,-2.67,-2.74,-2.79,-3.39,128.163,224.932,173.001,166.634,0,0,0,0
2632,66,Hombre,7,143,40.9,39,0,0,-0.143,34,129,-0.67,36,0,0.35,0.94,-0.36,-0.143,-0.493,-0.67,0.46,-0.07,-0.14,-0.28,-0.88,767.722,1347.394,1036.316,998.174,0,0,0,0
2633,53,Hombre,8.8,122,43.2,106,0,1,-0.787,48,114,-0.18,36,0,-1.13,-1.62,-0.09,-0.437,-0.787,-1.3,-0.18,-0.7,-0.78,-1.36,-1.96,2773.992,4868.507,3744.497,3606.679,0,0,0,0
2634,76,Hombre,7.2,155,41,39,0,0,0.013,40,140,-3.12,36,0,0.52,-0.39,-0.67,0.013,-0.337,-3.12,-1.99,-2.52,-2.59,-2.5,-3.1,600.716,1054.289,810.882,781.037,0,0,0,0
2635,67,Mujer,8.5,142,38.4,493,0,0,0.251,634,147,-5.69,36,0,-2.78,-0.51,-1.42,0.251,-0.099,-5.69,-4.56,-5.09,-5.16,-4.71,-5.31,359.161,630.347,484.816,466.972,0,0,0,0
2636,64,Mujer,7.4,134,35.5,286,0,0,-0.126,252,113,-2.43,36,0,-0.86,-0.27,-0.02,-0.126,-0.476,-2.43,-1.3,-1.83,-1.9,-2.02,-2.62,871.794,1530.046,1176.799,1133.486,0,0,0,0
2637,75,Hombre,8.5,135,44.8,87,0,1,-1.007,32,131,-0.19,36,0,0.96,1.06,0.81,-0.657,-1.007,-1.31,-0.19,-0.71,-0.79,-1.7,-2.3,2121.435,3723.235,2863.638,2758.24,0,0,0,0
2638,68,Hombre,7.8,153,41.7,2360,0,1,-0.292,1762,137,-4.93,36,0,1.43,1.22,-0.3,0.058,-0.292,-6.06,-4.93,-5.46,-5.53,-5.37,-5.97,150.421,263.996,203.046,195.573,0,0,0,0
2639,47,Mujer,9.1,140,41.5,110,1,1,0.17,130,130,-2.78,36,0,-0.5,0.03,-1.84,0.52,0.17,-3.91,-2.78,-3.31,-3.38,-2.53,-3.13,414.349,727.205,559.312,538.727,0,0,0,0
2640,63,Hombre,7.5,146,42.1,62,0,0,0.78,135,146,-2.56,4.88,1,0.64,-0.51,-0.36,0.78,0.43,-2.56,-1.44,-1.96,-2.04,-0.79,-1.39,4.878,8.562,6.585,6.343,1,1,1,1
2641,53,Hombre,8.2,125,52.1,83,0,1,-0.674,42,118,0.08,36,0,1.23,0.02,1.24,-0.324,-0.674,-1.04,0.08,-0.44,-0.52,-0.93,-1.53,2291.731,4022.113,3093.513,2979.655,0,0,0,0
2642,78,Mujer,6.8,147,37.7,146,0,0,-0.458,92,129,-0.79,36,0,-1.26,1.56,-0.73,-0.458,-0.808,-0.79,0.33,-0.19,-0.27,-0.88,-1.48,3070.03,5388.07,4144.106,3991.58,0,0,0,0
2643,82,Hombre,9.4,115,36.7,435,0,0,-0.208,353,102,-2.43,36,0,0.69,-0.42,0.36,-0.208,-0.558,-2.43,-1.3,-1.83,-1.9,-2.14,-2.74,121.348,212.972,163.803,157.774,0,0,0,0
2644,52,Mujer,6.6,130,51.8,78,0,1,0.245,100,131,-0.68,36,0,1.53,1.43,0.43,0.595,0.245,-1.8,-0.68,-1.2,-1.28,-0.31,-0.91,167.752,294.413,226.441,218.107,0,0,0,0
2645,63,Mujer,9.6,152,42.8,95,0,0,0.339,133,158,-5.07,36,0,-1.2,1.84,-0.29,0.339,-0.011,-5.07,-3.95,-4.47,-4.55,-3.96,-4.56,611.154,1072.608,824.971,794.607,0,0,0,0
2646,62,Mujer,6.6,160,36.2,265,0,1,-0.036,256,149,-3.52,36,0,-0.01,0.75,-1.36,0.314,-0.036,-4.64,-3.52,-4.04,-4.12,-3.57,-4.17,227.641,399.522,307.283,295.973,0,0,0,0
2647,74,Mujer,7.5,146,34.4,207,1,0,0.413,313,149,-4.67,36,0,0.83,-1.65,-0.54,0.413,0.063,-4.67,-3.55,-4.07,-4.15,-3.45,-4.05,164.451,288.621,221.986,213.816,0,0,0,0
2648,62,Mujer,6.6,107,34.8,59,0,0,-0.49,36,104,-0.71,36,0,-0.74,0.74,-0.31,-0.49,-0.84,-0.71,0.42,-0.11,-0.18,-0.84,-1.44,3268.055,5735.616,4411.413,4249.049,0,0,0,0
2649,66,Mujer,9.3,125,50.3,822,1,1,-0.524,487,113,-2.9,36,0,0.49,0.55,-0.37,-0.174,-0.524,-4.02,-2.9,-3.42,-3.5,-3.68,-4.28,54.995,96.519,74.235,71.503,0,0,0,0
2650,65,Hombre,8.2,99,56.9,38,0,0,-0.062,36,90,-0.26,36,0,1.44,0.85,0.19,-0.062,-0.412,-0.26,0.87,0.34,0.27,0.25,-0.35,613.259,1076.303,827.813,797.345,0,0,0,0
2651,47,Mujer,5.5,135,43.9,69,0,0,-0.338,49,142,-1.01,36,0,-0.09,0.09,0.83,-0.338,-0.688,-1.01,0.12,-0.41,-0.48,-0.92,-1.52,99.648,174.888,134.511,129.56,0,0,0,0
2652,57,Mujer,9.1,163,55.9,161,0,0,0.768,347,169,-4,6.57,1,-0.61,0.36,1.72,0.768,0.418,-4,-2.87,-3.4,-3.47,-2.25,-2.85,6.573,11.536,8.873,8.546,1,1,1,1
2653,56,Hombre,6,142,50.7,109,0,0,0.686,216,150,-2.76,36,0,1.04,0.67,-2.1,0.686,0.336,-2.76,-1.63,-2.16,-2.23,-1.13,-1.73,230.629,404.766,311.316,299.858,0,0,0,0
2654,51,Mujer,6.3,108,57.8,106,0,1,-0.463,67,100,-0.64,36,0,-0.22,-0.07,0.49,-0.113,-0.463,-1.76,-0.64,-1.16,-1.24,-1.33,-1.93,2387.079,4189.455,3222.22,3103.624,0,0,0,0
2655,61,Hombre,10.3,142,29.9,117,0,0,-0.049,111,141,-3.43,36,0,1.08,1.78,-0.16,-0.049,-0.399,-3.43,-2.31,-2.83,-2.91,-2.9,-3.5,578.322,1014.988,780.654,751.921,0,0,0,0
2656,52,Mujer,7.7,115,38.9,55,0,1,-0.168,46,120,0.25,36,0,0.64,-0.14,0.34,0.182,-0.168,-0.87,0.25,-0.27,-0.35,0,-0.6,783.977,1375.922,1058.258,1019.308,0,0,0,0
2657,75,Mujer,7.2,153,59.8,530,0,1,-0.353,372,141,-3.51,36,0,0.1,-0.43,-0.91,-0.003,-0.353,-4.64,-3.51,-4.04,-4.11,-4.04,-4.64,1027.631,1803.549,1387.157,1336.102,0,0,0,0
2658,63,Mujer,8.6,119,39.6,31,1,0,-0.533,18,120,-1.89,36,0,0.63,2.46,-1.53,-0.533,-0.883,-1.89,-0.76,-1.29,-1.36,-2.09,-2.69,2233.271,3919.512,3014.6,2903.646,0,0,0,0
2659,64,Hombre,5.5,152,36.4,61,0,0,0.206,75,152,-2.84,31.22,1,-1.85,-0.01,-1.05,0.206,-0.144,-2.84,-1.71,-2.24,-2.31,-1.93,-2.53,31.215,54.784,42.136,40.585,1,0,0,0
2660,69,Mujer,8.6,139,59.3,110,1,0,-0.222,88,129,-3.55,36,0,-0.17,0.05,0.62,-0.222,-0.572,-3.55,-2.42,-2.95,-3.02,-3.28,-3.88,36.859,64.69,49.754,47.923,0,0,0,0
2661,60,Hombre,7.1,129,32,54,0,1,-0.971,20,137,-2.51,36,0,-1.1,0.12,-1.9,-0.621,-0.971,-3.63,-2.51,-3.03,-3.11,-3.96,-4.56,1093.584,1919.3,1476.184,1421.852,0,0,0,0
2662,70,Hombre,7.9,124,32.6,24,0,0,-0.172,20,140,-1.05,36,0,0.19,0,2.28,-0.172,-0.522,-1.05,0.07,-0.45,-0.53,-0.71,-1.31,465.847,817.588,628.828,605.684,0,0,0,0
2663,77,Hombre,8.5,146,28.3,142,1,0,1.574,685,168,-6.53,36,0,0.54,-0.27,-0.6,1.574,1.224,-6.53,-5.41,-5.93,-6.01,-3.57,-4.17,67.072,117.715,90.538,87.206,0,0,0,0
2664,59,Hombre,8.5,138,36.7,64,1,0,0.32,88,147,-3.62,36,0,0.18,2.25,0.77,0.32,-0.03,-3.62,-2.5,-3.02,-3.1,-2.54,-3.14,86.775,152.295,117.134,112.823,0,0,0,0
2665,55,Hombre,6.1,143,56.5,49,0,1,-0.102,44,127,0.92,36,0,-2.01,-0.58,-0.31,0.248,-0.102,-0.21,0.92,0.39,0.32,0.76,0.16,491.942,863.385,664.052,639.611,0,0,0,0
2666,84,Hombre,9.4,139,40.9,210,1,0,0.091,230,147,-3.34,36,0,2.69,0.79,-1,0.091,-0.259,-3.34,-2.22,-2.74,-2.82,-2.61,-3.21,467.791,820.999,631.452,608.211,0,0,0,0
2667,63,Mujer,7.7,118,51.9,40,0,0,0.281,53,123,-1.17,36,0,-0.58,-1.01,-1.01,0.281,-0.069,-1.17,-0.05,-0.57,-0.65,-0.15,-0.75,3926.074,6890.474,5299.645,5104.589,0,0,0,0
2668,68,Hombre,9.1,133,38,140,0,0,0.459,221,133,-5.97,36,0,1.35,1.04,-0.73,0.459,0.109,-5.97,-4.85,-5.37,-5.45,-4.69,-5.29,224.999,394.885,303.717,292.538,0,0,0,0
2669,76,Hombre,9.6,145,38.5,40,1,0,-0.073,37,150,-3.57,36,0,1.88,-0.7,0.17,-0.073,-0.423,-3.57,-2.44,-2.97,-3.04,-3.08,-3.68,36.716,64.439,49.562,47.737,0,0,0,0
2670,66,Hombre,7.7,130,52,251,0,1,-0.708,124,121,-0.8,36,0,-1.81,0.39,-0.61,-0.358,-0.708,-1.92,-0.8,-1.32,-1.4,-1.86,-2.46,2514.883,4413.757,3394.737,3269.791,0,0,0,0
2671,50,Mujer,7.9,126,56,12,0,1,0.385,18,100,1.17,36,0,-0.24,0.76,-0.46,0.735,0.385,0.04,1.17,0.64,0.57,1.75,1.15,336.324,590.266,453.989,437.28,0,0,0,0
2672,55,Mujer,8.3,136,50.2,225,0,1,-0.225,180,131,-1.68,0.09,1,-1.12,1.27,0.02,0.125,-0.225,-2.8,-1.68,-2.2,-2.28,-2.01,-2.61,0.052,0.091,0.07,0.068,1,1,1,1
2673,53,Mujer,8.7,158,32.4,487,0,0,-0.461,307,156,-3.13,36,0,-1.05,0.2,-0.87,-0.461,-0.811,-3.13,-2.01,-2.53,-2.61,-3.22,-3.82,379.361,665.799,512.084,493.236,0,0,0,0
2674,54,Hombre,8.5,124,54,62,0,0,-0.049,59,133,-3.39,36,0,0.75,-1.34,-0.1,-0.049,-0.399,-3.39,-2.26,-2.79,-2.86,-2.86,-3.46,756.446,1327.604,1021.096,983.514,0,0,0,0
2675,82,Mujer,8.7,137,34.8,132,0,0,-0.211,107,130,-3.86,36,0,-1.34,-0.1,-1.38,-0.211,-0.561,-3.86,-2.74,-3.26,-3.34,-3.58,-4.18,182.459,320.225,246.293,237.228,0,0,0,0
2676,60,Hombre,7.3,115,43.8,72,0,1,-0.027,70,108,0.9,36,0,-0.86,0.03,-0.96,0.323,-0.027,-0.22,0.9,0.38,0.3,0.86,0.26,667.332,1171.204,900.804,867.649,0,0,0,0
2677,61,Mujer,7.7,134,40.3,124,0,1,0.452,195,135,-2.06,36,0,0.59,-0.57,-0.03,0.802,0.452,-3.19,-2.06,-2.59,-2.66,-1.38,-1.98,280.059,491.519,378.04,364.126,0,0,0,0
2678,67,Mujer,8.9,122,51.2,118,1,1,-0.149,102,107,-2.05,36,0,-0.39,0.49,0.57,0.201,-0.149,-3.17,-2.05,-2.57,-2.65,-2.27,-2.87,536.402,941.415,724.067,697.418,0,0,0,0
2679,52,Mujer,8.6,141,47.1,228,0,0,-0.092,208,153,-0.85,36,0,0.74,0.12,2.69,-0.092,-0.442,-0.85,0.28,-0.25,-0.32,-0.39,-0.99,715.715,1256.119,966.114,930.556,0,0,0,0
2680,58,Mujer,6.2,136,51.5,20,0,1,0.641,38,127,-1.09,36,0,0.44,0.65,-2.29,0.991,0.641,-2.21,-1.09,-1.61,-1.69,-0.13,-0.73,113.07,198.443,152.628,147.011,0,0,0,0
2681,63,Mujer,9.2,129,54,108,1,1,-0.533,63,124,-1.55,36,0,1.1,0.81,-0.2,-0.183,-0.533,-2.67,-1.55,-2.07,-2.15,-2.35,-2.95,905.228,1588.724,1221.93,1176.956,0,0,0,0
2682,54,Hombre,8.4,135,49.7,102,0,0,-0.362,71,135,-0.43,36,0,-1.39,1.17,-0.88,-0.362,-0.712,-0.43,0.7,0.17,0.1,-0.37,-0.97,247.364,434.137,333.906,321.617,0,0,0,0
2683,55,Hombre,7.5,113,53.2,10,0,1,0.161,12,108,1,36,0,-0.43,-0.99,-0.5,0.511,0.161,-0.13,1,0.47,0.4,1.24,0.64,415.397,729.044,560.727,540.089,0,0,0,0
2684,43,Mujer,8.2,137,41.5,217,0,0,-0.366,150,135,0.26,36,0,-0.21,1.57,-1.65,-0.366,-0.716,0.26,1.39,0.86,0.79,0.31,-0.29,1239.664,2175.679,1673.372,1611.783,0,0,0,0
2685,47,Mujer,7.8,139,48.2,74,0,1,0.7,149,134,-0.13,36,0,0.9,-0.13,-0.24,1.05,0.7,-1.25,-0.13,-0.65,-0.73,0.92,0.32,185.356,325.31,250.204,240.995,0,0,0,0
2686,70,Mujer,7.6,156,40.2,165,0,0,0.769,356,159,-4.56,36,0,1.05,0.3,-0.04,0.769,0.419,-4.56,-3.43,-3.96,-4.03,-2.8,-3.4,323.148,567.143,436.204,420.15,0,0,0,0
2687,60,Hombre,7.1,143,50,217,0,0,-0.254,168,132,-1.17,36,0,-0.88,-0.51,-0.54,-0.254,-0.604,-1.17,-0.04,-0.57,-0.64,-0.95,-1.55,509.583,894.346,687.865,662.548,0,0,0,0
2688,68,Mujer,7.6,155,42.8,218,0,0,0.62,405,153,-2.31,36,0,-0.67,-2.36,-0.33,0.62,0.27,-2.31,-1.18,-1.71,-1.78,-0.78,-1.38,846.865,1486.294,1143.148,1101.074,0,0,0,0
2689,34,Hombre,7.4,106,54.5,151,0,1,-0.948,58,89,-0.43,36,0,-0.07,-0.39,-0.68,-0.598,-0.948,-1.55,-0.43,-0.95,-1.03,-1.85,-2.45,305.066,535.407,411.795,396.639,0,0,0,0
2690,58,Mujer,7.2,157,54.6,25,0,0,0.479,40,159,-0.86,36,0,-0.62,-1.07,-1.15,0.479,0.129,-0.86,0.26,-0.26,-0.34,0.45,-0.15,333.792,585.824,450.572,433.989,0,0,0,0
2691,74,Mujer,8.6,115,43.3,21,0,1,-0.182,18,106,-1.62,36,0,-0.34,0.26,-0.26,0.168,-0.182,-2.74,-1.62,-2.14,-2.22,-1.89,-2.49,445.104,781.182,600.827,578.714,0,0,0,0
2692,55,Mujer,7.2,137,62.1,16,0,1,0.05,17,130,-0.84,36,0,-0.76,-0.93,1.42,0.4,0.05,-1.97,-0.84,-1.37,-1.44,-0.77,-1.37,88.795,155.839,119.86,115.449,0,0,0,0
2693,78,Mujer,10.5,151,35.8,1840,1,1,-0.184,1530,140,-3.6,36,0,-0.4,-0.66,0.58,0.166,-0.184,-4.73,-3.6,-4.13,-4.2,-3.88,-4.48,170.376,299.018,229.983,221.518,0,0,0,0
2694,63,Mujer,7,151,54.9,43,0,1,-0.154,37,148,0.37,36,0,1.99,-0.12,1.4,0.196,-0.154,-0.75,0.37,-0.15,-0.23,0.14,-0.46,213.707,375.068,288.475,277.857,0,0,0,0
2695,65,Hombre,8,129,32.7,125,1,0,0.057,132,120,-0.28,36,0,0.31,0.21,-0.46,0.057,-0.293,-0.28,0.85,0.32,0.25,0.41,-0.19,110.093,193.218,148.609,143.14,0,0,0,0
2696,64,Mujer,7.7,118,48.7,58,1,1,-0.499,35,100,-0.76,36,0,0.71,0.31,-0.09,-0.149,-0.499,-1.88,-0.76,-1.28,-1.36,-1.51,-2.11,155.54,272.982,209.957,202.23,0,0,0,0
2697,66,Mujer,8.9,137,58,31,0,1,-0.336,22,126,-0.19,36,0,0.88,-0.97,1.97,0.014,-0.336,-1.32,-0.19,-0.72,-0.79,-0.7,-1.3,656.575,1152.324,886.283,853.663,0,0,0,0
2698,67,Hombre,5.6,101,45.9,14,0,0,0.031,14,106,-1.67,36,0,0.99,-0.9,-1.63,0.031,-0.319,-1.67,-0.54,-1.07,-1.14,-1.02,-1.62,1233.338,2164.576,1664.832,1603.557,0,0,0,0
2699,56,Mujer,8.7,129,41.5,135,0,0,-0.87,57,121,-0.51,36,0,-1.13,-0.97,1.76,-0.87,-1.22,-0.51,0.62,0.09,0.02,-1.21,-1.81,71.067,124.727,95.931,92.4,0,0,0,0
2700,68,Hombre,7.4,155,55.8,493,0,1,-0.997,182,149,-2.03,36,0,1.8,0.33,-0.34,-0.647,-0.997,-3.15,-2.03,-2.55,-2.63,-3.53,-4.13,1736.449,3047.563,2343.961,2257.691,0,0,0,0
2701,52,Mujer,6.8,119,44.1,236,0,0,-0.278,179,132,-0.57,36,0,0.15,-0.84,-0.86,-0.278,-0.628,-0.57,0.56,0.03,-0.04,-0.39,-0.99,1351.084,2371.226,1823.772,1756.647,0,0,0,0
2702,74,Mujer,8.6,114,38.5,53,1,1,-0.605,29,101,0.79,36,0,-0.2,-0.04,1.87,-0.255,-0.605,-0.34,0.79,0.26,0.19,-0.12,-0.72,418.378,734.276,564.751,543.965,0,0,0,0
2703,77,Mujer,8.5,138,43.4,498,1,0,-0.413,329,136,-4.52,36,0,-0.12,-0.18,0.11,-0.413,-0.763,-4.52,-3.4,-3.92,-4,-4.54,-5.14,1710.023,3001.183,2308.289,2223.331,0,0,0,0
2704,69,Hombre,8.9,152,48.5,113,0,1,-0.698,56,153,0.01,36,0,0.21,-0.13,-1.01,-0.348,-0.698,-1.12,0.01,-0.52,-0.59,-1.04,-1.64,1108.188,1944.93,1495.897,1440.84,0,0,0,0
2705,53,Mujer,7.4,138,65.1,160,0,1,-0.359,112,139,-1.2,36,0,-0.22,1.25,-0.2,-0.009,-0.359,-2.33,-1.2,-1.73,-1.8,-1.74,-2.34,570.11,1000.575,769.568,741.244,0,0,0,0
2706,58,Hombre,6.9,131,41.1,77,1,1,-0.621,41,140,-1.36,36,0,-0.43,-0.57,2.02,-0.271,-0.621,-2.48,-1.36,-1.88,-1.96,-2.29,-2.89,804.294,1411.58,1085.684,1045.724,0,0,0,0
2707,46,Mujer,8.5,140,42.1,179,0,1,-0.431,116,129,1,36,0,-1.26,-0.27,1.21,-0.081,-0.431,-0.12,1,0.48,0.4,0.35,-0.25,456.161,800.588,615.754,593.09,0,0,0,0
2708,75,Hombre,6.8,138,48.9,650,1,1,0.231,819,151,-3.97,36,0,-1.58,0.41,1.75,0.581,0.231,-5.1,-3.97,-4.5,-4.57,-3.63,-4.23,261.573,459.076,353.087,340.092,0,0,0,0
2709,60,Hombre,8.9,137,61.2,313,1,1,0.351,445,139,-4.15,28.74,1,-0.28,0.1,0.11,0.701,0.351,-5.28,-4.15,-4.68,-4.75,-3.62,-4.22,16.375,28.738,22.103,21.29,1,1,1,1
2710,68,Mujer,7.9,124,34.7,87,0,0,-0.085,80,127,-2.08,36,0,0.89,0.4,0.08,-0.085,-0.435,-2.08,-0.95,-1.48,-1.55,-1.61,-2.21,582.828,1022.895,786.736,757.78,0,0,0,0
2711,61,Mujer,6.5,127,59.9,237,0,1,-0.351,167,122,-0.29,36,0,-1.48,0.16,0.74,-0.001,-0.351,-1.42,-0.29,-0.82,-0.89,-0.82,-1.42,2055.041,3606.709,2774.015,2671.916,0,0,0,0
2712,55,Hombre,7.6,128,43.7,267,1,1,0.015,271,127,-3.97,36,0,0.74,0.96,-0.81,0.365,0.015,-5.1,-3.97,-4.5,-4.57,-3.95,-4.55,705.28,1237.805,952.028,916.988,0,0,0,0
2713,57,Mujer,8.8,127,45.9,23,1,1,-0.663,12,126,-0.54,36,0,0.71,-0.39,-1.03,-0.313,-0.663,-1.66,-0.54,-1.06,-1.14,-1.53,-2.13,2133.107,3743.72,2879.393,2773.416,0,0,0,0
2714,66,Mujer,8.4,99,55.4,103,1,0,-0.795,47,100,0.56,36,0,-1.23,1.45,1.35,-0.795,-1.145,0.56,1.68,1.16,1.08,-0.04,-0.64,725.568,1273.412,979.415,943.367,0,0,0,0
2715,60,Hombre,7.3,130,63.4,80,0,0,0.312,109,117,-3.98,36,0,-0.36,0.15,2.24,0.312,-0.038,-3.98,-2.86,-3.38,-3.46,-2.92,-3.52,394.315,692.044,532.269,512.679,0,0,0,0
2716,64,Mujer,8,146,47.6,103,0,1,-0.534,60,141,-1.03,36,0,-0.01,1.29,0.61,-0.184,-0.534,-2.16,-1.03,-1.56,-1.63,-1.83,-2.43,1187.673,2084.431,1603.191,1544.185,0,0,0,0
2717,58,Mujer,8.1,128,31.2,687,0,1,-1.01,250,126,-2.05,36,0,-1.38,0.71,1.51,-0.66,-1.01,-3.17,-2.05,-2.57,-2.65,-3.56,-4.16,287.869,505.226,388.583,374.281,0,0,0,0
2718,61,Mujer,7.4,137,52.7,71,0,0,0.411,107,140,-1.36,36,0,0.69,-1.07,-1.15,0.411,0.061,-1.36,-0.23,-0.76,-0.83,-0.14,-0.74,82.275,144.397,111.06,106.972,0,0,0,0
2719,81,Mujer,8.1,189,38,507,1,0,-0.098,460,191,-5.17,36,0,-0.81,0.16,1.42,-0.098,-0.448,-5.17,-4.04,-4.57,-4.64,-4.71,-5.31,361.441,634.349,487.894,469.937,0,0,0,0
2720,65,Mujer,9.2,132,33.7,1073,0,1,-0.913,431,133,-0.35,36,0,0.11,-0.21,1.51,-0.563,-0.913,-1.48,-0.35,-0.88,-0.95,-1.72,-2.32,287.377,504.362,387.918,373.641,0,0,0,0
2721,67,Hombre,8,151,54.5,628,0,1,-0.082,578,142,-1.51,36,0,0.42,0.8,0.69,0.268,-0.082,-2.64,-1.51,-2.04,-2.11,-1.63,-2.23,1470.842,2581.407,1985.428,1912.354,0,0,0,0
2722,66,Mujer,8.3,151,40.5,84,0,0,0.225,105,153,-3.14,36,0,1.26,-0.63,1.4,0.225,-0.125,-3.14,-2.02,-2.54,-2.62,-2.21,-2.81,348.716,612.016,470.718,453.393,0,0,0,0
2723,67,Hombre,8.6,119,61.9,139,0,0,-0.347,98,119,-2.06,36,0,2.36,-0.45,1.2,-0.347,-0.697,-2.06,-0.94,-1.46,-1.54,-1.98,-2.58,1850.8,3248.254,2498.318,2406.366,0,0,0,0
2724,74,Hombre,6,120,24.5,102,0,1,0.226,128,96,-2.32,36,0,0.51,-0.55,-0.17,0.576,0.226,-3.44,-2.32,-2.84,-2.92,-1.98,-2.58,551.437,967.802,744.362,716.966,0,0,0,0
2725,69,Hombre,8.2,140,60.7,100,0,1,0.16,117,145,-2.9,36,0,-0.93,0.53,-0.33,0.51,0.16,-4.02,-2.9,-3.42,-3.5,-2.66,-3.26,316.488,555.453,427.214,411.49,0,0,0,0
2726,48,Hombre,9.4,113,51.7,160,0,0,0.05,168,107,-2.1,36,0,0.84,-0.54,1.63,0.05,-0.3,-2.1,-0.98,-1.5,-1.58,-1.43,-2.03,64.179,112.638,86.633,83.444,0,0,0,0
2727,73,Hombre,8.9,164,50.5,202,1,0,0.254,260,165,-5.73,36,0,-0.26,-0.3,0.34,0.254,-0.096,-5.73,-4.6,-5.13,-5.2,-4.74,-5.34,325.623,571.487,439.546,423.368,0,0,0,0
2728,60,Mujer,7.8,134,46.7,1643,1,1,-0.521,976,136,-4.86,36,0,-1.74,0.94,0.46,-0.171,-0.521,-5.99,-4.86,-5.39,-5.46,-5.64,-6.24,468.089,821.522,631.854,608.598,0,0,0,0
2729,69,Mujer,6.8,129,39.5,138,0,1,0.117,155,129,-1.85,36,0,-2.35,-0.06,1.23,0.467,0.117,-2.97,-1.85,-2.37,-2.45,-1.67,-2.27,194.929,342.112,263.127,253.443,0,0,0,0
2730,60,Mujer,7.8,169,63.7,80,0,0,0.114,90,177,-1.44,36,0,0.92,1.72,0.72,0.114,-0.236,-1.44,-0.32,-0.84,-0.92,-0.67,-1.27,429.676,754.105,580.002,558.655,0,0,0,0
2731,55,Hombre,6.8,123,26.4,1365,0,1,-1.527,296,118,1.1,36,0,-0.76,0.37,1.76,-1.177,-1.527,-0.02,1.1,0.58,0.5,-1.19,-1.79,1871.917,3285.317,2526.824,2433.823,0,0,0,0
2732,59,Hombre,7.9,127,37.5,37,0,1,-0.89,15,130,-0.84,36,0,-0.16,1.87,-0.26,-0.54,-0.89,-1.96,-0.84,-1.36,-1.44,-2.17,-2.77,479.43,841.426,647.163,623.344,0,0,0,0
2733,57,Hombre,7.6,121,39.7,31,0,0,0.604,57,120,-1.37,36,0,-0.51,-0.79,-0.63,0.604,0.254,-1.37,-0.24,-0.77,-0.84,0.14,-0.46,99.198,174.098,133.903,128.975,0,0,0,0
2734,63,Hombre,7.4,132,44.8,99,0,0,0.223,124,134,-2.58,36,0,0.88,2.65,1.01,0.223,-0.127,-2.58,-1.45,-1.98,-2.05,-1.64,-2.24,109.268,191.77,147.496,142.067,0,0,0,0
2735,62,Mujer,8.6,115,53.4,101,0,1,-0.489,62,103,0.11,36,0,2.38,-0.08,1.35,-0.139,-0.489,-1.02,0.11,-0.42,-0.49,-0.62,-1.22,1860.982,3266.126,2512.063,2419.605,0,0,0,0
2736,53,Hombre,7.4,139,56.8,97,0,0,0.073,104,140,-1.66,36,0,-0.51,-1.63,-0.15,0.073,-0.277,-1.66,-0.53,-1.06,-1.13,-0.95,-1.55,619.123,1086.594,835.728,804.969,0,0,0,0
2737,71,Mujer,9,131,34.6,417,0,1,-0.172,351,144,-2.22,36,0,-1.19,0.02,0.88,0.178,-0.172,-3.35,-2.22,-2.75,-2.82,-2.48,-3.08,88.989,156.181,120.123,115.702,0,0,0,0
2738,71,Mujer,7.2,126,45.7,184,0,1,-0.731,89,129,-0.62,36,0,-0.28,-1.6,-0.13,-0.381,-0.731,-1.75,-0.62,-1.15,-1.22,-1.72,-2.32,1437.929,2523.644,1941.001,1869.562,0,0,0,0
2739,61,Hombre,7.6,132,54.6,250,1,0,0.038,260,115,-1.92,34,1,-0.99,-0,-1.48,0.038,-0.312,-1.92,-0.8,-1.32,-1.4,-1.27,-1.87,33.996,59.666,45.89,44.201,1,0,0,0
2740,48,Mujer,8.4,144,57.9,365,0,1,-0.231,290,132,-1.81,36,0,0.01,-1.16,-0.3,0.119,-0.231,-2.94,-1.81,-2.34,-2.41,-2.16,-2.76,401.916,705.385,542.531,522.562,0,0,0,0
2741,55,Hombre,7.6,137,54.2,100,0,1,0.445,156,140,-0.83,36,0,0.2,1.41,-0.12,0.795,0.445,-1.95,-0.83,-1.35,-1.43,-0.16,-0.76,189.061,331.813,255.206,245.813,0,0,0,0
2742,70,Mujer,7.7,139,35.5,212,0,0,0.282,281,145,-5.98,36,0,-0.73,0.69,0.93,0.282,-0.068,-5.98,-4.85,-5.38,-5.45,-4.96,-5.56,96.953,170.158,130.873,126.056,0,0,0,0
2743,62,Mujer,7.1,145,27.9,132,0,1,-0.077,122,145,-0.87,11.07,1,0.6,-0.1,-2.37,0.273,-0.077,-1.99,-0.87,-1.39,-1.47,-0.98,-1.58,6.307,11.069,8.514,8.2,1,1,1,1
2744,73,Hombre,9.6,130,50.1,178,0,0,1.512,807,127,-4.05,36,0,0.6,0.1,0.11,1.512,1.162,-4.05,-2.93,-3.45,-3.53,-1.18,-1.78,429.361,753.552,579.576,558.245,0,0,0,0
2745,59,Hombre,7.4,145,39.9,67,1,0,0.198,82,144,-3.3,36,0,0.46,0.19,-1.13,0.198,-0.152,-3.3,-2.18,-2.7,-2.78,-2.41,-3.01,1119.597,1964.954,1511.298,1455.674,0,0,0,0
2746,62,Mujer,6.2,116,58.8,53,0,0,0.216,66,125,0.39,36,0,0.95,-0.65,0.48,0.216,-0.134,0.39,1.52,0.99,0.92,1.32,0.72,332.755,584.003,449.172,432.64,0,0,0,0
2747,49,Hombre,8.3,121,66.8,118,0,0,-0.493,72,121,-0.73,36,0,-1.69,1.22,-1.71,-0.493,-0.843,-0.73,0.39,-0.13,-0.21,-0.87,-1.47,1904.289,3342.131,2570.521,2475.911,0,0,0,0
2748,75,Mujer,7.7,119,43.6,66,0,0,0.564,116,133,-3.7,36,0,0.19,-0.87,0.18,0.564,0.214,-3.7,-2.58,-3.1,-3.18,-2.26,-2.86,1657.838,2909.597,2237.847,2155.482,0,0,0,0
2749,64,Mujer,7.5,124,47.3,245,0,1,-0.749,116,129,-0.54,36,0,0.6,-1.19,1.17,-0.399,-0.749,-1.66,-0.54,-1.06,-1.14,-1.66,-2.26,1426.811,2504.131,1925.993,1855.106,0,0,0,0
2750,64,Hombre,8.9,120,35.5,32,0,0,0.387,47,135,-1.78,36,0,0.85,-1.64,-0.06,0.387,0.037,-1.78,-0.65,-1.18,-1.25,-0.59,-1.19,519.499,911.749,701.25,675.441,0,0,0,0
2751,48,Mujer,8.5,135,62.8,175,1,1,-0.435,113,136,-0.81,36,0,1.01,0.86,0.47,-0.085,-0.435,-1.93,-0.81,-1.33,-1.41,-1.46,-2.06,169.212,296.976,228.412,220.005,0,0,0,0
2752,70,Hombre,5.9,155,43,68,0,0,-0.496,41,153,-1.09,36,0,1.11,0.93,0.35,-0.496,-0.846,-1.09,0.04,-0.49,-0.56,-1.23,-1.83,2313.338,4060.035,3122.68,3007.748,0,0,0,0
2753,48,Mujer,8.2,141,49.8,104,0,0,0.323,144,151,-1.5,36,0,-0.41,0.88,0.34,0.323,-0.027,-1.5,-0.37,-0.9,-0.97,-0.41,-1.01,1144.145,2008.038,1544.435,1487.591,0,0,0,0
2754,90,Mujer,9.3,131,47.3,399,0,1,0.53,678,115,-6.01,36,0,0.69,0.7,-0.86,0.88,0.53,-7.13,-6.01,-6.53,-6.61,-5.21,-5.81,336.097,589.868,453.683,436.985,0,0,0,0
2755,69,Hombre,9.8,156,49.5,28,1,0,0.068,30,153,-3.95,36,0,-0.08,0.26,-0.27,0.068,-0.282,-3.95,-2.83,-3.35,-3.43,-3.25,-3.85,225.294,395.404,304.116,292.922,0,0,0,0
2756,52,Hombre,5.8,129,52.3,47,1,1,-0.165,40,130,-1.82,36,0,1.5,1.34,0.94,0.185,-0.165,-2.95,-1.82,-2.35,-2.42,-2.07,-2.67,3074.808,5396.457,4150.557,3997.793,0,0,0,0
2757,60,Hombre,5.8,133,54.3,25,0,0,0.896,61,129,-2.16,36,0,-1.55,-1.41,-1.03,0.896,0.546,-2.16,-1.04,-1.56,-1.64,-0.22,-0.82,676.461,1187.227,913.127,879.519,0,0,0,0
2758,63,Hombre,7.7,121,56.3,283,1,1,-0.891,116,110,0.02,36,0,0.53,-0.59,-0.51,-0.541,-0.891,-1.1,0.02,-0.5,-0.58,-1.31,-1.91,195.438,343.005,263.814,254.105,0,0,0,0
2759,65,Mujer,7.3,130,51.4,149,0,0,-1.078,51,127,-0.89,36,0,1.11,0.57,-2.39,-1.078,-1.428,-0.89,0.23,-0.29,-0.37,-1.91,-2.51,1172.407,2057.639,1582.584,1524.336,0,0,0,0
2760,66,Mujer,10,124,39.9,282,0,0,0.032,291,127,-2.85,36,0,1.02,-0.99,0.16,0.032,-0.318,-2.85,-1.72,-2.25,-2.32,-2.2,-2.8,512.55,899.553,691.87,666.405,0,0,0,0
2761,63,Mujer,7,143,50.2,142,0,0,-0.376,98,135,-1.59,36,0,0.13,0.42,0.04,-0.376,-0.726,-1.59,-0.47,-0.99,-1.07,-1.56,-2.16,1117.641,1961.521,1508.657,1453.13,0,0,0,0
2762,59,Mujer,6.3,139,34.9,43,1,0,-0.269,33,141,-2.69,36,0,0.12,0.6,-0.05,-0.269,-0.619,-2.69,-1.56,-2.09,-2.16,-2.49,-3.09,182.293,319.934,246.069,237.013,0,0,0,0
2763,67,Mujer,7.3,141,38.1,67,1,0,-0.074,62,148,-1.32,36,0,0.43,-0.17,-0.96,-0.074,-0.424,-1.32,-0.19,-0.72,-0.79,-0.83,-1.43,66.347,116.442,89.559,86.262,0,0,0,0
2764,65,Mujer,7.1,142,51.2,77,0,0,0.316,106,148,-2.28,36,0,0.3,0.26,-2.01,0.316,-0.034,-2.28,-1.15,-1.68,-1.75,-1.21,-1.81,706.167,1239.362,953.226,918.142,0,0,0,0
2765,57,Hombre,8.9,143,47.6,139,1,1,-0.081,128,130,-3.08,36,0,-0.51,0.26,-0.47,0.269,-0.081,-4.2,-3.08,-3.6,-3.68,-3.2,-3.8,554.929,973.93,749.075,721.505,0,0,0,0
2766,62,Hombre,10,136,57.8,235,0,1,-0.791,107,133,0.04,36,0,-0.27,-0.99,0.03,-0.441,-0.791,-1.08,0.04,-0.48,-0.56,-1.15,-1.75,700.364,1229.177,945.393,910.597,0,0,0,0
2767,65,Hombre,7.7,110,29.1,125,1,1,-1.166,39,91,-0.69,36,0,-0.9,0.78,-0.24,-0.816,-1.166,-1.82,-0.69,-1.22,-1.29,-2.44,-3.04,25.347,44.486,34.215,32.956,1,0,1,1
2768,61,Hombre,8.4,155,32.8,381,0,0,-0.286,286,154,-2.22,36,0,-0,-0.31,-1.73,-0.286,-0.636,-2.22,-1.09,-1.62,-1.69,-2.05,-2.65,962.211,1688.733,1298.849,1251.044,0,0,0,0
2769,57,Mujer,8.2,117,46.9,269,0,0,-0.128,237,128,-1.62,36,0,0.33,0.29,0.02,-0.128,-0.478,-1.62,-0.5,-1.02,-1.1,-1.21,-1.81,39.011,68.467,52.66,50.722,0,0,0,0
2770,73,Hombre,7.2,124,32.6,337,0,1,-0.257,261,114,-1.01,36,0,-0.38,-0.57,1.57,0.093,-0.257,-2.13,-1.01,-1.53,-1.61,-1.39,-1.99,373.72,655.898,504.469,485.901,0,0,0,0
2771,66,Hombre,10.2,127,23.3,49,0,0,0.219,61,129,-3.49,17.5,1,0.68,-1,-0.25,0.219,-0.131,-3.49,-2.36,-2.89,-2.96,-2.56,-3.16,17.498,30.709,23.619,22.75,1,1,1,1
2772,70,Mujer,7.5,167,55.4,500,0,1,-0.704,247,169,-1.42,36,0,-0.65,-0.34,-1.48,-0.354,-0.704,-2.54,-1.42,-1.94,-2.02,-2.48,-3.08,864.938,1518.013,1167.544,1124.572,0,0,0,0
2773,70,Hombre,5.6,141,35.9,150,0,0,0.667,292,135,-2.61,36,0,-0.33,0.35,-0.7,0.667,0.317,-2.61,-1.49,-2.01,-2.09,-1.01,-1.61,770.368,1352.038,1039.888,1001.614,0,0,0,0
2774,76,Mujer,8.9,138,49.1,37,0,0,0.304,50,136,-3.87,36,0,1.7,-2.43,1.32,0.304,-0.046,-3.87,-2.74,-3.27,-3.34,-2.81,-3.41,878.753,1542.259,1186.192,1142.534,0,0,0,0
2775,72,Hombre,8.5,131,47.9,475,0,0,-0.21,385,134,-1.26,36,0,0.23,-0.7,-0.95,-0.21,-0.56,-1.26,-0.14,-0.66,-0.74,-0.98,-1.58,620.221,1088.522,837.211,806.397,0,0,0,0
2776,51,Mujer,5.5,151,65.3,7,0,1,0.641,13,142,-1.38,36,0,-0.84,-0.38,-0.97,0.991,0.641,-2.5,-1.38,-1.9,-1.98,-0.41,-1.01,134.342,235.778,181.343,174.669,0,0,0,0
2777,49,Hombre,8.5,147,55,298,0,1,-0.2,244,150,-2.44,36,0,-0.19,-1.41,1.59,0.15,-0.2,-3.56,-2.44,-2.96,-3.04,-2.74,-3.34,805.345,1413.424,1087.102,1047.09,0,0,0,0
2778,62,Mujer,6.4,112,45,83,0,0,-0.506,50,111,-1.35,36,0,-0.2,-0.02,0.91,-0.506,-0.856,-1.35,-0.22,-0.75,-0.82,-1.51,-2.11,305.688,536.499,412.635,397.448,0,0,0,0
2779,72,Hombre,7.9,118,40.7,50,0,0,0.011,51,129,-2.06,36,0,0.19,1.18,-0.76,0.011,-0.339,-2.06,-0.94,-1.46,-1.54,-1.45,-2.05,3484.3,6115.138,4703.314,4530.205,0,0,0,0
2780,69,Hombre,9.3,148,28.4,28,0,0,0.221,35,140,-2.88,36,0,-0.61,0.66,-1.85,0.221,-0.129,-2.88,-1.75,-2.28,-2.35,-1.94,-2.54,313.723,550.602,423.482,407.896,0,0,0,0
2781,76,Hombre,9,155,31.2,41,0,1,0.366,59,151,-2.08,36,0,-0.67,2.26,0.32,0.716,0.366,-3.2,-2.08,-2.6,-2.68,-1.53,-2.13,357.69,627.765,482.831,465.06,0,0,0,0
2782,60,Hombre,7.6,148,54.9,60,0,0,0.405,90,156,-2.97,36,0,-2.03,-1.01,1.11,0.405,0.055,-2.97,-1.85,-2.37,-2.45,-1.77,-2.37,808.566,1419.077,1091.45,1051.278,0,0,0,0
2783,54,Mujer,6.9,109,57.7,27,0,0,1.556,128,115,-2.69,36,0,0.05,0.25,0.32,1.556,1.206,-2.69,-1.56,-2.09,-2.16,0.24,-0.36,2401.623,4214.979,3241.852,3122.534,0,0,0,0
2784,51,Hombre,8.4,126,33.4,38,1,0,0.17,45,130,-1.86,36,0,1.49,-0.15,1.04,0.17,-0.18,-1.86,-0.74,-1.26,-1.34,-1.01,-1.61,931.58,1634.975,1257.502,1211.219,0,0,0,0
2785,78,Hombre,10.4,143,46.5,88,1,1,-0.818,39,137,-1.02,36,0,-1.37,1.47,-0.92,-0.468,-0.818,-2.14,-1.02,-1.54,-1.62,-2.24,-2.84,38.609,67.761,52.117,50.199,0,0,0,0
2786,81,Mujer,7.2,97,40.5,47,0,0,-0.438,30,97,-0.85,36,0,1.39,0.41,-0.42,-0.438,-0.788,-0.85,0.27,-0.25,-0.33,-0.91,-1.51,211.354,370.937,285.297,274.797,0,0,0,0
2787,55,Hombre,8.4,105,49.4,70,1,0,0.27,92,106,-2.32,36,0,0.28,-0.19,-1.03,0.27,-0.08,-2.32,-1.19,-1.72,-1.79,-1.31,-1.91,1308.135,2295.848,1765.797,1700.806,0,0,0,0
2788,57,Mujer,8.4,123,67.6,223,0,1,-1.2,67,121,0.48,36,0,-1.29,-0.46,-0.23,-0.85,-1.2,-0.64,0.48,-0.04,-0.12,-1.32,-1.92,6853.579,12028.405,9251.364,8910.862,0,0,0,0
2789,86,Hombre,9.3,141,37.6,59,0,1,0.64,112,137,-3.84,36,0,1.12,1.08,0.51,0.99,0.64,-4.96,-3.84,-4.36,-4.44,-2.88,-3.48,222.102,389.802,299.807,288.772,0,0,0,0
2790,55,Mujer,8.8,123,49.6,109,0,1,-1.497,24,127,0.53,36,0,-0.22,-1.48,1.66,-1.147,-1.497,-0.6,0.53,0,-0.07,-1.72,-2.32,1571.788,2758.574,2121.692,2043.602,0,0,0,0
2791,55,Hombre,5.5,132,56.4,18,0,0,0.165,21,138,-0.11,36,0,-0.26,-0.57,-1.27,0.165,-0.185,-0.11,1.02,0.49,0.42,0.74,0.14,12384.831,21736.056,16717.773,16102.466,0,0,0,0
2792,53,Mujer,7.4,128,41.7,152,0,1,-0.706,75,125,-1.27,36,0,-1,1.67,0.72,-0.356,-0.706,-2.4,-1.27,-1.8,-1.87,-2.33,-2.93,418.205,733.972,564.517,543.74,0,0,0,0
2793,51,Mujer,6.1,138,46.7,39,0,0,0.744,82,137,-0.66,36,0,-1.21,-1.67,0.18,0.744,0.394,-0.66,0.46,-0.06,-0.14,1.05,0.45,520.65,913.769,702.803,676.936,0,0,0,0
2794,57,Mujer,6.8,141,55,34,0,1,-0.089,31,135,-0.47,36,0,0.08,1.1,1.05,0.261,-0.089,-1.59,-0.47,-0.99,-1.07,-0.6,-1.2,337.471,592.281,455.539,438.772,0,0,0,0
2795,81,Mujer,6.2,138,53,63,1,0,0.182,76,143,-2.81,36,0,2.14,-0.27,-1.38,0.182,-0.168,-2.81,-1.69,-2.21,-2.29,-1.94,-2.54,360.554,632.791,486.696,468.783,0,0,0,0
2796,59,Mujer,9.1,150,48.3,794,0,1,-1.081,269,163,-1.24,36,0,0.61,1,-0.75,-0.731,-1.081,-2.37,-1.24,-1.77,-1.84,-2.86,-3.46,2530.78,4441.656,3416.195,3290.46,0,0,0,0
2797,47,Hombre,8.4,110,66,130,1,1,-0.289,97,91,-1.43,36,0,-0,-1.04,-2.05,0.061,-0.289,-2.56,-1.43,-1.96,-2.03,-1.86,-2.46,710.29,1246.597,958.791,923.502,0,0,0,0
2798,69,Mujer,8.7,140,51,105,0,1,0.02,107,127,-3.21,36,0,0.38,-1.35,0.76,0.37,0.02,-4.33,-3.21,-3.73,-3.81,-3.18,-3.78,242.258,425.175,327.013,314.978,0,0,0,0
2799,44,Mujer,8.8,142,47,216,0,1,-0.226,172,139,-1.07,36,0,-0.27,-0.31,0.66,0.124,-0.226,-2.2,-1.07,-1.6,-1.67,-1.41,-2.01,68.293,119.857,92.185,88.792,0,0,0,0
2800,56,Hombre,7.9,151,44.6,742,0,0,-0.14,645,153,-3.91,36,0,-0.65,-0.83,0.13,-0.14,-0.49,-3.91,-2.79,-3.31,-3.39,-3.52,-4.12,419.631,736.476,566.443,545.595,0,0,0,0
2801,76,Mujer,6.7,152,40.2,119,1,0,-0.938,47,169,-1.02,36,0,0.92,-1.45,-0.52,-0.938,-1.288,-1.02,0.1,-0.42,-0.5,-1.83,-2.43,701.191,1230.629,946.509,911.672,0,0,0,0
2802,62,Mujer,7.7,160,46.6,658,0,0,-0.221,527,170,-2.95,36,0,1.14,-0.68,-0.95,-0.221,-0.571,-2.95,-1.82,-2.35,-2.42,-2.68,-3.28,44.201,77.576,59.665,57.469,0,0,0,0
2803,40,Mujer,8.4,132,47,377,0,1,-0.288,283,119,-1.27,36,0,-3.28,-1.16,-0.77,0.062,-0.288,-2.39,-1.27,-1.79,-1.87,-1.7,-2.3,1512.22,2654.029,2041.284,1966.153,0,0,0,0
2804,77,Mujer,9.6,151,63,322,1,1,-0.033,311,144,-4.01,36,0,1.15,-0.08,-0.54,0.317,-0.033,-5.13,-4.01,-4.53,-4.61,-4.06,-4.66,605.916,1063.416,817.901,787.798,0,0,0,0
2805,49,Hombre,8,169,40.2,681,0,1,-0.433,442,166,-0.52,36,0,0.96,-0.49,0.49,-0.083,-0.433,-1.65,-0.52,-1.05,-1.12,-1.17,-1.77,132.279,232.157,178.558,171.986,0,0,0,0
2806,62,Mujer,6.4,145,58.5,15,1,1,-0.638,8,136,0.2,36,0,1.61,0.75,-3.58,-0.288,-0.638,-0.93,0.2,-0.33,-0.4,-0.76,-1.36,2759.401,4842.9,3724.802,3587.709,0,0,0,0
2807,67,Mujer,6.1,160,37.5,382,1,0,0.277,504,157,-3.05,36,0,1.12,-1.89,0.6,0.277,-0.073,-3.05,-1.93,-2.45,-2.53,-2.04,-2.64,84.181,147.741,113.632,109.45,0,0,0,0
2808,49,Hombre,7,120,64,46,1,0,0.038,48,118,-0.8,36,0,-0.8,-0.9,-1.36,0.038,-0.312,-0.8,0.32,-0.2,-0.28,-0.15,-0.75,1737.99,3050.267,2346.041,2259.693,0,0,0,0
2809,56,Mujer,7.5,117,43.7,1002,0,1,-0.699,498,116,-1.66,36,0,-1.1,0.01,-0.23,-0.349,-0.699,-2.79,-1.66,-2.19,-2.26,-2.71,-3.31,836.115,1467.427,1128.637,1087.097,0,0,0,0
2810,62,Mujer,6.3,151,45.3,143,1,0,-0.181,119,154,-3.56,36,0,0.82,-0.12,-0.62,-0.181,-0.531,-3.56,-2.43,-2.96,-3.03,-3.23,-3.83,630.892,1107.25,851.615,820.271,0,0,0,0
2811,59,Hombre,8.1,129,39.8,52,0,0,0.774,113,142,-3.88,36,0,0.59,-0.07,-0.59,0.774,0.424,-3.88,-2.76,-3.28,-3.36,-2.12,-2.72,346.669,608.422,467.954,450.73,0,0,0,0
2812,67,Hombre,5.5,126,42.8,214,0,1,-0.114,191,118,0.04,36,0,1.24,-0.58,0.1,0.236,-0.114,-1.08,0.04,-0.48,-0.56,-0.13,-0.73,556.328,976.385,750.964,723.324,0,0,0,0
2813,64,Hombre,6.8,111,38.4,122,0,1,-0.328,88,104,-1.07,36,0,1.5,-1.42,0.7,0.022,-0.328,-2.19,-1.07,-1.59,-1.67,-1.56,-2.16,300.695,527.736,405.896,390.956,0,0,0,0
2814,49,Hombre,6.3,125,40.8,346,0,1,-0.484,213,122,-0.99,36,0,-3.48,0.14,1,-0.134,-0.484,-2.11,-0.99,-1.51,-1.59,-1.71,-2.31,168.004,294.857,226.782,218.435,0,0,0,0
2815,51,Mujer,7.1,116,66.7,20,0,1,-0.459,13,101,-2.02,36,0,0.8,-1.29,0.6,-0.109,-0.459,-3.15,-2.02,-2.55,-2.62,-2.71,-3.31,256.527,450.218,346.275,333.53,0,0,0,0
2816,58,Hombre,6.2,120,42.9,86,1,0,0.619,160,122,-2.68,30.93,1,-0.15,0.2,-1.12,0.619,0.269,-2.68,-1.56,-2.08,-2.16,-1.16,-1.76,30.929,54.282,41.75,40.213,1,0,0,0
2817,66,Hombre,7,168,47.3,65,0,1,-0.412,43,186,-2.05,36,0,1.58,0.61,1.03,-0.062,-0.412,-3.18,-2.05,-2.58,-2.65,-2.67,-3.27,224.76,394.466,303.394,292.227,0,0,0,0
2818,80,Hombre,9.3,161,50.1,1334,1,0,0.284,1773,167,-5.78,36,0,0.87,-1.43,1.31,0.284,-0.066,-5.78,-4.65,-5.18,-5.25,-4.75,-5.35,204.189,358.363,275.627,265.482,0,0,0,0
2819,80,Mujer,8.1,124,49.3,325,0,1,-1.232,95,126,-1.13,36,0,0.16,-0.43,-2.42,-0.882,-1.232,-2.25,-1.13,-1.65,-1.73,-2.98,-3.58,137.657,241.595,185.817,178.978,0,0,0,0
2820,64,Hombre,8,131,63.1,29,0,1,0.015,29,121,0.15,36,0,-0.4,-0.91,0.26,0.365,0.015,-0.97,0.15,-0.37,-0.45,0.17,-0.43,401.374,704.433,541.798,521.857,0,0,0,0
2821,45,Hombre,9.4,127,54.6,82,1,0,-0.506,49,130,-0.09,36,0,0.09,-0.14,-0.9,-0.506,-0.856,-0.09,1.03,0.51,0.43,-0.25,-0.85,623.987,1095.132,842.295,811.294,0,0,0,0
2822,72,Mujer,7.4,138,50.1,173,0,1,-0.273,132,128,-3.2,36,0,-1.64,1.36,1.05,0.077,-0.273,-4.32,-3.2,-3.72,-3.8,-3.61,-4.21,1532.959,2690.427,2069.278,1993.117,0,0,0,0
2823,75,Mujer,9.1,143,44.1,489,1,1,-0.638,258,131,-1.37,36,0,1.39,-2.11,0.6,-0.288,-0.638,-2.5,-1.37,-1.9,-1.97,-2.33,-2.93,80.868,141.928,109.161,105.143,0,0,0,0
2824,60,Hombre,9.7,140,42.8,714,0,1,0.42,1086,122,-4.36,36,0,-0.85,0.19,0.08,0.77,0.42,-5.49,-4.36,-4.89,-4.96,-3.73,-4.33,70.097,123.023,94.621,91.138,0,0,0,0
2825,67,Mujer,7.7,108,47.7,46,0,0,-0.036,44,123,0.1,36,0,0.18,-1.21,-0.57,-0.036,-0.386,0.1,1.22,0.7,0.62,0.65,0.05,53.775,94.379,72.589,69.918,0,0,0,0
2826,56,Hombre,7.8,144,42.1,45,0,0,0.428,69,139,-1.91,36,0,0.21,-1.69,-1.21,0.428,0.078,-1.91,-0.78,-1.31,-1.38,-0.67,-1.27,2176.966,3820.695,2938.597,2830.44,0,0,0,0
2827,63,Hombre,6.9,130,38.4,25,0,0,-0.429,16,119,-0.25,36,0,-0.07,0.15,0.37,-0.429,-0.779,-0.25,0.87,0.35,0.27,-0.3,-0.9,1125.708,1975.679,1519.547,1463.619,0,0,0,0
2828,67,Hombre,7.5,135,38.9,497,0,0,0.323,687,149,-2.36,36,0,-0.68,-0.41,0.88,0.323,-0.027,-2.36,-1.23,-1.76,-1.83,-1.27,-1.87,505.087,886.454,681.795,656.702,0,0,0,0
2829,72,Hombre,8.3,155,42.2,92,0,1,0.255,119,157,-1.53,36,0,0.4,-1.62,0.79,0.605,0.255,-2.65,-1.53,-2.05,-2.13,-1.14,-1.74,136.465,239.504,184.209,177.429,0,0,0,0
2830,69,Hombre,8.1,131,34.6,67,0,1,0.239,85,122,-3.05,36,0,0.83,0.32,1.11,0.589,0.239,-4.17,-3.05,-3.57,-3.65,-2.69,-3.29,214.79,376.969,289.936,279.265,0,0,0,0
2831,67,Hombre,7.7,137,36.5,646,0,0,0.285,859,134,-4.43,36,0,1.46,2.62,0.43,0.285,-0.065,-4.43,-3.3,-3.83,-3.9,-3.4,-4,333.184,584.756,449.751,433.198,0,0,0,0
2832,51,Mujer,8,134,40.1,691,0,0,-0.018,678,123,-0.04,36,0,-2.3,0.19,-3.4,-0.018,-0.368,-0.04,1.08,0.56,0.48,0.53,-0.07,760.416,1334.571,1026.454,988.675,0,0,0,0
2833,78,Hombre,8.3,114,40.1,120,0,1,-0.158,102,94,-1.7,36,0,-0.74,-0.48,0.72,0.192,-0.158,-2.82,-1.7,-2.22,-2.3,-1.93,-2.53,786.664,1380.639,1061.886,1022.803,0,0,0,0
2834,40,Hombre,6.6,128,54.3,565,0,1,-0.852,241,123,-0.42,36,0,0.63,-1.06,-0.44,-0.502,-0.852,-1.54,-0.42,-0.94,-1.02,-1.69,-2.29,302.537,530.969,408.382,393.351,0,0,0,0
2835,55,Mujer,7.8,150,54.3,587,0,1,-0.38,401,128,-2.55,36,0,0.38,-1.49,0.11,-0.03,-0.38,-3.68,-2.55,-3.08,-3.15,-3.12,-3.72,473.307,830.68,638.898,615.383,0,0,0,0
2836,76,Mujer,9.3,144,31.1,102,0,0,-0.032,99,147,-1.88,36,0,-0.49,0.5,0.39,-0.032,-0.382,-1.88,-0.75,-1.28,-1.35,-1.33,-1.93,293.383,514.904,396.026,381.45,0,0,0,0
2837,57,Mujer,6.1,95,38.7,58,0,0,-0.266,44,89,-0.89,36,0,0.94,0.33,-1.3,-0.266,-0.616,-0.89,0.24,-0.29,-0.36,-0.69,-1.29,136.401,239.391,184.122,177.345,0,0,0,0
2838,60,Hombre,7.6,112,49.5,5,1,0,-0.368,3,116,1.84,36,0,0.18,-0.55,0.35,-0.368,-0.718,1.84,2.97,2.44,2.37,1.89,1.29,3213.374,5639.646,4337.601,4177.953,0,0,0,0
2839,88,Hombre,6.8,156,43.3,71,1,0,0.748,150,158,-6.71,36,0,2.12,-2.54,-0.38,0.748,0.398,-6.71,-5.59,-6.11,-6.19,-4.99,-5.59,482.681,847.132,651.551,627.571,0,0,0,0
2840,73,Mujer,9.9,114,33.6,211,0,0,0.452,331,104,-4.97,36,0,1.02,1.15,0.12,0.452,0.102,-4.97,-3.85,-4.37,-4.45,-3.7,-4.3,263.078,461.717,355.118,342.048,0,0,0,0
2841,50,Mujer,7,118,49.7,73,0,1,-0.126,64,113,-0.58,36,0,-0.34,-1.19,0.46,0.224,-0.126,-1.7,-0.58,-1.1,-1.18,-0.77,-1.37,1172.249,2057.362,1582.371,1524.131,0,0,0,0
2842,59,Hombre,8.4,123,47.5,183,0,1,0.236,232,125,-0.94,36,0,1.15,0.42,-0.89,0.586,0.236,-2.06,-0.94,-1.46,-1.54,-0.58,-1.18,205.505,360.673,277.403,267.193,0,0,0,0
2843,55,Hombre,7.2,136,49.9,675,0,0,-0.601,370,133,-3.52,36,0,1.06,1.27,-0.7,-0.601,-0.951,-3.52,-2.39,-2.92,-2.99,-3.82,-4.42,252.397,442.971,340.701,328.161,0,0,0,0
2844,65,Hombre,7.3,141,48.3,57,0,0,-0.119,51,150,-2.23,36,0,0.14,0.05,-0.61,-0.119,-0.469,-2.23,-1.11,-1.63,-1.71,-1.81,-2.41,70.118,123.061,94.65,91.166,0,0,0,0
2845,50,Hombre,8.1,132,42.1,88,0,0,-0.3,65,136,-2.46,36,0,-1.35,1.5,0.56,-0.3,-0.65,-2.46,-1.33,-1.86,-1.93,-2.31,-2.91,1516.849,2662.152,2047.531,1972.171,0,0,0,0
2846,61,Hombre,7.1,127,49.9,93,0,1,-0.204,76,112,-0.94,36,0,0.29,1.36,-0.04,0.146,-0.204,-2.07,-0.94,-1.47,-1.54,-1.25,-1.85,1250.879,2195.361,1688.51,1626.363,0,0,0,0
2847,78,Hombre,7,117,48.3,85,1,0,-0.248,66,119,-0.39,36,0,0.93,1.04,-0.07,-0.248,-0.598,-0.39,0.74,0.21,0.14,-0.16,-0.76,293.668,515.403,396.41,381.82,0,0,0,0
2848,71,Hombre,6.6,140,44.4,454,0,0,1.006,1241,147,-2.83,36,0,0.87,1.65,0,1.006,0.656,-2.83,-1.7,-2.23,-2.3,-0.72,-1.32,55.005,96.537,74.249,71.517,0,0,0,0
2849,69,Hombre,8.1,112,40.3,649,0,1,-0.57,367,95,-1.24,36,0,2.19,-1.09,0.08,-0.22,-0.57,-2.37,-1.24,-1.77,-1.84,-2.1,-2.7,320.058,561.719,432.033,416.132,0,0,0,0
2850,58,Hombre,8.6,131,39.6,143,0,1,-0.998,53,122,-1.08,36,0,-0.18,0.91,1,-0.648,-0.998,-2.2,-1.08,-1.6,-1.68,-2.57,-3.17,57.533,100.973,77.661,74.803,0,0,0,0
2851,61,Hombre,7.2,125,31.4,36,0,0,1.053,103,129,-4.43,36,0,1.89,3.21,0.92,1.053,0.703,-4.43,-3.31,-3.83,-3.91,-2.25,-2.85,227.051,398.487,306.487,295.207,0,0,0,0
2852,68,Hombre,8.7,105,29.3,152,1,0,-1.013,55,97,-1.65,36,0,1.67,-1.32,-1.12,-1.013,-1.363,-1.65,-0.52,-1.05,-1.12,-2.57,-3.17,193.14,338.971,260.711,251.116,0,0,0,0
2853,50,Hombre,6,118,52.8,36,1,0,0.078,39,125,-2.19,36,0,-0.58,0.97,-0.1,0.078,-0.272,-2.19,-1.07,-1.59,-1.67,-1.48,-2.08,176.871,310.418,238.751,229.964,0,0,0,0
2854,38,Mujer,9.5,132,31.3,796,0,0,-0.643,418,134,-1.45,36,0,2.75,-1.19,-0.94,-0.643,-0.993,-1.45,-0.33,-0.85,-0.93,-1.82,-2.42,922.569,1619.159,1245.338,1199.503,0,0,0,0
2855,61,Mujer,5.6,116,54.2,16,0,1,0.58,29,110,-1.77,36,0,0.34,-1.22,-1.96,0.93,0.58,-2.9,-1.77,-2.3,-2.37,-0.9,-1.5,2961.658,5197.871,3997.82,3850.678,0,0,0,0
2856,60,Mujer,7.3,140,53.9,129,0,0,-0.345,91,147,-1.01,36,0,-0.26,0.24,0.44,-0.345,-0.695,-1.01,0.12,-0.41,-0.48,-0.92,-1.52,140.68,246.901,189.898,182.908,0,0,0,0
2857,72,Mujer,8.3,160,41.3,201,0,1,-0.149,173,165,-2.77,17.03,1,0.58,-0.32,1.25,0.201,-0.149,-3.89,-2.77,-3.29,-3.37,-2.99,-3.59,9.701,17.026,13.095,12.613,1,1,1,1
2858,58,Mujer,10.6,146,61.6,126,0,1,0.045,132,130,-2.73,36,0,1.28,-0.17,0.29,0.395,0.045,-3.85,-2.73,-3.25,-3.33,-2.66,-3.26,378.069,663.532,510.34,491.556,0,0,0,0
2859,56,Mujer,8.4,121,46.9,97,0,0,0.013,98,126,-1.54,36,0,-2.24,-0.17,1.04,0.013,-0.337,-1.54,-0.42,-0.94,-1.02,-0.92,-1.52,405.465,711.613,547.32,527.176,0,0,0,0
2860,69,Hombre,7.4,113,36.8,40,0,0,0.526,68,108,-2.06,36,0,-1.44,-0.62,0.89,0.526,0.176,-2.06,-0.94,-1.46,-1.54,-0.67,-1.27,861.342,1511.703,1162.691,1119.897,0,0,0,0
2861,57,Mujer,8.1,116,46.4,41,0,1,-0.872,17,109,0.86,36,0,-1.74,0.83,0.18,-0.522,-0.872,-0.26,0.86,0.34,0.26,-0.45,-1.05,3091.21,5425.243,4172.698,4019.119,0,0,0,0
2862,80,Mujer,5.8,176,51.9,109,0,0,0.971,288,167,-4.37,36,0,-0.75,-0.01,2.64,0.971,0.621,-4.37,-3.24,-3.77,-3.84,-2.31,-2.91,931.68,1635.15,1257.637,1211.349,0,0,0,0
2863,54,Hombre,9.5,109,47.7,657,0,0,-0.011,650,102,-1.8,36,0,0.37,0.42,-1.87,-0.011,-0.361,-1.8,-0.68,-1.2,-1.28,-1.22,-1.82,2589.39,4544.521,3495.311,3366.664,0,0,0,0
2864,72,Hombre,7.7,115,47.1,73,0,0,0.414,110,111,-3.94,36,0,-0.51,0.03,-0.09,0.414,0.064,-3.94,-2.81,-3.34,-3.41,-2.72,-3.32,1075.257,1887.134,1451.445,1398.023,0,0,0,0
2865,43,Mujer,7.5,161,72.6,96,0,1,-0.02,94,151,-0.15,36,0,0.36,-0.9,0.52,0.33,-0.02,-1.27,-0.15,-0.67,-0.75,-0.18,-0.78,297.276,521.736,401.281,386.511,0,0,0,0
2866,79,Hombre,6.7,132,45.6,18,1,0,0.414,27,128,-2.43,31.09,1,-0.02,-0.76,1.86,0.414,0.064,-2.43,-1.3,-1.83,-1.9,-1.21,-1.81,31.09,54.565,41.967,40.423,1,0,0,0
2867,63,Hombre,6.2,114,37.7,117,0,0,0.646,223,119,-2.02,36,0,-0.31,-0.49,-0.96,0.646,0.296,-2.02,-0.89,-1.42,-1.49,-0.45,-1.05,540.468,948.551,729.555,702.704,0,0,0,0
2868,43,Mujer,5.6,123,64,54,0,0,1.192,178,120,-2.87,36,0,0.21,0.12,-0,1.192,0.842,-2.87,-1.74,-2.27,-2.34,-0.48,-1.08,238.85,419.195,322.414,310.548,0,0,0,0
2869,49,Hombre,5.6,134,51.2,228,1,1,-0.836,99,125,0.04,36,0,-0.27,0.98,-1.62,-0.486,-0.836,-1.08,0.04,-0.48,-0.56,-1.21,-1.81,2895.771,5082.237,3908.883,3765.014,0,0,0,0
2870,62,Mujer,6.5,131,51.2,290,0,0,-0.206,236,138,-2.94,36,0,0.71,-0.12,-0.54,-0.206,-0.556,-2.94,-1.81,-2.34,-2.41,-2.65,-3.25,471.675,827.815,636.694,613.261,0,0,0,0
2871,81,Mujer,8.7,126,52.6,126,0,1,0.546,218,122,-3.07,36,0,1.17,1.59,-0.2,0.896,0.546,-4.2,-3.07,-3.6,-3.67,-2.25,-2.85,205.903,361.371,277.94,267.71,0,0,0,0
2872,58,Hombre,8.4,128,50.8,36,0,1,-0.573,20,128,0.5,36,0,-2.37,1.5,0.67,-0.223,-0.573,-0.62,0.5,-0.02,-0.1,-0.36,-0.96,560.436,983.595,756.509,728.665,0,0,0,0
2873,62,Mujer,7.1,111,46.1,361,0,1,-0.428,235,89,-0.43,36,0,0.95,1.53,0.2,-0.078,-0.428,-1.56,-0.43,-0.96,-1.03,-1.08,-1.68,3038.377,5332.517,4101.38,3950.426,0,0,0,0
2874,73,Mujer,10.5,128,44,131,1,1,0.366,189,142,-3.16,36,0,-1.24,0.45,-0.61,0.716,0.366,-4.28,-3.16,-3.68,-3.76,-2.61,-3.21,73.405,128.83,99.087,95.44,0,0,0,0
2875,64,Hombre,9.5,95,50,19,0,1,-0.06,18,78,0.94,36,0,-0.41,0.92,-0.58,0.29,-0.06,-0.18,0.94,0.42,0.34,0.85,0.25,2447.493,4295.484,3303.77,3182.173,0,0,0,0
2876,61,Mujer,7.5,146,52.6,38,0,1,0.161,45,142,-1.12,36,0,2.4,1.67,-0.23,0.511,0.161,-2.24,-1.12,-1.64,-1.72,-0.87,-1.47,565.022,991.644,762.699,734.628,0,0,0,0
2877,63,Mujer,6.4,146,33.2,74,0,0,-0.735,35,151,-0.51,36,0,-0.32,0.56,0.05,-0.735,-1.085,-0.51,0.61,0.09,0.01,-1.02,-1.62,959.753,1684.42,1295.532,1247.849,0,0,0,0
2878,60,Hombre,7.9,132,33.6,61,1,1,-0.093,56,127,0.94,36,0,-0.44,-1.08,-0.04,0.257,-0.093,-0.19,0.94,0.41,0.34,0.8,0.2,142.468,250.039,192.311,185.233,0,0,0,0
2879,66,Hombre,6.5,135,36.5,43,1,0,-0.061,40,137,-4.09,27.7,1,1.69,-0.33,0.26,-0.061,-0.411,-4.09,-2.97,-3.49,-3.57,-3.58,-4.18,27.705,48.624,37.398,36.021,1,0,0,0
2880,68,Hombre,6.8,166,44.5,55,0,0,0.663,107,167,-4.41,21.57,1,0.2,-1.49,-0.39,0.663,0.313,-4.41,-3.28,-3.81,-3.88,-2.81,-3.41,21.57,37.857,29.116,28.045,1,0,1,1
2881,48,Mujer,9.7,132,59.2,279,0,1,0.294,374,116,-1.06,36,0,-1.74,0.74,-0.96,0.644,0.294,-2.18,-1.06,-1.58,-1.66,-0.62,-1.22,1066.583,1871.912,1439.737,1386.747,0,0,0,0
2882,61,Mujer,8.1,139,57.8,124,1,1,0.282,164,126,-2.46,36,0,0.72,-1.95,-1.07,0.632,0.282,-3.59,-2.46,-2.99,-3.06,-2.04,-2.64,802.671,1408.731,1083.492,1043.614,0,0,0,0
2883,55,Hombre,9.1,165,34.8,879,0,1,-0.175,738,156,-2.86,36,0,-1.38,0.32,1.05,0.175,-0.175,-3.99,-2.86,-3.39,-3.46,-3.13,-3.73,294.473,516.817,397.497,382.867,0,0,0,0
2884,69,Hombre,6.7,121,38.4,19,0,0,0.455,30,126,-2.93,36,0,-0.03,2.6,0.93,0.455,0.105,-2.93,-1.81,-2.33,-2.41,-1.65,-2.25,760.42,1334.579,1026.46,988.681,0,0,0,0
2885,63,Mujer,7.4,122,32.3,75,0,1,0.013,76,101,-2.39,36,0,-0.08,0.91,-0.89,0.363,0.013,-3.52,-2.39,-2.92,-2.99,-2.37,-2.97,455.951,800.218,615.469,592.816,0,0,0,0
2886,51,Hombre,8.9,132,46.4,83,0,1,0.304,113,138,-2.46,36,0,-1.03,-0.82,-0.51,0.654,0.304,-3.59,-2.46,-2.99,-3.06,-2.01,-2.61,658.273,1155.305,888.575,855.871,0,0,0,0
2887,68,Mujer,8.3,117,50.7,50,0,0,0.57,88,111,-1.02,22.71,1,1.81,0.42,-1.29,0.57,0.22,-1.02,0.11,-0.42,-0.49,0.44,-0.16,22.71,39.857,30.655,29.527,1,0,1,1
2888,42,Hombre,9.1,149,43.9,117,0,1,0.746,247,156,-2.29,36,0,0.01,-0.54,-1.46,1.096,0.746,-3.42,-2.29,-2.82,-2.89,-1.17,-1.77,1942.909,3409.912,2622.653,2526.125,0,0,0,0
2889,73,Hombre,5.5,140,43.5,157,1,0,0.031,162,139,-2.71,36,0,2.08,1.09,1.23,0.031,-0.319,-2.71,-1.59,-2.11,-2.19,-2.06,-2.66,296.349,520.109,400.029,385.306,0,0,0,0
2890,48,Mujer,6.6,123,43.3,76,0,0,-0.332,55,126,-1.14,36,0,-0.48,-0.73,1.74,-0.332,-0.682,-1.14,-0.02,-0.54,-0.62,-1.04,-1.64,255.129,447.766,344.389,331.713,0,0,0,0
2891,81,Mujer,6.6,152,56.8,339,1,1,-0.313,248,153,-2.55,36,0,0.92,-0.87,1.1,0.037,-0.313,-3.67,-2.55,-3.07,-3.15,-3.02,-3.62,61.321,107.622,82.775,79.728,0,0,0,0
2892,58,Hombre,8,135,67.6,476,0,1,-0.623,255,116,-1.17,36,0,0.57,0.99,0.23,-0.273,-0.623,-2.29,-1.17,-1.69,-1.77,-2.1,-2.7,4198.513,7368.62,5667.4,5458.808,0,0,0,0
2893,60,Hombre,9.2,132,54.1,141,0,0,-0.129,124,131,-2.8,36,0,1.31,-0.73,-0.31,-0.129,-0.479,-2.8,-1.68,-2.2,-2.28,-2.4,-3,81.954,143.833,110.626,106.554,0,0,0,0
2894,52,Hombre,8.1,123,42,74,0,1,-0.069,69,111,-0.84,36,0,-1.59,2.12,-0.94,0.281,-0.069,-1.97,-0.84,-1.37,-1.44,-0.95,-1.55,585.06,1026.812,789.748,760.681,0,0,0,0
2895,46,Mujer,7.4,163,56.5,115,0,1,-0.816,51,165,-2.3,36,0,-1.72,0.05,-0.63,-0.466,-0.816,-3.42,-2.3,-2.82,-2.9,-3.52,-4.12,6068.448,10650.458,8191.548,7890.053,0,0,0,0
2896,66,Hombre,7.7,140,41.4,1314,0,0,-0.803,589,144,-3.13,36,0,-0.45,1.51,-0.21,-0.803,-1.153,-3.13,-2.01,-2.53,-2.61,-3.74,-4.34,129.78,227.771,175.185,168.737,0,0,0,0
2897,49,Hombre,10.4,123,46.5,220,0,1,0.361,316,100,-2.68,36,0,-1.14,-1.31,0.9,0.711,0.361,-3.8,-2.68,-3.2,-3.28,-2.14,-2.74,233.978,410.644,315.837,304.213,0,0,0,0
2898,71,Mujer,8.5,157,62.9,156,1,1,0.478,252,144,-5.39,36,0,-0.72,-0.24,-1.22,0.828,0.478,-6.52,-5.39,-5.92,-5.99,-4.67,-5.27,580.435,1018.695,783.505,754.668,0,0,0,0
2899,44,Mujer,7.8,118,42.9,18,0,1,-0.381,12,99,0.78,36,0,1.75,-0.87,1.19,-0.031,-0.381,-0.35,0.78,0.25,0.18,0.21,-0.39,448.128,786.489,604.91,582.646,0,0,0,0
2900,57,Hombre,8,120,53.4,54,0,1,-0.369,37,101,-0.18,36,0,0.27,1.79,-0.47,-0.019,-0.369,-1.3,-0.18,-0.7,-0.78,-0.73,-1.33,39.771,69.8,53.685,51.709,0,0,0,0
2901,69,Mujer,8.4,134,41.8,143,0,1,0.024,147,129,-2.06,36,0,-1.21,-0.58,0.66,0.374,0.024,-3.19,-2.06,-2.59,-2.66,-2.02,-2.62,72.244,126.791,97.519,93.929,0,0,0,0
2902,62,Mujer,7.8,114,46.2,34,0,1,0.305,46,110,-0.69,36,0,-1.75,0.26,-0.31,0.655,0.305,-1.81,-0.69,-1.21,-1.29,-0.23,-0.83,277.703,487.384,374.86,361.063,0,0,0,0
2903,70,Hombre,9.4,146,54.6,104,1,1,-0.969,39,139,-0.77,36,0,-0.15,-1.19,0.51,-0.619,-0.969,-1.9,-0.77,-1.3,-1.37,-2.22,-2.82,712.56,1250.583,961.856,926.454,0,0,0,0
2904,66,Mujer,7.6,130,43.8,68,0,0,0.448,106,140,-1.78,36,0,0.28,0.21,-1.79,0.448,0.098,-1.78,-0.65,-1.18,-1.25,-0.5,-1.1,163.719,287.336,220.997,212.863,0,0,0,0
2905,64,Hombre,8.4,140,25.7,24,0,0,-0.238,19,139,-0.22,36,0,1.1,0.72,1.46,-0.238,-0.588,-0.22,0.91,0.38,0.31,0.03,-0.57,128.029,224.698,172.821,166.46,0,0,0,0
2906,82,Hombre,9.5,130,31.9,322,0,0,0.501,532,135,-4.01,36,0,0.17,1.89,-0.43,0.501,0.151,-4.01,-2.89,-3.41,-3.49,-2.66,-3.26,237.183,416.268,320.163,308.379,0,0,0,0
2907,53,Hombre,7.8,144,55.5,377,0,0,-0.543,219,151,-2.52,36,0,0.13,0.2,-0.09,-0.543,-0.893,-2.52,-1.4,-1.92,-2,-2.73,-3.33,1130.997,1984.961,1526.686,1470.495,0,0,0,0
2908,63,Mujer,7.4,116,47.6,529,1,1,-0.652,275,105,0.3,36,0,0.1,-0.54,-0.08,-0.302,-0.652,-0.82,0.3,-0.22,-0.3,-0.68,-1.28,2988.592,5245.143,4034.178,3885.697,0,0,0,0
2909,56,Mujer,8.5,158,45,100,0,1,0.191,121,150,-2.35,36,0,0.22,-0.97,0.38,0.541,0.191,-3.48,-2.35,-2.88,-2.95,-2.07,-2.67,115.944,203.488,156.508,150.748,0,0,0,0
2910,55,Mujer,8.1,137,52.2,171,0,1,-0.357,120,147,-0.27,36,0,0.52,1.49,-2.02,-0.007,-0.357,-1.4,-0.27,-0.8,-0.87,-0.81,-1.41,692.023,1214.538,934.133,899.752,0,0,0,0
2911,61,Mujer,7.7,136,63.9,112,0,1,-1.035,40,137,1.77,36,0,0.59,-1.4,1.19,-0.685,-1.035,0.64,1.77,1.24,1.17,0.21,-0.39,5068.623,8895.71,6841.925,6590.104,0,0,0,0
2912,54,Mujer,9.6,121,58,139,0,1,-0.567,79,119,0.44,2.42,1,-0.5,0.14,1,-0.217,-0.567,-0.68,0.44,-0.08,-0.16,-0.41,-1.01,1.378,2.418,1.86,1.791,1,1,1,1
2913,71,Hombre,8.5,128,50.2,257,1,1,-0.131,225,127,-2.79,36,0,-0.71,1.09,-0.26,0.219,-0.131,-3.91,-2.79,-3.31,-3.39,-2.99,-3.59,35.316,61.981,47.671,45.917,1,0,0,0
2914,72,Hombre,8.1,161,47.1,324,1,0,-0.123,286,149,-3.04,36,0,0.88,-1.52,-0.5,-0.123,-0.473,-3.04,-1.91,-2.44,-2.51,-2.62,-3.22,424.333,744.727,572.789,551.707,0,0,0,0
2915,68,Hombre,8.9,145,51.6,64,0,0,0.565,113,156,-2.75,36,0,0.68,0.63,-0.77,0.565,0.215,-2.75,-1.63,-2.15,-2.23,-1.31,-1.91,354.016,621.317,477.871,460.283,0,0,0,0
2916,44,Hombre,8,118,57,370,0,1,-0.276,281,110,0.84,36,0,-0.79,-0.04,-2.43,0.074,-0.276,-0.29,0.84,0.31,0.24,0.42,-0.18,376.459,660.706,508.167,489.463,0,0,0,0
2917,59,Hombre,8.5,129,44.2,143,0,1,-1.206,43,114,0.17,36,0,1.14,-0.4,1.49,-0.856,-1.206,-0.96,0.17,-0.36,-0.43,-1.64,-2.24,466.873,819.388,630.213,607.018,0,0,0,0
2918,67,Mujer,7.1,133,31.8,1730,0,1,-0.36,1206,123,-3.32,36,0,1.73,0.38,-0.24,-0.01,-0.36,-4.44,-3.32,-3.84,-3.92,-3.86,-4.46,292.896,514.048,395.368,380.816,0,0,0,0
2919,62,Mujer,10.2,134,62.1,57,0,0,0.498,94,137,-1.92,36,0,-0.21,-0.39,0.94,0.498,0.148,-1.92,-0.8,-1.32,-1.4,-0.58,-1.18,136.596,239.733,184.385,177.598,0,0,0,0
2920,78,Hombre,6,123,53.4,26,1,0,-0.092,24,125,-2.97,36,0,0.71,0.46,0.43,-0.092,-0.442,-2.97,-1.85,-2.37,-2.45,-2.51,-3.11,1565.488,2747.516,2113.187,2035.41,0,0,0,0
2921,59,Hombre,7.3,124,45.6,172,0,1,-0.145,149,122,-1.65,36,0,0.13,-1.08,0.14,0.205,-0.145,-2.78,-1.65,-2.18,-2.25,-1.87,-2.47,314.31,551.631,424.274,408.658,0,0,0,0
2922,62,Hombre,7.3,151,36.9,123,0,0,0.517,206,165,-4.28,36,0,1.08,0.84,0.07,0.517,0.167,-4.28,-3.16,-3.68,-3.76,-2.91,-3.51,233.349,409.54,314.988,303.395,0,0,0,0
2923,66,Mujer,7.7,114,26.9,38,0,0,0.344,54,120,-1.93,36,0,-2.49,-0.81,0.65,0.344,-0.006,-1.93,-0.81,-1.33,-1.41,-0.82,-1.42,893.694,1568.482,1206.361,1161.96,0,0,0,0
2924,68,Mujer,6,132,32.9,35,0,0,-0.247,27,132,-0.85,36,0,0.61,-1.89,-1.07,-0.247,-0.597,-0.85,0.27,-0.25,-0.33,-0.62,-1.22,262.374,460.48,354.167,341.132,0,0,0,0
2925,68,Hombre,9.2,138,47.6,216,0,0,0.579,386,130,-5.09,36,0,0.15,-0.49,-1.08,0.579,0.229,-5.09,-3.97,-4.49,-4.57,-3.62,-4.22,180.755,317.234,243.993,235.013,0,0,0,0
2926,58,Hombre,7.8,163,44.6,98,0,1,-0.924,39,140,1.06,36,0,-0.27,0.37,1.23,-0.574,-0.924,-0.06,1.06,0.54,0.46,-0.32,-0.92,810.367,1422.238,1093.881,1053.62,0,0,0,0
2927,78,Mujer,8.1,123,37.5,400,0,0,0.165,472,115,-3.52,36,0,0.45,-0.5,-1.84,0.165,-0.185,-3.52,-2.4,-2.92,-3,-2.67,-3.27,188.223,330.341,254.074,244.722,0,0,0,0
2928,68,Mujer,6.6,142,51.4,34,0,1,-0.069,32,135,-0.57,36,0,-0.63,0.19,-1.18,0.281,-0.069,-1.69,-0.57,-1.09,-1.17,-0.67,-1.27,1608.533,2823.063,2171.292,2091.377,0,0,0,0
2929,67,Hombre,8.4,175,52.9,42,0,0,0.527,71,168,-3.55,36,0,0.65,-0.92,-1.04,0.527,0.177,-3.55,-2.42,-2.95,-3.02,-2.16,-2.76,411.659,722.484,555.682,535.23,0,0,0,0
2930,54,Hombre,8.5,125,44.9,160,0,0,-0.085,147,115,-2.89,36,0,-0.29,-0.53,0.46,-0.085,-0.435,-2.89,-1.76,-2.29,-2.36,-2.41,-3.01,82.973,145.622,112.001,107.879,0,0,0,0
2931,54,Mujer,6.2,112,50.9,13,0,0,0.18,16,106,-0.22,36,0,-0.68,-0.19,-0.95,0.18,-0.17,-0.22,0.91,0.38,0.31,0.65,0.05,3492.815,6130.081,4714.807,4541.276,0,0,0,0
2932,57,Hombre,7.3,131,51.3,72,0,1,-0.842,31,130,2.5,36,0,0.76,1.29,1.15,-0.492,-0.842,1.37,2.5,1.97,1.9,1.23,0.63,955.336,1676.667,1289.569,1242.106,0,0,0,0
2933,57,Hombre,8.8,149,45.3,238,0,1,0.267,311,151,-1.94,36,0,-1.68,0.04,0.11,0.617,0.267,-3.07,-1.94,-2.47,-2.54,-1.54,-2.14,463.901,814.172,626.201,603.153,0,0,0,0
2934,72,Mujer,6.6,139,37.8,145,0,0,0.516,243,148,-1.8,36,0,-0.44,-0.94,0.54,0.516,0.166,-1.8,-0.68,-1.2,-1.28,-0.43,-1.03,263.368,462.225,355.509,342.424,0,0,0,0
2935,72,Hombre,8.4,134,51.4,733,0,0,0.5,1209,133,-4.67,36,0,-0.54,1.81,-0.11,0.5,0.15,-4.67,-3.54,-4.07,-4.14,-3.32,-3.92,188.879,331.493,254.96,245.576,0,0,0,0
2936,71,Hombre,7.4,137,54.2,119,1,0,0.528,202,124,-3.15,36,0,0.66,-0.59,0.26,0.528,0.178,-3.15,-2.03,-2.55,-2.63,-1.76,-2.36,329.226,577.81,444.409,428.053,0,0,0,0
2937,63,Hombre,7.7,157,34.9,483,0,0,-0.983,181,169,0.25,36,0,-0.54,-0.21,-0.8,-0.983,-1.333,0.25,1.38,0.85,0.78,-0.62,-1.22,575.402,1009.862,776.712,748.124,0,0,0,0
2938,57,Mujer,8.7,147,46.7,624,0,1,-0.541,363,157,-1.27,36,0,-1.84,-0.36,1.29,-0.191,-0.541,-2.4,-1.27,-1.8,-1.87,-2.08,-2.68,128.296,225.166,173.181,166.807,0,0,0,0
2939,48,Mujer,8.7,137,60.9,124,0,1,0.199,151,133,-1.17,36,0,-1.11,0.76,-0.74,0.549,0.199,-2.3,-1.17,-1.7,-1.77,-0.87,-1.47,606.121,1063.776,818.178,788.065,0,0,0,0
2940,51,Mujer,5.7,131,56,27,0,1,-0.32,20,120,0.73,36,0,0.1,-0.18,-0.01,0.03,-0.32,-0.4,0.73,0.2,0.13,0.25,-0.35,1082.835,1900.434,1461.674,1407.876,0,0,0,0
2941,79,Mujer,8.1,165,39.5,362,1,1,-0.165,307,154,-5.34,36,0,-0.46,-0.27,-1.45,0.185,-0.165,-6.47,-5.34,-5.87,-5.94,-5.59,-6.19,584.776,1026.314,789.365,760.312,0,0,0,0
2942,56,Mujer,8.2,108,61,75,0,0,0.604,137,120,-1.59,36,0,-1.11,-1.08,-1.17,0.604,0.254,-1.59,-0.47,-0.99,-1.07,-0.09,-0.69,850.696,1493.019,1148.32,1106.055,0,0,0,0
2943,54,Mujer,8.3,126,36.5,1429,0,1,-0.299,1060,129,-0.83,36,0,-0.76,-0.94,-1.14,0.051,-0.299,-1.96,-0.83,-1.36,-1.43,-1.28,-1.88,138.112,242.393,186.431,179.569,0,0,0,0
2944,58,Mujer,6.9,122,56.2,853,0,1,-0.386,580,115,-1.97,36,0,-0.21,1.53,-2.32,-0.036,-0.386,-3.09,-1.97,-2.49,-2.57,-2.54,-3.14,2279.232,4000.176,3076.641,2963.403,0,0,0,0
2945,54,Hombre,7.7,144,57.9,86,0,1,0.117,97,142,-1.62,36,0,1.15,0.15,1.81,0.467,0.117,-2.75,-1.62,-2.15,-2.22,-1.45,-2.05,940.878,1651.293,1270.053,1223.308,0,0,0,0
2946,55,Hombre,6.7,152,37.8,91,0,0,0.094,100,153,-2,36,0,-1.79,-0.08,0.01,0.094,-0.256,-2,-0.87,-1.4,-1.47,-1.26,-1.86,40.715,71.457,54.96,52.937,0,0,0,0
2947,82,Mujer,8.9,128,44.9,207,0,0,-0.422,136,126,-2.61,36,0,2.59,-0.98,0.68,-0.422,-0.772,-2.61,-1.48,-2.01,-2.08,-2.64,-3.24,37.426,65.685,50.52,48.66,0,0,0,0
2948,56,Mujer,5.5,124,46.6,189,0,0,-0.172,159,127,-1.31,36,0,0.38,-0.09,-0.08,-0.172,-0.522,-1.31,-0.18,-0.71,-0.78,-0.97,-1.57,1228.605,2156.268,1658.443,1597.403,0,0,0,0
2949,59,Hombre,10.2,134,55.3,115,0,1,-0.165,97,137,-2,36,0,-0.95,0.16,-0.2,0.185,-0.165,-3.13,-2,-2.53,-2.6,-2.25,-2.85,1177.015,2065.726,1588.804,1530.327,0,0,0,0
2950,63,Mujer,5.5,140,53.2,67,0,0,-0.022,66,154,-1.55,36,0,-1.91,-0.67,0.62,-0.022,-0.372,-1.55,-0.42,-0.95,-1.02,-0.98,-1.58,1796.6,3153.131,2425.156,2335.897,0,0,0,0
2951,84,Hombre,7.6,128,41.1,82,0,0,0.77,177,125,-4.15,16.76,1,0.54,-0.09,-0.73,0.77,0.42,-4.15,-3.03,-3.55,-3.63,-2.4,-3,16.759,29.414,22.623,21.79,1,1,1,1
2952,60,Mujer,6.6,142,46,132,0,0,0.434,204,148,-3.32,36,0,-1.23,0.37,-0.4,0.434,0.084,-3.32,-2.2,-2.72,-2.8,-2.07,-2.67,194.715,341.735,262.838,253.164,0,0,0,0
2953,66,Mujer,7.8,135,48.4,278,1,1,-0.14,242,125,-1.88,36,0,-2.11,0.25,-0.02,0.21,-0.14,-3.01,-1.88,-2.41,-2.48,-2.1,-2.7,355.228,623.445,479.508,461.859,0,0,0,0
2954,67,Hombre,6.6,139,56.6,60,0,1,-0.877,25,140,-0.35,36,0,0.87,0.67,-0.02,-0.527,-0.877,-1.48,-0.35,-0.88,-0.95,-1.67,-2.27,216.869,380.617,292.742,281.968,0,0,0,0
2955,61,Hombre,7.4,141,50.5,273,0,0,-0.155,234,134,-1.88,36,0,-0.16,0.26,-1.18,-0.155,-0.505,-1.88,-0.76,-1.28,-1.36,-1.51,-2.11,755.214,1325.442,1019.432,981.911,0,0,0,0
2956,42,Hombre,10.2,138,42.9,761,0,1,-0.295,567,128,-3.49,36,0,-2.21,-0.05,-0.23,0.055,-0.295,-4.61,-3.49,-4.01,-4.09,-3.93,-4.53,387.993,680.949,523.736,504.46,0,0,0,0
2957,78,Hombre,7.8,134,56,99,0,0,0.218,123,135,-2.4,36,0,-0.81,1.53,-0.79,0.218,-0.132,-2.4,-1.28,-1.8,-1.88,-1.48,-2.08,497.228,872.662,671.188,646.484,0,0,0,0
2958,62,Hombre,8.1,132,44.9,269,1,1,0.008,271,100,-1.97,36,0,-0.95,1.51,0.3,0.358,0.008,-3.09,-1.97,-2.49,-2.57,-1.96,-2.56,464.184,814.669,626.583,603.522,0,0,0,0
2959,68,Mujer,7.7,120,37.6,94,0,0,0.224,118,106,-2.94,36,0,-0.67,-0.2,1.21,0.224,-0.126,-2.94,-1.81,-2.34,-2.41,-2,-2.6,82.544,144.869,111.423,107.322,0,0,0,0
2960,57,Mujer,8.4,128,47.2,57,0,0,0.744,120,123,-3.05,36,0,-0.32,-0.33,0.87,0.744,0.394,-3.05,-1.93,-2.45,-2.53,-1.34,-1.94,1505.988,2643.092,2032.872,1958.051,0,0,0,0
2961,70,Hombre,6.5,136,39.5,229,0,0,-0.745,109,135,-0.55,36,0,1,-0.97,0.34,-0.745,-1.095,-0.55,0.58,0.05,-0.02,-1.07,-1.67,1166.555,2047.368,1574.685,1516.728,0,0,0,0
2962,72,Mujer,7,127,48.9,100,0,0,0.228,126,132,-1.57,36,0,-0.33,-1.07,1.37,0.228,-0.122,-1.57,-0.45,-0.97,-1.05,-0.63,-1.23,72.155,126.636,97.399,93.814,0,0,0,0
2963,79,Hombre,6.2,139,29.3,16,0,0,0.702,32,137,-3.19,36,0,0.29,-2.48,-1.3,0.702,0.352,-3.19,-2.06,-2.59,-2.66,-1.53,-2.13,128.339,225.242,173.24,166.864,0,0,0,0
2964,55,Hombre,8.1,169,55.6,63,1,0,-0.303,47,160,-1.68,36,0,-0.68,-2.59,1.61,-0.303,-0.653,-1.68,-0.56,-1.08,-1.16,-1.54,-2.14,793.781,1393.128,1071.492,1032.055,0,0,0,0
2965,66,Mujer,7,134,30,174,0,0,0.367,251,128,-3.29,11.65,1,-0.43,-1.06,0.03,0.367,0.017,-3.29,-2.16,-2.69,-2.76,-2.14,-2.74,11.653,20.451,15.73,15.151,1,1,1,1
2966,62,Hombre,9.3,152,50.4,697,0,1,-1.185,213,153,-0.73,36,0,0.62,-0.86,-0.12,-0.835,-1.185,-1.86,-0.73,-1.26,-1.33,-2.51,-3.11,1207.343,2118.954,1629.743,1569.759,0,0,0,0
2967,60,Mujer,7.5,157,46.3,12,0,0,0.347,17,160,-1.68,36,0,-0.01,-0.04,2.52,0.347,-0.003,-1.68,-0.55,-1.08,-1.15,-0.56,-1.16,435.104,763.631,587.329,565.712,0,0,0,0
2968,54,Mujer,7.4,133,49.1,84,0,0,0.608,154,136,-1.26,36,0,0.49,0.75,-1.12,0.608,0.258,-1.26,-0.13,-0.66,-0.73,0.25,-0.35,181.638,318.784,245.185,236.161,0,0,0,0
2969,70,Hombre,7.2,151,36,139,1,0,0.676,273,148,-4.94,36,0,-0.58,0.54,-1.06,0.676,0.326,-4.94,-3.82,-4.34,-4.42,-3.33,-3.93,116.558,204.566,157.337,151.546,0,0,0,0
2970,68,Hombre,8.7,145,49.5,389,1,1,-0.946,151,128,-1,36,0,0.8,-0.48,-1.62,-0.596,-0.946,-2.13,-1,-1.53,-1.6,-2.42,-3.02,917.134,1609.62,1238.001,1192.436,0,0,0,0
2971,83,Hombre,8.3,120,33,215,1,0,0.459,340,126,-3.86,36,0,1,1.84,0.05,0.459,0.109,-3.86,-2.74,-3.26,-3.34,-2.57,-3.17,358.426,629.057,483.824,466.017,0,0,0,0
2972,43,Mujer,7.7,131,49.4,158,1,1,0.183,190,122,-2.46,36,0,0.7,-0.09,0.22,0.533,0.183,-3.58,-2.46,-2.98,-3.06,-2.18,-2.78,1810.157,3176.925,2443.457,2353.524,0,0,0,0
2973,84,Hombre,6.8,164,39.4,208,1,1,-1.323,55,140,-3,36,0,0.93,1.31,0.36,-0.973,-1.323,-4.13,-3,-3.53,-3.6,-4.99,-5.59,710.724,1247.359,959.377,924.066,0,0,0,0
2974,58,Hombre,6.8,162,53.6,27,0,1,0.577,48,161,-3.77,9.38,1,-0.23,0.11,-0.4,0.927,0.577,-4.9,-3.77,-4.3,-4.37,-2.91,-3.51,5.347,9.384,7.217,6.952,1,1,1,1
2975,75,Mujer,8.5,140,46.1,174,0,0,0.126,197,136,-3.66,3.65,1,0.43,-1.01,-0.96,0.126,-0.224,-3.66,-2.53,-3.06,-3.13,-2.87,-3.47,3.65,6.407,4.928,4.746,1,1,1,1
2976,66,Hombre,8.7,97,56.5,75,1,0,0.014,76,87,-3.15,36,0,-0.41,-0.98,1.11,0.014,-0.336,-3.15,-2.03,-2.55,-2.63,-2.53,-3.13,2571.242,4512.67,3470.814,3343.068,0,0,0,0
2977,69,Mujer,12,146,38.2,1553,1,0,0.742,3261,130,-5.89,6.01,1,-1.73,1.28,0.55,0.742,0.392,-5.89,-4.76,-5.29,-5.36,-4.17,-4.77,6.011,10.549,8.114,7.815,1,1,1,1
2978,66,Hombre,7.5,159,53.1,116,0,1,-0.74,55,146,-1.5,36,0,0.14,0.37,-0.45,-0.39,-0.74,-2.63,-1.5,-2.03,-2.1,-2.61,-3.21,414.881,728.139,560.031,539.419,0,0,0,0
2979,76,Hombre,6.3,152,44.4,27,0,0,0.135,31,145,-1.51,36,0,-0.8,1.76,0.69,0.135,-0.215,-1.51,-0.38,-0.91,-0.98,-0.71,-1.31,84.801,148.83,114.469,110.256,0,0,0,0
2980,57,Hombre,7.6,129,50.2,80,0,1,-0.182,67,122,-1.67,36,0,-0.4,-1.74,-0.63,0.168,-0.182,-2.8,-1.67,-2.2,-2.27,-1.94,-2.54,4338.928,7615.055,5856.94,5641.371,0,0,0,0
2981,71,Hombre,7,110,51.5,84,0,0,-0.197,69,122,-2.43,36,0,1.63,0.65,-0.18,-0.197,-0.547,-2.43,-1.31,-1.83,-1.91,-2.13,-2.73,3266.009,5732.025,4408.652,4246.389,0,0,0,0
2982,49,Hombre,6.3,134,49.5,25,0,1,-0.263,19,125,1.09,36,0,-2.06,0.59,0.43,0.087,-0.263,-0.03,1.09,0.57,0.49,0.7,0.1,1330.471,2335.05,1795.949,1729.848,0,0,0,0
2983,55,Hombre,7.3,138,50.5,38,0,0,-0.744,18,147,-0.64,36,0,-0.84,-0.02,-0.64,-0.744,-1.094,-0.64,0.48,-0.04,-0.12,-1.16,-1.76,4437.284,7787.676,5989.707,5769.252,0,0,0,0
2984,69,Mujer,6.7,141,49.1,158,0,0,1.078,464,143,-2.8,36,0,-0.46,-1.23,-0.21,1.078,0.728,-2.8,-1.68,-2.2,-2.28,-0.58,-1.18,258.109,452.995,348.41,335.587,0,0,0,0
2985,67,Mujer,5.9,118,46.1,35,0,0,1.302,129,129,-3.39,36,0,0.5,1.27,-1.22,1.302,0.952,-3.39,-2.27,-2.79,-2.87,-0.84,-1.44,1011.061,1774.468,1364.79,1314.558,0,0,0,0
2986,62,Hombre,10.2,124,50.4,201,0,1,-0.537,118,115,-1.6,36,0,-0.43,0.59,0.42,-0.187,-0.537,-2.72,-1.6,-2.12,-2.2,-2.4,-3,379.543,666.118,512.329,493.473,0,0,0,0
2987,63,Mujer,7.6,158,44.2,115,0,1,-0.936,45,126,-0.8,36,0,-1.84,-0.23,-1.32,-0.586,-0.936,-1.92,-0.8,-1.32,-1.4,-2.2,-2.8,2107.294,3698.416,2844.549,2739.854,0,0,0,0
2988,66,Hombre,7.2,147,35.1,26,0,0,1.345,100,142,-4.27,36,0,0.9,-0.29,0.83,1.345,0.995,-4.27,-3.15,-3.67,-3.75,-1.65,-2.25,150.217,263.639,202.772,195.309,0,0,0,0
2989,73,Mujer,7.8,121,52.3,46,0,0,-0.388,31,116,-2.04,36,0,0.19,-0.84,-0.03,-0.388,-0.738,-2.04,-0.91,-1.44,-1.51,-2.02,-2.62,1498.408,2629.787,2022.639,1948.194,0,0,0,0
2990,46,Mujer,8.1,123,48.3,49,0,1,-0.935,19,119,0.76,36,0,-2.18,-2.02,0.14,-0.585,-0.935,-0.36,0.76,0.24,0.16,-0.64,-1.24,256.531,450.226,346.281,333.536,0,0,0,0
2991,66,Mujer,8.3,131,33.6,107,1,1,0.831,246,128,-6.05,6.38,1,0.61,0.75,0.09,1.181,0.831,-7.18,-6.05,-6.58,-6.65,-4.81,-5.41,3.635,6.38,4.907,4.726,1,1,1,1
2992,48,Mujer,7.8,100,66.1,54,0,1,-0.777,25,102,2.17,36,0,-0.93,-0.27,0.11,-0.427,-0.777,1.05,2.17,1.65,1.57,1.01,0.41,17826.676,31286.79,24063.495,23177.824,0,0,0,0
2993,78,Hombre,9,161,44,497,0,0,0.37,719,170,-5.06,36,0,0.1,-0.64,0.94,0.37,0.02,-5.06,-3.93,-4.46,-4.53,-3.9,-4.5,100.725,176.778,135.964,130.96,0,0,0,0
2994,73,Mujer,7.4,147,36,246,0,0,-0.272,187,167,-1.55,28.19,1,0.45,0.77,0.41,-0.272,-0.622,-1.55,-0.43,-0.95,-1.03,-1.36,-1.96,28.192,49.479,38.056,36.655,1,0,0,0
2995,61,Hombre,8.5,157,57.4,688,0,1,-0.901,279,152,-3.56,36,0,1.07,0.68,-0.41,-0.551,-0.901,-4.69,-3.56,-4.09,-4.16,-4.92,-5.52,1136.187,1994.07,1533.692,1477.243,0,0,0,0
2996,76,Mujer,6.6,147,45.8,309,0,0,-0.12,274,143,-4.86,36,0,3.3,0.75,1.15,-0.12,-0.47,-4.86,-3.74,-4.26,-4.34,-4.44,-5.04,1275.55,2238.661,1721.813,1658.441,0,0,0,0
2997,59,Hombre,6.3,116,38.4,110,0,0,0.298,148,114,-1.73,36,0,-0.05,-0.48,0.88,0.298,-0.052,-1.73,-0.6,-1.13,-1.2,-0.68,-1.28,1665.439,2922.937,2248.108,2165.365,0,0,0,0
2998,42,Hombre,7.8,139,59.6,47,0,1,-0.04,45,127,2.02,36,0,0.14,-0.39,-0.64,0.31,-0.04,0.9,2.02,1.5,1.42,1.97,1.37,790.473,1387.324,1067.027,1027.755,0,0,0,0
2999,50,Mujer,9.4,110,41.6,52,0,0,-1.036,18,115,-0.44,11.64,1,-1.06,0.3,-0.19,-1.036,-1.386,-0.44,0.68,0.16,0.08,-1.4,-2,11.64,20.428,15.712,15.134,1,1,1,1
3000,63,Mujer,8.5,108,35.8,20,0,0,-0.768,9,91,-0.29,36,0,-2.56,-1.38,-0.34,-0.768,-1.118,-0.29,0.84,0.31,0.24,-0.84,-1.44,4096.106,7188.889,5529.164,5325.66,0,0,0,0
3001,55,Mujer,9.3,157,32.7,281,0,1,-0.591,156,144,-0.6,36,0,-1.27,0.47,0.32,-0.241,-0.591,-1.73,-0.6,-1.13,-1.2,-1.49,-2.09,43.316,76.022,58.471,56.318,0,0,0,0
3002,66,Hombre,5.9,102,44.7,91,1,0,-0.263,70,112,-1.06,36,0,0.46,-1.01,-0.4,-0.263,-0.613,-1.06,0.06,-0.46,-0.54,-0.86,-1.46,227.68,399.591,307.336,296.025,0,0,0,0
3003,82,Hombre,6.8,121,58.9,15,0,1,-0.053,14,136,-0.07,36,0,0.97,-1.07,-0.72,0.297,-0.053,-1.19,-0.07,-0.59,-0.67,-0.15,-0.75,306.783,538.42,414.113,398.872,0,0,0,0
3004,61,Hombre,9.7,129,51.2,61,0,0,0.832,140,121,-2.85,36,0,1.03,-0.99,-0.76,0.832,0.482,-2.85,-1.72,-2.25,-2.32,-1,-1.6,106.342,186.637,143.547,138.264,0,0,0,0
3005,65,Mujer,8.2,133,35,140,1,1,0.203,172,137,-2.29,36,0,-0.47,-0.65,1.06,0.553,0.203,-3.42,-2.29,-2.82,-2.89,-1.99,-2.59,790.503,1387.377,1067.068,1027.794,0,0,0,0
3006,73,Mujer,8.2,136,32.1,330,0,0,0.43,507,138,-3.7,36,0,-0.35,-0.45,-1.98,0.43,0.08,-3.7,-2.57,-3.1,-3.17,-2.45,-3.05,102.401,179.72,138.227,133.14,0,0,0,0
3007,82,Hombre,7.6,134,51.2,40,0,0,0.584,72,139,-1.48,36,0,-0.08,-0.39,1.2,0.584,0.234,-1.48,-0.35,-0.88,-0.95,0,-0.6,38.519,67.602,51.995,50.081,0,0,0,0
3008,39,Mujer,7.7,102,64.7,88,0,1,-0.448,56,106,1.55,36,0,-0.5,-0.02,-0.7,-0.098,-0.448,0.43,1.55,1.03,0.95,0.88,0.28,1919.957,3369.629,2591.67,2496.282,0,0,0,0
3009,72,Mujer,7.6,158,59.3,187,0,1,0.014,190,145,-0.55,36,0,-0.41,-1.75,-0.57,0.364,0.014,-1.68,-0.55,-1.08,-1.15,-0.53,-1.13,551.177,967.345,744.011,716.627,0,0,0,0
3010,56,Hombre,8.4,133,45.6,238,0,0,-0.227,190,130,-0.66,36,0,0.93,0.9,0.57,-0.227,-0.577,-0.66,0.46,-0.06,-0.14,-0.41,-1.01,243.14,426.724,328.204,316.125,0,0,0,0
3011,64,Mujer,7.6,149,58.6,235,0,1,-0.712,115,143,-2.75,36,0,1.3,0.17,-0.17,-0.362,-0.712,-3.88,-2.75,-3.28,-3.35,-3.82,-4.42,515.039,903.921,695.229,669.641,0,0,0,0
3012,44,Hombre,8.2,155,49.3,143,0,1,-0.456,91,159,-0.83,36,0,-1.46,-1.05,-0.4,-0.106,-0.456,-1.96,-0.83,-1.36,-1.43,-1.52,-2.12,736.692,1292.935,994.43,957.83,0,0,0,0
3013,57,Mujer,7.8,141,35.8,496,0,1,0.01,501,126,-1.48,36,0,-0.75,1.14,0.32,0.36,0.01,-2.61,-1.48,-2.01,-2.08,-1.47,-2.07,223.91,392.975,302.247,291.123,0,0,0,0
3014,76,Hombre,10.1,147,45.3,143,1,1,-0.267,109,138,-3.36,36,0,0.45,1.02,-1.34,0.083,-0.267,-4.48,-3.36,-3.88,-3.96,-3.76,-4.36,489.171,858.522,660.312,636.009,0,0,0,0
3015,71,Hombre,5.8,136,39.4,26,0,0,-0.182,22,119,-0.7,36,0,0.33,0.17,0.22,-0.182,-0.532,-0.7,0.42,-0.1,-0.18,-0.37,-0.97,1099.532,1929.739,1484.213,1429.586,0,0,0,0
3016,54,Mujer,9.8,141,58.4,32,0,0,0.356,46,151,-3.4,36,0,-0.06,-0.74,-1.32,0.356,0.006,-3.4,-2.28,-2.8,-2.88,-2.27,-2.87,54.082,94.918,73.004,70.317,0,0,0,0
3017,66,Hombre,9.2,154,33.5,531,1,1,-0.896,217,150,-1.09,36,0,-0.65,0.46,0.67,-0.546,-0.896,-2.21,-1.09,-1.61,-1.69,-2.43,-3.03,369.303,648.146,498.506,480.159,0,0,0,0
3018,60,Mujer,8.7,160,57.5,79,0,0,0.874,189,161,-3.22,36,0,-0.09,0.74,1.72,0.874,0.524,-3.22,-2.1,-2.62,-2.7,-1.31,-1.91,95.407,167.445,128.786,124.046,0,0,0,0
3019,47,Hombre,6.8,149,44.9,15,0,0,1.849,95,151,-3.33,36,0,-0.7,-1.74,0.89,1.849,1.499,-3.33,-2.2,-2.73,-2.8,0.05,-0.55,418.507,734.503,564.925,544.133,0,0,0,0
3020,57,Mujer,8.4,121,38.6,26,1,0,-0.205,21,108,-2.76,36,0,0.66,1.92,0.34,-0.205,-0.555,-2.76,-1.63,-2.16,-2.23,-2.46,-3.06,2156.696,3785.119,2911.235,2804.085,0,0,0,0
3021,78,Mujer,9.1,137,28.7,84,1,0,0.047,88,126,-5.04,36,0,0.48,-0.03,0.22,0.047,-0.303,-5.04,-3.92,-4.44,-4.52,-4.37,-4.97,186.506,327.328,251.757,242.491,0,0,0,0
3022,59,Mujer,8.6,137,46.7,147,0,1,-0.55,85,126,-0.23,36,0,-0.14,-0.42,-1.14,-0.2,-0.55,-1.36,-0.23,-0.76,-0.83,-1.06,-1.66,141.207,247.825,190.609,183.594,0,0,0,0
3023,52,Hombre,7.1,124,42.5,135,0,0,0.684,268,114,-2.21,36,0,0,0.58,-1.13,0.684,0.334,-2.21,-1.08,-1.61,-1.68,-0.58,-1.18,416.252,730.545,561.882,541.201,0,0,0,0
3024,71,Mujer,5.7,145,35.4,35,0,0,0.259,45,149,-1.79,36,0,-1.77,-1.84,-0.44,0.259,-0.091,-1.79,-0.67,-1.19,-1.27,-0.8,-1.4,1107.375,1943.503,1494.799,1439.782,0,0,0,0
3025,63,Hombre,9.3,130,48.9,157,0,1,-1.27,44,118,0.93,36,0,-0.46,0.07,0.08,-0.92,-1.27,-0.2,0.93,0.4,0.33,-0.98,-1.58,160.184,281.132,216.226,208.268,0,0,0,0
3026,56,Mujer,7.4,128,39.9,323,1,1,-0.04,310,121,-0.76,36,0,-1.74,0.07,-0.89,0.31,-0.04,-1.89,-0.76,-1.29,-1.36,-0.82,-1.42,210.358,369.189,283.953,273.502,0,0,0,0
3027,65,Mujer,6.1,119,72.7,19,0,1,-0.373,13,94,1.95,36,0,1.41,-2.05,-1.24,-0.023,-0.373,0.82,1.95,1.42,1.35,1.39,0.79,8494.516,14908.339,11466.397,11044.369,0,0,0,0
3028,35,Hombre,7.8,127,55.3,26,0,1,-0.43,17,115,1.14,36,0,-1.71,-2.05,1.07,-0.08,-0.43,0.01,1.14,0.61,0.54,0.49,-0.11,3810.734,6688.046,5143.953,4954.627,0,0,0,0
3029,71,Hombre,7.1,131,51.5,218,0,1,-0.481,135,123,0.22,36,0,1.5,-0.37,0.83,-0.131,-0.481,-0.91,0.22,-0.31,-0.38,-0.5,-1.1,491.869,863.257,663.954,639.517,0,0,0,0
3030,55,Mujer,8.9,130,40.9,183,0,0,-0.543,106,122,-0.86,36,0,-0.56,-1.5,0.08,-0.543,-0.893,-0.86,0.26,-0.26,-0.34,-1.07,-1.67,582.295,1021.96,786.017,757.087,0,0,0,0
3031,71,Mujer,7.7,144,40.6,244,1,1,-0.279,185,130,-2.61,36,0,0.33,0.32,-0.03,0.071,-0.279,-3.73,-2.61,-3.13,-3.21,-3.03,-3.63,30.588,53.684,41.29,39.77,1,0,0,0
3032,81,Mujer,9.1,133,48.2,978,0,0,-0.001,977,136,-4.62,36,0,-0.24,-0.36,1.72,-0.001,-0.351,-4.62,-3.49,-4.02,-4.09,-4.02,-4.62,149.716,262.759,202.095,194.657,0,0,0,0
3033,70,Hombre,8.9,115,44.2,167,0,0,0.138,192,112,-1.6,19.44,1,-0.32,-1.73,-0.65,0.138,-0.212,-1.6,-0.47,-1,-1.07,-0.79,-1.39,19.435,34.11,26.235,25.269,1,1,1,1
3034,64,Mujer,9.3,154,47.2,607,0,1,0.112,679,142,-3.38,36,0,-0.95,-0.32,-0.72,0.462,0.112,-4.51,-3.38,-3.91,-3.98,-3.21,-3.81,241.662,424.13,326.21,314.203,0,0,0,0
3035,49,Hombre,5.9,120,52.1,124,0,0,0.208,153,126,-1.07,36,0,-1.18,-0.04,0.32,0.208,-0.142,-1.07,0.05,-0.47,-0.55,-0.16,-0.76,166.06,291.445,224.158,215.908,0,0,0,0
3036,49,Hombre,6.9,137,42.6,247,0,0,0.158,289,134,-1.13,36,0,-1.2,-0.1,-0.16,0.158,-0.192,-1.13,-0,-0.53,-0.6,-0.29,-0.89,403.615,708.367,544.824,524.771,0,0,0,0
3037,63,Mujer,7.9,158,51.6,109,0,0,0.148,126,154,-3.77,36,0,0.29,0.21,-1.6,0.148,-0.202,-3.77,-2.65,-3.17,-3.25,-2.95,-3.55,191.654,336.364,258.706,249.185,0,0,0,0
3038,52,Mujer,12,137,58.6,513,0,1,-1.253,147,127,-2.15,36,0,-0.11,-1.01,0.43,-0.903,-1.253,-3.28,-2.15,-2.68,-2.75,-4.03,-4.63,3017.656,5296.151,4073.409,3923.485,0,0,0,0
3039,60,Mujer,7.3,95,53.9,197,0,1,-1.237,57,80,1.92,36,0,-0.02,0.42,0.99,-0.887,-1.237,0.8,1.92,1.4,1.32,0.07,-0.53,73.257,128.569,98.886,95.247,0,0,0,0
3040,52,Mujer,9.2,149,51.7,68,1,0,0.598,124,144,-6.21,36,0,0.61,-0.3,0.39,0.598,0.248,-6.21,-5.08,-5.61,-5.68,-4.71,-5.31,63.636,111.685,85.9,82.738,0,0,0,0
3041,80,Mujer,8.7,152,53.4,21,0,0,0.738,44,160,-3.92,36,0,1.15,1.32,-0.71,0.738,0.388,-3.92,-2.79,-3.32,-3.39,-2.21,-2.81,1274.848,2237.427,1720.864,1657.527,0,0,0,0
3042,58,Mujer,8.3,127,35.2,428,0,1,-0.247,334,125,-2.92,36,0,-0.36,-3.55,0.03,0.103,-0.247,-4.04,-2.92,-3.44,-3.52,-3.29,-3.89,75.152,131.895,101.444,97.71,0,0,0,0
3043,66,Hombre,8.8,116,34.1,130,0,1,-0.5,79,114,-0.78,36,0,0.43,-0.59,-0.97,-0.15,-0.5,-1.9,-0.78,-1.3,-1.38,-1.53,-2.13,542.741,952.541,732.624,705.659,0,0,0,0
3044,66,Hombre,6.6,123,57.8,57,1,0,0.354,81,124,-3.87,36,0,0.12,-0,0.16,0.354,0.004,-3.87,-2.75,-3.27,-3.35,-2.74,-3.34,1543.294,2708.565,2083.229,2006.555,0,0,0,0
3045,65,Mujer,8.4,141,48.9,174,0,0,0.226,218,137,-3.56,36,0,1.09,-0.04,-0.35,0.226,-0.124,-3.56,-2.43,-2.96,-3.03,-2.62,-3.22,1331.585,2337.004,1797.452,1731.295,0,0,0,0
3046,53,Hombre,5.5,145,41.6,98,1,0,-0.432,64,151,-1.56,36,0,-0.96,-2.07,-0.57,-0.432,-0.782,-1.56,-0.44,-0.96,-1.04,-1.61,-2.21,285.316,500.744,385.136,370.961,0,0,0,0
3047,66,Hombre,7.4,142,41.5,170,0,1,-0.012,168,135,-1.71,36,0,1.8,0.56,-0.92,0.338,-0.012,-2.83,-1.71,-2.23,-2.31,-1.73,-2.33,857.382,1504.753,1157.345,1114.748,0,0,0,0
3048,70,Mujer,7.2,131,35,97,1,1,-0.408,65,126,-1.86,36,0,-1.37,-0.59,1.72,-0.058,-0.408,-2.99,-1.86,-2.39,-2.46,-2.48,-3.08,150.254,263.704,202.821,195.356,0,0,0,0
3049,55,Hombre,5.5,95,53.5,9,0,0,0.85,21,97,-0.79,36,0,-3.06,-0.04,-0.68,0.85,0.5,-0.79,0.34,-0.19,-0.26,1.09,0.49,11355.483,19929.493,15328.298,14764.131,0,0,0,0
3050,90,Hombre,6.4,147,31.7,214,0,0,0.29,286,143,-5.44,36,0,0.24,0.34,-1.75,0.29,-0.06,-5.44,-4.32,-4.84,-4.92,-4.41,-5.01,879.35,1543.306,1186.998,1143.31,0,0,0,0
3051,62,Mujer,8.8,132,59,193,0,1,-0.354,135,126,-2.16,36,0,-0.34,-0.38,-1.76,-0.004,-0.354,-3.28,-2.16,-2.68,-2.76,-2.69,-3.29,340.202,597.073,459.224,442.322,0,0,0,0
3052,60,Hombre,7.4,127,48.5,40,0,0,0.945,103,128,-2.22,36,0,0.55,-1.65,-0.27,0.945,0.595,-2.22,-1.1,-1.62,-1.7,-0.2,-0.8,737.727,1294.751,995.827,959.175,0,0,0,0
3053,56,Mujer,8.4,152,63.5,163,0,0,0.897,400,153,-3.82,36,0,0.42,0.47,1.99,0.897,0.547,-3.82,-2.7,-3.22,-3.3,-1.88,-2.48,329.168,577.707,444.33,427.976,0,0,0,0
3054,77,Hombre,9.7,132,37.2,137,1,0,-0.16,117,141,-2.15,36,0,-1.02,-0.14,-0.56,-0.16,-0.51,-2.15,-1.03,-1.55,-1.63,-1.79,-2.39,788.061,1383.091,1063.771,1024.619,0,0,0,0
3055,90,Mujer,9.1,139,36.1,127,1,0,-0.457,80,117,-2.18,36,0,0.24,-0.97,1.11,-0.457,-0.807,-2.18,-1.06,-1.58,-1.66,-2.27,-2.87,295.634,518.855,399.065,384.377,0,0,0,0
3056,57,Mujer,8.2,157,50.9,222,0,1,-0.855,94,150,-2.01,36,0,0.32,0.96,0.03,-0.505,-0.855,-3.14,-2.01,-2.54,-2.61,-3.29,-3.89,1683.232,2954.164,2272.125,2188.499,0,0,0,0
3057,56,Mujer,8,137,42.5,592,0,1,-0.109,531,129,-2.64,36,0,-1.57,-0.22,-0.11,0.241,-0.109,-3.77,-2.64,-3.17,-3.24,-2.81,-3.41,127.746,224.201,172.439,166.092,0,0,0,0
3058,59,Hombre,9,143,61.3,603,1,1,0.144,696,131,-3.59,36,0,0.57,-0.17,-1.58,0.494,0.144,-4.72,-3.59,-4.12,-4.19,-3.38,-3.98,100.021,175.543,135.015,130.045,0,0,0,0
3059,50,Mujer,9.5,138,51.9,63,0,1,0.407,95,138,-1.37,36,0,-2.01,0.9,-1.74,0.757,0.407,-2.5,-1.37,-1.9,-1.97,-0.76,-1.36,258.463,453.617,348.889,336.048,0,0,0,0
3060,80,Hombre,8.2,121,48.6,161,0,0,0.13,183,120,-2.71,36,0,-0.14,0.29,1.16,0.13,-0.22,-2.71,-1.58,-2.11,-2.18,-1.91,-2.51,319.288,560.368,430.994,415.131,0,0,0,0
3061,57,Mujer,7.2,116,41.2,19,1,0,0.976,50,119,-0.39,36,0,1.83,0.44,-2.4,0.976,0.626,-0.39,0.73,0.21,0.13,1.67,1.07,628.459,1102.98,848.331,817.108,0,0,0,0
3062,49,Hombre,8.9,153,47.2,476,0,0,0.162,559,143,-2.67,36,0,-1.01,0.71,-0.42,0.162,-0.188,-2.67,-1.55,-2.07,-2.15,-1.83,-2.43,435.59,764.485,587.985,566.344,0,0,0,0
3063,51,Hombre,7.6,144,38.2,126,0,0,0.333,176,155,-3.81,36,0,0.6,-0.01,0.22,0.333,-0.017,-3.81,-2.69,-3.21,-3.29,-2.72,-3.32,322.599,566.179,435.463,419.436,0,0,0,0
3064,60,Hombre,9.1,146,49,253,0,1,-0.501,153,135,-1.74,36,0,-0.71,0.33,-0.21,-0.151,-0.501,-2.87,-1.74,-2.27,-2.34,-2.5,-3.1,1662.627,2918.002,2244.312,2161.709,0,0,0,0
3065,50,Mujer,6.9,149,51.5,92,0,1,0.773,199,129,-2.21,36,0,-1.44,-0.14,0.33,1.123,0.773,-3.34,-2.21,-2.74,-2.81,-1.05,-1.65,1217.947,2137.563,1644.056,1583.545,0,0,0,0
3066,67,Hombre,6.7,128,55.4,120,1,1,-0.708,59,132,0.63,36,0,1.84,1.53,-1.7,-0.358,-0.708,-0.49,0.63,0.11,0.03,-0.43,-1.03,48.935,85.883,66.055,63.624,0,0,0,0
3067,56,Hombre,6.1,129,50.9,46,0,1,-0.322,33,120,-0.73,36,0,0.3,-0.69,2.7,0.028,-0.322,-1.85,-0.73,-1.25,-1.33,-1.21,-1.81,2036.155,3573.563,2748.521,2647.36,0,0,0,0
3068,74,Hombre,7.9,150,35.3,22,0,0,0.041,23,154,-4.91,36,0,-0.69,1.67,1.86,0.041,-0.309,-4.91,-3.79,-4.31,-4.39,-4.25,-4.85,651.878,1144.081,879.943,847.556,0,0,0,0
3069,73,Hombre,7.8,117,66.8,14,1,1,-0.291,10,120,-0.92,36,0,-0.93,-2.18,-0.25,0.059,-0.291,-2.04,-0.92,-1.44,-1.52,-1.35,-1.95,3023.016,5305.558,4080.645,3930.454,0,0,0,0
3070,66,Mujer,6.1,152,59.5,124,0,0,0.349,176,150,-1.53,36,0,1.18,-1.73,-0.11,0.349,-0.001,-1.53,-0.4,-0.93,-1,-0.4,-1,5900.001,10354.824,7964.168,7671.042,0,0,0,0
3071,67,Mujer,9.3,135,56,667,1,1,-0.707,329,117,-2.13,36,0,-1.35,0.46,-0.19,-0.357,-0.707,-3.26,-2.13,-2.66,-2.73,-3.19,-3.79,750.022,1316.33,1012.424,975.162,0,0,0,0
3072,66,Mujer,6.4,118,42.8,236,0,0,-0.458,149,120,-2.36,36,0,-0.42,0.17,1.34,-0.458,-0.808,-2.36,-1.23,-1.76,-1.83,-2.44,-3.04,152.739,268.065,206.176,198.587,0,0,0,0
3073,61,Hombre,6.8,149,38.3,610,0,1,-0.279,461,138,-1.46,36,0,-0.31,0.62,-0.41,0.071,-0.279,-2.59,-1.46,-1.99,-2.06,-1.88,-2.48,503.346,883.4,679.446,654.439,0,0,0,0
3074,60,Hombre,6.7,131,28.8,215,1,0,0.404,322,116,-3.21,36,0,0.84,-1.03,0.68,0.404,0.054,-3.21,-2.08,-2.61,-2.68,-2,-2.6,653.507,1146.941,882.143,849.675,0,0,0,0
3075,67,Hombre,8.7,128,31.9,1148,0,1,-0.675,584,110,-2.05,36,0,-1.23,0.74,0.16,-0.325,-0.675,-3.17,-2.05,-2.57,-2.65,-3.06,-3.66,99.575,174.76,134.413,129.466,0,0,0,0
3076,58,Hombre,10.9,136,61.1,222,0,1,-0.24,175,127,-2,6.17,1,-0.05,-0.99,0.46,0.11,-0.24,-3.12,-2,-2.52,-2.6,-2.36,-2.96,3.514,6.168,4.744,4.569,1,1,1,1
3077,60,Hombre,8.4,138,48.1,86,0,1,-0.142,75,129,0.26,36,0,-1.01,0.4,0.25,0.208,-0.142,-0.87,0.26,-0.27,-0.34,0.04,-0.56,317.946,558.013,429.182,413.386,0,0,0,0
3078,60,Hombre,7.7,148,42.8,40,1,0,0.264,52,135,-3.77,36,0,0.22,-1.77,-2.3,0.264,-0.086,-3.77,-2.65,-3.17,-3.25,-2.78,-3.38,81.238,142.578,109.66,105.624,0,0,0,0
3079,62,Hombre,8.9,131,42.3,42,0,0,-0.648,22,143,-0.84,36,0,0.24,-0.08,-0.5,-0.648,-0.998,-0.84,0.29,-0.24,-0.31,-1.21,-1.81,1725.647,3028.604,2329.379,2243.645,0,0,0,0
3080,51,Hombre,6.8,138,48.3,87,0,1,0.701,175,133,-3.24,36,0,-1.61,-0.73,-1.84,1.051,0.701,-4.37,-3.24,-3.77,-3.84,-2.19,-2.79,1075.548,1887.645,1451.837,1398.402,0,0,0,0
3081,66,Hombre,9.5,139,36.2,711,0,1,0.196,865,129,-4.07,36,0,-0.73,0,-1.42,0.546,0.196,-5.19,-4.07,-4.59,-4.67,-3.77,-4.37,61.447,107.843,82.945,79.892,0,0,0,0
3082,71,Hombre,8.8,125,41,103,0,0,-0.02,101,137,-1.44,36,0,0.79,-0.93,0.67,-0.02,-0.37,-1.44,-0.32,-0.84,-0.92,-0.87,-1.47,101.694,178.479,137.273,132.22,0,0,0,0
3083,73,Hombre,9,131,45.5,258,1,1,-0.43,168,124,-2.04,36,0,-0.59,-0.76,1.49,-0.08,-0.43,-3.16,-2.04,-2.56,-2.64,-2.68,-3.28,199.691,350.468,269.554,259.633,0,0,0,0
3084,46,Mujer,9,164,47.8,263,1,0,0.403,394,164,-4.28,36,0,-0.49,0.77,0.39,0.403,0.053,-4.28,-3.15,-3.68,-3.75,-3.07,-3.67,168.636,295.966,227.635,219.257,0,0,0,0
3085,55,Mujer,9.3,122,53.7,151,0,1,-1.373,38,116,-0.72,36,0,-0.92,0.69,-0.12,-1.023,-1.373,-1.85,-0.72,-1.25,-1.32,-2.78,-3.38,1181.568,2073.717,1594.951,1536.247,0,0,0,0
3086,77,Mujer,6.4,163,50.3,47,0,0,0.209,58,167,-4.19,36,0,1.77,0.03,-2.56,0.209,-0.141,-4.19,-3.07,-3.59,-3.67,-3.28,-3.88,275.629,483.743,372.06,358.366,0,0,0,0
3087,83,Hombre,8.3,138,39.5,72,1,1,0.021,74,131,-1.92,36,0,0.51,0.79,-1.62,0.371,0.021,-3.05,-1.92,-2.45,-2.52,-1.89,-2.49,517.574,908.371,698.652,672.938,0,0,0,0
3088,57,Mujer,7.7,104,51.5,106,1,0,0.236,134,122,-1.66,36,0,-0.2,0.6,-0.25,0.236,-0.114,-1.66,-0.53,-1.06,-1.13,-0.71,-1.31,947.675,1663.222,1279.228,1232.145,0,0,0,0
3089,64,Mujer,7.5,134,40.4,166,0,0,0.242,212,141,-2.28,36,0,0.71,-1.89,-1.52,0.242,-0.108,-2.28,-1.16,-1.68,-1.76,-1.32,-1.92,170.096,298.527,229.605,221.154,0,0,0,0
3090,56,Hombre,7.8,120,50.9,157,0,1,0.043,164,112,0.19,36,0,-1.49,-0.33,-1.08,0.393,0.043,-0.94,0.19,-0.34,-0.41,0.25,-0.35,118.295,207.614,159.682,153.804,0,0,0,0
3091,42,Hombre,8.4,124,63.6,102,1,1,-0.465,64,118,0.65,36,0,-1.1,-0.19,-0.87,-0.115,-0.465,-0.47,0.65,0.13,0.05,-0.04,-0.64,541.999,951.237,731.622,704.694,0,0,0,0
3092,70,Mujer,7.9,116,48.7,294,0,1,-0.68,149,117,-1.62,36,0,0.09,-0.43,-0.26,-0.33,-0.68,-2.75,-1.62,-2.15,-2.22,-2.64,-3.24,321.873,564.905,434.484,418.492,0,0,0,0
3093,55,Hombre,7.8,118,42.1,61,0,1,-0.401,41,116,-0.97,36,0,-2.08,-1.06,-2.27,-0.051,-0.401,-2.1,-0.97,-1.5,-1.57,-1.58,-2.18,240.114,421.414,324.121,312.191,0,0,0,0
3094,69,Hombre,6.9,151,43.9,125,0,0,0.476,201,149,-2.13,36,0,0.2,-0.36,0.37,0.476,0.126,-2.13,-1,-1.53,-1.6,-0.82,-1.42,1133.042,1988.551,1529.447,1473.155,0,0,0,0
3095,78,Hombre,7.8,131,45.3,358,0,0,0.616,663,135,-3.35,36,0,0.29,-0.2,-1.63,0.616,0.266,-3.35,-2.22,-2.75,-2.82,-1.83,-2.43,57.519,100.949,77.643,74.785,0,0,0,0
3096,59,Hombre,7.5,120,50.9,126,1,0,0.185,152,131,-2.71,36,0,-1.69,1.72,-0.09,0.185,-0.165,-2.71,-1.59,-2.11,-2.19,-1.83,-2.43,867.723,1522.901,1171.304,1128.193,0,0,0,0
3097,78,Mujer,9.1,148,32.8,193,1,0,-1.008,70,146,-2.61,36,0,0.66,0.26,1.16,-1.008,-1.358,-2.61,-1.49,-2.01,-2.09,-3.52,-4.12,114.958,201.758,155.178,149.466,0,0,0,0
3098,59,Hombre,8.2,137,57.4,75,0,1,0.015,76,121,-1.28,36,0,0.53,-1.97,0.18,0.365,0.015,-2.41,-1.28,-1.81,-1.88,-1.26,-1.86,1729.804,3035.9,2334.991,2249.05,0,0,0,0
3099,81,Hombre,11.3,146,32.3,558,1,1,0.117,627,146,-3.83,36,0,0.23,-0.2,-1.6,0.467,0.117,-4.96,-3.83,-4.36,-4.43,-3.65,-4.25,150.646,264.392,203.351,195.866,0,0,0,0
3100,72,Mujer,9.1,125,44.1,767,0,0,-0.059,723,107,-4.04,36,0,0.53,1.15,1.13,-0.059,-0.409,-4.04,-2.91,-3.44,-3.51,-3.53,-4.13,739.368,1297.631,998.043,961.309,0,0,0,0
3101,65,Hombre,7.4,128,41.8,194,0,1,0.452,305,141,-0.85,36,0,0.66,0.39,-1.48,0.802,0.452,-1.98,-0.85,-1.38,-1.45,-0.18,-0.78,47.614,83.565,64.272,61.906,0,0,0,0
3102,69,Hombre,8.2,145,39.7,293,0,0,-0.615,158,146,-2.96,36,0,0.85,1.02,2.03,-0.615,-0.965,-2.96,-1.83,-2.36,-2.43,-3.28,-3.88,368.568,646.856,497.514,479.203,0,0,0,0
3103,64,Hombre,9.3,136,58.6,86,0,1,-0.614,47,130,-1.33,36,0,-0.16,0.99,-0.17,-0.264,-0.614,-2.46,-1.33,-1.86,-1.93,-2.26,-2.86,90.595,158.999,122.29,117.789,0,0,0,0
3104,66,Mujer,9.2,145,32.6,265,0,0,0.17,314,144,-4.25,36,0,-0.68,1.1,0.74,0.17,-0.18,-4.25,-3.12,-3.65,-3.72,-3.39,-3.99,610.288,1071.088,823.802,793.482,0,0,0,0
3105,63,Mujer,6,130,20.3,94,0,0,0.459,149,130,-1.98,36,0,-2.01,-0.85,-0.3,0.459,0.109,-1.98,-0.86,-1.38,-1.46,-0.7,-1.3,452.73,794.566,611.121,588.629,0,0,0,0
3106,57,Mujer,8.5,129,51.1,127,0,1,0.293,170,119,-1.41,36,0,0.68,-0.29,-1.3,0.643,0.293,-2.53,-1.41,-1.93,-2.01,-0.97,-1.57,598.426,1050.271,807.791,778.06,0,0,0,0
3107,80,Hombre,8.9,144,40.8,289,0,1,-0.575,163,145,-2.06,36,0,1.2,1.24,-1.82,-0.225,-0.575,-3.18,-2.06,-2.58,-2.66,-2.92,-3.52,344.206,604.1,464.629,447.528,0,0,0,0
3108,53,Mujer,7.7,114,41.3,45,0,0,0.489,73,112,-1,36,0,-0.4,2.59,-0.78,0.489,0.139,-1,0.13,-0.4,-0.47,0.33,-0.27,1863.521,3270.581,2515.49,2422.906,0,0,0,0
3109,72,Hombre,9.6,146,35.7,280,1,0,-0.299,208,151,-3.17,36,0,-1.56,-0.11,-0.24,-0.299,-0.649,-3.17,-2.05,-2.57,-2.65,-3.02,-3.62,140.049,245.794,189.046,182.088,0,0,0,0
3110,84,Mujer,9.3,134,31.2,905,0,0,-0.509,544,130,-1.23,36,0,0.97,-0.19,-1.88,-0.509,-0.859,-1.23,-0.11,-0.63,-0.71,-1.4,-2,684.28,1200.949,923.682,889.685,0,0,0,0
3111,48,Mujer,9.6,128,48.8,170,0,0,-0.378,117,136,-1.5,36,0,-0.6,1.48,-0.31,-0.378,-0.728,-1.5,-0.38,-0.9,-0.98,-1.47,-2.07,470.162,825.161,634.653,611.294,0,0,0,0
3112,53,Hombre,6.5,127,55.4,49,1,0,0.587,88,132,-0.88,36,0,-1.35,-0.13,-0.33,0.587,0.237,-0.88,0.24,-0.28,-0.36,0.6,-0,1048.26,1839.753,1415.003,1362.923,0,0,0,0
3113,52,Hombre,8.8,136,53.7,153,0,1,-0.976,58,133,0.56,36,0,-1.66,-0.54,0.73,-0.626,-0.976,-0.57,0.56,0.03,-0.04,-0.91,-1.51,307.598,539.852,415.214,399.932,0,0,0,0
3114,64,Hombre,7.7,133,49.1,88,0,0,0.753,187,118,-4.28,36,0,-0.1,1.12,-0.44,0.753,0.403,-4.28,-3.16,-3.68,-3.76,-2.55,-3.15,1116.469,1959.464,1507.075,1451.607,0,0,0,0
3115,59,Mujer,8.9,119,54.4,37,0,0,0.424,57,114,-0.95,36,0,0.67,0.31,-1.34,0.424,0.074,-0.95,0.17,-0.35,-0.43,0.29,-0.31,1359.518,2386.029,1835.158,1767.614,0,0,0,0
3116,73,Hombre,6.2,128,40,83,1,0,-0.18,69,121,-2.79,36,0,1.66,-0.52,0.92,-0.18,-0.53,-2.79,-1.67,-2.19,-2.27,-2.46,-3.06,954.878,1675.864,1288.951,1241.51,0,0,0,0
3117,76,Mujer,7.9,117,54.1,102,0,0,-0.413,68,114,-0.82,36,0,-0.27,1.83,1.16,-0.413,-0.763,-0.82,0.3,-0.22,-0.3,-0.84,-1.44,4748.357,8333.626,6409.611,6173.702,0,0,0,0
3118,81,Hombre,9.9,129,26.8,184,1,0,-0.092,168,133,-5.9,36,0,1.04,-0.25,-0.1,-0.092,-0.442,-5.9,-4.78,-5.3,-5.38,-5.44,-6.04,235.797,413.836,318.292,306.577,0,0,0,0
3119,60,Hombre,8.4,127,59.8,122,0,1,-0.019,120,126,-3.35,36,0,0.03,-1.85,0.03,0.331,-0.019,-4.48,-3.35,-3.88,-3.95,-3.38,-3.98,495.975,870.463,669.496,644.855,0,0,0,0
3120,63,Hombre,10.5,152,48.9,18,0,0,-0.072,17,156,-2.95,36,0,-1.2,-0.54,-0.32,-0.072,-0.422,-2.95,-1.82,-2.35,-2.42,-2.46,-3.06,1073.894,1884.743,1449.606,1396.252,0,0,0,0
3121,64,Hombre,7.1,133,47.7,168,1,0,-0.23,133,135,-2.74,36,0,0.48,0.83,-0.47,-0.23,-0.58,-2.74,-1.61,-2.14,-2.21,-2.48,-3.08,2452.095,4303.561,3309.982,3188.156,0,0,0,0
3122,52,Mujer,8.3,129,53.4,42,0,0,-0.531,25,146,-1.5,36,0,-0.07,1.35,1.19,-0.531,-0.881,-1.5,-0.38,-0.9,-0.98,-1.7,-2.3,1474.274,2587.431,1990.062,1916.816,0,0,0,0
3123,51,Mujer,5.5,149,55.8,84,0,0,0.194,102,144,-2.79,36,0,1.33,0.26,0.7,0.194,-0.156,-2.79,-1.66,-2.19,-2.26,-1.9,-2.5,1098.033,1927.107,1482.189,1427.636,0,0,0,0
3124,52,Mujer,7.1,135,45.2,582,0,1,-0.41,386,124,-1.67,36,0,-0.54,1.85,-0.25,-0.06,-0.41,-2.8,-1.67,-2.2,-2.27,-2.29,-2.89,198.268,347.971,267.634,257.783,0,0,0,0
3125,62,Mujer,6.3,130,51.5,47,0,0,0.031,48,134,-1.55,36,0,-1.17,1.32,1.09,0.031,-0.319,-1.55,-0.42,-0.95,-1.02,-0.9,-1.5,1463.675,2568.83,1975.755,1903.036,0,0,0,0
3126,61,Mujer,9.6,151,55.6,358,1,0,-0.316,261,157,-4.37,8.29,1,0.4,-0.03,-0.62,-0.316,-0.666,-4.37,-3.25,-3.77,-3.85,-4.25,-4.85,8.286,14.542,11.184,10.773,1,1,1,1
3127,65,Hombre,7,131,50.5,32,0,0,0.371,46,132,-2.34,36,0,-0.42,0.04,1.09,0.371,0.021,-2.34,-1.21,-1.74,-1.81,-1.18,-1.78,219.544,385.312,296.354,285.446,0,0,0,0
3128,61,Hombre,7.3,141,45.5,398,0,0,0.396,592,139,-2.55,36,0,-0.26,-0.02,-0.68,0.396,0.046,-2.55,-1.42,-1.95,-2.02,-1.35,-1.95,1057.055,1855.189,1426.875,1374.358,0,0,0,0
3129,52,Hombre,9,116,55.3,617,0,1,0.108,687,106,-2.1,36,0,0.35,0.18,1.03,0.458,0.108,-3.22,-2.1,-2.62,-2.7,-1.93,-2.53,551.495,967.903,744.44,717.04,0,0,0,0
3130,45,Mujer,7.8,104,64.4,85,0,0,-0.158,73,93,-0.99,36,0,-0.79,0.47,0.38,-0.158,-0.508,-0.99,0.14,-0.39,-0.46,-0.62,-1.22,4120.896,7232.398,5562.628,5357.892,0,0,0,0
3131,53,Hombre,6.7,124,51.9,19,0,0,-0.149,16,147,-1.15,36,0,-0.17,0.31,-0.2,-0.149,-0.499,-1.15,-0.03,-0.55,-0.63,-0.78,-1.38,1007.709,1768.585,1360.265,1310.2,0,0,0,0
3132,71,Hombre,8.2,146,41.6,77,1,0,-0.068,72,136,-3.33,36,0,-1.04,0.07,0.39,-0.068,-0.418,-3.33,-2.21,-2.73,-2.81,-2.84,-3.44,137.743,241.746,185.933,179.09,0,0,0,0
3133,49,Hombre,9,143,57.6,318,0,0,-0.16,271,143,-3.53,36,0,-0.92,-1.06,0.33,-0.16,-0.51,-3.53,-2.41,-2.93,-3.01,-3.17,-3.77,1019.426,1789.148,1376.081,1325.433,0,0,0,0
3134,67,Mujer,7.1,141,36.6,136,0,1,0.291,182,133,-2.03,36,0,0.09,-1.33,1.65,0.641,0.291,-3.16,-2.03,-2.56,-2.63,-1.6,-2.2,68.101,119.521,91.927,88.543,0,0,0,0
3135,58,Mujer,5.5,160,57.7,426,0,1,-0.602,233,153,-1.36,36,0,1.51,0.4,-0.04,-0.252,-0.602,-2.49,-1.36,-1.89,-1.96,-2.27,-2.87,77.105,135.324,104.081,100.25,0,0,0,0
3136,60,Mujer,5.5,141,47.9,63,0,0,0.252,81,146,-1.62,36,0,1.19,-1.17,0.04,0.252,-0.098,-1.62,-0.5,-1.02,-1.1,-0.64,-1.24,648.876,1138.813,875.891,843.654,0,0,0,0
3137,70,Mujer,9.5,107,36,277,0,1,-0.336,198,89,-1.86,36,0,-0.03,-2,-1.89,0.014,-0.336,-2.98,-1.86,-2.38,-2.46,-2.36,-2.96,283.993,498.422,383.35,369.24,0,0,0,0
3138,59,Hombre,8.7,104,52.3,11,1,0,0.296,15,108,-1.7,36,0,0.02,-0.05,-0.77,0.296,-0.054,-1.7,-0.58,-1.1,-1.18,-0.66,-1.26,130.371,228.808,175.983,169.505,0,0,0,0
3139,70,Mujer,8.1,135,38.5,586,1,1,-0.463,369,126,-3.35,36,0,1.49,0.73,-0.95,-0.113,-0.463,-4.47,-3.35,-3.87,-3.95,-4.04,-4.64,28.467,49.961,38.426,37.012,1,0,0,0
3140,78,Hombre,9.6,168,36.8,390,1,1,0.027,401,162,-3.99,36,0,0.12,1.6,0.86,0.377,0.027,-5.12,-3.99,-4.52,-4.59,-3.95,-4.55,103.937,182.416,140.301,135.137,0,0,0,0
3141,76,Mujer,8.4,128,38.3,313,0,0,0.077,338,127,-4.6,36,0,1.03,-0.63,0.64,0.077,-0.273,-4.6,-3.47,-4,-4.07,-3.88,-4.48,509.343,893.925,687.542,662.236,0,0,0,0
3142,54,Mujer,7.9,130,59.3,33,0,1,0.272,43,115,-1.85,36,0,-0.26,-0.75,-0.31,0.622,0.272,-2.97,-1.85,-2.37,-2.45,-1.44,-2.04,49.408,86.713,66.694,64.239,0,0,0,0
3143,66,Hombre,9.9,128,43.4,350,0,1,-0.073,325,131,-2.07,36,0,-1,1.11,-0.55,0.277,-0.073,-3.2,-2.07,-2.6,-2.67,-2.18,-2.78,178.195,312.742,240.538,231.685,0,0,0,0
3144,66,Mujer,7.3,146,55.6,654,0,1,-0.264,502,144,-2.2,36,0,-0.66,0.41,0.86,0.086,-0.264,-3.32,-2.2,-2.72,-2.8,-2.59,-3.19,480.783,843.801,648.989,625.103,0,0,0,0
3145,52,Hombre,6.5,125,57.2,74,0,1,-0.578,42,112,0.63,36,0,0.79,-0.91,-0.87,-0.228,-0.578,-0.49,0.63,0.11,0.03,-0.24,-0.84,2480.104,4352.719,3347.791,3224.573,0,0,0,0
3146,60,Mujer,7.8,124,66.6,438,0,1,-0.12,389,122,-1.97,36,0,-1.99,-0.31,0.36,0.23,-0.12,-3.1,-1.97,-2.5,-2.57,-2.15,-2.75,1579.722,2772.499,2132.402,2053.918,0,0,0,0
3147,74,Mujer,7.6,129,56.7,135,0,1,0.048,142,131,-1.08,36,0,0.12,0.04,0.21,0.398,0.048,-2.21,-1.08,-1.61,-1.68,-1.01,-1.61,55.203,96.884,74.516,71.773,0,0,0,0
3148,72,Hombre,9.6,119,42.9,279,0,0,0.604,510,113,-4.09,36,0,-1.41,0.03,1.09,0.604,0.254,-4.09,-2.96,-3.49,-3.56,-2.58,-3.18,586.724,1029.733,791.994,762.845,0,0,0,0
3149,66,Mujer,7.2,151,35.7,731,0,1,-0.294,545,138,-0.91,36,0,0.24,0.6,0.11,0.056,-0.294,-2.03,-0.91,-1.43,-1.51,-1.35,-1.95,63.413,111.293,85.598,82.448,0,0,0,0
3150,67,Mujer,8.7,105,38.4,199,0,0,-0.205,162,97,-3.21,36,0,1.32,-0.29,-0.08,-0.205,-0.555,-3.21,-2.08,-2.61,-2.68,-2.92,-3.52,184.475,323.763,249.015,239.85,0,0,0,0
3151,58,Hombre,5.5,146,46.5,196,0,0,-0.359,137,171,-3.49,36,0,-0.83,0.3,0.23,-0.359,-0.709,-3.49,-2.36,-2.89,-2.96,-3.43,-4.03,744.396,1306.456,1004.83,967.847,0,0,0,0
3152,69,Mujer,9.2,129,53.4,103,0,0,-0.004,103,135,-2.17,18.79,1,0.7,-0.23,-0.98,-0.004,-0.354,-2.17,-1.04,-1.57,-1.64,-1.57,-2.17,18.787,32.972,25.36,24.427,1,1,1,1
3153,68,Hombre,8.5,108,39.8,945,1,1,-0.265,725,97,-3.54,36,0,-0.86,-1.53,-0.9,0.085,-0.265,-4.66,-3.54,-4.06,-4.14,-3.93,-4.53,108.719,190.808,146.755,141.354,0,0,0,0
3154,66,Mujer,8.1,140,32.4,593,0,1,-0.199,486,144,-1.97,36,0,0.26,-1.01,-0.25,0.151,-0.199,-3.1,-1.97,-2.5,-2.57,-2.27,-2.87,290.769,510.315,392.497,378.051,0,0,0,0
3155,76,Hombre,5.7,136,46.2,54,0,0,-0.731,26,135,-0.23,36,0,-1.59,-0.38,-1.14,-0.731,-1.081,-0.23,0.9,0.37,0.3,-0.72,-1.32,943.649,1656.156,1273.793,1226.91,0,0,0,0
3156,59,Hombre,10.6,141,47.4,1327,0,0,-0.274,1009,147,-4.08,36,0,0.07,-0.77,0.46,-0.274,-0.624,-4.08,-2.95,-3.48,-3.55,-3.89,-4.49,765.247,1343.051,1032.976,994.956,0,0,0,0
3157,55,Hombre,10.2,141,42.9,63,0,0,0.946,162,131,-2.37,36,0,-1.66,-0.5,-1.7,0.946,0.596,-2.37,-1.24,-1.77,-1.84,-0.35,-0.95,83.299,146.194,112.442,108.303,0,0,0,0
3158,65,Mujer,9.6,137,55.2,85,0,1,-0.066,80,129,-3.98,36,0,0.5,0.26,0.17,0.284,-0.066,-5.1,-3.98,-4.5,-4.58,-4.08,-4.68,864.429,1517.121,1166.858,1123.911,0,0,0,0
3159,58,Hombre,7.6,155,42.4,166,0,0,0.151,193,145,-2.72,36,0,1.86,-1.74,0.82,0.151,-0.199,-2.72,-1.6,-2.12,-2.2,-1.9,-2.5,90.305,158.49,121.899,117.413,0,0,0,0
3160,52,Mujer,7.5,136,56.4,54,0,0,-0.059,51,137,-0.84,36,0,-1.83,-0.25,0.39,-0.059,-0.409,-0.84,0.28,-0.24,-0.32,-0.33,-0.93,518.602,910.174,700.039,674.274,0,0,0,0
3161,47,Mujer,6.6,120,65.7,17,0,1,-0.8,8,116,1.2,36,0,-1.22,-1.56,1.14,-0.45,-0.8,0.08,1.2,0.68,0.6,0,-0.6,5438.412,9544.71,7341.088,7070.895,0,0,0,0
3162,62,Mujer,8.8,145,59.6,53,0,0,-0.086,49,127,-3.06,36,0,-1.38,0.06,0.59,-0.086,-0.436,-3.06,-1.94,-2.46,-2.54,-2.59,-3.19,818.295,1436.153,1104.583,1063.928,0,0,0,0
3163,77,Mujer,9.6,154,45.8,25,0,0,-0.014,25,153,-2.44,36,0,0.98,0.19,-0.06,-0.014,-0.364,-2.44,-1.32,-1.84,-1.92,-1.86,-2.46,381.437,669.443,514.886,495.936,0,0,0,0
3164,70,Hombre,7.7,139,50.2,97,0,0,-0.19,80,138,-0.3,36,0,2.09,-1.58,-1.27,-0.19,-0.54,-0.3,0.82,0.3,0.22,0.01,-0.59,681.506,1196.08,919.937,886.078,0,0,0,0
3165,71,Mujer,10.6,139,35,188,0,1,0.278,248,140,-3.43,1.88,1,-0.2,2.1,-0.22,0.628,0.278,-4.55,-3.43,-3.95,-4.03,-3.01,-3.61,1.07,1.878,1.444,1.391,1,1,1,1
3166,70,Mujer,6.1,143,56,74,0,0,-0.376,51,138,-2.14,36,0,-0.24,-0.18,0.38,-0.376,-0.726,-2.14,-1.01,-1.54,-1.61,-2.1,-2.7,4113.811,7219.964,5553.064,5348.681,0,0,0,0
3167,51,Hombre,10,147,45.7,110,0,0,-0.495,67,147,-0.88,36,0,-1.22,-0.67,-1.12,-0.495,-0.845,-0.88,0.25,-0.28,-0.35,-1.02,-1.62,47.615,83.567,64.273,61.908,0,0,0,0
3168,51,Hombre,9.3,145,43,309,0,1,0.092,339,161,-2.36,36,0,-0.71,-0.69,0.07,0.442,0.092,-3.49,-2.36,-2.89,-2.96,-2.22,-2.82,546.246,958.692,737.355,710.216,0,0,0,0
3169,69,Hombre,5.5,113,45.7,88,0,0,-0.597,48,108,-1.89,36,0,0.62,0.85,2,-0.597,-0.947,-1.89,-0.77,-1.29,-1.37,-2.19,-2.79,1999.97,3510.057,2699.677,2600.314,0,0,0,0
3170,61,Hombre,5.5,131,32.7,76,0,0,0.285,101,125,-1.8,36,0,-1.48,-1,1.25,0.285,-0.065,-1.8,-0.67,-1.2,-1.27,-0.77,-1.37,2701.251,4740.842,3646.307,3512.102,0,0,0,0
3171,52,Hombre,6.2,127,56.2,144,0,1,-0.51,86,120,-1.4,36,0,1.33,0.34,-0.91,-0.16,-0.51,-2.53,-1.4,-1.93,-2,-2.17,-2.77,675.997,1186.411,912.5,878.915,0,0,0,0
3172,55,Hombre,10.8,128,52.9,238,1,1,-0.608,130,119,-1.72,36,0,0.25,0.9,-0.37,-0.258,-0.608,-2.85,-1.72,-2.25,-2.32,-2.64,-3.24,107.03,187.843,144.475,139.158,0,0,0,0
3173,58,Hombre,6.5,135,58.3,201,0,1,0.154,234,121,-1.18,36,0,-1.06,0.38,-0.11,0.504,0.154,-2.3,-1.18,-1.7,-1.78,-0.95,-1.55,283.086,496.831,382.126,368.062,0,0,0,0
3174,80,Hombre,9,142,30.2,697,0,0,0.31,950,145,-2.55,24.93,1,1.56,-0.97,-0.6,0.31,-0.04,-2.55,-1.42,-1.95,-2.02,-1.48,-2.08,24.928,43.75,33.649,32.411,1,0,1,1
3175,52,Hombre,7,129,56.8,201,0,1,-1.163,63,121,1.99,36,0,1.25,0.05,1.56,-0.813,-1.163,0.86,1.99,1.46,1.39,0.24,-0.36,1687.139,2961.02,2277.399,2193.578,0,0,0,0
3176,67,Hombre,6.6,136,47.3,130,1,0,0.287,173,138,-2.97,36,0,1.32,-0.26,-0.62,0.287,-0.063,-2.97,-1.85,-2.37,-2.45,-1.94,-2.54,422.697,741.857,570.582,549.581,0,0,0,0
3177,62,Mujer,6,134,51,37,0,0,-0.312,27,136,-1.6,36,0,0.87,-0.08,-1.81,-0.312,-0.662,-1.6,-0.47,-1,-1.07,-1.46,-2.06,1644.982,2887.034,2220.494,2138.768,0,0,0,0
3178,82,Mujer,6.9,136,43.2,75,0,1,0.379,110,141,-3.6,36,0,1.52,-1.47,1.28,0.729,0.379,-4.73,-3.6,-4.13,-4.2,-3.04,-3.64,617.586,1083.897,833.654,802.971,0,0,0,0
3179,51,Mujer,8.5,133,44.8,265,0,1,-0.531,156,125,-0.58,36,0,-0.33,0.55,-0.74,-0.181,-0.531,-1.7,-0.58,-1.1,-1.18,-1.37,-1.97,2614.795,4589.107,3529.604,3399.694,0,0,0,0
3180,52,Mujer,6.7,147,45.5,57,0,0,0.043,60,137,-2.72,36,0,-1.01,1.32,0.92,0.043,-0.307,-2.72,-1.6,-2.12,-2.2,-2.06,-2.66,2519.094,4421.148,3400.421,3275.267,0,0,0,0
3181,57,Mujer,7.1,137,43.2,115,0,0,-0.242,90,133,-2.32,36,0,0.13,-1.14,0.98,-0.242,-0.592,-2.32,-1.19,-1.72,-1.79,-2.08,-2.68,632.221,1109.582,853.409,821.999,0,0,0,0
3182,45,Hombre,8.3,116,44.7,49,0,1,-0.238,39,109,-0.53,36,0,-0.25,-0.68,-1.5,0.112,-0.238,-1.65,-0.53,-1.05,-1.13,-0.88,-1.48,700.906,1230.128,946.124,911.301,0,0,0,0
3183,60,Hombre,8.2,102,40.3,825,0,1,-0.349,582,101,-2.39,36,0,-0.93,0.09,-0.88,0.001,-0.349,-3.51,-2.39,-2.91,-2.99,-2.91,-3.51,383.592,673.225,517.795,498.738,0,0,0,0
3184,52,Mujer,6.8,120,53.1,123,1,1,0.157,144,115,-0.55,36,0,0.27,-0.61,-1.61,0.507,0.157,-1.67,-0.55,-1.07,-1.15,-0.31,-0.91,434.424,762.437,586.411,564.827,0,0,0,0
3185,56,Mujer,8.1,168,55.2,127,0,1,-0.048,121,149,-1.45,36,0,-1.34,0.69,-0.49,0.302,-0.048,-2.57,-1.45,-1.97,-2.05,-1.52,-2.12,1314.75,2307.458,1774.727,1709.407,0,0,0,0
3186,78,Mujer,7.4,173,36.1,3208,1,0,0.389,4732,184,-5.65,30.05,1,1.76,0.02,0.34,0.389,0.039,-5.65,-4.52,-5.05,-5.12,-4.46,-5.06,30.05,52.739,40.563,39.07,1,0,0,0
3187,65,Hombre,8.3,109,45.2,22,1,0,0.082,24,114,-1.44,36,0,-2.2,-0.44,-0.08,0.082,-0.268,-1.44,-0.32,-0.84,-0.92,-0.72,-1.32,1546.271,2713.79,2087.247,2010.425,0,0,0,0
3188,75,Hombre,8,148,57.6,447,0,1,-0.01,442,140,-4.09,36,0,-0.39,-0.03,-0.98,0.34,-0.01,-5.22,-4.09,-4.62,-4.69,-4.11,-4.71,2113.89,3709.992,2853.453,2748.43,0,0,0,0
3189,63,Mujer,7.3,156,37.5,170,0,0,0.637,322,168,-2.99,36,0,0.27,0.15,-2,0.637,0.287,-2.99,-1.87,-2.39,-2.47,-1.43,-2.03,66.8,117.237,90.17,86.851,0,0,0,0
3190,56,Hombre,6.8,124,44.2,117,0,1,0.644,223,115,-2.22,36,0,-1.02,-0.93,-1.63,0.994,0.644,-3.34,-2.22,-2.74,-2.82,-1.25,-1.85,194.264,340.943,262.228,252.577,0,0,0,0
3191,65,Mujer,7.3,155,34.3,96,0,1,0.298,129,157,-4.13,36,0,-1.09,-0.38,-0.76,0.648,0.298,-5.25,-4.13,-4.65,-4.73,-3.68,-4.28,198.567,348.496,268.038,258.172,0,0,0,0
3192,61,Mujer,6.4,150,39.8,143,0,1,-0.171,120,151,-1.72,11.6,1,-0.49,0.29,-1.28,0.179,-0.171,-2.84,-1.72,-2.24,-2.32,-1.97,-2.57,6.61,11.601,8.923,8.594,1,1,1,1
3193,71,Hombre,9.2,144,41.1,98,1,1,0.3,132,138,-2.6,36,0,-1.78,0.52,0.5,0.65,0.3,-3.73,-2.6,-3.13,-3.2,-2.15,-2.75,26.84,47.105,36.23,34.896,1,0,0,1
3194,56,Mujer,7.3,134,55.8,79,0,1,-0.469,49,131,-0.05,36,0,-1.18,1.28,0.52,-0.119,-0.469,-1.18,-0.05,-0.58,-0.65,-0.76,-1.36,1112.153,1951.889,1501.25,1445.995,0,0,0,0
3195,67,Hombre,5.5,134,52.8,39,1,0,0.478,63,131,-2.02,36,0,-1.64,1.56,-0.17,0.478,0.128,-2.02,-0.89,-1.42,-1.49,-0.7,-1.3,602.911,1058.142,813.845,783.891,0,0,0,0
3196,55,Hombre,7,176,52.2,1112,1,1,-0.307,818,166,-2.57,36,0,1.64,0.88,-2.24,0.043,-0.307,-3.69,-2.57,-3.09,-3.17,-3.03,-3.63,91.037,159.775,122.887,118.364,0,0,0,0
3197,69,Mujer,7.2,151,43.7,257,0,0,-0.399,173,164,0.14,36,0,-0.99,0.09,1.52,-0.399,-0.749,0.14,1.26,0.74,0.66,0.14,-0.46,137.131,240.673,185.108,178.295,0,0,0,0
3198,61,Hombre,9.1,130,48.7,808,1,1,0.104,897,120,-1.56,36,0,0.96,-0.54,-0.27,0.454,0.104,-2.68,-1.56,-2.08,-2.16,-1.4,-2,210.987,370.293,284.802,274.32,0,0,0,0
3199,75,Mujer,8.1,119,53.5,23,1,0,0.841,53,131,-3.77,36,0,0.54,-1.13,1.98,0.841,0.491,-3.77,-2.65,-3.17,-3.25,-1.91,-2.51,843.002,1479.514,1137.933,1096.051,0,0,0,0
3200,63,Hombre,7.5,153,47.4,53,0,0,0.707,108,150,-3.76,36,0,-1.89,-0.26,-1.09,0.707,0.357,-3.76,-2.63,-3.16,-3.23,-2.09,-2.69,206.613,362.617,278.898,268.633,0,0,0,0
3201,69,Hombre,5.5,123,52.2,19,0,0,-0.953,7,125,1.53,36,0,0.64,1.53,-0.21,-0.953,-1.303,1.53,2.65,2.13,2.05,0.7,0.1,8845.679,15524.65,11940.418,11500.944,0,0,0,0
3202,77,Hombre,9.3,132,34.8,141,0,0,-0.04,135,139,-3.1,36,0,-1.59,-1.52,1.11,-0.04,-0.39,-3.1,-1.98,-2.5,-2.58,-2.56,-3.16,628.593,1103.214,848.511,817.281,0,0,0,0
3203,71,Mujer,8.9,147,35,336,0,1,-0.205,274,139,-0.56,36,0,-0.21,1.04,-1.28,0.145,-0.205,-1.68,-0.56,-1.08,-1.16,-0.87,-1.47,229.264,402.371,309.474,298.084,0,0,0,0
3204,66,Hombre,7.1,132,49.2,51,0,1,-0.232,40,139,-0.14,36,0,-0.26,-1.96,-0.43,0.118,-0.232,-1.26,-0.14,-0.66,-0.74,-0.49,-1.09,943.967,1656.714,1274.223,1227.324,0,0,0,0
3205,52,Mujer,6,129,42.9,85,0,1,-1.015,31,123,1.9,36,0,-1.59,-1.63,-1.65,-0.665,-1.015,0.77,1.9,1.37,1.3,0.37,-0.23,5812.221,10200.766,7845.678,7556.914,0,0,0,0
3206,68,Mujer,8.6,120,50,65,0,0,0.511,108,116,-3.14,36,0,-0.42,-0.91,0.21,0.511,0.161,-3.14,-2.01,-2.54,-2.61,-1.77,-2.37,180.485,316.761,243.629,234.662,0,0,0,0
3207,50,Mujer,9.5,139,56.3,294,0,1,-0.596,162,134,-0.88,36,0,-0.38,-0.62,-0.33,-0.246,-0.596,-2.01,-0.88,-1.41,-1.48,-1.78,-2.38,1061.828,1863.566,1433.318,1380.564,0,0,0,0
3208,74,Mujer,7.1,142,50.1,396,1,1,-0.188,328,139,-1.63,36,0,-0.72,-0.22,-2.4,0.162,-0.188,-2.76,-1.63,-2.16,-2.23,-1.91,-2.51,22.567,39.606,30.462,29.341,1,0,1,1
3209,58,Hombre,8.8,123,40.4,280,0,0,-0.035,270,125,-1.03,36,0,-0.87,1.31,1.78,-0.035,-0.385,-1.03,0.09,-0.43,-0.51,-0.48,-1.08,231.014,405.442,311.837,300.359,0,0,0,0
3210,67,Hombre,7.9,143,34.4,195,1,0,0.077,211,145,-4.74,36,0,-0.6,-0.35,0.5,0.077,-0.273,-4.74,-3.62,-4.14,-4.22,-4.03,-4.63,1636.933,2872.906,2209.628,2128.301,0,0,0,0
3211,55,Hombre,9.4,125,46.8,390,0,0,-0.363,271,127,-0.96,36,0,-1.79,0.32,1.41,-0.363,-0.713,-0.96,0.16,-0.36,-0.44,-0.91,-1.51,168.237,295.264,227.096,218.737,0,0,0,0
3212,65,Hombre,8.2,135,57,69,0,1,-0.253,54,124,-0.63,36,0,-0.36,1.96,-0.39,0.097,-0.253,-1.75,-0.63,-1.15,-1.23,-1.01,-1.61,1718.954,3016.858,2320.345,2234.944,0,0,0,0
3213,64,Hombre,7.2,140,60.5,30,0,1,-0.127,26,130,1.06,36,0,0.88,-0.23,0.16,0.223,-0.127,-0.07,1.06,0.53,0.46,0.87,0.27,418.38,734.28,564.754,543.968,0,0,0,0
3214,63,Mujer,7.6,143,55.8,13,0,0,-0.1,12,130,-0.56,36,0,-2.48,-1.3,1.01,-0.1,-0.45,-0.56,0.56,0.04,-0.04,-0.11,-0.71,862.744,1514.164,1164.583,1121.72,0,0,0,0
3215,59,Mujer,7.4,107,41.7,92,0,0,-0.172,77,110,-1.9,36,0,-0.27,-0.32,0.51,-0.172,-0.522,-1.9,-0.77,-1.3,-1.37,-1.56,-2.16,341.093,598.636,460.427,443.481,0,0,0,0
3216,50,Hombre,10.1,142,43.5,281,0,0,-0.207,228,138,-4.22,36,0,0.14,0.15,0.13,-0.207,-0.557,-4.22,-3.09,-3.62,-3.69,-3.93,-4.53,1108.558,1945.58,1496.397,1441.321,0,0,0,0
3217,90,Mujer,6.9,141,46.8,71,1,0,0.917,178,122,-3.61,36,0,0.32,2.09,-0.04,0.917,0.567,-3.61,-2.49,-3.01,-3.09,-1.64,-2.24,97.48,171.083,131.585,126.742,0,0,0,0
3218,53,Hombre,8.8,95,45.1,39,0,0,0.757,83,89,-1.7,36,0,-0.54,-0.12,-0.7,0.757,0.407,-1.7,-0.57,-1.1,-1.17,0.04,-0.56,234.602,411.74,316.68,305.025,0,0,0,0
3219,70,Mujer,7.9,115,41.9,66,0,0,0.186,79,99,-2.93,36,0,0.08,0.09,1.09,0.186,-0.164,-2.93,-1.8,-2.33,-2.4,-2.05,-2.65,998.63,1752.651,1348.01,1298.396,0,0,0,0
3220,55,Mujer,8.2,126,50.3,220,0,1,-0.213,178,117,-1.95,36,0,-0,0.93,0.35,0.137,-0.213,-3.08,-1.95,-2.48,-2.55,-2.27,-2.87,897.25,1574.723,1211.161,1166.583,0,0,0,0
3221,51,Hombre,7.1,132,68.6,62,1,1,-0.011,61,134,-0.25,36,0,0.96,0.88,1.25,0.339,-0.011,-1.37,-0.25,-0.77,-0.85,-0.26,-0.86,1268.844,2226.89,1712.76,1649.721,0,0,0,0
3222,79,Hombre,7,145,32.8,35,1,0,0.563,61,156,-1.42,36,0,-0.76,0.93,-0.27,0.563,0.213,-1.42,-0.3,-0.82,-0.9,0.02,-0.58,342.686,601.432,462.577,445.552,0,0,0,0
3223,59,Mujer,8.8,119,49.3,50,0,0,0.469,80,126,-2.38,36,0,-1.02,-0.01,-2.21,0.469,0.119,-2.38,-1.26,-1.78,-1.86,-1.08,-1.68,1421.501,2494.811,1918.825,1848.202,0,0,0,0
3224,62,Hombre,6.6,136,60.3,34,0,1,0.017,35,139,1.93,36,0,-0.23,-0.5,2.53,0.367,0.017,0.8,1.93,1.4,1.33,1.95,1.35,1462.544,2566.845,1974.228,1901.565,0,0,0,0
3225,83,Mujer,8.5,160,44.3,100,1,1,-0.617,54,158,-1.15,36,0,1.76,0.55,1.36,-0.267,-0.617,-2.27,-1.15,-1.67,-1.75,-2.07,-2.67,101.239,177.68,136.658,131.629,0,0,0,0
3226,71,Mujer,8.4,129,24.5,462,0,1,0.096,508,128,-4.32,36,0,-0.99,0.43,1.03,0.446,0.096,-5.45,-4.32,-4.85,-4.92,-4.18,-4.78,620.918,1089.746,838.152,807.304,0,0,0,0
3227,67,Hombre,7.7,167,36.8,77,0,0,0.05,81,161,-4.14,36,0,0.53,-0.42,1.13,0.05,-0.3,-4.14,-3.01,-3.54,-3.61,-3.46,-4.06,284.67,499.612,384.265,370.122,0,0,0,0
3228,59,Hombre,7.4,149,54,51,1,1,0.014,52,148,0.07,36,0,-1.02,0.61,0.52,0.364,0.014,-1.06,0.07,-0.46,-0.53,0.09,-0.51,1032.435,1811.98,1393.642,1342.348,0,0,0,0
3229,61,Hombre,6.5,118,32.3,51,0,0,0.279,67,118,-3.59,36,0,-1.35,1.54,-2.08,0.279,-0.071,-3.59,-2.46,-2.99,-3.06,-2.57,-3.17,2651.987,4654.383,3579.809,3448.052,0,0,0,0
3230,61,Hombre,8.4,144,38.3,85,1,1,0.109,95,128,-2.78,36,0,-0.39,1.04,-0.23,0.459,0.109,-3.9,-2.78,-3.3,-3.38,-2.61,-3.21,699.249,1227.22,943.887,909.147,0,0,0,0
3231,60,Mujer,7.1,154,28.5,62,0,0,-0.624,33,152,-3.18,36,0,-1.45,-0.92,0.24,-0.624,-0.974,-3.18,-2.05,-2.58,-2.65,-3.51,-4.11,1506.119,2643.321,2033.048,1958.22,0,0,0,0
3232,78,Hombre,9,131,34.3,53,1,0,0.054,56,125,-1.41,1.25,1,0.16,-0.41,2.01,0.054,-0.296,-1.41,-0.29,-0.81,-0.89,-0.73,-1.33,1.245,2.186,1.681,1.619,1,1,1,1
3233,64,Hombre,7.9,138,57.8,197,0,1,-0.604,108,127,1.2,36,0,0.59,-0.51,1.54,-0.254,-0.604,0.07,1.2,0.67,0.6,0.29,-0.31,83.114,145.87,112.192,108.063,0,0,0,0
3234,56,Mujer,5.8,137,35,349,1,1,-0.019,342,137,-2.88,36,0,0.33,-0.27,-1.11,0.331,-0.019,-4.01,-2.88,-3.41,-3.48,-2.91,-3.51,153.696,269.744,207.467,199.831,0,0,0,0
3235,73,Hombre,9.5,126,42.9,39,0,0,0.441,61,132,-2.08,36,0,-0.91,-1.12,1.07,0.441,0.091,-2.08,-0.96,-1.48,-1.56,-0.82,-1.42,1253.811,2200.507,1692.468,1630.176,0,0,0,0
3236,65,Hombre,8.2,141,33.2,343,1,0,-0.328,247,136,-2.41,36,0,3.97,1.39,1.44,-0.328,-0.678,-2.41,-1.28,-1.81,-1.88,-2.3,-2.9,806.926,1416.198,1089.236,1049.146,0,0,0,0
3237,46,Hombre,6.8,140,53.2,175,0,1,0.266,228,123,-1.55,36,0,0.43,-1.09,-0.35,0.616,0.266,-2.68,-1.55,-2.08,-2.15,-1.15,-1.75,526.277,923.644,710.399,684.253,0,0,0,0
3238,55,Mujer,7.2,149,57.8,688,0,1,-0.77,319,139,-0.6,36,0,0.89,-0.25,-0.37,-0.42,-0.77,-1.72,-0.6,-1.12,-1.2,-1.75,-2.35,1504.203,2639.958,2030.461,1955.729,0,0,0,0
3239,58,Mujer,6.4,157,44.3,188,0,0,0.551,326,155,-1.73,36,0,0.4,0.4,-0.43,0.551,0.201,-1.73,-0.6,-1.13,-1.2,-0.3,-0.9,73.66,129.277,99.43,95.771,0,0,0,0
3240,68,Hombre,5.7,122,50.6,50,1,0,-0.761,23,115,0.84,36,0,-0.57,-0.28,-0.68,-0.761,-1.111,0.84,1.97,1.44,1.37,0.3,-0.3,2221.75,3899.292,2999.048,2888.666,0,0,0,0
3241,56,Hombre,7.7,118,52.6,57,0,0,0.388,84,120,-1.67,36,0,0.34,0.98,-1.18,0.388,0.038,-1.67,-0.54,-1.07,-1.14,-0.48,-1.08,1063.706,1866.863,1435.853,1383.006,0,0,0,0
3242,64,Hombre,9.1,131,54.7,148,1,1,-0.308,109,144,-2.22,36,0,-0.5,-1.26,0.53,0.042,-0.308,-3.34,-2.22,-2.74,-2.82,-2.68,-3.28,425.602,746.955,574.503,553.358,0,0,0,0
3243,54,Hombre,7.8,151,60.6,154,0,1,-1.307,42,143,1.78,36,0,0.21,1.18,-0.53,-0.957,-1.307,0.66,1.78,1.26,1.18,-0.18,-0.78,6776.5,11893.128,9147.318,8810.646,0,0,0,0
3244,75,Hombre,6.4,137,43.2,30,0,0,1.014,83,144,-5.9,36,0,1.24,-1.42,1.01,1.014,0.664,-5.9,-4.77,-5.3,-5.37,-3.78,-4.38,361.445,634.356,487.9,469.942,0,0,0,0
3245,63,Hombre,9.6,144,29.1,26,0,0,-0.15,22,144,-2.62,33.25,1,0.11,0.6,0.19,-0.15,-0.5,-2.62,-1.5,-2.02,-2.1,-2.25,-2.85,33.252,58.36,44.886,43.234,1,0,0,0
3246,63,Mujer,8.6,130,57.9,294,1,1,0.353,419,126,-3.81,36,0,0.61,-0.25,0.14,0.703,0.353,-4.94,-3.81,-4.34,-4.41,-3.28,-3.88,73.552,129.089,99.285,95.631,0,0,0,0
3247,54,Mujer,9.6,111,64.3,31,0,0,0.459,49,104,-1.54,36,0,0.25,1,0.73,0.459,0.109,-1.54,-0.42,-0.94,-1.02,-0.25,-0.85,156.593,274.83,211.379,203.599,0,0,0,0
3248,61,Hombre,8.2,159,43.1,62,0,1,0.421,94,151,-2.33,36,0,-0.05,0.02,-1.39,0.771,0.421,-3.45,-2.33,-2.85,-2.93,-1.7,-2.3,393.24,690.158,530.819,511.282,0,0,0,0
3249,72,Hombre,6.3,159,47.1,224,0,0,0.024,230,164,-1.68,36,0,0.07,0.58,0.75,0.024,-0.326,-1.68,-0.56,-1.08,-1.16,-1.05,-1.65,729.617,1280.518,984.88,948.631,0,0,0,0
3250,56,Hombre,7.9,116,65,83,0,0,-0.042,80,124,-1.57,36,0,0.18,0.08,0.15,-0.042,-0.392,-1.57,-0.44,-0.97,-1.04,-1.03,-1.63,344.973,605.446,465.664,448.525,0,0,0,0
3251,59,Hombre,7.3,147,56.9,235,0,1,-0.543,137,163,-1.6,36,0,0.25,0.14,1.31,-0.193,-0.543,-2.72,-1.6,-2.12,-2.2,-2.41,-3.01,67.282,118.083,90.821,87.478,0,0,0,0
3252,61,Hombre,9.2,122,39.6,87,0,0,0.522,147,124,-3.7,36,0,-0.04,1.54,1.14,0.522,0.172,-3.7,-2.57,-3.1,-3.17,-2.32,-2.92,854.813,1500.243,1153.876,1111.407,0,0,0,0
3253,43,Hombre,9.5,140,50.2,134,0,1,0.446,209,142,-2.39,36,0,-1.79,1.25,0.92,0.796,0.446,-3.52,-2.39,-2.92,-2.99,-1.73,-2.33,1176.901,2065.525,1588.65,1530.179,0,0,0,0
3254,64,Hombre,5.8,135,50.1,134,1,0,-0.115,119,138,-1.38,3.22,1,-0.19,-1.82,0.39,-0.115,-0.465,-1.38,-0.25,-0.78,-0.85,-0.95,-1.55,3.223,5.657,4.351,4.19,1,1,1,1
3255,42,Mujer,7.1,122,50,140,0,0,0.551,243,134,-1.68,36,0,-0.55,-1.6,-0.34,0.551,0.201,-1.68,-0.55,-1.08,-1.15,-0.25,-0.85,309.442,543.087,417.703,402.329,0,0,0,0
3256,80,Hombre,7,137,39.1,57,1,0,-0.171,48,147,-3.99,36,0,-1.7,0.83,0.02,-0.171,-0.521,-3.99,-2.86,-3.39,-3.46,-3.64,-4.24,236.235,414.605,318.883,307.147,0,0,0,0
3257,63,Hombre,7.4,144,45.8,214,1,0,0.395,318,139,-2.48,36,0,1.1,0.01,2.35,0.395,0.045,-2.48,-1.35,-1.88,-1.95,-1.28,-1.88,173.127,303.847,233.697,225.095,0,0,0,0
3258,59,Hombre,8.5,121,46,151,0,0,-0.379,103,112,-2.41,36,0,-0.36,-1.29,0.46,-0.379,-0.729,-2.41,-1.28,-1.81,-1.88,-2.38,-2.98,333.541,585.383,450.234,433.663,0,0,0,0
3259,62,Hombre,6.4,101,53.7,23,1,0,0.939,59,95,-3.41,36,0,2.36,-0.04,0.17,0.939,0.589,-3.41,-2.29,-2.81,-2.89,-1.4,-2,3624.047,6360.4,4891.951,4711.9,0,0,0,0
3260,71,Mujer,9,125,34,264,0,1,-0.136,230,114,-2.17,36,0,0.58,1.67,-1.36,0.214,-0.136,-3.3,-2.17,-2.7,-2.77,-2.38,-2.98,70.856,124.355,95.645,92.125,0,0,0,0
3261,62,Hombre,6.4,124,46.8,84,0,0,-0.193,69,110,-0.76,36,0,-0.63,-1.06,-0.08,-0.193,-0.543,-0.76,0.37,-0.16,-0.23,-0.45,-1.05,137.881,241.989,186.12,179.27,0,0,0,0
3262,66,Mujer,6,136,42.3,706,0,1,-0.331,507,138,-2.22,36,0,0.83,0.51,0.58,0.019,-0.331,-3.35,-2.22,-2.75,-2.82,-2.72,-3.32,619.464,1087.194,836.19,805.413,0,0,0,0
3263,69,Hombre,9.1,155,46.2,382,0,0,-0.816,169,153,-2.42,36,0,0.24,-1.47,0.99,-0.816,-1.166,-2.42,-1.3,-1.82,-1.9,-3.05,-3.65,143.681,252.167,193.948,186.81,0,0,0,0
3264,58,Mujer,7.3,147,57.7,38,0,0,-0.122,34,133,-1.15,3.02,1,-0.88,-0.07,-0.72,-0.122,-0.472,-1.15,-0.03,-0.55,-0.63,-0.74,-1.34,3.025,5.309,4.083,3.933,1,1,1,1
3265,58,Mujer,7.9,140,51.4,105,1,1,0.599,191,136,-0.93,14.78,1,-0.06,0.11,0.59,0.949,0.599,-2.06,-0.93,-1.46,-1.53,-0.04,-0.64,8.422,14.78,11.368,10.95,1,1,1,1
3266,69,Mujer,7.9,156,57.3,50,1,0,-0.088,46,149,-2.22,36,0,0.95,1.12,-0.57,-0.088,-0.438,-2.22,-1.1,-1.62,-1.7,-1.76,-2.36,330.25,579.606,445.79,429.383,0,0,0,0
3267,66,Hombre,7.6,154,50.6,94,0,0,0.375,137,155,-1.83,36,0,0.55,0.73,-0.43,0.375,0.025,-1.83,-0.7,-1.23,-1.3,-0.66,-1.26,71.004,124.616,95.846,92.318,0,0,0,0
3268,67,Mujer,7.1,153,43.3,157,1,1,-0.344,111,148,-3.1,36,0,2.71,1.05,-0.92,0.006,-0.344,-4.23,-3.1,-3.63,-3.7,-3.62,-4.22,520.968,914.327,703.233,677.35,0,0,0,0
3269,82,Mujer,8.2,117,59.4,37,0,0,0.119,42,127,-2.43,27.34,1,1.34,-1.05,-0.61,0.119,-0.231,-2.43,-1.31,-1.83,-1.91,-1.65,-2.25,27.337,47.978,36.901,35.543,1,0,0,1
3270,68,Mujer,8,132,40.9,18,0,0,1.095,54,135,-3.68,36,0,-0.35,1.77,2.51,1.095,0.745,-3.68,-2.55,-3.08,-3.15,-1.44,-2.04,148.997,261.498,201.125,193.722,0,0,0,0
3271,47,Mujer,5.7,114,36.3,11,0,0,-0.034,11,118,1.62,36,0,0.36,-1.49,1.19,-0.034,-0.384,1.62,2.74,2.22,2.14,2.17,1.57,5625.152,9872.449,7593.16,7313.69,0,0,0,0
3272,78,Mujer,7.6,143,40.1,149,1,0,-0.272,113,142,-3.25,36,0,1.91,0.4,-0.73,-0.272,-0.622,-3.25,-2.13,-2.65,-2.73,-3.06,-3.66,202.298,355.043,273.073,263.023,0,0,0,0
3273,41,Mujer,7.5,140,44.2,111,0,0,0.011,112,146,-1.8,36,0,-1.28,1.08,1.07,0.011,-0.339,-1.8,-0.68,-1.2,-1.28,-1.18,-1.78,82.503,144.798,111.368,107.269,0,0,0,0
3274,65,Mujer,9.3,138,45.4,124,1,1,-0.537,72,124,-1.72,36,0,-0.5,-2.29,3,-0.187,-0.537,-2.84,-1.72,-2.24,-2.32,-2.52,-3.12,914.537,1605.062,1234.495,1189.059,0,0,0,0
3275,67,Hombre,8.6,136,45,121,0,1,-0.128,106,127,-2.17,36,0,1.24,1.43,1.36,0.222,-0.128,-3.3,-2.17,-2.7,-2.77,-2.36,-2.96,230.126,403.884,310.638,299.204,0,0,0,0
3276,61,Hombre,5.5,129,68.2,46,0,1,-0.234,36,120,0.29,36,0,-0.49,-0.59,-1.36,0.116,-0.234,-0.84,0.29,-0.24,-0.31,-0.06,-0.66,4468.523,7842.502,6031.875,5809.869,0,0,0,0
3277,54,Hombre,7.3,119,64.2,27,0,0,-0.611,15,105,2.35,36,0,-0.54,-0.28,-0.49,-0.611,-0.961,2.35,3.47,2.95,2.87,2.03,1.43,81.019,142.194,109.365,105.34,0,0,0,0
3278,63,Hombre,7.8,117,68.5,41,0,1,-0.45,26,110,-0.06,36,0,-0.7,-0.15,2.56,-0.1,-0.45,-1.19,-0.06,-0.59,-0.66,-0.74,-1.34,4745.759,8329.066,6406.104,6170.324,0,0,0,0
3279,64,Mujer,7,138,44.5,189,0,0,0.835,436,127,-2.64,36,0,-0.59,1.12,-0.83,0.835,0.485,-2.64,-1.52,-2.04,-2.12,-0.79,-1.39,585.028,1026.756,789.705,760.639,0,0,0,0
3280,61,Hombre,8.2,149,48.4,10,0,1,0.46,16,146,-2.03,36,0,-1.14,-0.02,0.03,0.81,0.46,-3.16,-2.03,-2.56,-2.63,-1.34,-1.94,1482.758,2602.321,2001.514,1927.847,0,0,0,0
3281,60,Mujer,10.1,95,46.9,95,0,0,-0.219,76,96,-1.98,36,0,-1.06,0.68,0.82,-0.219,-0.569,-1.98,-0.86,-1.38,-1.46,-1.71,-2.31,221.884,389.419,299.512,288.489,0,0,0,0
3282,63,Mujer,5.6,120,44.7,15,0,1,-0.073,14,113,2.59,36,0,0.18,0.25,-0.19,0.277,-0.073,1.47,2.59,2.07,1.99,2.48,1.88,186.11,326.632,251.222,241.975,0,0,0,0
3283,48,Hombre,6.5,137,44.1,108,0,1,-0.654,56,130,1.35,36,0,-1.37,-0.86,-0.6,-0.304,-0.654,0.23,1.35,0.83,0.75,0.37,-0.23,194.536,341.422,262.596,252.931,0,0,0,0
3284,78,Mujer,9.1,146,43.4,708,0,0,-0.054,671,151,-4.81,36,0,-0.6,-0.43,0.56,-0.054,-0.404,-4.81,-3.68,-4.21,-4.28,-4.29,-4.89,279.761,490.996,377.638,363.739,0,0,0,0
3285,72,Mujer,6.7,131,54,231,1,0,-0.611,125,139,-1.15,36,0,-0.07,1.41,0.33,-0.611,-0.961,-1.15,-0.02,-0.55,-0.62,-1.47,-2.07,2950.78,5178.78,3983.136,3836.535,0,0,0,0
3286,59,Hombre,7.4,116,47.9,38,0,0,1.448,162,120,-3.37,36,0,0.63,-0.66,-0.51,1.448,1.098,-3.37,-2.24,-2.77,-2.84,-0.59,-1.19,167.542,294.046,226.159,217.835,0,0,0,0
3287,58,Mujer,8.1,141,39.4,305,0,0,-0.334,218,130,-3.06,36,0,-1.57,-0.84,0.05,-0.334,-0.684,-3.06,-1.94,-2.46,-2.54,-2.96,-3.56,827.201,1451.783,1116.605,1075.507,0,0,0,0
3288,63,Mujer,7.6,145,68.6,75,0,0,0.582,134,135,-2.31,36,0,0.4,0.18,-1.25,0.582,0.232,-2.31,-1.19,-1.71,-1.79,-0.84,-1.44,2784.92,4887.686,3759.249,3620.887,0,0,0,0
3289,66,Hombre,5.6,153,45,134,1,0,-0.362,93,154,-1.91,36,0,0.58,0.44,-0.41,-0.362,-0.712,-1.91,-0.79,-1.31,-1.39,-1.86,-2.46,453.781,796.411,612.54,589.996,0,0,0,0
3290,65,Hombre,7.9,142,46.5,1711,1,1,-0.481,1057,134,-3.76,36,0,1.01,1.13,-0.53,-0.131,-0.481,-4.89,-3.76,-4.29,-4.36,-4.48,-5.08,41.054,72.051,55.417,53.377,0,0,0,0
3291,53,Hombre,6.8,114,50.1,194,0,1,-0.857,82,116,-0.91,36,0,-1.14,-0.43,0.83,-0.507,-0.857,-2.03,-0.91,-1.43,-1.51,-2.2,-2.8,1497.984,2629.044,2022.067,1947.644,0,0,0,0
3292,72,Mujer,6.7,155,37.8,134,1,1,-0.483,83,145,-3.44,36,0,1.66,0.02,0.17,-0.133,-0.483,-4.57,-3.44,-3.97,-4.04,-4.17,-4.77,37.132,65.169,50.123,48.278,0,0,0,0
3293,70,Hombre,7.3,125,40.4,96,0,1,-0.321,70,113,0.39,36,0,-0.6,1.7,-0.95,0.029,-0.321,-0.74,0.39,-0.14,-0.21,-0.09,-0.69,782.837,1373.922,1056.72,1017.827,0,0,0,0
3294,63,Mujer,5.5,109,49,35,1,0,0.311,48,95,-1.95,36,0,0.16,0.52,0.14,0.311,-0.039,-1.95,-0.83,-1.35,-1.43,-0.89,-1.49,1778.692,3121.702,2400.984,2312.614,0,0,0,0
3295,65,Hombre,8,113,57.1,22,1,1,0.659,43,98,-1.78,36,0,-1.48,1.16,-0.03,1.009,0.659,-2.91,-1.78,-2.31,-2.38,-0.79,-1.39,563.341,988.694,760.431,732.443,0,0,0,0
3296,63,Hombre,6.5,138,38.6,48,0,0,-0.347,34,128,-0.81,36,0,0.49,0.37,0.77,-0.347,-0.697,-0.81,0.32,-0.21,-0.28,-0.73,-1.33,1604.418,2815.841,2165.737,2086.026,0,0,0,0
3297,66,Hombre,9.2,135,35.5,101,0,1,-0.477,63,133,-1.53,36,0,0.48,1.52,-0.91,-0.127,-0.477,-2.65,-1.53,-2.05,-2.13,-2.24,-2.84,156.282,274.283,210.958,203.194,0,0,0,0
3298,62,Hombre,7.2,146,42.4,80,1,0,0.287,107,147,-2.74,36,0,-0.28,-1.97,0.63,0.287,-0.063,-2.74,-1.62,-2.14,-2.22,-1.71,-2.31,242.095,424.89,326.794,314.766,0,0,0,0
3299,77,Mujer,7.7,138,40,246,1,0,0.282,326,129,-5.25,20.82,1,0.35,0.07,0.41,0.282,-0.068,-5.25,-4.13,-4.65,-4.73,-4.23,-4.83,20.822,36.544,28.107,27.072,1,0,1,1
3300,49,Mujer,8.9,120,36.7,112,0,0,0.112,125,118,-1.19,36,0,-1.2,-0.53,0.11,0.112,-0.238,-1.19,-0.06,-0.59,-0.66,-0.42,-1.02,375.761,659.482,507.225,488.556,0,0,0,0
3301,71,Mujer,8.7,124,45,192,1,1,0.558,336,124,-4.1,36,0,0.49,-2.22,-1.14,0.908,0.558,-5.23,-4.1,-4.63,-4.7,-3.27,-3.87,420.792,738.512,568.009,547.103,0,0,0,0
3302,69,Hombre,8,117,55.5,23,0,0,0.09,25,113,-1.94,36,0,-0.9,0.68,0.58,0.09,-0.26,-1.94,-0.82,-1.34,-1.42,-1.21,-1.81,210.26,369.019,283.822,273.376,0,0,0,0
3303,58,Mujer,6.5,150,61.1,89,0,0,-0.47,56,160,-0.85,36,0,0.07,0.07,2.05,-0.47,-0.82,-0.85,0.27,-0.25,-0.33,-0.95,-1.55,4835.935,8487.33,6527.829,6287.569,0,0,0,0
3304,55,Mujer,8.7,151,46.5,779,0,1,-0.833,339,142,-1.97,36,0,0.27,0.9,0.46,-0.483,-0.833,-3.1,-1.97,-2.5,-2.57,-3.22,-3.82,1265.012,2220.165,1707.588,1644.739,0,0,0,0
3305,64,Hombre,7.3,160,64.1,18,0,0,0.248,23,152,-1.91,36,0,-1.96,0.42,-0.42,0.248,-0.102,-1.91,-0.79,-1.31,-1.39,-0.94,-1.54,3530.809,6196.763,4766.094,4590.675,0,0,0,0
3306,68,Mujer,8.2,132,36.1,87,0,0,-0.17,73,130,-1.84,36,0,0.11,0.41,1.15,-0.17,-0.52,-1.84,-0.72,-1.24,-1.32,-1.5,-2.1,44.585,78.249,60.183,57.968,0,0,0,0
3307,74,Mujer,8,128,43.5,117,1,1,-0.186,97,118,-2.89,36,0,-0.76,-0.78,1.22,0.164,-0.186,-4.02,-2.89,-3.42,-3.49,-3.17,-3.77,120.012,210.627,161.999,156.037,0,0,0,0
3308,62,Hombre,9,144,53.3,43,0,1,-0.308,32,148,-0.62,36,0,-0.6,-1.28,-1.18,0.042,-0.308,-1.75,-0.62,-1.15,-1.22,-1.08,-1.68,101.661,178.421,137.228,132.177,0,0,0,0
3309,71,Hombre,7.7,120,44.6,89,0,1,0.356,127,117,-2.97,36,0,0.14,0.73,-0.41,0.706,0.356,-4.1,-2.97,-3.5,-3.57,-2.44,-3.04,739.393,1297.675,998.076,961.342,0,0,0,0
3310,50,Mujer,8.7,148,62,109,0,1,-0.127,96,140,-1.63,36,0,-0.19,-0.35,1.02,0.223,-0.127,-2.75,-1.63,-2.15,-2.23,-1.82,-2.42,1497.873,2628.849,2021.917,1947.5,0,0,0,0
3311,54,Mujer,8.9,127,46.6,124,0,1,-0.12,110,105,0.69,36,0,-1.63,-0.26,-0.4,0.23,-0.12,-0.43,0.69,0.17,0.09,0.51,-0.09,263.095,461.747,355.141,342.07,0,0,0,0
3312,58,Hombre,7.7,111,50.9,142,0,1,-0.457,90,113,-0.04,36,0,1.06,0.81,-0.72,-0.107,-0.457,-1.17,-0.04,-0.57,-0.64,-0.73,-1.33,1196.405,2099.756,1614.978,1555.538,0,0,0,0
3313,61,Hombre,5.5,134,35.8,42,0,0,1.031,118,138,-3.2,36,0,-0.92,1.22,-0.76,1.031,0.681,-3.2,-2.08,-2.6,-2.68,-1.06,-1.66,1539.663,2702.192,2078.327,2001.833,0,0,0,0
3314,63,Mujer,9.4,132,46.7,174,0,1,-0.66,90,130,-0.41,36,0,-1.35,-0.92,1.15,-0.31,-0.66,-1.54,-0.41,-0.94,-1.01,-1.4,-2,461.259,809.534,622.634,599.718,0,0,0,0
3315,58,Hombre,7,134,34.3,246,1,1,-0.438,159,140,-2.71,36,0,-1.27,1.18,-1.16,-0.088,-0.438,-3.83,-2.71,-3.23,-3.31,-3.36,-3.96,21.267,37.325,28.708,27.651,1,0,1,1
3316,68,Mujer,6.2,122,50.4,62,0,1,0.321,85,108,-0.56,36,0,-0.49,1.05,0.82,0.671,0.321,-1.68,-0.56,-1.08,-1.16,-0.07,-0.67,1251.635,2196.688,1689.53,1627.346,0,0,0,0
3317,77,Hombre,6.7,118,40.1,7,1,1,0.567,12,120,-0.61,36,0,1.63,1.58,0.99,0.917,0.567,-1.74,-0.61,-1.14,-1.21,0.24,-0.36,761.267,1336.065,1027.603,989.781,0,0,0,0
3318,57,Hombre,8.6,159,54.4,498,0,1,-0.494,304,150,-0.12,36,0,-1.25,0.27,0.47,-0.144,-0.494,-1.25,-0.12,-0.65,-0.72,-0.86,-1.46,794.803,1394.923,1072.872,1033.384,0,0,0,0
3319,59,Mujer,8.1,151,32,148,0,1,0.257,191,140,-2.98,36,0,0.45,0.72,-0.85,0.607,0.257,-4.11,-2.98,-3.51,-3.58,-2.6,-3.2,549.163,963.811,741.293,714.009,0,0,0,0
3320,45,Hombre,6.7,111,40.1,116,0,1,-0.495,71,106,-0.27,36,0,0.59,3.16,-0.4,-0.145,-0.495,-1.4,-0.27,-0.8,-0.87,-1.01,-1.61,95.603,167.789,129.051,124.301,0,0,0,0
3321,60,Hombre,6.6,138,41.1,78,1,0,0.192,94,128,-5.57,36,0,1.3,-0.29,-1.22,0.192,-0.158,-5.57,-4.45,-4.97,-5.05,-4.69,-5.29,407.371,714.958,549.893,529.654,0,0,0,0
3322,70,Mujer,6.8,156,44.3,29,0,0,0.676,57,140,-2.24,36,0,-0.06,-1.44,-1.16,0.676,0.326,-2.24,-1.11,-1.64,-1.71,-0.62,-1.22,1170.305,2053.95,1579.747,1521.604,0,0,0,0
3323,58,Mujer,6.9,123,56.4,55,1,1,-0.376,38,111,0.77,36,0,-0.04,-1.22,-0.26,-0.026,-0.376,-0.35,0.77,0.25,0.17,0.21,-0.39,756.748,1328.134,1021.503,983.906,0,0,0,0
3324,50,Mujer,7.8,121,40.8,27,0,0,-0.059,25,117,-0.38,36,0,-0.36,-0.05,0.82,-0.059,-0.409,-0.38,0.75,0.22,0.15,0.13,-0.47,303.958,533.462,410.3,395.199,0,0,0,0
3325,51,Mujer,9,123,57.9,722,0,1,-0.261,556,113,-1.63,36,0,-0.62,0.33,-2.58,0.089,-0.261,-2.75,-1.63,-2.15,-2.23,-2.02,-2.62,862.508,1513.748,1164.264,1121.412,0,0,0,0
3326,70,Hombre,8.7,133,49.3,57,1,0,0.162,67,141,-5.1,36,0,1.07,1.12,0.49,0.162,-0.188,-5.1,-3.97,-4.5,-4.57,-4.26,-4.86,53.948,94.682,72.822,70.142,0,0,0,0
3327,75,Mujer,7.5,136,45.6,12,1,0,0.332,17,124,-3.91,10.94,1,0.96,0.17,1.02,0.332,-0.018,-3.91,-2.78,-3.31,-3.38,-2.81,-3.41,10.937,19.196,14.764,14.221,1,1,1,1
3328,56,Hombre,7.4,139,53.1,54,1,0,0.186,65,131,-3.38,36,0,-0.45,0.87,-0.91,0.186,-0.164,-3.38,-2.26,-2.78,-2.86,-2.5,-3.1,485.416,851.932,655.243,631.127,0,0,0,0
3329,72,Hombre,8.8,127,65.3,75,0,1,-0.794,34,125,1.64,36,0,0.12,0.55,-1.56,-0.444,-0.794,0.51,1.64,1.11,1.04,0.45,-0.15,2163.397,3796.88,2920.28,2812.798,0,0,0,0
3330,57,Hombre,8,152,51.3,206,0,1,-0.206,168,151,-1.72,36,0,-1.12,1.19,-1.23,0.144,-0.206,-2.85,-1.72,-2.25,-2.32,-2.03,-2.63,527.554,925.886,712.123,685.913,0,0,0,0
3331,55,Hombre,9.3,156,52.8,51,0,0,0.626,95,151,-4.09,36,0,0.46,1.23,1.21,0.626,0.276,-4.09,-2.97,-3.49,-3.57,-2.55,-3.15,887.298,1557.257,1197.727,1153.644,0,0,0,0
3332,75,Mujer,6.1,117,45.4,90,0,0,0.215,112,115,-1.77,36,0,0.37,0.41,-1.25,0.215,-0.135,-1.77,-0.64,-1.17,-1.24,-0.84,-1.44,3407.838,5980.943,4600.101,4430.791,0,0,0,0
3333,77,Hombre,7.5,149,31,1529,1,1,0.131,1744,143,-5.16,8.17,1,-0.03,-1.97,-1.19,0.481,0.131,-6.29,-5.16,-5.69,-5.76,-4.97,-5.57,4.653,8.166,6.28,6.049,1,1,1,1
3334,62,Hombre,8.9,135,46.3,235,0,1,0.007,237,134,-1.97,36,0,-0.52,-1.46,-0.15,0.357,0.007,-3.09,-1.97,-2.49,-2.57,-1.96,-2.56,453.779,796.407,612.537,589.993,0,0,0,0
3335,51,Mujer,7.1,115,36.6,31,0,0,0.353,44,112,-1.25,36,0,-0.57,-1.95,1.28,0.353,0.003,-1.25,-0.13,-0.65,-0.73,-0.12,-0.72,558.898,980.897,754.433,726.666,0,0,0,0
3336,66,Hombre,8.5,120,36.1,529,0,0,0.054,559,114,-3.12,36,0,1.67,0.31,-0.75,0.054,-0.296,-3.12,-2,-2.52,-2.6,-2.44,-3.04,175.948,308.799,237.505,228.764,0,0,0,0
3337,51,Hombre,7.1,138,42.5,118,1,1,-0.359,82,121,-2.52,36,0,-1.13,-0.86,0.31,-0.009,-0.359,-3.65,-2.52,-3.05,-3.12,-3.06,-3.66,424.656,745.294,573.225,552.128,0,0,0,0
3338,66,Hombre,8.4,139,37.5,4436,0,1,-0.514,2654,127,-2.63,36,0,0.62,1.48,1.14,-0.164,-0.514,-3.75,-2.63,-3.15,-3.23,-3.4,-4,29.175,51.204,39.382,37.933,1,0,0,0
3339,76,Hombre,8,160,42.2,1020,0,1,-0.172,859,155,-2.42,36,0,1.35,2.49,0.53,0.178,-0.172,-3.54,-2.42,-2.94,-3.02,-2.68,-3.28,380.964,668.612,514.247,495.32,0,0,0,0
3340,62,Mujer,8.4,130,51.6,210,0,1,-0.213,170,123,-1.66,36,0,-0.68,1.06,-1.94,0.137,-0.213,-2.78,-1.66,-2.18,-2.26,-1.98,-2.58,601.211,1055.158,811.55,781.68,0,0,0,0
3341,63,Hombre,6.5,128,45.3,134,0,0,0.413,202,138,-3.8,36,0,-0.05,0.25,-1.03,0.413,0.063,-3.8,-2.68,-3.2,-3.28,-2.58,-3.18,2176.334,3819.586,2937.744,2829.619,0,0,0,0
3342,45,Mujer,9.4,117,47.9,401,0,1,-0.003,400,117,-1.23,36,0,0.6,0.33,1.87,0.347,-0.003,-2.36,-1.23,-1.76,-1.83,-1.24,-1.84,588.393,1032.661,794.247,765.014,0,0,0,0
3343,58,Mujer,7.8,128,42.3,184,0,1,0.258,238,114,-2.29,36,0,-0.28,0.63,-2.03,0.608,0.258,-3.41,-2.29,-2.81,-2.89,-1.9,-2.5,669.348,1174.742,903.525,870.27,0,0,0,0
3344,78,Mujer,10,156,43.3,377,0,0,-0.806,168,152,-2.59,36,0,3.49,0.2,0.72,-0.806,-1.156,-2.59,-1.46,-1.99,-2.06,-3.19,-3.79,1064.354,1867.999,1436.727,1383.848,0,0,0,0
3345,50,Hombre,7,123,44.7,10,0,0,0.164,12,133,-1.59,36,0,-1.85,0.07,-0.78,0.164,-0.186,-1.59,-0.46,-0.99,-1.06,-0.74,-1.34,428.983,752.889,579.067,557.754,0,0,0,0
3346,67,Mujer,7.6,135,45.1,367,0,1,-1.06,127,138,0,36,0,-1.05,-0.61,-0.91,-0.71,-1.06,-1.12,0,-0.52,-0.6,-1.59,-2.19,80.262,140.863,108.342,104.354,0,0,0,0
3347,55,Hombre,9.3,132,48.3,350,1,0,0.266,456,149,-2.6,36,0,-1.11,-0.98,-1.21,0.266,-0.084,-2.6,-1.48,-2,-2.08,-1.61,-2.21,94.553,165.946,127.633,122.936,0,0,0,0
3348,54,Hombre,8,142,71.7,286,0,1,0.415,433,144,0.3,36,0,0.38,0.08,1.06,0.765,0.415,-0.83,0.3,-0.23,-0.3,0.92,0.32,1388.437,2436.784,1874.194,1805.214,0,0,0,0
3349,79,Mujer,8.4,140,44.5,250,0,0,0.544,431,143,-5.02,36,0,0.21,-0.1,-0.87,0.544,0.194,-5.02,-3.9,-4.42,-4.5,-3.6,-4.2,228.229,400.554,308.077,296.738,0,0,0,0
3350,43,Mujer,8.1,141,43.1,335,0,1,-1.464,77,142,2.95,36,0,-1.39,0.9,0.84,-1.114,-1.464,1.82,2.95,2.42,2.35,0.75,0.15,492.115,863.688,664.285,639.836,0,0,0,0
3351,81,Mujer,6.4,132,47.5,21,0,0,0.436,32,134,-2.22,36,0,-0.2,0.27,0.81,0.436,0.086,-2.22,-1.1,-1.62,-1.7,-0.97,-1.57,150.795,264.654,203.552,196.061,0,0,0,0
3352,51,Hombre,7.4,118,60.8,70,0,0,-0.095,64,126,-1.79,36,0,-1.11,-1.01,1.04,-0.095,-0.445,-1.79,-0.67,-1.19,-1.27,-1.34,-1.94,741.82,1301.935,1001.352,964.497,0,0,0,0
3353,49,Hombre,8.2,144,51.2,428,1,1,-0.308,315,139,-2.66,36,0,-1.38,0.31,-0.25,0.042,-0.308,-3.79,-2.66,-3.19,-3.26,-3.13,-3.73,645.795,1133.406,871.732,839.648,0,0,0,0
3354,67,Mujer,7,137,43.1,35,1,1,-0.063,33,119,-1.35,36,0,0.78,0.45,-1.17,0.287,-0.063,-2.47,-1.35,-1.87,-1.95,-1.44,-2.04,1366.531,2398.336,1844.623,1776.731,0,0,0,0
3355,65,Hombre,7.6,126,58.5,119,0,0,-0.095,108,115,-2.51,36,0,2.83,-0.52,1.75,-0.095,-0.445,-2.51,-1.39,-1.91,-1.99,-2.05,-2.65,1484.848,2605.989,2004.335,1930.564,0,0,0,0
3356,55,Mujer,8.5,120,48.5,100,0,1,-0.002,100,112,-0.26,36,0,-1.28,-1.15,-0.03,0.348,-0.002,-1.39,-0.26,-0.79,-0.86,-0.26,-0.86,365.816,642.027,493.8,475.625,0,0,0,0
3357,51,Hombre,7.4,123,53.8,104,0,1,-0.085,95,113,-1,36,0,-1.31,0.81,0.91,0.265,-0.085,-2.12,-1,-1.52,-1.6,-1.12,-1.72,745.282,1308.011,1006.026,968.998,0,0,0,0
3358,54,Hombre,8.1,112,44,236,1,1,-0.133,207,114,-2.73,36,0,-2.33,0.96,2.18,0.217,-0.133,-3.85,-2.73,-3.25,-3.33,-2.93,-3.53,900.499,1580.425,1215.546,1170.807,0,0,0,0
3359,75,Hombre,6.9,149,36.9,349,0,1,-0.177,292,143,-3.04,36,0,-0.38,-0.98,-0.23,0.173,-0.177,-4.17,-3.04,-3.57,-3.64,-3.31,-3.91,403.796,708.684,545.068,525.006,0,0,0,0
3360,62,Mujer,5.5,105,44.6,19,0,0,0.599,35,114,-1.39,36,0,-0.27,1.21,-0.95,0.599,0.249,-1.39,-0.27,-0.79,-0.87,0.11,-0.49,1130.279,1983.702,1525.718,1469.563,0,0,0,0
3361,78,Hombre,8.7,135,36.1,292,1,0,-0.287,219,128,-4.01,36,0,2.57,-0.58,-0.09,-0.287,-0.637,-4.01,-2.89,-3.41,-3.49,-3.84,-4.44,162.32,284.881,219.109,211.045,0,0,0,0
3362,71,Mujer,7.3,138,56.3,171,0,0,-0.068,160,141,-0.5,36,0,-0.39,0.48,-0.84,-0.068,-0.418,-0.5,0.62,0.1,0.02,-0,-0.6,1518.888,2665.732,2050.285,1974.823,0,0,0,0
3363,69,Hombre,7.1,137,54.1,382,1,1,-0.801,171,120,-2.12,36,0,-0.64,0.75,0.52,-0.451,-0.801,-3.24,-2.12,-2.64,-2.72,-3.32,-3.92,173.605,304.686,234.342,225.717,0,0,0,0
3364,75,Mujer,7.5,154,40.7,89,0,0,0.905,220,152,-3.32,0.1,1,-0.49,0.85,-0.15,0.905,0.555,-3.32,-2.19,-2.72,-2.79,-1.36,-1.96,0.099,0.175,0.134,0.129,1,1,1,1
3365,58,Mujer,8.9,134,48.8,178,0,0,-0.321,129,144,-3.77,36,0,0.12,-0.01,-0.13,-0.321,-0.671,-3.77,-2.64,-3.17,-3.24,-3.65,-4.25,1476.004,2590.467,1992.397,1919.065,0,0,0,0
3366,71,Hombre,8.6,137,41.5,151,0,1,-0.01,150,145,-1.39,36,0,2.07,-1.76,-1.33,0.34,-0.01,-2.52,-1.39,-1.92,-1.99,-1.41,-2.01,837.938,1470.626,1131.097,1089.467,0,0,0,0
3367,72,Hombre,6.7,179,43,254,0,0,0.189,307,176,-3.65,36,0,0.21,-0.57,-0.17,0.189,-0.161,-3.65,-2.53,-3.05,-3.13,-2.77,-3.37,90.492,158.818,122.151,117.655,0,0,0,0
3368,57,Hombre,8.8,131,63.4,476,0,1,-0.219,382,117,-0.55,36,0,-2.07,0.96,0.56,0.131,-0.219,-1.68,-0.55,-1.08,-1.15,-0.88,-1.48,307.654,539.949,415.289,400.004,0,0,0,0
3369,86,Hombre,5.7,114,53.2,175,0,0,-0.313,128,112,-1.92,36,0,0.86,0.37,1.19,-0.313,-0.663,-1.92,-0.8,-1.32,-1.4,-1.79,-2.39,1636.055,2871.366,2208.443,2127.16,0,0,0,0
3370,71,Hombre,7.7,158,45.2,16,1,0,-0.062,15,169,-3.18,36,0,0.29,0.01,-1.07,-0.062,-0.412,-3.18,-2.06,-2.58,-2.66,-2.68,-3.28,1353.859,2376.097,1827.519,1760.256,0,0,0,0
3371,66,Hombre,6.4,113,43.8,336,0,1,-0.139,292,117,-0.41,36,0,1.19,-1.08,1.11,0.211,-0.139,-1.53,-0.41,-0.93,-1.01,-0.62,-1.22,754.117,1323.516,1017.951,980.485,0,0,0,0
3372,68,Hombre,8.1,102,41.8,138,1,0,0.157,161,106,-3.45,36,0,0.93,-0.98,-1.08,0.157,-0.193,-3.45,-2.32,-2.85,-2.92,-2.61,-3.21,584.86,1026.461,789.478,760.421,0,0,0,0
3373,66,Hombre,8.6,165,42,485,1,0,0.762,1039,167,-4.91,36,0,-0.3,0.5,1.43,0.762,0.412,-4.91,-3.79,-4.31,-4.39,-3.17,-3.77,108.742,190.848,146.786,141.384,0,0,0,0
3374,78,Mujer,7.6,139,35.3,140,0,0,-0.67,72,144,-2.82,36,0,-1.02,0.82,0.42,-0.67,-1.02,-2.82,-1.69,-2.22,-2.29,-3.22,-3.82,262.638,460.943,354.524,341.475,0,0,0,0
3375,60,Mujer,8,132,53.8,120,0,1,-1.017,43,125,0.1,36,0,-0.08,-0.51,-0.13,-0.667,-1.017,-1.02,0.1,-0.42,-0.5,-1.42,-2.02,33.938,59.563,45.811,44.125,1,0,0,0
3376,71,Hombre,7.5,138,34.7,333,0,1,-0.714,163,136,-2.64,36,0,0.41,-0.97,-0.41,-0.364,-0.714,-3.76,-2.64,-3.16,-3.24,-3.71,-4.31,111.193,195.15,150.095,144.571,0,0,0,0
3377,55,Hombre,8.2,126,58.2,27,0,1,0.644,51,123,-2.64,36,0,-0.99,-1.78,-0.81,0.994,0.644,-3.76,-2.64,-3.16,-3.24,-1.67,-2.27,2715.441,4765.748,3665.462,3530.553,0,0,0,0
3378,42,Hombre,5.9,121,60.4,21,0,1,-0.255,16,111,0.27,36,0,-0.82,-0.31,0.81,0.095,-0.255,-0.86,0.27,-0.26,-0.33,-0.11,-0.71,1323.486,2322.79,1786.519,1720.765,0,0,0,0
3379,51,Mujer,6.9,107,52.7,330,0,1,-0.3,244,94,-1.02,36,0,-1.2,0.12,0.69,0.05,-0.3,-2.15,-1.02,-1.55,-1.62,-1.48,-2.08,1173.432,2059.437,1583.968,1525.669,0,0,0,0
3380,77,Mujer,5.5,147,44.1,28,0,0,0.688,56,137,-1.47,36,0,-0.74,1.79,-0.02,0.688,0.338,-1.47,-0.34,-0.87,-0.94,0.16,-0.44,1129.966,1983.152,1525.295,1469.155,0,0,0,0
3381,75,Hombre,7.9,115,31.9,294,1,0,0.08,318,119,-4.5,36,0,-0.27,0.76,-1.68,0.08,-0.27,-4.5,-3.38,-3.9,-3.98,-3.79,-4.39,429.351,753.534,579.563,558.232,0,0,0,0
3382,62,Hombre,10,139,39.3,103,0,0,0.732,214,145,-5.78,36,0,0.16,1.32,0.45,0.732,0.382,-5.78,-4.66,-5.18,-5.26,-4.08,-4.68,192.446,337.754,259.775,250.214,0,0,0,0
3383,67,Mujer,7.5,127,32.7,163,1,0,0.507,271,120,-3.34,36,0,0.08,-0.45,-0.26,0.507,0.157,-3.34,-2.22,-2.74,-2.82,-1.98,-2.58,107.836,189.257,145.563,140.205,0,0,0,0
3384,49,Mujer,5.7,122,49.6,76,0,0,-0.202,62,114,0.06,36,0,-0.77,-1.28,0.92,-0.202,-0.552,0.06,1.19,0.66,0.59,0.36,-0.24,2382.151,4180.805,3215.567,3097.216,0,0,0,0
3385,64,Hombre,8.5,123,56.3,65,0,0,0.377,95,128,-3.44,36,0,0.66,-1.86,-0.51,0.377,0.027,-3.44,-2.32,-2.84,-2.92,-2.28,-2.88,2859.645,5018.833,3860.117,3718.043,0,0,0,0
3386,65,Hombre,9,130,35,1426,1,1,-0.322,1034,126,-1.16,34.03,1,0.68,0.25,0.05,0.028,-0.322,-2.28,-1.16,-1.68,-1.76,-1.64,-2.24,19.39,34.031,26.174,25.211,1,1,1,1
3387,56,Hombre,6.7,125,39.3,15,0,0,0.426,23,135,-1.77,36,0,-0.4,-0.53,-1.01,0.426,0.076,-1.77,-0.64,-1.17,-1.24,-0.53,-1.13,73.516,129.024,99.236,95.583,0,0,0,0
3388,66,Mujer,5.5,123,28,370,0,0,-0.846,159,119,-1.38,36,0,-1.11,0.6,-0.63,-0.846,-1.196,-1.38,-0.26,-0.78,-0.86,-2.05,-2.65,761.76,1336.93,1028.268,990.422,0,0,0,0
3389,59,Hombre,6.1,119,35.7,37,0,0,1.049,106,132,-3.35,36,0,0.49,1.19,-0.05,1.049,0.699,-3.35,-2.22,-2.75,-2.82,-1.17,-1.77,398.041,698.584,537.299,517.524,0,0,0,0
3390,62,Hombre,6.6,116,59.3,204,0,1,0.198,249,93,-1.46,36,0,1.8,-0.96,0.1,0.548,0.198,-2.58,-1.46,-1.98,-2.06,-1.16,-1.76,278.954,489.579,376.548,362.689,0,0,0,0
3391,57,Hombre,9.1,126,47.6,107,0,1,-0.15,92,110,-0.39,36,0,-0.19,2.04,1.33,0.2,-0.15,-1.51,-0.39,-0.91,-0.99,-0.61,-1.21,396.129,695.229,534.719,515.038,0,0,0,0
3392,65,Hombre,7.5,139,51.6,407,0,1,0.186,490,124,-3.68,36,0,1.9,-0.11,0.69,0.536,0.186,-4.8,-3.68,-4.2,-4.28,-3.4,-4,567.475,995.95,766.011,737.818,0,0,0,0
3393,74,Mujer,8.6,128,28,983,0,0,-0.111,879,133,-3.51,7.51,1,-0.23,0.07,2.17,-0.111,-0.461,-3.51,-2.38,-2.91,-2.98,-3.08,-3.68,7.513,13.186,10.142,9.768,1,1,1,1
3394,70,Hombre,6.8,169,39.3,46,1,1,-0.561,26,173,-1.26,36,0,-1.1,0.53,-0.35,-0.211,-0.561,-2.39,-1.26,-1.79,-1.86,-2.1,-2.7,240.628,422.316,324.814,312.859,0,0,0,0
3395,60,Hombre,7,145,55.2,38,1,0,-0.547,22,140,-0.32,36,0,1.54,0.39,0.3,-0.547,-0.897,-0.32,0.8,0.28,0.2,-0.54,-1.14,2929.01,5140.573,3953.75,3808.23,0,0,0,0
3396,67,Mujer,7.5,130,45,401,0,1,-0.796,181,125,-1.39,36,0,-1.85,0.25,0.91,-0.446,-0.796,-2.52,-1.39,-1.92,-1.99,-2.59,-3.19,1825.754,3204.298,2464.51,2373.802,0,0,0,0
3397,59,Hombre,7.8,157,58.8,283,0,1,0.06,300,142,-3.14,36,0,1.08,0.33,1.06,0.41,0.06,-4.26,-3.14,-3.66,-3.74,-3.05,-3.65,390.291,684.982,526.838,507.447,0,0,0,0
3398,47,Mujer,10,145,61.4,250,0,0,1.367,981,133,-4.29,36,0,0.85,1.7,-1.29,1.367,1.017,-4.29,-3.16,-3.69,-3.76,-1.64,-2.24,168.978,296.566,228.096,219.701,0,0,0,0
3399,45,Mujer,5.8,125,38.7,48,1,0,0.211,59,114,-1.7,36,0,0.57,-1.23,0.6,0.211,-0.139,-1.7,-0.57,-1.1,-1.17,-0.78,-1.38,850.855,1493.297,1148.534,1106.262,0,0,0,0
3400,49,Mujer,6.5,118,49.1,12,0,0,-0.317,9,126,1.98,36,0,0.05,-0.52,-3.5,-0.317,-0.667,1.98,3.1,2.58,2.5,2.1,1.5,6460.571,11338.655,8720.859,8399.882,0,0,0,0
3401,69,Mujer,8.9,123,22.6,81,0,0,-0.227,65,120,-4.57,36,0,0.05,1.21,-0.19,-0.227,-0.577,-4.57,-3.44,-3.97,-4.04,-4.31,-4.91,65.237,114.494,88.06,84.819,0,0,0,0
3402,77,Mujer,7.3,127,43.6,137,1,0,0.232,173,132,-2.76,36,0,1.05,-1.85,1.82,0.232,-0.118,-2.76,-1.63,-2.16,-2.23,-1.81,-2.41,346.756,608.576,468.072,450.844,0,0,0,0
3403,63,Hombre,7.5,140,46.7,44,0,0,0.685,87,157,-1.03,36,0,0.79,-0.83,0,0.685,0.335,-1.03,0.09,-0.43,-0.51,0.6,-0,316.351,555.213,427.029,411.312,0,0,0,0
3404,56,Mujer,7.5,120,45.3,65,0,0,0.79,143,111,-1.47,36,0,0.58,0.64,0.75,0.79,0.44,-1.47,-0.35,-0.87,-0.95,0.31,-0.29,120.411,211.328,162.538,156.555,0,0,0,0
3405,73,Hombre,6.5,165,45.8,116,1,0,0.077,125,175,-4.63,36,0,1.46,-0.81,1.21,0.077,-0.273,-4.63,-3.51,-4.03,-4.11,-3.91,-4.51,794.77,1394.865,1072.828,1033.342,0,0,0,0
3406,67,Hombre,10,130,47.9,303,0,0,-0.233,240,133,-3.22,36,0,-0.98,-1.29,-1.05,-0.233,-0.583,-3.22,-2.1,-2.62,-2.7,-2.97,-3.57,37.063,65.048,50.03,48.189,0,0,0,0
3407,81,Mujer,6.6,139,32.9,334,0,0,-0.452,213,127,-3.26,36,0,-0.72,-0.69,1.1,-0.452,-0.802,-3.26,-2.13,-2.66,-2.73,-3.34,-3.94,1045.342,1834.633,1411.064,1359.129,0,0,0,0
3408,69,Hombre,6.7,132,46.2,89,0,0,0.205,109,129,-1.7,36,0,1.6,0.11,-0.77,0.205,-0.145,-1.7,-0.57,-1.1,-1.17,-0.79,-1.39,50.778,89.119,68.544,66.021,0,0,0,0
3409,70,Hombre,9,116,54,24,0,0,-0.599,13,129,-0.91,36,0,0.43,-0.36,0.4,-0.599,-0.949,-0.91,0.21,-0.31,-0.39,-1.21,-1.81,365.622,641.687,493.538,475.374,0,0,0,0
3410,75,Hombre,6.9,119,50.3,13,1,0,0.113,15,115,-0.73,36,0,1.64,-0.58,1.11,0.113,-0.237,-0.73,0.4,-0.13,-0.2,0.04,-0.56,2005.021,3518.921,2706.495,2606.881,0,0,0,0
3411,73,Hombre,7.2,134,25.2,1405,0,1,-0.652,732,125,-2.81,36,0,-0.85,1.1,-0.66,-0.302,-0.652,-3.94,-2.81,-3.34,-3.41,-3.79,-4.39,327.881,575.449,442.593,426.303,0,0,0,0
3412,54,Mujer,7.7,121,39.5,71,0,0,0.412,107,110,-1.92,36,0,0.4,1.3,-0.93,0.412,0.062,-1.92,-0.79,-1.32,-1.39,-0.7,-1.3,2213.513,3884.837,2987.93,2877.958,0,0,0,0
3413,77,Hombre,7.5,117,26.4,51,1,0,-0.428,33,127,-0.63,36,0,1.51,-0.51,-1.31,-0.428,-0.778,-0.63,0.49,-0.03,-0.11,-0.68,-1.28,366.603,643.408,494.862,476.648,0,0,0,0
3414,62,Hombre,7.8,122,47.9,194,0,0,-0.534,114,125,0.41,36,0,-0.3,-1.22,0.74,-0.534,-0.884,0.41,1.54,1.01,0.94,0.21,-0.39,3696.978,6488.399,4990.399,4806.724,0,0,0,0
3415,75,Hombre,7.4,167,42,62,0,0,0.507,103,161,-4.54,36,0,1.61,1.35,-0.3,0.507,0.157,-4.54,-3.41,-3.94,-4.01,-3.18,-3.78,86.961,152.621,117.385,113.064,0,0,0,0
3416,70,Mujer,5.9,113,48.7,436,0,0,-0.642,229,118,-1.26,36,0,0.25,0.86,0.98,-0.642,-0.992,-1.26,-0.13,-0.66,-0.73,-1.62,-2.22,1409.698,2474.098,1902.894,1832.857,0,0,0,0
3417,61,Hombre,5.5,142,33.5,60,0,0,-0.106,54,135,-1.65,36,0,-0.38,0.62,0.19,-0.106,-0.456,-1.65,-0.52,-1.05,-1.12,-1.21,-1.81,173.289,304.132,233.916,225.307,0,0,0,0
3418,67,Mujer,9.9,146,41.7,56,1,0,0.029,58,146,-3.51,36,0,-0.21,0.37,0.79,0.029,-0.321,-3.51,-2.38,-2.91,-2.98,-2.86,-3.46,98.729,173.274,133.27,128.365,0,0,0,0
3419,62,Mujer,8.3,129,41.6,71,0,1,-0.202,58,116,-0.77,36,0,0.37,0.57,1.53,0.148,-0.202,-1.9,-0.77,-1.3,-1.37,-1.08,-1.68,315.542,553.793,425.937,410.26,0,0,0,0
3420,76,Mujer,7.3,172,42.8,63,1,0,0.49,103,170,-5.27,36,0,1,-0.14,-0.52,0.49,0.14,-5.27,-4.15,-4.67,-4.75,-3.94,-4.54,130.358,228.786,175.965,169.489,0,0,0,0
3421,58,Mujer,8.9,129,51.6,61,0,1,0.158,71,120,-1.05,36,0,1.06,-0.88,-1.15,0.508,0.158,-2.17,-1.05,-1.57,-1.65,-0.81,-1.41,1639.732,2877.819,2213.406,2131.94,0,0,0,0
3422,71,Hombre,6.2,167,38.8,70,1,0,1.078,206,162,-4.23,35.84,1,1.66,-1.27,-0.02,1.078,0.728,-4.23,-3.1,-3.63,-3.7,-2.01,-2.61,35.842,62.905,48.382,46.601,1,0,0,0
3423,41,Mujer,9.1,160,65.1,195,0,1,-0.244,153,148,0.89,36,0,0.47,1.49,0,0.106,-0.244,-0.24,0.89,0.36,0.29,0.52,-0.08,2070.877,3634.502,2795.391,2692.505,0,0,0,0
3424,56,Mujer,8,164,49,120,0,1,-0.633,64,158,-1.66,36,0,-0.31,-0.7,0.06,-0.283,-0.633,-2.78,-1.66,-2.18,-2.26,-2.61,-3.21,2684.365,4711.206,3623.513,3490.148,0,0,0,0
3425,61,Mujer,6.2,129,45.6,41,0,0,-0.148,35,133,-1.9,36,0,1.45,-1.81,-2.05,-0.148,-0.498,-1.9,-0.77,-1.3,-1.37,-1.52,-2.12,1809.635,3176.008,2442.752,2352.845,0,0,0,0
3426,51,Hombre,6.2,153,49,46,0,0,-0.475,29,160,-1.51,36,0,-0.18,-0.86,-0.29,-0.475,-0.825,-1.51,-0.38,-0.91,-0.98,-1.62,-2.22,433.268,760.409,584.85,563.324,0,0,0,0
3427,77,Mujer,8.1,149,35.5,1476,0,1,-0.333,1058,139,-4.59,36,0,-0.69,1.52,-0.79,0.017,-0.333,-5.72,-4.59,-5.12,-5.19,-5.09,-5.69,39.404,69.156,53.19,51.232,0,0,0,0
3428,58,Mujer,7.5,117,55.2,44,0,1,-0.841,19,118,1.23,36,0,0.28,-0.99,-0.7,-0.491,-0.841,0.1,1.23,0.7,0.63,-0.03,-0.63,2473.162,4340.535,3338.42,3215.548,0,0,0,0
3429,46,Hombre,9.6,149,60.1,849,0,1,0.08,920,142,-2.16,36,0,-1.55,-2.23,-0.5,0.43,0.08,-3.28,-2.16,-2.68,-2.76,-2.04,-2.64,277.552,487.119,374.656,360.867,0,0,0,0
3430,57,Mujer,9.8,139,53.1,23,0,1,0.471,37,136,-1.5,36,0,-2.05,-1.85,-0.87,0.821,0.471,-2.62,-1.5,-2.02,-2.1,-0.79,-1.39,739.94,1298.636,998.815,962.053,0,0,0,0
3431,74,Mujer,6.6,152,34.3,43,0,0,0.933,109,156,-3.63,36,0,1.56,1.1,1.27,0.933,0.583,-3.63,-2.51,-3.03,-3.11,-1.63,-2.23,43.869,76.992,59.217,57.037,0,0,0,0
3432,46,Mujer,8.4,140,52.5,65,0,1,-0.048,62,139,-1.48,36,0,-1.42,-1.17,0.3,0.302,-0.048,-2.61,-1.48,-2.01,-2.08,-1.56,-2.16,1559.867,2737.653,2105.601,2028.103,0,0,0,0
3433,58,Hombre,6.9,100,45.3,11,0,0,-0.616,6,106,2.72,21.2,1,-1.08,0.2,-0.11,-0.616,-0.966,2.72,3.85,3.32,3.25,2.4,1.8,21.198,37.203,28.614,27.561,1,0,1,1
3434,69,Hombre,6.8,141,42.7,113,1,0,0.419,172,139,-2.82,36,0,-1.46,-1.78,-0.19,0.419,0.069,-2.82,-1.7,-2.22,-2.3,-1.59,-2.19,714.63,1254.214,964.649,929.145,0,0,0,0
3435,50,Mujer,7.1,116,47.7,152,0,1,-0.522,90,108,-1.09,36,0,0.4,-0.06,-0.75,-0.172,-0.522,-2.21,-1.09,-1.61,-1.69,-1.87,-2.47,1346.232,2362.711,1817.223,1750.339,0,0,0,0
3436,67,Mujer,8.9,153,44.8,256,0,1,-0.429,167,132,-0.73,29.06,1,-0.72,-1.18,2.2,-0.079,-0.429,-1.86,-0.73,-1.26,-1.33,-1.38,-1.98,16.555,29.055,22.347,21.525,1,1,1,1
3437,67,Hombre,8.5,156,47.1,308,0,0,-0.059,290,176,-3.69,36,0,0.14,0.86,0.21,-0.059,-0.409,-3.69,-2.57,-3.09,-3.17,-3.18,-3.78,690.173,1211.292,931.637,897.347,0,0,0,0
3438,67,Hombre,7.1,131,49.6,59,1,0,0.173,70,125,-1.57,36,0,0.04,-1.88,0.1,0.173,-0.177,-1.57,-0.45,-0.97,-1.05,-0.72,-1.32,1467.933,2576.303,1981.503,1908.572,0,0,0,0
3439,77,Hombre,7.1,126,53.5,233,0,1,-0.207,190,105,-0.72,36,0,-1.17,0.96,0.93,0.143,-0.207,-1.85,-0.72,-1.25,-1.32,-1.03,-1.63,597.777,1049.131,806.914,777.215,0,0,0,0
3440,60,Mujer,10.6,165,20,133,1,0,0.139,153,169,-6,36,0,-0.66,1.4,-0.04,0.139,-0.211,-6,-4.88,-5.4,-5.48,-5.2,-5.8,82.014,143.939,110.708,106.633,0,0,0,0
3441,60,Hombre,7.4,169,49.4,33,0,1,-0.115,29,160,-1.53,36,0,0.63,0.81,-2.08,0.235,-0.115,-2.66,-1.53,-2.06,-2.13,-1.7,-2.3,600.508,1053.924,810.601,780.766,0,0,0,0
3442,57,Hombre,6.6,121,47.9,34,0,0,-0.144,29,118,-0.99,36,0,-2.27,-0.19,-1.88,-0.144,-0.494,-0.99,0.14,-0.39,-0.46,-0.6,-1.2,936.059,1642.835,1263.547,1217.042,0,0,0,0
3443,77,Mujer,6.6,157,47.7,68,0,0,0.36,98,171,-2.13,36,0,0.03,0.79,-0.08,0.36,0.01,-2.13,-1,-1.53,-1.6,-0.99,-1.59,1212.846,2128.611,1637.171,1576.914,0,0,0,0
3444,57,Hombre,6.9,121,61.8,11,1,0,-0.56,6,128,1.91,36,0,-1.74,0.41,-0.36,-0.56,-0.91,1.91,3.03,2.51,2.43,1.67,1.07,6199.926,10881.209,8369.025,8060.998,0,0,0,0
3445,72,Hombre,7.2,165,51,860,0,1,-0.366,596,154,-2.84,36,0,-0.02,2.95,-0.35,-0.016,-0.366,-3.96,-2.84,-3.36,-3.44,-3.39,-3.99,347.6,610.057,469.211,451.941,0,0,0,0
3446,67,Hombre,7,172,49.8,83,0,1,-0.278,63,160,-1.37,36,0,-0.13,0.5,1.46,0.072,-0.278,-2.49,-1.37,-1.89,-1.97,-1.78,-2.38,451.578,792.543,609.566,587.13,0,0,0,0
3447,65,Mujer,8.5,125,45.1,133,1,1,0.086,145,122,-1.73,36,0,-0.13,0.33,1.59,0.436,0.086,-2.86,-1.73,-2.26,-2.33,-1.6,-2.2,617.983,1084.594,834.19,803.487,0,0,0,0
3448,87,Hombre,7,137,47.6,470,0,0,0.166,555,134,-4.29,36,0,0.27,0.41,1.04,0.166,-0.184,-4.29,-3.17,-3.69,-3.77,-3.45,-4.05,1038.328,1822.322,1401.596,1350.009,0,0,0,0
3449,69,Hombre,7.2,138,68.3,61,1,1,-0.388,41,142,-1.61,36,0,-0.26,-0.26,0.07,-0.038,-0.388,-2.74,-1.61,-2.14,-2.21,-2.19,-2.79,1246.906,2188.388,1683.147,1621.198,0,0,0,0
3450,59,Mujer,7.1,136,60.4,55,0,1,0.208,68,137,-1.87,36,0,-0.85,0.19,3.69,0.558,0.208,-2.99,-1.87,-2.39,-2.47,-1.56,-2.16,1887.003,3311.794,2547.188,2453.437,0,0,0,0
3451,46,Hombre,6.6,118,42,35,0,1,0.562,61,113,1.11,36,0,-1.01,-1.8,1.79,0.912,0.562,-0.01,1.11,0.59,0.51,1.95,1.35,367.456,644.905,496.013,477.757,0,0,0,0
3452,63,Mujer,7,126,44.2,129,0,0,0.126,146,121,-2.52,36,0,1.18,0.78,1.3,0.126,-0.224,-2.52,-1.4,-1.92,-2,-1.73,-2.33,2099.672,3685.039,2834.261,2729.944,0,0,0,0
3453,86,Hombre,5.5,173,41.1,130,0,0,1.418,537,169,-4.82,6.18,1,0.88,0.1,0.9,1.418,1.068,-4.82,-3.69,-4.22,-4.29,-2.09,-2.69,6.184,10.854,8.348,8.041,1,1,1,1
3454,45,Hombre,8.9,125,51.2,268,1,1,-0.625,143,109,-1.31,36,0,-1.35,-0.31,0.7,-0.275,-0.625,-2.43,-1.31,-1.83,-1.91,-2.25,-2.85,99.979,175.469,134.958,129.99,0,0,0,0
3455,78,Hombre,8.6,128,51.5,529,0,0,-0.818,234,122,-2.35,36,0,0.06,-1.15,0.35,-0.818,-1.168,-2.35,-1.22,-1.75,-1.82,-2.98,-3.58,1017.431,1785.647,1373.388,1322.839,0,0,0,0
3456,71,Hombre,7.3,120,49,96,1,0,0.208,118,125,-3.07,36,0,-0.15,1.34,0.68,0.208,-0.142,-3.07,-1.94,-2.47,-2.54,-2.15,-2.75,580.948,1019.595,784.197,755.334,0,0,0,0
3457,52,Mujer,6.6,127,46.2,36,0,1,-1.009,13,115,1.65,36,0,-0.71,1.37,0.78,-0.659,-1.009,0.53,1.65,1.13,1.05,0.14,-0.46,2533.833,4447.015,3420.317,3294.43,0,0,0,0
3458,68,Hombre,7.5,141,50.2,228,1,1,-0.556,131,115,-2.73,36,0,-0.41,-1.21,0.97,-0.206,-0.556,-3.86,-2.73,-3.26,-3.33,-3.56,-4.16,347.09,609.162,468.523,451.278,0,0,0,0
3459,90,Mujer,7.3,137,37.7,43,0,0,0.809,97,134,-3.92,36,0,-0.63,-0.8,-0.97,0.809,0.459,-3.92,-2.79,-3.32,-3.39,-2.1,-2.7,86.961,152.622,117.385,113.065,0,0,0,0
3460,68,Mujer,8.7,139,52.7,25,0,1,0.695,50,120,-1.87,36,0,-0.23,2.04,1.15,1.045,0.695,-2.99,-1.87,-2.39,-2.47,-0.83,-1.43,30.978,54.368,41.816,40.277,1,0,0,0
3461,86,Mujer,5.6,135,31.6,175,0,0,0.497,288,126,-3.15,36,0,-0.12,-0.17,-0.32,0.497,0.147,-3.15,-2.02,-2.55,-2.62,-1.8,-2.4,201.777,354.13,272.371,262.346,0,0,0,0
3462,50,Hombre,8.3,144,57.7,974,0,1,-0.516,581,143,-0.75,36,0,-0.54,-0.37,-0.88,-0.166,-0.516,-1.87,-0.75,-1.27,-1.35,-1.52,-2.12,419.66,736.525,566.481,545.631,0,0,0,0
3463,62,Mujer,7.5,108,47.2,31,1,0,-0.033,30,109,-2.78,36,0,-0.11,-1.09,1.51,-0.033,-0.383,-2.78,-1.66,-2.18,-2.26,-2.23,-2.83,706.361,1239.701,953.487,918.393,0,0,0,0
3464,61,Hombre,10.3,134,45.1,262,0,0,-0.319,190,128,-4.4,36,0,0.5,-1.41,1.27,-0.319,-0.669,-4.4,-3.27,-3.8,-3.87,-4.28,-4.88,111.171,195.111,150.065,144.542,0,0,0,0
3465,74,Mujer,7.1,113,54,23,0,1,-0.695,11,105,0.58,36,0,0.33,0.65,-0.3,-0.345,-0.695,-0.55,0.58,0.05,-0.02,-0.46,-1.06,1476.405,2591.172,1992.939,1919.588,0,0,0,0
3466,60,Mujer,7.2,148,49.5,88,0,1,0.559,154,134,-2.87,36,0,-0.48,0.04,-0.33,0.909,0.559,-3.99,-2.87,-3.39,-3.47,-2.03,-2.63,43.369,76.115,58.542,56.388,0,0,0,0
3467,78,Hombre,8.7,138,32.9,417,0,0,-0.09,381,137,-3.74,33.38,1,1.31,1.19,-1.03,-0.09,-0.44,-3.74,-2.62,-3.14,-3.22,-3.28,-3.88,33.377,58.578,45.054,43.395,1,0,0,0
3468,58,Mujer,8.6,144,44.4,202,0,1,-0.971,76,128,-0.85,36,0,-1.99,-1.58,-0.77,-0.621,-0.971,-1.97,-0.85,-1.37,-1.45,-2.3,-2.9,1064.476,1868.213,1436.892,1384.006,0,0,0,0
3469,63,Hombre,7.7,141,56.2,68,0,0,-0.152,58,128,-1.96,36,0,0.4,-0.64,0.98,-0.152,-0.502,-1.96,-0.84,-1.36,-1.44,-1.59,-2.19,844.994,1483.011,1140.623,1098.641,0,0,0,0
3470,74,Mujer,6.2,123,38.9,102,1,0,0.113,114,121,-1.52,36,0,0.61,0,1.43,0.113,-0.237,-1.52,-0.4,-0.92,-1,-0.75,-1.35,331.874,582.458,447.983,431.495,0,0,0,0
3471,79,Hombre,7.9,127,46.3,68,0,0,0.057,72,136,-2.7,36,0,1.06,-1.02,-0.47,0.057,-0.293,-2.7,-1.57,-2.1,-2.17,-2.01,-2.61,469.786,824.5,634.145,610.805,0,0,0,0
3472,63,Mujer,8,152,55.9,74,0,0,0.158,87,150,-2.03,36,0,0.9,0.69,0.09,0.158,-0.192,-2.03,-0.9,-1.43,-1.5,-1.19,-1.79,1419.178,2490.735,1915.69,1845.182,0,0,0,0
3473,48,Hombre,8.5,120,46.1,62,0,0,-0.084,57,127,-2.28,8.34,1,-0.34,0.67,0.75,-0.084,-0.434,-2.28,-1.15,-1.68,-1.75,-1.8,-2.4,8.335,14.628,11.251,10.837,1,1,1,1
3474,56,Hombre,10,111,49.3,91,0,1,-1.342,24,92,-0.42,36,0,0.54,0.6,-1.07,-0.992,-1.342,-1.54,-0.42,-0.94,-1.02,-2.43,-3.03,1007.235,1767.753,1359.625,1309.584,0,0,0,0
3475,68,Hombre,5.9,120,29.2,63,0,0,0.449,99,127,-1.54,36,0,-0.51,1.17,0.53,0.449,0.099,-1.54,-0.42,-0.94,-1.02,-0.27,-0.87,875.824,1537.118,1182.238,1138.725,0,0,0,0
3476,59,Hombre,5.5,140,50.4,49,0,0,0.322,68,147,-1.24,36,0,-2.74,-0.45,-0.84,0.322,-0.028,-1.24,-0.12,-0.64,-0.72,-0.16,-0.76,212.817,373.505,287.273,276.699,0,0,0,0
3477,82,Mujer,7.4,135,25.7,71,0,0,0.109,79,140,-4.6,36,0,1.75,0.78,-0.54,0.109,-0.241,-4.6,-3.48,-4,-4.08,-3.84,-4.44,393.839,691.21,531.628,512.061,0,0,0,0
3478,82,Hombre,8.4,153,40.3,319,1,0,-0.219,256,162,-5.5,36,0,0.9,-0.04,0.11,-0.219,-0.569,-5.5,-4.38,-4.9,-4.98,-5.23,-5.83,140.282,246.203,189.362,182.392,0,0,0,0
3479,53,Hombre,9,132,47.1,149,0,1,0.062,159,135,-1.82,36,0,-0.03,0.79,0.19,0.412,0.062,-2.94,-1.82,-2.34,-2.42,-1.73,-2.33,292.564,513.467,394.921,380.385,0,0,0,0
3480,46,Hombre,5.5,133,53.4,151,0,0,0.924,380,132,-0.85,36,0,-1.12,0.58,0.71,0.924,0.574,-0.85,0.28,-0.25,-0.32,1.14,0.54,452.564,794.274,610.897,588.413,0,0,0,0
3481,56,Hombre,6.4,139,44,353,0,1,0.327,490,143,-3.67,36,0,-1.18,-0.41,0.43,0.677,0.327,-4.79,-3.67,-4.19,-4.27,-3.18,-3.78,160.741,282.109,216.978,208.992,0,0,0,0
3482,60,Hombre,6.5,161,49.4,331,1,1,-0.648,173,149,-1.59,36,0,0.88,-0.38,-0.46,-0.298,-0.648,-2.72,-1.59,-2.12,-2.19,-2.56,-3.16,585.752,1028.026,790.682,761.58,0,0,0,0
3483,47,Hombre,6.6,145,44.4,33,1,0,0.562,58,142,-2.7,36,0,-0.24,1.77,-1.93,0.562,0.212,-2.7,-1.58,-2.1,-2.18,-1.26,-1.86,1678.043,2945.057,2265.121,2181.752,0,0,0,0
3484,47,Mujer,8.4,121,41.4,66,0,0,0.595,120,133,-2.16,36,0,-0.41,-1.5,-0.73,0.595,0.245,-2.16,-1.03,-1.56,-1.63,-0.67,-1.27,110.033,193.114,148.529,143.062,0,0,0,0
3485,65,Mujer,5.8,140,41.1,660,0,1,-0.579,370,146,-1.55,36,0,1.62,1.06,1.45,-0.229,-0.579,-2.67,-1.55,-2.07,-2.15,-2.42,-3.02,610.01,1070.601,823.428,793.121,0,0,0,0
3486,53,Hombre,8.3,153,49.8,80,0,1,-0.27,61,145,-2.44,36,0,0.73,-1.76,-1.46,0.08,-0.27,-3.57,-2.44,-2.97,-3.04,-2.85,-3.45,1127.807,1979.363,1522.38,1466.348,0,0,0,0
3487,65,Hombre,5.5,125,41.6,70,0,0,0.093,77,132,-2.73,36,0,-0.55,-1.17,-1.24,0.093,-0.257,-2.73,-1.6,-2.13,-2.2,-1.99,-2.59,433.498,760.813,585.161,563.624,0,0,0,0
3488,58,Hombre,6.9,155,54.8,26,0,0,0.384,38,152,-3.52,36,0,1.59,-0.64,-0.04,0.384,0.034,-3.52,-2.4,-2.92,-3,-2.35,-2.95,3388.432,5946.883,4573.904,4405.559,0,0,0,0
3489,68,Hombre,7.5,139,46.1,133,0,0,-0.115,119,139,-2.37,36,0,2.29,-0.14,-2,-0.115,-0.465,-2.37,-1.24,-1.77,-1.84,-1.94,-2.54,1738.838,3051.757,2347.186,2260.797,0,0,0,0
3490,70,Mujer,7,158,52.2,810,0,1,-0.57,458,149,-2.53,36,0,-1.25,0.7,-0.76,-0.22,-0.57,-3.66,-2.53,-3.06,-3.13,-3.39,-3.99,341.459,599.28,460.922,443.957,0,0,0,0
3491,71,Mujer,8.7,145,45.3,124,0,0,0.975,329,147,-3.77,36,0,0.31,2.14,0.8,0.975,0.625,-3.77,-2.65,-3.17,-3.25,-1.71,-2.31,73.947,129.781,99.818,96.144,0,0,0,0
3492,55,Mujer,8.2,114,50.7,155,0,1,0.212,192,110,-1.6,36,0,-0.58,-0.11,1.7,0.562,0.212,-2.72,-1.6,-2.12,-2.2,-1.28,-1.88,1056.913,1854.94,1426.683,1374.173,0,0,0,0
3493,82,Hombre,10.6,156,28.7,401,1,0,0.37,580,165,-5.68,36,0,0.61,0.76,0.56,0.37,0.02,-5.68,-4.56,-5.08,-5.16,-4.53,-5.13,50.579,88.769,68.275,65.762,0,0,0,0
3494,47,Hombre,7.1,146,55.1,25,0,0,0.182,30,138,-0.7,36,0,-2.19,0.07,0.53,0.182,-0.168,-0.7,0.42,-0.1,-0.18,0.17,-0.43,574.557,1008.38,775.571,747.026,0,0,0,0
3495,65,Hombre,8.7,125,65,217,1,1,-0.113,194,123,-0.4,36,0,0.08,-0.57,-1.76,0.237,-0.113,-1.53,-0.4,-0.93,-1,-0.57,-1.17,80.124,140.622,108.156,104.175,0,0,0,0
3496,55,Mujer,7.3,126,67.2,115,0,0,-0.573,65,107,-1.27,36,0,-1.05,0.3,2.22,-0.573,-0.923,-1.27,-0.14,-0.67,-0.74,-1.53,-2.13,3593.705,6307.148,4850.994,4672.45,0,0,0,0
3497,59,Hombre,8.4,134,57.6,545,0,1,-0.485,335,130,-1.79,36,0,-1.15,-0.28,-1.13,-0.135,-0.485,-2.92,-1.79,-2.32,-2.39,-2.52,-3.12,1091.311,1915.31,1473.116,1418.897,0,0,0,0
3498,58,Hombre,6.3,156,56.4,39,1,1,0.256,50,150,-1.36,36,0,-0.03,-0.81,2.17,0.606,0.256,-2.48,-1.36,-1.88,-1.96,-0.97,-1.57,1376.11,2415.148,1857.554,1789.185,0,0,0,0
3499,77,Hombre,7.6,141,41.3,273,0,0,-0.283,206,131,-2.27,36,0,0.14,1.02,2.08,-0.283,-0.633,-2.27,-1.15,-1.67,-1.75,-2.1,-2.7,315.11,553.036,425.354,409.699,0,0,0,0
3500,55,Hombre,8.8,113,36,131,1,0,0.138,150,102,-2.74,36,0,0.09,0.41,-0.06,0.138,-0.212,-2.74,-1.61,-2.14,-2.21,-1.93,-2.53,58.409,102.511,78.844,75.942,0,0,0,0
3501,70,Hombre,10.6,125,36.4,76,1,1,-0.407,51,117,-3.89,36,0,1.12,0.48,1.45,-0.057,-0.407,-5.01,-3.89,-4.41,-4.49,-4.5,-5.1,682.321,1197.51,921.037,887.137,0,0,0,0
3502,68,Hombre,7.3,157,31.5,372,1,1,-0.313,272,145,-3.72,2.45,1,1.17,0.32,0.4,0.037,-0.313,-4.85,-3.72,-4.25,-4.32,-4.19,-4.79,1.395,2.448,1.883,1.814,1,1,1,1
3503,82,Mujer,10,118,41,89,0,1,-0.844,38,122,-0.89,36,0,0.62,-0.67,0.1,-0.494,-0.844,-2.02,-0.89,-1.42,-1.49,-2.16,-2.76,533.624,936.54,720.317,693.806,0,0,0,0
3504,73,Mujer,8.6,145,45.4,86,0,0,0.13,98,157,-3.57,36,0,-0.84,0.47,2.17,0.13,-0.22,-3.57,-2.44,-2.97,-3.04,-2.77,-3.37,936.715,1643.986,1264.433,1217.894,0,0,0,0
3505,42,Mujer,9.8,133,64.4,35,0,1,0.155,41,120,-1.01,36,0,0.2,0.12,1.65,0.505,0.155,-2.14,-1.01,-1.54,-1.61,-0.78,-1.38,67.907,119.181,91.665,88.291,0,0,0,0
3506,72,Mujer,5.9,145,45.8,19,0,0,-0.313,14,144,0.05,36,0,0.14,-1.07,1.28,-0.313,-0.663,0.05,1.18,0.65,0.58,0.18,-0.42,1284.292,2254.002,1733.613,1669.806,0,0,0,0
3507,76,Mujer,7.2,160,40,438,1,0,0.391,648,163,-4,36,0,1.97,-0.76,-0.15,0.391,0.041,-4,-2.88,-3.4,-3.48,-2.81,-3.41,243.757,427.806,329.037,316.927,0,0,0,0
3508,55,Hombre,5.9,132,64.3,115,1,0,0.054,121,130,-1.4,36,0,0.57,-1.8,1.41,0.054,-0.296,-1.4,-0.28,-0.8,-0.88,-0.72,-1.32,1189.344,2087.364,1605.447,1546.358,0,0,0,0
3509,72,Mujer,6.2,141,44,75,0,1,-0.673,38,135,1.8,36,0,0.36,1.02,0.48,-0.323,-0.673,0.68,1.8,1.28,1.2,0.79,0.19,1645.309,2887.606,2220.934,2139.192,0,0,0,0
3510,46,Mujer,7.7,151,54.9,80,0,0,0.889,195,154,-4.27,36,0,1.28,-0.97,-0.13,0.889,0.539,-4.27,-3.14,-3.67,-3.74,-2.33,-2.93,194.904,342.067,263.093,253.41,0,0,0,0
3511,60,Hombre,9.1,141,54.7,112,0,1,-0.101,101,128,-1.23,36,0,-1.85,-0.74,0.51,0.249,-0.101,-2.35,-1.23,-1.75,-1.83,-1.38,-1.98,1025.954,1800.606,1384.893,1333.922,0,0,0,0
3512,65,Hombre,6.6,128,59.3,152,0,0,-0.8,68,127,-1.69,36,0,1.52,0.58,-1.18,-0.8,-1.15,-1.69,-0.56,-1.09,-1.16,-2.29,-2.89,878.963,1542.629,1186.476,1142.807,0,0,0,0
3513,68,Hombre,6.5,151,57.3,37,0,1,-0.691,19,138,0.88,36,0,-1.66,-0.36,0.01,-0.341,-0.691,-0.24,0.88,0.36,0.28,-0.15,-0.75,231.066,405.533,311.906,300.426,0,0,0,0
3514,69,Hombre,9.4,160,42.9,193,0,0,0.272,253,170,-4.91,36,0,-0.52,-0.83,1.64,0.272,-0.078,-4.91,-3.78,-4.31,-4.38,-3.9,-4.5,371.573,652.131,501.571,483.11,0,0,0,0
3515,73,Hombre,9.1,143,33.1,594,1,1,-0.155,509,132,-3.31,4.95,1,1.16,-1.84,0.3,0.195,-0.155,-4.44,-3.31,-3.84,-3.91,-3.55,-4.15,2.821,4.951,3.808,3.668,1,1,1,1
3516,58,Mujer,7.3,137,52.7,129,0,0,-0.219,104,139,-1.86,36,0,-0.55,0.71,-0.86,-0.219,-0.569,-1.86,-0.73,-1.26,-1.33,-1.58,-2.18,1500.322,2633.147,2025.223,1950.683,0,0,0,0
3517,51,Hombre,7.4,137,52.7,343,0,1,0.285,456,132,-0.85,36,0,-1.12,1.04,-1.5,0.635,0.285,-1.98,-0.85,-1.38,-1.45,-0.43,-1.03,960.119,1685.062,1296.026,1248.325,0,0,0,0
3518,72,Mujer,8.7,119,35.3,24,1,0,0.207,30,124,-3.14,36,0,1.32,-0.65,-1.31,0.207,-0.143,-3.14,-2.02,-2.54,-2.62,-2.23,-2.83,64.33,112.903,86.837,83.641,0,0,0,0
3519,64,Mujer,8.9,132,49.8,484,1,1,-0.64,255,124,-1.91,36,0,0.15,1.01,0.8,-0.29,-0.64,-3.03,-1.91,-2.43,-2.51,-2.87,-3.47,1267.993,2225.396,1711.611,1648.614,0,0,0,0
3520,55,Mujer,8.7,126,45.1,8,1,0,0.246,10,124,-2.55,36,0,0.53,-0.89,0.85,0.246,-0.104,-2.55,-1.43,-1.95,-2.03,-1.58,-2.18,1276.965,2241.143,1723.722,1660.28,0,0,0,0
3521,75,Mujer,5.9,147,44.9,35,0,0,-0.741,17,134,-1.54,36,0,0.04,0.32,-1.05,-0.741,-1.091,-1.54,-0.42,-0.94,-1.02,-2.05,-2.65,1101.891,1933.878,1487.397,1432.652,0,0,0,0
3522,62,Mujer,7.7,123,55.2,13,0,0,0.649,25,124,-1.14,36,0,0.21,0.2,-0.93,0.649,0.299,-1.14,-0.01,-0.54,-0.61,0.44,-0.16,969.417,1701.38,1308.576,1260.413,0,0,0,0
3523,70,Hombre,8.9,132,46.1,35,0,0,1.05,100,132,-2.32,36,0,1.63,-1.21,0.44,1.05,0.7,-2.32,-1.19,-1.72,-1.79,-0.14,-0.74,247.087,433.651,333.532,321.256,0,0,0,0
3524,62,Hombre,8.6,149,51.7,184,1,1,-0.06,173,156,-4.85,36,0,0.75,-1.13,-0.85,0.29,-0.06,-5.98,-4.85,-5.38,-5.45,-4.94,-5.54,680.032,1193.493,917.947,884.161,0,0,0,0
3525,73,Mujer,9.1,135,53.2,587,0,1,-0.85,251,129,-1.39,36,0,0.09,1,-1.25,-0.5,-0.85,-2.51,-1.39,-1.91,-1.99,-2.66,-3.26,102.992,180.757,139.025,133.908,0,0,0,0
3526,75,Hombre,7.8,133,29.9,37,1,0,0.688,74,126,-3.88,36,0,0.64,-2.46,-0.58,0.688,0.338,-3.88,-2.75,-3.28,-3.35,-2.25,-2.85,326.771,573.501,441.094,424.86,0,0,0,0
3527,58,Mujer,10,154,34.1,394,0,1,0.175,469,154,-3.96,36,0,0.16,-1.19,0.07,0.525,0.175,-5.09,-3.96,-4.49,-4.56,-3.7,-4.3,133.239,233.842,179.854,173.234,0,0,0,0
3528,63,Hombre,7,116,38.9,99,0,1,-0.12,88,112,-1.53,36,0,1.26,0.63,-1.02,0.23,-0.12,-2.65,-1.53,-2.05,-2.13,-1.71,-2.31,637.466,1118.787,860.489,828.818,0,0,0,0
3529,73,Hombre,8.8,149,67.9,61,1,0,0.851,143,155,-4.29,36,0,0.66,-0.59,-0.32,0.851,0.501,-4.29,-3.16,-3.69,-3.76,-2.41,-3.01,126.979,222.855,171.404,165.095,0,0,0,0
3530,71,Hombre,7.6,124,49.9,105,0,0,1.241,363,100,-1.67,36,0,1.95,-0.83,0.22,1.241,0.891,-1.67,-0.55,-1.07,-1.15,0.79,0.19,479.269,841.144,646.946,623.135,0,0,0,0
3531,65,Mujer,9.8,126,58.8,802,1,1,-0.51,481,125,-3.86,36,0,-0.03,0.31,-1,-0.16,-0.51,-4.98,-3.86,-4.38,-4.46,-4.62,-5.22,147.119,258.202,198.59,191.281,0,0,0,0
3532,61,Mujer,7.6,156,50.5,136,1,0,0.07,146,174,-3.38,36,0,0.51,-0.5,0.58,0.07,-0.28,-3.38,-2.25,-2.78,-2.85,-2.67,-3.27,1192.261,2092.483,1609.384,1550.15,0,0,0,0
3533,72,Mujer,8.4,154,44.1,311,0,1,-1.046,109,145,-1.77,36,0,0.05,-2.03,0.56,-0.696,-1.046,-2.89,-1.77,-2.29,-2.37,-3.34,-3.94,1805.076,3168.007,2436.598,2346.918,0,0,0,0
3534,53,Hombre,9,115,54,42,0,0,-0.323,30,105,-0.87,36,0,-0.06,-0.41,-0.38,-0.323,-0.673,-0.87,0.26,-0.27,-0.34,-0.75,-1.35,55.695,97.747,75.18,72.413,0,0,0,0
3535,53,Hombre,9.5,123,55.5,591,0,1,0.018,602,120,-1.23,36,0,0.02,1.89,2.03,0.368,0.018,-2.35,-1.23,-1.75,-1.83,-1.2,-1.8,228.505,401.038,308.449,297.097,0,0,0,0
3536,49,Hombre,8.9,118,54.2,253,0,0,-0.307,186,125,-1.23,36,0,1.47,-0.88,-2.06,-0.307,-0.657,-1.23,-0.11,-0.63,-0.71,-1.1,-1.7,712.464,1250.413,961.725,926.329,0,0,0,0
3537,72,Mujer,8.1,122,42,108,0,0,-0.4,72,131,-2.38,36,0,-0.72,0.93,-0.26,-0.4,-0.75,-2.38,-1.26,-1.78,-1.86,-2.38,-2.98,452.314,793.836,610.56,588.088,0,0,0,0
3538,83,Hombre,5.8,129,50.7,35,1,0,-0.158,30,135,-0.49,19.13,1,-0.37,0.92,1.37,-0.158,-0.508,-0.49,0.63,0.11,0.03,-0.13,-0.73,19.134,33.58,25.828,24.877,1,1,1,1
3539,68,Hombre,9.1,142,48.4,370,1,1,0.081,401,133,-3.83,36,0,0.41,1.5,-1.01,0.431,0.081,-4.96,-3.83,-4.36,-4.43,-3.71,-4.31,304.667,534.707,411.257,396.121,0,0,0,0
3540,77,Mujer,9.5,124,41.6,118,1,0,-0.518,70,131,-2.68,36,0,0.25,-0.23,-2.6,-0.518,-0.868,-2.68,-1.56,-2.08,-2.16,-2.86,-3.46,358.967,630.006,484.554,466.72,0,0,0,0
3541,74,Mujer,7.2,150,35.2,152,0,0,0.757,324,149,-4.32,36,0,-0.76,0.27,2.64,0.757,0.407,-4.32,-3.19,-3.72,-3.79,-2.58,-3.18,503.889,884.353,680.18,655.145,0,0,0,0
3542,56,Hombre,9.4,142,41.3,341,0,1,0.072,367,135,-3.35,36,0,-0.63,0.23,0.45,0.422,0.072,-4.47,-3.35,-3.87,-3.95,-3.24,-3.84,545.918,958.116,736.913,709.79,0,0,0,0
3543,65,Mujer,10,127,58.3,28,1,1,0.456,44,107,-1.44,36,0,-0.24,-0.85,-0.81,0.806,0.456,-2.56,-1.44,-1.96,-2.04,-0.75,-1.35,930.331,1632.781,1255.815,1209.594,0,0,0,0
3544,52,Mujer,9.1,118,44.6,267,0,0,0.399,398,106,-2.3,36,0,0.7,-0.46,0.08,0.399,0.049,-2.3,-1.17,-1.7,-1.77,-1.1,-1.7,1266.67,2223.075,1709.826,1646.895,0,0,0,0
3545,74,Hombre,7.3,167,30.4,334,1,1,-0.591,185,171,-3.48,36,0,0.16,-0.05,-1.02,-0.241,-0.591,-4.6,-3.48,-4,-4.08,-4.36,-4.96,270.776,475.226,365.509,352.056,0,0,0,0
3546,73,Hombre,7.4,139,44.4,38,0,0,1.515,173,121,-6.29,14.15,1,0.27,0.27,0.35,1.515,1.165,-6.29,-5.17,-5.69,-5.77,-3.42,-4.02,14.154,24.842,19.107,18.403,1,1,1,1
3547,67,Hombre,6.9,122,46,65,0,0,-0.274,49,131,-0.8,36,0,-0.11,0.5,0.97,-0.274,-0.624,-0.8,0.33,-0.2,-0.27,-0.61,-1.21,136.533,239.622,184.3,177.516,0,0,0,0
3548,63,Mujer,5.6,130,49,260,0,1,-0.716,127,134,-1.93,36,0,0.47,-0.29,0.79,-0.366,-0.716,-3.06,-1.93,-2.46,-2.53,-3.01,-3.61,635.179,1114.774,857.402,825.845,0,0,0,0
3549,68,Hombre,6.2,118,31.3,232,0,0,0.715,474,123,-5.44,36,0,0.23,-1.76,0.09,0.715,0.365,-5.44,-4.32,-4.84,-4.92,-3.77,-4.37,629.296,1104.45,849.461,818.196,0,0,0,0
3550,49,Mujer,8,149,41.8,273,0,1,-1.417,66,142,0.2,36,0,0.19,-0.74,2.18,-1.067,-1.417,-0.93,0.2,-0.33,-0.4,-1.93,-2.53,538.072,944.346,726.322,699.589,0,0,0,0
3551,67,Mujer,5.9,130,53.4,68,1,1,0.138,78,122,-0.78,36,0,1.14,-0.2,0.54,0.488,0.138,-1.91,-0.78,-1.31,-1.38,-0.58,-1.18,1611.703,2828.626,2175.571,2095.498,0,0,0,0
3552,86,Mujer,7.4,153,32,109,1,0,0.077,118,150,-4.55,36,0,0.24,1.18,-1.13,0.077,-0.273,-4.55,-3.42,-3.95,-4.02,-3.83,-4.43,151.741,266.314,204.829,197.29,0,0,0,0
3553,56,Mujer,8.1,134,53.2,584,1,1,-0.203,477,127,-0.66,36,0,-1.74,-0.24,0.3,0.147,-0.203,-1.79,-0.66,-1.19,-1.26,-0.97,-1.57,166.664,292.505,224.973,216.693,0,0,0,0
3554,48,Hombre,6.3,126,48.7,164,0,0,-0.044,157,127,0.44,36,0,-2.12,-0.74,0.9,-0.044,-0.394,0.44,1.57,1.04,0.97,0.98,0.38,2107.611,3698.972,2844.977,2740.266,0,0,0,0
3555,57,Mujer,9.5,120,44.2,5594,0,1,-1.044,1970,101,0.09,36,0,-0.12,-0.25,-0.07,-0.694,-1.044,-1.04,0.09,-0.44,-0.51,-1.48,-2.08,1007.233,1767.748,1359.622,1309.58,0,0,0,0
3556,75,Hombre,8.5,137,42.3,345,0,1,-0.31,253,133,-2.22,36,0,-0.57,0.6,-0.58,0.04,-0.31,-3.34,-2.22,-2.74,-2.82,-2.68,-3.28,666.368,1169.512,899.503,866.396,0,0,0,0
3557,66,Hombre,7.4,140,46.5,34,1,0,0.365,49,150,-4,36,0,-0.85,-0.71,1.32,0.365,0.015,-4,-2.87,-3.4,-3.47,-2.85,-3.45,1597.651,2803.965,2156.603,2077.228,0,0,0,0
3558,55,Hombre,9.4,143,66.9,853,0,1,-0.256,660,133,-3.28,36,0,-1.01,-0.07,0.86,0.094,-0.256,-4.4,-3.28,-3.8,-3.88,-3.66,-4.26,178.554,313.372,241.022,232.151,0,0,0,0
3559,53,Hombre,6.5,142,50.4,196,0,1,-0.034,190,138,0.22,36,0,0.05,-0.49,1.49,0.316,-0.034,-0.91,0.22,-0.31,-0.38,0.17,-0.43,1164.293,2043.397,1571.631,1513.786,0,0,0,0
3560,58,Hombre,8.5,122,30.3,336,0,1,-0.551,194,117,-0.83,36,0,0.62,0.51,1.26,-0.201,-0.551,-1.95,-0.83,-1.35,-1.43,-1.65,-2.25,401.539,704.723,542.021,522.071,0,0,0,0
3561,77,Hombre,6.3,151,35.1,183,0,0,0.375,266,144,-3.89,6.38,1,0.57,-0.73,-1.54,0.375,0.025,-3.89,-2.76,-3.29,-3.36,-2.73,-3.33,6.382,11.201,8.615,8.298,1,1,1,1
3562,70,Hombre,6.5,130,44.2,27,0,0,-0.012,27,129,-3.01,36,0,-0.38,-1.1,-1.18,-0.012,-0.362,-3.01,-1.89,-2.41,-2.49,-2.43,-3.03,1536.496,2696.635,2074.053,1997.716,0,0,0,0
3563,56,Hombre,7.8,136,47,16,0,0,0.024,16,126,-0.44,36,0,0.12,-1.1,0.23,0.024,-0.326,-0.44,0.69,0.16,0.09,0.2,-0.4,3155.407,5537.911,4259.354,4102.586,0,0,0,0
3564,73,Hombre,7.9,123,39.5,187,0,1,-0.076,173,107,-2.28,36,0,-0.25,1.52,-2.33,0.274,-0.076,-3.4,-2.28,-2.8,-2.88,-2.39,-2.99,762.875,1338.887,1029.773,991.872,0,0,0,0
3565,56,Mujer,8.3,156,54.1,631,0,0,-0.367,437,163,-2.2,36,0,0.83,-0.42,-0.79,-0.367,-0.717,-2.2,-1.08,-1.6,-1.68,-2.15,-2.75,1014.336,1780.214,1369.21,1318.815,0,0,0,0
3566,61,Mujer,6.5,129,58,176,0,0,-0.09,161,119,-0.44,36,0,-1.43,-0.47,0.52,-0.09,-0.44,-0.44,0.69,0.16,0.09,0.03,-0.57,740.522,1299.657,999.6,962.809,0,0,0,0
3567,72,Mujer,5.6,159,47,108,1,1,-0.444,69,148,-1.47,36,0,-0.3,0.09,-0.55,-0.094,-0.444,-2.6,-1.47,-2,-2.07,-2.14,-2.74,1447.77,2540.915,1954.285,1882.356,0,0,0,0
3568,73,Mujer,7.2,145,37.4,85,0,1,-0.048,81,140,-2.56,36,0,-0.23,1.1,-0.18,0.302,-0.048,-3.69,-2.56,-3.09,-3.16,-2.64,-3.24,1119.869,1965.431,1511.664,1456.027,0,0,0,0
3569,42,Mujer,8.1,95,61,9,0,0,0.101,10,95,0.54,36,0,-0.49,-1.19,-0.23,0.101,-0.249,0.54,1.66,1.14,1.06,1.29,0.69,13326.474,23388.69,17988.858,17326.768,0,0,0,0
3570,79,Hombre,6.5,140,28.3,22,0,0,-0.08,20,126,-2.18,36,0,1.12,0.83,-0.28,-0.08,-0.43,-2.18,-1.05,-1.58,-1.65,-1.7,-2.3,1083.001,1900.726,1461.899,1408.093,0,0,0,0
3571,70,Mujer,7.5,137,48.1,339,1,1,-0.03,329,132,-3.83,36,0,0.43,-1.33,1.89,0.32,-0.03,-4.96,-3.83,-4.36,-4.43,-3.88,-4.48,102.994,180.76,139.027,133.91,0,0,0,0
3572,62,Mujer,7.5,154,46.9,229,0,1,-0.273,174,140,0.21,36,0,-1.5,2.05,-0.15,0.077,-0.273,-0.92,0.21,-0.32,-0.39,-0.2,-0.8,629.937,1105.573,850.326,819.029,0,0,0,0
3573,53,Mujer,8.8,129,57.7,92,0,1,0.544,159,120,-1.85,36,0,-1.56,1.34,0.26,0.894,0.544,-2.98,-1.85,-2.38,-2.45,-1.03,-1.63,1674.511,2938.859,2260.354,2177.16,0,0,0,0
3574,61,Hombre,7.5,135,48.8,78,0,0,-0.298,58,136,-2.31,36,0,-2.06,0.74,1.97,-0.298,-0.648,-2.31,-1.18,-1.71,-1.78,-2.15,-2.75,209.252,367.249,282.461,272.065,0,0,0,0
3575,61,Mujer,7.6,130,50.7,49,1,0,-0.18,41,130,-0.85,36,0,1.94,-0.1,-0.43,-0.18,-0.53,-0.85,0.27,-0.25,-0.33,-0.52,-1.12,56.371,98.933,76.092,73.292,0,0,0,0
3576,54,Mujer,7.1,141,52.6,205,1,0,-0.299,152,143,-1.13,36,0,1.72,-1.75,0.6,-0.299,-0.649,-1.13,-0.01,-0.53,-0.61,-0.98,-1.58,1539.735,2702.319,2078.425,2001.927,0,0,0,0
3577,66,Hombre,5.9,124,65.7,22,1,0,0.034,23,112,-2.34,36,0,-0.92,0.17,1.84,0.034,-0.316,-2.34,-1.22,-1.74,-1.82,-1.69,-2.29,3601.504,6320.836,4861.522,4682.591,0,0,0,0
3578,74,Hombre,8.9,156,24,722,0,1,-0.588,401,148,-3.79,36,0,-0.41,1.81,-0.84,-0.238,-0.588,-4.92,-3.79,-4.32,-4.39,-4.67,-5.27,165.86,291.093,223.887,215.647,0,0,0,0
3579,74,Hombre,9.2,134,45,83,0,0,0.238,105,127,-3.36,36,0,0.24,-0.36,-0.02,0.238,-0.112,-3.36,-2.24,-2.76,-2.84,-2.41,-3.01,310.386,544.744,418.977,403.556,0,0,0,0
3580,51,Hombre,8.9,185,48,829,1,1,0.014,841,176,-4.91,7.26,1,0.25,-1.55,0.19,0.364,0.014,-6.04,-4.91,-5.44,-5.51,-4.89,-5.49,4.135,7.257,5.582,5.376,1,1,1,1
3581,61,Mujer,7.1,129,41,122,0,0,0.31,166,132,-3.75,36,0,1.84,-1.12,-1.3,0.31,-0.04,-3.75,-2.63,-3.15,-3.23,-2.69,-3.29,467.97,821.313,631.693,608.444,0,0,0,0
3582,51,Mujer,7,135,45.2,249,0,1,-0.267,191,138,-0.5,36,0,-0.37,-1.28,-0.12,0.083,-0.267,-1.62,-0.5,-1.02,-1.1,-0.9,-1.5,2016.877,3539.73,2722.5,2622.296,0,0,0,0
3583,68,Hombre,8.7,139,52.6,133,0,0,-0.175,112,148,-2.1,36,0,-1.4,2.16,0.3,-0.175,-0.525,-2.1,-0.98,-1.5,-1.58,-1.77,-2.37,83.829,147.124,113.157,108.992,0,0,0,0
3584,65,Hombre,7.1,119,56.1,22,1,1,-0.713,11,108,2.14,36,0,1.69,1.52,0.42,-0.363,-0.713,1.02,2.14,1.62,1.54,1.07,0.47,4278.701,7509.354,5775.642,5563.066,0,0,0,0
3585,78,Mujer,9.1,117,45.7,373,1,0,0.071,401,112,-1.25,36,0,-0.88,-1.96,-2.25,0.071,-0.279,-1.25,-0.13,-0.65,-0.73,-0.54,-1.14,321.173,563.677,433.539,417.582,0,0,0,0
3586,55,Hombre,8.9,149,45.7,180,0,1,-0.886,74,149,-1.77,36,0,-2.31,-0.46,-1.21,-0.536,-0.886,-2.89,-1.77,-2.29,-2.37,-3.09,-3.69,258.803,454.214,349.348,336.49,0,0,0,0
3587,49,Hombre,9.6,152,52.6,41,1,0,0.039,43,148,-3.38,36,0,-1.44,0.82,-1.34,0.039,-0.311,-3.38,-2.26,-2.78,-2.86,-2.72,-3.32,463.775,813.95,626.03,602.989,0,0,0,0
3588,57,Hombre,7.6,124,39.4,18,0,1,-0.141,16,108,-0.77,36,0,0.04,-1.95,1.52,0.209,-0.141,-1.89,-0.77,-1.29,-1.37,-0.98,-1.58,1640.369,2878.938,2214.267,2132.77,0,0,0,0
3589,72,Hombre,6.7,112,37.1,71,0,0,-0.472,44,103,-1.82,36,0,0.59,-1.46,-0.66,-0.472,-0.822,-1.82,-0.7,-1.22,-1.3,-1.93,-2.53,2815.841,4941.955,3800.988,3661.09,0,0,0,0
3590,68,Mujer,8.4,131,48.9,669,0,1,-0.962,256,139,-1.59,36,0,0.71,0.74,0.6,-0.612,-0.962,-2.72,-1.59,-2.12,-2.19,-3.03,-3.63,420.704,738.359,567.891,546.99,0,0,0,0
3591,76,Mujer,5.5,118,46.8,44,0,0,0.661,85,128,-1.41,36,0,-0.18,-0.1,-0.69,0.661,0.311,-1.41,-0.29,-0.81,-0.89,0.18,-0.42,1296.481,2275.395,1750.066,1685.654,0,0,0,0
3592,60,Hombre,7.9,145,61,344,0,0,0.224,430,153,-2.9,36,0,0.03,0.03,-0.38,0.224,-0.126,-2.9,-1.78,-2.3,-2.38,-1.97,-2.57,63.444,111.348,85.641,82.489,0,0,0,0
3593,55,Mujer,9.4,136,42.8,246,0,1,-0.336,176,131,-2.15,36,0,-1.46,-2.58,-0.29,0.014,-0.336,-3.27,-2.15,-2.67,-2.75,-2.65,-3.25,203.828,357.729,275.139,265.012,0,0,0,0
3594,90,Hombre,8,151,52.1,326,1,1,0.107,363,158,-2.97,36,0,1.1,-0.16,-0.98,0.457,0.107,-4.09,-2.97,-3.49,-3.57,-2.8,-3.4,238.831,419.161,322.388,310.522,0,0,0,0
3595,59,Hombre,10,137,50.6,121,0,0,0.335,169,128,-3.1,36,0,-0.19,-1.92,-0.8,0.335,-0.015,-3.1,-1.98,-2.5,-2.58,-2,-2.6,352.032,617.835,475.193,457.703,0,0,0,0
3596,60,Hombre,10.1,152,35.1,111,0,0,0.539,190,163,-1.95,13.56,1,0.55,-0.45,1.1,0.539,0.189,-1.95,-0.83,-1.35,-1.43,-0.54,-1.14,13.564,23.806,18.31,17.636,1,1,1,1
3597,80,Hombre,6.8,119,43.5,22,1,0,0.188,27,104,-1.62,17.53,1,0.13,-0.8,0.19,0.188,-0.162,-1.62,-0.5,-1.02,-1.1,-0.74,-1.34,17.527,30.761,23.659,22.788,1,1,1,1
3598,44,Mujer,8.8,144,49,1318,0,1,-0.51,792,139,-2.27,36,0,-0.54,0.07,0.33,-0.16,-0.51,-3.4,-2.27,-2.8,-2.87,-3.04,-3.64,105.541,185.23,142.465,137.222,0,0,0,0
3599,61,Hombre,7.2,132,32.8,10,0,0,-0.417,7,127,-1.43,36,0,-0.36,1.36,0.57,-0.417,-0.767,-1.43,-0.3,-0.83,-0.9,-1.45,-2.05,358.157,628.586,483.462,465.668,0,0,0,0
3600,69,Hombre,8.3,131,54.9,458,0,1,-0.67,234,120,-0.25,36,0,-1.75,0.9,-1.03,-0.32,-0.67,-1.38,-0.25,-0.78,-0.85,-1.26,-1.86,617.174,1083.174,833.097,802.435,0,0,0,0
3601,80,Mujer,8,138,44.5,161,0,0,-1.32,43,140,-1.72,36,0,1.72,1.04,-0.93,-1.32,-1.67,-1.72,-0.6,-1.12,-1.2,-3.1,-3.7,1415.434,2484.164,1910.636,1840.314,0,0,0,0
3602,65,Hombre,8.5,133,45.5,184,0,0,-0.347,130,135,-2.52,36,0,1.16,-0.09,-0.1,-0.347,-0.697,-2.52,-1.39,-1.92,-1.99,-2.44,-3.04,2051.659,3600.774,2769.45,2667.519,0,0,0,0
3603,66,Hombre,6.3,154,59.3,15,1,0,0.159,18,144,-1.69,36,0,0.72,-0.73,-0.54,0.159,-0.191,-1.69,-0.56,-1.09,-1.16,-0.85,-1.45,241.889,424.528,326.516,314.498,0,0,0,0
3604,50,Hombre,8.5,148,47,191,0,1,-0.396,129,143,-1.89,36,0,0.65,0.82,-0.5,-0.046,-0.396,-3.02,-1.89,-2.42,-2.49,-2.48,-3.08,386.216,677.83,521.337,502.149,0,0,0,0
3605,76,Hombre,7,124,41.6,621,1,1,-0.798,280,124,-2.36,36,0,0.99,-0.88,-0.01,-0.448,-0.798,-3.49,-2.36,-2.89,-2.96,-3.56,-4.16,20.729,36.381,27.982,26.952,1,0,1,1
3606,58,Mujer,7.6,130,34.1,40,0,0,0.466,64,131,-1.71,36,0,-1.33,-1.85,-0.23,0.466,0.116,-1.71,-0.59,-1.11,-1.19,-0.41,-1.01,665.316,1167.666,898.082,865.028,0,0,0,0
3607,60,Hombre,6.4,139,57.5,35,0,0,1.129,108,126,-2.34,36,0,-3.04,-2,2.61,1.129,0.779,-2.34,-1.22,-1.74,-1.82,-0.05,-0.65,198.903,349.086,268.491,258.609,0,0,0,0
3608,66,Hombre,8,139,51.8,867,0,1,-0.916,347,126,-1.03,36,0,1.77,0.94,-0.45,-0.566,-0.916,-2.15,-1.03,-1.55,-1.63,-2.4,-3,374.339,656.986,505.305,486.707,0,0,0,0
3609,61,Hombre,7.8,129,51.8,39,0,0,-0.184,32,136,-2.24,36,0,0.29,-0.93,1.38,-0.184,-0.534,-2.24,-1.11,-1.64,-1.71,-1.92,-2.52,1365.665,2396.817,1843.455,1775.606,0,0,0,0
3610,74,Mujer,8,165,46.7,231,0,1,-0.85,99,152,-3.35,36,0,0.22,-1.68,0.84,-0.5,-0.85,-4.48,-3.35,-3.88,-3.95,-4.63,-5.23,323.938,568.529,437.271,421.177,0,0,0,0
3611,55,Hombre,7.1,118,61.5,36,1,1,0.006,36,104,-0.49,36,0,-2.13,1.31,-1.28,0.356,0.006,-1.61,-0.49,-1.01,-1.09,-0.48,-1.08,702.877,1233.588,948.785,913.865,0,0,0,0
3612,60,Hombre,8.4,115,36.2,42,0,1,0.255,54,114,-2.11,36,0,-1.49,-1.78,0.31,0.605,0.255,-3.23,-2.11,-2.63,-2.71,-1.73,-2.33,643.268,1128.971,868.321,836.362,0,0,0,0
3613,83,Mujer,7.5,130,26.4,189,0,0,0.453,297,118,-2.61,36,0,1.69,0.3,1.76,0.453,0.103,-2.61,-1.49,-2.01,-2.09,-1.34,-1.94,1263.923,2218.254,1706.118,1643.323,0,0,0,0
3614,72,Hombre,7.2,120,27.4,107,0,0,-0.093,98,104,-2.94,21.21,1,0.82,0.37,0.2,-0.093,-0.443,-2.94,-1.82,-2.34,-2.42,-2.48,-3.08,21.208,37.221,28.628,27.574,1,0,1,1
3615,62,Mujer,7.3,113,41.7,65,0,0,0.313,89,119,-1.49,36,0,-0.28,-2.51,-1.58,0.313,-0.037,-1.49,-0.36,-0.89,-0.96,-0.42,-1.02,281.755,494.495,380.329,366.331,0,0,0,0
3616,65,Mujer,6.1,144,43.8,134,0,0,0.605,245,154,-1.84,36,0,0.22,0.35,0.07,0.605,0.255,-1.84,-0.71,-1.24,-1.31,-0.33,-0.93,421.444,739.657,568.89,547.952,0,0,0,0
3617,57,Hombre,8.1,158,49.4,96,0,0,1.134,298,156,-2.86,17.16,1,-1.1,2.12,-1.12,1.134,0.784,-2.86,-1.74,-2.26,-2.34,-0.56,-1.16,17.161,30.119,23.165,22.313,1,1,1,1
3618,80,Hombre,8.4,122,32.6,113,0,0,-0.716,55,128,-2.86,0.88,1,0.78,-0.4,0.7,-0.716,-1.066,-2.86,-1.74,-2.26,-2.34,-3.34,-3.94,0.876,1.537,1.182,1.139,1,1,1,1
3619,61,Hombre,7.2,137,49.4,46,0,0,0.101,51,129,-3.11,36,0,0.11,-0.68,0.31,0.101,-0.249,-3.11,-1.98,-2.51,-2.58,-2.35,-2.95,396.251,695.442,534.883,515.196,0,0,0,0
3620,56,Hombre,8,129,51.1,100,0,1,0.513,167,117,-2.12,36,0,0.24,-1.28,-0.26,0.863,0.513,-3.25,-2.12,-2.65,-2.72,-1.36,-1.96,178.442,313.175,240.871,232.005,0,0,0,0
3621,59,Hombre,10.7,128,51.2,162,0,0,-0.656,84,113,0.55,36,0,0.99,-0.13,-2.38,-0.656,-1.006,0.55,1.67,1.15,1.07,0.16,-0.44,1629.154,2859.255,2199.128,2118.188,0,0,0,0
3622,56,Hombre,5.9,121,59.8,89,0,0,-0.367,62,127,-1.28,36,0,-1.7,-1.63,-0.73,-0.367,-0.717,-1.28,-0.15,-0.68,-0.75,-1.23,-1.83,5630.748,9882.271,7600.715,7320.967,0,0,0,0
3623,64,Hombre,6.7,122,40.4,246,0,0,0.187,297,127,-2.75,36,0,-1.06,-1.53,-0.15,0.187,-0.163,-2.75,-1.62,-2.15,-2.22,-1.87,-2.47,40.604,71.262,54.809,52.792,0,0,0,0
3624,59,Hombre,10.6,157,53.8,2607,1,1,-0.626,1394,141,-3.03,36,0,-0.23,1,-1.05,-0.276,-0.626,-4.15,-3.03,-3.55,-3.63,-3.96,-4.56,65.387,114.759,88.264,85.015,0,0,0,0
3625,72,Mujer,8.7,113,32.6,153,1,0,-0.079,141,110,-3.44,36,0,-0.73,0.52,-1.48,-0.079,-0.429,-3.44,-2.31,-2.84,-2.91,-2.96,-3.56,393.322,690.301,530.929,511.388,0,0,0,0
3626,65,Hombre,6.7,118,49.3,11,1,0,0.392,16,119,-0.11,36,0,-0.67,0.06,-0.33,0.392,0.042,-0.11,1.02,0.49,0.42,1.08,0.48,1572.871,2760.474,2123.153,2045.009,0,0,0,0
3627,52,Hombre,5.5,173,48.3,236,0,0,-0.51,142,164,-1.52,36,0,-0.83,0.95,-0.46,-0.51,-0.86,-1.52,-0.4,-0.92,-1,-1.69,-2.29,505.42,887.04,682.246,657.135,0,0,0,0
3628,79,Mujer,7.2,167,55,144,1,0,1.188,473,173,-6.25,36,0,-1.36,-1.22,-0.16,1.188,0.838,-6.25,-5.13,-5.65,-5.73,-3.87,-4.47,598.482,1050.369,807.867,778.133,0,0,0,0
3629,73,Hombre,8.7,148,51.9,72,0,1,0.087,79,144,-1.77,36,0,1.27,-1.29,1.15,0.437,0.087,-2.9,-1.77,-2.3,-2.37,-1.64,-2.24,123.635,216.986,166.889,160.747,0,0,0,0
3630,66,Hombre,8.9,112,37.2,246,1,1,-0.246,192,91,-1.68,36,0,-0.81,1.03,-0.58,0.104,-0.246,-2.81,-1.68,-2.21,-2.28,-2.05,-2.65,369.789,648.999,499.162,480.791,0,0,0,0
3631,69,Mujer,8.2,139,20,99,1,0,1.06,286,122,-4.56,21.72,1,-1.23,-1.01,-0.6,1.06,0.71,-4.56,-3.43,-3.96,-4.03,-2.37,-2.97,21.723,38.124,29.322,28.243,1,0,1,1
3632,75,Hombre,7.9,128,41.8,260,1,0,0.012,263,129,-3.09,36,0,0.12,1.84,1.11,0.012,-0.338,-3.09,-1.97,-2.49,-2.57,-2.47,-3.07,3893.597,6833.476,5255.806,5062.363,0,0,0,0
3633,68,Hombre,8.4,136,45.8,77,1,1,-0.308,57,136,-4.32,36,0,1.54,1.06,-1.09,0.042,-0.308,-5.44,-4.32,-4.84,-4.92,-4.78,-5.38,761.657,1336.749,1028.129,990.288,0,0,0,0
3634,75,Hombre,10,140,44.7,132,0,1,-1.21,39,151,-0.39,36,0,2.12,0.53,0.61,-0.86,-1.21,-1.51,-0.39,-0.91,-0.99,-2.2,-2.8,702.63,1233.154,948.451,913.543,0,0,0,0
3635,71,Hombre,6.8,163,46.1,287,0,0,0.723,591,154,-3.93,36,0,-0.5,0.27,-1.21,0.723,0.373,-3.93,-2.8,-3.33,-3.4,-2.24,-2.84,364.4,639.542,491.888,473.784,0,0,0,0
3636,63,Hombre,7.3,116,41.5,293,0,0,-0.052,278,112,-3.71,36,0,0.26,-0.48,-1.93,-0.052,-0.402,-3.71,-2.59,-3.11,-3.19,-3.19,-3.79,287.372,504.353,387.911,373.634,0,0,0,0
3637,76,Mujer,8.9,178,38.2,1245,1,1,-0.433,807,174,-4.67,3.75,1,-0.75,-3.04,-0.2,-0.083,-0.433,-5.8,-4.67,-5.2,-5.27,-5.32,-5.92,2.138,3.753,2.886,2.78,1,1,1,1
3638,46,Hombre,7.3,125,49.2,153,1,1,-0.691,77,121,-0.88,36,0,0.61,2.36,0.12,-0.341,-0.691,-2.01,-0.88,-1.41,-1.48,-1.92,-2.52,1046.305,1836.323,1412.364,1360.381,0,0,0,0
3639,65,Mujer,8.5,123,38.7,86,1,0,0.227,108,108,-3.44,36,0,0.73,1.48,0.43,0.227,-0.123,-3.44,-2.32,-2.84,-2.92,-2.5,-3.1,981.831,1723.167,1325.333,1276.553,0,0,0,0
3640,60,Hombre,7.4,125,37,28,0,0,1.057,81,122,-2.15,36,0,2.16,-0.87,-0.76,1.057,0.707,-2.15,-1.02,-1.55,-1.62,0.04,-0.56,129.732,227.687,175.12,168.675,0,0,0,0
3641,71,Mujer,11.1,163,55.9,1646,1,1,-0.432,1068,153,-4.4,36,0,0.91,-0.2,0.58,-0.082,-0.432,-5.52,-4.4,-4.92,-5,-5.05,-5.65,52.885,92.816,71.387,68.76,0,0,0,0
3642,66,Hombre,7.8,147,20,195,1,0,0.243,249,133,-3.47,36,0,0.9,0.35,-0.46,0.243,-0.107,-3.47,-2.35,-2.87,-2.95,-2.51,-3.11,149.416,262.233,201.69,194.267,0,0,0,0
3643,76,Mujer,10.1,186,42.1,60,0,0,0.791,132,194,-5.17,32.37,1,0.27,-0.15,-1.96,0.791,0.441,-5.17,-4.04,-4.57,-4.64,-3.38,-3.98,32.366,56.804,43.689,42.081,1,0,0,0
3644,65,Mujer,8.1,138,37.8,47,0,0,-0.137,41,125,-1.97,36,0,-1.17,-0.91,-0.05,-0.137,-0.487,-1.97,-0.85,-1.37,-1.45,-1.58,-2.18,771.551,1354.113,1041.484,1003.152,0,0,0,0
3645,67,Hombre,7.8,135,33.6,101,0,0,0.386,149,146,-3.06,36,0,2.17,-1.38,0.05,0.386,0.036,-3.06,-1.94,-2.46,-2.54,-1.88,-2.48,38.074,66.822,51.395,49.503,0,0,0,0
3646,70,Mujer,9.9,140,56.5,877,1,1,-1.058,304,127,-1.01,36,0,2.56,-1.92,1.42,-0.708,-1.058,-2.14,-1.01,-1.54,-1.61,-2.6,-3.2,62.618,109.898,84.525,81.414,0,0,0,0
3647,79,Mujer,7.9,143,51.8,129,1,0,-0.162,110,141,-3.54,36,0,0.87,-0.74,-0.58,-0.162,-0.512,-3.54,-2.42,-2.94,-3.02,-3.19,-3.79,264.797,464.734,357.439,344.283,0,0,0,0
3648,58,Hombre,9.2,108,50.7,362,0,0,0.364,521,107,-2.2,36,0,-0.1,-0.24,0.36,0.364,0.014,-2.2,-1.07,-1.6,-1.67,-1.05,-1.65,178.916,314.007,241.511,232.622,0,0,0,0
3649,82,Mujer,9.1,157,49.8,73,1,0,0.02,74,146,-4.83,36,0,1.81,0.61,1.6,0.02,-0.33,-4.83,-3.71,-4.23,-4.31,-4.2,-4.8,266.558,467.824,359.816,346.573,0,0,0,0
3650,57,Hombre,6.5,148,48.4,220,0,0,0.142,254,166,-3.27,36,0,-1.43,2.99,0.72,0.142,-0.208,-3.27,-2.15,-2.67,-2.75,-2.46,-3.06,192.037,337.035,259.223,249.682,0,0,0,0
3651,53,Hombre,6.8,117,54.2,65,0,1,-0.221,52,102,0.76,36,0,-1.7,-0.35,0.27,0.129,-0.221,-0.36,0.76,0.24,0.16,0.43,-0.17,1085.271,1904.709,1464.962,1411.043,0,0,0,0
3652,76,Hombre,8.8,127,37.2,175,0,0,0.13,199,131,-3.73,29.67,1,-0.48,0.95,0.08,0.13,-0.22,-3.73,-2.61,-3.13,-3.21,-2.94,-3.54,29.667,52.068,40.047,38.573,1,0,0,0
3653,69,Hombre,7.1,156,50.9,97,0,0,0.542,167,165,-4.11,36,0,0.75,-0.27,0.46,0.542,0.192,-4.11,-2.98,-3.51,-3.58,-2.7,-3.3,67.2,117.941,90.711,87.372,0,0,0,0
3654,59,Mujer,9.4,108,50,114,0,0,-0.355,80,120,-2.39,36,0,-0.25,-0.47,-0.45,-0.355,-0.705,-2.39,-1.26,-1.79,-1.86,-2.32,-2.92,1508.948,2648.286,2036.866,1961.898,0,0,0,0
3655,77,Mujer,7.2,159,34,129,1,0,0.797,286,159,-5.46,9.8,1,-0.39,1.47,0.08,0.797,0.447,-5.46,-4.33,-4.86,-4.93,-3.66,-4.26,9.797,17.194,13.224,12.737,1,1,1,1
3656,70,Mujer,7.9,117,55.4,51,0,1,-0.936,20,119,-0.56,36,0,0.96,-0.29,0.3,-0.586,-0.936,-1.69,-0.56,-1.09,-1.16,-1.97,-2.57,4002.001,7023.731,5402.137,5203.308,0,0,0,0
3657,56,Mujer,7.4,144,45,34,0,0,-0.254,26,132,-2.83,36,0,0.14,-0.01,1.54,-0.254,-0.604,-2.83,-1.7,-2.23,-2.3,-2.61,-3.21,1727.333,3031.565,2331.656,2245.838,0,0,0,0
3658,67,Mujer,5.5,117,56.7,62,0,1,-1.042,22,117,1.64,36,0,1.18,-0.22,1.08,-0.692,-1.042,0.51,1.64,1.11,1.04,0.07,-0.53,2699.76,4738.225,3644.294,3510.164,0,0,0,0
3659,64,Mujer,9.3,124,46.5,70,0,0,0.67,137,128,-2.74,36,0,-0.62,-0.04,0.04,0.67,0.32,-2.74,-1.62,-2.14,-2.22,-1.14,-1.74,36.748,64.494,49.604,47.778,0,0,0,0
3660,53,Hombre,8.5,146,55.6,653,0,1,-0.043,625,144,-1.91,36,0,-0.73,-1.09,-1.14,0.307,-0.043,-3.03,-1.91,-2.43,-2.51,-1.97,-2.57,875.234,1536.083,1181.442,1137.958,0,0,0,0
3661,70,Hombre,6.4,132,56,141,0,0,-0.664,73,131,-0.47,36,0,0.8,0.83,0.3,-0.664,-1.014,-0.47,0.66,0.13,0.06,-0.86,-1.46,725.227,1272.813,978.954,942.923,0,0,0,0
3662,67,Hombre,7.8,147,49.4,85,0,0,1.234,292,159,-4.59,36,0,0.32,-0.78,0.8,1.234,0.884,-4.59,-3.47,-3.99,-4.07,-2.14,-2.74,1043.913,1832.125,1409.136,1357.272,0,0,0,0
3663,66,Hombre,6.7,113,53.9,140,0,1,-0.561,80,108,-0.06,36,0,0.75,-0.49,0.79,-0.211,-0.561,-1.18,-0.06,-0.58,-0.66,-0.9,-1.5,891.9,1565.333,1203.939,1159.627,0,0,0,0
3664,57,Mujer,8.1,131,43.8,129,1,0,-0.092,118,116,-1.94,36,0,0.85,-0.26,-1.45,-0.092,-0.442,-1.94,-0.82,-1.34,-1.42,-1.48,-2.08,56.329,98.861,76.037,73.238,0,0,0,0
3665,63,Hombre,7.6,159,51.6,93,1,1,-0.563,53,147,-3.07,36,0,0.26,-1.01,-2,-0.213,-0.563,-4.19,-3.07,-3.59,-3.67,-3.91,-4.51,359.074,630.194,484.699,466.86,0,0,0,0
3666,60,Mujer,7.4,133,38.7,3579,0,1,-1.284,991,126,-1.86,36,0,1.39,0.44,1.37,-0.934,-1.284,-2.99,-1.86,-2.39,-2.46,-3.79,-4.39,526.494,924.026,710.693,684.535,0,0,0,0
3667,55,Mujer,7.4,140,47.8,11,0,0,1.176,36,139,-2.35,36,0,-1.03,-0,0.17,1.176,0.826,-2.35,-1.22,-1.75,-1.82,0.02,-0.58,747.074,1311.156,1008.445,971.328,0,0,0,0
3668,63,Hombre,8,138,53.2,691,0,0,0.601,1260,139,-4.8,36,0,-0.51,-2.16,1.14,0.601,0.251,-4.8,-3.68,-4.2,-4.28,-3.3,-3.9,97.537,171.183,131.661,126.815,0,0,0,0
3669,51,Hombre,6.2,133,46.5,71,0,0,0.813,160,137,-3.79,36,0,-1.88,0.09,0.33,0.813,0.463,-3.79,-2.67,-3.19,-3.27,-1.97,-2.57,2294.843,4027.576,3097.715,2983.701,0,0,0,0
3670,65,Hombre,10.3,149,45.7,188,0,0,-0.767,87,160,-2.29,36,0,0.14,-1.07,0.42,-0.767,-1.117,-2.29,-1.17,-1.69,-1.77,-2.84,-3.44,1000.823,1756.499,1350.969,1301.246,0,0,0,0
3671,47,Hombre,7.6,118,59,77,0,0,0.592,139,123,-0.59,36,0,-0.89,1.28,-0.35,0.592,0.242,-0.59,0.54,0.01,-0.06,0.9,0.3,1906.893,3346.702,2574.037,2479.298,0,0,0,0
3672,63,Mujer,9.2,153,45,111,0,0,-0.14,96,152,-2.37,36,0,-0.44,0.29,-1.48,-0.14,-0.49,-2.37,-1.25,-1.77,-1.85,-1.98,-2.58,51.103,89.688,68.981,66.442,0,0,0,0
3673,65,Hombre,7.4,121,57.4,535,1,1,-0.606,292,105,-1.3,36,0,-0.51,-0.4,-1.02,-0.256,-0.606,-2.43,-1.3,-1.83,-1.9,-2.21,-2.81,939.665,1649.164,1268.415,1221.731,0,0,0,0
3674,38,Hombre,7.2,115,54.5,43,0,1,-0.911,17,106,1.08,36,0,-0.18,1.44,-0.73,-0.561,-0.911,-0.05,1.08,0.55,0.48,-0.29,-0.89,3570.316,6266.099,4819.422,4642.041,0,0,0,0
3675,84,Mujer,8,151,46.1,274,0,0,-0.868,115,141,-2.27,36,0,0.05,-0.75,-0.27,-0.868,-1.218,-2.27,-1.14,-1.67,-1.74,-2.97,-3.57,43.211,75.838,58.329,56.182,0,0,0,0
3676,69,Hombre,6.9,149,28.3,40,0,0,0.711,81,160,-3.32,18.43,1,-0.76,0.25,-1.57,0.711,0.361,-3.32,-2.19,-2.72,-2.79,-1.65,-2.25,18.427,32.34,24.873,23.958,1,1,1,1
3677,56,Mujer,9.4,124,44.2,87,0,1,-0.853,37,131,0.89,36,0,0.72,0.72,2.43,-0.503,-0.853,-0.23,0.89,0.37,0.29,-0.39,-0.99,1085.619,1905.32,1465.432,1411.496,0,0,0,0
3678,82,Mujer,9.8,131,45.5,659,1,1,0.051,694,128,-2.61,36,0,0.16,2.3,-0.11,0.401,0.051,-3.74,-2.61,-3.14,-3.21,-2.53,-3.13,54.801,96.178,73.973,71.25,0,0,0,0
3679,79,Mujer,8.3,123,54.6,35,1,0,0.438,54,124,-2.65,36,0,-0.49,-0.65,0.15,0.438,0.088,-2.65,-1.52,-2.05,-2.12,-1.39,-1.99,1723.519,3024.869,2326.507,2240.878,0,0,0,0
3680,47,Mujer,6.3,135,51.7,20,0,0,0.618,37,137,-1.65,36,0,-1.77,0.45,-0.05,0.618,0.268,-1.65,-0.52,-1.05,-1.12,-0.12,-0.72,937.182,1644.805,1265.063,1218.502,0,0,0,0
3681,64,Mujer,7.4,144,61.2,95,0,0,-0.666,49,151,0.27,36,0,-0.02,-0.07,-0.46,-0.666,-1.016,0.27,1.39,0.87,0.79,-0.13,-0.73,221.795,389.262,299.392,288.372,0,0,0,0
3682,55,Hombre,8.5,117,56.5,52,0,0,-0.136,45,117,-1.48,36,0,-0.05,0.75,-0.89,-0.136,-0.486,-1.48,-0.35,-0.88,-0.95,-1.08,-1.68,1166.773,2047.751,1574.979,1517.011,0,0,0,0
3683,70,Mujer,9.3,144,55.2,355,0,1,-0.456,225,127,-2.45,16.22,1,0.14,2.51,0.7,-0.106,-0.456,-3.58,-2.45,-2.98,-3.05,-3.14,-3.74,9.244,16.224,12.479,12.019,1,1,1,1
3684,44,Hombre,6.9,140,60.4,188,0,1,-0.656,98,132,0.9,36,0,0.13,0.58,0.11,-0.306,-0.656,-0.22,0.9,0.38,0.3,-0.08,-0.68,4539.566,7967.187,6127.774,5902.237,0,0,0,0
3685,80,Mujer,7.5,145,43.6,98,1,0,-0.066,92,152,-3.23,36,0,0.27,0.77,-1.15,-0.066,-0.416,-3.23,-2.1,-2.63,-2.7,-2.73,-3.33,78.564,137.884,106.05,102.147,0,0,0,0
3686,51,Mujer,9.3,163,36.7,234,0,1,-0.307,172,164,-3.22,36,0,-1,-0.63,1.31,0.043,-0.307,-4.34,-3.22,-3.74,-3.82,-3.68,-4.28,137.836,241.909,186.059,179.211,0,0,0,0
3687,60,Mujer,10.2,127,33.9,718,0,0,0.326,994,129,-3.93,36,0,-0.7,1.35,-0.57,0.326,-0.024,-3.93,-2.81,-3.33,-3.41,-2.84,-3.44,123.713,217.123,166.995,160.849,0,0,0,0
3688,68,Hombre,7.2,123,48.3,26,1,0,0.509,43,130,-2.63,36,0,0.49,1.4,-0.76,0.509,0.159,-2.63,-1.5,-2.03,-2.1,-1.26,-1.86,343.751,603.303,464.016,446.938,0,0,0,0
3689,77,Hombre,7.9,109,44.5,91,0,0,0.949,235,99,-3.36,36,0,0.73,-2.64,0.71,0.949,0.599,-3.36,-2.23,-2.76,-2.83,-1.33,-1.93,358.318,628.867,483.679,465.876,0,0,0,0
3690,60,Hombre,9.6,153,38.6,2555,0,1,-0.59,1417,152,-2.89,36,0,-1.45,-0.78,1.4,-0.24,-0.59,-4.01,-2.89,-3.41,-3.49,-3.77,-4.37,320.697,562.841,432.896,416.963,0,0,0,0
3691,62,Hombre,7.7,115,48.4,49,0,0,0.501,81,112,-1.24,36,0,1.27,0.14,-0.13,0.501,0.151,-1.24,-0.12,-0.64,-0.72,0.11,-0.49,666.023,1168.907,899.038,865.948,0,0,0,0
3692,77,Mujer,9.5,132,28.5,1056,0,1,-0.228,841,116,-3.42,36,0,-0.36,0.26,-1.17,0.122,-0.228,-4.55,-3.42,-3.95,-4.02,-3.76,-4.36,131.722,231.18,177.806,171.262,0,0,0,0
3693,82,Mujer,8.5,165,45.3,118,1,0,0.114,132,175,-4.31,36,0,1.72,0.98,-2.85,0.114,-0.236,-4.31,-3.18,-3.71,-3.78,-3.54,-4.14,220.431,386.868,297.55,286.599,0,0,0,0
3694,73,Mujer,6.9,127,43,88,0,0,-0.668,45,128,-1.78,36,0,0.44,0.46,0.29,-0.668,-1.018,-1.78,-0.65,-1.18,-1.25,-2.18,-2.78,75.27,132.102,101.603,97.864,0,0,0,0
3695,65,Hombre,8.4,152,31.7,75,0,1,0.178,90,150,-3.18,36,0,-0.47,-0.67,0.96,0.528,0.178,-4.3,-3.18,-3.7,-3.78,-2.91,-3.51,42.709,74.957,57.651,55.529,0,0,0,0
3696,65,Mujer,8.5,117,43.7,108,0,1,0.198,132,105,-4.55,36,0,-1.96,0.35,1.02,0.548,0.198,-5.68,-4.55,-5.08,-5.15,-4.26,-4.86,276.826,485.845,373.676,359.923,0,0,0,0
3697,57,Mujer,9.8,142,39.9,220,0,0,0.659,425,127,-3.06,36,0,-1.94,-1.3,0.45,0.659,0.309,-3.06,-1.94,-2.46,-2.54,-1.47,-2.07,68.088,119.498,91.909,88.527,0,0,0,0
3698,49,Mujer,8.3,129,47.8,46,0,0,0.608,85,113,-3.4,36,0,0.03,-0.7,0.36,0.608,0.258,-3.4,-2.27,-2.8,-2.87,-1.88,-2.48,1881.856,3302.759,2540.239,2446.744,0,0,0,0
3699,78,Mujer,10.3,122,38.5,40,0,0,0.856,94,126,-3.58,36,0,0.46,-0.28,-0.65,0.856,0.506,-3.58,-2.46,-2.98,-3.06,-1.7,-2.3,367.006,644.115,495.406,477.172,0,0,0,0
3700,64,Mujer,7.9,150,52.4,94,0,1,-0.583,52,136,-1.29,36,0,1.26,-0.83,1.01,-0.233,-0.583,-2.42,-1.29,-1.82,-1.89,-2.17,-2.77,1330.773,2335.579,1796.355,1730.239,0,0,0,0
3701,76,Hombre,8.1,139,32.8,1135,1,1,-0.495,692,128,-2.03,36,0,-0.56,-1.23,0.18,-0.145,-0.495,-3.16,-2.03,-2.56,-2.63,-2.77,-3.37,112.183,196.887,151.431,145.857,0,0,0,0
3702,84,Hombre,9.4,147,36.8,80,0,0,0.909,199,145,-5.13,36,0,1.45,-0.62,0.66,0.909,0.559,-5.13,-4,-4.53,-4.6,-3.16,-3.76,100.12,175.716,135.148,130.174,0,0,0,0
3703,64,Mujer,6.7,130,55.1,5,0,0,0.861,12,118,0.22,36,0,-0.43,-1.21,0.07,0.861,0.511,0.22,1.34,0.82,0.74,2.11,1.51,2371.527,4162.159,3201.226,3083.403,0,0,0,0
3704,69,Hombre,7.1,152,43.3,41,0,1,-0.46,26,153,-0.78,36,0,0.63,0.42,0.18,-0.11,-0.46,-1.91,-0.78,-1.31,-1.38,-1.47,-2.07,787.377,1381.89,1062.848,1023.73,0,0,0,0
3705,54,Mujer,8.5,139,46,75,0,0,0.411,113,135,-1.14,36,0,0.16,0.18,-1.95,0.411,0.061,-1.14,-0.02,-0.54,-0.62,0.07,-0.53,258.497,453.676,348.934,336.091,0,0,0,0
3706,69,Mujer,8.3,120,28.9,289,0,1,0.323,399,131,-1.87,36,0,-1,1.9,0.61,0.673,0.323,-2.99,-1.87,-2.39,-2.47,-1.38,-1.98,103.644,181.901,139.905,134.756,0,0,0,0
3707,60,Hombre,9.6,144,35.6,299,0,1,0.726,618,138,-2.94,36,0,-0.4,0.83,-0.54,1.076,0.726,-4.06,-2.94,-3.46,-3.54,-1.85,-2.45,230.559,404.644,311.222,299.767,0,0,0,0
3708,55,Mujer,8.1,125,43.7,223,1,1,-1.786,37,110,1.85,36,0,0.49,-0.58,-1.8,-1.436,-1.786,0.73,1.85,1.33,1.25,-0.83,-1.43,418.535,734.551,564.963,544.169,0,0,0,0
3709,63,Mujer,8.1,131,51.7,20,1,0,0.055,21,136,-1.85,36,0,0.57,-0.4,0.47,0.055,-0.295,-1.85,-0.73,-1.25,-1.33,-1.17,-1.77,2530.793,4441.679,3416.213,3290.477,0,0,0,0
3710,53,Hombre,7.7,149,52.4,410,0,1,-0.584,229,144,-1.72,36,0,-1.56,1.29,-2.17,-0.234,-0.584,-2.84,-1.72,-2.24,-2.32,-2.59,-3.19,166.781,292.709,225.13,216.844,0,0,0,0
3711,67,Mujer,8.2,149,45.6,138,0,0,-0.308,101,139,-0.5,11.35,1,-0.7,-1.82,1.11,-0.308,-0.658,-0.5,0.62,0.1,0.02,-0.36,-0.96,11.348,19.916,15.318,14.754,1,1,1,1
3712,65,Hombre,8,151,62.1,30,0,1,-0.07,28,146,-1.43,26.25,1,-0.64,1.27,1.46,0.28,-0.07,-2.56,-1.43,-1.96,-2.03,-1.54,-2.14,14.958,26.252,20.191,19.448,1,1,1,1
3713,71,Mujer,8.7,140,59.2,48,0,1,-0.25,37,125,-1,36,0,0.59,-0.79,1.36,0.1,-0.25,-2.12,-1,-1.52,-1.6,-1.37,-1.97,1121.374,1968.074,1513.697,1457.985,0,0,0,0
3714,68,Mujer,6.2,141,42.8,36,0,0,-0.734,17,139,1.29,36,0,-0.36,0.17,0.76,-0.734,-1.084,1.29,2.42,1.89,1.82,0.79,0.19,2641.49,4635.959,3565.638,3434.403,0,0,0,0
3715,51,Mujer,7.7,139,59.3,955,0,1,-0.882,395,136,1.08,36,0,-1.08,2.47,0.6,-0.532,-0.882,-0.05,1.08,0.55,0.48,-0.25,-0.85,600.134,1053.268,810.096,780.28,0,0,0,0
3716,41,Hombre,8.9,118,51.2,504,0,0,-0.674,257,116,0.44,36,0,1.77,-1.58,1.91,-0.674,-1.024,0.44,1.57,1.04,0.97,0.03,-0.57,513.796,901.74,693.552,668.025,0,0,0,0
3717,75,Hombre,8.2,122,49,90,0,0,0.262,117,117,-3.33,36,0,-0.52,1.03,-1.74,0.262,-0.088,-3.33,-2.2,-2.73,-2.8,-2.34,-2.94,1196.211,2099.415,1614.715,1555.285,0,0,0,0
3718,72,Hombre,8.5,154,38.4,343,0,0,0.107,382,149,-3.66,36,0,-0.57,-1.42,-1.68,0.107,-0.243,-3.66,-2.53,-3.06,-3.13,-2.9,-3.5,592.275,1039.475,799.488,770.062,0,0,0,0
3719,69,Hombre,9.9,135,51.8,50,0,1,0.552,87,126,-3.65,36,0,-0.49,-1.23,0.58,0.902,0.552,-4.77,-3.65,-4.17,-4.25,-2.82,-3.42,496.127,870.73,669.701,645.052,0,0,0,0
3720,53,Mujer,9.1,116,37.7,111,0,1,0.112,124,109,-2.68,36,0,0.15,-2.04,2.15,0.462,0.112,-3.81,-2.68,-3.21,-3.28,-2.52,-3.12,417.283,732.354,563.273,542.541,0,0,0,0
3721,55,Hombre,6.4,107,61.6,22,0,0,0.098,24,125,1.34,36,0,-1.05,-0.63,2.77,0.098,-0.252,1.34,2.46,1.94,1.86,2.09,1.49,13829.574,24271.659,18667.973,17980.887,0,0,0,0
3722,57,Hombre,11.4,129,37.4,192,0,0,-0.281,145,134,-2.29,36,0,-0,-0.14,-1.41,-0.281,-0.631,-2.29,-1.17,-1.69,-1.77,-2.11,-2.71,48.427,84.992,65.37,62.964,0,0,0,0
3723,65,Mujer,6.9,125,49.6,78,0,1,-0.635,41,121,-0.36,36,0,-2.12,0.34,-2.41,-0.285,-0.635,-1.48,-0.36,-0.88,-0.96,-1.31,-1.91,291.748,512.034,393.819,379.324,0,0,0,0
3724,79,Hombre,8.9,127,20,208,0,0,-0.231,165,125,-4.23,36,0,-0.79,-1.01,1.03,-0.231,-0.581,-4.23,-3.1,-3.63,-3.7,-3.98,-4.58,129.343,227.004,174.595,168.169,0,0,0,0
3725,79,Hombre,6.9,135,52.8,109,0,0,0.053,115,134,-2.28,36,0,1.24,-0.96,0.54,0.053,-0.297,-2.28,-1.15,-1.68,-1.75,-1.6,-2.2,164.399,288.529,221.915,213.748,0,0,0,0
3726,67,Mujer,7.6,126,31.8,107,1,1,0.885,259,130,-4.66,36,0,1.67,1.67,0.72,1.235,0.885,-5.78,-4.66,-5.18,-5.26,-3.33,-3.93,54.096,94.941,73.022,70.334,0,0,0,0
3727,54,Mujer,8.6,141,36,56,0,0,-0.673,29,143,-2.1,36,0,-0.25,-1.21,-0.88,-0.673,-1.023,-2.1,-0.98,-1.5,-1.58,-2.51,-3.11,1248.627,2191.409,1685.47,1623.435,0,0,0,0
3728,73,Mujer,8,131,37.7,37,0,0,0.701,75,123,-4.68,36,0,-1.21,2.77,-0.26,0.701,0.351,-4.68,-3.56,-4.08,-4.16,-3.03,-3.63,360.935,633.46,487.211,469.279,0,0,0,0
3729,61,Hombre,6.1,140,51,24,0,0,-0.254,19,136,-2.66,36,0,0.57,1.04,-2.75,-0.254,-0.604,-2.66,-1.54,-2.06,-2.14,-2.44,-3.04,4115.628,7223.153,5555.517,5351.043,0,0,0,0
3730,50,Mujer,7,126,48.2,34,0,1,-0.157,29,114,0.36,36,0,-1.11,0.83,-0.32,0.193,-0.157,-0.76,0.36,-0.16,-0.24,0.13,-0.47,289.495,508.08,390.778,376.395,0,0,0,0
3731,54,Mujer,7.7,140,45.2,181,0,0,-0.245,142,126,-0.54,36,0,0.3,1.04,-0.11,-0.245,-0.595,-0.54,0.59,0.06,-0.01,-0.3,-0.9,1123.243,1971.353,1516.219,1460.414,0,0,0,0
3732,58,Mujer,10.1,119,51.1,2302,0,1,-0.809,1025,114,-3.42,36,0,-1.48,-0.65,0.45,-0.459,-0.809,-4.54,-3.42,-3.94,-4.02,-4.63,-5.23,75.905,133.217,102.461,98.69,0,0,0,0
3733,61,Hombre,6.5,145,52.3,17,0,0,-0.076,16,151,1.34,36,0,-0.47,1.94,-1.34,-0.076,-0.426,1.34,2.46,1.94,1.86,1.82,1.22,783.249,1374.644,1057.275,1018.362,0,0,0,0
3734,77,Hombre,6.4,154,45.7,189,0,0,0.327,262,145,-1.51,36,0,1.45,0.33,-0.44,0.327,-0.023,-1.51,-0.39,-0.91,-0.99,-0.42,-1.02,62.175,109.121,83.928,80.839,0,0,0,0
3735,72,Mujer,8.3,142,45.9,162,0,1,-0.47,101,139,-0.39,36,0,0.38,0.69,-0.49,-0.12,-0.47,-1.52,-0.39,-0.92,-0.99,-1.1,-1.7,154.565,271.27,208.641,200.962,0,0,0,0
3736,62,Hombre,7.1,115,46.6,119,0,0,-0.233,94,118,-1.59,36,0,-0.59,0.24,-1.01,-0.233,-0.583,-1.59,-0.47,-0.99,-1.07,-1.34,-1.94,47.037,82.553,63.494,61.157,0,0,0,0
3737,82,Hombre,6.9,156,53.4,65,1,1,-0.179,54,150,-2.33,36,0,1.07,-0.23,0.41,0.171,-0.179,-3.46,-2.33,-2.86,-2.93,-2.6,-3.2,378.693,664.627,511.182,492.368,0,0,0,0
3738,80,Mujer,7.8,154,42.2,259,0,1,0.408,390,160,-2.68,36,0,-0.53,-1.27,-1.34,0.758,0.408,-3.8,-2.68,-3.2,-3.28,-2.06,-2.66,805.527,1413.744,1087.348,1047.328,0,0,0,0
3739,64,Hombre,7.7,137,50.7,335,0,1,-0.1,303,137,-0.84,36,0,-0.08,-1.24,-1.08,0.25,-0.1,-1.97,-0.84,-1.37,-1.44,-0.99,-1.59,31.551,55.374,42.589,41.022,1,0,0,0
3740,61,Hombre,6.8,145,35.9,119,0,1,0.018,121,158,0.01,36,0,-1.33,0.55,-0.53,0.368,0.018,-1.12,0.01,-0.52,-0.59,0.03,-0.57,1359.805,2386.533,1835.545,1767.987,0,0,0,0
3741,75,Hombre,6.4,151,27.9,311,1,1,-0.342,221,133,-1.92,36,0,0.24,0.64,2.68,0.008,-0.342,-3.04,-1.92,-2.44,-2.52,-2.43,-3.03,50.17,88.051,67.723,65.23,0,0,0,0
3742,90,Hombre,7.3,149,55.1,39,0,0,0.328,54,147,-2.38,36,0,2.63,0.58,-0.13,0.328,-0.022,-2.38,-1.26,-1.78,-1.86,-1.29,-1.89,1033.073,1813.1,1394.503,1343.177,0,0,0,0
3743,39,Hombre,8.7,109,60.7,75,0,1,0.163,88,86,0.34,36,0,0.86,-1.88,-0.4,0.513,0.163,-0.78,0.34,-0.18,-0.26,0.58,-0.02,1959.824,3439.598,2645.485,2548.117,0,0,0,0
3744,58,Hombre,7.4,165,36.8,173,0,0,0.012,175,165,-3,36,0,0.56,0.02,0.47,0.012,-0.338,-3,-1.87,-2.4,-2.47,-2.38,-2.98,791.895,1389.82,1068.947,1029.604,0,0,0,0
3745,59,Mujer,7.9,154,49.5,200,0,0,0.222,250,150,-2.74,36,0,-0.76,-0.7,-0.13,0.222,-0.128,-2.74,-1.61,-2.14,-2.21,-1.8,-2.4,285.068,500.309,384.801,370.638,0,0,0,0
3746,80,Hombre,7.8,153,61.1,65,0,1,-0.898,26,152,-1,36,0,0.62,-0.42,0.39,-0.548,-0.898,-2.13,-1,-1.53,-1.6,-2.35,-2.95,2095.293,3677.353,2828.349,2724.25,0,0,0,0
3747,79,Hombre,7.3,146,37.7,106,0,0,-0.603,58,147,-3.48,0.47,1,1.56,-0.43,0.65,-0.603,-0.953,-3.48,-2.35,-2.88,-2.95,-3.78,-4.38,0.469,0.824,0.633,0.61,1,1,1,1
3748,64,Mujer,5.5,130,45.3,26,0,1,-0.373,18,120,0.31,36,0,0.51,1.17,-0.36,-0.023,-0.373,-0.82,0.31,-0.22,-0.29,-0.25,-0.85,492.45,864.276,664.738,640.272,0,0,0,0
3749,58,Hombre,5.8,159,65.4,115,1,1,-0.437,74,156,-0.31,36,0,-1.46,-0.04,-1.2,-0.087,-0.437,-1.44,-0.31,-0.84,-0.91,-0.97,-1.57,2013.152,3533.192,2717.471,2617.453,0,0,0,0
3750,60,Hombre,9.5,133,45.6,81,0,0,-0.06,76,132,-1.74,36,0,0.07,0.83,-0.53,-0.06,-0.41,-1.74,-0.61,-1.14,-1.21,-1.23,-1.83,145.294,254.999,196.126,188.908,0,0,0,0
3751,69,Hombre,5.5,127,44.7,39,0,0,-0.413,26,118,-1.45,36,0,-0.27,-0.01,0.19,-0.413,-0.763,-1.45,-0.32,-0.85,-0.92,-1.47,-2.07,712.71,1250.845,962.058,926.648,0,0,0,0
3752,69,Hombre,8.5,155,58.6,90,0,0,0.433,139,151,-1.46,36,0,0.47,-0.19,-0.04,0.433,0.083,-1.46,-0.34,-0.86,-0.94,-0.21,-0.81,753.652,1322.7,1017.323,979.88,0,0,0,0
3753,50,Hombre,8.8,154,43.7,853,0,1,-0.342,606,155,-2.92,36,0,-0.25,1.19,1.08,0.008,-0.342,-4.04,-2.92,-3.44,-3.52,-3.43,-4.03,1152.828,2023.277,1556.156,1498.88,0,0,0,0
3754,65,Hombre,7.3,169,68.9,99,1,0,-0.459,63,184,-2.24,36,0,-0.2,0.18,0.27,-0.459,-0.809,-2.24,-1.11,-1.64,-1.71,-2.32,-2.92,259.765,455.902,350.646,337.74,0,0,0,0
3755,68,Mujer,8,159,49.1,395,0,1,-0.301,292,145,-1.69,36,0,1.56,-1.59,-0.75,0.049,-0.301,-2.82,-1.69,-2.22,-2.29,-2.15,-2.75,490.846,861.461,662.572,638.186,0,0,0,0
3756,63,Mujer,7.8,138,47.5,61,0,0,-0.252,47,138,-1.66,36,0,0.5,-0.18,0.31,-0.252,-0.602,-1.66,-0.54,-1.06,-1.14,-1.44,-2.04,231.371,406.068,312.318,300.823,0,0,0,0
3757,69,Hombre,9.3,138,41.7,75,1,1,-0.435,49,124,-2.82,36,0,0.2,0.3,0.35,-0.085,-0.435,-3.94,-2.82,-3.34,-3.42,-3.47,-4.07,310.293,544.582,418.852,403.436,0,0,0,0
3758,54,Hombre,5.9,124,35.3,123,1,0,0.007,124,123,-3.83,36,0,-1.73,-1.49,0.1,0.007,-0.343,-3.83,-2.71,-3.23,-3.31,-3.22,-3.82,64.707,113.565,87.346,84.131,0,0,0,0
3759,60,Hombre,7.1,132,37,31,0,0,0.068,33,125,0.81,36,0,-0.62,-1.21,-2.09,0.068,-0.282,0.81,1.93,1.41,1.33,1.51,0.91,510.747,896.39,689.437,664.062,0,0,0,0
3760,89,Hombre,7.8,167,30.1,637,0,0,0.238,808,159,-5.71,36,0,-0.08,-0.14,0.61,0.238,-0.112,-5.71,-4.58,-5.11,-5.18,-4.75,-5.35,160.302,281.339,216.385,208.421,0,0,0,0
3761,72,Hombre,9.1,127,38.8,432,0,1,-0.227,344,125,-1.52,36,0,-1.02,-0.82,-1.46,0.123,-0.227,-2.64,-1.52,-2.04,-2.12,-1.86,-2.46,98.012,172.017,132.303,127.433,0,0,0,0
3762,64,Mujer,7.7,138,55.2,46,0,1,0.463,73,128,-2.16,36,0,0.76,1.46,-0.65,0.813,0.463,-3.29,-2.16,-2.69,-2.76,-1.47,-2.07,417.578,732.871,563.671,542.924,0,0,0,0
3763,76,Mujer,7.7,117,45.2,127,0,0,-0.622,68,117,-1.02,36,0,-0.06,-0.3,-0.43,-0.622,-0.972,-1.02,0.11,-0.42,-0.49,-1.35,-1.95,1723.421,3024.698,2326.375,2240.751,0,0,0,0
3764,68,Hombre,7.7,144,52,32,1,0,0.066,34,134,-3.03,36,0,1.42,-0.31,0.66,0.066,-0.284,-3.03,-1.91,-2.43,-2.51,-2.34,-2.94,69.226,121.495,93.445,90.006,0,0,0,0
3765,69,Hombre,8.1,133,33.2,196,0,0,0.695,393,144,-3.07,36,0,-1.68,-0,1.1,0.695,0.345,-3.07,-1.95,-2.47,-2.55,-1.43,-2.03,443.763,778.829,599.018,576.97,0,0,0,0
3766,84,Hombre,5.7,112,55.4,119,0,0,-0.09,109,118,-2.13,36,0,0.28,-0.08,-0.27,-0.09,-0.44,-2.13,-1.01,-1.53,-1.61,-1.67,-2.27,101.688,178.468,137.264,132.212,0,0,0,0
3767,48,Mujer,7.1,121,60.8,80,0,0,-0.755,38,120,-0,36,0,0.3,-0.32,-0.61,-0.755,-1.105,-0,1.12,0.6,0.52,-0.53,-1.13,1839.476,3228.382,2483.033,2391.644,0,0,0,0
3768,72,Hombre,6.7,127,47.5,96,0,1,-0.975,36,128,-0.71,36,0,1.96,1.59,2.34,-0.625,-0.975,-1.83,-0.71,-1.23,-1.31,-2.17,-2.77,404.375,709.7,545.849,525.758,0,0,0,0
3769,51,Mujer,7.3,138,64.1,159,0,1,-0.492,97,118,0.06,36,0,0.44,0.79,1.01,-0.142,-0.492,-1.06,0.06,-0.46,-0.54,-0.67,-1.27,1820.489,3195.058,2457.404,2366.957,0,0,0,0
3770,49,Mujer,7.3,139,55.3,103,0,0,0.169,122,142,-2.89,36,0,0.78,-1.66,-1.41,0.169,-0.181,-2.89,-1.76,-2.29,-2.36,-2.04,-2.64,1194.32,2096.097,1612.164,1552.827,0,0,0,0
3771,46,Mujer,8.2,146,75,59,1,1,0.211,73,131,-1.07,36,0,-1.45,0.83,-1.46,0.561,0.211,-2.2,-1.07,-1.6,-1.67,-0.75,-1.35,541.932,951.121,731.532,704.608,0,0,0,0
3772,61,Mujer,8,127,36.2,177,0,1,-0.036,171,113,-1.28,36,0,-2.16,0.07,0.45,0.314,-0.036,-2.41,-1.28,-1.81,-1.88,-1.34,-1.94,146.699,257.465,198.023,190.735,0,0,0,0
3773,58,Hombre,8.8,138,59.4,79,0,0,-0.272,60,140,-2.29,36,0,0.4,1.53,0.19,-0.272,-0.622,-2.29,-1.16,-1.69,-1.76,-2.09,-2.69,696.999,1223.271,940.85,906.221,0,0,0,0
3774,74,Hombre,9.1,139,50.5,115,0,0,-0.372,79,141,-1.92,36,0,0.97,0.2,-1.89,-0.372,-0.722,-1.92,-0.8,-1.32,-1.4,-1.88,-2.48,401.697,705.001,542.235,522.278,0,0,0,0
3775,76,Mujer,5.9,137,50.7,852,0,0,0.059,903,152,-3.19,36,0,1.36,-0.66,0.02,0.059,-0.291,-3.19,-2.06,-2.59,-2.66,-2.5,-3.1,2172.36,3812.61,2932.379,2824.451,0,0,0,0
3776,55,Hombre,6.3,129,52.7,25,1,0,-0.105,23,140,-1.07,36,0,-0.2,0.21,-0.88,-0.105,-0.455,-1.07,0.06,-0.47,-0.54,-0.63,-1.23,4637.676,8139.375,6260.208,6029.797,0,0,0,0
3777,63,Mujer,8.6,150,35.3,63,0,0,0.673,123,142,-3.87,21.6,1,0.65,0.47,-3.41,0.673,0.323,-3.87,-2.75,-3.27,-3.35,-2.26,-2.86,21.602,37.913,29.16,28.087,1,0,1,1
3778,35,Hombre,7.7,128,74.5,174,0,1,-0.174,146,126,-0.02,36,0,-0.74,-0.06,-0.55,0.176,-0.174,-1.14,-0.02,-0.54,-0.62,-0.28,-0.88,642.908,1128.339,867.835,835.894,0,0,0,0
3779,53,Mujer,9.5,142,49.3,1043,0,1,0.289,1392,144,-2.26,12.89,1,0.86,0.86,0.68,0.639,0.289,-3.38,-2.26,-2.78,-2.86,-1.82,-2.42,7.345,12.891,9.915,9.55,1,1,1,1
3780,81,Mujer,8.1,142,30.5,380,1,0,-0.535,223,144,-3.7,36,0,-0.21,1.04,-0.89,-0.535,-0.885,-3.7,-2.58,-3.1,-3.18,-3.9,-4.5,46.712,81.983,63.055,60.734,0,0,0,0
3781,68,Hombre,6.3,125,46.8,61,1,1,-0.138,53,121,0.09,36,0,0.63,-1.22,-1.14,0.212,-0.138,-1.04,0.09,-0.44,-0.51,-0.12,-0.72,687.15,1205.985,927.555,893.416,0,0,0,0
3782,62,Hombre,7.9,129,57,204,0,1,-0.18,170,143,-2.75,36,0,0.19,0.82,-1.04,0.17,-0.18,-3.87,-2.75,-3.27,-3.35,-3.02,-3.62,570.44,1001.153,770.013,741.672,0,0,0,0
3783,58,Hombre,8,148,55.9,197,0,0,0.46,312,156,-3.46,36,0,-1.73,-0.11,0.18,0.46,0.11,-3.46,-2.34,-2.86,-2.94,-2.18,-2.78,219.629,385.462,296.469,285.557,0,0,0,0
3784,54,Mujer,5.9,136,43.8,45,0,1,0.122,51,132,0.04,36,0,0.97,0.48,-0.08,0.472,0.122,-1.08,0.04,-0.48,-0.56,0.23,-0.37,1464.88,2570.944,1977.381,1904.602,0,0,0,0
3785,57,Mujer,7.4,128,50.5,109,1,1,-0.722,53,114,0.68,36,0,0.16,0.42,0.16,-0.372,-0.722,-0.45,0.68,0.15,0.08,-0.41,-1.01,311.655,546.972,420.691,405.207,0,0,0,0
3786,70,Hombre,6.2,138,57.8,41,0,0,0.895,100,159,-4.37,36,0,-0.18,0.39,0.74,0.895,0.545,-4.37,-3.25,-3.77,-3.85,-2.43,-3.03,342.84,601.703,462.785,445.752,0,0,0,0
3787,67,Hombre,7.5,134,45.9,232,1,1,-0.433,150,130,-1.7,36,0,-0.19,0.81,-0.35,-0.083,-0.433,-2.83,-1.7,-2.23,-2.3,-2.35,-2.95,1593.978,2797.518,2151.645,2072.452,0,0,0,0
3788,86,Hombre,6.4,141,20,122,1,0,0.438,189,141,-4.92,36,0,1.06,-0.87,0.6,0.438,0.088,-4.92,-3.8,-4.32,-4.4,-3.66,-4.26,46.457,81.535,62.71,60.402,0,0,0,0
3789,63,Hombre,8.5,149,33.8,59,0,0,0.15,69,148,-4.08,36,0,0.65,2.57,-0.67,0.15,-0.2,-4.08,-2.95,-3.48,-3.55,-3.25,-3.85,730.263,1281.652,985.753,949.471,0,0,0,0
3790,69,Hombre,6.3,100,46.1,87,0,1,-0.028,85,102,-1.06,36,0,-1.94,-0.34,-0.5,0.322,-0.028,-2.19,-1.06,-1.59,-1.66,-1.1,-1.7,1322.008,2320.196,1784.524,1718.843,0,0,0,0
3791,57,Hombre,7.5,120,63.3,12,0,1,-0.153,10,101,0.78,36,0,0.44,-0.57,-1.64,0.197,-0.153,-0.34,0.78,0.26,0.18,0.55,-0.05,5187.024,9103.511,7001.751,6744.047,0,0,0,0
3792,61,Mujer,9.1,139,49,503,1,0,-0.353,353,143,-3.26,36,0,0.26,-0.85,-0.4,-0.353,-0.703,-3.26,-2.13,-2.66,-2.73,-3.19,-3.79,147.883,259.543,199.621,192.274,0,0,0,0
3793,69,Mujer,7.7,113,40.7,163,0,1,-0.504,98,107,-1.46,36,0,-0.77,0.42,1.64,-0.154,-0.504,-2.58,-1.46,-1.98,-2.06,-2.21,-2.81,502.003,881.042,677.633,652.692,0,0,0,0
3794,76,Hombre,9.7,108,30.3,198,0,0,0.074,213,106,-3.97,36,0,-0.54,0.15,-1.02,0.074,-0.276,-3.97,-2.84,-3.37,-3.44,-3.26,-3.86,609.641,1069.954,822.93,792.641,0,0,0,0
3795,84,Mujer,6.1,124,34.4,93,1,1,-0.172,78,117,-2.29,36,0,0.13,-0.74,0.11,0.178,-0.172,-3.42,-2.29,-2.82,-2.89,-2.55,-3.15,444.277,779.73,599.711,577.638,0,0,0,0
3796,61,Mujer,8,152,57.8,36,0,1,-0.522,21,137,-0.86,36,0,-0.69,0.92,-0.05,-0.172,-0.522,-1.98,-0.86,-1.38,-1.46,-1.64,-2.24,4873.925,8554.004,6579.11,6336.962,0,0,0,0
3797,54,Mujer,7.6,120,50.1,193,0,0,-0.02,189,112,-2.48,36,0,-0.51,2.03,-0.88,-0.02,-0.37,-2.48,-1.36,-1.88,-1.96,-1.91,-2.51,2035.368,3572.182,2747.46,2646.338,0,0,0,0
3798,60,Hombre,6.3,124,32.7,50,0,0,0.365,72,119,-2.17,36,0,-1.32,-0.41,-0.38,0.365,0.015,-2.17,-1.05,-1.57,-1.65,-1.02,-1.62,2702.392,4742.846,3647.848,3513.587,0,0,0,0
3799,76,Hombre,9.5,151,41,44,1,1,0.109,49,135,-3.52,36,0,1.44,-1.06,-0.86,0.459,0.109,-4.65,-3.52,-4.05,-4.12,-3.36,-3.96,306.133,537.281,413.237,398.027,0,0,0,0
3800,71,Hombre,6.1,163,41.7,165,1,0,-0.058,156,160,-2.26,36,0,1.24,-0.7,1.27,-0.058,-0.408,-2.26,-1.13,-1.66,-1.73,-1.75,-2.35,476.186,835.732,642.783,619.125,0,0,0,0
3801,64,Mujer,5.9,123,29.1,24,0,0,-0.265,18,130,-1.77,36,0,-1.09,0.98,0.44,-0.265,-0.615,-1.77,-0.65,-1.17,-1.25,-1.57,-2.17,1263.926,2218.259,1706.122,1643.327,0,0,0,0
3802,77,Mujer,9.4,121,44.4,130,1,1,-0.354,91,125,-2.84,36,0,2.26,-0.44,0.14,-0.004,-0.354,-3.97,-2.84,-3.37,-3.44,-3.37,-3.97,603.201,1058.651,814.236,784.268,0,0,0,0
3803,64,Hombre,10.5,104,41.1,348,1,1,-0.135,304,102,-1.35,36,0,0.16,1.64,-0.28,0.215,-0.135,-2.48,-1.35,-1.88,-1.95,-1.55,-2.15,198.067,347.618,267.362,257.522,0,0,0,0
3804,83,Hombre,6.8,147,52.4,85,1,0,0.056,90,155,-2.28,36,0,0.04,-0.19,-0.85,0.056,-0.294,-2.28,-1.16,-1.68,-1.76,-1.6,-2.2,215.042,377.411,290.277,279.593,0,0,0,0
3805,52,Hombre,7.9,127,62.8,68,1,1,0.435,105,120,-0.72,36,0,-1.02,-0.74,-0.04,0.785,0.435,-1.84,-0.72,-1.24,-1.32,-0.06,-0.66,61.101,107.236,82.478,79.442,0,0,0,0
3806,62,Hombre,9.2,131,43,49,0,0,0.024,50,142,-2.7,36,0,0.73,0.32,0.24,0.024,-0.326,-2.7,-1.57,-2.1,-2.17,-2.06,-2.66,227.065,398.512,306.506,295.225,0,0,0,0
3807,67,Hombre,9.8,151,62,968,0,1,-0.482,598,146,-1.05,36,0,0.21,1.8,-0.04,-0.132,-0.482,-2.18,-1.05,-1.58,-1.65,-1.78,-2.38,1018.092,1786.808,1374.281,1323.7,0,0,0,0
3808,70,Hombre,11.6,121,42,310,1,1,-0.061,292,121,-4.02,36,0,-0.3,-0.98,0.55,0.289,-0.061,-5.15,-4.02,-4.55,-4.62,-4.11,-4.71,23.763,41.706,32.077,30.897,1,0,1,1
3809,80,Mujer,5.8,174,33.9,925,0,0,0.168,1094,185,-4.3,36,0,1.21,-0.2,-0.25,0.168,-0.182,-4.3,-3.18,-3.7,-3.78,-3.45,-4.05,141.307,248.001,190.744,183.724,0,0,0,0
3810,62,Mujer,6.7,175,38.6,407,1,0,-0.41,270,166,-3.32,36,0,-0.37,0.77,-0.24,-0.41,-0.76,-3.32,-2.19,-2.72,-2.79,-3.33,-3.93,179.69,315.366,242.556,233.629,0,0,0,0
3811,67,Mujer,7,128,51.5,24,0,0,1.033,67,113,-3.57,29.67,1,0.36,-1.11,-1.3,1.033,0.683,-3.57,-2.44,-2.97,-3.04,-1.42,-2.02,29.669,52.07,40.048,38.574,1,0,0,0
3812,73,Mujer,7.8,121,39,15,0,0,-0.04,14,129,-0.73,36,0,-1.12,1.09,0.27,-0.04,-0.39,-0.73,0.39,-0.13,-0.21,-0.19,-0.79,254.531,446.716,343.581,330.935,0,0,0,0
3813,55,Hombre,7.2,136,39,21,0,0,-0.188,17,120,0.05,36,0,-0.2,-0.67,0.93,-0.188,-0.538,0.05,1.17,0.65,0.57,0.36,-0.24,2337.75,4102.879,3155.633,3039.488,0,0,0,0
3814,51,Hombre,6.6,136,57.2,201,1,1,-0.421,132,133,-0.23,36,0,-0.8,-0.05,-0.17,-0.071,-0.421,-1.36,-0.23,-0.76,-0.83,-0.86,-1.46,317.601,557.407,428.716,412.937,0,0,0,0
3815,51,Hombre,7.6,152,38.4,256,0,1,0.209,315,155,-3.25,36,0,-1.01,-0.11,-0.84,0.559,0.209,-4.38,-3.25,-3.78,-3.85,-2.94,-3.54,147.116,258.197,198.586,191.277,0,0,0,0
3816,70,Hombre,7.4,139,48.5,184,0,1,-0.791,83,130,0.51,36,0,-1.41,-0.65,-0.32,-0.441,-0.791,-0.61,0.51,-0.01,-0.09,-0.67,-1.27,246.213,432.117,332.353,320.12,0,0,0,0
3817,59,Mujer,8.2,108,48.2,113,1,1,-0.351,80,103,-2.44,36,0,-2.15,0.55,-0.76,-0.001,-0.351,-3.56,-2.44,-2.96,-3.04,-2.96,-3.56,1149.787,2017.939,1552.05,1494.926,0,0,0,0
3818,60,Hombre,5.5,123,62.1,46,0,0,0.068,49,112,-0.21,36,0,-1.22,0.88,0.5,0.068,-0.282,-0.21,0.91,0.39,0.31,0.49,-0.11,1005.623,1764.924,1357.45,1307.488,0,0,0,0
3819,57,Hombre,7.5,106,37.6,97,1,1,-0.322,70,96,-0.52,36,0,-0.33,0.03,0.66,0.028,-0.322,-1.65,-0.52,-1.05,-1.12,-1,-1.6,1802.324,3163.177,2432.883,2343.339,0,0,0,0
3820,70,Mujer,9.1,144,50.5,103,0,1,0.223,129,146,-2.19,36,0,-0.13,0.02,-0.73,0.573,0.223,-3.32,-2.19,-2.72,-2.79,-1.86,-2.46,662.731,1163.13,894.594,861.668,0,0,0,0
3821,62,Hombre,6.6,132,51,260,0,0,-0.113,232,129,-4.21,36,0,-1.89,-0.61,1.91,-0.113,-0.463,-4.21,-3.08,-3.61,-3.68,-3.78,-4.38,448.037,786.329,604.786,582.527,0,0,0,0
3822,57,Hombre,8.8,110,56.3,985,0,1,-0.963,376,103,0.21,36,0,-0.18,1.42,0.2,-0.613,-0.963,-0.92,0.21,-0.32,-0.39,-1.23,-1.83,1377.347,2417.318,1859.223,1790.794,0,0,0,0
3823,77,Hombre,7.2,118,50.7,49,0,0,0.712,100,120,-4.14,36,0,-1.04,0.28,2.4,0.712,0.362,-4.14,-3.01,-3.54,-3.61,-2.47,-3.07,1040.864,1826.774,1405.02,1353.307,0,0,0,0
3824,66,Mujer,8.1,151,53.9,545,0,0,0.377,795,155,-3,36,0,0.89,-1.65,-0.91,0.377,0.027,-3,-1.88,-2.4,-2.48,-1.84,-2.44,460.681,808.52,621.854,598.966,0,0,0,0
3825,63,Mujer,8,138,24.9,40,0,1,-0.018,39,133,-1.47,36,0,-1.43,0.14,-0.52,0.332,-0.018,-2.59,-1.47,-1.99,-2.07,-1.49,-2.09,383.103,672.367,517.135,498.102,0,0,0,0
3826,58,Hombre,9.6,106,42.8,161,0,1,-0.331,116,96,-0.45,36,0,-1.03,0.21,-0.25,0.019,-0.331,-1.58,-0.45,-0.98,-1.05,-0.95,-1.55,413.511,725.735,558.182,537.638,0,0,0,0
3827,90,Hombre,8.2,142,40,1004,0,0,-1.191,305,139,-1.21,36,0,2.91,0.05,0.23,-1.191,-1.541,-1.21,-0.09,-0.61,-0.69,-2.4,-3,820.735,1440.434,1107.876,1067.1,0,0,0,0
3828,63,Mujer,7.7,159,49.6,476,0,1,-0.291,356,155,-3.06,36,0,-0.92,-1.4,-0.34,0.059,-0.291,-4.18,-3.06,-3.58,-3.66,-3.49,-4.09,312.302,548.107,421.564,406.048,0,0,0,0
3829,71,Hombre,9.1,142,69.8,163,1,1,-0.025,159,129,-2.73,36,0,0.74,0.64,-0.84,0.325,-0.025,-3.85,-2.73,-3.25,-3.33,-2.76,-3.36,2596.537,4557.065,3504.959,3375.957,0,0,0,0
3830,64,Hombre,7.8,149,43.6,284,0,1,0.015,288,141,-1.33,36,0,0.73,1.9,-0.88,0.365,0.015,-2.45,-1.33,-1.85,-1.93,-1.3,-1.9,155.181,272.351,209.472,201.763,0,0,0,0
3831,55,Mujer,9.2,136,42.6,54,0,1,-0.104,49,134,-3.55,36,0,-0.25,-1.22,-1.91,0.246,-0.104,-4.67,-3.55,-4.07,-4.15,-3.71,-4.31,942.895,1654.832,1272.775,1225.929,0,0,0,0
3832,55,Hombre,7.8,143,41.6,59,0,0,0.056,62,156,-2.25,36,0,0.37,1.29,1.39,0.056,-0.294,-2.25,-1.12,-1.65,-1.72,-1.57,-2.17,1153.755,2024.904,1557.407,1500.086,0,0,0,0
3833,77,Hombre,8.6,149,24.4,419,1,0,0.559,733,134,-4.29,36,0,-0.04,-0.69,-0.41,0.559,0.209,-4.29,-3.16,-3.69,-3.76,-2.85,-3.45,40.686,71.407,54.921,52.899,0,0,0,0
3834,60,Hombre,8.5,150,53.9,698,0,0,0.111,780,148,-2.88,36,0,-0.32,-0.66,0.84,0.111,-0.239,-2.88,-1.76,-2.28,-2.36,-2.12,-2.72,163.315,286.627,220.452,212.338,0,0,0,0
3835,50,Hombre,6.8,128,43.9,51,0,1,1.043,145,107,-3.64,36,0,0.66,-0.38,-0.41,1.393,1.043,-4.76,-3.64,-4.16,-4.24,-2.07,-2.67,735.348,1290.575,992.616,956.082,0,0,0,0
3836,64,Hombre,9,141,44.2,447,0,0,0.26,580,145,-3.33,36,0,-0.18,0.86,1.22,0.26,-0.09,-3.33,-2.21,-2.73,-2.81,-2.34,-2.94,370.439,650.14,500.04,481.636,0,0,0,0
3837,66,Mujer,6.1,150,39.5,42,1,0,-0.037,40,144,-2.09,36,0,1.42,1.01,-0.8,-0.037,-0.387,-2.09,-0.97,-1.49,-1.57,-1.55,-2.15,376.279,660.39,507.923,489.229,0,0,0,0
3838,55,Mujer,7.9,142,41.1,45,0,0,0.385,66,149,-1.72,36,0,0.15,0.36,-0.47,0.385,0.035,-1.72,-0.59,-1.12,-1.19,-0.54,-1.14,442.091,775.895,596.761,574.797,0,0,0,0
3839,78,Mujer,7.8,155,55.8,635,0,1,-0.702,315,148,-1.68,36,0,0.51,-0.05,0.46,-0.352,-0.702,-2.8,-1.68,-2.2,-2.28,-2.73,-3.33,281.062,493.28,379.394,365.43,0,0,0,0
3840,80,Mujer,9.9,168,49.8,319,0,1,-0.428,208,162,-3.95,36,0,0.82,1.41,-0.74,-0.078,-0.428,-5.07,-3.95,-4.47,-4.55,-4.59,-5.19,63.033,110.626,85.085,81.954,0,0,0,0
3841,72,Hombre,6.2,140,38.5,310,0,0,-0.46,196,153,-3.81,36,0,-0.8,0.3,-0.27,-0.46,-0.81,-3.81,-2.69,-3.21,-3.29,-3.9,-4.5,133.401,234.125,180.072,173.444,0,0,0,0
3842,75,Hombre,8.9,138,37.7,509,0,0,-0.039,490,146,-6.26,36,0,0.13,0.3,1.64,-0.039,-0.389,-6.26,-5.13,-5.66,-5.73,-5.72,-6.32,95.735,168.02,129.229,124.473,0,0,0,0
3843,52,Hombre,5.5,128,44,109,0,0,0.402,163,122,-1.5,36,0,-2.2,-1.58,0.72,0.402,0.052,-1.5,-0.38,-0.9,-0.98,-0.3,-0.9,1235.168,2167.788,1667.303,1605.937,0,0,0,0
3844,64,Mujer,8.6,122,46.6,169,1,1,-0.447,108,113,-0.03,36,0,-1.84,0.36,0.49,-0.097,-0.447,-1.15,-0.03,-0.55,-0.63,-0.7,-1.3,1063.665,1866.79,1435.797,1382.952,0,0,0,0
3845,85,Mujer,8.7,165,71.9,14,1,1,0.561,25,141,-1.26,36,0,1.27,-0.16,-1.2,0.911,0.561,-2.39,-1.26,-1.79,-1.86,-0.42,-1.02,306.962,538.735,414.355,399.105,0,0,0,0
3846,52,Hombre,7.8,139,40.7,69,0,0,0.384,101,152,-1.84,36,0,0.28,0.37,-1.55,0.384,0.034,-1.84,-0.71,-1.24,-1.31,-0.66,-1.26,542.074,951.37,731.723,704.792,0,0,0,0
3847,66,Mujer,10.7,122,38.4,102,1,0,-0.993,38,120,-0.86,36,0,-0.3,-1.12,1.81,-0.993,-1.343,-0.86,0.27,-0.26,-0.33,-1.75,-2.35,1946.129,3415.562,2626.999,2530.311,0,0,0,0
3848,54,Hombre,7.5,158,59.9,2064,0,1,0.029,2126,149,-1.81,36,0,-2.25,-0.28,-0.62,0.379,0.029,-2.94,-1.81,-2.34,-2.41,-1.77,-2.37,49.91,87.594,67.371,64.891,0,0,0,0
3849,69,Hombre,8,155,48.5,302,1,1,0.415,458,134,-4,36,0,0.25,-0.01,0.14,0.765,0.415,-5.12,-4,-4.52,-4.6,-3.38,-3.98,79.703,139.884,107.588,103.628,0,0,0,0
3850,79,Mujer,6.6,171,42.9,341,0,0,0.485,554,165,-5.1,36,0,-0.54,-2.11,0.37,0.485,0.135,-5.1,-3.98,-4.5,-4.58,-3.78,-4.38,50.6,88.805,68.302,65.788,0,0,0,0
3851,59,Mujer,6.6,118,45.2,39,0,0,0.001,39,101,-1.39,36,0,0.27,0.87,-0.82,0.001,-0.349,-1.39,-0.26,-0.79,-0.86,-0.78,-1.38,1490.349,2615.644,2011.761,1937.717,0,0,0,0
3852,69,Hombre,6.4,143,46.7,125,0,0,-0.528,74,142,-1.35,36,0,-0.26,0.2,-1.81,-0.528,-0.878,-1.35,-0.23,-0.75,-0.83,-1.54,-2.14,1188.183,2085.326,1603.879,1544.848,0,0,0,0
3853,49,Mujer,8.9,152,41,837,0,1,-0.419,551,139,-2.78,36,0,0.66,2.04,-1.43,-0.069,-0.419,-3.91,-2.78,-3.31,-3.38,-3.41,-4.01,373.846,656.121,504.64,486.066,0,0,0,0
3854,58,Mujer,9.6,133,26.4,851,0,1,-0.157,727,133,-3.49,36,0,-0.94,-0.87,-0.91,0.193,-0.157,-4.61,-3.49,-4.01,-4.09,-3.72,-4.32,68.589,120.378,92.586,89.178,0,0,0,0
3855,71,Hombre,7.9,155,44.4,36,0,0,-1.052,13,154,-0.97,36,0,2.87,-0.41,0.19,-1.052,-1.402,-0.97,0.16,-0.37,-0.44,-1.94,-2.54,2179.287,3824.767,2941.729,2833.457,0,0,0,0
3856,71,Hombre,8.2,137,51.4,55,0,0,-0.278,42,134,-2.5,36,0,-0.72,-0.27,-0.43,-0.278,-0.628,-2.5,-1.37,-1.9,-1.97,-2.31,-2.91,264.061,463.441,356.445,343.326,0,0,0,0
3857,44,Mujer,9.1,112,62.9,215,1,0,-0.104,194,120,-2.76,36,0,-0.27,-0.15,1.54,-0.104,-0.454,-2.76,-1.64,-2.16,-2.24,-2.32,-2.92,334.399,586.889,451.392,434.778,0,0,0,0
3858,63,Mujer,6.2,136,51.1,142,1,1,-0.093,129,132,-1.4,36,0,0.19,0.98,1.27,0.257,-0.093,-2.53,-1.4,-1.93,-2,-1.54,-2.14,431.85,757.92,582.936,561.481,0,0,0,0
3859,57,Hombre,6.3,107,45.3,122,0,0,-1.19,37,116,1.6,36,0,0.71,-0.42,-0.2,-1.19,-1.54,1.6,2.72,2.2,2.12,0.41,-0.19,4325.442,7591.388,5838.736,5623.838,0,0,0,0
3860,67,Hombre,7.3,120,57.1,93,0,1,-0.967,35,115,1.02,36,0,1.54,-0.3,0.12,-0.617,-0.967,-0.1,1.02,0.5,0.42,-0.43,-1.03,74.992,131.614,101.228,97.502,0,0,0,0
3861,49,Mujer,7.9,101,45.5,87,0,0,-0.217,70,87,-1.01,36,0,-0.69,0.68,-1.73,-0.217,-0.567,-1.01,0.12,-0.41,-0.48,-0.73,-1.33,2260.488,3967.28,3051.339,2939.033,0,0,0,0
3862,56,Mujer,6.6,110,51.7,77,0,1,-1.394,19,109,2.22,36,0,1.39,1.08,0.14,-1.044,-1.394,1.1,2.22,1.7,1.62,0.13,-0.47,6332.291,11113.516,8547.699,8233.096,0,0,0,0
3863,67,Mujer,8.7,146,40.5,65,0,0,0.624,121,138,-5.13,36,0,0.02,-1.09,0.1,0.624,0.274,-5.13,-4,-4.53,-4.6,-3.59,-4.19,148.768,261.097,200.816,193.425,0,0,0,0
3864,58,Hombre,6.5,137,51.8,181,0,1,-0.724,88,128,0.22,36,0,-0.21,0.57,0.59,-0.374,-0.724,-0.91,0.22,-0.31,-0.38,-0.87,-1.47,649.255,1139.478,876.403,844.146,0,0,0,0
3865,50,Mujer,7.4,123,52.8,68,0,1,-0.721,33,123,0.06,36,0,-0.47,-0.67,0.39,-0.371,-0.721,-1.07,0.06,-0.47,-0.54,-1.03,-1.63,3344.48,5869.744,4514.575,4348.414,0,0,0,0
3866,61,Mujer,8,144,45.7,39,0,0,0.267,51,144,-3.27,36,0,0.02,0.1,0.32,0.267,-0.083,-3.27,-2.15,-2.67,-2.75,-2.27,-2.87,1108.959,1946.284,1496.938,1441.843,0,0,0,0
3867,73,Mujer,9.2,150,38.6,202,0,0,0.011,204,145,-4.48,0.99,1,1.68,-0.24,0.44,0.011,-0.339,-4.48,-3.35,-3.88,-3.95,-3.86,-4.46,0.985,1.729,1.33,1.281,1,1,1,1
3868,60,Hombre,7.2,164,46.2,444,0,1,-0.397,298,152,-3.21,36,0,0.05,0.56,0.19,-0.047,-0.397,-4.34,-3.21,-3.74,-3.81,-3.81,-4.41,537.648,943.602,725.749,699.038,0,0,0,0
3869,71,Mujer,9.4,121,61.7,87,0,0,0.383,128,125,-1.49,36,0,0.01,2.32,-0.77,0.383,0.033,-1.49,-0.36,-0.89,-0.96,-0.31,-0.91,152.181,267.085,205.422,197.862,0,0,0,0
3870,63,Mujer,6.8,123,35.1,135,1,1,-0.393,91,113,-3.5,36,0,-0.57,-0.05,-0.21,-0.043,-0.393,-4.62,-3.5,-4.02,-4.1,-4.09,-4.69,747.15,1311.289,1008.547,971.427,0,0,0,0
3871,66,Mujer,9.9,123,46.9,106,0,1,0.023,109,121,-1.39,36,0,-0.5,-1.27,0.2,0.373,0.023,-2.52,-1.39,-1.92,-1.99,-1.36,-1.96,588.779,1033.339,794.768,765.516,0,0,0,0
3872,77,Hombre,8.2,123,58.7,59,1,1,-0.459,37,125,-0.77,36,0,0.26,2.61,-0.66,-0.109,-0.459,-1.89,-0.77,-1.29,-1.37,-1.46,-2.06,1349.85,2369.061,1822.107,1755.044,0,0,0,0
3873,71,Mujer,7.6,144,44.8,277,1,0,-0.708,136,141,-4.13,36,0,-0.03,0.61,-2.9,-0.708,-1.058,-4.13,-3,-3.53,-3.6,-4.59,-5.19,1182.631,2075.582,1596.385,1537.629,0,0,0,0
3874,62,Hombre,7.2,138,57.1,51,0,1,-0.397,34,119,-0.51,36,0,-0.3,-0.75,-0.68,-0.047,-0.397,-1.63,-0.51,-1.03,-1.11,-1.1,-1.7,2604.316,4570.718,3515.459,3386.071,0,0,0,0
3875,54,Mujer,9.3,122,61.8,96,1,1,0.2,117,119,-3.73,36,0,0.59,1.12,0.26,0.55,0.2,-4.86,-3.73,-4.26,-4.33,-3.43,-4.03,140.459,246.513,189.6,182.621,0,0,0,0
3876,70,Hombre,9.4,153,61.5,174,0,1,-0.812,77,150,-2.47,36,0,0.11,-0.34,0.23,-0.462,-0.812,-3.6,-2.47,-3,-3.07,-3.69,-4.29,564.671,991.028,762.226,734.172,0,0,0,0
3877,70,Hombre,8,143,60.4,35,0,1,0.355,50,117,-2.13,36,0,-1.51,0.16,0.25,0.705,0.355,-3.25,-2.13,-2.65,-2.73,-1.6,-2.2,616.365,1081.755,832.006,801.384,0,0,0,0
3878,68,Mujer,8.7,121,42.6,501,0,1,-0.758,235,114,-0.65,36,0,1.2,0.48,-0.13,-0.408,-0.758,-1.77,-0.65,-1.17,-1.25,-1.78,-2.38,722.326,1267.721,975.038,939.151,0,0,0,0
3879,57,Mujer,6.8,151,40,73,0,1,-0.394,49,154,-2.23,36,0,-1.4,-0.97,0.03,-0.044,-0.394,-3.35,-2.23,-2.75,-2.83,-2.82,-3.42,1895.248,3326.263,2558.317,2464.156,0,0,0,0
3880,69,Mujer,9.4,130,47.7,111,0,1,0.063,118,129,-0.95,36,0,-0.71,0.15,-0.85,0.413,0.063,-2.08,-0.95,-1.48,-1.55,-0.86,-1.46,311.822,547.265,420.916,405.424,0,0,0,0
3881,73,Hombre,5.8,129,29.4,80,1,0,-0.016,79,133,-3.97,36,0,-0.33,0.74,1.74,-0.016,-0.366,-3.97,-2.85,-3.37,-3.45,-3.4,-4,214.524,376.502,289.577,278.919,0,0,0,0
3882,57,Hombre,8.8,133,33.5,652,1,1,-0.965,248,133,-1.35,36,0,-0.37,0.16,0.19,-0.615,-0.965,-2.48,-1.35,-1.88,-1.95,-2.8,-3.4,750.332,1316.873,1012.842,975.564,0,0,0,0
3883,78,Hombre,10,102,59,146,1,0,0.196,178,96,-4.22,36,0,-0.37,1.36,1.42,0.196,-0.154,-4.22,-3.1,-3.62,-3.7,-3.33,-3.93,906.905,1591.668,1224.194,1179.137,0,0,0,0
3884,69,Hombre,6.8,158,36.6,524,1,0,-0.333,376,157,-4.31,36,0,0.16,0.67,0.78,-0.333,-0.683,-4.31,-3.18,-3.71,-3.78,-4.21,-4.81,447.033,784.568,603.432,581.222,0,0,0,0
3885,59,Hombre,8.6,139,56,220,0,0,-0.148,190,141,-1.94,36,0,0.14,0.83,0.72,-0.148,-0.498,-1.94,-0.81,-1.34,-1.41,-1.56,-2.16,63.793,111.96,86.112,82.942,0,0,0,0
3886,60,Hombre,7.1,143,37.5,193,1,0,-1.033,69,144,-0.97,36,0,-1.11,-0.47,1.18,-1.033,-1.383,-0.97,0.16,-0.37,-0.44,-1.92,-2.52,796.575,1398.032,1075.263,1035.688,0,0,0,0
3887,64,Hombre,7.3,150,54.9,76,1,0,1.113,231,136,-3.93,36,0,0.14,-0.72,-0.1,1.113,0.763,-3.93,-2.8,-3.33,-3.4,-1.66,-2.26,46.507,81.623,62.778,60.468,0,0,0,0
3888,72,Hombre,7.8,143,54.2,121,0,0,0.908,300,142,-3.97,36,0,0.93,1.04,-0.54,0.908,0.558,-3.97,-2.84,-3.37,-3.44,-2,-2.6,475.525,834.572,641.891,618.266,0,0,0,0
3889,68,Mujer,7.8,127,37,61,0,0,0.863,145,143,-3.55,36,0,-0.07,-1.25,0.71,0.863,0.513,-3.55,-2.42,-2.95,-3.02,-1.65,-2.25,97.535,171.179,131.658,126.812,0,0,0,0
3890,79,Hombre,9,131,51,19,1,0,0.68,37,130,-3.97,27.81,1,0.47,-0.07,-0.19,0.68,0.33,-3.97,-2.85,-3.37,-3.45,-2.35,-2.95,27.806,48.801,37.534,36.152,1,0,0,0
3891,69,Mujer,6.8,144,58.1,91,0,1,0.189,110,132,-2.52,36,0,-2.21,1.46,-0.16,0.539,0.189,-3.64,-2.52,-3.04,-3.12,-2.23,-2.83,1522.356,2671.818,2054.966,1979.331,0,0,0,0
3892,50,Hombre,6.8,117,48.4,23,0,1,-0.219,18,111,0.53,36,0,-0.83,0.85,0.56,0.131,-0.219,-0.6,0.53,0,-0.07,0.2,-0.4,6246.837,10963.54,8432.347,8121.99,0,0,0,0
3893,54,Mujer,10.7,128,65.8,45,0,0,1.151,142,143,-4.83,36,0,-2.81,0.22,-0.16,1.151,0.801,-4.83,-3.7,-4.23,-4.3,-2.5,-3.1,1153.19,2023.911,1556.643,1499.35,0,0,0,0
3894,80,Mujer,8.2,112,46.9,18,1,0,0.184,22,106,-0.75,36,0,0.68,-0.53,-0.85,0.184,-0.166,-0.75,0.38,-0.15,-0.22,0.13,-0.47,856.215,1502.705,1155.77,1113.231,0,0,0,0
3895,69,Hombre,7.1,130,39.1,160,1,1,-0.416,106,126,-0.96,36,0,0.16,0.46,1.26,-0.066,-0.416,-2.08,-0.96,-1.48,-1.56,-1.58,-2.18,114.63,201.182,154.735,149.04,0,0,0,0
3896,78,Mujer,6.9,139,46.3,149,0,0,0.003,149,134,-3.53,36,0,0.08,0.5,0.04,0.003,-0.347,-3.53,-2.41,-2.93,-3.01,-2.93,-3.53,312.981,549.299,422.48,406.931,0,0,0,0
3897,68,Mujer,8.5,143,44.2,379,0,0,-0.197,311,140,-4.31,36,0,-0.61,0.31,-2.74,-0.197,-0.547,-4.31,-3.19,-3.71,-3.79,-4.01,-4.61,217.809,382.266,294.011,283.19,0,0,0,0
3898,58,Hombre,7.6,155,62.6,53,0,1,-0.567,30,147,1.32,36,0,-1.2,0.42,1.24,-0.217,-0.567,0.19,1.32,0.79,0.72,0.47,-0.13,1871.293,3284.222,2525.982,2433.011,0,0,0,0
3899,58,Hombre,6.1,132,36.8,97,1,0,-0.164,82,139,-2.64,36,0,-0.03,-0.64,-0.9,-0.164,-0.514,-2.64,-1.52,-2.04,-2.12,-2.29,-2.89,139.927,245.579,188.881,181.93,0,0,0,0
3900,62,Hombre,7.6,144,39.7,89,0,1,-1.024,32,143,0.08,36,0,1,-0.2,-0.21,-0.674,-1.024,-1.04,0.08,-0.44,-0.52,-1.45,-2.05,2537.413,4453.299,3425.15,3299.085,0,0,0,0
3901,52,Mujer,5.5,140,52.2,486,1,1,-0.067,454,130,-2.84,36,0,-1.79,-0.56,-1.1,0.283,-0.067,-3.96,-2.84,-3.36,-3.44,-2.94,-3.54,99.245,174.181,133.967,129.037,0,0,0,0
3902,74,Mujer,7,145,45.2,211,0,0,0.001,211,148,-5.26,36,0,1.63,0.16,2.6,0.001,-0.349,-5.26,-4.14,-4.66,-4.74,-4.66,-5.26,300.543,527.47,405.691,390.759,0,0,0,0
3903,55,Hombre,6.3,128,38.9,51,0,0,0.039,53,129,-2.16,36,0,-1.26,-1,2.05,0.039,-0.311,-2.16,-1.04,-1.56,-1.64,-1.5,-2.1,904.805,1587.982,1221.359,1176.406,0,0,0,0
3904,75,Hombre,8.6,131,40.8,273,0,0,0.566,481,136,-4.48,36,0,0.13,0.76,-1.82,0.566,0.216,-4.48,-3.35,-3.88,-3.95,-3.03,-3.63,155.831,273.492,210.35,202.608,0,0,0,0
3905,80,Hombre,8.9,159,43.6,291,0,0,-0.382,199,162,-2.23,36,0,1.84,-0.57,1.6,-0.382,-0.732,-2.23,-1.11,-1.63,-1.71,-2.2,-2.8,383.832,673.646,518.119,499.049,0,0,0,0
3906,70,Hombre,5.5,159,50.3,41,0,0,0.344,58,162,-1.27,36,0,0.08,-1.28,-0.21,0.344,-0.006,-1.27,-0.15,-0.67,-0.75,-0.16,-0.76,163.331,286.655,220.474,212.359,0,0,0,0
3907,59,Mujer,8.8,141,54.4,109,0,1,0.026,112,127,-3.13,36,0,-0.82,0.48,-0.33,0.376,0.026,-4.25,-3.13,-3.65,-3.73,-3.09,-3.69,89.119,156.409,120.298,115.87,0,0,0,0
3908,37,Mujer,6.6,125,49.6,38,0,1,-0.036,37,124,1.42,30.47,1,-0.34,0.4,-1.44,0.314,-0.036,0.3,1.42,0.9,0.82,1.37,0.77,17.36,30.468,23.434,22.571,1,1,1,1
3909,63,Hombre,9.4,146,44.2,613,0,0,0.573,1087,143,-4.44,36,0,-1.14,0.43,0.43,0.573,0.223,-4.44,-3.32,-3.84,-3.92,-2.98,-3.58,400.974,703.732,541.259,521.338,0,0,0,0
3910,69,Hombre,7.6,107,31.9,104,1,0,-0.568,59,102,-1.64,36,0,-0.26,-1.26,0.09,-0.568,-0.918,-1.64,-0.51,-1.04,-1.11,-1.89,-2.49,1047.887,1839.099,1414.499,1362.438,0,0,0,0
3911,74,Mujer,7,157,56.1,589,0,0,0.508,979,160,-6.02,36,0,1.15,-1.99,-1.12,0.508,0.158,-6.02,-4.89,-5.42,-5.49,-4.65,-5.25,369.453,648.41,498.709,480.354,0,0,0,0
3912,77,Hombre,6.5,129,26.4,97,0,0,-0.338,69,140,-1.33,34.76,1,-0.72,-0.99,-1.67,-0.338,-0.688,-1.33,-0.21,-0.73,-0.81,-1.24,-1.84,34.758,61.002,46.919,45.192,1,0,0,0
3913,78,Hombre,6.7,146,30.2,102,1,1,-0.373,70,140,-3.72,36,0,2.08,-0.23,-0.91,-0.023,-0.373,-4.85,-3.72,-4.25,-4.32,-4.28,-4.88,152.681,267.963,206.097,198.512,0,0,0,0
3914,76,Hombre,7.9,130,38.7,272,0,0,-0.086,250,121,-1.88,36,0,0.13,0.84,0.02,-0.086,-0.436,-1.88,-0.75,-1.28,-1.35,-1.41,-2.01,113.98,200.041,153.857,148.194,0,0,0,0
3915,67,Hombre,9.3,109,48.9,22,1,1,0.123,25,92,-0.08,36,0,1.26,0.54,1.88,0.473,0.123,-1.2,-0.08,-0.6,-0.68,0.1,-0.5,423.872,743.919,572.168,551.109,0,0,0,0
3916,76,Hombre,9.7,144,23.5,85,1,0,0.26,110,128,-6.92,36,0,0.1,2.27,-0.32,0.26,-0.09,-6.92,-5.79,-6.32,-6.39,-5.93,-6.53,484.86,850.955,654.492,630.403,0,0,0,0
3917,56,Mujer,5.7,102,56.5,13,0,0,0.045,14,111,0.15,36,0,0.2,-0.37,0.24,0.045,-0.305,0.15,1.28,0.75,0.68,0.82,0.22,2563.892,4499.771,3460.893,3333.513,0,0,0,0
3918,65,Mujer,7.1,144,43.1,565,0,0,-0.313,413,138,-2.9,36,0,-0.81,-0.38,0.07,-0.313,-0.663,-2.9,-1.78,-2.3,-2.38,-2.77,-3.37,484.422,850.188,653.902,629.835,0,0,0,0
3919,68,Hombre,6.5,135,42.3,19,0,0,0.527,32,138,-2.06,36,0,-0.91,-0.26,0.01,0.527,0.177,-2.06,-0.93,-1.46,-1.53,-0.66,-1.26,170.094,298.525,229.603,221.153,0,0,0,0
3920,69,Hombre,8.9,138,53.2,153,0,1,0.294,205,112,-3.78,36,0,1.35,1.08,-0.02,0.644,0.294,-4.9,-3.78,-4.3,-4.38,-3.34,-3.94,1107.783,1944.22,1495.351,1440.313,0,0,0,0
3921,62,Hombre,5.8,138,55.4,202,0,0,-0.457,128,137,-2.06,36,0,0.07,-0.7,0.62,-0.457,-0.807,-2.06,-0.93,-1.46,-1.53,-2.14,-2.74,201.234,353.177,271.638,261.64,0,0,0,0
3922,73,Hombre,6.4,107,38.4,52,1,0,0.269,68,112,-2.63,36,0,1.1,-0.52,-0.58,0.269,-0.081,-2.63,-1.51,-2.03,-2.11,-1.63,-2.23,653.277,1146.537,881.832,849.375,0,0,0,0
3923,66,Mujer,7.2,141,47.7,133,0,1,-0.262,102,130,-1.59,36,0,-0.07,0.19,0.08,0.088,-0.262,-2.72,-1.59,-2.12,-2.19,-1.99,-2.59,334.254,586.634,451.195,434.589,0,0,0,0
3924,58,Hombre,7.1,157,54.6,68,0,1,-0.187,56,137,-0.4,36,0,-0.98,0.04,0.22,0.163,-0.187,-1.53,-0.4,-0.93,-1,-0.68,-1.28,963.908,1691.712,1301.14,1253.251,0,0,0,0
3925,82,Mujer,8.5,130,20,724,0,0,0.062,770,129,-4.76,36,0,-0.83,-1.57,0.44,0.062,-0.288,-4.76,-3.64,-4.16,-4.24,-4.07,-4.67,98.153,172.263,132.492,127.616,0,0,0,0
3926,60,Mujer,9.1,145,55.6,34,0,1,-0.144,29,141,-1.12,36,0,-0.48,-0.2,-0.15,0.206,-0.144,-2.24,-1.12,-1.64,-1.72,-1.33,-1.93,497.747,873.573,671.888,647.159,0,0,0,0
3927,62,Mujer,9,150,39,274,0,1,0.32,377,150,-3.27,36,0,0.58,0.38,-0.43,0.67,0.32,-4.39,-3.27,-3.79,-3.87,-2.79,-3.39,105.232,184.689,142.049,136.821,0,0,0,0
3928,72,Mujer,8.5,142,36.5,97,1,1,0.134,111,138,-2.38,36,0,1.38,1.15,0.13,0.484,0.134,-3.51,-2.38,-2.91,-2.98,-2.18,-2.78,177.528,311.571,239.638,230.818,0,0,0,0
3929,62,Hombre,8.1,152,42.6,170,0,1,-0.129,149,149,-2.17,36,0,0.71,-3,1.21,0.221,-0.129,-3.3,-2.17,-2.7,-2.77,-2.37,-2.97,702.989,1233.784,948.936,914.01,0,0,0,0
3930,57,Hombre,7.4,119,55.5,68,0,1,-1.013,25,105,0.72,36,0,-0.5,1.15,0.16,-0.663,-1.013,-0.4,0.72,0.2,0.12,-0.8,-1.4,57.356,100.662,77.422,74.573,0,0,0,0
3931,85,Hombre,6.2,149,28.5,661,1,0,0.141,761,150,-4.25,36,0,0.86,-0.02,-0.28,0.141,-0.209,-4.25,-3.12,-3.65,-3.72,-3.43,-4.03,185.028,324.734,249.762,240.569,0,0,0,0
3932,72,Mujer,7.5,140,37.4,155,0,0,0.946,399,141,-3.27,36,0,0.48,-0.81,0.53,0.946,0.596,-3.27,-2.15,-2.67,-2.75,-1.25,-1.85,48.105,84.427,64.935,62.545,0,0,0,0
3933,56,Hombre,5.5,128,51.2,3,0,0,0.651,6,120,-1.48,36,0,0.15,-1.36,-0.51,0.651,0.301,-1.48,-0.35,-0.88,-0.95,0.1,-0.5,5220.991,9163.124,7047.6,6788.209,0,0,0,0
3934,59,Hombre,8.1,138,60.5,76,0,1,-1.117,25,139,1.55,36,0,1.35,-0.79,0.52,-0.767,-1.117,0.43,1.55,1.03,0.95,-0.12,-0.72,2879.516,5053.709,3886.94,3743.879,0,0,0,0
3935,67,Hombre,8.4,151,49,207,0,0,0.738,433,150,-3.54,36,0,-0.8,1.62,-0.8,0.738,0.388,-3.54,-2.42,-2.94,-3.02,-1.84,-2.44,89.694,157.418,121.074,116.618,0,0,0,0
3936,68,Hombre,7.8,146,43.5,113,1,0,-0.389,77,152,-2.77,36,0,0.87,1.05,0.11,-0.389,-0.739,-2.77,-1.65,-2.17,-2.25,-2.76,-3.36,622.978,1093.36,840.932,809.981,0,0,0,0
3937,58,Hombre,5.5,133,24.2,78,0,0,0.093,86,128,-2.38,36,0,0.39,0.37,2.73,0.093,-0.257,-2.38,-1.26,-1.78,-1.86,-1.64,-2.24,1883.724,3306.039,2542.762,2449.174,0,0,0,0
3938,67,Hombre,6.3,110,45.9,9,0,0,-0.247,7,115,0.62,36,0,-0.13,-0.28,0.89,-0.247,-0.597,0.62,1.74,1.22,1.14,0.85,0.25,3239.258,5685.075,4372.541,4211.607,0,0,0,0
3939,47,Mujer,6,145,54,70,1,1,0.004,70,143,-0.19,36,0,-0.42,-0.69,0.5,0.354,0.004,-1.31,-0.19,-0.71,-0.79,-0.18,-0.78,274.899,482.463,371.075,357.418,0,0,0,0
3940,61,Hombre,8.1,157,20.8,873,0,0,0.867,2077,168,-4.21,36,0,-1.21,0.83,-0.72,0.867,0.517,-4.21,-3.08,-3.61,-3.68,-2.3,-2.9,63.84,112.042,86.175,83.003,0,0,0,0
3941,55,Hombre,7,135,52.7,132,0,1,-0.174,111,141,-1.65,36,0,-0.51,-0.41,-0.13,0.176,-0.174,-2.77,-1.65,-2.17,-2.25,-1.91,-2.51,567.512,996.015,766.061,737.866,0,0,0,0
3942,59,Mujer,8.2,130,32.4,58,1,0,-0.42,38,143,-2.9,36,0,1.14,-1.27,0.34,-0.42,-0.77,-2.9,-1.77,-2.3,-2.37,-2.93,-3.53,128.484,225.496,173.435,167.052,0,0,0,0
3943,69,Hombre,8.7,136,54.2,644,0,0,0.212,796,148,-3.32,36,0,-0.07,-0.45,0.72,0.212,-0.138,-3.32,-2.19,-2.72,-2.79,-2.4,-3,1020.01,1790.173,1376.869,1326.193,0,0,0,0
3944,80,Mujer,8.6,140,29.9,337,1,0,-1.056,117,130,-3.78,36,0,-0.8,-0.05,-1.32,-1.056,-1.406,-3.78,-2.66,-3.18,-3.26,-4.77,-5.37,785.693,1378.934,1060.574,1021.539,0,0,0,0
3945,68,Hombre,6.7,123,44.2,37,0,0,-0.478,23,119,0.01,36,0,1.07,0.79,1.71,-0.478,-0.828,0.01,1.14,0.61,0.54,-0.1,-0.7,4268.851,7492.066,5762.346,5550.259,0,0,0,0
3946,69,Hombre,7.1,131,38.2,413,0,1,-0.17,348,141,-2.21,36,0,0.08,-0.08,-0.54,0.18,-0.17,-3.33,-2.21,-2.73,-2.81,-2.46,-3.06,332.689,583.887,449.083,432.554,0,0,0,0
3947,58,Mujer,7.6,127,52.8,82,0,1,0.071,88,120,-0.8,36,0,-1.05,0.67,1.67,0.421,0.071,-1.93,-0.8,-1.33,-1.4,-0.7,-1.3,145.639,255.605,196.592,189.357,0,0,0,0
3948,71,Mujer,6.6,140,36.4,41,1,0,-0.283,31,142,-4.33,36,0,0.04,-0.67,0.42,-0.283,-0.633,-4.33,-3.2,-3.73,-3.8,-4.15,-4.75,1376.348,2415.565,1857.875,1789.495,0,0,0,0
3949,70,Mujer,7.1,137,46.1,135,1,1,-0.073,126,126,-2.06,36,0,0.13,0.53,1.01,0.277,-0.073,-3.19,-2.06,-2.59,-2.66,-2.17,-2.77,962.717,1689.621,1299.532,1251.702,0,0,0,0
3950,72,Hombre,7.5,140,40.6,118,0,0,-0.264,91,134,-0.55,36,0,-0.14,0.7,0.89,-0.264,-0.614,-0.55,0.57,0.05,-0.03,-0.35,-0.95,268.681,471.55,362.682,349.333,0,0,0,0
3951,51,Mujer,7.6,131,44,206,0,1,-0.57,117,126,-1.16,36,0,0.75,-1.15,0.59,-0.22,-0.57,-2.29,-1.16,-1.69,-1.76,-2.02,-2.62,439.298,770.993,592.991,571.165,0,0,0,0
3952,61,Hombre,8.7,128,49.1,30,0,0,-0.141,26,119,-2.14,36,0,0.15,2.27,0.59,-0.141,-0.491,-2.14,-1.01,-1.54,-1.61,-1.75,-2.35,2164.96,3799.623,2922.39,2814.83,0,0,0,0
3953,59,Mujer,9.5,156,35.4,641,0,0,-0.637,339,147,-3.58,36,0,-0.01,0.02,0.35,-0.637,-0.987,-3.58,-2.46,-2.98,-3.06,-3.94,-4.54,46.805,82.145,63.18,60.854,0,0,0,0
3954,46,Hombre,7.8,133,38.2,107,1,1,-1.063,37,125,1.2,36,0,-0.72,1.8,0.37,-0.713,-1.063,0.08,1.2,0.68,0.6,-0.39,-0.99,1271.256,2231.124,1716.016,1652.857,0,0,0,0
3955,64,Hombre,7.2,137,38.3,68,0,1,-0.519,40,119,-2.05,36,0,2.24,1.05,-0.29,-0.169,-0.519,-3.17,-2.05,-2.57,-2.65,-2.83,-3.43,525.838,922.874,709.807,683.682,0,0,0,0
3956,56,Hombre,6.5,119,55.2,197,1,1,0.047,206,108,-1.44,36,0,0.01,0.06,-1.64,0.397,0.047,-2.56,-1.44,-1.96,-2.04,-1.37,-1.97,652.424,1145.039,880.68,848.266,0,0,0,0
3957,55,Mujer,9.7,138,31.4,288,0,0,0.676,566,141,-2.69,27.84,1,-0.67,2.01,0.16,0.676,0.326,-2.69,-1.57,-2.09,-2.17,-1.08,-1.68,27.843,48.866,37.584,36.201,1,0,0,0
3958,60,Mujer,9.1,149,65.6,286,0,1,-1.012,104,132,-1.71,36,0,-0.67,1.45,-1.14,-0.662,-1.012,-2.84,-1.71,-2.24,-2.31,-3.23,-3.83,424.758,745.474,573.364,552.261,0,0,0,0
3959,65,Mujer,6.8,129,43.2,61,0,0,0.311,83,127,-2.82,36,0,0.29,-0.38,-0.04,0.311,-0.039,-2.82,-1.69,-2.22,-2.29,-1.75,-2.35,1110.179,1948.424,1498.584,1443.428,0,0,0,0
3960,52,Mujer,7.4,144,44.8,15,1,0,0.895,37,146,-3.52,36,0,0.36,-0.49,0.37,0.895,0.545,-3.52,-2.4,-2.92,-3,-1.58,-2.18,39.824,69.894,53.757,51.779,0,0,0,0
3961,69,Mujer,8.9,142,32.9,867,0,0,0.965,2275,139,-5.51,36,0,-1.6,-1.25,0.05,0.965,0.615,-5.51,-4.39,-4.91,-4.99,-3.46,-4.06,73.495,128.988,99.208,95.557,0,0,0,0
3962,63,Hombre,6.7,151,20,412,0,0,-0.134,360,151,-2.48,36,0,0.77,0.24,0.59,-0.134,-0.484,-2.48,-1.35,-1.88,-1.95,-2.08,-2.68,48.161,84.525,65.011,62.618,0,0,0,0
3963,80,Mujer,9.5,157,36.6,678,0,0,0.294,910,144,-5.04,19.69,1,-0.72,-0.15,0.41,0.294,-0.056,-5.04,-3.91,-4.44,-4.51,-4,-4.6,19.687,34.552,26.575,25.597,1,1,1,1
3964,65,Mujer,7.7,135,49.5,385,1,1,-0.726,186,123,-1.02,36,0,0.36,0.92,1.89,-0.376,-0.726,-2.14,-1.02,-1.54,-1.62,-2.11,-2.71,891.203,1564.109,1202.998,1158.721,0,0,0,0
3965,45,Hombre,8.5,113,55.2,281,0,1,-1.033,100,118,0.28,36,0,-0.99,-1.2,1.39,-0.683,-1.033,-0.85,0.28,-0.25,-0.32,-1.27,-1.87,1725.971,3029.173,2329.817,2244.067,0,0,0,0
3966,66,Mujer,9,147,38.2,144,0,0,0.21,178,165,-3.15,36,0,-1.11,-0.35,1.39,0.21,-0.14,-3.15,-2.03,-2.55,-2.63,-2.24,-2.84,54.786,96.153,73.954,71.232,0,0,0,0
3967,60,Mujer,9,133,61.3,512,1,1,-1.003,188,110,-2.32,36,0,-0.26,-1.05,1.19,-0.653,-1.003,-3.44,-2.32,-2.84,-2.92,-3.82,-4.42,532.499,934.565,718.799,692.343,0,0,0,0
3968,46,Mujer,8.6,140,39.9,109,0,1,-0.166,92,137,-0.07,25.68,1,0.62,0.75,-0.37,0.184,-0.166,-1.19,-0.07,-0.59,-0.67,-0.31,-0.91,14.631,25.678,19.749,19.022,1,1,1,1
3969,73,Hombre,8.7,127,40.3,83,0,0,0.125,94,139,-2.98,36,0,-0.53,-1.19,-1.9,0.125,-0.225,-2.98,-1.85,-2.38,-2.45,-2.19,-2.79,216.839,380.565,292.703,281.929,0,0,0,0
3970,60,Mujer,7.6,104,38.5,361,0,0,-0.018,355,95,-3.34,36,0,-0.09,-0.04,0.97,-0.018,-0.368,-3.34,-2.21,-2.74,-2.81,-2.76,-3.36,98.706,173.234,133.239,128.335,0,0,0,0
3971,48,Hombre,8.5,149,23.3,95,0,0,0.453,150,140,-3.59,36,0,-0.43,0.18,-0.11,0.453,0.103,-3.59,-2.47,-2.99,-3.07,-2.31,-2.91,205.067,359.903,276.811,266.623,0,0,0,0
3972,67,Mujer,8.2,133,43.9,680,0,0,0.167,804,124,-3.53,36,0,0.63,1.55,-0.31,0.167,-0.183,-3.53,-2.4,-2.93,-3,-2.68,-3.28,140.444,246.487,189.58,182.602,0,0,0,0
3973,69,Mujer,7.8,148,45.2,179,1,1,-0.582,100,137,-0.76,36,0,1.58,1.89,0.6,-0.232,-0.582,-1.88,-0.76,-1.28,-1.36,-1.63,-2.23,647.518,1136.429,874.058,841.888,0,0,0,0
3974,60,Mujer,8,162,52.6,253,0,0,0.115,284,167,-3.64,36,0,0.95,-0.05,0.63,0.115,-0.235,-3.64,-2.51,-3.04,-3.11,-2.87,-3.47,549.97,965.227,742.382,715.058,0,0,0,0
3975,74,Mujer,6.2,155,49.1,83,0,0,0.221,104,166,-1.5,36,0,1.14,1.99,0.14,0.221,-0.129,-1.5,-0.37,-0.9,-0.97,-0.56,-1.16,402.234,705.943,542.96,522.976,0,0,0,0
3976,60,Mujer,8.5,114,31.9,91,0,1,-0.86,39,109,-0.29,36,0,0.35,-0.67,2.89,-0.51,-0.86,-1.42,-0.29,-0.82,-0.89,-1.58,-2.18,741.501,1301.375,1000.922,964.082,0,0,0,0
3977,60,Mujer,9.7,140,55.5,90,1,0,-0.349,63,138,-1.94,36,0,0.05,0.38,-1.7,-0.349,-0.699,-1.94,-0.81,-1.34,-1.41,-1.86,-2.46,296.514,520.398,400.252,385.52,0,0,0,0
3978,69,Mujer,9.1,122,35,31,0,0,0.373,45,118,-2.47,36,0,0.19,-1.31,-1.1,0.373,0.023,-2.47,-1.35,-1.87,-1.95,-1.31,-1.91,514.935,903.739,695.089,669.506,0,0,0,0
3979,69,Hombre,9.9,152,67.8,57,0,0,0.336,80,150,-2.12,36,0,1.58,-0.91,-0.99,0.336,-0.014,-2.12,-1,-1.52,-1.6,-1.02,-1.62,77.874,136.674,105.119,101.25,0,0,0,0
3980,87,Mujer,8,138,43.9,291,0,0,-0.377,200,131,-2.24,36,0,0.97,-0.15,-0.52,-0.377,-0.727,-2.24,-1.12,-1.64,-1.72,-2.21,-2.81,2569.175,4509.043,3468.024,3340.381,0,0,0,0
3981,58,Mujer,8.7,129,30.9,80,0,1,-0.689,40,126,-2.22,36,0,-0.57,-0.55,0.04,-0.339,-0.689,-3.35,-2.22,-2.75,-2.82,-3.25,-3.85,180.835,317.376,244.102,235.118,0,0,0,0
3982,66,Hombre,8.1,132,42.8,129,1,1,0.631,243,127,-3.65,36,0,0.54,-1.41,-2.28,0.981,0.631,-4.78,-3.65,-4.18,-4.25,-2.7,-3.3,54.42,95.511,73.46,70.756,0,0,0,0
3983,69,Mujer,7.4,130,46.7,85,0,0,-0.322,62,133,-2.48,36,0,-0.28,-0.93,-0.32,-0.322,-0.672,-2.48,-1.35,-1.88,-1.95,-2.36,-2.96,683.016,1198.73,921.975,888.041,0,0,0,0
3984,52,Mujer,5.9,140,43.2,61,1,1,-0.733,29,136,1.84,36,0,-1.44,-1.33,-0.55,-0.383,-0.733,0.71,1.84,1.31,1.24,0.74,0.14,2703.78,4745.282,3649.721,3515.391,0,0,0,0
3985,45,Mujer,7.3,146,40.8,67,0,1,0.795,148,143,-2.23,36,0,-1.7,0.46,0.99,1.145,0.795,-3.35,-2.23,-2.75,-2.83,-1.04,-1.64,70.242,123.279,94.817,91.328,0,0,0,0
3986,59,Mujer,7.4,162,52,15,0,1,-0.029,15,169,-0.55,36,0,-0.43,-2.48,0.38,0.321,-0.029,-1.68,-0.55,-1.08,-1.15,-0.6,-1.2,93.968,164.919,126.844,122.175,0,0,0,0
3987,88,Mujer,8.8,144,32.4,20,1,0,1.189,66,130,-6.89,36,0,1.67,-0.03,0.83,1.189,0.839,-6.89,-5.76,-6.29,-6.36,-4.5,-5.1,131.036,229.976,176.88,170.37,0,0,0,0
3988,59,Mujer,6.3,145,41.7,96,0,0,-0.104,87,146,-1.76,36,0,0.1,1.08,-0.78,-0.104,-0.454,-1.76,-0.64,-1.16,-1.24,-1.32,-1.92,413.639,725.959,558.354,537.804,0,0,0,0
3989,65,Hombre,9.8,135,36.8,85,0,0,-0.126,75,147,-4.47,36,0,-0.13,-0.34,-0.49,-0.126,-0.476,-4.47,-3.35,-3.87,-3.95,-4.06,-4.66,200.02,351.046,269.999,260.061,0,0,0,0
3990,74,Mujer,9.6,154,34.1,176,0,1,-0.901,72,142,-2.36,36,0,-0.03,0.61,-0.13,-0.551,-0.901,-3.48,-2.36,-2.88,-2.96,-3.71,-4.31,281.162,493.454,379.528,365.56,0,0,0,0
3991,66,Hombre,7.2,126,48.6,55,0,0,-0.066,51,126,-1.44,36,0,0.05,-0.46,-0.36,-0.066,-0.416,-1.44,-0.32,-0.84,-0.92,-0.94,-1.54,702.712,1233.298,948.562,913.65,0,0,0,0
3992,73,Mujer,7.8,143,33.4,188,0,1,-0.68,95,136,-0.67,36,0,0.17,0.67,0.37,-0.33,-0.68,-1.8,-0.67,-1.2,-1.27,-1.69,-2.29,181.858,319.17,245.482,236.447,0,0,0,0
3993,57,Mujer,11.4,148,39.7,448,0,0,-0.398,301,145,-4.65,12.47,1,0.13,-0.46,-0.27,-0.398,-0.748,-4.65,-3.53,-4.05,-4.13,-4.65,-5.25,12.47,21.885,16.833,16.213,1,1,1,1
3994,69,Hombre,5.5,180,43.4,206,1,1,-0.412,136,173,-2.49,36,0,-0.02,0.82,0.71,-0.062,-0.412,-3.61,-2.49,-3.01,-3.09,-3.1,-3.7,89.925,157.824,121.386,116.919,0,0,0,0
3995,52,Hombre,8.5,150,43.6,108,1,0,0.765,232,155,-5.49,36,0,-0.64,1.02,0.28,0.765,0.415,-5.49,-4.37,-4.89,-4.97,-3.75,-4.35,239.048,419.542,322.681,310.804,0,0,0,0
3996,73,Hombre,6.4,148,25,403,1,0,-0.429,262,155,-1.77,36,0,0.04,0.38,-0.89,-0.429,-0.779,-1.77,-0.64,-1.17,-1.24,-1.81,-2.41,285.613,501.266,385.537,371.347,0,0,0,0
3997,55,Mujer,6.9,111,60.9,23,0,0,0.242,29,101,-0.38,36,0,0.49,0.45,0.25,0.242,-0.108,-0.38,0.75,0.22,0.15,0.58,-0.02,567.231,995.521,765.681,737.5,0,0,0,0
3998,70,Hombre,8.9,135,60.1,147,1,1,-0.515,88,124,-3.03,36,0,0.76,-1.94,-0.79,-0.165,-0.515,-4.16,-3.03,-3.56,-3.63,-3.81,-4.41,279.193,489.999,376.871,363,0,0,0,0
3999,70,Mujer,8.3,153,46.5,501,1,0,0.871,1196,164,-6.42,8.65,1,-0.42,-0.89,1.71,0.871,0.521,-6.42,-5.3,-5.82,-5.9,-4.52,-5.12,8.652,15.185,11.679,11.25,1,1,1,1
4000,59,Hombre,6.6,131,64.5,262,0,1,-1.302,71,136,2.05,36,0,0.56,-1.36,-0.83,-0.952,-1.302,0.92,2.05,1.52,1.45,0.1,-0.5,203.846,357.761,275.164,265.036,0,0,0,0
4001,76,Hombre,10,134,47.4,192,0,1,-0.717,94,125,-0.6,36,0,-0.93,0.4,-1.48,-0.367,-0.717,-1.73,-0.6,-1.13,-1.2,-1.68,-2.28,77.197,135.486,104.206,100.37,0,0,0,0
4002,61,Mujer,6.5,146,40.2,61,0,0,0.031,63,150,0.18,36,0,0.01,-1.36,0.21,0.031,-0.319,0.18,1.31,0.78,0.71,0.83,0.23,118.866,208.616,160.452,154.547,0,0,0,0
4003,83,Hombre,7.2,137,41.7,232,1,0,-0.055,220,131,-5.05,36,0,1.03,-0.58,-1.74,-0.055,-0.405,-5.05,-3.93,-4.45,-4.53,-4.54,-5.14,710.636,1247.204,959.258,923.952,0,0,0,0
4004,48,Hombre,8.2,107,42.2,114,0,0,-0.316,83,106,-1.47,36,0,-1.08,0.3,0.06,-0.316,-0.666,-1.47,-0.35,-0.87,-0.95,-1.35,-1.95,165.392,290.271,223.255,215.038,0,0,0,0
4005,56,Mujer,7.5,154,35.3,118,0,0,-0.406,79,145,-0.23,36,0,1.03,-0.55,0.25,-0.406,-0.756,-0.23,0.9,0.37,0.3,-0.24,-0.84,286.051,502.035,386.128,371.917,0,0,0,0
4006,69,Hombre,8,147,20,478,0,0,1.238,1649,164,-5.54,36,0,0.2,0.38,0.14,1.238,0.888,-5.54,-4.41,-4.94,-5.01,-3.08,-3.68,74.623,130.967,100.73,97.023,0,0,0,0
4007,71,Hombre,8.7,111,65.9,65,1,0,-0.194,54,118,-2.28,36,0,2.45,1.59,-0.59,-0.194,-0.544,-2.28,-1.15,-1.68,-1.75,-1.97,-2.57,463.084,812.737,625.098,602.091,0,0,0,0
4008,67,Hombre,8,156,35.2,128,0,0,0.103,142,150,-0.78,36,0,-0.19,0.24,-0.12,0.103,-0.247,-0.78,0.34,-0.18,-0.26,-0.03,-0.63,74.262,130.333,100.243,96.553,0,0,0,0
4009,70,Mujer,8.7,141,35.7,768,0,0,0.139,882,145,-4.12,36,0,-0.72,1.37,1.11,0.139,-0.211,-4.12,-3,-3.52,-3.6,-3.32,-3.92,603.936,1059.94,815.228,785.223,0,0,0,0
4010,72,Hombre,5.9,135,52.5,30,0,0,0.393,44,139,-2.11,36,0,-0.02,0.69,0.1,0.393,0.043,-2.11,-0.98,-1.51,-1.58,-0.92,-1.52,1145.478,2010.377,1546.234,1489.324,0,0,0,0
4011,47,Hombre,7.9,99,58.2,110,0,1,-0.117,98,95,-1.07,36,0,-1.07,0.32,-1.01,0.233,-0.117,-2.19,-1.07,-1.59,-1.67,-1.24,-1.84,6093.05,10693.636,8224.758,7922.041,0,0,0,0
4012,82,Hombre,6.3,137,31.8,24,0,0,0.04,25,146,-2.03,36,0,-0.61,-0.22,0.01,0.04,-0.31,-2.03,-0.9,-1.43,-1.5,-1.37,-1.97,342.261,600.687,462.005,445,0,0,0,0
4013,59,Hombre,7.4,118,59.9,69,0,1,-0.773,32,106,-0.62,36,0,-0.66,0.33,-0.17,-0.423,-0.773,-1.74,-0.62,-1.14,-1.22,-1.78,-2.38,767.992,1347.868,1036.681,998.525,0,0,0,0
4014,70,Hombre,8.9,126,41.8,296,0,1,0.047,310,126,-3.07,36,0,-1.31,0.44,0.68,0.397,0.047,-4.19,-3.07,-3.59,-3.67,-3,-3.6,145.611,255.556,196.555,189.32,0,0,0,0
4015,59,Mujer,5.6,126,42.4,122,0,1,-0.291,91,120,0.82,36,0,-0,0.18,-0.51,0.059,-0.291,-0.3,0.82,0.3,0.22,0.39,-0.21,2246.086,3942.003,3031.899,2920.308,0,0,0,0
4016,73,Hombre,10.3,131,43.3,328,1,0,0.687,652,128,-5.33,36,0,-0.58,1.2,-0.07,0.687,0.337,-5.33,-4.2,-4.73,-4.8,-3.7,-4.3,203.804,357.688,275.107,264.982,0,0,0,0
4017,60,Hombre,6.4,167,47.2,435,1,0,-0.327,314,166,-3.45,36,0,-0.21,0.65,0.57,-0.327,-0.677,-3.45,-2.32,-2.85,-2.92,-3.34,-3.94,157.251,275.983,212.266,204.453,0,0,0,0
4018,63,Hombre,7.3,168,32.6,345,1,0,0.543,594,161,-4.37,36,0,0.58,1.42,0.31,0.543,0.193,-4.37,-3.24,-3.77,-3.84,-2.95,-3.55,151.077,265.148,203.932,196.426,0,0,0,0
4019,72,Mujer,7.8,129,40,92,0,0,0.088,100,110,-1.13,7.9,1,0.21,1.93,1.47,0.088,-0.262,-1.13,-0.01,-0.53,-0.61,-0.4,-1,7.896,13.859,10.659,10.267,1,1,1,1
4020,86,Hombre,8.9,161,51.5,386,0,1,-1.35,100,162,-1.42,36,0,-0.44,0.72,0.58,-1,-1.35,-2.54,-1.42,-1.94,-2.02,-3.44,-4.04,669.396,1174.827,903.59,870.333,0,0,0,0
4021,60,Hombre,7.2,145,38.1,69,1,0,-0.244,54,144,-3.23,36,0,-0.87,-0.62,0.36,-0.244,-0.594,-3.23,-2.11,-2.63,-2.71,-3,-3.6,263.138,461.822,355.199,342.126,0,0,0,0
4022,73,Mujer,7.9,154,65.4,701,0,0,0.007,706,159,-3.91,36,0,0.58,-0.12,0.81,0.007,-0.343,-3.91,-2.78,-3.31,-3.38,-3.29,-3.89,163.592,287.113,220.826,212.698,0,0,0,0
4023,55,Mujer,7.6,157,47.4,227,0,0,-0.108,204,152,-2.32,36,0,-0.33,-0.29,1.78,-0.108,-0.458,-2.32,-1.2,-1.72,-1.8,-1.88,-2.48,1021.446,1792.694,1378.808,1328.06,0,0,0,0
4024,72,Hombre,8.6,149,41.2,445,0,0,0.441,691,141,-4.28,36,0,-0.03,-0.19,0.64,0.441,0.091,-4.28,-3.16,-3.68,-3.76,-3.02,-3.62,53.221,93.406,71.841,69.197,0,0,0,0
4025,58,Hombre,8.9,148,51,144,1,0,-0.252,112,145,-1.94,36,0,-0.31,-0.35,-0.99,-0.252,-0.602,-1.94,-0.82,-1.34,-1.42,-1.72,-2.32,186.127,326.663,251.245,241.998,0,0,0,0
4026,73,Mujer,9.3,136,49.8,149,0,1,-0.532,87,121,-2.64,36,0,-1.06,0.45,-1.06,-0.182,-0.532,-3.76,-2.64,-3.16,-3.24,-3.44,-4.04,500.54,878.476,675.659,650.791,0,0,0,0
4027,71,Hombre,5.8,154,38.1,18,0,0,1.049,51,165,-3.49,36,0,-0.85,0.55,0.24,1.049,0.699,-3.49,-2.37,-2.89,-2.97,-1.32,-1.92,622.906,1093.234,840.835,809.888,0,0,0,0
4028,75,Mujer,8.6,121,41.4,55,1,0,0.708,112,117,-5.44,36,0,0.01,-2.12,0.41,0.708,0.358,-5.44,-4.31,-4.84,-4.91,-3.78,-4.38,523.921,919.51,707.22,681.19,0,0,0,0
4029,61,Hombre,8,127,52,198,1,0,0.748,418,138,-3.6,36,0,-1.12,0.39,1.09,0.748,0.398,-3.6,-2.47,-3,-3.07,-1.88,-2.48,54.306,95.309,73.305,70.607,0,0,0,0
4030,62,Mujer,7.9,133,38.2,238,0,0,-0.313,174,136,-1.36,7.09,1,-0.89,0.26,-1.2,-0.313,-0.663,-1.36,-0.23,-0.76,-0.83,-1.23,-1.83,7.088,12.44,9.568,9.216,1,1,1,1
4031,59,Hombre,6.7,101,43.2,243,1,1,-0.362,169,96,-1.35,36,0,0.91,-0.39,0.59,-0.012,-0.362,-2.47,-1.35,-1.87,-1.95,-1.89,-2.49,149.239,261.922,201.451,194.037,0,0,0,0
4032,55,Mujer,7.2,143,48.5,230,0,1,-0.643,121,134,-0.4,36,0,-0.77,1.21,-2.23,-0.293,-0.643,-1.52,-0.4,-0.92,-1,-1.36,-1.96,693.521,1217.168,936.156,901.7,0,0,0,0
4033,54,Hombre,7.2,138,63.2,24,1,0,0.1,27,148,-0.42,36,0,-1.12,0.08,-1.05,0.1,-0.25,-0.42,0.71,0.18,0.11,0.33,-0.27,2024.663,3553.394,2733.009,2632.419,0,0,0,0
4034,53,Hombre,8.7,127,49.2,25,0,0,-0.139,22,129,-1.32,36,0,-0.44,0.51,-0.13,-0.139,-0.489,-1.32,-0.2,-0.72,-0.8,-0.93,-1.53,1082.987,1900.701,1461.88,1408.074,0,0,0,0
4035,74,Hombre,6.8,134,49.3,23,0,0,0.953,60,128,-2.7,36,0,0.12,1.08,1.06,0.953,0.603,-2.7,-1.57,-2.1,-2.17,-0.67,-1.27,206.644,362.672,278.94,268.674,0,0,0,0
4036,48,Hombre,8.6,133,40.1,191,0,1,-0.628,102,129,-0.6,36,0,-0.13,0.22,0.31,-0.278,-0.628,-1.73,-0.6,-1.13,-1.2,-1.55,-2.15,1189.517,2087.667,1605.68,1546.582,0,0,0,0
4037,54,Mujer,6.9,108,65.1,65,0,1,-0.883,27,97,-0.17,36,0,-1.86,-0.85,0.53,-0.533,-0.883,-1.29,-0.17,-0.69,-0.77,-1.49,-2.09,57.738,101.334,77.938,75.07,0,0,0,0
4038,61,Mujer,7.3,126,21.1,174,0,0,-0.419,114,117,-2.76,36,0,0.88,-0.36,-0.52,-0.419,-0.769,-2.76,-1.63,-2.16,-2.23,-2.79,-3.39,793.407,1392.473,1070.988,1031.57,0,0,0,0
4039,72,Mujer,9.1,142,30.4,1857,1,1,-0.333,1331,137,-5.5,36,0,0.89,0.27,-1.63,0.017,-0.333,-6.62,-5.5,-6.02,-6.1,-6,-6.6,41.059,72.06,55.424,53.384,0,0,0,0
4040,46,Hombre,9.4,133,39.5,318,0,1,-0.055,301,130,-2.91,36,0,-0.04,-1.27,-0.37,0.295,-0.055,-4.04,-2.91,-3.44,-3.51,-2.99,-3.59,47.213,82.862,63.731,61.386,0,0,0,0
4041,72,Hombre,9.6,108,56.5,458,0,0,-0.251,356,99,-2.06,36,0,1.79,1.49,0.72,-0.251,-0.601,-2.06,-0.94,-1.46,-1.54,-1.84,-2.44,1290.608,2265.088,1742.139,1678.018,0,0,0,0
4042,62,Hombre,8,142,42.2,47,0,0,0.694,94,152,-3.62,36,0,-0.22,-1.21,-0.21,0.694,0.344,-3.62,-2.5,-3.02,-3.1,-1.98,-2.58,909.711,1596.593,1227.982,1182.785,0,0,0,0
4043,67,Mujer,7,130,45.9,34,0,1,0.141,39,137,-0.69,36,0,-0.69,1.45,-0.45,0.491,0.141,-1.81,-0.69,-1.21,-1.29,-0.48,-1.08,650.789,1142.17,878.473,846.14,0,0,0,0
4044,58,Mujer,7.9,144,40.7,365,0,1,-0.386,248,141,-1.7,36,0,-0.49,0.12,-0.17,-0.036,-0.386,-2.83,-1.7,-2.23,-2.3,-2.28,-2.88,247.081,433.641,333.524,321.249,0,0,0,0
4045,61,Hombre,6.1,158,51.4,69,1,0,0.352,98,159,-2.54,36,0,0.22,0.2,0.17,0.352,0.002,-2.54,-1.42,-1.94,-2.02,-1.41,-2.01,625.956,1098.587,844.952,813.853,0,0,0,0
4046,70,Hombre,5.5,150,60,147,0,1,-0.866,62,143,-0.05,36,0,-0.51,-0.13,1.59,-0.516,-0.866,-1.17,-0.05,-0.57,-0.65,-1.35,-1.95,1245.512,2185.942,1681.266,1619.386,0,0,0,0
4047,67,Mujer,7.7,143,44.6,58,0,1,-0.63,31,121,-0.7,36,0,1.12,-0.73,-1.38,-0.28,-0.63,-1.82,-0.7,-1.22,-1.3,-1.64,-2.24,753.301,1322.085,1016.85,979.424,0,0,0,0
4048,60,Hombre,6.6,143,51.4,57,0,0,0.131,65,139,-3.25,36,0,-1.22,-1.06,-0.77,0.131,-0.219,-3.25,-2.12,-2.65,-2.72,-2.45,-3.05,311.784,547.197,420.864,405.374,0,0,0,0
4049,51,Hombre,7.5,110,49.8,204,0,1,-0.401,137,107,-0.36,36,0,-1,-0.73,-0.75,-0.051,-0.401,-1.49,-0.36,-0.89,-0.96,-0.96,-1.56,511.881,898.379,690.967,665.536,0,0,0,0
4050,73,Mujer,7.9,103,63.5,13,0,0,0.016,13,97,1.22,36,0,-0.91,0.53,0.04,0.016,-0.334,1.22,2.34,1.82,1.74,1.84,1.24,379.996,666.914,512.941,494.062,0,0,0,0
4051,67,Mujer,7.2,157,50.5,91,0,0,0.289,122,157,-3.48,36,0,-0.02,0.73,-0.44,0.289,-0.061,-3.48,-2.36,-2.88,-2.96,-2.45,-3.05,69.41,121.819,93.694,90.246,0,0,0,0
4052,41,Mujer,10,126,51.9,120,0,1,-0.139,104,116,-0.11,1.22,1,0.56,1.47,0.87,0.211,-0.139,-1.24,-0.11,-0.64,-0.71,-0.32,-0.92,0.697,1.224,0.941,0.907,1,1,1,1
4053,46,Hombre,6.5,133,45.2,99,0,1,-0.746,47,133,-0.06,36,0,-0.94,0.57,1.08,-0.396,-0.746,-1.19,-0.06,-0.59,-0.66,-1.18,-1.78,538.285,944.719,726.609,699.865,0,0,0,0
4054,56,Mujer,8.2,95,48.7,15,0,0,0.144,17,101,1.41,36,0,-3.16,1.28,-0.05,0.144,-0.206,1.41,2.54,2.01,1.94,2.23,1.63,1970.54,3458.406,2659.951,2562.05,0,0,0,0
4055,64,Hombre,8.2,121,49.7,36,1,0,0.327,50,119,-2.71,36,0,0.31,-0.31,1.2,0.327,-0.023,-2.71,-1.59,-2.11,-2.19,-1.62,-2.22,702.077,1232.184,947.705,912.824,0,0,0,0
4056,47,Hombre,6.5,118,47.6,35,0,1,-0.997,13,125,2.07,36,0,-1.04,0.48,1.52,-0.647,-0.997,0.94,2.07,1.54,1.47,0.57,-0.03,4833.859,8483.687,6525.028,6284.87,0,0,0,0
4057,66,Hombre,7.5,150,38.8,423,0,1,0.164,498,152,-2.01,36,0,-1.74,-1.19,0.38,0.514,0.164,-3.14,-2.01,-2.54,-2.61,-1.77,-2.37,440.531,773.156,594.655,572.768,0,0,0,0
4058,66,Mujer,7.5,104,57.4,24,1,1,-0.331,17,96,0.12,36,0,-0.87,1.42,0.43,0.019,-0.331,-1.01,0.12,-0.41,-0.48,-0.38,-0.98,1539.599,2702.081,2078.241,2001.751,0,0,0,0
4059,73,Hombre,9.7,138,25.4,66,0,1,-0.092,60,139,-2.43,36,0,3.4,0.39,-0.38,0.258,-0.092,-3.55,-2.43,-2.95,-3.03,-2.57,-3.17,48.715,85.497,65.758,63.338,0,0,0,0
4060,70,Hombre,7.6,127,30,6,0,0,0.793,13,124,-4.58,36,0,0.67,-0.32,1.08,0.793,0.443,-4.58,-3.46,-3.98,-4.06,-2.79,-3.39,2618.927,4596.361,3535.182,3405.068,0,0,0,0
4061,68,Hombre,11.5,119,53.3,187,0,1,-0.546,108,117,-0.47,36,0,1.03,-0.15,-0.95,-0.196,-0.546,-1.6,-0.47,-1,-1.07,-1.29,-1.89,3028.139,5314.549,4087.56,3937.115,0,0,0,0
4062,67,Mujer,9.7,139,40,364,0,1,0.311,497,125,-3.54,36,0,-0.27,0.83,-0.53,0.661,0.311,-4.66,-3.54,-4.06,-4.14,-3.07,-3.67,150.927,264.885,203.73,196.232,0,0,0,0
4063,79,Mujer,6.8,126,49.2,462,0,1,-0.113,413,109,0.18,36,0,0.7,-1.02,-1.16,0.237,-0.113,-0.94,0.18,-0.34,-0.42,0.01,-0.59,153.665,269.69,207.426,199.791,0,0,0,0
4064,69,Mujer,8.6,130,42.5,114,1,0,0.225,143,131,-3.68,36,0,1.21,2.13,0.77,0.225,-0.125,-3.68,-2.56,-3.08,-3.16,-2.74,-3.34,559.796,982.472,755.645,727.833,0,0,0,0
4065,68,Hombre,9.2,133,34.8,156,1,0,0.083,170,131,-3.19,36,0,-0.36,0.42,-0.8,0.083,-0.267,-3.19,-2.07,-2.59,-2.67,-2.47,-3.07,58.383,102.466,78.809,75.909,0,0,0,0
4066,46,Mujer,6.3,133,52.4,171,1,1,-0.361,119,105,-0.43,36,0,0.87,1.23,-1.68,-0.011,-0.361,-1.56,-0.43,-0.96,-1.03,-0.97,-1.57,852.956,1496.985,1151.37,1108.994,0,0,0,0
4067,71,Mujer,8.9,121,45.8,210,0,0,1.03,588,106,-5.46,36,0,0.55,-0.4,-0.81,1.03,0.68,-5.46,-4.33,-4.86,-4.93,-3.31,-3.91,119.004,208.859,160.639,154.726,0,0,0,0
4068,60,Mujer,6.8,141,32.6,191,0,0,-0.367,132,160,-1.78,36,0,1.09,0.88,-0.36,-0.367,-0.717,-1.78,-0.65,-1.18,-1.25,-1.73,-2.33,1436.815,2521.688,1939.497,1868.113,0,0,0,0
4069,58,Mujer,6.5,141,46.6,107,1,0,-0.053,101,133,-1.94,36,0,3.32,0.8,1.2,-0.053,-0.403,-1.94,-0.81,-1.34,-1.41,-1.42,-2.02,671.561,1178.626,906.512,873.148,0,0,0,0
4070,55,Hombre,7.3,148,52.2,295,0,0,0.201,361,150,-3.48,36,0,-1.14,-0.09,-0.9,0.201,-0.149,-3.48,-2.35,-2.88,-2.95,-2.58,-3.18,1645.28,2887.557,2220.896,2139.155,0,0,0,0
4071,67,Hombre,7.8,119,20,213,0,1,-0.355,149,113,-1.57,36,0,0.51,0.35,0.66,-0.005,-0.355,-2.7,-1.57,-2.1,-2.17,-2.1,-2.7,212.07,372.195,286.265,275.729,0,0,0,0
4072,82,Mujer,6.8,150,24.3,23,1,0,-0.048,22,145,-4.18,36,0,1.2,-0.72,-0.46,-0.048,-0.398,-4.18,-3.06,-3.58,-3.66,-3.66,-4.26,77.485,135.991,104.594,100.745,0,0,0,0
4073,73,Mujer,9,135,41.9,186,0,1,0.054,196,113,-3.66,36,0,0.27,1.88,-0.88,0.404,0.054,-4.78,-3.66,-4.18,-4.26,-3.58,-4.18,236.867,415.715,319.737,307.969,0,0,0,0
4074,62,Mujer,7.1,148,47.5,111,0,1,0.471,178,146,-2.61,36,0,-0.73,0.05,-0.74,0.821,0.471,-3.73,-2.61,-3.13,-3.21,-1.9,-2.5,20.531,36.032,27.713,26.693,1,0,1,1
4075,71,Hombre,8,147,35.9,217,0,0,-0.151,187,150,-2.44,36,0,0.02,-0.07,0.04,-0.151,-0.501,-2.44,-1.32,-1.84,-1.92,-2.07,-2.67,166.271,291.816,224.443,216.182,0,0,0,0
4076,67,Mujer,9.2,137,48.7,374,0,0,-0.295,278,147,-4.11,36,0,-2.7,-0.13,0.79,-0.295,-0.645,-4.11,-2.99,-3.51,-3.59,-3.96,-4.56,1642.657,2882.953,2217.355,2135.744,0,0,0,0
4077,67,Mujer,7.9,121,53.1,98,0,0,-0.508,59,114,-1.12,36,0,-0.64,-0.73,2.25,-0.508,-0.858,-1.12,0,-0.52,-0.6,-1.28,-1.88,3110.248,5458.655,4198.396,4043.871,0,0,0,0
4078,51,Hombre,9.5,149,44.3,191,0,0,0.619,355,147,-4.6,36,0,-1.48,-0.23,0.27,0.619,0.269,-4.6,-3.48,-4,-4.08,-3.08,-3.68,207.599,364.348,280.23,269.916,0,0,0,0
4079,61,Hombre,8.4,107,36.6,138,1,1,0.036,143,94,-2.88,36,0,0.88,-2.22,2.95,0.386,0.036,-4,-2.88,-3.4,-3.48,-2.82,-3.42,270.972,475.57,365.774,352.311,0,0,0,0
4080,74,Mujer,5.9,136,39.1,24,1,0,0.295,32,133,-3.75,36,0,1.99,2.18,0.59,0.295,-0.055,-3.75,-2.62,-3.15,-3.22,-2.71,-3.31,156.11,273.982,210.727,202.971,0,0,0,0
4081,85,Hombre,5.5,147,23,81,1,0,-0.02,79,139,-2.39,36,0,-0.63,0.03,0.81,-0.02,-0.37,-2.39,-1.26,-1.79,-1.86,-1.82,-2.42,467.024,819.653,630.417,607.214,0,0,0,0
4082,55,Mujer,7.3,118,39,3669,0,1,-0.878,1525,124,-0.87,36,0,0.09,-0.46,-0.21,-0.528,-0.878,-2,-0.87,-1.4,-1.47,-2.19,-2.79,178.505,313.285,240.956,232.087,0,0,0,0
4083,66,Hombre,6.9,129,40.8,58,0,0,0.066,62,117,-0.44,36,0,1.09,-0.52,-0.05,0.066,-0.284,-0.44,0.68,0.16,0.08,0.26,-0.34,312.919,549.189,422.396,406.85,0,0,0,0
4084,63,Mujer,7.8,142,55,115,1,0,-0.389,78,152,-1.12,36,0,-1.04,-0.49,1.37,-0.389,-0.739,-1.12,0,-0.52,-0.6,-1.11,-1.71,1008.85,1770.587,1361.805,1311.683,0,0,0,0
4085,78,Mujer,9.7,114,41.6,107,1,0,0.166,126,121,-3.05,19.7,1,3.27,0.75,1.36,0.166,-0.184,-3.05,-1.93,-2.45,-2.53,-2.2,-2.8,19.696,34.567,26.586,25.608,1,1,1,1
4086,62,Mujer,7.5,136,46.8,32,0,1,0.111,36,131,-1.97,36,0,-0.37,0.14,-0.58,0.461,0.111,-3.1,-1.97,-2.5,-2.57,-1.8,-2.4,422.247,741.066,569.974,548.995,0,0,0,0
4087,59,Hombre,6.5,146,40.2,35,1,0,-0.185,29,146,-2.01,36,0,-1.36,0.12,1.61,-0.185,-0.535,-2.01,-0.88,-1.41,-1.48,-1.69,-2.29,3263.97,5728.446,4405.899,4243.737,0,0,0,0
4088,60,Hombre,8.6,130,43.2,363,0,1,-0.653,189,136,-2.06,36,0,-0.76,-2.18,0.47,-0.303,-0.653,-3.19,-2.06,-2.59,-2.66,-3.04,-3.64,425.225,746.294,573.994,552.868,0,0,0,0
4089,39,Hombre,5.5,127,38.1,158,0,0,0.173,188,136,0.51,36,0,0.35,0.76,-0.49,0.173,-0.177,0.51,1.64,1.11,1.04,1.37,0.77,1314.182,2306.461,1773.96,1708.669,0,0,0,0
4090,77,Mujer,7.1,150,56.2,40,1,0,0.059,42,150,-2.63,36,0,1.97,0.38,-0.32,0.059,-0.291,-2.63,-1.5,-2.03,-2.1,-1.94,-2.54,1403.745,2463.649,1894.858,1825.116,0,0,0,0
4091,78,Hombre,6.6,136,36.7,60,1,0,0.235,76,119,-1.58,36,0,3.86,-0.01,-0.18,0.235,-0.115,-1.58,-0.46,-0.98,-1.06,-0.63,-1.23,734.169,1288.507,991.024,954.549,0,0,0,0
4092,56,Hombre,8.1,127,34.7,127,1,1,-0.296,94,114,-3.33,36,0,-1.01,0.08,1.57,0.054,-0.296,-4.46,-3.33,-3.86,-3.93,-3.78,-4.38,368.809,647.281,497.841,479.517,0,0,0,0
4093,74,Hombre,7.1,160,50.4,32,0,0,0.75,68,168,-3.81,2.19,1,-0.58,-0.87,-1.01,0.75,0.4,-3.81,-2.69,-3.21,-3.29,-2.09,-2.69,2.189,3.842,2.955,2.846,1,1,1,1
4094,73,Mujer,8.6,124,39.9,559,0,1,-0.782,256,107,-1.37,36,0,1.23,-0.48,0.81,-0.432,-0.782,-2.5,-1.37,-1.9,-1.97,-2.54,-3.14,139.268,244.422,187.991,181.072,0,0,0,0
4095,48,Mujer,9.6,130,64.6,30,0,0,0.913,75,141,-5.11,36,0,1.16,0.19,-0.29,0.913,0.563,-5.11,-3.98,-4.51,-4.58,-3.14,-3.74,1164.983,2044.609,1572.563,1514.684,0,0,0,0
4096,43,Hombre,8.4,149,48.3,451,0,1,-0.536,264,136,-0.65,36,0,-0.88,-0.07,1.5,-0.186,-0.536,-1.78,-0.65,-1.18,-1.25,-1.46,-2.06,626.435,1099.428,845.599,814.476,0,0,0,0
4097,69,Mujer,8.8,122,45.1,137,0,1,-0.765,64,109,1.98,36,0,-0.4,0.2,-0.04,-0.415,-0.765,0.86,1.98,1.46,1.38,0.84,0.24,535.031,939.009,722.217,695.635,0,0,0,0
4098,49,Mujer,7.7,128,36.6,71,1,0,-0.377,49,126,-0.69,36,0,0.77,2.56,0.49,-0.377,-0.727,-0.69,0.43,-0.09,-0.17,-0.66,-1.26,853.48,1497.904,1152.078,1109.675,0,0,0,0
4099,69,Mujer,7.2,147,59,24,1,0,0.319,33,143,-2.64,36,0,0.55,0.26,0.9,0.319,-0.031,-2.64,-1.52,-2.04,-2.12,-1.56,-2.16,507.626,890.912,685.224,660.004,0,0,0,0
4100,55,Mujer,9.5,173,50.4,282,0,1,-0.033,273,169,-2.95,36,0,-0.53,-0.5,-1.31,0.317,-0.033,-4.07,-2.95,-3.47,-3.55,-2.99,-3.59,339.945,596.622,458.878,441.989,0,0,0,0
4101,51,Hombre,6.6,116,55.5,15,0,1,-0.196,12,110,0.01,36,0,0.07,0.66,1.49,0.154,-0.196,-1.12,0.01,-0.52,-0.59,-0.29,-0.89,1243.389,2182.216,1678.4,1616.625,0,0,0,0
4102,77,Hombre,7.8,140,47.7,111,1,1,0.108,124,117,-2.41,36,0,0.59,0.21,-1.5,0.458,0.108,-3.54,-2.41,-2.94,-3.01,-2.25,-2.85,583.763,1024.536,787.998,758.995,0,0,0,0
4103,67,Mujer,8.5,125,42.9,149,0,0,0.367,215,123,-4.92,36,0,0.11,1.92,0.37,0.367,0.017,-4.92,-3.79,-4.32,-4.39,-3.77,-4.37,1496.735,2626.852,2020.381,1946.02,0,0,0,0
4104,60,Mujer,8.2,152,30.8,112,0,1,-0.46,71,157,-0.12,36,0,-1.94,-0.36,-0.22,-0.11,-0.46,-1.25,-0.12,-0.65,-0.72,-0.81,-1.41,156.581,274.807,211.362,203.582,0,0,0,0
4105,59,Hombre,6.8,131,47.8,39,0,1,-0.667,20,113,-1.45,36,0,1.37,-1.43,-0.4,-0.317,-0.667,-2.57,-1.45,-1.97,-2.05,-2.45,-3.05,40.797,71.601,55.07,53.044,0,0,0,0
4106,67,Hombre,7,147,61.2,610,1,1,-0.987,227,152,-1.47,36,0,-0.12,0,-0.52,-0.637,-0.987,-2.6,-1.47,-2,-2.07,-2.95,-3.55,874.379,1534.583,1180.289,1136.847,0,0,0,0
4107,70,Mujer,7.3,137,51.8,408,1,1,0.599,743,142,-3.92,36,0,-0.36,0.13,0.8,0.949,0.599,-5.05,-3.92,-4.45,-4.52,-3.02,-3.62,61.859,108.566,83.501,80.428,0,0,0,0
4108,73,Mujer,6.5,131,41.4,284,0,0,-0.485,175,132,-0.92,36,0,0.48,-0.6,0.9,-0.485,-0.835,-0.92,0.21,-0.32,-0.39,-1.04,-1.64,1165.333,2045.223,1573.035,1515.139,0,0,0,0
4109,69,Hombre,7.4,140,48.8,354,0,0,0.114,397,127,-3.08,36,0,-0.09,-1.36,0.42,0.114,-0.236,-3.08,-1.96,-2.48,-2.56,-2.31,-2.91,88.161,154.727,119.004,114.624,0,0,0,0
4110,49,Mujer,8.8,141,52.8,52,0,0,-0.592,29,132,0.26,36,0,0.03,-2.4,-0.1,-0.592,-0.942,0.26,1.38,0.86,0.78,-0.03,-0.63,201.073,352.893,271.419,261.43,0,0,0,0
4111,49,Hombre,5.6,165,52.6,38,0,0,1.433,159,167,-3.62,36,0,0.86,0.8,-0.82,1.433,1.083,-3.62,-2.49,-3.02,-3.09,-0.87,-1.47,182.606,320.483,246.492,237.419,0,0,0,0
4112,56,Mujer,6.2,130,59.3,19,0,0,-0.165,16,126,-0.15,36,0,-1.52,-0.01,1.24,-0.165,-0.515,-0.15,0.98,0.45,0.38,0.21,-0.39,855.01,1500.59,1154.143,1111.664,0,0,0,0
4113,80,Mujer,7.5,137,50.7,87,0,0,0.191,105,138,-2.3,36,0,-0.6,0.18,-2.16,0.191,-0.159,-2.3,-1.17,-1.7,-1.77,-1.41,-2.01,1940.553,3405.777,2619.473,2523.062,0,0,0,0
4114,70,Mujer,8.1,137,57.7,204,0,1,-0.09,186,136,-2.64,36,0,-0.19,-0.87,-0.95,0.26,-0.09,-3.76,-2.64,-3.16,-3.24,-2.77,-3.37,954.863,1675.837,1288.931,1241.491,0,0,0,0
4115,74,Hombre,9.8,120,39.4,340,0,0,0.444,530,118,-3.23,36,0,0.26,-0.76,-0.09,0.444,0.094,-3.23,-2.1,-2.63,-2.7,-1.96,-2.56,66.396,116.528,89.625,86.326,0,0,0,0
4116,64,Mujer,8.7,130,52.3,699,1,1,-0.626,374,124,-2.67,36,0,0.56,-0.75,-0.8,-0.276,-0.626,-3.79,-2.67,-3.19,-3.27,-3.61,-4.21,1615.531,2835.346,2180.739,2100.476,0,0,0,0
4117,73,Mujer,8.3,129,50.4,23,1,0,0.748,49,125,-2.44,36,0,1.53,-0.3,-1.13,0.748,0.398,-2.44,-1.32,-1.84,-1.92,-0.72,-1.32,198.602,348.558,268.085,258.218,0,0,0,0
4118,54,Hombre,7.6,153,61.8,84,1,0,0.373,122,154,-3.06,36,0,-0.92,-1.05,-0.44,0.373,0.023,-3.06,-1.93,-2.46,-2.53,-1.9,-2.5,272.668,478.547,368.063,354.516,0,0,0,0
4119,65,Hombre,6.9,152,48,64,1,1,0.415,97,143,-2.83,36,0,1.29,-0.86,0.1,0.765,0.415,-3.95,-2.83,-3.35,-3.43,-2.21,-2.81,91.366,160.352,123.331,118.792,0,0,0,0
4120,78,Hombre,7.4,137,31,186,1,0,0.28,246,140,-3.56,36,0,0.9,-0.68,0.96,0.28,-0.07,-3.56,-2.43,-2.96,-3.03,-2.54,-3.14,275.973,484.347,372.524,358.813,0,0,0,0
4121,52,Mujer,9.5,106,49.7,84,0,1,-0.583,47,102,-0.34,36,0,-0.72,0.57,0.01,-0.233,-0.583,-1.47,-0.34,-0.87,-0.94,-1.22,-1.82,1393.63,2445.897,1881.204,1811.965,0,0,0,0
4122,80,Hombre,6.1,146,42.8,405,1,0,-0.308,298,167,-0.92,36,0,0.32,-0.65,-0.03,-0.308,-0.658,-0.92,0.2,-0.32,-0.4,-0.79,-1.39,317.647,557.488,428.778,412.997,0,0,0,0
4123,67,Hombre,5.9,134,58.2,210,0,0,-0.381,144,145,-2.03,36,0,-0.45,0.14,1.08,-0.381,-0.731,-2.03,-0.91,-1.43,-1.51,-2.01,-2.61,152.213,267.142,205.466,197.904,0,0,0,0
4124,73,Hombre,7.6,151,38.2,162,0,0,-0.411,107,132,-2.54,36,0,0.66,-1.03,0.18,-0.411,-0.761,-2.54,-1.41,-1.94,-2.01,-2.56,-3.16,1307.063,2293.967,1764.351,1699.413,0,0,0,0
4125,62,Hombre,7.5,104,39.6,226,0,0,0.098,249,113,-1.53,36,0,-1.15,0.8,1.78,0.098,-0.252,-1.53,-0.41,-0.93,-1.01,-0.78,-1.38,541.116,949.688,730.43,703.546,0,0,0,0
4126,70,Mujer,7.5,147,40.6,123,0,0,0.529,209,142,-3.26,36,0,-0.24,0.08,-1.42,0.529,0.179,-3.26,-2.13,-2.66,-2.73,-1.86,-2.46,454.751,798.113,613.85,591.257,0,0,0,0
4127,67,Hombre,6,128,51.9,49,0,0,0.456,77,119,-2.85,36,0,-1.6,-0.22,1.71,0.456,0.106,-2.85,-1.73,-2.25,-2.33,-1.57,-2.17,1536.988,2697.498,2074.717,1998.356,0,0,0,0
4128,57,Hombre,8.2,122,43.5,204,0,0,-0.176,171,119,-0.8,36,0,-1.27,-0.02,1.9,-0.176,-0.526,-0.8,0.33,-0.2,-0.27,-0.46,-1.06,686.001,1203.968,926.004,891.922,0,0,0,0
4129,57,Mujer,7.7,160,63.8,714,0,1,-0.189,591,150,-2.85,36,0,1.24,1.18,0.46,0.161,-0.189,-3.97,-2.85,-3.37,-3.45,-3.13,-3.73,154.514,271.18,208.572,200.895,0,0,0,0
4130,65,Hombre,9,125,40.2,367,0,0,0.395,545,125,-3.56,36,0,-0.95,1.4,-2.08,0.395,0.045,-3.56,-2.44,-2.96,-3.04,-2.37,-2.97,76.742,134.687,103.591,99.779,0,0,0,0
4131,70,Hombre,5.8,107,32.2,24,0,0,-0.022,23,100,-2.39,36,0,2.09,-1.01,1.21,-0.022,-0.372,-2.39,-1.27,-1.79,-1.87,-1.82,-2.42,278.782,489.277,376.316,362.466,0,0,0,0
4132,75,Mujer,6.8,138,53.7,85,0,0,-0.348,60,144,-1,36,0,-1.44,0.5,-0.35,-0.348,-0.698,-1,0.12,-0.4,-0.48,-0.92,-1.52,916.991,1609.369,1237.808,1192.25,0,0,0,0
4133,64,Mujer,7.7,130,44.2,97,1,1,0.818,220,138,-3.59,36,0,-2.48,2.03,0.53,1.168,0.818,-4.71,-3.59,-4.11,-4.19,-2.36,-2.96,427.294,749.924,576.787,555.558,0,0,0,0
4134,63,Hombre,7.5,149,51.2,17,1,0,0.499,28,153,-2.29,36,0,0.36,0.99,1.73,0.499,0.149,-2.29,-1.16,-1.69,-1.76,-0.94,-1.54,1267.71,2224.9,1711.229,1648.247,0,0,0,0
4135,63,Mujer,7,135,35.6,192,0,0,0.171,228,116,-2.01,4.55,1,0.09,-2.24,1.19,0.171,-0.179,-2.01,-0.88,-1.41,-1.48,-1.15,-1.75,4.551,7.987,6.143,5.917,1,1,1,1
4136,65,Hombre,5.5,125,43.1,46,1,0,0.069,49,123,-2.27,36,0,-0.75,0.67,1.04,0.069,-0.281,-2.27,-1.14,-1.67,-1.74,-1.56,-2.16,1243.733,2182.819,1678.863,1617.072,0,0,0,0
4137,65,Mujer,7.5,130,44.6,50,0,1,-0.393,34,137,-2.29,36,0,1.6,0.67,-2.44,-0.043,-0.393,-3.42,-2.29,-2.82,-2.89,-2.88,-3.48,854.96,1500.502,1154.076,1111.6,0,0,0,0
4138,66,Mujer,8.2,128,56.4,30,0,0,1.063,87,110,-4.8,36,0,0.22,0.94,1.15,1.063,0.713,-4.8,-3.67,-4.2,-4.27,-2.6,-3.2,361.016,633.604,487.321,469.385,0,0,0,0
4139,66,Hombre,7,150,44.8,38,0,0,0.39,56,146,-2.61,36,0,-1.37,-0.72,1.09,0.39,0.04,-2.61,-1.48,-2.01,-2.08,-1.42,-2.02,334.024,586.23,450.885,434.29,0,0,0,0
4140,63,Hombre,7.7,146,33.8,73,0,0,0.71,149,153,-3.51,21.48,1,1.35,1.41,-1.73,0.71,0.36,-3.51,-2.39,-2.91,-2.99,-1.85,-2.45,21.475,37.69,28.989,27.922,1,0,1,1
4141,52,Hombre,8.3,131,50.2,122,0,1,0.152,142,130,-1.15,36,0,1.08,-0.17,-1.99,0.502,0.152,-2.28,-1.15,-1.68,-1.75,-0.93,-1.53,126.929,222.768,171.337,165.031,0,0,0,0
4142,64,Mujer,9.3,126,44.5,52,1,1,0.467,83,117,-2.53,36,0,0.24,0.31,-1.01,0.817,0.467,-3.65,-2.53,-3.05,-3.13,-1.83,-2.43,726.4,1274.871,980.537,944.448,0,0,0,0
4143,66,Hombre,6.7,139,32.7,85,0,0,-0.056,80,152,-2.25,14.8,1,-1.58,0.95,-1.87,-0.056,-0.406,-2.25,-1.12,-1.65,-1.72,-1.73,-2.33,14.797,25.969,19.974,19.239,1,1,1,1
4144,81,Hombre,9,154,51.1,130,0,0,0.576,231,157,-3.98,22.31,1,-1.16,-0.39,-0.15,0.576,0.226,-3.98,-2.86,-3.38,-3.46,-2.52,-3.12,22.313,39.16,30.119,29.01,1,0,1,1
4145,63,Hombre,8.1,146,40.7,153,1,0,-0.806,68,149,-1.66,36,0,-2.28,1.05,-1.24,-0.806,-1.156,-1.66,-0.54,-1.06,-1.14,-2.27,-2.87,116.246,204.018,156.916,151.14,0,0,0,0
4146,56,Mujer,9.9,133,44.3,89,0,0,0.118,100,145,-1.05,36,0,-0.85,1.06,-0.33,0.118,-0.232,-1.05,0.07,-0.45,-0.53,-0.28,-0.88,82.166,144.207,110.913,106.831,0,0,0,0
4147,41,Hombre,6.3,109,75,44,1,1,-0.744,21,94,1.36,36,0,0.04,-2.47,0.85,-0.394,-0.744,0.24,1.36,0.84,0.76,0.24,-0.36,1851.85,3250.099,2499.737,2407.732,0,0,0,0
4148,64,Mujer,7.5,165,42.8,193,0,0,0.349,274,178,-5.41,36,0,0.05,-1.27,0.02,0.349,-0.001,-5.41,-4.28,-4.81,-4.88,-4.28,-4.88,1385.725,2432.023,1870.533,1801.687,0,0,0,0
4149,40,Hombre,5.8,123,58.6,45,0,1,-0.267,34,119,1.71,36,0,-2.39,1.33,0.38,0.083,-0.267,0.58,1.71,1.18,1.11,1.31,0.71,3206.488,5627.562,4328.307,4169.001,0,0,0,0
4150,54,Mujer,10.3,138,59.3,99,0,1,-0.649,52,137,-0.42,36,0,-0.09,-0.99,-0.21,-0.299,-0.649,-1.54,-0.42,-0.94,-1.02,-1.39,-1.99,518.86,910.628,700.388,674.61,0,0,0,0
4151,44,Hombre,8,118,46.3,37,0,0,0.379,54,111,-1.88,36,0,-1.08,-1.14,-0.07,0.379,0.029,-1.88,-0.76,-1.28,-1.36,-0.71,-1.31,1467.924,2576.287,1981.49,1908.56,0,0,0,0
4152,61,Hombre,7.5,150,54.7,778,1,1,-0.545,451,155,-1.96,19.47,1,-1.9,-0.14,0.04,-0.195,-0.545,-3.09,-1.96,-2.49,-2.56,-2.78,-3.38,11.092,19.467,14.972,14.421,1,1,1,1
4153,73,Mujer,8.6,133,34.5,83,0,0,0.197,101,139,-3.29,36,0,0.56,1.68,-0.13,0.197,-0.153,-3.29,-2.16,-2.69,-2.76,-2.39,-2.99,462.317,811.392,624.063,601.094,0,0,0,0
4154,72,Mujer,6.7,131,45.2,27,1,1,-0.399,18,130,0.18,36,0,1.95,1.49,-1.17,-0.049,-0.399,-0.94,0.18,-0.34,-0.42,-0.41,-1.01,1550.287,2720.839,2092.669,2015.647,0,0,0,0
4155,54,Hombre,8.2,110,49.9,81,1,1,-0.385,55,100,-0.38,36,0,-0.75,0.48,0.27,-0.035,-0.385,-1.51,-0.38,-0.91,-0.98,-0.96,-1.56,761.1,1335.771,1027.377,989.564,0,0,0,0
4156,67,Hombre,8.1,143,23.8,45,0,0,0.768,97,133,-4.2,36,0,-0.4,-0.23,-0.82,0.768,0.418,-4.2,-3.08,-3.6,-3.68,-2.45,-3.05,272.31,477.919,367.58,354.051,0,0,0,0
4157,57,Hombre,8.8,136,54.4,528,1,1,-0.234,418,138,-1.59,36,0,-0.23,-0.81,-0.92,0.116,-0.234,-2.71,-1.59,-2.11,-2.19,-1.94,-2.54,67.917,119.199,91.679,88.304,0,0,0,0
4158,71,Hombre,7.3,120,35.9,86,0,0,-0.995,32,140,-0.96,36,0,1.7,0.51,-0.8,-0.995,-1.345,-0.96,0.16,-0.36,-0.44,-1.85,-2.45,2661.095,4670.367,3592.103,3459.893,0,0,0,0
4159,59,Mujer,8.2,138,44.4,121,0,0,0.306,164,120,-2.12,36,0,-0.11,-0.38,2.22,0.306,-0.044,-2.12,-1,-1.52,-1.6,-1.06,-1.66,156.302,274.319,210.986,203.22,0,0,0,0
4160,70,Mujer,8,121,44.2,1067,0,1,-0.225,852,100,-3,36,0,0.13,0.48,0.22,0.125,-0.225,-4.12,-3,-3.52,-3.6,-3.33,-3.93,97.74,171.539,131.935,127.079,0,0,0,0
4161,55,Hombre,7.1,139,53,90,1,1,-0.565,51,141,-1.42,36,0,-0.16,-2.1,0.05,-0.215,-0.565,-2.54,-1.42,-1.94,-2.02,-2.27,-2.87,957.566,1680.58,1292.578,1245.004,0,0,0,0
4162,66,Hombre,7.8,125,38.5,501,0,1,-0.579,281,125,-1.84,36,0,-0.44,0.6,-0.34,-0.229,-0.579,-2.97,-1.84,-2.37,-2.44,-2.71,-3.31,232.309,407.716,313.585,302.043,0,0,0,0
4163,55,Mujer,8.5,135,49.1,528,0,1,-0.01,523,129,-3.13,36,0,0.49,-0.35,-0.75,0.34,-0.01,-4.25,-3.13,-3.65,-3.73,-3.14,-3.74,813.316,1427.414,1097.861,1057.454,0,0,0,0
4164,59,Mujer,8.2,139,61.4,78,0,1,0.121,88,144,-3.72,36,0,-1.01,0.72,-0.7,0.471,0.121,-4.85,-3.72,-4.25,-4.32,-3.54,-4.14,1355.408,2378.816,1829.61,1762.27,0,0,0,0
4165,73,Hombre,8.5,153,47.8,366,0,0,0.066,391,153,-4.82,36,0,1.33,-0.21,-0.12,0.066,-0.284,-4.82,-3.7,-4.22,-4.3,-4.12,-4.72,457.041,802.132,616.941,594.234,0,0,0,0
4166,79,Hombre,7.1,115,53.3,74,0,0,-0.092,67,116,-2.77,36,0,0.93,-0.9,-1.39,-0.092,-0.442,-2.77,-1.64,-2.17,-2.24,-2.31,-2.91,1195.408,2098.007,1613.633,1554.242,0,0,0,0
4167,65,Hombre,5.8,162,48.5,147,0,0,0.075,158,164,-2.34,36,0,0.44,-0.87,-1.07,0.075,-0.275,-2.34,-1.21,-1.74,-1.81,-1.63,-2.23,193.862,340.239,261.687,252.055,0,0,0,0
4168,70,Hombre,7.9,124,46.7,50,1,0,0.325,69,135,-4.07,36,0,0.4,0.7,0.72,0.325,-0.025,-4.07,-2.95,-3.47,-3.55,-2.99,-3.59,386.361,678.084,521.532,502.337,0,0,0,0
4169,72,Mujer,6.9,100,39.5,20,0,0,0.636,38,100,-2.42,36,0,0.09,0.41,-1.14,0.636,0.286,-2.42,-1.3,-1.82,-1.9,-0.87,-1.47,715.889,1256.424,966.349,930.782,0,0,0,0
4170,57,Hombre,6.5,136,57.6,61,0,1,0.907,151,142,-3.58,36,0,-0.6,-0.03,-0.72,1.257,0.907,-4.71,-3.58,-4.11,-4.18,-2.22,-2.82,2057.629,3611.251,2777.509,2675.281,0,0,0,0
4171,51,Hombre,9.7,101,37.8,43,0,0,0.06,46,113,-0.35,36,0,-0.35,-0.21,0.26,0.06,-0.29,-0.35,0.77,0.25,0.17,0.34,-0.26,1796.163,3152.364,2424.566,2335.329,0,0,0,0
4172,68,Mujer,9.4,114,56.8,243,1,1,-0.621,131,116,-2.06,36,0,1.04,0.26,-0.73,-0.271,-0.621,-3.18,-2.06,-2.58,-2.66,-2.99,-3.59,1671.01,2932.714,2255.627,2172.608,0,0,0,0
4173,65,Mujer,8.8,114,39.5,26,0,0,-0.496,16,107,-1.69,36,0,1.35,-0.57,-0.52,-0.496,-0.846,-1.69,-0.57,-1.09,-1.17,-1.84,-2.44,2772.334,4865.597,3742.259,3604.523,0,0,0,0
4174,65,Hombre,8.2,152,33,331,0,1,-0.244,259,129,-2.4,36,0,-0.43,1.57,0.69,0.106,-0.244,-3.52,-2.4,-2.92,-3,-2.76,-3.36,179.452,314.948,242.235,233.319,0,0,0,0
4175,61,Mujer,7.8,113,59.9,55,0,1,-0.665,28,111,2.36,36,0,-0.16,0.72,0.57,-0.315,-0.665,1.24,2.36,1.84,1.76,1.37,0.77,1247.978,2190.27,1684.594,1622.592,0,0,0,0
4176,49,Hombre,8.1,112,49.7,150,0,0,-1.306,41,125,0.83,36,0,-0.47,2.04,1.46,-1.306,-1.656,0.83,1.95,1.43,1.35,-0.53,-1.13,1937.722,3400.807,2615.651,2519.38,0,0,0,0
4177,79,Hombre,8.5,108,47.1,115,0,1,-0.083,106,96,-0.27,36,0,-0.71,-0.9,1.93,0.267,-0.083,-1.39,-0.27,-0.79,-0.87,-0.39,-0.99,654.211,1148.176,883.092,850.589,0,0,0,0
4178,61,Hombre,7.4,112,59.3,196,1,1,-0.006,195,107,-2.49,36,0,-0.12,0.16,0.48,0.344,-0.006,-3.62,-2.49,-3.02,-3.09,-2.5,-3.1,697.418,1224.006,941.415,906.766,0,0,0,0
4179,73,Hombre,8.3,134,38.4,375,1,0,-0.013,370,141,-4.67,36,0,0.18,0.35,-0.71,-0.013,-0.363,-4.67,-3.54,-4.07,-4.14,-4.08,-4.68,80.665,141.572,108.886,104.879,0,0,0,0
4180,57,Hombre,6.6,140,61.8,110,0,0,-0.242,86,129,-0.99,36,0,1,0.27,0.09,-0.242,-0.592,-0.99,0.13,-0.39,-0.47,-0.75,-1.35,2255.958,3959.329,3045.224,2933.143,0,0,0,0
4181,70,Mujer,7.7,136,40.3,164,0,0,0.352,233,138,-4.26,25.16,1,1.02,-0.5,-0.37,0.352,0.002,-4.26,-3.13,-3.66,-3.73,-3.13,-3.73,25.161,44.16,33.964,32.714,1,0,1,1
4182,61,Hombre,7.2,146,72.9,12,0,0,-0.138,10,142,-1.72,36,0,-0.6,-0.2,0.87,-0.138,-0.488,-1.72,-0.6,-1.12,-1.2,-1.33,-1.93,777.166,1363.968,1049.064,1010.452,0,0,0,0
4183,71,Hombre,7.6,151,37.8,238,0,1,-0.838,103,148,-2.8,36,0,-0.48,-0.23,-0.43,-0.488,-0.838,-3.92,-2.8,-3.32,-3.4,-4.05,-4.65,270.14,474.11,364.651,351.229,0,0,0,0
4184,72,Hombre,7.5,135,51.1,62,0,0,-0.166,53,146,-1.84,36,0,-1.06,0.94,-0.95,-0.166,-0.516,-1.84,-0.72,-1.24,-1.32,-1.49,-2.09,2083.766,3657.124,2812.79,2709.264,0,0,0,0
4185,68,Mujer,8.7,130,37.1,113,0,0,0.041,118,115,-4.96,36,0,-1.08,-2.18,-0.43,0.041,-0.309,-4.96,-3.83,-4.36,-4.43,-4.3,-4.9,89.203,156.556,120.411,115.98,0,0,0,0
4186,59,Mujer,7.1,154,50.7,199,0,0,0.519,334,162,-5.19,36,0,0.58,0.21,-0.69,0.519,0.169,-5.19,-4.06,-4.59,-4.66,-3.81,-4.41,103.979,182.489,140.357,135.191,0,0,0,0
4187,60,Hombre,8.3,139,53.4,151,0,1,-0.501,91,130,-0.91,36,0,0.12,-0.62,-0.85,-0.151,-0.501,-2.03,-0.91,-1.43,-1.51,-1.66,-2.26,527.565,925.906,712.139,685.928,0,0,0,0
4188,60,Hombre,9,117,53.9,235,0,0,0.092,258,108,0.19,36,0,-0.11,-1.17,0.79,0.092,-0.258,0.19,1.31,0.79,0.71,0.93,0.33,906.876,1591.617,1224.155,1179.099,0,0,0,0
4189,59,Mujer,9.5,118,28.4,143,0,1,-0.414,94,114,-0.77,36,0,0.67,0.01,0.46,-0.064,-0.414,-1.89,-0.77,-1.29,-1.37,-1.39,-1.99,284.182,498.754,383.605,369.486,0,0,0,0
4190,63,Hombre,8,138,47.9,220,0,0,-0.593,122,157,-1.06,36,0,-0.36,-0.18,-0.66,-0.593,-0.943,-1.06,0.07,-0.46,-0.53,-1.35,-1.95,127.68,224.085,172.35,166.006,0,0,0,0
4191,63,Mujer,7.6,140,34.3,85,0,0,0.162,100,151,-2.94,36,0,1.21,-0.64,-1.35,0.162,-0.188,-2.94,-1.81,-2.34,-2.41,-2.09,-2.69,534.006,937.21,720.833,694.302,0,0,0,0
4192,70,Mujer,5.5,173,53,287,1,1,0.136,329,159,-3.23,36,0,0.48,-0.79,0.32,0.486,0.136,-4.36,-3.23,-3.76,-3.83,-3.03,-3.63,243.617,427.561,328.849,316.745,0,0,0,0
4193,66,Hombre,8,140,42.5,98,0,0,0.349,139,153,-1.86,36,0,0.36,-1.93,-1.63,0.349,-0.001,-1.86,-0.74,-1.26,-1.34,-0.74,-1.34,471.624,827.725,636.625,613.194,0,0,0,0
4194,58,Mujer,8.6,143,39,399,0,1,0.142,460,131,-4.19,36,0,-0.52,0,0.9,0.492,0.142,-5.32,-4.19,-4.72,-4.79,-3.98,-4.58,279.315,490.214,377.036,363.159,0,0,0,0
4195,69,Hombre,8,131,36.1,161,0,0,0.007,162,132,-1.37,36,0,1.03,0.98,-0.32,0.007,-0.343,-1.37,-0.25,-0.77,-0.85,-0.76,-1.36,388.602,682.018,524.558,505.251,0,0,0,0
4196,69,Hombre,6.8,144,59.6,49,0,1,-0.258,38,156,-1.39,36,0,0.48,-2.12,-0.33,0.092,-0.258,-2.52,-1.39,-1.92,-1.99,-1.78,-2.38,199.167,349.549,268.848,258.953,0,0,0,0
4197,61,Hombre,8.6,106,55.7,39,0,1,-0.32,28,102,-0.23,36,0,0.64,0.01,-0.06,0.03,-0.32,-1.35,-0.23,-0.75,-0.83,-0.71,-1.31,1423.344,2498.047,1921.314,1850.599,0,0,0,0
4198,67,Hombre,7.9,121,36.1,40,0,0,0.106,44,112,0.09,36,0,-1.81,-1.32,0.82,0.106,-0.244,0.09,1.21,0.69,0.61,0.85,0.25,591.214,1037.614,798.056,768.683,0,0,0,0
4199,64,Mujer,7.2,140,47.7,355,1,1,-0.39,240,133,-2.42,13.59,1,1.01,-1,0.65,-0.04,-0.39,-3.54,-2.42,-2.94,-3.02,-3,-3.6,7.741,13.586,10.45,10.065,1,1,1,1
4200,62,Mujer,7.4,135,30.2,188,0,0,-0.038,181,141,-1.46,36,0,0.85,0.43,0.06,-0.038,-0.388,-1.46,-0.33,-0.86,-0.93,-0.91,-1.51,743.724,1305.276,1003.922,966.972,0,0,0,0
4201,60,Mujer,9.3,134,28.4,183,0,1,0.765,393,110,-3.89,36,0,1.59,-0.86,0.49,1.115,0.765,-5.02,-3.89,-4.42,-4.49,-2.75,-3.35,224.584,394.157,303.156,291.999,0,0,0,0
4202,54,Mujer,7.5,145,25.1,159,0,0,-0.556,91,147,-3.08,36,0,-0.34,0.1,1.96,-0.556,-0.906,-3.08,-1.95,-2.48,-2.55,-3.31,-3.91,241.42,423.705,325.883,313.889,0,0,0,0
4203,60,Mujer,7.9,127,47.6,572,0,1,0.102,633,128,-2.08,36,0,-0.16,1.21,0.38,0.452,0.102,-3.2,-2.08,-2.6,-2.68,-1.93,-2.53,404.132,709.274,545.521,525.443,0,0,0,0
4204,58,Hombre,6.5,130,35.8,176,0,0,-1.117,58,144,-0.72,17.67,1,0.03,-0.22,0.08,-1.117,-1.467,-0.72,0.4,-0.12,-0.2,-1.8,-2.4,17.674,31.019,23.858,22.98,1,1,1,1
4205,56,Hombre,8.6,135,42,283,1,1,0.004,284,121,-1.39,36,0,-0.21,-0.9,0.73,0.354,0.004,-2.52,-1.39,-1.92,-1.99,-1.39,-1.99,202.987,356.253,274.004,263.919,0,0,0,0
4206,64,Mujer,6,113,53.8,37,0,0,0.325,51,103,-0.65,36,0,-0.47,1.95,0.04,0.325,-0.025,-0.65,0.48,-0.05,-0.12,0.44,-0.16,824.965,1447.858,1113.586,1072.6,0,0,0,0
4207,64,Mujer,5.7,135,40.6,12,0,0,-0.115,11,136,-1.76,36,0,-0.63,-0.7,1.4,-0.115,-0.465,-1.76,-0.64,-1.16,-1.24,-1.34,-1.94,3001.336,5267.509,4051.38,3902.267,0,0,0,0
4208,72,Hombre,6.9,138,47.4,47,1,1,-0.088,43,141,-0.29,36,0,0.13,-0.81,-0.94,0.262,-0.088,-1.41,-0.29,-0.81,-0.89,-0.42,-1.02,300.821,527.957,406.065,391.12,0,0,0,0
4209,65,Hombre,6.8,170,62.9,119,0,0,0.276,157,176,-2.3,36,0,1.14,1.58,-0.27,0.276,-0.074,-2.3,-1.17,-1.7,-1.77,-1.28,-1.88,279.976,491.373,377.928,364.018,0,0,0,0
4210,71,Mujer,7.6,117,42.8,260,0,0,-0.46,164,121,-2.94,36,0,0.93,0.18,-0.48,-0.46,-0.81,-2.94,-1.82,-2.34,-2.42,-3.03,-3.63,844.868,1482.79,1140.453,1098.478,0,0,0,0
4211,59,Mujer,7.3,167,57.5,54,1,0,0.594,98,151,-4.65,36,0,1.27,0.53,-1.26,0.594,0.244,-4.65,-3.53,-4.05,-4.13,-3.16,-3.76,1340.979,2353.492,1810.133,1743.51,0,0,0,0
4212,46,Hombre,6.8,131,56.4,100,0,1,-0.454,63,141,-0.15,36,0,-0.53,0.38,-0.83,-0.104,-0.454,-1.28,-0.15,-0.68,-0.75,-0.84,-1.44,342.44,601.001,462.246,445.233,0,0,0,0
4213,72,Mujer,7.8,141,49.6,80,0,0,-0.445,51,146,-0.71,36,0,-0.44,1.06,-1.81,-0.445,-0.795,-0.71,0.41,-0.11,-0.19,-0.78,-1.38,172.786,303.248,233.236,224.652,0,0,0,0
4214,46,Mujer,7.2,130,48.1,62,1,1,-0.35,44,120,0.3,36,0,-1.17,1.24,-0.46,-0,-0.35,-0.83,0.3,-0.23,-0.3,-0.23,-0.83,1805.513,3168.774,2437.188,2347.486,0,0,0,0
4215,74,Mujer,8.7,150,46.1,114,1,0,-0.703,56,147,-1.76,36,0,0.06,0.09,-0.09,-0.703,-1.053,-1.76,-0.63,-1.16,-1.23,-2.21,-2.81,2869.966,5036.947,3874.049,3731.462,0,0,0,0
4216,60,Mujer,8,126,56.8,103,0,1,0.405,154,123,-1.67,36,0,0.69,-0.16,0.36,0.755,0.405,-2.8,-1.67,-2.2,-2.27,-1.07,-1.67,548.619,962.856,740.558,713.301,0,0,0,0
4217,76,Mujer,6.8,141,58.7,120,0,0,-0.073,112,139,-1.16,36,0,1.53,-0.8,0.54,-0.073,-0.423,-1.16,-0.03,-0.56,-0.63,-0.67,-1.27,463.444,813.369,625.584,602.559,0,0,0,0
4218,70,Hombre,8.5,138,32.4,246,0,1,0.061,261,136,-2.77,36,0,2.3,0.07,-1.21,0.411,0.061,-3.89,-2.77,-3.29,-3.37,-2.68,-3.28,319.446,560.646,431.207,415.337,0,0,0,0
4219,54,Hombre,7.7,114,43.3,12,0,0,0.534,20,102,0.06,36,0,-0.42,0.44,0.18,0.534,0.184,0.06,1.18,0.66,0.58,1.46,0.86,1488.173,2611.825,2008.824,1934.888,0,0,0,0
4220,64,Mujer,8,144,58.2,262,0,1,-0.572,148,121,-1.7,36,0,1.33,-0.86,-1.89,-0.222,-0.572,-2.83,-1.7,-2.23,-2.3,-2.56,-3.16,66.628,116.936,89.938,86.628,0,0,0,0
4221,55,Hombre,7.9,129,64.8,150,0,1,0.136,172,116,-2.95,36,0,-1.78,1.94,1.03,0.486,0.136,-4.07,-2.95,-3.47,-3.55,-2.75,-3.35,951.37,1669.706,1284.215,1236.949,0,0,0,0
4222,39,Hombre,7.9,104,43.8,59,0,1,-0.027,57,106,0.14,36,0,-0.22,-1.9,-0.38,0.323,-0.027,-0.98,0.14,-0.38,-0.46,0.1,-0.5,794.377,1394.174,1072.296,1032.83,0,0,0,0
4223,76,Mujer,8.1,147,35.1,240,0,1,-0.303,177,152,-1.47,36,0,2.67,-0.04,-0.25,0.047,-0.303,-2.6,-1.47,-2,-2.07,-1.93,-2.53,433.115,760.14,584.644,563.125,0,0,0,0
4224,63,Hombre,9.4,139,42.7,320,1,0,-0.222,256,147,-3.17,36,0,1.05,-0.06,0.91,-0.222,-0.572,-3.17,-2.05,-2.57,-2.65,-2.91,-3.51,80.43,141.159,108.569,104.573,0,0,0,0
4225,66,Mujer,10.1,130,53.3,190,0,1,-0.312,139,129,-2.62,36,0,0.2,-1.41,0.22,0.038,-0.312,-3.74,-2.62,-3.14,-3.22,-3.08,-3.68,27.323,47.953,36.882,35.524,1,0,0,1
4226,48,Mujer,7.9,143,42.2,329,1,1,-0.469,206,129,-2.8,36,0,-0.55,0.36,0.76,-0.119,-0.469,-3.93,-2.8,-3.33,-3.4,-3.51,-4.11,1754.46,3079.173,2368.273,2281.108,0,0,0,0
4227,68,Hombre,7,150,50.6,235,0,0,0.185,283,156,-5.08,36,0,-0.65,-1.05,-1.72,0.185,-0.165,-5.08,-3.96,-4.48,-4.56,-4.2,-4.8,303.12,531.993,409.17,394.11,0,0,0,0
4228,56,Hombre,7.3,102,46.9,229,0,1,-0.689,115,92,2.37,36,0,0.09,0.49,1.11,-0.339,-0.689,1.25,2.37,1.85,1.77,1.34,0.74,4326.496,7593.237,5840.159,5625.209,0,0,0,0
4229,63,Hombre,7.6,143,52.2,147,0,0,-0.577,83,135,-1.09,36,0,2.08,1.03,-0.02,-0.577,-0.927,-1.09,0.04,-0.49,-0.56,-1.35,-1.95,1616.651,2837.311,2182.251,2101.932,0,0,0,0
4230,52,Hombre,6,153,30.2,22,0,0,0.504,36,144,-1.68,36,0,-0.5,0.45,-0.16,0.504,0.154,-1.68,-0.55,-1.08,-1.15,-0.32,-0.92,974.797,1710.822,1315.838,1267.408,0,0,0,0
4231,67,Hombre,6.7,147,41,149,1,1,0.204,183,150,-3.79,36,0,1.4,0.48,-1.72,0.554,0.204,-4.92,-3.79,-4.32,-4.39,-3.49,-4.09,33.072,58.042,44.642,42.999,1,0,0,0
4232,63,Hombre,8.2,138,41.5,61,1,0,0.064,65,140,-2.25,36,0,-1.61,0.09,-1.07,0.064,-0.286,-2.25,-1.12,-1.65,-1.72,-1.55,-2.15,724.796,1272.056,978.372,942.363,0,0,0,0
4233,65,Hombre,7.7,123,47.7,202,0,0,0.542,347,110,-3.33,36,0,-0.95,0.11,-0.29,0.542,0.192,-3.33,-2.2,-2.73,-2.8,-1.91,-2.51,247.82,434.937,334.522,322.209,0,0,0,0
4234,90,Mujer,8.6,135,35.5,132,1,1,-0.233,105,140,-2.82,36,0,1.53,0.99,0.57,0.117,-0.233,-3.94,-2.82,-3.34,-3.42,-3.17,-3.77,737.742,1294.778,995.848,959.195,0,0,0,0
4235,65,Mujer,8.7,139,41.5,141,0,0,0.023,144,138,-3.52,36,0,-1.71,-0.91,-0.91,0.023,-0.327,-3.52,-2.4,-2.92,-3,-2.89,-3.49,926.096,1625.35,1250.099,1204.089,0,0,0,0
4236,58,Mujer,9.4,144,47.8,49,0,1,-0.542,28,137,0.28,36,0,-0.43,-1.47,0.15,-0.192,-0.542,-0.85,0.28,-0.25,-0.32,-0.54,-1.14,1010.554,1773.577,1364.105,1313.898,0,0,0,0
4237,64,Hombre,6.9,127,44.4,38,0,0,0.501,63,120,-1.29,36,0,-1.39,-0.5,0,0.501,0.151,-1.29,-0.17,-0.69,-0.77,0.06,-0.54,905.264,1588.788,1221.979,1177.003,0,0,0,0
4238,49,Mujer,5.5,130,48.3,133,1,0,0.861,315,132,-3.57,36,0,-2.55,-1.11,1.04,0.861,0.511,-3.57,-2.45,-2.97,-3.05,-1.68,-2.28,710.712,1247.338,959.361,924.051,0,0,0,0
4239,64,Mujer,6.4,136,39.4,73,1,1,0.283,97,124,-2.95,36,0,0.36,-1.75,0.21,0.633,0.283,-4.08,-2.95,-3.48,-3.55,-2.53,-3.13,488.78,857.836,659.784,635.5,0,0,0,0
4240,56,Mujer,7.6,151,54,168,0,0,-0.14,146,154,-1.28,36,0,-0.58,0.13,-0.6,-0.14,-0.49,-1.28,-0.16,-0.68,-0.76,-0.89,-1.49,1126.532,1977.125,1520.659,1464.69,0,0,0,0
4241,62,Mujer,5.9,151,53.2,131,0,1,-0.764,61,135,0.63,36,0,0.61,1.25,0.36,-0.414,-0.764,-0.49,0.63,0.11,0.03,-0.51,-1.11,447.624,785.604,604.229,581.99,0,0,0,0
4242,74,Hombre,6.7,115,58.6,13,1,0,-0.731,6,122,-0.3,36,0,1.72,0.56,1.86,-0.731,-1.081,-0.3,0.83,0.3,0.23,-0.79,-1.39,6609.503,11600.04,8921.896,8593.521,0,0,0,0
4243,62,Hombre,6.2,125,44.3,214,0,1,-0.753,101,114,0.14,36,0,1.1,-2.09,-0.51,-0.403,-0.753,-0.98,0.14,-0.38,-0.46,-0.99,-1.59,1547.954,2716.744,2089.52,2012.614,0,0,0,0
4244,68,Hombre,7.4,158,42.9,161,0,0,-0.137,140,176,-2.22,36,0,1.17,-0.42,-1.01,-0.137,-0.487,-2.22,-1.1,-1.62,-1.7,-1.83,-2.43,704.022,1235.597,950.33,915.353,0,0,0,0
4245,66,Mujer,8.8,119,45.3,177,0,0,0.084,193,110,-1.26,36,0,-0.74,0.68,-0.21,0.084,-0.266,-1.26,-0.13,-0.66,-0.73,-0.53,-1.13,887.086,1556.885,1197.441,1153.369,0,0,0,0
4246,86,Mujer,8.1,120,30.1,105,1,1,-1.255,30,114,-0.86,36,0,0.62,1.17,0.87,-0.905,-1.255,-1.98,-0.86,-1.38,-1.46,-2.74,-3.34,154.763,271.617,208.908,201.219,0,0,0,0
4247,77,Hombre,7.5,126,38.5,55,1,0,-0.493,34,128,-3.35,36,0,1.5,-0.7,1.51,-0.493,-0.843,-3.35,-2.22,-2.75,-2.82,-3.49,-4.09,200.939,352.659,271.24,261.256,0,0,0,0
4248,68,Mujer,7.7,142,48.2,140,0,0,0.094,154,150,-2.65,36,0,0.21,-1.2,0.19,0.094,-0.256,-2.65,-1.52,-2.05,-2.12,-1.91,-2.51,115.598,202.881,156.041,150.298,0,0,0,0
4249,52,Hombre,7.4,149,59.8,69,0,1,0.934,176,136,-0.62,36,0,-2.12,2.65,-0,1.284,0.934,-1.74,-0.62,-1.14,-1.22,0.79,0.19,1596.635,2802.181,2155.231,2075.907,0,0,0,0
4250,83,Hombre,9.4,132,33.1,154,1,0,0.675,302,131,-3.08,30.93,1,0.08,1.71,-0.65,0.675,0.325,-3.08,-1.95,-2.48,-2.55,-1.46,-2.06,30.925,54.275,41.744,40.208,1,0,0,0
4251,75,Hombre,7.5,139,31.6,52,0,0,0.601,95,139,-2.93,36,0,1.74,0.01,0.59,0.601,0.251,-2.93,-1.81,-2.33,-2.41,-1.43,-2.03,193.003,338.73,260.526,250.938,0,0,0,0
4252,63,Hombre,5.7,139,54.1,304,1,0,-0.288,228,134,-1.01,36,0,0.98,-0.23,1.2,-0.288,-0.638,-1.01,0.12,-0.41,-0.48,-0.84,-1.44,1124.188,1973.011,1517.495,1461.643,0,0,0,0
4253,62,Mujer,7.5,128,33.6,746,0,0,0.336,1044,122,-3.59,36,0,1.06,-1.33,0.42,0.336,-0.014,-3.59,-2.47,-2.99,-3.07,-2.49,-3.09,291.213,511.094,393.096,378.628,0,0,0,0
4254,55,Mujer,8.6,128,66.4,796,1,1,-1.047,279,129,-0.65,36,0,0.55,0.57,-0.66,-0.697,-1.047,-1.77,-0.65,-1.17,-1.25,-2.22,-2.82,273.559,480.111,369.266,355.675,0,0,0,0
4255,65,Mujer,7,116,44.9,53,1,1,0.264,69,106,-3.23,36,0,1.41,-0.49,-0.27,0.614,0.264,-4.35,-3.23,-3.75,-3.83,-2.83,-3.43,1631.298,2863.017,2202.022,2120.975,0,0,0,0
4256,76,Hombre,8.4,121,58.9,24,0,0,-0.145,21,119,-2.88,36,0,-0.51,1.05,0.72,-0.145,-0.495,-2.88,-1.75,-2.28,-2.35,-2.49,-3.09,679.807,1193.099,917.644,883.87,0,0,0,0
4257,55,Mujer,8.5,142,38.5,141,0,1,0.01,142,128,-2.32,36,0,-0.23,0.3,-0.39,0.36,0.01,-3.45,-2.32,-2.85,-2.92,-2.31,-2.91,29.679,52.089,40.063,38.588,1,0,0,0
4258,61,Hombre,7.4,153,55,786,0,0,-0.634,417,157,-0.45,36,0,-1.86,-0.16,0.18,-0.634,-0.984,-0.45,0.68,0.15,0.08,-0.8,-1.4,156.463,274.602,211.204,203.43,0,0,0,0
4259,67,Mujer,7.8,153,36.9,20,0,0,0.681,40,138,-3.08,36,0,0.73,0.29,0.1,0.681,0.331,-3.08,-1.95,-2.48,-2.55,-1.45,-2.05,919.784,1614.271,1241.578,1195.881,0,0,0,0
4260,72,Hombre,5.6,158,49.5,90,1,1,-0.409,60,150,-2.17,36,0,1.18,-1.41,1.3,-0.059,-0.409,-3.29,-2.17,-2.69,-2.77,-2.78,-3.38,1232.504,2163.112,1663.706,1602.473,0,0,0,0
4261,64,Hombre,8.7,162,57.1,131,1,1,1.186,429,155,-4.86,36,0,0.15,0.11,-0.75,1.536,1.186,-5.99,-4.86,-5.39,-5.46,-3.08,-3.68,324.117,568.843,437.512,421.41,0,0,0,0
4262,71,Hombre,8.6,134,53.1,153,1,1,-1.227,45,131,-0.02,36,0,-1.15,0.46,-0.38,-0.877,-1.227,-1.14,-0.02,-0.54,-0.62,-1.86,-2.46,74.638,130.994,100.751,97.043,0,0,0,0
4263,53,Hombre,8.2,103,56.3,32,0,1,-0.853,14,92,-0.86,36,0,0.93,0.48,2.25,-0.503,-0.853,-1.99,-0.86,-1.39,-1.46,-2.14,-2.74,1034.965,1816.42,1397.056,1345.637,0,0,0,0
4264,66,Mujer,9.8,133,58.1,109,0,1,0.261,141,129,-0.79,36,0,-1.25,-1.19,-0.78,0.611,0.261,-1.92,-0.79,-1.32,-1.39,-0.4,-1,284.455,499.235,383.975,369.842,0,0,0,0
4265,71,Hombre,9.9,147,37.2,418,0,1,0.299,564,130,-3.99,36,0,-1.41,1.2,-0.86,0.649,0.299,-5.11,-3.99,-4.51,-4.59,-3.54,-4.14,450.504,790.66,608.117,585.735,0,0,0,0
4266,53,Hombre,7.1,102,40.3,19,1,1,0.422,29,112,-0.5,36,0,-0.8,-0.61,-0.39,0.772,0.422,-1.62,-0.5,-1.02,-1.1,0.14,-0.46,3494.885,6133.713,4717.601,4543.967,0,0,0,0
4267,46,Mujer,9,129,49.2,76,0,0,0.057,80,142,-2.59,36,0,0.21,1.3,1.12,0.057,-0.293,-2.59,-1.46,-1.99,-2.06,-1.9,-2.5,1771.015,3108.229,2390.621,2302.632,0,0,0,0
4268,53,Hombre,8.8,154,54.8,468,0,1,0.178,559,147,-2.91,36,0,1.98,-0.61,-1.45,0.528,0.178,-4.03,-2.91,-3.43,-3.51,-2.64,-3.24,105.983,186.006,143.062,137.797,0,0,0,0
4269,67,Hombre,9.8,131,34.1,521,0,0,0.152,607,130,-4.11,36,0,-0.03,0.18,-0.46,0.152,-0.198,-4.11,-2.98,-3.51,-3.58,-3.28,-3.88,125.757,220.71,169.754,163.506,0,0,0,0
4270,57,Mujer,9.2,144,46.4,132,0,1,-0.109,118,139,-0.23,36,0,0.71,1.42,-0.58,0.241,-0.109,-1.35,-0.23,-0.75,-0.83,-0.39,-0.99,65.799,115.481,88.82,85.551,0,0,0,0
4271,65,Mujer,8.4,136,45.1,131,0,0,-0.188,109,147,-4.77,36,0,0.52,1.03,-0.85,-0.188,-0.538,-4.77,-3.64,-4.17,-4.24,-4.45,-5.05,3935.3,6906.667,5312.1,5116.585,0,0,0,0
4272,59,Hombre,6.6,125,61.3,62,0,1,-0.23,49,107,-0.33,36,0,1.27,-0.88,-1.19,0.12,-0.23,-1.46,-0.33,-0.86,-0.93,-0.68,-1.28,1620.155,2843.461,2186.981,2106.488,0,0,0,0
4273,44,Hombre,9.1,112,57.6,103,0,1,-0.815,46,107,0.71,36,0,-0.63,-1.96,-0.39,-0.465,-0.815,-0.41,0.71,0.19,0.11,-0.51,-1.11,3308.804,5807.131,4466.418,4302.029,0,0,0,0
4274,44,Hombre,8.1,120,62.3,189,0,1,-0.227,151,116,-0.46,36,0,-0.15,1.08,-1.66,0.123,-0.227,-1.58,-0.46,-0.98,-1.06,-0.8,-1.4,272.641,478.5,368.027,354.482,0,0,0,0
4275,50,Mujer,8.7,117,54.5,18,0,1,-0.501,11,106,0.79,36,0,-0.3,0.03,-0.31,-0.151,-0.501,-0.34,0.79,0.26,0.19,0.04,-0.56,3454.919,6063.573,4663.653,4492.005,0,0,0,0
4276,56,Mujer,7.3,139,58,447,0,1,-0.075,415,141,-2.42,36,0,0.32,1.36,0.48,0.275,-0.075,-3.54,-2.42,-2.94,-3.02,-2.53,-3.13,790.451,1387.285,1066.997,1027.726,0,0,0,0
4277,63,Hombre,8.6,137,47.7,1967,0,1,-0.381,1344,126,-2.42,36,0,-0.72,0.71,-0.91,-0.031,-0.381,-3.55,-2.42,-2.95,-3.02,-3,-3.6,42.596,74.759,57.499,55.383,0,0,0,0
4278,45,Hombre,8.1,118,67.1,15,0,1,0.547,26,109,1.07,36,0,-0.38,0.24,-0.58,0.897,0.547,-0.05,1.07,0.55,0.47,1.89,1.29,1958.661,3437.557,2643.915,2546.605,0,0,0,0
4279,77,Hombre,7.8,151,28.7,55,1,0,0.122,62,132,-3.01,36,0,1.82,-0.37,-0.37,0.122,-0.228,-3.01,-1.88,-2.41,-2.48,-2.22,-2.82,42.587,74.743,57.487,55.371,0,0,0,0
4280,39,Mujer,9,141,44.4,121,0,1,-0.238,95,133,-1.13,36,0,0.23,0.44,-0.42,0.112,-0.238,-2.26,-1.13,-1.66,-1.73,-1.49,-2.09,132.918,233.278,179.42,172.816,0,0,0,0
4281,66,Hombre,7.5,137,50.5,183,0,0,0.77,395,146,-3.58,36,0,0.69,-1.1,0.14,0.77,0.42,-3.58,-2.46,-2.98,-3.06,-1.83,-2.43,90.251,158.396,121.827,117.343,0,0,0,0
4282,48,Hombre,8.7,141,55.6,177,1,1,-0.835,77,138,-2.49,36,0,-0.4,-1,-1.22,-0.485,-0.835,-3.62,-2.49,-3.02,-3.09,-3.75,-4.35,2042.352,3584.439,2756.887,2655.418,0,0,0,0
4283,75,Hombre,9,136,31.8,142,1,0,0.063,151,137,-5.51,36,0,3.19,0.51,-0.41,0.063,-0.287,-5.51,-4.38,-4.91,-4.98,-4.82,-5.42,77.729,136.419,104.924,101.062,0,0,0,0
4284,68,Mujer,6.6,151,54.4,343,1,1,-0.542,199,154,-1.53,36,0,1.7,0.41,-0.79,-0.192,-0.542,-2.66,-1.53,-2.06,-2.13,-2.35,-2.95,448.65,787.405,605.614,583.324,0,0,0,0
4285,66,Mujer,6.7,147,42.6,135,0,0,0.8,300,151,-2.48,36,0,-0.45,0.68,-0.24,0.8,0.45,-2.48,-1.35,-1.88,-1.95,-0.68,-1.28,400.879,703.565,541.131,521.214,0,0,0,0
4286,60,Mujer,10.4,135,57.2,490,0,1,-0.242,385,128,-3.41,36,0,-1.36,-0.34,0.58,0.108,-0.242,-4.53,-3.41,-3.93,-4.01,-3.77,-4.37,296.223,519.888,399.86,385.143,0,0,0,0
4287,85,Mujer,9.5,141,51.2,360,0,1,-0.521,214,133,-2.89,36,0,-0.14,0.36,1.77,-0.171,-0.521,-4.01,-2.89,-3.41,-3.49,-3.67,-4.27,22.265,39.076,30.054,28.948,1,0,1,1
4288,56,Mujer,9.6,151,46,310,0,1,-0.424,203,144,-1.45,36,0,-0.42,1.12,0.68,-0.074,-0.424,-2.57,-1.45,-1.97,-2.05,-2.08,-2.68,118.738,208.392,160.28,154.381,0,0,0,0
4289,67,Mujer,7,121,59.7,61,0,0,-0.213,49,131,-0.56,36,0,0.66,-1.56,-0.14,-0.213,-0.563,-0.56,0.56,0.04,-0.04,-0.28,-0.88,132.982,233.39,179.507,172.9,0,0,0,0
4290,64,Hombre,7.6,135,53.8,23,1,0,0.966,60,134,-3.24,36,0,0.17,0.42,2.17,0.966,0.616,-3.24,-2.12,-2.64,-2.72,-1.19,-1.79,1509.614,2649.456,2037.766,1962.765,0,0,0,0
4291,84,Hombre,9.3,141,51.7,140,0,0,-0.208,114,136,-3.02,36,0,-1.2,-0.6,-1.24,-0.208,-0.558,-3.02,-1.9,-2.42,-2.5,-2.74,-3.34,2319.242,4070.397,3130.649,3015.424,0,0,0,0
4292,57,Hombre,6.6,130,42.6,91,0,0,0.293,122,129,-2.91,36,0,0.47,-0.64,1.34,0.293,-0.057,-2.91,-1.79,-2.31,-2.39,-1.87,-2.47,86.041,151.007,116.144,111.869,0,0,0,0
4293,78,Mujer,7.9,148,40.6,281,0,0,1.274,1004,155,-4.92,23.06,1,0.25,0,-1.12,1.274,0.924,-4.92,-3.79,-4.32,-4.39,-2.41,-3.01,23.06,40.472,31.128,29.982,1,0,1,1
4294,65,Mujer,8.7,120,63.3,130,0,1,0.135,149,117,-1.49,36,0,-0.7,-1.28,0.55,0.485,0.135,-2.62,-1.49,-2.02,-2.09,-1.29,-1.89,1434.018,2516.779,1935.721,1864.476,0,0,0,0
4295,62,Hombre,8.3,107,47.4,24,1,1,0.334,34,105,-1.74,36,0,-0.86,-0.12,-0.43,0.684,0.334,-2.87,-1.74,-2.27,-2.34,-1.24,-1.84,2224.808,3904.659,3003.176,2892.643,0,0,0,0
4296,80,Hombre,7.9,132,53.7,159,1,1,-0.468,100,135,-0.64,25.71,1,0.11,-0.25,-0.75,-0.118,-0.468,-1.77,-0.64,-1.17,-1.24,-1.34,-1.94,14.647,25.706,19.771,19.043,1,1,1,1
4297,78,Mujer,8.1,130,41.5,305,1,1,-0.422,200,111,-2.48,36,0,-0.55,0.01,1.37,-0.072,-0.422,-3.6,-2.48,-3,-3.08,-3.11,-3.71,165.38,290.251,223.239,215.023,0,0,0,0
4298,58,Mujer,5.7,163,50.8,29,0,0,0.323,40,149,-1.21,36,0,0.43,1.13,-1.16,0.323,-0.027,-1.21,-0.09,-0.61,-0.69,-0.13,-0.73,257.467,451.868,347.543,334.752,0,0,0,0
4299,59,Hombre,6.1,104,53.6,112,1,0,-0.765,52,98,0.01,36,0,0.62,0.6,-0.48,-0.765,-1.115,0.01,1.13,0.61,0.53,-0.54,-1.14,2567.188,4505.556,3465.342,3337.798,0,0,0,0
4300,53,Mujer,6.5,107,56.3,5,0,1,-0.198,4,101,3.59,36,0,-2.05,-0.42,0.46,0.152,-0.198,2.47,3.59,3.07,2.99,3.29,2.69,4398.457,7719.533,5937.296,5718.771,0,0,0,0
4301,60,Mujer,9.2,149,41,179,0,1,-0.113,160,153,-3.45,36,0,-0.93,1.17,-0.84,0.237,-0.113,-4.58,-3.45,-3.98,-4.05,-3.62,-4.22,339.83,596.421,458.723,441.84,0,0,0,0
4302,59,Hombre,7.3,121,38.5,132,1,1,-0.729,64,113,-1.18,36,0,-1.91,-0.39,0.59,-0.379,-0.729,-2.3,-1.18,-1.7,-1.78,-2.27,-2.87,25.989,45.612,35.082,33.791,1,0,1,1
4303,65,Hombre,8.1,171,48.4,143,0,0,0.553,249,176,-3.99,36,0,0.87,0.14,-0.3,0.553,0.203,-3.99,-2.87,-3.39,-3.47,-2.56,-3.16,145.76,255.816,196.755,189.513,0,0,0,0
4304,74,Hombre,8.2,130,27.7,458,0,1,-0.848,196,128,-1.24,36,0,0.55,-0.73,0.84,-0.498,-0.848,-2.36,-1.24,-1.76,-1.84,-2.51,-3.11,690.496,1211.858,932.072,897.767,0,0,0,0
4305,63,Hombre,7.6,114,58,19,0,0,0.238,24,116,0.49,36,0,2.31,1.67,0.04,0.238,-0.112,0.49,1.61,1.09,1.01,1.45,0.85,2049.874,3597.641,2767.04,2665.198,0,0,0,0
4306,66,Hombre,8.9,142,42.5,268,0,0,-0.177,224,144,-3.01,36,0,0.56,-0.28,0.41,-0.177,-0.527,-3.01,-1.89,-2.41,-2.49,-2.68,-3.28,249.299,437.534,336.519,324.133,0,0,0,0
4307,50,Mujer,8.5,146,49.7,124,0,0,0.894,303,148,-3.79,36,0,-0.2,-0.9,0.19,0.894,0.544,-3.79,-2.67,-3.19,-3.27,-1.85,-2.45,109.228,191.701,147.442,142.015,0,0,0,0
4308,50,Hombre,8.5,128,50.7,23,1,1,-0.488,14,126,0.94,36,0,-0.44,1.41,-0.76,-0.138,-0.488,-0.18,0.94,0.42,0.34,0.21,-0.39,207.509,364.19,280.108,269.799,0,0,0,0
4309,57,Hombre,8.6,131,57.6,36,1,1,0.181,43,122,-1.11,36,0,-0.21,0.71,-0.27,0.531,0.181,-2.23,-1.11,-1.63,-1.71,-0.84,-1.44,430.669,755.848,581.343,559.946,0,0,0,0
4310,71,Mujer,8.9,145,26.7,183,1,1,-0.252,142,137,-3.3,10.43,1,0.03,-1.7,-0.18,0.098,-0.252,-4.42,-3.3,-3.82,-3.9,-3.68,-4.28,5.945,10.434,8.025,7.729,1,1,1,1
4311,69,Hombre,8.9,143,38.3,665,1,1,-0.125,587,139,-1.88,36,0,-0.81,0.38,0.81,0.225,-0.125,-3,-1.88,-2.4,-2.48,-2.06,-2.66,168.989,296.585,228.111,219.715,0,0,0,0
4312,86,Mujer,8.7,121,39.7,220,1,1,-0.266,169,117,-1.34,36,0,-0.28,-0.11,-0.08,0.084,-0.266,-2.46,-1.34,-1.86,-1.94,-1.74,-2.34,28.481,49.985,38.445,37.03,1,0,0,0
4313,68,Hombre,8.2,132,47.9,109,0,0,-0.167,92,130,-2.07,36,0,0.89,-1.04,-0.33,-0.167,-0.517,-2.07,-0.95,-1.47,-1.55,-1.72,-2.32,148.617,260.831,200.612,193.228,0,0,0,0
4314,68,Hombre,6.4,136,56.7,9,0,0,1.028,25,134,-3.3,36,0,0.96,0.4,-0.56,1.028,0.678,-3.3,-2.17,-2.7,-2.77,-1.15,-1.75,3845.298,6748.709,5190.61,4999.567,0,0,0,0
4315,53,Hombre,9.6,124,49.5,489,0,0,-0.123,433,123,-3.68,33.48,1,-0.15,0.08,0.08,-0.123,-0.473,-3.68,-2.55,-3.08,-3.15,-3.26,-3.86,33.481,58.761,45.194,43.531,1,0,0,0
4316,59,Hombre,7.2,140,34.5,222,0,1,-0.506,134,126,-1.01,36,0,0.98,0.79,1.72,-0.156,-0.506,-2.14,-1.01,-1.54,-1.61,-1.77,-2.37,70.466,123.671,95.119,91.618,0,0,0,0
4317,68,Hombre,7.1,132,39.6,131,0,0,0.536,224,142,-1.91,36,0,0.35,-0.18,1.39,0.536,0.186,-1.91,-0.78,-1.31,-1.38,-0.5,-1.1,689.802,1210.64,931.135,896.864,0,0,0,0
4318,65,Mujer,6.1,154,48.7,1993,1,1,-0.433,1293,139,-3.56,36,0,0.02,-3.03,-0.72,-0.083,-0.433,-4.68,-3.56,-4.08,-4.16,-4.21,-4.81,515.025,903.897,695.211,669.624,0,0,0,0
4319,73,Hombre,9.1,141,32.2,257,1,0,-0.145,222,133,-5.38,36,0,0.67,0.09,0.6,-0.145,-0.495,-5.38,-4.26,-4.78,-4.86,-5,-5.6,283.416,497.411,382.572,368.491,0,0,0,0
4320,62,Hombre,7.6,136,42.8,406,0,1,-0.282,306,132,-2.07,36,0,-0.55,0.99,0.96,0.068,-0.282,-3.2,-2.07,-2.6,-2.67,-2.49,-3.09,403.286,707.788,544.379,524.342,0,0,0,0
4321,71,Mujer,6.5,141,47,73,0,0,-0.482,45,145,-1.18,36,0,0.48,-0.19,1.37,-0.482,-0.832,-1.18,-0.06,-0.58,-0.66,-1.31,-1.91,3685.537,6468.32,4974.955,4791.849,0,0,0,0
4322,76,Hombre,8.7,131,34.9,93,0,0,0.486,151,122,-4.64,36,0,0.97,2.33,-0.72,0.486,0.136,-4.64,-3.51,-4.04,-4.11,-3.31,-3.91,952.43,1671.567,1285.646,1238.327,0,0,0,0
4323,72,Hombre,8.3,118,53.8,342,0,1,-0.355,240,120,-2.26,36,0,0.36,0.2,-0.03,-0.005,-0.355,-3.39,-2.26,-2.79,-2.86,-2.8,-3.4,258.835,454.269,349.39,336.531,0,0,0,0
4324,69,Mujer,7.4,173,42,104,0,1,-0.753,49,163,-2.1,36,0,0.33,1.23,-0.84,-0.403,-0.753,-3.22,-2.1,-2.62,-2.7,-3.23,-3.83,98.61,173.066,133.109,128.21,0,0,0,0
4325,65,Mujer,5.5,129,57.7,82,0,0,-0.357,57,154,-0.82,36,0,-0.27,1.07,1.47,-0.357,-0.707,-0.82,0.3,-0.22,-0.3,-0.76,-1.36,393.573,690.742,531.268,511.714,0,0,0,0
4326,59,Hombre,8.2,119,61.8,21,1,0,0.864,50,129,-3.53,36,0,-0.66,-1.66,0.51,0.864,0.514,-3.53,-2.4,-2.93,-3,-1.63,-2.23,1126.361,1976.825,1520.428,1464.468,0,0,0,0
4327,40,Hombre,10.8,139,54.4,210,0,1,-0.34,149,129,-0.74,36,0,-0.27,-1,-0.33,0.01,-0.34,-1.86,-0.74,-1.26,-1.34,-1.25,-1.85,101.392,177.948,136.864,131.827,0,0,0,0
4328,73,Mujer,8,145,47.5,152,1,1,0.491,248,132,-3.65,9.25,1,2.03,0.22,0.85,0.841,0.491,-4.78,-3.65,-4.18,-4.25,-2.92,-3.52,5.271,9.25,7.115,6.853,1,1,1,1
4329,83,Hombre,5.5,139,33.6,53,0,0,-0.535,31,150,-2.91,36,0,1.17,-0.7,0.43,-0.535,-0.885,-2.91,-1.78,-2.31,-2.38,-3.11,-3.71,1332.721,2338.999,1798.986,1732.773,0,0,0,0
4330,62,Mujer,7,153,47.2,73,1,1,0.196,89,138,-1.43,36,0,-2.44,-0.69,0.66,0.546,0.196,-2.56,-1.43,-1.96,-2.03,-1.14,-1.74,582.615,1022.522,786.448,757.503,0,0,0,0
4331,78,Hombre,7.4,163,37.2,86,0,0,0.434,133,174,-1.79,36,0,0.38,0.52,0.53,0.434,0.084,-1.79,-0.67,-1.19,-1.27,-0.54,-1.14,1117.577,1961.408,1508.571,1453.047,0,0,0,0
4332,49,Hombre,6.9,117,58.7,416,0,1,-0.199,341,110,0.17,36,0,0.78,-0.03,1.32,0.151,-0.199,-0.95,0.17,-0.35,-0.43,-0.12,-0.72,500.135,877.764,675.111,650.263,0,0,0,0
4333,49,Hombre,7.1,121,60,12,1,1,0.939,31,113,-1.6,36,0,1.35,-0.23,-1.97,1.289,0.939,-2.73,-1.6,-2.13,-2.2,-0.19,-0.79,1494.974,2623.762,2018.004,1943.731,0,0,0,0
4334,64,Mujer,8.5,140,39.7,462,1,0,-0.135,404,143,-3.74,36,0,1.83,0.2,0.77,-0.135,-0.485,-3.74,-2.61,-3.14,-3.21,-3.34,-3.94,549.418,964.258,741.637,714.34,0,0,0,0
4335,66,Mujer,9,130,41.3,324,0,0,-1.309,87,138,-2.62,36,0,0.75,-0.5,1.51,-1.309,-1.659,-2.62,-1.49,-2.02,-2.09,-3.98,-4.58,1290.226,2264.417,1741.623,1677.521,0,0,0,0
4336,67,Mujer,7.6,126,39.8,203,0,0,0.476,327,124,-4.45,36,0,0.25,1.15,-0.55,0.476,0.126,-4.45,-3.33,-3.85,-3.93,-3.14,-3.74,66.414,116.56,89.649,86.35,0,0,0,0
4337,58,Mujer,9.4,132,52.2,357,0,1,-0.131,313,118,-3.49,36,0,-0.14,-0.01,0.65,0.219,-0.131,-4.61,-3.49,-4.01,-4.09,-3.68,-4.28,292.008,512.49,394.17,379.662,0,0,0,0
4338,90,Hombre,5.6,162,33.9,146,1,0,0.238,185,158,-4.49,36,0,0.63,-0.93,-0.36,0.238,-0.112,-4.49,-3.36,-3.89,-3.96,-3.53,-4.13,95.371,167.382,128.738,123.999,0,0,0,0
4339,55,Hombre,7.2,146,42.4,1286,0,0,-0.301,952,146,-4.11,36,0,1.19,-0.83,0.48,-0.301,-0.651,-4.11,-2.98,-3.51,-3.58,-3.96,-4.56,151.119,265.222,203.989,196.482,0,0,0,0
4340,56,Hombre,7.7,131,49.6,45,0,0,-0.273,34,125,-1.48,36,0,-1.16,-2.2,-0.6,-0.273,-0.623,-1.48,-0.35,-0.88,-0.95,-1.29,-1.89,3239.557,5685.6,4372.945,4211.996,0,0,0,0
4341,72,Mujer,7.6,123,38.8,381,0,0,-0.347,269,125,-3.57,36,0,0.98,0.16,-0.88,-0.347,-0.697,-3.57,-2.45,-2.97,-3.05,-3.49,-4.09,181.061,317.772,244.407,235.411,0,0,0,0
4342,67,Hombre,7,154,44.3,274,0,0,0.147,317,159,-5.68,36,0,1.22,1.77,-0.67,0.147,-0.203,-5.68,-4.56,-5.08,-5.16,-4.86,-5.46,143.766,252.316,194.063,186.921,0,0,0,0
4343,39,Hombre,7.2,139,75,162,0,1,0.228,203,148,-0.88,36,0,-0.05,1.7,0.41,0.578,0.228,-2.01,-0.88,-1.41,-1.48,-0.54,-1.14,95.184,167.053,128.485,123.756,0,0,0,0
4344,69,Mujer,5.9,172,38.2,40,0,0,0.012,40,167,-1.41,36,0,0.55,-0.01,-0.93,0.012,-0.338,-1.41,-0.29,-0.81,-0.89,-0.79,-1.39,533.313,935.994,719.898,693.401,0,0,0,0
4345,63,Mujer,8.2,149,57,94,0,1,0.678,185,132,-1.91,1.7,1,1.51,-1.87,2.24,1.028,0.678,-3.04,-1.91,-2.44,-2.51,-0.9,-1.5,0.971,1.704,1.311,1.262,1,1,1,1
4346,66,Hombre,6.3,141,22.2,20,1,1,0.188,24,137,-0.01,36,0,1.1,2.66,0.24,0.538,0.188,-1.13,-0.01,-0.53,-0.61,0.27,-0.33,1032.445,1811.998,1393.655,1342.361,0,0,0,0
4347,68,Hombre,8.9,95,39.9,159,0,1,0.104,176,81,-1.56,36,0,0.4,-1.27,-0.95,0.454,0.104,-2.68,-1.56,-2.08,-2.16,-1.4,-2,412.787,724.464,557.204,536.696,0,0,0,0
4348,67,Hombre,8.4,148,37.4,242,1,1,-0.65,126,147,-2.14,36,0,2.21,-1.93,0.98,-0.3,-0.65,-3.26,-2.14,-2.66,-2.74,-3.11,-3.71,741.059,1300.6,1000.326,963.508,0,0,0,0
4349,65,Hombre,8.3,127,52.7,61,0,0,0.829,140,125,-2.69,36,0,1.02,0.39,-1.96,0.829,0.479,-2.69,-1.56,-2.09,-2.16,-0.85,-1.45,120.972,212.313,163.296,157.286,0,0,0,0
4350,58,Hombre,7.1,121,37.7,59,1,0,-0.344,42,123,-1.66,6.35,1,-0.94,1.06,0.99,-0.344,-0.694,-1.66,-0.53,-1.06,-1.13,-1.57,-2.17,6.348,11.141,8.569,8.253,1,1,1,1
4351,70,Hombre,11.6,141,49.1,173,0,1,-0.253,134,125,-1.67,36,0,-0.41,-0.81,1.66,0.097,-0.253,-2.79,-1.67,-2.19,-2.27,-2.05,-2.65,423.582,743.409,571.776,550.731,0,0,0,0
4352,90,Hombre,6.3,166,34.3,225,1,1,-0.638,119,156,-2.54,36,0,0.78,0.13,0.06,-0.288,-0.638,-3.67,-2.54,-3.07,-3.14,-3.5,-4.1,369.721,648.881,499.072,480.703,0,0,0,0
4353,62,Mujer,8.5,141,40.4,64,1,0,-0.257,49,143,-2.16,36,0,-0.31,1.07,-2.6,-0.257,-0.607,-2.16,-1.03,-1.56,-1.63,-1.94,-2.54,280.221,491.804,378.259,364.337,0,0,0,0
4354,72,Hombre,7.9,133,43.4,35,0,1,0.087,38,136,-1.73,36,0,-0.73,-0.23,0.22,0.437,0.087,-2.85,-1.73,-2.25,-2.33,-1.6,-2.2,1437.917,2523.622,1940.984,1869.545,0,0,0,0
4355,67,Hombre,7.5,135,36,256,0,1,-0.136,223,135,-2.1,36,0,-0.29,-1.05,-1.47,0.214,-0.136,-3.23,-2.1,-2.63,-2.7,-2.31,-2.91,1115.843,1958.366,1506.231,1450.793,0,0,0,0
4356,77,Mujer,8.2,98,44.7,129,1,0,0.449,202,85,-4.01,36,0,-0.45,-0.98,-0.79,0.449,0.099,-4.01,-2.88,-3.41,-3.48,-2.74,-3.34,91.471,160.536,123.473,118.928,0,0,0,0
4357,68,Mujer,7.1,141,64.6,1046,0,1,0.002,1048,134,-2.49,36,0,0,-0.09,-1.51,0.352,0.002,-3.62,-2.49,-3.02,-3.09,-2.49,-3.09,114.455,200.875,154.498,148.812,0,0,0,0
4358,61,Hombre,6.9,132,48.3,151,0,0,-0.176,127,137,-2.62,36,0,-0.46,0.34,-1.03,-0.176,-0.526,-2.62,-1.5,-2.02,-2.1,-2.29,-2.89,580.566,1018.925,783.682,754.838,0,0,0,0
4359,61,Hombre,8.1,107,49.8,27,0,0,-0.414,18,110,-1.25,36,0,-0.99,-0.01,0.86,-0.414,-0.764,-1.25,-0.12,-0.65,-0.72,-1.27,-1.87,822.225,1443.05,1109.888,1069.038,0,0,0,0
4360,73,Hombre,8,145,42.8,51,0,1,-0.248,40,128,-1.46,36,0,1.7,0.83,-0.81,0.102,-0.248,-2.58,-1.46,-1.98,-2.06,-1.83,-2.43,261.41,458.789,352.867,339.879,0,0,0,0
4361,65,Hombre,7.9,137,52.2,165,0,0,0.084,179,137,-0.24,36,0,1.04,-0.09,-0.46,0.084,-0.266,-0.24,0.89,0.36,0.29,0.49,-0.11,629.199,1104.279,849.33,818.07,0,0,0,0
4362,75,Hombre,7,156,26.7,405,1,0,-0.431,263,153,-3.04,36,0,-0.77,-1.55,0.96,-0.431,-0.781,-3.04,-1.91,-2.44,-2.51,-3.09,-3.69,380.733,668.208,513.936,495.021,0,0,0,0
4363,51,Mujer,5.5,141,64.8,65,1,0,-0.617,35,136,0.16,36,0,1.03,-0.6,0.24,-0.617,-0.967,0.16,1.28,0.76,0.68,-0.17,-0.77,4733.892,8308.24,6390.086,6154.895,0,0,0,0
4364,75,Hombre,7.4,141,53.3,205,1,0,-0.768,95,141,-2.11,36,0,2.82,2.04,0.49,-0.768,-1.118,-2.11,-0.99,-1.51,-1.59,-2.66,-3.26,156.947,275.45,211.856,204.058,0,0,0,0
4365,80,Hombre,7.1,139,36.3,65,1,0,1.102,196,132,-4.54,36,0,1.77,-0.64,-0.51,1.102,0.752,-4.54,-3.42,-3.94,-4.02,-2.29,-2.89,73.942,129.772,99.811,96.137,0,0,0,0
4366,68,Mujer,9.9,140,41,636,0,0,-0.136,555,141,-3.82,36,0,0.95,1.54,-0.52,-0.136,-0.486,-3.82,-2.69,-3.22,-3.29,-3.42,-4.02,183.292,321.688,247.419,238.312,0,0,0,0
4367,68,Mujer,9.6,140,33.1,180,0,0,0.823,410,142,-4.81,11.51,1,0.89,0.11,-0.51,0.823,0.473,-4.81,-3.69,-4.21,-4.29,-2.98,-3.58,11.515,20.209,15.543,14.971,1,1,1,1
4368,87,Mujer,10,137,26.9,158,1,0,-0.039,152,143,-5.15,36,0,0.85,-1.22,0.12,-0.039,-0.389,-5.15,-4.03,-4.55,-4.63,-4.61,-5.21,107.231,188.196,144.746,139.419,0,0,0,0
4369,79,Hombre,6,124,49,40,1,1,-0.65,21,123,0.37,36,0,1.57,2.89,1.79,-0.3,-0.65,-0.75,0.37,-0.15,-0.23,-0.6,-1.2,2750.238,4826.819,3712.434,3575.795,0,0,0,0
4370,52,Mujer,8.6,103,46.7,174,0,1,0.127,198,111,-0.91,36,0,0.32,-0.17,1.95,0.477,0.127,-2.04,-0.91,-1.44,-1.51,-0.72,-1.32,169.084,296.751,228.239,219.839,0,0,0,0
4371,71,Hombre,6.1,118,41.9,130,1,1,-0.646,68,113,-1.5,36,0,-1.35,0.7,0.15,-0.296,-0.646,-2.62,-1.5,-2.02,-2.1,-2.47,-3.07,159.556,280.029,215.378,207.45,0,0,0,0
4372,67,Hombre,8.4,154,24.7,571,0,1,0.118,643,137,-4.23,28.38,1,-0.25,-0.56,-1.08,0.468,0.118,-5.35,-4.23,-4.75,-4.83,-4.05,-4.65,16.168,28.376,21.825,21.021,1,1,1,1
4373,64,Mujer,9.6,133,48.1,207,0,1,-0.689,104,119,0.63,36,0,-1.07,-0.5,1.74,-0.339,-0.689,-0.5,0.63,0.1,0.03,-0.41,-1.01,540.025,947.774,728.958,702.128,0,0,0,0
4374,72,Mujer,6.8,137,34.6,430,0,1,-0.576,242,126,-3.65,36,0,0.3,-0.12,-0.74,-0.226,-0.576,-4.78,-3.65,-4.18,-4.25,-4.52,-5.12,473.019,830.174,638.509,615.008,0,0,0,0
4375,57,Hombre,5.5,157,42.1,17,1,0,-0.015,17,169,-1.23,36,0,0.41,0.12,0.68,-0.015,-0.365,-1.23,-0.1,-0.63,-0.7,-0.65,-1.25,636.055,1116.31,858.584,826.983,0,0,0,0
4376,63,Hombre,7.6,119,40.2,187,1,1,-0.826,82,111,-1.59,36,0,-1.03,-0.76,0.47,-0.476,-0.826,-2.71,-1.59,-2.11,-2.19,-2.83,-3.43,236.198,414.54,318.833,307.099,0,0,0,0
4377,63,Mujer,7.4,154,42.5,317,0,0,0.094,348,163,-3.4,36,0,-1.43,-1.19,-0.89,0.094,-0.256,-3.4,-2.27,-2.8,-2.87,-2.66,-3.26,141.815,248.892,191.43,184.384,0,0,0,0
4378,70,Mujer,7.3,148,44.3,73,0,0,0.642,139,155,-1.96,36,0,0.68,-0.19,-0.42,0.642,0.292,-1.96,-0.83,-1.36,-1.43,-0.4,-1,293.172,514.533,395.741,381.175,0,0,0,0
4379,67,Mujer,9.4,122,39.9,218,0,0,-0.629,116,125,-1.8,36,0,1.42,-0.97,0.53,-0.629,-0.979,-1.8,-0.68,-1.2,-1.28,-2.14,-2.74,315.035,552.903,425.253,409.601,0,0,0,0
4380,77,Mujer,8.1,134,37.9,118,0,1,-1.267,33,139,-1.34,36,0,-0.47,0.2,0.48,-0.917,-1.267,-2.47,-1.34,-1.87,-1.94,-3.24,-3.84,544.348,955.36,734.793,707.748,0,0,0,0
4381,80,Hombre,9.6,142,57,119,0,0,0.55,206,145,-5.18,36,0,1.47,-0.84,-1.6,0.55,0.2,-5.18,-4.05,-4.58,-4.65,-3.75,-4.35,64.694,113.542,87.328,84.114,0,0,0,0
4382,76,Mujer,5.8,152,46.4,65,0,0,0.173,77,150,-2.4,36,0,1.01,-0.48,-0.41,0.173,-0.177,-2.4,-1.27,-1.8,-1.87,-1.54,-2.14,315.039,552.911,425.259,409.607,0,0,0,0
4383,85,Mujer,5.5,143,37.2,164,0,0,-0.593,91,153,-3.3,36,0,2.25,0.67,-0.38,-0.593,-0.943,-3.3,-2.18,-2.7,-2.78,-3.59,-4.19,1324.958,2325.373,1788.506,1722.679,0,0,0,0
4384,82,Hombre,8.9,132,45.1,131,1,0,-0.488,80,127,-3.29,36,0,0.84,-0.12,-0.71,-0.488,-0.838,-3.29,-2.16,-2.69,-2.76,-3.42,-4.02,570.433,1001.141,770.004,741.663,0,0,0,0
4385,73,Hombre,6.7,149,55.1,99,1,0,-0.367,69,145,-1.93,36,0,1.96,0.02,-1.94,-0.367,-0.717,-1.93,-0.8,-1.33,-1.4,-1.88,-2.48,2160.091,3791.078,2915.818,2808.5,0,0,0,0
4386,61,Hombre,6,138,47.2,10,0,0,0.393,15,127,-2.45,36,0,1.08,0.2,-0.99,0.393,0.043,-2.45,-1.32,-1.85,-1.92,-1.26,-1.86,945.509,1659.421,1276.304,1229.329,0,0,0,0
4387,59,Hombre,8,147,56.4,215,0,1,0.282,285,125,-2.86,36,0,-0.47,0.79,0.35,0.632,0.282,-3.98,-2.86,-3.38,-3.46,-2.43,-3.03,1584.071,2780.132,2138.273,2059.572,0,0,0,0
4388,74,Hombre,8.7,144,45.7,72,1,0,-0.858,31,142,-2.11,36,0,-1.02,-0.22,1.1,-0.858,-1.208,-2.11,-0.98,-1.51,-1.58,-2.8,-3.4,185.283,325.182,250.106,240.901,0,0,0,0
4389,69,Hombre,7.1,151,33.9,160,0,0,0.276,211,154,-4.06,36,0,0.29,-0.21,-0.83,0.276,-0.074,-4.06,-2.93,-3.46,-3.53,-3.04,-3.64,275.229,483.042,371.52,357.846,0,0,0,0
4390,72,Hombre,9.2,134,51.5,5,1,0,0.56,9,133,-1.09,36,0,1.65,0.02,-0.5,0.56,0.21,-1.09,0.04,-0.49,-0.56,0.35,-0.25,1801.293,3161.368,2431.492,2341.999,0,0,0,0
4391,70,Hombre,10.2,142,41.6,152,0,0,-0.001,152,153,-3.76,36,0,-0.11,0.96,1.64,-0.001,-0.351,-3.76,-2.64,-3.16,-3.24,-3.16,-3.76,106.382,186.707,143.601,138.316,0,0,0,0
4392,78,Mujer,9.4,135,58.8,128,1,0,-1.011,47,136,-2.59,36,0,0.88,-2.01,0.56,-1.011,-1.361,-2.59,-1.46,-1.99,-2.06,-3.5,-4.1,85.687,150.385,115.665,111.408,0,0,0,0
4393,65,Hombre,7.4,146,73.6,34,0,0,0.628,64,140,-2.33,36,0,-0.15,-0.28,0.3,0.628,0.278,-2.33,-1.2,-1.73,-1.8,-0.79,-1.39,1086.321,1906.553,1466.38,1412.409,0,0,0,0
4394,85,Hombre,10.7,113,55.2,53,1,1,-0.303,39,109,-2.03,36,0,1.48,1.35,0.4,0.047,-0.303,-3.16,-2.03,-2.56,-2.63,-2.49,-3.09,187.746,329.505,253.431,244.103,0,0,0,0
4395,68,Mujer,7.1,121,44.7,226,0,0,0.024,232,127,-2.14,36,0,-0.46,-0.21,1.86,0.024,-0.326,-2.14,-1.02,-1.54,-1.62,-1.51,-2.11,758.371,1330.983,1023.694,986.016,0,0,0,0
4396,78,Hombre,9.2,140,20.9,298,0,1,-0.34,212,134,-4.18,36,0,0.45,0.67,-0.65,0.01,-0.34,-5.3,-4.18,-4.7,-4.78,-4.69,-5.29,71.641,125.734,96.705,93.146,0,0,0,0
4397,60,Hombre,8.1,153,43.8,136,0,0,0.445,212,156,-5.36,36,0,-1.25,-0.32,-0.25,0.445,0.095,-5.36,-4.23,-4.76,-4.83,-4.09,-4.69,540.267,948.198,729.284,702.442,0,0,0,0
4398,68,Mujer,7.3,155,47.6,34,1,1,0.521,57,145,-1.37,22.25,1,-0.63,0.95,1.57,0.871,0.521,-2.49,-1.37,-1.89,-1.97,-0.59,-1.19,12.675,22.246,17.11,16.48,1,1,1,1
4399,59,Hombre,9.5,143,58,175,0,1,-0.063,164,136,-1.56,36,0,0.39,-0.03,-1.55,0.287,-0.063,-2.69,-1.56,-2.09,-2.16,-1.66,-2.26,458.498,804.689,618.907,596.128,0,0,0,0
4400,48,Hombre,7.7,158,55,24,0,1,0.085,26,151,1.79,9.4,1,-0.9,0.46,0.93,0.435,0.085,0.67,1.79,1.27,1.19,1.92,1.32,5.353,9.395,7.226,6.96,1,1,1,1
4401,52,Hombre,6.7,98,57.5,57,0,1,-0.475,35,99,2.04,36,0,-1.85,-0.03,-0.31,-0.125,-0.475,0.92,2.04,1.52,1.44,1.33,0.73,6661.247,11690.853,8991.743,8660.797,0,0,0,0
4402,85,Hombre,7.1,150,38.6,109,1,0,-0.079,101,151,-3.93,36,0,0.27,-0.25,-0.32,-0.079,-0.429,-3.93,-2.81,-3.33,-3.41,-3.45,-4.05,606.39,1064.248,818.541,788.415,0,0,0,0
4403,54,Hombre,7.4,138,51.5,150,0,1,0.181,180,129,-2.24,36,0,0.57,1.53,0.94,0.531,0.181,-3.36,-2.24,-2.76,-2.84,-1.97,-2.57,420.766,738.467,567.974,547.069,0,0,0,0
4404,45,Mujer,5.5,138,46.2,26,0,0,0.982,69,141,-1,36,0,-1.33,1.29,-0.32,0.982,0.632,-1,0.13,-0.4,-0.47,1.08,0.48,1323.171,2322.237,1786.093,1720.355,0,0,0,0
4405,61,Hombre,6.1,143,39.9,253,1,1,-0.925,100,120,0.01,36,0,-0.68,1.2,0.18,-0.575,-0.925,-1.11,0.01,-0.51,-0.59,-1.38,-1.98,127.808,224.31,172.523,166.173,0,0,0,0
4406,56,Hombre,8,132,39.2,253,1,1,-1.062,87,129,-0.42,36,0,-0.65,-0.85,-1.8,-0.712,-1.062,-1.55,-0.42,-0.95,-1.02,-2.01,-2.61,128.878,226.188,173.967,167.565,0,0,0,0
4407,71,Hombre,8.3,134,33.8,223,0,0,-0.383,152,129,-2.92,36,0,-0.59,0.19,-0.11,-0.383,-0.733,-2.92,-1.79,-2.32,-2.39,-2.89,-3.49,296.346,520.103,400.025,385.302,0,0,0,0
4408,63,Mujer,9.8,157,53.3,1443,0,1,-0.626,772,147,-2.31,36,0,-0.05,0.04,-0.63,-0.276,-0.626,-3.43,-2.31,-2.83,-2.91,-3.25,-3.85,406.513,713.453,548.735,528.539,0,0,0,0
4409,66,Hombre,8,172,38.2,12,0,0,-0.286,9,180,-1.79,36,0,0.41,1.62,1.29,-0.286,-0.636,-1.79,-0.67,-1.19,-1.27,-1.62,-2.22,2617.237,4593.394,3532.901,3402.87,0,0,0,0
4410,61,Hombre,8.5,123,31.5,37,0,0,-0.512,22,115,0.16,36,0,-0.05,0.19,1.19,-0.512,-0.862,0.16,1.28,0.76,0.68,-0.01,-0.61,2466.348,4328.575,3329.221,3206.687,0,0,0,0
4411,64,Mujer,9.2,129,39.7,51,1,0,-0.091,47,132,-0.76,36,0,0.79,-1.22,1.71,-0.091,-0.441,-0.76,0.36,-0.16,-0.24,-0.3,-0.9,1085.085,1904.384,1464.712,1410.802,0,0,0,0
4412,70,Hombre,7,156,38.1,91,0,0,1.021,253,138,-5.5,36,0,-1.4,1.09,-0.24,1.021,0.671,-5.5,-4.37,-4.9,-4.97,-3.37,-3.97,48.764,85.584,65.825,63.402,0,0,0,0
4413,73,Mujer,7.4,133,36.2,48,0,0,-0.416,32,134,-2.26,6.91,1,0.8,-0.61,-0.61,-0.416,-0.766,-2.26,-1.13,-1.66,-1.73,-2.28,-2.88,6.913,12.133,9.332,8.989,1,1,1,1
4414,57,Hombre,7.3,111,59.2,25,0,1,-0.97,9,97,1.68,36,0,-0.17,0.65,-0.03,-0.62,-0.97,0.55,1.68,1.15,1.08,0.22,-0.38,3985.955,6995.569,5380.477,5182.445,0,0,0,0
4415,84,Hombre,7.4,149,34.6,33,0,0,0.404,49,147,-1.2,36,0,1.49,-0.98,0.76,0.404,0.054,-1.2,-0.07,-0.6,-0.67,0.01,-0.59,64.13,112.552,86.567,83.381,0,0,0,0
4416,75,Hombre,9.3,127,48.3,108,0,0,0.31,147,126,-1.89,36,0,1.77,0.35,0.1,0.31,-0.04,-1.89,-0.76,-1.29,-1.36,-0.82,-1.42,51.968,91.207,70.15,67.568,0,0,0,0
4417,60,Mujer,7.2,131,48.4,494,1,1,-0.909,199,126,-2.65,36,0,-0.45,-0.72,0.89,-0.559,-0.909,-3.77,-2.65,-3.17,-3.25,-4.01,-4.61,647.021,1135.558,873.388,841.242,0,0,0,0
4418,56,Hombre,8.9,108,63.3,87,0,1,-0.413,58,107,0.89,36,0,-1.4,-0.23,0.7,-0.063,-0.413,-0.24,0.89,0.36,0.29,0.27,-0.33,447.939,786.158,604.655,582.4,0,0,0,0
4419,71,Mujer,8.7,158,29.9,314,1,0,0.469,502,151,-5.7,36,0,0.61,0.88,1.12,0.469,0.119,-5.7,-4.58,-5.1,-5.18,-4.4,-5,47.626,83.586,64.288,61.922,0,0,0,0
4420,56,Hombre,7.4,123,44.5,227,0,1,-0.196,187,118,-2.94,36,0,-0.4,0.59,1.7,0.154,-0.196,-4.06,-2.94,-3.46,-3.54,-3.23,-3.83,873.045,1532.242,1178.488,1135.113,0,0,0,0
4421,53,Hombre,6.1,164,52.2,135,1,1,-0.276,102,154,-0.19,36,0,-1.82,0.04,0.22,0.074,-0.276,-1.31,-0.19,-0.71,-0.79,-0.6,-1.2,118.456,207.897,159.899,154.014,0,0,0,0
4422,49,Hombre,8.4,95,47.9,87,0,0,-0.013,86,93,-0.44,36,0,-0.87,-0.26,0.25,-0.013,-0.363,-0.44,0.68,0.16,0.08,0.14,-0.46,2818.28,4946.235,3804.28,3664.261,0,0,0,0
4423,67,Hombre,8.3,141,46.2,64,0,1,-0.422,42,140,0.26,36,0,-0.35,1.39,-0.82,-0.072,-0.422,-0.86,0.26,-0.26,-0.34,-0.37,-0.97,143.989,252.709,194.365,187.211,0,0,0,0
4424,71,Hombre,10,150,37.5,100,0,0,-0.598,55,154,-3.34,36,0,-0.95,2.26,-0.93,-0.598,-0.948,-3.34,-2.21,-2.74,-2.81,-3.64,-4.24,863.344,1515.215,1165.392,1122.499,0,0,0,0
4425,57,Hombre,6.3,117,36.2,198,0,0,0.122,224,129,-2.08,36,0,-0.27,1.27,1.02,0.122,-0.228,-2.08,-0.95,-1.48,-1.55,-1.3,-1.9,164.512,288.728,222.068,213.895,0,0,0,0
4426,78,Hombre,7.6,141,35.6,474,0,0,0.251,609,132,-3.9,36,0,-0.92,1.38,-0.79,0.251,-0.099,-3.9,-2.78,-3.3,-3.38,-2.93,-3.53,40.131,70.433,54.172,52.178,0,0,0,0
4427,47,Mujer,5.7,121,68.6,29,0,0,-0.321,21,114,-0.15,36,0,-1.13,0.4,0.77,-0.321,-0.671,-0.15,0.97,0.45,0.37,-0.04,-0.64,11033.898,19365.094,14894.205,14346.015,0,0,0,0
4428,56,Hombre,8.1,155,36.2,25,0,0,-0.664,13,149,-0.91,36,0,-1.25,0.87,-0.35,-0.664,-1.014,-0.91,0.22,-0.31,-0.38,-1.3,-1.9,812.049,1425.19,1096.151,1055.807,0,0,0,0
4429,64,Mujer,6.7,134,36.2,27,0,0,0.648,52,125,-3.26,32.92,1,-0.11,-0.28,0.04,0.648,0.298,-3.26,-2.13,-2.66,-2.73,-1.69,-2.29,32.915,57.768,44.431,42.796,1,0,0,0
4430,66,Mujer,8.1,164,54.3,439,0,0,-0.027,427,164,-2.68,36,0,1.1,1.07,0.91,-0.027,-0.377,-2.68,-1.56,-2.08,-2.16,-2.12,-2.72,583.201,1023.55,787.239,758.264,0,0,0,0
4431,51,Hombre,7.7,140,33,1030,1,1,-0.846,442,137,-1.48,36,0,0.47,0.47,0.33,-0.496,-0.846,-2.6,-1.48,-2,-2.08,-2.75,-3.35,476.347,836.016,643.002,619.336,0,0,0,0
4432,67,Hombre,6.7,154,75,22,0,0,0.609,40,160,-2.2,36,0,0.34,-0.58,-0.73,0.609,0.259,-2.2,-1.07,-1.6,-1.67,-0.68,-1.28,415.476,729.184,560.834,540.193,0,0,0,0
4433,59,Hombre,8,171,54.6,1383,0,1,-0.185,1149,180,-5.44,36,0,-0.34,0.82,1.11,0.165,-0.185,-6.57,-5.44,-5.97,-6.04,-5.72,-6.32,140.201,246.061,189.252,182.286,0,0,0,0
4434,57,Hombre,7.4,122,55.2,179,1,1,-0.277,136,119,-0.66,36,0,-0.06,-0.31,0.72,0.073,-0.277,-1.79,-0.66,-1.19,-1.26,-1.08,-1.68,604.666,1061.223,816.214,786.173,0,0,0,0
4435,48,Mujer,8,125,56.2,189,0,0,0.406,284,130,-0.56,36,0,-0.68,-2,-2.66,0.406,0.056,-0.56,0.57,0.04,-0.03,0.65,0.05,1847.019,3241.619,2493.215,2401.45,0,0,0,0
4436,61,Mujer,8.5,148,45.8,45,0,0,0.322,62,155,-1.87,36,0,-0.59,0.95,-1.1,0.322,-0.028,-1.87,-0.75,-1.27,-1.35,-0.79,-1.39,121.507,213.251,164.017,157.98,0,0,0,0
4437,61,Hombre,8.6,123,48.1,151,0,1,-0.344,107,115,-0.44,36,0,1.55,-1.36,1.5,0.006,-0.344,-1.57,-0.44,-0.97,-1.04,-0.96,-1.56,1096.603,1924.597,1480.259,1425.777,0,0,0,0
4438,74,Mujer,8.4,131,46,32,0,0,0.24,41,129,-3,36,0,-0.11,0.44,0.94,0.24,-0.11,-3,-1.88,-2.4,-2.48,-2.04,-2.64,395.924,694.869,534.442,514.772,0,0,0,0
4439,44,Hombre,10.5,135,41.6,214,0,1,-0.894,88,128,-1.32,36,0,-0.33,-0.69,-1.02,-0.544,-0.894,-2.45,-1.32,-1.85,-1.92,-2.66,-3.26,352.565,618.771,475.913,458.397,0,0,0,0
4440,84,Hombre,8.6,128,45.2,32,0,1,-0.432,21,119,-0.51,36,0,-2.07,0.87,0.39,-0.082,-0.432,-1.63,-0.51,-1.03,-1.11,-1.16,-1.76,323.259,567.338,436.354,420.294,0,0,0,0
4441,60,Hombre,8.5,159,58.8,71,1,1,-0.046,68,160,-2.48,36,0,0.98,0.04,0.12,0.304,-0.046,-3.61,-2.48,-3.01,-3.08,-2.55,-3.15,451.873,793.062,609.965,587.515,0,0,0,0
4442,74,Hombre,8.3,139,38.2,191,0,1,0.364,275,135,-4.02,8.86,1,1.25,1.25,0.27,0.714,0.364,-5.14,-4.02,-4.54,-4.62,-3.47,-4.07,5.049,8.861,6.816,6.565,1,1,1,1
4443,66,Mujer,6.4,133,52.5,70,0,1,-0.732,34,125,0.52,36,0,-1.48,-0.54,-2.47,-0.382,-0.732,-0.6,0.52,-0,-0.08,-0.57,-1.17,1315.959,2309.581,1776.359,1710.98,0,0,0,0
4444,72,Mujer,7.6,119,41.9,61,0,0,-0.113,55,112,-1.8,36,0,0.37,-0.27,0.98,-0.113,-0.463,-1.8,-0.68,-1.2,-1.28,-1.37,-1.97,70.271,123.33,94.856,91.365,0,0,0,0
4445,67,Mujer,5.8,138,32.5,11,0,0,0.592,20,131,-1.06,36,0,-1.6,-0.07,0.56,0.592,0.242,-1.06,0.07,-0.46,-0.53,0.43,-0.17,97.883,171.789,132.128,127.265,0,0,0,0
4446,59,Hombre,8.1,117,49.6,64,0,0,-0.223,51,120,-1.11,36,0,-1.45,-0.86,2.35,-0.223,-0.573,-1.11,0.01,-0.51,-0.59,-0.85,-1.45,4170.392,7319.267,5629.441,5422.246,0,0,0,0
4447,58,Mujer,7.4,136,56,26,0,0,0.159,30,134,-3.07,36,0,-0.25,1.75,-1.76,0.159,-0.191,-3.07,-1.95,-2.47,-2.55,-2.23,-2.83,898.254,1576.484,1212.516,1167.888,0,0,0,0
4448,51,Hombre,6.4,146,44.2,252,0,1,-1.384,63,132,0.54,36,0,-1.23,1.23,-0.33,-1.034,-1.384,-0.59,0.54,0.01,-0.06,-1.54,-2.14,4554.405,7993.229,6147.803,5921.53,0,0,0,0
4449,68,Hombre,7.5,141,42.9,27,1,0,0.599,49,148,-6.28,36,0,0.23,-0.88,-0.7,0.599,0.249,-6.28,-5.16,-5.68,-5.76,-4.78,-5.38,465.057,816.201,627.762,604.656,0,0,0,0
4450,51,Hombre,8.8,127,45.8,162,0,1,-0.189,134,133,-1.14,36,0,0.63,-0.1,-0.78,0.161,-0.189,-2.26,-1.14,-1.66,-1.74,-1.42,-2.02,910.513,1598,1229.064,1183.828,0,0,0,0
4451,63,Mujer,7.3,120,43.8,51,0,0,-0.285,38,116,-1.58,36,0,-0.2,-0.09,-0.6,-0.285,-0.635,-1.58,-0.46,-0.98,-1.06,-1.41,-2.01,465.272,816.578,628.052,604.936,0,0,0,0
4452,58,Mujer,8.8,129,53.6,59,0,1,-0.417,39,128,-0.44,36,0,0.75,-0.47,-1.42,-0.067,-0.417,-1.57,-0.44,-0.97,-1.04,-1.07,-1.67,2304.464,4044.461,3110.701,2996.21,0,0,0,0
4453,65,Hombre,7,141,54.1,187,0,0,-0.072,174,127,-3.6,36,0,1.49,-0.47,0.37,-0.072,-0.422,-3.6,-2.47,-3,-3.07,-3.11,-3.71,5352.673,9394.234,7225.353,6959.419,0,0,0,0
4454,75,Mujer,6.9,145,33,173,1,0,0.304,235,132,-3.26,36,0,1.51,1.04,1.46,0.304,-0.046,-3.26,-2.13,-2.66,-2.73,-2.2,-2.8,335.955,589.62,453.492,436.801,0,0,0,0
4455,47,Hombre,6.2,127,38.7,200,0,0,0.05,210,126,-0.3,36,0,0.07,-1.18,-2.14,0.05,-0.3,-0.3,0.83,0.3,0.23,0.38,-0.22,1433.887,2516.549,1935.545,1864.306,0,0,0,0
4456,67,Hombre,9.2,106,37.3,46,0,0,-0.379,31,99,-1.3,36,0,-1.78,-0.95,-0.61,-0.379,-0.729,-1.3,-0.18,-0.7,-0.78,-1.27,-1.87,544.036,954.812,734.371,707.342,0,0,0,0
4457,60,Mujer,5.5,141,46.6,150,0,0,0.337,210,143,-2.91,36,0,-0.44,0.38,0.66,0.337,-0.013,-2.91,-1.78,-2.31,-2.38,-1.8,-2.4,622.214,1092.019,839.901,808.988,0,0,0,0
4458,68,Mujer,7.5,153,54.4,26,0,1,-0.192,21,136,-0.92,36,0,-2.18,-0.57,-0.21,0.158,-0.192,-2.05,-0.92,-1.45,-1.52,-1.21,-1.81,1790.226,3141.945,2416.553,2327.61,0,0,0,0
4459,53,Mujer,8.1,116,48.6,207,0,1,-0.529,122,96,-0.9,36,0,-0.62,-0.82,-0.99,-0.179,-0.529,-2.02,-0.9,-1.42,-1.5,-1.69,-2.29,1570.602,2756.493,2120.091,2042.06,0,0,0,0
4460,50,Hombre,8.7,124,59.3,526,0,1,-0.337,376,125,-0.19,36,0,-1.25,-0.55,-0.69,0.013,-0.337,-1.31,-0.19,-0.71,-0.79,-0.69,-1.29,2015.243,3536.862,2720.294,2620.172,0,0,0,0
4461,67,Hombre,8.9,116,27.7,355,0,0,-0.307,261,117,-3.46,36,0,0.47,1.36,-1.06,-0.307,-0.657,-3.46,-2.34,-2.86,-2.94,-3.32,-3.92,157.678,276.733,212.843,205.009,0,0,0,0
4462,66,Mujer,9.2,156,49.5,178,0,1,0.164,210,154,-3.39,21.31,1,0.03,-0.29,-0.5,0.514,0.164,-4.51,-3.39,-3.91,-3.99,-3.14,-3.74,12.14,21.306,16.387,15.784,1,1,1,1
4463,70,Hombre,7.4,126,34.1,224,0,0,-0.069,209,116,-3.5,36,0,0.23,0.12,0.93,-0.069,-0.419,-3.5,-2.37,-2.9,-2.97,-3,-3.6,369.252,648.058,498.438,480.093,0,0,0,0
4464,53,Mujer,7.3,147,33,203,1,1,-0.299,150,147,-0.58,36,0,-1.49,0.76,-0.12,0.051,-0.299,-1.71,-0.58,-1.11,-1.18,-1.03,-1.63,640.6,1124.288,864.72,832.893,0,0,0,0
4465,45,Mujer,5.5,138,59.8,245,0,1,-0.152,210,132,-2.32,36,0,-1.52,1.19,-1.27,0.198,-0.152,-3.45,-2.32,-2.85,-2.92,-2.55,-3.15,2232.818,3918.717,3013.988,2903.057,0,0,0,0
4466,79,Mujer,7,179,39.6,249,0,0,-0.385,169,172,-5.08,36,0,-0.54,2.18,0.68,-0.385,-0.735,-5.08,-3.96,-4.48,-4.56,-5.06,-5.66,83.594,146.711,112.84,108.686,0,0,0,0
4467,62,Mujer,9,115,39.9,847,0,1,-0.411,562,121,-1.46,36,0,-0.72,-1.34,-0.21,-0.061,-0.411,-2.58,-1.46,-1.98,-2.06,-2.08,-2.68,475.321,834.215,641.617,618.002,0,0,0,0
4468,64,Hombre,6,141,48.9,61,1,0,0.655,117,151,-3.85,36,0,0.39,-1.77,-1.13,0.655,0.305,-3.85,-2.73,-3.25,-3.33,-2.27,-2.87,1387.725,2435.534,1873.233,1804.288,0,0,0,0
4469,64,Mujer,7.6,121,45.8,312,0,1,-0.745,148,108,-2.41,36,0,0.13,-0.01,0.37,-0.395,-0.745,-3.53,-2.41,-2.93,-3.01,-3.53,-4.13,1440.396,2527.974,1944.331,1872.769,0,0,0,0
4470,59,Mujer,8,148,52.2,155,1,0,-0.7,77,151,-2.29,36,0,0.37,0.83,0.4,-0.7,-1.05,-2.29,-1.16,-1.69,-1.76,-2.74,-3.34,692.791,1215.886,935.17,900.751,0,0,0,0
4471,49,Hombre,9,145,49.9,315,0,1,-0.054,299,128,-0.52,36,0,-1.03,-1.18,-0.27,0.296,-0.054,-1.64,-0.52,-1.04,-1.12,-0.6,-1.2,134.606,236.24,181.699,175.011,0,0,0,0
4472,65,Hombre,7.4,135,53.9,336,0,0,0.62,625,130,-3.33,36,0,1.22,0.08,-1.31,0.62,0.27,-3.33,-2.21,-2.73,-2.81,-1.8,-2.4,136.777,240.051,184.629,177.834,0,0,0,0
4473,56,Mujer,8.9,151,50.3,596,0,0,0.489,972,165,-5.59,36,0,-2.02,-1.75,1.45,0.489,0.139,-5.59,-4.47,-4.99,-5.07,-4.26,-4.86,92.117,161.671,124.345,119.769,0,0,0,0
4474,59,Mujer,7.4,130,42.2,14,0,1,0.652,27,121,0.16,36,0,-0.37,0.26,0.7,1.002,0.652,-0.97,0.16,-0.37,-0.44,1.13,0.53,1508.168,2646.918,2035.814,1960.885,0,0,0,0
4475,79,Mujer,7.7,152,53.5,246,0,1,0.134,281,139,-1.71,36,0,0.26,0.18,0.44,0.484,0.134,-2.83,-1.71,-2.23,-2.31,-1.5,-2.1,40.609,71.27,54.816,52.798,0,0,0,0
4476,65,Hombre,7.2,125,28,478,0,0,-0.078,442,128,-3.66,36,0,0.34,-1.27,-0.34,-0.078,-0.428,-3.66,-2.54,-3.06,-3.14,-3.18,-3.78,90.763,159.294,122.517,118.008,0,0,0,0
4477,51,Hombre,8.8,120,58.4,140,0,1,-0.602,77,107,0.86,36,0,0.24,0.38,2.43,-0.252,-0.602,-0.27,0.86,0.33,0.26,-0.05,-0.65,6419.454,11266.493,8665.357,8346.423,0,0,0,0
4478,56,Mujer,8.6,149,48.2,99,1,1,-0.61,54,139,-2.23,36,0,1.01,-0.64,0.32,-0.26,-0.61,-3.35,-2.23,-2.75,-2.83,-3.14,-3.74,51.487,90.362,69.5,66.942,0,0,0,0
4479,60,Hombre,8,144,39.6,65,0,0,0.788,143,137,-1.77,36,0,1.1,1.35,-0.58,0.788,0.438,-1.77,-0.65,-1.17,-1.25,0.01,-0.59,281.066,493.287,379.4,365.436,0,0,0,0
4480,83,Mujer,7.6,145,46.7,205,1,0,0.392,303,147,-5.76,36,0,0.81,-0.19,-0.23,0.392,0.042,-5.76,-4.64,-5.16,-5.24,-4.58,-5.18,418.727,734.89,565.223,544.42,0,0,0,0
4481,67,Hombre,6.5,149,45.4,29,0,0,-0.268,22,157,-0.37,36,0,0.3,0.98,-0,-0.268,-0.618,-0.37,0.76,0.23,0.16,-0.17,-0.77,1529.947,2685.14,2065.212,1989.201,0,0,0,0
4482,65,Mujer,7.8,153,49.7,59,1,0,0.418,90,156,-2.98,36,0,-1.83,-0.45,0.52,0.418,0.068,-2.98,-1.86,-2.38,-2.46,-1.76,-2.36,771.169,1353.444,1040.97,1002.656,0,0,0,0
4483,64,Mujer,8.2,147,41.8,78,1,1,0.403,117,159,-3.7,36,0,-1.97,-0.47,0.86,0.753,0.403,-4.82,-3.7,-4.22,-4.3,-3.09,-3.69,177.282,311.139,239.306,230.498,0,0,0,0
4484,63,Mujer,7.3,133,26.9,161,0,1,-0.559,92,132,-2.37,36,0,-1.08,1.97,-0.48,-0.209,-0.559,-3.49,-2.37,-2.89,-2.97,-3.21,-3.81,211.739,371.614,285.818,275.298,0,0,0,0
4485,57,Mujer,8.1,157,43.7,130,1,1,-0.404,87,146,-0.05,36,0,-2.39,0.67,0.5,-0.054,-0.404,-1.18,-0.05,-0.58,-0.65,-0.66,-1.26,275.375,483.298,371.717,358.036,0,0,0,0
4486,61,Mujer,8.4,147,45.2,156,1,1,-0.863,66,134,0.3,36,0,-0.47,0.15,-1.24,-0.513,-0.863,-0.82,0.3,-0.22,-0.3,-0.99,-1.59,62.895,110.384,84.899,81.774,0,0,0,0
4487,71,Mujer,8.4,157,46,64,0,0,1.381,255,167,-4.93,36,0,-0.81,0,0.48,1.381,1.031,-4.93,-3.8,-4.33,-4.4,-2.25,-2.85,626.554,1099.637,845.76,814.631,0,0,0,0
4488,57,Hombre,8.3,123,47.7,330,0,0,0.1,365,127,-3.27,36,0,-0.46,0.39,1.28,0.1,-0.25,-3.27,-2.14,-2.67,-2.74,-2.51,-3.11,679.969,1193.383,917.862,884.08,0,0,0,0
4489,45,Mujer,9.2,133,65.2,16,0,0,0.389,24,138,-1.09,36,0,-2.02,-2.28,2.03,0.389,0.039,-1.09,0.03,-0.49,-0.57,0.09,-0.51,645.743,1133.315,871.662,839.58,0,0,0,0
4490,79,Hombre,7.9,146,34.1,134,1,1,-0.083,123,141,-2.97,36,0,0.87,-0.48,-0.55,0.267,-0.083,-4.09,-2.97,-3.49,-3.57,-3.09,-3.69,280.633,492.526,378.815,364.872,0,0,0,0
4491,64,Hombre,9,138,35.9,139,0,1,0.208,171,141,-2.32,36,0,1.29,0.5,-0.16,0.558,0.208,-3.44,-2.32,-2.84,-2.92,-2,-2.6,547.847,961.501,739.516,712.297,0,0,0,0
4492,72,Hombre,10.1,156,31.4,461,1,0,-0.413,305,155,-4.93,36,0,-0.08,0.61,1.2,-0.413,-0.763,-4.93,-3.81,-4.33,-4.41,-4.95,-5.55,181.713,318.917,245.287,236.259,0,0,0,0
4493,60,Hombre,9.3,148,49.6,40,1,0,-0.018,39,148,-2.57,36,0,-0.7,-0.34,-1.04,-0.018,-0.368,-2.57,-1.45,-1.97,-2.05,-2,-2.6,47.227,82.885,63.749,61.403,0,0,0,0
4494,76,Mujer,9.1,160,31.7,324,0,1,-0.391,219,157,-3.1,36,0,0.73,0.37,0.67,-0.041,-0.391,-4.22,-3.1,-3.62,-3.7,-3.68,-4.28,317.359,556.982,428.389,412.622,0,0,0,0
4495,69,Hombre,8.9,149,41.6,1794,1,0,0.28,2374,172,-6.27,36,0,-1.37,0.11,0.37,0.28,-0.07,-6.27,-5.15,-5.67,-5.75,-5.25,-5.85,119.889,210.413,161.834,155.877,0,0,0,0
4496,77,Mujer,7.1,155,56.2,62,0,1,-0.027,60,166,0.18,36,0,-0.9,-1.16,-2.2,0.323,-0.027,-0.94,0.18,-0.34,-0.42,0.14,-0.46,271.169,475.917,366.04,352.568,0,0,0,0
4497,75,Hombre,7.1,161,52.8,137,0,0,-0.368,95,167,-3.37,36,0,1.94,0.55,0.43,-0.368,-0.718,-3.37,-2.25,-2.77,-2.85,-3.32,-3.92,1743.435,3059.824,2353.391,2266.773,0,0,0,0
4498,70,Hombre,8,141,38.3,73,1,1,0.107,81,129,-1.49,36,0,-0.5,1.28,0.87,0.457,0.107,-2.61,-1.49,-2.01,-2.09,-1.33,-1.93,122.804,215.527,165.768,159.667,0,0,0,0
4499,40,Mujer,10.6,131,31.9,678,0,1,-1.229,198,113,-1.79,36,0,-0.35,1.3,0.91,-0.879,-1.229,-2.91,-1.79,-2.31,-2.39,-3.63,-4.23,414.973,728.3,560.155,539.538,0,0,0,0
4500,58,Hombre,8.4,139,59.2,39,0,1,-0.031,38,125,-2.83,36,0,0.16,-0.41,-1.7,0.319,-0.031,-3.96,-2.83,-3.36,-3.43,-2.88,-3.48,1099.492,1929.669,1484.159,1429.534,0,0,0,0
4501,48,Mujer,7.5,132,48.4,68,0,1,-0.751,32,144,-0.1,36,0,-1.05,-1.33,0.07,-0.401,-0.751,-1.23,-0.1,-0.63,-0.7,-1.23,-1.83,1656.762,2907.709,2236.395,2154.083,0,0,0,0
4502,52,Mujer,7.1,119,44.3,30,0,0,-0.211,24,116,-0.28,36,0,-0.82,0.15,0.17,-0.211,-0.561,-0.28,0.85,0.32,0.25,0.01,-0.59,108.125,189.766,145.954,140.582,0,0,0,0
4503,59,Hombre,7.4,160,49.2,71,0,1,-1.044,25,166,1.19,36,0,-1.27,-0.25,0.43,-0.694,-1.044,0.07,1.19,0.67,0.59,-0.37,-0.97,95.606,167.794,129.055,124.305,0,0,0,0
4504,63,Mujer,8.3,104,61.7,267,1,1,-1.157,84,91,-0.48,36,0,-1.51,-0.05,-0.56,-0.807,-1.157,-1.6,-0.48,-1,-1.08,-2.21,-2.81,327.424,574.646,441.976,425.708,0,0,0,0
4505,62,Mujer,6.7,161,48.3,298,0,1,0.1,329,166,-1.31,36,0,1.03,0.6,-1.45,0.45,0.1,-2.44,-1.31,-1.84,-1.91,-1.16,-1.76,40.352,70.819,54.469,52.464,0,0,0,0
4506,79,Mujer,8.2,137,58.9,71,1,0,0.069,76,138,-2.89,36,0,0.85,-0.81,2.07,0.069,-0.281,-2.89,-1.76,-2.29,-2.36,-2.18,-2.78,619.806,1087.793,836.65,805.857,0,0,0,0
4507,65,Mujer,8.4,147,50,62,0,0,-0.204,51,147,-1.26,36,0,-1.75,0,0.14,-0.204,-0.554,-1.26,-0.14,-0.66,-0.74,-0.97,-1.57,384.852,675.436,519.496,500.375,0,0,0,0
4508,79,Mujer,9.5,123,42.8,156,0,1,-0.267,119,118,-1.73,36,0,-0.43,-0.19,0.05,0.083,-0.267,-2.85,-1.73,-2.25,-2.33,-2.13,-2.73,463.536,813.531,625.708,602.679,0,0,0,0
4509,68,Mujer,7.2,151,54.2,129,0,0,0.411,195,160,-1.64,36,0,0,-0.49,-0.41,0.411,0.061,-1.64,-0.51,-1.04,-1.11,-0.42,-1.02,728.558,1278.659,983.45,947.254,0,0,0,0
4510,62,Hombre,5.9,146,32.7,27,0,0,0.57,48,143,-1.44,36,0,0.2,0.27,1.58,0.57,0.22,-1.44,-0.31,-0.84,-0.91,0.02,-0.58,209.882,368.355,283.311,272.884,0,0,0,0
4511,67,Hombre,9.8,140,39.5,113,0,0,0.813,255,129,-4.55,36,0,-0.61,-0.85,-2.04,0.813,0.463,-4.55,-3.43,-3.95,-4.03,-2.73,-3.33,210.24,368.983,283.794,273.349,0,0,0,0
4512,45,Mujer,8.7,123,57,104,1,1,-1.142,33,111,1.06,36,0,1.01,-0.46,0.61,-0.792,-1.142,-0.06,1.06,0.54,0.46,-0.65,-1.25,4221.93,7409.717,5699.009,5489.254,0,0,0,0
4513,78,Hombre,9.6,166,42.9,1448,0,1,-1.109,478,165,-3.65,36,0,1.93,-1.06,0.63,-0.759,-1.109,-4.77,-3.65,-4.17,-4.25,-5.31,-5.91,25.114,44.076,33.9,32.652,1,0,1,1
4514,64,Mujer,9.6,113,52.8,139,0,0,-0.267,106,104,-1.71,36,0,-1.49,0.8,-0.57,-0.267,-0.617,-1.71,-0.59,-1.11,-1.19,-1.51,-2.11,543.448,953.781,733.578,706.578,0,0,0,0
4515,75,Mujer,6.7,173,30,1665,0,1,-0.145,1440,176,-4.72,36,0,0.39,-0.37,0.05,0.205,-0.145,-5.85,-4.72,-5.25,-5.32,-4.94,-5.54,45.391,79.664,61.271,59.016,0,0,0,0
4516,69,Mujer,6.7,141,53,339,0,0,0.176,404,138,-2.56,36,0,-0.72,2.39,0.9,0.176,-0.174,-2.56,-1.44,-1.96,-2.04,-1.7,-2.3,1616.165,2836.458,2181.595,2101.3,0,0,0,0
4517,65,Hombre,7.7,121,43,172,1,1,-0.412,114,119,-0.16,36,0,-2.48,0.03,1.38,-0.062,-0.412,-1.28,-0.16,-0.68,-0.76,-0.78,-1.38,398.748,699.824,538.253,518.443,0,0,0,0
4518,63,Hombre,8.7,123,49.9,61,1,1,-0.613,33,119,0.06,36,0,-0.92,-0.84,-0.84,-0.263,-0.613,-1.07,0.06,-0.47,-0.54,-0.86,-1.46,2519.513,4421.882,3400.986,3275.811,0,0,0,0
4519,75,Hombre,5.5,119,57.3,39,0,1,-0.277,30,110,0.95,36,0,0.99,-0.14,0.58,0.073,-0.277,-0.17,0.95,0.43,0.35,0.54,-0.06,710.884,1247.641,959.593,924.275,0,0,0,0
4520,64,Hombre,7.6,127,52.4,135,0,0,-0.75,64,107,-0.09,36,0,0.06,-0.26,1.25,-0.75,-1.1,-0.09,1.04,0.51,0.44,-0.61,-1.21,1018.281,1787.14,1374.536,1323.946,0,0,0,0
4521,60,Mujer,5.9,120,32.6,209,0,0,-0.168,177,118,-2.23,36,0,1.23,-0.42,-0.92,-0.168,-0.518,-2.23,-1.11,-1.63,-1.71,-1.89,-2.49,2689.148,4719.602,3629.97,3496.367,0,0,0,0
4522,75,Hombre,10.1,141,44.8,74,0,0,0.317,102,148,-3.52,36,0,0.79,0.28,-0.2,0.317,-0.033,-3.52,-2.4,-2.92,-3,-2.44,-3.04,367.691,645.317,496.33,478.063,0,0,0,0
4523,64,Hombre,9.2,153,42.7,189,1,1,0.002,189,142,-2.85,36,0,0.66,-1,-1.45,0.352,0.002,-3.97,-2.85,-3.37,-3.45,-2.84,-3.44,55.125,96.747,74.411,71.672,0,0,0,0
4524,64,Hombre,7.8,135,48.2,91,0,1,0.004,91,127,-1.84,36,0,-1.16,-0.65,-1.37,0.354,0.004,-2.97,-1.84,-2.37,-2.44,-1.84,-2.44,93.02,163.256,125.564,120.943,0,0,0,0
4525,71,Mujer,8.8,135,31.7,136,0,0,-0.476,84,122,-3.56,36,0,0.52,-1.06,0.82,-0.476,-0.826,-3.56,-2.43,-2.96,-3.03,-3.67,-4.27,40.293,70.717,54.39,52.388,0,0,0,0
4526,72,Hombre,6.2,147,41.9,146,0,0,0.89,356,161,-3.45,36,0,2.17,0.23,1.08,0.89,0.54,-3.45,-2.32,-2.85,-2.92,-1.51,-2.11,85.165,149.469,114.961,110.73,0,0,0,0
4527,67,Hombre,6.1,130,42.8,67,0,0,-0.766,31,125,0.42,36,0,0.63,0.37,1.4,-0.766,-1.116,0.42,1.55,1.02,0.95,-0.12,-0.72,2186.836,3838.017,2951.92,2843.273,0,0,0,0
4528,68,Hombre,6.8,123,45.1,70,0,0,0.304,95,120,-0.7,36,0,0.18,-0.2,-0.02,0.304,-0.046,-0.7,0.42,-0.1,-0.18,0.36,-0.24,923.586,1620.944,1246.711,1200.825,0,0,0,0
4529,71,Hombre,7.3,135,46,131,1,0,-0.495,80,127,-0.7,36,0,1.01,0.17,-0.29,-0.495,-0.845,-0.7,0.42,-0.1,-0.18,-0.84,-1.44,342.864,601.746,462.819,445.784,0,0,0,0
4530,70,Mujer,8.8,145,28.1,144,0,1,-0.014,142,124,-3.18,36,0,-0.68,-0.19,-0.57,0.336,-0.014,-4.3,-3.18,-3.7,-3.78,-3.2,-3.8,24.972,43.828,33.709,32.468,1,0,1,1
4531,49,Mujer,7.1,130,41.8,683,1,1,0.375,994,137,-3.85,36,0,-3.48,-0.07,-2.2,0.725,0.375,-4.98,-3.85,-4.38,-4.45,-3.29,-3.89,432.991,759.922,584.476,562.964,0,0,0,0
4532,71,Hombre,7.8,112,37.2,152,0,0,-0.378,104,100,0.43,36,0,-0.94,-0.36,-2.08,-0.378,-0.728,0.43,1.56,1.03,0.96,0.46,-0.14,359.305,630.599,485.011,467.159,0,0,0,0
4533,62,Hombre,7.8,123,61.2,194,0,1,0.079,210,113,-0.74,36,0,-1.46,-0.62,-0.91,0.429,0.079,-1.87,-0.74,-1.27,-1.34,-0.62,-1.22,497.695,873.482,671.818,647.092,0,0,0,0
4534,49,Mujer,7.4,119,40.1,65,0,0,0.922,163,120,-2.92,36,0,1.82,0.42,0.82,0.922,0.572,-2.92,-1.79,-2.32,-2.39,-0.93,-1.53,701.292,1230.805,946.645,911.803,0,0,0,0
4535,49,Hombre,9,110,54.9,328,0,0,-0.083,302,96,-2.22,36,0,0.76,1.89,-0.06,-0.083,-0.433,-2.22,-1.09,-1.62,-1.69,-1.74,-2.34,129.607,227.468,174.951,168.512,0,0,0,0
4536,53,Mujer,7.4,146,66.5,83,0,1,0.148,96,136,-0.6,36,0,0.34,0.04,0.31,0.498,0.148,-1.72,-0.6,-1.12,-1.2,-0.37,-0.97,349.131,612.743,471.277,453.931,0,0,0,0
4537,80,Hombre,6.6,157,20,144,1,0,0.03,148,150,-3.14,36,0,-0.53,0.79,-0.03,0.03,-0.32,-3.14,-2.01,-2.54,-2.61,-2.49,-3.09,127.829,224.346,172.551,166.2,0,0,0,0
4538,72,Mujer,9.5,172,44.8,337,0,1,0.364,485,168,-5.03,36,0,0.12,-1.17,-0.75,0.714,0.364,-6.15,-5.03,-5.55,-5.63,-4.48,-5.08,138.357,242.823,186.762,179.888,0,0,0,0
4539,62,Hombre,8.8,150,49.2,246,0,1,-0.457,156,134,-0.21,36,0,-0.99,-0.97,1.39,-0.107,-0.457,-1.33,-0.21,-0.73,-0.81,-0.89,-1.49,224.714,394.385,303.332,292.168,0,0,0,0
4540,72,Hombre,9.7,129,49.8,60,1,0,-0.444,38,114,-2.71,36,0,-0.2,0.41,-0.25,-0.444,-0.794,-2.71,-1.58,-2.11,-2.18,-2.77,-3.37,2755.408,4835.891,3719.411,3582.516,0,0,0,0
4541,63,Mujer,7.1,143,49.3,66,0,0,0.497,108,138,-3.29,36,0,-0.91,-1.45,-1.48,0.497,0.147,-3.29,-2.17,-2.69,-2.77,-1.94,-2.54,866.769,1521.227,1170.016,1126.953,0,0,0,0
4542,41,Hombre,6.7,119,44.2,165,0,0,0.314,226,127,-0.38,36,0,2.02,1.23,-1.88,0.314,-0.036,-0.38,0.74,0.22,0.14,0.69,0.09,209.317,367.364,282.549,272.15,0,0,0,0
4543,68,Mujer,5.7,122,44.5,32,0,0,-0.119,28,127,-0.97,36,0,-0.68,-1.11,0.02,-0.119,-0.469,-0.97,0.16,-0.37,-0.44,-0.55,-1.15,233.636,410.044,315.376,303.768,0,0,0,0
4544,66,Hombre,10.1,167,57.5,245,0,0,0.744,516,173,-3.46,36,0,1.72,0.88,-1.02,0.744,0.394,-3.46,-2.33,-2.86,-2.93,-1.74,-2.34,123.981,217.593,167.357,161.197,0,0,0,0
4545,70,Hombre,6.6,145,31.8,435,1,0,0.581,778,149,-3.47,36,0,-1.05,1.13,2.21,0.581,0.231,-3.47,-2.34,-2.87,-2.94,-1.99,-2.59,368.661,647.02,497.64,479.324,0,0,0,0
4546,57,Mujer,9.4,138,51.2,378,0,0,0.137,433,138,-3.23,28.63,1,-2.19,-1.11,-0.32,0.137,-0.213,-3.23,-2.1,-2.63,-2.7,-2.42,-3.02,28.634,50.254,38.651,37.229,1,0,0,0
4547,72,Mujer,8.2,133,54.7,135,0,0,-0.753,64,141,-0.21,36,0,0.53,-1.13,-1.43,-0.753,-1.103,-0.21,0.92,0.39,0.32,-0.74,-1.34,2933.251,5148.016,3959.474,3813.744,0,0,0,0
4548,61,Hombre,7.1,136,65,54,1,0,0.3,73,140,-3.01,36,0,0.12,-1.21,-0.86,0.3,-0.05,-3.01,-1.88,-2.41,-2.48,-1.96,-2.56,1172.484,2057.774,1582.688,1524.437,0,0,0,0
4549,58,Hombre,9,126,44.2,305,0,0,-0.499,185,112,-1.51,36,0,1.2,-0.19,-1.24,-0.499,-0.849,-1.51,-0.38,-0.91,-0.98,-1.66,-2.26,1655.766,2905.961,2235.051,2152.789,0,0,0,0
4550,52,Hombre,7.3,142,45,92,0,0,-0.666,47,138,-1.12,36,0,0.74,1.09,-0.69,-0.666,-1.016,-1.12,0.01,-0.52,-0.59,-1.52,-2.12,376.988,661.635,508.881,490.151,0,0,0,0
4551,68,Hombre,5.6,104,28.8,118,0,0,0.034,122,98,-3.08,36,0,0.96,0.91,-0.51,0.034,-0.316,-3.08,-1.96,-2.48,-2.56,-2.43,-3.03,1065.573,1870.138,1438.373,1385.432,0,0,0,0
4552,52,Hombre,7.7,176,55.6,12,0,0,0.449,19,192,-3.53,36,0,0.27,-1.41,1.46,0.449,0.099,-3.53,-2.4,-2.93,-3,-2.26,-2.86,481.055,844.277,649.356,625.456,0,0,0,0
4553,58,Hombre,8.7,139,48.8,542,0,1,-0.317,395,141,-1.58,36,0,-0.1,-0.72,-0.12,0.033,-0.317,-2.7,-1.58,-2.1,-2.18,-2.05,-2.65,301.889,529.832,407.508,392.509,0,0,0,0
4554,84,Mujer,7.6,132,49,35,0,0,0.352,50,145,-1.31,6.18,1,0.93,-0.13,-0.95,0.352,0.002,-1.31,-0.19,-0.71,-0.79,-0.19,-0.79,6.179,10.844,8.341,8.034,1,1,1,1
4555,51,Mujer,7.8,108,61.5,78,1,1,-1.336,21,115,1.62,36,0,-0.01,0.86,0.33,-0.986,-1.336,0.5,1.62,1.1,1.02,-0.38,-0.98,2293.09,4024.499,3095.348,2981.422,0,0,0,0
4556,64,Hombre,8,126,20,199,0,1,-0.535,116,123,-0.45,36,0,-2.34,0.69,1.2,-0.185,-0.535,-1.58,-0.45,-0.98,-1.05,-1.25,-1.85,181.314,318.217,244.749,235.741,0,0,0,0
4557,72,Hombre,7.3,159,35.4,117,0,1,-0.591,65,149,-2.33,16.77,1,0.15,-0.27,0.12,-0.241,-0.591,-3.46,-2.33,-2.86,-2.93,-3.22,-3.82,9.555,16.77,12.898,12.423,1,1,1,1
4558,70,Hombre,11,130,41.5,652,1,1,-0.355,457,124,-3.5,36,0,1.22,0.99,-1.21,-0.005,-0.355,-4.63,-3.5,-4.03,-4.1,-4.03,-4.63,240.438,421.982,324.557,312.612,0,0,0,0
4559,59,Hombre,9.7,130,45.4,99,0,0,0.852,232,123,-3.43,36,0,-1.95,1.17,-0.34,0.852,0.502,-3.43,-2.3,-2.83,-2.9,-1.55,-2.15,138.304,242.731,186.691,179.82,0,0,0,0
4560,66,Mujer,9.5,116,35.9,358,0,0,0.205,440,106,-2.86,9.49,1,-1.22,0.9,0.6,0.205,-0.145,-2.86,-1.73,-2.26,-2.33,-1.95,-2.55,9.493,16.66,12.814,12.342,1,1,1,1
4561,64,Mujer,6.7,142,60.6,14,1,0,-0.325,10,127,-0.4,36,0,0.43,1.08,-0.08,-0.325,-0.675,-0.4,0.72,0.2,0.12,-0.29,-0.89,2936.696,5154.063,3964.126,3818.224,0,0,0,0
4562,62,Mujer,8,158,43.3,232,0,0,0.555,404,159,-3.85,36,0,2.18,-0.15,0.5,0.555,0.205,-3.85,-2.72,-3.25,-3.32,-2.41,-3.01,151.163,265.299,204.048,196.538,0,0,0,0
4563,65,Hombre,8.9,126,62.1,279,0,0,-0.319,203,139,0.71,36,0,-0.6,0.49,-0.68,-0.319,-0.669,0.71,1.83,1.31,1.23,0.83,0.23,698.785,1226.407,943.262,908.544,0,0,0,0
4564,48,Mujer,10.4,167,66.6,42,1,1,0.287,56,158,-2.24,36,0,-0.09,0.45,0.97,0.637,0.287,-3.37,-2.24,-2.77,-2.84,-1.81,-2.41,716.823,1258.064,967.61,931.997,0,0,0,0
4565,83,Hombre,8.3,132,34.5,156,0,0,-0.314,114,128,-2.09,36,0,0.99,0.06,-0.06,-0.314,-0.664,-2.09,-0.97,-1.49,-1.57,-1.96,-2.56,234.772,412.038,316.91,305.246,0,0,0,0
4566,72,Hombre,9.3,135,33,776,1,1,-0.566,440,120,-0.86,1.7,1,-0.11,-1.52,0.45,-0.216,-0.566,-1.98,-0.86,-1.38,-1.46,-1.71,-2.31,0.969,1.7,1.308,1.26,1,1,1,1
4567,74,Mujer,9.2,120,47.7,249,1,0,-0.889,102,128,-1.24,36,0,0.97,1,-1.47,-0.889,-1.239,-1.24,-0.11,-0.64,-0.71,-1.97,-2.57,137.839,241.915,186.063,179.215,0,0,0,0
4568,70,Hombre,8.7,153,42.4,122,0,0,-0.114,109,151,-3.24,36,0,1.48,-0.03,-1.73,-0.114,-0.464,-3.24,-2.11,-2.64,-2.71,-2.81,-3.41,143.675,252.158,193.941,186.803,0,0,0,0
4569,79,Mujer,8,146,42.7,111,1,1,-0.06,105,132,-3.99,36,0,-1.46,0.48,-0.31,0.29,-0.06,-5.12,-3.99,-4.52,-4.59,-4.08,-4.68,91.564,160.699,123.598,119.049,0,0,0,0
4570,60,Hombre,8.4,118,39,115,1,0,-0.092,105,116,-2.39,36,0,0.55,-0.46,0.44,-0.092,-0.442,-2.39,-1.26,-1.79,-1.86,-1.93,-2.53,455.905,800.138,615.408,592.757,0,0,0,0
4571,61,Hombre,8.8,133,53.4,325,0,1,-0.662,168,122,-2.15,36,0,-1.31,1.67,-1.53,-0.312,-0.662,-3.27,-2.15,-2.67,-2.75,-3.14,-3.74,602.487,1057.398,813.273,783.34,0,0,0,0
4572,62,Mujer,7.5,142,57.9,163,0,0,-0.445,104,148,0.12,36,0,0.13,0.36,-2.6,-0.445,-0.795,0.12,1.24,0.72,0.64,0.05,-0.55,515.191,904.189,695.435,669.839,0,0,0,0
4573,75,Mujer,6,141,59.8,33,1,1,0.807,74,117,-1.89,36,0,0.4,2.07,-0.97,1.157,0.807,-3.01,-1.89,-2.41,-2.49,-0.68,-1.28,115.131,202.062,155.411,149.691,0,0,0,0
4574,70,Hombre,7.4,123,54.3,23,0,0,-0.079,21,134,-1.98,36,0,0.04,0.74,0.07,-0.079,-0.429,-1.98,-0.85,-1.38,-1.45,-1.49,-2.09,412.297,723.604,556.543,536.059,0,0,0,0
4575,64,Hombre,7.6,118,49.2,138,0,0,-0.786,63,115,-2.36,36,0,1.73,1.81,0.56,-0.786,-1.136,-2.36,-1.23,-1.76,-1.83,-2.94,-3.54,702.433,1232.808,948.185,913.286,0,0,0,0
4576,67,Hombre,6.6,155,49.3,200,0,0,-0.679,101,154,-2.53,36,0,-1.15,-0.7,-1.07,-0.679,-1.029,-2.53,-1.41,-1.93,-2.01,-2.95,-3.55,867.386,1522.31,1170.849,1127.755,0,0,0,0
4577,74,Mujer,6.1,135,43.6,170,0,1,-0.253,132,127,-1.94,36,0,0.44,-0.72,-0.44,0.097,-0.253,-3.07,-1.94,-2.47,-2.54,-2.32,-2.92,432.287,758.688,583.527,562.05,0,0,0,0
4578,51,Hombre,6.5,127,55.5,166,0,0,0.099,183,116,-1.13,36,0,0.13,0.52,1.4,0.099,-0.251,-1.13,-0.01,-0.53,-0.61,-0.38,-0.98,334.225,586.583,451.156,434.551,0,0,0,0
4579,52,Mujer,7.6,116,42.1,119,0,1,-0.263,91,107,-1.85,36,0,-0.15,1,0.98,0.087,-0.263,-2.97,-1.85,-2.37,-2.45,-2.24,-2.84,166.792,292.729,225.145,216.859,0,0,0,0
4580,52,Hombre,5.6,126,52.2,223,0,1,-0.6,122,123,-0.42,36,0,0.45,1.19,-1.41,-0.25,-0.6,-1.55,-0.42,-0.95,-1.02,-1.32,-1.92,1748.187,3068.164,2359.806,2272.952,0,0,0,0
4581,75,Hombre,8.2,114,31.3,51,0,0,0.856,120,107,-3.6,25.77,1,2.09,2.23,-0.39,0.856,0.506,-3.6,-2.47,-3,-3.07,-1.72,-2.32,25.774,45.234,34.791,33.51,1,0,1,1
4582,87,Mujer,7.7,148,42.2,224,1,1,0.286,298,131,-2.97,36,0,-0.12,0.36,-0.04,0.636,0.286,-4.09,-2.97,-3.49,-3.57,-2.54,-3.14,100.778,176.871,136.036,131.029,0,0,0,0
4583,62,Mujer,9.5,142,45.6,256,0,1,-0.239,202,139,-3.47,36,0,-0.37,-0.04,0.8,0.111,-0.239,-4.59,-3.47,-3.99,-4.07,-3.83,-4.43,154.168,270.573,208.105,200.446,0,0,0,0
4584,56,Mujer,6.3,135,52.1,20,0,0,0.442,31,116,-0.44,36,0,-0.84,-1.2,-0.27,0.442,0.092,-0.44,0.69,0.16,0.09,0.82,0.22,3703.37,6499.617,4999.027,4815.035,0,0,0,0
4585,72,Hombre,7.7,161,36.9,48,0,0,-0.122,43,160,-2.99,36,0,-1.03,-0.35,1.78,-0.122,-0.472,-2.99,-1.86,-2.39,-2.46,-2.57,-3.17,3064.083,5377.634,4136.08,3983.849,0,0,0,0
4586,49,Mujer,8.2,119,66.9,174,0,1,-0.759,81,107,0.41,36,0,0.72,-0.27,-0.95,-0.409,-0.759,-0.71,0.41,-0.11,-0.19,-0.72,-1.32,2901.801,5092.82,3917.022,3772.854,0,0,0,0
4587,58,Hombre,8.7,129,36.9,64,1,1,0.035,66,130,-3.83,36,0,-0.75,0,-1.79,0.385,0.035,-4.96,-3.83,-4.36,-4.43,-3.78,-4.38,454.538,797.738,613.562,590.979,0,0,0,0
4588,81,Hombre,9,142,56.4,251,0,1,0.456,396,150,-2.99,36,0,-0.05,-0.37,-1.6,0.806,0.456,-4.12,-2.99,-3.52,-3.59,-2.31,-2.91,40.071,70.327,54.09,52.099,0,0,0,0
4589,55,Mujer,8.8,150,58.7,21,0,1,0.147,24,149,-2.09,36,0,1.1,0.23,1.14,0.497,0.147,-3.22,-2.09,-2.62,-2.69,-1.87,-2.47,2269.269,3982.691,3063.192,2950.45,0,0,0,0
4590,59,Mujer,6.5,137,54.4,38,1,0,-0.119,34,138,-1.81,36,0,0.91,-3.1,-0.36,-0.119,-0.469,-1.81,-0.68,-1.21,-1.28,-1.39,-1.99,1363.152,2392.406,1840.063,1772.338,0,0,0,0
4591,49,Hombre,8.7,115,49.8,943,0,1,-1.407,231,119,2.56,36,0,-1.06,1.74,-0.21,-1.057,-1.407,1.44,2.56,2.04,1.96,0.45,-0.15,40.467,71.021,54.624,52.614,0,0,0,0
4592,68,Mujer,6.9,158,44.1,108,0,0,-0.044,103,164,-1.82,36,0,0.14,-1.12,-0.77,-0.044,-0.394,-1.82,-0.69,-1.22,-1.29,-1.28,-1.88,352.188,618.11,475.405,457.907,0,0,0,0
4593,56,Hombre,9.1,113,47.5,171,1,1,-1.349,44,108,-0.19,36,0,0.04,-0.48,0.91,-0.999,-1.349,-1.32,-0.19,-0.72,-0.79,-2.22,-2.82,1040.096,1825.426,1403.983,1352.309,0,0,0,0
4594,65,Mujer,8.8,149,51.3,182,0,0,-0.06,171,153,-2.76,20.45,1,-0.27,0.61,-0.38,-0.06,-0.41,-2.76,-1.64,-2.16,-2.24,-2.25,-2.85,20.455,35.899,27.611,26.595,1,1,1,1
4595,76,Hombre,8,155,51,148,0,1,-0.463,93,159,-1.28,36,0,1.05,0.65,1.39,-0.113,-0.463,-2.4,-1.28,-1.8,-1.88,-1.97,-2.57,134.383,235.85,181.398,174.722,0,0,0,0
4596,82,Hombre,7.3,158,34.1,278,1,1,-0.299,206,171,-1.99,36,0,-0.6,0.08,1.15,0.051,-0.299,-3.12,-1.99,-2.52,-2.59,-2.44,-3.04,706.796,1240.465,954.074,918.959,0,0,0,0
4597,73,Hombre,6.6,149,54.8,569,0,1,0.179,681,154,-1.75,36,0,0.21,0.54,0.4,0.529,0.179,-2.87,-1.75,-2.27,-2.35,-1.48,-2.08,251.765,441.862,339.847,327.339,0,0,0,0
4598,66,Hombre,8.1,129,43.4,48,1,0,-0.042,46,129,-3.56,36,0,0.13,-0.88,0.13,-0.042,-0.392,-3.56,-2.44,-2.96,-3.04,-3.03,-3.63,1373.934,2411.329,1854.617,1786.356,0,0,0,0
4599,68,Hombre,10.6,141,54.7,725,0,1,-0.072,675,130,-3.45,36,0,0.64,-0.18,1.19,0.278,-0.072,-4.58,-3.45,-3.98,-4.05,-3.56,-4.16,450.39,790.46,607.963,585.587,0,0,0,0
4600,57,Mujer,8.7,111,42.6,235,0,0,0.604,430,94,-1.49,36,0,0.27,0.49,-0.2,0.604,0.254,-1.49,-0.37,-0.89,-0.97,0.01,-0.59,748.218,1313.163,1009.988,972.815,0,0,0,0
4601,46,Mujer,7.9,141,44.2,171,0,1,-0.256,132,120,-1.8,36,0,-0.18,-0.63,0.33,0.094,-0.256,-2.93,-1.8,-2.33,-2.4,-2.19,-2.79,2446.305,4293.398,3302.166,3180.628,0,0,0,0
4602,49,Hombre,5.8,110,54.2,72,0,0,-0.124,64,121,-0.36,36,0,-0.42,-1.16,0.72,-0.124,-0.474,-0.36,0.76,0.24,0.16,0.05,-0.55,2855.521,5011.596,3854.551,3712.682,0,0,0,0
4603,61,Mujer,7.8,122,32.7,337,0,0,-0.046,322,126,-3.46,36,0,0.44,0.13,-0.87,-0.046,-0.396,-3.46,-2.34,-2.86,-2.94,-2.93,-3.53,642.848,1128.233,867.754,835.816,0,0,0,0
4604,66,Mujer,6.7,145,50.5,126,0,0,0.203,154,135,-3.18,36,0,-0.53,1.38,0.67,0.203,-0.147,-3.18,-2.05,-2.58,-2.65,-2.27,-2.87,2402.544,4216.595,3243.095,3123.731,0,0,0,0
4605,57,Hombre,7.6,112,44.4,198,0,1,-0.41,131,111,-0.28,36,0,-0.55,-0.57,0.51,-0.06,-0.41,-1.41,-0.28,-0.81,-0.88,-0.9,-1.5,380.389,667.603,513.471,494.573,0,0,0,0
4606,72,Hombre,7.8,140,42,50,1,0,-0.141,43,146,-3.19,36,0,-0.37,-0.14,-0.96,-0.141,-0.491,-3.19,-2.06,-2.59,-2.66,-2.8,-3.4,244.115,428.435,329.52,317.392,0,0,0,0
4607,72,Mujer,8.6,110,23.2,357,0,0,0.292,478,121,-2.84,20.52,1,-1.82,0.29,0.91,0.292,-0.058,-2.84,-1.72,-2.24,-2.32,-1.8,-2.4,20.516,36.007,27.694,26.675,1,0,1,1
4608,64,Hombre,5.5,132,42.2,94,0,1,-0.048,90,125,0.02,36,0,-2.57,-0.77,-0.71,0.302,-0.048,-1.11,0.02,-0.51,-0.58,-0.05,-0.65,542.801,952.646,732.705,705.738,0,0,0,0
4609,74,Mujer,9.4,142,44.5,201,1,1,-0.431,131,139,-2.59,36,0,1.07,-0.64,-0.06,-0.081,-0.431,-3.72,-2.59,-3.12,-3.19,-3.24,-3.84,356.979,626.518,481.872,464.136,0,0,0,0
4610,70,Mujer,8,127,47.7,62,0,0,-0.238,49,125,-1.41,36,0,-0.58,1.31,-0.36,-0.238,-0.588,-1.41,-0.28,-0.81,-0.88,-1.16,-1.76,1024.419,1797.911,1382.821,1331.925,0,0,0,0
4611,77,Hombre,7.8,168,38.8,258,0,0,0.752,547,172,-4.95,36,0,0.99,-0.17,-1.31,0.752,0.402,-4.95,-3.83,-4.35,-4.43,-3.22,-3.82,485.798,852.602,655.758,631.623,0,0,0,0
4612,84,Mujer,8.2,144,39.4,201,0,1,-0.437,130,145,-2.02,36,0,-0.77,0.76,-1.27,-0.087,-0.437,-3.14,-2.02,-2.54,-2.62,-2.67,-3.27,171.249,300.552,231.162,222.654,0,0,0,0
4613,53,Hombre,5.5,142,49.1,64,1,1,-0.257,49,131,-1.55,36,0,1.52,0.95,-0.25,0.093,-0.257,-2.67,-1.55,-2.07,-2.15,-1.94,-2.54,1298.26,2278.517,1752.468,1687.967,0,0,0,0
4614,71,Hombre,7.6,148,41.3,311,1,0,-0.272,237,145,-1.01,36,0,0.18,-0.1,1.7,-0.272,-0.622,-1.01,0.12,-0.41,-0.48,-0.82,-1.42,799.503,1403.171,1079.216,1039.494,0,0,0,0
4615,60,Hombre,7.2,136,46.4,119,0,0,-0.298,88,139,-1.62,36,0,0.49,-0.01,-1.65,-0.298,-0.648,-1.62,-0.49,-1.02,-1.09,-1.47,-2.07,752.728,1321.078,1016.076,978.679,0,0,0,0
4616,69,Mujer,7.3,122,59,55,1,1,-0.256,43,110,-1.22,36,0,0.71,1.91,0.01,0.094,-0.256,-2.34,-1.22,-1.74,-1.82,-1.6,-2.2,47.791,83.876,64.511,62.137,0,0,0,0
4617,63,Mujer,8.8,126,55.4,17,1,0,-0.219,14,134,-0.79,36,0,0.01,-1.01,-0.02,-0.219,-0.569,-0.79,0.34,-0.19,-0.26,-0.52,-1.12,766.843,1345.852,1035.13,997.032,0,0,0,0
4618,48,Mujer,8,125,55.2,67,1,0,0.231,84,119,-2.01,36,0,1.42,0.05,1.42,0.231,-0.119,-2.01,-0.88,-1.41,-1.48,-1.06,-1.66,168.075,294.98,226.877,218.527,0,0,0,0
4619,57,Mujer,5.8,129,20,26,0,0,0.769,56,125,-4.25,36,0,0.34,-1.23,0.07,0.769,0.419,-4.25,-3.12,-3.65,-3.72,-2.49,-3.09,47.65,83.628,64.321,61.953,0,0,0,0
4620,50,Hombre,6.6,95,42.9,92,0,1,-0.802,41,85,2.51,36,0,0.02,0.06,0.19,-0.452,-0.802,1.39,2.51,1.99,1.91,1.31,0.71,81.691,143.372,110.271,106.213,0,0,0,0
4621,52,Mujer,9.1,119,57.2,83,0,0,0.296,112,131,-1.63,36,0,-1.87,0.42,0.05,0.296,-0.054,-1.63,-0.51,-1.03,-1.11,-0.59,-1.19,489.77,859.574,661.121,636.788,0,0,0,0
4622,42,Hombre,7.5,131,30.3,91,1,0,-0.778,42,117,-1.26,36,0,-1.77,-1.18,1.46,-0.778,-1.128,-1.26,-0.13,-0.66,-0.73,-1.83,-2.43,897.255,1574.731,1211.167,1166.59,0,0,0,0
4623,63,Hombre,7.1,127,32.6,129,0,0,-0.341,92,135,-1.32,36,0,-1.81,1.39,-1.26,-0.341,-0.691,-1.32,-0.2,-0.72,-0.8,-1.23,-1.83,249.85,438.501,337.262,324.849,0,0,0,0
4624,50,Hombre,7.6,162,64.8,170,0,1,-0.812,75,158,-1.54,36,0,0.48,-1.1,-1.34,-0.462,-0.812,-2.66,-1.54,-2.06,-2.14,-2.75,-3.35,373.436,655.401,504.086,485.533,0,0,0,0
4625,61,Mujer,7.1,136,49.5,76,0,1,-0.097,69,139,-0.95,36,0,0.05,-1.14,1.48,0.253,-0.097,-2.08,-0.95,-1.48,-1.55,-1.1,-1.7,353.418,620.268,477.064,459.506,0,0,0,0
4626,64,Hombre,7.3,140,45.9,293,0,0,0.371,425,137,-2.75,36,0,0.83,-1.16,2.19,0.371,0.021,-2.75,-1.63,-2.15,-2.23,-1.6,-2.2,261.587,459.1,353.106,340.11,0,0,0,0
4627,62,Mujer,8.7,150,44.6,22,0,0,0.274,29,156,-2.82,11.58,1,0.05,0.16,-0.66,0.274,-0.076,-2.82,-1.69,-2.22,-2.29,-1.8,-2.4,11.582,20.326,15.634,15.058,1,1,1,1
4628,57,Hombre,8.2,143,57.9,108,0,1,-0.346,76,126,-1.18,36,0,0.62,-0.48,-0.34,0.004,-0.346,-2.31,-1.18,-1.71,-1.78,-1.7,-2.3,2284.113,4008.743,3083.23,2969.75,0,0,0,0
4629,61,Mujer,7.6,128,51.8,46,0,0,-0.547,27,133,-0.67,36,0,0.14,-0.58,1.43,-0.547,-0.897,-0.67,0.45,-0.07,-0.15,-0.89,-1.49,1954.959,3431.059,2638.918,2541.791,0,0,0,0
4630,57,Hombre,7.6,141,49.4,122,0,1,-0.166,103,132,-1.3,36,0,-0.7,-0.39,0.51,0.184,-0.166,-2.42,-1.3,-1.82,-1.9,-1.55,-2.15,992.795,1742.409,1340.133,1290.809,0,0,0,0
4631,67,Mujer,6.7,149,44.1,60,1,0,-0.087,55,150,-2.85,36,0,1.05,-0.29,-0.45,-0.087,-0.437,-2.85,-1.72,-2.25,-2.32,-2.38,-2.98,126.641,222.262,170.948,164.656,0,0,0,0
4632,49,Hombre,7.2,130,61.7,242,1,1,-0.617,131,117,-1.91,36,0,-0.99,1.08,0.26,-0.267,-0.617,-3.04,-1.91,-2.44,-2.51,-2.84,-3.44,99.83,175.207,134.757,129.797,0,0,0,0
4633,77,Hombre,9.3,143,35.1,1090,1,1,-0.422,715,135,-2.99,6.15,1,0.08,-1.08,1.4,-0.072,-0.422,-4.12,-2.99,-3.52,-3.59,-3.62,-4.22,3.504,6.15,4.73,4.556,1,1,1,1
4634,51,Mujer,8,144,36.8,515,0,0,0.267,673,148,-3.73,9.69,1,-1.52,0.53,2.4,0.267,-0.083,-3.73,-2.61,-3.13,-3.21,-2.73,-3.33,9.69,17.006,13.08,12.598,1,1,1,1
4635,58,Hombre,6.2,130,35.3,87,0,0,0.562,153,138,-1.82,32.47,1,0.89,0.66,-0.65,0.562,0.212,-1.82,-0.69,-1.22,-1.29,-0.38,-0.98,32.471,56.988,43.831,42.218,1,0,0,0
4636,64,Mujer,9,114,36.8,82,0,1,0.401,122,102,-1.44,29.62,1,0.23,-0.71,-2.17,0.751,0.401,-2.57,-1.44,-1.97,-2.04,-0.84,-1.44,16.874,29.615,22.778,21.939,1,1,1,1
4637,52,Hombre,9.3,117,37.4,70,1,1,-0.06,66,112,0.16,36,0,-0.04,0.6,0.27,0.29,-0.06,-0.97,0.16,-0.37,-0.44,0.07,-0.53,197.219,346.13,266.218,256.419,0,0,0,0
4638,61,Hombre,8.1,122,41.4,120,1,0,0.105,133,121,-4.84,36,0,-0.81,-0.45,-0.35,0.105,-0.245,-4.84,-3.72,-4.24,-4.32,-4.09,-4.69,102.867,180.538,138.857,133.746,0,0,0,0
4639,79,Mujer,7.8,132,51.8,50,0,0,0.343,70,136,-3.23,36,0,1.37,-0.6,0.04,0.343,-0.007,-3.23,-2.1,-2.63,-2.7,-2.11,-2.71,298.293,523.521,402.654,387.834,0,0,0,0
4640,64,Mujer,7.3,110,56.5,51,0,0,0.121,58,112,-1.48,36,0,0.54,-0.52,1.65,0.121,-0.229,-1.48,-0.35,-0.88,-0.95,-0.69,-1.29,235.808,413.856,318.307,306.592,0,0,0,0
4641,67,Mujer,8,126,36.4,628,0,0,-0.584,350,111,-2.67,36,0,0.08,-1.1,-0.36,-0.584,-0.934,-2.67,-1.55,-2.07,-2.15,-2.95,-3.55,834.729,1464.995,1126.766,1085.295,0,0,0,0
4642,74,Mujer,7.2,136,41.4,312,1,0,0.746,658,151,-5.63,19.09,1,0.2,-1.82,0.78,0.746,0.396,-5.63,-4.51,-5.03,-5.11,-3.91,-4.51,19.092,33.507,25.771,24.823,1,1,1,1
4643,69,Hombre,8.4,137,45.5,103,0,1,-0.468,65,135,-0.25,36,0,-0.8,-0.31,-0.1,-0.118,-0.468,-1.38,-0.25,-0.78,-0.85,-0.96,-1.56,2111.885,3706.474,2850.747,2745.824,0,0,0,0
4644,65,Hombre,8.6,137,39.8,688,0,0,-0.644,361,140,-0.89,36,0,0.39,1.19,0.51,-0.644,-0.994,-0.89,0.23,-0.29,-0.37,-1.26,-1.86,572.775,1005.251,773.165,744.708,0,0,0,0
4645,69,Mujer,7.7,115,45.7,37,0,0,-0.284,28,132,-0.56,36,0,0.52,0.81,2.13,-0.284,-0.634,-0.56,0.57,0.04,-0.03,-0.38,-0.98,136.997,240.437,184.927,178.12,0,0,0,0
4646,63,Hombre,7.8,150,54.8,115,0,0,0.455,181,151,-2.94,36,0,0.05,2.96,0.93,0.455,0.105,-2.94,-1.82,-2.34,-2.42,-1.66,-2.26,2372.134,4163.224,3202.045,3084.192,0,0,0,0
4647,71,Hombre,6.1,131,38.5,44,0,0,0.041,46,131,-2.99,36,0,2.5,0.19,1.33,0.041,-0.309,-2.99,-1.87,-2.39,-2.47,-2.33,-2.93,1063.351,1866.239,1435.374,1382.544,0,0,0,0
4648,58,Hombre,8.8,139,57.3,358,0,1,-1.145,114,117,1.04,36,0,-0.69,0.72,0.55,-0.795,-1.145,-0.09,1.04,0.51,0.44,-0.68,-1.28,427.552,750.377,577.135,555.893,0,0,0,0
4649,58,Mujer,6.7,130,38.5,604,1,1,0.477,973,121,-3.95,36,0,1.12,-0.08,-0.2,0.827,0.477,-5.08,-3.95,-4.48,-4.55,-3.24,-3.84,35.266,61.893,47.604,45.852,1,0,0,0
4650,76,Hombre,8.4,114,52.6,158,0,0,0.352,225,120,-2.44,36,0,0.03,-1.3,-0.01,0.352,0.002,-2.44,-1.31,-1.84,-1.91,-1.31,-1.91,452.305,793.821,610.549,588.077,0,0,0,0
4651,90,Hombre,7.4,121,25.9,253,0,0,0.502,418,125,-3.65,36,0,1.75,-0.65,-0.58,0.502,0.152,-3.65,-2.53,-3.05,-3.13,-2.3,-2.9,553.505,971.431,747.153,719.654,0,0,0,0
4652,66,Hombre,7.4,136,40.2,478,0,0,0.168,565,138,-1.6,36,0,-0.58,1.12,-1.59,0.168,-0.182,-1.6,-0.47,-1,-1.07,-0.75,-1.35,492.993,865.23,665.471,640.978,0,0,0,0
4653,72,Hombre,9,153,39.1,400,0,0,0.465,637,144,-5.08,36,0,0.94,-0.41,2.84,0.465,0.115,-5.08,-3.95,-4.48,-4.55,-3.78,-4.38,287.36,504.332,387.895,373.618,0,0,0,0
4654,63,Hombre,8.3,125,50.6,139,1,1,0.459,220,118,-1.19,36,0,-0.85,1.36,1.16,0.809,0.459,-2.32,-1.19,-1.72,-1.79,-0.51,-1.11,775.632,1361.276,1046.993,1008.458,0,0,0,0
4655,46,Hombre,7.5,139,57.1,46,0,0,0.222,57,141,-1.51,36,0,-0.76,0.38,-0.49,0.222,-0.128,-1.51,-0.39,-0.91,-0.99,-0.58,-1.18,168.476,295.684,227.418,219.048,0,0,0,0
4656,53,Hombre,8.8,152,57.2,145,0,1,-0.008,144,138,-1.72,8.59,1,-2.18,-0.84,1.16,0.342,-0.008,-2.84,-1.72,-2.24,-2.32,-1.73,-2.33,4.894,8.589,6.606,6.363,1,1,1,1
4657,71,Hombre,6.6,169,31.4,266,0,0,0.169,315,169,-3.14,36,0,0.96,0.17,0.07,0.169,-0.181,-3.14,-2.02,-2.54,-2.62,-2.29,-2.89,78.118,137.102,105.449,101.567,0,0,0,0
4658,60,Hombre,7.8,153,40,252,0,1,0.126,286,154,-3.69,36,0,1.38,1.67,-0.22,0.476,0.126,-4.81,-3.69,-4.21,-4.29,-3.5,-4.1,493.928,866.871,666.733,642.194,0,0,0,0
4659,70,Hombre,6.9,125,42.9,352,0,0,-0.348,248,112,-2.44,36,0,-0.07,-1.17,1.27,-0.348,-0.698,-2.44,-1.32,-1.84,-1.92,-2.36,-2.96,754.156,1323.586,1018.005,980.536,0,0,0,0
4660,56,Hombre,9.1,124,48.4,132,0,1,-0.319,96,114,-1.96,36,0,-0.32,1.18,-2.08,0.031,-0.319,-3.08,-1.96,-2.48,-2.56,-2.44,-3.04,1132.03,1986.775,1528.081,1471.839,0,0,0,0
4661,81,Mujer,5.7,125,40.1,112,0,0,0.33,156,136,-3.3,36,0,1.14,1.99,-0.18,0.33,-0.02,-3.3,-2.17,-2.7,-2.77,-2.2,-2.8,165.067,289.701,222.817,214.616,0,0,0,0
4662,73,Hombre,6.6,140,51.7,178,0,0,0.368,257,133,-2.89,36,0,-0.01,0.09,-0.35,0.368,0.018,-2.89,-1.76,-2.29,-2.36,-1.74,-2.34,578.414,1015.148,780.777,752.04,0,0,0,0
4663,66,Mujer,8.7,137,38.2,625,1,0,-0.082,576,131,-4.06,36,0,-0.86,-1.45,-0.16,-0.082,-0.432,-4.06,-2.94,-3.46,-3.54,-3.59,-4.19,53.682,94.214,72.463,69.796,0,0,0,0
4664,48,Hombre,8.3,115,42.1,172,0,1,-0.091,157,126,-1.76,36,0,0.44,0.88,-0.24,0.259,-0.091,-2.89,-1.76,-2.29,-2.36,-1.9,-2.5,1759.687,3088.346,2375.328,2287.903,0,0,0,0
4665,52,Mujer,9.7,140,57.8,621,1,1,0.002,622,142,-2.07,36,0,-1.23,-0.69,2.18,0.352,0.002,-3.2,-2.07,-2.6,-2.67,-2.07,-2.67,360.73,633.101,486.935,469.013,0,0,0,0
4666,75,Hombre,8.5,133,45.7,21,0,0,0.279,28,134,-4.62,36,0,2.6,0.38,1.82,0.279,-0.071,-4.62,-3.5,-4.02,-4.1,-3.61,-4.21,63.681,111.763,85.96,82.796,0,0,0,0
4667,65,Mujer,8.1,124,47.5,77,0,1,-0.334,55,110,-1.17,36,0,1.6,-0.55,-1.59,0.016,-0.334,-2.3,-1.17,-1.7,-1.77,-1.68,-2.28,664.015,1165.383,896.327,863.337,0,0,0,0
4668,61,Hombre,7.7,142,61,98,0,1,-0.751,46,140,-0.56,36,0,0.22,-1.03,-0.6,-0.401,-0.751,-1.68,-0.56,-1.08,-1.16,-1.69,-2.29,838.205,1471.096,1131.459,1089.815,0,0,0,0
4669,59,Hombre,7.7,137,40.1,21,0,0,0.657,40,143,-3.77,36,0,-2.09,0.6,1.73,0.657,0.307,-3.77,-2.64,-3.17,-3.24,-2.18,-2.78,598.597,1050.571,808.022,778.282,0,0,0,0
4670,59,Mujer,8.6,141,55.2,75,0,1,0.758,160,154,-1.26,36,0,-1.11,-0.14,1.55,1.108,0.758,-2.39,-1.26,-1.79,-1.86,-0.12,-0.72,453.73,796.321,612.472,589.929,0,0,0,0
4671,50,Mujer,8.9,111,51.8,38,0,1,-0.913,15,90,0.89,36,0,-0.34,1.04,-0.74,-0.563,-0.913,-0.23,0.89,0.37,0.29,-0.48,-1.08,2140.385,3756.493,2889.218,2782.879,0,0,0,0
4672,65,Mujer,7.4,109,39.5,42,0,0,-0.174,35,112,-1.6,36,0,-0.6,-1.3,-0.6,-0.174,-0.524,-1.6,-0.47,-1,-1.07,-1.26,-1.86,3159.271,5544.692,4264.569,4107.609,0,0,0,0
4673,50,Mujer,9,139,53.3,933,1,0,-0.444,598,137,-1.01,7.28,1,0.23,0.28,-0.63,-0.444,-0.794,-1.01,0.11,-0.41,-0.49,-1.08,-1.68,7.282,12.78,9.83,9.468,1,1,1,1
4674,67,Hombre,9,147,58.4,632,0,1,0.132,721,138,-3.77,36,0,0.87,1.52,0.72,0.482,0.132,-4.9,-3.77,-4.3,-4.37,-3.58,-4.18,189.034,331.766,255.17,245.778,0,0,0,0
4675,64,Mujer,9.1,125,63.8,420,0,1,-0.679,213,122,-1.14,36,0,1.02,-0.28,0.68,-0.329,-0.679,-2.27,-1.14,-1.67,-1.74,-2.16,-2.76,1218.849,2139.146,1645.274,1584.719,0,0,0,0
4676,74,Hombre,7.6,133,32.8,69,0,0,-0.341,49,129,-0.23,36,0,1.44,-0.91,-0.78,-0.341,-0.691,-0.23,0.89,0.37,0.29,-0.14,-0.74,1685.634,2958.381,2275.369,2191.622,0,0,0,0
4677,68,Hombre,6.9,145,46.5,907,1,0,0.572,1607,158,-4.09,36,0,0.1,0.55,0.67,0.572,0.222,-4.09,-2.96,-3.49,-3.56,-2.63,-3.23,351.179,616.339,474.043,456.595,0,0,0,0
4678,51,Hombre,8.4,126,46.3,66,1,0,0.443,103,130,-5.28,36,0,-0.04,0.98,-0.5,0.443,0.093,-5.28,-4.16,-4.68,-4.76,-4.02,-4.62,186.648,327.577,251.948,242.675,0,0,0,0
4679,71,Mujer,9.9,145,33.1,391,0,1,0.521,659,156,-2.74,36,0,-0.56,1.51,-2.23,0.871,0.521,-3.86,-2.74,-3.26,-3.34,-1.95,-2.55,65.213,114.452,88.028,84.788,0,0,0,0
4680,53,Mujer,8.7,138,58.7,7,0,0,0.341,10,137,-1.94,36,0,-0.36,-0.91,0.21,0.341,-0.009,-1.94,-0.81,-1.34,-1.41,-0.83,-1.43,3443.121,6042.866,4647.727,4476.665,0,0,0,0
4681,61,Hombre,8.7,152,34.6,114,1,0,-0.121,101,155,-2.81,36,0,-0.71,-1.58,0.22,-0.121,-0.471,-2.81,-1.68,-2.21,-2.28,-2.39,-2.99,92.853,162.963,125.339,120.726,0,0,0,0
4682,55,Hombre,7.8,148,52.5,66,1,1,0.169,78,145,-1.45,36,0,-0.75,0.13,-0.34,0.519,0.169,-2.58,-1.45,-1.98,-2.05,-1.2,-1.8,539.557,946.953,728.326,701.52,0,0,0,0
4683,65,Mujer,7.5,129,29.2,58,0,0,-0.418,38,136,-2.12,36,0,0.66,0.29,-0.13,-0.418,-0.768,-2.12,-0.99,-1.52,-1.59,-2.14,-2.74,145.25,254.921,196.067,188.85,0,0,0,0
4684,66,Hombre,7.6,125,51.9,20,0,0,0.43,31,128,-2.59,36,0,-0.21,0.94,0.39,0.43,0.08,-2.59,-1.47,-1.99,-2.07,-1.35,-1.95,364.347,639.449,491.817,473.715,0,0,0,0
4685,66,Hombre,8.3,139,24.7,43,1,0,0.594,78,133,-4.71,36,0,0.06,-1.68,0.15,0.594,0.244,-4.71,-3.59,-4.11,-4.19,-3.22,-3.82,270.508,474.756,365.148,351.708,0,0,0,0
4686,57,Hombre,9.7,107,46.6,75,0,0,-0.578,42,107,0.25,36,0,-0.35,-0.56,-0.75,-0.578,-0.928,0.25,1.37,0.85,0.77,-0.02,-0.62,415.782,729.721,561.248,540.591,0,0,0,0
4687,65,Mujer,10.5,117,38.7,202,0,1,-0.048,193,114,-2.22,36,0,-0.72,0.61,-0.88,0.302,-0.048,-3.34,-2.22,-2.74,-2.82,-2.29,-2.89,180.221,316.298,243.273,234.319,0,0,0,0
4688,74,Hombre,7.9,132,39.7,300,0,1,-0.655,156,121,-4.92,36,0,-0.52,1.89,-0.35,-0.305,-0.655,-6.05,-4.92,-5.45,-5.52,-5.91,-6.51,195.191,342.571,263.48,253.783,0,0,0,0
4689,68,Hombre,8.6,173,44.7,144,0,1,-0.756,68,164,-2.06,36,0,0.1,-1.97,0.85,-0.406,-0.756,-3.18,-2.06,-2.58,-2.66,-3.19,-3.79,123.964,217.563,167.334,161.175,0,0,0,0
4690,65,Mujer,8.6,124,59.7,65,0,1,-0.526,38,119,-0.68,36,0,0.69,-0.41,-0.47,-0.176,-0.526,-1.81,-0.68,-1.21,-1.28,-1.47,-2.07,141.299,247.987,190.734,183.714,0,0,0,0
4691,82,Mujer,8.3,129,43.4,22,0,0,0.92,55,114,-3.48,36,0,0.36,0.83,0.16,0.92,0.57,-3.48,-2.36,-2.88,-2.96,-1.5,-2.1,703.905,1235.392,950.173,915.201,0,0,0,0
4692,78,Hombre,7.9,139,43.2,533,0,1,-0.375,366,136,-2.97,36,0,-1.22,-0.5,-0.31,-0.025,-0.375,-4.09,-2.97,-3.49,-3.57,-3.53,-4.13,24.386,42.799,32.918,31.706,1,0,1,1
4693,69,Hombre,8.8,126,32.2,244,0,0,-0.299,181,116,-3.93,36,0,0.44,0.63,-1.21,-0.299,-0.649,-3.93,-2.8,-3.33,-3.4,-3.78,-4.38,2396.806,4206.525,3235.349,3116.27,0,0,0,0
4694,55,Hombre,9.5,153,41.1,467,0,0,0.352,664,159,-4.65,36,0,-1.42,1.45,-0.55,0.352,0.002,-4.65,-3.52,-4.05,-4.12,-3.52,-4.12,1039.351,1824.119,1402.978,1351.34,0,0,0,0
4695,54,Hombre,9.6,117,61.9,68,0,1,0.326,94,102,-2.68,36,0,-1.62,1.46,-0.81,0.676,0.326,-3.81,-2.68,-3.21,-3.28,-2.19,-2.79,200.726,352.286,270.952,260.98,0,0,0,0
4696,83,Mujer,6.3,157,38.4,307,0,0,0.684,608,141,-3.64,36,0,1.44,-0.4,-1.08,0.684,0.334,-3.64,-2.51,-3.04,-3.11,-2.01,-2.61,151.16,265.294,204.045,196.535,0,0,0,0
4697,50,Hombre,5.5,134,66.8,157,0,1,-0.202,128,123,0.48,36,0,0.46,-0.35,-1.68,0.148,-0.202,-0.65,0.48,-0.05,-0.12,0.18,-0.42,306.036,537.111,413.106,397.901,0,0,0,0
4698,71,Hombre,8,121,35.1,16,0,0,-0.199,13,128,-2.31,36,0,0.79,-1.13,-0.97,-0.199,-0.549,-2.31,-1.19,-1.71,-1.79,-2.01,-2.61,95.054,166.825,128.31,123.587,0,0,0,0
4699,90,Mujer,7.6,182,50.7,151,0,0,1.464,653,184,-5.75,36,0,-0.72,-1.51,-2.66,1.464,1.114,-5.75,-4.63,-5.15,-5.23,-2.95,-3.55,195.594,343.279,264.025,254.307,0,0,0,0
4700,55,Hombre,6.8,118,47,511,1,1,-0.73,246,108,-0.29,36,0,-0.59,1.27,0.27,-0.38,-0.73,-1.41,-0.29,-0.81,-0.89,-1.38,-1.98,1080.2,1895.81,1458.118,1404.451,0,0,0,0
4701,77,Hombre,5.7,118,38.3,20,1,0,0.135,23,104,-0.81,36,0,-0.59,-1.27,-0.98,0.135,-0.215,-0.81,0.32,-0.21,-0.28,-0.01,-0.61,292.019,512.509,394.184,379.676,0,0,0,0
4702,57,Hombre,6,105,46.6,22,0,0,0.293,30,119,-0.45,36,0,-0.78,-0.24,0.37,0.293,-0.057,-0.45,0.67,0.15,0.07,0.59,-0.01,2101.359,3688,2836.538,2732.138,0,0,0,0
4703,57,Hombre,7.2,120,44.1,91,0,0,-0.014,90,113,-1.89,36,0,-0.1,1.15,-0.35,-0.014,-0.364,-1.89,-0.77,-1.29,-1.37,-1.31,-1.91,46.225,81.127,62.397,60.1,0,0,0,0
4704,61,Hombre,8.3,130,51,86,0,1,-0.65,45,122,1.21,36,0,-0.05,-0.78,1.29,-0.3,-0.65,0.09,1.21,0.69,0.61,0.24,-0.36,697.68,1224.466,941.769,907.107,0,0,0,0
4705,66,Hombre,8.1,165,39.5,118,0,1,-0.055,112,168,-2.09,36,0,-1.2,1.38,0.44,0.295,-0.055,-3.21,-2.09,-2.61,-2.69,-2.17,-2.77,482.678,847.127,651.548,627.567,0,0,0,0
4706,59,Mujer,8.3,112,34.1,48,0,0,0.362,69,115,-2.19,36,0,0.87,1.24,-0.63,0.362,0.012,-2.19,-1.07,-1.59,-1.67,-1.05,-1.65,152.569,267.767,205.946,198.366,0,0,0,0
4707,55,Hombre,8.8,126,65.7,86,0,0,-0.704,43,131,-1.66,36,0,0.8,-2.11,-0.29,-0.704,-1.054,-1.66,-0.53,-1.06,-1.13,-2.11,-2.71,2285.015,4010.326,3084.448,2970.923,0,0,0,0
4708,69,Mujer,9.6,126,31.8,217,1,1,-0.22,174,121,-3.85,36,0,0.81,0.45,-0.9,0.13,-0.22,-4.97,-3.85,-4.37,-4.45,-4.18,-4.78,74.857,131.377,101.046,97.327,0,0,0,0
4709,70,Hombre,8.1,166,45.2,47,0,0,0.425,72,161,-3.14,36,0,0.6,1.3,0.16,0.425,0.075,-3.14,-2.02,-2.54,-2.62,-1.91,-2.51,331.699,582.15,447.747,431.267,0,0,0,0
4710,67,Hombre,9.3,148,58.8,257,0,1,-0.001,257,124,-2.81,36,0,0.32,-1.5,-0.37,0.349,-0.001,-3.94,-2.81,-3.34,-3.41,-2.81,-3.41,427.877,750.948,577.574,556.316,0,0,0,0
4711,74,Hombre,9.3,140,36.4,289,0,0,0.435,447,144,-4.05,36,0,0.88,1.98,0.41,0.435,0.085,-4.05,-2.92,-3.45,-3.52,-2.8,-3.4,203.241,356.699,274.347,264.249,0,0,0,0
4712,56,Hombre,9.5,132,59.1,161,0,0,0.545,278,128,-4.54,36,0,0.8,-2.09,1.46,0.545,0.195,-4.54,-3.42,-3.94,-4.02,-3.12,-3.72,65.808,115.497,88.832,85.562,0,0,0,0
4713,66,Mujer,7.6,132,52.2,397,0,0,-0.086,364,142,-4.18,36,0,-1.16,0.35,-0.85,-0.086,-0.436,-4.18,-3.06,-3.58,-3.66,-3.71,-4.31,300.067,526.634,405.048,390.14,0,0,0,0
4714,90,Hombre,7.9,138,41.5,58,1,0,0.102,64,138,-3.23,36,0,1.95,0.37,-0.78,0.102,-0.248,-3.23,-2.1,-2.63,-2.7,-2.48,-3.08,167.377,293.755,225.935,217.619,0,0,0,0
4715,39,Hombre,7,134,57.3,102,0,1,0.656,196,136,-2.3,36,0,-0.44,-1.88,-0.48,1.006,0.656,-3.43,-2.3,-2.83,-2.9,-1.32,-1.92,508.387,892.247,686.251,660.993,0,0,0,0
4716,56,Hombre,8.8,131,53.8,138,0,1,-0.22,111,122,-2.55,36,0,-1.93,-0,1.27,0.13,-0.22,-3.67,-2.55,-3.07,-3.15,-2.88,-3.48,277.78,487.519,374.964,361.163,0,0,0,0
4717,74,Hombre,9.6,132,41.6,204,0,0,-0.704,101,140,-1.9,36,0,0.73,0.36,0.67,-0.704,-1.054,-1.9,-0.77,-1.3,-1.37,-2.35,-2.95,355.348,623.654,479.669,462.015,0,0,0,0
4718,69,Hombre,9.1,125,25.7,572,1,1,-0.47,358,135,-3.26,36,0,-1.76,-1.39,-1.3,-0.12,-0.47,-4.39,-3.26,-3.79,-3.86,-3.97,-4.57,57.581,101.058,77.727,74.866,0,0,0,0
4719,64,Mujer,8,179,47.8,79,1,1,0.301,107,177,-4.08,33.02,1,-0.24,-0.3,1.17,0.651,0.301,-5.21,-4.08,-4.61,-4.68,-3.63,-4.23,18.816,33.023,25.399,24.464,1,1,1,1
4720,48,Hombre,8.5,110,49.4,105,0,0,0.044,110,106,-0.13,36,0,-1.56,1.9,1.16,0.044,-0.306,-0.13,1,0.47,0.4,0.54,-0.06,82.395,144.608,111.222,107.128,0,0,0,0
4721,62,Mujer,5.6,132,60.6,75,0,1,0.174,89,131,-2.05,36,0,1.28,0.87,0.84,0.524,0.174,-3.17,-2.05,-2.57,-2.65,-1.79,-2.39,280.621,492.504,378.798,364.856,0,0,0,0
4722,65,Mujer,7,153,40.7,154,0,0,0.688,306,153,-4.05,36,0,0.15,1.03,1.03,0.688,0.338,-4.05,-2.92,-3.45,-3.52,-2.42,-3.02,445.494,781.866,601.353,579.22,0,0,0,0
4723,67,Hombre,8.1,127,43.2,110,0,0,0.132,126,136,-3.96,36,0,0.33,0.36,1.25,0.132,-0.218,-3.96,-2.83,-3.36,-3.43,-3.16,-3.76,64.92,113.939,87.633,84.408,0,0,0,0
4724,60,Hombre,7,119,43.7,399,1,1,0.046,418,109,-1.23,36,0,-0.88,2.34,0.16,0.396,0.046,-2.35,-1.23,-1.75,-1.83,-1.16,-1.76,62.067,108.931,83.782,80.698,0,0,0,0
4725,68,Mujer,8.8,147,55.4,85,1,0,0.03,88,160,-4.8,36,0,-0.84,-1.15,-0.44,0.03,-0.32,-4.8,-3.68,-4.2,-4.28,-4.16,-4.76,795.973,1396.976,1074.451,1034.905,0,0,0,0
4726,64,Hombre,7.9,138,36.4,191,0,0,-0.676,97,134,-1.46,36,0,0.24,1.48,-0.1,-0.676,-1.026,-1.46,-0.33,-0.86,-0.93,-1.87,-2.47,194.33,341.06,262.319,252.664,0,0,0,0
4727,78,Hombre,7.8,141,46.9,1040,1,1,-0.661,537,123,-3.49,14.1,1,1.37,0.31,-1.11,-0.311,-0.661,-4.62,-3.49,-4.02,-4.09,-4.48,-5.08,8.033,14.099,10.844,10.445,1,1,1,1
4728,85,Hombre,8.4,120,41.3,397,0,0,0.789,874,117,-4.38,36,0,-0.67,-0.47,0.81,0.789,0.439,-4.38,-3.26,-3.78,-3.86,-2.6,-3.2,89.301,156.727,120.543,116.107,0,0,0,0
4729,61,Mujer,6.1,137,46.5,101,0,0,0.51,168,133,-1.24,36,0,0.12,0.62,-1.02,0.51,0.16,-1.24,-0.12,-0.64,-0.72,0.12,-0.48,578.129,1014.649,780.393,751.67,0,0,0,0
4730,55,Mujer,9.4,129,51.4,34,0,1,0.963,89,127,-0.76,36,0,1.09,-0.39,-0.01,1.313,0.963,-1.89,-0.76,-1.29,-1.36,0.68,0.08,518.781,910.488,700.281,674.506,0,0,0,0
4731,76,Hombre,7.8,150,46.3,245,0,0,-0.19,203,149,-2.93,36,0,1.71,3.01,-0.09,-0.19,-0.54,-2.93,-1.81,-2.33,-2.41,-2.62,-3.22,268.938,472.001,363.029,349.667,0,0,0,0
4732,60,Hombre,6.5,126,43.6,63,0,1,-0.234,50,120,0.92,36,0,-0.02,0.92,-0.17,0.116,-0.234,-0.21,0.92,0.39,0.32,0.56,-0.04,4100.952,7197.394,5535.706,5331.961,0,0,0,0
4733,59,Hombre,7,129,37.7,104,0,1,0.115,117,116,0.56,36,0,0.77,0.31,-0.22,0.465,0.115,-0.57,0.56,0.03,-0.04,0.73,0.13,1066.396,1871.583,1439.484,1386.503,0,0,0,0
4734,53,Mujer,8.3,124,44.6,119,0,0,0.173,141,124,-2.91,36,0,0.34,-2.02,-0.29,0.173,-0.177,-2.91,-1.78,-2.31,-2.38,-2.05,-2.65,116.193,203.926,156.845,151.072,0,0,0,0
4735,62,Hombre,9.2,120,49.8,215,0,1,-0.594,119,101,-0.54,36,0,0.09,-0.66,0.51,-0.244,-0.594,-1.67,-0.54,-1.07,-1.14,-1.43,-2.03,1749.962,3071.279,2362.202,2275.259,0,0,0,0
4736,62,Hombre,6.7,118,51.9,63,0,1,-0.909,25,106,-1.12,36,0,-1.87,-1.34,-1.02,-0.559,-0.909,-2.24,-1.12,-1.64,-1.72,-2.48,-3.08,2329.335,4088.11,3144.273,3028.546,0,0,0,0
4737,50,Hombre,8.4,135,43.4,75,0,0,0.301,101,143,-2.7,36,0,0.28,-0.15,-0.47,0.301,-0.049,-2.7,-1.57,-2.1,-2.17,-1.65,-2.25,1430.428,2510.479,1930.876,1859.809,0,0,0,0
4738,82,Hombre,7.4,143,43.1,253,1,0,-0.07,236,159,-5.03,36,0,0.85,1.21,1.35,-0.07,-0.42,-5.03,-3.9,-4.43,-4.5,-4.53,-5.13,301.605,529.334,407.124,392.14,0,0,0,0
4739,52,Hombre,8,130,28.5,463,0,1,0.285,616,120,-3.86,36,0,0.09,1.79,0.21,0.635,0.285,-4.98,-3.86,-4.38,-4.46,-3.43,-4.03,413.81,726.258,558.584,538.025,0,0,0,0
4740,68,Mujer,6.9,129,34.5,137,1,0,0.382,201,129,-4.01,11.39,1,0.8,-0.68,0.86,0.382,0.032,-4.01,-2.88,-3.41,-3.48,-2.83,-3.43,11.391,19.992,15.377,14.811,1,1,1,1
4741,60,Hombre,7.4,121,51.2,73,0,0,0.01,74,118,-1.83,0.54,1,-0.24,1.65,-0.32,0.01,-0.34,-1.83,-0.7,-1.23,-1.3,-1.21,-1.81,0.544,0.955,0.735,0.708,1,1,1,1
4742,61,Mujer,8,128,34.7,90,0,0,-0.495,55,125,-1.47,36,0,1.05,-0.23,-0.47,-0.495,-0.845,-1.47,-0.35,-0.87,-0.95,-1.62,-2.22,231.244,405.845,312.146,300.658,0,0,0,0
4743,58,Hombre,7.2,167,61.7,31,0,1,-0.441,20,175,-1.69,36,0,-0.13,0.92,-2.17,-0.091,-0.441,-2.81,-1.69,-2.21,-2.29,-2.35,-2.95,2010.769,3529.009,2714.254,2614.354,0,0,0,0
4744,47,Mujer,7.2,121,58.2,107,0,1,-0.588,59,112,-1.15,36,0,0.07,-0.05,0.44,-0.238,-0.588,-2.28,-1.15,-1.68,-1.75,-2.03,-2.63,121.354,212.983,163.811,157.781,0,0,0,0
4745,78,Hombre,6.9,155,35.6,103,1,0,-0.119,91,153,-1,36,0,1.37,-0.74,0.2,-0.119,-0.469,-1,0.13,-0.4,-0.47,-0.58,-1.18,99.267,174.22,133.997,129.065,0,0,0,0
4746,71,Mujer,9.2,162,38.1,337,0,0,-0.085,310,176,-3.77,23.03,1,0.52,-0.18,0.37,-0.085,-0.435,-3.77,-2.65,-3.17,-3.25,-3.3,-3.9,23.026,40.411,31.081,29.937,1,0,1,1
4747,76,Hombre,6.3,139,66.1,10,0,1,0.508,17,134,-0.99,36,0,-0.23,-1.91,1.87,0.858,0.508,-2.12,-0.99,-1.52,-1.59,-0.23,-0.83,57.784,101.414,78,75.129,0,0,0,0
4748,66,Mujer,5.6,161,56.9,48,0,0,0.284,64,179,-2.19,36,0,-0.24,0.82,-0.8,0.284,-0.066,-2.19,-1.07,-1.59,-1.67,-1.17,-1.77,1399.837,2456.79,1889.582,1820.035,0,0,0,0
4749,49,Hombre,7.6,143,57,423,0,1,-0.472,264,127,-1.59,36,0,0.26,-0.01,1.23,-0.122,-0.472,-2.72,-1.59,-2.12,-2.19,-2.3,-2.9,420.764,738.464,567.972,547.068,0,0,0,0
4750,59,Mujer,6.5,146,43,39,0,0,0.255,50,137,-2.36,36,0,-1.69,-0.54,0.32,0.255,-0.095,-2.36,-1.23,-1.76,-1.83,-1.37,-1.97,136.026,238.733,183.616,176.858,0,0,0,0
4751,67,Mujer,7.5,142,35.2,671,0,1,-0.885,277,141,-2.13,36,0,-0.64,-1.82,0.09,-0.535,-0.885,-3.26,-2.13,-2.66,-2.73,-3.46,-4.06,1637.898,2874.601,2210.932,2129.557,0,0,0,0
4752,38,Mujer,8.3,134,47.9,171,1,1,-0.116,152,125,-1.68,11.4,1,-0.82,-1.13,0.65,0.234,-0.116,-2.8,-1.68,-2.2,-2.28,-1.85,-2.45,6.497,11.402,8.77,8.447,1,1,1,1
4753,53,Mujer,9.6,153,51.3,11,0,1,-0.019,11,144,-2.01,36,0,-0.66,0.65,0.5,0.331,-0.019,-3.13,-2.01,-2.53,-2.61,-2.04,-2.64,268.152,470.621,361.967,348.644,0,0,0,0
4754,63,Hombre,6.3,135,46.2,499,0,0,-0.412,331,141,-1.48,36,0,0.69,-0.19,-0.67,-0.412,-0.762,-1.48,-0.35,-0.88,-0.95,-1.49,-2.09,107.138,188.033,144.621,139.298,0,0,0,0
4755,54,Hombre,8,125,25.3,347,0,1,-0.199,284,123,-1.06,36,0,1.33,0.51,-0.42,0.151,-0.199,-2.19,-1.06,-1.59,-1.66,-1.36,-1.96,112.901,198.148,152.401,146.791,0,0,0,0
4756,57,Mujer,5.9,134,55.2,383,1,0,-0.182,319,134,-2.77,36,0,0.15,0.89,-0.26,-0.182,-0.532,-2.77,-1.64,-2.17,-2.24,-2.44,-3.04,1155.372,2027.74,1559.589,1502.187,0,0,0,0
4757,63,Mujer,6.6,167,44.1,159,0,0,-0.378,109,165,-1.61,36,0,0.04,-0.46,-1.65,-0.378,-0.728,-1.61,-0.48,-1.01,-1.08,-1.57,-2.17,1263.986,2218.364,1706.202,1643.405,0,0,0,0
4758,53,Hombre,9.3,128,54.2,101,0,1,1.105,305,120,-2.3,36,0,1.4,0.44,-0.94,1.455,1.105,-3.42,-2.3,-2.82,-2.9,-0.64,-1.24,97.519,171.151,131.637,126.792,0,0,0,0
4759,55,Hombre,8.1,159,49.6,346,0,1,-0.161,295,144,-1.77,36,0,1.02,-0.28,0.32,0.189,-0.161,-2.89,-1.77,-2.29,-2.37,-2.01,-2.61,520.512,913.526,702.617,676.757,0,0,0,0
4760,78,Mujer,8.1,114,30.7,570,0,0,1.047,1624,119,-5.33,36,0,0.57,-1.74,-0.34,1.047,0.697,-5.33,-4.2,-4.73,-4.8,-3.16,-3.76,202.45,355.311,273.279,263.221,0,0,0,0
4761,60,Hombre,8.8,143,37.2,119,0,0,-0.068,111,133,-3.56,11.52,1,-0.03,-0.96,1.89,-0.068,-0.418,-3.56,-2.43,-2.96,-3.03,-3.06,-3.66,11.516,20.212,15.546,14.973,1,1,1,1
4762,82,Mujer,8.3,148,39.3,80,0,0,0.575,142,156,-3.79,5.88,1,-1.13,-1.25,-1.74,0.575,0.225,-3.79,-2.67,-3.19,-3.27,-2.33,-2.93,5.876,10.312,7.931,7.639,1,1,1,1
4763,64,Hombre,8.3,139,51.1,113,0,1,-0.146,98,132,-0.58,36,0,0.22,-0.37,-0.76,0.204,-0.146,-1.7,-0.58,-1.1,-1.18,-0.8,-1.4,1739.801,3053.446,2348.486,2262.048,0,0,0,0
4764,87,Hombre,7.3,98,27.3,39,0,0,-0.102,35,104,-2.49,36,0,0.35,-0.38,2.35,-0.102,-0.452,-2.49,-1.37,-1.89,-1.97,-2.04,-2.64,480.489,843.284,648.592,624.72,0,0,0,0
4765,61,Mujer,8.9,118,47.2,383,0,1,-1.674,72,97,0.69,36,0,0.29,0.95,-0.19,-1.324,-1.674,-0.44,0.69,0.16,0.09,-1.82,-2.42,3602.028,6321.756,4862.23,4683.272,0,0,0,0
4766,50,Hombre,7.2,117,48.4,21,0,0,0.677,41,119,-0.63,36,0,0.09,-1.41,2.58,0.677,0.327,-0.63,0.5,-0.03,-0.1,0.99,0.39,1985.831,3485.241,2680.591,2581.93,0,0,0,0
4767,66,Hombre,8.5,140,62.1,69,1,1,0.118,78,138,-2.38,36,0,-0.05,-0.6,-1.91,0.468,0.118,-3.5,-2.38,-2.9,-2.98,-2.2,-2.8,181.344,318.269,244.789,235.779,0,0,0,0
4768,65,Hombre,9.6,126,35.2,327,0,1,-0.481,202,116,-1.83,36,0,-0.58,0.33,0.37,-0.131,-0.481,-2.95,-1.83,-2.35,-2.43,-2.55,-3.15,62.359,109.444,84.176,81.078,0,0,0,0
4769,68,Hombre,8.7,135,34.2,125,1,1,-0.866,53,119,-4.06,36,0,0.37,0.88,-1.56,-0.516,-0.866,-5.19,-4.06,-4.59,-4.66,-5.36,-5.96,279,489.661,376.611,362.75,0,0,0,0
4770,65,Hombre,7.9,130,41.8,157,0,0,0.202,192,131,-3.84,36,0,-0.18,0.02,0.06,0.202,-0.148,-3.84,-2.72,-3.24,-3.32,-2.94,-3.54,498.178,874.33,672.47,647.719,0,0,0,0
4771,55,Mujer,6.7,117,71.8,84,0,1,-0.273,64,96,1.69,36,0,-1.06,0.07,0.36,0.077,-0.273,0.57,1.69,1.17,1.09,1.28,0.68,3576.704,6277.311,4828.046,4650.347,0,0,0,0
4772,65,Mujer,7,115,42.8,12,0,0,0.608,22,120,-2.73,36,0,-0.06,-0.13,-1.36,0.608,0.258,-2.73,-1.61,-2.13,-2.21,-1.22,-1.82,1884.791,3307.911,2544.202,2450.561,0,0,0,0
4773,47,Hombre,7.8,130,44.9,124,0,0,1.142,389,140,-4.42,36,0,-0.57,0.84,-1.1,1.142,0.792,-4.42,-3.3,-3.82,-3.9,-2.11,-2.71,255.889,449.098,345.413,332.7,0,0,0,0
4774,57,Mujer,6.9,129,54.5,125,1,0,-0.617,67,133,-0.93,36,0,-0.26,-1.02,-0.21,-0.617,-0.967,-0.93,0.2,-0.33,-0.4,-1.26,-1.86,289.248,507.646,390.444,376.073,0,0,0,0
4775,82,Hombre,9.2,130,54.4,32,0,0,-0.268,24,126,-3.32,36,0,2.67,1.65,-0.68,-0.268,-0.618,-3.32,-2.2,-2.72,-2.8,-3.12,-3.72,319.764,561.202,431.636,415.749,0,0,0,0
4776,62,Hombre,10.7,157,34.7,137,0,1,-1.064,47,150,-1.48,36,0,0.2,1.37,0.9,-0.714,-1.064,-2.61,-1.48,-2.01,-2.08,-3.08,-3.68,380.547,667.88,513.684,494.778,0,0,0,0
4777,62,Hombre,9.1,105,40.9,223,1,0,-0.178,187,109,-3.23,36,0,0.15,-0.16,0.96,-0.178,-0.528,-3.23,-2.1,-2.63,-2.7,-2.9,-3.5,583.622,1024.288,787.807,758.811,0,0,0,0
4778,73,Hombre,8.3,123,24.2,65,0,1,-0.591,36,123,-1.88,36,0,0.84,0.26,-0.37,-0.241,-0.591,-3.01,-1.88,-2.41,-2.48,-2.77,-3.37,691.99,1214.48,934.088,899.709,0,0,0,0
4779,90,Hombre,7.3,147,29.5,382,1,0,0.701,770,153,-5.67,27.98,1,0.44,-0.21,-0.79,0.701,0.351,-5.67,-4.54,-5.07,-5.14,-4.02,-4.62,27.978,49.102,37.766,36.376,1,0,0,0
4780,70,Hombre,5.5,145,43.3,526,0,0,0.061,559,141,-4.29,36,0,-0.84,0.67,0.2,0.061,-0.289,-4.29,-3.16,-3.69,-3.76,-3.6,-4.2,1358.429,2384.118,1833.688,1766.198,0,0,0,0
4781,60,Hombre,6.9,142,48.1,337,0,1,-0.531,198,141,-1.2,36,0,-1.71,0.55,1.05,-0.181,-0.531,-2.33,-1.2,-1.73,-1.8,-2,-2.6,2289.787,4018.702,3090.89,2977.128,0,0,0,0
4782,72,Hombre,6.6,142,47.9,30,0,0,0.527,51,135,-1.77,36,0,0.12,2.11,1.27,0.527,0.177,-1.77,-0.65,-1.17,-1.25,-0.38,-0.98,1410.773,2475.984,1904.345,1834.254,0,0,0,0
4783,60,Mujer,9.9,145,55.4,481,0,0,0.208,592,137,-5.81,36,0,-0.19,-0.11,0.14,0.208,-0.142,-5.81,-4.69,-5.21,-5.29,-4.9,-5.5,168.174,295.155,227.012,218.656,0,0,0,0
4784,64,Mujer,9.1,142,38.9,482,0,1,-0.606,263,142,-1.08,36,0,0.17,1.85,0.03,-0.256,-0.606,-2.2,-1.08,-1.6,-1.68,-1.99,-2.59,583.632,1024.305,787.82,758.824,0,0,0,0
4785,37,Hombre,8.4,148,53.3,30,0,0,0.739,63,150,-2.96,36,0,-1,-0.05,-0.18,0.739,0.389,-2.96,-1.84,-2.36,-2.44,-1.25,-1.85,1492.903,2620.126,2015.208,1941.037,0,0,0,0
4786,54,Mujer,7,140,54.1,70,0,1,-0.114,62,144,-0.8,36,0,0.41,1.02,1.15,0.236,-0.114,-1.92,-0.8,-1.32,-1.4,-0.97,-1.57,96.384,169.159,130.105,125.316,0,0,0,0
4787,67,Hombre,9.3,177,57.7,528,0,1,-0.13,463,165,-2.95,36,0,0.84,-0.79,1.27,0.22,-0.13,-4.08,-2.95,-3.48,-3.55,-3.15,-3.75,322.716,566.384,435.621,419.588,0,0,0,0
4788,51,Hombre,7.2,114,47.4,122,0,1,-0.448,78,89,0.62,36,0,0.79,0.5,0.12,-0.098,-0.448,-0.5,0.62,0.1,0.02,-0.05,-0.65,215.8,378.74,291.299,280.578,0,0,0,0
4789,58,Hombre,8.8,155,41.4,79,1,1,0.325,109,154,-2.12,36,0,0.95,0.22,0.02,0.675,0.325,-3.25,-2.12,-2.65,-2.72,-1.63,-2.23,513.778,901.708,693.528,668.002,0,0,0,0
4790,59,Hombre,7.6,154,58.7,97,1,1,-0.411,64,147,-3.56,36,0,-1.84,-0.04,-1.07,-0.061,-0.411,-4.68,-3.56,-4.08,-4.16,-4.17,-4.77,590.052,1035.574,796.487,767.172,0,0,0,0
4791,60,Mujer,6.4,140,59.8,19,0,0,-0.421,12,140,-0.87,36,0,0.73,1.27,0.3,-0.421,-0.771,-0.87,0.26,-0.27,-0.34,-0.9,-1.5,469.04,823.19,633.137,609.834,0,0,0,0
4792,54,Hombre,8.8,121,50.1,236,0,0,0.387,348,132,-2.46,36,0,1.76,0.85,-1.63,0.387,0.037,-2.46,-1.33,-1.86,-1.93,-1.28,-1.88,1356.624,2380.949,1831.25,1763.85,0,0,0,0
4793,58,Mujer,8.6,105,53.1,45,0,1,0.117,51,103,-0.66,36,0,-0.27,0.23,0.39,0.467,0.117,-1.78,-0.66,-1.18,-1.26,-0.48,-1.08,224.951,394.802,303.652,292.476,0,0,0,0
4794,73,Hombre,5.9,127,32.7,59,0,0,0.3,80,129,-2.7,36,0,2.2,0.07,2.17,0.3,-0.05,-2.7,-1.58,-2.1,-2.18,-1.65,-2.25,396.835,696.467,535.671,515.955,0,0,0,0
4795,58,Hombre,7.6,134,51.5,32,0,0,0.143,37,134,-2.82,36,0,0.65,0.19,1.26,0.143,-0.207,-2.82,-1.69,-2.22,-2.29,-2,-2.6,4587.11,8050.628,6191.95,5964.052,0,0,0,0
4796,88,Mujer,7.4,135,39.2,286,1,0,0.505,474,140,-4.05,36,0,0.48,1.85,-0.41,0.505,0.155,-4.05,-2.92,-3.45,-3.52,-2.69,-3.29,612.741,1075.393,827.113,796.671,0,0,0,0
4797,53,Mujer,5.5,144,64.9,73,0,0,0.125,83,133,-0.27,36,0,-1.55,0.53,-0.67,0.125,-0.225,-0.27,0.86,0.33,0.26,0.52,-0.08,2473.327,4340.824,3338.642,3215.762,0,0,0,0
4798,65,Hombre,7.1,147,42.1,70,0,0,0.227,88,127,-1.85,36,0,0.34,-0.18,-0.22,0.227,-0.123,-1.85,-0.73,-1.25,-1.33,-0.91,-1.51,541.98,951.204,731.596,704.669,0,0,0,0
4799,71,Hombre,5.5,141,66,105,0,1,-0.207,85,129,0.12,36,0,-1.44,-0.71,-1.54,0.143,-0.207,-1.01,0.12,-0.41,-0.48,-0.19,-0.79,449.3,788.546,606.491,584.169,0,0,0,0
4800,73,Hombre,7.4,124,38.1,275,1,1,0.141,317,117,-3,36,0,0.74,-1.16,-2.37,0.491,0.141,-4.13,-3,-3.53,-3.6,-2.79,-3.39,431.788,757.812,582.853,561.401,0,0,0,0
4801,62,Hombre,8.6,114,39.7,124,1,1,0.511,207,117,-1.1,36,0,-0.02,-3.24,0.76,0.861,0.511,-2.23,-1.1,-1.63,-1.7,-0.34,-0.94,287.572,504.704,388.181,373.894,0,0,0,0
4802,80,Hombre,8.3,134,35.9,32,1,0,0.808,72,124,-2.5,36,0,-0.29,-0.46,-0.16,0.808,0.458,-2.5,-1.37,-1.9,-1.97,-0.69,-1.29,78.285,137.395,105.674,101.785,0,0,0,0
4803,64,Hombre,9.4,139,49,571,0,1,-0.291,427,135,-2.31,36,0,0.61,0.71,0.65,0.059,-0.291,-3.44,-2.31,-2.84,-2.91,-2.75,-3.35,151.734,266.302,204.82,197.281,0,0,0,0
4804,55,Hombre,10.6,116,49.9,50,0,0,-0.716,24,115,-0.83,36,0,-1.4,-1.02,0.61,-0.716,-1.066,-0.83,0.3,-0.23,-0.3,-1.3,-1.9,1219.836,2140.878,1646.606,1586.002,0,0,0,0
4805,69,Mujer,6.8,145,45.3,208,0,1,-0.169,176,146,-1.66,36,0,0.08,0.62,1.42,0.181,-0.169,-2.79,-1.66,-2.19,-2.26,-1.91,-2.51,59.924,105.17,80.889,77.912,0,0,0,0
4806,68,Hombre,8.3,127,37.8,37,0,0,-0.214,30,123,-2.7,36,0,0.18,1.75,-0.22,-0.214,-0.564,-2.7,-1.57,-2.1,-2.17,-2.42,-3.02,1288.651,2261.654,1739.497,1675.474,0,0,0,0
4807,41,Hombre,6.1,144,39.2,135,0,1,0.044,141,142,-1.36,25.9,1,-0.47,0.43,0.62,0.394,0.044,-2.49,-1.36,-1.89,-1.96,-1.3,-1.9,14.756,25.898,19.919,19.185,1,1,1,1
4808,59,Hombre,9,152,61.3,89,1,1,0.003,89,150,-1.54,36,0,1.32,-0.87,0.44,0.353,0.003,-2.67,-1.54,-2.07,-2.14,-1.54,-2.14,941.431,1652.264,1270.799,1224.027,0,0,0,0
4809,60,Hombre,6.4,116,58.9,13,0,1,-0.21,11,106,0.44,36,0,1.2,0.32,1.55,0.14,-0.21,-0.68,0.44,-0.08,-0.16,0.13,-0.47,2191.141,3845.573,2957.731,2848.87,0,0,0,0
4810,65,Hombre,8.3,150,51.5,97,1,0,-0.247,76,154,-2.8,36,0,1.16,0.03,0.16,-0.247,-0.597,-2.8,-1.67,-2.2,-2.27,-2.57,-3.17,88.08,154.586,118.896,114.52,0,0,0,0
4811,75,Hombre,7.2,140,38.2,446,0,0,-0.186,370,142,-3.99,36,0,-0.1,0.1,0.9,-0.186,-0.536,-3.99,-2.86,-3.39,-3.46,-3.66,-4.26,321.048,563.457,433.37,417.419,0,0,0,0
4812,45,Mujer,7.5,129,66.5,10,0,0,-0.097,9,141,-0.06,36,0,-1.02,0.96,1.88,-0.097,-0.447,-0.06,1.07,0.54,0.47,0.4,-0.2,904.377,1587.23,1220.781,1175.849,0,0,0,0
4813,63,Mujer,6.6,130,47,24,0,0,-0.227,19,126,-0.68,6.8,1,-0.1,-0.6,-0.43,-0.227,-0.577,-0.68,0.44,-0.08,-0.16,-0.42,-1.02,6.801,11.935,9.18,8.842,1,1,1,1
4814,31,Hombre,6.3,103,57.5,66,0,0,-0.083,61,96,0.29,36,0,-1.05,1.48,-0.93,-0.083,-0.433,0.29,1.41,0.89,0.81,0.76,0.16,525.406,922.115,709.223,683.12,0,0,0,0
4815,59,Mujer,8.3,119,58.3,117,0,0,0.515,196,114,-2.41,36,0,-1.17,-0.5,-1.68,0.515,0.165,-2.41,-1.29,-1.81,-1.89,-1.04,-1.64,3749.801,6581.106,5061.702,4875.403,0,0,0,0
4816,66,Mujer,9.5,128,55.9,401,0,0,-0.109,360,123,-3.6,36,0,1.41,1.33,-0.09,-0.109,-0.459,-3.6,-2.48,-3,-3.08,-3.17,-3.77,547.315,960.568,738.798,711.607,0,0,0,0
4817,59,Hombre,8.6,123,49.6,35,1,1,-0.081,32,112,0.19,36,0,-0.95,-0.42,0.33,0.269,-0.081,-0.93,0.19,-0.33,-0.41,0.07,-0.53,342.2,600.579,461.921,444.92,0,0,0,0
4818,67,Mujer,6.8,136,36.2,64,1,0,-0.448,41,141,-1.3,36,0,0.91,-0.79,-0.69,-0.448,-0.798,-1.3,-0.17,-0.7,-0.77,-1.37,-1.97,97.866,171.76,132.105,127.243,0,0,0,0
4819,74,Mujer,5.6,119,51.8,28,0,0,-0.007,28,106,-0.91,36,0,-0.18,0.67,1.55,-0.007,-0.357,-0.91,0.21,-0.31,-0.39,-0.32,-0.92,1881.217,3301.639,2539.378,2445.915,0,0,0,0
4820,67,Hombre,5.5,132,56.1,103,1,1,0.557,180,123,-1.61,36,0,1.29,-0.39,0.56,0.907,0.557,-2.73,-1.61,-2.13,-2.21,-0.77,-1.37,228.507,401.042,308.452,297.099,0,0,0,0
4821,60,Mujer,9.7,146,42.4,540,0,1,-0.181,451,141,-2.75,36,0,0.5,-1.6,-0.48,0.169,-0.181,-3.87,-2.75,-3.27,-3.35,-3.02,-3.62,726.014,1274.194,980.016,943.946,0,0,0,0
4822,60,Hombre,5.5,141,45.8,54,0,0,-0.299,40,148,-2.54,36,0,-0.87,-1.3,0.85,-0.299,-0.649,-2.54,-1.41,-1.94,-2.01,-2.39,-2.99,3012.579,5287.241,4066.557,3916.885,0,0,0,0
4823,59,Hombre,8,153,49.6,298,0,1,-0.752,141,136,-1.81,36,0,0.29,-0.73,-0.2,-0.402,-0.752,-2.94,-1.81,-2.34,-2.41,-2.94,-3.54,828.999,1454.939,1119.032,1077.845,0,0,0,0
4824,66,Hombre,8.2,121,49.4,37,1,0,0.436,57,131,-2.12,36,0,-0.3,-0.09,0.7,0.436,0.086,-2.12,-1,-1.52,-1.6,-0.87,-1.47,84.268,147.894,113.749,109.563,0,0,0,0
4825,60,Mujer,7.7,132,47.4,202,0,1,-0.418,133,129,-2.84,36,0,1.72,0.15,0.74,-0.068,-0.418,-3.97,-2.84,-3.37,-3.44,-3.47,-4.07,252.675,443.458,341.075,328.522,0,0,0,0
4826,77,Mujer,7.2,120,37.5,12,1,0,0.597,22,124,-3.13,36,0,0.13,0.11,0.6,0.597,0.247,-3.13,-2,-2.53,-2.6,-1.63,-2.23,214.04,375.652,288.924,278.29,0,0,0,0
4827,48,Hombre,8.5,140,43.2,514,0,0,-0.174,432,127,-2.88,36,0,-2.64,-0.92,-0.43,-0.174,-0.524,-2.88,-1.75,-2.28,-2.35,-2.54,-3.14,177.007,310.656,238.934,230.14,0,0,0,0
4828,60,Hombre,7.9,142,53.2,246,1,1,-0.111,220,141,-2.9,26.67,1,1.81,0.5,-0.61,0.239,-0.111,-4.03,-2.9,-3.43,-3.5,-3.07,-3.67,15.196,26.669,20.512,19.757,1,1,1,1
4829,63,Mujer,9,124,44.3,125,1,1,-0.495,76,119,-1.87,36,0,-1.66,0.91,-0.21,-0.145,-0.495,-2.99,-1.87,-2.39,-2.47,-2.61,-3.21,1972.041,3461.039,2661.976,2564.001,0,0,0,0
4830,63,Hombre,5.5,144,37.7,59,0,0,-0.061,56,142,-2.65,36,0,0.25,0.25,-0.2,-0.061,-0.411,-2.65,-1.52,-2.05,-2.12,-2.14,-2.74,528.916,928.277,713.962,687.685,0,0,0,0
4831,64,Mujer,6.8,126,42.4,80,0,0,0.098,88,132,-0.07,36,0,1.41,-0.36,-0.11,0.098,-0.252,-0.07,1.05,0.53,0.45,0.67,0.07,83.777,147.033,113.087,108.925,0,0,0,0
4832,67,Hombre,6.4,163,32.5,749,1,0,-0.021,733,159,-5.68,36,0,-0.85,-0.06,-1.64,-0.021,-0.371,-5.68,-4.56,-5.08,-5.16,-5.12,-5.72,143.791,252.361,194.097,186.954,0,0,0,0
4833,71,Hombre,7.9,154,48.3,340,1,0,0.367,491,144,-3.52,36,0,1.27,0.33,-1.71,0.367,0.017,-3.52,-2.4,-2.92,-3,-2.37,-2.97,187.658,329.349,253.311,243.988,0,0,0,0
4834,63,Mujer,6.9,131,39.5,60,0,0,0.578,107,138,-2.74,36,0,0,0.57,0.13,0.578,0.228,-2.74,-1.62,-2.14,-2.22,-1.28,-1.88,1096.994,1925.285,1480.788,1426.286,0,0,0,0
4835,45,Mujer,8.2,114,60.7,48,0,1,-0.66,25,99,1.66,36,0,-0.62,0.9,-0.35,-0.31,-0.66,0.53,1.66,1.13,1.06,0.67,0.07,2234.287,3921.295,3015.972,2904.967,0,0,0,0
4836,58,Hombre,5.6,135,37.3,82,0,1,0.109,91,136,-1.86,36,0,0.5,-1.92,0.98,0.459,0.109,-2.98,-1.86,-2.38,-2.46,-1.7,-2.3,1270.134,2229.155,1714.502,1651.398,0,0,0,0
4837,64,Hombre,6.2,113,51.6,273,0,0,0.281,361,104,-2.02,36,0,-1.31,1.35,0.73,0.281,-0.069,-2.02,-0.9,-1.42,-1.5,-1,-1.6,148.178,260.06,200.019,192.657,0,0,0,0
4838,71,Hombre,7,145,49.5,77,1,0,-0.44,50,139,-1.65,36,0,-1.09,-0.59,-0.14,-0.44,-0.79,-1.65,-0.53,-1.05,-1.13,-1.71,-2.31,1640.376,2878.95,2214.276,2132.778,0,0,0,0
4839,40,Hombre,8.1,143,63.2,78,0,0,0.585,140,146,-2.37,36,0,-0.4,0.43,0.19,0.585,0.235,-2.37,-1.24,-1.77,-1.84,-0.89,-1.49,1931.061,3389.118,2606.66,2510.721,0,0,0,0
4840,61,Mujer,7.3,121,56.2,12,0,0,1.576,58,114,-3.38,36,0,0.41,-1.25,-1.14,1.576,1.226,-3.38,-2.25,-2.78,-2.85,-0.42,-1.02,231.096,405.585,311.946,300.465,0,0,0,0
4841,72,Mujer,7.8,133,37.3,583,0,0,0.444,909,129,-5.26,36,0,-0.58,-2.04,-0.53,0.444,0.094,-5.26,-4.14,-4.66,-4.74,-4,-4.6,581.881,1021.233,785.457,756.548,0,0,0,0
4842,58,Mujer,6,126,51.2,56,0,0,-0.085,51,132,-1.39,36,0,1.15,-0.07,-0.26,-0.085,-0.435,-1.39,-0.26,-0.79,-0.86,-0.92,-1.52,1890.872,3318.583,2552.41,2458.467,0,0,0,0
4843,66,Hombre,7.7,130,53,114,1,1,-0.324,82,132,-1.38,36,0,-0.95,0.08,-0.08,0.026,-0.324,-2.5,-1.38,-1.9,-1.98,-1.86,-2.46,745.196,1307.86,1005.91,968.887,0,0,0,0
4844,56,Mujer,6.8,148,60.3,199,0,1,-0.215,160,139,-1.27,36,0,-0.29,-1.32,-0.32,0.135,-0.215,-2.39,-1.27,-1.79,-1.87,-1.59,-2.19,126.162,221.42,170.3,164.032,0,0,0,0
4845,74,Hombre,7.7,138,37.5,422,0,0,-0.135,369,133,-2.53,36,0,0.04,-0.21,0.67,-0.135,-0.485,-2.53,-1.4,-1.93,-2,-2.13,-2.73,69.705,122.336,94.092,90.629,0,0,0,0
4846,47,Mujer,6.7,120,51.5,11,0,1,-0.757,5,116,1.41,36,0,-1.57,-0.32,1.36,-0.407,-0.757,0.29,1.41,0.89,0.81,0.28,-0.32,811.769,1424.7,1095.774,1055.443,0,0,0,0
4847,53,Hombre,7.8,111,56.2,201,0,1,-0.194,166,106,-1.56,36,0,-0.69,-0.95,-1.63,0.156,-0.194,-2.68,-1.56,-2.08,-2.16,-1.85,-2.45,981.501,1722.588,1324.888,1276.125,0,0,0,0
4848,61,Hombre,6.4,140,51.2,65,1,0,0.49,106,148,-3.46,36,0,1.37,-0.33,1.63,0.49,0.14,-3.46,-2.33,-2.86,-2.93,-2.12,-2.72,242.604,425.784,327.481,315.428,0,0,0,0
4849,61,Hombre,8.2,153,42.2,133,0,0,0.772,288,139,-4.91,36,0,-2.69,-0.51,0.8,0.772,0.422,-4.91,-3.78,-4.31,-4.38,-3.15,-3.75,81.044,142.236,109.397,105.371,0,0,0,0
4850,47,Mujer,8.4,101,49.9,51,0,1,-0.566,29,84,0.29,36,0,-2.16,-0.04,-0.46,-0.216,-0.566,-0.84,0.29,-0.24,-0.31,-0.56,-1.16,3358.144,5893.726,4533.02,4366.18,0,0,0,0
4851,69,Hombre,8.3,117,47.9,39,0,0,0.149,45,116,-1.29,36,0,-0.06,-0.24,-0.59,0.149,-0.201,-1.29,-0.16,-0.69,-0.76,-0.46,-1.06,1804.207,3166.482,2435.425,2345.788,0,0,0,0
4852,51,Hombre,8.8,136,52,146,0,1,-0.79,66,124,-0.71,36,0,0.85,0.69,-0.6,-0.44,-0.79,-1.84,-0.71,-1.24,-1.31,-1.9,-2.5,787.834,1382.691,1063.464,1024.323,0,0,0,0
4853,68,Hombre,9.8,150,39.2,53,0,0,0.194,64,136,-3.98,36,0,0.92,-0.94,-0.51,0.194,-0.156,-3.98,-2.86,-3.38,-3.46,-3.09,-3.69,1105.881,1940.881,1492.783,1437.84,0,0,0,0
4854,82,Hombre,7.5,147,40.7,236,0,0,0.131,269,148,-3.75,36,0,2.83,-1.29,0.81,0.131,-0.219,-3.75,-2.63,-3.15,-3.23,-2.96,-3.56,453.072,795.167,611.584,589.074,0,0,0,0
4855,90,Hombre,10,167,44.6,465,1,0,0.129,529,171,-5.21,33.84,1,1.26,0.59,0.96,0.129,-0.221,-5.21,-4.08,-4.61,-4.68,-4.41,-5.01,33.839,59.389,45.678,43.997,1,0,0,0
4856,54,Mujer,7,120,56,63,0,0,0.179,75,130,-1.03,36,0,1.23,-1.04,1.31,0.179,-0.171,-1.03,0.1,-0.43,-0.5,-0.16,-0.76,1390.609,2440.594,1877.125,1808.037,0,0,0,0
4857,70,Mujer,8.9,140,52.3,159,1,1,0.646,303,131,-5.5,36,0,-1.68,1.09,2.34,0.996,0.646,-6.63,-5.5,-6.03,-6.1,-4.53,-5.13,195.128,342.46,263.395,253.7,0,0,0,0
4858,51,Mujer,7.9,176,60,477,0,1,-0.616,258,172,-4.78,36,0,-0.7,-0.9,0.42,-0.266,-0.616,-5.91,-4.78,-5.31,-5.38,-5.7,-6.3,385.854,677.194,520.848,501.678,0,0,0,0
4859,72,Mujer,8.5,142,36.3,576,0,1,-0.126,508,118,-4.11,36,0,0.03,-0.56,0.54,0.224,-0.126,-5.23,-4.11,-4.63,-4.71,-4.3,-4.9,376.593,660.942,508.348,489.638,0,0,0,0
4860,66,Hombre,6.1,153,51.3,26,0,0,0.492,43,151,-1.75,36,0,0.38,-0.96,-1.51,0.492,0.142,-1.75,-0.62,-1.15,-1.22,-0.41,-1.01,2408.996,4227.92,3251.805,3132.12,0,0,0,0
4861,49,Mujer,6.6,110,45.3,13,0,0,0.06,14,124,-1.05,36,0,-0.84,-0.15,-1.02,0.06,-0.29,-1.05,0.07,-0.45,-0.53,-0.36,-0.96,2306.172,4047.458,3113.006,2998.43,0,0,0,0
4862,48,Hombre,7.5,105,45.2,95,0,0,0.216,118,103,0.74,36,0,0.19,-0.94,0.01,0.216,-0.134,0.74,1.87,1.34,1.27,1.67,1.07,1613.288,2831.409,2177.711,2097.559,0,0,0,0
4863,67,Mujer,8,123,48.4,109,0,0,0.597,198,136,-2.76,36,0,-0.23,1.67,1.31,0.597,0.247,-2.76,-1.64,-2.16,-2.24,-1.27,-1.87,232.117,407.378,313.325,301.793,0,0,0,0
4864,67,Hombre,8,141,44.3,155,0,0,0.127,176,149,-5.3,36,0,1.59,-0.95,0.18,0.127,-0.223,-5.3,-4.17,-4.7,-4.77,-4.51,-5.11,881.858,1547.709,1190.384,1146.571,0,0,0,0
4865,67,Mujer,10.9,128,56.2,897,0,1,-0.478,556,125,-1.92,36,0,2.1,-0.17,-0.67,-0.128,-0.478,-3.04,-1.92,-2.44,-2.52,-2.63,-3.23,137.64,241.566,185.795,178.957,0,0,0,0
4866,56,Mujer,8.1,130,45,24,1,1,-0.077,22,117,-2.86,36,0,-2.87,1.16,2.35,0.273,-0.077,-3.99,-2.86,-3.39,-3.46,-2.98,-3.58,951.86,1670.566,1284.876,1237.585,0,0,0,0
4867,69,Mujer,6.7,143,45.9,204,1,1,-0.562,116,135,-1.84,36,0,-0.45,1.84,0.18,-0.212,-0.562,-2.96,-1.84,-2.36,-2.44,-2.68,-3.28,431.446,757.212,582.392,560.956,0,0,0,0
4868,81,Mujer,9.3,137,24,239,0,0,0.644,455,141,-4.8,36,0,-0.76,0.37,-0.45,0.644,0.294,-4.8,-3.68,-4.2,-4.28,-3.24,-3.84,350.38,614.936,472.963,455.556,0,0,0,0
4869,67,Hombre,8.1,98,48.6,105,0,1,0.424,161,91,-2.08,36,0,0.34,0.83,-0.08,0.774,0.424,-3.2,-2.08,-2.6,-2.68,-1.44,-2.04,229.771,403.26,310.158,298.743,0,0,0,0
4870,58,Hombre,9.8,132,35.6,946,0,1,-0.753,445,119,-1.2,36,0,-0.52,0.58,-0.85,-0.403,-0.753,-2.32,-1.2,-1.72,-1.8,-2.33,-2.93,26.232,46.038,35.409,34.106,1,0,1,1
4871,63,Mujer,8,145,38.7,56,0,0,-0.106,50,153,-2.79,36,0,0.52,0.16,0.52,-0.106,-0.456,-2.79,-1.67,-2.19,-2.27,-2.35,-2.95,1379.492,2421.085,1862.12,1793.584,0,0,0,0
4872,59,Mujer,9.1,144,37.2,385,0,1,0.051,405,138,-3.27,36,0,0.74,-1.59,1.52,0.401,0.051,-4.4,-3.27,-3.8,-3.87,-3.2,-3.8,388.702,682.192,524.692,505.381,0,0,0,0
4873,43,Hombre,6.2,132,29.7,307,0,0,-0.514,184,134,-1.92,36,0,1.35,1.29,1.63,-0.514,-0.864,-1.92,-0.79,-1.32,-1.39,-2.09,-2.69,64.419,113.059,86.957,83.757,0,0,0,0
4874,74,Hombre,8.5,145,22.7,4754,1,1,-0.634,2522,139,-2.78,36,0,-0.72,-0.67,1.76,-0.284,-0.634,-3.91,-2.78,-3.31,-3.38,-3.73,-4.33,31.987,56.138,43.178,41.588,1,0,0,0
4875,36,Hombre,9.6,134,51.5,129,0,1,-0.118,115,123,-0.22,36,0,0.42,-1.71,1.18,0.232,-0.118,-1.35,-0.22,-0.75,-0.82,-0.4,-1,1173.788,2060.063,1584.449,1526.132,0,0,0,0
4876,73,Mujer,8.5,138,43.3,109,0,0,0.571,193,134,-3.73,36,0,0.53,1.2,-0.72,0.571,0.221,-3.73,-2.61,-3.13,-3.21,-2.28,-2.88,411.991,723.066,556.129,535.661,0,0,0,0
4877,60,Hombre,7.6,116,53.1,37,0,0,-0.282,28,126,-0.43,36,0,-0.21,-0.67,0.76,-0.282,-0.632,-0.43,0.69,0.17,0.09,-0.26,-0.86,1624.131,2850.439,2192.348,2111.658,0,0,0,0
4878,52,Mujer,5.7,147,37,424,0,0,-0.219,340,146,-1.42,36,0,-1.38,-0.46,1.03,-0.219,-0.569,-1.42,-0.29,-0.82,-0.89,-1.14,-1.74,1690.219,2966.427,2281.557,2197.583,0,0,0,0
4879,55,Hombre,7.5,115,52.3,178,1,1,-0.055,168,112,-0.91,36,0,0.08,-0.13,-0.48,0.295,-0.055,-2.04,-0.91,-1.44,-1.51,-0.99,-1.59,461.738,810.376,623.282,600.341,0,0,0,0
4880,70,Hombre,7.1,134,41.3,94,0,0,0.247,120,144,-2.76,36,0,0.62,0.34,0.07,0.247,-0.103,-2.76,-1.63,-2.16,-2.23,-1.78,-2.38,692.692,1215.712,935.036,900.622,0,0,0,0
4881,83,Mujer,7.2,128,25.3,50,0,1,-0.08,46,126,-1.4,36,0,0.53,-0.55,0.18,0.27,-0.08,-2.53,-1.4,-1.93,-2,-1.52,-2.12,1337.517,2347.415,1805.459,1739.008,0,0,0,0
4882,66,Mujer,6.9,118,43.9,20,1,0,-0.354,14,120,-0.92,36,0,-1.03,-0.85,-1.73,-0.354,-0.704,-0.92,0.21,-0.32,-0.39,-0.85,-1.45,77.206,135.502,104.218,100.382,0,0,0,0
4883,76,Mujer,8.1,130,38.8,479,0,1,0.125,543,129,-3.01,36,0,0.55,-0.59,-1.14,0.475,0.125,-4.14,-3.01,-3.54,-3.61,-2.82,-3.42,888.843,1559.968,1199.812,1155.653,0,0,0,0
4884,67,Hombre,8.8,125,43,236,0,1,-0.665,121,116,-0.77,36,0,-1.44,0.65,0.99,-0.315,-0.665,-1.89,-0.77,-1.29,-1.37,-1.77,-2.37,706.592,1240.107,953.799,918.694,0,0,0,0
4885,50,Hombre,7.6,139,51,810,1,1,-0.164,687,140,-5.19,36,0,0.98,0.87,0.89,0.186,-0.164,-6.32,-5.19,-5.72,-5.79,-5.44,-6.04,35.312,61.975,47.666,45.912,1,0,0,0
4886,76,Hombre,6.3,129,48.8,75,0,1,-0.407,50,131,0.39,36,0,0.02,-0.34,-0.69,-0.057,-0.407,-0.74,0.39,-0.14,-0.21,-0.23,-0.83,515.556,904.828,695.927,670.313,0,0,0,0
4887,67,Hombre,7.4,132,51.5,225,1,0,0.035,233,132,-4.13,36,0,-0.98,0.62,0.63,0.035,-0.315,-4.13,-3.01,-3.53,-3.61,-3.48,-4.08,1149.795,2017.954,1552.061,1494.937,0,0,0,0
4888,72,Mujer,9.1,114,33.7,290,1,1,0.077,313,89,-2.54,36,0,0.48,1.42,-0.51,0.427,0.077,-3.66,-2.54,-3.06,-3.14,-2.42,-3.02,175.214,307.511,236.514,227.809,0,0,0,0
4889,50,Mujer,6,153,50.3,60,0,1,0.117,67,142,-0.45,36,0,-0.47,-1.82,2.03,0.467,0.117,-1.58,-0.45,-0.98,-1.05,-0.28,-0.88,169.904,298.191,229.347,220.905,0,0,0,0
4890,59,Hombre,7.5,147,47.2,55,0,0,-0.141,48,148,-2.48,36,0,-0.46,-1.97,-0.33,-0.141,-0.491,-2.48,-1.36,-1.88,-1.96,-2.09,-2.69,1173.517,2059.586,1584.082,1525.779,0,0,0,0
4891,58,Mujer,7,154,56,19,0,0,0.373,28,163,-1.55,36,0,-1.61,-1.39,1.32,0.373,0.023,-1.55,-0.43,-0.95,-1.03,-0.39,-0.99,128.34,225.243,173.241,166.864,0,0,0,0
4892,66,Mujer,9.6,153,36.6,43,0,0,0.487,70,147,-4.49,28.68,1,0.91,1.07,-0.48,0.487,0.137,-4.49,-3.36,-3.89,-3.96,-3.16,-3.76,28.684,50.343,38.72,37.295,1,0,0,0
4893,77,Mujer,7.4,139,28.7,32,0,0,0.185,39,133,-2.32,36,0,0.74,-1.24,0.36,0.185,-0.165,-2.32,-1.2,-1.72,-1.8,-1.44,-2.04,784.114,1376.163,1058.443,1019.486,0,0,0,0
4894,54,Mujer,9.2,138,43.1,217,0,1,-1.194,66,154,-0.11,36,0,0.5,1.1,0.3,-0.844,-1.194,-1.24,-0.11,-0.64,-0.71,-1.91,-2.51,481.391,844.868,649.811,625.894,0,0,0,0
4895,53,Mujer,7.6,118,46.9,12,0,0,0.356,17,123,-0.56,36,0,-0.17,0.19,-1.08,0.356,0.006,-0.56,0.57,0.04,-0.03,0.57,-0.03,531.878,933.474,717.96,691.535,0,0,0,0
4896,52,Mujer,5.5,128,47.2,14,0,0,-0.507,8,132,2.09,36,0,-0.7,-0.63,-1.19,-0.507,-0.857,2.09,3.22,2.69,2.62,1.93,1.33,4191.054,7355.53,5657.332,5449.11,0,0,0,0
4897,76,Mujer,8.2,122,45.2,69,0,0,0.551,120,126,-3.6,36,0,0.33,0.88,-1.12,0.551,0.201,-3.6,-2.47,-3,-3.07,-2.17,-2.77,815.585,1431.396,1100.925,1060.405,0,0,0,0
4898,66,Mujer,6.3,153,37.6,115,1,0,0.191,139,150,-4.24,36,0,-1.5,0.4,-0.09,0.191,-0.159,-4.24,-3.11,-3.64,-3.71,-3.35,-3.95,532.066,933.805,718.214,691.779,0,0,0,0
4899,67,Hombre,6.7,141,45.6,134,0,0,0.824,306,132,-3.02,36,0,-0.68,-0.03,1.78,0.824,0.474,-3.02,-1.9,-2.42,-2.5,-1.19,-1.79,303.196,532.126,409.272,394.208,0,0,0,0
4900,61,Mujer,7.6,160,32.3,39,0,0,1.06,113,174,-3.96,36,0,0.31,-0.45,-1.66,1.06,0.71,-3.96,-2.84,-3.36,-3.44,-1.77,-2.37,291.789,512.105,393.874,379.377,0,0,0,0
4901,59,Mujer,8,131,60.6,832,1,1,-0.399,558,129,-3.8,36,0,-0.1,1.21,0.08,-0.049,-0.399,-4.92,-3.8,-4.32,-4.4,-4.39,-4.99,147.082,258.136,198.539,191.232,0,0,0,0
4902,71,Mujer,6.7,136,56.4,33,0,0,1.028,92,137,-3.12,36,0,-0.36,0.28,-0.54,1.028,0.678,-3.12,-2,-2.52,-2.6,-0.98,-1.58,282.688,496.134,381.59,367.545,0,0,0,0
4903,63,Hombre,7.8,138,53.8,446,0,1,0.683,883,137,-4.08,36,0,0.71,1.9,0.85,1.033,0.683,-5.2,-4.08,-4.6,-4.68,-3.05,-3.65,26.454,46.428,35.709,34.395,1,0,1,1
4904,67,Mujer,7.9,112,54.3,84,0,0,-0.048,80,101,-2.85,36,0,0.93,1.08,-0.09,-0.048,-0.398,-2.85,-1.73,-2.25,-2.33,-2.33,-2.93,944.757,1658.1,1275.289,1228.351,0,0,0,0
4905,47,Hombre,6.9,121,52.1,36,0,0,1.102,108,118,-3.3,36,0,1.13,-1.68,-1.39,1.102,0.752,-3.3,-2.18,-2.7,-2.78,-1.05,-1.65,150.862,264.771,203.642,196.147,0,0,0,0
4906,82,Hombre,6.1,125,43.5,60,0,0,-0.89,25,127,0.09,36,0,0.46,0.64,1.35,-0.89,-1.24,0.09,1.21,0.69,0.61,-0.65,-1.25,173.245,304.055,233.856,225.249,0,0,0,0
4907,76,Hombre,5.6,101,35.2,29,0,0,0.381,42,100,-2.67,36,0,0.8,0.26,0.98,0.381,0.031,-2.67,-1.54,-2.07,-2.14,-1.5,-2.1,1036.517,1819.144,1399.152,1347.655,0,0,0,0
4908,81,Mujer,6.4,135,45.9,36,0,0,-0.38,25,138,-0.67,36,0,0.91,0.08,-0.56,-0.38,-0.73,-0.67,0.46,-0.07,-0.14,-0.64,-1.24,2429.121,4263.24,3278.97,3158.286,0,0,0,0
4909,68,Hombre,8.8,145,25.7,675,0,1,0.501,1114,133,-3.37,5.46,1,1.17,0.45,0.26,0.851,0.501,-4.5,-3.37,-3.9,-3.97,-2.62,-3.22,3.111,5.46,4.199,4.045,1,1,1,1
4910,65,Hombre,6.3,149,58.6,311,0,1,-0.813,138,125,-0.67,36,0,-0.89,1.06,-0.59,-0.463,-0.813,-1.8,-0.67,-1.2,-1.27,-1.89,-2.49,1608.533,2823.064,2171.293,2091.377,0,0,0,0
4911,66,Mujer,8.2,136,44,146,0,1,-0.599,80,120,-0.38,36,0,1.38,0.49,0.71,-0.249,-0.599,-1.5,-0.38,-0.9,-0.98,-1.28,-1.88,684.608,1201.524,924.124,890.111,0,0,0,0
4912,65,Mujer,8.2,124,52.6,152,1,1,-0.017,150,124,-0.95,36,0,-0.54,-0.95,-0.98,0.333,-0.017,-2.07,-0.95,-1.47,-1.55,-0.97,-1.57,941.098,1651.678,1270.349,1223.593,0,0,0,0
4913,63,Mujer,6,146,49.8,147,1,1,-0.673,75,130,0.07,36,0,0.36,-0.9,0.28,-0.323,-0.673,-1.06,0.07,-0.46,-0.53,-0.94,-1.54,66.782,117.206,90.146,86.828,0,0,0,0
4914,58,Mujer,6.8,151,52.2,48,0,0,-0.191,40,160,-0.7,36,0,0.77,-0.48,-1.06,-0.191,-0.541,-0.7,0.43,-0.1,-0.17,-0.39,-0.99,366.554,643.322,494.796,476.585,0,0,0,0
4915,66,Mujer,7.2,123,29.8,295,0,0,-0.82,130,121,-2.24,36,0,-0.19,-0.85,0.54,-0.82,-1.17,-2.24,-1.12,-1.64,-1.72,-2.87,-3.47,947.065,1662.15,1278.404,1231.351,0,0,0,0
4916,61,Hombre,8.2,177,52.9,347,1,0,0.521,584,174,-4.3,36,0,-0.14,-0.63,0.11,0.521,0.171,-4.3,-3.17,-3.7,-3.77,-2.92,-3.52,108.865,191.063,146.952,141.543,0,0,0,0
4917,71,Mujer,8.8,160,55.6,272,1,0,-0.126,240,153,-3.49,36,0,0.56,0.41,2.98,-0.126,-0.476,-3.49,-2.36,-2.89,-2.96,-3.08,-3.68,259.007,454.571,349.623,336.755,0,0,0,0
4918,64,Hombre,9.3,130,25.6,740,1,1,-0.248,578,115,-3.15,36,0,0.48,-1.76,-0.48,0.102,-0.248,-4.28,-3.15,-3.68,-3.75,-3.52,-4.12,100.498,176.38,135.659,130.666,0,0,0,0
4919,61,Hombre,7.6,128,45.3,362,0,1,-0.355,254,123,-2.74,36,0,-0.58,-1.49,1.16,-0.005,-0.355,-3.87,-2.74,-3.27,-3.34,-3.28,-3.88,567.391,995.803,765.898,737.709,0,0,0,0
4920,66,Hombre,7.4,151,32.6,1067,1,0,-0.341,759,155,-4.27,36,0,0.91,0.04,-1.48,-0.341,-0.691,-4.27,-3.14,-3.67,-3.74,-4.18,-4.78,413.668,726.011,558.394,537.842,0,0,0,0
4921,65,Mujer,9.4,134,31.3,565,0,1,-0.349,399,120,-2.94,36,0,1.16,1.01,-0.03,0.001,-0.349,-4.07,-2.94,-3.47,-3.54,-3.47,-4.07,269.099,472.284,363.246,349.877,0,0,0,0
4922,58,Hombre,8.7,147,48.1,208,0,0,0.69,415,140,-3,36,0,2.15,0.51,1.99,0.69,0.34,-3,-1.87,-2.4,-2.47,-1.36,-1.96,226.398,397.341,305.605,294.358,0,0,0,0
4923,65,Hombre,6.6,138,26.3,28,0,0,0.408,42,139,-3.19,36,0,0.35,1.73,-2.12,0.408,0.058,-3.19,-2.06,-2.59,-2.66,-1.98,-2.58,433.832,761.398,585.612,564.058,0,0,0,0
4924,63,Hombre,8.6,127,29.9,364,0,1,-0.51,219,117,-0.95,36,0,0.47,-0.04,1.72,-0.16,-0.51,-2.08,-0.95,-1.48,-1.55,-1.72,-2.32,49.971,87.701,67.453,64.971,0,0,0,0
4925,71,Hombre,10.7,116,44.5,311,0,0,-0.304,230,112,-3.05,36,0,-1.52,-1.61,-0.96,-0.304,-0.654,-3.05,-1.93,-2.45,-2.53,-2.91,-3.51,285.458,500.994,385.327,371.145,0,0,0,0
4926,65,Mujer,7.7,142,27.5,10,0,0,0.148,12,139,-0.89,36,0,-1.18,0.23,0.61,0.148,-0.202,-0.89,0.24,-0.29,-0.36,-0.06,-0.66,82.008,143.929,110.7,106.625,0,0,0,0
4927,62,Hombre,7.6,138,41.8,35,0,1,-0.411,23,127,-1.8,36,0,0.11,1.5,0.2,-0.061,-0.411,-2.93,-1.8,-2.33,-2.4,-2.42,-3.02,1069.8,1877.558,1444.079,1390.929,0,0,0,0
4928,69,Mujer,8.6,143,41.8,484,0,1,-0.473,302,128,-2.55,36,0,-0.66,-0.75,-0.48,-0.123,-0.473,-3.67,-2.55,-3.07,-3.15,-3.26,-3.86,103.341,181.369,139.496,134.362,0,0,0,0
4929,74,Hombre,7.4,157,54.3,681,0,0,0.554,1185,149,-4.86,1.26,1,0.15,0.44,1.62,0.554,0.204,-4.86,-3.73,-4.26,-4.33,-3.43,-4.03,1.264,2.218,1.706,1.643,1,1,1,1
4930,69,Mujer,7.9,114,47.4,148,0,0,-0.412,98,120,-1.14,36,0,-0.53,2.63,-0.68,-0.412,-0.762,-1.14,-0.02,-0.54,-0.62,-1.16,-1.76,810.025,1421.638,1093.42,1053.176,0,0,0,0
4931,59,Mujer,8.7,142,46.1,77,1,0,-0.312,56,137,-2.63,36,0,0.2,-1.1,1.46,-0.312,-0.662,-2.63,-1.51,-2.03,-2.11,-2.5,-3.1,809.435,1420.603,1092.623,1052.408,0,0,0,0
4932,54,Mujer,7.7,131,60.3,186,0,1,-1.394,46,128,1.58,36,0,-0.45,-0.4,-0.36,-1.044,-1.394,0.46,1.58,1.06,0.98,-0.51,-1.11,12788.981,22445.361,17263.319,16627.932,0,0,0,0
4933,50,Mujer,8.1,137,50.9,98,0,1,-1.226,29,147,0.16,36,0,-0.11,-0.93,-1.48,-0.876,-1.226,-0.97,0.16,-0.37,-0.44,-1.68,-2.28,2729.014,4789.568,3683.783,3548.199,0,0,0,0
4934,71,Hombre,7.2,172,30.1,278,0,0,0.461,441,155,-4.33,36,0,0.29,-0.36,-0.47,0.461,0.111,-4.33,-3.2,-3.73,-3.8,-3.04,-3.64,62.72,110.078,84.664,81.548,0,0,0,0
4935,57,Hombre,7.4,130,44.9,199,0,0,0.657,384,133,-2.53,36,0,0.48,0.25,0.98,0.657,0.307,-2.53,-1.41,-1.93,-2.01,-0.95,-1.55,192.817,338.405,260.276,250.697,0,0,0,0
4936,78,Mujer,7,119,45.9,42,0,0,-0.001,42,130,-3.82,36,0,-1,-1.35,0.25,-0.001,-0.351,-3.82,-2.69,-3.22,-3.29,-3.22,-3.82,127.581,223.911,172.216,165.878,0,0,0,0
4937,72,Hombre,9,132,20,384,0,1,-0.502,233,125,-3.45,36,0,-0.45,1.28,0.85,-0.152,-0.502,-4.58,-3.45,-3.98,-4.05,-4.21,-4.81,145.425,255.229,196.303,189.078,0,0,0,0
4938,58,Hombre,7.3,146,56.3,232,0,1,-0.921,92,129,-2.18,36,0,-0.68,0.56,-0.7,-0.571,-0.921,-3.3,-2.18,-2.7,-2.78,-3.56,-4.16,809.552,1420.807,1092.78,1052.56,0,0,0,0
4939,65,Hombre,7.1,122,50.7,83,0,1,-0.521,49,121,-2.76,36,0,0.32,0.28,-0.97,-0.171,-0.521,-3.89,-2.76,-3.29,-3.36,-3.54,-4.14,1130.25,1983.65,1525.677,1469.524,0,0,0,0
4940,84,Mujer,7.2,132,47.7,87,1,1,0.373,126,126,-4.87,36,0,1.21,-0.32,-0.56,0.723,0.373,-5.99,-4.87,-5.39,-5.47,-4.31,-4.91,783.171,1374.509,1057.171,1018.261,0,0,0,0
4941,68,Mujer,6.6,133,44.6,140,1,1,-0.637,74,124,-0.72,36,0,-0.26,1.37,-1.89,-0.287,-0.637,-1.84,-0.72,-1.24,-1.32,-1.67,-2.27,989.693,1736.966,1335.946,1286.776,0,0,0,0
4942,75,Mujer,6.6,135,51.4,308,1,0,-0.326,222,136,-2.17,36,0,-0,-0.65,-0.95,-0.326,-0.676,-2.17,-1.05,-1.57,-1.65,-2.06,-2.66,203.591,357.313,274.819,264.704,0,0,0,0
4943,62,Hombre,7.5,143,55.6,235,0,1,-0.04,226,128,-2.89,36,0,-1.58,0.77,0.49,0.31,-0.04,-4.02,-2.89,-3.42,-3.49,-2.95,-3.55,593.759,1042.08,801.491,771.992,0,0,0,0
4944,73,Hombre,9.5,151,51,69,0,0,0.507,115,147,-2.94,36,0,0.86,0.5,-1.03,0.507,0.157,-2.94,-1.81,-2.34,-2.41,-1.58,-2.18,61.956,108.735,83.631,80.553,0,0,0,0
4945,67,Mujer,9.3,131,52.2,179,1,0,-0.077,166,132,-2.76,36,0,0.82,0.19,-0.77,-0.077,-0.427,-2.76,-1.64,-2.16,-2.24,-2.28,-2.88,388.91,682.559,524.974,505.652,0,0,0,0
4946,90,Mujer,8.8,137,32.1,103,0,0,-0.158,88,149,-3.05,36,0,-0.42,-1.06,-0.57,-0.158,-0.508,-3.05,-1.93,-2.45,-2.53,-2.69,-3.29,131.572,230.916,177.603,171.067,0,0,0,0
4947,57,Hombre,8.7,122,64.6,40,0,1,-0.465,25,119,0.98,36,0,0.62,0.23,-0.36,-0.115,-0.465,-0.15,0.98,0.45,0.38,0.28,-0.32,107.286,188.293,144.821,139.491,0,0,0,0
4948,59,Hombre,7.3,139,55.8,177,0,1,-1.004,65,129,0.11,36,0,-1.44,0.09,0.14,-0.654,-1.004,-1.01,0.11,-0.41,-0.49,-1.39,-1.99,5554.536,9748.514,7497.839,7221.877,0,0,0,0
4949,63,Hombre,8.2,141,47.7,65,1,1,0.05,68,130,-2.31,18.16,1,-2.55,0.01,-0.14,0.4,0.05,-3.44,-2.31,-2.84,-2.91,-2.24,-2.84,10.345,18.155,13.964,13.45,1,1,1,1
4950,64,Mujer,6.4,127,50.1,152,1,1,-0.296,113,132,-1.6,36,0,-0.94,0.65,-1.92,0.054,-0.296,-2.72,-1.6,-2.12,-2.2,-2.04,-2.64,1671.845,2934.178,2256.754,2173.693,0,0,0,0
4951,64,Hombre,6.9,156,56.2,33,0,1,0.11,37,138,-3.7,36,0,-0.35,-1.01,0.81,0.46,0.11,-4.82,-3.7,-4.22,-4.3,-3.53,-4.13,231.238,405.836,312.139,300.651,0,0,0,0
4952,59,Mujer,8.5,145,52.9,613,0,1,-1.037,217,139,-0.93,36,0,0.55,0.08,-1.12,-0.687,-1.037,-2.05,-0.93,-1.45,-1.53,-2.48,-3.08,1653.715,2902.36,2232.281,2150.121,0,0,0,0
4953,73,Hombre,7,136,38.3,87,0,0,0.503,144,129,-2.97,2.08,1,2.76,-0.05,-0.86,0.503,0.153,-2.97,-1.85,-2.37,-2.45,-1.62,-2.22,2.076,3.644,2.803,2.7,1,1,1,1
4954,73,Mujer,7.5,148,33.6,343,0,0,0.398,511,145,-3.4,36,0,-1.1,-0.36,-0.02,0.398,0.048,-3.4,-2.27,-2.8,-2.87,-2.2,-2.8,233.003,408.933,314.521,302.945,0,0,0,0
4955,74,Mujer,8.8,158,51.4,136,0,0,0.091,149,158,-5.01,36,0,-0.75,1.02,-0.51,0.091,-0.259,-5.01,-3.88,-4.41,-4.48,-4.27,-4.87,78.64,138.018,106.153,102.246,0,0,0,0
4956,52,Hombre,6.8,136,66.6,177,0,0,-0.21,144,130,-1.87,36,0,-0.56,-1.14,1.35,-0.21,-0.56,-1.87,-0.74,-1.27,-1.34,-1.58,-2.18,1445.53,2536.984,1951.261,1879.444,0,0,0,0
4957,59,Hombre,7.5,147,40,419,1,0,-0.359,293,147,-3.37,36,0,-0.61,0.05,0.94,-0.359,-0.709,-3.37,-2.25,-2.77,-2.85,-3.31,-3.91,238.155,417.974,321.475,309.643,0,0,0,0
4958,68,Hombre,5.5,141,42.1,92,1,0,-0.254,71,130,-1.12,36,0,0.51,-0.9,-0.83,-0.254,-0.604,-1.12,0.01,-0.52,-0.59,-0.9,-1.5,516.084,905.755,696.64,671,0,0,0,0
4959,59,Mujer,6.2,150,46.8,13,0,0,-0.048,12,168,1.23,36,0,-1.94,0.43,0.53,-0.048,-0.398,1.23,2.35,1.83,1.75,1.76,1.16,378.535,664.35,510.969,492.162,0,0,0,0
4960,66,Hombre,8.8,125,40.3,359,0,1,-1.047,126,126,-0.58,36,0,2.55,0.92,0.69,-0.697,-1.047,-1.7,-0.58,-1.1,-1.18,-2.15,-2.75,551.049,967.12,743.838,716.46,0,0,0,0
4961,61,Hombre,7.2,131,49.9,155,1,0,-0.123,137,135,-1.48,36,0,-0.91,-0.97,-0.36,-0.123,-0.473,-1.48,-0.35,-0.88,-0.95,-1.06,-1.66,219.663,385.52,296.514,285.6,0,0,0,0
4962,79,Mujer,7.2,146,32.8,90,1,0,1.006,246,138,-5.63,36,0,0.25,-0.18,-1.21,1.006,0.656,-5.63,-4.5,-5.03,-5.1,-3.52,-4.12,39.6,69.5,53.454,51.487,0,0,0,0
4963,68,Hombre,6.8,145,50.3,194,0,0,-0.527,115,159,-2.05,36,0,-0.88,1,0.17,-0.527,-0.877,-2.05,-0.93,-1.45,-1.53,-2.24,-2.84,155.473,272.864,209.867,202.142,0,0,0,0
4964,57,Mujer,5.5,146,40.2,1645,0,0,-0.404,1099,156,-2.01,36,0,0.79,0.8,1.04,-0.404,-0.754,-2.01,-0.89,-1.41,-1.49,-2.02,-2.62,196.236,344.406,264.891,255.142,0,0,0,0
4965,70,Hombre,7.6,135,42.2,87,0,1,0.553,151,139,-1.25,36,0,0.48,2.53,-1.06,0.903,0.553,-2.37,-1.25,-1.77,-1.85,-0.42,-1.02,375.777,659.509,507.246,488.577,0,0,0,0
4966,70,Hombre,8.9,156,48.1,476,0,1,-0.698,237,155,-2.51,0.29,1,-0.82,0.19,1.08,-0.348,-0.698,-3.64,-2.51,-3.04,-3.11,-3.56,-4.16,0.167,0.293,0.226,0.217,1,1,1,1
4967,54,Mujer,7.4,143,52.7,246,1,0,0.082,267,142,-1.66,36,0,-1.95,-1.65,-0.72,0.082,-0.268,-1.66,-0.53,-1.06,-1.13,-0.94,-1.54,254.196,446.128,343.129,330.5,0,0,0,0
4968,67,Mujer,9.8,155,50.1,449,0,1,-0.122,398,151,-3.95,36,0,0.16,1.22,-0.49,0.228,-0.122,-5.07,-3.95,-4.47,-4.55,-4.13,-4.73,1697.464,2979.142,2291.336,2207.002,0,0,0,0
4969,64,Hombre,6.6,114,49.4,120,1,0,0.059,127,115,-2.99,36,0,-1.4,2.41,-1.22,0.059,-0.291,-2.99,-1.87,-2.39,-2.47,-2.31,-2.91,774.964,1360.104,1046.092,1007.59,0,0,0,0
4970,83,Hombre,7.6,130,49.9,174,0,1,-0.766,81,116,-0.17,36,0,0.82,-0.57,-0.52,-0.416,-0.766,-1.29,-0.17,-0.69,-0.77,-1.31,-1.91,163.806,287.488,221.114,212.976,0,0,0,0
4971,49,Hombre,8.4,147,41.7,892,0,1,-0.414,590,148,-3.1,36,0,-0.34,1.24,-1.65,-0.064,-0.414,-4.22,-3.1,-3.62,-3.7,-3.72,-4.32,84.609,148.494,114.211,110.007,0,0,0,0
4972,61,Mujer,7.1,136,45,41,0,1,-0.027,40,135,-0.81,36,0,-0.01,-0.14,-1.65,0.323,-0.027,-1.94,-0.81,-1.34,-1.41,-0.85,-1.45,2204.228,3868.54,2975.396,2865.885,0,0,0,0
4973,90,Hombre,9,125,36.4,29,0,0,0.532,49,121,-3.95,36,0,1.49,-0.19,0.01,0.532,0.182,-3.95,-2.82,-3.35,-3.42,-2.55,-3.15,580.27,1018.405,783.282,754.453,0,0,0,0
4974,57,Hombre,6.8,142,63.4,169,0,0,0.377,246,142,-2.61,36,0,-0.59,-0.74,-0.4,0.377,0.027,-2.61,-1.48,-2.01,-2.08,-1.44,-2.04,609.325,1069.398,822.502,792.23,0,0,0,0
4975,53,Hombre,9,139,33.6,398,0,1,-0.626,213,133,-1.28,36,0,0.26,2.18,0.17,-0.276,-0.626,-2.4,-1.28,-1.8,-1.88,-2.22,-2.82,549.469,964.348,741.705,714.406,0,0,0,0
4976,69,Hombre,9.5,146,49.2,259,0,1,-0.215,209,147,-3.24,36,0,1.72,0.97,-1.58,0.135,-0.215,-4.37,-3.24,-3.77,-3.84,-3.57,-4.17,149.889,263.064,202.33,194.883,0,0,0,0
4977,51,Mujer,6.8,119,48.3,19,0,0,0.371,28,112,-1.21,36,0,-1.4,0.47,1.5,0.371,0.021,-1.21,-0.08,-0.61,-0.68,-0.05,-0.65,1048.394,1839.989,1415.184,1363.097,0,0,0,0
4978,81,Hombre,8.2,164,25.9,104,1,0,-0.071,97,164,-3.82,36,0,1.87,0.09,1.65,-0.071,-0.421,-3.82,-2.7,-3.22,-3.3,-3.33,-3.93,296.22,519.883,399.856,385.139,0,0,0,0
4979,59,Hombre,7.2,153,43.5,346,0,1,1.197,1145,148,-3.45,36,0,-0.29,-0.41,-0.64,1.547,1.197,-4.58,-3.45,-3.98,-4.05,-1.66,-2.26,121.455,213.16,163.947,157.913,0,0,0,0
4980,74,Hombre,8.2,142,42.5,161,0,1,-0.382,110,136,-1.06,36,0,-1,0.9,-0.83,-0.032,-0.382,-2.18,-1.06,-1.58,-1.66,-1.63,-2.23,1573.303,2761.234,2123.738,2045.572,0,0,0,0
4981,70,Hombre,8.5,132,48.3,28,0,0,0.2,34,136,-2.46,36,0,-1.71,0.08,-1.04,0.2,-0.15,-2.46,-1.33,-1.86,-1.93,-1.56,-2.16,206.558,362.52,278.824,268.562,0,0,0,0
4982,64,Mujer,9.1,137,49.2,134,0,1,-0.28,101,130,-0.97,36,0,-1.3,-0.71,1.23,0.07,-0.28,-2.09,-0.97,-1.49,-1.57,-1.39,-1.99,1041.877,1828.552,1406.387,1354.624,0,0,0,0
4983,62,Mujer,6.4,155,46.9,89,0,0,0.151,103,144,-3.22,36,0,1.36,0.72,0.04,0.151,-0.199,-3.22,-2.09,-2.62,-2.69,-2.39,-2.99,567.606,996.179,766.188,737.988,0,0,0,0
4984,47,Hombre,8.8,130,58.6,45,0,1,-0.575,25,144,0,36,0,-2.42,1.71,-0.01,-0.225,-0.575,-1.12,0,-0.52,-0.6,-0.86,-1.46,6478.494,11370.11,8745.052,8423.185,0,0,0,0
4985,52,Hombre,5.5,148,45.3,78,1,0,1.056,224,164,-3.91,36,0,-0.78,1.25,-1.75,1.056,0.706,-3.91,-2.78,-3.31,-3.38,-1.73,-2.33,58.787,103.174,79.354,76.433,0,0,0,0
4986,51,Mujer,6,133,54.9,53,0,0,-0.408,35,142,0.81,36,0,-0.39,-0.2,0.94,-0.408,-0.758,0.81,1.94,1.41,1.34,0.8,0.2,279.139,489.904,376.798,362.93,0,0,0,0
4987,62,Mujer,6.5,141,59.8,14,0,0,0.695,28,138,-1.61,36,0,-0.4,-1.25,0.38,0.695,0.345,-1.61,-0.48,-1.01,-1.08,0.03,-0.57,1890.422,3317.795,2551.803,2457.883,0,0,0,0
4988,82,Mujer,8.2,147,50.5,100,1,0,0.349,142,134,-4.12,36,0,-1.1,-0.24,-0.92,0.349,-0.001,-4.12,-2.99,-3.52,-3.59,-3,-3.6,374.886,657.946,506.043,487.418,0,0,0,0
4989,67,Mujer,9,130,46.4,366,0,1,-0.957,141,132,-0.67,36,0,-0.68,0.49,0.62,-0.607,-0.957,-1.8,-0.67,-1.2,-1.27,-2.11,-2.71,1520.972,2669.389,2053.097,1977.532,0,0,0,0
4990,75,Mujer,8.9,124,44.4,398,0,0,-0.257,308,137,-5.36,36,0,0.82,0.19,1.26,-0.257,-0.607,-5.36,-4.24,-4.76,-4.84,-5.15,-5.75,748.199,1313.129,1009.962,972.79,0,0,0,0
4991,58,Hombre,8.9,131,47.7,670,0,0,0.291,896,130,-3.92,21.86,1,-1.49,-0.07,-0.89,0.291,-0.059,-3.92,-2.79,-3.32,-3.39,-2.88,-3.48,21.857,38.361,29.504,28.418,1,0,1,1
4992,58,Mujer,8,146,48.9,113,1,1,-0.496,69,126,-1.48,36,0,-0.37,0.26,-0.81,-0.146,-0.496,-2.6,-1.48,-2,-2.08,-2.22,-2.82,1072.089,1881.575,1447.169,1393.905,0,0,0,0
4993,70,Mujer,8.8,148,48.1,183,0,0,-0.233,145,154,-2.07,36,0,-0.5,1.09,-0.61,-0.233,-0.583,-2.07,-0.95,-1.47,-1.55,-1.82,-2.42,1045.051,1834.122,1410.672,1358.751,0,0,0,0
4994,56,Hombre,9.4,144,50.4,91,0,0,0.331,127,150,-2.27,36,0,-0.62,-0.53,-0.78,0.331,-0.019,-2.27,-1.14,-1.67,-1.74,-1.17,-1.77,290.361,509.6,391.947,377.521,0,0,0,0
4995,51,Hombre,7.1,130,52.1,128,0,1,0.085,139,125,-1,36,0,-1.55,-0.32,-3.03,0.435,0.085,-2.12,-1,-1.52,-1.6,-0.87,-1.47,1675.269,2940.188,2261.376,2178.145,0,0,0,0
4996,61,Hombre,7.3,129,55.6,167,1,1,-0.282,126,136,-1.2,36,0,1.07,0.21,-1.38,0.068,-0.282,-2.32,-1.2,-1.72,-1.8,-1.62,-2.22,384.49,674.801,519.007,499.905,0,0,0,0
4997,57,Mujer,7.1,132,62.2,15,0,0,0.335,21,133,-2.31,36,0,0.57,-0.33,1.54,0.335,-0.015,-2.31,-1.18,-1.71,-1.78,-1.2,-1.8,1438.891,2525.332,1942.299,1870.812,0,0,0,0
4998,50,Mujer,8.8,97,65.5,23,0,1,-0.231,18,95,1.75,36,0,-1.94,-0.68,-0.53,0.119,-0.231,0.62,1.75,1.22,1.15,1.4,0.8,2907.723,5103.213,3925.016,3780.553,0,0,0,0
4999,76,Mujer,7.7,143,46.4,53,0,1,-1.117,17,143,-2.48,36,0,1.92,-0.75,-1.36,-0.767,-1.117,-3.61,-2.48,-3.01,-3.08,-4.16,-4.76,606.618,1064.648,818.849,788.711,0,0,0,0
5000,61,Mujer,6.2,142,21.4,174,0,0,-0.569,98,144,-1.1,36,0,0.63,0.01,0.29,-0.569,-0.919,-1.1,0.03,-0.5,-0.57,-1.35,-1.95,103.187,181.1,139.288,134.162,0,0,0,0
