id,edad,sexo,dm,ecv,tfg,uacr,albumina,fosforo,bicarbonato,tiempo_meses,estado
1,72,Hombre,0,0,16.8,1738,3.5,3.8,24,31,2
2,53,Hombre,0,0,24.5,38,4.1,4.2,21,60,0
3,68,Mujer,0,0,31.9,81,5,3.4,20,50,0
4,65,Hombre,1,0,26.4,3763,3.3,2.8,21,13,0
5,58,Mujer,0,1,27.2,408,4.2,4.5,25,44,0
6,36,Hombre,0,0,37.2,308,4.7,3.8,28,25,0
7,57,Hombre,0,1,28.6,213,3.7,2.6,19,49,0
8,54,Mujer,0,1,15.2,314,4.2,4.9,18,12,1
9,67,Hombre,0,0,30.9,207,4.3,3.8,20,37,0
10,60,Hombre,0,0,34.4,434,3.3,3.4,24,54,0
11,61,Mujer,1,0,33.5,327,4.6,2.2,22,10,2
12,57,Hombre,1,1,22.7,807,3.1,3.7,23,13,1
13,63,Mujer,0,0,31.1,242,4.1,2.9,18,47,1
14,63,Mujer,1,0,29.7,5608,3.9,3.2,21,6,1
15,35,Hombre,1,0,26,55,4.4,3.4,24,41,0
16,82,Hombre,1,0,40.8,3072,4,3,20,37,1
17,73,Mujer,1,0,26.7,2304,3.6,5,23,5,1
18,69,Hombre,0,0,33.1,583,3.7,4.8,24,46,0
19,56,Hombre,0,0,20.6,102,4.3,3.6,14,40,0
20,74,Hombre,1,1,30,917,3.7,4.4,27,49,1
21,62,Hombre,1,0,18.2,2645,3.4,4.4,21,41,1
22,64,Hombre,0,1,24.8,691,4.7,4.5,19,47,1
23,49,Hombre,0,0,10.3,191,3.7,5.2,23,24,1
24,84,Hombre,0,1,22.7,31,3.5,4.3,23,5,2
25,67,Hombre,1,0,23.3,2663,3.8,4.4,17,10,1
26,89,Hombre,1,1,16.6,406,2.9,3.9,24,1,2
27,87,Mujer,0,0,37.3,33,3.8,4.1,23,34,2
28,67,Hombre,0,1,23.7,289,4,3.1,23,21,0
29,74,Mujer,1,0,19.3,293,3.5,3.7,26,18,1
30,87,Mujer,1,0,35.5,1254,3.7,3.4,23,60,0
31,60,Hombre,1,0,28.1,443,3.8,2.4,23,26,2
32,68,Mujer,0,0,22.6,1179,3.7,4.2,18,27,1
33,63,Mujer,0,0,12.1,1345,4.1,4.4,24,9,1
34,70,Mujer,1,1,33.7,2102,4.5,3.3,28,34,0
35,68,Hombre,0,0,27.1,34,3.9,3.6,22,28,0
36,80,Mujer,0,1,27.3,102,4.5,3.8,20,50,0
37,73,Hombre,1,0,37.8,412,3.7,2.4,25,38,0
38,55,Hombre,1,0,31.7,6000,4,3.2,23,51,0
39,73,Hombre,0,0,33.4,136,3.6,3.7,20,19,2
40,56,Hombre,1,0,28.6,2157,4.2,3.8,21,39,0
41,52,Mujer,0,0,21.5,860,4.3,2.7,19,24,0
42,75,Hombre,1,0,22.1,995,4.1,4.1,21,36,1
43,52,Hombre,1,0,26.5,1537,3.7,3.5,25,40,0
44,70,Mujer,1,0,33.6,114,3.9,3.9,24,33,0
45,56,Hombre,0,0,36.4,411,4.2,4.4,22,46,2
46,83,Hombre,0,0,30.9,14,4.4,4.1,21,34,0
47,75,Mujer,0,0,24.2,189,3.9,4.1,25,7,2
48,61,Hombre,1,0,26.7,260,4,4.1,28,19,2
49,76,Hombre,1,0,19.8,17,3.4,3,24,46,0
50,71,Hombre,1,1,28.2,105,3.7,2.3,29,45,0
51,52,Hombre,1,0,33.2,1215,4,4.4,23,39,1
52,64,Hombre,0,0,34.9,147,4.3,3.3,22,36,0
53,55,Mujer,0,0,32.7,449,4.1,3.6,27,30,0
54,71,Hombre,0,0,19.7,2542,3.1,2.2,18,39,1
55,58,Hombre,1,0,40.1,1459,3.3,2.7,26,38,0
56,63,Hombre,0,0,21.3,502,3.4,3.4,20,18,1
57,51,Mujer,1,0,27.2,632,3.5,4.3,20,33,0
58,54,Hombre,0,0,23.1,1117,3.4,2.5,21,20,1
59,68,Hombre,1,0,43.1,2124,3.6,3.2,27,10,0
60,54,Mujer,0,0,28.9,382,3.5,3.2,22,10,1
61,64,Mujer,0,1,35.8,110,4.3,2.7,26,9,2
62,68,Hombre,0,0,30.6,800,4,3.7,18,52,0
63,64,Mujer,1,0,30.6,373,3.7,3.1,23,49,0
64,63,Hombre,1,0,7.9,3343,3.5,4,24,12,1
65,45,Mujer,0,0,26.1,101,3.5,3.6,24,10,1
66,63,Hombre,1,0,27.1,151,4.4,3.8,19,22,1
67,44,Hombre,0,0,29.9,40,4.5,3,22,36,0
68,80,Hombre,1,0,18.5,710,3.4,4.2,28,55,1
69,54,Hombre,0,1,36.3,212,4.7,3.7,18,24,0
70,68,Mujer,1,0,24.1,82,2.7,4.4,19,16,1
71,72,Hombre,0,0,22.5,1616,4.3,3.2,25,20,1
72,66,Hombre,1,0,38.3,77,3.9,3.8,24,57,0
73,82,Hombre,1,0,31.8,146,3.6,3.5,24,28,0
74,56,Hombre,0,0,11.6,127,3.3,4.7,24,32,1
75,71,Hombre,1,1,41.2,876,4.5,3.7,23,6,2
76,54,Hombre,1,1,25.2,6000,4,3.8,19,55,0
77,91,Hombre,0,1,18.9,618,4.1,3.3,23,43,0
78,74,Mujer,1,0,23.9,498,3.4,4.5,22,17,2
79,62,Hombre,1,1,22.4,1761,4.3,2.7,28,15,1
80,75,Hombre,0,0,21.9,104,4.4,3.8,18,27,0
81,52,Mujer,0,0,34.3,1393,4.1,3.8,26,36,2
82,84,Hombre,0,0,40.8,549,5,2.7,22,54,0
83,52,Hombre,0,0,28.7,915,4.2,3.4,23,53,0
84,47,Hombre,0,1,20.4,1111,4,4.2,20,4,1
85,65,Mujer,1,0,34.6,2033,3.4,2.5,22,30,0
86,76,Mujer,1,1,27.4,102,3.9,3.7,21,3,2
87,66,Mujer,1,0,26.9,880,3.3,4.2,22,44,1
88,57,Mujer,1,0,22.7,517,4,3.7,25,15,1
89,80,Mujer,1,0,21.9,398,4.2,3.8,22,41,0
90,95,Hombre,1,1,18.1,620,2.9,4.5,22,4,1
91,42,Hombre,0,0,32,435,3.9,3.5,26,55,2
92,84,Mujer,0,0,40.6,220,4.5,3.1,24,53,0
93,60,Mujer,1,0,12.9,706,3.8,5,19,13,1
94,78,Hombre,0,0,38.7,73,5,2.8,29,51,0
95,44,Mujer,0,0,10.8,422,4.4,4.1,24,7,1
96,63,Mujer,1,0,21.6,420,4,4.6,21,41,0
97,54,Hombre,0,1,18.2,1352,4.3,3.4,20,8,1
98,60,Mujer,0,0,40.2,294,4.2,3.2,24,46,0
99,53,Mujer,0,0,25.5,6000,3.9,4.2,25,54,0
100,70,Mujer,1,0,30.5,1771,3.5,5.2,25,2,1
101,81,Hombre,1,1,28.6,292,3.8,3,27,24,2
102,60,Hombre,0,0,33.7,360,3.9,3.6,24,31,0
103,63,Hombre,0,0,29.6,1268,3.6,3.2,27,4,1
104,53,Hombre,0,0,23.2,1401,4.1,4.5,26,1,1
105,78,Hombre,0,1,30.1,36,4,3.5,21,35,0
106,73,Mujer,1,1,36.1,795,4.4,3.9,24,36,0
107,47,Mujer,1,0,24.2,1703,4.5,3.8,24,21,1
108,84,Hombre,1,1,5,794,4.1,4.1,18,10,1
109,52,Mujer,0,1,41.1,1343,4,3.4,28,18,2
110,53,Mujer,0,0,29.9,1249,4.4,4,22,44,0
111,48,Hombre,0,0,24.3,2085,3.9,5.1,21,9,1
112,52,Hombre,0,1,38,53,4.6,3.2,26,27,0
113,62,Hombre,1,0,16.4,1809,3.7,3.9,24,5,1
114,72,Mujer,0,1,33.2,197,3.7,3.5,18,40,0
115,57,Hombre,1,1,35.8,1311,4,2.7,24,2,1
116,64,Hombre,0,0,29.9,44,3.9,3.4,23,31,0
117,63,Hombre,0,0,26.2,303,3.9,3.4,20,44,0
118,80,Mujer,0,0,21.3,2930,3.9,4.7,25,46,1
119,93,Mujer,1,0,31.1,851,4.1,4.2,26,14,1
120,53,Hombre,1,0,31.3,6000,3.5,3.5,25,33,2
121,89,Hombre,0,0,31.9,117,4,2.5,25,53,0
122,92,Mujer,1,1,38.1,630,3.7,3.6,30,28,0
123,69,Hombre,0,0,34.4,15,4,3.4,22,26,0
124,77,Hombre,0,0,34.2,100,4,4,23,9,2
125,45,Hombre,0,0,20.4,61,4.4,2.7,26,52,0
126,72,Mujer,1,0,24.4,3680,3.7,4.2,22,26,1
127,59,Hombre,0,0,35,97,4.4,3.2,31,47,0
128,64,Hombre,0,1,25.5,162,4.7,3.3,25,30,0
129,73,Hombre,1,0,14.9,2437,3.7,5.1,23,16,1
130,78,Mujer,0,0,34.2,226,3.8,3.1,22,8,2
131,65,Mujer,1,0,16,189,3.3,2.9,22,59,0
132,95,Hombre,1,1,27.6,741,3.6,3.7,25,33,0
133,73,Hombre,1,1,30.2,1663,3.5,3.4,21,27,2
134,64,Hombre,0,1,23.4,132,4.1,4.4,28,49,0
135,71,Mujer,1,0,32.2,19,3.5,3.5,27,23,2
136,65,Mujer,0,1,23.5,16,4,3.4,23,13,2
137,53,Mujer,1,1,21.5,3421,4.5,3.7,19,3,1
138,72,Mujer,0,0,39.8,509,3.5,3,18,53,0
139,77,Mujer,0,1,22.7,427,4.2,4.4,18,34,1
140,71,Mujer,1,0,23,3665,3.4,4.3,23,32,0
141,70,Mujer,0,1,33.3,432,3.8,3.5,21,54,0
142,68,Mujer,0,0,30.5,269,3.5,3.2,22,47,0
143,76,Mujer,0,0,38.1,1890,4.8,3.5,27,54,0
144,51,Hombre,1,0,19.4,359,4.2,4.5,19,21,1
145,80,Hombre,1,0,32.6,106,3.3,4,22,19,2
146,55,Mujer,1,0,26,515,4.5,3.7,28,46,0
147,70,Hombre,1,0,20.6,487,3.7,3.1,16,18,1
148,75,Mujer,1,0,27.9,3450,3.4,4.9,24,50,0
149,69,Mujer,0,0,13.5,198,3.1,3.8,27,29,0
150,47,Mujer,1,0,41.6,950,4,3.5,28,37,0
151,66,Hombre,1,1,16.7,48,3.5,3.5,22,20,2
152,70,Hombre,1,0,23.9,2534,4.4,4.4,23,5,1
153,78,Hombre,1,0,21.4,1190,3.3,3.7,20,20,2
154,72,Hombre,0,0,36.2,303,3.2,3.2,23,40,2
155,73,Hombre,0,0,24.5,31,3.7,2.9,29,52,0
156,80,Hombre,1,1,34.2,6000,3.9,3.8,22,11,2
157,58,Hombre,0,0,23.4,4057,4.2,3.9,27,12,1
158,59,Hombre,0,0,42.2,1367,3.9,2.6,28,13,1
159,66,Hombre,0,0,35.8,171,3.7,3.6,22,39,0
160,70,Hombre,0,0,30.5,185,4.7,3,26,53,0
161,83,Mujer,1,0,27.3,128,2.8,4,28,16,0
162,56,Hombre,1,1,24.4,1501,3.3,3.4,28,8,1
163,56,Mujer,1,0,24.5,3561,3.6,3.9,28,5,1
164,75,Mujer,1,1,38.4,337,3.9,3.6,24,45,0
165,61,Mujer,0,0,26.7,5932,3.7,4.3,24,14,1
166,63,Hombre,0,1,30.8,40,3.7,2.6,25,31,0
167,73,Hombre,0,0,22.8,3186,3.7,4.9,22,19,1
168,59,Hombre,0,0,31,1290,4.4,3.1,20,38,0
169,57,Hombre,1,0,7.6,68,3.7,2.8,20,15,1
170,63,Mujer,0,0,24.3,21,3.4,3.9,17,52,0
171,61,Mujer,0,0,20.2,59,3.5,2.7,17,44,0
172,58,Mujer,1,0,27.6,6000,3.6,2.8,25,1,1
173,77,Mujer,0,1,38.9,50,4,2.5,25,38,0
174,60,Hombre,1,0,30.2,1623,3.7,4.3,24,8,0
175,67,Hombre,1,0,20,250,4.5,3.1,25,10,1
176,68,Mujer,1,0,39.1,101,3.8,2.6,26,49,0
177,44,Hombre,0,1,35.4,30,4.3,2.2,25,55,0
178,70,Hombre,1,0,41,132,4.1,2.4,25,25,2
179,84,Hombre,0,0,20.9,695,3.6,3.7,20,31,0
180,66,Hombre,0,0,17.4,100,3.7,4.3,27,49,0
181,57,Hombre,0,0,44,87,4.4,3.2,21,46,0
182,82,Mujer,1,1,28,845,3.3,4.2,21,45,0
183,69,Mujer,1,1,34.8,640,3.6,4,22,48,0
184,78,Hombre,1,0,17.5,215,2.8,3.9,22,1,1
185,69,Hombre,0,0,40.9,257,3.7,3,22,39,0
186,73,Hombre,1,1,24.3,344,3.7,4.6,25,1,2
187,83,Mujer,0,0,17.3,568,3.5,4.2,20,25,0
188,74,Hombre,0,0,20.5,398,3.4,3.2,25,27,2
189,71,Mujer,1,0,13.8,409,3.6,3.5,20,27,0
190,58,Mujer,1,0,33.7,146,4.2,3.6,26,53,0
191,73,Hombre,1,0,29.6,260,3.2,3.9,23,30,0
192,61,Hombre,0,0,29.8,57,4.6,5.1,23,27,2
193,92,Mujer,1,1,26.2,2271,3.8,3.9,25,2,2
194,70,Mujer,0,0,42.5,107,4.3,3.6,26,32,0
195,56,Hombre,0,0,22.6,23,3.4,3.6,23,38,0
196,86,Hombre,1,0,44,139,3.5,3.5,21,40,0
197,60,Mujer,1,0,35.2,212,4,2.3,25,24,0
198,47,Hombre,0,0,35.5,928,3.2,2.9,26,45,0
199,53,Mujer,0,0,28.8,376,4.7,3.8,21,29,0
200,66,Mujer,0,0,28.3,188,4,3.7,26,13,2
201,61,Hombre,0,1,27.7,14,3.6,3.7,28,24,0
202,72,Mujer,0,0,27.2,1419,4,4.2,27,34,0
203,63,Mujer,0,1,27.5,837,4.4,3.4,23,32,2
204,44,Hombre,0,0,17.8,167,3.4,3.8,21,5,1
205,63,Hombre,0,0,33.7,33,4.1,3.6,23,59,0
206,87,Mujer,1,1,24.2,1197,3.4,2.9,21,9,1
207,61,Mujer,1,1,17.3,3993,3.8,4,23,1,2
208,59,Mujer,0,0,29.1,117,4.3,3.7,29,59,0
209,65,Hombre,0,0,22.7,860,4.1,5.2,22,1,1
210,86,Hombre,1,0,44,375,3.6,2.4,25,8,2
211,56,Hombre,1,0,41.2,1864,4.7,4.6,23,24,0
212,75,Mujer,0,0,27.4,407,4.1,3.7,23,10,2
213,59,Mujer,1,0,29.2,237,4.9,3.8,24,1,1
214,62,Hombre,1,0,22.9,454,4.4,3.8,22,25,0
215,62,Hombre,0,0,35,143,3.5,4,23,9,2
216,75,Mujer,1,1,21.5,6000,3.7,3.6,21,27,0
217,73,Mujer,1,1,20,225,3.6,4,24,1,0
218,79,Hombre,1,1,34.8,1254,4.1,3.5,25,31,0
219,79,Mujer,1,0,24.9,559,3.9,3,28,12,1
220,92,Hombre,1,0,25.9,763,3.7,4.1,30,4,1
221,67,Hombre,1,1,32.4,208,4,3.4,23,59,0
222,36,Hombre,0,0,9,181,4.4,3.2,23,31,1
223,60,Hombre,1,1,23.8,1614,3.4,4.1,21,10,1
224,57,Hombre,0,0,23.9,79,3.8,4,25,52,0
225,62,Hombre,0,0,26.9,592,4.3,3.5,24,38,0
226,80,Hombre,1,0,37.1,738,4.3,3.9,24,30,0
227,59,Hombre,1,0,18.6,530,4.3,4.5,17,18,1
228,56,Mujer,0,0,32.7,159,4.3,2.3,26,35,0
229,72,Hombre,0,0,27.5,63,4.1,4,20,17,2
230,74,Mujer,1,0,23.3,1076,3.8,4.7,20,31,0
231,63,Mujer,1,0,20.8,281,3.9,4.4,26,39,0
232,71,Hombre,0,0,31.3,895,4.3,3.7,18,28,1
233,72,Mujer,0,0,23.3,345,4,3.3,22,24,1
234,70,Hombre,1,0,18.3,67,4,3.7,21,39,0
235,59,Mujer,0,1,9.2,2587,4.6,4.4,25,17,1
236,75,Mujer,1,0,24.2,788,3.5,4.2,24,3,0
237,39,Hombre,0,0,35.9,71,4.8,3.1,24,36,0
238,73,Hombre,0,0,22.1,164,4.2,3.8,22,2,1
239,71,Hombre,0,0,27,57,4.8,3.7,23,3,2
240,91,Mujer,0,0,24.6,30,2.9,4.5,23,37,0
241,69,Hombre,0,0,29.7,239,4.7,4.3,21,25,0
242,67,Mujer,1,0,42.9,1397,4,2.3,24,27,0
243,80,Hombre,0,0,17.6,329,4,3.6,28,50,0
244,75,Mujer,1,1,37.5,84,3.6,4.3,26,4,1
245,66,Hombre,0,0,23,2018,3.5,3.1,28,54,1
246,66,Hombre,0,0,20.8,787,3.5,3.1,28,51,0
247,68,Hombre,0,1,31.4,1642,4.3,3.1,24,44,0
248,53,Mujer,1,0,18.9,918,3.7,4.2,19,1,1
249,81,Hombre,0,1,30.8,47,4.7,4.3,14,31,1
250,60,Hombre,1,0,19.7,658,3.8,3.6,21,7,1
251,62,Hombre,0,0,35.9,122,4.3,3.5,23,40,0
252,74,Mujer,1,1,26.9,2347,3.7,3.9,18,37,0
253,61,Hombre,0,0,35.7,1312,4.4,3.2,24,39,0
254,65,Hombre,0,0,24.4,32,4.6,3.6,19,35,0
255,84,Hombre,0,0,25.4,138,4,3,20,35,2
256,58,Hombre,1,0,28.9,204,3.8,3,26,47,0
257,63,Hombre,0,0,24.6,193,3.8,4.1,21,43,0
258,84,Hombre,1,1,24.3,1070,3.3,4.5,23,1,2
259,62,Hombre,0,0,28.9,55,3.9,4.4,27,54,0
260,59,Mujer,0,0,42.2,687,5,4.1,22,28,1
261,69,Hombre,1,0,22.4,117,3.4,4.9,24,34,2
262,73,Mujer,0,1,41.1,29,4.5,3.2,25,36,0
263,58,Mujer,0,1,21.3,1318,4.3,2.7,25,39,0
264,64,Hombre,1,0,33.5,242,3.7,3.4,15,59,0
265,65,Hombre,1,1,37.8,410,3,3.8,22,25,2
266,54,Hombre,0,0,21.9,340,4.7,2.7,27,57,0
267,66,Mujer,0,0,19.7,262,3.9,3.9,24,21,0
268,86,Mujer,1,1,38.1,176,3.6,4.2,24,2,2
269,77,Hombre,0,1,30.3,374,3.8,3.4,19,12,2
270,57,Hombre,0,0,44,214,4.5,3.6,25,47,0
271,70,Hombre,0,0,35.1,22,4,3.5,27,37,0
272,63,Mujer,1,0,28.3,371,3.8,3.3,21,4,1
273,64,Mujer,0,0,27.8,183,4.2,3,24,43,0
274,76,Hombre,1,0,44,1655,4,2.8,24,13,1
275,73,Hombre,0,1,31.6,560,3.5,3,21,10,0
276,77,Hombre,1,1,31.3,30,3.6,3.8,22,49,0
277,71,Mujer,1,0,39.4,207,4.2,3.4,25,47,0
278,56,Hombre,0,0,26.6,276,3.4,3.2,20,39,2
279,60,Mujer,0,0,33.3,94,4.7,4,21,47,0
280,51,Mujer,0,0,18.2,517,5,4.4,16,45,0
281,73,Mujer,1,0,22.6,6000,3.9,3.9,25,19,2
282,82,Hombre,1,0,33.6,38,3.7,3.9,25,31,2
283,47,Hombre,1,0,22.3,131,4.6,3.8,21,44,0
284,67,Hombre,0,0,22.6,1227,4,4.4,24,13,1
285,72,Mujer,1,1,30.8,137,3.1,4,21,48,2
286,63,Mujer,1,0,32.6,277,3.9,3.6,21,7,1
287,56,Mujer,0,0,18.5,458,3.5,4,23,35,0
288,54,Hombre,1,1,22.2,462,3.1,4.6,26,10,1
289,81,Hombre,1,0,19.4,53,3.6,3.3,24,22,2
290,63,Hombre,0,0,18.2,371,3.4,4,22,51,0
291,80,Hombre,0,1,40,69,4.5,3.4,24,17,2
292,58,Hombre,0,0,25.1,90,2.6,3.6,25,22,2
293,81,Mujer,1,0,31.8,258,4.2,3.9,23,12,2
294,72,Mujer,0,1,38.2,15,3.9,2.8,26,42,0
295,66,Mujer,0,0,27.3,336,4.8,2.6,23,41,0
296,80,Hombre,0,1,26.5,69,4.5,3.4,26,26,2
297,62,Mujer,0,0,11.3,1816,3.9,3.8,21,6,1
298,62,Hombre,0,0,21.5,161,3.6,5,26,33,0
299,66,Mujer,1,0,28.3,415,3.5,2.5,20,33,0
300,65,Hombre,0,0,30.7,784,3.4,2.6,22,27,2
301,64,Hombre,1,0,23.2,1414,3.3,4.4,24,5,1
302,64,Hombre,0,0,24,350,3.8,3.3,22,28,0
303,56,Mujer,0,0,14.6,86,4.2,5.5,23,39,0
304,77,Hombre,1,0,23.1,1404,3.8,3.5,21,38,0
305,56,Mujer,1,0,42.4,191,3,2.4,25,39,0
306,57,Hombre,0,0,33.2,343,3.6,3.8,26,37,0
307,56,Mujer,0,0,27.8,336,4.7,4.2,23,46,0
308,86,Hombre,0,0,27,1007,3.9,3.5,24,36,2
309,73,Mujer,0,1,31.7,210,3.6,3.5,19,25,0
310,73,Hombre,0,0,33.9,578,3.9,3.8,20,56,0
311,42,Hombre,0,0,31,843,3.5,3.9,23,36,1
312,61,Hombre,1,0,34,372,4.2,2.7,23,49,0
313,80,Hombre,1,0,27.2,38,3.9,3.5,24,29,0
314,83,Mujer,1,1,40.5,2051,4.4,3.3,28,54,0
315,42,Hombre,0,0,27.5,113,4.1,3.4,26,39,0
316,38,Mujer,1,0,25.7,91,4,4,21,11,2
317,50,Hombre,1,0,33.2,122,3.9,3.4,21,32,0
318,50,Mujer,0,0,21.8,748,4,4.6,20,20,1
319,75,Hombre,0,0,44,243,4.6,3.3,26,32,0
320,71,Hombre,0,0,23.5,94,3.7,3.8,23,30,1
321,87,Hombre,1,0,24.5,150,3.4,3.9,19,12,2
322,68,Mujer,0,0,24.1,103,3.8,3.5,26,55,0
323,62,Hombre,1,0,13.9,249,3.2,3.3,27,18,1
324,85,Mujer,0,0,26.1,282,3.6,5.2,22,26,0
325,75,Mujer,1,1,36.8,1347,3.7,3.2,21,3,2
326,74,Mujer,0,0,32.3,651,4.7,3,23,49,0
327,79,Mujer,0,0,33.3,167,3.9,3.9,28,32,0
328,63,Hombre,0,0,32,155,3.5,3.8,19,52,0
329,70,Mujer,0,0,31.9,714,4.2,3.5,29,47,0
330,79,Hombre,0,1,18.8,397,3.3,4.7,21,5,2
331,43,Mujer,1,0,15.7,3274,3.6,5,21,4,1
332,66,Mujer,1,1,18.4,98,3.7,3.4,19,2,1
333,56,Hombre,0,0,27,205,3.4,3.3,26,33,0
334,55,Hombre,0,0,24.8,935,3.2,4,27,40,0
335,57,Hombre,0,0,32.2,110,4.6,3.3,25,29,0
336,70,Mujer,1,0,27,1046,3.7,3.3,21,44,0
337,66,Mujer,0,0,23.3,143,3.6,3.7,22,59,0
338,53,Mujer,0,0,34.2,447,4.7,4.3,18,9,1
339,73,Hombre,0,0,14.6,435,3,4.6,17,1,1
340,72,Mujer,1,0,33.1,790,4.1,3.4,22,20,2
341,72,Hombre,0,0,35.8,52,4.4,2.9,24,20,2
342,70,Mujer,1,0,21.7,3040,4.2,4.6,26,30,2
343,81,Hombre,0,0,12.5,387,3,4.5,21,43,1
344,58,Mujer,0,0,21.4,3509,3.7,5.3,23,7,1
345,59,Hombre,0,0,9.6,169,4.4,4.8,20,45,0
346,75,Hombre,0,1,26.8,216,3.8,3.9,23,45,0
347,73,Mujer,1,1,22.4,2775,4,2,20,52,0
348,79,Hombre,0,0,42.5,230,3.9,3.7,24,37,0
349,66,Hombre,0,0,34.8,434,4.3,3.1,32,47,0
350,73,Mujer,1,0,24.9,734,3.8,3.3,21,34,0
351,79,Mujer,1,0,26.2,106,4,3.9,24,22,2
352,58,Hombre,1,0,35.3,246,4.1,4.4,20,13,1
353,87,Hombre,1,1,25.4,804,3.7,4,29,23,2
354,57,Mujer,0,0,23.1,127,3.8,3.6,27,37,1
355,46,Mujer,0,0,19.4,256,4.1,3.9,24,30,0
356,65,Mujer,1,1,32.1,882,4.5,2,21,48,0
357,68,Hombre,1,0,24.8,351,3.5,4,22,5,2
358,58,Mujer,1,0,14.7,945,3.7,4,21,7,1
359,54,Hombre,0,1,21.9,110,3.7,2.7,25,4,1
360,58,Mujer,0,0,32.7,12,4.2,3.8,23,50,0
361,79,Hombre,0,0,21.4,799,3.8,3.9,25,36,0
362,41,Hombre,1,0,12.2,404,4.3,4.9,19,6,1
363,41,Hombre,0,0,21.5,150,4.3,4.2,25,24,0
364,51,Hombre,0,0,24.1,221,4.1,3.9,25,18,0
365,79,Hombre,0,0,27,858,4.4,3.7,26,36,0
366,77,Hombre,1,1,27.1,1230,3.7,3.8,15,12,2
367,56,Hombre,0,0,42.7,54,4.2,3.4,23,55,0
368,67,Mujer,1,0,30.9,1335,3.8,3.4,21,2,1
369,73,Hombre,1,1,17.1,67,3,3.4,24,12,1
370,72,Mujer,1,0,44,298,4.4,2,26,38,0
371,72,Mujer,0,1,39.8,41,3.9,2.6,25,16,0
372,68,Mujer,0,0,39.4,280,4.5,4.1,19,40,0
373,70,Hombre,0,0,30.3,617,3.7,3.5,28,56,0
374,49,Mujer,1,0,20,471,4.2,3.9,24,13,1
375,91,Mujer,1,1,28.6,569,3.9,4.6,24,11,1
376,64,Hombre,1,0,42.8,240,4.1,2.6,22,34,0
377,72,Hombre,1,0,30.7,688,3.5,4.4,22,49,1
378,50,Mujer,0,1,36.9,28,4.1,3.9,26,47,0
379,62,Hombre,0,0,34.4,83,4,2.9,24,28,0
380,75,Hombre,0,1,35.2,5,4.5,3.3,24,39,0
381,68,Mujer,1,0,24.7,554,3.2,3.9,22,35,0
382,69,Hombre,0,0,25.1,3169,4.4,4.3,21,52,0
383,50,Hombre,1,0,22.2,381,3.8,4,25,2,1
384,72,Mujer,0,0,29,26,3.6,3.4,21,55,0
385,60,Mujer,1,0,21,1165,3.7,4.4,19,8,1
386,46,Hombre,0,1,33.7,804,3.4,3.6,21,30,0
387,73,Hombre,0,0,23.2,93,3.5,4.4,23,54,0
388,66,Mujer,0,0,36.9,5,4.3,3.7,19,35,0
389,57,Mujer,0,0,30.7,38,4.4,4.2,20,24,0
390,69,Mujer,0,1,32,62,4.5,3.4,27,27,0
391,44,Hombre,1,0,33,1768,4,3.8,20,12,1
392,91,Hombre,0,0,28.6,197,3.9,3.5,22,34,0
393,38,Mujer,0,0,37,480,3.7,3.8,18,44,0
394,70,Mujer,0,0,22.6,104,4,2.7,24,30,0
395,63,Hombre,1,0,38.2,154,4.7,2.8,22,42,0
396,52,Hombre,0,0,29.7,183,4.2,3.7,27,10,1
397,70,Mujer,1,1,13.9,651,3.8,4.9,23,3,2
398,61,Mujer,0,0,29.4,2797,3.7,4.4,27,25,0
399,84,Hombre,0,1,34.4,25,4.3,3.8,26,48,0
400,53,Mujer,0,0,11.6,96,4.2,5.2,22,10,1
401,82,Mujer,1,0,18.4,2070,3.1,2.6,28,14,2
402,73,Mujer,0,1,31.8,145,4,3.9,22,29,0
403,53,Mujer,0,0,26.2,202,4,4,22,32,0
404,64,Mujer,1,0,41.5,241,3.5,3.6,22,47,2
405,55,Mujer,0,0,28.5,66,4.2,4,22,31,0
406,42,Hombre,0,1,10.3,4694,4.6,4.2,16,5,1
407,89,Mujer,0,0,20.6,87,3.9,3.8,25,22,2
408,85,Mujer,1,1,37.7,110,3.6,4.3,21,46,0
409,68,Hombre,0,0,27.1,1038,4.1,5.1,19,51,0
410,49,Hombre,0,0,32.3,89,4.3,3.1,18,42,0
411,72,Mujer,0,1,32.9,125,4.2,3.3,25,17,0
412,54,Mujer,0,0,30.2,230,4.4,4.4,26,17,1
413,73,Hombre,0,0,23.2,217,4,3.6,19,41,0
414,76,Mujer,0,0,14.5,388,3.7,3.2,19,52,0
415,68,Mujer,1,0,26.2,328,3.3,4.1,21,30,0
416,65,Hombre,0,1,37.6,25,4.4,3,27,39,0
417,79,Hombre,1,1,25.5,44,3.2,3.6,20,53,0
418,79,Mujer,1,1,31,4501,4.2,2.6,28,5,2
419,71,Mujer,1,0,38.6,621,3.7,4.2,24,17,2
420,65,Mujer,1,0,14.9,376,4,3.7,20,60,0
421,77,Hombre,1,1,21.1,1880,3.4,5.1,22,8,1
422,68,Mujer,0,0,26.8,46,3.7,2.2,24,40,0
423,83,Mujer,0,1,31,961,3.4,3.8,26,23,2
424,51,Hombre,1,0,30.7,571,4.7,4.1,20,35,0
425,65,Hombre,0,1,25.1,49,3.8,3.1,23,27,1
426,79,Mujer,0,0,19.4,60,3.3,4,23,26,0
427,58,Hombre,1,0,27.6,692,4,3.3,18,3,1
428,45,Hombre,0,1,34.2,171,3.9,4.4,25,34,0
429,73,Hombre,0,0,25.5,1966,3.5,3.7,22,14,2
430,59,Hombre,0,0,29.8,2101,4.5,4.8,24,33,1
431,60,Hombre,0,0,30.9,68,3.9,3.9,25,48,0
432,75,Hombre,0,0,21.6,597,4,4.6,21,14,1
433,91,Mujer,1,0,28.1,173,2.9,5.2,28,17,2
434,67,Hombre,0,0,27.3,93,3.9,3.3,21,8,0
435,77,Hombre,1,0,11.7,357,3.8,3.9,17,7,2
436,41,Mujer,1,0,31.2,1495,3.9,4.1,29,36,0
437,67,Mujer,0,0,21.9,626,3.8,3.4,21,30,1
438,45,Mujer,0,0,16.2,173,4,3.8,27,33,0
439,46,Hombre,0,0,30.3,120,4.3,3.8,22,45,0
440,83,Mujer,1,0,23.5,6000,3.6,3.3,23,5,1
441,74,Hombre,0,0,26.4,169,4.2,4.7,21,31,2
442,73,Hombre,1,0,31.3,127,4,3.6,22,15,1
443,60,Mujer,0,1,44,47,3.8,3.1,28,33,0
444,51,Hombre,0,1,26.1,110,3.8,3,20,41,0
445,71,Hombre,1,1,19.1,317,3.7,4,22,15,1
446,52,Hombre,0,1,32.1,98,3.9,2.9,26,37,0
447,95,Hombre,0,0,39.6,404,3.6,3.4,24,59,0
448,67,Mujer,1,0,33.8,179,4.5,4.1,27,43,0
449,70,Mujer,1,0,20.3,291,4,4.1,27,20,1
450,47,Hombre,0,0,19,157,4.3,3.7,26,27,1
451,72,Mujer,0,0,26.4,78,3.7,3.1,22,42,0
452,80,Mujer,0,0,12.2,159,3.8,4,20,26,0
453,70,Mujer,1,1,44,19,4,3.4,22,38,2
454,67,Hombre,0,0,20.3,1005,4.1,4.2,28,30,1
455,85,Hombre,1,1,28.8,1181,3.6,3.5,24,28,0
456,75,Hombre,0,0,19.6,192,4.2,2.7,23,26,0
457,74,Hombre,0,1,14.4,104,4,4.3,26,15,1
458,79,Hombre,0,0,29.3,178,3.9,4.3,23,35,0
459,70,Hombre,0,0,31.3,149,3.8,2.9,19,39,0
460,95,Hombre,1,0,15.2,1715,2.4,3.8,21,1,1
461,70,Hombre,1,0,33.8,38,4.1,2.7,21,33,0
462,79,Mujer,0,0,27.7,478,4.8,4.5,23,44,0
463,77,Mujer,0,0,31,181,4.1,3.2,18,33,0
464,75,Mujer,1,0,21,6000,3.9,4.5,26,1,1
465,79,Hombre,0,0,34.6,101,4.4,3.8,20,30,0
466,70,Hombre,0,1,30.5,136,3.3,5.2,19,26,0
467,43,Hombre,0,0,14.6,1021,3.4,3.3,21,16,1
468,56,Mujer,0,0,35.7,526,3.3,3.7,26,27,0
469,94,Mujer,0,1,13.7,350,3.5,3.5,17,41,0
470,89,Hombre,0,0,12.8,65,4.1,4.7,18,24,0
471,65,Hombre,0,0,19.3,370,4.4,4.5,24,50,0
472,36,Mujer,0,0,30.7,320,3.4,3.6,26,38,0
473,57,Hombre,0,1,29,567,4.1,4.4,18,29,0
474,48,Mujer,0,0,26.1,2893,4,3.6,24,26,0
475,46,Hombre,1,0,33.8,56,3.9,4,28,29,0
476,77,Hombre,1,1,16.7,54,3.6,3.6,19,12,1
477,67,Hombre,0,0,22.6,186,4.2,3.4,26,53,0
478,83,Hombre,1,1,14.4,1281,3.7,4.7,24,3,2
479,50,Mujer,1,0,33.8,1609,4.8,3.9,22,27,0
480,54,Hombre,1,0,25.7,38,3.6,4,23,39,0
481,74,Hombre,0,0,21.5,71,3.6,4.4,23,52,0
482,80,Hombre,1,1,23.4,137,3.5,4.5,18,18,1
483,64,Hombre,0,0,32.6,62,4.5,4,21,44,0
484,54,Mujer,1,0,21.6,1101,4,3.8,24,11,1
485,88,Hombre,0,1,30.8,30,4.1,4.5,27,28,2
486,86,Hombre,0,0,21.8,534,4,4.4,24,32,0
487,79,Mujer,0,1,36.3,10,4.5,4.2,20,50,0
488,76,Hombre,0,0,19.1,128,3,3.5,17,32,2
489,52,Hombre,1,0,31,311,4.4,3.7,21,3,1
490,42,Hombre,1,0,36.9,170,4.1,3.7,23,46,0
491,91,Hombre,1,1,16.9,1632,4.1,4.1,26,17,1
492,70,Hombre,0,0,32.1,362,4,4.3,17,46,0
493,56,Hombre,1,1,14.7,6000,4.1,4.6,24,3,1
494,84,Hombre,1,0,26.1,248,4.3,4.6,21,27,0
495,59,Hombre,0,0,21.4,865,3.5,4.4,22,16,1
496,60,Hombre,0,0,24.4,160,3.9,4.5,19,37,0
497,71,Mujer,0,0,31.2,488,3.2,4.5,21,27,0
498,49,Hombre,0,0,30.9,47,4.6,3.8,13,28,0
499,60,Hombre,0,0,26.7,211,4.3,3.8,18,20,2
500,53,Mujer,0,0,13.7,1068,3.9,4.3,17,8,1
501,80,Hombre,1,1,29.3,6000,3.7,3.7,16,55,0
502,70,Hombre,1,0,28.7,267,3.6,3.1,24,40,0
503,63,Hombre,0,1,35.7,2415,4,4.5,21,7,1
504,82,Mujer,0,0,20.7,728,3.7,2.6,24,38,0
505,65,Hombre,0,0,22.1,2730,4.3,4.9,21,4,1
506,63,Hombre,1,0,27.8,62,4.4,3.6,25,30,0
507,68,Hombre,0,0,15,181,3.8,4.5,19,25,0
508,58,Mujer,0,0,31.5,33,4.6,2.9,25,50,0
509,67,Hombre,0,1,26.8,50,4.4,4.3,18,7,1
510,77,Hombre,0,0,19.6,287,3.7,4.4,25,3,2
511,68,Mujer,0,0,18.9,1402,3.6,4.1,23,8,1
512,86,Hombre,1,0,28.5,128,3.3,3.3,21,56,0
513,59,Hombre,0,0,39.3,49,4.4,4.4,25,30,0
514,62,Hombre,0,1,16.9,1991,4,3.1,23,28,1
515,82,Hombre,0,1,27.5,1053,3.6,5.1,21,24,0
516,52,Mujer,1,0,21.6,339,4.1,4.1,20,57,0
517,49,Hombre,0,0,32.9,145,4.6,2.9,24,24,0
518,74,Mujer,0,0,44,487,3.5,2.7,26,51,0
519,61,Mujer,1,0,32,1421,4,2.8,25,56,0
520,54,Hombre,1,1,32.4,1200,3.7,3.2,21,7,2
521,55,Hombre,0,0,32.1,30,4.4,3,21,48,0
522,76,Mujer,1,0,23,490,3.9,4,19,35,0
523,58,Mujer,1,0,20.7,1808,3.4,4.6,27,9,1
524,66,Mujer,0,0,40,453,3.6,3.3,23,33,0
525,57,Mujer,0,1,16.4,1389,3.8,3.9,20,10,1
526,71,Mujer,1,0,20.9,576,4.3,4.3,25,17,1
527,58,Hombre,1,0,26.5,5295,4,3.5,25,18,1
528,71,Mujer,0,0,42.6,79,3.3,2.7,23,15,2
529,59,Hombre,0,0,40.9,583,3.9,3.2,25,51,0
530,88,Mujer,1,1,40.4,279,4,3.7,18,28,0
531,71,Mujer,0,0,31.1,2203,3.6,3.5,19,36,0
532,44,Hombre,0,0,19.9,249,3.8,2.9,26,49,0
533,82,Mujer,1,0,25.1,977,3.4,3.3,19,32,0
534,65,Mujer,0,0,20.2,1175,3.4,3.4,20,26,0
535,69,Mujer,0,0,29.9,1583,4.1,2.8,24,36,0
536,83,Hombre,1,0,33.1,1371,3.4,4.1,25,8,1
537,71,Mujer,1,0,16.3,847,3.8,4.7,29,17,1
538,95,Mujer,0,0,29.9,28,3.9,5,26,53,0
539,60,Mujer,0,0,23,1185,4.4,4.4,17,38,0
540,70,Mujer,1,1,25.8,3224,3.1,3.4,25,16,1
541,72,Hombre,0,0,17.2,172,3.7,4.3,22,20,0
542,76,Hombre,0,0,35.3,1188,3.8,3.1,27,23,2
543,76,Mujer,0,0,24.5,3001,3.9,3.2,24,46,0
544,73,Hombre,1,0,25.4,2169,4.7,5,20,3,1
545,51,Hombre,0,0,14.4,204,4,4.4,17,6,1
546,61,Mujer,1,0,21.3,355,3.8,4.1,24,33,0
547,67,Mujer,0,1,23.8,110,3.4,3.6,25,11,2
548,60,Mujer,0,0,17,32,3.8,4.1,21,43,0
549,70,Mujer,1,1,24.3,90,3.5,3.5,19,52,0
550,56,Hombre,1,0,23.6,686,4.2,4.2,21,20,1
551,77,Hombre,0,0,13.6,48,3.3,2.8,26,13,2
552,68,Mujer,0,0,12.9,259,3.9,5.9,21,2,1
553,73,Hombre,0,0,26,364,4.1,3.9,22,7,1
554,63,Mujer,0,0,29.3,48,4.1,3.3,24,55,0
555,58,Hombre,1,0,17.8,3709,3.5,3,20,2,2
556,84,Mujer,1,0,23.8,1085,3.3,3.5,21,15,2
557,56,Hombre,1,1,13.4,472,3.6,5,22,18,1
558,56,Hombre,0,0,21.5,1810,3.3,3.6,22,7,1
559,58,Hombre,1,1,28.4,112,3.8,3.5,23,3,1
560,88,Hombre,0,0,27.6,555,4.1,2.9,24,36,0
561,65,Hombre,0,0,27.7,50,3.5,4,23,48,0
562,79,Hombre,1,0,28.1,117,3.9,4.6,21,52,0
563,54,Hombre,1,0,31.8,419,4.2,3.2,20,39,0
564,61,Hombre,1,0,29.5,514,4.3,5.1,27,16,0
565,64,Hombre,0,0,17.1,577,3.8,3.7,21,37,0
566,74,Hombre,0,1,10.7,98,3.9,4.1,24,22,2
567,62,Mujer,0,0,33.4,20,5,2.8,22,49,0
568,74,Hombre,1,0,31.2,224,3.9,4.2,21,40,0
569,67,Mujer,0,1,37.7,298,3.5,3.7,27,14,2
570,68,Hombre,0,0,21.8,72,4,3.2,23,35,0
571,91,Hombre,0,0,30.3,176,3.9,3.6,20,26,0
572,58,Mujer,0,0,26,194,4.2,4,23,46,0
573,78,Hombre,1,1,19,1827,4.5,4.1,24,10,1
574,79,Hombre,0,0,28.4,197,4.1,3.1,22,25,0
575,86,Hombre,0,1,44,140,4,2.5,27,14,2
576,70,Hombre,0,0,35.5,99,4.9,4.2,21,46,2
577,69,Mujer,0,1,31.3,32,3.7,3.5,25,25,0
578,68,Mujer,1,0,19,1924,4.1,3.7,17,3,1
579,75,Hombre,0,0,36.6,930,4,2.8,24,21,2
580,73,Hombre,0,0,30.7,835,3.7,3.3,22,40,2
581,63,Hombre,0,0,24.1,131,4.3,2.8,26,60,0
582,77,Mujer,0,0,28,116,3.7,4,24,9,2
583,73,Mujer,0,0,19.8,817,3.4,4.2,18,17,1
584,74,Mujer,1,0,35.9,179,3.6,3.5,18,6,2
585,95,Mujer,0,1,36.5,835,3.4,4.4,27,20,2
586,69,Mujer,1,0,30.2,1516,3.1,3.1,20,4,1
587,60,Hombre,1,0,30.4,3123,3.6,3.4,21,28,0
588,71,Mujer,1,0,44,249,3.9,3.3,28,58,0
589,63,Hombre,0,0,22.4,95,4.1,4.5,24,31,0
590,57,Hombre,0,0,29.2,493,3.9,3.8,24,40,0
591,61,Hombre,1,0,20,40,3.6,3.3,26,27,1
592,67,Mujer,0,0,28.5,294,3.7,4.6,25,28,0
593,78,Mujer,0,0,16.5,1983,4.9,3.2,24,26,0
594,70,Mujer,1,0,18.5,771,3.3,4.5,26,45,0
595,56,Hombre,0,0,27.4,2780,4.5,4.4,25,19,1
596,64,Hombre,1,0,18,6000,3.2,4.7,22,7,1
597,48,Mujer,1,0,27.7,161,3.8,4.1,22,45,0
598,64,Mujer,1,0,33.9,1250,4.3,3.2,22,45,0
599,50,Hombre,1,0,20.8,293,3.7,4.1,26,49,0
600,49,Mujer,1,0,31,735,3.6,2.7,31,30,0
601,78,Mujer,0,0,20,409,3.5,4.3,20,14,2
602,64,Mujer,0,0,21.5,675,4.3,3,22,29,0
603,66,Mujer,1,0,27.3,98,4.2,3.2,23,28,0
604,72,Hombre,1,0,33.6,862,3.5,3.9,25,31,0
605,61,Hombre,0,0,26.3,115,4.7,2.9,18,37,0
606,63,Mujer,0,0,26.4,229,4.7,3.8,24,30,0
607,59,Hombre,0,0,41.3,40,4.1,2.2,24,24,0
608,62,Hombre,1,1,26.7,608,4.4,3.6,19,11,1
609,53,Hombre,1,0,26.9,476,3.3,3.9,23,8,1
610,75,Mujer,1,0,21.1,676,4.1,3.5,26,34,2
611,73,Mujer,1,1,20.2,259,3.6,5.1,23,16,1
612,57,Hombre,1,0,23.7,1021,4.5,4,23,2,1
613,87,Mujer,0,0,31.9,174,4.2,4,21,28,2
614,63,Hombre,0,0,26,141,4,4.2,17,15,1
615,62,Hombre,0,0,34.4,129,4.1,3.6,22,53,0
616,48,Mujer,0,0,19.7,49,3.9,3.3,22,53,0
617,66,Mujer,0,0,25.1,413,3.8,3.4,15,51,0
618,55,Hombre,1,0,25.9,955,3.8,3.5,23,12,1
619,70,Hombre,0,1,27.3,142,3.9,3.5,25,45,0
620,68,Hombre,0,0,32.6,307,4,2.1,25,4,2
621,76,Hombre,1,0,31.6,6000,3,3,21,13,2
622,58,Mujer,1,1,25.8,65,3.6,3.8,29,28,0
623,46,Hombre,0,0,20.1,101,4.7,3.6,25,41,0
624,71,Mujer,0,0,9.8,6000,3.9,5.4,25,1,1
625,71,Hombre,0,0,26.2,710,4,3.8,21,26,1
626,81,Mujer,0,0,34.3,69,3.2,3.7,24,26,1
627,64,Hombre,0,0,31.3,4,4.4,4.2,30,33,0
628,72,Mujer,0,0,34.6,112,3.5,3.9,22,25,0
629,72,Hombre,0,0,17.5,885,3.6,3.7,20,7,1
630,60,Hombre,1,0,23.5,1860,3.5,4.1,25,7,1
631,47,Mujer,0,0,28.5,424,4.5,4.2,20,49,0
632,58,Hombre,0,0,23.1,324,3.7,3.8,21,41,0
633,68,Mujer,0,0,29.8,501,3.9,3.8,21,3,2
634,68,Hombre,1,0,33.2,4403,4.2,4,23,25,0
635,50,Hombre,1,0,27.3,174,3.7,3.6,21,12,1
636,65,Hombre,1,1,9.7,461,3.8,3.4,18,20,1
637,53,Hombre,1,0,25.2,1735,4.3,3.1,24,13,2
638,75,Hombre,0,0,35.9,130,3.3,2.9,23,16,2
639,67,Hombre,1,1,26.6,1008,3.5,3.4,20,49,0
640,60,Hombre,1,0,24.2,343,3.9,2.8,21,5,1
641,73,Hombre,0,0,24,6000,4.2,3.4,24,10,1
642,56,Mujer,1,1,31.7,451,3.7,3.5,22,24,0
643,80,Mujer,0,0,28,3102,4.4,3.7,22,37,0
644,57,Mujer,1,1,36.3,558,3.6,3.5,24,30,0
645,44,Hombre,0,0,35.3,226,4.6,2.6,22,46,0
646,55,Hombre,0,1,27.6,2621,4.8,4.3,20,10,1
647,62,Hombre,0,0,5.7,542,3.3,4.1,19,3,1
648,64,Hombre,0,0,44,803,4.2,3.4,20,47,0
649,56,Hombre,0,1,44,727,4.7,3.1,26,34,0
650,61,Mujer,0,0,22,75,3.2,2.9,26,46,0
651,69,Mujer,1,1,28.8,157,4,2.8,21,5,1
652,69,Mujer,0,1,25.7,795,3.9,3.8,26,56,0
653,67,Mujer,0,0,44,79,4.2,3.8,25,42,0
654,55,Hombre,1,0,12,3950,3.1,3.8,25,2,1
655,69,Hombre,0,0,16.3,190,3.8,4.3,17,30,1
656,83,Hombre,1,1,32.7,480,3.9,4.3,20,11,2
657,56,Mujer,0,0,25.4,192,4.4,5,29,45,0
658,89,Mujer,0,1,29.9,14,3.2,4.4,21,26,0
659,76,Hombre,0,0,33.7,1172,4.1,3,20,47,0
660,51,Hombre,0,0,27.3,563,3.8,3.3,28,25,0
661,55,Hombre,0,0,36.6,44,4,2.8,19,53,0
662,62,Hombre,0,0,26.7,287,5,3.8,19,38,0
663,66,Mujer,1,0,21.5,164,3.9,3.9,18,13,2
664,55,Mujer,1,0,36.3,561,3.8,2.8,20,45,0
665,58,Mujer,1,0,13.2,560,3.8,4.4,25,29,0
666,71,Hombre,1,0,26.9,316,3.4,3.5,23,23,2
667,69,Hombre,0,1,5.4,296,3.4,3.9,23,5,1
668,57,Mujer,1,0,23.1,657,4.2,4.1,20,60,1
669,60,Hombre,0,0,19.9,55,3.8,4.1,21,13,2
670,55,Hombre,0,0,33.5,3381,4.1,3.8,26,49,0
671,35,Mujer,0,0,32.5,181,4.5,2.7,25,48,0
672,59,Hombre,1,0,20,2809,3.7,2.9,23,3,1
673,58,Hombre,0,1,30.7,153,4.1,3.9,18,7,2
674,65,Mujer,1,0,8.8,394,3.3,4.7,23,10,1
675,54,Mujer,1,0,27,639,4.1,3.3,21,26,0
676,72,Hombre,0,0,17.8,123,3.6,3.8,21,27,0
677,49,Mujer,0,0,24.4,1632,4.6,4.1,21,11,1
678,86,Hombre,0,1,23.5,2621,3.8,3.6,25,57,2
679,52,Hombre,0,0,39.2,359,4.1,3.7,23,41,0
680,71,Hombre,0,1,20.5,63,3.8,4.1,24,43,0
681,89,Hombre,1,0,18.5,383,3.6,4.6,25,32,2
682,58,Mujer,0,0,27.6,587,3.9,4.3,23,45,0
683,62,Hombre,0,0,29.4,1293,4.4,3.4,25,6,1
684,58,Mujer,0,1,15.3,136,3.5,3.6,19,36,1
685,67,Hombre,1,0,38.3,281,4.1,3.5,23,52,0
686,73,Hombre,0,0,15.4,1923,4.2,3,21,41,2
687,48,Mujer,0,0,27.7,3464,4.1,3,24,30,1
688,54,Hombre,0,0,37.2,115,4.4,3.2,23,7,0
689,49,Hombre,1,0,22,628,4.5,5.3,22,3,1
690,71,Hombre,1,0,37.5,2606,3.5,2.9,26,24,0
691,70,Mujer,0,1,30.9,227,4.3,3.2,23,36,0
692,57,Mujer,0,1,14.7,2377,4.5,4.1,27,3,1
693,54,Hombre,0,0,23,651,4.2,3.4,21,27,0
694,46,Mujer,1,1,29.2,177,4.7,4.5,26,25,0
695,74,Hombre,0,0,28,505,3.9,3,19,35,0
696,57,Hombre,0,1,27.1,576,3.9,4.4,24,26,2
697,75,Mujer,0,0,33.5,2032,3.2,3.6,28,9,2
698,90,Mujer,0,0,23.5,519,3.5,3.2,23,30,2
699,82,Hombre,0,0,25.1,4277,3.7,5.4,21,29,0
700,56,Mujer,0,0,29.9,287,3.3,3,27,56,0
701,80,Mujer,1,1,13.9,949,3.6,3.3,20,16,2
702,58,Hombre,1,0,32.7,2462,4.5,2.4,22,20,1
703,69,Hombre,0,1,12.1,124,3.7,3.6,22,21,2
704,68,Hombre,0,0,39.3,97,4.4,3.2,25,36,0
705,73,Hombre,1,0,27.5,1019,4.1,4.9,28,16,1
706,66,Mujer,0,0,20.5,569,4.1,3,20,33,1
707,69,Mujer,1,1,36,2658,3.7,3.2,21,57,0
708,74,Hombre,0,0,17.8,484,4.2,3.6,24,31,0
709,41,Mujer,1,0,34.5,569,4,4.7,28,41,0
710,63,Hombre,0,1,27.6,239,3.8,4.2,20,18,1
711,71,Hombre,0,1,40.4,283,4.2,3.4,28,44,0
712,68,Hombre,0,0,23.3,373,4.6,3.8,21,30,0
713,68,Hombre,1,1,32.4,1086,4,3.4,23,34,0
714,87,Hombre,0,1,19.8,60,3.1,3.8,26,3,2
715,64,Hombre,0,0,19.3,285,3.9,4.1,28,27,0
716,67,Hombre,1,1,38.6,1258,4.4,3.3,24,7,1
717,65,Mujer,1,1,27.3,795,4.5,3.5,17,19,2
718,94,Hombre,1,0,21.5,1166,3.5,3.4,25,5,1
719,59,Hombre,0,1,33.6,2338,4,5.3,23,46,0
720,79,Hombre,1,0,27.7,2056,3.9,2.8,19,16,1
721,80,Mujer,0,0,25.6,64,3.2,3.6,26,27,2
722,57,Mujer,0,0,19.6,6000,2.7,4.6,21,14,1
723,81,Mujer,0,0,36.1,80,4.4,3.1,29,57,0
724,73,Hombre,1,0,28.7,1506,3.8,3.1,17,12,2
725,78,Mujer,1,0,26,186,4.2,4.2,28,28,0
726,45,Mujer,0,0,14.7,296,3.9,4.2,22,44,1
727,57,Mujer,1,0,32.1,995,3.5,3.6,26,24,0
728,61,Hombre,1,1,41.8,421,4.3,2.4,24,55,0
729,68,Hombre,1,1,27.6,73,4.1,3.8,21,13,2
730,65,Hombre,1,0,32.9,186,4.1,3.4,29,43,0
731,64,Mujer,0,0,24,272,4.2,4.3,15,9,1
732,73,Hombre,1,0,24.6,6000,3.7,3.5,19,1,1
733,77,Mujer,1,0,26.7,116,3.6,3.5,20,20,2
734,86,Mujer,0,0,31.3,51,3.4,3.2,23,53,0
735,73,Hombre,1,1,39.9,611,4.2,2.7,26,24,2
736,52,Hombre,0,0,32.6,107,4.5,2.9,26,21,1
737,50,Mujer,0,1,28,102,4,3.8,20,45,2
738,82,Mujer,1,1,25.6,506,3.1,3.9,24,12,2
739,61,Mujer,0,0,34.7,199,4.3,3.4,26,37,0
740,70,Mujer,1,1,30.6,146,4.2,3.3,26,45,0
741,71,Mujer,0,0,20.3,71,4,3.4,24,43,0
742,74,Hombre,1,1,33,237,3.4,3.3,21,12,2
743,61,Mujer,0,0,18.6,861,3.7,5.3,16,36,1
744,62,Hombre,0,0,15,226,4.3,3.7,24,25,0
745,71,Mujer,0,0,28.6,295,3.4,4.3,21,15,1
746,57,Mujer,0,0,44,173,5,4.2,28,57,0
747,63,Mujer,1,0,34.1,247,4.1,3.5,29,39,1
748,59,Mujer,1,1,17.8,27,3.4,5,23,54,0
749,53,Hombre,0,1,18.6,39,4.6,4.4,23,55,0
750,68,Mujer,0,0,32.1,1531,3.9,4,20,6,1
751,71,Mujer,1,1,19.8,28,3.5,4.2,27,51,0
752,67,Mujer,0,0,31.4,513,4.4,3.8,23,31,0
753,70,Hombre,0,1,29.7,732,4.1,4.5,23,38,0
754,65,Hombre,0,1,24.1,166,4,3.8,26,49,0
755,64,Hombre,0,0,16.5,415,4,3.7,24,23,1
756,47,Mujer,0,0,39.1,196,4.3,3.4,25,29,0
757,81,Hombre,0,0,14,1947,3.6,5.4,24,26,1
758,83,Hombre,0,0,23.3,38,3.8,3.7,26,38,0
759,76,Mujer,1,1,15.5,302,2.9,5.1,24,11,2
760,73,Hombre,1,0,27.1,491,3.9,2.7,21,15,1
761,67,Mujer,1,1,21.7,2238,3.4,4.2,24,17,1
762,61,Hombre,1,1,29.9,390,3.7,4,19,16,1
763,68,Hombre,1,1,27.2,445,3.4,3.9,21,11,2
764,59,Hombre,0,0,30.7,220,3.6,2,25,40,0
765,74,Mujer,1,0,37.5,532,3.4,2.7,24,48,0
766,71,Hombre,0,0,42,18,4.4,2.7,28,30,0
767,66,Hombre,1,0,16.1,293,4.8,4.2,17,42,0
768,63,Mujer,1,0,30.4,140,4.1,3.2,19,6,1
769,70,Hombre,0,0,23.7,174,3.7,3.8,22,5,2
770,75,Hombre,0,0,44,103,3.8,3,21,21,2
771,83,Hombre,1,0,25.2,757,2.9,3.1,16,28,2
772,50,Mujer,0,1,17.1,411,3.7,3.2,26,48,0
773,59,Hombre,1,0,38.1,1093,4.4,3.3,21,34,0
774,87,Mujer,1,1,37,1590,4.2,3.2,26,31,2
775,64,Mujer,1,0,33.7,56,3.8,3.1,25,48,0
776,85,Mujer,0,1,35.7,42,4.4,4.3,29,39,0
777,56,Hombre,0,0,24.7,674,3.3,2.6,24,51,0
778,80,Hombre,0,1,13.5,328,3.6,3.5,22,53,2
779,56,Hombre,0,0,34.9,1461,3.7,3.7,23,34,0
780,56,Mujer,1,0,19.6,849,4,4.3,17,16,1
781,70,Hombre,0,0,41.3,39,4.1,3.6,20,14,0
782,63,Hombre,0,0,15.5,394,4.1,4.2,25,39,0
783,53,Hombre,0,1,22.9,372,4.5,4.3,26,22,1
784,53,Mujer,0,0,23.2,37,4.9,4.1,17,57,0
785,70,Mujer,1,0,39.5,233,3.7,4.1,25,34,0
786,53,Hombre,0,0,23.5,51,4.4,4.1,23,52,0
787,78,Mujer,0,0,33.5,172,4.3,5.1,24,55,0
788,82,Mujer,0,1,28.1,59,3.5,3,30,40,0
789,52,Hombre,0,0,14,824,4.1,5,22,4,1
790,45,Hombre,1,1,32.2,81,4.2,4.3,24,42,0
791,40,Mujer,0,0,20.8,225,4.1,4.1,25,37,0
792,75,Mujer,0,0,44,693,3.9,2.7,22,57,0
793,53,Hombre,1,1,21.5,502,3.4,2.7,22,3,0
794,78,Hombre,1,0,22.7,4210,3.9,3.4,25,10,1
795,63,Hombre,0,1,34.2,36,4,3.5,28,53,0
796,50,Mujer,0,1,25.3,365,4,3.5,23,6,1
797,55,Hombre,1,0,24.1,445,3.8,4.3,28,26,1
798,67,Mujer,0,1,18,67,3.9,4.5,25,27,0
799,90,Hombre,0,1,30.3,1540,3.8,3.8,22,51,0
800,70,Hombre,0,0,21.9,50,3.6,3.3,21,31,0
801,47,Mujer,0,1,21.2,39,4.2,3.1,22,59,0
802,60,Hombre,0,0,25.7,1581,3.9,3.5,23,3,1
803,52,Mujer,1,1,30.1,6000,4.4,3.8,21,6,1
804,53,Hombre,0,0,24.5,94,3.8,3.1,30,36,0
805,75,Hombre,0,0,22.5,343,3.9,4.2,19,53,0
806,61,Hombre,0,1,24.2,1364,3.8,3.4,27,8,2
807,79,Hombre,1,1,24.9,4356,3.9,4.3,20,7,1
808,69,Mujer,1,0,11,6000,3.9,4.9,26,2,2
809,67,Mujer,0,0,31.9,27,4,2.8,22,33,0
810,86,Hombre,0,1,25.5,87,3.3,4.3,22,9,2
811,60,Mujer,1,0,17.1,279,3.4,4.1,20,14,1
812,70,Mujer,1,0,7.9,783,3.8,4.2,21,6,1
813,95,Mujer,1,1,25.9,254,3.8,3.5,20,38,2
814,62,Mujer,0,0,42,50,4.1,2.3,21,31,0
815,87,Mujer,1,1,24.2,413,3,3.2,28,36,0
816,47,Mujer,0,0,29,169,4.4,3.4,22,26,0
817,69,Mujer,1,0,22.7,857,3.9,3.4,23,27,0
818,59,Hombre,0,0,29.3,13,3.7,3.6,26,1,0
819,48,Mujer,0,0,23,206,3.5,3.1,25,36,0
820,59,Hombre,1,0,26.6,2004,4,3.6,29,8,1
821,94,Mujer,1,1,26.7,138,3.7,4.2,24,16,2
822,64,Mujer,0,0,21.6,891,4.4,4.2,25,38,1
823,59,Hombre,0,0,14.2,194,4.1,4.9,23,31,0
824,79,Hombre,0,0,36.3,296,4.2,2.8,22,27,0
825,58,Mujer,0,0,44,208,4,3.1,25,53,0
826,69,Hombre,0,0,31.6,1648,3.4,2.8,21,39,0
827,69,Hombre,0,0,21.9,489,3.7,4.2,20,59,0
828,61,Hombre,0,0,22.6,257,4.2,4.2,21,41,0
829,61,Mujer,1,0,37.5,1584,3.5,3,23,10,1
830,86,Mujer,0,0,23.9,300,3.5,4.2,19,36,1
831,64,Mujer,0,0,16.6,1557,3.7,3.6,19,25,1
832,92,Mujer,0,1,21.8,306,4.1,5,19,11,2
833,64,Hombre,1,0,10.9,1818,3.6,4.9,21,1,1
834,63,Mujer,1,0,24.8,1069,3.9,3.6,23,29,0
835,59,Mujer,0,1,27.9,92,4,3,25,37,0
836,31,Mujer,0,0,35.1,814,3.8,3.5,20,56,0
837,43,Hombre,0,0,26,42,4.9,2.9,20,35,0
838,65,Hombre,1,0,41.6,401,4.3,3.6,25,42,0
839,57,Mujer,0,0,34.6,220,4.2,4,25,58,0
840,85,Hombre,0,1,22.2,3122,3.5,3.3,19,12,1
841,70,Hombre,0,0,21.4,58,3.5,3.7,22,36,0
842,60,Mujer,1,0,29.8,1514,3.8,3.3,23,38,0
843,78,Mujer,0,0,33,18,3.5,3.3,24,13,2
844,57,Hombre,1,0,32.2,985,3.9,4.1,24,27,0
845,68,Hombre,0,0,22.4,819,4,3.9,20,39,0
846,74,Mujer,0,0,23,290,4,3.4,24,54,0
847,66,Hombre,0,0,15.3,6000,4.8,3.2,24,11,1
848,63,Hombre,0,0,14.3,279,3.4,4.3,22,6,1
849,63,Hombre,1,0,36.9,488,3.4,4.1,22,50,0
850,61,Hombre,0,0,5.3,120,3.5,3.2,19,27,0
851,84,Hombre,1,0,17,171,3.6,3.2,17,4,1
852,66,Mujer,0,0,16.9,77,4,4.2,17,24,1
853,55,Mujer,0,0,13.4,1307,3.3,4.7,23,1,1
854,60,Hombre,0,0,30.9,1642,5,3.9,16,59,0
855,54,Hombre,1,1,31.2,485,4.9,4.6,26,25,0
856,71,Mujer,0,0,33.2,352,3.4,3,26,58,0
857,62,Hombre,1,1,42.9,1326,4.1,3.4,23,49,0
858,69,Hombre,0,0,26.8,47,4.2,5.5,28,50,0
859,70,Hombre,1,1,16.5,133,4.4,4.2,22,3,1
860,29,Hombre,1,0,19.1,337,4.6,4.6,20,4,1
861,55,Mujer,0,1,44,199,4.1,2.3,24,50,0
862,92,Hombre,1,0,25.7,139,3.9,2.7,26,30,0
863,68,Hombre,0,0,26.6,758,4.5,3.2,23,28,0
864,64,Mujer,1,0,22.5,132,3.5,4.1,24,39,1
865,72,Hombre,0,1,18.9,220,4.4,3.6,29,7,2
866,73,Hombre,1,0,26,647,3.7,3.6,24,7,1
867,50,Mujer,1,0,35.4,1888,3.7,3.7,21,47,0
868,66,Mujer,0,1,26,141,3.7,3.6,27,34,0
869,75,Hombre,0,0,19.7,1900,3.5,2.4,23,47,0
870,69,Mujer,1,0,39.3,121,4.3,3.3,25,37,2
871,63,Mujer,1,1,22.3,5313,3.7,4.2,27,18,1
872,63,Mujer,1,0,26.1,795,3.4,4.1,24,3,1
873,53,Mujer,1,1,23.7,438,3,3.9,23,21,1
874,62,Mujer,0,1,34,121,3.9,3.8,24,58,0
875,71,Mujer,0,0,29.6,1342,3.7,3.9,25,26,0
876,58,Mujer,0,0,26.3,1590,3.7,3.8,25,15,1
877,66,Mujer,0,0,15.8,445,3.1,3.3,18,5,1
878,69,Hombre,0,0,36.6,570,4.1,4,19,46,0
879,77,Hombre,1,0,31.5,154,3.5,2.9,20,57,0
880,47,Hombre,1,0,28.2,2832,4,3.6,23,7,1
881,68,Hombre,1,0,20.5,65,3.7,3.4,25,16,1
882,78,Hombre,0,1,19.3,960,3.5,3.2,26,14,1
883,70,Hombre,1,0,12.8,6000,3.9,3.8,17,3,1
884,44,Hombre,0,0,26.3,92,4.1,3.3,21,33,0
885,65,Mujer,0,1,24.9,694,4.1,4.1,18,26,0
886,81,Hombre,0,0,25.4,129,4.1,3.4,22,59,2
887,54,Hombre,1,0,35.2,222,4.5,3.3,26,35,0
888,68,Mujer,0,0,35.7,213,4.1,2.5,21,32,0
889,57,Mujer,1,0,26.1,524,3.8,4.6,23,53,0
890,79,Hombre,1,1,27.4,1764,4.2,4.2,21,4,2
891,80,Mujer,1,1,24,185,3.7,4.6,28,28,2
892,70,Mujer,1,0,36.3,127,4,4.1,30,57,0
893,72,Hombre,0,0,41.1,4575,4.1,3.3,26,44,0
894,65,Hombre,1,0,19.6,961,3.7,4.1,20,7,1
895,92,Mujer,0,1,23.8,137,4,3.2,24,22,2
896,78,Mujer,0,0,25.3,104,3.6,3.6,22,11,2
897,50,Mujer,0,0,30.5,521,4.4,3,22,25,0
898,50,Hombre,1,0,26.8,413,4.2,4.4,29,38,0
899,66,Hombre,0,0,30.2,38,3.7,3.8,20,35,0
900,62,Hombre,1,0,28.9,376,3.2,4.7,25,44,0
901,69,Hombre,0,1,11.8,34,4.5,4.1,21,37,0
902,61,Hombre,0,0,27.4,116,4.3,3.6,23,43,0
903,59,Hombre,0,0,23.1,60,4.2,3.9,26,55,0
904,78,Mujer,0,1,21.9,707,3.8,2.9,22,50,1
905,77,Mujer,1,0,22.6,1762,3.3,3.4,16,5,2
906,74,Hombre,1,0,44,17,3.6,2.6,21,12,0
907,66,Hombre,1,0,34.7,1193,3.6,2,26,30,0
908,76,Hombre,0,1,30.7,64,4.6,3.4,24,7,0
909,47,Mujer,1,1,21.8,3322,4.1,4.2,22,7,1
910,50,Mujer,0,0,44,142,3.8,3.7,25,57,0
911,80,Mujer,0,1,22.9,131,3.4,3.9,28,51,1
912,61,Mujer,0,1,10.2,99,4,3.7,25,24,2
913,69,Hombre,0,0,27.2,80,3.6,4.2,25,13,1
914,88,Hombre,0,0,42.7,201,3.6,3.9,25,15,1
915,61,Mujer,1,0,12.8,3507,4.2,3.6,24,1,1
916,53,Mujer,1,0,27.3,3866,3.8,5.4,25,25,1
917,30,Mujer,0,0,9.7,43,4.5,5.2,21,4,1
918,64,Hombre,0,0,34.2,108,3.9,3.3,19,29,0
919,64,Mujer,0,1,28.1,66,4.1,3.4,28,52,0
920,77,Mujer,1,0,22.9,1801,4.3,4.4,27,17,1
921,60,Mujer,0,0,23.9,33,4.2,3.7,22,45,0
922,62,Mujer,0,0,30,52,4.6,4.2,20,25,1
923,64,Hombre,1,0,23.9,266,3.3,3.9,17,23,1
924,70,Mujer,0,1,31.9,114,4.2,3.2,19,52,0
925,74,Hombre,1,0,22,1239,4.2,3,24,11,1
926,58,Mujer,1,0,30.1,1949,4.4,3.9,22,12,1
927,69,Hombre,0,1,28,975,3.6,3.8,22,11,1
928,70,Hombre,1,0,26.4,1032,3.2,4,25,24,1
929,67,Mujer,1,0,21.8,769,3.8,4.6,25,50,0
930,83,Mujer,0,0,16.6,220,4.3,3.1,21,24,0
931,45,Hombre,1,0,16.2,108,4,4.3,23,16,1
932,73,Hombre,0,0,21.4,216,3.9,3.8,24,24,0
933,81,Mujer,0,0,25.3,24,3.2,4,22,36,1
934,51,Hombre,0,0,21.4,413,3.6,5.3,21,5,1
935,68,Hombre,1,0,37.2,750,4.4,3.3,26,60,0
936,54,Mujer,0,0,27,267,4,2.9,26,50,0
937,62,Hombre,0,0,34.4,12,4.1,3.3,20,51,0
938,66,Mujer,1,1,22.1,105,3.3,4.3,22,2,1
939,64,Mujer,1,1,27.6,71,3.8,3.2,26,27,1
940,90,Hombre,1,0,36.2,565,4.2,3.1,26,47,2
941,65,Mujer,0,0,22.5,126,3.9,3.7,22,50,0
942,50,Mujer,0,1,30.2,373,4.3,3.5,27,26,0
943,57,Hombre,0,0,28.6,691,4.1,4,19,50,0
944,62,Hombre,1,1,24.5,1288,3.5,4.3,26,1,1
945,61,Hombre,1,0,24.5,167,4.2,3.6,26,21,2
946,73,Mujer,1,0,29.1,211,3.9,3.5,20,60,0
947,58,Hombre,0,1,15.3,301,3.3,3.6,24,43,0
948,73,Hombre,1,0,21.5,160,4,4.1,22,38,2
949,62,Mujer,0,0,26.1,130,3.8,4,26,60,0
950,52,Mujer,1,1,30.6,338,4.3,3.3,26,12,1
951,65,Hombre,1,0,41,289,4.4,4.1,24,8,2
952,58,Hombre,0,0,20.3,863,4.2,4.4,22,55,0
953,66,Mujer,0,0,29.4,1608,4.1,3.6,24,39,0
954,86,Hombre,0,0,26.3,285,3.7,4.1,27,32,0
955,65,Mujer,1,0,25.7,275,3.8,4.6,24,40,0
956,64,Hombre,0,0,26.2,67,3.4,3.9,20,36,0
957,48,Hombre,0,0,13.7,3009,4.1,4.6,27,1,1
958,69,Hombre,1,0,25.9,1997,3.6,3.9,22,33,0
959,64,Hombre,1,1,23.8,179,3.6,4.4,20,30,2
960,84,Mujer,0,1,25.4,173,4.3,3.3,23,33,2
961,43,Hombre,1,0,27.9,1552,3.5,3.5,21,9,1
962,56,Mujer,0,0,39.3,63,4.1,3.6,26,48,0
963,60,Hombre,0,0,30.2,1548,4.4,4,19,15,2
964,67,Mujer,1,0,20.9,493,3.3,4.4,25,58,0
965,59,Hombre,0,1,31.8,515,3,3.5,18,39,0
966,68,Hombre,0,0,42.5,708,4,4,25,42,0
967,95,Hombre,0,1,37.9,734,3.9,3.8,23,48,0
968,61,Hombre,1,0,23.9,1330,3.7,4.6,23,5,1
969,67,Mujer,0,0,8.1,1154,3,3.4,19,14,1
970,57,Hombre,0,0,29.7,205,4.6,3.2,25,33,0
971,79,Hombre,0,0,44,392,4.1,3.8,22,38,2
972,51,Hombre,0,0,34.6,348,4.4,3.5,23,32,0
973,61,Hombre,0,0,41.1,191,4,2.6,24,49,0
974,69,Hombre,0,0,28,333,4,4,25,33,0
975,76,Hombre,1,1,33.1,75,4.1,3.8,25,28,2
976,69,Mujer,1,0,11.2,1582,4.3,4.6,26,8,1
977,74,Mujer,1,0,28.5,3795,3.2,3.1,21,1,1
978,49,Mujer,0,0,36.2,892,4.5,4.4,26,23,2
979,59,Mujer,1,0,37.3,3809,4.2,4.1,24,24,0
980,65,Hombre,0,0,32.6,295,3.9,3.7,24,39,0
981,79,Mujer,0,0,26.2,729,3.6,3.5,25,1,0
982,66,Hombre,0,0,20.8,437,3.6,4,22,43,1
983,63,Hombre,0,0,37.1,144,3.8,4.2,24,58,0
984,67,Hombre,1,0,8.2,103,4.3,4.2,23,28,0
985,53,Mujer,1,1,23.7,300,4.1,4.4,23,52,0
986,49,Hombre,0,0,44,118,4.6,3.2,25,20,2
987,71,Hombre,0,1,22.5,860,4.1,4.1,22,20,1
988,55,Hombre,0,0,12.3,73,3.9,4.4,19,59,2
989,69,Mujer,0,1,41.6,1645,4.4,3,27,1,2
990,51,Hombre,1,1,33.7,2846,4.1,2.9,22,8,1
991,57,Hombre,0,0,22.2,158,4,3.7,19,18,2
992,67,Hombre,0,1,28.5,249,3.4,4.2,28,26,0
993,52,Hombre,0,0,19.5,6000,4.7,4.4,23,27,0
994,64,Mujer,0,0,35.1,13,4.1,3.9,21,59,0
995,69,Hombre,0,0,27,583,3.6,3.6,27,53,0
996,85,Mujer,0,1,21.8,67,3.9,3.6,24,46,0
997,58,Mujer,1,0,31.4,168,4,3.5,20,30,0
998,71,Mujer,0,0,29.4,884,4,2.3,25,38,0
999,74,Hombre,0,0,13.6,668,4.2,4.3,19,5,1
1000,94,Mujer,0,1,33.1,63,3.7,3.8,20,58,0
1001,87,Mujer,1,1,41.2,3754,4.2,3.9,19,9,2
1002,77,Hombre,1,0,23.7,126,4,3.6,23,60,0
1003,82,Mujer,1,0,32.3,226,3.7,2.9,29,45,0
1004,62,Mujer,0,0,28.8,394,4.4,4,25,30,0
1005,79,Mujer,1,1,29.9,319,4.2,3.3,20,51,0
1006,59,Mujer,1,0,25.7,632,3.5,4.3,19,5,1
1007,74,Mujer,1,0,32.6,1081,3.6,4.1,27,2,1
1008,67,Hombre,0,1,16.6,423,3.6,4,26,33,1
1009,60,Hombre,0,0,25.9,731,3.7,3.1,28,56,0
1010,71,Hombre,0,0,29.7,31,4.3,3.9,22,53,0
1011,76,Mujer,0,1,33.9,247,4.2,2.8,28,33,0
1012,74,Mujer,1,0,40.3,67,4.5,4.6,23,32,0
1013,53,Mujer,0,0,20.3,200,3.8,3.5,18,27,1
1014,47,Mujer,1,0,30.6,1545,4.9,3,24,4,1
1015,63,Hombre,0,0,25,25,4.2,3.6,21,52,0
1016,51,Mujer,0,0,26.4,4331,4.1,2.8,26,34,1
1017,66,Mujer,0,0,37.5,46,4.3,3.4,20,56,0
1018,66,Hombre,0,0,14.8,207,3.4,4.3,26,13,1
1019,60,Hombre,0,0,24.1,280,3.8,4.5,21,9,1
1020,46,Mujer,1,0,28.5,1630,3.2,3.7,20,41,0
1021,61,Hombre,1,0,22.1,286,3.4,4.1,18,8,2
1022,61,Hombre,0,1,28.9,289,4.4,4.1,23,30,0
1023,46,Hombre,0,0,40.6,160,4.7,3.8,22,4,2
1024,73,Hombre,0,1,24.2,683,3.4,2.6,20,24,2
1025,64,Mujer,0,0,36.6,679,4.7,3.9,25,38,0
1026,67,Hombre,1,1,23.2,2845,3.5,4.4,20,38,1
1027,73,Mujer,1,1,41.4,38,4.6,3.1,32,17,2
1028,80,Hombre,0,0,30.9,563,4.1,3.9,23,56,0
1029,50,Mujer,0,0,29.2,330,4.3,3.7,26,31,0
1030,94,Hombre,1,0,37.9,401,3,3.8,21,11,2
1031,58,Hombre,1,1,42.8,105,5,3.2,23,40,0
1032,67,Hombre,1,1,27.4,242,4.3,3.9,25,38,0
1033,73,Hombre,1,0,15.9,330,3.5,3.5,22,1,1
1034,60,Mujer,1,0,27.5,1265,3.5,4.3,23,28,1
1035,79,Mujer,0,0,29.4,91,2.9,4.8,24,27,0
1036,62,Mujer,1,0,36.6,882,3.7,2,21,27,0
1037,63,Hombre,1,1,43.4,130,3.9,3.5,26,13,2
1038,95,Mujer,0,1,32.2,142,3.8,5,26,11,2
1039,67,Hombre,0,1,44,687,4.3,2.8,26,3,2
1040,71,Hombre,0,0,25,1668,3.5,4,24,50,0
1041,40,Mujer,0,1,29.3,1888,4.2,3.2,27,6,1
1042,68,Mujer,0,0,27.1,319,4.6,5.5,19,39,0
1043,66,Hombre,0,0,14.9,161,3.7,3.6,18,42,0
1044,48,Mujer,0,0,31.4,267,3.7,3.9,27,37,0
1045,63,Mujer,0,1,19.7,50,4,4.5,24,50,0
1046,55,Mujer,1,0,29.5,33,2.8,3.5,21,27,0
1047,55,Hombre,0,0,33.9,210,3.6,2.7,22,32,0
1048,65,Hombre,0,0,37.8,54,4.5,3.1,21,13,2
1049,67,Mujer,1,0,25,387,3.4,4.2,24,19,1
1050,69,Mujer,0,0,43.3,200,4.4,2.8,22,32,0
1051,82,Mujer,0,1,23.5,155,4.1,3.1,27,24,0
1052,60,Mujer,0,0,15.4,4091,3.4,5.1,23,13,1
1053,66,Hombre,1,0,17,149,3.4,4.5,27,11,1
1054,69,Mujer,1,0,18,976,4,2.3,21,8,1
1055,76,Hombre,1,1,24.7,808,4.4,3.4,22,11,2
1056,52,Hombre,1,1,25.6,124,3.7,2.4,24,41,0
1057,67,Mujer,1,0,28.5,349,4.2,4.2,21,52,1
1058,68,Mujer,0,0,27.4,190,3.5,2.9,28,14,2
1059,50,Mujer,1,0,32,3305,3.8,4.2,24,18,1
1060,50,Mujer,0,0,21.5,256,4.3,4,25,36,0
1061,81,Mujer,0,0,23.7,6000,4.8,4.7,20,24,0
1062,75,Mujer,0,0,36.5,1636,3.9,3.6,23,43,0
1063,59,Hombre,1,0,33.4,135,3.1,3.3,20,39,0
1064,69,Hombre,0,0,24.8,685,3.8,3.8,23,17,0
1065,64,Mujer,1,1,23.2,2409,3.1,4.2,23,11,1
1066,57,Mujer,0,0,32.8,49,4.7,4.3,27,53,0
1067,76,Hombre,0,0,22.4,968,3.9,4,24,60,0
1068,58,Mujer,1,0,15.9,226,4.3,3.7,20,11,0
1069,68,Hombre,0,0,27.5,66,4.2,4.2,31,45,0
1070,73,Mujer,0,0,25.9,158,3.8,4,28,36,0
1071,80,Hombre,1,1,30.1,458,3.4,4.2,27,37,2
1072,58,Hombre,0,0,27.1,90,3.7,3.3,22,10,2
1073,82,Mujer,0,0,25.5,1061,3.7,2.5,20,60,0
1074,91,Hombre,1,1,18.4,272,3.4,4.7,16,36,2
1075,67,Mujer,0,0,31.8,287,4.2,3.8,19,39,0
1076,56,Mujer,1,0,27.1,2268,3.5,2.7,27,15,1
1077,57,Mujer,0,0,27.7,298,3.4,4.1,23,35,0
1078,59,Hombre,0,0,13.2,2306,4.7,3.5,21,20,1
1079,72,Mujer,0,0,35.4,424,4,3.5,22,34,0
1080,83,Mujer,1,0,28.9,62,2.9,3.5,23,4,2
1081,66,Mujer,1,0,22.6,32,4.2,4.4,20,32,0
1082,56,Hombre,0,0,33.1,134,3.8,2.5,22,16,1
1083,60,Hombre,1,0,17.1,229,3.7,4.4,23,11,1
1084,80,Hombre,1,0,29.9,471,3.8,3.3,22,14,2
1085,49,Mujer,1,0,19.2,4695,3.5,3.7,24,3,1
1086,66,Mujer,1,1,23.5,378,3.8,3.8,25,30,0
1087,59,Hombre,1,0,32.3,107,4.5,3.3,23,24,0
1088,76,Hombre,0,1,22.9,738,4.4,3.7,24,14,2
1089,70,Mujer,0,0,22.8,18,3.8,3.4,21,56,0
1090,63,Hombre,0,0,44,87,3.5,3.2,25,53,0
1091,44,Mujer,0,0,26.8,74,3.2,3.9,27,52,0
1092,69,Hombre,1,1,35.6,554,3.5,3.4,25,9,2
1093,52,Mujer,0,0,29.3,115,5,3.8,21,53,0
1094,60,Mujer,1,0,5,1948,3.6,3.4,21,4,1
1095,84,Hombre,0,0,11.4,2709,3.1,3.5,23,2,2
1096,87,Mujer,0,0,24.1,565,3.1,4.1,24,22,2
1097,79,Mujer,1,1,32.5,1295,4,3.2,20,53,2
1098,68,Mujer,0,0,39.1,185,3.6,4.5,27,41,0
1099,59,Hombre,0,0,30.7,135,4.5,2.9,20,56,0
1100,72,Hombre,1,1,13.7,4281,4,4.2,22,4,1
1101,76,Mujer,1,0,30.8,122,3.8,4.8,22,9,2
1102,77,Mujer,0,0,32.1,226,4.5,3.6,22,43,0
1103,51,Mujer,0,0,21.3,652,4.3,4.6,27,45,0
1104,52,Hombre,0,1,16.1,538,4.3,4,18,20,1
1105,55,Hombre,0,1,28,88,3.6,3.1,14,58,0
1106,71,Hombre,0,1,17.5,140,4.2,4.2,23,37,0
1107,49,Hombre,0,0,40.9,107,4.5,3.6,24,52,0
1108,76,Hombre,1,1,26.8,118,4.2,3,20,22,2
1109,48,Hombre,1,0,20.2,384,3.7,4.2,20,18,1
1110,71,Mujer,0,1,17.1,978,4.3,4.4,19,18,1
1111,65,Mujer,1,1,32.7,38,4.1,3.6,23,14,2
1112,67,Mujer,0,0,29.8,46,3.7,3.4,25,25,1
1113,89,Mujer,0,0,16.1,263,3,4.2,24,49,0
1114,65,Mujer,0,0,16,489,3.6,4.2,23,58,0
1115,66,Hombre,1,1,27.6,4158,3.4,3.5,25,27,0
1116,62,Mujer,0,0,25.1,731,4.6,4.6,22,44,0
1117,75,Hombre,1,0,35.2,711,3.5,2.7,27,33,0
1118,83,Hombre,0,0,28,205,4.2,2.7,18,33,0
1119,54,Hombre,1,0,24.3,190,3.8,3.3,27,55,0
1120,69,Hombre,1,0,31.8,272,3.6,3.5,24,49,0
1121,46,Mujer,0,0,12.4,2487,4.9,3.9,23,6,1
1122,85,Mujer,1,1,21.8,85,3.4,4,24,29,0
1123,72,Mujer,0,1,18.1,43,3.4,3.7,24,46,1
1124,84,Hombre,0,0,33.7,189,4.2,4,22,60,0
1125,60,Hombre,1,1,23.3,375,3.3,4.8,24,3,1
1126,69,Mujer,0,0,35.7,151,4.4,4.1,27,52,0
1127,81,Mujer,1,0,27.5,66,3.4,3.3,25,27,0
1128,73,Mujer,1,0,31.6,691,3.8,2.7,23,23,2
1129,77,Hombre,1,0,25,484,3.7,3.6,25,25,0
1130,81,Hombre,0,1,18.1,1274,4.1,3.3,27,14,2
1131,62,Hombre,1,0,29.5,51,4.7,3.2,24,57,0
1132,68,Hombre,0,0,5.1,159,3.4,4,21,21,1
1133,67,Mujer,1,0,39.8,318,3.7,2.5,26,48,0
1134,61,Hombre,1,0,35.5,296,3.8,3.3,21,28,0
1135,41,Mujer,0,0,36.1,87,4.3,3,27,31,0
1136,59,Hombre,0,1,44,8,5,4.1,24,49,0
1137,84,Hombre,1,1,23.1,392,4.1,3.8,20,3,2
1138,94,Mujer,1,1,21.8,851,3.4,4.1,24,7,2
1139,54,Mujer,0,0,27.5,107,4.4,3.8,21,47,1
1140,58,Hombre,0,0,36.8,195,4.2,2.6,22,42,0
1141,41,Mujer,0,0,13.2,631,3.5,4.1,21,28,1
1142,69,Mujer,0,0,43.6,874,4.7,4.4,28,24,0
1143,60,Hombre,1,0,33.8,129,3.9,4.1,23,58,0
1144,51,Mujer,0,0,37.8,724,4,3.9,27,46,0
1145,62,Hombre,0,0,28.6,374,3.4,4.4,26,4,1
1146,54,Hombre,1,0,35.3,3869,4.4,3.1,30,11,1
1147,77,Hombre,0,1,24.4,56,3.9,4.9,27,13,2
1148,71,Mujer,0,0,17.6,258,3.8,3.8,22,29,1
1149,67,Hombre,1,1,23.7,60,4.3,5.1,20,57,0
1150,77,Hombre,1,1,16.1,6000,3.7,4.7,20,5,1
1151,72,Hombre,0,0,35.5,260,4,3.7,23,60,0
1152,38,Hombre,1,0,33.1,314,4,3.1,26,39,0
1153,69,Mujer,0,0,26.6,686,3.9,4.1,21,27,0
1154,72,Hombre,1,0,25.7,150,3.9,4.5,19,46,0
1155,70,Mujer,0,0,17.4,558,3.7,3.7,24,2,1
1156,59,Mujer,0,0,34,300,4.5,3,23,55,0
1157,68,Mujer,0,0,7.4,1256,3.7,4.7,20,1,1
1158,64,Hombre,0,1,32.5,143,4.4,3.6,27,33,0
1159,52,Hombre,1,0,21.8,833,3.1,3.5,21,29,0
1160,90,Mujer,1,0,25.3,671,2.9,4.3,25,25,2
1161,47,Hombre,0,0,34.9,108,4.2,3.7,28,17,2
1162,58,Hombre,0,0,29.1,264,4.6,3.5,27,38,0
1163,80,Hombre,1,0,31.9,936,3,3.8,25,49,1
1164,46,Mujer,0,0,32.4,354,4.6,3.6,25,1,2
1165,74,Mujer,0,1,23.6,624,4.1,4.9,20,27,0
1166,62,Hombre,1,0,23.7,245,3.8,5.1,27,14,0
1167,62,Hombre,1,0,28.8,54,2.6,3.8,22,20,2
1168,43,Hombre,0,0,27.6,298,3.7,3.2,21,37,0
1169,58,Mujer,0,0,26.6,105,3.6,3.7,23,39,0
1170,71,Hombre,0,0,25.6,68,3.6,3.9,18,24,0
1171,61,Hombre,0,0,23.8,2256,3.7,2.7,25,20,1
1172,81,Hombre,0,0,26.2,1599,3.9,3.6,24,18,1
1173,67,Hombre,0,0,32.4,698,4,4,27,34,0
1174,66,Hombre,0,0,23.8,431,4.1,4,19,30,0
1175,65,Hombre,1,0,16.3,666,4.3,4.3,25,3,1
1176,71,Hombre,0,0,16.9,472,4.4,3.3,23,42,0
1177,81,Mujer,0,0,24.8,604,4.4,3.8,24,54,0
1178,76,Hombre,0,1,24.2,197,3.8,4.6,24,5,1
1179,76,Mujer,1,1,15.3,1161,4,4,20,12,1
1180,85,Hombre,0,1,26.2,72,3.4,3.4,22,50,2
1181,61,Mujer,1,0,25.2,486,3.7,4.3,21,1,1
1182,65,Mujer,0,0,26,150,3.8,4.2,21,25,0
1183,88,Hombre,0,0,26.5,211,3.9,4.4,21,6,1
1184,60,Hombre,1,0,29.1,350,4,3.3,24,14,1
1185,75,Hombre,0,1,16,951,4,3.7,25,1,2
1186,70,Hombre,1,1,19.9,278,4,4.8,21,28,0
1187,90,Mujer,1,1,21.5,928,3.3,3.3,22,14,2
1188,85,Mujer,0,0,14.4,1297,3.2,4.2,27,11,1
1189,69,Hombre,1,1,29.7,2934,4.2,4.3,20,25,1
1190,73,Mujer,0,0,25.1,353,3.6,4,21,5,1
1191,30,Hombre,0,0,29.3,199,4.2,3.3,19,49,0
1192,65,Hombre,0,0,28.6,20,4.3,3.9,21,28,0
1193,74,Mujer,0,0,25.1,359,3.2,4.4,22,21,1
1194,95,Hombre,0,1,23.6,701,4.2,3.9,25,8,2
1195,68,Hombre,0,0,17,453,3.1,3.9,25,41,0
1196,74,Mujer,0,0,31.6,79,4.2,2.5,24,36,0
1197,67,Hombre,0,1,14.7,918,4.2,4.7,22,3,1
1198,51,Mujer,0,0,35.1,255,4.2,3,24,50,0
1199,67,Mujer,0,1,16.9,172,4,4.1,26,14,1
1200,74,Hombre,1,0,22.6,360,4.4,3.8,23,34,1
1201,70,Mujer,0,0,41.2,1013,3.6,3.7,27,40,0
1202,75,Mujer,0,0,30.6,182,4.1,3.1,21,26,0
1203,66,Mujer,1,0,30.2,486,4.7,3.7,20,35,0
1204,61,Hombre,1,0,27.8,124,4.3,3.7,24,38,0
1205,78,Mujer,0,0,30.2,582,4.1,4.2,21,38,0
1206,51,Hombre,0,0,26.4,41,3.9,4.5,25,41,0
1207,75,Hombre,1,0,14,68,4.1,4.5,24,30,1
1208,68,Hombre,0,1,35.3,82,4.2,2.5,26,25,2
1209,35,Mujer,1,0,32.4,144,4.8,3,21,29,0
1210,60,Mujer,0,0,28,212,4,3.4,20,58,0
1211,82,Hombre,1,0,20.6,346,3.4,4.9,22,34,2
1212,41,Hombre,0,0,28.6,87,4,4,27,32,0
1213,83,Hombre,1,0,19.2,630,3.2,3.8,27,8,1
1214,83,Mujer,0,1,23.7,146,3.8,3.4,26,12,2
1215,80,Mujer,1,1,33.9,1120,3.3,3.7,22,39,0
1216,65,Mujer,0,0,39.3,242,4.3,3.8,22,46,0
1217,59,Hombre,1,0,33.1,138,4,3.6,26,58,0
1218,47,Hombre,0,0,27.8,552,5,4.1,22,48,0
1219,65,Mujer,0,0,25.4,243,4.2,2.9,22,50,0
1220,63,Hombre,0,0,25.8,360,3.5,3.9,23,41,0
1221,89,Hombre,0,0,32.6,250,4.4,3.5,30,34,0
1222,69,Mujer,0,0,22.1,335,4,4.3,20,50,0
1223,60,Hombre,0,0,28.4,358,4.2,3.1,24,51,0
1224,78,Mujer,1,0,21.4,3086,3,4.3,27,3,1
1225,76,Mujer,1,1,23.5,6000,3.5,3.8,24,15,1
1226,60,Hombre,0,0,9.2,457,4.2,4.6,15,10,1
1227,72,Mujer,0,0,18.2,135,4.1,3.4,20,41,2
1228,59,Hombre,1,0,42,205,3.8,3.6,26,25,0
1229,58,Hombre,0,0,33.3,190,4.4,3.1,19,28,0
1230,55,Hombre,1,0,24.9,77,4,4.3,20,2,2
1231,61,Mujer,0,1,21.4,95,4,4.1,16,28,0
1232,54,Mujer,0,0,44,282,4.5,3.5,22,39,0
1233,76,Hombre,0,0,30.8,215,3.9,4.7,27,45,1
1234,74,Mujer,0,1,32.9,568,3.6,3.4,19,44,0
1235,65,Mujer,1,0,27.6,1302,3.8,4.1,23,13,1
1236,86,Mujer,0,0,21.3,1698,3.6,4,18,30,1
1237,72,Hombre,0,0,20.4,119,4.3,4.4,23,46,0
1238,74,Hombre,1,1,33,13,3.8,3,26,3,2
1239,61,Hombre,0,1,35.8,48,3.5,4,22,16,2
1240,83,Hombre,0,0,29.6,204,3.8,3.9,25,26,2
1241,67,Hombre,0,0,18.8,41,3.3,4.5,24,26,0
1242,60,Hombre,1,0,24.9,162,4.1,3.6,26,5,0
1243,77,Hombre,1,0,27.6,87,4.3,3.6,27,37,0
1244,56,Hombre,1,0,33.1,278,3.2,3.7,24,11,1
1245,53,Hombre,1,0,16.6,1909,4.3,4.4,17,8,1
1246,82,Mujer,1,1,30.2,650,3.8,3.3,27,16,2
1247,78,Hombre,0,1,27.5,191,4,4.1,28,59,0
1248,79,Mujer,0,0,28.1,230,3.6,3,22,37,0
1249,74,Mujer,1,0,28.5,297,3.7,4.2,24,31,0
1250,68,Mujer,1,0,30.6,2655,3.9,3.4,29,37,0
1251,55,Hombre,1,0,33.3,317,3.6,3.7,27,33,0
1252,60,Mujer,0,0,28.5,27,3.6,2.9,21,46,0
1253,63,Hombre,0,0,34.4,171,3.8,3.8,23,40,0
1254,78,Mujer,0,0,31.1,550,3.9,3.3,25,2,2
1255,64,Mujer,0,1,31.6,106,4.1,3.9,22,43,0
1256,74,Mujer,1,0,27.2,902,3.3,3.2,22,28,2
1257,73,Mujer,0,0,26.7,560,4.8,3.2,23,36,0
1258,62,Hombre,1,0,25.8,326,3.8,3.5,22,52,0
1259,50,Mujer,0,0,32.6,242,4.1,2.9,26,24,0
1260,64,Hombre,0,0,35.2,21,4,3.3,20,51,0
1261,62,Mujer,0,0,13.8,956,3.5,4.5,22,1,1
1262,47,Mujer,0,0,20.6,764,3.6,3,22,35,1
1263,62,Mujer,1,0,40.8,510,3.6,3.5,25,47,0
1264,81,Hombre,1,1,22.8,4909,3.4,3,26,6,1
1265,57,Mujer,1,1,20.2,5619,3.8,4.4,24,9,1
1266,58,Mujer,0,0,15.6,170,3.8,3.9,26,17,1
1267,87,Mujer,0,0,16.4,1296,3.6,3.4,24,2,1
1268,67,Hombre,0,1,44,547,4.7,3.6,24,52,0
1269,46,Mujer,0,0,30.7,2049,3.5,4.4,30,28,0
1270,51,Mujer,1,1,28.6,2067,3.8,3.9,22,49,0
1271,92,Hombre,1,0,39.6,690,3.6,3.3,19,9,2
1272,80,Mujer,0,1,17.2,94,3,4.7,22,12,1
1273,64,Mujer,0,0,32.2,987,4,3,20,56,0
1274,42,Hombre,0,0,25.7,383,4.3,3.8,23,16,1
1275,43,Hombre,0,0,20.6,850,4.1,4.3,23,27,1
1276,50,Hombre,1,0,34.8,227,4.5,3.5,31,34,0
1277,49,Hombre,0,0,28.6,591,4.1,3.5,28,59,0
1278,62,Mujer,0,0,26.8,382,4.6,3.2,30,12,1
1279,80,Hombre,0,0,21.3,305,3.4,3.4,22,2,2
1280,60,Hombre,0,0,14.7,1367,4.4,5.3,23,24,0
1281,56,Mujer,1,1,23.1,401,3.7,3,23,13,1
1282,52,Hombre,0,0,15.5,966,3.3,2.9,22,16,1
1283,51,Mujer,1,0,44,1178,4.2,3.3,22,25,0
1284,61,Hombre,0,0,30.9,68,4.4,4.6,24,24,0
1285,51,Mujer,0,0,33.1,72,4.2,2.6,27,44,0
1286,87,Hombre,0,0,32.6,3815,4.4,3.7,24,55,0
1287,63,Hombre,0,1,37.8,1236,4.6,3.7,21,58,0
1288,78,Mujer,1,0,15.7,4379,3.7,4,30,1,2
1289,58,Mujer,0,0,26.7,112,4,3.3,23,24,0
1290,67,Mujer,0,0,23.6,250,4.1,3.5,23,60,0
1291,54,Mujer,1,0,18.7,2961,3.9,2.9,23,42,1
1292,56,Mujer,0,1,17.2,99,4.1,3.8,20,58,0
1293,61,Mujer,0,0,30.5,270,3.8,2.6,22,36,0
1294,64,Hombre,1,1,29.3,1238,4,4.1,24,18,1
1295,68,Hombre,1,0,14.5,1175,3.9,3.4,26,2,1
1296,68,Hombre,1,0,34.9,458,3.9,3.1,21,35,1
1297,75,Mujer,1,0,23,732,3.8,5.3,19,34,0
1298,56,Mujer,0,0,38.4,21,4.7,3.9,22,34,0
1299,78,Hombre,1,1,31.2,73,3.6,4.3,23,16,2
1300,72,Hombre,0,1,34,55,4.2,2.6,19,46,0
1301,48,Hombre,0,0,40.5,841,4.2,3.4,24,60,0
1302,50,Mujer,1,0,39.2,203,3.9,2.7,28,53,0
1303,85,Mujer,0,1,29.7,346,4.2,3.7,28,26,2
1304,68,Hombre,1,0,20.9,895,3.3,6.3,22,7,2
1305,62,Mujer,1,0,36.6,299,4.4,3.1,30,5,2
1306,69,Mujer,0,0,22.7,1029,3.7,3.9,20,27,1
1307,50,Hombre,0,0,23.5,606,3.6,3.3,23,18,0
1308,63,Hombre,1,0,42.9,688,4.2,3.1,26,46,0
1309,74,Mujer,0,0,34.7,515,4.2,3.2,24,33,0
1310,60,Mujer,0,1,29.3,883,3.8,4.6,27,4,1
1311,58,Mujer,0,0,22.1,961,4.8,2.6,22,34,1
1312,57,Hombre,0,0,24.7,776,4,3.5,24,32,0
1313,83,Hombre,0,0,15.7,554,2.7,4.3,19,16,1
1314,72,Hombre,0,1,35.6,49,4.1,3.9,24,36,0
1315,48,Mujer,0,0,25.3,1884,4.5,2.7,18,52,0
1316,58,Hombre,0,0,13.6,207,3.9,4.1,24,30,0
1317,42,Hombre,1,0,10,336,3.9,4.6,21,9,1
1318,66,Hombre,0,0,26.4,41,4.6,3.2,25,40,0
1319,69,Hombre,0,1,21.1,1255,3.5,3.4,17,31,0
1320,63,Mujer,1,0,44,273,4,3.5,20,3,0
1321,52,Mujer,1,0,41.6,88,4.1,3.1,22,50,0
1322,45,Mujer,0,0,22.5,802,4.3,3.6,23,57,0
1323,59,Mujer,1,0,14.2,1161,2.7,4.4,25,47,0
1324,38,Hombre,0,0,44,109,4.6,3.5,21,29,0
1325,78,Mujer,0,0,23.4,21,3.8,3.9,25,5,2
1326,58,Mujer,1,0,25.9,761,3.9,4.2,25,37,0
1327,34,Hombre,0,0,21.1,6000,4.4,4.7,24,11,1
1328,78,Mujer,0,0,32.7,302,4.6,4.1,25,43,0
1329,70,Hombre,1,0,24,22,3.3,2.9,30,28,2
1330,33,Hombre,0,0,44,76,4.9,2.2,25,26,0
1331,63,Hombre,1,0,22.9,349,3.8,4.1,24,4,1
1332,54,Hombre,0,0,18.4,131,3.7,4.9,23,32,0
1333,82,Hombre,0,0,29.5,119,4.3,4.3,19,20,1
1334,89,Hombre,1,1,36.1,827,3,3.7,24,9,2
1335,68,Hombre,1,1,24,2046,4.2,2.7,18,24,1
1336,78,Hombre,0,0,23,231,3.5,4.6,20,3,2
1337,84,Hombre,0,0,20.6,1791,3.8,3.9,20,25,0
1338,61,Hombre,0,0,29.9,24,4,2.9,21,41,0
1339,72,Hombre,1,0,23.5,291,4,4.5,23,58,0
1340,63,Mujer,0,1,28.1,226,4.4,4.4,25,51,0
1341,59,Hombre,1,0,25.4,403,3.3,3.9,23,19,1
1342,70,Mujer,1,1,33.3,176,4,3,22,3,2
1343,63,Hombre,0,0,23,153,3.9,3.1,21,31,0
1344,77,Mujer,1,1,34.4,51,3.3,3.2,24,50,0
1345,61,Hombre,1,0,28.9,723,4.5,3.4,21,28,0
1346,54,Mujer,0,1,29.1,52,4.1,3.4,23,46,0
1347,72,Hombre,1,0,38.8,1205,3.5,4.2,24,24,0
1348,76,Hombre,1,0,22.8,995,3.6,3.6,30,32,1
1349,48,Mujer,0,0,13.8,639,3.6,4.1,23,2,1
1350,49,Mujer,0,1,20.9,144,3.7,4.4,20,17,1
1351,67,Mujer,0,1,26.3,6000,3.9,3.8,25,47,0
1352,68,Hombre,0,0,18,68,3.9,4.9,26,30,0
1353,59,Hombre,0,0,26.6,575,3.9,3.9,23,24,0
1354,84,Mujer,0,1,6.6,509,3.2,4.2,21,30,0
1355,46,Mujer,0,0,36.6,160,4.4,2.9,28,47,0
1356,48,Hombre,0,0,28.1,396,3.8,3.5,23,59,0
1357,61,Mujer,0,0,16,176,3.9,4.8,24,24,0
1358,68,Hombre,1,0,44,126,3,2.7,23,27,0
1359,52,Hombre,1,0,30,608,4.5,4.9,21,14,1
1360,78,Mujer,0,1,26.6,328,3.4,3.7,22,41,0
1361,62,Hombre,1,0,22.2,623,3.5,2.7,21,39,1
1362,52,Hombre,1,1,25.7,208,3.7,3.4,27,40,0
1363,54,Hombre,1,0,15.8,42,3.6,4.2,25,52,0
1364,55,Mujer,0,0,30,161,3.9,3.6,23,24,0
1365,71,Mujer,0,0,25.7,130,3.8,3.9,23,30,0
1366,53,Mujer,0,0,14.1,3774,4.5,3.9,21,15,1
1367,66,Hombre,0,0,29.7,1702,4.1,3.3,23,23,1
1368,51,Hombre,0,0,30.1,2608,4.5,3.5,28,42,0
1369,66,Mujer,1,0,41.8,49,3.5,3,29,37,0
1370,68,Hombre,0,0,36,535,4.8,4.2,24,26,0
1371,81,Hombre,0,0,25.4,44,3.7,3.5,22,49,0
1372,65,Hombre,0,0,18.2,635,4.1,3.9,21,45,0
1373,76,Hombre,0,0,27,1857,4.3,3.4,22,15,0
1374,45,Hombre,0,1,33.3,79,3.7,3.9,21,31,0
1375,70,Mujer,0,0,29.1,16,4.1,3.9,25,17,0
1376,66,Hombre,0,0,17.4,289,4.2,4.4,19,14,1
1377,82,Mujer,0,0,19.8,206,3.4,5.1,26,29,1
1378,48,Mujer,1,0,29,267,3.6,4.3,26,20,1
1379,75,Hombre,0,1,33.3,1295,4.1,4.1,24,39,2
1380,61,Hombre,1,0,37.2,511,3.9,3.4,24,40,0
1381,66,Hombre,1,0,23.3,3851,3.4,3.5,19,13,2
1382,66,Mujer,0,0,33.4,28,3.9,2.1,21,30,0
1383,69,Mujer,0,1,27.9,9,3.7,4.5,19,51,0
1384,59,Mujer,0,0,36.1,693,4.3,4.3,23,59,0
1385,70,Mujer,0,0,44,52,4.6,3.3,28,35,0
1386,71,Mujer,1,0,18.5,86,3.2,3.8,19,57,0
1387,63,Mujer,0,0,36.2,263,4.6,4.2,21,45,0
1388,61,Mujer,1,0,31.4,1166,3.2,3.7,18,4,1
1389,90,Hombre,1,1,34.7,190,4,3.1,20,27,1
1390,52,Hombre,1,0,27.6,2248,4.4,4.2,27,22,2
1391,63,Mujer,1,0,36,5438,3.9,3.5,23,42,0
1392,73,Mujer,0,0,19.6,1836,4.6,3.8,24,10,1
1393,68,Hombre,0,1,25.1,176,3.6,3.1,18,41,0
1394,82,Hombre,1,0,29.2,6000,2.8,3.3,22,1,1
1395,71,Hombre,0,0,41.6,88,3.7,2.7,27,43,0
1396,75,Hombre,1,0,28.3,2185,4.3,3.4,23,25,2
1397,77,Mujer,1,0,36.8,543,4.1,3.4,27,54,0
1398,48,Hombre,1,1,36.8,214,4.7,3.2,27,56,0
1399,65,Hombre,0,0,19.8,2076,4.4,4.8,18,36,1
1400,74,Mujer,0,1,27.1,243,4.2,3.8,23,52,0
1401,85,Mujer,0,1,38.2,62,3.9,3,16,21,2
1402,43,Mujer,0,0,29,119,3.9,3.7,24,52,0
1403,54,Mujer,0,0,24.3,181,4.2,2.9,23,35,0
1404,78,Mujer,1,1,34.9,19,3.5,2.9,23,60,0
1405,78,Hombre,0,0,36.1,35,4.2,3,24,3,2
1406,60,Mujer,1,0,19.8,696,3.1,3.7,23,7,1
1407,46,Mujer,1,0,22.4,907,4,4.2,20,11,1
1408,54,Hombre,0,0,24.3,2504,3.5,4.3,23,3,1
1409,84,Hombre,1,0,29.9,556,3.8,2.8,26,32,0
1410,39,Mujer,1,0,20.2,1186,4.7,4.1,25,4,1
1411,62,Mujer,0,0,8.5,1941,3.6,4.2,16,27,1
1412,73,Mujer,0,1,32.2,99,3.7,3.8,20,27,2
1413,64,Hombre,0,0,35,148,4,3.2,18,26,0
1414,66,Hombre,1,0,17.9,377,2.9,3.7,23,17,1
1415,85,Hombre,0,0,34.6,146,3.1,2.6,23,41,0
1416,61,Mujer,0,1,42.4,944,3.7,3.4,26,53,0
1417,69,Hombre,0,0,28.7,130,3.8,3.6,19,50,0
1418,61,Mujer,1,1,27.9,1654,4.2,4.4,22,33,1
1419,72,Hombre,1,1,17.1,1726,4,4.4,21,5,1
1420,61,Mujer,1,1,34.2,261,4.3,4.1,24,34,0
1421,70,Mujer,0,0,31.2,38,3.4,2.8,25,25,0
1422,65,Mujer,1,0,21,1101,4,4.2,21,7,1
1423,95,Mujer,0,1,19.7,540,3.8,2.8,27,12,2
1424,86,Hombre,0,1,16.3,3943,3.4,3.5,22,9,1
1425,58,Mujer,0,0,32.6,46,4,4.3,23,53,0
1426,59,Hombre,1,0,9.7,610,3.4,4.3,21,5,1
1427,49,Mujer,0,0,23.5,32,3.9,4.1,21,39,0
1428,53,Mujer,1,0,23.7,708,3.5,3.6,25,23,1
1429,42,Hombre,0,0,35.9,68,3.4,2.6,27,36,0
1430,74,Hombre,1,1,5,1216,3.3,4.7,23,1,1
1431,54,Hombre,0,0,21,279,4.1,4.5,20,45,0
1432,64,Hombre,1,1,16.8,191,3.5,4.2,23,57,0
1433,87,Mujer,0,0,22.2,374,3.7,4,22,14,0
1434,74,Hombre,0,0,20.9,202,4.2,3.9,22,25,0
1435,50,Mujer,0,0,36.3,253,4.6,3.6,23,36,0
1436,56,Hombre,0,0,32.8,521,5,3.8,23,27,2
1437,44,Mujer,0,0,27.1,620,4.2,3.3,24,54,0
1438,51,Hombre,1,0,23.6,1028,3.4,4.2,24,26,0
1439,84,Hombre,1,0,27.1,6000,3.7,3.8,27,15,2
1440,72,Mujer,1,1,25.4,1252,3.3,3.1,12,9,1
1441,49,Hombre,1,0,14.7,1380,4.7,3.1,23,6,1
1442,73,Mujer,0,0,21.1,565,4.5,3.9,23,30,0
1443,75,Hombre,0,1,19.7,73,4,3.6,24,52,0
1444,53,Hombre,0,0,30.7,203,3.7,3.1,28,59,0
1445,64,Hombre,1,0,17.4,75,4,3.5,25,8,2
1446,67,Mujer,0,0,26.6,364,3.6,4.1,25,28,0
1447,70,Mujer,0,0,32.4,157,4.7,2.9,23,26,0
1448,76,Hombre,0,0,36.6,48,4,3.2,27,7,2
1449,72,Mujer,0,0,18.1,243,3.5,4.1,30,35,0
1450,67,Hombre,0,0,31.2,743,3.3,4.5,28,51,0
1451,95,Mujer,0,0,21.8,189,3.5,4.1,19,6,0
1452,65,Hombre,1,1,5,2603,3.7,4.3,21,3,1
1453,45,Hombre,1,0,22.4,222,3.5,4.2,23,23,1
1454,55,Mujer,1,0,36.5,151,4.3,4.2,23,60,0
1455,61,Mujer,0,0,31.6,41,4.2,4,27,32,0
1456,76,Mujer,0,0,23.5,1278,3.6,3.6,24,53,0
1457,49,Hombre,1,0,26.9,34,3.7,4.3,22,26,0
1458,50,Hombre,0,0,22.2,217,3.6,3.4,24,29,1
1459,63,Hombre,0,1,26.7,376,3.9,4.5,23,45,1
1460,73,Hombre,0,0,29.8,702,3.7,4.5,26,36,0
1461,75,Hombre,1,1,18.7,2047,3.6,3.5,20,15,1
1462,62,Mujer,0,0,29.2,1120,4.2,3.9,26,33,0
1463,55,Hombre,1,1,19.7,399,4.7,3.1,23,7,1
1464,92,Mujer,1,1,35.4,244,4.2,2.9,23,39,2
1465,71,Hombre,0,1,19.8,20,4.3,4.2,26,55,0
1466,67,Hombre,1,0,14.7,294,4,3.7,23,24,0
1467,73,Mujer,0,0,27.4,963,3.1,4.1,20,56,0
1468,57,Hombre,0,0,28.4,35,3.7,4.5,22,58,0
1469,69,Mujer,1,0,25.2,416,3.7,3.9,26,13,2
1470,72,Mujer,1,0,26.7,589,4.2,3.1,22,48,0
1471,57,Hombre,0,0,20.6,1113,4,3.4,24,12,0
1472,63,Hombre,1,1,26.2,337,3.9,3.2,26,33,0
1473,73,Mujer,0,0,38.2,659,4.1,4.2,22,27,0
1474,47,Hombre,1,0,33.7,265,4.2,2.6,24,7,1
1475,80,Mujer,1,0,37.2,360,3.7,4.2,19,41,2
1476,64,Hombre,0,0,18.7,179,4.2,5,23,12,0
1477,59,Hombre,0,0,25.4,825,3.8,3.5,18,35,1
1478,57,Hombre,1,0,13.9,1702,3.7,3.2,22,23,1
1479,85,Hombre,1,0,36,513,4.2,3.1,23,32,0
1480,62,Mujer,1,0,21.5,434,4,3.3,23,28,0
1481,67,Mujer,1,0,23.3,138,3.2,4.7,21,59,0
1482,59,Mujer,0,0,24.4,296,3.6,5.1,24,24,1
1483,55,Mujer,0,0,34.5,349,4,3,21,35,0
1484,73,Hombre,0,1,16.4,208,3.1,3.9,19,6,1
1485,65,Hombre,0,1,31.6,343,4.6,3.6,22,39,0
1486,68,Hombre,0,0,22.3,588,3.1,4.4,23,5,0
1487,58,Hombre,1,0,29.7,896,3.5,3.4,22,26,1
1488,78,Mujer,1,0,25.1,902,3.6,4.2,25,30,0
1489,72,Hombre,1,0,28.7,2112,4.1,3.5,24,58,0
1490,71,Hombre,0,1,32.9,259,3.8,3.4,26,43,0
1491,71,Mujer,0,0,17.6,1189,3.5,4.3,23,43,0
1492,81,Mujer,1,1,10,6000,3.7,2.6,22,12,2
1493,76,Mujer,1,0,24.5,2732,4.2,2.8,19,10,1
1494,60,Mujer,0,0,20.5,1248,3.8,4.3,24,32,2
1495,71,Hombre,0,0,36.9,673,3.6,3.6,30,58,0
1496,66,Mujer,1,0,21.5,251,4.2,4.9,29,18,1
1497,87,Hombre,0,0,30,118,3.6,2.6,27,52,2
1498,50,Hombre,0,0,13.6,474,3.7,4.7,25,3,1
1499,69,Hombre,0,0,28.8,5362,4.1,3.4,23,33,0
1500,56,Mujer,1,0,39.7,657,3.3,2.7,20,11,1
1501,45,Mujer,0,0,27.8,199,4.4,3.5,20,32,0
1502,60,Hombre,1,0,27.2,226,3.6,4,19,31,0
1503,54,Mujer,1,0,28.5,300,3.7,4.2,23,51,0
1504,67,Mujer,1,0,17.6,1080,4.1,4.2,23,27,1
1505,71,Hombre,1,0,14.5,212,3.8,4.8,26,5,1
1506,67,Hombre,1,0,28.6,717,4.4,3.7,24,10,1
1507,66,Hombre,0,0,26.6,543,3.6,4.1,22,2,1
1508,74,Mujer,0,0,17.4,2177,3.5,5.3,28,8,2
1509,60,Mujer,0,1,15.2,184,4.4,4.1,22,5,1
1510,34,Hombre,0,1,20,43,4.2,5.5,24,58,0
1511,80,Hombre,0,0,15.2,3074,4.2,3.4,25,23,2
1512,65,Mujer,0,0,34.6,616,3.3,3.3,28,29,0
1513,75,Mujer,1,0,15.3,4778,2.6,3.9,26,45,0
1514,72,Hombre,1,0,30.5,3033,3.4,3.5,23,41,0
1515,64,Hombre,1,0,39.9,110,3.7,3.5,20,38,0
1516,74,Mujer,0,1,43.7,54,4.2,2.9,26,53,0
1517,51,Hombre,1,0,44,279,4.1,3.4,25,42,0
1518,72,Mujer,1,1,33.5,1053,4.2,3.7,21,10,2
1519,81,Mujer,0,1,34,8,3.3,3.8,25,43,0
1520,84,Mujer,1,1,25.2,404,3.6,4,22,13,2
1521,60,Mujer,0,1,18.5,42,3.8,4.3,23,31,0
1522,62,Hombre,0,0,27.7,3138,4,4.3,26,53,2
1523,79,Hombre,1,0,26.4,2316,4.1,3.3,24,29,0
1524,59,Hombre,1,0,35.9,414,4.2,2.3,25,51,0
1525,73,Mujer,0,1,27.1,814,3.9,3.9,26,9,2
1526,63,Hombre,0,0,22.5,54,3.9,4.5,18,53,0
1527,58,Mujer,0,0,27,43,4.7,4,18,31,0
1528,67,Hombre,1,0,33.5,137,3.8,3.4,21,18,2
1529,64,Mujer,1,0,24.1,301,3.8,2.8,31,22,1
1530,61,Hombre,1,0,17,1863,3.5,4.5,24,13,1
1531,59,Mujer,0,0,20.3,157,4.6,4.5,27,40,0
1532,74,Hombre,1,0,17.3,654,3.2,4.1,24,15,1
1533,87,Hombre,1,1,43.1,344,3.5,3.2,24,28,0
1534,61,Hombre,1,0,41.4,219,4.6,4.3,26,31,0
1535,52,Mujer,1,0,33.7,1481,4.3,2.9,26,20,1
1536,55,Mujer,0,0,21.2,207,3.4,4.6,24,44,0
1537,68,Hombre,0,1,32.1,64,4.5,4.1,23,43,2
1538,66,Hombre,0,0,37,1273,4.1,4,27,55,0
1539,53,Hombre,1,0,32.4,1306,4,3.2,25,46,0
1540,69,Hombre,0,1,34,1765,3.6,3.1,23,37,1
1541,65,Hombre,1,1,8.7,366,3,5.5,19,8,1
1542,70,Hombre,1,0,20.9,180,3.8,3.6,20,5,1
1543,65,Hombre,0,1,18.4,35,3.1,3.9,27,39,0
1544,48,Hombre,1,0,26.2,6000,3.1,4,21,8,1
1545,83,Hombre,0,0,12.5,104,3,4.8,18,7,2
1546,82,Mujer,0,0,33.3,1366,4.4,2.4,24,35,0
1547,66,Mujer,0,0,27.9,407,3.9,3.7,23,17,2
1548,85,Mujer,0,0,36.4,98,4.5,3,25,59,0
1549,77,Mujer,1,0,13.9,2542,4.1,4,18,9,1
1550,54,Hombre,0,0,41.6,106,5,2.3,21,46,0
1551,76,Hombre,0,0,40.6,17,4,3.3,27,1,2
1552,53,Hombre,0,1,20.1,302,4,4.1,20,13,1
1553,62,Hombre,1,1,42.2,876,3.9,3.3,26,32,0
1554,72,Mujer,1,0,38.8,303,3.8,3.8,23,18,2
1555,82,Hombre,1,1,31.2,467,3.6,3.7,22,2,1
1556,57,Hombre,0,0,31.7,304,3.6,4.7,23,47,0
1557,69,Hombre,0,0,30,147,4.1,3.9,24,27,1
1558,80,Mujer,1,0,27.2,6000,3.3,3.7,29,5,1
1559,66,Mujer,0,0,33.7,1870,3.3,3.4,24,55,0
1560,44,Hombre,0,0,34.6,1467,4.2,3,18,50,0
1561,77,Mujer,0,0,20.6,99,3.8,3.2,20,30,0
1562,73,Mujer,1,0,25,670,4,3.8,23,55,0
1563,77,Hombre,1,0,33.5,1456,3.4,2.5,23,38,0
1564,65,Hombre,0,0,30.9,3923,4.1,3.1,22,9,1
1565,81,Hombre,1,1,31.1,780,3.5,3.7,25,1,1
1566,68,Mujer,0,0,18.8,1659,3.6,3.3,26,16,1
1567,67,Hombre,1,0,20.1,2695,4.1,4,24,12,0
1568,65,Mujer,0,1,32.7,640,3.7,2.3,21,11,2
1569,94,Hombre,0,1,16.3,430,4,4.3,25,39,1
1570,76,Hombre,0,0,31.6,470,4,3.6,19,34,0
1571,37,Mujer,1,1,32.7,1234,4.1,3.7,25,29,0
1572,61,Mujer,0,1,41,141,3.8,3.4,24,21,2
1573,75,Mujer,1,0,26.6,74,3.8,3.3,26,16,2
1574,58,Hombre,1,0,20,369,3.3,3.4,23,4,1
1575,56,Mujer,1,1,21.2,471,4.3,3.8,24,45,0
1576,57,Hombre,1,0,33.7,118,5,3,25,26,0
1577,70,Hombre,0,0,26.1,45,3.7,4.1,30,20,2
1578,60,Hombre,0,0,38.6,51,4.2,3.2,17,52,0
1579,66,Mujer,1,0,31.2,344,3.9,3.8,24,39,0
1580,64,Mujer,0,0,27.1,26,4.3,3,22,26,0
1581,64,Hombre,0,1,43.5,283,4.8,3.7,22,27,0
1582,60,Hombre,1,1,36.2,358,4.6,3.9,22,37,0
1583,57,Hombre,0,0,31.9,1443,3.7,3.7,26,51,0
1584,84,Hombre,1,0,34.1,78,4.1,3.1,27,38,0
1585,77,Mujer,0,1,28.6,232,3.8,3.7,24,37,0
1586,68,Mujer,1,0,24.5,810,4.2,4.8,22,14,1
1587,68,Mujer,0,0,44,458,4.2,4.7,25,35,1
1588,69,Hombre,0,0,22.9,1126,3.7,3.1,20,49,0
1589,88,Mujer,0,0,14.1,1049,3.6,4,20,39,2
1590,62,Hombre,1,0,24.4,131,3.9,3.5,24,10,1
1591,52,Hombre,1,0,33.7,1054,3.8,3.4,25,13,1
1592,67,Hombre,0,0,11.3,143,3.4,4.6,27,4,1
1593,73,Hombre,0,1,31.7,983,3.2,2.9,21,40,0
1594,68,Hombre,0,0,25.8,813,4.9,3.9,28,56,0
1595,61,Hombre,0,0,35.7,276,3.4,3.4,25,48,1
1596,76,Hombre,1,0,21.8,318,3.7,4.7,19,23,2
1597,84,Mujer,0,0,33.5,64,3.6,3.6,24,33,0
1598,67,Mujer,0,1,16.4,488,4.1,4,21,16,2
1599,88,Mujer,0,0,21.7,6000,3.3,3.8,18,13,1
1600,49,Mujer,0,0,15.7,928,4.3,5,26,10,1
1601,56,Hombre,1,1,25.6,578,3.6,4,24,11,1
1602,80,Mujer,1,0,28,54,3.5,3.6,23,28,0
1603,59,Mujer,0,0,35,218,4.8,3.3,28,40,0
1604,80,Hombre,1,0,29.1,146,3.8,2.8,22,1,2
1605,58,Hombre,0,0,38.3,166,5,2.7,24,27,0
1606,81,Hombre,0,0,23,297,3.8,3.5,18,50,0
1607,61,Mujer,0,0,22.5,703,3.9,4.8,26,50,0
1608,66,Mujer,1,0,29.5,27,3.7,3.3,25,44,0
1609,70,Hombre,1,0,29.3,2571,4.5,2.9,25,27,0
1610,51,Hombre,1,0,31.6,541,3.5,4.5,25,27,0
1611,65,Hombre,0,0,22.4,304,3.9,2.6,27,14,1
1612,66,Hombre,0,0,38.7,296,5,3.2,20,27,0
1613,81,Mujer,1,1,36.8,3,3.6,3.3,19,58,0
1614,53,Mujer,0,0,41.3,144,4.3,3.2,19,27,0
1615,81,Mujer,0,0,42.8,99,3.9,2.7,22,52,0
1616,65,Hombre,0,1,20.5,181,4.5,3.9,22,40,0
1617,62,Mujer,0,0,24,899,3.9,2.8,23,38,1
1618,77,Mujer,0,0,18,400,3.9,3.9,19,43,0
1619,70,Hombre,1,0,14.4,74,3.3,3.9,23,5,1
1620,77,Hombre,1,0,35.4,114,3.3,3.6,24,38,2
1621,85,Mujer,0,0,37.5,878,4.1,4.3,25,43,0
1622,65,Mujer,0,0,23.1,209,4.2,4.6,27,29,0
1623,45,Mujer,0,0,29.9,123,4.5,4.1,21,39,0
1624,60,Mujer,1,0,30.8,375,3.7,3,25,39,2
1625,63,Hombre,0,0,14.7,169,3.4,3.3,18,40,1
1626,67,Hombre,0,0,25.6,167,3.8,4.1,24,53,0
1627,47,Hombre,0,0,28.4,676,3.9,3.6,23,26,1
1628,57,Hombre,1,0,28.9,690,4.1,4.1,28,42,0
1629,60,Hombre,0,0,28.9,217,3.7,3.4,26,24,1
1630,63,Hombre,0,0,26,223,3.8,3.3,20,33,0
1631,58,Mujer,0,0,31.7,75,4.6,4.2,13,56,0
1632,60,Hombre,1,0,26.2,266,4.1,3.3,23,13,1
1633,87,Hombre,1,0,23,2807,3.3,4.2,23,1,2
1634,64,Hombre,1,0,25.5,606,4.3,3.3,24,42,0
1635,50,Hombre,0,0,5,80,4,4.1,22,13,1
1636,53,Hombre,1,0,38.5,1361,4.1,2.4,22,24,0
1637,66,Hombre,0,0,25.3,1363,3.9,3,21,14,1
1638,88,Hombre,0,0,24.3,381,4.2,3.9,22,28,0
1639,73,Mujer,1,1,26.2,485,4,3.3,21,9,1
1640,51,Hombre,1,0,33.1,249,4.3,4.8,20,34,0
1641,65,Hombre,0,0,10.7,498,3.6,4.7,26,8,1
1642,57,Hombre,0,0,26.8,144,4.3,3.5,14,25,0
1643,52,Hombre,1,1,16.9,1199,3.2,3.2,22,11,1
1644,67,Hombre,1,1,27.7,1121,3.8,4.1,20,31,0
1645,95,Mujer,1,1,15.8,595,3.8,4,18,2,1
1646,83,Mujer,0,1,25,270,4.4,3.1,27,24,0
1647,49,Mujer,1,0,20.4,91,4.1,4.6,26,47,0
1648,71,Mujer,0,0,29.8,760,3.2,3.5,24,24,0
1649,73,Hombre,1,0,21.8,170,3.4,4.2,26,2,1
1650,77,Hombre,1,0,24,979,2.7,4,23,14,1
1651,71,Hombre,1,0,17.1,431,3.8,4.2,24,5,1
1652,84,Hombre,1,0,24.6,348,4.4,4.2,21,18,1
1653,51,Mujer,0,0,33.5,838,4.4,3.2,26,52,0
1654,76,Mujer,0,1,21.4,535,3.2,4.4,23,39,0
1655,62,Hombre,0,1,24.4,211,4.2,4.4,20,34,0
1656,60,Mujer,0,0,21.2,935,3.5,5.2,26,31,1
1657,79,Mujer,0,1,35.7,61,4.4,2.6,22,38,0
1658,91,Mujer,0,1,28.4,250,3.3,4.2,27,15,2
1659,71,Hombre,0,1,19.6,121,4.3,4.4,23,33,0
1660,75,Mujer,1,0,26.8,2106,3.8,4.3,25,58,0
1661,61,Hombre,0,0,17.8,34,3.8,4.5,26,28,0
1662,69,Hombre,1,0,32.5,120,3.5,4.1,25,53,0
1663,49,Hombre,0,0,38.8,509,4.5,3.4,27,14,1
1664,68,Hombre,0,1,18.6,584,4,3.6,21,1,1
1665,84,Mujer,1,0,21.3,4386,3.8,4.3,24,7,1
1666,83,Mujer,0,1,15.8,784,3.6,4.1,19,22,2
1667,65,Hombre,0,1,23,410,3.5,4,22,7,1
1668,68,Mujer,0,0,31.5,217,3.9,3.4,26,42,0
1669,49,Hombre,1,0,22.3,476,4.1,3.5,22,11,1
1670,41,Hombre,0,0,12.2,887,3.9,3.3,22,4,1
1671,73,Hombre,0,0,20.3,1089,3.7,4,25,27,0
1672,57,Hombre,1,0,11,475,3.8,3.5,21,18,1
1673,67,Mujer,0,0,27.7,1004,4.7,3.8,27,45,0
1674,74,Mujer,1,0,18.6,2206,3.4,4.9,23,5,1
1675,83,Hombre,0,1,12.4,1524,3.5,3.8,24,38,1
1676,81,Mujer,1,0,31.9,351,3.2,3.5,18,34,2
1677,78,Mujer,1,1,22.3,205,3.6,4.6,21,24,2
1678,62,Hombre,0,1,28.6,504,3.6,3.7,25,50,0
1679,79,Mujer,1,1,29.7,4427,4,3.1,28,29,0
1680,56,Hombre,1,1,33.4,1089,4,3.8,24,18,1
1681,55,Mujer,1,0,33.6,1112,3.9,3,29,51,0
1682,51,Hombre,0,0,23.1,296,4.1,3.5,25,45,0
1683,66,Mujer,1,1,9.9,540,3.1,4.8,25,8,0
1684,73,Hombre,0,0,20.9,248,4,3.7,25,11,1
1685,79,Hombre,1,1,19.5,991,3.8,4.2,23,8,1
1686,78,Hombre,0,0,17.4,2577,4.2,4.1,18,32,0
1687,68,Hombre,1,1,21.8,6000,4,4.4,18,5,1
1688,62,Mujer,0,0,26.4,293,4.5,2.7,24,55,0
1689,66,Mujer,1,0,24.5,1194,3.2,3.9,24,3,1
1690,73,Mujer,1,0,15.5,1585,4.2,4.4,19,11,1
1691,79,Hombre,1,0,29.3,768,3.1,3.1,24,16,1
1692,58,Mujer,1,1,25.3,553,4,3.3,18,9,1
1693,52,Mujer,1,1,34,1288,4.4,4.1,25,26,0
1694,43,Mujer,1,1,19.8,3762,4.4,4.6,22,1,1
1695,50,Hombre,1,0,26.7,3379,3.8,4.3,18,8,1
1696,57,Mujer,1,1,25.2,103,3.4,3.4,22,30,0
1697,59,Mujer,1,1,20.7,18,3.9,2.6,20,31,0
1698,69,Mujer,0,0,15.8,431,2.9,3.4,21,31,0
1699,56,Mujer,0,0,29.1,217,4,2.6,22,38,1
1700,63,Hombre,0,0,26.1,93,4.5,3.6,25,47,0
1701,54,Hombre,1,0,29.9,46,3.6,3.4,20,38,0
1702,53,Hombre,0,0,28.2,36,3.5,4.3,22,17,2
1703,62,Mujer,1,1,23.8,281,3.8,3.4,26,42,0
1704,49,Mujer,1,0,44,570,4.6,3.4,24,24,0
1705,57,Hombre,0,0,27.9,362,4.2,3.7,22,15,1
1706,95,Hombre,0,1,30.1,437,3.7,4.3,18,5,2
1707,68,Hombre,1,0,24.7,1557,4,4.3,19,2,1
1708,59,Hombre,1,0,29.9,3251,3.9,3.1,22,36,0
1709,65,Mujer,0,0,27,371,4,4.3,25,40,0
1710,74,Mujer,1,0,16,3279,3.3,4.4,23,19,1
1711,70,Mujer,1,1,27,2493,3.6,2.8,23,43,0
1712,63,Mujer,0,0,29.2,1643,3.9,3.7,29,59,0
1713,49,Hombre,0,0,25.5,235,4,2.5,28,13,1
1714,63,Mujer,1,0,30.5,503,2.9,3.8,23,44,0
1715,80,Hombre,0,0,17.9,148,3.6,4.5,25,57,0
1716,67,Hombre,1,0,28,1451,4.1,3.6,23,36,0
1717,71,Hombre,0,0,26.6,1859,3.8,3.9,25,29,0
1718,67,Mujer,0,0,15.7,1421,3.9,3.6,20,5,1
1719,73,Mujer,0,0,24.8,345,5,4.3,25,54,0
1720,88,Mujer,1,1,37.9,800,3.6,2.9,20,33,0
1721,72,Hombre,0,0,32.5,23,4.4,3.8,28,60,0
1722,48,Hombre,0,0,26.9,118,4.6,4.2,19,33,0
1723,70,Hombre,0,0,31.5,338,3.5,3.8,25,24,0
1724,61,Mujer,0,0,21.9,129,3.5,4,15,9,1
1725,67,Mujer,0,0,20.3,922,4,4.2,26,33,0
1726,58,Hombre,0,1,15.9,393,3.4,4.8,18,20,2
1727,81,Hombre,0,0,22.2,310,4.5,3.7,18,43,0
1728,66,Hombre,0,0,20.3,613,3.9,3.4,21,58,0
1729,72,Hombre,0,0,30.4,41,3.8,4.2,25,26,2
1730,61,Mujer,1,1,29.9,2576,4.8,2.3,23,13,1
1731,95,Hombre,0,1,33.3,238,3.5,2.7,22,35,2
1732,64,Mujer,0,0,23,76,3.8,4.7,24,57,0
1733,71,Mujer,0,0,44,74,3.8,3,26,52,0
1734,62,Hombre,1,0,32.1,772,3.8,3.8,25,24,0
1735,60,Hombre,0,0,25.3,1259,3.5,3.6,24,5,1
1736,67,Hombre,0,0,22.1,94,4.1,4.8,23,60,0
1737,81,Mujer,1,0,27.9,924,3.5,3.6,27,25,0
1738,85,Mujer,0,1,32.5,154,3.5,3.5,24,45,0
1739,64,Hombre,1,0,16.8,753,3.7,3.4,24,49,0
1740,66,Hombre,1,0,40.4,137,4.3,2.6,20,56,0
1741,80,Mujer,0,0,34.2,141,4,3.9,19,42,0
1742,84,Mujer,1,0,21.9,723,3.6,4.2,28,40,2
1743,61,Mujer,1,0,21.3,289,4.1,3.8,25,25,0
1744,64,Mujer,0,0,32.3,124,3.9,2.7,20,48,0
1745,80,Mujer,1,1,31.3,169,4,2.6,24,10,2
1746,71,Mujer,0,0,30.3,1085,3.5,3.6,30,37,0
1747,55,Hombre,0,0,17.7,64,3.7,4.3,21,45,0
1748,75,Mujer,1,1,26.2,46,3.2,3.4,23,14,2
1749,33,Hombre,0,0,27.3,226,4,3.2,29,24,0
1750,77,Mujer,0,0,33.4,55,3.5,3.4,23,38,0
1751,72,Mujer,0,0,26.9,201,4,3.3,23,42,1
1752,72,Mujer,1,0,32.5,746,4.3,3.7,28,44,0
1753,73,Mujer,0,0,29.3,1737,4.2,3.9,21,18,2
1754,62,Hombre,0,0,26.9,53,3.7,3.8,31,37,0
1755,65,Mujer,1,1,25.6,663,4.3,3.5,24,47,2
1756,55,Mujer,1,0,44,41,4,2.7,25,47,0
1757,50,Hombre,0,0,35.6,62,4.2,3.8,23,49,0
1758,73,Mujer,1,0,19.1,3061,3.3,3.9,18,18,1
1759,53,Mujer,0,0,17.9,485,3.9,3.9,19,39,0
1760,82,Hombre,1,0,12.9,968,3.2,4.5,19,8,1
1761,80,Mujer,0,0,24.8,840,4,3.2,21,47,0
1762,63,Hombre,0,0,17.2,591,4,3.1,25,27,2
1763,68,Hombre,0,0,29.6,416,4.1,4.3,24,40,0
1764,84,Hombre,0,0,20.4,182,3.9,5.2,25,26,0
1765,67,Mujer,0,0,20.1,1100,4.1,3.9,19,7,1
1766,73,Hombre,1,0,14.6,354,3.6,4.9,27,31,0
1767,75,Mujer,0,1,32.5,483,3.3,3.9,27,29,0
1768,83,Hombre,1,0,19.4,4349,4.1,3.6,24,3,1
1769,62,Hombre,1,1,35.6,1038,3.5,3,28,43,0
1770,67,Mujer,0,1,30.1,266,3.6,4.5,25,28,0
1771,60,Hombre,1,1,34.8,117,3.7,2.9,32,27,0
1772,49,Mujer,0,0,33.4,97,5,3.4,20,32,0
1773,39,Hombre,0,0,23.8,301,4.3,3.7,27,51,0
1774,57,Hombre,1,0,24.7,200,3.9,3.8,25,34,0
1775,67,Mujer,0,0,29.2,1135,3.8,3.2,26,31,0
1776,58,Hombre,1,0,30.7,6000,4.5,4.6,25,35,0
1777,66,Mujer,1,1,32.2,1726,4.3,2.7,20,57,0
1778,68,Hombre,0,0,33.5,379,3.4,3.7,30,49,0
1779,79,Mujer,1,1,25.1,294,3.2,3.2,23,3,2
1780,44,Hombre,0,0,29,10,4.5,2.4,20,30,0
1781,92,Mujer,0,0,34.4,89,4.2,3.7,24,8,2
1782,67,Hombre,0,0,32.5,65,4.4,3.3,27,4,2
1783,78,Hombre,0,0,24.9,2711,3.2,3.1,26,25,0
1784,45,Hombre,0,1,23.4,1156,4,4.4,21,52,0
1785,85,Hombre,0,1,28.6,473,3.9,4.1,24,2,2
1786,67,Hombre,1,0,41.2,143,2.9,3,29,34,0
1787,60,Mujer,0,0,21.9,1603,3.2,3.7,23,7,2
1788,59,Mujer,1,0,17.2,334,3.5,4.5,16,4,1
1789,65,Mujer,1,0,29.3,1325,3.9,3.8,19,28,0
1790,56,Mujer,0,0,13.8,309,3.6,5.6,23,7,1
1791,58,Mujer,0,0,24.8,62,4,3.5,28,28,0
1792,44,Hombre,0,1,32.8,701,4.1,3.7,24,40,0
1793,63,Mujer,0,0,30.5,565,4.2,3.5,22,56,0
1794,54,Mujer,0,0,23.3,39,4.2,3.6,19,25,1
1795,51,Hombre,0,0,34.8,172,4.2,4.3,22,58,0
1796,57,Hombre,0,0,39.3,130,4.6,3.7,28,29,0
1797,76,Hombre,0,1,32.4,9,3.4,3.5,24,27,0
1798,58,Hombre,1,0,22.2,261,3.9,3.7,18,20,1
1799,86,Hombre,1,0,38.1,13,4.1,3.9,23,38,2
1800,92,Mujer,0,0,15.6,230,4,4.4,21,3,2
1801,47,Hombre,0,1,25.5,697,4.5,4,17,56,0
1802,59,Mujer,1,1,38.3,608,4.7,2.9,25,27,0
1803,65,Mujer,0,0,23.7,1639,4,4.3,21,55,0
1804,57,Hombre,0,0,34.2,4602,4.5,3,28,38,0
1805,82,Hombre,1,0,44,110,4.9,3.7,29,27,0
1806,68,Mujer,0,0,18.7,593,4.1,3.7,21,6,1
1807,56,Mujer,0,0,21.6,47,4.6,3.9,28,56,0
1808,60,Mujer,0,0,24.1,1055,3.7,4.2,22,3,2
1809,53,Mujer,0,0,23.7,62,3.6,3.9,20,24,0
1810,60,Hombre,1,0,33.8,749,4.4,3.4,21,28,0
1811,79,Mujer,0,1,20.9,166,3.6,4.3,25,7,2
1812,55,Hombre,0,0,25.3,194,3.8,3.8,21,3,1
1813,73,Hombre,0,0,22.2,81,3.2,3.6,19,31,0
1814,63,Mujer,0,0,21.6,63,3.8,3.6,25,27,0
1815,46,Hombre,0,0,24.7,502,3.7,3.1,19,2,1
1816,57,Hombre,0,0,24.3,1793,3.7,4.2,24,1,1
1817,46,Hombre,0,0,21.2,754,5,4.4,23,23,1
1818,89,Hombre,0,0,33.3,81,4.4,3.8,28,33,0
1819,69,Mujer,1,0,15.4,58,3.3,3.1,19,14,2
1820,68,Hombre,0,1,15.8,30,3.7,4.9,24,46,0
1821,66,Mujer,1,0,39.5,2735,3.9,4.2,25,51,0
1822,69,Hombre,1,0,25.9,11,3.8,3.2,26,7,2
1823,63,Mujer,1,0,34.4,522,4.1,2.4,26,53,0
1824,61,Hombre,1,1,18.3,915,3.9,3.6,25,32,0
1825,55,Mujer,1,0,31.1,396,3.2,3.8,16,10,1
1826,64,Hombre,0,0,35.2,114,4.4,3.2,22,29,0
1827,65,Mujer,0,0,20.6,645,3.8,4.3,23,29,0
1828,54,Hombre,1,1,17.8,703,3.8,2.8,23,11,1
1829,68,Mujer,0,0,25.9,992,4.4,3.9,32,60,0
1830,50,Mujer,1,0,31,34,3.9,3.4,22,56,0
1831,69,Mujer,0,1,13,133,3.8,3.8,20,14,1
1832,65,Hombre,0,0,31.6,55,4.1,3.6,21,54,0
1833,77,Hombre,1,0,27.3,526,3,3,17,9,2
1834,66,Mujer,1,0,24.7,198,3.8,2.2,25,4,1
1835,72,Hombre,1,0,21.5,888,4.2,3.3,21,40,0
1836,83,Hombre,0,0,20,28,3.9,3.2,22,9,2
1837,70,Mujer,1,1,30,80,2.7,3.3,21,4,0
1838,76,Hombre,0,1,19.7,134,3.2,3.2,20,46,0
1839,62,Mujer,0,1,30.6,360,4.5,4.1,28,45,0
1840,59,Mujer,0,0,20.4,185,3.3,3.6,25,16,1
1841,63,Hombre,1,0,20.7,602,3.4,4.4,21,10,2
1842,55,Mujer,1,0,22.5,77,3.6,4.1,21,45,0
1843,68,Mujer,0,0,37.6,188,4.2,2.7,22,26,0
1844,69,Mujer,1,0,31.3,148,4,3.7,24,39,0
1845,54,Mujer,1,0,26.8,432,3.9,3.5,32,27,0
1846,65,Mujer,0,0,25.2,85,3.7,4.2,20,50,1
1847,71,Hombre,1,1,21.7,583,3.1,3.6,20,13,2
1848,59,Mujer,0,0,23.8,62,4.1,4.4,26,27,0
1849,53,Mujer,0,0,14.4,590,3.3,4.2,23,11,2
1850,67,Hombre,1,0,21.5,1031,3.7,3.2,23,45,0
1851,50,Hombre,0,1,37.9,354,4,3.4,23,44,0
1852,81,Hombre,1,0,34.9,1246,2.9,3.5,24,8,1
1853,64,Hombre,0,1,22.6,2659,3.6,3.4,20,50,1
1854,54,Hombre,1,0,26.6,354,4,3.5,16,52,0
1855,61,Mujer,0,0,22.1,3160,3.5,3.5,23,5,1
1856,75,Hombre,0,0,16.4,142,3.9,4.4,25,30,2
1857,62,Hombre,0,0,26.2,953,4.6,5,27,33,0
1858,65,Hombre,0,0,26.8,296,4.3,3.7,25,38,0
1859,73,Hombre,0,0,20.9,700,3.5,3.7,22,4,1
1860,77,Hombre,0,0,44,28,3.4,3.3,28,28,2
1861,61,Mujer,0,0,22.9,86,3.5,3.2,21,46,0
1862,72,Hombre,1,0,33.3,320,4.8,3.6,25,2,1
1863,66,Mujer,0,1,34.7,287,3.4,2.9,22,36,2
1864,69,Hombre,1,0,17.6,773,3.1,2.9,24,13,1
1865,70,Hombre,1,1,18.8,6000,4.5,3.2,23,3,1
1866,72,Mujer,0,0,25.9,389,3.7,4,23,24,1
1867,69,Hombre,1,1,42.1,108,3.4,3.1,22,40,0
1868,61,Mujer,0,0,27.2,1317,3.8,3.3,23,36,0
1869,70,Mujer,1,0,25.3,689,3.8,3,29,15,1
1870,68,Hombre,0,0,29.1,2132,3.9,3.2,19,36,1
1871,71,Mujer,0,1,26.5,334,3.6,4.4,23,28,0
1872,62,Hombre,0,0,33.2,952,3.9,2.5,29,45,0
1873,70,Hombre,1,1,42.2,62,3.3,2,24,28,0
1874,62,Hombre,0,0,34.3,499,3.8,3.4,27,6,2
1875,69,Mujer,0,0,32.5,1584,2.8,3.6,28,26,0
1876,56,Hombre,0,0,42.6,373,4.6,3.3,30,45,0
1877,89,Hombre,0,0,20,269,3.9,4.1,28,28,2
1878,68,Hombre,1,0,16.4,69,3.6,3.9,22,14,2
1879,65,Hombre,1,1,20.4,411,3.7,4.6,20,55,0
1880,51,Mujer,1,0,25.6,251,4.7,2.8,24,1,1
1881,65,Hombre,1,0,24.1,287,3.8,4.7,18,53,1
1882,69,Mujer,0,0,34,87,4.1,4,19,30,0
1883,69,Hombre,1,0,23.1,725,4.6,2.4,28,58,0
1884,65,Hombre,0,0,23.9,883,3.5,3.6,20,17,1
1885,64,Mujer,1,0,25.1,436,3.5,3.2,26,15,1
1886,71,Hombre,1,0,28.4,96,3.8,4.1,20,40,0
1887,76,Mujer,1,0,27.2,324,3.2,2.2,26,14,2
1888,58,Hombre,0,0,8.5,1712,4.4,4.2,25,25,1
1889,64,Mujer,1,0,24,77,3.9,3.6,20,39,0
1890,54,Mujer,1,0,33.9,288,3.8,4.2,27,38,0
1891,60,Mujer,1,1,39,155,4.4,3.8,28,30,0
1892,52,Mujer,0,0,17.7,2363,4,4.2,22,5,1
1893,58,Hombre,1,1,25.7,327,3.8,3.1,29,45,0
1894,79,Mujer,0,1,16.7,1576,3.5,3.4,24,41,0
1895,77,Mujer,1,0,21.9,444,4.5,3.2,21,45,0
1896,60,Hombre,0,1,44,15,4.3,3,26,45,0
1897,69,Mujer,1,1,33.1,632,3.6,4.3,23,25,1
1898,69,Hombre,1,0,42.1,67,4.5,2.9,29,50,0
1899,91,Mujer,1,1,27.4,141,3.2,4.2,19,35,0
1900,51,Mujer,0,0,32,192,3.8,2.1,21,49,0
1901,62,Hombre,0,0,32.8,284,4,3.2,24,58,0
1902,69,Mujer,1,0,14.1,209,3.1,4.3,23,5,1
1903,57,Hombre,1,0,21.1,541,4.1,4.4,19,4,1
1904,66,Mujer,1,0,24.4,606,3.6,3.9,22,22,2
1905,54,Hombre,1,0,29.9,181,4.1,3.8,24,39,0
1906,64,Hombre,0,0,27,44,3.7,2.9,25,41,0
1907,78,Hombre,0,1,22.4,29,4.1,3.3,25,31,0
1908,66,Hombre,0,0,34.9,49,3.6,3.5,22,21,2
1909,67,Hombre,1,0,15.1,2057,4.3,3.9,21,6,1
1910,65,Hombre,0,0,28.4,50,4.1,4.2,19,34,0
1911,55,Hombre,0,1,36.9,319,4.2,2.4,28,26,0
1912,38,Mujer,0,0,21.7,467,3.9,3.2,17,42,0
1913,70,Hombre,0,0,35.1,32,3.8,2.8,20,44,0
1914,55,Hombre,1,0,37.2,133,4.7,4.5,22,9,1
1915,34,Hombre,0,0,22.5,163,4.5,5.3,24,40,1
1916,64,Mujer,1,0,30.4,696,3.6,3.2,17,25,0
1917,53,Hombre,1,1,32.6,1334,3.9,4.4,26,32,0
1918,66,Mujer,0,0,15.4,1843,3.8,3.4,21,41,0
1919,62,Hombre,0,0,27.7,212,4,4.3,22,29,0
1920,67,Mujer,0,0,26.7,181,3.5,4.1,26,48,0
1921,78,Mujer,1,0,23.1,3096,3.4,2.4,26,59,0
1922,54,Mujer,1,0,20.1,1479,4.3,3.4,21,32,0
1923,74,Hombre,1,1,15,186,3,4.8,23,20,1
1924,64,Mujer,0,0,44,399,4.1,4.2,26,46,0
1925,58,Mujer,1,1,29.6,6000,4,3.2,15,18,2
1926,58,Mujer,1,1,27.1,433,4.7,4,26,23,2
1927,60,Mujer,1,1,33.3,331,3.5,3.3,21,42,2
1928,58,Mujer,0,0,34.7,527,4.3,4.5,21,30,1
1929,50,Hombre,1,0,23.9,363,5,2.7,21,58,0
1930,59,Mujer,0,0,23.7,344,3.8,3.5,25,25,0
1931,72,Mujer,0,0,16.5,961,3.2,4.8,19,17,1
1932,62,Hombre,0,0,39.8,167,4.1,4.4,22,43,0
1933,57,Hombre,1,0,34.4,587,4.4,4,24,33,0
1934,71,Mujer,0,0,34.8,113,4.1,3.3,28,24,0
1935,55,Hombre,1,0,24.5,357,3.8,4.6,24,32,0
1936,57,Mujer,1,0,35.4,170,4,3.1,23,40,0
1937,69,Mujer,0,0,14.2,1327,4.4,3,14,13,0
1938,60,Hombre,1,0,17.7,361,4.1,3.4,23,25,0
1939,67,Hombre,1,1,22.4,258,3.9,4.3,24,20,1
1940,52,Mujer,0,0,21.4,166,4,3.1,14,59,0
1941,58,Hombre,0,0,33.7,64,4.8,2.9,25,29,0
1942,78,Mujer,0,1,33.3,62,3.3,3.7,18,27,1
1943,64,Mujer,0,0,27,187,3.8,3.8,26,34,0
1944,76,Mujer,1,1,22.4,3594,3.3,3.5,19,14,1
1945,54,Mujer,1,0,26.3,2613,4.2,2.1,23,45,0
1946,54,Hombre,1,0,44,943,4.6,3.6,22,36,0
1947,65,Hombre,0,0,19.6,886,3.6,2.8,24,21,1
1948,76,Hombre,1,1,40.5,203,3.6,2.6,21,31,0
1949,56,Mujer,1,0,31.6,664,4,4.6,24,16,1
1950,59,Mujer,1,0,33.6,88,4.1,2.7,22,60,0
1951,76,Hombre,0,1,29.6,99,3.6,4,21,55,0
1952,72,Hombre,0,0,8.1,899,3.9,5,22,3,1
1953,64,Hombre,0,0,38.5,88,4.1,3,20,25,0
1954,65,Mujer,0,0,28.3,184,4.1,2.7,19,25,0
1955,75,Mujer,0,0,39.6,562,4.2,2.9,21,42,0
1956,88,Mujer,0,0,31.5,85,4,2.4,26,16,2
1957,67,Mujer,1,0,20.1,437,3.6,3.9,17,2,1
1958,72,Hombre,0,1,26,21,3.8,3.1,29,26,0
1959,68,Mujer,1,1,30.4,76,3.4,3.4,22,57,0
1960,72,Mujer,1,0,18.7,1725,3.5,3.4,21,8,2
1961,73,Hombre,1,1,22.8,275,3.7,4.6,19,9,2
1962,67,Hombre,0,0,27.1,144,3.7,4.6,14,39,0
1963,71,Mujer,1,1,32.7,141,3.8,3.8,22,51,0
1964,72,Hombre,0,1,23.8,18,4.8,4.9,24,42,0
1965,82,Mujer,1,0,25.5,432,3.6,3.5,24,37,0
1966,80,Mujer,1,1,34.2,1415,4.2,3.2,21,31,0
1967,46,Hombre,1,0,7.1,554,4.4,4.1,26,7,1
1968,59,Mujer,0,0,31.8,2123,4.1,2.9,20,52,0
1969,95,Hombre,1,1,24,144,3.9,4.7,22,10,2
1970,76,Mujer,0,1,29.1,205,4.1,4.3,20,54,0
1971,44,Hombre,1,0,26.2,940,3.5,3.6,14,3,1
1972,70,Mujer,1,0,41,167,4,3.1,24,39,0
1973,63,Mujer,1,0,28.9,1649,4.5,4.1,23,3,1
1974,83,Mujer,0,1,30.6,85,4.6,4.6,25,48,0
1975,59,Hombre,0,0,42.1,664,4.3,3.5,26,26,0
1976,61,Mujer,1,0,19.8,3916,2.8,3.7,17,2,1
1977,85,Hombre,1,1,19.7,198,3.8,3.8,25,35,2
1978,58,Mujer,1,1,11.8,1055,4.3,4.5,19,5,1
1979,60,Mujer,1,0,10.5,397,4,4.6,30,5,1
1980,53,Mujer,1,1,35,656,3.9,2.8,25,47,0
1981,55,Mujer,0,0,32.3,531,3.4,3.5,18,53,1
1982,50,Mujer,1,0,34.7,1630,4.1,3.5,23,49,0
1983,71,Mujer,0,0,32.1,55,4.1,4,24,58,0
1984,60,Hombre,1,1,26.4,1481,4,3.5,21,38,0
1985,78,Hombre,0,0,16.9,28,3.3,4.4,19,33,2
1986,61,Hombre,0,0,16.8,47,3.6,4,24,53,0
1987,67,Mujer,0,1,20.4,82,4.5,3.1,20,46,0
1988,57,Hombre,1,1,27.3,779,4.2,3.2,21,55,0
1989,72,Hombre,0,0,23.3,1090,3.4,3.5,20,24,2
1990,85,Mujer,0,1,26.4,950,3.6,4.5,20,44,0
1991,69,Mujer,1,0,32.3,1388,3.7,2.7,24,15,2
1992,76,Mujer,0,1,27.3,321,3,4.9,20,54,0
1993,65,Hombre,0,0,34.7,680,4.7,3.8,21,50,0
1994,66,Hombre,1,0,38.8,2094,4.2,3.6,23,47,0
1995,56,Mujer,1,0,31.7,208,4.6,3.5,21,29,0
1996,55,Mujer,1,0,34.4,227,4.2,3.9,17,56,0
1997,47,Mujer,0,0,16,176,3.5,5.1,26,22,1
1998,55,Hombre,0,0,23.6,889,4.3,3.5,28,37,0
1999,73,Hombre,1,1,22.2,506,3.1,4,23,10,1
2000,72,Mujer,0,0,28.4,48,3.2,2.4,29,55,0
2001,68,Mujer,0,0,37.6,59,4.7,4.7,25,55,0
2002,68,Hombre,1,1,35.2,527,3,4.2,21,1,1
2003,67,Hombre,0,0,41.3,59,3.6,3.5,24,44,0
2004,56,Hombre,1,0,29,73,3.8,4.9,20,35,0
2005,59,Mujer,1,1,30.5,988,3.9,3.3,19,31,0
2006,73,Hombre,1,0,24.4,416,3.7,3.5,14,30,0
2007,62,Hombre,1,0,21.7,391,3.6,4.4,30,37,0
2008,69,Mujer,0,0,34.6,192,3.3,3.8,20,5,0
2009,60,Hombre,0,0,29,509,4.6,3.5,20,19,1
2010,48,Hombre,1,0,43.9,4301,4.2,2.8,27,23,1
2011,79,Mujer,1,0,44,513,4.3,2.7,27,40,0
2012,65,Mujer,1,0,26.2,660,4.5,2.4,20,60,0
2013,63,Mujer,0,0,27.3,512,4.2,3.6,27,55,0
2014,71,Mujer,0,0,18.2,6000,4.1,3.8,22,10,1
2015,91,Mujer,1,0,19.9,3034,3.4,4,21,9,2
2016,66,Hombre,0,0,31.3,202,4.2,3.2,23,36,0
2017,83,Mujer,0,0,31.9,51,4.4,4.1,23,47,0
2018,76,Hombre,1,0,32.5,656,4.5,2.7,19,19,0
2019,60,Mujer,1,0,27,368,4.4,2.7,22,48,0
2020,74,Hombre,0,0,28.6,123,3.6,3.5,27,8,2
2021,68,Hombre,0,0,23.3,6000,3.9,3.6,20,2,1
2022,76,Mujer,0,1,36.1,826,4.1,3.3,31,59,0
2023,74,Mujer,0,0,31.6,99,3.7,3.8,23,33,0
2024,61,Hombre,0,0,23,335,4.2,3.9,22,40,0
2025,48,Hombre,0,0,29.8,463,4,4.3,24,29,1
2026,71,Hombre,0,1,21.8,1104,3.7,4.3,25,26,0
2027,69,Mujer,1,0,36.7,77,3.5,4.1,22,57,0
2028,59,Hombre,0,1,34.7,530,4.1,3.2,23,48,0
2029,73,Hombre,0,0,13.1,511,3.6,3.1,24,45,0
2030,63,Mujer,1,0,32.5,417,3.8,4.2,21,46,0
2031,85,Mujer,1,0,44,492,4,2.9,23,55,0
2032,68,Mujer,1,1,37.1,192,3.7,3.5,24,60,0
2033,61,Hombre,1,0,14,6000,3.1,3.6,27,6,1
2034,81,Hombre,0,0,20.6,267,4.2,5.6,23,59,0
2035,39,Hombre,0,0,25.4,546,3.9,3.4,25,57,1
2036,64,Hombre,1,0,29,486,4,3.4,20,54,0
2037,76,Mujer,1,1,29.8,116,4.4,3,29,18,2
2038,66,Mujer,0,1,25.1,972,4.1,3,14,13,2
2039,66,Mujer,1,1,38.4,130,2.9,2.8,19,28,0
2040,74,Hombre,0,0,23.2,119,4.3,3.5,19,24,0
2041,50,Hombre,0,0,25,102,4.4,4,27,39,0
2042,60,Mujer,1,0,43.2,25,3.9,4.1,23,60,0
2043,61,Mujer,0,0,19,79,3.4,4.6,23,37,0
2044,62,Hombre,0,1,33.4,45,3.8,3.5,21,51,0
2045,77,Hombre,1,0,17,470,3.7,3.8,24,2,1
2046,60,Mujer,0,0,29,419,4.4,4.3,28,60,0
2047,64,Mujer,1,1,30,790,4.1,3.5,23,2,1
2048,56,Hombre,1,0,19.2,1015,3.7,4,24,5,1
2049,46,Hombre,1,0,18.2,1092,2.9,4,22,4,1
2050,88,Hombre,0,1,20.8,607,3.8,5.1,29,41,0
2051,73,Mujer,1,1,13.2,651,3.5,4,24,11,1
2052,63,Hombre,0,0,14.6,373,3.7,4.8,22,2,0
2053,72,Mujer,1,0,37.5,402,4.4,3.4,22,53,0
2054,67,Mujer,1,1,28.1,1423,3.7,3.9,23,4,1
2055,61,Mujer,1,0,26.2,887,3.8,3,24,38,0
2056,55,Hombre,0,0,21.4,25,4.6,3.3,21,24,2
2057,61,Hombre,0,0,26.4,68,4.1,3.8,21,46,0
2058,48,Hombre,0,0,28.2,287,4.4,3.8,27,35,0
2059,46,Hombre,0,0,19.7,1103,4.3,4,17,20,1
2060,46,Hombre,0,0,21.2,55,3.6,3.3,18,55,0
2061,56,Hombre,0,0,35.6,1157,3.7,3.3,26,33,0
2062,65,Mujer,0,1,36.7,29,4.7,3.7,22,26,0
2063,54,Hombre,0,1,18.9,186,4.3,3.1,25,32,1
2064,78,Mujer,1,1,20.8,2039,3.9,4.1,22,3,1
2065,59,Hombre,1,0,19.8,6000,4.3,3.9,19,3,1
2066,57,Mujer,1,1,23.6,76,3.6,4.1,23,19,1
2067,68,Hombre,1,1,22.7,948,3.6,3.5,23,2,1
2068,65,Hombre,0,1,25.9,128,4.3,3.3,18,22,1
2069,53,Mujer,0,1,21.9,56,3.5,3.9,22,9,1
2070,80,Mujer,0,0,12.8,146,4.1,3,23,37,0
2071,67,Hombre,1,0,17,388,3.7,4,13,12,1
2072,79,Mujer,0,1,29.4,78,3.4,3,18,8,2
2073,73,Hombre,0,0,22.6,144,4.2,2.7,22,58,0
2074,76,Mujer,1,0,31.6,236,3.7,3.1,24,50,0
2075,53,Hombre,0,0,29.6,134,3.9,3.2,21,42,0
2076,57,Hombre,0,1,25.3,441,4.1,3.5,24,53,0
2077,62,Mujer,0,0,23.8,639,4.1,3.2,25,41,0
2078,48,Hombre,1,0,30.7,388,4.4,4.2,21,2,2
2079,72,Hombre,0,0,27.3,576,3.8,2.8,20,24,1
2080,70,Hombre,0,1,25.2,58,4.1,3.8,22,48,0
2081,66,Mujer,1,0,40,287,4.1,3.4,18,37,0
2082,47,Mujer,0,0,21.1,29,3.8,2.9,19,32,0
2083,60,Hombre,0,0,30.4,259,3.9,3.9,22,34,0
2084,73,Hombre,0,0,31.3,2086,4.8,3.7,26,38,0
2085,59,Mujer,1,1,27.4,37,3.6,3.7,23,50,0
2086,65,Hombre,0,1,22.8,105,4.6,3.6,23,60,0
2087,68,Hombre,0,0,30.7,390,3.9,4.1,21,30,0
2088,80,Mujer,1,0,36.3,107,3,3.7,22,6,2
2089,66,Hombre,1,0,33.1,56,3.9,3.8,18,60,0
2090,61,Hombre,1,1,36.4,2473,3.6,3.6,28,3,1
2091,71,Mujer,0,0,30.5,93,3.8,3.1,22,40,0
2092,55,Mujer,0,0,27.6,428,3.5,4.1,18,12,1
2093,34,Mujer,1,0,27.9,160,3.8,3.4,26,12,1
2094,65,Mujer,1,1,22.5,4615,4.2,4,22,27,1
2095,56,Hombre,0,1,28.9,39,3.9,3.5,28,30,0
2096,56,Hombre,0,0,30.2,1405,3.7,3.4,22,25,0
2097,83,Hombre,0,1,32.5,249,4.1,3.4,24,44,0
2098,73,Hombre,0,0,24.8,173,4,3.8,18,45,0
2099,77,Mujer,0,0,30.6,52,4.1,3.8,28,21,2
2100,85,Hombre,1,1,19.7,99,3.2,3.4,23,2,2
2101,54,Mujer,0,0,25.3,58,3.9,4.2,25,43,0
2102,66,Hombre,0,0,23.2,123,4.1,4.9,25,38,0
2103,78,Hombre,1,1,16.7,158,3.6,3.6,22,51,2
2104,70,Mujer,1,1,24.2,351,4,3.5,17,14,1
2105,60,Hombre,0,0,19.3,1686,3.8,3.7,23,23,1
2106,65,Hombre,0,0,24.8,1866,3.8,4.8,28,16,2
2107,51,Hombre,0,0,23.1,312,4.2,3.1,25,8,1
2108,77,Mujer,1,1,24.4,287,3.2,4.2,22,12,2
2109,76,Hombre,0,0,23.6,567,4.1,3.8,24,43,0
2110,58,Hombre,0,1,33.5,622,4,3.1,24,50,0
2111,84,Hombre,0,0,26.5,989,3.7,3.2,24,56,0
2112,82,Mujer,0,1,23.7,76,3.6,5.6,26,56,0
2113,48,Mujer,0,1,33.6,50,4.3,2.7,27,27,0
2114,87,Mujer,1,1,11.4,644,3.4,5.1,26,3,1
2115,63,Mujer,0,0,23.2,68,3.5,3.2,22,29,0
2116,83,Hombre,1,1,16.6,191,3.3,5.1,24,8,2
2117,45,Mujer,1,0,22.8,13,3.4,3.3,25,58,0
2118,66,Hombre,0,0,22.4,1274,3.6,2.5,27,49,1
2119,68,Mujer,0,0,28.1,125,3.8,3.8,24,3,1
2120,62,Mujer,1,0,31.3,234,4.4,3.7,20,29,0
2121,72,Mujer,0,1,26.3,11,3.8,3.2,23,33,2
2122,55,Mujer,0,0,28,218,4,3.8,24,33,2
2123,62,Mujer,0,0,33.8,943,4.5,4.1,28,25,0
2124,54,Mujer,1,0,42.7,703,4.2,4.5,22,7,0
2125,68,Mujer,0,0,16.7,597,3.7,5,20,38,0
2126,64,Hombre,1,1,21.7,4685,4.2,3.3,21,46,0
2127,65,Mujer,0,0,30.6,495,3.9,4.1,26,41,0
2128,74,Hombre,1,0,30.6,491,4,2.1,22,6,2
2129,60,Mujer,1,1,28.1,113,3.5,3.3,28,36,0
2130,62,Hombre,0,0,44,198,3.5,3.4,22,45,0
2131,66,Hombre,0,0,21.8,212,3.7,5.2,19,18,1
2132,63,Mujer,1,0,15.1,631,4,3.6,26,50,0
2133,76,Mujer,0,0,20.5,247,4.1,4.6,22,59,0
2134,78,Mujer,0,0,31,2096,4,3.9,25,19,2
2135,89,Hombre,0,0,20.4,676,4.4,4.1,19,24,1
2136,62,Hombre,0,0,30.1,113,4.2,3.9,22,34,0
2137,87,Hombre,0,1,30.5,458,3,3.3,23,5,2
2138,68,Hombre,0,1,18.6,331,3.1,3.7,26,30,0
2139,42,Hombre,0,0,14.7,131,4,3.7,22,42,1
2140,49,Hombre,1,0,29.5,541,4.8,3.1,19,43,0
2141,52,Mujer,1,0,20.9,203,3.6,3.6,23,25,0
2142,52,Hombre,0,0,44,31,4.2,4.1,24,25,0
2143,69,Mujer,0,0,24.6,96,3.7,3.8,19,15,2
2144,86,Mujer,1,0,31.1,168,3.9,4.2,27,2,2
2145,69,Mujer,1,0,36.3,4148,3.7,4.1,22,7,1
2146,62,Hombre,0,1,15.5,469,3.6,4.6,21,7,1
2147,57,Hombre,0,0,25.8,203,3.8,3.5,32,46,0
2148,83,Mujer,1,1,15.5,74,3,4.7,21,20,1
2149,59,Mujer,0,0,29.7,188,4.5,3.7,25,48,0
2150,76,Hombre,1,1,31.8,1089,2.9,3,27,29,0
2151,51,Mujer,0,0,39.8,682,4.6,3.1,22,12,2
2152,59,Mujer,0,0,22.5,678,3.8,4.2,25,40,1
2153,49,Mujer,1,0,23.7,1111,3.2,4.1,20,1,1
2154,59,Hombre,1,1,34.1,309,4.1,3.2,24,45,0
2155,80,Hombre,1,0,33.4,65,3.7,3.7,24,14,2
2156,62,Mujer,0,0,38.3,366,4.3,3.1,17,39,0
2157,74,Hombre,1,0,44,46,4.2,2.7,26,45,0
2158,45,Hombre,0,0,22.1,892,4.2,2.7,20,25,0
2159,62,Mujer,1,1,21.2,825,4.4,3.5,22,5,1
2160,65,Mujer,0,0,30.9,142,4.1,3.2,23,52,0
2161,58,Mujer,0,0,23.4,323,3.7,2.7,24,9,1
2162,73,Hombre,0,0,26.4,63,4.2,4.1,21,57,0
2163,53,Hombre,0,1,35.1,183,4.6,3.7,24,35,0
2164,70,Mujer,1,1,30.4,1022,3.9,3.9,28,10,1
2165,69,Mujer,1,0,15.6,1252,3.7,4,24,10,1
2166,74,Hombre,1,0,43.1,1379,4.1,3.3,28,30,0
2167,79,Hombre,0,0,32,300,4.3,2.7,24,12,2
2168,77,Hombre,1,0,20.8,553,4,3.2,23,42,0
2169,81,Mujer,0,0,17,90,3.1,3.5,21,36,0
2170,69,Mujer,1,0,21.7,6000,3.6,4.8,26,4,1
2171,53,Hombre,0,0,28.6,493,4,3.8,19,14,1
2172,78,Hombre,0,0,22.4,709,3.6,4,27,48,0
2173,86,Hombre,1,1,27.7,570,3.7,3.4,21,15,2
2174,71,Hombre,1,0,27.1,240,3.9,3.5,19,34,0
2175,58,Hombre,1,0,33.1,2229,3.9,3.8,28,54,0
2176,69,Mujer,0,0,38,84,4.1,3.6,24,28,0
2177,60,Hombre,0,0,29.3,377,4,3.8,25,48,0
2178,68,Mujer,0,0,27,1017,3.8,4,27,50,0
2179,69,Mujer,1,0,10,684,3.6,4.5,20,7,1
2180,42,Hombre,0,0,22.4,37,4.5,3.8,27,28,0
2181,86,Mujer,0,1,38.9,1042,4,4.2,23,2,1
2182,74,Hombre,1,0,23.5,6000,3.3,3.2,31,51,0
2183,73,Hombre,0,0,35.9,185,3.2,3.3,22,24,0
2184,60,Mujer,1,0,36.3,32,3.7,2.7,26,57,0
2185,56,Mujer,0,1,29.7,157,5,3.9,21,51,0
2186,79,Hombre,0,1,23.5,387,4.7,4.9,24,7,2
2187,48,Mujer,0,0,34.2,895,3.5,2.5,26,55,0
2188,80,Mujer,1,0,28.6,2528,4,4.5,25,18,1
2189,43,Hombre,0,0,39.6,218,4.9,3.8,18,35,0
2190,72,Hombre,0,0,23.9,1277,3.6,3.2,23,7,1
2191,53,Hombre,1,0,34.3,1210,4.6,3.9,20,25,0
2192,55,Mujer,0,1,37.9,160,4.6,3.5,27,9,1
2193,56,Mujer,1,0,18,116,4,2.6,21,49,0
2194,69,Mujer,0,0,33.8,26,4,3.2,21,38,1
2195,82,Hombre,0,0,18.8,686,3.6,5.2,20,7,1
2196,69,Hombre,1,0,32.4,194,5,4.2,28,29,0
2197,80,Mujer,0,0,26.3,351,4.2,3.6,26,54,0
2198,72,Mujer,1,0,24.6,248,3.6,2.9,20,13,1
2199,36,Hombre,1,0,18.2,674,3.5,2.9,23,2,1
2200,68,Hombre,1,1,35.2,801,4.4,4.2,18,15,1
2201,58,Hombre,1,1,21.7,91,3.5,4.6,16,5,2
2202,79,Mujer,0,1,17.2,245,3.6,4,14,8,1
2203,51,Mujer,0,0,26.9,824,4.4,4,23,52,0
2204,57,Hombre,0,0,27.5,590,4,3.2,19,52,0
2205,64,Mujer,1,0,37.4,24,3.9,4.1,22,40,0
2206,78,Hombre,1,1,35.8,6000,3.4,4,26,20,2
2207,63,Hombre,0,1,24.4,56,4.2,4.1,21,50,0
2208,79,Hombre,0,0,21.7,735,3.9,4.8,24,44,0
2209,75,Hombre,1,0,32,322,3.5,2.8,29,24,0
2210,74,Hombre,0,1,26,95,4.1,3.7,23,25,0
2211,37,Mujer,1,1,24.2,300,3.9,2.8,26,6,1
2212,63,Hombre,1,0,31.1,846,3.9,2.9,25,11,1
2213,67,Mujer,0,1,34.9,148,4.2,3.4,26,26,0
2214,80,Mujer,0,0,18.6,62,3.9,5.2,21,47,2
2215,68,Mujer,1,1,15.4,969,2.9,4.4,23,34,0
2216,71,Hombre,0,1,17.9,64,4.1,3.7,26,30,0
2217,76,Mujer,1,1,19.5,633,3.6,3.4,28,13,2
2218,71,Mujer,0,0,24,124,2.8,4.8,19,45,1
2219,55,Hombre,1,0,28.9,84,3.4,4.1,21,30,0
2220,46,Hombre,0,0,24.6,75,4,3.3,27,50,0
2221,57,Hombre,0,0,28.5,244,4.1,3.4,28,41,0
2222,45,Mujer,0,0,34.4,314,4.4,4.8,20,31,1
2223,49,Hombre,1,0,16.5,328,3.5,3.7,20,9,1
2224,67,Hombre,0,0,24.9,109,4,2.4,22,38,0
2225,67,Mujer,0,0,27.9,1563,4.5,4.2,26,34,0
2226,54,Hombre,0,0,11.7,225,3.7,4.3,19,3,1
2227,70,Mujer,0,0,24.5,173,4.7,3.5,25,56,0
2228,58,Mujer,1,0,33.2,1110,4.4,2.7,23,30,0
2229,76,Mujer,0,0,44,149,3.6,3.5,26,47,0
2230,54,Hombre,0,0,36.6,1021,4.5,3.6,17,42,0
2231,72,Hombre,0,0,23.6,180,4.4,3.5,21,49,0
2232,55,Mujer,0,0,26.3,119,3.9,4.1,21,35,0
2233,63,Mujer,1,0,25.8,144,3.9,3,24,47,0
2234,48,Mujer,1,0,44,228,4.3,3.2,23,47,0
2235,56,Hombre,0,1,23,2784,3.7,4.2,21,5,1
2236,86,Hombre,0,0,27.6,46,3.9,3.1,23,37,0
2237,60,Hombre,1,0,30.8,656,4.2,2.4,23,42,0
2238,54,Hombre,0,0,36.7,2183,4.6,4.3,23,28,1
2239,62,Mujer,0,0,24.9,92,4.6,4.2,21,49,0
2240,81,Mujer,0,0,26.9,330,3.5,5,25,48,0
2241,73,Hombre,0,0,31.1,259,3.5,4.2,25,54,0
2242,64,Mujer,1,0,20.8,5357,3.6,3.7,28,28,1
2243,92,Mujer,1,1,29.6,1696,4.1,4.1,22,7,2
2244,67,Mujer,0,0,20.7,812,3.9,4.5,22,18,2
2245,75,Mujer,0,0,19.1,232,4,4.9,22,13,1
2246,53,Mujer,0,1,18.8,139,3.9,4.3,19,7,1
2247,77,Mujer,0,0,31.9,278,3.4,3.3,22,18,2
2248,66,Mujer,0,1,32.3,174,4.7,3.7,24,48,0
2249,66,Hombre,1,0,27,1202,4.4,3.5,26,28,0
2250,84,Mujer,1,0,39.7,913,3.3,3.6,21,42,2
2251,71,Mujer,0,0,27.8,196,4.3,3.6,19,56,0
2252,79,Mujer,0,0,19.8,734,3.4,3.1,25,38,0
2253,71,Mujer,0,1,42.4,177,4.4,2.7,20,46,0
2254,58,Hombre,0,0,31.2,156,4.1,4.5,29,27,0
2255,49,Hombre,0,1,30.6,529,4,3.8,23,27,1
2256,69,Hombre,0,0,26.8,354,3.9,3.5,28,56,0
2257,58,Hombre,0,0,17.8,79,4.2,5.1,19,59,0
2258,70,Hombre,0,0,36.2,2,3.7,3.4,26,24,0
2259,70,Hombre,0,0,30.4,337,3.1,3.9,21,1,0
2260,53,Mujer,1,0,30.8,1276,3.7,3.6,25,23,1
2261,62,Mujer,0,0,18.8,391,3.6,4.4,26,31,0
2262,55,Hombre,0,0,34.6,227,4.2,2.6,27,54,1
2263,89,Mujer,0,0,25.1,428,4.2,4.7,25,59,0
2264,78,Mujer,1,1,15.5,833,3.9,4,26,5,1
2265,63,Hombre,1,0,28.3,1274,4,3.7,21,8,1
2266,82,Hombre,0,0,21.5,92,4.3,3.8,20,35,0
2267,75,Hombre,0,0,31.5,2944,4.4,4.6,23,21,2
2268,64,Hombre,1,0,23,291,4.2,4.4,25,9,1
2269,62,Hombre,0,0,29.4,263,3.4,4,20,7,1
2270,56,Hombre,0,1,40.3,499,4.1,3.5,23,43,0
2271,71,Hombre,0,1,30.5,603,3.5,3.3,23,17,1
2272,62,Hombre,1,0,37.7,1137,4.1,3.6,28,58,0
2273,69,Hombre,1,0,13.2,6000,3.9,4.2,24,11,1
2274,79,Hombre,0,0,29,910,3.9,5,27,45,0
2275,80,Mujer,1,1,20.6,57,3.6,3.5,24,18,2
2276,68,Hombre,0,1,27.1,260,3.8,3.9,26,3,2
2277,66,Mujer,0,0,17.3,311,3.5,3.7,23,40,1
2278,84,Mujer,0,0,39.9,1532,3.5,2.7,29,26,0
2279,58,Hombre,0,0,19.5,538,4,4.2,18,25,0
2280,42,Hombre,0,0,36.1,241,4.7,2.8,21,41,0
2281,59,Hombre,1,0,30.4,290,2.7,3.9,25,25,0
2282,48,Hombre,0,0,18.4,379,3.7,3.6,24,35,1
2283,60,Hombre,0,0,36.2,1189,4.3,2.9,20,42,0
2284,68,Mujer,1,1,26.6,463,4,3.1,26,4,1
2285,81,Mujer,0,1,23.1,78,3.6,4.6,22,6,2
2286,68,Hombre,0,0,14.9,210,3.3,4.9,25,47,0
2287,71,Mujer,1,1,28.5,1104,4,3.2,27,24,0
2288,79,Hombre,0,1,35.8,217,4.2,3.4,23,26,0
2289,58,Hombre,0,1,26.2,742,4.5,3.6,28,39,0
2290,79,Mujer,1,0,26.1,591,3.8,3.2,26,47,0
2291,67,Hombre,1,0,20.8,69,3.2,4.7,26,1,1
2292,72,Hombre,0,0,25.2,921,4.3,2.8,21,27,0
2293,66,Hombre,0,0,22.9,591,3.6,4.4,22,53,0
2294,57,Mujer,0,0,26.7,148,3.4,4.2,29,56,0
2295,76,Hombre,1,0,16.2,99,3,3.4,23,24,0
2296,62,Hombre,0,0,6.3,141,3.8,3.2,26,40,1
2297,70,Hombre,1,1,18.9,679,3.7,3.6,22,8,2
2298,66,Hombre,0,1,19.9,176,4.2,4,24,41,2
2299,56,Hombre,1,0,30.5,179,4,3.3,25,54,0
2300,38,Mujer,0,0,23.9,935,3.9,4.6,25,32,1
2301,60,Hombre,0,1,22.9,432,3.6,3.6,21,54,0
2302,68,Hombre,1,0,44,810,3.5,3.7,21,36,0
2303,62,Hombre,0,0,20.2,101,4.4,4.5,23,13,2
2304,56,Hombre,1,0,32.1,30,4.5,2.8,18,48,0
2305,47,Mujer,1,0,25.4,284,4.7,3.8,27,38,0
2306,66,Mujer,1,0,29,3238,3.7,3.4,22,12,1
2307,67,Mujer,0,0,33.1,96,3.8,4.1,23,42,0
2308,82,Mujer,1,0,37.9,68,4,3,24,11,2
2309,68,Hombre,0,0,17.9,332,3.4,3.4,26,35,2
2310,84,Hombre,1,1,35.8,980,4.2,3.8,18,14,2
2311,66,Mujer,0,0,20.6,735,3.7,3.9,20,32,0
2312,60,Hombre,0,0,34.7,370,3.5,4.4,24,50,0
2313,70,Hombre,0,0,17.5,368,3.8,4.3,23,53,2
2314,65,Mujer,0,0,13.4,541,3.7,4.5,26,3,1
2315,65,Mujer,0,0,21.3,134,3.9,4.3,23,10,1
2316,50,Mujer,0,0,35,671,3.8,4.2,19,58,0
2317,62,Hombre,1,0,12.1,250,3.1,3.8,20,5,1
2318,47,Hombre,0,0,26,175,4.8,4.9,24,23,0
2319,61,Mujer,0,0,32.1,165,4.5,2.8,20,29,0
2320,77,Mujer,0,0,26.3,861,3.3,4.3,22,46,0
2321,25,Hombre,0,0,31.7,240,4.6,3.4,24,13,1
2322,57,Hombre,0,0,29.1,128,4.6,2.4,21,25,0
2323,62,Mujer,1,0,26.8,1172,3.6,5,26,55,0
2324,51,Hombre,0,0,23.5,805,3.8,4.2,22,40,0
2325,49,Hombre,0,1,29,16,3.9,3,27,37,0
2326,88,Mujer,1,0,22.9,672,3.5,4.4,27,35,1
2327,75,Hombre,0,0,37.4,213,4,3.9,24,36,0
2328,53,Mujer,0,1,27.7,135,4.2,4.6,24,29,0
2329,68,Mujer,0,0,29.7,126,3.7,4,21,33,0
2330,60,Hombre,0,0,31.4,95,4.6,3.6,24,41,0
2331,54,Mujer,1,0,26.9,272,4.6,3.8,21,55,0
2332,72,Mujer,0,0,44,273,3.6,2.6,27,43,0
2333,74,Hombre,1,0,35.2,1787,4.1,2.4,27,20,2
2334,53,Mujer,0,0,25.9,38,4.1,5.2,21,4,0
2335,92,Mujer,1,0,28.6,4192,3.1,3.6,22,9,1
2336,53,Hombre,1,1,25,430,3.5,3.8,21,27,0
2337,76,Mujer,0,1,25.4,255,4,3.9,24,44,2
2338,66,Hombre,0,0,15.7,1586,3.9,3.4,21,27,1
2339,61,Hombre,0,0,17.4,129,4.5,3.9,20,45,1
2340,65,Mujer,0,0,34.2,118,3.9,3.9,24,42,0
2341,83,Hombre,1,1,25.7,306,3.4,3.9,21,2,2
2342,81,Mujer,0,0,43.9,165,3.7,3.4,24,26,2
2343,66,Mujer,0,0,43.4,1173,4,3.1,32,47,0
2344,77,Hombre,0,1,13,1680,4.2,4.2,20,5,1
2345,65,Hombre,0,0,17.4,347,3.6,5,26,33,0
2346,77,Mujer,0,0,33.2,136,3.9,2.6,16,45,0
2347,64,Hombre,0,0,18.8,565,3.9,3.8,21,5,1
2348,85,Hombre,0,0,35.8,264,4.1,3.3,21,45,0
2349,44,Hombre,0,0,22,104,4.2,4.3,25,58,0
2350,82,Mujer,1,0,19.6,719,3.9,4.1,19,10,1
2351,68,Hombre,0,0,13.4,255,3.6,4.4,24,30,2
2352,79,Hombre,0,0,32.8,1283,3.5,3.5,22,32,1
2353,88,Mujer,0,1,25.7,2485,4.1,3.9,21,1,2
2354,79,Mujer,1,0,28.3,73,3.7,3.5,23,34,0
2355,91,Hombre,0,0,39.5,6000,3.6,4.5,21,25,2
2356,74,Hombre,1,1,14,3235,3.2,3.9,23,2,1
2357,43,Mujer,0,0,14.3,585,3.8,5,29,15,1
2358,59,Hombre,0,0,37.4,23,3.6,3.2,24,52,0
2359,79,Hombre,1,0,25.1,672,4,4.3,24,26,0
2360,60,Hombre,1,0,19.3,155,3,3.3,22,30,0
2361,71,Mujer,0,0,23.7,109,3.8,3.6,25,56,0
2362,60,Hombre,0,0,28.4,1056,4.1,3,18,59,0
2363,72,Hombre,1,1,25.8,1161,3.8,3.6,28,28,0
2364,66,Hombre,0,0,32,644,4.5,4.1,27,32,0
2365,65,Mujer,1,0,16.6,2923,3.7,3.7,21,2,1
2366,73,Mujer,1,0,17.9,1756,3.6,4.3,21,17,1
2367,84,Mujer,0,1,28.9,1859,4.9,3.9,19,32,0
2368,61,Hombre,0,1,32.5,1127,4,3.7,19,6,2
2369,52,Mujer,0,0,41.8,771,3.6,3.6,27,9,1
2370,80,Mujer,1,1,25.2,669,4.2,3.5,22,31,0
2371,49,Hombre,0,0,20.8,221,3.5,4.2,22,1,0
2372,70,Mujer,1,0,31,1276,2.9,4.3,16,19,2
2373,75,Hombre,1,1,27.4,38,4.5,4.1,24,27,0
2374,69,Mujer,1,1,33.9,497,3.9,2.1,20,28,0
2375,88,Hombre,0,0,23.4,54,3.6,3,21,25,1
2376,65,Mujer,1,0,29,736,3.9,4,21,26,0
2377,80,Hombre,0,0,28.5,97,3.7,4,22,11,2
2378,83,Hombre,0,1,19.8,880,3.5,2.5,23,21,2
2379,66,Hombre,0,1,35.6,200,3.4,4,22,26,0
2380,73,Mujer,0,1,24.5,790,4.1,4.5,21,21,1
2381,57,Hombre,1,0,33.5,657,3.4,4.1,29,5,1
2382,81,Mujer,0,0,42.7,1742,4.1,2.9,25,49,2
2383,75,Mujer,0,1,13.7,62,3.5,5.4,21,27,0
2384,46,Hombre,1,0,28.2,513,3.8,3.8,25,26,0
2385,68,Mujer,1,0,15.6,201,3.3,3.5,26,46,0
2386,72,Hombre,0,0,44,43,4,2.8,24,51,0
2387,77,Hombre,0,0,26.7,357,3.6,4.4,26,50,2
2388,67,Hombre,1,0,32.9,365,3.6,5,24,43,0
2389,53,Mujer,1,0,36.7,1587,3.7,4.2,20,5,0
2390,65,Mujer,1,0,32.6,697,3.4,3.2,26,24,0
2391,88,Mujer,1,0,37.4,755,3.5,4.3,23,14,2
2392,54,Mujer,0,1,23.2,56,4.1,3.7,28,42,0
2393,54,Hombre,0,0,28.2,166,3.8,4.4,32,31,0
2394,61,Mujer,0,0,17.6,383,4.8,3.5,28,42,0
2395,37,Mujer,1,0,32.2,883,4.5,3.8,23,53,0
2396,51,Hombre,0,0,31.6,131,4,4.6,16,27,0
2397,45,Hombre,1,0,29.7,626,4.7,4.1,22,15,1
2398,80,Hombre,1,1,31.2,2340,4.1,4.7,24,17,2
2399,78,Hombre,1,0,32.1,898,3.6,4,27,1,2
2400,52,Mujer,0,0,22.3,323,3.7,3.4,24,44,0
2401,72,Hombre,0,0,37.2,303,3.7,3.4,26,43,0
2402,62,Hombre,1,0,24,71,3.5,3.8,22,23,1
2403,67,Hombre,0,0,30.1,27,4.1,3.2,24,47,0
2404,84,Mujer,1,1,33.9,260,3.4,4.1,22,27,0
2405,42,Hombre,1,0,9.7,369,4.6,5.4,19,11,1
2406,62,Mujer,0,0,18.2,925,3.8,3.1,19,21,1
2407,70,Hombre,1,0,27.6,862,3.8,4.1,20,4,2
2408,42,Mujer,0,0,27.1,72,4.1,3.5,25,47,0
2409,67,Hombre,0,0,19.6,182,3.3,3.8,20,45,0
2410,77,Mujer,0,0,41.9,147,3.5,4,19,35,0
2411,64,Hombre,1,0,33.1,710,3.8,3.4,21,26,2
2412,67,Hombre,1,0,10.5,477,3.3,4.2,20,1,2
2413,66,Hombre,1,0,25.6,867,3.2,3.8,21,3,2
2414,69,Mujer,1,0,24.9,113,3.4,4.2,27,12,2
2415,73,Mujer,1,0,18.1,346,4.4,2.8,21,14,1
2416,64,Mujer,0,0,20.4,1945,3.3,4.5,24,7,1
2417,42,Hombre,1,0,31.5,654,4.3,3.3,24,27,0
2418,84,Hombre,0,0,28.4,247,4.1,3.8,28,37,0
2419,57,Mujer,1,0,26.7,88,3.8,4.2,18,40,0
2420,60,Hombre,0,0,30.7,80,5,3.9,22,30,0
2421,61,Hombre,0,0,32.5,90,4,4,24,35,0
2422,69,Hombre,1,0,17.8,361,4.5,4,21,17,1
2423,65,Hombre,1,0,21.4,468,4.6,4.5,23,51,0
2424,71,Mujer,1,0,27,491,4.6,3,21,3,1
2425,60,Mujer,0,0,18.4,332,3.8,3.2,18,29,0
2426,67,Hombre,0,0,37.3,358,4.6,3.2,22,49,0
2427,69,Hombre,0,0,20.2,1082,4.1,3.4,28,50,0
2428,75,Hombre,0,0,20.5,6000,3.4,2.4,18,29,1
2429,59,Mujer,0,0,22.6,684,4.5,4.4,19,39,0
2430,69,Hombre,0,1,29,230,4.1,3.7,26,28,2
2431,71,Hombre,0,0,31.8,28,4.3,3.7,18,11,0
2432,66,Mujer,1,0,12.6,1622,3.9,4.6,32,24,0
2433,63,Mujer,1,0,44,2985,3.1,2.5,27,28,2
2434,79,Mujer,0,0,41.1,693,4.1,3.3,26,34,0
2435,69,Mujer,0,0,17,606,3.4,3.1,24,30,0
2436,33,Mujer,0,0,38.3,1055,4.9,5,23,55,0
2437,64,Hombre,0,0,22.2,453,4.5,4.5,23,49,0
2438,61,Hombre,0,1,24.1,155,3.9,3.8,24,15,2
2439,68,Hombre,1,0,28,99,3.5,4.7,20,18,2
2440,71,Hombre,1,0,23.1,105,4.5,3.5,24,14,2
2441,71,Hombre,0,0,28.3,115,4.9,4,27,41,2
2442,75,Mujer,0,0,22.8,1000,3.5,4.8,21,47,0
2443,53,Hombre,0,0,32.1,148,4.6,4,26,47,0
2444,47,Mujer,0,1,32.2,238,3.9,4.3,23,46,0
2445,64,Mujer,0,0,25.4,121,4.7,3.6,19,57,0
2446,63,Hombre,1,0,34.7,2123,4.9,3.5,24,39,0
2447,75,Hombre,1,1,40.2,61,3.6,3,27,17,2
2448,81,Hombre,0,0,26.9,140,3.7,4.6,21,42,0
2449,65,Mujer,1,0,11.6,651,3.7,5.3,21,1,1
2450,45,Hombre,1,0,13.9,222,3.9,4.2,21,28,1
2451,82,Hombre,0,1,25.3,72,3.5,4.3,22,32,1
2452,71,Mujer,1,1,21.2,393,3.5,4,25,7,1
2453,64,Mujer,0,0,23.8,393,4.8,4.3,26,40,0
2454,74,Hombre,1,1,27.2,715,3.6,3.4,20,6,2
2455,66,Hombre,1,0,18.4,864,3.4,5,18,7,1
2456,95,Hombre,1,1,32.3,127,3.1,3.4,21,7,2
2457,59,Hombre,0,0,23.5,253,3.9,2.9,23,7,2
2458,67,Hombre,1,0,31.6,54,4,4.9,27,50,0
2459,53,Hombre,0,0,23.6,491,3.9,3.7,23,50,0
2460,49,Mujer,0,0,24.9,255,4.2,3.6,26,22,1
2461,75,Mujer,1,0,7,2448,3.3,4.1,16,5,1
2462,82,Hombre,0,1,30.2,1071,4.2,4.2,25,50,2
2463,75,Hombre,1,0,18.7,1641,2.9,4.3,19,2,2
2464,49,Hombre,1,0,32.3,624,4,2.7,18,27,0
2465,71,Hombre,0,1,33,65,3.3,4.2,26,27,0
2466,54,Hombre,1,0,27.8,631,4.3,4.6,22,21,1
2467,71,Mujer,1,1,21.6,4230,3.7,3.6,20,33,1
2468,40,Hombre,0,0,20.1,1960,4.4,3.7,23,49,0
2469,81,Mujer,0,1,32.3,745,4.1,2.9,23,46,0
2470,89,Hombre,1,0,22.3,1154,3.1,4.5,24,2,2
2471,68,Hombre,0,0,25.1,1479,3.6,4.1,23,35,0
2472,82,Hombre,0,0,33.9,16,4.4,4.5,26,29,0
2473,57,Hombre,1,0,30.4,922,3.7,3.6,24,53,0
2474,64,Mujer,1,1,26.6,695,3.2,3.5,21,52,0
2475,76,Hombre,1,1,22.3,615,3.2,4.9,27,8,1
2476,66,Mujer,0,0,14.8,162,4,5.1,16,30,1
2477,51,Hombre,1,0,33.1,2935,3.9,3.5,26,17,1
2478,64,Mujer,0,1,22.5,31,4.3,3.2,23,25,2
2479,61,Hombre,0,0,27.3,499,4,3.3,20,33,1
2480,61,Mujer,1,1,20.5,582,3.8,2.4,25,15,1
2481,75,Hombre,1,0,22.4,909,3.8,3.4,23,34,0
2482,84,Mujer,0,1,29.5,1705,4.5,3.2,25,2,2
2483,69,Mujer,0,1,26.1,171,4.3,3.4,22,60,0
2484,70,Hombre,1,0,25.6,284,3.5,3.2,16,10,1
2485,74,Hombre,0,1,37.1,367,4.1,3.8,22,51,0
2486,66,Hombre,0,1,36.1,64,4.6,2.8,23,25,2
2487,92,Mujer,0,1,21.9,100,3.4,3.3,23,24,2
2488,69,Mujer,0,0,33.4,4227,4.6,3.7,23,29,0
2489,70,Mujer,1,1,29,558,3.9,3.6,28,40,1
2490,86,Hombre,0,0,28.2,503,4.4,3.4,21,24,0
2491,39,Mujer,0,0,37,58,4.6,2.9,20,28,0
2492,71,Mujer,1,0,16.6,292,3.1,3.5,18,12,0
2493,61,Mujer,0,0,43.8,57,4.7,4,25,28,2
2494,59,Hombre,1,1,35.8,145,4.4,4.5,20,5,0
2495,64,Mujer,1,0,21.5,212,3.5,4,22,1,1
2496,95,Hombre,0,1,28,200,3.5,4.5,28,3,2
2497,71,Hombre,0,0,30.9,60,4,3.4,27,20,2
2498,62,Mujer,1,0,21.1,1204,4.4,3.2,21,15,1
2499,51,Mujer,0,1,25.1,229,4.2,4.6,16,35,0
2500,90,Hombre,1,1,13.1,1178,2.9,4.4,26,11,2
2501,54,Mujer,0,1,23.7,723,3.8,3.3,22,39,0
2502,71,Mujer,0,0,38.6,1335,4.6,3.3,22,29,0
2503,75,Hombre,0,0,27.6,268,3.3,3.2,24,44,0
2504,75,Hombre,1,1,11.8,1587,3.7,4.8,27,10,1
2505,58,Hombre,0,0,37.3,366,4.3,4.9,24,23,2
2506,56,Mujer,1,1,21,530,4.1,4.8,28,8,1
2507,53,Hombre,0,0,22.8,614,4.6,3.6,24,29,0
2508,70,Mujer,0,1,44,171,4.1,3.4,25,53,0
2509,69,Hombre,0,1,28.4,105,4,4.3,26,36,1
2510,64,Hombre,0,0,19.3,333,4.4,3.6,18,43,2
2511,51,Mujer,0,0,22.5,677,4.2,3,21,48,0
2512,48,Hombre,1,1,26.2,280,3.8,4.2,25,24,0
2513,80,Hombre,0,0,33.4,1040,4.3,3.7,24,24,0
2514,66,Mujer,0,1,23.1,1745,4.6,3.8,25,3,1
2515,67,Hombre,0,0,35.3,139,4.2,4.3,19,27,0
2516,77,Hombre,0,0,33.2,193,4,3.8,26,40,0
2517,72,Mujer,0,0,19,228,3.9,3,22,48,0
2518,55,Mujer,1,0,12.9,1062,3.3,3.6,23,1,1
2519,52,Mujer,0,0,28,487,4,4,28,35,0
2520,47,Hombre,0,0,19.2,127,3.9,4.2,25,57,0
2521,53,Hombre,0,0,33.7,377,4.4,2.8,19,31,0
2522,67,Mujer,0,0,31.3,158,3.7,2.9,24,57,0
2523,70,Mujer,1,0,28.2,5880,3.7,3.9,22,15,1
2524,54,Hombre,0,0,35.6,709,4.6,4.7,24,10,2
2525,84,Hombre,1,1,17.9,2072,3.5,4.3,18,12,1
2526,71,Hombre,0,0,37.4,18,3.9,4.1,23,33,0
2527,94,Mujer,1,1,44,2631,4.3,2.4,23,33,0
2528,75,Hombre,0,0,18.9,454,3.3,3.3,23,3,1
2529,65,Mujer,0,0,12.5,234,4.1,4.6,23,13,1
2530,78,Mujer,1,0,27,143,3.4,5.1,18,30,1
2531,70,Hombre,0,0,21,978,3.6,4.2,20,16,1
2532,72,Mujer,0,0,44,392,4.7,3.8,22,51,0
2533,82,Hombre,1,0,21.2,2582,4,4.3,27,12,1
2534,85,Hombre,1,1,39,297,3.3,4,20,36,2
2535,67,Hombre,0,0,18,694,3.6,4.6,24,46,0
2536,67,Hombre,0,0,29.1,299,3.6,2.8,29,30,2
2537,72,Mujer,0,0,29.2,437,3.5,2.8,16,25,2
2538,59,Mujer,0,0,31.3,220,3.8,3.3,24,46,2
2539,84,Hombre,0,0,25.6,139,3.9,4.2,24,30,2
2540,77,Hombre,1,0,18.7,141,3.2,3.3,24,43,0
2541,54,Hombre,0,1,34.4,142,4.5,2.8,25,48,0
2542,63,Hombre,0,0,22.4,591,4.2,3,20,7,1
2543,67,Hombre,1,1,33,159,3.7,3.4,23,39,0
2544,80,Mujer,0,0,12.8,774,3.3,3,26,39,0
2545,78,Hombre,1,0,36.9,52,4.6,2,20,37,0
2546,82,Hombre,1,1,31.9,119,3.8,4.3,24,22,2
2547,85,Hombre,1,1,41.9,84,3.4,2.9,28,29,2
2548,70,Mujer,0,0,21.3,1159,3.7,4.2,29,12,1
2549,66,Hombre,1,0,21.7,1380,3.3,3.8,21,3,1
2550,64,Mujer,1,0,29,840,4.3,4.3,22,2,1
2551,64,Hombre,0,0,26.9,4565,3.8,3.9,18,2,1
2552,84,Mujer,0,0,38.2,407,4.3,3.3,26,30,2
2553,92,Hombre,0,0,32.5,79,3.8,4.9,24,44,0
2554,81,Hombre,1,1,28.6,494,3.6,2.5,26,41,2
2555,75,Hombre,1,1,29.4,2390,3.4,3.7,27,42,2
2556,92,Hombre,1,1,25.5,324,3.5,4.4,13,16,2
2557,64,Mujer,0,0,19.9,389,4,4.4,20,18,1
2558,49,Hombre,1,0,28.5,1396,4.3,3.4,22,4,1
2559,40,Hombre,0,0,30.5,3715,4.5,4,23,2,1
2560,61,Hombre,1,0,23,1211,3.5,3,20,28,0
2561,61,Mujer,1,0,20.4,3896,4.1,3.6,27,2,1
2562,62,Hombre,0,1,29.7,291,3.9,3.9,22,48,0
2563,62,Hombre,1,0,30.3,383,4,4.1,29,53,0
2564,62,Hombre,1,1,12.8,416,3.3,4.5,27,18,1
2565,52,Mujer,0,0,19.8,293,4.6,3.3,21,40,0
2566,80,Hombre,1,0,27,1240,3.5,3.6,19,42,2
2567,59,Mujer,1,0,27.4,1890,4.5,3.2,25,26,0
2568,63,Mujer,1,0,27.1,1624,4.1,3.9,22,45,0
2569,55,Mujer,0,1,29.8,51,3.2,3.3,24,35,0
2570,39,Hombre,0,0,29.8,76,4.3,3.3,20,34,0
2571,69,Hombre,1,0,33.4,213,3.9,2.9,26,27,0
2572,75,Hombre,1,1,29.8,269,4.3,4.3,27,2,2
2573,58,Mujer,1,0,29.4,414,3.8,3.6,29,60,0
2574,84,Mujer,0,0,39.3,46,4,2.5,27,27,2
2575,72,Hombre,1,0,32.7,228,3.7,2.4,24,43,0
2576,44,Mujer,1,0,32.7,220,4.3,3.1,25,55,0
2577,80,Mujer,0,0,35.4,179,3.6,2.9,24,29,0
2578,91,Hombre,0,0,31.7,399,4.3,3.8,25,15,2
2579,56,Hombre,0,0,24.7,106,3.9,3.3,20,25,0
2580,54,Hombre,1,0,32.3,186,5,3.5,24,26,0
2581,67,Mujer,0,0,21.6,1799,3.8,4.2,19,10,1
2582,69,Hombre,1,1,40.3,308,4,3.7,25,9,2
2583,63,Hombre,0,1,28.9,50,4.1,4.4,23,4,2
2584,64,Hombre,0,0,23.3,84,3.5,4.1,24,2,1
2585,63,Mujer,1,0,33.1,274,3.3,3.6,21,14,0
2586,73,Mujer,0,0,23.1,93,4.3,3.8,28,54,0
2587,72,Mujer,0,0,39.9,468,4.6,3.2,20,37,0
2588,70,Hombre,0,0,29.2,165,3.7,3.9,28,26,0
2589,69,Hombre,1,1,22.2,1527,3.1,3.8,26,4,2
2590,65,Hombre,1,0,29.3,169,3.7,4.2,25,57,0
2591,69,Mujer,0,0,31.8,150,3.5,2.8,23,28,1
2592,82,Hombre,0,1,26.6,184,4.1,3.8,23,14,0
2593,79,Mujer,0,0,20.3,64,3.8,2.8,22,36,0
2594,53,Hombre,0,0,23.9,135,4.3,3.7,25,57,0
2595,76,Hombre,1,0,14.1,397,3.6,3.8,25,18,1
2596,53,Hombre,0,0,27,64,4.6,3.4,21,27,2
2597,61,Hombre,0,0,10.7,1806,3.3,3.7,26,6,1
2598,78,Mujer,1,0,36.9,567,4.2,5,23,48,2
2599,69,Hombre,1,0,14.1,636,3.6,4.3,25,3,1
2600,78,Hombre,0,1,20.3,49,3.6,4.2,21,25,1
2601,62,Hombre,0,0,20.7,90,3.9,4.3,20,47,0
2602,66,Hombre,1,0,20.4,1406,3.7,4.3,24,32,1
2603,34,Hombre,1,0,44,6000,4.8,3.1,19,49,0
2604,68,Mujer,1,1,25.4,63,4.2,4.1,25,49,2
2605,70,Hombre,1,0,34.8,53,3.5,3,22,7,2
2606,83,Mujer,0,0,27.5,283,3.7,4.5,23,38,0
2607,95,Mujer,1,0,16.7,739,3.5,4,15,58,0
2608,67,Hombre,1,0,32,218,4,3.5,22,43,0
2609,57,Hombre,0,0,21.9,271,3.8,4.5,23,25,0
2610,68,Hombre,1,0,19.1,6000,4.4,4.5,24,5,1
2611,52,Mujer,0,0,15,219,3.6,4.2,21,40,0
2612,68,Hombre,1,1,29.4,2227,3.3,3.2,23,29,2
2613,65,Hombre,0,0,25.5,384,3.7,3.7,23,33,1
2614,74,Mujer,1,0,19.7,370,3.2,2.2,22,12,1
2615,64,Hombre,0,0,25.4,474,3.4,3.5,23,22,1
2616,70,Mujer,1,1,39.1,251,4.2,3.6,29,47,0
2617,84,Hombre,1,1,32.8,421,4.4,4.4,26,13,0
2618,64,Hombre,0,1,36.6,21,3.7,4.6,25,31,0
2619,61,Mujer,0,1,37.4,138,4.2,4,13,50,2
2620,76,Hombre,0,0,13.5,36,3.6,4.4,20,36,0
2621,45,Mujer,1,0,25.1,2072,3.9,4.5,25,1,1
2622,65,Mujer,0,0,19.8,87,3.6,5,15,30,0
2623,44,Mujer,1,0,35.3,4202,3.8,3.2,19,40,0
2624,58,Mujer,0,0,19.1,2158,4.6,3,27,29,0
2625,91,Mujer,1,0,30.4,1326,3,3.5,24,48,2
2626,84,Mujer,0,0,23.5,216,3.3,3.9,23,47,0
2627,83,Mujer,1,1,34.2,332,4.8,4.3,23,7,1
2628,81,Hombre,0,0,22.9,159,4.5,3.2,26,48,0
2629,76,Hombre,0,1,22,302,4.1,3.5,24,36,0
2630,49,Hombre,1,0,35.7,705,3.5,3.8,24,28,0
2631,80,Hombre,1,1,27.4,325,3.8,4.8,23,31,0
2632,68,Mujer,1,0,21.5,924,3.5,3.5,26,58,0
2633,53,Mujer,0,0,33.7,362,4.2,3.6,21,53,0
2634,80,Hombre,1,1,23.2,1417,3.7,3.9,18,47,2
2635,69,Hombre,1,0,31.5,1031,4.5,3.7,19,30,0
2636,66,Mujer,1,1,24.6,207,3.3,3.3,20,1,1
2637,79,Mujer,0,0,31.6,1299,5,2.9,19,48,0
2638,71,Mujer,0,0,27.1,438,3.8,3.9,21,57,0
2639,46,Hombre,1,0,35.4,802,3.8,2.6,27,33,0
2640,65,Mujer,1,1,24.8,62,3.6,3.8,26,58,0
2641,53,Mujer,0,1,29.7,190,4.8,3.2,20,24,1
2642,83,Mujer,1,1,20.1,1142,3.9,4.1,22,26,0
2643,88,Mujer,0,0,37.8,1560,5,3.6,24,28,0
2644,52,Mujer,1,0,19.2,92,3.9,3.4,20,1,1
2645,65,Mujer,0,0,38.9,821,4.1,3.6,24,24,0
2646,63,Mujer,1,0,19,72,3.8,4.3,25,10,1
2647,77,Mujer,0,0,25,241,3.9,3.2,21,33,0
2648,64,Hombre,1,0,19.3,572,3.1,5.4,26,7,2
2649,69,Mujer,1,1,36.9,146,4.4,4,21,14,2
2650,67,Hombre,0,0,29.4,880,4.4,3.9,27,34,0
2651,46,Hombre,1,0,11.8,1477,3.4,4.7,18,1,1
2652,58,Hombre,0,0,35.4,124,3.9,2.9,22,32,0
2653,56,Hombre,1,0,14.9,3431,4.3,4.8,21,2,1
2654,50,Mujer,0,0,17.1,558,3.3,4.4,24,11,1
2655,62,Mujer,0,0,43.3,91,4.8,3,26,59,0
2656,51,Mujer,0,0,26.1,63,3.6,3.9,26,34,0
2657,79,Mujer,0,0,23.1,154,4.1,3.3,19,27,0
2658,65,Mujer,0,0,32.2,44,3.5,4.1,21,53,0
2659,66,Hombre,0,0,5,159,3.4,5.6,21,8,1
2660,72,Hombre,0,0,32.2,1078,4.3,2.6,23,40,0
2661,61,Mujer,0,0,22.6,143,3.8,2.9,22,54,0
2662,74,Hombre,1,0,27.7,1442,4,4.5,26,34,0
2663,81,Hombre,1,1,31.8,193,3.1,4,21,7,2
2664,60,Hombre,1,0,31.6,871,3.9,3.5,20,44,1
2665,56,Hombre,1,0,15.7,44,4.4,3.4,25,43,0
2666,91,Hombre,0,0,37.9,53,3.8,3.6,25,56,0
2667,64,Hombre,0,0,26,80,4.2,3.7,24,55,0
2668,71,Mujer,0,0,35.6,283,4.1,2.1,28,22,1
2669,80,Mujer,1,0,39.2,759,3.8,2.8,21,55,0
2670,69,Mujer,0,1,26.7,183,4.3,3,26,60,0
2671,50,Mujer,1,0,27.4,540,3.6,4.1,24,50,0
2672,55,Hombre,0,0,30.3,123,4.6,3.8,21,30,0
2673,52,Hombre,0,0,32.8,193,3.8,3.8,24,37,0
2674,54,Hombre,1,0,31.4,452,3.6,2.9,28,1,1
2675,88,Mujer,1,1,32.9,585,4,3.5,29,2,1
2676,61,Mujer,0,0,23.9,87,4.3,3.4,19,39,0
2677,62,Hombre,0,0,26.7,23,3.8,4,24,42,0
2678,69,Hombre,0,0,34.6,634,3.8,4.1,22,9,2
2679,51,Hombre,0,0,32.5,436,3.8,4.8,20,50,0
2680,58,Mujer,1,0,16.2,656,3.9,4.5,25,28,0
2681,65,Mujer,0,0,36.5,145,4.3,3.1,20,48,0
2682,54,Mujer,0,0,31.3,641,3.7,3.8,25,47,0
2683,55,Mujer,0,0,24.7,2613,4.3,4.2,17,1,1
2684,41,Mujer,0,0,29.5,140,4.5,3.3,25,52,0
2685,45,Hombre,1,0,27,368,4.2,4.1,16,14,1
2686,74,Hombre,1,0,25.4,85,4.6,2.7,22,58,0
2687,62,Mujer,1,1,22.5,273,3.6,4.7,20,45,0
2688,70,Hombre,0,0,25.3,5676,3.5,4.3,22,57,0
2689,30,Hombre,1,0,24.6,3944,3.4,3.6,23,9,1
2690,59,Hombre,0,1,23,267,4.5,2.8,27,47,2
2691,78,Mujer,1,1,32.2,247,3.2,3.2,24,43,0
2692,56,Mujer,0,0,22.8,151,3.9,3.6,23,32,0
2693,82,Mujer,0,0,44,89,4.7,2.6,20,49,2
2694,64,Hombre,0,0,21.5,299,3.6,3.9,20,30,0
2695,67,Mujer,0,0,28.5,988,4.4,3.9,27,56,0
2696,65,Hombre,1,0,26.5,760,3.3,4.1,22,13,1
2697,68,Hombre,1,0,34.5,192,4.1,3,29,54,0
2698,70,Hombre,0,0,12.4,128,3.7,4.7,19,35,2
2699,56,Hombre,1,1,32.9,174,3.5,3.1,28,32,0
2700,70,Hombre,0,0,24.1,209,4.3,3.7,22,11,1
2701,51,Mujer,0,0,20.6,699,4.1,4.7,21,22,1
2702,78,Hombre,0,0,32.4,125,4.1,3.7,23,48,0
2703,82,Mujer,0,0,31.5,433,3.7,4.6,22,41,2
2704,72,Hombre,0,0,34.2,583,4.4,2.6,25,24,0
2705,52,Hombre,0,0,24.6,291,4.2,3.5,21,34,0
2706,59,Mujer,1,1,21.2,45,3.4,3.9,18,38,0
2707,44,Mujer,0,0,31.5,96,4.5,3.1,29,36,0
2708,79,Hombre,1,0,20.4,138,3.4,3,18,6,1
2709,61,Mujer,0,0,34.7,2014,4,4.6,24,21,1
2710,71,Hombre,0,0,27.9,117,4.4,3.3,28,48,0
2711,62,Mujer,1,0,18.7,165,4.1,2,20,52,0
2712,56,Mujer,1,0,25.9,158,4.3,3.5,26,43,0
2713,58,Mujer,0,0,33.6,378,4.2,3.9,26,55,0
2714,68,Mujer,0,0,30.8,463,4.1,3.5,24,53,0
2715,61,Hombre,0,0,24,52,4.2,3.7,24,25,1
2716,66,Hombre,0,0,28.1,272,3.7,3,25,43,0
2717,59,Hombre,0,0,29.3,85,3.7,4,23,45,0
2718,63,Mujer,0,0,24.4,482,4.4,4.4,17,10,1
2719,86,Mujer,0,1,28.8,363,3.8,3.3,24,55,0
2720,67,Mujer,1,0,36.4,602,3.5,4.1,23,15,1
2721,69,Hombre,0,1,28.1,130,3.3,3.7,28,53,0
2722,68,Hombre,1,1,30.2,2395,3.7,4.2,22,57,1
2723,69,Mujer,1,0,32.4,105,3.6,3,23,7,0
2724,78,Mujer,0,0,15.1,399,3.4,3.1,21,29,2
2725,72,Hombre,1,1,29.8,509,3.7,3.6,27,28,0
2726,46,Mujer,0,0,37.7,16,4,4.4,21,37,0
2727,76,Mujer,0,0,34.2,365,4.2,2.7,25,57,0
2728,61,Mujer,0,0,27.1,240,3.8,3.7,24,33,0
2729,72,Mujer,0,0,20.3,153,4,3.7,22,36,0
2730,61,Mujer,0,1,26.9,396,3.9,4.5,24,29,0
2731,55,Mujer,0,0,20.3,378,4.2,3.3,24,16,1
2732,60,Hombre,0,0,27.4,16,3.6,3.4,22,47,0
2733,57,Mujer,0,0,25.4,2687,4.3,3.6,20,26,0
2734,64,Hombre,0,0,24.2,167,4.4,3.3,21,48,0
2735,63,Mujer,0,0,32.1,1281,4.2,3.6,24,27,0
2736,53,Hombre,1,0,24.5,1136,3.4,3.5,25,37,0
2737,75,Mujer,1,0,35.2,5440,4.3,4,21,31,0
2738,74,Mujer,1,0,23,387,4.1,4.6,24,25,2
2739,63,Hombre,0,0,25.5,173,4,3.8,16,31,0
2740,46,Mujer,1,0,30.8,1900,4.4,3.8,20,29,0
2741,55,Mujer,0,0,25.7,2296,4.4,3.4,24,29,0
2742,73,Hombre,1,0,26.2,451,3.9,3.9,19,2,2
2743,64,Mujer,0,0,22.5,267,3.4,3.3,27,19,2
2744,77,Hombre,1,1,39,1028,4.7,2,26,9,2
2745,60,Hombre,0,0,24.3,2163,4.5,6,21,17,1
2746,64,Hombre,1,1,16.5,236,4.1,4.4,20,29,0
2747,49,Mujer,1,0,30.2,4714,4.2,4.5,31,39,2
2748,80,Mujer,0,1,26,187,3.7,2.9,27,55,0
2749,66,Hombre,1,0,24.8,640,4.5,3.7,25,42,0
2750,66,Hombre,0,1,34.1,39,4,3.1,22,25,0
2751,46,Hombre,1,0,31.4,1049,3.8,4,20,56,0
2752,73,Mujer,1,1,14.2,1406,4.1,3.6,20,1,1
2753,47,Hombre,1,0,29.6,263,4.6,3.1,24,42,0
2754,95,Mujer,1,1,36.9,96,4.5,2.7,24,47,0
2755,72,Mujer,0,0,40.3,380,4.7,2.8,16,33,0
2756,51,Hombre,1,0,13.6,2039,3.9,4.5,24,6,1
2757,61,Mujer,0,1,14,170,3.9,5.2,21,23,1
2758,65,Hombre,0,0,26,717,3.7,3.6,25,15,1
2759,67,Mujer,0,0,23.4,423,3.9,2.6,23,50,0
2760,68,Hombre,1,1,41.6,307,4.6,3.4,20,26,0
2761,65,Mujer,0,0,21.5,204,3.7,2.8,19,50,0
2762,60,Hombre,0,0,16.7,254,4,3.7,22,14,1
2763,70,Mujer,1,0,23.6,2911,3.2,2.9,24,15,2
2764,67,Mujer,0,0,22.3,2165,4.1,4.3,19,4,1
2765,58,Mujer,1,1,34.2,152,3.9,3.3,24,41,0
2766,63,Hombre,0,0,41.6,36,3.4,3.7,23,34,0
2767,67,Mujer,1,0,26.2,132,3.5,2.7,29,40,0
2768,62,Mujer,0,0,30.9,550,3.8,4.5,20,25,0
2769,57,Mujer,1,0,29.5,5244,4.1,3.6,20,13,1
2770,77,Hombre,1,0,23.3,325,3.9,4.1,21,16,1
2771,68,Hombre,1,1,42.8,1828,4.4,2.9,32,45,0
2772,73,Mujer,1,1,24.8,19,3.5,4.1,22,29,1
2773,73,Hombre,1,0,12.3,495,3.7,4.6,20,5,1
2774,80,Hombre,0,0,34.6,724,4,3.8,26,39,0
2775,75,Mujer,0,0,31.4,198,3.9,2.9,28,47,1
2776,50,Mujer,0,0,10.4,1026,3.8,4.1,18,26,0
2777,49,Mujer,0,0,31.8,101,4.6,3.8,21,39,0
2778,63,Hombre,1,0,17.8,805,3.7,2.8,16,9,1
2779,75,Mujer,0,0,27.7,343,4.1,4.2,20,3,1
2780,73,Mujer,1,0,37.2,2771,3.9,3.7,23,30,1
2781,81,Mujer,0,0,35.2,486,3.6,3.1,24,32,0
2782,62,Mujer,0,0,25.5,251,3.8,2.9,24,32,0
2783,54,Mujer,0,0,20.9,100,4.4,3.2,25,60,0
2784,50,Mujer,1,0,30.7,3418,4.1,3.3,21,8,1
2785,83,Mujer,1,0,44,195,3.7,3.9,24,51,0
2786,86,Hombre,0,0,22.7,79,3.7,4,24,2,2
2787,56,Mujer,0,0,30.9,290,4.1,3.8,27,55,0
2788,58,Hombre,0,0,30.8,2525,4.1,2.9,22,51,0
2789,92,Mujer,0,0,37,76,4.2,4.4,22,25,0
2790,55,Hombre,0,0,33.6,465,3.2,3,27,50,0
2791,55,Mujer,0,1,6.9,55,3.5,4.5,26,19,1
2792,53,Hombre,1,0,24.1,14,4,4.6,23,33,0
2793,51,Hombre,0,0,15.7,726,3.4,3.6,24,17,1
2794,58,Mujer,0,0,20.2,37,3.2,3.2,19,39,2
2795,87,Mujer,1,0,16.6,6000,3.1,4,23,3,1
2796,61,Hombre,1,1,35.9,757,4.5,2.9,24,42,0
2797,46,Hombre,0,1,30.7,395,3.9,3.6,28,40,1
2798,72,Mujer,0,0,32.9,551,3.7,4,22,35,0
2799,42,Hombre,0,0,33.8,603,4.6,2.8,31,14,1
2800,57,Mujer,0,0,27.4,239,4.8,3.3,21,35,1
2801,80,Hombre,1,0,19.8,936,3.3,6,20,7,2
2802,64,Mujer,0,0,26,557,3.5,3.4,21,43,0
2803,37,Mujer,1,0,30.9,242,3.3,4,24,41,0
2804,81,Mujer,1,0,39.1,778,4,3.9,24,60,0
2805,48,Hombre,0,0,28.1,34,4,4.5,23,26,0
2806,64,Hombre,0,0,17.9,207,3.8,5.2,20,8,1
2807,70,Hombre,1,0,16,6000,4.1,5.2,18,3,1
2808,48,Hombre,0,0,21.4,237,3.7,4.1,27,59,0
2809,56,Hombre,1,0,25.2,648,4.8,2.3,27,40,0
2810,64,Mujer,0,0,17.3,111,5,2.8,24,14,1
2811,60,Hombre,0,0,29,160,3.8,4.3,22,27,0
2812,69,Hombre,0,1,12,35,3.3,4.9,27,17,1
2813,66,Mujer,1,1,20.4,1020,3.8,4.1,23,1,1
2814,48,Mujer,0,0,16.8,20,4.1,3.8,23,35,0
2815,50,Hombre,1,0,22.6,1115,4.5,3.8,26,42,0
2816,59,Mujer,1,0,16.2,746,3.8,4.4,26,31,0
2817,68,Mujer,1,0,21.3,1387,3,4.2,23,1,1
2818,85,Hombre,1,1,36.9,997,3.5,3.8,21,10,2
2819,85,Hombre,1,1,28.8,738,2.9,3,26,4,0
2820,66,Mujer,0,0,28.5,725,4.2,3.3,27,4,1
2821,43,Hombre,0,0,37.7,634,4.2,2.9,22,38,0
2822,76,Mujer,0,0,24.3,164,3.2,3.8,22,29,2
2823,79,Mujer,0,0,35.6,465,3.4,3.3,24,43,0
2824,61,Mujer,0,0,39.3,60,4.6,3,25,60,0
2825,69,Mujer,1,0,26.4,889,3.9,4.6,23,36,1
2826,56,Hombre,1,0,26.7,269,3.2,4,21,51,0
2827,65,Hombre,0,0,20.9,322,3.9,3.5,20,37,0
2828,70,Hombre,0,0,24.8,387,4.5,4.4,25,60,0
2829,76,Mujer,0,1,30.1,885,4,3.7,23,1,2
2830,72,Hombre,0,0,28.7,18,4.3,2.9,20,28,0
2831,70,Mujer,1,1,26,41,3.9,3.4,22,25,0
2832,51,Hombre,0,0,28.6,104,4.4,4,19,56,0
2833,82,Hombre,1,0,30.7,546,4,3.5,25,55,0
2834,38,Hombre,1,0,19.1,288,4.4,4.4,20,19,1
2835,55,Hombre,1,1,27.2,1552,3.8,4.7,26,40,0
2836,80,Mujer,1,0,37.1,337,3.9,2,20,53,0
2837,57,Mujer,0,0,15.4,2014,4.3,3.7,24,6,1
2838,61,Hombre,1,0,25.3,475,4.1,3.2,25,13,1
2839,94,Hombre,0,0,20.5,881,4.1,4.7,26,32,0
2840,77,Mujer,0,1,41.1,25,4.8,3.1,27,30,0
2841,49,Hombre,0,0,21.9,1614,4.1,3.1,21,41,2
2842,60,Hombre,1,1,31.2,219,3.9,4.3,24,33,0
2843,55,Hombre,0,0,23,6000,3.9,4,25,52,0
2844,67,Hombre,1,1,23.9,367,3.4,4,27,56,0
2845,50,Mujer,0,0,29.2,64,4.8,3,21,60,0
2846,62,Mujer,0,1,22.3,812,4.1,3.7,23,43,0
2847,83,Mujer,0,0,21.5,622,3.4,4.7,25,33,2
2848,74,Hombre,1,0,19.1,22,4.3,3.6,24,26,0
2849,72,Hombre,1,0,29.1,233,4.3,3.2,22,32,0
2850,59,Mujer,0,0,32,2563,5,3.8,23,43,0
2851,62,Mujer,0,0,22.9,2149,3.5,4.2,24,4,1
2852,71,Hombre,0,0,33.3,28,4.2,4.2,24,54,0
2853,50,Hombre,0,0,15.3,519,4.5,3.1,20,59,0
2854,35,Hombre,1,0,38.2,1038,4.3,2.8,24,49,0
2855,62,Hombre,1,0,12,6000,4.2,3.5,24,2,1
2856,62,Hombre,1,1,23.9,985,3.8,3,25,4,1
2857,76,Hombre,0,0,30.1,5238,3.4,3.5,26,11,1
2858,59,Hombre,1,1,44,466,4.1,2,28,26,0
2859,57,Mujer,0,0,30.9,165,3.4,3.5,21,39,0
2860,72,Hombre,0,0,24.4,90,3.4,3.6,25,25,2
2861,58,Hombre,1,1,28.9,102,3.1,4.2,21,59,0
2862,85,Hombre,1,0,13.9,710,2.9,4.1,20,3,1
2863,54,Mujer,1,0,38.4,705,4.3,4.4,25,25,0
2864,76,Hombre,1,0,26,287,3.8,3.9,23,41,0
2865,41,Hombre,0,0,24.8,136,4,3.8,27,39,0
2866,84,Hombre,1,1,19.8,3870,3.8,4.9,21,1,1
2867,64,Hombre,0,0,16.2,598,4.2,4.6,23,21,1
2868,41,Hombre,0,0,12.2,638,4.8,4.3,16,5,1
2869,48,Hombre,1,0,12,1272,3.4,4.5,23,33,0
2870,64,Hombre,1,0,18.2,786,3.4,3.6,18,6,1
2871,87,Hombre,0,0,32.8,137,3.5,4,21,9,2
2872,59,Mujer,0,1,30.8,1249,3.7,4.1,20,31,0
2873,64,Hombre,1,0,22.4,828,4,4.7,15,34,0
2874,76,Hombre,0,0,44,26,4.2,2.2,17,44,0
2875,65,Mujer,0,0,38.6,722,3.8,3.2,23,60,0
2876,63,Hombre,1,0,24.9,1020,4.3,3.8,23,39,1
2877,65,Hombre,0,0,17.7,20,4,3.2,24,25,2
2878,62,Hombre,1,1,27.3,382,3.5,5,19,8,1
2879,68,Mujer,0,0,18.3,880,4.3,4.1,24,8,1
2880,71,Hombre,0,0,20.6,74,3.7,4.7,22,54,2
2881,46,Hombre,1,0,39.6,46,3.9,3.2,19,53,0
2882,62,Mujer,1,0,28.9,1333,3.9,3.1,23,59,0
2883,56,Mujer,0,1,35.6,656,3.2,3.4,22,33,0
2884,72,Mujer,1,0,19.5,1567,4.2,3.8,22,47,0
2885,65,Mujer,0,0,24.3,1192,4.1,4.2,23,54,0
2886,50,Mujer,0,0,34.7,625,4.5,3.5,26,42,0
2887,71,Mujer,0,0,30.6,73,4.4,3.4,25,29,0
2888,40,Hombre,0,1,35.5,167,4.5,3,20,34,0
2889,77,Mujer,1,1,11.1,1153,3.3,4.3,22,1,1
2890,47,Mujer,0,0,18.8,56,3.9,4.8,22,5,1
2891,87,Hombre,0,1,19,1998,3.9,4.7,25,32,2
2892,59,Mujer,0,0,28.5,398,3.7,4,20,60,0
2893,61,Hombre,0,0,36.5,49,4,4,19,47,0
2894,51,Mujer,1,0,29.2,323,3.3,4.7,21,8,1
2895,44,Hombre,0,0,24.3,167,4,4,22,37,0
2896,69,Hombre,1,1,26.4,260,3.8,3.5,22,28,2
2897,48,Mujer,0,0,44,42,4.5,2,25,36,0
2898,75,Mujer,0,1,31.8,986,4.5,3.3,21,26,0
2899,42,Hombre,1,0,26.9,24,4,3.2,23,4,1
2900,57,Hombre,0,1,28.4,141,4.3,3.9,18,24,0
2901,72,Hombre,1,1,31.2,887,4,3.7,28,6,1
2902,63,Hombre,0,0,26.7,216,4.2,3.9,27,38,0
2903,73,Hombre,0,0,37.5,40,3.9,3.2,26,33,0
2904,68,Mujer,0,1,25.5,72,3.7,4,26,34,0
2905,66,Hombre,1,0,31.3,1939,4.4,3.5,24,7,2
2906,88,Hombre,0,0,38.2,188,4.5,3.1,25,31,0
2907,53,Mujer,0,0,27.3,93,4.3,3,21,58,0
2908,64,Mujer,1,1,24.5,289,3.7,3.5,25,40,0
2909,56,Hombre,1,0,31.6,310,4.3,3.2,17,37,0
2910,56,Mujer,0,0,29.3,56,3.3,4,27,52,1
2911,62,Mujer,1,0,26.2,101,4.4,3.7,22,47,0
2912,54,Mujer,0,0,39,91,4,3.5,26,46,0
2913,75,Hombre,1,1,31.5,250,4,3.8,24,44,0
2914,76,Mujer,1,1,28.9,60,3.5,3.8,25,42,0
2915,71,Mujer,1,1,34.5,1031,3.1,4.1,18,8,1
2916,42,Hombre,0,0,28.1,5,4.4,3.9,25,31,0
2917,60,Hombre,0,0,31.9,666,3.3,4.7,27,45,0
2918,70,Hombre,1,0,22.3,456,3.9,4.1,16,29,0
2919,63,Hombre,0,0,43.2,24,4.2,4.2,24,27,0
2920,82,Hombre,0,0,15.2,1274,3.7,4.1,18,20,1
2921,60,Mujer,1,1,24,1064,3.9,3.5,18,33,1
2922,64,Hombre,1,0,23.6,23,3,3.9,23,33,1
2923,69,Mujer,1,0,26.4,3636,3.9,3.9,16,10,1
2924,71,Hombre,1,0,14.8,6000,4.2,4.4,17,9,1
2925,70,Mujer,1,0,36.1,906,3.6,3.8,24,29,0
2926,59,Mujer,0,0,27.2,326,4.3,4.6,17,37,0
2927,83,Hombre,1,0,29.3,1976,4.1,2.5,22,51,2
2928,71,Mujer,0,1,19.2,314,3.9,3.3,22,57,0
2929,70,Hombre,0,0,31.2,51,4.5,3.4,27,49,0
2930,53,Hombre,1,1,31.8,2736,3.6,3.3,24,35,0
2931,54,Mujer,1,0,16.1,280,4,5,22,10,1
2932,58,Hombre,0,1,23.4,251,4.1,3.7,27,40,0
2933,58,Hombre,1,1,33.5,801,3.8,3.3,24,2,1
2934,76,Hombre,0,0,18.8,240,3.9,4.6,18,51,0
2935,76,Hombre,1,0,30.8,2836,4.2,3.9,22,20,2
2936,75,Hombre,0,1,24.2,106,4.1,3.9,24,45,0
2937,64,Hombre,0,0,26.5,1703,4,3.5,15,22,0
2938,57,Mujer,1,0,32.9,108,3.3,3.8,26,43,0
2939,47,Hombre,1,0,33.2,43,4.5,2.7,25,36,0
2940,50,Hombre,0,0,13.2,857,4.6,4.7,25,28,1
2941,84,Hombre,1,1,29.3,727,3.7,2.4,23,43,0
2942,56,Hombre,0,0,29.9,202,4,4.5,26,21,0
2943,54,Hombre,1,0,30,1274,4,3.2,26,32,1
2944,59,Hombre,1,0,21.3,1944,3.8,4,25,1,1
2945,54,Hombre,1,1,26.2,514,3.6,3.8,25,9,1
2946,56,Hombre,0,1,19.6,97,3.8,3.9,20,3,1
2947,87,Hombre,1,0,34,175,3.5,4.2,29,29,2
2948,57,Hombre,0,0,5,1446,3.9,4.5,24,15,1
2949,60,Mujer,0,0,43.2,52,4.2,3.8,25,46,0
2950,65,Mujer,0,0,10.1,1041,3.9,4.9,23,23,1
2951,90,Hombre,1,1,25.5,1021,3.5,3.9,26,30,2
2952,61,Hombre,1,1,19,590,3.6,4.7,24,56,0
2953,69,Hombre,1,0,27.1,588,4.4,4.1,21,52,1
2954,70,Hombre,1,1,18.8,669,3.7,2.9,19,30,1
2955,62,Hombre,0,1,24.4,58,4,4.3,26,56,0
2956,39,Mujer,1,0,42.9,382,3.9,2.9,30,52,0
2957,82,Hombre,0,0,27.2,1426,3.9,3.8,21,39,0
2958,64,Hombre,0,0,28.8,58,4.4,3.7,22,57,0
2959,71,Mujer,0,0,26.2,1553,3.7,3.8,23,24,0
2960,57,Hombre,0,0,30.8,1085,4.4,3.6,22,22,1
2961,73,Mujer,0,0,18.1,18,3.9,4.5,23,37,0
2962,76,Hombre,0,1,21.6,34,4.2,4.1,20,11,2
2963,84,Hombre,0,0,16.3,553,4.1,4.5,24,19,1
2964,55,Hombre,0,1,29,1858,4.1,3,21,29,2
2965,69,Hombre,1,0,21.9,1188,3.3,4.3,22,5,2
2966,63,Mujer,0,0,37.3,595,4.4,3.3,25,2,0
2967,61,Hombre,1,0,24.7,440,3.8,2.8,24,25,0
2968,55,Hombre,1,0,24.4,82,4.2,4.3,24,23,1
2969,73,Hombre,0,0,22.7,2382,3.6,3.3,24,8,1
2970,71,Mujer,0,0,33.1,43,3.2,4.6,27,6,0
2971,89,Hombre,1,1,30.1,1076,4.1,3.2,20,11,1
2972,41,Mujer,1,1,26.1,372,4,3.6,22,25,0
2973,90,Mujer,1,1,20,3188,3.8,2.3,22,7,2
2974,59,Hombre,0,0,20.2,306,4.7,2.9,28,51,0
2975,79,Hombre,0,0,31.8,329,4.4,2.4,18,34,0
2976,68,Mujer,1,0,32.8,271,3.3,3,25,23,2
2977,72,Hombre,1,1,44,138,4.1,3.9,24,44,0
2978,69,Hombre,1,0,24.9,226,3.4,3.6,18,26,0
2979,81,Mujer,1,0,17.3,527,4,4,21,25,1
2980,58,Mujer,0,0,25.6,910,4,4.2,23,6,0
2981,75,Hombre,0,0,21.8,72,3.7,3.5,24,24,0
2982,48,Mujer,0,0,17.1,1757,3.9,4.7,23,38,1
2983,56,Mujer,0,1,23.8,3165,3.8,3.8,23,49,1
2984,73,Hombre,0,0,19.9,153,4,4.1,25,10,2
2985,70,Hombre,1,0,14.5,22,4,3.8,21,47,0
2986,63,Hombre,0,0,42.7,27,4.9,2.5,26,58,0
2987,65,Mujer,0,1,25.7,89,4,4.3,27,37,0
2988,68,Hombre,0,1,23,381,4.2,3,26,1,1
2989,77,Mujer,0,1,27,535,3.8,3.1,23,15,1
2990,44,Mujer,0,1,29.1,3859,4.6,3.5,24,54,0
2991,69,Mujer,0,0,30.5,38,3.7,3,23,41,0
2992,47,Mujer,0,0,27,3113,4.3,3.4,23,30,0
2993,83,Mujer,1,1,35.3,2502,4.1,3.7,25,31,2
2994,76,Hombre,0,0,24.2,1775,5,3.3,23,37,0
2995,62,Mujer,0,0,31.7,34,4.5,4,24,33,0
2996,80,Hombre,0,0,19,494,4,3.4,25,42,0
2997,60,Hombre,1,0,17.2,1368,3.2,4.6,27,9,1
2998,39,Hombre,0,1,27.3,85,4.2,3.1,28,26,0
2999,49,Hombre,1,0,37.5,318,4.5,3.3,25,40,0
3000,65,Hombre,0,0,32,486,4,3.7,15,33,2
