id,unidad,mes,hb
1,U01,1,13.2
1,U01,2,12.6
1,U01,3,11.2
1,U01,4,11.2
1,U01,5,13
1,U01,6,12
1,U01,7,13.1
1,U01,8,12.5
1,U01,9,12.7
1,U01,10,12.1
1,U01,11,12.6
1,U01,12,12.4
2,U01,1,12.5
2,U01,2,12
2,U01,3,12.3
2,U01,4,11.5
2,U01,5,11.4
2,U01,6,12.8
2,U01,7,13.4
2,U01,8,13.9
2,U01,9,12
2,U01,10,11.6
2,U01,11,11.8
2,U01,12,12.9
3,U01,1,12.3
3,U01,2,11.1
3,U01,3,11.1
3,U01,4,10.4
3,U01,5,10.7
3,U01,6,11.1
3,U01,7,11.8
3,U01,8,11.2
3,U01,9,10.4
3,U01,10,10.5
3,U01,11,10.9
4,U01,1,8.8
4,U01,2,9.1
4,U01,3,10.1
4,U01,4,9.4
4,U01,5,8.7
4,U01,6,8.9
4,U01,7,9.1
4,U01,8,8.8
4,U01,9,10.2
4,U01,10,9.5
4,U01,11,10.4
4,U01,12,9.4
5,U01,1,10
5,U01,2,11.6
5,U01,3,11.7
5,U01,4,11.8
5,U01,5,11.1
5,U01,7,10.9
5,U01,8,10.3
5,U01,9,10.5
5,U01,10,11.8
5,U01,11,11.1
5,U01,12,10.8
6,U01,1,11.9
6,U01,2,11.7
6,U01,3,12.4
6,U01,4,12.4
6,U01,5,12.8
6,U01,6,12.8
6,U01,7,12.3
6,U01,8,12.5
6,U01,9,13.2
6,U01,10,12.6
6,U01,11,12.5
6,U01,12,12.8
7,U01,1,10.5
7,U01,2,10.8
7,U01,4,11
7,U01,5,10.6
7,U01,6,11.1
7,U01,7,11
7,U01,8,11.1
7,U01,9,10.2
7,U01,10,9.7
7,U01,11,11.7
7,U01,12,11.6
8,U01,1,11
8,U01,2,9.8
8,U01,3,11
8,U01,4,11.3
8,U01,5,10.6
8,U01,6,10.8
8,U01,7,12
8,U01,8,11.9
8,U01,9,11.5
8,U01,10,10.4
8,U01,11,10.6
8,U01,12,10.2
9,U01,1,12.1
9,U01,2,12.6
9,U01,3,12.5
9,U01,4,12.7
9,U01,5,12.3
9,U01,6,13
9,U01,7,14.3
9,U01,8,13.9
9,U01,9,14
9,U01,10,13.9
9,U01,11,14.6
9,U01,12,13.5
10,U01,1,9.2
10,U01,2,9.8
10,U01,3,8.9
10,U01,4,9.1
10,U01,5,10.1
10,U01,6,9.9
10,U01,7,10
10,U01,8,10.2
10,U01,9,9.8
10,U01,10,9.8
10,U01,11,9.4
10,U01,12,9.1
11,U01,1,11.7
11,U01,2,11.4
11,U01,3,11.5
11,U01,5,10.4
11,U01,6,11.5
11,U01,7,11
11,U01,8,11.6
11,U01,9,11.4
11,U01,10,11.5
11,U01,11,11.8
11,U01,12,11.6
12,U01,1,12.4
12,U01,2,12.5
12,U01,3,12.7
12,U01,4,12.2
12,U01,5,12.3
12,U01,6,12.4
12,U01,7,12.9
12,U01,8,12.9
12,U01,9,13.2
12,U01,10,13
12,U01,11,13.3
12,U01,12,12.7
13,U01,1,10.6
13,U01,2,10.2
13,U01,3,11.6
13,U01,4,11.8
13,U01,5,11.4
13,U01,6,10.6
13,U01,7,10.4
13,U01,8,10.9
13,U01,9,11.5
13,U01,10,11.7
13,U01,11,12.1
13,U01,12,12.5
14,U01,1,10
14,U01,2,10.7
14,U01,3,10.3
14,U01,4,10.8
14,U01,5,10.6
14,U01,6,10.7
14,U01,8,11.2
14,U01,9,12.5
14,U01,10,10.8
14,U01,11,9.4
14,U01,12,10.2
15,U01,2,9.5
15,U01,3,10
15,U01,4,9.4
15,U01,5,9.4
15,U01,6,9.7
15,U01,7,9.9
15,U01,8,10.1
15,U01,9,8.8
15,U01,10,10.9
15,U01,11,10.7
15,U01,12,9.3
16,U01,1,11.7
16,U01,2,10.7
16,U01,3,9.7
16,U01,4,11
16,U01,5,10.8
16,U01,6,11.1
16,U01,7,10.8
16,U01,8,11.3
16,U01,9,11.9
16,U01,10,12.1
16,U01,11,11.4
16,U01,12,12
17,U01,1,11.5
17,U01,2,10.7
17,U01,3,11.1
17,U01,4,11.1
17,U01,5,10.9
17,U01,6,10.6
17,U01,7,10.6
17,U01,8,10.8
17,U01,9,10
17,U01,10,9.8
17,U01,11,9.5
17,U01,12,11.5
18,U01,1,12.7
18,U01,2,12
18,U01,3,12.2
18,U01,4,13.3
18,U01,5,12.9
18,U01,6,12.2
18,U01,8,11.7
18,U01,9,11.9
18,U01,10,12.1
18,U01,11,11.9
18,U01,12,12
19,U01,1,13.2
19,U01,2,12.4
19,U01,3,11.8
19,U01,4,11.2
19,U01,5,11.5
19,U01,6,11.7
19,U01,7,10.9
19,U01,8,12
19,U01,9,12.3
19,U01,10,12.1
19,U01,11,12.6
19,U01,12,12.2
20,U01,1,13
20,U01,2,14
20,U01,3,13.2
20,U01,4,13
20,U01,5,12.3
20,U01,6,11.8
20,U01,7,12
20,U01,8,12.6
20,U01,9,13.7
20,U01,10,12.1
20,U01,11,12.9
20,U01,12,12.8
21,U01,1,11.2
21,U01,2,10.3
21,U01,3,11
21,U01,4,11.4
21,U01,5,11.7
21,U01,7,11.8
21,U01,8,11.8
21,U01,9,11.8
21,U01,10,11.1
21,U01,11,11.6
21,U01,12,12.6
22,U01,1,11.4
22,U01,2,11.3
22,U01,3,10.7
22,U01,4,10.2
22,U01,5,11.8
22,U01,6,11.1
22,U01,7,11.4
22,U01,8,11.2
22,U01,9,10.9
22,U01,10,10.5
22,U01,11,11
22,U01,12,9.9
23,U01,1,11.1
23,U01,2,11.3
23,U01,3,10.6
23,U01,4,9.6
23,U01,5,9.9
23,U01,6,10.5
23,U01,7,10.7
23,U01,8,10.9
23,U01,9,11.7
23,U01,10,11.7
23,U01,11,11.8
23,U01,12,11.4
24,U01,1,11.6
24,U01,2,11.3
24,U01,3,12.9
24,U01,4,12.6
24,U01,5,12.8
24,U01,6,12.6
24,U01,7,12.6
24,U01,8,13
24,U01,9,12.8
24,U01,10,11.8
24,U01,11,12.1
24,U01,12,12.1
25,U01,1,9.2
25,U01,2,9.5
25,U01,3,10.1
25,U01,4,9.9
25,U01,5,9.5
25,U01,6,9.5
25,U01,7,9.7
25,U01,8,9.3
25,U01,9,9.4
25,U01,11,8.6
25,U01,12,9.6
26,U01,1,11.2
26,U01,2,11.2
26,U01,3,11.6
26,U01,4,11.1
27,U01,1,11.5
27,U01,2,11.1
27,U01,3,11.1
27,U01,4,11.1
27,U01,5,11.2
27,U01,6,11.5
27,U01,7,11.2
27,U01,8,11.8
27,U01,9,11.6
27,U01,11,9.8
27,U01,12,10.5
28,U01,1,9.8
28,U01,2,9.7
28,U01,3,9
28,U01,4,10.5
28,U01,5,10.3
28,U01,7,9.9
28,U01,8,10.5
29,U01,1,9.5
29,U01,2,10
29,U01,3,11.1
29,U01,4,12.2
29,U01,5,11
29,U01,6,10
29,U01,7,9.5
29,U01,8,9.8
29,U01,9,10.9
29,U01,10,11.2
29,U01,11,11.5
29,U01,12,12
30,U01,1,9.8
30,U01,2,10.1
30,U01,3,9.8
30,U01,4,10.5
30,U01,5,11.2
30,U01,6,11
30,U01,7,10.8
30,U01,8,11
30,U01,9,11.2
30,U01,10,11.5
30,U01,11,10.4
30,U01,12,10
31,U01,1,9.8
31,U01,2,9.8
31,U01,3,11
31,U01,4,11.2
31,U01,5,11.1
31,U01,6,10.8
31,U01,7,10
31,U01,10,10.9
31,U01,11,10.9
31,U01,12,11.2
32,U01,2,11
32,U01,3,11.4
32,U01,4,11.4
32,U01,5,11.8
32,U01,6,11.8
32,U01,7,10.8
32,U01,8,11.5
32,U01,9,11.4
32,U01,10,11.8
32,U01,11,10.5
32,U01,12,12
33,U01,1,11.2
33,U01,2,11.3
33,U01,4,12.4
33,U01,5,11.9
33,U01,6,12.1
33,U01,8,12.6
33,U01,9,11.6
33,U01,10,11.2
33,U01,11,11.4
33,U01,12,11.9
34,U01,1,11.2
34,U01,2,11.1
34,U01,4,11.2
34,U01,5,11.1
34,U01,6,10.5
34,U01,7,9.4
34,U01,8,10.4
34,U01,9,9.6
34,U01,10,10.9
34,U01,11,10
34,U01,12,10.7
35,U01,1,9.9
35,U01,2,10.9
35,U01,3,11.1
35,U01,4,10.2
35,U01,5,10.9
35,U01,6,10
35,U01,7,11
35,U01,8,11.5
35,U01,9,11.2
35,U01,10,11.6
35,U01,11,11.1
35,U01,12,11.3
36,U01,1,12.5
36,U01,2,11.8
36,U01,3,12
36,U01,4,11.9
36,U01,5,12.5
36,U01,6,11.4
36,U01,7,12.1
36,U01,8,11.9
36,U01,9,12.4
36,U01,10,12.1
36,U01,11,12.7
36,U01,12,12.2
37,U01,1,8.9
37,U01,2,7.5
37,U01,4,8.1
37,U01,5,8.6
37,U01,6,8.4
37,U01,7,7.5
37,U01,8,7.2
37,U01,9,6.6
37,U01,10,7.6
37,U01,11,7.6
37,U01,12,8.5
38,U01,1,9.6
38,U01,2,9.1
38,U01,3,9.7
38,U01,4,9.5
38,U01,5,10.6
38,U01,6,10.5
38,U01,7,9.7
38,U01,8,9.4
38,U01,9,9.4
38,U01,10,9.4
38,U01,11,10.6
38,U01,12,10.1
39,U01,1,9.3
39,U01,2,8.8
39,U01,3,9.4
39,U01,4,9.5
39,U01,5,9
39,U01,6,9.7
39,U01,7,9.9
39,U01,8,10.2
39,U01,9,10.3
39,U01,10,10
39,U01,11,8.9
39,U01,12,9.3
40,U01,1,10.5
40,U01,2,10.5
40,U01,3,12.3
40,U01,4,12.1
40,U01,5,11.9
40,U01,6,11.8
40,U01,7,11.4
40,U01,8,12
40,U01,9,11.2
40,U01,10,11.9
40,U01,11,12.4
40,U01,12,10.8
41,U02,1,10.4
41,U02,2,10
41,U02,3,10.3
41,U02,4,10
41,U02,5,10.7
41,U02,6,11.3
41,U02,7,11.4
41,U02,8,11.6
41,U02,9,11.8
41,U02,10,12.1
41,U02,11,12.4
41,U02,12,10.9
42,U02,1,10.5
42,U02,2,9.7
42,U02,3,9.6
42,U02,4,10.3
42,U02,5,11.7
42,U02,7,10.3
42,U02,8,11.2
42,U02,9,9.8
42,U02,10,10.3
42,U02,11,11
42,U02,12,11
43,U02,1,10.1
43,U02,2,8.8
43,U02,3,9.5
43,U02,4,9.6
43,U02,5,9.5
43,U02,6,9.9
43,U02,8,8.6
43,U02,9,8.9
43,U02,10,9.7
43,U02,11,10.5
43,U02,12,11.4
44,U02,1,11.2
44,U02,2,11.5
44,U02,3,11.8
44,U02,4,11.2
44,U02,5,10.7
44,U02,6,10.2
44,U02,7,9
44,U02,8,9.4
44,U02,9,10.3
44,U02,10,11.1
44,U02,11,11.7
44,U02,12,12.3
45,U02,1,8.7
45,U02,2,9.3
45,U02,3,10.7
45,U02,4,10.5
45,U02,5,9.1
45,U02,6,10.3
45,U02,8,9.4
45,U02,9,8.9
45,U02,10,8.2
45,U02,11,8.3
45,U02,12,9
46,U02,1,11.4
46,U02,2,10.8
46,U02,3,11.3
46,U02,4,11
46,U02,5,10.7
46,U02,6,10.2
46,U02,7,9.7
46,U02,8,10.3
46,U02,9,10.2
46,U02,10,12.2
46,U02,11,12.1
46,U02,12,11.7
47,U02,1,10.4
47,U02,2,10
47,U02,3,10
47,U02,4,10.4
47,U02,5,9.9
47,U02,6,9.5
47,U02,7,10.3
47,U02,8,10.1
47,U02,9,9.4
47,U02,10,9.7
48,U02,2,10.5
48,U02,3,9.5
48,U02,4,9.6
48,U02,5,10.3
48,U02,6,9.5
48,U02,7,10.3
48,U02,8,10.1
48,U02,9,10.3
48,U02,10,10.9
48,U02,11,11.8
48,U02,12,11.2
49,U02,2,12.4
49,U02,3,12.8
49,U02,4,12.6
50,U02,1,11
50,U02,2,11.4
50,U02,3,11.6
50,U02,4,11.2
50,U02,5,11.1
50,U02,6,11.1
50,U02,7,10.2
50,U02,8,9.8
50,U02,9,10.4
50,U02,10,11.5
50,U02,11,11.7
50,U02,12,11.6
51,U02,1,11.1
51,U02,2,11.6
51,U02,3,11.4
51,U02,4,11.7
51,U02,5,12
51,U02,6,11.7
51,U02,7,11.2
51,U02,9,11.2
51,U02,10,10.8
51,U02,11,10.7
51,U02,12,10
52,U02,1,11.2
52,U02,2,9.8
52,U02,3,9.1
52,U02,4,8.6
52,U02,5,9.1
52,U02,6,10
52,U02,7,10.1
52,U02,8,9
52,U02,9,8.5
52,U02,10,9
52,U02,11,9.6
52,U02,12,9.5
53,U02,2,11.3
53,U02,3,10.9
53,U02,4,11.3
53,U02,5,11.5
53,U02,6,12.3
53,U02,7,11.2
53,U02,8,12.3
53,U02,9,12.3
53,U02,10,11.5
53,U02,11,11.1
53,U02,12,11.5
54,U02,1,8.8
54,U02,2,9.5
54,U02,3,9.9
54,U02,4,9
54,U02,5,9.7
54,U02,6,10.3
54,U02,7,9.1
54,U02,9,8.6
54,U02,10,9.7
54,U02,11,8.8
54,U02,12,9.8
55,U02,1,9.9
55,U02,2,10.3
55,U02,3,9.6
55,U02,4,10.6
55,U02,5,11.1
55,U02,6,11.4
55,U02,7,11.1
55,U02,8,11.4
55,U02,9,11.3
55,U02,10,9.8
55,U02,11,10
55,U02,12,9.9
56,U02,1,8.8
56,U02,2,9.1
56,U02,3,8
56,U02,4,7.6
56,U02,5,6.3
56,U02,6,7.4
56,U02,7,8
56,U02,8,7.6
56,U02,9,7.8
56,U02,10,7.5
56,U02,11,7.3
56,U02,12,7.4
57,U02,2,10.6
57,U02,3,11.3
57,U02,4,11.3
57,U02,5,11
57,U02,6,9.4
57,U02,7,9.9
57,U02,8,10.4
57,U02,9,11.5
57,U02,10,11
57,U02,11,10.9
57,U02,12,11.3
58,U02,1,8.5
58,U02,2,9
58,U02,3,9.4
58,U02,4,9.9
58,U02,5,10
58,U02,6,9.5
58,U02,7,9.3
58,U02,8,9
58,U02,9,9.2
58,U02,10,9.6
58,U02,11,10.3
58,U02,12,10.3
59,U02,1,11.2
59,U02,2,12.7
59,U02,3,12.5
59,U02,4,12.9
59,U02,5,13.1
59,U02,6,13
59,U02,7,13.1
59,U02,8,13.1
59,U02,9,12.2
59,U02,10,13.1
59,U02,11,13.2
59,U02,12,13
60,U02,1,11.3
60,U02,2,10.9
60,U02,3,11
60,U02,4,11.2
60,U02,5,11.1
60,U02,6,11.2
60,U02,7,11
60,U02,8,11.3
60,U02,9,11.6
60,U02,10,11.7
60,U02,11,11.7
60,U02,12,12.2
61,U02,1,10.1
61,U02,2,10.9
61,U02,3,11.1
61,U02,4,10.4
61,U02,5,9.3
61,U02,6,10
61,U02,7,10.4
61,U02,8,9.9
61,U02,9,10.6
61,U02,10,10.9
61,U02,11,10.5
61,U02,12,10.7
62,U02,1,9.9
62,U02,2,10.5
62,U02,3,9.6
62,U02,4,9.6
62,U02,5,10.2
62,U02,6,10.6
62,U02,7,10.7
62,U02,8,9.9
62,U02,9,10.2
62,U02,10,10.2
62,U02,11,9.8
62,U02,12,9.8
63,U02,1,10.1
63,U02,2,10
63,U02,3,10.1
63,U02,4,9.8
63,U02,5,8.8
63,U02,6,9.2
63,U02,7,10.2
63,U02,8,10.9
63,U02,9,10.6
63,U02,10,9.9
63,U02,11,9.2
63,U02,12,10.3
64,U02,1,10.7
64,U02,2,10.4
64,U02,3,11
64,U02,4,11.3
64,U02,5,11.3
64,U02,6,11.6
64,U02,7,12.5
64,U02,8,11.8
64,U02,9,12.5
64,U02,10,12.3
64,U02,11,11.2
64,U02,12,10.4
65,U02,1,9.1
65,U02,2,9.4
65,U02,3,10.5
65,U02,4,10.6
65,U02,5,11
65,U02,6,9.9
65,U02,7,10.2
65,U02,8,10.1
65,U02,9,9.9
65,U02,10,11.3
65,U02,11,10.2
65,U02,12,10.2
66,U02,2,11.7
66,U02,3,11.9
66,U02,4,12.1
66,U02,5,11.7
66,U02,6,12.6
66,U02,7,11.4
66,U02,9,11.7
66,U02,10,10.9
66,U02,11,10.9
66,U02,12,11
67,U02,1,10.2
67,U02,2,9.6
67,U02,3,9.4
67,U02,4,10.6
67,U02,5,10.3
67,U02,6,10.4
67,U02,7,10.2
67,U02,9,11.2
67,U02,10,10.8
67,U02,11,10.5
67,U02,12,10
68,U02,1,8.7
68,U02,2,7.8
68,U02,3,8.3
68,U02,4,8.8
68,U02,5,9.5
68,U02,6,9.5
68,U02,7,9.7
68,U02,8,9.7
68,U02,9,10.1
68,U02,10,9.3
68,U02,11,9.2
68,U02,12,9.5
69,U02,1,9.3
69,U02,2,9.8
69,U02,3,9.8
69,U02,4,9.2
69,U02,5,9.7
69,U02,7,10.8
69,U02,8,10.7
69,U02,9,11
69,U02,10,11.4
69,U02,11,11.2
69,U02,12,10
70,U02,1,10
70,U02,2,10.3
70,U02,3,10.1
70,U02,4,10.3
70,U02,5,10.7
70,U02,6,10.8
70,U02,7,11.2
70,U02,8,10.8
70,U02,9,10.2
70,U02,10,9.3
70,U02,11,10
71,U02,1,11.5
71,U02,2,9.7
71,U02,3,10.5
71,U02,4,9.1
71,U02,5,9.7
71,U02,6,10.4
71,U02,7,10.8
71,U02,8,11.5
71,U02,9,10.5
71,U02,10,10.7
71,U02,11,11.7
71,U02,12,11.1
72,U02,1,11.5
72,U02,4,12.3
72,U02,5,11.6
72,U02,6,12.8
72,U02,7,11.6
72,U02,8,11.5
72,U02,9,11.8
72,U02,10,12.3
72,U02,11,11.5
72,U02,12,11.7
73,U03,1,8
73,U03,2,7.2
73,U03,3,8.1
73,U03,4,6.5
73,U03,5,7.9
73,U03,6,8.7
73,U03,7,9.3
73,U03,8,8.7
73,U03,9,8.7
73,U03,10,7.7
73,U03,11,8.4
73,U03,12,8.5
74,U03,1,9.3
74,U03,2,9
74,U03,3,9.3
74,U03,4,8.7
74,U03,5,9
74,U03,6,8.5
74,U03,7,9.4
74,U03,8,9.6
74,U03,9,9.3
74,U03,10,8.4
74,U03,11,9.2
74,U03,12,9.5
75,U03,1,10.6
75,U03,2,11.1
75,U03,3,10.6
75,U03,4,10.1
75,U03,5,10.2
75,U03,6,10.9
75,U03,7,10.8
75,U03,8,10.5
75,U03,9,10.5
75,U03,10,10.2
75,U03,12,9.8
76,U03,1,10.8
76,U03,2,10.4
76,U03,3,11.2
76,U03,4,11.8
76,U03,5,11.5
76,U03,6,10.9
76,U03,7,10.1
76,U03,8,8.9
76,U03,9,9.4
76,U03,10,9.2
76,U03,11,9.1
76,U03,12,10.5
77,U03,1,9.3
77,U03,2,9.4
77,U03,3,8.9
78,U03,1,9
78,U03,2,9.1
78,U03,3,9.2
78,U03,4,9.2
78,U03,5,9.6
78,U03,6,11.1
78,U03,7,10.6
78,U03,8,10.6
78,U03,9,9.3
78,U03,10,9.8
78,U03,11,10.3
79,U03,1,9.1
79,U03,2,10.1
79,U03,3,9.3
79,U03,4,9.7
79,U03,5,8.3
79,U03,6,8.2
79,U03,7,8.7
79,U03,8,8.9
79,U03,9,8.1
79,U03,10,9.3
79,U03,12,9.3
80,U03,1,8.9
80,U03,2,10.4
80,U03,3,10
80,U03,4,9.1
80,U03,5,10.1
80,U03,6,9.2
80,U03,7,8.6
80,U03,8,9.2
80,U03,9,9.6
80,U03,10,8.6
80,U03,11,8.8
81,U03,1,9
81,U03,2,9.3
81,U03,3,9.1
81,U03,4,8.2
81,U03,5,9
81,U03,6,8.5
81,U03,7,8.4
81,U03,8,9.2
81,U03,9,10
81,U03,10,9.2
81,U03,11,10.4
81,U03,12,10.4
82,U03,1,9.1
82,U03,2,9.8
82,U03,3,8.4
82,U03,4,8.9
82,U03,5,9.9
82,U03,6,10.6
82,U03,7,10.3
82,U03,8,10.4
82,U03,9,9.4
82,U03,11,9.6
82,U03,12,9.2
83,U03,1,9.9
83,U03,2,9.3
83,U03,3,8.8
83,U03,4,8.8
83,U03,5,9.1
83,U03,6,9.8
83,U03,7,10.6
83,U03,8,9.6
84,U03,1,9.6
84,U03,2,9.9
84,U03,3,9.9
84,U03,4,9.1
84,U03,5,9.4
84,U03,6,9.8
84,U03,7,9.9
84,U03,8,10.5
84,U03,9,9.8
84,U03,10,10.5
84,U03,11,10.5
84,U03,12,11
85,U03,1,11
85,U03,2,10.6
85,U03,3,10
85,U03,4,9.3
85,U03,5,10.9
85,U03,8,9.6
85,U03,9,9.6
85,U03,10,10.6
85,U03,11,10.3
85,U03,12,10.7
86,U03,1,10.2
86,U03,2,10.3
86,U03,3,11.2
86,U03,4,10.6
86,U03,5,11.9
86,U03,6,11.9
86,U03,7,10.8
86,U03,8,11.9
86,U03,9,11
87,U03,1,10.7
87,U03,2,10.6
87,U03,4,10.2
87,U03,5,10
87,U03,6,10
87,U03,7,9.9
87,U03,8,9.5
87,U03,11,10.1
87,U03,12,10.9
88,U03,1,8.7
88,U03,2,8.7
88,U03,3,9.2
88,U03,4,9.2
88,U03,6,9.4
88,U03,7,10.3
88,U03,8,10
88,U03,9,10
88,U03,10,10.4
88,U03,11,9.6
88,U03,12,9.9
89,U03,1,7.9
89,U03,2,7.5
89,U03,3,7.5
89,U03,4,7.2
89,U03,5,8.6
89,U03,6,7.7
89,U03,7,8.7
89,U03,8,8.5
89,U03,9,7.5
89,U03,10,8.7
89,U03,11,9
89,U03,12,9
90,U03,1,7.8
90,U03,2,8.1
90,U03,3,6.7
90,U03,4,8
90,U03,5,8.5
90,U03,6,8.2
90,U03,7,9.3
90,U03,8,9.4
90,U03,9,9.1
90,U03,10,8.4
90,U03,11,8.6
90,U03,12,7.8
91,U03,2,9.5
91,U03,3,8.4
91,U03,4,9
91,U03,5,9.4
91,U03,6,9.5
91,U03,7,9.6
91,U03,8,10.1
91,U03,9,11
91,U03,10,11.4
91,U03,12,11.1
92,U03,1,8.7
92,U03,2,8.7
92,U03,3,7.5
92,U03,4,7.7
92,U03,5,7.8
92,U03,6,7.6
92,U03,8,7.8
92,U03,9,8.3
92,U03,10,9.1
92,U03,11,9.7
92,U03,12,8.9
93,U03,1,10.1
93,U03,2,10
93,U03,3,9.4
93,U03,4,8.9
93,U03,5,9.2
93,U03,6,10.1
93,U03,7,10
93,U03,8,9.3
93,U03,9,9
93,U03,10,9.2
93,U03,11,8.9
94,U03,1,9.2
94,U03,2,9
94,U03,3,9.1
94,U03,4,9.4
94,U03,5,9.1
94,U03,6,8.4
94,U03,7,8.6
94,U03,8,8.7
94,U03,9,8.7
94,U03,10,8
94,U03,11,8
94,U03,12,9
95,U03,1,10.8
95,U03,2,11.2
95,U03,3,11.9
95,U03,4,11.1
95,U03,5,10.8
95,U03,6,10.4
95,U03,7,10.2
95,U03,9,10.4
95,U03,10,11.1
95,U03,11,11.6
95,U03,12,11.5
96,U03,1,9.1
96,U03,2,10.4
96,U03,3,10.8
96,U03,4,10.6
96,U03,6,10.1
96,U03,8,9.9
96,U03,9,10.8
96,U03,10,9.9
96,U03,11,10.1
96,U03,12,10.3
97,U03,1,8.3
97,U03,2,9.3
97,U03,3,9
97,U03,4,7.8
97,U03,5,7.9
97,U03,6,8.4
97,U03,7,8.6
97,U03,8,8
98,U03,1,9.8
98,U03,2,9.3
98,U03,3,8.9
98,U03,4,8.5
98,U03,5,8.7
98,U03,6,8.9
98,U03,7,9.4
98,U03,8,9.2
98,U03,9,8.7
98,U03,10,9.1
98,U03,11,8.7
98,U03,12,9.4
99,U03,1,9.6
99,U03,3,10.9
99,U03,4,10.3
99,U03,5,11
99,U03,6,11.4
99,U03,7,11
99,U03,8,10.6
99,U03,9,10.2
99,U03,10,10.3
99,U03,11,10.8
99,U03,12,10.2
100,U03,1,9.9
100,U03,2,9.8
100,U03,3,9.9
100,U03,4,9.5
100,U03,5,9.5
100,U03,6,10.3
100,U03,7,10.8
100,U03,8,10.6
100,U03,9,11.4
100,U03,10,10.9
100,U03,11,9.6
100,U03,12,10.2
101,U03,1,9.2
101,U03,2,8.9
101,U03,3,8.4
101,U03,4,9.2
101,U03,5,8.4
101,U03,6,7.9
101,U03,7,7.9
101,U03,8,6.9
101,U03,9,8
101,U03,10,8.5
101,U03,11,9.4
101,U03,12,9.6
102,U03,2,10.5
102,U03,3,10.1
102,U03,4,9.7
102,U03,5,9.5
102,U03,6,11.3
102,U03,7,11.4
102,U03,8,10.4
102,U03,9,9.5
102,U03,10,9.4
102,U03,11,10.1
102,U03,12,10.1
103,U03,1,9.1
103,U03,2,8.9
103,U03,3,8.3
103,U03,4,8.9
103,U03,5,8.5
103,U03,6,8.2
103,U03,7,7.7
103,U03,8,7.9
103,U03,9,7.1
103,U03,10,6.9
103,U03,11,7.3
103,U03,12,7.6
104,U03,1,8.8
104,U03,2,8.9
104,U03,3,8.6
104,U03,4,9.6
104,U03,5,9.3
104,U03,6,9.5
104,U03,7,10.5
104,U03,8,9.7
104,U03,9,10.4
104,U03,10,10
104,U03,11,10.2
104,U03,12,9.7
105,U03,1,10.1
105,U03,2,10.7
105,U03,3,11.6
105,U03,4,11.3
105,U03,5,10.6
105,U03,6,10.6
105,U03,7,9.3
105,U03,8,10.5
105,U03,9,10.8
105,U03,10,10.7
105,U03,11,10.1
105,U03,12,10.4
106,U03,1,10.8
106,U03,2,10.5
106,U03,3,9.3
106,U03,4,10.3
106,U03,6,9.6
106,U03,7,9.1
106,U03,8,9.5
106,U03,9,9.6
106,U03,10,9.8
106,U03,11,9.7
106,U03,12,9.8
107,U03,1,8.3
107,U03,2,9.5
107,U03,3,9.3
107,U03,4,9.2
107,U03,6,9.2
107,U03,7,9.8
107,U03,9,9.3
107,U03,10,9.9
107,U03,11,9.7
107,U03,12,8.5
108,U03,1,10.9
108,U03,2,9.6
108,U03,3,9.7
108,U03,4,10.2
108,U03,5,10.6
108,U03,6,10.5
108,U03,7,9.7
108,U03,8,10.6
108,U03,9,9.5
108,U03,10,9.9
108,U03,11,10.8
108,U03,12,11.3
109,U03,1,6.5
109,U03,2,6.9
109,U03,3,6
109,U03,4,6.4
109,U03,5,6.9
109,U03,6,7.1
109,U03,7,7.6
109,U03,8,8.5
109,U03,10,7.5
109,U03,11,6.9
110,U03,1,9.1
110,U03,2,9.7
110,U03,4,9
110,U03,5,9.2
110,U03,6,9.5
110,U03,7,8.5
110,U03,8,8.4
110,U03,9,8.6
110,U03,10,8.6
110,U03,11,7.8
110,U03,12,8.6
111,U03,2,8.3
111,U03,3,8.8
111,U03,4,8.5
111,U03,5,9
111,U03,6,7.7
111,U03,7,7.9
111,U03,10,8.6
111,U03,11,8.8
111,U03,12,8.7
112,U03,1,5.6
112,U03,2,6.2
112,U03,3,6.6
112,U03,4,6.3
112,U03,5,6.6
112,U03,6,7
112,U03,7,7.1
112,U03,8,7
112,U03,9,6.5
112,U03,10,7.5
112,U03,11,7.3
112,U03,12,6.9
113,U03,1,10.5
113,U03,2,9.6
113,U03,3,9.7
113,U03,4,10.1
113,U03,5,10
113,U03,6,9.2
113,U03,7,8.6
113,U03,8,9.7
113,U03,9,9.7
113,U03,10,9.3
113,U03,11,9.6
113,U03,12,9.5
114,U03,1,11.3
114,U03,2,11.8
114,U03,4,11.5
114,U03,5,10.8
114,U03,6,11.1
114,U03,7,11.1
114,U03,8,11.5
114,U03,9,11.2
114,U03,10,11.9
114,U03,11,12.6
114,U03,12,11.7
115,U03,1,9.3
115,U03,2,11.2
115,U03,3,11.4
115,U03,4,11.4
115,U03,5,10.4
115,U03,6,10.7
115,U03,8,10.5
115,U03,9,10.5
115,U03,10,10.9
115,U03,11,9.5
115,U03,12,9.8
116,U03,1,10.1
116,U03,2,9.7
116,U03,3,10.1
116,U03,4,9.9
116,U03,5,9.1
116,U03,6,9.2
116,U03,7,9.7
116,U03,8,9.8
116,U03,9,10.4
116,U03,10,9.9
116,U03,11,10.4
116,U03,12,10.5
117,U03,1,8.8
117,U03,2,8.5
117,U03,3,10.3
117,U03,4,9.2
117,U03,5,9.2
117,U03,7,10.1
117,U03,8,9.6
117,U03,9,10.4
117,U03,10,8.4
117,U03,11,9.7
117,U03,12,9.4
118,U03,1,9.3
118,U03,3,10.2
118,U03,4,11.1
118,U03,5,10.1
118,U03,6,9.5
118,U03,7,9.7
118,U03,9,9.8
118,U03,10,10
118,U03,11,9.5
118,U03,12,10.1
119,U03,2,12.5
119,U03,3,12.6
119,U03,4,12.2
119,U03,5,12.1
119,U03,6,12.1
119,U03,7,11.2
119,U03,8,11.2
119,U03,9,10.8
119,U03,10,11.8
119,U03,11,12.3
119,U03,12,11.3
120,U03,1,8.3
120,U03,2,7.9
120,U03,4,8.9
120,U03,5,8.7
120,U03,6,9.7
120,U03,7,10.4
120,U03,8,10.3
120,U03,9,10.6
120,U03,10,10.8
120,U03,11,10.5
120,U03,12,9.7
121,U03,1,7.5
121,U03,2,8.7
121,U03,3,7.7
121,U03,4,7.7
121,U03,6,7.1
121,U03,7,6.5
121,U03,8,6.3
121,U03,9,6.8
121,U03,10,7
121,U03,11,7.9
121,U03,12,7.7
122,U03,1,9.4
122,U03,2,8.8
122,U03,3,9
122,U03,4,9.4
122,U03,5,9.3
122,U03,6,9.6
122,U03,7,9.5
122,U03,8,8.1
122,U03,9,10.1
122,U03,10,10.2
122,U03,11,10.2
122,U03,12,9.3
123,U04,1,10.4
123,U04,2,11
123,U04,3,10.2
123,U04,4,9.8
123,U04,7,10.1
123,U04,8,10.1
123,U04,9,10.5
123,U04,10,10.4
123,U04,11,11
124,U04,1,10.9
124,U04,2,10.6
124,U04,3,9.4
124,U04,4,9.8
124,U04,5,10.8
124,U04,6,10.4
124,U04,7,11.4
124,U04,8,9.9
124,U04,9,10.4
124,U04,10,10.5
124,U04,11,10.6
124,U04,12,10.1
125,U04,1,11.1
125,U04,2,9.9
125,U04,3,10.1
125,U04,4,9.8
125,U04,5,9.7
125,U04,6,10
125,U04,7,10.4
125,U04,8,10.5
125,U04,9,11
125,U04,10,10.7
125,U04,12,10.2
126,U04,1,11.4
126,U04,2,11.3
126,U04,3,11.3
126,U04,4,10.4
126,U04,5,10.6
126,U04,6,11.2
126,U04,7,10.5
126,U04,8,10.1
126,U04,9,9.9
126,U04,10,9.9
126,U04,11,10.6
126,U04,12,10
127,U04,1,8.2
127,U04,2,9
127,U04,3,8.6
127,U04,4,9
127,U04,5,9.8
127,U04,6,9.2
127,U04,7,9.6
127,U04,8,9.3
127,U04,9,8.6
127,U04,10,8.2
127,U04,11,9.3
127,U04,12,9.5
128,U04,1,10.2
128,U04,2,10.9
128,U04,4,10.2
128,U04,5,10
128,U04,6,8.9
128,U04,7,8.9
128,U04,8,9.1
128,U04,9,9.7
128,U04,10,9.1
128,U04,11,9.1
128,U04,12,9.9
129,U04,1,10.1
129,U04,2,10.4
129,U04,3,10.4
129,U04,4,10.2
129,U04,5,9.8
129,U04,6,10.1
129,U04,7,10.4
129,U04,8,10.8
129,U04,9,10.5
129,U04,10,11.2
129,U04,11,10.8
129,U04,12,9.9
130,U04,1,10.2
130,U04,2,10.4
130,U04,3,10.4
130,U04,4,10.5
130,U04,5,9.9
130,U04,6,10.5
130,U04,7,9.8
130,U04,8,9.7
130,U04,9,9.3
130,U04,10,10
130,U04,11,8.5
130,U04,12,10
131,U04,1,10.4
131,U04,2,9.8
131,U04,3,10.2
131,U04,4,9.3
131,U04,5,11.2
131,U04,6,10.8
131,U04,7,10.4
131,U04,8,11.2
131,U04,9,11.7
131,U04,10,10.9
131,U04,11,11.3
131,U04,12,10.1
132,U04,1,10.7
132,U04,2,11.4
132,U04,3,11.2
132,U04,4,11.7
132,U04,5,11.7
132,U04,6,12.2
132,U04,7,12
132,U04,8,11.9
132,U04,9,11.9
132,U04,10,11.4
132,U04,11,11.5
132,U04,12,11.4
133,U04,1,10.9
133,U04,2,10.9
133,U04,3,10.6
133,U04,4,11.6
133,U04,5,11.6
133,U04,6,11.2
133,U04,7,10.5
133,U04,8,11.3
133,U04,9,11.2
133,U04,10,10.9
133,U04,11,10.3
133,U04,12,11.5
134,U04,1,9.5
134,U04,2,9.8
134,U04,3,9.9
134,U04,4,9.1
134,U04,5,9.6
134,U04,6,9.2
134,U04,7,9.2
134,U04,9,10.6
134,U04,11,9.7
134,U04,12,8.9
135,U04,1,11.6
135,U04,2,12.1
135,U04,3,10.9
135,U04,4,11.3
135,U04,5,11.9
135,U04,6,10.6
135,U04,7,10.4
135,U04,8,10
135,U04,9,11.9
135,U04,10,11.3
135,U04,11,11.1
135,U04,12,11.6
136,U04,1,10.4
136,U04,2,9.9
136,U04,3,10.2
136,U04,4,10.4
136,U04,5,10
136,U04,6,10
136,U04,7,9.4
136,U04,8,8.4
136,U04,9,9.1
136,U04,10,9.3
136,U04,11,9.5
136,U04,12,10.5
137,U04,1,9.7
137,U04,2,10.1
137,U04,3,9.6
137,U04,4,8.7
137,U04,5,9
137,U04,6,9.7
137,U04,7,10.2
137,U04,8,10.1
137,U04,9,10.3
137,U04,10,9.7
137,U04,11,9.3
137,U04,12,8.8
138,U04,1,12.3
138,U04,2,12.5
138,U04,3,11.3
138,U04,4,11.6
138,U04,5,11.8
138,U04,7,10.7
138,U04,8,10.3
138,U04,9,12.1
138,U04,10,13
138,U04,11,12.6
138,U04,12,11.2
139,U04,1,10.3
139,U04,2,9.8
139,U04,3,9.6
139,U04,4,9.6
139,U04,5,9.9
139,U04,6,10
139,U04,7,10.1
139,U04,8,9.6
139,U04,9,9.7
139,U04,10,10.8
139,U04,11,11.3
139,U04,12,11.7
140,U04,1,10.1
140,U04,2,10.3
140,U04,3,10.5
140,U04,4,10.7
140,U04,5,10.4
140,U04,6,11.1
140,U04,7,11.1
140,U04,8,10.3
140,U04,9,10.3
140,U04,10,10
140,U04,11,9.9
140,U04,12,10.2
141,U04,1,12.3
141,U04,2,10.8
141,U04,3,10.9
141,U04,4,10
141,U04,5,11.8
141,U04,6,12
141,U04,7,11.8
141,U04,8,11.8
141,U04,9,12.7
141,U04,10,12.7
141,U04,11,13
141,U04,12,12.2
142,U04,1,9.7
142,U04,2,10.6
142,U04,3,9.6
142,U04,4,10.9
142,U04,5,10.9
142,U04,6,10.1
142,U04,7,9.8
142,U04,8,10.9
142,U04,9,10.5
142,U04,10,11
142,U04,11,11.3
142,U04,12,11.9
143,U04,1,11.3
143,U04,2,11.2
143,U04,3,11.1
143,U04,4,10.5
143,U04,5,10.5
143,U04,6,11.1
143,U04,7,11.2
143,U04,8,10.8
143,U04,9,11.4
143,U04,10,11.7
143,U04,11,11.5
143,U04,12,10.8
144,U04,1,12.1
144,U04,2,11.7
144,U04,3,10.6
144,U04,4,11
144,U04,5,11.4
144,U04,6,10.7
144,U04,7,10.2
144,U04,8,10.2
144,U04,9,10.2
144,U04,10,9.9
144,U04,11,11.2
144,U04,12,10
145,U04,1,9.1
145,U04,2,8.1
145,U04,3,8.9
145,U04,4,9.1
145,U04,5,10.2
145,U04,6,9.7
145,U04,7,8.5
145,U04,8,8.9
145,U04,9,9.4
145,U04,11,10
145,U04,12,10.1
146,U04,1,10.2
146,U04,2,9.5
146,U04,3,10.6
146,U04,4,10
146,U04,5,9.8
146,U04,6,8.6
146,U04,7,8.8
146,U04,8,9.3
146,U04,9,9.4
146,U04,10,10
146,U04,11,10.1
147,U04,1,9.7
147,U04,2,8.6
147,U04,3,9.5
147,U04,4,9.5
147,U04,5,9.6
147,U04,6,9.3
147,U04,7,9
147,U04,8,10.2
147,U04,9,10.4
147,U04,10,10.3
147,U04,11,9.4
147,U04,12,9.4
148,U04,1,9.8
148,U04,2,9.9
148,U04,3,9.7
148,U04,4,10.9
148,U04,5,10.6
148,U04,6,11
148,U04,8,9.8
148,U04,9,11.4
148,U04,10,9.2
148,U04,11,9.4
148,U04,12,10.3
149,U04,1,11.4
149,U04,2,11
149,U04,3,10.4
149,U04,5,10.8
149,U04,6,10.5
149,U04,7,11.4
149,U04,8,10.4
149,U04,9,10.4
149,U04,10,10.9
149,U04,11,11.4
149,U04,12,10.8
150,U04,1,10.1
150,U04,2,10.6
150,U04,3,11.1
150,U04,4,10.3
150,U04,5,9.1
150,U04,6,9.1
150,U04,7,8.9
150,U04,9,8.5
150,U04,10,9.4
150,U04,12,9.4
151,U04,1,10.6
151,U04,2,9.8
151,U04,4,9.7
151,U04,5,9.6
151,U04,6,11.3
151,U04,7,11
151,U04,8,10.3
151,U04,9,10.9
151,U04,10,12.1
151,U04,11,10
151,U04,12,10.7
152,U04,1,12.6
152,U04,2,12.1
152,U04,3,11.6
152,U04,4,11.4
152,U04,5,11.7
152,U04,6,10.4
152,U04,7,11.2
152,U04,8,11.9
152,U04,9,12.3
152,U04,10,12.2
152,U04,11,11.7
152,U04,12,11.6
153,U04,1,11.7
153,U04,2,10.6
153,U04,3,10.7
153,U04,4,11.7
153,U04,5,11.8
153,U04,6,12.1
153,U04,7,11.6
153,U04,8,12.1
153,U04,9,11.6
153,U04,10,11.2
153,U04,11,10.8
153,U04,12,10.3
154,U04,1,10.4
154,U04,2,9.9
154,U04,3,10.8
154,U04,4,10.1
154,U04,5,10.6
154,U04,6,11
154,U04,7,9.7
154,U04,8,9.8
154,U04,9,9.9
154,U04,10,9.5
154,U04,11,9.7
154,U04,12,10.1
155,U04,1,10.6
155,U04,2,11.5
155,U04,4,10.8
155,U04,5,10.2
155,U04,6,9.7
155,U04,7,9.9
155,U04,8,10.8
155,U04,9,9.9
155,U04,10,11.1
155,U04,11,10.6
155,U04,12,11.3
156,U04,1,11
156,U04,2,10.1
156,U04,3,10.5
156,U04,4,10.4
156,U04,5,11.9
156,U04,6,11.2
156,U04,7,11.6
156,U04,8,11.4
156,U04,9,10.6
156,U04,10,11.3
156,U04,11,11.5
156,U04,12,10
157,U04,1,10.3
157,U04,2,10.8
157,U04,3,11.1
157,U04,4,10.7
157,U04,5,10.9
157,U04,6,10.5
157,U04,7,10.1
157,U04,8,9.5
157,U04,9,9.4
157,U04,10,10.6
157,U04,12,11.6
158,U04,1,9
158,U04,2,8.8
158,U04,3,9.1
158,U04,4,8.5
158,U04,5,8.8
158,U04,6,10
158,U04,7,10.3
158,U04,8,9.1
158,U04,9,9.3
158,U04,10,9.1
158,U04,11,8.9
158,U04,12,9.6
159,U04,1,11.2
159,U04,2,11.3
159,U04,3,10.9
159,U04,4,13.2
159,U04,5,11
159,U04,6,11.5
159,U04,7,11.6
159,U04,8,12.2
159,U04,9,12.5
159,U04,10,12.2
159,U04,12,11.5
160,U04,1,10
160,U04,2,9.3
160,U04,3,9.9
161,U04,1,11.3
161,U04,2,11.3
161,U04,3,11.3
161,U04,4,10.8
161,U04,5,10.1
162,U04,1,9.6
162,U04,2,10.4
162,U04,3,10.5
162,U04,4,10.1
162,U04,5,10.4
162,U04,6,10.7
162,U04,7,10.7
162,U04,8,9.8
162,U04,9,9.1
162,U04,10,10.3
162,U04,11,9.9
162,U04,12,10.9
163,U04,1,11.6
163,U04,3,11.9
163,U04,4,11.9
163,U04,6,12.3
163,U04,7,11.8
163,U04,8,12.1
163,U04,9,13.4
163,U04,10,12.1
163,U04,11,12.2
163,U04,12,11.5
164,U04,1,9.2
164,U04,2,9.5
164,U04,3,11.2
164,U04,4,10.5
164,U04,5,8.5
164,U04,6,8.2
164,U04,7,9
164,U04,8,9.4
164,U04,9,9.4
164,U04,10,9.5
164,U04,11,9.5
164,U04,12,9.7
165,U04,2,10.8
165,U04,3,10.6
165,U04,4,10.5
165,U04,5,10.5
165,U04,6,10.4
165,U04,7,9.6
165,U04,8,10.7
165,U04,9,10.9
165,U04,10,11.6
165,U04,11,11.1
165,U04,12,9.6
166,U04,1,10.2
166,U04,2,10.7
166,U04,3,9.9
166,U04,5,10.2
166,U04,6,10.3
166,U04,7,9.7
166,U04,8,10.4
166,U04,9,9.6
166,U04,10,9.9
166,U04,11,8.7
166,U04,12,9.5
167,U04,1,8.7
167,U04,2,7.8
167,U04,3,8.5
167,U04,4,8.2
167,U04,5,8.4
167,U04,6,8.6
167,U04,7,8.8
167,U04,8,8.4
167,U04,9,9.3
167,U04,10,8.2
167,U04,11,8.1
167,U04,12,7.8
168,U04,1,10.2
168,U04,2,10
168,U04,3,10.7
168,U04,4,10.9
168,U04,5,11.2
168,U04,6,10.2
168,U04,7,10
168,U04,8,10.4
168,U04,9,9.6
168,U04,10,9.6
168,U04,11,10.4
168,U04,12,9.8
169,U04,1,9
169,U04,2,9.7
169,U04,3,8.9
169,U04,4,9.3
169,U04,5,9.7
169,U04,7,9.3
169,U04,8,9.2
169,U04,9,8.9
169,U04,10,9.2
169,U04,11,10.2
169,U04,12,10.2
170,U04,1,9.5
170,U04,2,10
170,U04,3,11.8
170,U04,4,11
170,U04,5,11.2
170,U04,6,12.6
170,U04,7,12
170,U04,8,11.1
170,U04,9,10.7
170,U04,10,11.3
170,U04,11,10.8
170,U04,12,10.9
171,U04,1,10.5
171,U04,2,11
171,U04,3,10.7
171,U04,4,11.2
171,U04,5,12.6
171,U04,6,11.9
171,U04,7,11.5
171,U04,8,11.6
171,U04,9,10
171,U04,10,9.9
171,U04,11,10.2
171,U04,12,10.5
172,U04,1,10.6
172,U04,2,10.2
172,U04,3,11.3
172,U04,4,11.2
172,U04,5,12.4
172,U04,6,11.4
172,U04,7,11.1
172,U04,8,11.3
172,U04,9,11.5
172,U04,10,11.4
172,U04,11,11.8
172,U04,12,11.3
173,U04,1,10.7
173,U04,2,10.7
173,U04,3,10.9
173,U04,4,11.2
173,U04,5,11.8
173,U04,6,11.3
173,U04,7,10.5
173,U04,8,10.9
173,U04,9,10.5
173,U04,10,10.2
173,U04,11,10.8
173,U04,12,11.6
174,U04,1,10.4
174,U04,2,10.6
174,U04,3,10.8
174,U04,4,11.5
174,U04,5,11.3
174,U04,6,11.1
174,U04,7,11.3
174,U04,8,10.6
174,U04,9,10
174,U04,10,9.3
174,U04,11,9.5
174,U04,12,9.5
175,U04,1,10.3
175,U04,3,10.3
175,U04,5,10.2
175,U04,6,9.7
175,U04,7,9.2
175,U04,8,10.3
175,U04,9,10.1
175,U04,10,9.6
175,U04,11,9
175,U04,12,10.1
176,U04,1,11.6
176,U04,2,11.7
176,U04,3,10.3
176,U04,4,10.7
176,U04,5,10
176,U04,6,10.2
176,U04,7,9.6
176,U04,8,10.4
176,U04,9,10.5
176,U04,10,10.6
176,U04,11,9.9
176,U04,12,9.8
177,U04,1,13.9
177,U04,2,14
177,U04,3,14
177,U04,4,13.9
177,U04,5,13.8
177,U04,6,13.4
177,U04,7,14.3
177,U04,8,13.5
177,U04,9,14.4
177,U04,10,14.5
177,U04,11,14.2
177,U04,12,13.6
178,U04,1,10.7
178,U04,2,10.5
178,U04,3,10.6
178,U04,4,10
178,U04,5,9.7
178,U04,6,10.3
178,U04,7,10.9
178,U04,8,10.8
178,U04,9,9.5
178,U04,10,9.8
178,U04,11,10.7
178,U04,12,10.3
179,U04,1,9.8
179,U04,2,10
179,U04,3,9.5
179,U04,4,10.6
179,U04,5,9.3
179,U04,6,9.7
179,U04,7,9.5
179,U04,8,9.1
179,U04,9,9.2
179,U04,10,8.5
179,U04,11,9.7
179,U04,12,9.4
180,U04,1,11
180,U04,2,10.1
180,U04,3,10.2
180,U04,4,10.4
180,U04,5,10.3
180,U04,6,10.2
180,U04,7,10.5
180,U04,8,9.6
180,U04,9,9.7
180,U04,10,9
180,U04,11,10.3
180,U04,12,10.4
181,U05,1,7.9
181,U05,3,7
181,U05,4,7
181,U05,5,7
181,U05,6,7
181,U05,7,7.5
181,U05,8,6.7
181,U05,9,7.3
181,U05,10,8.2
181,U05,11,7.8
181,U05,12,8
182,U05,1,11.5
182,U05,2,11.4
182,U05,3,11.2
182,U05,4,11.5
182,U05,5,12
182,U05,6,11.2
183,U05,1,11.3
183,U05,2,11.5
183,U05,3,11.1
183,U05,4,11.6
183,U05,5,11.2
183,U05,6,10.9
183,U05,7,10.9
183,U05,8,10.9
183,U05,9,11.2
183,U05,10,11.4
183,U05,11,11.3
183,U05,12,11.5
184,U05,1,8.4
184,U05,2,9.4
184,U05,3,8.4
184,U05,4,9.5
184,U05,5,9.3
184,U05,6,10.5
184,U05,7,9.9
184,U05,9,9.3
184,U05,10,9
184,U05,11,9.3
184,U05,12,9.5
185,U05,1,9.1
185,U05,2,9.6
185,U05,3,9.1
185,U05,4,8.8
185,U05,5,9.5
185,U05,6,9.7
185,U05,7,10.2
185,U05,8,10.2
185,U05,9,10
185,U05,10,9.8
185,U05,11,9.6
185,U05,12,10
186,U05,1,10.4
186,U05,2,10.8
186,U05,4,9.1
186,U05,5,9.1
186,U05,6,9.2
186,U05,7,9.1
186,U05,8,8.8
186,U05,9,9.8
186,U05,10,11.3
186,U05,11,11
186,U05,12,11.5
187,U05,1,9.6
187,U05,2,8.8
187,U05,3,9.2
187,U05,4,10.3
187,U05,5,10.1
187,U05,6,10.3
187,U05,7,9.7
187,U05,8,10.2
187,U05,9,10.4
187,U05,10,10.3
187,U05,11,11.1
187,U05,12,10.7
188,U05,1,9.7
188,U05,2,10.3
188,U05,3,10.1
188,U05,4,8.6
188,U05,6,7.8
188,U05,7,8
188,U05,8,9.5
188,U05,9,10.1
188,U05,10,9.6
188,U05,11,10.9
188,U05,12,10.2
189,U05,1,10.4
189,U05,2,11.2
189,U05,3,10.6
189,U05,4,10
189,U05,5,10.1
189,U05,6,10.5
189,U05,7,9.8
189,U05,8,9.2
189,U05,9,9.5
189,U05,10,10
189,U05,11,10.2
189,U05,12,9.7
190,U05,1,11.4
190,U05,2,11.9
190,U05,3,10.4
190,U05,4,10.4
190,U05,5,10.8
190,U05,6,10.4
190,U05,7,11.3
190,U05,8,9.9
190,U05,9,9.7
190,U05,10,10.3
190,U05,11,9.9
190,U05,12,10.3
191,U05,1,11.4
191,U05,3,12.5
191,U05,4,12
191,U05,5,11.3
191,U05,6,11.1
191,U05,7,10.9
191,U05,8,10.7
191,U05,10,9.3
191,U05,11,9.9
191,U05,12,10.8
192,U05,1,11.3
192,U05,2,9.6
192,U05,3,9.2
192,U05,4,10.3
192,U05,6,10.7
192,U05,7,10.1
192,U05,8,10.5
192,U05,9,9.8
192,U05,11,9.9
192,U05,12,10.2
193,U05,1,9.2
193,U05,2,9.1
193,U05,3,9.7
193,U05,4,9.8
193,U05,5,10.2
193,U05,6,9.6
193,U05,7,9.9
193,U05,8,9.9
193,U05,9,10.1
193,U05,10,9.7
193,U05,11,9.6
193,U05,12,10.2
194,U05,1,10.9
194,U05,2,11.2
194,U05,3,12.2
194,U05,4,12.2
194,U05,5,11.5
194,U05,6,10.5
194,U05,7,10.7
194,U05,8,12
194,U05,9,11.2
194,U05,10,11.4
194,U05,11,11.8
194,U05,12,10.8
195,U05,1,12.2
195,U05,2,11.9
195,U05,3,11.9
195,U05,4,12.1
195,U05,5,12.4
195,U05,6,11.8
195,U05,7,11.9
195,U05,8,12
195,U05,10,11.7
195,U05,11,11.6
195,U05,12,11.8
196,U05,1,7.8
196,U05,2,8.7
196,U05,3,9.3
196,U05,4,7.5
196,U05,5,9
196,U05,6,8.1
196,U05,7,8.6
196,U05,8,9
196,U05,9,9.3
196,U05,10,8.6
196,U05,11,9.7
196,U05,12,9.5
197,U05,1,10.4
197,U05,2,10.1
197,U05,3,9.2
197,U05,4,9.3
197,U05,5,8.7
197,U05,7,9.7
197,U05,8,10.4
197,U05,9,11.3
197,U05,10,11.4
197,U05,11,10.3
197,U05,12,10
198,U05,1,7.7
198,U05,2,8.5
198,U05,3,8.2
198,U05,4,8.5
198,U05,5,9.1
198,U05,6,9.4
198,U05,7,9.7
198,U05,8,10.1
198,U05,9,9.7
198,U05,10,9
198,U05,11,9.1
198,U05,12,8
199,U05,1,8
199,U05,2,8.7
199,U05,3,8.8
199,U05,4,8.7
199,U05,5,8.9
199,U05,6,8.7
199,U05,7,8.4
199,U05,8,9.1
199,U05,9,8.7
199,U05,10,8.2
199,U05,12,7.6
200,U05,1,9.9
200,U05,2,9.2
200,U05,3,8.6
200,U05,4,9.2
200,U05,5,9.3
200,U05,6,9.6
200,U05,7,9.6
200,U05,8,9.9
200,U05,9,9.9
200,U05,10,9.2
200,U05,11,9.8
200,U05,12,9.4
201,U05,1,9.2
201,U05,2,9.7
201,U05,3,9.7
201,U05,5,8.8
201,U05,6,9.7
201,U05,7,10
201,U05,8,9.5
201,U05,9,9.7
201,U05,10,9.7
201,U05,11,8.9
201,U05,12,9.6
202,U05,1,9.3
202,U05,2,9.6
202,U05,3,9.9
202,U05,4,8.3
202,U05,5,9.1
202,U05,6,9.4
202,U05,7,9.8
202,U05,8,10.3
202,U05,9,10
202,U05,10,10.5
202,U05,11,10.3
202,U05,12,10.8
203,U05,1,11.6
203,U05,2,10.1
203,U05,3,9.9
203,U05,4,10.2
203,U05,5,10.3
203,U05,6,10.1
203,U05,7,9.6
203,U05,8,10
203,U05,9,11.6
203,U05,10,10.8
203,U05,11,10.5
203,U05,12,11
204,U05,1,9.4
204,U05,2,9.2
204,U05,3,10.6
204,U05,4,10.4
204,U05,5,9.1
204,U05,6,9.2
204,U05,7,9.2
204,U05,8,8.3
204,U05,9,9
204,U05,10,9.1
204,U05,11,8.8
204,U05,12,9.7
205,U05,1,8.4
205,U05,2,9
205,U05,3,8.8
205,U05,4,8.8
205,U05,5,8.5
205,U05,6,8.3
206,U06,1,8.7
206,U06,2,7.9
206,U06,3,7.4
206,U06,4,7.8
206,U06,5,9.3
206,U06,6,8.9
206,U06,7,8.6
206,U06,8,8.1
206,U06,9,8.4
206,U06,10,8.5
206,U06,11,8.5
206,U06,12,9.1
207,U06,1,12
207,U06,2,12.5
207,U06,3,12.3
207,U06,4,12.6
207,U06,5,12.7
207,U06,6,12.4
207,U06,7,12.7
207,U06,8,11.1
207,U06,10,11.4
207,U06,11,10.6
208,U06,1,11.7
208,U06,2,11.2
208,U06,3,11.9
208,U06,5,11.8
208,U06,6,12
208,U06,7,11.1
208,U06,8,11.5
208,U06,9,11.5
208,U06,10,11.9
208,U06,11,12
208,U06,12,12.5
209,U06,1,9.6
209,U06,3,10.3
209,U06,4,10.1
209,U06,5,9.4
209,U06,6,9.8
209,U06,7,9.5
209,U06,8,9.2
209,U06,9,9.4
209,U06,10,9.5
209,U06,11,9.9
209,U06,12,9.3
210,U06,1,12.1
210,U06,2,13.3
210,U06,3,12.7
210,U06,4,13.9
211,U06,1,11.5
211,U06,2,10.9
211,U06,3,11.1
211,U06,4,11.5
211,U06,5,11.4
211,U06,6,12
211,U06,7,11.7
211,U06,8,10.7
211,U06,9,10.9
211,U06,10,11.1
211,U06,11,11.5
211,U06,12,11
212,U06,1,8.9
212,U06,2,8.6
212,U06,3,8.9
212,U06,4,8.6
212,U06,5,8.2
212,U06,6,8
212,U06,7,8.3
212,U06,8,8.1
212,U06,9,9.3
212,U06,10,9.6
212,U06,11,9.2
213,U06,1,10.8
213,U06,2,11
213,U06,3,11
213,U06,4,11.4
213,U06,5,10.4
213,U06,6,11.8
213,U06,7,11.5
213,U06,8,12.1
213,U06,9,12.5
213,U06,10,11.4
213,U06,11,10.7
213,U06,12,11.2
214,U06,1,9.9
214,U06,2,10.1
214,U06,3,10.2
214,U06,4,10.3
214,U06,6,9.5
214,U06,7,8.9
214,U06,8,8.9
214,U06,9,9.3
214,U06,10,10
214,U06,11,10.5
214,U06,12,9.8
215,U06,1,11.5
215,U06,2,10.8
215,U06,3,12
215,U06,4,11.8
215,U06,5,11.1
215,U06,6,11.1
215,U06,7,11.5
215,U06,8,11.6
215,U06,9,12.1
215,U06,10,11.5
215,U06,11,10.6
215,U06,12,11.3
216,U06,1,11.1
216,U06,2,11.3
216,U06,3,11.4
216,U06,4,11.4
216,U06,5,11.2
216,U06,6,11.1
216,U06,7,12.1
216,U06,8,11.1
216,U06,9,11.9
216,U06,10,11.9
216,U06,11,12.5
216,U06,12,12
217,U06,1,10.7
217,U06,2,10.6
217,U06,3,10.4
217,U06,4,10.5
217,U06,5,11.1
217,U06,6,11.1
217,U06,7,10.9
217,U06,8,9.9
217,U06,9,10.2
217,U06,10,10.4
217,U06,11,10.9
217,U06,12,9.5
218,U06,1,11.4
218,U06,2,11
218,U06,3,10.2
218,U06,4,11.7
218,U06,5,13.2
218,U06,6,12.9
218,U06,7,12
218,U06,8,10.9
218,U06,9,11.6
218,U06,10,12.7
218,U06,11,12.1
218,U06,12,11.9
219,U06,1,9.2
219,U06,2,8.5
219,U06,3,8.5
219,U06,4,8.3
219,U06,6,9.3
219,U06,7,10
219,U06,9,9.9
219,U06,11,10.2
219,U06,12,9.7
220,U06,1,11
220,U06,2,10.2
220,U06,3,10.3
220,U06,4,11.1
220,U06,5,11.9
220,U06,6,12.4
220,U06,7,11.3
220,U06,8,11.9
220,U06,9,11.3
220,U06,11,12.4
220,U06,12,11.9
221,U06,1,9
221,U06,2,10.4
221,U06,3,10.4
221,U06,4,10.9
221,U06,5,11.1
221,U06,6,9.7
221,U06,7,9.5
221,U06,8,10.4
221,U06,9,10.7
221,U06,10,10.6
222,U06,1,12.9
222,U06,2,13.3
222,U06,3,12.4
222,U06,4,11.7
222,U06,5,11.2
222,U06,6,12.1
222,U06,7,11.9
222,U06,8,11.2
222,U06,9,10.4
222,U06,10,11.7
222,U06,11,12.1
222,U06,12,12.1
223,U06,1,11
223,U06,2,10.8
223,U06,3,9.7
223,U06,4,10.6
223,U06,5,11.3
223,U06,6,10.5
223,U06,7,10.9
223,U06,8,12
223,U06,9,11
223,U06,10,12.1
223,U06,11,11.5
223,U06,12,11.7
224,U06,1,10.9
224,U06,2,10.3
224,U06,4,11.4
224,U06,5,10.6
224,U06,6,9.9
224,U06,7,9.8
224,U06,8,10.3
224,U06,9,10.2
224,U06,10,10.2
224,U06,11,10.3
224,U06,12,11.1
225,U06,1,10.4
225,U06,2,11.1
225,U06,3,10.4
225,U06,4,10.5
225,U06,5,10.2
225,U06,6,11.9
225,U06,7,10.4
225,U06,8,10.2
225,U06,9,10
225,U06,10,10.7
225,U06,11,10.8
225,U06,12,10.7
226,U06,2,10.9
226,U06,3,10.8
226,U06,4,11
226,U06,5,10.6
226,U06,6,10.8
226,U06,7,11
226,U06,8,10.7
226,U06,9,10.7
226,U06,10,11
226,U06,11,10.7
226,U06,12,9.7
227,U06,1,10.7
227,U06,2,9.9
227,U06,3,10.4
227,U06,4,10.3
227,U06,5,10.8
227,U06,6,10.1
227,U06,8,10.7
227,U06,9,11.4
227,U06,10,10.9
227,U06,11,10.4
227,U06,12,10.4
228,U06,1,12
228,U06,3,12
228,U06,4,11.6
228,U06,5,10.2
228,U06,6,11
228,U06,7,10.2
228,U06,8,10.8
228,U06,9,11.6
228,U06,10,11.3
228,U06,11,11
228,U06,12,11.4
229,U06,1,10.8
229,U06,2,10.3
229,U06,3,10.5
229,U06,4,9.3
229,U06,5,9.2
229,U06,6,10.3
229,U06,7,9.7
229,U06,8,10
229,U06,9,9.1
229,U06,10,8.9
229,U06,11,9.9
229,U06,12,10.1
230,U06,2,10.5
230,U06,3,10.4
230,U06,4,9.7
230,U06,5,9.6
230,U06,6,10.1
230,U06,7,11.1
230,U06,8,11.2
230,U06,9,11.7
230,U06,11,10.3
231,U06,1,10.8
231,U06,2,11.8
231,U06,3,10.8
231,U06,4,11.6
231,U06,5,12.6
231,U06,6,10.8
231,U06,7,12.2
231,U06,8,10.6
231,U06,9,10.6
231,U06,10,10.7
231,U06,11,11.1
231,U06,12,10.2
232,U06,1,10.2
232,U06,2,10.6
232,U06,3,10.7
232,U06,4,10.5
232,U06,5,10.6
232,U06,6,11.3
232,U06,7,11.9
232,U06,8,11.3
232,U06,9,10.5
232,U06,11,10.8
232,U06,12,9.7
233,U06,1,10.7
233,U06,2,11.3
233,U06,3,11.6
233,U06,4,11.7
233,U06,5,11.3
233,U06,6,11.2
233,U06,7,12.1
233,U06,8,11.8
233,U06,9,11.6
233,U06,10,12.3
233,U06,11,12.7
233,U06,12,11.2
234,U06,1,11.1
234,U06,2,11
234,U06,3,11
234,U06,4,11
234,U06,5,11.3
234,U06,6,11.2
234,U06,8,11.4
234,U06,9,10.7
234,U06,10,11.8
234,U06,11,11.8
234,U06,12,11.1
235,U06,1,12.9
235,U06,2,13
235,U06,3,12.9
235,U06,4,13.2
235,U06,5,12.7
235,U06,6,12.2
235,U06,7,12.1
235,U06,8,12.4
235,U06,9,12.6
235,U06,10,11.9
235,U06,12,11.4
236,U06,1,10.3
236,U06,2,11
236,U06,3,11
236,U06,4,10.5
236,U06,6,10.6
236,U06,7,10.3
236,U06,8,11
237,U06,1,11.7
237,U06,2,10.8
237,U06,3,10.2
237,U06,4,10.7
237,U06,5,10.3
237,U06,6,10.6
237,U06,7,10.7
237,U06,8,9.3
237,U06,9,10
237,U06,10,10.8
237,U06,11,10.8
237,U06,12,10.1
238,U06,1,9.3
238,U06,2,9
238,U06,3,9.7
238,U06,4,8.6
238,U06,5,9.2
238,U06,6,8.2
238,U06,7,9.1
238,U06,8,9.4
238,U06,9,9.8
238,U06,10,10
238,U06,11,9.8
238,U06,12,8.9
239,U06,1,10.1
239,U06,2,9.1
239,U06,3,9.9
239,U06,4,9.5
239,U06,5,10
239,U06,6,11
239,U06,7,10.5
239,U06,9,9.4
239,U06,10,9.4
239,U06,11,10.7
239,U06,12,10.9
240,U06,1,9.3
240,U06,2,8.9
240,U06,3,8.8
240,U06,4,8.6
240,U06,5,7.6
240,U06,6,7.5
240,U06,7,8.5
240,U06,8,8.7
240,U06,9,8.6
240,U06,10,7.4
240,U06,11,8.3
240,U06,12,8.3
241,U06,1,10.6
241,U06,2,10.6
241,U06,3,10.3
241,U06,4,9.5
241,U06,5,10.1
241,U06,6,9.6
241,U06,7,9.5
241,U06,8,9.1
241,U06,9,10.3
241,U06,10,9.9
241,U06,11,9.1
241,U06,12,9.7
242,U06,1,11.8
242,U06,2,12.6
242,U06,3,10.9
242,U06,4,11
242,U06,5,11.1
242,U06,6,11.6
242,U06,7,11.6
242,U06,8,11.7
242,U06,9,12.4
242,U06,10,12.4
242,U06,11,12.1
242,U06,12,12.2
243,U06,1,11.2
243,U06,2,10.6
243,U06,3,11.3
243,U06,4,10.9
243,U06,5,11
244,U06,1,11.5
244,U06,2,12.6
244,U06,3,12.1
244,U06,4,12.6
244,U06,5,12.6
244,U06,6,12
244,U06,7,11.3
244,U06,8,11.3
244,U06,9,13
244,U06,10,12.3
244,U06,11,12.5
244,U06,12,12.6
245,U06,1,10.3
245,U06,2,10.2
245,U06,3,10.6
245,U06,4,10.5
245,U06,5,12
245,U06,6,11.6
245,U06,7,11.5
245,U06,8,11
245,U06,10,11.5
245,U06,11,12.2
245,U06,12,11.8
246,U06,1,9.9
246,U06,2,10.8
246,U06,3,11.5
246,U06,4,11.2
246,U06,5,11.2
246,U06,6,11.1
246,U06,7,10.5
246,U06,8,11
246,U06,9,11
246,U06,10,10.9
246,U06,11,11.2
246,U06,12,11.4
247,U06,1,10.1
247,U06,2,9.4
247,U06,3,9.9
247,U06,4,10.4
247,U06,5,10.1
247,U06,6,10.3
247,U06,7,10.8
247,U06,8,10.4
247,U06,9,10.5
247,U06,10,9.1
247,U06,11,9.6
247,U06,12,10
248,U06,1,11.2
248,U06,2,10
248,U06,3,10.9
248,U06,4,11.1
248,U06,5,11.4
248,U06,7,10.3
248,U06,8,10
248,U06,9,10.5
248,U06,11,9.8
248,U06,12,10.7
249,U06,1,12.1
249,U06,2,11.4
249,U06,4,10.3
249,U06,5,10.2
249,U06,6,10.2
249,U06,7,9.4
249,U06,8,9.3
249,U06,9,11.2
249,U06,10,11
249,U06,11,10.7
249,U06,12,11.1
250,U06,1,9.1
250,U06,2,9.5
250,U06,3,10
250,U06,4,8.9
250,U06,5,9
250,U06,6,9.2
250,U06,7,9.6
250,U06,8,9.8
250,U06,9,8.7
250,U06,10,8.8
250,U06,11,8.3
250,U06,12,9.2
251,U06,1,10.4
251,U06,2,10.6
251,U06,3,11.2
251,U06,4,10.5
251,U06,5,9.6
251,U06,6,10
251,U06,7,10.6
251,U06,8,10.6
251,U06,9,11.5
251,U06,10,10.7
251,U06,11,11.1
251,U06,12,10
252,U06,1,10.3
252,U06,2,9.4
252,U06,3,10.2
252,U06,4,9.7
252,U06,5,10.3
252,U06,7,9.1
252,U06,8,10.3
252,U06,9,10
252,U06,10,9.8
252,U06,11,10.1
252,U06,12,11.9
253,U06,1,8.3
253,U06,2,8
253,U06,3,8.2
253,U06,5,9.7
253,U06,6,9.1
253,U06,7,9
253,U06,8,10.2
253,U06,9,9.2
253,U06,10,7.5
253,U06,11,7.9
253,U06,12,8.6
254,U06,1,11.9
254,U06,2,11.7
254,U06,3,10.4
254,U06,4,10.2
254,U06,5,10.6
254,U06,6,10.7
254,U06,7,10.8
254,U06,8,10.8
254,U06,9,10.6
254,U06,10,10
254,U06,11,10
254,U06,12,10.6
255,U06,1,11.1
255,U06,2,11.2
255,U06,3,11.1
255,U06,4,11.9
255,U06,5,11.5
255,U06,6,10.2
255,U06,7,9.2
255,U06,8,9.4
255,U06,9,10.5
255,U06,10,9.8
255,U06,11,10.7
255,U06,12,10.1
256,U06,1,10.6
256,U06,2,9.4
256,U06,3,9.6
256,U06,4,10
256,U06,5,10.1
256,U06,6,11.5
256,U06,7,11.2
256,U06,8,11.2
256,U06,9,9.2
256,U06,10,9.2
256,U06,11,10.4
256,U06,12,10
257,U06,1,13.1
257,U06,2,12.1
257,U06,3,12
257,U06,4,11.9
257,U06,5,11.2
257,U06,6,12.2
257,U06,7,12.3
257,U06,8,11.6
257,U06,9,11.7
257,U06,10,12.8
257,U06,11,12.6
257,U06,12,12.5
258,U06,1,9.7
258,U06,2,9.6
258,U06,3,10
258,U06,4,9.8
258,U06,5,11.2
258,U06,6,10.4
258,U06,7,9.8
258,U06,8,9.7
258,U06,9,10.2
258,U06,10,9.2
258,U06,11,9.4
258,U06,12,9.1
259,U07,1,11.9
259,U07,2,11.8
259,U07,3,12.2
259,U07,4,11.8
259,U07,5,11.9
259,U07,6,10.7
259,U07,7,11.1
259,U07,8,11.7
259,U07,10,10.7
259,U07,11,11.4
259,U07,12,11.9
260,U07,1,10.4
260,U07,2,10.8
260,U07,3,11.4
260,U07,4,11.5
260,U07,5,10.8
260,U07,6,11.5
260,U07,7,12.2
260,U07,8,12.2
260,U07,9,11.9
260,U07,10,11.7
260,U07,11,12.3
260,U07,12,11.7
261,U07,1,9.8
261,U07,2,10.3
261,U07,4,9.8
261,U07,5,9.8
261,U07,6,10.2
261,U07,7,8.5
261,U07,8,8.8
261,U07,9,9.4
261,U07,10,8.5
261,U07,11,7.2
261,U07,12,8.8
262,U07,1,11
262,U07,2,11.2
262,U07,4,11.1
262,U07,5,11.4
262,U07,6,11.6
262,U07,7,11
262,U07,8,10
262,U07,9,9.8
262,U07,10,9.6
262,U07,11,9.8
262,U07,12,10.5
263,U07,1,10
263,U07,2,10.7
263,U07,3,10.4
263,U07,4,9.3
263,U07,5,10.2
263,U07,6,9.5
263,U07,7,9.8
263,U07,8,9.7
263,U07,9,9.5
263,U07,10,10.3
263,U07,11,9.9
264,U07,1,9.7
264,U07,2,10.3
264,U07,3,11.2
264,U07,4,9.7
264,U07,5,10.6
264,U07,6,10.4
264,U07,7,10.2
264,U07,8,10.7
264,U07,9,10.3
264,U07,10,10.5
264,U07,12,10.7
265,U07,1,12
265,U07,2,11.8
265,U07,3,11.9
265,U07,4,12.2
265,U07,5,12.3
265,U07,6,12.4
265,U07,7,11.7
265,U07,8,12
265,U07,9,12.2
265,U07,10,12.1
265,U07,11,12.1
265,U07,12,12.5
266,U07,1,11.5
266,U07,2,11.8
266,U07,3,11.9
266,U07,4,12.8
266,U07,5,11.3
266,U07,6,11.2
266,U07,7,11.3
266,U07,8,12.2
266,U07,9,12.7
266,U07,10,11.5
266,U07,11,11.1
266,U07,12,11.2
267,U07,1,11.7
267,U07,2,11.1
267,U07,3,11.3
267,U07,4,11.4
267,U07,5,11.7
267,U07,6,10.7
267,U07,7,10.6
267,U07,8,9.7
267,U07,9,10.8
267,U07,10,10.6
267,U07,11,11.2
267,U07,12,12
268,U07,1,12.3
268,U07,2,11.3
268,U07,3,11.2
268,U07,4,11.2
268,U07,5,12.1
268,U07,6,12.2
268,U07,7,12.8
268,U07,8,12.6
268,U07,9,12.3
268,U07,10,11.5
268,U07,11,11.1
268,U07,12,12
269,U07,1,12.7
269,U07,2,12.6
269,U07,3,12.5
269,U07,4,13.2
269,U07,5,12.8
269,U07,6,12.5
269,U07,7,12.7
269,U07,8,13.5
269,U07,9,13.7
269,U07,10,11.8
269,U07,11,11.5
269,U07,12,12.5
270,U07,1,9.2
270,U07,2,9.7
270,U07,3,9.4
270,U07,4,9.8
270,U07,5,9.1
270,U07,6,9.7
270,U07,7,10.4
270,U07,8,11.1
270,U07,9,10.1
270,U07,10,10.4
270,U07,11,10.2
270,U07,12,10.4
271,U07,1,10.7
271,U07,2,11.1
271,U07,3,10.1
271,U07,4,10.1
271,U07,5,11.5
271,U07,6,11.8
271,U07,7,11.4
271,U07,8,11.6
271,U07,9,11
271,U07,10,11.7
271,U07,11,10.8
271,U07,12,10.8
272,U07,1,11.2
272,U07,2,10.6
272,U07,3,10.6
272,U07,4,10.7
272,U07,5,10.2
272,U07,6,11.4
272,U07,7,10
272,U07,8,10.5
272,U07,9,11
272,U07,10,11
272,U07,11,11.5
272,U07,12,11.8
273,U07,1,9.7
273,U07,2,9.9
273,U07,3,9.8
273,U07,4,10.3
273,U07,5,10
273,U07,6,9.7
273,U07,7,9.2
273,U07,8,8.8
273,U07,9,8.3
273,U07,10,8.4
273,U07,11,9.2
273,U07,12,9.9
274,U07,1,10.4
274,U07,2,10.8
274,U07,3,9.7
274,U07,4,11
274,U07,5,11.3
274,U07,6,10.4
274,U07,7,11
274,U07,8,10.9
274,U07,9,11.1
274,U07,10,11.1
274,U07,11,12.1
274,U07,12,10.6
275,U07,1,9.1
275,U07,2,9.5
275,U07,3,9.5
275,U07,4,10.1
275,U07,5,10.6
275,U07,6,10.2
275,U07,7,10.4
275,U07,8,10.4
275,U07,9,9.3
275,U07,10,9.9
275,U07,11,9.7
276,U07,1,9.8
276,U07,2,10.4
276,U07,3,10.3
276,U07,4,10.1
276,U07,6,10.4
276,U07,7,10.6
276,U07,8,11.3
276,U07,9,10.9
276,U07,10,11
276,U07,11,10.4
276,U07,12,11.1
277,U07,1,10.3
277,U07,3,8.8
277,U07,4,9.6
277,U07,5,10
277,U07,6,9.6
277,U07,7,9
277,U07,8,10.1
277,U07,9,10
277,U07,10,9.6
277,U07,11,10
277,U07,12,9.8
278,U07,1,10.6
278,U07,2,11.3
278,U07,3,10.7
278,U07,4,10
278,U07,5,9.9
278,U07,6,10.1
278,U07,7,10.1
278,U07,8,10
278,U07,9,9.9
278,U07,10,9.5
278,U07,11,9.3
278,U07,12,9.8
279,U07,1,11.6
279,U07,2,12.1
279,U07,3,11.7
279,U07,4,10.9
279,U07,5,11
279,U07,6,11.5
279,U07,7,10.2
279,U07,8,11.1
279,U07,9,11.2
279,U07,10,11.2
279,U07,11,11.9
279,U07,12,10.5
280,U07,1,9.2
280,U07,2,8.4
280,U07,3,8.6
280,U07,4,9.1
280,U07,5,9.2
280,U07,6,9.2
280,U07,7,9.9
280,U07,8,9.6
280,U07,9,10.2
280,U07,10,10.1
280,U07,11,9.4
280,U07,12,9.1
281,U07,1,10.9
281,U07,2,11.3
281,U07,3,11.6
281,U07,4,10.6
281,U07,5,10.9
281,U07,6,10.6
281,U07,7,10.5
281,U07,8,11.9
281,U07,9,11
281,U07,10,11.4
281,U07,11,10.7
281,U07,12,12
282,U07,1,11.3
282,U07,2,12.1
282,U07,3,11.1
282,U07,4,9.8
282,U07,5,10.6
282,U07,6,11.6
282,U07,7,10.5
282,U07,8,10.5
282,U07,9,10.5
282,U07,10,9.5
282,U07,11,9.5
282,U07,12,9.9
283,U07,1,8.8
283,U07,2,9.7
283,U07,3,9.2
283,U07,4,9.6
283,U07,5,9
283,U07,6,10
283,U07,7,10.4
283,U07,8,9.5
283,U07,9,8.9
283,U07,10,8.9
283,U07,11,9
283,U07,12,9
284,U07,1,12.5
284,U07,2,12.8
284,U07,3,13.5
284,U07,4,11.8
284,U07,5,12
284,U07,6,12.7
284,U07,7,11.4
284,U07,8,10.7
284,U07,9,11.1
284,U07,10,11.3
284,U07,11,10.3
284,U07,12,10.2
285,U07,1,9.5
285,U07,2,10.9
285,U07,3,10.5
285,U07,4,11.2
285,U07,5,11.6
285,U07,6,10.9
285,U07,7,11.4
285,U07,8,10.9
285,U07,9,10.9
285,U07,10,11.3
285,U07,12,11.1
286,U07,1,11.9
286,U07,2,11
286,U07,3,11.6
286,U07,4,11.9
286,U07,5,12.2
286,U07,6,11.3
286,U07,7,11.4
286,U07,8,10.1
286,U07,9,10.2
286,U07,10,11.1
286,U07,11,10.6
286,U07,12,10.8
287,U07,1,8.7
287,U07,2,9.1
287,U07,3,9.2
287,U07,4,8.1
287,U07,5,8.9
287,U07,6,9.6
287,U07,7,10
287,U07,8,10
287,U07,9,9.6
287,U07,10,9.7
287,U07,11,8.8
287,U07,12,8.5
288,U07,2,11.6
288,U07,3,11.6
288,U07,4,11.1
288,U07,5,11.1
288,U07,6,10.9
288,U07,7,11.3
288,U07,8,11.6
288,U07,9,12
288,U07,10,11.5
288,U07,11,11.6
288,U07,12,11.5
289,U07,1,9.9
289,U07,2,10.2
289,U07,3,9.9
289,U07,4,9.6
289,U07,5,9.6
289,U07,6,9.6
289,U07,7,10.5
289,U07,8,8.9
289,U07,9,9.2
289,U07,10,10
289,U07,11,9.7
289,U07,12,9.4
290,U07,1,9.9
290,U07,2,9.5
290,U07,3,10.3
290,U07,4,9.8
290,U07,5,10.4
290,U07,6,9.8
290,U07,7,10.4
290,U07,8,10.2
290,U07,9,10.4
290,U07,10,10.8
290,U07,11,11.7
290,U07,12,11.3
291,U07,1,10.3
291,U07,2,9.6
291,U07,4,10.4
291,U07,5,10.3
291,U07,6,10.5
291,U07,7,9.6
291,U07,8,9.7
291,U07,9,9.5
291,U07,10,10
291,U07,11,10.1
291,U07,12,10
292,U07,1,9.3
292,U07,2,9.5
292,U07,3,9.3
292,U07,4,9.1
292,U07,5,9.6
292,U07,6,10.4
292,U07,7,10.4
292,U07,8,8.4
292,U07,9,9
292,U07,10,9.5
292,U07,11,9.1
292,U07,12,8.7
293,U07,1,11.9
293,U07,2,10.5
293,U07,3,10.6
293,U07,4,12.4
293,U07,5,12.3
293,U07,6,11.9
293,U07,7,12.5
293,U07,8,12
293,U07,9,12.6
293,U07,10,11.6
293,U07,11,11.2
293,U07,12,11.1
294,U07,1,9.3
294,U07,2,9.9
294,U07,3,10.5
294,U07,4,10.6
294,U07,5,10.6
294,U07,6,10.3
294,U07,7,10
294,U07,9,9.7
294,U07,10,9
294,U07,11,9.2
294,U07,12,8.3
295,U07,1,9.5
295,U07,2,9.8
295,U07,4,10.4
295,U07,5,9.8
295,U07,6,9.8
295,U07,7,10.9
295,U07,8,10.6
295,U07,9,10.2
295,U07,10,10.3
295,U07,11,11.2
295,U07,12,10.6
296,U07,1,12.1
296,U07,2,13
296,U07,3,13.5
296,U07,4,12.9
296,U07,5,12.7
296,U07,6,12.6
296,U07,7,12.7
296,U07,8,12.1
296,U07,9,12.3
296,U07,10,13.1
296,U07,12,12
297,U07,1,10.6
297,U07,3,10.8
297,U07,4,12
297,U07,5,11.4
297,U07,6,11.7
297,U07,7,12
297,U07,8,10.4
297,U07,9,10.5
297,U07,10,10.6
297,U07,11,10.3
297,U07,12,10.8
298,U07,1,10.2
298,U07,2,9.8
298,U07,3,9.1
298,U07,4,9.5
298,U07,5,9.5
298,U07,6,8.9
298,U07,7,8.4
298,U07,8,8.3
298,U07,9,7.9
298,U07,11,8.3
298,U07,12,9.9
299,U07,1,12.1
299,U07,2,11.8
299,U07,3,12
299,U07,4,10.8
299,U07,5,11.2
299,U07,6,11.3
299,U07,7,11
299,U07,8,12
299,U07,9,12.1
299,U07,10,11.8
299,U07,11,11.6
299,U07,12,11.3
300,U08,1,12.1
300,U08,2,11.5
300,U08,3,11
300,U08,4,11
300,U08,5,11.4
300,U08,6,10.2
300,U08,7,11.4
300,U08,8,10.9
300,U08,9,11.7
300,U08,10,12.1
300,U08,11,12.4
300,U08,12,11.1
301,U08,1,10.4
301,U08,2,10.3
301,U08,3,8.7
301,U08,4,9.9
301,U08,5,9.8
301,U08,6,9.3
301,U08,7,8.3
301,U08,8,9
301,U08,9,9.4
301,U08,10,9.5
301,U08,11,10.3
301,U08,12,11.3
302,U08,1,9.9
302,U08,2,10.4
302,U08,3,10.3
302,U08,4,9.9
302,U08,5,9.2
302,U08,6,10.2
302,U08,7,10.8
302,U08,8,9.8
302,U08,9,8
302,U08,10,9.5
302,U08,11,11.1
302,U08,12,9.6
303,U08,1,9.4
303,U08,2,8.7
303,U08,3,9
303,U08,4,9.1
303,U08,5,9.5
303,U08,6,9.1
303,U08,7,9.7
303,U08,8,9.7
303,U08,9,9.2
303,U08,10,9
303,U08,11,9.7
303,U08,12,7.9
304,U08,1,10.8
304,U08,2,11.1
304,U08,3,10.5
304,U08,4,10
304,U08,6,9.1
304,U08,7,9.4
304,U08,8,9.8
304,U08,9,9.8
304,U08,10,10.2
304,U08,11,10.6
304,U08,12,10.3
305,U08,1,13.5
305,U08,2,12.6
305,U08,3,14.2
305,U08,4,13.2
305,U08,5,13.4
305,U08,7,12.8
305,U08,8,13.8
305,U08,9,13.2
305,U08,10,13
305,U08,11,12.4
305,U08,12,13.7
306,U08,1,10.5
306,U08,2,10.6
306,U08,3,10.8
306,U08,4,9.9
306,U08,5,9.6
306,U08,6,10
306,U08,7,10.5
306,U08,8,10.4
306,U08,9,10.4
306,U08,10,10.1
306,U08,11,10.9
306,U08,12,10.8
307,U08,1,11
307,U08,2,11.1
307,U08,3,11.2
307,U08,4,10.8
307,U08,5,11.5
307,U08,6,11.4
307,U08,7,10.3
307,U08,8,11.7
307,U08,9,12.2
307,U08,10,11.8
307,U08,11,12
307,U08,12,11.7
308,U08,1,9.8
308,U08,2,9.5
308,U08,4,9
308,U08,5,9.3
308,U08,6,10.1
308,U08,7,9.6
308,U08,9,10.4
308,U08,10,10.1
308,U08,11,10.3
308,U08,12,10.3
309,U08,1,11.4
309,U08,2,10.8
309,U08,3,9.1
309,U08,4,9.8
309,U08,5,10.6
309,U08,6,10.3
309,U08,7,11.9
309,U08,8,11.7
310,U08,1,9.7
310,U08,2,9.6
310,U08,3,10.5
310,U08,4,10.7
310,U08,5,10.4
310,U08,6,10.9
310,U08,7,10.7
310,U08,8,10.4
310,U08,9,11.3
310,U08,10,11.2
310,U08,11,11.1
310,U08,12,11.7
311,U08,1,10.8
311,U08,2,9.4
311,U08,3,9.6
311,U08,4,9.4
311,U08,5,8.5
311,U08,6,8.4
311,U08,7,8.1
311,U08,8,8.4
311,U08,9,9.3
311,U08,10,9
311,U08,11,8.9
311,U08,12,9.3
312,U08,1,10.7
312,U08,2,11.3
312,U08,3,10.3
312,U08,4,10.2
312,U08,5,10.7
312,U08,6,11.3
312,U08,7,11
312,U08,8,10.5
312,U08,9,10.3
312,U08,10,11.5
312,U08,11,11.4
312,U08,12,11.2
313,U08,2,11.2
313,U08,3,10.6
313,U08,4,10.2
313,U08,5,11
313,U08,6,11
313,U08,7,11.3
313,U08,8,10.8
313,U08,9,10.8
313,U08,10,10.6
313,U08,11,11
313,U08,12,11.3
314,U08,1,12.3
314,U08,2,12.6
314,U08,3,11.6
314,U08,4,11.2
314,U08,6,11
314,U08,7,10.8
314,U08,8,10.7
314,U08,9,10
314,U08,10,10.5
314,U08,11,11.5
314,U08,12,10.3
315,U08,1,8.4
315,U08,2,8.7
315,U08,3,8.2
315,U08,4,8.9
315,U08,5,10
315,U08,6,9.7
315,U08,7,9.3
315,U08,8,9.7
315,U08,9,9.7
315,U08,10,10
315,U08,11,9.6
315,U08,12,10
316,U08,1,7.7
316,U08,2,7.3
316,U08,3,8.4
316,U08,4,9
316,U08,5,7.5
316,U08,6,7.4
316,U08,7,7.9
316,U08,8,8.4
316,U08,9,8.6
316,U08,10,8.4
316,U08,11,8.5
316,U08,12,9.4
317,U08,1,11
317,U08,3,10.2
317,U08,4,10.4
317,U08,5,9.9
317,U08,6,9.4
317,U08,7,9.1
317,U08,8,9.7
317,U08,9,9.4
317,U08,10,9.1
317,U08,12,9.8
318,U08,1,13.2
318,U08,2,12.7
318,U08,3,12.7
318,U08,4,12.6
318,U08,5,13.6
318,U08,6,13.3
318,U08,7,13
318,U08,8,12.6
318,U08,9,12.9
318,U08,10,12.8
318,U08,11,12.1
319,U08,1,11.8
319,U08,2,10.8
319,U08,3,11.2
319,U08,4,11.2
319,U08,5,10.3
319,U08,6,10
319,U08,7,10.1
319,U08,8,11
319,U08,9,12
319,U08,10,10.6
319,U08,11,10.6
319,U08,12,11.9
320,U08,1,10.6
320,U08,2,10
320,U08,3,10.8
320,U08,4,10.8
320,U08,5,10.2
320,U08,6,11
320,U08,7,11.3
320,U08,8,11
320,U08,9,10
320,U08,10,9.2
320,U08,11,8.8
321,U08,1,10.1
321,U08,2,10.4
321,U08,3,9.9
321,U08,4,9.6
321,U08,5,9.8
321,U08,6,10.4
321,U08,7,9.6
321,U08,8,10.1
321,U08,9,9.9
321,U08,10,10.1
321,U08,11,10.2
321,U08,12,10.7
322,U08,1,11.6
322,U08,2,12
322,U08,3,11.4
322,U08,4,13.1
322,U08,5,12.9
322,U08,6,12.9
322,U08,7,12.8
322,U08,8,12.3
322,U08,9,12.2
322,U08,10,12.6
322,U08,11,12
322,U08,12,12
323,U08,1,11.6
323,U08,2,12.1
323,U08,3,11.7
323,U08,4,12.2
323,U08,5,12.5
323,U08,6,12.4
323,U08,7,12.2
323,U08,8,11.8
323,U08,9,12.6
323,U08,10,11.8
323,U08,11,12.1
323,U08,12,12.6
324,U08,1,9.2
324,U08,2,9.6
324,U08,3,10.1
324,U08,4,9.1
324,U08,5,8.8
324,U08,6,8.2
324,U08,7,8
324,U08,8,9
324,U08,9,9.1
324,U08,10,9.1
324,U08,11,8.3
324,U08,12,8.1
325,U08,1,11.3
325,U08,3,10.5
325,U08,4,11.1
325,U08,5,10.1
325,U08,6,10.1
325,U08,7,11
325,U08,8,11.6
325,U08,9,10.8
325,U08,10,10.6
325,U08,11,10.5
325,U08,12,11.3
326,U08,1,13.2
326,U08,2,13.2
326,U08,4,12
326,U08,5,13
326,U08,6,13.1
326,U08,7,12.3
326,U08,8,12.2
326,U08,9,12.8
326,U08,10,12.9
326,U08,11,12.7
326,U08,12,13.5
327,U08,1,9.1
327,U08,2,8.7
327,U08,3,9
327,U08,4,9.9
327,U08,5,9.9
327,U08,6,10.6
327,U08,7,9.3
327,U08,8,9.4
327,U08,9,9.8
327,U08,10,10
327,U08,11,9.9
327,U08,12,10.2
328,U08,1,11.6
328,U08,2,10.7
328,U08,3,10.7
328,U08,4,11.3
328,U08,5,10.9
328,U08,6,10.4
328,U08,7,10.1
329,U09,1,10.5
329,U09,2,10
329,U09,3,10.5
329,U09,4,10.2
329,U09,5,10.5
329,U09,6,9.6
329,U09,7,10.1
329,U09,8,9.8
329,U09,9,10.3
329,U09,10,10.6
329,U09,11,10.6
329,U09,12,10.5
330,U09,1,11
330,U09,2,11.3
330,U09,3,10.8
330,U09,4,10.6
330,U09,5,11.6
330,U09,6,11.8
330,U09,7,11.2
330,U09,8,11.5
330,U09,9,11
330,U09,10,11.3
330,U09,11,11
330,U09,12,11.3
331,U09,1,10
331,U09,2,9.7
331,U09,3,9.4
331,U09,4,9.4
331,U09,5,9.7
331,U09,7,10.2
331,U09,8,10.7
331,U09,9,9.9
331,U09,10,11.2
331,U09,11,10.8
331,U09,12,10.6
332,U09,1,12.5
332,U09,2,12.8
332,U09,4,11.2
332,U09,6,10.8
332,U09,7,11.7
332,U09,8,11.8
332,U09,9,11.4
332,U09,10,11.5
332,U09,12,11.3
333,U09,1,10.2
333,U09,2,9.9
333,U09,3,9.7
333,U09,4,9.4
333,U09,5,9.1
333,U09,6,8.9
333,U09,7,9.1
333,U09,8,10.8
333,U09,9,10.7
333,U09,10,10
333,U09,11,9.9
333,U09,12,9.9
334,U09,1,10.8
334,U09,2,11.8
334,U09,3,10.5
334,U09,4,10.7
334,U09,5,11.5
334,U09,6,11.4
334,U09,7,12.1
334,U09,8,11.1
334,U09,9,10.6
334,U09,11,10.4
334,U09,12,10.7
335,U09,1,11.3
335,U09,2,11
335,U09,4,11.3
335,U09,5,10.8
335,U09,6,11.9
335,U09,7,11.1
335,U09,10,11.4
335,U09,11,11.9
335,U09,12,11.5
336,U09,1,8
336,U09,2,9
336,U09,3,9.9
336,U09,4,9.6
336,U09,5,10
336,U09,6,9.5
336,U09,7,9.4
336,U09,8,8.1
336,U09,9,9.4
336,U09,10,8.5
336,U09,11,8.8
336,U09,12,10.3
337,U09,1,10.2
337,U09,2,10.8
337,U09,3,11.2
337,U09,4,11
337,U09,6,10.3
337,U09,7,11.2
337,U09,8,11.1
337,U09,9,11.4
337,U09,10,11.2
337,U09,11,11.8
337,U09,12,12.4
338,U09,1,8
338,U09,2,8.2
338,U09,3,8.7
338,U09,5,7.9
338,U09,6,7.7
338,U09,7,7.4
338,U09,8,8.4
338,U09,9,8.3
338,U09,10,8.2
338,U09,12,8.1
339,U09,1,10.8
339,U09,2,12.4
339,U09,3,10.3
339,U09,4,10
339,U09,5,9.9
339,U09,6,9.5
339,U09,7,10
339,U09,8,9.6
339,U09,9,10.6
339,U09,10,10
339,U09,11,9.7
339,U09,12,9.8
340,U09,2,11.4
340,U09,3,11.2
340,U09,4,11.6
340,U09,5,12.6
340,U09,6,12.9
340,U09,7,12.1
340,U09,8,12.1
340,U09,9,11.8
340,U09,10,12.3
340,U09,11,11.8
340,U09,12,12.2
341,U09,1,13.6
341,U09,2,12.3
341,U09,3,11.8
341,U09,4,11.1
341,U09,5,12.2
341,U09,6,12.3
341,U09,7,11.5
341,U09,8,12.8
341,U09,9,12.9
341,U09,10,12.3
341,U09,11,12.8
341,U09,12,12.2
342,U09,1,9.2
342,U09,2,9.3
342,U09,3,9.9
342,U09,4,10.8
342,U09,5,10.8
342,U09,6,10.2
342,U09,7,11
342,U09,8,10.7
342,U09,9,10.7
342,U09,10,11.4
342,U09,11,11.4
342,U09,12,12
343,U09,1,10.5
343,U09,2,10.7
343,U09,3,11.8
343,U09,4,10
343,U09,5,10.5
343,U09,6,10.7
343,U09,7,10.5
343,U09,8,11
343,U09,9,10.5
343,U09,10,11.7
343,U09,11,10.8
343,U09,12,11.7
344,U09,1,10
344,U09,2,10.5
344,U09,3,10.3
344,U09,4,11
344,U09,5,10.1
344,U09,6,9.9
344,U09,7,10.3
344,U09,8,9.7
344,U09,9,9.2
344,U09,10,9.4
344,U09,11,10.6
344,U09,12,9.8
345,U09,1,10.6
345,U09,2,10.7
345,U09,3,11
345,U09,4,11.3
345,U09,5,11.1
345,U09,6,11
345,U09,7,11.2
345,U09,8,10.6
345,U09,9,12.3
345,U09,10,11.9
345,U09,11,12.1
345,U09,12,11.8
346,U09,1,9.1
346,U09,2,8.6
346,U09,3,8.3
346,U09,4,7.9
346,U09,5,8.5
346,U09,6,8.4
346,U09,7,9.2
346,U09,8,8.9
346,U09,9,9.9
346,U09,10,9.2
346,U09,11,9.9
346,U09,12,8.1
347,U09,1,11.4
347,U09,2,11.3
347,U09,3,10.9
347,U09,4,11.3
347,U09,5,11.1
347,U09,6,10.8
347,U09,7,10.9
347,U09,8,9.6
347,U09,9,9.2
347,U09,10,9.7
347,U09,11,10.2
347,U09,12,11.7
348,U09,1,9.2
348,U09,2,9.3
348,U09,3,9.3
348,U09,4,8.6
348,U09,5,9.4
348,U09,6,9.1
348,U09,8,8.7
348,U09,9,9
348,U09,10,10.4
348,U09,11,9.1
348,U09,12,9
349,U09,1,10.2
349,U09,2,10.2
349,U09,3,10.4
349,U09,4,10.7
349,U09,5,10.4
349,U09,6,9.8
349,U09,8,10
349,U09,9,10.5
349,U09,10,8.7
349,U09,11,9.7
350,U09,1,12.6
350,U09,2,12.4
350,U09,3,12.6
350,U09,4,13.4
350,U09,5,13.1
350,U09,6,13.2
350,U09,7,12.3
350,U09,8,11.6
350,U09,9,12.6
350,U09,10,11.9
350,U09,11,12.6
350,U09,12,12.2
351,U09,1,10.4
351,U09,2,10.6
351,U09,4,9.9
351,U09,5,10.2
351,U09,6,10.3
351,U09,7,10.8
351,U09,8,9.6
351,U09,9,10.4
351,U09,10,10
351,U09,11,9.6
351,U09,12,8.8
352,U09,1,10.3
352,U09,2,10.8
352,U09,3,9.4
352,U09,5,10.8
352,U09,6,10.4
352,U09,7,10.5
352,U09,8,10.5
352,U09,9,11.2
352,U09,10,10
352,U09,11,9.8
352,U09,12,10.8
353,U09,1,10.6
353,U09,2,9.6
353,U09,4,8.4
353,U09,5,7.8
353,U09,6,8.5
353,U09,7,9.3
353,U09,8,9.5
353,U09,9,9.5
353,U09,10,8.4
353,U09,11,8.8
353,U09,12,8.9
354,U09,1,11.8
354,U09,2,11.7
354,U09,3,12
354,U09,4,12.2
354,U09,5,11.8
354,U09,6,11.6
354,U09,8,11.8
354,U09,9,11.8
354,U09,10,11.5
354,U09,11,11.8
354,U09,12,11
355,U09,2,8.3
355,U09,3,7.6
355,U09,4,7
355,U09,5,6.7
355,U09,6,8
355,U09,7,8.7
355,U09,8,9.9
355,U09,9,8.5
355,U09,10,8.7
355,U09,11,8.1
355,U09,12,9
356,U09,1,11.6
356,U09,2,11.3
356,U09,3,10.6
356,U09,4,10.5
356,U09,5,11.3
356,U09,6,11.2
356,U09,7,11.7
356,U09,8,12.5
356,U09,9,12.2
356,U09,10,12
356,U09,11,11.5
356,U09,12,11.8
357,U09,1,10.6
357,U09,2,11.3
357,U09,3,10.5
357,U09,4,10.3
357,U09,5,10.4
357,U09,6,9.9
357,U09,7,9.6
357,U09,8,9
357,U09,10,9.8
357,U09,11,10.5
357,U09,12,9.6
358,U09,1,10.3
358,U09,3,11
358,U09,4,11.5
358,U09,5,10.5
358,U09,6,10.8
358,U09,7,10.3
358,U09,9,11.9
358,U09,11,10.5
358,U09,12,11.6
359,U09,1,9.3
359,U09,2,9.4
359,U09,3,10.3
359,U09,4,9.9
359,U09,5,10.2
359,U09,6,9.7
359,U09,7,9.8
359,U09,8,9.4
359,U09,9,9.3
359,U09,10,11.3
360,U09,1,10.3
360,U09,2,9.6
360,U09,3,10.4
360,U09,4,10.4
360,U09,5,10
360,U09,6,10.6
360,U09,7,11
360,U09,8,10.6
360,U09,9,11.4
360,U09,10,10.3
360,U09,11,10.1
360,U09,12,10.2
361,U10,1,11.5
361,U10,2,11.1
361,U10,3,11.6
361,U10,4,12
361,U10,5,12
361,U10,6,12.2
362,U10,1,9.5
362,U10,2,10.5
362,U10,3,9.2
362,U10,4,8.8
362,U10,5,9.6
362,U10,6,8.9
362,U10,7,9.4
362,U10,8,9.7
362,U10,9,9.2
362,U10,10,7.6
362,U10,11,8.5
362,U10,12,8.9
363,U10,1,11.5
363,U10,2,11.5
363,U10,3,10.7
363,U10,4,11
363,U10,5,11.2
363,U10,6,10
363,U10,7,10.6
363,U10,8,10.6
363,U10,9,9.7
363,U10,10,10.7
364,U10,1,12.4
364,U10,2,12.6
364,U10,3,12.8
364,U10,4,12.1
364,U10,5,11.7
364,U10,6,12
364,U10,8,13.1
364,U10,9,12.6
364,U10,10,12.4
364,U10,11,13.3
364,U10,12,12.6
365,U10,1,9.8
365,U10,3,10.2
365,U10,4,10.6
365,U10,5,10.8
365,U10,6,10
365,U10,7,10.9
365,U10,8,10.3
365,U10,9,10.4
365,U10,10,9.8
365,U10,11,9.4
365,U10,12,8.7
366,U10,1,10.3
366,U10,2,11
366,U10,3,10.7
366,U10,4,10.7
366,U10,5,9.9
366,U10,6,10.5
366,U10,7,9.4
366,U10,8,9
366,U10,9,9
366,U10,11,10.1
366,U10,12,10.6
367,U10,1,9.9
367,U10,2,9.8
367,U10,3,10.2
367,U10,4,11.3
367,U10,5,11.2
367,U10,6,11.4
367,U10,7,10.3
367,U10,8,9.9
367,U10,9,9.1
367,U10,10,9.6
367,U10,11,9.3
367,U10,12,9.6
368,U10,1,12.9
368,U10,2,13.6
368,U10,3,13
368,U10,4,12.8
368,U10,5,13
368,U10,6,14.3
368,U10,8,13.7
368,U10,9,13.6
368,U10,10,12.9
368,U10,11,12.6
368,U10,12,14
369,U10,1,9.4
369,U10,2,9.7
369,U10,3,8.6
369,U10,4,9.4
369,U10,5,9.7
369,U10,6,9.3
369,U10,7,9.1
369,U10,8,10.2
369,U10,9,10.3
369,U10,10,10.3
369,U10,11,10.4
369,U10,12,10.3
370,U10,1,9.1
370,U10,2,9
370,U10,3,9.7
370,U10,4,9.8
370,U10,5,9.9
370,U10,6,8.8
370,U10,7,9.3
370,U10,8,9.5
370,U10,9,9.2
370,U10,10,8.6
370,U10,11,8.6
370,U10,12,9.4
371,U10,1,9.1
371,U10,2,10
371,U10,3,9.1
371,U10,4,8.5
371,U10,5,9.8
371,U10,6,9.6
371,U10,7,10.5
371,U10,8,9.5
371,U10,9,9.8
371,U10,10,9.3
371,U10,11,8.7
371,U10,12,8.3
372,U10,1,9.4
372,U10,2,9.5
372,U10,3,9.4
372,U10,4,8.8
372,U10,5,9
372,U10,6,8.3
372,U10,7,9.1
372,U10,8,10.1
372,U10,9,9.8
372,U10,10,9.6
372,U10,11,9.3
372,U10,12,9.6
373,U10,2,11
373,U10,3,11.4
373,U10,4,11.6
373,U10,5,10
373,U10,6,10.4
373,U10,7,10.2
373,U10,8,10.3
373,U10,9,10.9
373,U10,10,11.1
373,U10,11,11.6
373,U10,12,11.4
374,U10,1,9.8
374,U10,2,11
374,U10,3,9.4
374,U10,4,10.1
374,U10,5,9.6
374,U10,6,9.6
374,U10,7,9.7
374,U10,8,9.2
374,U10,9,8.7
374,U10,10,9.7
374,U10,11,9.9
374,U10,12,10.5
375,U10,1,11.9
375,U10,2,11.1
375,U10,3,11.5
375,U10,4,12.5
375,U10,5,13.1
375,U10,6,12.6
375,U10,7,12.2
375,U10,8,11.6
375,U10,9,11.8
375,U10,10,11.5
375,U10,11,12
375,U10,12,11.1
376,U10,1,8.9
376,U10,2,9.1
376,U10,3,8.6
376,U10,4,8.5
376,U10,5,8.7
376,U10,6,8.9
376,U10,7,9.3
376,U10,8,9.6
376,U10,9,9.6
376,U10,10,8.8
376,U10,11,9.3
376,U10,12,9
377,U10,1,10.3
377,U10,2,9.5
377,U10,3,10.6
377,U10,4,10.8
377,U10,5,10.7
377,U10,6,10.2
377,U10,7,9.6
377,U10,8,8.9
377,U10,9,9.3
377,U10,10,9.2
377,U10,12,9.7
378,U10,1,12
378,U10,2,11.6
378,U10,3,11
378,U10,4,11.4
378,U10,5,11.4
378,U10,6,12
378,U10,7,11.8
378,U10,8,11.7
378,U10,9,10.5
378,U10,10,10.9
378,U10,11,10.7
378,U10,12,11.5
379,U10,1,11.4
379,U10,2,10.8
379,U10,3,10.7
379,U10,4,11.4
379,U10,5,11.8
379,U10,6,11.7
379,U10,7,11.5
379,U10,8,12.8
379,U10,9,12.9
379,U10,10,11.7
379,U10,11,11.4
379,U10,12,10.4
380,U10,1,10.2
380,U10,2,10.8
380,U10,3,11
380,U10,4,10.1
380,U10,5,10
380,U10,6,10.3
380,U10,7,10.7
380,U10,8,10.1
380,U10,9,10.3
380,U10,10,10.4
380,U10,11,9.9
380,U10,12,10.8
381,U10,1,9.4
381,U10,2,10.4
381,U10,3,10.6
381,U10,4,11.2
381,U10,5,11.4
381,U10,6,11
381,U10,7,8.8
381,U10,8,9.4
381,U10,9,9.1
381,U10,11,9.7
381,U10,12,9.5
382,U10,1,9.8
382,U10,2,9.7
382,U10,3,10.8
382,U10,4,9.3
382,U10,5,9.3
382,U10,6,9.5
382,U10,7,9.5
382,U10,8,8.8
382,U10,9,8.3
382,U10,10,9.4
382,U10,11,9.6
382,U10,12,10.2
383,U10,1,10.8
383,U10,2,11.6
383,U10,3,11.4
383,U10,4,11.2
383,U10,5,10.9
383,U10,6,10.6
383,U10,7,10.6
383,U10,8,10.9
383,U10,9,10.9
383,U10,10,10.6
383,U10,11,11.1
383,U10,12,12.1
384,U10,1,7.7
384,U10,2,8.7
384,U10,4,8.8
384,U10,5,8.9
384,U10,7,9
384,U10,8,7.9
384,U10,9,8.9
384,U10,10,8.3
384,U10,11,8.7
384,U10,12,8.4
385,U10,1,9.5
385,U10,2,10.2
385,U10,3,9.7
385,U10,4,11.1
385,U10,5,11.5
385,U10,6,12.7
385,U10,7,11.7
385,U10,8,10.2
385,U10,9,10.9
385,U10,10,11.6
385,U10,11,10.6
386,U10,1,10.5
386,U10,2,9.6
386,U10,3,9.4
386,U10,4,9.2
386,U10,5,10.2
386,U10,6,10.6
386,U10,7,10.5
386,U10,8,9.3
386,U10,9,8.9
386,U10,10,10
386,U10,11,9.8
386,U10,12,9.9
387,U10,1,11.1
387,U10,2,11.3
387,U10,3,10.2
387,U10,4,9.9
387,U10,5,9.7
387,U10,6,10.3
387,U10,7,9.1
387,U10,8,9.9
387,U10,9,10.3
388,U10,1,12.3
388,U10,2,11.4
388,U10,3,12.4
388,U10,4,13
388,U10,5,12.5
388,U10,6,12.4
388,U10,7,11.3
388,U10,9,11.2
388,U10,10,10.1
388,U10,11,11.7
388,U10,12,11.6
389,U10,1,11
389,U10,2,10.8
389,U10,3,10.5
389,U10,4,10.4
389,U10,5,10.6
389,U10,6,9.6
389,U10,7,10.3
389,U10,8,10.5
389,U10,9,10.9
389,U10,10,11
389,U10,11,11.7
389,U10,12,11.7
390,U10,1,10.6
390,U10,2,11
390,U10,3,10.8
390,U10,4,10
390,U10,5,9.9
390,U10,6,10.7
390,U10,7,10.2
390,U10,8,9.7
390,U10,9,9.7
390,U10,10,10.5
390,U10,11,10.6
390,U10,12,10.6
391,U10,1,10
391,U10,2,10.2
391,U10,3,9.6
391,U10,4,8.7
391,U10,5,10
391,U10,6,8.8
391,U10,7,8.7
391,U10,9,7.5
391,U10,10,8.7
391,U10,11,8
391,U10,12,7.8
392,U10,1,9.3
392,U10,2,8.9
392,U10,3,9.1
392,U10,4,9.5
392,U10,5,8.9
392,U10,6,9.5
392,U10,7,9.3
392,U10,8,9.5
392,U10,9,10.4
392,U10,10,9.8
392,U10,11,8.9
392,U10,12,9.7
393,U10,1,9.5
393,U10,2,10.4
393,U10,3,10.5
393,U10,4,10.9
393,U10,5,10.3
393,U10,6,10.8
393,U10,7,10.7
393,U10,8,10.5
393,U10,9,10.7
393,U10,10,10.6
393,U10,11,11.4
393,U10,12,11.3
394,U10,1,9.9
394,U10,2,10.2
394,U10,3,9.8
394,U10,4,9.3
394,U10,5,8.9
394,U10,6,10.1
394,U10,7,10.1
394,U10,8,10.1
394,U10,9,10.1
394,U10,10,9.8
394,U10,11,9.5
394,U10,12,9.4
395,U10,1,11.3
395,U10,2,10.2
395,U10,3,9.5
395,U10,4,9.3
395,U10,5,11.3
395,U10,6,10.4
395,U10,7,10
395,U10,8,10.4
395,U10,9,10.8
395,U10,10,10.2
395,U10,11,10.8
395,U10,12,10.6
396,U10,1,10.2
396,U10,2,10.5
396,U10,3,10.9
396,U10,4,9.9
396,U10,5,9.5
396,U10,6,9.8
396,U10,7,10.4
396,U10,8,10.3
396,U10,9,10
396,U10,10,9.3
396,U10,11,10
396,U10,12,9.8
397,U10,1,10.3
397,U10,2,10.2
397,U10,3,10
397,U10,4,11
397,U10,5,9.6
397,U10,6,10.2
397,U10,7,11.3
397,U10,8,10.2
397,U10,10,9.8
397,U10,11,10.8
397,U10,12,10.5
398,U10,1,9.9
398,U10,2,11
398,U10,3,10.7
398,U10,4,10.3
398,U10,5,10.8
398,U10,6,10.1
398,U10,7,10.2
398,U10,8,9.8
398,U10,9,10.6
398,U10,10,10.5
398,U10,11,10.7
399,U10,1,12.8
399,U10,2,12.3
399,U10,3,12.6
399,U10,5,13
399,U10,6,12.6
399,U10,7,12
399,U10,8,12.4
399,U10,9,12.1
399,U10,10,12.5
399,U10,11,12.9
399,U10,12,12.5
400,U10,1,8.4
400,U10,2,7.1
400,U10,3,8.2
400,U10,4,8.9
400,U10,5,9.7
400,U10,6,10.2
400,U10,7,10.4
400,U10,8,10.8
400,U10,9,12
400,U10,10,10.1
400,U10,11,10.6
400,U10,12,9.1
401,U10,1,8.8
401,U10,2,10
401,U10,4,10.9
401,U10,5,11.1
401,U10,6,10.5
401,U10,7,10.4
401,U10,8,11.3
401,U10,9,10.3
401,U10,10,9.6
401,U10,11,10
401,U10,12,10.1
402,U10,1,10.1
402,U10,2,11.1
402,U10,3,10.3
402,U10,4,10.1
403,U10,1,10.2
403,U10,2,12
403,U10,3,10.4
403,U10,4,9.6
403,U10,5,9.7
403,U10,7,10.1
403,U10,8,10.6
403,U10,9,9.9
403,U10,10,9.3
403,U10,11,9.2
403,U10,12,9.5
404,U10,1,10.6
404,U10,2,9.6
404,U10,3,10.7
404,U10,4,11.1
404,U10,5,10.1
404,U10,6,10
404,U10,7,9.3
404,U10,9,10.8
404,U10,10,9.9
404,U10,11,10.8
404,U10,12,10.4
405,U10,1,10.7
405,U10,2,10.5
405,U10,3,11.3
405,U10,4,11.9
405,U10,5,11.6
405,U10,6,10.6
405,U10,7,10.1
405,U10,8,8.8
405,U10,9,8.3
406,U10,1,10.7
406,U10,2,11.1
406,U10,3,11.8
406,U10,4,12
406,U10,5,12
406,U10,6,11.4
406,U10,7,10.7
406,U10,8,11.5
406,U10,9,12.1
406,U10,10,11.4
406,U10,12,11.4
407,U10,1,11.4
407,U10,2,10.5
407,U10,3,10.4
407,U10,4,9.6
407,U10,5,9.7
407,U10,6,9.8
407,U10,7,10.1
407,U10,8,10.3
407,U10,9,10.4
407,U10,10,10
407,U10,11,10.2
407,U10,12,10.8
408,U10,1,9.8
408,U10,2,9.2
408,U10,3,8.1
408,U10,4,9.1
408,U10,5,8
408,U10,6,8.4
408,U10,7,8.9
408,U10,8,9.6
408,U10,9,8.4
408,U10,10,8.2
408,U10,11,8.8
408,U10,12,8.8
409,U10,1,11.5
409,U10,2,11.6
409,U10,3,11.5
409,U10,4,12.2
409,U10,5,12.6
409,U10,6,12.1
409,U10,7,12.3
409,U10,8,12.3
409,U10,9,11.6
409,U10,10,12.4
409,U10,12,12.6
410,U10,2,7.9
410,U10,3,8.1
410,U10,4,7
410,U10,5,7.7
410,U10,7,8.4
410,U10,8,9.5
410,U10,9,8.1
410,U10,10,8.2
410,U10,12,8.8
411,U10,1,9.8
411,U10,2,10.4
411,U10,3,10.8
411,U10,4,10.5
411,U10,5,10.9
411,U10,7,10.8
411,U10,8,10.3
411,U10,9,11.3
411,U10,10,10
411,U10,11,9.8
411,U10,12,10.1
412,U10,1,10.3
412,U10,2,11.3
412,U10,3,10.8
412,U10,4,10.5
412,U10,5,10.3
412,U10,6,10.8
412,U10,7,10.9
412,U10,8,11.6
412,U10,10,10.4
412,U10,11,11.1
412,U10,12,11
413,U10,1,11.3
413,U10,2,11.2
413,U10,3,11.4
413,U10,4,11.7
413,U10,5,11.8
413,U10,6,12.1
413,U10,7,12.2
413,U10,8,11.9
413,U10,9,11.2
413,U10,10,11.2
413,U10,11,10.7
413,U10,12,11
414,U10,1,9.3
414,U10,2,10
414,U10,3,9.9
414,U10,4,10.6
414,U10,5,9.8
414,U10,6,8.7
414,U10,7,8.8
414,U10,8,9.2
414,U10,9,10.8
414,U10,10,10.8
414,U10,11,10.6
414,U10,12,9.6
415,U10,1,8.6
415,U10,2,9.4
415,U10,3,8.7
415,U10,4,8.8
415,U10,5,8.5
415,U10,6,8.1
415,U10,7,7.3
415,U10,8,8.6
415,U10,9,10.1
415,U10,10,9.9
416,U10,1,11.2
416,U10,2,10.9
416,U10,3,11.9
416,U10,4,11.6
416,U10,5,11
416,U10,7,10.8
416,U10,8,10.1
416,U10,9,9.9
416,U10,10,10.4
416,U10,11,11
416,U10,12,12
417,U10,1,11.7
417,U10,2,11.5
417,U10,3,12.7
417,U10,4,12.2
417,U10,5,12.1
417,U10,6,11.9
417,U10,7,11.3
417,U10,8,12.8
417,U10,9,11.5
417,U10,10,11.5
417,U10,11,11.7
417,U10,12,11.3
418,U10,1,10.8
418,U10,2,10.2
418,U10,3,9.6
418,U10,6,9.7
418,U10,7,10.2
418,U10,8,10.2
418,U10,9,9.8
418,U10,10,9.8
418,U10,11,10
418,U10,12,9.6
419,U11,1,11.6
419,U11,2,11.5
419,U11,3,11.4
419,U11,4,10.6
419,U11,5,12.2
419,U11,6,12.3
419,U11,7,11.6
419,U11,8,11.4
419,U11,9,12.2
419,U11,10,11.9
419,U11,11,11.2
419,U11,12,11.6
420,U11,1,10.4
420,U11,2,10.3
420,U11,3,11.4
420,U11,4,11.7
420,U11,5,10.8
420,U11,6,10.8
420,U11,7,11.2
420,U11,8,11.3
420,U11,9,11.2
420,U11,10,11.3
420,U11,11,10.2
420,U11,12,11.1
421,U11,1,10.6
421,U11,2,11.4
421,U11,3,11.1
421,U11,4,11.8
421,U11,5,11.3
421,U11,6,11.4
421,U11,7,11.2
421,U11,8,11.2
421,U11,9,11.4
421,U11,10,11.5
421,U11,11,10.6
421,U11,12,11.3
422,U11,1,13
422,U11,2,13.9
422,U11,3,14.2
422,U11,4,13.8
422,U11,5,13.8
422,U11,6,14.3
422,U11,7,13.4
422,U11,8,13
422,U11,10,11.7
422,U11,11,11.7
422,U11,12,13.8
423,U11,1,13.4
423,U11,2,13.3
423,U11,3,12.9
423,U11,4,12.5
423,U11,5,13.2
423,U11,6,12.8
423,U11,7,13.7
423,U11,8,12.9
423,U11,9,11.9
423,U11,10,11.4
423,U11,11,11.3
423,U11,12,10.8
424,U11,1,8.5
424,U11,2,9.4
424,U11,3,9.3
424,U11,4,9.2
424,U11,5,8.9
424,U11,6,9.7
424,U11,7,9
424,U11,8,9.9
424,U11,9,9.9
424,U11,10,8.5
424,U11,11,9.4
424,U11,12,9.9
425,U11,1,10.8
425,U11,2,10.2
425,U11,3,10.6
425,U11,4,10.4
425,U11,5,11.3
425,U11,6,12.1
425,U11,7,11.6
425,U11,8,11.9
425,U11,9,12.2
425,U11,10,12.3
425,U11,11,11.9
425,U11,12,11
426,U11,1,12.4
426,U11,2,14.2
426,U11,4,13
426,U11,5,12.9
426,U11,6,12.8
426,U11,7,13
426,U11,8,13.1
426,U11,9,13
426,U11,10,13.6
426,U11,11,13.1
426,U11,12,12.8
427,U11,1,11.6
427,U11,2,11.5
427,U11,3,12.1
427,U11,4,11.9
427,U11,5,12.5
427,U11,6,13
427,U11,7,12.4
427,U11,8,12.7
427,U11,9,11.3
427,U11,10,11.6
427,U11,11,12.1
427,U11,12,12.4
428,U11,1,11.3
428,U11,2,11
428,U11,3,10.7
428,U11,4,11.1
428,U11,5,11.1
428,U11,6,10.9
428,U11,7,11.2
428,U11,8,11.2
428,U11,9,11.4
428,U11,10,12
428,U11,11,10.6
428,U11,12,9.8
429,U11,1,10.9
429,U11,2,11.3
429,U11,4,10
429,U11,5,11
429,U11,6,11.2
429,U11,7,11.1
429,U11,8,11.5
430,U11,1,12.2
430,U11,2,12.6
430,U11,3,12.4
430,U11,4,12.6
430,U11,5,12
430,U11,6,12.3
430,U11,7,12.1
430,U11,8,11.4
430,U11,9,11
431,U11,1,10.5
431,U11,2,10.5
431,U11,3,10.8
431,U11,4,11
431,U11,5,10.8
431,U11,6,9.8
431,U11,7,9.5
431,U11,8,10
431,U11,9,9.8
431,U11,10,10
431,U11,11,10.7
431,U11,12,9.8
432,U11,1,10.8
432,U11,2,11.6
432,U11,3,11.4
432,U11,4,11.9
432,U11,5,11.1
432,U11,6,10.8
432,U11,7,11.3
432,U11,8,11.4
432,U11,9,11.5
432,U11,10,10.1
432,U11,11,10.2
432,U11,12,11
433,U11,1,11.5
433,U11,2,11.7
433,U11,3,12.6
433,U11,4,11.9
433,U11,5,11.8
433,U11,6,10.5
433,U11,7,12
433,U11,8,12.5
433,U11,9,12.7
433,U11,10,11.3
433,U11,11,13
433,U11,12,12.3
434,U11,1,12.1
434,U11,3,11.3
434,U11,4,11
434,U11,5,12.1
434,U11,7,11.8
434,U11,8,11.3
434,U11,9,11.5
434,U11,10,12.2
434,U11,11,12.2
434,U11,12,12.5
435,U11,1,11.8
435,U11,2,10.2
435,U11,3,10.5
435,U11,4,10.2
435,U11,5,11.2
435,U11,6,10.9
435,U11,7,10.9
435,U11,8,10.7
435,U11,9,10.8
435,U11,10,9.4
435,U11,11,10.1
435,U11,12,10.7
436,U11,1,13.1
436,U11,2,11.7
436,U11,3,13
436,U11,4,12.4
436,U11,5,12
436,U11,6,11.4
436,U11,7,11.2
436,U11,8,12
436,U11,9,12.2
436,U11,10,13.3
436,U11,11,12.8
436,U11,12,13
437,U11,1,10.7
437,U11,2,10.6
437,U11,3,10.1
437,U11,4,11.6
437,U11,5,11.5
437,U11,6,11.1
437,U11,7,10.2
437,U11,8,10
437,U11,10,10.7
437,U11,11,11.5
437,U11,12,12.1
438,U11,1,10.5
438,U11,2,10.6
438,U11,3,10
438,U11,4,10.6
438,U11,5,10.4
438,U11,6,10.4
438,U11,7,10.5
438,U11,8,11
438,U11,9,11.1
438,U11,11,10
438,U11,12,10.2
439,U11,1,13.1
439,U11,2,11.7
439,U11,3,11.7
439,U11,4,11.8
439,U11,5,11.7
439,U11,6,12
439,U11,7,11.7
439,U11,8,12
439,U11,9,12.1
439,U11,10,12.9
439,U11,11,13.3
439,U11,12,12.6
440,U11,1,11.9
440,U11,2,12
440,U11,3,12.1
440,U11,4,12.6
440,U11,5,13.2
440,U11,6,12.7
440,U11,7,11.6
440,U11,8,12.3
440,U11,9,12.6
440,U11,10,12.2
440,U11,11,12.3
440,U11,12,12.6
441,U11,1,11.6
441,U11,2,11
441,U11,3,11.2
441,U11,4,11.7
441,U11,5,11.6
441,U11,6,11.2
441,U11,7,11.2
441,U11,8,11.9
441,U11,10,10.9
441,U11,11,11.3
441,U11,12,12.5
442,U11,1,12.2
442,U11,2,11.6
442,U11,3,11.1
442,U11,5,12
442,U11,6,12.4
442,U11,7,11.9
442,U11,8,11.7
442,U11,9,11.4
442,U11,10,10.7
442,U11,11,11.7
442,U11,12,11.8
443,U11,1,11.3
443,U11,2,11.7
443,U11,3,10.7
443,U11,4,10.9
443,U11,5,10.7
443,U11,6,11.1
443,U11,7,11.4
443,U11,8,11
443,U11,9,9.9
443,U11,10,10.5
443,U11,11,10.5
443,U11,12,9.9
444,U11,1,11.9
444,U11,2,12
444,U11,3,12
444,U11,4,11.9
444,U11,5,12.5
444,U11,6,12
444,U11,7,12.5
444,U11,8,13
444,U11,9,12.3
444,U11,10,12.6
444,U11,11,12.6
444,U11,12,12.2
445,U11,1,12.4
445,U11,2,12.3
445,U11,3,12.2
445,U11,4,11.2
445,U11,5,11.4
445,U11,6,10.8
445,U11,7,11.8
445,U11,9,12
445,U11,10,12.4
445,U11,11,11.6
446,U12,1,10.5
446,U12,2,10.5
446,U12,3,10.5
446,U12,4,10.1
446,U12,5,10.4
446,U12,6,10.4
447,U12,1,7.1
447,U12,2,6.9
447,U12,3,6.6
447,U12,5,8
447,U12,7,7.9
447,U12,8,7.6
447,U12,9,6.7
447,U12,10,7
447,U12,11,8.7
448,U12,1,8.8
448,U12,2,9.5
448,U12,4,9.4
448,U12,5,9.3
448,U12,6,7.9
448,U12,7,8.3
448,U12,8,9.1
448,U12,9,9.5
448,U12,10,10.3
448,U12,11,10.7
448,U12,12,8.9
449,U12,1,10.2
449,U12,2,9.9
449,U12,3,10.1
449,U12,4,10.3
449,U12,5,10.6
449,U12,6,10.4
449,U12,7,9.6
449,U12,8,10.2
449,U12,9,10.6
449,U12,10,10.8
449,U12,11,10.5
449,U12,12,11.1
450,U12,1,10.2
450,U12,3,10.4
450,U12,4,9.9
451,U12,1,9.7
451,U12,2,9.6
451,U12,3,9.3
451,U12,4,9.5
451,U12,5,9.1
451,U12,6,8.3
451,U12,8,9
451,U12,9,8.3
451,U12,10,9
451,U12,12,8.3
452,U12,1,12.1
452,U12,2,12.9
452,U12,3,12
452,U12,4,12.1
452,U12,5,12.2
452,U12,6,12.8
452,U12,7,13
452,U12,8,12
452,U12,9,12.6
452,U12,10,13.5
452,U12,12,12.6
453,U12,1,8.1
453,U12,2,8
453,U12,3,8.5
453,U12,5,9.8
453,U12,6,9.9
453,U12,7,9.4
453,U12,8,9.9
453,U12,9,9.9
453,U12,10,9.6
453,U12,11,10
453,U12,12,9.7
454,U12,1,8.7
454,U12,2,9.6
454,U12,3,9.3
454,U12,4,9.7
454,U12,5,8.6
454,U12,6,8
454,U12,7,8.3
454,U12,8,8.9
454,U12,9,8.8
454,U12,11,9.8
454,U12,12,9.3
455,U12,1,12.6
455,U12,2,12.8
455,U12,3,12.9
455,U12,4,11.8
455,U12,5,11.8
455,U12,6,11.6
455,U12,7,11.6
455,U12,8,11.8
455,U12,9,12.2
455,U12,10,12.8
455,U12,11,13.4
455,U12,12,12.8
456,U12,1,9.9
456,U12,2,10.6
456,U12,3,10.5
456,U12,5,9.6
456,U12,6,9.8
456,U12,7,9.2
456,U12,8,9.1
456,U12,9,9.1
456,U12,10,9.5
456,U12,11,9.1
456,U12,12,9.3
457,U12,1,10.9
457,U12,2,10.7
457,U12,3,10.4
457,U12,4,11.2
457,U12,5,11.1
457,U12,6,11
457,U12,7,10.8
457,U12,8,10.9
457,U12,9,11.3
457,U12,10,11.1
457,U12,11,10
457,U12,12,9.7
458,U12,1,11.4
458,U12,2,11.7
458,U12,3,12.7
458,U12,4,11.5
458,U12,5,11.9
458,U12,6,11.3
458,U12,7,11.6
458,U12,8,12.5
458,U12,10,10.8
458,U12,11,11.3
458,U12,12,11.6
459,U12,1,10.5
459,U12,2,11.6
459,U12,3,10.2
459,U12,4,9.6
459,U12,5,10.4
459,U12,6,9.8
459,U12,7,10.6
459,U12,8,9.9
459,U12,9,10.6
459,U12,10,10.3
459,U12,11,9.8
459,U12,12,10.4
460,U12,1,11.3
460,U12,2,11.3
460,U12,3,11.1
460,U12,4,11.3
460,U12,5,10.7
460,U12,6,10.6
460,U12,7,12.4
460,U12,8,11.9
460,U12,9,11.5
460,U12,10,12.1
460,U12,11,11.3
460,U12,12,11.4
461,U12,1,10.5
461,U12,2,10.5
461,U12,3,10.8
461,U12,4,10.7
461,U12,5,11.2
461,U12,6,11.4
461,U12,7,12.2
461,U12,8,11.5
461,U12,9,11.5
461,U12,10,11.6
461,U12,11,11.6
461,U12,12,12.1
462,U12,1,11.8
462,U12,2,10.5
462,U12,3,9.3
462,U12,4,9.5
462,U12,5,10.8
462,U12,6,10.9
462,U12,7,11.1
462,U12,8,10.5
462,U12,9,11.1
462,U12,10,10.8
462,U12,11,10.9
462,U12,12,9.7
463,U12,1,9.4
463,U12,2,9.1
463,U12,3,8.8
463,U12,4,9.1
463,U12,5,9.3
463,U12,6,9.1
463,U12,7,8.4
463,U12,8,9.2
463,U12,9,7.8
463,U12,10,8.8
463,U12,11,8.6
463,U12,12,8.5
464,U12,1,11.1
464,U12,2,11
464,U12,3,10.1
464,U12,4,10.4
464,U12,5,10.2
464,U12,6,10.8
464,U12,9,10.7
464,U12,10,11.2
464,U12,11,10.8
464,U12,12,11
465,U12,1,9.7
465,U12,2,9.5
465,U12,3,9.8
465,U12,4,9.5
465,U12,5,9.7
465,U12,6,9.2
465,U12,7,9.9
465,U12,8,9.8
465,U12,9,9.7
465,U12,10,8.7
465,U12,11,8.3
465,U12,12,8.7
466,U12,2,10.7
466,U12,3,10.6
466,U12,4,10.7
466,U12,5,10.6
466,U12,6,10
466,U12,7,10.1
466,U12,8,10.1
466,U12,9,10.3
466,U12,10,9.9
466,U12,11,9.9
466,U12,12,9
467,U12,1,10.7
467,U12,2,11
467,U12,3,10.6
467,U12,4,11.1
467,U12,5,9.7
467,U12,6,10
468,U12,1,10.9
468,U12,2,10.2
468,U12,3,10.3
468,U12,4,10.5
468,U12,5,10.5
468,U12,6,11.4
468,U12,7,10.1
468,U12,8,10.6
468,U12,9,10.7
468,U12,10,10.8
468,U12,11,10.9
468,U12,12,11
469,U12,1,11.6
469,U12,2,11.6
469,U12,3,12.6
469,U12,4,11.8
469,U12,5,10
469,U12,6,10.9
469,U12,7,10.1
470,U12,1,9.6
470,U12,3,9.6
470,U12,4,9.8
470,U12,5,10.1
470,U12,6,8.8
470,U12,7,8.5
470,U12,8,8.4
470,U12,9,8.6
470,U12,10,8.4
470,U12,11,9.2
470,U12,12,9.3
471,U12,1,9.6
471,U12,2,10
471,U12,3,10.3
471,U12,4,11.1
471,U12,6,10.4
471,U12,7,10.2
471,U12,8,10.3
471,U12,9,10.5
471,U12,10,10.6
471,U12,11,9.3
471,U12,12,10.5
472,U12,1,12.1
472,U12,2,11.5
472,U12,3,11.8
472,U12,4,12
472,U12,5,12.2
472,U12,6,12.2
472,U12,7,11.9
472,U12,8,12.1
472,U12,9,11.9
472,U12,10,12.2
472,U12,11,12.4
472,U12,12,13.1
473,U12,1,10.3
473,U12,2,9.5
473,U12,3,8.7
473,U12,4,9.6
473,U12,5,9.9
473,U12,6,11.1
473,U12,7,11.1
473,U12,8,11.4
473,U12,9,9.5
473,U12,10,9.7
473,U12,11,10.3
473,U12,12,10.3
474,U12,1,11.6
474,U12,2,11
474,U12,3,10.9
474,U12,4,11.6
474,U12,5,12
474,U12,6,11.7
474,U12,7,11.1
474,U12,8,11.8
474,U12,9,11.4
474,U12,10,10.9
474,U12,12,11.3
475,U12,1,10.3
475,U12,3,10.9
475,U12,4,11
475,U12,5,10.7
475,U12,6,11
475,U12,7,11.5
475,U12,8,11.5
475,U12,9,11.9
475,U12,10,11.3
475,U12,11,12.1
475,U12,12,11.8
476,U12,1,12.1
476,U12,2,13.5
476,U12,3,12.4
476,U12,4,13.4
476,U12,5,13.2
476,U12,6,12.3
476,U12,7,12.4
476,U12,8,12.3
476,U12,9,12.6
476,U12,10,12.6
476,U12,11,12.1
476,U12,12,13
477,U12,1,11.8
477,U12,2,12.5
477,U12,3,12.3
477,U12,4,11.5
477,U12,5,12
477,U12,6,12.2
477,U12,7,13.3
477,U12,8,12.9
477,U12,9,12.5
477,U12,11,12.5
477,U12,12,12.7
478,U12,1,10.9
478,U12,2,10.6
478,U12,3,9.6
478,U12,4,9.2
478,U12,5,9.3
478,U12,6,9.5
478,U12,7,9.6
478,U12,8,10.6
478,U12,9,11
478,U12,10,10.1
478,U12,11,9.7
478,U12,12,10.5
479,U12,1,10.5
479,U12,2,9.7
479,U12,3,9.9
479,U12,5,10.2
479,U12,6,10.5
479,U12,7,11.5
479,U12,8,11.9
479,U12,9,12
479,U12,10,11.6
479,U12,11,10.9
479,U12,12,10.5
480,U12,1,10.7
480,U12,2,9.5
480,U12,3,10
480,U12,4,9.5
480,U12,5,10.4
480,U12,6,10.8
480,U12,7,11.3
480,U12,8,11.8
480,U12,9,11.2
480,U12,10,11.2
480,U12,11,12.1
480,U12,12,11.6
481,U12,1,12
481,U12,2,11
481,U12,3,9.8
481,U12,4,9.9
481,U12,5,10.3
481,U12,6,11
481,U12,7,11.4
481,U12,8,11.6
481,U12,9,11.1
481,U12,10,12
481,U12,11,11.3
481,U12,12,11.4
482,U12,2,9.9
482,U12,3,10.2
482,U12,4,10.9
482,U12,5,11
482,U12,6,9.8
482,U12,7,9.9
482,U12,8,9.8
482,U12,9,10.4
482,U12,10,10.4
482,U12,11,10.5
482,U12,12,10.5
483,U12,1,12.2
483,U12,2,12.1
483,U12,3,11.9
483,U12,4,11.5
483,U12,5,11.1
483,U12,6,12
483,U12,7,12.2
483,U12,8,13.2
483,U12,9,12.4
483,U12,10,12.8
483,U12,11,12.6
484,U12,1,8.7
484,U12,2,9
484,U12,3,9.6
484,U12,4,9.3
484,U12,5,8.2
484,U12,6,9
484,U12,7,9.2
484,U12,8,9.8
484,U12,9,9.4
484,U12,10,9.3
484,U12,11,8.8
484,U12,12,8.6
485,U13,1,13
485,U13,2,12.4
485,U13,3,13.3
485,U13,4,13
485,U13,5,13.3
485,U13,6,13.8
485,U13,7,13.8
485,U13,8,13.1
485,U13,9,13
485,U13,11,12.6
485,U13,12,11.9
486,U13,1,10.7
486,U13,2,10.8
486,U13,3,9.9
486,U13,4,9.9
486,U13,5,9.6
486,U13,6,10.6
486,U13,7,11
486,U13,8,10.7
486,U13,9,10.6
486,U13,10,12
486,U13,11,11.8
486,U13,12,10.7
487,U13,1,9.4
487,U13,2,9.6
487,U13,3,10.6
487,U13,4,9.8
487,U13,5,10.4
487,U13,6,9.8
487,U13,7,11.2
487,U13,8,10.6
487,U13,9,11.4
487,U13,10,11
487,U13,11,10.1
487,U13,12,10
488,U13,1,12.6
488,U13,2,11
488,U13,3,12
488,U13,4,11.2
488,U13,5,11.7
488,U13,6,11.3
488,U13,7,11.1
488,U13,8,11.3
488,U13,9,10.2
488,U13,10,10.2
488,U13,11,10.2
488,U13,12,10.2
489,U13,1,11.8
489,U13,2,11.6
489,U13,3,12.6
489,U13,4,12.5
489,U13,5,10.9
489,U13,6,11.4
489,U13,7,11.3
489,U13,8,11.5
489,U13,9,11.9
489,U13,10,12
489,U13,11,12.6
489,U13,12,11.5
490,U13,1,11.3
490,U13,2,10.7
490,U13,3,10.9
490,U13,4,10.7
490,U13,5,11
490,U13,6,11.1
490,U13,7,12.1
490,U13,8,12.5
490,U13,9,11.8
490,U13,10,11.2
490,U13,11,11.4
490,U13,12,11.4
491,U13,1,10.8
491,U13,2,11.2
491,U13,3,11.2
491,U13,4,12.1
491,U13,5,11.5
491,U13,6,10.5
491,U13,7,10.1
491,U13,8,9.9
492,U13,1,12.7
492,U13,2,12.4
492,U13,3,11.3
492,U13,5,11.3
492,U13,6,11.4
492,U13,7,12.3
492,U13,8,11.9
492,U13,9,12.2
492,U13,10,12.8
493,U13,1,10.4
493,U13,2,9.6
493,U13,3,9.3
493,U13,4,10.5
493,U13,5,10.2
493,U13,6,10.1
493,U13,7,10.6
493,U13,8,11.3
493,U13,9,10.9
493,U13,10,10.6
493,U13,11,10.3
494,U13,1,11.7
494,U13,2,11.9
494,U13,3,11.4
494,U13,4,11.3
494,U13,5,12.3
494,U13,6,10.8
494,U13,7,11.3
494,U13,8,11
494,U13,10,11.5
494,U13,11,11.6
494,U13,12,11.1
495,U13,1,11.6
495,U13,2,11.7
495,U13,3,11.5
495,U13,4,13.2
495,U13,5,12.3
495,U13,6,12.4
495,U13,7,12.7
495,U13,9,10.7
495,U13,10,11.1
495,U13,11,11.4
495,U13,12,11.1
496,U13,1,11.7
496,U13,2,11.2
496,U13,3,11.7
496,U13,4,10.5
496,U13,5,9.5
496,U13,6,10.5
496,U13,7,10.8
496,U13,8,10.7
496,U13,9,10
496,U13,10,10.6
496,U13,11,10.9
496,U13,12,10.5
497,U13,1,10.6
497,U13,2,10.7
497,U13,3,10.9
497,U13,4,11.3
497,U13,5,10.4
497,U13,6,9.2
497,U13,7,9.9
497,U13,8,11.6
497,U13,9,11.3
497,U13,10,12.6
497,U13,11,11.8
497,U13,12,12
498,U13,1,9.3
498,U13,2,9.8
498,U13,3,10.3
498,U13,4,9.7
498,U13,5,10
498,U13,6,10
498,U13,7,10.4
498,U13,8,9.7
498,U13,9,9.7
498,U13,10,9.9
498,U13,11,8.7
498,U13,12,10.1
499,U13,1,10.2
499,U13,2,9.6
499,U13,3,10.3
499,U13,4,10.3
499,U13,5,9.9
499,U13,6,9.9
499,U13,7,9.3
499,U13,8,9.8
499,U13,9,9.9
499,U13,10,9.5
499,U13,11,8.8
499,U13,12,9.4
500,U13,1,11.5
500,U13,2,11
500,U13,3,12
500,U13,4,12.1
500,U13,5,12.4
500,U13,6,11.4
500,U13,8,12.4
500,U13,9,12.7
500,U13,10,12.1
500,U13,11,11.2
500,U13,12,10.8
501,U13,1,13.5
501,U13,2,12.4
501,U13,3,13.2
501,U13,4,13.2
501,U13,5,12.2
501,U13,6,13.3
501,U13,7,13.4
501,U13,8,13.2
501,U13,9,12.6
501,U13,10,12.7
501,U13,11,13.3
501,U13,12,12.9
502,U13,1,11
502,U13,2,12.1
502,U13,3,11.8
502,U13,4,12
502,U13,5,11.9
502,U13,6,12
502,U13,7,12.3
502,U13,8,11.1
502,U13,9,12.3
502,U13,10,12.4
502,U13,11,12.4
502,U13,12,10.9
503,U13,1,11.1
503,U13,2,10.9
503,U13,3,11
503,U13,4,12.1
503,U13,5,11.5
503,U13,6,10.3
503,U13,7,11
503,U13,8,11.6
503,U13,9,10.4
503,U13,10,11.2
503,U13,11,10.6
503,U13,12,11.4
504,U13,1,11.5
504,U13,2,11.5
504,U13,3,12.3
504,U13,4,11.3
504,U13,5,12.7
504,U13,6,12.3
504,U13,7,11
504,U13,8,11.1
504,U13,9,11.5
504,U13,10,13.2
504,U13,11,13.1
504,U13,12,12
505,U13,1,12.4
505,U13,4,11.9
505,U13,5,12.2
505,U13,6,11.8
505,U13,8,11.8
505,U13,9,11.5
505,U13,10,11.9
505,U13,11,12.3
505,U13,12,12.6
506,U13,1,8.2
506,U13,2,9.3
506,U13,3,10.5
506,U13,4,10.1
506,U13,5,9.6
506,U13,6,9.2
506,U13,7,9.8
506,U13,8,9.5
506,U13,9,8.7
506,U13,10,8.7
506,U13,11,9.9
506,U13,12,10.1
507,U13,1,11.1
507,U13,2,11.7
507,U13,3,11.2
507,U13,4,11.7
507,U13,5,11.1
507,U13,6,10.6
507,U13,7,9.6
507,U13,8,10.7
507,U13,9,10.1
507,U13,10,10
507,U13,12,10.5
508,U13,1,10.6
508,U13,2,10.1
508,U13,3,10.4
508,U13,4,10.5
508,U13,6,10.5
508,U13,7,10.3
508,U13,8,11.2
508,U13,9,10.6
508,U13,11,11.1
508,U13,12,10.8
509,U13,1,12.3
509,U13,2,12.4
509,U13,3,11.5
509,U13,4,12.8
509,U13,5,12.6
509,U13,6,13
509,U13,7,13.4
509,U13,8,13.5
509,U13,9,12.9
509,U13,10,12.4
509,U13,11,13.4
509,U13,12,13
510,U13,1,11.6
510,U13,2,11.3
510,U13,4,10.6
510,U13,5,10.9
510,U13,6,10.9
510,U13,7,10.7
510,U13,9,11.5
510,U13,10,11.9
510,U13,11,12.2
510,U13,12,12
511,U13,2,12.4
511,U13,3,12.4
511,U13,4,13.2
511,U13,5,13.3
511,U13,6,12.8
511,U13,7,11.8
511,U13,8,11.6
511,U13,10,12.5
511,U13,11,12
511,U13,12,12
512,U13,1,9.4
512,U13,2,9.4
512,U13,3,10.5
512,U13,4,10.5
512,U13,5,10.2
512,U13,6,10.4
512,U13,7,11.2
512,U13,8,10.5
512,U13,9,10.2
512,U13,10,10
512,U13,11,10.3
512,U13,12,9.5
513,U14,1,9.9
513,U14,2,10.3
513,U14,3,10.2
513,U14,4,10.1
513,U14,5,10.1
513,U14,6,10.3
513,U14,7,9.7
513,U14,8,9
513,U14,9,10.1
513,U14,10,9.8
513,U14,11,10.3
513,U14,12,10.6
514,U14,1,9.8
514,U14,2,10.4
514,U14,3,10
514,U14,4,9.8
514,U14,5,10.4
514,U14,6,10.2
514,U14,7,10.5
514,U14,8,9.8
514,U14,9,8.8
514,U14,10,8.8
514,U14,11,10
514,U14,12,8.9
515,U14,1,11.5
515,U14,2,11.2
515,U14,3,11.3
515,U14,4,12.1
515,U14,5,11.6
515,U14,7,10.5
515,U14,8,10.5
515,U14,9,10.9
515,U14,10,11.8
515,U14,11,11.5
515,U14,12,10.9
516,U14,1,10.5
516,U14,2,10
516,U14,3,10.4
516,U14,4,9.7
516,U14,5,9.7
516,U14,6,9.6
516,U14,7,9.2
516,U14,8,9.6
516,U14,9,10.1
516,U14,10,9.9
516,U14,11,9.3
516,U14,12,9.4
517,U14,1,11.4
517,U14,2,11.5
517,U14,3,11.1
517,U14,4,10
517,U14,5,9.8
517,U14,6,9.6
517,U14,7,11.4
517,U14,8,11.2
517,U14,9,10.4
517,U14,10,11
517,U14,11,11
517,U14,12,11.1
518,U14,1,9.8
518,U14,2,8.9
518,U14,3,9.4
518,U14,4,10.2
518,U14,5,10.2
518,U14,6,10.3
518,U14,7,10.8
518,U14,8,10.8
518,U14,9,10.8
518,U14,10,11
519,U14,1,9.8
519,U14,2,9.8
519,U14,3,9.8
519,U14,4,10
519,U14,5,9.9
519,U14,6,10.8
519,U14,7,10.3
519,U14,8,10.7
519,U14,9,10.9
519,U14,10,11
519,U14,11,10.9
519,U14,12,10.6
520,U14,1,10.8
520,U14,2,10.3
520,U14,3,10.3
520,U14,4,11
520,U14,5,10.1
520,U14,6,10.5
520,U14,7,10.6
520,U14,8,11.6
520,U14,9,11
520,U14,10,11.3
520,U14,11,10.9
520,U14,12,10.3
521,U14,1,9.8
521,U14,2,10.1
521,U14,3,11.2
521,U14,4,10.6
521,U14,5,9.1
521,U14,6,10
521,U14,7,10.5
521,U14,8,11.4
521,U14,9,11.9
521,U14,10,10
521,U14,11,10.9
521,U14,12,10.9
522,U14,1,9.8
522,U14,2,9.9
522,U14,3,10.4
522,U14,4,8.7
522,U14,6,8.9
522,U14,7,9.2
522,U14,8,10
522,U14,9,10.7
522,U14,10,11.3
522,U14,11,10.5
522,U14,12,9.2
523,U14,1,9.8
523,U14,3,10.7
523,U14,4,10.7
523,U14,5,9.8
523,U14,6,10
523,U14,7,9.7
523,U14,8,8.8
523,U14,9,8.4
523,U14,10,8.3
523,U14,11,9.9
523,U14,12,9.6
524,U14,1,10.7
524,U14,2,11.5
524,U14,3,10.8
524,U14,4,9.9
524,U14,5,10.4
524,U14,6,10.2
524,U14,7,11
524,U14,9,10.3
524,U14,10,11.3
524,U14,11,9.9
524,U14,12,11.1
525,U14,1,9.3
525,U14,2,9.8
525,U14,3,9.7
525,U14,4,9.5
525,U14,5,7.8
525,U14,6,7.8
525,U14,7,7.8
525,U14,9,9.4
525,U14,10,9.1
525,U14,11,9.8
525,U14,12,8.9
526,U14,1,8.3
526,U14,2,8.3
526,U14,3,8
526,U14,4,7.3
526,U14,5,7.7
526,U14,6,8.1
526,U14,7,8
526,U14,8,8.7
526,U14,9,8.4
526,U14,10,8.7
526,U14,11,9.1
526,U14,12,9.1
527,U14,1,8.7
527,U14,2,9.4
527,U14,3,9.8
527,U14,4,10.8
527,U14,5,10.4
527,U14,6,10.3
527,U14,7,10.8
527,U14,8,10.4
527,U14,9,10.3
527,U14,10,11.1
527,U14,11,10.1
527,U14,12,10.1
528,U14,1,10.8
528,U14,2,10.5
528,U14,3,10.7
528,U14,4,10.6
528,U14,5,11.6
528,U14,6,10.9
528,U14,7,11
528,U14,8,10.5
528,U14,9,11.2
528,U14,10,10.9
528,U14,11,9.9
528,U14,12,10.5
529,U14,1,9.1
529,U14,2,9.6
529,U14,3,9
529,U14,4,9.8
529,U14,5,10.6
529,U14,6,10.2
529,U14,7,10.9
529,U14,8,10
529,U14,9,9.2
529,U14,10,9.5
529,U14,11,9.4
530,U14,1,10.5
530,U14,2,10.4
530,U14,3,10.1
530,U14,4,10.6
530,U14,5,10.4
530,U14,6,10.3
530,U14,7,10.8
530,U14,8,10.4
530,U14,9,10.9
530,U14,10,11.1
530,U14,11,11.8
530,U14,12,11.6
531,U14,1,10.5
531,U14,2,11.3
531,U14,3,10.9
531,U14,4,11.3
531,U14,5,12.2
531,U14,6,12.5
531,U14,9,11.3
531,U14,11,12.3
531,U14,12,11.5
532,U14,1,9.2
532,U14,2,9
532,U14,3,9.8
532,U14,4,9
532,U14,5,8.9
532,U14,6,9.6
532,U14,7,9.8
532,U14,8,9.4
532,U14,9,9.1
532,U14,10,8.6
532,U14,11,9.6
532,U14,12,9.3
533,U14,1,7.3
533,U14,2,7.9
533,U14,3,7.3
533,U14,4,7.4
533,U14,5,7.5
533,U14,8,8.3
533,U14,9,8.7
533,U14,10,8.3
533,U14,11,7.6
533,U14,12,8.1
534,U14,1,8.1
534,U14,2,8.5
534,U14,3,7.7
534,U14,4,8.2
534,U14,5,8.7
534,U14,6,9.1
534,U14,7,8.8
534,U14,8,8.2
534,U14,9,8.6
534,U14,10,7.9
534,U14,11,7.7
534,U14,12,8.6
535,U14,1,11.3
535,U14,2,10.8
535,U14,4,11.4
535,U14,5,11.1
535,U14,6,10.8
535,U14,7,9.8
535,U14,8,11.1
535,U14,9,11.5
535,U14,10,10.7
535,U14,11,11.2
535,U14,12,11.5
536,U14,2,9.6
536,U14,3,9
536,U14,4,8.6
536,U14,5,9
536,U14,6,8.3
536,U14,7,9.8
536,U14,8,10.2
536,U14,9,9.4
536,U14,10,9.8
536,U14,11,10.6
536,U14,12,9.5
537,U14,1,10
537,U14,2,9.1
537,U14,3,10.2
537,U14,4,10.8
537,U14,6,11.8
537,U14,7,11.1
537,U14,8,11.3
537,U14,9,10.6
537,U14,10,10.5
537,U14,11,10
537,U14,12,9.5
538,U14,1,9
538,U14,2,8.7
538,U14,3,9.6
538,U14,4,9.9
538,U14,5,9.3
538,U14,6,8.5
538,U14,7,9.3
538,U14,8,9.9
538,U14,9,10
538,U14,10,10.3
538,U14,11,9.2
538,U14,12,9.5
539,U14,1,11.5
539,U14,2,12.1
539,U14,3,11.5
539,U14,4,10.6
539,U14,5,11.3
539,U14,6,10.2
539,U14,7,10.9
539,U14,9,11.9
539,U14,10,11.2
539,U14,11,11.9
539,U14,12,11.7
540,U14,1,9.3
540,U14,2,9.9
540,U14,3,10
540,U14,4,9.8
540,U14,5,10.5
540,U14,6,9.5
540,U14,7,10.4
540,U14,8,10.3
540,U14,9,10.1
540,U14,10,9.6
540,U14,11,8.9
540,U14,12,9.3
541,U14,1,11
541,U14,2,10.8
541,U14,3,11.1
541,U14,4,11.7
541,U14,5,12
541,U14,6,11.6
541,U14,7,11.5
541,U14,8,10.8
541,U14,9,11.8
541,U14,11,11.9
541,U14,12,11.1
542,U14,1,9.2
542,U14,2,8.7
542,U14,3,8.9
542,U14,4,8.9
542,U14,5,8.3
542,U14,6,7.9
542,U14,7,7.7
542,U14,8,8.4
542,U14,9,9.6
542,U14,10,9.3
542,U14,11,8.9
542,U14,12,8
543,U14,1,11.5
543,U14,2,11.3
543,U14,3,10
543,U14,4,11.2
543,U14,5,11
543,U14,6,10.9
543,U14,7,10.2
543,U14,8,11.1
543,U14,9,11.9
543,U14,10,10.8
543,U14,11,10.5
543,U14,12,10.5
544,U14,1,10.4
544,U14,3,10.6
544,U14,4,11.3
544,U14,5,10.6
544,U14,6,10.9
544,U14,7,9.6
544,U14,9,8.9
544,U14,10,9.9
544,U14,11,9.5
544,U14,12,10.2
545,U14,1,10.1
545,U14,2,9.7
545,U14,3,9.6
545,U14,4,9.9
545,U14,5,9.8
545,U14,6,9.8
545,U14,7,10.3
545,U14,8,10.5
545,U14,10,9.4
545,U14,11,9.1
545,U14,12,8.9
546,U14,1,9.1
546,U14,2,8.8
546,U14,4,8.9
546,U14,5,8.6
546,U14,6,7.5
546,U14,7,8
546,U14,8,9
546,U14,9,9.3
546,U14,10,8.9
546,U14,11,9.9
546,U14,12,9.1
547,U14,1,11.4
547,U14,2,10.1
547,U14,3,10.3
547,U14,4,9.6
547,U14,5,9.7
547,U14,6,9
547,U14,7,9.8
547,U14,8,9.9
547,U14,9,11.1
547,U14,10,11
547,U14,11,9.9
547,U14,12,9.8
548,U14,1,11.4
548,U14,2,11.5
548,U14,3,12.1
548,U14,4,12.4
548,U14,5,12.7
548,U14,6,13.6
548,U14,7,13
548,U14,9,12.7
548,U14,10,13.5
548,U14,11,14
548,U14,12,13.1
549,U14,2,11.7
549,U14,3,11.8
549,U14,4,11.7
549,U14,5,11.3
549,U14,6,11.8
549,U14,7,12
549,U14,11,12.4
549,U14,12,11.6
550,U14,1,10.6
550,U14,2,9.9
550,U14,3,9.8
550,U14,4,10.4
550,U14,5,9.9
550,U14,6,9.5
550,U14,7,9.4
550,U14,9,10
550,U14,10,10
550,U14,12,10
551,U14,1,8.7
551,U14,2,8.6
551,U14,3,9.7
551,U14,4,9.7
551,U14,5,9.1
551,U14,6,8.1
551,U14,7,8
551,U14,8,9.7
551,U14,9,9.6
551,U14,10,9.1
551,U14,11,9.8
551,U14,12,10.4
552,U14,1,9.3
552,U14,2,10.3
552,U14,3,9.6
552,U14,4,9.2
552,U14,5,8.4
552,U14,7,9.8
552,U14,8,10.1
552,U14,9,11
552,U14,10,10.1
552,U14,11,10.2
552,U14,12,9.4
553,U14,1,10.3
553,U14,2,10.8
553,U14,3,9.7
553,U14,4,11.1
553,U14,5,9.6
553,U14,6,10.9
553,U14,7,10.2
553,U14,8,9.7
553,U14,9,10.2
554,U14,1,9.2
554,U14,2,10
554,U14,4,10.5
554,U14,5,11.4
554,U14,6,10.9
554,U14,9,11.1
554,U14,10,10.1
554,U14,11,10.7
554,U14,12,10.2
555,U14,1,11.2
555,U14,2,10.7
555,U14,3,10.7
555,U14,4,11.4
555,U14,5,11.4
555,U14,6,11.8
555,U14,7,10.8
555,U14,8,11.4
555,U14,9,10.7
555,U14,10,10.3
555,U14,12,10.1
556,U14,1,10.1
556,U14,2,10.6
556,U14,3,10.8
556,U14,4,10.7
556,U14,5,10.7
556,U14,6,10.5
556,U14,7,9.9
556,U14,8,9.3
556,U14,9,9.4
556,U14,10,10.9
556,U14,11,9.3
556,U14,12,9.4
557,U14,1,10.1
557,U14,2,9.6
557,U14,3,9.7
557,U14,4,9.7
557,U14,5,9.8
557,U14,7,10.3
557,U14,8,10
557,U14,9,10.7
557,U14,10,9.4
557,U14,11,9
557,U14,12,8.5
558,U14,2,9.2
558,U14,3,8.8
558,U14,4,8.8
558,U14,5,9.2
559,U14,1,9.5
559,U14,3,8.7
559,U14,4,8.4
559,U14,5,9.2
559,U14,6,8.4
559,U14,7,8.5
559,U14,8,9.6
559,U14,9,9.3
559,U14,10,8.2
559,U14,12,8.6
560,U14,1,11.8
560,U14,2,11.4
560,U14,3,11.1
560,U14,4,12.1
560,U14,5,11.4
560,U14,6,12.1
560,U14,7,11.4
560,U14,9,10.9
560,U14,10,11.3
560,U14,11,10.7
560,U14,12,10.7
561,U14,2,7.9
561,U14,3,7.9
561,U14,4,7.8
561,U14,5,7.5
561,U14,6,7.1
561,U14,7,7.1
561,U14,8,7
561,U14,9,6.8
561,U14,10,7.7
561,U14,11,6.8
561,U14,12,7.4
562,U14,1,11.4
562,U14,2,11.5
562,U14,3,11.5
562,U14,4,10.3
562,U14,6,9.7
562,U14,7,10.4
562,U14,8,10.9
562,U14,9,10
562,U14,10,10.2
562,U14,11,10.3
562,U14,12,10.3
563,U14,1,10.5
563,U14,3,9.8
563,U14,4,10.4
563,U14,5,10.2
563,U14,6,8.9
563,U14,7,9.1
563,U14,8,8.7
563,U14,9,9.8
563,U14,10,10
563,U14,11,9
563,U14,12,9.8
564,U14,1,12
564,U14,2,11
564,U14,3,10.8
564,U14,4,10.6
564,U14,5,10.7
564,U14,7,11.4
564,U14,8,10.4
564,U14,9,11.8
564,U14,10,12.1
564,U14,11,11.2
564,U14,12,11.9
565,U14,1,9.6
565,U14,2,9.4
565,U14,3,10.1
565,U14,4,9.6
565,U14,5,9.8
565,U14,6,10.3
565,U14,7,9.6
565,U14,8,9.9
565,U14,9,10.5
565,U14,10,10.6
565,U14,11,10.3
565,U14,12,10.9
566,U14,1,10.6
566,U14,2,10.7
566,U14,3,11.3
566,U14,4,11.5
566,U14,5,10.9
566,U14,6,10.6
566,U14,7,9.9
566,U14,8,9.8
566,U14,9,10.5
566,U14,10,10.9
566,U14,11,11.3
566,U14,12,10.9
567,U14,1,10.3
567,U14,2,11
567,U14,3,10.3
567,U14,4,10.5
567,U14,5,9.8
567,U14,6,10.6
567,U14,7,10.3
567,U14,9,10.9
567,U14,10,9.7
567,U14,11,10.2
567,U14,12,10.3
568,U14,1,10.3
568,U14,2,10.4
568,U14,3,10
568,U14,4,9.4
568,U14,5,9.2
568,U14,6,9.6
568,U14,7,9.2
568,U14,8,9.6
568,U14,9,9.8
568,U14,10,9
568,U14,11,9.8
568,U14,12,10.1
569,U15,1,9.7
569,U15,2,10.3
569,U15,3,9.6
569,U15,4,10
569,U15,5,9.9
569,U15,7,10.8
569,U15,8,11
569,U15,9,10.5
569,U15,10,10.8
569,U15,11,10.1
569,U15,12,10.9
570,U15,1,10
570,U15,2,10
570,U15,3,9.5
570,U15,4,9.1
570,U15,5,9.2
570,U15,6,9.7
570,U15,7,9.6
570,U15,8,9.9
570,U15,9,9.8
570,U15,10,10.6
570,U15,11,9.4
570,U15,12,9.7
571,U15,1,10.1
571,U15,2,10.2
571,U15,3,10.6
571,U15,4,10.3
571,U15,5,10.5
571,U15,8,10.7
571,U15,9,11.1
571,U15,10,10.2
571,U15,11,10.6
571,U15,12,11.2
572,U15,1,11.5
572,U15,2,10.5
572,U15,3,10.4
572,U15,4,11
572,U15,5,11.6
572,U15,6,11
572,U15,7,11.2
572,U15,8,11.8
572,U15,9,11.2
572,U15,10,11.6
572,U15,11,11.9
572,U15,12,12.3
573,U15,1,9.3
573,U15,2,9.6
573,U15,3,11.2
573,U15,4,10.6
573,U15,5,10.7
573,U15,6,10.9
573,U15,7,11.7
573,U15,8,11.4
573,U15,9,10.7
573,U15,10,11.2
573,U15,11,10.8
573,U15,12,11.4
574,U15,1,11.2
574,U15,2,10.7
574,U15,3,10.6
574,U15,4,10.5
574,U15,5,11.5
574,U15,6,11.9
574,U15,7,10.8
574,U15,9,11.2
574,U15,10,11.3
574,U15,11,11.3
574,U15,12,9.8
575,U15,1,12
575,U15,2,12.1
575,U15,4,11
575,U15,5,12
575,U15,6,11.4
575,U15,7,11.1
575,U15,8,10.8
575,U15,9,11.3
575,U15,10,10.8
575,U15,11,11.4
575,U15,12,11.8
576,U15,1,11
576,U15,2,10.6
576,U15,3,10.7
576,U15,4,11
576,U15,5,11.3
576,U15,7,11.9
576,U15,8,11.6
576,U15,9,11.5
576,U15,10,11.5
576,U15,11,11.8
576,U15,12,11
577,U15,1,8.4
577,U15,2,8.2
577,U15,4,8.7
577,U15,5,8.7
577,U15,6,8.9
577,U15,7,8.9
577,U15,8,8.9
577,U15,9,9.3
577,U15,10,8.2
577,U15,11,9.1
577,U15,12,8.1
578,U15,1,10.4
578,U15,2,9.9
578,U15,3,10
578,U15,4,9.5
578,U15,5,9.5
578,U15,6,9.3
578,U15,7,10.1
578,U15,8,9.1
578,U15,9,9.8
578,U15,10,10
578,U15,11,10.4
578,U15,12,9.3
579,U15,2,10.3
579,U15,4,9.6
579,U15,5,10.6
579,U15,6,10.7
579,U15,7,10.9
579,U15,8,10.3
579,U15,9,10.5
579,U15,10,10.1
579,U15,11,10
579,U15,12,10.9
580,U15,1,10.4
580,U15,3,8.5
580,U15,4,8.6
580,U15,5,9.2
580,U15,6,9.2
580,U15,7,8.3
580,U15,9,8.2
580,U15,10,7.7
580,U15,11,8.9
580,U15,12,9.4
581,U15,2,8.8
581,U15,3,8.3
581,U15,4,9.6
581,U15,5,8.4
581,U15,6,8.5
581,U15,7,8.9
581,U15,8,9.8
581,U15,9,9.5
581,U15,10,8.6
581,U15,11,9.9
581,U15,12,8.8
582,U15,1,9.6
582,U15,2,10.4
582,U15,3,10.3
582,U15,4,10
582,U15,5,10.7
582,U15,6,11.5
582,U15,7,10.5
582,U15,8,10.2
582,U15,9,11.3
582,U15,10,11.6
582,U15,11,11
582,U15,12,9.9
583,U15,1,10.3
583,U15,2,9
583,U15,3,8.9
583,U15,4,10.7
583,U15,5,10.9
583,U15,6,11
583,U15,7,10.3
583,U15,8,10.7
583,U15,9,9.5
583,U15,10,9.5
583,U15,11,9.3
583,U15,12,9.8
584,U15,1,11
584,U15,2,11.2
584,U15,3,11.5
584,U15,4,10.6
584,U15,5,10.8
584,U15,6,10.2
584,U15,7,11.5
584,U15,8,11.5
584,U15,9,11.7
584,U15,10,11.8
584,U15,11,12.1
584,U15,12,11.8
585,U15,1,9.5
585,U15,2,9.3
585,U15,3,10
585,U15,4,10
585,U15,5,10.2
585,U15,6,11
585,U15,7,11
585,U15,8,11.1
585,U15,9,10.2
585,U15,10,10.1
585,U15,11,10.4
585,U15,12,9.9
586,U15,2,9.6
586,U15,3,9.9
586,U15,4,9.4
586,U15,5,9.4
587,U15,1,9.4
587,U15,2,8.9
587,U15,3,8.6
587,U15,4,8.7
587,U15,5,9.1
587,U15,6,9
587,U15,7,9.4
588,U15,1,9.8
588,U15,2,10.5
588,U15,3,10
588,U15,4,9.4
588,U15,5,10.3
588,U15,6,9.6
588,U15,7,9.5
588,U15,8,9.9
588,U15,9,9.2
588,U15,10,9.6
588,U15,12,10.6
589,U15,1,10.6
589,U15,2,10.6
589,U15,3,11.1
589,U15,5,11.4
589,U15,6,10.5
589,U15,7,10.8
589,U15,8,10.4
589,U15,9,9.3
589,U15,10,11.3
589,U15,11,11.3
589,U15,12,10.4
590,U15,2,10.6
590,U15,3,10.6
590,U15,4,10.5
590,U15,5,9.8
591,U15,1,11.9
591,U15,2,11.5
591,U15,3,11.7
591,U15,4,11.5
591,U15,5,12.6
591,U15,6,12
591,U15,7,11.6
591,U15,8,11
591,U15,9,11.9
591,U15,10,12.7
591,U15,11,11.8
591,U15,12,12.5
592,U15,1,10.1
592,U15,2,11.4
592,U15,3,11.7
592,U15,4,10.8
592,U15,5,10.8
592,U15,6,10.8
592,U15,7,10.7
592,U15,8,10.6
592,U15,9,10.9
592,U15,10,11.2
592,U15,11,12.1
592,U15,12,12
593,U15,1,7.8
593,U15,2,8.6
593,U15,4,8
593,U15,6,8.3
593,U15,8,7.5
593,U15,9,7.6
593,U15,10,7.6
593,U15,11,7.6
593,U15,12,8.2
594,U15,1,11.7
594,U15,2,12.9
594,U15,3,13.4
594,U15,4,12.5
594,U15,5,12.1
594,U15,6,12
594,U15,8,11.4
594,U15,9,11.8
594,U15,10,12.2
594,U15,11,12.2
594,U15,12,11.4
595,U15,1,10.1
595,U15,2,10.9
595,U15,3,10.4
595,U15,4,10.7
595,U15,5,10.3
595,U15,6,10.5
595,U15,7,11.6
595,U15,8,10.3
595,U15,9,10.6
595,U15,10,9.8
595,U15,11,10.5
595,U15,12,10.8
596,U15,1,12.8
596,U15,2,11.7
596,U15,3,11
596,U15,4,11.6
596,U15,5,10.9
596,U15,7,12.1
596,U15,8,11.7
596,U15,9,12.1
596,U15,10,12.1
596,U15,11,11.1
596,U15,12,11
597,U15,1,12.4
597,U15,2,12.4
597,U15,3,13.2
597,U15,4,14.1
597,U15,5,13.4
597,U15,6,12.9
597,U15,7,12.4
597,U15,8,12.8
597,U15,9,12.6
597,U15,10,12.1
597,U15,11,11.5
597,U15,12,12.8
598,U16,1,8.5
598,U16,2,7.9
598,U16,3,8.5
598,U16,4,8.6
598,U16,5,9.3
598,U16,6,8.7
598,U16,7,7.5
598,U16,8,7.2
598,U16,9,7.6
598,U16,10,8.3
598,U16,11,8.8
598,U16,12,8.3
599,U16,1,9.6
599,U16,2,9.2
599,U16,3,8.3
599,U16,4,9.5
599,U16,5,9
599,U16,6,10.4
599,U16,7,10.5
599,U16,8,9.3
599,U16,9,10
599,U16,10,9
599,U16,11,10.1
599,U16,12,10.1
600,U16,1,8.4
600,U16,2,8.8
600,U16,3,7.6
600,U16,4,8.8
600,U16,5,8.6
600,U16,6,8.6
600,U16,7,7.8
600,U16,9,8.8
600,U16,10,9.3
600,U16,11,8.6
600,U16,12,8.3
601,U16,1,6.7
601,U16,2,8.5
601,U16,3,7.6
601,U16,4,8.7
601,U16,5,8.3
601,U16,6,7.2
601,U16,7,7.8
601,U16,8,8.4
601,U16,10,8.5
601,U16,11,9.2
601,U16,12,8.6
602,U16,1,9.9
602,U16,2,9.1
602,U16,3,8.6
602,U16,4,8.6
602,U16,5,8.3
602,U16,6,8.7
602,U16,7,8.6
602,U16,8,9.4
602,U16,9,9.6
602,U16,10,10
602,U16,11,9.8
602,U16,12,10.6
603,U16,1,10.3
603,U16,2,10.2
603,U16,3,10.7
603,U16,4,11.7
603,U16,5,11.1
603,U16,6,10.7
603,U16,7,10.2
603,U16,8,10.3
603,U16,9,9.9
603,U16,10,11.1
603,U16,11,11
604,U16,1,10.5
604,U16,2,10.1
604,U16,3,10.8
604,U16,4,11.2
604,U16,5,10.9
604,U16,6,10.1
604,U16,7,10.1
604,U16,8,9.9
604,U16,9,11.7
604,U16,10,11.1
604,U16,11,10.2
604,U16,12,9.3
605,U16,1,10.4
605,U16,2,9.9
605,U16,3,9.7
605,U16,4,11.1
605,U16,5,10.6
605,U16,6,10
605,U16,7,10.6
605,U16,8,9.8
605,U16,9,9.2
605,U16,11,9.6
605,U16,12,9.7
606,U16,1,8.8
606,U16,2,10.2
606,U16,3,9.7
606,U16,4,10.2
606,U16,5,10.6
606,U16,6,11.3
606,U16,7,10.4
606,U16,8,10.5
606,U16,9,10.3
606,U16,10,10.4
606,U16,11,9.4
606,U16,12,9.7
607,U16,1,9.2
607,U16,2,10
607,U16,3,9.7
607,U16,4,10
607,U16,5,10.2
607,U16,6,10.3
607,U16,7,10.2
607,U16,8,10.1
607,U16,9,10
607,U16,10,9.8
607,U16,11,9.3
607,U16,12,9.2
608,U16,1,8.6
608,U16,2,8.2
608,U16,3,7.9
608,U16,4,7.9
608,U16,5,9
608,U16,6,9.3
608,U16,7,10.4
608,U16,8,10.2
608,U16,9,9.2
608,U16,10,9.2
608,U16,11,9.1
608,U16,12,9.2
609,U16,1,6.6
609,U16,2,7.8
609,U16,3,8.3
609,U16,4,8.1
609,U16,5,8
609,U16,6,7.9
609,U16,7,7.3
609,U16,8,7.4
609,U16,9,7.7
609,U16,10,8.3
609,U16,11,8.4
609,U16,12,9.1
610,U16,1,8.9
610,U16,2,9.1
610,U16,3,9.3
610,U16,4,9.1
610,U16,5,8.1
610,U16,6,8.9
610,U16,7,9.5
610,U16,8,9.4
610,U16,9,9.9
610,U16,10,10.8
610,U16,11,10.1
610,U16,12,9.8
611,U16,1,9
611,U16,2,9.5
611,U16,3,8.7
611,U16,4,8.9
611,U16,5,9.2
611,U16,6,8.7
611,U16,7,9.1
611,U16,8,8.7
611,U16,9,8.7
611,U16,10,8.6
611,U16,12,7.8
612,U16,1,9.2
612,U16,2,8.4
612,U16,3,8.1
612,U16,4,7.4
612,U16,5,8.3
612,U16,6,8.6
612,U16,7,8.4
612,U16,8,7.6
612,U16,9,7.9
612,U16,10,8.2
612,U16,11,7.4
612,U16,12,6.7
613,U16,1,8.6
613,U16,2,9
613,U16,3,8.2
613,U16,4,8
613,U16,5,8
613,U16,6,8.8
613,U16,7,9.3
613,U16,8,9.2
613,U16,9,9.2
613,U16,10,8
613,U16,11,8.2
613,U16,12,7.8
614,U16,1,6.1
614,U16,2,6.6
614,U16,3,7.6
614,U16,4,7.8
614,U16,5,7.8
614,U16,6,6.8
614,U16,7,6.2
614,U16,8,6.6
614,U16,9,7.6
614,U16,10,6.7
614,U16,11,8
614,U16,12,6.9
615,U16,1,10
615,U16,2,9.7
615,U16,3,10.5
615,U16,4,10.2
615,U16,5,9.2
615,U16,6,9
615,U16,7,9.4
615,U16,8,8.4
615,U16,9,8.3
615,U16,10,10
615,U16,11,9.9
615,U16,12,10.4
616,U16,2,9.5
616,U16,3,10.1
616,U16,4,10.5
616,U16,5,11.5
616,U16,6,11.5
616,U16,7,10.3
616,U16,8,10
616,U16,9,10.4
616,U16,10,10.8
616,U16,11,11.5
616,U16,12,11.8
617,U16,1,7.9
617,U16,2,8.7
617,U16,3,8.4
617,U16,4,7.7
617,U16,5,8.2
617,U16,6,7.9
617,U16,8,8
617,U16,9,7.6
617,U16,11,7
617,U16,12,7.8
618,U16,1,10
618,U16,2,10.2
618,U16,4,9.8
618,U16,5,9.6
618,U16,6,9.3
618,U16,7,10.8
618,U16,8,10
618,U16,9,9.8
619,U16,1,9.2
619,U16,2,9.3
619,U16,3,9
619,U16,4,7.9
619,U16,5,7.9
619,U16,6,9
619,U16,7,8
619,U16,8,8.4
619,U16,9,8.9
619,U16,10,9.4
619,U16,11,8.5
620,U16,1,8.7
620,U16,2,9.3
620,U16,3,9.5
620,U16,4,9.5
620,U16,6,9.8
620,U16,8,9.9
620,U16,9,9.6
620,U16,10,9.3
620,U16,11,9.3
620,U16,12,9.9
621,U16,1,8.9
621,U16,2,9.7
621,U16,3,10.5
621,U16,4,9.9
621,U16,5,9.6
621,U16,6,9.3
621,U16,7,9.4
621,U16,8,10.5
621,U16,9,9.2
621,U16,10,9.2
621,U16,11,9.1
621,U16,12,8.8
622,U16,1,10.5
622,U16,3,10.2
622,U16,4,10.4
622,U16,5,10.3
622,U16,6,9.6
622,U16,7,10.3
622,U16,8,9.4
622,U16,9,10.4
622,U16,10,10.7
622,U16,11,10.3
622,U16,12,11
623,U16,1,12.4
623,U16,2,12.8
623,U16,3,11.9
623,U16,4,11.2
623,U16,5,11
623,U16,6,10.7
623,U16,7,11.4
623,U16,8,11.5
623,U16,9,11.9
623,U16,10,11.6
623,U16,11,11.7
623,U16,12,11.5
624,U16,1,10.5
624,U16,2,10.9
624,U16,3,10.3
624,U16,4,11
624,U16,5,10
624,U16,6,10.1
624,U16,7,11.1
624,U16,8,11.2
624,U16,9,11.7
624,U16,10,10.9
624,U16,12,9.5
625,U16,1,7.6
625,U16,2,7.7
625,U16,3,7.8
625,U16,4,7.9
625,U16,5,6.4
625,U16,6,7.4
625,U16,7,7.8
625,U16,8,8
625,U16,9,8.4
625,U16,10,8.3
625,U16,11,9.3
625,U16,12,8.4
626,U16,1,10.1
626,U16,2,8.8
626,U16,3,8.5
626,U16,4,8
626,U16,5,7.2
626,U16,6,8.7
626,U16,7,9.1
626,U16,8,8
626,U16,9,9.3
626,U16,10,9.4
626,U16,11,8.9
626,U16,12,8.7
627,U16,1,10.9
627,U16,2,10.1
627,U16,3,10.2
627,U16,4,10.8
627,U16,5,11.1
627,U16,6,11
627,U16,7,9.9
627,U16,8,9.6
627,U16,9,10.2
627,U16,10,11.1
627,U16,11,10.2
627,U16,12,10.6
628,U16,1,7.9
628,U16,2,9.1
628,U16,3,9.2
628,U16,4,8
628,U16,5,8
628,U16,6,7.9
628,U16,8,8.6
628,U16,9,8.7
628,U16,10,9.4
628,U16,11,9.3
628,U16,12,9.6
629,U16,1,10.6
629,U16,2,10
629,U16,3,11.2
629,U16,4,11
629,U16,5,11.6
629,U16,6,11.1
629,U16,8,10.6
629,U16,9,11.1
629,U16,10,11.6
629,U16,11,11.1
629,U16,12,10.2
630,U16,1,10.1
630,U16,2,9.5
630,U16,3,10
630,U16,4,10.1
630,U16,5,9.9
630,U16,6,9.6
630,U16,8,10
630,U16,9,9.8
630,U16,10,9.7
630,U16,11,10.9
631,U16,1,9.8
631,U16,2,9.9
631,U16,3,9.4
631,U16,4,9.8
631,U16,5,10
631,U16,7,10.7
631,U16,8,11.2
631,U16,9,10.3
631,U16,10,10.3
631,U16,11,10
631,U16,12,10
632,U16,1,11.7
632,U16,2,11.9
632,U16,3,11.7
632,U16,4,11.7
632,U16,5,10.7
632,U16,6,10.3
632,U16,7,10.4
632,U16,8,10.7
632,U16,9,10.3
632,U16,10,11
632,U16,11,10.4
632,U16,12,9.9
633,U16,1,10.4
633,U16,2,10.3
633,U16,3,9.6
633,U16,4,9.9
633,U16,5,10.2
633,U16,6,10
633,U16,7,10.2
633,U16,8,10.6
633,U16,9,9.4
633,U16,10,10.3
633,U16,11,10.1
633,U16,12,10.4
634,U16,1,7.9
634,U16,2,8
634,U16,3,8
634,U16,4,8.5
634,U16,5,8.1
634,U16,6,8.1
634,U16,7,8.2
634,U16,8,7.9
634,U16,9,8.3
634,U16,10,8.7
634,U16,11,8.5
634,U16,12,9
635,U16,2,11.7
635,U16,3,11.8
635,U16,4,10.9
635,U16,5,11.1
635,U16,6,11.8
635,U16,7,12.3
635,U16,8,11.2
635,U16,9,10.9
635,U16,10,10.9
635,U16,11,10.9
635,U16,12,11.8
636,U16,1,9.2
636,U16,2,9.1
636,U16,3,9.4
636,U16,4,9.6
636,U16,5,10.6
636,U16,6,11
636,U16,7,10.4
636,U16,8,9.8
636,U16,9,9.4
636,U16,10,8.7
636,U16,11,9.5
636,U16,12,9.9
637,U16,1,9.7
637,U16,2,9.7
637,U16,3,10.4
637,U16,4,11
637,U16,6,9.9
637,U16,7,9.5
637,U16,8,9.9
637,U16,9,9.5
637,U16,10,10.5
637,U16,11,10
637,U16,12,9.4
638,U16,1,11.2
638,U16,2,10.9
638,U16,3,9.9
638,U16,4,10.5
638,U16,5,10
638,U16,6,9.4
638,U16,7,10
638,U16,8,10.1
638,U16,9,10.6
638,U16,10,10
638,U16,11,10.1
638,U16,12,9.9
639,U16,1,11.3
639,U16,2,10.6
639,U16,3,10.9
639,U16,5,11.4
639,U16,6,11
639,U16,7,10.8
639,U16,9,9.9
639,U16,10,10.2
639,U16,11,10.9
639,U16,12,10.8
640,U16,1,7.4
640,U16,2,7.7
640,U16,3,7.2
640,U16,4,7.7
640,U16,5,8.4
640,U16,6,7.8
640,U16,7,7.2
640,U16,8,8
640,U16,9,9.4
640,U16,10,8.6
640,U16,11,7.8
640,U16,12,7.8
641,U16,1,7.8
641,U16,2,7.4
641,U16,3,7.5
641,U16,4,7.6
641,U16,5,7
641,U16,6,8.3
641,U16,7,8.7
641,U16,8,7.9
641,U16,9,7.9
641,U16,10,7.7
641,U16,11,7.7
641,U16,12,7.8
642,U16,1,8.9
642,U16,2,9.1
642,U16,3,9.8
642,U16,4,9.1
642,U16,5,8.8
642,U16,6,8.3
642,U16,7,8
642,U16,8,8.3
642,U16,9,9.8
642,U16,12,9.6
643,U16,1,9.7
643,U16,2,8.7
643,U16,3,8.8
643,U16,4,8.7
643,U16,5,8.4
643,U16,6,8.9
643,U16,7,8.9
643,U16,8,9.7
643,U16,9,9.1
643,U16,10,9.7
643,U16,11,9.6
643,U16,12,8.7
644,U16,1,9.1
644,U16,2,8.4
644,U16,4,8.8
644,U16,5,8.4
644,U16,6,8.9
644,U16,7,9.2
644,U16,8,8.7
644,U16,9,9
644,U16,10,8.1
644,U16,11,9.1
644,U16,12,8.8
645,U16,1,9.6
645,U16,2,9.1
645,U16,3,9.1
645,U16,4,9.4
645,U16,5,8.6
645,U16,6,9.6
645,U16,7,8.8
645,U16,8,9.6
645,U16,10,9.6
645,U16,11,10.1
645,U16,12,10.9
646,U17,1,8.4
646,U17,2,8.2
646,U17,3,8
646,U17,4,9.1
646,U17,5,8.5
646,U17,6,7.4
646,U17,7,7.7
646,U17,8,8.7
646,U17,9,8.5
646,U17,10,8.1
646,U17,11,8.2
646,U17,12,7.7
647,U17,1,8.4
647,U17,2,7.9
647,U17,3,8.3
647,U17,4,8.2
647,U17,5,9
647,U17,6,8.4
647,U17,7,8.7
647,U17,8,8.6
647,U17,9,9.7
647,U17,10,9.1
647,U17,11,7.7
647,U17,12,8.4
648,U17,1,10.6
648,U17,2,10.3
648,U17,4,10.3
648,U17,5,9.7
648,U17,6,11
648,U17,7,11.4
648,U17,9,11.2
648,U17,10,10.9
648,U17,11,10.8
648,U17,12,11.5
649,U17,1,9.1
649,U17,2,9.2
649,U17,3,9.3
649,U17,4,10.3
649,U17,5,10.6
649,U17,6,10
649,U17,7,11.6
649,U17,8,11.5
649,U17,9,10
649,U17,10,9.9
649,U17,12,10
650,U17,1,10.9
650,U17,2,11.3
650,U17,4,10
650,U17,5,10.4
650,U17,6,10.5
650,U17,7,10.7
650,U17,8,10.3
650,U17,9,9.8
650,U17,10,10.4
650,U17,11,10.6
650,U17,12,10.6
651,U17,1,7.8
651,U17,2,8.2
651,U17,3,7.6
651,U17,4,7
651,U17,5,7.3
651,U17,6,7.7
651,U17,7,6.9
651,U17,8,7.3
651,U17,9,7.8
651,U17,10,8.3
651,U17,11,7.6
651,U17,12,7.2
652,U17,1,9.8
652,U17,2,10.6
652,U17,3,9.5
652,U17,4,10.2
652,U17,5,10
652,U17,6,10.1
652,U17,7,10
652,U17,8,9.3
652,U17,9,9
652,U17,10,9.5
652,U17,11,9.9
652,U17,12,9.8
653,U17,1,10.4
653,U17,2,9.9
653,U17,3,9.8
653,U17,5,9.4
653,U17,6,9.1
653,U17,7,11.4
653,U17,8,11.6
653,U17,9,11.2
653,U17,10,9.8
653,U17,11,9.3
653,U17,12,9.6
654,U17,1,11.7
654,U17,2,11.2
654,U17,3,11.7
654,U17,4,11.7
654,U17,5,11.6
654,U17,6,13.1
654,U17,7,12.5
654,U17,8,11.2
654,U17,9,12.3
654,U17,10,11.8
654,U17,11,12.8
655,U17,1,10.5
655,U17,2,9.6
655,U17,3,9.3
655,U17,4,8.9
655,U17,5,9.4
655,U17,6,9.2
655,U17,7,9
655,U17,8,9.5
655,U17,9,8.7
655,U17,10,9.6
655,U17,11,9.1
655,U17,12,10.1
656,U17,1,9.2
656,U17,2,9.5
656,U17,3,9.4
656,U17,4,9
656,U17,5,8.9
656,U17,6,9.1
656,U17,7,10
656,U17,8,9.7
656,U17,9,9.6
656,U17,10,9.1
656,U17,11,9.6
656,U17,12,9.2
657,U17,1,7.5
657,U17,2,7.1
657,U17,3,8.2
657,U17,4,7.5
657,U17,5,7.2
657,U17,6,6.2
657,U17,7,7.5
657,U17,8,7.1
657,U17,9,7.2
657,U17,10,7.1
657,U17,11,6.9
657,U17,12,6.8
658,U17,1,8.9
658,U17,2,8.5
658,U17,3,8.6
658,U17,4,7.6
658,U17,5,8.2
658,U17,6,8.6
658,U17,7,9.3
658,U17,8,8.5
658,U17,10,9.6
658,U17,11,9.9
658,U17,12,10
659,U17,1,12.2
659,U17,2,11.1
659,U17,3,11.3
659,U17,4,11.3
659,U17,5,11
659,U17,6,11.1
659,U17,7,11.1
659,U17,8,11
659,U17,9,11.2
659,U17,10,10.9
659,U17,11,10.6
659,U17,12,10.5
660,U17,1,6.9
660,U17,2,7.3
660,U17,3,7.7
660,U17,4,7.2
660,U17,5,7.5
660,U17,6,7.9
660,U17,7,8.2
660,U17,8,8
660,U17,9,8.4
660,U17,10,8.8
660,U17,11,9.1
661,U17,1,6.4
661,U17,2,6.7
661,U17,3,6.9
662,U17,2,10.8
662,U17,4,10.6
662,U17,5,10
662,U17,6,9.2
662,U17,7,10.1
662,U17,8,10.1
662,U17,9,10.4
662,U17,10,10.3
662,U17,11,11.1
662,U17,12,11.9
663,U17,1,8.1
663,U17,2,8.6
663,U17,3,8.3
663,U17,4,8.6
663,U17,5,8.6
663,U17,6,9.8
663,U17,7,9.4
663,U17,8,8.6
663,U17,9,9.2
663,U17,10,9.3
663,U17,11,9.8
663,U17,12,9.1
664,U17,1,11.5
664,U17,2,10.7
664,U17,3,10.6
664,U17,4,10.7
664,U17,5,9.6
664,U17,6,8.9
664,U17,7,8.2
664,U17,8,9.3
664,U17,9,10.4
664,U17,10,9.8
664,U17,11,9.7
664,U17,12,9.6
665,U17,1,10.9
665,U17,2,10.3
665,U17,3,10.5
665,U17,4,10.4
665,U17,5,10
665,U17,7,10.6
665,U17,8,10.7
665,U17,9,9.8
665,U17,10,11
665,U17,11,11.5
665,U17,12,9.5
666,U17,1,8.9
666,U17,2,8.9
666,U17,3,9.1
666,U17,4,9.3
666,U17,5,9.5
666,U17,6,8.5
666,U17,7,9.1
666,U17,8,8.9
666,U17,9,9
666,U17,10,9.2
666,U17,11,8.9
666,U17,12,8.3
667,U17,1,9.7
667,U17,2,10.1
667,U17,3,10.4
667,U17,4,10.5
667,U17,5,10.2
667,U17,6,9.1
667,U17,7,9.3
667,U17,8,9.2
667,U17,9,10.1
667,U17,10,9.8
667,U17,11,9.3
667,U17,12,10.4
668,U17,1,10.9
668,U17,2,11.4
668,U17,3,11.4
668,U17,4,10.7
668,U17,5,10.9
668,U17,6,9.9
668,U17,7,10.9
668,U17,8,10.8
668,U17,9,9.8
668,U17,10,9.5
668,U17,11,10.4
668,U17,12,9.2
669,U17,1,11.9
669,U17,2,10.9
669,U17,3,11.7
669,U17,4,11.1
669,U17,5,12.5
669,U17,6,12.2
669,U17,7,12.2
669,U17,8,11.4
669,U17,9,11.3
669,U17,11,10.7
669,U17,12,10.5
670,U17,1,9.1
670,U17,2,8.5
670,U17,3,7.8
670,U17,4,8.9
670,U17,5,9.1
670,U17,6,9.7
670,U17,7,10.1
670,U17,8,10.1
670,U17,9,9.5
670,U17,10,10.2
670,U17,11,8.5
670,U17,12,8.9
671,U17,2,10.5
671,U17,3,11.4
671,U17,4,11.3
671,U17,5,10.4
671,U17,6,8.9
671,U17,7,10.4
671,U17,8,10.6
671,U17,9,10.6
671,U17,10,10.1
671,U17,11,9.4
671,U17,12,10
672,U17,1,10.2
672,U17,2,10.1
672,U17,3,10.3
672,U17,4,10.3
672,U17,5,9.9
672,U17,6,9.9
672,U17,8,11
672,U17,9,10.7
672,U17,10,10.1
672,U17,11,10.1
672,U17,12,10.3
673,U17,1,10.5
673,U17,2,9.7
673,U17,3,10.8
673,U17,4,10.7
673,U17,5,11.1
673,U17,6,10.4
673,U17,7,10.8
673,U17,8,11.1
673,U17,9,10.8
673,U17,10,9.8
673,U17,12,11.4
674,U17,1,8.4
674,U17,2,8.1
674,U17,3,8.4
674,U17,4,8.7
674,U17,6,9.2
674,U17,7,9.6
674,U17,8,9.9
674,U17,9,9.5
674,U17,10,9.4
674,U17,11,8.5
675,U17,1,8.4
675,U17,2,7.6
675,U17,3,7.4
675,U17,4,7.3
675,U17,5,7.8
675,U17,6,7
675,U17,7,6.5
675,U17,8,7.5
675,U17,9,7.7
675,U17,10,7.5
675,U17,11,6.9
675,U17,12,7.5
676,U17,1,8.9
676,U17,2,10.4
676,U17,3,9.8
676,U17,4,10.6
676,U17,5,9.6
676,U17,6,8.9
676,U17,7,10.1
676,U17,8,9.3
676,U17,9,10.3
676,U17,10,10
676,U17,11,10.1
676,U17,12,9.6
677,U17,1,8.6
677,U17,2,8.4
677,U17,3,9.1
677,U17,4,8.4
677,U17,5,8.2
677,U17,6,8.5
677,U17,7,8.7
677,U17,8,7.8
677,U17,9,8.1
677,U17,10,8.5
677,U17,11,8.5
677,U17,12,9.2
678,U17,1,9.8
678,U17,2,9.7
678,U17,3,8.9
678,U17,4,10
678,U17,5,8.8
678,U17,6,8.4
678,U17,7,9.5
678,U17,8,9.2
678,U17,9,9.5
678,U17,10,9.2
678,U17,11,9.1
678,U17,12,9.1
679,U18,1,12.5
679,U18,2,11.9
679,U18,3,11.7
679,U18,4,11.3
679,U18,5,11.2
679,U18,6,9.7
679,U18,7,10.8
679,U18,8,11.5
679,U18,9,11.4
679,U18,10,11.6
679,U18,11,12.7
679,U18,12,11.9
680,U18,1,9.8
680,U18,2,9.9
680,U18,3,9.1
681,U18,1,10
681,U18,2,10
681,U18,3,9.5
681,U18,4,10
681,U18,5,10.6
682,U18,1,10.4
682,U18,2,10.7
682,U18,3,11.3
682,U18,4,11.7
682,U18,5,11.5
682,U18,6,11.1
682,U18,7,11.4
682,U18,8,11.3
682,U18,9,11.3
682,U18,10,11.4
682,U18,11,10.7
683,U18,1,9.8
683,U18,2,10.5
683,U18,3,11.3
683,U18,4,9.8
683,U18,5,11.6
683,U18,6,10.4
683,U18,7,10.1
683,U18,8,10.9
683,U18,9,10.2
683,U18,10,10.6
683,U18,11,9.8
683,U18,12,9.8
684,U18,1,8.7
684,U18,2,9.2
684,U18,3,10.1
684,U18,4,9
684,U18,5,9.2
684,U18,6,9.5
684,U18,7,9.6
684,U18,8,9.7
684,U18,9,9.2
684,U18,10,10.4
684,U18,11,9.2
684,U18,12,9.8
685,U18,1,10.5
685,U18,2,10.3
685,U18,3,10.1
685,U18,4,9.2
685,U18,5,9.5
685,U18,6,9.8
685,U18,7,10
685,U18,8,9.7
685,U18,9,10.2
685,U18,10,10.2
685,U18,11,10.3
685,U18,12,9.4
686,U18,1,11.6
686,U18,2,10.6
686,U18,3,11.5
686,U18,4,10.9
686,U18,5,11.2
686,U18,6,10.9
686,U18,7,10.5
686,U18,8,10.7
686,U18,9,11.1
686,U18,10,10.6
686,U18,11,11.4
686,U18,12,10.8
687,U18,2,10.1
687,U18,3,10.6
687,U18,4,9.6
687,U18,5,10
687,U18,6,9.4
687,U18,8,10.4
687,U18,9,10.1
687,U18,10,10
687,U18,11,10.5
687,U18,12,10.7
688,U18,1,11.5
688,U18,2,11.5
688,U18,3,11.4
688,U18,4,10.6
688,U18,5,10.2
688,U18,6,10.9
688,U18,7,10.7
688,U18,8,10.4
688,U18,9,11
688,U18,10,11.4
688,U18,11,11.5
688,U18,12,11.4
689,U18,1,11.2
689,U18,2,10.8
689,U18,3,11.1
689,U18,5,10.7
689,U18,6,11.1
689,U18,7,10.7
689,U18,8,12.1
689,U18,9,12.2
689,U18,10,11.4
689,U18,11,11.2
689,U18,12,11.4
690,U18,1,11.2
690,U18,3,11.6
690,U18,4,11.4
690,U18,5,12.5
690,U18,6,12.4
690,U18,9,10.9
690,U18,10,11.5
690,U18,11,10.9
690,U18,12,10.6
691,U18,1,10
691,U18,2,9.9
691,U18,4,11.3
691,U18,5,11.5
691,U18,6,11.6
691,U18,7,11.4
691,U18,8,11.2
691,U18,9,11.6
691,U18,10,11.3
691,U18,11,10.9
691,U18,12,11.3
692,U18,1,10
692,U18,2,9.5
692,U18,3,9.7
692,U18,4,11.1
692,U18,5,10.5
692,U18,6,10.5
692,U18,7,9.6
692,U18,8,9.2
692,U18,10,10.3
692,U18,11,10.1
692,U18,12,9.7
693,U18,1,12.3
693,U18,2,11.6
693,U18,3,12.8
693,U18,4,11.9
693,U18,5,11.7
693,U18,6,11.6
693,U18,7,11.9
693,U18,8,11.8
693,U18,10,13.6
693,U18,11,12.7
693,U18,12,12
694,U18,1,8.2
694,U18,2,7.8
694,U18,3,8.8
694,U18,4,9.4
694,U18,5,9.4
694,U18,6,9.4
694,U18,7,9.3
694,U18,8,8.8
694,U18,9,7.7
694,U18,10,8.8
694,U18,11,8.5
694,U18,12,7.9
695,U18,1,10.7
695,U18,2,10.2
695,U18,3,9.7
695,U18,4,11.4
695,U18,5,11.1
695,U18,6,9.6
695,U18,7,9.8
695,U18,8,10.3
695,U18,9,10.3
695,U18,10,11.4
695,U18,11,9.9
695,U18,12,9.8
696,U18,1,10.2
696,U18,2,11.2
696,U18,3,9.9
696,U18,4,9.9
696,U18,5,10.1
696,U18,6,10
696,U18,7,10
696,U18,8,9.7
696,U18,9,10.1
696,U18,10,9.9
696,U18,11,10.4
696,U18,12,9.6
697,U18,1,10.1
697,U18,2,10.4
697,U18,3,10.8
697,U18,4,10.8
697,U18,5,9.4
697,U18,6,10
697,U18,7,10.9
697,U18,8,11.7
697,U18,9,10.9
697,U18,10,10.4
697,U18,11,9.7
697,U18,12,10.1
698,U18,1,10.8
698,U18,2,12
698,U18,3,10.4
698,U18,4,11
698,U18,5,10.9
698,U18,7,9.1
698,U18,8,9.7
698,U18,9,10.7
698,U18,10,11.2
698,U18,11,10.6
698,U18,12,10.6
699,U18,1,10.4
699,U18,2,11.1
699,U18,3,10.1
699,U18,5,9.3
699,U18,6,10.6
699,U18,7,9.5
699,U18,8,9.7
699,U18,9,10.7
699,U18,10,11.3
699,U18,11,10.7
699,U18,12,10.3
700,U18,1,11.1
700,U18,2,11.3
700,U18,3,10.5
700,U18,4,11.4
700,U18,5,10.9
700,U18,6,9.1
700,U18,7,10
700,U18,8,10.7
700,U18,9,11.1
700,U18,10,11.7
700,U18,11,10.9
700,U18,12,11.4
701,U18,1,9.8
701,U18,2,9.9
701,U18,3,9.8
701,U18,4,9.6
701,U18,5,10.4
701,U18,6,9.9
701,U18,7,10.3
701,U18,8,10
701,U18,9,10.2
701,U18,10,9.9
701,U18,11,9.6
701,U18,12,10.3
702,U18,1,11.6
702,U18,2,9.8
702,U18,3,9.4
702,U18,4,9.6
702,U18,5,9.8
702,U18,6,9.8
702,U18,7,10.5
702,U18,8,9.7
702,U18,9,9.3
702,U18,10,9.8
702,U18,11,10.4
702,U18,12,9.6
703,U18,1,11.9
703,U18,2,11.3
703,U18,3,10.9
703,U18,4,11
703,U18,5,11
703,U18,6,10.6
703,U18,7,10.1
703,U18,8,10.1
703,U18,9,10.5
703,U18,10,9.9
703,U18,11,10
703,U18,12,11.4
704,U18,1,12.2
704,U18,2,12.1
704,U18,3,11.5
704,U18,4,11.6
704,U18,5,12.5
704,U18,6,13.5
704,U18,7,12.7
704,U18,8,12.1
704,U18,9,12.9
704,U18,10,12.6
704,U18,11,12.5
704,U18,12,12.2
705,U18,2,12.2
705,U18,3,12.2
705,U18,4,12.1
705,U18,5,12
705,U18,6,12.4
705,U18,7,12
705,U18,8,13
705,U18,9,12.4
705,U18,10,12.2
705,U18,11,12.5
705,U18,12,12.1
706,U18,1,10.8
706,U18,2,10.3
706,U18,3,12
706,U18,4,11.4
706,U18,5,9.7
706,U18,6,10.4
706,U18,7,11.5
706,U18,8,10.6
706,U18,9,10
706,U18,10,9.8
706,U18,11,9.1
706,U18,12,10.7
707,U18,1,10.1
707,U18,2,10.5
707,U18,3,10.1
707,U18,5,10.8
707,U18,6,11.5
707,U18,7,10.8
707,U18,8,10.6
707,U18,9,11.1
707,U18,10,11.7
707,U18,11,11.1
707,U18,12,11.2
708,U18,1,11.1
708,U18,2,10.9
708,U18,3,10.9
708,U18,4,10.4
708,U18,5,11.3
708,U18,6,12.9
708,U18,7,12.6
708,U18,8,11.6
708,U18,9,10.5
708,U18,10,11.3
708,U18,11,11
708,U18,12,12.9
709,U18,1,11.6
709,U18,2,12
709,U18,3,12
709,U18,4,13.4
709,U18,5,13.8
709,U18,6,13.8
709,U18,7,13.3
709,U18,8,14.2
709,U18,9,14.9
709,U18,10,14.4
709,U18,11,14.3
710,U18,1,9.3
710,U18,2,9.2
710,U18,3,8.7
710,U18,4,8.6
710,U18,5,9.1
710,U18,6,9.8
710,U18,7,9.2
710,U18,8,9.7
710,U18,9,9.5
710,U18,10,9.4
710,U18,11,9.4
710,U18,12,10.3
711,U18,1,11.8
711,U18,2,11.7
711,U18,3,11
711,U18,4,11.1
711,U18,6,10.6
711,U18,7,10.5
711,U18,8,11.1
711,U18,9,11.1
711,U18,10,10.7
711,U18,11,11.2
711,U18,12,11.3
712,U18,1,11.2
712,U18,2,11.8
712,U18,3,11.1
712,U18,4,9.9
712,U18,5,10.4
712,U18,6,8.9
712,U18,7,10.1
712,U18,8,10.5
712,U18,9,10.4
712,U18,10,11.1
712,U18,11,10.7
712,U18,12,10.3
713,U18,1,9.6
713,U18,2,9.3
713,U18,3,9.3
713,U18,4,10
713,U18,5,9.5
713,U18,6,8.7
713,U18,7,9
713,U18,8,9.8
713,U18,9,10.7
713,U18,10,9.7
713,U18,11,8.7
713,U18,12,9.7
714,U18,1,8.9
714,U18,2,7.3
714,U18,3,7.4
714,U18,4,8.5
714,U18,5,8.2
714,U18,6,9.1
714,U18,7,8.4
714,U18,8,8.8
714,U18,9,8.4
714,U18,10,8.3
714,U18,11,8.1
714,U18,12,9.3
715,U18,1,10.6
715,U18,2,11.1
715,U18,3,11.4
715,U18,4,11.3
715,U18,5,11.3
715,U18,6,10.6
715,U18,7,10.1
716,U18,1,10.5
716,U18,2,10.1
716,U18,3,10
716,U18,4,10
716,U18,5,10.4
716,U18,6,9.9
716,U18,7,10.2
716,U18,8,9.4
716,U18,9,8.8
716,U18,10,10.1
716,U18,11,9.6
717,U18,2,10.1
717,U18,3,11.6
717,U18,4,11.2
717,U18,5,11.2
717,U18,6,11.1
717,U18,7,11.5
717,U18,8,10.7
717,U18,9,10.9
717,U18,10,11.5
717,U18,11,11.1
717,U18,12,10.5
718,U18,1,12.2
718,U18,2,11.3
718,U18,3,10.9
718,U18,4,11.6
718,U18,5,10.8
718,U18,6,10.6
718,U18,7,11.3
718,U18,8,11.4
718,U18,9,11.8
718,U18,10,11.2
718,U18,11,12
718,U18,12,11.6
719,U18,1,9.5
719,U18,2,9.4
719,U18,4,10.5
719,U18,5,11.5
719,U18,6,10.4
719,U18,7,10
719,U18,8,9.3
719,U18,9,9.3
719,U18,10,9.4
719,U18,11,10.4
719,U18,12,9.9
720,U18,2,9.8
720,U18,3,9.8
720,U18,5,11.6
720,U18,6,11.4
720,U18,7,11
720,U18,9,10.9
720,U18,10,11.1
720,U18,11,10.8
720,U18,12,11
721,U18,1,9.7
721,U18,2,10.5
721,U18,3,10.8
721,U18,4,11.5
721,U18,5,10
721,U18,6,10.2
721,U18,7,10.5
721,U18,8,9.6
721,U18,9,9.3
721,U18,10,9.9
721,U18,11,9.7
721,U18,12,9.9
722,U18,1,12.1
722,U18,2,12.2
722,U18,3,11.4
722,U18,5,12
722,U18,6,12.3
722,U18,7,13.5
722,U18,9,13
722,U18,10,12.9
722,U18,11,12.4
722,U18,12,13.1
723,U18,1,9.4
723,U18,2,9.4
723,U18,3,9.7
723,U18,4,9.8
723,U18,5,9
723,U18,6,9.1
723,U18,7,8.6
723,U18,8,9
723,U18,9,9.4
723,U18,10,8.9
723,U18,11,8.9
724,U18,1,9.8
724,U18,2,10.2
724,U18,3,9.2
724,U18,6,10.8
724,U18,7,9.5
724,U18,8,9.7
724,U18,9,11.2
724,U18,10,10.2
724,U18,11,10.9
724,U18,12,10.2
725,U18,1,9
725,U18,3,10.2
725,U18,4,11
725,U18,5,9.4
725,U18,6,9.2
725,U18,7,9.2
725,U18,8,8.6
725,U18,9,8.6
725,U18,10,9.8
725,U18,11,9.2
725,U18,12,9.3
726,U18,1,12.7
726,U18,2,12.7
726,U18,3,12.4
726,U18,4,12.2
726,U18,5,12
726,U18,6,12.4
726,U18,7,12.2
726,U18,8,11.9
726,U18,9,12
726,U18,10,12.2
726,U18,11,11.9
726,U18,12,12.7
727,U18,1,10.1
727,U18,2,10.7
727,U18,3,9.7
727,U18,4,10
727,U18,5,9.2
727,U18,6,9.3
727,U18,7,9.2
727,U18,8,8.4
727,U18,9,9.3
727,U18,10,9.9
727,U18,11,9.9
727,U18,12,10.5
728,U18,1,9.1
728,U18,2,9.6
728,U18,3,9.2
728,U18,4,8.5
728,U18,5,8.8
728,U18,6,8.6
728,U18,7,9.9
728,U18,8,9.9
728,U18,9,9.1
728,U18,10,9.1
728,U18,11,9.8
728,U18,12,10.1
729,U18,1,9.7
729,U18,2,9.8
729,U18,4,10.6
729,U18,5,10.2
729,U18,6,10.6
729,U18,7,10.2
729,U18,8,11
729,U18,9,9.6
729,U18,10,9.7
729,U18,11,8.9
729,U18,12,9.4
730,U18,1,12.2
730,U18,2,12.6
730,U18,3,11.2
730,U18,4,11.3
730,U18,5,11.1
730,U18,6,11
730,U18,7,12
730,U18,9,11.1
730,U18,10,10.3
730,U18,11,11.5
730,U18,12,12.8
731,U18,1,11.3
731,U18,2,11.7
731,U18,3,11.2
731,U18,4,11.2
731,U18,5,12.5
731,U18,6,12
731,U18,7,12.7
731,U18,8,11.6
731,U18,9,11.7
731,U18,10,11
731,U18,11,11.9
731,U18,12,11
732,U18,1,12.1
732,U18,2,11.5
732,U18,3,11.1
732,U18,4,10.9
732,U18,5,11.6
732,U18,6,12.3
732,U18,7,11.6
732,U18,8,11.5
732,U18,9,11.1
732,U18,10,11.9
732,U18,11,11.7
732,U18,12,10.9
733,U18,1,9.6
733,U18,2,10.2
733,U18,3,9.8
733,U18,4,9.4
733,U18,5,9.3
733,U18,6,10.7
733,U18,7,10.4
733,U18,9,10.3
733,U18,10,9.2
733,U18,11,9.6
733,U18,12,10.8
734,U18,1,11
734,U18,2,11.6
734,U18,3,10.4
734,U18,4,10.9
734,U18,5,10.5
734,U18,6,10.5
734,U18,7,11.1
734,U18,8,10.2
734,U18,9,10.8
734,U18,10,11
734,U18,11,10.9
734,U18,12,11.1
735,U18,2,10.7
735,U18,3,10.8
735,U18,4,11
735,U18,5,10.8
735,U18,6,11.4
735,U18,7,11.8
735,U18,8,11.2
735,U18,9,11.7
735,U18,10,12.2
735,U18,11,11.6
735,U18,12,11.6
736,U18,1,11.1
736,U18,2,10.6
736,U18,3,10.1
736,U18,4,10
736,U18,5,10.3
736,U18,6,10.5
736,U18,7,10.1
736,U18,8,10.1
736,U18,9,10.6
736,U18,10,11.4
736,U18,11,11.7
736,U18,12,10.7
737,U19,1,10.2
737,U19,2,10
737,U19,3,9.6
737,U19,4,10.9
737,U19,5,11.1
737,U19,6,11.5
737,U19,8,10.6
737,U19,9,9.7
737,U19,10,10
737,U19,11,10.5
737,U19,12,11.3
738,U19,1,10.7
738,U19,2,10.6
738,U19,3,10
738,U19,4,9.9
738,U19,5,10.3
738,U19,6,11.6
738,U19,7,11.6
738,U19,8,10.4
738,U19,9,9.5
738,U19,10,9.3
738,U19,11,9.6
738,U19,12,10.1
739,U19,1,12.4
739,U19,3,12.2
739,U19,4,12.6
739,U19,5,11.7
739,U19,6,11.5
739,U19,7,11.3
739,U19,8,10.3
739,U19,9,10.6
739,U19,10,10.2
739,U19,11,10.2
739,U19,12,10.4
740,U19,1,11.5
740,U19,2,12
740,U19,3,11.6
740,U19,4,11.8
740,U19,5,11.3
740,U19,6,11.7
740,U19,7,11.9
740,U19,8,11.8
740,U19,9,11.9
741,U19,1,9.4
741,U19,2,9.8
741,U19,3,9.8
741,U19,4,10.5
741,U19,5,8.9
741,U19,6,9.3
741,U19,7,9.3
741,U19,8,10.2
741,U19,9,10
741,U19,10,9.1
741,U19,11,10.4
741,U19,12,10.6
742,U19,1,10
742,U19,2,9.7
742,U19,3,10.1
742,U19,4,9.8
742,U19,5,10.2
742,U19,6,9.8
742,U19,7,9.5
742,U19,8,9.6
742,U19,9,9.4
742,U19,10,9.2
742,U19,11,9.9
742,U19,12,10.4
743,U19,1,9.4
743,U19,2,9.5
743,U19,3,10.1
743,U19,4,9.6
743,U19,5,9.7
743,U19,6,8.6
743,U19,7,8.6
743,U19,8,9.1
743,U19,9,8.4
743,U19,11,8.7
743,U19,12,8.7
744,U19,1,8.7
744,U19,2,8.9
744,U19,3,8.5
744,U19,4,10
744,U19,5,10.2
744,U19,6,8.4
744,U19,7,8.9
744,U19,8,8.2
744,U19,9,8.3
744,U19,10,7.7
744,U19,11,8.8
744,U19,12,9.2
745,U19,1,10.7
745,U19,2,10.9
745,U19,3,10.1
745,U19,4,9.3
745,U19,5,9.5
745,U19,6,10.1
745,U19,7,10.7
745,U19,8,10.9
745,U19,9,10.2
745,U19,10,10.7
745,U19,11,11.3
745,U19,12,11
746,U19,1,12.3
746,U19,2,12.6
746,U19,3,11.4
746,U19,4,11.2
746,U19,5,11.4
746,U19,6,10.4
746,U19,7,10.9
746,U19,8,11.8
746,U19,9,12
746,U19,10,12.2
746,U19,11,12.4
746,U19,12,12.3
747,U19,1,9.5
747,U19,2,8.8
747,U19,3,9.1
747,U19,4,8.6
747,U19,5,9.3
747,U19,6,9.9
747,U19,7,10.2
747,U19,8,9.7
747,U19,9,9.3
747,U19,10,8.4
747,U19,12,8
748,U19,1,10
748,U19,2,11.1
748,U19,3,10.5
748,U19,4,9.7
748,U19,5,10.5
748,U19,6,10.2
748,U19,7,9.9
748,U19,9,10
748,U19,10,9.6
748,U19,11,10.1
748,U19,12,10.8
749,U19,1,11.1
749,U19,2,10.9
749,U19,3,10.5
749,U19,4,11.2
749,U19,5,11.3
749,U19,6,10.5
749,U19,7,10.4
749,U19,8,10.6
749,U19,9,10
749,U19,10,10
749,U19,11,9.8
749,U19,12,10.4
750,U19,1,8.1
750,U19,2,8.3
750,U19,3,9
750,U19,4,7.2
750,U19,5,8.4
750,U19,6,9.3
750,U19,7,9.6
750,U19,8,9
750,U19,10,8.5
750,U19,11,8.5
750,U19,12,9.2
751,U19,1,8.1
751,U19,3,9.3
751,U19,4,8.9
751,U19,5,8.2
751,U19,6,8.2
751,U19,7,8.3
751,U19,8,8.3
751,U19,10,7.9
751,U19,11,8.4
751,U19,12,8.8
752,U19,1,7.2
752,U19,2,7.7
752,U19,3,7.9
752,U19,5,8.1
752,U19,6,8.9
752,U19,7,8.7
752,U19,8,8.9
752,U19,9,9.2
752,U19,10,8
752,U19,11,8.6
752,U19,12,8.4
753,U19,1,9.3
753,U19,2,9.1
753,U19,3,8.8
753,U19,4,8.3
753,U19,5,8.1
753,U19,6,8.5
753,U19,7,9.6
753,U19,8,9
753,U19,9,7.9
753,U19,11,9.8
753,U19,12,10
754,U19,1,10.8
754,U19,2,10.6
754,U19,3,9.7
754,U19,4,9.7
754,U19,5,9.5
754,U19,6,9.9
754,U19,7,9.7
754,U19,8,9.8
754,U19,10,10.3
754,U19,11,11
754,U19,12,10.2
755,U19,1,9.3
755,U19,2,9.7
755,U19,3,9.2
755,U19,4,10
755,U19,5,10.6
755,U19,6,10.1
755,U19,7,8.9
755,U19,8,9.5
755,U19,9,9.3
755,U19,10,9.6
755,U19,11,9.7
755,U19,12,9.9
756,U19,1,9.3
756,U19,2,10
756,U19,3,9.6
756,U19,4,8.5
756,U19,6,8
756,U19,7,8.5
756,U19,8,9.1
756,U19,9,9.3
756,U19,10,9.9
756,U19,11,9.3
756,U19,12,9.3
757,U19,1,9.1
757,U19,2,9.1
757,U19,3,9.5
757,U19,4,9.7
757,U19,5,10.4
757,U19,6,9.9
757,U19,7,10.2
757,U19,8,10.4
757,U19,10,8.5
757,U19,11,8.6
757,U19,12,8.8
758,U19,2,11
758,U19,3,11.3
758,U19,4,9.3
758,U19,5,10.9
758,U19,6,10.1
758,U19,7,10.7
758,U19,8,11
758,U19,9,10.7
758,U19,10,11.3
758,U19,11,11.1
758,U19,12,11.6
759,U19,1,8.3
759,U19,2,8.6
759,U19,3,9.3
759,U19,4,9.8
759,U19,5,9.7
759,U19,6,10.7
759,U19,7,9.6
759,U19,8,9.9
759,U19,9,9.3
759,U19,10,9.2
759,U19,11,9.5
759,U19,12,8.9
760,U19,1,10.5
760,U19,2,10.5
760,U19,3,11
760,U19,4,10.5
760,U19,5,10.6
760,U19,6,10.3
760,U19,8,11.1
760,U19,9,10.9
760,U19,10,10.4
760,U19,11,9.9
760,U19,12,10.2
761,U19,1,9.7
761,U19,2,10.3
761,U19,3,10.6
761,U19,4,10.5
761,U19,5,9.9
761,U19,6,9.3
761,U19,7,8.9
761,U19,8,9.5
761,U19,9,8.5
761,U19,10,8.6
761,U19,11,8.9
761,U19,12,8.1
762,U19,1,8.7
762,U19,2,9.5
762,U19,3,8.9
762,U19,4,8.9
762,U19,5,9.2
762,U19,6,9.3
762,U19,8,8.6
762,U19,9,8.6
762,U19,10,8.9
762,U19,11,8.3
762,U19,12,8.2
763,U19,1,9.8
763,U19,2,10
763,U19,3,10.1
763,U19,4,10
763,U19,5,10.1
763,U19,6,9.8
763,U19,7,10.5
763,U19,8,10
763,U19,9,9.1
763,U19,10,10.3
763,U19,11,10.5
763,U19,12,10.6
764,U19,1,10.7
764,U19,2,10.5
764,U19,3,10
764,U19,4,9.3
764,U19,5,9.6
764,U19,6,10.2
764,U19,7,10.7
764,U19,9,9.9
765,U19,1,8.5
765,U19,2,8.7
765,U19,3,9.2
765,U19,4,9.6
765,U19,5,8.6
765,U19,6,8.7
765,U19,7,9.5
765,U19,8,8
765,U19,9,8.4
765,U19,10,8.8
765,U19,11,9.1
765,U19,12,8.7
766,U19,1,11.2
766,U19,2,10.8
766,U19,3,11.3
766,U19,4,11
766,U19,5,11.3
766,U19,6,11.4
766,U19,7,12.4
766,U19,8,11.3
766,U19,9,11.1
766,U19,10,11.3
766,U19,11,12.2
766,U19,12,11.8
767,U19,1,8.8
767,U19,2,9.4
767,U19,3,10.4
767,U19,4,10.5
767,U19,5,10.2
767,U19,7,9.6
767,U19,8,9.5
767,U19,10,10.5
767,U19,11,10.8
767,U19,12,10.2
768,U19,1,10.4
768,U19,2,10.6
768,U19,3,10.4
768,U19,4,11.2
768,U19,5,10.3
768,U19,6,11
768,U19,7,9.9
768,U19,8,10.7
768,U19,9,9.6
768,U19,10,11.3
768,U19,11,11.1
769,U19,1,8.9
769,U19,2,8.3
769,U19,3,7.4
769,U19,5,8.3
769,U19,6,7.2
769,U19,7,6.5
769,U19,8,7.3
769,U19,9,8.3
769,U19,10,8
769,U19,11,8.6
770,U19,1,10.5
770,U19,2,10.6
770,U19,3,10.3
770,U19,4,9.4
770,U19,5,9.5
770,U19,6,10.2
770,U19,7,10.6
770,U19,8,9.9
770,U19,9,9.8
770,U19,10,9.1
770,U19,11,9.3
770,U19,12,10
771,U19,2,8.6
771,U19,3,9.4
771,U19,4,9
771,U19,5,8.8
771,U19,6,8.7
771,U19,8,8.7
771,U19,9,8.3
771,U19,10,8.8
771,U19,11,9.1
771,U19,12,10.1
772,U19,1,11.3
772,U19,2,10
772,U19,3,10.2
772,U19,5,9.5
772,U19,6,9.7
772,U19,7,9.3
772,U19,8,9.9
772,U19,9,10
772,U19,10,10.4
772,U19,11,11
772,U19,12,9.9
773,U19,1,10.3
773,U19,2,9.8
773,U19,3,10
773,U19,4,9.3
773,U19,5,9.7
773,U19,6,9.9
773,U19,7,10.2
773,U19,8,9.3
773,U19,9,8.9
773,U19,10,9.4
773,U19,11,9.4
773,U19,12,9.7
774,U19,1,9.1
774,U19,2,9.8
774,U19,3,10.1
774,U19,4,10
774,U19,5,9.8
774,U19,6,9.4
774,U19,7,9.8
774,U19,8,9.8
774,U19,9,9.5
774,U19,10,9.5
774,U19,11,9.6
774,U19,12,9
775,U19,1,10.8
775,U19,2,10.3
775,U19,4,9.7
775,U19,5,10.8
775,U19,7,11.7
775,U19,8,10.5
775,U19,9,11.1
775,U19,10,10.8
775,U19,11,11.5
775,U19,12,11.7
776,U19,1,9.5
776,U19,2,9.5
776,U19,3,9.7
776,U19,4,9.7
776,U19,5,9.5
776,U19,6,9.9
776,U19,7,10
776,U19,8,9.6
776,U19,9,9.3
776,U19,11,9.6
776,U19,12,8.9
777,U19,1,7.9
777,U19,2,9.3
777,U19,3,10.1
777,U19,4,10.1
777,U19,5,9.1
777,U19,6,9.2
777,U19,7,8.8
777,U19,8,8.7
777,U19,9,8.7
777,U19,10,9.3
777,U19,11,8.7
777,U19,12,10.2
778,U19,2,10
778,U19,3,9.6
778,U19,5,10.4
778,U19,6,10.4
778,U19,7,10.5
778,U19,8,10.4
778,U19,9,9.8
778,U19,10,10
778,U19,11,8.9
778,U19,12,9.5
779,U19,1,9.9
779,U19,2,9
779,U19,3,9.6
779,U19,5,9.9
779,U19,6,11.1
779,U19,7,10.3
779,U19,8,10.4
779,U19,9,10.3
779,U19,10,9.7
779,U19,11,11.2
779,U19,12,11.4
780,U19,1,8.7
780,U19,2,7.6
780,U19,3,7.9
780,U19,4,9.1
780,U19,5,8.2
780,U19,6,7.4
780,U19,7,7
780,U19,8,8.5
780,U19,9,8.8
780,U19,10,8.2
780,U19,11,8.3
780,U19,12,8.4
781,U19,1,8.8
781,U19,2,8.7
781,U19,3,8.6
781,U19,4,7.8
781,U19,5,8.2
781,U19,6,7.8
781,U19,7,7.2
781,U19,8,7.6
781,U19,9,8.5
781,U19,11,6.8
781,U19,12,7.2
782,U20,1,11.9
782,U20,2,12.2
782,U20,3,12.2
782,U20,4,12.6
782,U20,5,12.9
782,U20,6,12
782,U20,7,12.6
782,U20,8,13
782,U20,9,13.2
782,U20,10,11.9
782,U20,11,11.4
782,U20,12,11.4
783,U20,1,8.9
783,U20,2,9.5
783,U20,3,9.3
783,U20,4,10.1
783,U20,5,9.8
783,U20,6,9.6
783,U20,7,9.1
783,U20,8,9
783,U20,9,9.6
783,U20,10,9.8
783,U20,11,9
783,U20,12,9.5
784,U20,1,13
784,U20,2,12.7
784,U20,3,12.2
784,U20,4,11.6
784,U20,5,11.3
784,U20,6,10.6
784,U20,7,11.8
784,U20,8,12.5
784,U20,9,12.5
784,U20,10,12.2
784,U20,11,12.4
784,U20,12,12.1
785,U20,1,8.7
785,U20,2,9.8
785,U20,3,8.6
785,U20,5,8.6
785,U20,6,8.6
785,U20,7,8.9
785,U20,8,9.1
785,U20,9,10.3
785,U20,10,10.3
785,U20,11,9.1
786,U20,1,7.7
786,U20,2,7.8
786,U20,3,8
786,U20,4,8.3
786,U20,5,7.9
786,U20,6,8.8
786,U20,7,9.5
786,U20,8,9
786,U20,9,8.6
786,U20,10,8
786,U20,11,8.3
786,U20,12,8.4
787,U20,1,10.1
787,U20,2,10.3
787,U20,3,10.4
787,U20,4,9.7
787,U20,5,9.8
787,U20,6,9.5
787,U20,7,10.3
787,U20,8,10.3
787,U20,9,10.6
787,U20,10,10.2
787,U20,11,9.9
787,U20,12,9.5
788,U20,1,11.2
788,U20,2,10.3
788,U20,3,10.2
788,U20,4,11.3
788,U20,5,10.6
788,U20,6,11.4
788,U20,7,12
788,U20,8,11.7
788,U20,9,11.4
788,U20,10,10.9
788,U20,11,10.9
788,U20,12,10.3
789,U20,1,9.1
789,U20,2,9.4
789,U20,3,9.7
789,U20,4,9.2
789,U20,5,8
789,U20,6,9.2
789,U20,7,8.9
789,U20,8,9.6
789,U20,9,8.8
789,U20,10,9.6
789,U20,11,9
789,U20,12,8.6
790,U20,1,11.8
790,U20,2,11.7
790,U20,3,10.6
790,U20,4,9.8
790,U20,5,9.6
790,U20,6,10.6
790,U20,7,9.4
790,U20,8,9.9
790,U20,9,10.7
790,U20,10,11.5
790,U20,11,10.3
790,U20,12,9.7
791,U20,1,10.8
791,U20,2,10.7
791,U20,3,10.3
791,U20,4,10.8
791,U20,5,10.9
791,U20,6,11.3
791,U20,7,11.5
791,U20,8,10.2
791,U20,9,11.1
791,U20,10,11.1
791,U20,11,10.6
791,U20,12,10.4
792,U20,1,9.3
792,U20,2,9
792,U20,3,8.8
792,U20,4,9.8
792,U20,5,9.4
792,U20,6,9
792,U20,7,8.2
792,U20,8,8.3
792,U20,9,8.9
792,U20,10,10.5
792,U20,11,10.9
792,U20,12,9.8
793,U20,1,8.6
793,U20,2,7.9
793,U20,3,7.9
793,U20,5,9.4
793,U20,6,8.4
793,U20,7,8.8
793,U20,8,9.8
793,U20,9,9.7
793,U20,10,10.5
793,U20,11,9.4
793,U20,12,10.1
794,U20,1,9.2
794,U20,2,10.4
794,U20,3,11
794,U20,4,10.8
794,U20,5,10.6
794,U20,6,9.4
794,U20,7,9.8
794,U20,8,9.9
794,U20,9,10
794,U20,11,9.6
794,U20,12,8.6
795,U20,1,10
795,U20,2,9.2
795,U20,3,9.6
795,U20,4,9.9
795,U20,5,8.6
795,U20,6,7.6
795,U20,7,8.5
795,U20,9,8.6
795,U20,10,9.2
795,U20,11,9.6
795,U20,12,8.6
796,U20,1,10.1
796,U20,2,9.9
796,U20,3,10
796,U20,4,9.6
796,U20,5,9.6
796,U20,6,9.7
796,U20,7,9.2
796,U20,8,10.2
796,U20,9,10.1
796,U20,10,9.8
796,U20,11,10.5
796,U20,12,9.3
797,U20,1,8.4
797,U20,2,7.9
797,U20,3,10.1
797,U20,4,9.9
797,U20,5,9.9
797,U20,6,9.9
797,U20,7,10.8
797,U20,8,10.2
797,U20,9,9.7
797,U20,10,9.1
797,U20,11,8.9
797,U20,12,8.9
798,U20,1,10.5
798,U20,2,10.8
798,U20,3,10.2
798,U20,4,10.6
798,U20,5,10.4
798,U20,6,10.9
798,U20,8,11.3
798,U20,10,11.8
798,U20,11,11.6
798,U20,12,11.1
799,U20,1,10.4
799,U20,2,11.6
799,U20,3,11.1
799,U20,4,12.1
799,U20,5,12.7
799,U20,6,13
799,U20,7,12.8
799,U20,8,12.4
799,U20,9,12.3
799,U20,10,12.3
799,U20,11,12
800,U20,1,8.8
800,U20,2,8.2
800,U20,3,7.7
800,U20,4,8.7
800,U20,5,8.8
800,U20,6,8.5
800,U20,7,8
800,U20,8,8.5
800,U20,9,9.1
800,U20,10,8.4
800,U20,12,7.5
801,U20,1,9.9
801,U20,2,9.2
801,U20,3,10.7
801,U20,4,9.6
801,U20,5,9.7
801,U20,6,10.3
801,U20,7,10
801,U20,9,8.9
801,U20,10,9.3
801,U20,11,9.2
801,U20,12,9.3
802,U20,1,10.4
802,U20,2,10
802,U20,3,11
802,U20,4,9.5
802,U20,5,9.6
802,U20,6,11
802,U20,7,10.3
802,U20,8,10.5
802,U20,9,10.6
802,U20,10,9.7
802,U20,11,9.1
802,U20,12,8.7
803,U20,1,9.3
803,U20,2,10.2
803,U20,3,10.3
803,U20,4,10.5
803,U20,5,10.7
803,U20,6,10.4
803,U20,7,11.8
803,U20,8,11.2
803,U20,9,11.3
803,U20,10,11.3
803,U20,11,10.6
803,U20,12,11.1
804,U20,1,9.8
804,U20,2,9.9
804,U20,3,9.7
804,U20,4,9.9
804,U20,5,9.9
804,U20,6,9.6
804,U20,7,8.7
804,U20,8,9.6
804,U20,9,9.3
804,U20,10,9
804,U20,11,9.5
804,U20,12,9.5
805,U20,1,9.6
805,U20,2,8.9
805,U20,3,9.2
805,U20,4,10.1
805,U20,5,10.5
805,U20,6,11.1
805,U20,7,9.7
805,U20,8,9.3
805,U20,9,10.3
805,U20,10,10.4
805,U20,11,9.6
805,U20,12,9.7
806,U20,1,9.3
806,U20,2,9.1
806,U20,3,9.9
806,U20,4,9.3
806,U20,5,9.3
806,U20,6,10.2
806,U20,7,9.7
806,U20,8,9.5
806,U20,9,8.9
806,U20,10,8.7
806,U20,11,8.5
806,U20,12,9.4
807,U20,1,10.9
807,U20,2,9.9
807,U20,3,10.8
807,U20,4,10
807,U20,5,11.3
807,U20,6,10.7
807,U20,7,10.9
807,U20,8,10
807,U20,9,9.8
807,U20,11,9.4
807,U20,12,9.4
808,U20,1,9.6
808,U20,2,9.4
808,U20,3,10.3
808,U20,4,10.1
808,U20,5,9.5
808,U20,6,10.2
808,U20,7,10.4
808,U20,8,10.8
808,U20,9,8.8
808,U20,11,9.5
808,U20,12,9.5
809,U20,1,7.5
809,U20,2,8.7
809,U20,3,8.4
809,U20,4,7.9
809,U20,5,8.3
809,U20,6,7.4
809,U20,7,7.4
809,U20,8,8.2
809,U20,9,8.6
809,U20,10,7.9
809,U20,11,9.6
809,U20,12,8.2
810,U20,1,9.2
810,U20,3,8.4
810,U20,4,8.2
810,U20,5,8.1
810,U20,6,9.3
810,U20,8,8.4
810,U20,9,9.4
810,U20,10,9.5
810,U20,11,9.3
810,U20,12,9.5
811,U20,1,10.5
811,U20,2,9.7
811,U20,3,9.8
811,U20,4,9.5
811,U20,5,9.2
811,U20,6,9.7
811,U20,7,9.6
811,U20,8,9.5
811,U20,9,9.8
811,U20,10,9.2
811,U20,11,9.9
811,U20,12,9.9
812,U20,1,9.3
812,U20,2,8.8
812,U20,3,9.3
812,U20,4,9.3
812,U20,5,10.4
812,U20,6,10.2
812,U20,7,9.2
812,U20,8,8.5
812,U20,9,9.6
812,U20,10,10.2
812,U20,11,9.9
812,U20,12,9.2
813,U20,1,9.8
813,U20,2,9.2
813,U20,3,8.7
813,U20,4,9.1
813,U20,5,9.2
813,U20,6,9.5
813,U20,7,9.9
813,U20,8,8.8
813,U20,9,8.9
813,U20,10,9.4
813,U20,11,9.7
814,U20,1,10.7
814,U20,2,10.8
814,U20,3,10.3
814,U20,4,9.9
814,U20,5,9.3
814,U20,6,9.7
814,U20,7,10.2
814,U20,8,11.5
814,U20,9,10.1
814,U20,10,10.4
814,U20,11,10.5
814,U20,12,10.5
815,U20,1,10.9
815,U20,2,9.8
815,U20,3,10.4
815,U20,4,10
815,U20,5,9.2
815,U20,6,9.6
815,U20,7,9.6
815,U20,9,10.4
815,U20,10,9.6
815,U20,11,10.2
815,U20,12,9.2
816,U20,1,8.1
816,U20,2,8.7
816,U20,4,8.1
816,U20,5,10.1
816,U20,6,9.4
816,U20,7,8.2
816,U20,8,8.2
816,U20,9,8.1
816,U20,10,7.9
816,U20,11,8.7
816,U20,12,8.1
817,U20,1,9.8
817,U20,2,9.8
817,U20,3,10.7
817,U20,4,9.2
817,U20,5,9.9
817,U20,6,10.3
817,U20,7,9.5
817,U20,8,9.9
817,U20,9,10.5
817,U20,10,10.8
817,U20,11,9.9
817,U20,12,9.9
818,U20,1,8.6
818,U20,2,8.3
818,U20,3,8.9
818,U20,4,9.8
818,U20,5,9.3
818,U20,6,9.7
818,U20,7,10.9
818,U20,8,10.1
818,U20,9,10.5
818,U20,10,9.8
818,U20,11,9.1
818,U20,12,9.6
819,U20,1,9.1
819,U20,2,8.6
819,U20,3,8.8
819,U20,4,8.1
819,U20,5,8.7
819,U20,6,8.6
819,U20,7,9.2
819,U20,8,9
819,U20,9,10.4
819,U20,10,10.4
819,U20,11,10.1
819,U20,12,9.6
820,U20,1,7.7
820,U20,2,8.6
820,U20,3,8
820,U20,4,8.5
820,U20,5,9
820,U20,6,9.2
820,U20,7,8.6
820,U20,8,8
820,U20,9,8.8
820,U20,10,9.1
820,U20,11,9.1
820,U20,12,8.3
821,U20,1,8.7
821,U20,2,9.1
821,U20,3,9.6
821,U20,4,10.5
821,U20,5,10.1
821,U20,6,9.1
821,U20,7,9
821,U20,8,10
821,U20,9,9.5
821,U20,10,9.2
821,U20,11,9.4
821,U20,12,8
822,U20,1,11.4
822,U20,2,11.6
822,U20,3,11.7
822,U20,4,11.8
822,U20,5,11.8
822,U20,7,10.7
822,U20,8,10.6
822,U20,9,11.2
822,U20,10,10.6
822,U20,11,11.4
822,U20,12,11.2
823,U20,1,10.6
823,U20,2,11.2
823,U20,3,10.2
823,U20,4,10.4
823,U20,5,10.6
823,U20,6,11.2
823,U20,7,10.5
823,U20,8,10.8
823,U20,9,11.4
823,U20,10,11.6
823,U20,11,11.6
823,U20,12,11.8
824,U20,1,11.2
824,U20,2,11
824,U20,3,10
824,U20,4,10.8
824,U20,5,11.7
824,U20,6,12.6
824,U20,7,11.1
824,U20,8,10.1
824,U20,9,10.7
824,U20,10,10.4
824,U20,11,10.6
824,U20,12,11.1
825,U20,1,8.7
825,U20,2,8.8
825,U20,3,9.3
825,U20,4,10.4
825,U20,5,9.7
825,U20,6,8.9
825,U20,7,10.4
825,U20,8,9.4
825,U20,9,8.1
825,U20,10,8.4
825,U20,11,8.9
825,U20,12,9.7
826,U20,1,10.3
826,U20,2,10.2
826,U20,3,10.7
826,U20,4,10.2
826,U20,5,11.2
826,U20,6,10.6
826,U20,7,10.5
826,U20,8,10.2
826,U20,9,10.4
826,U20,10,8.9
826,U20,11,9.9
827,U20,1,8
827,U20,3,7.2
827,U20,4,7
827,U20,5,7.6
827,U20,6,7.8
827,U20,8,7.5
827,U20,9,7.4
827,U20,10,7
827,U20,11,8.6
827,U20,12,8.6
828,U20,1,10
828,U20,2,10.6
828,U20,3,10.5
828,U20,4,10.3
828,U20,5,9.9
828,U20,6,10
828,U20,7,10.7
828,U20,8,11.1
828,U20,9,11.3
828,U20,10,10.3
828,U20,11,10.9
829,U20,1,9.8
829,U20,2,10.5
829,U20,3,9.3
829,U20,4,9
829,U20,5,8.9
829,U20,6,9.1
829,U20,7,9
829,U20,8,9.6
829,U20,9,9.3
829,U20,10,9.6
829,U20,11,9.7
829,U20,12,10.6
830,U20,1,10.4
830,U20,2,10.6
830,U20,3,10.9
830,U20,4,10.5
830,U20,5,10.2
830,U20,6,10.4
830,U20,7,9.5
830,U20,8,10.2
830,U20,9,9.8
830,U20,10,10.1
830,U20,11,9.9
830,U20,12,10.3
831,U20,1,9.8
831,U20,2,9.9
831,U20,3,10.4
831,U20,4,10.5
831,U20,5,10.2
831,U20,6,9.9
831,U20,8,11.8
831,U20,9,10.5
831,U20,10,11.4
831,U20,11,10.2
831,U20,12,9.1
832,U20,1,10
832,U20,2,10
832,U20,3,10.4
832,U20,4,10.6
832,U20,5,9.8
832,U20,6,9.9
832,U20,7,9.3
832,U20,8,9
832,U20,9,10.1
832,U20,10,9.4
832,U20,11,10.3
832,U20,12,10.9
833,U20,1,10.2
833,U20,2,10.1
833,U20,3,9.7
833,U20,4,9.5
833,U20,5,10.2
833,U20,6,9.8
833,U20,7,8.9
833,U20,8,9.3
833,U20,9,8.6
833,U20,10,8.9
833,U20,11,9.7
833,U20,12,9.5
834,U20,1,9.6
834,U20,2,9.6
834,U20,3,8.8
834,U20,4,9.5
834,U20,5,9.9
834,U20,6,9.6
834,U20,7,8.1
834,U20,8,9.3
834,U20,9,8.5
834,U20,10,8.7
834,U20,11,9.3
834,U20,12,8.2
835,U20,1,9.3
835,U20,2,8.7
835,U20,3,9.3
835,U20,4,9.8
835,U20,5,9.4
835,U20,6,9.1
835,U20,7,9.6
835,U20,8,9.9
835,U20,9,9.7
835,U20,10,9.9
835,U20,11,9.2
835,U20,12,9.2
836,U21,1,11.1
836,U21,2,11.1
836,U21,3,10.9
836,U21,4,10.9
836,U21,5,10.2
836,U21,6,10
836,U21,8,9.5
836,U21,9,9.6
836,U21,10,10.8
836,U21,11,10.9
836,U21,12,9.9
837,U21,1,10.5
837,U21,2,10.1
837,U21,3,10.9
837,U21,4,10.2
837,U21,5,10.9
837,U21,6,10.7
837,U21,7,12
837,U21,8,11.2
837,U21,9,10.4
837,U21,10,10.2
837,U21,11,10.1
837,U21,12,10.5
838,U21,1,11.2
838,U21,2,11.2
838,U21,3,10.4
838,U21,4,10.5
838,U21,5,11
838,U21,6,10.5
838,U21,7,11.7
838,U21,8,10.4
838,U21,9,10.7
838,U21,10,10.7
838,U21,11,11.6
838,U21,12,10.9
839,U21,1,11
839,U21,2,10.9
839,U21,3,10.6
839,U21,4,10.8
839,U21,5,9.1
839,U21,6,10.6
839,U21,7,11
839,U21,8,10.7
839,U21,9,11.2
839,U21,10,10.6
839,U21,11,11.2
839,U21,12,10.5
840,U21,1,11.7
840,U21,2,11.1
840,U21,3,11.3
840,U21,4,11.1
840,U21,5,10.6
840,U21,6,10.6
840,U21,7,9.9
840,U21,8,10.2
840,U21,9,10.1
840,U21,10,10.7
840,U21,11,10.4
840,U21,12,10.4
841,U21,1,10.7
841,U21,2,10.3
841,U21,3,9.3
841,U21,4,8.6
841,U21,5,9
841,U21,6,9.3
841,U21,8,10.2
841,U21,9,9.3
841,U21,10,9.8
841,U21,11,9.4
841,U21,12,8.3
842,U21,1,10.8
842,U21,2,11.6
842,U21,3,11.3
842,U21,4,10.9
842,U21,5,10.8
842,U21,6,12.1
842,U21,7,11.8
842,U21,8,11.7
842,U21,9,12.3
842,U21,10,11.5
842,U21,11,11.6
843,U21,1,10.1
843,U21,2,10.2
843,U21,3,9.6
843,U21,4,9
843,U21,5,9.8
843,U21,6,10.9
843,U21,8,8.4
843,U21,9,7.9
843,U21,10,8.7
843,U21,11,9.3
843,U21,12,10.4
844,U21,1,8.8
844,U21,2,8.4
844,U21,3,9.6
844,U21,4,8.1
844,U21,5,8.3
844,U21,6,9.4
844,U21,7,9
844,U21,8,8.4
844,U21,9,8.2
844,U21,10,8.4
844,U21,11,9.8
844,U21,12,10.1
845,U21,1,11.1
845,U21,2,11.7
845,U21,3,11.3
845,U21,4,10.9
845,U21,5,10.7
845,U21,6,11.6
845,U21,7,12.6
845,U21,8,11.9
845,U21,9,11.6
845,U21,10,11.7
845,U21,11,12.4
845,U21,12,11.2
846,U21,1,9.1
846,U21,2,8.7
846,U21,3,9.1
846,U21,4,9.6
846,U21,5,10.4
846,U21,6,10
846,U21,7,9.6
846,U21,8,9.6
846,U21,9,9.8
846,U21,10,10.1
846,U21,11,10.4
846,U21,12,9.1
847,U21,1,9.3
847,U21,2,8
847,U21,3,8.6
847,U21,4,8.6
847,U21,5,9.3
847,U21,6,8.9
847,U21,7,9.1
847,U21,8,8.3
848,U21,1,11.9
848,U21,2,11.9
848,U21,3,11.2
848,U21,4,11.2
848,U21,5,11.4
848,U21,6,11.5
848,U21,7,12.1
848,U21,8,12.3
848,U21,9,12.6
848,U21,10,12.3
848,U21,11,11.3
848,U21,12,11.4
849,U21,1,11.2
849,U21,2,12.2
849,U21,3,11.2
849,U21,4,12.7
849,U21,6,12
849,U21,7,12
849,U21,8,11.8
849,U21,9,12.4
849,U21,10,11.8
849,U21,11,11.1
849,U21,12,11.6
850,U21,1,10.8
850,U21,2,10.3
850,U21,3,9.6
850,U21,4,9.6
850,U21,5,10.4
850,U21,6,11.3
850,U21,7,11.5
850,U21,8,11.5
850,U21,9,11.3
850,U21,10,11.9
850,U21,11,11.9
850,U21,12,12.2
851,U21,1,12
851,U21,2,10.7
851,U21,3,10.2
851,U21,4,12
851,U21,5,12.6
851,U21,6,11.3
851,U21,7,11.2
851,U21,8,11
851,U21,9,10
851,U21,10,11.2
851,U21,11,11.7
851,U21,12,11.8
852,U21,1,12.5
852,U21,2,12.9
852,U21,3,13
852,U21,4,12.9
852,U21,5,12.6
852,U21,6,11.3
852,U21,7,11.2
852,U21,8,11.6
852,U21,9,11.8
852,U21,10,11.8
852,U21,11,13.2
852,U21,12,11.8
853,U21,1,11.5
853,U21,2,11.5
853,U21,3,12.1
853,U21,4,10.9
853,U21,5,10.3
853,U21,6,11.4
853,U21,7,10.7
853,U21,8,10.9
853,U21,9,10.6
853,U21,10,10.9
853,U21,11,12
853,U21,12,11.6
854,U21,1,12.1
854,U21,2,11.5
854,U21,3,11.4
854,U21,4,10.8
854,U21,5,10.6
854,U21,6,11.6
854,U21,7,12.3
854,U21,8,12.1
854,U21,9,12.3
854,U21,10,12.1
854,U21,11,11.6
854,U21,12,11
855,U21,1,10.1
855,U21,3,10.7
855,U21,4,11.8
855,U21,5,11.8
855,U21,6,11.4
855,U21,7,10.5
855,U21,8,11.7
855,U21,9,10.6
855,U21,10,10.7
855,U21,11,11.5
855,U21,12,10.5
856,U21,1,11.1
856,U21,2,10.4
856,U21,3,10.1
856,U21,4,10.3
856,U21,5,10.9
856,U21,6,11.1
856,U21,7,12.4
856,U21,8,12.4
856,U21,9,11.6
856,U21,10,11.6
856,U21,11,11.8
856,U21,12,10.7
857,U21,1,9.1
857,U21,2,9.4
857,U21,3,9.6
857,U21,4,8.9
857,U21,5,7.9
857,U21,6,9.4
857,U21,7,9.4
857,U21,8,9.1
857,U21,9,8.9
857,U21,10,8.7
857,U21,11,8.9
857,U21,12,10
858,U21,1,11
858,U21,2,11.9
858,U21,3,11.8
858,U21,4,12.2
858,U21,5,11.3
858,U21,6,11.1
858,U21,7,10.8
858,U21,8,10.3
858,U21,9,11.1
858,U21,10,10.5
858,U21,12,9.8
859,U21,1,12
859,U21,2,12.7
859,U21,3,12.1
859,U21,4,11.4
859,U21,5,11.7
859,U21,6,10.9
859,U21,7,10.7
859,U21,8,10.8
859,U21,9,11.1
859,U21,10,11.2
859,U21,11,11.4
859,U21,12,10.6
860,U21,1,11.7
860,U21,2,11.3
860,U21,3,12.1
860,U21,4,11.6
860,U21,5,11.3
860,U21,6,12.2
860,U21,7,11.3
860,U21,8,11.3
860,U21,9,11.8
860,U21,10,11.9
860,U21,11,11.5
860,U21,12,10.9
861,U21,1,11.6
861,U21,2,12.2
861,U21,3,11.9
861,U21,4,12.9
861,U21,5,11.2
861,U21,6,12
861,U21,7,11.5
861,U21,8,11.2
861,U21,9,11.5
861,U21,10,11
861,U21,11,11.5
861,U21,12,12.3
862,U21,1,12.6
862,U21,2,11.9
862,U21,3,11.9
862,U21,4,11.3
862,U21,5,11.3
862,U21,6,11.3
862,U21,7,11.7
862,U21,8,11.8
862,U21,9,11.3
862,U21,10,11.6
862,U21,11,11.2
862,U21,12,12.4
863,U21,1,10.1
863,U21,2,11.6
863,U21,3,11.5
863,U21,4,11.7
863,U21,5,11.9
863,U21,6,11.8
863,U21,7,10.7
863,U21,8,10.2
863,U21,9,10.8
863,U21,10,11.4
863,U21,11,12.2
863,U21,12,11.9
864,U21,1,12.3
864,U21,2,12.6
864,U21,3,12.1
865,U21,1,11.3
865,U21,2,11.6
865,U21,3,11.7
865,U21,4,11.6
865,U21,5,11.4
865,U21,6,11.4
865,U21,7,11.5
865,U21,8,11.5
865,U21,9,11.3
865,U21,10,11.4
865,U21,11,10.2
865,U21,12,10.1
866,U21,1,12.2
866,U21,3,11.6
866,U21,4,12.6
866,U21,5,12
866,U21,6,11.8
866,U21,7,12.3
866,U21,8,11.5
866,U21,9,11.8
866,U21,10,12.3
866,U21,11,12.4
866,U21,12,12.5
867,U21,1,12.3
867,U21,2,11.9
867,U21,3,11.5
867,U21,4,11
867,U21,5,11
867,U21,6,11.2
867,U21,7,10.6
867,U21,8,10.9
867,U21,9,11.7
867,U21,10,9.9
867,U21,11,10.3
867,U21,12,8.3
868,U21,1,11.1
868,U21,2,12.2
868,U21,3,12.2
868,U21,4,12.6
868,U21,5,13.4
868,U21,6,11.8
868,U21,7,12.2
868,U21,8,11.5
868,U21,9,11.9
868,U21,10,12.1
868,U21,11,11.8
868,U21,12,11.5
869,U21,1,10.2
869,U21,3,10.2
869,U21,4,10.4
869,U21,5,9.9
869,U21,6,10.1
869,U21,7,10.3
869,U21,8,9.6
869,U21,9,9.7
869,U21,10,10
869,U21,12,10
870,U21,1,10.9
870,U21,2,11.2
870,U21,3,9.4
870,U21,4,10.1
870,U21,5,10.5
870,U21,6,9.8
870,U21,7,10.3
870,U21,8,10.3
870,U21,9,10.9
870,U21,10,9.9
870,U21,11,10.6
870,U21,12,10.1
871,U21,2,11.2
871,U21,3,11.4
871,U21,4,11.3
871,U21,5,10.9
871,U21,6,11
871,U21,7,11.5
871,U21,8,12.1
871,U21,9,11.3
871,U21,10,11.1
871,U21,11,12
871,U21,12,12.4
872,U21,1,9.9
872,U21,2,11.2
872,U21,3,10.9
872,U21,4,10.6
872,U21,5,11.3
872,U21,6,10.9
872,U21,7,11.3
872,U21,8,10.8
872,U21,9,12.4
872,U21,10,11.6
872,U21,11,11.3
872,U21,12,11.1
873,U21,1,10.6
873,U21,2,10.9
873,U21,3,12
873,U21,5,12.8
873,U21,6,12.7
873,U21,7,12.6
873,U21,8,12
873,U21,9,11.2
873,U21,10,10.3
873,U21,11,11.3
873,U21,12,11.5
874,U21,1,12.2
874,U21,2,11.3
874,U21,3,11.6
874,U21,4,11.8
874,U21,5,11.3
874,U21,6,12.6
874,U21,7,11.7
874,U21,8,12
874,U21,9,11.6
874,U21,10,11.3
874,U21,11,12.1
874,U21,12,10.7
875,U21,1,10.4
875,U21,2,10.1
875,U21,3,10
875,U21,4,11.1
875,U21,5,9.9
875,U21,6,9.8
875,U21,7,9.3
875,U21,8,9.6
875,U21,9,10.1
875,U21,10,10.2
875,U21,11,10.2
875,U21,12,9.3
876,U21,1,11.5
876,U21,2,12.2
876,U21,3,11
876,U21,4,11
876,U21,5,11.5
876,U21,6,10.8
876,U21,7,11.4
876,U21,8,10.8
876,U21,9,10.9
876,U21,10,11.3
876,U21,11,10.6
876,U21,12,12.3
877,U21,1,8.1
877,U21,2,8.2
877,U21,3,8.6
877,U21,4,9.7
877,U21,6,10.3
877,U21,7,9.9
877,U21,8,10
877,U21,9,9.6
877,U21,10,9.2
877,U21,11,9.7
877,U21,12,9.5
878,U21,1,9.5
878,U21,2,9.9
878,U21,3,10
878,U21,4,10
878,U21,6,10.7
878,U21,8,10.4
878,U21,9,11.2
878,U21,10,9.6
878,U21,11,9.6
878,U21,12,9.2
879,U21,1,10.6
879,U21,2,11.8
879,U21,3,11.6
879,U21,4,10.4
879,U21,5,11.7
879,U21,6,11.1
879,U21,7,11.3
879,U21,8,12
879,U21,9,11.9
879,U21,10,11.3
879,U21,11,10.6
880,U21,1,10.8
880,U21,2,10.5
880,U21,3,10.9
880,U21,4,11.8
880,U21,5,12.1
880,U21,6,10.4
880,U21,7,10.7
880,U21,8,10.8
880,U21,9,11.3
880,U21,10,11.1
880,U21,12,10.2
881,U21,1,10.6
881,U21,2,11.3
881,U21,3,11.8
881,U21,4,11.3
881,U21,5,10.9
881,U21,6,11.2
881,U21,7,11.3
881,U21,8,11.6
881,U21,9,12.3
881,U21,10,11.4
881,U21,11,11.1
881,U21,12,10.2
882,U21,1,10.3
882,U21,2,9.6
882,U21,3,10.3
882,U21,5,9.8
882,U21,6,10
882,U21,7,8.7
882,U21,8,9.8
882,U21,9,10.3
882,U21,10,10.5
882,U21,11,9.6
882,U21,12,9.7
883,U21,1,13
883,U21,2,12.5
883,U21,3,12.9
883,U21,4,12.2
883,U21,5,11.5
883,U21,6,11.8
883,U21,7,11.3
883,U21,8,11
883,U21,9,12.6
883,U21,10,13.2
883,U21,11,11.8
883,U21,12,12.2
884,U21,1,11
884,U21,2,10.9
884,U21,3,10.2
884,U21,4,9.3
884,U21,5,9.7
884,U21,7,9.9
884,U21,8,9.4
884,U21,9,10
884,U21,11,10.7
884,U21,12,11
885,U21,1,10.2
885,U21,2,10.8
885,U21,3,10.7
885,U21,4,9.7
885,U21,5,9.1
885,U21,6,10
885,U21,7,10.1
885,U21,8,10
885,U21,9,9.8
885,U21,10,9.4
885,U21,11,10.4
885,U21,12,10
886,U21,1,8.7
886,U21,2,8.6
886,U21,3,9.2
886,U21,4,9.8
886,U21,5,9.4
886,U21,6,9.8
886,U21,7,9.5
886,U21,8,10.4
886,U21,9,9.8
886,U21,10,10
886,U21,11,10.5
887,U21,1,9.3
887,U21,2,8.2
887,U21,3,9
887,U21,4,9.5
887,U21,5,8.9
887,U21,6,9
887,U21,7,9.6
887,U21,8,8.9
887,U21,9,8.2
887,U21,10,8.5
887,U21,11,8
887,U21,12,8.3
888,U21,1,11.1
888,U21,2,11.6
888,U21,3,12.6
888,U21,4,11.3
888,U21,5,11.6
888,U21,6,11.6
888,U21,7,11.5
888,U21,8,10.3
888,U21,9,11.8
888,U21,10,12.1
888,U21,11,12.2
888,U21,12,11.7
889,U21,1,10.2
889,U21,2,10.3
889,U21,3,10.5
889,U21,4,9.3
889,U21,5,10.2
889,U21,6,9.7
889,U21,8,10.2
889,U21,9,10
889,U21,11,10.6
889,U21,12,10.1
890,U21,1,8.8
890,U21,2,8.5
890,U21,3,9.1
890,U21,4,9.5
890,U21,5,9.1
890,U21,6,10.1
890,U21,7,9.8
890,U21,8,10.4
890,U21,9,9.8
890,U21,10,9.6
890,U21,11,9.7
890,U21,12,9.9
891,U22,1,9.8
891,U22,2,9.8
891,U22,3,9.6
891,U22,4,9.4
891,U22,5,8.7
891,U22,6,9.1
891,U22,7,9.8
891,U22,8,10.3
891,U22,9,10.6
891,U22,10,10.1
891,U22,11,9.5
891,U22,12,8.8
892,U22,1,12.4
892,U22,2,12
892,U22,3,12.1
892,U22,4,11.2
892,U22,5,11.8
892,U22,6,11.5
892,U22,7,12
892,U22,8,11.8
892,U22,9,12.1
892,U22,10,11.3
892,U22,11,12
892,U22,12,12
893,U22,1,10.9
893,U22,2,10.8
893,U22,3,11.4
893,U22,4,10.7
893,U22,5,10.9
893,U22,6,10.6
893,U22,7,10.3
893,U22,9,10.2
893,U22,10,10.9
893,U22,11,10.7
893,U22,12,9.7
894,U22,1,11.3
894,U22,2,12.3
894,U22,3,10.9
894,U22,4,10.8
894,U22,5,12.4
894,U22,6,12
894,U22,7,11.3
894,U22,8,10.6
894,U22,9,11.1
894,U22,10,11.3
894,U22,12,10.3
895,U22,1,11.4
895,U22,2,11
895,U22,3,11.7
895,U22,4,11.5
895,U22,6,11.8
895,U22,7,13.2
895,U22,8,12.6
895,U22,9,12.9
895,U22,10,12
895,U22,11,12.6
895,U22,12,12.6
896,U22,1,11.2
896,U22,2,11.1
896,U22,3,12.3
896,U22,4,11.8
896,U22,5,10.4
896,U22,7,10.4
896,U22,8,10.2
896,U22,9,10.6
896,U22,10,11.6
896,U22,11,12.1
896,U22,12,11.6
897,U22,1,10.4
897,U22,2,10.7
897,U22,3,10.6
897,U22,4,10.7
897,U22,5,10.4
897,U22,8,10.7
897,U22,9,9.8
897,U22,10,10.2
897,U22,12,12.2
898,U22,1,11.7
898,U22,2,10.7
898,U22,3,9.8
898,U22,4,10.8
898,U22,5,10.8
898,U22,6,10.1
898,U22,7,10.3
898,U22,8,10.5
898,U22,9,10.7
898,U22,10,10.6
898,U22,11,11.8
898,U22,12,12.8
899,U22,1,11.4
899,U22,2,11.7
899,U22,3,12.4
899,U22,4,11.4
899,U22,5,10
899,U22,6,11.5
899,U22,7,11.8
899,U22,8,11.5
899,U22,9,11.2
899,U22,10,11.5
899,U22,12,11.9
900,U22,1,10.7
900,U22,2,11.1
900,U22,3,10.6
900,U22,4,11
900,U22,5,11.2
900,U22,6,10.8
900,U22,7,10.5
900,U22,8,9.9
900,U22,9,10.3
901,U22,1,10.9
901,U22,3,11.2
901,U22,4,11.5
901,U22,5,11.5
901,U22,6,11.2
901,U22,7,10.7
901,U22,9,10.5
901,U22,10,10.9
901,U22,12,10.7
902,U22,1,11.3
902,U22,2,11
902,U22,3,10.8
902,U22,4,10.6
902,U22,5,11.1
902,U22,6,10.2
902,U22,7,11
902,U22,8,11.6
902,U22,9,11.1
902,U22,10,11.5
902,U22,11,11.3
902,U22,12,11.3
903,U22,1,9.9
903,U22,2,9.8
903,U22,3,9.1
903,U22,4,9.9
903,U22,5,10.2
903,U22,6,10
903,U22,8,10.4
903,U22,9,10.4
903,U22,10,10.2
903,U22,11,9.5
903,U22,12,9.4
904,U22,1,11.7
904,U22,2,11
904,U22,3,10.2
904,U22,4,10.9
904,U22,5,11.2
904,U22,6,11.8
904,U22,7,11.2
904,U22,8,10.7
904,U22,9,10.7
904,U22,10,10.7
904,U22,11,10.6
904,U22,12,11
905,U22,1,11.3
905,U22,2,11.1
905,U22,3,12
905,U22,4,11.8
905,U22,5,12.2
905,U22,6,12.1
905,U22,7,11.7
905,U22,8,11.2
905,U22,9,10.2
905,U22,10,10.8
905,U22,11,10.4
905,U22,12,11
906,U22,1,12.1
906,U22,2,12.9
906,U22,3,12.5
906,U22,4,12
906,U22,5,11.6
906,U22,6,11.5
906,U22,7,12.6
906,U22,8,12.3
906,U22,9,12.5
906,U22,10,11.7
906,U22,11,10.8
906,U22,12,12.6
907,U22,1,10.4
907,U22,2,9.9
907,U22,3,8.9
907,U22,4,9.5
907,U22,5,10.7
907,U22,6,12
907,U22,7,11
907,U22,8,11.5
907,U22,9,10.1
907,U22,10,10.2
907,U22,11,11.1
907,U22,12,10.7
908,U22,1,10.6
908,U22,2,10.5
908,U22,3,9.2
908,U22,4,10.6
908,U22,5,10.3
908,U22,6,9.7
908,U22,7,9.1
908,U22,8,9.7
908,U22,9,9.9
908,U22,10,10.8
908,U22,11,10
908,U22,12,10.1
909,U22,1,11.3
909,U22,2,10.7
909,U22,3,10
909,U22,4,11.3
909,U22,5,10.7
909,U22,6,10.5
909,U22,7,10.5
909,U22,8,11.3
909,U22,9,11.5
909,U22,10,10.9
909,U22,11,9.9
909,U22,12,10.6
910,U22,1,8.9
910,U22,2,8.6
910,U22,3,8.4
910,U22,4,8.7
910,U22,5,8
910,U22,6,8.6
910,U22,8,8.9
910,U22,9,8.6
910,U22,10,8.7
910,U22,11,7.2
910,U22,12,7.7
911,U22,1,12.2
911,U22,2,11.2
911,U22,3,10.5
911,U22,4,10.6
911,U22,5,11.7
911,U22,6,11.2
911,U22,7,10.6
911,U22,8,12
911,U22,9,11.6
911,U22,10,11.8
911,U22,11,11.6
911,U22,12,12.2
912,U22,1,10.1
912,U22,2,10.7
912,U22,3,11.3
913,U22,1,13
913,U22,2,12.1
913,U22,3,11.3
913,U22,4,11.5
913,U22,5,12
913,U22,6,12
913,U22,7,13
913,U22,8,12.6
913,U22,9,11.6
913,U22,10,11.5
913,U22,11,12.3
913,U22,12,11.9
914,U22,1,11.3
914,U22,2,11.9
914,U22,3,10
914,U22,4,10.1
914,U22,5,10.3
914,U22,6,11.1
914,U22,7,10.5
914,U22,8,10.8
914,U22,9,11.4
914,U22,10,11.3
914,U22,11,11
914,U22,12,11.2
915,U22,1,10.1
915,U22,2,10.6
915,U22,3,11.4
915,U22,4,11
915,U22,5,11
915,U22,6,11.5
915,U22,7,10.3
915,U22,8,10.4
915,U22,9,10
915,U22,10,10.4
915,U22,11,10.9
915,U22,12,10.9
916,U22,1,11.7
916,U22,2,12
916,U22,3,12.9
916,U22,4,12.7
916,U22,5,12
916,U22,6,11.5
916,U22,7,12.1
916,U22,8,12.1
916,U22,9,12.9
916,U22,10,12.4
916,U22,11,12.4
917,U22,1,10.4
917,U22,2,10.3
917,U22,3,8.9
917,U22,5,9
917,U22,6,9.7
917,U22,7,10.3
917,U22,8,10.1
917,U22,9,9.7
917,U22,10,10.1
917,U22,11,9.8
917,U22,12,10.1
918,U22,1,11.8
918,U22,2,12.6
918,U22,3,11.8
918,U22,4,11.8
918,U22,5,11.5
918,U22,6,10.6
918,U22,7,11.6
918,U22,8,11
918,U22,9,11.4
918,U22,10,11.2
918,U22,11,11.7
918,U22,12,12
919,U22,1,10.4
919,U22,2,10.6
919,U22,3,9.7
919,U22,4,8.8
919,U22,5,9.1
919,U22,6,8.1
919,U22,7,9.6
919,U22,8,9.4
919,U22,9,9.8
919,U22,10,9.9
919,U22,11,10.8
919,U22,12,10.8
920,U22,1,12.6
920,U22,2,11.9
920,U22,3,14
920,U22,4,12.7
920,U22,5,13.2
920,U22,6,12.9
920,U22,7,13.1
920,U22,9,11
920,U22,10,11.5
920,U22,11,11.4
920,U22,12,11.9
921,U22,1,11.5
921,U22,2,10.6
921,U22,4,11.3
921,U22,5,12.2
921,U22,6,12.7
921,U22,7,12.5
921,U22,8,12.4
921,U22,9,13.1
921,U22,10,12.9
921,U22,11,11.5
921,U22,12,11.1
922,U22,1,10.4
922,U22,2,10.1
922,U22,3,10.2
922,U22,4,10.1
922,U22,5,9.8
922,U22,6,10.2
922,U22,7,10.7
922,U22,8,9.8
922,U22,10,10.5
922,U22,11,9.7
922,U22,12,10.2
923,U22,1,8.4
923,U22,2,7.4
923,U22,3,7
923,U22,4,8
923,U22,5,8
923,U22,6,8.8
923,U22,7,7.9
923,U22,8,8.9
923,U22,9,8.7
923,U22,10,8.7
923,U22,11,8.4
923,U22,12,8.6
924,U22,1,10.9
924,U22,2,10.4
924,U22,3,10.7
924,U22,4,9.7
924,U22,5,9
924,U22,6,9.7
924,U22,7,11.5
924,U22,8,10.8
924,U22,9,10.6
924,U22,10,10.2
924,U22,11,11.2
924,U22,12,11.9
925,U22,1,11.4
925,U22,2,12.3
925,U22,3,12.3
925,U22,4,12.5
925,U22,5,11.7
925,U22,6,12.1
925,U22,7,11.7
925,U22,8,12.3
925,U22,9,13.1
925,U22,10,13
925,U22,11,13.2
925,U22,12,12.4
926,U22,1,11.6
926,U22,2,10.6
926,U22,3,11.5
926,U22,4,11.9
926,U22,5,11.3
926,U22,6,12.1
926,U22,7,11.8
926,U22,8,10.8
926,U22,9,11.4
926,U22,10,12.9
926,U22,11,11.3
926,U22,12,12
927,U22,1,10.9
927,U22,2,11.7
927,U22,3,10.7
927,U22,4,10.9
927,U22,5,11.2
927,U22,6,10.7
927,U22,7,11
927,U22,8,10.7
927,U22,9,11.5
927,U22,10,11.6
927,U22,11,11.4
927,U22,12,12.3
928,U22,1,9.2
928,U22,2,9.7
928,U22,3,9.8
928,U22,4,9.8
928,U22,5,10.2
928,U22,6,9.8
928,U22,7,9.4
928,U22,8,10
928,U22,9,10
928,U22,10,9.9
928,U22,11,9.8
928,U22,12,10.6
929,U22,1,12.3
929,U22,2,11.5
929,U22,3,11.9
929,U22,4,11
929,U22,5,11.7
929,U22,6,11.4
929,U22,7,10.8
929,U22,10,11.5
929,U22,11,12.2
929,U22,12,12.3
930,U22,1,10.4
930,U22,2,9.7
930,U22,3,10.6
930,U22,4,9.7
930,U22,5,9.4
930,U22,6,9.5
930,U22,7,10.2
930,U22,8,10
930,U22,10,9.8
930,U22,11,9.8
931,U22,1,11.5
931,U22,2,11.5
931,U22,3,11.3
931,U22,5,10.7
931,U22,6,10.8
931,U22,7,11.3
931,U22,8,9.9
931,U22,9,10.1
931,U22,10,8.7
931,U22,11,9.6
931,U22,12,10.3
932,U22,1,9.8
932,U22,2,8.8
932,U22,3,9.1
932,U22,4,10.2
932,U22,6,10.9
932,U22,7,11.1
932,U22,8,10.4
932,U22,9,10.1
932,U22,10,9.3
932,U22,11,10
932,U22,12,10.2
933,U22,1,10.3
933,U22,2,10.3
933,U22,3,10.3
933,U22,4,9.9
933,U22,5,10.7
933,U22,6,9.8
933,U22,7,11.2
933,U22,8,10.6
933,U22,9,10.8
933,U22,10,10.2
933,U22,11,10.5
933,U22,12,10.6
934,U22,1,11.1
934,U22,2,11.2
934,U22,3,12.5
934,U22,4,12.1
934,U22,5,12.2
934,U22,6,12.9
934,U22,8,12.1
934,U22,9,11.4
934,U22,10,10.3
934,U22,11,10.3
934,U22,12,11.3
935,U22,1,9.4
935,U22,2,10.1
935,U22,3,9.2
935,U22,4,9.6
935,U22,5,9.6
935,U22,6,9.6
935,U22,7,10
935,U22,9,9
935,U22,10,8.5
935,U22,11,8.1
935,U22,12,9.6
936,U22,1,10.7
936,U22,2,10.7
936,U22,3,11.1
936,U22,4,10.4
936,U22,5,10.8
936,U22,6,10.8
936,U22,7,11.6
936,U22,8,10.7
936,U22,9,10.1
936,U22,10,10.3
936,U22,11,11.1
936,U22,12,11
937,U22,1,11.5
937,U22,2,10.7
937,U22,3,12.1
937,U22,4,13.4
937,U22,5,12.2
937,U22,6,11
937,U22,7,11.5
937,U22,8,11.4
937,U22,9,11
937,U22,10,10.1
937,U22,11,10.7
937,U22,12,12
938,U22,1,10.9
938,U22,3,12.5
938,U22,5,11.5
938,U22,6,11.3
938,U22,7,12
938,U22,8,12.4
938,U22,9,12.5
938,U22,10,12.2
938,U22,11,12.4
938,U22,12,12.4
939,U22,1,9.9
939,U22,2,11.2
939,U22,3,11.4
939,U22,4,12.2
939,U22,5,12.2
939,U22,6,11.7
939,U22,7,11.4
939,U22,8,10.2
939,U22,9,10.6
939,U22,10,11.1
939,U22,11,10.2
939,U22,12,11.7
940,U22,1,11.4
940,U22,2,11.3
940,U22,3,11
940,U22,4,11.1
940,U22,5,11.4
940,U22,6,11.6
940,U22,7,11.8
940,U22,8,12.5
940,U22,9,11.2
940,U22,10,12
940,U22,11,13
940,U22,12,11.9
941,U22,2,12.9
941,U22,3,12.6
941,U22,4,12
941,U22,5,12
941,U22,6,12.1
941,U22,7,11.8
941,U22,8,12
941,U22,9,12.1
941,U22,10,12.5
941,U22,11,11.9
941,U22,12,11.7
942,U22,1,8.2
942,U22,2,8.4
942,U22,3,9.1
942,U22,4,8.8
942,U22,5,9.1
942,U22,6,8.7
942,U22,8,9.6
942,U22,9,10.2
942,U22,10,9.2
942,U22,11,9
942,U22,12,8.2
943,U22,1,10.2
943,U22,2,9.7
943,U22,3,10.1
943,U22,4,9.1
943,U22,5,9.7
943,U22,6,9.7
943,U22,7,10.3
943,U22,8,10.1
943,U22,9,10.4
943,U22,10,10.2
943,U22,11,11.1
943,U22,12,10.7
944,U22,1,9.7
944,U22,2,10.6
944,U22,3,10.7
944,U22,4,10.5
944,U22,5,10.2
944,U22,6,9.1
944,U22,7,9
944,U22,8,9.9
944,U22,9,10.1
944,U22,10,9.4
944,U22,12,9.2
945,U23,1,13.1
945,U23,2,12.2
945,U23,3,12.4
945,U23,4,11.8
945,U23,5,12.8
945,U23,6,13.2
945,U23,7,13
945,U23,8,13
945,U23,9,13.1
945,U23,10,12.4
945,U23,11,12.3
945,U23,12,12.5
946,U23,1,12.8
946,U23,2,12
946,U23,3,12.5
946,U23,4,12
946,U23,5,11.7
946,U23,6,12
946,U23,7,12.7
946,U23,8,13
946,U23,9,12.6
946,U23,10,12.8
946,U23,11,11.3
946,U23,12,11.9
947,U23,1,11.9
947,U23,2,12.3
947,U23,3,11.5
947,U23,4,12.2
947,U23,5,11.6
947,U23,6,11.4
947,U23,7,11.3
947,U23,8,12.4
947,U23,9,13.2
947,U23,10,12.6
947,U23,11,12.3
948,U23,1,11.8
948,U23,2,12.6
948,U23,3,12.7
948,U23,4,12.1
948,U23,5,13.1
948,U23,6,12.1
948,U23,8,12.4
949,U23,1,10.8
949,U23,2,11.1
949,U23,3,10.4
949,U23,4,10.6
949,U23,5,10.4
949,U23,6,10.5
949,U23,7,10.6
949,U23,8,11.2
949,U23,9,11.4
949,U23,10,11.1
949,U23,11,11.9
949,U23,12,11.2
950,U23,1,14.2
950,U23,2,12.6
950,U23,3,12.3
950,U23,4,13.8
950,U23,5,12.7
950,U23,6,12.5
950,U23,7,12.9
950,U23,8,12.2
950,U23,9,13.7
950,U23,10,13.4
950,U23,11,13.6
950,U23,12,11.8
951,U23,1,10
951,U23,2,10.6
951,U23,3,11.2
951,U23,4,10.4
951,U23,5,10.8
951,U23,7,11.4
951,U23,8,10.5
951,U23,9,10.1
951,U23,10,9.6
951,U23,11,10.2
951,U23,12,9.8
952,U23,1,12.9
952,U23,2,13.4
952,U23,3,12.9
952,U23,4,13
952,U23,5,12.7
952,U23,6,13.1
952,U23,7,13.8
952,U23,8,13.8
952,U23,9,13.6
952,U23,10,14.6
952,U23,11,14.2
952,U23,12,13.3
953,U23,1,11.4
953,U23,2,11.7
953,U23,3,11.7
953,U23,4,11.5
953,U23,5,11.3
953,U23,6,12.5
953,U23,7,12.4
953,U23,8,12.1
953,U23,9,11.5
953,U23,10,11.1
953,U23,11,11.1
953,U23,12,11
954,U23,1,11.3
954,U23,2,11.6
954,U23,3,10.7
954,U23,4,11.4
954,U23,5,10.6
954,U23,6,10.8
954,U23,7,11.8
954,U23,9,11.4
954,U23,10,11.1
954,U23,11,11.7
955,U23,1,13.6
955,U23,2,12.8
955,U23,3,13.2
955,U23,4,13.1
955,U23,5,12.6
955,U23,6,13.4
955,U23,7,13.5
955,U23,8,14.5
955,U23,9,13.3
955,U23,10,13.5
955,U23,11,13.1
955,U23,12,12.9
956,U23,1,10.9
956,U23,2,12.7
956,U23,3,11.7
956,U23,4,11.1
956,U23,5,11
956,U23,6,11.2
956,U23,7,11.1
956,U23,8,12.4
956,U23,9,11.5
956,U23,10,12.3
956,U23,11,12.1
956,U23,12,13.3
957,U23,1,12.5
957,U23,2,12.4
957,U23,3,12.5
957,U23,4,12.4
957,U23,5,12.5
957,U23,6,11.8
957,U23,7,11.5
957,U23,8,12.3
957,U23,9,11.6
957,U23,10,11.5
957,U23,11,11.3
958,U23,1,11.5
958,U23,2,11.4
958,U23,3,10.6
958,U23,4,10.8
958,U23,5,9.8
958,U23,6,10.9
958,U23,7,10
958,U23,8,11.3
958,U23,9,10.2
958,U23,10,11.3
958,U23,11,11.4
958,U23,12,12
959,U23,1,12.1
959,U23,2,12.4
959,U23,3,12.3
959,U23,4,12.2
959,U23,5,12.3
959,U23,6,12.3
959,U23,7,11.6
959,U23,8,11.8
959,U23,9,12.4
959,U23,11,13.1
959,U23,12,12.1
960,U23,1,12
960,U23,2,11.7
960,U23,3,12.2
960,U23,4,11.8
960,U23,5,11.6
960,U23,8,11
960,U23,9,12.3
961,U23,1,11.3
961,U23,2,11
961,U23,3,10.8
961,U23,4,9.8
961,U23,5,11
961,U23,6,12
961,U23,7,11.7
961,U23,8,12.3
961,U23,9,11.8
961,U23,10,12.4
961,U23,11,11.7
961,U23,12,11.6
962,U23,1,13.6
962,U23,2,13
962,U23,3,13.1
962,U23,4,13.5
962,U23,5,14.3
962,U23,6,14.9
962,U23,7,13.6
963,U23,1,12.1
963,U23,2,10.7
963,U23,3,11.2
963,U23,4,12.1
963,U23,5,12
963,U23,6,11.7
963,U23,7,13
963,U23,8,12
963,U23,9,12.3
963,U23,10,12.1
963,U23,11,11.2
963,U23,12,10.9
964,U23,1,11.7
964,U23,2,11.8
964,U23,3,11.5
964,U23,4,10.8
964,U23,5,10.8
964,U23,6,12.4
964,U23,7,11.3
964,U23,8,11.1
964,U23,9,10.3
964,U23,10,11.4
964,U23,11,11.6
965,U23,1,10.6
965,U23,2,10.3
965,U23,3,10.1
965,U23,4,10.7
965,U23,5,10.2
965,U23,6,10.3
965,U23,7,10
965,U23,8,10.3
965,U23,9,10.6
965,U23,10,10.7
965,U23,11,11.4
965,U23,12,10.7
966,U23,1,11.6
966,U23,2,11.7
966,U23,3,12
966,U23,4,11.4
966,U23,5,12.6
966,U23,6,14
966,U23,7,12.6
966,U23,8,12.9
966,U23,9,12.5
966,U23,10,13.2
966,U23,11,13.2
967,U23,1,11.9
967,U23,2,13.4
967,U23,3,13.2
967,U23,4,12.1
967,U23,5,11.8
967,U23,6,11
967,U23,7,10.4
967,U23,8,10.9
967,U23,9,10.7
967,U23,10,11.7
967,U23,11,10.4
968,U23,1,12.2
968,U23,3,13.3
968,U23,4,13.2
968,U23,5,13
968,U23,6,11
968,U23,7,11.7
968,U23,8,10.8
968,U23,9,11.7
968,U23,10,12.6
968,U23,11,12.4
968,U23,12,12.8
969,U23,1,11
969,U23,2,11.5
969,U23,3,12.4
969,U23,4,11.4
969,U23,5,11.1
969,U23,6,10.4
969,U23,7,11.2
969,U23,8,11.8
969,U23,10,12.4
969,U23,11,11.8
969,U23,12,12.1
970,U23,1,8.5
970,U23,2,9.3
970,U23,3,10.4
970,U23,4,9.7
970,U23,5,9.5
970,U23,6,10.1
970,U23,7,10
970,U23,8,9.5
970,U23,9,9.9
970,U23,10,9.5
970,U23,11,9.7
970,U23,12,9
971,U23,1,9.7
971,U23,2,10.5
971,U23,3,11.4
971,U23,4,11
971,U23,5,11.3
971,U23,6,11
971,U23,7,10.4
971,U23,8,10.8
971,U23,9,10.6
971,U23,10,11.4
971,U23,11,12
971,U23,12,11.3
972,U23,1,11.2
972,U23,2,10.3
972,U23,3,12.1
972,U23,4,10.2
972,U23,5,11.3
972,U23,6,11.4
972,U23,7,11.2
972,U23,8,11
972,U23,9,11.4
972,U23,10,12
972,U23,11,12.6
972,U23,12,11.6
973,U23,1,11.1
973,U23,2,11.6
973,U23,3,10.9
973,U23,4,11
973,U23,5,12
973,U23,6,12
973,U23,7,11.8
973,U23,8,11.7
973,U23,9,12
973,U23,10,11.8
973,U23,11,11.6
973,U23,12,11
974,U23,1,11.4
974,U23,2,11.1
974,U23,3,11.7
974,U23,4,12.1
974,U23,5,11.5
974,U23,6,11
974,U23,7,10.8
974,U23,8,11.1
974,U23,9,9.1
974,U23,10,10.6
974,U23,11,9.7
974,U23,12,10.1
975,U23,1,12.9
975,U23,2,12.4
975,U23,3,12.4
975,U23,4,13
975,U23,5,12.1
975,U23,6,11.7
975,U23,7,12.2
975,U23,8,11.2
975,U23,9,13
975,U23,10,13.9
975,U23,11,13.5
975,U23,12,12.2
976,U23,1,12.2
976,U23,2,12.5
976,U23,3,13.3
976,U23,4,13.4
976,U23,5,13
976,U23,6,12.5
976,U23,7,12.9
976,U23,8,11.8
976,U23,9,12.9
976,U23,10,12.8
976,U23,11,12.2
976,U23,12,11.8
977,U23,1,13.5
977,U23,2,14.3
977,U23,3,12.2
977,U23,4,12.2
977,U23,5,13.1
977,U23,6,13
977,U23,7,12.8
977,U23,8,12.6
977,U23,9,13
977,U23,10,12.9
977,U23,11,12.2
977,U23,12,13.5
978,U23,1,11.4
978,U23,2,10.6
978,U23,3,11.6
978,U23,5,10.5
978,U23,6,9.4
978,U23,7,9.7
978,U23,8,9.8
978,U23,9,10.3
978,U23,11,10
978,U23,12,10
979,U23,1,11.5
979,U23,2,11.6
979,U23,3,11
979,U23,4,11.7
979,U23,5,12.5
979,U23,6,12.1
979,U23,7,11.3
979,U23,8,11.4
979,U23,9,11
979,U23,10,12.1
979,U23,11,13.4
979,U23,12,12.5
980,U23,1,10.3
980,U23,2,11.2
980,U23,3,10.1
980,U23,4,10.3
980,U23,6,9.7
980,U23,7,9.7
980,U23,8,10.3
980,U23,9,9.9
980,U23,10,9.7
980,U23,11,8.9
980,U23,12,10.3
981,U23,1,11.1
981,U23,2,10.2
981,U23,3,11.1
981,U23,4,11.3
981,U23,5,12.2
981,U23,6,10.8
981,U23,7,11.5
981,U23,8,12.5
981,U23,9,11.8
981,U23,10,11.1
981,U23,11,11.6
981,U23,12,12.2
982,U23,1,10.1
982,U23,2,11
982,U23,3,11.2
983,U23,1,11.9
983,U23,2,12.1
983,U23,3,12.5
983,U23,5,12.3
983,U23,6,12.3
983,U23,7,12.1
983,U23,8,12.4
983,U23,9,12.2
983,U23,10,13
983,U23,11,12.2
983,U23,12,13.3
984,U23,1,9.5
984,U23,2,9.1
984,U23,3,10.5
984,U23,4,10.1
984,U23,5,10.5
984,U23,6,10.2
984,U23,7,10.7
984,U23,8,11
984,U23,9,10.3
984,U23,10,10.7
984,U23,11,11.4
984,U23,12,9.7
985,U23,1,12.8
985,U23,2,12
985,U23,3,12.1
985,U23,4,12.2
985,U23,5,12.1
985,U23,6,12.3
985,U23,7,11.6
985,U23,8,11.7
985,U23,9,12.3
985,U23,10,12.4
985,U23,11,12.6
985,U23,12,12.8
986,U23,1,11.4
986,U23,2,11.5
986,U23,3,11.2
986,U23,4,10.7
986,U23,6,10.4
986,U23,7,9.4
986,U23,8,9.5
986,U23,9,8.2
986,U23,10,8.6
986,U23,12,9.3
987,U23,1,11.8
987,U23,2,11.3
987,U23,3,11.3
987,U23,4,12.1
987,U23,5,12.4
987,U23,6,12.1
987,U23,9,12.3
987,U23,11,13.7
987,U23,12,12.1
988,U23,1,12.1
988,U23,2,12.4
988,U23,3,12.4
988,U23,4,11.5
988,U23,5,10.7
988,U23,6,10.4
988,U23,7,11
988,U23,8,10.8
988,U23,9,12
988,U23,10,11.5
988,U23,11,10.5
988,U23,12,11.2
989,U23,1,11
989,U23,2,12.8
989,U23,3,12.4
989,U23,4,11.3
989,U23,5,11.9
989,U23,6,11.5
989,U23,7,11.2
989,U23,8,12.3
989,U23,9,12.3
989,U23,11,10.2
989,U23,12,9.9
990,U23,1,11
990,U23,2,11.9
990,U23,3,11.6
990,U23,4,10.7
990,U23,5,9
990,U23,6,8.6
990,U23,7,8.5
990,U23,8,9.1
990,U23,9,9.8
990,U23,10,10.4
990,U23,11,10.9
990,U23,12,11.1
991,U23,1,11.9
991,U23,2,10.5
991,U23,3,10.8
991,U23,4,11.1
991,U23,5,11.5
991,U23,6,10.9
991,U23,7,10.4
991,U23,8,10.6
991,U23,9,11.6
991,U23,10,11.6
991,U23,11,12.3
991,U23,12,10.9
992,U23,1,9
992,U23,2,9.5
992,U23,3,9.3
992,U23,4,7.8
992,U23,5,9.1
992,U23,6,8.5
992,U23,7,8.4
992,U23,8,8.8
992,U23,9,8.6
992,U23,10,9.7
993,U23,1,9.4
993,U23,2,9.8
993,U23,3,9.9
993,U23,4,9.8
993,U23,5,10.1
993,U23,6,9.4
993,U23,7,10.8
993,U23,8,10.9
993,U23,9,10.7
993,U23,10,11.6
993,U23,11,11.3
993,U23,12,11.2
994,U23,1,10.7
994,U23,2,10.8
994,U23,3,11.3
994,U23,4,10.8
994,U23,5,9.8
994,U23,6,10.6
994,U23,7,10.9
994,U23,9,11.8
994,U23,10,10.2
994,U23,11,10.9
994,U23,12,11
995,U23,1,11.5
995,U23,2,11.3
995,U23,3,11.1
995,U23,4,12.9
995,U23,5,12.8
995,U23,6,12.9
995,U23,7,11.7
995,U23,8,11.6
995,U23,9,11.4
995,U23,10,11.7
995,U23,11,11.5
995,U23,12,11.6
996,U23,1,11.4
996,U23,2,11.4
996,U23,3,11.5
996,U23,4,11.8
996,U23,5,11.2
996,U23,6,10.3
996,U23,8,12
996,U23,10,11.7
996,U23,11,11.7
996,U23,12,12.5
997,U23,1,12.4
997,U23,2,12
997,U23,3,12
997,U23,4,12.9
997,U23,5,12.2
997,U23,6,12.9
997,U23,7,12
997,U23,8,12
997,U23,9,12.3
997,U23,10,12.9
997,U23,11,12.1
997,U23,12,13
998,U23,1,12.4
998,U23,2,13
998,U23,3,11.9
998,U23,4,12.2
998,U23,5,12.1
998,U23,6,12.8
998,U23,7,12.4
998,U23,8,12.7
998,U23,9,13.1
998,U23,10,13.3
998,U23,11,13.3
998,U23,12,12.5
999,U23,1,10.5
999,U23,2,9.6
999,U23,3,8.6
999,U23,4,9.7
999,U23,5,10.4
999,U23,6,9.6
999,U23,8,10.8
999,U23,9,10.8
999,U23,10,10.2
999,U23,11,10.3
999,U23,12,10.4
1000,U23,1,11.8
1000,U23,2,12.2
1000,U23,3,12.5
1000,U23,4,12
1000,U23,5,13
1000,U23,6,12.2
1000,U23,7,11.5
1000,U23,8,11.3
1000,U23,9,11.3
1000,U23,10,10.6
1000,U23,11,10.6
1000,U23,12,11
1001,U23,1,12.7
1001,U23,2,11.5
1001,U23,3,11.8
1001,U23,4,11.7
1001,U23,5,12.2
1001,U23,6,12.1
1001,U23,7,12.6
1001,U23,8,13.9
1001,U23,9,13.9
1001,U23,10,14.4
1001,U23,11,13.5
1001,U23,12,13.1
1002,U24,1,8.8
1002,U24,2,9.3
1002,U24,3,10.4
1002,U24,4,10.5
1002,U24,5,9.6
1002,U24,6,9.5
1002,U24,7,9.5
1002,U24,9,9.3
1002,U24,10,10.5
1002,U24,11,10
1002,U24,12,10.1
1003,U24,1,8.6
1003,U24,2,8.7
1003,U24,3,8.6
1003,U24,4,7.6
1003,U24,5,8.5
1003,U24,6,8.2
1003,U24,7,8.3
1003,U24,9,7.8
1003,U24,10,7.8
1003,U24,11,8.3
1003,U24,12,8.9
1004,U24,1,11.1
1004,U24,2,11.3
1004,U24,3,11.9
1004,U24,4,11.3
1004,U24,5,10.9
1004,U24,6,9.9
1004,U24,7,10.1
1004,U24,8,11.2
1004,U24,9,11.8
1004,U24,10,10.6
1004,U24,11,11
1004,U24,12,10.2
1005,U24,1,10.7
1005,U24,2,10.6
1005,U24,3,10.8
1005,U24,4,10
1005,U24,5,10.5
1005,U24,6,9.7
1005,U24,7,9.4
1005,U24,8,9.4
1005,U24,9,9.6
1005,U24,11,10.5
1005,U24,12,11.4
1006,U24,1,10.8
1006,U24,2,10.8
1006,U24,3,11
1006,U24,4,11.4
1006,U24,5,10.5
1006,U24,6,10.5
1006,U24,7,11.2
1006,U24,8,11
1006,U24,9,10
1006,U24,10,9.9
1006,U24,11,10.5
1006,U24,12,10.2
1007,U24,1,10.9
1007,U24,2,10.8
1007,U24,3,10
1007,U24,4,10.6
1007,U24,5,10.1
1007,U24,6,9.4
1007,U24,7,10.2
1007,U24,8,11.1
1007,U24,9,11.1
1007,U24,11,10.8
1007,U24,12,10.3
1008,U24,1,10.3
1008,U24,2,9.9
1008,U24,3,11
1008,U24,4,10.6
1008,U24,5,10.2
1008,U24,7,9.1
1008,U24,9,10.1
1008,U24,10,10.4
1008,U24,11,9.7
1008,U24,12,9.9
1009,U24,1,10.3
1009,U24,2,11.6
1009,U24,3,10.7
1009,U24,5,11.3
1009,U24,6,11.8
1009,U24,7,10.6
1009,U24,8,9.9
1009,U24,9,11.2
1009,U24,10,11.2
1009,U24,11,11.6
1009,U24,12,11.5
1010,U24,1,11.1
1010,U24,2,11.2
1010,U24,3,11.4
1010,U24,4,12
1010,U24,5,12.7
1010,U24,6,12.8
1010,U24,7,12.6
1010,U24,8,11.5
1010,U24,9,12
1010,U24,10,11.7
1010,U24,11,11.4
1010,U24,12,11
1011,U24,1,10.7
1011,U24,2,11.9
1011,U24,3,12
1011,U24,4,11.8
1011,U24,5,11.8
1011,U24,6,11.5
1011,U24,7,11.7
1011,U24,8,11.2
1011,U24,9,11.1
1011,U24,10,11.4
1011,U24,11,12.2
1011,U24,12,11.5
1012,U24,1,11
1012,U24,2,11.5
1012,U24,3,12.2
1012,U24,4,11.5
1012,U24,5,10.3
1012,U24,7,12.7
1012,U24,8,13.3
1012,U24,9,12.9
1012,U24,10,12.5
1012,U24,11,13.4
1012,U24,12,12.5
1013,U24,1,11
1013,U24,2,10.9
1013,U24,3,10.8
1013,U24,4,10.6
1013,U24,6,10.3
1013,U24,7,10.5
1013,U24,8,10.6
1013,U24,9,11.3
1013,U24,10,10.9
1013,U24,11,10.1
1013,U24,12,9.4
1014,U24,1,10.3
1014,U24,2,9.3
1014,U24,3,9.1
1014,U24,4,9.1
1014,U24,5,8.9
1014,U24,6,9.8
1014,U24,7,9.6
1014,U24,8,10.5
1014,U24,9,11.3
1014,U24,10,11.4
1014,U24,11,8.9
1014,U24,12,9.6
1015,U24,1,8.4
1015,U24,3,7.8
1015,U24,4,8.3
1015,U24,5,9
1015,U24,6,8.7
1015,U24,7,8
1015,U24,8,8.4
1015,U24,9,9
1015,U24,10,8.4
1015,U24,11,8.2
1015,U24,12,6.5
1016,U24,1,10.1
1016,U24,2,11.6
1016,U24,3,10.2
1016,U24,4,10.5
1016,U24,5,11.2
1016,U24,6,10.8
1016,U24,7,9.8
1016,U24,8,9.9
1016,U24,9,9.4
1016,U24,10,9.7
1016,U24,11,9.8
1016,U24,12,10.7
1017,U24,1,10.6
1017,U24,2,10
1017,U24,3,10.7
1017,U24,4,11.1
1017,U24,5,11.3
1017,U24,6,11.2
1017,U24,7,10.5
1017,U24,8,12
1017,U24,9,10.8
1017,U24,10,10.9
1017,U24,11,11.7
1017,U24,12,11.2
1018,U24,1,11.4
1018,U24,2,11.1
1018,U24,3,10.8
1018,U24,4,11.5
1018,U24,5,11.7
1018,U24,6,11.4
1018,U24,7,11.9
1018,U24,8,10.6
1019,U24,1,8.7
1019,U24,2,9.2
1019,U24,3,10.1
1019,U24,4,10.3
1019,U24,5,10
1019,U24,6,10.7
1019,U24,7,9.7
1019,U24,8,9.2
1019,U24,9,10.2
1019,U24,10,9.4
1020,U24,1,9
1020,U24,2,9.7
1020,U24,3,10.9
1020,U24,4,10
1020,U24,5,11
1020,U24,6,10.2
1020,U24,7,10
1020,U24,8,10.9
1020,U24,9,10
1020,U24,11,9.8
1020,U24,12,10
1021,U24,1,10.9
1021,U24,2,9.6
1021,U24,3,9.8
1021,U24,4,9.8
1021,U24,5,9.5
1021,U24,6,8.8
1021,U24,8,10.5
1021,U24,9,9.2
1021,U24,10,9.9
1021,U24,11,9.8
1021,U24,12,9.6
1022,U24,1,10.7
1022,U24,2,9.4
1022,U24,3,9.5
1022,U24,4,10.5
1022,U24,5,10.7
1022,U24,6,10.1
1022,U24,8,9.6
1022,U24,9,9.4
1022,U24,10,11.2
1022,U24,11,9.5
1022,U24,12,10.3
1023,U24,1,8.6
1023,U24,2,9.2
1023,U24,3,8.8
1023,U24,4,9.4
1023,U24,5,9.5
1023,U24,6,10.2
1023,U24,7,9.7
1023,U24,8,9.8
1023,U24,9,9.1
1023,U24,10,9.3
1023,U24,11,8.5
1023,U24,12,8.5
1024,U24,1,10.6
1024,U24,2,10.6
1024,U24,3,11.2
1024,U24,4,11.3
1024,U24,5,10.4
1024,U24,6,11.5
1024,U24,7,11.3
1024,U24,8,11.8
1024,U24,10,12
1024,U24,11,12.5
1024,U24,12,12.5
1025,U24,1,11.1
1025,U24,2,10.3
1025,U24,3,11.2
1025,U24,4,10.9
1025,U24,5,11.7
1025,U24,6,11.4
1025,U24,7,10.9
1025,U24,8,10.7
1025,U24,10,10.8
1025,U24,11,10.3
1025,U24,12,10.8
1026,U24,1,8.5
1026,U24,2,8.7
1026,U24,3,10.1
1026,U24,4,9.3
1026,U24,5,9.6
1026,U24,6,9.3
1026,U24,7,7.9
1026,U24,8,8.5
1026,U24,9,8.9
1026,U24,10,9.6
1026,U24,11,9.9
1026,U24,12,9.2
1027,U24,1,7.7
1027,U24,2,8.1
1027,U24,3,7
1027,U24,4,8.4
1027,U24,5,8.9
1027,U24,6,8.5
1027,U24,7,8.5
1027,U24,9,8.2
1027,U24,10,7.5
1027,U24,11,7.4
1027,U24,12,7.8
1028,U24,1,11.3
1028,U24,2,11.4
1028,U24,3,10.3
1028,U24,4,10.7
1028,U24,5,11.2
1028,U24,6,10.4
1028,U24,7,11
1028,U24,8,10.8
1028,U24,9,11.3
1028,U24,10,10.9
1028,U24,11,10.2
1028,U24,12,10.5
1029,U24,1,10.4
1029,U24,2,11
1029,U24,3,9.4
1029,U24,4,9.6
1029,U24,5,9.7
1029,U24,6,9.3
1029,U24,7,10.4
1029,U24,8,10.7
1029,U24,9,10.1
1029,U24,10,10.5
1029,U24,11,10.8
1029,U24,12,10.4
1030,U24,1,11.4
1030,U24,2,11.4
1030,U24,3,12
1030,U24,4,12.2
1030,U24,5,11.7
1030,U24,6,11.8
1030,U24,7,11.5
1030,U24,8,11.7
1030,U24,9,11.5
1030,U24,10,10.8
1030,U24,11,11.2
1030,U24,12,10.9
1031,U24,1,11.3
1031,U24,2,10.6
1031,U24,3,10.1
1031,U24,4,10.1
1031,U24,5,9.9
1031,U24,6,10.2
1031,U24,7,10.8
1031,U24,8,11.1
1031,U24,9,10.7
1031,U24,12,10.3
1032,U25,1,10.2
1032,U25,3,10.6
1032,U25,4,10.2
1032,U25,5,9.9
1032,U25,6,10.6
1032,U25,7,10.5
1032,U25,8,10.7
1032,U25,9,10.8
1032,U25,10,11.5
1032,U25,11,10.7
1032,U25,12,11.3
1033,U25,1,10.7
1033,U25,2,11.2
1033,U25,3,11.2
1033,U25,4,11.1
1033,U25,5,10.8
1033,U25,6,10.3
1033,U25,7,11.4
1033,U25,8,12.8
1033,U25,9,12.6
1033,U25,10,11.8
1033,U25,11,10.8
1033,U25,12,11.4
1034,U25,1,9.8
1034,U25,2,9.8
1034,U25,3,9.2
1034,U25,4,9.5
1034,U25,6,10.1
1034,U25,7,9.3
1034,U25,8,9.5
1034,U25,9,9.8
1034,U25,10,10
1034,U25,11,10
1034,U25,12,10
1035,U25,1,9.8
1035,U25,2,11.9
1035,U25,3,11.7
1035,U25,4,10.9
1035,U25,6,10.7
1035,U25,8,10.8
1035,U25,9,10.5
1035,U25,10,10.1
1035,U25,11,10
1035,U25,12,9.4
1036,U25,1,11.9
1036,U25,2,12
1036,U25,3,12.2
1036,U25,4,11.9
1036,U25,5,11.4
1036,U25,7,11.3
1036,U25,8,11.5
1036,U25,9,11.4
1036,U25,10,11.3
1036,U25,11,12.2
1036,U25,12,12.7
1037,U25,1,12.3
1037,U25,2,11.1
1037,U25,3,11.3
1037,U25,4,11.3
1037,U25,5,11.3
1037,U25,6,11.4
1037,U25,7,10.9
1037,U25,8,11.3
1037,U25,9,10.2
1037,U25,10,10.7
1037,U25,11,10.7
1037,U25,12,10.6
1038,U25,1,10.3
1038,U25,2,10.4
1038,U25,3,10.3
1038,U25,4,10.6
1038,U25,5,11.2
1038,U25,7,12.4
1038,U25,8,10.9
1038,U25,9,10.2
1038,U25,10,10.6
1038,U25,11,11.3
1038,U25,12,11
1039,U25,1,11.2
1039,U25,2,12.3
1039,U25,3,12.3
1039,U25,4,13
1039,U25,5,12
1039,U25,6,11.1
1039,U25,7,12.4
1039,U25,8,12.2
1039,U25,9,12.7
1039,U25,10,11.4
1039,U25,11,11.9
1039,U25,12,12.9
1040,U25,1,10.1
1040,U25,2,10.6
1040,U25,3,10.5
1040,U25,4,10.8
1040,U25,5,11
1040,U25,6,10.9
1040,U25,7,12.4
1040,U25,8,11.7
1040,U25,9,12.1
1040,U25,10,11.8
1040,U25,11,11.4
1041,U25,1,9.5
1041,U25,2,10.7
1041,U25,3,10.2
1041,U25,4,9.8
1041,U25,5,11.2
1041,U25,6,11.1
1041,U25,7,11.4
1041,U25,8,11.5
1041,U25,9,11.1
1041,U25,10,11.3
1041,U25,11,11.4
1041,U25,12,11
1042,U25,1,9.4
1042,U25,2,9.3
1042,U25,3,10.4
1042,U25,4,9.6
1042,U25,5,9.2
1042,U25,6,9.1
1042,U25,7,8.8
1042,U25,8,8.8
1042,U25,9,9.1
1042,U25,10,9.8
1042,U25,11,9.6
1042,U25,12,9.5
1043,U25,2,10.5
1043,U25,3,10.1
1043,U25,4,10.2
1043,U25,5,10.1
1043,U25,6,10.5
1043,U25,7,10.1
1043,U25,8,10.7
1043,U25,9,9.2
1043,U25,10,9.5
1043,U25,11,9.5
1043,U25,12,8.9
1044,U25,1,9.9
1044,U25,2,10.8
1044,U25,3,9.9
1044,U25,5,9.8
1044,U25,6,9.5
1044,U25,7,8.7
1044,U25,8,8.6
1044,U25,9,9.1
1044,U25,10,9.1
1044,U25,11,10
1044,U25,12,10.3
1045,U25,1,9.5
1045,U25,2,10.3
1045,U25,3,9.9
1045,U25,5,9.6
1045,U25,6,10.3
1045,U25,7,9.3
1045,U25,8,8.9
1045,U25,9,8.7
1045,U25,10,9.4
1045,U25,11,9.8
1045,U25,12,9.5
1046,U25,1,12.2
1046,U25,2,11.8
1046,U25,3,11.7
1046,U25,4,12.1
1046,U25,5,12.1
1046,U25,6,11.5
1046,U25,7,11.7
1046,U25,8,11.9
1046,U25,9,12.4
1046,U25,10,12.4
1046,U25,11,11.8
1046,U25,12,12.3
1047,U25,1,10.9
1047,U25,2,12
1047,U25,3,11.2
1047,U25,4,10.4
1047,U25,5,9.4
1047,U25,6,9.5
1047,U25,7,10
1047,U25,8,9.9
1047,U25,9,9.7
1047,U25,10,10.5
1047,U25,11,10.3
1048,U25,1,9.4
1048,U25,2,10
1048,U25,3,10.2
1048,U25,4,9.4
1048,U25,5,9.6
1048,U25,6,10.2
1048,U25,7,9.3
1048,U25,8,9.2
1048,U25,9,9.9
1048,U25,10,10.2
1048,U25,11,9.3
1048,U25,12,10.8
1049,U25,1,10.6
1049,U25,2,10.7
1049,U25,3,10.5
1049,U25,4,10
1049,U25,5,9.4
1049,U25,6,10.3
1049,U25,7,10.3
1049,U25,8,10
1049,U25,9,10
1049,U25,10,9.8
1049,U25,11,10.1
1049,U25,12,10.3
1050,U25,1,12.1
1050,U25,2,11.5
1050,U25,3,12.2
1050,U25,4,12.1
1050,U25,6,11.8
1050,U25,7,13.2
1050,U25,8,12.8
1050,U25,9,12.8
1050,U25,10,12
1050,U25,11,11.9
1050,U25,12,12.3
1051,U25,1,12.7
1051,U25,2,12.6
1051,U25,3,12.1
1051,U25,4,11.4
1051,U25,5,11.6
1051,U25,6,12.8
1051,U25,7,11.5
1051,U25,8,11.3
1051,U25,10,12.4
1051,U25,11,12.5
1051,U25,12,12.9
1052,U25,1,10.6
1052,U25,2,10.3
1052,U25,3,10.8
1052,U25,4,12.2
1052,U25,5,11.3
1052,U25,6,11.1
1052,U25,7,10.5
1052,U25,8,10.7
1052,U25,9,10.2
1052,U25,10,10.6
1052,U25,11,11.4
1053,U25,1,10.9
1053,U25,2,10.1
1053,U25,3,11.4
1053,U25,4,10.6
1053,U25,5,11.1
1053,U25,6,11.2
1053,U25,7,11.8
1053,U25,8,12.1
1053,U25,9,11.6
1053,U25,10,11.8
1053,U25,11,11.1
1054,U25,2,7.1
1054,U25,3,7.3
1054,U25,4,6.6
1054,U25,5,7.3
1054,U25,6,8
1054,U25,7,7.9
1054,U25,8,7.8
1054,U25,9,8
1054,U25,10,7.5
1054,U25,11,7.6
1054,U25,12,7.8
1055,U25,1,9.1
1055,U25,3,10
1055,U25,4,10.2
1055,U25,5,10.5
1055,U25,6,9.5
1055,U25,7,9.7
1055,U25,8,8.6
1055,U25,9,8.4
1055,U25,10,8.4
1055,U25,11,8.9
1055,U25,12,9.7
1056,U25,1,10.1
1056,U25,2,10.1
1056,U25,3,10.4
1056,U25,4,9.3
1056,U25,5,9.6
1056,U25,6,9.8
1056,U25,7,10.8
1056,U25,8,10
1056,U25,9,9.3
1056,U25,10,9.8
1056,U25,11,9.6
1056,U25,12,10.4
1057,U25,1,10.8
1057,U25,2,10.2
1057,U25,3,9.6
1057,U25,4,10.9
1057,U25,5,11.2
1057,U25,6,10.3
1057,U25,7,10.1
1057,U25,8,9.8
1057,U25,9,9.2
1057,U25,10,8.9
1057,U25,11,10.7
1057,U25,12,10.4
1058,U25,1,9.3
1058,U25,2,9.9
1058,U25,3,10.3
1058,U25,4,9
1058,U25,5,9.2
1058,U25,6,9
1058,U25,7,9.5
1058,U25,8,9.5
1058,U25,9,9.9
1058,U25,10,10.2
1058,U25,11,10.2
1058,U25,12,10.2
1059,U25,1,11.1
1059,U25,2,10.7
1059,U25,3,10.9
1059,U25,4,11.5
1059,U25,5,11.7
1059,U25,6,10.4
1059,U25,7,10.6
1059,U25,8,11.1
1059,U25,9,11
1059,U25,10,11.2
1059,U25,11,10.5
1059,U25,12,10.4
1060,U26,1,10.6
1060,U26,2,10.3
1060,U26,4,10
1060,U26,5,10.2
1060,U26,6,9.7
1060,U26,7,9.8
1060,U26,8,9.2
1060,U26,9,10.9
1060,U26,10,10.5
1060,U26,11,10.7
1060,U26,12,10.8
1061,U26,1,8.6
1061,U26,2,9.4
1061,U26,3,10.3
1061,U26,4,10.2
1061,U26,5,10
1061,U26,6,10.3
1061,U26,7,9.9
1061,U26,9,10.3
1061,U26,10,9.3
1061,U26,12,9.5
1062,U26,1,11.6
1062,U26,2,11.1
1062,U26,3,11.4
1062,U26,4,11.8
1062,U26,5,10.9
1062,U26,6,11.2
1062,U26,7,11.7
1062,U26,8,10.9
1062,U26,9,11.2
1062,U26,10,10.6
1062,U26,11,10.6
1062,U26,12,10.5
1063,U26,1,9.9
1063,U26,2,9.7
1063,U26,4,9.8
1063,U26,5,10.3
1063,U26,6,10
1063,U26,7,9.3
1063,U26,8,8.9
1063,U26,9,9.6
1063,U26,10,9.1
1063,U26,11,9
1063,U26,12,8.9
1064,U26,1,10.7
1064,U26,2,10.9
1064,U26,3,9.7
1064,U26,5,9.7
1064,U26,6,9.4
1064,U26,7,9.3
1064,U26,8,9.9
1064,U26,9,9.7
1064,U26,10,9.9
1064,U26,11,11.2
1064,U26,12,11.2
1065,U26,1,10.8
1065,U26,2,11.6
1065,U26,3,10.7
1065,U26,4,9.4
1065,U26,5,9.6
1065,U26,6,10.1
1065,U26,7,9.9
1065,U26,8,9.6
1065,U26,9,10.1
1066,U26,1,10.7
1066,U26,2,11.5
1066,U26,3,11.7
1066,U26,4,12.1
1066,U26,5,11.5
1066,U26,6,10.6
1066,U26,7,10.4
1066,U26,9,10.5
1066,U26,10,9.5
1066,U26,11,9.9
1066,U26,12,10.1
1067,U26,1,13
1067,U26,3,10.5
1067,U26,4,10
1067,U26,5,11
1067,U26,6,9.6
1067,U26,7,11.2
1067,U26,8,11.2
1067,U26,9,10.6
1067,U26,10,11.4
1067,U26,11,10.2
1067,U26,12,10.7
1068,U26,1,10.9
1068,U26,2,10
1068,U26,3,10.3
1068,U26,4,9.8
1068,U26,5,10.1
1068,U26,6,10
1068,U26,7,10.8
1068,U26,8,10.8
1068,U26,9,11
1068,U26,10,10.4
1068,U26,11,10.7
1068,U26,12,10
1069,U26,1,11.6
1069,U26,2,10.8
1069,U26,4,12.1
1069,U26,5,11.7
1069,U26,6,11.1
1069,U26,7,11.4
1069,U26,8,11.9
1069,U26,10,11.8
1069,U26,11,11.7
1069,U26,12,11.5
1070,U26,1,10.1
1070,U26,2,9.2
1070,U26,3,9.4
1070,U26,4,9.2
1070,U26,5,9.6
1070,U26,6,10
1070,U26,7,10.2
1070,U26,8,9.1
1070,U26,9,10.3
1070,U26,10,9.4
1070,U26,11,9.3
1070,U26,12,8.9
1071,U26,1,11.1
1071,U26,2,12
1071,U26,3,11.6
1071,U26,4,11.5
1071,U26,5,11.1
1072,U26,1,9.2
1072,U26,2,9.3
1072,U26,3,9.5
1072,U26,4,9.8
1072,U26,5,9.7
1072,U26,6,10.4
1072,U26,7,9.3
1072,U26,8,9.6
1072,U26,9,9.6
1072,U26,10,10.1
1072,U26,11,10.5
1072,U26,12,9.8
1073,U26,1,10.1
1073,U26,2,10.2
1073,U26,3,9.8
1073,U26,4,9.6
1073,U26,6,11.4
1073,U26,7,10.6
1073,U26,8,10.4
1073,U26,9,9.8
1073,U26,10,9.5
1073,U26,11,10
1073,U26,12,10.6
1074,U26,1,9.7
1074,U26,2,10.6
1074,U26,3,10.4
1074,U26,4,10.7
1074,U26,5,10.4
1074,U26,6,11.2
1074,U26,7,11.8
1074,U26,8,11.1
1074,U26,9,10.2
1074,U26,10,9.6
1074,U26,11,10.2
1075,U26,1,11.1
1075,U26,2,9.2
1075,U26,3,10.1
1075,U26,4,10.5
1075,U26,5,10.2
1075,U26,6,9.9
1075,U26,7,10.7
1075,U26,8,11.3
1075,U26,9,11.4
1075,U26,10,11.5
1075,U26,11,11.3
1075,U26,12,11
1076,U26,1,9.6
1076,U26,2,10.3
1076,U26,3,9.8
1076,U26,4,9.8
1076,U26,5,10.6
1076,U26,7,10.7
1076,U26,8,11
1076,U26,9,10.9
1076,U26,10,9.9
1076,U26,11,9.8
1076,U26,12,11.3
1077,U26,1,8.4
1077,U26,2,8.2
1077,U26,3,8.9
1077,U26,4,9
1077,U26,5,9.6
1077,U26,6,10.1
1077,U26,7,9.8
1077,U26,8,10
1077,U26,9,9.6
1077,U26,10,8.6
1077,U26,11,7.9
1077,U26,12,7.9
1078,U26,1,11.4
1078,U26,3,11.4
1078,U26,4,11.3
1078,U26,5,10.8
1078,U26,6,11.5
1078,U26,7,12.8
1078,U26,8,12
1078,U26,9,10.9
1078,U26,10,11.1
1078,U26,11,11.5
1078,U26,12,9.5
1079,U26,1,10.3
1079,U26,2,11.8
1079,U26,4,10.8
1079,U26,5,12.5
1079,U26,6,11.6
1079,U26,7,10.4
1079,U26,8,10.5
1079,U26,9,11
1079,U26,10,10.6
1079,U26,11,11.2
1079,U26,12,10.3
1080,U26,1,9.5
1080,U26,2,9.8
1080,U26,3,8.8
1080,U26,4,9.7
1080,U26,5,9.3
1080,U26,6,9.4
1080,U26,7,9.4
1080,U26,8,9.3
1080,U26,9,9.9
1080,U26,10,9.8
1080,U26,12,10.3
1081,U26,1,10.5
1081,U26,2,9.9
1081,U26,3,9.8
1081,U26,4,9.2
1081,U26,5,8.9
1081,U26,6,9
1081,U26,7,9
1081,U26,8,9.3
1081,U26,9,9.5
1081,U26,10,10
1081,U26,11,9.5
1082,U26,1,10.3
1082,U26,2,9.6
1082,U26,3,9.5
1082,U26,4,9.1
1082,U26,5,9.5
1082,U26,6,9
1082,U26,8,9.9
1082,U26,9,8.4
1082,U26,10,7.9
1082,U26,12,10.2
1083,U26,1,9.2
1083,U26,2,9
1083,U26,3,9.2
1083,U26,4,8.5
1083,U26,5,9.4
1083,U26,6,10.2
1083,U26,7,10
1083,U26,8,8.6
1083,U26,9,8
1083,U26,10,8.5
1083,U26,11,9
1083,U26,12,9.1
1084,U26,1,7.8
1084,U26,2,8.3
1084,U26,3,8.1
1084,U26,4,8.3
1084,U26,5,8.4
1084,U26,6,9.4
1084,U26,7,9.3
1084,U26,8,8.7
1084,U26,9,8.6
1084,U26,10,9.1
1084,U26,11,8.3
1084,U26,12,8.7
1085,U26,1,11.1
1085,U26,3,12.2
1085,U26,4,11.2
1085,U26,5,11.5
1085,U26,6,11.8
1085,U26,7,12.2
1085,U26,8,11.7
1085,U26,10,12
1085,U26,11,12.7
1085,U26,12,13
1086,U26,1,8.7
1086,U26,2,8.5
1086,U26,3,9.2
1086,U26,4,10.1
1086,U26,5,10.2
1086,U26,6,10.8
1086,U26,7,10.2
1086,U26,9,9.1
1086,U26,10,9.8
1086,U26,11,10.1
1086,U26,12,10.1
1087,U26,1,9.1
1087,U26,2,8.8
1087,U26,3,8.7
1087,U26,4,10.5
1087,U26,5,8.9
1087,U26,6,9.3
1087,U26,7,9.7
1087,U26,8,9.2
1087,U26,9,10.5
1087,U26,10,9.4
1087,U26,11,9.1
1087,U26,12,8.8
1088,U26,1,8.9
1088,U26,2,8.4
1088,U26,3,9.1
1088,U26,4,9.3
1088,U26,6,9.5
1088,U26,7,8.9
1088,U26,8,8.4
1088,U26,9,8.1
1088,U26,10,7.9
1088,U26,12,9.1
1089,U26,1,9.3
1089,U26,2,9.7
1089,U26,3,9.9
1089,U26,4,9.9
1089,U26,5,9.5
1089,U26,6,9.6
1089,U26,7,9.4
1089,U26,8,8.8
1089,U26,9,9.4
1089,U26,10,8.9
1089,U26,11,8.9
1089,U26,12,9.1
1090,U27,2,9.2
1090,U27,4,9.1
1090,U27,5,9.6
1090,U27,6,9.3
1090,U27,7,10.1
1090,U27,8,9.9
1090,U27,9,9.9
1090,U27,10,9.7
1090,U27,11,10.4
1090,U27,12,9.9
1091,U27,1,10.8
1091,U27,2,10.6
1091,U27,3,10.9
1091,U27,4,10.2
1091,U27,5,10.3
1091,U27,6,10.9
1091,U27,7,10.7
1091,U27,8,11.3
1091,U27,9,11
1091,U27,10,10.5
1091,U27,11,10.2
1091,U27,12,10.9
1092,U27,1,8.3
1092,U27,2,8.8
1092,U27,3,8.4
1092,U27,5,9.8
1092,U27,6,8.3
1092,U27,7,9.6
1092,U27,8,9.9
1092,U27,9,9.5
1092,U27,10,9
1092,U27,11,8.3
1092,U27,12,9.1
1093,U27,1,10.5
1093,U27,3,9
1093,U27,4,9.2
1093,U27,5,10.6
1093,U27,6,11.3
1093,U27,7,10.7
1093,U27,8,11.4
1093,U27,9,11.2
1093,U27,11,10.8
1093,U27,12,10.7
1094,U27,1,9.2
1094,U27,2,9.8
1094,U27,3,10.2
1094,U27,4,10.4
1094,U27,5,10.2
1094,U27,6,12.1
1094,U27,7,12.3
1094,U27,8,12.2
1094,U27,9,11.2
1094,U27,10,10.6
1094,U27,11,10.9
1094,U27,12,12.1
1095,U27,1,12.1
1095,U27,2,11.2
1095,U27,3,11.6
1095,U27,4,11.4
1095,U27,5,10.5
1095,U27,6,10.7
1095,U27,7,10.7
1095,U27,8,11.8
1095,U27,9,11.9
1095,U27,10,12.8
1095,U27,11,12.8
1095,U27,12,11.5
1096,U27,1,12.8
1096,U27,2,12.9
1096,U27,3,13
1096,U27,5,12
1096,U27,6,11.7
1096,U27,7,11.9
1096,U27,8,11.9
1096,U27,9,11.5
1096,U27,10,10.8
1096,U27,11,11.6
1096,U27,12,12.9
1097,U27,1,10.3
1097,U27,2,9.9
1097,U27,3,9.4
1097,U27,4,10.7
1097,U27,5,9.8
1097,U27,6,10.1
1097,U27,7,11
1097,U27,8,10.8
1097,U27,9,11.2
1097,U27,10,11.7
1097,U27,11,10.4
1097,U27,12,10.8
1098,U27,1,10.6
1098,U27,2,10.4
1098,U27,3,10.6
1098,U27,4,10.2
1098,U27,5,10.3
1098,U27,6,10.3
1098,U27,7,10.7
1098,U27,8,10.7
1098,U27,9,9.4
1098,U27,10,9.5
1098,U27,11,11.3
1098,U27,12,10.7
1099,U27,1,10.8
1099,U27,2,9.7
1099,U27,3,8.7
1099,U27,4,10.1
1099,U27,5,9.2
1099,U27,6,8.6
1099,U27,7,9.4
1099,U27,8,9.3
1099,U27,9,9.6
1099,U27,10,7.2
1099,U27,11,7.7
1100,U27,1,9.6
1100,U27,2,9.5
1100,U27,3,10.2
1100,U27,4,11
1100,U27,5,10.3
1100,U27,6,11.1
1100,U27,7,10.8
1100,U27,8,10.7
1100,U27,9,10.4
1100,U27,10,10.7
1100,U27,11,9.7
1100,U27,12,10.2
1101,U27,1,10.7
1101,U27,2,10.8
1101,U27,3,10
1101,U27,4,10.6
1101,U27,5,10.5
1101,U27,6,10.7
1101,U27,7,10.4
1101,U27,8,9.7
1101,U27,9,10.3
1101,U27,10,11.4
1101,U27,11,11.7
1101,U27,12,10.7
1102,U27,1,11.4
1102,U27,3,11.4
1102,U27,4,11.3
1102,U27,5,11
1102,U27,6,10.3
1102,U27,7,11.3
1102,U27,8,11.7
1102,U27,9,11.6
1102,U27,10,12
1102,U27,11,11.6
1102,U27,12,12
1103,U27,1,12.5
1103,U27,2,11.8
1103,U27,3,11.6
1103,U27,4,12.2
1103,U27,5,12.1
1103,U27,6,10.5
1103,U27,8,11.4
1103,U27,9,10.6
1103,U27,10,11
1103,U27,11,10.9
1103,U27,12,11.2
1104,U27,1,10.4
1104,U27,3,9.8
1104,U27,4,10.7
1104,U27,5,10.7
1104,U27,6,10.2
1104,U27,7,10.3
1104,U27,8,11.2
1104,U27,9,9.7
1104,U27,10,10.8
1104,U27,11,10.4
1105,U27,1,10.2
1105,U27,2,9.8
1105,U27,3,10.1
1105,U27,4,10.1
1105,U27,5,10.6
1105,U27,6,11
1105,U27,7,10.7
1105,U27,8,10.7
1105,U27,9,11.8
1105,U27,10,11.1
1105,U27,11,11.9
1105,U27,12,10.2
1106,U27,1,10.7
1106,U27,2,10.1
1106,U27,3,11
1106,U27,4,11.9
1106,U27,5,11.7
1106,U27,6,12.1
1106,U27,7,12.1
1106,U27,8,11.2
1106,U27,9,10.4
1106,U27,10,9.8
1106,U27,11,10.1
1106,U27,12,10.8
1107,U27,1,9.8
1107,U27,2,9.5
1107,U27,3,9.6
1107,U27,4,9.3
1107,U27,5,8.8
1107,U27,6,9.2
1107,U27,7,11
1107,U27,8,10.4
1107,U27,9,10.1
1107,U27,10,9.3
1108,U27,1,9.2
1108,U27,3,11
1108,U27,4,11.3
1108,U27,6,9.8
1108,U27,7,9.6
1108,U27,8,9.8
1108,U27,9,10.9
1108,U27,10,10.1
1108,U27,11,10
1108,U27,12,10.2
1109,U27,1,9.5
1109,U27,2,10.2
1109,U27,3,8.8
1109,U27,4,10.7
1109,U27,5,9.7
1109,U27,6,10.1
1109,U27,7,9.4
1109,U27,8,9.8
1109,U27,9,10.5
1109,U27,10,10.5
1109,U27,11,9.7
1109,U27,12,8.9
1110,U27,1,10.3
1110,U27,2,11
1110,U27,3,11.1
1110,U27,5,9.9
1110,U27,6,10.7
1110,U27,7,11
1110,U27,8,10.4
1110,U27,9,10.9
1110,U27,10,10.7
1110,U27,12,11.2
1111,U27,1,11
1111,U27,2,11.2
1111,U27,3,9.9
1111,U27,4,10.8
1111,U27,5,10.2
1111,U27,6,11.2
1111,U27,7,10.2
1111,U27,8,11.2
1111,U27,9,11.7
1111,U27,10,11.4
1111,U27,11,10.7
1111,U27,12,11.7
1112,U27,1,11.2
1112,U27,2,10.8
1112,U27,3,11.3
1112,U27,4,11.1
1112,U27,5,11.4
1112,U27,6,11.1
1112,U27,7,10.7
1112,U27,8,10.9
1112,U27,9,10.9
1112,U27,10,11.1
1112,U27,11,11.8
1112,U27,12,11.7
1113,U27,1,10.7
1113,U27,2,10.7
1113,U27,3,10.4
1113,U27,4,10.2
1113,U27,5,10.7
1113,U27,6,10.7
1113,U27,7,11.6
1113,U27,8,11.4
1113,U27,9,11.5
1113,U27,10,10.8
1113,U27,12,11.1
1114,U27,1,10.4
1114,U27,2,11.4
1114,U27,3,11.2
1114,U27,4,11.1
1114,U27,5,10.6
1114,U27,6,10.6
1114,U27,7,10.2
1114,U27,8,10.1
1114,U27,9,10.3
1114,U27,10,9.2
1114,U27,11,9.5
1114,U27,12,9.8
1115,U27,1,11.3
1115,U27,2,11.2
1115,U27,3,11.6
1115,U27,4,10.8
1115,U27,6,10.9
1115,U27,7,10.8
1115,U27,8,10.5
1115,U27,9,10.8
1115,U27,10,10.6
1115,U27,11,11
1115,U27,12,11.2
1116,U27,1,8.8
1116,U27,2,10
1116,U27,3,9.1
1116,U27,4,9.2
1116,U27,6,8.6
1116,U27,7,8.7
1116,U27,8,9
1116,U27,9,9.3
1116,U27,10,9.5
1116,U27,11,9.7
1117,U27,1,7.3
1117,U27,2,6.9
1117,U27,3,7.1
1117,U27,4,7.8
1117,U27,5,8.2
1117,U27,6,7.8
1117,U27,7,9.1
1117,U27,8,8.4
1117,U27,9,8.9
1117,U27,10,9.4
1117,U27,11,8.8
1117,U27,12,8.6
1118,U27,1,10.8
1118,U27,2,10.4
1118,U27,3,10.7
1118,U27,4,10.5
1118,U27,5,10.2
1118,U27,6,10.5
1118,U27,7,10.2
1118,U27,8,9.4
1118,U27,9,9.8
1118,U27,10,10.9
1118,U27,11,10.4
1118,U27,12,10.6
1119,U27,1,9.3
1119,U27,2,9.5
1119,U27,3,8.6
1119,U27,4,8.4
1119,U27,5,8.7
1119,U27,6,9.7
1119,U27,7,9
1119,U27,8,8.9
1119,U27,9,9.8
1119,U27,10,9.3
1119,U27,12,8.8
1120,U28,1,9.7
1120,U28,2,9.4
1120,U28,3,10.2
1120,U28,4,10.5
1120,U28,5,11.2
1120,U28,6,11.1
1120,U28,7,10.9
1120,U28,8,10.7
1120,U28,9,10.3
1120,U28,10,10.4
1120,U28,11,10
1120,U28,12,10
1121,U28,1,11.9
1121,U28,2,11.2
1121,U28,3,10.6
1121,U28,4,10.5
1121,U28,5,10.3
1121,U28,6,11.6
1121,U28,7,11.2
1121,U28,8,11.3
1121,U28,9,11.8
1121,U28,10,11.3
1121,U28,11,11.2
1121,U28,12,10.3
1122,U28,1,12.2
1122,U28,2,13.1
1122,U28,3,12.4
1122,U28,4,12.9
1122,U28,5,12.5
1122,U28,6,12.5
1122,U28,7,11.6
1122,U28,8,11.8
1122,U28,9,11.7
1122,U28,11,11
1122,U28,12,11.1
1123,U28,1,10.5
1123,U28,2,10.5
1123,U28,3,9.7
1123,U28,4,10.7
1123,U28,5,10.3
1123,U28,6,9.9
1123,U28,7,11
1123,U28,8,10.5
1123,U28,9,10.2
1123,U28,10,10.2
1123,U28,11,10.1
1123,U28,12,10.6
1124,U28,1,10.6
1124,U28,2,10.7
1124,U28,3,10.8
1124,U28,4,10.3
1124,U28,5,11
1124,U28,6,10.7
1124,U28,7,9.9
1124,U28,9,10
1124,U28,11,11.1
1125,U28,1,8
1125,U28,2,8.1
1125,U28,3,7.5
1125,U28,4,8.2
1125,U28,5,7.6
1125,U28,6,9.2
1125,U28,7,8.8
1125,U28,8,8.4
1125,U28,9,8.5
1125,U28,10,8.9
1125,U28,11,9
1125,U28,12,8.2
1126,U28,1,10.1
1126,U28,2,9.7
1126,U28,3,10.9
1126,U28,4,8.9
1126,U28,5,8.9
1126,U28,6,7.8
1126,U28,7,9.1
1126,U28,8,9.4
1126,U28,9,9.4
1126,U28,10,10
1126,U28,11,9.4
1126,U28,12,10.1
1127,U28,1,11
1127,U28,2,10.7
1127,U28,3,11.4
1127,U28,4,11.5
1127,U28,5,11.6
1127,U28,6,11.4
1127,U28,7,10.9
1127,U28,9,9.9
1127,U28,10,11.2
1127,U28,11,11.3
1127,U28,12,11.9
1128,U28,1,12
1128,U28,2,11.8
1128,U28,3,12.7
1129,U28,1,13
1129,U28,2,11.8
1129,U28,3,11.7
1129,U28,4,11.5
1129,U28,5,12
1129,U28,6,12.5
1129,U28,7,12.5
1129,U28,8,11.4
1129,U28,9,12.1
1129,U28,10,12.3
1129,U28,11,12
1129,U28,12,13.2
1130,U28,1,10.7
1130,U28,2,10.3
1130,U28,3,11
1130,U28,4,11.2
1130,U28,6,10.8
1130,U28,7,10.7
1130,U28,8,11.2
1130,U28,9,11.1
1130,U28,10,11.7
1130,U28,11,10.8
1130,U28,12,10.7
1131,U28,1,8.5
1131,U28,2,8.2
1131,U28,3,8.6
1131,U28,4,8.2
1131,U28,5,8.6
1131,U28,6,8.5
1131,U28,7,9.5
1131,U28,8,8.7
1131,U28,9,9.1
1131,U28,10,8.3
1131,U28,11,9.4
1131,U28,12,9
1132,U28,1,11.2
1132,U28,2,12.6
1132,U28,3,11.4
1132,U28,4,11.9
1132,U28,5,12.2
1132,U28,6,11.2
1132,U28,7,11.2
1132,U28,8,11.1
1132,U28,9,11.3
1132,U28,10,12.1
1132,U28,11,12.1
1132,U28,12,12.6
1133,U28,1,12.3
1133,U28,2,11.7
1133,U28,3,11.9
1133,U28,4,11.8
1133,U28,7,11.7
1133,U28,8,10.9
1133,U28,10,11.5
1133,U28,11,12.4
1133,U28,12,11.5
1134,U28,1,12.1
1134,U28,3,11.8
1134,U28,4,11.1
1134,U28,5,11
1134,U28,6,11.5
1134,U28,8,12
1134,U28,9,12.1
1134,U28,10,12.6
1134,U28,11,11.8
1134,U28,12,12.1
1135,U28,1,11.7
1135,U28,2,12.1
1135,U28,3,12
1135,U28,4,11.9
1135,U28,5,11.5
1135,U28,6,11.5
1135,U28,7,10.8
1135,U28,8,11.2
1135,U28,9,11.3
1135,U28,11,11.1
1135,U28,12,9.6
1136,U28,1,10.4
1136,U28,2,10.7
1136,U28,3,9.6
1136,U28,4,9.9
1136,U28,5,9.6
1136,U28,6,10.2
1136,U28,7,10.8
1136,U28,8,10.4
1136,U28,9,10.9
1136,U28,10,11.4
1136,U28,11,10.8
1136,U28,12,10.8
1137,U28,1,9.9
1137,U28,2,10.3
1137,U28,3,9.8
1137,U28,4,10.2
1137,U28,5,11.3
1137,U28,6,10.9
1137,U28,7,9
1137,U28,8,10.5
1137,U28,9,10.2
1137,U28,10,10.1
1137,U28,11,10
1137,U28,12,10.3
1138,U28,1,9.9
1138,U28,2,10.2
1138,U28,3,9.6
1138,U28,5,8.9
1138,U28,6,8.5
1138,U28,7,9.6
1138,U28,8,10
1138,U28,9,10.4
1138,U28,10,10.1
1138,U28,11,9.4
1138,U28,12,9
1139,U28,1,10.7
1139,U28,2,10.6
1139,U28,3,11.4
1139,U28,4,10.4
1139,U28,5,11.1
1139,U28,6,11.3
1139,U28,7,11.2
1139,U28,8,11.2
1139,U28,9,11.3
1139,U28,10,11.4
1139,U28,11,11.2
1139,U28,12,11.2
1140,U28,1,11.3
1140,U28,2,11.5
1140,U28,3,9.7
1140,U28,4,10.5
1140,U28,6,11
1140,U28,7,11.2
1140,U28,8,10.9
1140,U28,9,10.8
1140,U28,10,10.4
1140,U28,11,11.1
1140,U28,12,11.1
1141,U28,1,10.7
1141,U28,2,11.4
1141,U28,3,10.7
1141,U28,4,11
1141,U28,5,10.1
1141,U28,6,11.1
1141,U28,7,11.5
1141,U28,8,10.7
1141,U28,9,10.3
1141,U28,10,11.2
1141,U28,12,10.4
1142,U28,1,9.6
1142,U28,2,9.4
1142,U28,3,10.5
1142,U28,5,10.2
1142,U28,6,10.5
1142,U28,7,9.7
1142,U28,8,10.4
1142,U28,9,10.3
1142,U28,10,10.5
1142,U28,11,10.5
1142,U28,12,10.5
1143,U28,1,10.2
1143,U28,2,10.2
1143,U28,3,10.5
1143,U28,4,10.5
1143,U28,5,11.3
1143,U28,6,10.6
1143,U28,7,10.8
1143,U28,8,10.7
1143,U28,9,9.8
1143,U28,10,10.1
1143,U28,11,10.9
1143,U28,12,10.4
1144,U28,1,10.3
1144,U28,3,10.8
1144,U28,4,10.4
1144,U28,5,10.1
1144,U28,7,9
1144,U28,8,9.6
1144,U28,9,10.1
1144,U28,10,10.5
1144,U28,11,10.7
1144,U28,12,10.9
1145,U28,1,9.8
1145,U28,2,9.7
1145,U28,3,10.3
1145,U28,4,10.3
1145,U28,5,9.7
1145,U28,6,9.6
1145,U28,7,9
1145,U28,8,9.5
1145,U28,9,10
1145,U28,10,10.9
1145,U28,11,10.3
1145,U28,12,10.1
1146,U28,1,11
1146,U28,2,10.7
1146,U28,3,10.2
1146,U28,5,10.9
1146,U28,6,10.8
1146,U28,7,11.1
1146,U28,8,11
1146,U28,9,11.3
1146,U28,10,10.9
1146,U28,11,10.7
1146,U28,12,10.8
1147,U28,1,10.4
1147,U28,2,9.2
1147,U28,3,9.8
1147,U28,4,10.6
1147,U28,5,9.7
1147,U28,6,9.5
1147,U28,7,9.3
1147,U28,8,8.7
1147,U28,9,9.6
1147,U28,10,10.8
1147,U28,11,10
1147,U28,12,9
1148,U28,1,10.5
1148,U28,2,10.3
1148,U28,4,10.6
1148,U28,5,10.8
1148,U28,6,10.8
1148,U28,7,10.2
1148,U28,8,11
1148,U28,9,10.9
1148,U28,10,11.2
1148,U28,11,10.2
1148,U28,12,9.8
1149,U28,1,9.8
1149,U28,2,9.1
1149,U28,3,9.3
1149,U28,4,8.6
1149,U28,5,9.4
1149,U28,6,9.2
1149,U28,7,9.4
1149,U28,8,8.9
1149,U28,9,8.5
1149,U28,10,9.3
1149,U28,11,9.4
1149,U28,12,8.9
1150,U28,1,11.6
1150,U28,2,11.6
1150,U28,3,12
1150,U28,4,11.8
1150,U28,5,11.5
1150,U28,6,11.4
1150,U28,7,12
1150,U28,8,11.2
1150,U28,9,10.3
1150,U28,10,11.3
1150,U28,11,11.5
1150,U28,12,11.1
1151,U28,1,11.9
1151,U28,2,12.2
1151,U28,3,13.1
1151,U28,4,12.3
1151,U28,5,12.1
1151,U28,6,13.1
1151,U28,7,13
1151,U28,8,12.8
1151,U28,9,12.2
1151,U28,10,12.3
1151,U28,11,12.8
1151,U28,12,12.4
1152,U28,1,11.3
1152,U28,2,11.4
1152,U28,3,11
1152,U28,4,11.4
1152,U28,5,11.5
1152,U28,6,11.5
1152,U28,7,12.3
1152,U28,8,13.1
1152,U28,9,11.8
1152,U28,10,11.9
1152,U28,11,11.8
1152,U28,12,12.2
1153,U28,1,10.9
1153,U28,2,10.8
1153,U28,3,9.7
1153,U28,4,10.3
1153,U28,5,10.3
1153,U28,6,10.4
1153,U28,7,10.2
1153,U28,8,10.9
1153,U28,9,11.1
1153,U28,10,9.9
1153,U28,11,10.6
1153,U28,12,10.8
1154,U28,1,9.2
1154,U28,2,9.1
1154,U28,3,9.2
1154,U28,4,9.6
1154,U28,5,10.1
1154,U28,6,9.1
1154,U28,7,9
1154,U28,8,9.1
1154,U28,9,8.6
1154,U28,10,9.8
1154,U28,11,10.1
1154,U28,12,9.9
1155,U28,1,10.9
1155,U28,2,11.6
1155,U28,4,10.6
1155,U28,5,11.2
1155,U28,6,11.6
1155,U28,7,11
1155,U28,8,10.6
1155,U28,9,10.7
1155,U28,10,10
1155,U28,11,11
1155,U28,12,11.4
1156,U28,1,9.7
1156,U28,2,10.2
1156,U28,3,10.9
1156,U28,4,10.1
1156,U28,5,10.9
1156,U28,6,10.4
1156,U28,7,8.9
1156,U28,8,8.6
1156,U28,9,9.1
1156,U28,10,9.9
1156,U28,11,10.2
1156,U28,12,10.6
1157,U28,1,11.3
1157,U28,2,10.4
1157,U28,3,10
1157,U28,4,10.7
1157,U28,5,10.2
1157,U28,6,11
1157,U28,7,11.6
1157,U28,8,10.6
1157,U28,9,12.2
1157,U28,10,12.4
1157,U28,11,11.7
1157,U28,12,11.5
1158,U28,1,10.3
1158,U28,2,10.2
1158,U28,3,10.2
1158,U28,4,10.3
1158,U28,5,11.6
1158,U28,6,11.2
1158,U28,7,10.7
1158,U28,8,11.1
1158,U28,9,12
1158,U28,10,10.8
1158,U28,11,12.2
1158,U28,12,11.3
1159,U28,1,10.2
1159,U28,2,9.9
1159,U28,4,9.1
1159,U28,5,8.8
1159,U28,6,10.5
1159,U28,7,9.8
1159,U28,8,10.7
1159,U28,9,10.3
1159,U28,10,10.4
1159,U28,11,10.6
1159,U28,12,11.1
1160,U28,1,9.2
1160,U28,2,9.6
1160,U28,3,10.5
1160,U28,4,10.2
1160,U28,5,9.6
1160,U28,6,8.9
1160,U28,7,10.4
1160,U28,8,9.1
1160,U28,9,8.2
1160,U28,10,9.6
1160,U28,11,10.1
1160,U28,12,10.3
1161,U28,1,10.9
1161,U28,2,10.6
1161,U28,3,10.4
1161,U28,4,10.4
1161,U28,5,11
1161,U28,6,10.8
1161,U28,7,11.2
1161,U28,8,10.8
1161,U28,9,11.8
1161,U28,10,11.5
1161,U28,11,11.4
1162,U29,1,13.4
1162,U29,2,13.2
1162,U29,3,13.9
1162,U29,5,12.2
1162,U29,6,12.5
1162,U29,7,12.7
1162,U29,8,12.5
1162,U29,9,12.2
1162,U29,10,12.8
1162,U29,11,13.4
1162,U29,12,12.8
1163,U29,1,11.3
1163,U29,2,11.2
1163,U29,3,10.8
1163,U29,4,11.6
1163,U29,5,9.9
1163,U29,6,9.8
1163,U29,7,11.2
1163,U29,8,10.2
1163,U29,9,10.7
1163,U29,10,10.1
1163,U29,11,10.9
1163,U29,12,10.5
1164,U29,1,10.7
1164,U29,2,10
1164,U29,3,11.3
1164,U29,4,11
1164,U29,5,10.7
1164,U29,6,10.7
1164,U29,7,10.9
1164,U29,8,10.2
1164,U29,9,10.9
1164,U29,10,11.1
1164,U29,11,11.4
1164,U29,12,12.6
1165,U29,1,11
1165,U29,2,10.3
1165,U29,3,10.9
1165,U29,4,11.5
1165,U29,5,12
1165,U29,6,10.9
1165,U29,7,11.4
1165,U29,8,12
1165,U29,9,11.5
1165,U29,10,11
1165,U29,11,10.2
1165,U29,12,11.1
1166,U29,1,12.7
1166,U29,2,12
1166,U29,3,11.7
1166,U29,4,12.3
1166,U29,5,12.1
1166,U29,6,11.6
1166,U29,7,12
1166,U29,8,12.1
1166,U29,9,12.7
1166,U29,10,12
1166,U29,11,11.6
1166,U29,12,12.5
1167,U29,1,12.4
1167,U29,2,12
1167,U29,3,11.7
1167,U29,4,12
1167,U29,5,11.7
1167,U29,6,10.5
1167,U29,7,11.1
1167,U29,8,11
1167,U29,9,11
1167,U29,10,11.5
1167,U29,11,12.3
1167,U29,12,11.5
1168,U29,1,11.2
1168,U29,2,10.9
1168,U29,3,10.7
1168,U29,4,10.1
1168,U29,5,10.4
1168,U29,7,10.2
1168,U29,8,9.7
1168,U29,9,11.3
1168,U29,11,10.8
1168,U29,12,10.6
1169,U29,1,11
1169,U29,2,10.1
1169,U29,3,10.4
1169,U29,4,10.6
1169,U29,5,11.1
1169,U29,6,11.1
1169,U29,8,10.9
1169,U29,9,9.9
1169,U29,10,9.1
1169,U29,11,9.4
1169,U29,12,9.5
1170,U29,1,10.9
1170,U29,2,10.4
1170,U29,3,11
1170,U29,4,11.5
1170,U29,5,11.4
1170,U29,6,10.9
1170,U29,7,10.8
1170,U29,8,10.6
1170,U29,9,10
1170,U29,10,10.2
1170,U29,11,10.7
1170,U29,12,11.2
1171,U29,1,12.7
1171,U29,2,11.9
1171,U29,3,12.3
1171,U29,4,11.3
1171,U29,5,10.8
1171,U29,6,11.6
1171,U29,7,10.5
1171,U29,8,10.7
1171,U29,9,10.3
1171,U29,10,10.2
1171,U29,11,11.2
1172,U29,1,10.2
1172,U29,2,10.3
1172,U29,4,9.3
1172,U29,5,9.2
1172,U29,6,9.7
1172,U29,7,10.2
1172,U29,8,10.2
1172,U29,9,10.5
1172,U29,10,9
1172,U29,11,9.4
1172,U29,12,8.3
1173,U29,1,9.1
1173,U29,2,9.1
1173,U29,3,9.5
1173,U29,5,9.3
1173,U29,6,9.3
1173,U29,7,10
1173,U29,8,9.1
1173,U29,9,9.4
1173,U29,10,9.8
1173,U29,11,9.4
1173,U29,12,8.6
1174,U29,1,11.6
1174,U29,2,11
1174,U29,3,11.5
1174,U29,4,10.6
1174,U29,5,9.6
1174,U29,6,9.6
1174,U29,7,9.9
1174,U29,8,11.2
1174,U29,9,11.1
1174,U29,10,10.8
1174,U29,11,11
1174,U29,12,10.5
1175,U29,1,10.2
1175,U29,2,10.2
1175,U29,3,9.9
1175,U29,4,9.8
1175,U29,5,10.1
1175,U29,6,9.7
1175,U29,7,9.9
1175,U29,9,10.8
1175,U29,10,10.1
1175,U29,11,9.9
1175,U29,12,10.3
1176,U29,1,10
1176,U29,2,11.8
1176,U29,3,10.9
1176,U29,4,10.1
1176,U29,5,9.8
1176,U29,6,10.1
1176,U29,7,10.2
1176,U29,8,10
1176,U29,9,11.6
1176,U29,10,12
1176,U29,11,11.4
1176,U29,12,12.2
1177,U29,1,8.7
1177,U29,2,10
1177,U29,3,10.1
1177,U29,4,9.5
1177,U29,5,10.2
1177,U29,6,10.1
1177,U29,7,10.3
1177,U29,8,8.5
1177,U29,10,9.5
1177,U29,12,9
1178,U29,1,13
1178,U29,2,13.9
1178,U29,3,12.8
1178,U29,4,13.4
1178,U29,5,13.6
1178,U29,6,12.5
1178,U29,7,12.1
1178,U29,8,12.9
1178,U29,9,13
1178,U29,10,12.7
1178,U29,11,12
1178,U29,12,13
1179,U29,1,10.8
1179,U29,2,11.2
1179,U29,3,10.4
1179,U29,4,10.4
1179,U29,5,10.3
1179,U29,6,11.2
1179,U29,7,11.2
1179,U29,8,10.4
1179,U29,9,10.3
1179,U29,10,10.4
1179,U29,11,10.5
1179,U29,12,11.1
1180,U29,1,13.1
1180,U29,2,13.2
1180,U29,3,13.4
1180,U29,4,13
1180,U29,5,13
1180,U29,6,13.1
1180,U29,7,12.4
1180,U29,8,12.6
1180,U29,9,12.4
1180,U29,10,12.5
1180,U29,11,12.3
1180,U29,12,13.5
1181,U29,1,12.3
1181,U29,2,12.1
1181,U29,3,12.2
1181,U29,4,11.5
1181,U29,5,11.7
1181,U29,6,11.5
1181,U29,7,11
1181,U29,8,10.5
1181,U29,9,11.2
1181,U29,10,11.6
1181,U29,11,11.8
1181,U29,12,10.3
1182,U29,1,9.4
1182,U29,3,9.3
1182,U29,5,10.7
1182,U29,6,10.6
1182,U29,8,8.7
1182,U29,9,9.7
1182,U29,10,9.8
1182,U29,11,8.6
1182,U29,12,9.6
1183,U29,1,8.8
1183,U29,2,9
1183,U29,4,8.8
1183,U29,5,10.2
1183,U29,6,9.2
1183,U29,7,8.8
1183,U29,8,9.2
1183,U29,9,9.1
1183,U29,11,8.4
1183,U29,12,8
1184,U29,1,12.5
1184,U29,2,12.7
1184,U29,3,12.6
1184,U29,4,12.8
1184,U29,5,13.1
1184,U29,6,11.3
1184,U29,7,11.4
1184,U29,8,11.1
1184,U29,9,10.4
1184,U29,10,12.3
1184,U29,11,12
1184,U29,12,12.6
1185,U29,1,10.3
1185,U29,2,10.1
1185,U29,3,10.6
1185,U29,4,10.3
1185,U29,5,10.3
1185,U29,6,9.9
1185,U29,7,10.5
1185,U29,8,10.2
1185,U29,9,10.3
1185,U29,10,10.9
1185,U29,11,10.1
1185,U29,12,10.2
1186,U29,1,12.7
1186,U29,2,12.5
1186,U29,3,12.2
1186,U29,4,12.2
1186,U29,5,12.4
1186,U29,6,12.8
1186,U29,7,11.3
1186,U29,8,11.2
1186,U29,9,12.7
1186,U29,10,13.3
1186,U29,11,12.4
1186,U29,12,12.2
1187,U29,1,11.4
1187,U29,2,11.9
1187,U29,3,11.4
1187,U29,4,10.6
1187,U29,5,12
1187,U29,6,12
1187,U29,7,11.8
1187,U29,8,11.5
1187,U29,9,11.7
1187,U29,10,11.4
1187,U29,11,11.9
1187,U29,12,11.2
1188,U29,1,11
1188,U29,2,11.2
1188,U29,3,12
1188,U29,4,11.6
1189,U29,1,10.6
1189,U29,2,10.8
1189,U29,3,10.5
1189,U29,4,11.3
1189,U29,5,11.3
1189,U29,7,11.6
1189,U29,8,11.4
1189,U29,9,11.2
1189,U29,10,10.7
1189,U29,11,10.5
1189,U29,12,9.8
1190,U29,1,10.5
1190,U29,2,10.5
1190,U29,3,11.7
1190,U29,5,13
1190,U29,6,12.1
1190,U29,8,11.6
1190,U29,9,11.8
1190,U29,10,11
1190,U29,11,11.3
1190,U29,12,11.6
1191,U29,1,9.9
1191,U29,2,10
1191,U29,3,9.3
1191,U29,4,9.4
1191,U29,5,10
1191,U29,6,11.4
1191,U29,7,11
1191,U29,8,10.3
1191,U29,9,9.2
1191,U29,10,9.8
1191,U29,11,9.9
1191,U29,12,10.6
1192,U29,1,11.9
1192,U29,2,11.1
1192,U29,3,11.5
1192,U29,4,12.6
1192,U29,5,13.2
1192,U29,6,13.4
1192,U29,7,13.6
1192,U29,8,13.5
1192,U29,9,13.1
1192,U29,10,12.1
1192,U29,11,11.8
1192,U29,12,12.1
1193,U29,1,10.8
1193,U29,2,10.2
1193,U29,3,10.6
1193,U29,4,10
1193,U29,5,9.7
1193,U29,6,9.2
1193,U29,7,9
1193,U29,8,8.7
1193,U29,9,8.3
1193,U29,10,9.2
1193,U29,11,10.3
1193,U29,12,9.8
1194,U29,2,9.7
1194,U29,3,9.9
1194,U29,4,10.8
1194,U29,5,10.4
1194,U29,6,10.1
1194,U29,7,10.4
1194,U29,8,10.5
1194,U29,9,11.2
1194,U29,10,10.8
1194,U29,11,11.3
1194,U29,12,9.9
1195,U29,1,10.6
1195,U29,2,9.8
1195,U29,3,10.7
1195,U29,4,10.1
1195,U29,5,10.5
1195,U29,6,11.1
1195,U29,7,11.2
1195,U29,8,10.4
1195,U29,9,10.7
1195,U29,10,11.7
1195,U29,11,11.6
1195,U29,12,10.6
1196,U29,1,10.7
1196,U29,2,11.2
1196,U29,3,11.4
1196,U29,4,11.4
1196,U29,5,9.8
1196,U29,6,9.9
1196,U29,7,9.8
1196,U29,8,9.9
1196,U29,9,10.5
1197,U29,1,11.8
1197,U29,2,12
1197,U29,3,10.9
1197,U29,4,11
1197,U29,5,10.6
1197,U29,6,10.8
1197,U29,7,11
1197,U29,8,11.1
1197,U29,9,11.8
1197,U29,10,11.5
1197,U29,11,11.3
1197,U29,12,11.3
1198,U29,1,8.7
1198,U29,2,9.4
1198,U29,4,9.3
1198,U29,5,9.2
1198,U29,6,8
1198,U29,7,8.8
1198,U29,8,9.2
1198,U29,9,9.4
1198,U29,10,9.2
1199,U29,1,8.5
1199,U29,2,9.7
1199,U29,3,9.5
1199,U29,4,8.7
1199,U29,5,8.8
1199,U29,6,8.6
1199,U29,8,8.7
1199,U29,9,8.1
1199,U29,12,8.5
1200,U29,1,10.5
1200,U29,2,9.7
1200,U29,3,9.6
1200,U29,4,9.5
1200,U29,5,10.1
1200,U29,6,9.4
1200,U29,7,8.9
1200,U29,8,9.6
1200,U29,9,9.3
1200,U29,10,9
1200,U29,11,8.8
1200,U29,12,8.6
1201,U29,1,8.1
1201,U29,2,9
1201,U29,3,9.4
1201,U29,4,8.6
1201,U29,5,10.3
1201,U29,6,10.1
1201,U29,7,10.1
1201,U29,8,10
1201,U29,9,10.2
1201,U29,10,10.5
1201,U29,11,10.8
1201,U29,12,10.5
1202,U29,1,12
1202,U29,2,11.8
1202,U29,3,11.8
1202,U29,4,11.1
1202,U29,5,9.8
1202,U29,6,10.3
1202,U29,7,11.7
1202,U29,8,11.1
1202,U29,9,11.8
1202,U29,10,11.6
1202,U29,11,10.2
1202,U29,12,11.7
1203,U29,1,10.9
1203,U29,2,11.5
1203,U29,3,11.3
1203,U29,4,10
1203,U29,5,10.7
1203,U29,6,10.8
1203,U29,7,10.7
1203,U29,8,11.1
1203,U29,9,11.4
1203,U29,11,10.2
1203,U29,12,10.9
1204,U29,1,11.8
1204,U29,2,11.7
1204,U29,4,12.1
1204,U29,5,12.9
1204,U29,6,12.5
1204,U29,7,12.2
1204,U29,8,11.9
1204,U29,9,12.3
1204,U29,10,12.2
1204,U29,11,12.5
1204,U29,12,12.9
1205,U29,1,10.3
1205,U29,2,10.8
1205,U29,3,10.8
1205,U29,4,11
1205,U29,5,10.8
1205,U29,6,11
1205,U29,7,11.4
1205,U29,8,10.2
1205,U29,9,10.1
1205,U29,10,10.2
1205,U29,11,10.8
1205,U29,12,10.6
1206,U29,1,10.5
1206,U29,2,10.6
1206,U29,3,11.2
1206,U29,4,10.5
1206,U29,5,11
1206,U29,6,10.9
1206,U29,7,11
1206,U29,8,10.9
1206,U29,9,11.4
1206,U29,10,11.9
1206,U29,11,11
1206,U29,12,10.9
1207,U29,2,10.5
1207,U29,3,9.6
1207,U29,4,11.4
1207,U29,5,11.9
1207,U29,6,11.2
1207,U29,7,11.4
1207,U29,8,9.8
1207,U29,9,10.9
1207,U29,10,11.5
1207,U29,12,11.2
1208,U29,1,12.3
1208,U29,2,13.1
1208,U29,3,12.5
1208,U29,4,12.5
1208,U29,5,12.7
1208,U29,6,12.4
1208,U29,7,11.6
1208,U29,8,11.8
1208,U29,9,12.2
1208,U29,10,12.5
1208,U29,11,12
1208,U29,12,12.1
1209,U29,1,11.3
1209,U29,2,11.1
1209,U29,3,10.6
1209,U29,4,10.7
1209,U29,5,11.3
1209,U29,6,12.2
1209,U29,7,11.9
1209,U29,8,11.7
1209,U29,9,10.2
1209,U29,10,10.5
1209,U29,11,10.8
1209,U29,12,10.9
1210,U29,1,11.6
1210,U29,2,11.4
1210,U29,3,11.6
1210,U29,4,11
1210,U29,5,11.9
1210,U29,6,11.9
1210,U29,7,10.8
1210,U29,8,12.5
1210,U29,9,11.9
1210,U29,10,12
1210,U29,11,11.9
1210,U29,12,11.1
1211,U29,1,9.4
1211,U29,2,10.4
1211,U29,3,10.7
1211,U29,4,9.7
1211,U29,5,10.4
1211,U29,6,10.2
1211,U29,7,10.3
1211,U29,8,9.9
1211,U29,9,9.6
1211,U29,10,9.4
1211,U29,11,8.7
1212,U29,1,11.2
1212,U29,2,11.4
1212,U29,3,10.7
1212,U29,4,10.5
1212,U29,5,10.4
1212,U29,6,10.6
1212,U29,7,9.9
1212,U29,8,10.3
1212,U29,9,10
1212,U29,11,11.7
1212,U29,12,11.2
1213,U29,1,9.6
1213,U29,2,10.8
1213,U29,3,10.3
1213,U29,4,11
1213,U29,5,10.4
1213,U29,6,10.4
1213,U29,7,10.4
1213,U29,8,10.3
1213,U29,9,11.3
1213,U29,10,10.9
1213,U29,11,10.2
1213,U29,12,10.3
1214,U29,1,11.9
1214,U29,2,11.2
1214,U29,3,11.6
1214,U29,4,11.2
1214,U29,5,13.1
1214,U29,6,13.2
1214,U29,7,13.1
1214,U29,8,12.6
1214,U29,9,13.1
1214,U29,10,13.8
1214,U29,12,12.4
1215,U29,1,11.3
1215,U29,2,10.7
1215,U29,3,11
1215,U29,4,10.9
1216,U29,2,8.9
1216,U29,3,9.3
1216,U29,4,9
1216,U29,5,9
1216,U29,6,9.7
1216,U29,7,9.4
1216,U29,8,9.4
1216,U29,9,10
1216,U29,10,10.9
1216,U29,11,11.3
1216,U29,12,9.8
1217,U29,1,12.4
1217,U29,2,12.4
1217,U29,3,12.1
1217,U29,5,12.5
1217,U29,7,12.2
1217,U29,8,12.1
1217,U29,9,11.7
1217,U29,10,12.4
1217,U29,11,12.8
1217,U29,12,11
1218,U29,1,10.1
1218,U29,2,11.1
1218,U29,3,10.8
1218,U29,4,11.4
1218,U29,6,11.1
1218,U29,7,11.1
1218,U29,8,11.2
1218,U29,9,11
1219,U29,1,10.4
1219,U29,2,10.7
1219,U29,3,9.9
1219,U29,4,9.7
1219,U29,5,10.3
1219,U29,6,10.1
1219,U29,7,10.6
1219,U29,8,10.4
1219,U29,9,10.5
1219,U29,10,11.2
1219,U29,11,9.8
1219,U29,12,9.8
1220,U30,1,8.2
1220,U30,2,8.8
1220,U30,3,9
1221,U30,1,8.8
1221,U30,2,9.4
1221,U30,3,9.7
1221,U30,5,9.4
1221,U30,6,9.1
1221,U30,7,9.2
1221,U30,9,8.7
1221,U30,10,9.1
1221,U30,11,9.1
1221,U30,12,9.1
1222,U30,1,9.1
1222,U30,2,9.1
1222,U30,3,8.1
1222,U30,4,8.6
1222,U30,5,8.2
1222,U30,6,8.6
1222,U30,7,8.2
1222,U30,8,8.7
1222,U30,9,8.5
1222,U30,10,7.8
1222,U30,11,8.7
1222,U30,12,8.2
1223,U30,1,9.2
1223,U30,2,10
1223,U30,3,9.8
1223,U30,4,8.9
1223,U30,5,9.5
1223,U30,6,8.1
1223,U30,7,9.3
1223,U30,8,8.3
1223,U30,9,8
1223,U30,10,8
1223,U30,11,7.6
1223,U30,12,8
1224,U30,2,9.2
1224,U30,3,8.6
1224,U30,4,8.7
1224,U30,5,9.6
1224,U30,7,10.8
1224,U30,8,10
1224,U30,9,9.4
1224,U30,10,9.5
1224,U30,11,9
1224,U30,12,8.6
1225,U30,1,9.8
1225,U30,2,9.1
1225,U30,3,8.6
1225,U30,4,8.7
1225,U30,5,9.1
1225,U30,7,9.3
1225,U30,8,9.9
1225,U30,9,9
1225,U30,10,8.9
1225,U30,11,8.8
1225,U30,12,9.1
1226,U30,1,9.4
1226,U30,3,9.9
1226,U30,4,11.1
1226,U30,5,11.6
1226,U30,6,11.7
1226,U30,7,10.8
1226,U30,8,9.4
1226,U30,9,9.8
1226,U30,10,9.9
1226,U30,11,10
1226,U30,12,10.3
1227,U30,1,9.3
1227,U30,2,9.7
1227,U30,3,9
1227,U30,4,8.6
1227,U30,5,8.9
1227,U30,6,8.4
1227,U30,7,9.5
1227,U30,8,8.7
1227,U30,9,9.3
1227,U30,10,9
1227,U30,11,9.5
1228,U30,2,10.8
1228,U30,4,12.3
1228,U30,5,12.3
1228,U30,6,12.2
1228,U30,7,11.8
1228,U30,8,10.7
1228,U30,9,10.8
1228,U30,10,11.7
1228,U30,11,12.1
1228,U30,12,12.6
1229,U30,1,11.9
1229,U30,2,11.3
1229,U30,3,11.5
1229,U30,4,11.5
1229,U30,5,11.4
1229,U30,6,12
1229,U30,7,11.1
1229,U30,8,11.4
1229,U30,9,10.8
1229,U30,10,10.7
1229,U30,11,11.6
1229,U30,12,11.7
1230,U30,1,8.3
1230,U30,2,9
1230,U30,3,9
1230,U30,4,9.1
1230,U30,5,8.8
1230,U30,6,8.5
1230,U30,7,8.2
1230,U30,8,9.3
1230,U30,9,9.5
1230,U30,10,10
1230,U30,11,9.9
1230,U30,12,9
1231,U30,1,9.9
1231,U30,2,10
1231,U30,3,9.7
1231,U30,5,10.5
1231,U30,6,9.4
1231,U30,7,10.3
1231,U30,9,10.8
1231,U30,10,10.9
1231,U30,11,10.9
1231,U30,12,10.6
1232,U30,1,7
1232,U30,2,5.9
1232,U30,3,7.5
1232,U30,4,7.1
1232,U30,5,6.7
1232,U30,6,5.9
1232,U30,7,6.5
1232,U30,8,6.5
1232,U30,9,6.1
1232,U30,10,6.1
1232,U30,11,6.6
1232,U30,12,8.6
1233,U30,1,9.6
1233,U30,2,10
1233,U30,3,10.5
1233,U30,4,10.8
1233,U30,5,10.5
1233,U30,6,11.7
1233,U30,7,11.7
1233,U30,8,12.4
1233,U30,9,11.8
1233,U30,10,11.3
1233,U30,11,10.4
1233,U30,12,10.9
1234,U30,1,9.5
1234,U30,2,9.2
1234,U30,3,8.9
1234,U30,4,8.8
1234,U30,5,8.7
1234,U30,7,10.4
1234,U30,8,9.1
1234,U30,9,8.8
1234,U30,10,8.6
1234,U30,11,8.6
1234,U30,12,8.8
1235,U30,1,12
1235,U30,2,10.7
1235,U30,3,10.3
1235,U30,4,10.3
1235,U30,5,12.2
1235,U30,6,11.3
1235,U30,7,12.4
1235,U30,8,11.5
1235,U30,9,11.3
1235,U30,10,11.5
1235,U30,11,11.4
1235,U30,12,11.2
1236,U30,1,11.4
1236,U30,2,12
1236,U30,4,9.5
1236,U30,5,10.1
1236,U30,6,9.4
1236,U30,7,9.6
1236,U30,8,9.2
1236,U30,9,9.8
1236,U30,10,9.8
1236,U30,11,9.1
1236,U30,12,10.2
1237,U30,1,10
1237,U30,2,10.2
1237,U30,4,11.3
1237,U30,5,11.6
1237,U30,6,10.8
1237,U30,7,11.6
1237,U30,8,10.3
1237,U30,9,9.8
1237,U30,10,10.3
1237,U30,11,9.6
1237,U30,12,8.5
1238,U30,1,8.3
1238,U30,3,7.5
1238,U30,4,6.2
1238,U30,5,7.3
1238,U30,6,7.2
1238,U30,7,7.4
1238,U30,8,7.9
1238,U30,9,8.4
1238,U30,10,8.2
1238,U30,11,7.9
1238,U30,12,8.3
1239,U30,2,8.3
1239,U30,3,8.1
1239,U30,4,9.1
1239,U30,5,8.8
1239,U30,6,7.7
1239,U30,7,7.2
1239,U30,8,8.1
1239,U30,9,8.4
1239,U30,10,8.2
1239,U30,11,9
1239,U30,12,7.4
1240,U30,1,10.3
1240,U30,2,10.1
1240,U30,3,9.5
1240,U30,4,9.6
1240,U30,5,9.3
1240,U30,6,9.3
1240,U30,7,9.4
1240,U30,8,8.8
1240,U30,9,8.9
1240,U30,10,9.9
1240,U30,11,10
1240,U30,12,9.5
1241,U30,1,10.2
1241,U30,2,9.2
1241,U30,3,10.2
1241,U30,4,10
1241,U30,5,9.7
1241,U30,6,9.7
1241,U30,7,9.8
1241,U30,8,10.2
1241,U30,9,11.2
1241,U30,10,10.1
1241,U30,11,9.7
1241,U30,12,9.9
1242,U30,1,9.2
1242,U30,2,10.7
1242,U30,3,11.3
1242,U30,4,10.7
1242,U30,5,10.1
1242,U30,6,9.8
1242,U30,7,8.6
1242,U30,9,9.4
1242,U30,10,9.5
1242,U30,11,10.5
1242,U30,12,10.3
1243,U30,1,8.3
1243,U30,2,8.1
1243,U30,3,8.1
1243,U30,4,8.6
1243,U30,5,8.7
1243,U30,6,10.1
1243,U30,7,8.7
1243,U30,8,8.8
1243,U30,9,8
1243,U30,10,8.9
1243,U30,11,9
1243,U30,12,8.4
1244,U30,1,6.9
1244,U30,2,7.1
1244,U30,3,7.5
1244,U30,4,7.1
1244,U30,5,8.3
1244,U30,6,8
1244,U30,7,7.3
1244,U30,8,7.8
1244,U30,9,8.1
1244,U30,10,9
1244,U30,11,8.4
1244,U30,12,8.4
1245,U30,1,7.5
1245,U30,2,7.3
1245,U30,4,7.6
1245,U30,5,8.3
1245,U30,6,8.3
1245,U30,7,8.4
1245,U30,8,9.1
1245,U30,9,9.4
1245,U30,10,9.7
1245,U30,11,8.9
1245,U30,12,8.8
1246,U30,1,11.9
1246,U30,2,10.6
1246,U30,3,10.6
1246,U30,4,11.7
1246,U30,5,12.3
1246,U30,6,12.3
1246,U30,7,12.7
1246,U30,8,12.3
1246,U30,10,12.5
1246,U30,11,12.1
1246,U30,12,11.3
1247,U30,1,10.6
1247,U30,2,10.5
1247,U30,3,9.9
1247,U30,5,8.8
1247,U30,6,9.2
1247,U30,7,8.9
1247,U30,8,9.5
1247,U30,9,9.6
1247,U30,10,9.6
1247,U30,12,9.3
1248,U30,1,10.1
1248,U30,2,10.6
1248,U30,3,10.5
1248,U30,4,9.5
1248,U30,5,9.2
1248,U30,6,9.8
1248,U30,7,11
1248,U30,8,11.3
1248,U30,9,9.9
1248,U30,10,9.5
1248,U30,11,9.1
1248,U30,12,9.1
1249,U30,1,10.2
1249,U30,2,10
1249,U30,3,10.2
1249,U30,4,9.8
1249,U30,5,11.3
1249,U30,6,10.9
1249,U30,7,10.2
1249,U30,8,10.3
1249,U30,9,10.6
1249,U30,10,11.2
1249,U30,11,9.6
1249,U30,12,10.1
1250,U30,1,10.1
1250,U30,2,10.1
1250,U30,3,11.2
1250,U30,4,9.8
1250,U30,5,9.9
1250,U30,6,10
1250,U30,7,10.3
1250,U30,8,10.2
1250,U30,9,9.8
1250,U30,10,10
1250,U30,11,9.2
1250,U30,12,9.5
1251,U30,2,9.1
1251,U30,3,9.3
1251,U30,4,8.7
1251,U30,5,9.5
1251,U30,6,9.1
1251,U30,7,9.6
1251,U30,8,9.5
1251,U30,9,9.3
1251,U30,10,10.5
1251,U30,11,10.5
1251,U30,12,9.5
1252,U30,1,11.3
1252,U30,2,11.1
1252,U30,3,9.6
1252,U30,4,9.2
1252,U30,5,8.9
1252,U30,6,9.2
1252,U30,7,9.2
1252,U30,8,9.4
1252,U30,9,8.1
1252,U30,10,7.6
1252,U30,11,9.4
1252,U30,12,9.6
1253,U30,1,10.1
1253,U30,2,9.8
1253,U30,3,9.4
1253,U30,4,9.5
1253,U30,5,9.8
1253,U30,6,10.2
1253,U30,8,9.7
1253,U30,9,10.3
1253,U30,10,10.2
1253,U30,11,9.5
1253,U30,12,10.3
1254,U30,1,9
1254,U30,3,8.9
1254,U30,4,9.2
1254,U30,5,9.3
1254,U30,6,9.8
1254,U30,7,9.3
1254,U30,8,8.8
1254,U30,9,8.1
1254,U30,10,8
1254,U30,11,8
1254,U30,12,9.1
1255,U30,1,7
1255,U30,2,6.7
1255,U30,3,8.1
1255,U30,4,7.9
1256,U30,1,7.1
1256,U30,2,7.2
1256,U30,3,8.2
1256,U30,4,7.9
1256,U30,5,7.8
1256,U30,6,7.5
1256,U30,7,7.8
1256,U30,8,7.9
1256,U30,9,7.4
1256,U30,10,6.1
1256,U30,11,6.6
1256,U30,12,7.1
1257,U30,1,9.2
1257,U30,2,8.9
1257,U30,3,8.4
1257,U30,4,7.6
1257,U30,5,7.9
1257,U30,6,9.5
1257,U30,8,9.1
1257,U30,10,9.8
1257,U30,11,9.1
1257,U30,12,9.3
1258,U30,1,10.1
1258,U30,2,9.6
1258,U30,3,8.7
1258,U30,4,9.4
1258,U30,5,10
1258,U30,6,9.9
1258,U30,7,9.1
1258,U30,8,9.7
1258,U30,9,10.1
1258,U30,10,9.8
1258,U30,11,9.5
1258,U30,12,10
1259,U30,2,9.2
1259,U30,3,9.2
1259,U30,4,8.9
1259,U30,5,8.8
1259,U30,6,8.2
1259,U30,8,7.9
1259,U30,9,7.9
1259,U30,10,7.9
1259,U30,11,7.9
1259,U30,12,8.4
1260,U30,1,9.6
1260,U30,2,9.4
1260,U30,3,10.4
1260,U30,4,9.7
1260,U30,5,10.3
1260,U30,6,9.6
1260,U30,7,10.6
1260,U30,9,9.7
1260,U30,10,8.9
1260,U30,11,8
1260,U30,12,8.2
1261,U30,1,11.3
1261,U30,2,10.8
1261,U30,3,10.9
1261,U30,4,10.8
1261,U30,5,9.9
1261,U30,6,10.8
1261,U30,7,10.5
1261,U30,9,11.1
1261,U30,10,10.6
1261,U30,11,11.2
1261,U30,12,12.4
1262,U30,1,11.3
1262,U30,2,11
1262,U30,3,10.8
1262,U30,4,10.9
1262,U30,5,10.9
1262,U30,6,10.4
1262,U30,8,9.3
1262,U30,9,9.2
1262,U30,10,10.3
1262,U30,11,9.2
1263,U30,2,11.3
1263,U30,3,11
1263,U30,5,11.2
1263,U30,6,11.6
1263,U30,7,12.1
1263,U30,8,11.9
1263,U30,9,11.5
1263,U30,10,11.5
1263,U30,11,11.8
1263,U30,12,10.6
1264,U30,1,8.9
1264,U30,2,9.6
1264,U30,3,9.6
1264,U30,4,8.9
1264,U30,5,9.3
1264,U30,6,10.3
1264,U30,8,9
1264,U30,9,10.1
1264,U30,10,9.5
1264,U30,11,8.2
1264,U30,12,8.7
1265,U30,1,9.6
1265,U30,2,9.7
1265,U30,3,9.9
1265,U30,4,9.6
1265,U30,5,8.7
1265,U30,6,8.9
1265,U30,7,9.2
1265,U30,8,9.5
1265,U30,9,9.3
1265,U30,10,9.1
1265,U30,11,9.1
1265,U30,12,9.7
1266,U30,1,9.3
1266,U30,3,7.8
1266,U30,4,7.2
1266,U30,5,8.7
1266,U30,6,8.8
1266,U30,7,8.6
1266,U30,8,9.9
1266,U30,10,8.5
1266,U30,11,7.5
1267,U30,1,8.5
1267,U30,2,8.9
1267,U30,3,9.1
1267,U30,4,10.4
1267,U30,5,9.4
1267,U30,6,8.9
1267,U30,7,9.2
1267,U30,8,9.4
1267,U30,9,9.1
1267,U30,10,9.3
1267,U30,11,9.6
1267,U30,12,8.2
1268,U30,1,7.6
1268,U30,2,6.8
1268,U30,3,6.9
1268,U30,4,7.9
1268,U30,5,7.4
1268,U30,6,7.7
1268,U30,7,7.9
1268,U30,8,8.6
1268,U30,9,8.6
1268,U30,10,8
1268,U30,11,8.1
1268,U30,12,8.9
1269,U30,1,10.4
1269,U30,2,10.9
1269,U30,3,11
1269,U30,4,10.4
1269,U30,5,11.9
1269,U30,6,11.2
1269,U30,7,9.7
1269,U30,8,11.4
1269,U30,9,10.9
1269,U30,10,11.2
1269,U30,11,11
1269,U30,12,10.1
1270,U30,1,10.3
1270,U30,2,10
1270,U30,3,9
1270,U30,4,8.6
1270,U30,5,10.2
1270,U30,6,9.4
1270,U30,7,9.4
1270,U30,8,9.1
1270,U30,9,8.4
1270,U30,10,9.5
1270,U30,11,9.5
1271,U30,2,10.8
1271,U30,3,10.1
1271,U30,4,9.6
1271,U30,5,9.9
1271,U30,7,9
1271,U30,8,9.3
1271,U30,9,9.6
1271,U30,10,10.2
1271,U30,11,10
1271,U30,12,10.1
1272,U30,1,8.8
1272,U30,2,8.8
1272,U30,4,8.1
1272,U30,5,8.2
1272,U30,6,8.5
1272,U30,7,8.8
1272,U30,8,9.1
1272,U30,9,8.1
1272,U30,10,9.1
1272,U30,11,9
1272,U30,12,9.5
1273,U30,1,9.2
1273,U30,2,8.6
1273,U30,3,9.6
1273,U30,4,10.1
1273,U30,5,10.2
1273,U30,6,10
1273,U30,7,9.9
1273,U30,8,9.4
1273,U30,10,9.3
1273,U30,11,9.4
1273,U30,12,9.9
1274,U30,1,11.1
1274,U30,2,10
1274,U30,3,9.4
1274,U30,4,9.6
1274,U30,5,10.4
1274,U30,6,9.6
1274,U30,7,10.7
1274,U30,8,10.6
1274,U30,9,9.4
1274,U30,10,9.1
1274,U30,11,10
1274,U30,12,10.3
1275,U30,1,9.7
1275,U30,2,9.9
1275,U30,3,10.3
1275,U30,4,9.7
1275,U30,5,8.6
1275,U30,6,9.1
1275,U30,7,9.3
1275,U30,8,9.3
1275,U30,9,9.5
1275,U30,10,8.5
1275,U30,11,7.8
1275,U30,12,8.9
1276,U30,1,8.6
1276,U30,2,8.5
1276,U30,3,7.6
1276,U30,5,7.4
1276,U30,6,7.5
1276,U30,7,7.2
1276,U30,8,7.2
1276,U30,9,6.7
1276,U30,10,6.6
1276,U30,11,7.7
1276,U30,12,7.2
1277,U30,1,8.8
1277,U30,2,9.4
1277,U30,3,9.9
1277,U30,4,8.7
1277,U30,5,8.6
1277,U30,6,9.7
1277,U30,8,8.5
1277,U30,9,9.3
1277,U30,10,9.7
1277,U30,11,8.5
1277,U30,12,9.3
1278,U30,1,10.4
1278,U30,2,10.9
1278,U30,3,11.1
1278,U30,4,10.2
1278,U30,5,9.7
1278,U30,6,10.6
1278,U30,7,10.4
1278,U30,8,9.5
1278,U30,9,9.6
1278,U30,10,8.9
1278,U30,11,9.2
1278,U30,12,9.8
1279,U31,1,10.7
1279,U31,2,11.1
1279,U31,3,11.6
1279,U31,4,12
1279,U31,5,11.1
1279,U31,6,10.7
1279,U31,7,10.5
1279,U31,9,9.6
1279,U31,10,10.1
1279,U31,11,9.9
1279,U31,12,10
1280,U31,1,11.1
1280,U31,2,11.2
1280,U31,4,10.6
1280,U31,5,11.3
1280,U31,6,10.7
1280,U31,7,10.6
1280,U31,8,10.7
1280,U31,9,10
1280,U31,11,11
1281,U31,1,10
1281,U31,3,8.6
1281,U31,4,8.3
1281,U31,5,8.7
1281,U31,6,9.7
1281,U31,7,9.4
1281,U31,8,7.9
1281,U31,9,8.7
1281,U31,10,10.1
1281,U31,11,9.9
1281,U31,12,9.5
1282,U31,1,11.6
1282,U31,2,11.5
1282,U31,3,11.8
1282,U31,4,11.2
1282,U31,5,11.1
1282,U31,6,10.7
1282,U31,7,9.9
1282,U31,8,9.8
1282,U31,10,10.1
1282,U31,11,9.9
1282,U31,12,10.6
1283,U31,1,10.2
1283,U31,2,9.5
1283,U31,3,10.5
1283,U31,4,11.2
1283,U31,5,11.9
1283,U31,6,11.8
1283,U31,7,11.2
1283,U31,8,10.9
1283,U31,9,11
1283,U31,10,10.7
1283,U31,11,10.9
1283,U31,12,10.8
1284,U31,1,10
1284,U31,2,10.8
1284,U31,3,11
1284,U31,4,12
1284,U31,5,10.7
1284,U31,6,10.8
1284,U31,7,11.4
1284,U31,8,11.9
1284,U31,9,11
1284,U31,10,10.7
1284,U31,11,9.4
1284,U31,12,10.6
1285,U31,3,9.5
1285,U31,4,10.7
1285,U31,5,10.3
1285,U31,6,10.8
1285,U31,7,10.5
1285,U31,8,10.8
1285,U31,9,11.3
1285,U31,10,10.2
1285,U31,11,10.4
1285,U31,12,11.6
1286,U31,1,10.5
1286,U31,2,10.7
1286,U31,3,10.7
1286,U31,4,9.7
1286,U31,5,9.9
1286,U31,6,9.9
1286,U31,7,9.6
1286,U31,8,9.6
1286,U31,9,10.3
1286,U31,10,10.5
1286,U31,11,9.2
1286,U31,12,10.3
1287,U31,1,9.5
1287,U31,2,9.4
1287,U31,3,9.6
1287,U31,4,8.9
1287,U31,6,9.7
1287,U31,7,9
1287,U31,8,8.6
1287,U31,9,9.3
1287,U31,10,8.8
1288,U31,1,9.4
1288,U31,2,8.7
1288,U31,3,7.3
1288,U31,4,8.8
1288,U31,5,8.4
1288,U31,6,8.9
1288,U31,7,8.2
1288,U31,9,8.1
1288,U31,10,7
1288,U31,11,7
1288,U31,12,7.2
1289,U31,1,9.8
1289,U31,2,9.2
1289,U31,3,8
1289,U31,4,9.5
1289,U31,5,10
1289,U31,6,10
1289,U31,7,9.8
1289,U31,8,8.8
1289,U31,9,8.6
1289,U31,10,9.4
1289,U31,11,9.6
1289,U31,12,10.2
1290,U31,1,12.2
1290,U31,2,12.2
1290,U31,3,13.4
1290,U31,4,13.1
1290,U31,6,12.7
1290,U31,7,12.1
1290,U31,8,11.5
1290,U31,9,12
1290,U31,10,12.7
1290,U31,11,12.2
1290,U31,12,12.6
1291,U31,2,9.7
1291,U31,3,10.2
1291,U31,4,10.2
1291,U31,5,10.8
1291,U31,6,10.8
1291,U31,7,9.9
1291,U31,8,10.7
1291,U31,9,10.4
1291,U31,10,11
1291,U31,11,11.1
1291,U31,12,10.2
1292,U31,1,10.4
1292,U31,2,11.2
1292,U31,3,10.6
1292,U31,4,10.9
1292,U31,5,10.5
1292,U31,6,11
1292,U31,7,11
1292,U31,8,11.4
1292,U31,9,11.4
1292,U31,10,10.6
1292,U31,11,10.8
1292,U31,12,11.5
1293,U31,1,10.9
1293,U31,2,9.8
1293,U31,3,10.5
1293,U31,4,9.7
1293,U31,5,10.1
1293,U31,6,10.1
1293,U31,7,9.9
1293,U31,8,9.8
1293,U31,9,9.6
1293,U31,10,9.8
1293,U31,11,9
1293,U31,12,9.2
1294,U31,2,10.2
1294,U31,3,11.7
1294,U31,4,9.8
1294,U31,5,9.1
1294,U31,6,9
1294,U31,7,8.6
1294,U31,9,9.8
1294,U31,10,10.1
1294,U31,11,10.4
1294,U31,12,9.2
1295,U31,1,11.6
1295,U31,2,10.9
1295,U31,3,11.6
1295,U31,4,11.8
1295,U31,5,11.3
1295,U31,6,11.6
1295,U31,7,11.5
1295,U31,9,12.1
1295,U31,10,11.7
1295,U31,11,11.7
1296,U31,1,12.5
1296,U31,2,12.1
1296,U31,3,11.9
1296,U31,4,11.7
1296,U31,5,11.9
1296,U31,6,11.4
1296,U31,7,12
1296,U31,8,11.6
1296,U31,9,12.1
1296,U31,10,11.6
1296,U31,11,11.9
1296,U31,12,10.6
1297,U31,1,11.5
1297,U31,2,10.9
1297,U31,3,10.7
1297,U31,4,12.4
1297,U31,5,12.1
1297,U31,6,11.7
1297,U31,7,11.2
1297,U31,8,10.7
1297,U31,9,10.2
1297,U31,10,11.2
1297,U31,11,10.8
1297,U31,12,11.9
1298,U31,1,9.6
1298,U31,2,10.5
1298,U31,3,11
1298,U31,4,11.1
1298,U31,5,10.2
1298,U31,6,9.9
1298,U31,7,10.1
1298,U31,8,10.2
1298,U31,9,10.1
1298,U31,10,10.1
1298,U31,11,10.2
1298,U31,12,9.9
1299,U31,1,9
1299,U31,2,9.5
1299,U31,3,9.7
1299,U31,4,8.7
1299,U31,5,8
1299,U31,6,9
1299,U31,7,8.9
1299,U31,8,8.6
1299,U31,9,8.1
1299,U31,11,8.5
1299,U31,12,8.6
1300,U31,1,10.3
1300,U31,2,9.6
1300,U31,3,10
1300,U31,4,9.8
1300,U31,5,10.4
1300,U31,6,10.5
1300,U31,7,10.1
1300,U31,8,10.2
1300,U31,9,8.7
1300,U31,10,9.5
1300,U31,12,10.8
1301,U31,1,9.1
1301,U31,2,9.8
1301,U31,3,9.7
1301,U31,5,9.7
1301,U31,6,10
1301,U31,7,10.3
1301,U31,8,9.4
1301,U31,9,9.2
1301,U31,10,8.8
1301,U31,11,9.2
1301,U31,12,9.6
1302,U31,1,9.5
1302,U31,2,9.2
1302,U31,3,10
1302,U31,4,10.2
1302,U31,5,8.9
1302,U31,6,9.4
1302,U31,7,8.5
1302,U31,8,8
1302,U31,9,8.5
1302,U31,10,9.5
1302,U31,11,9.9
1302,U31,12,10.3
1303,U31,1,9.9
1303,U31,2,9.8
1303,U31,4,10.6
1303,U31,5,9.5
1303,U31,6,10.2
1303,U31,7,10.5
1303,U31,8,10.5
1303,U31,9,11.9
1303,U31,10,10.3
1303,U31,11,9.9
1303,U31,12,10.3
1304,U31,1,10.4
1304,U31,2,9.3
1304,U31,3,8.6
1304,U31,4,8.8
1304,U31,6,8.4
1304,U31,7,9.1
1304,U31,8,10.2
1304,U31,10,10
1304,U31,11,9.9
1304,U31,12,9.1
1305,U31,1,8.5
1305,U31,2,8.5
1305,U31,3,9.5
1305,U31,4,11
1305,U31,5,10.7
1305,U31,6,10.9
1305,U31,8,9.5
1305,U31,9,9.9
1305,U31,10,9.8
1305,U31,11,10.1
1305,U31,12,9.5
1306,U31,1,9.5
1306,U31,2,9.5
1306,U31,3,9
1306,U31,4,10.3
1306,U31,5,10.8
1306,U31,6,10.5
1306,U31,7,11.7
1306,U31,8,10.7
1306,U31,9,10.6
1306,U31,10,10.6
1306,U31,12,10.5
1307,U31,1,10
1307,U31,3,10
1307,U31,4,9.6
1307,U31,6,11.2
1307,U31,7,10.1
1307,U31,8,10.4
1307,U31,9,10.5
1307,U31,10,9.3
1307,U31,11,8.6
1307,U31,12,10.1
1308,U31,1,10.4
1308,U31,3,9.7
1308,U31,4,9.5
1308,U31,5,10.2
1308,U31,6,10.1
1308,U31,7,10.3
1308,U31,8,9.2
1308,U31,9,10.1
1308,U31,10,10.8
1308,U31,11,10.9
1308,U31,12,10.4
1309,U31,1,10.6
1309,U31,2,10.1
1309,U31,3,10.4
1309,U31,4,10.7
1309,U31,5,10
1309,U31,6,9.8
1309,U31,7,9.3
1309,U31,8,9.8
1309,U31,9,9.6
1309,U31,10,10.2
1309,U31,11,10.7
1309,U31,12,10.6
1310,U31,1,9.8
1310,U31,2,9.8
1310,U31,3,10.1
1310,U31,6,9.7
1310,U31,7,10
1310,U31,8,9.1
1310,U31,9,9.8
1310,U31,10,10.7
1310,U31,11,9.9
1310,U31,12,10.5
1311,U31,1,10
1311,U31,2,9.9
1311,U31,3,9.3
1311,U31,4,10.6
1311,U31,5,10.7
1311,U31,6,10.5
1311,U31,7,10.4
1311,U31,9,10
1311,U31,10,9.7
1311,U31,11,10.3
1311,U31,12,10.1
1312,U31,1,9
1312,U31,2,9.4
1312,U31,3,8.7
1312,U31,4,9.5
1312,U31,6,9.6
1312,U31,7,10.5
1313,U31,1,10.7
1313,U31,2,9.7
1313,U31,3,10.9
1313,U31,4,12.1
1313,U31,5,9.4
1313,U31,6,9.5
1313,U31,7,9.4
1313,U31,8,10.1
1313,U31,9,10.4
1313,U31,10,10.8
1313,U31,12,10.9
1314,U31,1,11.2
1314,U31,2,11.7
1314,U31,3,11.4
1314,U31,4,11
1314,U31,6,11.4
1314,U31,7,10.4
1314,U31,8,11.5
1314,U31,9,11.4
1314,U31,10,11.5
1314,U31,11,11.4
1314,U31,12,11.7
1315,U31,1,8.9
1315,U31,2,9
1315,U31,3,10
1315,U31,4,8.7
1315,U31,5,9.2
1315,U31,6,8.7
1315,U31,7,9.6
1315,U31,8,9.3
1315,U31,9,9.4
1315,U31,10,10.1
1315,U31,11,9.1
1315,U31,12,9.1
1316,U31,1,9.2
1316,U31,2,9.7
1316,U31,3,10.9
1316,U31,4,10.2
1316,U31,5,9.5
1316,U31,6,9.7
1316,U31,7,10.2
1316,U31,8,11.2
1316,U31,9,10.8
1316,U31,10,10
1316,U31,11,10.4
1316,U31,12,10.8
1317,U31,1,9.7
1317,U31,2,10.4
1317,U31,3,9.9
1317,U31,4,9.1
1317,U31,5,10.2
1317,U31,6,9.9
1317,U31,7,9.6
1317,U31,8,9.4
1317,U31,9,9.4
1317,U31,11,8.4
1317,U31,12,9.9
1318,U31,1,10.3
1318,U31,2,10.3
1318,U31,3,11
1318,U31,4,10.9
1318,U31,5,11.3
1318,U31,6,11
1318,U31,7,12.4
1318,U31,8,11.8
1318,U31,9,11.6
1318,U31,10,11.7
1318,U31,11,11.4
1318,U31,12,10.4
1319,U31,1,9.3
1319,U31,2,8.9
1319,U31,3,8.1
1319,U31,4,8.5
1319,U31,5,8.9
1319,U31,6,9.6
1319,U31,7,9.7
1319,U31,8,9.2
1319,U31,9,10.3
1319,U31,10,9.6
1319,U31,11,9.7
1319,U31,12,8.7
1320,U31,1,10
1320,U31,2,9.8
1320,U31,3,10
1320,U31,4,10.1
1320,U31,5,10.5
1320,U31,6,9.5
1320,U31,7,9.9
1320,U31,8,10.6
1320,U31,9,9.6
1320,U31,10,10.5
1320,U31,11,10.2
1320,U31,12,10.5
1321,U31,1,9.7
1321,U31,2,9.5
1321,U31,3,10.5
1321,U31,4,11.6
1321,U31,5,10.3
1321,U31,6,9.9
1321,U31,7,10.5
1321,U31,8,10.8
1321,U31,9,10.1
1321,U31,10,9.7
1321,U31,11,10.9
1321,U31,12,11.8
1322,U31,1,11.5
1322,U31,2,11.1
1322,U31,3,10.9
1322,U31,4,11.5
1322,U31,5,11.2
1322,U31,6,11.3
1322,U31,7,11.5
1322,U31,8,11.7
1322,U31,9,11
1322,U31,10,11
1322,U31,11,10.5
1322,U31,12,11.2
1323,U31,1,10.7
1323,U31,2,10.6
1323,U31,3,11.4
1323,U31,4,9.8
1323,U31,5,8.9
1323,U31,6,8.6
1323,U31,7,8.7
1323,U31,8,8.5
1323,U31,9,9.4
1323,U31,10,10.2
1323,U31,11,9.7
1323,U31,12,9.9
1324,U31,1,9.8
1324,U31,2,9.7
1324,U31,3,11.4
1324,U31,4,10.8
1324,U31,5,9.6
1324,U31,6,10.5
1324,U31,7,9.9
1324,U31,8,9.6
1324,U31,9,10.7
1324,U31,10,11.9
1324,U31,11,10.7
1324,U31,12,10.7
1325,U31,1,8.4
1325,U31,2,8.8
1325,U31,3,8.6
1325,U31,4,8.7
1325,U31,5,8.8
1325,U31,6,8.5
1325,U31,7,8
1325,U31,8,7.8
1325,U31,9,7.8
1325,U31,10,8
1325,U31,11,8.4
1325,U31,12,8.8
1326,U31,1,10.3
1326,U31,2,10.9
1326,U31,3,10.4
1326,U31,5,9.2
1326,U31,6,9.6
1326,U31,7,9.3
1326,U31,8,10.3
1326,U31,9,11
1326,U31,10,9.8
1326,U31,11,10.8
1326,U31,12,10.7
1327,U32,1,10.9
1327,U32,2,10.7
1327,U32,3,10.7
1327,U32,4,10.2
1327,U32,5,11.1
1327,U32,6,10.4
1327,U32,7,10.1
1327,U32,8,10.1
1327,U32,9,10.3
1327,U32,10,11
1327,U32,11,11.7
1327,U32,12,11.8
1328,U32,1,10.7
1328,U32,2,11.4
1328,U32,3,9.4
1328,U32,4,8.6
1328,U32,5,8.8
1328,U32,6,9.3
1328,U32,7,10.1
1328,U32,8,10.1
1328,U32,9,9.9
1328,U32,10,10.4
1328,U32,11,9.6
1328,U32,12,8.9
1329,U32,2,11.3
1329,U32,3,11.6
1329,U32,4,12.5
1329,U32,5,11
1329,U32,6,10.9
1329,U32,7,12.7
1329,U32,9,11.6
1329,U32,10,12
1329,U32,11,12.3
1329,U32,12,10.3
1330,U32,1,12.7
1330,U32,2,12.7
1330,U32,3,13.3
1330,U32,4,12.1
1330,U32,5,12.3
1330,U32,6,13
1330,U32,7,12.2
1330,U32,8,12
1330,U32,9,12.4
1330,U32,10,12.9
1330,U32,11,12.7
1330,U32,12,13
1331,U32,1,11.6
1331,U32,2,11.6
1331,U32,3,11.7
1331,U32,4,13.2
1331,U32,5,13.1
1331,U32,7,11.9
1331,U32,8,10.9
1331,U32,9,11.9
1331,U32,10,11.2
1331,U32,11,11.5
1331,U32,12,11.2
1332,U32,1,10.3
1332,U32,2,10.2
1332,U32,3,10.2
1332,U32,4,10.9
1332,U32,5,9.7
1332,U32,6,9
1332,U32,7,9.5
1332,U32,8,10.1
1332,U32,9,10.3
1332,U32,10,11.3
1332,U32,11,11.4
1332,U32,12,10.9
1333,U32,1,11.7
1333,U32,2,11.8
1333,U32,3,11.4
1333,U32,4,11.5
1333,U32,5,10.8
1333,U32,6,10.3
1333,U32,7,10.4
1333,U32,8,9.6
1333,U32,9,9.2
1333,U32,10,10.4
1333,U32,11,10.1
1333,U32,12,10.7
1334,U32,1,12.5
1334,U32,2,12.1
1334,U32,3,13.6
1334,U32,5,12.7
1334,U32,6,12.9
1334,U32,7,12.6
1334,U32,8,13
1334,U32,9,13.3
1334,U32,10,13
1334,U32,11,13.1
1334,U32,12,13.2
1335,U32,1,9.8
1335,U32,2,10.8
1335,U32,3,10.7
1335,U32,4,11.5
1335,U32,5,11.6
1335,U32,6,11.7
1335,U32,7,11
1335,U32,8,9.8
1335,U32,9,9.9
1335,U32,10,10.3
1335,U32,11,11.3
1335,U32,12,11.1
1336,U32,1,10.6
1336,U32,2,10.7
1336,U32,3,10.3
1336,U32,4,9.7
1336,U32,5,10.4
1336,U32,6,10.7
1336,U32,7,10.6
1336,U32,8,9.6
1336,U32,9,10.7
1336,U32,10,9.5
1336,U32,11,9.4
1336,U32,12,9.9
1337,U32,1,10
1337,U32,2,10.1
1337,U32,3,10.9
1337,U32,4,12
1337,U32,5,11.2
1337,U32,6,11.3
1337,U32,7,11
1337,U32,8,11.1
1337,U32,9,11.1
1337,U32,10,11.4
1337,U32,11,12.1
1337,U32,12,11.3
1338,U32,1,9.8
1338,U32,2,9.6
1338,U32,3,8.9
1338,U32,4,8.2
1338,U32,5,8.9
1338,U32,6,8.7
1338,U32,7,10.2
1338,U32,8,10.2
1338,U32,9,10
1338,U32,10,10
1338,U32,11,9.5
1338,U32,12,9.9
1339,U32,1,10.7
1339,U32,2,10.1
1339,U32,3,10.6
1339,U32,4,10
1339,U32,5,10.7
1339,U32,6,10.2
1339,U32,7,10.3
1339,U32,8,10.9
1339,U32,9,11.9
1339,U32,10,11.1
1339,U32,11,11.3
1339,U32,12,10.1
1340,U32,1,12.3
1340,U32,2,13.1
1340,U32,3,14.2
1340,U32,4,13.3
1340,U32,5,12.9
1340,U32,6,13.6
1340,U32,8,13.2
1340,U32,9,13.4
1340,U32,10,13.2
1340,U32,11,13.1
1340,U32,12,14.1
1341,U32,1,9.5
1341,U32,2,10.2
1341,U32,3,10.8
1341,U32,4,9.9
1341,U32,5,10
1341,U32,6,10
1341,U32,7,10
1341,U32,8,9.2
1341,U32,9,8.8
1341,U32,10,10.1
1341,U32,11,8.8
1341,U32,12,8.4
1342,U32,1,10.1
1342,U32,2,9.2
1342,U32,4,9.9
1342,U32,5,9.9
1342,U32,6,10.2
1342,U32,7,8.9
1342,U32,8,10.5
1342,U32,9,10.9
1342,U32,10,10.8
1342,U32,11,11
1342,U32,12,10
1343,U32,1,10.5
1343,U32,2,10.8
1343,U32,3,10.8
1343,U32,4,10.1
1343,U32,5,10.5
1343,U32,6,10.8
1343,U32,7,10.8
1343,U32,8,9.8
1343,U32,9,9.5
1343,U32,10,9.8
1343,U32,11,10.4
1343,U32,12,11.9
1344,U32,1,9.1
1344,U32,2,9.3
1344,U32,3,10.3
1344,U32,4,10.3
1344,U32,5,10.1
1344,U32,6,10.4
1344,U32,7,10.6
1344,U32,8,10.6
1344,U32,9,10.1
1344,U32,10,10.7
1344,U32,11,10.8
1344,U32,12,11.2
1345,U32,1,13.1
1345,U32,2,12.5
1345,U32,3,13.5
1345,U32,4,13.6
1345,U32,5,13.2
1345,U32,6,13.3
1345,U32,7,12.7
1345,U32,9,13.6
1345,U32,10,13.5
1345,U32,11,13.4
1345,U32,12,12.7
1346,U32,1,12.6
1346,U32,2,12.7
1346,U32,3,11.9
1346,U32,4,11.8
1346,U32,5,11.2
1346,U32,7,11.2
1346,U32,8,12.2
1346,U32,9,12.6
1346,U32,11,12.8
1346,U32,12,11.8
1347,U32,3,10.7
1347,U32,4,11
1347,U32,5,11
1347,U32,6,10.1
1347,U32,7,10.9
1347,U32,8,10.6
1347,U32,9,9.9
1347,U32,10,9.7
1347,U32,11,10.5
1347,U32,12,11.3
1348,U32,1,10.1
1348,U32,2,11.2
1348,U32,3,11.8
1348,U32,4,11.9
1348,U32,5,11.1
1348,U32,7,11.2
1348,U32,8,11.5
1348,U32,9,11.7
1348,U32,10,11.9
1348,U32,11,12.4
1348,U32,12,13.1
1349,U32,1,11.9
1349,U32,2,10.7
1349,U32,3,11.5
1349,U32,4,10.6
1349,U32,5,10.4
1349,U32,6,10.9
1349,U32,7,11.2
1349,U32,8,11.3
1349,U32,9,10.1
1349,U32,11,10.7
1349,U32,12,11.7
1350,U32,1,9.5
1350,U32,2,10
1350,U32,3,10.1
1350,U32,5,10.4
1350,U32,6,9.4
1350,U32,7,10.1
1350,U32,8,9.6
1350,U32,9,9.7
1350,U32,10,8.8
1350,U32,11,9.9
1350,U32,12,10.6
1351,U32,1,9.5
1351,U32,2,10.4
1351,U32,3,10.3
1351,U32,5,10.1
1351,U32,6,10.2
1351,U32,7,9.8
1351,U32,8,9.1
1351,U32,10,10.7
1351,U32,11,10.4
1351,U32,12,9.5
1352,U32,1,11.7
1352,U32,2,12.1
1352,U32,3,11.9
1352,U32,4,11.4
1352,U32,5,11
1352,U32,6,10.5
1352,U32,7,10.3
1352,U32,8,11.2
1352,U32,9,10.6
1352,U32,10,10.6
1352,U32,11,10.7
1352,U32,12,11.1
1353,U32,1,11.7
1353,U32,2,12
1353,U32,3,10.7
1353,U32,4,10.5
1353,U32,5,10.5
1353,U32,6,10.2
1353,U32,7,10.8
1353,U32,8,10.7
1353,U32,9,10.9
1353,U32,10,10.5
1353,U32,11,9.9
1353,U32,12,9.9
1354,U32,1,11.8
1354,U32,2,12.3
1354,U32,3,12.1
1354,U32,4,12.9
1354,U32,5,12.9
1354,U32,6,12.6
1354,U32,7,10.8
1354,U32,8,11.7
1354,U32,9,11.7
1354,U32,10,11.4
1354,U32,11,9.7
1354,U32,12,10.6
1355,U32,1,12.5
1355,U32,2,12
1355,U32,3,11
1355,U32,4,10.8
1355,U32,5,11
1355,U32,6,10.4
1355,U32,7,10.1
1355,U32,8,10
1355,U32,9,11.7
1355,U32,10,12.9
1355,U32,11,12.3
1355,U32,12,12.8
1356,U32,1,10.6
1356,U32,3,11.9
1356,U32,4,12.5
1356,U32,5,11.3
1356,U32,6,10.2
1356,U32,7,10.9
1356,U32,8,11.4
1356,U32,9,11.6
1356,U32,10,10.6
1356,U32,11,11.9
1356,U32,12,11.3
1357,U32,1,10.8
1357,U32,2,10.4
1357,U32,3,10.5
1357,U32,4,11.2
1357,U32,5,10.8
1357,U32,7,10.5
1357,U32,8,10.2
1357,U32,9,11.2
1357,U32,10,9.9
1357,U32,11,11
1358,U33,1,10.7
1358,U33,2,11.4
1358,U33,3,10.4
1358,U33,4,11.3
1358,U33,5,11.1
1358,U33,6,10.3
1358,U33,7,11.2
1358,U33,8,10.1
1358,U33,9,10.1
1358,U33,10,11
1358,U33,11,10.5
1358,U33,12,11.3
1359,U33,1,13.2
1359,U33,2,14.2
1359,U33,3,13.7
1359,U33,4,13.5
1359,U33,5,14.1
1359,U33,6,13
1359,U33,7,12.4
1359,U33,9,12.5
1359,U33,10,13
1359,U33,11,13.4
1359,U33,12,14.2
1360,U33,1,12.3
1360,U33,2,12.8
1360,U33,3,11.3
1360,U33,4,11.5
1360,U33,5,11.6
1360,U33,6,12.3
1360,U33,7,11.6
1360,U33,8,11.5
1360,U33,9,11.9
1360,U33,10,12.2
1360,U33,11,12.8
1360,U33,12,12.4
1361,U33,1,10.5
1361,U33,2,11.5
1361,U33,3,12.3
1361,U33,4,11.5
1361,U33,5,11.4
1361,U33,6,11.7
1361,U33,7,10.9
1361,U33,8,10.6
1361,U33,9,11.5
1361,U33,10,11.2
1361,U33,11,11.4
1361,U33,12,11
1362,U33,1,10.9
1362,U33,2,10.8
1362,U33,3,11.5
1362,U33,4,11.2
1362,U33,5,10.8
1362,U33,6,11.9
1362,U33,7,11.1
1362,U33,8,12.1
1362,U33,9,10.8
1362,U33,10,10.7
1362,U33,11,11
1362,U33,12,10.4
1363,U33,1,12
1363,U33,2,11.9
1363,U33,3,11.8
1363,U33,4,12.1
1363,U33,5,11.8
1363,U33,6,12.3
1363,U33,7,12.9
1363,U33,8,12.1
1363,U33,9,13.1
1363,U33,10,12.3
1363,U33,11,12.3
1363,U33,12,12.4
1364,U33,1,12.1
1364,U33,2,11.5
1364,U33,3,11.8
1364,U33,5,11.6
1364,U33,6,11
1364,U33,7,10.6
1364,U33,8,11.9
1364,U33,9,11.6
1364,U33,10,11.4
1364,U33,11,12.5
1364,U33,12,11.8
1365,U33,1,10.5
1365,U33,2,10.6
1365,U33,3,10.8
1365,U33,4,10.5
1365,U33,5,9.2
1365,U33,6,9.6
1365,U33,7,11.3
1365,U33,8,12.1
1365,U33,9,12.1
1365,U33,10,12
1365,U33,11,12.1
1365,U33,12,11.2
1366,U33,1,11.6
1366,U33,2,12.8
1366,U33,3,12.6
1366,U33,4,12.5
1366,U33,5,12.9
1366,U33,6,12.1
1366,U33,7,12.6
1366,U33,9,12
1366,U33,10,11.7
1366,U33,12,12.5
1367,U33,1,10
1367,U33,2,10.7
1367,U33,4,12
1367,U33,5,10.9
1367,U33,6,10.6
1368,U33,1,11.5
1368,U33,2,11.2
1368,U33,4,11.6
1368,U33,5,11.8
1368,U33,6,10.9
1368,U33,7,10.3
1368,U33,9,12.2
1368,U33,10,11.4
1368,U33,11,10.7
1368,U33,12,10.8
1369,U33,1,11.3
1369,U33,2,10.3
1369,U33,3,10.7
1369,U33,4,11.8
1369,U33,5,11.2
1369,U33,6,11.8
1369,U33,7,11.3
1369,U33,8,9.6
1369,U33,9,11.2
1369,U33,11,11.2
1369,U33,12,10.7
1370,U33,2,11
1370,U33,3,10.8
1370,U33,4,9.8
1370,U33,5,11.2
1370,U33,6,11.1
1370,U33,7,11
1370,U33,8,10.3
1370,U33,9,9.6
1370,U33,10,11.2
1370,U33,11,11.3
1370,U33,12,10.2
1371,U33,1,9.6
1371,U33,2,9.9
1371,U33,3,9.9
1371,U33,4,9.3
1371,U33,5,8.5
1371,U33,6,8.9
1371,U33,7,8.6
1371,U33,8,9.3
1371,U33,9,9.3
1371,U33,10,10
1371,U33,11,10
1371,U33,12,10.8
1372,U33,1,12.2
1372,U33,2,12.3
1372,U33,3,11.5
1372,U33,4,11.4
1372,U33,5,12.3
1372,U33,6,11.6
1372,U33,7,11.5
1372,U33,8,11
1372,U33,9,11.8
1372,U33,10,11.8
1372,U33,11,10.7
1372,U33,12,10.2
1373,U33,1,10.9
1373,U33,2,11.7
1373,U33,3,11.7
1373,U33,4,11.7
1373,U33,5,10.9
1373,U33,6,10.9
1373,U33,7,10.5
1373,U33,8,9.5
1373,U33,9,10.2
1373,U33,10,10.3
1373,U33,11,11.1
1373,U33,12,11.8
1374,U33,1,10.8
1374,U33,2,10.4
1374,U33,3,11.3
1374,U33,4,10.2
1374,U33,5,10
1374,U33,6,10.4
1374,U33,7,10.1
1374,U33,8,11.2
1374,U33,9,11.4
1374,U33,10,11.5
1374,U33,11,10.9
1374,U33,12,10
1375,U33,1,10
1375,U33,2,10.1
1375,U33,3,9.6
1375,U33,4,9.1
1376,U33,1,11.2
1376,U33,2,11.2
1376,U33,3,11.3
1376,U33,4,12.3
1376,U33,5,12.5
1376,U33,6,12
1376,U33,7,12.1
1376,U33,8,12
1376,U33,9,11.9
1376,U33,10,12.5
1376,U33,11,12.5
1376,U33,12,12.9
1377,U33,1,11.7
1377,U33,2,13
1377,U33,3,12
1377,U33,4,11.4
1377,U33,5,11.4
1377,U33,6,11.4
1377,U33,7,11.4
1377,U33,8,11.6
1377,U33,9,11.3
1377,U33,10,11.4
1377,U33,11,12
1377,U33,12,13.2
1378,U33,1,12.4
1378,U33,2,12.7
1378,U33,3,11.7
1378,U33,4,11
1378,U33,5,12
1378,U33,6,12.2
1378,U33,7,12.3
1378,U33,8,12.6
1378,U33,9,12.4
1378,U33,10,11.8
1378,U33,11,12.1
1379,U33,1,10.3
1379,U33,3,10.9
1379,U33,4,10.1
1379,U33,5,10.4
1379,U33,6,10.8
1379,U33,7,10.9
1379,U33,8,10.1
1379,U33,9,9.1
1379,U33,10,9.1
1379,U33,11,9.4
1380,U33,1,10.9
1380,U33,2,10.6
1380,U33,3,10
1380,U33,4,9.6
1380,U33,5,9.8
1380,U33,6,9.9
1380,U33,7,10.6
1380,U33,8,9.7
1380,U33,9,10.3
1380,U33,10,10.2
1380,U33,11,9.9
1380,U33,12,9.5
1381,U33,1,10.4
1381,U33,2,9.7
1381,U33,3,10
1381,U33,4,9.6
1381,U33,5,10
1381,U33,6,9.8
1381,U33,7,9.3
1381,U33,8,10.2
1381,U33,9,9.4
1381,U33,10,9.8
1381,U33,11,10.4
1381,U33,12,10.8
1382,U33,1,10.8
1382,U33,2,10.8
1382,U33,3,9.8
1382,U33,4,9.1
1382,U33,5,9.2
1382,U33,6,9.4
1382,U33,8,10.3
1382,U33,9,10
1382,U33,10,10.7
1382,U33,11,10.9
1382,U33,12,10.3
1383,U33,1,9.4
1383,U33,2,10.2
1383,U33,3,8.9
1383,U33,4,9.4
1383,U33,5,9.4
1383,U33,6,9
1383,U33,7,9.2
1383,U33,8,9
1383,U33,9,9.6
1383,U33,10,8.8
1383,U33,11,8.2
1384,U33,1,11.6
1384,U33,2,11.8
1384,U33,3,10.5
1384,U33,4,11.3
1384,U33,5,11.3
1384,U33,6,10.7
1384,U33,7,11.8
1384,U33,8,13
1384,U33,9,13
1384,U33,10,12.4
1384,U33,11,12.2
1384,U33,12,12.7
1385,U33,1,10.1
1385,U33,2,10.9
1385,U33,3,9.6
1385,U33,4,9.9
1385,U33,6,9.7
1385,U33,7,10.2
1385,U33,8,10.1
1385,U33,9,10.2
1385,U33,10,10.8
1385,U33,11,11
1385,U33,12,9.6
1386,U33,1,11
1386,U33,3,10.9
1386,U33,4,10.8
1386,U33,5,11.4
1386,U33,6,12.2
1386,U33,8,10.7
1386,U33,9,11.7
1386,U33,10,11.9
1386,U33,11,11.6
1386,U33,12,11.2
1387,U33,1,12.8
1387,U33,2,12.5
1387,U33,3,12.1
1387,U33,4,10.5
1387,U33,5,11
1387,U33,6,10.6
1387,U33,7,11.5
1387,U33,8,11.7
1387,U33,9,12.1
1387,U33,10,13.5
1387,U33,12,12.3
1388,U33,1,12.4
1388,U33,2,11.8
1388,U33,3,12.4
1388,U33,4,12.2
1388,U33,5,12.2
1388,U33,6,12.1
1388,U33,7,13.1
1388,U33,8,13.2
1388,U33,9,13.1
1388,U33,10,12.4
1388,U33,11,11.7
1388,U33,12,11.7
1389,U33,1,9.3
1389,U33,2,9.1
1389,U33,3,9.6
1389,U33,4,9.6
1389,U33,5,10.5
1389,U33,6,9.1
1389,U33,7,10.4
1389,U33,8,10.8
1389,U33,9,10.5
1389,U33,10,11.2
1389,U33,11,11.2
1389,U33,12,10.7
1390,U33,1,12.2
1390,U33,2,12.9
1390,U33,3,12.4
1390,U33,4,12.3
1390,U33,5,13.3
1390,U33,6,13.5
1390,U33,7,12.9
1390,U33,8,12.9
1390,U33,9,13.3
1390,U33,10,12.7
1390,U33,12,12.6
1391,U33,1,9.9
1391,U33,2,11
1391,U33,3,9.6
1391,U33,4,10.1
1391,U33,5,9.7
1391,U33,6,10.2
1391,U33,7,11.2
1391,U33,8,10.1
1391,U33,9,11.1
1391,U33,10,10.6
1391,U33,11,11.1
1391,U33,12,11.2
1392,U33,1,12.2
1392,U33,2,11.8
1392,U33,3,12.4
1392,U33,4,12.5
1392,U33,5,12.1
1392,U33,6,10.8
1392,U33,7,11.4
1392,U33,8,12.5
1392,U33,9,12.4
1392,U33,10,12.6
1392,U33,11,11.7
1392,U33,12,11.6
1393,U33,1,10
1393,U33,2,10.5
1393,U33,3,11
1393,U33,5,11
1393,U33,7,11
1393,U33,8,12.5
1393,U33,9,10.5
1393,U33,10,11.1
1393,U33,11,10.4
1393,U33,12,10.2
1394,U33,2,10.3
1394,U33,3,10.3
1394,U33,4,10
1394,U33,5,10.5
1394,U33,6,10.3
1394,U33,7,10.1
1394,U33,8,10.6
1394,U33,9,9.4
1394,U33,10,10.3
1394,U33,12,10.5
1395,U33,1,8.5
1395,U33,2,8.7
1395,U33,3,9.3
1395,U33,4,9.1
1395,U33,5,9.5
1395,U33,6,8.6
1395,U33,7,8.8
1395,U33,8,9.2
1395,U33,10,8.8
1395,U33,11,8.5
1396,U33,1,10.3
1396,U33,2,10.6
1396,U33,3,10.4
1396,U33,4,10.7
1396,U33,5,11.2
1396,U33,6,11.6
1396,U33,7,11.9
1396,U33,8,11.9
1396,U33,9,10.7
1396,U33,10,11
1396,U33,11,10.5
1396,U33,12,9.9
1397,U33,1,12.1
1397,U33,2,12.4
1397,U33,3,12.6
1397,U33,4,11.6
1397,U33,5,11.7
1397,U33,6,11.6
1397,U33,7,11.7
1397,U33,9,11.7
1397,U33,10,11.3
1397,U33,11,11.2
1397,U33,12,10.9
1398,U33,1,10
1398,U33,2,10.7
1398,U33,3,9.9
1398,U33,4,10.5
1398,U33,5,9.9
1398,U33,6,11.1
1398,U33,7,10.9
1398,U33,8,10
1398,U33,9,9.4
1398,U33,10,9.9
1398,U33,11,9.8
1398,U33,12,9.5
1399,U33,1,8.5
1399,U33,3,10
1399,U33,4,9.9
1399,U33,5,9.5
1399,U33,6,9.8
1399,U33,7,9.2
1399,U33,8,9.5
1399,U33,9,9.7
1399,U33,10,10.6
1399,U33,11,10.5
1399,U33,12,10.2
1400,U33,1,10.7
1400,U33,2,9.8
1400,U33,3,10.2
1400,U33,4,10.2
1400,U33,5,10.2
1400,U33,6,10.5
1400,U33,7,10.5
1400,U33,8,10.6
1400,U33,9,10.9
1400,U33,10,10.4
1400,U33,11,10.3
1401,U33,1,11.1
1401,U33,2,11.4
1401,U33,3,11.1
1401,U33,6,10.3
1401,U33,7,10.1
1401,U33,8,10.9
1401,U33,9,10
1401,U33,10,10.4
1401,U33,11,10.7
1401,U33,12,9.9
1402,U33,2,11.3
1402,U33,3,11.4
1402,U33,4,12.1
1402,U33,5,11.3
1402,U33,6,10.2
1402,U33,7,12.3
1402,U33,9,10.8
1402,U33,10,10.4
1402,U33,11,11.1
1402,U33,12,11
1403,U33,1,9.2
1403,U33,2,11.3
1403,U33,3,11.3
1403,U33,4,11.3
1403,U33,5,10.1
1403,U33,6,10.5
1403,U33,7,10.3
1403,U33,8,10.7
1403,U33,9,9.6
1403,U33,10,10.7
1403,U33,11,9.9
1403,U33,12,9.1
1404,U33,1,11.3
1404,U33,2,10.6
1404,U33,3,11.1
1404,U33,5,10.9
1404,U33,6,10.3
1404,U33,7,10.5
1404,U33,8,10.7
1404,U33,9,11
1404,U33,10,11.1
1405,U33,1,12.4
1405,U33,2,12.6
1405,U33,3,11.9
1405,U33,4,12.3
1405,U33,5,11.4
1405,U33,6,12.2
1405,U33,7,12
1405,U33,8,12.3
1405,U33,9,11.6
1405,U33,10,13.1
1405,U33,11,13
1405,U33,12,13.4
1406,U33,1,11.6
1406,U33,2,10.7
1406,U33,3,11.3
1406,U33,4,12.9
1406,U33,5,11.8
1406,U33,6,12.3
1406,U33,7,11.6
1406,U33,8,11.9
1406,U33,9,12.6
1406,U33,10,11.6
1406,U33,11,12.3
1406,U33,12,11.4
1407,U33,1,11.2
1407,U33,2,11.7
1407,U33,3,12.3
1407,U33,4,11.7
1407,U33,5,11.5
1407,U33,6,10.6
1407,U33,7,10.8
1407,U33,8,11.2
1407,U33,9,10.8
1407,U33,10,11.8
1407,U33,11,11.8
1407,U33,12,12.1
1408,U33,1,10.4
1408,U33,2,10.9
1408,U33,3,11.4
1408,U33,4,10.2
1408,U33,5,9.4
1408,U33,6,10.1
1408,U33,7,9.7
1408,U33,8,10.1
1408,U33,9,9.7
1408,U33,10,10.6
1408,U33,11,10.5
1408,U33,12,10.4
1409,U33,1,9.3
1409,U33,2,10.1
1409,U33,3,9.8
1409,U33,4,10.7
1409,U33,5,10.9
1409,U33,6,10.3
1409,U33,7,10.1
1409,U33,8,8.7
1409,U33,9,9.2
1409,U33,10,9.2
1409,U33,11,10.3
1409,U33,12,10
1410,U33,1,11.4
1410,U33,2,11.3
1410,U33,4,10.7
1410,U33,5,9.7
1410,U33,6,10
1410,U33,7,10.5
1410,U33,8,11.3
1410,U33,10,11.2
1410,U33,11,11.3
1410,U33,12,10.5
1411,U33,1,13.1
1411,U33,2,12.6
1411,U33,3,12.1
1411,U33,4,11.7
1411,U33,5,12.5
1411,U33,6,11.6
1411,U33,7,11.9
1411,U33,8,13
1411,U33,9,11.6
1411,U33,10,11.9
1411,U33,11,11.8
1411,U33,12,11.6
1412,U33,1,12.2
1412,U33,3,11.7
1412,U33,4,11.7
1412,U33,5,12.1
1412,U33,6,10.9
1412,U33,7,10.9
1412,U33,8,10.7
1412,U33,9,10.8
1412,U33,10,11.8
1412,U33,11,11.1
1412,U33,12,12.8
1413,U33,1,12.6
1413,U33,2,12.3
1413,U33,3,11.7
1413,U33,4,11.4
1413,U33,5,10.5
1413,U33,6,10
1413,U33,7,10.5
1413,U33,8,10.7
1413,U33,9,10.6
1413,U33,10,10
1413,U33,12,10.7
1414,U34,1,12.7
1414,U34,2,11.8
1414,U34,3,11.7
1414,U34,4,10.4
1414,U34,5,10.6
1414,U34,6,10.6
1414,U34,7,10.8
1414,U34,8,10.5
1414,U34,9,10.3
1414,U34,10,10.7
1414,U34,11,11.6
1414,U34,12,12.4
1415,U34,1,11.1
1415,U34,2,11.4
1415,U34,3,10.9
1415,U34,4,11.9
1415,U34,5,11.8
1415,U34,6,12.7
1415,U34,8,10.8
1415,U34,9,10.3
1415,U34,10,10.1
1415,U34,11,9.8
1415,U34,12,10.1
1416,U34,1,11.3
1416,U34,2,11.2
1416,U34,3,10.8
1416,U34,4,10.8
1417,U34,1,10
1417,U34,2,10.6
1417,U34,3,9.9
1417,U34,4,11
1417,U34,5,10.9
1417,U34,6,11
1417,U34,7,10.1
1417,U34,8,10.3
1417,U34,9,10.1
1417,U34,10,10.5
1417,U34,11,10.6
1417,U34,12,9.8
1418,U34,1,9.2
1418,U34,2,9.6
1418,U34,4,10.8
1418,U34,5,10.4
1418,U34,6,10.3
1418,U34,7,10.6
1418,U34,8,10.5
1418,U34,9,11.1
1418,U34,10,10.6
1418,U34,11,10.7
1418,U34,12,10.9
1419,U34,1,11.9
1419,U34,2,12.4
1419,U34,3,12.7
1419,U34,4,11.2
1419,U34,5,11.1
1419,U34,6,11.9
1419,U34,7,12.5
1419,U34,8,12
1419,U34,9,11.3
1419,U34,10,12.4
1419,U34,11,12.4
1419,U34,12,11.3
1420,U34,1,10.6
1420,U34,2,11.4
1420,U34,3,11.5
1420,U34,4,11.3
1420,U34,5,11.9
1420,U34,6,11.8
1420,U34,7,11.2
1420,U34,8,11.1
1420,U34,9,11.5
1420,U34,10,11.6
1420,U34,11,12.2
1420,U34,12,11.7
1421,U34,1,12
1421,U34,2,12.5
1421,U34,3,12.4
1421,U34,4,12.3
1421,U34,5,11.9
1421,U34,6,10.8
1421,U34,7,11.8
1422,U34,1,11.1
1422,U34,2,11.5
1422,U34,3,11.1
1422,U34,4,12.7
1422,U34,5,12.4
1422,U34,6,12.1
1422,U34,7,11.3
1422,U34,8,10.3
1422,U34,9,10.6
1422,U34,10,11.1
1422,U34,11,11.1
1422,U34,12,11.1
1423,U34,1,8.7
1423,U34,2,8.3
1423,U34,3,8.3
1424,U34,1,10
1424,U34,2,11.3
1424,U34,3,12.2
1424,U34,4,11.6
1424,U34,5,12
1424,U34,6,11.2
1424,U34,7,10.4
1424,U34,8,10.9
1424,U34,9,11.7
1424,U34,11,10.4
1424,U34,12,9.9
1425,U34,1,10.9
1425,U34,2,10.7
1425,U34,3,10.8
1425,U34,4,11.3
1425,U34,5,11.8
1425,U34,6,11.7
1425,U34,7,11
1425,U34,8,11.2
1425,U34,9,11.5
1425,U34,10,10.8
1425,U34,11,10.8
1425,U34,12,10.9
1426,U34,1,10.5
1426,U34,2,11
1426,U34,3,10.8
1426,U34,4,10.3
1426,U34,5,10.9
1426,U34,6,11.6
1426,U34,7,10.6
1426,U34,8,10.6
1426,U34,9,9.1
1426,U34,10,10.1
1426,U34,11,9.9
1426,U34,12,9.8
1427,U34,1,12.6
1427,U34,2,13.6
1427,U34,3,13.8
1427,U34,4,14.2
1427,U34,5,13.6
1427,U34,6,13.9
1427,U34,7,13.8
1427,U34,8,13.3
1427,U34,10,12.8
1427,U34,11,13.1
1427,U34,12,13.1
1428,U34,1,10.5
1428,U34,2,10.4
1428,U34,3,10.4
1428,U34,4,10.5
1428,U34,5,10.8
1428,U34,7,10.3
1428,U34,8,10.8
1428,U34,9,10.3
1428,U34,10,10.9
1428,U34,11,10.5
1428,U34,12,9.9
1429,U34,1,12.2
1429,U34,2,10.8
1429,U34,3,10.2
1429,U34,4,10.4
1429,U34,5,9.8
1429,U34,6,9.9
1429,U34,7,9.6
1429,U34,8,9.5
1429,U34,9,9.8
1429,U34,10,9.8
1429,U34,11,11.1
1429,U34,12,11.3
1430,U34,1,8.9
1430,U34,2,8.5
1430,U34,3,8.5
1430,U34,4,9.2
1430,U34,5,9.1
1430,U34,6,9.3
1430,U34,7,8.9
1430,U34,8,9.6
1430,U34,9,10.1
1430,U34,10,9.9
1430,U34,11,8.9
1431,U34,1,10.5
1431,U34,3,11.5
1431,U34,4,11.6
1431,U34,5,12.2
1431,U34,6,10.7
1431,U34,7,11.7
1431,U34,8,12.1
1431,U34,9,11.7
1431,U34,10,11.4
1431,U34,12,11.1
1432,U34,1,12.4
1432,U34,2,12
1432,U34,3,12.4
1432,U34,4,12.2
1432,U34,5,12.6
1432,U34,6,12.4
1432,U34,7,12.2
1432,U34,8,11.8
1432,U34,9,11.5
1432,U34,10,11.7
1432,U34,11,11.7
1432,U34,12,12.3
1433,U34,1,11.3
1433,U34,2,11.4
1433,U34,3,11.6
1433,U34,4,11.1
1433,U34,5,10.6
1433,U34,6,11.3
1433,U34,7,11.7
1433,U34,8,11.3
1433,U34,9,11.7
1433,U34,10,11.7
1433,U34,11,11
1433,U34,12,10.7
1434,U34,1,10.4
1434,U34,2,10.2
1434,U34,3,10.6
1434,U34,6,11.1
1434,U34,7,10.7
1434,U34,8,10.8
1434,U34,9,9.7
1434,U34,10,10.7
1434,U34,11,10.7
1434,U34,12,10
1435,U34,1,10.6
1435,U34,2,10.9
1435,U34,3,10.4
1435,U34,4,10.1
1435,U34,5,10.7
1435,U34,6,11.7
1435,U34,7,11.8
1435,U34,8,10.5
1435,U34,9,11
1435,U34,10,10
1435,U34,11,9.8
1435,U34,12,10.6
1436,U34,1,9.3
1436,U34,2,9.2
1436,U34,3,9.5
1436,U34,5,9.9
1436,U34,6,9.9
1436,U34,7,8.8
1436,U34,8,8.6
1436,U34,9,8.9
1436,U34,10,8.4
1436,U34,11,9.5
1436,U34,12,9.8
1437,U34,1,12.6
1437,U34,2,13.1
1437,U34,3,12.3
1437,U34,4,12.2
1437,U34,5,13.1
1437,U34,6,13.7
1437,U34,7,13
1437,U34,8,12.7
1437,U34,9,12.9
1437,U34,10,12.4
1437,U34,11,12.4
1437,U34,12,13.5
1438,U34,1,9.6
1438,U34,2,8.6
1438,U34,3,8.6
1438,U34,4,9.3
1438,U34,5,9.7
1438,U34,6,8.8
1438,U34,7,8.7
1438,U34,9,8.3
1438,U34,10,9.1
1438,U34,11,9.6
1439,U34,1,10.9
1439,U34,2,11.7
1439,U34,3,10.8
1439,U34,4,9.9
1439,U34,5,9.9
1439,U34,6,10.6
1439,U34,7,10.1
1439,U34,8,9.1
1439,U34,9,10.5
1439,U34,10,9.9
1439,U34,11,10.9
1439,U34,12,10.5
1440,U34,1,9
1440,U34,2,9.3
1440,U34,3,9.5
1440,U34,4,9.7
1440,U34,5,10.5
1440,U34,6,9.8
1440,U34,7,10.5
1440,U34,8,10.4
1440,U34,9,10.5
1440,U34,10,10.4
1440,U34,11,10
1440,U34,12,10.3
1441,U34,1,10.6
1441,U34,2,9.5
1441,U34,3,10.4
1441,U34,4,11.5
1441,U34,5,10.7
1441,U34,6,10.1
1441,U34,8,10.9
1441,U34,9,11.6
1441,U34,10,11
1441,U34,11,10.4
1441,U34,12,11.7
1442,U34,1,11.6
1442,U34,2,11.7
1442,U34,3,11.2
1442,U34,4,11.5
1442,U34,5,12.1
1442,U34,6,11.9
1442,U34,7,12.1
1442,U34,8,10.8
1442,U34,9,9.5
1442,U34,10,10.9
1442,U34,11,11.4
1442,U34,12,11.7
1443,U34,1,11.6
1443,U34,2,11.7
1443,U34,3,12.4
1443,U34,4,11.5
1443,U34,5,11
1443,U34,6,10.6
1443,U34,7,11.4
1443,U34,8,10.7
1443,U34,9,11
1443,U34,11,12.4
1443,U34,12,11.9
1444,U34,1,10.2
1444,U34,2,9.5
1444,U34,3,9.3
1444,U34,4,9.2
1444,U34,5,8.3
1444,U34,6,8.4
1444,U34,7,9.1
1444,U34,8,9.7
1444,U34,9,9.9
1444,U34,10,9.3
1444,U34,11,9.8
1444,U34,12,10.4
1445,U34,1,12.4
1445,U34,2,11.7
1445,U34,3,12.2
1445,U34,4,12.4
1445,U34,5,11.4
1445,U34,6,11
1445,U34,7,11.2
1445,U34,8,10.6
1445,U34,9,10.2
1445,U34,10,11.8
1445,U34,11,13.1
1445,U34,12,12.4
1446,U34,1,11.2
1446,U34,2,11
1446,U34,3,10.5
1446,U34,4,11.1
1446,U34,6,10.5
1446,U34,7,11.4
1446,U34,8,10.8
1446,U34,9,12.9
1446,U34,10,13.1
1446,U34,11,11.9
1446,U34,12,12
1447,U34,1,10.5
1447,U34,2,10.6
1447,U34,3,9.9
1447,U34,4,10.4
1447,U34,5,10.7
1447,U34,6,10.2
1447,U34,7,9.8
1447,U34,8,10.2
1447,U34,9,9.5
1447,U34,10,9.6
1447,U34,11,10.6
1447,U34,12,10.6
1448,U34,1,12.2
1448,U34,2,12.5
1448,U34,3,14.5
1448,U34,4,14.3
1448,U34,5,13.1
1448,U34,6,13.3
1448,U34,7,13.6
1448,U34,8,13.6
1448,U34,9,13.6
1448,U34,10,12.9
1448,U34,11,12
1448,U34,12,13.2
1449,U34,1,12.6
1449,U34,2,14.2
1449,U34,3,13.3
1449,U34,4,12.7
1449,U34,5,13.2
1449,U34,6,13.3
1449,U34,7,12.5
1449,U34,8,11.9
1449,U34,9,13.1
1449,U34,10,12.7
1449,U34,11,12.6
1449,U34,12,11.5
1450,U34,1,10.7
1450,U34,2,10.2
1450,U34,3,10.7
1450,U34,4,11.8
1450,U34,5,11.8
1450,U34,6,11.5
1450,U34,7,11.1
1450,U34,8,11.3
1450,U34,9,11.1
1450,U34,10,10.5
1450,U34,11,10.1
1450,U34,12,9.6
1451,U34,1,10.5
1451,U34,2,9.8
1451,U34,3,10.1
1451,U34,4,9.1
1451,U34,5,10.1
1451,U34,6,9.9
1451,U34,7,9.7
1451,U34,8,9.2
1451,U34,9,8.7
1451,U34,10,9
1451,U34,11,8.8
1451,U34,12,9.2
1452,U34,1,12.6
1452,U34,2,11.9
1452,U34,3,12.6
1452,U34,4,10.9
1452,U34,5,10.8
1452,U34,6,10.7
1452,U34,8,11.5
1452,U34,9,11
1452,U34,10,11.3
1452,U34,11,11
1452,U34,12,11.1
1453,U34,1,10.5
1453,U34,2,10.8
1453,U34,3,9.9
1453,U34,4,9.5
1453,U34,5,10.2
1454,U34,1,11.4
1454,U34,2,10.5
1454,U34,3,10.8
1454,U34,4,10.6
1454,U34,5,11.4
1454,U34,6,10.6
1454,U34,7,9.9
1454,U34,8,8.5
1454,U34,9,10.1
1454,U34,10,10.6
1454,U34,11,10.6
1454,U34,12,10.6
1455,U34,1,13.2
1455,U34,2,12.8
1455,U34,3,13.7
1455,U34,4,13.1
1455,U34,5,11.5
1455,U34,6,12.3
1455,U34,7,12.6
1455,U34,8,12.7
1455,U34,9,12.5
1455,U34,10,12.9
1455,U34,11,12.5
1455,U34,12,11.9
1456,U34,1,8.5
1456,U34,2,8.7
1456,U34,3,9.9
1457,U34,1,10
1457,U34,2,9.9
1457,U34,3,9.8
1457,U34,4,9.9
1457,U34,5,9.8
1457,U34,7,10.8
1457,U34,8,11.3
1457,U34,9,9.8
1457,U34,10,10.6
1457,U34,11,11.2
1457,U34,12,11
1458,U34,1,10.4
1458,U34,2,11.5
1458,U34,3,12.1
1458,U34,4,11.1
1458,U34,5,11.2
1458,U34,6,10.4
1458,U34,7,11.1
1458,U34,8,10.7
1458,U34,9,10.7
1458,U34,10,11.7
1458,U34,11,11.8
1458,U34,12,12
1459,U34,1,10.3
1459,U34,2,10
1459,U34,3,10.2
1459,U34,4,10.2
1459,U34,5,10.3
1459,U34,6,9.4
1459,U34,8,10.1
1459,U34,9,10.1
1459,U34,10,9.7
1459,U34,11,9.7
1459,U34,12,10.2
1460,U34,1,12
1460,U34,2,11.8
1460,U34,3,12
1460,U34,4,11.8
1460,U34,5,12.3
1460,U34,6,12.3
1460,U34,7,12.5
1460,U34,8,12.4
1460,U34,9,12.2
1461,U34,1,10.7
1461,U34,2,11.7
1461,U34,3,12
1461,U34,4,12
1461,U34,5,12.5
1461,U34,6,12.6
1461,U34,7,12
1461,U34,8,11.6
1461,U34,9,11.5
1461,U34,10,11.3
1461,U34,11,10.7
1461,U34,12,11.7
1462,U34,2,10.5
1462,U34,3,10.4
1462,U34,4,10.5
1462,U34,5,10.9
1462,U34,6,10.3
1462,U34,7,9.9
1462,U34,8,10.3
1462,U34,9,9.3
1462,U34,10,10.3
1462,U34,11,9.9
1462,U34,12,8.9
1463,U34,1,9.7
1463,U34,2,11
1463,U34,3,10.3
1463,U34,4,10.9
1463,U34,5,10.2
1463,U34,6,10.2
1463,U34,7,9.4
1463,U34,8,9.7
1463,U34,9,9.7
1463,U34,10,10.1
1463,U34,11,10.2
1463,U34,12,10.3
1464,U34,1,10.6
1464,U34,2,11
1464,U34,3,10.7
1464,U34,4,10.7
1464,U34,5,11.5
1464,U34,6,11.7
1464,U34,7,11.7
1464,U34,8,10.8
1464,U34,9,11.4
1464,U34,10,11.2
1464,U34,12,10
1465,U34,1,10.9
1465,U34,2,9.6
1465,U34,3,10.3
1465,U34,4,12.2
1465,U34,6,11.9
1465,U34,7,12
1465,U34,8,11.7
1465,U34,9,11.2
1465,U34,10,11.1
1465,U34,11,11.1
1465,U34,12,10
1466,U34,1,9.3
1466,U34,2,10.2
1466,U34,3,9.7
1466,U34,4,9.1
1466,U34,5,10.2
1466,U34,6,10
1466,U34,7,10
1466,U34,8,10.1
1467,U34,1,12
1467,U34,2,11.5
1467,U34,3,11.3
1467,U34,4,11.5
1467,U34,5,12
1467,U34,6,12.3
1467,U34,7,12.1
1467,U34,8,12.3
1467,U34,9,11.8
1467,U34,10,12.7
1467,U34,11,12.6
1467,U34,12,12.5
1468,U34,1,11.9
1468,U34,2,10.8
1468,U34,3,11.3
1468,U34,4,12.2
1468,U34,6,11.7
1468,U34,7,12.2
1468,U34,8,11.7
1468,U34,9,13.1
1468,U34,10,12.5
1468,U34,11,11.6
1468,U34,12,11.3
1469,U34,1,12.7
1469,U34,2,13.7
1469,U34,3,12.9
1469,U34,4,13.6
1469,U34,5,13.2
1469,U34,6,14
1469,U34,7,14.3
1469,U34,8,12.8
1469,U34,9,14.4
1469,U34,10,12.5
1469,U34,11,12.2
1469,U34,12,12.6
1470,U34,1,13.6
1470,U34,2,14.1
1470,U34,3,13
1470,U34,4,13.2
1470,U34,5,13
1470,U34,6,13.3
1470,U34,7,12.9
1470,U34,8,12.5
1470,U34,9,12.8
1470,U34,10,12.8
1470,U34,11,12.7
1470,U34,12,11.8
1471,U35,1,11
1471,U35,2,10.5
1471,U35,3,10.8
1471,U35,4,12.9
1471,U35,5,11.7
1471,U35,6,11.7
1471,U35,7,12.5
1471,U35,8,11.9
1471,U35,9,12.4
1471,U35,10,11
1471,U35,11,11.1
1471,U35,12,12.1
1472,U35,1,10.8
1472,U35,2,11.1
1472,U35,3,10.8
1472,U35,4,11.9
1472,U35,6,10.9
1472,U35,7,11
1472,U35,8,11.1
1472,U35,9,11.7
1472,U35,10,11
1472,U35,11,11.1
1472,U35,12,10
1473,U35,1,10.2
1473,U35,2,10.8
1473,U35,4,11
1473,U35,5,11.2
1473,U35,7,9.8
1473,U35,8,10.5
1473,U35,9,10.4
1473,U35,10,10.6
1473,U35,11,10.2
1473,U35,12,10.3
1474,U35,1,13.1
1474,U35,3,12.5
1474,U35,4,12.7
1474,U35,5,14.5
1474,U35,6,14.2
1474,U35,7,13
1474,U35,8,12.7
1474,U35,9,12.6
1474,U35,11,13.9
1474,U35,12,13.2
1475,U35,1,11.8
1475,U35,2,11.5
1475,U35,3,11.4
1475,U35,4,11.2
1475,U35,5,12
1475,U35,6,11.8
1475,U35,7,11.7
1475,U35,8,10.1
1475,U35,9,11
1475,U35,10,11.4
1475,U35,11,10.8
1475,U35,12,10.7
1476,U35,1,10.2
1476,U35,2,9.9
1476,U35,3,10
1476,U35,4,11.8
1476,U35,5,12.4
1476,U35,6,9.4
1476,U35,7,9.3
1476,U35,8,10.3
1476,U35,9,10.5
1476,U35,10,10.7
1476,U35,11,9.2
1476,U35,12,10.1
1477,U35,1,9.4
1477,U35,2,9.5
1477,U35,3,9
1477,U35,4,9.5
1477,U35,5,8.8
1477,U35,6,9.3
1477,U35,7,10.1
1477,U35,8,10.8
1477,U35,9,10.7
1477,U35,10,10
1477,U35,11,9.5
1477,U35,12,8.9
1478,U35,1,8.2
1478,U35,2,8.3
1478,U35,3,9.3
1478,U35,5,9.6
1478,U35,6,9.9
1478,U35,7,9.4
1478,U35,8,9.9
1478,U35,9,9.2
1478,U35,10,9.4
1478,U35,11,9.1
1478,U35,12,9.5
1479,U35,1,9
1479,U35,2,9.1
1479,U35,3,9.4
1479,U35,4,8.8
1479,U35,5,9.5
1479,U35,6,8.7
1479,U35,7,9
1479,U35,8,8.2
1479,U35,9,8.8
1479,U35,10,8.1
1479,U35,11,8.2
1479,U35,12,8.9
1480,U35,1,9.9
1480,U35,2,9.4
1480,U35,3,9.2
1480,U35,4,8.8
1480,U35,5,9.2
1480,U35,6,8.9
1480,U35,7,9.2
1480,U35,8,9.4
1480,U35,9,9.1
1480,U35,10,9.5
1480,U35,11,10.6
1480,U35,12,9.3
1481,U35,1,11.5
1481,U35,3,10.9
1481,U35,4,11.2
1481,U35,5,11.6
1481,U35,6,10.9
1481,U35,7,10
1481,U35,8,11.5
1481,U35,9,10.7
1481,U35,10,11.1
1481,U35,11,10.9
1482,U35,1,11.7
1482,U35,2,11.7
1482,U35,4,11.6
1482,U35,5,11.6
1482,U35,6,11.8
1482,U35,7,12
1482,U35,8,12
1482,U35,9,11.5
1482,U35,11,11.6
1482,U35,12,11.7
1483,U35,1,10.8
1483,U35,2,10.2
1483,U35,3,9.7
1483,U35,4,10.6
1483,U35,5,10.5
1483,U35,6,10.4
1483,U35,7,10.5
1483,U35,8,11.1
1483,U35,9,12
1483,U35,10,12.2
1483,U35,11,12
1483,U35,12,11.4
1484,U35,1,9.9
1484,U35,4,8.8
1484,U35,5,9
1484,U35,6,9.4
1484,U35,8,8.9
1484,U35,9,9.2
1484,U35,10,9.6
1484,U35,11,9.8
1484,U35,12,10.3
1485,U35,1,9.6
1485,U35,2,9.7
1485,U35,3,10.7
1485,U35,4,11
1485,U35,5,11.3
1485,U35,6,9.8
1485,U35,7,10.1
1485,U35,8,11
1485,U35,9,9.9
1485,U35,10,11.5
1485,U35,11,11
1485,U35,12,10.8
1486,U35,1,11.5
1486,U35,2,11.7
1486,U35,3,11.3
1486,U35,4,10.3
1486,U35,5,10.1
1486,U35,6,9.8
1486,U35,7,9.8
1486,U35,8,9.6
1486,U35,9,11.4
1486,U35,10,12
1486,U35,11,12.4
1486,U35,12,11.1
1487,U35,1,11.9
1487,U35,2,11.9
1487,U35,3,12.9
1487,U35,4,12.7
1487,U35,5,12.2
1487,U35,6,11
1487,U35,7,10.3
1487,U35,8,10
1487,U35,9,11.3
1487,U35,10,11
1487,U35,11,10.9
1487,U35,12,11.7
1488,U35,1,13.1
1488,U35,2,13
1488,U35,3,13.7
1488,U35,4,13.1
1488,U35,5,13.6
1488,U35,6,13.2
1488,U35,7,13.6
1488,U35,8,13.8
1488,U35,9,13.1
1488,U35,10,12.6
1488,U35,11,13.2
1488,U35,12,13.1
1489,U35,1,11.2
1489,U35,2,11.6
1489,U35,3,11.7
1489,U35,4,12.1
1489,U35,5,11.6
1489,U35,6,11.6
1489,U35,7,11.5
1489,U35,9,10.9
1489,U35,10,10.8
1489,U35,12,11
1490,U35,1,8.7
1490,U35,2,9.3
1490,U35,3,9.2
1490,U35,5,9.4
1490,U35,6,9
1490,U35,7,9.1
1490,U35,8,8.3
1490,U35,10,9.9
1490,U35,11,9.6
1490,U35,12,9.3
1491,U35,1,11
1491,U35,2,12.4
1491,U35,3,11.4
1491,U35,4,11.9
1491,U35,5,10.9
1491,U35,6,12.5
1491,U35,7,11.8
1491,U35,8,11.8
1491,U35,9,11.3
1491,U35,10,10.7
1491,U35,11,11.1
1491,U35,12,12.1
1492,U35,1,10
1492,U35,2,10.4
1492,U35,3,10.3
1493,U35,1,12.2
1493,U35,2,12.9
1493,U35,3,12.6
1493,U35,4,12
1493,U35,5,12.6
1493,U35,6,13.3
1493,U35,7,12.6
1493,U35,8,11.9
1493,U35,9,12.1
1493,U35,10,12.2
1494,U35,2,12.9
1494,U35,3,10.9
1494,U35,4,11.8
1494,U35,5,11.6
1494,U35,6,11.4
1494,U35,7,12.1
1494,U35,8,12.2
1494,U35,9,11
1494,U35,10,11.3
1494,U35,11,11.7
1494,U35,12,12.1
1495,U35,1,11.2
1495,U35,2,11.3
1495,U35,3,10.1
1495,U35,4,10.5
1495,U35,5,10.7
1495,U35,6,12.4
1495,U35,7,11.3
1495,U35,8,12
1495,U35,9,10.8
1495,U35,10,10.9
1495,U35,11,11.5
1495,U35,12,11.5
1496,U35,1,11.7
1496,U35,2,11.1
1496,U35,3,11.1
1496,U35,4,10
1496,U35,5,10.6
1496,U35,6,11.2
1496,U35,7,12.1
1496,U35,8,11.7
1496,U35,9,11.1
1496,U35,10,11.8
1496,U35,11,11.7
1496,U35,12,10.1
1497,U35,1,10.8
1497,U35,2,10.8
1497,U35,3,11
1497,U35,4,10.7
1497,U35,5,11.3
1497,U35,6,11.2
1497,U35,7,11
1497,U35,8,11.1
1497,U35,10,10.7
1497,U35,11,10.2
1497,U35,12,9.8
1498,U35,1,11.4
1498,U35,2,11.9
1498,U35,3,12.9
1498,U35,4,12.3
1498,U35,5,11.3
1498,U35,6,11.6
1498,U35,7,11.9
1498,U35,8,11.2
1498,U35,9,11.7
1498,U35,10,12.4
1499,U35,1,10.9
1499,U35,2,10.8
1499,U35,3,10.4
1499,U35,4,11
1499,U35,5,10.8
1499,U35,6,11
1499,U35,7,10.6
1499,U35,8,10.7
1499,U35,11,11
1499,U35,12,11.6
1500,U35,2,12.6
1500,U35,3,11.6
1500,U35,4,12.5
1500,U35,5,11.8
1500,U35,6,12.7
1500,U35,7,12.4
1500,U35,8,11.9
1500,U35,9,12.1
1500,U35,10,11.6
1500,U35,11,12
1500,U35,12,12
1501,U35,1,10.2
1501,U35,2,11.3
1501,U35,3,10.7
1501,U35,4,10.8
1501,U35,5,10.2
1501,U35,6,9.4
1501,U35,7,10.4
1501,U35,8,10.2
1501,U35,9,10
1501,U35,10,10.1
1501,U35,11,10.3
1501,U35,12,9.4
1502,U35,1,11.1
1502,U35,2,11.8
1502,U35,4,12.1
1502,U35,5,11.3
1502,U35,6,10.6
1502,U35,7,11.3
1502,U35,8,11.4
1502,U35,9,12
1502,U35,10,12.1
1502,U35,11,11.5
1502,U35,12,11.5
1503,U35,1,11.1
1503,U35,2,10.8
1503,U35,3,12.1
1503,U35,4,11.1
1503,U35,5,9.8
1503,U35,6,10.4
1503,U35,7,11.6
1503,U35,8,11.3
1503,U35,9,11.5
1503,U35,10,11.9
1503,U35,11,11.2
1503,U35,12,11.3
1504,U35,1,10.9
1504,U35,2,10.7
1504,U35,3,10.3
1504,U35,4,11.1
1504,U35,5,11.1
1504,U35,6,11.5
1504,U35,8,10
1504,U35,9,10.1
1504,U35,10,10.2
1504,U35,11,10.7
1504,U35,12,10.2
1505,U35,1,10.4
1505,U35,2,10.2
1505,U35,3,10.8
1506,U35,1,11.5
1506,U35,2,11.9
1506,U35,3,11.3
1506,U35,4,10.6
1506,U35,5,11.8
1506,U35,6,11.8
1506,U35,7,10
1506,U35,8,9.4
1506,U35,9,8.9
1506,U35,10,9.8
1506,U35,11,10.9
1506,U35,12,10.5
1507,U35,1,11
1507,U35,2,11
1507,U35,3,11.9
1507,U35,4,11.8
1507,U35,5,12.3
1507,U35,7,10.8
1507,U35,10,11.2
1507,U35,11,10.4
1507,U35,12,10.6
1508,U35,1,11.4
1508,U35,3,11.3
1508,U35,5,12.6
1508,U35,6,12.3
1508,U35,7,11.6
1508,U35,8,11.6
1508,U35,9,11.7
1508,U35,10,10.3
1509,U35,1,10.9
1509,U35,2,10.7
1509,U35,3,10.3
1509,U35,4,10.7
1509,U35,5,12
1509,U35,6,11.3
1509,U35,7,12.8
1509,U35,8,12.1
1509,U35,9,11.5
1509,U35,10,10.7
1509,U35,11,10.8
1509,U35,12,10.3
1510,U35,1,10.5
1510,U35,2,10.7
1510,U35,4,9.3
1510,U35,5,10.6
1510,U35,6,10.2
1510,U35,8,8.9
1510,U35,9,9
1510,U35,10,10.2
1510,U35,11,10
1510,U35,12,10
1511,U35,1,11.5
1511,U35,2,10.8
1511,U35,3,11.1
1511,U35,4,11.6
1511,U35,5,11.5
1511,U35,6,11.5
1511,U35,7,11.4
1511,U35,8,11.8
1511,U35,9,11.1
1511,U35,11,9.3
1511,U35,12,10.2
1512,U35,1,9.2
1512,U35,2,8.9
1512,U35,3,10.6
1512,U35,4,9.6
1512,U35,5,9.3
1512,U35,6,9.3
1512,U35,8,9.6
1512,U35,9,10.1
1512,U35,10,9.6
1512,U35,11,9.5
1512,U35,12,9.5
1513,U35,1,9.2
1513,U35,2,9.4
1513,U35,3,10.2
1513,U35,4,10.8
1513,U35,5,9.8
1513,U35,6,10.2
1513,U35,7,9.5
1513,U35,8,9.6
1513,U35,9,9.5
1513,U35,10,9.9
1513,U35,11,9
1513,U35,12,9.1
1514,U35,1,12.3
1514,U35,2,12.9
1514,U35,3,12.3
1514,U35,4,11.9
1514,U35,5,12.1
1514,U35,6,12
1514,U35,7,10.8
1514,U35,8,9.9
1514,U35,9,11
1514,U35,10,12
1514,U35,11,12.6
1514,U35,12,11.8
1515,U35,1,10.7
1515,U35,2,10.9
1515,U35,3,11.2
1515,U35,4,10.9
1515,U35,5,10.7
1515,U35,6,11.6
1515,U35,7,11.9
1515,U35,8,11.1
1515,U35,9,11.3
1515,U35,10,11.4
1515,U35,11,11.7
1515,U35,12,10
1516,U35,1,12.2
1516,U35,2,12.2
1516,U35,3,11.9
1516,U35,4,12.1
1516,U35,5,13.3
1516,U35,6,12.5
1516,U35,7,11.4
1516,U35,8,9.9
1516,U35,9,10.7
1516,U35,10,11.1
1516,U35,11,11.5
1516,U35,12,11.2
1517,U35,1,10.7
1517,U35,2,10.4
1517,U35,3,11
1517,U35,4,10.8
1517,U35,5,10.8
1517,U35,6,10.1
1517,U35,7,10.3
1517,U35,8,10.8
1517,U35,9,11.7
1517,U35,10,11.4
1517,U35,11,11
1517,U35,12,10.2
1518,U35,1,10.1
1518,U35,2,10.7
1518,U35,3,11.2
1518,U35,4,12.1
1518,U35,5,11.1
1518,U35,6,11
1518,U35,7,10.9
1518,U35,8,11
1518,U35,9,11
1518,U35,10,11.1
1518,U35,11,11.4
1519,U35,1,10.6
1519,U35,2,9.9
1519,U35,3,9.5
1519,U35,4,10.1
1519,U35,5,11.2
1519,U35,6,11.1
1519,U35,7,11
1519,U35,8,11
1519,U35,9,10
1519,U35,10,10.7
1519,U35,12,10.4
1520,U35,1,10.8
1520,U35,2,10.7
1520,U35,3,10.2
1520,U35,4,10.1
1520,U35,5,10.8
1520,U35,6,11.2
1520,U35,7,10.9
1520,U35,8,11.8
1520,U35,9,10.6
1520,U35,10,10.7
1520,U35,11,10.2
1521,U35,1,9.6
1521,U35,2,8.9
1521,U35,3,9.6
1521,U35,4,9.7
1521,U35,5,10.4
1521,U35,6,10.3
1521,U35,7,11.4
1521,U35,8,10.4
1521,U35,9,10.6
1521,U35,10,10.5
1521,U35,11,9.6
1521,U35,12,9.7
1522,U35,1,9.7
1522,U35,2,8.6
1522,U35,3,9.3
1522,U35,4,9
1522,U35,5,10.5
1522,U35,6,10.7
1522,U35,7,9.6
1522,U35,8,8.7
1522,U35,9,9.1
1522,U35,10,9.7
1522,U35,11,9.2
1522,U35,12,9.5
1523,U35,1,11.6
1523,U35,2,11
1523,U35,3,11.5
1523,U35,4,11.6
1523,U35,5,12.5
1523,U35,6,11.9
1523,U35,7,11.6
1523,U35,8,12.2
1523,U35,9,12.7
1523,U35,10,12.4
1523,U35,11,13.1
1523,U35,12,12.5
1524,U35,1,11.4
1524,U35,2,11
1524,U35,3,11.3
1524,U35,4,11.9
1524,U35,5,12.5
1524,U35,6,12.6
1524,U35,7,12.6
1524,U35,8,11.8
1524,U35,9,12.8
1524,U35,10,11.9
1524,U35,11,12.2
1524,U35,12,11.8
1525,U35,1,10.2
1525,U35,2,10.8
1525,U35,3,10.5
1525,U35,4,9.7
1525,U35,5,8.5
1525,U35,6,8.7
1525,U35,7,9.1
1525,U35,8,9
1525,U35,9,10.6
1525,U35,10,10
1525,U35,12,8.8
1526,U35,1,11.9
1526,U35,2,11.7
1526,U35,3,12.4
1526,U35,4,11.2
1526,U35,5,11.4
1526,U35,6,12.4
1526,U35,7,11.5
1526,U35,8,12.3
1526,U35,9,12.5
1526,U35,10,11.9
1526,U35,11,11.4
1526,U35,12,12.2
1527,U35,1,13.1
1527,U35,2,13
1527,U35,3,13
1527,U35,4,12.2
1527,U35,5,12.4
1527,U35,6,12.2
1527,U35,7,11.9
1527,U35,9,11
1528,U35,1,11.9
1528,U35,2,9.6
1528,U35,3,9.7
1528,U35,4,9.9
1528,U35,5,11
1528,U35,6,11.2
1528,U35,7,10.9
1528,U35,8,10.3
1528,U35,9,10.9
1528,U35,10,11
1528,U35,11,11.8
1529,U35,2,11.5
1529,U35,3,12.2
1529,U35,4,12
1529,U35,5,10.5
1529,U35,6,10.4
1529,U35,7,11.6
1529,U35,8,11.5
1529,U35,9,10.9
1529,U35,10,11.2
1529,U35,11,11.2
1529,U35,12,11.2
1530,U35,1,11.6
1530,U35,2,11.8
1530,U35,3,12.1
1530,U35,4,11.9
1530,U35,5,11.2
1530,U35,6,11
1530,U35,7,10.8
1530,U35,8,11.2
1530,U35,9,11.4
1530,U35,11,11.8
1530,U35,12,11.4
1531,U36,2,12
1531,U36,3,11.8
1531,U36,4,11.6
1531,U36,5,11.5
1531,U36,6,11.7
1531,U36,7,12.3
1531,U36,8,12.1
1531,U36,9,13
1531,U36,10,12.6
1531,U36,11,12.7
1531,U36,12,12.9
1532,U36,1,13
1532,U36,2,12.3
1532,U36,3,11.8
1532,U36,4,12.5
1532,U36,5,13.2
1532,U36,6,13
1532,U36,7,13.1
1532,U36,8,11.7
1532,U36,9,11.2
1532,U36,10,11.3
1532,U36,11,10.6
1532,U36,12,11
1533,U36,1,10.9
1533,U36,2,10.2
1533,U36,3,9.8
1533,U36,4,10.1
1533,U36,5,11.3
1533,U36,6,11.4
1533,U36,7,11.6
1533,U36,8,11.7
1533,U36,9,11.5
1533,U36,10,10.7
1533,U36,11,9.9
1533,U36,12,10.2
1534,U36,1,11.9
1534,U36,2,12.3
1534,U36,3,11.8
1534,U36,4,11.8
1534,U36,5,10.8
1534,U36,6,11.4
1534,U36,7,11.9
1534,U36,8,11.6
1534,U36,10,11.1
1534,U36,11,11.2
1534,U36,12,11.9
1535,U36,1,11.3
1535,U36,2,11
1535,U36,3,10.5
1535,U36,4,10
1535,U36,5,9.8
1535,U36,6,11
1535,U36,7,11.2
1535,U36,8,11.1
1535,U36,9,10.9
1535,U36,10,11.3
1535,U36,11,11.7
1535,U36,12,12.3
1536,U36,1,10.5
1536,U36,2,10.4
1536,U36,3,10.6
1536,U36,4,10.1
1536,U36,5,10.5
1536,U36,7,11.9
1536,U36,8,12.1
1536,U36,9,10.9
1536,U36,10,10.4
1536,U36,11,11
1536,U36,12,10.5
1537,U36,2,11.5
1537,U36,3,12.5
1537,U36,4,12.3
1537,U36,5,12.6
1537,U36,6,12.2
1537,U36,7,11.9
1537,U36,8,11.7
1537,U36,9,11.3
1537,U36,10,11.3
1537,U36,11,12.1
1537,U36,12,12.5
1538,U36,1,10.3
1538,U36,2,10.9
1538,U36,3,9.8
1538,U36,4,9.8
1538,U36,5,9.5
1538,U36,6,9.1
1538,U36,7,10.8
1538,U36,8,10.2
1538,U36,9,9.3
1538,U36,10,10.3
1538,U36,11,11.5
1538,U36,12,9.7
1539,U36,1,8.5
1539,U36,3,9.2
1539,U36,4,9.3
1539,U36,5,9.4
1539,U36,6,9.8
1539,U36,7,9.9
1539,U36,8,10.5
1539,U36,9,10
1539,U36,10,11.6
1539,U36,11,10.8
1539,U36,12,10.5
1540,U36,1,10.4
1540,U36,2,11
1540,U36,3,12.7
1540,U36,4,10.6
1540,U36,5,10.8
1540,U36,6,12.1
1540,U36,7,12
1540,U36,8,11.2
1540,U36,9,12.4
1540,U36,10,11.7
1540,U36,11,12.7
1540,U36,12,13.2
1541,U36,1,9.3
1541,U36,2,9.8
1541,U36,3,9.4
1541,U36,4,9.6
1541,U36,5,10.6
1541,U36,6,10.4
1541,U36,7,11
1541,U36,10,10.3
1541,U36,11,10.2
1541,U36,12,10
1542,U36,1,11.8
1542,U36,2,11.6
1542,U36,3,11.2
1542,U36,4,12.2
1542,U36,5,12.2
1542,U36,7,11.2
1542,U36,8,11.8
1542,U36,9,11.9
1542,U36,10,11.6
1542,U36,11,12
1542,U36,12,12
1543,U36,1,10.4
1543,U36,2,9.6
1543,U36,3,9.5
1543,U36,4,10.5
1543,U36,5,10.8
1543,U36,6,11.1
1543,U36,7,11.1
1543,U36,8,10.7
1543,U36,9,10.3
1543,U36,10,10.9
1543,U36,11,10.7
1543,U36,12,10.8
1544,U36,1,9.1
1544,U36,2,9.9
1544,U36,3,9.8
1544,U36,4,8.8
1544,U36,5,9.9
1544,U36,6,10.1
1544,U36,7,9.5
1544,U36,8,10.6
1544,U36,9,10.3
1544,U36,10,10.3
1544,U36,11,10.5
1544,U36,12,9.8
1545,U36,1,10.9
1545,U36,2,11.4
1545,U36,3,10.9
1545,U36,4,11.2
1545,U36,5,10.9
1545,U36,6,10.9
1545,U36,7,11.3
1546,U36,1,11.2
1546,U36,2,10.6
1546,U36,3,10.9
1546,U36,4,11.7
1546,U36,5,10.9
1546,U36,6,10.9
1546,U36,7,10.4
1546,U36,8,10.4
1546,U36,9,11
1546,U36,10,11.9
1546,U36,11,11.3
1546,U36,12,11
1547,U36,1,11.2
1547,U36,2,10.9
1547,U36,3,11.9
1547,U36,4,11.8
1547,U36,5,11.2
1547,U36,6,10.7
1547,U36,7,10.3
1547,U36,8,10.7
1547,U36,9,10.7
1547,U36,10,10.9
1547,U36,11,9.8
1547,U36,12,9.9
1548,U36,1,10.9
1548,U36,2,10.7
1548,U36,3,10.4
1548,U36,4,10.1
1548,U36,5,11.3
1548,U36,6,11.4
1548,U36,7,11.1
1548,U36,8,10.2
1548,U36,9,11.3
1548,U36,10,11.2
1548,U36,11,11.2
1548,U36,12,10.7
1549,U36,1,10.7
1549,U36,2,11.1
1549,U36,3,10.5
1549,U36,4,9.8
1549,U36,5,10.8
1549,U36,6,10.8
1549,U36,7,10.7
1549,U36,9,11.7
1549,U36,10,11.2
1549,U36,11,11.1
1549,U36,12,11.8
1550,U36,1,12.8
1550,U36,2,12.2
1550,U36,3,13.4
1550,U36,4,12.9
1550,U36,5,12.9
1550,U36,6,13.4
1550,U36,7,13
1550,U36,8,12.3
1550,U36,9,12.5
1550,U36,10,12.9
1550,U36,12,12.3
1551,U36,1,12
1551,U36,2,10.8
1551,U36,3,10.9
1551,U36,4,10.5
1551,U36,5,11
1551,U36,6,11.5
1551,U36,7,11.7
1551,U36,8,11.5
1551,U36,9,11.8
1551,U36,10,11.6
1551,U36,11,12
1551,U36,12,11.7
1552,U36,1,12
1552,U36,2,12.4
1552,U36,3,11.9
1552,U36,4,10.4
1552,U36,5,11
1552,U36,6,10.6
1552,U36,7,10.1
1552,U36,8,10.9
1552,U36,9,10.6
1552,U36,10,11.1
1552,U36,11,11.5
1552,U36,12,11.9
1553,U36,1,9.2
1553,U36,2,10.5
1553,U36,3,11.4
1553,U36,4,11.6
1553,U36,5,12.5
1553,U36,6,11
1553,U36,7,11.1
1553,U36,8,9.9
1553,U36,9,10.5
1553,U36,10,10.1
1553,U36,11,10.5
1553,U36,12,10
1554,U36,1,10.8
1554,U36,2,11.4
1554,U36,3,11.3
1554,U36,4,11.5
1554,U36,6,11.1
1554,U36,7,10.5
1554,U36,8,11.7
1554,U36,10,10.8
1554,U36,11,11
1554,U36,12,11
1555,U36,1,11.6
1555,U36,2,11.1
1555,U36,3,11.7
1555,U36,4,11.1
1555,U36,5,11.6
1555,U36,6,11.4
1555,U36,7,11.9
1555,U36,8,11.3
1555,U36,9,11.8
1555,U36,11,11.5
1555,U36,12,11.2
1556,U36,2,9.1
1556,U36,3,8.6
1556,U36,4,8.9
1556,U36,5,8.2
1556,U36,6,9.6
1556,U36,7,10.5
1556,U36,8,9.4
1556,U36,9,9
1556,U36,10,9.2
1556,U36,11,8.6
1556,U36,12,9.1
1557,U36,1,10.5
1557,U36,2,10.9
1557,U36,3,11
1557,U36,4,11.6
1557,U36,5,12.6
1557,U36,6,11.7
1557,U36,7,12
1557,U36,8,11.4
1557,U36,9,10.9
1557,U36,10,10.7
1557,U36,11,10.8
1557,U36,12,10.8
1558,U36,1,10.8
1558,U36,2,10.1
1558,U36,3,9.2
1558,U36,4,8.7
1558,U36,5,9.7
1558,U36,7,10.6
1558,U36,8,10.2
1558,U36,9,10.3
1558,U36,10,9.8
1558,U36,11,8.9
1558,U36,12,9.5
1559,U36,1,10.9
1559,U36,2,10.8
1559,U36,3,11
1559,U36,4,9.7
1559,U36,5,10.1
1559,U36,6,10.1
1559,U36,7,10
1559,U36,8,9.9
1559,U36,9,11.1
1559,U36,10,11
1559,U36,11,10.8
1559,U36,12,11
1560,U36,1,10.8
1560,U36,2,10.9
1560,U36,3,11.1
1560,U36,4,11.2
1560,U36,5,10.3
1560,U36,6,10.6
1560,U36,7,11.2
1560,U36,8,11.3
1560,U36,9,10.7
1560,U36,10,11.2
1560,U36,11,11.1
1560,U36,12,11
1561,U36,1,11.3
1561,U36,2,11.9
1561,U36,3,11.7
1561,U36,4,11.2
1561,U36,5,10.7
1561,U36,6,10.9
1561,U36,9,10.6
1561,U36,10,10.7
1561,U36,11,12.1
1561,U36,12,11.6
1562,U36,1,12.2
1562,U36,2,12.2
1562,U36,3,13.1
1562,U36,4,13
1562,U36,5,13.2
1562,U36,6,12.4
1562,U36,7,12.8
1562,U36,8,13.6
1562,U36,9,13.2
1562,U36,10,12.9
1562,U36,11,13.1
1562,U36,12,12.9
1563,U36,1,10.3
1563,U36,2,9.7
1563,U36,3,10.3
1563,U36,4,10.4
1563,U36,5,8.9
1563,U36,6,9
1563,U36,7,9.4
1563,U36,8,9.9
1563,U36,9,9.4
1563,U36,10,10.5
1563,U36,11,9.6
1563,U36,12,10.2
1564,U36,1,10.9
1564,U36,2,10.5
1564,U36,3,10.9
1564,U36,4,11.7
1564,U36,5,11.1
1564,U36,6,12.2
1564,U36,7,12.2
1564,U36,8,12.3
1564,U36,9,12.8
1564,U36,10,12.4
1564,U36,11,11.8
1564,U36,12,11.3
1565,U36,1,10.7
1565,U36,2,11.5
1565,U36,3,10.9
1565,U36,4,11
1565,U36,5,10.8
1565,U36,6,11.7
1565,U36,7,12.1
1565,U36,8,11.4
1565,U36,9,10.4
1565,U36,10,10.5
1565,U36,11,9.7
1565,U36,12,10.3
1566,U36,1,9.7
1566,U36,2,9.9
1566,U36,3,8.8
1566,U36,4,10.1
1566,U36,5,10.4
1566,U36,6,10.3
1566,U36,7,9.7
1566,U36,8,9.4
1566,U36,9,9.2
1566,U36,10,9.7
1566,U36,11,9.4
1566,U36,12,8.9
1567,U36,1,10.9
1567,U36,2,9.2
1567,U36,3,10.1
1567,U36,4,9.6
1567,U36,5,9.4
1567,U36,6,9.4
1567,U36,7,10
1567,U36,8,10.7
1567,U36,9,10.7
1567,U36,10,10.2
1567,U36,11,9.6
1567,U36,12,9.2
1568,U36,1,10.1
1568,U36,2,9.5
1568,U36,3,9.6
1568,U36,4,9.7
1568,U36,5,10.5
1568,U36,6,10
1568,U36,7,9.4
1568,U36,8,9.9
1568,U36,9,9.1
1568,U36,10,8.3
1568,U36,12,11
1569,U36,1,10.9
1569,U36,2,11.3
1569,U36,3,10.5
1569,U36,4,8.9
1569,U36,5,8.9
1569,U36,6,10.3
1569,U36,7,9.8
1569,U36,8,10.3
1569,U36,9,11.3
1569,U36,10,10
1569,U36,11,10.2
1569,U36,12,10.7
1570,U36,1,9.7
1570,U36,2,9.7
1570,U36,3,9.6
1570,U36,4,9.9
1571,U36,1,11.6
1571,U36,2,11.1
1571,U36,3,10.2
1571,U36,4,11.2
1571,U36,5,10.3
1571,U36,6,10.5
1571,U36,7,11.2
1571,U36,8,11.1
1571,U36,9,11
1571,U36,10,11.7
1571,U36,11,11.9
1571,U36,12,11.7
1572,U37,2,11.1
1572,U37,3,10.5
1572,U37,4,10.6
1572,U37,5,10.1
1572,U37,6,9.8
1572,U37,7,10.1
1572,U37,8,9.2
1572,U37,9,9.9
1572,U37,10,10.5
1573,U37,1,12.5
1573,U37,2,13.2
1573,U37,3,12.2
1573,U37,4,11.7
1573,U37,5,11.1
1573,U37,6,12.3
1573,U37,7,12.1
1573,U37,8,11.9
1573,U37,9,12.1
1573,U37,10,12.6
1573,U37,11,13
1574,U37,1,11.9
1574,U37,3,12.5
1574,U37,4,11.7
1574,U37,5,11.4
1574,U37,6,10.7
1574,U37,7,10.9
1574,U37,8,10.2
1574,U37,9,10.8
1574,U37,10,10.8
1574,U37,12,12
1575,U37,1,9.5
1575,U37,2,9.9
1575,U37,4,11.1
1575,U37,5,11.6
1575,U37,6,11.3
1575,U37,7,11.2
1575,U37,8,10.6
1575,U37,9,9.8
1575,U37,10,10.2
1575,U37,11,11.5
1575,U37,12,10.8
1576,U37,1,11.3
1576,U37,2,10.4
1576,U37,4,10.1
1576,U37,5,9.6
1576,U37,7,9.2
1576,U37,8,10.2
1576,U37,9,8.9
1576,U37,10,9
1576,U37,11,8.8
1576,U37,12,8.8
1577,U37,1,9.6
1577,U37,2,9.8
1577,U37,3,10
1577,U37,5,9.1
1577,U37,6,9.5
1577,U37,7,9.5
1577,U37,8,10.5
1577,U37,9,9.2
1577,U37,10,9.1
1577,U37,11,8.7
1577,U37,12,8.8
1578,U37,1,11.7
1578,U37,2,11.2
1578,U37,3,10.8
1578,U37,4,11.3
1578,U37,5,11.7
1578,U37,6,10.9
1578,U37,7,11.5
1578,U37,8,12.1
1578,U37,9,12.3
1578,U37,10,12.2
1578,U37,11,12.2
1578,U37,12,13.2
1579,U37,2,9.9
1579,U37,3,9.9
1579,U37,4,9.1
1579,U37,5,9.9
1579,U37,7,10.7
1579,U37,8,10.3
1579,U37,9,10.2
1579,U37,10,10.8
1579,U37,11,10.6
1579,U37,12,10.1
1580,U37,1,9.2
1580,U37,2,9
1580,U37,3,10.2
1580,U37,4,9.6
1580,U37,5,9.5
1580,U37,7,10.3
1580,U37,8,8.7
1580,U37,9,8.3
1580,U37,10,8.9
1580,U37,11,9.5
1580,U37,12,9.3
1581,U37,1,10.5
1581,U37,2,10
1581,U37,3,10
1581,U37,4,10.7
1581,U37,5,10.9
1581,U37,6,10.7
1581,U37,8,11.5
1581,U37,9,10.8
1581,U37,10,10.6
1581,U37,11,11.7
1581,U37,12,11.9
1582,U37,1,9.1
1582,U37,2,9.4
1582,U37,3,9.6
1582,U37,4,8.8
1582,U37,5,9.1
1582,U37,6,8.9
1582,U37,7,8.7
1582,U37,8,8.4
1582,U37,9,9.6
1582,U37,10,9.9
1582,U37,11,10.3
1582,U37,12,10.7
1583,U37,1,9.5
1583,U37,3,11.1
1583,U37,4,11
1583,U37,5,9.2
1583,U37,6,9.7
1583,U37,7,10
1583,U37,8,11
1583,U37,9,11.3
1583,U37,10,11.2
1583,U37,11,11.2
1584,U37,1,10.7
1584,U37,2,10.4
1584,U37,3,11
1584,U37,4,10.1
1584,U37,5,10.7
1584,U37,7,10
1584,U37,8,11.1
1584,U37,9,9.1
1584,U37,10,8.6
1584,U37,11,10.2
1584,U37,12,8.9
1585,U37,1,9.8
1585,U37,2,10.4
1585,U37,3,10.4
1585,U37,4,11
1585,U37,5,10.9
1585,U37,6,11.5
1585,U37,7,11
1585,U37,8,11.2
1585,U37,9,9.8
1585,U37,10,11.1
1585,U37,11,10.6
1585,U37,12,10.1
1586,U37,1,7.8
1586,U37,2,8.9
1586,U37,3,9.2
1586,U37,4,8.2
1586,U37,5,8.4
1586,U37,6,8.8
1586,U37,7,8.9
1586,U37,8,10
1586,U37,9,10.3
1586,U37,10,9.7
1586,U37,11,8.6
1587,U37,1,10.8
1587,U37,2,11.6
1587,U37,3,10.3
1587,U37,4,11.1
1587,U37,5,11.4
1587,U37,6,9.9
1587,U37,7,9.9
1587,U37,8,10
1587,U37,9,10.2
1587,U37,10,9.3
1587,U37,11,10.2
1587,U37,12,10.5
1588,U37,1,9.5
1588,U37,2,9.5
1588,U37,3,9.1
1588,U37,4,9.3
1588,U37,5,9.6
1588,U37,6,10
1588,U37,7,9.1
1588,U37,8,9.2
1588,U37,9,8.7
1588,U37,10,10
1588,U37,11,10.5
1588,U37,12,9.5
1589,U37,1,11.7
1589,U37,2,12.4
1589,U37,3,11.3
1589,U37,4,11.6
1589,U37,5,10.4
1589,U37,6,11
1589,U37,7,11.3
1589,U37,8,10.5
1589,U37,9,10.3
1589,U37,11,11.3
1589,U37,12,11.9
1590,U37,2,9.1
1590,U37,3,9.1
1590,U37,4,10
1590,U37,5,9.8
1590,U37,6,9.2
1590,U37,7,9.7
1590,U37,8,10.4
1590,U37,9,10
1590,U37,10,10.1
1590,U37,11,10.3
1590,U37,12,9.5
1591,U37,1,9.8
1591,U37,2,8.8
1591,U37,3,9.1
1591,U37,4,10.2
1591,U37,5,10.2
1591,U37,6,10.3
1591,U37,7,11
1591,U37,8,10.2
1591,U37,9,8.6
1591,U37,10,10.5
1591,U37,11,9.6
1591,U37,12,9.8
1592,U37,1,7.7
1592,U37,2,7.1
1592,U37,3,7.7
1592,U37,4,6.9
1592,U37,5,7.9
1592,U37,6,8.5
1592,U37,7,7.9
1592,U37,8,7.6
1592,U37,9,8.8
1592,U37,10,9.3
1592,U37,11,8.9
1592,U37,12,8.7
1593,U37,1,12
1593,U37,2,11
1593,U37,3,11.1
1593,U37,4,11.5
1593,U37,5,11.1
1593,U37,6,11.1
1593,U37,7,11.1
1593,U37,8,11.3
1593,U37,9,10.7
1593,U37,10,11.1
1593,U37,11,10.7
1593,U37,12,10.1
1594,U37,1,9
1594,U37,2,9.8
1594,U37,3,9.2
1594,U37,4,9.2
1594,U37,5,9
1594,U37,6,9.2
1594,U37,7,9.5
1594,U37,8,9.8
1594,U37,9,9.5
1594,U37,10,9.4
1594,U37,11,9.5
1594,U37,12,9.7
1595,U37,1,11.3
1595,U37,3,10.5
1595,U37,4,10.1
1595,U37,5,10.1
1595,U37,6,9.9
1595,U37,7,10.8
1595,U37,8,10.8
1595,U37,9,9.6
1595,U37,10,11.2
1595,U37,11,10.2
1595,U37,12,9.8
1596,U37,1,10.4
1596,U37,2,10.3
1596,U37,3,10.8
1596,U37,5,11.2
1596,U37,6,11.3
1596,U37,7,11.2
1597,U37,1,9.3
1597,U37,2,8.4
1597,U37,3,9.8
1597,U37,4,9.6
1597,U37,5,9.5
1597,U37,6,9.3
1597,U37,7,9.9
1597,U37,8,10
1597,U37,9,9.6
1597,U37,10,8.9
1597,U37,11,9.9
1597,U37,12,9.4
1598,U37,1,10.2
1598,U37,2,11.3
1598,U37,3,10.4
1598,U37,4,9.9
1598,U37,5,10.4
1598,U37,6,11
1598,U37,7,11
1598,U37,8,10.4
1598,U37,9,11.1
1598,U37,10,10.6
1598,U37,12,11
1599,U37,1,10.5
1599,U37,2,10.6
1599,U37,3,10.9
1599,U37,4,10.8
1599,U37,5,9.6
1599,U37,7,9.4
1599,U37,8,10.4
1599,U37,9,11.5
1599,U37,10,10.1
1599,U37,11,9.9
1599,U37,12,10.2
1600,U37,1,12.7
1600,U37,2,12
1600,U37,3,11.9
1600,U37,4,10.8
1600,U37,5,10.7
1600,U37,6,11
1600,U37,7,11.4
1600,U37,8,11.2
1600,U37,9,11.1
1600,U37,10,11.6
1600,U37,11,11.6
1600,U37,12,12.1
1601,U37,1,9.8
1601,U37,2,10
1601,U37,3,9.5
1601,U37,4,9.5
1601,U37,5,10.6
1601,U37,6,10.1
1601,U37,7,10.7
1601,U37,8,11
1601,U37,9,12.2
1601,U37,11,11.6
1601,U37,12,11
1602,U37,1,9.3
1602,U37,2,9.6
1602,U37,3,10
1602,U37,4,10.2
1602,U37,5,9.2
1602,U37,6,7.8
1602,U37,7,8.5
1602,U37,8,9.2
1602,U37,9,8.7
1602,U37,10,9
1602,U37,11,8.9
1602,U37,12,8.9
1603,U37,1,7.5
1603,U37,2,7.3
1603,U37,3,7.9
1603,U37,6,8.5
1603,U37,7,10.1
1603,U37,8,8.2
1603,U37,9,8.6
1603,U37,10,9.5
1603,U37,11,9.4
1603,U37,12,9.3
1604,U37,2,9.8
1604,U37,3,9.6
1604,U37,4,9.6
1604,U37,5,9.7
1604,U37,6,9.4
1604,U37,7,10.7
1604,U37,8,10
1604,U37,9,9.3
1604,U37,10,9.4
1604,U37,11,9.4
1604,U37,12,9.2
1605,U37,1,11.5
1605,U37,2,10
1605,U37,3,10.4
1605,U37,4,8.9
1605,U37,5,8.8
1605,U37,6,9.8
1605,U37,7,10.6
1605,U37,8,9.3
1605,U37,9,10.1
1605,U37,10,11.1
1605,U37,11,10.1
1605,U37,12,9.5
1606,U37,1,10.5
1606,U37,2,11.2
1606,U37,3,11
1606,U37,4,10.7
1606,U37,5,10.6
1606,U37,6,10.2
1606,U37,7,10.9
1606,U37,8,10.8
1606,U37,9,11.5
1606,U37,10,10.7
1606,U37,11,10.9
1607,U37,1,9.9
1607,U37,2,10.3
1607,U37,3,9.9
1607,U37,4,9.7
1607,U37,5,10.1
1607,U37,6,10.8
1607,U37,7,11.1
1607,U37,8,11
1607,U37,9,11.9
1607,U37,10,12.1
1607,U37,11,11.4
1607,U37,12,11.9
1608,U37,1,9.7
1608,U37,2,10.5
1608,U37,3,10.8
1608,U37,4,9.7
1608,U37,5,10.6
1608,U37,6,10.3
1608,U37,7,10
1608,U37,8,10
1608,U37,9,10.4
1608,U37,10,9.7
1608,U37,11,9.6
1608,U37,12,9.4
1609,U37,1,8.9
1609,U37,2,9.3
1609,U37,3,10.6
1609,U37,4,10.2
1609,U37,5,10.2
1609,U37,6,9.9
1609,U37,7,10
1609,U37,8,9.5
1609,U37,9,9
1609,U37,11,9.9
1609,U37,12,9.6
1610,U37,1,9.1
1610,U37,2,8.7
1610,U37,3,9.5
1610,U37,4,10
1610,U37,5,8.8
1610,U37,6,9.1
1610,U37,7,9.3
1610,U37,8,9.1
1610,U37,9,9.1
1610,U37,10,8.7
1610,U37,11,9.9
1610,U37,12,9.2
1611,U37,1,12
1611,U37,2,11.9
1611,U37,4,10.9
1611,U37,5,10.4
1611,U37,6,10.2
1611,U37,7,9.9
1611,U37,8,11.2
1611,U37,9,11.2
1611,U37,10,10.8
1611,U37,11,10.7
1611,U37,12,9.6
1612,U37,1,11.4
1612,U37,2,10.8
1612,U37,3,11.8
1612,U37,4,11.3
1612,U37,5,10.6
1612,U37,6,11.1
1612,U37,7,10.5
1612,U37,8,11.6
1612,U37,9,11.8
1612,U37,10,12.2
1612,U37,11,11.2
1612,U37,12,11.3
1613,U37,1,10.3
1613,U37,2,9.7
1613,U37,3,8.8
1613,U37,4,8.4
1613,U37,5,9
1613,U37,7,9.3
1614,U37,1,9.5
1614,U37,2,9.3
1614,U37,3,8.5
1614,U37,4,9.4
1614,U37,5,9.8
1614,U37,6,9.8
1614,U37,7,9.2
1614,U37,8,9.7
1614,U37,9,9.9
1614,U37,10,9.3
1614,U37,11,10.1
1614,U37,12,10.1
1615,U37,1,9.2
1615,U37,2,10.3
1615,U37,3,9.6
1615,U37,4,9.8
1615,U37,5,9.4
1615,U37,6,9.9
1615,U37,7,9.8
1615,U37,8,9.8
1615,U37,9,10.2
1615,U37,10,9.8
1615,U37,12,9.9
1616,U37,1,11.5
1616,U37,2,13.3
1616,U37,3,12.8
1616,U37,4,11.1
1616,U37,5,12.1
1616,U37,6,12
1616,U37,8,11.4
1616,U37,9,11.4
1616,U37,10,11.9
1616,U37,11,11.8
1616,U37,12,12
1617,U37,1,9.9
1617,U37,2,10
1617,U37,3,10.9
1617,U37,4,10.9
1617,U37,6,10.1
1617,U37,7,10
1617,U37,8,9.9
1617,U37,9,9.9
1617,U37,10,10.3
1617,U37,11,9.8
1618,U37,1,10.1
1618,U37,2,10.6
1618,U37,3,11.3
1618,U37,4,11.3
1618,U37,5,11.2
1618,U37,6,10.9
1618,U37,7,11.4
1618,U37,8,10.8
1618,U37,9,10.5
1618,U37,10,11
1618,U37,11,9.5
1618,U37,12,8.7
1619,U37,1,11.3
1619,U37,2,11.2
1619,U37,4,11.2
1619,U37,5,10.7
1619,U37,6,10.6
1619,U37,7,10.8
1619,U37,8,10
1619,U37,9,10.4
1619,U37,10,11.3
1619,U37,11,11
1619,U37,12,10.9
1620,U37,2,9.9
1620,U37,3,9.7
1620,U37,4,9.3
1620,U37,5,9.2
1620,U37,6,8.9
1620,U37,7,9.4
1620,U37,8,9.3
1620,U37,9,9.7
1620,U37,10,10.1
1620,U37,11,10.7
1620,U37,12,10.2
1621,U37,1,8.5
1621,U37,2,9.3
1621,U37,3,9.2
1621,U37,4,9.2
1621,U37,5,10.7
1621,U37,6,10.3
1621,U37,7,9.8
1621,U37,8,10.3
1621,U37,9,10.2
1621,U37,10,10.2
1621,U37,11,9.8
1621,U37,12,9.1
1622,U37,1,8.4
1622,U37,2,8.2
1622,U37,3,8.5
1622,U37,4,8.7
1622,U37,5,8.1
1622,U37,6,8.1
1622,U37,7,9.1
1622,U37,8,8.7
1622,U37,11,7.7
1623,U37,1,10.2
1623,U37,2,11.1
1623,U37,3,10.8
1623,U37,4,11.5
1623,U37,5,10.8
1623,U37,6,10.8
1623,U37,7,10.5
1623,U37,8,10.4
1623,U37,9,10.9
1623,U37,10,10.8
1623,U37,11,10.9
1623,U37,12,11
1624,U37,1,10.8
1624,U37,3,9.6
1624,U37,4,9.7
1624,U37,5,9.8
1624,U37,6,9.9
1624,U37,7,9.9
1624,U37,8,10
1624,U37,9,10.3
1624,U37,10,10.1
1624,U37,11,9.1
1624,U37,12,9.3
1625,U37,2,8.7
1625,U37,3,7.8
1625,U37,4,8.4
1625,U37,5,8.4
1625,U37,6,8.4
1625,U37,7,9
1625,U37,8,9.3
1626,U37,1,10.3
1626,U37,2,8.4
1626,U37,3,8
1626,U37,4,9.8
1626,U37,5,9.9
1626,U37,6,9.6
1626,U37,7,9.1
1626,U37,8,9.1
1626,U37,9,10.1
1626,U37,10,9.8
1626,U37,11,9.5
1626,U37,12,10.3
1627,U37,1,11.5
1627,U37,2,11.4
1627,U37,3,10.7
1627,U37,4,10.5
1627,U37,5,10.6
1627,U37,6,10.8
1627,U37,7,12.5
1627,U37,8,11.3
1627,U37,9,10.2
1627,U37,10,10.6
1627,U37,11,11.4
1627,U37,12,12.3
1628,U38,1,7.9
1628,U38,2,8.1
1628,U38,3,7.9
1628,U38,4,7.4
1628,U38,5,7.1
1628,U38,6,7.5
1628,U38,7,8.2
1628,U38,8,7.2
1628,U38,9,8
1628,U38,11,7
1628,U38,12,7.7
1629,U38,1,10.7
1629,U38,2,9.7
1629,U38,3,10.3
1629,U38,4,11.1
1629,U38,5,10.2
1629,U38,6,10.6
1629,U38,7,9.5
1629,U38,8,10.6
1629,U38,9,9.2
1629,U38,10,9
1629,U38,11,9.5
1630,U38,1,11.1
1630,U38,2,11
1630,U38,3,10.3
1630,U38,4,10.2
1630,U38,5,10.4
1630,U38,6,11.5
1630,U38,7,10.2
1630,U38,8,9.1
1630,U38,9,8.8
1630,U38,10,10.2
1630,U38,11,10.6
1630,U38,12,10.6
1631,U38,1,9.1
1631,U38,2,9.5
1631,U38,3,9.1
1631,U38,4,10.8
1631,U38,5,10.3
1631,U38,6,10.8
1631,U38,7,9.9
1631,U38,9,10.6
1631,U38,11,10.1
1631,U38,12,9.3
1632,U38,1,9.3
1632,U38,2,9.7
1632,U38,3,9.7
1632,U38,4,9.2
1632,U38,5,8.5
1632,U38,6,8
1632,U38,8,8.3
1632,U38,10,8
1632,U38,11,9
1632,U38,12,8.8
1633,U38,1,10.3
1633,U38,2,10.3
1633,U38,3,10.9
1633,U38,4,9.3
1633,U38,5,9.9
1633,U38,7,10.7
1633,U38,8,9.6
1633,U38,9,9.5
1633,U38,10,9.6
1633,U38,11,9.5
1633,U38,12,10.2
1634,U38,1,10.1
1634,U38,2,10
1634,U38,3,10.3
1634,U38,4,9.7
1634,U38,5,9.3
1634,U38,6,10.2
1634,U38,7,10.1
1634,U38,8,10.3
1634,U38,10,9.1
1634,U38,11,9.6
1634,U38,12,8.9
1635,U38,1,8.9
1635,U38,3,10.8
1635,U38,4,10.4
1635,U38,5,9.4
1635,U38,6,8.3
1635,U38,7,7.5
1635,U38,8,8.1
1635,U38,9,8.5
1635,U38,10,9.5
1635,U38,11,8.6
1635,U38,12,7.7
1636,U38,1,10
1636,U38,2,9.7
1636,U38,3,9.1
1636,U38,4,9.9
1636,U38,5,10.5
1636,U38,6,11.2
1636,U38,7,11.5
1636,U38,8,9.8
1636,U38,9,9.9
1636,U38,10,10.7
1636,U38,11,10.1
1636,U38,12,10
1637,U38,1,11.7
1637,U38,2,11.4
1637,U38,3,11.3
1637,U38,4,11.9
1637,U38,5,12.1
1637,U38,6,10.8
1637,U38,7,11.4
1637,U38,8,11.4
1637,U38,9,11.6
1637,U38,10,12.5
1637,U38,11,12.8
1637,U38,12,11.3
1638,U38,1,7.3
1638,U38,3,7.4
1638,U38,4,8.1
1638,U38,5,7.7
1638,U38,6,8.1
1638,U38,7,8.3
1638,U38,8,9.4
1638,U38,9,9
1638,U38,10,8.8
1638,U38,11,8.4
1638,U38,12,7.5
1639,U38,1,9.2
1639,U38,3,9.4
1639,U38,4,10.4
1639,U38,5,10
1639,U38,6,10.4
1639,U38,7,10.2
1639,U38,8,11.3
1639,U38,9,10.8
1639,U38,10,10
1639,U38,11,10.8
1639,U38,12,9.3
1640,U38,1,9.9
1640,U38,2,10.1
1640,U38,3,11
1640,U38,4,10.4
1640,U38,5,11.5
1640,U38,6,10.7
1640,U38,7,10.7
1640,U38,8,10.9
1640,U38,9,10.2
1640,U38,10,10.1
1640,U38,11,10.2
1640,U38,12,10.8
1641,U38,1,11.1
1641,U38,2,11.1
1641,U38,3,10.9
1642,U38,1,9.3
1642,U38,2,9.2
1642,U38,3,9.9
1642,U38,4,10.1
1642,U38,5,10.6
1642,U38,7,7.8
1642,U38,8,8.1
1642,U38,9,8.7
1642,U38,10,8.7
1642,U38,11,8.8
1642,U38,12,10.1
1643,U38,1,10.9
1643,U38,2,9.9
1643,U38,3,10.2
1643,U38,4,10.4
1643,U38,5,11.3
1643,U38,7,10.6
1643,U38,8,10
1643,U38,9,11.5
1643,U38,10,11.3
1643,U38,11,11.7
1643,U38,12,11.2
1644,U38,1,9
1644,U38,2,10.3
1644,U38,3,9.9
1644,U38,4,9.6
1644,U38,5,9.5
1644,U38,6,9.8
1644,U38,7,10
1644,U38,8,10.8
1644,U38,9,10.7
1644,U38,10,10
1644,U38,11,10.2
1644,U38,12,10.5
1645,U38,1,9.1
1645,U38,2,8.7
1645,U38,3,9
1645,U38,5,9.2
1645,U38,6,9.4
1645,U38,7,9.6
1645,U38,8,9.9
1645,U38,9,9.7
1645,U38,10,10.4
1645,U38,11,11.1
1645,U38,12,9.8
1646,U38,2,9
1646,U38,3,8
1646,U38,4,9.6
1646,U38,5,10.2
1646,U38,6,9.4
1646,U38,7,10.2
1646,U38,8,10.3
1646,U38,9,9.8
1646,U38,10,9
1646,U38,11,9.9
1646,U38,12,10
1647,U38,1,9.3
1647,U38,2,9.1
1647,U38,3,8.5
1647,U38,4,8.6
1647,U38,5,8.9
1647,U38,6,8.2
1647,U38,7,8.4
1647,U38,8,8.9
1647,U38,9,9.4
1647,U38,10,8.9
1647,U38,11,8.4
1647,U38,12,9.1
1648,U38,1,9.2
1648,U38,2,10.6
1648,U38,3,10.1
1648,U38,4,10.4
1648,U38,5,9.1
1648,U38,6,9.4
1648,U38,7,10
1648,U38,8,8.3
1648,U38,9,9.3
1648,U38,10,9.6
1649,U38,1,8.5
1649,U38,2,10
1649,U38,3,8.7
1649,U38,4,8.1
1649,U38,5,8.4
1649,U38,6,9.5
1649,U38,7,9.3
1649,U38,8,9.3
1649,U38,9,8.5
1649,U38,10,9.2
1649,U38,11,9.2
1649,U38,12,8.9
1650,U38,1,8.7
1650,U38,2,8.2
1650,U38,4,7.9
1650,U38,5,8.5
1650,U38,6,7.6
1650,U38,7,8
1650,U38,8,8.3
1650,U38,9,7.2
1650,U38,10,8
1650,U38,11,6.8
1650,U38,12,7.5
1651,U38,1,10.5
1651,U38,2,10.8
1651,U38,3,10.4
1651,U38,4,10.9
1651,U38,5,9.7
1651,U38,6,10.1
1651,U38,7,10.3
1651,U38,8,10.1
1651,U38,9,10.4
1651,U38,10,11
1651,U38,11,10.6
1651,U38,12,10.4
1652,U38,1,13.1
1652,U38,2,11.9
1652,U38,3,11.7
1652,U38,4,10
1652,U38,5,10.2
1652,U38,6,10.5
1652,U38,7,11
1652,U38,9,9.8
1652,U38,10,10.4
1652,U38,11,12
1652,U38,12,12.7
1653,U38,1,12.5
1653,U38,2,13.4
1653,U38,3,12.7
1653,U38,4,13.1
1653,U38,5,12.9
1654,U38,1,9.5
1654,U38,2,9.6
1654,U38,3,10.1
1654,U38,4,10.7
1654,U38,5,10.1
1654,U38,6,10.4
1654,U38,7,9.9
1654,U38,8,10.4
1654,U38,9,10.4
1654,U38,10,11.4
1654,U38,11,10.2
1654,U38,12,10.2
1655,U38,1,11.4
1655,U38,2,11.6
1655,U38,3,10.8
1655,U38,4,10.1
1655,U38,5,9.8
1655,U38,6,9.4
1655,U38,7,10.4
1655,U38,8,11.2
1655,U38,9,10.9
1655,U38,10,10.5
1655,U38,11,11
1655,U38,12,11.5
1656,U38,1,10.9
1656,U38,2,11.2
1656,U38,3,10.6
1656,U38,4,10.4
1656,U38,5,10.3
1656,U38,6,11.7
1656,U38,7,10.9
1656,U38,8,9.4
1656,U38,9,11.3
1656,U38,10,10.7
1656,U38,11,11.6
1656,U38,12,11.2
1657,U38,1,10.1
1657,U38,2,9.6
1657,U38,3,9.5
1657,U38,4,9.6
1657,U38,5,10.1
1657,U38,6,9.8
1657,U38,7,9.8
1657,U38,8,9.9
1657,U38,9,9.7
1657,U38,10,9.4
1657,U38,11,11.1
1657,U38,12,10.7
1658,U38,1,10.2
1658,U38,2,11.3
1658,U38,3,10.7
1658,U38,4,10
1658,U38,5,9
1658,U38,6,8.9
1658,U38,7,9.3
1658,U38,8,10.7
1658,U38,9,10.4
1658,U38,10,9.9
1658,U38,11,10.2
1659,U38,1,11
1659,U38,2,10.8
1659,U38,3,11.2
1659,U38,4,10.4
1659,U38,5,10.4
1659,U38,6,9.4
1659,U38,7,9.7
1659,U38,8,10.1
1659,U38,9,9.9
1659,U38,10,10.8
1659,U38,11,11.2
1659,U38,12,11.8
1660,U38,1,8.7
1660,U38,2,8.2
1660,U38,3,7.7
1660,U38,4,6.5
1660,U38,5,7.1
1660,U38,6,7.5
1660,U38,7,7.5
1660,U38,8,6.8
1660,U38,10,6.3
1660,U38,11,6.8
1660,U38,12,7.1
1661,U38,1,10.6
1661,U38,2,8.9
1661,U38,3,8.3
1661,U38,4,8.2
1661,U38,5,8.8
1661,U38,6,9.5
1661,U38,7,9.4
1661,U38,8,9.4
1661,U38,9,9.8
1661,U38,10,10
1661,U38,11,9.8
1661,U38,12,9.3
1662,U38,1,6.8
1662,U38,2,7.4
1662,U38,3,7.2
1662,U38,4,7.2
1662,U38,5,6.9
1662,U38,6,7.2
1662,U38,7,7.2
1662,U38,8,8
1662,U38,9,8
1662,U38,10,7.9
1662,U38,11,7.2
1662,U38,12,8
1663,U38,1,11.3
1663,U38,2,11.6
1663,U38,3,11
1663,U38,5,12.6
1663,U38,6,12.5
1663,U38,7,12.2
1663,U38,8,12
1663,U38,9,10.8
1663,U38,10,11.5
1663,U38,11,10.6
1663,U38,12,11.7
1664,U38,1,8.8
1664,U38,2,9.7
1664,U38,3,10.6
1664,U38,4,9.9
1664,U38,5,10.1
1664,U38,6,10.8
1664,U38,7,9.5
1664,U38,8,10.4
1664,U38,10,10.6
1664,U38,11,11.1
1664,U38,12,10.8
1665,U38,1,8.6
1665,U38,2,8.8
1665,U38,3,8.8
1665,U38,4,10.5
1665,U38,5,9.5
1665,U38,6,8.2
1665,U38,7,9.2
1665,U38,8,9.8
1665,U38,9,10.7
1665,U38,10,11.1
1665,U38,11,9.2
1665,U38,12,9.4
1666,U38,1,10.1
1666,U38,2,10.5
1666,U38,3,10.1
1666,U38,4,10.7
1666,U38,5,10.8
1666,U38,6,11.1
1666,U38,7,10.8
1666,U38,8,10.8
1666,U38,9,11
1666,U38,10,10.6
1666,U38,11,12.4
1666,U38,12,11.5
1667,U38,1,9.8
1667,U38,2,9.6
1667,U38,3,9.8
1667,U38,4,9.6
1667,U38,5,8.3
1667,U38,6,8.4
1667,U38,7,8.7
1667,U38,8,8.6
1667,U38,9,9
1667,U38,10,9.3
1667,U38,12,10.1
1668,U38,1,10.2
1668,U38,2,10.5
1668,U38,4,12.5
1668,U38,5,11.2
1668,U38,6,10
1668,U38,7,10.6
1668,U38,8,9.7
1668,U38,9,10.6
1668,U38,10,11.4
1668,U38,11,11.2
1668,U38,12,10.4
1669,U38,1,10.9
1669,U38,2,10.4
1669,U38,3,11.3
1670,U38,2,12.1
1670,U38,3,11.8
1670,U38,4,12.1
1670,U38,5,10.9
1670,U38,6,11.3
1670,U38,7,11.2
1670,U38,8,11.6
1670,U38,9,12.2
1670,U38,11,11.6
1670,U38,12,12.5
1671,U39,1,9.1
1671,U39,2,10.1
1671,U39,3,10.2
1671,U39,4,10.2
1671,U39,6,10.7
1671,U39,7,10.3
1671,U39,8,10
1671,U39,9,9.7
1671,U39,11,9.6
1671,U39,12,9.2
1672,U39,1,10.3
1672,U39,2,10.6
1672,U39,3,9.9
1672,U39,4,10.7
1672,U39,5,10.5
1672,U39,6,10.6
1672,U39,7,10.5
1672,U39,8,10.1
1672,U39,9,9.8
1672,U39,10,10.6
1672,U39,11,9.5
1672,U39,12,9.6
1673,U39,1,12.5
1673,U39,2,11.4
1673,U39,3,12.4
1673,U39,4,13.8
1673,U39,5,12.5
1673,U39,6,13.1
1673,U39,7,12.3
1673,U39,8,12.4
1673,U39,9,13.6
1673,U39,10,13.8
1673,U39,11,13.5
1673,U39,12,13.3
1674,U39,1,10.6
1674,U39,2,10.2
1674,U39,3,10.6
1674,U39,4,11.7
1674,U39,5,11.1
1674,U39,6,11.3
1674,U39,7,10
1674,U39,8,10.8
1674,U39,9,12.2
1674,U39,10,11.4
1674,U39,11,11.6
1674,U39,12,9.9
1675,U39,1,10.4
1675,U39,2,10.7
1675,U39,3,10.3
1675,U39,4,10.8
1675,U39,5,10.3
1675,U39,6,10.1
1675,U39,7,10.2
1675,U39,8,11.6
1675,U39,9,10.4
1675,U39,11,10.3
1675,U39,12,10.7
1676,U39,1,10.5
1676,U39,2,10.7
1676,U39,3,9.9
1676,U39,4,10.9
1676,U39,5,11.1
1676,U39,6,10.3
1676,U39,7,10.4
1676,U39,8,10.8
1676,U39,9,10.6
1676,U39,10,10.6
1676,U39,11,9.8
1676,U39,12,10.8
1677,U39,1,11.7
1677,U39,2,11.6
1677,U39,3,11.3
1677,U39,4,11.6
1677,U39,5,11.6
1677,U39,6,11.5
1677,U39,7,11.1
1677,U39,8,11.6
1677,U39,9,10.9
1677,U39,10,10.8
1677,U39,11,10.9
1677,U39,12,11.9
1678,U39,1,10.4
1678,U39,2,9.5
1678,U39,3,11
1678,U39,4,11
1678,U39,5,11.5
1678,U39,6,11.7
1678,U39,7,11.3
1678,U39,8,11.5
1678,U39,9,11.5
1678,U39,10,11.2
1678,U39,11,10.7
1678,U39,12,9.9
1679,U39,1,8.3
1679,U39,2,8.4
1679,U39,3,8.8
1679,U39,4,7.4
1679,U39,5,9
1679,U39,6,8.1
1679,U39,7,9
1679,U39,8,8.6
1679,U39,9,9.1
1679,U39,11,9.7
1679,U39,12,9.8
1680,U39,1,10.8
1680,U39,2,9.4
1680,U39,3,10.1
1680,U39,4,9.6
1680,U39,5,10.6
1680,U39,6,10.2
1680,U39,7,10.5
1680,U39,9,9.8
1680,U39,10,9.3
1680,U39,11,9.8
1680,U39,12,10.4
1681,U39,1,10.5
1681,U39,2,10.2
1681,U39,3,9.1
1681,U39,4,9.4
1681,U39,5,9.1
1681,U39,6,10
1681,U39,7,9.9
1681,U39,8,11
1681,U39,9,10.8
1681,U39,10,10.2
1681,U39,11,10
1681,U39,12,11.9
1682,U39,1,12.1
1682,U39,2,11.3
1682,U39,3,10.7
1682,U39,4,11.2
1682,U39,5,11.4
1682,U39,6,12.1
1682,U39,7,11.2
1682,U39,8,11.1
1682,U39,9,11.1
1682,U39,10,11
1682,U39,11,10.6
1682,U39,12,11
1683,U39,1,9.8
1683,U39,2,10.2
1683,U39,3,11.2
1683,U39,5,11.8
1683,U39,6,10.5
1683,U39,7,10
1683,U39,8,9.1
1683,U39,9,10.5
1683,U39,10,10.2
1683,U39,11,11.3
1683,U39,12,10.9
1684,U39,1,8.6
1684,U39,2,9.4
1684,U39,3,9.1
1684,U39,4,9.4
1684,U39,5,10.5
1684,U39,6,9.6
1684,U39,7,9.8
1684,U39,8,10.2
1684,U39,9,10.2
1684,U39,10,10
1684,U39,11,9.9
1684,U39,12,10
1685,U39,2,11.1
1685,U39,3,10.8
1685,U39,4,10.3
1685,U39,5,8.9
1685,U39,6,9.1
1685,U39,7,9.6
1685,U39,8,9.9
1685,U39,9,10.4
1685,U39,10,10.5
1685,U39,11,9.9
1685,U39,12,9.1
1686,U39,1,9
1686,U39,2,10.2
1686,U39,3,10.9
1686,U39,4,10.8
1686,U39,5,10.1
1686,U39,6,9.2
1686,U39,7,9.2
1686,U39,8,10.1
1686,U39,9,9
1686,U39,10,9.4
1686,U39,11,9.7
1686,U39,12,10.4
1687,U39,1,11.5
1687,U39,2,10.3
1687,U39,3,11.1
1687,U39,4,11.3
1687,U39,5,10.5
1687,U39,6,10.5
1687,U39,7,10.3
1687,U39,8,11
1687,U39,9,11.1
1687,U39,10,11
1687,U39,11,11.3
1687,U39,12,11.8
1688,U39,1,8.5
1688,U39,2,8.5
1688,U39,3,8.8
1688,U39,4,8.8
1688,U39,5,9.1
1688,U39,6,9
1688,U39,7,8.4
1688,U39,8,8.6
1688,U39,9,9.1
1688,U39,10,10
1688,U39,11,10
1688,U39,12,9.1
1689,U39,1,9.5
1689,U39,2,9.7
1689,U39,3,9.9
1689,U39,4,10.7
1689,U39,5,11.6
1689,U39,6,11.3
1689,U39,7,9.9
1689,U39,8,10.5
1689,U39,9,10.4
1689,U39,10,9.8
1689,U39,11,10
1689,U39,12,9.7
1690,U39,1,11.6
1690,U39,2,12.2
1690,U39,4,12.4
1690,U39,5,11.5
1690,U39,6,12.4
1690,U39,7,11.9
1690,U39,8,11.5
1690,U39,9,10.8
1690,U39,10,11.6
1690,U39,11,11.2
1690,U39,12,11.8
1691,U39,1,11.5
1691,U39,2,11.7
1691,U39,3,10.4
1691,U39,4,10.6
1691,U39,5,11.4
1691,U39,6,11.4
1691,U39,7,11.4
1691,U39,8,12.3
1691,U39,10,11.8
1691,U39,11,12.1
1691,U39,12,11.7
1692,U39,1,10.7
1692,U39,2,10.8
1692,U39,3,11.7
1692,U39,4,10.6
1692,U39,5,10.6
1692,U39,6,11.1
1692,U39,7,10.8
1692,U39,8,11
1692,U39,9,9.5
1692,U39,10,10.1
1692,U39,11,9.3
1692,U39,12,9
1693,U39,1,12.2
1693,U39,2,12
1693,U39,3,12.1
1693,U39,4,11.2
1693,U39,5,11
1693,U39,6,10.4
1693,U39,8,12.1
1693,U39,9,11.8
1693,U39,10,11.8
1693,U39,11,10.8
1694,U39,1,9.8
1694,U39,2,10.1
1694,U39,4,8.6
1694,U39,5,8.7
1694,U39,6,8.8
1694,U39,8,8.6
1694,U39,9,9
1694,U39,10,10
1694,U39,11,9.3
1694,U39,12,9.9
1695,U39,1,10.9
1695,U39,2,10.9
1695,U39,3,11.2
1695,U39,4,10.3
1695,U39,5,11.3
1695,U39,6,10.5
1695,U39,7,12.3
1695,U39,8,13.1
1695,U39,9,11.7
1695,U39,10,11.4
1695,U39,11,11.8
1695,U39,12,11.7
1696,U39,1,13.6
1696,U39,2,13.7
1696,U39,3,13.1
1696,U39,4,12.4
1696,U39,5,11.6
1696,U39,6,12.5
1696,U39,7,11.7
1696,U39,8,12.6
1696,U39,9,12.1
1696,U39,10,12.1
1696,U39,12,12.5
1697,U39,1,8.8
1697,U39,2,8.9
1697,U39,3,9.8
1697,U39,4,9.8
1697,U39,5,10.4
1697,U39,6,10.6
1697,U39,7,9.8
1697,U39,9,10.2
1697,U39,10,9.9
1697,U39,11,11.1
1697,U39,12,11
1698,U39,1,8.5
1698,U39,2,8.1
1698,U39,4,8.8
1698,U39,5,9.6
1698,U39,6,8.8
1698,U39,7,8.4
1698,U39,8,8.7
1698,U39,9,7.5
1698,U39,10,9.1
1698,U39,11,9.3
1698,U39,12,10.1
1699,U39,1,12.9
1699,U39,2,12.3
1699,U39,3,12.8
1699,U39,4,12.6
1699,U39,5,12.9
1699,U39,6,13.7
1699,U39,7,13.3
1699,U39,8,12.7
1699,U39,9,13.1
1699,U39,10,11.9
1699,U39,11,12.1
1699,U39,12,12.1
1700,U39,1,8.4
1700,U39,2,9.5
1700,U39,3,7.8
1700,U39,4,8.6
1700,U39,5,9.4
1700,U39,6,9.6
1700,U39,7,9.9
1700,U39,9,10
1700,U39,10,9.2
1700,U39,11,8.8
1700,U39,12,9
1701,U39,1,8.7
1701,U39,2,8.8
1701,U39,3,8.7
1701,U39,4,10
1701,U39,5,9.8
1701,U39,6,9.4
1701,U39,7,10.1
1701,U39,8,10.7
1701,U39,9,9.7
1701,U39,11,9.5
1701,U39,12,9.8
1702,U39,1,12.3
1702,U39,2,12.1
1702,U39,3,12
1702,U39,4,11.9
1702,U39,5,11.6
1702,U39,6,11.9
1702,U39,7,12.2
1702,U39,8,12.8
1702,U39,10,12.2
1702,U39,11,11.6
1702,U39,12,11.1
1703,U39,1,11.9
1703,U39,3,12.9
1703,U39,5,11.5
1703,U39,8,11.8
1703,U39,9,12.9
1703,U39,10,12.1
1703,U39,11,12.3
1703,U39,12,11.8
1704,U39,1,10
1704,U39,2,9.9
1704,U39,3,11.2
1704,U39,4,9.7
1704,U39,5,9.7
1704,U39,6,9.9
1704,U39,8,9.8
1704,U39,10,10.5
1704,U39,11,10.1
1704,U39,12,10.4
1705,U39,1,8.5
1705,U39,2,9
1705,U39,3,9.3
1705,U39,4,8
1705,U39,5,8.5
1705,U39,6,9.6
1705,U39,7,9.5
1705,U39,8,9.1
1705,U39,9,8.4
1705,U39,10,8.5
1705,U39,11,8.5
1705,U39,12,8.6
1706,U39,1,11.3
1706,U39,2,12.9
1706,U39,3,12.5
1706,U39,4,11.4
1706,U39,5,12.5
1706,U39,6,11.7
1706,U39,7,11.6
1706,U39,8,11.5
1706,U39,9,12.2
1706,U39,10,12.2
1706,U39,11,12.3
1706,U39,12,11.5
1707,U39,1,10.9
1707,U39,2,11.1
1707,U39,3,12.6
1707,U39,4,11.8
1707,U39,5,10.2
1707,U39,6,11.1
1707,U39,7,11
1707,U39,8,9.8
1707,U39,10,10.2
1707,U39,11,10.1
1707,U39,12,10.9
1708,U39,1,10.6
1708,U39,2,11
1708,U39,3,9.6
1708,U39,4,10.3
1708,U39,5,12.2
1708,U39,6,11.9
1708,U39,7,11.4
1708,U39,8,11.4
1708,U39,9,11.4
1708,U39,10,10.5
1708,U39,11,10.1
1708,U39,12,10
1709,U39,1,10.1
1709,U39,2,9.5
1709,U39,3,10.3
1709,U39,4,11
1709,U39,5,10.6
1709,U39,6,10.3
1709,U39,7,11.2
1709,U39,8,11.3
1709,U39,9,10.9
1709,U39,10,10.9
1709,U39,11,10.1
1709,U39,12,10.6
1710,U39,1,9.6
1710,U39,2,9.3
1710,U39,3,10.2
1710,U39,4,10.7
1710,U39,5,10.4
1710,U39,6,10.5
1710,U39,7,10
1710,U39,8,10.3
1710,U39,9,10.2
1710,U39,10,10
1710,U39,11,9.1
1710,U39,12,9.8
1711,U39,1,10
1711,U39,2,9.5
1711,U39,3,10.2
1711,U39,4,9.6
1711,U39,6,10.9
1711,U39,7,10.7
1711,U39,8,11.1
1711,U39,9,10.6
1711,U39,10,10.2
1711,U39,11,10.8
1711,U39,12,11.6
1712,U39,1,11.4
1712,U39,2,12.6
1712,U39,3,11.3
1712,U39,4,10.4
1712,U39,5,10.8
1712,U39,6,10.7
1712,U39,7,10.6
1712,U39,8,10.7
1712,U39,9,9.5
1712,U39,10,10
1712,U39,11,10.3
1712,U39,12,11.7
1713,U39,1,11.3
1713,U39,3,10.6
1713,U39,4,11.2
1713,U39,5,11.1
1713,U39,6,11.4
1713,U39,7,11
1713,U39,8,10.2
1713,U39,9,10.9
1713,U39,10,10.8
1713,U39,11,10.7
1714,U39,1,11.4
1714,U39,2,12
1714,U39,3,12.1
1714,U39,4,11.9
1714,U39,5,11.7
1714,U39,6,11
1714,U39,7,10.7
1714,U39,8,10.9
1714,U39,9,10.6
1714,U39,10,10.9
1714,U39,11,11.3
1714,U39,12,11.9
1715,U39,1,10.2
1715,U39,2,9.7
1715,U39,4,10.9
1715,U39,5,10.3
1715,U39,6,10.3
1715,U39,7,9.8
1715,U39,8,9.9
1715,U39,10,11.9
1715,U39,11,10.7
1715,U39,12,10
1716,U39,1,11.8
1716,U39,2,11.6
1716,U39,3,11.6
1716,U39,4,10.8
1716,U39,5,10
1716,U39,6,10.8
1716,U39,7,11
1716,U39,8,11
1716,U39,9,10.9
1716,U39,10,11
1716,U39,11,10.8
1716,U39,12,10.9
1717,U39,1,12
1717,U39,2,11.7
1717,U39,3,11.6
1717,U39,4,11.9
1717,U39,5,11.3
1717,U39,6,11.9
1717,U39,7,12.5
1717,U39,8,11.7
1717,U39,9,11.8
1717,U39,10,12.2
1717,U39,11,11.7
1717,U39,12,10.9
1718,U39,1,8.9
1718,U39,2,8.9
1718,U39,3,9.3
1718,U39,4,9.3
1718,U39,5,9.8
1718,U39,6,10.1
1718,U39,7,9.9
1718,U39,8,9.4
1718,U39,9,9.6
1718,U39,10,9
1718,U39,11,9.2
1718,U39,12,8.9
1719,U39,1,10
1719,U39,2,10.2
1719,U39,3,9.8
1719,U39,4,10.2
1719,U39,5,9.6
1719,U39,6,10.4
1719,U39,7,11
1719,U39,8,11
1719,U39,9,10.3
1719,U39,10,10.9
1719,U39,11,9.9
1719,U39,12,10.7
1720,U39,1,9.9
1720,U39,2,9.7
1720,U39,3,9.8
1720,U39,4,9.5
1720,U39,5,9.8
1720,U39,6,9.6
1720,U39,7,9.2
1720,U39,8,9.1
1720,U39,9,8.9
1720,U39,10,9.6
1720,U39,11,9.2
1720,U39,12,9.3
1721,U39,1,11.3
1721,U39,2,10.9
1721,U39,4,10.8
1721,U39,5,11.3
1721,U39,6,10.9
1721,U39,7,11.4
1721,U39,8,12.3
1721,U39,9,12.1
1721,U39,10,11.4
1721,U39,11,10.9
1721,U39,12,11.5
1722,U39,1,9.4
1722,U39,2,9.3
1722,U39,3,9.5
1722,U39,4,9.9
1722,U39,5,10.1
1722,U39,6,10.2
1722,U39,7,12
1722,U39,8,11.5
1722,U39,9,10.8
1722,U39,10,11.7
1722,U39,11,11.3
1722,U39,12,10.6
1723,U39,1,10.9
1723,U39,2,11.3
1723,U39,4,10.6
1723,U39,5,11.9
1723,U39,6,11.1
1723,U39,7,11.7
1723,U39,9,12
1723,U39,10,10.8
1723,U39,11,11.7
1723,U39,12,12
1724,U39,1,9.8
1724,U39,2,10.3
1724,U39,3,11.2
1724,U39,4,11.6
1724,U39,5,11.4
1724,U39,6,11
1724,U39,7,10.8
1724,U39,8,10.8
1724,U39,9,11.3
1724,U39,10,11.6
1724,U39,11,11.2
1724,U39,12,11.6
1725,U39,1,14
1725,U39,2,13.5
1725,U39,3,12.8
1725,U39,4,12.4
1725,U39,5,12
1725,U39,6,12.5
1725,U39,7,12.1
1725,U39,8,12.4
1725,U39,9,12.7
1725,U39,10,12.2
1725,U39,11,11.9
1725,U39,12,11.9
1726,U39,2,10.6
1726,U39,3,11.3
1726,U39,4,9.7
1726,U39,5,9.9
1726,U39,6,10.6
1726,U39,7,9.2
1726,U39,8,9.6
1726,U39,9,10
1726,U39,10,9.7
1726,U39,11,10
1726,U39,12,10.5
1727,U40,1,8.8
1727,U40,2,8.4
1727,U40,3,8.2
1727,U40,4,8.1
1727,U40,5,8
1727,U40,6,8.8
1727,U40,7,8.4
1727,U40,8,9
1727,U40,9,9.2
1727,U40,10,9.3
1727,U40,11,9.6
1727,U40,12,9.4
1728,U40,1,7.8
1728,U40,2,8.7
1728,U40,3,8.6
1728,U40,4,9.1
1728,U40,5,8.2
1728,U40,6,7.5
1728,U40,7,8.6
1728,U40,8,8.3
1728,U40,9,8.5
1728,U40,10,8.4
1728,U40,11,9.5
1728,U40,12,9
1729,U40,1,9.2
1729,U40,2,9.6
1729,U40,3,8.7
1729,U40,4,8.9
1729,U40,5,9.7
1729,U40,6,8.3
1729,U40,7,9.7
1729,U40,8,9.4
1729,U40,9,10.4
1729,U40,10,9.6
1729,U40,11,9.7
1729,U40,12,9.6
1730,U40,1,8.8
1730,U40,2,8.6
1730,U40,3,9.2
1730,U40,4,9.4
1730,U40,5,8.8
1730,U40,6,9
1730,U40,7,9.1
1730,U40,8,8.4
1730,U40,9,8.5
1730,U40,10,8.2
1731,U40,1,10
1731,U40,2,10.5
1731,U40,3,10.2
1731,U40,4,9.2
1731,U40,5,10.6
1731,U40,6,10.1
1731,U40,7,10.3
1731,U40,8,9.9
1731,U40,9,10.8
1731,U40,10,10.3
1731,U40,11,10.1
1731,U40,12,10
1732,U40,1,9.1
1732,U40,2,8.9
1732,U40,3,10.4
1732,U40,4,10.2
1732,U40,5,8.8
1732,U40,6,7.5
1732,U40,7,7.6
1732,U40,8,7.9
1732,U40,9,8.5
1732,U40,10,8.3
1732,U40,11,8.8
1732,U40,12,8.4
1733,U40,1,9.6
1733,U40,4,9.8
1733,U40,5,9.6
1733,U40,6,10.4
1733,U40,7,9.5
1733,U40,8,10.1
1733,U40,9,10.5
1733,U40,10,10.5
1733,U40,11,10.5
1733,U40,12,10.8
1734,U40,1,9.9
1734,U40,2,9.6
1734,U40,3,10.5
1734,U40,4,10.9
1734,U40,5,10.8
1734,U40,6,10.7
1734,U40,7,9.9
1734,U40,8,10
1734,U40,9,10.1
1734,U40,10,11
1734,U40,11,10.4
1734,U40,12,10.2
1735,U40,2,9.7
1735,U40,3,10.4
1735,U40,4,9.6
1735,U40,5,9.3
1735,U40,6,9.5
1735,U40,7,9.3
1735,U40,9,8.5
1735,U40,10,9.9
1735,U40,11,9.6
1736,U40,1,9.1
1736,U40,2,8.7
1736,U40,3,9.4
1736,U40,4,9.5
1736,U40,5,9.7
1736,U40,6,10.2
1736,U40,7,9.3
1736,U40,8,8.6
1736,U40,9,9.2
1736,U40,10,9.4
1736,U40,11,10.1
1736,U40,12,9.4
1737,U40,1,9.6
1737,U40,2,9.8
1737,U40,3,9
1737,U40,4,9.8
1737,U40,5,9.6
1737,U40,6,9.2
1737,U40,7,9.1
1737,U40,9,9.6
1737,U40,10,9.8
1737,U40,11,9.1
1737,U40,12,9.5
1738,U40,1,9
1738,U40,2,9.3
1738,U40,3,9.6
1738,U40,4,10
1738,U40,5,9.3
1738,U40,6,8.9
1738,U40,7,10
1738,U40,8,9.5
1738,U40,9,10.3
1738,U40,10,9.5
1738,U40,11,8.3
1738,U40,12,10.6
1739,U40,1,9.9
1739,U40,2,10.2
1739,U40,3,10
1739,U40,5,9.6
1739,U40,6,9.4
1739,U40,7,9.4
1739,U40,8,8.9
1739,U40,9,8.6
1739,U40,10,9.4
1739,U40,11,9
1739,U40,12,9.4
1740,U40,1,10.8
1740,U40,2,9.4
1740,U40,3,9.4
1740,U40,4,9.7
1740,U40,6,10.3
1740,U40,7,9.2
1740,U40,8,9.6
1740,U40,9,10.7
1740,U40,10,10.4
1740,U40,11,10.5
1740,U40,12,10.5
1741,U40,1,10.2
1741,U40,2,10.7
1741,U40,3,11.4
1741,U40,4,10.6
1741,U40,5,10.4
1741,U40,6,11
1741,U40,7,10.6
1741,U40,9,10.7
1741,U40,10,11.3
1741,U40,11,10.9
1741,U40,12,11
1742,U40,1,9.9
1742,U40,2,10.2
1742,U40,3,9.1
1742,U40,4,9.5
1742,U40,6,10.7
1742,U40,7,10.5
1742,U40,8,10.2
1742,U40,9,10.3
1742,U40,10,11.5
1742,U40,11,10.3
1742,U40,12,11.8
1743,U40,1,10.3
1743,U40,2,10.5
1743,U40,3,10.6
1743,U40,4,10.1
1743,U40,5,10.3
1743,U40,6,9.2
1743,U40,7,8.2
1743,U40,8,8.5
1743,U40,9,7.9
1743,U40,10,9.2
1743,U40,11,9.4
1743,U40,12,8.9
1744,U40,1,9.8
1744,U40,2,9
1744,U40,3,9
1744,U40,4,9.2
1744,U40,5,9.2
1744,U40,6,9.1
1744,U40,7,8.7
1744,U40,8,8.5
1744,U40,9,9
1744,U40,10,9.4
1744,U40,11,9.5
1744,U40,12,9
1745,U40,1,11.1
1745,U40,2,11.9
1745,U40,3,11.9
1745,U40,4,11.4
1745,U40,5,10.4
1745,U40,6,10.7
1745,U40,7,11.3
1745,U40,9,11.4
1745,U40,10,11.7
1745,U40,12,12.1
1746,U40,1,10.1
1746,U40,3,8.6
1746,U40,4,9.5
1746,U40,5,9.3
1746,U40,6,9.8
1746,U40,7,9
1746,U40,8,8.5
1746,U40,9,8.7
1746,U40,10,8.5
1746,U40,11,8.7
1746,U40,12,8.7
1747,U40,1,8.4
1747,U40,2,8.5
1747,U40,3,9.4
1747,U40,5,9.3
1747,U40,6,8.8
1747,U40,8,8.1
1747,U40,9,7.5
1747,U40,10,7.4
1747,U40,11,7.9
1747,U40,12,8
1748,U40,1,8.7
1748,U40,2,9.2
1748,U40,3,10.1
1748,U40,4,9.9
1748,U40,6,8.6
1748,U40,8,9.4
1748,U40,9,8.6
1748,U40,11,8.9
1748,U40,12,8
1749,U40,2,9.8
1749,U40,3,10.8
1749,U40,4,10.2
1749,U40,5,10.8
1749,U40,6,9.3
1749,U40,7,9.3
1749,U40,8,9.9
1749,U40,9,9.4
1749,U40,11,9.3
1749,U40,12,9.5
1750,U40,1,9.2
1750,U40,2,8.3
1751,U40,1,10.3
1751,U40,2,10.8
1751,U40,3,11.1
1751,U40,4,10.5
1751,U40,5,9.8
1751,U40,6,9.5
1751,U40,7,9.7
1751,U40,8,9.9
1751,U40,9,10.2
1751,U40,10,10.1
1751,U40,11,9.6
1751,U40,12,9
1752,U40,1,10.8
1752,U40,3,9.2
1752,U40,4,9.7
1752,U40,5,9.9
1752,U40,6,9.8
1752,U40,7,9.3
1752,U40,8,10.7
1752,U40,10,10.5
1752,U40,11,10.1
1752,U40,12,10.4
1753,U40,1,10.6
1753,U40,2,11.3
1753,U40,3,12.1
1753,U40,4,11.3
1753,U40,5,11.3
1753,U40,7,11.8
1753,U40,8,11.5
1753,U40,9,11.2
1753,U40,11,12.3
1753,U40,12,11.4
1754,U40,1,9.4
1754,U40,3,8.8
1754,U40,4,8.9
1754,U40,5,8.2
1754,U40,6,8.8
1754,U40,7,8.3
1754,U40,8,9.6
1754,U40,9,9
1754,U40,10,9.1
1754,U40,11,8.8
1754,U40,12,9.1
1755,U40,1,9.7
1755,U40,2,9.9
1755,U40,3,9.8
1755,U40,4,10.4
1755,U40,5,9.7
1755,U40,6,10.1
1755,U40,7,8.4
1755,U40,8,8.9
1755,U40,9,9.4
1755,U40,10,9.5
1755,U40,11,9
1755,U40,12,8.9
1756,U40,1,9.4
1756,U40,2,10.4
1756,U40,3,10.4
1756,U40,4,11
1756,U40,5,11.3
1756,U40,6,11.3
1756,U40,7,10.3
1756,U40,8,9.6
1756,U40,9,9.7
1756,U40,10,10.1
1756,U40,11,9.9
1756,U40,12,9.4
1757,U40,1,10.5
1757,U40,2,10.5
1757,U40,3,10.2
1757,U40,4,10.2
1757,U40,5,10.6
1757,U40,6,9.6
1757,U40,7,9.8
1757,U40,8,10.3
1757,U40,9,10.4
1757,U40,10,10.4
1757,U40,11,10.9
1757,U40,12,10.2
1758,U40,1,8.9
1758,U40,2,9.2
1758,U40,3,8.7
1758,U40,4,9.6
1758,U40,5,9.8
1758,U40,6,9.2
1758,U40,7,9.6
1758,U40,8,8.6
1758,U40,9,8.2
1758,U40,10,9.5
1758,U40,11,8.8
1758,U40,12,8.9
1759,U40,1,8.2
1759,U40,2,8.3
1759,U40,3,9.5
1760,U40,1,8.9
1760,U40,2,8.5
1760,U40,3,8.4
1760,U40,4,9
1760,U40,5,9.2
1760,U40,6,9.4
1760,U40,7,9.2
1760,U40,8,9.1
1760,U40,9,9.4
1760,U40,10,9.1
1760,U40,11,8.8
1760,U40,12,8.7
1761,U40,1,12.3
1761,U40,2,11.7
1761,U40,3,11.7
1761,U40,4,11.7
1761,U40,5,11.7
1761,U40,6,11.6
1761,U40,7,10.9
1761,U40,8,11
1761,U40,9,10.8
1761,U40,10,10.3
1761,U40,11,10.6
1761,U40,12,11.3
1762,U40,1,8.6
1762,U40,2,7.8
1762,U40,3,9.1
1762,U40,4,9.7
1762,U40,5,9.8
1762,U40,6,9.9
1762,U40,7,9.8
1762,U40,8,9.4
1762,U40,9,8.6
1762,U40,10,8.7
1762,U40,11,8.5
1762,U40,12,9.4
1763,U40,1,11.5
1763,U40,2,11.8
1763,U40,3,10.2
1763,U40,4,9.7
1763,U40,5,11.3
1763,U40,6,10.8
1763,U40,7,10.8
1763,U40,8,10.4
1763,U40,9,10.6
1763,U40,10,9.8
1763,U40,12,10.3
1764,U40,2,9
1764,U40,3,9.2
1764,U40,4,9.1
1764,U40,5,9.6
1764,U40,6,8.6
1764,U40,7,7.3
1764,U40,8,8.5
1764,U40,9,8.4
1764,U40,10,8.4
1764,U40,11,7.9
1765,U40,1,11.8
1765,U40,2,11.6
1765,U40,3,11
1765,U40,4,10.6
1765,U40,5,11.1
1765,U40,6,10.9
1765,U40,7,11.6
1765,U40,8,11.8
1765,U40,9,11.3
1765,U40,10,10.9
1765,U40,11,11.2
1765,U40,12,11.2
1766,U40,1,11
1766,U40,2,10.4
1766,U40,3,11.1
1766,U40,4,11.3
1766,U40,5,11.9
1766,U40,6,11.4
1766,U40,7,11
1766,U40,8,11.5
1766,U40,9,11.5
1766,U40,10,11.5
1766,U40,11,11.4
1766,U40,12,10.9
1767,U40,1,10.4
1767,U40,2,10.5
1767,U40,3,10.4
1767,U40,4,11.3
1767,U40,5,11.6
1767,U40,6,11.5
1767,U40,7,11.4
1767,U40,8,12.5
1767,U40,10,12.6
1767,U40,11,12.4
1767,U40,12,12.4
1768,U40,1,8.9
1768,U40,2,9.3
1768,U40,3,9.1
1768,U40,4,8.7
1768,U40,5,8.1
1768,U40,6,8.9
1768,U40,7,9.5
1768,U40,8,9.9
1768,U40,9,10.2
1768,U40,10,9.9
1768,U40,11,9.8
1768,U40,12,9.8
1769,U40,1,8.6
1769,U40,2,8.8
1769,U40,3,7.6
1769,U40,4,8.3
1769,U40,5,9
1769,U40,6,9.8
1769,U40,7,9.5
1769,U40,8,10
1769,U40,9,8.8
1769,U40,10,9.2
1769,U40,11,9.6
1769,U40,12,9.5
1770,U40,1,8.1
1770,U40,2,8.2
1770,U40,3,9.3
1770,U40,4,8.6
1770,U40,5,9.2
1770,U40,6,8.5
1770,U40,7,7.9
1770,U40,8,8.2
1770,U40,9,8
1770,U40,10,8
1770,U40,11,8.4
1770,U40,12,8.8
1771,U40,1,10.2
1771,U40,2,10.1
1771,U40,3,11.3
1771,U40,4,9
1772,U40,1,7.9
1772,U40,2,8.8
1772,U40,3,9.1
1772,U40,4,9.2
1772,U40,5,8.9
1772,U40,6,8.3
1772,U40,7,9.6
1772,U40,8,9.4
1772,U40,9,9
1772,U40,10,8.2
1772,U40,11,8.8
1772,U40,12,10.4
1773,U40,1,7.1
1773,U40,2,7.3
1773,U40,3,6.4
1773,U40,4,6
1773,U40,8,7.2
1773,U40,9,7.7
1773,U40,10,8.1
1773,U40,11,7.8
1773,U40,12,7.8
1774,U40,1,10.8
1774,U40,2,10.6
1774,U40,3,9.5
1774,U40,4,9.3
1774,U40,5,8.2
1774,U40,6,8.6
1774,U40,7,8.9
1774,U40,8,10.2
1774,U40,9,9.7
1774,U40,10,9.7
1774,U40,11,10.3
1774,U40,12,9.6
1775,U40,1,9.4
1775,U40,2,10.5
1775,U40,3,10.3
1775,U40,6,9.6
1775,U40,7,9.7
1775,U40,8,9.5
1775,U40,9,9.1
1775,U40,10,7.9
1775,U40,11,8.4
1775,U40,12,9
1776,U40,1,11.1
1776,U40,2,11.1
1776,U40,3,9.7
1776,U40,4,10.3
1776,U40,5,10.4
1776,U40,6,10.4
1776,U40,7,10
1776,U40,8,10.1
1776,U40,9,10.7
1776,U40,10,10.7
1776,U40,11,11.2
1776,U40,12,10.7
1777,U40,1,9.2
1777,U40,2,9.2
1777,U40,3,9.8
1777,U40,4,9.9
1777,U40,5,10.5
1777,U40,6,11.6
1777,U40,7,10.1
1777,U40,8,8.8
1777,U40,9,9.6
1777,U40,10,9.3
1777,U40,11,8.8
1777,U40,12,9.1
1778,U40,1,9.9
1778,U40,2,10.2
1778,U40,3,10.6
1778,U40,5,11.4
1778,U40,6,12.4
1778,U40,7,12.4
1778,U40,8,11.1
1778,U40,9,11.1
1778,U40,10,10.2
1778,U40,11,11.2
1778,U40,12,11.2
