id,cluster,area,peso,tam,N_conglom,edad,sexo,tfg,luacr,isglt2,pendiente_tfg
1421,8,Urbano,59.7,199,240,62,F,55.7,4.02,0,-2.04
1423,8,Urbano,59.7,199,240,65,F,52.4,3.96,0,-1.5
1323,8,Urbano,59.7,199,240,71,M,39.6,6.07,1,-4.46
1467,8,Urbano,59.7,199,240,63,F,48.6,5.27,1,-1.96
1469,8,Urbano,59.7,199,240,67,M,50.3,5.69,0,-3.39
1456,8,Urbano,59.7,199,240,71,F,49.7,3.25,0,-2.18
1429,8,Urbano,59.7,199,240,58,M,75,4.97,0,-1.58
1354,8,Urbano,59.7,199,240,66,F,53.4,3.67,0,-2.59
1304,8,Urbano,59.7,199,240,84,M,46.6,6.63,1,-2.93
1344,8,Urbano,59.7,199,240,67,M,34.8,4.35,0,-3.79
1416,8,Urbano,59.7,199,240,71,M,36,4.78,1,-1.75
1358,8,Urbano,59.7,199,240,56,F,45.3,6.02,1,-1.63
1409,8,Urbano,59.7,199,240,75,F,30.7,5.38,0,-3.82
1395,8,Urbano,59.7,199,240,58,F,36.4,4.47,0,-1.99
1463,8,Urbano,59.7,199,240,60,M,46.6,4.7,1,-0.84
1298,8,Urbano,59.7,199,240,77,F,61.4,5.49,1,-0.83
1306,8,Urbano,59.7,199,240,59,M,51.3,6.3,1,-1.11
1313,8,Urbano,59.7,199,240,68,F,48.4,6.93,0,-4.11
1320,8,Urbano,59.7,199,240,76,F,49.7,5.45,0,-1.06
1379,8,Urbano,59.7,199,240,67,F,53.8,6.03,0,-2.06
1293,8,Urbano,59.7,199,240,75,M,50.2,4.05,1,-3.32
1308,8,Urbano,59.7,199,240,54,M,52.4,5.97,1,-3.08
1364,8,Urbano,59.7,199,240,49,F,41.3,5.22,1,-1.3
1335,8,Urbano,59.7,199,240,74,F,43.1,4.09,0,-3.87
1296,8,Urbano,59.7,199,240,50,M,45.5,4.92,0,-2.98
1294,8,Urbano,59.7,199,240,71,M,51.8,4.27,0,-1.79
1380,8,Urbano,59.7,199,240,69,M,55.4,4.23,0,-1.32
1398,8,Urbano,59.7,199,240,70,M,54,5.52,1,-3.33
1440,8,Urbano,59.7,199,240,67,M,41.5,5.16,0,-2.71
1363,8,Urbano,59.7,199,240,75,M,43,3.01,0,-2.08
1317,8,Urbano,59.7,199,240,72,F,40.1,6.32,1,-1.48
1428,8,Urbano,59.7,199,240,42,M,59.6,4.09,1,-0.89
1427,8,Urbano,59.7,199,240,80,M,53.2,4.83,1,-3.41
1299,8,Urbano,59.7,199,240,58,M,51.5,4.58,1,-1.61
1311,8,Urbano,59.7,199,240,72,F,40,4.35,0,-1.39
1315,8,Urbano,59.7,199,240,77,M,48.7,5.27,0,-3.31
1367,8,Urbano,59.7,199,240,76,F,44.8,6.39,0,-2.33
1453,8,Urbano,59.7,199,240,65,M,43.9,6.14,0,-2.74
1389,8,Urbano,59.7,199,240,68,M,58.6,4.97,0,-3.52
1386,8,Urbano,59.7,199,240,68,M,46.3,4.48,0,-1.49
2171,12,Urbano,57,190,240,64,F,42.5,6.13,0,-2.17
2102,12,Urbano,57,190,240,65,F,55.7,4.96,0,-1.77
2030,12,Urbano,57,190,240,58,F,66.4,5.13,1,-0.61
2021,12,Urbano,57,190,240,66,M,40.9,2.7,0,-2.76
2019,12,Urbano,57,190,240,70,F,49.2,3.54,1,-2.23
2060,12,Urbano,57,190,240,49,M,75,5.16,1,0.89
2183,12,Urbano,57,190,240,59,M,52.2,5.54,1,-1.15
2103,12,Urbano,57,190,240,76,M,45.9,4.81,0,-4.55
2182,12,Urbano,57,190,240,68,F,56.4,5.08,0,-1.29
2146,12,Urbano,57,190,240,73,M,40.5,2.31,0,-1.37
2071,12,Urbano,57,190,240,55,F,61.7,5.59,1,-0.14
2085,12,Urbano,57,190,240,72,F,49.9,4.85,0,-2.6
2012,12,Urbano,57,190,240,79,F,46.2,4.61,0,-4.5
2040,12,Urbano,57,190,240,74,M,31.1,7.53,0,-4.34
2101,12,Urbano,57,190,240,59,M,59.3,5.21,1,-2.82
2052,12,Urbano,57,190,240,60,F,52.6,5.36,1,0.32
2086,12,Urbano,57,190,240,52,F,63.6,3.57,1,1.39
2064,12,Urbano,57,190,240,69,F,40.3,4.34,0,-2.33
2186,12,Urbano,57,190,240,70,F,53.1,4.9,0,-2.8
2138,12,Urbano,57,190,240,58,M,60.6,3.3,0,-0.73
2048,12,Urbano,57,190,240,66,M,57,6.35,1,-0.95
2011,12,Urbano,57,190,240,74,M,51.1,5.05,0,-1.36
2127,12,Urbano,57,190,240,75,M,38.4,4.99,0,-2.68
2009,12,Urbano,57,190,240,68,M,55.8,6.19,1,-1.23
2175,12,Urbano,57,190,240,54,F,52.6,3.22,0,0.51
2001,12,Urbano,57,190,240,63,F,45.9,4.41,1,-0.81
2067,12,Urbano,57,190,240,70,F,53.3,4.57,0,-2.57
2148,12,Urbano,57,190,240,64,F,57.1,6.61,0,-1.65
2049,12,Urbano,57,190,240,67,F,56.3,7.11,0,-4.42
2187,12,Urbano,57,190,240,77,F,38.5,5.39,0,-3.21
2038,12,Urbano,57,190,240,57,F,59.4,5.8,1,0.66
2088,12,Urbano,57,190,240,63,M,28.2,6.31,0,-3.32
2109,12,Urbano,57,190,240,76,M,39.7,6.28,0,-5.79
2132,12,Urbano,57,190,240,67,M,52.2,6.75,1,-2.22
2149,12,Urbano,57,190,240,61,M,55.7,5.39,1,-0.88
2096,12,Urbano,57,190,240,58,M,60,4.32,0,-2.38
2079,12,Urbano,57,190,240,72,F,38.7,5.17,1,-2.63
2185,12,Urbano,57,190,240,64,F,46.2,5.05,1,-0.95
2047,12,Urbano,57,190,240,66,M,37.7,2.96,0,-1.7
2163,12,Urbano,57,190,240,64,M,49,4.72,0,-2.55
3529,20,Urbano,55.20000000000001,184,240,85,F,41,3.37,0,-2.53
3514,20,Urbano,55.20000000000001,184,240,66,M,41,5.24,0,-2.2
3527,20,Urbano,55.20000000000001,184,240,73,M,40.7,5.43,0,-3.21
3507,20,Urbano,55.20000000000001,184,240,87,M,37.4,6.94,1,-3.3
3474,20,Urbano,55.20000000000001,184,240,67,M,32.8,5.46,0,-3.2
3441,20,Urbano,55.20000000000001,184,240,67,M,44.1,5.49,0,-2.17
3478,20,Urbano,55.20000000000001,184,240,75,F,48.1,7.19,0,-2.91
3504,20,Urbano,55.20000000000001,184,240,70,F,30.8,4.68,0,-2.75
3537,20,Urbano,55.20000000000001,184,240,65,F,46.9,5.42,0,-3.26
3562,20,Urbano,55.20000000000001,184,240,79,M,45.9,4.87,0,-1.86
3471,20,Urbano,55.20000000000001,184,240,77,M,42.8,4.24,0,-2.77
3524,20,Urbano,55.20000000000001,184,240,55,F,40.2,4.27,0,-2.58
3443,20,Urbano,55.20000000000001,184,240,59,F,45.3,3.09,0,-0.95
3432,20,Urbano,55.20000000000001,184,240,68,M,52.7,3.06,0,-2.11
3510,20,Urbano,55.20000000000001,184,240,69,M,49.6,6.02,0,-3.74
3563,20,Urbano,55.20000000000001,184,240,63,F,47.2,6.69,1,-0.94
3552,20,Urbano,55.20000000000001,184,240,62,M,42,4.43,0,-3.01
3448,20,Urbano,55.20000000000001,184,240,49,F,38.8,5.57,0,-2.57
3555,20,Urbano,55.20000000000001,184,240,66,M,36.6,4.69,0,-3.57
3398,20,Urbano,55.20000000000001,184,240,65,F,38.4,4.63,1,-0.09
3447,20,Urbano,55.20000000000001,184,240,67,F,46.5,5.55,0,-1.7
3484,20,Urbano,55.20000000000001,184,240,61,F,52.4,5.07,0,-1.94
3412,20,Urbano,55.20000000000001,184,240,75,M,39.4,4.58,0,-1.68
3469,20,Urbano,55.20000000000001,184,240,75,M,36.6,5.58,0,-1.46
3407,20,Urbano,55.20000000000001,184,240,83,F,32.3,5.57,0,-4.98
3531,20,Urbano,55.20000000000001,184,240,69,F,48.8,7.68,1,-0.91
3494,20,Urbano,55.20000000000001,184,240,70,F,39,5.68,0,-3.73
3400,20,Urbano,55.20000000000001,184,240,71,M,55.6,4.82,1,-1.55
3573,20,Urbano,55.20000000000001,184,240,59,F,50.7,5.24,0,-4.02
3536,20,Urbano,55.20000000000001,184,240,71,M,27.9,4.37,0,-4
3397,20,Urbano,55.20000000000001,184,240,65,F,38,5.43,0,-1.14
3547,20,Urbano,55.20000000000001,184,240,75,M,56.1,4.65,0,-3.48
3517,20,Urbano,55.20000000000001,184,240,61,F,47.7,4.75,0,-3.31
3485,20,Urbano,55.20000000000001,184,240,54,F,61.3,4.5,0,-1.5
3436,20,Urbano,55.20000000000001,184,240,46,M,62.6,5.58,0,0.32
3406,20,Urbano,55.20000000000001,184,240,88,F,20,5.04,0,-3.54
3445,20,Urbano,55.20000000000001,184,240,77,M,46.3,3.63,1,-2.56
3462,20,Urbano,55.20000000000001,184,240,60,F,53.5,4.85,0,-1.98
3401,20,Urbano,55.20000000000001,184,240,63,F,54.7,4.2,1,-0.15
3431,20,Urbano,55.20000000000001,184,240,68,M,59.2,5.57,1,-0.86
8648,49,Urbano,54.900000000000006,183,240,64,F,47.4,4.38,0,-2.03
8731,49,Urbano,54.900000000000006,183,240,80,F,57.1,4.81,0,-4.3
8672,49,Urbano,54.900000000000006,183,240,76,M,47,4.59,0,-2.53
8691,49,Urbano,54.900000000000006,183,240,66,F,46.3,4.65,0,-2.58
8773,49,Urbano,54.900000000000006,183,240,82,F,46.9,6.14,0,-4.01
8692,49,Urbano,54.900000000000006,183,240,76,M,48.9,4.72,1,-1.28
8746,49,Urbano,54.900000000000006,183,240,53,F,47.2,6.41,1,-1.26
8766,49,Urbano,54.900000000000006,183,240,62,F,49.1,4.42,0,-2.9
8769,49,Urbano,54.900000000000006,183,240,83,M,49,5.59,0,-2.92
8657,49,Urbano,54.900000000000006,183,240,61,F,46,5.45,0,-1.84
8772,49,Urbano,54.900000000000006,183,240,63,F,64.9,5.02,1,-2.67
8776,49,Urbano,54.900000000000006,183,240,50,M,61.1,7.29,0,-3.85
8638,49,Urbano,54.900000000000006,183,240,70,F,53.5,4.84,0,-1.29
8694,49,Urbano,54.900000000000006,183,240,76,F,30.8,5.43,1,-2.2
8634,49,Urbano,54.900000000000006,183,240,69,M,63.3,5.44,1,-0.82
8655,49,Urbano,54.900000000000006,183,240,59,M,41.6,3.23,1,-0.53
8684,49,Urbano,54.900000000000006,183,240,72,M,59.5,3.74,0,-2.53
8674,49,Urbano,54.900000000000006,183,240,76,M,54.9,5.5,0,-3.02
8609,49,Urbano,54.900000000000006,183,240,76,F,41.1,2.76,0,-0.87
8734,49,Urbano,54.900000000000006,183,240,63,F,57.4,6.19,1,-1.57
8697,49,Urbano,54.900000000000006,183,240,65,M,64.7,6.42,0,-3.17
8668,49,Urbano,54.900000000000006,183,240,58,M,47.6,5.34,1,-1.95
8738,49,Urbano,54.900000000000006,183,240,71,M,52.4,4.58,0,-0.81
8701,49,Urbano,54.900000000000006,183,240,48,F,40.6,5.92,1,-2.32
8618,49,Urbano,54.900000000000006,183,240,76,M,42.3,6.61,0,-1.71
8751,49,Urbano,54.900000000000006,183,240,66,M,64.9,5.49,1,-3.05
8664,49,Urbano,54.900000000000006,183,240,57,M,43.6,5.6,1,-0.31
8765,49,Urbano,54.900000000000006,183,240,72,F,58.4,5.57,1,-3.05
8624,49,Urbano,54.900000000000006,183,240,71,F,54.2,5.58,1,-3.77
8710,49,Urbano,54.900000000000006,183,240,80,M,38.3,4.75,1,-3.05
8630,49,Urbano,54.900000000000006,183,240,51,M,47.5,5.04,1,-2.45
8663,49,Urbano,54.900000000000006,183,240,58,F,46.7,7.27,1,-3.27
8739,49,Urbano,54.900000000000006,183,240,85,M,49.8,5.18,0,-3.65
8730,49,Urbano,54.900000000000006,183,240,69,M,43.9,6.2,0,-2.23
8741,49,Urbano,54.900000000000006,183,240,58,M,53.1,6.81,1,-2.36
8747,49,Urbano,54.900000000000006,183,240,62,M,48.6,5.56,1,-3.13
8704,49,Urbano,54.900000000000006,183,240,67,F,60.8,4.44,1,-1.81
8785,49,Urbano,54.900000000000006,183,240,57,F,40.6,5.15,0,-2.69
8640,49,Urbano,54.900000000000006,183,240,53,M,52.4,4.67,0,-1.98
8763,49,Urbano,54.900000000000006,183,240,75,M,25.7,4.94,0,-1.43
10478,59,Urbano,53.70000000000001,179,240,61,F,49.3,4.65,1,-0.98
10435,59,Urbano,53.70000000000001,179,240,64,F,39.3,4.56,0,-1.12
10551,59,Urbano,53.70000000000001,179,240,68,M,55.8,5.42,1,-1.44
10414,59,Urbano,53.70000000000001,179,240,72,F,39.2,5.62,1,-0.62
10495,59,Urbano,53.70000000000001,179,240,69,F,45.4,5.11,0,-2.07
10426,59,Urbano,53.70000000000001,179,240,78,M,55.5,5.66,1,-0.42
10476,59,Urbano,53.70000000000001,179,240,59,F,46.9,6.53,1,-1.92
10520,59,Urbano,53.70000000000001,179,240,69,F,50.3,5.05,0,-0.93
10431,59,Urbano,53.70000000000001,179,240,75,F,41,4.91,0,-2.56
10465,59,Urbano,53.70000000000001,179,240,55,M,61.8,3.89,1,-0.87
10384,59,Urbano,53.70000000000001,179,240,59,F,47.4,4.4,1,0.97
10463,59,Urbano,53.70000000000001,179,240,69,M,50.5,6.61,1,-1.23
10458,59,Urbano,53.70000000000001,179,240,72,F,36.7,4.77,1,-1.11
10386,59,Urbano,53.70000000000001,179,240,66,M,45.5,6.03,1,0.01
10385,59,Urbano,53.70000000000001,179,240,72,M,46.9,4.73,0,-0.33
10553,59,Urbano,53.70000000000001,179,240,49,F,52.3,4.92,1,-0.81
10405,59,Urbano,53.70000000000001,179,240,63,M,47.2,4.81,0,-2.53
10525,59,Urbano,53.70000000000001,179,240,76,M,60.6,5.9,1,-1.15
10445,59,Urbano,53.70000000000001,179,240,71,M,37.7,4.67,0,-0.55
10409,59,Urbano,53.70000000000001,179,240,83,M,47.8,4.36,0,-0.75
10504,59,Urbano,53.70000000000001,179,240,70,F,66.6,3.84,1,1.02
10394,59,Urbano,53.70000000000001,179,240,74,M,49.4,5.11,1,-0.71
10536,59,Urbano,53.70000000000001,179,240,62,F,49.7,5.29,1,-0.27
10393,59,Urbano,53.70000000000001,179,240,79,F,51,4.11,0,-0.64
10383,59,Urbano,53.70000000000001,179,240,66,M,47.6,5.92,1,-1.95
10550,59,Urbano,53.70000000000001,179,240,85,M,32.6,4.48,0,-2.67
10392,59,Urbano,53.70000000000001,179,240,72,M,60.8,4.64,1,-0.49
10549,59,Urbano,53.70000000000001,179,240,90,M,51.5,2.97,0,-1.37
10419,59,Urbano,53.70000000000001,179,240,52,M,43.9,6.96,1,0.27
10440,59,Urbano,53.70000000000001,179,240,74,M,41,4.19,0,-1.06
10459,59,Urbano,53.70000000000001,179,240,70,M,44.5,3.95,0,-1.26
10397,59,Urbano,53.70000000000001,179,240,60,M,48.3,5.66,1,0.02
10515,59,Urbano,53.70000000000001,179,240,58,F,45.8,4.47,0,-1.49
10430,59,Urbano,53.70000000000001,179,240,53,F,45.7,6.28,1,-0.5
10488,59,Urbano,53.70000000000001,179,240,83,M,42.3,4.68,0,-3.09
10390,59,Urbano,53.70000000000001,179,240,78,F,39.9,5.27,0,-2.61
10455,59,Urbano,53.70000000000001,179,240,56,M,54.4,7.35,1,-0.22
10540,59,Urbano,53.70000000000001,179,240,66,F,48.4,3.67,1,-1.3
10403,59,Urbano,53.70000000000001,179,240,67,F,34.7,5.65,0,-2.17
10421,59,Urbano,53.70000000000001,179,240,67,F,45.1,5.34,1,-1.64
11400,64,Urbano,57.3,191,240,55,F,48,6.45,0,-3.17
11435,64,Urbano,57.3,191,240,68,F,43.7,5.66,0,-2.94
11438,64,Urbano,57.3,191,240,60,M,62,5.95,1,-1.59
11375,64,Urbano,57.3,191,240,64,M,45,5.59,0,-2.14
11407,64,Urbano,57.3,191,240,63,F,46.6,6.09,1,-3.06
11383,64,Urbano,57.3,191,240,59,M,63.3,5.15,0,-3.56
11450,64,Urbano,57.3,191,240,70,F,54,4.45,1,-2.06
11481,64,Urbano,57.3,191,240,57,F,71.3,4.85,0,-0.71
11352,64,Urbano,57.3,191,240,64,F,56,4.1,0,-2.14
11453,64,Urbano,57.3,191,240,80,F,38.8,5.39,0,-4.01
11443,64,Urbano,57.3,191,240,56,F,50.3,4.6,0,-2.8
11427,64,Urbano,57.3,191,240,76,F,51.7,6.93,0,-5.64
11355,64,Urbano,57.3,191,240,55,M,50.7,5.53,1,-0.85
11444,64,Urbano,57.3,191,240,72,M,48.7,5.58,1,-3.33
11378,64,Urbano,57.3,191,240,71,F,33,2.85,1,-2.41
11424,64,Urbano,57.3,191,240,71,M,37.5,4.54,0,-3.02
11465,64,Urbano,57.3,191,240,56,F,54.2,5.13,1,-2.15
11307,64,Urbano,57.3,191,240,76,M,39.4,4.13,0,-3.76
11466,64,Urbano,57.3,191,240,58,M,36.3,3.63,0,-3.45
11357,64,Urbano,57.3,191,240,71,F,40.6,4.89,0,-3
11480,64,Urbano,57.3,191,240,65,F,42,3.33,0,-0.94
11441,64,Urbano,57.3,191,240,80,F,46.9,5.12,1,-1.63
11382,64,Urbano,57.3,191,240,64,F,46.9,3.96,1,-2.4
11320,64,Urbano,57.3,191,240,49,F,49.1,3.58,0,-1.94
11439,64,Urbano,57.3,191,240,90,M,33.1,3.95,0,-3.89
11463,64,Urbano,57.3,191,240,73,F,51,6,1,-2.59
11484,64,Urbano,57.3,191,240,71,F,48,5.17,1,-2.84
11351,64,Urbano,57.3,191,240,69,F,52.6,6.55,0,-3.87
11399,64,Urbano,57.3,191,240,72,F,42.4,4.67,0,-2.68
11405,64,Urbano,57.3,191,240,62,M,48.8,5.24,1,-2.11
11397,64,Urbano,57.3,191,240,75,M,50.9,5.82,0,-4
11421,64,Urbano,57.3,191,240,73,F,39.6,5.1,0,-4.75
11338,64,Urbano,57.3,191,240,65,F,54.4,5.06,1,-3.66
11322,64,Urbano,57.3,191,240,70,F,57.9,5.52,1,-2.45
11331,64,Urbano,57.3,191,240,61,M,36.7,4.14,0,-2.5
11350,64,Urbano,57.3,191,240,80,M,57.6,4.52,0,-1.44
11342,64,Urbano,57.3,191,240,70,F,58.3,4.11,0,-2.39
11364,64,Urbano,57.3,191,240,76,F,57.7,3.77,0,-3.9
11358,64,Urbano,57.3,191,240,62,F,41.7,6.06,1,-2.98
11314,64,Urbano,57.3,191,240,56,F,36.9,4.97,1,-2.34
13807,77,Urbano,59.7,199,240,60,M,44.2,2.51,0,-2.34
13720,77,Urbano,59.7,199,240,69,M,34.9,4.12,0,-1.53
13743,77,Urbano,59.7,199,240,54,F,62.6,5.26,0,-0.45
13805,77,Urbano,59.7,199,240,52,F,54.8,3.89,0,-1.97
13760,77,Urbano,59.7,199,240,69,F,66.7,4.82,0,-0.04
13698,77,Urbano,59.7,199,240,68,M,57.6,4.7,0,-1.36
13729,77,Urbano,59.7,199,240,56,F,43.8,4.1,0,-2.53
13813,77,Urbano,59.7,199,240,56,M,61.5,5.82,1,-1.72
13792,77,Urbano,59.7,199,240,57,F,52.5,6.36,0,-2.22
13639,77,Urbano,59.7,199,240,53,M,63.1,4.18,1,-1.24
13779,77,Urbano,59.7,199,240,60,F,48.2,3.12,0,0.31
13718,77,Urbano,59.7,199,240,74,M,35.4,5.56,1,-1.78
13652,77,Urbano,59.7,199,240,45,F,64.4,5.58,1,0.37
13666,77,Urbano,59.7,199,240,82,F,31,4.64,0,-2.75
13786,77,Urbano,59.7,199,240,46,M,60.2,5,1,0.1
13810,77,Urbano,59.7,199,240,74,F,57.1,5.27,0,-3.79
13756,77,Urbano,59.7,199,240,62,F,54.1,5.78,1,-1.32
13636,77,Urbano,59.7,199,240,66,M,46.2,6.79,0,-4.18
13734,77,Urbano,59.7,199,240,69,F,29.4,3.73,0,-1.29
13803,77,Urbano,59.7,199,240,72,M,44.7,6.68,0,-3.78
13643,77,Urbano,59.7,199,240,66,M,54.2,4.86,0,-1.85
13784,77,Urbano,59.7,199,240,68,M,37.6,5.04,1,0.95
13761,77,Urbano,59.7,199,240,62,M,48.8,4.72,0,-1.05
13793,77,Urbano,59.7,199,240,52,M,32.2,5.41,0,-1.4
13764,77,Urbano,59.7,199,240,74,F,37.6,4.83,0,-2.02
13777,77,Urbano,59.7,199,240,66,M,52.7,4.49,0,-1.06
13616,77,Urbano,59.7,199,240,76,F,43.3,3.74,0,-0.64
13645,77,Urbano,59.7,199,240,66,M,45.2,4.44,0,-3.37
13733,77,Urbano,59.7,199,240,68,M,60.5,6.21,1,-1.15
13668,77,Urbano,59.7,199,240,77,F,65.5,4.65,0,-1.14
13647,77,Urbano,59.7,199,240,76,M,68,4.59,1,-0.54
13769,77,Urbano,59.7,199,240,76,F,45.1,5.71,0,0.74
13724,77,Urbano,59.7,199,240,67,F,52.5,5.24,1,0.87
13751,77,Urbano,59.7,199,240,72,F,39.9,5.43,0,-2.47
13732,77,Urbano,59.7,199,240,73,M,51.8,6.33,1,-0.56
13656,77,Urbano,59.7,199,240,51,F,53.8,4.44,0,-0.85
13765,77,Urbano,59.7,199,240,71,F,47.6,5.21,0,-0.25
13672,77,Urbano,59.7,199,240,66,M,48.8,4.87,1,-0.05
13804,77,Urbano,59.7,199,240,67,M,39.2,6.12,1,-0.65
13709,77,Urbano,59.7,199,240,69,F,54,5.93,1,-0.67
16743,93,Urbano,51.6,172,240,68,F,49,5.49,0,-3.17
16709,93,Urbano,51.6,172,240,78,F,38.6,5.78,1,-2.86
16689,93,Urbano,51.6,172,240,62,M,49.7,4.72,0,-2.58
16654,93,Urbano,51.6,172,240,75,M,47.9,6.87,1,-2.04
16677,93,Urbano,51.6,172,240,68,F,57,6,1,-2.96
16686,93,Urbano,51.6,172,240,54,M,46.8,5.72,1,-2.05
16659,93,Urbano,51.6,172,240,60,M,35.5,5.45,1,-2.98
16676,93,Urbano,51.6,172,240,56,F,54.4,5.25,1,-2.99
16621,93,Urbano,51.6,172,240,68,M,39.6,5.25,0,-2.93
16739,93,Urbano,51.6,172,240,78,F,48.8,5.51,0,-5.14
16703,93,Urbano,51.6,172,240,56,M,46,7.4,0,-3.77
16763,93,Urbano,51.6,172,240,71,F,41.1,6.02,0,-3.47
16723,93,Urbano,51.6,172,240,55,M,53.1,4.55,1,-1.61
16604,93,Urbano,51.6,172,240,75,F,55.9,4.97,0,-1.76
16720,93,Urbano,51.6,172,240,58,F,40.5,4.96,0,-3.42
16611,93,Urbano,51.6,172,240,57,M,48.5,3.95,1,-2.34
16688,93,Urbano,51.6,172,240,52,M,41.4,4.99,1,-3.21
16651,93,Urbano,51.6,172,240,73,M,34.5,6.61,0,-2.65
16679,93,Urbano,51.6,172,240,74,F,47.8,5.5,0,-4.33
16728,93,Urbano,51.6,172,240,70,F,58.1,4.65,1,-3.47
16698,93,Urbano,51.6,172,240,68,F,44.2,4.86,0,-2.87
16701,93,Urbano,51.6,172,240,78,F,36.3,4.72,0,-2.91
16629,93,Urbano,51.6,172,240,68,F,57.4,4.63,0,-2.22
16631,93,Urbano,51.6,172,240,62,M,39.9,3.81,0,-2.26
16637,93,Urbano,51.6,172,240,70,F,45.7,4.67,0,-1.41
16733,93,Urbano,51.6,172,240,56,M,44.3,5.28,1,-1.24
16714,93,Urbano,51.6,172,240,66,M,42.8,4.42,0,-3.69
16655,93,Urbano,51.6,172,240,74,F,68.6,3.93,1,-1.3
16726,93,Urbano,51.6,172,240,71,F,29,5.2,0,-2.63
16656,93,Urbano,51.6,172,240,64,M,55.9,6.34,1,-1.97
16608,93,Urbano,51.6,172,240,71,F,38.9,5.95,0,-2.77
16669,93,Urbano,51.6,172,240,51,F,52.6,5.51,0,-4.75
16682,93,Urbano,51.6,172,240,59,F,41.8,5.93,0,-3.69
16767,93,Urbano,51.6,172,240,66,M,36.7,6.56,0,-4.39
16711,93,Urbano,51.6,172,240,67,M,39.7,3.91,0,-3.46
16605,93,Urbano,51.6,172,240,61,F,43,4.76,0,-4.09
16657,93,Urbano,51.6,172,240,71,M,37.3,4.22,0,-3.43
16626,93,Urbano,51.6,172,240,67,F,59.3,5.87,0,-4.29
16650,93,Urbano,51.6,172,240,77,F,37.4,3.85,0,-2.66
16705,93,Urbano,51.6,172,240,51,M,50.7,7.11,0,-3.28
19060,106,Urbano,55.20000000000001,184,240,75,F,38.1,3.71,0,-3.32
19093,106,Urbano,55.20000000000001,184,240,57,M,45.5,4.61,0,-1.49
19139,106,Urbano,55.20000000000001,184,240,56,M,40.1,4.02,0,-0.26
19082,106,Urbano,55.20000000000001,184,240,78,F,66.8,4.65,0,-2.82
19059,106,Urbano,55.20000000000001,184,240,63,F,50.6,4.55,1,-2.54
19035,106,Urbano,55.20000000000001,184,240,72,F,36.3,5.84,0,-3.84
19126,106,Urbano,55.20000000000001,184,240,60,F,43.2,3.14,0,-2.39
19148,106,Urbano,55.20000000000001,184,240,51,M,57.4,4.84,0,-1.8
19040,106,Urbano,55.20000000000001,184,240,64,M,52,4.62,1,-3.56
19119,106,Urbano,55.20000000000001,184,240,58,M,66.4,5.34,1,-2.06
18994,106,Urbano,55.20000000000001,184,240,80,M,46.9,3.41,0,-3.1
19133,106,Urbano,55.20000000000001,184,240,62,F,58.1,5.08,0,-4
19149,106,Urbano,55.20000000000001,184,240,69,F,41.5,4.34,0,-2.44
19061,106,Urbano,55.20000000000001,184,240,61,M,52,4.66,1,-2.19
19135,106,Urbano,55.20000000000001,184,240,63,F,51,3.45,0,-0.63
19157,106,Urbano,55.20000000000001,184,240,55,M,58,4.97,0,-2.09
19152,106,Urbano,55.20000000000001,184,240,64,F,53.3,5.55,0,-1.71
19145,106,Urbano,55.20000000000001,184,240,74,M,53.9,5.98,1,-4.09
19086,106,Urbano,55.20000000000001,184,240,59,M,57.8,3.99,1,-2.65
19037,106,Urbano,55.20000000000001,184,240,69,F,43.9,4.51,1,-3.66
19066,106,Urbano,55.20000000000001,184,240,72,F,40.5,4.32,0,-2.15
19114,106,Urbano,55.20000000000001,184,240,72,M,57.8,4.94,0,-2.37
19025,106,Urbano,55.20000000000001,184,240,69,M,42.8,4.43,0,-3.05
19140,106,Urbano,55.20000000000001,184,240,71,F,58.4,4.94,0,-3.6
19166,106,Urbano,55.20000000000001,184,240,67,F,59.6,4.5,0,-2.76
19029,106,Urbano,55.20000000000001,184,240,61,F,40.5,3.81,0,-3
19108,106,Urbano,55.20000000000001,184,240,58,F,56.6,5.35,0,-3.08
19168,106,Urbano,55.20000000000001,184,240,73,F,47.2,5.7,0,-3.99
19099,106,Urbano,55.20000000000001,184,240,70,M,33.9,3.01,0,-2.5
19016,106,Urbano,55.20000000000001,184,240,64,F,51.2,5.64,1,-2.38
19036,106,Urbano,55.20000000000001,184,240,49,F,39.1,5.02,1,-1.73
19057,106,Urbano,55.20000000000001,184,240,72,M,55.7,5.93,1,-0.08
19162,106,Urbano,55.20000000000001,184,240,76,F,42.1,5.58,1,-2.21
18998,106,Urbano,55.20000000000001,184,240,66,M,30.5,3.81,0,-1.98
19160,106,Urbano,55.20000000000001,184,240,76,M,48.9,3.72,0,-2.92
19048,106,Urbano,55.20000000000001,184,240,79,F,32.9,6.09,1,-2.68
19084,106,Urbano,55.20000000000001,184,240,63,F,46.2,3.69,0,-2.23
19032,106,Urbano,55.20000000000001,184,240,72,F,48.8,5.56,0,-4.74
19008,106,Urbano,55.20000000000001,184,240,53,M,57.7,4.36,0,-2.98
19100,106,Urbano,55.20000000000001,184,240,69,M,50.3,5.58,0,-2.11
20569,114,Urbano,57.90000000000001,193,240,66,M,38,4.88,0,-2.13
20462,114,Urbano,57.90000000000001,193,240,62,M,65.6,4.92,1,0.89
20418,114,Urbano,57.90000000000001,193,240,60,M,40.9,5.09,0,-2.87
20479,114,Urbano,57.90000000000001,193,240,83,M,47.5,4.04,0,-1.73
20484,114,Urbano,57.90000000000001,193,240,69,F,43.5,5.71,0,-1.87
20534,114,Urbano,57.90000000000001,193,240,60,M,42.5,5.41,0,-0.79
20502,114,Urbano,57.90000000000001,193,240,48,F,55.3,6.42,1,0.57
20509,114,Urbano,57.90000000000001,193,240,65,M,39.7,4.64,1,-0.36
20459,114,Urbano,57.90000000000001,193,240,67,F,55.9,5.86,0,-2.02
20506,114,Urbano,57.90000000000001,193,240,80,M,39.7,4.36,0,-2.13
20501,114,Urbano,57.90000000000001,193,240,60,F,51.9,7.94,1,0.45
20452,114,Urbano,57.90000000000001,193,240,75,M,40.5,4.4,0,-3.01
20515,114,Urbano,57.90000000000001,193,240,59,M,48,6.75,0,-1.02
20403,114,Urbano,57.90000000000001,193,240,61,M,28.7,5.09,0,-2.22
20493,114,Urbano,57.90000000000001,193,240,73,M,39.8,4.36,0,0.25
20533,114,Urbano,57.90000000000001,193,240,68,M,55.4,6.34,1,0.48
20436,114,Urbano,57.90000000000001,193,240,56,F,60.5,4.04,1,1.46
20580,114,Urbano,57.90000000000001,193,240,62,F,48.1,4.93,1,0.04
20485,114,Urbano,57.90000000000001,193,240,67,M,57,4.63,0,-3.98
20488,114,Urbano,57.90000000000001,193,240,65,F,42.3,4.45,1,-0.31
20503,114,Urbano,57.90000000000001,193,240,73,F,38.8,5.26,0,-0.07
20494,114,Urbano,57.90000000000001,193,240,54,M,50.8,4.73,1,0.12
20563,114,Urbano,57.90000000000001,193,240,57,F,51.2,5.31,1,-1.14
20500,114,Urbano,57.90000000000001,193,240,76,M,39.7,3.35,0,-1.74
20461,114,Urbano,57.90000000000001,193,240,56,F,54.1,6.35,0,-0.81
20478,114,Urbano,57.90000000000001,193,240,49,M,57.2,5.04,0,-1.1
20445,114,Urbano,57.90000000000001,193,240,63,F,42.1,4.65,1,0.61
20549,114,Urbano,57.90000000000001,193,240,51,F,63,4.78,1,1.86
20429,114,Urbano,57.90000000000001,193,240,54,F,52.5,5.13,1,0.57
20510,114,Urbano,57.90000000000001,193,240,59,F,60.5,6.27,1,-0.37
20545,114,Urbano,57.90000000000001,193,240,60,F,46,6.12,1,1.6
20431,114,Urbano,57.90000000000001,193,240,54,M,39.9,3.9,0,-0.34
20394,114,Urbano,57.90000000000001,193,240,70,F,49.1,3.52,0,-0.55
20427,114,Urbano,57.90000000000001,193,240,60,M,56.3,3.99,1,1.74
20413,114,Urbano,57.90000000000001,193,240,64,M,39.7,4.11,1,-1.13
20530,114,Urbano,57.90000000000001,193,240,65,F,50.9,5.18,0,-2.32
20398,114,Urbano,57.90000000000001,193,240,78,F,48.1,3.67,0,-0.87
20470,114,Urbano,57.90000000000001,193,240,56,F,27.9,5.99,0,-3.26
20516,114,Urbano,57.90000000000001,193,240,64,M,60.3,5.17,0,-0.97
20556,114,Urbano,57.90000000000001,193,240,67,M,45.5,5.42,0,-0.24
21403,119,Urbano,52.2,174,240,48,F,56.5,5.84,1,-1.93
21365,119,Urbano,52.2,174,240,71,M,48.6,3.87,1,-2.08
21308,119,Urbano,52.2,174,240,60,F,59.6,4.71,1,-2.26
21309,119,Urbano,52.2,174,240,71,M,54.1,4.89,1,-3.05
21359,119,Urbano,52.2,174,240,67,F,74.3,5.26,1,-0.69
21289,119,Urbano,52.2,174,240,64,M,52.4,4.91,1,-2.98
21378,119,Urbano,52.2,174,240,73,M,32.8,4.56,1,-3.39
21406,119,Urbano,52.2,174,240,69,F,54.2,5.79,1,-0.89
21369,119,Urbano,52.2,174,240,71,F,49.6,2.63,0,-2.62
21411,119,Urbano,52.2,174,240,66,M,44,5.16,1,-2.48
21347,119,Urbano,52.2,174,240,81,M,31.4,4.18,0,-3.69
21422,119,Urbano,52.2,174,240,63,M,48.3,5.46,1,-2.72
21301,119,Urbano,52.2,174,240,62,F,46.3,4.74,1,-1.71
21326,119,Urbano,52.2,174,240,70,F,37.1,6.72,1,-2.03
21328,119,Urbano,52.2,174,240,73,F,45.9,5.34,1,-2.07
21334,119,Urbano,52.2,174,240,53,M,50,5.6,1,-1.04
21396,119,Urbano,52.2,174,240,78,M,61.8,4.72,0,-3.57
21424,119,Urbano,52.2,174,240,80,M,47.9,5.41,0,-3.6
21408,119,Urbano,52.2,174,240,59,M,38.2,5.09,1,-0.71
21383,119,Urbano,52.2,174,240,67,F,41.9,4.3,1,-1.61
21438,119,Urbano,52.2,174,240,56,F,34.7,5.82,1,-4.77
21298,119,Urbano,52.2,174,240,65,M,57.2,4.98,1,-2.87
21285,119,Urbano,52.2,174,240,58,F,41.2,5.98,1,-1.57
21376,119,Urbano,52.2,174,240,62,M,55.9,4.95,1,-3.53
21330,119,Urbano,52.2,174,240,72,M,49.7,4.2,0,-1.68
21452,119,Urbano,52.2,174,240,55,M,48.4,7.49,1,-2.89
21287,119,Urbano,52.2,174,240,56,M,54.2,5.38,1,-0.39
21303,119,Urbano,52.2,174,240,73,M,43.2,4.16,1,-1.94
21325,119,Urbano,52.2,174,240,74,M,33.6,5.44,1,-4.47
21417,119,Urbano,52.2,174,240,75,M,51.8,5.7,0,-2.71
21348,119,Urbano,52.2,174,240,84,F,39.7,4.54,1,-2.46
21368,119,Urbano,52.2,174,240,66,M,54.8,6.68,1,-1.69
21402,119,Urbano,52.2,174,240,72,M,29.2,3.18,0,-3.72
21290,119,Urbano,52.2,174,240,68,M,57.6,5.4,1,-1.24
21434,119,Urbano,52.2,174,240,70,M,57.6,5.44,1,-4.31
21430,119,Urbano,52.2,174,240,51,M,58.2,6.8,1,-1.34
21390,119,Urbano,52.2,174,240,71,F,50,5.75,1,-0.92
21324,119,Urbano,52.2,174,240,43,M,44.6,3.79,1,-2.12
21291,119,Urbano,52.2,174,240,69,F,54.5,5.43,1,-2.6
21367,119,Urbano,52.2,174,240,74,M,34.6,3.91,1,-2.63
29736,165,Urbano,59.1,197,240,70,M,48.5,5.8,0,-4.86
29716,165,Urbano,59.1,197,240,70,F,55.2,6.15,0,-2.86
29765,165,Urbano,59.1,197,240,51,M,32.8,4.42,0,-1.38
29768,165,Urbano,59.1,197,240,68,F,52.7,4.61,0,-4.12
29743,165,Urbano,59.1,197,240,61,F,54.5,5.78,1,-1.95
29699,165,Urbano,59.1,197,240,64,F,43.8,4.57,1,-0.72
29759,165,Urbano,59.1,197,240,67,M,67.4,6.57,0,-2.47
29629,165,Urbano,59.1,197,240,57,M,57.5,4.94,1,0.06
29752,165,Urbano,59.1,197,240,53,F,54.4,3.38,0,-0.3
29649,165,Urbano,59.1,197,240,74,M,51.9,3.06,0,-0.34
29683,165,Urbano,59.1,197,240,60,F,61,4.41,1,-1.21
29620,165,Urbano,59.1,197,240,66,F,57.2,4.4,1,-0.83
29763,165,Urbano,59.1,197,240,73,M,50.3,3.58,0,-0.83
29654,165,Urbano,59.1,197,240,63,F,39.8,5.07,1,-1.28
29578,165,Urbano,59.1,197,240,68,F,56.7,4.12,1,-2.97
29645,165,Urbano,59.1,197,240,64,F,54,5.46,1,-2.36
29639,165,Urbano,59.1,197,240,56,F,38.5,6.8,1,-2.1
29599,165,Urbano,59.1,197,240,82,M,38.7,3.49,0,-3.33
29685,165,Urbano,59.1,197,240,63,M,44.9,6.1,0,-2.48
29719,165,Urbano,59.1,197,240,53,M,46.3,3.77,1,-0.7
29593,165,Urbano,59.1,197,240,70,F,56.9,5.24,0,-2.9
29756,165,Urbano,59.1,197,240,44,M,63.6,4.25,1,-2.75
29668,165,Urbano,59.1,197,240,69,F,40.6,5.16,1,-2.15
29642,165,Urbano,59.1,197,240,53,M,51.5,3.58,1,-1.22
29663,165,Urbano,59.1,197,240,70,M,35.2,4.2,0,-4.1
29682,165,Urbano,59.1,197,240,81,F,29,6.93,0,-6.41
29628,165,Urbano,59.1,197,240,62,F,63.7,5.61,1,-1.69
29713,165,Urbano,59.1,197,240,55,M,52.8,6.18,1,0.01
29750,165,Urbano,59.1,197,240,72,F,43.8,3.42,0,-2.77
29590,165,Urbano,59.1,197,240,69,M,38.6,5.43,0,-4.27
29746,165,Urbano,59.1,197,240,56,M,62,5.61,1,-0.24
29665,165,Urbano,59.1,197,240,59,M,64.4,5.07,1,-2.6
29691,165,Urbano,59.1,197,240,60,M,68,4.49,0,-0.95
29748,165,Urbano,59.1,197,240,51,F,60.9,5.49,1,-1.36
29740,165,Urbano,59.1,197,240,68,F,52,3.27,0,-3.69
29687,165,Urbano,59.1,197,240,51,M,63.9,4.91,1,-1.32
29647,165,Urbano,59.1,197,240,53,M,58,4.35,1,-3.43
29602,165,Urbano,59.1,197,240,70,M,24.9,3.88,0,-3.78
29610,165,Urbano,59.1,197,240,55,M,56.7,5.09,1,-1.87
29728,165,Urbano,59.1,197,240,55,F,58,3.33,1,-1.29
29802,166,Urbano,50.1,167,240,89,M,47.8,5.46,0,-2.5
29888,166,Urbano,50.1,167,240,68,F,42.8,5.09,0,-3.03
29786,166,Urbano,50.1,167,240,70,M,48.1,7.48,1,-4.31
29805,166,Urbano,50.1,167,240,64,M,56.4,2.56,0,-2.45
29844,166,Urbano,50.1,167,240,66,M,48.3,5.84,1,-3.16
29848,166,Urbano,50.1,167,240,75,M,32.4,3.43,0,-2.79
29918,166,Urbano,50.1,167,240,65,F,57.9,5.58,1,-2.12
29932,166,Urbano,50.1,167,240,56,M,55.3,5.38,1,-1.99
29811,166,Urbano,50.1,167,240,67,F,49.2,4.94,1,-1.46
29852,166,Urbano,50.1,167,240,77,F,54.5,4.87,1,-3.63
29823,166,Urbano,50.1,167,240,83,M,29.4,6.97,0,-2.94
29833,166,Urbano,50.1,167,240,55,F,55.5,4,0,-1.09
29851,166,Urbano,50.1,167,240,70,M,67.2,5.83,0,-2.3
29936,166,Urbano,50.1,167,240,54,M,65.6,4.08,0,-1.97
29874,166,Urbano,50.1,167,240,80,M,58.6,5.76,0,-4.42
29815,166,Urbano,50.1,167,240,75,M,63.4,3.23,0,-4.47
29849,166,Urbano,50.1,167,240,65,M,57.8,5.88,1,-4.61
29883,166,Urbano,50.1,167,240,73,F,46.1,4.91,0,-4.15
29857,166,Urbano,50.1,167,240,69,F,55.1,4.34,0,-1.54
29868,166,Urbano,50.1,167,240,81,M,53.2,6.93,1,-1.9
29881,166,Urbano,50.1,167,240,62,M,68.7,7.57,1,-3.37
29873,166,Urbano,50.1,167,240,75,F,48.9,4.19,0,-2.1
29865,166,Urbano,50.1,167,240,64,M,66.5,5.22,0,-3.71
29933,166,Urbano,50.1,167,240,80,F,36.7,5.44,0,-3.6
29777,166,Urbano,50.1,167,240,64,M,64.4,3.66,0,-1.92
29911,166,Urbano,50.1,167,240,54,M,48.3,4.72,0,-2.3
29931,166,Urbano,50.1,167,240,72,F,38.8,5.46,1,-3.98
29846,166,Urbano,50.1,167,240,65,F,48.7,4.46,1,-2.92
29778,166,Urbano,50.1,167,240,63,M,59.8,4.51,0,-2.37
29861,166,Urbano,50.1,167,240,80,M,43.2,4.15,0,-3.41
29934,166,Urbano,50.1,167,240,65,F,54.7,3.89,1,-1.82
29827,166,Urbano,50.1,167,240,64,F,50.8,1.22,0,-2
29905,166,Urbano,50.1,167,240,51,M,58.9,5.46,0,-1.07
29924,166,Urbano,50.1,167,240,81,F,40.2,4.83,0,-3.87
29907,166,Urbano,50.1,167,240,70,M,29,5.47,0,-2.51
29915,166,Urbano,50.1,167,240,70,M,52.4,4.16,1,-4.65
29895,166,Urbano,50.1,167,240,84,M,38.9,5.13,0,-4.01
29830,166,Urbano,50.1,167,240,73,F,32.1,3.26,0,-1.84
29817,166,Urbano,50.1,167,240,67,F,42,5.23,0,-3.93
29902,166,Urbano,50.1,167,240,70,F,47.5,4.17,0,-2.29
32318,180,Urbano,52.50000000000001,175,240,65,M,67,4.91,0,-2.44
32304,180,Urbano,52.50000000000001,175,240,73,M,39.5,5.05,0,-2.29
32274,180,Urbano,52.50000000000001,175,240,60,M,59.7,5.86,1,0.1
32334,180,Urbano,52.50000000000001,175,240,49,M,49.3,5.5,1,-2.8
32411,180,Urbano,52.50000000000001,175,240,65,F,50.8,5.45,1,-2.93
32426,180,Urbano,52.50000000000001,175,240,46,M,46,5.14,0,-1.78
32356,180,Urbano,52.50000000000001,175,240,71,M,35,5.19,1,0.36
32272,180,Urbano,52.50000000000001,175,240,58,F,47.6,6.37,1,-0.46
32416,180,Urbano,52.50000000000001,175,240,75,M,59.3,4.49,0,-3.13
32324,180,Urbano,52.50000000000001,175,240,63,M,55.8,4.11,0,-0.9
32317,180,Urbano,52.50000000000001,175,240,68,F,56.7,4.89,1,-2.3
32382,180,Urbano,52.50000000000001,175,240,77,F,42.2,4.45,1,-3.43
32385,180,Urbano,52.50000000000001,175,240,59,F,59.7,4.57,0,-1.64
32439,180,Urbano,52.50000000000001,175,240,90,M,40.8,4.16,0,-1.7
32431,180,Urbano,52.50000000000001,175,240,59,F,51,5.54,1,-2.6
32331,180,Urbano,52.50000000000001,175,240,71,M,58.8,5.27,0,-3.9
32297,180,Urbano,52.50000000000001,175,240,70,F,40,6.35,0,-4.57
32410,180,Urbano,52.50000000000001,175,240,58,M,47.9,4.27,0,-1.57
32332,180,Urbano,52.50000000000001,175,240,66,F,42.1,5.12,0,-4.4
32276,180,Urbano,52.50000000000001,175,240,86,M,39.4,3.94,0,-1.83
32359,180,Urbano,52.50000000000001,175,240,66,F,57.8,5.88,1,-3.34
32433,180,Urbano,52.50000000000001,175,240,56,M,53.8,4.49,0,-1.47
32306,180,Urbano,52.50000000000001,175,240,72,M,50.1,5.42,1,-3.07
32418,180,Urbano,52.50000000000001,175,240,68,M,42.7,5.49,1,-2.52
32388,180,Urbano,52.50000000000001,175,240,75,F,42.8,2.74,0,-3.55
32436,180,Urbano,52.50000000000001,175,240,61,F,42.6,4.34,0,-3.62
32437,180,Urbano,52.50000000000001,175,240,74,F,61.8,3.23,0,-1.9
32328,180,Urbano,52.50000000000001,175,240,64,M,61,5.6,1,-2.51
32353,180,Urbano,52.50000000000001,175,240,68,M,43.3,3.71,1,-2.73
32398,180,Urbano,52.50000000000001,175,240,69,F,61.5,4.91,1,-1.73
32425,180,Urbano,52.50000000000001,175,240,55,M,38.1,4.07,1,-3.88
32438,180,Urbano,52.50000000000001,175,240,57,F,56.7,4.58,1,-1.06
32376,180,Urbano,52.50000000000001,175,240,52,F,52.1,2.84,0,-2.6
32281,180,Urbano,52.50000000000001,175,240,81,M,38.2,4.94,0,-3.15
32314,180,Urbano,52.50000000000001,175,240,47,M,58.3,4.48,1,-1.95
32348,180,Urbano,52.50000000000001,175,240,60,M,56,5.93,0,-2.98
32346,180,Urbano,52.50000000000001,175,240,84,M,41.9,6.95,0,-4.36
32271,180,Urbano,52.50000000000001,175,240,69,M,43.3,4.07,1,-0.52
32303,180,Urbano,52.50000000000001,175,240,77,M,25.7,5.52,1,-3.73
32302,180,Urbano,52.50000000000001,175,240,65,M,39.4,3.59,0,-2.29
34620,193,Urbano,51.300000000000004,171,240,60,F,49.8,4.47,0,-1.71
34666,193,Urbano,51.300000000000004,171,240,69,F,50.9,5.55,0,-4.4
34777,193,Urbano,51.300000000000004,171,240,66,F,60.1,5.57,1,-1.92
34698,193,Urbano,51.300000000000004,171,240,71,M,43.8,4.47,1,-3.31
34756,193,Urbano,51.300000000000004,171,240,57,M,50.7,4.67,0,-2.99
34774,193,Urbano,51.300000000000004,171,240,61,M,56.7,4.71,1,-1.88
34623,193,Urbano,51.300000000000004,171,240,59,M,46.5,5.48,1,-2.29
34769,193,Urbano,51.300000000000004,171,240,55,F,51.1,5.32,0,-3.12
34726,193,Urbano,51.300000000000004,171,240,56,M,52.4,5.72,1,-3.4
34686,193,Urbano,51.300000000000004,171,240,66,M,54,4.45,0,-2.02
34738,193,Urbano,51.300000000000004,171,240,74,M,50.9,6.71,0,-2.36
34664,193,Urbano,51.300000000000004,171,240,67,M,50.2,5.46,0,-2.01
34733,193,Urbano,51.300000000000004,171,240,47,F,59,5.02,1,-0.67
34657,193,Urbano,51.300000000000004,171,240,64,F,65.9,5.22,0,-3.13
34684,193,Urbano,51.300000000000004,171,240,67,F,53.1,3.48,0,-1.82
34719,193,Urbano,51.300000000000004,171,240,63,M,55.6,5.45,0,-1.29
34618,193,Urbano,51.300000000000004,171,240,55,F,53.9,5.25,1,-1.7
34668,193,Urbano,51.300000000000004,171,240,80,M,45,5.03,0,-3.26
34768,193,Urbano,51.300000000000004,171,240,56,M,42.5,5.32,1,-0.62
34628,193,Urbano,51.300000000000004,171,240,77,M,36,5.13,0,-1.15
34783,193,Urbano,51.300000000000004,171,240,63,F,57.9,6,0,-3.75
34632,193,Urbano,51.300000000000004,171,240,73,M,54.1,4.72,1,-1.49
34720,193,Urbano,51.300000000000004,171,240,70,F,38.6,5.91,0,-4.25
34645,193,Urbano,51.300000000000004,171,240,46,F,51.3,5.23,1,1.43
34621,193,Urbano,51.300000000000004,171,240,54,F,50.5,6.87,1,-1.59
34671,193,Urbano,51.300000000000004,171,240,59,M,56,5.18,0,-2.43
34767,193,Urbano,51.300000000000004,171,240,71,F,44.2,3.22,1,-0.98
34736,193,Urbano,51.300000000000004,171,240,64,F,47.1,4.43,1,-1.15
34624,193,Urbano,51.300000000000004,171,240,72,F,42.6,4.15,0,-2.39
34722,193,Urbano,51.300000000000004,171,240,62,F,74.5,4.8,1,-1.11
34704,193,Urbano,51.300000000000004,171,240,58,M,45.3,4.86,1,-1.21
34779,193,Urbano,51.300000000000004,171,240,75,M,44.5,4.5,0,-3.26
34703,193,Urbano,51.300000000000004,171,240,67,M,34.5,5.21,0,-2.54
34754,193,Urbano,51.300000000000004,171,240,49,M,43.5,4.57,1,-1.52
34695,193,Urbano,51.300000000000004,171,240,62,M,54.4,4.42,0,-4.8
34773,193,Urbano,51.300000000000004,171,240,75,M,67.1,5,1,-2.3
34763,193,Urbano,51.300000000000004,171,240,76,F,46.8,4.82,0,-4.2
34627,193,Urbano,51.300000000000004,171,240,72,M,38.8,3.72,1,-4.5
34696,193,Urbano,51.300000000000004,171,240,63,M,48.6,4.66,1,0.19
34727,193,Urbano,51.300000000000004,171,240,51,M,50.9,5.91,1,0.04
34928,194,Urbano,56.10000000000001,187,240,63,M,67.9,5.15,1,0.38
34817,194,Urbano,56.10000000000001,187,240,78,M,44.1,4.97,0,-3.17
34962,194,Urbano,56.10000000000001,187,240,57,M,66.1,4.3,1,-1.17
34796,194,Urbano,56.10000000000001,187,240,56,F,75,3.76,0,-0.42
34944,194,Urbano,56.10000000000001,187,240,84,F,56.7,5.54,1,-2.24
34903,194,Urbano,56.10000000000001,187,240,74,F,52.8,6.78,0,-4.22
34830,194,Urbano,56.10000000000001,187,240,89,M,61,6.48,1,-2.69
34883,194,Urbano,56.10000000000001,187,240,50,F,33.6,3.03,0,-2.26
34881,194,Urbano,56.10000000000001,187,240,60,F,62.2,4.8,1,-2.39
34922,194,Urbano,56.10000000000001,187,240,67,F,50.9,4.88,0,-2.14
34884,194,Urbano,56.10000000000001,187,240,70,F,32.6,6.62,1,-0.36
34854,194,Urbano,56.10000000000001,187,240,77,F,51.9,4.61,0,-0.96
34848,194,Urbano,56.10000000000001,187,240,59,M,64.5,5.99,1,-1.25
34868,194,Urbano,56.10000000000001,187,240,50,F,49,5.6,1,-1.2
34939,194,Urbano,56.10000000000001,187,240,67,M,48.7,5.56,1,-2.52
34918,194,Urbano,56.10000000000001,187,240,66,M,33.4,6.04,0,-2.42
34934,194,Urbano,56.10000000000001,187,240,79,M,36.2,4.52,1,-3.13
34791,194,Urbano,56.10000000000001,187,240,72,F,37.3,5.15,0,-2.57
34905,194,Urbano,56.10000000000001,187,240,79,M,36.6,5.35,0,-3.98
34846,194,Urbano,56.10000000000001,187,240,66,M,49.6,5.44,0,-1.59
34843,194,Urbano,56.10000000000001,187,240,75,F,56.7,5.02,0,-0.1
34897,194,Urbano,56.10000000000001,187,240,78,F,35.7,3.84,1,-1.1
34787,194,Urbano,56.10000000000001,187,240,64,M,55.2,5.62,0,-3.24
34963,194,Urbano,56.10000000000001,187,240,64,M,48.7,7.12,1,-3.53
34834,194,Urbano,56.10000000000001,187,240,55,F,35.1,3.68,1,-3.95
34973,194,Urbano,56.10000000000001,187,240,72,F,36.7,4.94,1,-0.73
34936,194,Urbano,56.10000000000001,187,240,47,M,71.8,3.32,1,1.01
34795,194,Urbano,56.10000000000001,187,240,71,F,32.1,2.94,0,-3.3
34943,194,Urbano,56.10000000000001,187,240,59,F,49,3.75,1,-1.01
34947,194,Urbano,56.10000000000001,187,240,63,M,42.9,4.03,0,0.62
34960,194,Urbano,56.10000000000001,187,240,46,M,67.8,6.28,1,-1.94
34827,194,Urbano,56.10000000000001,187,240,70,M,24.9,5.97,0,-3.82
34911,194,Urbano,56.10000000000001,187,240,73,M,47.6,3.82,0,-2.88
34808,194,Urbano,56.10000000000001,187,240,73,M,39,5.75,0,-2.7
34828,194,Urbano,56.10000000000001,187,240,74,F,31.6,5.17,0,-3.57
34950,194,Urbano,56.10000000000001,187,240,70,M,42.7,4.71,0,-2.09
34955,194,Urbano,56.10000000000001,187,240,59,M,62.8,4.29,0,-1.24
34869,194,Urbano,56.10000000000001,187,240,63,F,43.7,5.1,1,-3.4
34876,194,Urbano,56.10000000000001,187,240,72,M,52.1,5.37,0,-1.87
34954,194,Urbano,56.10000000000001,187,240,64,M,35,5,1,-2.58
35269,196,Urbano,50.400000000000006,168,240,68,F,42.3,6.34,1,-1.12
35246,196,Urbano,50.400000000000006,168,240,57,F,42.6,5.34,0,-0.99
35252,196,Urbano,50.400000000000006,168,240,58,F,41,4.98,1,-0.58
35200,196,Urbano,50.400000000000006,168,240,83,F,54.1,2.4,0,-2.64
35313,196,Urbano,50.400000000000006,168,240,64,M,38.6,3.62,0,-0.57
35214,196,Urbano,50.400000000000006,168,240,70,F,36.8,7.46,1,-2.01
35248,196,Urbano,50.400000000000006,168,240,68,M,55.4,4.83,1,-0.51
35315,196,Urbano,50.400000000000006,168,240,66,M,46.3,4.37,0,-1.26
35211,196,Urbano,50.400000000000006,168,240,49,M,43.5,3.49,0,-1.92
35255,196,Urbano,50.400000000000006,168,240,53,M,68.8,6.34,1,0.98
35164,196,Urbano,50.400000000000006,168,240,73,F,45.4,5.71,1,-1.06
35172,196,Urbano,50.400000000000006,168,240,69,F,59.8,6.24,1,1.69
35312,196,Urbano,50.400000000000006,168,240,73,M,43.3,6.26,1,0.91
35236,196,Urbano,50.400000000000006,168,240,83,F,40.4,4.47,0,-3.01
35162,196,Urbano,50.400000000000006,168,240,67,M,39.3,4.75,1,-0.97
35243,196,Urbano,50.400000000000006,168,240,55,F,55,5.86,1,-0.02
35288,196,Urbano,50.400000000000006,168,240,64,M,40.2,5.65,1,-0.03
35244,196,Urbano,50.400000000000006,168,240,52,F,72.9,4.78,1,-0.51
35230,196,Urbano,50.400000000000006,168,240,66,M,48.8,6.28,0,-1.69
35182,196,Urbano,50.400000000000006,168,240,67,F,50,6.05,1,-0.18
35212,196,Urbano,50.400000000000006,168,240,65,M,46.2,5.99,1,-0.2
35174,196,Urbano,50.400000000000006,168,240,75,F,32.8,4.68,1,-3.29
35185,196,Urbano,50.400000000000006,168,240,64,F,34,5.18,0,-1.02
35231,196,Urbano,50.400000000000006,168,240,71,F,37.4,7.35,1,-1.39
35155,196,Urbano,50.400000000000006,168,240,67,F,31.3,5.95,0,-1.64
35266,196,Urbano,50.400000000000006,168,240,75,M,57.5,5.01,1,-2.33
35290,196,Urbano,50.400000000000006,168,240,63,M,40.6,4,0,-1.08
35194,196,Urbano,50.400000000000006,168,240,49,M,75,4.95,1,0.39
35307,196,Urbano,50.400000000000006,168,240,58,M,38.4,6.62,1,-1.15
35291,196,Urbano,50.400000000000006,168,240,66,M,48.1,4.97,1,-1.43
35184,196,Urbano,50.400000000000006,168,240,77,M,37.8,3.89,1,-2.61
35284,196,Urbano,50.400000000000006,168,240,53,M,57.8,4.96,1,-1.09
35270,196,Urbano,50.400000000000006,168,240,76,F,55.6,4.8,0,-0.67
35285,196,Urbano,50.400000000000006,168,240,75,M,73.1,4.2,1,-0.51
35294,196,Urbano,50.400000000000006,168,240,66,M,43.7,6.79,1,-3.39
35213,196,Urbano,50.400000000000006,168,240,68,M,63.4,5.14,1,-0.03
35304,196,Urbano,50.400000000000006,168,240,67,F,32.3,4.75,0,-2.81
35258,196,Urbano,50.400000000000006,168,240,78,M,58.2,3.56,0,-2.72
35156,196,Urbano,50.400000000000006,168,240,63,F,53.2,6.49,1,-0.26
35178,196,Urbano,50.400000000000006,168,240,60,F,41.5,6.19,1,0.65
36876,205,Urbano,47.1,157,240,76,F,44,6.15,0,-3.41
36793,205,Urbano,47.1,157,240,73,M,50.6,5.15,0,-1.7
36871,205,Urbano,47.1,157,240,54,F,45.9,3.84,0,-4.16
36821,205,Urbano,47.1,157,240,65,M,51.1,6.13,1,-0.87
36864,205,Urbano,47.1,157,240,47,F,35.1,6.17,0,-4.73
36898,205,Urbano,47.1,157,240,56,M,56.6,4.54,1,-0.36
36802,205,Urbano,47.1,157,240,59,M,55.4,2.96,0,-1.18
36841,205,Urbano,47.1,157,240,67,F,50.7,5.37,0,-3.49
36882,205,Urbano,47.1,157,240,64,F,56.1,6.66,0,-3.91
36890,205,Urbano,47.1,157,240,51,F,62.5,5.31,1,0.03
36848,205,Urbano,47.1,157,240,60,M,50.3,4.84,1,-1.65
36859,205,Urbano,47.1,157,240,54,M,54.9,4.09,0,0.23
36908,205,Urbano,47.1,157,240,58,F,36.1,5.13,1,-3.8
36783,205,Urbano,47.1,157,240,80,F,60.8,4.63,0,-3.44
36889,205,Urbano,47.1,157,240,60,F,41.3,4.14,0,-2.68
36786,205,Urbano,47.1,157,240,67,M,40.8,7.38,0,-4.3
36828,205,Urbano,47.1,157,240,40,F,64,5.3,1,1.83
36852,205,Urbano,47.1,157,240,69,M,61.6,5.39,0,-4.53
36798,205,Urbano,47.1,157,240,68,M,34.2,7.11,0,-3.57
36873,205,Urbano,47.1,157,240,65,F,59.4,5.78,1,-1.2
36782,205,Urbano,47.1,157,240,63,F,32.4,3.77,1,-1.18
36820,205,Urbano,47.1,157,240,64,M,57.3,4.29,0,-3.55
36869,205,Urbano,47.1,157,240,77,F,37.3,6.38,0,-4.83
36866,205,Urbano,47.1,157,240,56,F,64.4,4.27,0,-2.23
36797,205,Urbano,47.1,157,240,73,M,44.8,3.06,1,-1.76
36775,205,Urbano,47.1,157,240,59,M,41,4.18,0,-2.1
36888,205,Urbano,47.1,157,240,48,M,66.2,4.09,1,-0.38
36805,205,Urbano,47.1,157,240,60,F,61.2,4.58,0,-1.74
36850,205,Urbano,47.1,157,240,52,F,63.1,5.75,1,-1.65
36867,205,Urbano,47.1,157,240,57,M,46.7,6.26,0,-5.2
36872,205,Urbano,47.1,157,240,70,F,56.1,6.57,1,-1.62
36789,205,Urbano,47.1,157,240,51,F,54.4,4.44,1,-1.45
36861,205,Urbano,47.1,157,240,61,F,61.3,4.42,1,-2.24
36770,205,Urbano,47.1,157,240,46,F,36.6,5,1,0.22
36836,205,Urbano,47.1,157,240,60,F,47.4,7.67,0,-4.47
36880,205,Urbano,47.1,157,240,49,F,58.4,4.56,1,-0.46
36901,205,Urbano,47.1,157,240,63,F,46.6,3.81,0,-1.75
36834,205,Urbano,47.1,157,240,54,F,69.2,3.16,0,-1.19
36853,205,Urbano,47.1,157,240,62,F,39.3,4.84,0,-2.11
36909,205,Urbano,47.1,157,240,66,F,46.5,4.16,0,-2.09
39475,219,Urbano,54.300000000000004,181,240,55,F,55.8,6.62,1,-0.36
39407,219,Urbano,54.300000000000004,181,240,76,M,36.4,6.13,1,-1.21
39379,219,Urbano,54.300000000000004,181,240,54,M,49.7,5.28,1,0.43
39447,219,Urbano,54.300000000000004,181,240,53,M,26.7,6.45,0,-3.46
39464,219,Urbano,54.300000000000004,181,240,72,M,56.3,3.42,1,-0.87
39313,219,Urbano,54.300000000000004,181,240,55,M,58.5,4.88,0,-1.54
39415,219,Urbano,54.300000000000004,181,240,55,M,40.2,5.95,1,-1.89
39348,219,Urbano,54.300000000000004,181,240,65,M,64.1,5.73,0,-2
39365,219,Urbano,54.300000000000004,181,240,68,F,47,6.4,0,-2.87
39347,219,Urbano,54.300000000000004,181,240,70,F,51.9,6.75,0,-2.21
39452,219,Urbano,54.300000000000004,181,240,43,F,67.8,5.61,1,-0.88
39394,219,Urbano,54.300000000000004,181,240,60,M,56.6,3.91,1,-0.2
39427,219,Urbano,54.300000000000004,181,240,68,M,35.8,5.98,0,-3.85
39395,219,Urbano,54.300000000000004,181,240,69,F,35,3.69,0,-0.84
39435,219,Urbano,54.300000000000004,181,240,56,M,63,5.65,1,-1.79
39350,219,Urbano,54.300000000000004,181,240,60,F,50.8,5.22,0,-1.21
39422,219,Urbano,54.300000000000004,181,240,49,M,62.2,4.81,0,-0.63
39327,219,Urbano,54.300000000000004,181,240,66,F,50,5.6,0,-0.57
39468,219,Urbano,54.300000000000004,181,240,62,F,57.9,5.04,0,-1.9
39455,219,Urbano,54.300000000000004,181,240,54,M,43.2,4.88,1,0.5
39484,219,Urbano,54.300000000000004,181,240,65,M,52.5,3.94,0,-1.57
39438,219,Urbano,54.300000000000004,181,240,70,M,33.2,5.48,1,-3.26
39463,219,Urbano,54.300000000000004,181,240,51,M,65.3,3.9,0,-2.31
39329,219,Urbano,54.300000000000004,181,240,78,F,36.4,3.59,0,-2.93
39403,219,Urbano,54.300000000000004,181,240,69,M,42.7,6.09,1,-1.07
39354,219,Urbano,54.300000000000004,181,240,66,M,24.5,5.85,0,-1.71
39369,219,Urbano,54.300000000000004,181,240,41,M,68.7,3.57,1,-0.61
39353,219,Urbano,54.300000000000004,181,240,68,F,53.4,4.74,0,-2.07
39485,219,Urbano,54.300000000000004,181,240,87,M,50.4,4.21,0,-1.32
39406,219,Urbano,54.300000000000004,181,240,60,F,32.7,6.23,1,-0.03
39377,219,Urbano,54.300000000000004,181,240,67,F,53.1,5.56,0,-3.9
39321,219,Urbano,54.300000000000004,181,240,56,F,41.1,6.05,0,-1.31
39428,219,Urbano,54.300000000000004,181,240,45,F,38.5,5.01,0,-0.51
39423,219,Urbano,54.300000000000004,181,240,63,F,56.2,5.03,1,0.88
39483,219,Urbano,54.300000000000004,181,240,52,M,49.9,4.01,0,-0.31
39457,219,Urbano,54.300000000000004,181,240,62,F,40.9,6.01,0,-1.66
39477,219,Urbano,54.300000000000004,181,240,53,F,34.6,4.21,0,-1.23
39380,219,Urbano,54.300000000000004,181,240,63,M,43,5.69,1,-1.1
39342,219,Urbano,54.300000000000004,181,240,76,F,35.4,5.12,0,-3.08
39439,219,Urbano,54.300000000000004,181,240,62,F,53.3,3.25,0,-1.07
39629,220,Urbano,55.20000000000001,184,240,71,F,41.9,6.29,1,-1.4
39568,220,Urbano,55.20000000000001,184,240,55,M,49.5,6.32,1,0.51
39532,220,Urbano,55.20000000000001,184,240,58,M,49.2,4.79,1,-0.78
39519,220,Urbano,55.20000000000001,184,240,62,F,59.1,4.14,1,-0.59
39531,220,Urbano,55.20000000000001,184,240,63,F,39.1,3.62,0,0.34
39538,220,Urbano,55.20000000000001,184,240,54,F,55.4,6.19,1,0.92
39662,220,Urbano,55.20000000000001,184,240,62,F,51.5,6.52,0,-3.71
39520,220,Urbano,55.20000000000001,184,240,63,F,57.7,6.62,1,0.21
39622,220,Urbano,55.20000000000001,184,240,64,F,54.5,5.08,0,-1.46
39606,220,Urbano,55.20000000000001,184,240,65,F,43.6,4.14,1,-0.89
39557,220,Urbano,55.20000000000001,184,240,61,F,50.2,5.61,1,0.54
39561,220,Urbano,55.20000000000001,184,240,72,F,47.9,4.34,0,-2.38
39641,220,Urbano,55.20000000000001,184,240,64,M,47.9,6.1,1,-1.21
39604,220,Urbano,55.20000000000001,184,240,57,M,47.9,4.54,0,-1.72
39661,220,Urbano,55.20000000000001,184,240,83,M,45,4.85,0,-4.94
39619,220,Urbano,55.20000000000001,184,240,66,F,40.1,6.82,1,-2.25
39627,220,Urbano,55.20000000000001,184,240,57,M,53.9,5.36,1,-0.53
39593,220,Urbano,55.20000000000001,184,240,64,M,37.6,5.86,0,-1.38
39664,220,Urbano,55.20000000000001,184,240,74,F,34.9,4.56,1,-0.11
39579,220,Urbano,55.20000000000001,184,240,77,M,64.5,5.67,1,-1.71
39624,220,Urbano,55.20000000000001,184,240,61,F,48.5,4.68,1,-1.18
39652,220,Urbano,55.20000000000001,184,240,52,F,53.9,5.68,1,-2.27
39565,220,Urbano,55.20000000000001,184,240,63,M,57.2,4.95,1,-0.76
39546,220,Urbano,55.20000000000001,184,240,62,M,50.5,3.97,0,-2.1
39602,220,Urbano,55.20000000000001,184,240,72,F,44.9,4.85,1,-2.33
39572,220,Urbano,55.20000000000001,184,240,54,F,63,3.86,0,-0.63
39605,220,Urbano,55.20000000000001,184,240,84,F,49.5,5.07,0,-2.1
39601,220,Urbano,55.20000000000001,184,240,73,F,37.3,7.58,0,-4.35
39635,220,Urbano,55.20000000000001,184,240,60,M,44.6,3.08,0,-0.41
39573,220,Urbano,55.20000000000001,184,240,76,M,56.4,5.2,1,-0.59
39648,220,Urbano,55.20000000000001,184,240,67,M,43.2,4.13,0,-0.84
39540,220,Urbano,55.20000000000001,184,240,65,F,54.8,5.36,0,-1.82
39577,220,Urbano,55.20000000000001,184,240,72,F,58.3,5.86,0,-1.94
39521,220,Urbano,55.20000000000001,184,240,76,F,63.7,4.4,0,-1.26
39576,220,Urbano,55.20000000000001,184,240,60,F,55,3.91,0,-2.37
39625,220,Urbano,55.20000000000001,184,240,56,F,43,3.56,0,-1.16
39621,220,Urbano,55.20000000000001,184,240,53,F,56.7,3.85,1,-0.83
39634,220,Urbano,55.20000000000001,184,240,90,F,30.9,4.08,0,-2.41
39490,220,Urbano,55.20000000000001,184,240,66,M,40.5,4.81,1,-2.51
39657,220,Urbano,55.20000000000001,184,240,65,M,55.6,6.31,1,-1.42
43430,241,Rural,12.5,125,160,71,M,53.7,3.73,0,-1.8
43474,241,Rural,12.5,125,160,57,F,39.4,7.41,1,-1.41
43441,241,Rural,12.5,125,160,63,M,56,4.71,0,-4.11
43411,241,Rural,12.5,125,160,57,M,60,7.92,1,0.05
43448,241,Rural,12.5,125,160,80,F,38.3,7.4,0,-5.33
43446,241,Rural,12.5,125,160,70,M,45.2,6.33,1,1.17
43392,241,Rural,12.5,125,160,59,F,45,5.3,1,-1.67
43473,241,Rural,12.5,125,160,59,F,35.2,5.63,0,-2.65
43445,241,Rural,12.5,125,160,42,F,57.1,4.94,1,-0.55
43456,241,Rural,12.5,125,160,57,F,52.9,3.46,0,-1.9
43477,241,Rural,12.5,125,160,79,F,43.6,5.45,0,-3.81
43385,241,Rural,12.5,125,160,77,M,47.4,7.54,1,0.36
43373,241,Rural,12.5,125,160,62,F,40.9,4.5,0,-0.73
43384,241,Rural,12.5,125,160,62,F,61.7,5.06,0,-1.01
43435,241,Rural,12.5,125,160,75,F,52.9,4.92,0,-4.07
43479,241,Rural,12.5,125,160,43,F,59.6,5.35,1,1.83
43390,241,Rural,12.5,125,160,62,F,58.8,4.88,1,-1.61
43388,241,Rural,12.5,125,160,66,M,56.3,5.36,1,0.86
43412,241,Rural,12.5,125,160,75,F,42.8,4.57,0,-3.76
43425,241,Rural,12.5,125,160,58,F,72.2,4.32,1,-0.05
43374,241,Rural,12.5,125,160,55,M,40.6,6.17,0,-3.01
43434,241,Rural,12.5,125,160,64,M,63.2,5.51,1,1.84
43360,241,Rural,12.5,125,160,59,M,44.4,6.72,1,-0.08
43465,241,Rural,12.5,125,160,65,F,43.7,6.74,1,-0.53
43364,241,Rural,12.5,125,160,62,F,52.9,4.59,1,-0.32
43410,241,Rural,12.5,125,160,69,F,59.5,5.71,1,-0.41
43462,241,Rural,12.5,125,160,76,F,39.6,5.75,1,-2
43378,241,Rural,12.5,125,160,66,F,46.1,4.97,0,-1.75
43427,241,Rural,12.5,125,160,82,F,55,4.22,0,-1.13
43440,241,Rural,12.5,125,160,64,F,44.7,4.99,0,-1.9
43417,241,Rural,12.5,125,160,70,M,50.9,6.33,1,-2.01
43431,241,Rural,12.5,125,160,60,M,61.4,5.29,0,-3.22
43424,241,Rural,12.5,125,160,67,M,45.6,5.82,1,0.56
43469,241,Rural,12.5,125,160,51,M,56.6,4.85,1,0.69
43475,241,Rural,12.5,125,160,65,F,41.8,7.45,1,-0.05
43397,241,Rural,12.5,125,160,63,M,49.8,5.02,0,-2.31
43367,241,Rural,12.5,125,160,77,M,43.5,4.38,0,-4.3
43406,241,Rural,12.5,125,160,65,F,65.4,4.84,0,-2.53
43370,241,Rural,12.5,125,160,73,F,38.4,5.12,1,-1.42
43359,241,Rural,12.5,125,160,76,M,39.9,4.65,1,-0.48
44164,247,Rural,10.8,108,160,70,F,46,3.3,0,-2.86
44103,247,Rural,10.8,108,160,54,M,51.4,5.6,0,-1.77
44156,247,Rural,10.8,108,160,74,F,34.1,5.86,0,-3.99
44098,247,Rural,10.8,108,160,78,M,45,4.4,0,-3.95
44159,247,Rural,10.8,108,160,68,M,47,5.12,0,-1.57
44078,247,Rural,10.8,108,160,59,F,41.6,5.33,0,-2.75
44082,247,Rural,10.8,108,160,73,M,41.6,5.57,0,-4.26
44108,247,Rural,10.8,108,160,57,M,32.3,5.09,1,-2.48
44094,247,Rural,10.8,108,160,60,F,66.7,4.19,0,-2.75
44088,247,Rural,10.8,108,160,74,F,37.1,5.84,0,-4.83
44089,247,Rural,10.8,108,160,62,M,50.5,5.68,0,-2.62
44149,247,Rural,10.8,108,160,62,M,60.5,5.09,0,-3.39
44169,247,Rural,10.8,108,160,44,M,54,4.8,1,0.36
44126,247,Rural,10.8,108,160,72,M,58.9,5.46,0,-3.32
44127,247,Rural,10.8,108,160,59,M,66.1,5.5,0,-2.23
44083,247,Rural,10.8,108,160,55,F,56.3,4.07,0,-2.4
44136,247,Rural,10.8,108,160,48,F,63.5,6.37,1,-1.28
44077,247,Rural,10.8,108,160,62,M,54.7,4.99,1,-1.02
44117,247,Rural,10.8,108,160,79,F,40.5,7.18,0,-3.23
44118,247,Rural,10.8,108,160,63,F,60.3,5.21,0,-2.18
44123,247,Rural,10.8,108,160,58,F,50.7,6.03,0,-3.5
44141,247,Rural,10.8,108,160,53,M,70.7,6.38,0,-2.77
44151,247,Rural,10.8,108,160,61,M,46.2,5.35,0,-4.66
44140,247,Rural,10.8,108,160,59,F,64,4.9,0,-2.08
44132,247,Rural,10.8,108,160,58,F,62,5.39,0,-2.48
44135,247,Rural,10.8,108,160,73,M,63.5,3.65,0,-3.39
44107,247,Rural,10.8,108,160,76,M,39.1,5.05,0,-3.42
44165,247,Rural,10.8,108,160,78,M,45.3,6.25,0,-4.29
44162,247,Rural,10.8,108,160,71,M,39,4.38,0,-3.79
44110,247,Rural,10.8,108,160,65,F,60.5,5.65,0,-3.39
44173,247,Rural,10.8,108,160,63,M,47.6,4.85,0,-4.14
44175,247,Rural,10.8,108,160,64,M,56.7,5.11,0,-4.94
44178,247,Rural,10.8,108,160,60,M,58.1,8.2,1,-2.96
44143,247,Rural,10.8,108,160,62,M,38.6,5.89,0,-2.22
44112,247,Rural,10.8,108,160,71,F,54.7,6.31,0,-2.55
44104,247,Rural,10.8,108,160,69,F,24.3,4.39,0,-5.18
44075,247,Rural,10.8,108,160,90,F,33.1,6.16,0,-4.17
44153,247,Rural,10.8,108,160,70,M,49.7,6.91,0,-4.06
44100,247,Rural,10.8,108,160,67,M,62.5,3.86,1,-1.76
44111,247,Rural,10.8,108,160,72,F,46,4.98,0,-3.97
44235,248,Rural,10.5,105,160,45,M,48.6,3.7,0,-1.38
44217,248,Rural,10.5,105,160,78,F,36,5.34,0,-0.94
44231,248,Rural,10.5,105,160,66,M,41.6,8.18,1,-2.22
44260,248,Rural,10.5,105,160,58,M,60.1,5.39,1,-3.05
44197,248,Rural,10.5,105,160,59,M,46.4,6.35,0,-2.55
44210,248,Rural,10.5,105,160,68,F,46.5,4.68,1,-0.76
44237,248,Rural,10.5,105,160,59,F,43,3.95,0,-2.37
44246,248,Rural,10.5,105,160,63,M,32.6,4.09,0,-1.39
44221,248,Rural,10.5,105,160,66,F,41,6.49,0,-3.99
44187,248,Rural,10.5,105,160,41,M,64.9,8.26,1,-0.6
44279,248,Rural,10.5,105,160,56,F,53.6,5.99,0,-2.17
44251,248,Rural,10.5,105,160,63,M,43.9,4.89,1,-3.99
44253,248,Rural,10.5,105,160,61,F,47.9,5.78,1,-2.26
44242,248,Rural,10.5,105,160,51,F,58.9,4.29,1,-3.05
44233,248,Rural,10.5,105,160,74,F,34.5,4.96,0,-4.42
44247,248,Rural,10.5,105,160,70,F,56.7,5.89,1,-3.73
44201,248,Rural,10.5,105,160,83,M,25.1,4.34,0,-3.22
44240,248,Rural,10.5,105,160,53,M,44.6,6.73,1,-1.7
44234,248,Rural,10.5,105,160,62,M,41,5.85,0,-3.46
44226,248,Rural,10.5,105,160,50,F,56.9,6.14,1,-0.65
44215,248,Rural,10.5,105,160,90,F,46.4,4.8,0,-3.08
44194,248,Rural,10.5,105,160,73,M,48.2,1.96,0,-1.07
44198,248,Rural,10.5,105,160,62,M,35.4,5.89,0,-4.93
44208,248,Rural,10.5,105,160,67,F,42.1,4.33,0,-1.24
44258,248,Rural,10.5,105,160,65,M,64.1,5.18,1,-1.15
44266,248,Rural,10.5,105,160,68,F,51.9,4.5,0,-2.55
44220,248,Rural,10.5,105,160,67,F,60.6,7.42,1,-1.91
44211,248,Rural,10.5,105,160,55,F,64.9,7.25,1,-1.17
44285,248,Rural,10.5,105,160,73,F,52.3,5.83,0,-2.92
44269,248,Rural,10.5,105,160,72,F,53.7,4.21,0,-4.1
44188,248,Rural,10.5,105,160,63,F,60.8,4.9,0,-3.14
44248,248,Rural,10.5,105,160,60,M,44,5.66,1,-3.22
44236,248,Rural,10.5,105,160,53,F,47.5,4.19,0,-1.88
44196,248,Rural,10.5,105,160,57,F,65.1,4.99,0,-2.73
44191,248,Rural,10.5,105,160,78,M,48.6,5.25,0,-6.2
44238,248,Rural,10.5,105,160,64,M,54.5,3.68,1,-2.26
44256,248,Rural,10.5,105,160,74,M,47.4,4.49,0,-3.04
44190,248,Rural,10.5,105,160,76,F,50.6,4.9,0,-3.02
44223,248,Rural,10.5,105,160,67,M,56.4,5.89,1,-2.71
44282,248,Rural,10.5,105,160,66,F,61.2,5.37,0,-1.73
45314,257,Rural,14,140,160,61,M,41.7,5.12,1,-2.18
45280,257,Rural,14,140,160,58,F,54.8,5.98,1,-2.92
45282,257,Rural,14,140,160,67,M,34.4,6.18,0,-4.3
45364,257,Rural,14,140,160,70,F,49.4,5.83,1,-1.01
45315,257,Rural,14,140,160,57,M,48.2,7.25,1,-2.41
45294,257,Rural,14,140,160,70,F,45.2,6.66,0,-5.16
45354,257,Rural,14,140,160,78,F,44.7,3.61,1,-1.26
45404,257,Rural,14,140,160,64,F,46.7,5.54,1,-2.99
45407,257,Rural,14,140,160,49,F,58.5,3.71,1,-0.97
45380,257,Rural,14,140,160,70,M,40,6.06,0,-3.64
45332,257,Rural,14,140,160,51,F,55.8,5.57,0,-1.75
45278,257,Rural,14,140,160,69,M,40.5,5.96,0,-2.65
45396,257,Rural,14,140,160,68,M,56.7,5.27,0,-2.98
45331,257,Rural,14,140,160,61,M,41.2,6.08,1,0.3
45305,257,Rural,14,140,160,68,F,49.4,4.77,1,-0.05
45371,257,Rural,14,140,160,79,F,45.4,4.45,0,-3.6
45414,257,Rural,14,140,160,79,M,49.7,3.71,0,-3.44
45382,257,Rural,14,140,160,61,F,57.5,4.9,0,-2.01
45368,257,Rural,14,140,160,67,F,46.6,3.85,1,0.01
45391,257,Rural,14,140,160,71,M,54.5,4.36,0,-6.08
45322,257,Rural,14,140,160,53,M,66.1,4.94,1,-1.13
45304,257,Rural,14,140,160,79,M,56,5.89,0,-1.29
45363,257,Rural,14,140,160,62,F,57.5,5.8,0,-3.66
45387,257,Rural,14,140,160,50,M,75,2.85,0,-3.85
45311,257,Rural,14,140,160,60,F,56.3,4.8,0,-2.75
45287,257,Rural,14,140,160,63,M,66.1,5.35,0,-4.25
45295,257,Rural,14,140,160,50,M,45.8,3.81,0,-2.18
45307,257,Rural,14,140,160,52,M,44.7,5.13,1,-0.97
45400,257,Rural,14,140,160,52,F,54.7,4.21,0,-3.08
45358,257,Rural,14,140,160,49,F,44.8,5.44,1,-1.72
45288,257,Rural,14,140,160,74,M,42,3.8,1,-3.11
45385,257,Rural,14,140,160,59,M,40.5,6.34,0,-3.39
45410,257,Rural,14,140,160,77,F,31.2,7.09,0,-4.05
45386,257,Rural,14,140,160,68,F,47.9,6.91,0,-3.87
45374,257,Rural,14,140,160,79,M,48.6,4.26,1,-3.02
45392,257,Rural,14,140,160,49,M,66.5,7.34,1,-1.26
45292,257,Rural,14,140,160,63,M,52.7,5.31,0,-3.44
45377,257,Rural,14,140,160,57,F,61.4,3.46,0,-1.33
45345,257,Rural,14,140,160,53,F,35.9,5,1,-2.09
45308,257,Rural,14,140,160,59,M,45.5,4.28,1,-1.87
45698,260,Rural,11.7,117,160,74,M,43.7,4.24,0,-2.73
45679,260,Rural,11.7,117,160,79,F,39,5.07,1,-0.42
45683,260,Rural,11.7,117,160,61,M,38.2,4.22,0,-1.28
45714,260,Rural,11.7,117,160,63,F,64.8,5.07,0,-1.6
45681,260,Rural,11.7,117,160,63,F,37.4,4.08,0,-3.46
45699,260,Rural,11.7,117,160,66,M,60.6,4.73,0,-2.44
45751,260,Rural,11.7,117,160,73,M,57,4.06,0,-2.38
45721,260,Rural,11.7,117,160,76,M,50.2,7.15,0,-0.64
45765,260,Rural,11.7,117,160,64,F,52.2,4.84,0,-1.63
45768,260,Rural,11.7,117,160,64,M,50.5,7.36,1,-0.51
45754,260,Rural,11.7,117,160,66,F,44.4,5.2,0,-3.02
45727,260,Rural,11.7,117,160,60,M,54.9,6.42,1,-0.06
45694,260,Rural,11.7,117,160,81,F,49.3,6.06,0,-2.98
45773,260,Rural,11.7,117,160,66,M,42.6,6.08,1,-0.38
45706,260,Rural,11.7,117,160,65,F,39.2,4.35,0,-2.86
45772,260,Rural,11.7,117,160,68,M,37.7,5.45,0,-3.5
45759,260,Rural,11.7,117,160,66,M,47.5,6.32,0,-1.76
45776,260,Rural,11.7,117,160,61,F,63.9,5.21,0,-3.2
45762,260,Rural,11.7,117,160,62,F,45,4.98,0,-3.65
45686,260,Rural,11.7,117,160,69,F,44.9,6.21,1,-2.13
45748,260,Rural,11.7,117,160,71,F,56.1,8.38,1,-0.83
45705,260,Rural,11.7,117,160,56,F,51,5.53,0,-3.23
45769,260,Rural,11.7,117,160,67,M,55.4,6.76,1,0.93
45716,260,Rural,11.7,117,160,63,M,33.4,5,0,-2.08
45778,260,Rural,11.7,117,160,54,M,57.9,4.71,1,-0.73
45680,260,Rural,11.7,117,160,57,M,53,4.07,1,0.39
45767,260,Rural,11.7,117,160,76,M,38.6,6.18,0,-3.38
45774,260,Rural,11.7,117,160,46,F,49.5,5.14,1,0.6
45755,260,Rural,11.7,117,160,78,F,33,7.71,0,-6.25
45777,260,Rural,11.7,117,160,74,M,43.2,7.94,0,-4.65
45693,260,Rural,11.7,117,160,68,M,50.9,4.77,0,-1.85
45731,260,Rural,11.7,117,160,77,M,49.6,6.01,1,-1.75
45786,260,Rural,11.7,117,160,66,F,49.1,3.74,1,-0.47
45682,260,Rural,11.7,117,160,62,M,51.4,5.14,1,0.21
45766,260,Rural,11.7,117,160,52,F,52.8,6.63,1,0.41
45723,260,Rural,11.7,117,160,63,M,42.7,8.19,1,-0.2
45709,260,Rural,11.7,117,160,59,F,58.8,5.87,0,-1.75
45763,260,Rural,11.7,117,160,65,M,40.4,4.75,0,-2.18
45720,260,Rural,11.7,117,160,65,F,42.6,5.46,1,-0.3
45724,260,Rural,11.7,117,160,52,M,46.6,4.25,0,-2.98
46247,264,Rural,12.5,125,160,64,F,49.8,6.99,1,-4.88
46215,264,Rural,12.5,125,160,85,F,40.6,6.22,0,-4.48
46183,264,Rural,12.5,125,160,70,F,49.5,5.65,1,-0.88
46227,264,Rural,12.5,125,160,62,M,48.6,4.62,0,-3.08
46269,264,Rural,12.5,125,160,53,M,47.6,2.51,0,-3.47
46244,264,Rural,12.5,125,160,53,F,54.3,6.54,1,-0.35
46253,264,Rural,12.5,125,160,69,F,46.4,5.62,1,-2.55
46169,264,Rural,12.5,125,160,68,F,26.9,6.7,0,-4.79
46232,264,Rural,12.5,125,160,58,F,40.8,5.67,1,-2.85
46207,264,Rural,12.5,125,160,63,F,46,6.96,1,-2.57
46200,264,Rural,12.5,125,160,78,F,28.8,4.84,1,-3.55
46166,264,Rural,12.5,125,160,59,F,63,6.8,1,-1.33
46168,264,Rural,12.5,125,160,66,M,34.6,4.95,1,-2.7
46186,264,Rural,12.5,125,160,64,M,44.2,3.55,1,-0.91
46258,264,Rural,12.5,125,160,61,F,51.7,7.02,1,-1.72
46159,264,Rural,12.5,125,160,70,F,48.3,4.95,1,-2.48
46268,264,Rural,12.5,125,160,60,F,61.4,5.41,0,-4.96
46259,264,Rural,12.5,125,160,62,M,56,4.62,1,-2.56
46204,264,Rural,12.5,125,160,60,M,55.3,4.64,1,-1.13
46206,264,Rural,12.5,125,160,61,F,39.2,5.49,1,-2.15
46191,264,Rural,12.5,125,160,53,F,35,6.73,1,-3.11
46245,264,Rural,12.5,125,160,83,F,42.5,5.79,0,-4.57
46211,264,Rural,12.5,125,160,56,M,68.8,6.56,1,-1.25
46161,264,Rural,12.5,125,160,79,M,60.5,5.78,1,-2.81
46196,264,Rural,12.5,125,160,68,F,47.5,6.05,0,-4.27
46224,264,Rural,12.5,125,160,72,F,59.6,6.03,0,-6.13
46270,264,Rural,12.5,125,160,60,F,59.3,5.43,0,-4.24
46182,264,Rural,12.5,125,160,57,F,42.1,3.47,0,-2.17
46171,264,Rural,12.5,125,160,57,F,54.7,6.13,1,-2.94
46239,264,Rural,12.5,125,160,58,M,57.1,6.73,1,-2.91
46263,264,Rural,12.5,125,160,73,F,57.6,5.09,0,-3.22
46249,264,Rural,12.5,125,160,61,F,62,5.98,1,-2.06
46162,264,Rural,12.5,125,160,67,M,42.5,5.43,1,-3.1
46281,264,Rural,12.5,125,160,62,F,55,5.83,0,-5.07
46222,264,Rural,12.5,125,160,65,M,56.9,3.83,0,-4.08
46188,264,Rural,12.5,125,160,51,M,51.3,5.68,1,-3.04
46158,264,Rural,12.5,125,160,62,F,55.6,5.25,1,-1.85
46231,264,Rural,12.5,125,160,60,F,51.2,5.57,1,-0.81
46228,264,Rural,12.5,125,160,56,M,39.2,3.42,0,-3.07
46278,264,Rural,12.5,125,160,59,F,49.6,6.03,0,-4.22
46890,269,Rural,10.8,108,160,68,M,42.9,5.15,0,-3.38
46806,269,Rural,10.8,108,160,67,M,45.1,5.95,0,-4.62
46846,269,Rural,10.8,108,160,66,M,56.3,5.92,0,-3.94
46809,269,Rural,10.8,108,160,68,M,57.7,6.06,0,-3.61
46869,269,Rural,10.8,108,160,66,M,27.6,3.9,0,-5.25
46819,269,Rural,10.8,108,160,63,F,45.1,6.75,1,-3.46
46839,269,Rural,10.8,108,160,48,F,60.4,3.54,0,-2.3
46808,269,Rural,10.8,108,160,46,F,39.1,4.12,0,-2.01
46860,269,Rural,10.8,108,160,65,F,45.9,3.68,0,-2.77
46831,269,Rural,10.8,108,160,58,M,32.9,5.97,0,-4.98
46865,269,Rural,10.8,108,160,80,F,49.5,5.74,0,-4.82
46828,269,Rural,10.8,108,160,48,M,48.1,4.91,0,-1.14
46852,269,Rural,10.8,108,160,60,M,59.8,5.14,1,-2.53
46873,269,Rural,10.8,108,160,70,F,44.5,5.29,0,-4.77
46835,269,Rural,10.8,108,160,62,F,57.5,5.24,1,-1.98
46830,269,Rural,10.8,108,160,63,M,68.7,4.33,0,-2.47
46898,269,Rural,10.8,108,160,65,M,47,7.85,1,-2.65
46823,269,Rural,10.8,108,160,61,M,50.9,4.79,0,-2.13
46840,269,Rural,10.8,108,160,65,F,36.4,6.47,0,-5.13
46850,269,Rural,10.8,108,160,74,M,46.3,5.55,0,-4.39
46872,269,Rural,10.8,108,160,57,F,60.3,5.76,0,-4.24
46801,269,Rural,10.8,108,160,73,F,57.7,5.9,0,-2.63
46837,269,Rural,10.8,108,160,86,M,46,5.57,0,-3.65
46832,269,Rural,10.8,108,160,76,F,32,4.96,0,-3.4
46794,269,Rural,10.8,108,160,56,F,54.8,5.66,1,-1.67
46868,269,Rural,10.8,108,160,69,M,52.1,5.61,0,-3.83
46827,269,Rural,10.8,108,160,73,F,32.8,5.74,0,-4.62
46863,269,Rural,10.8,108,160,60,F,47.8,4.8,0,-1.98
46876,269,Rural,10.8,108,160,57,F,55,4,0,-3.74
46871,269,Rural,10.8,108,160,76,M,39.8,4.41,0,-3.34
46899,269,Rural,10.8,108,160,73,F,52.4,5.66,0,-3.44
46818,269,Rural,10.8,108,160,57,M,58.2,4.31,0,-4.85
46847,269,Rural,10.8,108,160,87,F,47.1,5.92,0,-2.9
46825,269,Rural,10.8,108,160,73,M,49.9,4.75,0,-5.57
46810,269,Rural,10.8,108,160,46,M,50.6,6.37,0,-3.58
46883,269,Rural,10.8,108,160,61,F,44.6,4.9,0,-5.38
46884,269,Rural,10.8,108,160,60,M,45.4,5.32,0,-6.07
46855,269,Rural,10.8,108,160,64,F,52,5.86,0,-3.67
46843,269,Rural,10.8,108,160,54,F,59.2,7.14,0,-4.35
46793,269,Rural,10.8,108,160,70,M,39.8,3.36,0,-4.61
47587,275,Rural,13.2,132,160,67,M,52,6.04,0,-5.33
47530,275,Rural,13.2,132,160,78,M,61.2,5.6,0,-5.72
47497,275,Rural,13.2,132,160,75,M,34.8,6.32,0,-4.3
47608,275,Rural,13.2,132,160,47,F,51.3,5.7,0,-4.58
47611,275,Rural,13.2,132,160,54,M,46,4.02,0,-4.42
47551,275,Rural,13.2,132,160,66,F,38.9,5.86,0,-4.31
47615,275,Rural,13.2,132,160,65,F,45,4.13,1,-1.28
47523,275,Rural,13.2,132,160,86,M,38.2,4.17,0,-4.59
47543,275,Rural,13.2,132,160,56,F,55.1,6.31,0,-4.23
47531,275,Rural,13.2,132,160,54,M,54.1,5.06,0,-4.19
47518,275,Rural,13.2,132,160,76,M,47.4,5.64,0,-4.36
47511,275,Rural,13.2,132,160,68,F,48.9,5.31,0,-3.6
47618,275,Rural,13.2,132,160,66,F,42.5,7.74,0,-6.15
47592,275,Rural,13.2,132,160,70,M,43.6,2.9,0,-3.2
47506,275,Rural,13.2,132,160,73,M,38.5,4.43,0,-3.78
47574,275,Rural,13.2,132,160,61,M,52.7,6.22,0,-3.11
47584,275,Rural,13.2,132,160,70,F,30,3.87,0,-4.69
47591,275,Rural,13.2,132,160,78,F,45.3,5.41,0,-3.87
47526,275,Rural,13.2,132,160,76,F,34.6,4.01,0,-4.37
47539,275,Rural,13.2,132,160,52,F,58.4,4.37,0,-3.82
47572,275,Rural,13.2,132,160,54,F,42.3,4,0,-3.47
47568,275,Rural,13.2,132,160,63,F,39.4,4.49,0,-4.58
47524,275,Rural,13.2,132,160,66,F,32.4,5.71,0,-5.26
47552,275,Rural,13.2,132,160,67,M,51.4,6.27,1,-2.19
47582,275,Rural,13.2,132,160,58,M,53.1,5.31,1,-2.52
47553,275,Rural,13.2,132,160,59,M,44.9,4.47,0,-2.25
47580,275,Rural,13.2,132,160,62,M,73.2,5.32,1,-1.64
47540,275,Rural,13.2,132,160,50,F,49.2,5.56,0,-3.77
47603,275,Rural,13.2,132,160,69,F,55.8,5.63,1,-2.39
47522,275,Rural,13.2,132,160,58,F,52.5,5.02,0,-5.34
47537,275,Rural,13.2,132,160,59,F,44.8,5.79,0,-3.6
47604,275,Rural,13.2,132,160,70,M,50.6,5.15,0,-4.01
47542,275,Rural,13.2,132,160,49,M,49.5,4.86,0,-3.76
47536,275,Rural,13.2,132,160,60,F,43.6,5.31,1,-0.78
47513,275,Rural,13.2,132,160,66,M,43.6,5.59,1,-1.22
47565,275,Rural,13.2,132,160,47,M,43,7.1,1,-1.47
47597,275,Rural,13.2,132,160,78,F,48.8,4.67,1,-1.79
47544,275,Rural,13.2,132,160,70,F,40.9,6,0,-4.79
47538,275,Rural,13.2,132,160,47,F,39.6,5.93,0,-3.28
47528,275,Rural,13.2,132,160,60,F,36,4.11,0,-2.18
47933,278,Rural,11.6,116,160,61,F,39.5,6.08,0,-2.74
47941,278,Rural,11.6,116,160,68,F,56,6.27,0,-3.55
47913,278,Rural,11.6,116,160,75,F,39.1,5.27,0,-4.98
47915,278,Rural,11.6,116,160,54,F,46,5.81,0,-2.22
47971,278,Rural,11.6,116,160,49,F,75,4.66,1,1.21
47977,278,Rural,11.6,116,160,60,M,38.6,4.64,0,-3.54
47880,278,Rural,11.6,116,160,69,M,45.7,7.17,1,-0.75
47955,278,Rural,11.6,116,160,64,M,47.9,4.91,0,-2.18
47970,278,Rural,11.6,116,160,71,M,40.6,2.88,0,-3.84
47919,278,Rural,11.6,116,160,60,F,54.2,6.16,0,-2.7
47884,278,Rural,11.6,116,160,70,M,39,6.35,0,-2.82
47972,278,Rural,11.6,116,160,66,F,58.9,5.75,0,0.23
47914,278,Rural,11.6,116,160,68,F,55.6,4.01,0,-3.47
47930,278,Rural,11.6,116,160,70,F,47.5,6.11,1,-1.02
47942,278,Rural,11.6,116,160,68,M,46.6,4.13,0,-3.78
47900,278,Rural,11.6,116,160,65,M,56.3,4.79,0,-5.86
47957,278,Rural,11.6,116,160,59,M,64.3,6.04,1,2.62
47951,278,Rural,11.6,116,160,70,M,41.7,6.23,1,0.87
47892,278,Rural,11.6,116,160,54,F,40.5,4.97,0,-2.01
47872,278,Rural,11.6,116,160,51,M,39,6.41,1,-0.29
47891,278,Rural,11.6,116,160,50,M,55.6,5.58,0,-2.23
47902,278,Rural,11.6,116,160,58,M,50,6.1,0,-2.72
47950,278,Rural,11.6,116,160,55,F,44.1,4.7,1,-0.14
47867,278,Rural,11.6,116,160,51,F,50,5.59,1,0.48
47925,278,Rural,11.6,116,160,62,F,59.6,3.59,0,-2
47960,278,Rural,11.6,116,160,74,F,49.8,5.14,0,-3.65
47975,278,Rural,11.6,116,160,61,F,48.2,4.92,0,-3.16
47949,278,Rural,11.6,116,160,63,F,40.7,4.53,0,-2.72
47895,278,Rural,11.6,116,160,55,F,70,4.48,0,-2.06
47910,278,Rural,11.6,116,160,53,F,53.6,7.36,1,0.31
47922,278,Rural,11.6,116,160,66,F,44.6,5.39,0,-3.63
47923,278,Rural,11.6,116,160,77,F,40.1,4.46,0,-3.24
47897,278,Rural,11.6,116,160,55,M,54.4,5.97,1,0.62
47928,278,Rural,11.6,116,160,71,M,54.6,5.9,1,-0.23
47876,278,Rural,11.6,116,160,59,M,51.6,7.35,1,-0
47964,278,Rural,11.6,116,160,72,F,55,6.21,1,0.09
47878,278,Rural,11.6,116,160,48,M,55,5.23,0,-2.19
47869,278,Rural,11.6,116,160,76,M,39.3,3.58,0,-3.63
47916,278,Rural,11.6,116,160,83,M,38.8,4.03,0,-1.34
47948,278,Rural,11.6,116,160,49,M,40.8,5.9,0,-1.74
48559,283,Rural,11.899999999999999,119,160,83,M,46,2.65,0,-4.69
48531,283,Rural,11.899999999999999,119,160,74,M,48.6,4.88,0,-2.69
48502,283,Rural,11.899999999999999,119,160,67,M,53.8,6.1,1,-1.81
48500,283,Rural,11.899999999999999,119,160,76,F,43.9,4.07,0,-2.06
48540,283,Rural,11.899999999999999,119,160,50,F,42.4,5.74,0,-3.38
48588,283,Rural,11.899999999999999,119,160,78,M,34.5,5.99,0,-3.61
48594,283,Rural,11.899999999999999,119,160,61,M,46.5,2.98,0,-3.28
48580,283,Rural,11.899999999999999,119,160,69,M,51.1,4.81,0,-1.52
48558,283,Rural,11.899999999999999,119,160,66,F,65.8,5.05,1,0.19
48528,283,Rural,11.899999999999999,119,160,64,M,47,4.3,1,-3.35
48591,283,Rural,11.899999999999999,119,160,60,F,65.6,6.05,1,-1.93
48539,283,Rural,11.899999999999999,119,160,66,F,37.8,7.05,1,-3.63
48497,283,Rural,11.899999999999999,119,160,57,F,44.2,6.81,0,-3.28
48548,283,Rural,11.899999999999999,119,160,67,F,42.2,6.84,1,-3.5
48523,283,Rural,11.899999999999999,119,160,46,F,66.9,6.23,0,-3.07
48583,283,Rural,11.899999999999999,119,160,60,F,47.5,6.28,0,-3.39
48526,283,Rural,11.899999999999999,119,160,72,M,38.4,5.58,0,-3.76
48508,283,Rural,11.899999999999999,119,160,68,F,54.7,5.37,0,-2.38
48584,283,Rural,11.899999999999999,119,160,62,M,44.4,4.29,0,-2.37
48571,283,Rural,11.899999999999999,119,160,59,F,46.2,5.02,1,-1.96
48493,283,Rural,11.899999999999999,119,160,53,F,49.2,4.21,0,-4.22
48520,283,Rural,11.899999999999999,119,160,75,M,43.8,5.62,0,-4.8
48496,283,Rural,11.899999999999999,119,160,58,M,50,4.48,0,-3.04
48490,283,Rural,11.899999999999999,119,160,49,M,53.8,4.68,0,-1.52
48529,283,Rural,11.899999999999999,119,160,58,M,42.8,5.68,0,-4.57
48565,283,Rural,11.899999999999999,119,160,80,F,60.2,5.08,0,-3.46
48577,283,Rural,11.899999999999999,119,160,67,F,37.1,3.32,0,-2.86
48587,283,Rural,11.899999999999999,119,160,65,F,52.3,6.9,0,-3.49
48485,283,Rural,11.899999999999999,119,160,57,F,45,4.86,0,-2.85
48582,283,Rural,11.899999999999999,119,160,56,F,54.2,3.93,0,-3.59
48576,283,Rural,11.899999999999999,119,160,61,F,31.7,5.58,1,-3.09
48554,283,Rural,11.899999999999999,119,160,50,F,53.9,6.3,1,-3.94
48480,283,Rural,11.899999999999999,119,160,69,F,44.5,4.71,0,-3.54
48585,283,Rural,11.899999999999999,119,160,73,M,33.2,4.01,0,-3.46
48507,283,Rural,11.899999999999999,119,160,47,M,62.6,6.56,1,-3.67
48499,283,Rural,11.899999999999999,119,160,61,M,38.9,4.67,0,-1.5
48481,283,Rural,11.899999999999999,119,160,58,F,59.3,4.31,0,-2.46
48597,283,Rural,11.899999999999999,119,160,70,M,35.6,5.8,0,-4.16
48492,283,Rural,11.899999999999999,119,160,45,F,59.1,5.32,0,-2.71
48555,283,Rural,11.899999999999999,119,160,60,M,47.8,6.79,1,-2.1
48681,284,Rural,11.6,116,160,72,M,43.5,5.24,0,-3.9
48649,284,Rural,11.6,116,160,68,F,30.9,7.25,1,-1.61
48686,284,Rural,11.6,116,160,67,F,31.4,6.09,0,-2.98
48694,284,Rural,11.6,116,160,58,F,63.2,5.22,0,-3.23
48700,284,Rural,11.6,116,160,59,M,64.6,3.46,0,-2.72
48713,284,Rural,11.6,116,160,55,F,47,5.56,1,-0.27
48655,284,Rural,11.6,116,160,65,M,44.1,4.95,0,-3.03
48628,284,Rural,11.6,116,160,51,M,54.7,6.23,1,-1.7
48647,284,Rural,11.6,116,160,73,F,43.9,4.55,1,0.66
48662,284,Rural,11.6,116,160,40,M,66.3,5.78,1,0.48
48693,284,Rural,11.6,116,160,50,F,46.8,4.87,0,-3.15
48705,284,Rural,11.6,116,160,74,M,48.2,6.78,0,-2.68
48663,284,Rural,11.6,116,160,45,F,36.2,4.17,1,-2.47
48643,284,Rural,11.6,116,160,74,F,52.6,5.39,1,-1.24
48602,284,Rural,11.6,116,160,57,M,47.5,5.88,1,-1.55
48642,284,Rural,11.6,116,160,84,M,31.4,6.77,1,-1.97
48659,284,Rural,11.6,116,160,74,M,43,4.31,0,-2.42
48709,284,Rural,11.6,116,160,51,M,69.6,4.67,1,-0.03
48674,284,Rural,11.6,116,160,51,F,51.6,4.82,1,-0.64
48692,284,Rural,11.6,116,160,71,F,46.1,4.83,0,-3.06
48682,284,Rural,11.6,116,160,55,F,30.3,5.39,1,-2.91
48679,284,Rural,11.6,116,160,52,F,55.8,4.49,0,-2.28
48622,284,Rural,11.6,116,160,72,M,40.9,4.61,0,-0.95
48631,284,Rural,11.6,116,160,78,M,62.9,5.86,0,-4.72
48618,284,Rural,11.6,116,160,70,M,46,4.88,0,-3.13
48626,284,Rural,11.6,116,160,71,F,42.4,5.2,1,-1.66
48612,284,Rural,11.6,116,160,45,F,48.9,6.5,0,-1.09
48634,284,Rural,11.6,116,160,71,F,35.1,6.21,0,-4.46
48619,284,Rural,11.6,116,160,67,M,29.4,4.44,0,-1.59
48661,284,Rural,11.6,116,160,58,M,53.9,5.76,1,-0.25
48641,284,Rural,11.6,116,160,84,F,61.5,6.9,1,-1.92
48701,284,Rural,11.6,116,160,43,M,69.2,4.43,1,1.56
48676,284,Rural,11.6,116,160,64,F,37.3,4.91,0,-5.46
48610,284,Rural,11.6,116,160,51,F,49.6,5.69,1,-1.72
48605,284,Rural,11.6,116,160,71,M,44.1,7.06,1,-2.73
48651,284,Rural,11.6,116,160,70,F,52.5,5.55,0,-4.24
48604,284,Rural,11.6,116,160,60,M,41.5,4.79,0,-2.88
48598,284,Rural,11.6,116,160,71,F,35.9,3.68,0,-2.64
48685,284,Rural,11.6,116,160,76,F,64.7,6.45,1,-0.72
48684,284,Rural,11.6,116,160,66,F,46.9,5.67,0,-0.57
48745,285,Rural,13.2,132,160,68,M,41.7,4.57,0,-3.78
48728,285,Rural,13.2,132,160,62,M,33.8,4.83,1,-2.53
48817,285,Rural,13.2,132,160,87,F,45.4,5.45,0,-3.08
48727,285,Rural,13.2,132,160,61,F,53.1,7.11,0,-3.62
48741,285,Rural,13.2,132,160,49,F,54.8,3.94,0,-0.52
48830,285,Rural,13.2,132,160,71,F,56.6,6.12,1,-0.98
48811,285,Rural,13.2,132,160,62,M,48,5.25,0,-2.66
48756,285,Rural,13.2,132,160,65,F,41.9,5.77,0,-4.24
48816,285,Rural,13.2,132,160,47,M,41.5,4.81,0,-2.15
48720,285,Rural,13.2,132,160,66,M,56.8,3.86,0,-1.71
48778,285,Rural,13.2,132,160,56,F,61.5,6.21,1,-0.65
48843,285,Rural,13.2,132,160,51,M,64.2,3.81,0,-1.74
48724,285,Rural,13.2,132,160,70,F,51.9,4.79,1,-0.09
48821,285,Rural,13.2,132,160,60,M,52.2,6.64,0,-3.2
48776,285,Rural,13.2,132,160,59,F,47.6,6.45,0,-1.96
48823,285,Rural,13.2,132,160,68,F,45.8,2.71,0,-1.37
48844,285,Rural,13.2,132,160,89,F,44.2,5.41,0,-3.31
48743,285,Rural,13.2,132,160,53,M,42.1,6.55,0,-2.67
48782,285,Rural,13.2,132,160,65,M,44.3,4.79,0,-2.36
48742,285,Rural,13.2,132,160,62,F,47.5,3.06,0,-1.21
48783,285,Rural,13.2,132,160,53,M,38.2,5.68,0,-1.82
48725,285,Rural,13.2,132,160,74,F,58.7,5.42,0,-3
48730,285,Rural,13.2,132,160,57,M,49,4.76,0,-4.58
48837,285,Rural,13.2,132,160,47,M,46.4,7.7,0,-3.12
48786,285,Rural,13.2,132,160,57,F,58,6.34,0,-3.4
48760,285,Rural,13.2,132,160,64,M,48.5,6.29,1,-2.42
48793,285,Rural,13.2,132,160,59,M,49.9,5.87,1,-0.1
48825,285,Rural,13.2,132,160,70,M,38.3,5.19,0,-3.07
48788,285,Rural,13.2,132,160,58,F,45.1,3.43,0,-2.91
48716,285,Rural,13.2,132,160,76,F,43.7,4.97,0,-2.84
48721,285,Rural,13.2,132,160,67,F,48.7,6.16,0,-2.31
48833,285,Rural,13.2,132,160,75,F,32.5,4.72,0,-3.27
48779,285,Rural,13.2,132,160,67,M,32.7,6.02,0,-3.22
48832,285,Rural,13.2,132,160,58,M,41,4.82,0,-2.81
48759,285,Rural,13.2,132,160,60,M,49.6,5,0,-1.73
48818,285,Rural,13.2,132,160,63,F,49.6,4.38,0,0.09
48751,285,Rural,13.2,132,160,54,F,57,5.15,0,-2.32
48822,285,Rural,13.2,132,160,65,M,63,5.51,1,-2.55
48735,285,Rural,13.2,132,160,45,M,50,6.02,1,-0.88
48714,285,Rural,13.2,132,160,50,M,52.5,3.42,0,-2.14
48936,286,Rural,11.6,116,160,73,M,42.8,4.83,1,0.12
48907,286,Rural,11.6,116,160,76,M,38.4,5.4,0,-2.04
48928,286,Rural,11.6,116,160,47,F,52.6,4.72,0,-1.52
48872,286,Rural,11.6,116,160,55,M,58.2,5.02,1,1.11
48926,286,Rural,11.6,116,160,60,M,56.6,7.71,1,1.37
48943,286,Rural,11.6,116,160,64,F,44.9,6.4,0,-2.55
48905,286,Rural,11.6,116,160,73,M,44,4.68,0,-2.62
48916,286,Rural,11.6,116,160,64,F,54.7,4.43,0,0.3
48848,286,Rural,11.6,116,160,68,M,44,4.46,0,-3.7
48960,286,Rural,11.6,116,160,71,M,48,5.46,1,-1.38
48894,286,Rural,11.6,116,160,62,F,53.4,6.4,0,-2.34
48895,286,Rural,11.6,116,160,67,F,33.7,5.94,0,-1.52
48933,286,Rural,11.6,116,160,77,M,38.4,5.47,0,-3.12
48961,286,Rural,11.6,116,160,56,F,59.4,6.42,1,0.12
48944,286,Rural,11.6,116,160,71,M,37.9,5.93,0,-4.29
48908,286,Rural,11.6,116,160,74,F,46.4,4.93,0,-3.31
48910,286,Rural,11.6,116,160,59,M,55.2,5.67,0,-1.23
48856,286,Rural,11.6,116,160,55,M,53.6,6.7,0,-2.13
48919,286,Rural,11.6,116,160,69,F,45.9,4.63,0,-1.87
48855,286,Rural,11.6,116,160,55,F,50.6,5.02,0,-2.21
48909,286,Rural,11.6,116,160,63,F,64.5,6.59,1,-0.75
48950,286,Rural,11.6,116,160,71,M,32.2,4.47,0,-2.6
48911,286,Rural,11.6,116,160,67,M,50.1,6.33,0,-1.94
48948,286,Rural,11.6,116,160,67,M,47.6,5.23,0,-0.74
48955,286,Rural,11.6,116,160,75,F,41.6,6.92,1,-2.64
48885,286,Rural,11.6,116,160,71,F,61.3,5.96,1,-0.66
48940,286,Rural,11.6,116,160,61,F,41,5.94,0,-1.04
48930,286,Rural,11.6,116,160,69,F,39.3,4.91,0,-1.44
48924,286,Rural,11.6,116,160,67,F,57.1,5.8,0,-1.55
48873,286,Rural,11.6,116,160,48,M,50.7,4.37,0,-1.49
48882,286,Rural,11.6,116,160,70,M,50.6,4.85,0,-2.68
48952,286,Rural,11.6,116,160,70,F,61.6,6.02,1,-1.18
48859,286,Rural,11.6,116,160,63,F,54.7,5.27,0,-0.89
48886,286,Rural,11.6,116,160,59,F,55.1,5.2,0,-2.06
48889,286,Rural,11.6,116,160,62,M,34.8,5.68,0,-3.12
48878,286,Rural,11.6,116,160,58,M,50.8,5.76,0,-2.29
48925,286,Rural,11.6,116,160,64,M,47.6,4.41,0,-2.59
48888,286,Rural,11.6,116,160,72,F,59.7,4.89,1,-0.02
48879,286,Rural,11.6,116,160,71,F,62.1,4.98,0,-0.69
48876,286,Rural,11.6,116,160,56,F,51,5.57,1,-0.21
49473,291,Rural,13.2,132,160,53,M,59.4,5.44,1,-1.48
49474,291,Rural,13.2,132,160,53,M,31.3,4.08,1,-3.13
49565,291,Rural,13.2,132,160,64,F,41.5,7.47,1,-3.52
49541,291,Rural,13.2,132,160,68,M,46.2,5.86,1,-3.34
49551,291,Rural,13.2,132,160,80,F,40.1,5.34,0,-5.13
49507,291,Rural,13.2,132,160,65,F,49.6,6.05,0,-2.67
49554,291,Rural,13.2,132,160,60,M,61,6.41,1,-2.22
49552,291,Rural,13.2,132,160,72,M,42.4,5.21,1,-2.48
49465,291,Rural,13.2,132,160,61,M,54.8,6.55,1,-1.48
49501,291,Rural,13.2,132,160,79,M,40.3,6.72,0,-5.55
49555,291,Rural,13.2,132,160,56,F,57.9,5.39,1,-2.81
49485,291,Rural,13.2,132,160,68,M,50.3,7.08,0,-4.22
49509,291,Rural,13.2,132,160,78,F,50.1,4.94,0,-5.05
49451,291,Rural,13.2,132,160,75,M,50.7,5.75,0,-5.27
49499,291,Rural,13.2,132,160,61,M,45.5,4.33,0,-3.33
49533,291,Rural,13.2,132,160,60,M,51.7,5.45,1,-3.28
49504,291,Rural,13.2,132,160,63,F,39.8,5.36,1,-3.4
49568,291,Rural,13.2,132,160,57,M,51.4,4.63,1,-3.45
49521,291,Rural,13.2,132,160,51,M,48.6,6.14,1,-2.08
49505,291,Rural,13.2,132,160,66,F,38.9,5.27,0,-3.37
49534,291,Rural,13.2,132,160,63,M,48.7,4.54,1,-1.07
49538,291,Rural,13.2,132,160,90,M,20,5.15,0,-3.62
49440,291,Rural,13.2,132,160,65,F,38,5.77,1,-3.2
49482,291,Rural,13.2,132,160,60,M,44.6,4.89,0,-5.62
49497,291,Rural,13.2,132,160,61,M,44.4,6.36,1,-3.01
49491,291,Rural,13.2,132,160,52,M,56.5,3.86,1,-1.38
49506,291,Rural,13.2,132,160,59,M,43.9,5.32,0,-2.02
49466,291,Rural,13.2,132,160,51,F,49.1,5.91,0,-3.84
49557,291,Rural,13.2,132,160,71,M,35.8,4.32,1,-1.88
49503,291,Rural,13.2,132,160,64,F,56.3,4.7,0,-3.73
49484,291,Rural,13.2,132,160,55,F,47.7,5.05,0,-2.23
49547,291,Rural,13.2,132,160,61,M,56.1,4.75,0,-5.22
49452,291,Rural,13.2,132,160,43,F,40.7,5.22,0,-3.28
49494,291,Rural,13.2,132,160,58,M,59.2,5.3,1,-0.75
49450,291,Rural,13.2,132,160,68,M,41,6.83,1,-1.32
49508,291,Rural,13.2,132,160,55,M,53.9,6.37,1,-4.79
49488,291,Rural,13.2,132,160,80,F,37.4,5.89,0,-3.68
49480,291,Rural,13.2,132,160,77,F,51.6,5.2,0,-4.72
49535,291,Rural,13.2,132,160,55,F,65.3,4.89,1,-1.28
49475,291,Rural,13.2,132,160,68,M,59.1,4.39,0,-2.45
50590,300,Rural,12.3,123,160,74,F,42.1,6.4,0,-1.71
50627,300,Rural,12.3,123,160,55,F,49,6.03,0,-2.4
50592,300,Rural,12.3,123,160,52,F,74.8,3.6,0,-1.18
50591,300,Rural,12.3,123,160,71,M,57.4,6.12,0,-3.63
50569,300,Rural,12.3,123,160,70,M,44.6,3.96,0,-4.63
50647,300,Rural,12.3,123,160,62,M,50.6,2.82,1,-0.97
50617,300,Rural,12.3,123,160,70,F,53.8,7.28,1,-1.97
50619,300,Rural,12.3,123,160,57,F,46.8,5.38,1,-0.72
50613,300,Rural,12.3,123,160,69,F,54.8,5.93,0,-2.28
50648,300,Rural,12.3,123,160,55,F,49.1,5.32,0,-4.42
50666,300,Rural,12.3,123,160,63,M,37,5,0,-3.66
50654,300,Rural,12.3,123,160,54,M,49,5.74,0,-3.32
50597,300,Rural,12.3,123,160,70,M,34.5,6.63,1,-0.62
50644,300,Rural,12.3,123,160,63,M,50.1,5.06,0,-2.26
50586,300,Rural,12.3,123,160,63,M,56.5,6.8,0,-3.62
50626,300,Rural,12.3,123,160,62,F,60,5.79,0,-4.9
50656,300,Rural,12.3,123,160,51,F,49.9,6.01,1,-1.36
50593,300,Rural,12.3,123,160,49,M,37,5.13,0,-2.09
50657,300,Rural,12.3,123,160,60,M,40.8,7.44,0,-4.18
50550,300,Rural,12.3,123,160,65,M,32.8,4.79,0,-4.68
50637,300,Rural,12.3,123,160,59,F,59.7,4.59,1,0.15
50579,300,Rural,12.3,123,160,55,M,51.4,4.74,0,-0.54
50574,300,Rural,12.3,123,160,73,F,38.2,3.76,0,-0.96
50567,300,Rural,12.3,123,160,60,M,45.2,5.55,1,-1.87
50551,300,Rural,12.3,123,160,60,M,49.8,6.14,0,-3.51
50640,300,Rural,12.3,123,160,51,M,54.2,6.05,1,-0.96
50561,300,Rural,12.3,123,160,44,M,56.2,4.73,0,-1.37
50653,300,Rural,12.3,123,160,79,M,49.8,4.77,0,-3.65
50594,300,Rural,12.3,123,160,69,M,53.7,5.84,1,-1.17
50646,300,Rural,12.3,123,160,60,M,46,5.04,1,-0.31
50670,300,Rural,12.3,123,160,65,M,51,5.04,0,-3.17
50606,300,Rural,12.3,123,160,79,M,59.7,4.5,1,-2.7
50559,300,Rural,12.3,123,160,59,F,50.7,6.37,0,-3.13
50605,300,Rural,12.3,123,160,68,F,58.5,6.32,0,-3.71
50611,300,Rural,12.3,123,160,51,M,50.3,5.63,0,-2.98
50570,300,Rural,12.3,123,160,60,M,48.2,6.47,1,-0.77
50555,300,Rural,12.3,123,160,76,M,39.9,6.98,0,-3.59
50563,300,Rural,12.3,123,160,66,F,37,6.85,0,-4
50664,300,Rural,12.3,123,160,55,M,55,6.38,1,-0.4
50661,300,Rural,12.3,123,160,68,F,35.2,7.43,0,-3.82
50713,301,Rural,10.899999999999999,109,160,70,F,40.6,4.17,0,-3.32
50774,301,Rural,10.899999999999999,109,160,58,M,33.2,4.71,0,-3.82
50734,301,Rural,10.899999999999999,109,160,54,M,68.2,5.61,1,-0.09
50749,301,Rural,10.899999999999999,109,160,66,M,46.1,5.54,0,-2.14
50775,301,Rural,10.899999999999999,109,160,76,F,41.9,5.37,0,-3.57
50681,301,Rural,10.899999999999999,109,160,60,F,45.1,6.51,0,-3.15
50737,301,Rural,10.899999999999999,109,160,68,M,36.1,5.79,0,-3.99
50727,301,Rural,10.899999999999999,109,160,68,F,39.1,7.14,0,-3.6
50766,301,Rural,10.899999999999999,109,160,56,M,43.5,3.77,0,-2.82
50729,301,Rural,10.899999999999999,109,160,53,F,48.1,5.84,0,-4.03
50754,301,Rural,10.899999999999999,109,160,76,F,41.8,4.73,0,-4.1
50705,301,Rural,10.899999999999999,109,160,68,M,45.8,4.79,0,-2.96
50750,301,Rural,10.899999999999999,109,160,57,F,41.6,4.75,0,-3.81
50757,301,Rural,10.899999999999999,109,160,77,F,48.4,6.04,1,-1.93
50730,301,Rural,10.899999999999999,109,160,62,F,52.3,4.74,0,-2.49
50736,301,Rural,10.899999999999999,109,160,64,M,51.6,6.27,1,-3.94
50702,301,Rural,10.899999999999999,109,160,66,M,32.4,6.09,0,-3.12
50717,301,Rural,10.899999999999999,109,160,60,F,38.9,6.19,1,-3.09
50690,301,Rural,10.899999999999999,109,160,72,M,44.2,4.77,0,-2.41
50735,301,Rural,10.899999999999999,109,160,41,M,39.3,4.86,0,-2.68
50724,301,Rural,10.899999999999999,109,160,64,M,48.1,3.76,0,-2.22
50674,301,Rural,10.899999999999999,109,160,64,M,41.8,4.77,0,-3.35
50747,301,Rural,10.899999999999999,109,160,64,F,51.6,6.25,0,-4.44
50711,301,Rural,10.899999999999999,109,160,69,M,39.9,7.61,0,-3.51
50714,301,Rural,10.899999999999999,109,160,48,F,29.2,5.23,0,-2.84
50675,301,Rural,10.899999999999999,109,160,61,M,59.2,4.54,0,-3.47
50682,301,Rural,10.899999999999999,109,160,68,M,37.5,4.6,0,-5.15
50743,301,Rural,10.899999999999999,109,160,69,F,44.6,5.49,0,-5.01
50732,301,Rural,10.899999999999999,109,160,63,M,55.8,5.67,0,-3.11
50707,301,Rural,10.899999999999999,109,160,70,M,58.8,5.59,0,-4.49
50704,301,Rural,10.899999999999999,109,160,71,M,52.8,5.48,1,-1.71
50692,301,Rural,10.899999999999999,109,160,56,M,56.2,5.19,0,-1.8
50739,301,Rural,10.899999999999999,109,160,68,F,27.8,2.81,0,-4.07
50703,301,Rural,10.899999999999999,109,160,66,F,47.9,6.23,0,-4.12
50761,301,Rural,10.899999999999999,109,160,64,M,50.3,6.15,1,-1.86
50768,301,Rural,10.899999999999999,109,160,61,F,48.4,5.51,0,-3.14
50777,301,Rural,10.899999999999999,109,160,59,M,42.1,5.16,0,-5.11
50716,301,Rural,10.899999999999999,109,160,51,F,57.5,7.11,1,-1.74
50779,301,Rural,10.899999999999999,109,160,69,F,49.7,6,0,-4.86
50694,301,Rural,10.899999999999999,109,160,64,F,54,4.95,0,-4.35
51061,304,Rural,13.700000000000001,137,160,64,M,47.4,6.12,1,-0.48
51134,304,Rural,13.700000000000001,137,160,52,M,56.8,5.47,0,-1.15
51089,304,Rural,13.700000000000001,137,160,85,M,29.4,4.13,0,-2.12
51083,304,Rural,13.700000000000001,137,160,69,M,41.2,5.95,0,-2.73
51145,304,Rural,13.700000000000001,137,160,74,F,43,5.34,0,-3.29
51025,304,Rural,13.700000000000001,137,160,64,F,31.3,4.56,1,-1.51
51028,304,Rural,13.700000000000001,137,160,80,F,41.8,5.3,0,-3.23
51152,304,Rural,13.700000000000001,137,160,67,M,55,7.64,0,-2.18
51074,304,Rural,13.700000000000001,137,160,69,F,33.4,4.83,1,-1.89
51040,304,Rural,13.700000000000001,137,160,74,F,40,3.73,0,-1.95
51110,304,Rural,13.700000000000001,137,160,57,F,54.5,5.82,1,-0.63
51069,304,Rural,13.700000000000001,137,160,70,M,52.9,3.67,0,0.37
51131,304,Rural,13.700000000000001,137,160,54,M,42.8,3.9,0,-0.24
51151,304,Rural,13.700000000000001,137,160,87,M,33.1,4.76,0,-3.84
51072,304,Rural,13.700000000000001,137,160,74,F,64.8,5.4,1,0.77
51130,304,Rural,13.700000000000001,137,160,68,F,42,4.56,0,-3.08
51050,304,Rural,13.700000000000001,137,160,56,F,60.1,4.72,0,-0.54
51024,304,Rural,13.700000000000001,137,160,59,M,66,5.55,1,-0.64
51036,304,Rural,13.700000000000001,137,160,50,F,51.6,4.04,0,-2.79
51049,304,Rural,13.700000000000001,137,160,69,M,35.5,5.85,0,-3.61
51091,304,Rural,13.700000000000001,137,160,57,F,49.9,5.83,0,-5.06
51056,304,Rural,13.700000000000001,137,160,64,M,50.5,5.32,0,-1.78
51022,304,Rural,13.700000000000001,137,160,56,M,54.8,5.03,0,-1.87
51109,304,Rural,13.700000000000001,137,160,54,F,58.7,5.94,0,-4.27
51080,304,Rural,13.700000000000001,137,160,63,M,48.5,5.11,0,-2.23
51065,304,Rural,13.700000000000001,137,160,54,F,59.5,5.92,1,0.65
51104,304,Rural,13.700000000000001,137,160,68,M,49.7,4.96,1,-0.29
51039,304,Rural,13.700000000000001,137,160,67,M,53.9,5.67,0,-2.61
51126,304,Rural,13.700000000000001,137,160,64,M,27.2,4.78,1,-1.37
51143,304,Rural,13.700000000000001,137,160,64,M,37.8,4.85,0,-1.66
51127,304,Rural,13.700000000000001,137,160,62,F,37.9,4.3,0,-3.56
51020,304,Rural,13.700000000000001,137,160,76,F,47.9,5.34,1,-0.6
51066,304,Rural,13.700000000000001,137,160,58,F,38,5.63,0,-2.97
51137,304,Rural,13.700000000000001,137,160,80,F,40.8,4.46,0,-3.89
51105,304,Rural,13.700000000000001,137,160,53,F,64.1,5.13,0,-2.48
51041,304,Rural,13.700000000000001,137,160,57,M,69.3,6.4,0,-3.34
51033,304,Rural,13.700000000000001,137,160,59,M,63.2,5.7,0,-3.15
51135,304,Rural,13.700000000000001,137,160,54,F,48.5,5.34,0,-2.43
51055,304,Rural,13.700000000000001,137,160,48,M,65.4,6.81,0,-2.74
51082,304,Rural,13.700000000000001,137,160,67,M,39.6,4.89,0,-2.95
51448,307,Rural,11.7,117,160,57,M,45.4,6.76,0,-4.38
51419,307,Rural,11.7,117,160,65,M,49.5,5.08,0,-3.35
51402,307,Rural,11.7,117,160,77,M,40.2,6.17,0,-3.23
51412,307,Rural,11.7,117,160,63,F,56,5.06,1,-0.9
51409,307,Rural,11.7,117,160,49,M,50.8,5.69,1,-0.64
51486,307,Rural,11.7,117,160,72,M,48.6,4.03,0,-1.98
51447,307,Rural,11.7,117,160,50,M,59.2,5.88,0,-2.83
51439,307,Rural,11.7,117,160,60,F,61.5,6.58,1,-1.93
51415,307,Rural,11.7,117,160,65,F,37.7,6.55,0,-3.11
51455,307,Rural,11.7,117,160,81,M,45.9,3.47,0,-3.51
51450,307,Rural,11.7,117,160,61,F,55.8,4.56,0,-4.71
51382,307,Rural,11.7,117,160,78,F,36.2,5.02,0,-2.21
51374,307,Rural,11.7,117,160,73,M,31.7,4.84,0,-5.17
51443,307,Rural,11.7,117,160,70,M,47.8,5.75,0,-3.99
51376,307,Rural,11.7,117,160,67,M,60.6,5.42,1,-2.4
51418,307,Rural,11.7,117,160,70,M,44.5,5.9,1,-4.23
51405,307,Rural,11.7,117,160,55,M,50.5,5.86,0,-2.96
51442,307,Rural,11.7,117,160,57,F,65.8,5.15,0,-2.84
51440,307,Rural,11.7,117,160,58,M,69.6,3.75,0,-2.21
51388,307,Rural,11.7,117,160,63,F,42.3,6.09,0,-5.67
51436,307,Rural,11.7,117,160,68,F,47.5,6.15,1,-2.98
51472,307,Rural,11.7,117,160,70,M,44.1,3.58,0,-2.34
51456,307,Rural,11.7,117,160,70,F,36.5,4.71,0,-3.86
51396,307,Rural,11.7,117,160,68,M,51.7,7.14,0,-4.64
51451,307,Rural,11.7,117,160,67,M,43.9,5.3,0,-3.8
51371,307,Rural,11.7,117,160,66,F,61.4,4.68,0,-3.6
51473,307,Rural,11.7,117,160,57,F,57.1,5.81,0,-1.86
51477,307,Rural,11.7,117,160,63,M,51.3,3.72,0,-3.75
51427,307,Rural,11.7,117,160,71,M,29.9,5.83,0,-3.65
51384,307,Rural,11.7,117,160,79,M,51,5.77,0,-3.56
51468,307,Rural,11.7,117,160,78,F,51,5.51,1,-1.4
51393,307,Rural,11.7,117,160,73,M,50.9,4.09,0,-3
51463,307,Rural,11.7,117,160,63,M,58.7,4.77,1,-0.86
51387,307,Rural,11.7,117,160,62,F,54.1,4.98,1,-0.49
51404,307,Rural,11.7,117,160,74,M,72.1,6.41,0,-3.57
51487,307,Rural,11.7,117,160,62,M,59,3.45,1,-0.1
51466,307,Rural,11.7,117,160,59,F,47.1,4.57,0,-2.51
51391,307,Rural,11.7,117,160,71,F,35.1,4.31,0,-4.26
51408,307,Rural,11.7,117,160,50,F,47.3,4.26,0,-1.39
51430,307,Rural,11.7,117,160,70,M,39.3,5.35,0,-1.49
52160,313,Rural,12.8,128,160,57,F,48.2,6.02,0,-3.26
52215,313,Rural,12.8,128,160,56,F,63.1,5,0,-2.51
52157,313,Rural,12.8,128,160,58,F,43.2,3.94,0,-1.27
52112,313,Rural,12.8,128,160,66,F,43,6.05,0,-3.4
52135,313,Rural,12.8,128,160,48,F,48.3,5.65,0,-3
52140,313,Rural,12.8,128,160,56,F,52.5,4.99,0,-1.09
52174,313,Rural,12.8,128,160,72,F,40.9,3.96,0,-3.85
52102,313,Rural,12.8,128,160,55,F,54.4,4.76,0,-1.96
52129,313,Rural,12.8,128,160,78,M,27.1,5.6,0,-6.29
52206,313,Rural,12.8,128,160,69,F,56.5,7.69,1,-0.3
52093,313,Rural,12.8,128,160,70,F,68.5,5.87,1,-0.82
52212,313,Rural,12.8,128,160,68,F,38.6,4.2,0,-2.95
52164,313,Rural,12.8,128,160,58,F,46,5.16,0,-2.18
52146,313,Rural,12.8,128,160,60,F,49.2,4.28,0,-3.73
52197,313,Rural,12.8,128,160,58,M,59.1,3.07,0,-1.74
52151,313,Rural,12.8,128,160,66,F,54.5,5.24,0,-2.94
52118,313,Rural,12.8,128,160,58,M,50.3,8.15,0,-3.47
52187,313,Rural,12.8,128,160,74,F,61.2,6.8,0,-3.97
52163,313,Rural,12.8,128,160,49,F,54.9,5.68,0,-3.94
52193,313,Rural,12.8,128,160,79,M,60.2,5.2,0,-2.91
52109,313,Rural,12.8,128,160,69,M,40.9,6.59,1,-3.04
52101,313,Rural,12.8,128,160,76,F,37.4,4.93,0,-1.47
52133,313,Rural,12.8,128,160,62,M,36.1,5.13,1,-2.33
52117,313,Rural,12.8,128,160,52,F,47.9,4.22,0,-0.42
52143,313,Rural,12.8,128,160,55,M,47.1,5.36,0,-1.41
52105,313,Rural,12.8,128,160,47,M,38.3,4.89,0,-1.72
52148,313,Rural,12.8,128,160,63,F,50,5.3,0,-2.89
52134,313,Rural,12.8,128,160,67,F,38,4.31,0,-2.9
52202,313,Rural,12.8,128,160,75,F,47.5,5.57,0,-3.37
52162,313,Rural,12.8,128,160,62,F,35.6,5.79,0,-2.58
52196,313,Rural,12.8,128,160,56,F,47.4,5.53,1,-0.66
52213,313,Rural,12.8,128,160,76,M,56.9,3.34,0,-2.61
52153,313,Rural,12.8,128,160,68,F,45.9,5.62,0,-3.28
52203,313,Rural,12.8,128,160,62,M,33.6,4.55,0,-1.15
52141,313,Rural,12.8,128,160,61,M,44.8,4.16,0,-3.13
52130,313,Rural,12.8,128,160,75,F,37,6.07,0,-4.92
52111,313,Rural,12.8,128,160,76,M,53.5,5.73,1,-2.57
52142,313,Rural,12.8,128,160,45,M,54.5,5.48,1,0.36
52210,313,Rural,12.8,128,160,80,M,29.5,4.67,0,-3.76
52185,313,Rural,12.8,128,160,70,F,44,5.08,1,-1.44
52225,314,Rural,11.5,115,160,59,M,34,5.31,0,-2.48
52261,314,Rural,11.5,115,160,61,M,42.2,2.61,0,0.27
52228,314,Rural,11.5,115,160,70,F,53.3,5.93,1,-0.6
52308,314,Rural,11.5,115,160,64,F,29.8,4.8,0,-4.3
52318,314,Rural,11.5,115,160,56,M,58.6,4.75,0,-2.74
52307,314,Rural,11.5,115,160,73,F,35.2,4.32,0,-2.8
52224,314,Rural,11.5,115,160,66,F,54,6,0,-1.98
52286,314,Rural,11.5,115,160,68,F,42.9,5.72,1,0.34
52321,314,Rural,11.5,115,160,62,M,51.1,5.82,0,-2.58
52279,314,Rural,11.5,115,160,62,F,49.3,5.55,0,-3.68
52243,314,Rural,11.5,115,160,54,M,53,5.88,1,-1.99
52259,314,Rural,11.5,115,160,55,M,51.8,3.81,0,-2.3
52237,314,Rural,11.5,115,160,73,F,57.8,3.65,0,-1.64
52300,314,Rural,11.5,115,160,57,M,58.9,6.15,0,-3.22
52329,314,Rural,11.5,115,160,65,F,52,5.29,1,0.57
52230,314,Rural,11.5,115,160,69,F,50,5.91,0,-2.26
52302,314,Rural,11.5,115,160,65,F,48.6,6.79,0,-3.47
52319,314,Rural,11.5,115,160,69,M,49.4,2.03,0,-1.56
52226,314,Rural,11.5,115,160,87,F,41.2,5.94,0,-3.62
52274,314,Rural,11.5,115,160,47,M,66.8,5.16,1,-0.4
52257,314,Rural,11.5,115,160,69,F,48.1,5.95,1,-0.19
52251,314,Rural,11.5,115,160,54,M,59.3,4.7,1,0.94
52258,314,Rural,11.5,115,160,67,M,54.5,5.75,0,-2.85
52235,314,Rural,11.5,115,160,66,F,42,6.11,0,-2.84
52294,314,Rural,11.5,115,160,70,F,41.5,4.92,0,-3.85
52285,314,Rural,11.5,115,160,75,F,65.2,5.01,1,-0.85
52254,314,Rural,11.5,115,160,53,F,57.3,6.64,1,-0.16
52270,314,Rural,11.5,115,160,62,M,42.7,5.46,0,-1.31
52323,314,Rural,11.5,115,160,55,M,42.3,4.8,0,-1.84
52253,314,Rural,11.5,115,160,77,M,38.4,4.93,0,-1.32
52278,314,Rural,11.5,115,160,78,F,40.6,5.5,0,-4.54
52276,314,Rural,11.5,115,160,68,F,40.8,5.33,0,-3.07
52327,314,Rural,11.5,115,160,79,F,44.5,4.28,0,-2.7
52242,314,Rural,11.5,115,160,69,F,54.5,5.64,1,-1.32
52310,314,Rural,11.5,115,160,67,M,57.3,4.18,0,-0.91
52233,314,Rural,11.5,115,160,67,M,52.8,7.01,0,-4.1
52288,314,Rural,11.5,115,160,80,F,40.2,5.12,0,-3.06
52241,314,Rural,11.5,115,160,66,M,55.4,4.52,1,-0.57
52244,314,Rural,11.5,115,160,65,F,38.1,5.1,0,-2.92
52335,314,Rural,11.5,115,160,65,F,39.1,4.79,0,-2
52396,315,Rural,12.4,124,160,68,M,44.6,5.47,0,-1.93
52423,315,Rural,12.4,124,160,69,F,52.3,6,1,-1.33
52401,315,Rural,12.4,124,160,52,M,52.2,5.61,1,1.02
52424,315,Rural,12.4,124,160,80,M,62.3,4.06,1,-2.03
52406,315,Rural,12.4,124,160,64,M,45.3,4.97,0,-2.69
52458,315,Rural,12.4,124,160,74,F,35.9,5.97,0,-3.89
52353,315,Rural,12.4,124,160,59,F,42.2,5.22,1,0.55
52452,315,Rural,12.4,124,160,56,F,34.1,4.38,0,-1.09
52352,315,Rural,12.4,124,160,61,F,56.8,5.78,1,-1.87
52451,315,Rural,12.4,124,160,61,M,44.8,6.23,1,0.29
52375,315,Rural,12.4,124,160,63,F,58,6.24,0,-1.93
52399,315,Rural,12.4,124,160,58,F,50.5,5.45,0,-1.53
52456,315,Rural,12.4,124,160,63,F,57.3,5.27,1,-2
52403,315,Rural,12.4,124,160,62,M,55.8,4.44,0,-1.47
52358,315,Rural,12.4,124,160,78,M,33.8,3.54,0,-3.04
52385,315,Rural,12.4,124,160,68,F,37.5,4.79,0,-2.03
52366,315,Rural,12.4,124,160,59,F,44,4.95,1,-2.25
52402,315,Rural,12.4,124,160,64,M,39.9,4.44,0,-1.75
52376,315,Rural,12.4,124,160,68,F,46.3,5.61,1,-2.45
52440,315,Rural,12.4,124,160,68,M,63.8,5.89,0,0.37
52370,315,Rural,12.4,124,160,51,M,55.2,4.79,0,0.13
52372,315,Rural,12.4,124,160,66,M,59.7,4.72,1,0.03
52455,315,Rural,12.4,124,160,75,F,57.3,5.52,0,-0.75
52367,315,Rural,12.4,124,160,76,M,64.7,3.81,0,0.04
52425,315,Rural,12.4,124,160,79,F,43.9,6.2,1,-2.03
52427,315,Rural,12.4,124,160,67,F,56.8,6.1,0,-2.77
52420,315,Rural,12.4,124,160,69,F,40.8,3.74,1,0.47
52347,315,Rural,12.4,124,160,64,F,43.9,6.47,0,-2.17
52355,315,Rural,12.4,124,160,62,F,41,5.93,0,-2.68
52369,315,Rural,12.4,124,160,69,M,40.5,4.34,1,0.19
52404,315,Rural,12.4,124,160,73,M,66.5,6.16,0,-0.57
52429,315,Rural,12.4,124,160,57,M,48.2,6.19,0,-0.76
52345,315,Rural,12.4,124,160,69,F,44.8,5.55,0,-1.18
52441,315,Rural,12.4,124,160,65,M,61.1,6.05,1,-1.19
52448,315,Rural,12.4,124,160,72,M,59.2,5.79,0,-2.11
52392,315,Rural,12.4,124,160,58,M,60.8,4.45,1,0.59
52394,315,Rural,12.4,124,160,74,M,44.5,4.22,0,-0.9
52364,315,Rural,12.4,124,160,61,M,39.5,5.9,0,-2.52
52354,315,Rural,12.4,124,160,60,M,56.6,5.98,1,-0.77
52363,315,Rural,12.4,124,160,50,F,43.7,5.67,0,-1.66
52757,318,Rural,10.5,105,160,67,F,29.4,4.86,0,-2.38
52792,318,Rural,10.5,105,160,65,F,49.7,4.91,0,-1.35
52739,318,Rural,10.5,105,160,57,F,55.1,6.69,0,-1.87
52741,318,Rural,10.5,105,160,66,M,57.9,6.58,0,-2.69
52768,318,Rural,10.5,105,160,84,M,32.1,5.52,0,-4.83
52752,318,Rural,10.5,105,160,60,F,34.7,4.24,0,-1.39
52763,318,Rural,10.5,105,160,62,F,75,3.91,0,-0.39
52779,318,Rural,10.5,105,160,75,M,33.3,6.02,0,-3.94
52785,318,Rural,10.5,105,160,60,M,40.5,4.35,0,-4.93
52744,318,Rural,10.5,105,160,65,F,59.7,5.21,0,-3.31
52795,318,Rural,10.5,105,160,76,M,36.1,6.73,0,-1.94
52787,318,Rural,10.5,105,160,65,F,59.3,6.96,0,-2.43
52766,318,Rural,10.5,105,160,49,M,66,5.49,0,-3.14
52734,318,Rural,10.5,105,160,74,M,47,5.73,0,-2.94
52764,318,Rural,10.5,105,160,71,F,42.9,4.04,0,-0.92
52760,318,Rural,10.5,105,160,58,F,47.2,4.84,0,-2.95
52756,318,Rural,10.5,105,160,68,F,60.3,5.5,0,-1.07
52705,318,Rural,10.5,105,160,44,M,58.8,4.61,0,-0.3
52753,318,Rural,10.5,105,160,79,M,50.1,3.44,0,-2.61
52776,318,Rural,10.5,105,160,68,F,45.9,6.76,1,-1.26
52798,318,Rural,10.5,105,160,62,F,41.7,5.66,0,-0.6
52751,318,Rural,10.5,105,160,73,M,35.7,5.99,0,-3.32
52729,318,Rural,10.5,105,160,53,M,62.1,5.96,1,-2.08
52749,318,Rural,10.5,105,160,54,F,67.9,4.22,1,-2.36
52772,318,Rural,10.5,105,160,63,M,47.3,4.08,0,-3.7
52740,318,Rural,10.5,105,160,59,F,56.8,5.22,0,-0.69
52710,318,Rural,10.5,105,160,52,M,30.5,6.47,0,-2.4
52806,318,Rural,10.5,105,160,45,F,60.8,5.82,0,-1.24
52716,318,Rural,10.5,105,160,54,M,60.3,5.85,0,-2.55
52789,318,Rural,10.5,105,160,75,F,49.3,5.11,0,-1.49
52720,318,Rural,10.5,105,160,65,M,57.3,6.02,0,-5.05
52726,318,Rural,10.5,105,160,59,M,62.7,4.82,0,-3.21
52706,318,Rural,10.5,105,160,60,F,56.2,5.26,0,-2.18
52719,318,Rural,10.5,105,160,78,M,36.1,3.83,0,-1.51
52777,318,Rural,10.5,105,160,51,F,51.2,3.52,0,0.65
52804,318,Rural,10.5,105,160,72,F,55.1,5.93,1,-3.48
52801,318,Rural,10.5,105,160,74,M,44.5,7.05,0,-4.64
52769,318,Rural,10.5,105,160,67,F,41.2,3.97,0,-2.87
52747,318,Rural,10.5,105,160,72,F,41.3,5.5,0,-3.7
52767,318,Rural,10.5,105,160,78,M,45.8,4.74,0,-2.15
52831,319,Rural,12,120,160,72,M,32.4,5.04,0,-4.39
52867,319,Rural,12,120,160,71,M,38.1,6.64,0,-5.34
52872,319,Rural,12,120,160,62,F,51.5,6.15,0,-4.42
52808,319,Rural,12,120,160,61,M,56.2,5.9,1,-0.64
52844,319,Rural,12,120,160,76,F,35.1,4.76,0,-4.36
52866,319,Rural,12,120,160,62,M,52.6,6.33,0,-5.76
52854,319,Rural,12,120,160,73,M,48.6,5.03,0,-2.87
52889,319,Rural,12,120,160,59,F,49.9,5.31,0,-3.57
52817,319,Rural,12,120,160,62,F,53,6.11,0,-2.82
52879,319,Rural,12,120,160,48,M,36.3,6.65,0,-3.61
52911,319,Rural,12,120,160,76,F,42.1,5.68,0,-2.44
52807,319,Rural,12,120,160,58,M,50.6,3.94,1,-2.21
52835,319,Rural,12,120,160,63,M,69.1,3.62,0,-2.09
52839,319,Rural,12,120,160,66,M,45.4,5.84,0,-4.82
52873,319,Rural,12,120,160,72,F,36.9,4.63,0,-4.77
52824,319,Rural,12,120,160,73,M,40.9,5.08,0,-4.64
52917,319,Rural,12,120,160,71,M,67.9,4.13,0,-3.83
52926,319,Rural,12,120,160,49,F,56.1,6.23,0,-3.31
52896,319,Rural,12,120,160,62,M,48.3,7.25,0,-2.97
52920,319,Rural,12,120,160,78,F,65.4,6.07,1,-1.94
52892,319,Rural,12,120,160,54,M,52.9,4.84,0,-4.07
52921,319,Rural,12,120,160,71,M,39.4,4.58,0,-3.4
52891,319,Rural,12,120,160,64,F,40.5,3.28,0,-2.26
52810,319,Rural,12,120,160,67,F,44.7,6.41,0,-3.99
52923,319,Rural,12,120,160,67,M,38.7,7.1,0,-3.14
52833,319,Rural,12,120,160,71,F,64.3,4.71,0,-3.47
52897,319,Rural,12,120,160,46,F,45.4,6.7,0,-3.49
52915,319,Rural,12,120,160,76,F,52.9,5.42,0,-4
52861,319,Rural,12,120,160,69,M,51.6,5.96,1,-1.87
52925,319,Rural,12,120,160,53,F,55.3,4.74,0,-2.84
52814,319,Rural,12,120,160,67,M,67,4.76,0,-2.95
52826,319,Rural,12,120,160,58,F,54.5,6.39,0,-2.95
52875,319,Rural,12,120,160,62,F,59.1,5.33,0,-3.45
52848,319,Rural,12,120,160,66,M,45.7,3.88,0,-2.78
52846,319,Rural,12,120,160,75,F,39.2,6.22,0,-2.67
52876,319,Rural,12,120,160,53,M,49,4.39,0,0.13
52880,319,Rural,12,120,160,59,M,50.7,3.3,0,-2.42
52858,319,Rural,12,120,160,70,F,44.2,5.32,0,-3.05
52813,319,Rural,12,120,160,61,F,57.9,4.14,0,-3.96
52912,319,Rural,12,120,160,58,F,52.2,3.91,0,-2.74
53098,321,Rural,11.8,118,160,57,F,43.1,6.84,1,-1.65
53112,321,Rural,11.8,118,160,67,M,60.3,4.98,1,-1.14
53040,321,Rural,11.8,118,160,69,M,61.1,4.98,1,-1.09
53154,321,Rural,11.8,118,160,75,F,50.7,6.56,0,-5.53
53141,321,Rural,11.8,118,160,68,M,55,6.54,1,-1.67
53101,321,Rural,11.8,118,160,66,M,39.5,6.47,1,-1.51
53055,321,Rural,11.8,118,160,60,M,43.2,5.13,0,-4.95
53100,321,Rural,11.8,118,160,65,M,55.9,6.08,1,2.07
53074,321,Rural,11.8,118,160,70,F,53.1,4.21,0,-2.61
53108,321,Rural,11.8,118,160,72,F,58.8,4.82,0,-1.82
53126,321,Rural,11.8,118,160,48,F,41,5.94,0,-2.72
53080,321,Rural,11.8,118,160,55,F,35.5,4.79,1,-1.03
53123,321,Rural,11.8,118,160,64,M,40.3,4.26,0,-3.16
53103,321,Rural,11.8,118,160,58,M,29.5,5.27,0,-1.4
53148,321,Rural,11.8,118,160,61,M,33.1,5.17,0,-4.65
53090,321,Rural,11.8,118,160,65,M,48.9,6.43,1,-1.8
53078,321,Rural,11.8,118,160,71,M,49.4,5.06,0,-2.29
53102,321,Rural,11.8,118,160,63,M,64.5,4.42,1,-0.55
53110,321,Rural,11.8,118,160,85,F,35.1,4.41,0,-4.39
53075,321,Rural,11.8,118,160,61,M,53.5,4.18,0,-2.26
53082,321,Rural,11.8,118,160,53,F,41.2,5.04,1,-2.09
53122,321,Rural,11.8,118,160,63,M,70.8,5.04,0,-3.35
53047,321,Rural,11.8,118,160,44,M,59.9,5.1,1,-0.1
53118,321,Rural,11.8,118,160,59,F,52.1,3.49,1,-0.92
53111,321,Rural,11.8,118,160,56,M,58.6,5,0,-2.91
53139,321,Rural,11.8,118,160,57,F,53.6,6.93,0,-4.19
53097,321,Rural,11.8,118,160,63,F,49,5.11,0,-4.13
53066,321,Rural,11.8,118,160,63,F,36.9,5.55,0,-2.75
53116,321,Rural,11.8,118,160,73,F,45.9,5.21,0,-1.91
53052,321,Rural,11.8,118,160,84,M,33.9,4.84,0,-3.61
53077,321,Rural,11.8,118,160,68,F,50.6,4.41,0,-2.77
53143,321,Rural,11.8,118,160,49,M,66.8,4.32,1,-0.34
53105,321,Rural,11.8,118,160,61,F,60.9,5.99,1,-1.2
53142,321,Rural,11.8,118,160,59,M,55,6.62,1,0.21
53084,321,Rural,11.8,118,160,61,M,61.1,4.78,1,-0.28
53058,321,Rural,11.8,118,160,62,F,47.2,6.39,0,-4.66
53117,321,Rural,11.8,118,160,48,M,38.4,4.81,0,-3.52
53099,321,Rural,11.8,118,160,59,M,32.6,4.61,1,0.92
53136,321,Rural,11.8,118,160,73,M,44.9,5.44,0,-3.46
53114,321,Rural,11.8,118,160,54,M,36.9,5.57,1,-1.91
53354,323,Rural,13.1,131,160,72,M,50.3,6.66,0,-4.03
53397,323,Rural,13.1,131,160,66,F,42.4,4.69,0,-3.55
53415,323,Rural,13.1,131,160,63,F,54.4,4.05,0,-2.3
53378,323,Rural,13.1,131,160,67,F,65.6,6.76,1,-0.15
53347,323,Rural,13.1,131,160,65,F,29.9,3.21,0,-2.14
53339,323,Rural,13.1,131,160,75,M,54.5,5.75,1,-2.18
53355,323,Rural,13.1,131,160,46,F,50.2,3.1,0,-1.02
53407,323,Rural,13.1,131,160,63,F,50.8,5.91,1,-0.47
53396,323,Rural,13.1,131,160,71,F,59.7,6.41,0,-2.82
53319,323,Rural,13.1,131,160,76,M,39.9,5.74,0,-3.95
53336,323,Rural,13.1,131,160,73,F,48.8,4.66,0,-3.78
53310,323,Rural,13.1,131,160,49,F,39.9,6.24,0,-1.31
53300,323,Rural,13.1,131,160,73,F,34.8,7.82,0,-4.23
53416,323,Rural,13.1,131,160,76,F,31.8,3.87,0,-2.36
53391,323,Rural,13.1,131,160,64,M,59.8,6.98,0,-3.3
53367,323,Rural,13.1,131,160,68,F,48.5,4.9,0,-2.75
53333,323,Rural,13.1,131,160,66,M,45.8,5.28,0,-1.63
53342,323,Rural,13.1,131,160,52,M,41.2,4.67,0,-3.86
53299,323,Rural,13.1,131,160,84,M,36.6,5.38,0,-3.69
53293,323,Rural,13.1,131,160,67,F,44.5,6.24,0,-2.41
53340,323,Rural,13.1,131,160,68,F,29.5,5.28,1,-0.94
53351,323,Rural,13.1,131,160,68,M,45.1,6.15,0,-4.13
53413,323,Rural,13.1,131,160,70,F,47,5.94,0,-3.32
53392,323,Rural,13.1,131,160,66,F,57.1,6.08,0,-2.45
53338,323,Rural,13.1,131,160,64,F,36.2,6.58,0,-3.19
53390,323,Rural,13.1,131,160,53,F,61.9,3.61,0,-1.56
53385,323,Rural,13.1,131,160,49,M,61.3,6.47,0,-2.06
53380,323,Rural,13.1,131,160,64,M,46.7,7.28,0,-1.71
53344,323,Rural,13.1,131,160,54,F,52.6,5.98,1,-1.3
53301,323,Rural,13.1,131,160,53,F,56.7,4.01,0,-3.07
53341,323,Rural,13.1,131,160,66,M,50.6,4.78,0,-5.14
53305,323,Rural,13.1,131,160,71,M,39.5,6.15,0,-3.45
53365,323,Rural,13.1,131,160,76,F,41.7,6.91,0,-2.75
53349,323,Rural,13.1,131,160,67,F,41.2,6.41,0,-3.73
53418,323,Rural,13.1,131,160,66,F,46.1,5.02,1,-1.14
53360,323,Rural,13.1,131,160,56,M,57.7,4.63,0,-3.86
53369,323,Rural,13.1,131,160,62,M,42.2,4.95,0,-2.58
53313,323,Rural,13.1,131,160,67,M,48.6,5.85,0,-2.6
53314,323,Rural,13.1,131,160,56,M,43.7,5.26,0,-0.41
53346,323,Rural,13.1,131,160,66,M,29.7,5.1,0,-1.73
53657,325,Rural,12.600000000000001,126,160,57,M,42.3,5.96,0,-5.18
53565,325,Rural,12.600000000000001,126,160,55,M,47.6,3.56,0,-1.15
53623,325,Rural,12.600000000000001,126,160,80,F,41.9,6.26,0,-3.51
53580,325,Rural,12.600000000000001,126,160,72,F,57.3,5.17,0,-3.83
53655,325,Rural,12.600000000000001,126,160,72,M,47.9,7.31,1,-1.77
53664,325,Rural,12.600000000000001,126,160,83,F,24.2,4.52,0,-2.9
53595,325,Rural,12.600000000000001,126,160,43,M,61.5,5.24,0,-2.34
53591,325,Rural,12.600000000000001,126,160,65,F,36.2,4.95,0,-3.42
53632,325,Rural,12.600000000000001,126,160,57,M,64.6,3.07,0,-1.16
53586,325,Rural,12.600000000000001,126,160,63,F,55.1,6.59,0,-4.79
53558,325,Rural,12.600000000000001,126,160,62,F,53.5,5.27,1,-0.28
53639,325,Rural,12.600000000000001,126,160,55,F,54.6,4.47,0,-2.17
53618,325,Rural,12.600000000000001,126,160,70,M,57.3,3.76,0,-3.6
53673,325,Rural,12.600000000000001,126,160,73,F,33.3,4.55,0,-3.19
53676,325,Rural,12.600000000000001,126,160,68,M,39.5,4.33,0,-2.25
53588,325,Rural,12.600000000000001,126,160,40,F,66.1,4.26,0,-2.14
53624,325,Rural,12.600000000000001,126,160,68,M,39.7,6.98,0,-3.85
53576,325,Rural,12.600000000000001,126,160,74,M,46,5.19,0,-3.9
53680,325,Rural,12.600000000000001,126,160,65,M,39.7,4.4,0,-1.83
53671,325,Rural,12.600000000000001,126,160,56,M,58.7,5.03,1,-0.03
53599,325,Rural,12.600000000000001,126,160,62,F,45.5,5.2,0,-3.11
53670,325,Rural,12.600000000000001,126,160,72,M,38.7,7.19,0,-4.73
53677,325,Rural,12.600000000000001,126,160,74,F,57.1,4.92,0,-3.37
53631,325,Rural,12.600000000000001,126,160,50,M,53.4,5.42,0,-3.13
53569,325,Rural,12.600000000000001,126,160,53,M,49.3,5.16,0,-1.32
53573,325,Rural,12.600000000000001,126,160,65,F,47.1,5.2,0,-2.96
53614,325,Rural,12.600000000000001,126,160,57,M,46.5,5.4,0,-3.99
53621,325,Rural,12.600000000000001,126,160,64,M,52.9,4.87,0,-0.29
53654,325,Rural,12.600000000000001,126,160,63,F,49.9,4.27,0,-2.36
53583,325,Rural,12.600000000000001,126,160,73,M,53.4,5.08,0,-3.88
53597,325,Rural,12.600000000000001,126,160,64,M,36.5,6.39,0,-3.55
53645,325,Rural,12.600000000000001,126,160,65,M,50.1,5.94,0,-3.13
53589,325,Rural,12.600000000000001,126,160,52,M,41.5,5.91,0,-5.35
53611,325,Rural,12.600000000000001,126,160,66,M,59.8,4.17,0,-4.09
53665,325,Rural,12.600000000000001,126,160,65,M,53.4,4.4,0,-2.28
53590,325,Rural,12.600000000000001,126,160,71,F,39.2,5.6,0,-4.72
53656,325,Rural,12.600000000000001,126,160,63,M,37.6,5.23,0,-3.65
53638,325,Rural,12.600000000000001,126,160,58,M,56.8,7.82,0,-2.2
53668,325,Rural,12.600000000000001,126,160,72,M,38.5,5.61,0,-3.22
53675,325,Rural,12.600000000000001,126,160,87,M,47.3,4.78,0,-2.87
54151,330,Rural,11.899999999999999,119,160,58,F,33.1,6.56,0,-4.71
54230,330,Rural,11.899999999999999,119,160,66,F,56.8,3.34,0,1.48
54216,330,Rural,11.899999999999999,119,160,80,M,39.9,4.81,0,-5.05
54211,330,Rural,11.899999999999999,119,160,61,M,66.3,5.48,0,-2.83
54140,330,Rural,11.899999999999999,119,160,56,F,38.5,6.13,0,-3.18
54196,330,Rural,11.899999999999999,119,160,77,F,45.7,5.65,0,-3.02
54146,330,Rural,11.899999999999999,119,160,78,M,40.5,7.44,0,-4.7
54198,330,Rural,11.899999999999999,119,160,56,F,44.8,4.92,0,-1.48
54152,330,Rural,11.899999999999999,119,160,57,F,38.2,6.66,0,-2.93
54143,330,Rural,11.899999999999999,119,160,61,F,60.2,6.05,1,-1.27
54203,330,Rural,11.899999999999999,119,160,49,F,66.9,5.13,0,-1.12
54221,330,Rural,11.899999999999999,119,160,62,M,35.9,5.51,0,-3.27
54243,330,Rural,11.899999999999999,119,160,62,M,69,5.37,1,1.17
54150,330,Rural,11.899999999999999,119,160,60,F,53.6,5.62,0,-4.15
54240,330,Rural,11.899999999999999,119,160,63,M,46.4,3.88,0,-2.06
54138,330,Rural,11.899999999999999,119,160,66,F,49.2,4.71,1,0.47
54157,330,Rural,11.899999999999999,119,160,71,M,27.3,3.37,0,-2.73
54161,330,Rural,11.899999999999999,119,160,64,F,43.2,4.32,0,-3.91
54218,330,Rural,11.899999999999999,119,160,68,F,53.1,6.37,1,-0.6
54184,330,Rural,11.899999999999999,119,160,63,F,40.5,5.9,0,-5.01
54209,330,Rural,11.899999999999999,119,160,72,M,45.4,6.24,0,-1.74
54128,330,Rural,11.899999999999999,119,160,68,F,49,5.78,0,-0.77
54158,330,Rural,11.899999999999999,119,160,47,F,55,5.73,1,-1.21
54173,330,Rural,11.899999999999999,119,160,72,F,52.4,5.81,0,-2.94
54238,330,Rural,11.899999999999999,119,160,67,M,53.5,4.2,0,-2.18
54155,330,Rural,11.899999999999999,119,160,44,F,70.1,4.34,0,-2.9
54219,330,Rural,11.899999999999999,119,160,80,F,51.4,6,0,-4.34
54233,330,Rural,11.899999999999999,119,160,70,F,37.4,5.86,0,-3.39
54178,330,Rural,11.899999999999999,119,160,73,M,43.3,4.43,0,-3.45
54186,330,Rural,11.899999999999999,119,160,78,M,39.5,5.43,0,-3.72
54181,330,Rural,11.899999999999999,119,160,74,F,75,5.39,1,-0.05
54222,330,Rural,11.899999999999999,119,160,68,F,52.9,4.1,0,-2.23
54213,330,Rural,11.899999999999999,119,160,65,M,47.8,6.38,0,-3.67
54236,330,Rural,11.899999999999999,119,160,60,F,57.6,3.77,0,-2.09
54129,330,Rural,11.899999999999999,119,160,48,F,53.4,4.96,0,-3.44
54223,330,Rural,11.899999999999999,119,160,63,M,41.1,6.1,0,-1.42
54229,330,Rural,11.899999999999999,119,160,90,F,48.6,5.83,0,-3.4
54217,330,Rural,11.899999999999999,119,160,66,M,46.9,5.36,1,1.88
54165,330,Rural,11.899999999999999,119,160,58,F,60.2,5.63,0,-1.19
54237,330,Rural,11.899999999999999,119,160,74,F,34.7,5.7,0,-4.12
56570,350,Rural,12.5,125,160,51,F,48.9,8.43,1,-2.53
56663,350,Rural,12.5,125,160,67,F,57,6.16,1,-2.13
56576,350,Rural,12.5,125,160,49,M,47.4,5.3,1,-0.72
56564,350,Rural,12.5,125,160,61,M,42.7,5.76,0,-3.84
56676,350,Rural,12.5,125,160,58,M,50.6,6.68,1,-1.69
56583,350,Rural,12.5,125,160,63,M,49.8,7.94,0,-5.95
56598,350,Rural,12.5,125,160,61,F,42.9,5.84,1,-3.02
56641,350,Rural,12.5,125,160,59,M,39.8,5.3,0,-4.1
56656,350,Rural,12.5,125,160,47,M,46.5,5.66,0,-2.78
56606,350,Rural,12.5,125,160,65,F,44,5.13,0,-4.11
56657,350,Rural,12.5,125,160,59,M,48.7,4.83,0,-3.79
56679,350,Rural,12.5,125,160,43,F,57.1,4.12,0,-4.88
56664,350,Rural,12.5,125,160,55,M,40.8,5.1,1,-2.87
56610,350,Rural,12.5,125,160,68,F,41.4,4.04,0,-4.27
56624,350,Rural,12.5,125,160,74,F,41,6.64,0,-4.22
56625,350,Rural,12.5,125,160,55,M,51.7,4.51,1,-1.75
56651,350,Rural,12.5,125,160,71,F,36.1,5.38,0,-3.03
56569,350,Rural,12.5,125,160,75,M,72.2,6.36,1,-1.32
56561,350,Rural,12.5,125,160,50,F,40.7,4.42,0,-2.36
56681,350,Rural,12.5,125,160,55,M,41.2,5.61,0,-3.24
56562,350,Rural,12.5,125,160,70,M,43.8,5.03,0,-2.14
56574,350,Rural,12.5,125,160,62,M,56.7,5.4,1,-1.82
56597,350,Rural,12.5,125,160,57,F,32.3,5.96,0,-3.55
56647,350,Rural,12.5,125,160,83,M,38.6,4.67,0,-6.49
56582,350,Rural,12.5,125,160,80,F,39,5.33,0,-4.2
56577,350,Rural,12.5,125,160,77,F,50.1,6.42,0,-4.01
56611,350,Rural,12.5,125,160,56,M,60.8,4.2,0,-2.83
56605,350,Rural,12.5,125,160,61,F,47.7,3.85,0,-3.16
56615,350,Rural,12.5,125,160,68,F,58.7,6.59,1,-2.42
56633,350,Rural,12.5,125,160,63,M,52.8,5.63,0,-3.42
56590,350,Rural,12.5,125,160,72,M,40.5,5.81,0,-5.62
56645,350,Rural,12.5,125,160,55,F,62,5.05,0,-3.47
56592,350,Rural,12.5,125,160,67,F,49.1,6.94,0,-6.56
56578,350,Rural,12.5,125,160,60,F,45.7,7.14,0,-4.78
56591,350,Rural,12.5,125,160,67,F,45.1,4.99,0,-3.93
56580,350,Rural,12.5,125,160,62,F,32.2,3.48,0,-2.78
56635,350,Rural,12.5,125,160,72,F,45,6.05,0,-6.69
56680,350,Rural,12.5,125,160,51,F,51.9,5.1,0,-2.38
56654,350,Rural,12.5,125,160,71,F,64.9,4.76,1,-1.13
56636,350,Rural,12.5,125,160,54,M,57.5,5.4,0,-4.09
57142,354,Rural,11.2,112,160,48,M,47.2,5.07,0,-3.52
57135,354,Rural,11.2,112,160,83,F,32.3,4.51,0,-3.99
57123,354,Rural,11.2,112,160,64,F,53.7,6.55,1,-1.92
57095,354,Rural,11.2,112,160,47,M,67.7,5.29,1,-1.21
57072,354,Rural,11.2,112,160,68,M,66.6,6.2,0,-2.9
57097,354,Rural,11.2,112,160,62,F,56.1,3.34,0,-2.2
57121,354,Rural,11.2,112,160,56,M,67.2,5.82,0,-2.2
57176,354,Rural,11.2,112,160,81,M,48.5,3.51,0,-2.82
57079,354,Rural,11.2,112,160,64,F,39.4,5.52,0,-3.8
57141,354,Rural,11.2,112,160,64,F,63.5,4.85,0,-4.94
57169,354,Rural,11.2,112,160,78,M,36.8,6.24,0,-3.43
57150,354,Rural,11.2,112,160,67,M,53.8,5.98,0,-3.54
57119,354,Rural,11.2,112,160,67,F,47.5,5.09,1,-3.34
57082,354,Rural,11.2,112,160,61,M,47.3,4.55,0,-1.77
57114,354,Rural,11.2,112,160,64,F,57.5,5.35,0,-3.32
57134,354,Rural,11.2,112,160,53,M,52.7,4.02,0,-1.42
57074,354,Rural,11.2,112,160,59,M,54.7,4.53,1,-2.92
57086,354,Rural,11.2,112,160,64,M,45.9,6.87,1,-2.18
57156,354,Rural,11.2,112,160,51,F,50.6,6.52,1,0.34
57158,354,Rural,11.2,112,160,61,F,51.6,5.29,1,-1.9
57073,354,Rural,11.2,112,160,53,M,44.8,4.22,0,-1.87
57089,354,Rural,11.2,112,160,65,M,50.7,5.11,0,-4.55
57113,354,Rural,11.2,112,160,66,M,37.4,5.81,0,-5.16
57130,354,Rural,11.2,112,160,52,M,60.6,5.39,1,-1.6
57124,354,Rural,11.2,112,160,74,M,36.9,5.39,0,-3.05
57179,354,Rural,11.2,112,160,62,F,66.3,3.56,0,-2.06
57118,354,Rural,11.2,112,160,47,M,52.7,5.44,1,-1.08
57127,354,Rural,11.2,112,160,78,F,50.9,5.51,1,-3.15
57094,354,Rural,11.2,112,160,62,M,38.1,5,0,-3.97
57145,354,Rural,11.2,112,160,61,F,48.7,5.41,1,-1.2
57077,354,Rural,11.2,112,160,79,M,56.2,3.27,1,-0.49
57110,354,Rural,11.2,112,160,53,F,60.4,4.36,0,-2.33
57088,354,Rural,11.2,112,160,68,F,42.9,6.76,0,-3.55
57160,354,Rural,11.2,112,160,69,F,44.3,7.02,1,-0.66
57093,354,Rural,11.2,112,160,65,M,53.5,5.73,1,-2.15
57083,354,Rural,11.2,112,160,65,M,38.9,4.84,0,-2.94
57151,354,Rural,11.2,112,160,68,M,39.5,5.2,0,-3.14
57129,354,Rural,11.2,112,160,64,M,52.9,3.98,0,-2.05
57136,354,Rural,11.2,112,160,77,M,41.5,4,0,-3.76
57101,354,Rural,11.2,112,160,55,M,50.1,5.76,1,-0.85
57759,359,Rural,12.7,127,160,64,M,44.5,5.33,0,-0.72
57733,359,Rural,12.7,127,160,62,M,51.5,4.86,0,-2.42
57737,359,Rural,12.7,127,160,81,M,42.5,4.55,1,-0.21
57680,359,Rural,12.7,127,160,69,F,48.3,4.94,0,-0.34
57792,359,Rural,12.7,127,160,61,F,54.4,4.43,0,-1.54
57742,359,Rural,12.7,127,160,86,F,51,5.23,0,-3.23
57713,359,Rural,12.7,127,160,55,M,46.4,5.16,0,-2.02
57752,359,Rural,12.7,127,160,68,M,45.3,5.22,0,-0.93
57764,359,Rural,12.7,127,160,80,M,39.8,4.68,0,-2.74
57708,359,Rural,12.7,127,160,72,M,48.1,5.57,0,-3.6
57693,359,Rural,12.7,127,160,73,M,46.9,4.81,0,-2.71
57794,359,Rural,12.7,127,160,66,F,47.7,4.7,0,-0.19
57724,359,Rural,12.7,127,160,49,M,57.9,4.58,1,-0.58
57720,359,Rural,12.7,127,160,66,F,32.4,5.78,0,-0.21
57762,359,Rural,12.7,127,160,58,M,34.6,5.67,0,-1.9
57696,359,Rural,12.7,127,160,75,F,39.9,2.78,0,-2.21
57723,359,Rural,12.7,127,160,65,M,75,7.04,1,1.45
57675,359,Rural,12.7,127,160,71,M,43.7,5.55,0,0.24
57689,359,Rural,12.7,127,160,61,M,45.2,3.5,1,1.82
57671,359,Rural,12.7,127,160,67,F,63.1,6.81,0,-0.74
57774,359,Rural,12.7,127,160,70,F,39.7,4.97,0,-1.72
57702,359,Rural,12.7,127,160,72,M,43.8,4.8,0,-2.06
57725,359,Rural,12.7,127,160,69,M,51.4,6.17,0,-2.19
57692,359,Rural,12.7,127,160,61,M,45.4,5.2,0,-2.3
57730,359,Rural,12.7,127,160,72,F,52.6,4.37,0,-1.4
57676,359,Rural,12.7,127,160,48,F,47.3,5.75,0,-2.2
57711,359,Rural,12.7,127,160,70,F,43.9,6.48,1,2.25
57709,359,Rural,12.7,127,160,50,F,56.8,6.18,1,0.83
57700,359,Rural,12.7,127,160,54,F,44.7,5.54,1,-0.43
57718,359,Rural,12.7,127,160,73,M,36,6.32,0,-3.91
57755,359,Rural,12.7,127,160,68,M,39.3,4.37,0,0.53
57705,359,Rural,12.7,127,160,74,F,57.9,6.54,0,-1.05
57790,359,Rural,12.7,127,160,64,F,62.3,6.08,0,-0.98
57770,359,Rural,12.7,127,160,64,M,57.1,5.71,0,0.83
57791,359,Rural,12.7,127,160,70,F,45.8,5.97,0,-0.51
57721,359,Rural,12.7,127,160,53,F,58.4,3.58,0,-0.19
57701,359,Rural,12.7,127,160,68,F,63.7,4.72,1,-0.24
57769,359,Rural,12.7,127,160,69,F,48.1,5.96,0,-1.69
57757,359,Rural,12.7,127,160,70,M,55.3,5.82,1,0.38
57753,359,Rural,12.7,127,160,54,M,38.6,5.83,0,-2.37
58265,363,Rural,12,120,160,61,M,52.1,5.29,1,-1.2
58248,363,Rural,12,120,160,73,M,40.6,3.89,0,-2.43
58228,363,Rural,12,120,160,61,F,37.8,6.24,0,-3.69
58168,363,Rural,12,120,160,72,M,40.7,3.37,0,-3.11
58200,363,Rural,12,120,160,65,F,63.8,4.99,1,0.87
58172,363,Rural,12,120,160,63,F,47,5.91,0,-4.24
58281,363,Rural,12,120,160,64,M,53.6,5.61,1,-1.99
58187,363,Rural,12,120,160,75,M,58.3,5.13,1,-0.32
58192,363,Rural,12,120,160,74,F,55.5,6.2,0,-2.68
58222,363,Rural,12,120,160,68,F,47.4,3.79,0,-2.41
58227,363,Rural,12,120,160,60,M,65,6.75,1,-0.56
58283,363,Rural,12,120,160,74,F,54.3,6.14,1,-2.2
58286,363,Rural,12,120,160,62,M,53.6,3.67,1,0.16
58204,363,Rural,12,120,160,57,M,31.5,5.08,0,-4.07
58198,363,Rural,12,120,160,74,F,41.2,5.09,1,-2.71
58240,363,Rural,12,120,160,57,M,55.6,6.52,0,-4.31
58182,363,Rural,12,120,160,65,F,49,4.38,0,-0.42
58188,363,Rural,12,120,160,64,M,49,6.27,0,-4.77
58197,363,Rural,12,120,160,55,M,47.9,4.78,1,-1.12
58284,363,Rural,12,120,160,83,M,41.4,5.09,0,-4.83
58276,363,Rural,12,120,160,56,M,41.9,6.16,1,-0.94
58272,363,Rural,12,120,160,61,M,43.1,4.3,0,-3.1
58229,363,Rural,12,120,160,73,M,56.9,6.56,0,-4.07
58173,363,Rural,12,120,160,62,F,43.3,5.28,1,-2.83
58183,363,Rural,12,120,160,63,F,51.7,5.41,1,-2.05
58252,363,Rural,12,120,160,58,F,54.2,5.26,1,-1.62
58186,363,Rural,12,120,160,55,F,49,6.65,0,-3.68
58275,363,Rural,12,120,160,49,F,55.1,3.89,1,-1.72
58217,363,Rural,12,120,160,66,F,44.8,4.57,1,-1.24
58258,363,Rural,12,120,160,51,F,69.1,3.79,1,-0.23
58230,363,Rural,12,120,160,78,F,45.2,5.03,0,-4.75
58203,363,Rural,12,120,160,66,F,67.7,5.76,1,-0.81
58261,363,Rural,12,120,160,67,M,35.1,5.48,1,-0.88
58247,363,Rural,12,120,160,76,F,45.1,5.38,0,-3.36
58225,363,Rural,12,120,160,52,M,53.8,4.92,1,-0.56
58207,363,Rural,12,120,160,46,M,53.2,5.87,0,-3.03
58263,363,Rural,12,120,160,65,F,40.7,4.14,0,-4.06
58234,363,Rural,12,120,160,70,F,41.2,4.42,1,-1.42
58268,363,Rural,12,120,160,56,F,40.5,6.06,1,-0.39
58179,363,Rural,12,120,160,64,M,39.1,5.42,0,-3.72
58325,364,Rural,12.200000000000001,122,160,75,M,49.8,6.03,0,-2.74
58402,364,Rural,12.200000000000001,122,160,51,F,41.1,4.17,0,-3.12
58337,364,Rural,12.200000000000001,122,160,68,M,62.5,6.04,1,-0.94
58291,364,Rural,12.200000000000001,122,160,57,F,46.2,3.28,1,-2.91
58320,364,Rural,12.200000000000001,122,160,62,F,46.3,6.49,0,-2.1
58361,364,Rural,12.200000000000001,122,160,75,M,38,6.94,1,-2.09
58307,364,Rural,12.200000000000001,122,160,54,F,63.5,4.74,1,-1.33
58396,364,Rural,12.200000000000001,122,160,69,F,41.4,4.83,1,-1.17
58347,364,Rural,12.200000000000001,122,160,69,F,49.6,5.53,0,-2.6
58368,364,Rural,12.200000000000001,122,160,62,F,49.7,7.21,1,-1.87
58369,364,Rural,12.200000000000001,122,160,73,F,50,7.35,0,-3.26
58384,364,Rural,12.200000000000001,122,160,52,M,42.9,5.22,1,-2.56
58302,364,Rural,12.200000000000001,122,160,67,F,35.5,5.33,1,-2.4
58298,364,Rural,12.200000000000001,122,160,49,F,59.7,2.21,0,-3.26
58394,364,Rural,12.200000000000001,122,160,54,F,61.1,5.5,0,-1.45
58363,364,Rural,12.200000000000001,122,160,65,F,35.9,6.08,0,-3.06
58324,364,Rural,12.200000000000001,122,160,86,M,44.5,4.1,0,-3.4
58294,364,Rural,12.200000000000001,122,160,57,F,59,4.15,1,-1.28
58293,364,Rural,12.200000000000001,122,160,70,F,54.2,5.13,0,-4.06
58319,364,Rural,12.200000000000001,122,160,64,M,54.7,4.61,0,-1.59
58378,364,Rural,12.200000000000001,122,160,66,M,50.8,8.81,1,1.02
58375,364,Rural,12.200000000000001,122,160,89,M,42.7,5.95,0,-2.18
58315,364,Rural,12.200000000000001,122,160,73,M,60.9,6.3,1,-0.11
58356,364,Rural,12.200000000000001,122,160,79,F,46.4,3.68,0,-2.66
58311,364,Rural,12.200000000000001,122,160,65,M,42.6,5.34,1,-2.6
58358,364,Rural,12.200000000000001,122,160,84,M,25.3,5.4,0,-3.52
58296,364,Rural,12.200000000000001,122,160,58,F,50.2,5.05,1,-1.65
58336,364,Rural,12.200000000000001,122,160,72,F,34.4,4.68,1,-2.51
58316,364,Rural,12.200000000000001,122,160,40,F,53.8,7.57,1,0.49
58390,364,Rural,12.200000000000001,122,160,53,F,75,4.46,1,0.4
58399,364,Rural,12.200000000000001,122,160,52,M,28.4,6.82,0,-3.41
58357,364,Rural,12.200000000000001,122,160,52,F,35.9,2.93,0,-2.94
58409,364,Rural,12.200000000000001,122,160,72,M,75,5.52,0,-2.07
58290,364,Rural,12.200000000000001,122,160,78,M,59.3,4.78,0,-3.4
58334,364,Rural,12.200000000000001,122,160,67,F,36.6,5.47,0,-1.62
58305,364,Rural,12.200000000000001,122,160,66,M,42.5,5.45,0,-3.83
58339,364,Rural,12.200000000000001,122,160,67,F,54.4,7.04,1,-2.18
58351,364,Rural,12.200000000000001,122,160,75,F,40,5.13,0,-4.17
58317,364,Rural,12.200000000000001,122,160,43,F,46.6,6.4,0,-1.25
58400,364,Rural,12.200000000000001,122,160,55,M,51,5.4,0,-4.82
58660,367,Rural,12.1,121,160,55,F,75,5.74,1,-1.15
58703,367,Rural,12.1,121,160,65,M,48,6.45,1,-1.07
58767,367,Rural,12.1,121,160,65,M,61.9,3.01,1,0.06
58683,367,Rural,12.1,121,160,73,M,35.6,4.63,0,-3.7
58754,367,Rural,12.1,121,160,74,M,47.2,5.48,0,-3
58746,367,Rural,12.1,121,160,75,M,44.5,5.95,0,-3.68
58750,367,Rural,12.1,121,160,67,M,53.2,6.01,0,-2.79
58760,367,Rural,12.1,121,160,59,M,50.4,4.76,0,-2.93
58669,367,Rural,12.1,121,160,75,F,69.5,5.81,0,-3.79
58743,367,Rural,12.1,121,160,63,F,31.5,4.01,0,-1.95
58755,367,Rural,12.1,121,160,40,M,56.5,5.27,0,-1.33
58770,367,Rural,12.1,121,160,74,F,20,4.59,1,-1.88
58707,367,Rural,12.1,121,160,64,M,51.4,4.38,1,-2.35
58696,367,Rural,12.1,121,160,53,F,45.4,5.8,1,-2.1
58773,367,Rural,12.1,121,160,76,M,50.7,5.27,0,-2.47
58682,367,Rural,12.1,121,160,60,F,45.1,6.03,0,-2.91
58731,367,Rural,12.1,121,160,62,F,45.7,4.68,0,-1.96
58777,367,Rural,12.1,121,160,74,F,37.8,6.14,0,-3.66
58765,367,Rural,12.1,121,160,71,F,52.9,5.87,1,-1.77
58657,367,Rural,12.1,121,160,56,M,62.7,3.79,0,-3.12
58718,367,Rural,12.1,121,160,54,F,54.4,4.92,0,-2.29
58680,367,Rural,12.1,121,160,72,F,38.7,5.51,0,-3.29
58720,367,Rural,12.1,121,160,60,F,46.4,6.23,0,-2.28
58659,367,Rural,12.1,121,160,83,M,41.9,6.31,0,-2.27
58688,367,Rural,12.1,121,160,60,M,61.5,5.01,1,-1
58708,367,Rural,12.1,121,160,58,M,43.6,4.48,0,-0.63
58739,367,Rural,12.1,121,160,53,F,53.2,5.47,0,-3.18
58722,367,Rural,12.1,121,160,64,M,44.6,5.96,1,-1.46
58690,367,Rural,12.1,121,160,69,M,54.4,3.53,0,-4.8
58736,367,Rural,12.1,121,160,64,M,45.8,4.15,0,-1.77
58734,367,Rural,12.1,121,160,69,M,51.2,5.27,0,-1.86
58740,367,Rural,12.1,121,160,63,M,50.7,4.01,0,-1.15
58751,367,Rural,12.1,121,160,69,F,51.5,3.97,0,-2.49
58667,367,Rural,12.1,121,160,54,M,62.3,6.08,0,-2.36
58700,367,Rural,12.1,121,160,61,F,53,6.98,1,0.4
58733,367,Rural,12.1,121,160,64,M,67.8,5.83,1,-0.59
58663,367,Rural,12.1,121,160,60,F,45.2,5.45,0,-1.46
58709,367,Rural,12.1,121,160,69,F,52.5,4.82,1,-1.3
58768,367,Rural,12.1,121,160,60,F,41.7,5.1,0,-1.88
58662,367,Rural,12.1,121,160,50,M,50.9,3.04,1,-1.86
59163,371,Rural,10.3,103,160,74,F,41.2,4.32,1,-1.68
59161,371,Rural,10.3,103,160,89,F,51.4,5.47,0,-2.9
59197,371,Rural,10.3,103,160,82,M,35,5.66,0,-3
59177,371,Rural,10.3,103,160,72,M,43.4,4.38,0,-3.09
59165,371,Rural,10.3,103,160,66,M,43.4,5.92,0,-2.88
59201,371,Rural,10.3,103,160,58,F,52.3,4.51,1,-0.27
59204,371,Rural,10.3,103,160,61,F,60.9,7.6,1,0.88
59198,371,Rural,10.3,103,160,72,F,52,4.07,0,-2.22
59124,371,Rural,10.3,103,160,68,M,55,5.47,1,-0.34
59171,371,Rural,10.3,103,160,61,M,42.4,6.63,1,-2.68
59152,371,Rural,10.3,103,160,89,F,21.6,5.29,0,-4.17
59151,371,Rural,10.3,103,160,70,M,24.2,5.39,0,-3.41
59131,371,Rural,10.3,103,160,62,M,41.9,3.36,0,-2.49
59221,371,Rural,10.3,103,160,68,F,40,4.88,1,0.29
59184,371,Rural,10.3,103,160,72,M,43.8,5.19,1,-1.27
59141,371,Rural,10.3,103,160,63,F,41.6,4.47,0,-1.28
59129,371,Rural,10.3,103,160,55,F,43.6,5.28,0,-3.09
59150,371,Rural,10.3,103,160,72,F,52.4,3.71,0,-2.3
59132,371,Rural,10.3,103,160,59,F,41.1,6.11,1,-0.87
59153,371,Rural,10.3,103,160,48,F,48.9,5.46,1,-1.07
59218,371,Rural,10.3,103,160,64,M,69.9,5.69,1,-0.59
59217,371,Rural,10.3,103,160,61,M,37.6,5.37,1,0.22
59158,371,Rural,10.3,103,160,68,M,57.2,5.65,0,-3.56
59142,371,Rural,10.3,103,160,53,F,43.3,4.89,1,-1.03
59175,371,Rural,10.3,103,160,90,F,38.8,5.63,0,-3.44
59194,371,Rural,10.3,103,160,56,F,51.6,5.12,1,-0.95
59166,371,Rural,10.3,103,160,71,F,47,5.54,0,-2.3
59169,371,Rural,10.3,103,160,76,F,57.8,4.76,0,-2.7
59123,371,Rural,10.3,103,160,62,M,52,5.58,1,-2.45
59127,371,Rural,10.3,103,160,69,F,51,5.68,0,-2.28
59162,371,Rural,10.3,103,160,57,F,55.2,5.24,0,-1.97
59155,371,Rural,10.3,103,160,56,M,36.2,5.13,0,-1.95
59196,371,Rural,10.3,103,160,45,F,52.3,5.74,1,-1.27
59178,371,Rural,10.3,103,160,66,M,52.1,5.57,0,-2.92
59180,371,Rural,10.3,103,160,45,F,66,6.09,1,-0.54
59207,371,Rural,10.3,103,160,56,M,52.7,6.72,1,0.92
59202,371,Rural,10.3,103,160,67,F,68.5,4.78,1,-0.81
59174,371,Rural,10.3,103,160,60,M,58.8,1.82,0,-2.82
59186,371,Rural,10.3,103,160,49,M,54.8,4.91,1,1.21
59121,371,Rural,10.3,103,160,64,M,48.2,5.28,0,-1.64
59825,377,Rural,11.5,115,160,63,F,64.1,6.2,0,-2.3
59891,377,Rural,11.5,115,160,58,F,49.9,5.22,0,-3.17
59834,377,Rural,11.5,115,160,48,M,58.8,4.3,0,0.23
59838,377,Rural,11.5,115,160,55,M,48.1,3.88,1,-2.07
59895,377,Rural,11.5,115,160,62,F,48.7,4.62,0,-0.89
59869,377,Rural,11.5,115,160,58,M,62.8,4.54,0,-1.95
59861,377,Rural,11.5,115,160,51,F,57.3,5.94,0,-1.98
59868,377,Rural,11.5,115,160,79,F,58.7,5.3,0,-5.08
59854,377,Rural,11.5,115,160,70,M,31.8,5.07,0,-2.87
59811,377,Rural,11.5,115,160,75,M,57.7,3.82,0,-2.62
59886,377,Rural,11.5,115,160,63,F,61,5.58,0,0.42
59835,377,Rural,11.5,115,160,56,M,49.2,4.05,0,-0.78
59822,377,Rural,11.5,115,160,74,M,62,5.27,0,-3.93
59896,377,Rural,11.5,115,160,62,F,52.3,4.7,1,0.02
59920,377,Rural,11.5,115,160,63,M,44.3,5.4,0,-3.42
59918,377,Rural,11.5,115,160,70,M,50.2,5.61,0,-1.94
59921,377,Rural,11.5,115,160,62,M,51.1,7.12,1,-2.35
59828,377,Rural,11.5,115,160,65,M,35.5,6.98,0,-3.11
59832,377,Rural,11.5,115,160,48,M,53.4,4.91,0,-2.46
59839,377,Rural,11.5,115,160,62,F,58.1,3.87,0,-3.04
59881,377,Rural,11.5,115,160,70,M,44,6.39,0,-3.37
59859,377,Rural,11.5,115,160,59,F,49.8,5.4,1,-0.62
59830,377,Rural,11.5,115,160,69,M,43.6,7.49,0,-3.19
59821,377,Rural,11.5,115,160,54,M,51.6,3.49,0,-2
59841,377,Rural,11.5,115,160,74,F,47.3,5.42,0,-2.84
59823,377,Rural,11.5,115,160,68,F,46.9,5.86,1,-0.33
59849,377,Rural,11.5,115,160,55,M,60.9,4.48,0,-2.4
59824,377,Rural,11.5,115,160,59,F,45.1,5.76,0,-1.21
59820,377,Rural,11.5,115,160,51,F,54.2,6.13,0,-0.52
59850,377,Rural,11.5,115,160,61,M,60.2,4.54,1,-0.49
59882,377,Rural,11.5,115,160,56,F,60.1,4.75,1,-0.51
59877,377,Rural,11.5,115,160,73,M,51.8,4.26,0,-3.42
59807,377,Rural,11.5,115,160,44,M,47.2,6.23,0,-1.79
59913,377,Rural,11.5,115,160,66,F,62.6,3.58,0,-0.9
59867,377,Rural,11.5,115,160,74,F,43.6,6.49,1,-0.83
59808,377,Rural,11.5,115,160,63,F,31,3.84,0,-2.4
59907,377,Rural,11.5,115,160,57,M,38.6,5.63,1,-0.38
59899,377,Rural,11.5,115,160,56,M,54.8,5.84,1,-1.31
59915,377,Rural,11.5,115,160,75,F,47.6,6.33,1,-0.76
59813,377,Rural,11.5,115,160,59,M,52,5.53,0,-2.82
59988,378,Rural,13.3,133,160,60,M,50.8,6.12,1,-0.82
60021,378,Rural,13.3,133,160,53,M,50.2,4.97,0,-3.64
59963,378,Rural,13.3,133,160,58,M,53.8,5.84,0,-2.14
60032,378,Rural,13.3,133,160,72,M,35.2,3.74,0,-2.75
59968,378,Rural,13.3,133,160,68,F,44.6,5.42,0,-2.3
59927,378,Rural,13.3,133,160,51,M,72.2,4.44,1,-0.2
59991,378,Rural,13.3,133,160,61,M,62,5.59,0,-2.46
60012,378,Rural,13.3,133,160,64,M,43,6.19,0,-3.38
59937,378,Rural,13.3,133,160,40,F,57.8,5.12,1,-2.19
60026,378,Rural,13.3,133,160,66,F,30.7,4.72,0,-3.53
60034,378,Rural,13.3,133,160,50,M,51.4,5.34,1,-0.6
59973,378,Rural,13.3,133,160,48,M,47.4,6.99,1,-0.12
59999,378,Rural,13.3,133,160,64,M,57.4,4.98,0,-1.97
59962,378,Rural,13.3,133,160,40,F,38.8,5.95,1,-0.26
59924,378,Rural,13.3,133,160,45,M,61.2,3.79,0,-1.97
60049,378,Rural,13.3,133,160,57,M,45.8,5.6,0,-2.99
60052,378,Rural,13.3,133,160,72,M,43.7,4.39,0,-2.77
59969,378,Rural,13.3,133,160,58,M,58.8,6.6,1,-1.44
59928,378,Rural,13.3,133,160,54,M,60,6.29,1,-0.42
59971,378,Rural,13.3,133,160,86,M,42.7,3.84,0,-3.53
59944,378,Rural,13.3,133,160,66,F,55.1,4.45,1,-1.5
60048,378,Rural,13.3,133,160,67,F,54.3,3.93,0,-2.93
59936,378,Rural,13.3,133,160,60,M,54.4,3.68,0,-2.88
59994,378,Rural,13.3,133,160,77,M,50.1,5.58,0,-4.12
59967,378,Rural,13.3,133,160,61,F,51.4,5.49,0,-4.24
59947,378,Rural,13.3,133,160,72,F,54.7,5.44,1,0.65
59929,378,Rural,13.3,133,160,58,F,53.5,5.63,0,-3.04
59972,378,Rural,13.3,133,160,62,F,43.1,4.55,0,-4.35
59946,378,Rural,13.3,133,160,63,F,44.1,6.37,1,-1.39
60027,378,Rural,13.3,133,160,62,F,43,6.28,0,-3.61
60025,378,Rural,13.3,133,160,64,F,29.9,5.56,0,-5.14
59940,378,Rural,13.3,133,160,53,F,60.2,5.58,1,-2.03
59966,378,Rural,13.3,133,160,62,F,32.2,5.74,0,-2.97
60035,378,Rural,13.3,133,160,53,M,51.2,4.45,1,-3.19
59976,378,Rural,13.3,133,160,62,M,59.8,3.1,1,-2.68
60036,378,Rural,13.3,133,160,65,F,41.3,5.5,1,-0.45
59990,378,Rural,13.3,133,160,51,F,43.8,5.65,0,-2.84
59941,378,Rural,13.3,133,160,69,M,48.1,5.86,0,-3.93
59987,378,Rural,13.3,133,160,73,M,41.7,6.93,1,-1.06
60003,378,Rural,13.3,133,160,44,F,65.3,5,1,0.31
60829,385,Rural,11.2,112,160,45,M,50.9,6.08,0,-3.28
60850,385,Rural,11.2,112,160,52,M,44.8,5.55,1,-0.04
60766,385,Rural,11.2,112,160,54,F,46,4.78,1,1.52
60757,385,Rural,11.2,112,160,61,F,50.7,3.81,1,0.01
60818,385,Rural,11.2,112,160,72,M,54,4.88,0,-2.7
60765,385,Rural,11.2,112,160,61,M,49.2,7.09,0,-3.12
60774,385,Rural,11.2,112,160,73,F,36.4,6.09,0,-3.13
60767,385,Rural,11.2,112,160,74,M,57.3,4.77,0,-3.71
60833,385,Rural,11.2,112,160,86,F,28.8,5.72,0,-2.86
60859,385,Rural,11.2,112,160,58,F,61.2,4.06,0,-3.2
60780,385,Rural,11.2,112,160,67,F,46.7,2.91,0,-1.94
60827,385,Rural,11.2,112,160,54,M,58.6,5.16,0,-1.19
60789,385,Rural,11.2,112,160,75,F,47.7,6.15,0,-2.92
60825,385,Rural,11.2,112,160,75,F,49.4,7.35,0,-1.96
60779,385,Rural,11.2,112,160,63,M,65.2,5.71,1,-0.12
60758,385,Rural,11.2,112,160,67,M,57.9,5.49,1,-2.14
60764,385,Rural,11.2,112,160,67,M,70.8,3.79,1,-1.37
60817,385,Rural,11.2,112,160,79,F,44.3,3.92,0,-1.36
60754,385,Rural,11.2,112,160,69,F,47.9,4.8,0,-2.9
60800,385,Rural,11.2,112,160,60,F,56.9,4.95,0,-3.12
60807,385,Rural,11.2,112,160,73,M,42.4,3.98,0,-0.67
60863,385,Rural,11.2,112,160,59,F,50.3,5.7,0,-4.16
60835,385,Rural,11.2,112,160,75,M,40,4.48,0,-0.14
60845,385,Rural,11.2,112,160,69,M,35.4,2.78,0,-0.96
60819,385,Rural,11.2,112,160,79,M,31.9,4.19,0,-2.35
60816,385,Rural,11.2,112,160,54,M,62.5,5.31,1,-0.41
60756,385,Rural,11.2,112,160,73,M,37.2,5.55,0,-2.6
60815,385,Rural,11.2,112,160,72,F,52,5.83,0,-3.36
60792,385,Rural,11.2,112,160,69,F,60.1,5.31,1,-0.48
60826,385,Rural,11.2,112,160,56,M,40.3,6.09,0,-3.1
60814,385,Rural,11.2,112,160,73,F,30.4,4.39,0,-2.4
60781,385,Rural,11.2,112,160,77,M,44.7,5.87,0,-1.79
60804,385,Rural,11.2,112,160,70,F,47.3,5.35,0,-2.47
60857,385,Rural,11.2,112,160,56,M,52.4,5.78,1,-1.82
60840,385,Rural,11.2,112,160,81,M,41.5,4.77,0,-2.65
60799,385,Rural,11.2,112,160,58,M,45.7,5.19,1,-0.13
60785,385,Rural,11.2,112,160,79,F,36.9,4.68,0,-3
60788,385,Rural,11.2,112,160,80,M,40.3,5.98,0,-4.27
60841,385,Rural,11.2,112,160,70,F,52.4,4.73,1,-1.34
60801,385,Rural,11.2,112,160,70,F,46.3,5.85,1,-0.47
61718,393,Rural,12.8,128,160,57,F,39.2,5.05,1,-1.26
61742,393,Rural,12.8,128,160,64,F,42.9,3.93,0,-4.28
61696,393,Rural,12.8,128,160,69,F,43.3,5.33,1,-0.38
61747,393,Rural,12.8,128,160,66,F,35.5,6.94,1,-1.54
61739,393,Rural,12.8,128,160,65,F,52,5.01,1,-0.72
61692,393,Rural,12.8,128,160,64,F,40.5,4.8,1,-3.8
61713,393,Rural,12.8,128,160,57,F,63.4,3.77,0,-1.77
61703,393,Rural,12.8,128,160,54,F,60.1,6.93,1,-1.35
61764,393,Rural,12.8,128,160,71,F,45.5,4.4,1,-1.02
61792,393,Rural,12.8,128,160,76,M,49.3,4.57,1,-2.59
61751,393,Rural,12.8,128,160,68,M,67,5.75,0,-2.55
61678,393,Rural,12.8,128,160,62,M,45.2,7.61,1,-2.85
61780,393,Rural,12.8,128,160,52,M,58.9,3.88,0,-2.14
61733,393,Rural,12.8,128,160,58,M,46.8,4.82,0,-2.62
61771,393,Rural,12.8,128,160,56,M,58.7,5.29,1,1.3
61683,393,Rural,12.8,128,160,59,F,47.1,6.14,1,0.61
61757,393,Rural,12.8,128,160,67,M,44,6.77,1,-2.71
61778,393,Rural,12.8,128,160,65,M,36,2.79,0,-2.17
61693,393,Rural,12.8,128,160,82,M,39.8,5.5,0,-4.47
61728,393,Rural,12.8,128,160,67,F,44.1,5.73,1,-0.5
61772,393,Rural,12.8,128,160,54,F,55.6,3.9,1,-0.57
61684,393,Rural,12.8,128,160,60,M,43.1,5.34,1,0.44
61790,393,Rural,12.8,128,160,72,M,41.6,3.7,0,-2.18
61722,393,Rural,12.8,128,160,65,F,57,6.99,1,-2.6
61687,393,Rural,12.8,128,160,62,M,52.4,5.57,0,-2.48
61786,393,Rural,12.8,128,160,72,F,52,4.37,0,-2.22
61705,393,Rural,12.8,128,160,72,F,55.4,6.24,1,-1.09
61748,393,Rural,12.8,128,160,71,F,67.2,6.73,1,-0.96
61710,393,Rural,12.8,128,160,57,F,46.5,5.05,0,-2.57
61723,393,Rural,12.8,128,160,71,M,33.9,4.76,0,-3.27
61784,393,Rural,12.8,128,160,68,F,46.5,4,0,-2.21
61708,393,Rural,12.8,128,160,54,F,50.3,3.5,0,-1.18
61776,393,Rural,12.8,128,160,84,F,39.6,2.63,0,-2.16
61781,393,Rural,12.8,128,160,67,F,42.4,6.83,0,-3.46
61795,393,Rural,12.8,128,160,68,F,32,4.95,0,-4.57
61752,393,Rural,12.8,128,160,58,F,40.5,5.48,0,-2.91
61681,393,Rural,12.8,128,160,65,M,46.5,5.02,0,-3.47
61759,393,Rural,12.8,128,160,78,F,45.3,5.14,0,-2.26
61709,393,Rural,12.8,128,160,71,F,41.2,3.95,0,-3.31
61730,393,Rural,12.8,128,160,62,M,47.5,5.51,1,-2.38
62488,399,Rural,11.8,118,160,60,M,53.7,3.23,0,-3
62466,399,Rural,11.8,118,160,65,F,43.3,5.99,0,-5.04
62387,399,Rural,11.8,118,160,65,M,47.9,5.05,0,-2.32
62419,399,Rural,11.8,118,160,67,M,49,4.27,1,-1.72
62424,399,Rural,11.8,118,160,63,M,41.7,3.71,0,-1.74
62471,399,Rural,11.8,118,160,53,F,52.3,3.88,0,-2.11
62389,399,Rural,11.8,118,160,60,M,55.7,6.45,0,-2.26
62405,399,Rural,11.8,118,160,83,F,52.9,4.51,0,-2.68
62425,399,Rural,11.8,118,160,60,F,38.2,6.21,0,-3.84
62422,399,Rural,11.8,118,160,57,M,39.3,6.45,0,-1.82
62483,399,Rural,11.8,118,160,71,M,64.6,4.23,0,-3.34
62477,399,Rural,11.8,118,160,43,F,72,5.42,1,-0.54
62426,399,Rural,11.8,118,160,79,F,52.8,4.33,0,-3.86
62458,399,Rural,11.8,118,160,65,M,40.9,5.04,0,-2.91
62407,399,Rural,11.8,118,160,72,F,37.4,3.32,0,-1.98
62440,399,Rural,11.8,118,160,67,M,44.1,4.29,0,-2.96
62443,399,Rural,11.8,118,160,71,M,48.7,4.13,0,-2.15
62394,399,Rural,11.8,118,160,67,M,38,6.46,0,-4.37
62487,399,Rural,11.8,118,160,55,M,54.5,5.35,0,-3.11
62470,399,Rural,11.8,118,160,63,F,38.5,4.41,0,-2.99
62411,399,Rural,11.8,118,160,78,F,50.3,5.42,0,-2.47
62438,399,Rural,11.8,118,160,70,M,37,6.28,0,-4.37
62402,399,Rural,11.8,118,160,83,F,55.2,4.11,0,-3.63
62442,399,Rural,11.8,118,160,74,M,49.5,7.13,0,-4.59
62446,399,Rural,11.8,118,160,71,F,34.4,5.19,0,-2.26
62437,399,Rural,11.8,118,160,60,M,52,2.84,0,-1.23
62464,399,Rural,11.8,118,160,67,M,42,7.39,0,-4.59
62433,399,Rural,11.8,118,160,41,F,53.2,6.14,1,-0.4
62491,399,Rural,11.8,118,160,54,M,56.7,5.59,0,-2.84
62392,399,Rural,11.8,118,160,69,M,48.2,4.31,0,-3.13
62396,399,Rural,11.8,118,160,40,M,44,2.42,0,0.3
62492,399,Rural,11.8,118,160,63,M,50.3,5.15,0,-2.18
62406,399,Rural,11.8,118,160,65,F,32.9,3.17,0,-2.87
62441,399,Rural,11.8,118,160,68,M,44.7,4.71,0,-2.14
62435,399,Rural,11.8,118,160,56,M,57.5,6.47,0,-3.26
62479,399,Rural,11.8,118,160,67,M,43,4.76,0,-3.22
62416,399,Rural,11.8,118,160,67,M,37.8,6.11,0,0.33
62448,399,Rural,11.8,118,160,57,M,49.2,4.51,0,-3.36
62447,399,Rural,11.8,118,160,69,F,50,5.28,1,-1.7
62395,399,Rural,11.8,118,160,58,F,51.8,5.73,0,-2.05
62604,400,Rural,12.3,123,160,56,F,60.2,4.02,0,-2.5
62598,400,Rural,12.3,123,160,55,F,58.3,5.73,0,-2.96
62513,400,Rural,12.3,123,160,65,F,61,4.53,0,-2.09
62605,400,Rural,12.3,123,160,81,F,55.6,4.64,0,-5.24
62510,400,Rural,12.3,123,160,72,F,49.1,5.04,0,-1.36
62515,400,Rural,12.3,123,160,59,M,39,6.16,0,-3.23
62506,400,Rural,12.3,123,160,74,F,49.3,6.13,0,-2.78
62601,400,Rural,12.3,123,160,65,M,44,6.4,0,-3.68
62608,400,Rural,12.3,123,160,73,F,47,6.05,0,-4.06
62549,400,Rural,12.3,123,160,64,M,45.8,5.73,1,-3.15
62496,400,Rural,12.3,123,160,54,M,42.3,5.81,0,-2.42
62567,400,Rural,12.3,123,160,73,M,55,6.26,0,-4.17
62617,400,Rural,12.3,123,160,72,F,41.2,3.58,0,-3.69
62507,400,Rural,12.3,123,160,72,F,37.3,5.5,1,-3.95
62547,400,Rural,12.3,123,160,49,M,57.3,4.94,0,-3.83
62522,400,Rural,12.3,123,160,54,F,51.9,3.88,0,-1.23
62591,400,Rural,12.3,123,160,70,M,46.9,5.73,0,-3.37
62572,400,Rural,12.3,123,160,69,F,58.4,7.15,0,-2.7
62607,400,Rural,12.3,123,160,48,M,60.2,4.83,1,-1.94
62599,400,Rural,12.3,123,160,84,F,26.9,7.41,0,-7.33
62565,400,Rural,12.3,123,160,74,M,52.2,6.58,0,-4.32
62581,400,Rural,12.3,123,160,64,M,43.1,5.32,0,-1.9
62525,400,Rural,12.3,123,160,61,F,40.7,4.82,0,-2.36
62546,400,Rural,12.3,123,160,60,M,58.5,6.17,1,-2.59
62569,400,Rural,12.3,123,160,69,F,53.2,6.83,0,-4.19
62532,400,Rural,12.3,123,160,72,F,56.1,5.35,1,-1.68
62540,400,Rural,12.3,123,160,62,M,50.1,4.21,0,-2.76
62497,400,Rural,12.3,123,160,70,M,57.1,5.36,0,-2.53
62603,400,Rural,12.3,123,160,75,M,45.2,5.56,0,-4.5
62593,400,Rural,12.3,123,160,65,F,56.4,3.52,0,-2.5
62564,400,Rural,12.3,123,160,69,F,47.8,4.92,0,-3.94
62589,400,Rural,12.3,123,160,73,M,41,6.28,0,-3.85
62563,400,Rural,12.3,123,160,66,M,59,5.41,1,-2.71
62587,400,Rural,12.3,123,160,55,F,45,5.22,0,-3.68
62537,400,Rural,12.3,123,160,57,M,36,4.4,0,-3.09
62519,400,Rural,12.3,123,160,60,F,47.9,5.21,0,-3.25
62606,400,Rural,12.3,123,160,60,F,57.1,2.98,0,-3.49
62505,400,Rural,12.3,123,160,61,M,45.1,5.07,0,-2.89
62596,400,Rural,12.3,123,160,55,F,47.2,4.8,0,-4.7
62521,400,Rural,12.3,123,160,80,F,39.4,5.82,0,-3.19
